condition_phase,condition_phase_elapsed_ms,condition_elapsed_ms,is_stimulation_on,t_ms,L_q0,L_q1,L_q2,L_q3,L_heel1,L_mid1,L_fore1,L_heel2,L_fore3,L_mid2,L_fore4,L_fore2,L_cadence,L_speed,L_steps,L_zupt,L_gyroNorm,L_accH,L_gyro_x,L_gyro_y,L_gyro_z,L_acc_x,L_acc_y,L_acc_z,L_nav_ax,L_nav_ay,L_nav_az,L_stepVel,L_stepVelj,L_stepDispRaw,L_stepDispZUPT,L_gaitEvent,L_stepTimeMs,L_stepDeviationMs,L_baselineMs,L_motorMode,L_motorActive,L_motorAlignment,L_motorRegionMask,L_motorAmplitude,L_motorIntervalMs,L_motorDurationMs,L_motorPhaseMs,L_motorCycleMs
baseline,39,39,0,638071.831,0.818,-0.052,-0.041,0.571,1073,0,0,1797,0,509,0,284,59,0.010,282,0,3.801,0.754,0.980,-2.400,2.780,-0.187,-0.014,0.986,-0.254,-0.710,0.022,0.000,0.000,0.168,0.010,0,NULL,NULL,1010.000,2,0,1,7,255,1010,250,0,0
baseline,39,39,0,638076.831,0.818,-0.052,-0.041,0.571,1064,0,0,1783,0,509,0,273,59,0.010,282,0,6.382,0.814,2.500,-2.160,5.460,-0.185,-0.008,0.970,0.016,-0.814,0.022,0.000,0.000,0.168,0.010,0,NULL,NULL,,2,0,1,7,255,1010,250,0,0
baseline,39,39,0,638081.831,0.819,-0.052,-0.041,0.571,1067,0,0,1799,0,505,0,288,59,0.010,282,0,4.786,0.814,3.420,-0.760,3.260,-0.231,-0.057,0.979,0.016,-0.814,-0.012,0.000,0.000,0.168,0.010,0,NULL,NULL,,2,0,1,7,255,1010,250,0,0
baseline,39,39,0,638086.831,0.819,-0.052,-0.042,0.571,1067,0,0,1795,0,503,0,285,59,0.010,282,0,2.708,0.788,1.460,-2.280,-0.040,-0.206,-0.033,1.005,-0.222,-0.756,-0.012,0.000,0.000,0.168,0.010,0,NULL,NULL,,2,0,1,7,255,1010,250,0,0
baseline,39,39,0,638091.830,0.819,-0.052,-0.041,0.570,1070,0,0,1798,0,506,0,288,59,0.010,282,0,7.343,0.788,1.520,-3.560,6.240,-0.162,0.012,0.973,-0.222,-0.756,-0.012,0.000,0.000,0.168,0.010,0,NULL,NULL,,2,0,1,7,255,1010,250,0,0
baseline,39,39,0,638096.831,0.819,-0.052,-0.042,0.570,1065,0,0,1785,0,506,0,281,59,0.010,282,0,5.044,0.788,3.360,0.400,3.740,-0.242,-0.068,0.958,-0.222,-0.756,-0.120,0.000,0.000,0.168,0.010,0,NULL,NULL,,2,0,1,7,255,1010,250,0,0
baseline,39,39,0,638101.830,0.819,-0.052,-0.042,0.570,1067,0,0,1797,0,507,0,283,59,0.010,282,0,3.060,0.843,1.820,-2.340,-0.760,-0.195,-0.020,1.022,-0.066,-0.840,-0.120,0.000,0.000,0.168,0.010,0,NULL,NULL,,2,0,1,7,255,1010,250,0,0
baseline,40,40,0,638106.831,0.819,-0.052,-0.041,0.570,1067,0,0,1795,0,505,0,283,59,0.010,282,0,9.657,0.843,1.580,-4.420,8.440,-0.173,-0.005,0.961,-0.066,-0.840,-0.214,0.000,0.000,0.168,0.010,0,NULL,NULL,,2,0,1,7,255,1010,250,0,0
baseline,40,40,0,638111.831,0.819,-0.052,-0.042,0.570,1072,0,0,1788,0,505,0,285,59,0.010,282,0,4.013,0.843,3.420,2.000,-0.640,-0.248,-0.065,0.967,-0.066,-0.840,-0.114,0.000,0.000,0.168,0.010,0,NULL,NULL,,2,0,1,7,255,1010,250,0,0
baseline,40,40,0,638116.831,0.819,-0.052,-0.041,0.570,1067,0,0,1788,0,506,0,285,59,0.010,282,0,6.922,0.912,1.280,-4.840,4.780,-0.153,0.007,1.024,0.148,-0.900,-0.114,0.000,0.000,0.168,0.010,0,NULL,NULL,,2,0,1,7,255,1010,250,0,0
baseline,40,40,0,638121.830,0.819,-0.052,-0.042,0.570,1075,0,0,1801,0,508,0,285,59,0.010,282,0,4.738,0.660,2.560,-1.000,3.860,-0.238,-0.052,0.938,-0.494,-0.438,-0.114,0.000,0.000,0.168,0.010,0,NULL,NULL,,2,0,1,7,255,1010,250,0,0
baseline,74,74,0,638126.831,0.819,-0.052,-0.042,0.570,1065,0,0,1789,0,507,0,284,59,0.010,282,0,3.146,0.962,2.740,-1.000,1.180,-0.179,-0.016,1.017,0.024,-0.962,0.310,0.000,0.000,0.168,0.010,0,NULL,NULL,,2,0,1,7,255,1010,250,0,0
baseline,74,74,0,638131.831,0.819,-0.052,-0.042,0.570,1077,0,0,1801,0,505,0,283,59,0.010,282,0,6.992,0.672,1.100,-3.620,5.880,-0.212,-0.031,0.964,-0.218,-0.636,-0.170,0.000,0.000,0.168,0.010,0,NULL,NULL,,2,0,1,7,255,1010,250,0,0
baseline,74,74,0,638136.831,0.819,-0.052,-0.042,0.570,1067,0,0,1799,0,503,0,287,59,0.010,282,0,3.957,0.844,3.900,-0.200,0.640,-0.196,-0.031,0.993,-0.174,-0.826,0.094,0.000,0.000,0.168,0.010,0,NULL,NULL,,2,0,1,7,255,1010,250,0,0
baseline,74,74,0,638141.830,0.819,-0.052,-0.042,0.569,1079,0,0,1791,0,505,0,284,59,0.010,282,0,6.254,0.706,0.300,-3.140,5.400,-0.206,-0.022,0.974,-0.174,-0.684,-0.074,0.000,0.000,0.168,0.010,0,NULL,NULL,,2,0,1,7,255,1010,250,0,0
baseline,74,74,0,638146.831,0.819,-0.052,-0.042,0.569,1069,0,0,1789,0,501,0,284,59,0.010,282,0,4.578,0.842,4.200,-1.060,1.480,-0.198,-0.037,0.992,-0.174,-0.824,0.078,0.000,0.000,0.168,0.010,0,NULL,NULL,,2,0,1,7,255,1010,250,0,0
baseline,74,74,0,638151.830,0.819,-0.052,-0.042,0.569,1075,0,0,1789,0,501,0,283,59,0.010,282,0,5.172,0.694,0.300,-2.460,4.540,-0.206,-0.014,0.975,-0.120,-0.684,-0.058,0.000,0.000,0.168,0.010,0,NULL,NULL,,2,0,1,7,255,1010,250,0,0
baseline,90,90,0,638156.831,0.820,-0.052,-0.042,0.569,1064,0,0,1799,0,507,0,281,59,0.010,282,0,4.660,0.855,3.840,-1.600,2.100,-0.195,-0.048,0.990,-0.230,-0.824,0.054,0.000,0.000,0.168,0.010,0,NULL,NULL,,2,0,1,7,255,1010,250,0,0
baseline,90,90,0,638161.830,0.820,-0.052,-0.042,0.569,1073,0,0,1789,0,503,0,281,59,0.010,282,0,4.995,0.659,1.220,-1.980,4.420,-0.204,-0.002,0.978,-0.044,-0.658,-0.030,0.000,0.000,0.168,0.010,0,NULL,NULL,,2,0,1,7,255,1010,250,0,0
baseline,90,90,0,638166.831,0.820,-0.052,-0.042,0.569,1066,0,0,1787,0,501,0,281,59,0.010,282,0,3.765,0.911,2.560,-1.860,2.040,-0.201,-0.053,0.986,-0.322,-0.852,0.020,0.000,0.000,0.168,0.010,0,NULL,NULL,,2,0,1,7,255,1010,250,0,0
baseline,106,106,0,638171.831,0.820,-0.052,-0.042,0.569,1076,0,0,1787,0,502,0,285,59,0.010,282,0,5.370,0.705,2.620,-1.720,4.360,-0.199,-0.007,0.983,0.042,-0.704,0.014,0.000,0.000,0.168,0.010,0,NULL,NULL,,2,0,1,7,255,1010,250,0,0
baseline,106,106,0,638176.831,0.820,-0.052,-0.042,0.569,1069,0,0,1791,0,503,0,285,59,0.010,282,0,3.712,0.800,1.340,-1.980,2.840,-0.205,-0.039,0.980,-0.268,-0.754,0.014,0.000,0.000,0.168,0.010,0,NULL,NULL,,2,0,1,7,255,1010,250,0,0
baseline,106,106,0,638181.831,0.820,-0.052,-0.042,0.569,1071,0,0,1797,0,507,0,283,59,0.010,282,0,4.648,0.766,3.220,-1.780,2.840,-0.199,-0.026,0.987,-0.136,-0.754,0.014,0.000,0.000,0.168,0.010,0,NULL,NULL,,2,0,1,7,255,1010,250,0,0
baseline,129,129,0,638186.831,0.820,-0.052,-0.042,0.569,1069,0,0,1787,0,508,0,282,59,0.010,282,0,5.240,0.766,1.460,-2.040,4.600,-0.200,-0.024,0.980,-0.136,-0.754,-0.022,0.000,0.000,0.168,0.010,0,NULL,NULL,,2,0,1,7,255,1010,250,0,0
baseline,132,132,0,638191.830,0.820,-0.052,-0.042,0.568,1071,0,0,1788,0,507,0,291,59,0.010,282,0,3.720,0.766,2.440,-1.720,2.220,-0.205,-0.033,0.985,-0.136,-0.754,0.024,0.000,0.000,0.168,0.010,0,NULL,NULL,,2,0,1,7,255,1010,250,0,0
baseline,132,132,0,638196.831,0.820,-0.052,-0.042,0.568,1075,0,0,1785,0,501,0,282,59,0.010,282,0,4.426,0.755,2.380,-1.920,3.200,-0.200,-0.021,0.982,-0.116,-0.746,-0.004,0.000,0.000,0.168,0.010,0,NULL,NULL,,2,0,1,7,255,1010,250,0,0
baseline,133,133,0,638201.831,0.820,-0.052,-0.042,0.568,1078,0,0,1787,0,501,0,281,59,0.010,282,0,5.271,0.776,2.080,-1.980,4.420,-0.198,-0.036,0.984,-0.214,-0.746,0.008,0.000,0.000,0.168,0.010,0,NULL,NULL,,2,0,1,7,255,1010,250,0,0
baseline,133,133,0,638206.831,0.820,-0.052,-0.042,0.568,1071,0,0,1785,0,502,0,289,59,0.010,282,0,3.913,0.754,2.320,-1.720,2.640,-0.210,-0.021,0.982,-0.120,-0.744,0.008,0.000,0.000,0.168,0.010,0,NULL,NULL,,2,0,1,7,255,1010,250,0,0
baseline,133,133,0,638211.831,0.820,-0.052,-0.042,0.568,1068,0,0,1803,0,503,0,287,59,0.010,282,0,4.098,0.779,2.380,-2.040,2.640,-0.199,-0.026,0.981,-0.132,-0.768,0.008,0.000,0.000,0.168,0.010,0,NULL,NULL,,2,0,1,7,255,1010,250,0,0
baseline,170,170,0,638216.831,0.820,-0.052,-0.042,0.568,1069,0,0,1790,0,504,0,284,59,0.010,282,0,5.197,0.779,2.260,-1.980,4.240,-0.194,-0.042,0.983,-0.132,-0.768,-0.010,0.000,0.000,0.168,0.010,0,NULL,NULL,,2,0,1,7,255,1010,250,0,0
baseline,170,170,0,638221.830,0.820,-0.052,-0.042,0.568,1069,0,0,1799,0,502,0,285,59,0.010,282,0,4.674,0.779,2.200,-1.860,3.680,-0.211,-0.017,0.983,-0.132,-0.768,-0.010,0.000,0.000,0.168,0.010,0,NULL,NULL,,2,0,1,7,255,1010,250,0,0
baseline,170,170,0,638226.831,0.821,-0.052,-0.042,0.568,1065,0,0,1797,0,501,0,284,59,0.010,282,0,3.645,0.704,2.380,-1.860,2.040,-0.205,-0.018,0.984,-0.090,-0.698,0.024,0.000,0.000,0.168,0.010,0,NULL,NULL,,2,0,1,7,255,1010,250,0,0
baseline,170,170,0,638231.831,0.821,-0.052,-0.042,0.568,1075,0,0,1790,0,504,0,283,59,0.010,282,0,4.303,0.704,2.260,-1.980,3.080,-0.189,-0.046,0.984,-0.090,-0.698,0.024,0.000,0.000,0.168,0.010,0,NULL,NULL,,2,0,1,7,255,1010,250,0,0
baseline,170,170,0,638236.831,0.821,-0.052,-0.042,0.567,1073,0,0,1801,0,506,0,279,59,0.010,282,0,5.525,0.781,2.080,-1.980,4.720,-0.200,-0.028,0.981,-0.154,-0.766,-0.010,0.000,0.000,0.168,0.010,0,NULL,NULL,,2,0,1,7,255,1010,250,0,0
baseline,203,203,0,638241.830,0.821,-0.052,-0.042,0.567,1075,0,0,1799,0,503,0,283,59,0.010,282,0,4.603,0.781,2.380,-1.920,3.440,-0.214,-0.010,0.981,-0.154,-0.766,-0.010,0.000,0.000,0.168,0.010,0,NULL,NULL,,2,0,1,7,255,1010,250,0,0
baseline,203,203,0,638246.831,0.821,-0.052,-0.042,0.567,1066,0,0,1797,0,500,0,281,59,0.010,282,0,3.547,0.781,2.380,-1.860,1.860,-0.201,-0.033,0.986,-0.154,-0.766,0.012,0.000,0.000,0.168,0.010,0,NULL,NULL,,2,0,1,7,255,1010,250,0,0
baseline,203,203,0,638251.830,0.821,-0.052,-0.042,0.567,1070,0,0,1803,0,505,0,285,59,0.010,282,0,4.156,0.811,2.080,-1.860,3.080,-0.189,-0.039,0.982,-0.208,-0.784,0.012,0.000,0.000,0.168,0.010,0,NULL,NULL,,2,0,1,7,255,1010,250,0,0
baseline,203,203,0,638256.831,0.821,-0.052,-0.042,0.567,1074,0,0,1804,0,503,0,281,59,0.010,282,0,5.497,0.811,2.140,-1.980,4.660,-0.202,-0.023,0.979,-0.208,-0.784,-0.024,0.000,0.000,0.168,0.010,0,NULL,NULL,,2,0,1,7,255,1010,250,0,0
baseline,203,203,0,638261.830,0.821,-0.052,-0.042,0.567,1077,0,0,1800,0,499,0,283,59,0.010,282,0,4.896,0.752,2.320,-1.920,3.860,-0.212,-0.022,0.983,-0.146,-0.738,-0.024,0.000,0.000,0.168,0.010,0,NULL,NULL,,2,0,1,7,255,1010,250,0,0
baseline,203,203,0,638266.831,0.821,-0.052,-0.042,0.567,1071,0,0,1785,0,504,0,285,59,0.010,282,0,3.749,0.737,2.380,-1.860,2.220,-0.206,-0.028,0.985,-0.146,-0.722,0.020,0.000,0.000,0.168,0.010,0,NULL,NULL,,2,0,1,7,255,1010,250,0,0
baseline,203,203,0,638271.830,0.821,-0.052,-0.042,0.567,1071,0,0,1798,0,509,0,285,59,0.010,282,0,3.747,0.737,2.320,-1.860,2.280,-0.192,-0.029,0.982,-0.146,-0.722,0.020,0.000,0.000,0.168,0.010,0,NULL,NULL,,2,0,1,7,255,1010,250,0,0
baseline,203,203,0,638276.831,0.821,-0.052,-0.042,0.567,1073,0,0,1787,0,502,0,288,59,0.010,282,0,4.820,0.854,2.260,-1.920,3.800,-0.193,-0.029,0.984,-0.140,-0.842,0.002,0.000,0.000,0.168,0.010,0,NULL,NULL,,2,0,1,7,255,1010,250,0,0
baseline,218,218,0,638281.831,0.821,-0.052,-0.042,0.567,1072,0,0,1797,0,502,0,287,59,0.010,282,0,5.364,0.854,2.000,-2.040,4.540,-0.206,-0.033,0.983,-0.140,-0.842,0.002,0.000,0.000,0.168,0.010,0,NULL,NULL,,2,0,1,7,255,1010,250,0,0
baseline,218,218,0,638286.831,0.821,-0.052,-0.042,0.566,1069,0,0,1791,0,507,0,281,59,0.010,282,0,4.346,0.760,2.000,-1.860,3.380,-0.212,-0.027,0.980,-0.190,-0.736,0.002,0.000,0.000,0.168,0.010,0,NULL,NULL,,2,0,1,7,255,1010,250,0,0
baseline,218,218,0,638291.831,0.821,-0.052,-0.042,0.566,1070,0,0,1791,0,506,0,285,59,0.010,282,0,3.719,0.760,2.500,-1.780,2.100,-0.202,-0.023,0.980,-0.190,-0.736,-0.012,0.000,0.000,0.168,0.010,0,NULL,NULL,,2,0,1,7,255,1010,250,0,0
baseline,218,218,0,638296.831,0.821,-0.052,-0.042,0.566,1069,0,0,1796,0,501,0,288,59,0.010,282,0,4.121,0.748,2.620,-1.860,2.580,-0.192,-0.028,0.986,-0.132,-0.736,-0.012,0.000,0.000,0.168,0.010,0,NULL,NULL,,2,0,1,7,255,1010,250,0,0
baseline,218,218,0,638301.831,0.822,-0.052,-0.042,0.566,1077,0,0,1791,0,503,0,283,59,0.010,282,0,4.924,0.823,2.080,-1.980,4.000,-0.197,-0.029,0.987,-0.132,-0.812,0.024,0.000,0.000,0.168,0.010,0,NULL,NULL,,2,0,1,7,255,1010,250,0,0
baseline,234,234,0,638306.831,0.822,-0.052,-0.042,0.566,1069,0,0,1792,0,507,0,281,59,0.010,282,0,4.949,0.826,1.760,-1.980,4.180,-0.208,-0.026,0.980,-0.154,-0.812,0.024,0.000,0.000,0.168,0.010,0,NULL,NULL,,2,0,1,7,255,1010,250,0,0
baseline,250,250,0,638311.830,0.822,-0.052,-0.042,0.566,1075,0,0,1790,0,503,0,281,59,0.010,282,0,4.201,0.718,2.200,-1.920,3.020,-0.208,-0.026,0.978,-0.168,-0.698,-0.012,0.000,0.000,0.168,0.010,0,NULL,NULL,,2,0,1,7,255,1010,250,0,0
baseline,250,250,0,638316.831,0.822,-0.052,-0.042,0.566,1068,0,0,1791,0,507,0,281,59,0.010,282,0,4.015,0.718,2.680,-1.860,2.340,-0.201,-0.029,0.983,-0.168,-0.698,-0.012,0.000,0.000,0.168,0.010,0,NULL,NULL,,2,0,1,7,255,1010,250,0,0
baseline,283,283,0,638321.831,0.822,-0.052,-0.042,0.566,1068,0,0,1801,0,503,0,287,59,0.010,282,0,4.256,0.792,2.380,-1.920,2.960,-0.196,-0.030,0.985,-0.166,-0.774,0.002,0.000,0.000,0.168,0.010,0,NULL,NULL,,2,0,1,7,255,1010,250,0,0
baseline,283,283,0,638326.831,0.822,-0.052,-0.042,0.566,1069,0,0,1800,0,505,0,283,59,0.010,282,0,4.607,0.806,2.000,-1.920,3.680,-0.199,-0.029,0.985,-0.162,-0.790,0.018,0.000,0.000,0.168,0.010,0,NULL,NULL,,2,0,1,7,255,1010,250,0,0
baseline,283,283,0,638331.831,0.822,-0.052,-0.042,0.566,1074,0,0,1789,0,507,0,283,59,0.010,282,0,4.560,0.806,2.000,-1.920,3.620,-0.204,-0.027,0.980,-0.162,-0.790,0.018,0.000,0.000,0.168,0.010,0,NULL,NULL,,2,0,1,7,255,1010,250,0,0
baseline,283,283,0,638336.831,0.822,-0.052,-0.042,0.565,1064,0,0,1799,0,503,0,280,59,0.010,282,0,4.426,0.756,2.380,-1.920,3.200,-0.205,-0.027,0.981,-0.162,-0.738,-0.012,0.000,0.000,0.168,0.010,0,NULL,NULL,,2,0,1,7,255,1010,250,0,0
baseline,283,283,0,638341.830,0.822,-0.052,-0.042,0.565,1071,0,0,1789,0,505,0,283,59,0.010,282,0,4.298,0.756,2.500,-1.860,2.960,-0.202,-0.028,0.984,-0.162,-0.738,-0.012,0.000,0.000,0.168,0.010,0,NULL,NULL,,2,0,1,7,255,1010,250,0,0
baseline,283,283,0,638346.831,0.822,-0.052,-0.042,0.565,1067,0,0,1787,0,500,0,281,59,0.010,282,0,4.368,0.777,2.320,-1.860,3.200,-0.200,-0.027,0.984,-0.162,-0.760,0.012,0.000,0.000,0.168,0.010,0,NULL,NULL,,2,0,1,7,255,1010,250,0,0
baseline,283,283,0,638351.830,0.822,-0.052,-0.042,0.565,1072,0,0,1787,0,504,0,281,59,0.010,282,0,4.418,0.797,2.000,-1.920,3.440,-0.200,-0.029,0.983,-0.162,-0.780,0.012,0.000,0.000,0.168,0.010,0,NULL,NULL,,2,0,1,7,255,1010,250,0,0
baseline,299,299,0,638356.831,0.822,-0.052,-0.042,0.565,1075,0,0,1791,0,503,0,282,59,0.010,282,0,4.458,0.797,2.140,-1.860,3.440,-0.203,-0.031,0.979,-0.164,-0.780,0.006,0.000,0.000,0.168,0.010,0,NULL,NULL,,2,0,1,7,255,1010,250,0,0
baseline,299,299,0,638361.831,0.822,-0.052,-0.042,0.565,1079,0,0,1799,0,503,0,287,59,0.010,282,0,4.584,0.778,2.380,-1.980,3.380,-0.203,-0.028,0.981,-0.168,-0.760,-0.014,0.000,0.000,0.168,0.010,0,NULL,NULL,,2,0,1,7,255,1010,250,0,0
baseline,299,299,0,638366.831,0.822,-0.052,-0.042,0.565,1065,0,0,1788,0,501,0,287,59,0.010,282,0,4.546,0.778,2.440,-1.920,3.320,-0.201,-0.028,0.983,-0.168,-0.760,-0.014,0.000,0.000,0.168,0.010,0,NULL,NULL,,2,0,1,7,255,1010,250,0,0
baseline,317,317,0,638371.831,0.823,-0.052,-0.042,0.565,1077,0,0,1787,0,501,0,285,59,0.010,282,0,4.527,0.781,2.320,-1.920,3.380,-0.202,-0.027,0.984,-0.164,-0.764,0.002,0.000,0.000,0.168,0.010,0,NULL,NULL,,2,0,1,7,255,1010,250,0,0
baseline,317,317,0,638376.831,0.823,-0.052,-0.042,0.565,1068,0,0,1797,0,505,0,284,59,0.010,282,0,4.512,0.781,2.200,-1.920,3.440,-0.203,-0.028,0.982,-0.164,-0.764,0.002,0.000,0.000,0.168,0.010,0,NULL,NULL,,2,0,1,7,255,1010,250,0,0
baseline,317,317,0,638381.831,0.823,-0.052,-0.042,0.565,1069,0,0,1787,0,504,0,285,59,0.010,282,0,4.527,0.778,2.320,-1.920,3.380,-0.202,-0.027,0.983,-0.158,-0.762,0.004,0.000,0.000,0.168,0.010,0,NULL,NULL,,2,0,1,7,255,1010,250,0,0
baseline,317,317,0,638386.831,0.823,-0.052,-0.042,0.564,1075,0,0,1800,0,503,0,284,59,0.010,282,0,4.470,0.778,2.380,-1.920,3.260,-0.201,-0.027,0.983,-0.156,-0.762,0.004,0.000,0.000,0.168,0.010,0,NULL,NULL,,2,0,1,7,255,1010,250,0,0
baseline,317,317,0,638391.831,0.823,-0.052,-0.042,0.564,1077,0,0,1787,0,507,0,285,59,0.010,282,0,4.438,0.777,2.320,-1.920,3.260,-0.202,-0.027,0.984,-0.154,-0.762,0.008,0.000,0.000,0.168,0.010,0,NULL,NULL,,2,0,1,7,255,1010,250,0,0
baseline,330,330,0,638396.831,0.823,-0.052,-0.042,0.564,1067,0,0,1790,0,505,0,283,59,0.010,282,0,4.377,0.777,2.200,-1.920,3.260,-0.202,-0.027,0.983,-0.154,-0.762,0.008,0.000,0.000,0.168,0.010,0,NULL,NULL,,2,0,1,7,255,1010,250,0,0
baseline,330,330,0,638401.831,0.823,-0.052,-0.042,0.564,1069,0,0,1801,0,502,0,287,59,0.010,282,0,4.438,0.777,2.320,-1.920,3.260,-0.201,-0.028,0.982,-0.154,-0.762,0.004,0.000,0.000,0.168,0.010,0,NULL,NULL,,2,0,1,7,255,1010,250,0,0
baseline,330,330,0,638406.831,0.823,-0.052,-0.042,0.564,1071,0,0,1797,0,502,0,278,59,0.010,282,0,4.438,0.783,2.320,-1.920,3.260,-0.202,-0.028,0.983,-0.162,-0.766,0.004,0.000,0.000,0.168,0.010,0,NULL,NULL,,2,0,1,7,255,1010,250,0,0
baseline,350,350,0,638411.831,0.823,-0.052,-0.042,0.564,1075,0,0,1799,0,504,0,283,59,0.010,282,0,4.394,0.793,2.320,-1.920,3.200,-0.200,-0.028,0.983,-0.162,-0.776,0.004,0.000,0.000,0.168,0.010,0,NULL,NULL,,2,0,1,7,255,1010,250,0,0
baseline,350,350,0,638416.831,0.823,-0.052,-0.042,0.564,1069,0,0,1799,0,502,0,284,59,0.010,282,0,4.433,0.797,2.260,-1.980,3.260,-0.201,-0.030,0.982,-0.162,-0.780,0.004,0.000,0.000,0.168,0.010,0,NULL,NULL,,2,0,1,7,255,1010,250,0,0
baseline,350,350,0,638421.831,0.823,-0.052,-0.042,0.564,1072,0,0,1789,0,505,0,289,59,0.010,282,0,4.438,0.797,2.320,-1.920,3.260,-0.202,-0.028,0.982,-0.166,-0.780,-0.002,0.000,0.000,0.168,0.010,0,NULL,NULL,,2,0,1,7,255,1010,250,0,0
baseline,384,384,0,638426.831,0.823,-0.052,-0.042,0.564,1067,0,0,1790,0,507,0,280,59,0.010,282,0,4.452,0.796,2.260,-1.920,3.320,-0.201,-0.029,0.982,-0.168,-0.778,-0.002,0.000,0.000,0.168,0.010,0,NULL,NULL,,2,0,1,7,255,1010,250,0,0
baseline,384,384,0,638431.831,0.823,-0.052,-0.042,0.564,1075,0,0,1789,0,504,0,283,59,0.010,282,0,4.457,0.792,2.320,-1.860,3.320,-0.201,-0.028,0.982,-0.166,-0.774,-0.002,0.000,0.000,0.168,0.010,0,NULL,NULL,,2,0,1,7,255,1010,250,0,0
baseline,384,384,0,638436.831,0.823,-0.052,-0.042,0.563,1065,0,0,1799,0,509,0,280,59,0.010,282,0,4.457,0.791,2.320,-1.860,3.320,-0.202,-0.028,0.983,-0.162,-0.774,-0.002,0.000,0.000,0.168,0.010,0,NULL,NULL,,2,0,1,7,255,1010,250,0,0
baseline,384,384,0,638441.831,0.824,-0.052,-0.042,0.563,1067,0,0,1799,0,501,0,289,59,0.010,282,0,4.452,0.785,2.260,-1.920,3.320,-0.202,-0.028,0.982,-0.162,-0.768,-0.006,0.000,0.000,0.168,0.010,0,NULL,NULL,,2,0,1,7,255,1010,250,0,0
baseline,384,384,0,638446.831,0.824,-0.052,-0.042,0.563,1067,0,0,1788,0,499,0,283,59,0.010,282,0,4.457,0.786,2.320,-1.860,3.320,-0.201,-0.029,0.982,-0.168,-0.768,-0.006,0.000,0.000,0.168,0.010,0,NULL,NULL,,2,0,1,7,255,1010,250,0,0
baseline,384,384,0,638451.830,0.824,-0.052,-0.042,0.563,1067,0,0,1797,0,507,0,281,59,0.010,282,0,4.482,0.784,2.320,-1.920,3.320,-0.202,-0.029,0.982,-0.168,-0.766,-0.006,0.000,0.000,0.168,0.010,0,NULL,NULL,,2,0,1,7,255,1010,250,0,0
baseline,384,384,0,638456.831,0.824,-0.052,-0.042,0.563,1069,0,0,1803,0,503,0,285,59,0.010,282,0,4.508,0.790,2.320,-1.980,3.320,-0.201,-0.027,0.983,-0.168,-0.772,-0.006,0.000,0.000,0.168,0.010,0,NULL,NULL,,2,0,1,7,255,1010,250,0,0
baseline,395,395,0,638461.830,0.824,-0.052,-0.042,0.563,1069,0,0,1799,0,507,0,287,59,0.010,282,0,4.482,0.790,2.320,-1.920,3.320,-0.201,-0.028,0.984,-0.166,-0.772,0.008,0.000,0.000,0.168,0.010,0,NULL,NULL,,2,0,1,7,255,1010,250,0,0
baseline,395,395,0,638466.831,0.824,-0.052,-0.042,0.563,1071,0,0,1785,0,501,0,283,59,0.010,282,0,4.421,0.789,2.200,-1.920,3.320,-0.202,-0.028,0.983,-0.164,-0.772,0.010,0.000,0.000,0.168,0.010,0,NULL,NULL,,2,0,1,7,255,1010,250,0,0
baseline,417,417,0,638471.831,0.824,-0.052,-0.042,0.563,1075,0,0,1791,0,502,0,282,59,0.010,282,0,4.482,0.784,2.320,-1.920,3.320,-0.202,-0.028,0.982,-0.166,-0.766,0.010,0.000,0.000,0.168,0.010,0,NULL,NULL,,2,0,1,7,255,1010,250,0,0
baseline,417,417,0,638476.831,0.824,-0.052,-0.042,0.563,1068,0,0,1791,0,501,0,284,59,0.010,282,0,4.467,0.783,2.200,-1.920,3.380,-0.201,-0.027,0.983,-0.164,-0.766,0.004,0.000,0.000,0.168,0.010,0,NULL,NULL,,2,0,1,7,255,1010,250,0,0
baseline,417,417,0,638481.831,0.824,-0.052,-0.042,0.563,1069,0,0,1801,0,501,0,286,59,0.010,282,0,4.496,0.790,2.260,-1.920,3.380,-0.202,-0.029,0.981,-0.170,-0.772,0.000,0.000,0.000,0.168,0.010,0,NULL,NULL,,2,0,1,7,255,1010,250,0,0
baseline,418,418,0,638486.831,0.824,-0.052,-0.042,0.562,1071,0,0,1789,0,503,0,286,59,0.010,282,0,4.426,0.791,2.260,-1.860,3.320,-0.204,-0.029,0.983,-0.172,-0.772,0.004,0.000,0.000,0.168,0.010,0,NULL,NULL,,2,0,1,7,255,1010,250,0,0
baseline,428,428,0,638491.830,0.824,-0.052,-0.042,0.562,1071,0,0,1801,0,505,0,287,59,0.010,282,0,4.482,0.785,2.320,-1.920,3.320,-0.202,-0.028,0.983,-0.172,-0.766,0.004,0.000,0.000,0.168,0.010,0,NULL,NULL,,2,0,1,7,255,1010,250,0,0
baseline,428,428,0,638496.831,0.824,-0.052,-0.042,0.562,1065,0,0,1801,0,501,0,281,59,0.010,282,0,4.407,0.784,2.260,-1.920,3.260,-0.202,-0.027,0.983,-0.166,-0.766,0.004,0.000,0.000,0.168,0.010,0,NULL,NULL,,2,0,1,7,255,1010,250,0,0
baseline,428,428,0,638501.831,0.824,-0.052,-0.042,0.562,1075,0,0,1799,0,501,0,283,59,0.010,282,0,4.407,0.788,2.260,-1.920,3.260,-0.201,-0.028,0.983,-0.166,-0.770,0.004,0.000,0.000,0.168,0.010,0,NULL,NULL,,2,0,1,7,255,1010,250,0,0
baseline,428,428,0,638506.831,0.824,-0.052,-0.042,0.562,1068,0,0,1787,0,505,0,286,59,0.010,282,0,4.407,0.792,2.260,-1.920,3.260,-0.202,-0.028,0.983,-0.166,-0.774,0.004,0.000,0.000,0.168,0.010,0,NULL,NULL,,2,0,1,7,255,1010,250,0,0
baseline,475,475,0,638511.831,0.825,-0.051,-0.042,0.562,1075,0,0,1800,0,501,0,286,59,0.010,282,0,4.407,0.792,2.260,-1.920,3.260,-0.202,-0.027,0.982,-0.166,-0.774,0.002,0.000,0.000,0.168,0.010,0,NULL,NULL,,2,0,1,7,255,1010,250,0,0
baseline,475,475,0,638516.831,0.825,-0.051,-0.042,0.562,1075,0,0,1789,0,503,0,288,59,0.010,282,0,4.363,0.787,2.260,-1.920,3.200,-0.203,-0.027,0.983,-0.162,-0.770,0.004,0.000,0.000,0.168,0.010,0,NULL,NULL,,2,0,1,7,255,1010,250,0,0
baseline,475,475,0,638521.830,0.825,-0.051,-0.042,0.562,1073,0,0,1799,0,502,0,283,59,0.010,282,0,4.276,0.785,2.260,-1.920,3.080,-0.202,-0.028,0.982,-0.162,-0.768,0.000,0.000,0.000,0.168,0.010,0,NULL,NULL,,2,0,1,7,255,1010,250,0,0
baseline,475,475,0,638526.831,0.825,-0.051,-0.042,0.562,1071,0,0,1787,0,507,0,280,59,0.010,282,0,4.276,0.785,2.260,-1.920,3.080,-0.202,-0.027,0.982,-0.162,-0.768,0.000,0.000,0.000,0.168,0.010,0,NULL,NULL,,2,0,1,7,255,1010,250,0,0
baseline,475,475,0,638531.831,0.825,-0.051,-0.042,0.562,1067,0,0,1801,0,505,0,288,59,0.010,282,0,4.217,0.788,2.200,-1.860,3.080,-0.202,-0.028,0.984,-0.166,-0.770,0.000,0.000,0.000,0.168,0.010,0,NULL,NULL,,2,0,1,7,255,1010,250,0,0
baseline,475,475,0,638536.831,0.825,-0.051,-0.042,0.561,1069,0,0,1791,0,505,0,281,59,0.010,282,0,4.112,0.786,2.080,-1.860,3.020,-0.203,-0.026,0.984,-0.160,-0.770,0.014,0.000,0.000,0.168,0.010,0,NULL,NULL,,2,0,1,7,255,1010,250,0,0
baseline,475,475,0,638541.830,0.825,-0.051,-0.042,0.561,1065,0,0,1799,0,505,0,284,59,0.010,282,0,4.032,0.784,2.080,-1.780,2.960,-0.202,-0.027,0.983,-0.160,-0.768,0.014,0.000,0.000,0.168,0.010,0,NULL,NULL,,2,0,1,7,255,1010,250,0,0
baseline,491,491,0,638546.831,0.825,-0.051,-0.042,0.561,1069,0,0,1798,0,501,0,280,59,0.010,282,0,4.020,0.783,2.140,-1.780,2.900,-0.202,-0.027,0.982,-0.154,-0.768,0.010,0.000,0.000,0.168,0.010,0,NULL,NULL,,2,0,1,7,255,1010,250,0,0
baseline,491,491,0,638551.830,0.825,-0.051,-0.042,0.561,1070,0,0,1790,0,501,0,281,59,0.010,282,0,3.945,0.784,2.080,-1.780,2.840,-0.203,-0.027,0.984,-0.158,-0.768,0.010,0.000,0.000,0.168,0.010,0,NULL,NULL,,2,0,1,7,255,1010,250,0,0
baseline,491,491,0,638556.831,0.825,-0.051,-0.042,0.561,1054,0,0,1767,0,505,0,281,59,0.010,282,0,3.860,0.780,2.000,-1.780,2.780,-0.203,-0.027,0.983,-0.158,-0.764,0.012,0.000,0.000,0.168,0.010,0,NULL,NULL,,2,0,1,7,255,1010,250,0,0
baseline,491,491,0,638561.830,0.825,-0.051,-0.042,0.561,1067,0,0,1801,0,500,0,287,59,0.010,282,0,3.802,0.781,2.000,-1.780,2.700,-0.202,-0.028,0.983,-0.160,-0.764,0.012,0.000,0.000,0.168,0.010,0,NULL,NULL,,2,0,1,7,255,1010,250,0,0
baseline,491,491,0,638566.831,0.825,-0.051,-0.042,0.561,1065,0,0,1795,0,495,0,279,59,0.010,282,0,3.775,0.794,2.000,-1.720,2.700,-0.202,-0.031,0.981,-0.168,-0.776,0.004,0.000,0.000,0.168,0.010,0,NULL,NULL,,2,0,1,7,255,1010,250,0,0
baseline,506,506,0,638571.831,0.825,-0.051,-0.042,0.561,1067,0,0,1797,0,500,0,285,59,0.010,282,0,3.809,0.801,2.140,-1.720,2.640,-0.202,-0.031,0.981,-0.190,-0.778,-0.012,0.000,0.000,0.168,0.010,0,NULL,NULL,,2,0,1,7,255,1010,250,0,0
baseline,506,506,0,638576.831,0.825,-0.051,-0.042,0.561,1065,0,0,1788,0,493,0,283,59,0.010,282,0,3.761,0.807,2.200,-1.720,2.520,-0.201,-0.029,0.982,-0.190,-0.784,-0.012,0.000,0.000,0.168,0.010,0,NULL,NULL,,2,0,1,7,255,1010,250,0,0
baseline,506,506,0,638581.830,0.825,-0.051,-0.042,0.561,1067,0,0,1798,0,493,0,283,59,0.010,282,0,3.673,0.804,2.140,-1.600,2.520,-0.200,-0.026,0.984,-0.168,-0.786,-0.008,0.000,0.000,0.168,0.010,0,NULL,NULL,,2,0,1,7,255,1010,250,0,0
baseline,522,522,0,638586.831,0.825,-0.051,-0.042,0.561,1068,0,0,1789,0,489,0,279,59,0.010,282,0,3.690,0.803,1.940,-1.600,2.700,-0.201,-0.028,0.984,-0.162,-0.786,0.012,0.000,0.000,0.168,0.010,0,NULL,NULL,,2,0,1,7,255,1010,250,0,0
baseline,522,522,0,638591.831,0.825,-0.051,-0.042,0.561,1069,0,0,1791,0,489,0,278,59,0.010,282,0,3.602,0.801,1.820,-1.540,2.700,-0.203,-0.026,0.983,-0.152,-0.786,0.012,0.000,0.000,0.168,0.010,0,NULL,NULL,,2,0,1,7,255,1010,250,0,0
baseline,522,522,0,638596.831,0.826,-0.051,-0.042,0.560,1064,0,0,1801,0,491,0,279,59,0.010,282,0,3.453,0.779,1.820,-1.600,2.460,-0.201,-0.022,0.985,-0.152,-0.764,0.016,0.000,0.000,0.168,0.010,0,NULL,NULL,,2,0,1,7,255,1010,250,0,0
baseline,539,539,0,638601.831,0.826,-0.051,-0.042,0.560,1067,0,0,1789,0,478,0,276,59,0.010,282,0,3.310,0.772,1.700,-1.420,2.460,-0.200,-0.023,0.987,-0.114,-0.764,0.032,0.000,0.000,0.168,0.010,0,NULL,NULL,,2,0,1,7,255,1010,250,0,0
baseline,539,539,0,638606.831,0.826,-0.051,-0.043,0.560,1063,0,0,1787,0,468,0,275,59,0.010,282,0,3.446,0.790,1.400,-1.360,2.840,-0.201,-0.027,0.986,-0.114,-0.782,0.032,0.000,0.000,0.168,0.010,0,NULL,NULL,,2,0,1,7,255,1010,250,0,0
baseline,554,554,0,638611.831,0.826,-0.051,-0.043,0.560,1064,0,0,1791,0,461,0,281,59,0.010,282,0,3.290,0.796,1.160,-1.480,2.700,-0.206,-0.028,0.983,-0.148,-0.782,0.032,0.000,0.000,0.168,0.010,0,NULL,NULL,,2,0,1,7,255,1010,250,0,0
baseline,554,554,0,638616.831,0.826,-0.051,-0.043,0.560,1057,0,0,1789,0,456,0,272,59,0.010,282,0,2.985,0.764,1.520,-1.480,2.100,-0.206,-0.027,0.981,-0.166,-0.746,0.014,0.000,0.000,0.168,0.010,0,NULL,NULL,,2,0,1,7,255,1010,250,0,0
baseline,571,571,0,638621.831,0.826,-0.051,-0.043,0.560,1052,0,0,1799,0,445,0,265,59,0.010,282,0,2.928,0.764,1.760,-1.420,1.860,-0.203,-0.027,0.983,-0.166,-0.746,0.008,0.000,0.000,0.168,0.010,0,NULL,NULL,,2,0,1,7,255,1010,250,0,0
baseline,571,571,0,638626.831,0.826,-0.051,-0.043,0.560,1051,0,0,1797,0,435,0,255,59,0.010,282,0,3.000,0.782,1.700,-1.480,1.980,-0.203,-0.031,0.985,-0.166,-0.764,0.008,0.000,0.000,0.168,0.010,0,NULL,NULL,,2,0,1,7,255,1010,250,0,0
baseline,586,586,0,638631.831,0.826,-0.051,-0.043,0.560,1047,0,0,1784,0,436,0,263,59,0.010,282,0,2.872,0.783,1.520,-1.420,1.980,-0.205,-0.028,0.983,-0.172,-0.764,0.014,0.000,0.000,0.168,0.010,0,NULL,NULL,,2,0,1,7,255,1010,250,0,0
baseline,586,586,0,638636.831,0.826,-0.051,-0.043,0.560,1033,0,0,1787,0,422,0,251,59,0.010,282,0,2.744,0.771,1.640,-1.420,1.680,-0.206,-0.028,0.982,-0.172,-0.752,0.014,0.000,0.000,0.168,0.010,0,NULL,NULL,,2,0,1,7,255,1010,250,0,0
baseline,586,586,0,638641.830,0.826,-0.051,-0.043,0.560,1031,0,0,1774,0,417,0,229,59,0.010,282,0,2.823,0.771,1.940,-1.420,1.480,-0.204,-0.027,0.983,-0.170,-0.752,0.008,0.000,0.000,0.168,0.010,0,NULL,NULL,,2,0,1,7,255,1010,250,0,0
baseline,586,586,0,638646.831,0.826,-0.051,-0.043,0.560,1012,0,0,1769,0,412,0,229,59,0.010,282,0,2.792,0.775,1.940,-1.420,1.420,-0.203,-0.027,0.985,-0.154,-0.760,0.008,0.000,0.000,0.168,0.010,0,NULL,NULL,,2,0,1,7,255,1010,250,0,0
baseline,586,586,0,638651.830,0.826,-0.051,-0.043,0.560,1005,0,0,1771,0,407,0,222,59,0.010,282,0,2.889,0.785,1.880,-1.480,1.620,-0.202,-0.028,0.986,-0.154,-0.770,0.032,0.000,0.000,0.168,0.010,0,NULL,NULL,,2,0,1,7,255,1010,250,0,0
baseline,586,586,0,638656.831,0.826,-0.051,-0.043,0.560,1005,0,0,1763,0,377,0,211,59,0.010,282,0,2.817,0.793,1.760,-1.420,1.680,-0.202,-0.028,0.984,-0.154,-0.778,0.032,0.000,0.000,0.168,0.010,0,NULL,NULL,,2,0,1,7,255,1010,250,0,0
baseline,602,602,0,638661.831,0.826,-0.051,-0.043,0.560,988,0,0,1742,0,367,0,203,59,0.010,282,0,2.782,0.793,1.760,-1.420,1.620,-0.203,-0.028,0.982,-0.154,-0.778,0.016,0.000,0.000,0.168,0.010,0,NULL,NULL,,2,0,1,7,255,1010,250,0,0
baseline,602,602,0,638666.831,0.826,-0.051,-0.043,0.560,979,0,0,1756,0,365,0,196,59,0.010,282,0,2.720,0.785,1.880,-1.420,1.360,-0.203,-0.027,0.983,-0.154,-0.770,0.008,0.000,0.000,0.168,0.010,0,NULL,NULL,,2,0,1,7,255,1010,250,0,0
baseline,602,602,0,638671.831,0.826,-0.051,-0.043,0.560,967,0,0,1739,0,361,0,181,59,0.010,282,0,2.854,0.784,1.940,-1.480,1.480,-0.204,-0.028,0.985,-0.156,-0.768,0.008,0.000,0.000,0.168,0.010,0,NULL,NULL,,2,0,1,7,255,1010,250,0,0
baseline,602,602,0,638676.831,0.826,-0.051,-0.043,0.560,946,0,0,1721,0,345,0,177,59,0.010,282,0,2.945,0.784,1.700,-1.660,1.740,-0.203,-0.026,0.985,-0.146,-0.770,0.032,0.000,0.000,0.168,0.010,0,NULL,NULL,,2,0,1,7,255,1010,250,0,0
baseline,618,618,0,638681.831,0.826,-0.051,-0.043,0.560,936,0,0,1717,0,339,0,167,59,0.010,282,0,3.066,0.784,1.520,-1.780,1.980,-0.206,-0.028,0.984,-0.158,-0.768,0.032,0.000,0.000,0.168,0.010,0,NULL,NULL,,2,0,1,7,255,1010,250,0,0
baseline,618,618,0,638686.831,0.826,-0.051,-0.043,0.559,931,0,0,1705,0,340,0,159,59,0.010,282,0,3.142,0.771,1.580,-1.920,1.920,-0.208,-0.028,0.984,-0.168,-0.752,0.024,0.000,0.000,0.168,0.010,0,NULL,NULL,,2,0,1,7,255,1010,250,0,0
baseline,618,618,0,638691.830,0.826,-0.051,-0.043,0.559,914,0,0,1687,0,333,0,165,59,0.010,282,0,2.886,0.751,1.820,-1.780,1.360,-0.208,-0.026,0.984,-0.168,-0.732,0.024,0.000,0.000,0.168,0.010,0,NULL,NULL,,2,0,1,7,255,1010,250,0,0
baseline,634,634,0,638696.831,0.826,-0.051,-0.043,0.559,891,0,0,1659,0,317,0,156,59,0.010,282,0,2.694,0.751,1.820,-1.780,0.880,-0.202,-0.032,0.983,-0.170,-0.732,0.022,0.000,0.000,0.168,0.010,0,NULL,NULL,,2,0,1,7,255,1010,250,0,0
baseline,634,634,0,638701.830,0.826,-0.051,-0.043,0.559,879,0,0,1657,0,315,0,140,59,0.010,282,0,3.514,0.819,1.940,-2.160,1.980,-0.198,-0.041,0.980,-0.186,-0.798,0.004,0.000,0.000,0.168,0.010,0,NULL,NULL,,2,0,1,7,255,1010,250,0,0
baseline,634,634,0,638706.831,0.826,-0.051,-0.043,0.559,863,0,0,1637,0,295,0,135,59,0.010,282,0,4.287,0.826,2.080,-2.220,3.020,-0.211,-0.031,0.986,-0.212,-0.798,0.004,0.000,0.000,0.168,0.010,0,NULL,NULL,,2,0,1,7,255,1010,250,0,0
baseline,650,650,0,638711.831,0.826,-0.051,-0.043,0.559,859,0,0,1622,0,279,0,124,59,0.010,282,0,3.241,0.747,2.200,-2.100,1.120,-0.219,-0.017,0.986,-0.212,-0.716,0.050,0.000,0.000,0.168,0.010,0,NULL,NULL,,2,0,1,7,255,1010,250,0,0
baseline,650,650,0,638716.831,0.826,-0.051,-0.043,0.559,832,0,0,1608,0,273,0,135,59,0.010,282,0,3.942,0.637,0.920,-3.020,-2.360,-0.220,-0.023,0.995,-0.168,-0.614,0.064,0.000,0.000,0.168,0.010,0,NULL,NULL,,2,0,1,7,255,1010,250,0,0
baseline,650,650,0,638721.831,0.826,-0.051,-0.043,0.559,811,0,0,1593,0,273,0,123,59,0.010,282,0,4.259,0.629,-0.560,-1.920,-3.760,-0.198,-0.029,0.988,-0.136,-0.614,0.064,0.000,0.000,0.168,0.010,0,NULL,NULL,,2,0,1,7,255,1010,250,0,0
baseline,668,668,0,638726.831,0.826,-0.051,-0.043,0.560,790,0,0,1581,0,259,0,133,59,0.010,282,0,2.816,0.837,0.660,-2.460,-1.200,-0.181,-0.032,0.971,-0.136,-0.826,0.048,0.000,0.000,0.168,0.010,0,NULL,NULL,,2,0,1,7,255,1010,250,0,0
baseline,682,682,0,638731.831,0.826,-0.051,-0.043,0.560,767,0,0,1545,0,264,0,123,59,0.010,282,0,3.348,0.834,2.260,-2.100,1.300,-0.205,-0.023,0.980,-0.112,-0.826,-0.014,0.000,0.000,0.168,0.010,0,NULL,NULL,,2,0,1,7,255,1010,250,0,0
baseline,682,682,0,638736.831,0.826,-0.051,-0.043,0.560,741,0,0,1515,0,246,0,115,59,0.010,282,0,3.074,0.737,2.140,-2.040,-0.840,-0.222,-0.023,0.991,-0.112,-0.728,-0.014,0.000,0.000,0.168,0.010,0,NULL,NULL,,2,0,1,7,255,1010,250,0,0
baseline,682,682,0,638741.830,0.826,-0.051,-0.044,0.560,728,0,0,1485,0,245,0,123,59,0.010,282,0,3.911,0.748,1.040,-1.860,-3.280,-0.206,-0.032,0.985,-0.172,-0.728,0.028,0.000,0.000,0.168,0.010,0,NULL,NULL,,2,0,1,7,255,1010,250,0,0
baseline,682,682,0,638746.831,0.826,-0.051,-0.044,0.560,723,0,0,1461,0,243,0,115,59,0.010,282,0,3.648,0.779,1.100,-1.920,-2.900,-0.188,-0.036,0.977,-0.172,-0.760,0.028,0.000,0.000,0.168,0.010,0,NULL,NULL,,2,0,1,7,255,1010,250,0,0
baseline,682,682,0,638751.830,0.826,-0.051,-0.044,0.560,700,0,0,1448,0,236,0,109,59,0.010,282,0,3.037,0.921,2.200,-1.860,-0.960,-0.191,-0.038,0.978,-0.184,-0.902,-0.060,0.000,0.000,0.168,0.010,0,NULL,NULL,,2,0,1,7,255,1010,250,0,0
baseline,682,682,0,638756.831,0.826,-0.051,-0.044,0.560,685,0,0,1418,0,231,0,103,59,0.010,282,0,3.236,0.921,2.740,-1.660,-0.460,-0.205,-0.044,0.983,-0.184,-0.902,-0.060,0.000,0.000,0.168,0.010,0,NULL,NULL,,2,0,1,7,255,1010,250,0,0
baseline,701,701,0,638761.830,0.826,-0.051,-0.044,0.560,665,0,0,1400,0,228,0,103,59,0.010,282,0,3.053,0.856,2.080,-1.600,-1.560,-0.210,-0.041,0.985,-0.284,-0.808,0.006,0.000,0.000,0.168,0.010,0,NULL,NULL,,2,0,1,7,255,1010,250,0,0
baseline,701,701,0,638766.831,0.826,-0.050,-0.044,0.560,651,0,0,1371,0,212,0,99,59,0.010,282,0,3.542,0.806,1.880,-1.600,-2.540,-0.207,-0.027,0.980,-0.284,-0.754,0.006,0.000,0.000,0.168,0.010,0,NULL,NULL,,2,0,1,7,255,1010,250,0,0
baseline,701,701,0,638771.831,0.826,-0.051,-0.044,0.560,613,0,0,1355,0,209,0,67,59,0.010,282,0,3.941,0.742,2.440,-1.360,-2.780,-0.206,-0.020,0.983,-0.144,-0.728,0.018,0.000,0.000,0.168,0.010,0,NULL,NULL,,2,0,1,7,255,1010,250,0,0
baseline,701,701,0,638776.831,0.826,-0.051,-0.044,0.560,572,0,0,1325,0,197,0,52,59,0.010,282,0,4.174,0.716,2.500,-1.300,-3.080,-0.210,-0.020,0.990,-0.092,-0.710,0.018,0.000,0.000,0.168,0.010,0,NULL,NULL,,2,0,1,7,255,1010,250,0,0
baseline,701,701,0,638781.831,0.825,-0.051,-0.044,0.560,556,0,0,1316,0,173,0,47,59,0.010,282,0,5.124,0.686,1.760,-1.120,-4.680,-0.210,-0.018,0.994,-0.072,-0.682,0.090,0.000,0.000,0.168,0.010,0,NULL,NULL,,2,0,1,7,255,1010,250,0,0
baseline,715,715,0,638786.831,0.825,-0.051,-0.044,0.561,547,0,0,1277,0,165,0,46,59,0.010,282,0,5.739,0.685,1.160,-1.060,-5.520,-0.191,-0.024,0.990,-0.068,-0.682,0.090,0.000,0.000,0.168,0.010,0,NULL,NULL,,2,0,1,7,255,1010,250,0,0
baseline,733,733,0,638791.830,0.825,-0.050,-0.044,0.561,507,0,0,1241,0,167,0,44,59,0.010,282,0,3.908,0.877,1.220,-1.180,-3.520,-0.175,-0.038,0.987,-0.068,-0.874,0.064,0.000,0.000,0.168,0.010,0,NULL,NULL,,2,0,1,7,255,1010,250,0,0
baseline,733,733,0,638796.831,0.825,-0.050,-0.044,0.561,457,0,0,1227,0,157,0,27,59,0.010,282,0,2.159,1.063,1.760,-1.240,-0.160,-0.176,-0.047,0.981,-0.120,-1.056,0.006,0.000,0.000,0.168,0.010,0,NULL,NULL,,2,0,1,7,255,1010,250,0,0
baseline,733,733,0,638801.831,0.825,-0.050,-0.044,0.561,429,0,0,1181,0,168,0,24,59,0.010,282,0,3.501,1.077,1.760,-1.480,2.640,-0.199,-0.052,0.979,-0.210,-1.056,-0.048,0.000,0.000,0.168,0.010,0,NULL,NULL,,2,0,1,7,255,1010,250,0,0
baseline,733,733,0,638806.831,0.825,-0.050,-0.044,0.561,411,0,0,1143,0,161,0,30,59,0.010,282,0,3.483,0.942,2.000,-1.540,2.400,-0.225,-0.041,0.975,-0.324,-0.884,-0.048,0.000,0.000,0.168,0.010,0,NULL,NULL,,2,0,1,7,255,1010,250,0,0
baseline,767,767,0,638811.831,0.825,-0.050,-0.044,0.561,397,0,0,1101,0,151,0,8,59,0.010,282,0,2.896,0.689,2.320,-1.720,-0.220,-0.229,-0.028,0.977,-0.324,-0.608,-0.046,0.000,0.000,0.168,0.010,0,NULL,NULL,,2,0,1,7,255,1010,250,0,0
baseline,767,767,0,638816.831,0.825,-0.050,-0.044,0.561,379,0,0,1049,0,151,0,3,59,0.010,282,0,4.022,0.647,2.560,-1.780,-2.540,-0.213,-0.026,0.983,-0.222,-0.608,-0.018,0.000,0.000,0.168,0.010,0,NULL,NULL,,2,0,1,7,255,1010,250,0,0
baseline,767,767,0,638821.830,0.825,-0.050,-0.044,0.561,361,0,0,1007,0,147,0,0,59,0.010,282,0,3.789,0.690,2.140,-1.980,-2.420,-0.197,-0.030,0.987,-0.148,-0.674,0.024,0.000,0.000,0.168,0.010,0,NULL,NULL,,2,0,1,7,255,1010,250,0,0
baseline,768,768,0,638826.831,0.825,-0.050,-0.044,0.561,320,0,0,971,0,137,0,0,59,0.010,282,0,2.679,0.845,1.520,-2.040,-0.840,-0.195,-0.030,0.989,-0.120,-0.836,0.040,0.000,0.000,0.168,0.010,0,NULL,NULL,,2,0,1,7,255,1010,250,0,0
baseline,799,799,0,638831.831,0.825,-0.050,-0.044,0.561,307,0,0,941,0,137,0,0,59,0.010,282,0,2.483,0.845,0.980,-2.280,0.080,-0.204,-0.029,0.987,-0.120,-0.836,0.054,0.000,0.000,0.168,0.010,0,NULL,NULL,,2,0,1,7,255,1010,250,0,0
baseline,799,799,0,638836.831,0.825,-0.050,-0.044,0.561,301,0,0,919,0,137,0,0,59,0.010,282,0,2.455,0.784,0.660,-2.340,-0.340,-0.207,-0.029,0.982,-0.138,-0.772,0.054,0.000,0.000,0.168,0.010,0,NULL,NULL,,2,0,1,7,255,1010,250,0,0
baseline,799,799,0,638841.830,0.825,-0.050,-0.044,0.561,285,0,0,875,0,128,0,0,59,0.010,282,0,2.492,0.776,0.660,-2.280,-0.760,-0.205,-0.033,0.981,-0.146,-0.762,0.010,0.000,0.000,0.168,0.010,0,NULL,NULL,,2,0,1,7,255,1010,250,0,0
baseline,799,799,0,638846.831,0.825,-0.050,-0.044,0.561,237,0,0,845,0,136,0,0,59,0.010,282,0,2.629,0.779,1.040,-2.160,-1.080,-0.197,-0.035,0.984,-0.164,-0.762,0.010,0.000,0.000,0.168,0.010,0,NULL,NULL,,2,0,1,7,255,1010,250,0,0
baseline,799,799,0,638851.830,0.825,-0.050,-0.044,0.561,180,0,0,795,0,123,0,0,59,0.010,282,0,2.339,0.807,0.480,-2.280,0.200,-0.201,-0.031,0.982,-0.164,-0.790,-0.002,0.000,0.000,0.168,0.010,0,NULL,NULL,,2,0,1,7,255,1010,250,0,0
baseline,799,799,0,638856.831,0.825,-0.050,-0.044,0.561,173,0,0,774,0,121,0,0,59,0.010,282,0,2.435,0.806,0.720,-2.280,0.460,-0.207,-0.031,0.984,-0.158,-0.790,0.014,0.000,0.000,0.168,0.010,0,NULL,NULL,,2,0,1,7,255,1010,250,0,0
baseline,799,799,0,638861.831,0.825,-0.050,-0.045,0.561,142,0,0,747,0,119,0,0,59,0.010,282,0,2.448,0.790,0.480,-2.400,0.020,-0.206,-0.038,0.984,-0.158,-0.774,0.018,0.000,0.000,0.168,0.010,0,NULL,NULL,,2,0,1,7,255,1010,250,0,0
baseline,799,799,0,638866.831,0.825,-0.050,-0.045,0.561,107,0,0,703,0,111,0,0,59,0.010,282,0,2.545,0.803,0.240,-2.520,0.260,-0.200,-0.042,0.983,-0.212,-0.774,0.018,0.000,0.000,0.168,0.010,0,NULL,NULL,,2,0,1,7,255,1010,250,0,0
baseline,810,810,0,638871.830,0.825,-0.050,-0.045,0.561,99,0,0,661,0,118,0,0,59,0.010,282,0,2.895,0.861,0.300,-2.700,1.000,-0.200,-0.041,0.984,-0.220,-0.832,0.010,0.000,0.000,0.168,0.010,0,NULL,NULL,,2,0,1,7,255,1010,250,0,0
baseline,810,810,0,638876.831,0.825,-0.049,-0.045,0.561,95,0,0,605,0,119,0,0,59,0.010,282,0,3.065,0.861,0.300,-2.700,1.420,-0.207,-0.034,0.986,-0.220,-0.832,0.010,0.000,0.000,0.168,0.010,0,NULL,NULL,,2,0,1,7,255,1010,250,0,0
baseline,810,810,0,638881.830,0.825,-0.049,-0.045,0.561,89,0,0,582,0,114,0,0,59,0.010,282,0,2.873,0.766,-0.240,-2.760,0.760,-0.208,-0.032,0.991,-0.176,-0.746,0.042,0.000,0.000,0.168,0.010,0,NULL,NULL,,2,0,1,7,255,1010,250,0,0
baseline,810,810,0,638886.831,0.825,-0.049,-0.045,0.561,83,0,0,535,0,107,0,0,59,0.010,282,0,2.916,0.766,-1.100,-2.700,-0.040,-0.205,-0.035,0.989,-0.174,-0.746,0.072,0.000,0.000,0.168,0.010,0,NULL,NULL,,2,0,1,7,255,1010,250,0,0
baseline,833,833,0,638891.831,0.825,-0.049,-0.045,0.561,59,0,0,475,0,115,0,0,59,0.010,282,0,2.832,0.787,-0.620,-2.760,0.140,-0.203,-0.033,0.988,-0.162,-0.770,0.072,0.000,0.000,0.168,0.010,0,NULL,NULL,,2,0,1,7,255,1010,250,0,0
baseline,833,833,0,638896.831,0.825,-0.049,-0.045,0.561,43,0,0,423,0,117,0,0,59,0.010,282,0,3.148,0.796,-0.620,-2.940,0.940,-0.199,-0.028,0.994,-0.148,-0.782,0.072,0.000,0.000,0.168,0.010,0,NULL,NULL,,2,0,1,7,255,1010,250,0,0
baseline,833,833,0,638901.831,0.825,-0.049,-0.045,0.561,30,0,0,375,0,94,0,0,59,0.010,282,0,3.287,0.788,-0.380,-3.020,1.240,-0.207,-0.027,0.989,-0.100,-0.782,0.076,0.000,0.000,0.168,0.010,0,NULL,NULL,,2,0,1,7,255,1010,250,0,0
baseline,834,834,0,638906.831,0.825,-0.049,-0.045,0.561,22,0,0,319,0,79,0,0,59,0.010,282,0,3.135,0.728,0.360,-3.020,0.760,-0.218,-0.010,0.992,-0.090,-0.722,0.112,0.000,0.000,0.168,0.010,0,NULL,NULL,,2,0,1,7,255,1010,250,0,0
baseline,844,844,0,638911.830,0.825,-0.049,-0.045,0.561,0,0,0,281,0,83,0,0,59,0.010,282,0,3.590,0.664,1.940,-3.020,0.080,-0.215,-0.022,1.012,-0.092,-0.658,0.128,0.000,0.000,0.168,0.010,0,NULL,NULL,,2,0,1,7,255,1010,250,0,0
baseline,844,844,0,638916.831,0.825,-0.049,-0.045,0.561,0,0,0,214,0,75,0,0,59,0.010,282,0,5.064,0.658,2.980,-3.920,1.180,-0.215,-0.011,1.042,0.008,-0.658,0.312,0.000,0.000,0.168,0.010,0,NULL,NULL,,2,0,1,7,255,1010,250,0,0
baseline,874,874,0,638921.831,0.825,-0.049,-0.045,0.561,0,0,0,200,0,77,0,0,59,0.010,282,0,6.212,0.658,-0.860,-5.140,3.380,-0.209,0.017,1.063,0.008,-0.658,0.612,0.000,0.000,0.168,0.010,0,NULL,NULL,,2,0,1,7,255,1010,250,0,0
baseline,874,874,0,638926.831,0.825,-0.048,-0.045,0.561,0,0,0,167,0,77,0,0,59,0.010,282,0,9.641,0.692,-6.540,-5.940,3.860,-0.203,0.004,1.021,0.196,-0.664,0.612,0.000,0.000,0.168,0.010,0,NULL,NULL,,2,0,1,7,255,1010,250,0,0
baseline,891,891,0,638931.831,0.826,-0.048,-0.045,0.561,0,0,0,150,0,63,0,0,59,0.010,282,0,9.986,0.673,-4.460,-6.620,6.000,-0.214,-0.009,0.993,0.196,-0.644,0.396,0.000,0.000,0.168,0.010,0,NULL,NULL,,2,0,1,7,255,1010,250,0,0
baseline,891,891,0,638936.831,0.826,-0.048,-0.045,0.560,0,0,0,132,0,55,0,0,59,0.010,282,0,9.896,0.590,-2.020,-7.460,6.180,-0.219,-0.001,0.994,0.094,-0.582,0.156,0.000,0.000,0.168,0.010,0,NULL,NULL,,2,0,1,7,255,1010,250,0,0
baseline,891,891,0,638941.830,0.826,-0.047,-0.044,0.560,0,0,0,87,0,53,0,0,59,0.010,282,0,10.269,0.584,0.060,-9.240,4.480,-0.224,-0.035,1.025,0.044,-0.582,0.156,0.000,0.000,0.168,0.010,0,NULL,NULL,,2,0,1,7,255,1010,250,0,0
baseline,891,891,0,638946.831,0.826,-0.047,-0.044,0.560,0,0,0,69,0,47,0,0,59,0.010,282,0,10.277,0.517,-2.700,-7.160,6.860,-0.224,0.072,1.054,0.094,-0.508,0.448,0.000,0.000,0.168,0.010,0,NULL,NULL,,2,0,1,7,255,1010,250,0,0
baseline,891,891,0,638951.831,0.826,-0.047,-0.044,0.560,0,0,0,61,0,46,0,0,59,0.010,282,0,13.651,0.640,-8.740,-9.060,5.280,-0.224,-0.029,1.051,-0.172,-0.616,0.702,0.000,0.000,0.168,0.010,0,NULL,NULL,,2,0,1,7,255,1010,250,0,0
baseline,891,891,0,638956.831,0.826,-0.046,-0.044,0.560,0,0,0,30,0,51,0,0,59,0.010,282,0,15.274,0.645,-11.120,-8.860,5.580,-0.213,-0.042,1.007,-0.172,-0.622,0.702,0.000,0.000,0.168,0.010,0,NULL,NULL,,2,0,1,7,255,1010,250,0,0
baseline,909,909,0,638961.830,0.826,-0.045,-0.044,0.559,0,0,0,28,0,47,0,0,59,0.010,282,0,16.004,0.681,-10.800,-9.900,6.440,-0.216,-0.046,0.982,-0.238,-0.638,0.250,0.000,0.000,0.168,0.010,0,NULL,NULL,,2,0,1,7,255,1010,250,0,0
baseline,909,909,0,638966.831,0.827,-0.045,-0.044,0.559,0,0,0,16,0,46,0,0,59,0.010,282,0,16.020,0.699,-7.020,-12.040,7.900,-0.229,-0.080,0.982,-0.286,-0.638,0.014,0.000,0.000,0.168,0.010,0,NULL,NULL,,2,0,1,7,255,1010,250,0,0
baseline,909,909,0,638971.831,0.827,-0.044,-0.044,0.559,0,0,0,23,0,51,0,0,59,0.010,282,0,17.229,0.752,-6.100,-14.240,7.540,-0.218,-0.059,1.000,-0.398,-0.638,0.014,0.000,0.000,0.168,0.010,0,NULL,NULL,,2,0,1,7,255,1010,250,0,0
baseline,909,909,0,638976.831,0.827,-0.044,-0.044,0.559,0,0,0,9,0,50,0,0,59,0.010,282,0,17.712,0.778,-5.200,-15.160,7.540,-0.199,-0.035,1.000,-0.398,-0.668,0.176,0.000,0.000,0.168,0.010,0,NULL,NULL,,2,0,1,7,255,1010,250,0,0
baseline,922,922,0,638981.831,0.827,-0.043,-0.043,0.558,0,0,0,17,0,44,0,0,59,0.010,282,0,20.795,0.779,-4.400,-16.920,11.260,-0.195,-0.050,1.005,-0.238,-0.742,0.182,0.000,0.000,0.168,0.010,0,NULL,NULL,,2,0,1,7,255,1010,250,0,0
baseline,922,922,0,638986.831,0.828,-0.042,-0.043,0.558,0,0,0,14,0,41,0,0,59,0.010,282,0,23.380,0.779,-3.780,-18.520,13.760,-0.208,-0.055,1.009,-0.238,-0.742,0.206,0.000,0.000,0.168,0.010,0,NULL,NULL,,2,0,1,7,255,1010,250,0,0
baseline,922,922,0,638991.831,0.828,-0.042,-0.042,0.557,0,0,0,17,0,43,0,0,59,0.010,282,0,24.289,0.776,-2.440,-19.740,13.940,-0.232,-0.042,1.004,-0.298,-0.716,0.242,0.000,0.000,0.168,0.010,0,NULL,NULL,,2,0,1,7,255,1010,250,0,0
baseline,922,922,0,638996.831,0.828,-0.041,-0.042,0.557,0,0,0,6,0,42,0,0,59,0.010,282,0,24.191,0.526,-0.180,-20.900,12.180,-0.225,-0.015,1.022,-0.298,-0.434,0.260,0.000,0.000,0.168,0.010,0,NULL,NULL,,2,0,1,7,255,1010,250,0,0
baseline,938,938,0,639001.831,0.829,-0.041,-0.041,0.557,0,0,0,16,0,45,0,0,59,0.010,282,0,24.849,0.526,1.220,-23.340,8.440,-0.202,-0.063,1.035,-0.298,-0.434,0.424,0.000,0.000,0.168,0.010,0,NULL,NULL,,2,0,1,7,255,1010,250,0,0
baseline,938,938,0,639006.831,0.829,-0.040,-0.040,0.556,0,0,0,6,0,40,0,0,59,0.010,282,0,28.638,0.783,-1.720,-25.480,12.960,-0.185,-0.027,1.028,-0.038,-0.782,0.424,0.000,0.000,0.168,0.010,0,NULL,NULL,,2,0,1,7,255,1010,250,0,0
baseline,938,938,0,639011.831,0.829,-0.039,-0.039,0.556,0,0,0,13,0,39,0,0,59,0.010,282,0,30.359,0.782,0.300,-27.060,13.760,-0.201,-0.005,1.029,-0.012,-0.782,0.460,0.000,0.000,0.168,0.010,0,NULL,NULL,,2,0,1,7,255,1010,250,0,0
baseline,938,938,0,639016.831,0.830,-0.039,-0.038,0.556,0,0,0,6,0,39,0,0,59,0.010,282,0,31.877,0.552,2.500,-28.880,13.260,-0.211,-0.030,1.055,-0.012,-0.552,0.460,0.000,0.000,0.168,0.010,0,NULL,NULL,,2,0,1,7,255,1010,250,0,0
baseline,938,938,0,639021.831,0.830,-0.038,-0.037,0.555,0,0,0,7,0,39,0,0,59,0.010,282,0,31.995,0.571,1.400,-30.120,10.700,-0.211,-0.029,1.075,-0.162,-0.548,0.708,0.000,0.000,0.168,0.010,0,NULL,NULL,,2,0,1,7,255,1010,250,0,0
baseline,970,970,0,639026.831,0.830,-0.037,-0.036,0.555,0,0,0,2,0,25,0,0,59,0.010,282,0,32.357,0.575,-1.600,-31.260,8.200,-0.190,-0.017,1.070,-0.162,-0.552,0.836,0.000,0.000,0.168,0.010,0,NULL,NULL,,2,0,1,7,255,1010,250,0,0
baseline,970,970,0,639031.831,0.830,-0.036,-0.035,0.555,0,0,0,6,0,25,0,0,59,0.010,282,0,33.568,0.656,-3.120,-32.620,7.280,-0.163,-0.025,1.046,0.016,-0.656,0.836,0.000,0.000,0.168,0.010,0,NULL,NULL,,2,0,1,7,255,1010,250,0,0
baseline,970,970,0,639036.831,0.831,-0.035,-0.034,0.555,0,0,0,1,0,25,0,0,59,0.010,282,0,35.010,0.879,-2.320,-34.140,7.400,-0.142,-0.034,1.022,0.036,-0.878,0.570,0.000,0.000,0.168,0.010,0,NULL,NULL,,2,0,1,7,255,1010,250,0,0
baseline,970,970,0,639041.830,0.831,-0.034,-0.033,0.555,0,0,0,7,0,27,0,0,59,0.010,282,0,36.469,1.051,-0.500,-35.780,7.040,-0.126,-0.026,1.010,0.040,-1.050,0.312,0.000,0.000,0.168,0.010,0,NULL,NULL,,2,0,1,7,255,1010,250,0,0
baseline,970,970,0,639046.831,0.831,-0.033,-0.032,0.554,0,0,0,13,0,23,0,0,59,0.010,282,0,37.518,1.132,1.820,-37.000,5.940,-0.104,-0.024,1.005,0.152,-1.122,0.184,0.000,0.000,0.168,0.010,0,NULL,NULL,,2,0,1,7,255,1010,250,0,0
baseline,986,986,0,639051.831,0.831,-0.033,-0.030,0.554,0,0,0,9,0,25,0,0,59,0.010,282,0,38.676,1.299,4.080,-37.980,6.060,-0.081,-0.021,1.009,0.244,-1.276,0.132,0.000,0.000,0.168,0.010,0,NULL,NULL,,2,0,1,7,255,1010,250,0,0
baseline,986,986,0,639056.831,0.831,-0.032,-0.029,0.554,0,0,0,9,0,25,0,0,59,0.010,282,0,39.839,1.485,6.640,-38.720,6.620,-0.063,-0.028,1.017,0.328,-1.448,0.132,0.000,0.000,0.168,0.010,0,NULL,NULL,,2,0,1,7,255,1010,250,0,0
baseline,1002,1002,0,639061.830,0.831,-0.031,-0.027,0.554,0,0,0,3,0,26,0,0,59,0.010,282,0,41.142,1.641,7.860,-39.700,7.400,-0.051,-0.049,1.012,0.328,-1.608,0.132,0.000,0.000,0.168,0.010,0,NULL,NULL,,2,0,1,7,255,1010,250,0,0
baseline,1002,1002,0,639066.831,0.832,-0.030,-0.025,0.554,0,0,0,9,0,20,0,0,59,0.010,282,0,42.742,1.774,9.520,-40.980,7.540,-0.038,-0.050,0.988,0.188,-1.764,0.128,0.000,0.000,0.168,0.010,0,NULL,NULL,,2,0,1,7,255,1010,250,0,0
baseline,1002,1002,0,639071.831,0.832,-0.030,-0.024,0.554,0,0,0,0,0,21,0,0,59,0.010,282,0,45.221,1.844,13.720,-42.500,7.100,-0.020,-0.046,0.964,0.188,-1.834,-0.116,0.000,0.000,0.168,0.010,0,NULL,NULL,,2,0,1,7,255,1010,250,0,0
baseline,1002,1002,0,639076.831,0.832,-0.029,-0.021,0.554,0,0,0,9,0,27,0,0,59,0.010,282,0,48.905,1.954,19.780,-44.140,7.220,0.000,-0.036,0.963,0.280,-1.934,-0.364,0.000,0.000,0.168,0.010,0,NULL,NULL,,2,0,1,7,255,1010,250,0,0
baseline,1002,1002,0,639081.831,0.832,-0.029,-0.019,0.554,0,0,0,8,0,23,0,0,59,0.010,282,0,52.729,2.079,25.200,-45.680,7.660,0.010,-0.021,0.983,0.412,-2.038,-0.364,0.000,0.000,0.168,0.010,0,NULL,NULL,,2,0,1,7,255,1010,250,0,0
baseline,1027,1027,0,639086.831,0.832,-0.029,-0.017,0.553,0,0,0,1,0,23,0,0,59,0.010,282,0,55.474,2.135,28.620,-46.960,7.280,0.012,-0.018,1.013,0.546,-2.064,-0.184,0.000,0.000,0.168,0.010,0,NULL,NULL,,2,0,1,7,255,1010,250,0,0
baseline,1030,1030,0,639091.830,0.832,-0.028,-0.014,0.553,0,0,0,2,0,28,0,0,59,0.010,282,0,56.799,2.136,29.900,-47.940,5.820,0.011,-0.010,1.035,0.548,-2.064,0.114,0.000,0.000,0.168,0.010,0,NULL,NULL,,2,0,1,7,255,1010,250,0,0
baseline,1030,1030,0,639096.831,0.832,-0.028,-0.012,0.553,0,0,0,6,0,22,0,0,59,0.010,282,0,57.643,2.090,30.640,-48.720,3.200,0.010,-0.004,1.055,0.564,-2.012,0.336,0.000,0.000,0.168,0.010,0,NULL,NULL,,2,0,1,7,255,1010,250,0,0
baseline,1031,1031,0,639101.831,0.832,-0.028,-0.009,0.553,0,0,0,2,0,25,0,0,59,0.010,282,0,58.569,2.090,32.220,-48.900,1.000,0.025,0.001,1.066,0.566,-2.012,0.536,0.000,0.000,0.168,0.010,0,NULL,NULL,,2,0,1,7,255,1010,250,0,0
baseline,1031,1031,0,639106.831,0.832,-0.028,-0.006,0.554,0,0,0,9,0,21,0,0,59,0.010,282,0,58.871,2.147,33.200,-48.600,-1.260,0.031,0.010,1.089,0.624,-2.054,0.644,0.000,0.000,0.168,0.010,0,NULL,NULL,,2,0,1,7,255,1010,250,0,0
baseline,1067,1067,0,639111.831,0.832,-0.028,-0.004,0.554,0,0,0,6,0,23,0,0,59,0.010,282,0,57.450,2.166,32.220,-47.380,-4.180,0.037,0.020,1.121,0.668,-2.060,0.868,0.000,0.000,0.168,0.010,0,NULL,NULL,,2,0,1,7,255,1010,250,0,0
baseline,1067,1067,0,639116.831,0.832,-0.028,-0.002,0.554,0,0,0,9,0,17,0,0,59,0.010,282,0,54.093,2.185,28.200,-45.560,-7.420,0.046,0.023,1.141,0.722,-2.062,1.184,0.000,0.000,0.168,0.010,0,NULL,NULL,,2,0,1,7,255,1010,250,0,0
baseline,1067,1067,0,639121.830,0.832,-0.027,0.001,0.555,0,0,0,8,0,17,0,0,59,0.010,282,0,50.203,2.230,23.500,-43.240,-9.920,0.058,0.017,1.139,0.722,-2.110,1.360,0.000,0.000,0.168,0.010,0,NULL,NULL,,2,0,1,7,255,1010,250,0,0
baseline,1068,1068,0,639126.831,0.831,-0.027,0.003,0.555,0,0,0,5,0,16,0,0,59,0.010,282,0,46.778,2.315,19.340,-40.920,-11.820,0.069,0.004,1.127,0.682,-2.212,1.360,0.000,0.000,0.168,0.010,0,NULL,NULL,,2,0,1,7,255,1010,250,0,0
baseline,1068,1068,0,639131.831,0.831,-0.026,0.004,0.556,0,0,0,2,0,21,0,0,59,0.010,282,0,43.956,2.393,16.160,-38.220,-14.500,0.077,0.001,1.109,0.588,-2.320,1.236,0.000,0.000,0.168,0.010,0,NULL,NULL,,2,0,1,7,255,1010,250,0,0
baseline,1068,1068,0,639136.831,0.830,-0.026,0.006,0.557,0,0,0,3,0,18,0,0,59,0.010,282,0,41.899,2.436,14.340,-35.480,-17.060,0.091,-0.001,1.091,0.588,-2.364,1.056,0.000,0.000,0.168,0.010,0,NULL,NULL,,2,0,1,7,255,1010,250,0,0
baseline,1068,1068,0,639141.830,0.830,-0.026,0.008,0.557,0,0,0,0,0,19,0,0,59,0.010,282,0,40.116,2.523,13.300,-33.040,-18.460,0.108,-0.009,1.075,0.570,-2.458,0.874,0.000,0.000,0.168,0.010,0,NULL,NULL,,2,0,1,7,255,1010,250,0,0
baseline,1098,1098,0,639146.831,0.829,-0.025,0.009,0.558,0,0,0,0,0,19,0,0,59,0.010,282,0,38.163,2.667,12.320,-30.780,-18.900,0.121,-0.015,1.059,0.568,-2.606,0.710,0.000,0.000,0.168,0.010,0,NULL,NULL,,2,0,1,7,255,1010,250,0,0
baseline,1098,1098,0,639151.830,0.829,-0.025,0.010,0.559,0,0,0,6,0,19,0,0,59,0.010,282,0,36.567,2.772,11.840,-28.820,-19.140,0.129,-0.023,1.040,0.552,-2.716,0.554,0.000,0.000,0.168,0.010,0,NULL,NULL,,2,0,1,7,255,1010,250,0,0
baseline,1098,1098,0,639156.831,0.828,-0.024,0.012,0.559,0,0,0,0,0,28,0,0,59,0.010,282,0,35.539,2.834,12.620,-27.240,-19.020,0.136,-0.030,1.021,0.500,-2.790,0.362,0.000,0.000,0.168,0.010,0,NULL,NULL,,2,0,1,7,255,1010,250,0,0
baseline,1098,1098,0,639161.831,0.828,-0.024,0.013,0.560,0,0,0,1,0,22,0,0,59,0.010,282,0,35.045,2.888,14.400,-26.020,-18.540,0.143,-0.025,1.012,0.500,-2.844,0.168,0.000,0.000,0.168,0.010,0,NULL,NULL,,2,0,1,7,255,1010,250,0,0
baseline,1098,1098,0,639166.832,0.827,-0.024,0.014,0.561,0,0,0,1,0,21,0,0,59,0.010,282,0,34.924,2.909,16.360,-25.160,-17.860,0.145,-0.024,1.012,0.500,-2.866,0.092,0.000,0.000,0.168,0.010,0,NULL,NULL,,2,0,1,7,255,1010,250,0,0
baseline,1116,1116,0,639171.830,0.827,-0.024,0.016,0.562,0,0,0,5,0,27,0,0,59,0.010,282,0,34.848,2.909,17.700,-24.740,-17.000,0.146,-0.027,1.017,0.500,-2.866,0.092,0.000,0.000,0.168,0.010,0,NULL,NULL,,2,0,1,7,255,1010,250,0,0
baseline,1116,1116,0,639176.831,0.827,-0.023,0.017,0.562,0,0,0,0,0,27,0,0,59,0.010,282,0,34.676,2.897,18.240,-24.800,-15.960,0.144,-0.030,1.021,0.452,-2.862,0.138,0.000,0.000,0.168,0.010,0,NULL,NULL,,2,0,1,7,255,1010,250,0,0
baseline,1116,1116,0,639181.831,0.826,-0.023,0.018,0.563,0,0,0,0,0,25,0,0,59,0.010,282,0,34.628,2.873,18.420,-25.160,-15.060,0.139,-0.025,1.022,0.392,-2.846,0.180,0.000,0.000,0.168,0.010,0,NULL,NULL,,2,0,1,7,255,1010,250,0,0
baseline,1117,1117,0,639186.831,0.826,-0.023,0.020,0.563,0,0,0,0,0,21,0,0,59,0.010,282,0,34.846,2.794,18.480,-25.840,-14.320,0.141,-0.017,1.026,0.392,-2.766,0.200,0.000,0.000,0.168,0.010,0,NULL,NULL,,2,0,1,7,255,1010,250,0,0
baseline,1117,1117,0,639191.831,0.825,-0.023,0.021,0.564,0,0,0,7,0,19,0,0,59,0.010,282,0,34.639,2.785,17.760,-26.580,-13.340,0.144,-0.021,1.028,0.400,-2.756,0.248,0.000,0.000,0.168,0.010,0,NULL,NULL,,2,0,1,7,255,1010,250,0,0
baseline,1117,1117,0,639196.831,0.825,-0.023,0.023,0.564,0,0,0,0,0,27,0,0,59,0.010,282,0,34.349,2.785,16.600,-27.600,-11.940,0.147,-0.029,1.023,0.400,-2.756,0.248,0.000,0.000,0.168,0.010,0,NULL,NULL,,2,0,1,7,255,1010,250,0,0
baseline,1149,1149,0,639201.830,0.825,-0.022,0.024,0.565,0,0,0,1,0,23,0,0,59,0.010,282,0,34.825,2.782,16.480,-28.700,-10.840,0.145,-0.034,1.020,0.312,-2.764,0.214,0.000,0.000,0.168,0.010,0,NULL,NULL,,2,0,1,7,255,1010,250,0,0
baseline,1149,1149,0,639206.831,0.824,-0.022,0.026,0.565,0,0,0,3,0,21,0,0,59,0.010,282,0,35.678,2.774,16.480,-29.920,-10.300,0.142,-0.037,1.022,0.240,-2.764,0.200,0.000,0.000,0.168,0.010,0,NULL,NULL,,2,0,1,7,255,1010,250,0,0
baseline,1149,1149,0,639211.830,0.824,-0.022,0.027,0.565,0,0,0,4,0,23,0,0,59,0.010,282,0,36.149,2.734,15.800,-31.020,-9.740,0.145,-0.036,1.025,0.184,-2.728,0.200,0.000,0.000,0.168,0.010,0,NULL,NULL,,2,0,1,7,255,1010,250,0,0
baseline,1149,1149,0,639216.831,0.824,-0.021,0.029,0.566,0,0,0,0,0,24,0,0,59,0.010,282,0,36.236,2.728,14.460,-32.000,-8.940,0.146,-0.037,1.029,0.178,-2.722,0.232,0.000,0.000,0.168,0.010,0,NULL,NULL,,2,0,1,7,255,1010,250,0,0
baseline,1183,1183,0,639221.831,0.823,-0.021,0.030,0.566,0,0,0,0,0,24,0,0,59,0.010,282,0,36.236,2.722,13.360,-32.680,-8.160,0.145,-0.035,1.030,0.150,-2.718,0.272,0.000,0.000,0.168,0.010,0,NULL,NULL,,2,0,1,7,255,1010,250,0,0
baseline,1183,1183,0,639226.831,0.823,-0.020,0.032,0.567,0,0,0,0,0,24,0,0,59,0.010,282,0,36.104,2.676,12.140,-33.100,-7.780,0.141,-0.035,1.037,0.142,-2.672,0.286,0.000,0.000,0.168,0.010,0,NULL,NULL,,2,0,1,7,255,1010,250,0,0
baseline,1183,1183,0,639231.831,0.823,-0.019,0.033,0.567,0,0,0,2,0,22,0,0,59,0.010,282,0,35.510,2.608,10.180,-33.160,-7.600,0.139,-0.040,1.041,0.100,-2.606,0.350,0.000,0.000,0.168,0.010,0,NULL,NULL,,2,0,1,7,255,1010,250,0,0
baseline,1183,1183,0,639236.831,0.823,-0.019,0.035,0.567,0,0,0,4,0,19,0,0,59,0.010,282,0,34.667,2.576,7.800,-32.980,-7.300,0.138,-0.043,1.040,0.026,-2.576,0.374,0.000,0.000,0.168,0.010,0,NULL,NULL,,2,0,1,7,255,1010,250,0,0
baseline,1183,1183,0,639241.830,0.822,-0.018,0.036,0.567,0,0,0,3,0,22,0,0,59,0.010,282,0,34.047,2.556,5.860,-32.800,-7.000,0.130,-0.044,1.036,-0.020,-2.556,0.374,0.000,0.000,0.168,0.010,0,NULL,NULL,,2,0,1,7,255,1010,250,0,0
baseline,1183,1183,0,639246.831,0.822,-0.017,0.037,0.568,0,0,0,7,0,19,0,0,59,0.010,282,0,33.526,2.461,4.020,-32.500,-7.180,0.125,-0.050,1.031,-0.072,-2.460,0.334,0.000,0.000,0.168,0.010,0,NULL,NULL,,2,0,1,7,255,1010,250,0,0
baseline,1183,1183,0,639251.830,0.822,-0.016,0.038,0.568,0,0,0,1,0,19,0,0,59,0.010,282,0,33.207,2.409,2.080,-32.300,-7.420,0.126,-0.055,1.025,-0.148,-2.404,0.282,0.000,0.000,0.168,0.010,0,NULL,NULL,,2,0,1,7,255,1010,250,0,0
baseline,1194,1194,0,639256.831,0.822,-0.015,0.039,0.568,0,0,0,7,0,22,0,0,59,0.010,282,0,32.865,2.411,0.420,-32.000,-7.480,0.133,-0.057,1.016,-0.182,-2.404,0.228,0.000,0.000,0.168,0.010,0,NULL,NULL,,2,0,1,7,255,1010,250,0,0
baseline,1194,1194,0,639261.831,0.821,-0.014,0.041,0.569,0,0,0,6,0,16,0,0,59,0.010,282,0,32.383,2.451,-0.500,-31.640,-6.880,0.137,-0.059,1.006,-0.188,-2.444,0.138,0.000,0.000,0.168,0.010,0,NULL,NULL,,2,0,1,7,255,1010,250,0,0
baseline,1194,1194,0,639266.831,0.821,-0.013,0.042,0.569,0,0,0,0,0,20,0,0,59,0.010,282,0,31.964,2.467,-1.040,-31.340,-6.200,0.137,-0.069,0.997,-0.188,-2.460,0.044,0.000,0.000,0.168,0.010,0,NULL,NULL,,2,0,1,7,255,1010,250,0,0
baseline,1216,1216,0,639271.831,0.821,-0.012,0.043,0.569,0,0,0,5,0,27,0,0,59,0.010,282,0,31.737,2.476,-1.040,-31.200,-5.720,0.133,-0.074,0.989,-0.280,-2.460,-0.052,0.000,0.000,0.168,0.010,0,NULL,NULL,,2,0,1,7,255,1010,250,0,0
baseline,1216,1216,0,639276.831,0.821,-0.011,0.044,0.569,0,0,0,6,0,27,0,0,59,0.010,282,0,31.595,2.439,-0.800,-31.140,-5.280,0.131,-0.076,0.986,-0.336,-2.416,-0.132,0.000,0.000,0.168,0.010,0,NULL,NULL,,2,0,1,7,255,1010,250,0,0
baseline,1216,1216,0,639281.831,0.821,-0.010,0.045,0.570,0,0,0,3,0,21,0,0,59,0.010,282,0,31.582,2.407,-0.620,-31.200,-4.860,0.127,-0.077,0.984,-0.358,-2.380,-0.160,0.000,0.000,0.168,0.010,0,NULL,NULL,,2,0,1,7,255,1010,250,0,0
baseline,1216,1216,0,639286.831,0.820,-0.009,0.046,0.570,0,0,0,5,0,25,0,0,59,0.010,282,0,31.766,2.354,-0.380,-31.460,-4.380,0.126,-0.079,0.988,-0.388,-2.322,-0.160,0.000,0.000,0.168,0.010,0,NULL,NULL,,2,0,1,7,255,1010,250,0,0
baseline,1227,1227,0,639291.831,0.820,-0.008,0.047,0.570,0,0,0,4,0,23,0,0,59,0.010,282,0,31.853,2.322,-0.560,-31.580,-4.120,0.121,-0.078,0.993,-0.418,-2.284,-0.142,0.000,0.000,0.168,0.010,0,NULL,NULL,,2,0,1,7,255,1010,250,0,0
baseline,1227,1227,0,639296.831,0.820,-0.007,0.048,0.570,0,0,0,0,0,24,0,0,59,0.010,282,0,31.857,2.249,-1.040,-31.580,-4.060,0.116,-0.077,0.999,-0.438,-2.206,-0.090,0.000,0.000,0.168,0.010,0,NULL,NULL,,2,0,1,7,255,1010,250,0,0
baseline,1249,1249,0,639301.831,0.820,-0.006,0.049,0.570,0,0,0,9,0,28,0,0,59,0.010,282,0,31.897,2.180,-1.460,-31.580,-4.240,0.112,-0.079,1.004,-0.462,-2.130,-0.038,0.000,0.000,0.168,0.010,0,NULL,NULL,,2,0,1,7,255,1010,250,0,0
baseline,1249,1249,0,639306.831,0.820,-0.005,0.050,0.571,0,0,0,3,0,24,0,0,59,0.010,282,0,31.827,2.124,-2.380,-31.400,-4.620,0.104,-0.079,1.011,-0.502,-2.064,0.018,0.000,0.000,0.168,0.010,0,NULL,NULL,,2,0,1,7,255,1010,250,0,0
baseline,1249,1249,0,639311.831,0.819,-0.004,0.051,0.571,0,0,0,5,0,20,0,0,59,0.010,282,0,31.682,2.035,-3.780,-31.020,-5.220,0.093,-0.077,1.019,-0.546,-1.960,0.074,0.000,0.000,0.168,0.010,0,NULL,NULL,,2,0,1,7,255,1010,250,0,0
baseline,1249,1249,0,639316.831,0.819,-0.003,0.052,0.571,0,0,0,3,0,24,0,0,59,0.010,282,0,31.946,1.910,-5.500,-30.840,-6.260,0.082,-0.074,1.023,-0.572,-1.822,0.146,0.000,0.000,0.168,0.010,0,NULL,NULL,,2,0,1,7,255,1010,250,0,0
baseline,1249,1249,0,639321.830,0.819,-0.002,0.052,0.571,0,0,0,10,0,25,0,0,59,0.010,282,0,32.543,1.779,-7.520,-30.780,-7.420,0.076,-0.073,1.024,-0.590,-1.678,0.190,0.000,0.000,0.168,0.010,0,NULL,NULL,,2,0,1,7,255,1010,250,0,0
baseline,1274,1274,0,639326.831,0.819,-0.000,0.053,0.572,0,0,0,5,0,29,0,0,59,0.010,282,0,33.402,1.706,-10.020,-30.720,-8.460,0.072,-0.078,1.015,-0.604,-1.596,0.190,0.000,0.000,0.168,0.010,0,NULL,NULL,,2,0,1,7,255,1010,250,0,0
baseline,1274,1274,0,639331.831,0.818,0.001,0.054,0.572,0,0,0,11,0,23,0,0,59,0.010,282,0,34.463,1.683,-11.660,-31.080,-9.260,0.066,-0.080,1.002,-0.650,-1.552,0.100,0.000,0.000,0.168,0.010,0,NULL,NULL,,2,0,1,7,255,1010,250,0,0
baseline,1274,1274,0,639336.831,0.818,0.002,0.054,0.573,0,0,0,13,0,26,0,0,59,0.010,282,0,35.500,1.613,-12.220,-31.640,-10.480,0.061,-0.076,0.991,-0.650,-1.476,-0.032,0.000,0.000,0.168,0.010,0,NULL,NULL,,2,0,1,7,255,1010,250,0,0
baseline,1274,1274,0,639341.830,0.818,0.004,0.055,0.573,0,0,0,16,0,25,0,0,59,0.010,282,0,36.647,1.532,-12.280,-32.420,-11.880,0.062,-0.077,0.987,-0.636,-1.394,-0.138,0.000,0.000,0.168,0.010,0,NULL,NULL,,2,0,1,7,255,1010,250,0,0
baseline,1274,1274,0,639346.831,0.817,0.005,0.056,0.574,0,0,0,16,0,28,0,0,59,0.010,282,0,37.937,1.518,-12.520,-33.720,-12.060,0.062,-0.085,0.984,-0.636,-1.378,-0.178,0.000,0.000,0.168,0.010,0,NULL,NULL,,2,0,1,7,255,1010,250,0,0
baseline,1274,1274,0,639351.830,0.817,0.007,0.057,0.574,0,0,0,18,0,21,0,0,59,0.010,282,0,39.442,1.543,-13.180,-35.060,-12.360,0.061,-0.091,0.977,-0.706,-1.372,-0.208,0.000,0.000,0.168,0.010,0,NULL,NULL,,2,0,1,7,255,1010,250,0,0
baseline,1290,1290,0,639356.831,0.816,0.008,0.057,0.575,0,0,0,11,0,25,0,0,59,0.010,282,0,41.049,1.531,-13.060,-36.580,-13.280,0.062,-0.087,0.964,-0.706,-1.358,-0.288,0.000,0.000,0.168,0.010,0,NULL,NULL,,2,0,1,7,255,1010,250,0,0
baseline,1290,1290,0,639361.830,0.816,0.010,0.058,0.575,0,0,0,12,0,29,0,0,59,0.010,282,0,41.742,1.491,-11.420,-37.740,-13.700,0.059,-0.078,0.971,-0.690,-1.322,-0.334,0.000,0.000,0.168,0.010,0,NULL,NULL,,2,0,1,7,255,1010,250,0,0
baseline,1290,1290,0,639366.831,0.815,0.011,0.059,0.576,0,0,0,11,0,30,0,0,59,0.010,282,0,43.045,1.412,-10.620,-39.380,-13.760,0.054,-0.091,0.990,-0.690,-1.232,-0.334,0.000,0.000,0.168,0.010,0,NULL,NULL,,2,0,1,7,255,1010,250,0,0
baseline,1306,1306,0,639371.831,0.815,0.013,0.060,0.576,0,0,0,13,0,24,0,0,59,0.010,282,0,44.648,1.410,-11.960,-40.180,-15.360,0.051,-0.096,1.001,-0.778,-1.176,-0.160,0.000,0.000,0.168,0.010,0,NULL,NULL,,2,0,1,7,255,1010,250,0,0
baseline,1306,1306,0,639376.831,0.814,0.014,0.061,0.577,0,0,0,10,0,27,0,0,59,0.010,282,0,45.754,1.392,-13.560,-40.180,-17.180,0.057,-0.094,0.994,-0.802,-1.138,-0.120,0.000,0.000,0.168,0.010,0,NULL,NULL,,2,0,1,7,255,1010,250,0,0
baseline,1306,1306,0,639381.831,0.814,0.016,0.062,0.578,0,0,0,18,0,25,0,0,59,0.010,282,0,45.405,1.392,-13.740,-39.500,-17.680,0.062,-0.092,0.987,-0.802,-1.138,-0.120,0.000,0.000,0.168,0.010,0,NULL,NULL,,2,0,1,7,255,1010,250,0,0
baseline,1322,1322,0,639386.831,0.813,0.017,0.063,0.578,0,0,0,20,0,30,0,0,59,0.010,282,0,44.112,1.364,-13.120,-38.280,-17.560,0.057,-0.085,0.991,-0.752,-1.138,-0.140,0.000,0.000,0.168,0.010,0,NULL,NULL,,2,0,1,7,255,1010,250,0,0
baseline,1322,1322,0,639391.830,0.813,0.019,0.064,0.579,0,0,0,18,0,29,0,0,59,0.010,282,0,43.371,1.263,-13.740,-37.000,-17.980,0.052,-0.081,1.001,-0.710,-1.044,-0.140,0.000,0.000,0.168,0.010,0,NULL,NULL,,2,0,1,7,255,1010,250,0,0
baseline,1322,1322,0,639396.831,0.812,0.020,0.064,0.580,0,0,0,17,0,28,0,0,59,0.010,282,0,42.601,1.165,-14.600,-35.180,-19.080,0.040,-0.052,1.021,-0.688,-0.940,-0.044,0.000,0.000,0.168,0.010,0,NULL,NULL,,2,0,1,7,255,1010,250,0,0
baseline,1338,1338,0,639401.831,0.811,0.021,0.065,0.580,0,0,0,19,0,37,0,0,59,0.010,282,0,43.059,0.886,-16.480,-34.140,-20.420,0.024,-0.055,1.042,-0.570,-0.678,0.150,0.000,0.000,0.168,0.010,0,NULL,NULL,,2,0,1,7,255,1010,250,0,0
baseline,1338,1338,0,639406.831,0.811,0.023,0.065,0.581,0,0,0,11,0,36,0,0,59,0.010,282,0,45.465,0.828,-21.120,-33.720,-22.000,0.029,-0.083,1.038,-0.570,-0.600,0.278,0.000,0.000,0.168,0.010,0,NULL,NULL,,2,0,1,7,255,1010,250,0,0
baseline,1370,1370,0,639411.831,0.810,0.025,0.066,0.582,0,0,0,16,0,35,0,0,59,0.010,282,0,47.689,0.971,-24.840,-33.340,-23.360,0.042,-0.089,1.000,-0.764,-0.600,0.278,0.000,0.000,0.168,0.010,0,NULL,NULL,,2,0,1,7,255,1010,250,0,0
baseline,1370,1370,0,639416.831,0.809,0.026,0.066,0.583,0,0,0,17,0,39,0,0,59,0.010,282,0,47.569,1.068,-24.420,-33.520,-23.300,0.048,-0.072,0.965,-0.764,-0.746,-0.068,0.000,0.000,0.168,0.010,0,NULL,NULL,,2,0,1,7,255,1010,250,0,0
baseline,1370,1370,0,639421.830,0.809,0.028,0.066,0.584,0,0,0,15,0,31,0,0,59,0.010,282,0,46.741,0.919,-22.100,-34.260,-22.860,0.050,-0.071,0.960,-0.536,-0.746,-0.390,0.000,0.000,0.168,0.010,0,NULL,NULL,,2,0,1,7,255,1010,250,0,0
baseline,1370,1370,0,639426.831,0.808,0.030,0.067,0.585,0,0,0,17,0,40,0,0,59,0.010,282,0,46.772,0.920,-21.000,-35.180,-22.560,0.054,-0.087,0.965,-0.536,-0.748,-0.390,0.000,0.000,0.168,0.010,0,NULL,NULL,,2,0,1,7,255,1010,250,0,0
baseline,1370,1370,0,639431.830,0.807,0.031,0.068,0.586,0,0,0,17,0,29,0,0,59,0.010,282,0,47.360,1.009,-21.000,-36.340,-21.940,0.063,-0.100,0.962,-0.638,-0.782,-0.412,0.000,0.000,0.168,0.010,0,NULL,NULL,,2,0,1,7,255,1010,250,0,0
baseline,1370,1370,0,639436.831,0.806,0.033,0.068,0.586,0,0,0,9,0,37,0,0,59,0.010,282,0,47.425,1.112,-20.640,-37.120,-21.100,0.066,-0.099,0.951,-0.682,-0.878,-0.412,0.000,0.000,0.168,0.010,0,NULL,NULL,,2,0,1,7,255,1010,250,0,0
baseline,1402,1402,0,639441.830,0.806,0.035,0.069,0.587,0,0,0,12,0,36,0,0,59,0.010,282,0,46.744,1.112,-18.800,-37.740,-20.180,0.066,-0.090,0.947,-0.682,-0.878,-0.520,0.000,0.000,0.168,0.010,0,NULL,NULL,,2,0,1,7,255,1010,250,0,0
baseline,1402,1402,0,639446.831,0.805,0.036,0.070,0.588,0,0,0,8,0,43,0,0,59,0.010,282,0,45.928,1.006,-17.100,-37.800,-19.700,0.066,-0.090,0.955,-0.588,-0.816,-0.520,0.000,0.000,0.168,0.010,0,NULL,NULL,,2,0,1,7,255,1010,250,0,0
baseline,1402,1402,0,639451.830,0.805,0.038,0.070,0.589,0,0,0,10,0,40,0,0,59,0.010,282,0,45.173,0.972,-16.300,-37.500,-19.200,0.062,-0.093,0.965,-0.588,-0.774,-0.478,0.000,0.000,0.168,0.010,0,NULL,NULL,,2,0,1,7,255,1010,250,0,0
baseline,1402,1402,0,639456.831,0.804,0.039,0.071,0.589,0,0,0,5,0,44,0,0,59,0.010,282,0,44.312,0.942,-16.000,-37.000,-18.400,0.056,-0.091,0.969,-0.632,-0.698,-0.382,0.000,0.000,0.168,0.010,0,NULL,NULL,,2,0,1,7,255,1010,250,0,0
baseline,1402,1402,0,639461.830,0.803,0.041,0.072,0.590,0,0,0,17,0,43,0,0,59,0.010,282,0,43.513,0.873,-16.120,-36.460,-17.440,0.043,-0.089,0.971,-0.632,-0.602,-0.360,0.000,0.000,0.168,0.010,0,NULL,NULL,,2,0,1,7,255,1010,250,0,0
baseline,1402,1402,0,639466.831,0.803,0.042,0.072,0.590,0,0,0,9,0,48,0,0,59,0.010,282,0,43.201,0.772,-16.300,-36.160,-17.120,0.027,-0.082,0.975,-0.632,-0.444,-0.354,0.000,0.000,0.168,0.010,0,NULL,NULL,,2,0,1,7,255,1010,250,0,0
baseline,1418,1418,0,639471.830,0.802,0.044,0.073,0.591,0,0,0,14,0,53,0,0,59,0.010,282,0,43.586,0.688,-16.660,-36.100,-17.860,0.017,-0.085,0.980,-0.646,-0.236,-0.342,0.000,0.000,0.168,0.010,0,NULL,NULL,,2,0,1,7,255,1010,250,0,0
baseline,1418,1418,0,639476.831,0.801,0.045,0.073,0.592,0,0,0,11,0,57,0,0,59,0.010,282,0,44.231,0.689,-17.340,-36.160,-18.660,0.016,-0.087,0.983,-0.680,-0.108,-0.310,0.000,0.000,0.168,0.010,0,NULL,NULL,,2,0,1,7,255,1010,250,0,0
baseline,1418,1418,0,639481.831,0.801,0.047,0.074,0.592,0,0,0,21,0,58,0,0,59,0.010,282,0,45.165,0.684,-18.860,-36.520,-18.720,0.019,-0.088,0.978,-0.680,-0.072,-0.310,0.000,0.000,0.168,0.010,0,NULL,NULL,,2,0,1,7,255,1010,250,0,0
baseline,1418,1418,0,639486.831,0.800,0.048,0.075,0.593,0,0,0,13,0,61,0,0,59,0.010,282,0,45.960,0.695,-19.840,-37.120,-18.460,0.017,-0.095,0.964,-0.692,-0.066,-0.340,0.000,0.000,0.168,0.010,0,NULL,NULL,,2,0,1,7,255,1010,250,0,0
baseline,1418,1418,0,639491.831,0.800,0.050,0.075,0.594,0,0,0,17,0,56,0,0,59,0.010,282,0,46.529,0.727,-19.420,-38.040,-18.460,0.016,-0.096,0.956,-0.724,-0.066,-0.480,0.000,0.000,0.168,0.010,0,NULL,NULL,,2,0,1,7,255,1010,250,0,0
baseline,1418,1418,0,639496.831,0.799,0.052,0.076,0.594,0,0,0,10,0,59,0,0,59,0.010,282,0,46.970,0.727,-18.320,-38.960,-18.780,0.022,-0.101,0.961,-0.724,-0.066,-0.500,0.000,0.000,0.168,0.010,0,NULL,NULL,,2,0,1,7,255,1010,250,0,0
baseline,1418,1418,0,639501.831,0.798,0.053,0.076,0.595,0,0,0,19,0,69,0,0,59,0.010,282,0,47.317,0.751,-18.320,-39.320,-18.900,0.040,-0.108,0.966,-0.748,-0.070,-0.500,0.000,0.000,0.168,0.010,0,NULL,NULL,,2,0,1,7,255,1010,250,0,0
baseline,1434,1434,0,639506.831,0.798,0.055,0.077,0.596,0,0,0,16,0,73,0,0,59,0.010,282,0,46.399,0.793,-18.620,-38.480,-18.040,0.056,-0.116,0.958,-0.764,-0.212,-0.476,0.000,0.000,0.168,0.010,0,NULL,NULL,,2,0,1,7,255,1010,250,0,0
baseline,1466,1466,0,639511.830,0.797,0.056,0.078,0.596,0,0,0,15,0,73,0,0,59,0.010,282,0,43.675,0.843,-17.460,-36.520,-16.400,0.060,-0.113,0.956,-0.764,-0.356,-0.476,0.000,0.000,0.168,0.010,0,NULL,NULL,,2,0,1,7,255,1010,250,0,0
baseline,1466,1466,0,639516.831,0.796,0.058,0.078,0.597,0,0,0,18,0,75,0,0,59,0.010,282,0,40.023,0.809,-15.500,-33.660,-15.120,0.052,-0.108,0.964,-0.726,-0.356,-0.476,0.000,0.000,0.168,0.010,0,NULL,NULL,,2,0,1,7,255,1010,250,0,0
baseline,1466,1466,0,639521.831,0.796,0.059,0.079,0.597,0,0,0,20,0,75,0,0,59,0.010,282,0,36.426,0.760,-14.400,-30.240,-14.320,0.042,-0.113,0.979,-0.726,-0.226,-0.428,0.000,0.000,0.168,0.010,0,NULL,NULL,,2,0,1,7,255,1010,250,0,0
baseline,1466,1466,0,639526.831,0.795,0.060,0.079,0.598,0,0,0,12,0,77,0,0,59,0.010,282,0,33.249,0.790,-14.540,-26.820,-13.220,0.034,-0.117,0.988,-0.784,-0.094,-0.314,0.000,0.000,0.168,0.010,0,NULL,NULL,,2,0,1,7,255,1010,250,0,0
baseline,1466,1466,0,639531.830,0.795,0.061,0.079,0.598,0,0,0,20,0,77,0,0,59,0.010,282,0,30.284,0.784,-15.200,-23.220,-12.120,0.024,-0.100,0.995,-0.784,0.004,-0.236,0.000,0.000,0.168,0.010,0,NULL,NULL,,2,0,1,7,255,1010,250,0,0
baseline,1466,1466,0,639536.831,0.795,0.062,0.079,0.599,0,0,0,16,0,79,0,0,59,0.010,282,0,27.801,0.829,-15.560,-20.100,-11.260,0.002,-0.107,0.993,-0.810,0.178,-0.236,0.000,0.000,0.168,0.010,0,NULL,NULL,,2,0,1,7,255,1010,250,0,0
baseline,1498,1498,0,639541.830,0.794,0.063,0.079,0.599,0,0,0,24,0,83,0,0,59,0.010,282,0,26.863,0.893,-16.780,-17.960,-10.840,-0.014,-0.133,0.985,-0.810,0.376,-0.250,0.000,0.000,0.168,0.010,0,NULL,NULL,,2,0,1,7,255,1010,250,0,0
baseline,1498,1498,0,639546.831,0.794,0.064,0.079,0.599,0,0,0,18,0,83,0,0,59,0.010,282,0,26.360,1.142,-17.580,-16.380,-10.840,-0.033,-0.126,0.968,-1.048,0.454,-0.364,0.000,0.000,0.168,0.010,0,NULL,NULL,,2,0,1,7,255,1010,250,0,0
baseline,1498,1498,0,639551.831,0.793,0.065,0.080,0.600,0,0,0,20,0,84,0,0,59,0.010,282,0,25.113,1.228,-16.060,-15.640,-11.320,-0.053,-0.108,0.963,-1.048,0.640,-0.566,0.000,0.000,0.168,0.010,0,NULL,NULL,,2,0,1,7,255,1010,250,0,0
baseline,1498,1498,0,639556.831,0.793,0.066,0.080,0.600,0,0,0,23,0,83,0,0,59,0.010,282,0,25.162,1.370,-14.960,-16.200,-12.120,-0.064,-0.123,0.979,-1.048,0.882,-0.566,0.000,0.000,0.168,0.010,0,NULL,NULL,,2,0,1,7,255,1010,250,0,0
baseline,1498,1498,0,639561.831,0.793,0.067,0.080,0.601,0,0,0,16,0,89,0,0,59,0.010,282,0,27.263,1.468,-16.360,-17.300,-13.280,-0.065,-0.137,0.986,-1.082,0.992,-0.532,0.000,0.000,0.168,0.010,0,NULL,NULL,,2,0,1,7,255,1010,250,0,0
baseline,1498,1498,0,639566.831,0.792,0.068,0.080,0.601,0,0,0,16,0,87,0,0,59,0.010,282,0,29.299,1.494,-17.700,-18.580,-14.140,-0.065,-0.128,0.976,-1.114,0.996,-0.532,0.000,0.000,0.168,0.010,0,NULL,NULL,,2,0,1,7,255,1010,250,0,0
baseline,1516,1516,0,639571.830,0.792,0.069,0.080,0.602,0,0,0,22,0,84,0,0,59,0.010,282,0,30.620,1.508,-17.580,-20.280,-14.740,-0.063,-0.125,0.969,-1.114,1.016,-0.562,0.000,0.000,0.168,0.010,0,NULL,NULL,,2,0,1,7,255,1010,250,0,0
baseline,1516,1516,0,639576.831,0.791,0.070,0.081,0.602,0,0,0,22,0,87,0,0,59,0.010,282,0,31.851,1.474,-17.100,-21.880,-15.600,-0.063,-0.123,0.975,-1.066,1.018,-0.574,0.000,0.000,0.168,0.010,0,NULL,NULL,,2,0,1,7,255,1010,250,0,0
baseline,1516,1516,0,639581.830,0.790,0.071,0.081,0.603,0,0,0,22,0,88,0,0,59,0.010,282,0,33.358,1.485,-17.340,-22.960,-16.880,-0.060,-0.112,0.985,-1.038,1.062,-0.574,0.000,0.000,0.168,0.010,0,NULL,NULL,,2,0,1,7,255,1010,250,0,0
baseline,1517,1517,0,639586.831,0.790,0.073,0.082,0.604,0,0,0,26,0,83,0,0,59,0.010,282,0,35.121,1.416,-18.320,-23.880,-18.100,-0.051,-0.108,0.993,-0.930,1.068,-0.474,0.000,0.000,0.168,0.010,0,NULL,NULL,,2,0,1,7,255,1010,250,0,0
baseline,1530,1530,0,639591.830,0.789,0.074,0.082,0.604,0,0,0,14,0,83,0,0,59,0.010,282,0,36.365,1.379,-19.660,-24.440,-18.400,-0.042,-0.112,0.998,-0.872,1.068,-0.380,0.000,0.000,0.168,0.010,0,NULL,NULL,,2,0,1,7,255,1010,250,0,0
baseline,1530,1530,0,639596.831,0.788,0.075,0.082,0.605,0,0,0,21,0,83,0,0,59,0.010,282,0,37.230,1.328,-20.760,-24.680,-18.600,-0.038,-0.107,0.997,-0.862,1.010,-0.326,0.000,0.000,0.168,0.010,0,NULL,NULL,,2,0,1,7,255,1010,250,0,0
baseline,1530,1530,0,639601.830,0.788,0.076,0.083,0.606,0,0,0,23,0,88,0,0,59,0.010,282,0,37.873,1.287,-21.560,-24.560,-19.140,-0.031,-0.106,0.988,-0.802,1.006,-0.326,0.000,0.000,0.168,0.010,0,NULL,NULL,,2,0,1,7,255,1010,250,0,0
baseline,1530,1530,0,639606.831,0.787,0.078,0.083,0.606,0,0,0,19,0,87,0,0,59,0.010,282,0,37.690,1.224,-21.680,-23.880,-19.500,-0.023,-0.109,0.979,-0.760,0.960,-0.396,0.000,0.000,0.168,0.010,0,NULL,NULL,,2,0,1,7,255,1010,250,0,0
baseline,1546,1546,0,639611.831,0.786,0.079,0.083,0.607,0,0,0,19,0,87,0,0,59,0.010,282,0,36.347,1.155,-20.700,-22.840,-19.260,-0.021,-0.110,0.974,-0.748,0.880,-0.474,0.000,0.000,0.168,0.010,0,NULL,NULL,,2,0,1,7,255,1010,250,0,0
baseline,1546,1546,0,639616.831,0.786,0.080,0.083,0.608,0,0,0,22,0,89,0,0,59,0.010,282,0,34.735,1.148,-19.600,-21.620,-18.840,-0.025,-0.108,0.981,-0.738,0.880,-0.474,0.000,0.000,0.168,0.010,0,NULL,NULL,,2,0,1,7,255,1010,250,0,0
baseline,1546,1546,0,639621.831,0.785,0.081,0.084,0.608,0,0,0,26,0,83,0,0,59,0.010,282,0,33.843,1.206,-19.100,-20.520,-18.960,-0.031,-0.110,0.989,-0.738,0.954,-0.462,0.000,0.000,0.168,0.010,0,NULL,NULL,,2,0,1,7,255,1010,250,0,0
baseline,1580,1580,0,639626.831,0.784,0.082,0.084,0.609,0,0,0,24,0,92,0,0,59,0.010,282,0,33.558,1.273,-19.300,-19.120,-19.700,-0.031,-0.108,0.991,-0.722,1.048,-0.404,0.000,0.000,0.168,0.010,0,NULL,NULL,,2,0,1,7,255,1010,250,0,0
baseline,1580,1580,0,639631.831,0.784,0.083,0.084,0.610,0,0,0,27,0,84,0,0,59,0.010,282,0,32.775,1.274,-18.920,-17.300,-20.420,-0.020,-0.113,0.990,-0.724,1.048,-0.390,0.000,0.000,0.168,0.010,0,NULL,NULL,,2,0,1,7,255,1010,250,0,0
baseline,1580,1580,0,639636.831,0.783,0.084,0.084,0.611,0,0,0,17,0,83,0,0,59,0.010,282,0,30.877,1.218,-17.940,-14.480,-20.540,-0.001,-0.117,0.989,-0.720,0.982,-0.370,0.000,0.000,0.168,0.010,0,NULL,NULL,,2,0,1,7,255,1010,250,0,0
baseline,1580,1580,0,639641.830,0.782,0.085,0.084,0.611,0,0,0,24,0,87,0,0,59,0.010,282,0,28.304,1.076,-16.980,-11.060,-19.760,0.013,-0.112,0.988,-0.708,0.810,-0.342,0.000,0.000,0.168,0.010,0,NULL,NULL,,2,0,1,7,255,1010,250,0,0
baseline,1580,1580,0,639646.831,0.782,0.086,0.083,0.612,0,0,0,27,0,83,0,0,59,0.010,282,0,25.120,0.950,-15.560,-7.400,-18.280,0.015,-0.100,0.990,-0.610,0.728,-0.316,0.000,0.000,0.168,0.010,0,NULL,NULL,,2,0,1,7,255,1010,250,0,0
baseline,1580,1580,0,639651.831,0.781,0.086,0.083,0.613,0,0,0,20,0,85,0,0,59,0.010,282,0,22.423,0.870,-13.920,-4.240,-17.060,0.016,-0.088,0.998,-0.476,0.728,-0.292,0.000,0.000,0.168,0.010,0,NULL,NULL,,2,0,1,7,255,1010,250,0,0
baseline,1594,1594,0,639656.831,0.781,0.086,0.082,0.613,0,0,0,25,0,81,0,0,59,0.010,282,0,20.948,0.811,-13.380,-1.780,-16.020,0.022,-0.089,1.008,-0.358,0.728,-0.214,0.000,0.000,0.168,0.010,0,NULL,NULL,,2,0,1,7,255,1010,250,0,0
baseline,1594,1594,0,639661.830,0.781,0.087,0.082,0.614,0,0,0,20,0,89,0,0,59,0.010,282,0,19.939,0.801,-13.620,-0.260,-14.560,0.029,-0.090,1.006,-0.338,0.726,-0.106,0.000,0.000,0.168,0.010,0,NULL,NULL,,2,0,1,7,255,1010,250,0,0
baseline,1594,1594,0,639666.831,0.780,0.087,0.081,0.614,0,0,0,16,0,91,0,0,59,0.010,282,0,18.383,0.732,-13.440,0.220,-12.540,0.035,-0.094,0.998,-0.328,0.654,-0.106,0.000,0.000,0.168,0.010,0,NULL,NULL,,2,0,1,7,255,1010,250,0,0
baseline,1616,1616,0,639671.831,0.780,0.087,0.081,0.615,0,0,0,23,0,93,0,0,59,0.010,282,0,16.598,0.667,-12.820,-0.200,-10.540,0.033,-0.091,0.992,-0.322,0.584,-0.166,0.000,0.000,0.168,0.010,0,NULL,NULL,,2,0,1,7,255,1010,250,0,0
baseline,1616,1616,0,639676.831,0.780,0.088,0.080,0.615,0,0,0,20,0,89,0,0,59,0.010,282,0,15.161,0.651,-12.020,-1.360,-9.140,0.030,-0.086,0.989,-0.288,0.584,-0.228,0.000,0.000,0.168,0.010,0,NULL,NULL,,2,0,1,7,255,1010,250,0,0
baseline,1616,1616,0,639681.831,0.779,0.088,0.080,0.615,0,0,0,16,0,92,0,0,59,0.010,282,0,14.138,0.659,-11.180,-3.200,-8.040,0.030,-0.086,0.993,-0.234,0.616,-0.228,0.000,0.000,0.168,0.010,0,NULL,NULL,,2,0,1,7,255,1010,250,0,0
baseline,1616,1616,0,639686.831,0.779,0.088,0.079,0.615,0,0,0,21,0,87,0,0,59,0.010,282,0,14.051,0.668,-11.120,-5.400,-6.680,0.028,-0.090,1.003,-0.234,0.626,-0.222,0.000,0.000,0.168,0.010,0,NULL,NULL,,2,0,1,7,255,1010,250,0,0
baseline,1632,1632,0,639691.830,0.779,0.089,0.079,0.616,0,0,0,18,0,96,0,0,59,0.010,282,0,15.093,0.710,-11.600,-7.780,-5.720,0.024,-0.090,1.010,-0.256,0.662,-0.128,0.000,0.000,0.168,0.010,0,NULL,NULL,,2,0,1,7,255,1010,250,0,0
baseline,1632,1632,0,639696.831,0.779,0.090,0.079,0.616,0,0,0,17,0,89,0,0,59,0.010,282,0,16.558,0.768,-12.340,-9.480,-5.660,0.024,-0.095,1.016,-0.262,0.722,-0.068,0.000,0.000,0.168,0.010,0,NULL,NULL,,2,0,1,7,255,1010,250,0,0
baseline,1632,1632,0,639701.831,0.779,0.090,0.079,0.616,0,0,0,25,0,91,0,0,59,0.010,282,0,17.480,0.780,-12.820,-10.280,-5.960,0.028,-0.097,1.021,-0.296,0.722,-0.010,0.000,0.000,0.168,0.010,0,NULL,NULL,,2,0,1,7,255,1010,250,0,0
baseline,1632,1632,0,639706.831,0.778,0.091,0.078,0.616,0,0,0,20,0,97,0,0,59,0.010,282,0,18.005,0.764,-13.500,-10.280,-6.020,0.035,-0.095,1.025,-0.296,0.704,0.050,0.000,0.000,0.168,0.010,0,NULL,NULL,,2,0,1,7,255,1010,250,0,0
baseline,1677,1677,0,639711.831,0.778,0.091,0.078,0.617,0,0,0,20,0,93,0,0,59,0.010,282,0,18.024,0.718,-13.980,-9.420,-6.380,0.038,-0.088,1.032,-0.254,0.672,0.098,0.000,0.000,0.168,0.010,0,NULL,NULL,,2,0,1,7,255,1010,250,0,0
baseline,1677,1677,0,639716.831,0.778,0.092,0.078,0.617,0,0,0,19,0,95,0,0,59,0.010,282,0,18.562,0.684,-15.260,-8.380,-6.440,0.052,-0.089,1.022,-0.174,0.662,0.114,0.000,0.000,0.168,0.010,0,NULL,NULL,,2,0,1,7,255,1010,250,0,0
baseline,1677,1677,0,639721.830,0.778,0.093,0.077,0.617,0,0,0,17,0,103,0,0,59,0.010,282,0,17.792,0.545,-15.380,-6.560,-6.080,0.055,-0.076,1.019,-0.136,0.528,0.114,0.000,0.000,0.168,0.010,0,NULL,NULL,,2,0,1,7,255,1010,250,0,0
baseline,1677,1677,0,639726.831,0.777,0.093,0.077,0.617,0,0,0,20,0,103,0,0,59,0.010,282,0,16.618,0.542,-14.600,-5.760,-5.460,0.051,-0.091,1.019,-0.122,0.528,0.086,0.000,0.000,0.168,0.010,0,NULL,NULL,,2,0,1,7,255,1010,250,0,0
baseline,1677,1677,0,639731.830,0.777,0.094,0.076,0.618,0,0,0,19,0,104,0,0,59,0.010,282,0,17.184,0.542,-15.200,-5.080,-6.200,0.066,-0.102,1.016,-0.122,0.528,0.086,0.000,0.000,0.168,0.010,0,NULL,NULL,,2,0,1,7,255,1010,250,0,0
baseline,1677,1677,0,639736.831,0.777,0.094,0.076,0.618,0,0,0,24,0,103,0,0,59,0.010,282,0,16.923,0.382,-14.840,-4.040,-7.060,0.091,-0.096,0.995,-0.122,0.362,0.082,0.000,0.000,0.168,0.010,0,NULL,NULL,,2,0,1,7,255,1010,250,0,0
baseline,1677,1677,0,639741.830,0.777,0.095,0.076,0.618,0,0,0,23,0,106,0,5,59,0.010,282,0,13.578,0.113,-11.900,-2.940,-5.840,0.113,-0.097,0.990,-0.044,0.104,-0.052,0.000,0.000,0.168,0.010,0,NULL,NULL,,2,0,1,7,255,1010,250,0,0
baseline,1690,1690,0,639746.831,0.777,0.095,0.075,0.618,0,0,0,26,0,101,0,0,59,0.010,282,0,10.323,0.117,-9.340,-1.360,-4.180,0.116,-0.105,0.999,-0.044,-0.108,-0.052,0.000,0.000,0.168,0.010,0,NULL,NULL,,2,0,1,7,255,1010,250,0,0
baseline,1690,1690,0,639751.830,0.777,0.095,0.075,0.618,0,0,0,25,0,110,0,5,59,0.010,282,0,8.298,0.117,-7.700,0.280,-3.080,0.110,-0.103,1.005,-0.046,-0.108,0.046,0.000,0.000,0.168,0.010,0,NULL,NULL,,2,0,1,7,255,1010,250,0,0
baseline,1690,1690,0,639756.831,0.776,0.095,0.075,0.618,0,0,0,22,0,109,0,12,59,0.010,282,0,7.156,0.079,-6.160,2.120,-2.960,0.110,-0.093,1.012,-0.046,-0.064,0.094,0.000,0.000,0.168,0.010,0,NULL,NULL,,2,0,1,7,255,1010,250,0,0
baseline,1690,1690,0,639761.831,0.776,0.095,0.074,0.619,0,0,0,31,0,103,0,11,59,0.010,282,0,6.677,0.061,-4.880,3.700,-2.660,0.105,-0.083,1.020,0.056,-0.024,0.152,0.000,0.000,0.168,0.010,0,NULL,NULL,,2,0,1,7,255,1010,250,0,0
baseline,1690,1690,0,639766.831,0.776,0.095,0.074,0.619,0,0,0,33,0,111,0,19,59,0.010,282,0,6.650,0.078,-4.700,4.200,-2.120,0.101,-0.095,1.027,0.056,0.054,0.218,0.000,0.000,0.168,0.010,0,NULL,NULL,,2,0,1,7,255,1010,250,0,0
baseline,1706,1706,0,639771.831,0.776,0.095,0.073,0.619,0,0,0,29,0,105,0,10,59,0.010,282,0,6.844,0.070,-4.700,4.380,-2.360,0.098,-0.103,1.020,0.028,0.064,0.218,0.000,0.000,0.168,0.010,0,NULL,NULL,,2,0,1,7,255,1010,250,0,0
baseline,1706,1706,0,639776.831,0.776,0.095,0.073,0.619,0,0,0,35,0,107,0,20,59,0.010,282,0,6.204,0.079,-3.920,3.880,-2.840,0.102,-0.104,1.008,-0.046,0.064,0.206,0.000,0.000,0.168,0.010,0,NULL,NULL,,2,0,1,7,255,1010,250,0,0
baseline,1706,1706,0,639781.830,0.776,0.095,0.072,0.619,0,0,0,43,0,109,0,16,59,0.010,282,0,4.958,0.048,-2.260,3.160,-3.080,0.106,-0.109,0.999,-0.048,-0.002,0.108,0.000,0.000,0.168,0.010,0,NULL,NULL,,2,0,1,7,255,1010,250,0,0
baseline,1722,1722,0,639786.831,0.776,0.095,0.072,0.619,0,0,0,45,0,109,0,13,59,0.010,282,0,3.585,0.082,0.180,2.180,-2.840,0.105,-0.105,0.999,-0.046,-0.068,0.034,0.000,0.000,0.168,0.010,0,NULL,NULL,,2,0,1,7,255,1010,250,0,0
baseline,1722,1722,0,639791.831,0.776,0.095,0.072,0.619,0,0,0,39,0,106,0,19,59,0.010,282,0,3.635,0.076,2.260,0.840,-2.720,0.101,-0.097,1.010,-0.034,-0.068,0.034,0.000,0.000,0.168,0.010,0,NULL,NULL,,2,0,1,7,255,1010,250,0,0
baseline,1722,1722,0,639796.831,0.776,0.095,0.072,0.619,0,0,0,39,0,109,0,20,59,0.010,282,0,4.607,0.036,3.220,-1.000,-3.140,0.098,-0.094,1.026,0.034,0.012,0.126,0.000,0.000,0.168,0.010,0,NULL,NULL,,2,0,1,7,255,1010,250,0,0
baseline,1739,1739,0,639801.831,0.776,0.095,0.072,0.619,0,0,0,45,0,105,0,20,59,0.010,282,0,5.541,0.089,2.500,-3.140,-3.820,0.100,-0.092,1.031,0.050,0.074,0.270,0.000,0.000,0.168,0.010,0,NULL,NULL,,2,0,1,7,255,1010,250,0,0
baseline,1739,1739,0,639806.831,0.776,0.095,0.072,0.620,0,0,0,41,0,109,0,19,59,0.010,282,0,7.114,0.100,1.520,-5.460,-4.300,0.111,-0.091,1.021,0.068,0.074,0.270,0.000,0.000,0.168,0.010,0,NULL,NULL,,2,0,1,7,255,1010,250,0,0
baseline,1754,1754,0,639811.830,0.776,0.095,0.072,0.620,0,0,0,41,0,107,0,21,59,0.010,282,0,8.958,0.111,1.640,-7.640,-4.380,0.124,-0.090,1.009,0.102,-0.044,0.248,0.000,0.000,0.168,0.010,0,NULL,NULL,,2,0,1,7,255,1010,250,0,0
baseline,1754,1754,0,639816.831,0.776,0.095,0.073,0.620,0,0,0,45,0,115,0,19,59,0.010,282,0,10.959,0.223,2.740,-9.900,-3.820,0.130,-0.093,1.002,0.126,-0.184,0.160,0.000,0.000,0.168,0.010,0,NULL,NULL,,2,0,1,7,255,1010,250,0,0
baseline,1787,1787,0,639821.831,0.776,0.095,0.073,0.620,0,0,0,59,0,113,0,22,59,0.010,282,0,12.893,0.291,3.780,-11.920,-3.140,0.136,-0.096,1.000,0.126,-0.262,0.114,0.000,0.000,0.168,0.010,0,NULL,NULL,,2,0,1,7,255,1010,250,0,0
baseline,1787,1787,0,639826.831,0.775,0.095,0.073,0.620,0,0,0,42,0,107,0,23,59,0.010,282,0,14.819,0.318,4.940,-13.760,-2.420,0.137,-0.090,1.005,0.126,-0.292,0.114,0.000,0.000,0.168,0.010,0,NULL,NULL,,2,0,1,7,255,1010,250,0,0
baseline,1787,1787,0,639831.831,0.775,0.096,0.074,0.620,0,0,0,43,0,108,0,25,59,0.010,282,0,16.394,0.332,5.680,-15.280,-1.740,0.136,-0.084,1.016,0.158,-0.292,0.154,0.000,0.000,0.168,0.010,0,NULL,NULL,,2,0,1,7,255,1010,250,0,0
baseline,1787,1787,0,639836.831,0.775,0.096,0.074,0.620,0,0,0,43,0,107,0,21,59,0.010,282,0,17.217,0.308,5.740,-16.200,-1.020,0.138,-0.085,1.025,0.196,-0.238,0.246,0.000,0.000,0.168,0.010,0,NULL,NULL,,2,0,1,7,255,1010,250,0,0
baseline,1787,1787,0,639841.830,0.775,0.096,0.075,0.620,0,0,0,49,0,110,0,21,59,0.010,282,0,17.362,0.313,4.820,-16.680,0.020,0.142,-0.084,1.029,0.204,-0.238,0.340,0.000,0.000,0.168,0.010,0,NULL,NULL,,2,0,1,7,255,1010,250,0,0
baseline,1787,1787,0,639846.831,0.775,0.096,0.076,0.620,0,0,0,43,0,111,0,25,59,0.010,282,0,17.332,0.316,3.840,-16.860,1.180,0.145,-0.077,1.019,0.206,-0.240,0.340,0.000,0.000,0.168,0.010,0,NULL,NULL,,2,0,1,7,255,1010,250,0,0
baseline,1787,1787,0,639851.830,0.775,0.097,0.076,0.619,0,0,0,52,0,110,0,28,59,0.010,282,0,17.475,0.383,3.660,-16.860,2.780,0.146,-0.077,1.008,0.276,-0.266,0.294,0.000,0.000,0.168,0.010,0,NULL,NULL,,2,0,1,7,255,1010,250,0,0
baseline,1787,1787,0,639856.831,0.775,0.097,0.077,0.619,0,0,0,51,0,117,0,28,59,0.010,282,0,18.100,0.383,4.080,-17.040,4.540,0.142,-0.080,1.003,0.276,-0.266,0.188,0.000,0.000,0.168,0.010,0,NULL,NULL,,2,0,1,7,255,1010,250,0,0
baseline,1802,1802,0,639861.831,0.776,0.097,0.077,0.619,0,0,0,56,0,111,0,31,59,0.010,282,0,18.916,0.351,4.200,-17.420,6.060,0.133,-0.086,1.002,0.242,-0.254,0.136,0.000,0.000,0.168,0.010,0,NULL,NULL,,2,0,1,7,255,1010,250,0,0
baseline,1802,1802,0,639866.831,0.776,0.098,0.078,0.619,0,0,0,59,0,113,0,24,59,0.010,282,0,19.470,0.236,4.200,-17.660,7.040,0.127,-0.086,1.002,0.152,-0.180,0.102,0.000,0.000,0.168,0.010,0,NULL,NULL,,2,0,1,7,255,1010,250,0,0
baseline,1802,1802,0,639871.831,0.776,0.098,0.078,0.618,0,0,0,58,0,111,0,22,59,0.010,282,0,20.011,0.179,4.200,-17.900,7.900,0.126,-0.087,1.003,0.140,-0.112,0.098,0.000,0.000,0.168,0.010,0,NULL,NULL,,2,0,1,7,255,1010,250,0,0
baseline,1802,1802,0,639876.831,0.776,0.098,0.079,0.618,0,0,0,67,0,107,0,21,59,0.010,282,0,20.356,0.156,4.020,-17.780,9.060,0.125,-0.091,1.004,0.122,-0.098,0.098,0.000,0.000,0.168,0.010,0,NULL,NULL,,2,0,1,7,255,1010,250,0,0
baseline,1819,1819,0,639881.831,0.776,0.099,0.079,0.617,0,0,0,61,0,111,0,26,59,0.010,282,0,20.497,0.109,4.020,-17.480,9.920,0.120,-0.093,1.006,0.080,-0.074,0.098,0.000,0.000,0.168,0.010,0,NULL,NULL,,2,0,1,7,255,1010,250,0,0
baseline,1819,1819,0,639886.831,0.777,0.099,0.080,0.617,0,0,0,59,0,118,0,22,59,0.010,282,0,20.157,0.051,3.840,-16.980,10.160,0.116,-0.096,1.007,0.048,-0.018,0.104,0.000,0.000,0.168,0.010,0,NULL,NULL,,2,0,1,7,255,1010,250,0,0
baseline,1819,1819,0,639891.831,0.777,0.099,0.080,0.617,0,0,0,55,0,111,0,31,59,0.010,282,0,19.971,0.022,3.660,-16.500,10.640,0.114,-0.097,1.010,0.008,0.020,0.108,0.000,0.000,0.168,0.010,0,NULL,NULL,,2,0,1,7,255,1010,250,0,0
baseline,1836,1836,0,639896.831,0.777,0.100,0.081,0.616,0,0,0,55,0,113,0,27,59,0.010,282,0,19.366,0.056,3.300,-15.760,10.760,0.113,-0.095,1.009,0.000,0.056,0.112,0.000,0.000,0.168,0.010,0,NULL,NULL,,2,0,1,7,255,1010,250,0,0
baseline,1836,1836,0,639901.830,0.777,0.100,0.081,0.616,0,0,0,69,0,120,0,27,59,0.010,282,0,18.482,0.058,3.100,-14.660,10.820,0.115,-0.101,1.003,-0.014,0.056,0.112,0.000,0.000,0.168,0.010,0,NULL,NULL,,2,0,1,7,255,1010,250,0,0
baseline,1836,1836,0,639906.831,0.778,0.100,0.081,0.615,0,0,0,60,0,117,0,27,59,0.010,282,0,17.938,0.060,2.980,-13.440,11.500,0.118,-0.107,0.991,-0.050,0.034,0.066,0.000,0.000,0.168,0.010,0,NULL,NULL,,2,0,1,7,255,1010,250,0,0
baseline,1850,1850,0,639911.831,0.778,0.101,0.082,0.615,0,0,0,76,0,120,0,26,59,0.010,282,0,17.681,0.054,3.660,-12.040,12.420,0.112,-0.100,0.980,-0.050,0.020,-0.042,0.000,0.000,0.168,0.010,0,NULL,NULL,,2,0,1,7,255,1010,250,0,0
baseline,1850,1850,0,639916.831,0.778,0.101,0.082,0.614,0,0,0,69,0,120,0,26,59,0.010,282,0,17.892,0.048,5.360,-11.180,12.900,0.104,-0.089,0.979,-0.044,0.020,-0.166,0.000,0.000,0.168,0.010,0,NULL,NULL,,2,0,1,7,255,1010,250,0,0
baseline,1850,1850,0,639921.831,0.779,0.101,0.082,0.614,0,0,0,74,0,116,0,29,59,0.010,282,0,17.842,0.130,5.860,-10.700,13.020,0.099,-0.098,0.983,-0.044,0.122,-0.168,0.000,0.000,0.168,0.010,0,NULL,NULL,,2,0,1,7,255,1010,250,0,0
baseline,1869,1869,0,639926.831,0.779,0.101,0.082,0.613,0,0,0,81,0,120,0,28,59,0.010,282,0,17.542,0.172,5.180,-10.700,12.900,0.095,-0.104,0.979,-0.058,0.162,-0.198,0.000,0.000,0.168,0.010,0,NULL,NULL,,2,0,1,7,255,1010,250,0,0
baseline,1869,1869,0,639931.831,0.779,0.101,0.083,0.613,0,0,0,71,0,122,0,37,59,0.010,282,0,17.611,0.174,5.060,-10.940,12.840,0.096,-0.098,0.967,-0.064,0.162,-0.222,0.000,0.000,0.168,0.010,0,NULL,NULL,,2,0,1,7,255,1010,250,0,0
baseline,1869,1869,0,639936.831,0.780,0.101,0.083,0.612,0,0,0,83,0,120,0,27,59,0.010,282,0,17.957,0.170,5.300,-11.380,12.840,0.096,-0.096,0.959,-0.064,0.158,-0.328,0.000,0.000,0.168,0.010,0,NULL,NULL,,2,0,1,7,255,1010,250,0,0
baseline,1870,1870,0,639941.830,0.780,0.101,0.083,0.612,0,0,0,83,0,121,0,28,59,0.010,282,0,18.325,0.163,5.360,-11.860,12.900,0.098,-0.098,0.953,-0.064,0.150,-0.406,0.000,0.000,0.168,0.010,0,NULL,NULL,,2,0,1,7,255,1010,250,0,0
baseline,1870,1870,0,639946.831,0.780,0.101,0.084,0.611,0,0,0,77,0,122,0,36,59,0.010,282,0,18.804,0.144,5.360,-12.400,13.080,0.094,-0.100,0.944,-0.066,0.128,-0.466,0.000,0.000,0.168,0.010,0,NULL,NULL,,2,0,1,7,255,1010,250,0,0
baseline,1870,1870,0,639951.830,0.781,0.102,0.084,0.611,0,0,0,77,0,120,0,35,59,0.010,282,0,19.201,0.144,5.300,-13.020,13.080,0.091,-0.096,0.935,-0.066,0.128,-0.554,0.000,0.000,0.168,0.010,0,NULL,NULL,,2,0,1,7,255,1010,250,0,0
baseline,1899,1899,0,639956.831,0.781,0.102,0.084,0.610,0,0,0,73,0,119,0,37,59,0.010,282,0,19.373,0.142,5.740,-13.380,12.780,0.092,-0.094,0.926,-0.062,0.128,-0.656,0.000,0.000,0.168,0.010,0,NULL,NULL,,2,0,1,7,255,1010,250,0,0
baseline,1899,1899,0,639961.830,0.781,0.102,0.085,0.610,0,0,0,77,0,120,0,39,59,0.010,282,0,19.702,0.133,6.340,-13.700,12.660,0.095,-0.096,0.925,-0.052,0.122,-0.738,0.000,0.000,0.168,0.010,0,NULL,NULL,,2,0,1,7,255,1010,250,0,0
baseline,1899,1899,0,639966.831,0.782,0.102,0.085,0.609,0,0,0,83,0,121,0,33,59,0.010,282,0,19.888,0.107,6.040,-13.880,12.900,0.096,-0.096,0.924,-0.052,0.094,-0.740,0.000,0.000,0.168,0.010,0,NULL,NULL,,2,0,1,7,255,1010,250,0,0
baseline,1899,1899,0,639971.831,0.782,0.102,0.085,0.609,0,0,0,83,0,124,0,30,59,0.010,282,0,19.797,0.104,5.300,-13.940,13.020,0.097,-0.090,0.917,-0.052,0.090,-0.744,0.000,0.000,0.168,0.010,0,NULL,NULL,,2,0,1,7,255,1010,250,0,0
baseline,1899,1899,0,639976.831,0.782,0.102,0.086,0.608,0,0,0,73,0,117,0,31,59,0.010,282,0,20.097,0.089,5.800,-14.000,13.200,0.099,-0.093,0.908,-0.022,0.086,-0.820,0.000,0.000,0.168,0.010,0,NULL,NULL,,2,0,1,7,255,1010,250,0,0
baseline,1930,1930,0,639981.831,0.783,0.103,0.086,0.608,0,0,0,69,0,121,0,31,59,0.010,282,0,20.424,0.046,6.580,-13.880,13.460,0.100,-0.108,0.908,-0.022,0.040,-0.892,0.000,0.000,0.168,0.010,0,NULL,NULL,,2,0,1,7,255,1010,250,0,0
baseline,1930,1930,0,639986.831,0.783,0.103,0.087,0.607,0,0,0,71,0,119,0,33,59,0.010,282,0,20.101,0.164,6.900,-13.380,13.320,0.101,-0.109,0.912,-0.164,0.004,-0.892,0.000,0.000,0.168,0.010,0,NULL,NULL,,2,0,1,7,255,1010,250,0,0
baseline,1930,1930,0,639991.830,0.783,0.103,0.087,0.607,0,0,0,77,0,115,0,31,59,0.010,282,0,19.394,0.164,7.140,-12.660,12.840,0.104,-0.102,0.916,-0.164,0.004,-0.852,0.000,0.000,0.168,0.010,0,NULL,NULL,,2,0,1,7,255,1010,250,0,0
baseline,1930,1930,0,639996.831,0.784,0.103,0.087,0.606,0,0,0,83,0,116,0,29,59,0.010,282,0,18.668,0.138,7.080,-11.620,12.780,0.105,-0.105,0.920,-0.138,0.006,-0.812,0.000,0.000,0.168,0.010,0,NULL,NULL,,2,0,1,7,255,1010,250,0,0
baseline,1930,1930,0,640001.831,0.784,0.103,0.087,0.606,0,0,0,83,0,118,0,28,59,0.010,282,0,17.812,0.138,6.460,-10.520,12.840,0.109,-0.107,0.922,-0.138,0.006,-0.768,0.000,0.000,0.168,0.010,0,NULL,NULL,,2,0,1,7,255,1010,250,0,0
baseline,1930,1930,0,640006.831,0.784,0.103,0.088,0.605,0,0,0,77,0,116,0,33,59,0.010,282,0,16.785,0.158,5.980,-9.420,12.540,0.111,-0.110,0.922,-0.156,-0.026,-0.734,0.000,0.000,0.168,0.010,0,NULL,NULL,,2,0,1,7,255,1010,250,0,0
baseline,1978,1978,0,640011.831,0.785,0.103,0.088,0.605,0,0,0,77,0,121,0,37,59,0.010,282,0,15.796,0.183,5.860,-8.380,12.040,0.117,-0.113,0.918,-0.176,-0.050,-0.734,0.000,0.000,0.168,0.010,0,NULL,NULL,,2,0,1,7,255,1010,250,0,0
baseline,1978,1978,0,640016.831,0.785,0.103,0.088,0.604,0,0,0,81,0,117,0,27,59,0.010,282,0,14.988,0.212,5.860,-7.340,11.680,0.125,-0.113,0.916,-0.176,-0.118,-0.750,0.000,0.000,0.168,0.010,0,NULL,NULL,,2,0,1,7,255,1010,250,0,0
baseline,1978,1978,0,640021.830,0.785,0.103,0.088,0.604,0,0,0,84,0,121,0,29,59,0.010,282,0,14.360,0.261,5.800,-6.240,11.560,0.135,-0.112,0.914,-0.170,-0.198,-0.750,0.000,0.000,0.168,0.010,0,NULL,NULL,,2,0,1,7,255,1010,250,0,0
baseline,1978,1978,0,640026.831,0.786,0.103,0.088,0.603,0,0,0,82,0,115,0,26,59,0.010,282,0,13.714,0.327,5.860,-4.780,11.440,0.146,-0.113,0.910,-0.140,-0.296,-0.752,0.000,0.000,0.168,0.010,0,NULL,NULL,,2,0,1,7,255,1010,250,0,0
baseline,1978,1978,0,640031.830,0.786,0.103,0.088,0.603,0,0,0,85,0,121,0,31,59,0.010,282,0,13.988,0.433,6.900,-3.200,11.740,0.155,-0.118,0.913,-0.140,-0.410,-0.750,0.000,0.000,0.168,0.010,0,NULL,NULL,,2,0,1,7,255,1010,250,0,0
baseline,1978,1978,0,640036.831,0.786,0.103,0.088,0.603,0,0,0,84,0,124,0,31,59,0.010,282,0,14.009,0.511,7.020,-1.420,12.040,0.160,-0.121,0.920,-0.144,-0.490,-0.702,0.000,0.000,0.168,0.010,0,NULL,NULL,,2,0,1,7,255,1010,250,0,0
baseline,1978,1978,0,640041.830,0.787,0.103,0.088,0.602,0,0,0,86,0,116,0,29,59,0.010,282,0,14.088,0.545,6.960,0.460,12.240,0.163,-0.118,0.920,-0.144,-0.526,-0.620,0.000,0.000,0.168,0.010,0,NULL,NULL,,2,0,1,7,255,1010,250,0,0
baseline,1994,1994,0,640046.831,0.787,0.103,0.088,0.602,0,0,0,83,0,119,0,33,59,0.010,282,0,14.800,0.571,7.860,2.120,12.360,0.165,-0.117,0.926,-0.128,-0.556,-0.616,0.000,0.000,0.168,0.010,0,NULL,NULL,,2,0,1,7,255,1010,250,0,0
baseline,1994,1994,0,640051.831,0.788,0.102,0.088,0.601,0,0,0,85,0,117,0,33,59,0.010,282,0,15.048,0.571,8.000,3.340,12.300,0.167,-0.120,0.935,-0.128,-0.556,-0.558,0.000,0.000,0.168,0.010,0,NULL,NULL,,2,0,1,7,255,1010,250,0,0
baseline,1994,1994,0,640056.831,0.788,0.102,0.088,0.601,0,0,0,75,0,117,0,35,59,0.010,282,0,14.562,0.588,6.960,4.320,12.040,0.170,-0.121,0.935,-0.144,-0.570,-0.466,0.000,0.000,0.168,0.010,0,NULL,NULL,,2,0,1,7,255,1010,250,0,0
baseline,1994,1994,0,640061.831,0.788,0.102,0.088,0.600,0,0,0,85,0,118,0,31,59,0.010,282,0,14.247,0.623,6.220,4.860,11.860,0.173,-0.121,0.923,-0.144,-0.606,-0.466,0.000,0.000,0.168,0.010,0,NULL,NULL,,2,0,1,7,255,1010,250,0,0
baseline,1994,1994,0,640066.831,0.789,0.102,0.088,0.600,0,0,0,76,0,119,0,35,59,0.010,282,0,14.643,0.690,6.760,5.160,11.920,0.178,-0.125,0.916,-0.146,-0.674,-0.556,0.000,0.000,0.168,0.010,0,NULL,NULL,,2,0,1,7,255,1010,250,0,0
baseline,2010,2010,0,640071.831,0.789,0.101,0.087,0.599,0,0,0,82,0,121,0,37,59,0.010,282,0,15.062,0.758,7.860,5.220,11.740,0.176,-0.129,0.921,-0.156,-0.742,-0.564,0.000,0.000,0.168,0.010,0,NULL,NULL,,2,0,1,7,255,1010,250,0,0
baseline,2010,2010,0,640076.831,0.790,0.101,0.087,0.599,0,0,0,79,0,121,0,27,59,0.010,282,0,14.853,0.768,8.360,5.160,11.140,0.178,-0.131,0.933,-0.200,-0.742,-0.564,0.000,0.000,0.168,0.010,0,NULL,NULL,,2,0,1,7,255,1010,250,0,0
baseline,2010,2010,0,640081.830,0.790,0.101,0.087,0.599,0,0,0,87,0,121,0,29,59,0.010,282,0,13.987,0.775,7.800,5.160,10.400,0.184,-0.133,0.939,-0.224,-0.742,-0.452,0.000,0.000,0.168,0.010,0,NULL,NULL,,2,0,1,7,255,1010,250,0,0
baseline,2010,2010,0,640086.831,0.790,0.100,0.087,0.598,0,0,0,81,0,116,0,31,59,0.010,282,0,13.510,0.822,7.620,5.220,9.860,0.192,-0.136,0.941,-0.226,-0.790,-0.378,0.000,0.000,0.168,0.010,0,NULL,NULL,,2,0,1,7,255,1010,250,0,0
baseline,2026,2026,0,640091.831,0.791,0.100,0.087,0.598,0,0,0,88,0,115,0,29,59,0.010,282,0,13.325,0.907,7.740,5.480,9.360,0.199,-0.142,0.944,-0.236,-0.876,-0.336,0.000,0.000,0.168,0.010,0,NULL,NULL,,2,0,1,7,255,1010,250,0,0
baseline,2026,2026,0,640096.831,0.791,0.100,0.087,0.598,0,0,0,81,0,117,0,36,59,0.010,282,0,13.250,0.979,7.800,5.900,8.940,0.202,-0.134,0.951,-0.236,-0.950,-0.290,0.000,0.000,0.168,0.010,0,NULL,NULL,,2,0,1,7,255,1010,250,0,0
baseline,2026,2026,0,640101.831,0.791,0.100,0.087,0.597,0,0,0,80,0,122,0,31,59,0.010,282,0,12.709,0.974,7.320,6.380,8.200,0.209,-0.135,0.956,-0.196,-0.954,-0.214,0.000,0.000,0.168,0.010,0,NULL,NULL,,2,0,1,7,255,1010,250,0,0
baseline,2042,2042,0,640106.831,0.791,0.099,0.086,0.597,0,0,0,73,0,120,0,31,59,0.010,282,0,12.565,1.033,7.080,6.940,7.720,0.218,-0.147,0.957,-0.196,-1.014,-0.154,0.000,0.000,0.168,0.010,0,NULL,NULL,,2,0,1,7,255,1010,250,0,0
baseline,2042,2042,0,640111.830,0.792,0.099,0.086,0.597,0,0,0,85,0,122,0,29,59,0.010,282,0,13.010,1.147,7.500,7.180,7.840,0.226,-0.139,0.965,-0.184,-1.132,-0.116,0.000,0.000,0.168,0.010,0,NULL,NULL,,2,0,1,7,255,1010,250,0,0
baseline,2042,2042,0,640116.831,0.792,0.099,0.086,0.596,0,0,0,76,0,131,0,29,59,0.010,282,0,12.875,1.184,7.080,7.360,7.840,0.235,-0.129,0.972,-0.184,-1.170,-0.020,0.000,0.000,0.168,0.010,0,NULL,NULL,,2,0,1,7,255,1010,250,0,0
baseline,2075,2075,0,640121.831,0.792,0.098,0.086,0.596,0,0,0,77,0,117,0,37,59,0.010,282,0,12.747,1.225,6.340,7.420,8.200,0.244,-0.137,0.973,-0.112,-1.220,0.062,0.000,0.000,0.168,0.010,0,NULL,NULL,,2,0,1,7,255,1010,250,0,0
baseline,2075,2075,0,640126.831,0.793,0.098,0.085,0.596,0,0,0,78,0,121,0,33,59,0.010,282,0,13.090,1.335,5.980,7.240,9.120,0.247,-0.146,0.970,-0.112,-1.330,0.082,0.000,0.000,0.168,0.010,0,NULL,NULL,,2,0,1,7,255,1010,250,0,0
baseline,2075,2075,0,640131.831,0.793,0.098,0.085,0.595,0,0,0,85,0,118,0,34,59,0.010,282,0,13.460,1.361,6.520,6.820,9.600,0.244,-0.142,0.973,-0.156,-1.352,0.096,0.000,0.000,0.168,0.010,0,NULL,NULL,,2,0,1,7,255,1010,250,0,0
baseline,2075,2075,0,640136.831,0.793,0.098,0.085,0.595,0,0,0,85,0,118,0,37,59,0.010,282,0,13.624,1.361,7.320,6.580,9.420,0.245,-0.140,0.990,-0.156,-1.352,0.096,0.000,0.000,0.168,0.010,0,NULL,NULL,,2,0,1,7,255,1010,250,0,0
baseline,2075,2075,0,640141.831,0.793,0.097,0.085,0.595,0,0,0,83,0,121,0,35,59,0.010,282,0,13.164,1.343,6.900,6.520,9.120,0.249,-0.146,1.010,-0.156,-1.334,0.260,0.000,0.000,0.168,0.010,0,NULL,NULL,,2,0,1,7,255,1010,250,0,0
baseline,2075,2075,0,640146.831,0.794,0.097,0.085,0.594,0,0,0,81,0,119,0,26,59,0.010,282,0,12.672,1.350,5.000,6.760,9.480,0.253,-0.149,1.017,-0.204,-1.334,0.466,0.000,0.000,0.168,0.010,0,NULL,NULL,,2,0,1,7,255,1010,250,0,0
baseline,2091,2091,0,640151.830,0.794,0.097,0.084,0.594,0,0,0,82,0,121,0,26,59,0.010,282,0,12.520,1.363,3.480,7.000,9.780,0.250,-0.142,1.012,-0.204,-1.348,0.488,0.000,0.000,0.168,0.010,0,NULL,NULL,,2,0,1,7,255,1010,250,0,0
baseline,2091,2091,0,640156.831,0.794,0.097,0.084,0.594,0,0,0,84,0,117,0,27,59,0.010,282,0,12.314,1.356,3.100,7.300,9.420,0.248,-0.139,1.010,-0.148,-1.348,0.488,0.000,0.000,0.168,0.010,0,NULL,NULL,,2,0,1,7,255,1010,250,0,0
baseline,2092,2092,0,640161.831,0.795,0.097,0.084,0.593,0,0,0,77,0,124,0,31,59,0.010,282,0,11.945,1.352,2.620,7.180,9.180,0.248,-0.143,1.010,-0.148,-1.344,0.464,0.000,0.000,0.168,0.010,0,NULL,NULL,,2,0,1,7,255,1010,250,0,0
baseline,2092,2092,0,640166.831,0.795,0.097,0.084,0.593,0,0,0,77,0,120,0,29,59,0.010,282,0,11.497,1.353,1.580,6.820,9.120,0.248,-0.146,1.009,-0.160,-1.344,0.458,0.000,0.000,0.168,0.010,0,NULL,NULL,,2,0,1,7,255,1010,250,0,0
baseline,2106,2106,0,640171.831,0.795,0.097,0.083,0.593,0,0,0,85,0,121,0,33,59,0.010,282,0,10.939,1.375,0.980,6.140,9.000,0.248,-0.149,1.001,-0.186,-1.362,0.456,0.000,0.000,0.168,0.010,0,NULL,NULL,,2,0,1,7,255,1010,250,0,0
baseline,2106,2106,0,640176.831,0.795,0.097,0.083,0.592,0,0,0,87,0,120,0,33,59,0.010,282,0,10.444,1.408,1.460,5.300,8.880,0.250,-0.151,0.997,-0.200,-1.394,0.378,0.000,0.000,0.168,0.010,0,NULL,NULL,,2,0,1,7,255,1010,250,0,0
baseline,2122,2122,0,640181.831,0.796,0.097,0.083,0.592,0,0,0,88,0,123,0,36,59,0.010,282,0,10.170,1.442,1.940,4.320,9.000,0.249,-0.150,0.998,-0.200,-1.428,0.350,0.000,0.000,0.168,0.010,0,NULL,NULL,,2,0,1,7,255,1010,250,0,0
baseline,2122,2122,0,640186.831,0.796,0.096,0.083,0.592,0,0,0,79,0,124,0,29,59,0.010,282,0,10.082,1.442,2.260,3.340,9.240,0.248,-0.147,1.003,-0.198,-1.428,0.350,0.000,0.000,0.168,0.010,0,NULL,NULL,,2,0,1,7,255,1010,250,0,0
baseline,2122,2122,0,640191.831,0.796,0.096,0.082,0.591,0,0,0,83,0,132,0,39,59,0.010,282,0,10.101,1.408,2.620,2.300,9.480,0.240,-0.151,1.009,-0.198,-1.394,0.402,0.000,0.000,0.168,0.010,0,NULL,NULL,,2,0,1,7,255,1010,250,0,0
baseline,2122,2122,0,640196.831,0.797,0.097,0.082,0.591,0,0,0,79,0,133,0,33,59,0.010,282,0,9.748,1.343,2.380,1.320,9.360,0.232,-0.152,1.021,-0.226,-1.324,0.436,0.000,0.000,0.168,0.010,0,NULL,NULL,,2,0,1,7,255,1010,250,0,0
baseline,2138,2138,0,640201.831,0.797,0.097,0.082,0.591,0,0,0,87,0,123,0,33,59,0.010,282,0,8.997,1.251,1.700,0.520,8.820,0.228,-0.145,1.028,-0.226,-1.230,0.528,0.000,0.000,0.168,0.010,0,NULL,NULL,,2,0,1,7,255,1010,250,0,0
baseline,2138,2138,0,640206.831,0.797,0.097,0.082,0.590,0,0,0,81,0,125,0,29,59,0.010,282,0,8.349,1.170,0.660,-0.200,8.320,0.227,-0.142,1.030,-0.202,-1.152,0.590,0.000,0.000,0.168,0.010,0,NULL,NULL,,2,0,1,7,255,1010,250,0,0
baseline,2138,2138,0,640211.831,0.797,0.097,0.082,0.590,0,0,0,85,0,123,0,31,59,0.010,282,0,8.128,1.165,-0.320,-0.820,8.080,0.229,-0.143,1.030,-0.176,-1.152,0.608,0.000,0.000,0.168,0.010,0,NULL,NULL,,2,0,1,7,255,1010,250,0,0
baseline,2138,2138,0,640216.831,0.797,0.097,0.082,0.590,0,0,0,76,0,122,0,37,59,0.010,282,0,8.206,1.171,-1.220,-1.240,8.020,0.230,-0.145,1.028,-0.176,-1.158,0.608,0.000,0.000,0.168,0.010,0,NULL,NULL,,2,0,1,7,255,1010,250,0,0
baseline,2138,2138,0,640221.831,0.798,0.097,0.082,0.590,0,0,0,85,0,125,0,36,59,0.010,282,0,8.273,1.188,-1.840,-1.300,7.960,0.229,-0.146,1.023,-0.182,-1.174,0.598,0.000,0.000,0.168,0.010,0,NULL,NULL,,2,0,1,7,255,1010,250,0,0
baseline,2170,2170,0,640226.831,0.798,0.097,0.082,0.589,0,0,0,85,0,131,0,30,59,0.010,282,0,8.285,1.188,-1.400,-1.180,8.080,0.225,-0.145,1.021,-0.182,-1.174,0.550,0.000,0.000,0.168,0.010,0,NULL,NULL,,2,0,1,7,255,1010,250,0,0
baseline,2170,2170,0,640231.830,0.798,0.098,0.081,0.589,0,0,0,86,0,127,0,30,59,0.010,282,0,8.469,1.155,-0.980,-1.240,8.320,0.217,-0.143,1.031,-0.184,-1.140,0.550,0.000,0.000,0.168,0.010,0,NULL,NULL,,2,0,1,7,255,1010,250,0,0
baseline,2170,2170,0,640236.831,0.798,0.098,0.081,0.589,0,0,0,79,0,135,0,37,59,0.010,282,0,8.219,1.058,-1.900,-1.240,7.900,0.213,-0.140,1.037,-0.182,-1.042,0.596,0.000,0.000,0.168,0.010,0,NULL,NULL,,2,0,1,7,255,1010,250,0,0
baseline,2170,2170,0,640241.831,0.798,0.098,0.081,0.588,0,0,0,81,0,123,0,39,59,0.010,282,0,8.402,1.008,-3.360,-1.240,7.600,0.212,-0.140,1.029,-0.166,-0.994,0.596,0.000,0.000,0.168,0.010,0,NULL,NULL,,2,0,1,7,255,1010,250,0,0
baseline,2170,2170,0,640246.831,0.799,0.098,0.081,0.588,0,0,0,87,0,133,0,35,59,0.010,282,0,8.747,1.006,-3.780,-1.300,7.780,0.211,-0.141,1.016,-0.156,-0.994,0.562,0.000,0.000,0.168,0.010,0,NULL,NULL,,2,0,1,7,255,1010,250,0,0
baseline,2170,2170,0,640251.830,0.799,0.099,0.081,0.588,0,0,0,83,0,135,0,37,59,0.010,282,0,8.824,1.006,-3.420,-1.360,8.020,0.203,-0.141,1.009,-0.156,-0.994,0.436,0.000,0.000,0.168,0.010,0,NULL,NULL,,2,0,1,7,255,1010,250,0,0
baseline,2202,2202,0,640256.831,0.799,0.099,0.081,0.588,0,0,0,82,0,128,0,37,59,0.010,282,0,8.468,0.965,-3.120,-1.540,7.720,0.192,-0.136,1.009,-0.156,-0.952,0.356,0.000,0.000,0.168,0.010,0,NULL,NULL,,2,0,1,7,255,1010,250,0,0
baseline,2202,2202,0,640261.830,0.799,0.099,0.080,0.587,0,0,0,88,0,126,0,31,59,0.010,282,0,8.045,0.856,-3.420,-1.860,7.040,0.186,-0.135,1.011,-0.156,-0.842,0.328,0.000,0.000,0.168,0.010,0,NULL,NULL,,2,0,1,7,255,1010,250,0,0
baseline,2202,2202,0,640266.831,0.799,0.099,0.080,0.587,0,0,0,81,0,124,0,39,59,0.010,282,0,8.155,0.790,-4.040,-2.520,6.620,0.180,-0.137,1.006,-0.156,-0.774,0.324,0.000,0.000,0.168,0.010,0,NULL,NULL,,2,0,1,7,255,1010,250,0,0
baseline,2202,2202,0,640271.831,0.800,0.100,0.080,0.587,0,0,0,83,0,128,0,39,59,0.010,282,0,8.343,0.763,-4.640,-3.260,6.120,0.177,-0.138,0.998,-0.184,-0.740,0.274,0.000,0.000,0.168,0.010,0,NULL,NULL,,2,0,1,7,255,1010,250,0,0
baseline,2202,2202,0,640276.831,0.800,0.100,0.080,0.587,0,0,0,85,0,124,0,37,59,0.010,282,0,8.231,0.753,-4.700,-3.980,5.460,0.175,-0.137,0.988,-0.184,-0.730,0.184,0.000,0.000,0.168,0.010,0,NULL,NULL,,2,0,1,7,255,1010,250,0,0
baseline,2202,2202,0,640281.831,0.800,0.100,0.080,0.587,0,0,0,81,0,127,0,35,59,0.010,282,0,7.976,0.749,-4.160,-4.660,4.960,0.173,-0.136,0.981,-0.176,-0.728,0.090,0.000,0.000,0.168,0.010,0,NULL,NULL,,2,0,1,7,255,1010,250,0,0
baseline,2218,2218,0,640286.831,0.800,0.101,0.080,0.586,0,0,0,85,0,127,0,33,59,0.010,282,0,7.887,0.743,-3.420,-5.260,4.780,0.168,-0.135,0.981,-0.168,-0.724,0.022,0.000,0.000,0.168,0.010,0,NULL,NULL,,2,0,1,7,255,1010,250,0,0
baseline,2234,2234,0,640291.830,0.800,0.101,0.080,0.586,0,0,0,85,0,128,0,40,59,0.010,282,0,8.189,0.697,-3.000,-6.120,4.540,0.164,-0.134,0.983,-0.168,-0.676,0.014,0.000,0.000,0.168,0.010,0,NULL,NULL,,2,0,1,7,255,1010,250,0,0
baseline,2234,2234,0,640296.831,0.800,0.101,0.080,0.586,0,0,0,83,0,135,0,39,59,0.010,282,0,8.537,0.646,-2.940,-6.980,3.940,0.160,-0.131,0.987,-0.168,-0.624,0.014,0.000,0.000,0.168,0.010,0,NULL,NULL,,2,0,1,7,255,1010,250,0,0
baseline,2234,2234,0,640301.831,0.800,0.102,0.080,0.586,0,0,0,88,0,125,0,37,59,0.010,282,0,8.739,0.582,-2.880,-7.580,3.260,0.161,-0.128,0.987,-0.150,-0.562,0.040,0.000,0.000,0.168,0.010,0,NULL,NULL,,2,0,1,7,255,1010,250,0,0
baseline,2234,2234,0,640306.831,0.800,0.102,0.080,0.586,0,0,0,85,0,131,0,36,59,0.010,282,0,8.876,0.568,-2.760,-7.900,2.960,0.162,-0.128,0.988,-0.116,-0.556,0.046,0.000,0.000,0.168,0.010,0,NULL,NULL,,2,0,1,7,255,1010,250,0,0
baseline,2283,2283,0,640311.830,0.800,0.102,0.080,0.586,0,0,0,85,0,123,0,40,59,0.010,282,0,8.974,0.566,-3.060,-7.900,2.960,0.158,-0.126,0.987,-0.106,-0.556,0.046,0.000,0.000,0.168,0.010,0,NULL,NULL,,2,0,1,7,255,1010,250,0,0
baseline,2283,2283,0,640316.831,0.800,0.103,0.080,0.585,0,0,0,87,0,123,0,35,59,0.010,282,0,8.706,0.519,-3.060,-7.640,2.840,0.151,-0.124,0.985,-0.096,-0.510,0.038,0.000,0.000,0.168,0.010,0,NULL,NULL,,2,0,1,7,255,1010,250,0,0
baseline,2283,2283,0,640321.830,0.800,0.103,0.080,0.585,0,0,0,90,0,131,0,35,59,0.010,282,0,8.175,0.454,-2.620,-7.400,2.280,0.146,-0.119,0.986,-0.094,-0.444,-0.002,0.000,0.000,0.168,0.010,0,NULL,NULL,,2,0,1,7,255,1010,250,0,0
baseline,2283,2283,0,640326.831,0.800,0.103,0.080,0.585,0,0,0,88,0,123,0,39,59,0.010,282,0,7.767,0.383,-2.620,-7.160,1.480,0.146,-0.120,0.987,-0.064,-0.378,-0.002,0.000,0.000,0.168,0.010,0,NULL,NULL,,2,0,1,7,255,1010,250,0,0
baseline,2283,2283,0,640331.830,0.800,0.103,0.080,0.585,0,0,0,86,0,125,0,40,59,0.010,282,0,7.484,0.383,-2.940,-6.800,1.060,0.152,-0.124,0.983,-0.064,-0.378,-0.004,0.000,0.000,0.168,0.010,0,NULL,NULL,,2,0,1,7,255,1010,250,0,0
baseline,2283,2283,0,640336.831,0.800,0.104,0.080,0.585,0,0,0,86,0,133,0,39,59,0.010,282,0,6.842,0.451,-2.760,-6.180,1.000,0.157,-0.125,0.975,-0.068,-0.446,-0.012,0.000,0.000,0.168,0.010,0,NULL,NULL,,2,0,1,7,255,1010,250,0,0
baseline,2283,2283,0,640341.831,0.800,0.104,0.080,0.585,0,0,0,91,0,128,0,38,59,0.010,282,0,5.645,0.501,-1.600,-5.320,1.000,0.156,-0.122,0.973,-0.068,-0.496,-0.084,0.000,0.000,0.168,0.010,0,NULL,NULL,,2,0,1,7,255,1010,250,0,0
baseline,2304,2304,0,640346.831,0.800,0.104,0.080,0.585,0,0,0,87,0,128,0,33,59,0.010,282,0,4.503,0.498,-0.380,-4.360,1.060,0.155,-0.123,0.978,-0.046,-0.496,-0.084,0.000,0.000,0.168,0.010,0,NULL,NULL,,2,0,1,7,255,1010,250,0,0
baseline,2304,2304,0,640351.830,0.800,0.104,0.080,0.585,0,0,0,87,0,127,0,39,59,0.010,282,0,3.736,0.476,-0.120,-3.500,1.300,0.154,-0.117,0.982,-0.040,-0.474,-0.062,0.000,0.000,0.168,0.010,0,NULL,NULL,,2,0,1,7,255,1010,250,0,0
baseline,2304,2304,0,640356.831,0.800,0.104,0.080,0.585,0,0,0,91,0,126,0,34,59,0.010,282,0,3.086,0.434,-0.240,-2.760,1.360,0.150,-0.112,0.983,0.000,-0.434,-0.026,0.000,0.000,0.168,0.010,0,NULL,NULL,,2,0,1,7,255,1010,250,0,0
baseline,2304,2304,0,640361.831,0.800,0.104,0.080,0.585,0,0,0,92,0,124,0,38,59,0.010,282,0,2.614,0.383,-0.240,-2.220,1.360,0.148,-0.112,0.983,0.032,-0.382,-0.026,0.000,0.000,0.168,0.010,0,NULL,NULL,,2,0,1,7,255,1010,250,0,0
baseline,2304,2304,0,640366.831,0.800,0.104,0.080,0.585,0,0,0,89,0,123,0,39,59,0.010,282,0,2.371,0.365,-0.380,-1.860,1.420,0.146,-0.114,0.981,0.032,-0.364,-0.032,0.000,0.000,0.168,0.010,0,NULL,NULL,,2,0,1,7,255,1010,250,0,0
baseline,2304,2304,0,640371.831,0.801,0.104,0.079,0.585,0,0,0,89,0,133,0,40,59,0.010,282,0,2.134,0.364,-0.380,-1.600,1.360,0.146,-0.114,0.977,0.018,-0.364,-0.050,0.000,0.000,0.168,0.010,0,NULL,NULL,,2,0,1,7,255,1010,250,0,0
baseline,2304,2304,0,640376.831,0.801,0.104,0.079,0.585,0,0,0,84,0,133,0,38,59,0.010,282,0,1.925,0.356,0.000,-1.300,1.420,0.146,-0.110,0.976,0.018,-0.356,-0.092,0.000,0.000,0.168,0.010,0,NULL,NULL,,2,0,1,7,255,1010,250,0,0
baseline,2304,2304,0,640381.830,0.801,0.104,0.079,0.585,0,0,0,85,0,133,0,41,59,0.010,282,0,1.995,0.360,0.180,-1.060,1.680,0.146,-0.109,0.976,0.056,-0.356,-0.108,0.000,0.000,0.168,0.010,0,NULL,NULL,,2,0,1,7,255,1010,250,0,0
baseline,2314,2314,0,640386.831,0.801,0.104,0.079,0.585,0,0,0,89,0,125,0,35,59,0.010,282,0,2.032,0.360,0.300,-0.760,1.860,0.142,-0.106,0.975,0.068,-0.354,-0.108,0.000,0.000,0.168,0.010,0,NULL,NULL,,2,0,1,7,255,1010,250,0,0
baseline,2331,2331,0,640391.831,0.801,0.104,0.079,0.584,0,0,0,88,0,135,0,37,59,0.010,282,0,2.123,0.328,0.180,-0.560,2.040,0.142,-0.102,0.975,0.082,-0.318,-0.126,0.000,0.000,0.168,0.010,0,NULL,NULL,,2,0,1,7,255,1010,250,0,0
baseline,2331,2331,0,640396.831,0.801,0.104,0.079,0.584,0,0,0,87,0,125,0,42,59,0.010,282,0,1.958,0.326,0.060,-0.380,1.920,0.142,-0.099,0.974,0.128,-0.300,-0.128,0.000,0.000,0.168,0.010,0,NULL,NULL,,2,0,1,7,255,1010,250,0,0
baseline,2346,2346,0,640401.831,0.801,0.104,0.079,0.584,0,0,0,92,0,135,0,35,59,0.010,282,0,1.986,0.340,-0.060,-0.140,1.980,0.147,-0.096,0.971,0.160,-0.300,-0.134,0.000,0.000,0.168,0.010,0,NULL,NULL,,2,0,1,7,255,1010,250,0,0
baseline,2346,2346,0,640406.831,0.801,0.104,0.079,0.584,0,0,0,77,0,123,0,43,59,0.010,282,0,2.583,0.388,0.120,-0.020,2.580,0.152,-0.101,0.969,0.176,-0.346,-0.152,0.000,0.000,0.168,0.010,0,NULL,NULL,,2,0,1,7,255,1010,250,0,0
baseline,2346,2346,0,640411.830,0.801,0.104,0.078,0.584,0,0,0,89,0,128,0,40,59,0.010,282,0,3.228,0.421,0.420,-0.020,3.200,0.148,-0.102,0.970,0.176,-0.382,-0.158,0.000,0.000,0.168,0.010,0,NULL,NULL,,2,0,1,7,255,1010,250,0,0
baseline,2346,2346,0,640416.831,0.801,0.104,0.078,0.584,0,0,0,88,0,124,0,41,59,0.010,282,0,3.138,0.420,0.600,0.040,3.080,0.147,-0.100,0.972,0.174,-0.382,-0.158,0.000,0.000,0.168,0.010,0,NULL,NULL,,2,0,1,7,255,1010,250,0,0
baseline,2379,2379,0,640421.831,0.801,0.104,0.078,0.584,0,0,0,88,0,128,0,42,59,0.010,282,0,3.092,0.414,0.660,-0.080,3.020,0.149,-0.099,0.974,0.174,-0.376,-0.140,0.000,0.000,0.168,0.010,0,NULL,NULL,,2,0,1,7,255,1010,250,0,0
baseline,2379,2379,0,640426.831,0.801,0.104,0.078,0.584,0,0,0,93,0,125,0,35,59,0.010,282,0,3.372,0.419,0.840,-0.200,3.260,0.152,-0.099,0.976,0.186,-0.376,-0.116,0.000,0.000,0.168,0.010,0,NULL,NULL,,2,0,1,7,255,1010,250,0,0
baseline,2379,2379,0,640431.831,0.801,0.104,0.078,0.584,0,0,0,91,0,123,0,37,59,0.010,282,0,3.634,0.441,0.840,-0.500,3.500,0.152,-0.102,0.978,0.186,-0.400,-0.094,0.000,0.000,0.168,0.010,0,NULL,NULL,,2,0,1,7,255,1010,250,0,0
baseline,2379,2379,0,640436.831,0.802,0.104,0.078,0.584,0,0,0,85,0,128,0,38,59,0.010,282,0,3.724,0.436,0.840,-0.700,3.560,0.152,-0.106,0.977,0.174,-0.400,-0.076,0.000,0.000,0.168,0.010,0,NULL,NULL,,2,0,1,7,255,1010,250,0,0
baseline,2379,2379,0,640441.830,0.802,0.104,0.078,0.583,0,0,0,87,0,133,0,42,59,0.010,282,0,3.784,0.456,1.220,-0.760,3.500,0.154,-0.102,0.977,0.174,-0.422,-0.074,0.000,0.000,0.168,0.010,0,NULL,NULL,,2,0,1,7,255,1010,250,0,0
baseline,2379,2379,0,640446.831,0.802,0.104,0.078,0.583,0,0,0,83,0,121,0,43,59,0.010,282,0,4.017,0.458,1.820,-0.760,3.500,0.153,-0.096,0.979,0.178,-0.422,-0.074,0.000,0.000,0.168,0.010,0,NULL,NULL,,2,0,1,7,255,1010,250,0,0
baseline,2379,2379,0,640451.830,0.802,0.104,0.078,0.583,0,0,0,89,0,127,0,37,59,0.010,282,0,4.240,0.452,1.940,-0.820,3.680,0.154,-0.099,0.985,0.210,-0.400,-0.056,0.000,0.000,0.168,0.010,0,NULL,NULL,,2,0,1,7,255,1010,250,0,0
baseline,2394,2394,0,640456.831,0.802,0.104,0.078,0.583,0,0,0,85,0,127,0,39,59,0.010,282,0,4.159,0.446,1.520,-1.000,3.740,0.149,-0.098,0.987,0.210,-0.394,-0.002,0.000,0.000,0.168,0.010,0,NULL,NULL,,2,0,1,7,255,1010,250,0,0
baseline,2394,2394,0,640461.831,0.802,0.104,0.078,0.583,0,0,0,84,0,125,0,35,59,0.010,282,0,3.782,0.408,1.220,-1.180,3.380,0.147,-0.094,0.982,0.210,-0.350,-0.002,0.000,0.000,0.168,0.010,0,NULL,NULL,,2,0,1,7,255,1010,250,0,0
baseline,2394,2394,0,640466.831,0.802,0.104,0.077,0.583,0,0,0,79,0,133,0,41,59,0.010,282,0,3.649,0.408,1.280,-1.480,3.080,0.148,-0.097,0.979,0.210,-0.350,-0.046,0.000,0.000,0.168,0.010,0,NULL,NULL,,2,0,1,7,255,1010,250,0,0
baseline,2411,2411,0,640471.831,0.802,0.104,0.077,0.583,0,0,0,72,0,124,0,35,59,0.010,282,0,3.792,0.419,1.340,-1.860,3.020,0.148,-0.099,0.975,0.210,-0.362,-0.076,0.000,0.000,0.168,0.010,0,NULL,NULL,,2,0,1,7,255,1010,250,0,0
baseline,2411,2411,0,640476.831,0.802,0.104,0.077,0.582,0,0,0,77,0,120,0,43,59,0.010,282,0,3.805,0.425,1.520,-2.280,2.640,0.146,-0.103,0.970,0.194,-0.378,-0.112,0.000,0.000,0.168,0.010,0,NULL,NULL,,2,0,1,7,255,1010,250,0,0
baseline,2411,2411,0,640481.831,0.802,0.104,0.077,0.582,0,0,0,76,0,121,0,35,59,0.010,282,0,3.863,0.410,2.140,-2.580,1.920,0.146,-0.103,0.969,0.160,-0.378,-0.158,0.000,0.000,0.168,0.010,0,NULL,NULL,,2,0,1,7,255,1010,250,0,0
baseline,2411,2411,0,640486.831,0.803,0.104,0.077,0.582,0,0,0,75,0,128,0,37,59,0.010,282,0,3.967,0.421,2.620,-2.760,1.120,0.153,-0.105,0.968,0.158,-0.390,-0.158,0.000,0.000,0.168,0.010,0,NULL,NULL,,2,0,1,7,255,1010,250,0,0
baseline,2427,2427,0,640491.831,0.803,0.104,0.077,0.582,0,0,0,71,0,120,0,35,59,0.010,282,0,4.468,0.487,3.540,-2.580,0.880,0.160,-0.105,0.968,0.160,-0.460,-0.156,0.000,0.000,0.168,0.010,0,NULL,NULL,,2,0,1,7,255,1010,250,0,0
baseline,2427,2427,0,640496.831,0.803,0.104,0.078,0.582,0,0,0,61,0,126,0,39,59,0.010,282,0,5.115,0.536,4.580,-2.100,0.880,0.162,-0.102,0.977,0.176,-0.506,-0.146,0.000,0.000,0.168,0.010,0,NULL,NULL,,2,0,1,7,255,1010,250,0,0
baseline,2427,2427,0,640501.830,0.803,0.104,0.078,0.582,0,0,0,70,0,124,0,35,59,0.010,282,0,4.962,0.559,4.700,-1.480,0.580,0.165,-0.103,0.984,0.204,-0.520,-0.060,0.000,0.000,0.168,0.010,0,NULL,NULL,,2,0,1,7,255,1010,250,0,0
baseline,2443,2443,0,640506.831,0.803,0.104,0.078,0.582,0,0,0,59,0,120,0,41,59,0.010,282,0,4.352,0.560,4.260,-0.880,0.140,0.168,-0.103,0.981,0.208,-0.520,0.002,0.000,0.000,0.168,0.010,0,NULL,NULL,,2,0,1,7,255,1010,250,0,0
baseline,2443,2443,0,640511.831,0.803,0.103,0.078,0.582,0,0,0,64,0,127,0,35,59,0.010,282,0,4.828,0.598,4.820,-0.260,0.080,0.171,-0.101,0.979,0.214,-0.558,0.002,0.000,0.000,0.168,0.010,0,NULL,NULL,,2,0,1,7,255,1010,250,0,0
baseline,2443,2443,0,640516.831,0.803,0.103,0.078,0.582,0,0,0,57,0,120,0,35,59,0.010,282,0,5.430,0.627,5.420,0.100,0.320,0.173,-0.103,0.981,0.218,-0.588,0.002,0.000,0.000,0.168,0.010,0,NULL,NULL,,2,0,1,7,255,1010,250,0,0
baseline,2443,2443,0,640521.830,0.803,0.103,0.078,0.582,0,0,0,64,0,123,0,37,59,0.010,282,0,5.509,0.648,5.480,0.460,0.320,0.175,-0.105,0.985,0.218,-0.610,0.014,0.000,0.000,0.168,0.010,0,NULL,NULL,,2,0,1,7,255,1010,250,0,0
baseline,2475,2475,0,640526.831,0.803,0.103,0.078,0.582,0,0,0,67,0,125,0,33,59,0.010,282,0,5.605,0.661,5.540,0.720,0.460,0.175,-0.108,0.989,0.200,-0.630,0.058,0.000,0.000,0.168,0.010,0,NULL,NULL,,2,0,1,7,255,1010,250,0,0
baseline,2476,2476,0,640531.831,0.803,0.103,0.078,0.582,0,0,0,64,0,127,0,38,59,0.010,282,0,5.765,0.659,5.680,0.840,0.520,0.177,-0.106,0.995,0.188,-0.632,0.090,0.000,0.000,0.168,0.010,0,NULL,NULL,,2,0,1,7,255,1010,250,0,0
baseline,2476,2476,0,640536.831,0.803,0.102,0.078,0.582,0,0,0,60,0,120,0,38,59,0.010,282,0,5.569,0.657,5.420,1.140,0.580,0.177,-0.105,1.000,0.188,-0.630,0.156,0.000,0.000,0.168,0.010,0,NULL,NULL,,2,0,1,7,255,1010,250,0,0
baseline,2476,2476,0,640541.831,0.803,0.102,0.078,0.582,0,0,0,61,0,123,0,39,59,0.010,282,0,5.097,0.659,4.820,1.440,0.820,0.181,-0.107,1.001,0.188,-0.632,0.202,0.000,0.000,0.168,0.010,0,NULL,NULL,,2,0,1,7,255,1010,250,0,0
baseline,2476,2476,0,640546.831,0.803,0.102,0.078,0.582,0,0,0,67,0,125,0,30,59,0.010,282,0,4.773,0.693,4.260,1.760,1.240,0.182,-0.108,0.997,0.186,-0.668,0.202,0.000,0.000,0.168,0.010,0,NULL,NULL,,2,0,1,7,255,1010,250,0,0
baseline,2476,2476,0,640551.830,0.803,0.102,0.077,0.582,0,0,0,67,0,126,0,40,59,0.010,282,0,4.723,0.715,3.960,2.000,1.620,0.180,-0.107,0.989,0.186,-0.690,0.182,0.000,0.000,0.168,0.010,0,NULL,NULL,,2,0,1,7,255,1010,250,0,0
baseline,2490,2490,0,640556.831,0.803,0.102,0.077,0.582,0,0,0,59,0,123,0,41,59,0.010,282,0,4.984,0.716,4.140,2.060,1.860,0.178,-0.106,0.981,0.190,-0.690,0.102,0.000,0.000,0.168,0.010,0,NULL,NULL,,2,0,1,7,255,1010,250,0,0
baseline,2509,2509,0,640561.830,0.803,0.102,0.077,0.582,0,0,0,73,0,123,0,35,59,0.010,282,0,5.251,0.721,4.460,1.940,1.980,0.177,-0.110,0.979,0.190,-0.696,0.024,0.000,0.000,0.168,0.010,0,NULL,NULL,,2,0,1,7,255,1010,250,0,0
baseline,2509,2509,0,640566.831,0.803,0.101,0.077,0.582,0,0,0,59,0,123,0,33,59,0.010,282,0,5.190,0.715,4.380,1.680,2.220,0.175,-0.113,0.979,0.156,-0.698,0.006,0.000,0.000,0.168,0.010,0,NULL,NULL,,2,0,1,7,255,1010,250,0,0
baseline,2509,2509,0,640571.831,0.804,0.101,0.077,0.581,0,0,0,71,0,121,0,37,59,0.010,282,0,4.869,0.709,4.140,1.380,2.160,0.173,-0.112,0.975,0.122,-0.698,0.000,0.000,0.000,0.168,0.010,0,NULL,NULL,,2,0,1,7,255,1010,250,0,0
baseline,2509,2509,0,640576.831,0.804,0.101,0.077,0.581,0,0,0,59,0,126,0,40,59,0.010,282,0,4.695,0.708,4.200,1.080,1.800,0.174,-0.114,0.969,0.120,-0.698,-0.046,0.000,0.000,0.168,0.010,0,NULL,NULL,,2,0,1,7,255,1010,250,0,0
baseline,2522,2522,0,640581.831,0.804,0.101,0.077,0.581,0,0,0,67,0,119,0,35,59,0.010,282,0,5.023,0.733,4.700,0.840,1.560,0.178,-0.116,0.964,0.112,-0.724,-0.098,0.000,0.000,0.168,0.010,0,NULL,NULL,,2,0,1,7,255,1010,250,0,0
baseline,2522,2522,0,640586.831,0.804,0.101,0.077,0.581,0,0,0,70,0,125,0,33,59,0.010,282,0,5.351,0.789,5.060,0.460,1.680,0.177,-0.118,0.965,0.108,-0.782,-0.120,0.000,0.000,0.168,0.010,0,NULL,NULL,,2,0,1,7,255,1010,250,0,0
baseline,2522,2522,0,640591.830,0.804,0.101,0.077,0.581,0,0,0,69,0,127,0,36,59,0.010,282,0,5.507,0.787,5.300,0.220,1.480,0.177,-0.117,0.964,0.092,-0.782,-0.128,0.000,0.000,0.168,0.010,0,NULL,NULL,,2,0,1,7,255,1010,250,0,0
baseline,2522,2522,0,640596.831,0.804,0.101,0.077,0.581,0,0,0,63,0,120,0,31,59,0.010,282,0,5.933,0.786,5.800,-0.140,1.240,0.180,-0.120,0.966,0.080,-0.782,-0.120,0.000,0.000,0.168,0.010,0,NULL,NULL,,2,0,1,7,255,1010,250,0,0
baseline,2538,2538,0,640601.831,0.804,0.100,0.077,0.581,0,0,0,71,0,121,0,33,59,0.010,282,0,6.292,0.821,6.160,-0.500,1.180,0.184,-0.126,0.970,0.066,-0.818,-0.108,0.000,0.000,0.168,0.010,0,NULL,NULL,,2,0,1,7,255,1010,250,0,0
baseline,2538,2538,0,640606.831,0.804,0.100,0.077,0.581,0,0,0,69,0,121,0,33,59,0.010,282,0,6.559,0.862,6.400,-0.820,1.180,0.187,-0.125,0.974,0.028,-0.862,-0.056,0.000,0.000,0.168,0.010,0,NULL,NULL,,2,0,1,7,255,1010,250,0,0
baseline,2587,2587,0,640611.831,0.804,0.100,0.077,0.581,0,0,0,69,0,121,0,33,59,0.010,282,0,6.840,0.876,6.700,-0.880,1.060,0.188,-0.125,0.978,0.028,-0.876,-0.018,0.000,0.000,0.168,0.010,0,NULL,NULL,,2,0,1,7,255,1010,250,0,0
baseline,2587,2587,0,640616.831,0.804,0.100,0.077,0.581,0,0,0,71,0,121,0,35,59,0.010,282,0,6.892,0.876,6.760,-0.820,1.060,0.190,-0.126,0.981,0.028,-0.876,0.026,0.000,0.000,0.168,0.010,0,NULL,NULL,,2,0,1,7,255,1010,250,0,0
baseline,2587,2587,0,640621.830,0.804,0.100,0.077,0.581,0,0,0,61,0,127,0,38,59,0.010,282,0,6.780,0.898,6.640,-0.700,1.180,0.190,-0.132,0.984,0.026,-0.898,0.066,0.000,0.000,0.168,0.010,0,NULL,NULL,,2,0,1,7,255,1010,250,0,0
baseline,2587,2587,0,640626.831,0.804,0.100,0.078,0.581,0,0,0,61,0,127,0,38,59,0.010,282,0,6.645,0.902,6.520,-0.500,1.180,0.190,-0.131,0.986,-0.028,-0.902,0.092,0.000,0.000,0.168,0.010,0,NULL,NULL,,2,0,1,7,255,1010,250,0,0
baseline,2587,2587,0,640631.830,0.804,0.099,0.078,0.581,0,0,0,69,0,124,0,30,59,0.010,282,0,6.308,0.912,6.220,-0.320,1.000,0.191,-0.129,0.987,-0.028,-0.912,0.112,0.000,0.000,0.168,0.010,0,NULL,NULL,,2,0,1,7,255,1010,250,0,0
baseline,2587,2587,0,640636.831,0.804,0.099,0.078,0.580,0,0,0,57,0,123,0,38,59,0.010,282,0,6.099,0.912,5.980,-0.200,1.180,0.193,-0.135,0.986,-0.028,-0.912,0.120,0.000,0.000,0.168,0.010,0,NULL,NULL,,2,0,1,7,255,1010,250,0,0
baseline,2587,2587,0,640641.830,0.805,0.099,0.078,0.580,0,0,0,61,0,121,0,35,59,0.010,282,0,5.858,0.948,5.680,-0.200,1.420,0.191,-0.137,0.984,-0.062,-0.946,0.120,0.000,0.000,0.168,0.010,0,NULL,NULL,,2,0,1,7,255,1010,250,0,0
baseline,2606,2606,0,640646.831,0.805,0.099,0.078,0.580,0,0,0,61,0,120,0,30,59,0.010,282,0,5.861,0.948,5.740,-0.080,1.180,0.191,-0.134,0.983,-0.062,-0.946,0.094,0.000,0.000,0.168,0.010,0,NULL,NULL,,2,0,1,7,255,1010,250,0,0
baseline,2606,2606,0,640651.831,0.805,0.099,0.078,0.580,0,0,0,60,0,125,0,37,59,0.010,282,0,6.191,0.950,6.100,-0.020,1.060,0.191,-0.139,0.988,-0.088,-0.946,0.094,0.000,0.000,0.168,0.010,0,NULL,NULL,,2,0,1,7,255,1010,250,0,0
baseline,2606,2606,0,640656.831,0.805,0.099,0.078,0.580,0,0,0,58,0,120,0,37,59,0.010,282,0,5.862,0.946,5.740,-0.140,1.180,0.188,-0.141,0.997,-0.106,-0.940,0.132,0.000,0.000,0.168,0.010,0,NULL,NULL,,2,0,1,7,255,1010,250,0,0
baseline,2606,2606,0,640661.830,0.805,0.099,0.078,0.580,0,0,0,63,0,124,0,30,59,0.010,282,0,4.663,0.912,4.580,-0.440,0.760,0.187,-0.134,0.998,-0.106,-0.906,0.212,0.000,0.000,0.168,0.010,0,NULL,NULL,,2,0,1,7,255,1010,250,0,0
baseline,2606,2606,0,640666.831,0.805,0.099,0.078,0.580,0,0,0,60,0,123,0,38,59,0.010,282,0,3.786,0.910,3.720,-0.700,0.080,0.190,-0.133,0.991,-0.086,-0.906,0.212,0.000,0.000,0.168,0.010,0,NULL,NULL,,2,0,1,7,255,1010,250,0,0
baseline,2606,2606,0,640671.831,0.805,0.099,0.078,0.580,0,0,0,60,0,123,0,35,59,0.010,282,0,3.885,0.918,3.720,-1.120,0.020,0.195,-0.140,0.986,-0.086,-0.914,0.158,0.000,0.000,0.168,0.010,0,NULL,NULL,,2,0,1,7,255,1010,250,0,0
baseline,2606,2606,0,640676.831,0.805,0.098,0.078,0.580,0,0,0,56,0,121,0,30,59,0.010,282,0,4.145,0.999,3.840,-1.540,0.260,0.196,-0.140,0.985,-0.104,-0.994,0.128,0.000,0.000,0.168,0.010,0,NULL,NULL,,2,0,1,7,255,1010,250,0,0
baseline,2606,2606,0,640681.830,0.805,0.098,0.078,0.580,0,0,0,61,0,121,0,35,59,0.010,282,0,4.272,1.007,3.720,-2.100,0.020,0.197,-0.135,0.984,-0.104,-1.002,0.120,0.000,0.000,0.168,0.010,0,NULL,NULL,,2,0,1,7,255,1010,250,0,0
baseline,2619,2619,0,640686.831,0.805,0.098,0.078,0.580,0,0,0,57,0,125,0,33,59,0.010,282,0,4.532,1.006,3.720,-2.580,-0.220,0.200,-0.133,0.982,-0.060,-1.004,0.112,0.000,0.000,0.168,0.010,0,NULL,NULL,,2,0,1,7,255,1010,250,0,0
baseline,2619,2619,0,640691.831,0.805,0.098,0.078,0.580,0,0,0,57,0,125,0,33,59,0.010,282,0,4.970,1.024,3.900,-3.080,0.020,0.201,-0.136,0.983,-0.056,-1.022,0.110,0.000,0.000,0.168,0.010,0,NULL,NULL,,2,0,1,7,255,1010,250,0,0
baseline,2619,2619,0,640696.831,0.805,0.098,0.078,0.580,0,0,0,55,0,124,0,29,59,0.010,282,0,5.115,1.024,3.780,-3.440,0.200,0.196,-0.134,0.983,-0.056,-1.022,0.098,0.000,0.000,0.168,0.010,0,NULL,NULL,,2,0,1,7,255,1010,250,0,0
baseline,2619,2619,0,640701.830,0.805,0.098,0.078,0.580,0,0,0,58,0,121,0,27,59,0.010,282,0,5.235,0.992,3.660,-3.740,-0.160,0.194,-0.131,0.983,-0.056,-0.990,0.094,0.000,0.000,0.168,0.010,0,NULL,NULL,,2,0,1,7,255,1010,250,0,0
baseline,2639,2639,0,640706.831,0.805,0.099,0.078,0.580,0,0,0,55,0,121,0,31,59,0.010,282,0,5.522,0.971,3.720,-4.040,-0.580,0.196,-0.132,0.984,-0.040,-0.970,0.094,0.000,0.000,0.168,0.010,0,NULL,NULL,,2,0,1,7,255,1010,250,0,0
baseline,2650,2650,0,640711.830,0.805,0.099,0.078,0.580,0,0,0,57,0,120,0,29,59,0.010,282,0,5.684,0.971,3.720,-4.240,-0.700,0.198,-0.133,0.987,-0.040,-0.970,0.106,0.000,0.000,0.168,0.010,0,NULL,NULL,,2,0,1,7,255,1010,250,0,0
baseline,2650,2650,0,640716.831,0.805,0.099,0.079,0.580,0,0,0,50,0,117,0,33,59,0.010,282,0,5.605,0.971,3.420,-4.360,-0.840,0.196,-0.131,0.987,-0.040,-0.970,0.130,0.000,0.000,0.168,0.010,0,NULL,NULL,,2,0,1,7,255,1010,250,0,0
baseline,2673,2673,0,640721.831,0.805,0.099,0.079,0.580,0,0,0,51,0,120,0,33,59,0.010,282,0,5.517,0.973,3.160,-4.360,-1.200,0.197,-0.131,0.984,-0.034,-0.972,0.130,0.000,0.000,0.168,0.010,0,NULL,NULL,,2,0,1,7,255,1010,250,0,0
baseline,2673,2673,0,640726.831,0.805,0.099,0.079,0.580,0,0,0,47,0,119,0,33,59,0.010,282,0,5.489,0.973,3.300,-4.100,-1.560,0.199,-0.128,0.982,-0.034,-0.972,0.102,0.000,0.000,0.168,0.010,0,NULL,NULL,,2,0,1,7,255,1010,250,0,0
baseline,2674,2674,0,640731.831,0.805,0.099,0.079,0.580,0,0,0,51,0,115,0,33,59,0.010,282,0,5.600,0.972,3.720,-3.860,-1.620,0.198,-0.126,0.984,0.000,-0.972,0.102,0.000,0.000,0.168,0.010,0,NULL,NULL,,2,0,1,7,255,1010,250,0,0
baseline,2674,2674,0,640736.831,0.805,0.099,0.079,0.580,0,0,0,45,0,117,0,27,59,0.010,282,0,5.485,0.966,3.660,-3.800,-1.500,0.197,-0.124,0.985,0.008,-0.966,0.108,0.000,0.000,0.168,0.010,0,NULL,NULL,,2,0,1,7,255,1010,250,0,0
baseline,2675,2675,0,640741.830,0.805,0.099,0.079,0.580,0,0,0,51,0,120,0,33,59,0.010,282,0,5.228,0.942,3.100,-3.860,-1.680,0.195,-0.122,0.980,0.024,-0.942,0.108,0.000,0.000,0.168,0.010,0,NULL,NULL,,2,0,1,7,255,1010,250,0,0
baseline,2675,2675,0,640746.831,0.805,0.099,0.079,0.580,0,0,0,46,0,117,0,29,59,0.010,282,0,5.447,0.942,3.220,-3.980,-1.860,0.195,-0.124,0.976,0.026,-0.942,0.062,0.000,0.000,0.168,0.010,0,NULL,NULL,,2,0,1,7,255,1010,250,0,0
baseline,2675,2675,0,640751.831,0.805,0.099,0.080,0.580,0,0,0,47,0,119,0,30,59,0.010,282,0,6.054,0.946,3.900,-4.240,-1.860,0.196,-0.126,0.977,0.026,-0.946,0.028,0.000,0.000,0.168,0.010,0,NULL,NULL,,2,0,1,7,255,1010,250,0,0
baseline,2704,2704,0,640756.831,0.805,0.099,0.080,0.580,0,0,0,43,0,120,0,27,59,0.010,282,0,6.416,0.946,4.200,-4.480,-1.860,0.195,-0.128,0.982,0.002,-0.946,0.028,0.000,0.000,0.168,0.010,0,NULL,NULL,,2,0,1,7,255,1010,250,0,0
baseline,2704,2704,0,640761.831,0.805,0.099,0.080,0.580,0,0,0,47,0,120,0,33,59,0.010,282,0,6.323,0.936,3.960,-4.540,-1.920,0.192,-0.127,0.984,-0.024,-0.936,0.076,0.000,0.000,0.168,0.010,0,NULL,NULL,,2,0,1,7,255,1010,250,0,0
baseline,2704,2704,0,640766.831,0.805,0.099,0.080,0.580,0,0,0,42,0,117,0,33,59,0.010,282,0,6.220,0.910,3.720,-4.540,-2.060,0.192,-0.128,0.980,-0.030,-0.910,0.076,0.000,0.000,0.168,0.010,0,NULL,NULL,,2,0,1,7,255,1010,250,0,0
baseline,2704,2704,0,640771.831,0.805,0.099,0.080,0.580,0,0,0,41,0,123,0,33,59,0.010,282,0,6.195,0.908,3.960,-4.360,-1.920,0.192,-0.125,0.977,-0.030,-0.908,0.056,0.000,0.000,0.168,0.010,0,NULL,NULL,,2,0,1,7,255,1010,250,0,0
baseline,2704,2704,0,640776.831,0.805,0.099,0.080,0.580,0,0,0,41,0,124,0,25,59,0.010,282,0,6.217,0.908,4.260,-4.180,-1.740,0.192,-0.122,0.976,-0.016,-0.908,0.018,0.000,0.000,0.168,0.010,0,NULL,NULL,,2,0,1,7,255,1010,250,0,0
baseline,2715,2715,0,640781.831,0.804,0.099,0.080,0.580,0,0,0,44,0,123,0,27,59,0.010,282,0,6.183,0.908,4.520,-3.920,-1.560,0.194,-0.122,0.978,0.016,-0.908,0.018,0.000,0.000,0.168,0.010,0,NULL,NULL,,2,0,1,7,255,1010,250,0,0
baseline,2715,2715,0,640786.831,0.804,0.099,0.081,0.580,0,0,0,43,0,122,0,31,59,0.010,282,0,5.934,0.896,4.380,-3.800,-1.260,0.191,-0.126,0.979,0.016,-0.896,0.032,0.000,0.000,0.168,0.010,0,NULL,NULL,,2,0,1,7,255,1010,250,0,0
baseline,2715,2715,0,640791.830,0.804,0.099,0.081,0.580,0,0,0,43,0,118,0,29,59,0.010,282,0,5.696,0.908,4.020,-3.920,-0.960,0.191,-0.127,0.975,-0.030,-0.908,0.032,0.000,0.000,0.168,0.010,0,NULL,NULL,,2,0,1,7,255,1010,250,0,0
baseline,2730,2730,0,640796.831,0.804,0.099,0.081,0.580,0,0,0,40,0,121,0,33,59,0.010,282,0,5.792,0.893,4.020,-4.100,-0.760,0.190,-0.125,0.973,-0.030,-0.892,0.002,0.000,0.000,0.168,0.010,0,NULL,NULL,,2,0,1,7,255,1010,250,0,0
baseline,2730,2730,0,640801.830,0.804,0.099,0.081,0.580,0,0,0,40,0,117,0,28,59,0.010,282,0,5.956,0.909,4.080,-4.300,-0.580,0.192,-0.126,0.973,-0.032,-0.908,-0.016,0.000,0.000,0.168,0.010,0,NULL,NULL,,2,0,1,7,255,1010,250,0,0
baseline,2730,2730,0,640806.831,0.804,0.099,0.081,0.580,0,0,0,44,0,120,0,31,59,0.010,282,0,5.897,0.903,3.960,-4.360,-0.280,0.191,-0.127,0.975,-0.032,-0.902,-0.016,0.000,0.000,0.168,0.010,0,NULL,NULL,,2,0,1,7,255,1010,250,0,0
baseline,2746,2746,0,640811.831,0.804,0.099,0.081,0.580,0,0,0,39,0,119,0,30,59,0.010,282,0,5.818,0.909,3.780,-4.420,0.140,0.193,-0.131,0.977,-0.044,-0.908,-0.004,0.000,0.000,0.168,0.010,0,NULL,NULL,,2,0,1,7,255,1010,250,0,0
baseline,2746,2746,0,640816.831,0.805,0.099,0.081,0.580,0,0,0,35,0,120,0,33,59,0.010,282,0,5.676,0.905,3.660,-4.300,0.580,0.188,-0.131,0.975,-0.078,-0.902,-0.004,0.000,0.000,0.168,0.010,0,NULL,NULL,,2,0,1,7,255,1010,250,0,0
baseline,2746,2746,0,640821.831,0.805,0.099,0.081,0.580,0,0,0,39,0,119,0,36,59,0.010,282,0,5.593,0.878,3.660,-4.180,0.640,0.183,-0.128,0.978,-0.084,-0.874,0.004,0.000,0.000,0.168,0.010,0,NULL,NULL,,2,0,1,7,255,1010,250,0,0
baseline,2778,2778,0,640826.831,0.805,0.099,0.082,0.580,0,0,0,35,0,119,0,30,59,0.010,282,0,5.319,0.824,3.420,-4.040,0.520,0.181,-0.130,0.980,-0.096,-0.818,0.004,0.000,0.000,0.168,0.010,0,NULL,NULL,,2,0,1,7,255,1010,250,0,0
baseline,2778,2778,0,640831.830,0.805,0.099,0.082,0.580,0,0,0,41,0,117,0,27,59,0.010,282,0,4.923,0.808,2.860,-3.980,0.460,0.180,-0.134,0.979,-0.116,-0.800,0.012,0.000,0.000,0.168,0.010,0,NULL,NULL,,2,0,1,7,255,1010,250,0,0
baseline,2778,2778,0,640836.831,0.805,0.099,0.082,0.580,0,0,0,34,0,123,0,24,59,0.010,282,0,4.726,0.812,2.620,-3.920,0.320,0.180,-0.133,0.975,-0.140,-0.800,0.012,0.000,0.000,0.168,0.010,0,NULL,NULL,,2,0,1,7,255,1010,250,0,0
baseline,2778,2778,0,640841.830,0.805,0.099,0.082,0.580,0,0,0,35,0,117,0,29,59,0.010,282,0,4.675,0.821,2.800,-3.740,-0.160,0.183,-0.134,0.974,-0.144,-0.808,-0.024,0.000,0.000,0.168,0.010,0,NULL,NULL,,2,0,1,7,255,1010,250,0,0
baseline,2778,2778,0,640846.831,0.805,0.099,0.082,0.580,0,0,0,33,0,120,0,33,59,0.010,282,0,4.515,0.852,2.980,-3.380,-0.280,0.190,-0.140,0.973,-0.144,-0.840,-0.024,0.000,0.000,0.168,0.010,0,NULL,NULL,,2,0,1,7,255,1010,250,0,0
baseline,2778,2778,0,640851.831,0.805,0.099,0.082,0.580,0,0,0,41,0,117,0,29,59,0.010,282,0,4.285,0.935,3.220,-2.820,0.200,0.193,-0.137,0.970,-0.144,-0.924,-0.026,0.000,0.000,0.168,0.010,0,NULL,NULL,,2,0,1,7,255,1010,250,0,0
baseline,2795,2795,0,640856.831,0.805,0.099,0.082,0.580,0,0,0,31,0,119,0,35,59,0.010,282,0,4.551,0.934,3.840,-2.340,0.700,0.191,-0.130,0.972,-0.134,-0.924,-0.028,0.000,0.000,0.168,0.010,0,NULL,NULL,,2,0,1,7,255,1010,250,0,0
baseline,2795,2795,0,640861.830,0.805,0.099,0.082,0.580,0,0,0,39,0,120,0,33,59,0.010,282,0,4.726,0.906,4.200,-1.980,0.880,0.190,-0.130,0.977,-0.086,-0.902,-0.028,0.000,0.000,0.168,0.010,0,NULL,NULL,,2,0,1,7,255,1010,250,0,0
baseline,2795,2795,0,640866.831,0.805,0.099,0.082,0.579,0,0,0,39,0,120,0,37,59,0.010,282,0,4.363,0.906,3.840,-1.780,1.060,0.195,-0.131,0.982,-0.086,-0.902,0.016,0.000,0.000,0.168,0.010,0,NULL,NULL,,2,0,1,7,255,1010,250,0,0
baseline,2810,2810,0,640871.831,0.805,0.099,0.082,0.579,0,0,0,37,0,117,0,28,59,0.010,282,0,4.062,0.924,3.420,-1.540,1.560,0.199,-0.130,0.979,-0.086,-0.920,0.052,0.000,0.000,0.168,0.010,0,NULL,NULL,,2,0,1,7,255,1010,250,0,0
baseline,2810,2810,0,640876.831,0.805,0.099,0.082,0.579,0,0,0,42,0,115,0,26,59,0.010,282,0,4.470,0.956,3.540,-1.300,2.400,0.199,-0.129,0.977,-0.060,-0.954,0.052,0.000,0.000,0.168,0.010,0,NULL,NULL,,2,0,1,7,255,1010,250,0,0
baseline,2810,2810,0,640881.831,0.805,0.099,0.082,0.579,0,0,0,39,0,124,0,30,59,0.010,282,0,5.131,0.956,3.900,-1.120,3.140,0.194,-0.131,0.984,-0.060,-0.954,0.052,0.000,0.000,0.168,0.010,0,NULL,NULL,,2,0,1,7,255,1010,250,0,0
baseline,2827,2827,0,640886.831,0.805,0.099,0.082,0.579,0,0,0,35,0,115,0,35,59,0.010,282,0,5.090,0.912,3.540,-1.060,3.500,0.191,-0.130,0.993,-0.090,-0.908,0.092,0.000,0.000,0.168,0.010,0,NULL,NULL,,2,0,1,7,255,1010,250,0,0
baseline,2827,2827,0,640891.830,0.805,0.099,0.082,0.579,0,0,0,35,0,123,0,33,59,0.010,282,0,4.370,0.861,2.260,-0.940,3.620,0.191,-0.124,0.993,-0.090,-0.856,0.166,0.000,0.000,0.168,0.010,0,NULL,NULL,,2,0,1,7,255,1010,250,0,0
baseline,2827,2827,0,640896.831,0.805,0.099,0.082,0.579,0,0,0,35,0,121,0,29,59,0.010,282,0,4.403,0.851,1.280,-0.880,4.120,0.192,-0.123,0.989,-0.036,-0.850,0.166,0.000,0.000,0.168,0.010,0,NULL,NULL,,2,0,1,7,255,1010,250,0,0
baseline,2828,2828,0,640901.831,0.805,0.099,0.082,0.579,0,0,0,42,0,117,0,28,59,0.010,282,0,4.796,0.841,0.840,-0.760,4.660,0.188,-0.128,0.986,-0.036,-0.840,0.130,0.000,0.000,0.168,0.010,0,NULL,NULL,,2,0,1,7,255,1010,250,0,0
baseline,2828,2828,0,640906.831,0.806,0.099,0.082,0.578,0,0,0,33,0,115,0,33,59,0.010,282,0,4.908,0.842,0.420,-0.700,4.840,0.182,-0.134,0.983,-0.080,-0.838,0.100,0.000,0.000,0.168,0.010,0,NULL,NULL,,2,0,1,7,255,1010,250,0,0
baseline,2874,2874,0,640911.831,0.806,0.099,0.082,0.578,0,0,0,41,0,118,0,29,59,0.010,282,0,4.535,0.822,0.060,-0.700,4.480,0.181,-0.132,0.977,-0.128,-0.812,0.054,0.000,0.000,0.168,0.010,0,NULL,NULL,,2,0,1,7,255,1010,250,0,0
baseline,2874,2874,0,640916.831,0.806,0.099,0.081,0.578,0,0,0,43,0,115,0,34,59,0.010,282,0,4.169,0.822,0.300,-0.560,4.120,0.187,-0.135,0.970,-0.128,-0.812,-0.004,0.000,0.000,0.168,0.010,0,NULL,NULL,,2,0,1,7,255,1010,250,0,0
baseline,2874,2874,0,640921.830,0.806,0.099,0.081,0.578,0,0,0,37,0,119,0,37,59,0.010,282,0,4.571,0.901,1.280,-0.500,4.360,0.190,-0.139,0.971,-0.128,-0.892,-0.034,0.000,0.000,0.168,0.010,0,NULL,NULL,,2,0,1,7,255,1010,250,0,0
baseline,2875,2875,0,640926.831,0.806,0.099,0.081,0.578,0,0,0,39,0,119,0,31,59,0.010,282,0,5.161,0.902,1.880,-0.500,4.780,0.188,-0.136,0.977,-0.134,-0.892,-0.034,0.000,0.000,0.168,0.010,0,NULL,NULL,,2,0,1,7,255,1010,250,0,0
baseline,2876,2876,0,640931.830,0.806,0.099,0.081,0.577,0,0,0,43,0,119,0,31,59,0.010,282,0,4.969,0.898,1.940,-0.560,4.540,0.188,-0.132,0.981,-0.134,-0.888,0.016,0.000,0.000,0.168,0.010,0,NULL,NULL,,2,0,1,7,255,1010,250,0,0
baseline,2876,2876,0,640936.831,0.806,0.099,0.081,0.577,0,0,0,37,0,117,0,27,59,0.010,282,0,4.761,0.879,1.940,-0.640,4.300,0.190,-0.130,0.983,-0.098,-0.874,0.050,0.000,0.000,0.168,0.010,0,NULL,NULL,,2,0,1,7,255,1010,250,0,0
baseline,2876,2876,0,640941.830,0.807,0.100,0.081,0.577,0,0,0,42,0,117,0,34,59,0.010,282,0,4.829,0.867,1.820,-1.000,4.360,0.189,-0.129,0.984,-0.068,-0.864,0.074,0.000,0.000,0.168,0.010,0,NULL,NULL,,2,0,1,7,255,1010,250,0,0
baseline,2890,2890,0,640946.831,0.807,0.100,0.081,0.577,0,0,0,39,0,117,0,29,59,0.010,282,0,4.868,0.860,1.580,-1.480,4.360,0.187,-0.127,0.988,-0.060,-0.858,0.086,0.000,0.000,0.168,0.010,0,NULL,NULL,,2,0,1,7,255,1010,250,0,0
baseline,2890,2890,0,640951.830,0.807,0.100,0.081,0.577,0,0,0,39,0,123,0,35,59,0.010,282,0,4.517,0.834,0.980,-1.980,3.940,0.186,-0.130,0.986,-0.060,-0.832,0.092,0.000,0.000,0.168,0.010,0,NULL,NULL,,2,0,1,7,255,1010,250,0,0
baseline,2890,2890,0,640956.831,0.807,0.100,0.081,0.577,0,0,0,37,0,117,0,30,59,0.010,282,0,4.369,0.835,0.600,-2.460,3.560,0.186,-0.132,0.979,-0.076,-0.832,0.092,0.000,0.000,0.168,0.010,0,NULL,NULL,,2,0,1,7,255,1010,250,0,0
baseline,2890,2890,0,640961.831,0.807,0.100,0.081,0.576,0,0,0,40,0,117,0,30,59,0.010,282,0,4.610,0.857,0.840,-3.020,3.380,0.188,-0.130,0.972,-0.076,-0.854,0.028,0.000,0.000,0.168,0.010,0,NULL,NULL,,2,0,1,7,255,1010,250,0,0
baseline,2890,2890,0,640966.831,0.807,0.100,0.081,0.576,0,0,0,41,0,123,0,30,59,0.010,282,0,4.878,0.874,1.460,-3.380,3.200,0.187,-0.130,0.971,-0.062,-0.872,-0.034,0.000,0.000,0.168,0.010,0,NULL,NULL,,2,0,1,7,255,1010,250,0,0
baseline,2923,2923,0,640971.830,0.807,0.100,0.081,0.576,0,0,0,37,0,122,0,37,59,0.010,282,0,5.115,0.874,1.940,-3.740,2.900,0.187,-0.131,0.973,-0.062,-0.872,-0.034,0.000,0.000,0.168,0.010,0,NULL,NULL,,2,0,1,7,255,1010,250,0,0
baseline,2923,2923,0,640976.831,0.807,0.100,0.081,0.576,0,0,0,40,0,116,0,28,59,0.010,282,0,5.158,0.868,2.140,-3.920,2.580,0.188,-0.128,0.977,-0.062,-0.866,-0.030,0.000,0.000,0.168,0.010,0,NULL,NULL,,2,0,1,7,255,1010,250,0,0
baseline,2923,2923,0,640981.830,0.807,0.100,0.081,0.576,0,0,0,37,0,116,0,37,59,0.010,282,0,4.995,0.867,2.140,-3.860,2.340,0.195,-0.126,0.979,-0.046,-0.866,0.014,0.000,0.000,0.168,0.010,0,NULL,NULL,,2,0,1,7,255,1010,250,0,0
baseline,2923,2923,0,640986.831,0.807,0.100,0.081,0.576,0,0,0,39,0,119,0,31,59,0.010,282,0,4.756,0.906,1.820,-3.680,2.400,0.197,-0.123,0.978,-0.004,-0.906,0.038,0.000,0.000,0.168,0.010,0,NULL,NULL,,2,0,1,7,255,1010,250,0,0
baseline,2923,2923,0,640991.830,0.807,0.100,0.081,0.576,0,0,0,43,0,115,0,31,59,0.010,282,0,4.674,0.907,1.880,-3.320,2.700,0.196,-0.119,0.978,0.036,-0.906,0.038,0.000,0.000,0.168,0.010,0,NULL,NULL,,2,0,1,7,255,1010,250,0,0
baseline,2923,2923,0,640996.831,0.807,0.100,0.081,0.576,0,0,0,39,0,119,0,33,59,0.010,282,0,4.572,0.895,1.820,-3.140,2.780,0.192,-0.117,0.982,0.068,-0.892,0.038,0.000,0.000,0.168,0.010,0,NULL,NULL,,2,0,1,7,255,1010,250,0,0
baseline,2940,2940,0,641001.831,0.808,0.101,0.081,0.575,0,0,0,39,0,123,0,33,59,0.010,282,0,4.270,0.845,1.040,-3.140,2.700,0.192,-0.116,0.983,0.074,-0.842,0.066,0.000,0.000,0.168,0.010,0,NULL,NULL,,2,0,1,7,255,1010,250,0,0
baseline,2940,2940,0,641006.831,0.808,0.101,0.081,0.575,0,0,0,43,0,123,0,29,59,0.010,282,0,4.121,0.846,0.300,-3.200,2.580,0.192,-0.116,0.977,0.078,-0.842,0.066,0.000,0.000,0.168,0.010,0,NULL,NULL,,2,0,1,7,255,1010,250,0,0
baseline,2941,2941,0,641011.830,0.808,0.101,0.081,0.575,0,0,0,37,0,120,0,33,59,0.010,282,0,4.222,0.850,0.480,-3.260,2.640,0.190,-0.120,0.973,0.078,-0.846,0.020,0.000,0.000,0.168,0.010,0,NULL,NULL,,2,0,1,7,255,1010,250,0,0
baseline,2941,2941,0,641016.831,0.808,0.101,0.081,0.575,0,0,0,45,0,120,0,33,59,0.010,282,0,4.417,0.847,0.840,-3.440,2.640,0.186,-0.125,0.973,0.048,-0.846,-0.022,0.000,0.000,0.168,0.010,0,NULL,NULL,,2,0,1,7,255,1010,250,0,0
baseline,2971,2971,0,641021.831,0.808,0.101,0.081,0.575,0,0,0,39,0,115,0,35,59,0.010,282,0,4.273,0.826,1.040,-3.500,2.220,0.183,-0.122,0.973,0.004,-0.826,-0.030,0.000,0.000,0.168,0.010,0,NULL,NULL,,2,0,1,7,255,1010,250,0,0
baseline,2971,2971,0,641026.831,0.808,0.101,0.081,0.575,0,0,0,43,0,120,0,29,59,0.010,282,0,4.000,0.792,1.160,-3.440,1.680,0.185,-0.117,0.972,0.004,-0.792,-0.038,0.000,0.000,0.168,0.010,0,NULL,NULL,,2,0,1,7,255,1010,250,0,0
