condition_phase,condition_phase_elapsed_ms,condition_elapsed_ms,is_stimulation_on,t_ms,L_q0,L_q1,L_q2,L_q3,L_heel1,L_mid1,L_fore1,L_heel2,L_fore3,L_mid2,L_fore4,L_fore2,L_cadence,L_speed,L_steps,L_zupt,L_gyroNorm,L_accH,L_gyro_x,L_gyro_y,L_gyro_z,L_acc_x,L_acc_y,L_acc_z,L_nav_ax,L_nav_ay,L_nav_az,L_stepVel,L_stepVelj,L_stepDispRaw,L_stepDispZUPT,L_gaitEvent,L_stepTimeMs,L_stepDeviationMs,L_baselineMs,L_motorMode,L_motorActive,L_motorAlignment,L_motorRegionMask,L_motorAmplitude,L_motorIntervalMs,L_motorDurationMs,L_motorPhaseMs,L_motorCycleMs
baseline,27,27,0,194881.817,0.952,-0.143,-0.157,0.221,2445,370,1811,2863,1873,1879,596,2137,33,0.862,23,0,7.162,2.946,4.420,5.620,-0.420,-0.089,-0.028,0.998,2.022,-2.142,-0.886,0.000,0.000,0.762,0.707,3,NULL,NULL,1010.000,0,0,0,7,255,0,250,0,0
baseline,27,27,0,194886.816,0.952,-0.143,-0.157,0.221,2444,372,1815,2864,1889,1873,596,2137,33,0.862,23,0,6.982,2.900,4.000,5.500,-1.580,-0.097,-0.037,1.008,1.924,-2.170,-0.842,0.000,0.000,0.762,0.707,3,NULL,NULL,,0,0,0,7,255,0,250,0,0
baseline,48,48,0,194891.817,0.952,-0.143,-0.157,0.221,2443,371,1816,2865,1876,1881,595,2137,33,0.862,23,0,6.538,2.909,2.960,5.080,-2.860,-0.084,-0.024,1.010,1.924,-2.182,-0.738,0.000,0.000,0.762,0.707,3,NULL,NULL,,0,0,0,7,255,0,250,0,0
baseline,48,48,0,194896.817,0.952,-0.143,-0.156,0.221,2443,371,1815,2863,1877,1880,599,2137,33,0.862,23,0,6.154,2.971,3.080,5.140,-1.400,-0.063,0.001,0.994,2.016,-2.182,-0.738,0.000,0.000,0.762,0.707,3,NULL,NULL,,0,0,0,7,255,0,250,0,0
baseline,48,48,0,194901.817,0.952,-0.143,-0.156,0.221,2443,371,1817,2863,1879,1881,601,2138,33,0.862,23,0,7.580,2.937,4.120,6.240,1.240,-0.073,-0.013,0.985,2.084,-2.070,-0.930,0.000,0.000,0.762,0.707,3,NULL,NULL,,0,0,0,7,255,0,250,0,0
baseline,48,48,0,194906.816,0.952,-0.143,-0.156,0.221,2443,372,1818,2860,1879,1881,600,2138,33,0.862,23,0,7.028,2.937,3.320,6.180,-0.420,-0.100,-0.051,1.006,2.084,-2.070,-0.930,0.000,0.000,0.762,0.707,3,NULL,NULL,,0,0,0,7,255,0,250,0,0
baseline,48,48,0,194911.817,0.952,-0.143,-0.156,0.221,2441,371,1819,2861,1879,1881,601,2138,33,0.862,23,0,6.125,2.932,2.720,4.400,-3.280,-0.086,-0.021,1.010,2.004,-2.140,-0.752,0.000,0.000,0.762,0.707,3,NULL,NULL,,0,0,0,7,255,0,250,0,0
baseline,48,48,0,194916.816,0.952,-0.143,-0.156,0.221,2440,372,1821,2862,1881,1882,601,2139,33,0.862,23,0,7.266,2.932,4.720,5.440,-0.960,-0.070,0.001,0.984,2.004,-2.140,-0.752,0.000,0.000,0.762,0.707,3,NULL,NULL,,0,0,0,7,255,0,250,0,0
baseline,63,63,0,194921.817,0.952,-0.143,-0.156,0.221,2440,371,1821,2862,1881,1883,601,2139,33,0.862,23,0,7.687,2.932,3.260,6.960,-0.120,-0.085,-0.042,1.002,2.004,-2.140,-0.820,0.000,0.000,0.762,0.707,3,NULL,NULL,,0,0,0,7,255,0,250,0,0
baseline,63,63,0,194926.817,0.952,-0.143,-0.156,0.222,2441,373,1823,2861,1881,1884,601,2139,33,0.862,23,0,4.998,3.001,2.040,4.280,-1.580,-0.077,-0.015,1.013,2.112,-2.132,-0.820,0.000,0.000,0.762,0.707,3,NULL,NULL,,0,0,0,7,255,0,250,0,0
baseline,63,63,0,194931.817,0.952,-0.143,-0.156,0.222,2440,373,1822,2861,1885,1883,601,2139,33,0.862,23,0,7.536,2.856,4.660,5.920,-0.180,-0.092,-0.019,0.982,1.900,-2.132,-0.820,0.000,0.000,0.762,0.707,3,NULL,NULL,,0,0,0,7,255,0,250,0,0
baseline,63,63,0,194936.817,0.952,-0.143,-0.156,0.222,2441,373,1824,2861,1883,1885,601,2141,33,0.862,23,0,6.937,2.876,2.160,6.300,-1.940,-0.088,-0.035,1.014,1.930,-2.132,-0.728,0.000,0.000,0.762,0.707,3,NULL,NULL,,0,0,0,7,255,0,250,0,0
baseline,79,79,0,194941.817,0.952,-0.143,-0.156,0.222,2439,372,1823,2861,1884,1885,602,2140,33,0.862,23,0,5.696,2.804,4.000,3.980,-0.780,-0.075,-0.005,0.996,1.930,-2.034,-0.880,0.000,0.000,0.762,0.707,3,NULL,NULL,,0,0,0,7,255,0,250,0,0
baseline,79,79,0,194946.816,0.952,-0.143,-0.156,0.222,2439,373,1827,2860,1880,1885,602,2143,33,0.862,23,0,8.538,2.973,3.380,7.640,-1.760,-0.094,-0.048,0.994,1.930,-2.262,-0.874,0.000,0.000,0.762,0.707,3,NULL,NULL,,0,0,0,7,255,0,250,0,0
baseline,79,79,0,194951.817,0.952,-0.143,-0.156,0.222,2439,373,1829,2859,1885,1887,605,2143,33,0.862,23,0,4.817,2.955,3.140,3.540,-0.900,-0.067,-0.001,1.017,2.124,-2.054,-0.874,0.000,0.000,0.762,0.707,3,NULL,NULL,,0,0,0,7,255,0,250,0,0
baseline,79,79,0,194956.817,0.952,-0.143,-0.156,0.222,2432,374,1829,2861,1884,1887,603,2141,33,0.862,23,0,8.072,2.854,3.820,7.080,-0.660,-0.101,-0.047,0.977,1.774,-2.236,-0.874,0.000,0.000,0.762,0.707,3,NULL,NULL,,0,0,0,7,255,0,250,0,0
baseline,95,95,0,194961.817,0.952,-0.143,-0.155,0.222,2429,374,1831,2859,1887,1889,605,2143,33,0.862,23,0,5.792,3.046,3.020,4.520,-2.000,-0.069,-0.003,1.020,2.238,-2.066,-0.702,0.000,0.000,0.762,0.707,3,NULL,NULL,,0,0,0,7,255,0,250,0,0
baseline,95,95,0,194966.817,0.952,-0.143,-0.155,0.222,2429,375,1831,2861,1885,1887,604,2147,33,0.862,23,0,7.662,2.807,4.840,5.920,-0.480,-0.097,-0.044,0.977,1.716,-2.222,-1.010,0.000,0.000,0.762,0.707,3,NULL,NULL,,0,0,0,7,255,0,250,0,0
baseline,95,95,0,194971.817,0.952,-0.143,-0.155,0.222,2429,373,1833,2859,1891,1887,607,2146,33,0.862,23,0,6.613,3.037,3.080,5.500,-2.000,-0.071,-0.002,1.021,2.226,-2.066,-0.672,0.000,0.000,0.762,0.707,3,NULL,NULL,,0,0,0,7,255,0,250,0,0
baseline,95,95,0,194976.816,0.952,-0.143,-0.155,0.222,2429,368,1835,2859,1892,1891,605,2147,33,0.862,23,0,7.093,2.822,4.660,5.320,-0.540,-0.093,-0.033,0.987,1.816,-2.160,-0.920,0.000,0.000,0.762,0.707,3,NULL,NULL,,0,0,0,7,255,0,250,0,0
baseline,112,112,0,194981.817,0.952,-0.142,-0.155,0.222,2428,375,1835,2857,1891,1889,607,2147,33,0.862,23,0,6.756,3.007,2.520,5.920,-2.060,-0.072,-0.005,1.017,2.188,-2.062,-0.692,0.000,0.000,0.762,0.707,3,NULL,NULL,,0,0,0,7,255,0,250,0,0
baseline,112,112,0,194986.817,0.952,-0.142,-0.155,0.222,2425,373,1835,2859,1891,1887,611,2149,33,0.862,23,0,6.519,2.840,3.940,5.080,-1.080,-0.089,-0.033,0.987,1.844,-2.160,-0.920,0.000,0.000,0.762,0.707,3,NULL,NULL,,0,0,0,7,255,0,250,0,0
baseline,143,143,0,194991.817,0.952,-0.142,-0.155,0.222,2424,374,1837,2857,1893,1887,611,2147,33,0.862,23,0,6.768,3.001,3.020,5.920,-1.280,-0.072,-0.017,1.005,2.104,-2.140,-0.806,0.000,0.000,0.762,0.707,3,NULL,NULL,,0,0,0,7,255,0,250,0,0
baseline,143,143,0,194996.817,0.952,-0.142,-0.155,0.223,2425,375,1837,2857,1893,1891,612,2148,33,0.862,23,0,6.802,2.837,3.940,5.380,-1.340,-0.093,-0.026,0.994,1.862,-2.140,-0.850,0.000,0.000,0.762,0.707,3,NULL,NULL,,0,0,0,7,255,0,250,0,0
baseline,143,143,0,195001.817,0.952,-0.142,-0.155,0.223,2421,373,1839,2855,1892,1887,613,2149,33,0.862,23,0,6.560,2.956,3.260,5.560,-1.220,-0.077,-0.018,1.004,2.052,-2.128,-0.806,0.000,0.000,0.762,0.707,3,NULL,NULL,,0,0,0,7,255,0,250,0,0
baseline,143,143,0,195006.816,0.952,-0.142,-0.155,0.223,2424,375,1841,2857,1894,1891,612,2149,33,0.862,23,0,7.005,2.870,3.380,5.800,-2.000,-0.087,-0.023,0.999,1.932,-2.122,-0.826,0.000,0.000,0.762,0.707,3,NULL,NULL,,0,0,0,7,255,0,250,0,0
baseline,143,143,0,195011.817,0.952,-0.142,-0.155,0.223,2420,373,1844,2855,1895,1891,613,2149,33,0.862,23,0,6.610,2.955,3.500,5.380,-1.580,-0.075,-0.018,1.003,2.052,-2.126,-0.818,0.000,0.000,0.762,0.707,3,NULL,NULL,,0,0,0,7,255,0,250,0,0
baseline,143,143,0,195016.816,0.952,-0.142,-0.155,0.223,2419,373,1847,2855,1894,1891,613,2150,33,0.862,23,0,6.566,2.873,2.840,5.860,-0.840,-0.083,-0.034,0.998,1.932,-2.126,-0.826,0.000,0.000,0.762,0.707,3,NULL,NULL,,0,0,0,7,255,0,250,0,0
baseline,159,159,0,195021.817,0.952,-0.142,-0.155,0.223,2421,375,1845,2855,1895,1893,613,2149,33,0.862,23,0,7.083,2.924,3.880,5.620,-1.880,-0.085,-0.010,1.003,2.008,-2.126,-0.818,0.000,0.000,0.762,0.707,3,NULL,NULL,,0,0,0,7,255,0,250,0,0
baseline,159,159,0,195026.817,0.952,-0.142,-0.155,0.223,2414,374,1847,2855,1897,1891,617,2151,33,0.862,23,0,6.415,2.954,2.720,5.680,-1.220,-0.079,-0.031,0.998,1.956,-2.214,-0.856,0.000,0.000,0.762,0.707,3,NULL,NULL,,0,0,0,7,255,0,250,0,0
baseline,159,159,0,195031.817,0.952,-0.142,-0.154,0.223,2413,375,1847,2855,1899,1892,617,2149,33,0.862,23,0,6.616,2.942,3.320,5.620,-1.080,-0.084,-0.032,0.995,1.956,-2.198,-0.866,0.000,0.000,0.762,0.707,3,NULL,NULL,,0,0,0,7,255,0,250,0,0
baseline,159,159,0,195036.817,0.952,-0.142,-0.154,0.223,2411,375,1848,2855,1899,1893,618,2151,33,0.862,23,0,7.381,2.942,4.240,5.680,-2.060,-0.080,-0.009,1.002,1.956,-2.198,-0.866,0.000,0.000,0.762,0.707,3,NULL,NULL,,0,0,0,7,255,0,250,0,0
baseline,176,176,0,195041.817,0.952,-0.142,-0.154,0.223,2411,374,1847,2853,1897,1891,619,2151,33,0.862,23,0,6.490,2.920,3.200,5.620,-0.540,-0.082,-0.033,0.997,1.922,-2.198,-0.864,0.000,0.000,0.762,0.707,3,NULL,NULL,,0,0,0,7,255,0,250,0,0
baseline,176,176,0,195046.816,0.952,-0.142,-0.154,0.223,2409,373,1848,2852,1897,1892,619,2151,33,0.862,23,0,6.631,2.847,3.500,5.560,-0.900,-0.089,-0.022,1.001,1.922,-2.100,-0.800,0.000,0.000,0.762,0.707,3,NULL,NULL,,0,0,0,7,255,0,250,0,0
baseline,176,176,0,195051.817,0.952,-0.142,-0.154,0.223,2409,373,1850,2852,1900,1891,621,2153,33,0.862,23,0,7.425,2.847,3.740,5.800,-2.740,-0.081,-0.008,1.001,1.922,-2.100,-0.800,0.000,0.000,0.762,0.707,3,NULL,NULL,,0,0,0,7,255,0,250,0,0
baseline,176,176,0,195056.817,0.952,-0.142,-0.154,0.224,2409,372,1849,2851,1900,1892,623,2152,33,0.862,23,0,6.552,2.889,3.140,5.620,-1.220,-0.073,-0.034,0.996,1.984,-2.100,-0.800,0.000,0.000,0.762,0.707,3,NULL,NULL,,0,0,0,7,255,0,250,0,0
baseline,191,191,0,195061.817,0.952,-0.142,-0.154,0.224,2409,373,1851,2853,1899,1891,628,2153,33,0.862,23,0,6.477,2.952,3.320,5.560,-0.120,-0.082,-0.029,0.999,1.984,-2.186,-0.844,0.000,0.000,0.762,0.707,3,NULL,NULL,,0,0,0,7,255,0,250,0,0
baseline,191,191,0,195066.816,0.952,-0.142,-0.154,0.224,2407,373,1853,2852,1900,1895,629,2152,33,0.862,23,0,7.093,2.952,3.740,5.800,-1.640,-0.086,-0.007,1.002,1.984,-2.186,-0.844,0.000,0.000,0.762,0.707,3,NULL,NULL,,0,0,0,7,255,0,250,0,0
baseline,211,211,0,195071.817,0.952,-0.142,-0.154,0.224,2405,374,1852,2848,1901,1893,629,2154,33,0.862,23,0,7.129,2.942,3.320,5.920,-2.180,-0.076,-0.023,1.000,2.002,-2.156,-0.840,0.000,0.000,0.762,0.707,3,NULL,NULL,,0,0,0,7,255,0,250,0,0
baseline,211,211,0,195076.817,0.952,-0.142,-0.154,0.224,2405,373,1851,2847,1901,1894,630,2153,33,0.862,23,0,6.559,2.942,3.200,5.680,-0.720,-0.072,-0.040,0.996,2.002,-2.156,-0.840,0.000,0.000,0.762,0.707,3,NULL,NULL,,0,0,0,7,255,0,250,0,0
baseline,211,211,0,195081.817,0.952,-0.142,-0.154,0.224,2406,373,1852,2851,1903,1895,630,2153,33,0.862,23,0,6.744,2.915,3.440,5.800,-0.060,-0.083,-0.021,0.997,1.962,-2.156,-0.844,0.000,0.000,0.762,0.707,3,NULL,NULL,,0,0,0,7,255,0,250,0,0
baseline,211,211,0,195086.817,0.952,-0.142,-0.154,0.224,2404,373,1855,2852,1901,1895,632,2154,33,0.862,23,0,7.077,2.875,3.680,5.920,-1.220,-0.086,-0.005,1.001,1.962,-2.102,-0.844,0.000,0.000,0.762,0.707,3,NULL,NULL,,0,0,0,7,255,0,250,0,0
baseline,239,239,0,195091.817,0.952,-0.142,-0.154,0.224,2403,373,1853,2851,1900,1895,632,2153,33,0.862,23,0,7.196,2.903,3.320,6.120,-1.820,-0.079,-0.020,1.002,2.002,-2.102,-0.808,0.000,0.000,0.762,0.707,3,NULL,NULL,,0,0,0,7,255,0,250,0,0
baseline,239,239,0,195096.817,0.952,-0.142,-0.154,0.224,2404,373,1853,2851,1903,1895,632,2154,33,0.862,23,0,6.648,2.917,2.780,5.980,-0.840,-0.075,-0.035,1.000,2.002,-2.122,-0.808,0.000,0.000,0.762,0.707,3,NULL,NULL,,0,0,0,7,255,0,250,0,0
baseline,239,239,0,195101.817,0.952,-0.142,-0.154,0.224,2403,373,1854,2851,1903,1895,631,2153,33,0.862,23,0,6.539,2.902,2.900,5.860,-0.120,-0.082,-0.025,0.996,1.960,-2.140,-0.860,0.000,0.000,0.762,0.707,3,NULL,NULL,,0,0,0,7,255,0,250,0,0
baseline,239,239,0,195106.816,0.952,-0.142,-0.154,0.224,2403,374,1860,2848,1902,1895,631,2151,33,0.862,23,0,6.952,2.891,3.560,5.920,-0.780,-0.090,-0.009,0.999,1.944,-2.140,-0.860,0.000,0.000,0.762,0.707,3,NULL,NULL,,0,0,0,7,255,0,250,0,0
baseline,239,239,0,195111.817,0.952,-0.142,-0.153,0.224,2405,375,1861,2847,1901,1895,631,2153,33,0.862,23,0,7.390,2.812,3.820,6.040,-1.880,-0.086,-0.013,1.004,1.944,-2.032,-0.796,0.000,0.000,0.762,0.707,3,NULL,NULL,,0,0,0,7,255,0,250,0,0
baseline,239,239,0,195116.816,0.952,-0.142,-0.153,0.224,2402,373,1861,2847,1903,1896,631,2154,33,0.862,23,0,7.020,2.834,3.080,6.040,-1.820,-0.078,-0.027,1.005,1.976,-2.032,-0.794,0.000,0.000,0.762,0.707,3,NULL,NULL,,0,0,0,7,255,0,250,0,0
baseline,255,255,0,195121.817,0.952,-0.142,-0.153,0.224,2404,373,1863,2848,1902,1897,633,2155,33,0.862,23,0,6.491,2.947,2.400,5.980,-0.780,-0.077,-0.031,0.999,1.976,-2.186,-0.794,0.000,0.000,0.762,0.707,3,NULL,NULL,,0,0,0,7,255,0,250,0,0
baseline,255,255,0,195126.817,0.952,-0.142,-0.153,0.224,2403,373,1855,2847,1904,1895,628,2153,33,0.862,23,0,6.588,2.937,2.840,5.920,-0.540,-0.084,-0.024,0.994,1.962,-2.186,-0.854,0.000,0.000,0.762,0.707,3,NULL,NULL,,0,0,0,7,255,0,250,0,0
baseline,255,255,0,195131.817,0.952,-0.142,-0.153,0.224,2403,373,1861,2851,1902,1897,632,2153,33,0.862,23,0,7.160,2.852,3.680,5.980,-1.400,-0.087,-0.019,0.997,1.914,-2.114,-0.854,0.000,0.000,0.762,0.707,3,NULL,NULL,,0,0,0,7,255,0,250,0,0
baseline,255,255,0,195136.817,0.952,-0.142,-0.153,0.225,2403,373,1863,2853,1903,1895,635,2155,33,0.862,23,0,7.501,2.850,3.880,6.120,-1.940,-0.082,-0.021,1.002,1.914,-2.112,-0.828,0.000,0.000,0.762,0.707,3,NULL,NULL,,0,0,0,7,255,0,250,0,0
baseline,271,271,0,195141.817,0.952,-0.142,-0.153,0.225,2404,375,1863,2851,1903,1896,635,2155,33,0.862,23,0,7.051,2.887,3.260,6.120,-1.280,-0.076,-0.023,1.004,1.968,-2.112,-0.802,0.000,0.000,0.762,0.707,3,NULL,NULL,,0,0,0,7,255,0,250,0,0
baseline,271,271,0,195146.817,0.952,-0.142,-0.153,0.225,2407,374,1863,2857,1903,1894,635,2155,33,0.862,23,0,6.676,2.893,2.780,6.040,-0.600,-0.081,-0.022,1.000,1.968,-2.120,-0.802,0.000,0.000,0.762,0.707,3,NULL,NULL,,0,0,0,7,255,0,250,0,0
baseline,287,287,0,195151.817,0.952,-0.141,-0.153,0.225,2399,373,1863,2847,1901,1895,635,2155,33,0.862,23,0,6.692,2.886,2.900,5.980,-0.780,-0.085,-0.021,0.997,1.958,-2.120,-0.820,0.000,0.000,0.762,0.707,3,NULL,NULL,,0,0,0,7,255,0,250,0,0
baseline,287,287,0,195156.816,0.952,-0.141,-0.153,0.225,2403,373,1861,2848,1903,1895,635,2153,33,0.862,23,0,7.091,2.841,3.440,6.040,-1.400,-0.087,-0.023,0.998,1.920,-2.094,-0.824,0.000,0.000,0.762,0.707,3,NULL,NULL,,0,0,0,7,255,0,250,0,0
baseline,287,287,0,195161.817,0.952,-0.141,-0.153,0.225,2399,373,1864,2847,1903,1895,637,2155,33,0.862,23,0,7.341,2.841,3.680,6.120,-1.700,-0.083,-0.021,1.002,1.920,-2.094,-0.824,0.000,0.000,0.762,0.707,3,NULL,NULL,,0,0,0,7,255,0,250,0,0
baseline,287,287,0,195166.817,0.952,-0.141,-0.153,0.225,2399,373,1863,2851,1899,1895,635,2155,33,0.862,23,0,7.157,2.863,3.500,6.040,-1.580,-0.081,-0.019,1.002,1.952,-2.094,-0.796,0.000,0.000,0.762,0.707,3,NULL,NULL,,0,0,0,7,255,0,250,0,0
baseline,303,303,0,195171.817,0.952,-0.141,-0.153,0.225,2397,372,1863,2845,1903,1891,637,2153,33,0.862,23,0,6.950,2.881,3.140,6.040,-1.400,-0.081,-0.019,1.003,1.976,-2.096,-0.794,0.000,0.000,0.762,0.707,3,NULL,NULL,,0,0,0,7,255,0,250,0,0
baseline,303,303,0,195176.817,0.952,-0.141,-0.153,0.225,2395,377,1864,2845,1903,1893,635,2153,33,0.862,23,0,6.857,2.881,2.900,6.040,-1.460,-0.082,-0.022,1.001,1.976,-2.096,-0.794,0.000,0.000,0.762,0.707,3,NULL,NULL,,0,0,0,7,255,0,250,0,0
baseline,320,320,0,195181.817,0.952,-0.141,-0.153,0.225,2391,372,1864,2846,1903,1893,635,2155,33,0.862,23,0,6.992,2.875,3.020,6.120,-1.520,-0.083,-0.025,0.997,1.948,-2.114,-0.806,0.000,0.000,0.762,0.707,3,NULL,NULL,,0,0,0,7,255,0,250,0,0
baseline,320,320,0,195186.816,0.952,-0.141,-0.153,0.225,2395,372,1865,2844,1904,1893,637,2155,33,0.862,23,0,7.181,2.868,3.380,6.120,-1.640,-0.082,-0.024,0.998,1.930,-2.122,-0.834,0.000,0.000,0.762,0.707,3,NULL,NULL,,0,0,0,7,255,0,250,0,0
baseline,351,351,0,195191.817,0.952,-0.141,-0.153,0.225,2393,371,1864,2844,1902,1893,636,2154,33,0.862,23,0,7.274,2.868,3.440,6.180,-1.700,-0.081,-0.022,0.999,1.930,-2.122,-0.834,0.000,0.000,0.762,0.707,3,NULL,NULL,,0,0,0,7,255,0,250,0,0
baseline,351,351,0,195196.817,0.952,-0.141,-0.153,0.226,2395,368,1863,2845,1903,1891,636,2153,33,0.862,23,0,7.234,2.876,3.440,6.180,-1.520,-0.080,-0.022,1.000,1.950,-2.114,-0.826,0.000,0.000,0.762,0.707,3,NULL,NULL,,0,0,0,7,255,0,250,0,0
baseline,351,351,0,195201.817,0.952,-0.141,-0.153,0.226,2388,367,1855,2840,1907,1892,637,2149,33,0.862,23,0,6.993,2.884,3.080,6.120,-1.400,-0.079,-0.021,1.001,1.962,-2.114,-0.816,0.000,0.000,0.762,0.707,3,NULL,NULL,,0,0,0,7,255,0,250,0,0
baseline,351,351,0,195206.816,0.952,-0.141,-0.153,0.226,2389,370,1862,2851,1901,1895,637,2148,33,0.862,23,0,6.960,2.884,2.960,6.180,-1.220,-0.081,-0.023,0.998,1.962,-2.114,-0.816,0.000,0.000,0.762,0.707,3,NULL,NULL,,0,0,0,7,255,0,250,0,0
baseline,351,351,0,195211.817,0.952,-0.141,-0.153,0.226,2393,369,1869,2840,1901,1896,637,2151,33,0.862,23,0,6.933,2.869,3.020,6.120,-1.220,-0.082,-0.023,0.997,1.940,-2.114,-0.836,0.000,0.000,0.762,0.707,3,NULL,NULL,,0,0,0,7,255,0,250,0,0
baseline,351,351,0,195216.816,0.952,-0.141,-0.153,0.226,2391,368,1864,2845,1902,1890,635,2151,33,0.862,23,0,7.024,2.855,3.200,6.120,-1.280,-0.083,-0.022,0.998,1.930,-2.104,-0.836,0.000,0.000,0.762,0.707,3,NULL,NULL,,0,0,0,7,255,0,250,0,0
baseline,351,351,0,195221.817,0.952,-0.141,-0.152,0.226,2394,367,1861,2843,1901,1892,635,2149,33,0.862,23,0,7.074,2.848,3.260,6.120,-1.400,-0.082,-0.021,1.000,1.930,-2.094,-0.828,0.000,0.000,0.762,0.707,3,NULL,NULL,,0,0,0,7,255,0,250,0,0
baseline,351,351,0,195226.816,0.952,-0.141,-0.152,0.226,2391,371,1865,2840,1907,1887,645,2153,33,0.862,23,0,6.997,2.860,3.140,6.120,-1.280,-0.082,-0.021,1.002,1.948,-2.094,-0.814,0.000,0.000,0.762,0.707,3,NULL,NULL,,0,0,0,7,255,0,250,0,0
baseline,351,351,0,195231.817,0.952,-0.141,-0.152,0.226,2397,368,1865,2843,1903,1889,638,2152,33,0.862,23,0,6.944,2.860,3.020,6.120,-1.280,-0.083,-0.020,1.002,1.948,-2.094,-0.794,0.000,0.000,0.762,0.707,3,NULL,NULL,,0,0,0,7,255,0,250,0,0
baseline,351,351,0,195236.817,0.952,-0.141,-0.152,0.226,2391,367,1867,2845,1903,1885,637,2157,33,0.862,23,0,6.897,2.852,3.020,6.040,-1.400,-0.084,-0.022,1.000,1.940,-2.090,-0.794,0.000,0.000,0.762,0.707,3,NULL,NULL,,0,0,0,7,255,0,250,0,0
baseline,367,367,0,195241.817,0.952,-0.141,-0.152,0.226,2390,367,1867,2843,1907,1892,644,2152,33,0.862,23,0,7.002,2.838,3.140,6.040,-1.640,-0.083,-0.023,0.999,1.920,-2.090,-0.810,0.000,0.000,0.762,0.707,3,NULL,NULL,,0,0,0,7,255,0,250,0,0
baseline,367,367,0,195246.816,0.952,-0.141,-0.152,0.226,2390,367,1867,2843,1903,1887,636,2153,33,0.862,23,0,6.992,2.844,3.200,5.980,-1.700,-0.083,-0.022,1.000,1.920,-2.098,-0.814,0.000,0.000,0.762,0.707,3,NULL,NULL,,0,0,0,7,255,0,250,0,0
baseline,383,383,0,195251.817,0.952,-0.141,-0.152,0.226,2389,367,1867,2842,1903,1891,639,2153,33,0.862,23,0,6.951,2.852,3.140,5.980,-1.640,-0.081,-0.022,1.001,1.930,-2.100,-0.814,0.000,0.000,0.762,0.707,3,NULL,NULL,,0,0,0,7,255,0,250,0,0
baseline,383,383,0,195256.817,0.952,-0.141,-0.152,0.226,2391,367,1867,2842,1907,1891,639,2153,33,0.862,23,0,6.819,2.855,3.080,5.920,-1.400,-0.081,-0.025,0.999,1.930,-2.104,-0.814,0.000,0.000,0.762,0.707,3,NULL,NULL,,0,0,0,7,255,0,250,0,0
baseline,383,383,0,195261.818,0.952,-0.141,-0.152,0.227,2391,367,1867,2842,1903,1891,639,2153,33,0.862,23,0,6.874,2.872,3.140,5.980,-1.280,-0.082,-0.026,0.998,1.928,-2.128,-0.832,0.000,0.000,0.762,0.707,3,NULL,NULL,,0,0,0,7,255,0,250,0,0
baseline,383,383,0,195266.817,0.952,-0.141,-0.152,0.227,2389,366,1867,2844,1903,1889,643,2152,33,0.862,23,0,7.010,2.872,3.380,5.980,-1.400,-0.081,-0.021,0.997,1.928,-2.128,-0.832,0.000,0.000,0.762,0.707,3,NULL,NULL,,0,0,0,7,255,0,250,0,0
baseline,399,399,0,195271.817,0.952,-0.141,-0.152,0.227,2387,367,1866,2843,1905,1887,639,2155,33,0.862,23,0,7.115,2.861,3.440,6.040,-1.520,-0.079,-0.022,1.000,1.936,-2.106,-0.832,0.000,0.000,0.762,0.707,3,NULL,NULL,,0,0,0,7,255,0,250,0,0
baseline,399,399,0,195276.816,0.952,-0.141,-0.152,0.227,2389,365,1867,2841,1903,1887,639,2155,33,0.862,23,0,6.941,2.877,3.260,5.980,-1.340,-0.078,-0.024,1.000,1.960,-2.106,-0.824,0.000,0.000,0.762,0.707,3,NULL,NULL,,0,0,0,7,255,0,250,0,0
baseline,415,415,0,195281.817,0.952,-0.141,-0.152,0.227,2389,367,1869,2843,1903,1887,639,2155,33,0.862,23,0,6.813,2.880,3.020,6.040,-0.900,-0.079,-0.022,1.000,1.960,-2.110,-0.820,0.000,0.000,0.762,0.707,3,NULL,NULL,,0,0,0,7,255,0,250,0,0
baseline,415,415,0,195286.817,0.952,-0.141,-0.152,0.227,2388,366,1867,2841,1903,1887,637,2153,33,0.862,23,0,6.779,2.879,3.080,5.980,-0.840,-0.083,-0.021,0.999,1.958,-2.110,-0.820,0.000,0.000,0.762,0.707,3,NULL,NULL,,0,0,0,7,255,0,250,0,0
baseline,448,448,0,195291.817,0.952,-0.141,-0.152,0.227,2387,367,1867,2840,1903,1885,645,2153,33,0.862,23,0,6.906,2.825,3.260,5.980,-1.140,-0.086,-0.018,1.000,1.918,-2.074,-0.816,0.000,0.000,0.762,0.707,3,NULL,NULL,,0,0,0,7,255,0,250,0,0
baseline,448,448,0,195296.817,0.952,-0.141,-0.152,0.227,2388,371,1869,2842,1907,1889,639,2155,33,0.862,23,0,6.992,2.813,3.260,5.980,-1.580,-0.084,-0.019,1.003,1.918,-2.058,-0.788,0.000,0.000,0.762,0.707,3,NULL,NULL,,0,0,0,7,255,0,250,0,0
baseline,448,448,0,195301.817,0.952,-0.141,-0.152,0.227,2388,367,1869,2841,1903,1887,637,2153,33,0.862,23,0,6.924,2.821,3.080,5.980,-1.640,-0.082,-0.021,1.003,1.930,-2.058,-0.782,0.000,0.000,0.762,0.707,3,NULL,NULL,,0,0,0,7,255,0,250,0,0
baseline,448,448,0,195306.816,0.952,-0.141,-0.152,0.227,2388,367,1870,2841,1903,1887,645,2153,33,0.862,23,0,6.805,2.855,2.900,5.980,-1.460,-0.080,-0.023,1.001,1.940,-2.094,-0.782,0.000,0.000,0.762,0.707,3,NULL,NULL,,0,0,0,7,255,0,250,0,0
baseline,448,448,0,195311.817,0.952,-0.140,-0.152,0.227,2389,367,1869,2843,1903,1885,645,2155,33,0.862,23,0,6.715,2.855,2.900,5.920,-1.280,-0.083,-0.023,0.999,1.940,-2.094,-0.806,0.000,0.000,0.762,0.707,3,NULL,NULL,,0,0,0,7,255,0,250,0,0
baseline,448,448,0,195316.816,0.952,-0.140,-0.152,0.227,2389,367,1869,2841,1907,1887,645,2152,33,0.862,23,0,6.858,2.837,3.140,5.920,-1.460,-0.083,-0.023,0.999,1.916,-2.092,-0.816,0.000,0.000,0.762,0.707,3,NULL,NULL,,0,0,0,7,255,0,250,0,0
baseline,448,448,0,195321.817,0.952,-0.140,-0.152,0.227,2387,371,1869,2842,1907,1891,645,2153,33,0.862,23,0,7.026,2.833,3.380,5.920,-1.700,-0.083,-0.023,1.000,1.910,-2.092,-0.816,0.000,0.000,0.762,0.707,3,NULL,NULL,,0,0,0,7,255,0,250,0,0
baseline,448,448,0,195326.817,0.952,-0.140,-0.151,0.228,2387,373,1875,2843,1909,1887,644,2153,33,0.862,23,0,7.040,2.834,3.380,5.920,-1.760,-0.083,-0.024,1.000,1.908,-2.096,-0.806,0.000,0.000,0.762,0.707,3,NULL,NULL,,0,0,0,7,255,0,250,0,0
baseline,463,463,0,195331.817,0.952,-0.140,-0.151,0.228,2387,367,1875,2843,1909,1887,645,2155,33,0.862,23,0,6.918,2.835,3.320,5.860,-1.580,-0.083,-0.024,1.000,1.906,-2.098,-0.804,0.000,0.000,0.762,0.707,3,NULL,NULL,,0,0,0,7,255,0,250,0,0
baseline,463,463,0,195336.817,0.952,-0.140,-0.151,0.228,2383,367,1873,2839,1911,1886,647,2153,33,0.862,23,0,6.863,2.833,3.260,5.860,-1.460,-0.084,-0.023,1.000,1.904,-2.098,-0.804,0.000,0.000,0.762,0.707,3,NULL,NULL,,0,0,0,7,255,0,250,0,0
baseline,463,463,0,195341.817,0.952,-0.140,-0.151,0.228,2382,366,1875,2841,1911,1887,639,2155,33,0.862,23,0,6.896,2.822,3.320,5.800,-1.700,-0.085,-0.023,0.999,1.900,-2.086,-0.804,0.000,0.000,0.762,0.707,3,NULL,NULL,,0,0,0,7,255,0,250,0,0
baseline,463,463,0,195346.816,0.952,-0.140,-0.151,0.228,2379,366,1875,2839,1911,1887,645,2155,33,0.862,23,0,6.872,2.816,3.380,5.680,-1.880,-0.083,-0.024,0.998,1.892,-2.086,-0.810,0.000,0.000,0.762,0.707,3,NULL,NULL,,0,0,0,7,255,0,250,0,0
baseline,479,479,0,195351.817,0.952,-0.140,-0.151,0.228,2379,371,1877,2841,1911,1883,647,2152,33,0.862,23,0,6.806,2.819,3.380,5.620,-1.820,-0.082,-0.023,0.999,1.892,-2.090,-0.820,0.000,0.000,0.762,0.707,3,NULL,NULL,,0,0,0,7,255,0,250,0,0
baseline,479,479,0,195356.817,0.952,-0.140,-0.151,0.228,2367,364,1878,2836,1909,1884,648,2151,33,0.862,23,0,6.725,2.826,3.380,5.560,-1.700,-0.083,-0.023,0.998,1.902,-2.090,-0.822,0.000,0.000,0.762,0.707,3,NULL,NULL,,0,0,0,7,255,0,250,0,0
baseline,495,495,0,195361.817,0.952,-0.140,-0.151,0.228,2375,368,1881,2831,1914,1889,647,2151,33,0.862,23,0,6.611,2.824,3.380,5.440,-1.640,-0.084,-0.022,0.998,1.902,-2.088,-0.820,0.000,0.000,0.762,0.707,3,NULL,NULL,,0,0,0,7,255,0,250,0,0
baseline,495,495,0,195366.816,0.952,-0.140,-0.151,0.228,2373,365,1879,2833,1915,1889,649,2155,33,0.862,23,0,6.673,2.813,3.440,5.440,-1.760,-0.084,-0.021,0.998,1.900,-2.074,-0.816,0.000,0.000,0.762,0.707,3,NULL,NULL,,0,0,0,7,255,0,250,0,0
baseline,495,495,0,195371.817,0.952,-0.140,-0.151,0.228,2367,365,1880,2835,1913,1886,648,2155,33,0.862,23,0,6.767,2.808,3.620,5.440,-1.760,-0.083,-0.021,1.001,1.900,-2.068,-0.814,0.000,0.000,0.762,0.707,3,NULL,NULL,,0,0,0,7,255,0,250,0,0
baseline,495,495,0,195376.817,0.952,-0.140,-0.151,0.228,2365,365,1881,2830,1917,1891,651,2156,33,0.862,23,0,6.722,2.808,3.440,5.440,-1.940,-0.085,-0.022,1.002,1.900,-2.068,-0.788,0.000,0.000,0.762,0.707,3,NULL,NULL,,0,0,0,7,255,0,250,0,0
baseline,512,512,0,195381.817,0.952,-0.140,-0.151,0.229,2363,365,1883,2829,1917,1891,651,2155,33,0.862,23,0,6.582,2.820,3.320,5.320,-2.000,-0.083,-0.022,1.002,1.908,-2.076,-0.778,0.000,0.000,0.762,0.707,3,NULL,NULL,,0,0,0,7,255,0,250,0,0
baseline,512,512,0,195386.817,0.952,-0.140,-0.151,0.229,2361,371,1885,2827,1920,1893,652,2155,33,0.862,23,0,6.512,2.812,3.200,5.260,-2.120,-0.085,-0.020,1.001,1.896,-2.076,-0.778,0.000,0.000,0.762,0.707,3,NULL,NULL,,0,0,0,7,255,0,250,0,0
baseline,543,543,0,195391.817,0.951,-0.140,-0.151,0.229,2357,367,1885,2825,1919,1896,651,2159,33,0.862,23,0,6.382,2.802,2.840,5.140,-2.500,-0.085,-0.020,1.004,1.906,-2.054,-0.778,0.000,0.000,0.762,0.707,3,NULL,NULL,,0,0,0,7,255,0,250,0,0
baseline,543,543,0,195396.817,0.951,-0.140,-0.151,0.229,2347,365,1891,2824,1928,1895,653,2155,33,0.862,23,0,6.427,2.802,2.600,5.200,-2.740,-0.082,-0.021,1.000,1.906,-2.054,-0.782,0.000,0.000,0.762,0.707,3,NULL,NULL,,0,0,0,7,255,0,250,0,0
baseline,543,543,0,195401.817,0.951,-0.140,-0.151,0.229,2347,365,1895,2824,1931,1895,652,2157,33,0.862,23,0,6.330,2.818,2.720,5.140,-2.500,-0.079,-0.023,1.000,1.910,-2.072,-0.796,0.000,0.000,0.762,0.707,3,NULL,NULL,,0,0,0,7,255,0,250,0,0
baseline,543,543,0,195406.816,0.951,-0.140,-0.150,0.229,2343,365,1895,2821,1933,1898,655,2159,33,0.862,23,0,6.384,2.837,2.960,5.140,-2.360,-0.080,-0.023,1.000,1.918,-2.090,-0.802,0.000,0.000,0.762,0.707,3,NULL,NULL,,0,0,0,7,255,0,250,0,0
baseline,543,543,0,195411.817,0.951,-0.140,-0.150,0.229,2339,364,1895,2815,1935,1899,655,2157,33,0.862,23,0,6.435,2.843,2.900,5.200,-2.440,-0.080,-0.021,1.001,1.928,-2.090,-0.802,0.000,0.000,0.762,0.707,3,NULL,NULL,,0,0,0,7,255,0,250,0,0
baseline,543,543,0,195416.816,0.951,-0.140,-0.150,0.229,2334,365,1897,2815,1933,1898,657,2158,33,0.862,23,0,6.408,2.833,2.840,5.200,-2.440,-0.079,-0.021,0.998,1.924,-2.080,-0.802,0.000,0.000,0.762,0.707,3,NULL,NULL,,0,0,0,7,255,0,250,0,0
baseline,559,559,0,195421.817,0.951,-0.140,-0.150,0.230,2333,363,1900,2814,1939,1897,653,2159,33,0.862,23,0,6.264,2.829,2.840,5.140,-2.180,-0.081,-0.020,1.000,1.924,-2.074,-0.804,0.000,0.000,0.762,0.707,3,NULL,NULL,,0,0,0,7,255,0,250,0,0
baseline,559,559,0,195426.817,0.951,-0.140,-0.150,0.230,2327,365,1901,2813,1939,1901,658,2159,33,0.862,23,0,6.251,2.813,2.900,5.140,-2.060,-0.081,-0.021,1.000,1.918,-2.058,-0.804,0.000,0.000,0.762,0.707,3,NULL,NULL,,0,0,0,7,255,0,250,0,0
baseline,559,559,0,195431.817,0.951,-0.140,-0.150,0.230,2327,367,1906,2811,1942,1899,665,2163,33,0.862,23,0,6.243,2.809,2.840,5.140,-2.120,-0.081,-0.024,1.000,1.912,-2.058,-0.804,0.000,0.000,0.762,0.707,3,NULL,NULL,,0,0,0,7,255,0,250,0,0
baseline,559,559,0,195436.817,0.951,-0.140,-0.150,0.230,2323,365,1907,2809,1942,1900,669,2163,33,0.862,23,0,6.174,2.823,2.840,5.080,-2.060,-0.082,-0.026,0.998,1.900,-2.088,-0.808,0.000,0.000,0.762,0.707,3,NULL,NULL,,0,0,0,7,255,0,250,0,0
baseline,577,577,0,195441.817,0.951,-0.139,-0.150,0.230,2321,367,1910,2808,1945,1901,675,2165,33,0.862,23,0,6.181,2.811,2.960,5.020,-2.060,-0.083,-0.023,1.000,1.882,-2.088,-0.808,0.000,0.000,0.762,0.707,3,NULL,NULL,,0,0,0,7,255,0,250,0,0
baseline,577,577,0,195446.817,0.951,-0.139,-0.150,0.230,2319,367,1911,2811,1947,1901,679,2167,33,0.862,23,0,6.311,2.796,2.840,5.080,-2.440,-0.083,-0.019,1.003,1.882,-2.068,-0.794,0.000,0.000,0.762,0.707,3,NULL,NULL,,0,0,0,7,255,0,250,0,0
baseline,577,577,0,195451.817,0.951,-0.139,-0.150,0.230,2317,375,1915,2811,1955,1902,679,2167,33,0.862,23,0,6.355,2.805,2.720,5.080,-2.680,-0.080,-0.020,1.002,1.912,-2.052,-0.780,0.000,0.000,0.762,0.707,3,NULL,NULL,,0,0,0,7,255,0,250,0,0
baseline,577,577,0,195456.816,0.951,-0.139,-0.150,0.230,2315,379,1917,2807,1959,1903,680,2167,33,0.862,23,0,6.247,2.813,2.520,5.140,-2.500,-0.078,-0.021,1.001,1.924,-2.052,-0.780,0.000,0.000,0.762,0.707,3,NULL,NULL,,0,0,0,7,255,0,250,0,0
baseline,592,592,0,195461.817,0.951,-0.139,-0.150,0.230,2312,377,1925,2807,1961,1906,681,2169,33,0.862,23,0,6.121,2.829,2.340,5.140,-2.360,-0.080,-0.024,1.002,1.924,-2.074,-0.780,0.000,0.000,0.762,0.707,3,NULL,NULL,,0,0,0,7,255,0,250,0,0
baseline,592,592,0,195466.817,0.951,-0.139,-0.150,0.231,2309,376,1927,2799,1964,1911,685,2168,33,0.862,23,0,6.132,2.827,2.220,5.140,-2.500,-0.081,-0.027,0.999,1.902,-2.092,-0.798,0.000,0.000,0.762,0.707,3,NULL,NULL,,0,0,0,7,255,0,250,0,0
baseline,592,592,0,195471.818,0.951,-0.139,-0.149,0.231,2303,375,1933,2805,1967,1908,691,2171,33,0.862,23,0,6.301,2.821,2.340,5.200,-2.680,-0.079,-0.026,0.998,1.890,-2.094,-0.810,0.000,0.000,0.762,0.707,3,NULL,NULL,,0,0,0,7,255,0,250,0,0
baseline,592,592,0,195476.817,0.951,-0.139,-0.149,0.231,2299,378,1937,2798,1974,1909,687,2174,33,0.862,23,0,6.575,2.821,2.840,5.320,-2.620,-0.077,-0.024,0.998,1.890,-2.094,-0.828,0.000,0.000,0.762,0.707,3,NULL,NULL,,0,0,0,7,255,0,250,0,0
baseline,611,611,0,195481.817,0.951,-0.139,-0.149,0.231,2297,377,1939,2799,1975,1909,687,2174,33,0.862,23,0,6.566,2.835,3.080,5.260,-2.440,-0.078,-0.023,1.001,1.918,-2.088,-0.828,0.000,0.000,0.762,0.707,3,NULL,NULL,,0,0,0,7,255,0,250,0,0
baseline,611,611,0,195486.816,0.951,-0.139,-0.149,0.231,2294,377,1941,2797,1976,1909,683,2172,33,0.862,23,0,6.428,2.832,2.780,5.320,-2.300,-0.077,-0.022,1.002,1.918,-2.084,-0.798,0.000,0.000,0.762,0.707,3,NULL,NULL,,0,0,0,7,255,0,250,0,0
baseline,641,641,0,195491.817,0.951,-0.139,-0.149,0.231,2295,378,1941,2799,1977,1911,683,2172,33,0.862,23,0,6.326,2.829,2.460,5.380,-2.240,-0.078,-0.023,1.000,1.918,-2.080,-0.798,0.000,0.000,0.762,0.707,3,NULL,NULL,,0,0,0,7,255,0,250,0,0
baseline,641,641,0,195496.817,0.951,-0.139,-0.149,0.231,2293,380,1944,2798,1979,1911,685,2173,33,0.862,23,0,6.281,2.827,2.400,5.380,-2.180,-0.079,-0.022,0.997,1.914,-2.080,-0.806,0.000,0.000,0.762,0.707,3,NULL,NULL,,0,0,0,7,255,0,250,0,0
baseline,641,641,0,195501.817,0.951,-0.139,-0.149,0.231,2293,380,1946,2799,1981,1911,685,2181,33,0.862,23,0,6.436,2.811,2.660,5.440,-2.180,-0.079,-0.023,0.998,1.902,-2.070,-0.820,0.000,0.000,0.762,0.707,3,NULL,NULL,,0,0,0,7,255,0,250,0,0
baseline,641,641,0,195506.816,0.951,-0.139,-0.149,0.232,2292,380,1949,2797,1983,1915,687,2175,33,0.862,23,0,6.467,2.805,2.780,5.440,-2.120,-0.080,-0.023,1.000,1.898,-2.066,-0.820,0.000,0.000,0.762,0.707,3,NULL,NULL,,0,0,0,7,255,0,250,0,0
baseline,641,641,0,195511.817,0.951,-0.139,-0.149,0.232,2291,379,1951,2795,1987,1913,684,2181,33,0.862,23,0,6.487,2.808,2.660,5.500,-2.180,-0.078,-0.024,1.002,1.898,-2.070,-0.794,0.000,0.000,0.762,0.707,3,NULL,NULL,,0,0,0,7,255,0,250,0,0
baseline,641,641,0,195516.816,0.951,-0.138,-0.149,0.232,2287,381,1957,2795,1991,1914,683,2185,33,0.862,23,0,6.428,2.821,2.460,5.500,-2.240,-0.078,-0.024,1.000,1.908,-2.078,-0.794,0.000,0.000,0.762,0.707,3,NULL,NULL,,0,0,0,7,255,0,250,0,0
baseline,655,655,0,195521.817,0.951,-0.138,-0.149,0.232,2287,381,1958,2795,1990,1913,685,2183,33,0.862,23,0,6.397,2.824,2.400,5.560,-2.060,-0.077,-0.026,0.999,1.908,-2.082,-0.800,0.000,0.000,0.762,0.707,3,NULL,NULL,,0,0,0,7,255,0,250,0,0
baseline,655,655,0,195526.816,0.951,-0.138,-0.149,0.232,2287,379,1959,2795,1992,1913,683,2185,33,0.862,23,0,6.402,2.816,2.600,5.560,-1.820,-0.078,-0.025,0.997,1.900,-2.078,-0.818,0.000,0.000,0.762,0.707,3,NULL,NULL,,0,0,0,7,255,0,250,0,0
baseline,655,655,0,195531.817,0.951,-0.138,-0.149,0.232,2285,374,1962,2795,1995,1910,687,2185,33,0.862,23,0,6.435,2.825,2.840,5.500,-1.760,-0.079,-0.029,0.996,1.890,-2.100,-0.830,0.000,0.000,0.762,0.707,3,NULL,NULL,,0,0,0,7,255,0,250,0,0
baseline,655,655,0,195536.817,0.951,-0.138,-0.149,0.232,2285,383,1964,2793,1994,1915,683,2187,33,0.862,23,0,6.462,2.817,3.140,5.440,-1.520,-0.078,-0.027,0.998,1.884,-2.094,-0.830,0.000,0.000,0.762,0.707,3,NULL,NULL,,0,0,0,7,255,0,250,0,0
baseline,671,671,0,195541.817,0.951,-0.138,-0.149,0.232,2283,381,1965,2793,1995,1915,683,2185,33,0.862,23,0,6.616,2.815,3.260,5.500,-1.700,-0.081,-0.023,1.000,1.882,-2.094,-0.824,0.000,0.000,0.762,0.707,3,NULL,NULL,,0,0,0,7,255,0,250,0,0
baseline,671,671,0,195546.816,0.951,-0.138,-0.148,0.232,2285,382,1970,2793,1960,1917,686,2185,33,0.862,23,0,6.606,2.787,3.140,5.500,-1.880,-0.080,-0.020,1.001,1.884,-2.054,-0.788,0.000,0.000,0.762,0.707,3,NULL,NULL,,0,0,0,7,255,0,250,0,0
baseline,687,687,0,195551.817,0.951,-0.138,-0.148,0.232,2283,379,1973,2793,1997,1917,687,2187,33,0.862,23,0,6.586,2.799,3.020,5.500,-2.000,-0.077,-0.021,1.001,1.902,-2.054,-0.788,0.000,0.000,0.762,0.707,3,NULL,NULL,,0,0,0,7,255,0,250,0,0
baseline,687,687,0,195556.817,0.951,-0.138,-0.148,0.232,2281,381,1976,2793,2001,1915,691,2187,33,0.862,23,0,6.489,2.803,2.960,5.500,-1.760,-0.076,-0.024,1.000,1.908,-2.054,-0.788,0.000,0.000,0.762,0.707,3,NULL,NULL,,0,0,0,7,255,0,250,0,0
baseline,687,687,0,195561.818,0.951,-0.138,-0.148,0.233,2279,379,1976,2793,2003,1915,691,2189,33,0.862,23,0,6.414,2.821,2.960,5.500,-1.460,-0.079,-0.026,1.000,1.908,-2.078,-0.802,0.000,0.000,0.762,0.707,3,NULL,NULL,,0,0,0,7,255,0,250,0,0
baseline,687,687,0,195566.817,0.951,-0.138,-0.148,0.233,2280,381,1979,2795,2004,1917,684,2193,33,0.862,23,0,6.415,2.800,2.900,5.500,-1.580,-0.080,-0.024,1.000,1.876,-2.078,-0.802,0.000,0.000,0.762,0.707,3,NULL,NULL,,0,0,0,7,255,0,250,0,0
baseline,703,703,0,195571.817,0.951,-0.138,-0.148,0.233,2278,379,1979,2793,2005,1916,690,2191,33,0.862,23,0,6.513,2.791,2.900,5.500,-1.940,-0.078,-0.024,0.999,1.876,-2.066,-0.802,0.000,0.000,0.762,0.707,3,NULL,NULL,,0,0,0,7,255,0,250,0,0
baseline,703,703,0,195576.816,0.951,-0.138,-0.148,0.233,2279,383,1981,2792,2005,1916,691,2195,33,0.862,23,0,6.446,2.797,2.900,5.500,-1.700,-0.075,-0.028,0.998,1.886,-2.066,-0.808,0.000,0.000,0.762,0.707,3,NULL,NULL,,0,0,0,7,255,0,250,0,0
baseline,703,703,0,195581.817,0.951,-0.138,-0.148,0.233,2279,381,1983,2791,2008,1919,687,2194,33,0.862,23,0,6.339,2.827,2.960,5.500,-1.080,-0.075,-0.029,0.998,1.886,-2.106,-0.830,0.000,0.000,0.762,0.707,3,NULL,NULL,,0,0,0,7,255,0,250,0,0
baseline,703,703,0,195586.816,0.951,-0.138,-0.148,0.233,2279,383,1990,2793,2011,1919,688,2195,33,0.862,23,0,6.449,2.827,3.140,5.560,-0.900,-0.079,-0.024,0.998,1.886,-2.106,-0.830,0.000,0.000,0.762,0.707,3,NULL,NULL,,0,0,0,7,255,0,250,0,0
baseline,735,735,0,195591.817,0.951,-0.138,-0.148,0.233,2279,384,1989,2791,2011,1919,694,2195,33,0.862,23,0,6.496,2.786,3.320,5.500,-0.960,-0.079,-0.024,0.999,1.876,-2.060,-0.814,0.000,0.000,0.762,0.707,3,NULL,NULL,,0,0,0,7,255,0,250,0,0
baseline,735,735,0,195596.817,0.951,-0.138,-0.148,0.233,2279,389,1983,2793,2017,1917,698,2194,33,0.862,23,0,6.616,2.786,3.320,5.620,-1.080,-0.076,-0.023,1.000,1.876,-2.060,-0.806,0.000,0.000,0.762,0.707,3,NULL,NULL,,0,0,0,7,255,0,250,0,0
baseline,735,735,0,195601.817,0.951,-0.138,-0.148,0.233,2283,384,1983,2791,2014,1927,695,2203,33,0.862,23,0,6.530,2.803,3.200,5.620,-0.900,-0.076,-0.025,1.000,1.896,-2.064,-0.802,0.000,0.000,0.762,0.707,3,NULL,NULL,,0,0,0,7,255,0,250,0,0
baseline,735,735,0,195606.816,0.951,-0.138,-0.148,0.233,2283,393,1993,2795,2021,1926,694,2195,33,0.862,23,0,6.495,2.813,3.080,5.680,-0.660,-0.076,-0.025,0.999,1.898,-2.076,-0.802,0.000,0.000,0.762,0.707,3,NULL,NULL,,0,0,0,7,255,0,250,0,0
baseline,735,735,0,195611.817,0.951,-0.138,-0.148,0.233,2281,393,1992,2794,2014,1919,691,2197,33,0.862,23,0,6.530,2.812,3.140,5.680,-0.720,-0.076,-0.026,0.998,1.896,-2.076,-0.814,0.000,0.000,0.762,0.707,3,NULL,NULL,,0,0,0,7,255,0,250,0,0
baseline,735,735,0,195616.816,0.951,-0.138,-0.148,0.233,2282,391,1997,2795,2021,1929,696,2201,33,0.862,23,0,6.637,2.812,3.380,5.680,-0.600,-0.076,-0.027,0.998,1.888,-2.084,-0.824,0.000,0.000,0.762,0.707,3,NULL,NULL,,0,0,0,7,255,0,250,0,0
baseline,751,751,0,195621.817,0.951,-0.138,-0.148,0.233,2283,391,1993,2794,2015,1930,699,2200,33,0.862,23,0,6.709,2.807,3.440,5.740,-0.480,-0.077,-0.027,0.999,1.880,-2.084,-0.824,0.000,0.000,0.762,0.707,3,NULL,NULL,,0,0,0,7,255,0,250,0,0
baseline,751,751,0,195626.817,0.951,-0.138,-0.147,0.233,2287,393,1997,2791,2023,1927,709,2199,33,0.862,23,0,6.791,2.807,3.500,5.800,-0.480,-0.077,-0.026,1.000,1.880,-2.084,-0.810,0.000,0.000,0.762,0.707,3,NULL,NULL,,0,0,0,7,255,0,250,0,0
baseline,751,751,0,195631.817,0.951,-0.138,-0.147,0.233,2283,396,1997,2795,2021,1933,709,2201,33,0.862,23,0,6.781,2.800,3.500,5.800,-0.300,-0.079,-0.027,1.001,1.872,-2.082,-0.806,0.000,0.000,0.762,0.707,3,NULL,NULL,,0,0,0,7,255,0,250,0,0
baseline,751,751,0,195636.817,0.951,-0.138,-0.147,0.233,2285,395,1997,2793,2021,1931,703,2201,33,0.862,23,0,6.733,2.800,3.500,5.740,-0.360,-0.079,-0.022,1.000,1.876,-2.078,-0.786,0.000,0.000,0.762,0.707,3,NULL,NULL,,0,0,0,7,255,0,250,0,0
baseline,767,767,0,195641.817,0.951,-0.138,-0.147,0.233,2285,398,2002,2795,2025,1934,709,2203,33,0.862,23,0,6.771,2.776,3.560,5.740,-0.480,-0.079,-0.023,1.000,1.876,-2.046,-0.786,0.000,0.000,0.762,0.707,3,NULL,NULL,,0,0,0,7,255,0,250,0,0
baseline,767,767,0,195646.816,0.951,-0.138,-0.147,0.234,2287,398,1996,2797,2024,1935,711,2204,33,0.862,23,0,6.745,2.774,3.620,5.680,-0.360,-0.079,-0.022,1.001,1.876,-2.044,-0.784,0.000,0.000,0.762,0.707,3,NULL,NULL,,0,0,0,7,255,0,250,0,0
baseline,783,783,0,195651.817,0.951,-0.138,-0.147,0.234,2287,401,2001,2795,2025,1933,713,2204,33,0.862,23,0,6.764,2.776,3.560,5.740,-0.360,-0.080,-0.021,1.002,1.878,-2.044,-0.782,0.000,0.000,0.762,0.707,3,NULL,NULL,,0,0,0,7,255,0,250,0,0
baseline,783,783,0,195656.817,0.951,-0.138,-0.147,0.234,2285,403,2001,2791,2023,1931,713,2204,33,0.862,23,0,6.612,2.777,3.320,5.680,-0.660,-0.078,-0.023,1.002,1.880,-2.044,-0.776,0.000,0.000,0.762,0.707,3,NULL,NULL,,0,0,0,7,255,0,250,0,0
baseline,799,799,0,195661.817,0.951,-0.138,-0.147,0.234,2294,405,2003,2797,2027,1938,714,2207,33,0.862,23,0,6.634,2.790,3.260,5.740,-0.660,-0.073,-0.028,0.998,1.884,-2.058,-0.776,0.000,0.000,0.762,0.707,3,NULL,NULL,,0,0,0,7,255,0,250,0,0
baseline,799,799,0,195666.816,0.951,-0.138,-0.147,0.234,2291,405,1998,2796,2025,1939,711,2205,33,0.862,23,0,6.777,2.824,3.500,5.800,-0.180,-0.073,-0.029,0.997,1.884,-2.104,-0.830,0.000,0.000,0.762,0.707,3,NULL,NULL,,0,0,0,7,255,0,250,0,0
baseline,799,799,0,195671.817,0.951,-0.138,-0.147,0.234,2292,403,2003,2797,2026,1939,712,2205,33,0.862,23,0,6.929,2.820,3.880,5.740,0.080,-0.077,-0.025,0.999,1.878,-2.104,-0.830,0.000,0.000,0.762,0.707,3,NULL,NULL,,0,0,0,7,255,0,250,0,0
baseline,799,799,0,195676.817,0.951,-0.138,-0.147,0.234,2292,403,2001,2796,2027,1939,711,2207,33,0.862,23,0,7.046,2.787,4.000,5.800,-0.060,-0.079,-0.023,1.000,1.868,-2.068,-0.810,0.000,0.000,0.762,0.707,3,NULL,NULL,,0,0,0,7,255,0,250,0,0
baseline,815,815,0,195681.818,0.951,-0.138,-0.147,0.234,2293,399,2003,2796,2026,1939,712,2207,33,0.862,23,0,6.952,2.766,3.740,5.860,-0.060,-0.079,-0.023,1.000,1.862,-2.046,-0.788,0.000,0.000,0.762,0.707,3,NULL,NULL,,0,0,0,7,255,0,250,0,0
baseline,815,815,0,195686.817,0.951,-0.138,-0.147,0.234,2295,403,2003,2798,2027,1941,711,2211,33,0.862,23,0,6.869,2.765,3.680,5.800,0.080,-0.080,-0.024,1.000,1.860,-2.046,-0.788,0.000,0.000,0.762,0.707,3,NULL,NULL,,0,0,0,7,255,0,250,0,0
baseline,831,831,0,195691.817,0.951,-0.138,-0.147,0.234,2296,402,2001,2798,2028,1941,712,2211,33,0.862,23,0,6.837,2.764,3.620,5.800,0.020,-0.080,-0.026,0.999,1.852,-2.052,-0.788,0.000,0.000,0.762,0.707,3,NULL,NULL,,0,0,0,7,255,0,250,0,0
baseline,831,831,0,195696.817,0.951,-0.138,-0.147,0.234,2297,399,2003,2797,2027,1943,713,2212,33,0.862,23,0,6.896,2.770,3.820,5.740,-0.120,-0.078,-0.025,0.999,1.852,-2.060,-0.796,0.000,0.000,0.762,0.707,3,NULL,NULL,,0,0,0,7,255,0,250,0,0
baseline,831,831,0,195701.817,0.951,-0.138,-0.147,0.234,2297,399,2003,2797,2029,1945,715,2213,33,0.862,23,0,7.048,2.775,4.000,5.800,-0.180,-0.078,-0.024,1.000,1.860,-2.060,-0.796,0.000,0.000,0.762,0.707,3,NULL,NULL,,0,0,0,7,255,0,250,0,0
baseline,831,831,0,195706.816,0.951,-0.138,-0.147,0.234,2299,401,2001,2799,2028,1944,715,2213,33,0.862,23,0,6.979,2.781,3.880,5.800,-0.120,-0.076,-0.023,1.001,1.866,-2.062,-0.792,0.000,0.000,0.762,0.707,3,NULL,NULL,,0,0,0,7,255,0,250,0,0
baseline,831,831,0,195711.817,0.951,-0.138,-0.147,0.234,2301,401,2001,2797,2028,1945,715,2215,33,0.862,23,0,6.902,2.785,3.740,5.800,-0.060,-0.077,-0.024,1.000,1.872,-2.062,-0.790,0.000,0.000,0.762,0.707,3,NULL,NULL,,0,0,0,7,255,0,250,0,0
baseline,831,831,0,195716.816,0.951,-0.138,-0.146,0.234,2301,401,1999,2799,2029,1945,715,2215,33,0.862,23,0,6.921,2.786,3.680,5.860,0.140,-0.077,-0.027,0.999,1.872,-2.064,-0.790,0.000,0.000,0.762,0.707,3,NULL,NULL,,0,0,0,7,255,0,250,0,0
baseline,863,863,0,195721.817,0.951,-0.138,-0.146,0.234,2303,401,1999,2797,2029,1946,715,2215,33,0.862,23,0,7.114,2.785,3.940,5.920,0.200,-0.077,-0.026,0.999,1.858,-2.074,-0.806,0.000,0.000,0.762,0.707,3,NULL,NULL,,0,0,0,7,255,0,250,0,0
baseline,863,863,0,195726.817,0.951,-0.138,-0.146,0.234,2303,399,1997,2799,2030,1950,695,2213,33,0.862,23,0,7.228,2.785,4.060,5.980,0.080,-0.078,-0.022,1.000,1.858,-2.074,-0.806,0.000,0.000,0.762,0.707,3,NULL,NULL,,0,0,0,7,255,0,250,0,0
baseline,863,863,0,195731.817,0.951,-0.138,-0.146,0.234,2309,401,1995,2799,2028,1947,711,2214,33,0.862,23,0,7.211,2.769,3.940,6.040,0.020,-0.076,-0.021,1.002,1.868,-2.044,-0.790,0.000,0.000,0.762,0.707,3,NULL,NULL,,0,0,0,7,255,0,250,0,0
baseline,863,863,0,195736.816,0.951,-0.138,-0.146,0.234,2311,403,1995,2802,2028,1949,713,2215,33,0.862,23,0,7.147,2.783,3.820,6.040,0.080,-0.075,-0.022,1.001,1.888,-2.044,-0.788,0.000,0.000,0.762,0.707,3,NULL,NULL,,0,0,0,7,255,0,250,0,0
baseline,863,863,0,195741.817,0.951,-0.138,-0.146,0.234,2313,401,1994,2799,2029,1949,713,2215,33,0.862,23,0,7.085,2.783,3.560,6.120,0.260,-0.076,-0.021,1.001,1.888,-2.044,-0.784,0.000,0.000,0.762,0.707,3,NULL,NULL,,0,0,0,7,255,0,250,0,0
baseline,863,863,0,195746.816,0.951,-0.138,-0.146,0.234,2333,403,1993,2799,2028,1949,713,2213,33,0.862,23,0,7.137,2.783,3.560,6.180,0.260,-0.077,-0.023,0.999,1.886,-2.046,-0.788,0.000,0.000,0.762,0.707,3,NULL,NULL,,0,0,0,7,255,0,250,0,0
baseline,879,879,0,195751.817,0.951,-0.138,-0.146,0.234,2313,399,1991,2803,2029,1949,712,2214,33,0.862,23,0,7.167,2.766,3.620,6.180,0.260,-0.078,-0.024,0.999,1.862,-2.046,-0.804,0.000,0.000,0.762,0.707,3,NULL,NULL,,0,0,0,7,255,0,250,0,0
baseline,879,879,0,195756.816,0.951,-0.138,-0.146,0.234,2317,401,1991,2805,2028,1951,711,2213,33,0.862,23,0,7.182,2.758,3.740,6.120,0.380,-0.081,-0.022,0.998,1.850,-2.046,-0.804,0.000,0.000,0.762,0.707,3,NULL,NULL,,0,0,0,7,255,0,250,0,0
baseline,895,895,0,195761.817,0.951,-0.138,-0.146,0.234,2317,399,1993,2806,2029,1951,713,2215,33,0.862,23,0,7.109,2.731,3.740,6.040,0.260,-0.083,-0.020,1.001,1.832,-2.026,-0.798,0.000,0.000,0.762,0.707,3,NULL,NULL,,0,0,0,7,255,0,250,0,0
baseline,895,895,0,195766.816,0.951,-0.138,-0.146,0.234,2319,403,1991,2805,2029,1951,713,2216,33,0.862,23,0,7.013,2.721,3.560,6.040,-0.180,-0.080,-0.020,1.002,1.832,-2.012,-0.760,0.000,0.000,0.762,0.707,3,NULL,NULL,,0,0,0,7,255,0,250,0,0
baseline,895,895,0,195771.817,0.951,-0.138,-0.146,0.234,2323,399,1991,2805,2029,1951,715,2215,33,0.862,23,0,7.001,2.739,3.380,6.120,-0.360,-0.075,-0.025,1.000,1.858,-2.012,-0.760,0.000,0.000,0.762,0.707,3,NULL,NULL,,0,0,0,7,255,0,250,0,0
baseline,895,895,0,195776.817,0.951,-0.138,-0.146,0.234,2327,405,1983,2807,2028,1957,712,2213,33,0.862,23,0,6.982,2.785,3.500,6.040,0.140,-0.075,-0.030,0.999,1.858,-2.074,-0.804,0.000,0.000,0.762,0.707,3,NULL,NULL,,0,0,0,7,255,0,250,0,0
baseline,911,911,0,195781.817,0.951,-0.138,-0.146,0.234,2329,403,1988,2807,2029,1957,713,2215,33,0.862,23,0,7.131,2.781,3.740,6.040,0.620,-0.078,-0.028,0.997,1.846,-2.080,-0.814,0.000,0.000,0.762,0.707,3,NULL,NULL,,0,0,0,7,255,0,250,0,0
baseline,911,911,0,195786.816,0.951,-0.138,-0.146,0.234,2331,403,1981,2808,2028,1957,713,2216,33,0.862,23,0,7.258,2.765,4.000,6.040,0.440,-0.081,-0.025,0.999,1.822,-2.080,-0.814,0.000,0.000,0.762,0.707,3,NULL,NULL,,0,0,0,7,255,0,250,0,0
baseline,946,946,0,195791.817,0.951,-0.138,-0.146,0.234,2332,399,1981,2807,2029,1957,715,2215,33,0.862,23,0,7.312,2.740,4.120,6.040,0.080,-0.079,-0.023,1.000,1.822,-2.046,-0.792,0.000,0.000,0.762,0.707,3,NULL,NULL,,0,0,0,7,255,0,250,0,0
baseline,946,946,0,195796.817,0.951,-0.138,-0.146,0.234,2335,403,1979,2808,2027,1957,713,2215,33,0.862,23,0,7.344,2.750,4.060,6.120,0.020,-0.077,-0.023,1.000,1.838,-2.046,-0.788,0.000,0.000,0.762,0.707,3,NULL,NULL,,0,0,0,7,255,0,250,0,0
baseline,946,946,0,195801.817,0.951,-0.138,-0.146,0.234,2339,399,1979,2806,2027,1959,712,2215,33,0.862,23,0,7.258,2.768,4.000,6.040,0.440,-0.077,-0.023,1.001,1.856,-2.054,-0.786,0.000,0.000,0.762,0.707,3,NULL,NULL,,0,0,0,7,255,0,250,0,0
baseline,946,946,0,195806.816,0.951,-0.138,-0.146,0.234,2341,401,1977,2807,2027,1960,713,2215,33,0.862,23,0,7.167,2.768,3.880,5.980,0.740,-0.080,-0.021,1.001,1.856,-2.054,-0.782,0.000,0.000,0.762,0.707,3,NULL,NULL,,0,0,0,7,255,0,250,0,0
baseline,960,960,0,195811.817,0.951,-0.138,-0.146,0.234,2345,401,1976,2811,2027,1959,711,2217,33,0.862,23,0,7.186,2.735,3.880,6.040,0.320,-0.082,-0.021,1.001,1.842,-2.022,-0.770,0.000,0.000,0.762,0.707,3,NULL,NULL,,0,0,0,7,255,0,250,0,0
baseline,960,960,0,195816.816,0.951,-0.138,-0.146,0.234,2346,401,1975,2809,2027,1959,709,2217,33,0.862,23,0,7.180,2.731,3.880,6.040,-0.120,-0.079,-0.023,0.999,1.836,-2.022,-0.770,0.000,0.000,0.762,0.707,3,NULL,NULL,,0,0,0,7,255,0,250,0,0
baseline,960,960,0,195821.817,0.951,-0.138,-0.146,0.234,2347,403,1973,2811,2027,1961,704,2217,33,0.862,23,0,7.395,2.749,4.060,6.180,0.080,-0.075,-0.025,0.999,1.836,-2.046,-0.794,0.000,0.000,0.762,0.707,3,NULL,NULL,,0,0,0,7,255,0,250,0,0
baseline,960,960,0,195826.816,0.951,-0.138,-0.145,0.234,2349,401,1975,2811,2025,1960,711,2217,33,0.862,23,0,7.478,2.777,4.180,6.180,0.500,-0.076,-0.024,1.000,1.858,-2.064,-0.794,0.000,0.000,0.762,0.707,3,NULL,NULL,,0,0,0,7,255,0,250,0,0
baseline,960,960,0,195831.817,0.951,-0.138,-0.145,0.234,2347,403,1973,2808,2028,1975,701,2207,33,0.862,23,0,7.492,2.777,4.180,6.180,0.680,-0.078,-0.023,1.000,1.858,-2.064,-0.794,0.000,0.000,0.762,0.707,3,NULL,NULL,,0,0,0,7,255,0,250,0,0
baseline,960,960,0,195836.816,0.951,-0.138,-0.145,0.234,2355,405,1970,2813,2025,1962,701,2215,33,0.862,23,0,7.496,2.760,4.300,6.120,0.500,-0.079,-0.023,0.999,1.844,-2.054,-0.794,0.000,0.000,0.762,0.707,3,NULL,NULL,,0,0,0,7,255,0,250,0,0
baseline,982,982,0,195841.817,0.951,-0.138,-0.145,0.234,2356,400,1965,2813,2025,1961,699,2215,33,0.862,23,0,7.656,2.754,4.420,6.240,0.380,-0.077,-0.025,0.999,1.834,-2.054,-0.798,0.000,0.000,0.762,0.707,3,NULL,NULL,,0,0,0,7,255,0,250,0,0
baseline,982,982,0,195846.816,0.951,-0.138,-0.145,0.234,2357,403,1964,2811,2019,1962,697,2215,33,0.862,23,0,7.944,2.766,4.720,6.360,0.620,-0.075,-0.025,0.998,1.834,-2.070,-0.804,0.000,0.000,0.762,0.707,3,NULL,NULL,,0,0,0,7,255,0,250,0,0
baseline,982,982,0,195851.817,0.951,-0.138,-0.145,0.234,2361,401,1961,2821,2020,1961,695,2215,33,0.862,23,0,8.127,2.774,5.040,6.300,0.980,-0.076,-0.023,0.999,1.846,-2.070,-0.804,0.000,0.000,0.762,0.707,3,NULL,NULL,,0,0,0,7,255,0,250,0,0
baseline,982,982,0,195856.817,0.951,-0.138,-0.145,0.234,2361,395,1961,2820,2019,1961,694,2215,33,0.862,23,0,8.135,2.765,5.040,6.300,1.040,-0.079,-0.023,1.000,1.846,-2.058,-0.802,0.000,0.000,0.762,0.707,3,NULL,NULL,,0,0,0,7,255,0,250,0,0
baseline,982,982,0,195861.817,0.951,-0.138,-0.145,0.234,2362,394,1957,2821,2019,1963,693,2215,33,0.862,23,0,7.938,2.763,4.660,6.360,0.920,-0.077,-0.023,1.001,1.844,-2.058,-0.780,0.000,0.000,0.762,0.707,3,NULL,NULL,,0,0,0,7,255,0,250,0,0
baseline,982,982,0,195866.817,0.951,-0.138,-0.145,0.234,2363,393,1951,2823,2013,1961,690,2215,33,0.862,23,0,7.762,2.766,4.300,6.420,0.740,-0.075,-0.025,0.999,1.844,-2.062,-0.780,0.000,0.000,0.762,0.707,3,NULL,NULL,,0,0,0,7,255,0,250,0,0
baseline,1010,1010,0,195871.817,0.951,-0.138,-0.145,0.234,2367,393,1949,2824,2007,1961,682,2215,33,0.862,23,0,7.881,2.768,4.300,6.540,0.920,-0.073,-0.023,0.995,1.846,-2.062,-0.810,0.000,0.000,0.762,0.707,3,NULL,NULL,,0,0,0,7,255,0,250,0,0
baseline,1010,1010,0,195876.816,0.951,-0.139,-0.145,0.234,2375,393,1945,2825,2011,1961,677,2213,33,0.862,23,0,8.151,2.788,4.480,6.720,1.100,-0.068,-0.022,0.992,1.866,-2.072,-0.852,0.000,0.000,0.762,0.707,3,NULL,NULL,,0,0,0,7,255,0,250,0,0
baseline,1010,1010,0,195881.817,0.951,-0.139,-0.145,0.234,2379,395,1944,2825,2010,1961,672,2215,33,0.862,23,0,8.448,2.810,4.480,7.020,1.420,-0.067,-0.022,0.993,1.898,-2.072,-0.884,0.000,0.000,0.762,0.707,3,NULL,NULL,,0,0,0,7,255,0,250,0,0
baseline,1010,1010,0,195886.817,0.951,-0.139,-0.145,0.234,2386,393,1942,2828,2008,1960,665,2213,33,0.862,23,0,8.911,2.825,4.780,7.260,1.960,-0.068,-0.022,0.998,1.912,-2.080,-0.884,0.000,0.000,0.762,0.707,3,NULL,NULL,,0,0,0,7,255,0,250,0,0
baseline,1041,1041,0,195891.817,0.951,-0.139,-0.145,0.234,2387,395,1939,2828,2007,1961,658,2211,33,0.862,23,0,9.363,2.825,5.160,7.460,2.320,-0.075,-0.018,1.007,1.912,-2.080,-0.834,0.000,0.000,0.762,0.707,3,NULL,NULL,,0,0,0,7,255,0,250,0,0
baseline,1041,1041,0,195896.819,0.951,-0.139,-0.145,0.234,2390,395,1931,2831,2003,1961,649,2207,33,0.862,23,0,9.256,2.787,4.980,7.520,2.080,-0.083,-0.012,1.012,1.894,-2.044,-0.724,0.000,0.000,0.762,0.707,3,NULL,NULL,,0,0,0,7,255,0,250,0,0
baseline,1041,1041,0,195901.817,0.951,-0.139,-0.145,0.234,2395,393,1925,2833,1997,1961,634,2203,33,0.862,23,0,8.879,2.722,4.420,7.580,1.360,-0.086,-0.013,1.013,1.872,-1.976,-0.650,0.000,0.000,0.762,0.707,3,NULL,NULL,,0,0,0,7,255,0,250,0,0
baseline,1041,1041,0,195906.816,0.951,-0.139,-0.145,0.234,2397,383,1911,2837,1991,1959,629,2200,33,0.862,23,0,8.498,2.701,3.560,7.700,0.500,-0.082,-0.023,1.008,1.842,-1.976,-0.650,0.000,0.000,0.762,0.707,3,NULL,NULL,,0,0,0,7,255,0,250,0,0
baseline,1041,1041,0,195911.817,0.951,-0.139,-0.145,0.234,2397,377,1899,2837,1977,1955,623,2199,33,0.862,23,0,8.514,2.750,3.500,7.760,0.140,-0.075,-0.036,1.000,1.818,-2.064,-0.698,0.000,0.000,0.762,0.707,3,NULL,NULL,,0,0,0,7,255,0,250,0,0
baseline,1041,1041,0,195916.816,0.951,-0.139,-0.145,0.234,2403,360,1881,2835,1965,1949,615,2195,33,0.862,23,0,8.787,2.830,3.880,7.880,0.260,-0.070,-0.045,0.993,1.800,-2.184,-0.804,0.000,0.000,0.762,0.707,3,NULL,NULL,,0,0,0,7,255,0,250,0,0
baseline,1057,1057,0,195921.817,0.951,-0.139,-0.145,0.234,2405,345,1860,2837,1958,1945,599,2189,33,0.862,23,0,9.061,2.890,4.420,7.880,0.680,-0.065,-0.051,0.986,1.784,-2.274,-0.898,0.000,0.000,0.762,0.707,3,NULL,NULL,,0,0,0,7,255,0,250,0,0
baseline,1057,1057,0,195926.817,0.951,-0.139,-0.145,0.234,2410,333,1837,2838,1945,1941,575,2187,33,0.862,23,0,9.974,2.912,5.460,8.180,1.660,-0.060,-0.046,0.982,1.784,-2.302,-0.984,0.000,0.000,0.762,0.707,3,NULL,NULL,,0,0,0,7,255,0,250,0,0
baseline,1057,1057,0,195931.817,0.951,-0.139,-0.145,0.234,2411,327,1816,2839,1933,1933,551,2179,33,0.862,23,0,11.300,2.947,6.740,8.560,3.000,-0.055,-0.039,0.983,1.840,-2.302,-1.030,0.000,0.000,0.762,0.707,3,NULL,NULL,,0,0,0,7,255,0,250,0,0
baseline,1057,1057,0,195936.816,0.951,-0.139,-0.145,0.234,2419,313,1797,2843,1916,1930,539,2171,33,0.862,23,0,12.560,2.966,7.600,8.920,4.520,-0.053,-0.036,0.989,1.916,-2.264,-1.030,0.000,0.000,0.762,0.707,3,NULL,NULL,,0,0,0,7,255,0,250,0,0
baseline,1071,1071,0,195941.817,0.951,-0.140,-0.145,0.233,2425,303,1769,2841,1901,1927,509,2165,33,0.862,23,0,13.587,2.986,7.840,9.460,5.800,-0.055,-0.032,0.994,1.956,-2.256,-0.982,0.000,0.000,0.762,0.707,3,NULL,NULL,,0,0,0,7,255,0,250,0,0
baseline,1071,1071,0,195946.816,0.951,-0.140,-0.145,0.233,2427,293,1743,2843,1877,1915,482,2159,33,0.862,23,0,14.367,2.980,7.720,9.960,6.900,-0.058,-0.024,0.994,1.974,-2.232,-0.926,0.000,0.000,0.762,0.707,3,NULL,NULL,,0,0,0,7,255,0,250,0,0
baseline,1072,1072,0,195951.817,0.951,-0.140,-0.145,0.233,2441,283,1705,2847,1847,1907,462,2151,33,0.862,23,0,15.170,2.929,7.900,10.500,7.580,-0.062,-0.017,0.997,1.978,-2.160,-0.910,0.000,0.000,0.762,0.707,3,NULL,NULL,,0,0,0,7,255,0,250,0,0
baseline,1072,1072,0,195956.817,0.951,-0.140,-0.145,0.233,2451,269,1671,2852,1803,1897,445,2139,33,0.862,23,0,15.775,2.876,8.080,10.800,8.180,-0.068,-0.015,1.001,1.978,-2.088,-0.864,0.000,0.000,0.762,0.707,3,NULL,NULL,,0,0,0,7,255,0,250,0,0
baseline,1088,1088,0,195961.817,0.951,-0.141,-0.146,0.232,2457,261,1637,2854,1781,1886,428,2120,33,0.862,23,0,16.359,2.844,8.080,11.360,8.560,-0.075,-0.012,1.004,1.958,-2.062,-0.804,0.000,0.000,0.762,0.707,3,NULL,NULL,,0,0,0,7,255,0,250,0,0
baseline,1088,1088,0,195966.816,0.951,-0.141,-0.146,0.232,2467,261,1598,2857,1751,1873,407,2107,33,0.862,23,0,16.563,2.786,8.260,11.480,8.620,-0.085,-0.004,1.008,1.918,-2.020,-0.752,0.000,0.000,0.762,0.707,3,NULL,NULL,,0,0,0,7,255,0,250,0,0
baseline,1104,1104,0,195971.817,0.951,-0.141,-0.146,0.232,2473,253,1548,2861,1723,1861,373,2089,33,0.862,23,0,16.231,2.690,8.140,11.540,8.000,-0.099,-0.002,1.012,1.874,-1.930,-0.684,0.000,0.000,0.762,0.707,3,NULL,NULL,,0,0,0,7,255,0,250,0,0
baseline,1104,1104,0,195976.817,0.951,-0.142,-0.146,0.231,2475,244,1501,2869,1689,1837,347,2075,33,0.862,23,0,15.107,2.585,7.160,11.480,6.720,-0.107,0.000,1.014,1.780,-1.874,-0.600,0.000,0.000,0.762,0.707,3,NULL,NULL,,0,0,0,7,255,0,250,0,0
baseline,1104,1104,0,195981.818,0.951,-0.142,-0.146,0.231,2483,243,1466,2872,1671,1824,335,2059,33,0.862,23,0,13.800,2.521,5.820,11.180,5.620,-0.118,0.005,1.012,1.732,-1.832,-0.556,0.000,0.000,0.762,0.707,3,NULL,NULL,,0,0,0,7,255,0,250,0,0
baseline,1104,1104,0,195986.817,0.951,-0.142,-0.146,0.231,2488,245,1450,2875,1645,1815,335,2039,33,0.862,23,0,12.614,2.410,5.340,10.380,4.780,-0.136,0.018,1.011,1.664,-1.744,-0.536,0.000,0.000,0.762,0.707,3,NULL,NULL,,0,0,0,7,255,0,250,0,0
baseline,1135,1135,0,195991.817,0.951,-0.142,-0.146,0.231,2490,245,1444,2877,1635,1806,339,2035,33,0.862,23,0,10.628,2.216,4.480,9.460,1.840,-0.159,0.035,1.028,1.566,-1.568,-0.478,0.000,0.000,0.762,0.707,3,NULL,NULL,,0,0,0,7,255,0,250,0,0
baseline,1135,1135,0,195996.816,0.951,-0.142,-0.147,0.231,2493,243,1445,2879,1627,1797,337,2023,33,0.862,23,0,10.444,2.078,2.280,9.340,-4.080,-0.161,0.053,1.041,1.566,-1.366,-0.230,0.000,0.000,0.762,0.707,3,NULL,NULL,,0,0,0,7,255,0,250,0,0
baseline,1135,1135,0,196001.817,0.951,-0.142,-0.147,0.231,2495,243,1445,2877,1625,1785,338,2017,33,0.862,23,0,13.752,2.096,-0.760,9.280,-10.120,-0.125,0.050,1.043,1.590,-1.366,-0.190,0.000,0.000,0.762,0.707,3,NULL,NULL,,0,0,0,7,255,0,250,0,0
baseline,1136,1136,0,196006.816,0.951,-0.142,-0.147,0.232,2495,245,1451,2878,1624,1775,339,2012,33,0.862,23,0,14.572,2.360,-3.460,8.860,-11.040,-0.080,0.008,1.024,1.892,-1.410,-0.190,0.000,0.000,0.762,0.707,3,NULL,NULL,,0,0,0,7,255,0,250,0,0
baseline,1136,1136,0,196011.818,0.951,-0.141,-0.147,0.232,2499,245,1456,2879,1624,1766,341,2006,33,0.862,23,0,12.935,2.711,-4.360,9.040,-8.160,-0.071,-0.022,1.005,1.934,-1.900,-0.550,0.000,0.000,0.762,0.707,3,NULL,NULL,,0,0,0,7,255,0,250,0,0
baseline,1136,1136,0,196016.816,0.951,-0.141,-0.147,0.232,2495,244,1465,2887,1621,1755,341,1997,33,0.862,23,0,12.140,2.788,-3.820,8.800,-7.440,-0.098,-0.023,0.989,1.934,-2.008,-0.776,0.000,0.000,0.762,0.707,3,NULL,NULL,,0,0,0,7,255,0,250,0,0
baseline,1168,1168,0,196021.817,0.951,-0.141,-0.148,0.233,2501,243,1481,2879,1615,1747,343,1991,33,0.862,23,0,14.410,2.625,-2.840,9.340,-10.600,-0.097,-0.021,0.989,1.690,-2.008,-0.842,0.000,0.000,0.762,0.707,3,NULL,NULL,,0,0,0,7,255,0,250,0,0
baseline,1168,1168,0,196026.817,0.951,-0.141,-0.148,0.233,2494,245,1492,2885,1607,1734,347,1979,33,0.862,23,0,15.254,2.625,-1.440,9.280,-12.020,-0.072,-0.033,0.985,1.690,-2.008,-0.846,0.000,0.000,0.762,0.707,3,NULL,NULL,,0,0,0,7,255,0,250,0,0
baseline,1168,1168,0,196031.817,0.951,-0.140,-0.148,0.234,2496,244,1499,2889,1599,1721,345,1973,33,0.862,23,0,13.694,2.857,-0.640,9.460,-9.880,-0.055,-0.029,0.997,1.846,-2.180,-0.910,0.000,0.000,0.762,0.707,3,NULL,NULL,,0,0,0,7,255,0,250,0,0
baseline,1168,1168,0,196036.816,0.951,-0.140,-0.148,0.234,2501,243,1506,2887,1595,1707,345,1963,33,0.862,23,0,11.813,2.980,-1.260,9.520,-6.880,-0.066,-0.013,1.003,2.032,-2.180,-0.910,0.000,0.000,0.762,0.707,3,NULL,NULL,,0,0,0,7,255,0,250,0,0
baseline,1168,1168,0,196041.817,0.951,-0.140,-0.148,0.234,2504,245,1509,2889,1589,1702,347,1957,33,0.862,23,0,11.669,2.896,-2.540,9.580,-6.160,-0.082,-0.012,0.999,2.032,-2.064,-0.800,0.000,0.000,0.762,0.707,3,NULL,NULL,,0,0,0,7,255,0,250,0,0
baseline,1168,1168,0,196046.817,0.951,-0.140,-0.148,0.235,2504,245,1511,2891,1582,1693,347,1947,33,0.862,23,0,12.123,2.799,-3.080,9.580,-6.760,-0.085,-0.025,0.990,1.902,-2.054,-0.800,0.000,0.000,0.762,0.707,3,NULL,NULL,,0,0,0,7,255,0,250,0,0
baseline,1184,1184,0,196051.817,0.950,-0.139,-0.148,0.235,2505,246,1515,2892,1577,1689,345,1941,33,0.862,23,0,12.121,2.731,-2.540,9.460,-7.140,-0.075,-0.039,0.979,1.800,-2.054,-0.872,0.000,0.000,0.762,0.707,3,NULL,NULL,,0,0,0,7,255,0,250,0,0
baseline,1184,1184,0,196056.816,0.950,-0.139,-0.149,0.235,2509,248,1517,2893,1568,1686,343,1931,33,0.862,23,0,10.854,2.833,-0.880,9.220,-5.660,-0.065,-0.043,0.973,1.800,-2.188,-1.018,0.000,0.000,0.762,0.707,3,NULL,NULL,,0,0,0,7,255,0,250,0,0
baseline,1184,1184,0,196061.817,0.950,-0.139,-0.149,0.235,2509,245,1515,2897,1565,1681,340,1919,33,0.862,23,0,10.082,2.895,0.760,9.340,-3.720,-0.067,-0.051,0.983,1.824,-2.248,-1.022,0.000,0.000,0.762,0.707,3,NULL,NULL,,0,0,0,7,255,0,250,0,0
baseline,1184,1184,0,196066.817,0.950,-0.139,-0.149,0.235,2509,244,1511,2899,1545,1679,333,1909,33,0.862,23,0,9.188,2.956,0.820,8.980,-1.760,-0.070,-0.062,0.989,1.824,-2.326,-1.022,0.000,0.000,0.762,0.707,3,NULL,NULL,,0,0,0,7,255,0,250,0,0
baseline,1199,1199,0,196071.817,0.950,-0.139,-0.149,0.235,2519,235,1499,2900,1525,1672,317,1899,33,0.862,23,0,8.779,2.985,0.820,8.740,0.080,-0.077,-0.066,0.981,1.762,-2.410,-1.022,0.000,0.000,0.762,0.707,3,NULL,NULL,,0,0,0,7,255,0,250,0,0
baseline,1199,1199,0,196076.817,0.950,-0.139,-0.149,0.235,2523,236,1491,2906,1503,1663,303,1891,33,0.862,23,0,8.962,2.934,2.220,8.620,1.040,-0.085,-0.052,0.978,1.674,-2.410,-1.008,0.000,0.000,0.762,0.707,3,NULL,NULL,,0,0,0,7,255,0,250,0,0
baseline,1215,1215,0,196081.817,0.950,-0.139,-0.149,0.235,2525,235,1467,2905,1495,1661,285,1877,33,0.862,23,0,9.452,2.800,4.000,8.500,1.040,-0.090,-0.033,0.985,1.674,-2.244,-1.008,0.000,0.000,0.762,0.707,3,NULL,NULL,,0,0,0,7,255,0,250,0,0
baseline,1215,1215,0,196086.816,0.950,-0.139,-0.149,0.235,2533,233,1453,2908,1480,1656,264,1865,33,0.862,23,0,9.501,2.722,4.600,8.240,1.100,-0.083,-0.030,0.994,1.724,-2.106,-0.912,0.000,0.000,0.762,0.707,3,NULL,NULL,,0,0,0,7,255,0,250,0,0
baseline,1248,1248,0,196091.817,0.950,-0.139,-0.149,0.235,2536,233,1433,2909,1461,1653,245,1855,33,0.862,23,0,9.504,2.778,4.360,8.060,2.520,-0.080,-0.040,0.998,1.812,-2.106,-0.848,0.000,0.000,0.762,0.707,3,NULL,NULL,,0,0,0,7,255,0,250,0,0
baseline,1248,1248,0,196096.817,0.950,-0.139,-0.149,0.235,2540,227,1403,2911,1449,1645,237,1846,33,0.862,23,0,9.977,2.826,4.300,7.820,4.460,-0.085,-0.039,0.991,1.812,-2.168,-0.848,0.000,0.000,0.762,0.707,3,NULL,NULL,,0,0,0,7,255,0,250,0,0
baseline,1248,1248,0,196101.817,0.950,-0.139,-0.149,0.235,2543,228,1368,2917,1431,1643,223,1835,33,0.862,23,0,10.939,2.787,5.880,7.700,5.080,-0.091,-0.028,0.980,1.752,-2.168,-0.876,0.000,0.000,0.762,0.707,3,NULL,NULL,,0,0,0,7,255,0,250,0,0
baseline,1248,1248,0,196106.816,0.950,-0.139,-0.149,0.235,2549,226,1349,2919,1420,1640,187,1823,33,0.862,23,0,13.011,2.680,9.120,7.880,4.900,-0.089,-0.028,0.978,1.738,-2.040,-0.948,0.000,0.000,0.762,0.707,3,NULL,NULL,,0,0,0,7,255,0,250,0,0
baseline,1248,1248,0,196111.817,0.950,-0.140,-0.149,0.235,2553,217,1312,2920,1407,1635,169,1814,33,0.862,23,0,14.555,2.680,11.020,8.000,5.140,-0.081,-0.030,0.997,1.738,-2.040,-0.948,0.000,0.000,0.762,0.707,3,NULL,NULL,,0,0,0,7,255,0,250,0,0
baseline,1248,1248,0,196116.816,0.950,-0.140,-0.149,0.234,2564,218,1295,2921,1402,1629,155,1810,33,0.862,23,0,14.677,2.814,10.460,8.000,6.480,-0.082,-0.027,1.005,1.842,-2.128,-0.830,0.000,0.000,0.762,0.707,3,NULL,NULL,,0,0,0,7,255,0,250,0,0
baseline,1264,1264,0,196121.817,0.950,-0.140,-0.149,0.234,2567,217,1261,2923,1395,1626,153,1800,33,0.862,23,0,14.329,2.814,9.060,7.820,7.880,-0.089,-0.017,0.995,1.842,-2.128,-0.816,0.000,0.000,0.762,0.707,3,NULL,NULL,,0,0,0,7,255,0,250,0,0
baseline,1264,1264,0,196126.816,0.950,-0.141,-0.149,0.234,2571,216,1243,2927,1385,1625,135,1790,33,0.862,23,0,14.427,2.700,9.000,7.760,8.180,-0.094,-0.019,0.985,1.822,-1.992,-0.816,0.000,0.000,0.762,0.707,3,NULL,NULL,,0,0,0,7,255,0,250,0,0
baseline,1264,1264,0,196131.817,0.951,-0.141,-0.149,0.233,2578,209,1235,2927,1379,1623,109,1787,33,0.862,23,0,15.458,2.652,10.340,7.460,8.740,-0.099,-0.028,0.981,1.750,-1.992,-0.892,0.000,0.000,0.762,0.707,3,NULL,NULL,,0,0,0,7,255,0,250,0,0
baseline,1264,1264,0,196136.816,0.951,-0.141,-0.149,0.233,2585,215,1223,2931,1369,1627,111,1784,33,0.862,23,0,16.475,2.580,11.860,7.080,8.980,-0.112,-0.014,0.993,1.654,-1.980,-0.892,0.000,0.000,0.762,0.707,3,NULL,NULL,,0,0,0,7,255,0,250,0,0
baseline,1281,1281,0,196141.817,0.951,-0.142,-0.149,0.233,2588,216,1211,2933,1367,1631,103,1783,33,0.862,23,0,15.580,2.516,11.920,6.840,7.340,-0.122,0.015,1.010,1.654,-1.896,-0.758,0.000,0.000,0.762,0.707,3,NULL,NULL,,0,0,0,7,255,0,250,0,0
baseline,1281,1281,0,196146.816,0.951,-0.142,-0.149,0.233,2595,215,1209,2935,1363,1635,104,1783,33,0.862,23,0,12.986,2.400,10.160,6.480,4.840,-0.114,0.020,1.022,1.720,-1.674,-0.548,0.000,0.000,0.762,0.707,3,NULL,NULL,,0,0,0,7,255,0,250,0,0
baseline,1281,1281,0,196151.817,0.951,-0.142,-0.149,0.233,2601,222,1211,2935,1367,1637,99,1785,33,0.862,23,0,10.913,2.479,8.020,6.240,3.980,-0.101,0.008,1.014,1.828,-1.674,-0.548,0.000,0.000,0.762,0.707,3,NULL,NULL,,0,0,0,7,255,0,250,0,0
baseline,1281,1281,0,196156.817,0.951,-0.143,-0.149,0.232,2604,230,1211,2938,1369,1643,95,1787,33,0.862,23,0,10.401,2.577,7.100,5.860,4.840,-0.103,-0.004,1.001,1.828,-1.816,-0.586,0.000,0.000,0.762,0.707,3,NULL,NULL,,0,0,0,7,255,0,250,0,0
baseline,1283,1283,0,196161.817,0.951,-0.143,-0.148,0.232,2607,233,1213,2939,1372,1647,99,1789,33,0.862,23,0,10.344,2.533,7.540,5.500,4.460,-0.116,0.001,0.999,1.766,-1.816,-0.684,0.000,0.000,0.762,0.707,3,NULL,NULL,,0,0,0,7,255,0,250,0,0
baseline,1283,1283,0,196166.817,0.951,-0.143,-0.148,0.232,2611,239,1213,2939,1377,1655,95,1791,33,0.862,23,0,9.764,2.474,7.960,5.440,1.540,-0.114,0.006,1.005,1.716,-1.782,-0.684,0.000,0.000,0.762,0.707,3,NULL,NULL,,0,0,0,7,255,0,250,0,0
baseline,1296,1296,0,196171.817,0.951,-0.143,-0.148,0.232,2613,233,1225,2949,1385,1661,93,1805,33,0.862,23,0,9.186,2.474,7.480,5.320,-0.360,-0.092,-0.005,1.009,1.716,-1.782,-0.668,0.000,0.000,0.762,0.707,3,NULL,NULL,,0,0,0,7,255,0,250,0,0
baseline,1296,1296,0,196176.816,0.951,-0.143,-0.148,0.232,2619,237,1227,2940,1389,1675,95,1807,33,0.862,23,0,8.609,2.704,6.740,5.320,0.620,-0.075,-0.016,1.004,1.856,-1.966,-0.668,0.000,0.000,0.762,0.707,3,NULL,NULL,,0,0,0,7,255,0,250,0,0
baseline,1311,1311,0,196181.817,0.951,-0.143,-0.148,0.232,2617,235,1235,2944,1389,1683,99,1811,33,0.862,23,0,8.386,2.816,6.000,5.380,2.320,-0.080,-0.023,0.997,1.856,-2.118,-0.778,0.000,0.000,0.762,0.707,3,NULL,NULL,,0,0,0,7,255,0,250,0,0
baseline,1311,1311,0,196186.817,0.951,-0.143,-0.148,0.232,2628,245,1233,2943,1400,1690,101,1815,33,0.862,23,0,8.563,2.811,6.060,5.320,2.880,-0.088,-0.027,0.986,1.842,-2.124,-0.836,0.000,0.000,0.762,0.707,3,NULL,NULL,,0,0,0,7,255,0,250,0,0
baseline,1348,1348,0,196191.818,0.951,-0.144,-0.148,0.232,2631,251,1235,2949,1401,1701,99,1821,33,0.862,23,0,9.263,2.737,7.040,5.440,2.580,-0.088,-0.028,0.979,1.726,-2.124,-0.918,0.000,0.000,0.762,0.707,3,NULL,NULL,,0,0,0,7,255,0,250,0,0
baseline,1348,1348,0,196196.817,0.951,-0.144,-0.148,0.232,2633,253,1235,2949,1405,1708,95,1823,33,0.862,23,0,10.190,2.735,8.200,5.320,2.880,-0.085,-0.026,0.982,1.726,-2.122,-0.958,0.000,0.000,0.762,0.707,3,NULL,NULL,,0,0,0,7,255,0,250,0,0
baseline,1348,1348,0,196201.817,0.951,-0.144,-0.148,0.232,2637,264,1235,2952,1413,1719,99,1831,33,0.862,23,0,11.181,2.746,9.120,5.320,3.680,-0.085,-0.022,0.988,1.748,-2.118,-0.958,0.000,0.000,0.762,0.707,3,NULL,NULL,,0,0,0,7,255,0,250,0,0
baseline,1348,1348,0,196206.816,0.951,-0.144,-0.148,0.232,2645,267,1237,2955,1419,1738,101,1837,33,0.862,23,0,11.601,2.734,9.300,5.080,4.720,-0.092,-0.022,0.991,1.748,-2.102,-0.900,0.000,0.000,0.762,0.707,3,NULL,NULL,,0,0,0,7,255,0,250,0,0
baseline,1348,1348,0,196211.817,0.951,-0.145,-0.147,0.232,2648,274,1245,2955,1423,1751,101,1848,33,0.862,23,0,11.770,2.708,9.120,4.400,6.000,-0.108,-0.016,0.993,1.720,-2.092,-0.858,0.000,0.000,0.762,0.707,3,NULL,NULL,,0,0,0,7,255,0,250,0,0
baseline,1348,1348,0,196216.816,0.951,-0.145,-0.147,0.231,2652,280,1258,2961,1433,1764,102,1863,33,0.862,23,0,11.283,2.556,9.300,4.100,4.900,-0.123,0.010,0.999,1.614,-1.982,-0.778,0.000,0.000,0.762,0.707,3,NULL,NULL,,0,0,0,7,255,0,250,0,0
baseline,1359,1359,0,196221.817,0.951,-0.145,-0.147,0.231,2659,287,1276,2962,1455,1779,103,1865,33,0.862,23,0,10.164,2.353,9.240,3.920,1.600,-0.123,0.021,1.008,1.614,-1.712,-0.654,0.000,0.000,0.762,0.707,3,NULL,NULL,,0,0,0,7,255,0,250,0,0
baseline,1360,1360,0,196226.817,0.951,-0.145,-0.147,0.231,2661,312,1301,2963,1477,1797,110,1882,33,0.862,23,0,8.833,2.399,8.140,3.420,0.260,-0.106,0.009,1.009,1.680,-1.712,-0.610,0.000,0.000,0.762,0.707,3,NULL,NULL,,0,0,0,7,255,0,250,0,0
baseline,1360,1360,0,196231.817,0.951,-0.145,-0.147,0.232,2665,312,1315,2963,1493,1813,112,1897,33,0.862,23,0,7.415,2.540,6.680,3.180,0.500,-0.100,-0.003,1.011,1.768,-1.824,-0.610,0.000,0.000,0.762,0.707,3,NULL,NULL,,0,0,0,7,255,0,250,0,0
baseline,1360,1360,0,196236.816,0.951,-0.145,-0.147,0.232,2667,328,1333,2965,1520,1827,115,1913,33,0.862,23,0,6.135,2.637,5.280,3.120,0.140,-0.103,-0.009,1.006,1.768,-1.956,-0.628,0.000,0.000,0.762,0.707,3,NULL,NULL,,0,0,0,7,255,0,250,0,0
baseline,1380,1380,0,196241.817,0.951,-0.146,-0.146,0.232,2669,345,1351,2966,1540,1836,121,1927,33,0.862,23,0,5.866,2.596,4.900,3.060,-1.020,-0.101,-0.008,0.997,1.700,-1.962,-0.670,0.000,0.000,0.762,0.707,3,NULL,NULL,,0,0,0,7,255,0,250,0,0
baseline,1380,1380,0,196246.816,0.951,-0.146,-0.146,0.232,2673,351,1387,2965,1555,1848,136,1933,33,0.862,23,0,6.649,2.601,5.520,3.120,-2.000,-0.092,-0.005,0.993,1.700,-1.968,-0.756,0.000,0.000,0.762,0.707,3,NULL,NULL,,0,0,0,7,255,0,250,0,0
baseline,1380,1380,0,196251.817,0.951,-0.146,-0.146,0.232,2677,361,1429,2967,1572,1861,145,1948,33,0.862,23,0,6.475,2.648,5.580,2.880,-1.580,-0.086,-0.007,0.996,1.772,-1.968,-0.814,0.000,0.000,0.762,0.707,3,NULL,NULL,,0,0,0,7,255,0,250,0,0
baseline,1380,1380,0,196256.817,0.951,-0.146,-0.146,0.232,2681,375,1459,2968,1595,1870,151,1959,33,0.862,23,0,5.180,2.683,4.660,2.260,0.080,-0.096,-0.010,1.003,1.772,-2.014,-0.814,0.000,0.000,0.762,0.707,3,NULL,NULL,,0,0,0,7,255,0,250,0,0
baseline,1392,1392,0,196261.817,0.951,-0.146,-0.146,0.232,2683,379,1499,2969,1619,1889,185,1977,33,0.862,23,0,4.169,2.654,3.680,1.960,0.020,-0.123,0.019,1.007,1.728,-2.014,-0.716,0.000,0.000,0.762,0.707,3,NULL,NULL,,0,0,0,7,255,0,250,0,0
baseline,1392,1392,0,196266.816,0.951,-0.146,-0.145,0.232,2685,395,1531,2969,1641,1901,207,1996,33,0.862,23,0,5.864,2.400,4.060,1.900,-3.780,-0.121,0.041,0.998,1.728,-1.666,-0.634,0.000,0.000,0.762,0.707,3,NULL,NULL,,0,0,0,7,255,0,250,0,0
baseline,1413,1413,0,196271.817,0.951,-0.146,-0.145,0.232,2687,421,1567,2971,1677,1913,227,2012,33,0.862,23,0,9.169,2.376,5.340,2.140,-7.140,-0.099,0.035,1.009,1.734,-1.624,-0.604,0.000,0.000,0.762,0.707,3,NULL,NULL,,0,0,0,7,255,0,250,0,0
baseline,1413,1413,0,196276.817,0.951,-0.146,-0.145,0.233,2693,459,1605,2971,1699,1931,261,2025,33,0.862,23,0,8.088,2.507,3.940,1.840,-6.820,-0.078,0.001,1.021,1.910,-1.624,-0.604,0.000,0.000,0.762,0.707,3,NULL,NULL,,0,0,0,7,255,0,250,0,0
baseline,1413,1413,0,196281.817,0.950,-0.146,-0.145,0.233,2695,506,1642,2973,1723,1947,277,2039,33,0.862,23,0,5.044,2.792,1.300,1.720,-4.560,-0.083,-0.016,1.011,1.910,-2.036,-0.604,0.000,0.000,0.762,0.707,3,NULL,NULL,,0,0,0,7,255,0,250,0,0
baseline,1413,1413,0,196286.817,0.950,-0.146,-0.145,0.233,2695,535,1689,2973,1751,1965,291,2065,33,0.862,23,0,3.911,2.730,0.340,1.160,-3.720,-0.107,-0.009,0.993,1.818,-2.036,-0.690,0.000,0.000,0.762,0.707,3,NULL,NULL,,0,0,0,7,255,0,250,0,0
baseline,1447,1447,0,196291.817,0.950,-0.146,-0.145,0.233,2695,551,1725,2972,1795,1977,310,2089,33,0.862,23,0,5.539,2.513,1.860,0.620,-5.180,-0.122,0.004,0.987,1.604,-1.934,-0.762,0.000,0.000,0.762,0.707,3,NULL,NULL,,0,0,0,7,255,0,250,0,0
baseline,1447,1447,0,196296.816,0.950,-0.145,-0.145,0.234,2693,581,1771,2972,1823,1999,329,2107,33,0.862,23,0,9.268,2.337,4.000,0.120,-8.360,-0.122,0.008,0.993,1.554,-1.746,-0.762,0.000,0.000,0.762,0.707,3,NULL,NULL,,0,0,0,7,255,0,250,0,0
baseline,1447,1447,0,196301.817,0.950,-0.145,-0.144,0.234,2693,591,1821,2971,1864,2014,343,2123,33,0.862,23,0,11.194,2.337,4.900,-0.300,-10.060,-0.106,-0.005,1.013,1.554,-1.746,-0.708,0.000,0.000,0.762,0.707,3,NULL,NULL,,0,0,0,7,255,0,250,0,0
baseline,1447,1447,0,196306.816,0.950,-0.145,-0.144,0.235,2695,599,1863,2969,1899,2029,376,2135,33,0.862,23,0,10.936,2.563,3.500,-0.120,-10.360,-0.100,-0.006,1.027,1.668,-1.946,-0.580,0.000,0.000,0.762,0.707,3,NULL,NULL,,0,0,0,7,255,0,250,0,0
baseline,1447,1447,0,196311.817,0.950,-0.145,-0.144,0.235,2685,632,1897,2965,1928,2043,405,2142,33,0.862,23,0,10.927,2.568,1.620,-0.360,-10.800,-0.112,0.007,1.018,1.676,-1.946,-0.502,0.000,0.000,0.762,0.707,3,NULL,NULL,,0,0,0,7,255,0,250,0,0
baseline,1447,1447,0,196316.816,0.950,-0.145,-0.144,0.236,2684,672,1947,2963,1959,2060,429,2157,33,0.862,23,0,13.700,2.477,1.180,-1.160,-13.600,-0.123,0.022,1.011,1.676,-1.824,-0.502,0.000,0.000,0.762,0.707,3,NULL,NULL,,0,0,0,7,255,0,250,0,0
baseline,1457,1457,0,196321.817,0.950,-0.145,-0.143,0.236,2681,719,1991,2959,1983,2071,443,2173,33,0.862,23,0,17.635,2.451,1.620,-0.120,-17.560,-0.101,0.014,1.014,1.676,-1.788,-0.516,0.000,0.000,0.762,0.707,3,NULL,NULL,,0,0,0,7,255,0,250,0,0
baseline,1457,1457,0,196326.817,0.950,-0.145,-0.143,0.237,2676,751,2043,2955,2007,2079,477,2189,33,0.862,23,0,18.867,2.526,1.000,-0.180,-18.840,-0.069,-0.008,1.014,1.784,-1.788,-0.566,0.000,0.000,0.762,0.707,3,NULL,NULL,,0,0,0,7,255,0,250,0,0
baseline,1457,1457,0,196331.817,0.950,-0.145,-0.144,0.238,2671,775,2091,2952,2030,2087,490,2202,33,0.862,23,0,17.572,2.870,-0.220,0.620,-17.560,-0.049,-0.023,1.004,1.946,-2.110,-0.688,0.000,0.000,0.762,0.707,3,NULL,NULL,,0,0,0,7,255,0,250,0,0
baseline,1457,1457,0,196336.816,0.950,-0.144,-0.144,0.239,2665,811,2133,2941,2063,2095,524,2221,33,0.862,23,0,14.304,3.013,-0.760,0.320,-14.280,-0.053,-0.041,0.989,1.946,-2.300,-0.852,0.000,0.000,0.762,0.707,3,NULL,NULL,,0,0,0,7,255,0,250,0,0
baseline,1478,1478,0,196341.817,0.949,-0.144,-0.144,0.239,2664,853,2157,2940,2087,2107,555,2231,33,0.862,23,0,11.539,2.967,-0.040,-0.660,-11.520,-0.079,-0.043,0.977,1.874,-2.300,-0.996,0.000,0.000,0.762,0.707,3,NULL,NULL,,0,0,0,7,255,0,250,0,0
baseline,1478,1478,0,196346.817,0.949,-0.144,-0.143,0.240,2681,885,2193,2941,2119,2111,597,2239,33,0.862,23,0,12.284,2.796,2.460,-0.600,-12.020,-0.098,-0.023,0.991,1.622,-2.278,-0.996,0.000,0.000,0.762,0.707,3,NULL,NULL,,0,0,0,7,255,0,250,0,0
baseline,1479,1479,0,196351.817,0.949,-0.144,-0.143,0.240,2651,919,2221,2931,2139,2127,631,2259,33,0.862,23,0,15.460,2.617,4.180,-0.360,-14.880,-0.099,0.015,1.011,1.622,-2.054,-0.822,0.000,0.000,0.762,0.707,3,NULL,NULL,,0,0,0,7,255,0,250,0,0
baseline,1479,1479,0,196356.816,0.949,-0.144,-0.143,0.241,2645,941,2258,2921,2165,2131,683,2275,33,0.862,23,0,17.661,2.520,3.440,-0.300,-17.320,-0.081,0.033,1.030,1.790,-1.774,-0.596,0.000,0.000,0.762,0.707,3,NULL,NULL,,0,0,0,7,255,0,250,0,0
baseline,1487,1487,0,196361.817,0.949,-0.144,-0.143,0.242,2645,955,2285,2923,2181,2140,703,2287,33,0.862,23,0,17.396,2.723,0.700,0.260,-17.380,-0.060,0.016,1.038,2.066,-1.774,-0.466,0.000,0.000,0.762,0.707,3,NULL,NULL,,0,0,0,7,255,0,250,0,0
baseline,1487,1487,0,196366.816,0.949,-0.144,-0.143,0.242,2631,975,2314,2915,2201,2151,737,2297,33,0.862,23,0,15.665,2.863,-2.180,0.620,-15.500,-0.055,-0.014,1.024,2.066,-1.982,-0.466,0.000,0.000,0.762,0.707,3,NULL,NULL,,0,0,0,7,255,0,250,0,0
baseline,1504,1504,0,196371.817,0.949,-0.143,-0.143,0.243,2619,995,2342,2906,2217,2158,767,2311,33,0.862,23,0,14.184,3.025,-3.820,1.280,-13.600,-0.062,-0.035,1.009,2.050,-2.224,-0.638,0.000,0.000,0.762,0.707,3,NULL,NULL,,0,0,0,7,255,0,250,0,0
baseline,1504,1504,0,196376.817,0.949,-0.143,-0.143,0.243,2611,1015,2363,2903,2229,2167,779,2324,33,0.862,23,0,13.156,2.975,-3.400,0.860,-12.680,-0.071,-0.044,0.984,1.862,-2.320,-0.778,0.000,0.000,0.762,0.707,3,NULL,NULL,,0,0,0,7,255,0,250,0,0
baseline,1520,1520,0,196381.817,0.948,-0.143,-0.143,0.244,2601,1017,2387,2893,2247,2172,793,2331,33,0.862,23,0,13.330,2.868,-1.020,1.160,-13.240,-0.082,-0.038,0.979,1.686,-2.320,-0.988,0.000,0.000,0.762,0.707,3,NULL,NULL,,0,0,0,7,255,0,250,0,0
baseline,1520,1520,0,196386.816,0.948,-0.143,-0.143,0.245,2595,1033,2407,2888,2265,2182,809,2343,33,0.862,23,0,14.389,2.773,0.760,1.600,-14.280,-0.076,-0.021,1.000,1.686,-2.202,-0.988,0.000,0.000,0.762,0.707,3,NULL,NULL,,0,0,0,7,255,0,250,0,0
baseline,1552,1552,0,196391.817,0.948,-0.143,-0.143,0.245,2585,1045,2429,2876,2274,2185,825,2346,33,0.862,23,0,13.987,2.794,1.060,1.720,-13.840,-0.068,-0.017,0.998,1.794,-2.142,-0.844,0.000,0.000,0.762,0.707,3,NULL,NULL,,0,0,0,7,255,0,250,0,0
baseline,1552,1552,0,196396.817,0.948,-0.143,-0.143,0.246,2572,1055,2445,2861,2285,2185,845,2359,33,0.862,23,0,13.139,2.847,0.760,1.220,-13.060,-0.067,-0.022,1.010,1.876,-2.142,-0.796,0.000,0.000,0.762,0.707,3,NULL,NULL,,0,0,0,7,255,0,250,0,0
baseline,1552,1552,0,196401.817,0.948,-0.143,-0.143,0.246,2567,1065,2469,2856,2299,2189,857,2360,33,0.862,23,0,12.424,2.888,-0.040,1.600,-12.320,-0.070,-0.022,1.011,1.876,-2.196,-0.738,0.000,0.000,0.762,0.707,3,NULL,NULL,,0,0,0,7,255,0,250,0,0
baseline,1552,1552,0,196406.816,0.948,-0.143,-0.143,0.247,2552,1075,2485,2843,2311,2196,873,2365,33,0.862,23,0,11.668,2.883,-0.640,1.280,-11.580,-0.076,-0.018,1.006,1.868,-2.196,-0.738,0.000,0.000,0.762,0.707,3,NULL,NULL,,0,0,0,7,255,0,250,0,0
baseline,1552,1552,0,196411.817,0.948,-0.143,-0.144,0.247,2541,1081,2493,2835,2327,2197,884,2377,33,0.862,23,0,12.033,2.798,-0.640,1.160,-11.960,-0.082,-0.012,1.005,1.826,-2.120,-0.724,0.000,0.000,0.762,0.707,3,NULL,NULL,,0,0,0,7,255,0,250,0,0
baseline,1552,1552,0,196416.816,0.947,-0.143,-0.144,0.248,2531,1084,2515,2823,2341,2201,909,2383,33,0.862,23,0,12.803,2.762,-0.520,1.160,-12.740,-0.075,-0.011,1.007,1.826,-2.072,-0.728,0.000,0.000,0.762,0.707,3,NULL,NULL,,0,0,0,7,255,0,250,0,0
baseline,1552,1552,0,196421.817,0.947,-0.143,-0.144,0.248,2517,1092,2525,2808,2355,2203,908,2389,33,0.862,23,0,12.823,2.794,-0.580,1.340,-12.740,-0.066,-0.021,1.000,1.874,-2.072,-0.728,0.000,0.000,0.762,0.707,3,NULL,NULL,,0,0,0,7,255,0,250,0,0
baseline,1552,1552,0,196426.816,0.947,-0.142,-0.144,0.249,2503,1095,2535,2793,2365,2203,909,2394,33,0.862,23,0,12.128,2.880,-0.640,1.480,-12.020,-0.056,-0.028,1.003,1.886,-2.176,-0.828,0.000,0.000,0.762,0.707,3,NULL,NULL,,0,0,0,7,255,0,250,0,0
baseline,1552,1552,0,196431.817,0.947,-0.142,-0.144,0.249,2485,1099,2549,2782,2388,2228,919,2367,33,0.862,23,0,10.212,2.971,-0.820,1.900,-10.000,-0.054,-0.038,0.997,1.898,-2.286,-0.842,0.000,0.000,0.762,0.707,3,NULL,NULL,,0,0,0,7,255,0,250,0,0
baseline,1552,1552,0,196436.816,0.947,-0.142,-0.144,0.249,2471,1103,2555,2771,2397,2212,927,2409,33,0.862,23,0,8.184,3.032,-0.580,1.720,-7.980,-0.067,-0.048,0.985,1.898,-2.364,-0.918,0.000,0.000,0.762,0.707,3,NULL,NULL,,0,0,0,7,255,0,250,0,0
baseline,1568,1568,0,196441.817,0.947,-0.142,-0.144,0.250,2453,1102,2568,2750,2405,2215,933,2419,33,0.862,23,0,7.632,2.919,1.120,0.860,-7.500,-0.078,-0.039,0.980,1.712,-2.364,-0.988,0.000,0.000,0.762,0.707,3,NULL,NULL,,0,0,0,7,255,0,250,0,0
baseline,1568,1568,0,196446.816,0.947,-0.142,-0.144,0.250,2439,1109,2579,2731,2411,2211,936,2424,33,0.862,23,0,9.509,2.808,3.500,1.040,-8.780,-0.080,-0.015,0.991,1.712,-2.226,-0.988,0.000,0.000,0.762,0.707,3,NULL,NULL,,0,0,0,7,255,0,250,0,0
baseline,1584,1584,0,196451.817,0.947,-0.143,-0.144,0.251,2419,1113,2582,2713,2423,2219,939,2428,33,0.862,23,0,9.766,2.714,3.940,0.800,-8.900,-0.070,-0.001,1.016,1.786,-2.044,-0.866,0.000,0.000,0.762,0.707,3,NULL,NULL,,0,0,0,7,255,0,250,0,0
baseline,1584,1584,0,196456.817,0.947,-0.143,-0.144,0.251,2397,1115,2590,2695,2431,2223,947,2441,33,0.862,23,0,8.322,2.850,2.220,0.800,-7.980,-0.061,-0.010,1.020,1.986,-2.044,-0.658,0.000,0.000,0.762,0.707,3,NULL,NULL,,0,0,0,7,255,0,250,0,0
baseline,1584,1584,0,196461.817,0.946,-0.143,-0.144,0.251,2381,1112,2597,2670,2443,2227,951,2445,33,0.862,23,0,6.370,2.933,0.020,0.620,-6.340,-0.068,-0.029,1.011,1.986,-2.158,-0.658,0.000,0.000,0.762,0.707,3,NULL,NULL,,0,0,0,7,255,0,250,0,0
baseline,1584,1584,0,196466.817,0.946,-0.143,-0.144,0.251,2360,1113,2601,2648,2459,2229,949,2455,33,0.862,23,0,5.566,2.868,-0.520,0.120,-5.540,-0.081,-0.029,0.999,1.856,-2.186,-0.736,0.000,0.000,0.762,0.707,3,NULL,NULL,,0,0,0,7,255,0,250,0,0
baseline,1600,1600,0,196471.817,0.946,-0.142,-0.144,0.252,2343,1107,2607,2617,2471,2235,965,2456,33,0.862,23,0,7.020,2.789,0.520,0.060,-7.000,-0.085,-0.019,0.995,1.732,-2.186,-0.804,0.000,0.000,0.762,0.707,3,NULL,NULL,,0,0,0,7,255,0,250,0,0
baseline,1600,1600,0,196476.816,0.946,-0.143,-0.144,0.252,2323,1099,2615,2597,2475,2236,955,2467,33,0.862,23,0,8.603,2.748,1.440,0.180,-8.480,-0.068,-0.017,1.000,1.732,-2.134,-0.816,0.000,0.000,0.762,0.707,3,NULL,NULL,,0,0,0,7,255,0,250,0,0
baseline,1616,1616,0,196481.817,0.946,-0.143,-0.144,0.252,2297,1097,2617,2565,2483,2246,973,2469,33,0.862,23,0,7.831,2.852,1.800,0.120,-7.620,-0.055,-0.029,1.000,1.892,-2.134,-0.828,0.000,0.000,0.762,0.707,3,NULL,NULL,,0,0,0,7,255,0,250,0,0
baseline,1616,1616,0,196486.817,0.946,-0.143,-0.144,0.253,2277,1085,2623,2479,2489,2249,985,2478,33,0.862,23,0,5.759,2.995,1.740,0.320,-5.480,-0.056,-0.032,1.002,1.918,-2.300,-0.858,0.000,0.000,0.762,0.707,3,NULL,NULL,,0,0,0,7,255,0,250,0,0
baseline,1648,1648,0,196491.817,0.946,-0.143,-0.144,0.253,2253,1082,2632,2462,2495,2249,985,2487,33,0.862,23,0,4.744,2.995,1.500,0.060,-4.500,-0.066,-0.017,1.002,1.918,-2.300,-0.858,0.000,0.000,0.762,0.707,3,NULL,NULL,,0,0,0,7,255,0,250,0,0
baseline,1648,1648,0,196496.817,0.946,-0.143,-0.144,0.253,2223,1081,2636,2449,2505,2249,1001,2489,33,0.862,23,0,5.423,2.883,1.360,0.320,-5.240,-0.066,-0.010,0.999,1.918,-2.152,-0.836,0.000,0.000,0.762,0.707,3,NULL,NULL,,0,0,0,7,255,0,250,0,0
baseline,1648,1648,0,196501.817,0.946,-0.143,-0.144,0.253,2199,1065,2641,2427,2515,2252,1003,2493,33,0.862,23,0,5.544,2.891,1.300,0.980,-5.300,-0.054,-0.026,1.001,1.930,-2.152,-0.836,0.000,0.000,0.762,0.707,3,NULL,NULL,,0,0,0,7,255,0,250,0,0
baseline,1648,1648,0,196506.816,0.946,-0.143,-0.144,0.253,2169,1063,2643,2405,2519,2251,1018,2501,33,0.862,23,0,3.455,2.990,1.620,0.260,-3.040,-0.063,-0.047,0.987,1.930,-2.284,-0.868,0.000,0.000,0.762,0.707,3,NULL,NULL,,0,0,0,7,255,0,250,0,0
baseline,1648,1648,0,196511.817,0.946,-0.143,-0.144,0.254,2151,1052,2647,2393,2523,2252,1019,2507,33,0.862,23,0,4.699,2.942,2.400,0.800,-3.960,-0.060,-0.033,0.989,1.850,-2.288,-0.968,0.000,0.000,0.762,0.707,3,NULL,NULL,,0,0,0,7,255,0,250,0,0
baseline,1648,1648,0,196516.816,0.946,-0.143,-0.144,0.254,2121,1044,2648,2363,2531,2253,1031,2510,33,0.862,23,0,5.185,2.942,4.360,-0.180,-2.800,-0.056,-0.015,0.991,1.850,-2.288,-0.968,0.000,0.000,0.762,0.707,3,NULL,NULL,,0,0,0,7,255,0,250,0,0
baseline,1650,1650,0,196521.818,0.946,-0.143,-0.144,0.254,2093,1035,2649,2345,2537,2255,1041,2519,33,0.862,23,0,5.974,2.945,5.520,0.680,-2.180,-0.056,-0.015,0.999,1.976,-2.184,-0.944,0.000,0.000,0.762,0.707,3,NULL,NULL,,0,0,0,7,255,0,250,0,0
baseline,1650,1650,0,196526.817,0.946,-0.143,-0.144,0.254,2059,1033,2653,2323,2541,2259,1046,2524,33,0.862,23,0,5.101,2.945,4.840,0.320,-1.580,-0.057,-0.027,1.006,1.976,-2.184,-0.876,0.000,0.000,0.762,0.707,3,NULL,NULL,,0,0,0,7,255,0,250,0,0
baseline,1650,1650,0,196531.817,0.946,-0.144,-0.144,0.254,2027,1007,2653,2300,2549,2260,1049,2531,33,0.862,23,0,4.401,3.010,4.360,0.260,-0.540,-0.059,-0.037,0.995,1.934,-2.306,-0.876,0.000,0.000,0.762,0.707,3,NULL,NULL,,0,0,0,7,255,0,250,0,0
baseline,1650,1650,0,196536.816,0.946,-0.144,-0.144,0.254,1999,1001,2655,2279,2553,2261,1053,2531,33,0.862,23,0,5.242,2.963,5.220,0.440,-0.180,-0.062,-0.036,0.985,1.846,-2.318,-0.924,0.000,0.000,0.762,0.707,3,NULL,NULL,,0,0,0,7,255,0,250,0,0
baseline,1664,1664,0,196541.817,0.946,-0.144,-0.144,0.254,1973,991,2655,2261,2565,2263,1061,2537,33,0.862,23,0,6.882,2.963,6.860,0.260,-0.480,-0.062,-0.028,0.991,1.846,-2.318,-0.944,0.000,0.000,0.762,0.707,3,NULL,NULL,,0,0,0,7,255,0,250,0,0
baseline,1664,1664,0,196546.816,0.945,-0.144,-0.144,0.254,1956,983,2659,2231,2567,2267,1063,2541,33,0.862,23,0,7.999,2.925,7.960,0.440,-0.660,-0.065,-0.014,1.003,1.850,-2.266,-0.944,0.000,0.000,0.762,0.707,3,NULL,NULL,,0,0,0,7,255,0,250,0,0
baseline,1683,1683,0,196551.817,0.945,-0.145,-0.144,0.254,1919,979,2659,2203,2573,2267,1067,2543,33,0.862,23,0,7.132,2.898,7.100,0.120,-0.660,-0.071,0.000,1.019,1.918,-2.172,-0.810,0.000,0.000,0.762,0.707,3,NULL,NULL,,0,0,0,7,255,0,250,0,0
baseline,1683,1683,0,196556.817,0.945,-0.145,-0.144,0.254,1895,969,2663,2217,2581,2270,1087,2552,33,0.862,23,0,5.419,2.821,5.280,0.060,-1.220,-0.078,-0.001,1.021,1.918,-2.068,-0.632,0.000,0.000,0.762,0.707,3,NULL,NULL,,0,0,0,7,255,0,250,0,0
baseline,1695,1695,0,196561.817,0.945,-0.145,-0.144,0.254,1876,957,2664,2182,2585,2271,1093,2555,33,0.862,23,0,4.429,2.820,3.380,-0.120,-2.860,-0.077,0.002,1.017,1.928,-2.058,-0.628,0.000,0.000,0.762,0.707,3,NULL,NULL,,0,0,0,7,255,0,250,0,0
baseline,1695,1695,0,196566.816,0.945,-0.145,-0.144,0.255,1846,953,2662,2166,2595,2269,1096,2567,33,0.862,23,0,5.583,2.800,3.020,0.380,-4.680,-0.061,0.007,1.006,1.928,-2.030,-0.628,0.000,0.000,0.762,0.707,3,NULL,NULL,,0,0,0,7,255,0,250,0,0
baseline,1695,1695,0,196571.817,0.945,-0.145,-0.144,0.255,1799,947,2666,2141,2599,2275,1105,2557,33,0.862,23,0,4.554,2.889,3.020,-0.240,-3.400,-0.054,0.002,1.012,2.056,-2.030,-0.746,0.000,0.000,0.762,0.707,3,NULL,NULL,,0,0,0,7,255,0,250,0,0
baseline,1695,1695,0,196576.816,0.945,-0.145,-0.144,0.255,1767,943,2677,2132,2601,2278,1107,2575,33,0.862,23,0,3.878,2.955,2.160,-0.060,-3.220,-0.057,-0.015,1.011,2.056,-2.122,-0.760,0.000,0.000,0.762,0.707,3,NULL,NULL,,0,0,0,7,255,0,250,0,0
baseline,1712,1712,0,196581.817,0.945,-0.145,-0.144,0.255,1739,941,2679,2121,2605,2279,1115,2579,33,0.862,23,0,3.418,3.003,1.120,-0.240,-3.220,-0.051,-0.028,1.003,1.986,-2.252,-0.760,0.000,0.000,0.762,0.707,3,NULL,NULL,,0,0,0,7,255,0,250,0,0
baseline,1712,1712,0,196586.817,0.945,-0.145,-0.144,0.255,1701,947,2683,2101,2615,2281,1127,2587,33,0.862,23,0,2.899,3.069,1.240,0.000,-2.620,-0.048,-0.035,0.993,1.954,-2.366,-0.864,0.000,0.000,0.762,0.707,3,NULL,NULL,,0,0,0,7,255,0,250,0,0
baseline,1746,1746,0,196591.817,0.945,-0.145,-0.144,0.255,1671,935,2683,2089,2617,2281,1131,2591,33,0.862,23,0,2.460,3.069,1.980,0.000,-1.460,-0.047,-0.025,0.993,1.954,-2.366,-0.972,0.000,0.000,0.762,0.707,3,NULL,NULL,,0,0,0,7,255,0,250,0,0
baseline,1746,1746,0,196596.816,0.945,-0.145,-0.144,0.255,1635,931,2685,2071,2623,2282,1133,2597,33,0.862,23,0,2.502,3.060,2.280,0.500,-0.900,-0.048,-0.021,0.993,1.972,-2.340,-0.972,0.000,0.000,0.762,0.707,3,NULL,NULL,,0,0,0,7,255,0,250,0,0
baseline,1746,1746,0,196601.817,0.945,-0.146,-0.144,0.255,1615,927,2693,2045,2633,2281,1140,2599,33,0.862,23,0,2.376,3.064,2.160,0.680,-0.720,-0.048,-0.025,0.998,1.978,-2.340,-0.960,0.000,0.000,0.762,0.707,3,NULL,NULL,,0,0,0,7,255,0,250,0,0
baseline,1746,1746,0,196606.816,0.945,-0.146,-0.144,0.255,1577,923,2695,2027,2635,2284,1157,2606,33,0.862,23,0,2.326,3.070,2.100,0.800,-0.600,-0.046,-0.029,0.992,1.978,-2.348,-0.960,0.000,0.000,0.762,0.707,3,NULL,NULL,,0,0,0,7,255,0,250,0,0
baseline,1746,1746,0,196611.817,0.945,-0.146,-0.144,0.255,1556,917,2698,2012,2643,2287,1159,2612,33,0.862,23,0,2.891,3.059,2.720,0.980,0.020,-0.048,-0.027,0.989,1.956,-2.352,-0.990,0.000,0.000,0.762,0.707,3,NULL,NULL,,0,0,0,7,255,0,250,0,0
baseline,1746,1746,0,196616.816,0.945,-0.146,-0.144,0.255,1525,915,2700,1981,2644,2287,1161,2617,33,0.862,23,0,3.630,3.054,3.440,1.160,0.020,-0.052,-0.028,0.990,1.948,-2.352,-0.990,0.000,0.000,0.762,0.707,3,NULL,NULL,,0,0,0,7,255,0,250,0,0
baseline,1763,1763,0,196621.817,0.945,-0.146,-0.144,0.255,1507,911,2703,1959,2649,2291,1173,2620,33,0.862,23,0,4.318,3.029,4.120,1.280,-0.180,-0.053,-0.030,0.989,1.908,-2.352,-0.996,0.000,0.000,0.762,0.707,3,NULL,NULL,,0,0,0,7,255,0,250,0,0
baseline,1763,1763,0,196626.818,0.945,-0.146,-0.144,0.255,1479,905,2707,1949,2651,2291,1170,2628,33,0.862,23,0,4.693,3.036,4.240,1.600,-1.220,-0.044,-0.026,0.995,1.908,-2.362,-0.990,0.000,0.000,0.762,0.707,3,NULL,NULL,,0,0,0,7,255,0,250,0,0
baseline,1763,1763,0,196631.817,0.945,-0.147,-0.144,0.255,1459,895,2707,1937,2655,2295,1178,2631,33,0.862,23,0,4.816,3.105,4.540,1.600,0.140,-0.036,-0.025,0.992,1.994,-2.380,-0.996,0.000,0.000,0.762,0.707,3,NULL,NULL,,0,0,0,7,255,0,250,0,0
baseline,1763,1763,0,196636.816,0.945,-0.147,-0.144,0.255,1439,893,2711,1930,2661,2297,1181,2635,33,0.862,23,0,5.408,3.131,4.780,1.960,1.600,-0.043,-0.021,0.999,2.034,-2.380,-0.964,0.000,0.000,0.762,0.707,3,NULL,NULL,,0,0,0,7,255,0,250,0,0
baseline,1763,1763,0,196641.818,0.945,-0.147,-0.144,0.255,1427,886,2709,1927,2663,2297,1191,2641,33,0.862,23,0,5.236,3.120,4.540,1.960,1.720,-0.051,-0.015,1.005,2.034,-2.366,-0.934,0.000,0.000,0.762,0.707,3,NULL,NULL,,0,0,0,7,255,0,250,0,0
baseline,1763,1763,0,196646.817,0.945,-0.147,-0.144,0.255,1403,887,2712,1913,2665,2303,1181,2645,33,0.862,23,0,5.091,3.067,4.480,2.260,0.860,-0.049,-0.010,1.000,2.034,-2.296,-0.892,0.000,0.000,0.762,0.707,3,NULL,NULL,,0,0,0,7,255,0,250,0,0
baseline,1775,1775,0,196651.817,0.945,-0.147,-0.144,0.255,1383,879,2709,1911,2665,2311,1187,2646,33,0.862,23,0,5.777,3.054,5.220,2.320,0.860,-0.042,-0.008,0.998,2.046,-2.268,-0.892,0.000,0.000,0.762,0.707,3,NULL,NULL,,0,0,0,7,255,0,250,0,0
baseline,1775,1775,0,196656.816,0.945,-0.148,-0.144,0.255,1351,873,2713,1897,2669,2313,1187,2649,33,0.862,23,0,6.497,3.099,5.700,2.640,1.660,-0.038,-0.014,1.005,2.112,-2.268,-0.892,0.000,0.000,0.762,0.707,3,NULL,NULL,,0,0,0,7,255,0,250,0,0
baseline,1791,1791,0,196661.817,0.945,-0.148,-0.144,0.255,1321,869,2713,1891,2675,2315,1188,2652,33,0.862,23,0,6.352,3.167,5.040,2.580,2.880,-0.041,-0.017,1.007,2.112,-2.360,-0.888,0.000,0.000,0.762,0.707,3,NULL,NULL,,0,0,0,7,255,0,250,0,0
baseline,1791,1791,0,196666.817,0.945,-0.148,-0.144,0.255,1299,869,2711,1887,2677,2317,1193,2653,33,0.862,23,0,5.944,3.167,4.180,2.640,3.300,-0.045,-0.019,1.005,2.096,-2.374,-0.872,0.000,0.000,0.762,0.707,3,NULL,NULL,,0,0,0,7,255,0,250,0,0
baseline,1791,1791,0,196671.817,0.945,-0.148,-0.144,0.255,1270,863,2713,1879,2678,2319,1194,2654,33,0.862,23,0,6.024,3.131,4.120,2.760,3.420,-0.044,-0.019,0.999,2.042,-2.374,-0.872,0.000,0.000,0.762,0.707,3,NULL,NULL,,0,0,0,7,255,0,250,0,0
baseline,1791,1791,0,196676.817,0.945,-0.149,-0.144,0.255,1253,875,2712,1868,2679,2324,1193,2659,33,0.862,23,0,6.973,3.127,4.900,2.880,4.040,-0.045,-0.023,0.995,2.036,-2.374,-0.934,0.000,0.000,0.762,0.707,3,NULL,NULL,,0,0,0,7,255,0,250,0,0
baseline,1814,1814,0,196681.817,0.945,-0.149,-0.144,0.255,1229,865,2714,1849,2684,2324,1197,2664,33,0.862,23,0,7.623,3.120,5.160,2.940,4.780,-0.049,-0.029,1.002,1.998,-2.396,-0.934,0.000,0.000,0.762,0.707,3,NULL,NULL,,0,0,0,7,255,0,250,0,0
baseline,1814,1814,0,196686.816,0.945,-0.149,-0.144,0.254,1221,859,2713,1837,2684,2326,1197,2667,33,0.862,23,0,7.351,3.119,4.540,2.760,5.080,-0.057,-0.030,1.000,1.958,-2.428,-0.902,0.000,0.000,0.762,0.707,3,NULL,NULL,,0,0,0,7,255,0,250,0,0
baseline,1846,1846,0,196691.817,0.945,-0.149,-0.144,0.254,1207,859,2711,1833,2685,2329,1203,2669,33,0.862,23,0,7.279,3.071,4.980,2.580,4.640,-0.058,-0.028,0.989,1.880,-2.428,-0.902,0.000,0.000,0.762,0.707,3,NULL,NULL,,0,0,0,7,255,0,250,0,0
baseline,1846,1846,0,196696.817,0.945,-0.150,-0.144,0.254,1212,855,2712,1819,2693,2331,1205,2676,33,0.862,23,0,8.013,3.067,6.320,2.440,4.280,-0.055,-0.030,0.992,1.874,-2.428,-0.978,0.000,0.000,0.762,0.707,3,NULL,NULL,,0,0,0,7,255,0,250,0,0
baseline,1846,1846,0,196701.817,0.945,-0.150,-0.144,0.254,1196,851,2712,1805,2696,2333,1208,2679,33,0.862,23,0,8.805,3.067,6.980,2.320,4.840,-0.056,-0.028,1.000,1.874,-2.428,-0.978,0.000,0.000,0.762,0.707,3,NULL,NULL,,0,0,0,7,255,0,250,0,0
baseline,1846,1846,0,196706.816,0.945,-0.150,-0.144,0.254,1179,851,2715,1785,2699,2335,1209,2682,33,0.862,23,0,8.794,3.071,6.740,1.900,5.320,-0.065,-0.019,1.007,1.880,-2.428,-0.908,0.000,0.000,0.762,0.707,3,NULL,NULL,,0,0,0,7,255,0,250,0,0
baseline,1846,1846,0,196711.817,0.945,-0.151,-0.144,0.254,1163,845,2715,1769,2703,2341,1214,2685,33,0.862,23,0,8.030,3.005,6.680,1.600,4.160,-0.072,-0.008,1.011,1.886,-2.340,-0.798,0.000,0.000,0.762,0.707,3,NULL,NULL,,0,0,0,7,255,0,250,0,0
baseline,1846,1846,0,196716.816,0.945,-0.151,-0.144,0.254,1143,845,2717,1747,2709,2343,1223,2695,33,0.862,23,0,7.354,2.921,6.860,1.280,2.320,-0.066,-0.002,1.013,1.886,-2.230,-0.734,0.000,0.000,0.762,0.707,3,NULL,NULL,,0,0,0,7,255,0,250,0,0
baseline,1857,1857,0,196721.817,0.944,-0.151,-0.144,0.254,1115,838,2715,1719,2711,2345,1226,2699,33,0.862,23,0,6.851,2.973,6.500,1.040,1.900,-0.056,-0.003,1.021,1.966,-2.230,-0.724,0.000,0.000,0.762,0.707,3,NULL,NULL,,0,0,0,7,255,0,250,0,0
baseline,1857,1857,0,196726.816,0.944,-0.152,-0.144,0.253,1075,828,2717,1691,2716,2346,1229,2701,33,0.862,23,0,5.872,3.085,5.280,0.920,2.400,-0.052,-0.006,1.025,2.060,-2.296,-0.686,0.000,0.000,0.762,0.707,3,NULL,NULL,,0,0,0,7,255,0,250,0,0
baseline,1857,1857,0,196731.818,0.944,-0.152,-0.144,0.253,1045,819,2719,1663,2720,2349,1229,2707,33,0.862,23,0,4.555,3.142,3.680,0.740,2.580,-0.050,-0.005,1.022,2.086,-2.350,-0.686,0.000,0.000,0.762,0.707,3,NULL,NULL,,0,0,0,7,255,0,250,0,0
baseline,1857,1857,0,196736.816,0.944,-0.152,-0.144,0.253,1035,807,2724,1637,2727,2349,1245,2711,33,0.862,23,0,3.891,3.142,3.080,0.740,2.260,-0.054,-0.008,1.009,2.086,-2.350,-0.700,0.000,0.000,0.762,0.707,3,NULL,NULL,,0,0,0,7,255,0,250,0,0
baseline,1880,1880,0,196741.817,0.944,-0.152,-0.144,0.253,1015,805,2719,1609,2729,2349,1251,2715,33,0.862,23,0,3.737,3.098,3.320,0.620,1.600,-0.053,-0.010,1.011,2.018,-2.350,-0.800,0.000,0.000,0.762,0.707,3,NULL,NULL,,0,0,0,7,255,0,250,0,0
baseline,1880,1880,0,196746.816,0.944,-0.152,-0.144,0.253,997,790,2723,1583,2715,2347,1262,2716,33,0.862,23,0,2.615,3.102,1.980,0.740,1.540,-0.048,-0.020,1.022,2.018,-2.356,-0.800,0.000,0.000,0.762,0.707,3,NULL,NULL,,0,0,0,7,255,0,250,0,0
baseline,1881,1881,0,196751.817,0.944,-0.152,-0.144,0.253,971,781,2725,1555,2735,2355,1271,2723,33,0.862,23,0,1.711,3.106,0.940,0.440,1.360,-0.052,-0.009,1.007,2.024,-2.356,-0.800,0.000,0.000,0.762,0.707,3,NULL,NULL,,0,0,0,7,255,0,250,0,0
baseline,1881,1881,0,196756.817,0.944,-0.152,-0.144,0.253,956,763,2727,1517,2739,2351,1278,2729,33,0.862,23,0,1.916,3.098,1.860,0.380,0.260,-0.054,-0.003,1.000,2.024,-2.346,-0.840,0.000,0.000,0.762,0.707,3,NULL,NULL,,0,0,0,7,255,0,250,0,0
baseline,1881,1881,0,196761.817,0.944,-0.152,-0.144,0.253,924,737,2731,1497,2743,2351,1301,2735,33,0.862,23,0,2.862,3.094,2.660,0.440,-0.960,-0.053,-0.007,1.011,2.024,-2.340,-0.840,0.000,0.000,0.762,0.707,3,NULL,NULL,,0,0,0,7,255,0,250,0,0
baseline,1881,1881,0,196766.817,0.944,-0.153,-0.144,0.253,892,725,2733,1477,2748,2351,1305,2735,33,0.862,23,0,2.574,3.100,1.920,0.500,-1.640,-0.048,-0.008,1.025,2.034,-2.340,-0.794,0.000,0.000,0.762,0.707,3,NULL,NULL,,0,0,0,7,255,0,250,0,0
baseline,1904,1904,0,196771.817,0.944,-0.152,-0.144,0.253,857,695,2735,1435,2751,2347,1312,2740,33,0.862,23,0,1.936,3.192,-0.580,0.560,-1.760,-0.045,-0.007,1.022,2.102,-2.402,-0.722,0.000,0.000,0.762,0.707,3,NULL,NULL,,0,0,0,7,255,0,250,0,0
baseline,1904,1904,0,196776.816,0.944,-0.152,-0.144,0.253,816,679,2739,1389,2757,2346,1321,2743,33,0.862,23,0,2.428,3.192,-1.920,0.500,-1.400,-0.043,-0.010,1.009,2.102,-2.402,-0.722,0.000,0.000,0.762,0.707,3,NULL,NULL,,0,0,0,7,255,0,250,0,0
baseline,1904,1904,0,196781.817,0.944,-0.152,-0.144,0.253,777,663,2742,1365,2759,2346,1327,2746,33,0.862,23,0,2.427,3.191,-2.100,0.560,-1.080,-0.041,-0.018,0.998,2.100,-2.402,-0.846,0.000,0.000,0.762,0.707,3,NULL,NULL,,0,0,0,7,255,0,250,0,0
baseline,1904,1904,0,196786.816,0.944,-0.152,-0.144,0.253,749,652,2743,1327,2763,2347,1337,2750,33,0.862,23,0,1.995,3.191,-1.680,0.740,-0.780,-0.037,-0.034,1.000,2.054,-2.442,-0.964,0.000,0.000,0.762,0.707,3,NULL,NULL,,0,0,0,7,255,0,250,0,0
baseline,1936,1936,0,196791.817,0.944,-0.152,-0.144,0.253,723,621,2756,1300,2775,2350,1341,2750,33,0.862,23,0,0.829,3.290,-0.520,0.620,-0.180,-0.043,-0.040,0.993,2.010,-2.604,-0.974,0.000,0.000,0.762,0.707,3,NULL,NULL,,0,0,0,7,255,0,250,0,0
baseline,1936,1936,0,196796.817,0.944,-0.152,-0.144,0.253,687,589,2745,1237,2767,2345,1351,2751,33,0.862,23,0,0.583,3.263,0.020,0.500,-0.300,-0.046,-0.029,1.002,1.966,-2.604,-0.974,0.000,0.000,0.762,0.707,3,NULL,NULL,,0,0,0,7,255,0,250,0,0
baseline,1936,1936,0,196801.817,0.944,-0.152,-0.144,0.253,665,560,2747,1188,2773,2341,1356,2763,33,0.862,23,0,1.519,3.199,1.060,0.380,-1.020,-0.055,-0.010,1.006,1.966,-2.524,-0.920,0.000,0.000,0.762,0.707,3,NULL,NULL,,0,0,0,7,255,0,250,0,0
baseline,1936,1936,0,196806.816,0.944,-0.152,-0.144,0.254,635,531,2751,1141,2775,2339,1366,2765,33,0.862,23,0,2.517,3.078,1.060,0.440,-2.240,-0.046,-0.002,1.018,1.998,-2.342,-0.838,0.000,0.000,0.762,0.707,3,NULL,NULL,,0,0,0,7,255,0,250,0,0
baseline,1936,1936,0,196811.817,0.944,-0.152,-0.144,0.254,615,503,2751,1107,2780,2333,1373,2769,33,0.862,23,0,2.653,3.168,0.880,-0.120,-2.500,-0.035,0.001,1.010,2.136,-2.340,-0.838,0.000,0.000,0.762,0.707,3,NULL,NULL,,0,0,0,7,255,0,250,0,0
baseline,1936,1936,0,196816.816,0.944,-0.152,-0.144,0.254,605,485,2758,1064,2781,2329,1375,2773,33,0.862,23,0,1.725,3.202,1.000,-0.120,-1.400,-0.030,-0.016,1.011,2.186,-2.340,-0.856,0.000,0.000,0.762,0.707,3,NULL,NULL,,0,0,0,7,255,0,250,0,0
baseline,1952,1952,0,196821.817,0.944,-0.152,-0.144,0.254,580,461,2757,1045,2782,2325,1379,2775,33,0.862,23,0,1.164,3.328,0.760,-0.480,0.740,-0.032,-0.019,1.018,2.186,-2.510,-0.856,0.000,0.000,0.762,0.707,3,NULL,NULL,,0,0,0,7,255,0,250,0,0
baseline,1952,1952,0,196826.817,0.944,-0.152,-0.144,0.254,529,447,2757,999,2789,2319,1385,2777,33,0.862,23,0,1.569,3.321,-0.580,-0.660,1.300,-0.043,-0.022,1.015,2.168,-2.516,-0.816,0.000,0.000,0.762,0.707,3,NULL,NULL,,0,0,0,7,255,0,250,0,0
baseline,1952,1952,0,196831.817,0.944,-0.152,-0.144,0.254,489,424,2761,956,2792,2315,1390,2780,33,0.862,23,0,2.622,3.270,-2.480,-0.420,0.740,-0.046,-0.034,1.009,2.054,-2.544,-0.816,0.000,0.000,0.762,0.707,3,NULL,NULL,,0,0,0,7,255,0,250,0,0
baseline,1952,1952,0,196836.816,0.944,-0.152,-0.144,0.254,441,383,2763,905,2795,2313,1399,2787,33,0.862,23,0,1.689,3.200,-0.820,-1.340,0.620,-0.050,-0.018,0.998,1.978,-2.516,-0.862,0.000,0.000,0.762,0.707,3,NULL,NULL,,0,0,0,7,255,0,250,0,0
baseline,1968,1968,0,196841.817,0.944,-0.152,-0.144,0.254,419,360,2766,845,2799,2309,1413,2787,33,0.862,23,0,1.442,3.115,0.280,-1.400,0.200,-0.047,-0.005,1.017,1.978,-2.406,-0.862,0.000,0.000,0.762,0.707,3,NULL,NULL,,0,0,0,7,255,0,250,0,0
baseline,1968,1968,0,196846.816,0.944,-0.152,-0.144,0.254,376,329,2767,793,2807,2301,1420,2795,33,0.862,23,0,2.125,3.161,-0.040,-2.120,0.140,-0.043,0.006,1.034,2.108,-2.356,-0.760,0.000,0.000,0.762,0.707,3,NULL,NULL,,0,0,0,7,255,0,250,0,0
baseline,1984,1984,0,196851.817,0.944,-0.152,-0.144,0.254,349,314,2771,747,2809,2293,1427,2793,33,0.862,23,0,3.219,3.217,-1.080,-2.740,1.300,-0.045,0.015,1.046,2.226,-2.322,-0.602,0.000,0.000,0.762,0.707,3,NULL,NULL,,0,0,0,7,255,0,250,0,0
baseline,1984,1984,0,196856.817,0.944,-0.152,-0.144,0.253,317,286,2777,718,2809,2283,1432,2795,33,0.862,23,0,5.869,3.226,-4.920,-3.160,0.500,-0.043,0.004,1.043,2.240,-2.322,-0.514,0.000,0.000,0.762,0.707,3,NULL,NULL,,0,0,0,7,255,0,250,0,0
baseline,1999,1999,0,196861.817,0.945,-0.152,-0.144,0.253,273,251,2779,675,2813,2277,1438,2797,33,0.862,23,0,8.079,3.283,-6.560,-4.700,0.380,-0.028,0.000,1.024,2.284,-2.358,-0.514,0.000,0.000,0.762,0.707,3,NULL,NULL,,0,0,0,7,255,0,250,0,0
baseline,1999,1999,0,196866.816,0.945,-0.151,-0.144,0.253,217,231,2783,635,2822,2269,1452,2805,33,0.862,23,0,8.668,3.313,-5.900,-6.040,1.960,-0.023,-0.001,1.011,2.296,-2.388,-0.738,0.000,0.000,0.762,0.707,3,NULL,NULL,,0,0,0,7,255,0,250,0,0
baseline,1999,1999,0,196871.817,0.945,-0.151,-0.143,0.253,209,201,2787,615,2825,2259,1477,2808,33,0.862,23,0,8.844,3.313,-3.020,-6.580,5.080,-0.034,0.014,1.008,2.296,-2.388,-0.854,0.000,0.000,0.762,0.707,3,NULL,NULL,,0,0,0,7,255,0,250,0,0
baseline,1999,1999,0,196876.817,0.945,-0.151,-0.143,0.253,178,179,2792,581,2827,2247,1486,2810,33,0.862,23,0,7.646,3.302,-4.300,-6.100,1.660,-0.054,-0.022,1.009,2.280,-2.388,-0.854,0.000,0.000,0.762,0.707,3,NULL,NULL,,0,0,0,7,255,0,250,0,0
baseline,2015,2015,0,196881.817,0.945,-0.151,-0.143,0.253,157,173,2795,555,2835,2233,1496,2812,33,0.862,23,0,9.149,3.199,-6.200,-6.580,-1.400,-0.016,-0.040,0.980,2.092,-2.420,-0.854,0.000,0.000,0.762,0.707,3,NULL,NULL,,0,0,0,7,255,0,250,0,0
baseline,2015,2015,0,196886.817,0.945,-0.151,-0.143,0.253,133,180,2803,521,2839,2220,1509,2821,33,0.862,23,0,8.401,3.289,2.840,-6.760,4.100,-0.069,-0.093,1.002,1.940,-2.656,-0.908,0.000,0.000,0.762,0.707,3,NULL,NULL,,0,0,0,7,255,0,250,0,0
baseline,2032,2032,0,196891.817,0.945,-0.151,-0.142,0.253,115,167,2805,503,2844,2204,1525,2823,33,0.862,23,0,9.760,3.230,-0.160,-9.140,3.420,-0.074,-0.064,1.050,1.648,-2.778,-0.908,0.000,0.000,0.762,0.707,3,NULL,NULL,,0,0,0,7,255,0,250,0,0
baseline,2032,2032,0,196896.816,0.945,-0.150,-0.142,0.253,83,150,2807,501,2851,2191,1544,2828,33,0.862,23,0,9.101,3.230,-2.600,-8.300,-2.680,-0.069,-0.061,1.029,1.648,-2.778,-0.620,0.000,0.000,0.762,0.707,3,NULL,NULL,,0,0,0,7,255,0,250,0,0
baseline,2048,2048,0,196901.817,0.945,-0.150,-0.141,0.253,57,133,2812,487,2856,2183,1557,2829,33,0.862,23,0,11.253,3.176,-2.900,-10.860,-0.540,-0.045,-0.041,1.036,1.652,-2.712,-0.604,0.000,0.000,0.762,0.707,3,NULL,NULL,,0,0,0,7,255,0,250,0,0
baseline,2048,2048,0,196906.816,0.945,-0.150,-0.141,0.253,48,99,2813,479,2861,2171,1572,2835,33,0.862,23,0,12.334,3.280,-1.800,-12.080,1.720,-0.053,-0.031,1.033,1.922,-2.658,-0.604,0.000,0.000,0.762,0.707,3,NULL,NULL,,0,0,0,7,255,0,250,0,0
baseline,2048,2048,0,196911.817,0.945,-0.150,-0.140,0.253,27,85,2815,465,2863,2163,1580,2835,33,0.862,23,0,12.713,3.280,-2.720,-12.380,0.980,-0.048,-0.050,1.048,1.922,-2.658,-0.598,0.000,0.000,0.762,0.707,3,NULL,NULL,,0,0,0,7,255,0,250,0,0
baseline,2048,2048,0,196916.816,0.946,-0.150,-0.140,0.253,21,71,2824,442,2872,2147,1597,2839,33,0.862,23,0,16.679,3.170,6.380,-14.220,5.940,-0.070,-0.031,1.073,1.892,-2.544,-0.484,0.000,0.000,0.762,0.707,3,NULL,NULL,,0,0,0,7,255,0,250,0,0
baseline,2064,2064,0,196921.817,0.946,-0.150,-0.139,0.252,20,63,2825,440,2878,2141,1605,2843,33,0.862,23,0,17.444,3.170,-1.860,-16.160,6.300,-0.040,-0.002,1.083,1.892,-2.544,-0.168,0.000,0.000,0.762,0.707,3,NULL,NULL,,0,0,0,7,255,0,250,0,0
baseline,2064,2064,0,196926.817,0.946,-0.149,-0.139,0.252,19,50,2828,424,2889,2125,1609,2845,33,0.862,23,0,17.562,3.193,-6.440,-15.800,4.160,-0.039,-0.039,1.020,1.930,-2.544,-0.168,0.000,0.000,0.762,0.707,3,NULL,NULL,,0,0,0,7,255,0,250,0,0
baseline,2064,2064,0,196931.817,0.946,-0.149,-0.138,0.252,16,31,2829,404,2893,2109,1623,2848,33,0.862,23,0,19.519,3.235,-2.600,-17.640,7.940,-0.028,-0.056,1.011,1.930,-2.596,-0.756,0.000,0.000,0.762,0.707,3,NULL,NULL,,0,0,0,7,255,0,250,0,0
baseline,2064,2064,0,196936.816,0.946,-0.149,-0.137,0.252,13,0,2833,391,2901,2093,1637,2851,33,0.862,23,0,20.234,3.276,0.580,-18.240,8.740,-0.037,-0.048,1.016,1.906,-2.664,-0.800,0.000,0.000,0.762,0.707,3,NULL,NULL,,0,0,0,7,255,0,250,0,0
baseline,2064,2064,0,196941.817,0.947,-0.149,-0.136,0.251,5,0,2835,341,2903,2073,1648,2859,33,0.862,23,0,20.591,3.276,1.120,-19.040,7.760,-0.032,-0.043,1.023,1.906,-2.664,-0.800,0.000,0.000,0.762,0.707,3,NULL,NULL,,0,0,0,7,255,0,250,0,0
baseline,2064,2064,0,196946.817,0.947,-0.149,-0.135,0.251,0,0,2839,317,2909,2031,1659,2860,33,0.862,23,0,21.779,3.286,1.920,-19.960,8.500,-0.024,-0.037,1.038,1.926,-2.662,-0.736,0.000,0.000,0.762,0.707,3,NULL,NULL,,0,0,0,7,255,0,250,0,0
baseline,2080,2080,0,196951.817,0.947,-0.149,-0.134,0.251,0,0,2839,287,2911,1989,1672,2863,33,0.862,23,0,23.388,3.345,1.980,-21.180,9.720,-0.025,-0.020,1.034,2.038,-2.652,-0.618,0.000,0.000,0.762,0.707,3,NULL,NULL,,0,0,0,7,255,0,250,0,0
baseline,2080,2080,0,196956.816,0.947,-0.149,-0.133,0.250,0,0,2839,253,2917,1943,1683,2868,33,0.862,23,0,23.829,3.285,1.440,-21.600,9.960,-0.021,-0.022,1.037,2.090,-2.534,-0.614,0.000,0.000,0.762,0.707,3,NULL,NULL,,0,0,0,7,255,0,250,0,0
baseline,2096,2096,0,196961.817,0.948,-0.148,-0.132,0.250,0,0,2841,243,2923,1901,1695,2872,33,0.862,23,0,25.277,3.285,1.980,-22.880,10.560,-0.024,-0.029,1.035,2.090,-2.534,-0.618,0.000,0.000,0.762,0.707,3,NULL,NULL,,0,0,0,7,255,0,250,0,0
baseline,2096,2096,0,196966.817,0.948,-0.148,-0.131,0.250,0,0,2843,220,2925,1891,1711,2873,33,0.862,23,0,26.350,3.243,2.900,-23.740,11.060,-0.026,-0.024,1.042,2.024,-2.534,-0.604,0.000,0.000,0.762,0.707,3,NULL,NULL,,0,0,0,7,255,0,250,0,0
baseline,2096,2096,0,196971.817,0.948,-0.148,-0.130,0.249,0,0,2846,189,2931,1883,1721,2878,33,0.862,23,0,27.044,3.240,1.680,-24.840,10.560,-0.025,-0.019,1.049,2.024,-2.530,-0.534,0.000,0.000,0.762,0.707,3,NULL,NULL,,0,0,0,7,255,0,250,0,0
baseline,2096,2096,0,196976.816,0.948,-0.148,-0.129,0.249,0,0,2851,163,2937,1855,1726,2884,33,0.862,23,0,27.487,3.237,0.760,-25.440,10.380,-0.018,-0.014,1.061,2.054,-2.502,-0.456,0.000,0.000,0.762,0.707,3,NULL,NULL,,0,0,0,7,255,0,250,0,0
baseline,2114,2114,0,196981.817,0.949,-0.148,-0.128,0.248,0,0,2855,134,2941,1855,1741,2879,33,0.862,23,0,29.266,3.292,1.500,-26.660,11.980,-0.014,-0.012,1.063,2.144,-2.498,-0.356,0.000,0.000,0.762,0.707,3,NULL,NULL,,0,0,0,7,255,0,250,0,0
baseline,2114,2114,0,196986.816,0.949,-0.148,-0.127,0.248,0,0,2859,104,2949,1835,1753,2890,33,0.862,23,0,30.555,3.306,1.360,-27.580,13.080,-0.015,-0.002,1.063,2.166,-2.498,-0.334,0.000,0.000,0.762,0.707,3,NULL,NULL,,0,0,0,7,255,0,250,0,0
baseline,2149,2149,0,196991.817,0.949,-0.148,-0.126,0.247,0,0,2868,73,2955,1815,1769,2891,33,0.862,23,0,31.349,3.244,-0.280,-28.320,13.440,-0.016,0.005,1.069,2.182,-2.400,-0.314,0.000,0.000,0.762,0.707,3,NULL,NULL,,0,0,0,7,255,0,250,0,0
baseline,2149,2149,0,196996.817,0.950,-0.147,-0.125,0.247,0,0,2872,55,2957,1785,1775,2893,33,0.862,23,0,32.420,3.218,-1.800,-29.420,13.500,-0.011,0.004,1.065,2.202,-2.346,-0.290,0.000,0.000,0.762,0.707,3,NULL,NULL,,0,0,0,7,255,0,250,0,0
baseline,2149,2149,0,197001.818,0.950,-0.146,-0.123,0.246,0,0,2879,37,2965,1747,1789,2893,33,0.862,23,0,37.124,3.219,-18.780,-30.940,8.260,-0.001,-0.008,1.064,2.204,-2.346,-0.290,0.000,0.000,0.762,0.707,3,NULL,NULL,,0,0,0,7,255,0,250,0,0
baseline,2149,2149,0,197006.816,0.950,-0.145,-0.122,0.246,0,0,2888,6,2969,1719,1803,2899,33,0.862,23,0,37.251,3.279,-17.620,-31.800,8.120,-0.009,-0.012,1.062,2.202,-2.430,-0.322,0.000,0.000,0.762,0.707,3,NULL,NULL,,0,0,0,7,255,0,250,0,0
baseline,2149,2149,0,197011.817,0.951,-0.145,-0.121,0.246,0,0,2891,6,2973,1693,1811,2901,33,0.862,23,0,34.363,3.309,-5.720,-31.740,11.860,0.019,-0.024,1.039,2.208,-2.464,-0.326,0.000,0.000,0.762,0.707,3,NULL,NULL,,0,0,0,7,255,0,250,0,0
baseline,2149,2149,0,197016.816,0.951,-0.144,-0.120,0.245,0,0,2893,0,2975,1663,1821,2900,33,0.862,23,0,36.561,3.366,-5.100,-33.260,14.300,0.014,-0.027,1.049,2.154,-2.586,-0.506,0.000,0.000,0.762,0.707,3,NULL,NULL,,0,0,0,7,255,0,250,0,0
baseline,2160,2160,0,197021.817,0.952,-0.144,-0.118,0.244,0,0,2899,0,2981,1624,1830,2901,33,0.862,23,0,37.460,3.366,-5.520,-34.180,14.300,0.001,-0.030,1.048,2.154,-2.586,-0.506,0.000,0.000,0.762,0.707,3,NULL,NULL,,0,0,0,7,255,0,250,0,0
baseline,2160,2160,0,197026.816,0.952,-0.143,-0.117,0.244,0,0,2903,0,2987,1596,1845,2904,33,0.862,23,0,37.663,3.318,-5.780,-34.540,13.860,0.008,-0.025,1.070,2.106,-2.564,-0.476,0.000,0.000,0.762,0.707,3,NULL,NULL,,0,0,0,7,255,0,250,0,0
baseline,2160,2160,0,197031.817,0.952,-0.143,-0.115,0.243,0,0,2905,0,2991,1573,1853,2903,33,0.862,23,0,38.539,3.303,-9.560,-35.340,12.040,0.009,-0.017,1.066,2.106,-2.544,-0.292,0.000,0.000,0.762,0.707,3,NULL,NULL,,0,0,0,7,255,0,250,0,0
baseline,2160,2160,0,197036.816,0.953,-0.142,-0.114,0.243,0,0,2907,0,2995,1513,1867,2901,33,0.862,23,0,39.968,3.252,-7.300,-36.860,13.620,0.019,-0.011,1.061,2.124,-2.462,-0.292,0.000,0.000,0.762,0.707,3,NULL,NULL,,0,0,0,7,255,0,250,0,0
baseline,2179,2179,0,197041.817,0.953,-0.141,-0.112,0.242,0,0,2907,0,2997,1476,1880,2903,33,0.862,23,0,41.385,3.233,-6.620,-38.200,14.480,0.011,-0.018,1.066,2.124,-2.438,-0.292,0.000,0.000,0.762,0.707,3,NULL,NULL,,0,0,0,7,255,0,250,0,0
baseline,2179,2179,0,197046.816,0.954,-0.141,-0.111,0.242,0,0,2909,0,3000,1421,1889,2900,33,0.862,23,0,42.281,3.207,-5.640,-39.300,14.540,-0.007,-0.034,1.071,2.084,-2.438,-0.278,0.000,0.000,0.762,0.707,3,NULL,NULL,,0,0,0,7,255,0,250,0,0
baseline,2192,2192,0,197051.817,0.954,-0.140,-0.109,0.241,0,0,2914,0,3003,1383,1897,2899,33,0.862,23,0,43.546,3.094,-3.400,-41.080,14.040,-0.018,-0.040,1.089,1.836,-2.490,-0.194,0.000,0.000,0.762,0.707,3,NULL,NULL,,0,0,0,7,255,0,250,0,0
baseline,2192,2192,0,197056.817,0.954,-0.140,-0.107,0.241,0,0,2915,0,3012,1323,1909,2899,33,0.862,23,0,44.954,3.075,-3.820,-42.900,12.880,-0.015,-0.027,1.112,1.804,-2.490,0.010,0.000,0.000,0.762,0.707,3,NULL,NULL,,0,0,0,7,255,0,250,0,0
baseline,2192,2192,0,197061.817,0.955,-0.139,-0.105,0.240,0,0,2917,0,3016,1261,1917,2893,33,0.862,23,0,47.079,3.041,-4.560,-45.220,12.280,-0.005,-0.005,1.127,1.804,-2.448,0.238,0.000,0.000,0.762,0.707,3,NULL,NULL,,0,0,0,7,255,0,250,0,0
baseline,2192,2192,0,197066.817,0.955,-0.138,-0.103,0.240,0,0,2916,0,3017,1170,1927,2889,33,0.862,23,0,49.414,3.009,-6.500,-47.420,12.280,-0.011,0.000,1.131,1.926,-2.312,0.390,0.000,0.000,0.762,0.707,3,NULL,NULL,,0,0,0,7,255,0,250,0,0
baseline,2212,2212,0,197071.817,0.956,-0.138,-0.101,0.239,0,0,2919,0,3020,1117,1937,2886,33,0.862,23,0,52.880,2.982,-7.300,-50.840,12.580,-0.021,-0.013,1.139,1.926,-2.276,0.462,0.000,0.000,0.762,0.707,3,NULL,NULL,,0,0,0,7,255,0,250,0,0
baseline,2212,2212,0,197076.816,0.956,-0.136,-0.099,0.239,0,0,2919,0,3022,1051,1946,2878,33,0.862,23,0,56.120,2.873,-9.320,-54.200,11.180,-0.014,-0.018,1.145,1.754,-2.276,0.556,0.000,0.000,0.762,0.707,3,NULL,NULL,,0,0,0,7,255,0,250,0,0
baseline,2212,2212,0,197081.817,0.957,-0.135,-0.096,0.238,0,0,2919,0,3022,972,1965,2871,33,0.862,23,0,58.768,2.873,-14.920,-56.080,9.280,-0.003,-0.016,1.126,1.754,-2.276,0.556,0.000,0.000,0.762,0.707,3,NULL,NULL,,0,0,0,7,255,0,250,0,0
baseline,2212,2212,0,197086.817,0.957,-0.134,-0.094,0.238,0,0,2919,0,3027,887,1971,2863,33,0.862,23,0,60.569,2.904,-11.320,-58.900,8.440,0.002,-0.029,1.094,1.754,-2.314,0.428,0.000,0.000,0.762,0.707,3,NULL,NULL,,0,0,0,7,255,0,250,0,0
baseline,2246,2246,0,197091.817,0.958,-0.133,-0.091,0.238,0,0,2917,0,3027,821,1979,2855,33,0.862,23,0,63.611,2.854,-8.460,-62.320,9.540,0.012,-0.077,1.111,1.670,-2.314,0.210,0.000,0.000,0.762,0.707,3,NULL,NULL,,0,0,0,7,255,0,250,0,0
baseline,2246,2246,0,197096.817,0.958,-0.132,-0.089,0.237,0,0,2917,0,3027,741,1993,2843,33,0.862,23,0,66.413,3.074,-7.540,-65.120,10.640,-0.010,-0.079,1.119,1.520,-2.672,0.210,0.000,0.000,0.762,0.707,3,NULL,NULL,,0,0,0,7,255,0,250,0,0
baseline,2246,2246,0,197101.817,0.959,-0.131,-0.086,0.237,0,0,2911,0,3030,681,2005,2837,33,0.862,23,0,68.781,2.961,-9.000,-67.440,10.080,-0.021,-0.074,1.127,1.276,-2.672,0.342,0.000,0.000,0.762,0.707,3,NULL,NULL,,0,0,0,7,255,0,250,0,0
baseline,2246,2246,0,197106.816,0.959,-0.130,-0.083,0.237,0,0,2904,0,3031,597,2019,2821,33,0.862,23,0,70.788,2.808,-7.540,-70.240,4.520,-0.034,-0.074,1.145,1.162,-2.556,0.464,0.000,0.000,0.762,0.707,3,NULL,NULL,,0,0,0,7,255,0,250,0,0
baseline,2246,2246,0,197111.817,0.960,-0.128,-0.080,0.237,0,0,2899,0,3028,538,2028,2808,33,0.862,23,0,74.225,2.692,-8.400,-73.720,2.020,-0.039,-0.070,1.138,1.018,-2.492,0.640,0.000,0.000,0.762,0.707,3,NULL,NULL,,0,0,0,7,255,0,250,0,0
baseline,2246,2246,0,197116.816,0.960,-0.127,-0.076,0.237,0,0,2889,0,3027,459,2039,2793,33,0.862,23,0,78.054,2.585,-8.940,-77.500,-2.500,-0.035,-0.038,1.168,1.018,-2.376,0.672,0.000,0.000,0.762,0.707,3,NULL,NULL,,0,0,0,7,255,0,250,0,0
baseline,2276,2276,0,197121.817,0.960,-0.126,-0.073,0.238,0,0,2879,0,3027,395,2053,2775,33,0.862,23,0,80.172,2.467,-7.900,-79.160,-9.940,-0.009,-0.037,1.193,1.076,-2.220,0.964,0.000,0.000,0.762,0.707,3,NULL,NULL,,0,0,0,7,255,0,250,0,0
baseline,2276,2276,0,197126.817,0.961,-0.124,-0.069,0.238,0,0,2869,0,3021,359,2057,2747,33,0.862,23,0,84.497,2.552,-11.260,-83.180,-9.700,0.007,-0.045,1.188,1.258,-2.220,1.114,0.000,0.000,0.762,0.707,3,NULL,NULL,,0,0,0,7,255,0,250,0,0
baseline,2276,2276,0,197131.817,0.961,-0.122,-0.066,0.239,0,0,2856,0,3017,330,2068,2723,33,0.862,23,0,89.791,2.564,-18.040,-87.160,-11.840,0.019,-0.007,1.194,1.282,-2.220,1.178,0.000,0.000,0.762,0.707,3,NULL,NULL,,0,0,0,7,255,0,250,0,0
baseline,2276,2276,0,197136.816,0.961,-0.121,-0.062,0.239,0,0,2841,0,3015,263,2075,2693,33,0.862,23,0,91.043,2.398,-13.640,-88.380,-17.080,0.004,0.013,1.185,1.370,-1.968,1.172,0.000,0.000,0.762,0.707,3,NULL,NULL,,0,0,0,7,255,0,250,0,0
baseline,2276,2276,0,197141.817,0.962,-0.119,-0.058,0.240,0,0,2825,0,3007,223,2082,2665,33,0.862,23,0,93.194,2.398,-7.180,-91.480,-16.280,-0.002,-0.029,1.238,1.370,-1.968,1.208,0.000,0.000,0.762,0.707,3,NULL,NULL,,0,0,0,7,255,0,250,0,0
baseline,2276,2276,0,197146.816,0.962,-0.118,-0.054,0.241,0,0,2805,0,2997,202,2084,2623,33,0.862,23,0,98.449,2.292,-7.540,-96.620,-17.320,-0.011,-0.045,1.314,1.084,-2.020,1.676,0.000,0.000,0.762,0.707,3,NULL,NULL,,0,0,0,7,255,0,250,0,0
baseline,2276,2276,0,197151.818,0.962,-0.116,-0.049,0.242,0,0,2781,0,2996,153,2092,2547,33,0.862,23,0,102.664,2.241,-9.260,-99.780,-22.320,-0.010,-0.021,1.375,0.970,-2.020,2.426,0.000,0.000,0.762,0.707,3,NULL,NULL,,0,0,0,7,255,0,250,0,0
baseline,2276,2276,0,197156.817,0.962,-0.114,-0.045,0.243,0,0,2757,0,2979,123,2102,2537,33,0.862,23,0,109.149,2.203,-18.280,-105.160,-22.820,-0.016,0.027,1.408,0.970,-1.978,3.056,0.000,0.000,0.762,0.707,3,NULL,NULL,,0,0,0,7,255,0,250,0,0
baseline,2289,2289,0,197161.817,0.963,-0.111,-0.041,0.244,0,0,2727,0,2969,71,2115,2494,33,0.862,23,0,122.053,1.844,-34.880,-114.440,-24.160,-0.001,0.059,1.396,1.062,-1.508,3.344,0.000,0.000,0.762,0.707,3,NULL,NULL,,0,0,0,7,255,0,250,0,0
baseline,2289,2289,0,197166.816,0.963,-0.108,-0.036,0.245,0,0,2700,0,2961,58,2121,2454,33,0.862,23,0,128.977,1.588,-40.140,-119.800,-25.920,-0.021,0.077,1.424,1.062,-1.180,3.432,0.000,0.000,0.762,0.707,3,NULL,NULL,,0,0,0,7,255,0,250,0,0
baseline,2312,2312,0,197171.817,0.963,-0.105,-0.031,0.246,0,0,2667,0,2940,39,2123,2399,33,0.862,23,0,134.241,1.493,-41.360,-125.720,-22.460,-0.045,0.025,1.418,1.046,-1.066,3.610,0.000,0.000,0.762,0.707,3,NULL,NULL,,0,0,0,7,255,0,250,0,0
baseline,2312,2312,0,197176.817,0.963,-0.101,-0.026,0.247,0,0,2629,0,2925,20,2127,2344,33,0.862,23,0,140.640,1.053,-45.620,-131.640,-19.220,-0.031,0.049,1.435,0.610,-0.858,3.674,0.000,0.000,0.762,0.707,3,NULL,NULL,,0,0,0,7,255,0,250,0,0
baseline,2312,2312,0,197181.817,0.964,-0.098,-0.020,0.248,0,0,2585,0,2905,0,2133,2285,33,0.862,23,0,148.818,1.019,-51.420,-137.440,-24.760,-0.031,0.114,1.480,0.610,-0.816,3.786,0.000,0.000,0.762,0.707,3,NULL,NULL,,0,0,0,7,255,0,250,0,0
baseline,2312,2312,0,197186.817,0.964,-0.094,-0.015,0.249,0,0,2533,0,2877,0,2140,2214,33,0.862,23,0,158.444,0.756,-54.960,-146.360,-25.740,-0.041,0.145,1.503,0.740,-0.156,4.284,0.000,0.000,0.762,0.707,3,NULL,NULL,,0,0,0,7,255,0,250,0,0
baseline,2351,2351,0,197191.817,0.964,-0.089,-0.009,0.250,0,0,2479,0,2853,0,2141,2160,33,0.862,23,0,170.604,0.853,-65.900,-154.840,-28.060,-0.018,0.183,1.533,0.806,0.280,4.544,0.000,0.000,0.762,0.707,3,NULL,NULL,,0,0,0,7,255,0,250,0,0
baseline,2351,2351,0,197196.816,0.964,-0.085,-0.003,0.251,0,0,2421,0,2811,0,2142,2053,33,0.862,23,0,181.476,0.920,-71.500,-163.500,-33.000,-0.004,0.146,1.518,0.796,0.462,4.676,0.000,0.000,0.762,0.707,3,NULL,NULL,,0,0,0,7,255,0,250,0,0
baseline,2351,2351,0,197201.817,0.964,-0.080,0.004,0.252,0,0,2348,0,2776,0,2143,1958,33,0.862,23,0,189.119,1.019,-74.320,-171.140,-30.880,0.037,0.127,1.505,0.908,0.462,4.676,0.000,0.000,0.762,0.707,3,NULL,NULL,,0,0,0,7,255,0,250,0,0
baseline,2351,2351,0,197206.816,0.964,-0.075,0.011,0.253,0,0,2252,0,2715,0,2140,1851,33,0.862,23,0,194.607,0.920,-65.580,-181.760,-23.120,-0.009,0.140,1.547,0.796,0.462,4.676,0.000,0.000,0.762,0.707,3,NULL,NULL,,0,0,0,7,255,0,250,0,0
baseline,2351,2351,0,197211.817,0.965,-0.070,0.018,0.254,0,0,2150,0,2655,0,2133,1768,33,0.862,23,0,203.141,0.895,-65.520,-191.340,-19.040,-0.097,0.141,1.625,0.406,0.798,4.954,0.000,0.000,0.762,0.707,3,NULL,NULL,,0,0,0,7,255,0,250,0,0
baseline,2351,2351,0,197216.816,0.965,-0.065,0.026,0.254,0,0,2037,0,2584,0,2117,1668,33,0.862,23,0,220.426,1.514,-69.000,-208.620,-17.440,-0.175,0.151,1.740,-0.540,1.414,5.680,0.000,0.000,0.762,0.707,3,NULL,NULL,,0,0,0,7,255,0,250,0,0
baseline,2367,2367,0,197221.817,0.964,-0.059,0.034,0.255,0,0,1959,0,2505,0,2099,1561,33,0.862,23,0,235.416,2.263,-85.780,-217.340,-28.740,-0.176,0.079,1.778,-1.412,1.768,6.748,0.000,0.000,0.762,0.707,3,NULL,NULL,,0,0,0,7,255,0,250,0,0
baseline,2367,2367,0,197226.816,0.964,-0.053,0.042,0.257,0,0,1855,0,2409,0,2075,1453,33,0.862,23,0,240.046,2.668,-91.280,-218.800,-37.640,-0.082,-0.068,1.677,-1.998,1.768,6.748,0.000,0.000,0.762,0.707,3,NULL,NULL,,0,0,0,7,255,0,250,0,0
baseline,2367,2367,0,197231.817,0.964,-0.047,0.051,0.258,0,0,1736,0,2312,0,2043,1355,33,0.862,23,0,248.929,2.081,-85.360,-231.020,-36.180,-0.081,-0.136,1.763,-2.056,0.322,6.850,0.000,0.000,0.762,0.707,3,NULL,NULL,,0,0,0,7,255,0,250,0,0
baseline,2367,2367,0,197236.817,0.963,-0.040,0.060,0.258,0,0,1589,0,2196,0,2003,1223,33,0.862,23,0,260.408,2.691,-91.780,-242.480,-24.340,-0.155,-0.102,1.826,-2.672,0.322,6.850,0.000,0.000,0.762,0.707,3,NULL,NULL,,0,0,0,7,255,0,250,0,0
baseline,2367,2367,0,197241.817,0.963,-0.032,0.069,0.259,0,0,1464,0,2100,0,1940,1119,33,0.862,23,0,276.680,3.581,-115.760,-249.380,-31.000,-0.167,-0.087,1.763,-3.424,1.050,6.850,0.000,0.000,0.762,0.707,3,NULL,NULL,,0,0,0,7,255,0,250,0,0
baseline,2367,2367,0,197246.817,0.962,-0.024,0.078,0.261,0,0,1307,0,1992,0,1852,1017,33,0.862,23,0,293.381,3.581,-138.880,-254.440,-45.220,-0.055,-0.111,1.496,-3.424,1.050,6.628,0.000,0.000,0.762,0.707,3,NULL,NULL,,0,0,0,7,255,0,250,0,0
baseline,2383,2383,0,197251.817,0.961,-0.015,0.087,0.263,0,0,1165,0,1873,0,1763,925,33,0.862,23,0,291.915,2.815,-131.500,-256.100,-48.320,0.064,-0.214,1.228,-2.672,0.886,4.148,0.000,0.000,0.762,0.707,3,NULL,NULL,,0,0,0,7,255,0,250,0,0
baseline,2383,2383,0,197256.816,0.960,-0.008,0.097,0.264,0,0,989,0,1725,0,1641,867,33,0.862,23,0,284.685,2.110,-108.060,-260.620,-38.020,0.145,-0.345,1.018,-2.030,-0.576,1.754,0.000,0.000,0.762,0.707,3,NULL,NULL,,0,0,0,7,255,0,250,0,0
baseline,2383,2383,0,197261.817,0.958,-0.002,0.108,0.264,0,0,831,0,1581,0,1519,827,33,0.862,23,0,281.268,2.858,-68.280,-271.660,-25.500,0.235,-0.353,0.906,-1.912,-2.124,-0.072,0.000,0.000,0.762,0.707,3,NULL,NULL,,0,0,0,7,255,0,250,0,0
baseline,2383,2383,0,197266.817,0.957,0.002,0.119,0.263,0,0,663,0,1445,0,1361,755,33,0.862,23,0,283.869,3.167,-14.260,-283.080,-15.620,0.243,-0.400,1.003,-1.762,-2.632,-0.072,0.000,0.000,0.762,0.707,3,NULL,NULL,,0,0,0,7,255,0,250,0,0
baseline,2400,2400,0,197271.817,0.956,0.005,0.132,0.262,0,0,525,0,1293,0,1187,715,33,0.862,23,0,298.698,3.024,20.040,-298.020,1.660,0.271,-0.329,1.048,-1.488,-2.632,0.034,0.000,0.000,0.762,0.707,3,NULL,NULL,,0,0,0,7,255,0,250,0,0
baseline,2400,2400,0,197276.817,0.955,0.008,0.145,0.260,0,0,441,0,1101,0,1007,659,33,0.862,23,0,314.335,2.572,34.320,-312.320,9.220,0.317,-0.188,1.067,-1.488,-2.098,0.488,0.000,0.000,0.762,0.707,3,NULL,NULL,,0,0,0,7,255,0,250,0,0
baseline,2416,2416,0,197281.817,0.953,0.009,0.159,0.257,0,0,350,0,937,0,798,631,33,0.862,23,0,325.597,1.199,56.420,-320.420,12.700,0.325,-0.111,1.119,-0.688,-0.982,0.728,0.000,0.000,0.762,0.707,4,NULL,NULL,,0,0,0,7,255,0,250,0,0
baseline,2416,2416,0,197286.816,0.952,0.010,0.173,0.254,0,0,221,0,795,0,607,584,33,0.862,23,0,333.071,0.707,79.180,-322.080,30.520,0.293,-0.116,1.251,-0.688,-0.162,1.184,0.000,0.000,0.762,0.707,4,NULL,NULL,,0,0,0,7,255,0,250,0,0
baseline,2448,2448,0,197291.817,0.950,0.011,0.186,0.249,0,0,149,0,619,0,383,487,33,0.862,23,0,337.708,1.635,85.240,-322.860,50.420,0.250,-0.146,1.355,-1.600,0.336,2.258,0.000,0.000,0.762,0.707,4,NULL,NULL,,0,0,0,7,255,0,250,0,0
baseline,2448,2448,0,197296.817,0.949,0.012,0.201,0.244,0,0,101,0,467,0,151,387,33,0.862,23,0,349.927,2.800,76.680,-335.080,65.500,0.163,-0.194,1.388,-2.732,0.612,2.854,0.000,0.000,0.762,0.707,4,NULL,NULL,,0,0,0,7,255,0,250,0,0
baseline,2448,2448,0,197301.817,0.947,0.014,0.215,0.238,0,0,78,0,309,0,1,262,33,0.862,23,0,362.056,4.203,66.740,-346.180,82.400,0.062,-0.065,1.402,-4.128,0.790,2.854,0.000,0.000,0.762,0.707,4,NULL,NULL,,0,0,0,7,255,0,250,0,0
baseline,2448,2448,0,197306.816,0.945,0.017,0.229,0.232,0,0,41,0,155,0,0,185,33,0.862,23,0,371.737,5.298,50.800,-353.200,104.200,-0.062,-0.037,1.346,-4.680,2.484,2.380,0.000,0.000,0.762,0.707,4,NULL,NULL,,0,0,0,7,255,0,250,0,0
baseline,2448,2448,0,197311.817,0.943,0.020,0.244,0.224,0,0,6,0,38,0,0,155,33,0.862,23,0,395.728,6.245,62.960,-369.020,128.300,-0.253,-0.204,1.361,-5.628,2.706,1.150,0.000,0.000,0.762,0.707,4,NULL,NULL,,0,0,0,7,255,0,250,0,0
baseline,2448,2448,0,197316.816,0.941,0.023,0.260,0.215,0,0,0,0,0,0,0,93,33,0.862,23,0,431.532,8.781,74.980,-396.060,154.060,-0.373,-0.257,1.433,-8.280,2.924,0.182,0.000,0.000,0.762,0.707,4,NULL,NULL,,0,0,0,7,255,0,250,0,0
baseline,2463,2463,0,197321.817,0.938,0.027,0.277,0.205,0,0,0,0,0,0,0,40,33,0.862,23,0,438.661,9.455,56.180,-407.340,152.780,-0.345,-0.006,1.412,-8.992,2.924,-0.122,0.000,0.000,0.762,0.707,4,NULL,NULL,,0,0,0,7,255,0,250,0,0
baseline,2463,2463,0,197326.816,0.935,0.031,0.292,0.198,0,0,0,0,0,0,0,0,33,0.862,23,0,412.009,10.284,38.840,-391.660,121.840,-0.208,0.340,1.371,-8.992,4.990,-0.578,0.000,0.000,0.762,0.707,4,NULL,NULL,,0,0,0,7,255,0,250,0,0
baseline,2463,2463,0,197331.818,0.932,0.034,0.306,0.191,0,0,0,0,0,0,0,0,33,0.862,23,0,371.065,9.975,21.260,-356.860,99.440,-0.171,0.368,1.274,-6.620,7.462,-0.600,0.000,0.000,0.762,0.707,4,NULL,NULL,,0,0,0,7,255,0,250,0,0
baseline,2464,2464,0,197336.816,0.929,0.043,0.318,0.185,0,0,0,0,0,0,0,0,33,0.862,23,0,359.665,9.610,-74.200,-322.500,140.880,-0.200,0.378,1.016,-6.056,7.462,-1.452,0.000,0.000,0.762,0.707,0,NULL,NULL,,0,0,0,7,255,0,250,0,0
baseline,2480,2480,0,197341.817,0.926,0.056,0.325,0.182,0,0,0,0,0,0,0,0,33,0.862,23,0,372.989,9.007,-237.280,-257.200,129.100,0.251,0.917,0.630,-5.044,7.462,-3.906,0.000,0.000,0.762,0.707,0,NULL,NULL,,0,0,0,7,255,0,250,0,0
baseline,2480,2480,0,197346.816,0.924,0.069,0.328,0.184,0,0,0,0,0,0,0,0,33,0.862,23,0,313.566,7.441,-286.100,-124.620,30.660,0.438,0.667,0.372,2.450,7.026,-4.606,0.000,0.000,0.762,0.707,0,NULL,NULL,,0,0,0,7,255,0,250,0,0
baseline,2480,2480,0,197351.817,0.925,0.077,0.324,0.185,0,0,0,0,0,0,0,0,33,0.862,23,0,194.573,6.414,-181.120,37.240,60.560,0.154,-0.016,0.127,2.450,5.928,-5.322,0.000,0.000,0.762,0.707,0,NULL,NULL,,0,0,0,7,255,0,250,0,0
baseline,2480,2480,0,197356.817,0.927,0.078,0.318,0.182,0,0,0,0,0,0,0,0,33,0.862,23,0,164.157,0.541,-16.140,131.180,97.360,-0.267,-0.270,0.354,0.538,-0.060,-8.326,0.000,0.000,0.762,0.707,0,NULL,NULL,,0,0,0,7,255,0,250,0,0
baseline,2496,2496,0,197361.818,0.929,0.078,0.312,0.181,0,0,0,0,0,0,0,0,33,0.862,23,0,156.830,4.694,-19.620,142.220,63.120,-0.525,-0.388,0.932,-4.694,-0.060,-8.326,0.000,0.000,0.762,0.707,0,NULL,NULL,,0,0,0,7,255,0,250,0,0
baseline,2496,2496,0,197366.817,0.932,0.081,0.303,0.182,0,0,0,0,0,0,0,0,33,0.862,23,0,220.450,8.956,-90.480,198.120,34.060,-0.520,-0.048,1.021,-8.840,1.436,-6.012,0.000,0.000,0.762,0.707,0,NULL,NULL,,0,0,0,7,255,0,250,0,0
baseline,2496,2496,0,197371.817,0.935,0.084,0.292,0.185,0,0,0,0,0,0,0,0,33,0.862,23,0,267.346,10.033,-127.780,231.880,37.120,-0.321,0.276,0.478,-8.840,4.746,-6.012,0.000,0.000,0.762,0.707,0,NULL,NULL,,0,0,0,7,255,0,250,0,0
baseline,2496,2496,0,197376.816,0.937,0.087,0.282,0.185,0,0,0,0,0,0,0,0,33,0.862,23,0,257.683,5.730,-104.580,227.720,60.060,-0.239,0.154,0.212,-3.210,4.746,-8.814,0.000,0.000,0.762,0.707,0,NULL,NULL,,0,0,0,7,255,0,250,0,0
baseline,2512,2512,0,197381.817,0.940,0.088,0.272,0.185,0,0,0,0,0,0,0,0,33,0.862,23,0,249.464,4.282,-67.480,226.200,80.700,-0.286,-0.097,0.222,-3.210,2.834,-9.934,0.000,0.000,0.762,0.707,0,NULL,NULL,,0,0,0,7,255,0,250,0,0
baseline,2512,2512,0,197386.817,0.943,0.089,0.261,0.184,0,0,0,0,0,0,0,0,33,0.862,23,0,246.584,3.521,-49.280,225.100,87.780,-0.368,-0.123,0.282,-3.356,1.064,-9.934,0.000,0.000,0.762,0.707,0,NULL,NULL,,0,0,0,7,255,0,250,0,0
baseline,2545,2545,0,197391.818,0.946,0.090,0.251,0.183,0,0,0,0,0,0,0,0,33,0.862,23,0,241.608,4.044,-40.080,222.780,84.480,-0.390,-0.019,0.243,-3.902,1.064,-9.934,0.000,0.000,0.762,0.707,0,NULL,NULL,,0,0,0,7,255,0,250,0,0
baseline,2545,2545,0,197396.817,0.949,0.090,0.241,0.182,0,0,0,0,0,0,0,0,33,0.862,23,0,236.371,4.332,-26.640,220.160,81.800,-0.357,0.012,0.240,-3.902,1.882,-10.098,0.000,0.000,0.762,0.707,0,NULL,NULL,,0,0,0,7,255,0,250,0,0
baseline,2545,2545,0,197401.817,0.952,0.089,0.232,0.180,0,0,0,0,0,0,0,0,33,0.862,23,0,234.662,4.192,-12.860,218.880,83.620,-0.328,-0.041,0.309,-3.746,1.882,-10.098,0.000,0.000,0.762,0.707,0,NULL,NULL,,0,0,0,7,255,0,250,0,0
baseline,2545,2545,0,197406.816,0.954,0.088,0.222,0.179,0,0,0,0,0,0,0,0,33,0.862,23,0,238.352,4.158,-3.700,221.860,87.040,-0.349,-0.073,0.399,-3.746,1.804,-9.204,0.000,0.000,0.762,0.707,0,NULL,NULL,,0,0,0,7,255,0,250,0,0
baseline,2545,2545,0,197411.817,0.957,0.087,0.212,0.177,0,0,0,0,0,0,0,0,33,0.862,23,0,242.274,4.715,0.460,226.260,86.620,-0.416,-0.049,0.511,-4.356,1.804,-8.398,0.000,0.000,0.762,0.707,0,NULL,NULL,,0,0,0,7,255,0,250,0,0
baseline,2545,2545,0,197416.816,0.960,0.086,0.202,0.176,0,0,0,0,0,0,0,0,33,0.862,23,0,245.600,5.771,-0.400,232.240,79.900,-0.491,-0.007,0.618,-5.170,2.564,-7.686,0.000,0.000,0.762,0.707,0,NULL,NULL,,0,0,0,7,255,0,250,0,0
baseline,2560,2560,0,197421.817,0.962,0.085,0.191,0.175,0,0,0,0,0,0,0,0,33,0.862,23,0,248.019,6.871,-6.380,238.600,67.400,-0.536,0.021,0.694,-5.922,3.484,-7.044,0.000,0.000,0.762,0.707,0,NULL,NULL,,0,0,0,7,255,0,250,0,0
baseline,2560,2560,0,197426.817,0.964,0.084,0.180,0.175,0,0,0,0,0,0,0,0,33,0.862,23,0,251.630,7.562,-15.240,245.620,52.500,-0.547,0.018,0.732,-6.360,4.090,-6.474,0.000,0.000,0.762,0.707,0,NULL,NULL,,0,0,0,7,255,0,250,0,0
baseline,2560,2560,0,197431.817,0.966,0.083,0.169,0.176,0,0,0,0,0,0,0,0,33,0.862,23,0,256.319,7.599,-24.580,252.080,39.380,-0.541,0.000,0.729,-6.404,4.090,-6.020,0.000,0.000,0.762,0.707,0,NULL,NULL,,0,0,0,7,255,0,250,0,0
baseline,2560,2560,0,197436.816,0.968,0.082,0.158,0.177,0,0,0,0,0,0,0,0,33,0.862,23,0,258.949,7.551,-29.940,255.620,28.580,-0.517,-0.019,0.696,-6.404,4.000,-5.826,0.000,0.000,0.762,0.707,0,NULL,NULL,,0,0,0,7,255,0,250,0,0
baseline,2582,2582,0,197441.817,0.969,0.081,0.147,0.178,0,0,0,0,0,0,0,0,33,0.862,23,0,261.543,7.085,-28.780,259.400,16.980,-0.491,-0.017,0.646,-6.074,3.648,-5.826,0.000,0.000,0.762,0.707,0,NULL,NULL,,0,0,0,7,255,0,250,0,0
baseline,2582,2582,0,197446.817,0.971,0.080,0.136,0.180,0,0,0,0,0,0,0,0,33,0.862,23,0,260.785,6.577,-24.760,259.520,6.720,-0.462,-0.036,0.600,-5.612,3.430,-6.036,0.000,0.000,0.762,0.707,0,NULL,NULL,,0,0,0,7,255,0,250,0,0
baseline,2582,2582,0,197451.817,0.972,0.079,0.125,0.183,0,0,0,0,0,0,0,0,33,0.862,23,0,260.263,6.044,-19.560,259.520,-1.940,-0.419,-0.048,0.555,-5.230,3.030,-6.180,0.000,0.000,0.762,0.707,0,NULL,NULL,,0,0,0,7,255,0,250,0,0
baseline,2582,2582,0,197456.817,0.973,0.077,0.114,0.185,0,0,0,0,0,0,0,0,33,0.862,23,0,260.721,5.407,-8.880,260.380,-9.940,-0.381,-0.040,0.487,-4.716,2.644,-6.310,0.000,0.000,0.762,0.707,0,NULL,NULL,,0,0,0,7,255,0,250,0,0
baseline,2592,2592,0,197461.817,0.974,0.074,0.104,0.188,0,0,0,0,0,0,0,0,33,0.862,23,0,260.739,4.775,8.940,260.080,-16.220,-0.358,-0.028,0.469,-4.134,2.390,-6.730,0.000,0.000,0.762,0.707,0,NULL,NULL,,0,0,0,7,255,0,250,0,0
baseline,2592,2592,0,197466.816,0.975,0.071,0.093,0.191,0,0,0,0,0,0,0,0,33,0.862,23,0,262.994,4.442,27.860,260.560,-22.320,-0.347,-0.032,0.503,-3.768,2.352,-6.730,0.000,0.000,0.762,0.707,0,NULL,NULL,,0,0,0,7,255,0,250,0,0
baseline,2607,2607,0,197471.817,0.975,0.066,0.083,0.194,0,0,0,0,0,0,0,0,33,0.862,23,0,268.029,4.346,43.720,262.940,-28.120,-0.332,-0.037,0.548,-3.656,2.350,-6.298,0.000,0.000,0.762,0.707,0,NULL,NULL,,0,0,0,7,255,0,250,0,0
baseline,2607,2607,0,197476.817,0.976,0.061,0.072,0.197,0,0,0,0,0,0,0,0,33,0.862,23,0,274.219,4.212,59.100,265.640,-33.740,-0.276,-0.023,0.593,-3.498,2.346,-5.734,0.000,0.000,0.762,0.707,0,NULL,NULL,,0,0,0,7,255,0,250,0,0
baseline,2607,2607,0,197481.817,0.976,0.056,0.062,0.200,0,0,0,0,0,0,0,0,33,0.862,23,0,281.134,3.717,74.120,268.500,-38.080,-0.196,-0.023,0.647,-2.890,2.338,-5.134,0.000,0.000,0.762,0.707,0,NULL,NULL,,0,0,0,7,255,0,250,0,0
baseline,2607,2607,0,197486.817,0.977,0.049,0.052,0.203,0,0,0,0,0,0,0,0,33,0.862,23,0,288.101,3.080,91.400,270.820,-36.120,-0.151,0.005,0.710,-2.116,2.238,-4.400,0.000,0.000,0.762,0.707,0,NULL,NULL,,0,0,0,7,255,0,250,0,0
baseline,2646,2646,0,197491.817,0.977,0.042,0.041,0.206,0,0,0,0,0,0,0,0,33,0.862,23,0,294.103,2.703,107.820,271.620,-33.080,-0.153,0.066,0.830,-1.516,2.238,-3.712,0.000,0.000,0.762,0.707,0,NULL,NULL,,0,0,0,7,255,0,250,0,0
baseline,2646,2646,0,197496.816,0.977,0.034,0.031,0.209,0,0,0,0,0,0,0,0,33,0.862,23,0,298.279,3.154,117.700,272.160,-32.340,-0.174,0.087,0.953,-1.212,2.912,-2.610,0.000,0.000,0.762,0.707,0,NULL,NULL,,0,0,0,7,255,0,250,0,0
baseline,2647,2647,0,197501.817,0.977,0.027,0.021,0.212,0,0,0,0,0,0,0,0,33,0.862,23,0,298.964,3.479,122.040,270.940,-32.820,-0.163,0.105,1.038,-1.200,3.266,-1.396,0.000,0.000,0.762,0.707,0,NULL,NULL,,0,0,0,7,255,0,250,0,0
baseline,2647,2647,0,197506.816,0.976,0.019,0.011,0.214,0,0,0,0,0,0,0,0,33,0.862,23,0,299.168,3.380,125.280,269.360,-35.380,-0.122,0.115,1.103,-0.870,3.266,-0.516,0.000,0.000,0.762,0.707,0,NULL,NULL,,0,0,0,7,255,0,250,0,0
baseline,2648,2648,0,197511.818,0.976,0.010,0.001,0.217,0,0,0,0,0,0,0,0,33,0.862,23,0,299.758,3.194,126.980,268.980,-37.160,-0.084,0.095,1.165,-0.282,3.182,0.206,0.000,0.000,0.762,0.707,0,NULL,NULL,,0,0,0,7,255,0,250,0,0
baseline,2648,2648,0,197516.816,0.975,0.002,-0.009,0.220,0,0,0,0,0,0,0,0,33,0.862,23,0,300.653,2.726,128.260,269.480,-36.360,-0.044,0.095,1.213,0.174,2.720,0.910,0.000,0.000,0.762,0.707,0,NULL,NULL,,0,0,0,7,255,0,250,0,0
baseline,2656,2656,0,197521.817,0.975,-0.006,-0.019,0.223,0,0,0,0,0,0,0,0,33,0.862,23,0,299.724,2.484,128.260,268.860,-33.140,-0.026,0.104,1.272,0.736,2.372,1.440,0.000,0.000,0.762,0.707,0,NULL,NULL,,0,0,0,7,255,0,250,0,0
baseline,2656,2656,0,197526.816,0.974,-0.014,-0.029,0.225,0,0,0,0,0,0,0,0,33,0.862,23,0,296.481,2.478,124.300,267.520,-29.720,-0.020,0.100,1.343,1.166,2.186,2.040,0.000,0.000,0.762,0.707,0,NULL,NULL,,0,0,0,7,255,0,250,0,0
baseline,2657,2657,0,197531.817,0.973,-0.022,-0.039,0.227,0,0,0,0,0,0,0,0,33,0.862,23,0,292.424,2.411,118.120,266.240,-26.000,-0.017,0.086,1.401,1.466,1.914,2.750,0.000,0.000,0.762,0.707,0,NULL,NULL,,0,0,0,7,255,0,250,0,0
baseline,2657,2657,0,197536.816,0.972,-0.029,-0.049,0.229,0,0,0,0,0,0,0,0,33,0.862,23,0,287.477,2.300,109.520,264.780,-23.240,-0.020,0.074,1.435,1.698,1.552,3.344,0.000,0.000,0.762,0.707,0,NULL,NULL,,0,0,0,7,255,0,250,0,0
baseline,2674,2674,0,197541.817,0.970,-0.036,-0.059,0.231,0,0,0,0,0,0,0,0,33,0.862,23,0,283.943,2.241,101.720,264.280,-20.800,-0.016,0.078,1.444,1.888,1.208,3.678,0.000,0.000,0.762,0.707,0,NULL,NULL,,0,0,0,7,255,0,250,0,0
baseline,2674,2674,0,197546.817,0.969,-0.043,-0.069,0.233,0,0,0,0,0,0,0,0,33,0.862,23,0,281.423,2.386,94.880,264.280,-18.780,-0.019,0.070,1.438,2.182,0.966,3.688,0.000,0.000,0.762,0.707,0,NULL,NULL,,0,0,0,7,255,0,250,0,0
baseline,2690,2690,0,197551.817,0.968,-0.049,-0.079,0.234,0,0,0,0,0,0,0,0,33,0.862,23,0,279.857,2.439,90.540,264.220,-17.620,-0.019,0.057,1.415,2.348,0.660,3.688,0.000,0.000,0.762,0.707,0,NULL,NULL,,0,0,0,7,255,0,250,0,0
baseline,2690,2690,0,197556.816,0.966,-0.056,-0.089,0.236,0,0,0,0,0,0,0,0,33,0.862,23,0,278.972,2.508,90.240,263.500,-15.800,-0.020,0.033,1.379,2.490,0.296,3.438,0.000,0.000,0.762,0.707,0,NULL,NULL,,0,0,0,7,255,0,250,0,0
baseline,2690,2690,0,197561.817,0.964,-0.062,-0.099,0.237,0,0,0,0,0,0,0,0,33,0.862,23,0,278.464,2.549,94.940,261.420,-13.720,-0.026,0.019,1.366,2.546,-0.130,3.062,0.000,0.000,0.762,0.707,0,NULL,NULL,,0,0,0,7,255,0,250,0,0
baseline,2690,2690,0,197566.817,0.963,-0.069,-0.108,0.239,0,0,0,0,0,0,0,0,33,0.862,23,0,278.022,2.662,100.560,258.860,-13.240,-0.030,0.017,1.376,2.622,-0.458,2.964,0.000,0.000,0.762,0.707,0,NULL,NULL,,0,0,0,7,255,0,250,0,0
baseline,2712,2712,0,197571.818,0.961,-0.076,-0.118,0.240,0,0,0,0,0,0,0,0,33,0.862,23,0,277.189,2.893,106.600,255.560,-12.620,-0.025,0.028,1.396,2.806,-0.704,2.964,0.000,0.000,0.762,0.707,0,NULL,NULL,,0,0,0,7,255,0,250,0,0
baseline,2712,2712,0,197576.817,0.959,-0.083,-0.127,0.241,0,0,0,0,0,0,0,0,33,0.862,23,0,277.156,3.263,113.980,252.380,-11.340,-0.025,0.041,1.417,3.138,-0.896,3.090,0.000,0.000,0.762,0.707,0,NULL,NULL,,0,0,0,7,255,0,250,0,0
baseline,2713,2713,0,197581.817,0.956,-0.091,-0.135,0.242,0,0,0,0,0,0,0,0,33,0.862,23,0,276.151,3.591,120.080,248.480,-9.880,-0.020,0.050,1.473,3.432,-1.056,3.226,0.000,0.000,0.762,0.707,0,NULL,NULL,,0,0,0,7,255,0,250,0,0
baseline,2713,2713,0,197586.816,0.954,-0.098,-0.144,0.244,0,0,0,0,0,0,0,0,33,0.862,23,0,273.529,4.067,125.700,242.800,-8.100,-0.008,0.044,1.487,3.840,-1.340,3.664,0.000,0.000,0.762,0.707,0,NULL,NULL,,0,0,0,7,255,0,250,0,0
baseline,2752,2752,0,197591.817,0.952,-0.106,-0.153,0.245,0,0,0,0,0,0,0,0,33,0.862,23,0,271.096,4.482,132.480,236.460,-5.360,0.010,0.034,1.521,4.134,-1.732,3.682,0.000,0.000,0.762,0.707,0,NULL,NULL,,0,0,0,7,255,0,250,0,0
baseline,2752,2752,0,197596.817,0.949,-0.114,-0.161,0.245,0,0,0,0,0,0,0,0,33,0.862,23,0,271.007,5.028,139.560,232.300,-2.060,0.017,0.051,1.567,4.502,-2.238,3.846,0.000,0.000,0.762,0.707,0,NULL,NULL,,0,0,0,7,255,0,250,0,0
baseline,2752,2752,0,197601.817,0.947,-0.123,-0.169,0.246,0,0,0,0,0,0,0,0,33,0.862,23,0,269.799,5.535,145.160,227.420,-0.540,0.031,0.066,1.628,4.936,-2.504,4.152,0.000,0.000,0.762,0.707,0,NULL,NULL,,0,0,0,7,255,0,250,0,0
baseline,2752,2752,0,197606.816,0.944,-0.131,-0.177,0.247,0,0,0,0,0,0,0,0,33,0.862,23,0,267.783,6.163,147.740,223.340,0.260,0.057,0.055,1.691,5.458,-2.862,4.552,0.000,0.000,0.762,0.707,0,NULL,NULL,,0,0,0,7,255,0,250,0,0
baseline,2752,2752,0,197611.817,0.941,-0.139,-0.184,0.248,0,0,0,0,0,0,0,0,33,0.862,23,0,265.197,6.918,147.920,220.100,2.260,0.097,0.034,1.731,5.956,-3.520,4.902,0.000,0.000,0.762,0.707,0,NULL,NULL,,0,0,0,7,255,0,250,0,0
baseline,2752,2752,0,197616.816,0.938,-0.147,-0.191,0.248,0,0,0,0,0,0,0,0,33,0.862,23,0,261.252,7.755,146.080,216.500,6.420,0.143,0.041,1.753,6.462,-4.288,4.902,0.000,0.000,0.762,0.707,0,NULL,NULL,,0,0,0,7,255,0,250,0,0
baseline,2752,2752,0,197621.817,0.935,-0.155,-0.199,0.248,0,0,0,0,0,0,0,0,33,0.862,23,0,256.818,8.547,143.820,212.480,11.120,0.185,0.050,1.750,7.080,-4.788,4.816,0.000,0.000,0.762,0.707,0,NULL,NULL,,0,0,0,7,255,0,250,0,0
baseline,2752,2752,0,197626.816,0.932,-0.163,-0.206,0.248,0,0,0,0,0,0,0,0,33,0.862,23,0,251.457,9.194,142.780,206.420,15.340,0.241,0.039,1.732,7.594,-5.182,4.446,0.000,0.000,0.762,0.707,0,NULL,NULL,,0,0,0,7,255,0,250,0,0
baseline,2753,2753,0,197631.817,0.930,-0.171,-0.212,0.248,0,0,0,0,0,0,0,0,33,0.862,23,0,246.422,9.892,142.780,199.960,18.800,0.316,0.009,1.729,8.052,-5.746,3.860,0.000,0.000,0.762,0.707,0,NULL,NULL,,0,0,0,7,255,0,250,0,0
baseline,2753,2753,0,197636.816,0.927,-0.179,-0.219,0.248,0,0,0,0,0,0,0,0,33,0.862,23,0,243.653,10.826,143.820,195.320,23.080,0.416,-0.024,1.708,8.606,-6.568,3.268,0.000,0.000,0.762,0.707,0,NULL,NULL,,0,0,0,7,255,0,250,0,0
baseline,2767,2767,0,197641.817,0.924,-0.188,-0.225,0.247,0,0,0,0,0,0,0,0,33,0.862,23,0,242.313,11.861,149.620,188.420,28.760,0.539,-0.057,1.696,9.246,-7.430,2.382,0.000,0.000,0.762,0.707,0,NULL,NULL,,0,0,0,7,255,0,250,0,0
baseline,2768,2768,0,197646.816,0.921,-0.196,-0.230,0.246,0,0,0,0,0,0,0,0,33,0.862,23,0,241.018,13.115,156.580,179.700,35.780,0.638,-0.082,1.707,10.084,-8.386,1.426,0.000,0.000,0.762,0.707,0,NULL,NULL,,0,0,0,7,255,0,250,0,0
baseline,2784,2784,0,197651.817,0.918,-0.205,-0.235,0.245,0,0,0,0,0,0,0,0,33,0.862,23,0,238.934,14.230,160.240,171.460,44.880,0.713,-0.125,1.729,10.820,-9.242,0.748,0.000,0.000,0.762,0.707,0,NULL,NULL,,0,0,0,7,255,0,250,0,0
baseline,2784,2784,0,197656.817,0.915,-0.213,-0.240,0.244,0,0,0,0,0,0,0,0,33,0.862,23,0,235.182,15.218,160.800,162.420,55.440,0.744,-0.174,1.754,11.310,-10.182,0.234,0.000,0.000,0.762,0.707,0,NULL,NULL,,0,0,0,7,255,0,250,0,0
baseline,2784,2784,0,197661.817,0.913,-0.222,-0.244,0.242,0,0,0,0,0,0,0,0,33,0.862,23,0,232.271,15.830,160.860,153.320,67.580,0.729,-0.202,1.794,11.376,-11.008,0.018,0.000,0.000,0.762,0.707,0,NULL,NULL,,0,0,0,7,255,0,250,0,0
baseline,2784,2784,0,197666.817,0.910,-0.230,-0.248,0.239,0,0,0,0,0,0,0,0,33,0.862,23,0,225.160,16.214,154.680,146.120,73.620,0.666,-0.222,1.839,11.376,-11.554,0.018,0.000,0.000,0.762,0.707,0,NULL,NULL,,0,0,0,7,255,0,250,0,0
baseline,2800,2800,0,197671.817,0.908,-0.238,-0.252,0.237,0,0,0,0,0,0,0,0,33,0.862,23,0,215.248,16.206,144.440,142.100,72.640,0.591,-0.252,1.807,11.004,-11.898,0.230,0.000,0.000,0.762,0.707,0,NULL,NULL,,0,0,0,7,255,0,250,0,0
baseline,2800,2800,0,197676.816,0.905,-0.245,-0.255,0.235,0,0,0,0,0,0,0,0,33,0.862,23,0,204.320,15.720,135.460,137.400,67.220,0.544,-0.285,1.758,10.218,-11.946,0.230,0.000,0.000,0.762,0.707,0,NULL,NULL,,0,0,0,7,255,0,250,0,0
baseline,2816,2816,0,197681.817,0.903,-0.252,-0.259,0.233,0,0,0,0,0,0,0,0,33,0.862,23,0,194.970,15.354,129.980,132.520,59.640,0.526,-0.365,1.707,9.558,-12.016,-0.222,0.000,0.000,0.762,0.707,0,NULL,NULL,,0,0,0,7,255,0,250,0,0
baseline,2816,2816,0,197686.817,0.900,-0.259,-0.263,0.231,0,0,0,0,0,0,0,0,33,0.862,23,0,187.648,15.347,128.380,126.840,51.400,0.528,-0.436,1.687,8.868,-12.526,-0.948,0.000,0.000,0.762,0.707,0,NULL,NULL,,0,0,0,7,255,0,250,0,0
baseline,2848,2848,0,197691.818,0.898,-0.266,-0.266,0.230,0,0,0,0,0,0,0,0,33,0.862,23,0,179.032,15.693,126.240,120.180,40.900,0.546,-0.460,1.699,8.562,-13.152,-1.520,0.000,0.000,0.762,0.707,0,NULL,NULL,,0,0,0,7,255,0,250,0,0
baseline,2848,2848,0,197696.817,0.895,-0.272,-0.269,0.229,0,0,0,0,0,0,0,0,33,0.862,23,0,164.611,16.061,117.820,111.640,27.420,0.601,-0.444,1.740,8.562,-13.588,-1.830,0.000,0.000,0.762,0.707,0,NULL,NULL,,0,0,0,7,255,0,250,0,0
baseline,2848,2848,0,197701.817,0.893,-0.277,-0.272,0.229,0,0,0,0,0,0,0,0,33,0.862,23,0,149.848,16.722,105.800,105.100,14.660,0.701,-0.408,1.731,9.224,-13.948,-2.012,0.000,0.000,0.762,0.707,0,NULL,NULL,,0,0,0,7,255,0,250,0,0
baseline,2848,2848,0,197706.816,0.890,-0.282,-0.275,0.229,0,0,0,0,0,0,0,0,33,0.862,23,0,137.614,17.234,94.760,99.740,3.180,0.827,-0.351,1.701,10.122,-13.948,-2.776,0.000,0.000,0.762,0.707,0,NULL,NULL,,0,0,0,7,255,0,250,0,0
baseline,2848,2848,0,197711.817,0.888,-0.286,-0.278,0.230,0,0,0,0,0,0,0,0,33,0.862,23,0,132.253,17.949,84.140,101.820,-6.640,0.945,-0.353,1.663,11.228,-14.004,-3.764,0.000,0.000,0.762,0.707,0,NULL,NULL,,0,0,0,7,255,0,250,0,0
baseline,2848,2848,0,197716.816,0.885,-0.289,-0.282,0.230,0,0,0,0,0,0,0,0,33,0.862,23,0,130.992,18.427,78.400,103.040,-19.880,1.072,-0.401,1.547,11.942,-14.034,-4.954,0.000,0.000,0.762,0.707,0,NULL,NULL,,0,0,0,7,255,0,250,0,0
baseline,2864,2864,0,197721.818,0.883,-0.293,-0.285,0.232,0,0,0,0,0,0,0,0,33,0.862,23,0,129.085,18.678,76.080,99.740,-30.440,1.246,-0.383,1.487,12.148,-14.188,-6.884,0.000,0.000,0.762,0.707,0,NULL,NULL,,0,0,0,7,255,0,250,0,0
baseline,2864,2864,0,197726.817,0.880,-0.296,-0.289,0.233,0,0,0,0,0,0,0,0,33,0.862,23,0,123.378,19.411,63.620,99.500,-35.700,1.412,-0.344,1.453,13.238,-14.196,-8.516,0.000,0.000,0.762,0.707,0,NULL,NULL,,0,0,0,7,255,0,250,0,0
baseline,2880,2880,0,197731.817,0.878,-0.298,-0.292,0.234,0,0,0,0,0,0,0,0,33,0.862,23,0,116.376,20.272,49.580,100.040,-32.820,1.529,-0.353,1.292,14.472,-14.196,-9.856,0.000,0.000,0.762,0.707,0,NULL,NULL,,0,0,0,7,255,0,250,0,0
baseline,2880,2880,0,197736.816,0.876,-0.300,-0.296,0.235,0,0,0,0,0,0,0,0,33,0.862,23,0,111.309,19.920,44.940,97.840,-28.240,1.604,-0.391,1.153,14.472,-13.688,-11.930,0.000,0.000,0.762,0.707,0,NULL,NULL,,0,0,0,7,255,0,250,0,0
baseline,2880,2880,0,197741.817,0.874,-0.303,-0.299,0.235,0,0,0,0,0,0,0,0,33,0.862,23,0,109.978,19.585,47.460,97.120,-20.260,1.667,-0.438,1.019,14.300,-13.382,-13.660,0.000,0.000,0.762,0.707,0,NULL,NULL,,0,0,0,7,255,0,250,0,0
baseline,2880,2880,0,197746.816,0.872,-0.306,-0.302,0.236,0,0,0,0,0,0,0,0,33,0.862,23,0,107.647,19.102,57.340,89.920,-14.640,1.699,-0.491,0.923,13.886,-13.118,-15.302,0.000,0.000,0.762,0.707,0,NULL,NULL,,0,0,0,7,255,0,250,0,0
baseline,2880,2880,0,197751.817,0.869,-0.309,-0.305,0.236,0,0,0,0,0,0,0,0,33,0.862,23,0,107.263,18.736,70.220,80.940,-4.820,1.715,-0.528,0.891,13.378,-13.118,-16.492,0.000,0.000,0.762,0.707,0,NULL,NULL,,0,0,0,7,255,0,250,0,0
baseline,2880,2880,0,197756.817,0.867,-0.313,-0.307,0.236,0,0,0,0,0,0,0,0,33,0.862,23,0,108.352,18.542,82.480,69.900,7.160,1.695,-0.528,0.917,13.094,-13.128,-16.934,0.000,0.000,0.762,0.707,0,NULL,NULL,,0,0,0,7,255,0,250,0,0
baseline,2896,2896,0,197761.817,0.866,-0.317,-0.308,0.236,0,0,0,0,0,0,0,0,33,0.862,23,0,103.248,18.544,85.100,55.420,18.620,1.637,-0.510,0.995,13.016,-13.208,-16.934,0.000,0.000,0.762,0.707,0,NULL,NULL,,0,0,0,7,255,0,250,0,0
baseline,2896,2896,0,197766.816,0.864,-0.320,-0.308,0.236,0,0,0,0,0,0,0,0,33,0.862,23,0,91.587,18.534,77.900,40.960,25.340,1.560,-0.474,1.038,13.002,-13.208,-16.114,0.000,0.000,0.762,0.707,0,NULL,NULL,,0,0,0,7,255,0,250,0,0
baseline,2896,2896,0,197771.817,0.863,-0.324,-0.308,0.235,0,0,0,0,0,0,0,0,33,0.862,23,0,77.575,18.384,68.200,26.320,25.960,1.498,-0.470,1.040,12.822,-13.174,-15.312,0.000,0.000,0.762,0.707,0,NULL,NULL,,0,0,0,7,255,0,250,0,0
baseline,2896,2896,0,197776.817,0.862,-0.326,-0.308,0.235,0,0,0,0,0,0,0,0,33,0.862,23,0,68.766,18.092,62.160,13.000,26.380,1.450,-0.531,1.018,12.400,-13.174,-15.038,0.000,0.000,0.762,0.707,0,NULL,NULL,,0,0,0,7,255,0,250,0,0
baseline,2911,2911,0,197781.817,0.862,-0.329,-0.307,0.234,0,0,0,0,0,0,0,0,33,0.862,23,0,74.047,17.603,66.680,-1.100,32.180,1.309,-0.696,1.094,11.628,-13.216,-14.954,0.000,0.000,0.762,0.707,0,NULL,NULL,,0,0,0,7,255,0,250,0,0
baseline,2911,2911,0,197786.817,0.859,-0.344,-0.299,0.232,0,0,0,0,0,0,0,0,33,0.862,23,0,385.415,18.663,331.640,-61.700,186.420,0.918,-0.828,2.770,11.628,-14.598,-14.236,0.000,0.000,0.762,0.707,0,NULL,NULL,,0,0,0,7,255,0,250,0,0
baseline,2946,2946,0,197791.817,0.857,-0.358,-0.288,0.233,0,0,0,0,0,0,0,0,33,0.862,23,0,402.654,28.555,355.620,-148.180,117.080,1.268,0.184,4.210,13.056,-25.396,-1.734,0.000,0.000,0.762,0.707,0,NULL,NULL,,0,0,0,7,255,0,250,0,0
baseline,2946,2946,0,197796.816,0.861,-0.353,-0.283,0.234,0,0,0,56,0,0,0,0,33,0.862,23,0,186.768,34.409,-86.880,-165.220,-6.040,0.936,-0.434,3.915,18.722,-28.870,7.334,0.000,0.000,0.762,0.707,0,NULL,NULL,,0,0,0,7,255,0,250,0,0
baseline,2947,2947,0,197801.817,0.869,-0.335,-0.280,0.231,75,0,0,265,0,0,0,0,33,0.862,23,0,455.926,36.195,-416.420,-185.600,-3.960,1.521,0.276,2.442,21.832,-28.870,7.334,0.000,0.000,0.762,0.707,0,NULL,NULL,,0,0,0,7,255,0,250,0,0
baseline,2947,2947,0,197806.816,0.880,-0.313,-0.276,0.225,239,0,0,461,0,26,0,0,33,0.862,23,0,587.004,24.933,-538.060,-225.820,63.800,1.144,0.969,1.092,18.722,-16.466,-2.280,0.000,0.000,0.762,0.707,0,NULL,NULL,,0,0,0,7,255,0,250,0,0
baseline,2948,2948,0,197811.817,0.892,-0.294,-0.270,0.213,445,0,0,683,0,94,0,0,33,0.862,23,0,600.256,17.931,-507.720,-243.220,208.260,0.756,1.099,0.243,17.858,-1.616,-6.158,0.000,0.000,0.762,0.707,0,NULL,NULL,,0,0,0,7,255,0,250,0,0
baseline,2948,2948,0,197816.816,0.901,-0.284,-0.261,0.200,686,0,0,951,0,162,0,0,33,0.862,23,0,478.181,13.474,-302.960,-225.520,293.280,0.459,0.662,-0.346,12.250,5.612,-9.300,0.000,0.000,0.762,0.707,0,NULL,NULL,,0,0,0,7,255,0,250,0,0
baseline,2960,2960,0,197821.817,0.906,-0.285,-0.253,0.187,947,0,0,1135,0,229,0,0,33,0.862,23,0,370.678,7.855,-38.060,-151.980,335.940,-0.053,-0.586,-0.042,5.496,5.612,-12.246,0.000,0.000,0.762,0.707,0,NULL,NULL,,0,0,0,7,255,0,250,0,0
baseline,2960,2960,0,197826.816,0.908,-0.289,-0.246,0.176,1269,0,0,1331,0,295,0,0,33,0.862,23,0,321.109,5.276,36.760,-94.240,304.760,-0.828,-0.697,0.394,-2.902,-4.406,-12.246,0.000,0.000,0.762,0.707,0,NULL,NULL,,0,0,0,7,255,0,250,0,0
baseline,2960,2960,0,197831.817,0.910,-0.293,-0.239,0.170,1493,0,0,1529,0,355,0,0,33,0.862,23,0,234.331,5.276,59.480,-121.940,191.060,-1.046,1.098,1.356,-2.902,-4.406,-5.426,0.000,0.000,0.762,0.707,0,NULL,NULL,,0,0,0,7,255,0,250,0,0
baseline,2960,2960,0,197836.817,0.912,-0.295,-0.234,0.166,1869,0,0,1951,0,437,0,0,33,0.862,23,0,165.588,4.058,38.240,-100.580,125.860,-1.129,2.238,1.607,0.870,3.964,9.290,0.000,0.000,0.762,0.707,0,NULL,NULL,,0,0,0,7,255,0,250,0,0
baseline,2976,2976,0,197841.817,0.915,-0.294,-0.227,0.158,2152,0,0,2165,0,461,0,0,33,0.862,23,0,252.505,4.058,-60.640,-137.820,202.700,-1.787,0.468,1.835,0.870,3.964,14.172,0.000,0.000,0.762,0.707,0,NULL,NULL,,0,0,0,7,255,0,250,0,0
baseline,2976,2976,0,197846.817,0.920,-0.283,-0.222,0.157,2330,0,0,2402,0,479,0,45,33,0.862,23,0,284.266,7.207,-237.280,-156.180,10.640,-1.842,-0.271,1.499,-6.792,-2.410,14.172,0.000,0.000,0.762,0.707,0,NULL,NULL,,0,0,0,7,255,0,250,0,0
baseline,2976,2976,0,197851.817,0.923,-0.271,-0.219,0.160,2445,0,0,2533,0,519,0,105,33,0.862,23,0,305.475,9.143,-248.940,-134.880,-114.680,-1.281,-0.039,0.577,-8.820,-2.410,9.128,0.000,0.000,0.762,0.707,0,NULL,NULL,,0,0,0,7,255,0,250,0,0
baseline,2976,2976,0,197856.816,0.925,-0.262,-0.216,0.170,2551,0,0,2651,0,562,0,155,33,0.862,23,0,308.743,8.855,-145.240,-129.320,-239.800,-0.678,0.004,0.504,-8.820,-0.792,0.128,0.000,0.000,0.762,0.707,0,NULL,NULL,,0,0,0,7,255,0,250,0,0
baseline,2991,2991,0,197861.817,0.925,-0.256,-0.215,0.183,2638,0,0,2746,0,587,0,278,33,0.862,23,0,333.495,3.886,-78.340,-108.460,-305.480,-0.035,-0.251,0.932,-3.804,-0.792,-3.068,0.000,0.000,0.762,0.707,0,NULL,NULL,,0,0,0,7,255,0,250,0,0
baseline,2991,2991,0,197866.817,0.924,-0.251,-0.214,0.196,2707,0,0,2835,0,647,0,405,33,0.862,23,0,324.335,6.427,-44.840,-61.080,-315.360,0.950,-0.624,1.201,1.920,-6.134,-3.292,0.000,0.000,0.762,0.707,0,NULL,NULL,,0,0,0,7,255,0,250,0,0
baseline,2991,2991,0,197871.817,0.922,-0.246,-0.215,0.206,2771,0,0,2901,0,696,0,495,33,0.862,23,0,251.202,15.902,-40.620,-31.860,-245.840,1.599,-0.958,1.212,9.228,-12.950,-6.658,0.000,0.000,0.762,0.707,0,NULL,NULL,,0,0,0,7,255,0,250,0,0
baseline,2991,2991,0,197876.817,0.922,-0.243,-0.215,0.210,2830,0,11,2955,0,725,0,601,33,0.862,23,0,123.921,21.407,-52.640,-33.200,-107.160,1.695,-1.181,1.052,12.026,-17.710,-10.442,0.000,0.000,0.762,0.707,0,NULL,NULL,,0,0,0,7,255,0,250,0,0
baseline,3010,3010,0,197881.817,0.924,-0.240,-0.212,0.207,2874,0,111,2997,106,851,0,727,33,0.862,23,0,113.554,21.407,-65.640,-67.140,63.860,1.231,-0.852,1.027,12.026,-17.710,-10.442,0.000,0.000,0.762,0.707,0,NULL,NULL,,0,0,0,7,255,0,250,0,0
baseline,3010,3010,0,197886.816,0.926,-0.239,-0.210,0.203,2917,0,231,3032,229,970,0,883,33,0.862,23,0,116.886,17.880,-35.380,-54.680,97.060,0.428,-0.031,1.465,9.746,-14.990,-9.708,0.000,0.000,0.762,0.707,1,NULL,NULL,,0,0,0,7,255,0,250,0,0
baseline,3050,3050,0,197891.817,0.927,-0.237,-0.209,0.201,2941,0,315,3063,438,1065,0,979,33,0.862,23,0,76.113,11.193,-58.260,-21.840,43.840,-0.317,0.202,1.189,8.210,-7.608,-0.172,0.000,0.000,0.762,0.707,1,NULL,NULL,,0,0,0,7,255,0,250,0,0
baseline,3050,3050,0,197896.817,0.928,-0.236,-0.208,0.201,2967,0,412,3089,633,1199,0,1077,33,0.862,23,0,41.452,3.210,-35.200,-17.760,-12.800,-0.500,0.450,1.096,2.218,-2.320,1.570,0.000,0.000,0.762,0.707,1,NULL,NULL,,0,0,0,7,255,0,250,0,0
baseline,3051,3051,0,197901.817,0.928,-0.233,-0.208,0.205,2979,0,491,3101,748,1287,0,1160,33,0.862,23,0,86.314,2.380,-31.780,-9.880,-79.640,-0.340,0.349,1.175,2.218,-0.864,1.940,0.000,0.000,0.762,0.707,1,NULL,NULL,,0,0,0,7,255,0,250,0,0
baseline,3051,3051,0,197906.816,0.927,-0.230,-0.209,0.208,2990,0,589,3115,820,1375,0,1251,33,0.862,23,0,110.375,2.536,-51.240,-0.180,-97.760,0.060,-0.356,1.023,2.384,-0.864,1.940,0.000,0.000,0.762,0.707,1,NULL,NULL,,0,0,0,7,255,0,250,0,0
baseline,3051,3051,0,197911.817,0.927,-0.227,-0.210,0.211,3001,0,685,3125,876,1415,0,1303,26,0.862,24,0,87.863,7.762,-55.940,-4.260,-67.620,0.388,-0.708,0.867,2.638,-7.300,-2.868,0.000,0.000,0.762,0.707,1,NULL,NULL,,0,0,0,7,255,0,250,0,0
baseline,3051,3051,0,197916.816,0.927,-0.226,-0.210,0.211,3015,0,740,3133,955,1460,0,1336,26,0.862,24,0,33.398,9.369,-30.740,-2.860,-12.740,0.345,-0.610,0.713,2.604,-9.000,-6.470,0.000,0.000,0.762,0.707,1,NULL,NULL,,0,0,0,7,255,0,250,0,0
baseline,3053,3053,0,197921.817,0.928,-0.226,-0.210,0.209,3023,22,797,3145,995,1497,0,1374,26,0.862,24,0,34.477,9.369,-1.800,-6.760,33.760,0.091,-0.232,0.742,2.604,-9.000,-6.470,0.000,0.000,0.762,0.707,1,NULL,NULL,,0,0,0,7,255,0,250,0,0
baseline,3053,3053,0,197926.816,0.928,-0.227,-0.209,0.208,3039,40,867,3155,1039,1555,0,1422,26,0.862,24,0,40.807,5.653,13.460,-4.820,38.220,-0.197,0.148,0.955,2.310,-5.160,-5.016,0.000,0.000,0.762,0.707,1,NULL,NULL,,0,0,0,7,255,0,250,0,0
baseline,3053,3053,0,197931.817,0.928,-0.227,-0.209,0.208,3047,71,916,3159,1095,1592,0,1468,26,0.862,24,0,10.163,3.087,9.180,1.100,4.220,-0.285,0.171,1.094,2.294,-2.066,-1.028,0.000,0.000,0.762,0.707,1,NULL,NULL,,0,0,0,7,255,0,250,0,0
baseline,3053,3053,0,197936.816,0.928,-0.227,-0.209,0.209,3061,93,941,3171,1135,1636,0,1507,26,0.862,24,0,20.279,3.087,-4.560,1.540,-19.700,-0.112,-0.038,1.065,2.294,-2.066,-0.938,0.000,0.000,0.762,0.707,1,NULL,NULL,,0,0,0,7,255,0,250,0,0
baseline,3073,3073,0,197941.817,0.928,-0.226,-0.210,0.209,3077,127,969,3173,1177,1673,0,1547,26,0.862,24,0,15.316,4.915,-12.860,1.280,-8.220,0.068,-0.226,0.971,2.526,-4.216,-0.938,0.000,0.000,0.762,0.707,1,NULL,NULL,,0,0,0,7,255,0,250,0,0
baseline,3073,3073,0,197946.816,0.928,-0.226,-0.209,0.208,3087,136,1003,3176,1208,1706,0,1591,26,0.862,24,0,20.878,5.813,-7.660,-0.300,19.420,0.035,-0.191,0.890,2.526,-5.236,-2.986,0.000,0.000,0.762,0.707,1,NULL,NULL,,0,0,0,7,255,0,250,0,0
baseline,3073,3073,0,197951.817,0.928,-0.227,-0.209,0.207,3095,151,1016,3180,1227,1725,0,1631,26,0.862,24,0,28.576,5.802,5.280,-0.480,28.080,-0.112,-0.028,0.925,2.500,-5.236,-2.986,0.000,0.000,0.762,0.707,1,NULL,NULL,,0,0,0,7,255,0,250,0,0
baseline,3073,3073,0,197956.816,0.928,-0.227,-0.209,0.206,3100,164,1032,3183,1244,1767,0,1657,26,0.862,24,0,20.098,4.236,14.120,0.260,14.300,-0.174,0.064,1.011,2.290,-3.564,-2.078,0.000,0.000,0.762,0.707,1,NULL,NULL,,0,0,0,7,255,0,250,0,0
baseline,3088,3088,0,197961.818,0.928,-0.228,-0.209,0.207,3109,173,1034,3191,1257,1789,0,1683,26,0.862,24,0,14.201,4.126,13.940,2.700,0.260,-0.106,0.060,1.066,2.290,-3.432,-0.868,0.000,0.000,0.762,0.707,1,NULL,NULL,,0,0,0,7,255,0,250,0,0
baseline,3088,3088,0,197966.816,0.928,-0.228,-0.209,0.207,3112,175,1033,3192,1275,1816,0,1701,26,0.862,24,0,9.299,4.554,8.760,2.940,1.040,-0.034,0.033,1.071,2.994,-3.432,-0.868,0.000,0.000,0.762,0.707,1,NULL,NULL,,0,0,0,7,255,0,250,0,0
baseline,3109,3109,0,197971.817,0.928,-0.229,-0.209,0.206,3119,181,1019,3193,1291,1847,0,1711,26,0.862,24,0,11.559,4.993,3.740,3.060,10.500,-0.044,0.041,1.044,3.352,-3.700,-1.082,0.000,0.000,0.762,0.707,1,NULL,NULL,,0,0,0,7,255,0,250,0,0
baseline,3109,3109,0,197976.816,0.928,-0.229,-0.209,0.205,3124,184,1029,3196,1308,1875,0,1717,26,0.862,24,0,15.906,4.993,2.600,2.320,15.520,-0.115,0.069,1.014,3.352,-3.700,-1.104,0.000,0.000,0.762,0.707,1,NULL,NULL,,0,0,0,7,255,0,250,0,0
baseline,3109,3109,0,197981.817,0.928,-0.229,-0.209,0.205,3128,213,1015,3197,1323,1885,0,1739,26,0.862,24,0,12.340,4.203,6.200,2.200,10.440,-0.153,0.099,1.006,2.798,-3.136,-1.104,0.000,0.000,0.762,0.707,1,NULL,NULL,,0,0,0,7,255,0,250,0,0
baseline,3109,3109,0,197986.816,0.928,-0.230,-0.209,0.205,3132,209,1017,3199,1335,1902,0,1753,26,0.862,24,0,11.033,3.936,10.520,2.380,2.320,-0.126,0.112,1.018,2.798,-2.768,-0.930,0.000,0.000,0.762,0.707,1,NULL,NULL,,0,0,0,7,255,0,250,0,0
baseline,3144,3144,0,197991.817,0.928,-0.230,-0.209,0.205,3131,215,1011,3205,1343,1927,0,1767,26,0.862,24,0,12.434,4.006,12.180,2.500,0.080,-0.075,0.103,1.038,2.896,-2.768,-0.930,0.000,0.000,0.762,0.707,1,NULL,NULL,,0,0,0,7,255,0,250,0,0
baseline,3144,3144,0,197996.816,0.928,-0.231,-0.209,0.205,3135,221,1013,3206,1361,1943,0,1781,26,0.862,24,0,10.711,4.545,9.680,2.380,3.920,-0.058,0.091,1.057,3.340,-3.082,-0.956,0.000,0.000,0.762,0.707,1,NULL,NULL,,0,0,0,7,255,0,250,0,0
baseline,3144,3144,0,198001.817,0.928,-0.231,-0.209,0.205,3134,226,1007,3205,1369,1959,0,1797,26,0.862,24,0,9.807,4.688,5.820,2.200,7.580,-0.083,0.082,1.047,3.340,-3.290,-0.956,0.000,0.000,0.762,0.707,1,NULL,NULL,,0,0,0,7,255,0,250,0,0
baseline,3144,3144,0,198006.816,0.928,-0.231,-0.209,0.204,3135,229,1007,3208,1387,1973,0,1811,26,0.862,24,0,7.677,4.598,3.940,2.440,6.120,-0.115,0.070,1.027,3.212,-3.290,-0.956,0.000,0.000,0.762,0.707,1,NULL,NULL,,0,0,0,7,255,0,250,0,0
baseline,3144,3144,0,198011.817,0.928,-0.232,-0.209,0.204,3135,237,1017,3209,1403,1983,0,1816,26,0.862,24,0,5.978,4.312,5.040,2.500,2.020,-0.115,0.058,1.009,2.832,-3.252,-1.002,0.000,0.000,0.762,0.707,1,NULL,NULL,,0,0,0,7,255,0,250,0,0
baseline,3144,3144,0,198016.816,0.928,-0.232,-0.209,0.205,3139,235,1017,3207,1421,1999,0,1830,26,0.862,24,0,7.774,4.312,7.220,2.820,-0.600,-0.099,0.053,1.009,2.832,-3.252,-1.184,0.000,0.000,0.762,0.707,2,NULL,NULL,,0,0,0,7,255,0,250,0,0
baseline,3168,3168,0,198021.817,0.928,-0.232,-0.209,0.205,3139,253,1023,3205,1431,2011,0,1833,26,0.862,24,0,7.945,4.387,7.540,2.500,-0.120,-0.095,0.039,1.017,2.830,-3.352,-1.264,0.000,0.000,0.762,0.707,2,NULL,NULL,,0,0,0,7,255,0,250,0,0
baseline,3168,3168,0,198026.816,0.928,-0.232,-0.209,0.205,3135,263,1043,3207,1437,2021,0,1846,26,0.862,24,0,6.147,4.518,5.700,2.020,1.100,-0.109,0.021,1.015,2.830,-3.522,-1.264,0.000,0.000,0.762,0.707,2,NULL,NULL,,0,0,0,7,255,0,250,0,0
baseline,3168,3168,0,198031.817,0.927,-0.233,-0.209,0.205,3132,269,1052,3205,1451,2027,0,1865,26,0.862,24,0,4.442,4.475,4.120,1.420,0.860,-0.124,-0.001,0.993,2.622,-3.626,-1.264,0.000,0.000,0.762,0.707,2,NULL,NULL,,0,0,0,7,255,0,250,0,0
baseline,3168,3168,0,198036.816,0.927,-0.233,-0.209,0.205,3129,269,1055,3195,1464,2040,0,1879,26,0.862,24,0,5.131,4.361,5.100,0.560,0.080,-0.125,-0.028,0.965,2.340,-3.680,-1.432,0.000,0.000,0.762,0.707,2,NULL,NULL,,0,0,0,7,255,0,250,0,0
baseline,3168,3168,0,198041.817,0.927,-0.233,-0.209,0.205,3131,265,1062,3195,1479,2055,0,1895,26,0.862,24,0,8.764,4.343,8.700,-0.900,0.560,-0.122,-0.041,0.952,2.120,-3.790,-1.730,0.000,0.000,0.762,0.707,2,NULL,NULL,,0,0,0,7,255,0,250,0,0
baseline,3168,3168,0,198046.816,0.927,-0.234,-0.209,0.205,3125,279,1072,3193,1486,2071,0,1913,26,0.862,24,0,13.235,4.346,13.020,-2.060,1.180,-0.124,-0.026,0.964,2.120,-3.794,-1.748,0.000,0.000,0.762,0.707,2,NULL,NULL,,0,0,0,7,255,0,250,0,0
baseline,3184,3184,0,198051.818,0.927,-0.234,-0.209,0.205,3119,283,1063,3189,1497,2077,0,1929,26,0.862,24,0,16.214,4.351,15.900,-3.100,0.680,-0.112,-0.008,0.984,2.130,-3.794,-1.748,0.000,0.000,0.762,0.707,2,NULL,NULL,,0,0,0,7,255,0,250,0,0
baseline,3184,3184,0,198056.816,0.927,-0.235,-0.208,0.205,3115,281,1064,3183,1509,2090,0,1945,26,0.862,24,0,17.109,4.466,16.680,-3.720,0.800,-0.093,0.003,1.002,2.356,-3.794,-1.588,0.000,0.000,0.762,0.707,2,NULL,NULL,,0,0,0,7,255,0,250,0,0
baseline,3200,3200,0,198061.817,0.927,-0.236,-0.208,0.205,3112,281,1065,3177,1514,2101,0,1956,26,0.862,24,0,17.514,4.585,16.940,-4.020,1.900,-0.078,0.017,1.005,2.612,-3.768,-1.508,0.000,0.000,0.762,0.707,2,NULL,NULL,,0,0,0,7,255,0,250,0,0
baseline,3200,3200,0,198066.816,0.927,-0.236,-0.208,0.205,3103,283,1065,3173,1527,2108,0,1977,26,0.862,24,0,18.588,4.693,17.660,-4.640,3.480,-0.071,0.037,1.009,2.800,-3.766,-1.494,0.000,0.000,0.762,0.707,2,NULL,NULL,,0,0,0,7,255,0,250,0,0
baseline,3200,3200,0,198071.817,0.927,-0.237,-0.207,0.205,3097,282,1061,3163,1545,2119,0,1993,26,0.862,24,0,19.549,4.688,18.460,-4.580,4.520,-0.072,0.071,1.018,2.942,-3.650,-1.458,0.000,0.000,0.762,0.707,2,NULL,NULL,,0,0,0,7,255,0,250,0,0
baseline,3200,3200,0,198076.816,0.927,-0.238,-0.207,0.205,3090,279,1047,3159,1555,2125,0,2009,26,0.862,24,0,19.526,4.608,18.220,-4.440,5.440,-0.074,0.098,1.026,3.100,-3.410,-1.294,0.000,0.000,0.762,0.707,2,NULL,NULL,,0,0,0,7,255,0,250,0,0
baseline,3216,3216,0,198081.817,0.927,-0.239,-0.206,0.205,3079,280,1047,3148,1565,2135,0,2025,26,0.862,24,0,19.324,4.557,17.420,-4.640,6.960,-0.077,0.107,1.029,3.218,-3.226,-1.148,0.000,0.000,0.762,0.707,2,NULL,NULL,,0,0,0,7,255,0,250,0,0
baseline,3216,3216,0,198086.816,0.926,-0.239,-0.206,0.205,3068,280,1043,3142,1577,2142,0,2043,26,0.862,24,0,19.842,4.513,16.680,-5.420,9.280,-0.094,0.126,1.040,3.218,-3.164,-1.092,0.000,0.000,0.762,0.707,2,NULL,NULL,,0,0,0,7,255,0,250,0,0
baseline,3248,3248,0,198091.817,0.926,-0.240,-0.206,0.204,3052,281,1047,3128,1587,2151,0,2063,26,0.862,24,0,18.406,4.386,15.280,-5.660,8.560,-0.127,0.173,1.055,3.190,-3.010,-0.874,0.000,0.000,0.762,0.707,2,NULL,NULL,,0,0,0,7,255,0,250,0,0
baseline,3248,3248,0,198096.816,0.926,-0.241,-0.205,0.204,3043,285,1065,3119,1597,2159,0,2075,26,0.862,24,0,14.116,4.115,12.360,-5.740,3.680,-0.127,0.190,1.068,3.190,-2.600,-0.472,0.000,0.000,0.762,0.707,2,NULL,NULL,,0,0,0,7,255,0,250,0,0
baseline,3248,3248,0,198101.817,0.926,-0.241,-0.205,0.205,3030,285,1077,3111,1621,2169,0,2089,26,0.862,24,0,9.494,4.178,8.020,-5.000,-0.900,-0.096,0.165,1.067,3.270,-2.600,-0.472,0.000,0.000,0.762,0.707,2,NULL,NULL,,0,0,0,7,255,0,250,0,0
baseline,3248,3248,0,198106.816,0.926,-0.241,-0.205,0.205,3017,285,1093,3100,1639,2184,0,2103,26,0.862,24,0,5.577,4.350,3.140,-4.260,-1.760,-0.067,0.107,1.044,3.314,-2.818,-0.534,0.000,0.000,0.762,0.707,2,NULL,NULL,,0,0,0,7,255,0,250,0,0
baseline,3248,3248,0,198111.817,0.926,-0.241,-0.205,0.205,3006,285,1106,3093,1655,2189,0,2111,26,0.862,24,0,4.119,4.667,-0.100,-4.080,0.560,-0.064,0.052,1.010,3.314,-3.286,-1.006,0.000,0.000,0.762,0.707,2,NULL,NULL,,0,0,0,7,255,0,250,0,0
baseline,3248,3248,0,198116.816,0.926,-0.241,-0.204,0.205,2990,295,1124,3083,1677,2200,0,2133,26,0.862,24,0,4.666,4.693,-0.220,-4.200,2.020,-0.088,0.029,0.981,2.994,-3.614,-1.446,0.000,0.000,0.762,0.707,2,NULL,NULL,,0,0,0,7,255,0,250,0,0
baseline,3264,3264,0,198121.817,0.926,-0.241,-0.204,0.205,2975,297,1143,3068,1694,2207,0,2151,26,0.862,24,0,5.296,4.452,2.600,-4.580,0.560,-0.107,0.028,0.970,2.600,-3.614,-1.638,0.000,0.000,0.762,0.707,2,NULL,NULL,,0,0,0,7,255,0,250,0,0
baseline,3264,3264,0,198126.816,0.926,-0.241,-0.204,0.205,2963,301,1179,3059,1735,2219,0,2165,26,0.862,24,0,7.773,4.307,5.820,-4.580,-2.360,-0.105,0.038,0.979,2.482,-3.520,-1.638,0.000,0.000,0.762,0.707,2,NULL,NULL,,0,0,0,7,255,0,250,0,0
baseline,3264,3264,0,198131.817,0.926,-0.241,-0.204,0.205,2943,309,1195,3049,1765,2229,0,2185,26,0.862,24,0,9.314,4.307,7.220,-4.760,-3.460,-0.093,0.048,0.999,2.482,-3.520,-1.558,0.000,0.000,0.762,0.707,2,NULL,NULL,,0,0,0,7,255,0,250,0,0
baseline,3264,3264,0,198136.816,0.926,-0.241,-0.203,0.205,2931,315,1214,3041,1791,2235,0,2197,26,0.862,24,0,8.297,4.428,6.000,-4.700,-3.280,-0.090,0.042,1.015,2.684,-3.522,-1.416,0.000,0.000,0.762,0.707,2,NULL,NULL,,0,0,0,7,255,0,250,0,0
baseline,3264,3264,0,198141.818,0.926,-0.242,-0.203,0.205,2919,314,1245,3027,1811,2245,7,2216,26,0.862,24,0,6.986,4.529,3.440,-5.000,-3.460,-0.093,0.029,1.007,2.684,-3.648,-1.400,0.000,0.000,0.762,0.707,2,NULL,NULL,,0,0,0,7,255,0,250,0,0
baseline,3264,3264,0,198146.816,0.926,-0.242,-0.203,0.206,2899,317,1275,3008,1833,2248,41,2227,26,0.862,24,0,6.914,4.553,2.600,-5.300,-3.600,-0.097,0.011,0.984,2.616,-3.726,-1.400,0.000,0.000,0.762,0.707,2,NULL,NULL,,0,0,0,7,255,0,250,0,0
baseline,3280,3280,0,198151.817,0.926,-0.242,-0.203,0.206,2876,317,1306,2996,1862,2265,75,2251,26,0.862,24,0,8.852,4.447,4.900,-6.100,-4.140,-0.101,0.019,0.972,2.428,-3.726,-1.622,0.000,0.000,0.762,0.707,3,NULL,NULL,,0,0,0,7,255,0,250,0,0
baseline,3280,3280,0,198156.816,0.926,-0.242,-0.202,0.206,2859,325,1325,2983,1887,2276,93,2269,26,0.862,24,0,12.320,4.372,8.580,-6.400,-6.100,-0.098,0.040,0.976,2.428,-3.636,-1.622,0.000,0.000,0.762,0.707,3,NULL,NULL,,0,0,0,7,255,0,250,0,0
baseline,3296,3296,0,198161.817,0.926,-0.242,-0.202,0.207,2837,325,1365,2968,1911,2283,115,2287,26,0.862,24,0,15.262,4.301,11.320,-6.700,-7.740,-0.081,0.070,1.003,2.514,-3.490,-1.606,0.000,0.000,0.762,0.707,3,NULL,NULL,,0,0,0,7,255,0,250,0,0
baseline,3296,3296,0,198166.816,0.926,-0.243,-0.202,0.207,2811,331,1421,2951,1940,2291,150,2301,26,0.862,24,0,14.679,4.474,10.520,-6.700,-7.740,-0.064,0.085,1.027,2.858,-3.442,-1.374,0.000,0.000,0.762,0.707,3,NULL,NULL,,0,0,0,7,255,0,250,0,0
baseline,3296,3296,0,198171.817,0.926,-0.243,-0.202,0.208,2792,333,1453,2927,1960,2298,183,2327,26,0.862,24,0,11.805,4.647,6.980,-6.580,-6.880,-0.053,0.076,1.031,3.122,-3.442,-1.252,0.000,0.000,0.762,0.707,3,NULL,NULL,,0,0,0,7,255,0,250,0,0
baseline,3296,3296,0,198176.816,0.926,-0.243,-0.201,0.208,2765,352,1485,2911,1995,2304,200,2349,26,0.862,24,0,9.037,4.743,3.940,-5.660,-5.840,-0.050,0.054,1.014,3.122,-3.570,-1.252,0.000,0.000,0.762,0.707,3,NULL,NULL,,0,0,0,7,255,0,250,0,0
baseline,3312,3312,0,198181.817,0.926,-0.243,-0.201,0.208,2741,347,1529,2899,2019,2317,229,2363,26,0.862,24,0,8.212,4.787,3.620,-5.360,-5.060,-0.051,0.036,0.997,3.052,-3.688,-1.466,0.000,0.000,0.762,0.707,3,NULL,NULL,,0,0,0,7,255,0,250,0,0
baseline,3312,3312,0,198186.816,0.926,-0.243,-0.201,0.208,2715,351,1565,2879,2043,2325,251,2382,26,0.862,24,0,8.182,4.754,4.480,-5.360,-4.260,-0.055,0.030,0.990,2.906,-3.762,-1.648,0.000,0.000,0.762,0.707,3,NULL,NULL,,0,0,0,7,255,0,250,0,0
baseline,3344,3344,0,198191.817,0.926,-0.243,-0.201,0.209,2686,357,1599,2869,2068,2331,276,2397,26,0.862,24,0,8.674,4.703,5.520,-5.480,-3.840,-0.065,0.038,0.991,2.822,-3.762,-1.648,0.000,0.000,0.762,0.707,3,NULL,NULL,,0,0,0,7,255,0,250,0,0
baseline,3344,3344,0,198196.816,0.926,-0.243,-0.200,0.209,2661,361,1631,2851,2091,2343,303,2413,26,0.862,24,0,9.804,4.637,6.980,-5.360,-4.320,-0.082,0.069,1.005,2.808,-3.690,-1.632,0.000,0.000,0.762,0.707,3,NULL,NULL,,0,0,0,7,255,0,250,0,0
baseline,3345,3345,0,198201.817,0.926,-0.243,-0.200,0.209,2635,375,1675,2837,2117,2349,330,2426,26,0.862,24,0,10.920,4.441,6.620,-5.300,-6.880,-0.086,0.098,1.022,2.808,-3.440,-1.348,0.000,0.000,0.762,0.707,3,NULL,NULL,,0,0,0,7,255,0,250,0,0
baseline,3345,3345,0,198206.816,0.926,-0.244,-0.200,0.210,2601,397,1710,2815,2133,2355,375,2445,26,0.862,24,0,11.529,4.498,4.720,-4.760,-9.380,-0.076,0.090,1.031,2.940,-3.404,-1.112,0.000,0.000,0.762,0.707,3,NULL,NULL,,0,0,0,7,255,0,250,0,0
baseline,3346,3346,0,198211.817,0.926,-0.244,-0.200,0.210,2569,406,1737,2799,2155,2361,405,2461,26,0.862,24,0,10.656,4.498,1.860,-4.820,-9.320,-0.065,0.054,1.025,2.940,-3.404,-1.112,0.000,0.000,0.762,0.707,3,NULL,NULL,,0,0,0,7,255,0,250,0,0
baseline,3346,3346,0,198216.816,0.926,-0.243,-0.200,0.210,2527,425,1771,2777,2183,2367,436,2475,26,0.862,24,0,9.482,4.725,-1.260,-5.060,-7.920,-0.065,0.040,1.023,2.924,-3.712,-1.296,0.000,0.000,0.762,0.707,3,NULL,NULL,,0,0,0,7,255,0,250,0,0
baseline,3360,3360,0,198221.817,0.926,-0.243,-0.199,0.211,2492,429,1806,2751,2203,2376,459,2486,26,0.862,24,0,10.658,4.732,-3.340,-4.820,-8.900,-0.083,0.028,1.006,2.850,-3.778,-1.346,0.000,0.000,0.762,0.707,3,NULL,NULL,,0,0,0,7,255,0,250,0,0
baseline,3360,3360,0,198226.816,0.926,-0.243,-0.199,0.211,2460,439,1843,2728,2220,2385,507,2505,26,0.862,24,0,13.079,4.586,-1.620,-5.860,-11.580,-0.086,0.041,0.991,2.600,-3.778,-1.444,0.000,0.000,0.762,0.707,3,NULL,NULL,,0,0,0,7,255,0,250,0,0
baseline,3360,3360,0,198231.817,0.925,-0.243,-0.199,0.212,2413,441,1875,2695,2249,2405,551,2515,26,0.862,24,0,15.357,4.544,-0.400,-5.480,-14.340,-0.087,0.034,1.009,2.596,-3.730,-1.444,0.000,0.000,0.762,0.707,3,NULL,NULL,,0,0,0,7,255,0,250,0,0
baseline,3360,3360,0,198236.816,0.925,-0.242,-0.199,0.213,2373,441,1910,2667,2267,2393,581,2533,26,0.862,24,0,16.143,4.544,-1.740,-6.160,-14.820,-0.043,0.033,1.041,2.596,-3.730,-1.378,0.000,0.000,0.762,0.707,3,NULL,NULL,,0,0,0,7,255,0,250,0,0
baseline,3378,3378,0,198241.817,0.925,-0.242,-0.199,0.213,2327,445,1947,2639,2287,2395,613,2548,26,0.862,24,0,15.602,5.020,-7.480,-4.700,-12.860,-0.038,0.037,1.048,3.038,-3.996,-1.310,0.000,0.000,0.762,0.707,3,NULL,NULL,,0,0,0,7,255,0,250,0,0
baseline,3378,3378,0,198246.816,0.926,-0.241,-0.199,0.213,2265,453,1975,2597,2313,2395,653,2567,26,0.862,24,0,17.688,5.020,-13.460,-5.180,-10.240,-0.059,0.051,1.046,3.038,-3.996,-1.262,0.000,0.000,0.762,0.707,3,NULL,NULL,,0,0,0,7,255,0,250,0,0
baseline,3378,3378,0,198251.817,0.926,-0.240,-0.199,0.214,2217,453,2007,2557,2335,2403,677,2579,26,0.862,24,0,21.942,4.852,-18.780,-4.760,-10.300,-0.074,0.048,1.042,3.010,-3.806,-1.142,0.000,0.000,0.762,0.707,3,NULL,NULL,,0,0,0,7,255,0,250,0,0
baseline,3378,3378,0,198256.816,0.926,-0.239,-0.199,0.214,2146,455,2037,2523,2357,2403,713,2587,26,0.862,24,0,24.210,4.715,-20.180,-5.740,-12.080,-0.080,0.053,0.998,2.860,-3.748,-1.142,0.000,0.000,0.762,0.707,3,NULL,NULL,,0,0,0,7,255,0,250,0,0
baseline,3392,3392,0,198261.817,0.926,-0.239,-0.199,0.215,2058,461,2084,2477,2385,2403,739,2599,26,0.862,24,0,24.144,4.488,-18.400,-5.480,-14.640,-0.071,0.042,0.993,2.728,-3.564,-1.432,0.000,0.000,0.762,0.707,3,NULL,NULL,,0,0,0,7,255,0,250,0,0
baseline,3392,3392,0,198266.816,0.926,-0.238,-0.199,0.215,1964,463,2121,2445,2407,2404,802,2611,26,0.862,24,0,22.944,4.488,-15.300,-5.920,-16.040,-0.056,0.035,0.998,2.728,-3.564,-1.532,0.000,0.000,0.762,0.707,3,NULL,NULL,,0,0,0,7,255,0,250,0,0
baseline,3411,3411,0,198271.817,0.926,-0.237,-0.199,0.216,1914,457,2160,2399,2427,2405,853,2623,26,0.862,24,0,22.486,4.645,-14.380,-5.980,-16.220,-0.047,0.042,1.026,2.832,-3.682,-1.532,0.000,0.000,0.762,0.707,3,NULL,NULL,,0,0,0,7,255,0,250,0,0
baseline,3411,3411,0,198276.816,0.926,-0.236,-0.199,0.216,1853,453,2195,2345,2456,2411,887,2635,26,0.862,24,0,24.087,4.816,-17.300,-5.920,-15.680,-0.042,0.038,1.036,3.024,-3.748,-1.354,0.000,0.000,0.762,0.707,3,NULL,NULL,,0,0,0,7,255,0,250,0,0
baseline,3411,3411,0,198281.817,0.926,-0.235,-0.199,0.217,1791,453,2219,2302,2473,2411,909,2643,26,0.862,24,0,26.675,4.880,-22.000,-5.860,-13.900,-0.052,0.032,1.047,3.024,-3.830,-1.298,0.000,0.000,0.762,0.707,3,NULL,NULL,,0,0,0,7,255,0,250,0,0
baseline,3411,3411,0,198286.816,0.927,-0.234,-0.199,0.217,1703,441,2251,2259,2493,2409,940,2652,26,0.862,24,0,30.705,4.872,-26.220,-6.400,-14.640,-0.065,0.050,1.031,3.012,-3.830,-1.192,0.000,0.000,0.762,0.707,3,NULL,NULL,,0,0,0,7,255,0,250,0,0
baseline,3444,3444,0,198291.817,0.927,-0.232,-0.199,0.218,1638,445,2279,2205,2515,2405,979,2662,26,0.862,24,0,33.116,4.776,-28.180,-6.280,-16.220,-0.060,0.017,1.007,2.940,-3.764,-1.192,0.000,0.000,0.762,0.707,3,NULL,NULL,,0,0,0,7,255,0,250,0,0
baseline,3444,3444,0,198296.816,0.927,-0.231,-0.199,0.218,1587,443,2316,2143,2536,2405,1016,2675,26,0.862,24,0,32.495,4.675,-26.820,-6.220,-17.260,-0.063,-0.010,0.989,2.772,-3.764,-1.490,0.000,0.000,0.762,0.707,3,NULL,NULL,,0,0,0,7,255,0,250,0,0
baseline,3444,3444,0,198301.817,0.927,-0.230,-0.199,0.219,1478,443,2347,2087,2553,2403,1045,2685,26,0.862,24,0,30.448,4.641,-23.900,-6.580,-17.680,-0.065,-0.006,0.994,2.600,-3.844,-1.620,0.000,0.000,0.762,0.707,3,NULL,NULL,,0,0,0,7,255,0,250,0,0
baseline,3444,3444,0,198306.816,0.927,-0.229,-0.199,0.219,1383,441,2388,2009,2581,2396,1077,2701,26,0.862,24,0,27.869,4.641,-20.840,-6.820,-17.200,-0.063,0.010,1.004,2.600,-3.844,-1.620,0.000,0.000,0.762,0.707,3,NULL,NULL,,0,0,0,7,255,0,250,0,0
baseline,3445,3445,0,198311.817,0.927,-0.228,-0.199,0.220,1307,453,2418,1939,2600,2394,1123,2709,26,0.862,24,0,28.124,4.637,-20.900,-7.500,-17.260,-0.052,0.024,1.033,2.722,-3.754,-1.502,0.000,0.000,0.762,0.707,3,NULL,NULL,,0,0,0,7,255,0,250,0,0
baseline,3445,3445,0,198316.816,0.927,-0.227,-0.199,0.221,1251,453,2453,1850,2617,2389,1158,2719,26,0.862,24,0,31.193,4.773,-24.140,-7.440,-18.300,-0.050,0.026,1.032,2.968,-3.738,-1.268,0.000,0.000,0.762,0.707,3,NULL,NULL,,0,0,0,7,255,0,250,0,0
baseline,3456,3456,0,198321.817,0.928,-0.225,-0.199,0.221,1157,439,2479,1763,2634,2379,1183,2729,26,0.862,24,0,32.811,4.786,-26.700,-8.360,-17.140,-0.044,0.010,1.021,2.968,-3.754,-1.268,0.000,0.000,0.762,0.707,3,NULL,NULL,,0,0,0,7,255,0,250,0,0
baseline,3456,3456,0,198326.816,0.928,-0.224,-0.199,0.222,1064,427,2513,1655,2651,2375,1225,2743,26,0.862,24,0,33.746,4.806,-28.600,-8.660,-15.680,-0.044,-0.015,1.019,2.934,-3.806,-1.420,0.000,0.000,0.762,0.707,3,NULL,NULL,,0,0,0,7,255,0,250,0,0
baseline,3479,3479,0,198331.817,0.928,-0.222,-0.199,0.222,987,407,2538,1564,2669,2363,1256,2759,26,0.862,24,0,35.309,4.863,-30.920,-9.700,-14.020,-0.049,-0.010,1.030,2.848,-3.942,-1.420,0.000,0.000,0.762,0.707,3,NULL,NULL,,0,0,0,7,255,0,250,0,0
baseline,3479,3479,0,198336.816,0.928,-0.221,-0.199,0.223,883,394,2571,1469,2696,2357,1293,2771,26,0.862,24,0,35.707,4.846,-30.860,-10.060,-14.880,-0.076,0.019,1.013,2.818,-3.942,-1.344,0.000,0.000,0.762,0.707,3,NULL,NULL,,0,0,0,7,255,0,250,0,0
baseline,3479,3479,0,198341.817,0.929,-0.220,-0.199,0.223,823,367,2597,1380,2711,2345,1331,2777,26,0.862,24,0,33.359,4.528,-25.740,-12.260,-17.320,-0.067,0.063,0.999,2.848,-3.520,-1.344,0.000,0.000,0.762,0.707,3,NULL,NULL,,0,0,0,7,255,0,250,0,0
baseline,3479,3479,0,198346.816,0.929,-0.219,-0.199,0.224,727,311,2621,1268,2729,2335,1367,2787,26,0.862,24,0,31.731,4.434,-20.720,-11.720,-20.980,-0.032,0.049,1.000,2.946,-3.314,-1.352,0.000,0.000,0.762,0.707,3,NULL,NULL,,0,0,0,7,255,0,250,0,0
baseline,3479,3479,0,198351.817,0.929,-0.218,-0.199,0.225,613,301,2649,1160,2741,2339,1405,2789,26,0.862,24,0,26.601,4.590,-15.480,-12.880,-17.380,-0.013,0.013,1.048,3.176,-3.314,-1.352,0.000,0.000,0.762,0.707,3,NULL,NULL,,0,0,0,7,255,0,250,0,0
baseline,3479,3479,0,198356.816,0.929,-0.217,-0.198,0.225,498,251,2675,1042,2772,2299,1455,2807,26,0.862,24,0,29.382,5.057,-21.340,-14.100,-14.460,0.000,0.028,1.068,3.300,-3.832,-1.262,0.000,0.000,0.762,0.707,3,NULL,NULL,,0,0,0,7,255,0,250,0,0
baseline,3488,3488,0,198361.817,0.929,-0.215,-0.198,0.225,395,207,2696,893,2787,2280,1485,2811,26,0.862,24,0,34.296,5.217,-28.840,-13.720,-12.500,-0.013,0.063,1.058,3.540,-3.832,-1.108,0.000,0.000,0.762,0.707,3,NULL,NULL,,0,0,0,7,255,0,250,0,0
baseline,3488,3488,0,198366.816,0.930,-0.214,-0.198,0.226,301,181,2720,791,2803,2253,1523,2825,26,0.862,24,0,38.345,4.939,-31.960,-16.540,-13.240,-0.025,0.091,1.045,3.556,-3.428,-1.058,0.000,0.000,0.762,0.707,3,NULL,NULL,,0,0,0,7,255,0,250,0,0
baseline,3508,3508,0,198371.817,0.930,-0.212,-0.198,0.226,232,165,2742,701,2815,2218,1561,2833,26,0.862,24,0,41.172,4.705,-34.340,-18.540,-13.120,0.009,0.125,1.024,3.564,-3.072,-1.058,0.000,0.000,0.762,0.707,3,NULL,NULL,,0,0,0,7,255,0,250,0,0
baseline,3508,3508,0,198376.816,0.930,-0.210,-0.197,0.227,169,155,2761,611,2835,2187,1609,2840,26,0.862,24,0,50.236,4.699,-44.040,-20.140,-13.360,-0.091,-0.040,1.042,3.556,-3.072,-1.036,0.000,0.000,0.762,0.707,3,NULL,NULL,,0,0,0,7,255,0,250,0,0
baseline,3508,3508,0,198381.817,0.931,-0.210,-0.196,0.226,121,121,2781,595,2846,2141,1643,2845,26,0.862,24,0,28.534,4.548,-1.680,-28.060,4.900,-0.178,-0.126,1.159,2.414,-3.854,-1.028,0.000,0.000,0.762,0.707,3,NULL,NULL,,0,0,0,7,255,0,250,0,0
baseline,3508,3508,0,198386.816,0.931,-0.209,-0.195,0.227,73,115,2796,563,2861,2103,1673,2853,26,0.862,24,0,31.763,4.983,-1.200,-31.740,-0.060,-0.220,-0.208,1.291,1.638,-4.706,0.184,0.000,0.000,0.762,0.707,3,NULL,NULL,,0,0,0,7,255,0,250,0,0
baseline,3555,3555,0,198391.817,0.932,-0.209,-0.193,0.226,51,61,2809,562,2873,2073,1717,2860,26,0.862,24,0,44.363,4.983,9.000,-42.040,10.940,-0.215,-0.004,1.358,1.638,-4.706,1.346,0.000,0.000,0.762,0.707,3,NULL,NULL,,0,0,0,7,255,0,250,0,0
baseline,3555,3555,0,198396.816,0.932,-0.208,-0.191,0.226,34,43,2831,539,2890,2044,1769,2867,26,0.862,24,0,55.800,4.902,-32.320,-45.400,2.820,-0.061,0.107,1.290,2.408,-4.270,1.346,0.000,0.000,0.762,0.707,3,NULL,NULL,,0,0,0,7,255,0,250,0,0
baseline,3555,3555,0,198401.817,0.933,-0.205,-0.190,0.226,27,21,2844,523,2905,2035,1814,2870,26,0.862,24,0,64.989,5.032,-49.360,-42.160,3.120,-0.008,-0.037,1.049,3.014,-4.030,1.338,0.000,0.000,0.762,0.707,3,NULL,NULL,,0,0,0,7,255,0,250,0,0
baseline,3555,3555,0,198406.816,0.934,-0.204,-0.188,0.225,22,0,2859,486,2921,1993,1863,2878,26,0.862,24,0,65.027,5.032,-35.320,-49.620,22.780,-0.020,-0.117,0.977,3.014,-4.030,-1.228,0.000,0.000,0.762,0.707,3,NULL,NULL,,0,0,0,7,255,0,250,0,0
baseline,3555,3555,0,198411.817,0.935,-0.202,-0.186,0.224,0,0,2873,457,2933,1946,1894,2891,26,0.862,24,0,63.203,4.876,-19.200,-52.540,29.420,-0.112,-0.126,1.031,2.322,-4.288,-1.228,0.000,0.000,0.762,0.707,3,NULL,NULL,,0,0,0,7,255,0,250,0,0
baseline,3555,3555,0,198416.816,0.936,-0.202,-0.184,0.223,0,0,2892,379,2943,1895,1927,2892,26,0.862,24,0,60.286,4.595,-8.940,-54.680,23.760,-0.173,-0.106,1.066,1.650,-4.288,-1.086,0.000,0.000,0.762,0.707,3,NULL,NULL,,0,0,0,7,255,0,250,0,0
baseline,3555,3555,0,198421.817,0.936,-0.201,-0.181,0.223,0,0,2902,340,2957,1867,1949,2903,26,0.862,24,0,60.413,4.331,-2.900,-58.580,14.480,-0.150,-0.080,1.098,1.646,-4.006,-0.474,0.000,0.000,0.762,0.707,3,NULL,NULL,,0,0,0,7,255,0,250,0,0
baseline,3555,3555,0,198426.816,0.937,-0.201,-0.179,0.222,0,0,2915,293,2971,1831,1983,2907,26,0.862,24,0,62.263,4.301,-1.440,-61.520,9.480,-0.080,-0.053,1.108,1.646,-3.974,-0.346,0.000,0.000,0.762,0.707,3,NULL,NULL,,0,0,0,7,255,0,250,0,0
baseline,3557,3557,0,198431.817,0.938,-0.200,-0.176,0.222,0,0,2920,237,2981,1789,2012,2907,26,0.862,24,0,66.253,4.606,-4.980,-65.060,11.480,-0.023,-0.045,1.115,2.328,-3.974,-0.346,0.000,0.000,0.762,0.707,3,NULL,NULL,,0,0,0,7,255,0,250,0,0
baseline,3557,3557,0,198436.816,0.939,-0.200,-0.173,0.222,0,0,2923,153,2989,1717,2041,2913,26,0.862,24,0,69.973,4.970,-3.200,-67.200,19.240,-0.016,-0.052,1.129,2.800,-4.106,-0.362,0.000,0.000,0.762,0.707,3,NULL,NULL,,0,0,0,7,255,0,250,0,0
baseline,3568,3568,0,198441.817,0.939,-0.199,-0.170,0.221,0,0,2927,83,2997,1647,2067,2915,26,0.862,24,0,74.287,5.029,-1.260,-69.820,25.340,-0.037,-0.057,1.136,2.800,-4.178,-0.362,0.000,0.000,0.762,0.707,3,NULL,NULL,,0,0,0,7,255,0,250,0,0
baseline,3568,3568,0,198446.816,0.940,-0.198,-0.167,0.220,0,0,2933,27,3002,1600,2094,2920,26,0.862,24,0,77.023,4.911,-3.580,-72.860,24.720,-0.056,-0.026,1.139,2.582,-4.178,-0.208,0.000,0.000,0.762,0.707,3,NULL,NULL,,0,0,0,7,255,0,250,0,0
baseline,3584,3584,0,198451.817,0.941,-0.198,-0.164,0.220,0,0,2936,7,3015,1519,2123,2919,26,0.862,24,0,77.912,4.583,-4.860,-74.820,21.180,-0.059,-0.002,1.124,2.510,-3.834,-0.074,0.000,0.000,0.762,0.707,3,NULL,NULL,,0,0,0,7,255,0,250,0,0
baseline,3584,3584,0,198456.816,0.942,-0.197,-0.161,0.219,0,0,2939,0,3020,1431,2157,2919,26,0.862,24,0,80.501,4.341,-1.680,-78.300,18.620,-0.042,0.011,1.124,2.510,-3.542,-0.074,0.000,0.000,0.762,0.707,3,NULL,NULL,,0,0,0,7,255,0,250,0,0
baseline,3584,3584,0,198461.817,0.943,-0.197,-0.157,0.219,0,0,2939,0,3027,1363,2186,2917,26,0.862,24,0,82.785,4.362,5.040,-80.740,17.580,-0.041,0.015,1.148,2.628,-3.482,-0.074,0.000,0.000,0.762,0.707,3,NULL,NULL,,0,0,0,7,255,0,250,0,0
baseline,3584,3584,0,198466.816,0.944,-0.196,-0.154,0.218,0,0,2941,0,3029,1261,2217,2915,26,0.862,24,0,86.572,4.371,6.800,-83.800,20.640,-0.033,0.013,1.205,2.642,-3.482,0.160,0.000,0.000,0.762,0.707,3,NULL,NULL,,0,0,0,7,255,0,250,0,0
baseline,3600,3600,0,198471.817,0.944,-0.196,-0.150,0.218,0,0,2940,0,3036,1150,2247,2915,26,0.862,24,0,92.785,4.566,6.800,-89.100,24.980,-0.044,0.035,1.269,2.748,-3.646,0.662,0.000,0.000,0.762,0.707,3,NULL,NULL,,0,0,0,7,255,0,250,0,0
baseline,3600,3600,0,198476.816,0.945,-0.196,-0.145,0.217,0,0,2937,0,3039,1053,2275,2906,26,0.862,24,0,100.511,4.602,3.140,-95.940,29.800,-0.059,0.084,1.311,2.808,-3.646,1.352,0.000,0.000,0.762,0.707,3,NULL,NULL,,0,0,0,7,255,0,250,0,0
baseline,3616,3616,0,198481.817,0.946,-0.195,-0.141,0.216,0,0,2935,0,3045,928,2301,2901,26,0.862,24,0,107.901,4.371,-3.200,-103.260,31.140,-0.062,0.131,1.322,2.900,-3.270,1.910,0.000,0.000,0.762,0.707,3,NULL,NULL,,0,0,0,7,255,0,250,0,0
baseline,3616,3616,0,198486.816,0.948,-0.194,-0.136,0.215,0,0,2933,0,3047,823,2331,2889,26,0.862,24,0,115.374,4.165,-7.060,-110.280,33.160,-0.045,0.123,1.318,2.980,-2.910,2.080,0.000,0.000,0.762,0.707,3,NULL,NULL,,0,0,0,7,255,0,250,0,0
baseline,3648,3648,0,198491.817,0.949,-0.192,-0.131,0.214,0,0,2926,0,3048,725,2349,2874,26,0.862,24,0,123.742,4.165,-14.920,-116.820,37.980,-0.024,0.082,1.332,2.980,-2.910,2.096,0.000,0.000,0.762,0.707,3,NULL,NULL,,0,0,0,7,255,0,250,0,0
baseline,3648,3648,0,198496.816,0.950,-0.191,-0.126,0.212,0,0,2920,0,3051,651,2373,2857,26,0.862,24,0,132.566,4.408,-21.760,-122.920,44.620,-0.047,0.053,1.344,2.904,-3.316,2.096,0.000,0.000,0.762,0.707,3,NULL,NULL,,0,0,0,7,255,0,250,0,0
baseline,3648,3648,0,198501.817,0.952,-0.189,-0.121,0.210,0,0,2909,0,3051,581,2394,2841,26,0.862,24,0,141.082,4.142,-24.080,-130.240,48.600,-0.105,0.050,1.358,2.482,-3.316,2.266,0.000,0.000,0.762,0.707,3,NULL,NULL,,0,0,0,7,255,0,250,0,0
baseline,3648,3648,0,198506.816,0.953,-0.187,-0.115,0.209,0,0,2901,0,3050,489,2412,2813,26,0.862,24,0,148.959,3.732,-22.320,-139.160,48.220,-0.162,0.060,1.389,1.872,-3.228,2.596,0.000,0.000,0.762,0.707,3,NULL,NULL,,0,0,0,7,255,0,250,0,0
baseline,3648,3648,0,198511.817,0.955,-0.184,-0.109,0.207,0,0,2892,0,3050,397,2437,2787,26,0.862,24,0,153.663,3.230,-24.640,-146.780,38.220,-0.201,0.078,1.450,1.324,-2.946,3.090,0.000,0.000,0.762,0.707,3,NULL,NULL,,0,0,0,7,255,0,250,0,0
baseline,3648,3648,0,198516.816,0.956,-0.182,-0.102,0.207,0,0,2872,0,3047,363,2451,2741,26,0.862,24,0,155.464,2.894,-29.200,-151.480,19.240,-0.213,0.073,1.489,0.994,-2.718,3.822,0.000,0.000,0.762,0.707,3,NULL,NULL,,0,0,0,7,255,0,250,0,0
baseline,3664,3664,0,198521.817,0.957,-0.179,-0.096,0.207,0,0,2859,0,3044,310,2463,2697,26,0.862,24,0,159.265,2.822,-25.420,-157.160,4.460,-0.254,0.068,1.538,0.766,-2.716,4.238,0.000,0.000,0.762,0.707,3,NULL,NULL,,0,0,0,7,255,0,250,0,0
baseline,3664,3664,0,198526.816,0.958,-0.176,-0.089,0.208,0,0,2835,0,3035,233,2477,2649,26,0.862,24,0,169.068,2.729,-18.400,-167.960,-5.900,-0.242,-0.028,1.705,0.270,-2.716,4.806,0.000,0.000,0.762,0.707,3,NULL,NULL,,0,0,0,7,255,0,250,0,0
baseline,3664,3664,0,198531.817,0.959,-0.174,-0.082,0.209,0,0,2799,0,3019,199,2505,2585,26,0.862,24,0,176.399,3.820,-12.300,-175.600,-11.400,-0.269,-0.053,1.809,-0.010,-3.820,6.174,0.000,0.000,0.762,0.707,3,NULL,NULL,,0,0,0,7,255,0,250,0,0
baseline,3664,3664,0,198536.816,0.960,-0.171,-0.074,0.210,0,0,2763,0,3007,111,2490,2519,26,0.862,24,0,192.225,3.820,-26.460,-190.000,-12.260,-0.259,0.105,1.857,-0.010,-3.820,7.190,0.000,0.000,0.762,0.707,3,NULL,NULL,,0,0,0,7,255,0,250,0,0
baseline,3680,3680,0,198541.817,0.961,-0.167,-0.066,0.211,0,0,2713,0,2985,69,2491,2451,26,0.862,24,0,204.882,2.689,-38.480,-200.120,-21.160,-0.274,0.236,1.972,0.068,-2.688,7.948,0.000,0.000,0.762,0.707,3,NULL,NULL,,0,0,0,7,255,0,250,0,0
baseline,3680,3680,0,198546.816,0.962,-0.163,-0.057,0.213,0,0,2647,0,2951,30,2489,2360,26,0.862,24,0,220.332,1.596,-55.580,-211.480,-27.080,-0.274,0.368,1.979,0.296,-1.568,9.334,0.000,0.000,0.762,0.707,3,NULL,NULL,,0,0,0,7,255,0,250,0,0
baseline,3680,3680,0,198551.817,0.962,-0.159,-0.048,0.215,0,0,2573,0,2917,0,2489,2267,26,0.862,24,0,233.544,0.447,-58.200,-223.800,-32.700,-0.271,0.377,2.094,0.404,-0.192,9.650,0.000,0.000,0.762,0.707,3,NULL,NULL,,0,0,0,7,255,0,250,0,0
baseline,3680,3680,0,198556.816,0.963,-0.154,-0.039,0.217,0,0,2476,0,2853,0,2483,2155,26,0.862,24,0,237.804,0.577,-62.960,-226.560,-35.460,-0.246,0.481,2.272,0.566,-0.112,10.772,0.000,0.000,0.762,0.707,3,NULL,NULL,,0,0,0,7,255,0,250,0,0
baseline,3695,3695,0,198561.817,0.964,-0.148,-0.031,0.219,0,0,2360,0,2787,0,2473,1975,26,0.862,24,0,243.330,0.842,-82.920,-224.300,-44.980,-0.283,0.577,2.321,0.580,0.610,12.624,0.000,0.000,0.762,0.707,3,NULL,NULL,,0,0,0,7,255,0,250,0,0
baseline,3695,3695,0,198566.816,0.965,-0.142,-0.021,0.222,0,0,2189,0,2676,0,2457,1817,26,0.862,24,0,267.678,1.931,-103.360,-241.880,-49.620,-0.400,0.624,2.500,0.580,1.842,13.286,0.000,0.000,0.762,0.707,3,NULL,NULL,,0,0,0,7,255,0,250,0,0
baseline,3695,3695,0,198571.817,0.965,-0.134,-0.012,0.224,0,0,2039,0,2549,0,2425,1647,26,0.862,24,0,276.511,2.893,-115.760,-247.680,-41.380,-0.548,0.633,2.610,-0.564,2.838,15.144,0.000,0.000,0.762,0.707,3,NULL,NULL,,0,0,0,7,255,0,250,0,0
baseline,3695,3695,0,198576.816,0.966,-0.126,-0.003,0.226,0,0,1889,0,2397,0,2386,1451,26,0.862,24,0,306.324,4.417,-153.300,-261.780,-42.480,-0.681,0.542,2.628,-2.180,3.842,16.226,0.000,0.000,0.762,0.707,3,NULL,NULL,,0,0,0,7,255,0,250,0,0
baseline,3713,3713,0,198581.817,0.966,-0.115,0.007,0.230,0,0,1711,0,2237,0,2317,1272,26,0.862,24,0,348.747,5.603,-181.920,-286.920,-78.780,-0.700,0.254,2.683,-4.078,3.842,16.238,0.000,0.000,0.762,0.707,3,NULL,NULL,,0,0,0,7,255,0,250,0,0
baseline,3713,3713,0,198586.816,0.966,-0.104,0.018,0.234,0,0,1512,0,2059,0,2233,1097,26,0.862,24,0,366.548,6.330,-184.980,-303.100,-90.940,-0.633,0.015,2.681,-5.852,2.412,16.226,0.000,0.000,0.762,0.707,3,NULL,NULL,,0,0,0,7,255,0,250,0,0
baseline,3744,3744,0,198591.817,0.967,-0.091,0.028,0.238,0,0,1315,0,1871,0,2119,923,26,0.862,24,0,392.944,5.906,-231.000,-307.860,-79.160,-0.469,-0.036,2.309,-5.852,0.794,15.840,0.000,0.000,0.762,0.707,3,NULL,NULL,,0,0,0,7,255,0,250,0,0
baseline,3744,3744,0,198596.816,0.967,-0.077,0.039,0.241,0,0,1051,0,1647,0,1941,825,26,0.862,24,0,417.198,5.642,-257.420,-319.400,-75.980,-0.334,-0.037,1.707,-5.586,0.794,12.098,0.000,0.000,0.762,0.707,3,NULL,NULL,,0,0,0,7,255,0,250,0,0
baseline,3744,3744,0,198601.817,0.966,-0.064,0.051,0.244,0,0,845,0,1464,0,1727,757,26,0.862,24,0,412.577,4.269,-231.540,-335.860,-61.700,-0.154,-0.155,1.171,-4.220,0.648,6.188,0.000,0.000,0.762,0.707,3,NULL,NULL,,0,0,0,7,255,0,250,0,0
baseline,3744,3744,0,198606.816,0.966,-0.053,0.064,0.246,0,0,589,0,1225,0,1435,669,26,0.862,24,0,392.289,3.894,-153.420,-358.400,-43.620,-0.083,-0.483,0.932,-3.868,-0.450,0.966,0.000,0.000,0.762,0.707,3,NULL,NULL,,0,0,0,7,255,0,250,0,0
baseline,3744,3744,0,198611.817,0.965,-0.047,0.081,0.245,0,0,475,0,988,0,1095,625,26,0.862,24,0,405.292,5.089,-55.880,-401.420,-0.840,-0.017,-0.542,0.905,-3.802,-3.382,-1.416,0.000,0.000,0.762,0.707,3,NULL,NULL,,0,0,0,7,255,0,250,0,0
baseline,3744,3744,0,198616.816,0.964,-0.043,0.099,0.243,0,0,315,0,785,0,743,543,26,0.862,24,0,436.888,5.089,30.480,-435.360,20.100,-0.032,-0.290,1.233,-3.802,-3.382,-1.416,0.000,0.000,0.762,0.707,4,NULL,NULL,,0,0,0,7,255,0,250,0,0
baseline,3760,3760,0,198621.817,0.963,-0.042,0.119,0.239,0,0,187,0,565,0,425,395,26,0.862,24,0,453.495,4.054,94.880,-441.640,40.120,-0.213,0.036,1.747,-3.802,-1.408,1.470,0.000,0.000,0.762,0.707,4,NULL,NULL,,0,0,0,7,255,0,250,0,0
baseline,3760,3760,0,198626.816,0.961,-0.040,0.138,0.235,0,0,96,0,333,0,21,267,26,0.862,24,0,465.505,5.849,87.620,-451.960,68.920,-0.372,0.106,2.040,-5.142,2.788,5.912,0.000,0.000,0.762,0.707,4,NULL,NULL,,0,0,0,7,255,0,250,0,0
baseline,3760,3760,0,198631.817,0.960,-0.036,0.157,0.229,0,0,36,0,143,0,0,172,26,0.862,24,0,473.648,8.779,27.060,-459.960,109.760,-0.449,0.153,2.209,-7.496,4.570,8.030,0.000,0.000,0.762,0.707,4,NULL,NULL,,0,0,0,7,255,0,250,0,0
baseline,3760,3760,0,198636.816,0.959,-0.028,0.176,0.221,0,0,0,0,3,0,0,120,26,0.862,24,0,481.986,10.771,-43.300,-457.020,146.860,-0.624,0.214,1.911,-9.082,5.790,8.030,0.000,0.000,0.762,0.707,4,NULL,NULL,,0,0,0,7,255,0,250,0,0
baseline,3776,3776,0,198641.817,0.958,-0.019,0.194,0.212,0,0,0,0,0,0,0,44,26,0.862,24,0,529.111,12.211,-70.160,-481.020,208.940,-0.847,0.226,1.498,-9.964,7.058,5.234,0.000,0.000,0.762,0.707,4,NULL,NULL,,0,0,0,7,255,0,250,0,0
baseline,3776,3776,0,198646.816,0.956,-0.008,0.214,0.200,0,0,0,0,0,0,0,0,26,0.862,24,0,577.550,12.965,-68.880,-513.540,255.140,-0.919,0.322,1.199,-10.404,7.736,0.094,0.000,0.000,0.762,0.707,4,NULL,NULL,,0,0,0,7,255,0,250,0,0
baseline,3776,3776,0,198651.817,0.954,0.003,0.233,0.188,0,0,0,0,0,0,0,0,26,0.862,24,0,581.549,13.412,-100.980,-515.560,249.400,-0.734,0.788,0.969,-10.404,8.464,-3.492,0.000,0.000,0.762,0.707,4,NULL,NULL,,0,0,0,7,255,0,250,0,0
baseline,3776,3776,0,198656.816,0.951,0.016,0.249,0.183,0,0,0,0,0,0,0,0,26,0.862,24,0,501.199,13.266,-181.560,-446.960,135.880,-0.097,1.246,0.686,-6.462,11.586,-5.362,0.000,0.000,0.762,0.707,4,NULL,NULL,,0,0,0,7,255,0,250,0,0
baseline,3792,3792,0,198661.817,0.947,0.028,0.261,0.184,0,0,0,0,0,0,0,0,26,0.862,24,0,380.794,11.671,-212.680,-315.360,-17.880,0.347,0.828,0.443,1.410,11.586,-5.362,0.000,0.000,0.762,0.707,4,NULL,NULL,,0,0,0,7,255,0,250,0,0
baseline,3792,3792,0,198666.816,0.945,0.037,0.265,0.186,0,0,0,0,0,0,0,0,26,0.862,24,0,238.112,7.995,-194.000,-136.900,-17.880,0.383,0.261,0.272,2.988,7.416,-5.370,0.000,0.000,0.762,0.707,4,NULL,NULL,,0,0,0,7,255,0,250,0,0
baseline,3810,3810,0,198671.817,0.946,0.043,0.263,0.185,0,0,0,0,0,0,0,0,26,0.862,24,0,148.356,3.522,-121.260,5.740,85.280,0.060,0.086,0.178,2.988,1.864,-6.166,0.000,0.000,0.762,0.707,0,NULL,NULL,,0,0,0,7,255,0,250,0,0
baseline,3810,3810,0,198676.816,0.948,0.045,0.259,0.180,0,0,0,0,0,0,0,0,26,0.862,24,0,147.156,1.879,-38.180,68.060,124.760,-0.369,0.253,0.457,0.234,1.864,-8.542,0.000,0.000,0.762,0.707,0,NULL,NULL,,0,0,0,7,255,0,250,0,0
baseline,3810,3810,0,198681.817,0.950,0.047,0.254,0.178,0,0,0,0,0,0,0,0,26,0.862,24,0,153.447,5.947,-48.060,105.660,100.360,-0.691,0.369,0.924,-3.626,4.714,-8.542,0.000,0.000,0.762,0.707,0,NULL,NULL,,0,0,0,7,255,0,250,0,0
baseline,3810,3810,0,198686.816,0.952,0.050,0.246,0.177,0,0,0,0,0,0,0,0,26,0.862,24,0,206.165,11.131,-83.100,171.460,78.740,-0.828,0.430,0.926,-7.710,8.028,-7.050,0.000,0.000,0.762,0.707,0,NULL,NULL,,0,0,0,7,255,0,250,0,0
baseline,3845,3845,0,198691.817,0.954,0.054,0.236,0.177,0,0,0,0,0,0,0,0,26,0.862,24,0,235.832,11.131,-116.620,197.700,54.140,-0.761,0.357,0.619,-7.710,8.028,-7.050,0.000,0.000,0.762,0.707,0,NULL,NULL,,0,0,0,7,255,0,250,0,0
baseline,3845,3845,0,198696.816,0.956,0.058,0.227,0.178,0,0,0,0,0,0,0,0,26,0.862,24,0,235.020,10.048,-124.800,193.680,46.340,-0.591,0.253,0.357,-6.920,7.286,-9.098,0.000,0.000,0.762,0.707,0,NULL,NULL,,0,0,0,7,255,0,250,0,0
baseline,3845,3845,0,198701.817,0.958,0.061,0.218,0.178,0,0,0,0,0,0,0,0,26,0.862,24,0,229.367,7.094,-107.400,193.860,59.100,-0.479,0.194,0.139,-4.910,5.120,-10.290,0.000,0.000,0.762,0.707,0,NULL,NULL,,0,0,0,7,255,0,250,0,0
baseline,3845,3845,0,198706.816,0.960,0.064,0.209,0.177,0,0,0,0,0,0,0,0,26,0.862,24,0,218.929,4.976,-87.980,186.100,74.540,-0.463,0.160,-0.029,-3.418,3.616,-11.490,0.000,0.000,0.762,0.707,0,NULL,NULL,,0,0,0,7,255,0,250,0,0
baseline,3846,3846,0,198711.817,0.962,0.066,0.200,0.176,0,0,0,0,0,0,0,0,26,0.862,24,0,207.472,3.979,-69.980,176.040,84.600,-0.480,0.140,-0.118,-2.860,2.766,-12.772,0.000,0.000,0.762,0.707,0,NULL,NULL,,0,0,0,7,255,0,250,0,0
baseline,3846,3846,0,198716.816,0.963,0.067,0.192,0.174,0,0,0,0,0,0,0,0,26,0.862,24,0,196.711,3.695,-49.220,168.220,89.300,-0.498,0.119,-0.207,-2.840,2.364,-13.536,0.000,0.000,0.762,0.707,0,NULL,NULL,,0,0,0,7,255,0,250,0,0
baseline,3855,3855,0,198721.817,0.965,0.067,0.185,0.171,0,0,0,0,0,0,0,0,26,0.862,24,0,190.966,3.450,-21.820,166.760,90.460,-0.518,0.086,-0.244,-2.840,1.958,-14.300,0.000,0.000,0.762,0.707,0,NULL,NULL,,0,0,0,7,255,0,250,0,0
baseline,3855,3855,0,198726.816,0.967,0.066,0.177,0.169,0,0,0,0,0,0,0,0,26,0.862,24,0,192.937,3.485,14.800,170.480,89.120,-0.570,0.055,-0.219,-3.092,1.608,-14.464,0.000,0.000,0.762,0.707,0,NULL,NULL,,0,0,0,7,255,0,250,0,0
baseline,3855,3855,0,198731.817,0.969,0.063,0.169,0.166,0,0,0,0,0,0,0,0,26,0.862,24,0,199.267,4.130,50.020,175.000,81.120,-0.636,0.065,-0.105,-3.804,1.608,-14.464,0.000,0.000,0.762,0.707,0,NULL,NULL,,0,0,0,7,255,0,250,0,0
baseline,3855,3855,0,198736.816,0.971,0.059,0.162,0.164,0,0,0,0,0,0,0,0,26,0.862,24,0,201.168,5.199,72.100,176.100,65.260,-0.670,0.086,0.103,-4.726,2.166,-13.636,0.000,0.000,0.762,0.707,0,NULL,NULL,,0,0,0,7,255,0,250,0,0
baseline,3874,3874,0,198741.818,0.973,0.055,0.155,0.163,0,0,0,0,0,0,0,0,26,0.862,24,0,208.417,6.344,82.360,184.760,50.180,-0.668,0.083,0.305,-5.572,3.032,-11.822,0.000,0.000,0.762,0.707,0,NULL,NULL,,0,0,0,7,255,0,250,0,0
baseline,3874,3874,0,198746.816,0.975,0.050,0.147,0.162,0,0,0,0,0,0,0,0,26,0.862,24,0,214.274,7.066,82.600,193.800,39.140,-0.660,0.075,0.454,-6.128,3.518,-9.866,0.000,0.000,0.762,0.707,0,NULL,NULL,,0,0,0,7,255,0,250,0,0
baseline,3888,3888,0,198751.817,0.976,0.045,0.139,0.162,0,0,0,0,0,0,0,0,26,0.862,24,0,220.254,7.479,77.360,203.920,30.720,-0.664,0.078,0.564,-6.460,3.768,-8.328,0.000,0.000,0.762,0.707,0,NULL,NULL,,0,0,0,7,255,0,250,0,0
baseline,3888,3888,0,198756.816,0.977,0.041,0.130,0.162,0,0,0,0,0,0,0,0,26,0.862,24,0,227.107,7.843,70.040,215.100,20.100,-0.677,0.097,0.620,-6.724,4.038,-7.186,0.000,0.000,0.762,0.707,0,NULL,NULL,,0,0,0,7,255,0,250,0,0
baseline,3888,3888,0,198761.817,0.979,0.036,0.121,0.162,0,0,0,0,0,0,0,0,26,0.862,24,0,234.410,8.085,62.780,225.780,5.500,-0.679,0.105,0.646,-6.828,4.330,-6.576,0.000,0.000,0.762,0.707,0,NULL,NULL,,0,0,0,7,255,0,250,0,0
baseline,3888,3888,0,198766.816,0.980,0.032,0.111,0.164,0,0,0,0,0,0,0,0,26,0.862,24,0,243.887,8.085,57.580,236.700,-11.760,-0.644,0.096,0.646,-6.828,4.330,-6.188,0.000,0.000,0.762,0.707,0,NULL,NULL,,0,0,0,7,255,0,250,0,0
baseline,3910,3910,0,198771.817,0.980,0.028,0.101,0.166,0,0,0,0,0,0,0,0,26,0.862,24,0,254.863,7.706,54.900,247.380,-27.280,-0.572,0.072,0.613,-6.456,4.208,-5.908,0.000,0.000,0.762,0.707,0,NULL,NULL,,0,0,0,7,255,0,250,0,0
baseline,3910,3910,0,198776.816,0.981,0.023,0.091,0.169,0,0,0,0,0,0,0,0,26,0.862,24,0,262.901,6.818,54.600,254.280,-38.440,-0.481,0.060,0.602,-5.746,3.670,-5.860,0.000,0.000,0.762,0.707,0,NULL,NULL,,0,0,0,7,255,0,250,0,0
baseline,3910,3910,0,198781.817,0.982,0.018,0.081,0.172,0,0,0,0,0,0,0,0,26,0.862,24,0,273.793,5.817,58.320,263.680,-45.100,-0.398,0.051,0.583,-4.842,3.224,-5.608,0.000,0.000,0.762,0.707,0,NULL,NULL,,0,0,0,7,255,0,250,0,0
baseline,3910,3910,0,198786.816,0.982,0.013,0.070,0.176,0,0,0,0,0,0,0,0,26,0.862,24,0,282.538,4.879,65.020,270.640,-48.520,-0.339,0.042,0.565,-3.994,2.802,-5.490,0.000,0.000,0.762,0.707,0,NULL,NULL,,0,0,0,7,255,0,250,0,0
baseline,3938,3938,0,198791.817,0.982,0.008,0.059,0.179,0,0,0,0,0,0,0,0,26,0.862,24,0,290.560,4.163,74.420,276.320,-50.340,-0.298,0.039,0.569,-3.360,2.458,-5.428,0.000,0.000,0.762,0.707,0,NULL,NULL,,0,0,0,7,255,0,250,0,0
baseline,3938,3938,0,198796.816,0.982,0.002,0.048,0.182,0,0,0,0,0,0,0,0,26,0.862,24,0,298.971,3.658,86.140,281.800,-50.520,-0.250,-0.003,0.543,-2.896,2.234,-5.290,0.000,0.000,0.762,0.707,0,NULL,NULL,,0,0,0,7,255,0,250,0,0
baseline,3938,3938,0,198801.817,0.982,-0.005,0.037,0.185,0,0,0,0,0,0,0,0,26,0.862,24,0,305.792,3.329,100.920,284.500,-48.820,-0.288,0.038,0.601,-2.596,2.084,-5.224,0.000,0.000,0.762,0.707,0,NULL,NULL,,0,0,0,7,255,0,250,0,0
baseline,3938,3938,0,198806.816,0.982,-0.012,0.026,0.188,0,0,0,0,0,0,0,0,26,0.862,24,0,315.748,3.329,112.700,289.860,-54.560,-0.319,0.042,0.684,-2.596,2.084,-4.716,0.000,0.000,0.762,0.707,0,NULL,NULL,,0,0,0,7,255,0,250,0,0
baseline,3951,3951,0,198811.817,0.981,-0.020,0.014,0.192,0,0,0,0,0,0,0,0,26,0.862,24,0,323.725,3.329,123.860,292.740,-61.320,-0.274,0.035,0.738,-2.596,2.084,-3.842,0.000,0.000,0.762,0.707,0,NULL,NULL,,0,0,0,7,255,0,250,0,0
baseline,3951,3951,0,198816.816,0.980,-0.029,0.003,0.196,0,0,0,0,0,0,0,0,26,0.862,24,0,334.271,2.978,136.380,297.680,-67.260,-0.159,-0.015,0.778,-2.270,1.928,-3.194,0.000,0.000,0.762,0.707,0,NULL,NULL,,0,0,0,7,255,0,250,0,0
baseline,3951,3951,0,198821.817,0.979,-0.038,-0.009,0.199,0,0,0,0,0,0,0,0,26,0.862,24,0,343.823,1.570,151.220,301.760,-65.480,-0.065,-0.034,0.811,-1.260,0.936,-2.668,0.000,0.000,0.762,0.707,0,NULL,NULL,,0,0,0,7,255,0,250,0,0
baseline,3951,3951,0,198826.816,0.978,-0.048,-0.020,0.203,0,0,0,0,0,0,0,0,26,0.862,24,0,349.741,0.990,167.440,301.040,-60.480,0.006,0.114,0.927,-0.324,0.936,-2.302,0.000,0.000,0.762,0.707,0,NULL,NULL,,0,0,0,7,255,0,250,0,0
baseline,3951,3951,0,198831.818,0.976,-0.058,-0.031,0.206,0,0,0,0,0,0,0,0,26,0.862,24,0,352.803,1.566,177.280,299.760,-56.440,0.060,0.168,1.056,1.082,1.132,-1.206,0.000,0.000,0.762,0.707,0,NULL,NULL,,0,0,0,7,255,0,250,0,0
baseline,3951,3951,0,198836.816,0.975,-0.068,-0.041,0.209,0,0,0,0,0,0,0,0,26,0.862,24,0,348.061,2.309,177.820,295.120,-49.300,0.109,0.092,1.184,2.012,1.132,0.028,0.000,0.000,0.762,0.707,0,NULL,NULL,,0,0,0,7,255,0,250,0,0
baseline,3975,3975,0,198841.817,0.973,-0.078,-0.052,0.211,0,0,0,0,0,0,0,0,26,0.862,24,0,341.014,2.418,171.960,291.940,-38.620,0.157,0.033,1.296,2.418,-0.032,1.220,0.000,0.000,0.762,0.707,0,NULL,NULL,,0,0,0,7,255,0,250,0,0
baseline,3975,3975,0,198846.816,0.971,-0.088,-0.062,0.212,0,0,0,0,0,0,0,0,26,0.862,24,0,335.222,3.107,162.500,292.060,-25.860,0.153,0.053,1.372,2.904,-1.104,2.210,0.000,0.000,0.762,0.707,0,NULL,NULL,,0,0,0,7,255,0,250,0,0
baseline,3976,3976,0,198851.817,0.969,-0.097,-0.073,0.214,0,0,0,0,0,0,0,0,26,0.862,24,0,326.794,3.448,152.240,288.640,-17.440,0.115,0.086,1.441,3.236,-1.190,2.876,0.000,0.000,0.762,0.707,0,NULL,NULL,,0,0,0,7,255,0,250,0,0
baseline,3976,3976,0,198856.816,0.967,-0.105,-0.084,0.215,0,0,0,0,0,0,0,0,26,0.862,24,0,323.467,3.473,141.940,290.420,-11.840,0.069,0.071,1.515,3.236,-1.262,3.540,0.000,0.000,0.762,0.707,0,NULL,NULL,,0,0,0,7,255,0,250,0,0
baseline,3986,3986,0,198861.817,0.965,-0.113,-0.095,0.215,0,0,0,0,0,0,0,0,26,0.862,24,0,320.382,3.565,129.900,292.740,-8.600,0.023,0.031,1.559,3.216,-1.538,4.232,0.000,0.000,0.762,0.707,0,NULL,NULL,,0,0,0,7,255,0,250,0,0
baseline,3986,3986,0,198866.816,0.963,-0.120,-0.106,0.216,0,0,0,0,0,0,0,0,26,0.862,24,0,316.064,3.637,114.780,294.380,-7.920,-0.008,0.025,1.547,2.986,-2.076,4.486,0.000,0.000,0.762,0.707,0,NULL,NULL,,0,0,0,7,255,0,250,0,0
baseline,4000,4000,0,198871.817,0.961,-0.127,-0.117,0.216,0,0,0,0,0,0,0,0,26,0.862,24,0,310.308,3.756,101.900,292.980,-8.360,-0.032,0.025,1.550,2.986,-2.278,4.486,0.000,0.000,0.762,0.707,0,NULL,NULL,,0,0,0,7,255,0,250,0,0
baseline,4000,4000,0,198876.816,0.959,-0.133,-0.128,0.217,0,0,0,0,0,0,0,0,26,0.862,24,0,307.265,3.896,89.800,293.700,-9.380,-0.031,0.022,1.538,3.024,-2.456,4.470,0.000,0.000,0.762,0.707,0,NULL,NULL,,0,0,0,7,255,0,250,0,0
baseline,4015,4015,0,198881.817,0.956,-0.139,-0.140,0.217,0,0,0,0,0,0,0,0,26,0.862,24,0,304.729,4.266,82.480,293.160,-10.680,-0.026,-0.005,1.478,3.286,-2.720,4.250,0.000,0.000,0.762,0.707,0,NULL,NULL,,0,0,0,7,255,0,250,0,0
baseline,4015,4015,0,198886.816,0.953,-0.145,-0.151,0.218,0,0,0,0,0,0,0,0,26,0.862,24,0,303.613,4.515,84.560,291.440,-9.640,-0.028,-0.052,1.411,3.286,-3.096,3.536,0.000,0.000,0.762,0.707,0,NULL,NULL,,0,0,0,7,255,0,250,0,0
baseline,4047,4047,0,198891.817,0.950,-0.152,-0.163,0.218,0,0,0,0,0,0,0,0,26,0.862,24,0,302.546,4.842,95.920,286.820,-8.220,-0.048,-0.071,1.383,3.258,-3.582,2.756,0.000,0.000,0.762,0.707,0,NULL,NULL,,0,0,0,7,255,0,250,0,0
baseline,4047,4047,0,198896.816,0.947,-0.159,-0.173,0.219,0,0,0,0,0,0,0,0,26,0.862,24,0,303.732,5.037,110.380,282.780,-10.240,-0.063,-0.073,1.405,3.258,-3.842,2.530,0.000,0.000,0.762,0.707,0,NULL,NULL,,0,0,0,7,255,0,250,0,0
baseline,4047,4047,0,198901.817,0.944,-0.166,-0.184,0.219,0,0,0,0,0,0,0,0,26,0.862,24,0,305.194,5.298,123.740,278.580,-15.000,-0.067,-0.068,1.459,3.346,-4.108,2.530,0.000,0.000,0.762,0.707,0,NULL,NULL,,0,0,0,7,255,0,250,0,0
baseline,4047,4047,0,198906.816,0.940,-0.174,-0.194,0.220,0,0,0,0,0,0,0,0,26,0.862,24,0,307.543,5.804,135.960,275.040,-21.220,-0.041,-0.095,1.508,3.714,-4.460,2.900,0.000,0.000,0.762,0.707,0,NULL,NULL,,0,0,0,7,255,0,250,0,0
baseline,4047,4047,0,198911.817,0.936,-0.182,-0.204,0.222,0,0,0,0,0,0,0,0,26,0.862,24,0,314.082,6.674,149.680,275.100,-23.740,-0.003,-0.119,1.543,4.176,-5.206,2.950,0.000,0.000,0.762,0.707,0,NULL,NULL,,0,0,0,7,255,0,250,0,0
baseline,4047,4047,0,198916.816,0.932,-0.191,-0.214,0.223,0,0,0,0,0,0,0,0,26,0.862,24,0,324.201,7.574,168.840,275.400,-27.460,0.031,-0.108,1.591,4.692,-5.946,3.006,0.000,0.000,0.762,0.707,0,NULL,NULL,,0,0,0,7,255,0,250,0,0
baseline,4063,4063,0,198921.817,0.927,-0.201,-0.223,0.225,0,0,0,0,0,0,0,0,26,0.862,24,0,335.102,8.393,188.440,274.900,-34.840,0.081,-0.091,1.714,5.370,-6.450,3.006,0.000,0.000,0.762,0.707,0,NULL,NULL,,0,0,0,7,255,0,250,0,0
baseline,4063,4063,0,198926.816,0.922,-0.211,-0.233,0.228,0,0,0,0,0,0,0,0,26,0.862,24,0,343.406,9.703,203.020,273.260,-45.160,0.165,-0.061,1.848,6.444,-7.254,3.590,0.000,0.000,0.762,0.707,0,NULL,NULL,,0,0,0,7,255,0,250,0,0
baseline,4063,4063,0,198931.817,0.916,-0.222,-0.242,0.231,0,0,0,0,0,0,0,0,26,0.862,24,0,349.979,11.358,212.000,272.720,-56.260,0.324,-0.063,1.983,7.886,-8.174,3.992,0.000,0.000,0.762,0.707,0,NULL,NULL,,0,0,0,7,255,0,250,0,0
baseline,4063,4063,0,198936.816,0.910,-0.232,-0.251,0.234,0,0,0,0,0,0,0,0,26,0.862,24,0,353.012,13.739,218.340,270.400,-61.880,0.566,-0.098,2.064,9.756,-9.674,3.992,0.000,0.000,0.762,0.707,0,NULL,NULL,,0,0,0,7,255,0,250,0,0
baseline,4063,4063,0,198941.817,0.904,-0.243,-0.260,0.237,0,0,0,0,0,0,0,0,26,0.862,24,0,355.358,16.530,220.000,272.520,-60.100,0.743,-0.061,2.156,11.862,-11.512,2.870,0.000,0.000,0.762,0.707,0,NULL,NULL,,0,0,0,7,255,0,250,0,0
baseline,4063,4063,0,198946.816,0.898,-0.253,-0.269,0.240,0,0,0,0,0,0,0,0,26,0.862,24,0,344.846,18.706,220.600,258.920,-56.700,1.090,0.060,2.289,13.820,-12.606,2.202,0.000,0.000,0.762,0.707,0,NULL,NULL,,0,0,0,7,255,0,250,0,0
baseline,4080,4080,0,198951.817,0.892,-0.264,-0.276,0.243,0,0,0,0,0,0,0,0,26,0.862,24,0,343.556,22.321,234.280,245.360,-54.240,1.214,-0.014,2.458,17.582,-13.752,0.988,0.000,0.000,0.762,0.707,0,NULL,NULL,,0,0,0,7,255,0,250,0,0
baseline,4080,4080,0,198956.816,0.886,-0.274,-0.284,0.245,0,0,0,0,0,0,0,0,26,0.862,24,0,323.525,24.665,217.920,236.460,-35.580,1.376,-0.012,2.555,18.768,-16.004,0.748,0.000,0.000,0.762,0.707,0,NULL,NULL,,0,0,0,7,255,0,250,0,0
baseline,4096,4096,0,198961.817,0.880,-0.284,-0.290,0.246,0,0,0,0,0,0,0,0,26,0.862,24,0,294.555,26.743,195.040,219.860,-19.580,1.452,-0.026,2.603,20.330,-17.374,-0.148,0.000,0.000,0.762,0.707,0,NULL,NULL,,0,0,0,7,255,0,250,0,0
baseline,4096,4096,0,198966.816,0.875,-0.292,-0.297,0.247,0,0,0,0,0,0,0,0,26,0.862,24,0,265.811,27.832,166.660,207.040,-3.780,1.504,-0.013,2.569,20.970,-18.300,-0.934,0.000,0.000,0.762,0.707,0,NULL,NULL,,0,0,0,7,255,0,250,0,0
baseline,4096,4096,0,198971.817,0.871,-0.299,-0.303,0.246,0,0,0,0,0,0,0,0,26,0.862,24,0,243.817,27.832,140.780,198.920,7.640,1.515,-0.045,2.461,20.970,-18.300,-2.050,0.000,0.000,0.762,0.707,0,NULL,NULL,,0,0,0,7,255,0,250,0,0
baseline,4096,4096,0,198976.816,0.866,-0.306,-0.309,0.246,0,0,0,0,0,0,0,0,26,0.862,24,0,229.426,27.664,122.520,193.540,12.940,1.503,-0.066,2.305,20.760,-18.284,-3.498,0.000,0.000,0.762,0.707,0,NULL,NULL,,0,0,0,7,255,0,250,0,0
baseline,4112,4112,0,198981.817,0.862,-0.312,-0.315,0.245,0,0,0,0,0,0,0,0,26,0.862,24,0,219.101,26.614,111.180,188.540,9.840,1.521,-0.104,2.163,19.930,-17.638,-5.040,0.000,0.000,0.762,0.707,0,NULL,NULL,,0,0,0,7,255,0,250,0,0
baseline,4112,4112,0,198986.816,0.858,-0.318,-0.321,0.244,0,0,0,0,0,0,0,0,26,0.862,24,0,210.005,25.908,99.760,184.760,3.740,1.588,-0.175,2.058,19.268,-17.320,-6.682,0.000,0.000,0.762,0.707,0,NULL,NULL,,0,0,0,7,255,0,250,0,0
baseline,4144,4144,0,198991.817,0.854,-0.323,-0.327,0.244,0,0,0,0,0,0,0,0,26,0.862,24,0,204.069,25.621,87.620,184.280,-2.800,1.667,-0.260,1.947,18.880,-17.320,-8.480,0.000,0.000,0.762,0.707,0,NULL,NULL,,0,0,0,7,255,0,250,0,0
baseline,4144,4144,0,198996.816,0.850,-0.327,-0.334,0.243,0,0,0,0,0,0,0,0,26,0.862,24,0,198.809,25.395,74.680,184.140,-6.340,1.714,-0.396,1.778,18.440,-17.460,-10.426,0.000,0.000,0.762,0.707,0,NULL,NULL,,0,0,0,7,255,0,250,0,0
baseline,4145,4145,0,199001.817,0.846,-0.331,-0.340,0.243,0,0,0,0,0,0,0,0,26,0.862,24,0,191.053,25.395,74.060,175.540,-14.220,2.041,-0.387,1.631,18.440,-17.460,-12.660,0.000,0.000,0.762,0.707,0,NULL,NULL,,0,0,0,7,255,0,250,0,0
baseline,4145,4145,0,199006.816,0.842,-0.335,-0.346,0.243,0,0,0,0,0,0,0,0,26,0.862,24,0,183.030,24.374,67.040,169.920,-11.520,2.029,-0.537,1.501,17.204,-17.266,-16.224,0.000,0.000,0.762,0.707,0,NULL,NULL,,0,0,0,7,255,0,250,0,0
baseline,4145,4145,0,199011.817,0.839,-0.339,-0.351,0.242,0,0,0,0,0,0,0,0,26,0.862,24,0,171.906,24.173,62.900,159.980,-1.340,2.146,-0.615,1.277,17.070,-17.116,-17.788,0.000,0.000,0.762,0.707,0,NULL,NULL,,0,0,0,7,255,0,250,0,0
baseline,4145,4145,0,199016.816,0.836,-0.343,-0.356,0.241,0,0,0,0,0,0,0,0,26,0.862,24,0,160.871,23.230,70.400,144.540,5.620,2.211,-0.802,1.089,16.250,-16.600,-20.530,0.000,0.000,0.762,0.707,0,NULL,NULL,,0,0,0,7,255,0,250,0,0
baseline,4160,4160,0,199021.817,0.832,-0.347,-0.359,0.240,0,0,0,0,0,0,0,0,26,0.862,24,0,153.695,22.104,87.180,125.500,16.480,2.391,-0.902,0.971,14.596,-16.600,-23.008,0.000,0.000,0.762,0.707,0,NULL,NULL,,0,0,0,7,255,0,250,0,0
baseline,4160,4160,0,199026.816,0.829,-0.352,-0.362,0.240,0,0,0,0,0,0,0,0,26,0.862,24,0,152.715,22.056,104.460,107.120,30.580,2.309,-0.976,0.930,14.482,-16.636,-25.610,0.000,0.000,0.762,0.707,0,NULL,NULL,,0,0,0,7,255,0,250,0,0
baseline,4160,4160,0,199031.817,0.826,-0.358,-0.363,0.239,0,0,0,0,0,0,0,0,26,0.862,24,0,155.745,21.299,119.840,88.560,45.300,2.296,-0.931,0.915,13.300,-16.636,-25.738,0.000,0.000,0.762,0.707,0,NULL,NULL,,0,0,0,7,255,0,250,0,0
baseline,4160,4160,0,199036.816,0.823,-0.365,-0.364,0.238,0,0,0,0,0,0,0,0,26,0.862,24,0,159.170,21.047,133.260,70.380,51.220,2.254,-0.962,0.961,13.254,-16.350,-25.738,0.000,0.000,0.762,0.707,0,NULL,NULL,,0,0,0,7,255,0,250,0,0
baseline,4175,4175,0,199041.817,0.821,-0.371,-0.364,0.237,0,0,0,0,0,0,0,0,26,0.862,24,0,161.166,20.898,142.540,54.320,52.020,2.197,-1.032,1.033,13.016,-16.350,-25.562,0.000,0.000,0.762,0.707,0,NULL,NULL,,0,0,0,7,255,0,250,0,0
baseline,4175,4175,0,199046.816,0.818,-0.379,-0.362,0.237,0,0,0,0,0,0,0,0,26,0.862,24,0,208.858,21.201,191.240,29.300,78.680,1.771,-1.535,1.642,12.516,-17.112,-25.220,0.000,0.000,0.762,0.707,0,NULL,NULL,,0,0,0,7,255,0,250,0,0
baseline,4175,4175,0,199051.817,0.813,-0.403,-0.349,0.235,0,0,0,0,0,0,0,0,26,0.862,24,0,622.006,27.149,541.280,-84.720,294.500,2.037,-0.521,3.857,12.516,-24.092,-21.112,0.000,0.000,0.762,0.707,0,NULL,NULL,,0,0,0,7,255,0,250,0,0
baseline,4175,4175,0,199056.816,0.812,-0.413,-0.339,0.238,0,0,0,0,0,0,0,0,26,0.862,24,0,337.226,42.294,276.460,-170.580,90.520,1.474,-0.767,4.987,25.136,-34.014,-8.422,0.000,0.000,0.762,0.707,0,NULL,NULL,,0,0,0,7,255,0,250,0,0
baseline,4191,4191,0,199061.817,0.817,-0.406,-0.333,0.238,29,0,0,160,0,0,0,0,26,0.862,24,0,228.807,45.526,-134.000,-184.920,14.180,1.824,-0.248,4.469,26.542,-36.988,-1.600,0.000,0.000,0.762,0.707,0,NULL,NULL,,0,0,0,7,255,0,250,0,0
baseline,4191,4191,0,199066.816,0.828,-0.387,-0.330,0.235,173,0,0,394,0,45,0,0,26,0.862,24,0,515.304,45.484,-469.640,-211.660,-13.300,2.198,0.163,2.592,26.470,-36.988,-1.600,0.000,0.000,0.762,0.707,0,NULL,NULL,,0,0,0,7,255,0,250,0,0
baseline,4191,4191,0,199071.818,0.843,-0.363,-0.326,0.226,412,0,0,653,0,111,0,0,26,0.862,24,0,705.922,33.507,-646.940,-265.680,95.960,1.270,0.966,1.107,26.470,-20.544,-8.746,0.000,0.000,0.762,0.707,0,NULL,NULL,,0,0,0,7,255,0,250,0,0
baseline,4191,4191,0,199076.816,0.859,-0.342,-0.317,0.209,681,0,0,921,0,203,0,0,26,0.862,24,0,732.725,19.193,-602.460,-281.860,307.380,0.947,1.273,0.339,19.016,-2.600,-9.568,0.000,0.000,0.762,0.707,0,NULL,NULL,,0,0,0,7,255,0,250,0,0
baseline,4210,4210,0,199081.817,0.870,-0.332,-0.310,0.191,971,0,0,1191,0,286,0,0,26,0.862,24,0,556.678,15.021,-365.940,-168.520,384.160,0.490,0.237,0.101,15.010,0.564,-9.568,0.000,0.000,0.762,0.707,0,NULL,NULL,,0,0,0,7,255,0,250,0,0
baseline,4210,4210,0,199086.816,0.875,-0.335,-0.303,0.174,1338,0,0,1357,0,392,0,0,26,0.862,24,0,441.723,5.415,-51.120,-83.480,430.740,-0.711,-1.071,-1.260,5.386,0.564,-11.834,0.000,0.000,0.762,0.707,0,NULL,NULL,,0,0,0,7,255,0,250,0,0
baseline,4243,4243,0,199091.817,0.880,-0.339,-0.292,0.161,1589,0,0,1592,0,463,0,0,26,0.862,24,0,415.061,5.300,-3.520,-171.140,378.120,-1.024,0.465,0.104,-5.270,0.564,-11.834,0.000,0.000,0.762,0.707,0,NULL,NULL,,0,0,0,7,255,0,250,0,0
baseline,4243,4243,0,199096.816,0.881,-0.347,-0.283,0.154,1839,0,0,1781,0,523,0,10,26,0.862,24,0,319.539,6.636,142.300,-143.180,247.700,-0.858,3.042,1.255,-5.270,4.032,-1.504,0.000,0.000,0.762,0.707,0,NULL,NULL,,0,0,0,7,255,0,250,0,0
baseline,4244,4244,0,199101.817,0.881,-0.352,-0.277,0.150,2167,0,0,2099,0,589,0,35,26,0.862,24,0,208.658,15.595,110.020,-92.880,151.020,-1.391,3.005,1.879,8.974,12.754,16.468,0.000,0.000,0.762,0.707,0,NULL,NULL,,0,0,0,7,255,0,250,0,0
baseline,4244,4244,0,199106.816,0.884,-0.356,-0.267,0.142,2389,0,0,2381,0,616,0,71,26,0.862,24,0,313.051,15.595,45.740,-163.620,262.940,-2.268,-0.085,2.284,8.974,12.754,16.842,0.000,0.000,0.762,0.707,0,NULL,NULL,,0,0,0,7,255,0,250,0,0
baseline,4245,4245,0,199111.817,0.892,-0.343,-0.261,0.139,2531,0,0,2551,0,671,0,125,26,0.862,24,0,391.350,16.036,-331.080,-202.940,48.540,-2.405,-1.119,2.419,-9.602,-12.844,16.842,0.000,0.000,0.762,0.707,0,NULL,NULL,,0,0,0,7,255,0,250,0,0
baseline,4245,4245,0,199116.816,0.899,-0.324,-0.259,0.141,2662,0,0,2709,0,739,0,265,26,0.862,24,0,462.513,16.843,-415.860,-148.680,-137.380,-1.551,-0.188,0.591,-10.896,-12.844,13.994,0.000,0.000,0.762,0.707,0,NULL,NULL,,0,0,0,7,255,0,250,0,0
baseline,4256,4256,0,199121.817,0.902,-0.310,-0.259,0.154,2751,0,0,2815,0,809,0,423,26,0.862,24,0,444.974,11.358,-255.840,-123.400,-342.520,-0.714,0.503,0.173,-10.896,-3.206,1.328,0.000,0.000,0.762,0.707,0,NULL,NULL,,0,0,0,7,255,0,250,0,0
baseline,4256,4256,0,199126.816,0.902,-0.298,-0.259,0.172,2841,0,0,2915,0,866,0,553,26,0.862,24,0,496.361,3.226,-143.460,-110.040,-462.260,0.133,0.200,0.518,-2.960,-1.282,-3.214,0.000,0.000,0.762,0.707,0,NULL,NULL,,0,0,0,7,255,0,250,0,0
baseline,4256,4256,0,199131.817,0.900,-0.291,-0.261,0.191,2907,0,23,2984,59,1067,0,809,26,0.862,24,0,474.539,4.311,-57.600,-62.240,-466.900,1.430,-0.634,1.101,4.116,-1.282,-6.464,0.000,0.000,0.762,0.707,0,NULL,NULL,,0,0,0,7,255,0,250,0,0
baseline,4256,4256,0,199136.816,0.897,-0.285,-0.264,0.209,2967,0,238,3059,275,1199,0,981,26,0.862,24,0,436.269,18.779,-3.020,-19.100,-435.840,2.842,-1.012,1.952,12.840,-13.704,-12.184,0.000,0.000,0.762,0.707,1,1246.000,1246.000,,0,0,0,7,255,0,250,0,0
baseline,4288,4288,0,199141.817,0.895,-0.283,-0.268,0.219,3011,0,413,3110,651,1379,0,1175,26,0.862,24,0,267.127,29.002,-4.680,51.160,-262.140,2.490,-1.818,1.270,14.960,-24.846,-15.070,0.000,0.000,0.762,0.707,1,NULL,NULL,,0,0,0,7,255,0,250,0,0
baseline,4288,4288,0,199146.816,0.896,-0.281,-0.268,0.215,3032,0,551,3144,815,1498,0,1299,26,0.862,24,0,111.415,29.002,-64.800,-3.100,90.580,1.754,-0.890,1.026,14.960,-24.846,-15.412,0.000,0.000,0.762,0.707,1,NULL,NULL,,0,0,0,7,255,0,250,0,0
baseline,4288,4288,0,199151.817,0.899,-0.279,-0.266,0.206,3051,0,717,3165,919,1583,0,1355,26,0.862,24,0,218.054,21.238,-95.620,-30.640,193.560,0.284,0.209,1.071,13.204,-16.634,-15.412,0.000,0.000,0.762,0.707,1,NULL,NULL,,0,0,0,7,255,0,250,0,0
baseline,4288,4288,0,199156.816,0.902,-0.276,-0.264,0.200,3077,22,841,3181,1003,1641,0,1401,26,0.862,24,0,168.397,8.742,-100.320,-39.360,129.400,-0.660,-0.076,1.009,7.562,-4.386,-3.280,0.000,0.000,0.762,0.707,1,NULL,NULL,,0,0,0,7,255,0,250,0,0
baseline,4289,4289,0,199161.817,0.903,-0.274,-0.264,0.198,3087,67,951,3191,1085,1677,0,1437,33,0.862,25,0,85.744,4.568,-75.220,-20.020,35.960,-0.928,-0.645,0.946,-1.278,-4.386,0.026,0.000,0.000,0.762,0.707,1,NULL,NULL,,0,0,0,7,255,0,250,0,0
baseline,4289,4289,0,199166.817,0.904,-0.272,-0.265,0.199,3093,109,1059,3199,1181,1735,0,1499,33,0.862,25,0,54.683,9.978,-40.680,7.520,-35.760,-0.599,-0.875,0.554,-6.170,-7.842,0.026,0.000,0.000,0.762,0.707,1,NULL,NULL,,0,0,0,7,255,0,250,0,0
baseline,4308,4308,0,199171.817,0.903,-0.271,-0.265,0.201,3097,134,1111,3209,1235,1757,0,1571,33,0.862,25,0,56.310,9.978,6.320,-13.180,-54.380,-0.155,-0.403,0.529,-6.170,-7.842,-5.378,0.000,0.000,0.762,0.707,1,NULL,NULL,,0,0,0,7,255,0,250,0,0
baseline,4308,4308,0,199176.816,0.902,-0.273,-0.264,0.204,3101,140,1151,3212,1287,1789,0,1631,33,0.862,25,0,75.315,5.544,51.060,-9.400,-54.560,0.087,0.230,0.913,-0.728,-5.496,-5.378,0.000,0.000,0.762,0.707,1,NULL,NULL,,0,0,0,7,255,0,250,0,0
baseline,4308,4308,0,199181.817,0.901,-0.274,-0.264,0.206,3101,169,1203,3213,1323,1815,0,1661,33,0.862,25,0,65.906,6.951,55.320,-0.540,-35.820,0.230,0.250,1.146,5.528,-4.214,-3.226,0.000,0.000,0.762,0.707,1,NULL,NULL,,0,0,0,7,255,0,250,0,0
baseline,4308,4308,0,199186.817,0.901,-0.275,-0.264,0.206,3109,178,1213,3215,1364,1831,0,1699,33,0.862,25,0,22.108,7.262,19.500,-2.120,10.200,0.236,-0.205,1.241,5.914,-4.214,-2.920,0.000,0.000,0.762,0.707,2,NULL,NULL,,0,0,0,7,255,0,250,0,0
baseline,4340,4340,0,199191.817,0.902,-0.275,-0.263,0.204,3111,183,1225,3215,1387,1849,0,1723,33,0.862,25,0,57.013,10.270,-21.040,-0.960,52.980,0.026,-0.513,1.062,5.914,-8.396,-2.920,0.000,0.000,0.762,0.707,2,NULL,NULL,,0,0,0,7,255,0,250,0,0
baseline,4340,4340,0,199196.817,0.903,-0.275,-0.263,0.201,3131,187,1223,3215,1405,1881,0,1756,33,0.862,25,0,61.543,8.676,-23.600,-2.560,56.780,-0.244,-0.322,0.788,2.188,-8.396,-3.986,0.000,0.000,0.762,0.707,2,NULL,NULL,,0,0,0,7,255,0,250,0,0
baseline,4353,4353,0,199201.817,0.903,-0.275,-0.263,0.200,3117,188,1213,3214,1427,1900,0,1785,33,0.862,25,0,27.602,6.017,10.400,-2.920,25.400,-0.284,0.027,0.712,0.910,-5.948,-3.986,0.000,0.000,0.762,0.707,2,NULL,NULL,,0,0,0,7,255,0,250,0,0
baseline,4353,4353,0,199206.816,0.902,-0.277,-0.262,0.201,3117,197,1204,3211,1439,1915,0,1811,33,0.862,25,0,46.898,2.851,46.840,-2.060,1.100,-0.145,0.173,0.891,0.910,-2.702,-3.272,0.000,0.000,0.762,0.707,2,NULL,NULL,,0,0,0,7,255,0,250,0,0
baseline,4353,4353,0,199211.817,0.902,-0.279,-0.262,0.201,3123,211,1193,3211,1447,1933,0,1828,33,0.862,25,0,51.082,4.298,51.060,0.120,1.480,-0.022,0.163,1.169,3.342,-2.702,-2.270,0.000,0.000,0.762,0.707,2,NULL,NULL,,0,0,0,7,255,0,250,0,0
baseline,4353,4353,0,199216.816,0.902,-0.280,-0.261,0.201,3123,216,1176,3207,1463,1959,0,1854,33,0.862,25,0,28.210,6.917,23.760,0.500,15.200,-0.037,0.104,1.257,5.250,-4.504,-0.910,0.000,0.000,0.762,0.707,2,NULL,NULL,,0,0,0,7,255,0,250,0,0
baseline,4375,4375,0,199221.817,0.902,-0.280,-0.261,0.200,3123,215,1171,3205,1489,1965,0,1879,33,0.862,25,0,21.652,7.132,-5.720,-0.360,20.880,-0.129,0.083,1.149,5.250,-4.828,-0.714,0.000,0.000,0.762,0.707,2,NULL,NULL,,0,0,0,7,255,0,250,0,0
baseline,4375,4375,0,199226.817,0.902,-0.280,-0.261,0.199,3121,223,1170,3195,1503,1973,0,1896,33,0.862,25,0,16.614,6.281,-11.500,0.500,11.980,-0.180,0.112,0.973,4.018,-4.828,-0.714,0.000,0.000,0.762,0.707,2,NULL,NULL,,0,0,0,7,255,0,250,0,0
baseline,4375,4375,0,199231.817,0.902,-0.280,-0.261,0.199,3123,219,1151,3186,1516,1991,0,1906,33,0.862,25,0,4.895,4.721,4.660,1.480,-0.240,-0.154,0.123,0.900,3.080,-3.578,-1.660,0.000,0.000,0.762,0.707,2,NULL,NULL,,0,0,0,7,255,0,250,0,0
baseline,4375,4375,0,199236.816,0.902,-0.281,-0.261,0.200,3119,223,1151,3189,1525,1997,0,1920,33,0.862,25,0,20.121,4.721,19.320,0.500,-5.600,-0.095,0.134,1.000,3.080,-3.578,-1.862,0.000,0.000,0.762,0.707,2,NULL,NULL,,0,0,0,7,255,0,250,0,0
baseline,4375,4375,0,199241.817,0.901,-0.282,-0.261,0.200,3119,231,1161,3187,1543,2012,0,1941,33,0.862,25,0,19.138,5.437,18.760,1.540,-3.460,-0.069,0.153,1.094,3.944,-3.742,-1.862,0.000,0.000,0.762,0.707,2,NULL,NULL,,0,0,0,7,255,0,250,0,0
baseline,4375,4375,0,199246.817,0.901,-0.282,-0.261,0.200,3117,237,1163,3183,1556,2027,0,1949,33,0.862,25,0,7.144,6.163,7.100,-0.720,0.320,-0.082,0.164,1.111,4.584,-4.120,-1.246,0.000,0.000,0.762,0.707,2,NULL,NULL,,0,0,0,7,255,0,250,0,0
baseline,4379,4379,0,199251.817,0.901,-0.282,-0.261,0.200,3115,243,1173,3178,1561,2057,0,1963,33,0.862,25,0,0.936,6.163,0.280,-0.240,0.860,-0.086,0.166,1.042,4.584,-4.120,-1.246,0.000,0.000,0.762,0.707,2,NULL,NULL,,0,0,0,7,255,0,250,0,0
baseline,4379,4379,0,199256.817,0.901,-0.282,-0.261,0.200,3125,249,1179,3180,1577,2063,0,1976,33,0.862,25,0,3.097,5.709,2.840,-1.100,0.560,-0.069,0.144,0.997,4.312,-3.742,-1.500,0.000,0.000,0.762,0.707,2,NULL,NULL,,0,0,0,7,255,0,250,0,0
baseline,4400,4400,0,199261.817,0.901,-0.282,-0.261,0.200,3113,265,1183,3181,1593,2077,0,1996,33,0.862,25,0,8.130,5.627,7.900,-0.720,1.780,-0.053,0.115,1.009,4.202,-3.742,-2.006,0.000,0.000,0.762,0.707,2,NULL,NULL,,0,0,0,7,255,0,250,0,0
baseline,4400,4400,0,199266.816,0.901,-0.283,-0.261,0.200,3109,279,1189,3176,1609,2091,0,2011,33,0.862,25,0,9.674,5.850,7.900,-0.960,5.500,-0.056,0.096,1.040,4.202,-4.070,-2.006,0.000,0.000,0.762,0.707,2,NULL,NULL,,0,0,0,7,255,0,250,0,0
baseline,4400,4400,0,199271.817,0.901,-0.283,-0.260,0.200,3101,287,1190,3175,1627,2105,0,2030,33,0.862,25,0,10.476,6.035,5.040,-0.660,9.160,-0.091,0.091,1.039,4.202,-4.332,-1.914,0.000,0.000,0.762,0.707,2,NULL,NULL,,0,0,0,7,255,0,250,0,0
baseline,4400,4400,0,199276.817,0.901,-0.283,-0.260,0.199,3097,293,1199,3171,1645,2119,0,2045,33,0.862,25,0,11.165,5.829,4.660,-1.160,10.080,-0.130,0.096,1.017,3.900,-4.332,-1.738,0.000,0.000,0.762,0.707,2,NULL,NULL,,0,0,0,7,255,0,250,0,0
baseline,4416,4416,0,199281.817,0.901,-0.284,-0.260,0.199,3089,294,1209,3164,1661,2129,0,2067,33,0.862,25,0,10.149,5.416,6.800,-1.940,7.280,-0.157,0.106,1.020,3.534,-4.104,-1.672,0.000,0.000,0.762,0.707,2,NULL,NULL,,0,0,0,7,255,0,250,0,0
baseline,4416,4416,0,199286.817,0.901,-0.284,-0.260,0.199,3080,316,1227,3161,1675,2140,0,2077,33,0.862,25,0,8.996,5.358,8.020,-2.620,3.120,-0.149,0.100,1.030,3.444,-4.104,-1.468,0.000,0.000,0.762,0.707,2,NULL,NULL,,0,0,0,7,255,0,250,0,0
baseline,4448,4448,0,199291.817,0.901,-0.284,-0.260,0.199,3067,325,1245,3157,1689,2152,0,2094,33,0.862,25,0,7.840,5.359,7.040,-3.220,1.240,-0.131,0.079,1.034,3.444,-4.106,-1.468,0.000,0.000,0.762,0.707,2,NULL,NULL,,0,0,0,7,255,0,250,0,0
baseline,4448,4448,0,199296.816,0.901,-0.285,-0.259,0.199,3055,331,1275,3147,1711,2159,0,2107,33,0.862,25,0,6.593,5.540,5.280,-3.660,1.480,-0.127,0.032,1.010,3.444,-4.340,-1.600,0.000,0.000,0.762,0.707,2,NULL,NULL,,0,0,0,7,255,0,250,0,0
baseline,4448,4448,0,199301.817,0.901,-0.285,-0.259,0.199,3045,333,1293,3135,1738,2165,0,2125,33,0.862,25,0,6.231,5.613,4.360,-4.440,0.320,-0.130,-0.011,0.992,3.214,-4.602,-1.946,0.000,0.000,0.762,0.707,2,NULL,NULL,,0,0,0,7,255,0,250,0,0
baseline,4448,4448,0,199306.816,0.901,-0.285,-0.259,0.200,3030,341,1310,3127,1765,2174,0,2142,33,0.862,25,0,7.629,5.666,5.460,-4.640,-2.620,-0.124,-0.039,0.964,2.920,-4.856,-2.204,0.000,0.000,0.762,0.707,2,NULL,NULL,,0,0,0,7,255,0,250,0,0
baseline,4448,4448,0,199311.817,0.901,-0.285,-0.259,0.200,3016,342,1321,3114,1785,2189,0,2149,33,0.862,25,0,11.147,5.712,8.820,-4.880,-4.760,-0.099,-0.044,0.950,2.840,-4.956,-2.532,0.000,0.000,0.762,0.707,2,NULL,NULL,,0,0,0,7,255,0,250,0,0
baseline,4448,4448,0,199316.816,0.901,-0.286,-0.259,0.200,2999,343,1327,3099,1809,2199,0,2169,33,0.862,25,0,14.489,5.735,13.080,-5.300,-3.280,-0.073,-0.037,0.951,2.840,-4.982,-2.796,0.000,0.000,0.762,0.707,2,NULL,NULL,,0,0,0,7,255,0,250,0,0
baseline,4463,4463,0,199321.817,0.901,-0.286,-0.258,0.200,2980,342,1337,3087,1828,2205,0,2185,33,0.862,25,0,17.204,5.854,16.020,-6.160,1.180,-0.075,-0.009,0.969,3.074,-4.982,-2.796,0.000,0.000,0.762,0.707,2,NULL,NULL,,0,0,0,7,255,0,250,0,0
baseline,4463,4463,0,199326.816,0.901,-0.287,-0.258,0.200,2963,339,1343,3076,1845,2213,0,2203,33,0.862,25,0,18.538,5.852,16.620,-7.080,4.160,-0.102,0.029,0.993,3.244,-4.870,-2.678,0.000,0.000,0.762,0.707,2,NULL,NULL,,0,0,0,7,255,0,250,0,0
baseline,4463,4463,0,199331.817,0.901,-0.287,-0.257,0.200,2940,339,1354,3053,1853,2221,0,2213,33,0.862,25,0,18.545,5.683,16.260,-7.920,4.100,-0.122,0.073,1.010,3.290,-4.634,-2.228,0.000,0.000,0.762,0.707,2,NULL,NULL,,0,0,0,7,255,0,250,0,0
baseline,4464,4464,0,199336.816,0.901,-0.288,-0.257,0.201,2919,339,1364,3031,1877,2232,4,2235,33,0.862,25,0,17.666,5.501,15.600,-8.240,0.920,-0.124,0.112,1.025,3.382,-4.338,-1.848,0.000,0.000,0.762,0.707,2,NULL,NULL,,0,0,0,7,255,0,250,0,0
baseline,4464,4464,0,199341.817,0.900,-0.289,-0.256,0.201,2905,335,1381,3020,1897,2235,47,2249,33,0.862,25,0,17.223,5.461,14.860,-8.540,-1.700,-0.111,0.142,1.038,3.598,-4.108,-1.594,0.000,0.000,0.762,0.707,2,NULL,NULL,,0,0,0,7,255,0,250,0,0
baseline,4464,4464,0,199346.817,0.900,-0.289,-0.256,0.201,2885,341,1425,3015,1915,2249,63,2267,33,0.862,25,0,15.600,5.563,13.020,-8.060,-2.980,-0.091,0.155,1.053,3.864,-4.002,-1.470,0.000,0.000,0.762,0.707,2,NULL,NULL,,0,0,0,7,255,0,250,0,0
baseline,4480,4480,0,199351.817,0.900,-0.289,-0.255,0.202,2861,344,1449,2987,1937,2255,91,2283,33,1.021,25,0,12.863,5.708,10.160,-7.020,-3.600,-0.093,0.151,1.048,4.070,-4.002,-1.462,0.000,0.000,1.755,1.087,3,NULL,NULL,,0,0,0,7,255,0,250,0,0
baseline,4480,4480,0,199356.816,0.900,-0.289,-0.255,0.202,2835,343,1477,2965,1961,2268,133,2301,33,1.021,25,0,11.245,5.715,6.740,-6.900,-5.780,-0.087,0.136,1.043,4.070,-4.012,-1.462,0.022,0.004,1.755,1.087,3,NULL,NULL,,0,0,0,7,255,0,250,0,0
baseline,4495,4495,0,199361.817,0.900,-0.289,-0.255,0.202,2809,339,1501,2941,1989,2277,171,2327,33,1.021,25,0,10.666,5.753,4.480,-5.300,-8.100,-0.077,0.110,1.023,4.016,-4.120,-1.580,0.044,0.006,1.755,1.087,3,NULL,NULL,,0,0,0,7,255,0,250,0,0
baseline,4495,4495,0,199366.817,0.900,-0.289,-0.255,0.203,2780,345,1544,2923,2009,2286,204,2343,33,1.021,25,0,10.438,5.767,3.440,-5.120,-8.420,-0.071,0.078,1.008,3.904,-4.244,-1.872,0.066,0.010,1.755,1.087,3,NULL,NULL,,0,0,0,7,255,0,250,0,0
baseline,4495,4495,0,199371.817,0.900,-0.289,-0.255,0.203,2759,345,1575,2905,2031,2290,217,2360,33,1.021,25,0,10.022,5.801,2.280,-4.500,-8.660,-0.074,0.051,1.005,3.734,-4.440,-2.120,0.088,0.012,1.755,1.087,3,NULL,NULL,,0,0,0,7,255,0,250,0,0
baseline,4495,4495,0,199376.817,0.900,-0.289,-0.255,0.204,2729,359,1611,2890,2057,2293,250,2376,33,1.021,25,0,10.794,5.834,0.940,-5.000,-9.520,-0.086,0.048,1.003,3.572,-4.612,-2.168,0.110,0.014,1.755,1.087,3,NULL,NULL,,0,0,0,7,255,0,250,0,0
baseline,4512,4512,0,199381.817,0.900,-0.289,-0.254,0.204,2697,361,1641,2873,2083,2298,277,2391,33,1.021,25,0,11.075,5.801,-0.040,-4.500,-10.120,-0.089,0.063,1.007,3.518,-4.612,-2.168,0.132,0.018,1.755,1.087,3,NULL,NULL,,0,0,0,7,255,0,250,0,0
baseline,4512,4512,0,199386.816,0.900,-0.289,-0.254,0.205,2667,370,1691,2856,2103,2303,333,2405,33,1.021,25,0,11.731,5.721,-0.700,-4.380,-10.860,-0.087,0.075,1.015,3.518,-4.512,-2.072,0.156,0.020,1.755,1.087,3,NULL,NULL,,0,0,0,7,255,0,250,0,0
baseline,4544,4544,0,199391.817,0.900,-0.289,-0.254,0.205,2639,368,1719,2841,2123,2309,357,2421,33,1.021,25,0,11.387,5.736,-2.040,-3.960,-10.480,-0.097,0.089,1.024,3.610,-4.458,-1.984,0.178,0.020,1.755,1.087,3,NULL,NULL,,0,0,0,7,255,0,250,0,0
baseline,4544,4544,0,199396.817,0.900,-0.288,-0.254,0.205,2601,363,1749,2821,2149,2315,398,2431,33,1.021,25,0,14.978,5.736,-6.320,-3.720,-13.060,-0.119,0.083,1.044,3.610,-4.458,-1.812,0.204,0.022,1.755,1.087,3,NULL,NULL,,0,0,0,7,255,0,250,0,0
baseline,4544,4544,0,199401.817,0.900,-0.288,-0.254,0.206,2567,373,1798,2793,2169,2323,435,2453,33,1.021,25,0,21.026,5.678,-12.120,-4.200,-16.660,-0.114,0.065,1.043,3.506,-4.466,-1.650,0.226,0.024,1.755,1.087,3,NULL,NULL,,0,0,0,7,255,0,250,0,0
baseline,4544,4544,0,199406.816,0.900,-0.287,-0.254,0.207,2525,375,1837,2775,2191,2328,489,2467,33,1.021,25,0,26.303,5.708,-16.400,-5.480,-19.820,-0.106,0.052,1.010,3.468,-4.534,-1.650,0.250,0.026,1.755,1.087,3,NULL,NULL,,0,0,0,7,255,0,250,0,0
baseline,4544,4544,0,199411.817,0.900,-0.286,-0.255,0.207,2486,397,1880,2750,2213,2331,525,2479,33,1.021,25,0,28.190,5.752,-17.120,-5.920,-21.600,-0.087,0.043,1.010,3.456,-4.598,-1.970,0.272,0.028,1.755,1.087,3,NULL,NULL,,0,0,0,7,255,0,250,0,0
baseline,4544,4544,0,199416.816,0.900,-0.285,-0.255,0.208,2456,415,1919,2725,2236,2339,558,2493,33,1.021,25,0,27.803,5.784,-17.500,-4.640,-21.100,-0.065,0.037,1.013,3.456,-4.638,-2.098,0.296,0.030,1.755,1.087,3,NULL,NULL,,0,0,0,7,255,0,250,0,0
baseline,4559,4559,0,199421.817,0.901,-0.284,-0.255,0.209,2409,423,1959,2693,2265,2343,599,2507,33,1.021,25,0,27.999,5.897,-18.960,-5.180,-19.940,-0.070,0.030,1.005,3.522,-4.730,-2.210,0.318,0.032,1.755,1.087,3,NULL,NULL,,0,0,0,7,255,0,250,0,0
baseline,4559,4559,0,199426.816,0.901,-0.283,-0.255,0.209,2357,436,1991,2659,2291,2343,633,2520,33,1.021,25,0,29.568,5.914,-21.760,-4.940,-19.400,-0.066,0.016,1.018,3.536,-4.740,-2.220,0.342,0.034,1.755,1.087,3,NULL,NULL,,0,0,0,7,255,0,250,0,0
baseline,4559,4559,0,199431.817,0.901,-0.282,-0.255,0.210,2303,437,2022,2631,2331,2366,675,2531,33,1.021,25,0,30.115,5.897,-22.860,-5.420,-18.840,-0.069,0.020,0.991,3.522,-4.730,-2.258,0.364,0.036,1.755,1.087,3,NULL,NULL,,0,0,0,7,255,0,250,0,0
baseline,4559,4559,0,199436.816,0.901,-0.280,-0.255,0.211,2248,444,2073,2589,2336,2351,733,2543,33,1.021,25,0,28.820,5.857,-20.960,-5.360,-19.040,-0.071,0.035,0.990,3.498,-4.698,-2.324,0.390,0.038,1.755,1.087,3,NULL,NULL,,0,0,0,7,255,0,250,0,0
baseline,4576,4576,0,199441.817,0.901,-0.279,-0.255,0.211,2199,439,2116,2567,2357,2355,767,2557,33,1.021,25,0,28.067,5.742,-18.960,-4.500,-20.200,-0.070,0.046,1.000,3.498,-4.554,-2.324,0.410,0.040,1.755,1.087,3,NULL,NULL,,0,0,0,7,255,0,250,0,0
baseline,4576,4576,0,199446.816,0.901,-0.278,-0.256,0.212,2131,461,2159,2527,2385,2350,839,2575,33,1.021,25,0,28.160,5.806,-18.840,-4.500,-20.440,-0.071,0.045,1.017,3.602,-4.554,-2.210,0.434,0.042,1.755,1.087,3,NULL,NULL,,0,0,0,7,255,0,250,0,0
baseline,4576,4576,0,199451.817,0.901,-0.277,-0.256,0.213,2067,464,2200,2495,2411,2357,882,2585,33,1.021,25,0,28.577,5.860,-20.360,-5.300,-19.340,-0.076,0.041,1.033,3.656,-4.580,-2.078,0.456,0.044,1.755,1.087,3,NULL,NULL,,0,0,0,7,255,0,250,0,0
baseline,4576,4576,0,199456.817,0.902,-0.276,-0.256,0.213,1977,455,2236,2456,2439,2359,938,2599,33,1.021,25,0,32.638,5.928,-25.180,-5.060,-20.140,-0.073,0.044,1.052,3.662,-4.662,-1.938,0.482,0.044,1.755,1.087,3,NULL,NULL,,0,0,0,7,255,0,250,0,0
baseline,4591,4591,0,199461.817,0.902,-0.275,-0.256,0.214,1899,461,2275,2419,2459,2361,988,2611,33,1.021,25,0,36.495,5.928,-29.080,-5.240,-21.420,-0.082,0.044,1.023,3.662,-4.662,-1.938,0.506,0.044,1.755,1.087,3,NULL,NULL,,0,0,0,7,255,0,250,0,0
baseline,4591,4591,0,199466.817,0.902,-0.273,-0.256,0.215,1781,473,2315,2379,2485,2361,1033,2619,33,1.021,25,0,39.516,5.911,-31.100,-5.540,-23.740,-0.067,0.035,1.023,3.692,-4.616,-1.952,0.530,0.046,1.755,1.087,3,NULL,NULL,,0,0,0,7,255,0,250,0,0
baseline,4612,4612,0,199471.817,0.902,-0.272,-0.257,0.215,1734,460,2349,2343,2509,2372,1075,2621,33,1.021,25,0,38.931,5.865,-31.040,-5.600,-22.820,-0.051,-0.011,0.994,3.618,-4.616,-2.052,0.552,0.048,1.755,1.087,3,NULL,NULL,,0,0,0,7,255,0,250,0,0
baseline,4612,4612,0,199476.816,0.903,-0.270,-0.257,0.216,1688,459,2390,2296,2527,2363,1099,2639,33,1.021,25,0,37.291,5.984,-30.680,-6.040,-20.320,-0.058,-0.019,1.002,3.496,-4.856,-2.392,0.576,0.050,1.755,1.087,3,NULL,NULL,,0,0,0,7,255,0,250,0,0
baseline,4612,4612,0,199481.817,0.903,-0.269,-0.257,0.216,1613,454,2419,2253,2543,2361,1139,2649,33,1.021,25,0,36.424,5.957,-29.520,-5.920,-20.500,-0.071,-0.020,0.975,3.450,-4.856,-2.486,0.598,0.052,1.755,1.087,3,NULL,NULL,,0,0,0,7,255,0,250,0,0
baseline,4612,4612,0,199486.817,0.903,-0.267,-0.257,0.217,1514,443,2451,2203,2571,2361,1179,2663,33,1.021,25,0,33.552,5.758,-25.240,-6.400,-21.160,-0.061,-0.022,0.963,3.278,-4.734,-2.524,0.622,0.052,1.755,1.087,3,NULL,NULL,,0,0,0,7,255,0,250,0,0
baseline,4640,4640,0,199491.817,0.903,-0.266,-0.257,0.218,1438,453,2473,2145,2589,2360,1197,2667,33,1.021,25,0,30.119,5.758,-20.900,-6.340,-20.740,-0.049,-0.041,0.978,3.278,-4.734,-2.666,0.646,0.054,1.755,1.087,3,NULL,NULL,,0,0,0,7,255,0,250,0,0
baseline,4640,4640,0,199496.817,0.903,-0.265,-0.257,0.218,1336,456,2503,2093,2605,2359,1231,2678,33,1.021,25,0,27.194,5.965,-19.500,-6.460,-17.820,-0.043,-0.046,1.005,3.340,-4.942,-2.666,0.670,0.054,1.755,1.087,3,NULL,NULL,,0,0,0,7,255,0,250,0,0
baseline,4640,4640,0,199501.817,0.903,-0.264,-0.257,0.219,1269,445,2524,2029,2620,2351,1256,2687,33,1.021,25,0,25.461,6.037,-19.680,-7.080,-14.520,-0.053,-0.019,1.017,3.468,-4.942,-2.494,0.694,0.056,1.755,1.087,3,NULL,NULL,,0,0,0,7,255,0,250,0,0
baseline,4640,4640,0,199506.816,0.904,-0.263,-0.257,0.219,1190,443,2547,1959,2637,2349,1293,2703,33,1.021,25,0,25.586,6.074,-21.220,-7.920,-11.900,-0.060,0.006,1.015,3.576,-4.910,-2.264,0.720,0.058,1.755,1.087,3,NULL,NULL,,0,0,0,7,255,0,250,0,0
baseline,4641,4641,0,199511.817,0.904,-0.262,-0.257,0.219,1107,431,2568,1883,2658,2345,1324,2712,33,1.021,25,0,25.769,5.877,-21.880,-8.540,-10.600,-0.075,0.012,1.014,3.576,-4.664,-2.166,0.740,0.058,1.755,1.087,3,NULL,NULL,,0,0,0,7,255,0,250,0,0
baseline,4641,4641,0,199516.816,0.904,-0.261,-0.257,0.220,1033,413,2590,1803,2675,2343,1343,2719,33,1.021,25,0,26.527,5.770,-21.100,-9.460,-13.000,-0.094,0.037,1.005,3.548,-4.550,-2.060,0.766,0.060,1.755,1.087,3,NULL,NULL,,0,0,0,7,255,0,250,0,0
baseline,4676,4676,0,199521.817,0.904,-0.260,-0.257,0.220,938,399,2612,1705,2695,2335,1373,2729,33,1.021,25,0,29.659,5.552,-20.540,-10.360,-18.720,-0.090,0.038,1.015,3.548,-4.270,-1.946,0.788,0.062,1.755,1.087,3,NULL,NULL,,0,0,0,7,255,0,250,0,0
baseline,4676,4676,0,199526.817,0.905,-0.259,-0.257,0.221,826,390,2633,1605,2711,2329,1399,2740,33,1.021,25,0,31.391,5.562,-18.960,-10.120,-22.880,-0.072,0.038,1.019,3.564,-4.270,-1.944,0.812,0.064,1.755,1.087,3,NULL,NULL,,0,0,0,7,255,0,250,0,0
baseline,4676,4676,0,199531.817,0.905,-0.258,-0.257,0.222,731,374,2651,1509,2725,2325,1447,2751,33,1.021,25,0,30.518,5.702,-17.980,-10.980,-22.080,-0.029,0.027,1.028,3.724,-4.318,-1.944,0.836,0.064,1.755,1.087,3,NULL,NULL,,0,0,0,7,255,0,250,0,0
baseline,4676,4676,0,199536.816,0.905,-0.257,-0.257,0.223,653,351,2671,1417,2741,2317,1484,2765,33,1.021,25,0,31.837,6.082,-22.500,-10.360,-20.000,-0.007,0.005,1.034,4.032,-4.554,-2.134,0.860,0.066,1.755,1.087,3,NULL,NULL,,0,0,0,7,255,0,250,0,0
baseline,4676,4676,0,199541.817,0.905,-0.255,-0.257,0.223,556,317,2687,1315,2759,2311,1503,2773,33,1.021,25,0,29.138,6.159,-23.280,-11.340,-13.360,-0.020,0.010,1.023,4.032,-4.656,-2.246,0.882,0.066,1.755,1.087,3,NULL,NULL,,0,0,0,7,255,0,250,0,0
baseline,4676,4676,0,199546.817,0.905,-0.254,-0.256,0.223,456,299,2709,1207,2775,2295,1549,2781,33,1.021,25,0,31.425,6.200,-25.600,-11.400,-14.220,-0.025,0.041,1.018,4.094,-4.656,-2.246,0.908,0.068,1.755,1.087,3,NULL,NULL,,0,0,0,7,255,0,250,0,0
baseline,4676,4676,0,199551.817,0.906,-0.253,-0.256,0.224,349,270,2723,1085,2789,2283,1579,2789,33,1.021,25,0,32.871,5.968,-25.980,-11.400,-16.600,-0.004,0.062,0.987,4.094,-4.342,-2.246,0.930,0.070,1.755,1.087,3,NULL,NULL,,0,0,0,7,255,0,250,0,0
baseline,4676,4676,0,199556.816,0.906,-0.252,-0.256,0.224,279,248,2739,937,2803,2267,1613,2797,33,1.021,25,0,29.729,6.072,-23.160,-13.060,-13.300,0.009,0.034,1.002,4.244,-4.342,-2.454,0.954,0.072,1.755,1.087,3,NULL,NULL,,0,0,0,7,255,0,250,0,0
baseline,4688,4688,0,199561.817,0.906,-0.251,-0.256,0.224,199,203,2757,853,2821,2246,1647,2800,33,1.021,25,0,24.062,6.097,-18.220,-14.880,-5.060,-0.026,-0.031,1.008,4.244,-4.378,-2.454,0.976,0.074,1.755,1.087,3,NULL,NULL,,0,0,0,7,255,0,250,0,0
baseline,4688,4688,0,199566.816,0.907,-0.250,-0.255,0.224,155,179,2766,760,2831,2229,1687,2811,33,1.021,25,0,18.676,6.078,-6.200,-17.520,1.840,-0.108,-0.063,1.076,3.708,-4.816,-2.380,1.002,0.074,1.755,1.087,3,NULL,NULL,,0,0,0,7,255,0,250,0,0
baseline,4708,4708,0,199571.817,0.907,-0.250,-0.254,0.224,124,148,2780,687,2843,2206,1727,2815,33,1.021,25,0,23.100,6.048,-8.520,-21.420,1.480,-0.163,-0.117,1.104,3.178,-5.146,-1.476,1.024,0.076,1.755,1.087,3,NULL,NULL,,0,0,0,7,255,0,250,0,0
baseline,4708,4708,0,199576.816,0.907,-0.249,-0.253,0.224,87,159,2803,638,2856,2173,1757,2829,33,1.021,25,0,26.681,6.125,-2.720,-26.540,-0.360,-0.231,-0.177,1.244,2.590,-5.550,-1.094,1.050,0.076,1.755,1.087,3,NULL,NULL,,0,0,0,7,255,0,250,0,0
baseline,4708,4708,0,199581.817,0.908,-0.250,-0.252,0.224,79,144,2813,647,2863,2151,1800,2838,33,1.021,25,0,36.951,6.125,7.780,-34.840,9.540,-0.235,0.006,1.322,2.590,-5.550,0.234,1.074,0.078,1.755,1.087,3,NULL,NULL,,0,0,0,7,255,0,250,0,0
baseline,4708,4708,0,199586.817,0.909,-0.248,-0.251,0.224,55,99,2828,617,2873,2111,1847,2846,33,1.021,25,0,51.157,6.317,-34.280,-37.540,-5.720,-0.079,0.073,1.250,3.400,-5.324,0.234,1.098,0.080,1.755,1.087,3,NULL,NULL,,0,0,0,7,255,0,250,0,0
baseline,4742,4742,0,199591.817,0.909,-0.245,-0.250,0.224,40,56,2841,606,2897,2087,1887,2847,33,1.021,25,0,62.340,6.152,-52.460,-33.200,-5.660,-0.012,-0.056,1.011,3.634,-4.964,0.126,1.120,0.082,1.755,1.087,3,NULL,NULL,,0,0,0,7,255,0,250,0,0
baseline,4742,4742,0,199596.816,0.910,-0.243,-0.248,0.224,31,41,2855,567,2916,2063,1919,2854,33,1.021,25,0,60.106,6.152,-42.460,-41.980,6.900,0.017,-0.127,0.944,3.634,-4.964,-2.400,1.144,0.084,1.755,1.087,3,NULL,NULL,,0,0,0,7,255,0,250,0,0
baseline,4743,4743,0,199601.817,0.911,-0.243,-0.247,0.223,23,23,2863,547,2917,2038,1949,2861,33,1.021,25,0,44.523,5.938,-10.220,-39.920,16.860,-0.126,-0.173,0.865,3.258,-4.964,-3.180,1.166,0.084,1.755,1.087,3,NULL,NULL,,0,0,0,7,255,0,250,0,0
baseline,4743,4743,0,199606.816,0.912,-0.242,-0.245,0.223,21,0,2879,519,2927,2007,1979,2867,33,1.021,25,0,55.215,5.902,-2.660,-53.100,14.900,-0.102,-0.147,1.060,2.614,-5.292,-3.180,1.192,0.084,1.755,1.087,3,NULL,NULL,,0,0,0,7,255,0,250,0,0
baseline,4744,4744,0,199611.817,0.913,-0.242,-0.243,0.223,17,0,2888,472,2937,1966,1999,2872,33,1.021,25,0,47.430,5.982,4.000,-46.080,10.500,-0.143,-0.132,1.088,2.440,-5.462,-1.688,1.216,0.084,1.755,1.087,3,NULL,NULL,,0,0,0,7,255,0,250,0,0
baseline,4744,4744,0,199616.816,0.913,-0.242,-0.241,0.223,0,0,2897,397,2951,1937,2021,2877,33,1.021,25,0,47.733,6.055,2.100,-47.300,6.060,-0.079,-0.112,1.057,2.614,-5.462,-1.688,1.240,0.084,1.755,1.087,3,NULL,NULL,,0,0,0,7,255,0,250,0,0
baseline,4775,4775,0,199621.817,0.914,-0.242,-0.239,0.223,0,0,2904,357,2959,1901,2043,2885,33,1.021,25,0,50.413,6.065,-1.860,-49.920,6.780,-0.050,-0.092,1.066,2.882,-5.336,-1.704,1.264,0.086,1.755,1.087,3,NULL,NULL,,0,0,0,7,255,0,250,0,0
baseline,4775,4775,0,199626.816,0.914,-0.241,-0.236,0.223,0,0,2909,310,2967,1853,2067,2891,33,1.021,25,0,53.190,6.174,4.240,-51.880,10.940,-0.058,-0.053,1.060,3.194,-5.284,-1.704,1.288,0.088,1.755,1.087,3,NULL,NULL,,0,0,0,7,255,0,250,0,0
baseline,4775,4775,0,199631.817,0.915,-0.241,-0.234,0.223,0,0,2909,282,2973,1803,2089,2897,33,1.021,25,0,56.913,5.879,7.720,-55.100,11.980,-0.065,-0.039,1.093,3.252,-4.898,-1.606,1.310,0.090,1.755,1.087,3,NULL,NULL,,0,0,0,7,255,0,250,0,0
baseline,4775,4775,0,199636.817,0.916,-0.242,-0.231,0.223,0,0,2908,222,2980,1757,2115,2898,33,1.021,25,0,59.598,5.926,10.900,-57.240,12.520,-0.065,-0.042,1.126,3.336,-4.898,-1.244,1.334,0.094,1.755,1.087,3,NULL,NULL,,0,0,0,7,255,0,250,0,0
baseline,4775,4775,0,199641.817,0.916,-0.242,-0.229,0.223,0,0,2919,160,2989,1720,2133,2907,33,1.021,25,0,62.240,6.089,9.980,-60.000,13.200,-0.053,-0.029,1.161,3.384,-5.062,-0.964,1.354,0.096,1.755,1.087,3,NULL,NULL,,0,0,0,7,255,0,250,0,0
baseline,4775,4775,0,199646.817,0.917,-0.241,-0.226,0.223,0,0,2918,117,2995,1675,2155,2923,33,1.021,25,0,64.514,6.217,6.860,-62.620,13.920,-0.048,0.003,1.155,3.610,-5.062,-0.688,1.380,0.098,1.755,1.087,3,NULL,NULL,,0,0,0,7,255,0,250,0,0
baseline,4785,4785,0,199651.817,0.918,-0.241,-0.223,0.222,0,0,2919,74,3001,1619,2187,2910,33,1.021,25,0,67.457,6.109,5.820,-65.360,15.640,-0.038,0.026,1.154,3.730,-4.838,-0.654,1.402,0.098,1.755,1.087,3,NULL,NULL,,0,0,0,7,255,0,250,0,0
baseline,4785,4785,0,199656.816,0.919,-0.241,-0.220,0.222,0,0,2921,28,3013,1541,2212,2915,33,1.021,25,0,70.649,6.052,5.280,-68.360,17.040,-0.031,0.031,1.146,3.854,-4.666,-0.654,1.426,0.100,1.755,1.087,3,NULL,NULL,,0,0,0,7,255,0,250,0,0
baseline,4786,4786,0,199661.817,0.920,-0.241,-0.217,0.222,0,0,2917,1,3017,1477,2227,2915,33,1.021,25,0,72.725,6.015,3.380,-70.620,17.040,-0.016,0.021,1.127,3.854,-4.618,-0.682,1.448,0.102,1.755,1.087,3,NULL,NULL,,0,0,0,7,255,0,250,0,0
baseline,4786,4786,0,199666.817,0.920,-0.240,-0.214,0.222,0,0,2916,0,3029,1397,2260,2909,33,1.021,25,0,74.351,5.983,1.860,-72.320,17.160,0.000,-0.018,1.116,3.804,-4.618,-0.902,1.472,0.104,1.755,1.087,3,NULL,NULL,,0,0,0,7,255,0,250,0,0
baseline,4808,4808,0,199671.817,0.921,-0.240,-0.211,0.221,0,0,2915,0,3027,1320,2276,2909,33,1.021,25,0,76.826,6.130,1.560,-74.220,19.780,-0.002,-0.037,1.122,3.656,-4.920,-1.092,1.494,0.108,1.755,1.087,3,NULL,NULL,,0,0,0,7,255,0,250,0,0
baseline,4808,4808,0,199676.817,0.922,-0.240,-0.208,0.221,0,0,2911,0,3029,1223,2300,2908,33,1.021,25,0,80.747,6.096,2.900,-77.500,22.480,-0.016,-0.017,1.152,3.522,-4.976,-1.092,1.518,0.110,1.755,1.087,3,NULL,NULL,,0,0,0,7,255,0,250,0,0
baseline,4809,4809,0,199681.817,0.923,-0.239,-0.204,0.220,0,0,2907,0,3031,1157,2323,2905,33,1.021,25,0,85.145,6.096,2.280,-81.180,25.580,-0.031,0.013,1.179,3.522,-4.976,-0.688,1.540,0.112,1.755,1.087,3,NULL,NULL,,0,0,0,7,255,0,250,0,0
baseline,4809,4809,0,199686.816,0.924,-0.239,-0.200,0.220,0,0,2903,0,3032,1055,2343,2903,33,1.021,25,0,90.845,5.946,6.380,-86.180,28.020,-0.048,0.064,1.203,3.548,-4.772,-0.290,1.562,0.114,1.755,1.087,3,NULL,NULL,,0,0,0,7,255,0,250,0,0
baseline,4848,4848,0,199691.817,0.925,-0.239,-0.196,0.219,0,0,2901,0,3043,955,2357,2893,33,1.021,25,0,96.780,5.689,6.860,-92.040,29.120,-0.055,0.111,1.245,3.640,-4.372,0.154,1.584,0.118,1.755,1.087,3,NULL,NULL,,0,0,0,7,255,0,250,0,0
baseline,4848,4848,0,199696.817,0.927,-0.238,-0.192,0.218,0,0,2891,0,3043,873,2379,2886,33,1.021,25,0,101.451,5.653,4.120,-96.980,29.500,-0.050,0.130,1.295,3.838,-4.150,0.694,1.606,0.120,1.755,1.087,3,NULL,NULL,,0,0,0,7,255,0,250,0,0
baseline,4848,4848,0,199701.817,0.928,-0.237,-0.188,0.218,0,0,2887,0,3045,793,2397,2879,33,1.021,25,0,108.079,5.775,-4.740,-103.260,31.560,-0.015,0.122,1.343,4.016,-4.150,1.190,1.626,0.124,1.755,1.087,3,NULL,NULL,,0,0,0,7,255,0,250,0,0
baseline,4848,4848,0,199706.816,0.929,-0.236,-0.183,0.217,0,0,2873,0,3047,691,2415,2863,33,1.021,25,0,117.133,6.022,-16.260,-109.980,36.880,-0.009,0.080,1.316,4.016,-4.488,1.190,1.650,0.128,1.755,1.087,3,NULL,NULL,,0,0,0,7,255,0,250,0,0
baseline,4848,4848,0,199711.817,0.931,-0.234,-0.178,0.215,0,0,2868,0,3048,637,2429,2852,33,1.021,25,0,127.456,6.098,-24.760,-117.000,44.080,0.014,0.076,1.289,3.984,-4.616,1.170,1.668,0.132,1.755,1.087,3,NULL,NULL,,0,0,0,7,255,0,250,0,0
baseline,4848,4848,0,199716.816,0.933,-0.233,-0.173,0.214,0,0,2859,0,3049,569,2456,2837,33,1.021,25,0,134.704,6.095,-25.300,-121.940,51.340,-0.037,0.062,1.302,3.980,-4.616,1.170,1.690,0.136,1.755,1.087,3,NULL,NULL,,0,0,0,7,255,0,250,0,0
baseline,4864,4864,0,199721.817,0.935,-0.231,-0.168,0.212,0,0,2846,0,3049,500,2469,2807,33,1.021,25,0,144.806,5.694,-27.320,-130.800,55.800,-0.099,0.076,1.348,3.420,-4.552,1.236,1.706,0.144,1.755,1.087,3,NULL,NULL,,0,0,0,7,255,0,250,0,0
baseline,4864,4864,0,199726.816,0.936,-0.229,-0.162,0.211,0,0,2835,0,3050,425,2484,2789,33,1.021,25,0,145.919,5.249,-24.700,-136.040,46.640,-0.152,0.135,1.386,2.956,-4.338,1.964,1.724,0.154,1.755,1.087,3,NULL,NULL,,0,0,0,7,255,0,250,0,0
baseline,4864,4864,0,199731.818,0.938,-0.227,-0.156,0.210,0,0,2811,0,3053,383,2496,2751,33,1.021,25,0,144.575,4.946,-23.220,-138.720,33.460,-0.163,0.095,1.431,2.724,-4.128,2.704,1.738,0.164,1.755,1.087,3,NULL,NULL,,0,0,0,7,255,0,250,0,0
baseline,4864,4864,0,199736.816,0.940,-0.225,-0.150,0.209,0,0,2781,0,3047,346,2509,2723,33,1.021,25,0,151.764,4.781,-26.220,-147.400,24.860,-0.156,-0.003,1.487,2.412,-4.128,3.082,1.752,0.176,1.755,1.087,3,NULL,NULL,,0,0,0,7,255,0,250,0,0
baseline,4880,4880,0,199741.817,0.941,-0.223,-0.144,0.209,0,0,2750,0,3041,317,2519,2683,33,1.021,25,0,153.775,5.484,-18.900,-151.600,17.520,-0.188,-0.059,1.558,2.020,-5.098,3.354,1.766,0.186,1.755,1.087,3,NULL,NULL,,0,0,0,7,255,0,250,0,0
baseline,4880,4880,0,199746.816,0.942,-0.221,-0.138,0.209,0,0,2715,0,3031,238,2523,2645,33,1.021,25,0,153.508,5.822,-23.540,-151.180,12.460,-0.205,-0.034,1.663,1.490,-5.628,3.996,1.782,0.200,1.755,1.087,3,NULL,NULL,,0,0,0,7,255,0,250,0,0
baseline,4880,4880,0,199751.817,0.944,-0.218,-0.130,0.210,0,0,2666,0,3019,219,2532,2589,33,1.021,25,0,182.878,5.818,-25.480,-180.960,6.960,-0.258,0.035,1.731,1.476,-5.628,5.108,1.794,0.214,1.755,1.087,3,NULL,NULL,,0,0,0,7,255,0,250,0,0
baseline,4880,4880,0,199756.817,0.946,-0.216,-0.122,0.211,0,0,2603,0,2999,180,2532,2530,33,1.021,25,0,197.250,5.142,-28.480,-195.180,1.180,-0.271,0.085,1.811,1.216,-4.996,6.118,1.804,0.230,1.755,1.087,3,NULL,NULL,,0,0,0,7,255,0,250,0,0
baseline,4896,4896,0,199761.817,0.947,-0.212,-0.114,0.212,0,0,2536,0,2980,123,2531,2469,33,1.021,25,0,214.284,4.801,-40.920,-210.320,-2.980,-0.276,0.155,1.914,1.216,-4.644,7.060,1.812,0.248,1.755,1.087,3,NULL,NULL,,0,0,0,7,255,0,250,0,0
baseline,4896,4896,0,199766.817,0.949,-0.208,-0.105,0.213,0,0,2453,0,2950,69,2525,2396,33,1.021,25,0,221.347,4.398,-43.500,-216.980,-4.680,-0.317,0.291,2.069,1.338,-4.190,8.248,1.816,0.268,1.755,1.087,3,NULL,NULL,,0,0,0,7,255,0,250,0,0
baseline,4897,4897,0,199771.817,0.950,-0.204,-0.096,0.214,0,0,2357,0,2901,39,2515,2297,33,1.021,25,0,234.231,3.505,-49.280,-228.200,-18.980,-0.323,0.467,2.169,1.474,-3.180,10.174,1.818,0.290,1.755,1.087,3,NULL,NULL,,0,0,0,7,255,0,250,0,0
baseline,4897,4897,0,199776.816,0.952,-0.199,-0.086,0.217,0,0,2221,0,2839,22,2491,2201,33,1.021,25,0,249.103,2.558,-57.280,-239.380,-38.320,-0.332,0.510,2.341,1.894,-1.720,11.584,1.816,0.316,1.755,1.087,3,NULL,NULL,,0,0,0,7,255,0,250,0,0
baseline,4912,4912,0,199781.817,0.953,-0.194,-0.077,0.220,0,0,2060,0,2763,0,2473,2055,33,1.021,25,0,258.648,2.447,-66.440,-244.080,-53.940,-0.399,0.582,2.577,1.894,-1.550,13.348,1.808,0.346,1.755,1.087,3,NULL,NULL,,0,0,0,7,255,0,250,0,0
baseline,4912,4912,0,199786.817,0.954,-0.187,-0.067,0.223,0,0,1942,0,2645,0,2451,1879,33,1.021,25,0,277.727,1.783,-97.380,-254.140,-55.340,-0.494,0.638,2.683,1.456,-1.030,15.888,1.794,0.384,1.755,1.087,3,NULL,NULL,,0,0,0,7,255,0,250,0,0
baseline,4944,4944,0,199791.817,0.956,-0.178,-0.057,0.226,0,0,1783,0,2517,0,2409,1704,33,1.021,25,0,312.771,0.567,-145.060,-272.520,-50.160,-0.594,0.496,2.649,0.556,-0.110,16.754,1.776,0.426,1.755,1.087,3,NULL,NULL,,0,0,0,7,255,0,250,0,0
baseline,4944,4944,0,199796.817,0.958,-0.168,-0.047,0.229,0,0,1625,0,2347,0,2349,1525,33,1.021,25,0,345.552,1.348,-176.540,-289.480,-66.640,-0.665,0.306,2.628,-1.344,-0.110,16.754,1.756,0.474,1.755,1.087,3,NULL,NULL,,0,0,0,7,255,0,250,0,0
baseline,4944,4944,0,199801.817,0.959,-0.157,-0.037,0.233,0,0,1451,0,2188,0,2248,1383,33,1.021,25,0,356.869,3.252,-177.040,-299.740,-78.540,-0.655,0.136,2.605,-3.180,-0.680,16.262,1.738,0.518,1.755,1.087,3,NULL,NULL,,0,0,0,7,255,0,250,0,0
baseline,4944,4944,0,199806.816,0.960,-0.147,-0.026,0.237,0,0,1223,0,2009,0,2135,1190,33,1.021,25,0,356.807,4.294,-173.740,-301.560,-78.660,-0.563,0.085,2.635,-4.060,-1.398,15.774,1.718,0.568,1.755,1.087,3,NULL,NULL,,0,0,0,7,255,0,250,0,0
baseline,4944,4944,0,199811.817,0.961,-0.134,-0.015,0.241,0,0,1020,0,1804,0,1982,1070,33,1.021,25,0,388.248,4.294,-215.540,-312.380,-81.840,-0.401,0.081,2.295,-4.060,-1.398,15.694,1.702,0.608,1.755,1.087,3,NULL,NULL,,0,0,0,7,255,0,250,0,0
baseline,4944,4944,0,199816.816,0.962,-0.120,-0.004,0.245,0,0,752,0,1573,0,1773,951,33,1.021,25,0,425.047,3.183,-252.420,-332.880,-78.360,-0.228,0.000,1.696,-3.018,-1.012,12.348,1.690,0.650,1.755,1.087,3,NULL,NULL,,0,0,0,7,255,0,250,0,0
baseline,4960,4960,0,199821.817,0.963,-0.107,0.008,0.248,0,0,555,0,1352,0,1509,829,33,1.021,25,0,413.144,2.328,-218.840,-342.880,-72.320,-0.042,-0.179,1.215,-2.096,-1.012,6.326,1.684,0.684,1.755,1.087,3,NULL,NULL,,0,0,0,7,255,0,250,0,0
baseline,4960,4960,0,199826.817,0.963,-0.098,0.022,0.250,0,0,429,0,1081,0,1197,695,33,1.021,25,0,382.648,3.202,-124.360,-359.860,-38.140,0.011,-0.472,0.965,-2.096,-2.420,1.416,1.682,0.720,1.755,1.087,3,NULL,NULL,,0,0,0,7,255,0,250,0,0
baseline,4960,4960,0,199831.817,0.963,-0.092,0.038,0.250,0,0,299,0,869,0,875,633,33,1.021,25,0,397.815,4.014,-33.840,-396.360,-3.160,0.097,-0.334,0.957,-1.438,-3.748,-1.168,1.674,0.756,1.755,1.087,4,NULL,NULL,,0,0,0,7,255,0,250,0,0
baseline,4960,4960,0,199836.816,0.963,-0.089,0.057,0.249,0,0,167,0,639,0,531,457,33,1.021,25,0,436.030,4.374,52.460,-432.480,18.200,-0.035,-0.110,1.365,-2.254,-3.748,-1.168,1.658,0.806,1.755,1.087,4,NULL,NULL,,0,0,0,7,255,0,250,0,0
baseline,4975,4975,0,199841.817,0.962,-0.088,0.076,0.246,0,0,85,0,445,0,151,357,33,1.021,25,0,448.131,2.555,80.280,-437.560,54.020,-0.250,0.103,1.839,-2.254,-1.204,2.880,1.634,0.856,1.755,1.087,4,NULL,NULL,,0,0,0,7,255,0,250,0,0
baseline,4975,4975,0,199846.817,0.962,-0.084,0.095,0.241,0,0,27,0,233,0,0,216,33,1.021,25,0,458.310,4.614,36.960,-446.160,98.100,-0.441,0.138,2.024,-4.290,1.698,7.320,1.598,0.926,1.755,1.087,4,NULL,NULL,,0,0,0,7,255,0,250,0,0
baseline,4975,4975,0,199851.818,0.962,-0.076,0.114,0.235,0,0,0,0,47,0,0,143,33,1.021,25,0,476.982,7.437,-43.500,-455.560,134.480,-0.547,0.254,1.932,-6.728,3.168,7.320,1.558,0.994,1.755,1.087,4,NULL,NULL,,0,0,0,7,255,0,250,0,0
baseline,4975,4975,0,199856.817,0.962,-0.067,0.132,0.228,0,0,0,0,0,0,0,92,33,1.021,25,0,508.936,9.069,-80.360,-471.120,174.940,-0.776,0.230,1.570,-7.530,5.054,7.312,1.508,1.074,1.755,1.087,4,NULL,NULL,,0,0,0,7,255,0,250,0,0
baseline,4992,4992,0,199861.817,0.962,-0.057,0.152,0.218,0,0,0,0,0,0,0,31,33,1.021,25,0,566.962,11.104,-85.240,-508.060,236.760,-0.889,0.245,1.257,-9.248,6.146,2.896,1.458,1.154,1.755,1.087,4,NULL,NULL,,0,0,0,7,255,0,250,0,0
baseline,4992,4992,0,199866.816,0.962,-0.046,0.173,0.207,0,0,0,0,0,0,0,0,33,1.021,25,0,593.748,11.493,-97.760,-529.480,250.260,-0.842,0.569,1.107,-9.248,6.824,-0.882,1.402,1.234,1.755,1.087,4,NULL,NULL,,0,0,0,7,255,0,250,0,0
baseline,5007,5007,0,199871.817,0.960,-0.033,0.192,0.199,0,0,0,0,0,0,0,0,33,1.021,25,0,556.808,12.441,-159.400,-501.580,181.780,-0.376,1.162,0.838,-8.004,9.524,-2.536,1.354,1.298,1.755,1.087,4,NULL,NULL,,0,0,0,7,255,0,250,0,0
baseline,5007,5007,0,199876.817,0.958,-0.020,0.207,0.197,0,0,0,0,0,0,0,0,33,1.021,25,0,453.911,10.424,-189.300,-408.920,54.640,0.124,1.084,0.732,-1.154,10.360,-3.002,1.316,1.354,1.755,1.087,4,NULL,NULL,,0,0,0,7,255,0,250,0,0
baseline,5007,5007,0,199881.817,0.956,-0.009,0.216,0.199,0,0,0,0,0,0,0,0,33,1.021,25,0,332.832,10.722,-205.180,-261.900,-9.320,0.433,0.390,0.655,2.762,10.360,-3.002,1.292,1.398,1.755,1.087,4,NULL,NULL,,0,0,0,7,255,0,250,0,0
baseline,5007,5007,0,199886.817,0.955,-0.001,0.219,0.198,0,0,0,0,0,0,0,0,33,1.021,25,0,200.755,4.106,-172.460,-91.660,46.460,0.402,0.012,0.384,2.762,3.038,-3.002,1.268,1.444,1.755,1.087,0,NULL,NULL,,0,0,0,7,255,0,250,0,0
baseline,5042,5042,0,199891.817,0.957,0.005,0.217,0.195,0,0,0,0,0,0,0,0,33,1.021,25,0,168.065,2.053,-120.340,0.120,117.320,0.073,-0.006,0.374,1.998,0.472,-5.146,1.240,1.494,1.755,1.087,0,NULL,NULL,,0,0,0,7,255,0,250,0,0
baseline,5042,5042,0,199896.816,0.958,0.011,0.213,0.191,0,0,0,0,0,0,0,0,33,1.021,25,0,174.701,0.803,-111.060,46.460,126.600,-0.282,0.286,0.648,-0.650,0.472,-5.862,1.200,1.558,1.755,1.087,0,NULL,NULL,,0,0,0,7,255,0,250,0,0
baseline,5043,5043,0,199901.817,0.960,0.016,0.207,0.188,0,0,0,0,0,0,0,0,33,1.021,25,0,216.553,5.955,-134.120,123.000,117.380,-0.465,0.479,0.702,-3.340,4.930,-6.232,1.160,1.622,1.755,1.087,0,NULL,NULL,,0,0,0,7,255,0,250,0,0
baseline,5043,5043,0,199906.816,0.962,0.022,0.197,0.186,0,0,0,0,0,0,0,0,33,1.021,25,0,264.232,7.941,-162.020,180.860,104.200,-0.549,0.428,0.458,-4.192,6.744,-6.232,1.116,1.696,1.755,1.087,0,NULL,NULL,,0,0,0,7,255,0,250,0,0
baseline,5043,5043,0,199911.817,0.964,0.028,0.187,0.185,0,0,0,0,0,0,0,0,33,1.021,25,0,276.367,7.941,-163.740,202.940,91.560,-0.499,0.176,0.106,-4.192,6.744,-8.680,1.082,1.754,1.755,1.087,0,NULL,NULL,,0,0,0,7,255,0,250,0,0
baseline,5043,5043,0,199916.816,0.966,0.032,0.177,0.184,0,0,0,0,0,0,0,0,33,1.021,25,0,265.523,5.039,-133.340,208.380,96.440,-0.457,-0.007,-0.152,-3.596,3.530,-11.386,1.048,1.814,1.755,1.087,0,NULL,NULL,,0,0,0,7,255,0,250,0,0
baseline,5074,5074,0,199921.817,0.969,0.035,0.167,0.181,0,0,0,0,0,0,0,0,33,1.021,25,0,251.522,3.436,-95.740,204.900,110.060,-0.484,-0.029,-0.278,-3.240,1.144,-13.318,1.024,1.864,1.755,1.087,0,NULL,NULL,,0,0,0,7,255,0,250,0,0
baseline,5074,5074,0,199926.816,0.971,0.037,0.157,0.178,0,0,0,0,0,0,0,0,33,1.021,25,0,235.791,3.436,-58.320,196.660,116.280,-0.537,0.037,-0.312,-3.240,1.144,-14.458,1.000,1.916,1.755,1.087,0,NULL,NULL,,0,0,0,7,255,0,250,0,0
baseline,5074,5074,0,199931.817,0.973,0.037,0.148,0.175,0,0,0,0,0,0,0,0,33,1.021,25,0,220.788,3.711,-28.540,188.000,112.200,-0.580,0.090,-0.280,-3.446,1.376,-14.794,0.982,1.960,1.755,1.087,0,NULL,NULL,,0,0,0,7,255,0,250,0,0
baseline,5074,5074,0,199936.816,0.975,0.037,0.140,0.172,0,0,0,0,0,0,0,0,33,1.021,25,0,209.513,4.310,-3.340,183.420,101.200,-0.592,0.102,-0.229,-3.790,2.052,-14.794,0.962,2.008,1.755,1.087,0,NULL,NULL,,0,0,0,7,255,0,250,0,0
baseline,5074,5074,0,199941.817,0.976,0.035,0.132,0.169,0,0,0,0,0,0,0,0,33,1.021,25,0,201.309,4.594,18.280,179.580,89.120,-0.582,0.072,-0.165,-4.068,2.134,-14.302,0.946,2.050,1.755,1.087,0,NULL,NULL,,0,0,0,7,255,0,250,0,0
baseline,5074,5074,0,199946.817,0.978,0.033,0.124,0.166,0,0,0,0,0,0,0,0,33,1.021,25,0,196.147,4.804,35.680,175.180,80.700,-0.576,0.028,-0.061,-4.304,2.134,-13.560,0.926,2.102,1.755,1.087,0,NULL,NULL,,0,0,0,7,255,0,250,0,0
baseline,5088,5088,0,199951.817,0.979,0.030,0.117,0.164,0,0,0,0,0,0,0,0,33,1.021,25,0,195.937,5.079,47.140,174.940,74.600,-0.583,0.004,0.057,-4.680,1.972,-12.436,0.906,2.150,1.755,1.087,0,NULL,NULL,,0,0,0,7,255,0,250,0,0
baseline,5088,5088,0,199956.816,0.980,0.026,0.109,0.162,0,0,0,0,0,0,0,0,33,1.021,25,0,197.098,5.477,53.380,177.860,66.060,-0.607,-0.007,0.167,-5.110,1.972,-11.232,0.882,2.206,1.755,1.087,0,NULL,NULL,,0,0,0,7,255,0,250,0,0
baseline,5088,5088,0,199961.817,0.982,0.023,0.101,0.160,0,0,0,0,0,0,0,0,33,1.021,25,0,199.612,5.985,56.920,183.540,54.020,-0.635,0.005,0.271,-5.590,2.138,-10.144,0.860,2.260,1.755,1.087,0,NULL,NULL,,0,0,0,7,255,0,250,0,0
baseline,5088,5088,0,199966.817,0.983,0.019,0.094,0.159,0,0,0,0,0,0,0,0,33,1.021,25,0,203.398,6.490,58.740,190.920,38.340,-0.648,0.045,0.380,-5.990,2.498,-9.134,0.832,2.322,1.755,1.087,0,NULL,NULL,,0,0,0,7,255,0,250,0,0
baseline,5106,5106,0,199971.817,0.983,0.015,0.085,0.159,0,0,0,0,0,0,0,0,33,1.021,25,0,210.516,6.804,57.880,201.360,20.520,-0.641,0.081,0.478,-6.070,3.074,-8.058,0.806,2.382,1.755,1.087,0,NULL,NULL,,0,0,0,7,255,0,250,0,0
baseline,5106,5106,0,199976.817,0.984,0.011,0.077,0.160,0,0,0,0,0,0,0,0,33,1.021,25,0,219.067,7.010,53.560,212.400,2.820,-0.610,0.087,0.546,-6.070,3.506,-7.024,0.780,2.444,1.755,1.087,0,NULL,NULL,,0,0,0,7,255,0,250,0,0
baseline,5106,5106,0,199981.817,0.985,0.008,0.067,0.162,0,0,0,0,0,0,0,0,33,1.021,25,0,229.978,6.782,48.120,224.560,-12.140,-0.560,0.062,0.563,-5.806,3.506,-6.188,0.754,2.504,1.755,1.087,0,NULL,NULL,,0,0,0,7,255,0,250,0,0
baseline,5106,5106,0,199986.816,0.985,0.004,0.058,0.164,0,0,0,0,0,0,0,0,33,1.021,25,0,240.772,6.229,43.000,235.660,-24.220,-0.502,0.032,0.542,-5.368,3.160,-5.786,0.730,2.566,1.755,1.087,0,NULL,NULL,,0,0,0,7,255,0,250,0,0
baseline,5142,5142,0,199991.817,0.985,0.000,0.048,0.166,0,0,0,0,0,0,0,0,33,1.021,25,0,252.710,5.503,42.080,246.960,-33.200,-0.440,0.021,0.495,-4.826,2.644,-5.786,0.710,2.620,1.755,1.087,0,NULL,NULL,,0,0,0,7,255,0,250,0,0
baseline,5142,5142,0,199996.817,0.985,-0.004,0.038,0.169,0,0,0,0,0,0,0,0,33,1.021,25,0,258.908,4.732,56.980,249.700,-37.900,-0.302,0.012,0.195,-4.154,2.266,-6.000,0.692,2.674,1.755,1.087,0,NULL,NULL,,0,0,0,7,255,0,250,0,0
baseline,5142,5142,0,200001.817,0.985,-0.010,0.028,0.171,0,0,0,0,0,0,0,0,33,1.021,25,0,269.323,3.995,92.000,250.380,-37.160,-0.381,0.058,0.445,-3.290,2.266,-6.256,0.678,2.724,1.755,1.087,0,NULL,NULL,,0,0,0,7,255,0,250,0,0
baseline,5142,5142,0,200006.816,0.984,-0.016,0.017,0.174,0,0,0,0,0,0,0,0,33,1.021,25,0,289.670,3.729,94.500,268.380,-54.320,-0.354,0.064,0.545,-2.954,2.276,-6.256,0.662,2.774,1.755,1.087,0,NULL,NULL,,0,0,0,7,255,0,250,0,0
baseline,5143,5143,0,200011.817,0.984,-0.022,0.007,0.178,0,0,0,0,0,0,0,0,33,1.021,25,0,293.704,3.730,91.100,271.120,-66.760,-0.276,0.107,0.597,-2.954,2.278,-5.170,0.652,2.814,1.755,1.087,0,NULL,NULL,,0,0,0,7,255,0,250,0,0
baseline,5143,5143,0,200016.816,0.983,-0.029,-0.004,0.182,0,0,0,0,0,0,0,0,33,1.021,25,0,304.680,3.017,96.640,280.340,-70.000,-0.179,0.082,0.599,-1.978,2.278,-4.568,0.640,2.860,1.755,1.087,0,NULL,NULL,,0,0,0,7,255,0,250,0,0
baseline,5153,5153,0,200021.817,0.982,-0.036,-0.016,0.186,0,0,0,0,0,0,0,0,33,1.021,25,0,312.725,2.026,106.600,286.940,-64.020,-0.149,0.034,0.646,-1.054,1.730,-4.456,0.630,2.902,1.755,1.087,0,NULL,NULL,,0,0,0,7,255,0,250,0,0
baseline,5153,5153,0,200026.816,0.981,-0.043,-0.027,0.189,0,0,0,0,0,0,0,0,33,1.021,25,0,318.412,1.474,115.740,291.080,-57.120,-0.184,0.027,0.715,-0.974,1.106,-3.926,0.622,2.944,1.755,1.087,0,NULL,NULL,,0,0,0,7,255,0,250,0,0
baseline,5154,5154,0,200031.817,0.979,-0.051,-0.039,0.192,0,0,0,0,0,0,0,0,33,1.021,25,0,325.412,1.474,125.640,294.860,-56.260,-0.229,0.081,0.785,-0.974,1.106,-3.192,0.614,2.980,1.755,1.087,0,NULL,NULL,,0,0,0,7,255,0,250,0,0
baseline,5154,5154,0,200036.816,0.978,-0.059,-0.050,0.196,0,0,0,0,0,0,0,0,33,1.021,25,0,335.001,1.866,136.320,299.320,-63.640,-0.261,0.131,0.889,-0.974,1.592,-2.450,0.608,3.016,1.755,1.087,0,NULL,NULL,,0,0,0,7,255,0,250,0,0
baseline,5173,5173,0,200041.817,0.976,-0.068,-0.062,0.200,0,0,0,0,0,0,0,0,33,1.021,25,0,345.319,2.041,146.260,303.780,-74.640,-0.235,0.155,1.012,-0.826,1.866,-1.354,0.602,3.042,1.755,1.087,0,NULL,NULL,,0,0,0,7,255,0,250,0,0
baseline,5173,5173,0,200046.816,0.973,-0.077,-0.074,0.204,0,0,0,0,0,0,0,0,33,1.021,25,0,352.515,1.874,146.820,308.720,-86.040,-0.088,0.164,1.157,-0.170,1.866,-0.130,0.596,3.070,1.755,1.087,0,NULL,NULL,,0,0,0,7,255,0,250,0,0
baseline,5174,5174,0,200051.817,0.971,-0.085,-0.086,0.209,0,0,0,0,0,0,0,0,33,1.021,25,0,356.009,1.912,137.120,315.620,-91.240,0.131,0.067,1.161,1.584,1.070,0.724,0.592,3.092,1.755,1.087,0,NULL,NULL,,0,0,0,7,255,0,250,0,0
baseline,5174,5174,0,200056.817,0.968,-0.093,-0.098,0.213,0,0,0,0,0,0,0,0,33,1.021,25,0,353.714,3.506,133.640,318.180,-77.560,0.303,0.109,1.094,3.390,-0.894,0.724,0.592,3.110,1.755,1.087,0,NULL,NULL,,0,0,0,7,255,0,250,0,0
baseline,5185,5185,0,200061.818,0.965,-0.102,-0.110,0.216,0,0,0,0,0,0,0,0,33,1.021,25,0,348.341,5.315,141.620,312.500,-60.240,0.434,0.210,1.054,5.184,-1.174,-0.344,0.594,3.124,1.755,1.087,0,NULL,NULL,,0,0,0,7,255,0,250,0,0
baseline,5185,5185,0,200066.816,0.962,-0.111,-0.121,0.218,0,0,0,0,0,0,0,0,33,1.021,25,0,341.322,6.984,154.380,302.060,-37.780,0.489,0.119,1.136,6.848,-1.370,-0.684,0.598,3.136,1.755,1.087,0,NULL,NULL,,0,0,0,7,255,0,250,0,0
baseline,5207,5207,0,200071.817,0.959,-0.120,-0.132,0.219,0,0,0,0,0,0,0,0,33,1.021,25,0,332.463,7.717,158.220,292.120,-12.800,0.470,0.051,1.265,7.278,-2.566,-0.684,0.602,3.146,1.755,1.087,0,NULL,NULL,,0,0,0,7,255,0,250,0,0
baseline,5207,5207,0,200076.816,0.957,-0.129,-0.142,0.219,0,0,0,0,0,0,0,0,33,1.021,25,0,323.558,8.077,152.620,285.280,3.480,0.381,0.068,1.359,7.278,-3.502,0.348,0.610,3.156,1.755,1.087,0,NULL,NULL,,0,0,0,7,255,0,250,0,0
baseline,5208,5208,0,200081.817,0.954,-0.138,-0.153,0.220,0,0,0,0,0,0,0,0,33,1.021,25,0,318.092,7.816,149.380,280.700,8.680,0.299,0.115,1.408,6.988,-3.502,1.294,0.620,3.164,1.755,1.087,0,NULL,NULL,,0,0,0,7,255,0,250,0,0
baseline,5208,5208,0,200086.817,0.951,-0.146,-0.163,0.220,0,0,0,0,0,0,0,0,33,1.021,25,0,318.556,7.658,149.500,281.020,12.460,0.265,0.091,1.479,6.810,-3.502,1.856,0.630,3.172,1.755,1.087,0,NULL,NULL,,0,0,0,7,255,0,250,0,0
baseline,5248,5248,0,200091.817,0.948,-0.155,-0.173,0.219,0,0,0,0,0,0,0,0,33,1.021,25,0,316.130,7.739,146.520,279.480,19.000,0.196,0.070,1.591,6.808,-3.680,2.416,0.644,3.176,1.755,1.087,0,NULL,NULL,,0,0,0,7,255,0,250,0,0
baseline,5248,5248,0,200096.817,0.944,-0.163,-0.184,0.218,0,0,0,0,0,0,0,0,33,1.021,25,0,316.727,7.989,129.360,288.040,24.800,0.130,0.033,1.861,6.810,-4.178,3.460,0.658,3.182,1.755,1.087,0,NULL,NULL,,0,0,0,7,255,0,250,0,0
baseline,5248,5248,0,200101.817,0.941,-0.169,-0.195,0.217,0,0,0,0,0,0,0,0,33,1.021,25,0,306.391,7.869,88.460,292.420,23.260,0.050,0.140,1.574,6.668,-4.178,3.572,0.674,3.184,1.755,1.087,0,NULL,NULL,,0,0,0,7,255,0,250,0,0
baseline,5248,5248,0,200106.816,0.938,-0.176,-0.204,0.217,0,0,0,0,0,0,0,0,33,1.021,25,0,257.975,7.396,96.580,239.080,8.000,-0.007,0.029,1.398,6.226,-3.992,3.572,0.694,3.186,1.755,1.087,0,NULL,NULL,,0,0,0,7,255,0,250,0,0
baseline,5248,5248,0,200111.817,0.935,-0.182,-0.215,0.217,0,0,0,0,0,0,0,0,33,1.021,25,0,300.273,7.195,111.600,278.760,-1.520,0.024,-0.117,1.758,5.986,-3.992,3.572,0.714,3.186,1.755,1.087,0,NULL,NULL,,0,0,0,7,255,0,250,0,0
baseline,5248,5248,0,200116.816,0.931,-0.188,-0.225,0.217,0,0,0,0,0,0,0,0,33,1.021,25,0,286.496,8.908,92.980,270.880,-7.680,0.067,-0.145,1.574,5.808,-6.754,2.508,0.738,3.182,1.755,1.087,0,NULL,NULL,,0,0,0,7,255,0,250,0,0
baseline,5264,5264,0,200121.817,0.927,-0.194,-0.235,0.217,0,0,0,0,0,0,0,0,33,1.021,25,0,282.065,9.025,91.880,266.540,-8.660,0.041,-0.055,1.558,5.986,-6.754,2.508,0.764,3.178,1.755,1.087,0,NULL,NULL,,0,0,0,7,255,0,250,0,0
baseline,5264,5264,0,200126.817,0.923,-0.201,-0.245,0.218,0,0,0,0,0,0,0,0,33,1.021,25,0,289.289,8.403,108.000,267.580,-20.620,0.004,-0.065,1.492,5.808,-6.072,2.436,0.794,3.168,1.755,1.087,0,NULL,NULL,,0,0,0,7,255,0,250,0,0
baseline,5279,5279,0,200131.817,0.918,-0.208,-0.255,0.220,0,0,0,0,0,0,0,0,33,1.021,25,0,301.691,8.648,126.440,271.360,-37.340,0.032,-0.087,1.578,6.158,-6.072,2.130,0.828,3.156,1.755,1.087,0,NULL,NULL,,0,0,0,7,255,0,250,0,0
baseline,5279,5279,0,200136.817,0.913,-0.215,-0.265,0.222,0,0,0,0,0,0,0,0,33,1.021,25,0,309.148,9.423,137.900,271.560,-53.020,0.108,-0.078,1.668,6.436,-6.882,2.130,0.866,3.138,1.755,1.087,0,NULL,NULL,,0,0,0,7,255,0,250,0,0
baseline,5280,5280,0,200141.817,0.908,-0.222,-0.275,0.225,0,0,0,0,0,0,0,0,33,1.021,25,0,315.739,10.803,146.580,272.720,-61.880,0.206,-0.044,1.736,7.622,-7.656,2.130,0.908,3.114,1.755,1.087,0,NULL,NULL,,0,0,0,7,255,0,250,0,0
baseline,5280,5280,0,200146.816,0.902,-0.230,-0.285,0.228,0,0,0,0,0,0,0,0,33,1.021,25,0,321.808,12.175,155.720,273.080,-68.840,0.295,0.019,1.775,8.972,-8.230,1.942,0.964,3.078,1.755,1.087,0,NULL,NULL,,0,0,0,7,255,0,250,0,0
baseline,5280,5280,0,200151.817,0.896,-0.238,-0.294,0.231,0,0,0,0,0,0,0,0,33,1.021,25,0,328.435,13.289,169.580,269.900,-79.160,0.433,0.038,1.837,10.266,-8.438,1.508,1.024,3.036,1.755,1.087,0,NULL,NULL,,0,0,0,7,255,0,250,0,0
baseline,5280,5280,0,200156.817,0.890,-0.246,-0.305,0.235,0,0,0,0,0,0,0,0,33,1.021,25,0,345.375,14.974,168.540,289.860,-82.820,0.568,0.052,1.858,11.756,-9.274,0.814,1.098,2.978,1.755,1.087,0,NULL,NULL,,0,0,0,7,255,0,250,0,0
baseline,5296,5296,0,200161.817,0.883,-0.255,-0.314,0.239,0,0,0,0,0,0,0,0,33,1.021,25,0,340.945,16.382,194.300,266.740,-85.680,0.895,0.191,2.027,13.006,-9.960,-0.280,1.180,2.912,1.755,1.087,0,NULL,NULL,,0,0,0,7,255,0,250,0,0
baseline,5296,5296,0,200166.816,0.876,-0.264,-0.322,0.243,0,0,0,0,0,0,0,0,33,1.021,25,0,328.559,20.059,201.560,244.400,-87.140,1.042,0.156,1.968,16.826,-10.920,-1.340,1.278,2.830,1.755,1.087,0,NULL,NULL,,0,0,0,7,255,0,250,0,0
baseline,5296,5296,0,200171.817,0.870,-0.273,-0.329,0.247,0,0,0,0,0,0,0,0,33,1.021,25,0,319.902,20.915,208.100,232.420,-70.800,1.299,0.137,2.073,17.360,-11.664,-3.296,1.382,2.744,1.755,1.087,0,NULL,NULL,,0,0,0,7,255,0,250,0,0
baseline,5296,5296,0,200176.817,0.863,-0.282,-0.336,0.250,0,0,0,0,0,0,0,0,33,1.021,25,0,308.137,23.572,208.700,221.620,-47.720,1.457,0.146,2.074,19.406,-13.380,-4.870,1.502,2.642,1.755,1.087,0,NULL,NULL,,0,0,0,7,255,0,250,0,0
baseline,5312,5312,0,200181.817,0.857,-0.292,-0.342,0.252,0,0,0,0,0,0,0,0,33,1.021,25,0,292.733,24.761,210.240,202.400,-22.940,1.562,0.130,2.118,20.402,-14.030,-6.462,1.622,2.540,1.755,1.087,0,NULL,NULL,,0,0,0,7,255,0,250,0,0
baseline,5312,5312,0,200186.817,0.852,-0.301,-0.346,0.253,0,0,0,0,0,0,0,0,33,1.021,25,0,280.102,25.837,206.380,189.340,3.860,1.584,0.137,2.193,21.088,-14.928,-7.472,1.752,2.432,1.755,1.087,0,NULL,NULL,,0,0,0,7,255,0,250,0,0
baseline,5344,5344,0,200191.817,0.846,-0.311,-0.351,0.253,0,0,0,0,0,0,0,0,33,1.021,25,0,263.782,26.479,193.380,177.560,25.640,1.529,0.154,2.235,21.390,-15.608,-7.472,1.874,2.332,1.755,1.087,0,NULL,NULL,,0,0,0,7,255,0,250,0,0
baseline,5344,5344,0,200196.816,0.841,-0.319,-0.355,0.253,0,0,0,0,0,0,0,0,33,1.021,25,0,248.755,26.623,168.060,179.640,36.940,1.448,0.187,2.317,21.422,-15.808,-7.410,2.006,2.222,1.755,1.087,0,NULL,NULL,,0,0,0,7,255,0,250,0,0
baseline,5344,5344,0,200201.817,0.837,-0.326,-0.360,0.252,0,0,0,0,0,0,0,0,33,1.021,25,0,221.933,26.597,139.440,167.980,39.920,1.413,0.130,2.076,21.390,-15.808,-7.410,2.126,2.124,1.755,1.087,0,NULL,NULL,,0,0,0,7,255,0,250,0,0
baseline,5344,5344,0,200206.816,0.833,-0.333,-0.364,0.250,0,0,0,0,0,0,0,0,33,1.021,25,0,209.373,24.945,131.560,157.120,42.920,1.463,0.031,1.993,19.688,-15.318,-8.416,2.262,2.014,1.755,1.087,0,NULL,NULL,,0,0,0,7,255,0,250,0,0
baseline,5344,5344,0,200211.817,0.829,-0.340,-0.368,0.249,0,0,0,0,0,0,0,0,33,1.021,25,0,204.735,24.384,122.580,157.300,46.340,1.495,-0.021,1.961,18.972,-15.318,-9.924,2.376,1.922,1.755,1.087,0,NULL,NULL,,0,0,0,7,255,0,250,0,0
baseline,5344,5344,0,200216.816,0.825,-0.346,-0.372,0.247,0,0,0,0,0,0,0,0,33,1.021,25,0,190.978,24.312,100.620,154.800,48.840,1.489,-0.133,1.877,18.674,-15.568,-10.860,2.506,1.818,1.755,1.087,0,NULL,NULL,,0,0,0,7,255,0,250,0,0
baseline,5360,5360,0,200221.817,0.822,-0.351,-0.376,0.244,0,0,0,0,0,0,0,0,33,1.021,25,0,178.577,23.461,82.180,151.620,46.340,1.512,-0.299,1.616,17.552,-15.568,-11.970,2.622,1.726,1.755,1.087,0,NULL,NULL,,0,0,0,7,255,0,250,0,0
baseline,5360,5360,0,200226.816,0.819,-0.356,-0.380,0.242,0,0,0,0,0,0,0,0,33,1.021,25,0,167.581,21.635,80.540,139.540,46.100,1.570,-0.475,1.353,15.410,-15.186,-14.380,2.744,1.630,1.755,1.087,0,NULL,NULL,,0,0,0,7,255,0,250,0,0
baseline,5360,5360,0,200231.817,0.815,-0.361,-0.383,0.240,0,0,0,0,0,0,0,0,33,1.021,25,0,164.774,19.833,90.600,126.840,53.420,1.605,-0.612,1.164,13.384,-14.636,-17.038,2.856,1.542,1.755,1.087,0,NULL,NULL,,0,0,0,7,255,0,250,0,0
baseline,5360,5360,0,200236.817,0.812,-0.367,-0.385,0.238,0,0,0,0,0,0,0,0,33,1.021,25,0,169.904,18.494,107.380,113.040,67.520,1.547,-0.753,1.019,11.796,-14.244,-18.976,2.982,1.444,1.755,1.087,0,NULL,NULL,,0,0,0,7,255,0,250,0,0
baseline,5376,5376,0,200241.817,0.809,-0.374,-0.387,0.236,0,0,0,0,0,0,0,0,33,1.021,25,0,177.311,17.203,125.280,99.180,76.860,1.532,-0.878,0.930,9.852,-14.102,-19.960,3.082,1.368,1.755,1.087,0,NULL,NULL,,0,0,0,7,255,0,250,0,0
baseline,5376,5376,0,200246.817,0.806,-0.381,-0.388,0.234,0,0,0,0,0,0,0,0,33,1.021,25,0,186.415,16.484,144.980,85.940,79.660,1.401,-0.983,0.926,8.536,-14.102,-20.546,3.196,1.280,1.755,1.087,0,NULL,NULL,,0,0,0,7,255,0,250,0,0
baseline,5392,5392,0,200251.817,0.803,-0.389,-0.388,0.233,0,0,0,0,0,0,0,0,33,1.021,25,0,193.800,16.132,162.740,74.900,73.920,1.317,-0.966,1.005,7.058,-14.506,-20.546,3.298,1.202,1.755,1.087,0,NULL,NULL,,0,0,0,7,255,0,250,0,0
baseline,5392,5392,0,200256.816,0.799,-0.396,-0.387,0.233,0,0,0,0,0,0,0,0,33,1.021,25,0,195.255,16.363,174.700,64.580,58.600,1.298,-0.929,1.154,7.058,-14.762,-19.684,3.416,1.112,1.755,1.087,0,NULL,NULL,,0,0,0,7,255,0,250,0,0
baseline,5392,5392,0,200261.817,0.795,-0.404,-0.387,0.234,0,0,0,0,0,0,0,0,33,1.021,25,0,186.943,17.310,173.740,55.360,41.200,1.353,-0.881,1.336,7.726,-15.490,-18.942,3.538,1.012,1.755,1.087,0,NULL,NULL,,0,0,0,7,255,0,250,0,0
baseline,5392,5392,0,200266.817,0.792,-0.410,-0.387,0.234,0,0,0,0,0,0,0,0,33,1.021,25,0,167.196,18.850,157.620,46.640,30.580,1.430,-0.814,1.499,9.090,-16.514,-18.592,3.708,0.868,1.755,1.087,0,NULL,NULL,,0,0,0,7,255,0,250,0,0
baseline,5392,5392,0,200271.818,0.789,-0.415,-0.386,0.235,0,0,0,0,0,0,0,0,33,1.021,25,0,136.912,20.317,129.180,37.540,25.460,1.471,-0.752,1.588,10.598,-17.334,-18.420,3.890,0.710,1.755,1.087,0,NULL,NULL,,0,0,0,7,255,0,250,0,0
baseline,5392,5392,0,200276.817,0.787,-0.419,-0.386,0.235,0,0,0,0,0,0,0,0,33,1.021,25,0,102.997,20.832,96.960,28.080,20.460,1.475,-0.713,1.582,11.534,-17.348,-18.290,4.084,0.542,1.755,1.087,0,NULL,NULL,,0,0,0,7,255,0,250,0,0
baseline,5408,5408,0,200281.817,0.786,-0.423,-0.385,0.236,0,0,0,0,0,0,0,0,33,1.021,25,0,84.792,21.078,80.660,17.100,19.780,1.330,-0.868,1.763,11.534,-17.642,-18.278,4.242,0.412,1.755,1.087,0,NULL,NULL,,0,0,0,7,255,0,250,0,0
baseline,5408,5408,0,200286.816,0.781,-0.437,-0.377,0.236,0,0,0,0,0,0,0,0,33,1.021,25,0,393.464,22.814,355.620,-55.040,159.120,1.168,-0.571,3.616,11.692,-19.590,-17.188,4.372,0.324,1.755,1.087,0,NULL,NULL,,0,0,0,7,255,0,250,0,0
baseline,5442,5442,0,200291.817,0.782,-0.441,-0.371,0.238,0,0,0,0,0,0,0,0,33,1.021,25,0,183.266,37.656,125.200,-123.520,51.520,1.121,-0.411,4.744,19.284,-32.344,-7.472,4.462,0.282,1.755,1.087,0,NULL,NULL,,0,0,0,7,255,0,250,0,0
baseline,5442,5442,0,200296.817,0.788,-0.431,-0.371,0.237,0,0,0,0,0,0,0,0,33,1.021,25,0,274.430,38.349,-252.780,-96.360,-46.140,1.134,-0.408,3.739,20.604,-32.344,-5.134,4.524,0.270,1.755,1.087,0,NULL,NULL,,0,0,0,7,255,0,250,0,0
baseline,5443,5443,0,200301.817,0.798,-0.412,-0.372,0.234,0,0,0,43,0,0,0,0,33,1.021,25,0,505.325,38.262,-486.600,-123.960,-56.640,1.648,0.151,1.944,20.604,-32.240,-5.134,4.552,0.276,1.755,1.087,0,NULL,NULL,,0,0,0,7,255,0,250,0,0
baseline,5443,5443,0,200306.816,0.810,-0.391,-0.372,0.228,46,0,0,203,0,28,0,0,33,1.021,25,0,562.048,24.977,-538.180,-161.000,-18.420,1.246,0.418,0.710,19.986,-14.980,-13.506,4.564,0.302,1.755,1.087,0,NULL,NULL,,0,0,0,7,255,0,250,0,0
baseline,5443,5443,0,200311.817,0.823,-0.373,-0.368,0.217,143,0,0,347,0,111,0,0,33,1.021,25,0,575.975,14.191,-519.800,-193.840,154.860,0.717,0.564,-0.114,13.754,-3.494,-13.936,4.564,0.344,1.755,1.087,0,NULL,NULL,,0,0,0,7,255,0,250,0,0
baseline,5443,5443,0,200316.816,0.834,-0.364,-0.361,0.205,327,0,0,537,0,163,0,0,33,1.021,25,0,458.298,8.449,-320.220,-197.800,261.480,0.451,0.615,-0.517,7.426,4.030,-13.936,4.562,0.382,1.755,1.087,0,NULL,NULL,,0,0,0,7,255,0,250,0,0
baseline,5472,5472,0,200321.817,0.839,-0.368,-0.351,0.195,537,0,0,715,0,229,0,0,33,1.021,25,0,345.743,5.657,1.180,-166.080,303.240,-0.123,-0.503,-0.151,3.970,4.030,-13.830,4.568,0.386,1.755,1.087,0,NULL,NULL,,0,0,0,7,255,0,250,0,0
baseline,5472,5472,0,200326.816,0.841,-0.374,-0.343,0.186,749,0,0,971,0,285,0,0,33,1.021,25,0,314.451,4.678,73.140,-102.100,288.280,-0.928,-1.337,0.626,-3.978,-2.462,-12.302,4.570,0.384,1.755,1.087,0,NULL,NULL,,0,0,0,7,255,0,250,0,0
baseline,5472,5472,0,200331.817,0.843,-0.377,-0.337,0.182,955,0,0,1123,0,379,0,0,33,1.021,25,0,177.834,12.777,36.280,-97.840,144.000,-1.463,-0.341,1.588,-4.432,-11.984,-6.284,4.566,0.388,1.755,1.087,0,NULL,NULL,,0,0,0,7,255,0,250,0,0
baseline,5472,5472,0,200336.816,0.844,-0.377,-0.335,0.183,1227,0,0,1353,0,470,0,15,33,1.021,25,0,53.041,12.777,-9.800,-51.880,5.080,-0.892,1.972,1.721,-4.432,-11.984,6.862,4.566,0.400,1.755,1.087,0,NULL,NULL,,0,0,0,7,255,0,250,0,0
baseline,5472,5472,0,200341.817,0.846,-0.373,-0.335,0.183,1560,0,0,1765,0,530,0,11,33,1.021,25,0,83.642,6.536,-73.760,-36.500,-14.940,-1.155,1.509,1.394,6.026,2.530,11.972,4.586,0.400,1.755,1.087,0,NULL,NULL,,0,0,0,7,255,0,250,0,0
baseline,5472,5472,0,200346.816,0.850,-0.368,-0.331,0.179,1875,0,0,2073,0,531,0,25,33,1.021,25,0,200.122,6.536,-156.340,-107.300,63.980,-1.244,-0.414,1.377,6.026,2.530,11.972,4.644,0.368,1.755,1.087,0,NULL,NULL,,0,0,0,7,255,0,250,0,0
baseline,5488,5488,0,200351.817,0.856,-0.356,-0.329,0.179,2087,0,0,2248,0,555,0,35,33,1.021,25,0,311.401,11.804,-285.800,-114.740,-46.080,-1.325,-1.315,0.684,-4.328,-10.982,4.068,4.724,0.312,1.755,1.087,0,NULL,NULL,,0,0,0,7,255,0,250,0,0
baseline,5488,5488,0,200356.816,0.861,-0.346,-0.327,0.181,2231,0,0,2409,0,567,0,71,33,1.021,25,0,263.670,14.918,-212.740,-125.180,-92.700,-0.969,-0.580,-0.126,-10.096,-10.982,-2.988,4.828,0.240,1.755,1.087,0,NULL,NULL,,0,0,0,7,255,0,250,0,0
baseline,5488,5488,0,200361.818,0.863,-0.340,-0.324,0.188,2340,0,0,2525,0,573,0,111,33,1.021,25,0,226.176,10.422,-63.820,-144.580,-161.800,-0.593,-0.153,0.280,-10.096,-2.586,-5.238,4.916,0.190,1.755,1.087,0,NULL,NULL,,0,0,0,7,255,0,250,0,0
baseline,5488,5488,0,200366.816,0.863,-0.336,-0.320,0.197,2431,0,0,2631,0,613,0,159,33,1.021,25,0,248.067,4.339,0.940,-140.560,-204.400,-0.132,-0.003,0.991,-3.484,-2.586,-5.238,4.986,0.160,1.755,1.087,0,NULL,NULL,,0,0,0,7,255,0,250,0,0
baseline,5510,5510,0,200371.817,0.863,-0.332,-0.319,0.207,2521,0,0,2713,0,648,0,279,33,1.021,25,0,246.393,6.947,1.980,-101.560,-224.480,0.535,-0.083,1.473,3.740,-5.854,-4.880,5.032,0.136,1.755,1.087,0,NULL,NULL,,0,0,0,7,255,0,250,0,0
baseline,5510,5510,0,200376.816,0.863,-0.328,-0.319,0.215,2595,0,0,2782,0,727,0,395,33,1.021,25,0,203.265,14.539,-22.620,-50.220,-195.660,1.066,-0.526,1.557,10.148,-10.412,-4.880,5.070,0.108,1.755,1.087,0,NULL,NULL,,0,0,0,7,255,0,250,0,0
baseline,5510,5510,0,200381.817,0.863,-0.325,-0.319,0.219,2664,0,0,2845,0,805,0,573,33,1.021,25,0,129.315,19.197,-50.820,-32.580,-114.360,1.305,-0.677,1.342,11.692,-15.226,-9.406,5.096,0.084,1.755,1.087,0,NULL,NULL,,0,0,0,7,255,0,250,0,0
baseline,5510,5510,0,200386.817,0.863,-0.322,-0.319,0.222,2729,0,145,2899,147,905,0,711,33,1.021,25,0,77.600,19.294,-31.840,-31.800,-63.220,1.242,-0.240,1.588,11.850,-15.226,-9.406,5.126,0.066,1.755,1.087,0,NULL,NULL,,0,0,0,7,255,0,250,0,0
baseline,5552,5552,0,200391.817,0.864,-0.319,-0.320,0.222,2775,0,239,2939,317,1060,0,862,33,1.021,25,0,88.416,17.987,-86.280,-9.460,-16.840,0.562,-0.219,1.243,11.692,-13.668,-9.248,5.156,0.056,1.755,1.087,0,NULL,NULL,,0,0,0,7,255,0,250,0,0
baseline,5552,5552,0,200396.817,0.866,-0.315,-0.320,0.219,2829,0,339,2976,489,1180,0,1013,33,1.021,25,0,93.928,13.200,-89.260,-14.700,25.280,0.082,0.088,0.961,8.516,-10.086,-6.796,5.192,0.044,1.755,1.087,0,NULL,NULL,,0,0,0,7,255,0,250,0,0
baseline,5552,5552,0,200401.817,0.867,-0.312,-0.320,0.219,2856,0,473,3005,604,1269,0,1105,33,1.021,25,0,75.870,7.562,-74.200,-14.400,-6.580,-0.229,0.117,0.937,5.576,-5.108,-4.342,5.228,0.032,1.755,1.087,1,1296.000,1296.000,,0,0,0,7,255,0,250,0,0
baseline,5552,5552,0,200406.816,0.868,-0.310,-0.321,0.220,2879,0,583,3029,759,1371,0,1143,33,1.021,25,0,73.964,6.180,-59.420,-3.040,-43.940,-0.196,-0.421,0.863,3.478,-5.108,-4.342,5.268,0.016,1.755,1.087,1,NULL,NULL,,0,0,0,7,255,0,250,0,0
baseline,5552,5552,0,200411.817,0.868,-0.307,-0.322,0.221,2901,0,686,3045,849,1439,0,1207,33,1.021,25,0,63.698,7.828,-37.320,-0.240,-51.620,0.118,-0.780,0.776,0.592,-7.806,-4.724,5.296,0.006,1.755,1.087,1,NULL,NULL,,0,0,0,7,255,0,250,0,0
baseline,5552,5552,0,200416.816,0.868,-0.307,-0.322,0.222,2917,16,759,3051,904,1471,0,1275,33,1.021,25,0,13.528,9.349,-4.560,-2.440,-12.500,0.200,-0.617,0.735,0.592,-9.330,-8.482,5.324,0.000,1.755,1.087,1,NULL,NULL,,0,0,0,7,255,0,250,0,0
baseline,5585,5585,0,200421.817,0.868,-0.308,-0.321,0.221,2923,30,831,3061,940,1523,0,1312,33,1.021,25,0,38.264,9.489,19.320,-6.900,32.300,0.020,-0.003,0.901,1.730,-9.330,-8.482,0.000,0.000,1.755,1.087,1,NULL,NULL,,0,0,0,7,255,0,250,0,0
baseline,5585,5585,0,200426.816,0.868,-0.309,-0.320,0.220,2944,63,879,3081,991,1573,0,1371,33,1.021,26,0,37.086,6.864,20.540,-5.740,30.340,-0.235,0.461,1.119,4.446,-5.230,-4.562,0.000,0.000,1.755,1.087,1,NULL,NULL,,0,0,0,7,255,0,250,0,0
baseline,5585,5585,0,200431.817,0.868,-0.309,-0.320,0.220,2968,83,935,3097,1039,1624,0,1399,33,1.021,26,0,5.389,6.820,0.460,0.860,-5.300,-0.260,0.321,1.203,5.556,-3.956,0.022,0.000,0.000,1.755,1.087,1,NULL,NULL,,0,0,0,7,255,0,250,0,0
baseline,5585,5585,0,200436.817,0.868,-0.308,-0.321,0.221,2976,123,999,3103,1095,1656,0,1461,33,1.021,26,0,31.128,6.820,-23.340,1.220,-20.560,-0.064,-0.137,1.061,5.556,-3.956,0.022,0.000,0.000,1.755,1.087,1,NULL,NULL,,0,0,0,7,255,0,250,0,0
baseline,5585,5585,0,200441.817,0.868,-0.307,-0.321,0.221,2991,139,1033,3121,1132,1695,0,1501,33,1.021,26,0,30.771,8.019,-30.620,0.060,-3.040,0.083,-0.408,0.880,3.894,-7.010,-3.398,0.000,0.000,1.755,1.087,1,NULL,NULL,,0,0,0,7,255,0,250,0,0
baseline,5585,5585,0,200446.817,0.869,-0.307,-0.321,0.219,3007,159,1061,3129,1181,1741,0,1553,33,1.021,26,0,28.897,7.507,-10.840,-1.580,26.740,0.066,-0.343,0.730,2.686,-7.010,-6.388,0.000,0.000,1.755,1.087,1,NULL,NULL,,0,0,0,7,255,0,250,0,0
baseline,5585,5585,0,200451.817,0.869,-0.308,-0.320,0.218,3019,163,1082,3130,1216,1780,0,1593,33,1.021,26,0,41.348,7.430,18.400,-2.560,36.940,-0.145,0.029,0.863,2.686,-6.928,-6.388,0.000,0.000,1.755,1.087,1,NULL,NULL,,0,0,0,7,255,0,250,0,0
baseline,5585,5585,0,200456.817,0.869,-0.309,-0.320,0.218,3045,169,1095,3143,1245,1809,0,1645,33,1.021,26,0,33.813,5.526,28.720,-0.480,17.840,-0.209,0.195,1.060,3.300,-4.432,-3.610,0.000,0.000,1.755,1.087,1,NULL,NULL,,0,0,0,7,255,0,250,0,0
baseline,5606,5606,0,200461.817,0.868,-0.310,-0.320,0.218,3047,203,1109,3153,1283,1835,0,1677,33,1.021,26,0,17.126,6.380,16.820,1.660,2.760,-0.130,0.143,1.169,4.590,-4.432,-1.378,0.000,0.000,1.755,1.087,1,NULL,NULL,,0,0,0,7,255,0,250,0,0
baseline,5606,5606,0,200466.816,0.868,-0.310,-0.320,0.218,3051,204,1135,3157,1321,1865,0,1703,33,1.021,26,0,5.711,7.556,-2.660,2.260,4.520,-0.062,0.061,1.143,5.300,-5.386,-1.378,0.000,0.000,1.755,1.087,1,NULL,NULL,,0,0,0,7,255,0,250,0,0
baseline,5606,5606,0,200471.817,0.869,-0.310,-0.320,0.217,3059,231,1159,3160,1349,1883,0,1725,33,1.021,26,0,15.715,7.556,-11.440,2.140,10.560,-0.086,0.089,1.046,5.300,-5.386,-2.258,0.000,0.000,1.755,1.087,1,NULL,NULL,,0,0,0,7,255,0,250,0,0
baseline,5606,5606,0,200476.816,0.869,-0.310,-0.320,0.217,3069,251,1189,3172,1371,1907,0,1753,33,1.021,26,0,11.464,7.079,-7.180,2.760,8.500,-0.129,0.105,0.992,4.842,-5.164,-2.628,0.000,0.000,1.755,1.087,2,NULL,NULL,,0,0,0,7,255,0,250,0,0
baseline,5606,5606,0,200481.818,0.869,-0.310,-0.320,0.217,3081,275,1207,3165,1391,1915,0,1773,33,1.021,26,0,3.836,6.562,0.200,3.360,1.840,-0.133,0.081,1.002,4.384,-4.882,-2.630,0.000,0.000,1.755,1.087,2,NULL,NULL,,0,0,0,7,255,0,250,0,0
baseline,5606,5606,0,200486.817,0.869,-0.310,-0.320,0.217,3091,299,1223,3179,1417,1929,0,1799,33,1.021,26,0,4.987,6.540,2.660,3.860,-1.700,-0.105,0.037,1.026,4.352,-4.882,-2.640,0.000,0.000,1.755,1.087,2,NULL,NULL,,0,0,0,7,255,0,250,0,0
baseline,5648,5648,0,200491.817,0.869,-0.310,-0.320,0.217,3092,327,1237,3183,1433,1941,0,1821,33,1.021,26,0,3.900,6.945,0.400,3.800,-0.780,-0.090,0.035,1.044,4.352,-5.412,-2.796,0.000,0.000,1.755,1.087,2,NULL,NULL,,0,0,0,7,255,0,250,0,0
baseline,5648,5648,0,200496.816,0.869,-0.310,-0.321,0.216,3097,341,1243,3189,1463,1961,0,1839,33,1.021,26,0,4.841,7.038,-2.480,4.040,0.980,-0.088,0.030,1.022,4.424,-5.474,-2.802,0.000,0.000,1.755,1.087,2,NULL,NULL,,0,0,0,7,255,0,250,0,0
baseline,5648,5648,0,200501.817,0.869,-0.310,-0.321,0.216,3101,363,1257,3189,1470,1975,0,1851,33,1.021,26,0,4.820,7.062,-2.420,3.540,2.200,-0.093,0.007,1.000,4.424,-5.504,-2.966,0.000,0.000,1.755,1.087,2,NULL,NULL,,0,0,0,7,255,0,250,0,0
baseline,5648,5648,0,200506.816,0.868,-0.310,-0.321,0.216,3108,391,1277,3195,1495,1991,0,1869,33,1.021,26,0,4.177,6.908,0.580,3.540,2.140,-0.102,-0.012,0.990,4.174,-5.504,-3.156,0.000,0.000,1.755,1.087,2,NULL,NULL,,0,0,0,7,255,0,250,0,0
baseline,5648,5648,0,200511.817,0.868,-0.310,-0.321,0.216,3110,396,1299,3197,1507,2001,0,1875,33,1.021,26,0,5.644,6.886,4.180,3.540,1.360,-0.102,-0.003,0.998,4.054,-5.566,-3.156,0.000,0.000,1.755,1.087,2,NULL,NULL,,0,0,0,7,255,0,250,0,0
baseline,5648,5648,0,200516.816,0.868,-0.310,-0.321,0.216,3111,407,1322,3205,1523,2013,0,1885,33,1.021,26,0,7.827,6.886,6.920,3.540,0.920,-0.094,0.025,1.019,4.054,-5.566,-3.154,0.000,0.000,1.755,1.087,2,NULL,NULL,,0,0,0,7,255,0,250,0,0
baseline,5664,5664,0,200521.817,0.868,-0.311,-0.321,0.216,3111,415,1335,3207,1533,2021,0,1895,33,1.021,26,0,7.967,7.065,6.740,3.800,1.900,-0.085,0.031,1.039,4.352,-5.566,-2.980,0.000,0.000,1.755,1.087,2,NULL,NULL,,0,0,0,7,255,0,250,0,0
baseline,5664,5664,0,200526.816,0.868,-0.311,-0.321,0.216,3115,430,1337,3207,1543,2025,0,1903,33,1.021,26,0,7.145,7.101,4.660,3.860,3.800,-0.097,0.016,1.042,4.386,-5.584,-2.890,0.000,0.000,1.755,1.087,2,NULL,NULL,,0,0,0,7,255,0,250,0,0
baseline,5664,5664,0,200531.817,0.868,-0.311,-0.321,0.216,3113,441,1343,3208,1546,2028,0,1911,33,1.021,26,0,6.180,7.101,3.200,3.980,3.480,-0.120,0.020,1.028,4.386,-5.584,-2.852,0.000,0.000,1.755,1.087,2,NULL,NULL,,0,0,0,7,255,0,250,0,0
baseline,5664,5664,0,200536.816,0.868,-0.311,-0.321,0.216,3108,448,1351,3199,1553,2029,0,1907,33,1.021,26,0,5.739,6.953,3.940,4.160,0.320,-0.125,0.034,1.014,4.186,-5.552,-2.790,0.000,0.000,1.755,1.087,2,NULL,NULL,,0,0,0,7,255,0,250,0,0
baseline,5664,5664,0,200541.817,0.868,-0.312,-0.322,0.216,3103,447,1353,3197,1553,2039,11,1915,33,1.021,26,0,7.107,6.856,5.460,4.220,-1.700,-0.106,0.017,1.001,4.162,-5.448,-2.790,0.000,0.000,1.755,1.087,2,NULL,NULL,,0,0,0,7,255,0,250,0,0
baseline,5664,5664,0,200546.817,0.868,-0.312,-0.322,0.216,3117,446,1353,3207,1551,2036,17,1917,33,1.021,26,0,7.336,6.843,6.200,3.920,-0.060,-0.090,-0.021,0.992,4.140,-5.448,-3.056,0.000,0.000,1.755,1.087,2,NULL,NULL,,0,0,0,7,255,0,250,0,0
baseline,5679,5679,0,200551.817,0.867,-0.312,-0.322,0.216,3101,446,1351,3198,1549,2031,22,1931,33,1.021,26,0,7.806,6.995,6.320,3.240,3.240,-0.091,-0.061,0.978,4.018,-5.726,-3.350,0.000,0.000,1.755,1.087,2,NULL,NULL,,0,0,0,7,255,0,250,0,0
baseline,5679,5679,0,200556.816,0.867,-0.313,-0.322,0.216,3096,439,1339,3203,1553,2039,38,1927,33,1.021,26,0,10.498,7.020,8.200,2.500,6.060,-0.100,-0.082,0.952,3.738,-5.942,-3.566,0.000,0.000,1.755,1.087,2,NULL,NULL,,0,0,0,7,255,0,250,0,0
baseline,5695,5695,0,200561.817,0.867,-0.313,-0.321,0.216,3097,436,1323,3183,1551,2043,40,1937,33,1.021,26,0,14.960,6.873,12.840,1.540,7.520,-0.104,-0.077,0.946,3.454,-5.942,-3.744,0.000,0.000,1.755,1.087,2,NULL,NULL,,0,0,0,7,255,0,250,0,0
baseline,5695,5695,0,200566.817,0.867,-0.314,-0.321,0.216,3091,437,1303,3187,1549,2040,44,1938,33,1.021,26,0,19.671,6.813,17.980,0.800,7.940,-0.100,-0.045,0.965,3.454,-5.872,-3.744,0.000,0.000,1.755,1.087,2,NULL,NULL,,0,0,0,7,255,0,250,0,0
baseline,5695,5695,0,200571.817,0.867,-0.315,-0.321,0.216,3083,423,1279,3181,1543,2040,51,1941,33,1.021,26,0,22.727,6.842,20.720,1.040,9.280,-0.082,-0.004,0.995,3.686,-5.764,-3.558,0.000,0.000,1.755,1.087,2,NULL,NULL,,0,0,0,7,255,0,250,0,0
baseline,5695,5695,0,200576.817,0.867,-0.316,-0.321,0.215,3069,420,1266,3176,1531,2035,54,1941,33,1.021,26,0,24.154,7.028,20.720,0.560,12.400,-0.085,0.024,1.012,4.152,-5.670,-3.350,0.000,0.000,1.755,1.087,2,NULL,NULL,,0,0,0,7,255,0,250,0,0
baseline,5712,5712,0,200581.817,0.866,-0.317,-0.320,0.215,3061,415,1243,3171,1527,2030,59,1941,33,1.021,26,0,24.193,7.047,19.060,-0.060,14.900,-0.111,0.048,1.024,4.330,-5.560,-3.136,0.000,0.000,1.755,1.087,2,NULL,NULL,,0,0,0,7,255,0,250,0,0
baseline,5712,5712,0,200586.816,0.866,-0.318,-0.320,0.215,3051,411,1229,3163,1524,2027,61,1943,33,1.021,26,0,22.594,6.946,18.160,-0.240,13.440,-0.130,0.089,1.032,4.344,-5.420,-2.814,0.000,0.000,1.755,1.087,2,NULL,NULL,,0,0,0,7,255,0,250,0,0
baseline,5745,5745,0,200591.817,0.866,-0.318,-0.320,0.215,3045,404,1215,3159,1519,2029,61,1949,33,1.021,26,0,20.258,6.779,17.900,-0.300,9.480,-0.131,0.130,1.042,4.434,-5.128,-2.500,0.000,0.000,1.755,1.087,2,NULL,NULL,,0,0,0,7,255,0,250,0,0
baseline,5745,5745,0,200596.817,0.866,-0.319,-0.320,0.214,3031,407,1211,3153,1521,2025,63,1951,33,1.021,26,0,17.712,6.770,16.620,-0.180,6.120,-0.115,0.150,1.057,4.676,-4.896,-2.290,0.000,0.000,1.755,1.087,2,NULL,NULL,,0,0,0,7,255,0,250,0,0
baseline,5746,5746,0,200601.818,0.866,-0.320,-0.319,0.214,3021,397,1205,3147,1518,2024,73,1955,33,1.021,26,0,13.732,6.965,12.660,0.000,5.320,-0.104,0.145,1.065,4.954,-4.896,-2.284,0.000,0.000,1.755,1.087,2,NULL,NULL,,0,0,0,7,255,0,250,0,0
baseline,5746,5746,0,200606.816,0.866,-0.320,-0.319,0.214,3003,405,1205,3135,1513,2021,88,1965,33,1.021,26,0,9.271,7.034,7.360,0.440,5.620,-0.113,0.126,1.054,4.954,-4.994,-2.284,0.000,0.000,1.755,1.087,2,NULL,NULL,,0,0,0,7,255,0,250,0,0
baseline,5746,5746,0,200611.817,0.866,-0.320,-0.319,0.214,2995,405,1207,3129,1513,2027,91,1973,33,1.021,26,0,5.150,6.941,3.380,0.440,3.860,-0.135,0.115,1.032,4.820,-4.994,-2.356,0.000,0.000,1.755,1.087,2,NULL,NULL,,0,0,0,7,255,0,250,0,0
baseline,5746,5746,0,200616.816,0.866,-0.320,-0.319,0.214,2983,411,1213,3123,1519,2023,103,1981,33,1.021,26,0,2.235,6.713,2.220,0.260,0.020,-0.142,0.104,1.014,4.510,-4.972,-2.392,0.000,0.000,1.755,1.087,2,NULL,NULL,,0,0,0,7,255,0,250,0,0
baseline,5760,5760,0,200621.817,0.866,-0.320,-0.319,0.214,2965,415,1231,3112,1527,2026,111,1993,33,1.021,26,0,4.615,6.584,2.720,-0.240,-3.720,-0.141,0.096,1.008,4.318,-4.970,-2.498,0.000,0.000,1.755,1.087,2,NULL,NULL,,0,0,0,7,255,0,250,0,0
baseline,5760,5760,0,200626.816,0.866,-0.320,-0.319,0.215,2951,419,1248,3109,1543,2035,131,2003,33,1.021,26,0,7.424,6.546,3.020,-0.540,-6.760,-0.145,0.092,1.016,4.260,-4.970,-2.512,0.000,0.000,1.755,1.087,2,NULL,NULL,,0,0,0,7,255,0,250,0,0
baseline,5760,5760,0,200631.817,0.866,-0.320,-0.319,0.215,2934,423,1276,3097,1558,2037,157,2011,33,1.021,26,0,11.223,6.582,1.860,-0.780,-11.040,-0.154,0.101,1.027,4.260,-5.018,-2.512,0.000,0.000,1.755,1.087,2,NULL,NULL,,0,0,0,7,255,0,250,0,0
baseline,5760,5760,0,200636.816,0.865,-0.320,-0.319,0.216,2915,430,1309,3091,1577,2042,189,2025,33,1.021,26,0,16.354,6.594,-0.160,-0.660,-16.340,-0.147,0.109,1.029,4.278,-5.018,-2.358,0.000,0.000,1.755,1.087,2,NULL,NULL,,0,0,0,7,255,0,250,0,0
baseline,5760,5760,0,200641.817,0.865,-0.320,-0.320,0.217,2903,438,1355,3083,1591,2053,231,2037,33,1.021,26,0,20.400,6.658,-2.360,-0.360,-20.260,-0.130,0.099,1.021,4.376,-5.018,-2.358,0.000,0.000,1.755,1.087,2,NULL,NULL,,0,0,0,7,255,0,250,0,0
baseline,5760,5760,0,200646.816,0.865,-0.319,-0.320,0.217,2880,467,1429,3065,1613,2057,267,2053,33,1.021,26,0,23.769,6.673,-4.680,0.440,-23.300,-0.114,0.071,1.015,4.376,-5.038,-2.548,0.000,0.000,1.755,1.087,2,NULL,NULL,,0,0,0,7,255,0,250,0,0
baseline,5776,5776,0,200651.817,0.865,-0.319,-0.320,0.218,2863,473,1465,3063,1635,2065,311,2063,33,1.021,26,0,25.733,6.811,-6.620,1.160,-24.840,-0.099,0.025,1.004,4.356,-5.236,-2.788,0.000,0.000,1.755,1.087,2,NULL,NULL,,0,0,0,7,255,0,250,0,0
baseline,5776,5776,0,200656.816,0.865,-0.318,-0.321,0.219,2843,491,1515,3049,1657,2067,345,2066,33,1.021,26,0,26.649,6.942,-7.900,1.900,-25.380,-0.088,-0.007,0.993,4.178,-5.544,-3.112,0.000,0.000,1.755,1.087,2,NULL,NULL,,0,0,0,7,255,0,250,0,0
baseline,5791,5791,0,200661.817,0.865,-0.317,-0.321,0.220,2831,503,1557,3047,1687,2069,369,2077,33,1.021,26,0,26.801,7.012,-8.520,2.140,-25.320,-0.089,-0.018,0.981,4.038,-5.732,-3.364,0.000,0.000,1.755,1.087,2,NULL,NULL,,0,0,0,7,255,0,250,0,0
baseline,5791,5791,0,200666.817,0.865,-0.317,-0.321,0.221,2811,525,1595,3033,1717,2073,397,2088,33,1.021,26,0,26.702,6.983,-8.520,2.320,-25.200,-0.084,-0.018,0.982,3.974,-5.742,-3.468,0.000,0.000,1.755,1.087,2,NULL,NULL,,0,0,0,7,255,0,250,0,0
baseline,5808,5808,0,200671.817,0.864,-0.316,-0.322,0.222,2793,539,1645,3030,1736,2083,439,2103,33,1.021,26,0,25.300,6.983,-8.400,2.440,-23.740,-0.081,-0.005,0.976,3.974,-5.742,-3.494,0.000,0.000,1.755,1.087,2,NULL,NULL,,0,0,0,7,255,0,250,0,0
baseline,5808,5808,0,200676.816,0.864,-0.315,-0.322,0.222,2772,569,1689,3020,1770,2088,477,2111,33,1.021,26,0,23.189,6.915,-8.020,1.280,-21.720,-0.084,0.001,0.986,4.038,-5.614,-3.494,0.000,0.000,1.755,1.087,2,NULL,NULL,,0,0,0,7,255,0,250,0,0
baseline,5808,5808,0,200681.817,0.864,-0.315,-0.323,0.223,2749,582,1725,3012,1789,2092,499,2121,33,1.021,26,0,22.699,6.955,-9.320,0.860,-20.680,-0.090,0.006,1.000,4.106,-5.614,-3.402,0.000,0.000,1.755,1.087,2,NULL,NULL,,0,0,0,7,255,0,250,0,0
baseline,5808,5808,0,200686.817,0.864,-0.314,-0.323,0.224,2731,596,1779,3001,1815,2099,553,2135,33,1.021,26,0,22.250,6.983,-10.660,0.620,-19.520,-0.103,0.018,1.005,4.158,-5.610,-3.254,0.000,0.000,1.755,1.087,2,NULL,NULL,,0,0,0,7,255,0,250,0,0
baseline,5857,5857,0,200691.817,0.864,-0.313,-0.323,0.224,2709,607,1831,2989,1837,2103,594,2145,33,1.021,26,0,23.035,6.936,-12.420,-0.120,-19.400,-0.113,0.046,1.014,4.162,-5.548,-3.090,0.000,0.000,1.755,1.087,3,NULL,NULL,,0,0,0,7,255,0,250,0,0
baseline,5857,5857,0,200696.817,0.864,-0.312,-0.323,0.225,2683,615,1875,2979,1863,2109,615,2157,33,0.853,26,0,27.078,6.865,-15.120,-0.360,-22.460,-0.122,0.051,1.025,4.290,-5.360,-2.874,0.000,0.000,2.844,0.951,3,NULL,NULL,,0,0,0,7,255,0,250,0,0
baseline,5857,5857,0,200701.817,0.864,-0.311,-0.324,0.226,2661,621,1903,2967,1887,2118,654,2169,33,0.853,26,0,30.075,6.879,-17.740,-0.540,-24.280,-0.098,0.042,1.032,4.312,-5.360,-2.862,0.028,0.004,2.844,0.951,3,NULL,NULL,,0,0,0,7,255,0,250,0,0
baseline,5857,5857,0,200706.816,0.864,-0.310,-0.324,0.226,2636,645,1951,2959,1920,2120,680,2185,33,0.853,26,0,31.697,7.028,-20.300,0.440,-24.340,-0.082,0.021,1.010,4.380,-5.496,-2.862,0.054,0.006,2.844,0.951,3,NULL,NULL,,0,0,0,7,255,0,250,0,0
baseline,5857,5857,0,200711.817,0.865,-0.309,-0.325,0.227,2611,651,1993,2943,1956,2125,715,2203,33,0.853,26,0,30.460,7.067,-21.160,-1.760,-21.840,-0.077,-0.013,0.990,4.380,-5.546,-3.170,0.084,0.010,2.844,0.951,3,NULL,NULL,,0,0,0,7,255,0,250,0,0
baseline,5857,5857,0,200716.816,0.865,-0.308,-0.325,0.228,2588,675,2043,2931,1989,2124,749,2215,33,0.853,26,0,29.111,7.034,-20.360,-0.540,-20.800,-0.090,-0.039,0.986,4.152,-5.678,-3.436,0.112,0.014,2.844,0.951,3,NULL,NULL,,0,0,0,7,255,0,250,0,0
baseline,5857,5857,0,200721.817,0.865,-0.307,-0.325,0.228,2553,700,2085,2918,2009,2131,799,2227,33,0.853,26,0,28.971,7.036,-20.060,-1.340,-20.860,-0.090,-0.038,0.994,3.968,-5.810,-3.436,0.140,0.016,2.844,0.951,3,NULL,NULL,,0,0,0,7,255,0,250,0,0
baseline,5857,5857,0,200726.816,0.865,-0.306,-0.326,0.229,2523,728,2123,2903,2035,2136,829,2247,33,0.853,26,0,28.956,7.036,-20.360,-1.100,-20.560,-0.084,-0.029,0.989,3.968,-5.810,-3.422,0.168,0.018,2.844,0.951,3,NULL,NULL,,0,0,0,7,255,0,250,0,0
baseline,5874,5874,0,200731.817,0.865,-0.305,-0.326,0.229,2492,747,2153,2889,2063,2139,871,2260,33,0.853,26,0,27.157,7.016,-18.960,-2.000,-19.340,-0.091,-0.016,0.985,4.040,-5.736,-3.382,0.198,0.022,2.844,0.951,3,NULL,NULL,,0,0,0,7,255,0,250,0,0
baseline,5874,5874,0,200736.818,0.865,-0.304,-0.326,0.230,2459,761,2191,2871,2079,2148,891,2276,33,0.853,26,0,24.989,6.905,-16.080,-2.380,-18.980,-0.106,0.008,0.986,4.056,-5.588,-3.352,0.226,0.022,2.844,0.951,3,NULL,NULL,,0,0,0,7,255,0,250,0,0
baseline,5874,5874,0,200741.817,0.865,-0.303,-0.326,0.230,2425,781,2221,2851,2109,2147,919,2295,33,0.853,26,0,25.971,6.820,-15.540,-2.800,-20.620,-0.114,0.015,1.017,4.090,-5.458,-3.168,0.256,0.024,2.844,0.951,3,NULL,NULL,,0,0,0,7,255,0,250,0,0
baseline,5874,5874,0,200746.817,0.865,-0.302,-0.327,0.231,2381,795,2259,2835,2139,2151,932,2309,33,0.853,26,0,28.418,6.899,-17.620,-3.100,-22.080,-0.104,0.009,1.024,4.220,-5.458,-2.918,0.284,0.026,2.844,0.951,3,NULL,NULL,,0,0,0,7,255,0,250,0,0
baseline,5874,5874,0,200751.817,0.865,-0.301,-0.327,0.232,2343,808,2295,2808,2157,2150,960,2319,33,0.853,26,0,29.497,6.977,-19.440,-3.540,-21.900,-0.094,-0.011,1.012,4.220,-5.556,-2.918,0.314,0.028,2.844,0.951,3,NULL,NULL,,0,0,0,7,255,0,250,0,0
baseline,5874,5874,0,200756.817,0.865,-0.300,-0.327,0.232,2311,813,2333,2791,2190,2151,999,2329,33,0.853,26,0,29.009,7.007,-19.880,-4.320,-20.680,-0.092,-0.017,0.998,4.214,-5.598,-3.116,0.340,0.030,2.844,0.951,3,NULL,NULL,,0,0,0,7,255,0,250,0,0
baseline,5888,5888,0,200761.817,0.866,-0.299,-0.327,0.233,2251,829,2366,2767,2217,2156,1017,2346,33,0.853,26,0,29.429,6.977,-19.560,-4.700,-21.480,-0.097,-0.010,1.002,4.164,-5.598,-3.140,0.370,0.032,2.844,0.951,3,NULL,NULL,,0,0,0,7,255,0,250,0,0
baseline,5888,5888,0,200766.816,0.866,-0.298,-0.328,0.234,2197,851,2405,2741,2237,2157,1065,2356,33,0.853,26,0,30.620,6.974,-19.560,-5.360,-22.940,-0.097,-0.015,1.007,4.164,-5.594,-3.140,0.398,0.034,2.844,0.951,3,NULL,NULL,,0,0,0,7,255,0,250,0,0
baseline,5907,5907,0,200771.817,0.866,-0.297,-0.328,0.234,2135,857,2439,2715,2263,2163,1099,2375,33,0.853,26,0,31.491,6.974,-20.600,-5.480,-23.180,-0.078,-0.043,1.007,4.164,-5.594,-3.140,0.428,0.036,2.844,0.951,3,NULL,NULL,,0,0,0,7,255,0,250,0,0
baseline,5907,5907,0,200776.817,0.866,-0.295,-0.328,0.235,2075,865,2472,2677,2290,2165,1125,2395,33,0.853,26,0,29.432,7.161,-20.180,-5.600,-20.680,-0.065,-0.060,0.990,4.152,-5.834,-3.318,0.456,0.036,2.844,0.951,3,NULL,NULL,,0,0,0,7,255,0,250,0,0
baseline,5907,5907,0,200781.817,0.867,-0.294,-0.327,0.236,2021,869,2507,2639,2316,2160,1150,2408,33,0.853,26,0,26.494,7.120,-18.400,-5.920,-18.120,-0.066,-0.049,0.981,4.082,-5.834,-3.550,0.488,0.038,2.844,0.951,3,NULL,NULL,,0,0,0,7,255,0,250,0,0
baseline,5907,5907,0,200786.817,0.867,-0.293,-0.327,0.236,1952,872,2535,2599,2339,2160,1192,2421,33,0.853,26,0,23.791,7.030,-15.240,-6.640,-17.020,-0.076,-0.032,0.979,4.082,-5.724,-3.550,0.514,0.038,2.844,0.951,3,NULL,NULL,,0,0,0,7,255,0,250,0,0
baseline,5940,5940,0,200791.817,0.868,-0.291,-0.326,0.237,1891,875,2555,2555,2367,2163,1245,2437,33,0.853,26,0,22.737,6.885,-13.460,-6.640,-17.080,-0.087,-0.023,0.997,4.098,-5.532,-3.430,0.546,0.040,2.844,0.951,3,NULL,NULL,,0,0,0,7,255,0,250,0,0
baseline,5940,5940,0,200796.816,0.868,-0.290,-0.326,0.237,1821,879,2583,2507,2403,2165,1274,2453,33,0.853,26,0,23.438,6.912,-13.220,-7.260,-17.940,-0.083,-0.020,1.006,4.144,-5.532,-3.190,0.572,0.040,2.844,0.951,3,NULL,NULL,,0,0,0,7,255,0,250,0,0
baseline,5941,5941,0,200801.817,0.869,-0.289,-0.325,0.238,1749,883,2601,2455,2421,2167,1307,2463,33,0.853,26,0,22.951,6.915,-13.160,-7.320,-17.320,-0.098,-0.026,1.012,4.144,-5.536,-3.130,0.602,0.042,2.844,0.951,3,NULL,NULL,,0,0,0,7,255,0,250,0,0
baseline,5941,5941,0,200806.816,0.869,-0.287,-0.324,0.239,1676,886,2633,2393,2451,2168,1341,2483,33,0.853,26,0,23.137,6.986,-13.520,-8.660,-16.660,-0.087,-0.019,1.031,4.232,-5.558,-2.988,0.632,0.044,2.844,0.951,3,NULL,NULL,,0,0,0,7,255,0,250,0,0
baseline,5941,5941,0,200811.817,0.870,-0.286,-0.324,0.239,1581,883,2653,2325,2474,2168,1372,2493,33,0.853,26,0,23.559,7.029,-14.560,-8.720,-16.340,-0.091,-0.026,1.031,4.240,-5.606,-2.894,0.662,0.044,2.844,0.951,3,NULL,NULL,,0,0,0,7,255,0,250,0,0
baseline,5941,5941,0,200816.816,0.870,-0.284,-0.323,0.240,1487,876,2677,2223,2496,2170,1398,2505,33,0.853,26,0,26.103,7.084,-17.360,-9.820,-16.840,-0.081,-0.021,1.036,4.312,-5.620,-2.868,0.690,0.046,2.844,0.951,3,NULL,NULL,,0,0,0,7,255,0,250,0,0
baseline,5979,5979,0,200821.817,0.871,-0.283,-0.322,0.241,1369,875,2701,2180,2524,2165,1427,2525,33,0.853,26,0,25.692,7.067,-17.800,-10.240,-15.440,-0.069,-0.043,1.025,4.264,-5.636,-2.868,0.720,0.046,2.844,0.951,3,NULL,NULL,,0,0,0,7,255,0,250,0,0
baseline,5979,5979,0,200826.816,0.871,-0.281,-0.322,0.241,1291,864,2719,2123,2549,2169,1460,2540,33,0.853,26,0,28.278,7.055,-22.740,-12.880,-10.800,-0.075,-0.041,1.001,4.264,-5.620,-3.054,0.748,0.048,2.844,0.951,3,NULL,NULL,,0,0,0,7,255,0,250,0,0
baseline,5979,5979,0,200831.817,0.872,-0.280,-0.321,0.241,1188,859,2742,2056,2577,2166,1497,2553,33,0.853,26,0,26.849,6.903,-20.480,-14.400,-9.700,-0.106,-0.035,1.007,4.116,-5.542,-3.054,0.780,0.048,2.844,0.951,3,NULL,NULL,,0,0,0,7,255,0,250,0,0
baseline,5979,5979,0,200836.817,0.873,-0.278,-0.320,0.242,1091,839,2763,1951,2601,2157,1544,2577,33,0.853,26,0,23.204,6.763,-12.660,-13.840,-13.660,-0.109,-0.041,1.015,3.964,-5.480,-2.856,0.808,0.050,2.844,0.951,3,NULL,NULL,,0,0,0,7,255,0,250,0,0
baseline,5979,5979,0,200841.817,0.873,-0.277,-0.319,0.242,984,825,2779,1863,2621,2155,1567,2589,33,0.853,26,0,23.932,6.720,-10.100,-15.560,-15.120,-0.095,-0.023,1.026,3.964,-5.426,-2.774,0.838,0.050,2.844,0.951,3,NULL,NULL,,0,0,0,7,255,0,250,0,0
baseline,5979,5979,0,200846.817,0.874,-0.276,-0.318,0.243,895,795,2799,1725,2644,2146,1612,2600,33,0.853,26,0,23.365,6.886,-8.700,-16.160,-14.460,-0.066,-0.028,1.033,4.170,-5.480,-2.774,0.866,0.050,2.844,0.951,3,NULL,NULL,,0,0,0,7,255,0,250,0,0
baseline,5980,5980,0,200851.817,0.875,-0.275,-0.317,0.244,781,763,2819,1609,2660,2131,1645,2615,33,0.853,26,0,23.753,7.051,-12.180,-17.260,-10.860,-0.038,-0.044,1.053,4.354,-5.546,-2.858,0.898,0.052,2.844,0.951,3,NULL,NULL,,0,0,0,7,255,0,250,0,0
baseline,5980,5980,0,200856.816,0.875,-0.274,-0.316,0.244,693,717,2835,1479,2681,2119,1684,2636,33,0.853,26,0,22.589,7.123,-12.240,-18.920,-1.580,-0.066,-0.017,1.050,4.470,-5.546,-2.858,0.926,0.052,2.844,0.951,3,NULL,NULL,,0,0,0,7,255,0,250,0,0
baseline,6004,6004,0,200861.817,0.876,-0.272,-0.314,0.244,605,681,2851,1352,2705,2099,1719,2651,33,0.853,26,0,28.215,7.102,-18.220,-21.420,-2.300,-0.096,0.016,1.064,4.498,-5.496,-2.668,0.956,0.052,2.844,0.951,3,NULL,NULL,,0,0,0,7,255,0,250,0,0
baseline,6004,6004,0,200866.817,0.877,-0.271,-0.313,0.244,469,611,2863,1177,2728,2077,1767,2675,33,0.853,26,0,28.068,6.865,-16.820,-22.140,-3.840,-0.107,0.020,1.051,4.470,-5.210,-2.264,0.984,0.054,2.844,0.951,3,NULL,NULL,,0,0,0,7,255,0,250,0,0
baseline,6004,6004,0,200871.817,0.878,-0.270,-0.312,0.244,325,532,2877,1049,2740,2044,1817,2685,33,0.853,26,0,31.333,6.883,-17.620,-23.800,-10.240,-0.063,0.004,1.083,4.498,-5.210,-2.264,1.014,0.054,2.844,0.951,3,NULL,NULL,,0,0,0,7,255,0,250,0,0
baseline,6004,6004,0,200876.817,0.879,-0.268,-0.310,0.245,245,441,2893,879,2763,2003,1865,2703,33,0.853,26,0,29.727,7.062,-12.860,-26.480,-4.140,-0.028,0.024,1.068,4.712,-5.260,-2.328,1.042,0.056,2.844,0.951,3,NULL,NULL,,0,0,0,7,255,0,250,0,0
baseline,6021,6021,0,200881.817,0.879,-0.267,-0.308,0.245,181,371,2907,763,2781,1959,1903,2717,33,0.853,26,0,31.466,7.362,-4.860,-30.640,5.260,-0.045,0.007,1.166,4.972,-5.430,-2.328,1.072,0.058,2.844,0.951,3,NULL,NULL,,0,0,0,7,255,0,250,0,0
baseline,6021,6021,0,200886.816,0.880,-0.268,-0.306,0.244,167,293,2921,699,2799,1895,1946,2731,33,0.853,26,0,44.932,7.664,17.360,-34.660,22.720,-0.185,-0.010,1.308,4.972,-5.832,-1.788,1.100,0.060,2.844,0.951,3,NULL,NULL,,0,0,0,7,255,0,250,0,0
baseline,6050,6050,0,200891.817,0.881,-0.268,-0.304,0.243,127,267,2931,665,2812,1863,1977,2736,33,0.853,26,0,63.333,7.873,16.560,-45.700,40.600,-0.339,-0.128,1.443,4.706,-6.312,0.092,1.130,0.062,2.844,0.951,3,NULL,NULL,,0,0,0,7,255,0,250,0,0
baseline,6050,6050,0,200896.817,0.883,-0.267,-0.301,0.243,105,199,2941,617,2829,1828,2019,2748,33,0.853,26,0,60.959,7.993,-19.020,-53.400,22.420,-0.304,-0.140,1.350,3.544,-7.164,0.910,1.160,0.062,2.844,0.951,3,NULL,NULL,,0,0,0,7,255,0,250,0,0
baseline,6050,6050,0,200901.817,0.884,-0.264,-0.299,0.243,85,121,2953,569,2843,1779,2045,2763,33,0.853,26,0,71.373,7.875,-48.740,-52.120,-1.400,-0.154,-0.186,1.091,3.270,-7.164,0.910,1.190,0.064,2.844,0.951,3,NULL,NULL,,0,0,0,7,255,0,250,0,0
baseline,6050,6050,0,200906.816,0.886,-0.261,-0.296,0.243,37,71,2962,539,2857,1747,2084,2772,33,0.853,26,0,66.526,7.228,-30.060,-58.700,8.740,-0.046,-0.162,0.928,3.064,-6.546,-1.936,1.218,0.066,2.844,0.951,3,NULL,NULL,,0,0,0,7,255,0,250,0,0
baseline,6050,6050,0,200911.817,0.887,-0.260,-0.293,0.242,21,27,2967,481,2869,1691,2109,2775,33,0.853,26,0,68.292,6.549,-5.840,-64.200,22.540,-0.066,-0.065,0.963,3.064,-5.788,-3.026,1.250,0.066,2.844,0.951,3,NULL,NULL,,0,0,0,7,255,0,250,0,0
baseline,6050,6050,0,200916.816,0.889,-0.260,-0.290,0.242,20,18,2971,437,2885,1635,2141,2781,33,0.853,26,0,73.355,6.388,17.180,-66.160,26.620,-0.144,-0.063,1.071,3.406,-5.404,-3.026,1.280,0.068,2.844,0.951,3,NULL,NULL,,0,0,0,7,255,0,250,0,0
baseline,6064,6064,0,200921.817,0.890,-0.260,-0.286,0.242,3,0,2975,375,2899,1583,2165,2789,33,0.853,26,0,76.786,6.388,21.200,-70.060,23.200,-0.187,-0.105,1.167,3.406,-5.404,-1.722,1.310,0.068,2.844,0.951,3,NULL,NULL,,0,0,0,7,255,0,250,0,0
baseline,6064,6064,0,200926.816,0.891,-0.260,-0.282,0.242,0,0,2975,331,2909,1513,2198,2789,33,0.853,26,0,79.330,6.966,18.400,-74.760,19.120,-0.163,-0.124,1.215,3.406,-6.076,-0.824,1.340,0.068,2.844,0.951,3,NULL,NULL,,0,0,0,7,255,0,250,0,0
baseline,6064,6064,0,200931.817,0.893,-0.259,-0.278,0.242,0,0,2979,280,2927,1417,2229,2795,33,0.853,26,0,81.173,7.343,11.920,-78.300,17.780,-0.108,-0.114,1.210,3.412,-6.502,-0.824,1.370,0.068,2.844,0.951,3,NULL,NULL,,0,0,0,7,255,0,250,0,0
baseline,6064,6064,0,200936.816,0.894,-0.259,-0.274,0.242,0,0,2980,232,2933,1339,2251,2795,33,0.853,26,0,86.721,7.510,8.200,-83.240,22.900,-0.076,-0.078,1.181,3.758,-6.502,-0.910,1.400,0.066,2.844,0.951,3,NULL,NULL,,0,0,0,7,255,0,250,0,0
baseline,6081,6081,0,200941.817,0.896,-0.258,-0.270,0.241,0,0,2981,173,2939,1247,2275,2797,33,0.853,26,0,92.944,7.344,8.440,-87.880,29.060,-0.081,-0.037,1.170,3.986,-6.168,-1.070,1.432,0.066,2.844,0.951,3,NULL,NULL,,0,0,0,7,255,0,250,0,0
baseline,6081,6081,0,200946.816,0.897,-0.257,-0.266,0.241,0,0,2979,91,2951,1163,2293,2795,33,0.853,26,0,96.725,7.016,5.040,-92.100,29.120,-0.091,0.007,1.167,4.040,-5.736,-1.070,1.460,0.066,2.844,0.951,3,NULL,NULL,,0,0,0,7,255,0,250,0,0
baseline,6081,6081,0,200951.817,0.899,-0.257,-0.261,0.240,0,0,2974,19,2957,1078,2313,2795,33,0.853,26,0,101.324,6.704,13.400,-96.120,29.120,-0.091,0.045,1.186,4.100,-5.304,-0.874,1.494,0.064,2.844,0.951,3,NULL,NULL,,0,0,0,7,255,0,250,0,0
baseline,6081,6081,0,200956.817,0.901,-0.257,-0.256,0.240,0,0,2967,0,2965,973,2335,2791,33,0.853,26,0,104.175,6.669,14.060,-99.480,27.540,-0.070,0.056,1.208,4.274,-5.120,-0.580,1.522,0.064,2.844,0.951,3,NULL,NULL,,0,0,0,7,255,0,250,0,0
baseline,6096,6096,0,200961.817,0.902,-0.256,-0.251,0.240,0,0,2967,0,2968,867,2355,2791,33,0.853,26,0,106.105,6.798,9.000,-102.040,27.660,-0.029,0.035,1.250,4.472,-5.120,-0.440,1.552,0.066,2.844,0.951,3,NULL,NULL,,0,0,0,7,255,0,250,0,0
baseline,6096,6096,0,200966.817,0.904,-0.255,-0.246,0.239,0,0,2955,0,2968,743,2375,2781,33,0.853,26,0,109.771,7.205,2.720,-105.580,29.920,-0.035,0.021,1.266,4.566,-5.574,-0.328,1.580,0.066,2.844,0.951,3,NULL,NULL,,0,0,0,7,255,0,250,0,0
baseline,6097,6097,0,200971.817,0.906,-0.254,-0.241,0.239,0,0,2951,0,2969,659,2391,2779,33,0.853,26,0,118.028,7.215,1.980,-112.120,36.820,-0.074,0.022,1.282,4.566,-5.586,-0.140,1.612,0.066,2.844,0.951,3,NULL,NULL,,0,0,0,7,255,0,250,0,0
baseline,6097,6097,0,200976.816,0.908,-0.253,-0.235,0.238,0,0,2939,0,2972,579,2405,2765,33,0.853,26,0,126.849,7.006,4.480,-120.300,39.980,-0.126,0.048,1.306,4.228,-5.586,0.270,1.640,0.068,2.844,0.951,3,NULL,NULL,,0,0,0,7,255,0,250,0,0
baseline,6112,6112,0,200981.817,0.910,-0.252,-0.229,0.237,0,0,2927,0,2972,429,2413,2745,33,0.853,26,0,131.401,6.775,0.140,-125.720,38.220,-0.146,0.035,1.367,3.914,-5.530,0.868,1.674,0.068,2.844,0.951,3,NULL,NULL,,0,0,0,7,255,0,250,0,0
baseline,6112,6112,0,200986.817,0.912,-0.251,-0.223,0.237,0,0,2913,0,2969,371,2421,2718,33,0.853,26,0,136.978,6.692,0.940,-131.900,36.940,-0.167,0.014,1.410,3.768,-5.530,1.492,1.700,0.070,2.844,0.951,3,NULL,NULL,,0,0,0,7,255,0,250,0,0
baseline,6144,6144,0,200991.817,0.914,-0.249,-0.217,0.236,0,0,2901,0,2968,333,2427,2687,33,0.853,26,0,144.521,6.547,-1.440,-139.760,36.760,-0.208,0.055,1.469,3.504,-5.530,1.962,1.732,0.072,2.844,0.951,3,NULL,NULL,,0,0,0,7,255,0,250,0,0
baseline,6144,6144,0,200996.817,0.916,-0.248,-0.210,0.236,0,0,2876,0,2963,290,2440,2653,33,0.853,26,0,156.208,6.513,-5.400,-152.340,34.120,-0.233,0.111,1.541,3.504,-5.490,2.820,1.760,0.072,2.844,0.951,3,NULL,NULL,,0,0,0,7,255,0,250,0,0
baseline,6144,6144,0,201001.817,0.918,-0.246,-0.203,0.236,0,0,2855,0,2957,189,2445,2613,33,0.853,26,0,162.555,6.376,-1.800,-160.700,24.420,-0.319,0.094,1.642,3.412,-5.386,3.750,1.792,0.072,2.844,0.951,3,NULL,NULL,,0,0,0,7,255,0,250,0,0
baseline,6144,6144,0,201006.816,0.920,-0.244,-0.196,0.236,0,0,2828,0,2939,141,2455,2555,33,0.853,26,0,174.763,6.104,-9.620,-174.120,11.480,-0.338,0.144,1.754,3.056,-5.284,5.014,1.820,0.074,2.844,0.951,3,NULL,NULL,,0,0,0,7,255,0,250,0,0
baseline,6144,6144,0,201011.817,0.922,-0.241,-0.188,0.238,0,0,2795,0,2923,89,2455,2493,33,0.853,26,0,183.615,6.104,-6.800,-183.400,-5.720,-0.328,0.251,1.891,3.056,-5.284,6.246,1.852,0.074,2.844,0.951,3,NULL,NULL,,0,0,0,7,255,0,250,0,0
baseline,6144,6144,0,201016.816,0.924,-0.239,-0.180,0.239,0,0,2757,0,2899,73,2453,2427,33,0.853,26,0,190.482,6.467,-19.940,-189.260,-8.160,-0.283,0.228,1.932,3.784,-5.244,7.712,1.882,0.074,2.844,0.951,3,NULL,NULL,,0,0,0,7,255,0,250,0,0
baseline,6159,6159,0,201021.817,0.926,-0.235,-0.172,0.240,0,0,2710,0,2861,22,2449,2351,33,0.853,26,0,204.157,6.522,-33.480,-201.280,-6.760,-0.262,0.221,2.045,3.878,-5.244,7.912,1.912,0.074,2.844,0.951,3,NULL,NULL,,0,0,0,7,255,0,250,0,0
baseline,6159,6159,0,201026.816,0.928,-0.231,-0.163,0.241,0,0,2653,0,2821,0,2437,2239,33,0.853,26,0,218.628,6.603,-47.880,-213.320,-0.480,-0.315,0.384,2.161,4.012,-5.244,8.892,1.942,0.074,2.844,0.951,3,NULL,NULL,,0,0,0,7,255,0,250,0,0
baseline,6159,6159,0,201031.817,0.931,-0.226,-0.155,0.242,0,0,2587,0,2769,0,2421,2117,33,0.853,26,0,232.489,6.131,-64.800,-223.140,-7.800,-0.320,0.626,2.265,4.340,-4.330,10.636,1.974,0.074,2.844,0.951,3,NULL,NULL,,0,0,0,7,255,0,250,0,0
baseline,6159,6159,0,201036.817,0.933,-0.220,-0.146,0.244,0,0,2490,0,2681,0,2395,1896,33,0.853,26,0,243.467,5.924,-78.960,-229.420,-20.200,-0.339,0.761,2.422,5.394,-2.448,12.276,2.002,0.074,2.844,0.951,3,NULL,NULL,,0,0,0,7,255,0,250,0,0
baseline,6175,6175,0,201041.817,0.936,-0.213,-0.137,0.245,0,0,2385,0,2571,0,2367,1747,33,0.853,26,0,253.406,6.047,-105.740,-228.640,-27.520,-0.317,0.762,2.476,5.854,-1.514,14.160,2.034,0.076,2.844,0.951,3,NULL,NULL,,0,0,0,7,255,0,250,0,0
baseline,6175,6175,0,201046.816,0.938,-0.205,-0.129,0.247,0,0,2231,0,2431,0,2327,1550,33,0.853,26,0,277.588,6.008,-149.580,-231.920,-29.900,-0.386,0.739,2.452,5.854,-1.350,14.662,2.062,0.076,2.844,0.951,3,NULL,NULL,,0,0,0,7,255,0,250,0,0
baseline,6175,6175,0,201051.817,0.941,-0.194,-0.121,0.248,0,0,2065,0,2293,0,2287,1338,33,0.853,26,0,307.755,4.890,-186.680,-243.220,-26.600,-0.480,0.766,2.388,4.846,-0.652,14.662,2.092,0.078,2.844,0.951,3,NULL,NULL,,0,0,0,7,255,0,250,0,0
baseline,6175,6175,0,201056.817,0.944,-0.183,-0.113,0.249,0,0,1912,0,2127,0,2200,1139,33,0.853,26,0,323.031,3.902,-202.980,-249.500,-29.960,-0.543,0.702,2.336,3.822,0.786,14.502,2.120,0.078,2.844,0.951,3,NULL,NULL,,0,0,0,7,255,0,250,0,0
baseline,6191,6191,0,201061.817,0.947,-0.171,-0.104,0.252,0,0,1752,0,1955,0,2127,952,33,0.853,26,0,349.767,2.772,-217.140,-266.900,-62.860,-0.667,0.362,2.373,2.658,0.786,14.160,2.150,0.078,2.844,0.951,3,NULL,NULL,,0,0,0,7,255,0,250,0,0
baseline,6191,6191,0,201066.816,0.949,-0.158,-0.095,0.255,0,0,1545,0,1758,0,2006,815,33,0.853,26,0,389.643,0.431,-242.400,-294.420,-79.880,-0.607,0.038,2.222,-0.224,-0.368,14.086,2.178,0.078,2.844,0.951,3,NULL,NULL,,0,0,0,7,255,0,250,0,0
baseline,6207,6207,0,201071.817,0.952,-0.142,-0.085,0.258,0,0,1324,0,1531,0,1881,693,33,0.853,26,0,416.042,2.532,-270.600,-307.120,-74.460,-0.379,-0.097,1.812,-1.254,-2.200,12.128,2.210,0.080,2.844,0.951,3,NULL,NULL,,0,0,0,7,255,0,250,0,0
baseline,6207,6207,0,201076.817,0.954,-0.128,-0.075,0.261,0,0,1087,0,1299,0,1708,600,33,0.853,26,0,407.605,3.121,-254.480,-311.700,-65.000,-0.268,-0.197,1.408,-1.468,-2.754,7.642,2.238,0.080,2.844,0.951,3,NULL,NULL,,0,0,0,7,255,0,250,0,0
baseline,6207,6207,0,201081.817,0.956,-0.115,-0.064,0.263,0,0,879,0,1095,0,1477,563,33,0.853,26,0,384.151,3.075,-199.800,-323.840,-52.720,-0.178,-0.234,1.164,-1.344,-2.766,3.536,2.266,0.084,2.844,0.951,3,NULL,NULL,,0,0,0,7,255,0,250,0,0
baseline,6207,6207,0,201086.817,0.957,-0.106,-0.051,0.265,0,0,629,0,888,0,1125,491,33,0.853,26,0,366.870,3.165,-113.560,-346.360,-41.620,-0.130,-0.329,1.236,-1.468,-2.804,1.676,2.292,0.088,2.844,0.951,3,NULL,NULL,,0,0,0,7,255,0,250,0,0
baseline,6240,6240,0,201091.817,0.958,-0.101,-0.035,0.266,0,0,457,0,715,0,806,381,33,0.853,26,0,378.657,3.075,-27.320,-376.160,-33.740,-0.145,-0.191,1.676,-1.344,-2.766,1.676,2.320,0.092,2.844,0.951,4,NULL,NULL,,0,0,0,7,255,0,250,0,0
baseline,6240,6240,0,201096.816,0.959,-0.095,-0.019,0.266,0,0,311,0,500,0,416,313,33,0.853,26,0,392.723,2.824,-15.900,-392.320,-7.980,-0.200,0.008,2.012,-1.152,-2.578,6.078,2.344,0.098,2.844,0.951,4,NULL,NULL,,0,0,0,7,255,0,250,0,0
baseline,6241,6241,0,201101.817,0.960,-0.088,-0.003,0.265,0,0,189,0,307,0,39,183,33,0.853,26,0,401.761,1.177,-54.180,-397.640,18.940,-0.215,0.152,2.087,-1.014,-0.598,9.520,2.372,0.104,2.844,0.951,4,NULL,NULL,,0,0,0,7,255,0,250,0,0
baseline,6241,6241,0,201106.816,0.961,-0.079,0.013,0.263,0,0,102,0,117,0,0,137,33,0.853,26,0,421.628,1.477,-107.340,-404.720,49.500,-0.268,0.202,1.929,-1.014,1.074,9.520,2.398,0.110,2.844,0.951,4,NULL,NULL,,0,0,0,7,255,0,250,0,0
baseline,6241,6241,0,201111.817,0.963,-0.068,0.028,0.259,0,0,29,0,0,0,0,97,33,0.853,26,0,450.528,2.858,-160.000,-410.700,93.280,-0.375,0.342,1.549,-1.636,2.344,8.712,2.422,0.120,2.844,0.951,4,NULL,NULL,,0,0,0,7,255,0,250,0,0
baseline,6241,6241,0,201116.816,0.965,-0.056,0.043,0.253,0,0,0,0,0,0,0,38,33,0.853,26,0,470.374,5.101,-174.420,-418.460,125.380,-0.541,0.380,1.229,-2.106,4.646,4.870,2.446,0.128,2.844,0.951,4,NULL,NULL,,0,0,0,7,255,0,250,0,0
baseline,6256,6256,0,201121.817,0.966,-0.045,0.059,0.247,0,0,0,0,0,0,0,0,33,0.853,26,0,487.660,7.072,-154.080,-438.220,148.440,-0.651,0.446,1.061,-3.484,6.154,1.404,2.468,0.140,2.844,0.951,4,NULL,NULL,,0,0,0,7,255,0,250,0,0
baseline,6256,6256,0,201126.816,0.968,-0.034,0.075,0.238,0,0,0,0,0,0,0,0,33,0.853,26,0,518.324,8.615,-164.160,-455.920,183.980,-0.722,0.587,0.914,-4.302,7.464,-0.636,2.488,0.152,2.844,0.951,4,NULL,NULL,,0,0,0,7,255,0,250,0,0
baseline,6256,6256,0,201131.817,0.969,-0.018,0.090,0.231,0,0,0,0,0,0,0,0,33,0.853,26,0,540.345,10.086,-263.960,-440.660,167.680,-0.312,1.052,0.617,-4.302,9.122,-2.538,2.506,0.166,2.844,0.951,4,NULL,NULL,,0,0,0,7,255,0,250,0,0
baseline,6256,6256,0,201136.816,0.968,-0.001,0.102,0.229,0,0,0,0,0,0,0,0,33,0.853,26,0,493.008,9.226,-335.000,-358.260,49.820,0.110,0.853,0.283,1.384,9.122,-5.228,2.520,0.180,2.844,0.951,4,NULL,NULL,,0,0,0,7,255,0,250,0,0
baseline,6272,6272,0,201141.817,0.967,0.013,0.109,0.230,0,0,0,0,0,0,0,0,33,0.853,26,0,374.125,8.155,-301.540,-221.120,-12.200,0.293,0.173,0.025,3.458,7.386,-7.806,2.532,0.198,2.844,0.951,4,NULL,NULL,,0,0,0,7,255,0,250,0,0
baseline,6272,6272,0,201146.817,0.967,0.022,0.114,0.229,0,0,0,0,0,0,0,0,33,0.853,26,0,169.778,3.473,-134.620,-98.140,32.720,0.024,-0.024,-0.269,3.458,0.320,-9.466,2.538,0.220,2.844,0.951,0,NULL,NULL,,0,0,0,7,255,0,250,0,0
baseline,6288,6288,0,201151.817,0.967,0.023,0.114,0.226,0,0,0,0,0,0,0,0,33,0.853,26,0,90.891,0.838,-10.220,-70.920,55.920,-0.296,-0.065,-0.222,0.790,0.280,-12.718,2.542,0.248,2.844,0.951,0,NULL,NULL,,0,0,0,7,255,0,250,0,0
baseline,6288,6288,0,201156.816,0.968,0.023,0.114,0.224,0,0,0,0,0,0,0,0,33,0.853,26,0,52.153,2.220,11.680,-21.960,45.840,-0.519,0.028,0.528,-2.202,0.280,-12.718,2.540,0.278,2.844,0.951,0,NULL,NULL,,0,0,0,7,255,0,250,0,0
baseline,6288,6288,0,201161.817,0.968,0.023,0.110,0.223,0,0,0,0,0,0,0,0,33,0.853,26,0,80.041,5.001,-20.540,61.400,47.060,-0.490,0.368,0.725,-3.564,3.508,-6.602,2.538,0.316,2.844,0.951,0,NULL,NULL,,0,0,0,7,255,0,250,0,0
baseline,6288,6288,0,201166.816,0.969,0.023,0.104,0.222,0,0,0,0,0,0,0,0,33,0.853,26,0,122.312,7.587,-49.280,104.440,40.300,-0.497,0.582,0.583,-3.564,6.698,-6.498,2.536,0.350,2.844,0.951,0,NULL,NULL,,0,0,0,7,255,0,250,0,0
baseline,6307,6307,0,201171.817,0.970,0.023,0.098,0.222,0,0,0,0,0,0,0,0,33,0.853,26,0,138.073,7.439,-57.600,121.040,33.100,-0.436,0.502,0.433,-2.392,7.044,-6.498,2.532,0.390,2.844,0.951,0,NULL,NULL,,0,0,0,7,255,0,250,0,0
baseline,6307,6307,0,201176.817,0.971,0.023,0.091,0.222,0,0,0,0,0,0,0,0,33,0.853,26,0,149.399,7.362,-49.160,136.720,34.800,-0.393,0.339,0.338,-2.140,7.044,-7.646,2.530,0.424,2.844,0.951,0,NULL,NULL,,0,0,0,7,255,0,250,0,0
baseline,6307,6307,0,201181.817,0.971,0.023,0.083,0.221,0,0,0,0,0,0,0,0,33,0.853,26,0,153.806,5.681,-44.220,141.180,42.060,-0.400,0.248,0.254,-2.140,5.262,-8.226,2.532,0.460,2.844,0.951,0,NULL,NULL,,0,0,0,7,255,0,250,0,0
baseline,6307,6307,0,201186.816,0.972,0.023,0.076,0.220,0,0,0,0,0,0,0,0,33,0.853,26,0,155.008,4.984,-41.420,141.120,48.960,-0.420,0.225,0.176,-2.478,4.324,-8.884,2.536,0.488,2.844,0.951,0,NULL,NULL,,0,0,0,7,255,0,250,0,0
baseline,6336,6336,0,201191.817,0.973,0.021,0.067,0.219,0,0,0,0,0,0,0,0,33,0.853,26,0,153.238,4.773,-35.440,140.320,50.360,-0.423,0.239,0.076,-2.520,4.054,-9.590,2.542,0.520,2.844,0.951,0,NULL,NULL,,0,0,0,7,255,0,250,0,0
baseline,6336,6336,0,201196.817,0.974,0.019,0.059,0.218,0,0,0,0,0,0,0,0,33,0.853,26,0,148.285,4.731,-24.940,138.260,47.440,-0.398,0.223,-0.008,-2.520,4.004,-10.498,2.542,0.554,2.844,0.951,0,NULL,NULL,,0,0,0,7,255,0,250,0,0
baseline,6352,6352,0,201201.817,0.975,0.017,0.051,0.217,0,0,0,0,0,0,0,0,33,0.853,26,0,145.687,4.294,-10.600,138.000,45.480,-0.353,0.162,-0.080,-2.322,3.612,-11.180,2.532,0.598,2.844,0.951,0,NULL,NULL,,0,0,0,7,255,0,250,0,0
baseline,6352,6352,0,201206.816,0.975,0.014,0.043,0.216,0,0,0,0,0,0,0,0,33,0.853,26,0,147.234,3.517,9.600,139.160,47.120,-0.321,0.108,-0.106,-2.154,2.780,-11.676,2.514,0.650,2.844,0.951,0,NULL,NULL,,0,0,0,7,255,0,250,0,0
baseline,6352,6352,0,201211.817,0.976,0.010,0.034,0.214,0,0,0,0,0,0,0,0,33,0.853,26,0,154.397,3.038,31.460,142.280,51.040,-0.316,0.095,-0.083,-2.154,2.142,-11.676,2.486,0.712,2.844,0.951,0,NULL,NULL,,0,0,0,7,255,0,250,0,0
baseline,6352,6352,0,201216.816,0.977,0.006,0.026,0.212,0,0,0,0,0,0,0,0,33,0.853,26,0,163.198,3.041,50.500,145.460,54.080,-0.350,0.082,0.001,-2.158,2.142,-11.478,2.450,0.780,2.844,0.951,0,NULL,NULL,,0,0,0,7,255,0,250,0,0
baseline,6372,6372,0,201221.817,0.977,0.001,0.019,0.211,0,0,0,0,0,0,0,0,33,0.853,26,0,173.842,3.361,64.960,152.360,52.800,-0.393,0.094,0.113,-2.558,2.180,-10.606,2.406,0.858,2.844,0.951,0,NULL,NULL,,0,0,0,7,255,0,250,0,0
baseline,6372,6372,0,201226.816,0.978,-0.004,0.012,0.209,0,0,0,0,0,0,0,0,33,0.853,26,0,182.566,3.906,73.760,160.340,46.700,-0.427,0.104,0.220,-2.922,2.592,-9.502,2.360,0.934,2.844,0.951,0,NULL,NULL,,0,0,0,7,255,0,250,0,0
baseline,6372,6372,0,201231.818,0.978,-0.009,0.004,0.208,0,0,0,0,0,0,0,0,33,0.853,26,0,190.903,4.313,79.680,169.080,38.820,-0.438,0.096,0.322,-3.182,2.912,-8.412,2.312,1.004,2.844,0.951,0,NULL,NULL,,0,0,0,7,255,0,250,0,0
baseline,6372,6372,0,201236.816,0.978,-0.015,-0.004,0.208,0,0,0,0,0,0,0,0,33,0.853,26,0,200.119,4.397,82.000,179.820,31.440,-0.437,0.074,0.401,-3.294,2.912,-7.330,2.276,1.062,2.844,0.951,0,NULL,NULL,,0,0,0,7,255,0,250,0,0
baseline,6372,6372,0,201241.817,0.978,-0.020,-0.012,0.207,0,0,0,0,0,0,0,0,33,0.853,26,0,209.266,4.295,81.760,191.040,24.720,-0.438,0.063,0.468,-3.294,2.756,-6.448,2.250,1.114,2.844,0.951,0,NULL,NULL,,0,0,0,7,255,0,250,0,0
baseline,6372,6372,0,201246.816,0.978,-0.026,-0.021,0.207,0,0,0,0,0,0,0,0,33,0.853,26,0,218.673,4.217,80.280,202.520,18.940,-0.438,0.049,0.484,-3.288,2.640,-5.702,2.236,1.152,2.844,0.951,0,NULL,NULL,,0,0,0,7,255,0,250,0,0
baseline,6384,6384,0,201251.817,0.977,-0.032,-0.030,0.208,0,0,0,0,0,0,0,0,33,0.853,26,0,227.986,4.118,83.040,211.980,12.100,-0.452,0.052,0.528,-3.280,2.490,-5.442,2.218,1.200,2.844,0.951,0,NULL,NULL,,0,0,0,7,255,0,250,0,0
baseline,6384,6384,0,201256.816,0.977,-0.038,-0.039,0.208,0,0,0,0,0,0,0,0,33,0.853,26,0,238.271,4.094,85.900,222.240,1.960,-0.459,0.053,0.572,-3.272,2.460,-4.920,2.196,1.246,2.844,0.951,0,NULL,NULL,,0,0,0,7,255,0,250,0,0
baseline,6384,6384,0,201261.817,0.976,-0.044,-0.049,0.209,0,0,0,0,0,0,0,0,33,0.853,26,0,246.107,4.049,88.160,229.620,-8.420,-0.443,0.024,0.602,-3.218,2.458,-4.398,2.166,1.306,2.844,0.951,0,NULL,NULL,,0,0,0,7,255,0,250,0,0
baseline,6384,6384,0,201266.817,0.974,-0.050,-0.059,0.211,0,0,0,0,0,0,0,0,33,0.853,26,0,254.280,3.677,90.000,237.180,-17.440,-0.416,0.017,0.635,-3.052,2.050,-4.012,2.138,1.362,2.844,0.951,0,NULL,NULL,,0,0,0,7,255,0,250,0,0
baseline,6407,6407,0,201271.817,0.973,-0.056,-0.069,0.213,0,0,0,0,0,0,0,0,33,0.853,26,0,261.460,3.224,92.500,243.300,-24.700,-0.386,0.001,0.645,-2.688,1.780,-3.630,2.112,1.420,2.844,0.951,0,NULL,NULL,,0,0,0,7,255,0,250,0,0
baseline,6407,6407,0,201276.816,0.972,-0.062,-0.078,0.215,0,0,0,0,0,0,0,0,33,0.853,26,0,267.846,2.755,97.020,247.740,-30.880,-0.362,-0.019,0.658,-2.358,1.424,-3.494,2.090,1.472,2.844,0.951,0,NULL,NULL,,0,0,0,7,255,0,250,0,0
baseline,6407,6407,0,201281.817,0.970,-0.069,-0.088,0.217,0,0,0,0,0,0,0,0,33,0.853,26,0,274.126,2.332,102.800,251.540,-36.120,-0.337,-0.033,0.666,-2.086,1.042,-3.334,2.070,1.524,2.844,0.951,0,NULL,NULL,,0,0,0,7,255,0,250,0,0
baseline,6407,6407,0,201286.817,0.968,-0.076,-0.098,0.219,0,0,0,0,0,0,0,0,33,0.853,26,0,280.667,1.923,111.600,254.160,-41.500,-0.305,-0.023,0.692,-1.790,0.704,-3.250,2.054,1.572,2.844,0.951,0,NULL,NULL,,0,0,0,7,255,0,250,0,0
baseline,6418,6418,0,201291.817,0.965,-0.083,-0.108,0.222,0,0,0,0,0,0,0,0,33,0.853,26,0,286.673,1.396,119.900,256.040,-47.420,-0.248,-0.051,0.704,-1.296,0.520,-3.016,2.034,1.626,2.844,0.951,0,NULL,NULL,,0,0,0,7,255,0,250,0,0
baseline,6418,6418,0,201296.817,0.963,-0.091,-0.118,0.225,0,0,0,0,0,0,0,0,33,0.853,26,0,294.190,0.777,130.940,258.740,-49.560,-0.167,-0.101,0.707,-0.772,-0.092,-3.016,2.016,1.674,2.844,0.951,0,NULL,NULL,,0,0,0,7,255,0,250,0,0
baseline,6447,6447,0,201301.817,0.960,-0.099,-0.127,0.228,0,0,0,0,0,0,0,0,33,0.853,26,0,302.243,1.003,147.060,259.580,-48.400,-0.090,-0.095,0.725,-0.160,-0.990,-3.156,1.996,1.728,2.844,0.951,0,NULL,NULL,,0,0,0,7,255,0,250,0,0
baseline,6447,6447,0,201306.816,0.957,-0.107,-0.136,0.231,0,0,0,0,0,0,0,0,33,0.853,26,0,306.685,1.560,160.300,257.020,-47.960,0.006,-0.050,0.787,0.660,-1.414,-3.156,1.976,1.778,2.844,0.951,0,NULL,NULL,,0,0,0,7,255,0,250,0,0
baseline,6447,6447,0,201311.817,0.954,-0.117,-0.145,0.233,0,0,0,0,0,0,0,0,33,0.853,26,0,315.987,2.526,175.320,259.720,-40.700,0.070,-0.022,0.875,1.900,-1.664,-2.908,1.956,1.834,2.844,0.951,0,NULL,NULL,,0,0,0,7,255,0,250,0,0
baseline,6447,6447,0,201316.816,0.951,-0.127,-0.153,0.235,0,0,0,0,0,0,0,0,33,0.853,26,0,321.183,3.499,186.620,259.580,-30.820,0.107,-0.022,0.977,2.866,-2.008,-2.334,1.934,1.890,2.844,0.951,0,NULL,NULL,,0,0,0,7,255,0,250,0,0
baseline,6447,6447,0,201321.817,0.948,-0.137,-0.161,0.237,0,0,0,0,0,0,0,0,33,0.853,26,0,319.165,4.366,190.400,255.260,-21.360,0.122,-0.088,1.111,3.530,-2.570,-1.592,1.910,1.948,2.844,0.951,0,NULL,NULL,,0,0,0,7,255,0,250,0,0
baseline,6447,6447,0,201326.816,0.945,-0.146,-0.170,0.238,0,0,0,0,0,0,0,0,33,0.853,26,0,319.026,5.315,189.960,256.180,-8.040,0.141,-0.125,1.244,3.802,-3.714,-0.574,1.886,2.006,2.844,0.951,0,NULL,NULL,,0,0,0,7,255,0,250,0,0
baseline,6464,6464,0,201331.817,0.942,-0.156,-0.178,0.239,0,0,0,0,0,0,0,0,33,0.853,26,0,319.107,5.977,185.200,259.780,6.660,0.071,-0.028,1.376,4.260,-4.192,0.394,1.858,2.070,2.844,0.951,0,NULL,NULL,,0,0,0,7,255,0,250,0,0
baseline,6464,6464,0,201336.817,0.938,-0.166,-0.187,0.239,0,0,0,0,0,0,0,0,33,0.853,26,0,311.368,6.252,169.580,261.060,6.360,-0.027,0.039,1.510,4.638,-4.192,1.786,1.832,2.128,2.844,0.951,0,NULL,NULL,,0,0,0,7,255,0,250,0,0
baseline,6464,6464,0,201341.817,0.935,-0.174,-0.196,0.239,0,0,0,0,0,0,0,0,33,0.853,26,0,302.360,6.258,148.280,263.500,1.480,-0.074,0.023,1.579,4.646,-4.192,3.294,1.806,2.192,2.844,0.951,0,NULL,NULL,,0,0,0,7,255,0,250,0,0
baseline,6464,6464,0,201346.816,0.932,-0.181,-0.205,0.239,0,0,0,0,0,0,0,0,33,0.853,26,0,292.565,6.385,122.040,265.820,-6.340,-0.082,-0.049,1.591,4.646,-4.380,3.800,1.782,2.248,2.844,0.951,0,NULL,NULL,,0,0,0,7,255,0,250,0,0
baseline,6480,6480,0,201351.817,0.928,-0.187,-0.215,0.240,0,0,0,0,0,0,0,0,33,0.853,26,0,286.402,6.925,99.640,268.320,-10.120,-0.057,-0.109,1.510,4.490,-5.272,3.800,1.760,2.308,2.844,0.951,0,NULL,NULL,,0,0,0,7,255,0,250,0,0
baseline,6480,6480,0,201356.817,0.925,-0.193,-0.224,0.240,0,0,0,0,0,0,0,0,33,0.853,26,0,284.902,7.281,89.440,270.340,-9.260,-0.028,-0.157,1.372,4.346,-5.842,2.744,1.740,2.358,2.844,0.951,0,NULL,NULL,,0,0,0,7,255,0,250,0,0
baseline,6496,6496,0,201361.817,0.921,-0.199,-0.234,0.240,0,0,0,0,0,0,0,0,33,0.853,26,0,284.528,7.120,91.820,269.180,-8.220,-0.057,-0.131,1.295,4.070,-5.842,1.196,1.722,2.412,2.844,0.951,0,NULL,NULL,,0,0,0,7,255,0,250,0,0
baseline,6496,6496,0,201366.816,0.917,-0.205,-0.244,0.240,0,0,0,0,0,0,0,0,33,0.853,26,0,287.192,6.967,98.040,269.600,-13.540,-0.066,-0.105,1.291,4.070,-5.654,0.572,1.704,2.460,2.844,0.951,0,NULL,NULL,,0,0,0,7,255,0,250,0,0
baseline,6496,6496,0,201371.817,0.913,-0.211,-0.253,0.241,0,0,0,0,0,0,0,0,33,0.853,26,0,286.465,6.976,103.240,266.600,-18.120,-0.033,-0.127,1.291,4.086,-5.654,0.466,1.688,2.508,2.844,0.951,0,NULL,NULL,,0,0,0,7,255,0,250,0,0
baseline,6496,6496,0,201376.817,0.909,-0.217,-0.262,0.242,0,0,0,0,0,0,0,0,33,0.853,26,0,284.987,7.490,110.320,262.220,-16.960,0.008,-0.151,1.286,4.394,-6.066,0.092,1.676,2.552,2.844,0.951,0,NULL,NULL,,0,0,0,7,255,0,250,0,0
baseline,6512,6512,0,201381.817,0.905,-0.224,-0.270,0.242,0,0,0,0,0,0,0,0,33,0.853,26,0,286.438,8.074,123.920,257.880,-13.720,0.008,-0.135,1.294,4.702,-6.564,-0.392,1.664,2.598,2.844,0.951,0,NULL,NULL,,0,0,0,7,255,0,250,0,0
baseline,6512,6512,0,201386.817,0.900,-0.231,-0.279,0.243,0,0,0,0,0,0,0,0,33,0.853,26,0,289.937,8.288,138.700,254.160,-15.120,-0.015,-0.120,1.362,4.944,-6.652,-0.392,1.654,2.634,2.844,0.951,0,NULL,NULL,,0,0,0,7,255,0,250,0,0
baseline,6544,6544,0,201391.817,0.895,-0.238,-0.287,0.244,0,0,0,0,0,0,0,0,33,0.853,26,0,293.270,8.720,150.120,251.040,-21.220,-0.013,-0.118,1.450,5.256,-6.958,0.002,1.644,2.678,2.844,0.951,0,NULL,NULL,,0,0,0,7,255,0,250,0,0
baseline,6544,6544,0,201396.816,0.890,-0.246,-0.294,0.246,0,0,0,0,0,0,0,0,33,0.853,26,0,296.229,9.516,158.420,248.840,-27.080,0.019,-0.114,1.530,5.764,-7.572,0.456,1.634,2.714,2.844,0.951,0,NULL,NULL,,0,0,0,7,255,0,250,0,0
baseline,6544,6544,0,201401.817,0.885,-0.254,-0.302,0.247,0,0,0,0,0,0,0,0,33,0.853,26,0,303.336,10.482,167.940,250.800,-30.140,0.069,-0.111,1.576,6.458,-8.256,0.456,1.626,2.754,2.844,0.951,0,NULL,NULL,,0,0,0,7,255,0,250,0,0
baseline,6544,6544,0,201406.816,0.879,-0.263,-0.309,0.249,0,0,0,0,0,0,0,0,33,0.853,26,0,313.008,11.361,183.260,251.340,-34.900,0.123,-0.125,1.677,7.112,-8.860,0.454,1.622,2.784,2.844,0.951,0,NULL,NULL,,0,0,0,7,255,0,250,0,0
baseline,6544,6544,0,201411.817,0.873,-0.271,-0.317,0.252,0,0,0,0,0,0,0,0,33,0.853,26,0,318.424,12.690,191.000,251.900,-38.200,0.211,-0.130,1.807,7.934,-9.904,0.438,1.624,2.810,2.844,0.951,0,NULL,NULL,,0,0,0,7,255,0,250,0,0
baseline,6544,6544,0,201416.816,0.867,-0.280,-0.324,0.254,0,0,0,0,0,0,0,0,33,0.853,26,0,320.097,14.440,193.500,251.540,-41.800,0.327,-0.118,1.900,9.148,-11.172,0.438,1.632,2.826,2.844,0.951,0,NULL,NULL,,0,0,0,7,255,0,250,0,0
baseline,6560,6560,0,201421.817,0.861,-0.289,-0.331,0.256,0,0,0,0,0,0,0,0,33,0.853,26,0,316.983,16.059,193.320,247.260,-44.360,0.491,-0.124,1.957,10.448,-12.196,-0.038,1.646,2.838,2.844,0.951,0,NULL,NULL,,0,0,0,7,255,0,250,0,0
baseline,6560,6560,0,201426.816,0.855,-0.297,-0.337,0.259,0,0,0,0,0,0,0,0,33,0.853,26,0,313.353,17.744,194.180,241.880,-44.480,0.685,-0.130,1.986,11.764,-13.284,-1.200,1.664,2.842,2.844,0.951,0,NULL,NULL,,0,0,0,7,255,0,250,0,0
baseline,6560,6560,0,201431.817,0.849,-0.306,-0.344,0.261,0,0,0,0,0,0,0,0,33,0.853,26,0,323.002,19.362,192.160,256.540,-39.900,0.738,-0.130,1.966,13.088,-14.268,-2.804,1.690,2.844,2.844,0.951,0,NULL,NULL,,0,0,0,7,255,0,250,0,0
baseline,6560,6560,0,201436.817,0.842,-0.314,-0.353,0.262,0,0,0,0,0,0,0,0,33,0.853,26,0,344.278,19.707,179.720,291.880,-32.160,1.031,-0.117,2.031,13.302,-14.540,-3.776,1.716,2.842,2.844,0.951,0,NULL,NULL,,0,0,0,7,255,0,250,0,0
baseline,6576,6576,0,201441.817,0.835,-0.323,-0.360,0.263,0,0,0,0,0,0,0,0,33,0.853,26,0,321.938,22.082,190.760,258.120,-25.080,1.595,-0.128,2.363,15.486,-15.742,-6.012,1.744,2.838,2.844,0.951,0,NULL,NULL,,0,0,0,7,255,0,250,0,0
baseline,6576,6576,0,201446.817,0.829,-0.331,-0.364,0.264,0,0,0,0,0,0,0,0,33,0.853,26,0,282.570,25.228,194.300,204.960,-9.200,1.345,-0.269,2.167,16.892,-18.738,-8.846,1.774,2.834,2.844,0.951,0,NULL,NULL,,0,0,0,7,255,0,250,0,0
baseline,6576,6576,0,201451.817,0.824,-0.339,-0.368,0.264,0,0,0,0,0,0,0,0,33,0.853,26,0,259.896,26.316,174.520,191.360,21.680,1.457,-0.265,2.239,17.822,-19.362,-9.016,1.808,2.828,2.844,0.951,0,NULL,NULL,,0,0,0,7,255,0,250,0,0
baseline,6577,6577,0,201456.816,0.820,-0.347,-0.372,0.263,0,0,0,0,0,0,0,0,33,0.853,26,0,240.398,25.622,153.460,178.960,47.060,1.341,-0.199,2.222,17.408,-18.800,-9.334,1.838,2.824,2.844,0.951,0,NULL,NULL,,0,0,0,7,255,0,250,0,0
baseline,6592,6592,0,201461.817,0.816,-0.354,-0.375,0.261,0,0,0,0,0,0,0,0,33,0.853,26,0,225.019,25.622,132.100,174.080,53.660,1.193,-0.185,2.151,17.408,-18.800,-9.334,1.872,2.818,2.844,0.951,0,NULL,NULL,,0,0,0,7,255,0,250,0,0
baseline,6592,6592,0,201466.817,0.813,-0.359,-0.378,0.259,0,0,0,0,0,0,0,0,33,0.853,26,0,209.098,24.263,115.320,168.340,45.660,1.150,-0.292,2.040,16.272,-17.998,-9.334,1.904,2.812,2.844,0.951,0,NULL,NULL,,0,0,0,7,255,0,250,0,0
baseline,6592,6592,0,201471.817,0.810,-0.364,-0.381,0.257,0,0,0,0,0,0,0,0,33,0.853,26,0,197.446,23.244,102.500,164.140,39.200,1.186,-0.400,1.917,14.804,-17.920,-9.820,1.946,2.802,2.844,0.951,0,NULL,NULL,,0,0,0,7,255,0,250,0,0
baseline,6592,6592,0,201476.816,0.807,-0.368,-0.384,0.256,0,0,0,0,0,0,0,0,33,0.853,26,0,186.730,22.528,93.340,156.860,39.380,1.214,-0.451,1.817,13.734,-17.858,-11.330,1.984,2.790,2.844,0.951,0,NULL,NULL,,0,0,0,7,255,0,250,0,0
baseline,6608,6608,0,201481.817,0.805,-0.372,-0.386,0.254,0,0,0,0,0,0,0,0,33,0.853,26,0,177.007,21.874,86.340,149.720,38.220,1.217,-0.454,1.741,13.088,-17.526,-12.450,2.026,2.780,2.844,0.951,0,NULL,NULL,,0,0,0,7,255,0,250,0,0
baseline,6608,6608,0,201486.816,0.803,-0.376,-0.388,0.253,0,0,0,0,0,0,0,0,33,0.853,26,0,167.524,21.210,81.320,143.140,31.020,1.242,-0.493,1.656,12.712,-16.978,-13.060,2.068,2.766,2.844,0.951,0,NULL,NULL,,0,0,0,7,255,0,250,0,0
baseline,6640,6640,0,201491.817,0.801,-0.379,-0.390,0.252,0,0,0,0,0,0,0,0,33,0.853,26,0,156.740,20.625,75.400,135.440,23.200,1.303,-0.553,1.586,12.192,-16.636,-13.990,2.114,2.752,2.844,0.951,0,NULL,NULL,,0,0,0,7,255,0,250,0,0
baseline,6640,6640,0,201496.817,0.799,-0.381,-0.392,0.251,0,0,0,0,0,0,0,0,33,0.853,26,0,146.030,20.348,67.340,128.300,18.140,1.346,-0.577,1.519,11.808,-16.572,-15.174,2.158,2.734,2.844,0.951,0,NULL,NULL,,0,0,0,7,255,0,250,0,0
baseline,6640,6640,0,201501.817,0.797,-0.383,-0.394,0.250,0,0,0,0,0,0,0,0,33,0.853,26,0,134.574,19.948,59.780,119.940,12.280,1.389,-0.571,1.411,11.558,-16.258,-16.060,2.214,2.708,2.844,0.951,0,NULL,NULL,,0,0,0,7,255,0,250,0,0
baseline,6640,6640,0,201506.816,0.795,-0.385,-0.396,0.249,0,0,0,0,0,0,0,0,33,0.853,26,0,122.827,19.197,56.240,108.960,7.160,1.464,-0.550,1.320,11.394,-15.450,-16.996,2.270,2.680,2.844,0.951,0,NULL,NULL,,0,0,0,7,255,0,250,0,0
baseline,6641,6641,0,201511.817,0.794,-0.387,-0.397,0.249,0,0,0,0,0,0,0,0,33,0.853,26,0,112.886,18.605,53.800,99.180,3.480,1.563,-0.565,1.243,11.394,-14.708,-18.036,2.336,2.644,2.844,0.951,0,NULL,NULL,,0,0,0,7,255,0,250,0,0
baseline,6641,6641,0,201516.816,0.793,-0.388,-0.398,0.249,0,0,0,0,0,0,0,0,33,0.853,26,0,102.558,18.298,51.720,88.500,3.300,1.658,-0.646,1.137,11.394,-14.318,-19.298,2.404,2.604,2.844,0.951,0,NULL,NULL,,0,0,0,7,255,0,250,0,0
baseline,6674,6674,0,201521.817,0.792,-0.390,-0.398,0.249,0,0,0,0,0,0,0,0,33,0.853,26,0,92.241,17.872,54.160,74.160,8.680,1.729,-0.733,1.024,10.928,-14.142,-20.886,2.486,2.550,2.844,0.951,0,NULL,NULL,,0,0,0,7,255,0,250,0,0
baseline,6674,6674,0,201526.816,0.792,-0.392,-0.398,0.249,0,0,0,0,0,0,0,0,33,0.853,26,0,88.281,17.261,63.800,58.240,18.200,1.769,-0.771,0.951,10.202,-13.924,-22.320,2.574,2.490,2.844,0.951,0,NULL,NULL,,0,0,0,7,255,0,250,0,0
baseline,6674,6674,0,201531.818,0.791,-0.394,-0.397,0.249,0,0,0,0,0,0,0,0,33,0.853,26,0,92.426,16.862,76.320,43.640,28.520,1.771,-0.812,0.925,9.814,-13.712,-23.124,2.674,2.420,2.844,0.951,0,NULL,NULL,,0,0,0,7,255,0,250,0,0
baseline,6674,6674,0,201536.816,0.791,-0.397,-0.394,0.248,0,0,0,0,0,0,0,0,33,0.853,26,0,103.068,16.647,90.480,29.600,39.500,1.727,-0.825,0.981,9.440,-13.712,-23.124,2.778,2.346,2.844,0.951,0,NULL,NULL,,0,0,0,7,255,0,250,0,0
baseline,6674,6674,0,201541.817,0.790,-0.402,-0.391,0.249,0,0,0,0,0,0,0,0,33,0.853,26,0,165.269,16.978,149.500,11.420,69.520,1.395,-1.033,1.656,9.370,-14.158,-22.888,2.894,2.262,2.844,0.951,0,NULL,NULL,,0,0,0,7,255,0,250,0,0
baseline,6674,6674,0,201546.816,0.787,-0.417,-0.381,0.249,0,0,0,0,0,0,0,0,33,0.853,26,0,433.007,22.233,387.360,-70.740,180.120,1.447,-0.258,3.600,9.370,-20.162,-18.192,3.006,2.180,2.844,0.951,0,NULL,NULL,,0,0,0,7,255,0,250,0,0
baseline,6674,6674,0,201551.817,0.789,-0.417,-0.375,0.251,0,0,0,0,0,0,0,0,33,0.853,26,0,120.183,35.762,43.240,-107.120,33.160,1.013,-0.872,4.195,18.780,-30.434,-7.414,3.138,2.084,2.844,0.951,0,NULL,NULL,,0,0,0,7,255,0,250,0,0
baseline,6674,6674,0,201556.816,0.795,-0.407,-0.374,0.248,0,0,0,5,0,0,0,0,33,0.853,26,0,256.862,36.962,-240.760,-89.100,-8.600,1.343,-0.233,3.217,20.976,-30.434,-7.164,3.252,2.002,2.844,0.951,0,NULL,NULL,,0,0,0,7,255,0,250,0,0
baseline,6688,6688,0,201561.817,0.805,-0.391,-0.372,0.245,0,0,0,77,0,0,0,0,33,0.853,26,0,414.046,32.924,-395.120,-122.500,-17.560,1.755,-0.062,1.765,18.780,-27.042,-7.164,3.380,1.910,2.844,0.951,0,NULL,NULL,,0,0,0,7,255,0,250,0,0
baseline,6688,6688,0,201566.817,0.816,-0.375,-0.369,0.240,69,0,0,232,0,9,0,0,33,0.853,26,0,414.769,23.980,-384.260,-156.120,-2.120,1.953,-0.207,0.911,18.470,-15.294,-15.558,3.496,1.828,2.844,0.951,0,NULL,NULL,,0,0,0,7,255,0,250,0,0
baseline,6707,6707,0,201571.817,0.826,-0.361,-0.363,0.235,180,0,0,389,0,75,0,0,33,0.853,26,0,391.481,18.336,-343.720,-176.700,62.380,1.440,-0.660,0.257,15.162,-10.312,-21.218,3.622,1.740,2.844,0.951,0,NULL,NULL,,0,0,0,7,255,0,250,0,0
baseline,6707,6707,0,201576.816,0.837,-0.353,-0.354,0.224,360,0,0,587,0,121,0,0,33,0.853,26,0,414.993,10.594,-278.900,-196.700,236.100,0.823,-0.128,0.074,6.546,-8.330,-21.218,3.736,1.662,2.844,0.951,0,NULL,NULL,,0,0,0,7,255,0,250,0,0
baseline,6707,6707,0,201581.817,0.844,-0.353,-0.343,0.211,597,0,0,776,0,204,0,0,33,0.853,26,0,386.147,7.011,-98.780,-180.100,326.980,0.390,0.490,0.254,6.546,-2.510,-16.268,3.862,1.576,2.844,0.951,0,NULL,NULL,,0,0,0,7,255,0,250,0,0
baseline,6707,6707,0,201586.817,0.848,-0.359,-0.335,0.202,829,0,0,1037,0,263,0,0,33,0.853,26,0,341.155,5.754,65.020,-113.340,315.140,-0.267,-0.037,0.915,5.178,-2.510,-9.680,3.958,1.512,2.844,0.951,0,NULL,NULL,,0,0,0,7,255,0,250,0,0
baseline,6719,6719,0,201591.817,0.851,-0.360,-0.329,0.194,1111,0,0,1236,0,345,0,0,33,0.853,26,0,244.214,6.318,-10.420,-73.240,232.740,-1.093,-0.502,1.639,2.366,-5.858,-3.336,4.064,1.442,2.844,0.951,0,NULL,NULL,,0,0,0,7,255,0,250,0,0
baseline,6719,6719,0,201596.817,0.855,-0.358,-0.326,0.188,1437,0,0,1529,0,472,0,5,33,0.853,26,0,171.498,6.318,-88.840,-68.040,129.960,-1.167,0.955,1.731,2.366,-5.858,4.498,4.154,1.384,2.844,0.951,0,NULL,NULL,,0,0,0,7,255,0,250,0,0
baseline,6752,6752,0,201601.817,0.858,-0.356,-0.322,0.182,1813,0,0,1987,0,550,0,11,33,0.853,26,0,191.490,2.907,-101.300,-77.260,142.960,-1.453,1.022,1.046,-0.620,-2.840,9.798,4.246,1.324,2.844,0.951,0,NULL,NULL,,0,0,0,7,255,0,250,0,0
baseline,6752,6752,0,201606.816,0.863,-0.351,-0.317,0.177,2137,0,0,2235,0,587,0,31,33,0.853,26,0,234.122,0.708,-155.000,-130.800,116.960,-1.660,0.702,1.059,-0.620,0.342,9.818,4.326,1.272,2.844,0.951,0,NULL,NULL,,0,0,0,7,255,0,250,0,0
baseline,6752,6752,0,201611.817,0.867,-0.343,-0.314,0.179,2295,0,0,2439,0,639,0,74,33,0.853,26,0,215.846,3.889,-161.720,-127.200,-65.240,-1.697,0.097,0.722,-3.874,0.342,9.798,4.414,1.214,2.844,0.951,0,NULL,NULL,,0,0,0,7,255,0,250,0,0
baseline,6752,6752,0,201616.816,0.869,-0.335,-0.313,0.187,2432,0,0,2589,0,676,0,117,33,0.853,26,0,245.136,4.347,-109.040,-114.120,-187.560,-1.127,0.082,0.818,-3.968,-1.776,5.484,4.498,1.158,2.844,0.951,0,NULL,NULL,,0,0,0,7,255,0,250,0,0
baseline,6772,6772,0,201621.817,0.870,-0.326,-0.313,0.198,2524,0,0,2687,0,745,0,223,33,0.853,26,0,333.354,4.868,-104.900,-112.300,-295.820,-0.613,-0.199,1.052,-3.968,-2.820,2.448,4.588,1.096,2.844,0.951,0,NULL,NULL,,0,0,0,7,255,0,250,0,0
baseline,6772,6772,0,201626.816,0.871,-0.316,-0.312,0.210,2589,0,0,2770,0,853,0,469,33,0.853,26,0,338.552,6.790,-113.740,-84.040,-307.600,0.281,-0.173,1.163,-0.500,-6.772,-0.290,4.680,1.032,2.844,0.951,0,NULL,NULL,,0,0,0,7,255,0,250,0,0
baseline,6772,6772,0,201631.817,0.870,-0.309,-0.314,0.224,2663,0,26,2837,38,985,0,625,33,0.853,26,0,355.838,10.767,-36.040,-28.740,-352.840,1.399,0.097,1.671,6.512,-8.574,-5.104,4.780,0.964,2.844,0.951,0,NULL,NULL,,0,0,0,7,255,0,250,0,0
baseline,6772,6772,0,201636.816,0.867,-0.301,-0.318,0.239,2724,0,287,2909,287,1096,0,893,33,0.853,26,0,405.584,19.612,-34.880,45.780,-401.480,1.813,-0.659,1.507,15.674,-11.788,-8.156,4.876,0.896,2.844,0.951,0,NULL,NULL,,0,0,0,7,255,0,250,0,0
baseline,6772,6772,0,201641.817,0.866,-0.295,-0.320,0.245,2771,0,457,2967,507,1175,0,1019,33,0.853,26,0,207.256,23.764,-58.020,52.200,-192.000,1.846,-1.264,0.937,15.674,-17.862,-14.346,5.000,0.802,2.844,0.951,0,NULL,NULL,,0,0,0,7,255,0,250,0,0
baseline,6772,6772,0,201646.817,0.868,-0.291,-0.319,0.244,2798,0,663,2999,679,1258,0,1098,33,0.853,26,0,73.214,20.380,-70.900,-2.560,18.080,1.366,-0.916,0.802,9.812,-17.862,-16.532,5.140,0.694,2.844,0.951,0,NULL,NULL,,0,0,0,7,255,0,250,0,0
baseline,6773,6773,0,201651.817,0.871,-0.288,-0.318,0.239,2839,0,751,3033,819,1325,0,1125,33,0.853,26,0,150.400,16.878,-87.680,-11.460,121.660,0.434,-0.820,0.854,8.002,-14.860,-16.532,5.308,0.558,2.844,0.951,1,1221.000,1221.000,,0,0,0,7,255,0,250,0,0
baseline,6773,6773,0,201656.817,0.873,-0.286,-0.318,0.233,2887,21,807,3061,867,1389,0,1163,33,0.853,26,0,141.169,12.352,-81.340,-7.740,115.120,-0.213,-0.985,0.580,2.626,-12.070,-9.656,5.450,0.450,2.844,0.951,1,NULL,NULL,,0,0,0,7,255,0,250,0,0
baseline,6806,6806,0,201661.817,0.875,-0.285,-0.317,0.230,2901,47,876,3083,913,1435,0,1197,33,0.853,26,0,93.273,10.978,-24.640,-18.000,88.140,-0.606,-0.761,0.546,-3.808,-10.296,-7.640,5.592,0.360,2.844,0.951,1,NULL,NULL,,0,0,0,7,255,0,250,0,0
baseline,6806,6806,0,201666.816,0.875,-0.286,-0.316,0.229,2917,101,981,3091,969,1469,0,1243,33,0.853,26,0,69.618,8.385,31.160,-20.680,58.720,-0.714,-0.039,0.691,-3.808,-7.470,-4.674,5.686,0.322,2.844,0.951,1,NULL,NULL,,0,0,0,7,255,0,250,0,0
baseline,6806,6806,0,201671.817,0.875,-0.289,-0.314,0.229,2927,117,1011,3099,1001,1498,0,1323,33,0.853,26,0,66.852,2.974,64.240,-14.700,11.240,-0.582,0.597,1.031,-1.778,-2.384,-1.028,5.754,0.318,2.844,0.951,1,NULL,NULL,,0,0,0,7,255,0,250,0,0
baseline,6806,6806,0,201676.817,0.874,-0.291,-0.313,0.231,2936,118,1055,3105,1045,1527,0,1369,38,0.853,27,0,69.656,4.313,57.220,-4.380,-39.480,-0.255,0.619,1.287,3.972,-1.680,1.842,5.794,0.324,2.844,0.951,1,NULL,NULL,,0,0,0,7,255,0,250,0,0
baseline,6806,6806,0,201681.817,0.874,-0.290,-0.313,0.233,2943,121,1068,3103,1110,1594,0,1422,38,0.853,27,0,45.278,7.084,15.160,-0.600,-42.660,0.167,-0.029,1.267,6.882,-1.680,1.842,5.828,0.322,2.844,0.951,1,NULL,NULL,,0,0,0,7,255,0,250,0,0
baseline,6806,6806,0,201686.817,0.875,-0.288,-0.312,0.233,2968,137,1088,3107,1161,1670,0,1451,38,0.853,27,0,26.402,10.240,-24.700,-3.840,8.500,0.334,-0.645,1.021,6.882,-7.582,-2.872,5.858,0.306,2.844,0.951,1,NULL,NULL,,0,0,0,7,255,0,250,0,0
baseline,6838,6838,0,201691.817,0.876,-0.287,-0.311,0.230,2967,153,1085,3126,1183,1711,0,1497,38,0.853,27,0,68.789,10.214,-28.480,-2.120,62.580,0.136,-0.645,0.771,3.700,-9.520,-7.322,5.888,0.292,2.844,0.951,1,NULL,NULL,,0,0,0,7,255,0,250,0,0
baseline,6838,6838,0,201696.816,0.877,-0.287,-0.310,0.228,2981,173,1076,3124,1201,1755,0,1545,38,0.853,27,0,71.947,9.601,1.980,-5.360,71.720,-0.188,-0.160,0.667,1.248,-9.520,-7.322,5.908,0.298,2.844,0.951,1,NULL,NULL,,0,0,0,7,255,0,250,0,0
baseline,6838,6838,0,201701.817,0.877,-0.289,-0.309,0.227,2993,175,1073,3128,1215,1791,0,1579,38,0.853,27,0,58.232,4.577,39.080,-3.360,43.040,-0.287,0.211,0.844,1.248,-4.404,-4.956,5.930,0.302,2.844,0.951,1,NULL,NULL,,0,0,0,7,255,0,250,0,0
baseline,6838,6838,0,201706.816,0.877,-0.291,-0.308,0.227,3005,185,1061,3131,1239,1818,0,1615,38,0.853,27,0,56.504,4.521,53.920,1.040,16.860,-0.191,0.285,1.096,3.054,-3.334,-2.060,5.948,0.292,2.844,0.951,1,NULL,NULL,,0,0,0,7,255,0,250,0,0
baseline,6848,6848,0,201711.817,0.877,-0.293,-0.307,0.226,3019,186,1068,3133,1267,1848,0,1652,38,0.853,27,0,36.555,6.175,33.900,1.780,13.560,-0.095,0.188,1.273,5.198,-3.334,-0.742,5.960,0.284,2.844,0.951,1,NULL,NULL,,0,0,0,7,255,0,250,0,0
baseline,6848,6848,0,201716.816,0.877,-0.292,-0.306,0.226,3029,207,1061,3144,1285,1869,0,1679,38,0.853,27,0,22.336,7.582,-0.700,1.420,22.280,-0.111,0.111,1.231,5.416,-5.306,-0.742,5.964,0.288,2.844,0.951,1,NULL,NULL,,0,0,0,7,255,0,250,0,0
baseline,6864,6864,0,201721.817,0.878,-0.292,-0.306,0.224,3035,215,1065,3145,1297,1886,0,1705,38,0.853,27,0,29.321,7.582,-20.240,1.220,21.180,-0.178,0.103,1.056,5.416,-5.306,-0.826,5.972,0.298,2.844,0.951,1,NULL,NULL,,0,0,0,7,255,0,250,0,0
baseline,6864,6864,0,201726.816,0.879,-0.291,-0.305,0.224,3044,223,1067,3147,1307,1901,0,1715,38,0.853,27,0,15.972,6.142,-13.820,1.720,7.820,-0.175,0.085,0.930,4.132,-4.544,-1.610,5.996,0.298,2.844,0.951,1,NULL,NULL,,0,0,0,7,255,0,250,0,0
baseline,6865,6865,0,201731.817,0.879,-0.290,-0.305,0.224,3048,227,1075,3153,1331,1913,0,1735,38,0.853,27,0,5.668,5.877,3.380,3.720,-2.620,-0.102,0.050,0.934,3.850,-4.440,-2.528,6.042,0.280,2.844,0.951,1,NULL,NULL,,0,0,0,7,255,0,250,0,0
baseline,6865,6865,0,201736.816,0.879,-0.291,-0.304,0.224,3055,251,1097,3159,1349,1926,0,1737,38,0.853,27,0,13.467,5.877,12.480,4.880,-1.340,-0.059,0.056,1.026,3.850,-4.440,-2.684,6.104,0.248,2.844,0.951,1,NULL,NULL,,0,0,0,7,255,0,250,0,0
baseline,6865,6865,0,201741.817,0.879,-0.291,-0.304,0.224,3061,273,1114,3169,1355,1941,0,1761,38,0.853,27,0,10.477,6.704,7.660,5.680,4.340,-0.091,0.106,1.092,4.588,-4.888,-2.684,6.180,0.204,2.844,0.951,1,NULL,NULL,,0,0,0,7,255,0,250,0,0
baseline,6865,6865,0,201746.817,0.880,-0.290,-0.303,0.224,3068,287,1141,3171,1378,1949,0,1769,38,0.853,27,0,8.150,6.730,-2.840,5.860,4.900,-0.144,0.134,1.084,4.626,-4.888,-1.874,6.254,0.164,2.844,0.951,2,NULL,NULL,,0,0,0,7,255,0,250,0,0
baseline,6888,6888,0,201751.817,0.880,-0.290,-0.303,0.224,3082,316,1148,3171,1387,1948,0,1782,38,0.853,27,0,9.443,6.455,-7.540,5.620,0.860,-0.155,0.119,1.033,4.626,-4.502,-1.824,6.324,0.130,2.844,0.951,2,NULL,NULL,,0,0,0,7,255,0,250,0,0
baseline,6888,6888,0,201756.816,0.880,-0.289,-0.303,0.224,3081,337,1181,3173,1401,1964,0,1791,38,0.853,27,0,7.334,6.062,-4.860,4.760,-2.740,-0.131,0.102,1.006,4.242,-4.330,-1.824,6.376,0.112,2.844,0.951,2,NULL,NULL,,0,0,0,7,255,0,250,0,0
baseline,6890,6890,0,201761.817,0.880,-0.289,-0.303,0.224,3093,347,1193,3181,1417,1968,0,1807,38,0.853,27,0,6.747,6.062,-0.460,5.260,-4.200,-0.093,0.096,1.024,4.242,-4.330,-2.200,6.424,0.096,2.844,0.951,2,NULL,NULL,,0,0,0,7,255,0,250,0,0
baseline,6890,6890,0,201766.817,0.881,-0.288,-0.302,0.224,3097,373,1211,3181,1427,1989,0,1817,38,0.853,27,0,6.030,6.418,0.880,5.620,-2.000,-0.074,0.102,1.054,4.524,-4.552,-2.216,6.466,0.080,2.844,0.951,2,NULL,NULL,,0,0,0,7,255,0,250,0,0
baseline,6896,6896,0,201771.817,0.881,-0.288,-0.302,0.224,3099,380,1237,3189,1441,2001,0,1823,38,0.853,27,0,7.070,6.637,-3.340,6.180,0.800,-0.088,0.086,1.066,4.678,-4.708,-2.216,6.510,0.060,2.844,0.951,2,NULL,NULL,,0,0,0,7,255,0,250,0,0
baseline,6896,6896,0,201776.817,0.881,-0.287,-0.302,0.224,3104,407,1251,3189,1449,2008,0,1836,38,0.853,27,0,11.175,6.741,-9.260,5.920,2.020,-0.109,0.027,1.034,4.678,-4.854,-2.216,6.548,0.046,2.844,0.951,2,NULL,NULL,,0,0,0,7,255,0,250,0,0
baseline,6912,6912,0,201781.817,0.882,-0.286,-0.301,0.224,3107,423,1271,3196,1453,2013,0,1848,38,0.853,27,0,12.007,6.518,-10.160,6.180,1.660,-0.117,-0.055,0.970,4.086,-5.078,-2.332,6.590,0.034,2.844,0.951,2,NULL,NULL,,0,0,0,7,255,0,250,0,0
baseline,6912,6912,0,201786.816,0.882,-0.286,-0.301,0.224,3108,455,1285,3196,1460,2022,0,1849,38,0.853,27,0,6.801,6.172,-3.640,5.500,1.660,-0.118,-0.054,0.946,3.338,-5.192,-2.960,6.624,0.030,2.844,0.951,2,NULL,NULL,,0,0,0,7,255,0,250,0,0
baseline,6944,6944,0,201791.817,0.882,-0.285,-0.301,0.224,3109,475,1293,3199,1463,2027,0,1861,38,0.853,27,0,7.132,6.172,4.180,5.200,2.520,-0.116,-0.037,0.964,3.338,-5.192,-2.960,6.662,0.024,2.844,0.951,2,NULL,NULL,,0,0,0,7,255,0,250,0,0
baseline,6944,6944,0,201796.817,0.882,-0.285,-0.300,0.223,3108,490,1305,3207,1468,2031,0,1867,38,0.853,27,0,10.303,6.172,8.140,4.700,4.220,-0.119,0.000,1.015,3.402,-5.150,-2.936,6.696,0.018,2.844,0.951,2,NULL,NULL,,0,0,0,7,255,0,250,0,0
baseline,6944,6944,0,201801.817,0.883,-0.285,-0.300,0.223,3109,498,1315,3199,1469,2035,0,1875,38,0.853,27,0,9.011,6.378,5.880,4.280,5.320,-0.136,0.003,1.035,3.762,-5.150,-2.454,6.734,0.010,2.844,0.951,2,NULL,NULL,,0,0,0,7,255,0,250,0,0
baseline,6944,6944,0,201806.816,0.883,-0.285,-0.299,0.223,3104,508,1318,3205,1471,2037,7,1879,38,0.853,27,0,6.880,6.357,3.080,4.040,4.640,-0.146,0.014,1.026,3.762,-5.124,-2.192,6.768,0.004,2.844,0.951,2,NULL,NULL,,0,0,0,7,255,0,250,0,0
baseline,6944,6944,0,201811.817,0.883,-0.285,-0.299,0.223,3107,521,1319,3206,1479,2040,23,1884,38,0.853,27,0,5.358,6.215,2.220,4.100,2.640,-0.141,0.005,0.998,3.694,-4.998,-2.192,6.802,0.000,2.844,0.951,2,NULL,NULL,,0,0,0,7,255,0,250,0,0
baseline,6944,6944,0,201816.816,0.883,-0.284,-0.299,0.223,3103,525,1311,3199,1479,2040,27,1885,38,0.853,27,0,5.329,6.135,3.560,3.480,1.900,-0.125,-0.052,0.974,3.558,-4.998,-2.402,0.000,0.000,2.844,0.951,2,NULL,NULL,,0,0,0,7,255,0,250,0,0
baseline,6960,6960,0,201821.817,0.883,-0.284,-0.298,0.223,3100,523,1317,3199,1479,2037,39,1890,38,0.853,27,0,7.809,6.208,6.500,3.000,3.120,-0.115,-0.081,0.966,3.274,-5.274,-2.824,0.000,0.000,2.844,0.951,2,NULL,NULL,,0,0,0,7,255,0,250,0,0
baseline,6960,6960,0,201826.816,0.884,-0.284,-0.298,0.223,3095,524,1315,3193,1477,2035,43,1891,38,0.853,27,0,10.850,6.236,9.600,2.380,4.460,-0.117,-0.061,0.968,3.244,-5.326,-2.930,0.000,0.000,2.844,0.951,2,NULL,NULL,,0,0,0,7,255,0,250,0,0
baseline,6961,6961,0,201831.817,0.884,-0.284,-0.297,0.223,3091,521,1313,3191,1479,2063,53,1891,38,0.853,27,0,13.267,6.236,11.920,2.080,5.440,-0.117,-0.021,0.982,3.244,-5.326,-2.930,0.000,0.000,2.844,0.951,2,NULL,NULL,,0,0,0,7,255,0,250,0,0
baseline,6961,6961,0,201836.817,0.884,-0.284,-0.296,0.223,3087,523,1299,3188,1477,2029,55,1891,38,0.853,27,0,14.493,6.172,12.960,1.280,6.360,-0.118,0.007,0.995,3.502,-5.082,-2.708,0.000,0.000,2.844,0.951,2,NULL,NULL,,0,0,0,7,255,0,250,0,0
baseline,6961,6961,0,201841.817,0.884,-0.284,-0.296,0.223,3079,523,1291,3183,1466,2025,68,1897,38,0.853,27,0,14.905,6.171,12.720,0.380,7.760,-0.123,0.005,1.002,3.656,-4.972,-2.532,0.000,0.000,2.844,0.951,2,NULL,NULL,,0,0,0,7,255,0,250,0,0
baseline,6961,6961,0,201846.816,0.885,-0.285,-0.295,0.223,3065,518,1275,3179,1467,2025,61,1897,38,0.853,27,0,15.105,6.139,12.600,-0.420,8.320,-0.137,0.021,1.009,3.656,-4.932,-2.450,0.000,0.000,2.844,0.951,2,NULL,NULL,,0,0,0,7,255,0,250,0,0
baseline,6975,6975,0,201851.817,0.885,-0.285,-0.294,0.223,3053,519,1272,3173,1465,2027,69,1901,38,0.853,27,0,14.735,6.074,13.080,-0.240,6.780,-0.147,0.071,1.025,3.656,-4.850,-2.262,0.000,0.000,2.844,0.951,2,NULL,NULL,,0,0,0,7,255,0,250,0,0
baseline,6975,6975,0,201856.816,0.885,-0.285,-0.293,0.223,3045,520,1270,3169,1467,2019,75,1909,38,0.853,27,0,13.524,5.958,13.020,-0.840,3.560,-0.156,0.123,1.042,3.882,-4.520,-1.936,0.000,0.000,2.844,0.951,2,NULL,NULL,,0,0,0,7,255,0,250,0,0
baseline,6992,6992,0,201861.817,0.885,-0.285,-0.293,0.223,3036,523,1276,3162,1468,2023,83,1917,38,0.853,27,0,10.434,5.883,10.400,-0.780,-0.300,-0.141,0.148,1.069,4.138,-4.182,-1.596,0.000,0.000,2.844,0.951,2,NULL,NULL,,0,0,0,7,255,0,250,0,0
baseline,6992,6992,0,201866.817,0.885,-0.285,-0.292,0.223,3019,523,1287,3147,1479,2018,94,1919,38,0.853,27,0,6.192,6.129,5.820,-0.480,-2.060,-0.121,0.137,1.066,4.480,-4.182,-1.594,0.000,0.000,2.844,0.951,2,NULL,NULL,,0,0,0,7,255,0,250,0,0
baseline,7007,7007,0,201871.817,0.886,-0.285,-0.292,0.223,3007,523,1299,3147,1482,2024,133,1933,38,0.853,27,0,2.512,6.194,1.000,-0.540,-2.240,-0.117,0.101,1.046,4.480,-4.278,-1.594,0.000,0.000,2.844,0.951,2,NULL,NULL,,0,0,0,7,255,0,250,0,0
baseline,7007,7007,0,201876.816,0.886,-0.284,-0.291,0.224,2987,525,1309,3147,1495,2025,139,1941,38,0.853,27,0,3.044,6.191,-1.320,-0.120,-2.740,-0.123,0.063,1.013,4.298,-4.456,-1.854,0.000,0.000,2.844,0.951,2,NULL,NULL,,0,0,0,7,255,0,250,0,0
baseline,7007,7007,0,201881.817,0.886,-0.284,-0.291,0.224,2973,525,1332,3135,1501,2029,154,1946,38,0.853,27,0,3.741,6.004,-0.820,-0.600,-3.600,-0.136,0.044,0.992,3.918,-4.550,-2.152,0.000,0.000,2.844,0.951,2,NULL,NULL,,0,0,0,7,255,0,250,0,0
baseline,7007,7007,0,201886.817,0.886,-0.283,-0.290,0.224,2963,531,1366,3123,1519,2034,184,1961,38,0.853,27,0,5.795,5.817,1.120,-1.280,-5.540,-0.155,0.057,0.995,3.624,-4.550,-2.152,0.000,0.000,2.844,0.951,2,NULL,NULL,,0,0,0,7,255,0,250,0,0
baseline,7024,7024,0,201891.817,0.887,-0.283,-0.290,0.224,2941,539,1391,3115,1544,2031,189,1971,38,0.853,27,0,10.534,5.703,2.040,-0.840,-10.300,-0.158,0.085,1.017,3.624,-4.404,-2.086,0.000,0.000,2.844,0.951,2,NULL,NULL,,0,0,0,7,255,0,250,0,0
baseline,7024,7024,0,201896.817,0.887,-0.282,-0.289,0.225,2930,539,1430,3107,1561,2036,211,1981,38,0.853,27,0,14.918,5.740,0.880,-0.600,-14.880,-0.142,0.089,1.026,3.768,-4.330,-1.838,0.000,0.000,2.844,0.951,2,NULL,NULL,,0,0,0,7,255,0,250,0,0
baseline,7056,7056,0,201901.817,0.887,-0.281,-0.289,0.226,2904,551,1454,3095,1579,2039,235,1993,38,0.853,27,0,17.472,5.850,-1.740,-0.420,-17.380,-0.121,0.067,1.025,3.934,-4.330,-1.838,0.000,0.000,2.844,0.951,2,NULL,NULL,,0,0,0,7,255,0,250,0,0
baseline,7056,7056,0,201906.816,0.887,-0.281,-0.288,0.227,2889,552,1491,3089,1592,2044,245,2007,38,0.853,27,0,18.541,6.010,-4.180,-0.360,-18.060,-0.111,0.033,1.007,3.934,-4.544,-2.022,0.000,0.000,2.844,0.951,2,NULL,NULL,,0,0,0,7,255,0,250,0,0
baseline,7056,7056,0,201911.817,0.887,-0.280,-0.288,0.227,2871,569,1519,3079,1609,2044,276,2019,38,0.853,27,0,18.712,6.055,-5.460,0.800,-17.880,-0.105,0.006,0.992,3.786,-4.726,-2.300,0.000,0.000,2.844,0.951,2,NULL,NULL,,0,0,0,7,255,0,250,0,0
baseline,7056,7056,0,201916.816,0.887,-0.279,-0.288,0.228,2847,585,1558,3064,1625,2053,315,2031,38,0.853,27,0,18.182,6.064,-5.520,1.480,-17.260,-0.109,-0.022,0.976,3.624,-4.862,-2.510,0.000,0.000,2.844,0.951,2,NULL,NULL,,0,0,0,7,255,0,250,0,0
baseline,7057,7057,0,201921.817,0.888,-0.278,-0.287,0.229,2834,603,1591,3055,1641,2054,328,2043,38,0.853,27,0,18.163,6.012,-5.160,1.100,-17.380,-0.107,-0.030,0.979,3.382,-4.970,-2.672,0.000,0.000,2.844,0.951,2,NULL,NULL,,0,0,0,7,255,0,250,0,0
baseline,7057,7057,0,201926.816,0.888,-0.277,-0.287,0.229,2813,615,1637,3049,1657,2053,358,2057,38,0.853,27,0,18.609,6.004,-4.560,1.220,-18.000,-0.107,-0.022,0.971,3.368,-4.970,-2.674,0.000,0.000,2.844,0.951,2,NULL,NULL,,0,0,0,7,255,0,250,0,0
baseline,7072,7072,0,201931.817,0.888,-0.276,-0.287,0.230,2796,623,1675,3040,1675,2057,381,2068,38,0.853,27,0,18.817,5.964,-4.240,1.100,-18.300,-0.094,-0.009,0.981,3.368,-4.922,-2.672,0.000,0.000,2.844,0.951,2,NULL,NULL,,0,0,0,7,255,0,250,0,0
baseline,7072,7072,0,201936.816,0.888,-0.275,-0.287,0.231,2776,631,1707,3033,1695,2063,415,2077,38,0.853,27,0,17.180,6.062,-4.360,1.600,-16.540,-0.089,-0.008,0.983,3.572,-4.898,-2.660,0.000,0.000,2.844,0.951,2,NULL,NULL,,0,0,0,7,255,0,250,0,0
baseline,7072,7072,0,201941.817,0.888,-0.274,-0.286,0.231,2751,632,1743,3023,1715,2065,462,2087,38,0.853,27,0,14.218,6.056,-5.280,0.740,-13.180,-0.108,-0.012,0.986,3.572,-4.890,-2.658,0.000,0.000,2.844,0.951,2,NULL,NULL,,0,0,0,7,255,0,250,0,0
baseline,7072,7072,0,201946.817,0.889,-0.274,-0.286,0.232,2735,635,1785,3016,1752,2073,489,2099,38,0.853,27,0,14.142,5.987,-6.380,0.180,-12.620,-0.138,0.008,0.999,3.468,-4.880,-2.524,0.000,0.000,2.844,0.951,2,NULL,NULL,,0,0,0,7,255,0,250,0,0
baseline,7072,7072,0,201951.817,0.889,-0.273,-0.286,0.232,2717,648,1819,3005,1780,2076,521,2123,38,0.853,27,0,18.051,5.833,-8.160,0.180,-16.100,-0.148,0.036,1.013,3.468,-4.690,-2.186,0.000,0.000,2.844,0.951,2,NULL,NULL,,0,0,0,7,255,0,250,0,0
baseline,7072,7072,0,201956.817,0.889,-0.272,-0.285,0.233,2701,651,1861,2997,1803,2085,537,2124,38,0.788,27,0,22.733,5.722,-10.540,-0.240,-20.140,-0.130,0.056,1.023,3.534,-4.500,-1.936,0.000,0.000,2.572,0.780,3,NULL,NULL,,0,0,0,7,255,0,250,0,0
baseline,7090,7090,0,201961.817,0.889,-0.270,-0.285,0.234,2679,683,1899,2985,1831,2089,581,2133,38,0.788,27,0,25.874,5.890,-12.980,0.320,-22.380,-0.100,0.048,1.022,3.800,-4.500,-1.936,0.032,0.000,2.572,0.780,3,NULL,NULL,,0,0,0,7,255,0,250,0,0
baseline,7090,7090,0,201966.816,0.890,-0.269,-0.285,0.235,2653,700,1943,2975,1853,2095,615,2143,38,0.788,27,0,24.558,5.924,-13.960,0.440,-20.200,-0.089,0.008,1.007,3.800,-4.544,-2.112,0.070,0.000,2.572,0.780,3,NULL,NULL,,0,0,0,7,255,0,250,0,0
baseline,7103,7103,0,201971.817,0.890,-0.268,-0.285,0.235,2635,717,1989,2967,1882,2095,650,2155,38,0.788,27,0,23.254,6.104,-15.420,-0.960,-17.380,-0.106,-0.023,0.999,3.788,-4.786,-2.376,0.100,0.000,2.572,0.780,3,NULL,NULL,,0,0,0,7,255,0,250,0,0
baseline,7103,7103,0,201976.817,0.890,-0.267,-0.284,0.236,2607,747,2037,2953,1915,2103,686,2169,38,0.788,27,0,24.328,5.932,-16.200,-1.040,-18.120,-0.131,-0.016,1.005,3.472,-4.810,-2.376,0.138,0.002,2.572,0.780,3,NULL,NULL,,0,0,0,7,255,0,250,0,0
baseline,7103,7103,0,201981.817,0.890,-0.265,-0.284,0.237,2587,773,2089,2939,1944,2107,695,2185,38,0.788,27,0,26.990,5.932,-15.960,-1.400,-21.720,-0.128,0.011,0.999,3.472,-4.810,-2.172,0.170,0.002,2.572,0.780,3,NULL,NULL,,0,0,0,7,255,0,250,0,0
baseline,7103,7103,0,201986.817,0.891,-0.264,-0.284,0.237,2553,788,2123,2926,1971,2109,715,2201,38,0.788,27,0,29.506,5.789,-16.080,-1.400,-24.700,-0.102,0.007,0.997,3.488,-4.620,-2.172,0.208,0.002,2.572,0.780,3,NULL,NULL,,0,0,0,7,255,0,250,0,0
baseline,7155,7155,0,201991.817,0.891,-0.263,-0.284,0.238,2529,807,2163,2913,2002,2111,755,2215,38,0.788,27,0,27.268,5.890,-14.680,-1.340,-22.940,-0.077,-0.014,0.992,3.654,-4.620,-2.320,0.240,0.004,2.572,0.780,3,NULL,NULL,,0,0,0,7,255,0,250,0,0
baseline,7155,7155,0,201996.816,0.891,-0.261,-0.283,0.239,2491,827,2200,2904,2028,2117,797,2232,38,0.788,27,0,23.889,6.041,-15.240,-1.880,-18.300,-0.074,-0.041,1.001,3.654,-4.810,-2.550,0.278,0.004,2.572,0.780,3,NULL,NULL,,0,0,0,7,255,0,250,0,0
baseline,7155,7155,0,202001.817,0.892,-0.260,-0.283,0.239,2466,841,2232,2890,2053,2119,815,2247,38,0.788,27,0,22.630,6.113,-16.880,-2.000,-14.940,-0.115,-0.037,1.010,3.620,-4.926,-2.550,0.312,0.006,2.572,0.780,3,NULL,NULL,,0,0,0,7,255,0,250,0,0
baseline,7155,7155,0,202006.816,0.892,-0.259,-0.283,0.240,2431,861,2269,2871,2077,2126,860,2263,38,0.788,27,0,26.349,6.025,-19.200,-2.440,-17.880,-0.130,-0.005,1.016,3.470,-4.926,-2.214,0.348,0.006,2.572,0.780,3,NULL,NULL,,0,0,0,7,255,0,250,0,0
baseline,7155,7155,0,202011.817,0.892,-0.257,-0.282,0.241,2399,887,2311,2856,2105,2131,883,2280,38,0.788,27,0,30.858,5.805,-21.040,-2.260,-22.460,-0.109,-0.011,1.003,3.470,-4.654,-2.206,0.380,0.006,2.572,0.780,3,NULL,NULL,,0,0,0,7,255,0,250,0,0
baseline,7155,7155,0,202016.816,0.893,-0.255,-0.282,0.241,2361,907,2347,2840,2132,2133,901,2295,38,0.788,27,0,29.805,5.845,-20.660,-2.800,-21.300,-0.069,-0.039,0.980,3.536,-4.654,-2.206,0.416,0.008,2.572,0.780,3,NULL,NULL,,0,0,0,7,255,0,250,0,0
baseline,7155,7155,0,202021.817,0.893,-0.254,-0.282,0.242,2335,933,2377,2823,2163,2137,921,2309,38,0.788,27,0,24.341,6.013,-18.460,-3.100,-15.560,-0.068,-0.042,0.977,3.562,-4.844,-2.668,0.450,0.008,2.572,0.780,3,NULL,NULL,,0,0,0,7,255,0,250,0,0
baseline,7155,7155,0,202026.816,0.893,-0.253,-0.281,0.242,2295,941,2413,2803,2187,2143,923,2327,38,0.788,27,0,21.099,6.013,-16.580,-3.540,-12.560,-0.098,-0.046,0.974,3.562,-4.844,-2.668,0.486,0.008,2.572,0.780,3,NULL,NULL,,0,0,0,7,255,0,250,0,0
baseline,7155,7155,0,202031.817,0.894,-0.251,-0.281,0.243,2259,953,2450,2788,2206,2149,952,2341,38,0.788,27,0,19.361,5.794,-14.140,-4.140,-12.560,-0.108,-0.046,0.972,3.312,-4.754,-2.534,0.520,0.008,2.572,0.780,3,NULL,NULL,,0,0,0,7,255,0,250,0,0
baseline,7155,7155,0,202036.817,0.894,-0.250,-0.281,0.243,2203,975,2485,2761,2231,2154,979,2355,38,0.788,27,0,18.438,5.750,-11.560,-4.440,-13.660,-0.104,-0.058,0.973,3.234,-4.754,-2.496,0.556,0.010,2.572,0.780,3,NULL,NULL,,0,0,0,7,255,0,250,0,0
baseline,7168,7168,0,202041.818,0.894,-0.249,-0.280,0.244,2151,989,2515,2734,2258,2156,1007,2365,38,0.788,27,0,17.837,5.751,-10.480,-5.000,-13.540,-0.102,-0.078,0.989,3.198,-4.780,-2.470,0.590,0.010,2.572,0.780,3,NULL,NULL,,0,0,0,7,255,0,250,0,0
baseline,7168,7168,0,202046.817,0.895,-0.248,-0.279,0.244,2095,999,2547,2707,2280,2162,1055,2391,38,0.788,27,0,16.024,5.876,-9.740,-6.220,-11.100,-0.116,-0.064,1.009,3.198,-4.930,-2.422,0.626,0.012,2.572,0.780,3,NULL,NULL,,0,0,0,7,255,0,250,0,0
baseline,7189,7189,0,202051.817,0.895,-0.247,-0.279,0.245,2037,1011,2573,2665,2303,2171,1095,2408,38,0.788,27,0,16.808,5.886,-9.800,-7.140,-11.640,-0.136,-0.016,1.015,3.216,-4.930,-2.146,0.660,0.014,2.572,0.780,3,NULL,NULL,,0,0,0,7,255,0,250,0,0
baseline,7189,7189,0,202056.816,0.895,-0.246,-0.278,0.245,1979,1020,2600,2619,2339,2175,1135,2427,38,0.788,27,0,19.605,5.600,-10.480,-7.980,-14.520,-0.137,0.016,1.027,3.344,-4.492,-1.860,0.696,0.014,2.572,0.780,3,NULL,NULL,,0,0,0,7,255,0,250,0,0
baseline,7189,7189,0,202061.817,0.896,-0.245,-0.278,0.246,1915,1030,2623,2581,2377,2173,1167,2441,38,0.788,27,0,20.537,5.597,-9.860,-9.080,-15.560,-0.109,0.014,1.023,3.546,-4.330,-1.860,0.730,0.016,2.572,0.780,3,NULL,NULL,,0,0,0,7,255,0,250,0,0
baseline,7189,7189,0,202066.817,0.896,-0.244,-0.277,0.247,1831,1034,2651,2520,2403,2181,1226,2458,38,0.788,27,0,20.330,5.703,-10.040,-9.820,-14.700,-0.095,-0.012,1.033,3.712,-4.330,-1.870,0.768,0.016,2.572,0.780,3,NULL,NULL,,0,0,0,7,255,0,250,0,0
baseline,7199,7199,0,202071.817,0.897,-0.243,-0.276,0.247,1721,1041,2675,2453,2429,2183,1251,2477,38,0.788,27,0,20.027,5.919,-10.960,-11.100,-12.560,-0.078,-0.046,1.034,3.712,-4.610,-1.920,0.800,0.016,2.572,0.780,3,NULL,NULL,,0,0,0,7,255,0,250,0,0
baseline,7199,7199,0,202076.817,0.897,-0.242,-0.275,0.247,1637,1041,2701,2379,2467,2183,1308,2500,38,0.788,27,0,18.941,6.128,-12.660,-11.340,-8.360,-0.088,-0.076,1.034,3.650,-4.922,-2.050,0.836,0.018,2.572,0.780,3,NULL,NULL,,0,0,0,7,255,0,250,0,0
baseline,7220,7220,0,202081.817,0.897,-0.241,-0.274,0.248,1559,1043,2724,2275,2491,2181,1342,2515,38,0.788,27,0,19.374,5.991,-13.220,-13.060,-5.480,-0.118,-0.058,1.021,3.416,-4.922,-2.050,0.868,0.018,2.572,0.780,3,NULL,NULL,,0,0,0,7,255,0,250,0,0
baseline,7220,7220,0,202086.816,0.898,-0.239,-0.274,0.248,1459,1029,2742,2203,2516,2173,1384,2527,38,0.788,27,0,21.728,5.874,-14.740,-13.720,-8.160,-0.121,-0.004,1.046,3.416,-4.778,-1.924,0.906,0.018,2.572,0.780,3,NULL,NULL,,0,0,0,7,255,0,250,0,0
baseline,7253,7253,0,202091.817,0.898,-0.238,-0.273,0.248,1331,1003,2763,2141,2541,2168,1420,2539,38,0.788,27,0,24.764,5.684,-16.580,-13.660,-12.320,-0.109,-0.025,1.024,3.464,-4.506,-1.840,0.940,0.020,2.572,0.780,3,NULL,NULL,,0,0,0,7,255,0,250,0,0
baseline,7253,7253,0,202096.817,0.899,-0.237,-0.272,0.249,1236,981,2783,2063,2570,2163,1465,2553,38,0.788,27,0,21.983,5.734,-11.440,-17.260,-7.380,-0.095,-0.022,1.021,3.558,-4.496,-1.840,0.980,0.020,2.572,0.780,3,NULL,NULL,,0,0,0,7,255,0,250,0,0
baseline,7253,7253,0,202101.817,0.899,-0.236,-0.271,0.249,1119,934,2803,1977,2590,2156,1505,2582,38,0.788,27,0,20.969,5.741,-9.860,-17.320,-6.520,-0.093,-0.016,1.068,3.558,-4.506,-1.840,1.010,0.022,2.572,0.780,3,NULL,NULL,,0,0,0,7,255,0,250,0,0
baseline,7253,7253,0,202106.816,0.900,-0.235,-0.270,0.249,998,903,2825,1865,2615,2140,1557,2601,38,0.788,27,0,22.826,5.877,-12.720,-18.180,-5.360,-0.106,-0.016,1.071,3.682,-4.580,-1.544,1.046,0.022,2.572,0.780,3,NULL,NULL,,0,0,0,7,255,0,250,0,0
baseline,7270,7270,0,202111.817,0.901,-0.233,-0.269,0.250,901,869,2841,1723,2638,2130,1586,2613,38,0.788,27,0,26.606,5.880,-17.300,-19.760,-4.260,-0.107,-0.007,1.066,3.688,-4.580,-1.430,1.078,0.022,2.572,0.780,3,NULL,NULL,,0,0,0,7,255,0,250,0,0
baseline,7270,7270,0,202116.816,0.901,-0.232,-0.267,0.250,749,839,2859,1567,2659,2108,1627,2631,38,0.788,27,0,30.448,5.787,-21.280,-21.060,-5.540,-0.094,0.004,1.052,3.688,-4.460,-1.430,1.114,0.022,2.572,0.780,3,NULL,NULL,,0,0,0,7,255,0,250,0,0
baseline,7270,7270,0,202121.817,0.902,-0.231,-0.266,0.250,657,755,2873,1433,2680,2083,1657,2639,38,0.788,27,0,30.183,5.677,-19.080,-22.820,-5.120,-0.102,0.019,1.028,3.688,-4.316,-1.560,1.148,0.022,2.572,0.780,3,NULL,NULL,,0,0,0,7,255,0,250,0,0
baseline,7270,7270,0,202126.816,0.903,-0.229,-0.265,0.250,529,675,2893,1263,2707,2055,1707,2661,38,0.788,27,0,31.823,5.731,-19.140,-24.400,-7.140,-0.085,-0.007,1.064,3.770,-4.316,-1.560,1.184,0.024,2.572,0.780,3,NULL,NULL,,0,0,0,7,255,0,250,0,0
baseline,7270,7270,0,202131.817,0.903,-0.228,-0.264,0.250,365,612,2903,1115,2726,2005,1756,2676,38,0.788,27,0,33.056,5.826,-19.560,-26.000,-5.840,-0.047,-0.005,1.062,3.796,-4.420,-1.654,1.218,0.024,2.572,0.780,3,NULL,NULL,,0,0,0,7,255,0,250,0,0
baseline,7270,7270,0,202136.816,0.904,-0.226,-0.262,0.250,283,523,2918,923,2745,1967,1789,2699,38,0.788,27,0,33.607,6.004,-17.980,-28.260,-2.740,-0.062,0.027,1.083,4.064,-4.420,-1.496,1.254,0.024,2.572,0.780,3,NULL,NULL,,0,0,0,7,255,0,250,0,0
baseline,7271,7271,0,202141.817,0.905,-0.226,-0.260,0.250,189,435,2927,813,2764,1911,1831,2712,38,0.788,27,0,33.270,5.994,0.280,-32.520,7.020,-0.084,0.042,1.143,4.186,-4.290,-1.370,1.288,0.024,2.572,0.780,3,NULL,NULL,,0,0,0,7,255,0,250,0,0
baseline,7271,7271,0,202146.816,0.905,-0.226,-0.258,0.250,167,367,2939,726,2781,1873,1870,2723,38,0.788,27,0,51.565,5.994,27.240,-37.280,22.960,-0.232,0.045,1.369,4.186,-4.290,-0.720,1.324,0.024,2.572,0.780,3,NULL,NULL,,0,0,0,7,255,0,250,0,0
baseline,7287,7287,0,202151.817,0.906,-0.227,-0.255,0.249,151,285,2954,681,2797,1847,1909,2733,38,0.788,27,0,64.338,6.237,16.680,-48.520,38.820,-0.357,-0.077,1.510,4.058,-4.736,1.906,1.358,0.026,2.572,0.780,3,NULL,NULL,,0,0,0,7,255,0,250,0,0
baseline,7287,7287,0,202156.817,0.908,-0.225,-0.253,0.248,121,217,2963,635,2823,1801,1955,2745,38,0.788,27,0,65.266,6.604,-23.720,-55.840,24.060,-0.349,-0.189,1.426,2.976,-5.896,2.608,1.396,0.030,2.572,0.780,3,NULL,NULL,,0,0,0,7,255,0,250,0,0
baseline,7287,7287,0,202161.817,0.909,-0.222,-0.251,0.248,85,149,2971,603,2835,1765,1993,2747,38,0.788,27,0,83.376,6.299,-59.660,-58.160,3.120,-0.189,-0.220,1.149,2.086,-5.944,2.608,1.434,0.034,2.572,0.780,3,NULL,NULL,,0,0,0,7,255,0,250,0,0
baseline,7287,7287,0,202166.817,0.911,-0.219,-0.248,0.247,40,85,2981,553,2843,1692,2027,2759,38,0.788,27,0,78.714,6.299,-46.840,-62.500,9.780,-0.074,-0.198,0.924,2.086,-5.944,-0.464,1.474,0.038,2.572,0.780,3,NULL,NULL,,0,0,0,7,255,0,250,0,0
baseline,7296,7296,0,202171.817,0.912,-0.217,-0.245,0.247,21,26,2986,493,2855,1629,2059,2763,38,0.788,27,0,75.811,5.582,-23.040,-68.780,22.040,-0.090,-0.105,0.919,2.144,-5.154,-2.550,1.508,0.040,2.572,0.780,3,NULL,NULL,,0,0,0,7,255,0,250,0,0
baseline,7296,7296,0,202176.816,0.913,-0.217,-0.242,0.246,17,23,2990,434,2867,1561,2089,2773,38,0.788,27,0,79.814,4.907,15.600,-72.380,29.800,-0.174,-0.057,1.032,2.408,-4.276,-2.550,1.546,0.044,2.572,0.780,3,NULL,NULL,,0,0,0,7,255,0,250,0,0
baseline,7311,7311,0,202181.817,0.914,-0.217,-0.238,0.246,0,0,2995,383,2885,1477,2117,2775,38,0.788,27,0,85.596,4.923,26.460,-77.200,25.820,-0.212,-0.074,1.186,2.440,-4.276,-1.082,1.580,0.046,2.572,0.780,3,NULL,NULL,,0,0,0,7,255,0,250,0,0
baseline,7311,7311,0,202186.817,0.915,-0.217,-0.234,0.246,0,0,2999,341,2895,1381,2143,2777,38,0.788,27,0,88.057,5.281,25.540,-81.720,20.580,-0.192,-0.087,1.259,2.510,-4.646,0.358,1.616,0.046,2.572,0.780,3,NULL,NULL,,0,0,0,7,255,0,250,0,0
baseline,7312,7312,0,202191.817,0.917,-0.216,-0.229,0.245,0,0,2997,268,2907,1277,2166,2779,38,0.788,27,0,90.795,5.801,15.660,-87.220,19.780,-0.122,-0.094,1.272,2.764,-5.100,0.648,1.648,0.048,2.572,0.780,3,NULL,NULL,,0,0,0,7,255,0,250,0,0
baseline,7312,7312,0,202196.817,0.918,-0.216,-0.225,0.245,0,0,2999,211,2917,1173,2194,2780,38,0.788,27,0,95.421,6.152,6.200,-91.240,27.240,-0.081,-0.075,1.240,3.224,-5.240,0.648,1.684,0.050,2.572,0.780,3,NULL,NULL,,0,0,0,7,255,0,250,0,0
baseline,7344,7344,0,202201.819,0.920,-0.215,-0.220,0.244,0,0,2997,122,2923,1080,2217,2777,38,0.788,27,0,103.784,6.264,0.460,-97.100,36.640,-0.076,-0.006,1.220,3.432,-5.240,0.260,1.716,0.052,2.572,0.780,3,NULL,NULL,,0,0,0,7,255,0,250,0,0
baseline,7344,7344,0,202206.816,0.921,-0.214,-0.216,0.243,0,0,2995,57,2932,968,2237,2775,38,0.788,27,0,108.935,5.849,-0.700,-101.180,40.360,-0.086,0.064,1.190,3.650,-4.570,0.258,1.754,0.056,2.572,0.780,3,NULL,NULL,,0,0,0,7,255,0,250,0,0
baseline,7344,7344,0,202211.817,0.923,-0.213,-0.211,0.242,0,0,2991,6,2935,862,2261,2771,38,0.788,27,0,110.827,5.260,-3.820,-104.420,36.940,-0.099,0.082,1.187,3.650,-3.788,0.258,1.788,0.060,2.572,0.780,3,NULL,NULL,,0,0,0,7,255,0,250,0,0
baseline,7344,7344,0,202216.816,0.925,-0.212,-0.206,0.241,0,0,2985,0,2939,747,2279,2759,38,0.788,27,0,112.911,5.233,-1.620,-107.040,35.900,-0.073,0.033,1.206,3.610,-3.788,0.356,1.826,0.062,2.572,0.780,3,NULL,NULL,,0,0,0,7,255,0,250,0,0
baseline,7359,7359,0,202221.817,0.926,-0.211,-0.201,0.240,0,0,2981,0,2939,653,2299,2751,38,0.788,27,0,117.392,5.375,-1.200,-111.940,35.340,-0.088,-0.029,1.228,3.536,-4.048,0.358,1.858,0.064,2.572,0.780,3,NULL,NULL,,0,0,0,7,255,0,250,0,0
baseline,7359,7359,0,202226.816,0.928,-0.209,-0.195,0.239,0,0,2972,0,2940,541,2315,2733,38,0.788,27,0,124.070,5.475,-0.100,-117.860,38.760,-0.111,-0.050,1.280,3.072,-4.532,0.540,1.894,0.064,2.572,0.780,3,NULL,NULL,,0,0,0,7,255,0,250,0,0
baseline,7359,7359,0,202231.817,0.930,-0.208,-0.190,0.237,0,0,2963,0,2941,427,2331,2715,38,0.788,27,0,132.264,5.390,4.420,-124.560,44.260,-0.164,-0.038,1.326,2.832,-4.586,1.100,1.928,0.064,2.572,0.780,3,NULL,NULL,,0,0,0,7,255,0,250,0,0
baseline,7359,7359,0,202236.817,0.931,-0.207,-0.184,0.236,0,0,2951,0,2940,351,2343,2687,38,0.788,27,0,140.520,5.280,0.080,-132.680,46.280,-0.173,0.007,1.378,2.616,-4.586,1.794,1.964,0.064,2.572,0.780,3,NULL,NULL,,0,0,0,7,255,0,250,0,0
baseline,7376,7376,0,202241.817,0.933,-0.206,-0.177,0.235,0,0,2933,0,2937,316,2351,2662,38,0.788,27,0,145.635,4.960,3.820,-139.040,43.160,-0.243,0.036,1.432,2.472,-4.300,2.422,1.998,0.064,2.572,0.780,3,NULL,NULL,,0,0,0,7,255,0,250,0,0
baseline,7376,7376,0,202246.817,0.935,-0.205,-0.171,0.234,0,0,2917,0,2933,249,2366,2617,38,0.788,27,0,155.743,4.487,-3.140,-150.140,41.280,-0.274,0.066,1.490,2.168,-3.928,3.284,2.034,0.064,2.572,0.780,3,NULL,NULL,,0,0,0,7,255,0,250,0,0
baseline,7376,7376,0,202251.817,0.937,-0.203,-0.164,0.234,0,0,2903,0,2931,181,2375,2583,38,0.788,27,0,162.493,4.222,-5.460,-160.080,27.360,-0.310,0.074,1.583,2.034,-3.700,4.018,2.066,0.064,2.572,0.780,3,NULL,NULL,,0,0,0,7,255,0,250,0,0
baseline,7376,7376,0,202256.817,0.938,-0.201,-0.157,0.234,0,0,2873,0,2915,139,2379,2520,38,0.788,27,0,170.269,4.101,-1.500,-169.420,16.920,-0.347,0.134,1.669,1.814,-3.678,5.046,2.102,0.066,2.572,0.780,3,NULL,NULL,,0,0,0,7,255,0,250,0,0
baseline,7392,7392,0,202261.817,0.940,-0.199,-0.149,0.234,0,0,2847,0,2897,95,2379,2459,38,0.788,27,0,178.310,3.717,-10.600,-177.980,2.260,-0.323,0.217,1.828,1.814,-3.244,6.112,2.134,0.066,2.572,0.780,3,NULL,NULL,,0,0,0,7,255,0,250,0,0
baseline,7392,7392,0,202266.816,0.941,-0.196,-0.141,0.235,0,0,2807,0,2867,63,2376,2393,38,0.788,27,0,185.733,3.806,-13.820,-185.120,-6.040,-0.330,0.133,1.937,1.990,-3.244,7.660,2.170,0.066,2.572,0.780,3,NULL,NULL,,0,0,0,7,255,0,250,0,0
baseline,7408,7408,0,202271.817,0.943,-0.193,-0.133,0.236,0,0,2773,0,2841,5,2374,2313,38,0.788,27,0,202.268,4.008,-20.540,-201.220,0.980,-0.297,0.231,1.975,2.478,-3.150,8.554,2.200,0.066,2.572,0.780,3,NULL,NULL,,0,0,0,7,255,0,250,0,0
baseline,7408,7408,0,202276.817,0.945,-0.190,-0.124,0.236,0,0,2727,0,2798,0,2356,2199,38,0.788,27,0,212.069,3.923,-28.540,-210.140,-0.300,-0.359,0.312,2.132,2.338,-3.150,9.058,2.232,0.066,2.572,0.780,3,NULL,NULL,,0,0,0,7,255,0,250,0,0
baseline,7408,7408,0,202281.817,0.947,-0.186,-0.115,0.237,0,0,2665,0,2741,0,2341,2073,38,0.788,27,0,228.094,3.541,-54.780,-221.360,-5.060,-0.374,0.530,2.263,2.514,-2.494,10.906,2.262,0.066,2.572,0.780,3,NULL,NULL,,0,0,0,7,255,0,250,0,0
baseline,7408,7408,0,202286.816,0.948,-0.180,-0.106,0.239,0,0,2596,0,2662,0,2321,1865,38,0.788,27,0,238.875,3.198,-69.980,-227.040,-24.840,-0.389,0.739,2.392,3.118,-0.710,12.630,2.296,0.066,2.572,0.780,3,NULL,NULL,,0,0,0,7,255,0,250,0,0
baseline,7440,7440,0,202291.817,0.950,-0.174,-0.098,0.241,0,0,2503,0,2551,0,2281,1696,38,0.788,27,0,257.050,3.973,-98.180,-233.700,-42.660,-0.323,0.773,2.429,3.824,1.078,14.300,2.326,0.066,2.572,0.780,3,NULL,NULL,,0,0,0,7,255,0,250,0,0
baseline,7440,7440,0,202296.816,0.952,-0.166,-0.089,0.243,0,0,2375,0,2407,0,2237,1489,38,0.788,27,0,269.221,4.043,-131.800,-231.860,-36.740,-0.316,0.711,2.435,3.824,1.314,14.522,2.362,0.066,2.572,0.780,3,NULL,NULL,,0,0,0,7,255,0,250,0,0
baseline,7440,7440,0,202301.818,0.954,-0.157,-0.081,0.243,0,0,2207,0,2279,0,2171,1285,38,0.788,27,0,286.304,4.016,-162.140,-235.340,-17.200,-0.445,0.759,2.417,3.762,1.406,14.568,2.390,0.060,2.572,0.780,3,NULL,NULL,,0,0,0,7,255,0,250,0,0
baseline,7440,7440,0,202306.816,0.956,-0.147,-0.072,0.245,0,0,2013,0,2101,0,2101,1075,38,0.788,27,0,313.103,3.862,-184.360,-251.700,-26.300,-0.593,0.827,2.496,2.588,2.866,14.694,2.420,0.050,2.572,0.780,3,NULL,NULL,,0,0,0,7,255,0,250,0,0
baseline,7441,7441,0,202311.817,0.957,-0.136,-0.064,0.246,0,0,1885,0,1940,0,2027,926,38,0.788,27,0,322.331,4.016,-196.020,-252.380,-42.160,-0.798,0.581,2.653,1.442,3.748,15.752,2.446,0.038,2.572,0.780,3,NULL,NULL,,0,0,0,7,255,0,250,0,0
baseline,7441,7441,0,202316.816,0.959,-0.122,-0.056,0.249,0,0,1682,0,1727,0,1925,793,38,0.788,27,0,380.684,4.074,-272.980,-256.280,-68.720,-0.712,0.211,2.326,-1.598,3.748,15.752,2.470,0.020,2.572,0.780,3,NULL,NULL,,0,0,0,7,255,0,250,0,0
baseline,7455,7455,0,202321.817,0.961,-0.105,-0.048,0.253,0,0,1460,0,1543,0,1763,661,38,0.788,27,0,436.008,3.286,-317.300,-283.680,-94.600,-0.475,-0.057,1.734,-2.878,1.586,13.412,2.490,0.006,2.572,0.780,3,NULL,NULL,,0,0,0,7,255,0,250,0,0
baseline,7455,7455,0,202326.816,0.962,-0.089,-0.039,0.256,0,0,1229,0,1300,0,1577,595,38,0.788,27,0,424.191,2.887,-288.920,-299.240,-83.180,-0.265,-0.155,1.286,-2.878,-0.230,7.106,2.506,0.026,2.572,0.780,3,NULL,NULL,,0,0,0,7,255,0,250,0,0
baseline,7455,7455,0,202331.817,0.963,-0.076,-0.028,0.259,0,0,1000,0,1108,0,1343,555,38,0.788,27,0,384.379,2.867,-205.180,-317.740,-68.480,-0.190,-0.364,1.110,-2.660,-1.070,2.464,2.516,0.052,2.572,0.780,3,NULL,NULL,,0,0,0,7,255,0,250,0,0
baseline,7455,7455,0,202336.816,0.963,-0.068,-0.014,0.260,0,0,764,0,894,0,1064,492,38,0.788,27,0,366.868,2.767,-95.380,-350.640,-50.460,-0.120,-0.249,1.422,-1.998,-1.914,2.464,2.526,0.078,2.572,0.780,3,NULL,NULL,,0,0,0,7,255,0,250,0,0
baseline,7471,7471,0,202341.817,0.963,-0.064,0.001,0.261,0,0,571,0,715,0,731,373,38,0.788,27,0,369.712,3.212,-9.320,-367.540,-38.920,-0.299,-0.047,2.096,-2.580,-1.914,3.680,2.532,0.102,2.572,0.780,4,NULL,NULL,,0,0,0,7,255,0,250,0,0
baseline,7471,7471,0,202346.817,0.963,-0.058,0.016,0.261,0,0,397,0,485,0,407,311,38,0.788,27,0,378.094,2.707,-30.680,-376.400,-18.360,-0.345,0.147,2.437,-2.580,0.820,10.300,2.540,0.128,2.572,0.780,4,NULL,NULL,,0,0,0,7,255,0,250,0,0
baseline,7490,7490,0,202351.817,0.964,-0.050,0.032,0.261,0,0,239,0,309,0,42,181,38,0.788,27,0,401.854,4.051,-98.240,-389.640,-4.020,-0.334,0.257,2.486,-2.610,3.098,13.554,2.546,0.154,2.572,0.780,4,NULL,NULL,,0,0,0,7,255,0,250,0,0
baseline,7490,7490,0,202356.816,0.964,-0.037,0.046,0.259,0,0,157,0,97,0,0,149,38,0.788,27,0,437.167,5.256,-194.980,-389.880,33.040,-0.264,0.388,2.151,-2.610,4.562,13.554,2.554,0.180,2.572,0.780,4,NULL,NULL,,0,0,0,7,255,0,250,0,0
baseline,7490,7490,0,202361.817,0.965,-0.023,0.058,0.255,0,0,83,0,0,0,0,87,38,0.788,27,0,464.740,6.198,-246.800,-386.220,76.860,-0.356,0.462,1.628,-1.966,5.878,10.446,2.560,0.208,2.572,0.780,4,NULL,NULL,,0,0,0,7,255,0,250,0,0
baseline,7490,7490,0,202366.817,0.966,-0.008,0.071,0.250,0,0,17,0,0,0,0,27,38,0.788,27,0,479.850,7.448,-244.120,-397.220,113.480,-0.621,0.593,1.320,-1.966,7.184,4.964,2.566,0.238,2.572,0.780,4,NULL,NULL,,0,0,0,7,255,0,250,0,0
baseline,7504,7504,0,202371.817,0.966,0.006,0.085,0.244,0,0,0,0,0,0,0,0,38,0.788,27,0,497.654,10.304,-241.240,-416.680,125.860,-0.778,0.802,1.290,-3.570,9.666,1.200,2.568,0.268,2.572,0.780,4,NULL,NULL,,0,0,0,7,255,0,250,0,0
baseline,7504,7504,0,202376.817,0.966,0.021,0.099,0.237,0,0,0,0,0,0,0,0,38,0.788,27,0,515.858,13.166,-254.120,-424.560,145.880,-0.966,0.906,1.297,-4.170,12.488,0.026,2.566,0.306,2.572,0.780,4,NULL,NULL,,0,0,0,7,255,0,250,0,0
baseline,7521,7521,0,202381.817,0.966,0.040,0.111,0.231,0,0,0,0,0,0,0,0,38,0.788,27,0,554.041,15.126,-350.320,-409.240,129.460,-0.729,1.279,1.113,-4.170,14.540,-0.970,2.558,0.346,2.572,0.780,4,NULL,NULL,,0,0,0,7,255,0,250,0,0
baseline,7521,7521,0,202386.816,0.963,0.061,0.121,0.231,0,0,0,0,0,0,0,0,38,0.788,27,0,553.504,14.652,-435.520,-341.420,11.000,-0.304,0.890,0.758,-1.812,14.540,-3.306,2.542,0.398,2.572,0.780,4,NULL,NULL,,0,0,0,7,255,0,250,0,0
baseline,7553,7553,0,202391.817,0.961,0.080,0.126,0.234,0,0,0,0,0,0,0,0,38,0.788,27,0,482.751,10.899,-421.900,-228.640,-52.660,-0.096,0.202,0.376,-0.256,10.896,-5.542,2.518,0.454,2.572,0.780,4,NULL,NULL,,0,0,0,7,255,0,250,0,0
baseline,7553,7553,0,202396.817,0.958,0.095,0.131,0.237,0,0,0,0,0,0,0,0,38,0.788,27,0,361.796,3.339,-333.160,-136.960,-33.800,0.089,0.063,-0.140,0.560,3.292,-7.498,2.486,0.524,2.572,0.780,0,NULL,NULL,,0,0,0,7,255,0,250,0,0
baseline,7553,7553,0,202401.817,0.956,0.107,0.134,0.238,0,0,0,0,0,0,0,0,38,0.788,27,0,235.458,1.535,-221.960,-78.240,-7.260,0.064,-0.035,-0.550,1.508,-0.284,-11.382,2.452,0.588,2.572,0.780,0,NULL,NULL,,0,0,0,7,255,0,250,0,0
baseline,7553,7553,0,202406.817,0.955,0.114,0.136,0.238,0,0,0,0,0,0,0,0,38,0.788,27,0,157.586,2.869,-150.540,-42.660,18.740,0.240,0.079,-0.565,1.510,-2.440,-14.684,2.418,0.658,2.572,0.780,0,NULL,NULL,,0,0,0,7,255,0,250,0,0
baseline,7553,7553,0,202411.816,0.955,0.119,0.137,0.237,0,0,0,0,0,0,0,0,38,0.788,27,0,117.544,4.309,-105.500,6.660,51.400,0.216,0.244,-0.549,3.552,-2.440,-14.896,2.398,0.712,2.572,0.780,0,NULL,NULL,,0,0,0,7,255,0,250,0,0
baseline,7553,7553,0,202416.817,0.955,0.121,0.135,0.235,0,0,0,0,0,0,0,0,38,0.788,27,0,122.463,4.212,-67.540,56.900,84.840,0.122,0.394,-0.563,4.094,-0.990,-15.030,2.384,0.762,2.572,0.780,0,NULL,NULL,,0,0,0,7,255,0,250,0,0
baseline,7568,7568,0,202421.816,0.956,0.120,0.132,0.232,0,0,0,0,0,0,0,0,38,0.788,27,0,142.994,4.129,-20.480,87.280,111.400,-0.061,0.389,-0.522,4.094,0.540,-15.876,2.376,0.804,2.572,0.780,0,NULL,NULL,,0,0,0,7,255,0,250,0,0
baseline,7568,7568,0,202426.817,0.959,0.116,0.126,0.227,0,0,0,0,0,0,0,0,38,0.788,27,0,165.908,2.819,26.760,103.100,127.200,-0.237,0.267,-0.376,2.436,1.418,-15.876,2.364,0.852,2.572,0.780,0,NULL,NULL,,0,0,0,7,255,0,250,0,0
baseline,7568,7568,0,202431.817,0.961,0.112,0.118,0.223,0,0,0,0,0,0,0,0,38,0.788,27,0,183.641,1.735,54.160,114.880,132.640,-0.388,0.156,-0.228,0.070,1.734,-15.052,2.346,0.904,2.572,0.780,0,NULL,NULL,,0,0,0,7,255,0,250,0,0
baseline,7568,7568,0,202436.816,0.964,0.107,0.111,0.218,0,0,0,0,0,0,0,0,38,0.788,27,0,192.696,2.846,70.580,120.980,132.340,-0.497,0.167,-0.131,-2.032,1.992,-13.854,2.320,0.964,2.572,0.780,0,NULL,NULL,,0,0,0,7,255,0,250,0,0
baseline,7568,7568,0,202441.819,0.966,0.102,0.103,0.213,0,0,0,0,0,0,0,0,38,0.788,27,0,197.314,4.238,85.420,123.000,128.480,-0.567,0.252,-0.054,-3.124,2.864,-13.256,2.292,1.026,2.572,0.780,0,NULL,NULL,,0,0,0,7,255,0,250,0,0
baseline,7568,7568,0,202446.817,0.969,0.095,0.096,0.209,0,0,0,0,0,0,0,0,38,0.788,27,0,198.673,5.411,98.840,122.800,120.920,-0.612,0.332,0.027,-3.520,4.110,-12.864,2.262,1.092,2.572,0.780,0,NULL,NULL,,0,0,0,7,255,0,250,0,0
baseline,7591,7591,0,202451.817,0.971,0.088,0.089,0.205,0,0,0,0,0,0,0,0,38,0.788,27,0,197.777,6.418,108.300,123.480,110.180,-0.645,0.329,0.127,-3.734,5.220,-12.322,2.236,1.150,2.572,0.780,0,NULL,NULL,,0,0,0,7,255,0,250,0,0
baseline,7591,7591,0,202456.816,0.973,0.081,0.082,0.201,0,0,0,0,0,0,0,0,38,0.788,27,0,195.822,6.949,112.280,127.700,97.120,-0.673,0.273,0.228,-4.218,5.522,-11.334,2.208,1.214,2.572,0.780,0,NULL,NULL,,0,0,0,7,255,0,250,0,0
baseline,7591,7591,0,202461.817,0.974,0.075,0.075,0.199,0,0,0,0,0,0,0,0,38,0.788,27,0,191.286,7.348,110.980,132.820,81.440,-0.691,0.222,0.315,-4.848,5.522,-10.188,2.184,1.274,2.572,0.780,0,NULL,NULL,,0,0,0,7,255,0,250,0,0
baseline,7591,7591,0,202466.817,0.976,0.069,0.069,0.197,0,0,0,0,0,0,0,0,38,0.788,27,0,186.166,7.553,106.780,138.740,63.300,-0.694,0.180,0.393,-5.332,5.350,-9.160,2.158,1.336,2.572,0.780,0,NULL,NULL,,0,0,0,7,255,0,250,0,0
baseline,7601,7601,0,202471.817,0.977,0.063,0.062,0.195,0,0,0,0,0,0,0,0,38,0.788,27,0,183.286,7.569,101.960,145.700,44.380,-0.676,0.166,0.458,-5.534,5.164,-8.206,2.138,1.388,2.572,0.780,0,NULL,NULL,,0,0,0,7,255,0,250,0,0
baseline,7601,7601,0,202476.816,0.978,0.057,0.055,0.195,0,0,0,0,0,0,0,0,38,0.788,27,0,183.034,7.516,95.540,154.000,25.640,-0.641,0.152,0.510,-5.534,5.086,-7.396,2.116,1.446,2.572,0.780,0,NULL,NULL,,0,0,0,7,255,0,250,0,0
baseline,7619,7619,0,202481.817,0.978,0.051,0.048,0.196,0,0,0,0,0,0,0,0,38,0.788,27,0,186.065,7.214,88.100,163.640,8.980,-0.603,0.139,0.537,-5.280,4.916,-6.690,2.098,1.496,2.572,0.780,0,NULL,NULL,,0,0,0,7,255,0,250,0,0
baseline,7619,7619,0,202486.817,0.979,0.045,0.041,0.197,0,0,0,0,0,0,0,0,38,0.788,27,0,191.368,6.814,80.900,173.340,-5.480,-0.569,0.129,0.542,-4.954,4.678,-6.226,2.080,1.550,2.572,0.780,0,NULL,NULL,,0,0,0,7,255,0,250,0,0
baseline,7619,7619,0,202491.817,0.979,0.040,0.033,0.198,0,0,0,0,0,0,0,0,38,0.788,27,0,198.652,6.409,75.400,182.920,-17.820,-0.533,0.116,0.521,-4.628,4.434,-6.012,2.062,1.600,2.572,0.780,0,NULL,NULL,,0,0,0,7,255,0,250,0,0
baseline,7619,7619,0,202496.817,0.979,0.035,0.025,0.201,0,0,0,0,0,0,0,0,38,0.788,27,0,206.972,5.917,74.740,190.800,-29.100,-0.502,0.110,0.490,-4.272,4.094,-6.012,2.042,1.656,2.572,0.780,0,NULL,NULL,,0,0,0,7,255,0,250,0,0
baseline,7650,7650,0,202501.820,0.979,0.029,0.016,0.203,0,0,0,0,0,0,0,0,38,0.788,27,0,216.493,5.496,77.900,198.000,-39.960,-0.463,0.107,0.464,-3.940,3.832,-6.156,2.024,1.704,2.572,0.780,0,NULL,NULL,,0,0,0,7,255,0,250,0,0
baseline,7650,7650,0,202506.817,0.978,0.023,0.008,0.207,0,0,0,0,0,0,0,0,38,0.788,27,0,225.971,5.014,83.100,204.300,-49.180,-0.412,0.087,0.431,-3.518,3.572,-6.258,2.002,1.762,2.572,0.780,0,NULL,NULL,,0,0,0,7,255,0,250,0,0
baseline,7650,7650,0,202511.817,0.978,0.017,-0.000,0.210,0,0,0,0,0,0,0,0,38,0.788,27,0,235.739,4.359,92.680,209.840,-54.320,-0.363,0.064,0.408,-3.064,3.100,-6.420,1.984,1.812,2.572,0.780,0,NULL,NULL,,0,0,0,7,255,0,250,0,0
baseline,7650,7650,0,202516.816,0.977,0.010,-0.009,0.213,0,0,0,0,0,0,0,0,38,0.788,27,0,245.865,3.742,105.620,214.660,-56.700,-0.331,0.061,0.411,-2.654,2.638,-6.420,1.962,1.870,2.572,0.780,0,NULL,NULL,,0,0,0,7,255,0,250,0,0
baseline,7650,7650,0,202521.817,0.976,0.002,-0.017,0.217,0,0,0,0,0,0,0,0,38,0.788,27,0,257.437,3.354,120.760,219.680,-58.580,-0.307,0.066,0.441,-2.310,2.432,-6.382,1.944,1.920,2.572,0.780,0,NULL,NULL,,0,0,0,7,255,0,250,0,0
baseline,7650,7650,0,202526.816,0.975,-0.006,-0.026,0.220,0,0,0,0,0,0,0,0,38,0.788,27,0,269.833,3.084,136.740,224.620,-60.480,-0.285,0.076,0.495,-1.988,2.358,-6.024,1.922,1.976,2.572,0.780,0,NULL,NULL,,0,0,0,7,255,0,250,0,0
baseline,7665,7665,0,202531.817,0.974,-0.015,-0.034,0.224,0,0,0,0,0,0,0,0,38,0.788,27,0,282.949,2.853,152.120,230.300,-62.300,-0.275,0.083,0.580,-1.640,2.334,-5.446,1.902,2.030,2.572,0.780,0,NULL,NULL,,0,0,0,7,255,0,250,0,0
baseline,7665,7665,0,202536.817,0.972,-0.025,-0.043,0.228,0,0,0,0,0,0,0,0,38,0.788,27,0,295.469,2.695,165.440,236.160,-64.500,-0.272,0.091,0.683,-1.374,2.318,-4.552,1.884,2.082,2.572,0.780,0,NULL,NULL,,0,0,0,7,255,0,250,0,0
baseline,7665,7665,0,202541.817,0.971,-0.035,-0.051,0.232,0,0,0,0,0,0,0,0,38,0.788,27,0,307.883,2.568,175.940,243.360,-67.920,-0.268,0.093,0.785,-1.126,2.308,-3.494,1.868,2.132,2.572,0.780,0,NULL,NULL,,0,0,0,7,255,0,250,0,0
baseline,7665,7665,0,202546.817,0.969,-0.045,-0.060,0.236,0,0,0,0,0,0,0,0,38,0.788,27,0,320.871,2.340,187.220,250.860,-70.540,-0.193,0.050,0.844,-0.860,2.176,-2.434,1.852,2.182,2.572,0.780,0,NULL,NULL,,0,0,0,7,255,0,250,0,0
baseline,7687,7687,0,202551.817,0.967,-0.056,-0.068,0.239,0,0,0,0,0,0,0,0,38,0.788,27,0,327.430,1.304,195.940,253.600,-67.120,-0.107,0.008,0.949,-0.214,1.286,-1.862,1.840,2.228,2.572,0.780,0,NULL,NULL,,0,0,0,7,255,0,250,0,0
baseline,7687,7687,0,202556.817,0.965,-0.066,-0.077,0.243,0,0,0,0,0,0,0,0,38,0.788,27,0,329.700,0.653,193.940,258.920,-63.640,-0.066,0.050,1.087,0.582,0.296,-0.904,1.828,2.274,2.572,0.780,0,NULL,NULL,,0,0,0,7,255,0,250,0,0
baseline,7688,7688,0,202561.817,0.962,-0.077,-0.086,0.246,0,0,0,0,0,0,0,0,38,0.788,27,0,331.473,1.461,191.740,264.420,-56.500,0.022,0.145,1.146,1.438,0.260,0.358,1.820,2.316,2.572,0.780,0,NULL,NULL,,0,0,0,7,255,0,250,0,0
baseline,7688,7688,0,202566.816,0.960,-0.088,-0.094,0.249,0,0,0,0,0,0,0,0,38,0.788,27,0,325.620,2.857,183.560,263.620,-53.280,0.075,0.198,1.256,2.852,0.164,0.760,1.814,2.358,2.572,0.780,0,NULL,NULL,,0,0,0,7,255,0,250,0,0
baseline,7697,7697,0,202571.817,0.957,-0.097,-0.103,0.252,0,0,0,0,0,0,0,0,38,0.788,27,0,319.122,3.877,168.660,267.100,-45.280,0.164,0.114,1.321,3.876,0.078,1.686,1.812,2.390,2.572,0.780,0,NULL,NULL,,0,0,0,7,255,0,250,0,0
baseline,7697,7697,0,202576.817,0.955,-0.106,-0.112,0.254,0,0,0,0,0,0,0,0,38,0.788,27,0,311.868,4.713,155.240,268.440,-33.200,0.244,0.017,1.282,4.490,-1.432,1.686,1.816,2.424,2.572,0.780,0,NULL,NULL,,0,0,0,7,255,0,250,0,0
baseline,7719,7719,0,202581.817,0.952,-0.115,-0.121,0.255,0,0,0,0,0,0,0,0,38,0.788,27,0,307.354,5.567,153.040,266.180,-13.900,0.263,-0.041,1.282,4.778,-2.856,1.342,1.822,2.450,2.572,0.780,0,NULL,NULL,,0,0,0,7,255,0,250,0,0
baseline,7719,7719,0,202586.817,0.950,-0.124,-0.130,0.255,0,0,0,0,0,0,0,0,38,0.788,27,0,307.635,6.044,152.500,267.160,2.880,0.216,-0.032,1.348,4.778,-3.702,1.342,1.832,2.474,2.572,0.780,0,NULL,NULL,,0,0,0,7,255,0,250,0,0
baseline,7744,7744,0,202591.817,0.947,-0.133,-0.139,0.255,0,0,0,0,0,0,0,0,38,0.788,27,0,307.733,6.041,149.440,268.560,15.580,0.121,-0.028,1.407,4.736,-3.750,1.738,1.848,2.492,2.572,0.780,0,NULL,NULL,,0,0,0,7,255,0,250,0,0
baseline,7744,7744,0,202596.816,0.945,-0.142,-0.149,0.255,0,0,0,0,0,0,0,0,38,0.788,27,0,304.166,5.720,142.300,267.960,21.560,0.049,-0.043,1.436,4.270,-3.806,2.432,1.868,2.508,2.572,0.780,0,NULL,NULL,,0,0,0,7,255,0,250,0,0
baseline,7744,7744,0,202601.817,0.942,-0.150,-0.158,0.254,0,0,0,0,0,0,0,0,38,0.788,27,0,302.130,5.472,134.540,269.660,21.560,-0.016,-0.037,1.454,3.848,-3.890,2.776,1.892,2.518,2.572,0.780,0,NULL,NULL,,0,0,0,7,255,0,250,0,0
baseline,7744,7744,0,202606.817,0.940,-0.158,-0.167,0.253,0,0,0,0,0,0,0,0,38,0.788,27,0,297.082,5.294,123.740,269.480,18.080,-0.057,-0.054,1.473,3.580,-3.900,3.032,1.918,2.526,2.572,0.780,0,NULL,NULL,,0,0,0,7,255,0,250,0,0
baseline,7744,7744,0,202611.817,0.937,-0.165,-0.177,0.253,0,0,0,0,0,0,0,0,38,0.788,27,0,291.297,5.393,111.480,268.680,15.400,-0.045,-0.101,1.438,3.408,-4.180,3.032,1.944,2.532,2.572,0.780,0,NULL,NULL,,0,0,0,7,255,0,250,0,0
baseline,7744,7744,0,202616.816,0.934,-0.172,-0.187,0.252,0,0,0,0,0,0,0,0,38,0.788,27,0,290.889,5.854,106.220,270.280,16.800,-0.071,-0.142,1.381,3.374,-4.784,2.658,1.976,2.538,2.572,0.780,0,NULL,NULL,,0,0,0,7,255,0,250,0,0
baseline,7760,7760,0,202621.817,0.931,-0.179,-0.196,0.251,0,0,0,0,0,0,0,0,38,0.788,27,0,289.360,5.906,108.540,267.580,18.680,-0.092,-0.149,1.355,2.998,-5.088,2.056,2.006,2.540,2.572,0.780,0,NULL,NULL,,0,0,0,7,255,0,250,0,0
baseline,7760,7760,0,202626.816,0.928,-0.186,-0.205,0.251,0,0,0,0,0,0,0,0,38,0.788,27,0,288.622,5.968,112.760,265.080,17.900,-0.123,-0.146,1.368,2.904,-5.214,1.872,2.040,2.542,2.572,0.780,0,NULL,NULL,,0,0,0,7,255,0,250,0,0
baseline,7760,7760,0,202631.817,0.924,-0.193,-0.214,0.250,0,0,0,0,0,0,0,0,38,0.788,27,0,287.349,6.072,118.560,261.300,15.340,-0.141,-0.155,1.358,2.904,-5.332,1.772,2.074,2.542,2.572,0.780,0,NULL,NULL,,0,0,0,7,255,0,250,0,0
baseline,7760,7760,0,202636.817,0.921,-0.200,-0.223,0.250,0,0,0,0,0,0,0,0,38,0.788,27,0,285.893,6.234,127.520,255.620,11.480,-0.152,-0.171,1.345,2.858,-5.540,1.718,2.108,2.542,2.572,0.780,0,NULL,NULL,,0,0,0,7,255,0,250,0,0
baseline,7776,7776,0,202641.817,0.917,-0.208,-0.231,0.250,0,0,0,0,0,0,0,0,38,0.788,27,0,290.762,6.484,142.480,253.360,7.100,-0.134,-0.186,1.369,2.858,-5.820,1.486,2.142,2.540,2.572,0.780,0,NULL,NULL,,0,0,0,7,255,0,250,0,0
baseline,7776,7776,0,202646.817,0.913,-0.216,-0.239,0.250,0,0,0,0,0,0,0,0,38,0.788,27,0,297.279,7.047,158.420,251.540,2.320,-0.118,-0.184,1.427,3.088,-6.334,1.486,2.180,2.538,2.572,0.780,0,NULL,NULL,,0,0,0,7,255,0,250,0,0
baseline,7776,7776,0,202651.817,0.909,-0.225,-0.247,0.250,0,0,0,0,0,0,0,0,38,0.788,27,0,301.341,7.733,172.580,247.020,-1.940,-0.126,-0.171,1.472,3.558,-6.866,1.638,2.218,2.534,2.572,0.780,0,NULL,NULL,,0,0,0,7,255,0,250,0,0
baseline,7776,7776,0,202656.816,0.904,-0.234,-0.255,0.252,0,0,0,0,0,0,0,0,38,0.788,27,0,312.016,8.155,188.560,248.300,-12.080,-0.111,-0.136,1.616,3.840,-7.194,1.874,2.258,2.530,2.572,0.780,0,NULL,NULL,,0,0,0,7,255,0,250,0,0
baseline,7792,7792,0,202661.817,0.899,-0.244,-0.262,0.253,0,0,0,0,0,0,0,0,38,0.788,27,0,318.233,9.233,196.200,249.340,-24.640,-0.056,-0.123,1.770,4.782,-7.898,2.788,2.298,2.522,2.572,0.780,0,NULL,NULL,,0,0,0,7,255,0,250,0,0
baseline,7792,7792,0,202666.817,0.893,-0.253,-0.269,0.255,0,0,0,0,0,0,0,0,38,0.788,27,0,318.433,10.805,197.660,247.200,-34.960,0.048,-0.123,1.880,5.946,-9.022,3.414,2.346,2.512,2.572,0.780,0,NULL,NULL,,0,0,0,7,255,0,250,0,0
baseline,7792,7792,0,202671.817,0.888,-0.262,-0.277,0.257,0,0,0,0,0,0,0,0,38,0.788,27,0,319.096,12.525,197.900,246.780,-41.920,0.222,-0.137,1.978,7.218,-10.236,3.414,2.390,2.498,2.572,0.780,0,NULL,NULL,,0,0,0,7,255,0,250,0,0
baseline,7792,7792,0,202676.817,0.882,-0.271,-0.284,0.259,0,0,0,0,0,0,0,0,38,0.788,27,0,320.231,14.698,198.700,247.500,-42.540,0.415,-0.160,2.034,8.840,-11.742,2.752,2.444,2.480,2.572,0.780,0,NULL,NULL,,0,0,0,7,255,0,250,0,0
baseline,7808,7808,0,202681.817,0.877,-0.281,-0.290,0.262,0,0,0,0,0,0,0,0,38,0.788,27,0,317.936,16.749,199.240,244.520,-39.960,0.615,-0.142,2.069,10.350,-13.168,1.560,2.500,2.456,2.572,0.780,0,NULL,NULL,,0,0,0,7,255,0,250,0,0
baseline,7808,7808,0,202686.816,0.871,-0.290,-0.297,0.263,0,0,0,0,0,0,0,0,38,0.788,27,0,312.679,18.568,197.040,239.940,-37.040,0.767,-0.118,2.059,12.006,-14.164,0.198,2.566,2.426,2.572,0.780,0,NULL,NULL,,0,0,0,7,255,0,250,0,0
baseline,7839,7839,0,202691.817,0.865,-0.298,-0.304,0.264,0,0,0,0,0,0,0,0,38,0.788,27,0,317.182,19.702,181.180,258.980,-26.600,0.973,-0.141,2.103,13.132,-14.688,-1.222,2.634,2.390,2.572,0.780,0,NULL,NULL,,0,0,0,7,255,0,250,0,0
baseline,7840,7840,0,202696.817,0.860,-0.307,-0.309,0.266,0,0,0,0,0,0,0,0,38,0.788,27,0,298.360,21.621,206.140,214.240,-25.020,1.240,-0.167,2.258,14.584,-15.962,-2.812,2.724,2.340,2.572,0.780,0,NULL,NULL,,0,0,0,7,255,0,250,0,0
baseline,7840,7840,0,202701.817,0.855,-0.316,-0.314,0.267,0,0,0,0,0,0,0,0,38,0.788,27,0,282.324,24.092,193.020,206.000,-3.780,1.291,-0.303,2.183,15.902,-18.098,-4.100,2.798,2.296,2.572,0.780,0,NULL,NULL,,0,0,0,7,255,0,250,0,0
baseline,7840,7840,0,202706.817,0.850,-0.324,-0.318,0.267,0,0,0,0,0,0,0,0,38,0.788,27,0,263.905,24.752,184.480,188.120,14.960,1.313,-0.304,2.165,15.902,-18.968,-5.818,2.896,2.234,2.572,0.780,0,NULL,NULL,,0,0,0,7,255,0,250,0,0
baseline,7840,7840,0,202711.817,0.846,-0.332,-0.322,0.266,0,0,0,0,0,0,0,0,38,0.788,27,0,246.974,24.836,170.260,175.900,32.660,1.273,-0.295,2.184,15.890,-19.088,-6.536,2.992,2.172,2.572,0.780,0,NULL,NULL,,0,0,0,7,255,0,250,0,0
baseline,7840,7840,0,202716.816,0.842,-0.340,-0.325,0.265,0,0,0,0,0,0,0,0,38,0.788,27,0,232.282,24.716,154.020,169.920,36.880,1.170,-0.296,2.124,15.702,-19.088,-6.540,3.106,2.094,2.572,0.780,0,NULL,NULL,,0,0,0,7,255,0,250,0,0
baseline,7872,7872,0,202721.817,0.838,-0.346,-0.328,0.264,0,0,0,0,0,0,0,0,38,0.788,27,0,216.001,23.768,139.980,162.060,28.260,1.134,-0.354,2.061,14.744,-18.642,-6.576,3.218,2.016,2.572,0.780,0,NULL,NULL,,0,0,0,7,255,0,250,0,0
baseline,7872,7872,0,202726.816,0.835,-0.352,-0.332,0.263,0,0,0,0,0,0,0,0,38,0.788,27,0,200.044,23.235,125.340,154.800,18.560,1.172,-0.428,2.010,13.868,-18.642,-7.246,3.342,1.928,2.572,0.780,0,NULL,NULL,,0,0,0,7,255,0,250,0,0
baseline,7872,7872,0,202731.817,0.831,-0.357,-0.335,0.263,0,0,0,0,0,0,0,0,38,0.788,27,0,184.978,23.218,110.680,147.780,11.300,1.221,-0.514,1.926,13.418,-18.948,-8.390,3.464,1.842,2.572,0.780,0,NULL,NULL,,0,0,0,7,255,0,250,0,0
baseline,7872,7872,0,202736.816,0.829,-0.361,-0.337,0.263,0,0,0,0,0,0,0,0,38,0.788,27,0,170.714,22.935,98.420,139.420,4.340,1.254,-0.577,1.839,12.810,-19.024,-9.826,3.586,1.756,2.572,0.780,0,NULL,NULL,,0,0,0,7,255,0,250,0,0
baseline,7872,7872,0,202741.817,0.827,-0.364,-0.340,0.263,0,0,0,0,0,0,0,0,38,0.788,27,0,157.294,22.620,85.360,131.960,-6.460,1.280,-0.647,1.750,12.238,-19.024,-10.994,3.700,1.676,2.572,0.780,0,NULL,NULL,,0,0,0,7,255,0,250,0,0
baseline,7872,7872,0,202746.817,0.824,-0.366,-0.342,0.263,0,0,0,0,0,0,0,0,38,0.788,27,0,148.684,22.195,75.340,126.660,-19.700,1.319,-0.698,1.630,11.554,-18.950,-12.124,3.822,1.592,2.572,0.780,0,NULL,NULL,,0,0,0,7,255,0,250,0,0
baseline,7888,7888,0,202751.817,0.822,-0.368,-0.345,0.265,0,0,0,0,0,0,0,0,38,0.788,27,0,141.610,21.517,68.380,119.260,-33.980,1.398,-0.727,1.493,10.926,-18.536,-13.420,3.930,1.516,2.572,0.780,0,NULL,NULL,,0,0,0,7,255,0,250,0,0
baseline,7888,7888,0,202756.816,0.820,-0.369,-0.347,0.266,0,0,0,0,0,0,0,0,38,0.788,27,0,132.523,20.967,63.800,108.280,-42.040,1.510,-0.721,1.402,10.866,-17.932,-15.002,4.046,1.438,2.572,0.780,0,NULL,NULL,,0,0,0,7,255,0,250,0,0
baseline,7888,7888,0,202761.817,0.819,-0.370,-0.349,0.267,0,0,0,0,0,0,0,0,38,0.788,27,0,120.154,20.584,55.620,96.800,-44.420,1.648,-0.662,1.332,10.866,-17.482,-16.412,4.150,1.368,2.572,0.780,0,NULL,NULL,,0,0,0,7,255,0,250,0,0
baseline,7888,7888,0,202766.817,0.817,-0.370,-0.350,0.269,0,0,0,0,0,0,0,0,38,0.788,27,0,108.637,20.547,44.220,87.340,-47.100,1.803,-0.675,1.203,11.712,-16.882,-17.706,4.260,1.292,2.572,0.780,0,NULL,NULL,,0,0,0,7,255,0,250,0,0
baseline,7904,7904,0,202771.817,0.816,-0.371,-0.351,0.271,0,0,0,0,0,0,0,0,38,0.788,27,0,102.833,20.547,43.920,80.380,-46.740,1.926,-0.858,1.087,11.712,-16.882,-19.666,4.354,1.230,2.572,0.780,0,NULL,NULL,,0,0,0,7,255,0,250,0,0
baseline,7904,7904,0,202776.816,0.814,-0.376,-0.349,0.272,0,0,0,0,0,0,0,0,38,0.788,27,0,182.805,20.790,176.840,43.640,15.520,1.944,-1.046,1.912,11.950,-17.012,-19.666,4.458,1.162,2.572,0.780,0,NULL,NULL,,0,0,0,7,255,0,250,0,0
baseline,7920,7920,0,202781.817,0.813,-0.381,-0.345,0.274,0,0,0,0,0,0,0,0,38,0.788,27,0,172.485,27.503,167.760,-11.340,38.460,1.998,-0.903,3.021,13.138,-24.162,-18.474,4.552,1.104,2.572,0.780,0,NULL,NULL,,0,0,0,7,255,0,250,0,0
baseline,7920,7920,0,202786.817,0.815,-0.378,-0.342,0.273,0,0,0,0,0,0,0,0,38,0.788,27,0,46.590,34.326,-38.300,-24.660,9.780,1.799,-0.874,2.866,17.140,-29.740,-12.554,4.650,1.042,2.572,0.780,0,NULL,NULL,,0,0,0,7,255,0,250,0,0
baseline,7920,7920,0,202791.817,0.820,-0.371,-0.340,0.272,0,0,0,0,0,0,0,0,38,0.788,27,0,165.137,35.138,-154.520,-57.920,6.240,2.060,-0.446,2.119,18.714,-29.740,-12.554,4.740,0.986,2.572,0.780,0,NULL,NULL,,0,0,0,7,255,0,250,0,0
baseline,7920,7920,0,202796.817,0.826,-0.363,-0.337,0.270,0,0,0,27,0,0,0,0,38,0.788,27,0,184.994,27.972,-159.940,-92.220,11.720,2.152,-0.535,1.640,17.140,-22.106,-15.410,4.832,0.928,2.572,0.780,0,NULL,NULL,,0,0,0,7,255,0,250,0,0
baseline,7954,7954,0,202801.817,0.831,-0.356,-0.332,0.269,37,0,0,183,0,11,0,0,38,0.788,27,0,189.339,27.397,-142.240,-120.180,34.260,2.177,-1.029,1.438,16.968,-21.510,-18.566,4.916,0.878,2.572,0.780,0,NULL,NULL,,0,0,0,7,255,0,250,0,0
baseline,7954,7954,0,202806.817,0.837,-0.349,-0.326,0.267,174,0,0,373,0,95,0,0,38,0.788,27,0,209.059,25.347,-145.300,-140.800,52.620,2.169,-1.122,1.357,13.408,-21.510,-21.116,5.008,0.824,2.572,0.780,0,NULL,NULL,,0,0,0,7,255,0,250,0,0
baseline,7954,7954,0,202811.817,0.843,-0.342,-0.319,0.265,349,0,0,573,0,125,0,0,38,0.788,27,0,216.015,25.347,-127.240,-164.780,57.620,2.165,-0.879,1.316,13.408,-21.510,-21.116,5.092,0.772,2.572,0.780,0,NULL,NULL,,0,0,0,7,255,0,250,0,0
baseline,7954,7954,0,202816.816,0.851,-0.334,-0.312,0.260,539,0,0,735,0,165,0,0,38,0.788,27,0,267.876,23.584,-178.140,-162.840,116.220,1.240,-0.417,1.122,12.744,-19.844,-20.136,5.208,0.690,2.572,0.780,0,NULL,NULL,,0,0,0,7,255,0,250,0,0
baseline,7954,7954,0,202821.817,0.860,-0.328,-0.303,0.248,756,0,0,957,0,247,0,0,38,0.788,27,0,391.740,18.301,-219.080,-184.200,267.460,0.738,0.701,0.870,12.794,-13.086,-12.968,5.332,0.598,2.572,0.780,0,NULL,NULL,,0,0,0,7,255,0,250,0,0
baseline,7954,7954,0,202826.816,0.867,-0.324,-0.295,0.236,1069,0,0,1159,0,365,0,0,38,0.788,27,0,360.424,10.716,-151.700,-157.840,286.320,0.233,0.710,1.127,10.510,-2.092,-7.110,5.486,0.480,2.572,0.780,0,NULL,NULL,,0,0,0,7,255,0,250,0,0
baseline,7968,7968,0,202831.817,0.872,-0.324,-0.290,0.225,1437,0,0,1463,0,537,0,2,38,0.788,27,0,306.297,10.453,-67.240,-86.540,286.020,-0.582,-0.499,1.542,10.242,-2.092,-1.846,5.628,0.374,2.572,0.780,0,NULL,NULL,,0,0,0,7,255,0,250,0,0
baseline,7968,7968,0,202836.817,0.879,-0.320,-0.285,0.211,1945,0,0,2026,0,613,0,9,38,0.788,27,0,391.665,8.257,-171.720,-106.680,335.460,-2.011,-0.974,0.841,-0.554,-8.238,1.908,5.762,0.288,2.572,0.780,0,NULL,NULL,,0,0,0,7,255,0,250,0,0
baseline,7968,7968,0,202841.817,0.885,-0.314,-0.278,0.200,2259,0,0,2283,0,657,0,11,38,0.788,27,0,375.603,11.468,-197.060,-172.120,269.480,-1.905,0.605,0.862,-7.978,-8.238,4.140,5.866,0.232,2.572,0.780,0,NULL,NULL,,0,0,0,7,255,0,250,0,0
baseline,7968,7968,0,202846.817,0.888,-0.310,-0.273,0.200,2462,0,0,2521,0,716,0,67,38,0.788,27,0,173.037,8.707,-92.020,-146.540,0.200,-1.925,1.418,0.557,-7.978,3.488,9.150,5.956,0.202,2.572,0.780,0,NULL,NULL,,0,0,0,7,255,0,250,0,0
baseline,7987,7987,0,202851.817,0.888,-0.308,-0.270,0.208,2597,0,0,2678,0,795,0,127,38,0.788,27,0,201.360,11.760,3.880,-118.820,-162.520,-1.406,1.575,0.884,-5.616,10.332,9.682,6.020,0.194,2.572,0.780,0,NULL,NULL,,0,0,0,7,255,0,250,0,0
baseline,7987,7987,0,202856.817,0.887,-0.304,-0.268,0.222,2675,0,0,2783,0,828,0,287,38,0.788,27,0,334.832,10.345,16.940,-115.780,-313.720,-0.984,0.569,1.352,0.512,10.332,9.682,6.074,0.192,2.572,0.780,0,NULL,NULL,,0,0,0,7,255,0,250,0,0
baseline,7987,7987,0,202861.817,0.886,-0.296,-0.268,0.236,2734,0,0,2863,0,991,0,553,38,0.788,27,0,376.934,1.048,-66.260,-80.980,-362.120,-0.073,-0.221,1.896,0.730,-0.752,7.038,6.118,0.190,2.572,0.780,0,NULL,NULL,,0,0,0,7,255,0,250,0,0
baseline,7987,7987,0,202866.816,0.884,-0.287,-0.271,0.252,2797,0,39,2924,115,1144,0,741,38,0.788,27,0,414.469,13.110,-90.620,-9.020,-404.340,1.238,-0.009,2.253,5.522,-11.890,3.162,6.156,0.188,2.572,0.780,0,NULL,NULL,,0,0,0,7,255,0,250,0,0
baseline,8000,8000,0,202871.817,0.881,-0.275,-0.277,0.269,2852,0,277,2988,358,1241,0,974,38,0.788,27,0,512.115,22.633,-146.820,58.480,-487.120,1.936,-0.712,1.682,16.036,-15.972,-1.268,6.178,0.190,2.572,0.780,0,NULL,NULL,,0,0,0,7,255,0,250,0,0
baseline,8000,8000,0,202876.817,0.879,-0.263,-0.281,0.279,2895,0,468,3045,631,1363,0,1113,38,0.788,27,0,345.513,26.171,-157.140,52.380,-303.220,2.125,-1.591,0.750,16.036,-20.682,-11.480,6.192,0.196,2.572,0.780,1,1227.000,1227.000,,0,0,0,7,255,0,250,0,0
baseline,8030,8030,0,202881.817,0.882,-0.256,-0.281,0.279,2921,0,659,3080,811,1453,0,1157,38,0.788,27,0,134.324,22.284,-132.540,-6.400,-20.860,1.860,-1.191,0.408,8.296,-20.682,-21.068,6.196,0.204,2.572,0.780,1,NULL,NULL,,0,0,0,7,255,0,250,0,0
baseline,8030,8030,0,202886.817,0.885,-0.252,-0.280,0.273,2943,25,761,3103,903,1516,0,1224,38,0.788,27,0,180.242,19.239,-96.400,-22.400,150.640,0.812,-1.272,0.399,7.564,-17.690,-21.068,6.198,0.216,2.572,0.780,1,NULL,NULL,,0,0,0,7,255,0,250,0,0
baseline,8055,8055,0,202891.817,0.888,-0.251,-0.279,0.265,2971,63,823,3127,943,1528,0,1250,38,0.788,27,0,198.475,14.573,-45.140,-23.000,191.900,-0.155,-1.077,0.406,0.152,-14.572,-14.828,6.204,0.226,2.572,0.780,1,NULL,NULL,,0,0,0,7,255,0,250,0,0
baseline,8055,8055,0,202896.816,0.890,-0.253,-0.276,0.260,2989,123,941,3143,997,1560,0,1309,38,0.788,27,0,157.650,11.120,16.260,-39.780,151.680,-0.901,-0.622,0.635,-5.248,-9.804,-8.588,6.224,0.234,2.572,0.780,1,NULL,NULL,,0,0,0,7,255,0,250,0,0
baseline,8055,8055,0,202901.817,0.891,-0.255,-0.274,0.258,3000,139,999,3149,1052,1593,0,1335,47,0.788,28,0,104.758,7.218,48.740,-38.760,84.240,-1.065,0.206,0.942,-5.248,-4.956,-1.526,6.256,0.230,2.572,0.780,1,NULL,NULL,,0,0,0,7,255,0,250,0,0
baseline,8055,8055,0,202906.817,0.890,-0.257,-0.273,0.259,3012,153,1048,3155,1117,1614,0,1389,47,0.788,28,0,55.701,2.574,52.580,-15.060,-10.540,-0.830,0.815,1.250,-2.528,0.482,3.552,6.322,0.206,2.572,0.780,1,NULL,NULL,,0,0,0,7,255,0,250,0,0
baseline,8055,8055,0,202911.817,0.889,-0.257,-0.272,0.262,3017,169,1071,3157,1171,1653,0,1439,47,0.788,28,0,91.002,3.692,31.160,3.240,-85.440,-0.214,0.539,1.265,3.660,0.482,3.552,6.396,0.172,2.572,0.780,1,NULL,NULL,,0,0,0,7,255,0,250,0,0
baseline,8055,8055,0,202916.816,0.889,-0.256,-0.272,0.265,3020,175,1100,3160,1206,1722,0,1490,47,0.788,28,0,64.386,5.754,-2.240,5.860,-64.080,0.340,-0.264,1.144,5.588,-1.374,1.718,6.484,0.132,2.572,0.780,1,NULL,NULL,,0,0,0,7,255,0,250,0,0
baseline,8056,8056,0,202921.817,0.890,-0.254,-0.272,0.264,3029,189,1107,3160,1235,1773,0,1527,47,0.788,28,0,25.661,10.460,-23.340,3.480,10.080,0.480,-0.803,0.880,5.588,-8.842,-4.276,6.558,0.104,2.572,0.780,1,NULL,NULL,,0,0,0,7,255,0,250,0,0
baseline,8056,8056,0,202926.816,0.891,-0.253,-0.271,0.261,3033,204,1107,3161,1272,1819,0,1577,47,0.788,28,0,82.451,9.625,-17.740,-8.960,80.020,0.152,-0.666,0.736,2.570,-9.276,-7.082,6.626,0.076,2.572,0.780,1,NULL,NULL,,0,0,0,7,255,0,250,0,0
baseline,8056,8056,0,202931.817,0.892,-0.254,-0.270,0.258,3037,205,1096,3163,1291,1851,0,1623,47,0.788,28,0,89.117,9.302,12.720,-7.320,87.900,-0.269,-0.086,0.741,0.696,-9.276,-7.082,6.674,0.052,2.572,0.780,1,NULL,NULL,,0,0,0,7,255,0,250,0,0
baseline,8056,8056,0,202936.816,0.892,-0.257,-0.269,0.257,3048,215,1081,3169,1309,1879,0,1673,47,0.788,28,0,67.329,3.453,43.660,-6.340,50.860,-0.396,0.308,0.905,0.696,-3.382,-3.294,6.714,0.028,2.572,0.780,1,NULL,NULL,,0,0,0,7,255,0,250,0,0
baseline,8072,8072,0,202941.817,0.892,-0.259,-0.267,0.256,3047,219,1079,3161,1323,1899,0,1700,47,0.788,28,0,53.316,3.166,51.600,-2.060,13.260,-0.261,0.365,1.138,2.526,-1.908,-0.412,6.740,0.010,2.572,0.780,1,NULL,NULL,,0,0,0,7,255,0,250,0,0
baseline,8072,8072,0,202946.817,0.892,-0.260,-0.266,0.257,3050,227,1092,3157,1351,1927,0,1738,47,0.788,28,0,32.553,5.045,31.760,-2.060,6.840,-0.094,0.246,1.271,4.670,-1.908,0.470,6.768,0.000,2.572,0.780,1,NULL,NULL,,0,0,0,7,255,0,250,0,0
baseline,8081,8081,0,202951.817,0.893,-0.260,-0.266,0.256,3056,245,1107,3163,1371,1943,0,1757,47,0.788,28,0,17.340,6.834,-0.520,-1.340,17.280,-0.071,0.192,1.252,5.494,-4.064,0.470,0.000,0.000,2.572,0.780,1,NULL,NULL,,0,0,0,7,255,0,250,0,0
baseline,8081,8081,0,202956.816,0.893,-0.259,-0.265,0.255,3061,255,1123,3163,1389,1959,0,1785,47,0.788,28,0,27.839,6.834,-20.120,-0.120,19.240,-0.151,0.190,1.090,5.494,-4.064,0.070,0.000,0.000,2.572,0.780,2,NULL,NULL,,0,0,0,7,255,0,250,0,0
baseline,8095,8095,0,202961.817,0.894,-0.258,-0.265,0.254,3063,284,1149,3167,1413,1973,0,1812,47,0.788,28,0,19.360,5.459,-17.680,1.420,7.760,-0.178,0.142,0.969,4.288,-3.378,-0.684,0.000,0.000,2.572,0.780,2,NULL,NULL,,0,0,0,7,255,0,250,0,0
baseline,8095,8095,0,202966.817,0.894,-0.258,-0.265,0.254,3065,315,1176,3171,1427,1989,0,1827,47,0.788,28,0,5.075,4.770,-3.880,2.440,-2.180,-0.144,0.071,0.949,3.368,-3.378,-1.560,0.000,0.000,2.572,0.780,2,NULL,NULL,,0,0,0,7,255,0,250,0,0
baseline,8095,8095,0,202971.817,0.894,-0.257,-0.264,0.255,3067,340,1222,3171,1451,1999,0,1845,47,0.788,28,0,6.414,4.934,5.100,2.500,-2.980,-0.127,0.090,1.036,3.368,-3.606,-1.560,0.000,0.000,2.572,0.780,2,NULL,NULL,,0,0,0,7,255,0,250,0,0
baseline,8096,8096,0,202976.817,0.894,-0.257,-0.264,0.255,3066,373,1253,3172,1480,2009,0,1869,47,0.788,28,0,4.302,5.165,2.160,2.580,-2.680,-0.157,0.194,1.116,3.698,-3.606,-1.452,0.000,0.000,2.572,0.780,2,NULL,NULL,,0,0,0,7,255,0,250,0,0
baseline,8119,8119,0,202981.817,0.894,-0.257,-0.263,0.255,3076,395,1275,3176,1501,2013,0,1886,47,0.788,28,0,11.679,5.527,-7.960,3.060,-7.980,-0.176,0.252,1.131,4.346,-3.414,-0.422,0.000,0.000,2.572,0.780,2,NULL,NULL,,0,0,0,7,255,0,250,0,0
baseline,8119,8119,0,202986.816,0.894,-0.256,-0.263,0.255,3067,423,1339,3176,1527,2021,19,1899,47,0.788,28,0,21.917,5.451,-16.520,3.300,-14.020,-0.157,0.187,1.086,4.346,-3.290,-0.422,0.000,0.000,2.572,0.780,2,NULL,NULL,,0,0,0,7,255,0,250,0,0
baseline,8144,8144,0,202991.817,0.895,-0.254,-0.263,0.256,3066,467,1395,3177,1561,2031,72,1917,47,0.788,28,0,24.869,5.330,-19.440,3.180,-15.180,-0.135,0.089,1.033,4.194,-3.290,-0.658,0.000,0.000,2.572,0.780,2,NULL,NULL,,0,0,0,7,255,0,250,0,0
baseline,8144,8144,0,202996.817,0.895,-0.253,-0.263,0.256,3064,495,1447,3175,1593,2041,124,1941,47,0.788,28,0,23.053,5.290,-17.360,2.940,-14.880,-0.151,0.057,1.008,3.632,-3.846,-1.408,0.000,0.000,2.572,0.780,2,NULL,NULL,,0,0,0,7,255,0,250,0,0
baseline,8144,8144,0,203001.817,0.895,-0.252,-0.263,0.257,3056,523,1507,3176,1623,2056,175,1957,47,0.788,28,0,23.044,5.046,-13.700,2.500,-18.360,-0.167,0.058,1.016,3.250,-3.860,-1.414,0.000,0.000,2.572,0.780,2,NULL,NULL,,0,0,0,7,255,0,250,0,0
baseline,8144,8144,0,203006.817,0.895,-0.251,-0.263,0.257,3052,559,1564,3177,1643,2063,212,1967,47,0.788,28,0,25.473,5.037,-11.560,2.320,-22.580,-0.146,0.027,1.023,3.186,-3.902,-1.538,0.000,0.000,2.572,0.780,2,NULL,NULL,,0,0,0,7,255,0,250,0,0
baseline,8144,8144,0,203011.817,0.895,-0.250,-0.263,0.258,3048,589,1613,3175,1673,2071,222,1993,47,0.788,28,0,26.200,5.254,-12.240,2.200,-23.060,-0.123,-0.025,1.016,3.164,-4.194,-1.538,0.000,0.000,2.572,0.780,2,NULL,NULL,,0,0,0,7,255,0,250,0,0
baseline,8144,8144,0,203016.816,0.895,-0.249,-0.263,0.259,3036,607,1661,3172,1702,2075,265,2005,47,0.788,28,0,23.901,5.533,-12.980,1.660,-20.000,-0.126,-0.059,0.995,3.044,-4.620,-1.836,0.000,0.000,2.572,0.780,2,NULL,NULL,,0,0,0,7,255,0,250,0,0
baseline,8160,8160,0,203021.817,0.896,-0.248,-0.263,0.260,3027,633,1711,3167,1721,2079,295,2021,47,0.788,28,0,20.997,5.385,-9.920,0.980,-18.480,-0.154,-0.045,0.981,2.766,-4.620,-1.952,0.000,0.000,2.572,0.780,2,NULL,NULL,,0,0,0,7,255,0,250,0,0
baseline,8160,8160,0,203026.816,0.896,-0.247,-0.263,0.261,3005,638,1757,3161,1753,2086,355,2039,47,0.788,28,0,22.050,5.229,-4.680,0.560,-21.540,-0.173,-0.001,0.988,2.710,-4.472,-1.952,0.000,0.000,2.572,0.780,2,NULL,NULL,,0,0,0,7,255,0,250,0,0
baseline,8161,8161,0,203031.817,0.896,-0.246,-0.262,0.262,2988,648,1800,3157,1768,2067,411,2057,47,0.788,28,0,26.520,4.997,-2.900,0.260,-26.360,-0.162,0.002,1.013,2.710,-4.198,-1.688,0.000,0.000,2.572,0.780,2,NULL,NULL,,0,0,0,7,255,0,250,0,0
baseline,8161,8161,0,203036.816,0.896,-0.245,-0.262,0.263,2971,665,1843,3147,1787,2088,439,2067,47,0.788,28,0,28.228,5.095,-4.740,0.620,-27.820,-0.139,-0.036,1.021,2.888,-4.198,-1.686,0.000,0.000,2.572,0.780,2,NULL,NULL,,0,0,0,7,255,0,250,0,0
baseline,8164,8164,0,203041.817,0.896,-0.244,-0.262,0.264,2953,671,1877,3141,1820,2089,456,2084,47,0.788,28,0,26.131,5.430,-7.720,-0.480,-24.960,-0.140,-0.075,0.997,2.888,-4.598,-1.686,0.000,0.000,2.572,0.780,2,NULL,NULL,,0,0,0,7,255,0,250,0,0
baseline,8164,8164,0,203046.817,0.896,-0.243,-0.262,0.265,2923,685,1915,3123,1845,2091,505,2088,47,0.788,28,0,24.308,5.269,-8.160,-1.880,-22.820,-0.173,-0.053,0.987,2.574,-4.598,-1.764,0.000,0.000,2.572,0.780,2,NULL,NULL,,0,0,0,7,255,0,250,0,0
baseline,8176,8176,0,203051.817,0.896,-0.242,-0.261,0.266,2899,682,1951,3108,1867,2089,529,2099,47,0.788,28,0,27.571,5.062,-6.140,-2.920,-26.720,-0.199,-0.008,0.989,2.486,-4.410,-1.764,0.000,0.000,2.572,0.780,2,NULL,NULL,,0,0,0,7,255,0,250,0,0
baseline,8176,8176,0,203056.816,0.896,-0.241,-0.261,0.267,2867,687,1991,3091,1899,2087,563,2109,47,0.788,28,0,33.554,4.676,-4.800,-3.720,-33.000,-0.177,0.013,1.009,2.486,-3.960,-1.506,0.000,0.000,2.572,0.780,2,NULL,NULL,,0,0,0,7,255,0,250,0,0
baseline,8192,8192,0,203061.817,0.896,-0.240,-0.261,0.269,2840,684,2035,3076,1927,2087,587,2121,47,0.788,28,0,36.600,4.867,-5.960,-4.080,-35.880,-0.131,0.010,1.025,2.830,-3.960,-1.506,0.000,0.000,2.572,0.780,2,NULL,NULL,,0,0,0,7,255,0,250,0,0
baseline,8192,8192,0,203066.817,0.896,-0.239,-0.260,0.270,2803,685,2084,3047,1949,2085,616,2135,47,0.788,28,0,35.933,5.278,-9.500,-4.020,-34.420,-0.097,-0.006,1.021,3.202,-4.196,-1.556,0.000,0.000,2.572,0.780,2,NULL,NULL,,0,0,0,7,255,0,250,0,0
baseline,8207,8207,0,203071.817,0.896,-0.238,-0.260,0.271,2764,679,2111,3027,1973,2080,635,2143,47,0.788,28,0,32.558,5.484,-12.480,-4.580,-29.720,-0.096,-0.012,1.013,3.278,-4.396,-1.800,0.000,0.000,2.572,0.780,2,NULL,NULL,,0,0,0,7,255,0,250,0,0
baseline,8207,8207,0,203076.816,0.896,-0.236,-0.260,0.272,2727,677,2141,3000,1997,2073,685,2155,47,0.788,28,0,31.696,5.484,-14.080,-3.960,-28.120,-0.112,-0.003,1.007,3.278,-4.396,-1.800,0.000,0.000,2.572,0.780,2,NULL,NULL,,0,0,0,7,255,0,250,0,0
baseline,8208,8208,0,203081.817,0.896,-0.235,-0.259,0.273,2683,671,2180,2981,2022,2069,697,2164,47,0.955,28,0,31.940,5.285,-14.200,-4.200,-28.300,-0.122,0.009,1.000,3.190,-4.214,-1.792,0.000,0.000,1.812,0.921,3,NULL,NULL,,0,0,0,7,255,0,250,0,0
baseline,8208,8208,0,203086.817,0.896,-0.234,-0.259,0.274,2643,676,2209,2953,2053,2067,732,2170,47,0.955,28,0,33.372,5.156,-14.440,-3.840,-29.840,-0.117,0.005,1.001,3.180,-4.058,-1.772,0.028,0.002,1.812,0.921,3,NULL,NULL,,0,0,0,7,255,0,250,0,0
baseline,8224,8224,0,203091.817,0.896,-0.232,-0.259,0.276,2603,663,2235,2927,2073,2063,747,2187,47,0.955,28,0,33.721,5.146,-13.160,-3.220,-30.880,-0.120,-0.004,0.997,3.164,-4.058,-1.772,0.058,0.002,1.812,0.921,3,NULL,NULL,,0,0,0,7,255,0,250,0,0
baseline,8224,8224,0,203096.817,0.896,-0.231,-0.259,0.277,2565,654,2269,2907,2095,2055,775,2200,47,0.955,28,0,35.544,5.173,-13.880,-3.040,-32.580,-0.102,-0.003,1.008,3.180,-4.080,-1.796,0.086,0.002,1.812,0.921,3,NULL,NULL,,0,0,0,7,255,0,250,0,0
baseline,8256,8256,0,203101.817,0.896,-0.230,-0.258,0.278,2530,635,2297,2879,2111,2056,793,2203,47,0.955,28,0,36.415,5.302,-16.460,-3.040,-32.340,-0.097,-0.004,1.023,3.272,-4.172,-1.796,0.116,0.002,1.812,0.921,3,NULL,NULL,,0,0,0,7,255,0,250,0,0
baseline,8256,8256,0,203106.817,0.896,-0.228,-0.258,0.279,2476,633,2334,2859,2133,2038,837,2213,47,0.955,28,0,38.063,5.354,-21.760,-3.780,-31.000,-0.095,0.009,1.032,3.356,-4.172,-1.698,0.146,0.002,1.812,0.921,3,NULL,NULL,,0,0,0,7,255,0,250,0,0
baseline,8256,8256,0,203111.817,0.897,-0.226,-0.258,0.280,2429,635,2367,2839,2154,2037,869,2219,47,0.955,28,0,39.607,5.346,-25.740,-2.920,-29.960,-0.100,0.001,0.998,3.356,-4.162,-1.698,0.176,0.004,1.812,0.921,3,NULL,NULL,,0,0,0,7,255,0,250,0,0
baseline,8256,8256,0,203116.816,0.897,-0.225,-0.258,0.281,2389,637,2399,2814,2181,2034,903,2223,47,0.955,28,0,36.819,5.185,-23.960,-3.780,-27.700,-0.100,-0.015,0.966,3.280,-4.016,-1.848,0.204,0.004,1.812,0.921,3,NULL,NULL,,0,0,0,7,255,0,250,0,0
baseline,8256,8256,0,203121.817,0.897,-0.223,-0.258,0.282,2332,645,2428,2796,2200,2029,954,2235,47,0.955,28,0,34.251,5.055,-21.820,-3.840,-26.120,-0.116,-0.035,0.987,3.070,-4.016,-1.878,0.236,0.004,1.812,0.921,3,NULL,NULL,,0,0,0,7,255,0,250,0,0
baseline,8256,8256,0,203126.816,0.897,-0.221,-0.257,0.283,2293,649,2466,2773,2219,2024,975,2245,47,0.955,28,0,34.984,5.008,-21.460,-4.380,-27.280,-0.127,-0.023,1.001,2.968,-4.034,-1.878,0.262,0.004,1.812,0.921,3,NULL,NULL,,0,0,0,7,255,0,250,0,0
baseline,8256,8256,0,203131.817,0.897,-0.220,-0.257,0.284,2237,659,2491,2749,2236,2021,997,2255,47,0.955,28,0,36.592,5.008,-21.940,-3.780,-29.040,-0.112,-0.012,0.997,2.968,-4.034,-1.760,0.296,0.004,1.812,0.921,3,NULL,NULL,,0,0,0,7,255,0,250,0,0
baseline,8256,8256,0,203136.817,0.897,-0.218,-0.257,0.285,2186,667,2524,2729,2260,2015,1015,2264,47,0.955,28,0,37.094,5.099,-22.380,-3.780,-29.340,-0.093,-0.030,0.984,3.118,-4.034,-1.760,0.322,0.004,1.812,0.921,3,NULL,NULL,,0,0,0,7,255,0,250,0,0
baseline,8273,8273,0,203141.817,0.897,-0.217,-0.257,0.286,2139,667,2551,2705,2282,2013,1045,2275,47,0.955,28,0,33.909,5.146,-21.280,-3.840,-26.120,-0.088,-0.052,0.985,3.118,-4.094,-1.980,0.354,0.006,1.812,0.921,3,NULL,NULL,,0,0,0,7,255,0,250,0,0
baseline,8273,8273,0,203146.817,0.898,-0.215,-0.256,0.287,2094,671,2581,2677,2299,2014,1067,2290,47,0.955,28,0,33.000,5.230,-21.940,-3.900,-24.340,-0.099,-0.060,0.996,3.032,-4.262,-1.980,0.382,0.006,1.812,0.921,3,NULL,NULL,,0,0,0,7,255,0,250,0,0
baseline,8274,8274,0,203151.817,0.898,-0.213,-0.256,0.288,2034,677,2605,2653,2317,2011,1096,2299,47,0.955,28,0,33.822,5.210,-23.220,-3.900,-24.280,-0.092,-0.064,0.987,2.954,-4.292,-1.978,0.414,0.006,1.812,0.921,3,NULL,NULL,,0,0,0,7,255,0,250,0,0
baseline,8274,8274,0,203156.817,0.898,-0.212,-0.256,0.288,1983,681,2630,2635,2334,2011,1123,2313,47,0.955,28,0,34.263,5.210,-23.900,-4.020,-24.220,-0.078,-0.062,0.980,2.954,-4.292,-1.978,0.442,0.006,1.812,0.921,3,NULL,NULL,,0,0,0,7,255,0,250,0,0
baseline,8288,8288,0,203161.817,0.898,-0.210,-0.256,0.289,1947,679,2647,2611,2355,2010,1161,2323,47,0.955,28,0,31.596,5.234,-22.440,-3.540,-21.960,-0.062,-0.076,0.960,2.996,-4.292,-2.088,0.476,0.006,1.812,0.921,3,NULL,NULL,,0,0,0,7,255,0,250,0,0
baseline,8288,8288,0,203166.816,0.898,-0.209,-0.255,0.290,1893,687,2667,2596,2375,2007,1177,2328,47,0.955,28,0,28.458,5.292,-20.840,-3.280,-19.100,-0.058,-0.079,0.965,3.026,-4.342,-2.322,0.502,0.006,1.812,0.921,3,NULL,NULL,,0,0,0,7,255,0,250,0,0
baseline,8304,8304,0,203171.817,0.899,-0.207,-0.255,0.290,1864,693,2683,2583,2390,2011,1207,2339,47,0.955,28,0,26.073,5.302,-20.180,-2.740,-16.280,-0.058,-0.092,0.967,2.996,-4.374,-2.322,0.532,0.006,1.812,0.921,3,NULL,NULL,,0,0,0,7,255,0,250,0,0
baseline,8304,8304,0,203176.817,0.899,-0.206,-0.255,0.291,1823,699,2705,2555,2414,2012,1237,2343,47,0.955,28,0,23.913,5.360,-19.800,-2.120,-13.240,-0.055,-0.104,0.964,2.960,-4.468,-2.322,0.560,0.004,1.812,0.921,3,NULL,NULL,,0,0,0,7,255,0,250,0,0
baseline,8304,8304,0,203181.817,0.899,-0.205,-0.255,0.291,1791,711,2719,2541,2429,2015,1268,2355,47,0.955,28,0,19.618,5.330,-16.880,-1.520,-9.880,-0.055,-0.094,0.943,2.906,-4.468,-2.352,0.590,0.004,1.812,0.921,3,NULL,NULL,,0,0,0,7,255,0,250,0,0
baseline,8304,8304,0,203186.817,0.899,-0.204,-0.254,0.291,1759,725,2731,2525,2446,2014,1291,2363,47,0.955,28,0,12.681,5.220,-10.900,-1.340,-6.340,-0.066,-0.082,0.937,2.882,-4.352,-2.460,0.618,0.004,1.812,0.921,3,NULL,NULL,,0,0,0,7,255,0,250,0,0
baseline,8353,8353,0,203191.817,0.900,-0.203,-0.254,0.292,1727,731,2745,2519,2457,2019,1305,2375,47,0.955,28,0,7.061,5.066,-4.800,-1.100,-5.060,-0.075,-0.076,0.956,2.882,-4.166,-2.460,0.648,0.004,1.812,0.921,3,NULL,NULL,,0,0,0,7,255,0,250,0,0
baseline,8353,8353,0,203196.816,0.900,-0.202,-0.253,0.292,1695,732,2757,2509,2471,2025,1333,2381,47,0.955,28,0,5.439,5.071,-2.840,-0.420,-4.620,-0.076,-0.076,0.986,2.892,-4.166,-2.246,0.674,0.004,1.812,0.921,3,NULL,NULL,,0,0,0,7,255,0,250,0,0
baseline,8353,8353,0,203201.817,0.900,-0.202,-0.253,0.292,1663,741,2765,2501,2483,2025,1349,2392,47,0.955,28,0,5.220,5.201,-4.000,-0.300,-3.340,-0.073,-0.080,0.999,2.996,-4.252,-1.986,0.704,0.002,1.812,0.921,3,NULL,NULL,,0,0,0,7,255,0,250,0,0
baseline,8353,8353,0,203206.817,0.900,-0.201,-0.252,0.292,1631,751,2777,2484,2493,2029,1365,2397,47,0.955,28,0,5.537,5.269,-5.520,-0.360,-0.240,-0.067,-0.097,0.987,2.996,-4.334,-1.986,0.732,0.002,1.812,0.921,3,NULL,NULL,,0,0,0,7,255,0,250,0,0
baseline,8353,8353,0,203211.817,0.901,-0.201,-0.252,0.292,1591,763,2787,2475,2507,2031,1381,2407,47,0.955,28,0,5.716,5.231,-4.920,-0.420,2.880,-0.080,-0.097,0.974,2.930,-4.334,-2.036,0.764,0.002,1.812,0.921,3,NULL,NULL,,0,0,0,7,255,0,250,0,0
baseline,8353,8353,0,203216.816,0.901,-0.200,-0.252,0.292,1547,765,2791,2457,2516,2039,1389,2415,47,0.955,28,0,5.258,5.140,-2.480,-0.720,4.580,-0.098,-0.086,0.971,2.794,-4.314,-2.036,0.792,0.002,1.812,0.921,3,NULL,NULL,,0,0,0,7,255,0,250,0,0
baseline,8370,8370,0,203221.817,0.901,-0.200,-0.251,0.292,1510,781,2797,2441,2521,2041,1398,2426,47,0.955,28,0,4.432,4.967,-0.220,-0.480,4.400,-0.103,-0.076,0.980,2.760,-4.130,-1.976,0.822,0.002,1.812,0.921,3,NULL,NULL,,0,0,0,7,255,0,250,0,0
baseline,8370,8370,0,203226.816,0.901,-0.199,-0.251,0.292,1459,793,2804,2428,2533,2053,1405,2439,47,0.955,28,0,4.056,4.908,0.460,-1.340,3.800,-0.104,-0.073,0.980,2.760,-4.058,-1.856,0.850,0.002,1.812,0.921,3,NULL,NULL,,0,0,0,7,255,0,250,0,0
baseline,8370,8370,0,203231.817,0.902,-0.199,-0.250,0.291,1415,799,2811,2407,2541,2057,1423,2453,47,0.955,28,0,5.847,4.908,3.020,-1.880,4.640,-0.093,-0.095,0.981,2.760,-4.058,-1.856,0.882,0.002,1.812,0.921,3,NULL,NULL,,0,0,0,7,255,0,250,0,0
baseline,8370,8370,0,203236.817,0.902,-0.199,-0.249,0.291,1387,807,2815,2375,2553,2067,1435,2459,47,0.955,28,0,9.336,5.057,4.480,-2.620,7.760,-0.086,-0.102,0.998,2.766,-4.234,-1.834,0.908,0.002,1.812,0.921,3,NULL,NULL,,0,0,0,7,255,0,250,0,0
baseline,8370,8370,0,203241.817,0.902,-0.199,-0.249,0.291,1357,812,2825,2343,2571,2071,1439,2469,47,0.955,28,0,12.075,5.043,4.660,-3.100,10.700,-0.103,-0.088,1.000,2.740,-4.234,-1.814,0.938,0.002,1.812,0.921,3,NULL,NULL,,0,0,0,7,255,0,250,0,0
baseline,8370,8370,0,203246.817,0.903,-0.199,-0.248,0.291,1305,809,2829,2317,2584,2073,1454,2474,47,0.955,28,0,13.038,5.038,3.820,-4.020,11.800,-0.114,-0.070,1.011,2.776,-4.204,-1.682,0.966,0.002,1.812,0.921,3,NULL,NULL,,0,0,0,7,255,0,250,0,0
baseline,8384,8384,0,203251.817,0.903,-0.199,-0.247,0.290,1277,810,2835,2281,2598,2076,1463,2484,47,0.955,28,0,12.970,4.890,3.880,-5.180,11.240,-0.121,-0.062,1.002,2.746,-4.046,-1.522,0.996,0.004,1.812,0.921,3,NULL,NULL,,0,0,0,7,255,0,250,0,0
baseline,8384,8384,0,203256.816,0.903,-0.199,-0.246,0.290,1209,808,2841,2236,2605,2079,1469,2490,47,0.955,28,0,13.171,4.841,4.900,-6.160,10.560,-0.108,-0.066,0.996,2.774,-3.968,-1.522,1.024,0.004,1.812,0.921,3,NULL,NULL,,0,0,0,7,255,0,250,0,0
baseline,8400,8400,0,203261.817,0.904,-0.198,-0.246,0.290,1147,803,2845,2203,2619,2077,1485,2513,47,0.955,28,0,15.238,4.841,6.740,-7.320,11.540,-0.092,-0.079,0.997,2.774,-3.968,-1.640,1.054,0.006,1.812,0.921,3,NULL,NULL,,0,0,0,7,255,0,250,0,0
baseline,8400,8400,0,203266.817,0.904,-0.198,-0.245,0.289,1097,795,2845,2131,2632,2079,1499,2521,47,0.955,28,0,19.229,4.980,7.480,-8.540,15.520,-0.094,-0.089,1.011,2.774,-4.136,-1.640,1.082,0.008,1.812,0.921,3,NULL,NULL,,0,0,0,7,255,0,250,0,0
baseline,8400,8400,0,203271.817,0.904,-0.198,-0.244,0.289,1051,785,2853,2073,2647,2083,1512,2535,47,0.955,28,0,22.999,4.978,7.900,-10.740,18.740,-0.114,-0.073,1.012,2.770,-4.136,-1.608,1.112,0.012,1.812,0.921,3,NULL,NULL,,0,0,0,7,255,0,250,0,0
baseline,8400,8400,0,203276.817,0.905,-0.198,-0.243,0.288,975,779,2857,1998,2661,2085,1532,2549,47,0.955,28,0,21.922,4.887,1.060,-11.900,18.380,-0.117,-0.064,1.018,2.744,-4.044,-1.466,1.140,0.014,1.812,0.921,3,NULL,NULL,,0,0,0,7,255,0,250,0,0
baseline,8416,8416,0,203281.817,0.905,-0.198,-0.241,0.288,903,761,2859,1909,2675,2086,1553,2571,47,0.955,28,0,22.579,4.808,4.900,-13.980,17.040,-0.126,-0.052,1.012,2.710,-3.972,-1.380,1.172,0.018,1.812,0.921,3,NULL,NULL,,0,0,0,7,255,0,250,0,0
baseline,8416,8416,0,203286.816,0.906,-0.198,-0.240,0.287,809,747,2861,1815,2695,2080,1575,2579,47,0.955,28,0,24.914,4.828,7.840,-14.880,18.380,-0.078,-0.054,1.006,2.744,-3.972,-1.380,1.202,0.018,1.812,0.921,3,NULL,NULL,,0,0,0,7,255,0,250,0,0
baseline,8437,8437,0,203291.817,0.906,-0.198,-0.239,0.286,716,715,2864,1748,2709,2093,1587,2591,47,0.955,28,0,28.240,4.940,7.280,-15.920,22.160,-0.089,-0.069,1.031,2.904,-3.996,-1.400,1.232,0.016,1.812,0.921,3,NULL,NULL,,0,0,0,7,255,0,250,0,0
baseline,8437,8437,0,203296.817,0.907,-0.198,-0.238,0.285,647,683,2873,1643,2725,2085,1612,2616,47,0.955,28,0,32.362,4.993,6.800,-18.000,26.020,-0.098,-0.024,1.042,2.994,-3.996,-1.400,1.262,0.014,1.812,0.921,3,NULL,NULL,,0,0,0,7,255,0,250,0,0
baseline,8438,8438,0,203301.817,0.908,-0.198,-0.236,0.284,557,658,2879,1547,2739,2079,1640,2637,47,0.955,28,0,33.254,4.911,6.560,-19.400,26.200,-0.122,0.018,1.051,3.114,-3.798,-1.188,1.292,0.008,1.812,0.921,3,NULL,NULL,,0,0,0,7,255,0,250,0,0
baseline,8438,8438,0,203306.817,0.908,-0.198,-0.235,0.284,476,599,2890,1415,2759,2075,1671,2659,47,0.955,28,0,32.695,4.650,6.560,-21.480,23.760,-0.122,0.048,1.060,3.180,-3.392,-0.932,1.320,0.004,1.812,0.921,3,NULL,NULL,,0,0,0,7,255,0,250,0,0
baseline,8438,8438,0,203311.817,0.909,-0.198,-0.233,0.283,357,548,2901,1309,2775,2065,1703,2671,47,0.955,28,0,30.699,4.627,7.220,-22.340,19.780,-0.122,0.046,1.066,3.340,-3.202,-0.802,1.348,0.004,1.812,0.921,3,NULL,NULL,,0,0,0,7,255,0,250,0,0
baseline,8438,8438,0,203316.816,0.910,-0.198,-0.232,0.283,291,503,2905,1207,2792,2040,1736,2699,47,0.955,28,0,32.347,4.637,10.100,-24.400,18.680,-0.098,0.051,1.101,3.354,-3.202,-0.742,1.374,0.008,1.812,0.921,3,NULL,NULL,,0,0,0,7,255,0,250,0,0
baseline,8469,8469,0,203321.817,0.910,-0.198,-0.230,0.282,199,455,2917,1051,2811,2023,1763,2716,47,0.955,28,0,29.798,4.970,2.280,-24.840,16.300,-0.049,0.070,1.119,3.630,-3.394,-0.600,1.402,0.012,1.812,0.921,3,NULL,NULL,,0,0,0,7,255,0,250,0,0
baseline,8469,8469,0,203326.816,0.911,-0.197,-0.228,0.281,156,359,2924,941,2827,1981,1803,2729,47,0.955,28,0,31.303,5.058,-4.860,-25.440,17.580,-0.112,0.036,1.177,3.650,-3.502,-0.550,1.428,0.016,1.812,0.921,3,NULL,NULL,,0,0,0,7,255,0,250,0,0
baseline,8469,8469,0,203331.817,0.912,-0.198,-0.226,0.280,105,302,2925,827,2843,1947,1840,2741,47,0.955,28,0,49.711,5.058,12.540,-33.020,34.980,-0.217,0.086,1.314,3.650,-3.502,0.164,1.460,0.020,1.812,0.921,3,NULL,NULL,,0,0,0,7,255,0,250,0,0
baseline,8469,8469,0,203336.816,0.913,-0.198,-0.224,0.279,88,265,2943,759,2857,1919,1890,2759,47,0.955,28,0,52.518,5.151,4.120,-36.740,37.300,-0.266,0.044,1.406,3.582,-3.702,1.918,1.486,0.022,1.812,0.921,3,NULL,NULL,,0,0,0,7,255,0,250,0,0
baseline,8469,8469,0,203341.817,0.914,-0.196,-0.223,0.278,56,215,2957,713,2871,1899,1925,2771,47,0.955,28,0,55.576,5.020,-24.320,-39.980,29.980,-0.285,-0.094,1.332,3.250,-3.826,2.186,1.516,0.024,1.812,0.921,3,NULL,NULL,,0,0,0,7,255,0,250,0,0
baseline,8469,8469,0,203346.818,0.915,-0.194,-0.221,0.277,31,157,2971,695,2887,1867,1964,2779,47,0.955,28,0,65.398,4.978,-35.000,-47.540,28.140,-0.280,-0.208,1.200,2.072,-4.526,2.186,1.542,0.024,1.812,0.921,3,NULL,NULL,,0,0,0,7,255,0,250,0,0
baseline,8480,8480,0,203351.817,0.916,-0.192,-0.219,0.276,24,131,2983,682,2907,1833,2005,2787,47,0.955,28,0,67.840,4.723,-38.420,-52.720,18.620,-0.195,-0.179,1.070,1.350,-4.526,0.922,1.572,0.022,1.812,0.921,3,NULL,NULL,,0,0,0,7,255,0,250,0,0
baseline,8480,8480,0,203356.816,0.917,-0.189,-0.217,0.275,17,72,2987,627,2917,1782,2041,2793,47,0.955,28,0,64.349,4.689,-31.040,-54.800,13.200,-0.143,-0.161,0.969,1.350,-4.490,-0.510,1.598,0.022,1.812,0.921,3,NULL,NULL,,0,0,0,7,255,0,250,0,0
baseline,8503,8503,0,203361.817,0.918,-0.189,-0.214,0.275,7,26,2999,571,2935,1752,2080,2803,47,0.955,28,0,63.872,4.400,-2.300,-59.860,22.160,-0.136,-0.106,1.025,1.480,-4.144,-1.026,1.628,0.024,1.812,0.921,3,NULL,NULL,,0,0,0,7,255,0,250,0,0
baseline,8503,8503,0,203366.817,0.919,-0.188,-0.211,0.274,0,21,3003,535,2949,1702,2103,2809,47,0.955,28,0,70.076,4.376,9.480,-64.200,26.440,-0.181,-0.078,1.130,1.968,-3.908,-1.026,1.652,0.026,1.812,0.921,3,NULL,NULL,,0,0,0,7,255,0,250,0,0
baseline,8508,8508,0,203371.817,0.920,-0.188,-0.207,0.273,0,0,3007,485,2956,1625,2135,2813,47,0.955,28,0,73.917,4.382,12.300,-68.160,25.820,-0.213,-0.080,1.206,1.982,-3.908,0.140,1.680,0.030,1.812,0.921,3,NULL,NULL,,0,0,0,7,255,0,250,0,0
baseline,8508,8508,0,203376.816,0.921,-0.187,-0.204,0.273,0,0,3016,405,2969,1587,2165,2823,47,0.955,28,0,76.036,4.451,9.680,-71.780,23.140,-0.194,-0.084,1.235,2.064,-3.944,0.952,1.704,0.034,1.812,0.921,3,NULL,NULL,,0,0,0,7,255,0,250,0,0
baseline,8509,8509,0,203381.817,0.923,-0.186,-0.200,0.272,0,0,3019,347,2979,1499,2194,2824,47,0.955,28,0,80.510,4.643,4.300,-77.500,21.380,-0.140,-0.086,1.220,2.122,-4.130,0.952,1.728,0.038,1.812,0.921,3,NULL,NULL,,0,0,0,7,255,0,250,0,0
baseline,8509,8509,0,203386.817,0.924,-0.185,-0.196,0.271,0,0,3021,269,2984,1399,2218,2828,47,0.955,28,0,86.564,4.913,-0.640,-82.520,26.140,-0.102,-0.089,1.201,2.406,-4.284,0.790,1.752,0.046,1.812,0.921,3,NULL,NULL,,0,0,0,7,255,0,250,0,0
baseline,8533,8533,0,203391.817,0.925,-0.184,-0.193,0.270,0,0,3027,181,2991,1285,2237,2827,47,0.955,28,0,92.964,4.929,-8.700,-87.160,31.140,-0.115,-0.069,1.187,2.438,-4.284,0.494,1.774,0.054,1.812,0.921,3,NULL,NULL,,0,0,0,7,255,0,250,0,0
baseline,8533,8533,0,203396.816,0.927,-0.183,-0.188,0.269,0,0,3027,123,2999,1180,2269,2825,47,0.955,28,0,97.987,4.713,-3.760,-91.120,35.840,-0.140,-0.041,1.178,2.438,-4.034,0.494,1.792,0.062,1.812,0.921,3,NULL,NULL,,0,0,0,7,255,0,250,0,0
baseline,8544,8544,0,203401.817,0.928,-0.182,-0.184,0.268,0,0,3021,52,3005,1096,2292,2812,47,0.955,28,0,99.561,4.281,-4.420,-94.600,30.720,-0.140,-0.035,1.167,2.292,-3.616,0.542,1.814,0.070,1.812,0.921,3,NULL,NULL,,0,0,0,7,255,0,250,0,0
baseline,8544,8544,0,203406.817,0.929,-0.180,-0.180,0.268,0,0,3023,4,3013,967,2313,2815,47,0.955,28,0,100.172,4.262,-4.420,-96.860,25.160,-0.109,-0.048,1.154,2.256,-3.616,0.542,1.834,0.078,1.812,0.921,3,NULL,NULL,,0,0,0,7,255,0,250,0,0
baseline,8544,8544,0,203411.817,0.931,-0.179,-0.175,0.267,0,0,3019,0,3015,825,2325,2805,47,0.955,28,0,104.302,4.267,-3.340,-101.620,23.260,-0.083,-0.057,1.154,2.256,-3.622,0.312,1.854,0.088,1.812,0.921,3,NULL,NULL,,0,0,0,7,255,0,250,0,0
baseline,8544,8544,0,203416.816,0.932,-0.178,-0.170,0.266,0,0,3020,0,3015,723,2357,2795,47,0.955,28,0,109.446,4.412,4.000,-105.880,27.420,-0.090,-0.052,1.201,2.330,-3.746,0.312,1.870,0.096,1.812,0.921,3,NULL,NULL,,0,0,0,7,255,0,250,0,0
baseline,8544,8544,0,203421.817,0.933,-0.177,-0.165,0.265,0,0,3019,0,3019,639,2361,2782,47,0.955,28,0,118.268,4.412,9.600,-113.100,33.220,-0.122,-0.037,1.259,2.330,-3.746,0.722,1.886,0.108,1.812,0.921,3,NULL,NULL,,0,0,0,7,255,0,250,0,0
baseline,8544,8544,0,203426.816,0.935,-0.176,-0.160,0.264,0,0,3007,0,3028,495,2389,2775,47,0.955,28,0,127.221,4.322,13.880,-120.780,37.480,-0.152,0.036,1.333,2.334,-3.638,1.422,1.898,0.122,1.812,0.921,3,NULL,NULL,,0,0,0,7,255,0,250,0,0
baseline,8559,8559,0,203431.817,0.936,-0.175,-0.154,0.263,0,0,3001,0,3021,379,2392,2743,47,0.955,28,0,133.090,3.899,10.820,-127.060,38.100,-0.168,0.067,1.402,2.386,-3.084,2.338,1.908,0.142,1.812,0.921,3,NULL,NULL,,0,0,0,7,255,0,250,0,0
baseline,8559,8559,0,203436.817,0.938,-0.174,-0.148,0.262,0,0,2984,0,3022,342,2403,2716,47,0.955,28,0,140.206,3.899,2.100,-134.880,38.220,-0.185,0.034,1.434,2.386,-3.084,3.104,1.914,0.164,1.812,0.921,3,NULL,NULL,,0,0,0,7,255,0,250,0,0
baseline,8576,8576,0,203441.817,0.939,-0.172,-0.142,0.261,0,0,2975,0,3021,294,2411,2685,47,0.955,28,0,145.941,3.555,-6.680,-141.360,35.660,-0.229,0.041,1.472,2.048,-2.906,3.438,1.916,0.194,1.812,0.921,3,NULL,NULL,,0,0,0,7,255,0,250,0,0
baseline,8576,8576,0,203446.817,0.941,-0.170,-0.136,0.260,0,0,2964,0,3017,213,2415,2651,47,0.955,28,0,153.796,3.322,-11.140,-150.260,30.840,-0.280,0.051,1.501,1.652,-2.882,3.982,1.912,0.226,1.812,0.921,3,NULL,NULL,,0,0,0,7,255,0,250,0,0
baseline,8576,8576,0,203451.817,0.942,-0.168,-0.129,0.260,0,0,2949,0,3007,159,2423,2613,47,0.955,28,0,162.744,2.809,-6.800,-161.060,22.340,-0.336,0.090,1.592,1.190,-2.544,4.462,1.904,0.268,1.812,0.921,3,NULL,NULL,,0,0,0,7,255,0,250,0,0
baseline,8576,8576,0,203456.817,0.943,-0.166,-0.122,0.260,0,0,2927,0,2997,109,2425,2550,47,0.955,28,0,171.905,2.338,-5.460,-171.680,6.900,-0.366,0.161,1.704,1.012,-2.108,5.562,1.894,0.304,1.812,0.921,3,NULL,NULL,,0,0,0,7,255,0,250,0,0
baseline,8591,8591,0,203461.817,0.945,-0.164,-0.114,0.260,0,0,2903,0,2985,70,2427,2491,47,0.955,28,0,182.080,2.338,-5.400,-181.820,-8.100,-0.310,0.113,1.822,1.012,-2.108,6.804,1.886,0.344,1.812,0.921,3,NULL,NULL,,0,0,0,7,255,0,250,0,0
baseline,8591,8591,0,203466.816,0.946,-0.161,-0.106,0.261,0,0,2879,0,2969,28,2421,2423,47,0.955,28,0,192.138,2.606,-18.100,-191.160,-6.880,-0.259,0.154,1.914,1.202,-2.312,7.710,1.880,0.376,1.812,0.921,3,NULL,NULL,,0,0,0,7,255,0,250,0,0
baseline,8608,8608,0,203471.817,0.947,-0.157,-0.098,0.262,0,0,2839,0,2936,0,2423,2347,47,0.955,28,0,206.346,2.882,-30.360,-204.100,0.440,-0.248,0.283,1.991,1.720,-2.312,8.532,1.876,0.410,1.812,0.921,3,NULL,NULL,,0,0,0,7,255,0,250,0,0
baseline,8608,8608,0,203476.817,0.949,-0.153,-0.089,0.261,0,0,2805,0,2905,0,2413,2240,47,0.955,28,0,223.302,2.621,-40.080,-219.480,9.280,-0.318,0.465,2.110,2.298,-1.260,9.458,1.872,0.440,1.812,0.921,3,NULL,NULL,,0,0,0,7,255,0,250,0,0
baseline,8608,8608,0,203481.817,0.950,-0.148,-0.080,0.262,0,0,2741,0,2851,0,2407,2104,47,0.955,28,0,242.344,2.527,-62.360,-234.180,1.240,-0.358,0.637,2.258,2.466,0.554,11.034,1.864,0.478,1.812,0.921,3,NULL,NULL,,0,0,0,7,255,0,250,0,0
baseline,8608,8608,0,203486.817,0.952,-0.142,-0.070,0.263,0,0,2679,0,2789,0,2387,1900,47,0.955,28,0,254.733,3.569,-82.740,-240.340,-16.720,-0.382,0.719,2.425,2.836,2.166,12.768,1.850,0.520,1.812,0.921,3,NULL,NULL,,0,0,0,7,255,0,250,0,0
baseline,8640,8640,0,203491.817,0.953,-0.135,-0.061,0.264,0,0,2605,0,2696,0,2359,1747,47,0.955,28,0,263.653,4.169,-106.300,-239.980,-24.960,-0.336,0.743,2.431,2.880,3.014,14.492,1.832,0.568,1.812,0.921,3,NULL,NULL,,0,0,0,7,255,0,250,0,0
baseline,8640,8640,0,203496.816,0.954,-0.127,-0.053,0.265,0,0,2501,0,2568,0,2330,1555,47,0.955,28,0,280.891,4.483,-136.200,-244.500,-23.860,-0.408,0.799,2.433,2.880,3.436,14.508,1.810,0.620,1.812,0.921,3,NULL,NULL,,0,0,0,7,255,0,250,0,0
baseline,8641,8641,0,203501.817,0.956,-0.118,-0.044,0.266,0,0,2363,0,2453,0,2285,1357,47,0.955,28,0,302.105,5.354,-155.420,-257.620,-27.280,-0.602,0.885,2.544,2.462,4.754,14.622,1.778,0.680,1.812,0.921,3,NULL,NULL,,0,0,0,7,255,0,250,0,0
baseline,8641,8641,0,203506.817,0.957,-0.107,-0.035,0.268,0,0,2163,0,2290,0,2213,1130,47,0.955,28,0,329.252,6.911,-186.980,-267.020,-46.320,-0.652,0.986,2.667,1.044,6.832,15.924,1.740,0.748,1.812,0.921,3,NULL,NULL,,0,0,0,7,255,0,250,0,0
baseline,8641,8641,0,203511.817,0.957,-0.095,-0.026,0.271,0,0,1983,0,2127,0,2125,916,47,0.955,28,0,355.585,8.423,-212.200,-274.040,-79.460,-0.836,0.790,2.815,0.928,8.372,17.072,1.692,0.828,1.812,0.921,3,NULL,NULL,,0,0,0,7,255,0,250,0,0
baseline,8641,8641,0,203516.816,0.958,-0.080,-0.017,0.275,0,0,1818,0,1931,0,2022,789,47,0.955,28,0,423.791,8.558,-292.940,-286.860,-107.220,-0.673,0.430,2.539,-1.774,8.372,17.072,1.640,0.910,1.812,0.921,3,NULL,NULL,,0,0,0,7,255,0,250,0,0
baseline,8672,8672,0,203521.817,0.958,-0.062,-0.009,0.280,0,0,1613,0,1722,0,1928,666,47,0.955,28,0,466.492,6.211,-342.860,-293.820,-117.180,-0.368,-0.017,1.975,-2.486,5.692,15.078,1.584,1.000,1.812,0.921,3,NULL,NULL,,0,0,0,7,255,0,250,0,0
baseline,8672,8672,0,203526.816,0.958,-0.044,-0.001,0.284,0,0,1363,0,1514,0,1749,587,47,0.955,28,0,447.398,2.903,-329.080,-288.380,-93.320,-0.211,-0.193,1.375,-2.486,1.500,9.198,1.540,1.074,1.812,0.921,3,NULL,NULL,,0,0,0,7,255,0,250,0,0
baseline,8672,8672,0,203531.817,0.958,-0.028,0.008,0.286,0,0,1127,0,1323,0,1527,560,47,0.955,28,0,428.815,2.337,-285.060,-312.120,-72.140,-0.093,-0.290,0.871,-2.332,-0.150,3.276,1.510,1.140,1.812,0.921,3,NULL,NULL,,0,0,0,7,255,0,250,0,0
baseline,8672,8672,0,203536.816,0.957,-0.016,0.021,0.288,0,0,907,0,1116,0,1229,504,47,0.955,28,0,392.454,2.510,-170.940,-347.960,-61.020,-0.001,-0.415,0.891,-2.120,-1.344,-1.284,1.496,1.184,1.812,0.921,3,NULL,NULL,,0,0,0,7,255,0,250,0,0
baseline,8672,8672,0,203541.817,0.957,-0.010,0.036,0.287,0,0,664,0,911,0,919,437,47,0.955,28,0,384.009,2.755,-31.280,-381.280,-33.320,-0.114,-0.486,1.455,-2.120,-1.760,-1.284,1.492,1.220,1.812,0.921,4,NULL,NULL,,0,0,0,7,255,0,250,0,0
baseline,8672,8672,0,203546.817,0.957,-0.005,0.052,0.286,0,0,460,0,683,0,555,348,47,0.955,28,0,396.310,4.237,1.360,-396.300,2.460,-0.237,-0.340,1.957,-3.854,-1.760,4.146,1.496,1.244,1.812,0.921,4,NULL,NULL,,0,0,0,7,255,0,250,0,0
baseline,8688,8688,0,203551.817,0.957,0.002,0.068,0.283,0,0,281,0,485,0,235,242,47,0.955,28,0,404.714,3.972,-33.360,-402.880,19.180,-0.279,0.041,2.151,-3.854,0.960,8.684,1.506,1.270,1.812,0.921,4,NULL,NULL,,0,0,0,7,255,0,250,0,0
baseline,8688,8688,0,203556.817,0.956,0.010,0.083,0.280,0,0,154,0,265,0,0,154,47,0.955,28,0,415.668,6.192,-93.480,-403.060,39.800,-0.283,0.271,2.010,-3.720,4.950,8.684,1.514,1.294,1.812,0.921,4,NULL,NULL,,0,0,0,7,255,0,250,0,0
baseline,8688,8688,0,203561.817,0.956,0.021,0.098,0.275,0,0,69,0,73,0,0,117,47,0.955,28,0,438.304,7.881,-136.440,-408.500,81.380,-0.394,0.334,1.670,-3.412,7.104,8.280,1.518,1.324,1.812,0.921,4,NULL,NULL,,0,0,0,7,255,0,250,0,0
baseline,8688,8688,0,203566.816,0.956,0.033,0.112,0.269,0,0,4,0,0,0,0,75,47,0.955,28,0,468.404,8.727,-159.220,-422.600,124.340,-0.532,0.466,1.359,-3.412,8.032,4.468,1.518,1.352,1.812,0.921,4,NULL,NULL,,0,0,0,7,255,0,250,0,0
baseline,8704,8704,0,203571.817,0.956,0.045,0.127,0.261,0,0,0,0,0,0,0,20,47,0.955,28,0,494.024,10.228,-157.200,-444.400,147.840,-0.703,0.417,1.116,-3.740,9.520,0.710,1.512,1.392,1.812,0.921,4,NULL,NULL,,0,0,0,7,255,0,250,0,0
baseline,8704,8704,0,203576.817,0.956,0.056,0.143,0.252,0,0,0,0,0,0,0,0,47,0.955,28,0,513.504,10.971,-131.740,-465.760,171.460,-0.878,0.357,1.065,-5.308,9.602,-2.386,1.500,1.430,1.812,0.921,4,NULL,NULL,,0,0,0,7,255,0,250,0,0
baseline,8720,8720,0,203581.817,0.955,0.068,0.158,0.241,0,0,0,0,0,0,0,0,47,0.955,28,0,543.379,11.411,-160.260,-476.620,205.940,-0.825,0.625,0.993,-5.646,9.916,-3.766,1.480,1.480,1.812,0.921,4,NULL,NULL,,0,0,0,7,255,0,250,0,0
baseline,8720,8720,0,203586.816,0.953,0.084,0.173,0.235,0,0,0,0,0,0,0,0,47,0.955,28,0,528.935,12.546,-255.780,-445.560,125.800,-0.248,0.935,0.717,-5.646,11.204,-5.162,1.458,1.530,1.812,0.921,4,NULL,NULL,,0,0,0,7,255,0,250,0,0
baseline,8751,8751,0,203591.817,0.949,0.099,0.184,0.235,0,0,0,0,0,0,0,0,47,0.955,28,0,451.072,11.254,-294.400,-341.720,-4.680,0.126,0.545,0.355,1.056,11.204,-6.514,1.430,1.588,1.812,0.921,4,NULL,NULL,,0,0,0,7,255,0,250,0,0
baseline,8751,8751,0,203596.817,0.946,0.111,0.191,0.236,0,0,0,0,0,0,0,0,47,0.955,28,0,328.907,6.126,-262.360,-197.380,-19.700,0.329,0.167,0.049,3.038,5.320,-7.724,1.398,1.648,1.812,0.921,0,NULL,NULL,,0,0,0,7,255,0,250,0,0
baseline,8751,8751,0,203601.817,0.945,0.117,0.193,0.236,0,0,0,0,0,0,0,0,47,0.955,28,0,148.107,3.054,-131.380,-54.140,41.760,-0.007,0.078,-0.211,3.038,0.312,-8.800,1.364,1.710,1.812,0.921,0,NULL,NULL,,0,0,0,7,255,0,250,0,0
baseline,8751,8751,0,203606.817,0.946,0.118,0.190,0.233,0,0,0,0,0,0,0,0,47,0.955,28,0,88.549,1.168,-41.780,14.040,76.800,-0.327,0.104,-0.207,1.126,0.312,-12.262,1.332,1.770,1.812,0.921,0,NULL,NULL,,0,0,0,7,255,0,250,0,0
baseline,8751,8751,0,203611.817,0.948,0.117,0.185,0.231,0,0,0,0,0,0,0,0,47,0.955,28,0,82.017,1.836,6.500,43.700,69.100,-0.573,0.258,0.252,-1.310,1.286,-12.262,1.294,1.836,1.812,0.921,0,NULL,NULL,,0,0,0,7,255,0,250,0,0
baseline,8751,8751,0,203616.816,0.949,0.115,0.180,0.230,0,0,0,0,0,0,0,0,47,0.955,28,0,109.928,6.490,6.260,100.100,45.000,-0.730,0.437,0.617,-3.732,5.310,-11.096,1.260,1.898,1.812,0.921,0,NULL,NULL,,0,0,0,7,255,0,250,0,0
baseline,8767,8767,0,203621.817,0.951,0.113,0.173,0.231,0,0,0,0,0,0,0,0,47,0.955,28,0,141.899,9.876,-8.880,140.700,16.120,-0.712,0.530,0.647,-4.464,8.810,-8.938,1.224,1.962,1.812,0.921,0,NULL,NULL,,0,0,0,7,255,0,250,0,0
baseline,8767,8767,0,203626.816,0.952,0.112,0.166,0.233,0,0,0,0,0,0,0,0,47,0.955,28,0,152.996,9.876,-34.040,149.060,-5.480,-0.565,0.469,0.567,-4.464,8.810,-8.686,1.192,2.022,1.812,0.921,0,NULL,NULL,,0,0,0,7,255,0,250,0,0
baseline,8767,8767,0,203631.818,0.952,0.111,0.159,0.235,0,0,0,0,0,0,0,0,47,0.955,28,0,159.639,8.890,-47.640,152.360,-1.220,-0.394,0.361,0.396,-3.326,8.244,-8.686,1.158,2.086,1.812,0.921,0,NULL,NULL,,0,0,0,7,255,0,250,0,0
baseline,8767,8767,0,203636.817,0.954,0.109,0.150,0.236,0,0,0,0,0,0,0,0,47,0.955,28,0,162.444,6.383,-49.780,153.700,16.920,-0.314,0.281,0.178,-2.040,6.048,-9.084,1.130,2.140,1.812,0.921,0,NULL,NULL,,0,0,0,7,255,0,250,0,0
baseline,8767,8767,0,203641.817,0.955,0.108,0.142,0.237,0,0,0,0,0,0,0,0,47,0.955,28,0,155.525,4.453,-45.140,145.020,33.460,-0.307,0.216,-0.031,-1.318,4.254,-10.462,1.102,2.198,1.812,0.921,0,NULL,NULL,,0,0,0,7,255,0,250,0,0
baseline,8767,8767,0,203646.817,0.956,0.106,0.134,0.237,0,0,0,0,0,0,0,0,47,0.955,28,0,149.008,3.161,-29.080,139.100,44.820,-0.319,0.208,-0.186,-1.192,2.928,-12.086,1.078,2.248,1.812,0.921,0,NULL,NULL,,0,0,0,7,255,0,250,0,0
baseline,8783,8783,0,203651.817,0.958,0.103,0.126,0.236,0,0,0,0,0,0,0,0,47,0.955,28,0,144.524,2.605,-3.340,136.180,48.280,-0.325,0.205,-0.298,-1.094,2.364,-13.454,1.056,2.302,1.812,0.921,0,NULL,NULL,,0,0,0,7,255,0,250,0,0
baseline,8783,8783,0,203656.816,0.959,0.099,0.119,0.235,0,0,0,0,0,0,0,0,47,0.955,28,0,144.877,2.262,28.660,133.620,48.100,-0.308,0.167,-0.336,-1.068,1.994,-14.430,1.036,2.350,1.812,0.921,0,NULL,NULL,,0,0,0,7,255,0,250,0,0
baseline,8783,8783,0,203661.817,0.961,0.095,0.111,0.234,0,0,0,0,0,0,0,0,47,0.955,28,0,156.665,1.859,63.140,134.400,49.940,-0.290,0.107,-0.289,-1.068,1.522,-14.430,1.016,2.398,1.812,0.921,0,NULL,NULL,,0,0,0,7,255,0,250,0,0
baseline,8783,8783,0,203666.817,0.963,0.089,0.103,0.233,0,0,0,0,0,0,0,0,47,0.955,28,0,173.016,1.894,91.940,136.000,54.640,-0.297,0.068,-0.155,-1.330,1.348,-13.948,1.000,2.442,1.812,0.921,0,NULL,NULL,,0,0,0,7,255,0,250,0,0
baseline,8800,8800,0,203671.817,0.965,0.082,0.096,0.231,0,0,0,0,0,0,0,0,47,0.955,28,0,187.825,2.244,110.080,140.140,59.340,-0.339,0.082,0.028,-1.794,1.348,-12.612,0.984,2.490,1.812,0.921,0,NULL,NULL,,0,0,0,7,255,0,250,0,0
baseline,8800,8800,0,203676.816,0.966,0.075,0.090,0.229,0,0,0,0,0,0,0,0,47,0.955,28,0,199.059,3.216,119.660,147.100,60.560,-0.399,0.119,0.200,-2.332,2.214,-11.000,0.972,2.532,1.812,0.921,0,NULL,NULL,,0,0,0,7,255,0,250,0,0
baseline,8816,8816,0,203681.817,0.968,0.068,0.083,0.227,0,0,0,0,0,0,0,0,47,0.955,28,0,206.620,4.360,123.920,155.280,56.780,-0.461,0.138,0.350,-2.882,3.272,-9.554,0.960,2.574,1.812,0.921,0,NULL,NULL,,0,0,0,7,255,0,250,0,0
baseline,8816,8816,0,203686.817,0.969,0.060,0.076,0.226,0,0,0,0,0,0,0,0,47,0.955,28,0,212.072,5.353,123.320,165.420,49.020,-0.509,0.128,0.474,-3.484,4.064,-8.224,0.950,2.612,1.812,0.921,0,NULL,NULL,,0,0,0,7,255,0,250,0,0
baseline,8816,8816,0,203691.817,0.971,0.053,0.069,0.225,0,0,0,0,0,0,0,0,47,0.955,28,0,216.605,6.013,118.800,176.880,38.960,-0.541,0.096,0.571,-4.048,4.446,-7.020,0.946,2.646,1.812,0.921,0,NULL,NULL,,0,0,0,7,255,0,250,0,0
baseline,8816,8816,0,203696.817,0.972,0.046,0.061,0.224,0,0,0,0,0,0,0,0,47,0.955,28,0,221.527,6.339,111.720,189.220,28.080,-0.557,0.068,0.631,-4.518,4.446,-5.980,0.946,2.676,1.812,0.921,0,NULL,NULL,,0,0,0,7,255,0,250,0,0
baseline,8848,8848,0,203701.817,0.972,0.039,0.052,0.225,0,0,0,0,0,0,0,0,47,0.955,28,0,227.613,6.459,104.880,201.300,16.920,-0.563,0.046,0.664,-4.778,4.346,-5.248,0.950,2.704,1.812,0.921,0,NULL,NULL,,0,0,0,7,255,0,250,0,0
baseline,8848,8848,0,203706.817,0.973,0.032,0.043,0.225,0,0,0,0,0,0,0,0,47,0.955,28,0,235.003,6.378,100.000,212.600,5.260,-0.559,0.031,0.685,-4.830,4.166,-4.770,0.958,2.726,1.812,0.921,0,NULL,NULL,,0,0,0,7,255,0,250,0,0
baseline,8848,8848,0,203711.817,0.973,0.026,0.034,0.227,0,0,0,0,0,0,0,0,47,0.955,28,0,243.469,6.246,96.400,223.460,-7.060,-0.534,0.016,0.696,-4.830,3.960,-4.402,0.974,2.746,1.812,0.921,0,NULL,NULL,,0,0,0,7,255,0,250,0,0
baseline,8848,8848,0,203716.816,0.973,0.019,0.025,0.229,0,0,0,0,0,0,0,0,47,0.955,28,0,252.493,5.865,94.320,233.460,-18.780,-0.494,-0.004,0.684,-4.584,3.658,-4.108,0.992,2.758,1.812,0.921,0,NULL,NULL,,0,0,0,7,255,0,250,0,0
baseline,8848,8848,0,203721.817,0.973,0.012,0.015,0.231,0,0,0,0,0,0,0,0,47,0.955,28,0,262.128,5.284,95.980,242.380,-27.400,-0.440,-0.026,0.658,-4.208,3.196,-4.094,1.016,2.766,1.812,0.921,0,NULL,NULL,,0,0,0,7,255,0,250,0,0
baseline,8848,8848,0,203726.816,0.972,0.005,0.005,0.233,0,0,0,0,0,0,0,0,47,0.955,28,0,271.983,4.569,101.840,250.060,-32.760,-0.391,-0.042,0.630,-3.724,2.648,-4.094,1.040,2.772,1.812,0.921,0,NULL,NULL,,0,0,0,7,255,0,250,0,0
baseline,8867,8867,0,203731.817,0.972,-0.002,-0.005,0.236,0,0,0,0,0,0,0,0,47,0.955,28,0,281.103,3.910,110.620,255.860,-36.300,-0.354,-0.056,0.618,-3.258,2.162,-4.218,1.070,2.776,1.812,0.921,0,NULL,NULL,,0,0,0,7,255,0,250,0,0
baseline,8867,8867,0,203736.817,0.971,-0.010,-0.016,0.239,0,0,0,0,0,0,0,0,47,0.955,28,0,289.789,3.381,121.600,260.080,-39.360,-0.315,-0.068,0.625,-2.888,1.758,-4.218,1.094,2.780,1.812,0.921,0,NULL,NULL,,0,0,0,7,255,0,250,0,0
baseline,8867,8867,0,203741.817,0.970,-0.019,-0.025,0.242,0,0,0,0,0,0,0,0,47,0.955,28,0,298.678,2.858,134.060,263.560,-42.100,-0.264,-0.083,0.638,-2.500,1.384,-4.072,1.122,2.784,1.812,0.921,0,NULL,NULL,,0,0,0,7,255,0,250,0,0
baseline,8867,8867,0,203746.817,0.969,-0.028,-0.035,0.244,0,0,0,0,0,0,0,0,47,0.955,28,0,309.497,2.204,149.740,267.580,-42.040,-0.184,-0.142,0.633,-2.010,0.904,-3.878,1.146,2.786,1.812,0.921,0,NULL,NULL,,0,0,0,7,255,0,250,0,0
baseline,8880,8880,0,203751.817,0.967,-0.038,-0.045,0.247,0,0,0,0,0,0,0,0,47,0.955,28,0,317.530,1.497,171.160,265.140,-35.080,-0.070,-0.195,0.627,-1.494,-0.096,-3.878,1.174,2.788,1.812,0.921,0,NULL,NULL,,0,0,0,7,255,0,250,0,0
baseline,8880,8880,0,203756.817,0.966,-0.048,-0.053,0.249,0,0,0,0,0,0,0,0,47,0.955,28,0,320.507,1.076,190.100,256.840,-24.900,-0.009,-0.097,0.773,-0.678,-0.836,-3.878,1.202,2.790,1.812,0.921,0,NULL,NULL,,0,0,0,7,255,0,250,0,0
baseline,8903,8903,0,203761.817,0.964,-0.059,-0.062,0.250,0,0,0,0,0,0,0,0,47,0.955,28,0,326.147,0.986,199.180,257.760,-16.100,0.015,0.007,0.922,0.522,-0.836,-2.674,1.232,2.790,1.812,0.921,0,NULL,NULL,,0,0,0,7,255,0,250,0,0
baseline,8903,8903,0,203766.816,0.963,-0.071,-0.070,0.252,0,0,0,0,0,0,0,0,47,0.955,28,0,330.814,1.698,204.180,260.020,-11.760,0.081,0.018,1.053,1.478,-0.836,-1.316,1.258,2.790,1.812,0.921,0,NULL,NULL,,0,0,0,7,255,0,250,0,0
baseline,8903,8903,0,203771.817,0.961,-0.082,-0.079,0.253,0,0,0,0,0,0,0,0,47,0.955,28,0,325.961,2.494,199.740,257.580,-2.620,0.156,-0.061,1.177,2.350,-0.836,-0.162,1.288,2.788,1.812,0.921,0,NULL,NULL,,0,0,0,7,255,0,250,0,0
baseline,8903,8903,0,203776.817,0.959,-0.092,-0.087,0.253,0,0,0,0,0,0,0,0,47,0.955,28,0,322.408,3.653,194.300,256.900,14.040,0.212,-0.133,1.273,2.892,-2.232,0.858,1.316,2.786,1.812,0.921,0,NULL,NULL,,0,0,0,7,255,0,250,0,0
baseline,8904,8904,0,203781.817,0.958,-0.103,-0.095,0.252,0,0,0,0,0,0,0,0,47,0.955,28,0,317.601,4.800,185.580,255.560,33.460,0.187,-0.132,1.374,3.280,-3.504,1.570,1.348,2.782,1.812,0.921,0,NULL,NULL,,0,0,0,7,255,0,250,0,0
baseline,8904,8904,0,203786.817,0.956,-0.113,-0.104,0.250,0,0,0,0,0,0,0,0,47,0.955,28,0,313.409,4.860,172.880,256.720,49.320,0.113,-0.076,1.510,3.368,-3.504,2.456,1.382,2.776,1.812,0.921,0,NULL,NULL,,0,0,0,7,255,0,250,0,0
baseline,8945,8945,0,203791.817,0.954,-0.122,-0.113,0.248,0,0,0,0,0,0,0,0,47,0.955,28,0,309.763,4.934,155.240,261.960,56.840,0.033,-0.083,1.557,3.368,-3.606,3.824,1.418,2.766,1.812,0.921,0,NULL,NULL,,0,0,0,7,255,0,250,0,0
baseline,8945,8945,0,203796.816,0.953,-0.130,-0.122,0.246,0,0,0,0,0,0,0,0,47,0.955,28,0,305.050,4.667,139.500,264.840,58.780,-0.034,-0.125,1.552,2.962,-3.606,4.314,1.460,2.752,1.812,0.921,0,NULL,NULL,,0,0,0,7,255,0,250,0,0
baseline,8945,8945,0,203801.817,0.951,-0.138,-0.132,0.244,0,0,0,0,0,0,0,0,47,0.955,28,0,300.075,4.640,123.080,267.640,57.140,-0.069,-0.184,1.521,2.408,-3.966,4.314,1.506,2.734,1.812,0.921,0,NULL,NULL,,0,0,0,7,255,0,250,0,0
baseline,8945,8945,0,203806.817,0.949,-0.146,-0.142,0.242,0,0,0,0,0,0,0,0,47,0.955,28,0,299.111,4.971,110.980,271.920,56.660,-0.094,-0.226,1.465,1.998,-4.552,3.952,1.560,2.708,1.812,0.921,0,NULL,NULL,,0,0,0,7,255,0,250,0,0
baseline,8945,8945,0,203811.817,0.947,-0.152,-0.152,0.240,0,0,0,0,0,0,0,0,47,0.955,28,0,296.615,5.229,102.440,272.900,54.880,-0.116,-0.234,1.387,1.698,-4.946,3.346,1.624,2.674,1.812,0.921,0,NULL,NULL,,0,0,0,7,255,0,250,0,0
baseline,8945,8945,0,203816.816,0.945,-0.159,-0.162,0.238,0,0,0,0,0,0,0,0,47,0.955,28,0,295.146,5.210,99.640,272.720,52.980,-0.130,-0.270,1.312,1.526,-4.982,2.564,1.692,2.634,1.812,0.921,0,NULL,NULL,,0,0,0,7,255,0,250,0,0
baseline,8978,8978,0,203821.817,0.942,-0.166,-0.172,0.235,0,0,0,0,0,0,0,0,47,0.955,28,0,295.091,5.417,104.460,271.120,51.580,-0.151,-0.319,1.248,1.268,-5.266,1.776,1.776,2.580,1.812,0.921,0,NULL,NULL,,0,0,0,7,255,0,250,0,0
baseline,8978,8978,0,203826.816,0.940,-0.173,-0.181,0.233,0,0,0,0,0,0,0,0,47,0.955,28,0,295.585,5.716,115.140,267.640,49.820,-0.183,-0.351,1.231,0.904,-5.644,1.094,1.862,2.524,1.812,0.921,0,NULL,NULL,,0,0,0,7,255,0,250,0,0
baseline,8978,8978,0,203831.817,0.937,-0.181,-0.191,0.232,0,0,0,0,0,0,0,0,47,0.955,28,0,297.111,5.994,127.600,264.600,44.500,-0.231,-0.346,1.280,0.638,-5.960,1.094,1.964,2.454,1.812,0.921,0,NULL,NULL,,0,0,0,7,255,0,250,0,0
baseline,8978,8978,0,203836.817,0.933,-0.188,-0.200,0.231,0,0,0,0,0,0,0,0,47,0.955,28,0,299.617,6.149,138.460,263.440,34.620,-0.264,-0.346,1.310,0.600,-6.120,1.402,2.064,2.382,1.812,0.921,0,NULL,NULL,,0,0,0,7,255,0,250,0,0
baseline,8978,8978,0,203841.817,0.930,-0.197,-0.209,0.230,0,0,0,0,0,0,0,0,47,0.955,28,0,300.376,6.376,149.320,259.520,24.060,-0.277,-0.327,1.390,0.600,-6.348,1.666,2.178,2.300,1.812,0.921,0,NULL,NULL,,0,0,0,7,255,0,250,0,0
baseline,8978,8978,0,203846.817,0.926,-0.205,-0.218,0.230,0,0,0,0,0,0,0,0,47,0.955,28,0,303.075,6.742,158.420,258.060,12.760,-0.274,-0.317,1.477,1.008,-6.666,2.302,2.290,2.216,1.812,0.921,0,NULL,NULL,,0,0,0,7,255,0,250,0,0
baseline,8978,8978,0,203851.817,0.922,-0.214,-0.226,0.230,0,0,0,0,0,0,0,0,47,0.955,28,0,304.917,7.349,166.600,255.380,-0.240,-0.244,-0.331,1.556,1.538,-7.186,2.880,2.410,2.128,1.812,0.921,0,NULL,NULL,,0,0,0,7,255,0,250,0,0
baseline,8978,8978,0,203856.816,0.918,-0.222,-0.234,0.231,0,0,0,0,0,0,0,0,47,0.955,28,0,307.118,8.271,172.760,253.600,-12.740,-0.180,-0.363,1.608,2.138,-7.990,3.024,2.526,2.040,1.812,0.921,0,NULL,NULL,,0,0,0,7,255,0,250,0,0
baseline,8992,8992,0,203861.817,0.913,-0.231,-0.243,0.232,0,0,0,0,0,0,0,0,47,0.955,28,0,313.224,9.397,186.480,250.560,-23.540,-0.098,-0.403,1.658,2.820,-8.964,3.024,2.646,1.952,1.812,0.921,0,NULL,NULL,,0,0,0,7,255,0,250,0,0
baseline,8992,8992,0,203866.816,0.908,-0.240,-0.250,0.234,0,0,0,0,0,0,0,0,47,0.955,28,0,316.847,10.676,197.240,245.500,-34.900,0.010,-0.390,1.785,3.564,-10.064,2.870,2.758,1.868,1.812,0.921,0,NULL,NULL,,0,0,0,7,255,0,250,0,0
baseline,8992,8992,0,203871.817,0.903,-0.249,-0.257,0.237,0,0,0,0,0,0,0,0,47,0.955,28,0,319.828,12.240,206.560,240.000,-44.980,0.167,-0.373,1.893,5.022,-11.162,2.678,2.880,1.778,1.812,0.921,0,NULL,NULL,,0,0,0,7,255,0,250,0,0
baseline,8992,8992,0,203876.817,0.898,-0.259,-0.264,0.240,0,0,0,0,0,0,0,0,47,0.955,28,0,320.685,14.064,213.400,233.100,-54.440,0.373,-0.377,2.026,6.762,-12.332,2.572,2.988,1.698,1.812,0.921,0,NULL,NULL,,0,0,0,7,255,0,250,0,0
baseline,9008,9008,0,203881.817,0.892,-0.268,-0.270,0.243,0,0,0,0,0,0,0,0,47,0.955,28,0,317.299,16.517,217.920,222.660,-60.100,0.616,-0.391,2.157,8.812,-13.970,2.056,3.102,1.612,1.812,0.921,0,NULL,NULL,,0,0,0,7,255,0,250,0,0
baseline,9008,9008,0,203886.816,0.887,-0.277,-0.276,0.246,0,0,0,0,0,0,0,0,47,0.955,28,0,311.963,19.261,215.180,217.960,-59.260,0.781,-0.384,2.260,11.016,-15.800,1.182,3.208,1.534,1.812,0.921,0,NULL,NULL,,0,0,0,7,255,0,250,0,0
baseline,9024,9024,0,203891.817,0.881,-0.286,-0.283,0.248,0,0,0,0,0,0,0,0,47,0.955,28,0,315.495,21.249,197.480,241.520,-46.980,1.071,-0.341,2.365,12.608,-17.104,0.524,3.316,1.452,1.812,0.921,0,NULL,NULL,,0,0,0,7,255,0,250,0,0
baseline,9024,9024,0,203896.817,0.876,-0.294,-0.288,0.252,0,0,0,0,0,0,0,0,47,0.955,28,0,273.806,24.014,199.980,178.360,-56.260,1.407,-0.312,2.592,15.320,-18.492,-0.890,3.420,1.378,1.812,0.921,0,NULL,NULL,,0,0,0,7,255,0,250,0,0
baseline,9024,9024,0,203901.817,0.872,-0.301,-0.292,0.253,0,0,0,0,0,0,0,0,47,0.955,28,0,240.325,27.870,168.980,167.680,-32.940,1.501,-0.401,2.554,18.546,-20.804,-1.762,3.526,1.300,1.812,0.921,0,NULL,NULL,,0,0,0,7,255,0,250,0,0
baseline,9024,9024,0,203906.817,0.868,-0.307,-0.295,0.254,0,0,0,0,0,0,0,0,47,0.955,28,0,197.773,28.653,137.480,141.740,-11.100,1.578,-0.415,2.483,18.628,-21.772,-3.346,3.626,1.228,1.812,0.921,0,NULL,NULL,,0,0,0,7,255,0,250,0,0
baseline,9040,9040,0,203911.817,0.866,-0.312,-0.297,0.254,0,0,0,0,0,0,0,0,47,0.955,28,0,158.643,28.600,102.680,120.300,12.340,1.584,-0.443,2.394,18.546,-21.772,-4.742,3.740,1.146,1.812,0.921,0,NULL,NULL,,0,0,0,7,255,0,250,0,0
baseline,9040,9040,0,203916.816,0.864,-0.315,-0.300,0.253,0,0,0,0,0,0,0,0,47,0.955,28,0,135.954,28.232,73.880,111.880,22.540,1.515,-0.479,2.214,18.148,-21.626,-5.772,3.862,1.050,1.812,0.921,0,NULL,NULL,,0,0,0,7,255,0,250,0,0
baseline,9056,9056,0,203921.817,0.863,-0.318,-0.302,0.252,0,0,0,0,0,0,0,0,47,0.955,28,0,121.472,26.614,55.440,106.760,16.860,1.469,-0.570,1.972,16.762,-20.672,-6.882,4.006,0.934,1.812,0.921,0,NULL,NULL,,0,0,0,7,255,0,250,0,0
baseline,9056,9056,0,203926.817,0.862,-0.319,-0.304,0.251,0,0,0,0,0,0,0,0,47,0.955,28,0,117.336,24.804,51.120,105.420,6.420,1.467,-0.677,1.749,14.980,-19.770,-8.674,4.150,0.820,1.812,0.921,0,NULL,NULL,,0,0,0,7,255,0,250,0,0
baseline,9056,9056,0,203931.817,0.860,-0.321,-0.306,0.251,0,0,0,0,0,0,0,0,47,0.955,28,0,119.325,23.439,54.840,105.900,-4.020,1.499,-0.750,1.579,13.464,-19.186,-10.592,4.300,0.700,1.812,0.921,0,NULL,NULL,,0,0,0,7,255,0,250,0,0
baseline,9056,9056,0,203936.817,0.859,-0.322,-0.308,0.252,0,0,0,0,0,0,0,0,47,0.955,28,0,117.516,22.713,56.060,102.240,-14.640,1.586,-0.844,1.458,12.560,-18.924,-12.270,4.434,0.596,1.812,0.921,0,NULL,NULL,,0,0,0,7,255,0,250,0,0
baseline,9072,9072,0,203941.817,0.858,-0.324,-0.309,0.253,0,0,0,0,0,0,0,0,47,0.955,28,0,119.282,22.455,59.720,101.260,-20.200,1.668,-0.923,1.354,12.088,-18.924,-14.044,4.570,0.492,1.812,0.921,0,NULL,NULL,,0,0,0,7,255,0,250,0,0
baseline,9072,9072,0,203946.817,0.856,-0.325,-0.311,0.254,0,0,0,0,0,0,0,0,47,0.955,28,0,123.466,22.253,65.400,101.940,-23.980,1.706,-0.935,1.278,11.708,-18.924,-15.636,4.696,0.398,1.812,0.921,0,NULL,NULL,,0,0,0,7,255,0,250,0,0
baseline,9087,9087,0,203951.817,0.854,-0.327,-0.313,0.255,0,0,0,0,0,0,0,0,47,0.955,28,0,125.609,22.043,69.420,100.660,-28.740,1.717,-0.912,1.255,11.558,-18.770,-16.534,4.818,0.312,1.812,0.921,0,NULL,NULL,,0,0,0,7,255,0,250,0,0
baseline,9087,9087,0,203956.816,0.853,-0.329,-0.315,0.256,0,0,0,0,0,0,0,0,47,0.955,28,0,127.249,21.806,71.800,99.740,-33.000,1.721,-0.903,1.255,11.544,-18.500,-16.802,4.918,0.254,1.812,0.921,0,NULL,NULL,,0,0,0,7,255,0,250,0,0
baseline,9087,9087,0,203961.817,0.851,-0.330,-0.316,0.258,0,0,0,0,0,0,0,0,47,0.955,28,0,123.220,21.814,66.920,96.320,-37.780,1.726,-0.901,1.277,11.558,-18.500,-16.916,5.006,0.224,1.812,0.921,0,NULL,NULL,,0,0,0,7,255,0,250,0,0
baseline,9087,9087,0,203966.816,0.850,-0.331,-0.318,0.260,0,0,0,0,0,0,0,0,47,0.955,28,0,111.405,21.796,51.720,89.240,-42.100,1.757,-0.862,1.267,11.594,-18.456,-16.920,5.066,0.212,1.812,0.921,0,NULL,NULL,,0,0,0,7,255,0,250,0,0
baseline,9104,9104,0,203971.817,0.849,-0.331,-0.319,0.261,0,0,0,0,0,0,0,0,47,0.955,28,0,100.299,21.881,31.400,82.900,-46.920,1.852,-0.767,1.190,11.904,-18.360,-17.158,5.116,0.194,1.812,0.921,0,NULL,NULL,,0,0,0,7,255,0,250,0,0
baseline,9104,9104,0,203976.816,0.848,-0.330,-0.321,0.263,0,0,0,0,0,0,0,0,47,0.955,28,0,98.031,21.513,12.900,79.840,-55.400,2.008,-0.820,1.006,12.580,-17.452,-18.028,5.142,0.182,1.812,0.921,0,NULL,NULL,,0,0,0,7,255,0,250,0,0
baseline,9104,9104,0,203981.817,0.847,-0.329,-0.323,0.264,0,0,0,0,0,0,0,0,47,0.955,28,0,92.348,21.513,11.500,74.460,-53.400,2.158,-1.034,0.831,12.580,-17.452,-20.468,5.142,0.188,1.812,0.921,0,NULL,NULL,,0,0,0,7,255,0,250,0,0
baseline,9104,9104,0,203986.817,0.847,-0.329,-0.323,0.266,0,0,0,0,0,0,0,0,47,0.955,28,0,75.903,21.230,29.760,61.100,-33.800,2.234,-1.131,0.731,11.452,-17.876,-23.288,5.126,0.220,1.812,0.921,0,NULL,NULL,,0,0,0,7,255,0,250,0,0
baseline,9119,9119,0,203991.817,0.846,-0.330,-0.322,0.266,0,0,0,0,0,0,0,0,47,0.955,28,0,75.673,21.456,65.020,38.640,2.400,2.211,-1.152,1.015,11.452,-18.144,-23.288,5.108,0.262,1.812,0.921,0,NULL,NULL,,0,0,0,7,255,0,250,0,0
baseline,9119,9119,0,203996.817,0.843,-0.346,-0.315,0.265,0,0,0,0,0,0,0,0,47,0.955,28,0,410.902,23.239,378.940,-12.440,158.400,2.037,-0.783,3.169,11.746,-20.052,-22.918,5.110,0.286,1.812,0.921,0,NULL,NULL,,0,0,0,7,255,0,250,0,0
baseline,9152,9152,0,204001.817,0.840,-0.358,-0.305,0.269,0,0,0,20,0,0,0,0,47,0.955,28,0,377.570,37.726,358.600,-96.860,67.700,1.582,-0.135,4.514,21.296,-31.140,-7.580,5.142,0.284,1.812,0.921,0,NULL,NULL,,0,0,0,7,255,0,250,0,0
baseline,9152,9152,0,204006.817,0.846,-0.349,-0.302,0.269,55,0,0,252,0,0,0,0,47,0.955,28,0,236.000,40.806,-191.800,-135.500,-23.420,2.086,-0.706,3.569,23.038,-33.680,-4.494,5.204,0.258,1.812,0.921,0,NULL,NULL,,0,0,0,7,255,0,250,0,0
baseline,9152,9152,0,204011.817,0.857,-0.329,-0.297,0.263,236,0,0,479,0,42,0,0,47,0.955,28,0,528.275,42.031,-484.840,-205.260,43.280,2.188,0.489,1.872,25.144,-33.680,-4.494,5.288,0.214,1.812,0.921,0,NULL,NULL,,0,0,0,7,255,0,250,0,0
baseline,9152,9152,0,204016.816,0.871,-0.307,-0.291,0.250,499,0,0,723,0,121,0,0,47,0.955,28,0,660.846,26.986,-582.920,-240.540,197.640,1.329,1.322,0.816,23.038,-14.054,-8.994,5.376,0.166,1.812,0.921,0,NULL,NULL,,0,0,0,7,255,0,250,0,0
baseline,9152,9152,0,204021.817,0.883,-0.296,-0.283,0.232,778,0,0,1013,0,211,0,0,47,0.955,28,0,586.836,20.233,-405.680,-216.420,364.640,0.887,1.558,-0.062,20.174,1.540,-10.726,5.462,0.122,1.812,0.921,0,NULL,NULL,,0,0,0,7,255,0,250,0,0
baseline,9152,9152,0,204026.816,0.889,-0.299,-0.274,0.214,1113,0,0,1241,0,317,0,0,47,0.955,28,0,458.422,14.669,-72.000,-127.120,434.520,0.058,0.156,-0.027,14.588,1.540,-10.280,5.528,0.088,1.812,0.921,0,NULL,NULL,,0,0,0,7,255,0,250,0,0
baseline,9168,9168,0,204031.817,0.892,-0.304,-0.268,0.198,1447,0,0,1429,0,467,0,0,47,0.955,28,0,431.287,1.837,31.880,-49.920,427.200,-0.708,-1.417,0.091,1.318,1.280,-10.566,5.580,0.054,1.812,0.921,0,NULL,NULL,,0,0,0,7,255,0,250,0,0
baseline,9168,9168,0,204036.817,0.896,-0.307,-0.261,0.186,1855,0,0,1839,0,593,0,25,47,0.955,28,0,336.271,5.501,-9.740,-111.380,317.140,-1.527,0.470,1.121,-5.482,0.460,-10.280,5.610,0.030,1.812,0.921,0,NULL,NULL,,0,0,0,7,255,0,250,0,0
baseline,9168,9168,0,204041.817,0.899,-0.310,-0.253,0.175,2245,0,0,2186,0,680,0,27,47,0.955,28,0,327.442,5.501,21.380,-145.620,292.500,-1.273,1.879,0.971,-5.482,0.460,8.008,5.632,0.012,1.812,0.921,0,NULL,NULL,,0,0,0,7,255,0,250,0,0
baseline,9168,9168,0,204046.817,0.902,-0.312,-0.244,0.169,2491,0,0,2503,0,773,0,71,47,0.955,28,0,258.620,11.850,21.380,-171.020,192.820,-2.520,1.765,1.422,-5.482,10.506,10.820,5.650,0.000,1.812,0.921,0,NULL,NULL,,0,0,0,7,255,0,250,0,0
baseline,9184,9184,0,204051.818,0.905,-0.310,-0.238,0.170,2659,0,0,2702,0,877,0,160,47,0.955,28,0,168.047,11.534,-45.380,-161.800,-1.080,-2.043,1.399,1.750,-4.760,10.506,18.580,0.000,0.000,1.812,0.921,0,NULL,NULL,,0,0,0,7,255,0,250,0,0
baseline,9184,9184,0,204056.817,0.906,-0.301,-0.237,0.181,2761,0,0,2826,0,1055,0,399,47,0.955,28,0,304.360,8.142,-119.060,-114.980,-255.420,-1.738,0.420,1.741,-6.184,5.296,18.580,0.000,0.000,1.812,0.921,0,NULL,NULL,,0,0,0,7,255,0,250,0,0
baseline,9202,9202,0,204061.817,0.906,-0.289,-0.239,0.197,2840,0,0,2915,29,1269,0,653,47,0.955,28,0,463.050,5.342,-176.980,-70.180,-422.100,-0.533,0.225,1.832,-4.760,-2.424,13.232,0.000,0.000,1.812,0.921,0,NULL,NULL,,0,0,0,7,255,0,250,0,0
baseline,9202,9202,0,204066.816,0.902,-0.277,-0.246,0.221,2907,0,183,2995,283,1421,0,936,47,0.955,28,0,636.031,7.172,-129.120,46.080,-621.080,1.062,-0.103,1.709,3.272,-6.382,7.184,0.000,0.000,1.812,0.921,0,NULL,NULL,,0,0,0,7,255,0,250,0,0
baseline,9202,9202,0,204071.817,0.898,-0.265,-0.254,0.241,2952,0,412,3063,583,1509,0,1107,47,0.955,28,0,589.401,15.874,-145.780,110.480,-560.300,1.841,-1.436,0.962,10.032,-12.302,-3.232,0.000,0.000,1.812,0.921,1,1202.000,1202.000,,0,0,0,7,255,0,250,0,0
baseline,9202,9202,0,204076.817,0.897,-0.256,-0.259,0.251,2989,0,679,3117,815,1591,0,1213,47,0.955,28,0,322.989,24.871,-126.140,81.120,-286.060,2.729,-1.808,0.417,12.152,-21.700,-16.924,0.000,0.000,1.812,0.921,1,NULL,NULL,,0,0,0,7,255,0,250,0,0
baseline,9203,9203,0,204081.817,0.898,-0.252,-0.259,0.252,3019,5,805,3155,925,1656,0,1279,47,0.955,28,0,53.739,23.907,-49.540,16.920,-12.140,1.959,-1.492,0.489,10.032,-21.700,-20.988,0.000,0.000,1.812,0.921,1,NULL,NULL,,0,0,0,7,255,0,250,0,0
baseline,9203,9203,0,204086.817,0.901,-0.249,-0.257,0.244,3048,79,927,3181,985,1705,0,1319,47,0.955,28,0,201.693,22.202,-57.960,-12.820,192.760,1.173,-1.518,0.482,8.486,-20.516,-20.988,0.000,0.000,1.812,0.921,1,NULL,NULL,,0,0,0,7,255,0,250,0,0
baseline,9245,9245,0,204091.817,0.904,-0.251,-0.254,0.234,3077,133,1031,3205,1059,1723,0,1349,47,0.955,28,0,259.489,18.319,-3.580,-40.400,256.300,-0.251,-0.672,0.574,2.890,-18.090,-16.614,0.000,0.000,1.812,0.921,1,NULL,NULL,,0,0,0,7,255,0,250,0,0
baseline,9245,9245,0,204096.816,0.907,-0.254,-0.250,0.226,3087,165,1123,3217,1152,1769,0,1391,48,0.955,29,0,236.228,7.857,48.740,-72.260,219.560,-1.099,-0.058,0.875,-2.896,-7.304,-6.082,0.000,0.000,1.812,0.921,1,NULL,NULL,,0,0,0,7,255,0,250,0,0
baseline,9246,9246,0,204101.817,0.908,-0.256,-0.247,0.222,3103,182,1183,3228,1211,1783,0,1471,48,0.955,29,0,134.588,3.464,30.840,-58.780,117.080,-1.403,0.593,1.261,-3.194,-1.340,2.306,0.000,0.000,1.812,0.921,1,NULL,NULL,,0,0,0,7,255,0,250,0,0
baseline,9246,9246,0,204106.817,0.907,-0.257,-0.246,0.223,3108,189,1231,3231,1275,1845,0,1547,48,0.955,29,0,33.884,4.193,18.280,-10.000,-26.720,-1.120,0.690,1.298,-3.194,2.716,7.654,0.000,0.000,1.812,0.921,1,NULL,NULL,,0,0,0,7,255,0,250,0,0
baseline,9246,9246,0,204111.817,0.906,-0.255,-0.247,0.229,3113,199,1269,3237,1325,1907,0,1609,48,0.955,29,0,135.046,2.745,2.960,4.460,-134.940,-0.228,-0.041,0.989,-0.398,2.716,7.654,0.000,0.000,1.812,0.921,1,NULL,NULL,,0,0,0,7,255,0,250,0,0
baseline,9246,9246,0,204116.816,0.906,-0.253,-0.248,0.233,3119,215,1275,3239,1368,1939,0,1659,48,0.955,29,0,100.607,4.658,2.340,13.120,-99.720,0.528,-0.764,0.892,1.852,-4.274,-1.434,0.000,0.000,1.812,0.921,2,NULL,NULL,,0,0,0,7,255,0,250,0,0
baseline,9273,9273,0,204121.817,0.906,-0.252,-0.247,0.234,3125,216,1269,3240,1396,1951,0,1709,48,0.955,29,0,29.905,12.444,18.400,22.840,-5.840,0.709,-0.877,0.662,3.634,-11.902,-8.066,0.000,0.000,1.812,0.921,2,NULL,NULL,,0,0,0,7,255,0,250,0,0
baseline,9273,9273,0,204126.816,0.907,-0.254,-0.245,0.231,3131,217,1257,3237,1417,1967,0,1721,48,0.955,29,0,95.070,12.444,37.560,-11.160,86.620,0.335,-0.454,0.750,3.634,-11.902,-8.066,0.000,0.000,1.812,0.921,2,NULL,NULL,,0,0,0,7,255,0,250,0,0
baseline,9274,9274,0,204131.817,0.908,-0.257,-0.243,0.227,3132,223,1243,3239,1427,1979,0,1751,48,0.955,29,0,129.302,8.761,52.940,-6.280,117.800,-0.229,0.136,0.984,3.230,-8.144,-7.332,0.000,0.000,1.812,0.921,2,NULL,NULL,,0,0,0,7,255,0,250,0,0
baseline,9274,9274,0,204136.816,0.908,-0.260,-0.242,0.224,3145,227,1213,3238,1434,2007,0,1785,48,0.955,29,0,93.543,3.845,56.060,-4.940,74.720,-0.517,0.418,1.080,2.610,-2.824,-0.988,0.000,0.000,1.812,0.921,2,NULL,NULL,,0,0,0,7,255,0,250,0,0
baseline,9275,9275,0,204141.817,0.908,-0.261,-0.241,0.224,3145,232,1199,3243,1447,2012,0,1812,48,0.955,29,0,46.397,3.151,41.220,-4.200,20.880,-0.452,0.344,1.230,2.610,-1.766,2.036,0.000,0.000,1.812,0.921,2,NULL,NULL,,0,0,0,7,255,0,250,0,0
baseline,9275,9275,0,204146.817,0.907,-0.262,-0.240,0.224,3157,233,1179,3230,1453,2009,0,1821,48,0.955,29,0,20.744,3.208,17.660,1.340,-10.800,-0.148,0.127,1.164,2.678,-1.766,2.036,0.000,0.000,1.812,0.921,2,NULL,NULL,,0,0,0,7,255,0,250,0,0
baseline,9279,9279,0,204151.817,0.908,-0.261,-0.240,0.224,3155,236,1141,3227,1456,2024,0,1847,48,0.955,29,0,3.142,5.536,3.020,0.560,-0.660,0.065,-0.039,1.057,3.744,-4.078,-0.042,0.000,0.000,1.812,0.921,2,NULL,NULL,,0,0,0,7,255,0,250,0,0
baseline,9279,9279,0,204156.817,0.908,-0.261,-0.239,0.224,3150,244,1111,3227,1439,2029,0,1856,48,0.955,29,0,23.040,6.121,2.720,1.340,22.840,0.034,-0.030,0.953,3.744,-4.842,-2.444,0.000,0.000,1.812,0.921,2,NULL,NULL,,0,0,0,7,255,0,250,0,0
baseline,9295,9295,0,204161.817,0.908,-0.262,-0.238,0.222,3157,247,1082,3225,1459,2054,0,1876,48,0.955,29,0,33.795,6.062,12.420,1.780,31.380,-0.110,0.056,0.954,3.648,-4.842,-2.444,0.000,0.000,1.812,0.921,2,NULL,NULL,,0,0,0,7,255,0,250,0,0
baseline,9295,9295,0,204166.816,0.909,-0.262,-0.238,0.222,3157,243,1063,3225,1455,2063,0,1880,48,0.955,29,0,28.581,4.756,21.020,4.040,18.940,-0.205,0.116,1.004,2.936,-3.742,-2.058,0.000,0.000,1.812,0.921,2,NULL,NULL,,0,0,0,7,255,0,250,0,0
baseline,9295,9295,0,204171.817,0.908,-0.263,-0.237,0.222,3156,239,1039,3221,1453,2073,0,1883,48,0.955,29,0,21.864,4.656,21.140,3.720,4.160,-0.165,0.107,1.042,2.936,-3.614,-1.010,0.000,0.000,1.812,0.921,2,NULL,NULL,,0,0,0,7,255,0,250,0,0
baseline,9295,9295,0,204176.817,0.908,-0.263,-0.237,0.222,3160,249,1021,3221,1447,2087,0,1884,48,0.955,29,0,19.802,4.714,19.260,4.040,2.200,-0.098,0.118,1.051,3.026,-3.614,-1.010,0.000,0.000,1.812,0.921,2,NULL,NULL,,0,0,0,7,255,0,250,0,0
baseline,9311,9311,0,204181.817,0.909,-0.264,-0.236,0.222,3157,247,988,3212,1443,2099,0,1897,48,0.955,29,0,20.834,5.192,18.460,3.060,9.160,-0.056,0.123,1.022,3.624,-3.718,-1.192,0.000,0.000,1.812,0.921,2,NULL,NULL,,0,0,0,7,255,0,250,0,0
baseline,9311,9311,0,204186.816,0.909,-0.265,-0.235,0.221,3161,253,973,3215,1443,2103,0,1895,48,0.955,29,0,24.414,5.364,19.740,1.900,14.240,-0.099,0.186,1.048,3.866,-3.718,-1.192,0.000,0.000,1.812,0.921,2,NULL,NULL,,0,0,0,7,255,0,250,0,0
baseline,9361,9361,0,204191.817,0.909,-0.265,-0.235,0.221,3158,261,943,3213,1439,2109,0,1901,48,0.955,29,0,21.787,5.364,17.240,2.820,13.020,-0.093,0.119,1.043,3.866,-3.718,-1.264,0.000,0.000,1.812,0.921,2,NULL,NULL,,0,0,0,7,255,0,250,0,0
baseline,9361,9361,0,204196.817,0.909,-0.266,-0.234,0.220,3149,253,923,3207,1435,2116,0,1907,48,0.955,29,0,24.157,5.200,17.240,2.020,16.800,-0.093,0.082,1.020,3.594,-3.758,-1.264,0.000,0.000,1.812,0.921,2,NULL,NULL,,0,0,0,7,255,0,250,0,0
baseline,9361,9361,0,204201.817,0.909,-0.266,-0.233,0.220,3155,249,909,3206,1433,2124,0,1916,48,0.955,29,0,25.442,5.014,17.980,1.900,17.900,-0.135,0.148,1.026,3.320,-3.758,-1.264,0.000,0.000,1.812,0.921,2,NULL,NULL,,0,0,0,7,255,0,250,0,0
baseline,9361,9361,0,204206.817,0.909,-0.267,-0.233,0.219,3155,261,903,3199,1431,2133,0,1931,48,0.955,29,0,24.028,4.711,18.160,1.720,15.640,-0.143,0.182,1.042,3.320,-3.342,-1.090,0.000,0.000,1.812,0.921,2,NULL,NULL,,0,0,0,7,255,0,250,0,0
baseline,9362,9362,0,204211.817,0.909,-0.267,-0.232,0.219,3149,267,885,3196,1429,2139,0,1937,48,0.955,29,0,21.024,4.808,15.340,0.680,14.360,-0.125,0.152,1.060,3.456,-3.342,-0.862,0.000,0.000,1.812,0.921,2,NULL,NULL,,0,0,0,7,255,0,250,0,0
baseline,9362,9362,0,204216.816,0.909,-0.268,-0.231,0.218,3141,265,869,3192,1430,2143,0,1945,48,0.955,29,0,21.724,4.924,11.860,0.120,18.200,-0.115,0.106,1.044,3.456,-3.508,-0.862,0.000,0.000,1.812,0.921,2,NULL,NULL,,0,0,0,7,255,0,250,0,0
baseline,9363,9363,0,204221.817,0.910,-0.268,-0.231,0.217,3134,269,852,3191,1430,2153,0,1955,48,0.955,29,0,24.500,4.937,10.760,-1.160,21.980,-0.135,0.107,1.025,3.294,-3.678,-1.168,0.000,0.000,1.812,0.921,2,NULL,NULL,,0,0,0,7,255,0,250,0,0
baseline,9363,9363,0,204226.816,0.910,-0.268,-0.230,0.217,3127,273,839,3183,1429,2159,0,1965,48,0.955,29,0,26.638,4.787,13.140,-1.220,23.140,-0.155,0.099,1.001,3.064,-3.678,-1.210,0.000,0.000,1.812,0.921,2,NULL,NULL,,0,0,0,7,255,0,250,0,0
baseline,9363,9363,0,204231.819,0.910,-0.269,-0.229,0.216,3119,275,829,3179,1435,2165,0,1976,48,0.955,29,0,27.042,4.561,16.820,-2.200,21.060,-0.174,0.132,1.021,2.824,-3.582,-1.210,0.000,0.000,1.812,0.921,2,NULL,NULL,,0,0,0,7,255,0,250,0,0
baseline,9363,9363,0,204236.817,0.910,-0.270,-0.228,0.215,3116,278,839,3176,1443,2167,0,1995,48,0.955,29,0,23.592,4.388,16.760,-3.160,16.300,-0.177,0.161,1.039,2.824,-3.358,-0.968,0.000,0.000,1.812,0.921,2,NULL,NULL,,0,0,0,7,255,0,250,0,0
baseline,9364,9364,0,204241.817,0.911,-0.270,-0.228,0.215,3097,273,828,3159,1449,2173,0,2007,48,0.955,29,0,18.595,4.484,13.080,-3.660,12.700,-0.149,0.130,1.037,2.972,-3.358,-0.960,0.000,0.000,1.812,0.921,2,NULL,NULL,,0,0,0,7,255,0,250,0,0
baseline,9364,9364,0,204246.817,0.911,-0.270,-0.227,0.215,3094,279,839,3159,1456,2174,0,2031,48,0.955,29,0,16.336,4.618,9.740,-4.440,12.340,-0.144,0.087,1.017,2.972,-3.534,-0.960,0.000,0.000,1.812,0.921,2,NULL,NULL,,0,0,0,7,255,0,250,0,0
baseline,9384,9384,0,204251.817,0.911,-0.270,-0.226,0.214,3067,270,853,3153,1483,2189,0,2043,48,0.955,29,0,12.732,4.610,7.960,-4.500,8.860,-0.165,0.090,1.009,2.790,-3.670,-1.214,0.000,0.000,1.812,0.921,2,NULL,NULL,,0,0,0,7,255,0,250,0,0
baseline,9384,9384,0,204256.816,0.911,-0.270,-0.226,0.214,3060,275,857,3133,1495,2195,0,2063,48,0.955,29,0,9.400,4.598,7.600,-4.440,3.300,-0.157,0.061,0.989,2.604,-3.790,-1.272,0.000,0.000,1.812,0.921,2,NULL,NULL,,0,0,0,7,255,0,250,0,0
baseline,9386,9386,0,204261.817,0.911,-0.270,-0.225,0.214,3045,279,874,3125,1515,2199,0,2076,48,0.955,29,0,9.860,4.544,8.700,-4.580,0.740,-0.144,0.049,0.979,2.452,-3.826,-1.498,0.000,0.000,1.812,0.921,2,NULL,NULL,,0,0,0,7,255,0,250,0,0
baseline,9386,9386,0,204266.817,0.912,-0.270,-0.224,0.215,3031,287,889,3112,1545,2208,0,2101,48,0.955,29,0,10.048,4.544,8.820,-4.760,-0.720,-0.158,0.088,1.006,2.452,-3.826,-1.498,0.000,0.000,1.812,0.921,2,NULL,NULL,,0,0,0,7,255,0,250,0,0
baseline,9408,9408,0,204271.817,0.912,-0.270,-0.224,0.215,3015,281,901,3098,1565,2217,0,2117,48,0.955,29,0,9.913,4.505,6.620,-4.940,-5.480,-0.167,0.124,1.027,2.596,-3.682,-1.262,0.000,0.000,1.812,0.921,2,NULL,NULL,,0,0,0,7,255,0,250,0,0
baseline,9408,9408,0,204276.816,0.912,-0.269,-0.223,0.216,2991,281,935,3087,1593,2223,0,2131,48,0.955,29,0,12.340,4.488,3.260,-5.000,-10.800,-0.141,0.121,1.027,2.746,-3.550,-1.074,0.000,0.000,1.812,0.921,2,NULL,NULL,,0,0,0,7,255,0,250,0,0
baseline,9408,9408,0,204281.817,0.912,-0.269,-0.223,0.216,2971,284,966,3067,1613,2231,0,2140,48,0.955,29,0,13.201,4.608,1.980,-5.360,-11.900,-0.104,0.086,1.007,2.938,-3.550,-1.074,0.000,0.000,1.812,0.921,2,NULL,NULL,,0,0,0,7,255,0,250,0,0
baseline,9408,9408,0,204286.817,0.912,-0.268,-0.222,0.217,2955,287,1000,3053,1639,2239,0,2157,48,0.955,29,0,12.215,4.841,2.520,-4.580,-11.040,-0.098,0.086,1.000,2.994,-3.804,-1.510,0.000,0.000,1.812,0.921,2,NULL,NULL,,0,0,0,7,255,0,250,0,0
baseline,9423,9423,0,204291.817,0.912,-0.268,-0.221,0.217,2933,297,1041,3043,1661,2248,0,2183,48,0.955,29,0,13.358,4.841,2.460,-5.000,-12.140,-0.118,0.098,1.006,2.994,-3.804,-1.510,0.000,0.000,1.812,0.921,2,NULL,NULL,,0,0,0,7,255,0,250,0,0
baseline,9423,9423,0,204296.817,0.912,-0.267,-0.221,0.218,2916,301,1075,3027,1692,2253,0,2189,48,0.955,29,0,16.416,4.753,1.300,-4.260,-15.800,-0.120,0.089,1.011,2.916,-3.754,-1.406,0.000,0.000,1.812,0.921,2,NULL,NULL,,0,0,0,7,255,0,250,0,0
baseline,9456,9456,0,204301.817,0.912,-0.267,-0.221,0.219,2887,299,1113,3013,1718,2261,0,2207,48,0.955,29,0,18.612,4.753,0.280,-3.040,-18.360,-0.101,0.082,1.003,2.916,-3.754,-1.406,0.000,0.000,1.812,0.921,2,NULL,NULL,,0,0,0,7,255,0,250,0,0
baseline,9456,9456,0,204306.817,0.912,-0.266,-0.220,0.219,2861,307,1159,2999,1765,2264,0,2221,48,0.874,29,0,17.944,4.782,0.400,-3.040,-17.680,-0.096,0.088,1.000,2.954,-3.760,-1.544,0.000,0.000,1.529,0.865,3,NULL,NULL,,0,0,0,7,255,0,250,0,0
baseline,9456,9456,0,204311.817,0.912,-0.266,-0.220,0.220,2836,317,1191,2983,1783,2265,0,2234,48,0.874,29,0,17.798,4.814,-0.220,-2.500,-17.620,-0.102,0.102,1.010,3.006,-3.760,-1.544,0.024,0.002,1.529,0.865,3,NULL,NULL,,0,0,0,7,255,0,250,0,0
baseline,9456,9456,0,204316.816,0.913,-0.265,-0.219,0.221,2809,319,1233,2967,1817,2269,6,2253,48,0.874,29,0,18.216,4.753,-2.540,-2.380,-17.880,-0.112,0.095,1.011,3.006,-3.682,-1.416,0.050,0.002,1.529,0.865,3,NULL,NULL,,0,0,0,7,255,0,250,0,0
baseline,9456,9456,0,204321.817,0.913,-0.264,-0.219,0.222,2787,327,1257,2943,1839,2279,35,2269,48,0.874,29,0,20.095,4.707,-5.840,-2.680,-19.040,-0.123,0.065,1.008,2.932,-3.682,-1.416,0.076,0.002,1.529,0.865,3,NULL,NULL,,0,0,0,7,255,0,250,0,0
baseline,9456,9456,0,204326.816,0.913,-0.263,-0.219,0.222,2751,330,1304,2932,1875,2281,89,2287,48,0.874,29,0,20.566,4.708,-7.420,-2.320,-19.040,-0.122,0.044,0.993,2.692,-3.862,-1.416,0.102,0.004,1.529,0.865,3,NULL,NULL,,0,0,0,7,255,0,250,0,0
baseline,9457,9457,0,204331.817,0.913,-0.263,-0.218,0.223,2726,339,1337,2917,1897,2287,122,2309,48,0.874,29,0,20.427,4.628,-7.180,-3.280,-18.840,-0.135,0.058,0.988,2.550,-3.862,-1.524,0.130,0.006,1.529,0.865,3,NULL,NULL,,0,0,0,7,255,0,250,0,0
baseline,9457,9457,0,204336.817,0.913,-0.262,-0.218,0.224,2695,342,1417,2899,1928,2286,165,2329,48,0.874,29,0,21.516,4.545,-6.740,-3.780,-20.080,-0.130,0.089,1.000,2.550,-3.762,-1.524,0.154,0.008,1.529,0.865,3,NULL,NULL,,0,0,0,7,255,0,250,0,0
baseline,9472,9472,0,204341.817,0.913,-0.261,-0.218,0.225,2663,359,1477,2877,1965,2302,203,2341,48,0.874,29,0,25.188,4.642,-9.560,-3.360,-23.060,-0.120,0.063,1.017,2.720,-3.762,-1.352,0.182,0.010,1.529,0.865,3,NULL,NULL,,0,0,0,7,255,0,250,0,0
baseline,9472,9472,0,204346.817,0.913,-0.260,-0.217,0.226,2631,374,1531,2859,1997,2313,220,2361,48,0.874,29,0,25.670,4.730,-13.460,-4.640,-21.360,-0.079,0.028,1.018,2.728,-3.864,-1.352,0.206,0.012,1.529,0.865,3,NULL,NULL,,0,0,0,7,255,0,250,0,0
baseline,9472,9472,0,204351.817,0.914,-0.258,-0.217,0.226,2589,390,1589,2841,2030,2323,269,2377,48,0.874,29,0,26.030,5.055,-17.800,-3.840,-18.600,-0.086,-0.006,1.003,2.728,-4.256,-1.620,0.234,0.012,1.529,0.865,3,NULL,NULL,,0,0,0,7,255,0,250,0,0
baseline,9472,9472,0,204356.817,0.914,-0.257,-0.217,0.227,2549,407,1643,2820,2066,2328,318,2396,48,0.874,29,0,24.833,4.996,-18.580,-5.240,-15.620,-0.106,0.019,0.987,2.616,-4.256,-1.732,0.258,0.014,1.529,0.865,3,NULL,NULL,,0,0,0,7,255,0,250,0,0
baseline,9487,9487,0,204361.817,0.914,-0.255,-0.217,0.228,2511,428,1691,2795,2089,2333,355,2411,48,0.874,29,0,26.620,4.793,-18.780,-4.820,-18.240,-0.119,0.049,0.985,2.560,-4.052,-1.732,0.286,0.016,1.529,0.865,3,NULL,NULL,,0,0,0,7,255,0,250,0,0
baseline,9487,9487,0,204366.816,0.915,-0.254,-0.216,0.228,2476,443,1741,2777,2121,2341,397,2424,48,0.874,29,0,27.043,4.527,-16.200,-5.360,-20.980,-0.112,0.053,0.979,2.560,-3.734,-1.660,0.310,0.016,1.529,0.865,3,NULL,NULL,,0,0,0,7,255,0,250,0,0
baseline,9504,9504,0,204371.817,0.915,-0.253,-0.216,0.229,2431,460,1784,2748,2143,2341,437,2438,48,0.874,29,0,25.081,4.559,-13.040,-5.600,-20.680,-0.075,0.040,0.993,2.616,-3.734,-1.660,0.336,0.018,1.529,0.865,3,NULL,NULL,,0,0,0,7,255,0,250,0,0
baseline,9504,9504,0,204376.817,0.915,-0.252,-0.216,0.230,2391,477,1831,2727,2173,2350,487,2456,48,0.874,29,0,26.901,4.673,-16.880,-5.540,-20.200,-0.131,0.097,1.048,2.888,-3.674,-1.660,0.362,0.018,1.529,0.865,3,NULL,NULL,,0,0,0,7,255,0,250,0,0
baseline,9504,9504,0,204381.817,0.915,-0.250,-0.215,0.231,2335,488,1880,2699,2206,2355,529,2473,48,0.874,29,0,34.903,4.684,-24.380,-6.100,-24.220,-0.123,0.078,1.051,2.888,-3.688,-0.920,0.388,0.020,1.529,0.865,3,NULL,NULL,,0,0,0,7,255,0,250,0,0
baseline,9504,9504,0,204386.817,0.916,-0.248,-0.215,0.232,2260,503,1929,2669,2230,2357,555,2487,48,0.874,29,0,37.402,4.674,-28.480,-6.700,-23.300,-0.091,0.014,1.024,2.872,-3.688,-0.920,0.414,0.022,1.529,0.865,3,NULL,NULL,,0,0,0,7,255,0,250,0,0
baseline,9552,9552,0,204391.817,0.916,-0.247,-0.215,0.232,2215,525,1979,2642,2262,2363,603,2504,48,0.874,29,0,36.004,4.778,-28.600,-6.760,-20.800,-0.104,0.028,1.013,2.734,-3.918,-1.428,0.440,0.024,1.529,0.865,3,NULL,NULL,,0,0,0,7,255,0,250,0,0
baseline,9552,9552,0,204396.816,0.916,-0.245,-0.215,0.233,2169,525,2023,2599,2287,2364,665,2517,48,0.874,29,0,35.756,4.778,-27.740,-6.900,-21.480,-0.099,0.063,0.998,2.734,-3.918,-1.450,0.464,0.024,1.529,0.865,3,NULL,NULL,,0,0,0,7,255,0,250,0,0
baseline,9552,9552,0,204401.817,0.917,-0.243,-0.214,0.234,2119,535,2071,2569,2317,2377,701,2533,48,0.874,29,0,34.067,4.576,-24.700,-6.580,-22.520,-0.088,0.054,0.990,2.830,-3.596,-1.472,0.492,0.026,1.529,0.865,3,NULL,NULL,,0,0,0,7,255,0,250,0,0
baseline,9552,9552,0,204406.817,0.917,-0.242,-0.214,0.235,2025,547,2133,2533,2347,2376,745,2541,48,0.874,29,0,32.645,4.576,-22.980,-7.260,-22.020,-0.095,0.032,1.002,2.830,-3.596,-1.506,0.518,0.028,1.529,0.865,3,NULL,NULL,,0,0,0,7,255,0,250,0,0
baseline,9552,9552,0,204411.817,0.917,-0.240,-0.214,0.235,1963,573,2175,2489,2387,2377,805,2567,48,0.874,29,0,32.297,4.664,-23.420,-7.380,-20.980,-0.084,-0.023,1.009,2.732,-3.780,-1.594,0.544,0.030,1.529,0.865,3,NULL,NULL,,0,0,0,7,255,0,250,0,0
baseline,9552,9552,0,204416.816,0.918,-0.238,-0.213,0.236,1902,593,2215,2443,2413,2380,843,2581,48,0.874,29,0,31.897,4.973,-25.180,-8.540,-17.620,-0.091,-0.024,1.021,2.566,-4.260,-1.506,0.570,0.034,1.529,0.865,3,NULL,NULL,,0,0,0,7,255,0,250,0,0
baseline,9568,9568,0,204421.817,0.918,-0.237,-0.213,0.237,1851,606,2249,2403,2441,2381,883,2591,48,0.874,29,0,34.404,4.973,-28.040,-8.180,-18.180,-0.101,0.006,1.019,2.566,-4.260,-1.474,0.598,0.036,1.529,0.865,3,NULL,NULL,,0,0,0,7,255,0,250,0,0
baseline,9568,9568,0,204426.816,0.918,-0.235,-0.213,0.237,1785,611,2291,2355,2470,2381,941,2611,48,0.874,29,0,34.744,4.730,-28.120,-8.780,-18.420,-0.096,0.016,0.995,2.614,-3.942,-1.474,0.622,0.036,1.529,0.865,3,NULL,NULL,,0,0,0,7,255,0,250,0,0
baseline,9568,9568,0,204431.817,0.919,-0.233,-0.212,0.238,1707,607,2333,2301,2501,2387,999,2621,48,0.874,29,0,32.735,4.572,-25.420,-9.280,-18.420,-0.094,0.017,0.992,2.622,-3.746,-1.544,0.648,0.038,1.529,0.865,3,NULL,NULL,,0,0,0,7,255,0,250,0,0
baseline,9568,9568,0,204436.817,0.919,-0.232,-0.212,0.238,1631,611,2380,2239,2525,2387,1019,2637,48,0.874,29,0,30.367,4.572,-22.620,-9.640,-17.820,-0.097,0.001,1.001,2.622,-3.746,-1.544,0.674,0.040,1.529,0.865,3,NULL,NULL,,0,0,0,7,255,0,250,0,0
baseline,9568,9568,0,204441.817,0.919,-0.230,-0.211,0.239,1524,603,2414,2187,2547,2386,1048,2651,48,0.874,29,0,31.332,4.651,-23.960,-10.860,-17.020,-0.102,0.004,1.037,2.636,-3.832,-1.496,0.700,0.042,1.529,0.865,3,NULL,NULL,,0,0,0,7,255,0,250,0,0
baseline,9568,9568,0,204446.817,0.920,-0.228,-0.211,0.240,1425,609,2452,2131,2573,2386,1108,2663,48,0.874,29,0,34.884,4.719,-27.320,-10.500,-18.980,-0.097,0.000,1.034,2.648,-3.906,-1.194,0.726,0.044,1.529,0.865,3,NULL,NULL,,0,0,0,7,255,0,250,0,0
baseline,9584,9584,0,204451.817,0.920,-0.226,-0.210,0.240,1333,605,2487,2065,2591,2380,1166,2675,48,0.874,29,0,35.843,4.723,-27.620,-11.040,-20.000,-0.075,-0.005,1.003,2.656,-3.906,-1.194,0.752,0.046,1.529,0.865,3,NULL,NULL,,0,0,0,7,255,0,250,0,0
baseline,9584,9584,0,204456.818,0.921,-0.225,-0.210,0.241,1246,581,2515,1967,2575,2377,1208,2686,48,0.874,29,0,33.819,4.723,-26.100,-11.100,-18.420,-0.068,-0.026,1.002,2.656,-3.906,-1.554,0.776,0.048,1.529,0.865,3,NULL,NULL,,0,0,0,7,255,0,250,0,0
baseline,9584,9584,0,204461.817,0.921,-0.223,-0.209,0.241,1111,553,2541,1875,2639,2367,1251,2701,48,0.874,29,0,28.844,4.717,-22.260,-13.480,-12.440,-0.059,0.009,1.006,2.706,-3.864,-1.554,0.804,0.048,1.529,0.865,3,NULL,NULL,,0,0,0,7,255,0,250,0,0
baseline,9584,9584,0,204466.816,0.921,-0.222,-0.208,0.242,1017,533,2569,1771,2655,2363,1310,2715,48,0.874,29,0,27.179,4.643,-21.160,-13.300,-10.680,-0.091,0.022,1.009,2.724,-3.760,-1.542,0.828,0.050,1.529,0.865,3,NULL,NULL,,0,0,0,7,255,0,250,0,0
baseline,9599,9599,0,204471.817,0.922,-0.220,-0.208,0.242,917,517,2595,1659,2675,2360,1353,2730,48,0.874,29,0,26.098,4.449,-18.580,-15.320,-10.060,-0.102,0.031,1.019,2.724,-3.518,-1.332,0.854,0.050,1.529,0.865,3,NULL,NULL,,0,0,0,7,255,0,250,0,0
baseline,9599,9599,0,204476.817,0.922,-0.219,-0.207,0.243,807,493,2616,1567,2695,2347,1391,2742,48,0.874,29,0,28.755,4.449,-20.180,-16.040,-12.740,-0.077,0.028,1.058,2.724,-3.518,-1.170,0.878,0.052,1.529,0.865,3,NULL,NULL,,0,0,0,7,255,0,250,0,0
baseline,9619,9619,0,204481.817,0.923,-0.217,-0.206,0.243,701,441,2637,1439,2714,2341,1431,2762,48,0.874,29,0,33.045,4.726,-25.660,-16.960,-12.080,-0.035,0.020,1.042,2.994,-3.656,-1.170,0.904,0.054,1.529,0.865,3,NULL,NULL,,0,0,0,7,255,0,250,0,0
baseline,9619,9619,0,204486.816,0.923,-0.216,-0.205,0.243,558,411,2661,1301,2729,2330,1483,2767,48,0.874,29,0,31.068,4.876,-24.580,-17.640,-7.060,-0.018,0.039,1.005,3.226,-3.656,-1.274,0.926,0.054,1.529,0.865,3,NULL,NULL,,0,0,0,7,255,0,250,0,0
baseline,9619,9619,0,204491.817,0.924,-0.215,-0.204,0.243,437,338,2678,1195,2747,2312,1530,2776,48,0.874,29,0,27.598,4.850,-19.440,-19.520,-1.640,-0.037,0.078,1.001,3.340,-3.516,-1.456,0.952,0.056,1.529,0.865,3,NULL,NULL,,0,0,0,7,255,0,250,0,0
baseline,9619,9619,0,204496.817,0.924,-0.213,-0.203,0.243,350,295,2699,1035,2774,2294,1588,2795,48,0.874,29,0,27.181,4.558,-17.680,-20.500,-2.440,-0.043,0.130,1.049,3.358,-3.082,-1.456,0.976,0.056,1.529,0.865,3,NULL,NULL,,0,0,0,7,255,0,250,0,0
baseline,9655,9655,0,204501.817,0.925,-0.212,-0.202,0.244,231,231,2719,827,2791,2266,1635,2804,48,0.874,29,0,32.778,4.551,-23.840,-20.860,-8.420,-0.059,0.113,1.063,3.520,-2.884,-0.908,1.002,0.056,1.529,0.865,3,NULL,NULL,,0,0,0,7,255,0,250,0,0
baseline,9655,9655,0,204506.817,0.925,-0.211,-0.201,0.243,160,183,2743,732,2811,2235,1682,2821,48,0.874,29,0,28.775,4.551,-12.420,-25.380,5.440,-0.143,0.010,1.126,3.520,-2.884,-0.740,1.026,0.058,1.529,0.865,3,NULL,NULL,,0,0,0,7,255,0,250,0,0
baseline,9656,9656,0,204511.817,0.926,-0.210,-0.199,0.243,115,159,2751,648,2833,2200,1727,2825,48,0.874,29,0,34.265,4.422,-6.800,-31.920,10.440,-0.235,-0.085,1.201,2.510,-3.640,-0.012,1.050,0.058,1.529,0.865,3,NULL,NULL,,0,0,0,7,255,0,250,0,0
baseline,9656,9656,0,204516.816,0.926,-0.210,-0.197,0.243,69,151,2787,599,2851,2138,1771,2841,48,0.874,29,0,37.786,4.595,4.840,-36.240,9.540,-0.347,-0.201,1.365,1.508,-4.340,0.870,1.074,0.060,1.529,0.865,3,NULL,NULL,,0,0,0,7,255,0,250,0,0
baseline,9657,9657,0,204521.817,0.927,-0.210,-0.195,0.242,42,91,2801,581,2859,2108,1813,2845,48,0.874,29,0,56.342,4.595,18.160,-47.720,23.820,-0.342,-0.006,1.465,1.508,-4.340,2.544,1.100,0.060,1.529,0.865,3,NULL,NULL,,0,0,0,7,255,0,250,0,0
baseline,9657,9657,0,204526.816,0.928,-0.207,-0.193,0.242,37,57,2821,551,2864,2091,1855,2845,48,0.874,29,0,69.679,4.586,-46.360,-52.000,1.360,-0.146,0.057,1.351,1.722,-4.250,2.544,1.124,0.060,1.529,0.865,3,NULL,NULL,,0,0,0,7,255,0,250,0,0
baseline,9665,9665,0,204531.818,0.929,-0.203,-0.191,0.242,24,36,2825,503,2892,2055,1901,2858,48,0.874,29,0,83.867,4.716,-68.020,-49.060,0.260,-0.058,-0.128,1.013,2.044,-4.250,2.104,1.150,0.060,1.529,0.865,3,NULL,NULL,,0,0,0,7,255,0,250,0,0
baseline,9665,9665,0,204536.817,0.931,-0.201,-0.189,0.241,22,0,2844,486,2903,2006,1949,2867,48,0.874,29,0,76.314,4.691,-40.320,-59.260,26.200,-0.045,-0.144,0.906,2.044,-4.222,-1.498,1.172,0.060,1.529,0.865,3,NULL,NULL,,0,0,0,7,255,0,250,0,0
baseline,9665,9665,0,204541.817,0.932,-0.200,-0.186,0.240,9,0,2857,403,2921,1951,1981,2869,48,0.874,29,0,69.701,4.567,-12.120,-60.240,32.900,-0.154,-0.142,0.929,1.742,-4.222,-1.800,1.196,0.060,1.529,0.865,3,NULL,NULL,,0,0,0,7,255,0,250,0,0
baseline,9665,9665,0,204546.817,0.933,-0.199,-0.183,0.239,0,0,2868,347,2935,1895,2019,2875,48,0.874,29,0,69.331,3.949,6.200,-64.500,24.660,-0.241,-0.140,1.029,0.898,-3.846,-1.800,1.220,0.058,1.529,0.865,3,NULL,NULL,,0,0,0,7,255,0,250,0,0
baseline,9682,9682,0,204551.817,0.933,-0.199,-0.180,0.239,0,0,2879,315,2949,1855,2041,2888,48,0.874,29,0,72.313,3.936,15.460,-68.720,16.360,-0.237,-0.116,1.145,0.836,-3.846,-0.556,1.244,0.056,1.529,0.865,3,NULL,NULL,,0,0,0,7,255,0,250,0,0
baseline,9682,9682,0,204556.816,0.934,-0.198,-0.177,0.239,0,0,2892,261,2957,1812,2076,2891,48,0.874,29,0,74.715,4.118,9.240,-73.420,10.320,-0.150,-0.116,1.203,0.836,-4.032,0.498,1.266,0.054,1.529,0.865,3,NULL,NULL,,0,0,0,7,255,0,250,0,0
baseline,9682,9682,0,204561.817,0.935,-0.197,-0.173,0.239,0,0,2899,168,2965,1745,2104,2895,48,0.874,29,0,78.170,4.797,0.880,-77.260,11.860,-0.066,-0.097,1.166,1.624,-4.514,0.498,1.292,0.052,1.529,0.865,3,NULL,NULL,,0,0,0,7,255,0,250,0,0
baseline,9682,9682,0,204566.817,0.936,-0.196,-0.169,0.238,0,0,2901,108,2975,1673,2137,2899,48,0.874,29,0,83.843,5.036,-1.560,-81.040,21.440,-0.055,-0.055,1.129,2.232,-4.514,0.088,1.316,0.050,1.529,0.865,3,NULL,NULL,,0,0,0,7,255,0,250,0,0
baseline,9717,9717,0,204571.817,0.937,-0.195,-0.165,0.237,0,0,2899,59,2976,1595,2166,2898,48,0.874,29,0,89.648,4.617,2.780,-84.720,29.180,-0.095,-0.007,1.129,2.232,-4.042,0.088,1.342,0.050,1.529,0.865,3,NULL,NULL,,0,0,0,7,255,0,250,0,0
baseline,9717,9717,0,204576.816,0.938,-0.195,-0.161,0.237,0,0,2892,3,2995,1519,2191,2905,48,0.874,29,0,92.109,4.081,8.200,-87.760,26.740,-0.123,0.028,1.140,2.184,-3.448,0.104,1.366,0.050,1.529,0.865,3,NULL,NULL,,0,0,0,7,255,0,250,0,0
baseline,9717,9717,0,204581.817,0.939,-0.194,-0.157,0.236,0,0,2901,0,2999,1429,2213,2903,48,0.874,29,0,93.209,3.717,11.260,-90.140,20.880,-0.121,0.037,1.174,2.110,-3.060,0.394,1.390,0.050,1.529,0.865,3,NULL,NULL,,0,0,0,7,255,0,250,0,0
baseline,9717,9717,0,204586.817,0.940,-0.194,-0.152,0.236,0,0,2898,0,3001,1335,2248,2903,48,0.874,29,0,96.890,3.717,13.140,-94.360,17.640,-0.090,0.042,1.219,2.110,-3.060,0.736,1.414,0.050,1.529,0.865,3,NULL,NULL,,0,0,0,7,255,0,250,0,0
baseline,9717,9717,0,204591.817,0.941,-0.193,-0.148,0.236,0,0,2891,0,3006,1225,2271,2897,48,0.874,29,0,100.870,4.036,10.900,-98.440,19.120,-0.070,0.044,1.269,2.398,-3.246,1.062,1.436,0.052,1.529,0.865,3,NULL,NULL,,0,0,0,7,255,0,250,0,0
baseline,9717,9717,0,204596.817,0.942,-0.192,-0.143,0.235,0,0,2887,0,3016,1112,2296,2893,48,0.874,29,0,108.155,4.144,5.580,-105.040,25.160,-0.073,0.064,1.284,2.568,-3.252,1.480,1.458,0.052,1.529,0.865,3,NULL,NULL,,0,0,0,7,255,0,250,0,0
baseline,9751,9751,0,204601.817,0.943,-0.191,-0.138,0.234,0,0,2875,0,3016,975,2321,2887,48,0.874,29,0,115.278,4.152,0.340,-111.880,27.780,-0.084,0.104,1.316,2.582,-3.252,1.702,1.482,0.054,1.529,0.865,3,NULL,NULL,,0,0,0,7,255,0,250,0,0
baseline,9751,9751,0,204606.817,0.944,-0.190,-0.133,0.233,0,0,2869,0,3019,868,2341,2876,48,0.874,29,0,123.487,3.881,3.140,-118.280,35.340,-0.099,0.108,1.311,2.568,-2.910,2.140,1.502,0.056,1.529,0.865,3,NULL,NULL,,0,0,0,7,255,0,250,0,0
baseline,9751,9751,0,204611.817,0.946,-0.189,-0.127,0.232,0,0,2852,0,3019,759,2360,2861,48,0.874,29,0,132.569,3.731,-0.160,-126.160,40.720,-0.092,0.105,1.359,2.370,-2.882,2.186,1.526,0.058,1.529,0.865,3,NULL,NULL,,0,0,0,7,255,0,250,0,0
baseline,9751,9751,0,204616.816,0.947,-0.187,-0.121,0.231,0,0,2839,0,3028,665,2377,2851,48,0.874,29,0,140.155,3.626,-3.700,-132.560,45.360,-0.109,0.134,1.376,2.368,-2.746,2.638,1.548,0.060,1.529,0.865,3,NULL,NULL,,0,0,0,7,255,0,250,0,0
baseline,9752,9752,0,204621.817,0.949,-0.186,-0.115,0.229,0,0,2824,0,3029,581,2406,2825,48,0.874,29,0,151.170,3.387,-13.520,-142.320,49.140,-0.137,0.145,1.379,2.234,-2.546,2.936,1.572,0.062,1.529,0.865,3,NULL,NULL,,0,0,0,7,255,0,250,0,0
baseline,9752,9752,0,204626.816,0.950,-0.184,-0.108,0.227,0,0,2810,0,3031,500,2424,2807,48,0.874,29,0,157.051,3.177,-6.740,-149.720,46.940,-0.194,0.099,1.450,1.900,-2.546,3.098,1.594,0.066,1.529,0.865,3,NULL,NULL,,0,0,0,7,255,0,250,0,0
baseline,9766,9766,0,204631.817,0.952,-0.182,-0.101,0.226,0,0,2792,0,3027,398,2431,2775,48,0.874,29,0,169.354,2.796,-6.500,-162.100,48.600,-0.230,0.075,1.534,1.146,-2.550,3.848,1.618,0.068,1.529,0.865,3,NULL,NULL,,0,0,0,7,255,0,250,0,0
baseline,9766,9766,0,204636.818,0.953,-0.180,-0.094,0.225,0,0,2763,0,3021,349,2453,2739,48,0.874,29,0,177.837,2.645,-14.500,-172.000,42.800,-0.270,0.181,1.639,0.704,-2.550,4.702,1.640,0.068,1.529,0.865,3,NULL,NULL,,0,0,0,7,255,0,250,0,0
baseline,9766,9766,0,204641.817,0.954,-0.177,-0.086,0.224,0,0,2741,0,3015,285,2463,2697,48,0.874,29,0,184.270,1.974,-19.020,-180.600,31.260,-0.321,0.246,1.729,0.654,-1.862,6.002,1.662,0.070,1.529,0.865,3,NULL,NULL,,0,0,0,7,255,0,250,0,0
baseline,9766,9766,0,204646.817,0.956,-0.175,-0.078,0.224,0,0,2708,0,3003,230,2471,2654,48,0.874,29,0,198.037,1.280,-18.900,-196.280,18.320,-0.342,0.267,1.833,0.416,-1.210,7.110,1.684,0.072,1.529,0.865,3,NULL,NULL,,0,0,0,7,255,0,250,0,0
baseline,9778,9778,0,204651.817,0.957,-0.172,-0.069,0.224,0,0,2669,0,2989,206,2475,2606,48,0.874,29,0,213.329,1.222,-27.860,-211.180,11.660,-0.349,0.164,1.917,0.168,-1.210,8.176,1.706,0.074,1.529,0.865,3,NULL,NULL,,0,0,0,7,255,0,250,0,0
baseline,9778,9778,0,204656.817,0.958,-0.168,-0.060,0.224,0,0,2607,0,2969,141,2479,2521,48,0.874,29,0,229.540,1.739,-39.040,-225.940,10.760,-0.354,0.210,2.071,-0.554,-1.648,8.800,1.728,0.074,1.529,0.865,3,NULL,NULL,,0,0,0,7,255,0,250,0,0
baseline,9792,9792,0,204661.817,0.959,-0.163,-0.051,0.224,0,0,2533,0,2940,93,2483,2445,48,0.874,29,0,242.271,1.739,-52.520,-236.440,5.740,-0.354,0.447,2.179,-0.554,-1.648,10.358,1.752,0.076,1.529,0.865,3,NULL,NULL,,0,0,0,7,255,0,250,0,0
baseline,9792,9792,0,204666.816,0.961,-0.158,-0.041,0.225,0,0,2447,0,2904,40,2475,2339,48,0.874,29,0,254.147,0.443,-68.700,-244.680,-1.700,-0.377,0.654,2.335,0.128,0.424,11.826,1.770,0.076,1.529,0.865,3,NULL,NULL,,0,0,0,7,255,0,250,0,0
baseline,9793,9793,0,204671.817,0.962,-0.153,-0.031,0.226,0,0,2347,0,2845,3,2469,2233,48,0.874,29,0,266.117,2.298,-75.360,-254.760,-15.380,-0.442,0.659,2.496,0.128,2.294,13.696,1.792,0.076,1.529,0.865,3,NULL,NULL,,0,0,0,7,255,0,250,0,0
baseline,9793,9793,0,204676.817,0.963,-0.146,-0.021,0.227,0,0,2176,0,2773,0,2445,2070,48,0.874,29,0,279.432,2.690,-93.720,-262.680,-17.260,-0.559,0.747,2.711,-0.386,2.662,15.282,1.810,0.076,1.529,0.865,3,NULL,NULL,,0,0,0,7,255,0,250,0,0
baseline,9808,9808,0,204681.817,0.963,-0.139,-0.011,0.229,0,0,2030,0,2664,0,2427,1883,48,0.874,29,0,292.266,4.223,-122.100,-263.900,-29.460,-0.681,0.818,2.841,-1.422,3.976,17.532,1.828,0.078,1.529,0.865,3,NULL,NULL,,0,0,0,7,255,0,250,0,0
baseline,9808,9808,0,204686.817,0.964,-0.128,-0.002,0.231,0,0,1901,0,2525,0,2397,1675,48,0.874,29,0,333.350,6.045,-183.940,-274.040,-46.800,-0.839,0.774,2.765,-2.598,5.458,17.934,1.844,0.082,1.529,0.865,3,NULL,NULL,,0,0,0,7,255,0,250,0,0
baseline,9840,9840,0,204691.817,0.965,-0.115,0.008,0.235,0,0,1753,0,2367,0,2340,1483,48,0.874,29,0,392.393,7.821,-249.980,-294.480,-69.020,-0.830,0.622,2.530,-4.486,6.406,17.934,1.858,0.086,1.529,0.865,3,NULL,NULL,,0,0,0,7,255,0,250,0,0
baseline,9840,9840,0,204696.816,0.965,-0.102,0.018,0.240,0,0,1563,0,2187,0,2240,1286,48,0.874,29,0,410.421,8.284,-247.540,-308.040,-110.820,-0.755,0.275,2.441,-5.252,6.406,15.202,1.872,0.092,1.529,0.865,3,NULL,NULL,,0,0,0,7,255,0,250,0,0
baseline,9840,9840,0,204701.817,0.965,-0.090,0.029,0.245,0,0,1339,0,1993,0,2119,1135,48,0.874,29,0,395.789,7.519,-206.340,-318.360,-112.780,-0.679,0.051,2.500,-6.370,3.994,13.954,1.886,0.098,1.529,0.865,3,NULL,NULL,,0,0,0,7,255,0,250,0,0
baseline,9840,9840,0,204706.817,0.965,-0.077,0.041,0.249,0,0,1065,0,1763,0,1966,970,48,0.874,29,0,407.557,7.394,-209.380,-337.280,-92.220,-0.554,-0.076,2.497,-6.980,2.440,13.740,1.898,0.104,1.529,0.865,3,NULL,NULL,,0,0,0,7,255,0,250,0,0
baseline,9840,9840,0,204711.817,0.964,-0.063,0.053,0.253,0,0,844,0,1528,0,1739,858,48,0.874,29,0,436.697,7.151,-253.580,-346.240,-80.740,-0.437,-0.104,2.106,-6.980,1.554,13.730,1.910,0.110,1.529,0.865,3,NULL,NULL,,0,0,0,7,255,0,250,0,0
baseline,9840,9840,0,204716.816,0.963,-0.048,0.064,0.257,0,0,591,0,1297,0,1461,749,48,0.874,29,0,454.727,6.262,-266.880,-357.960,-86.120,-0.265,-0.096,1.525,-6.068,1.546,9.844,1.918,0.116,1.529,0.865,3,NULL,NULL,,0,0,0,7,255,0,250,0,0
baseline,9872,9872,0,204721.817,0.962,-0.035,0.078,0.259,0,0,455,0,1019,0,1092,633,48,0.874,29,0,424.429,4.642,-191.980,-371.520,-72.500,-0.181,-0.339,1.126,-4.468,1.260,4.240,1.924,0.126,1.529,0.865,3,NULL,NULL,,0,0,0,7,255,0,250,0,0
baseline,9872,9872,0,204726.816,0.961,-0.026,0.093,0.260,0,0,275,0,791,0,739,557,48,0.874,29,0,411.715,4.335,-90.680,-400.320,-32.100,-0.015,-0.378,1.001,-4.208,-1.040,0.374,1.924,0.138,1.529,0.865,4,NULL,NULL,,0,0,0,7,255,0,250,0,0
baseline,9872,9872,0,204731.817,0.959,-0.021,0.111,0.258,0,0,150,0,541,0,373,399,48,0.874,29,0,439.141,4.261,6.740,-439.080,2.820,-0.070,-0.271,1.289,-4.132,-1.040,0.374,1.922,0.158,1.529,0.865,4,NULL,NULL,,0,0,0,7,255,0,250,0,0
baseline,9872,9872,0,204736.816,0.958,-0.018,0.131,0.254,0,0,69,0,299,0,9,277,48,0.874,29,0,473.307,4.145,44.280,-467.820,56.600,-0.314,-0.015,1.769,-4.132,-0.334,1.916,1.914,0.188,1.529,0.865,4,NULL,NULL,,0,0,0,7,255,0,250,0,0
baseline,9872,9872,0,204741.817,0.957,-0.012,0.149,0.247,0,0,6,0,93,0,0,167,48,0.874,29,0,482.360,7.411,0.820,-469.720,109.700,-0.542,0.162,1.959,-6.328,3.858,5.642,1.900,0.226,1.529,0.865,4,NULL,NULL,,0,0,0,7,255,0,250,0,0
baseline,9872,9872,0,204746.817,0.956,-0.003,0.167,0.240,0,0,0,0,0,0,0,114,48,0.874,29,0,498.197,10.886,-68.820,-472.720,141.420,-0.730,0.352,1.836,-8.344,6.992,5.642,1.880,0.270,1.529,0.865,4,NULL,NULL,,0,0,0,7,255,0,250,0,0
baseline,9889,9889,0,204751.817,0.955,0.008,0.184,0.231,0,0,0,0,0,0,0,39,48,0.874,29,0,535.679,13.276,-105.500,-490.600,187.440,-0.980,0.295,1.472,-9.162,9.608,4.158,1.854,0.326,1.529,0.865,4,NULL,NULL,,0,0,0,7,255,0,250,0,0
baseline,9889,9889,0,204756.818,0.954,0.020,0.202,0.220,0,0,0,0,0,0,0,0,48,0.874,29,0,588.257,14.408,-119.480,-521.180,245.240,-1.038,0.370,1.239,-10.590,9.770,-0.640,1.830,0.374,1.529,0.865,4,NULL,NULL,,0,0,0,7,255,0,250,0,0
baseline,9889,9889,0,204761.817,0.952,0.034,0.220,0.209,0,0,0,0,0,0,0,0,48,0.874,29,0,600.925,14.731,-180.820,-525.620,228.340,-0.627,0.977,0.960,-10.590,10.240,-3.660,1.810,0.420,1.529,0.865,4,NULL,NULL,,0,0,0,7,255,0,250,0,0
baseline,9889,9889,0,204766.816,0.948,0.048,0.236,0.206,0,0,0,0,0,0,0,0,48,0.874,29,0,517.778,12.645,-232.580,-454.640,85.460,-0.001,1.156,0.675,-3.914,12.024,-5.392,1.798,0.456,1.529,0.865,4,NULL,NULL,,0,0,0,7,255,0,250,0,0
baseline,9903,9903,0,204771.817,0.945,0.059,0.247,0.208,0,0,0,0,0,0,0,0,48,0.874,29,0,389.812,12.336,-234.480,-310.780,-19.700,0.242,0.598,0.432,2.756,12.024,-5.548,1.788,0.492,1.529,0.865,4,NULL,NULL,,0,0,0,7,255,0,250,0,0
baseline,9903,9903,0,204776.817,0.943,0.068,0.251,0.208,0,0,0,0,0,0,0,0,48,0.874,29,0,228.390,6.339,-179.420,-138.900,26.020,0.218,0.098,0.271,2.756,5.708,-6.048,1.780,0.520,1.529,0.865,4,NULL,NULL,,0,0,0,7,255,0,250,0,0
baseline,9920,9920,0,204781.817,0.943,0.073,0.250,0.205,0,0,0,0,0,0,0,0,48,0.874,29,0,146.308,1.608,-105.020,-39.540,93.880,-0.132,-0.018,0.206,1.230,1.036,-7.016,1.772,0.552,1.529,0.865,0,NULL,NULL,,0,0,0,7,255,0,250,0,0
baseline,9920,9920,0,204786.816,0.944,0.077,0.248,0.202,0,0,0,0,0,0,0,0,48,0.874,29,0,121.726,1.994,-70.720,-6.220,98.880,-0.420,0.195,0.468,-1.704,1.036,-8.814,1.760,0.588,1.529,0.865,0,NULL,NULL,,0,0,0,7,255,0,250,0,0
baseline,9920,9920,0,204791.817,0.946,0.080,0.243,0.200,0,0,0,0,0,0,0,0,48,0.874,29,0,131.847,6.182,-79.440,63.300,84.060,-0.558,0.422,0.783,-4.000,4.714,-8.814,1.738,0.632,1.529,0.865,0,NULL,NULL,,0,0,0,7,255,0,250,0,0
baseline,9920,9920,0,204796.817,0.947,0.083,0.236,0.201,0,0,0,0,0,0,0,0,48,0.874,29,0,175.295,8.677,-122.600,118.960,39.320,-0.411,0.460,0.677,-4.000,7.700,-7.348,1.710,0.684,1.529,0.865,0,NULL,NULL,,0,0,0,7,255,0,250,0,0
baseline,9952,9952,0,204801.817,0.948,0.086,0.228,0.203,0,0,0,0,0,0,0,0,48,0.874,29,0,195.729,9.326,-133.640,142.220,14.960,-0.781,0.289,0.546,-5.262,7.700,-7.348,1.676,0.744,1.529,0.865,0,NULL,NULL,,0,0,0,7,255,0,250,0,0
baseline,9952,9952,0,204806.817,0.950,0.089,0.218,0.204,0,0,0,0,0,0,0,0,48,0.874,29,0,211.973,7.939,-110.440,170.600,60.260,-0.477,0.142,0.217,-3.682,7.034,-9.900,1.636,0.808,1.529,0.865,0,NULL,NULL,,0,0,0,7,255,0,250,0,0
baseline,9952,9952,0,204811.817,0.953,0.091,0.207,0.203,0,0,0,0,0,0,0,0,48,0.874,29,0,229.168,6.909,-109.100,179.440,91.740,-0.608,0.367,0.182,-3.682,5.846,-10.880,1.590,0.880,1.529,0.865,0,NULL,NULL,,0,0,0,7,255,0,250,0,0
baseline,9952,9952,0,204816.816,0.955,0.091,0.196,0.203,0,0,0,0,0,0,0,0,48,0.874,29,0,223.233,6.081,-91.840,191.660,68.300,-0.644,0.327,-0.029,-3.614,4.890,-12.082,1.542,0.952,1.529,0.865,0,NULL,NULL,,0,0,0,7,255,0,250,0,0
baseline,9952,9952,0,204821.817,0.957,0.092,0.185,0.204,0,0,0,0,0,0,0,0,48,0.874,29,0,203.361,6.001,-76.760,182.260,47.380,-0.554,0.213,-0.140,-3.478,4.890,-13.868,1.490,1.030,1.529,0.865,0,NULL,NULL,,0,0,0,7,255,0,250,0,0
baseline,9952,9952,0,204826.816,0.959,0.092,0.175,0.204,0,0,0,0,0,0,0,0,48,0.874,29,0,192.802,4.423,-55.880,179.140,44.260,-0.403,0.122,-0.218,-2.994,3.256,-13.982,1.450,1.098,1.529,0.865,0,NULL,NULL,,0,0,0,7,255,0,250,0,0
baseline,9968,9968,0,204831.817,0.961,0.091,0.164,0.203,0,0,0,0,0,0,0,0,48,0.874,29,0,188.820,2.642,-33.300,177.800,54.140,-0.324,0.074,-0.274,-2.012,1.712,-14.036,1.422,1.152,1.529,0.865,0,NULL,NULL,,0,0,0,7,255,0,250,0,0
baseline,9968,9968,0,204836.817,0.963,0.090,0.154,0.202,0,0,0,0,0,0,0,0,48,0.874,29,0,184.974,1.929,-8.760,171.940,67.640,-0.333,0.052,-0.282,-1.730,0.854,-14.036,1.408,1.196,1.529,0.865,0,NULL,NULL,,0,0,0,7,255,0,250,0,0
baseline,9968,9968,0,204841.817,0.965,0.088,0.144,0.200,0,0,0,0,0,0,0,0,48,0.874,29,0,184.104,1.929,16.080,166.940,75.940,-0.401,0.054,-0.211,-1.730,0.854,-14.036,1.396,1.232,1.529,0.865,0,NULL,NULL,,0,0,0,7,255,0,250,0,0
baseline,9968,9968,0,204846.817,0.967,0.085,0.135,0.198,0,0,0,0,0,0,0,0,48,0.874,29,0,185.310,2.801,34.760,166.820,72.820,-0.474,0.071,-0.111,-2.528,1.206,-13.598,1.384,1.270,1.529,0.865,0,NULL,NULL,,0,0,0,7,255,0,250,0,0
baseline,9988,9988,0,204851.817,0.969,0.081,0.125,0.197,0,0,0,0,0,0,0,0,48,0.874,29,0,185.285,3.870,47.140,167.860,62.700,-0.502,0.074,-0.020,-3.348,1.942,-12.894,1.360,1.322,1.529,0.865,0,NULL,NULL,,0,0,0,7,255,0,250,0,0
baseline,9988,9988,0,204856.816,0.971,0.076,0.116,0.196,0,0,0,0,0,0,0,0,48,0.874,29,0,191.225,4.481,61.740,173.220,52.440,-0.498,0.086,0.103,-3.806,2.366,-12.062,1.328,1.376,1.529,0.865,0,NULL,NULL,,0,0,0,7,255,0,250,0,0
baseline,9988,9988,0,204861.817,0.972,0.071,0.108,0.195,0,0,0,0,0,0,0,0,48,0.874,29,0,198.051,4.866,71.320,179.200,45.000,-0.500,0.094,0.230,-3.958,2.830,-10.848,1.290,1.446,1.529,0.865,0,NULL,NULL,,0,0,0,7,255,0,250,0,0
baseline,9988,9988,0,204866.817,0.974,0.066,0.099,0.194,0,0,0,0,0,0,0,0,48,0.874,29,0,203.744,5.286,73.320,185.920,39.620,-0.517,0.083,0.373,-4.160,3.262,-9.596,1.258,1.502,1.529,0.865,0,NULL,NULL,,0,0,0,7,255,0,250,0,0
baseline,9999,9999,0,204871.817,0.975,0.061,0.090,0.194,0,0,0,0,0,0,0,0,48,0.874,29,0,211.472,5.801,69.600,197.080,32.180,-0.546,0.084,0.469,-4.552,3.596,-8.178,1.224,1.564,1.529,0.865,0,NULL,NULL,,0,0,0,7,255,0,250,0,0
baseline,9999,9999,0,204876.816,0.976,0.056,0.081,0.194,0,0,0,0,0,0,0,0,48,0.874,29,0,219.487,6.273,63.680,209.000,20.940,-0.565,0.091,0.519,-4.896,3.922,-7.220,1.200,1.614,1.529,0.865,0,NULL,NULL,,0,0,0,7,255,0,250,0,0
baseline,10015,10015,0,204881.817,0.977,0.051,0.071,0.195,0,0,0,0,0,0,0,0,48,0.874,29,0,229.340,6.486,59.900,221.260,7.280,-0.566,0.084,0.542,-5.030,4.094,-6.660,1.178,1.662,1.529,0.865,0,NULL,NULL,,0,0,0,7,255,0,250,0,0
baseline,10015,10015,0,204886.816,0.977,0.046,0.061,0.197,0,0,0,0,0,0,0,0,48,0.874,29,0,241.424,6.486,59.160,233.960,-6.940,-0.552,0.063,0.561,-5.030,4.094,-6.292,1.160,1.704,1.529,0.865,0,NULL,NULL,,0,0,0,7,255,0,250,0,0
baseline,10015,10015,0,204891.817,0.978,0.040,0.050,0.199,0,0,0,0,0,0,0,0,48,0.874,29,0,254.309,6.243,60.260,246.280,-19.700,-0.519,0.040,0.572,-4.910,3.856,-5.900,1.144,1.746,1.529,0.865,0,NULL,NULL,,0,0,0,7,255,0,250,0,0
baseline,10015,10015,0,204896.817,0.978,0.035,0.039,0.202,0,0,0,0,0,0,0,0,48,0.874,29,0,267.569,5.799,63.680,258.120,-30.200,-0.488,0.042,0.604,-4.616,3.510,-5.554,1.132,1.784,1.529,0.865,0,NULL,NULL,,0,0,0,7,255,0,250,0,0
baseline,10049,10049,0,204901.817,0.978,0.029,0.028,0.205,0,0,0,0,0,0,0,0,48,0.874,29,0,280.730,5.500,67.220,269.600,-40.080,-0.461,0.071,0.639,-4.234,3.510,-5.078,1.120,1.822,1.529,0.865,0,NULL,NULL,,0,0,0,7,255,0,250,0,0
baseline,10049,10049,0,204906.817,0.978,0.023,0.016,0.209,0,0,0,0,0,0,0,0,48,0.874,29,0,292.730,5.193,70.400,279.600,-50.580,-0.432,0.090,0.674,-3.760,3.582,-4.620,1.108,1.856,1.529,0.865,0,NULL,NULL,,0,0,0,7,255,0,250,0,0
baseline,10049,10049,0,204911.817,0.977,0.017,0.004,0.213,0,0,0,0,0,0,0,0,48,0.874,29,0,303.809,4.856,72.960,288.700,-60.240,-0.388,0.092,0.686,-3.278,3.582,-4.150,1.092,1.896,1.529,0.865,0,NULL,NULL,,0,0,0,7,255,0,250,0,0
baseline,10049,10049,0,204916.816,0.976,0.010,-0.008,0.217,0,0,0,0,0,0,0,0,48,0.874,29,0,312.523,4.358,78.460,294.860,-67.620,-0.344,0.082,0.686,-2.724,3.402,-3.888,1.074,1.938,1.529,0.865,0,NULL,NULL,,0,0,0,7,255,0,250,0,0
baseline,10050,10050,0,204921.817,0.975,0.004,-0.020,0.221,0,0,0,0,0,0,0,0,48,0.874,29,0,320.541,3.760,86.020,300.180,-72.380,-0.304,0.054,0.695,-2.216,3.038,-3.756,1.052,1.986,1.529,0.865,0,NULL,NULL,,0,0,0,7,255,0,250,0,0
baseline,10050,10050,0,204926.816,0.974,-0.004,-0.032,0.226,0,0,0,0,0,0,0,0,48,0.874,29,0,327.352,3.118,95.420,304.140,-74.520,-0.274,0.036,0.710,-1.808,2.540,-3.534,1.028,2.032,1.529,0.865,0,NULL,NULL,,0,0,0,7,255,0,250,0,0
baseline,10063,10063,0,204931.818,0.972,-0.011,-0.043,0.231,0,0,0,0,0,0,0,0,48,0.874,29,0,334.443,2.598,107.440,306.960,-78.000,-0.218,0.051,0.751,-1.450,2.156,-3.286,1.000,2.084,1.529,0.865,0,NULL,NULL,,0,0,0,7,255,0,250,0,0
baseline,10063,10063,0,204936.817,0.970,-0.020,-0.055,0.236,0,0,0,0,0,0,0,0,48,0.874,29,0,344.752,2.063,120.020,311.720,-85.320,-0.073,0.031,0.793,-0.692,1.944,-2.872,0.970,2.138,1.529,0.865,0,NULL,NULL,,0,0,0,7,255,0,250,0,0
baseline,10063,10063,0,204941.817,0.968,-0.028,-0.066,0.241,0,0,0,0,0,0,0,0,48,0.874,29,0,352.278,1.208,132.840,315.380,-83.600,0.067,-0.021,0.811,0.690,0.992,-2.514,0.942,2.190,1.529,0.865,0,NULL,NULL,,0,0,0,7,255,0,250,0,0
baseline,10063,10063,0,204946.817,0.966,-0.038,-0.077,0.245,0,0,0,0,0,0,0,0,48,0.874,29,0,352.615,1.848,149.380,310.000,-76.960,0.176,0.104,0.847,1.844,0.116,-2.458,0.912,2.242,1.529,0.865,0,NULL,NULL,,0,0,0,7,255,0,250,0,0
baseline,10079,10079,0,204951.817,0.963,-0.048,-0.087,0.249,0,0,0,0,0,0,0,0,48,0.874,29,0,352.182,3.538,164.700,304.320,-65.540,0.278,0.117,0.938,3.528,-0.260,-2.384,0.882,2.296,1.529,0.865,0,NULL,NULL,,0,0,0,7,255,0,250,0,0
baseline,10079,10079,0,204956.817,0.961,-0.058,-0.097,0.252,0,0,0,0,0,0,0,0,48,0.874,29,0,347.897,4.754,178.800,295.720,-40.160,0.363,0.064,1.095,4.730,-0.482,-1.736,0.856,2.344,1.529,0.865,0,NULL,NULL,,0,0,0,7,255,0,250,0,0
baseline,10095,10095,0,204961.817,0.959,-0.068,-0.107,0.254,0,0,0,0,0,0,0,0,48,0.874,29,0,339.067,5.603,177.460,288.460,-16.280,0.319,0.027,1.176,5.352,-1.658,-0.440,0.830,2.394,1.529,0.865,0,NULL,NULL,,0,0,0,7,255,0,250,0,0
baseline,10095,10095,0,204966.816,0.957,-0.079,-0.116,0.255,0,0,0,0,0,0,0,0,48,0.874,29,0,336.009,5.992,180.700,283.280,-1.460,0.321,0.046,1.386,5.608,-2.110,0.318,0.806,2.440,1.529,0.865,0,NULL,NULL,,0,0,0,7,255,0,250,0,0
baseline,10095,10095,0,204971.817,0.955,-0.089,-0.125,0.255,0,0,0,0,0,0,0,0,48,0.874,29,0,327.517,6.387,170.740,279.000,16.560,0.279,0.147,1.556,6.028,-2.110,2.182,0.786,2.484,1.529,0.865,0,NULL,NULL,,0,0,0,7,255,0,250,0,0
baseline,10095,10095,0,204976.817,0.952,-0.099,-0.135,0.255,0,0,0,0,0,0,0,0,48,0.874,29,0,319.168,6.689,156.280,277.420,21.980,0.194,0.119,1.661,6.294,-2.266,3.756,0.768,2.524,1.529,0.865,0,NULL,NULL,,0,0,0,7,255,0,250,0,0
baseline,10112,10112,0,204981.817,0.950,-0.107,-0.144,0.255,0,0,0,0,0,0,0,0,48,0.874,29,0,306.445,6.689,130.400,276.200,24.860,0.133,0.021,1.669,6.294,-2.266,4.840,0.754,2.562,1.529,0.865,0,NULL,NULL,,0,0,0,7,255,0,250,0,0
baseline,10112,10112,0,204986.817,0.948,-0.114,-0.154,0.254,0,0,0,0,0,0,0,0,48,0.874,29,0,297.873,6.406,110.380,275.220,28.260,0.105,0.023,1.582,5.570,-3.164,4.840,0.744,2.594,1.529,0.865,0,NULL,NULL,,0,0,0,7,255,0,250,0,0
baseline,10150,10150,0,204991.817,0.946,-0.122,-0.164,0.253,0,0,0,0,0,0,0,0,48,0.874,29,0,293.442,6.223,103.780,272.520,32.720,0.098,0.025,1.522,5.358,-3.166,4.058,0.740,2.624,1.529,0.865,0,NULL,NULL,,0,0,0,7,255,0,250,0,0
baseline,10150,10150,0,204996.816,0.943,-0.129,-0.173,0.252,0,0,0,0,0,0,0,0,48,0.874,29,0,291.365,6.266,102.140,270.640,34.860,0.091,-0.034,1.508,5.348,-3.266,3.390,0.738,2.648,1.529,0.865,0,NULL,NULL,,0,0,0,7,255,0,250,0,0
baseline,10150,10150,0,205001.817,0.941,-0.136,-0.183,0.251,0,0,0,0,0,0,0,0,48,0.874,29,0,289.152,6.528,99.580,269.120,35.600,0.084,-0.065,1.485,5.182,-3.970,3.114,0.740,2.670,1.529,0.865,0,NULL,NULL,,0,0,0,7,255,0,250,0,0
baseline,10150,10150,0,205006.817,0.938,-0.142,-0.192,0.250,0,0,0,0,0,0,0,0,48,0.874,29,0,287.264,6.745,101.160,266.480,35.720,0.072,-0.077,1.434,5.118,-4.394,2.754,0.748,2.688,1.529,0.865,0,NULL,NULL,,0,0,0,7,255,0,250,0,0
baseline,10150,10150,0,205011.818,0.935,-0.150,-0.201,0.249,0,0,0,0,0,0,0,0,48,0.874,29,0,289.559,6.757,111.540,265.080,33.700,0.058,-0.125,1.399,4.994,-4.552,2.184,0.760,2.700,1.529,0.865,0,NULL,NULL,,0,0,0,7,255,0,250,0,0
baseline,10150,10150,0,205016.816,0.932,-0.157,-0.210,0.248,0,0,0,0,0,0,0,0,48,0.874,29,0,294.822,6.914,126.980,264.340,30.340,0.037,-0.187,1.405,4.718,-5.054,1.736,0.776,2.710,1.529,0.865,0,NULL,NULL,,0,0,0,7,255,0,250,0,0
baseline,10178,10178,0,205021.817,0.929,-0.166,-0.219,0.248,0,0,0,0,0,0,0,0,48,0.874,29,0,302.404,7.396,144.500,264.480,24.860,0.012,-0.179,1.466,4.650,-5.752,1.736,0.796,2.716,1.529,0.865,0,NULL,NULL,,0,0,0,7,255,0,250,0,0
baseline,10178,10178,0,205026.816,0.925,-0.175,-0.228,0.248,0,0,0,0,0,0,0,0,48,0.874,29,0,311.342,7.612,161.520,265.700,15.760,-0.004,-0.125,1.565,4.650,-6.026,2.118,0.814,2.718,1.529,0.865,0,NULL,NULL,,0,0,0,7,255,0,250,0,0
baseline,10178,10178,0,205031.817,0.921,-0.184,-0.236,0.248,0,0,0,0,0,0,0,0,48,0.874,29,0,318.274,8.102,172.380,267.520,4.100,0.010,-0.125,1.671,5.298,-6.130,2.902,0.836,2.722,1.529,0.865,0,NULL,NULL,,0,0,0,7,255,0,250,0,0
baseline,10178,10178,0,205036.817,0.917,-0.194,-0.245,0.249,0,0,0,0,0,0,0,0,48,0.874,29,0,328.178,9.081,186.860,269.660,-8.220,0.061,-0.145,1.767,5.952,-6.858,3.504,0.858,2.724,1.529,0.865,0,NULL,NULL,,0,0,0,7,255,0,250,0,0
baseline,10178,10178,0,205041.817,0.912,-0.203,-0.253,0.251,0,0,0,0,0,0,0,0,48,0.874,29,0,331.753,10.393,196.860,266.060,-22.760,0.157,-0.171,1.910,6.734,-7.916,3.764,0.882,2.726,1.529,0.865,0,NULL,NULL,,0,0,0,7,255,0,250,0,0
baseline,10178,10178,0,205046.817,0.907,-0.213,-0.261,0.254,0,0,0,0,0,0,0,0,48,0.874,29,0,336.023,12.347,203.700,264.540,-37.900,0.321,-0.157,2.034,7.998,-9.406,3.882,0.902,2.726,1.529,0.865,0,NULL,NULL,,0,0,0,7,255,0,250,0,0
baseline,10178,10178,0,205051.817,0.901,-0.223,-0.268,0.256,0,0,0,0,0,0,0,0,48,0.874,29,0,338.767,14.612,208.520,262.280,-49.920,0.554,-0.132,2.125,9.868,-10.776,3.882,0.926,2.726,1.529,0.865,0,NULL,NULL,,0,0,0,7,255,0,250,0,0
baseline,10178,10178,0,205056.817,0.896,-0.233,-0.276,0.260,0,0,0,0,0,0,0,0,48,0.874,29,0,339.170,17.186,213.520,257.260,-57.120,0.825,-0.104,2.205,12.110,-12.194,2.940,0.948,2.726,1.529,0.865,0,NULL,NULL,,0,0,0,7,255,0,250,0,0
baseline,10192,10192,0,205061.817,0.890,-0.243,-0.283,0.263,0,0,0,0,0,0,0,0,48,0.874,29,0,337.651,19.964,212.240,256.360,-56.940,0.951,-0.090,2.263,14.544,-13.676,1.596,0.974,2.724,1.529,0.865,0,NULL,NULL,,0,0,0,7,255,0,250,0,0
baseline,10192,10192,0,205066.816,0.884,-0.253,-0.291,0.264,0,0,0,0,0,0,0,0,48,0.874,29,0,345.076,21.517,198.520,281.020,-26.360,1.105,-0.088,2.343,15.730,-14.682,0.812,0.996,2.724,1.529,0.865,0,NULL,NULL,,0,0,0,7,255,0,250,0,0
baseline,10192,10192,0,205071.817,0.879,-0.263,-0.296,0.266,0,0,0,0,0,0,0,0,48,0.874,29,0,301.981,23.436,215.420,211.620,-1.880,1.652,0.118,2.391,17.178,-15.942,-0.106,1.022,2.722,1.529,0.865,0,NULL,NULL,,0,0,0,7,255,0,250,0,0
baseline,10192,10192,0,205076.817,0.874,-0.271,-0.301,0.268,0,0,0,0,0,0,0,0,48,0.874,29,0,289.547,26.793,185.520,216.080,-52.240,1.513,0.007,2.487,20.942,-16.712,-2.436,1.046,2.720,1.529,0.865,0,NULL,NULL,,0,0,0,7,255,0,250,0,0
baseline,10210,10210,0,205081.817,0.869,-0.279,-0.306,0.269,0,0,0,0,0,0,0,0,48,0.874,29,0,266.421,27.587,170.680,203.920,-16.280,1.980,-0.327,2.226,20.942,-17.958,-3.212,1.074,2.716,1.529,0.865,0,NULL,NULL,,0,0,0,7,255,0,250,0,0
baseline,10210,10210,0,205086.816,0.866,-0.287,-0.310,0.269,0,0,0,0,0,0,0,0,48,0.874,29,0,243.787,28.283,163.540,178.220,30.400,1.913,-0.152,2.167,20.942,-19.010,-8.578,1.102,2.708,1.529,0.865,0,NULL,NULL,,0,0,0,7,255,0,250,0,0
baseline,10223,10223,0,205091.817,0.863,-0.295,-0.313,0.267,0,0,0,0,0,0,0,0,48,0.874,29,0,231.266,28.276,155.180,158.520,65.380,1.716,-0.104,2.205,20.932,-19.010,-8.578,1.138,2.698,1.529,0.865,0,NULL,NULL,,0,0,0,7,255,0,250,0,0
baseline,10223,10223,0,205096.817,0.860,-0.302,-0.315,0.265,0,0,0,0,0,0,0,0,48,0.874,29,0,217.264,27.382,141.080,151.560,65.800,1.538,-0.129,2.128,20.300,-18.376,-7.256,1.174,2.684,1.529,0.865,0,NULL,NULL,,0,0,0,7,255,0,250,0,0
baseline,10255,10255,0,205101.817,0.857,-0.308,-0.318,0.263,0,0,0,0,0,0,0,0,48,0.874,29,0,193.334,25.729,121.660,142.220,48.480,1.547,-0.248,1.976,18.648,-17.726,-7.256,1.222,2.664,1.529,0.865,0,NULL,NULL,,0,0,0,7,255,0,250,0,0
baseline,10255,10255,0,205106.817,0.855,-0.313,-0.320,0.262,0,0,0,0,0,0,0,0,48,0.874,29,0,180.765,24.770,113.860,134.100,41.580,1.679,-0.350,1.779,17.344,-17.684,-8.658,1.272,2.636,1.529,0.865,0,NULL,NULL,,0,0,0,7,255,0,250,0,0
baseline,10255,10255,0,205111.817,0.853,-0.318,-0.321,0.260,0,0,0,0,0,0,0,0,48,0.874,29,0,178.468,24.385,115.500,127.700,46.940,1.762,-0.458,1.677,16.746,-17.726,-11.330,1.334,2.600,1.529,0.865,0,NULL,NULL,,0,0,0,7,255,0,250,0,0
baseline,10255,10255,0,205116.816,0.851,-0.323,-0.322,0.259,0,0,0,0,0,0,0,0,48,0.874,29,0,176.479,24.220,115.200,124.640,48.360,1.790,-0.575,1.569,16.196,-18.008,-13.066,1.402,2.556,1.529,0.865,0,NULL,NULL,,0,0,0,7,255,0,250,0,0
baseline,10255,10255,0,205121.817,0.849,-0.328,-0.323,0.258,0,0,0,0,0,0,0,0,48,0.874,29,0,169.421,23.744,113.560,117.860,43.780,1.786,-0.692,1.466,15.214,-18.230,-14.498,1.486,2.498,1.529,0.865,0,NULL,NULL,,0,0,0,7,255,0,250,0,0
baseline,10255,10255,0,205126.816,0.848,-0.332,-0.324,0.257,0,0,0,0,0,0,0,0,48,0.874,29,0,159.352,23.123,109.960,108.160,40.040,1.799,-0.806,1.395,14.036,-18.376,-15.666,1.578,2.430,1.529,0.865,0,NULL,NULL,,0,0,0,7,255,0,250,0,0
baseline,10271,10271,0,205131.817,0.846,-0.337,-0.324,0.256,0,0,0,0,0,0,0,0,48,0.874,29,0,153.509,22.781,110.080,100.280,37.300,1.780,-0.890,1.298,13.120,-18.624,-16.730,1.684,2.348,1.529,0.865,0,NULL,NULL,,0,0,0,7,255,0,250,0,0
baseline,10271,10271,0,205136.817,0.845,-0.340,-0.325,0.255,0,0,0,0,0,0,0,0,48,0.874,29,0,145.356,22.255,108.800,90.880,32.120,1.757,-0.944,1.265,12.060,-18.704,-17.624,1.804,2.254,1.529,0.865,0,NULL,NULL,,0,0,0,7,255,0,250,0,0
baseline,10271,10271,0,205141.817,0.843,-0.344,-0.325,0.255,0,0,0,0,0,0,0,0,48,0.874,29,0,138.453,21.842,108.980,81.740,24.720,1.745,-0.958,1.229,11.412,-18.624,-17.988,1.930,2.152,1.529,0.865,0,NULL,NULL,,0,0,0,7,255,0,250,0,0
baseline,10271,10271,0,205146.817,0.842,-0.347,-0.324,0.256,0,0,0,0,0,0,0,0,48,0.874,29,0,128.731,21.567,104.640,73.240,16.060,1.762,-0.965,1.217,11.058,-18.516,-18.294,2.054,2.050,1.529,0.865,0,NULL,NULL,,0,0,0,7,255,0,250,0,0
baseline,10288,10288,0,205151.817,0.841,-0.350,-0.324,0.256,0,0,0,0,0,0,0,0,48,0.874,29,0,111.763,21.543,92.320,62.620,6.840,1.802,-1.000,1.197,11.012,-18.516,-18.618,2.192,1.936,1.529,0.865,0,NULL,NULL,,0,0,0,7,255,0,250,0,0
baseline,10288,10288,0,205156.816,0.840,-0.352,-0.323,0.257,0,0,0,0,0,0,0,0,48,0.874,29,0,93.298,21.547,78.020,51.160,0.260,1.842,-1.042,1.119,10.932,-18.568,-19.214,2.322,1.830,1.529,0.865,0,NULL,NULL,,0,0,0,7,255,0,250,0,0
baseline,10288,10288,0,205161.817,0.839,-0.353,-0.323,0.258,0,0,0,0,0,0,0,0,48,0.874,29,0,78.959,21.363,67.540,40.540,-5.420,1.860,-1.069,1.011,10.564,-18.568,-20.150,2.452,1.726,1.529,0.865,0,NULL,NULL,,0,0,0,7,255,0,250,0,0
baseline,10288,10288,0,205166.817,0.838,-0.361,-0.318,0.259,0,0,0,0,0,0,0,0,48,0.874,29,0,251.641,21.146,240.940,1.780,72.580,1.495,-1.505,2.347,10.118,-18.568,-20.150,2.574,1.628,1.529,0.865,0,NULL,NULL,,0,0,0,7,255,0,250,0,0
baseline,10304,10304,0,205171.817,0.834,-0.379,-0.306,0.260,0,0,0,0,0,0,0,0,48,0.874,29,0,501.775,30.985,468.160,-105.640,146.440,1.940,-0.374,4.525,10.118,-29.286,-12.384,2.698,1.530,1.529,0.865,0,NULL,NULL,,0,0,0,7,255,0,250,0,0
baseline,10304,10304,0,205176.816,0.836,-0.376,-0.301,0.263,0,0,0,12,0,0,0,0,48,0.874,29,0,124.350,42.089,-8.020,-121.140,-26.900,1.214,-1.228,4.627,17.168,-38.428,1.310,2.812,1.440,1.529,0.865,0,NULL,NULL,,0,0,0,7,255,0,250,0,0
baseline,10320,10320,0,205181.817,0.844,-0.360,-0.300,0.262,41,0,0,180,0,10,0,0,48,0.874,29,0,410.545,43.754,-382.780,-141.780,-43.880,1.822,-0.337,2.854,20.922,-38.428,1.310,2.928,1.350,1.529,0.865,0,NULL,NULL,,0,0,0,7,255,0,250,0,0
baseline,10320,10320,0,205186.816,0.856,-0.336,-0.296,0.258,181,0,0,373,0,94,0,0,48,0.874,29,0,577.650,31.765,-539.520,-202.640,-39.180,1.764,0.297,1.181,18.530,-25.800,-6.178,3.040,1.262,1.529,0.865,0,NULL,NULL,,0,0,0,7,255,0,250,0,0
baseline,10320,10320,0,205191.817,0.869,-0.314,-0.291,0.249,379,0,0,600,0,157,0,0,48,0.874,29,0,643.529,20.992,-589.080,-237.960,102.420,0.939,0.794,0.317,18.530,-9.864,-11.506,3.152,1.176,1.529,0.865,0,NULL,NULL,,0,0,0,7,255,0,250,0,0
baseline,10320,10320,0,205196.817,0.879,-0.303,-0.283,0.235,685,0,0,830,0,246,0,0,48,0.874,29,0,509.513,12.619,-371.920,-225.340,265.520,0.650,1.218,-0.519,12.522,1.560,-13.128,3.258,1.094,1.529,0.865,0,NULL,NULL,,0,0,0,7,255,0,250,0,0
baseline,10358,10358,0,205201.817,0.883,-0.305,-0.277,0.224,935,0,0,1067,0,397,0,0,48,0.874,29,0,356.249,9.515,13.080,-124.740,333.440,-0.072,-0.402,-0.361,9.386,1.560,-13.714,3.372,1.006,1.529,0.865,0,NULL,NULL,,0,0,0,7,255,0,250,0,0
baseline,10358,10358,0,205206.817,0.886,-0.309,-0.273,0.215,1261,0,0,1275,0,547,0,4,48,0.874,29,0,286.727,3.867,59.420,-61.400,273.700,-0.699,-1.564,0.002,-3.776,-0.832,-13.714,3.478,0.926,1.529,0.865,0,NULL,NULL,,0,0,0,7,255,0,250,0,0
baseline,10358,10358,0,205211.817,0.887,-0.313,-0.265,0.210,1533,0,0,1485,0,617,0,11,48,0.874,29,0,227.433,4.186,91.820,-120.600,169.560,-1.241,0.520,1.505,-3.776,-1.806,-11.572,3.590,0.840,1.529,0.865,0,NULL,NULL,,0,0,0,7,255,0,250,0,0
baseline,10358,10358,0,205216.816,0.888,-0.316,-0.261,0.209,1828,0,0,1743,0,723,0,28,48,0.874,29,0,104.094,2.141,50.020,-75.320,51.580,-0.469,3.701,1.810,-1.150,-1.806,9.402,3.696,0.758,1.529,0.865,0,NULL,NULL,,0,0,0,7,255,0,250,0,0
baseline,10358,10358,0,205221.817,0.890,-0.315,-0.258,0.207,2196,0,0,2118,0,793,0,29,48,0.874,29,0,86.546,11.922,-25.120,-61.760,55.180,-0.922,2.036,2.117,10.490,5.666,17.558,3.806,0.676,1.529,0.865,0,NULL,NULL,,0,0,0,7,255,0,250,0,0
baseline,10358,10358,0,205226.816,0.893,-0.311,-0.253,0.204,2419,0,0,2381,0,841,0,71,48,0.874,29,0,172.085,11.922,-84.380,-117.740,92.900,-2.161,-0.959,2.324,10.490,5.666,17.558,3.912,0.596,1.529,0.865,0,NULL,NULL,,0,0,0,7,255,0,250,0,0
baseline,10358,10358,0,205231.817,0.899,-0.294,-0.253,0.202,2557,0,0,2557,0,947,0,142,48,0.874,29,0,415.231,20.387,-399.700,-112.120,-9.260,-1.624,-1.533,1.443,-12.988,-15.714,14.924,4.040,0.500,1.529,0.865,0,NULL,NULL,,0,0,0,7,255,0,250,0,0
baseline,10358,10358,0,205236.817,0.903,-0.277,-0.255,0.206,2667,0,0,2713,0,988,0,239,48,0.874,29,0,392.490,20.387,-345.380,-95.580,-160.080,-1.171,-0.713,-0.038,-12.988,-15.714,4.076,4.188,0.384,1.529,0.865,0,NULL,NULL,,0,0,0,7,255,0,250,0,0
baseline,10368,10368,0,205241.817,0.904,-0.265,-0.256,0.216,2731,0,0,2805,0,1059,0,368,48,0.874,29,0,353.331,12.656,-193.020,-123.040,-269.160,-0.448,-0.330,-0.328,-12.360,-2.720,-6.360,4.358,0.260,1.529,0.865,0,NULL,NULL,,0,0,0,7,255,0,250,0,0
baseline,10368,10368,0,205246.817,0.904,-0.259,-0.252,0.229,2810,0,0,2887,0,1309,0,589,48,0.874,29,0,321.191,6.624,-29.760,-113.160,-299.120,0.665,-0.195,0.563,-6.040,-2.720,-10.064,4.520,0.164,1.529,0.865,0,NULL,NULL,,0,0,0,7,255,0,250,0,0
baseline,10384,10384,0,205251.817,0.900,-0.259,-0.252,0.245,2888,0,0,2963,52,1391,0,789,48,0.874,29,0,388.451,8.878,113.180,-18.420,-371.140,1.827,-0.331,1.717,6.390,-6.164,-10.064,4.666,0.128,1.529,0.865,0,NULL,NULL,,0,0,0,7,255,0,250,0,0
baseline,10384,10384,0,205256.817,0.896,-0.258,-0.254,0.256,2943,0,85,3015,279,1493,0,1029,48,0.874,29,0,267.494,22.263,68.880,74.780,-247.420,1.955,-1.096,1.674,14.688,-16.730,-10.064,4.768,0.150,1.529,0.865,1,1182.000,1182.000,,0,0,0,7,255,0,250,0,0
baseline,10400,10400,0,205261.817,0.896,-0.258,-0.254,0.256,2971,0,200,3063,435,1579,0,1129,48,0.874,29,0,52.482,22.263,19.060,48.780,-3.400,1.571,-0.475,1.263,14.688,-16.730,-10.452,4.852,0.188,1.529,0.865,1,NULL,NULL,,0,0,0,7,255,0,250,0,0
baseline,10400,10400,0,205266.816,0.899,-0.256,-0.252,0.250,2997,0,255,3095,559,1657,0,1223,48,0.874,29,0,144.987,20.426,-68.400,-21.720,125.980,0.423,-0.027,1.276,13.746,-15.108,-10.452,4.894,0.206,1.529,0.865,1,NULL,NULL,,0,0,0,7,255,0,250,0,0
baseline,10400,10400,0,205271.817,0.903,-0.251,-0.251,0.244,3017,0,314,3115,663,1711,0,1285,48,0.874,29,0,193.068,10.993,-140.360,-43.580,125.200,-0.454,-0.382,1.094,7.824,-7.722,-2.798,4.920,0.204,1.529,0.865,1,NULL,NULL,,0,0,0,7,255,0,250,0,0
baseline,10400,10400,0,205276.817,0.904,-0.245,-0.252,0.242,3037,10,393,3141,787,1727,0,1333,48,0.874,29,0,128.543,7.658,-119.780,-17.700,43.160,-0.744,-0.769,0.826,-1.168,-7.568,-1.536,4.922,0.182,1.529,0.865,1,NULL,NULL,,0,0,0,7,255,0,250,0,0
baseline,10422,10422,0,205281.817,0.905,-0.243,-0.253,0.242,3049,37,535,3151,867,1769,0,1369,48,0.874,30,0,46.507,9.156,-41.360,12.340,-17.320,-0.587,-0.663,0.333,-6.240,-6.700,-1.536,4.902,0.140,1.529,0.865,1,NULL,NULL,,0,0,0,7,255,0,250,0,0
baseline,10422,10422,0,205286.817,0.904,-0.243,-0.253,0.244,3064,75,647,3161,919,1787,0,1443,48,0.874,30,0,49.859,7.953,37.560,-17.260,-27.880,-0.151,-0.285,0.379,-6.240,-4.930,-5.950,4.874,0.088,1.529,0.865,1,NULL,NULL,,0,0,0,7,255,0,250,0,0
baseline,10448,10448,0,205291.817,0.904,-0.246,-0.250,0.245,3067,95,732,3171,983,1823,0,1511,48,0.874,30,0,78.848,3.625,76.940,-17.020,-2.740,0.037,0.185,0.983,-0.964,-3.494,-5.950,4.848,0.036,1.529,0.865,1,NULL,NULL,,0,0,0,7,255,0,250,0,0
baseline,10448,10448,0,205296.816,0.903,-0.248,-0.249,0.246,3081,137,779,3183,1023,1849,0,1580,48,0.874,30,0,64.281,6.141,64.060,-5.180,1.240,0.024,0.326,1.339,5.050,-3.494,-2.338,4.836,0.000,1.529,0.865,1,NULL,NULL,,0,0,0,7,255,0,250,0,0
baseline,10448,10448,0,205301.817,0.904,-0.248,-0.248,0.246,3090,149,815,3179,1071,1895,0,1640,48,0.874,30,0,12.102,6.843,11.200,-3.660,2.760,0.055,0.022,1.395,5.772,-3.676,0.430,0.000,0.000,1.529,0.865,1,NULL,NULL,,0,0,0,7,255,0,250,0,0
baseline,10448,10448,0,205306.817,0.905,-0.246,-0.248,0.245,3093,159,849,3189,1119,1929,0,1688,48,0.874,30,0,44.248,8.664,-37.760,-1.460,23.020,0.054,-0.355,1.085,5.772,-6.462,0.430,0.000,0.000,1.529,0.865,1,NULL,NULL,,0,0,0,7,255,0,250,0,0
baseline,10448,10448,0,205311.817,0.906,-0.244,-0.247,0.243,3101,160,883,3184,1145,1964,0,1735,48,0.874,30,0,56.623,7.012,-36.720,-2.320,43.040,-0.077,-0.375,0.722,2.722,-6.462,-2.854,0.000,0.000,1.529,0.865,1,NULL,NULL,,0,0,0,7,255,0,250,0,0
baseline,10448,10448,0,205316.816,0.906,-0.244,-0.247,0.241,3104,165,891,3203,1173,1971,0,1761,48,0.874,30,0,41.471,6.032,5.940,-4.640,40.780,-0.208,-0.145,0.656,0.342,-6.022,-4.316,0.000,0.000,1.529,0.865,1,NULL,NULL,,0,0,0,7,255,0,250,0,0
baseline,10464,10464,0,205321.817,0.906,-0.246,-0.246,0.241,3109,175,909,3188,1195,1991,0,1783,48,0.874,30,0,51.638,3.471,45.380,-4.080,24.300,-0.223,0.095,0.896,0.342,-3.454,-4.316,0.000,0.000,1.529,0.865,1,NULL,NULL,,0,0,0,7,255,0,250,0,0
baseline,10464,10464,0,205326.816,0.906,-0.248,-0.245,0.241,3127,191,915,3203,1225,2008,0,1807,48,0.874,30,0,49.685,3.724,48.540,-2.440,10.320,-0.159,0.242,1.183,2.236,-2.978,-1.788,0.000,0.000,1.529,0.865,1,NULL,NULL,,0,0,0,7,255,0,250,0,0
baseline,10464,10464,0,205331.817,0.906,-0.248,-0.244,0.241,3125,185,909,3197,1245,2015,0,1827,48,0.874,30,0,20.882,5.369,20.160,-0.840,5.380,-0.100,0.241,1.288,4.468,-2.978,0.482,0.000,0.000,1.529,0.865,1,NULL,NULL,,0,0,0,7,255,0,250,0,0
baseline,10464,10464,0,205336.816,0.906,-0.248,-0.243,0.240,3129,207,911,3194,1259,2023,0,1832,48,0.874,30,0,12.874,5.875,-9.800,2.760,7.880,-0.073,0.146,1.178,4.588,-3.670,0.482,0.000,0.000,1.529,0.865,1,NULL,NULL,,0,0,0,7,255,0,250,0,0
baseline,10464,10464,0,205341.817,0.907,-0.247,-0.243,0.240,3129,211,919,3194,1269,2021,0,1849,48,0.874,30,0,20.692,5.875,-17.180,2.580,11.240,-0.110,0.057,0.981,4.588,-3.670,-0.230,0.000,0.000,1.529,0.865,1,NULL,NULL,,0,0,0,7,255,0,250,0,0
baseline,10464,10464,0,205346.817,0.907,-0.247,-0.243,0.239,3132,227,921,3205,1291,2032,0,1869,48,0.874,30,0,7.963,4.833,-3.400,2.880,6.600,-0.164,0.076,0.934,3.156,-3.660,-1.790,0.000,0.000,1.529,0.865,1,NULL,NULL,,0,0,0,7,255,0,250,0,0
baseline,10479,10479,0,205351.817,0.907,-0.247,-0.242,0.240,3133,249,917,3199,1301,2037,0,1885,48,0.874,30,0,11.933,4.431,10.460,4.160,-3.960,-0.162,0.153,1.007,3.156,-3.110,-1.790,0.000,0.000,1.529,0.865,1,NULL,NULL,,0,0,0,7,255,0,250,0,0
baseline,10479,10479,0,205356.817,0.907,-0.247,-0.242,0.240,3132,265,933,3207,1300,2043,0,1894,48,0.874,30,0,16.296,4.506,10.340,6.480,-10.800,-0.108,0.211,1.114,3.330,-3.036,-1.082,0.000,0.000,1.529,0.865,1,NULL,NULL,,0,0,0,7,255,0,250,0,0
baseline,10495,10495,0,205361.817,0.907,-0.247,-0.242,0.240,3135,282,951,3209,1325,2055,0,1903,48,0.874,30,0,10.298,5.351,-1.380,6.720,-7.680,-0.083,0.193,1.138,4.406,-3.036,-0.380,0.000,0.000,1.529,0.865,1,NULL,NULL,,0,0,0,7,255,0,250,0,0
baseline,10495,10495,0,205366.816,0.907,-0.246,-0.242,0.240,3140,313,973,3213,1341,2057,0,1917,48,0.874,30,0,14.361,5.464,-12.660,6.420,-2.180,-0.132,0.160,1.088,4.406,-3.232,-0.380,0.000,0.000,1.529,0.865,1,NULL,NULL,,0,0,0,7,255,0,250,0,0
baseline,10495,10495,0,205371.817,0.908,-0.245,-0.242,0.240,3133,338,1015,3213,1358,2063,0,1928,48,0.874,30,0,16.540,5.042,-15.120,5.320,-4.080,-0.197,0.140,1.032,3.870,-3.232,-0.568,0.000,0.000,1.529,0.865,2,NULL,NULL,,0,0,0,7,255,0,250,0,0
baseline,10495,10495,0,205376.817,0.908,-0.244,-0.242,0.241,3127,351,1043,3208,1370,2069,0,1944,48,0.874,30,0,17.193,4.237,-9.320,5.200,-13.480,-0.215,0.158,1.012,3.082,-2.908,-0.720,0.000,0.000,1.529,0.865,2,NULL,NULL,,0,0,0,7,255,0,250,0,0
baseline,10512,10512,0,205381.817,0.908,-0.244,-0.242,0.241,3129,371,1079,3211,1389,2073,0,1955,48,0.874,30,0,23.588,4.159,-4.360,4.700,-22.700,-0.165,0.182,1.063,3.082,-2.792,-0.720,0.000,0.000,1.529,0.865,2,NULL,NULL,,0,0,0,7,255,0,250,0,0
baseline,10512,10512,0,205386.816,0.908,-0.243,-0.242,0.242,3121,397,1139,3205,1433,2076,0,1976,48,0.874,30,0,26.303,4.605,-7.000,5.080,-24.840,-0.105,0.170,1.087,3.662,-2.792,-0.684,0.000,0.000,1.529,0.865,2,NULL,NULL,,0,0,0,7,255,0,250,0,0
baseline,10527,10527,0,205391.817,0.908,-0.242,-0.242,0.243,3123,407,1171,3199,1465,2086,0,1983,48,0.874,30,0,26.050,5.032,-14.320,4.820,-21.220,-0.093,0.120,1.067,3.902,-3.178,-0.684,0.000,0.000,1.529,0.865,2,NULL,NULL,,0,0,0,7,255,0,250,0,0
baseline,10527,10527,0,205396.817,0.908,-0.241,-0.242,0.244,3113,422,1223,3208,1501,2089,0,2007,48,0.874,30,0,27.169,5.251,-18.720,5.020,-19.040,-0.116,0.026,1.015,3.902,-3.514,-1.018,0.000,0.000,1.529,0.865,2,NULL,NULL,,0,0,0,7,255,0,250,0,0
baseline,10544,10544,0,205401.817,0.908,-0.240,-0.242,0.244,3107,435,1244,3205,1528,2093,0,2011,48,0.874,30,0,26.556,4.995,-16.400,5.080,-20.260,-0.127,-0.056,0.962,3.076,-3.936,-1.524,0.000,0.000,1.529,0.865,2,NULL,NULL,,0,0,0,7,255,0,250,0,0
baseline,10544,10544,0,205406.817,0.908,-0.239,-0.242,0.245,3097,443,1273,3197,1551,2099,1,2018,48,0.874,30,0,23.264,4.918,-8.520,4.280,-21.220,-0.125,-0.084,0.939,2.386,-4.300,-2.058,0.000,0.000,1.529,0.865,2,NULL,NULL,,0,0,0,7,255,0,250,0,0
baseline,10545,10545,0,205411.817,0.908,-0.238,-0.242,0.246,3083,453,1300,3196,1567,2103,30,2021,48,0.874,30,0,21.591,4.918,-0.340,4.280,-21.160,-0.121,-0.044,0.959,2.386,-4.300,-2.074,0.000,0.000,1.529,0.865,2,NULL,NULL,,0,0,0,7,255,0,250,0,0
baseline,10545,10545,0,205416.816,0.908,-0.237,-0.242,0.247,3069,454,1320,3189,1591,2103,55,2029,48,0.874,30,0,21.309,4.873,4.000,4.220,-20.500,-0.117,-0.010,0.985,2.494,-4.186,-2.074,0.000,0.000,1.529,0.865,2,NULL,NULL,,0,0,0,7,255,0,250,0,0
baseline,10545,10545,0,205421.817,0.908,-0.237,-0.241,0.248,3055,455,1359,3175,1595,2105,87,2041,48,0.874,30,0,19.701,5.018,3.200,3.920,-19.040,-0.110,-0.017,1.001,2.782,-4.176,-1.806,0.000,0.000,1.529,0.865,2,NULL,NULL,,0,0,0,7,255,0,250,0,0
baseline,10545,10545,0,205426.816,0.908,-0.236,-0.241,0.249,3049,455,1372,3169,1617,2101,115,2041,48,0.874,30,0,17.117,5.018,0.700,3.600,-16.720,-0.113,-0.051,0.975,2.782,-4.176,-1.806,0.000,0.000,1.529,0.865,2,NULL,NULL,,0,0,0,7,255,0,250,0,0
baseline,10559,10559,0,205431.818,0.908,-0.236,-0.241,0.249,3029,457,1391,3175,1619,2102,135,2053,48,0.874,30,0,14.675,5.020,0.140,2.500,-14.460,-0.116,-0.092,0.948,2.560,-4.318,-1.992,0.000,0.000,1.529,0.865,2,NULL,NULL,,0,0,0,7,255,0,250,0,0
baseline,10559,10559,0,205436.817,0.908,-0.235,-0.241,0.250,3019,447,1415,3158,1627,2103,158,2058,48,0.874,30,0,12.910,4.997,3.740,1.540,-12.260,-0.114,-0.104,0.918,2.226,-4.474,-2.276,0.000,0.000,1.529,0.865,2,NULL,NULL,,0,0,0,7,255,0,250,0,0
baseline,10559,10559,0,205441.817,0.908,-0.235,-0.240,0.250,3003,441,1431,3148,1639,2104,181,2063,48,0.874,30,0,13.565,4.997,9.480,1.100,-9.640,-0.112,-0.074,0.933,2.226,-4.474,-2.370,0.000,0.000,1.529,0.865,2,NULL,NULL,,0,0,0,7,255,0,250,0,0
baseline,10559,10559,0,205446.817,0.908,-0.235,-0.240,0.251,2987,427,1435,3135,1650,2104,187,2069,48,0.874,30,0,15.590,4.864,13.520,1.480,-7.620,-0.117,-0.016,0.971,2.282,-4.296,-2.370,0.000,0.000,1.529,0.865,2,NULL,NULL,,0,0,0,7,255,0,250,0,0
baseline,10575,10575,0,205451.817,0.908,-0.235,-0.239,0.251,2971,421,1443,3127,1657,2103,189,2073,48,0.874,30,0,15.398,4.794,13.820,1.420,-6.640,-0.125,0.020,0.998,2.670,-3.982,-1.904,0.000,0.000,1.529,0.865,2,NULL,NULL,,0,0,0,7,255,0,250,0,0
baseline,10575,10575,0,205456.816,0.908,-0.235,-0.239,0.252,2957,419,1449,3112,1663,2103,199,2078,48,0.874,30,0,12.676,4.762,10.900,0.380,-6.460,-0.125,0.028,1.014,2.888,-3.786,-1.570,0.000,0.000,1.529,0.865,2,NULL,NULL,,0,0,0,7,255,0,250,0,0
baseline,10591,10591,0,205461.817,0.908,-0.235,-0.238,0.252,2939,420,1445,3099,1671,2103,199,2083,48,0.874,30,0,10.463,4.771,8.760,-0.120,-5.720,-0.118,0.021,0.993,2.904,-3.786,-1.570,0.000,0.000,1.529,0.865,2,NULL,NULL,,0,0,0,7,255,0,250,0,0
baseline,10591,10591,0,205466.817,0.908,-0.235,-0.238,0.252,2927,415,1447,3089,1675,2104,204,2089,48,0.874,30,0,10.083,4.763,8.580,-1.100,-5.180,-0.121,0.033,0.987,2.914,-3.768,-1.636,0.000,0.000,1.529,0.865,2,NULL,NULL,,0,0,0,7,255,0,250,0,0
baseline,10608,10608,0,205471.817,0.908,-0.235,-0.237,0.253,2911,412,1451,3078,1683,2103,211,2093,48,0.874,30,0,11.852,4.664,9.680,-1.040,-6.760,-0.114,0.047,0.989,2.914,-3.642,-1.636,0.000,0.000,1.529,0.865,2,NULL,NULL,,0,0,0,7,255,0,250,0,0
baseline,10608,10608,0,205476.816,0.908,-0.235,-0.237,0.253,2889,407,1459,3059,1691,2101,212,2095,48,0.874,30,0,12.639,4.740,10.640,0.120,-6.820,-0.080,0.045,0.990,3.034,-3.642,-1.642,0.000,0.000,1.529,0.865,2,NULL,NULL,,0,0,0,7,255,0,250,0,0
baseline,10608,10608,0,205481.817,0.908,-0.235,-0.236,0.253,2879,403,1457,3053,1694,2099,207,2107,48,0.874,30,0,10.396,4.935,10.040,0.320,-2.680,-0.071,0.031,0.995,3.272,-3.694,-1.794,0.000,0.000,1.529,0.865,2,NULL,NULL,,0,0,0,7,255,0,250,0,0
baseline,10608,10608,0,205486.816,0.908,-0.235,-0.236,0.253,2861,403,1461,3041,1703,2103,215,2109,48,0.874,30,0,8.878,5.046,8.520,-0.420,2.460,-0.095,0.017,0.985,3.272,-3.842,-1.808,0.000,0.000,1.529,0.865,2,NULL,NULL,,0,0,0,7,255,0,250,0,0
baseline,10624,10624,0,205491.818,0.908,-0.235,-0.235,0.253,2853,403,1471,3025,1711,2095,231,2123,48,0.874,30,0,10.083,4.861,8.880,-2.120,4.280,-0.135,0.041,0.985,2.978,-3.842,-1.808,0.000,0.000,1.529,0.865,2,NULL,NULL,,0,0,0,7,255,0,250,0,0
baseline,10624,10624,0,205496.817,0.908,-0.236,-0.234,0.253,2841,410,1483,3019,1725,2103,235,2133,48,0.874,30,0,11.378,4.552,11.080,-2.120,1.480,-0.156,0.091,0.989,2.896,-3.512,-1.542,0.000,0.000,1.529,0.865,2,NULL,NULL,,0,0,0,7,255,0,250,0,0
baseline,10655,10655,0,205501.817,0.909,-0.236,-0.234,0.254,2813,414,1501,3013,1738,2107,237,2135,48,0.874,30,0,12.961,4.209,12.600,-2.860,-1.020,-0.159,0.139,1.024,2.896,-3.054,-1.290,0.000,0.000,1.529,0.865,2,NULL,NULL,,0,0,0,7,255,0,250,0,0
baseline,10655,10655,0,205506.817,0.909,-0.236,-0.233,0.254,2795,421,1520,3000,1766,2117,275,2149,48,0.874,30,0,11.936,4.286,10.400,-3.600,-4.620,-0.171,0.177,1.069,3.230,-2.818,-0.884,0.000,0.000,1.529,0.865,2,NULL,NULL,,0,0,0,7,255,0,250,0,0
baseline,10655,10655,0,205511.817,0.909,-0.236,-0.232,0.254,2775,430,1555,2991,1785,2121,301,2155,48,0.897,30,0,11.221,4.424,3.820,-2.000,-10.360,-0.163,0.182,1.087,3.476,-2.736,-0.368,0.000,0.000,2.423,1.077,3,NULL,NULL,,0,0,0,7,255,0,250,0,0
baseline,10655,10655,0,205516.816,0.909,-0.235,-0.232,0.255,2751,444,1593,2983,1813,2125,315,2171,48,0.897,30,0,15.822,4.424,-4.620,-2.000,-15.000,-0.140,0.138,1.063,3.476,-2.736,-0.368,0.012,0.014,2.423,1.077,3,NULL,NULL,,0,0,0,7,255,0,250,0,0
baseline,10655,10655,0,205521.817,0.909,-0.234,-0.232,0.256,2733,453,1633,2969,1837,2134,356,2185,48,0.897,30,0,20.185,4.619,-11.080,-1.760,-16.780,-0.111,0.072,1.035,3.474,-3.044,-0.652,0.034,0.014,2.423,1.077,3,NULL,NULL,,0,0,0,7,255,0,250,0,0
baseline,10655,10655,0,205526.816,0.909,-0.233,-0.232,0.256,2712,471,1687,2959,1864,2139,389,2199,48,0.897,30,0,22.694,4.796,-14.860,-0.660,-17.140,-0.105,0.009,1.005,3.246,-3.530,-1.166,0.058,0.014,2.423,1.077,3,NULL,NULL,,0,0,0,7,255,0,250,0,0
baseline,10655,10655,0,205531.817,0.909,-0.232,-0.231,0.257,2696,489,1724,2943,1883,2147,425,2213,48,0.897,30,0,23.661,4.840,-16.520,-1.160,-16.900,-0.113,-0.025,0.978,2.860,-3.904,-1.560,0.082,0.014,2.423,1.077,3,NULL,NULL,,0,0,0,7,255,0,250,0,0
baseline,10655,10655,0,205536.817,0.909,-0.231,-0.231,0.257,2668,529,1765,2937,1909,2152,482,2227,48,0.897,30,0,23.977,4.668,-16.140,-1.340,-17.680,-0.122,-0.024,0.971,2.534,-3.920,-1.804,0.104,0.016,2.423,1.077,3,NULL,NULL,,0,0,0,7,255,0,250,0,0
baseline,10671,10671,0,205541.817,0.910,-0.229,-0.231,0.258,2648,542,1817,2931,1942,2159,505,2247,48,0.897,30,0,23.786,4.660,-15.360,-1.220,-18.120,-0.117,-0.014,0.964,2.520,-3.920,-1.806,0.130,0.016,2.423,1.077,3,NULL,NULL,,0,0,0,7,255,0,250,0,0
baseline,10671,10671,0,205546.817,0.910,-0.228,-0.231,0.259,2621,567,1861,2919,1965,2167,559,2263,48,0.897,30,0,22.459,4.575,-14.200,-2.200,-17.260,-0.109,-0.008,0.977,2.520,-3.818,-1.804,0.152,0.018,2.423,1.077,3,NULL,NULL,,0,0,0,7,255,0,250,0,0
baseline,10671,10671,0,205551.817,0.910,-0.227,-0.231,0.259,2603,575,1893,2907,2007,2175,585,2281,48,0.897,30,0,20.652,4.635,-13.340,-1.640,-15.680,-0.099,-0.025,0.975,2.628,-3.818,-1.858,0.176,0.018,2.423,1.077,3,NULL,NULL,,0,0,0,7,255,0,250,0,0
baseline,10671,10671,0,205556.817,0.910,-0.226,-0.230,0.260,2584,593,1931,2895,2031,2184,621,2297,48,0.897,30,0,17.414,4.726,-12.120,-3.840,-11.900,-0.110,-0.023,0.984,2.628,-3.928,-1.776,0.200,0.020,2.423,1.077,3,NULL,NULL,,0,0,0,7,255,0,250,0,0
baseline,10687,10687,0,205561.817,0.910,-0.225,-0.230,0.260,2543,602,1967,2879,2059,2195,659,2315,48,0.897,30,0,17.240,4.705,-11.560,-3.840,-12.200,-0.132,0.000,0.998,2.590,-3.928,-1.722,0.222,0.020,2.423,1.077,3,NULL,NULL,,0,0,0,7,255,0,250,0,0
baseline,10687,10687,0,205566.816,0.911,-0.224,-0.229,0.261,2517,628,1999,2863,2078,2199,687,2341,48,0.897,30,0,18.142,4.515,-11.440,-4.260,-13.420,-0.132,0.007,0.996,2.590,-3.698,-1.444,0.246,0.020,2.423,1.077,3,NULL,NULL,,0,0,0,7,255,0,250,0,0
baseline,10703,10703,0,205571.817,0.911,-0.223,-0.229,0.261,2485,631,2041,2840,2105,2204,709,2351,48,0.897,30,0,20.292,4.481,-12.600,-4.940,-15.120,-0.122,0.016,1.014,2.616,-3.638,-1.434,0.272,0.020,2.423,1.077,3,NULL,NULL,,0,0,0,7,255,0,250,0,0
baseline,10703,10703,0,205576.817,0.911,-0.222,-0.229,0.262,2451,652,2089,2829,2135,2214,756,2363,48,0.897,30,0,21.687,4.591,-14.320,-5.000,-15.500,-0.100,-0.005,1.006,2.800,-3.638,-1.434,0.294,0.020,2.423,1.077,3,NULL,NULL,,0,0,0,7,255,0,250,0,0
baseline,10703,10703,0,205581.817,0.911,-0.221,-0.228,0.262,2415,665,2116,2811,2155,2223,798,2376,48,0.897,30,0,20.608,4.754,-15.300,-5.860,-12.500,-0.083,-0.023,0.993,2.806,-3.838,-1.520,0.318,0.022,2.423,1.077,3,NULL,NULL,,0,0,0,7,255,0,250,0,0
baseline,10703,10703,0,205586.817,0.912,-0.220,-0.228,0.263,2367,685,2139,2786,2189,2233,823,2403,48,0.897,30,0,18.184,4.759,-14.260,-5.660,-9.760,-0.095,-0.021,0.983,2.806,-3.844,-1.734,0.342,0.022,2.423,1.077,3,NULL,NULL,,0,0,0,7,255,0,250,0,0
baseline,10751,10751,0,205591.817,0.912,-0.219,-0.227,0.263,2331,713,2184,2759,2215,2249,855,2419,48,0.897,30,0,15.542,4.696,-11.500,-6.460,-8.220,-0.105,-0.017,0.972,2.698,-3.844,-1.744,0.366,0.024,2.423,1.077,3,NULL,NULL,,0,0,0,7,255,0,250,0,0
baseline,10751,10751,0,205596.816,0.912,-0.218,-0.227,0.263,2281,723,2207,2731,2237,2248,879,2430,48,0.897,30,0,12.615,4.525,-7.120,-6.900,-7.800,-0.116,-0.009,0.978,2.600,-3.704,-1.744,0.388,0.024,2.423,1.077,3,NULL,NULL,,0,0,0,7,255,0,250,0,0
baseline,10751,10751,0,205601.817,0.912,-0.217,-0.226,0.264,2239,729,2238,2707,2251,2263,894,2447,48,0.897,30,0,12.164,4.446,-4.240,-7.620,-8.480,-0.135,0.012,1.002,2.600,-3.606,-1.640,0.412,0.026,2.423,1.077,3,NULL,NULL,,0,0,0,7,255,0,250,0,0
baseline,10751,10751,0,205606.817,0.912,-0.217,-0.226,0.264,2171,744,2275,2664,2281,2271,922,2463,48,0.897,30,0,14.018,4.335,-4.300,-8.480,-10.300,-0.146,0.023,1.033,2.620,-3.454,-1.296,0.434,0.026,2.423,1.077,3,NULL,NULL,,0,0,0,7,255,0,250,0,0
baseline,10751,10751,0,205611.818,0.913,-0.216,-0.225,0.265,2100,749,2303,2623,2313,2279,951,2485,48,0.897,30,0,17.322,4.379,-6.620,-9.340,-13.000,-0.140,0.024,1.042,2.692,-3.454,-0.964,0.460,0.026,2.423,1.077,3,NULL,NULL,,0,0,0,7,255,0,250,0,0
baseline,10751,10751,0,205616.816,0.913,-0.215,-0.224,0.265,2021,759,2339,2587,2343,2281,991,2501,48,0.897,30,0,19.699,4.429,-9.000,-10.240,-14.220,-0.123,0.031,1.043,2.762,-3.462,-0.952,0.482,0.028,2.423,1.077,3,NULL,NULL,,0,0,0,7,255,0,250,0,0
baseline,10767,10767,0,205621.817,0.913,-0.214,-0.224,0.266,1929,764,2375,2540,2377,2287,1051,2518,48,0.897,30,0,21.688,4.532,-11.880,-10.800,-14.580,-0.110,0.027,1.046,2.922,-3.464,-0.952,0.506,0.028,2.423,1.077,3,NULL,NULL,,0,0,0,7,255,0,250,0,0
baseline,10767,10767,0,205626.816,0.913,-0.213,-0.223,0.266,1840,775,2409,2485,2407,2293,1097,2531,48,0.897,30,0,23.934,4.637,-15.660,-11.520,-13.960,-0.094,0.013,1.044,3.002,-3.534,-0.990,0.528,0.030,2.423,1.077,3,NULL,NULL,,0,0,0,7,255,0,250,0,0
baseline,10767,10767,0,205631.819,0.914,-0.211,-0.222,0.267,1769,786,2442,2426,2439,2295,1129,2550,48,0.897,30,0,24.949,4.749,-17.980,-12.200,-12.260,-0.107,-0.019,1.012,3.002,-3.680,-1.096,0.554,0.030,2.423,1.077,3,NULL,NULL,,0,0,0,7,255,0,250,0,0
baseline,10767,10767,0,205636.817,0.914,-0.210,-0.222,0.267,1685,787,2476,2359,2467,2297,1163,2577,48,0.897,30,0,24.322,4.571,-17.180,-13.360,-10.860,-0.112,-0.040,0.999,2.654,-3.722,-1.348,0.576,0.030,2.423,1.077,3,NULL,NULL,,0,0,0,7,255,0,250,0,0
baseline,10767,10767,0,205641.817,0.914,-0.209,-0.221,0.268,1595,777,2507,2300,2488,2299,1227,2595,48,0.897,30,0,23.660,4.457,-14.740,-14.340,-11.700,-0.125,-0.029,0.999,2.452,-3.722,-1.362,0.604,0.030,2.423,1.077,3,NULL,NULL,,0,0,0,7,255,0,250,0,0
baseline,10767,10767,0,205646.817,0.915,-0.208,-0.220,0.268,1467,775,2533,2229,2523,2301,1286,2611,48,0.897,30,0,25.624,4.402,-14.740,-15.000,-14.640,-0.116,-0.013,1.035,2.452,-3.656,-1.362,0.624,0.032,2.423,1.077,3,NULL,NULL,,0,0,0,7,255,0,250,0,0
baseline,10783,10783,0,205651.817,0.915,-0.206,-0.219,0.269,1365,760,2566,2155,2545,2301,1331,2630,48,0.897,30,0,27.652,4.527,-17.180,-15.140,-15.500,-0.087,0.001,1.046,2.670,-3.656,-1.070,0.648,0.032,2.423,1.077,3,NULL,NULL,,0,0,0,7,255,0,250,0,0
baseline,10783,10783,0,205656.817,0.915,-0.205,-0.218,0.269,1255,735,2587,2065,2557,2299,1386,2647,48,0.897,30,0,25.737,4.703,-17.300,-15.740,-10.740,-0.088,0.008,1.029,2.958,-3.656,-1.070,0.670,0.034,2.423,1.077,3,NULL,NULL,,0,0,0,7,255,0,250,0,0
baseline,10783,10783,0,205661.817,0.916,-0.204,-0.218,0.269,1133,693,2616,1929,2601,2297,1427,2661,48,0.897,30,0,24.772,4.604,-14.980,-18.600,-6.580,-0.113,0.040,1.043,2.970,-3.518,-1.070,0.694,0.036,2.423,1.077,3,NULL,NULL,,0,0,0,7,255,0,250,0,0
baseline,10783,10783,0,205666.816,0.916,-0.203,-0.217,0.270,1016,665,2641,1817,2629,2295,1468,2680,48,0.897,30,0,27.897,4.360,-18.100,-19.160,-9.140,-0.126,0.047,1.069,2.970,-3.192,-0.884,0.718,0.036,2.423,1.077,3,NULL,NULL,,0,0,0,7,255,0,250,0,0
baseline,10799,10799,0,205671.817,0.917,-0.201,-0.216,0.270,887,651,2669,1673,2653,2293,1519,2700,48,0.897,30,0,34.961,4.360,-25.740,-19.820,-12.920,-0.122,0.013,1.080,2.970,-3.192,-0.574,0.742,0.036,2.423,1.077,3,NULL,NULL,,0,0,0,7,255,0,250,0,0
baseline,10799,10799,0,205676.817,0.917,-0.199,-0.215,0.271,747,595,2698,1532,2676,2285,1568,2715,48,0.897,30,0,36.847,4.492,-25.660,-21.900,-14.820,-0.105,0.026,1.077,2.986,-3.356,-0.574,0.764,0.038,2.423,1.077,3,NULL,NULL,,0,0,0,7,255,0,250,0,0
baseline,10815,10815,0,205681.817,0.918,-0.197,-0.214,0.271,631,529,2715,1413,2699,2277,1621,2734,48,0.897,30,0,39.273,4.530,-28.480,-22.460,-15.060,-0.075,0.068,1.055,3.042,-3.356,-0.610,0.788,0.038,2.423,1.077,3,NULL,NULL,,0,0,0,7,255,0,250,0,0
baseline,10815,10815,0,205686.816,0.918,-0.196,-0.213,0.272,455,437,2743,1263,2728,2251,1661,2751,48,0.897,30,0,38.808,4.559,-26.520,-24.400,-14.400,-0.042,0.105,1.044,3.412,-3.024,-0.864,0.810,0.040,2.423,1.077,3,NULL,NULL,,0,0,0,7,255,0,250,0,0
baseline,10815,10815,0,205691.817,0.919,-0.194,-0.211,0.272,333,387,2762,1113,2740,2232,1708,2765,48,0.897,30,0,37.118,4.813,-24.200,-25.940,-10.920,-0.017,0.109,1.073,3.818,-2.930,-0.886,0.834,0.042,2.423,1.077,3,NULL,NULL,,0,0,0,7,255,0,250,0,0
baseline,10815,10815,0,205696.817,0.919,-0.192,-0.210,0.272,221,313,2787,879,2773,2207,1759,2777,48,0.897,30,0,44.657,5.009,-33.540,-27.340,-11.040,0.034,0.134,1.065,4.104,-2.872,-1.032,0.856,0.042,2.423,1.077,3,NULL,NULL,,0,0,0,7,255,0,250,0,0
baseline,10847,10847,0,205701.817,0.920,-0.190,-0.209,0.272,149,241,2807,741,2795,2171,1815,2795,48,0.897,30,0,41.467,5.043,-30.620,-27.940,-1.140,-0.116,-0.016,1.103,4.104,-2.930,-0.886,0.882,0.042,2.423,1.077,3,NULL,NULL,,0,0,0,7,255,0,250,0,0
baseline,10847,10847,0,205706.817,0.921,-0.190,-0.207,0.271,109,189,2825,651,2809,2136,1845,2799,48,0.897,30,0,47.746,4.494,5.700,-39.060,26.860,-0.291,-0.126,1.296,2.760,-3.546,-0.314,0.904,0.044,2.423,1.077,3,NULL,NULL,,0,0,0,7,255,0,250,0,0
baseline,10847,10847,0,205711.817,0.921,-0.191,-0.204,0.270,87,154,2850,618,2840,2083,1891,2807,48,0.897,30,0,68.482,4.593,27.620,-50.400,37.240,-0.474,-0.161,1.505,1.414,-4.370,2.000,0.928,0.044,2.423,1.077,3,NULL,NULL,,0,0,0,7,255,0,250,0,0
baseline,10847,10847,0,205716.816,0.922,-0.189,-0.202,0.269,56,121,2859,603,2853,1997,1939,2822,48,0.897,30,0,66.745,4.593,-14.020,-61.400,22.100,-0.333,-0.034,1.530,1.414,-4.370,4.370,0.950,0.046,2.423,1.077,3,NULL,NULL,,0,0,0,7,255,0,250,0,0
baseline,10847,10847,0,205721.817,0.924,-0.185,-0.200,0.270,35,75,2877,541,2867,1939,1975,2839,48,0.897,30,0,99.485,4.850,-83.160,-52.720,-14.220,-0.177,-0.149,1.198,1.742,-4.526,4.370,0.972,0.048,2.423,1.077,3,NULL,NULL,,0,0,0,7,255,0,250,0,0
baseline,10847,10847,0,205726.816,0.925,-0.181,-0.198,0.269,25,23,2892,531,2878,1901,2012,2844,48,0.897,30,0,90.696,4.622,-66.440,-61.580,4.400,-0.033,-0.166,0.913,1.872,-4.226,0.688,0.994,0.050,2.423,1.077,3,NULL,NULL,,0,0,0,7,255,0,250,0,0
baseline,10863,10863,0,205731.817,0.926,-0.179,-0.195,0.268,23,2,2916,459,2899,1851,2036,2844,48,0.897,30,0,78.843,4.621,-32.140,-67.500,25.040,-0.062,-0.107,0.892,1.870,-4.226,-2.346,1.016,0.052,2.423,1.077,3,NULL,NULL,,0,0,0,7,255,0,250,0,0
baseline,10863,10863,0,205736.817,0.927,-0.178,-0.192,0.267,9,0,2919,409,2923,1789,2073,2861,48,0.897,30,0,75.755,3.974,-2.420,-69.580,29.860,-0.191,-0.108,0.971,1.870,-3.506,-2.346,1.038,0.054,2.423,1.077,3,NULL,NULL,,0,0,0,7,255,0,250,0,0
baseline,10863,10863,0,205741.817,0.928,-0.177,-0.189,0.267,0,0,2931,345,2933,1751,2099,2861,48,0.897,30,0,80.237,3.624,13.280,-75.560,23.500,-0.267,-0.126,1.119,1.052,-3.468,-1.090,1.062,0.056,2.423,1.077,3,NULL,NULL,,0,0,0,7,255,0,250,0,0
baseline,10863,10863,0,205746.817,0.929,-0.177,-0.185,0.267,0,0,2937,297,2950,1689,2122,2867,48,0.897,30,0,81.683,3.624,10.760,-80.080,11.980,-0.218,-0.166,1.215,1.052,-3.468,0.518,1.084,0.058,2.423,1.077,3,NULL,NULL,,0,0,0,7,255,0,250,0,0
baseline,10879,10879,0,205751.817,0.930,-0.176,-0.181,0.267,0,0,2941,237,2958,1620,2157,2871,48,0.897,30,0,84.012,4.406,1.360,-83.680,7.340,-0.119,-0.171,1.186,1.108,-4.264,0.518,1.108,0.060,2.423,1.077,3,NULL,NULL,,0,0,0,7,255,0,250,0,0
baseline,10879,10879,0,205756.816,0.931,-0.174,-0.177,0.266,0,0,2936,167,2972,1543,2188,2863,48,0.897,30,0,89.195,4.590,-0.760,-87.820,15.580,-0.053,-0.115,1.124,1.700,-4.264,0.494,1.128,0.064,2.423,1.077,3,NULL,NULL,,0,0,0,7,255,0,250,0,0
baseline,10895,10895,0,205761.817,0.932,-0.173,-0.173,0.266,0,0,2941,93,2979,1447,2215,2875,48,0.897,30,0,95.493,4.750,1.740,-91.920,25.820,-0.062,-0.040,1.091,2.264,-4.176,-0.216,1.150,0.068,2.423,1.077,3,NULL,NULL,,0,0,0,7,255,0,250,0,0
baseline,10895,10895,0,205766.817,0.934,-0.173,-0.169,0.265,0,0,2935,24,2982,1367,2229,2873,48,0.897,30,0,101.165,4.068,9.920,-95.940,30.520,-0.102,-0.025,1.109,2.264,-3.380,-0.216,1.168,0.074,2.423,1.077,3,NULL,NULL,,0,0,0,7,255,0,250,0,0
baseline,10895,10895,0,205771.817,0.935,-0.172,-0.164,0.264,0,0,2935,0,2995,1245,2251,2873,48,0.897,30,0,104.507,3.759,18.520,-99.180,27.240,-0.112,-0.018,1.144,2.138,-3.092,0.024,1.190,0.082,2.423,1.077,3,NULL,NULL,,0,0,0,7,255,0,250,0,0
baseline,10895,10895,0,205776.816,0.936,-0.172,-0.159,0.264,0,0,2932,0,2997,1151,2275,2871,48,0.897,30,0,103.451,3.731,16.260,-100.520,18.260,-0.085,0.013,1.193,2.138,-3.058,0.414,1.210,0.086,2.423,1.077,3,NULL,NULL,,0,0,0,7,255,0,250,0,0
baseline,10911,10911,0,205781.817,0.937,-0.171,-0.154,0.263,0,0,2925,0,3005,1043,2293,2864,48,0.897,30,0,107.430,3.919,14.360,-104.920,18.080,-0.069,0.048,1.237,2.480,-3.034,0.832,1.234,0.090,2.423,1.077,3,NULL,NULL,,0,0,0,7,255,0,250,0,0
baseline,10911,10911,0,205786.817,0.938,-0.171,-0.149,0.263,0,0,2923,0,3011,908,2317,2861,48,0.897,30,0,117.018,4.021,19.860,-112.420,25.700,-0.064,0.112,1.308,2.788,-2.898,1.250,1.256,0.094,2.423,1.077,3,NULL,NULL,,0,0,0,7,255,0,250,0,0
baseline,10911,10911,0,205791.817,0.939,-0.170,-0.144,0.262,0,0,2907,0,3006,799,2331,2859,48,0.897,30,0,124.369,4.050,17.120,-118.520,33.580,-0.082,0.136,1.354,3.142,-2.556,2.008,1.278,0.100,2.423,1.077,3,NULL,NULL,,0,0,0,7,255,0,250,0,0
baseline,10911,10911,0,205796.817,0.941,-0.169,-0.138,0.260,0,0,2909,0,3025,697,2349,2847,48,0.897,30,0,134.211,4.050,5.280,-127.680,41.020,-0.072,0.117,1.382,3.142,-2.556,2.560,1.298,0.104,2.423,1.077,3,NULL,NULL,,0,0,0,7,255,0,250,0,0
baseline,10946,10946,0,205801.817,0.942,-0.168,-0.132,0.259,0,0,2893,0,3025,601,2375,2841,48,0.897,30,0,139.559,3.989,-4.680,-131.960,45.180,-0.102,0.090,1.400,3.046,-2.576,2.804,1.318,0.108,2.423,1.077,3,NULL,NULL,,0,0,0,7,255,0,250,0,0
baseline,10946,10946,0,205806.817,0.944,-0.166,-0.126,0.257,0,0,2873,0,3023,500,2388,2813,48,0.897,30,0,151.349,3.635,-10.280,-141.960,51.460,-0.145,0.108,1.374,2.564,-2.576,3.018,1.338,0.112,2.423,1.077,3,NULL,NULL,,0,0,0,7,255,0,250,0,0
baseline,10947,10947,0,205811.817,0.945,-0.164,-0.119,0.255,0,0,2856,0,3020,414,2404,2795,48,0.897,30,0,158.278,2.981,-13.220,-150.560,47.000,-0.175,0.114,1.417,2.094,-2.122,3.064,1.358,0.116,2.423,1.077,3,NULL,NULL,,0,0,0,7,255,0,250,0,0
baseline,10947,10947,0,205816.816,0.947,-0.162,-0.113,0.254,0,0,2839,0,3019,345,2419,2771,48,0.897,30,0,166.069,2.780,-6.680,-158.260,49.880,-0.207,0.040,1.479,1.796,-2.122,3.558,1.378,0.120,2.423,1.077,3,NULL,NULL,,0,0,0,7,255,0,250,0,0
baseline,10947,10947,0,205821.818,0.949,-0.160,-0.105,0.252,0,0,2811,0,3016,307,2428,2734,48,0.897,30,0,178.857,2.237,-4.300,-171.620,50.180,-0.255,0.109,1.565,1.096,-1.950,4.136,1.398,0.122,2.423,1.077,3,NULL,NULL,,0,0,0,7,255,0,250,0,0
baseline,10947,10947,0,205826.816,0.950,-0.158,-0.097,0.251,0,0,2783,0,3015,230,2443,2693,48,0.897,30,0,189.665,2.036,-12.920,-185.120,39.200,-0.305,0.187,1.699,0.960,-1.796,5.198,1.416,0.126,2.423,1.077,3,NULL,NULL,,0,0,0,7,255,0,250,0,0
baseline,10959,10959,0,205831.817,0.952,-0.155,-0.089,0.250,0,0,2742,0,3003,211,2445,2655,48,0.897,30,0,202.312,1.418,-14.020,-199.640,29.620,-0.289,0.195,1.761,0.882,-1.110,6.714,1.436,0.132,2.423,1.077,3,NULL,NULL,,0,0,0,7,255,0,250,0,0
baseline,10959,10959,0,205836.817,0.953,-0.152,-0.080,0.249,0,0,2702,0,2983,140,2447,2603,48,0.897,30,0,211.568,1.402,-14.080,-209.840,23.020,-0.327,0.182,1.850,0.876,-1.094,7.296,1.452,0.136,2.423,1.077,3,NULL,NULL,,0,0,0,7,255,0,250,0,0
baseline,10976,10976,0,205841.817,0.954,-0.149,-0.071,0.249,0,0,2659,0,2968,109,2452,2535,48,0.897,30,0,224.915,1.116,-25.980,-222.220,23.020,-0.351,0.273,1.982,0.366,-1.054,8.212,1.472,0.144,2.423,1.077,3,NULL,NULL,,0,0,0,7,255,0,250,0,0
baseline,10976,10976,0,205846.817,0.956,-0.145,-0.062,0.249,0,0,2583,0,2941,59,2447,2461,48,0.897,30,0,235.367,0.441,-44.840,-230.820,10.440,-0.364,0.399,2.143,0.366,-0.246,9.656,1.486,0.152,2.423,1.077,3,NULL,NULL,,0,0,0,7,255,0,250,0,0
baseline,10976,10976,0,205851.817,0.957,-0.140,-0.052,0.249,0,0,2503,0,2905,30,2431,2361,48,0.897,30,0,247.026,1.048,-62.220,-239.060,0.800,-0.346,0.558,2.245,0.658,0.816,11.388,1.500,0.162,2.423,1.077,3,NULL,NULL,,0,0,0,7,255,0,250,0,0
baseline,10976,10976,0,205856.817,0.958,-0.134,-0.043,0.249,0,0,2407,0,2847,0,2415,2260,48,0.897,30,0,256.220,2.379,-67.780,-247.000,-6.760,-0.406,0.635,2.440,0.890,2.206,12.548,1.512,0.176,2.423,1.077,3,NULL,NULL,,0,0,0,7,255,0,250,0,0
baseline,10991,10991,0,205861.817,0.959,-0.128,-0.033,0.250,0,0,2280,0,2776,0,2389,2107,48,0.897,30,0,268.519,3.279,-82.620,-255.000,-15.860,-0.480,0.663,2.635,0.890,3.156,14.578,1.522,0.190,2.423,1.077,3,NULL,NULL,,0,0,0,7,255,0,250,0,0
baseline,10991,10991,0,205866.816,0.960,-0.121,-0.024,0.252,0,0,2105,0,2671,0,2357,1907,48,0.897,30,0,277.468,3.857,-110.200,-252.920,-29.600,-0.557,0.790,2.766,0.070,3.856,16.524,1.530,0.206,2.423,1.077,3,NULL,NULL,,0,0,0,7,255,0,250,0,0
baseline,11008,11008,0,205871.817,0.961,-0.113,-0.015,0.253,0,0,1977,0,2549,0,2313,1735,48,0.897,30,0,289.527,5.629,-148.160,-245.660,-39.060,-0.645,0.763,2.732,-0.322,5.620,17.480,1.536,0.224,2.423,1.077,3,NULL,NULL,,0,0,0,7,255,0,250,0,0
baseline,11008,11008,0,205876.817,0.961,-0.101,-0.007,0.256,0,0,1815,0,2397,0,2259,1547,48,0.897,30,0,341.118,6.631,-215.740,-259.460,-49.980,-0.750,0.735,2.562,-1.504,6.458,17.480,1.542,0.242,2.423,1.077,3,NULL,NULL,,0,0,0,7,255,0,250,0,0
baseline,11008,11008,0,205881.817,0.962,-0.087,0.002,0.260,0,0,1643,0,2232,0,2151,1318,48,0.897,30,0,393.319,7.152,-257.900,-281.920,-93.320,-0.725,0.518,2.400,-2.756,6.600,15.634,1.544,0.266,2.423,1.077,3,NULL,NULL,,0,0,0,7,255,0,250,0,0
baseline,11008,11008,0,205886.817,0.961,-0.074,0.012,0.265,0,0,1446,0,2040,0,2015,1139,48,0.897,30,0,398.363,7.589,-233.680,-301.880,-113.820,-0.737,0.285,2.409,-3.746,6.600,13.646,1.540,0.290,2.423,1.077,3,NULL,NULL,,0,0,0,7,255,0,250,0,0
baseline,11041,11041,0,205891.817,0.961,-0.061,0.023,0.269,0,0,1211,0,1833,0,1886,991,48,0.897,30,0,404.122,7.551,-213.960,-327.260,-102.160,-0.673,0.050,2.415,-5.214,5.462,13.390,1.534,0.322,2.423,1.077,3,NULL,NULL,,0,0,0,7,255,0,250,0,0
baseline,11041,11041,0,205896.816,0.960,-0.047,0.035,0.273,0,0,1004,0,1608,0,1685,871,48,0.897,30,0,426.775,7.022,-239.780,-339.660,-96.300,-0.474,-0.174,2.207,-5.818,3.932,13.170,1.520,0.358,2.423,1.077,3,NULL,NULL,,0,0,0,7,255,0,250,0,0
baseline,11041,11041,0,205901.817,0.960,-0.032,0.045,0.276,0,0,788,0,1371,0,1439,757,48,0.897,30,0,445.364,6.088,-273.160,-339.540,-91.900,-0.286,-0.159,1.642,-5.818,1.792,11.026,1.498,0.402,2.423,1.077,3,NULL,NULL,,0,0,0,7,255,0,250,0,0
baseline,11041,11041,0,205906.817,0.958,-0.018,0.057,0.280,0,0,541,0,1103,0,1109,637,48,0.897,30,0,427.939,4.276,-232.640,-346.180,-95.760,-0.149,-0.209,1.135,-4.056,1.354,5.536,1.472,0.450,2.423,1.077,3,NULL,NULL,,0,0,0,7,255,0,250,0,0
baseline,11041,11041,0,205911.817,0.957,-0.008,0.071,0.281,0,0,395,0,878,0,747,585,48,0.897,30,0,402.276,3.035,-127.240,-376.880,-59.980,-0.030,-0.346,0.945,-3.024,0.262,0.676,1.440,0.508,2.423,1.077,4,NULL,NULL,,0,0,0,7,255,0,250,0,0
baseline,11041,11041,0,205916.816,0.956,-0.001,0.088,0.280,0,0,231,0,644,0,379,435,48,0.897,30,0,416.540,2.992,-28.040,-415.040,-21.480,0.051,-0.299,1.141,-2.836,-0.952,0.676,1.408,0.566,2.423,1.077,4,NULL,NULL,,0,0,0,7,255,0,250,0,0
baseline,11071,11071,0,205921.817,0.955,0.003,0.106,0.277,0,0,149,0,411,0,35,333,48,0.897,30,0,450.587,2.992,35.120,-448.420,26.740,-0.126,-0.100,1.623,-2.836,-0.952,0.964,1.378,0.622,2.423,1.077,4,NULL,NULL,,0,0,0,7,255,0,250,0,0
baseline,11071,11071,0,205926.816,0.954,0.008,0.125,0.272,0,0,88,0,191,0,0,213,48,0.897,30,0,461.731,4.705,17.060,-454.700,78.440,-0.368,0.100,1.925,-3.928,2.590,4.974,1.352,0.674,2.423,1.077,4,NULL,NULL,,0,0,0,7,255,0,250,0,0
baseline,11071,11071,0,205931.817,0.954,0.016,0.142,0.265,0,0,6,0,38,0,0,147,48,0.897,30,0,471.764,8.610,-42.280,-453.600,122.560,-0.574,0.301,1.920,-5.882,6.288,5.768,1.326,0.728,2.423,1.077,4,NULL,NULL,,0,0,0,7,255,0,250,0,0
baseline,11071,11071,0,205936.816,0.953,0.026,0.158,0.256,0,0,0,0,0,0,0,93,48,0.897,30,0,496.995,11.644,-92.920,-462.880,155.280,-0.817,0.377,1.642,-7.010,9.298,5.768,1.306,0.774,2.423,1.077,4,NULL,NULL,,0,0,0,7,255,0,250,0,0
baseline,11071,11071,0,205941.817,0.953,0.037,0.175,0.246,0,0,0,0,0,0,0,22,48,0.897,30,0,542.317,13.403,-112.820,-489.740,203.800,-0.980,0.302,1.373,-8.400,10.444,1.874,1.292,0.820,2.423,1.077,4,NULL,NULL,,0,0,0,7,255,0,250,0,0
baseline,11071,11071,0,205946.817,0.952,0.049,0.192,0.235,0,0,0,0,0,0,0,0,48,0.897,30,0,578.130,13.677,-134.120,-509.940,237.080,-0.912,0.624,1.153,-8.400,10.794,-1.692,1.280,0.858,2.423,1.077,4,NULL,NULL,,0,0,0,7,255,0,250,0,0
baseline,11087,11087,0,205951.817,0.949,0.064,0.208,0.227,0,0,0,0,0,0,0,0,48,0.897,30,0,560.422,14.422,-225.140,-482.720,174.260,-0.366,1.214,0.867,-7.442,12.354,-4.342,1.264,0.906,2.423,1.077,4,NULL,NULL,,0,0,0,7,255,0,250,0,0
baseline,11087,11087,0,205956.817,0.946,0.078,0.221,0.226,0,0,0,0,0,0,0,0,48,0.897,30,0,458.315,12.361,-264.620,-373.040,29.500,0.064,0.905,0.577,0.404,12.354,-5.844,1.242,0.956,2.423,1.077,4,NULL,NULL,,0,0,0,7,255,0,250,0,0
baseline,11103,11103,0,205961.817,0.943,0.090,0.227,0.226,0,0,0,0,0,0,0,0,48,0.897,30,0,321.013,9.379,-234.280,-219.420,4.100,-0.012,0.194,0.386,0.404,9.370,-6.350,1.206,1.022,2.423,1.077,4,NULL,NULL,,0,0,0,7,255,0,250,0,0
baseline,11103,11103,0,205966.816,0.942,0.097,0.228,0.225,0,0,0,0,0,0,0,0,48,0.897,30,0,199.535,3.129,-160.920,-101.500,60.140,-0.081,0.129,0.131,-0.212,3.122,-7.386,1.162,1.094,2.423,1.077,0,NULL,NULL,,0,0,0,7,255,0,250,0,0
baseline,11103,11103,0,205971.817,0.943,0.100,0.225,0.223,0,0,0,0,0,0,0,0,48,0.897,30,0,115.188,3.132,-78.520,-2.560,84.240,-0.554,0.191,0.313,-0.248,3.122,-9.786,1.108,1.176,2.423,1.077,0,NULL,NULL,,0,0,0,7,255,0,250,0,0
baseline,11103,11103,0,205976.816,0.945,0.100,0.219,0.222,0,0,0,0,0,0,0,0,48,0.897,30,0,115.402,6.395,-66.200,66.780,66.900,-0.745,0.463,0.512,-4.196,4.826,-10.326,1.052,1.258,2.423,1.077,0,NULL,NULL,,0,0,0,7,255,0,250,0,0
baseline,11119,11119,0,205981.817,0.946,0.101,0.212,0.221,0,0,0,0,0,0,0,0,48,0.897,30,0,148.354,9.881,-62.420,122.140,56.520,-0.773,0.412,0.668,-5.012,8.516,-10.326,0.996,1.338,2.423,1.077,0,NULL,NULL,,0,0,0,7,255,0,250,0,0
baseline,11119,11119,0,205986.816,0.948,0.103,0.204,0.222,0,0,0,0,0,0,0,0,48,0.897,30,0,183.758,10.630,-81.700,160.040,38.460,-0.835,0.470,0.613,-5.968,8.796,-9.688,0.946,1.404,2.423,1.077,0,NULL,NULL,,0,0,0,7,255,0,250,0,0
baseline,11119,11119,0,205991.817,0.949,0.103,0.194,0.224,0,0,0,0,0,0,0,0,48,0.897,30,0,199.285,10.630,-94.880,174.320,18.020,-0.678,0.393,0.408,-5.968,8.796,-9.688,0.910,1.460,2.423,1.077,0,NULL,NULL,,0,0,0,7,255,0,250,0,0
baseline,11119,11119,0,205996.817,0.951,0.103,0.184,0.226,0,0,0,0,0,0,0,0,48,0.897,30,0,203.190,8.581,-87.680,181.900,22.600,-0.510,0.348,0.211,-4.442,7.342,-10.462,0.886,1.504,2.423,1.077,0,NULL,NULL,,0,0,0,7,255,0,250,0,0
baseline,11151,11151,0,206001.817,0.953,0.103,0.174,0.227,0,0,0,0,0,0,0,0,48,0.897,30,0,198.809,6.261,-74.500,179.700,41.020,-0.453,0.296,0.056,-2.752,5.624,-11.248,0.862,1.550,2.423,1.077,0,NULL,NULL,,0,0,0,7,255,0,250,0,0
baseline,11151,11151,0,206006.817,0.955,0.102,0.164,0.227,0,0,0,0,0,0,0,0,48,0.897,30,0,192.546,4.937,-64.420,172.560,56.100,-0.452,0.243,-0.044,-2.212,4.414,-12.184,0.834,1.600,2.423,1.077,0,NULL,NULL,,0,0,0,7,255,0,250,0,0
baseline,11151,11151,0,206011.817,0.956,0.102,0.154,0.226,0,0,0,0,0,0,0,0,48,0.897,30,0,188.200,4.222,-51.540,169.320,63.980,-0.454,0.213,-0.157,-2.182,3.614,-12.872,0.800,1.658,2.423,1.077,0,NULL,NULL,,0,0,0,7,255,0,250,0,0
baseline,11151,11151,0,206016.816,0.958,0.100,0.144,0.226,0,0,0,0,0,0,0,0,48,0.897,30,0,181.335,3.698,-31.280,166.880,63.680,-0.437,0.208,-0.244,-2.182,2.986,-13.738,0.762,1.720,2.423,1.077,0,NULL,NULL,,0,0,0,7,255,0,250,0,0
baseline,11151,11151,0,206021.817,0.960,0.098,0.135,0.225,0,0,0,0,0,0,0,0,48,0.897,30,0,175.968,3.312,-3.140,164.320,62.880,-0.417,0.158,-0.265,-2.062,2.592,-14.334,0.726,1.778,2.423,1.077,0,NULL,NULL,,0,0,0,7,255,0,250,0,0
baseline,11151,11151,0,206026.816,0.962,0.094,0.125,0.223,0,0,0,0,0,0,0,0,48,0.897,30,0,178.491,2.916,28.780,163.820,64.760,-0.412,0.106,-0.200,-2.062,2.062,-14.334,0.694,1.836,2.423,1.077,0,NULL,NULL,,0,0,0,7,255,0,250,0,0
baseline,11167,11167,0,206031.817,0.964,0.090,0.116,0.222,0,0,0,0,0,0,0,0,48,0.897,30,0,186.009,3.201,55.320,164.680,66.480,-0.437,0.099,-0.063,-2.448,2.062,-13.546,0.658,1.894,2.423,1.077,0,NULL,NULL,,0,0,0,7,255,0,250,0,0
baseline,11167,11167,0,206036.817,0.966,0.084,0.107,0.220,0,0,0,0,0,0,0,0,48,0.897,30,0,195.241,3.797,70.460,170.360,64.280,-0.472,0.136,0.112,-2.962,2.376,-12.284,0.630,1.948,2.423,1.077,0,NULL,NULL,,0,0,0,7,255,0,250,0,0
baseline,11167,11167,0,206041.817,0.968,0.079,0.099,0.219,0,0,0,0,0,0,0,0,48,0.897,30,0,203.552,4.789,77.000,179.200,58.240,-0.503,0.181,0.250,-3.384,3.388,-10.764,0.602,2.002,2.423,1.077,0,NULL,NULL,,0,0,0,7,255,0,250,0,0
baseline,11167,11167,0,206046.817,0.969,0.073,0.090,0.218,0,0,0,0,0,0,0,0,48,0.897,30,0,210.663,5.636,78.760,188.720,50.600,-0.530,0.185,0.370,-3.646,4.298,-9.552,0.584,2.044,2.423,1.077,0,NULL,NULL,,0,0,0,7,255,0,250,0,0
baseline,11183,11183,0,206051.817,0.970,0.067,0.081,0.217,0,0,0,0,0,0,0,0,48,0.897,30,0,218.388,6.209,77.960,199.540,42.420,-0.554,0.155,0.458,-3.992,4.756,-8.392,0.568,2.086,2.423,1.077,0,NULL,NULL,,0,0,0,7,255,0,250,0,0
baseline,11183,11183,0,206056.816,0.972,0.061,0.072,0.217,0,0,0,0,0,0,0,0,48,0.897,30,0,226.369,6.478,75.460,210.820,33.220,-0.574,0.128,0.519,-4.398,4.756,-7.420,0.556,2.124,2.423,1.077,0,NULL,NULL,,0,0,0,7,255,0,250,0,0
baseline,11183,11183,0,206061.817,0.973,0.056,0.062,0.217,0,0,0,0,0,0,0,0,48,0.897,30,0,235.721,6.714,72.720,223.100,22.420,-0.588,0.120,0.564,-4.702,4.792,-6.686,0.544,2.164,2.423,1.077,0,NULL,NULL,,0,0,0,7,255,0,250,0,0
baseline,11183,11183,0,206066.816,0.973,0.050,0.052,0.218,0,0,0,0,0,0,0,0,48,0.897,30,0,245.006,6.740,70.160,234.560,9.340,-0.588,0.119,0.585,-4.760,4.772,-6.110,0.532,2.204,2.423,1.077,0,NULL,NULL,,0,0,0,7,255,0,250,0,0
baseline,11199,11199,0,206071.817,0.974,0.044,0.042,0.220,0,0,0,0,0,0,0,0,48,0.897,30,0,255.097,6.740,70.280,245.180,-4.680,-0.564,0.111,0.589,-4.760,4.772,-5.746,0.516,2.248,2.423,1.077,0,NULL,NULL,,0,0,0,7,255,0,250,0,0
baseline,11199,11199,0,206076.816,0.974,0.038,0.031,0.222,0,0,0,0,0,0,0,0,48,0.897,30,0,266.147,6.399,73.580,255.140,-18.000,-0.526,0.099,0.591,-4.492,4.558,-5.502,0.500,2.292,2.423,1.077,0,NULL,NULL,,0,0,0,7,255,0,250,0,0
baseline,11215,11215,0,206081.817,0.974,0.031,0.020,0.225,0,0,0,0,0,0,0,0,48,0.897,30,0,276.563,5.890,77.960,263.740,-29.160,-0.485,0.096,0.607,-4.096,4.232,-5.270,0.482,2.340,2.423,1.077,0,NULL,NULL,,0,0,0,7,255,0,250,0,0
baseline,11215,11215,0,206086.817,0.973,0.025,0.009,0.228,0,0,0,0,0,0,0,0,48,0.897,30,0,286.124,5.407,81.880,271.500,-38.080,-0.442,0.095,0.624,-3.634,4.004,-4.928,0.464,2.388,2.423,1.077,0,NULL,NULL,,0,0,0,7,255,0,250,0,0
baseline,11215,11215,0,206091.817,0.973,0.018,-0.002,0.231,0,0,0,0,0,0,0,0,48,0.897,30,0,294.268,4.893,85.040,278.020,-45.460,-0.396,0.096,0.623,-3.134,3.758,-4.602,0.442,2.442,2.423,1.077,0,NULL,NULL,,0,0,0,7,255,0,250,0,0
baseline,11215,11215,0,206096.817,0.972,0.011,-0.014,0.235,0,0,0,0,0,0,0,0,48,0.897,30,0,302.422,4.334,90.420,284.000,-51.260,-0.354,0.078,0.598,-2.586,3.478,-4.572,0.424,2.494,2.423,1.077,0,NULL,NULL,,0,0,0,7,255,0,250,0,0
baseline,11247,11247,0,206101.817,0.971,0.003,-0.025,0.238,0,0,0,0,0,0,0,0,48,0.897,30,0,310.862,3.728,102.380,288.520,-53.940,-0.335,0.065,0.579,-2.188,3.018,-4.572,0.402,2.550,2.423,1.077,0,NULL,NULL,,0,0,0,7,255,0,250,0,0
baseline,11247,11247,0,206106.817,0.970,-0.005,-0.036,0.242,0,0,0,0,0,0,0,0,48,0.897,30,0,316.893,3.340,119.540,287.980,-56.560,-0.323,0.073,0.623,-1.960,2.704,-4.572,0.386,2.602,2.423,1.077,0,NULL,NULL,,0,0,0,7,255,0,250,0,0
baseline,11247,11247,0,206111.817,0.968,-0.014,-0.047,0.246,0,0,0,0,0,0,0,0,48,0.897,30,0,321.839,3.129,134.000,285.960,-62.060,-0.283,0.059,0.703,-1.658,2.654,-4.134,0.368,2.656,2.423,1.077,0,NULL,NULL,,0,0,0,7,255,0,250,0,0
baseline,11247,11247,0,206116.816,0.966,-0.023,-0.057,0.250,0,0,0,0,0,0,0,0,48,0.897,30,0,327.314,2.545,143.340,286.020,-69.140,-0.205,0.014,0.762,-1.162,2.264,-3.282,0.354,2.708,2.423,1.077,0,NULL,NULL,,0,0,0,7,255,0,250,0,0
baseline,11263,11263,0,206121.818,0.964,-0.033,-0.067,0.254,0,0,0,0,0,0,0,0,48,0.897,30,0,339.899,1.477,159.880,292.000,-68.600,-0.092,0.000,0.780,-0.498,1.390,-2.678,0.340,2.760,2.423,1.077,0,NULL,NULL,,0,0,0,7,255,0,250,0,0
baseline,11263,11263,0,206126.816,0.962,-0.043,-0.077,0.258,0,0,0,0,0,0,0,0,48,0.897,30,0,344.083,0.827,170.440,291.140,-67.680,-0.007,0.078,0.808,0.552,0.616,-2.588,0.330,2.808,2.423,1.077,0,NULL,NULL,,0,0,0,7,255,0,250,0,0
baseline,11263,11263,0,206131.817,0.960,-0.055,-0.086,0.262,0,0,0,0,0,0,0,0,48,0.897,30,0,345.270,1.895,190.020,281.260,-63.220,0.059,0.164,0.964,1.792,0.616,-2.478,0.318,2.858,2.423,1.077,0,NULL,NULL,,0,0,0,7,255,0,250,0,0
baseline,11263,11263,0,206136.816,0.957,-0.066,-0.095,0.266,0,0,0,0,0,0,0,0,48,0.897,30,0,349.537,3.184,200.780,280.580,-56.020,0.124,0.095,1.069,3.124,0.616,-1.134,0.310,2.900,2.423,1.077,0,NULL,NULL,,0,0,0,7,255,0,250,0,0
baseline,11263,11263,0,206141.817,0.955,-0.077,-0.104,0.269,0,0,0,0,0,0,0,0,48,0.897,30,0,344.369,3.659,202.480,275.220,-42.960,0.174,0.045,1.149,3.626,-0.492,-0.242,0.302,2.946,2.423,1.077,0,NULL,NULL,,0,0,0,7,255,0,250,0,0
baseline,11263,11263,0,206146.817,0.952,-0.089,-0.112,0.271,0,0,0,0,0,0,0,0,48,0.897,30,0,344.980,4.328,208.280,273.380,-29.900,0.190,0.061,1.298,4.052,-1.520,0.368,0.296,2.986,2.423,1.077,0,NULL,NULL,,0,0,0,7,255,0,250,0,0
baseline,11279,11279,0,206151.817,0.949,-0.100,-0.121,0.272,0,0,0,0,0,0,0,0,48,0.897,30,0,337.894,5.060,201.560,270.820,-14.220,0.213,0.040,1.499,4.666,-1.958,1.656,0.290,3.024,2.423,1.077,0,NULL,NULL,,0,0,0,7,255,0,250,0,0
baseline,11279,11279,0,206156.817,0.947,-0.111,-0.130,0.273,0,0,0,0,0,0,0,0,48,0.897,30,0,330.445,5.914,186.680,272.660,1.040,0.164,0.101,1.600,5.276,-2.672,3.390,0.284,3.054,2.423,1.077,0,NULL,NULL,,0,0,0,7,255,0,250,0,0
baseline,11295,11295,0,206161.817,0.944,-0.121,-0.138,0.273,0,0,0,0,0,0,0,0,48,0.897,30,0,318.672,6.008,165.920,271.860,10.700,0.094,0.089,1.661,5.276,-2.874,4.362,0.278,3.080,2.423,1.077,0,NULL,NULL,,0,0,0,7,255,0,250,0,0
baseline,11295,11295,0,206166.816,0.942,-0.130,-0.148,0.273,0,0,0,0,0,0,0,0,48,0.897,30,0,309.623,6.000,147.000,271.980,16.860,0.055,0.073,1.673,5.244,-2.916,5.000,0.270,3.100,2.423,1.077,0,NULL,NULL,,0,0,0,7,255,0,250,0,0
baseline,11295,11295,0,206171.817,0.939,-0.138,-0.157,0.273,0,0,0,0,0,0,0,0,48,0.897,30,0,301.517,6.022,129.360,271.620,20.020,0.041,0.031,1.668,5.072,-3.246,5.000,0.262,3.114,2.423,1.077,0,NULL,NULL,,0,0,0,7,255,0,250,0,0
baseline,11295,11295,0,206176.817,0.937,-0.146,-0.166,0.272,0,0,0,0,0,0,0,0,48,0.897,30,0,297.285,6.259,118.860,271.500,23.200,0.049,0.000,1.617,4.938,-3.846,4.918,0.256,3.124,2.423,1.077,0,NULL,NULL,,0,0,0,7,255,0,250,0,0
baseline,11311,11311,0,206181.817,0.934,-0.154,-0.175,0.271,0,0,0,0,0,0,0,0,48,0.897,30,0,295.770,6.543,115.440,270.940,27.300,0.058,-0.033,1.576,4.910,-4.324,4.246,0.252,3.130,2.423,1.077,0,NULL,NULL,,0,0,0,7,255,0,250,0,0
baseline,11311,11311,0,206186.816,0.931,-0.161,-0.185,0.270,0,0,0,0,0,0,0,0,48,0.897,30,0,295.486,6.876,116.360,269.840,30.960,0.059,-0.053,1.565,4.910,-4.814,3.656,0.250,3.132,2.423,1.077,0,NULL,NULL,,0,0,0,7,255,0,250,0,0
baseline,11344,11344,0,206191.817,0.928,-0.169,-0.194,0.269,0,0,0,0,0,0,0,0,48,0.897,30,0,298.190,7.170,121.860,270.280,31.880,0.050,-0.083,1.559,4.898,-5.236,3.366,0.254,3.130,2.423,1.077,0,NULL,NULL,,0,0,0,7,255,0,250,0,0
baseline,11344,11344,0,206196.816,0.925,-0.177,-0.203,0.268,0,0,0,0,0,0,0,0,48,0.897,30,0,303.815,7.546,131.440,272.100,31.440,0.036,-0.109,1.589,4.934,-5.710,3.238,0.260,3.130,2.423,1.077,0,NULL,NULL,,0,0,0,7,255,0,250,0,0
baseline,11344,11344,0,206201.817,0.922,-0.186,-0.212,0.267,0,0,0,0,0,0,0,0,48,0.897,30,0,309.264,7.937,142.300,273.020,29.240,0.009,-0.173,1.636,4.898,-6.246,3.238,0.274,3.126,2.423,1.077,0,NULL,NULL,,0,0,0,7,255,0,250,0,0
baseline,11344,11344,0,206206.817,0.918,-0.195,-0.221,0.266,0,0,0,0,0,0,0,0,48,0.897,30,0,315.936,8.666,153.100,275.100,26.380,-0.016,-0.158,1.713,4.934,-7.124,3.472,0.290,3.122,2.423,1.077,0,NULL,NULL,,0,0,0,7,255,0,250,0,0
baseline,11344,11344,0,206211.817,0.914,-0.204,-0.229,0.266,0,0,0,0,0,0,0,0,48,0.897,30,0,322.307,9.036,163.420,277.220,18.020,-0.014,-0.152,1.759,5.036,-7.502,4.042,0.310,3.118,2.423,1.077,0,NULL,NULL,,0,0,0,7,255,0,250,0,0
baseline,11344,11344,0,206216.816,0.909,-0.214,-0.238,0.266,0,0,0,0,0,0,0,0,48,0.897,30,0,328.108,9.641,177.520,275.880,5.620,0.039,-0.153,1.863,5.410,-7.980,4.180,0.334,3.112,2.423,1.077,0,NULL,NULL,,0,0,0,7,255,0,250,0,0
baseline,11381,11381,0,206221.817,0.905,-0.223,-0.246,0.267,0,0,0,0,0,0,0,0,48,0.897,30,0,331.426,10.975,185.020,274.840,-8.600,0.169,-0.203,1.959,6.316,-8.976,4.182,0.360,3.106,2.423,1.077,0,NULL,NULL,,0,0,0,7,255,0,250,0,0
baseline,11381,11381,0,206226.816,0.900,-0.233,-0.254,0.268,0,0,0,0,0,0,0,0,48,0.897,30,0,335.779,13.024,193.260,273.940,-18.840,0.371,-0.231,2.040,7.482,-10.660,4.182,0.386,3.098,2.423,1.077,0,NULL,NULL,,0,0,0,7,255,0,250,0,0
baseline,11381,11381,0,206231.817,0.894,-0.243,-0.262,0.269,0,0,0,0,0,0,0,0,48,0.897,30,0,339.196,15.418,203.100,270.520,-24.960,0.594,-0.211,2.106,9.200,-12.372,3.296,0.420,3.088,2.423,1.077,0,NULL,NULL,,0,0,0,7,255,0,250,0,0
baseline,11381,11381,0,206236.817,0.889,-0.254,-0.270,0.271,0,0,0,0,0,0,0,0,48,0.897,30,0,345.794,17.720,213.280,270.760,-27.820,0.718,-0.190,2.153,11.222,-13.714,2.164,0.450,3.078,2.423,1.077,0,NULL,NULL,,0,0,0,7,255,0,250,0,0
baseline,11381,11381,0,206241.817,0.882,-0.264,-0.279,0.272,0,0,0,0,0,0,0,0,48,0.897,30,0,369.903,19.174,208.400,305.300,-13.780,0.718,-0.209,2.202,12.422,-14.606,1.368,0.490,3.066,2.423,1.077,0,NULL,NULL,,0,0,0,7,255,0,250,0,0
baseline,11381,11381,0,206246.817,0.877,-0.275,-0.285,0.272,0,0,0,0,0,0,0,0,48,0.897,30,0,344.321,19.861,219.700,264.960,9.220,1.584,-0.044,2.541,12.576,-15.372,1.124,0.524,3.052,2.423,1.077,0,NULL,NULL,,0,0,0,7,255,0,250,0,0
baseline,11381,11381,0,206251.817,0.872,-0.285,-0.290,0.273,0,0,0,0,0,0,0,0,48,0.897,30,0,309.335,25.531,218.220,219.240,1.360,1.328,-0.116,2.365,17.872,-18.232,-1.920,0.566,3.034,2.423,1.077,0,NULL,NULL,,0,0,0,7,255,0,250,0,0
baseline,11381,11381,0,206256.817,0.866,-0.295,-0.296,0.274,0,0,0,0,0,0,0,0,48,0.897,30,0,301.662,26.705,204.060,221.440,-18.000,1.343,-0.113,2.539,18.604,-19.158,-1.920,0.612,3.012,2.423,1.077,0,NULL,NULL,,0,0,0,7,255,0,250,0,0
baseline,11392,11392,0,206261.817,0.862,-0.304,-0.300,0.274,0,0,0,0,0,0,0,0,48,0.897,30,0,282.664,26.989,193.940,205.520,6.900,1.647,-0.308,2.351,18.604,-19.552,-2.302,0.666,2.980,2.423,1.077,0,NULL,NULL,,0,0,0,7,255,0,250,0,0
baseline,11392,11392,0,206266.816,0.857,-0.313,-0.304,0.273,0,0,0,0,0,0,0,0,48,0.897,30,0,265.887,27.529,188.320,183.600,39.020,1.610,-0.145,2.406,18.642,-20.256,-5.464,0.726,2.944,2.423,1.077,0,NULL,NULL,,0,0,0,7,255,0,250,0,0
baseline,11394,11394,0,206271.817,0.854,-0.321,-0.307,0.272,0,0,0,0,0,0,0,0,48,0.897,30,0,245.998,27.951,167.880,172.360,51.220,1.473,-0.060,2.446,19.260,-20.256,-5.464,0.800,2.894,2.423,1.077,0,NULL,NULL,,0,0,0,7,255,0,250,0,0
baseline,11394,11394,0,206276.816,0.850,-0.328,-0.311,0.270,0,0,0,0,0,0,0,0,48,0.897,30,0,222.516,27.521,139.440,169.440,36.880,1.445,-0.077,2.342,19.260,-19.658,-5.390,0.880,2.836,2.423,1.077,0,NULL,NULL,,0,0,0,7,255,0,250,0,0
baseline,11412,11412,0,206281.817,0.847,-0.334,-0.314,0.269,0,0,0,0,0,0,0,0,48,0.897,30,0,202.714,26.971,115.080,165.420,22.040,1.602,-0.154,2.229,18.654,-19.480,-5.390,0.974,2.766,2.423,1.077,0,NULL,NULL,,0,0,0,7,255,0,250,0,0
baseline,11412,11412,0,206286.816,0.844,-0.339,-0.318,0.268,0,0,0,0,0,0,0,0,48,0.897,30,0,191.471,26.898,93.540,165.540,22.540,1.731,-0.262,2.098,18.548,-19.480,-7.780,1.076,2.690,2.423,1.077,0,NULL,NULL,,0,0,0,7,255,0,250,0,0
baseline,11413,11413,0,206291.817,0.842,-0.342,-0.322,0.266,0,0,0,0,0,0,0,0,48,0.897,30,0,184.192,26.743,73.400,167.360,23.020,1.782,-0.384,1.897,18.322,-19.480,-10.194,1.192,2.600,2.423,1.077,0,NULL,NULL,,0,0,0,7,255,0,250,0,0
baseline,11413,11413,0,206296.817,0.840,-0.345,-0.325,0.265,0,0,0,0,0,0,0,0,48,0.897,30,0,170.474,25.821,59.720,158.700,17.580,1.823,-0.533,1.652,17.120,-19.330,-12.440,1.308,2.508,2.423,1.077,0,NULL,NULL,,0,0,0,7,255,0,250,0,0
baseline,11458,11458,0,206301.817,0.838,-0.348,-0.328,0.263,0,0,0,0,0,0,0,0,48,0.897,30,0,161.604,24.348,53.560,151.740,14.900,1.862,-0.639,1.444,15.498,-18.778,-14.944,1.442,2.400,2.423,1.077,0,NULL,NULL,,0,0,0,7,255,0,250,0,0
baseline,11458,11458,0,206306.817,0.836,-0.350,-0.331,0.262,0,0,0,0,0,0,0,0,48,0.897,30,0,154.197,23.072,54.220,143.440,16.180,1.896,-0.728,1.240,14.252,-18.144,-17.024,1.572,2.298,2.423,1.077,0,NULL,NULL,,0,0,0,7,255,0,250,0,0
baseline,11458,11458,0,206311.817,0.835,-0.352,-0.333,0.261,0,0,0,0,0,0,0,0,48,0.897,30,0,144.991,21.758,60.080,130.680,18.320,1.932,-0.799,1.084,13.084,-17.384,-18.950,1.706,2.192,2.423,1.077,0,NULL,NULL,,0,0,0,7,255,0,250,0,0
baseline,11458,11458,0,206316.816,0.833,-0.355,-0.335,0.260,0,0,0,0,0,0,0,0,48,0.897,30,0,137.562,20.785,70.280,116.460,20.520,1.984,-0.908,0.955,12.210,-16.820,-20.512,1.838,2.088,2.423,1.077,0,NULL,NULL,,0,0,0,7,255,0,250,0,0
baseline,11458,11458,0,206321.817,0.832,-0.358,-0.336,0.259,0,0,0,0,0,0,0,0,48,0.897,30,0,135.871,20.272,85.360,103.160,23.080,2.019,-1.097,0.850,11.316,-16.820,-22.152,1.964,1.992,2.423,1.077,0,NULL,NULL,,0,0,0,7,255,0,250,0,0
baseline,11458,11458,0,206326.816,0.830,-0.362,-0.336,0.259,0,0,0,0,0,0,0,0,48,0.897,30,0,140.141,19.928,105.000,87.900,29.800,2.011,-1.212,0.792,9.906,-17.292,-23.788,2.084,1.898,2.423,1.077,0,NULL,NULL,,0,0,0,7,255,0,250,0,0
baseline,11472,11472,0,206331.817,0.829,-0.366,-0.335,0.259,0,0,0,0,0,0,0,0,48,0.897,30,0,143.897,19.434,122.900,65.740,35.780,1.956,-1.192,0.770,8.870,-17.292,-24.352,2.212,1.800,2.423,1.077,0,NULL,NULL,,0,0,0,7,255,0,250,0,0
baseline,11472,11472,0,206336.817,0.827,-0.370,-0.334,0.259,0,0,0,0,0,0,0,0,48,0.897,30,0,151.372,19.256,139.800,46.460,34.800,1.892,-1.119,0.847,8.842,-17.106,-24.352,2.328,1.710,2.423,1.077,0,NULL,NULL,,0,0,0,7,255,0,250,0,0
baseline,11472,11472,0,206341.817,0.826,-0.375,-0.331,0.260,0,0,0,0,0,0,0,0,48,0.897,30,0,156.463,19.249,150.300,33.200,28.080,1.816,-1.107,0.962,8.826,-17.106,-23.286,2.452,1.614,2.423,1.077,0,NULL,NULL,,0,0,0,7,255,0,250,0,0
baseline,11472,11472,0,206346.817,0.825,-0.379,-0.328,0.261,0,0,0,0,0,0,0,0,48,0.897,30,0,156.687,19.630,154.500,14.420,21.740,1.720,-1.102,1.104,8.826,-17.534,-22.146,2.570,1.520,2.423,1.077,0,NULL,NULL,,0,0,0,7,255,0,250,0,0
baseline,11488,11488,0,206351.817,0.823,-0.387,-0.323,0.263,0,0,0,0,0,0,0,0,48,0.897,30,0,258.655,20.282,248.500,-23.980,67.640,1.221,-1.500,2.265,8.716,-18.314,-20.714,2.684,1.432,2.423,1.077,0,NULL,NULL,,0,0,0,7,255,0,250,0,0
baseline,11488,11488,0,206356.816,0.818,-0.411,-0.305,0.263,0,0,0,0,0,0,0,0,48,0.897,30,0,701.680,29.541,625.080,-162.040,274.540,1.561,-0.017,5.161,8.716,-28.226,-12.518,2.792,1.350,2.423,1.077,0,NULL,NULL,,0,0,0,7,255,0,250,0,0
baseline,11488,11488,0,206361.817,0.819,-0.414,-0.295,0.267,0,0,0,17,0,0,0,0,48,0.897,30,0,249.283,45.420,147.920,-200.560,6.120,0.634,-0.884,6.021,17.604,-41.870,6.598,2.904,1.260,2.423,1.077,0,NULL,NULL,,0,0,0,7,255,0,250,0,0
baseline,11488,11488,0,206366.817,0.829,-0.394,-0.294,0.267,39,0,0,203,0,9,0,0,48,0.897,30,0,486.701,45.420,-451.320,-170.900,-63.100,0.690,-0.021,3.890,17.604,-41.870,7.334,3.008,1.180,2.423,1.077,0,NULL,NULL,,0,0,0,7,255,0,250,0,0
baseline,11504,11504,0,206371.817,0.846,-0.361,-0.294,0.259,211,0,0,411,0,105,0,0,48,0.897,30,0,694.642,34.682,-655.360,-230.280,-1.400,0.718,1.291,1.400,17.604,-29.882,7.334,3.118,1.094,2.423,1.077,0,NULL,NULL,,0,0,0,7,255,0,250,0,0
baseline,11504,11504,0,206376.816,0.863,-0.330,-0.291,0.248,503,0,0,692,0,201,0,0,48,0.897,30,0,712.147,17.597,-655.360,-262.380,93.880,0.751,1.972,0.140,17.426,-2.448,-1.360,3.222,1.012,2.423,1.077,0,NULL,NULL,,0,0,0,7,255,0,250,0,0
baseline,11504,11504,0,206381.817,0.873,-0.316,-0.287,0.237,749,0,0,935,0,279,0,0,48,0.897,30,0,520.292,19.487,-452.480,-190.180,172.620,0.366,0.746,-0.736,17.262,9.042,-7.284,3.338,0.920,2.423,1.077,0,NULL,NULL,,0,0,0,7,255,0,250,0,0
baseline,11504,11504,0,206386.817,0.875,-0.320,-0.283,0.229,1053,0,0,1190,0,445,0,0,48,0.897,30,0,278.634,9.901,34.700,-93.260,260.260,-0.436,-0.994,-2.053,4.034,9.042,-15.048,3.466,0.808,2.423,1.077,0,NULL,NULL,,0,0,0,7,255,0,250,0,0
baseline,11520,11520,0,206391.817,0.877,-0.323,-0.277,0.224,1340,0,0,1352,0,553,0,4,48,0.897,30,0,235.956,11.898,93.720,-113.820,184.220,-0.372,-1.139,-0.512,-10.412,5.758,-15.640,3.636,0.660,2.423,1.077,0,NULL,NULL,,0,0,0,7,255,0,250,0,0
baseline,11520,11520,0,206396.817,0.875,-0.333,-0.270,0.224,1621,0,0,1532,0,621,0,28,48,0.897,30,0,258.477,11.012,228.360,-87.520,83.680,-0.628,1.177,1.077,-10.412,3.584,-15.640,3.800,0.518,2.423,1.077,0,NULL,NULL,,0,0,0,7,255,0,250,0,0
baseline,11551,11551,0,206401.817,0.875,-0.337,-0.267,0.224,1851,0,0,1703,0,727,0,40,48,0.897,30,0,110.882,6.615,97.680,-44.480,27.840,-0.193,3.522,1.732,5.560,3.584,5.282,3.960,0.384,2.423,1.077,0,NULL,NULL,,0,0,0,7,255,0,250,0,0
baseline,11551,11551,0,206406.817,0.876,-0.335,-0.266,0.224,2120,0,0,1933,0,825,0,76,48,0.897,30,0,60.259,20.293,-56.560,-19.340,-7.620,-0.345,2.463,2.696,19.974,3.584,16.356,4.080,0.300,2.423,1.077,0,NULL,NULL,,0,0,0,7,255,0,250,0,0
baseline,11551,11551,0,206411.817,0.879,-0.334,-0.261,0.217,2392,0,0,2272,0,913,0,91,48,0.897,30,0,223.010,20.128,-25.860,-93.080,201.000,-1.424,-1.107,3.379,19.974,2.484,16.892,4.174,0.256,2.423,1.077,0,NULL,NULL,,0,0,0,7,255,0,250,0,0
baseline,11551,11551,0,206416.816,0.889,-0.317,-0.258,0.207,2593,0,0,2525,0,959,0,197,48,0.897,30,0,503.100,19.652,-449.060,-142.760,176.280,-1.912,-1.824,1.625,-4.590,-19.108,16.892,4.234,0.244,2.423,1.077,0,NULL,NULL,,0,0,0,7,255,0,250,0,0
baseline,11551,11551,0,206421.818,0.897,-0.295,-0.258,0.206,2713,0,0,2700,0,1028,0,233,48,0.897,30,0,530.207,25.987,-503.760,-157.100,-51.620,-1.719,-1.241,0.013,-17.612,-19.108,5.262,4.272,0.240,2.423,1.077,0,NULL,NULL,,0,0,0,7,255,0,250,0,0
baseline,11551,11551,0,206426.816,0.900,-0.280,-0.260,0.211,2828,0,0,2829,0,1105,0,377,48,0.897,30,0,387.270,18.584,-328.900,-116.500,-168.020,-0.780,-0.023,-0.629,-17.612,-5.930,-4.810,4.294,0.240,2.423,1.077,0,NULL,NULL,,0,0,0,7,255,0,250,0,0
baseline,11568,11568,0,206431.817,0.899,-0.274,-0.261,0.223,2907,0,0,2923,0,1289,0,543,48,0.897,30,0,304.047,8.333,-65.340,-86.780,-283.980,-0.041,-0.112,-0.329,-8.282,0.922,-10.696,4.314,0.250,2.423,1.077,0,NULL,NULL,,0,0,0,7,255,0,250,0,0
baseline,11568,11568,0,206436.817,0.896,-0.274,-0.258,0.237,2970,0,0,3005,0,1427,0,754,48,0.897,30,0,352.260,2.103,142.000,-52.300,-318.100,1.483,-0.753,1.285,-1.890,0.922,-11.046,4.328,0.276,2.423,1.077,1,1184.000,1184.000,,0,0,0,7,255,0,250,0,0
baseline,11568,11568,0,206441.817,0.891,-0.276,-0.259,0.250,3019,0,0,3065,115,1501,0,931,48,0.897,30,0,315.418,20.692,145.480,31.200,-278.120,1.867,-1.491,2.060,12.126,-16.766,-11.046,4.346,0.292,2.423,1.077,1,NULL,NULL,,0,0,0,7,255,0,250,0,0
baseline,11568,11568,0,206446.817,0.891,-0.275,-0.260,0.250,3049,0,13,3118,311,1567,0,1092,48,0.897,30,0,34.925,22.852,-0.520,34.920,-0.240,1.416,-0.596,1.851,13.334,-18.558,-9.574,4.362,0.274,2.423,1.077,1,NULL,NULL,,0,0,0,7,255,0,250,0,0
baseline,11591,11591,0,206451.817,0.894,-0.275,-0.257,0.244,3066,0,69,3145,391,1644,0,1187,48,0.897,30,0,138.811,23.313,-32.140,-13.120,134.400,0.945,0.720,1.517,14.110,-18.558,-6.112,4.372,0.252,2.423,1.077,1,NULL,NULL,,0,0,0,7,255,0,250,0,0
baseline,11591,11591,0,206456.817,0.897,-0.269,-0.257,0.240,3091,0,117,3179,499,1708,0,1264,48,0.897,30,0,180.676,14.987,-162.580,-36.980,69.600,-0.474,0.061,1.277,14.110,-5.052,-2.186,4.372,0.246,2.423,1.077,1,NULL,NULL,,0,0,0,7,255,0,250,0,0
baseline,11591,11591,0,206461.817,0.899,-0.262,-0.258,0.237,3104,0,203,3189,605,1734,0,1331,49,0.897,31,0,174.141,5.321,-167.700,-27.220,38.220,-0.642,-0.497,1.001,1.670,-5.052,-0.340,4.380,0.248,2.423,1.077,1,NULL,NULL,,0,0,0,7,255,0,250,0,0
baseline,11591,11591,0,206466.816,0.900,-0.257,-0.260,0.238,3108,0,271,3191,695,1764,0,1373,49,0.897,31,0,108.386,5.633,-99.940,2.700,-41.860,-0.671,-0.428,0.481,-3.404,-4.488,-0.340,4.412,0.236,2.423,1.077,1,NULL,NULL,,0,0,0,7,255,0,250,0,0
baseline,11600,11600,0,206471.817,0.899,-0.255,-0.260,0.242,3117,24,307,3207,810,1797,0,1419,49,0.897,31,0,92.419,5.004,-2.720,-2.680,-92.340,-0.271,-0.112,0.444,-3.404,-3.668,-3.894,4.472,0.198,2.423,1.077,1,NULL,NULL,,0,0,0,7,255,0,250,0,0
baseline,11600,11600,0,206476.817,0.899,-0.255,-0.259,0.246,3124,51,457,3217,895,1799,0,1467,49,0.897,31,0,89.766,3.732,37.140,-11.840,-80.860,0.156,-0.065,0.915,-0.688,-3.668,-4.278,4.544,0.150,2.423,1.077,1,NULL,NULL,,0,0,0,7,255,0,250,0,0
baseline,11615,11615,0,206481.817,0.898,-0.255,-0.258,0.247,3129,73,564,3226,927,1834,0,1527,49,0.897,31,0,42.830,6.994,25.060,-0.960,-34.720,0.280,-0.189,1.130,4.466,-5.382,-4.278,4.624,0.102,2.423,1.077,1,NULL,NULL,,0,0,0,7,255,0,250,0,0
baseline,11615,11615,0,206486.817,0.899,-0.254,-0.258,0.247,3141,107,623,3231,953,1850,0,1591,49,0.897,31,0,8.207,8.992,-7.060,-2.200,3.560,0.140,-0.311,1.186,4.466,-7.804,-3.614,4.688,0.070,2.423,1.077,1,NULL,NULL,,0,0,0,7,255,0,250,0,0
baseline,11647,11647,0,206491.817,0.900,-0.252,-0.257,0.246,3133,143,695,3237,1005,1877,0,1635,49,0.897,31,0,38.130,8.787,-33.660,0.680,17.900,-0.061,-0.260,1.034,4.038,-7.804,-2.672,4.736,0.042,2.423,1.077,1,NULL,NULL,,0,0,0,7,255,0,250,0,0
baseline,11647,11647,0,206496.816,0.900,-0.251,-0.257,0.246,3135,157,747,3231,1051,1905,0,1671,49,0.897,31,0,33.454,7.137,-29.820,-0.840,15.140,-0.194,-0.215,0.774,2.270,-6.766,-2.672,4.768,0.020,2.423,1.077,1,NULL,NULL,,0,0,0,7,255,0,250,0,0
baseline,11647,11647,0,206501.817,0.901,-0.250,-0.257,0.246,3153,156,779,3246,1071,1915,0,1705,49,0.897,31,0,3.930,4.933,-0.700,3.180,2.200,-0.179,-0.094,0.810,1.442,-4.718,-3.228,4.792,0.022,2.423,1.077,1,NULL,NULL,,0,0,0,7,255,0,250,0,0
baseline,11647,11647,0,206506.817,0.900,-0.251,-0.257,0.246,3148,175,805,3244,1093,1937,0,1727,49,0.897,31,0,23.314,4.327,23.160,2.380,-1.220,-0.148,-0.050,0.886,1.442,-4.080,-3.228,4.814,0.036,2.423,1.077,1,NULL,NULL,,0,0,0,7,255,0,250,0,0
baseline,11647,11647,0,206511.817,0.900,-0.251,-0.256,0.246,3157,186,837,3239,1109,1939,0,1735,49,0.897,31,0,20.792,4.620,20.780,0.620,0.320,-0.088,0.033,1.129,2.168,-4.080,-2.712,4.840,0.042,2.423,1.077,1,NULL,NULL,,0,0,0,7,255,0,250,0,0
baseline,11647,11647,0,206516.816,0.901,-0.251,-0.256,0.246,3151,191,843,3251,1133,1958,0,1747,49,0.897,31,0,7.760,5.683,4.900,4.460,4.040,-0.105,0.038,1.070,3.606,-4.392,-1.310,4.870,0.042,2.423,1.077,1,NULL,NULL,,0,0,0,7,255,0,250,0,0
baseline,11666,11666,0,206521.817,0.901,-0.250,-0.255,0.246,3157,201,857,3242,1149,1971,0,1764,49,0.897,31,0,8.451,5.770,-6.620,0.740,5.200,-0.111,0.001,1.040,3.606,-4.504,-1.310,4.902,0.042,2.423,1.077,1,NULL,NULL,,0,0,0,7,255,0,250,0,0
baseline,11666,11666,0,206526.816,0.901,-0.250,-0.255,0.246,3157,211,858,3245,1164,1979,0,1771,49,0.897,31,0,8.137,5.468,-2.040,6.900,3.800,-0.099,-0.012,0.937,3.258,-4.392,-1.590,4.932,0.046,2.423,1.077,1,NULL,NULL,,0,0,0,7,255,0,250,0,0
baseline,11666,11666,0,206531.817,0.901,-0.250,-0.255,0.246,3151,220,863,3253,1174,1983,0,1783,49,0.897,31,0,10.388,5.068,8.440,3.000,5.260,-0.127,-0.001,0.927,2.900,-4.156,-2.378,4.962,0.054,2.423,1.077,1,NULL,NULL,,0,0,0,7,255,0,250,0,0
baseline,11666,11666,0,206536.816,0.901,-0.250,-0.254,0.246,3163,217,869,3251,1179,2003,0,1798,49,0.897,31,0,14.700,4.887,13.820,3.120,3.920,-0.128,0.057,1.013,2.900,-3.934,-2.378,4.984,0.060,2.423,1.077,1,NULL,NULL,,0,0,0,7,255,0,250,0,0
baseline,11666,11666,0,206541.818,0.901,-0.250,-0.254,0.246,3155,227,869,3246,1187,2005,0,1807,49,0.897,31,0,13.348,5.094,12.120,4.640,3.120,-0.118,0.117,1.050,3.308,-3.874,-1.560,5.010,0.062,2.423,1.077,1,NULL,NULL,,0,0,0,7,255,0,250,0,0
baseline,11666,11666,0,206546.817,0.902,-0.251,-0.253,0.245,3157,229,867,3241,1191,2013,0,1813,49,0.897,31,0,10.229,5.242,7.100,5.860,4.460,-0.118,0.109,1.047,3.756,-3.656,-1.224,5.032,0.062,2.423,1.077,1,NULL,NULL,,0,0,0,7,255,0,250,0,0
baseline,11680,11680,0,206551.817,0.902,-0.250,-0.253,0.245,3165,237,867,3250,1193,2013,0,1815,49,0.897,31,0,7.147,5.242,1.860,3.300,6.060,-0.135,0.064,1.035,3.756,-3.656,-1.224,5.060,0.058,2.423,1.077,1,NULL,NULL,,0,0,0,7,255,0,250,0,0
baseline,11680,11680,0,206556.817,0.902,-0.250,-0.252,0.245,3162,247,871,3243,1196,2015,0,1822,49,0.897,31,0,5.754,4.959,2.100,3.300,4.220,-0.157,0.060,0.989,3.350,-3.656,-1.326,5.084,0.054,2.423,1.077,1,NULL,NULL,,0,0,0,7,255,0,250,0,0
baseline,11696,11696,0,206561.817,0.902,-0.250,-0.252,0.245,3159,266,863,3241,1204,2023,0,1828,49,0.897,31,0,7.578,4.897,6.800,3.000,1.480,-0.142,0.089,0.998,3.282,-3.634,-1.510,5.110,0.050,2.423,1.077,1,NULL,NULL,,0,0,0,7,255,0,250,0,0
baseline,11696,11696,0,206566.816,0.902,-0.250,-0.252,0.245,3161,277,871,3243,1209,2031,0,1831,49,0.897,31,0,10.582,4.851,9.980,3.360,1.040,-0.119,0.104,1.023,3.282,-3.572,-1.510,5.134,0.046,2.423,1.077,1,NULL,NULL,,0,0,0,7,255,0,250,0,0
baseline,11696,11696,0,206571.817,0.902,-0.250,-0.251,0.245,3159,287,867,3240,1213,2035,0,1845,49,0.897,31,0,9.168,5.076,8.020,2.760,3.480,-0.107,0.083,1.047,3.606,-3.572,-1.398,5.158,0.042,2.423,1.077,1,NULL,NULL,,0,0,0,7,255,0,250,0,0
baseline,11696,11696,0,206576.817,0.903,-0.250,-0.251,0.245,3157,301,859,3239,1221,2037,0,1848,49,0.897,31,0,8.000,5.301,4.600,2.320,6.120,-0.112,0.063,1.035,3.606,-3.886,-1.398,5.182,0.036,2.423,1.077,1,NULL,NULL,,0,0,0,7,255,0,250,0,0
baseline,11711,11711,0,206581.817,0.903,-0.250,-0.250,0.245,3153,310,860,3235,1227,2039,0,1855,49,0.897,31,0,8.362,5.212,3.940,2.440,6.960,-0.125,0.057,1.013,3.474,-3.886,-1.436,5.206,0.030,2.423,1.077,1,NULL,NULL,,0,0,0,7,255,0,250,0,0
baseline,11711,11711,0,206586.816,0.903,-0.250,-0.250,0.244,3147,307,855,3229,1229,2037,0,1873,49,0.897,31,0,9.358,5.050,5.940,1.960,6.960,-0.130,0.049,0.995,3.254,-3.862,-1.544,5.230,0.024,2.423,1.077,1,NULL,NULL,,0,0,0,7,255,0,250,0,0
baseline,11727,11727,0,206591.817,0.903,-0.250,-0.249,0.244,3141,312,855,3225,1236,2039,0,1877,49,0.897,31,0,11.916,4.954,8.700,1.160,8.060,-0.135,0.040,0.998,3.102,-3.862,-1.638,5.254,0.018,2.423,1.077,1,NULL,NULL,,0,0,0,7,255,0,250,0,0
baseline,11727,11727,0,206596.817,0.903,-0.251,-0.249,0.244,3125,315,847,3219,1233,2037,0,1893,49,0.897,31,0,14.295,4.926,10.960,0.560,9.160,-0.146,0.078,1.010,3.102,-3.826,-1.638,5.274,0.012,2.423,1.077,1,NULL,NULL,,0,0,0,7,255,0,250,0,0
baseline,11744,11744,0,206601.817,0.903,-0.251,-0.248,0.244,3123,311,841,3215,1236,2043,0,1899,49,0.897,31,0,13.808,4.803,10.640,-0.060,8.800,-0.157,0.109,1.026,3.168,-3.610,-1.394,5.298,0.006,2.423,1.077,1,NULL,NULL,,0,0,0,7,255,0,250,0,0
baseline,11744,11744,0,206606.817,0.904,-0.251,-0.247,0.244,3112,325,840,3213,1239,2053,0,1903,49,0.897,31,0,11.051,4.735,7.900,-0.660,7.700,-0.161,0.106,1.031,3.254,-3.440,-1.128,5.320,0.002,2.423,1.077,1,NULL,NULL,,0,0,0,7,255,0,250,0,0
baseline,11744,11744,0,206611.817,0.904,-0.251,-0.247,0.243,3103,318,844,3205,1243,2045,0,1929,49,0.897,31,0,8.724,4.735,5.640,-1.520,6.480,-0.159,0.089,1.019,3.254,-3.440,-1.128,5.346,0.006,2.423,1.077,1,NULL,NULL,,0,0,0,7,255,0,250,0,0
baseline,11744,11744,0,206616.816,0.904,-0.251,-0.246,0.243,3093,325,849,3193,1253,2053,0,1943,49,0.897,31,0,7.206,4.702,4.900,-2.120,4.840,-0.160,0.082,1.007,3.126,-3.512,-1.218,5.370,0.008,2.423,1.077,1,NULL,NULL,,0,0,0,7,255,0,250,0,0
baseline,11744,11744,0,206621.817,0.904,-0.251,-0.246,0.243,3087,329,855,3189,1263,2055,0,1947,49,0.897,31,0,6.614,4.646,5.580,-2.560,2.460,-0.164,0.089,1.012,3.042,-3.512,-1.230,5.394,0.008,2.423,1.077,1,NULL,NULL,,0,0,0,7,255,0,250,0,0
baseline,11744,11744,0,206626.816,0.904,-0.251,-0.245,0.243,3063,335,861,3182,1277,2056,0,1963,49,0.897,31,0,6.139,4.606,5.460,-2.320,-1.580,-0.163,0.110,1.026,3.042,-3.458,-1.230,5.418,0.008,2.423,1.077,1,NULL,NULL,,0,0,0,7,255,0,250,0,0
baseline,11760,11760,0,206631.817,0.905,-0.250,-0.244,0.244,3049,341,883,3175,1298,2063,7,1975,49,0.897,31,0,6.876,4.694,3.380,-2.120,-5.600,-0.151,0.107,1.031,3.196,-3.438,-1.096,5.442,0.008,2.423,1.077,1,NULL,NULL,,0,0,0,7,255,0,250,0,0
baseline,11760,11760,0,206636.817,0.905,-0.250,-0.244,0.244,3045,344,921,3157,1323,2065,12,2004,49,0.897,31,0,7.697,4.721,0.880,-2.000,-7.380,-0.142,0.090,1.026,3.236,-3.438,-1.096,5.466,0.006,2.423,1.077,1,NULL,NULL,,0,0,0,7,255,0,250,0,0
baseline,11761,11761,0,206641.817,0.905,-0.249,-0.244,0.244,3019,350,921,3157,1349,2068,27,2006,49,0.897,31,0,9.013,4.793,-1.020,-1.760,-8.780,-0.151,0.082,1.013,3.236,-3.536,-1.218,5.494,0.006,2.423,1.077,2,NULL,NULL,,0,0,0,7,255,0,250,0,0
baseline,11761,11761,0,206646.817,0.905,-0.249,-0.243,0.245,2997,355,953,3147,1384,2072,43,2021,49,0.897,31,0,11.438,4.684,-1.080,-1.940,-11.220,-0.159,0.079,1.004,3.072,-3.536,-1.282,5.516,0.004,2.423,1.077,2,NULL,NULL,,0,0,0,7,255,0,250,0,0
baseline,11776,11776,0,206651.817,0.905,-0.249,-0.243,0.245,2979,359,983,3135,1403,2077,83,2029,49,0.897,31,0,14.591,4.625,0.200,-1.940,-14.460,-0.163,0.097,1.009,3.040,-3.486,-1.282,5.542,0.004,2.423,1.077,2,NULL,NULL,,0,0,0,7,255,0,250,0,0
baseline,11776,11776,0,206656.816,0.905,-0.248,-0.242,0.246,2965,371,1015,3129,1435,2077,116,2041,49,0.897,31,0,18.850,4.516,-0.580,-1.520,-18.780,-0.153,0.119,1.026,3.040,-3.340,-1.206,5.566,0.004,2.423,1.077,2,NULL,NULL,,0,0,0,7,255,0,250,0,0
baseline,11792,11792,0,206661.817,0.905,-0.247,-0.242,0.247,2942,379,1071,3117,1461,2087,125,2063,49,0.897,31,0,21.769,4.681,-3.340,-1.160,-21.480,-0.140,0.100,1.028,3.280,-3.340,-1.158,5.592,0.006,2.423,1.077,2,NULL,NULL,,0,0,0,7,255,0,250,0,0
baseline,11792,11792,0,206666.817,0.905,-0.247,-0.242,0.248,2925,393,1112,3103,1489,2091,187,2077,49,0.897,31,0,23.475,4.769,-6.140,-0.900,-22.640,-0.128,0.077,1.020,3.280,-3.462,-1.158,5.614,0.008,2.423,1.077,2,NULL,NULL,,0,0,0,7,255,0,250,0,0
baseline,11807,11807,0,206671.817,0.905,-0.246,-0.241,0.249,2903,403,1162,3097,1511,2095,243,2091,49,0.897,31,0,25.516,4.851,-8.700,-0.600,-23.980,-0.125,0.049,1.006,3.218,-3.630,-1.334,5.640,0.008,2.423,1.077,2,NULL,NULL,,0,0,0,7,255,0,250,0,0
baseline,11807,11807,0,206676.816,0.905,-0.245,-0.241,0.250,2877,413,1215,3083,1551,2102,283,2107,49,0.897,31,0,26.206,4.856,-9.560,-0.120,-24.400,-0.116,0.037,0.997,3.046,-3.782,-1.516,5.662,0.008,2.423,1.077,2,NULL,NULL,,0,0,0,7,255,0,250,0,0
baseline,11807,11807,0,206681.817,0.905,-0.244,-0.241,0.251,2857,413,1262,3065,1583,2107,314,2123,49,0.897,31,0,27.462,4.890,-10.480,0.440,-25.380,-0.120,0.026,1.001,3.018,-3.848,-1.626,5.688,0.008,2.423,1.077,2,NULL,NULL,,0,0,0,7,255,0,250,0,0
baseline,11807,11807,0,206686.819,0.905,-0.242,-0.241,0.252,2837,425,1307,3053,1619,2106,346,2135,49,0.897,31,0,27.790,4.890,-11.440,0.560,-25.320,-0.114,0.034,0.997,3.018,-3.848,-1.662,5.710,0.008,2.423,1.077,2,NULL,NULL,,0,0,0,7,255,0,250,0,0
baseline,11823,11823,0,206691.817,0.905,-0.241,-0.241,0.253,2807,451,1367,3047,1651,2109,367,2150,49,0.897,31,0,28.491,4.891,-12.920,0.800,-25.380,-0.120,0.035,1.008,3.022,-3.846,-1.626,5.734,0.006,2.423,1.077,2,NULL,NULL,,0,0,0,7,255,0,250,0,0
baseline,11823,11823,0,206696.817,0.906,-0.240,-0.241,0.254,2787,463,1437,3033,1691,2119,399,2158,49,0.897,31,0,29.616,4.889,-14.500,1.100,-25.800,-0.130,0.053,1.006,3.026,-3.840,-1.534,5.758,0.004,2.423,1.077,2,NULL,NULL,,0,0,0,7,255,0,250,0,0
baseline,11856,11856,0,206701.817,0.906,-0.239,-0.241,0.255,2759,479,1497,3021,1721,2120,425,2181,49,0.897,31,0,31.112,4.733,-16.020,0.740,-26.660,-0.139,0.058,1.002,3.022,-3.642,-1.446,5.784,0.004,2.423,1.077,2,NULL,NULL,,0,0,0,7,255,0,250,0,0
baseline,11856,11856,0,206706.817,0.906,-0.238,-0.241,0.256,2727,493,1559,3013,1759,2125,475,2193,49,0.897,31,0,33.690,4.670,-18.280,0.000,-28.300,-0.148,0.049,1.012,2.994,-3.584,-1.416,5.806,0.002,2.423,1.077,2,NULL,NULL,,0,0,0,7,255,0,250,0,0
baseline,11856,11856,0,206711.817,0.906,-0.236,-0.241,0.257,2694,535,1615,2983,1789,2129,505,2199,49,0.933,31,0,36.898,4.622,-21.700,-0.360,-29.840,-0.144,0.038,1.018,2.918,-3.584,-1.300,0.000,0.000,2.102,1.073,3,NULL,NULL,,0,0,0,7,255,0,250,0,0
baseline,11856,11856,0,206716.816,0.906,-0.234,-0.241,0.258,2659,541,1683,2971,1835,2126,553,2219,49,0.933,31,0,40.832,4.671,-25.300,-0.780,-32.040,-0.137,0.038,1.009,2.918,-3.648,-1.300,0.022,0.002,2.102,1.073,3,NULL,NULL,,0,0,0,7,255,0,250,0,0
baseline,11856,11856,0,206721.817,0.906,-0.233,-0.241,0.259,2631,567,1743,2957,1865,2136,620,2244,49,0.933,31,0,42.786,4.709,-27.500,-1.100,-32.760,-0.120,0.017,0.998,2.928,-3.688,-1.386,0.044,0.006,2.102,1.073,3,NULL,NULL,,0,0,0,7,255,0,250,0,0
baseline,11856,11856,0,206726.816,0.906,-0.231,-0.241,0.260,2587,584,1802,2937,1897,2133,661,2258,49,0.933,31,0,44.137,4.792,-29.880,-1.280,-32.460,-0.117,-0.022,1.001,2.928,-3.794,-1.594,0.066,0.012,2.102,1.073,3,NULL,NULL,,0,0,0,7,255,0,250,0,0
baseline,11872,11872,0,206731.817,0.907,-0.228,-0.241,0.261,2541,588,1851,2919,1933,2137,697,2275,49,0.933,31,0,44.786,4.945,-33.360,-3.100,-29.720,-0.121,-0.055,0.994,2.762,-4.102,-1.656,0.088,0.016,2.102,1.073,3,NULL,NULL,,0,0,0,7,255,0,250,0,0
baseline,11872,11872,0,206736.817,0.907,-0.226,-0.241,0.262,2513,605,1906,2903,1977,2141,742,2292,49,0.933,31,0,44.170,4.826,-33.120,-3.280,-29.040,-0.138,-0.031,0.979,2.542,-4.102,-1.716,0.112,0.018,2.102,1.073,3,NULL,NULL,,0,0,0,7,255,0,250,0,0
baseline,11872,11872,0,206741.817,0.907,-0.225,-0.241,0.263,2472,624,1959,2885,2022,2148,785,2315,49,0.933,31,0,42.954,4.675,-29.460,-4.020,-31.000,-0.143,0.003,0.962,2.542,-3.924,-1.738,0.136,0.020,2.102,1.073,3,NULL,NULL,,0,0,0,7,255,0,250,0,0
baseline,11872,11872,0,206746.817,0.907,-0.223,-0.241,0.264,2422,660,2026,2862,2063,2152,826,2331,49,0.933,31,0,42.479,4.379,-25.860,-4.640,-33.380,-0.137,0.017,0.988,2.596,-3.526,-1.716,0.160,0.020,2.102,1.073,3,NULL,NULL,,0,0,0,7,255,0,250,0,0
baseline,11872,11872,0,206751.817,0.907,-0.221,-0.240,0.265,2375,683,2101,2843,2091,2154,875,2347,49,0.933,31,0,43.348,4.507,-26.220,-5.360,-34.100,-0.123,0.015,1.019,2.808,-3.526,-1.524,0.182,0.020,2.102,1.073,3,NULL,NULL,,0,0,0,7,255,0,250,0,0
baseline,11872,11872,0,206756.817,0.907,-0.219,-0.240,0.266,2328,703,2151,2811,2132,2163,907,2361,49,0.933,31,0,43.802,4.767,-28.600,-5.600,-32.700,-0.109,0.008,1.020,3.018,-3.690,-1.408,0.206,0.020,2.102,1.073,3,NULL,NULL,,0,0,0,7,255,0,250,0,0
baseline,11887,11887,0,206761.817,0.908,-0.217,-0.240,0.267,2275,728,2201,2781,2165,2167,949,2378,49,0.933,31,0,43.356,4.823,-30.240,-6.220,-30.440,-0.104,-0.004,1.003,3.018,-3.762,-1.408,0.228,0.020,2.102,1.073,3,NULL,NULL,,0,0,0,7,255,0,250,0,0
baseline,11887,11887,0,206766.816,0.908,-0.215,-0.240,0.268,2200,743,2259,2761,2200,2172,997,2397,49,0.933,31,0,41.931,4.835,-29.640,-6.580,-28.920,-0.105,-0.031,0.984,3.014,-3.780,-1.578,0.252,0.020,2.102,1.073,3,NULL,NULL,,0,0,0,7,255,0,250,0,0
baseline,11905,11905,0,206771.817,0.908,-0.213,-0.239,0.269,2123,763,2301,2729,2230,2175,1031,2419,49,0.933,31,0,38.692,4.772,-27.320,-7.680,-26.300,-0.118,-0.049,0.975,2.790,-3.872,-1.758,0.274,0.018,2.102,1.073,3,NULL,NULL,,0,0,0,7,255,0,250,0,0
baseline,11905,11905,0,206776.817,0.908,-0.212,-0.239,0.270,2044,786,2351,2694,2265,2184,1083,2443,49,0.933,31,0,38.023,4.672,-26.100,-8.720,-26.240,-0.137,-0.049,1.002,2.570,-3.902,-1.758,0.296,0.018,2.102,1.073,3,NULL,NULL,,0,0,0,7,255,0,250,0,0
baseline,11905,11905,0,206781.817,0.909,-0.210,-0.239,0.271,1960,801,2405,2647,2301,2188,1139,2453,49,0.933,31,0,40.643,4.672,-26.700,-8.840,-29.340,-0.137,-0.037,1.014,2.570,-3.902,-1.448,0.320,0.020,2.102,1.073,3,NULL,NULL,,0,0,0,7,255,0,250,0,0
baseline,11905,11905,0,206786.817,0.909,-0.208,-0.239,0.272,1877,807,2451,2603,2334,2195,1176,2475,49,0.933,31,0,42.281,4.720,-27.260,-9.140,-31.000,-0.109,-0.051,0.998,2.644,-3.910,-1.448,0.342,0.020,2.102,1.073,3,NULL,NULL,,0,0,0,7,255,0,250,0,0
baseline,11952,11952,0,206791.817,0.909,-0.206,-0.238,0.273,1797,815,2493,2548,2376,2190,1211,2492,49,0.933,31,0,40.325,4.787,-26.580,-10.360,-28.500,-0.086,-0.050,0.995,2.710,-3.946,-1.602,0.366,0.020,2.102,1.073,3,NULL,NULL,,0,0,0,7,255,0,250,0,0
baseline,11952,11952,0,206796.816,0.909,-0.204,-0.238,0.274,1718,825,2527,2491,2412,2196,1255,2515,49,0.933,31,0,37.518,4.883,-26.460,-10.860,-24.280,-0.107,-0.018,1.013,2.876,-3.946,-1.602,0.390,0.020,2.102,1.073,3,NULL,NULL,,0,0,0,7,255,0,250,0,0
baseline,11952,11952,0,206801.817,0.909,-0.203,-0.237,0.275,1641,827,2568,2437,2444,2194,1295,2531,49,0.933,31,0,36.414,4.728,-25.360,-10.920,-23.740,-0.121,0.008,1.012,2.968,-3.680,-1.412,0.412,0.020,2.102,1.073,3,NULL,NULL,,0,0,0,7,255,0,250,0,0
baseline,11952,11952,0,206806.817,0.910,-0.201,-0.237,0.276,1559,831,2597,2376,2482,2187,1353,2544,49,0.933,31,0,35.359,4.551,-22.560,-11.960,-24.460,-0.112,-0.008,0.994,2.968,-3.450,-1.412,0.436,0.022,2.102,1.073,3,NULL,NULL,,0,0,0,7,255,0,250,0,0
baseline,11952,11952,0,206811.817,0.910,-0.199,-0.236,0.277,1431,829,2634,2295,2516,2196,1385,2571,49,0.933,31,0,33.340,4.513,-19.440,-12.820,-23.860,-0.099,-0.072,1.009,2.910,-3.450,-1.498,0.458,0.022,2.102,1.073,3,NULL,NULL,,0,0,0,7,255,0,250,0,0
baseline,11952,11952,0,206816.816,0.910,-0.198,-0.235,0.278,1325,825,2661,2231,2543,2195,1436,2589,49,0.933,31,0,32.427,4.878,-20.000,-13.600,-21.600,-0.093,-0.082,1.021,2.730,-4.042,-1.498,0.480,0.024,2.102,1.073,3,NULL,NULL,,0,0,0,7,255,0,250,0,0
baseline,11967,11967,0,206821.817,0.910,-0.196,-0.235,0.278,1228,807,2695,2138,2575,2189,1468,2605,49,0.933,31,0,32.443,4.878,-21.100,-14.400,-20.000,-0.105,-0.052,1.030,2.730,-4.042,-1.450,0.502,0.026,2.102,1.073,3,NULL,NULL,,0,0,0,7,255,0,250,0,0
baseline,11967,11967,0,206826.816,0.911,-0.195,-0.234,0.279,1111,792,2723,2030,2599,2183,1507,2619,49,0.933,31,0,33.719,4.804,-23.420,-15.500,-18.660,-0.110,-0.027,1.041,2.836,-3.878,-1.258,0.524,0.028,2.102,1.073,3,NULL,NULL,,0,0,0,7,255,0,250,0,0
baseline,11967,11967,0,206831.817,0.911,-0.193,-0.233,0.280,1004,775,2745,1899,2629,2175,1553,2635,49,0.933,31,0,34.948,4.719,-23.780,-17.260,-18.920,-0.102,-0.010,1.021,2.972,-3.666,-1.258,0.546,0.028,2.102,1.073,3,NULL,NULL,,0,0,0,7,255,0,250,0,0
baseline,11967,11967,0,206836.817,0.911,-0.191,-0.232,0.280,839,732,2770,1758,2653,2167,1594,2651,49,0.933,31,0,31.986,4.611,-20.180,-18.060,-17.020,-0.091,0.010,1.013,3.052,-3.456,-1.264,0.572,0.030,2.102,1.073,3,NULL,NULL,,0,0,0,7,255,0,250,0,0
baseline,11967,11967,0,206841.817,0.912,-0.190,-0.231,0.281,737,685,2791,1631,2677,2156,1635,2669,49,0.933,31,0,28.834,4.587,-15.900,-20.440,-12.680,-0.069,0.042,1.054,3.208,-3.278,-1.264,0.592,0.030,2.102,1.073,3,NULL,NULL,,0,0,0,7,255,0,250,0,0
baseline,11967,11967,0,206846.817,0.912,-0.189,-0.230,0.281,595,637,2823,1492,2701,2131,1691,2683,49,0.933,31,0,31.496,4.919,-19.740,-21.120,-12.500,-0.067,0.033,1.077,3.668,-3.278,-1.054,0.616,0.032,2.102,1.073,3,NULL,NULL,,0,0,0,7,255,0,250,0,0
baseline,11984,11984,0,206851.817,0.913,-0.187,-0.229,0.281,459,563,2839,1352,2727,2111,1739,2710,49,0.933,31,0,32.689,5.008,-20.000,-25.320,-5.240,-0.050,0.024,1.079,3.704,-3.370,-0.930,0.638,0.034,2.102,1.073,3,NULL,NULL,,0,0,0,7,255,0,250,0,0
baseline,11984,11984,0,206856.817,0.914,-0.186,-0.228,0.281,327,499,2853,1188,2700,2085,1787,2724,49,0.933,31,0,36.174,5.058,-23.600,-27.400,-0.900,-0.055,0.058,1.122,3.772,-3.370,-0.870,0.662,0.034,2.102,1.073,3,NULL,NULL,,0,0,0,7,255,0,250,0,0
baseline,11984,11984,0,206861.817,0.914,-0.185,-0.226,0.281,217,403,2871,1039,2775,2044,1823,2741,49,0.933,31,0,38.259,5.241,-24.140,-29.600,2.200,-0.045,0.175,1.111,4.058,-3.316,-0.482,0.684,0.036,2.102,1.073,3,NULL,NULL,,0,0,0,7,255,0,250,0,0
baseline,11984,11984,0,206866.816,0.915,-0.183,-0.225,0.281,159,331,2897,887,2797,2009,1875,2751,49,0.933,31,0,39.451,5.006,-25.240,-30.320,0.080,-0.112,0.089,1.175,4.058,-2.932,-0.472,0.706,0.036,2.102,1.073,3,NULL,NULL,,0,0,0,7,255,0,250,0,0
baseline,11999,11999,0,206871.817,0.916,-0.183,-0.223,0.279,119,269,2915,787,2815,1965,1913,2763,49,0.933,31,0,55.872,4.924,13.080,-35.400,41.200,-0.302,0.055,1.496,3.956,-2.932,0.320,0.728,0.038,2.102,1.073,3,NULL,NULL,,0,0,0,7,255,0,250,0,0
baseline,11999,11999,0,206876.817,0.917,-0.183,-0.220,0.278,87,207,2927,733,2837,1902,1965,2775,49,0.933,31,0,71.563,4.905,-2.100,-53.820,47.120,-0.376,-0.052,1.537,3.426,-3.510,3.930,0.752,0.040,2.102,1.073,3,NULL,NULL,,0,0,0,7,255,0,250,0,0
baseline,11999,11999,0,206881.817,0.918,-0.180,-0.218,0.277,56,137,2942,686,2853,1843,2008,2783,49,0.933,31,0,80.241,4.788,-53.500,-54.140,25.400,-0.374,-0.264,1.410,2.368,-4.162,3.930,0.774,0.042,2.102,1.073,3,NULL,NULL,,0,0,0,7,255,0,250,0,0
baseline,11999,11999,0,206886.816,0.920,-0.176,-0.216,0.275,30,105,2959,637,2863,1819,2041,2791,49,0.933,31,0,97.460,4.952,-73.400,-61.760,17.220,-0.232,-0.276,1.096,0.782,-4.890,3.228,0.796,0.044,2.102,1.073,3,NULL,NULL,,0,0,0,7,255,0,250,0,0
baseline,12015,12015,0,206891.817,0.921,-0.173,-0.214,0.274,24,40,2963,611,2879,1749,2076,2803,49,0.933,31,0,91.961,4.952,-61.380,-65.720,19.240,-0.126,-0.202,0.907,0.782,-4.890,-0.092,0.818,0.046,2.102,1.073,3,NULL,NULL,,0,0,0,7,255,0,250,0,0
baseline,12015,12015,0,206896.816,0.923,-0.170,-0.211,0.273,24,29,2974,539,2905,1700,2111,2805,49,0.933,31,0,81.490,4.228,-29.640,-70.420,28.340,-0.112,-0.147,0.873,1.240,-4.042,-2.084,0.842,0.048,2.102,1.073,3,NULL,NULL,,0,0,0,7,255,0,250,0,0
baseline,12047,12047,0,206901.817,0.924,-0.170,-0.208,0.272,0,4,2987,503,2927,1641,2142,2812,49,0.933,31,0,84.481,3.766,1.920,-76.040,36.760,-0.183,-0.125,0.986,1.400,-3.496,-2.084,0.864,0.050,2.102,1.073,3,NULL,NULL,,0,0,0,7,255,0,250,0,0
baseline,12047,12047,0,206906.817,0.925,-0.169,-0.204,0.271,0,0,2990,425,2941,1581,2183,2811,49,0.933,31,0,89.369,3.766,17.360,-80.140,35.540,-0.244,-0.157,1.129,1.400,-3.496,-1.018,0.888,0.052,2.102,1.073,3,NULL,NULL,,0,0,0,7,255,0,250,0,0
baseline,12047,12047,0,206911.817,0.926,-0.169,-0.200,0.270,0,0,3000,359,2954,1487,2221,2823,49,0.933,31,0,88.828,3.940,14.360,-83.000,28.200,-0.243,-0.200,1.225,1.158,-3.766,0.474,0.912,0.056,2.102,1.073,3,NULL,NULL,,0,0,0,7,255,0,250,0,0
baseline,12047,12047,0,206916.816,0.928,-0.168,-0.196,0.270,0,0,3005,301,2965,1415,2251,2827,49,0.933,31,0,91.024,4.545,5.760,-87.340,24.980,-0.212,-0.223,1.203,1.156,-4.396,0.956,0.934,0.058,2.102,1.073,3,NULL,NULL,,0,0,0,7,255,0,250,0,0
baseline,12047,12047,0,206921.817,0.929,-0.167,-0.192,0.269,0,0,3005,281,2973,1310,2275,2831,49,0.933,31,0,98.632,4.546,-1.260,-95.080,26.200,-0.166,-0.178,1.185,1.158,-4.396,0.956,0.956,0.058,2.102,1.073,3,NULL,NULL,,0,0,0,7,255,0,250,0,0
baseline,12047,12047,0,206926.816,0.930,-0.165,-0.188,0.268,0,0,3007,175,2984,1196,2301,2831,49,0.933,31,0,101.712,4.605,-5.040,-97.900,27.120,-0.137,-0.119,1.110,1.584,-4.324,0.678,0.978,0.058,2.102,1.073,3,NULL,NULL,,0,0,0,7,255,0,250,0,0
baseline,12071,12071,0,206931.817,0.932,-0.164,-0.183,0.267,0,0,3013,94,2989,1097,2329,2830,49,0.933,31,0,106.597,4.086,0.640,-102.960,27.600,-0.121,-0.108,1.063,1.768,-3.684,0.000,1.000,0.058,2.102,1.073,3,NULL,NULL,,0,0,0,7,255,0,250,0,0
baseline,12071,12071,0,206936.817,0.933,-0.164,-0.178,0.267,0,0,3005,30,2998,991,2349,2829,49,0.933,31,0,110.139,3.911,12.120,-105.760,28.260,-0.117,-0.077,1.102,1.808,-3.468,-0.050,1.024,0.058,2.102,1.073,3,NULL,NULL,,0,0,0,7,255,0,250,0,0
baseline,12071,12071,0,206941.817,0.934,-0.163,-0.173,0.266,0,0,3005,0,3005,855,2367,2825,49,0.933,31,0,113.779,3.851,17.420,-109.740,24.480,-0.093,-0.048,1.140,1.978,-3.304,-0.050,1.046,0.058,2.102,1.073,3,NULL,NULL,,0,0,0,7,255,0,250,0,0
baseline,12071,12071,0,206946.817,0.935,-0.163,-0.168,0.265,0,0,3002,0,3015,733,2389,2825,49,0.933,31,0,116.778,3.982,21.460,-112.420,23.200,-0.089,-0.021,1.182,2.320,-3.236,0.264,1.066,0.062,2.102,1.073,3,NULL,NULL,,0,0,0,7,255,0,250,0,0
baseline,12080,12080,0,206951.817,0.937,-0.162,-0.162,0.265,0,0,2996,0,3019,655,2405,2812,49,0.933,31,0,123.256,3.989,21.520,-118.340,26.920,-0.097,0.003,1.260,2.498,-3.110,0.690,1.086,0.066,2.102,1.073,3,NULL,NULL,,0,0,0,7,255,0,250,0,0
baseline,12080,12080,0,206956.816,0.938,-0.162,-0.156,0.264,0,0,2989,0,3023,567,2423,2803,49,0.933,31,0,131.705,3.989,23.580,-125.660,31.620,-0.111,-0.012,1.311,2.498,-3.110,1.488,1.104,0.070,2.102,1.073,3,NULL,NULL,,0,0,0,7,255,0,250,0,0
baseline,12080,12080,0,206961.819,0.939,-0.161,-0.150,0.263,0,0,2979,0,3025,439,2431,2793,49,0.933,31,0,140.143,3.976,14.680,-134.080,38.040,-0.112,0.020,1.355,2.546,-3.054,2.022,1.124,0.076,2.102,1.073,3,NULL,NULL,,0,0,0,7,255,0,250,0,0
baseline,12080,12080,0,206966.817,0.941,-0.160,-0.144,0.261,0,0,2969,0,3027,377,2447,2773,49,0.933,31,0,146.766,3.935,6.380,-140.260,42.740,-0.105,0.059,1.395,2.546,-3.000,2.510,1.146,0.080,2.102,1.073,3,NULL,NULL,,0,0,0,7,255,0,250,0,0
baseline,12112,12112,0,206971.817,0.943,-0.159,-0.137,0.260,0,0,2952,0,3027,327,2459,2747,49,0.933,31,0,155.789,3.739,6.000,-148.560,46.520,-0.161,0.112,1.414,2.546,-2.738,2.946,1.166,0.084,2.102,1.073,3,NULL,NULL,,0,0,0,7,255,0,250,0,0
baseline,12112,12112,0,206976.816,0.944,-0.157,-0.131,0.258,0,0,2936,0,3027,275,2469,2727,49,0.933,31,0,165.770,3.157,0.280,-158.620,48.160,-0.235,0.181,1.495,2.430,-2.016,3.402,1.188,0.088,2.102,1.073,3,NULL,NULL,,0,0,0,7,255,0,250,0,0
baseline,12112,12112,0,206981.817,0.946,-0.156,-0.123,0.257,0,0,2915,0,3022,197,2476,2697,49,0.933,31,0,171.531,2.626,2.040,-167.360,37.540,-0.288,0.145,1.623,2.148,-1.510,4.502,1.206,0.092,2.102,1.073,3,NULL,NULL,,0,0,0,7,255,0,250,0,0
baseline,12112,12112,0,206986.817,0.947,-0.154,-0.116,0.256,0,0,2890,0,3015,170,2483,2658,49,0.933,31,0,181.217,2.113,0.080,-178.940,28.640,-0.340,0.120,1.644,1.572,-1.412,5.834,1.228,0.098,2.102,1.073,3,NULL,NULL,,0,0,0,7,255,0,250,0,0
baseline,12112,12112,0,206991.817,0.949,-0.152,-0.108,0.256,0,0,2867,0,3002,127,2491,2616,49,0.933,31,0,191.561,1.768,-1.440,-190.660,18.500,-0.327,0.116,1.801,0.920,-1.510,6.164,1.246,0.102,2.102,1.073,3,NULL,NULL,,0,0,0,7,255,0,250,0,0
baseline,12112,12112,0,206996.817,0.950,-0.149,-0.099,0.256,0,0,2837,0,2991,81,2491,2555,49,0.933,31,0,199.185,1.826,-5.580,-198.720,12.400,-0.360,0.134,1.962,0.818,-1.632,7.624,1.266,0.106,2.102,1.073,3,NULL,NULL,,0,0,0,7,255,0,250,0,0
baseline,12143,12143,0,207001.817,0.951,-0.146,-0.091,0.255,0,0,2797,0,2973,44,2490,2489,49,0.933,31,0,213.535,1.873,-30.680,-210.740,15.640,-0.321,0.290,2.041,0.920,-1.632,9.266,1.286,0.110,2.102,1.073,3,NULL,NULL,,0,0,0,7,255,0,250,0,0
baseline,12143,12143,0,207006.817,0.953,-0.142,-0.082,0.255,0,0,2745,0,2956,7,2491,2408,49,0.933,31,0,228.304,1.626,-38.920,-224.660,11.660,-0.354,0.397,2.078,1.564,-0.446,10.140,1.306,0.112,2.102,1.073,3,NULL,NULL,,0,0,0,7,255,0,250,0,0
baseline,12143,12143,0,207011.817,0.955,-0.137,-0.072,0.255,0,0,2677,0,2919,0,2485,2317,49,0.933,31,0,249.413,1.776,-61.980,-241.140,14.720,-0.374,0.531,2.196,1.594,0.784,10.718,1.326,0.116,2.102,1.073,3,NULL,NULL,,0,0,0,7,255,0,250,0,0
baseline,12143,12143,0,207016.816,0.956,-0.131,-0.062,0.255,0,0,2595,0,2861,0,2471,2205,49,0.933,31,0,256.511,2.614,-72.780,-245.960,-2.180,-0.429,0.596,2.386,1.564,2.094,12.042,1.344,0.122,2.102,1.073,3,NULL,NULL,,0,0,0,7,255,0,250,0,0
baseline,12143,12143,0,207021.817,0.957,-0.125,-0.053,0.256,0,0,2494,0,2795,0,2440,2053,49,0.933,31,0,264.677,3.277,-79.920,-251.580,-19.340,-0.493,0.639,2.533,1.492,2.918,14.012,1.360,0.128,2.102,1.073,3,NULL,NULL,,0,0,0,7,255,0,250,0,0
baseline,12143,12143,0,207026.816,0.958,-0.119,-0.043,0.257,0,0,2373,0,2697,0,2409,1843,49,0.933,31,0,273.636,3.865,-90.540,-256.160,-32.580,-0.559,0.795,2.670,0.894,3.760,15.530,1.376,0.136,2.102,1.073,3,NULL,NULL,,0,0,0,7,255,0,250,0,0
baseline,12175,12175,0,207031.817,0.959,-0.112,-0.034,0.259,0,0,2202,0,2567,0,2372,1645,49,0.933,31,0,276.935,5.709,-112.280,-248.960,-45.880,-0.654,0.907,2.858,0.804,5.652,17.024,1.388,0.146,2.102,1.073,3,NULL,NULL,,0,0,0,7,255,0,250,0,0
baseline,12175,12175,0,207036.817,0.960,-0.102,-0.025,0.261,0,0,2037,0,2397,0,2311,1407,49,0.933,31,0,308.115,7.346,-173.000,-249.320,-53.340,-0.814,0.919,2.900,0.288,7.340,18.936,1.402,0.160,2.102,1.073,3,NULL,NULL,,0,0,0,7,255,0,250,0,0
baseline,12175,12175,0,207041.817,0.960,-0.089,-0.018,0.264,0,0,1863,0,2245,0,2219,1205,49,0.933,31,0,370.114,8.962,-252.420,-259.640,-76.520,-0.826,0.848,2.709,-1.268,8.872,18.936,1.412,0.172,2.102,1.073,3,NULL,NULL,,0,0,0,7,255,0,250,0,0
baseline,12175,12175,0,207046.817,0.960,-0.075,-0.009,0.269,0,0,1657,0,2044,0,2091,1005,49,0.933,31,0,393.136,9.079,-262.920,-267.580,-117.600,-0.838,0.461,2.574,-1.926,8.872,17.110,1.420,0.188,2.102,1.073,3,NULL,NULL,,0,0,0,7,255,0,250,0,0
baseline,12175,12175,0,207051.817,0.960,-0.060,-0.000,0.274,0,0,1439,0,1829,0,1977,906,49,0.933,31,0,411.658,8.212,-255.280,-298.820,-122.480,-0.786,0.183,2.424,-4.116,7.106,15.358,1.428,0.204,2.102,1.073,3,NULL,NULL,,0,0,0,7,255,0,250,0,0
baseline,12175,12175,0,207056.817,0.959,-0.045,0.011,0.279,0,0,1159,0,1605,0,1811,766,49,0.933,31,0,453.662,7.505,-281.040,-336.780,-115.780,-0.568,-0.109,2.102,-5.210,5.402,13.582,1.432,0.224,2.102,1.073,3,NULL,NULL,,0,0,0,7,255,0,250,0,0
baseline,12191,12191,0,207061.817,0.959,-0.028,0.022,0.282,0,0,950,0,1357,0,1559,671,49,0.933,31,0,468.137,5.853,-285.800,-355.580,-105.040,-0.340,-0.173,1.653,-5.210,2.668,10.244,1.434,0.246,2.102,1.073,3,NULL,NULL,,0,0,0,7,255,0,250,0,0
baseline,12191,12191,0,207066.816,0.958,-0.014,0.034,0.286,0,0,664,0,1100,0,1239,599,49,0.933,31,0,446.466,4.089,-240.200,-361.500,-104.660,-0.162,-0.218,1.254,-3.816,1.468,5.812,1.432,0.272,2.102,1.073,3,NULL,NULL,,0,0,0,7,255,0,250,0,0
baseline,12208,12208,0,207071.817,0.956,-0.003,0.049,0.288,0,0,474,0,885,0,900,537,49,0.933,31,0,414.568,2.722,-129.360,-386.720,-74.700,-0.040,-0.319,1.166,-2.700,0.346,1.972,1.428,0.300,2.102,1.073,4,NULL,NULL,,0,0,0,7,255,0,250,0,0
baseline,12208,12208,0,207076.816,0.956,0.003,0.066,0.287,0,0,253,0,624,0,458,376,49,0.933,31,0,427.924,2.487,-33.000,-425.460,-31.840,0.007,-0.271,1.455,-2.486,-0.050,1.972,1.416,0.334,2.102,1.073,4,NULL,NULL,,0,0,0,7,255,0,250,0,0
baseline,12208,12208,0,207081.817,0.955,0.009,0.084,0.284,0,0,119,0,380,0,71,280,49,0.933,31,0,449.281,2.487,6.920,-448.420,26.920,-0.140,-0.074,1.880,-2.486,-0.050,4.012,1.402,0.374,2.102,1.073,4,NULL,NULL,,0,0,0,7,255,0,250,0,0
baseline,12208,12208,0,207086.817,0.955,0.015,0.102,0.279,0,0,31,0,153,0,0,163,49,0.933,31,0,462.758,4.781,-10.660,-456.360,75.940,-0.450,0.177,2.043,-3.448,3.312,7.574,1.380,0.422,2.102,1.073,4,NULL,NULL,,0,0,0,7,255,0,250,0,0
baseline,12258,12258,0,207091.817,0.955,0.024,0.119,0.272,0,0,0,0,1,0,0,139,49,0.933,31,0,478.048,9.345,-76.080,-457.820,114.640,-0.626,0.448,1.992,-5.392,7.632,7.574,1.354,0.472,2.102,1.073,4,NULL,NULL,,0,0,0,7,255,0,250,0,0
baseline,12258,12258,0,207096.816,0.954,0.035,0.135,0.264,0,0,0,0,0,0,0,41,49,0.933,31,0,504.021,12.398,-133.220,-463.860,145.340,-0.814,0.384,1.598,-5.844,10.934,6.488,1.322,0.528,2.102,1.073,4,NULL,NULL,,0,0,0,7,255,0,250,0,0
baseline,12258,12258,0,207101.817,0.954,0.048,0.152,0.254,0,0,0,0,0,0,0,0,49,0.933,31,0,554.586,13.231,-143.720,-496.820,200.200,-0.953,0.319,1.194,-7.450,10.934,1.818,1.292,0.582,2.102,1.073,4,NULL,NULL,,0,0,0,7,255,0,250,0,0
baseline,12258,12258,0,207106.817,0.954,0.062,0.169,0.242,0,0,0,0,0,0,0,0,49,0.933,31,0,611.674,13.231,-182.340,-526.000,253.420,-0.769,0.822,0.811,-7.450,10.934,-2.850,1.260,0.638,2.102,1.073,4,NULL,NULL,,0,0,0,7,255,0,250,0,0
baseline,12258,12258,0,207111.817,0.951,0.081,0.185,0.234,0,0,0,0,0,0,0,0,49,0.933,31,0,617.838,13.166,-318.020,-506.280,155.780,-0.141,1.219,0.587,-3.884,12.580,-6.928,1.230,0.690,2.102,1.073,4,NULL,NULL,,0,0,0,7,255,0,250,0,0
baseline,12258,12258,0,207116.816,0.947,0.096,0.200,0.233,0,0,0,0,0,0,0,0,49,0.933,31,0,503.941,13.073,-280.500,-418.580,8.180,0.388,0.878,0.221,3.558,12.580,-7.678,1.208,0.736,2.102,1.073,4,NULL,NULL,,0,0,0,7,255,0,250,0,0
baseline,12271,12271,0,207121.817,0.944,0.105,0.206,0.235,0,0,0,0,0,0,0,0,49,0.933,31,0,317.455,7.465,-205.900,-240.540,-22.880,-0.373,0.237,-0.137,3.558,6.562,-8.276,1.190,0.776,2.102,1.073,4,NULL,NULL,,0,0,0,7,255,0,250,0,0
baseline,12271,12271,0,207126.816,0.944,0.109,0.206,0.232,0,0,0,0,0,0,0,0,49,0.933,31,0,143.660,2.922,-89.080,-78.060,81.300,-0.263,0.144,-0.175,-0.588,2.862,-13.226,1.178,0.814,2.102,1.073,0,NULL,NULL,,0,0,0,7,255,0,250,0,0
baseline,12271,12271,0,207131.817,0.946,0.106,0.204,0.228,0,0,0,0,0,0,0,0,49,0.933,31,0,104.024,3.055,53.120,-13.720,88.380,-0.781,0.194,0.317,-1.068,2.862,-13.226,1.164,0.850,2.102,1.073,0,NULL,NULL,,0,0,0,7,255,0,250,0,0
baseline,12271,12271,0,207136.816,0.947,0.104,0.203,0.226,0,0,0,0,0,0,0,0,49,0.933,31,0,54.904,8.270,44.880,16.600,26.920,-1.025,0.339,0.892,-5.924,5.770,-11.466,1.144,0.896,2.102,1.073,0,NULL,NULL,,0,0,0,7,255,0,250,0,0
baseline,12271,12271,0,207141.817,0.948,0.102,0.197,0.229,0,0,0,0,0,0,0,0,49,0.933,31,0,135.215,11.964,-26.700,127.760,-35.320,-0.746,0.550,1.225,-6.464,10.068,-7.898,1.114,0.948,2.102,1.073,0,NULL,NULL,,0,0,0,7,255,0,250,0,0
baseline,12271,12271,0,207146.817,0.948,0.103,0.188,0.234,0,0,0,0,0,0,0,0,49,0.933,31,0,223.627,11.964,-95.320,196.240,-49.120,-0.588,0.467,0.727,-6.464,10.068,-7.392,1.070,1.018,2.102,1.073,0,NULL,NULL,,0,0,0,7,255,0,250,0,0
baseline,12288,12288,0,207151.817,0.949,0.102,0.180,0.237,0,0,0,0,0,0,0,0,49,0.933,31,0,174.729,10.778,-57.780,164.000,-17.200,-0.547,0.724,0.500,-4.054,9.986,-7.392,1.020,1.092,2.102,1.073,0,NULL,NULL,,0,0,0,7,255,0,250,0,0
baseline,12288,12288,0,207156.817,0.950,0.102,0.173,0.240,0,0,0,0,0,0,0,0,49,0.933,31,0,163.777,9.073,-75.540,143.560,-22.520,-0.353,0.575,0.543,-1.754,8.902,-8.092,0.962,1.174,2.102,1.073,0,NULL,NULL,,0,0,0,7,255,0,250,0,0
baseline,12288,12288,0,207161.817,0.950,0.103,0.165,0.242,0,0,0,0,0,0,0,0,49,0.933,31,0,186.311,8.220,-88.960,163.640,4.460,-0.290,0.397,0.378,-0.978,8.162,-8.878,0.904,1.254,2.102,1.073,0,NULL,NULL,,0,0,0,7,255,0,250,0,0
baseline,12288,12288,0,207166.816,0.952,0.104,0.156,0.244,0,0,0,0,0,0,0,0,49,0.933,31,0,195.607,5.937,-101.780,165.360,23.640,-0.323,0.299,0.089,-0.978,5.856,-8.878,0.852,1.332,2.102,1.073,0,NULL,NULL,,0,0,0,7,255,0,250,0,0
baseline,12305,12305,0,207171.817,0.953,0.104,0.147,0.245,0,0,0,0,0,0,0,0,49,0.933,31,0,180.919,4.231,-93.240,151.980,30.660,-0.313,0.280,-0.156,-0.928,4.128,-11.294,0.810,1.396,2.102,1.073,0,NULL,NULL,,0,0,0,7,255,0,250,0,0
baseline,12305,12305,0,207176.817,0.954,0.103,0.139,0.246,0,0,0,0,0,0,0,0,49,0.933,31,0,167.101,3.106,-68.400,149.000,32.300,-0.258,0.267,-0.355,-0.610,3.046,-13.360,0.778,1.454,2.102,1.073,0,NULL,NULL,,0,0,0,7,255,0,250,0,0
baseline,12320,12320,0,207181.817,0.955,0.100,0.133,0.247,0,0,0,0,0,0,0,0,49,0.933,31,0,159.400,2.008,-29.640,152.040,37.600,-0.193,0.233,-0.466,0.094,2.006,-14.896,0.750,1.506,2.102,1.073,0,NULL,NULL,,0,0,0,7,255,0,250,0,0
baseline,12320,12320,0,207186.816,0.956,0.096,0.127,0.246,0,0,0,0,0,0,0,0,49,0.933,31,0,157.887,1.250,19.140,149.120,48.220,-0.160,0.187,-0.459,0.574,1.110,-15.322,0.716,1.566,2.102,1.073,0,NULL,NULL,,0,0,0,7,255,0,250,0,0
baseline,12320,12320,0,207191.817,0.958,0.090,0.120,0.245,0,0,0,0,0,0,0,0,49,0.933,31,0,167.966,1.051,59.780,144.040,62.380,-0.169,0.139,-0.313,0.574,0.880,-15.322,0.680,1.626,2.102,1.073,0,NULL,NULL,,0,0,0,7,255,0,250,0,0
baseline,12320,12320,0,207196.817,0.960,0.083,0.113,0.243,0,0,0,0,0,0,0,0,49,0.933,31,0,185.194,0.880,86.020,145.080,76.480,-0.229,0.154,-0.102,-0.028,0.880,-13.902,0.634,1.698,2.102,1.073,0,NULL,NULL,,0,0,0,7,255,0,250,0,0
baseline,12352,12352,0,207201.817,0.962,0.076,0.106,0.240,0,0,0,0,0,0,0,0,49,0.933,31,0,196.316,2.135,98.240,148.380,82.900,-0.303,0.212,0.079,-0.794,1.982,-12.142,0.590,1.764,2.102,1.073,0,NULL,NULL,,0,0,0,7,255,0,250,0,0
baseline,12352,12352,0,207206.817,0.964,0.069,0.099,0.237,0,0,0,0,0,0,0,0,49,0.933,31,0,203.009,3.632,104.520,153.260,82.460,-0.367,0.234,0.217,-1.412,3.346,-10.730,0.548,1.832,2.102,1.073,0,NULL,NULL,,0,0,0,7,255,0,250,0,0
baseline,12352,12352,0,207211.817,0.966,0.062,0.092,0.235,0,0,0,0,0,0,0,0,49,0.933,31,0,209.508,4.657,109.040,160.900,78.200,-0.414,0.210,0.328,-2.048,4.182,-9.574,0.512,1.896,2.102,1.073,0,NULL,NULL,,0,0,0,7,255,0,250,0,0
baseline,12352,12352,0,207216.816,0.967,0.055,0.084,0.232,0,0,0,0,0,0,0,0,49,0.933,31,0,215.534,5.211,109.700,171.080,71.780,-0.449,0.184,0.428,-2.704,4.454,-8.508,0.482,1.950,2.102,1.073,0,NULL,NULL,,0,0,0,7,255,0,250,0,0
baseline,12352,12352,0,207221.817,0.969,0.048,0.076,0.231,0,0,0,0,0,0,0,0,49,0.933,31,0,221.659,5.607,106.780,183.300,64.280,-0.483,0.174,0.507,-3.232,4.582,-7.484,0.456,2.000,2.102,1.073,0,NULL,NULL,,0,0,0,7,255,0,250,0,0
baseline,12352,12352,0,207226.816,0.970,0.042,0.068,0.229,0,0,0,0,0,0,0,0,49,0.933,31,0,228.996,5.993,102.380,197.020,56.040,-0.522,0.167,0.574,-3.638,4.762,-6.666,0.432,2.050,2.102,1.073,0,NULL,NULL,,0,0,0,7,255,0,250,0,0
baseline,12368,12368,0,207231.817,0.971,0.035,0.059,0.228,0,0,0,0,0,0,0,0,49,0.933,31,0,237.074,6.362,97.440,211.180,45.960,-0.558,0.146,0.623,-4.026,4.926,-5.952,0.412,2.094,2.102,1.073,0,NULL,NULL,,0,0,0,7,255,0,250,0,0
baseline,12368,12368,0,207236.817,0.972,0.028,0.049,0.228,0,0,0,0,0,0,0,0,49,0.933,31,0,245.669,6.614,92.740,225.100,32.900,-0.584,0.116,0.649,-4.414,4.926,-5.360,0.392,2.142,2.102,1.073,0,NULL,NULL,,0,0,0,7,255,0,250,0,0
baseline,12368,12368,0,207241.817,0.973,0.022,0.039,0.228,0,0,0,0,0,0,0,0,49,0.933,31,0,255.529,6.679,90.660,238.220,18.080,-0.593,0.096,0.672,-4.718,4.728,-4.946,0.376,2.180,2.102,1.073,0,NULL,NULL,,0,0,0,7,255,0,250,0,0
baseline,12368,12368,0,207246.817,0.973,0.015,0.029,0.229,0,0,0,0,0,0,0,0,49,0.933,31,0,265.433,6.550,90.480,249.520,2.760,-0.580,0.077,0.688,-4.718,4.544,-4.540,0.356,2.224,2.102,1.073,0,NULL,NULL,,0,0,0,7,255,0,250,0,0
baseline,12383,12383,0,207251.817,0.973,0.008,0.018,0.231,0,0,0,0,0,0,0,0,49,0.933,31,0,275.684,6.313,91.100,259.960,-11.100,-0.550,0.063,0.700,-4.668,4.250,-4.184,0.334,2.270,2.102,1.073,0,NULL,NULL,,0,0,0,7,255,0,250,0,0
baseline,12383,12383,0,207256.816,0.972,0.001,0.007,0.233,0,0,0,0,0,0,0,0,49,0.933,31,0,284.284,5.850,92.500,267.960,-21.420,-0.489,0.042,0.681,-4.346,3.916,-3.874,0.310,2.318,2.102,1.073,0,NULL,NULL,,0,0,0,7,255,0,250,0,0
baseline,12383,12383,0,207261.819,0.972,-0.006,-0.004,0.235,0,0,0,0,0,0,0,0,49,0.933,31,0,292.196,5.038,96.700,274.360,-27.460,-0.456,0.032,0.695,-3.780,3.330,-3.864,0.284,2.366,2.102,1.073,0,NULL,NULL,,0,0,0,7,255,0,250,0,0
baseline,12383,12383,0,207266.816,0.971,-0.014,-0.015,0.238,0,0,0,0,0,0,0,0,49,0.933,31,0,298.887,4.530,101.280,278.820,-36.540,-0.427,0.035,0.662,-3.392,3.002,-3.786,0.256,2.422,2.102,1.073,0,NULL,NULL,,0,0,0,7,255,0,250,0,0
baseline,12401,12401,0,207271.817,0.970,-0.022,-0.026,0.241,0,0,0,0,0,0,0,0,49,0.933,31,0,303.548,4.085,110.920,278.580,-47.240,-0.343,0.023,0.667,-3.010,2.762,-3.638,0.226,2.474,2.102,1.073,0,NULL,NULL,,0,0,0,7,255,0,250,0,0
baseline,12401,12401,0,207276.816,0.969,-0.030,-0.037,0.244,0,0,0,0,0,0,0,0,49,0.933,31,0,310.708,3.083,122.280,280.340,-54.740,-0.212,-0.047,0.642,-2.196,2.164,-3.786,0.194,2.532,2.102,1.073,0,NULL,NULL,,0,0,0,7,255,0,250,0,0
baseline,12416,12416,0,207281.817,0.967,-0.039,-0.047,0.247,0,0,0,0,0,0,0,0,49,0.933,31,0,317.653,1.527,143.340,279.000,-50.160,-0.101,-0.085,0.694,-1.286,0.824,-3.638,0.166,2.584,2.102,1.073,0,NULL,NULL,,0,0,0,7,255,0,250,0,0
baseline,12416,12416,0,207286.817,0.965,-0.048,-0.057,0.250,0,0,0,0,0,0,0,0,49,0.933,31,0,321.054,0.362,158.840,275.220,-45.820,-0.067,-0.018,0.776,-0.346,0.106,-3.362,0.134,2.642,2.102,1.073,0,NULL,NULL,,0,0,0,7,255,0,250,0,0
baseline,12416,12416,0,207291.817,0.963,-0.058,-0.066,0.253,0,0,0,0,0,0,0,0,49,0.933,31,0,318.464,0.458,169.460,265.940,-44.480,0.004,0.024,0.847,0.452,-0.076,-2.622,0.108,2.696,2.102,1.073,0,NULL,NULL,,0,0,0,7,255,0,250,0,0
baseline,12416,12416,0,207296.817,0.962,-0.068,-0.074,0.255,0,0,0,0,0,0,0,0,49,0.933,31,0,322.098,1.444,180.020,264.280,-38.680,0.103,0.020,0.902,1.442,-0.076,-2.048,0.084,2.750,2.102,1.073,0,NULL,NULL,,0,0,0,7,255,0,250,0,0
baseline,12448,12448,0,207301.817,0.959,-0.079,-0.083,0.257,0,0,0,0,0,0,0,0,49,0.933,31,0,330.010,2.563,196.800,263.500,-27.280,0.193,-0.021,0.932,2.428,-0.820,-1.682,0.066,2.800,2.102,1.073,0,NULL,NULL,,0,0,0,7,255,0,250,0,0
baseline,12448,12448,0,207306.817,0.957,-0.091,-0.091,0.259,0,0,0,0,0,0,0,0,49,0.933,31,0,333.205,3.636,212.980,256.040,-10.420,0.254,-0.080,1.034,3.130,-1.850,-1.600,0.058,2.848,2.102,1.073,0,NULL,NULL,,0,0,0,7,255,0,250,0,0
baseline,12448,12448,0,207311.817,0.955,-0.102,-0.098,0.259,0,0,0,0,0,0,0,0,49,0.933,31,0,333.626,4.676,220.540,250.180,8.860,0.259,-0.090,1.223,3.592,-2.994,-0.828,0.058,2.894,2.102,1.073,0,NULL,NULL,,0,0,0,7,255,0,250,0,0
baseline,12448,12448,0,207316.816,0.953,-0.114,-0.106,0.259,0,0,0,0,0,0,0,0,49,0.933,31,0,329.509,5.253,216.220,246.840,29.920,0.202,-0.036,1.372,3.970,-3.440,0.850,0.066,2.938,2.102,1.073,0,NULL,NULL,,0,0,0,7,255,0,250,0,0
baseline,12448,12448,0,207321.817,0.951,-0.126,-0.113,0.258,0,0,0,0,0,0,0,0,49,0.933,31,0,337.439,5.253,221.400,251.540,39.680,0.052,0.050,1.427,3.970,-3.440,2.296,0.078,2.978,2.102,1.073,0,NULL,NULL,,0,0,0,7,255,0,250,0,0
baseline,12448,12448,0,207326.816,0.949,-0.137,-0.121,0.257,0,0,0,0,0,0,0,0,49,0.933,31,0,323.695,5.176,206.820,246.520,35.100,0.037,0.010,1.728,3.868,-3.440,3.128,0.090,3.018,2.102,1.073,0,NULL,NULL,,0,0,0,7,255,0,250,0,0
baseline,12467,12467,0,207331.817,0.947,-0.147,-0.129,0.255,0,0,0,0,0,0,0,0,49,0.933,31,0,310.710,5.379,176.480,253.000,37.240,0.026,0.000,1.771,3.868,-3.738,5.848,0.100,3.052,2.102,1.073,0,NULL,NULL,,0,0,0,7,255,0,250,0,0
baseline,12467,12467,0,207336.817,0.945,-0.156,-0.138,0.254,0,0,0,0,0,0,0,0,49,0.933,31,0,297.327,5.804,147.240,254.960,41.460,0.020,-0.024,1.735,3.944,-4.258,5.848,0.108,3.084,2.102,1.073,0,NULL,NULL,,0,0,0,7,255,0,250,0,0
baseline,12468,12468,0,207341.817,0.942,-0.164,-0.147,0.252,0,0,0,0,0,0,0,0,49,0.933,31,0,290.290,6.131,127.400,256.780,45.840,-0.018,-0.079,1.655,3.944,-4.694,5.656,0.112,3.110,2.102,1.073,0,NULL,NULL,,0,0,0,7,255,0,250,0,0
baseline,12468,12468,0,207346.817,0.940,-0.172,-0.156,0.250,0,0,0,0,0,0,0,0,49,0.933,31,0,288.535,6.119,119.100,258.800,45.720,-0.076,-0.138,1.565,3.406,-5.084,4.822,0.118,3.134,2.102,1.073,0,NULL,NULL,,0,0,0,7,255,0,250,0,0
baseline,12479,12479,0,207351.817,0.938,-0.179,-0.165,0.248,0,0,0,0,0,0,0,0,49,0.933,31,0,290.342,5.985,120.940,261.000,39.380,-0.124,-0.188,1.518,2.650,-5.366,3.976,0.120,3.152,2.102,1.073,0,NULL,NULL,,0,0,0,7,255,0,250,0,0
baseline,12479,12479,0,207356.817,0.935,-0.187,-0.174,0.247,0,0,0,0,0,0,0,0,49,0.933,31,0,293.944,6.094,126.740,263.620,29.060,-0.153,-0.241,1.505,2.102,-5.720,3.508,0.122,3.164,2.102,1.073,0,NULL,NULL,,0,0,0,7,255,0,250,0,0
baseline,12499,12499,0,207361.817,0.932,-0.194,-0.183,0.246,0,0,0,0,0,0,0,0,49,0.933,31,0,297.485,6.534,133.760,265.020,19.240,-0.161,-0.275,1.526,1.796,-6.282,3.280,0.124,3.172,2.102,1.073,0,NULL,NULL,,0,0,0,7,255,0,250,0,0
baseline,12499,12499,0,207366.816,0.928,-0.202,-0.193,0.246,0,0,0,0,0,0,0,0,49,0.933,31,0,302.091,7.112,139.860,267.580,9.960,-0.176,-0.281,1.545,1.796,-6.882,3.280,0.128,3.178,2.102,1.073,0,NULL,NULL,,0,0,0,7,255,0,250,0,0
baseline,12499,12499,0,207371.817,0.924,-0.210,-0.202,0.246,0,0,0,0,0,0,0,0,49,0.933,31,0,307.118,7.444,148.220,268.980,-1.460,-0.200,-0.312,1.550,1.796,-7.224,3.276,0.136,3.178,2.102,1.073,0,NULL,NULL,,0,0,0,7,255,0,250,0,0
baseline,12499,12499,0,207376.817,0.920,-0.219,-0.211,0.247,0,0,0,0,0,0,0,0,49,0.933,31,0,313.939,7.919,159.760,269.720,-16.900,-0.207,-0.312,1.643,1.898,-7.688,3.322,0.148,3.178,2.102,1.073,0,NULL,NULL,,0,0,0,7,255,0,250,0,0
baseline,12502,12502,0,207381.817,0.916,-0.227,-0.220,0.248,0,0,0,0,0,0,0,0,49,0.933,31,0,318.759,8.606,167.620,268.800,-35.460,-0.155,-0.347,1.722,2.170,-8.328,3.846,0.162,3.178,2.102,1.073,0,NULL,NULL,,0,0,0,7,255,0,250,0,0
baseline,12502,12502,0,207386.817,0.911,-0.236,-0.229,0.250,0,0,0,0,0,0,0,0,49,0.933,31,0,324.151,9.853,178.560,265.880,-49.980,-0.040,-0.399,1.800,2.810,-9.444,3.846,0.180,3.174,2.102,1.073,0,NULL,NULL,,0,0,0,7,255,0,250,0,0
baseline,12560,12560,0,207391.817,0.905,-0.245,-0.237,0.253,0,0,0,0,0,0,0,0,49,0.933,31,0,330.282,11.579,184.840,266.300,-63.280,0.105,-0.375,1.874,3.828,-10.928,3.652,0.200,3.168,2.102,1.073,0,NULL,NULL,,0,0,0,7,255,0,250,0,0
baseline,12560,12560,0,207396.816,0.900,-0.254,-0.245,0.257,0,0,0,0,0,0,0,0,49,0.933,31,0,341.131,13.078,204.000,262.340,-77.020,0.311,-0.424,1.948,5.420,-11.902,3.244,0.224,3.162,2.102,1.073,0,NULL,NULL,,0,0,0,7,255,0,250,0,0
baseline,12560,12560,0,207401.817,0.894,-0.263,-0.253,0.261,0,0,0,0,0,0,0,0,49,0.933,31,0,346.604,15.392,213.720,258.120,-88.500,0.564,-0.387,2.085,7.020,-13.698,2.250,0.246,3.152,2.102,1.073,0,NULL,NULL,,0,0,0,7,255,0,250,0,0
baseline,12560,12560,0,207406.817,0.887,-0.273,-0.261,0.265,0,0,0,0,0,0,0,0,49,0.933,31,0,350.743,18.054,219.640,256.240,-95.500,0.841,-0.318,2.221,9.574,-15.306,1.570,0.276,3.142,2.102,1.073,0,NULL,NULL,,0,0,0,7,255,0,250,0,0
baseline,12560,12560,0,207411.818,0.881,-0.282,-0.269,0.269,0,0,0,0,0,0,0,0,49,0.933,31,0,352.468,20.882,210.480,267.280,-92.160,0.895,-0.295,2.227,12.418,-16.788,0.698,0.304,3.128,2.102,1.073,0,NULL,NULL,,0,0,0,7,255,0,250,0,0
baseline,12560,12560,0,207416.816,0.874,-0.292,-0.277,0.271,0,0,0,0,0,0,0,0,49,0.933,31,0,356.264,21.507,209.080,281.380,-63.520,1.117,-0.339,2.396,12.922,-17.192,-0.078,0.336,3.112,2.102,1.073,0,NULL,NULL,,0,0,0,7,255,0,250,0,0
baseline,12576,12576,0,207421.817,0.869,-0.301,-0.282,0.274,0,0,0,0,0,0,0,0,49,0.933,31,0,306.235,24.518,212.300,216.080,-44.920,1.684,-0.203,2.428,14.828,-19.526,-0.946,0.370,3.094,2.102,1.073,0,NULL,NULL,,0,0,0,7,255,0,250,0,0
baseline,12576,12576,0,207426.816,0.863,-0.308,-0.288,0.277,0,0,0,0,0,0,0,0,49,0.933,31,0,300.098,27.549,181.120,220.280,-93.440,1.468,-0.248,2.522,18.022,-20.836,-3.140,0.410,3.072,2.102,1.073,0,NULL,NULL,,0,0,0,7,255,0,250,0,0
baseline,12576,12576,0,207431.817,0.858,-0.315,-0.294,0.280,0,0,0,0,0,0,0,0,49,0.933,31,0,275.582,28.279,162.560,212.960,-64.560,1.966,-0.536,2.274,18.548,-21.346,-4.422,0.454,3.046,2.102,1.073,0,NULL,NULL,,0,0,0,7,255,0,250,0,0
baseline,12576,12576,0,207436.817,0.853,-0.322,-0.299,0.281,0,0,0,0,0,0,0,0,49,0.933,31,0,243.000,29.093,151.400,188.660,-23.120,1.905,-0.401,2.243,18.548,-22.414,-9.386,0.512,3.010,2.102,1.073,0,NULL,NULL,,0,0,0,7,255,0,250,0,0
baseline,12576,12576,0,207441.817,0.849,-0.329,-0.303,0.281,0,0,0,0,0,0,0,0,49,0.933,31,0,218.413,29.093,134.920,171.700,4.460,1.758,-0.383,2.275,18.548,-22.414,-9.386,0.568,2.972,2.102,1.073,0,NULL,NULL,,0,0,0,7,255,0,250,0,0
baseline,12576,12576,0,207446.817,0.846,-0.334,-0.307,0.280,0,0,0,0,0,0,0,0,49,0.933,31,0,204.515,28.496,112.880,170.540,-0.780,1.614,-0.407,2.198,17.950,-22.132,-8.594,0.642,2.918,2.102,1.073,0,NULL,NULL,,0,0,0,7,255,0,250,0,0
baseline,12576,12576,0,207451.817,0.842,-0.338,-0.312,0.281,0,0,0,0,0,0,0,0,49,0.933,31,0,191.554,27.084,91.340,166.880,-22.380,1.670,-0.460,2.108,16.536,-21.450,-8.594,0.720,2.860,2.102,1.073,0,NULL,NULL,,0,0,0,7,255,0,250,0,0
baseline,12576,12576,0,207456.817,0.840,-0.341,-0.315,0.281,0,0,0,0,0,0,0,0,49,0.933,31,0,183.304,26.999,72.180,165.420,-32.040,1.846,-0.525,1.988,16.396,-21.450,-10.088,0.814,2.790,2.102,1.073,0,NULL,NULL,,0,0,0,7,255,0,250,0,0
baseline,12592,12592,0,207461.817,0.837,-0.343,-0.320,0.281,0,0,0,0,0,0,0,0,49,0.933,31,0,174.506,27.017,51.180,164.380,-28.500,1.940,-0.574,1.898,16.310,-21.538,-12.544,0.916,2.710,2.102,1.073,0,NULL,NULL,,0,0,0,7,255,0,250,0,0
baseline,12592,12592,0,207466.816,0.835,-0.344,-0.324,0.281,0,0,0,0,0,0,0,0,49,0.933,31,0,171.149,27.017,29.880,165.600,-31.240,1.960,-0.641,1.724,16.310,-21.538,-14.180,1.034,2.618,2.102,1.073,0,NULL,NULL,,0,0,0,7,255,0,250,0,0
baseline,12592,12592,0,207471.818,0.833,-0.345,-0.328,0.281,0,0,0,0,0,0,0,0,49,0.933,31,0,165.108,25.856,15.900,159.680,-38.860,1.986,-0.732,1.536,15.316,-20.832,-15.842,1.154,2.522,2.102,1.073,0,NULL,NULL,,0,0,0,7,255,0,250,0,0
baseline,12592,12592,0,207476.817,0.831,-0.344,-0.333,0.282,0,0,0,0,0,0,0,0,49,0.933,31,0,159.229,24.648,8.520,152.600,-44.660,2.035,-0.830,1.353,14.112,-20.208,-17.658,1.284,2.418,2.102,1.073,0,NULL,NULL,,0,0,0,7,255,0,250,0,0
baseline,12607,12607,0,207481.817,0.830,-0.344,-0.337,0.282,0,0,0,0,0,0,0,0,49,0.933,31,0,148.689,23.614,9.060,141.240,-45.580,2.081,-0.921,1.153,12.996,-19.716,-19.578,1.410,2.316,2.102,1.073,0,NULL,NULL,,0,0,0,7,255,0,250,0,0
baseline,12607,12607,0,207486.816,0.828,-0.344,-0.340,0.283,0,0,0,0,0,0,0,0,49,0.933,31,0,131.259,22.418,17.000,123.420,-41.320,2.139,-0.922,0.999,11.798,-19.062,-21.518,1.550,2.204,2.102,1.073,0,NULL,NULL,,0,0,0,7,255,0,250,0,0
baseline,12624,12624,0,207491.817,0.827,-0.344,-0.342,0.284,0,0,0,0,0,0,0,0,49,0.933,31,0,113.301,21.593,27.740,103.640,-36.420,2.231,-0.880,0.887,11.704,-18.146,-22.960,1.678,2.102,2.102,1.073,0,NULL,NULL,,0,0,0,7,255,0,250,0,0
baseline,12624,12624,0,207496.817,0.825,-0.346,-0.343,0.285,0,0,0,0,0,0,0,0,49,0.933,31,0,107.514,21.445,63.320,84.480,-20.320,2.152,-1.257,1.123,11.428,-18.146,-23.554,1.818,1.992,2.102,1.073,0,NULL,NULL,,0,0,0,7,255,0,250,0,0
baseline,12655,12655,0,207501.819,0.822,-0.361,-0.335,0.285,0,0,0,0,0,0,0,0,49,0.933,31,0,415.797,24.239,391.320,9.100,140.260,2.316,-1.081,3.047,11.704,-21.226,-23.554,1.948,1.888,2.102,1.073,0,NULL,NULL,,0,0,0,7,255,0,250,0,0
baseline,12655,12655,0,207506.817,0.821,-0.366,-0.330,0.287,0,0,0,0,0,0,0,0,49,0.933,31,0,179.534,38.804,165.800,-50.280,47.060,1.908,-1.182,3.880,19.118,-33.768,-13.616,2.080,1.784,2.102,1.073,0,NULL,NULL,,0,0,0,7,255,0,250,0,0
baseline,12655,12655,0,207511.817,0.826,-0.360,-0.327,0.285,2,0,0,135,0,0,0,0,49,0.933,31,0,161.769,38.934,-129.560,-95.260,17.580,1.977,-0.699,3.319,19.380,-33.768,-7.728,2.208,1.682,2.102,1.073,0,NULL,NULL,,0,0,0,7,255,0,250,0,0
baseline,12655,12655,0,207516.816,0.834,-0.347,-0.323,0.283,127,0,0,347,0,89,0,0,49,0.933,31,0,322.111,38.495,-286.540,-147.140,0.620,2.419,-0.037,2.020,20.750,-32.424,-7.728,2.326,1.590,2.102,1.073,0,NULL,NULL,,0,0,0,7,255,0,250,0,0
baseline,12655,12655,0,207521.817,0.842,-0.333,-0.318,0.281,357,0,0,635,0,147,0,0,49,0.933,31,0,349.220,30.608,-299.660,-178.880,-12.680,2.749,-0.018,1.402,23.108,-20.072,-15.434,2.436,1.504,2.102,1.073,0,NULL,NULL,,0,0,0,7,255,0,250,0,0
baseline,12655,12655,0,207526.816,0.850,-0.321,-0.312,0.279,583,0,0,812,0,212,0,0,49,0.933,31,0,320.364,28.504,-257.000,-189.320,27.240,2.373,-0.618,0.785,23.108,-16.688,-20.722,2.552,1.416,2.102,1.073,0,NULL,NULL,,0,0,0,7,255,0,250,0,0
baseline,12671,12671,0,207531.818,0.861,-0.310,-0.303,0.266,851,0,0,1065,0,285,0,0,49,0.933,31,0,472.847,21.793,-306.680,-224.780,281.080,1.345,-0.453,0.578,14.850,-15.950,-20.722,2.654,1.338,2.102,1.073,0,NULL,NULL,,0,0,0,7,255,0,250,0,0
baseline,12671,12671,0,207536.817,0.871,-0.306,-0.292,0.249,1241,0,0,1339,0,457,0,0,49,0.933,31,0,511.593,13.743,-189.240,-196.160,432.940,0.588,0.190,0.622,8.874,-10.494,-16.584,2.760,1.254,2.102,1.073,0,NULL,NULL,,0,0,0,7,255,0,250,0,0
baseline,12671,12671,0,207541.817,0.877,-0.309,-0.284,0.232,1655,0,0,1715,0,599,0,0,49,0.933,31,0,458.518,11.064,-27.800,-108.940,444.520,-0.428,-0.541,0.829,7.874,-7.772,-9.144,2.856,1.178,2.102,1.073,0,NULL,NULL,,0,0,0,7,255,0,250,0,0
baseline,12671,12671,0,207546.817,0.884,-0.310,-0.275,0.215,2163,0,0,2165,0,681,0,0,49,0.933,31,0,497.031,6.436,-78.400,-160.340,463.880,-2.367,-0.971,0.655,-2.512,-5.926,-3.690,2.956,1.102,2.102,1.073,0,NULL,NULL,,0,0,0,7,255,0,250,0,0
baseline,12688,12688,0,207551.817,0.892,-0.308,-0.265,0.198,2459,0,0,2484,0,759,0,21,49,0.933,31,0,486.150,7.884,-133.700,-207.700,418.720,-2.161,1.542,1.091,-5.200,-5.926,4.958,3.050,1.028,2.102,1.073,0,NULL,NULL,,0,0,0,7,255,0,250,0,0
baseline,12688,12688,0,207556.816,0.896,-0.307,-0.257,0.195,2652,0,0,2701,0,815,0,46,49,0.933,31,0,226.684,11.660,-38.480,-199.400,100.720,-2.211,2.469,0.909,-5.200,10.436,15.330,3.148,0.950,2.102,1.073,0,NULL,NULL,,0,0,0,7,255,0,250,0,0
baseline,12688,12688,0,207561.817,0.896,-0.306,-0.251,0.202,2772,0,0,2842,0,917,0,167,49,0.933,31,0,203.250,13.418,38.120,-160.700,-118.460,-1.784,2.123,1.340,-2.496,13.184,16.924,3.246,0.870,2.102,1.073,0,NULL,NULL,,0,0,0,7,255,0,250,0,0
baseline,12688,12688,0,207566.817,0.895,-0.302,-0.248,0.217,2855,0,0,2934,0,1017,0,329,49,0.933,31,0,362.460,13.353,6.800,-134.280,-336.600,-1.352,0.518,1.626,-2.120,13.184,16.924,3.378,0.754,2.102,1.073,0,NULL,NULL,,0,0,0,7,255,0,250,0,0
baseline,12704,12704,0,207571.817,0.893,-0.292,-0.249,0.234,2907,0,0,2999,0,1146,0,503,49,0.933,31,0,434.977,1.722,-95.180,-87.400,-415.340,-0.252,-0.679,1.816,0.874,-1.484,10.902,3.536,0.612,2.102,1.073,0,NULL,NULL,,0,0,0,7,255,0,250,0,0
baseline,12704,12704,0,207576.816,0.892,-0.280,-0.252,0.249,2955,0,0,3051,77,1387,0,779,49,0.933,31,0,440.140,14.274,-151.160,-26.480,-412.520,1.207,-0.938,1.910,1.016,-14.238,2.508,3.712,0.454,2.102,1.073,1,1136.000,1136.000,,0,0,0,7,255,0,250,0,0
baseline,12704,12704,0,207581.817,0.890,-0.269,-0.257,0.265,3013,0,151,3113,331,1455,0,985,49,0.933,31,0,458.433,23.540,-125.220,42.980,-438.900,2.447,-0.831,1.694,10.762,-20.936,-5.342,3.858,0.328,2.102,1.073,1,NULL,NULL,,0,0,0,7,255,0,250,0,0
baseline,12704,12704,0,207586.817,0.887,-0.261,-0.261,0.276,3044,0,315,3153,587,1548,0,1143,49,0.933,31,0,334.765,25.915,-110.080,71.660,-307.920,2.417,-1.555,0.813,11.238,-23.352,-13.510,3.976,0.246,2.102,1.073,1,NULL,NULL,,0,0,0,7,255,0,250,0,0
baseline,12720,12720,0,207591.817,0.889,-0.257,-0.261,0.275,3067,0,406,3179,714,1627,0,1233,49,0.933,31,0,69.664,25.915,-65.900,9.040,20.700,2.053,-0.950,0.435,11.238,-23.352,-20.890,4.050,0.222,2.102,1.073,1,NULL,NULL,,0,0,0,7,255,0,250,0,0
baseline,12720,12720,0,207596.817,0.893,-0.256,-0.257,0.266,3091,0,491,3191,847,1684,0,1291,49,0.933,31,0,215.756,20.014,-37.500,-36.920,209.240,0.738,-0.420,0.582,10.886,-16.794,-20.890,4.084,0.232,2.102,1.073,1,NULL,NULL,,0,0,0,7,255,0,250,0,0
baseline,12743,12743,0,207601.817,0.897,-0.256,-0.253,0.257,3098,41,601,3209,932,1721,0,1339,50,0.933,32,0,248.081,10.145,-29.400,-66.880,237.080,-0.518,-0.319,0.807,5.294,-8.654,-10.936,4.090,0.250,2.102,1.073,1,NULL,NULL,,0,0,0,7,255,0,250,0,0
baseline,12743,12743,0,207606.818,0.899,-0.256,-0.250,0.252,3112,77,717,3221,973,1741,0,1379,50,0.933,32,0,151.806,5.215,-5.160,-66.640,136.300,-1.309,-0.290,1.149,-2.412,-4.624,-1.926,4.084,0.276,2.102,1.073,1,NULL,NULL,,0,0,0,7,255,0,250,0,0
baseline,12751,12751,0,207611.817,0.899,-0.256,-0.249,0.252,3118,148,787,3227,1041,1771,0,1435,50,0.933,32,0,23.911,6.109,3.560,-20.020,12.580,-1.300,0.069,1.134,-5.044,-3.446,5.112,4.092,0.306,2.102,1.073,1,NULL,NULL,,0,0,0,7,255,0,250,0,0
baseline,12751,12751,0,207616.816,0.898,-0.255,-0.250,0.256,3119,167,855,3235,1102,1803,0,1493,50,0.933,32,0,93.510,5.191,-3.200,-1.700,-93.440,-0.541,0.123,0.841,-5.044,-1.226,5.112,4.114,0.340,2.102,1.073,1,NULL,NULL,,0,0,0,7,255,0,250,0,0
baseline,12751,12751,0,207621.817,0.898,-0.254,-0.249,0.260,3128,157,895,3243,1148,1835,0,1563,50,0.933,32,0,104.683,1.232,7.960,-2.060,-104.360,0.146,-0.143,0.866,-0.124,-1.226,-0.470,4.148,0.358,2.102,1.073,1,NULL,NULL,,0,0,0,7,255,0,250,0,0
baseline,12751,12751,0,207626.816,0.897,-0.253,-0.249,0.263,3129,169,942,3240,1221,1883,0,1633,50,0.933,32,0,60.588,6.779,23.580,3.180,-55.720,0.497,-0.325,0.913,3.574,-5.760,-4.678,4.186,0.338,2.102,1.073,1,NULL,NULL,,0,0,0,7,255,0,250,0,0
baseline,12767,12767,0,207631.817,0.898,-0.253,-0.248,0.262,3131,179,971,3237,1248,1943,0,1683,50,0.933,32,0,32.211,9.642,22.740,-1.220,22.780,0.426,-0.474,1.011,4.280,-8.640,-5.838,4.204,0.306,2.102,1.073,1,NULL,NULL,,0,0,0,7,255,0,250,0,0
baseline,12767,12767,0,207636.817,0.899,-0.254,-0.246,0.259,3135,185,975,3239,1285,1965,0,1724,50,0.933,32,0,81.091,9.642,5.520,-7.860,80.520,-0.029,-0.262,1.058,4.280,-8.640,-5.838,4.206,0.286,2.102,1.073,1,NULL,NULL,,0,0,0,7,255,0,250,0,0
baseline,12767,12767,0,207641.817,0.899,-0.254,-0.246,0.257,3140,198,989,3236,1302,1979,0,1745,50,0.933,32,0,69.045,7.353,2.720,-4.260,68.860,-0.422,0.026,0.929,2.268,-6.994,-2.474,4.200,0.290,2.102,1.073,1,NULL,NULL,,0,0,0,7,255,0,250,0,0
baseline,12767,12767,0,207646.817,0.900,-0.255,-0.245,0.256,3143,204,989,3236,1318,1991,0,1781,50,0.933,32,0,26.282,2.962,11.740,-8.960,21.740,-0.434,0.154,0.928,1.048,-2.770,-0.658,4.214,0.290,2.102,1.073,1,NULL,NULL,,0,0,0,7,255,0,250,0,0
baseline,12783,12783,0,207651.817,0.900,-0.256,-0.244,0.257,3141,215,987,3231,1331,1999,0,1811,50,0.933,32,0,29.887,2.811,28.900,-1.880,-7.380,-0.206,0.168,0.969,1.048,-2.608,-0.658,4.260,0.262,2.102,1.073,1,NULL,NULL,,0,0,0,7,255,0,250,0,0
baseline,12783,12783,0,207656.817,0.900,-0.256,-0.243,0.257,3144,221,983,3229,1351,2009,0,1845,50,0.933,32,0,29.824,3.930,28.900,-5.240,-5.180,-0.047,0.139,1.100,2.940,-2.608,-1.076,4.332,0.214,2.102,1.073,1,NULL,NULL,,0,0,0,7,255,0,250,0,0
baseline,12802,12802,0,207661.817,0.900,-0.257,-0.242,0.257,3135,229,983,3225,1370,2023,0,1869,50,0.933,32,0,17.598,5.957,14.000,-2.680,10.320,-0.033,0.114,1.161,4.390,-4.026,-1.076,4.408,0.162,2.102,1.073,1,NULL,NULL,,0,0,0,7,255,0,250,0,0
baseline,12802,12802,0,207666.816,0.900,-0.256,-0.242,0.256,3133,231,980,3218,1387,2029,0,1881,50,0.933,32,0,16.179,5.957,-0.340,-1.340,16.120,-0.121,0.124,1.087,4.390,-4.026,-0.798,4.474,0.126,2.102,1.073,1,NULL,NULL,,0,0,0,7,255,0,250,0,0
baseline,12802,12802,0,207671.817,0.900,-0.256,-0.241,0.256,3142,237,977,3223,1403,2035,0,1897,50,0.933,32,0,9.059,5.307,-2.040,0.680,8.800,-0.173,0.106,0.988,3.680,-3.824,-0.798,4.520,0.106,2.102,1.073,2,NULL,NULL,,0,0,0,7,255,0,250,0,0
baseline,12802,12802,0,207676.816,0.901,-0.256,-0.241,0.256,3134,249,987,3215,1417,2041,0,1918,50,0.933,32,0,8.077,4.462,8.020,0.560,-0.780,-0.167,0.141,0.967,3.006,-3.298,-1.332,4.554,0.090,2.102,1.073,2,NULL,NULL,,0,0,0,7,255,0,250,0,0
baseline,12802,12802,0,207681.817,0.900,-0.257,-0.240,0.256,3127,261,991,3207,1439,2055,0,1931,50,0.933,32,0,16.904,4.208,15.660,1.040,-6.280,-0.141,0.203,1.038,3.006,-2.944,-1.332,4.578,0.084,2.102,1.073,2,NULL,NULL,,0,0,0,7,255,0,250,0,0
baseline,12802,12802,0,207686.817,0.900,-0.257,-0.240,0.257,3133,274,992,3212,1461,2068,0,1948,50,0.933,32,0,13.954,4.782,11.860,1.160,-7.260,-0.119,0.227,1.117,3.768,-2.944,-0.866,4.604,0.078,2.102,1.073,2,NULL,NULL,,0,0,0,7,255,0,250,0,0
baseline,12832,12832,0,207691.817,0.901,-0.257,-0.239,0.257,3129,284,1017,3209,1481,2073,0,1959,50,0.933,32,0,6.713,5.341,0.700,1.900,-6.400,-0.101,0.196,1.123,4.296,-3.174,-0.426,4.632,0.070,2.102,1.073,2,NULL,NULL,,0,0,0,7,255,0,250,0,0
baseline,12832,12832,0,207696.816,0.901,-0.256,-0.239,0.257,3123,286,1032,3197,1495,2075,0,1967,50,0.933,32,0,8.291,5.536,-6.880,2.580,-3.840,-0.087,0.142,1.057,4.296,-3.492,-0.426,4.668,0.058,2.102,1.073,2,NULL,NULL,,0,0,0,7,255,0,250,0,0
baseline,12848,12848,0,207701.817,0.901,-0.255,-0.239,0.257,3128,310,1045,3204,1499,2085,0,1981,50,0.933,32,0,6.028,5.290,-5.400,2.320,-1.340,-0.109,0.095,0.993,3.876,-3.600,-1.144,4.702,0.046,2.102,1.073,2,NULL,NULL,,0,0,0,7,255,0,250,0,0
baseline,12848,12848,0,207706.817,0.901,-0.255,-0.238,0.257,3119,327,1054,3195,1522,2099,0,2001,50,0.933,32,0,3.567,4.852,0.340,2.580,-2.440,-0.139,0.079,0.991,3.244,-3.608,-1.528,4.738,0.038,2.102,1.073,2,NULL,NULL,,0,0,0,7,255,0,250,0,0
baseline,12848,12848,0,207711.818,0.901,-0.255,-0.238,0.257,3115,342,1065,3195,1543,2104,0,2006,50,0.933,32,0,6.175,4.705,2.220,2.260,-5.300,-0.140,0.082,1.019,3.020,-3.608,-1.528,4.766,0.036,2.102,1.073,2,NULL,NULL,,0,0,0,7,255,0,250,0,0
baseline,12848,12848,0,207716.816,0.901,-0.254,-0.238,0.258,3111,351,1083,3193,1553,2111,0,2013,50,0.933,32,0,5.931,4.787,0.200,2.260,-5.480,-0.123,0.059,1.023,3.020,-3.714,-1.408,4.794,0.038,2.102,1.073,2,NULL,NULL,,0,0,0,7,255,0,250,0,0
baseline,12848,12848,0,207721.817,0.902,-0.254,-0.237,0.258,3102,357,1100,3190,1564,2121,0,2027,50,0.933,32,0,3.059,4.983,-1.380,1.720,-2.120,-0.116,0.024,1.004,3.020,-3.964,-1.408,4.818,0.040,2.102,1.073,2,NULL,NULL,,0,0,0,7,255,0,250,0,0
baseline,12848,12848,0,207726.816,0.902,-0.254,-0.237,0.258,3095,357,1115,3183,1577,2124,0,2039,50,0.933,32,0,1.849,4.949,0.140,1.100,1.480,-0.136,0.014,0.982,2.838,-4.054,-1.668,4.846,0.040,2.102,1.073,2,NULL,NULL,,0,0,0,7,255,0,250,0,0
baseline,12868,12868,0,207731.817,0.902,-0.253,-0.236,0.258,3083,359,1133,3179,1581,2127,0,2044,50,0.933,32,0,5.238,4.787,4.720,0.560,2.200,-0.168,0.034,0.984,2.546,-4.054,-1.668,4.874,0.040,2.102,1.073,2,NULL,NULL,,0,0,0,7,255,0,250,0,0
baseline,12868,12868,0,207736.817,0.902,-0.253,-0.236,0.258,3065,365,1151,3175,1589,2132,0,2058,50,0.933,32,0,7.730,4.557,7.720,-0.180,-0.360,-0.185,0.065,1.008,2.530,-3.790,-1.522,4.902,0.040,2.102,1.073,2,NULL,NULL,,0,0,0,7,255,0,250,0,0
baseline,12868,12868,0,207741.817,0.902,-0.253,-0.236,0.258,3054,363,1141,3164,1605,2133,0,2072,50,0.933,32,0,7.602,4.418,6.380,-0.660,-4.080,-0.180,0.072,1.021,2.530,-3.622,-1.162,4.926,0.040,2.102,1.073,2,NULL,NULL,,0,0,0,7,255,0,250,0,0
baseline,12868,12868,0,207746.817,0.902,-0.253,-0.235,0.258,3045,364,1170,3157,1612,2137,0,2083,50,0.933,32,0,6.832,4.439,2.840,-1.460,-6.040,-0.155,0.038,1.001,2.566,-3.622,-1.162,4.954,0.040,2.102,1.073,2,NULL,NULL,,0,0,0,7,255,0,250,0,0
baseline,12879,12879,0,207751.817,0.902,-0.253,-0.235,0.259,3032,365,1179,3147,1629,2141,0,2090,50,0.933,32,0,5.577,4.643,1.000,-2.120,-5.060,-0.132,-0.021,0.958,2.566,-3.870,-1.432,4.980,0.040,2.102,1.073,2,NULL,NULL,,0,0,0,7,255,0,250,0,0
baseline,12879,12879,0,207756.817,0.903,-0.252,-0.234,0.259,3014,367,1183,3133,1614,2146,0,2101,50,0.933,32,0,4.773,4.776,2.900,-3.220,-2.000,-0.121,-0.064,0.925,2.282,-4.196,-2.026,5.006,0.038,2.102,1.073,2,NULL,NULL,,0,0,0,7,255,0,250,0,0
baseline,12902,12902,0,207761.817,0.903,-0.252,-0.233,0.259,2999,368,1195,3125,1657,2147,0,2117,50,0.933,32,0,8.884,4.842,7.840,-4.140,0.560,-0.124,-0.074,0.916,2.008,-4.406,-2.448,5.030,0.036,2.102,1.073,2,NULL,NULL,,0,0,0,7,255,0,250,0,0
baseline,12902,12902,0,207766.817,0.903,-0.252,-0.233,0.259,2979,372,1204,3112,1683,2155,0,2125,50,0.933,32,0,14.655,4.842,13.400,-5.120,3.000,-0.124,-0.029,0.937,2.008,-4.406,-2.448,5.056,0.034,2.102,1.073,2,NULL,NULL,,0,0,0,7,255,0,250,0,0
baseline,12902,12902,0,207771.818,0.903,-0.252,-0.232,0.259,2965,379,1209,3099,1692,2154,22,2147,50,0.933,32,0,19.351,4.709,17.600,-5.980,5.380,-0.128,0.048,0.979,2.188,-4.170,-2.244,5.080,0.032,2.102,1.073,2,NULL,NULL,,0,0,0,7,255,0,250,0,0
baseline,12902,12902,0,207776.817,0.903,-0.253,-0.231,0.259,2953,391,1229,3090,1709,2159,39,2163,50,0.933,32,0,20.206,4.622,18.100,-6.460,6.240,-0.145,0.132,1.032,2.694,-3.756,-1.688,5.106,0.030,2.102,1.073,2,NULL,NULL,,0,0,0,7,255,0,250,0,0
baseline,12912,12912,0,207781.817,0.903,-0.253,-0.230,0.259,2925,381,1245,3067,1721,2169,83,2172,50,0.933,32,0,16.467,4.574,14.440,-6.580,4.400,-0.160,0.189,1.068,3.174,-3.294,-0.974,5.130,0.028,2.102,1.073,2,NULL,NULL,,0,0,0,7,255,0,250,0,0
baseline,12912,12912,0,207786.816,0.903,-0.253,-0.229,0.259,2907,381,1271,3056,1739,2173,107,2186,50,0.933,32,0,10.483,4.564,8.520,-6.100,-0.300,-0.166,0.205,1.080,3.470,-2.964,-0.460,5.156,0.024,2.102,1.073,2,NULL,NULL,,0,0,0,7,255,0,250,0,0
baseline,12927,12927,0,207791.817,0.904,-0.253,-0.229,0.259,2891,394,1275,3049,1759,2175,143,2201,50,0.933,32,0,7.853,4.564,2.900,-5.600,-4.680,-0.149,0.177,1.060,3.470,-2.964,-0.460,5.180,0.022,2.102,1.073,2,NULL,NULL,,0,0,0,7,255,0,250,0,0
baseline,12927,12927,0,207796.817,0.904,-0.252,-0.228,0.260,2878,401,1306,3033,1776,2194,186,2213,50,0.933,32,0,9.811,4.590,-0.400,-5.120,-8.360,-0.138,0.125,1.026,3.430,-3.050,-0.600,5.208,0.020,2.102,1.073,2,NULL,NULL,,0,0,0,7,255,0,250,0,0
baseline,12944,12944,0,207801.818,0.904,-0.252,-0.227,0.260,2851,421,1339,3027,1812,2196,221,2229,50,0.933,32,0,11.456,4.559,-0.760,-4.700,-10.420,-0.130,0.101,1.006,3.116,-3.328,-1.048,5.232,0.020,2.102,1.073,2,NULL,NULL,,0,0,0,7,255,0,250,0,0
baseline,12944,12944,0,207806.817,0.904,-0.252,-0.227,0.261,2869,428,1391,3016,1831,2201,263,2249,50,0.933,32,0,12.813,4.547,1.060,-3.960,-12.140,-0.131,0.093,1.005,2.974,-3.440,-1.308,5.258,0.018,2.102,1.073,2,NULL,NULL,,0,0,0,7,255,0,250,0,0
baseline,12944,12944,0,207811.817,0.904,-0.251,-0.226,0.261,2807,443,1439,3004,1863,2204,309,2265,50,0.933,32,0,14.526,4.578,0.400,-3.780,-14.020,-0.132,0.095,1.027,2.974,-3.480,-1.308,5.282,0.018,2.102,1.073,2,NULL,NULL,,0,0,0,7,255,0,250,0,0
baseline,12944,12944,0,207816.817,0.904,-0.250,-0.226,0.262,2781,447,1493,2988,1885,2213,365,2281,50,1.087,32,0,16.646,4.602,-2.480,-2.800,-16.220,-0.144,0.085,1.035,2.916,-3.560,-1.128,0.000,0.000,0.818,0.945,3,NULL,NULL,,0,0,0,7,255,0,250,0,0
baseline,12959,12959,0,207821.817,0.904,-0.250,-0.226,0.263,2759,465,1557,2975,1912,2213,397,2296,50,1.087,32,0,19.439,4.609,-6.260,-2.860,-18.180,-0.147,0.078,1.035,2.858,-3.616,-1.028,0.024,0.000,0.818,0.945,3,NULL,NULL,,0,0,0,7,255,0,250,0,0
baseline,12959,12959,0,207826.816,0.904,-0.249,-0.225,0.264,2729,483,1611,2958,1945,2219,425,2313,50,1.087,32,0,22.458,4.567,-10.600,-2.500,-19.640,-0.148,0.078,1.032,2.790,-3.616,-1.028,0.046,0.000,0.818,0.945,3,NULL,NULL,,0,0,0,7,255,0,250,0,0
baseline,12959,12959,0,207831.817,0.904,-0.248,-0.225,0.264,2697,495,1659,2941,1975,2220,473,2329,50,1.087,32,0,27.297,4.554,-15.180,-2.200,-22.580,-0.158,0.068,1.028,2.774,-3.612,-1.022,0.070,0.000,0.818,0.945,3,NULL,NULL,,0,0,0,7,255,0,250,0,0
baseline,12959,12959,0,207836.817,0.905,-0.246,-0.225,0.265,2663,527,1737,2921,2008,2223,541,2336,50,1.087,32,0,31.960,4.470,-18.720,-2.320,-25.800,-0.159,0.051,1.024,2.634,-3.612,-1.028,0.092,0.002,0.818,0.945,3,NULL,NULL,,0,0,0,7,255,0,250,0,0
baseline,12959,12959,0,207841.817,0.905,-0.245,-0.225,0.266,2623,539,1775,2909,2036,2227,595,2356,50,1.087,32,0,37.770,4.485,-23.660,-2.440,-29.340,-0.151,0.036,1.035,2.546,-3.692,-1.060,0.118,0.002,0.818,0.945,3,NULL,NULL,,0,0,0,7,255,0,250,0,0
baseline,12959,12959,0,207846.817,0.905,-0.243,-0.225,0.267,2591,554,1822,2890,2075,2233,647,2379,50,1.087,32,0,43.635,4.629,-28.840,-2.620,-32.640,-0.133,0.024,1.018,2.546,-3.866,-1.080,0.142,0.004,0.818,0.945,3,NULL,NULL,,0,0,0,7,255,0,250,0,0
baseline,12976,12976,0,207851.817,0.905,-0.241,-0.225,0.269,2542,583,1887,2873,2104,2233,692,2391,50,1.087,32,0,46.073,4.685,-31.720,-3.220,-33.260,-0.111,0.014,1.001,2.574,-3.914,-1.306,0.166,0.004,0.818,0.945,3,NULL,NULL,,0,0,0,7,255,0,250,0,0
baseline,12976,12976,0,207856.816,0.905,-0.239,-0.225,0.270,2509,589,1943,2853,2133,2235,740,2404,50,1.087,32,0,45.016,4.764,-32.620,-3.540,-30.820,-0.098,0.008,0.993,2.642,-3.964,-1.560,0.188,0.006,0.818,0.945,3,NULL,NULL,,0,0,0,7,255,0,250,0,0
baseline,12992,12992,0,207861.818,0.906,-0.237,-0.225,0.271,2458,597,1991,2835,2159,2237,781,2415,50,1.087,32,0,42.220,4.764,-31.520,-3.420,-27.880,-0.104,0.012,0.975,2.642,-3.964,-1.692,0.212,0.008,0.818,0.945,3,NULL,NULL,,0,0,0,7,255,0,250,0,0
baseline,12992,12992,0,207866.817,0.906,-0.235,-0.225,0.272,2408,607,2040,2809,2189,2237,843,2427,50,1.087,32,0,39.769,4.632,-27.980,-3.360,-28.060,-0.118,0.010,0.974,2.620,-3.820,-1.722,0.234,0.008,0.818,0.945,3,NULL,NULL,,0,0,0,7,255,0,250,0,0
baseline,13007,13007,0,207871.817,0.906,-0.233,-0.225,0.273,2359,606,2100,2787,2213,2246,883,2441,50,1.087,32,0,40.266,4.570,-27.200,-4.140,-29.400,-0.113,-0.012,1.001,2.508,-3.820,-1.722,0.258,0.010,0.818,0.945,3,NULL,NULL,,0,0,0,7,255,0,250,0,0
baseline,13007,13007,0,207876.816,0.906,-0.231,-0.225,0.274,2315,617,2152,2767,2237,2239,931,2459,50,1.087,32,0,42.426,4.743,-30.060,-4.080,-29.660,-0.104,-0.027,1.014,2.508,-4.026,-1.556,0.282,0.010,0.818,0.945,3,NULL,NULL,,0,0,0,7,255,0,250,0,0
baseline,13007,13007,0,207881.817,0.906,-0.229,-0.225,0.274,2264,633,2191,2745,2268,2250,959,2471,50,1.087,32,0,41.946,4.761,-31.340,-4.080,-27.580,-0.101,-0.012,0.991,2.542,-4.026,-1.556,0.306,0.010,0.818,0.945,3,NULL,NULL,,0,0,0,7,255,0,250,0,0
baseline,13007,13007,0,207886.817,0.907,-0.227,-0.225,0.275,2185,661,2237,2713,2291,2248,1011,2486,50,1.087,32,0,37.978,4.706,-28.660,-4.760,-24.460,-0.122,0.001,0.978,2.542,-3.960,-1.638,0.330,0.012,0.818,0.945,3,NULL,NULL,,0,0,0,7,255,0,250,0,0
baseline,13024,13024,0,207891.819,0.907,-0.226,-0.225,0.276,2118,671,2281,2678,2323,2247,1067,2495,50,1.087,32,0,33.893,4.455,-24.260,-6.280,-22.820,-0.138,0.020,0.994,2.508,-3.682,-1.638,0.354,0.014,0.818,0.945,3,NULL,NULL,,0,0,0,7,255,0,250,0,0
baseline,13024,13024,0,207896.817,0.907,-0.224,-0.224,0.277,2057,692,2333,2643,2347,2251,1085,2513,50,1.087,32,0,34.595,4.320,-23.780,-6.900,-24.160,-0.151,0.040,1.026,2.508,-3.518,-1.380,0.376,0.016,0.818,0.945,3,NULL,NULL,,0,0,0,7,255,0,250,0,0
baseline,13056,13056,0,207901.817,0.907,-0.222,-0.224,0.278,1965,698,2377,2600,2379,2247,1119,2525,50,1.087,32,0,40.170,4.365,-27.140,-6.900,-28.800,-0.150,0.044,1.058,2.630,-3.484,-1.002,0.400,0.018,0.818,0.945,3,NULL,NULL,,0,0,0,7,255,0,250,0,0
baseline,13056,13056,0,207906.817,0.907,-0.220,-0.224,0.279,1883,709,2425,2551,2413,2249,1169,2537,50,1.087,32,0,48.130,4.437,-34.580,-7.440,-32.640,-0.121,0.004,1.051,2.748,-3.484,-0.982,0.424,0.018,0.818,0.945,3,NULL,NULL,,0,0,0,7,255,0,250,0,0
baseline,13056,13056,0,207911.817,0.908,-0.218,-0.224,0.280,1791,701,2472,2501,2451,2249,1208,2551,50,1.087,32,0,50.943,4.733,-39.700,-7.860,-30.940,-0.099,-0.034,1.005,2.748,-3.854,-0.982,0.448,0.020,0.818,0.945,3,NULL,NULL,,0,0,0,7,255,0,250,0,0
baseline,13056,13056,0,207916.816,0.908,-0.216,-0.224,0.281,1727,709,2507,2451,2477,2249,1237,2568,50,1.087,32,0,49.132,4.756,-39.960,-8.540,-27.280,-0.096,-0.053,0.983,2.564,-4.006,-1.524,0.472,0.022,0.818,0.945,3,NULL,NULL,,0,0,0,7,255,0,250,0,0
baseline,13056,13056,0,207921.817,0.908,-0.213,-0.224,0.282,1644,711,2539,2396,2503,2248,1272,2581,50,1.087,32,0,43.535,4.677,-34.700,-9.940,-24.340,-0.127,-0.038,0.987,2.414,-4.006,-1.524,0.496,0.022,0.818,0.945,3,NULL,NULL,,0,0,0,7,255,0,250,0,0
baseline,13056,13056,0,207926.816,0.909,-0.211,-0.223,0.282,1528,711,2577,2328,2535,2238,1316,2598,50,1.087,32,0,42.807,4.455,-32.680,-9.940,-25.800,-0.130,-0.021,0.991,2.384,-3.764,-1.508,0.518,0.022,0.818,0.945,3,NULL,NULL,,0,0,0,7,255,0,250,0,0
baseline,13071,13071,0,207931.817,0.909,-0.210,-0.223,0.284,1405,703,2605,2275,2568,2237,1357,2607,50,1.087,32,0,41.254,4.371,-27.680,-10.800,-28.620,-0.106,-0.030,0.973,2.384,-3.664,-1.508,0.542,0.024,0.818,0.945,3,NULL,NULL,,0,0,0,7,255,0,250,0,0
baseline,13071,13071,0,207936.817,0.909,-0.208,-0.222,0.284,1314,687,2635,2199,2589,2236,1391,2620,50,1.087,32,0,36.618,4.404,-23.280,-12.440,-25.380,-0.072,-0.044,0.998,2.444,-3.664,-1.662,0.564,0.026,0.818,0.945,3,NULL,NULL,,0,0,0,7,255,0,250,0,0
baseline,13071,13071,0,207941.817,0.909,-0.206,-0.222,0.285,1209,667,2659,2107,2615,2228,1429,2635,50,1.087,32,0,32.424,4.733,-22.440,-13.180,-19.340,-0.094,-0.050,1.015,2.562,-3.980,-1.662,0.590,0.026,0.818,0.945,3,NULL,NULL,,0,0,0,7,255,0,250,0,0
baseline,13071,13071,0,207946.817,0.910,-0.205,-0.221,0.286,1084,647,2687,2005,2643,2217,1463,2652,50,1.087,32,0,34.647,4.733,-25.540,-13.980,-18.780,-0.112,-0.036,1.026,2.562,-3.980,-1.402,0.612,0.028,0.818,0.945,3,NULL,NULL,,0,0,0,7,255,0,250,0,0
baseline,13071,13071,0,207951.817,0.910,-0.203,-0.221,0.286,974,631,2715,1887,2663,2213,1501,2665,50,1.087,32,0,38.836,4.586,-29.520,-15.620,-19.820,-0.115,-0.017,1.025,2.562,-3.804,-1.184,0.638,0.026,0.818,0.945,3,NULL,NULL,,0,0,0,7,255,0,250,0,0
baseline,13071,13071,0,207956.817,0.910,-0.201,-0.220,0.287,839,608,2741,1765,2687,2201,1541,2678,50,1.087,32,0,35.464,4.458,-26.040,-16.660,-17.380,-0.091,0.005,1.005,2.626,-3.602,-1.184,0.660,0.026,0.818,0.945,3,NULL,NULL,,0,0,0,7,255,0,250,0,0
baseline,13087,13087,0,207961.817,0.911,-0.199,-0.219,0.288,725,552,2762,1629,2712,2191,1574,2697,50,1.087,32,0,33.687,4.453,-22.560,-17.700,-17.680,-0.057,0.013,0.975,2.854,-3.418,-1.376,0.684,0.024,0.818,0.945,3,NULL,NULL,,0,0,0,7,255,0,250,0,0
baseline,13087,13087,0,207966.816,0.911,-0.198,-0.218,0.288,600,491,2783,1501,2728,2174,1607,2713,50,1.087,32,0,29.163,4.578,-18.520,-18.860,-12.320,-0.041,-0.006,1.018,3.046,-3.418,-1.494,0.708,0.022,0.818,0.945,3,NULL,NULL,,0,0,0,7,255,0,250,0,0
baseline,13103,13103,0,207971.817,0.912,-0.197,-0.217,0.288,460,439,2799,1395,2751,2156,1653,2727,50,1.087,32,0,26.531,4.740,-15.480,-20.740,-5.840,-0.042,0.032,1.053,3.184,-3.512,-1.494,0.732,0.020,0.818,0.945,3,NULL,NULL,,0,0,0,7,255,0,250,0,0
baseline,13103,13103,0,207976.817,0.912,-0.195,-0.216,0.288,330,398,2823,1255,2775,2141,1694,2744,50,1.087,32,0,31.939,4.948,-23.660,-20.920,-4.760,-0.044,0.038,1.069,3.486,-3.512,-1.122,0.756,0.018,0.818,0.945,3,NULL,NULL,,0,0,0,7,255,0,250,0,0
baseline,13103,13103,0,207981.818,0.913,-0.194,-0.215,0.288,229,359,2838,1110,2797,2117,1738,2761,50,1.087,32,0,30.625,4.927,-19.740,-23.360,1.600,-0.068,0.046,1.046,3.486,-3.482,-1.004,0.782,0.016,0.818,0.945,3,NULL,NULL,,0,0,0,7,255,0,250,0,0
baseline,13103,13103,0,207986.817,0.913,-0.193,-0.214,0.288,173,315,2855,947,2811,2091,1769,2772,50,1.087,32,0,31.433,4.779,-17.420,-25.940,3.420,-0.105,0.009,1.081,3.338,-3.420,-0.948,0.806,0.016,0.818,0.945,3,NULL,NULL,,0,0,0,7,255,0,250,0,0
baseline,13121,13121,0,207991.817,0.914,-0.193,-0.212,0.288,148,247,2873,843,2835,2065,1815,2780,50,1.087,32,0,37.365,4.519,11.380,-30.440,18.440,-0.244,-0.040,1.236,2.954,-3.420,-0.568,0.830,0.018,0.818,0.945,3,NULL,NULL,,0,0,0,7,255,0,250,0,0
baseline,13121,13121,0,207996.816,0.915,-0.193,-0.209,0.287,101,211,2899,779,2844,2011,1853,2793,50,1.087,32,0,66.019,4.570,27.120,-46.500,38.220,-0.291,0.020,1.423,2.614,-3.748,1.348,0.852,0.018,0.818,0.945,3,NULL,NULL,,0,0,0,7,255,0,250,0,0
baseline,13151,13151,0,208001.817,0.916,-0.192,-0.207,0.286,85,167,2909,736,2868,1951,1908,2803,50,1.087,32,0,55.910,4.304,-21.160,-46.260,23.200,-0.338,-0.065,1.474,2.112,-3.750,3.256,0.876,0.018,0.818,0.945,3,NULL,NULL,,0,0,0,7,255,0,250,0,0
baseline,13151,13151,0,208006.817,0.917,-0.189,-0.206,0.285,50,119,2925,717,2887,1897,1951,2809,50,1.087,32,0,70.201,4.700,-48.000,-49.120,14.540,-0.254,-0.133,1.230,1.910,-4.294,3.256,0.898,0.020,0.818,0.945,3,NULL,NULL,,0,0,0,7,255,0,250,0,0
baseline,13151,13151,0,208011.818,0.918,-0.186,-0.204,0.284,31,79,2935,661,2901,1865,1993,2821,50,1.087,32,0,81.390,4.664,-56.860,-56.820,12.760,-0.147,-0.106,1.072,1.820,-4.294,1.282,0.920,0.024,0.818,0.945,3,NULL,NULL,,0,0,0,7,255,0,250,0,0
baseline,13151,13151,0,208016.816,0.919,-0.184,-0.201,0.283,23,26,2951,619,2915,1819,2026,2829,50,1.087,32,0,72.168,4.320,-35.860,-58.960,21.120,-0.111,-0.065,0.971,1.820,-3.918,-0.496,0.940,0.028,0.818,0.945,3,NULL,NULL,,0,0,0,7,255,0,250,0,0
baseline,13151,13151,0,208021.817,0.921,-0.182,-0.198,0.282,21,13,2959,571,2926,1775,2063,2835,50,1.087,32,0,73.306,3.889,-13.820,-65.480,29.920,-0.137,-0.052,1.029,1.982,-3.346,-0.790,0.960,0.034,0.818,0.945,3,NULL,NULL,,0,0,0,7,255,0,250,0,0
baseline,13151,13151,0,208026.816,0.922,-0.181,-0.195,0.281,0,0,2969,499,2949,1724,2093,2841,50,1.087,32,0,76.877,3.889,-4.680,-69.200,33.160,-0.176,-0.082,1.125,1.982,-3.346,-0.790,0.978,0.040,0.818,0.945,3,NULL,NULL,,0,0,0,7,255,0,250,0,0
baseline,13171,13171,0,208031.817,0.923,-0.180,-0.192,0.280,0,0,2973,445,2959,1672,2124,2847,50,1.087,32,0,80.005,4.045,-6.080,-72.500,33.280,-0.203,-0.129,1.168,1.772,-3.636,0.202,0.998,0.048,0.818,0.945,3,NULL,NULL,,0,0,0,7,255,0,250,0,0
baseline,13171,13171,0,208036.817,0.924,-0.179,-0.189,0.279,0,0,2983,403,2973,1613,2155,2853,50,1.087,32,0,83.502,4.224,-10.340,-76.100,32.780,-0.190,-0.175,1.162,1.376,-3.994,0.516,1.018,0.056,0.818,0.945,3,NULL,NULL,,0,0,0,7,255,0,250,0,0
baseline,13171,13171,0,208041.819,0.926,-0.177,-0.185,0.278,0,0,2983,348,2983,1543,2190,2857,50,1.087,32,0,88.484,4.496,-11.820,-81.180,33.160,-0.173,-0.198,1.118,1.150,-4.346,0.516,1.040,0.064,0.818,0.945,3,NULL,NULL,,0,0,0,7,255,0,250,0,0
baseline,13171,13171,0,208046.817,0.927,-0.176,-0.181,0.277,0,0,2995,301,2990,1467,2217,2859,50,1.087,32,0,92.960,4.476,-7.780,-85.800,34.920,-0.155,-0.180,1.094,1.072,-4.346,0.054,1.060,0.070,0.818,0.945,3,NULL,NULL,,0,0,0,7,255,0,250,0,0
baseline,13183,13183,0,208051.817,0.928,-0.175,-0.177,0.276,0,0,2996,247,3001,1371,2247,2859,50,1.087,32,0,97.478,4.356,-2.420,-90.200,36.880,-0.150,-0.148,1.088,1.072,-4.222,-0.178,1.082,0.076,0.818,0.945,3,NULL,NULL,,0,0,0,7,255,0,250,0,0
baseline,13183,13183,0,208056.817,0.930,-0.174,-0.173,0.274,0,0,2997,152,3007,1273,2265,2863,50,1.087,32,0,100.842,4.099,3.620,-93.500,37.600,-0.139,-0.103,1.100,1.198,-3.920,-0.178,1.100,0.080,0.818,0.945,3,NULL,NULL,,0,0,0,7,255,0,250,0,0
baseline,13183,13183,0,208061.817,0.931,-0.173,-0.169,0.273,0,0,2997,83,3019,1181,2283,2860,50,1.087,32,0,104.488,3.881,7.600,-97.580,36.580,-0.136,-0.059,1.125,1.480,-3.588,-0.046,1.120,0.084,0.818,0.945,3,NULL,NULL,,0,0,0,7,255,0,250,0,0
baseline,13183,13183,0,208066.816,0.932,-0.172,-0.164,0.272,0,0,2991,30,3026,1078,2301,2858,50,1.087,32,0,107.467,3.709,10.220,-101.120,34.920,-0.125,-0.023,1.147,1.720,-3.286,0.254,1.140,0.088,0.818,0.945,3,NULL,NULL,,0,0,0,7,255,0,250,0,0
baseline,13200,13200,0,208071.817,0.934,-0.171,-0.159,0.271,0,0,2991,0,3032,967,2329,2856,50,1.087,32,0,109.465,3.729,8.520,-104.720,30.720,-0.109,-0.030,1.158,1.960,-3.172,0.478,1.160,0.090,0.818,0.945,3,NULL,NULL,,0,0,0,7,255,0,250,0,0
baseline,13200,13200,0,208076.817,0.935,-0.170,-0.154,0.270,0,0,2989,0,3038,838,2347,2853,50,1.087,32,0,112.802,3.729,10.280,-108.460,29.240,-0.102,-0.060,1.173,1.960,-3.172,0.542,1.180,0.092,0.818,0.945,3,NULL,NULL,,0,0,0,7,255,0,250,0,0
baseline,13215,13215,0,208081.817,0.936,-0.170,-0.149,0.269,0,0,2981,0,3043,747,2365,2847,50,1.087,32,0,120.018,3.893,11.620,-114.620,33.640,-0.125,-0.079,1.209,1.814,-3.444,0.648,1.200,0.092,0.818,0.945,3,NULL,NULL,,0,0,0,7,255,0,250,0,0
baseline,13215,13215,0,208086.816,0.938,-0.169,-0.144,0.268,0,0,2972,0,3044,648,2382,2841,50,1.087,32,0,126.686,3.841,10.960,-120.480,37.600,-0.122,-0.046,1.265,1.700,-3.444,1.060,1.218,0.094,0.818,0.945,3,NULL,NULL,,0,0,0,7,255,0,250,0,0
baseline,13215,13215,0,208091.817,0.939,-0.168,-0.138,0.267,0,0,2964,0,3048,557,2399,2837,50,1.087,32,0,135.936,3.803,11.560,-129.140,40.840,-0.131,0.000,1.294,1.700,-3.402,1.634,1.236,0.096,0.818,0.945,3,NULL,NULL,,0,0,0,7,255,0,250,0,0
baseline,13215,13215,0,208096.817,0.940,-0.167,-0.132,0.266,0,0,2953,0,3051,461,2413,2827,50,1.087,32,0,144.639,3.491,8.700,-137.560,43.840,-0.138,0.063,1.312,1.796,-2.994,2.024,1.250,0.098,0.818,0.945,3,NULL,NULL,,0,0,0,7,255,0,250,0,0
baseline,13264,13264,0,208101.818,0.942,-0.166,-0.125,0.264,0,0,2937,0,3053,382,2429,2809,50,1.087,32,0,153.701,3.119,10.820,-146.720,44.500,-0.152,0.113,1.362,1.956,-2.430,2.332,1.264,0.102,0.818,0.945,3,NULL,NULL,,0,0,0,7,255,0,250,0,0
baseline,13264,13264,0,208106.817,0.943,-0.165,-0.118,0.263,0,0,2918,0,3053,345,2443,2792,50,1.087,32,0,164.934,2.874,11.740,-157.400,47.860,-0.153,0.127,1.443,2.034,-2.030,2.944,1.274,0.110,0.818,0.945,3,NULL,NULL,,0,0,0,7,255,0,250,0,0
baseline,13264,13264,0,208111.817,0.945,-0.163,-0.111,0.261,0,0,2895,0,3051,301,2454,2766,50,1.087,32,0,172.113,2.874,7.720,-164.600,49.700,-0.174,0.136,1.552,2.034,-2.030,3.756,1.286,0.118,0.818,0.945,3,NULL,NULL,,0,0,0,7,255,0,250,0,0
baseline,13264,13264,0,208116.816,0.947,-0.161,-0.103,0.260,0,0,2867,0,3052,236,2459,2739,50,1.087,32,0,179.466,2.787,1.120,-173.280,46.700,-0.278,0.192,1.623,1.910,-2.030,4.870,1.296,0.128,0.818,0.945,3,NULL,NULL,,0,0,0,7,255,0,250,0,0
baseline,13264,13264,0,208121.817,0.948,-0.159,-0.096,0.258,0,0,2846,0,3047,221,2467,2707,50,1.087,32,0,190.248,1.808,-10.340,-186.020,38.520,-0.316,0.156,1.698,1.218,-1.336,5.920,1.304,0.140,0.818,0.945,3,NULL,NULL,,0,0,0,7,255,0,250,0,0
baseline,13264,13264,0,208126.816,0.949,-0.157,-0.087,0.258,0,0,2811,0,3045,191,2469,2669,50,1.087,32,0,197.714,1.462,-10.660,-195.680,26.200,-0.334,0.105,1.750,0.594,-1.336,6.686,1.308,0.152,0.818,0.945,3,NULL,NULL,,0,0,0,7,255,0,250,0,0
baseline,13264,13264,0,208131.817,0.951,-0.154,-0.079,0.257,0,0,2775,0,3035,139,2473,2617,50,1.087,32,0,212.662,1.337,-12.480,-211.540,17.900,-0.335,0.160,1.804,0.042,-1.336,7.156,1.308,0.168,0.818,0.945,3,NULL,NULL,,0,0,0,7,255,0,250,0,0
baseline,13264,13264,0,208136.816,0.952,-0.150,-0.069,0.257,0,0,2727,0,3017,73,2467,2565,50,1.087,32,0,231.432,1.121,-20.720,-230.100,13.620,-0.337,0.246,1.896,0.042,-1.120,7.758,1.306,0.188,0.818,0.945,3,NULL,NULL,,0,0,0,7,255,0,250,0,0
baseline,13264,13264,0,208141.817,0.953,-0.147,-0.060,0.257,0,0,2663,0,2997,44,2459,2495,50,1.087,32,0,236.429,0.380,-31.160,-234.120,10.760,-0.413,0.322,2.163,0.042,-0.378,8.776,1.298,0.216,0.818,0.945,3,NULL,NULL,,0,0,0,7,255,0,250,0,0
baseline,13264,13264,0,208146.817,0.955,-0.142,-0.050,0.258,0,0,2585,0,2943,23,2447,2409,50,1.087,32,0,251.092,0.390,-56.120,-244.740,-0.360,-0.374,0.510,2.196,0.232,0.314,11.554,1.286,0.248,0.818,0.945,3,NULL,NULL,,0,0,0,7,255,0,250,0,0
baseline,13280,13280,0,208151.817,0.956,-0.136,-0.040,0.258,0,0,2479,0,2935,0,2419,2309,50,1.087,32,0,259.684,2.114,-69.300,-249.740,-16.220,-0.341,0.542,2.331,0.776,1.966,12.056,1.266,0.292,0.818,0.945,3,NULL,NULL,,0,0,0,7,255,0,250,0,0
baseline,13280,13280,0,208156.816,0.956,-0.131,-0.030,0.260,0,0,2379,0,2875,0,2397,2185,50,1.087,32,0,262.599,2.333,-63.760,-253.900,-20.680,-0.447,0.586,2.485,0.776,2.200,13.336,1.240,0.340,0.818,0.945,3,NULL,NULL,,0,0,0,7,255,0,250,0,0
baseline,13296,13296,0,208161.818,0.957,-0.125,-0.020,0.261,0,0,2205,0,2791,0,2355,2008,50,1.087,32,0,268.678,3.209,-69.740,-258.120,-26.420,-0.616,0.749,2.845,-0.090,3.208,14.960,1.208,0.396,0.818,0.945,3,NULL,NULL,,0,0,0,7,255,0,250,0,0
baseline,13296,13296,0,208166.817,0.957,-0.118,-0.011,0.263,0,0,2079,0,2677,0,2299,1805,50,1.087,32,0,284.023,5.404,-114.100,-254.760,-52.420,-0.774,0.881,3.096,-1.066,5.298,18.708,1.174,0.454,0.818,0.945,3,NULL,NULL,,0,0,0,7,255,0,250,0,0
baseline,13296,13296,0,208171.817,0.958,-0.106,-0.003,0.266,0,0,1929,0,2519,0,2233,1597,50,1.087,32,0,328.841,7.747,-201.640,-250.960,-67.060,-0.904,0.860,2.947,-2.102,7.456,19.614,1.142,0.512,0.818,0.945,3,NULL,NULL,,0,0,0,7,255,0,250,0,0
baseline,13296,13296,0,208176.816,0.958,-0.092,0.004,0.271,0,0,1727,0,2349,0,2125,1407,50,1.087,32,0,388.359,9.451,-268.580,-258.780,-108.260,-0.873,0.727,2.653,-3.492,8.782,19.614,1.114,0.562,0.818,0.945,3,NULL,NULL,,0,0,0,7,255,0,250,0,0
baseline,13312,13312,0,208181.817,0.957,-0.079,0.013,0.277,0,0,1526,0,2182,0,1982,1224,50,1.087,32,0,405.397,9.620,-253.820,-283.560,-139.700,-0.844,0.434,2.489,-3.928,8.782,16.336,1.088,0.610,0.818,0.945,3,NULL,NULL,,0,0,0,7,255,0,250,0,0
baseline,13312,13312,0,208186.817,0.957,-0.066,0.023,0.282,0,0,1300,0,1975,0,1837,1061,50,1.087,32,0,400.144,8.874,-218.480,-310.840,-125.540,-0.772,0.165,2.554,-5.262,7.146,14.566,1.070,0.650,0.818,0.945,3,NULL,NULL,,0,0,0,7,255,0,250,0,0
baseline,13312,13312,0,208191.817,0.956,-0.053,0.034,0.287,0,0,1048,0,1748,0,1621,923,50,1.087,32,0,414.841,8.281,-223.060,-331.600,-111.260,-0.671,-0.056,2.552,-6.328,5.342,14.312,1.054,0.688,0.818,0.945,3,NULL,NULL,,0,0,0,7,255,0,250,0,0
baseline,13312,13312,0,208196.816,0.955,-0.037,0.046,0.291,0,0,815,0,1483,0,1357,797,50,1.087,32,0,458.813,7.426,-266.400,-356.560,-111.380,-0.484,-0.004,2.047,-6.328,3.886,14.312,1.040,0.726,0.818,0.945,3,NULL,NULL,,0,0,0,7,255,0,250,0,0
baseline,13344,13344,0,208201.817,0.953,-0.022,0.058,0.296,0,0,568,0,1227,0,1053,687,50,1.087,32,0,477.337,6.368,-263.280,-378.480,-123.640,-0.250,-0.027,1.493,-5.082,3.838,9.302,1.016,0.772,0.818,0.945,3,NULL,NULL,,0,0,0,7,255,0,250,0,0
baseline,13344,13344,0,208206.817,0.951,-0.009,0.072,0.299,0,0,421,0,955,0,657,593,50,1.087,32,0,440.036,4.103,-182.280,-390.060,-90.880,-0.052,-0.175,1.136,-3.132,2.650,3.962,0.984,0.826,0.818,0.945,4,NULL,NULL,,0,0,0,7,255,0,250,0,0
baseline,13344,13344,0,208211.817,0.950,-0.000,0.088,0.300,0,0,255,0,717,0,341,479,50,1.087,32,0,423.982,2.331,-81.220,-412.720,-53.160,0.060,-0.192,1.162,-2.298,0.388,1.120,0.938,0.896,0.818,0.945,4,NULL,NULL,,0,0,0,7,255,0,250,0,0
baseline,13344,13344,0,208216.816,0.949,0.006,0.107,0.297,0,0,128,0,473,0,5,340,50,1.087,32,0,455.786,2.331,1.800,-455.680,9.660,-0.115,-0.052,1.614,-2.298,0.388,1.120,0.888,0.970,0.818,0.945,4,NULL,NULL,,0,0,0,7,255,0,250,0,0
baseline,13376,13376,0,208221.817,0.948,0.013,0.125,0.292,0,0,71,0,255,0,0,228,50,1.087,32,0,483.719,4.620,-12.920,-476.980,79.420,-0.437,0.290,2.074,-3.442,3.082,4.882,0.832,1.050,0.818,0.945,4,NULL,NULL,,0,0,0,7,255,0,250,0,0
baseline,13376,13376,0,208226.816,0.948,0.023,0.142,0.285,0,0,0,0,31,0,0,141,50,1.087,32,0,496.366,10.287,-87.860,-473.500,120.240,-0.698,0.688,2.093,-5.340,8.792,6.676,0.782,1.124,0.818,0.945,4,NULL,NULL,,0,0,0,7,255,0,250,0,0
baseline,13376,13376,0,208231.817,0.947,0.035,0.158,0.278,0,0,0,0,0,0,0,92,50,1.087,32,0,524.171,15.008,-158.240,-477.420,147.600,-0.971,0.749,1.702,-5.748,13.864,6.676,0.740,1.196,0.818,0.945,4,NULL,NULL,,0,0,0,7,255,0,250,0,0
baseline,13376,13376,0,208236.816,0.946,0.050,0.175,0.268,0,0,0,0,0,0,0,24,50,1.087,32,0,571.371,15.592,-186.920,-503.720,194.400,-1.108,0.485,1.303,-7.134,13.864,1.474,0.712,1.252,0.818,0.945,4,NULL,NULL,,0,0,0,7,255,0,250,0,0
baseline,13376,13376,0,208241.817,0.944,0.066,0.192,0.258,0,0,0,0,0,0,0,0,50,1.087,32,0,612.465,14.806,-214.520,-535.520,205.700,-0.532,0.679,0.945,-7.134,12.974,-3.144,0.688,1.304,0.818,0.945,4,NULL,NULL,,0,0,0,7,255,0,250,0,0
baseline,13376,13376,0,208246.817,0.941,0.085,0.209,0.252,0,0,0,0,0,0,0,0,50,1.087,32,0,618.707,11.351,-289.960,-532.520,123.060,-0.520,0.765,0.649,-2.916,10.970,-4.960,0.664,1.354,0.818,0.945,4,NULL,NULL,,0,0,0,7,255,0,250,0,0
baseline,13376,13376,0,208251.817,0.937,0.099,0.223,0.249,0,0,0,0,0,0,0,0,50,1.087,32,0,507.050,10.880,-252.480,-436.820,50.420,-0.197,0.655,0.262,-1.628,10.758,-8.158,0.630,1.416,0.818,0.945,4,NULL,NULL,,0,0,0,7,255,0,250,0,0
baseline,13376,13376,0,208256.817,0.934,0.111,0.233,0.249,0,0,0,0,0,0,0,0,50,1.087,32,0,360.187,7.259,-210.420,-291.920,15.520,0.379,0.460,0.097,1.424,7.118,-8.392,0.592,1.480,0.818,0.945,4,NULL,NULL,,0,0,0,7,255,0,250,0,0
baseline,13392,13392,0,208261.817,0.932,0.118,0.237,0.249,0,0,0,0,0,0,0,0,50,1.087,32,0,217.244,3.639,-181.300,-114.680,34.260,0.094,0.260,-0.059,2.540,2.606,-10.108,0.546,1.554,0.818,0.945,0,NULL,NULL,,0,0,0,7,255,0,250,0,0
baseline,13392,13392,0,208266.816,0.932,0.120,0.236,0.247,0,0,0,0,0,0,0,0,50,1.087,32,0,126.110,2.939,-87.800,-1.040,90.520,-0.175,0.231,-0.278,2.540,1.478,-10.754,0.508,1.624,0.818,0.945,0,NULL,NULL,,0,0,0,7,255,0,250,0,0
baseline,13410,13410,0,208271.817,0.934,0.118,0.231,0.244,0,0,0,0,0,0,0,0,50,1.087,32,0,118.809,1.847,6.680,66.600,98.160,-0.519,0.478,0.163,1.108,1.478,-12.472,0.472,1.692,0.818,0.945,0,NULL,NULL,,0,0,0,7,255,0,250,0,0
baseline,13410,13410,0,208276.817,0.937,0.114,0.225,0.242,0,0,0,0,0,0,0,0,50,1.087,32,0,133.016,6.730,32.320,104.620,75.520,-0.810,0.646,0.637,-1.638,6.528,-12.472,0.446,1.754,0.818,0.945,0,NULL,NULL,,0,0,0,7,255,0,250,0,0
baseline,13410,13410,0,208281.817,0.939,0.112,0.218,0.242,0,0,0,0,0,0,0,0,50,1.087,32,0,155.909,11.880,-6.740,151.320,36.940,-0.874,0.604,0.819,-4.526,10.984,-10.220,0.424,1.814,0.818,0.945,0,NULL,NULL,,0,0,0,7,255,0,250,0,0
baseline,13410,13410,0,208286.817,0.940,0.112,0.208,0.245,0,0,0,0,0,0,0,0,50,1.087,32,0,222.763,11.880,-65.900,212.780,2.260,-0.494,0.418,0.995,-4.526,10.984,-8.774,0.408,1.864,0.818,0.945,0,NULL,NULL,,0,0,0,7,255,0,250,0,0
baseline,13423,13423,0,208291.817,0.943,0.110,0.197,0.247,0,0,0,0,0,0,0,0,50,1.087,32,0,230.910,10.319,-52.220,223.280,27.180,-0.594,0.394,0.279,-4.274,9.392,-8.774,0.396,1.912,0.818,0.945,0,NULL,NULL,,0,0,0,7,255,0,250,0,0
baseline,13423,13423,0,208296.816,0.944,0.109,0.188,0.249,0,0,0,0,0,0,0,0,50,1.087,32,0,200.349,7.905,-61.800,189.220,22.720,-0.422,0.469,0.447,-3.072,7.284,-9.172,0.390,1.948,0.818,0.945,0,NULL,NULL,,0,0,0,7,255,0,250,0,0
baseline,13455,13455,0,208301.817,0.946,0.110,0.178,0.250,0,0,0,0,0,0,0,0,50,1.087,32,0,210.123,6.933,-83.780,188.360,40.660,-0.329,0.367,0.284,-1.746,6.710,-9.916,0.388,1.986,0.818,0.945,0,NULL,NULL,,0,0,0,7,255,0,250,0,0
baseline,13455,13455,0,208306.817,0.947,0.109,0.168,0.250,0,0,0,0,0,0,0,0,50,1.087,32,0,222.956,5.561,-83.900,198.240,58.060,-0.318,0.313,-0.004,-1.114,5.448,-9.916,0.386,2.016,0.818,0.945,0,NULL,NULL,,0,0,0,7,255,0,250,0,0
baseline,13455,13455,0,208311.817,0.949,0.108,0.157,0.250,0,0,0,0,0,0,0,0,50,1.087,32,0,209.525,3.919,-69.860,187.260,62.880,-0.322,0.275,-0.199,-0.654,3.864,-12.210,0.384,2.048,0.818,0.945,0,NULL,NULL,,0,0,0,7,255,0,250,0,0
baseline,13455,13455,0,208316.816,0.951,0.106,0.148,0.250,0,0,0,0,0,0,0,0,50,1.087,32,0,195.663,2.904,-39.580,180.600,64.040,-0.300,0.241,-0.303,-0.524,2.856,-13.814,0.382,2.082,0.818,0.945,0,NULL,NULL,,0,0,0,7,255,0,250,0,0
baseline,13455,13455,0,208321.817,0.953,0.102,0.139,0.249,0,0,0,0,0,0,0,0,50,1.087,32,0,189.297,2.177,-3.460,177.680,65.200,-0.275,0.198,-0.327,-0.438,2.132,-14.542,0.376,2.118,0.818,0.945,0,NULL,NULL,,0,0,0,7,255,0,250,0,0
baseline,13455,13455,0,208326.816,0.955,0.098,0.129,0.248,0,0,0,0,0,0,0,0,50,1.087,32,0,188.376,1.721,30.720,172.920,68.120,-0.265,0.165,-0.247,-0.438,1.664,-14.542,0.370,2.158,0.818,0.945,0,NULL,NULL,,0,0,0,7,255,0,250,0,0
baseline,13477,13477,0,208331.817,0.957,0.092,0.121,0.246,0,0,0,0,0,0,0,0,50,1.087,32,0,192.825,1.815,54.280,170.300,72.340,-0.271,0.153,-0.096,-0.724,1.664,-13.680,0.360,2.202,0.818,0.945,0,NULL,NULL,,0,0,0,7,255,0,250,0,0
baseline,13477,13477,0,208336.816,0.959,0.086,0.112,0.244,0,0,0,0,0,0,0,0,50,1.087,32,0,200.886,2.417,68.260,172.920,76.120,-0.295,0.175,0.025,-1.116,2.144,-12.266,0.350,2.248,0.818,0.945,0,NULL,NULL,,0,0,0,7,255,0,250,0,0
baseline,13477,13477,0,208341.819,0.961,0.079,0.103,0.242,0,0,0,0,0,0,0,0,50,1.087,32,0,206.282,3.175,76.680,174.940,77.900,-0.337,0.203,0.125,-1.416,2.842,-11.214,0.338,2.302,0.818,0.945,0,NULL,NULL,,0,0,0,7,255,0,250,0,0
baseline,13477,13477,0,208346.817,0.963,0.073,0.095,0.240,0,0,0,0,0,0,0,0,50,1.087,32,0,213.571,3.984,85.180,180.060,77.040,-0.397,0.219,0.221,-1.784,3.562,-10.386,0.328,2.350,0.818,0.945,0,NULL,NULL,,0,0,0,7,255,0,250,0,0
baseline,13477,13477,0,208351.817,0.965,0.067,0.087,0.238,0,0,0,0,0,0,0,0,50,1.087,32,0,220.011,4.825,92.000,186.540,71.720,-0.462,0.207,0.312,-2.342,4.218,-9.582,0.316,2.404,0.818,0.945,0,NULL,NULL,,0,0,0,7,255,0,250,0,0
baseline,13477,13477,0,208356.817,0.967,0.060,0.078,0.237,0,0,0,0,0,0,0,0,50,1.087,32,0,224.501,5.542,94.320,193.980,62.260,-0.516,0.185,0.404,-3.052,4.626,-8.744,0.306,2.456,0.818,0.945,0,NULL,NULL,,0,0,0,7,255,0,250,0,0
baseline,13488,13488,0,208361.817,0.968,0.054,0.069,0.236,0,0,0,0,0,0,0,0,50,1.087,32,0,231.081,6.118,94.580,204.960,49.440,-0.553,0.174,0.479,-3.700,4.872,-7.822,0.298,2.510,0.818,0.945,0,NULL,NULL,,0,0,0,7,255,0,250,0,0
baseline,13488,13488,0,208366.817,0.969,0.047,0.060,0.235,0,0,0,0,0,0,0,0,50,1.087,32,0,238.449,6.400,94.500,216.140,34.800,-0.568,0.143,0.529,-4.100,4.914,-7.028,0.294,2.562,0.818,0.945,0,NULL,NULL,,0,0,0,7,255,0,250,0,0
baseline,13508,13508,0,208371.818,0.970,0.040,0.051,0.236,0,0,0,0,0,0,0,0,50,1.087,32,0,247.421,6.575,95.060,227.480,20.820,-0.567,0.127,0.581,-4.368,4.914,-6.370,0.290,2.616,0.818,0.945,0,NULL,NULL,,0,0,0,7,255,0,250,0,0
baseline,13508,13508,0,208376.817,0.970,0.033,0.041,0.236,0,0,0,0,0,0,0,0,50,1.087,32,0,257.642,6.499,95.120,239.320,7.580,-0.563,0.111,0.620,-4.368,4.812,-5.690,0.290,2.664,0.818,0.945,0,NULL,NULL,,0,0,0,7,255,0,250,0,0
baseline,13508,13508,0,208381.817,0.970,0.026,0.030,0.238,0,0,0,0,0,0,0,0,50,1.087,32,0,268.261,6.376,94.580,250.980,-5.240,-0.546,0.098,0.648,-4.358,4.654,-5.120,0.292,2.714,0.818,0.945,0,NULL,NULL,,0,0,0,7,255,0,250,0,0
baseline,13508,13508,0,208386.816,0.970,0.018,0.020,0.240,0,0,0,0,0,0,0,0,50,1.087,32,0,279.125,6.091,96.100,261.420,-18.300,-0.532,0.093,0.663,-4.180,4.430,-4.652,0.296,2.756,0.818,0.945,0,NULL,NULL,,0,0,0,7,255,0,250,0,0
baseline,13519,13519,0,208391.817,0.970,0.011,0.009,0.243,0,0,0,0,0,0,0,0,50,1.087,32,0,291.295,5.809,100.980,271.420,-31.420,-0.490,0.079,0.665,-3.964,4.246,-4.338,0.300,2.800,0.818,0.945,0,NULL,NULL,,0,0,0,7,255,0,250,0,0
baseline,13519,13519,0,208396.817,0.969,0.003,-0.002,0.245,0,0,0,0,0,0,0,0,50,1.087,32,0,303.219,5.224,108.300,280.340,-40.280,-0.458,0.051,0.666,-3.540,3.842,-4.128,0.304,2.836,0.818,0.945,0,NULL,NULL,,0,0,0,7,255,0,250,0,0
baseline,13552,13552,0,208401.818,0.968,-0.006,-0.014,0.249,0,0,0,0,0,0,0,0,50,1.087,32,0,313.255,4.677,116.720,286.620,-48.520,-0.441,0.071,0.695,-3.264,3.350,-3.938,0.306,2.868,0.818,0.945,0,NULL,NULL,,0,0,0,7,255,0,250,0,0
baseline,13552,13552,0,208406.817,0.967,-0.014,-0.025,0.252,0,0,0,0,0,0,0,0,50,1.087,32,0,323.208,4.412,126.680,291.640,-57.980,-0.414,0.076,0.708,-2.874,3.348,-3.542,0.308,2.896,0.818,0.945,0,NULL,NULL,,0,0,0,7,255,0,250,0,0
baseline,13552,13552,0,208411.817,0.966,-0.024,-0.036,0.256,0,0,0,0,0,0,0,0,50,1.087,32,0,332.551,3.987,140.600,294.140,-65.600,-0.360,0.057,0.750,-2.462,3.136,-3.302,0.310,2.920,0.818,0.945,0,NULL,NULL,,0,0,0,7,255,0,250,0,0
baseline,13552,13552,0,208416.816,0.964,-0.034,-0.046,0.261,0,0,0,0,0,0,0,0,50,1.087,32,0,339.081,3.222,150.060,294.500,-75.680,-0.278,0.113,0.816,-1.916,2.590,-2.786,0.312,2.938,0.818,0.945,0,NULL,NULL,,0,0,0,7,255,0,250,0,0
baseline,13552,13552,0,208421.817,0.962,-0.043,-0.057,0.265,0,0,0,0,0,0,0,0,50,1.087,32,0,346.619,2.623,155.840,297.060,-87.260,-0.120,-0.012,0.856,-0.742,2.516,-2.156,0.312,2.952,0.818,0.945,0,NULL,NULL,,0,0,0,7,255,0,250,0,0
baseline,13552,13552,0,208426.816,0.959,-0.053,-0.067,0.270,0,0,0,0,0,0,0,0,50,1.087,32,0,358.728,0.516,164.340,308.300,-81.420,-0.006,-0.033,0.899,0.174,0.486,-1.792,0.310,2.960,0.818,0.945,0,NULL,NULL,,0,0,0,7,255,0,250,0,0
baseline,13567,13567,0,208431.817,0.956,-0.064,-0.078,0.274,0,0,0,0,0,0,0,0,50,1.087,32,0,361.684,1.265,176.840,306.640,-74.260,0.075,0.056,0.872,1.208,-0.374,-1.792,0.308,2.964,0.818,0.945,0,NULL,NULL,,0,0,0,7,255,0,250,0,0
baseline,13567,13567,0,208436.817,0.954,-0.076,-0.087,0.278,0,0,0,0,0,0,0,0,50,1.087,32,0,362.679,2.453,198.820,296.280,-65.000,0.136,0.063,0.957,2.404,-0.486,-1.508,0.306,2.968,0.818,0.945,0,NULL,NULL,,0,0,0,7,255,0,250,0,0
baseline,13567,13567,0,208441.817,0.951,-0.088,-0.096,0.280,0,0,0,0,0,0,0,0,50,1.087,32,0,369.605,3.318,218.540,294.200,-47.900,0.167,0.033,1.110,3.180,-0.946,-1.290,0.306,2.968,0.818,0.945,0,NULL,NULL,,0,0,0,7,255,0,250,0,0
baseline,13567,13567,0,208446.816,0.948,-0.101,-0.105,0.283,0,0,0,0,0,0,0,0,50,1.087,32,0,372.159,4.049,224.940,294.080,-37.700,0.162,0.057,1.305,3.626,-1.802,0.044,0.306,2.966,0.818,0.945,0,NULL,NULL,,0,0,0,7,255,0,250,0,0
baseline,13584,13584,0,208451.817,0.945,-0.113,-0.115,0.285,0,0,0,0,0,0,0,0,50,1.087,32,0,365.915,4.697,211.940,296.760,-30.140,0.182,0.070,1.493,4.162,-2.176,1.828,0.308,2.964,0.818,0.945,0,NULL,NULL,,0,0,0,7,255,0,250,0,0
baseline,13584,13584,0,208456.816,0.942,-0.124,-0.124,0.286,0,0,0,0,0,0,0,0,50,1.087,32,0,352.634,5.655,200.520,289.440,-19.160,0.203,0.055,1.592,4.880,-2.858,3.446,0.310,2.960,0.818,0.945,0,NULL,NULL,,0,0,0,7,255,0,250,0,0
baseline,13584,13584,0,208461.817,0.939,-0.135,-0.133,0.287,0,0,0,0,0,0,0,0,50,1.087,32,0,340.897,6.455,180.080,289.440,-2.560,0.181,0.037,1.676,5.302,-3.682,4.172,0.314,2.954,0.818,0.945,0,NULL,NULL,,0,0,0,7,255,0,250,0,0
baseline,13584,13584,0,208466.817,0.936,-0.145,-0.143,0.287,0,0,0,0,0,0,0,0,50,1.087,32,0,342.621,6.763,157.380,303.960,15.140,0.071,0.030,1.677,5.302,-4.198,4.840,0.316,2.948,0.818,0.945,0,NULL,NULL,,0,0,0,7,255,0,250,0,0
baseline,13599,13599,0,208471.817,0.933,-0.154,-0.153,0.286,0,0,0,0,0,0,0,0,50,1.087,32,0,332.580,6.347,157.000,292.740,16.240,0.004,0.004,1.690,4.680,-4.288,5.010,0.320,2.942,0.818,0.945,0,NULL,NULL,,0,0,0,7,255,0,250,0,0
baseline,13599,13599,0,208476.816,0.930,-0.163,-0.162,0.286,0,0,0,0,0,0,0,0,50,1.087,32,0,316.201,6.180,140.520,282.900,14.300,-0.022,-0.023,1.734,4.244,-4.492,5.162,0.324,2.934,0.818,0.945,0,NULL,NULL,,0,0,0,7,255,0,250,0,0
baseline,13616,13616,0,208481.817,0.927,-0.172,-0.172,0.285,0,0,0,0,0,0,0,0,50,1.087,32,0,315.361,6.588,129.840,287.060,13.800,-0.010,-0.058,1.679,4.200,-5.076,5.162,0.330,2.926,0.818,0.945,0,NULL,NULL,,0,0,0,7,255,0,250,0,0
baseline,13616,13616,0,208486.817,0.924,-0.180,-0.182,0.285,0,0,0,0,0,0,0,0,50,1.087,32,0,310.293,6.983,124.660,283.700,16.000,-0.013,-0.105,1.656,4.180,-5.594,4.700,0.336,2.916,0.818,0.945,0,NULL,NULL,,0,0,0,7,255,0,250,0,0
baseline,13616,13616,0,208491.818,0.921,-0.188,-0.191,0.284,0,0,0,0,0,0,0,0,50,1.087,32,0,308.826,7.408,123.800,282.420,16.920,-0.031,-0.187,1.616,4.046,-6.206,4.264,0.348,2.904,0.818,0.945,0,NULL,NULL,,0,0,0,7,255,0,250,0,0
baseline,13616,13616,0,208496.817,0.917,-0.196,-0.201,0.283,0,0,0,0,0,0,0,0,50,1.087,32,0,309.500,7.795,129.060,280.900,15.140,-0.068,-0.250,1.608,3.542,-6.944,3.688,0.364,2.888,0.818,0.945,0,NULL,NULL,,0,0,0,7,255,0,250,0,0
baseline,13648,13648,0,208501.817,0.913,-0.204,-0.210,0.283,0,0,0,0,0,0,0,0,50,1.087,32,0,314.038,8.166,138.140,281.920,7.640,-0.091,-0.264,1.613,3.078,-7.564,3.488,0.388,2.868,0.818,0.945,0,NULL,NULL,,0,0,0,7,255,0,250,0,0
baseline,13648,13648,0,208506.817,0.909,-0.213,-0.219,0.283,0,0,0,0,0,0,0,0,50,1.087,32,0,320.118,8.473,150.900,282.300,-3.400,-0.088,-0.270,1.667,3.078,-7.894,3.488,0.418,2.844,0.818,0.945,0,NULL,NULL,,0,0,0,7,255,0,250,0,0
baseline,13648,13648,0,208511.817,0.905,-0.222,-0.228,0.284,0,0,0,0,0,0,0,0,50,1.087,32,0,326.877,9.124,163.840,282.420,-15.620,-0.051,-0.285,1.748,3.346,-8.488,3.604,0.462,2.810,0.818,0.945,0,NULL,NULL,,0,0,0,7,255,0,250,0,0
baseline,13648,13648,0,208516.816,0.900,-0.231,-0.237,0.285,0,0,0,0,0,0,0,0,50,1.087,32,0,332.488,10.233,175.140,281.440,-25.800,0.041,-0.306,1.836,3.950,-9.440,3.718,0.516,2.768,0.818,0.945,0,NULL,NULL,,0,0,0,7,255,0,250,0,0
baseline,13664,13664,0,208521.817,0.894,-0.241,-0.245,0.287,0,0,0,0,0,0,0,0,50,1.087,32,0,342.200,11.793,189.600,282.720,-34.960,0.164,-0.292,1.897,4.924,-10.716,3.718,0.586,2.714,0.818,0.945,0,NULL,NULL,,0,0,0,7,255,0,250,0,0
baseline,13664,13664,0,208526.816,0.888,-0.251,-0.253,0.289,0,0,0,0,0,0,0,0,50,1.087,32,0,352.960,13.287,211.260,278.760,-47.360,0.328,-0.274,2.049,6.200,-11.752,3.232,0.662,2.654,0.818,0.945,0,NULL,NULL,,0,0,0,7,255,0,250,0,0
baseline,13680,13680,0,208531.817,0.882,-0.262,-0.261,0.292,0,0,0,0,0,0,0,0,50,1.087,32,0,357.878,15.620,224.140,272.400,-60.300,0.546,-0.221,2.212,8.040,-13.392,3.140,0.760,2.576,0.818,0.945,0,NULL,NULL,,0,0,0,7,255,0,250,0,0
baseline,13680,13680,0,208536.816,0.875,-0.273,-0.269,0.295,0,0,0,0,0,0,0,0,50,1.087,32,0,372.411,18.349,225.680,289.200,-64.200,0.656,-0.208,2.291,10.454,-15.080,2.792,0.862,2.494,0.818,0.945,0,NULL,NULL,,0,0,0,7,255,0,250,0,0
baseline,13680,13680,0,208541.817,0.869,-0.283,-0.277,0.297,0,0,0,0,0,0,0,0,50,1.087,32,0,375.758,19.953,222.320,298.720,-50.340,1.106,-0.114,2.539,11.570,-16.256,2.218,0.990,2.390,0.818,0.945,0,NULL,NULL,,0,0,0,7,255,0,250,0,0
baseline,13680,13680,0,208546.817,0.863,-0.294,-0.282,0.299,0,0,0,0,0,0,0,0,50,1.087,32,0,324.337,24.908,230.260,224.980,-39.480,1.500,-0.063,2.651,16.054,-19.044,0.854,1.108,2.294,0.818,0.945,0,NULL,NULL,,0,0,0,7,255,0,250,0,0
baseline,13680,13680,0,208551.817,0.857,-0.303,-0.288,0.301,0,0,0,0,0,0,0,0,50,1.087,32,0,299.924,27.232,198.260,218.460,-54.060,1.302,-0.027,2.629,17.988,-20.446,-0.650,1.246,2.178,0.818,0.945,0,NULL,NULL,,0,0,0,7,255,0,250,0,0
baseline,13680,13680,0,208556.817,0.852,-0.311,-0.293,0.304,0,0,0,0,0,0,0,0,50,1.087,32,0,282.158,28.266,181.300,209.000,-55.340,1.884,-0.389,2.484,18.736,-21.164,-1.276,1.378,2.068,0.818,0.945,0,NULL,NULL,,0,0,0,7,255,0,250,0,0
baseline,13695,13695,0,208561.817,0.847,-0.318,-0.297,0.304,0,0,0,0,0,0,0,0,50,1.087,32,0,246.657,29.664,165.300,183.060,-2.180,1.858,-0.215,2.442,18.736,-22.998,-6.988,1.518,1.952,0.818,0.945,0,NULL,NULL,,0,0,0,7,255,0,250,0,0
baseline,13695,13695,0,208566.816,0.844,-0.326,-0.300,0.303,0,0,0,0,0,0,0,0,50,1.087,32,0,225.586,30.040,149.260,167.000,26.860,1.730,-0.104,2.451,19.326,-22.998,-6.988,1.652,1.840,0.818,0.945,0,NULL,NULL,,0,0,0,7,255,0,250,0,0
baseline,13695,13695,0,208571.817,0.840,-0.332,-0.303,0.302,0,0,0,0,0,0,0,0,50,1.087,32,0,206.636,29.283,123.560,164.000,23.140,1.630,-0.107,2.360,19.326,-22.000,-6.632,1.790,1.726,0.818,0.945,0,NULL,NULL,,0,0,0,7,255,0,250,0,0
baseline,13695,13695,0,208576.817,0.837,-0.337,-0.307,0.302,0,0,0,0,0,0,0,0,50,1.087,32,0,187.940,28.056,99.880,159.120,5.140,1.738,-0.242,2.171,18.314,-21.254,-6.632,1.922,1.616,0.818,0.945,0,NULL,NULL,,0,0,0,7,255,0,250,0,0
baseline,13711,13711,0,208581.817,0.835,-0.341,-0.310,0.301,0,0,0,0,0,0,0,0,50,1.087,32,0,179.574,27.468,84.020,158.700,1.300,1.882,-0.354,2.006,17.400,-21.254,-9.340,2.060,1.502,0.818,0.945,0,NULL,NULL,,0,0,0,7,255,0,250,0,0
baseline,13711,13711,0,208586.817,0.833,-0.344,-0.313,0.300,0,0,0,0,0,0,0,0,50,1.087,32,0,176.693,27.171,68.940,162.660,3.060,1.968,-0.439,1.817,16.928,-21.254,-11.992,2.186,1.396,0.818,0.945,0,NULL,NULL,,0,0,0,7,255,0,250,0,0
baseline,13727,13727,0,208591.817,0.831,-0.347,-0.317,0.299,0,0,0,0,0,0,0,0,50,1.087,32,0,165.497,26.415,57.940,154.980,3.680,2.037,-0.626,1.577,16.206,-20.860,-14.290,2.318,1.288,0.818,0.945,0,NULL,NULL,,0,0,0,7,255,0,250,0,0
baseline,13727,13727,0,208596.816,0.829,-0.349,-0.319,0.298,0,0,0,0,0,0,0,0,50,1.087,32,0,154.140,25.180,54.900,143.740,9.160,2.069,-0.810,1.351,14.492,-20.592,-17.066,2.434,1.192,0.818,0.945,0,NULL,NULL,,0,0,0,7,255,0,250,0,0
baseline,13761,13761,0,208601.817,0.827,-0.352,-0.322,0.297,0,0,0,0,0,0,0,0,50,1.087,32,0,149.668,23.870,66.380,132.640,20.020,2.038,-0.925,1.135,12.616,-20.264,-19.438,2.558,1.094,0.818,0.945,0,NULL,NULL,,0,0,0,7,255,0,250,0,0
baseline,13761,13761,0,208606.819,0.826,-0.355,-0.323,0.296,0,0,0,0,0,0,0,0,50,1.087,32,0,150.657,22.184,88.220,118.720,28.640,1.964,-0.994,1.007,10.828,-19.362,-21.048,2.668,1.004,0.818,0.945,0,NULL,NULL,,0,0,0,7,255,0,250,0,0
baseline,13761,13761,0,208611.817,0.824,-0.360,-0.323,0.296,0,0,0,0,0,0,0,0,50,1.087,32,0,155.067,21.015,112.280,101.940,32.360,1.895,-1.039,1.025,9.418,-18.786,-21.366,2.784,0.910,0.818,0.945,0,NULL,NULL,,0,0,0,7,255,0,250,0,0
baseline,13761,13761,0,208616.816,0.822,-0.364,-0.323,0.296,0,0,0,0,0,0,0,0,50,1.087,32,0,159.728,20.714,129.120,89.180,29.800,1.857,-1.069,1.117,8.726,-18.786,-21.366,2.914,0.802,0.818,0.945,0,NULL,NULL,,0,0,0,7,255,0,250,0,0
baseline,13761,13761,0,208621.817,0.820,-0.368,-0.323,0.296,0,0,0,0,0,0,0,0,50,1.087,32,0,153.415,21.266,131.500,76.420,20.100,1.868,-1.133,1.201,8.580,-19.458,-20.818,3.062,0.678,0.818,0.945,0,NULL,NULL,,0,0,0,7,255,0,250,0,0
baseline,13761,13761,0,208626.816,0.818,-0.372,-0.322,0.297,0,0,0,0,0,0,0,0,50,1.087,32,0,139.008,22.150,123.980,61.960,10.640,1.896,-1.161,1.253,8.524,-20.444,-20.818,3.220,0.542,0.818,0.945,0,NULL,NULL,,0,0,0,7,255,0,250,0,0
baseline,13761,13761,0,208631.817,0.817,-0.375,-0.321,0.298,0,0,0,0,0,0,0,0,50,1.087,32,0,120.579,22.475,110.680,47.620,4.640,1.916,-1.093,1.270,8.524,-20.796,-20.774,3.392,0.394,0.818,0.945,0,NULL,NULL,,0,0,0,7,255,0,250,0,0
baseline,13761,13761,0,208636.817,0.816,-0.377,-0.319,0.299,0,0,0,0,0,0,0,0,50,1.087,32,0,102.091,22.690,96.220,34.120,0.200,1.912,-1.038,1.268,9.076,-20.796,-20.770,3.546,0.262,0.818,0.945,0,NULL,NULL,,0,0,0,7,255,0,250,0,0
baseline,13761,13761,0,208641.818,0.816,-0.379,-0.317,0.301,0,0,0,0,0,0,0,0,50,1.087,32,0,94.570,22.690,92.180,21.060,-1.700,1.788,-1.137,1.429,9.076,-20.796,-20.592,3.698,0.134,0.818,0.945,0,NULL,NULL,,0,0,0,7,255,0,250,0,0
baseline,13761,13761,0,208646.816,0.812,-0.394,-0.307,0.301,0,0,0,0,0,0,0,0,50,1.087,32,0,437.336,23.830,402.800,-56.940,160.540,1.517,-1.175,3.739,9.342,-21.922,-19.164,3.822,0.032,0.818,0.945,0,NULL,NULL,,0,0,0,7,255,0,250,0,0
baseline,13792,13792,0,208651.817,0.809,-0.408,-0.293,0.305,0,0,0,5,0,0,0,0,50,1.087,32,0,446.412,40.890,408.780,-162.220,76.600,1.690,-0.115,5.583,13.554,-38.578,-4.844,3.928,0.050,0.818,0.945,0,NULL,NULL,,0,0,0,7,255,0,250,0,0
baseline,13792,13792,0,208656.817,0.815,-0.396,-0.291,0.307,47,0,0,212,0,13,0,5,50,1.087,32,0,278.489,45.101,-216.840,-162.840,-63.400,1.432,-0.677,4.520,17.650,-41.504,3.010,4.008,0.108,0.818,0.945,0,NULL,NULL,,0,0,0,7,255,0,250,0,0
baseline,13792,13792,0,208661.817,0.828,-0.371,-0.291,0.304,217,0,0,439,0,89,0,1,50,1.087,32,0,641.853,46.118,-606.900,-203.860,-45.700,1.615,0.363,2.283,20.108,-41.504,3.010,4.064,0.140,0.818,0.945,0,NULL,NULL,,0,0,0,7,255,0,250,0,0
baseline,13792,13792,0,208666.817,0.845,-0.341,-0.289,0.294,505,0,0,724,0,148,0,0,50,1.087,32,0,709.780,27.162,-655.360,-257.200,90.220,1.123,1.463,0.783,19.688,-18.712,-6.070,4.090,0.146,0.818,0.945,0,NULL,NULL,,0,0,0,7,255,0,250,0,0
baseline,13792,13792,0,208671.817,0.859,-0.322,-0.284,0.280,815,0,0,1045,0,263,0,0,50,1.087,32,0,651.378,19.717,-566.680,-229.240,224.980,0.861,1.580,-0.483,19.688,1.066,-7.808,4.088,0.120,0.818,0.945,0,NULL,NULL,,0,0,0,7,255,0,250,0,0
baseline,13792,13792,0,208676.817,0.865,-0.319,-0.280,0.267,1169,0,0,1264,0,461,0,12,50,1.087,32,0,388.189,15.090,-173.000,-151.840,312.580,-0.043,-0.186,-1.103,14.042,5.526,-14.054,4.066,0.074,0.818,0.945,0,NULL,NULL,,0,0,0,7,255,0,250,0,0
baseline,13808,13808,0,208681.817,0.869,-0.322,-0.274,0.257,1491,0,0,1493,0,589,0,26,50,1.087,32,0,343.217,7.540,33.600,-98.560,327.040,-0.281,-1.545,-0.899,-5.130,5.526,-18.128,4.042,0.026,0.818,0.945,0,NULL,NULL,,0,0,0,7,255,0,250,0,0
baseline,13808,13808,0,208686.816,0.871,-0.329,-0.266,0.249,1791,0,0,1739,0,680,0,30,50,1.087,32,0,320.806,6.219,137.780,-124.620,261.540,-1.096,0.517,0.525,-5.130,3.516,-18.128,4.040,0.000,0.818,0.945,0,NULL,NULL,,0,0,0,7,255,0,250,0,0
baseline,13824,13824,0,208691.817,0.872,-0.337,-0.257,0.245,2175,0,0,2072,0,777,0,45,50,1.087,32,0,254.893,4.672,155.000,-111.800,168.660,-0.660,3.188,1.203,-3.076,3.516,1.770,0.000,0.000,0.818,0.945,0,NULL,NULL,,0,0,0,7,255,0,250,0,0
baseline,13824,13824,0,208696.817,0.875,-0.339,-0.249,0.238,2471,0,0,2430,0,813,0,93,50,1.087,32,0,273.773,4.839,40.620,-143.540,229.560,-1.654,1.604,2.219,3.324,3.516,13.988,0.000,0.000,0.818,0.945,0,NULL,NULL,,0,0,0,7,255,0,250,0,0
baseline,13856,13856,0,208701.817,0.879,-0.339,-0.239,0.234,2652,0,0,2651,0,907,0,183,50,1.087,32,0,252.976,3.937,8.440,-198.720,156.320,-3.003,-0.262,3.114,3.324,2.110,20.888,0.000,0.000,0.818,0.945,0,NULL,NULL,,0,0,0,7,255,0,250,0,0
baseline,13856,13856,0,208706.819,0.885,-0.322,-0.240,0.236,2790,0,0,2811,0,985,0,319,50,1.087,32,0,399.052,18.353,-366.920,-122.300,-98.260,-2.057,-0.795,2.246,-12.828,-13.126,20.888,0.000,0.000,0.818,0.945,0,NULL,NULL,,0,0,0,7,255,0,250,0,0
baseline,13856,13856,0,208711.817,0.888,-0.302,-0.244,0.245,2875,0,0,2925,0,1076,0,454,50,1.087,32,0,504.252,18.353,-396.340,-87.820,-299.120,-1.154,-0.637,0.691,-12.828,-13.126,14.296,0.000,0.000,0.818,0.945,0,NULL,NULL,,0,0,0,7,255,0,250,0,0
baseline,13856,13856,0,208716.816,0.890,-0.283,-0.247,0.260,2935,0,0,2989,0,1268,0,635,50,1.087,32,0,499.321,10.969,-301.920,-96.800,-385.740,0.004,-0.308,0.066,-9.682,-5.156,-0.880,0.000,0.000,0.818,0.945,0,NULL,NULL,,0,0,0,7,255,0,250,0,0
baseline,13856,13856,0,208721.817,0.888,-0.272,-0.247,0.276,2992,0,0,3065,54,1398,0,839,50,1.087,32,0,441.786,5.303,-100.000,-66.820,-425.100,1.700,-0.465,0.847,-1.242,-5.156,-10.674,0.000,0.000,0.818,0.945,1,1152.000,1152.000,,0,0,0,7,255,0,250,0,0
baseline,13856,13856,0,208726.816,0.884,-0.269,-0.247,0.292,3049,0,57,3127,330,1463,0,1055,50,1.087,32,0,387.523,17.011,58.920,-14.580,-382.740,2.104,-1.442,1.043,9.642,-14.014,-14.506,0.000,0.000,0.818,0.945,1,NULL,NULL,,0,0,0,7,255,0,250,0,0
baseline,13879,13879,0,208731.817,0.882,-0.269,-0.249,0.295,3079,0,189,3175,530,1561,0,1183,50,1.087,32,0,136.650,24.972,42.940,103.160,-78.660,2.294,-1.097,0.893,12.406,-21.672,-17.624,0.000,0.000,0.818,0.945,1,NULL,NULL,,0,0,0,7,255,0,250,0,0
baseline,13879,13879,0,208736.817,0.884,-0.272,-0.246,0.291,3123,0,267,3197,645,1659,0,1257,50,1.087,32,0,137.874,24.717,52.940,19.900,125.740,1.321,-0.143,1.003,11.886,-21.672,-17.624,0.000,0.000,0.818,0.945,1,NULL,NULL,,0,0,0,7,255,0,250,0,0
baseline,13880,13880,0,208741.817,0.887,-0.272,-0.243,0.282,3111,0,281,3211,735,1718,0,1323,50,1.087,32,0,217.451,16.454,-25.600,-46.740,210.820,-0.196,0.208,1.153,11.886,-11.378,-10.404,0.000,0.000,0.818,0.945,1,NULL,NULL,,0,0,0,7,255,0,250,0,0
baseline,13880,13880,0,208746.816,0.891,-0.270,-0.239,0.277,3125,27,391,3229,872,1763,0,1388,51,1.087,33,0,176.318,5.955,-63.640,-89.100,138.200,-1.039,-0.147,1.449,3.732,-4.640,0.202,0.000,0.000,0.818,0.945,1,NULL,NULL,,0,0,0,7,255,0,250,0,0
baseline,13880,13880,0,208751.817,0.892,-0.266,-0.239,0.277,3131,55,527,3237,921,1787,0,1447,51,1.087,33,0,81.124,5.400,-76.760,-26.240,-0.660,-1.279,-0.265,1.358,-3.558,-4.062,6.222,0.000,0.000,0.818,0.945,1,NULL,NULL,,0,0,0,7,255,0,250,0,0
baseline,13880,13880,0,208756.816,0.891,-0.262,-0.242,0.280,3145,98,665,3251,972,1823,0,1491,51,1.087,33,0,118.123,5.947,-55.020,16.600,-103.200,-0.609,-0.385,0.631,-4.344,-4.062,6.222,0.000,0.000,0.818,0.945,1,NULL,NULL,,0,0,0,7,255,0,250,0,0
baseline,13891,13891,0,208761.818,0.891,-0.259,-0.242,0.285,3147,153,755,3251,1059,1853,0,1555,51,1.087,33,0,113.600,5.947,-22.980,-12.740,-110.520,0.132,-0.431,0.519,-4.344,-4.062,-2.956,0.000,0.000,0.818,0.945,1,NULL,NULL,,0,0,0,7,255,0,250,0,0
baseline,13891,13891,0,208766.817,0.890,-0.259,-0.241,0.288,3149,169,826,3259,1115,1891,0,1631,51,1.087,33,0,61.733,6.294,20.300,-1.520,-58.280,0.459,-0.229,0.730,0.322,-6.286,-7.618,0.000,0.000,0.818,0.945,1,NULL,NULL,,0,0,0,7,255,0,250,0,0
baseline,13906,13906,0,208771.817,0.890,-0.260,-0.240,0.288,3157,169,883,3259,1175,1947,0,1694,51,1.087,33,0,43.077,8.426,43.060,-1.220,0.080,0.344,-0.149,0.957,4.500,-7.124,-7.618,0.000,0.000,0.818,0.945,1,NULL,NULL,,0,0,0,7,255,0,250,0,0
baseline,13906,13906,0,208776.816,0.891,-0.260,-0.238,0.287,3159,179,925,3260,1225,1977,0,1734,51,1.087,33,0,47.473,8.499,21.020,-8.540,41.700,0.011,-0.168,1.203,4.500,-7.210,-5.030,0.000,0.000,0.818,0.945,1,NULL,NULL,,0,0,0,7,255,0,250,0,0
baseline,13906,13906,0,208781.817,0.891,-0.260,-0.238,0.285,3163,187,943,3259,1256,1993,0,1755,51,1.087,33,0,47.421,7.862,-13.880,-2.000,45.300,-0.256,-0.232,1.088,3.136,-7.210,-1.328,0.000,0.000,0.818,0.945,1,NULL,NULL,,0,0,0,7,255,0,250,0,0
baseline,13906,13906,0,208786.817,0.892,-0.259,-0.238,0.284,3163,201,969,3257,1279,2003,0,1785,51,1.087,33,0,32.005,6.138,-19.080,-1.700,25.640,-0.321,-0.152,0.844,0.496,-6.118,-1.328,0.000,0.000,0.818,0.945,1,NULL,NULL,,0,0,0,7,255,0,250,0,0
baseline,13919,13919,0,208791.817,0.892,-0.258,-0.237,0.284,3166,219,999,3257,1303,2006,0,1817,51,1.087,33,0,10.688,4.062,7.960,-5.660,4.340,-0.225,0.008,0.779,0.496,-4.032,-2.272,0.000,0.000,0.818,0.945,1,NULL,NULL,,0,0,0,7,255,0,250,0,0
baseline,13919,13919,0,208796.817,0.892,-0.259,-0.236,0.285,3212,221,1015,3256,1317,2003,0,1849,51,1.087,33,0,35.137,3.402,34.520,-3.600,-5.480,-0.080,0.159,0.956,1.138,-3.206,-2.272,0.000,0.000,0.818,0.945,1,NULL,NULL,,0,0,0,7,255,0,250,0,0
baseline,13952,13952,0,208801.817,0.892,-0.261,-0.235,0.285,3171,227,1015,3258,1331,2003,0,1873,51,1.087,33,0,34.415,4.821,34.380,1.100,1.100,0.026,0.147,1.152,3.600,-3.206,-1.958,0.000,0.000,0.818,0.945,1,NULL,NULL,,0,0,0,7,255,0,250,0,0
baseline,13952,13952,0,208806.816,0.892,-0.261,-0.234,0.284,3166,233,1011,3259,1347,2003,0,1877,51,1.087,33,0,21.611,6.125,13.020,2.260,17.100,-0.035,0.050,1.172,3.930,-4.698,-1.020,0.000,0.000,0.818,0.945,1,NULL,NULL,,0,0,0,7,255,0,250,0,0
baseline,13952,13952,0,208811.817,0.893,-0.260,-0.234,0.283,3171,244,1013,3251,1354,2007,0,1894,51,1.087,33,0,21.962,6.125,-8.340,1.220,20.280,-0.146,0.044,1.117,3.930,-4.698,-0.764,0.000,0.000,0.818,0.945,1,NULL,NULL,,0,0,0,7,255,0,250,0,0
baseline,13952,13952,0,208816.816,0.893,-0.260,-0.234,0.283,3179,255,1017,3247,1365,2023,0,1899,51,1.087,33,0,13.191,5.450,-8.340,4.280,9.280,-0.193,0.129,0.957,2.916,-4.604,-0.764,0.000,0.000,0.818,0.945,2,NULL,NULL,,0,0,0,7,255,0,250,0,0
baseline,13952,13952,0,208821.817,0.893,-0.260,-0.234,0.283,3179,269,1012,3259,1369,2029,0,1927,51,1.087,33,0,10.064,4.174,8.260,4.880,-3.040,-0.152,0.194,0.950,2.916,-2.986,-1.400,0.000,0.000,0.818,0.945,2,NULL,NULL,,0,0,0,7,255,0,250,0,0
baseline,13952,13952,0,208826.816,0.893,-0.260,-0.233,0.284,3179,281,1011,3256,1374,2032,0,1928,51,1.087,33,0,20.234,4.390,17.720,5.800,-7.860,-0.099,0.197,1.071,3.218,-2.986,-1.400,0.000,0.000,0.818,0.945,2,NULL,NULL,,0,0,0,7,255,0,250,0,0
baseline,13968,13968,0,208831.817,0.893,-0.261,-0.233,0.284,3181,285,1006,3257,1380,2035,0,1929,51,1.087,33,0,12.314,5.255,9.300,5.980,-5.420,-0.086,0.167,1.150,3.990,-3.420,-0.838,0.000,0.000,0.818,0.945,2,NULL,NULL,,0,0,0,7,255,0,250,0,0
baseline,13968,13968,0,208836.817,0.893,-0.260,-0.233,0.284,3174,303,1002,3251,1384,2037,0,1929,51,1.087,33,0,8.994,5.633,-5.840,6.240,-2.800,-0.102,0.152,1.120,3.990,-3.976,-0.540,0.000,0.000,0.818,0.945,2,NULL,NULL,,0,0,0,7,255,0,250,0,0
baseline,13968,13968,0,208841.817,0.893,-0.259,-0.233,0.284,3175,315,1005,3247,1387,2043,0,1919,51,1.087,33,0,12.871,5.537,-10.540,7.020,-2.300,-0.121,0.143,1.023,3.854,-3.976,-0.540,0.000,0.000,0.818,0.945,2,NULL,NULL,,0,0,0,7,255,0,250,0,0
baseline,13968,13968,0,208846.816,0.893,-0.259,-0.232,0.284,3174,333,1007,3245,1389,2055,0,1929,51,1.087,33,0,7.285,4.840,-3.940,5.920,-1.580,-0.143,0.104,0.970,3.362,-3.482,-1.218,0.000,0.000,0.818,0.945,2,NULL,NULL,,0,0,0,7,255,0,250,0,0
baseline,13983,13983,0,208851.817,0.894,-0.259,-0.232,0.284,3171,333,1007,3245,1395,2057,0,1933,51,1.087,33,0,6.959,4.555,3.020,5.380,-3.220,-0.150,0.111,1.016,2.936,-3.482,-1.218,0.000,0.000,0.818,0.945,2,NULL,NULL,,0,0,0,7,255,0,250,0,0
baseline,13983,13983,0,208856.817,0.894,-0.259,-0.232,0.284,3196,345,1015,3243,1399,2065,0,1941,51,1.087,33,0,8.292,4.605,3.200,4.280,-6.340,-0.133,0.117,1.046,2.936,-3.548,-1.190,0.000,0.000,0.818,0.945,2,NULL,NULL,,0,0,0,7,255,0,250,0,0
baseline,13999,13999,0,208861.817,0.894,-0.258,-0.232,0.284,3163,345,1015,3241,1406,2065,0,1945,51,1.087,33,0,7.151,4.812,0.080,4.040,-5.900,-0.092,0.057,1.021,3.052,-3.720,-1.190,0.000,0.000,0.818,0.945,2,NULL,NULL,,0,0,0,7,255,0,250,0,0
baseline,13999,13999,0,208866.816,0.894,-0.258,-0.231,0.284,3156,345,1007,3238,1415,2065,0,1945,51,1.087,33,0,3.141,5.197,-0.340,3.060,0.620,-0.080,-0.036,0.977,3.052,-4.206,-1.580,0.000,0.000,0.818,0.945,2,NULL,NULL,,0,0,0,7,255,0,250,0,0
baseline,13999,13999,0,208871.817,0.894,-0.258,-0.231,0.284,3149,344,1003,3235,1415,2068,0,1945,51,1.087,33,0,8.645,5.231,3.440,1.900,7.700,-0.112,-0.062,0.944,2.458,-4.618,-2.214,0.000,0.000,0.818,0.945,2,NULL,NULL,,0,0,0,7,255,0,250,0,0
baseline,13999,13999,0,208876.817,0.894,-0.258,-0.230,0.284,3135,345,999,3223,1416,2072,0,1955,51,1.087,33,0,15.061,5.021,10.460,1.280,10.760,-0.146,-0.022,0.941,1.970,-4.618,-2.214,0.000,0.000,0.818,0.945,2,NULL,NULL,,0,0,0,7,255,0,250,0,0
baseline,14015,14015,0,208881.817,0.894,-0.258,-0.230,0.284,3128,339,987,3219,1414,2069,0,1962,51,1.087,33,0,19.818,4.614,16.680,0.180,10.700,-0.160,0.040,0.970,1.970,-4.172,-2.098,0.000,0.000,0.818,0.945,2,NULL,NULL,,0,0,0,7,255,0,250,0,0
baseline,14015,14015,0,208886.817,0.895,-0.259,-0.229,0.284,3123,332,981,3213,1408,2065,0,1971,51,1.087,33,0,20.948,4.421,18.460,-0.240,9.900,-0.154,0.083,1.013,2.272,-3.792,-1.654,0.000,0.000,0.818,0.945,2,NULL,NULL,,0,0,0,7,255,0,250,0,0
baseline,14015,14015,0,208891.817,0.895,-0.259,-0.228,0.283,3109,329,971,3208,1417,2065,0,1975,51,1.087,33,0,17.792,4.634,14.620,-1.100,10.080,-0.155,0.089,1.037,2.678,-3.782,-1.232,0.000,0.000,0.818,0.945,2,NULL,NULL,,0,0,0,7,255,0,250,0,0
baseline,14015,14015,0,208896.816,0.895,-0.259,-0.228,0.283,3097,331,969,3195,1427,2065,0,1991,51,1.087,33,0,13.050,4.616,9.180,-1.460,9.160,-0.162,0.080,1.025,2.678,-3.760,-1.100,0.000,0.000,0.818,0.945,2,NULL,NULL,,0,0,0,7,255,0,250,0,0
baseline,14047,14047,0,208901.817,0.895,-0.259,-0.227,0.283,3087,333,969,3189,1429,2065,0,1994,51,1.087,33,0,9.482,4.581,6.500,-1.580,6.720,-0.168,0.067,0.993,2.616,-3.760,-1.100,0.000,0.000,0.818,0.945,2,NULL,NULL,,0,0,0,7,255,0,250,0,0
baseline,14047,14047,0,208906.819,0.895,-0.259,-0.227,0.283,3065,333,973,3180,1432,2063,0,2003,51,1.087,33,0,8.508,4.451,7.280,-2.120,3.860,-0.163,0.044,0.972,2.386,-3.758,-1.344,0.000,0.000,0.818,0.945,2,NULL,NULL,,0,0,0,7,255,0,250,0,0
baseline,14047,14047,0,208911.817,0.895,-0.259,-0.226,0.283,3052,333,971,3172,1439,2065,0,2015,51,1.087,33,0,10.525,4.363,9.920,-2.920,1.960,-0.157,0.035,0.975,2.216,-3.758,-1.590,0.000,0.000,0.818,0.945,2,NULL,NULL,,0,0,0,7,255,0,250,0,0
baseline,14047,14047,0,208916.816,0.896,-0.259,-0.225,0.283,3036,340,981,3161,1451,2069,0,2029,51,1.087,33,0,11.964,4.363,11.440,-3.480,0.380,-0.161,0.066,0.993,2.216,-3.758,-1.590,0.000,0.000,0.818,0.945,2,NULL,NULL,,0,0,0,7,255,0,250,0,0
baseline,14047,14047,0,208921.817,0.896,-0.259,-0.225,0.283,3025,341,997,3155,1459,2073,0,2043,51,1.087,33,0,12.113,4.409,11.260,-3.660,-2.560,-0.160,0.106,1.017,2.400,-3.698,-1.378,0.000,0.000,0.818,0.945,2,NULL,NULL,,0,0,0,7,255,0,250,0,0
baseline,14047,14047,0,208926.816,0.896,-0.259,-0.224,0.284,3002,343,1012,3135,1471,2076,0,2059,51,1.087,33,0,11.625,4.433,9.300,-3.720,-5.900,-0.153,0.131,1.032,2.698,-3.518,-1.092,0.000,0.000,0.818,0.945,2,NULL,NULL,,0,0,0,7,255,0,250,0,0
baseline,14064,14064,0,208931.817,0.896,-0.259,-0.223,0.284,2985,348,1032,3127,1496,2083,12,2072,51,1.087,33,0,11.133,4.515,6.060,-3.780,-8.540,-0.143,0.136,1.035,2.924,-3.440,-0.952,0.000,0.000,0.818,0.945,2,NULL,NULL,,0,0,0,7,255,0,250,0,0
baseline,14064,14064,0,208936.816,0.896,-0.259,-0.223,0.285,2970,354,1049,3115,1515,2088,31,2086,51,1.087,33,0,10.855,4.567,3.620,-3.600,-9.580,-0.146,0.142,1.029,3.016,-3.430,-0.952,0.000,0.000,0.818,0.945,2,NULL,NULL,,0,0,0,7,255,0,250,0,0
baseline,14064,14064,0,208941.818,0.896,-0.258,-0.222,0.285,2953,359,1098,3102,1544,2093,55,2101,51,1.087,33,0,12.979,4.508,1.680,-3.720,-12.320,-0.157,0.150,1.030,3.016,-3.350,-0.952,0.000,0.000,0.818,0.945,2,NULL,NULL,,0,0,0,7,255,0,250,0,0
baseline,14064,14064,0,208946.816,0.896,-0.258,-0.222,0.286,2927,358,1141,3092,1563,2103,93,2121,51,1.087,33,0,16.980,4.399,0.760,-2.860,-16.720,-0.166,0.152,1.026,2.978,-3.238,-0.870,0.000,0.000,0.818,0.945,2,NULL,NULL,,0,0,0,7,255,0,250,0,0
baseline,14079,14079,0,208951.817,0.896,-0.257,-0.221,0.287,2909,364,1177,3087,1605,2109,127,2134,51,1.087,33,0,22.119,4.374,0.200,-3.100,-21.900,-0.154,0.153,1.029,2.978,-3.204,-0.870,0.000,0.000,0.818,0.945,2,NULL,NULL,,0,0,0,7,255,0,250,0,0
baseline,14079,14079,0,208956.816,0.896,-0.257,-0.221,0.288,2887,378,1223,3065,1643,2115,185,2149,51,1.087,33,0,26.859,4.389,-1.860,-2.000,-26.720,-0.130,0.131,1.036,3.000,-3.204,-0.872,0.000,0.000,0.818,0.945,2,NULL,NULL,,0,0,0,7,255,0,250,0,0
baseline,14096,14096,0,208961.817,0.896,-0.256,-0.221,0.289,2863,397,1259,3055,1681,2121,237,2163,51,1.087,33,0,29.181,4.637,-5.520,-1.400,-28.620,-0.113,0.106,1.042,3.060,-3.484,-0.994,0.000,0.000,0.818,0.945,2,NULL,NULL,,0,0,0,7,255,0,250,0,0
baseline,14096,14096,0,208966.817,0.896,-0.255,-0.221,0.290,2841,415,1309,3039,1705,2129,287,2181,51,1.087,33,0,30.537,4.848,-10.960,-0.360,-28.500,-0.102,0.078,1.028,3.060,-3.760,-1.080,0.000,0.000,0.818,0.945,2,NULL,NULL,,0,0,0,7,255,0,250,0,0
baseline,14096,14096,0,208971.817,0.896,-0.254,-0.221,0.291,2823,423,1367,3034,1733,2131,350,2195,51,1.087,33,0,32.293,4.905,-15.660,-0.300,-28.240,-0.102,0.042,1.019,2.932,-3.932,-1.316,0.000,0.000,0.818,0.945,2,NULL,NULL,,0,0,0,7,255,0,250,0,0
baseline,14096,14096,0,208976.817,0.896,-0.252,-0.221,0.292,2789,427,1435,3021,1763,2133,379,2203,51,1.087,33,0,32.547,4.935,-18.580,0.320,-26.720,-0.104,0.017,0.992,2.698,-4.132,-1.466,0.000,0.000,0.818,0.945,2,NULL,NULL,,0,0,0,7,255,0,250,0,0
baseline,14111,14111,0,208981.817,0.896,-0.251,-0.221,0.293,2769,453,1497,3007,1801,2135,411,2217,51,1.087,33,0,32.466,4.808,-19.620,0.620,-25.860,-0.126,0.021,0.987,2.458,-4.132,-1.628,0.000,0.000,0.818,0.945,2,NULL,NULL,,0,0,0,7,255,0,250,0,0
baseline,14111,14111,0,208986.817,0.896,-0.249,-0.221,0.294,2735,461,1560,2996,1823,2139,453,2231,51,0.967,33,0,34.136,4.615,-19.260,-0.480,-28.180,-0.146,0.034,0.988,2.326,-3.986,-1.628,0.000,0.000,2.056,1.107,3,NULL,NULL,,0,0,0,7,255,0,250,0,0
baseline,14127,14127,0,208991.817,0.896,-0.248,-0.221,0.295,2705,492,1621,2981,1855,2147,485,2246,51,0.967,33,0,37.788,4.552,-20.900,-0.360,-31.480,-0.138,0.026,1.000,2.324,-3.914,-1.480,0.016,0.008,2.056,1.107,3,NULL,NULL,,0,0,0,7,255,0,250,0,0
baseline,14127,14127,0,208996.816,0.896,-0.246,-0.221,0.296,2675,519,1684,2967,1891,2151,537,2263,51,0.967,33,0,38.686,4.552,-22.800,-0.900,-31.240,-0.119,0.015,0.986,2.324,-3.914,-1.480,0.040,0.008,2.056,1.107,3,NULL,NULL,,0,0,0,7,255,0,250,0,0
baseline,14144,14144,0,209001.817,0.896,-0.245,-0.221,0.297,2645,549,1739,2949,1931,2155,602,2276,51,0.967,33,0,37.890,4.618,-23.900,-0.240,-29.400,-0.117,0.018,0.992,2.360,-3.970,-1.602,0.062,0.010,2.056,1.107,3,NULL,NULL,,0,0,0,7,255,0,250,0,0
baseline,14144,14144,0,209006.817,0.896,-0.243,-0.221,0.298,2618,571,1799,2934,1964,2155,650,2287,51,0.967,33,0,37.854,4.632,-24.880,-1.280,-28.500,-0.123,0.003,0.988,2.360,-3.986,-1.622,0.086,0.012,2.056,1.107,3,NULL,NULL,,0,0,0,7,255,0,250,0,0
baseline,14144,14144,0,209011.817,0.896,-0.241,-0.221,0.299,2584,585,1851,2919,2005,2159,693,2302,51,0.967,33,0,38.566,4.617,-26.280,-2.440,-28.120,-0.126,-0.022,0.995,2.282,-4.014,-1.602,0.108,0.014,2.056,1.107,3,NULL,NULL,,0,0,0,7,255,0,250,0,0
baseline,14144,14144,0,209016.816,0.897,-0.239,-0.221,0.300,2545,599,1909,2905,2038,2159,722,2325,51,0.967,33,0,40.045,4.738,-28.040,-2.260,-28.500,-0.118,-0.024,1.000,2.212,-4.190,-1.594,0.130,0.018,2.056,1.107,3,NULL,NULL,,0,0,0,7,255,0,250,0,0
baseline,14160,14160,0,209021.817,0.897,-0.237,-0.221,0.301,2509,609,1943,2887,2066,2167,766,2341,51,0.967,33,0,41.353,4.738,-30.180,-2.920,-28.120,-0.109,-0.017,0.996,2.212,-4.190,-1.594,0.152,0.018,2.056,1.107,3,NULL,NULL,,0,0,0,7,255,0,250,0,0
baseline,14160,14160,0,209026.816,0.897,-0.236,-0.221,0.302,2467,612,1993,2871,2099,2175,819,2352,51,0.967,33,0,40.010,4.771,-29.640,-3.840,-26.600,-0.101,0.000,0.967,2.318,-4.170,-1.634,0.176,0.020,2.056,1.107,3,NULL,NULL,,0,0,0,7,255,0,250,0,0
baseline,14160,14160,0,209031.817,0.897,-0.234,-0.221,0.303,2423,627,2043,2847,2125,2181,860,2367,51,0.967,33,0,34.203,4.551,-24.320,-4.200,-23.680,-0.113,0.004,0.946,2.318,-3.916,-1.864,0.198,0.022,2.056,1.107,3,NULL,NULL,,0,0,0,7,255,0,250,0,0
baseline,14160,14160,0,209036.817,0.897,-0.233,-0.221,0.304,2375,651,2109,2821,2157,2187,925,2391,51,0.967,33,0,29.782,4.357,-18.280,-5.660,-22.820,-0.131,0.004,0.971,2.282,-3.712,-1.864,0.222,0.022,2.056,1.107,3,NULL,NULL,,0,0,0,7,255,0,250,0,0
baseline,14176,14176,0,209041.817,0.897,-0.231,-0.221,0.305,2331,669,2151,2793,2187,2194,949,2406,51,0.967,33,0,29.747,4.331,-15.660,-7.080,-24.280,-0.142,0.000,1.005,2.232,-3.712,-1.648,0.246,0.022,2.056,1.107,3,NULL,NULL,,0,0,0,7,255,0,250,0,0
baseline,14176,14176,0,209046.816,0.897,-0.230,-0.220,0.306,2271,699,2204,2771,2216,2197,985,2423,51,0.967,33,0,31.738,4.431,-16.700,-7.020,-26.060,-0.125,0.016,1.029,2.232,-3.828,-1.316,0.270,0.024,2.056,1.107,3,NULL,NULL,,0,0,0,7,255,0,250,0,0
baseline,14176,14176,0,209051.817,0.898,-0.228,-0.220,0.306,2199,724,2252,2739,2253,2203,1011,2449,51,0.967,33,0,33.099,4.621,-20.000,-7.380,-25.320,-0.108,0.021,1.031,2.526,-3.870,-1.212,0.292,0.024,2.056,1.107,3,NULL,NULL,,0,0,0,7,255,0,250,0,0
baseline,14176,14176,0,209056.817,0.898,-0.227,-0.220,0.307,2123,739,2295,2707,2285,2205,1063,2461,51,0.967,33,0,33.397,4.651,-23.100,-8.480,-22.580,-0.112,0.015,1.017,2.580,-3.870,-1.212,0.316,0.024,2.056,1.107,3,NULL,NULL,,0,0,0,7,255,0,250,0,0
baseline,14191,14191,0,209061.817,0.898,-0.225,-0.219,0.308,2040,747,2339,2660,2314,2215,1101,2483,51,0.967,33,0,31.958,4.608,-23.420,-9.820,-19.400,-0.132,0.008,1.004,2.580,-3.818,-1.310,0.338,0.026,2.056,1.107,3,NULL,NULL,,0,0,0,7,255,0,250,0,0
baseline,14191,14191,0,209066.817,0.898,-0.224,-0.219,0.309,1963,757,2383,2618,2345,2219,1160,2504,51,0.967,33,0,35.380,4.439,-25.240,-10.240,-22.580,-0.142,-0.002,1.021,2.354,-3.764,-1.310,0.362,0.026,2.056,1.107,3,NULL,NULL,,0,0,0,7,255,0,250,0,0
baseline,14208,14208,0,209071.817,0.898,-0.222,-0.219,0.310,1880,761,2423,2568,2381,2219,1197,2520,51,0.967,33,0,38.979,4.401,-26.960,-10.500,-26.120,-0.112,-0.053,1.005,2.280,-3.764,-1.312,0.384,0.026,2.056,1.107,3,NULL,NULL,,0,0,0,7,255,0,250,0,0
baseline,14208,14208,0,209076.816,0.899,-0.220,-0.218,0.311,1789,777,2471,2509,2420,2233,1252,2535,51,0.967,33,0,37.357,4.699,-26.400,-12.020,-23.540,-0.086,-0.079,0.981,2.142,-4.182,-1.480,0.408,0.028,2.056,1.107,3,NULL,NULL,,0,0,0,7,255,0,250,0,0
baseline,14208,14208,0,209081.817,0.899,-0.218,-0.218,0.311,1727,781,2501,2451,2452,2233,1289,2550,51,0.967,33,0,32.182,4.699,-23.160,-12.200,-18.720,-0.102,-0.043,0.975,2.142,-4.182,-1.738,0.430,0.030,2.056,1.107,3,NULL,NULL,,0,0,0,7,255,0,250,0,0
baseline,14208,14208,0,209086.817,0.899,-0.217,-0.217,0.312,1627,786,2533,2387,2487,2233,1317,2577,51,0.967,33,0,31.845,4.520,-22.000,-14.280,-18.060,-0.124,0.002,1.019,2.182,-3.958,-1.738,0.452,0.032,2.056,1.107,3,NULL,NULL,,0,0,0,7,255,0,250,0,0
baseline,14223,14223,0,209091.817,0.900,-0.215,-0.217,0.313,1532,781,2567,2319,2521,2237,1353,2596,51,0.967,33,0,32.772,4.472,-22.060,-13.480,-20.140,-0.109,-0.005,1.014,2.440,-3.748,-1.286,0.474,0.034,2.056,1.107,3,NULL,NULL,,0,0,0,7,255,0,250,0,0
baseline,14223,14223,0,209096.817,0.900,-0.214,-0.216,0.313,1399,777,2595,2249,2549,2247,1401,2613,51,0.967,33,0,29.177,4.472,-18.220,-14.880,-17.260,-0.087,-0.026,0.979,2.440,-3.748,-1.286,0.498,0.034,2.056,1.107,3,NULL,NULL,,0,0,0,7,255,0,250,0,0
baseline,14243,14243,0,209101.817,0.900,-0.212,-0.215,0.314,1304,761,2621,2153,2583,2246,1445,2635,51,0.967,33,0,24.566,4.521,-13.220,-15.560,-13.660,-0.098,-0.035,1.001,2.396,-3.834,-1.468,0.520,0.036,2.056,1.107,3,NULL,NULL,,0,0,0,7,255,0,250,0,0
baseline,14243,14243,0,209106.816,0.900,-0.211,-0.214,0.314,1166,744,2651,2069,2607,2237,1491,2653,51,0.967,33,0,23.829,4.521,-11.560,-17.940,-10.600,-0.124,-0.006,1.035,2.396,-3.834,-1.468,0.544,0.038,2.056,1.107,3,NULL,NULL,,0,0,0,7,255,0,250,0,0
baseline,14243,14243,0,209111.817,0.901,-0.210,-0.213,0.315,1065,717,2677,1943,2639,2235,1529,2667,51,0.967,33,0,27.262,4.411,-15.180,-18.680,-12.800,-0.140,0.005,1.072,2.416,-3.690,-1.006,0.566,0.038,2.056,1.107,3,NULL,NULL,,0,0,0,7,255,0,250,0,0
baseline,14243,14243,0,209116.816,0.901,-0.208,-0.213,0.315,914,679,2709,1799,2669,2232,1581,2693,51,0.967,33,0,31.658,4.411,-19.620,-19.760,-15.060,-0.120,0.026,1.078,2.474,-3.652,-0.588,0.590,0.040,2.056,1.107,3,NULL,NULL,,0,0,0,7,255,0,250,0,0
baseline,14256,14256,0,209121.817,0.901,-0.207,-0.212,0.316,779,651,2735,1657,2697,2227,1613,2710,51,0.967,33,0,35.539,4.516,-24.260,-21.900,-13.960,-0.104,0.055,1.070,2.752,-3.580,-0.588,0.612,0.040,2.056,1.107,3,NULL,NULL,,0,0,0,7,255,0,250,0,0
baseline,14256,14256,0,209126.816,0.902,-0.205,-0.211,0.316,649,599,2764,1519,2720,2213,1671,2732,51,0.967,33,0,34.279,4.521,-22.440,-23.300,-11.340,-0.077,0.096,1.062,3.012,-3.372,-0.674,0.636,0.042,2.056,1.107,3,NULL,NULL,,0,0,0,7,255,0,250,0,0
baseline,14273,14273,0,209131.817,0.902,-0.204,-0.209,0.317,489,535,2791,1369,2745,2197,1721,2757,51,0.967,33,0,34.875,4.642,-21.460,-25.560,-10.120,-0.066,0.110,1.086,3.422,-3.136,-0.674,0.658,0.042,2.056,1.107,3,NULL,NULL,,0,0,0,7,255,0,250,0,0
baseline,14273,14273,0,209136.817,0.903,-0.202,-0.208,0.317,345,439,2809,1193,2767,2181,1779,2767,51,0.967,33,0,35.051,4.808,-20.300,-27.820,-6.520,-0.044,0.128,1.111,3.644,-3.136,-0.610,0.682,0.044,2.056,1.107,3,NULL,NULL,,0,0,0,7,255,0,250,0,0
baseline,14273,14273,0,209141.817,0.904,-0.201,-0.207,0.317,229,349,2830,1013,2795,2151,1823,2785,51,0.967,33,0,42.294,5.077,-29.280,-29.100,-9.200,0.000,0.143,1.103,3.966,-3.170,-0.610,0.702,0.046,2.056,1.107,3,NULL,NULL,,0,0,0,7,255,0,250,0,0
baseline,14273,14273,0,209146.816,0.904,-0.199,-0.206,0.317,154,296,2853,821,2823,2093,1879,2795,51,0.967,33,0,40.218,5.099,-25.180,-31.360,0.140,-0.075,0.048,1.127,3.966,-3.204,-0.456,0.726,0.048,2.056,1.107,3,NULL,NULL,,0,0,0,7,255,0,250,0,0
baseline,14273,14273,0,209151.817,0.905,-0.199,-0.203,0.316,105,215,2869,735,2839,2045,1929,2807,51,0.967,33,0,54.309,4.872,14.240,-40.940,32.720,-0.295,-0.054,1.397,3.282,-3.600,-0.244,0.748,0.050,2.056,1.107,3,NULL,NULL,,0,0,0,7,255,0,250,0,0
baseline,14273,14273,0,209156.817,0.906,-0.200,-0.200,0.314,81,162,2897,712,2857,2001,1975,2815,51,0.967,33,0,85.343,4.323,31.160,-53.520,58.720,-0.450,-0.002,1.595,1.828,-3.918,2.964,0.774,0.052,2.056,1.107,3,NULL,NULL,,0,0,0,7,255,0,250,0,0
baseline,14288,14288,0,209161.817,0.908,-0.198,-0.198,0.313,47,119,2913,679,2875,1941,2013,2829,51,0.967,33,0,74.703,4.568,-30.980,-60.300,31.380,-0.410,-0.094,1.547,1.512,-4.310,4.752,0.796,0.056,2.056,1.107,3,NULL,NULL,,0,0,0,7,255,0,250,0,0
baseline,14288,14288,0,209166.816,0.909,-0.193,-0.197,0.313,29,75,2927,597,2891,1903,2055,2841,51,0.967,33,0,108.270,4.665,-89.640,-60.720,0.260,-0.236,-0.213,1.179,1.054,-4.544,4.752,0.820,0.058,2.056,1.107,3,NULL,NULL,,0,0,0,7,255,0,250,0,0
baseline,14307,14307,0,209171.817,0.911,-0.189,-0.195,0.312,25,21,2934,569,2915,1846,2075,2851,51,0.967,33,0,102.537,4.644,-75.960,-67.740,12.460,-0.081,-0.228,0.905,0.816,-4.572,0.688,0.842,0.062,2.056,1.107,3,NULL,NULL,,0,0,0,7,255,0,250,0,0
baseline,14307,14307,0,209176.817,0.912,-0.186,-0.192,0.311,12,10,2952,508,2931,1787,2121,2853,51,0.967,33,0,89.512,4.644,-37.140,-74.280,33.400,-0.076,-0.142,0.869,0.816,-4.572,-2.344,0.866,0.064,2.056,1.107,3,NULL,NULL,,0,0,0,7,255,0,250,0,0
baseline,14307,14307,0,209181.817,0.914,-0.185,-0.188,0.309,0,0,2963,415,2952,1746,2151,2861,51,0.967,33,0,89.081,3.846,-6.020,-78.360,41.940,-0.201,-0.107,0.971,0.816,-3.758,-2.344,0.890,0.064,2.056,1.107,3,NULL,NULL,,0,0,0,7,255,0,250,0,0
baseline,14307,14307,0,209186.817,0.915,-0.184,-0.184,0.308,0,0,2968,377,2966,1683,2185,2871,51,0.967,33,0,93.284,3.534,13.220,-83.980,38.400,-0.292,-0.133,1.125,0.776,-3.448,-1.048,0.912,0.064,2.056,1.107,3,NULL,NULL,,0,0,0,7,255,0,250,0,0
baseline,14319,14319,0,209191.817,0.916,-0.184,-0.180,0.307,0,0,2969,340,2973,1619,2217,2875,51,0.967,33,0,94.081,3.461,13.640,-88.920,27.540,-0.273,-0.206,1.224,0.302,-3.448,0.666,0.934,0.064,2.056,1.107,3,NULL,NULL,,0,0,0,7,255,0,250,0,0
baseline,14320,14320,0,209196.816,0.917,-0.182,-0.176,0.307,0,0,2975,251,2984,1527,2250,2883,51,0.967,33,0,96.422,4.400,5.280,-93.860,21.440,-0.204,-0.236,1.203,0.302,-4.390,0.900,0.956,0.066,2.056,1.107,3,NULL,NULL,,0,0,0,7,255,0,250,0,0
baseline,14351,14351,0,209201.817,0.919,-0.181,-0.172,0.306,0,0,2972,188,2996,1435,2269,2873,51,0.967,33,0,102.174,4.458,-0.760,-99.180,24.540,-0.137,-0.172,1.149,0.380,-4.442,0.900,0.976,0.068,2.056,1.107,3,NULL,NULL,,0,0,0,7,255,0,250,0,0
baseline,14351,14351,0,209206.817,0.920,-0.180,-0.167,0.306,0,0,2981,99,3007,1309,2291,2875,51,0.967,33,0,109.726,4.562,2.780,-104.980,31.800,-0.111,-0.069,1.119,1.040,-4.442,0.270,0.998,0.070,2.056,1.107,3,NULL,NULL,,0,0,0,7,255,0,250,0,0
baseline,14351,14351,0,209211.818,0.921,-0.179,-0.162,0.305,0,0,2981,35,3021,1220,2317,2876,51,0.967,33,0,115.896,3.983,10.460,-109.560,36.320,-0.121,0.001,1.132,1.678,-3.612,0.270,1.018,0.072,2.056,1.107,3,NULL,NULL,,0,0,0,7,255,0,250,0,0
baseline,14351,14351,0,209216.816,0.923,-0.178,-0.157,0.304,0,0,2975,0,3029,1105,2344,2872,51,0.967,33,0,118.454,3.570,15.780,-112.600,33.220,-0.139,0.024,1.166,1.926,-3.006,0.334,1.038,0.074,2.056,1.107,3,NULL,NULL,,0,0,0,7,255,0,250,0,0
baseline,14351,14351,0,209221.817,0.924,-0.177,-0.152,0.303,0,0,2973,0,3037,985,2359,2867,51,0.967,33,0,120.521,3.587,17.720,-115.900,27.900,-0.116,0.006,1.219,1.958,-3.006,0.764,1.058,0.076,2.056,1.107,3,NULL,NULL,,0,0,0,7,255,0,250,0,0
baseline,14351,14351,0,209226.816,0.925,-0.176,-0.146,0.302,0,0,2967,0,3043,829,2379,2863,51,0.967,33,0,124.616,3.716,18.100,-120.360,26.740,-0.112,-0.002,1.260,1.952,-3.162,1.170,1.080,0.078,2.056,1.107,3,NULL,NULL,,0,0,0,7,255,0,250,0,0
baseline,14372,14372,0,209231.817,0.927,-0.176,-0.140,0.301,0,0,2957,0,3047,729,2393,2863,51,0.967,33,0,133.481,3.716,21.200,-126.700,36.260,-0.145,0.006,1.262,1.952,-3.162,1.554,1.100,0.080,2.056,1.107,3,NULL,NULL,,0,0,0,7,255,0,250,0,0
baseline,14372,14372,0,209236.817,0.928,-0.174,-0.135,0.300,0,0,2949,0,3049,628,2407,2859,51,0.967,33,0,125.022,3.534,5.940,-116.820,44.140,-0.150,0.060,1.289,1.826,-3.026,1.726,1.120,0.084,2.056,1.107,3,NULL,NULL,,0,0,0,7,255,0,250,0,0
baseline,14372,14372,0,209241.817,0.930,-0.173,-0.130,0.298,0,0,2933,0,3050,525,2423,2847,51,0.967,33,0,124.948,3.363,5.820,-114.860,48.840,-0.096,0.158,1.557,1.826,-2.824,2.098,1.140,0.088,2.056,1.107,3,NULL,NULL,,0,0,0,7,255,0,250,0,0
baseline,14372,14372,0,209246.816,0.931,-0.172,-0.122,0.297,0,0,2919,0,3053,431,2431,2837,51,0.967,33,0,177.984,3.300,19.060,-167.420,57.320,-0.191,0.167,1.423,2.042,-2.592,3.674,1.158,0.092,2.056,1.107,3,NULL,NULL,,0,0,0,7,255,0,250,0,0
baseline,14384,14384,0,209251.817,0.933,-0.171,-0.115,0.295,0,0,2898,0,3047,365,2449,2809,51,0.967,33,0,177.406,2.968,8.640,-168.020,56.280,-0.191,0.167,1.578,2.090,-2.108,4.550,1.178,0.098,2.056,1.107,3,NULL,NULL,,0,0,0,7,255,0,250,0,0
baseline,14384,14384,0,209256.816,0.935,-0.169,-0.107,0.293,0,0,2875,0,3053,316,2459,2789,51,0.967,33,0,186.680,2.792,-4.620,-177.420,57.880,-0.218,0.165,1.598,2.042,-1.904,5.146,1.198,0.102,2.056,1.107,3,NULL,NULL,,0,0,0,7,255,0,250,0,0
baseline,14384,14384,0,209261.817,0.937,-0.166,-0.099,0.291,0,0,2853,0,3051,235,2463,2760,51,0.967,33,0,198.235,2.545,-8.460,-189.560,57.380,-0.287,0.235,1.656,1.688,-1.904,5.444,1.216,0.108,2.056,1.107,3,NULL,NULL,,0,0,0,7,255,0,250,0,0
baseline,14384,14384,0,209266.817,0.939,-0.163,-0.091,0.289,0,0,2831,0,3051,203,2473,2717,51,0.967,33,0,209.421,1.703,-12.180,-202.940,50.240,-0.333,0.238,1.725,1.384,-0.992,6.308,1.236,0.114,2.056,1.107,3,NULL,NULL,,0,0,0,7,255,0,250,0,0
baseline,14400,14400,0,209271.817,0.941,-0.160,-0.082,0.288,0,0,2799,0,3047,155,2475,2685,51,0.967,33,0,222.806,1.312,-16.260,-218.560,40.120,-0.355,0.187,1.874,0.858,-0.992,7.096,1.254,0.118,2.056,1.107,3,NULL,NULL,,0,0,0,7,255,0,250,0,0
baseline,14400,14400,0,209276.817,0.942,-0.156,-0.072,0.287,0,0,2762,0,3035,121,2477,2628,51,0.967,33,0,235.035,0.782,-25.660,-231.620,30.580,-0.396,0.256,1.933,0.274,-0.732,8.488,1.272,0.124,2.056,1.107,3,NULL,NULL,,0,0,0,7,255,0,250,0,0
baseline,14416,14416,0,209281.817,0.944,-0.152,-0.063,0.287,0,0,2707,0,3013,73,2476,2551,51,0.967,33,0,250.028,0.345,-37.640,-245.660,27.360,-0.414,0.339,2.055,0.148,-0.312,9.248,1.290,0.132,2.056,1.107,3,NULL,NULL,,0,0,0,7,255,0,250,0,0
baseline,14416,14416,0,209286.816,0.945,-0.147,-0.053,0.286,0,0,2643,0,2997,27,2471,2483,51,0.967,33,0,257.401,0.483,-44.340,-252.620,21.740,-0.425,0.512,2.186,0.148,0.460,10.554,1.304,0.140,2.056,1.107,3,NULL,NULL,,0,0,0,7,255,0,250,0,0
baseline,14416,14416,0,209291.817,0.947,-0.141,-0.043,0.286,0,0,2567,0,2969,10,2457,2397,51,0.967,33,0,268.253,2.094,-68.140,-259.400,5.320,-0.427,0.571,2.356,0.720,1.966,12.060,1.320,0.148,2.056,1.107,3,NULL,NULL,,0,0,0,7,255,0,250,0,0
baseline,14416,14416,0,209296.817,0.948,-0.135,-0.033,0.287,0,0,2449,0,2920,0,2427,2265,51,0.967,33,0,277.373,2.615,-76.700,-266.540,-3.040,-0.459,0.594,2.505,0.720,2.514,13.742,1.334,0.158,2.056,1.107,3,NULL,NULL,,0,0,0,7,255,0,250,0,0
baseline,14448,14448,0,209301.817,0.949,-0.128,-0.022,0.287,0,0,2325,0,2847,0,2402,2122,51,0.967,33,0,288.931,3.074,-93.900,-273.240,-2.000,-0.564,0.688,2.681,0.276,3.062,15.204,1.344,0.170,2.056,1.107,3,NULL,NULL,,0,0,0,7,255,0,250,0,0
baseline,14448,14448,0,209306.817,0.950,-0.120,-0.013,0.288,0,0,2141,0,2747,0,2347,1928,51,0.967,33,0,286.022,4.631,-110.760,-262.940,-20.080,-0.777,0.883,2.896,-0.436,4.610,17.052,1.356,0.186,2.056,1.107,3,NULL,NULL,,0,0,0,7,255,0,250,0,0
baseline,14448,14448,0,209311.817,0.951,-0.110,-0.005,0.290,0,0,2028,0,2635,0,2297,1737,51,0.967,33,0,310.865,7.756,-176.360,-252.740,-40.700,-0.979,0.846,2.917,-1.466,7.616,19.394,1.364,0.200,2.056,1.107,3,NULL,NULL,,0,0,0,7,255,0,250,0,0
baseline,14448,14448,0,209316.816,0.951,-0.097,0.002,0.294,0,0,1861,0,2483,0,2205,1543,51,0.967,33,0,362.805,9.707,-253.260,-248.220,-76.640,-1.006,0.933,2.744,-3.314,9.124,19.394,1.370,0.218,2.056,1.107,3,NULL,NULL,,0,0,0,7,255,0,250,0,0
baseline,14448,14448,0,209321.817,0.950,-0.082,0.009,0.300,0,0,1645,0,2315,0,2065,1381,51,0.967,33,0,412.018,9.881,-285.200,-259.460,-145.260,-0.911,0.644,2.461,-3.548,9.222,17.532,1.374,0.238,2.056,1.107,3,NULL,NULL,,0,0,0,7,255,0,250,0,0
baseline,14448,14448,0,209326.816,0.949,-0.068,0.018,0.307,0,0,1461,0,2127,0,1897,1195,51,0.967,33,0,410.640,10.070,-243.940,-288.440,-161.000,-0.824,0.284,2.368,-4.044,9.222,14.228,1.376,0.260,2.056,1.107,3,NULL,NULL,,0,0,0,7,255,0,250,0,0
baseline,14464,14464,0,209331.817,0.948,-0.055,0.029,0.312,0,0,1224,0,1937,0,1735,1041,51,0.967,33,0,423.533,8.613,-215.920,-336.540,-139.640,-0.698,-0.044,2.459,-5.424,6.690,13.514,1.376,0.284,2.056,1.107,3,NULL,NULL,,0,0,0,7,255,0,250,0,0
baseline,14464,14464,0,209336.817,0.947,-0.041,0.041,0.317,0,0,949,0,1675,0,1459,893,51,0.967,33,0,442.221,7.790,-218.480,-364.120,-123.460,-0.532,-0.273,2.358,-6.566,4.192,12.892,1.370,0.314,2.056,1.107,3,NULL,NULL,,0,0,0,7,255,0,250,0,0
baseline,14464,14464,0,209341.817,0.945,-0.025,0.053,0.322,0,0,699,0,1406,0,1150,779,51,0.967,33,0,471.845,7.132,-245.100,-385.360,-118.580,-0.269,-0.061,1.851,-6.566,2.784,12.416,1.362,0.348,2.056,1.107,3,NULL,NULL,,0,0,0,7,255,0,250,0,0
baseline,14464,14464,0,209346.816,0.943,-0.011,0.067,0.326,0,0,505,0,1123,0,816,669,51,0.967,33,0,471.616,4.251,-204.080,-409.180,-115.520,-0.176,-0.209,1.430,-3.604,2.254,7.500,1.344,0.390,2.056,1.107,3,NULL,NULL,,0,0,0,7,255,0,250,0,0
baseline,14480,14480,0,209351.817,0.941,-0.000,0.083,0.327,0,0,379,0,895,0,475,583,51,0.967,33,0,451.457,3.693,-121.680,-429.440,-67.740,0.053,-0.260,1.343,-3.476,1.248,3.438,1.320,0.438,2.056,1.107,4,NULL,NULL,,0,0,0,7,255,0,250,0,0
baseline,14480,14480,0,209356.816,0.940,0.008,0.101,0.326,0,0,189,0,597,0,103,453,51,0.967,33,0,452.494,3.340,-40.560,-450.320,-17.820,0.017,-0.259,1.516,-3.268,0.688,3.438,1.284,0.496,2.056,1.107,4,NULL,NULL,,0,0,0,7,255,0,250,0,0
baseline,14496,14496,0,209361.817,0.939,0.016,0.119,0.321,0,0,84,0,359,0,0,339,51,0.967,33,0,477.928,3.340,-15.360,-473.500,63.060,-0.262,0.044,1.877,-3.268,0.688,4.396,1.248,0.558,2.056,1.107,4,NULL,NULL,,0,0,0,7,255,0,250,0,0
baseline,14496,14496,0,209366.817,0.939,0.026,0.136,0.314,0,0,4,0,89,0,0,201,51,0.967,33,0,499.140,7.283,-73.760,-476.000,130.860,-0.612,0.533,1.946,-4.496,5.730,5.788,1.208,0.622,2.056,1.107,4,NULL,NULL,,0,0,0,7,255,0,250,0,0
baseline,14496,14496,0,209371.817,0.939,0.038,0.152,0.305,0,0,0,0,0,0,0,119,51,0.967,33,0,523.500,12.997,-129.360,-480.520,162.540,-0.971,0.734,1.652,-4.766,12.092,5.788,1.172,0.682,2.056,1.107,4,NULL,NULL,,0,0,0,7,255,0,250,0,0
baseline,14496,14496,0,209376.816,0.939,0.052,0.168,0.296,0,0,0,0,0,0,0,44,51,0.967,33,0,564.958,16.496,-164.900,-502.260,199.300,-1.186,0.644,1.392,-6.126,15.316,1.192,1.134,0.744,2.056,1.107,4,NULL,NULL,,0,0,0,7,255,0,250,0,0
baseline,14511,14511,0,209381.817,0.938,0.067,0.185,0.285,0,0,0,0,0,0,0,0,51,0.967,33,0,583.487,16.496,-179.420,-516.720,203.140,-0.621,0.779,1.052,-6.126,15.316,-2.604,1.102,0.800,2.056,1.107,4,NULL,NULL,,0,0,0,7,255,0,250,0,0
baseline,14511,14511,0,209386.816,0.936,0.084,0.201,0.278,0,0,0,0,0,0,0,0,51,0.967,33,0,590.313,14.925,-252.180,-512.680,148.440,-1.113,0.769,0.707,-5.586,13.840,-4.340,1.076,0.850,2.056,1.107,4,NULL,NULL,,0,0,0,7,255,0,250,0,0
baseline,14511,14511,0,209391.818,0.932,0.100,0.215,0.274,0,0,0,0,0,0,0,0,51,0.967,33,0,511.998,12.911,-248.200,-439.020,88.320,-0.110,1.043,0.513,-2.624,12.642,-8.118,1.058,0.892,2.056,1.107,4,NULL,NULL,,0,0,0,7,255,0,250,0,0
baseline,14511,14511,0,209396.817,0.928,0.113,0.224,0.274,0,0,0,0,0,0,0,0,51,0.967,33,0,406.559,10.832,-257.660,-314.200,-13.420,0.044,0.369,0.262,1.902,10.664,-8.526,1.038,0.934,2.056,1.107,4,NULL,NULL,,0,0,0,7,255,0,250,0,0
baseline,14543,14543,0,209401.817,0.927,0.122,0.227,0.274,0,0,0,0,0,0,0,0,51,0.967,33,0,278.492,4.235,-199.080,-192.140,31.740,-0.092,0.024,0.053,1.902,3.784,-8.526,1.014,0.982,2.056,1.107,4,NULL,NULL,,0,0,0,7,255,0,250,0,0
baseline,14543,14543,0,209406.816,0.926,0.126,0.231,0.270,0,0,0,0,0,0,0,0,51,0.967,33,0,169.412,2.165,-90.680,-107.300,94.680,-0.002,0.215,-0.126,1.852,1.122,-10.334,0.972,1.050,2.056,1.107,0,NULL,NULL,,0,0,0,7,255,0,250,0,0
baseline,14543,14543,0,209411.817,0.927,0.128,0.230,0.268,0,0,0,0,0,0,0,0,51,0.967,33,0,115.241,1.539,-75.160,-11.780,86.560,-0.276,0.429,-0.115,1.054,1.122,-11.732,0.928,1.118,2.056,1.107,0,NULL,NULL,,0,0,0,7,255,0,250,0,0
baseline,14543,14543,0,209416.816,0.929,0.127,0.223,0.267,0,0,0,0,0,0,0,0,51,0.967,33,0,126.954,4.092,-40.440,85.880,84.300,-0.567,0.427,0.200,1.054,3.954,-12.310,0.864,1.204,2.056,1.107,0,NULL,NULL,,0,0,0,7,255,0,250,0,0
baseline,14543,14543,0,209421.817,0.932,0.125,0.215,0.265,0,0,0,0,0,0,0,0,51,0.967,33,0,173.149,6.909,-4.300,151.920,82.960,-0.747,0.512,0.265,-2.080,6.588,-12.706,0.804,1.290,2.056,1.107,0,NULL,NULL,,0,0,0,7,255,0,250,0,0
baseline,14543,14543,0,209426.816,0.934,0.121,0.206,0.265,0,0,0,0,0,0,0,0,51,0.967,33,0,179.751,8.882,-2.480,170.180,57.820,-0.812,0.416,0.421,-3.168,8.298,-12.310,0.746,1.372,2.056,1.107,0,NULL,NULL,,0,0,0,7,255,0,250,0,0
baseline,14575,14575,0,209431.817,0.936,0.118,0.196,0.266,0,0,0,0,0,0,0,0,51,0.967,33,0,193.636,9.318,-9.740,189.700,37.600,-0.722,0.396,0.472,-4.240,8.298,-11.342,0.696,1.446,2.056,1.107,0,NULL,NULL,,0,0,0,7,255,0,250,0,0
baseline,14575,14575,0,209436.817,0.939,0.115,0.186,0.267,0,0,0,0,0,0,0,0,51,0.967,33,0,202.899,9.244,-20.840,199.400,31.200,-0.567,0.422,0.395,-4.240,8.214,-10.282,0.660,1.510,2.056,1.107,0,NULL,NULL,,0,0,0,7,255,0,250,0,0
baseline,14575,14575,0,209441.817,0.941,0.112,0.176,0.268,0,0,0,0,0,0,0,0,51,0.967,33,0,207.389,7.898,-28.480,201.060,42.120,-0.415,0.379,0.232,-2.706,7.420,-10.282,0.636,1.558,2.056,1.107,0,NULL,NULL,,0,0,0,7,255,0,250,0,0
baseline,14575,14575,0,209446.816,0.943,0.109,0.166,0.268,0,0,0,0,0,0,0,0,51,0.967,33,0,212.488,5.930,-28.600,201.360,61.540,-0.377,0.308,0.067,-1.384,5.766,-10.728,0.622,1.600,2.056,1.107,0,NULL,NULL,,0,0,0,7,255,0,250,0,0
baseline,14575,14575,0,209451.817,0.945,0.106,0.155,0.267,0,0,0,0,0,0,0,0,51,0.967,33,0,210.154,4.559,-26.280,195.620,72.160,-0.380,0.261,-0.094,-1.156,4.410,-11.780,0.606,1.642,2.056,1.107,0,NULL,NULL,,0,0,0,7,255,0,250,0,0
baseline,14575,14575,0,209456.817,0.947,0.102,0.145,0.266,0,0,0,0,0,0,0,0,51,0.967,33,0,212.357,3.649,-6.940,197.580,77.520,-0.375,0.236,-0.245,-1.154,3.462,-13.038,0.582,1.694,2.056,1.107,0,NULL,NULL,,0,0,0,7,255,0,250,0,0
baseline,14593,14593,0,209461.817,0.950,0.097,0.135,0.265,0,0,0,0,0,0,0,0,51,0.967,33,0,212.570,2.933,24.500,196.480,77.340,-0.369,0.215,-0.299,-1.102,2.718,-14.250,0.548,1.756,2.056,1.107,0,NULL,NULL,,0,0,0,7,255,0,250,0,0
baseline,14593,14593,0,209466.816,0.952,0.092,0.125,0.263,0,0,0,0,0,0,0,0,51,0.967,33,0,216.241,2.628,58.860,193.000,77.760,-0.364,0.165,-0.219,-1.102,2.386,-14.250,0.508,1.826,2.056,1.107,0,NULL,NULL,,0,0,0,7,255,0,250,0,0
baseline,14593,14593,0,209471.817,0.955,0.085,0.115,0.261,0,0,0,0,0,0,0,0,51,0.967,33,0,225.214,2.834,85.300,192.380,80.220,-0.381,0.146,-0.047,-1.530,2.386,-13.700,0.470,1.892,2.056,1.107,0,NULL,NULL,,0,0,0,7,255,0,250,0,0
baseline,14593,14593,0,209476.817,0.957,0.077,0.106,0.259,0,0,0,0,0,0,0,0,51,0.967,33,0,230.665,3.507,97.260,192.760,81.180,-0.411,0.172,0.131,-2.066,2.834,-12.066,0.432,1.960,2.056,1.107,0,NULL,NULL,,0,0,0,7,255,0,250,0,0
baseline,14608,14608,0,209481.817,0.959,0.070,0.097,0.257,0,0,0,0,0,0,0,0,51,0.967,33,0,234.112,4.462,100.860,195.800,79.360,-0.446,0.204,0.263,-2.436,3.738,-10.456,0.402,2.024,2.056,1.107,0,NULL,NULL,,0,0,0,7,255,0,250,0,0
baseline,14608,14608,0,209486.817,0.961,0.063,0.089,0.255,0,0,0,0,0,0,0,0,51,0.967,33,0,234.994,5.288,101.720,198.380,74.300,-0.481,0.207,0.360,-2.744,4.520,-9.270,0.378,2.078,2.056,1.107,0,NULL,NULL,,0,0,0,7,255,0,250,0,0
baseline,14624,14624,0,209491.817,0.963,0.056,0.080,0.253,0,0,0,0,0,0,0,0,51,0.967,33,0,235.536,5.843,101.580,201.720,66.840,-0.516,0.184,0.441,-3.126,4.936,-8.330,0.360,2.128,2.056,1.107,0,NULL,NULL,,0,0,0,7,255,0,250,0,0
baseline,14624,14624,0,209496.816,0.964,0.049,0.071,0.252,0,0,0,0,0,0,0,0,51,0.967,33,0,236.077,6.202,99.080,206.740,56.340,-0.543,0.157,0.510,-3.598,5.052,-7.462,0.346,2.174,2.056,1.107,0,NULL,NULL,,0,0,0,7,255,0,250,0,0
baseline,14656,14656,0,209501.817,0.965,0.042,0.062,0.251,0,0,0,0,0,0,0,0,51,0.967,33,0,237.673,6.440,94.640,213.440,44.440,-0.552,0.130,0.543,-3.994,5.052,-6.674,0.336,2.214,2.056,1.107,0,NULL,NULL,,0,0,0,7,255,0,250,0,0
baseline,14656,14656,0,209506.817,0.966,0.036,0.053,0.250,0,0,0,0,0,0,0,0,51,0.967,33,0,240.616,6.400,91.160,220.280,32.600,-0.542,0.108,0.542,-4.150,4.872,-6.182,0.326,2.254,2.056,1.107,0,NULL,NULL,,0,0,0,7,255,0,250,0,0
baseline,14656,14656,0,209511.819,0.967,0.029,0.043,0.251,0,0,0,0,0,0,0,0,51,0.967,33,0,246.164,6.164,91.400,227.600,21.000,-0.527,0.071,0.542,-4.150,4.558,-5.990,0.320,2.290,2.056,1.107,0,NULL,NULL,,0,0,0,7,255,0,250,0,0
baseline,14656,14656,0,209516.816,0.967,0.022,0.034,0.251,0,0,0,0,0,0,0,0,51,0.967,33,0,254.958,5.814,95.480,236.220,9.340,-0.517,0.047,0.549,-4.130,4.092,-5.782,0.310,2.330,2.056,1.107,0,NULL,NULL,,0,0,0,7,255,0,250,0,0
baseline,14656,14656,0,209521.817,0.967,0.014,0.024,0.253,0,0,0,0,0,0,0,0,51,0.967,33,0,265.508,5.566,101.280,245.420,-2.440,-0.504,0.039,0.568,-4.088,3.778,-5.524,0.302,2.366,2.056,1.107,0,NULL,NULL,,0,0,0,7,255,0,250,0,0
baseline,14656,14656,0,209526.816,0.967,0.006,0.013,0.254,0,0,0,0,0,0,0,0,51,0.967,33,0,279.629,5.330,109.580,256.840,-14.760,-0.474,0.023,0.587,-3.936,3.594,-5.182,0.292,2.410,2.056,1.107,0,NULL,NULL,,0,0,0,7,255,0,250,0,0
baseline,14675,14675,0,209531.817,0.967,-0.002,0.003,0.256,0,0,0,0,0,0,0,0,51,0.967,33,0,294.984,4.892,119.480,268.680,-23.480,-0.437,-0.010,0.594,-3.662,3.244,-4.830,0.280,2.452,2.056,1.107,0,NULL,NULL,,0,0,0,7,255,0,250,0,0
baseline,14675,14675,0,209536.816,0.966,-0.011,-0.008,0.259,0,0,0,0,0,0,0,0,51,0.967,33,0,308.641,4.340,132.540,277.360,-27.640,-0.396,0.024,0.634,-3.398,2.700,-4.590,0.266,2.500,2.056,1.107,0,NULL,NULL,,0,0,0,7,255,0,250,0,0
baseline,14675,14675,0,209541.818,0.965,-0.021,-0.019,0.261,0,0,0,0,0,0,0,0,51,0.967,33,0,323.903,3.867,145.220,287.420,-34.840,-0.392,0.065,0.679,-2.768,2.700,-4.112,0.252,2.548,2.056,1.107,0,NULL,NULL,,0,0,0,7,255,0,250,0,0
baseline,14675,14675,0,209546.816,0.964,-0.031,-0.030,0.264,0,0,0,0,0,0,0,0,51,0.967,33,0,343.242,3.637,160.800,299.940,-44.660,-0.350,0.088,0.690,-2.392,2.740,-3.596,0.236,2.602,2.056,1.107,0,NULL,NULL,,0,0,0,7,255,0,250,0,0
baseline,14687,14687,0,209551.817,0.962,-0.043,-0.040,0.267,0,0,0,0,0,0,0,0,51,0.967,33,0,361.818,3.272,186.060,305.360,-55.220,-0.239,0.069,0.713,-1.788,2.740,-3.408,0.222,2.654,2.056,1.107,0,NULL,NULL,,0,0,0,7,255,0,250,0,0
baseline,14687,14687,0,209556.816,0.960,-0.054,-0.051,0.271,0,0,0,0,0,0,0,0,51,0.967,33,0,373.743,2.020,193.440,314.400,-58.460,-0.146,-0.042,0.948,-0.810,1.850,-3.156,0.210,2.710,2.056,1.107,0,NULL,NULL,,0,0,0,7,255,0,250,0,0
baseline,14687,14687,0,209561.817,0.957,-0.066,-0.062,0.274,0,0,0,0,0,0,0,0,51,0.967,33,0,374.676,0.500,192.720,315.860,-58.940,-0.059,0.074,0.983,-0.238,0.440,-0.856,0.202,2.762,2.056,1.107,0,NULL,NULL,,0,0,0,7,255,0,250,0,0
baseline,14687,14687,0,209566.817,0.955,-0.077,-0.073,0.277,0,0,0,0,0,0,0,0,51,0.967,33,0,371.057,1.274,182.880,317.820,-56.820,0.074,0.123,1.147,1.258,0.202,-0.638,0.198,2.818,2.056,1.107,0,NULL,NULL,,0,0,0,7,255,0,250,0,0
baseline,14709,14709,0,209571.817,0.952,-0.088,-0.085,0.280,0,0,0,0,0,0,0,0,51,0.967,33,0,385.874,2.978,165.560,346.140,-40.940,0.188,0.000,1.054,2.968,-0.240,-0.448,0.198,2.870,2.056,1.107,0,NULL,NULL,,0,0,0,7,255,0,250,0,0
baseline,14709,14709,0,209576.817,0.950,-0.099,-0.097,0.281,0,0,0,0,0,0,0,0,51,0.967,33,0,402.414,3.896,169.760,364.760,-8.300,0.227,-0.094,1.143,3.308,-2.058,0.168,0.204,2.922,2.056,1.107,0,NULL,NULL,,0,0,0,7,255,0,250,0,0
baseline,14720,14720,0,209581.817,0.947,-0.113,-0.107,0.281,0,0,0,0,0,0,0,0,51,0.967,33,0,400.850,3.983,235.560,324.040,13.800,0.115,0.011,1.068,3.308,-2.218,-0.380,0.210,2.972,2.056,1.107,0,NULL,NULL,,0,0,0,7,255,0,250,0,0
baseline,14720,14720,0,209586.816,0.944,-0.125,-0.115,0.282,0,0,0,0,0,0,0,0,51,0.967,33,0,351.878,4.866,226.780,268.980,-6.220,0.177,0.032,1.580,3.450,-3.432,0.168,0.220,3.018,2.056,1.107,0,NULL,NULL,,0,0,0,7,255,0,250,0,0
baseline,14720,14720,0,209591.817,0.942,-0.136,-0.124,0.282,0,0,0,0,0,0,0,0,51,0.967,33,0,348.870,5.967,201.200,284.620,14.840,0.243,0.001,1.638,4.726,-3.642,4.206,0.230,3.062,2.056,1.107,0,NULL,NULL,,0,0,0,7,255,0,250,0,0
baseline,14720,14720,0,209596.817,0.939,-0.147,-0.133,0.281,0,0,0,0,0,0,0,0,51,0.967,33,0,345.358,6.850,186.920,287.980,37.420,0.199,-0.030,1.610,4.940,-4.746,4.206,0.242,3.108,2.056,1.107,0,NULL,NULL,,0,0,0,7,255,0,250,0,0
baseline,14751,14751,0,209601.817,0.937,-0.158,-0.142,0.279,0,0,0,0,0,0,0,0,51,0.967,33,0,331.932,7.112,171.240,279.300,53.360,0.077,-0.047,1.690,4.940,-5.116,4.380,0.254,3.144,2.056,1.107,0,NULL,NULL,,0,0,0,7,255,0,250,0,0
baseline,14751,14751,0,209606.817,0.934,-0.167,-0.152,0.277,0,0,0,0,0,0,0,0,51,0.967,33,0,326.003,6.632,152.180,282.900,55.560,-0.044,-0.034,1.686,4.220,-5.116,4.954,0.262,3.182,2.056,1.107,0,NULL,NULL,,0,0,0,7,255,0,250,0,0
baseline,14751,14751,0,209611.817,0.931,-0.176,-0.161,0.275,0,0,0,0,0,0,0,0,51,0.967,33,0,319.496,6.090,139.180,283.400,48.900,-0.091,-0.037,1.648,3.528,-4.964,4.954,0.266,3.206,2.056,1.107,0,NULL,NULL,,0,0,0,7,255,0,250,0,0
baseline,14751,14751,0,209616.816,0.929,-0.185,-0.171,0.273,0,0,0,0,0,0,0,0,51,0.967,33,0,314.447,5.943,129.600,283.200,43.340,-0.089,-0.096,1.602,3.268,-4.964,4.834,0.268,3.230,2.056,1.107,0,NULL,NULL,,0,0,0,7,255,0,250,0,0
baseline,14751,14751,0,209621.817,0.926,-0.193,-0.181,0.271,0,0,0,0,0,0,0,0,51,0.967,33,0,312.181,6.402,128.260,281.380,42.800,-0.105,-0.212,1.541,3.066,-5.620,4.164,0.268,3.248,2.056,1.107,0,NULL,NULL,,0,0,0,7,255,0,250,0,0
baseline,14751,14751,0,209626.816,0.923,-0.201,-0.190,0.269,0,0,0,0,0,0,0,0,51,0.967,33,0,312.270,7.001,131.920,280.040,41.080,-0.153,-0.280,1.502,2.370,-6.588,3.340,0.268,3.262,2.056,1.107,0,NULL,NULL,,0,0,0,7,255,0,250,0,0
baseline,14768,14768,0,209631.817,0.919,-0.210,-0.199,0.267,0,0,0,0,0,0,0,0,51,0.967,33,0,312.134,7.300,138.700,277.420,35.040,-0.199,-0.324,1.489,1.730,-7.092,2.912,0.266,3.272,2.056,1.107,0,NULL,NULL,,0,0,0,7,255,0,250,0,0
baseline,14768,14768,0,209636.817,0.915,-0.218,-0.209,0.266,0,0,0,0,0,0,0,0,51,0.967,33,0,314.905,7.603,149.020,276.320,24.600,-0.216,-0.329,1.486,1.304,-7.490,2.742,0.264,3.278,2.056,1.107,0,NULL,NULL,,0,0,0,7,255,0,250,0,0
baseline,14768,14768,0,209641.817,0.911,-0.227,-0.218,0.266,0,0,0,0,0,0,0,0,51,0.967,33,0,320.074,7.853,162.380,275.580,11.660,-0.210,-0.337,1.526,1.304,-7.744,2.684,0.262,3.278,2.056,1.107,0,NULL,NULL,,0,0,0,7,255,0,250,0,0
baseline,14768,14768,0,209646.816,0.907,-0.236,-0.226,0.266,0,0,0,0,0,0,0,0,51,0.967,33,0,326.985,8.452,176.180,275.460,-1.280,-0.189,-0.366,1.607,1.584,-8.302,2.684,0.260,3.278,2.056,1.107,0,NULL,NULL,,0,0,0,7,255,0,250,0,0
baseline,14785,14785,0,209651.817,0.902,-0.246,-0.235,0.267,0,0,0,0,0,0,0,0,51,0.967,33,0,333.627,9.489,188.800,274.660,-14.940,-0.147,-0.388,1.719,1.988,-9.278,2.960,0.260,3.274,2.056,1.107,0,NULL,NULL,,0,0,0,7,255,0,250,0,0
baseline,14785,14785,0,209656.816,0.896,-0.256,-0.243,0.268,0,0,0,0,0,0,0,0,51,0.967,33,0,339.736,10.786,200.040,273.020,-29.400,-0.057,-0.399,1.838,2.680,-10.448,3.322,0.262,3.270,2.056,1.107,0,NULL,NULL,,0,0,0,7,255,0,250,0,0
baseline,14785,14785,0,209661.817,0.891,-0.266,-0.251,0.270,0,0,0,0,0,0,0,0,51,0.967,33,0,345.974,12.377,209.500,272.280,-40.880,0.080,-0.386,1.926,3.796,-11.780,3.322,0.266,3.264,2.056,1.107,0,NULL,NULL,,0,0,0,7,255,0,250,0,0
baseline,14785,14785,0,209666.817,0.884,-0.276,-0.259,0.273,0,0,0,0,0,0,0,0,51,0.967,33,0,358.850,13.995,227.380,272.280,-54.180,0.243,-0.319,2.046,5.252,-12.972,3.046,0.272,3.256,2.056,1.107,0,NULL,NULL,,0,0,0,7,255,0,250,0,0
baseline,14800,14800,0,209671.817,0.878,-0.287,-0.267,0.276,0,0,0,0,0,0,0,0,51,0.967,33,0,366.621,15.815,232.080,275.640,-67.620,0.408,-0.297,2.219,7.268,-14.046,2.778,0.278,3.246,2.056,1.107,0,NULL,NULL,,0,0,0,7,255,0,250,0,0
baseline,14800,14800,0,209676.816,0.871,-0.297,-0.275,0.279,0,0,0,0,0,0,0,0,51,0.967,33,0,370.883,18.271,228.660,283.280,-70.860,0.794,-0.232,2.376,9.192,-15.790,2.658,0.288,3.232,2.056,1.107,0,NULL,NULL,,0,0,0,7,255,0,250,0,0
baseline,14817,14817,0,209681.817,0.864,-0.308,-0.282,0.282,0,0,0,0,0,0,0,0,51,0.967,33,0,358.327,22.015,238.240,255.800,-78.780,1.033,-0.229,2.451,12.818,-17.898,1.054,0.300,3.220,2.056,1.107,0,NULL,NULL,,0,0,0,7,255,0,250,0,0
baseline,14817,14817,0,209686.817,0.857,-0.317,-0.289,0.285,0,0,0,0,0,0,0,0,51,0.967,33,0,334.098,24.396,219.140,243.540,-65.480,1.303,-0.262,2.540,14.652,-19.506,-0.512,0.316,3.204,2.056,1.107,0,NULL,NULL,,0,0,0,7,255,0,250,0,0
baseline,14817,14817,0,209691.818,0.851,-0.326,-0.294,0.287,0,0,0,0,0,0,0,0,51,0.967,33,0,303.021,27.073,199.300,224.120,-43.260,1.470,-0.312,2.542,16.468,-21.488,-2.362,0.334,3.186,2.056,1.107,0,NULL,NULL,,0,0,0,7,255,0,250,0,0
baseline,14817,14817,0,209696.817,0.846,-0.334,-0.299,0.287,0,0,0,0,0,0,0,0,51,0.967,33,0,268.749,28.412,176.120,202.400,-15.560,1.529,-0.280,2.535,17.158,-22.646,-4.208,0.362,3.162,2.056,1.107,0,NULL,NULL,,0,0,0,7,255,0,250,0,0
baseline,14850,14850,0,209701.817,0.842,-0.341,-0.303,0.287,0,0,0,0,0,0,0,0,51,0.967,33,0,237.913,28.412,145.040,187.940,15.640,1.110,-0.372,2.516,17.158,-22.646,-4.208,0.396,3.134,2.056,1.107,0,NULL,NULL,,0,0,0,7,255,0,250,0,0
baseline,14850,14850,0,209706.816,0.839,-0.348,-0.307,0.286,0,0,0,0,0,0,0,0,51,0.967,33,0,227.803,28.333,140.520,177.560,24.920,1.801,-0.060,2.275,17.630,-22.180,-5.098,0.444,3.098,2.056,1.107,0,NULL,NULL,,0,0,0,7,255,0,250,0,0
baseline,14851,14851,0,209711.817,0.834,-0.354,-0.312,0.287,0,0,0,0,0,0,0,0,51,0.967,33,0,225.620,26.953,132.480,180.000,-30.880,1.404,-0.421,2.406,15.314,-22.180,-6.918,0.498,3.054,2.056,1.107,0,NULL,NULL,,0,0,0,7,255,0,250,0,0
baseline,14851,14851,0,209716.816,0.831,-0.358,-0.315,0.286,0,0,0,0,0,0,0,0,51,0.967,33,0,202.670,28.083,107.140,171.940,-5.720,1.782,-0.527,2.225,16.326,-22.850,-8.778,0.572,2.998,2.056,1.107,0,NULL,NULL,,0,0,0,7,255,0,250,0,0
baseline,14852,14852,0,209721.817,0.829,-0.362,-0.318,0.285,0,0,0,0,0,0,0,0,51,0.967,33,0,185.389,28.039,88.340,162.600,11.240,1.721,-0.416,2.113,16.250,-22.850,-11.346,0.654,2.934,2.056,1.107,0,NULL,NULL,,0,0,0,7,255,0,250,0,0
baseline,14852,14852,0,209726.816,0.826,-0.365,-0.321,0.284,0,0,0,0,0,0,0,0,51,0.967,33,0,170.959,27.102,69.420,155.640,13.560,1.694,-0.428,2.021,16.250,-21.690,-11.496,0.756,2.854,2.056,1.107,0,NULL,NULL,,0,0,0,7,255,0,250,0,0
baseline,14863,14863,0,209731.817,0.825,-0.367,-0.324,0.283,0,0,0,0,0,0,0,0,51,0.967,33,0,162.310,26.234,53.380,153.260,2.520,1.718,-0.572,1.879,15.680,-21.032,-12.134,0.866,2.766,2.056,1.107,0,NULL,NULL,,0,0,0,7,255,0,250,0,0
baseline,14863,14863,0,209736.817,0.823,-0.369,-0.328,0.282,0,0,0,0,0,0,0,0,51,0.967,33,0,157.685,25.421,41.340,151.860,-9.700,1.778,-0.685,1.725,14.366,-20.972,-13.864,0.992,2.666,2.056,1.107,0,NULL,NULL,,0,0,0,7,255,0,250,0,0
baseline,14881,14881,0,209741.817,0.821,-0.370,-0.332,0.282,0,0,0,0,0,0,0,0,51,0.967,33,0,152.863,24.674,33.300,148.020,-18.660,1.851,-0.778,1.531,13.428,-20.700,-15.788,1.118,2.564,2.056,1.107,0,NULL,NULL,,0,0,0,7,255,0,250,0,0
baseline,14881,14881,0,209746.816,0.819,-0.371,-0.335,0.281,0,0,0,0,0,0,0,0,51,0.967,33,0,142.084,23.624,30.540,137.340,-19.820,1.910,-0.884,1.330,12.516,-20.036,-17.922,1.262,2.446,2.056,1.107,0,NULL,NULL,,0,0,0,7,255,0,250,0,0
baseline,14881,14881,0,209751.817,0.818,-0.372,-0.338,0.281,0,0,0,0,0,0,0,0,51,0.967,33,0,127.496,22.464,36.040,121.460,-14.280,1.939,-0.931,1.165,11.374,-19.372,-20.002,1.398,2.338,2.056,1.107,0,NULL,NULL,,0,0,0,7,255,0,250,0,0
baseline,14881,14881,0,209756.817,0.816,-0.373,-0.339,0.281,0,0,0,0,0,0,0,0,51,0.967,33,0,114.572,21.312,46.360,104.440,-8.360,1.967,-0.907,1.071,10.566,-18.508,-21.414,1.542,2.222,2.056,1.107,0,NULL,NULL,,0,0,0,7,255,0,250,0,0
baseline,14896,14896,0,209761.817,0.815,-0.375,-0.340,0.281,0,0,0,0,0,0,0,0,51,0.967,33,0,103.603,20.689,55.560,87.220,-6.280,2.010,-0.979,1.018,10.480,-17.838,-22.150,1.676,2.116,2.056,1.107,0,NULL,NULL,,0,0,0,7,255,0,250,0,0
baseline,14896,14896,0,209766.816,0.814,-0.376,-0.341,0.282,0,0,0,0,0,0,0,0,51,0.967,33,0,94.005,20.457,63.680,69.040,-3.900,2.043,-1.149,0.989,10.014,-17.838,-23.092,1.818,2.004,2.056,1.107,0,NULL,NULL,,0,0,0,7,255,0,250,0,0
baseline,14896,14896,0,209771.817,0.814,-0.378,-0.340,0.283,0,0,0,0,0,0,0,0,51,0.967,33,0,87.891,20.779,73.020,48.900,1.300,2.038,-1.194,0.965,8.922,-18.766,-24.158,1.944,1.904,2.056,1.107,0,NULL,NULL,,0,0,0,7,255,0,250,0,0
baseline,14896,14896,0,209776.817,0.813,-0.379,-0.338,0.284,0,0,0,0,0,0,0,0,51,0.967,33,0,86.750,20.771,82.240,26.920,6.120,1.994,-1.078,0.962,8.904,-18.766,-24.158,2.078,1.798,2.056,1.107,0,NULL,NULL,,0,0,0,7,255,0,250,0,0
baseline,14915,14915,0,209781.817,0.813,-0.381,-0.336,0.285,0,0,0,0,0,0,0,0,51,0.967,33,0,90.928,20.229,90.240,8.360,7.400,1.908,-1.026,1.047,8.904,-18.164,-23.726,2.204,1.698,2.056,1.107,0,NULL,NULL,,0,0,0,7,255,0,250,0,0
baseline,14915,14915,0,209786.817,0.811,-0.392,-0.327,0.285,0,0,0,0,0,0,0,0,51,0.967,33,0,333.571,20.229,301.300,-49.240,134.400,1.331,-1.705,2.819,8.904,-18.164,-22.428,2.320,1.608,2.056,1.107,0,NULL,NULL,,0,0,0,7,255,0,250,0,0
baseline,14916,14916,0,209791.817,0.806,-0.413,-0.310,0.288,0,0,0,1,0,0,0,0,51,0.967,33,0,644.959,35.227,589.800,-177.000,191.780,1.830,0.109,5.261,9.006,-34.056,-11.472,2.424,1.524,2.056,1.107,0,NULL,NULL,,0,0,0,7,255,0,250,0,0
baseline,14916,14916,0,209796.816,0.810,-0.408,-0.303,0.292,22,0,0,183,0,0,0,0,51,0.967,33,0,198.682,46.091,-28.660,-192.200,-41.380,0.920,-1.006,5.004,14.700,-43.684,4.828,2.536,1.434,2.056,1.107,0,NULL,NULL,,0,0,0,7,255,0,250,0,0
baseline,14949,14949,0,209801.817,0.822,-0.386,-0.302,0.289,167,0,0,395,0,26,0,0,51,0.967,33,0,565.721,47.826,-528.720,-199.460,-26.660,1.165,0.385,2.812,19.468,-43.684,4.828,2.638,1.352,2.056,1.107,0,NULL,NULL,,0,0,0,7,255,0,250,0,0
baseline,14949,14949,0,209806.817,0.839,-0.358,-0.300,0.279,463,0,0,697,0,120,0,0,51,0.967,33,0,711.209,28.647,-655.360,-261.220,89.920,1.001,1.720,1.053,19.468,-21.016,-0.710,2.754,1.258,2.056,1.107,0,NULL,NULL,,0,0,0,7,255,0,250,0,0
baseline,14950,14950,0,209811.817,0.854,-0.336,-0.295,0.267,760,0,0,996,0,221,0,0,51,0.967,33,0,683.749,19.525,-606.600,-247.740,195.380,0.646,1.592,-0.102,19.468,1.490,-4.362,2.854,1.178,2.056,1.107,0,NULL,NULL,,0,0,0,7,255,0,250,0,0
baseline,14950,14950,0,209816.816,0.861,-0.331,-0.290,0.255,1131,0,0,1261,0,358,0,0,51,0.967,33,0,396.285,14.548,-206.280,-160.640,297.800,-0.071,-0.233,-0.951,13.836,4.496,-9.730,2.966,1.086,2.056,1.107,0,NULL,NULL,,0,0,0,7,255,0,250,0,0
baseline,14950,14950,0,209821.817,0.865,-0.332,-0.286,0.244,1445,0,0,1459,0,519,0,0,51,0.967,33,0,312.743,6.855,-36.780,-86.720,298.220,-0.554,-1.678,-1.146,-5.174,4.496,-16.872,3.072,1.000,2.056,1.107,0,NULL,NULL,,0,0,0,7,255,0,250,0,0
baseline,14950,14950,0,209826.816,0.867,-0.338,-0.277,0.239,1753,0,0,1689,0,607,0,0,51,0.967,33,0,288.805,6.321,124.180,-152.580,211.440,-1.124,0.336,0.248,-5.198,3.596,-16.872,3.200,0.890,2.056,1.107,0,NULL,NULL,,0,0,0,7,255,0,250,0,0
baseline,14982,14982,0,209831.817,0.867,-0.345,-0.269,0.237,2063,0,0,1951,0,696,0,9,51,0.967,33,0,239.391,6.321,172.020,-125.180,109.760,-0.484,3.456,1.354,-5.198,3.596,-0.454,3.348,0.758,2.056,1.107,0,NULL,NULL,,0,0,0,7,255,0,250,0,0
baseline,14982,14982,0,209836.817,0.869,-0.350,-0.260,0.233,2373,0,0,2283,0,767,0,57,51,0.967,33,0,237.134,12.155,83.700,-140.740,171.520,-1.068,2.120,1.337,8.078,9.082,13.622,3.532,0.596,2.056,1.107,0,NULL,NULL,,0,0,0,7,255,0,250,0,0
baseline,14982,14982,0,209841.817,0.872,-0.353,-0.249,0.229,2553,0,0,2516,0,819,0,105,51,0.967,33,0,303.102,12.155,90.060,-223.260,184.160,-2.522,-0.200,3.115,8.078,9.082,15.244,3.708,0.444,2.056,1.107,0,NULL,NULL,,0,0,0,7,255,0,250,0,0
baseline,14982,14982,0,209846.816,0.879,-0.337,-0.247,0.228,2701,0,0,2685,0,925,0,203,51,0.967,33,0,390.441,18.480,-354.900,-161.440,-20.680,-1.982,-1.037,2.492,-10.488,-15.216,14.180,3.860,0.334,2.056,1.107,0,NULL,NULL,,0,0,0,7,255,0,250,0,0
baseline,14982,14982,0,209851.817,0.884,-0.318,-0.249,0.234,2801,0,0,2820,0,989,0,377,51,0.967,33,0,463.220,18.480,-397.560,-110.720,-210.380,-1.167,-0.244,0.856,-10.488,-15.216,14.180,3.968,0.288,2.056,1.107,0,NULL,NULL,,0,0,0,7,255,0,250,0,0
baseline,14982,14982,0,209856.817,0.886,-0.301,-0.252,0.246,2879,0,0,2918,0,1081,0,493,51,0.967,33,0,467.696,7.995,-305.400,-104.800,-338.360,-0.224,-0.038,0.144,-7.126,-3.626,1.554,4.038,0.288,2.056,1.107,0,NULL,NULL,,0,0,0,7,255,0,250,0,0
baseline,14991,14991,0,209861.817,0.887,-0.288,-0.250,0.260,2943,0,0,2986,0,1317,0,756,51,0.967,33,0,407.258,3.811,-151.100,-100.400,-364.620,1.081,-0.509,0.607,-1.174,-3.626,-8.066,4.070,0.298,2.056,1.107,0,NULL,NULL,,0,0,0,7,255,0,250,0,0
baseline,14991,14991,0,209866.817,0.884,-0.285,-0.247,0.276,3005,0,0,3061,95,1381,0,949,51,0.967,33,0,366.742,12.861,64.540,-85.940,-350.640,2.354,-1.149,1.448,7.310,-10.582,-13.336,4.082,0.314,2.056,1.107,1,1135.000,1135.000,,0,0,0,7,255,0,250,0,0
baseline,14991,14991,0,209871.817,0.882,-0.283,-0.247,0.283,3043,0,25,3113,347,1489,0,1148,51,0.967,33,0,167.419,25.735,53.000,27.780,-156.360,2.229,-1.470,0.882,10.170,-23.640,-15.890,4.084,0.332,2.056,1.107,1,NULL,NULL,,0,0,0,7,255,0,250,0,0
baseline,14991,14991,0,209876.817,0.884,-0.285,-0.245,0.278,3079,0,91,3159,529,1615,0,1250,51,0.967,33,0,116.465,26.788,27.060,21.800,111.160,1.502,-0.298,1.051,12.600,-23.640,-15.890,4.086,0.358,2.056,1.107,1,NULL,NULL,,0,0,0,7,255,0,250,0,0
baseline,15009,15009,0,209881.817,0.887,-0.286,-0.242,0.271,3095,0,141,3177,614,1685,0,1339,51,0.967,33,0,194.196,16.698,-17.120,-34.600,190.320,0.020,0.644,1.139,10.170,-13.244,-11.624,4.090,0.368,2.056,1.107,1,NULL,NULL,,0,0,0,7,255,0,250,0,0
baseline,15009,15009,0,209886.816,0.890,-0.284,-0.239,0.266,3111,0,243,3196,763,1742,0,1401,51,0.967,33,0,160.518,8.323,-65.760,-74.940,125.800,-0.958,0.112,1.402,7.654,-3.270,0.100,4.098,0.352,2.056,1.107,1,NULL,NULL,,0,0,0,7,255,0,250,0,0
baseline,15023,15023,0,209891.817,0.891,-0.280,-0.239,0.265,3123,5,293,3211,851,1783,0,1428,51,0.967,34,0,91.587,3.741,-88.480,-23.620,1.240,-1.214,-0.234,1.449,-1.818,-3.270,5.968,4.104,0.332,2.056,1.107,1,NULL,NULL,,0,0,0,7,255,0,250,0,0
baseline,15023,15023,0,209896.817,0.891,-0.275,-0.242,0.270,3131,35,476,3223,936,1816,0,1497,51,0.967,34,0,145.130,7.421,-71.680,23.320,-124.020,-0.688,-0.535,0.763,-5.376,-5.116,5.968,4.110,0.320,2.056,1.107,1,NULL,NULL,,0,0,0,7,255,0,250,0,0
baseline,15056,15056,0,209901.817,0.890,-0.271,-0.243,0.275,3131,83,594,3227,990,1865,0,1555,51,0.967,34,0,135.483,7.702,-41.780,-14.160,-128.100,0.118,-0.631,0.476,-5.376,-5.516,-2.086,4.130,0.306,2.056,1.107,1,NULL,NULL,,0,0,0,7,255,0,250,0,0
baseline,15056,15056,0,209906.817,0.890,-0.269,-0.242,0.277,3143,124,697,3237,1061,1907,0,1645,51,0.967,34,0,59.247,7.644,-3.020,-9.140,-58.460,0.475,-0.382,0.635,-1.014,-7.576,-8.894,4.184,0.270,2.056,1.107,1,NULL,NULL,,0,0,0,7,255,0,250,0,0
baseline,15056,15056,0,209911.817,0.890,-0.270,-0.241,0.277,3143,158,754,3243,1125,1933,0,1704,51,0.967,34,0,35.465,8.342,33.040,-3.720,12.340,0.335,-0.124,0.838,3.492,-7.576,-8.894,4.260,0.216,2.056,1.107,1,NULL,NULL,,0,0,0,7,255,0,250,0,0
baseline,15056,15056,0,209916.816,0.891,-0.271,-0.239,0.276,3148,171,806,3244,1195,1963,0,1740,51,0.967,34,0,53.672,7.315,33.360,-3.720,41.880,-0.033,-0.063,1.136,3.492,-6.428,-5.956,4.346,0.156,2.056,1.107,1,NULL,NULL,,0,0,0,7,255,0,250,0,0
baseline,15056,15056,0,209921.817,0.891,-0.271,-0.239,0.275,3151,171,846,3247,1243,1975,0,1775,51,0.967,34,0,36.051,6.949,1.860,-3.420,35.840,-0.271,-0.151,1.155,3.238,-6.148,-1.476,4.420,0.116,2.056,1.107,1,NULL,NULL,,0,0,0,7,255,0,250,0,0
baseline,15056,15056,0,209926.816,0.892,-0.269,-0.239,0.274,3155,173,876,3251,1268,1989,0,1811,51,0.967,34,0,24.205,6.119,-18.040,-0.780,16.120,-0.271,-0.263,0.940,1.054,-6.028,-1.476,4.476,0.092,2.056,1.107,1,NULL,NULL,,0,0,0,7,255,0,250,0,0
baseline,15072,15072,0,209931.817,0.892,-0.269,-0.238,0.274,3156,200,903,3247,1287,1993,0,1845,51,0.967,34,0,9.838,5.783,-2.960,-5.360,7.700,-0.150,-0.166,0.771,0.632,-5.748,-2.206,4.512,0.074,2.056,1.107,1,NULL,NULL,,0,0,0,7,255,0,250,0,0
baseline,15072,15072,0,209936.817,0.892,-0.270,-0.237,0.274,3165,205,913,3245,1307,2005,0,1870,51,0.967,34,0,31.915,4.625,29.680,-3.160,11.300,-0.078,0.063,0.839,0.632,-4.582,-3.174,4.540,0.056,2.056,1.107,1,NULL,NULL,,0,0,0,7,255,0,250,0,0
baseline,15072,15072,0,209941.817,0.892,-0.271,-0.236,0.273,3163,212,909,3244,1325,2020,0,1893,51,0.967,34,0,44.236,4.501,41.280,-2.860,15.640,-0.087,0.193,1.061,2.670,-3.624,-3.174,4.562,0.042,2.056,1.107,1,NULL,NULL,,0,0,0,7,255,0,250,0,0
baseline,15072,15072,0,209946.816,0.892,-0.272,-0.235,0.273,3163,221,907,3243,1341,2035,0,1915,51,0.967,34,0,30.612,5.268,25.660,-0.660,16.680,-0.114,0.126,1.193,3.824,-3.624,-1.058,4.590,0.032,2.056,1.107,1,NULL,NULL,,0,0,0,7,255,0,250,0,0
baseline,15088,15088,0,209951.817,0.893,-0.272,-0.234,0.273,3165,227,915,3243,1357,2055,0,1939,51,0.967,34,0,14.568,6.073,1.500,0.560,14.480,-0.126,0.017,1.135,3.824,-4.718,-0.738,4.620,0.024,2.056,1.107,1,NULL,NULL,,0,0,0,7,255,0,250,0,0
baseline,15088,15088,0,209956.816,0.893,-0.271,-0.234,0.272,3171,233,908,3242,1371,2067,0,1955,51,0.967,34,0,14.560,5.549,-5.780,1.660,13.260,-0.136,0.016,0.971,2.920,-4.718,-0.738,4.656,0.016,2.056,1.107,1,NULL,NULL,,0,0,0,7,255,0,250,0,0
baseline,15088,15088,0,209961.817,0.893,-0.271,-0.233,0.272,3167,239,895,3241,1384,2075,0,1967,51,0.967,34,0,13.642,4.984,7.600,1.420,11.240,-0.161,0.114,0.907,2.502,-4.310,-1.950,4.690,0.018,2.056,1.107,1,NULL,NULL,,0,0,0,7,255,0,250,0,0
baseline,15088,15088,0,209966.817,0.893,-0.272,-0.233,0.272,3169,247,905,3241,1391,2089,0,1977,51,0.967,34,0,22.000,4.021,21.460,0.800,4.780,-0.169,0.193,1.003,2.502,-3.148,-1.950,4.722,0.030,2.056,1.107,2,NULL,NULL,,0,0,0,7,255,0,250,0,0
baseline,15104,15104,0,209971.817,0.893,-0.273,-0.232,0.272,3165,250,906,3237,1399,2095,0,1999,51,0.967,34,0,20.714,4.466,20.600,1.660,-1.400,-0.137,0.209,1.116,3.168,-3.148,-1.042,4.746,0.038,2.056,1.107,2,NULL,NULL,,0,0,0,7,255,0,250,0,0
baseline,15104,15104,0,209976.816,0.893,-0.273,-0.232,0.272,3175,260,893,3235,1403,2107,0,2001,51,0.967,34,0,9.442,5.260,8.580,2.580,-2.980,-0.093,0.181,1.128,3.828,-3.608,-0.504,4.772,0.044,2.056,1.107,2,NULL,NULL,,0,0,0,7,255,0,250,0,0
baseline,15104,15104,0,209981.817,0.894,-0.272,-0.231,0.272,3159,271,891,3231,1407,2107,0,2013,51,0.967,34,0,3.258,5.570,-1.140,3.000,0.560,-0.072,0.146,1.064,3.828,-4.046,-0.504,4.796,0.046,2.056,1.107,2,NULL,NULL,,0,0,0,7,255,0,250,0,0
baseline,15104,15104,0,209986.816,0.894,-0.272,-0.231,0.272,3164,277,890,3231,1417,2123,0,2019,51,0.967,34,0,5.544,5.534,-0.940,3.240,4.400,-0.085,0.117,0.996,3.776,-4.046,-1.200,4.824,0.046,2.056,1.107,2,NULL,NULL,,0,0,0,7,255,0,250,0,0
baseline,15120,15120,0,209991.817,0.894,-0.272,-0.230,0.272,3164,279,888,3229,1417,2130,0,2023,51,0.967,34,0,8.322,5.073,5.340,3.240,5.500,-0.108,0.106,0.990,3.294,-3.858,-1.686,4.848,0.046,2.056,1.107,2,NULL,NULL,,0,0,0,7,255,0,250,0,0
baseline,15120,15120,0,209996.817,0.894,-0.272,-0.230,0.271,3163,283,887,3227,1421,2134,0,2029,51,0.967,34,0,11.089,4.952,9.060,3.720,5.200,-0.111,0.106,1.020,3.104,-3.858,-1.686,4.876,0.046,2.056,1.107,2,NULL,NULL,,0,0,0,7,255,0,250,0,0
baseline,15151,15151,0,210001.817,0.894,-0.272,-0.230,0.271,3157,281,887,3222,1421,2137,0,2031,51,0.967,34,0,10.654,4.995,7.420,3.860,6.600,-0.110,0.089,1.032,3.044,-3.960,-1.430,4.900,0.044,2.056,1.107,2,NULL,NULL,,0,0,0,7,255,0,250,0,0
baseline,15151,15151,0,210006.816,0.895,-0.272,-0.229,0.271,3151,283,879,3220,1423,2145,0,2037,51,0.967,34,0,11.315,5.146,4.720,3.180,9.780,-0.120,0.062,1.007,3.042,-4.150,-1.430,4.926,0.040,2.056,1.107,2,NULL,NULL,,0,0,0,7,255,0,250,0,0
baseline,15151,15151,0,210011.817,0.895,-0.272,-0.229,0.270,3148,285,877,3217,1427,2149,0,2039,51,0.967,34,0,14.442,4.969,6.060,2.440,12.880,-0.139,0.040,0.977,2.732,-4.150,-1.604,4.948,0.036,2.056,1.107,2,NULL,NULL,,0,0,0,7,255,0,250,0,0
baseline,15151,15151,0,210016.816,0.895,-0.272,-0.228,0.270,3140,283,867,3211,1423,2149,0,2043,51,0.967,34,0,18.372,4.760,11.140,1.420,14.540,-0.161,0.051,0.978,2.370,-4.128,-1.638,4.974,0.032,2.056,1.107,2,NULL,NULL,,0,0,0,7,255,0,250,0,0
baseline,15151,15151,0,210021.817,0.895,-0.273,-0.227,0.270,3131,281,853,3207,1421,2150,0,2056,51,0.967,34,0,20.836,4.624,14.800,0.440,14.660,-0.174,0.081,1.002,2.370,-3.970,-1.638,5.000,0.030,2.056,1.107,2,NULL,NULL,,0,0,0,7,255,0,250,0,0
baseline,15151,15151,0,210026.816,0.895,-0.273,-0.227,0.269,3124,283,845,3193,1425,2151,0,2066,51,0.967,34,0,19.839,4.508,14.360,-0.480,13.680,-0.182,0.101,1.022,2.390,-3.822,-1.294,5.026,0.026,2.056,1.107,2,NULL,NULL,,0,0,0,7,255,0,250,0,0
baseline,15167,15167,0,210031.817,0.896,-0.273,-0.226,0.269,3115,285,829,3192,1428,2157,0,2075,51,0.967,34,0,17.307,4.480,11.560,-1.760,12.760,-0.180,0.095,1.014,2.438,-3.758,-1.128,5.048,0.024,2.056,1.107,2,NULL,NULL,,0,0,0,7,255,0,250,0,0
baseline,15167,15167,0,210036.816,0.896,-0.273,-0.225,0.269,3102,281,827,3181,1440,2159,0,2085,51,0.967,34,0,14.873,4.480,9.540,-2.560,11.120,-0.179,0.072,0.993,2.438,-3.758,-1.128,5.074,0.022,2.056,1.107,2,NULL,NULL,,0,0,0,7,255,0,250,0,0
baseline,15167,15167,0,210041.817,0.896,-0.273,-0.225,0.268,3093,285,836,3172,1449,2155,0,2094,51,0.967,34,0,13.866,4.434,10.220,-3.220,8.800,-0.168,0.049,0.972,2.238,-3.828,-1.360,5.096,0.022,2.056,1.107,2,NULL,NULL,,0,0,0,7,255,0,250,0,0
baseline,15167,15167,0,210046.816,0.896,-0.273,-0.224,0.268,3081,285,831,3165,1463,2168,0,2111,51,0.967,34,0,15.145,4.500,12.840,-3.900,7.020,-0.153,0.046,0.971,2.196,-3.928,-1.638,5.122,0.022,2.056,1.107,2,NULL,NULL,,0,0,0,7,255,0,250,0,0
baseline,15184,15184,0,210051.817,0.896,-0.274,-0.223,0.268,3054,287,839,3154,1481,2175,0,2125,51,0.967,34,0,17.038,4.565,15.220,-4.440,6.240,-0.141,0.059,0.981,2.196,-4.002,-1.668,5.146,0.022,2.056,1.107,2,NULL,NULL,,0,0,0,7,255,0,250,0,0
baseline,15184,15184,0,210056.817,0.896,-0.274,-0.222,0.268,3047,283,831,3157,1489,2180,0,2139,51,0.967,34,0,17.913,4.654,16.200,-4.500,6.180,-0.141,0.097,1.004,2.376,-4.002,-1.668,5.172,0.024,2.056,1.107,2,NULL,NULL,,0,0,0,7,255,0,250,0,0
baseline,15200,15200,0,210061.817,0.897,-0.274,-0.222,0.268,3033,287,849,3129,1497,2183,0,2147,51,0.967,34,0,16.324,4.653,14.920,-4.320,5.020,-0.154,0.142,1.030,2.640,-3.832,-1.382,5.196,0.024,2.056,1.107,2,NULL,NULL,,0,0,0,7,255,0,250,0,0
baseline,15200,15200,0,210066.816,0.897,-0.274,-0.221,0.268,3017,287,857,3123,1514,2187,0,2159,51,0.967,34,0,12.369,4.575,11.500,-4.140,1.900,-0.168,0.171,1.046,2.846,-3.582,-0.976,5.220,0.024,2.056,1.107,2,NULL,NULL,,0,0,0,7,255,0,250,0,0
baseline,15200,15200,0,210071.817,0.897,-0.274,-0.220,0.268,2999,291,871,3109,1528,2195,0,2173,51,0.967,34,0,8.790,4.483,6.980,-4.020,-3.520,-0.171,0.190,1.051,2.934,-3.390,-0.692,5.242,0.024,2.056,1.107,2,NULL,NULL,,0,0,0,7,255,0,250,0,0
baseline,15200,15200,0,210076.817,0.897,-0.274,-0.220,0.269,2981,292,893,3097,1553,2201,8,2188,51,0.967,34,0,9.650,4.480,1.800,-3.720,-8.720,-0.160,0.167,1.036,2.934,-3.386,-0.692,5.266,0.022,2.056,1.107,2,NULL,NULL,,0,0,0,7,255,0,250,0,0
baseline,15216,15216,0,210081.819,0.897,-0.274,-0.219,0.269,2965,296,911,3089,1581,2205,18,2203,51,0.967,34,0,11.521,4.478,0.200,-3.840,-10.860,-0.150,0.124,1.011,2.930,-3.386,-0.820,5.290,0.022,2.056,1.107,2,NULL,NULL,,0,0,0,7,255,0,250,0,0
baseline,15216,15216,0,210086.817,0.897,-0.273,-0.219,0.270,2949,299,947,3077,1609,2215,40,2217,51,0.967,34,0,13.847,4.491,0.520,-4.020,-13.240,-0.150,0.115,0.999,2.680,-3.604,-1.174,5.312,0.020,2.056,1.107,2,NULL,NULL,,0,0,0,7,255,0,250,0,0
baseline,15216,15216,0,210091.817,0.897,-0.273,-0.218,0.271,2925,303,994,3060,1640,2219,43,2232,51,0.967,34,0,17.094,4.460,1.300,-3.600,-16.660,-0.152,0.123,1.005,2.628,-3.604,-1.206,5.332,0.020,2.056,1.107,2,NULL,NULL,,0,0,0,7,255,0,250,0,0
baseline,15216,15216,0,210096.816,0.897,-0.272,-0.218,0.271,2907,311,1047,3047,1679,2223,71,2248,51,0.967,34,0,20.207,4.460,0.400,-3.600,-19.880,-0.137,0.117,1.016,2.628,-3.604,-1.206,5.356,0.018,2.056,1.107,2,NULL,NULL,,0,0,0,7,255,0,250,0,0
baseline,15253,15253,0,210101.817,0.897,-0.271,-0.218,0.272,2888,315,1101,3033,1719,2232,110,2261,51,0.967,34,0,22.137,4.607,-1.500,-2.860,-21.900,-0.121,0.111,1.022,2.734,-3.708,-1.206,5.378,0.018,2.056,1.107,2,NULL,NULL,,0,0,0,7,255,0,250,0,0
baseline,15253,15253,0,210106.817,0.897,-0.271,-0.217,0.273,2863,325,1139,3026,1750,2237,149,2277,51,0.967,34,0,22.686,4.769,-4.120,-2.200,-22.200,-0.106,0.101,1.018,2.842,-3.830,-1.248,5.400,0.016,2.056,1.107,2,NULL,NULL,,0,0,0,7,255,0,250,0,0
baseline,15254,15254,0,210111.818,0.897,-0.270,-0.217,0.274,2844,335,1177,3014,1779,2248,179,2295,51,0.967,34,0,22.635,4.850,-7.180,-1.400,-21.420,-0.103,0.076,1.011,2.842,-3.930,-1.382,5.422,0.014,2.056,1.107,2,NULL,NULL,,0,0,0,7,255,0,250,0,0
baseline,15254,15254,0,210116.816,0.897,-0.269,-0.217,0.275,2823,341,1223,3000,1805,2253,201,2313,51,0.967,34,0,22.940,4.912,-9.620,-1.040,-20.800,-0.113,0.052,1.005,2.736,-4.080,-1.512,5.446,0.010,2.056,1.107,2,NULL,NULL,,0,0,0,7,255,0,250,0,0
baseline,15254,15254,0,210121.817,0.897,-0.268,-0.217,0.276,2793,347,1271,2986,1832,2257,240,2328,51,0.983,34,0,24.486,4.862,-12.180,-0.960,-21.220,-0.117,0.043,0.998,2.510,-4.164,-1.562,0.000,0.000,1.912,1.096,3,NULL,NULL,,0,0,0,7,255,0,250,0,0
baseline,15254,15254,0,210126.816,0.898,-0.266,-0.217,0.276,2764,354,1314,2967,1853,2263,295,2335,51,0.983,34,0,24.246,4.816,-13.640,-1.340,-20.000,-0.121,0.029,0.984,2.416,-4.166,-1.622,0.022,0.002,1.912,1.096,3,NULL,NULL,,0,0,0,7,255,0,250,0,0
baseline,15263,15263,0,210131.817,0.898,-0.265,-0.216,0.277,2735,377,1369,2952,1881,2267,334,2349,51,0.983,34,0,23.256,4.743,-13.400,-1.820,-18.920,-0.139,0.036,0.982,2.270,-4.164,-1.630,0.046,0.004,1.912,1.096,3,NULL,NULL,,0,0,0,7,255,0,250,0,0
baseline,15263,15263,0,210136.817,0.898,-0.264,-0.216,0.278,2709,391,1435,2937,1908,2271,377,2361,51,0.983,34,0,24.676,4.569,-13.220,-2.000,-20.740,-0.158,0.058,0.990,2.178,-4.016,-1.630,0.068,0.004,1.912,1.096,3,NULL,NULL,,0,0,0,7,255,0,250,0,0
baseline,15263,15263,0,210141.817,0.898,-0.263,-0.216,0.279,2669,411,1491,2919,1947,2271,393,2379,51,0.983,34,0,28.209,4.376,-14.200,-2.740,-24.220,-0.153,0.072,1.007,2.178,-3.796,-1.404,0.092,0.006,1.912,1.096,3,NULL,NULL,,0,0,0,7,255,0,250,0,0
baseline,15263,15263,0,210146.816,0.898,-0.262,-0.216,0.280,2643,420,1559,2904,1987,2279,403,2393,51,0.983,34,0,31.764,4.461,-17.060,-2.680,-26.660,-0.130,0.063,1.013,2.344,-3.796,-1.332,0.116,0.006,1.912,1.096,3,NULL,NULL,,0,0,0,7,255,0,250,0,0
baseline,15282,15282,0,210151.817,0.898,-0.260,-0.216,0.281,2611,441,1611,2887,2019,2287,456,2407,51,0.983,34,0,32.620,4.649,-19.560,-3.100,-25.920,-0.116,0.045,1.003,2.468,-3.940,-1.332,0.140,0.008,1.912,1.096,3,NULL,NULL,,0,0,0,7,255,0,250,0,0
baseline,15282,15282,0,210156.816,0.898,-0.259,-0.216,0.282,2571,453,1662,2870,2059,2294,488,2423,51,0.983,34,0,31.770,4.736,-20.840,-3.780,-23.680,-0.118,0.034,0.991,2.468,-4.042,-1.520,0.160,0.008,1.912,1.096,3,NULL,NULL,,0,0,0,7,255,0,250,0,0
baseline,15296,15296,0,210161.817,0.899,-0.257,-0.216,0.282,2531,477,1717,2847,2086,2297,547,2431,51,0.983,34,0,30.525,4.681,-19.940,-4.020,-22.760,-0.130,0.044,0.985,2.360,-4.042,-1.570,0.186,0.008,1.912,1.096,3,NULL,NULL,,0,0,0,7,255,0,250,0,0
baseline,15296,15296,0,210166.816,0.899,-0.256,-0.216,0.283,2487,490,1767,2821,2111,2296,601,2445,51,0.983,34,0,30.958,4.528,-18.280,-4.140,-24.640,-0.128,0.057,0.994,2.360,-3.864,-1.570,0.208,0.008,1.912,1.096,3,NULL,NULL,,0,0,0,7,255,0,250,0,0
baseline,15296,15296,0,210171.817,0.899,-0.255,-0.215,0.284,2445,519,1817,2803,2143,2315,653,2459,51,0.983,34,0,32.014,4.565,-18.100,-4.260,-26.060,-0.116,0.049,1.003,2.430,-3.864,-1.468,0.234,0.010,1.912,1.096,3,NULL,NULL,,0,0,0,7,255,0,250,0,0
baseline,15296,15296,0,210176.817,0.899,-0.253,-0.215,0.285,2393,531,1865,2783,2165,2321,699,2477,51,0.983,34,0,32.620,4.659,-20.840,-5.060,-24.580,-0.104,0.042,1.029,2.506,-3.928,-1.468,0.254,0.010,1.912,1.096,3,NULL,NULL,,0,0,0,7,255,0,250,0,0
baseline,15316,15316,0,210181.817,0.899,-0.251,-0.215,0.286,2343,533,1915,2757,2195,2329,761,2491,51,0.983,34,0,35.553,4.774,-26.460,-4.880,-23.240,-0.113,0.057,1.039,2.628,-3.986,-1.322,0.278,0.012,1.912,1.096,3,NULL,NULL,,0,0,0,7,255,0,250,0,0
baseline,15316,15316,0,210186.816,0.900,-0.250,-0.215,0.287,2296,539,1960,2728,2221,2326,790,2511,51,0.983,34,0,40.222,4.774,-31.840,-4.820,-24.100,-0.120,0.051,1.021,2.628,-3.986,-1.266,0.300,0.014,1.912,1.096,3,NULL,NULL,,0,0,0,7,255,0,250,0,0
baseline,15316,15316,0,210191.817,0.900,-0.248,-0.215,0.288,2245,535,2003,2709,2259,2341,844,2519,51,0.983,34,0,40.692,4.657,-32.440,-5.060,-24.040,-0.106,0.026,0.974,2.560,-3.890,-1.266,0.322,0.016,1.912,1.096,3,NULL,NULL,,0,0,0,7,255,0,250,0,0
baseline,15316,15316,0,210196.817,0.900,-0.246,-0.215,0.288,2153,550,2063,2663,2283,2343,876,2540,51,0.983,34,0,34.817,4.564,-27.140,-5.740,-21.040,-0.109,-0.025,0.947,2.388,-3.890,-1.764,0.344,0.018,1.912,1.096,3,NULL,NULL,,0,0,0,7,255,0,250,0,0
baseline,15349,15349,0,210201.817,0.900,-0.244,-0.215,0.289,2087,581,2104,2633,2311,2340,909,2549,51,0.983,34,0,29.607,4.559,-21.220,-6.900,-19.460,-0.128,-0.028,0.977,2.002,-4.096,-1.764,0.368,0.018,1.912,1.096,3,NULL,NULL,,0,0,0,7,255,0,250,0,0
baseline,15349,15349,0,210206.817,0.901,-0.243,-0.214,0.290,2027,604,2154,2587,2335,2344,933,2569,51,0.983,34,0,29.789,4.559,-19.320,-7.080,-21.540,-0.137,0.008,1.010,2.002,-4.096,-1.724,0.390,0.020,1.912,1.096,3,NULL,NULL,,0,0,0,7,255,0,250,0,0
baseline,15350,15350,0,210211.817,0.901,-0.241,-0.214,0.291,1979,611,2201,2550,2373,2349,981,2583,51,0.983,34,0,33.469,4.519,-21.760,-7.560,-24.280,-0.118,0.034,1.024,2.174,-3.962,-1.316,0.414,0.022,1.912,1.096,3,NULL,NULL,,0,0,0,7,255,0,250,0,0
baseline,15350,15350,0,210216.816,0.901,-0.240,-0.214,0.291,1896,617,2239,2507,2403,2349,1032,2589,51,0.983,34,0,33.417,4.637,-24.260,-8.480,-21.360,-0.093,0.037,1.016,2.508,-3.900,-1.316,0.434,0.024,1.912,1.096,3,NULL,NULL,,0,0,0,7,255,0,250,0,0
baseline,15350,15350,0,210221.817,0.901,-0.238,-0.213,0.292,1821,631,2281,2456,2427,2355,1061,2607,51,0.983,34,0,31.830,4.637,-24.940,-8.060,-18.060,-0.102,0.013,0.997,2.508,-3.900,-1.402,0.458,0.024,1.912,1.096,3,NULL,NULL,,0,0,0,7,255,0,250,0,0
baseline,15350,15350,0,210226.816,0.902,-0.236,-0.213,0.293,1739,631,2321,2396,2461,2357,1083,2621,51,0.983,34,0,29.122,4.596,-22.380,-9.880,-15.800,-0.137,0.008,0.992,2.432,-3.900,-1.418,0.482,0.026,1.912,1.096,3,NULL,NULL,,0,0,0,7,255,0,250,0,0
baseline,15380,15380,0,210231.817,0.902,-0.235,-0.213,0.293,1654,612,2355,2345,2487,2359,1144,2641,51,0.983,34,0,29.358,4.407,-20.360,-10.180,-18.540,-0.148,-0.003,1.011,2.134,-3.856,-1.418,0.504,0.028,1.912,1.096,3,NULL,NULL,,0,0,0,7,255,0,250,0,0
baseline,15380,15380,0,210236.817,0.902,-0.233,-0.212,0.294,1557,606,2423,2277,2523,2355,1190,2669,51,0.983,34,0,33.184,4.384,-21.760,-11.100,-22.460,-0.136,-0.021,1.031,2.086,-3.856,-1.210,0.526,0.028,1.912,1.096,3,NULL,NULL,,0,0,0,7,255,0,250,0,0
baseline,15380,15380,0,210241.817,0.902,-0.232,-0.212,0.295,1445,616,2441,2217,2550,2357,1207,2671,51,0.983,34,0,34.784,4.545,-24.880,-12.380,-20.920,-0.123,-0.004,1.040,2.086,-4.038,-1.132,0.550,0.030,1.912,1.096,3,NULL,NULL,,0,0,0,7,255,0,250,0,0
baseline,15380,15380,0,210246.816,0.903,-0.230,-0.211,0.296,1341,605,2476,2139,2579,2357,1245,2685,51,0.983,34,0,38.062,4.651,-29.140,-13.840,-20.200,-0.122,0.029,1.047,2.308,-4.038,-1.072,0.572,0.032,1.912,1.096,3,NULL,NULL,,0,0,0,7,255,0,250,0,0
baseline,15380,15380,0,210251.817,0.903,-0.228,-0.211,0.296,1259,584,2509,2065,2601,2355,1291,2700,51,0.983,34,0,38.464,4.557,-28.840,-14.580,-20.860,-0.107,0.034,1.013,2.536,-3.786,-1.072,0.596,0.034,1.912,1.096,3,NULL,NULL,,0,0,0,7,255,0,250,0,0
baseline,15380,15380,0,210256.816,0.904,-0.226,-0.210,0.297,1117,553,2539,1937,2623,2347,1323,2719,51,0.983,34,0,35.348,4.576,-24.940,-15.920,-19.340,-0.070,0.009,0.979,2.570,-3.786,-1.274,0.616,0.036,1.912,1.096,3,NULL,NULL,,0,0,0,7,255,0,250,0,0
baseline,15393,15393,0,210261.817,0.904,-0.225,-0.209,0.297,1020,525,2571,1835,2648,2343,1357,2741,51,0.983,34,0,28.953,4.586,-19.560,-16.600,-13.420,-0.077,-0.027,0.972,2.570,-3.798,-1.766,0.640,0.038,1.912,1.096,3,NULL,NULL,,0,0,0,7,255,0,250,0,0
baseline,15393,15393,0,210266.817,0.904,-0.223,-0.209,0.298,877,493,2599,1693,2679,2339,1399,2751,51,0.983,34,0,26.010,4.608,-16.080,-18.060,-9.580,-0.107,-0.021,1.024,2.306,-3.990,-1.766,0.660,0.040,1.912,1.096,3,NULL,NULL,,0,0,0,7,255,0,250,0,0
baseline,15415,15415,0,210271.817,0.905,-0.222,-0.208,0.298,776,457,2629,1567,2705,2331,1439,2772,51,0.983,34,0,29.613,4.608,-19.680,-19.520,-10.420,-0.130,0.022,1.053,2.306,-3.990,-1.240,0.684,0.042,1.912,1.096,3,NULL,NULL,,0,0,0,7,255,0,250,0,0
baseline,15415,15415,0,210276.816,0.905,-0.220,-0.207,0.299,631,413,2657,1429,2727,2322,1491,2783,51,0.983,34,0,34.428,4.394,-23.040,-20.680,-15.060,-0.108,0.074,1.059,2.432,-3.660,-0.790,0.706,0.044,1.912,1.096,3,NULL,NULL,,0,0,0,7,255,0,250,0,0
baseline,15415,15415,0,210281.817,0.906,-0.219,-0.206,0.299,477,377,2676,1275,2747,2315,1520,2793,51,0.983,34,0,38.185,4.508,-25.920,-21.600,-17.880,-0.057,0.085,1.056,2.904,-3.448,-0.790,0.730,0.048,1.912,1.096,3,NULL,NULL,,0,0,0,7,255,0,250,0,0
baseline,15415,15415,0,210286.817,0.906,-0.217,-0.205,0.300,361,299,2707,1103,2771,2291,1557,2807,51,0.983,34,0,34.761,4.792,-23.420,-22.340,-12.680,-0.009,0.092,1.042,3.328,-3.448,-0.970,0.752,0.050,1.912,1.096,3,NULL,NULL,,0,0,0,7,255,0,250,0,0
baseline,15416,15416,0,210291.817,0.907,-0.215,-0.204,0.300,237,231,2723,875,2789,2261,1592,2828,51,0.983,34,0,38.090,5.036,-28.480,-23.180,-10.120,0.019,0.124,1.030,3.670,-3.448,-1.282,0.776,0.054,1.912,1.096,3,NULL,NULL,,0,0,0,7,255,0,250,0,0
baseline,15416,15416,0,210296.817,0.907,-0.214,-0.203,0.300,163,169,2745,767,2815,2220,1637,2841,51,0.983,34,0,32.581,4.993,-17.620,-27.040,4.460,-0.145,0.042,1.084,3.670,-3.386,-1.282,0.798,0.058,1.912,1.096,3,NULL,NULL,,0,0,0,7,255,0,250,0,0
baseline,15456,15456,0,210301.817,0.908,-0.214,-0.201,0.299,110,157,2769,669,2836,2189,1703,2852,51,0.983,34,0,42.928,4.199,5.400,-36.440,22.040,-0.313,-0.025,1.237,2.484,-3.386,-0.342,0.822,0.060,1.912,1.096,3,NULL,NULL,,0,0,0,7,255,0,250,0,0
baseline,15456,15456,0,210306.816,0.909,-0.213,-0.199,0.299,63,119,2782,619,2845,2137,1753,2863,51,0.983,34,0,45.706,3.930,6.060,-43.760,11.720,-0.461,-0.181,1.440,1.250,-3.726,1.624,0.844,0.062,1.912,1.096,3,NULL,NULL,,0,0,0,7,255,0,250,0,0
baseline,15456,15456,0,210311.817,0.909,-0.213,-0.196,0.299,45,63,2805,595,2869,2099,1816,2871,51,0.983,34,0,69.040,4.238,27.680,-58.640,23.700,-0.458,-0.006,1.546,1.016,-4.114,3.784,0.866,0.062,1.912,1.096,3,NULL,NULL,,0,0,0,7,255,0,250,0,0
baseline,15456,15456,0,210316.816,0.910,-0.211,-0.193,0.299,28,33,2823,551,2889,2071,1873,2877,51,0.983,34,0,75.549,4.238,-40.620,-63.660,-2.240,-0.209,0.112,1.450,1.016,-4.114,3.784,0.888,0.060,1.912,1.096,3,NULL,NULL,,0,0,0,7,255,0,250,0,0
baseline,15456,15456,0,210321.817,0.912,-0.207,-0.192,0.299,24,5,2840,508,2905,2027,1903,2889,51,0.983,34,0,91.786,4.628,-71.020,-57.540,-8.360,-0.081,-0.070,1.081,2.120,-4.114,3.272,0.910,0.060,1.912,1.096,3,NULL,NULL,,0,0,0,7,255,0,250,0,0
baseline,15456,15456,0,210326.816,0.913,-0.204,-0.189,0.298,19,0,2855,447,2923,1967,1951,2897,51,0.983,34,0,87.028,4.809,-47.460,-69.260,22.900,-0.025,-0.130,0.927,2.120,-4.316,-0.736,0.930,0.064,1.912,1.096,3,NULL,NULL,,0,0,0,7,255,0,250,0,0
baseline,15471,15471,0,210331.817,0.915,-0.202,-0.186,0.297,0,0,2869,365,2940,1903,1981,2905,51,0.983,34,0,85.204,4.657,-17.620,-72.740,40.720,-0.139,-0.178,0.936,1.748,-4.316,-1.844,0.948,0.068,1.912,1.096,3,NULL,NULL,,0,0,0,7,255,0,250,0,0
baseline,15471,15471,0,210336.816,0.916,-0.201,-0.183,0.296,0,0,2879,339,2957,1852,2019,2909,51,0.983,34,0,86.693,4.252,0.940,-77.440,38.960,-0.260,-0.179,1.032,0.608,-4.208,-1.844,0.966,0.072,1.912,1.096,3,NULL,NULL,,0,0,0,7,255,0,250,0,0
baseline,15471,15471,0,210341.817,0.917,-0.200,-0.179,0.295,0,0,2888,301,2965,1803,2042,2918,51,0.983,34,0,88.373,3.972,11.680,-82.460,29.560,-0.300,-0.142,1.130,-0.012,-3.972,-0.474,0.986,0.078,1.912,1.096,3,NULL,NULL,,0,0,0,7,255,0,250,0,0
baseline,15471,15471,0,210346.816,0.918,-0.200,-0.175,0.295,0,0,2892,245,2975,1737,2082,2920,51,0.983,34,0,93.502,3.952,15.720,-89.600,21.620,-0.233,-0.090,1.203,-0.012,-3.952,0.622,1.004,0.084,1.912,1.096,3,NULL,NULL,,0,0,0,7,255,0,250,0,0
baseline,15471,15471,0,210351.817,0.919,-0.199,-0.170,0.294,0,0,2901,159,2984,1673,2103,2923,51,0.983,34,0,96.340,4.049,10.220,-94.040,18.260,-0.108,-0.060,1.216,0.882,-3.952,0.772,1.026,0.090,1.912,1.096,3,NULL,NULL,,0,0,0,7,255,0,250,0,0
baseline,15471,15471,0,210356.817,0.920,-0.198,-0.166,0.294,0,0,2891,71,2997,1595,2136,2927,51,0.983,34,0,101.075,4.557,1.620,-97.460,26.740,-0.041,-0.023,1.171,1.942,-4.122,0.772,1.044,0.096,1.912,1.096,3,NULL,NULL,,0,0,0,7,255,0,250,0,0
baseline,15488,15488,0,210361.817,0.922,-0.196,-0.161,0.293,0,0,2891,17,3005,1499,2164,2931,51,0.983,34,0,108.803,4.765,1.980,-101.500,39.140,-0.068,0.021,1.152,2.390,-4.122,0.258,1.064,0.102,1.912,1.096,3,NULL,NULL,,0,0,0,7,255,0,250,0,0
baseline,15488,15488,0,210366.816,0.923,-0.195,-0.156,0.291,0,0,2889,0,3017,1386,2197,2937,51,0.983,34,0,113.432,4.255,3.740,-104.660,43.580,-0.131,0.037,1.170,2.390,-3.520,0.258,1.082,0.106,1.912,1.096,3,NULL,NULL,,0,0,0,7,255,0,250,0,0
baseline,15504,15504,0,210371.817,0.925,-0.194,-0.152,0.290,0,0,2875,0,3031,1303,2215,2933,51,0.983,34,0,114.875,3.666,6.200,-107.780,39.260,-0.182,0.017,1.203,1.944,-3.108,0.716,1.102,0.112,1.912,1.096,3,NULL,NULL,,0,0,0,7,255,0,250,0,0
baseline,15504,15504,0,210376.817,0.926,-0.193,-0.146,0.289,0,0,2871,0,3031,1183,2245,2927,51,0.983,34,0,117.803,3.412,8.380,-112.840,32.780,-0.188,0.008,1.250,1.408,-3.108,1.190,1.120,0.118,1.912,1.096,3,NULL,NULL,,0,0,0,7,255,0,250,0,0
baseline,15504,15504,0,210381.817,0.927,-0.192,-0.141,0.289,0,0,2861,0,3036,1075,2267,2923,51,0.983,34,0,125.805,3.516,12.180,-121.280,31.140,-0.143,0.031,1.282,1.408,-3.222,1.642,1.138,0.124,1.912,1.096,3,NULL,NULL,,0,0,0,7,255,0,250,0,0
baseline,15504,15504,0,210386.817,0.929,-0.191,-0.135,0.288,0,0,2847,0,3043,949,2287,2916,51,0.983,34,0,134.621,3.652,14.740,-129.320,34.380,-0.106,0.078,1.323,1.720,-3.222,1.850,1.154,0.130,1.912,1.096,3,NULL,NULL,,0,0,0,7,255,0,250,0,0
baseline,15519,15519,0,210391.817,0.930,-0.190,-0.129,0.286,0,0,2835,0,3047,839,2311,2911,51,0.983,34,0,147.469,3.868,12.480,-139.220,47.000,-0.104,0.130,1.355,2.208,-3.176,2.212,1.172,0.138,1.912,1.096,3,NULL,NULL,,0,0,0,7,255,0,250,0,0
baseline,15519,15519,0,210396.816,0.932,-0.189,-0.122,0.285,0,0,2807,0,3044,722,2325,2903,51,0.983,34,0,158.905,3.563,9.120,-148.180,56.660,-0.141,0.146,1.427,2.208,-2.796,2.636,1.188,0.146,1.912,1.096,3,NULL,NULL,,0,0,0,7,255,0,250,0,0
baseline,15551,15551,0,210401.817,0.934,-0.188,-0.115,0.283,0,0,2799,0,3050,637,2343,2887,51,0.983,34,0,167.518,3.419,8.320,-155.320,62.200,-0.233,0.139,1.446,2.172,-2.640,3.480,1.202,0.154,1.912,1.096,3,NULL,NULL,,0,0,0,7,255,0,250,0,0
baseline,15551,15551,0,210406.817,0.935,-0.186,-0.108,0.281,0,0,2767,0,3044,552,2357,2863,51,0.983,34,0,172.537,2.794,-2.360,-162.720,57.320,-0.248,0.109,1.525,1.240,-2.504,3.950,1.216,0.164,1.912,1.096,3,NULL,NULL,,0,0,0,7,255,0,250,0,0
baseline,15551,15551,0,210411.817,0.937,-0.184,-0.101,0.279,0,0,2741,0,3045,457,2379,2847,51,0.983,34,0,180.334,2.386,1.440,-172.480,52.620,-0.322,0.133,1.563,0.894,-2.212,4.696,1.226,0.178,1.912,1.096,3,NULL,NULL,,0,0,0,7,255,0,250,0,0
baseline,15551,15551,0,210416.816,0.939,-0.182,-0.093,0.278,0,0,2711,0,3044,359,2391,2822,51,0.983,34,0,197.590,2.145,-1.560,-191.760,47.620,-0.288,0.267,1.583,0.894,-1.950,5.314,1.236,0.192,1.912,1.096,3,NULL,NULL,,0,0,0,7,255,0,250,0,0
baseline,15567,15567,0,210421.817,0.940,-0.179,-0.086,0.277,0,0,2678,0,3039,329,2393,2779,51,0.983,34,0,165.863,1.418,-29.080,-160.080,32.240,-0.336,0.367,1.653,1.044,-0.960,5.678,1.242,0.210,1.912,1.096,3,NULL,NULL,,0,0,0,7,255,0,250,0,0
baseline,15567,15567,0,210426.816,0.941,-0.176,-0.080,0.276,0,0,2623,0,3029,264,2395,2733,51,0.983,34,0,148.651,1.441,-27.800,-143.180,28.700,-0.331,0.327,2.095,1.074,-0.960,6.648,1.246,0.228,1.912,1.096,3,NULL,NULL,,0,0,0,7,255,0,250,0,0
baseline,15567,15567,0,210431.817,0.943,-0.173,-0.070,0.276,0,0,2569,0,3017,217,2397,2685,51,0.983,34,0,236.687,1.132,-4.680,-234.680,30.400,-0.507,0.271,1.965,1.074,-0.358,9.776,1.248,0.252,1.912,1.096,3,NULL,NULL,,0,0,0,7,255,0,250,0,0
baseline,15567,15567,0,210436.817,0.944,-0.169,-0.060,0.276,0,0,2487,0,2995,174,2390,2614,51,0.983,34,0,247.507,0.959,-22.800,-245.660,19.780,-0.511,0.343,2.244,-0.890,-0.358,10.714,1.246,0.276,1.912,1.096,3,NULL,NULL,,0,0,0,7,255,0,250,0,0
baseline,15567,15567,0,210441.817,0.946,-0.165,-0.051,0.276,0,0,2381,0,2981,121,2385,2533,51,0.983,34,0,257.092,0.909,-47.760,-252.560,5.380,-0.528,0.587,2.375,-0.890,-0.184,12.524,1.242,0.306,1.912,1.096,3,NULL,NULL,,0,0,0,7,255,0,250,0,0
baseline,15567,15567,0,210446.816,0.947,-0.159,-0.040,0.277,0,0,2292,0,2921,58,2359,2429,51,0.983,34,0,270.293,1.925,-65.040,-261.900,-15.380,-0.512,0.722,2.430,-0.066,1.924,14.204,1.232,0.338,1.912,1.096,3,NULL,NULL,,0,0,0,7,255,0,250,0,0
baseline,15583,15583,0,210451.817,0.948,-0.153,-0.030,0.279,0,0,2136,0,2861,23,2343,2324,51,0.983,34,0,281.572,2.955,-69.440,-271.300,-29.280,-0.535,0.679,2.673,-0.066,2.954,14.900,1.216,0.380,1.912,1.096,3,NULL,NULL,,0,0,0,7,255,0,250,0,0
baseline,15583,15583,0,210456.817,0.948,-0.146,-0.020,0.281,0,0,1977,0,2775,0,2296,2165,51,0.983,34,0,291.138,3.242,-96.900,-272.700,-31.720,-0.671,0.757,2.935,-0.356,3.222,17.132,1.194,0.426,1.912,1.096,3,NULL,NULL,,0,0,0,7,255,0,250,0,0
baseline,15583,15583,0,210461.817,0.949,-0.136,-0.011,0.283,0,0,1853,0,2660,0,2235,1960,51,0.983,34,0,309.193,4.602,-159.520,-262.440,-35.760,-0.846,0.729,2.962,-1.454,4.366,19.828,1.158,0.486,1.912,1.096,3,NULL,NULL,,0,0,0,7,255,0,250,0,0
baseline,15583,15583,0,210466.816,0.950,-0.123,-0.004,0.286,0,0,1661,0,2515,0,2170,1752,51,0.983,34,0,351.473,6.644,-235.940,-253.040,-61.940,-0.952,0.748,2.661,-3.346,5.740,19.828,1.122,0.546,1.912,1.096,3,NULL,NULL,,0,0,0,7,255,0,250,0,0
baseline,15599,15599,0,210471.817,0.951,-0.109,0.003,0.291,0,0,1477,0,2354,0,2065,1581,51,0.983,34,0,392.506,8.798,-272.500,-260.980,-108.140,-0.933,0.703,2.376,-4.176,7.744,17.004,1.080,0.616,1.912,1.096,3,NULL,NULL,,0,0,0,7,255,0,250,0,0
baseline,15599,15599,0,210476.817,0.950,-0.095,0.012,0.297,0,0,1264,0,2160,0,1908,1372,51,0.983,34,0,401.721,8.815,-250.280,-282.040,-138.540,-0.822,0.480,2.192,-4.212,7.744,13.902,1.040,0.678,1.912,1.096,3,NULL,NULL,,0,0,0,7,255,0,250,0,0
baseline,15616,15616,0,210481.817,0.949,-0.083,0.022,0.302,0,0,1000,0,1957,0,1757,1213,51,0.983,34,0,394.224,8.315,-187.720,-323.840,-123.700,-0.725,0.057,2.359,-4.518,6.980,12.742,1.000,0.742,1.912,1.096,3,NULL,NULL,,0,0,0,7,255,0,250,0,0
baseline,15616,15616,0,210486.816,0.949,-0.071,0.035,0.307,0,0,751,0,1717,0,1519,1069,51,0.983,34,0,419.034,7.378,-179.660,-363.100,-107.100,-0.665,-0.139,2.460,-6.402,3.668,12.742,0.968,0.796,1.912,1.096,3,NULL,NULL,,0,0,0,7,255,0,250,0,0
baseline,15616,15616,0,210491.817,0.948,-0.056,0.049,0.311,0,0,547,0,1475,0,1249,949,51,0.983,34,0,478.685,6.886,-227.200,-409.360,-99.720,-0.496,-0.139,2.089,-6.402,2.536,12.742,0.940,0.850,1.912,1.096,3,NULL,NULL,,0,0,0,7,255,0,250,0,0
baseline,15616,15616,0,210496.817,0.946,-0.041,0.062,0.314,0,0,383,0,1175,0,921,774,51,0.983,34,0,475.680,6.611,-241.680,-400.200,-87.760,-0.272,-0.112,1.556,-6.162,2.394,9.716,0.920,0.892,1.912,1.096,3,NULL,NULL,,0,0,0,7,255,0,250,0,0
baseline,15649,15649,0,210501.817,0.945,-0.028,0.075,0.317,0,0,228,0,941,0,633,665,51,0.983,34,0,436.686,4.393,-172.880,-394.960,-69.380,-0.138,-0.175,0.984,-4.028,1.752,4.578,0.900,0.938,1.912,1.096,4,NULL,NULL,,0,0,0,7,255,0,250,0,0
baseline,15649,15649,0,210506.817,0.944,-0.019,0.092,0.317,0,0,121,0,691,0,188,555,51,0.983,34,0,446.596,3.021,-72.480,-438.400,-44.720,-0.021,-0.233,0.871,-2.990,0.434,-0.912,0.880,0.980,1.912,1.096,4,NULL,NULL,,0,0,0,7,255,0,250,0,0
baseline,15650,15650,0,210511.817,0.943,-0.012,0.111,0.315,0,0,69,0,432,0,0,393,51,0.983,34,0,471.136,2.567,6.140,-470.700,19.300,-0.032,-0.026,1.287,-2.530,0.434,-0.912,0.850,1.036,1.912,1.096,4,NULL,NULL,,0,0,0,7,255,0,250,0,0
baseline,15650,15650,0,210516.816,0.942,-0.006,0.130,0.309,0,0,0,0,183,0,0,249,51,0.983,34,0,485.888,3.170,23.400,-475.880,95.280,-0.324,0.163,1.682,-2.530,1.910,1.962,0.806,1.104,1.912,1.096,4,NULL,NULL,,0,0,0,7,255,0,250,0,0
baseline,15651,15651,0,210521.817,0.942,0.002,0.148,0.300,0,0,0,0,8,0,0,167,51,0.983,34,0,510.270,7.560,-30.120,-484.620,156.880,-0.683,0.345,1.740,-4.618,5.986,3.884,0.744,1.190,1.912,1.096,4,NULL,NULL,,0,0,0,7,255,0,250,0,0
baseline,15651,15651,0,210526.816,0.942,0.013,0.166,0.290,0,0,0,0,0,0,0,91,51,0.983,34,0,552.661,12.053,-72.980,-508.180,204.600,-1.035,0.303,1.463,-6.906,9.878,3.884,0.682,1.276,1.912,1.096,4,NULL,NULL,,0,0,0,7,255,0,250,0,0
baseline,15685,15685,0,210531.817,0.942,0.025,0.185,0.278,0,0,0,0,0,0,0,37,51,0.983,34,0,612.027,14.530,-94.940,-547.720,256.060,-1.216,0.223,1.186,-9.626,10.884,-0.384,0.614,1.368,1.912,1.096,4,NULL,NULL,,0,0,0,7,255,0,250,0,0
baseline,15685,15685,0,210536.817,0.941,0.039,0.204,0.265,0,0,0,0,0,0,0,0,51,0.983,34,0,638.871,14.724,-132.600,-566.040,264.900,-0.918,0.666,0.873,-9.626,11.142,-4.246,0.556,1.450,1.912,1.096,4,NULL,NULL,,0,0,0,7,255,0,250,0,0
baseline,15685,15685,0,210541.817,0.939,0.053,0.222,0.258,0,0,0,0,0,0,0,0,51,0.983,34,0,569.688,13.545,-189.240,-514.280,155.720,-0.256,1.205,0.544,-5.846,12.218,-6.822,0.508,1.526,1.912,1.096,4,NULL,NULL,,0,0,0,7,255,0,250,0,0
baseline,15685,15685,0,210546.816,0.935,0.066,0.237,0.257,0,0,0,0,0,0,0,0,51,0.983,34,0,469.655,12.564,-199.800,-424.920,9.960,0.146,0.925,0.389,2.930,12.218,-7.146,0.478,1.582,1.912,1.096,4,NULL,NULL,,0,0,0,7,255,0,250,0,0
baseline,15685,15685,0,210551.817,0.931,0.075,0.247,0.257,0,0,0,0,0,0,0,0,51,0.983,34,0,320.733,9.591,-170.680,-271.420,-8.300,0.584,0.377,0.192,4.912,8.238,-7.146,0.456,1.632,1.912,1.096,4,NULL,NULL,,0,0,0,7,255,0,250,0,0
baseline,15685,15685,0,210556.817,0.932,0.079,0.246,0.256,0,0,0,0,0,0,0,0,51,0.983,34,0,129.767,5.079,-88.600,-63.040,70.820,-0.072,0.028,0.019,4.912,1.292,-7.146,0.444,1.670,1.912,1.096,0,NULL,NULL,,0,0,0,7,255,0,250,0,0
baseline,15685,15685,0,210561.817,0.934,0.080,0.241,0.250,0,0,0,0,0,0,0,0,51,0.983,34,0,174.759,1.310,-32.080,25.940,169.820,-0.382,0.199,0.082,-0.218,1.292,-10.502,0.426,1.716,1.912,1.096,0,NULL,NULL,,0,0,0,7,255,0,250,0,0
baseline,15685,15685,0,210566.817,0.937,0.079,0.236,0.244,0,0,0,0,0,0,0,0,51,0.983,34,0,173.157,3.966,32.860,79.040,150.520,-0.913,0.400,0.749,-1.816,3.526,-10.502,0.404,1.766,1.912,1.096,0,NULL,NULL,,0,0,0,7,255,0,250,0,0
baseline,15712,15712,0,210571.817,0.940,0.078,0.229,0.241,0,0,0,0,0,0,0,0,51,0.983,34,0,164.007,12.064,-7.600,128.300,101.880,-1.151,0.478,1.101,-7.168,9.704,-8.984,0.374,1.830,1.912,1.096,0,NULL,NULL,,0,0,0,7,255,0,250,0,0
baseline,15712,15712,0,210576.816,0.942,0.077,0.219,0.241,0,0,0,0,0,0,0,0,51,0.983,34,0,219.545,12.687,-55.340,204.420,57.880,-0.916,0.500,0.747,-7.168,10.468,-8.796,0.344,1.886,1.912,1.096,0,NULL,NULL,,0,0,0,7,255,0,250,0,0
baseline,15712,15712,0,210581.817,0.944,0.076,0.207,0.243,0,0,0,0,0,0,0,0,51,0.983,34,0,226.563,12.601,-61.380,216.620,25.280,-1.021,0.498,0.618,-7.014,10.468,-8.796,0.310,1.952,1.912,1.096,0,NULL,NULL,,0,0,0,7,255,0,250,0,0
baseline,15712,15712,0,210586.816,0.946,0.077,0.198,0.245,0,0,0,0,0,0,0,0,51,0.983,34,0,214.446,12.399,-92.500,193.300,8.120,-0.618,0.414,0.585,-6.664,10.456,-8.796,0.282,2.012,1.912,1.096,0,NULL,NULL,,0,0,0,7,255,0,250,0,0
baseline,15712,15712,0,210591.817,0.948,0.078,0.187,0.247,0,0,0,0,0,0,0,0,51,0.983,34,0,240.052,9.021,-99.640,216.560,28.260,-0.470,0.313,0.346,-4.160,8.004,-9.614,0.256,2.072,1.912,1.096,0,NULL,NULL,,0,0,0,7,255,0,250,0,0
baseline,15712,15712,0,210596.817,0.950,0.078,0.175,0.248,0,0,0,0,0,0,0,0,51,0.983,34,0,238.682,6.405,-107.880,207.780,46.460,-0.423,0.219,0.066,-2.792,5.764,-9.614,0.240,2.122,1.912,1.096,0,NULL,NULL,,0,0,0,7,255,0,250,0,0
baseline,15750,15750,0,210601.817,0.951,0.080,0.164,0.248,0,0,0,0,0,0,0,0,51,0.983,34,0,224.296,4.432,-103.240,189.460,61.280,-0.408,0.122,-0.148,-2.168,3.866,-11.664,0.226,2.172,1.912,1.096,0,NULL,NULL,,0,0,0,7,255,0,250,0,0
baseline,15750,15750,0,210606.816,0.953,0.080,0.152,0.248,0,0,0,0,0,0,0,0,51,0.983,34,0,210.492,3.105,-79.560,181.840,70.080,-0.402,0.092,-0.335,-2.080,2.306,-13.292,0.216,2.214,1.912,1.096,0,NULL,NULL,,0,0,0,7,255,0,250,0,0
baseline,15751,15751,0,210611.817,0.955,0.080,0.142,0.246,0,0,0,0,0,0,0,0,51,0.983,34,0,193.854,2.348,-43.500,175.060,71.000,-0.392,0.070,-0.453,-1.856,1.438,-14.840,0.206,2.258,1.912,1.096,0,NULL,NULL,,0,0,0,7,255,0,250,0,0
baseline,15751,15751,0,210616.816,0.957,0.079,0.132,0.245,0,0,0,0,0,0,0,0,51,0.983,34,0,184.811,2.041,1.800,170.900,70.320,-0.388,0.034,-0.439,-1.856,0.850,-15.530,0.200,2.300,1.912,1.096,0,NULL,NULL,,0,0,0,7,255,0,250,0,0
baseline,15752,15752,0,210621.817,0.959,0.075,0.122,0.243,0,0,0,0,0,0,0,0,51,0.983,34,0,186.117,2.210,43.840,166.440,70.820,-0.397,0.000,-0.299,-2.040,0.850,-15.530,0.192,2.342,1.912,1.096,0,NULL,NULL,,0,0,0,7,255,0,250,0,0
baseline,15752,15752,0,210626.816,0.961,0.070,0.113,0.241,0,0,0,0,0,0,0,0,51,0.983,34,0,195.287,2.740,70.820,167.240,71.780,-0.426,0.013,-0.066,-2.604,0.854,-14.156,0.184,2.386,1.912,1.096,0,NULL,NULL,,0,0,0,7,255,0,250,0,0
baseline,15781,15781,0,210631.817,0.963,0.064,0.104,0.238,0,0,0,0,0,0,0,0,51,0.983,34,0,203.816,3.665,82.120,172.680,70.560,-0.469,0.060,0.130,-3.194,1.798,-12.050,0.178,2.434,1.912,1.096,0,NULL,NULL,,0,0,0,7,255,0,250,0,0
baseline,15781,15781,0,210636.816,0.965,0.058,0.096,0.237,0,0,0,0,0,0,0,0,51,0.983,34,0,211.208,4.662,86.580,180.680,66.840,-0.514,0.095,0.281,-3.628,2.928,-10.326,0.174,2.482,1.912,1.096,0,NULL,NULL,,0,0,0,7,255,0,250,0,0
baseline,15781,15781,0,210641.817,0.967,0.052,0.087,0.235,0,0,0,0,0,0,0,0,51,0.983,34,0,218.474,5.541,88.160,190.680,60.000,-0.559,0.110,0.386,-4.042,3.790,-8.984,0.172,2.536,1.912,1.096,0,NULL,NULL,,0,0,0,7,255,0,250,0,0
baseline,15781,15781,0,210646.816,0.968,0.046,0.078,0.234,0,0,0,0,0,0,0,0,51,0.983,34,0,225.008,6.226,87.560,201.240,49.640,-0.597,0.103,0.462,-4.474,4.330,-7.998,0.174,2.588,1.912,1.096,0,NULL,NULL,,0,0,0,7,255,0,250,0,0
baseline,15781,15781,0,210651.817,0.969,0.040,0.069,0.233,0,0,0,0,0,0,0,0,51,0.983,34,0,234.402,6.680,85.900,215.040,36.380,-0.617,0.086,0.522,-4.884,4.558,-7.196,0.182,2.644,1.912,1.096,0,NULL,NULL,,0,0,0,7,255,0,250,0,0
baseline,15781,15781,0,210656.817,0.970,0.033,0.059,0.234,0,0,0,0,0,0,0,0,51,0.983,34,0,245.476,6.873,85.180,229.200,21.680,-0.620,0.073,0.556,-5.144,4.558,-6.480,0.190,2.692,1.912,1.096,0,NULL,NULL,,0,0,0,7,255,0,250,0,0
baseline,15792,15792,0,210661.817,0.971,0.027,0.049,0.235,0,0,0,0,0,0,0,0,51,0.983,34,0,255.569,6.813,85.900,240.600,6.960,-0.597,0.061,0.585,-5.144,4.468,-5.984,0.204,2.748,1.912,1.096,0,NULL,NULL,,0,0,0,7,255,0,250,0,0
baseline,15792,15792,0,210666.816,0.971,0.020,0.039,0.236,0,0,0,0,0,0,0,0,51,0.983,34,0,266.520,6.552,88.840,251.220,-5.360,-0.542,0.022,0.593,-4.986,4.250,-5.490,0.218,2.796,1.912,1.096,0,NULL,NULL,,0,0,0,7,255,0,250,0,0
baseline,15814,15814,0,210671.817,0.971,0.013,0.028,0.238,0,0,0,0,0,0,0,0,51,0.983,34,0,279.028,5.836,94.700,262.160,-12.680,-0.504,0.017,0.635,-4.590,3.604,-5.140,0.234,2.850,1.912,1.096,0,NULL,NULL,,0,0,0,7,255,0,250,0,0
baseline,15814,15814,0,210676.817,0.971,0.006,0.017,0.240,0,0,0,0,0,0,0,0,51,0.983,34,0,289.598,5.442,97.680,271.800,-21.220,-0.475,0.051,0.666,-4.194,3.468,-4.546,0.252,2.898,1.912,1.096,0,NULL,NULL,,0,0,0,7,255,0,250,0,0
baseline,15814,15814,0,210681.818,0.970,-0.002,0.005,0.242,0,0,0,0,0,0,0,0,51,0.983,34,0,298.954,5.006,102.200,279.360,-29.780,-0.440,0.073,0.676,-3.668,3.406,-4.120,0.268,2.946,1.912,1.096,0,NULL,NULL,,0,0,0,7,255,0,250,0,0
baseline,15814,15814,0,210686.816,0.969,-0.010,-0.006,0.245,0,0,0,0,0,0,0,0,51,0.983,34,0,306.804,4.631,109.040,284.300,-37.580,-0.390,0.076,0.699,-3.138,3.406,-3.898,0.284,2.990,1.912,1.096,0,NULL,NULL,,0,0,0,7,255,0,250,0,0
baseline,15825,15825,0,210691.817,0.968,-0.018,-0.017,0.248,0,0,0,0,0,0,0,0,51,0.983,34,0,315.570,4.008,114.520,290.840,-43.380,-0.333,0.012,0.665,-2.548,3.094,-3.718,0.302,3.036,1.912,1.096,0,NULL,NULL,,0,0,0,7,255,0,250,0,0
baseline,15825,15825,0,210696.816,0.967,-0.027,-0.028,0.251,0,0,0,0,0,0,0,0,51,0.983,34,0,318.954,3.092,125.820,289.740,-44.180,-0.293,-0.020,0.641,-2.238,2.134,-3.718,0.316,3.074,1.912,1.096,0,NULL,NULL,,0,0,0,7,255,0,250,0,0
baseline,15856,15856,0,210701.817,0.966,-0.036,-0.039,0.254,0,0,0,0,0,0,0,0,51,0.983,34,0,329.129,2.466,142.060,293.400,-45.400,-0.241,-0.038,0.665,-1.936,1.528,-3.718,0.328,3.114,1.912,1.096,0,NULL,NULL,,0,0,0,7,255,0,250,0,0
baseline,15856,15856,0,210706.817,0.964,-0.046,-0.050,0.257,0,0,0,0,0,0,0,0,51,0.983,34,0,336.326,1.747,152.620,295.900,-47.600,-0.147,-0.079,0.668,-1.438,0.992,-3.582,0.336,3.146,1.912,1.096,0,NULL,NULL,,0,0,0,7,255,0,250,0,0
baseline,15856,15856,0,210711.817,0.962,-0.056,-0.060,0.259,0,0,0,0,0,0,0,0,51,0.983,34,0,339.804,0.719,169.700,291.200,-43.260,-0.059,-0.108,0.730,-0.718,0.044,-3.576,0.340,3.174,1.912,1.096,0,NULL,NULL,,0,0,0,7,255,0,250,0,0
baseline,15856,15856,0,210716.816,0.960,-0.067,-0.070,0.262,0,0,0,0,0,0,0,0,51,0.983,34,0,347.623,0.452,186.420,291.200,-35.940,0.033,0.024,0.950,0.060,-0.448,-3.056,0.340,3.196,1.912,1.096,0,NULL,NULL,,0,0,0,7,255,0,250,0,0
baseline,15856,15856,0,210721.817,0.958,-0.078,-0.080,0.264,0,0,0,0,0,0,0,0,51,0.983,34,0,350.598,1.926,192.720,291.020,-32.940,0.076,0.084,1.056,1.862,-0.494,-1.100,0.336,3.214,1.912,1.096,0,NULL,NULL,,0,0,0,7,255,0,250,0,0
baseline,15856,15856,0,210726.816,0.956,-0.089,-0.089,0.266,0,0,0,0,0,0,0,0,51,0.983,34,0,344.115,2.829,194.120,283.080,-24.460,0.163,0.031,1.205,2.786,-0.494,-0.182,0.328,3.226,1.912,1.096,0,NULL,NULL,,0,0,0,7,255,0,250,0,0
baseline,15872,15872,0,210731.817,0.953,-0.100,-0.098,0.267,0,0,0,0,0,0,0,0,51,0.983,34,0,340.228,4.020,191.980,280.700,-10.300,0.242,-0.066,1.362,3.594,-1.800,1.030,0.316,3.234,1.912,1.096,0,NULL,NULL,,0,0,0,7,255,0,250,0,0
baseline,15872,15872,0,210736.816,0.951,-0.111,-0.107,0.267,0,0,0,0,0,0,0,0,51,0.983,34,0,337.165,5.440,187.780,279.740,12.820,0.255,-0.132,1.455,4.150,-3.518,2.242,0.302,3.236,1.912,1.096,0,NULL,NULL,,0,0,0,7,255,0,250,0,0
baseline,15872,15872,0,210741.817,0.949,-0.121,-0.116,0.266,0,0,0,0,0,0,0,0,51,0.983,34,0,329.016,6.118,175.620,275.820,36.500,0.184,-0.083,1.576,4.234,-4.416,2.916,0.284,3.234,1.912,1.096,0,NULL,NULL,,0,0,0,7,255,0,250,0,0
baseline,15872,15872,0,210746.816,0.947,-0.131,-0.125,0.264,0,0,0,0,0,0,0,0,51,0.983,34,0,322.574,6.118,158.720,276.260,50.420,0.065,0.008,1.652,4.234,-4.416,4.100,0.266,3.230,1.912,1.096,0,NULL,NULL,,0,0,0,7,255,0,250,0,0
baseline,15888,15888,0,210751.817,0.945,-0.140,-0.135,0.262,0,0,0,0,0,0,0,0,51,0.983,34,0,318.590,5.460,140.520,281.020,52.740,-0.030,0.009,1.671,4.114,-3.590,5.050,0.246,3.226,1.912,1.096,0,NULL,NULL,,0,0,0,7,255,0,250,0,0
baseline,15888,15888,0,210756.816,0.943,-0.148,-0.145,0.261,0,0,0,0,0,0,0,0,51,0.983,34,0,312.649,5.090,122.580,283.280,49.760,-0.075,-0.094,1.593,3.608,-3.590,5.050,0.232,3.220,1.912,1.096,0,NULL,NULL,,0,0,0,7,255,0,250,0,0
baseline,15888,15888,0,210761.817,0.941,-0.156,-0.155,0.259,0,0,0,0,0,0,0,0,51,0.983,34,0,307.702,5.152,110.560,283.340,46.640,-0.070,-0.161,1.570,2.786,-4.334,4.562,0.216,3.214,1.912,1.096,0,NULL,NULL,,0,0,0,7,255,0,250,0,0
baseline,15888,15888,0,210766.817,0.938,-0.163,-0.166,0.257,0,0,0,0,0,0,0,0,51,0.983,34,0,311.584,5.803,109.460,288.040,46.220,-0.067,-0.168,1.451,2.678,-5.148,4.128,0.202,3.208,1.912,1.096,0,NULL,NULL,,0,0,0,7,255,0,250,0,0
baseline,15904,15904,0,210771.817,0.935,-0.171,-0.176,0.255,0,0,0,0,0,0,0,0,51,0.983,34,0,308.375,5.799,112.460,283.580,45.060,-0.086,-0.196,1.484,2.618,-5.174,3.066,0.186,3.198,1.912,1.096,0,NULL,NULL,,0,0,0,7,255,0,250,0,0
baseline,15904,15904,0,210776.817,0.933,-0.178,-0.186,0.253,0,0,0,0,0,0,0,0,51,0.983,34,0,312.716,6.259,117.940,286.500,42.420,-0.109,-0.257,1.479,2.598,-5.694,2.878,0.174,3.190,1.912,1.096,0,NULL,NULL,,0,0,0,7,255,0,250,0,0
baseline,15920,15920,0,210781.817,0.929,-0.186,-0.196,0.252,0,0,0,0,0,0,0,0,51,0.983,34,0,313.412,6.779,124.480,285.280,36.700,-0.128,-0.309,1.474,2.330,-6.366,2.866,0.166,3.178,1.912,1.096,0,NULL,NULL,,0,0,0,7,255,0,250,0,0
baseline,15920,15920,0,210786.816,0.926,-0.194,-0.206,0.250,0,0,0,0,0,0,0,0,51,0.983,34,0,318.603,7.326,135.820,286.740,29.000,-0.130,-0.331,1.487,2.238,-6.976,2.650,0.162,3.168,1.912,1.096,0,NULL,NULL,,0,0,0,7,255,0,250,0,0
baseline,15920,15920,0,210791.817,0.922,-0.203,-0.215,0.250,0,0,0,0,0,0,0,0,51,0.983,34,0,326.550,7.804,151.640,288.460,20.760,-0.114,-0.373,1.517,2.238,-7.476,2.556,0.168,3.152,1.912,1.096,0,NULL,NULL,,0,0,0,7,255,0,250,0,0
baseline,15920,15920,0,210796.817,0.918,-0.212,-0.225,0.250,0,0,0,0,0,0,0,0,51,0.983,34,0,334.759,8.635,166.600,290.220,8.980,-0.124,-0.341,1.656,2.444,-8.282,2.556,0.182,3.136,1.912,1.096,0,NULL,NULL,,0,0,0,7,255,0,250,0,0
baseline,15951,15951,0,210801.817,0.913,-0.221,-0.235,0.250,0,0,0,0,0,0,0,0,51,0.983,34,0,341.020,9.387,172.940,293.760,-9.580,-0.060,-0.373,1.727,3.174,-8.834,3.408,0.212,3.112,1.912,1.096,0,NULL,NULL,,0,0,0,7,255,0,250,0,0
baseline,15951,15951,0,210806.817,0.908,-0.231,-0.244,0.251,0,0,0,0,0,0,0,0,51,0.983,34,0,356.976,10.692,190.880,300.980,-20.200,0.066,-0.413,1.804,3.928,-9.944,3.408,0.252,3.084,1.912,1.096,0,NULL,NULL,,0,0,0,7,255,0,250,0,0
baseline,15951,15951,0,210811.817,0.902,-0.241,-0.254,0.253,0,0,0,0,0,0,0,0,51,0.983,34,0,371.232,12.489,210.100,304.440,-31.420,0.186,-0.366,1.955,5.104,-11.398,3.222,0.304,3.046,1.912,1.096,0,NULL,NULL,,0,0,0,7,255,0,250,0,0
baseline,15952,15952,0,210816.816,0.896,-0.252,-0.263,0.255,0,0,0,0,0,0,0,0,51,0.983,34,0,372.988,14.280,220.480,297.240,-46.440,0.378,-0.358,2.144,6.922,-12.490,3.164,0.366,3.002,1.912,1.096,0,NULL,NULL,,0,0,0,7,255,0,250,0,0
baseline,15952,15952,0,210821.817,0.889,-0.262,-0.272,0.258,0,0,0,0,0,0,0,0,51,0.983,34,0,374.113,17.042,216.640,300.240,-53.700,0.590,-0.343,2.288,9.174,-14.362,3.164,0.446,2.944,1.912,1.096,0,NULL,NULL,,0,0,0,7,255,0,250,0,0
baseline,15952,15952,0,210826.816,0.882,-0.272,-0.283,0.259,0,0,0,0,0,0,0,0,51,0.983,34,0,401.322,19.206,206.200,342.040,-39.360,0.668,-0.237,2.202,11.414,-15.446,2.520,0.536,2.878,1.912,1.096,0,NULL,NULL,,0,0,0,7,255,0,250,0,0
baseline,15952,15952,0,210831.817,0.875,-0.283,-0.293,0.261,0,0,0,0,0,0,0,0,51,0.983,34,0,415.239,20.250,225.060,345.960,-45.640,1.351,-0.156,2.447,12.332,-16.062,1.044,0.644,2.794,1.912,1.096,0,NULL,NULL,,0,0,0,7,255,0,250,0,0
baseline,15952,15952,0,210836.817,0.869,-0.294,-0.301,0.263,0,0,0,0,0,0,0,0,51,0.983,34,0,353.367,26.299,222.380,272.400,-34.840,1.454,-0.202,2.682,18.570,-18.622,-1.852,0.758,2.706,1.912,1.096,0,NULL,NULL,,0,0,0,7,255,0,250,0,0
baseline,15968,15968,0,210841.817,0.862,-0.302,-0.308,0.265,0,0,0,0,0,0,0,0,51,0.983,34,0,328.419,28.712,194.780,259.900,-48.700,1.416,-0.166,2.670,19.756,-20.834,-1.986,0.888,2.602,1.912,1.096,0,NULL,NULL,,0,0,0,7,255,0,250,0,0
baseline,15968,15968,0,210846.816,0.857,-0.310,-0.314,0.265,0,0,0,0,0,0,0,0,51,0.983,34,0,289.467,28.898,168.660,234.740,-15.560,1.844,-0.404,2.509,19.906,-20.948,-2.296,1.012,2.500,1.912,1.096,0,NULL,NULL,,0,0,0,7,255,0,250,0,0
baseline,15984,15984,0,210851.817,0.853,-0.318,-0.319,0.264,0,0,0,0,0,0,0,0,51,0.983,34,0,255.635,29.879,147.600,206.000,33.580,1.810,-0.300,2.433,20.456,-21.778,-7.534,1.156,2.384,1.912,1.096,0,NULL,NULL,,0,0,0,7,255,0,250,0,0
baseline,15984,15984,0,210856.816,0.849,-0.325,-0.323,0.261,0,0,0,0,0,0,0,0,51,0.983,34,0,236.908,29.879,132.600,185.180,65.200,1.609,-0.258,2.418,20.456,-21.778,-7.534,1.280,2.284,1.912,1.096,0,NULL,NULL,,0,0,0,7,255,0,250,0,0
baseline,15984,15984,0,210861.817,0.846,-0.331,-0.327,0.259,0,0,0,0,0,0,0,0,51,0.983,34,0,216.937,28.536,114.520,175.240,56.900,1.462,-0.227,2.354,19.410,-20.918,-7.080,1.422,2.168,1.912,1.096,0,NULL,NULL,,0,0,0,7,255,0,250,0,0
baseline,15984,15984,0,210866.817,0.843,-0.336,-0.331,0.257,0,0,0,0,0,0,0,0,51,0.983,34,0,190.653,27.321,91.280,163.460,36.020,1.548,-0.343,2.227,18.406,-20.190,-7.080,1.554,2.062,1.912,1.096,0,NULL,NULL,,0,0,0,7,255,0,250,0,0
baseline,15999,15999,0,210871.817,0.841,-0.340,-0.334,0.255,0,0,0,0,0,0,0,0,51,0.983,34,0,174.732,26.813,77.480,153.260,32.240,1.724,-0.460,2.028,17.750,-20.096,-8.866,1.696,1.946,1.912,1.096,0,NULL,NULL,,0,0,0,7,255,0,250,0,0
baseline,15999,15999,0,210876.816,0.840,-0.343,-0.336,0.253,0,0,0,0,0,0,0,0,51,0.983,34,0,168.993,26.549,73.520,146.800,40.040,1.820,-0.552,1.873,17.350,-20.096,-11.936,1.826,1.842,1.912,1.096,0,NULL,NULL,,0,0,0,7,255,0,250,0,0
baseline,16016,16016,0,210881.817,0.838,-0.346,-0.338,0.252,0,0,0,0,0,0,0,0,51,0.983,34,0,158.194,26.007,67.480,137.880,38.220,1.869,-0.677,1.692,16.774,-19.874,-14.070,1.960,1.734,1.912,1.096,0,NULL,NULL,,0,0,0,7,255,0,250,0,0
baseline,16016,16016,0,210886.816,0.837,-0.349,-0.340,0.250,0,0,0,0,0,0,0,0,51,0.983,34,0,144.349,25.027,63.800,123.960,37.420,1.909,-0.803,1.548,15.580,-19.586,-16.098,2.084,1.636,1.912,1.096,0,NULL,NULL,,0,0,0,7,255,0,250,0,0
baseline,16016,16016,0,210891.817,0.835,-0.352,-0.342,0.248,0,0,0,0,0,0,0,0,51,0.983,34,0,136.821,24.298,61.240,115.860,39.320,1.925,-0.894,1.405,14.474,-19.516,-17.820,2.212,1.534,1.912,1.096,0,NULL,NULL,,0,0,0,7,255,0,250,0,0
baseline,16016,16016,0,210896.817,0.834,-0.354,-0.343,0.246,0,0,0,0,0,0,0,0,51,0.983,34,0,127.845,23.387,61.060,104.680,40.720,1.916,-1.010,1.247,13.430,-19.146,-19.220,2.324,1.446,1.912,1.096,0,NULL,NULL,,0,0,0,7,255,0,250,0,0
baseline,16064,16064,0,210901.817,0.833,-0.357,-0.344,0.245,0,0,0,0,0,0,0,0,51,0.983,34,0,120.847,22.306,68.380,91.020,40.540,1.916,-1.086,1.106,11.998,-18.804,-20.586,2.442,1.354,1.912,1.096,0,NULL,NULL,,0,0,0,7,255,0,250,0,0
baseline,16064,16064,0,210906.816,0.832,-0.359,-0.344,0.244,0,0,0,0,0,0,0,0,51,0.983,34,0,121.020,21.335,83.040,80.140,36.440,1.971,-1.110,1.006,10.942,-18.316,-21.758,2.546,1.274,1.912,1.096,0,NULL,NULL,,0,0,0,7,255,0,250,0,0
baseline,16064,16064,0,210911.817,0.831,-0.363,-0.344,0.244,0,0,0,0,0,0,0,0,51,0.983,34,0,128.020,21.284,100.000,72.340,34.000,2.052,-1.183,1.023,10.842,-18.316,-22.898,2.656,1.188,1.912,1.096,0,NULL,NULL,,0,0,0,7,255,0,250,0,0
baseline,16064,16064,0,210916.816,0.830,-0.366,-0.343,0.244,0,0,0,0,0,0,0,0,51,0.983,34,0,136.107,21.407,114.220,61.400,41.340,2.071,-1.316,1.154,10.716,-18.532,-23.758,2.760,1.108,1.912,1.096,0,NULL,NULL,,0,0,0,7,255,0,250,0,0
baseline,16064,16064,0,210921.817,0.829,-0.370,-0.341,0.243,0,0,0,0,0,0,0,0,51,0.983,34,0,136.065,22.998,117.940,44.500,51.220,1.971,-1.304,1.308,10.794,-20.308,-23.758,2.866,1.026,1.912,1.096,0,NULL,NULL,,0,0,0,7,255,0,250,0,0
baseline,16064,16064,0,210926.816,0.829,-0.374,-0.339,0.243,0,0,0,0,0,0,0,0,51,0.983,34,0,120.712,23.186,107.940,27.900,46.280,1.825,-1.119,1.445,10.794,-20.520,-22.262,2.966,0.950,1.912,1.096,0,NULL,NULL,,0,0,0,7,255,0,250,0,0
baseline,16064,16064,0,210931.817,0.828,-0.378,-0.336,0.243,0,0,0,0,0,0,0,0,51,0.983,34,0,146.915,23.674,136.860,5.620,53.120,1.478,-1.367,2.102,10.794,-21.070,-19.800,3.084,0.854,1.912,1.096,0,NULL,NULL,,0,0,0,7,255,0,250,0,0
baseline,16064,16064,0,210936.816,0.824,-0.398,-0.322,0.243,0,0,0,0,0,0,0,0,51,0.983,34,0,569.012,28.639,513.700,-101.800,222.540,1.857,-0.406,4.674,11.520,-26.220,-14.776,3.216,0.740,1.912,1.096,0,NULL,NULL,,0,0,0,7,255,0,250,0,0
baseline,16081,16081,0,210941.817,0.824,-0.401,-0.314,0.248,0,0,0,41,0,0,0,0,51,0.983,34,0,217.117,45.497,152.300,-154.040,-14.700,1.366,-1.029,5.302,22.552,-39.514,-0.018,3.396,0.580,1.912,1.096,0,NULL,NULL,,0,0,0,7,255,0,250,0,0
baseline,16081,16081,0,210946.816,0.834,-0.384,-0.312,0.244,55,0,0,275,0,5,0,0,51,0.983,34,0,459.342,45.497,-427.960,-166.860,1.720,1.315,-0.164,3.270,22.552,-39.514,-0.018,3.572,0.426,1.912,1.096,0,NULL,NULL,,0,0,0,7,255,0,250,0,0
baseline,16081,16081,0,210951.817,0.851,-0.356,-0.308,0.232,281,0,0,541,0,99,0,0,51,0.983,34,0,716.021,33.533,-655.360,-249.940,143.940,0.995,1.274,1.269,20.556,-26.494,-1.342,3.730,0.300,1.912,1.096,0,NULL,NULL,,0,0,0,7,255,0,250,0,0
baseline,16081,16081,0,210956.817,0.867,-0.334,-0.300,0.215,571,0,0,801,0,192,0,0,51,0.983,34,0,760.255,19.412,-652.260,-271.180,281.080,0.715,1.866,0.191,19.374,-1.216,-4.128,3.828,0.242,1.912,1.096,0,NULL,NULL,,0,0,0,7,255,0,250,0,0
baseline,16096,16096,0,210961.817,0.876,-0.327,-0.292,0.198,869,0,0,1083,0,278,0,0,51,0.983,34,0,517.256,18.037,-309.980,-191.160,367.320,-0.064,0.566,-0.695,15.862,8.586,-6.610,3.900,0.226,1.912,1.096,0,NULL,NULL,,0,0,0,7,255,0,250,0,0
baseline,16096,16096,0,210966.816,0.880,-0.332,-0.286,0.183,1167,0,0,1275,0,375,0,0,51,0.983,34,0,437.726,8.594,27.180,-108.400,423.220,-0.847,-1.252,-1.225,-0.382,8.586,-12.336,3.932,0.232,1.912,1.096,0,NULL,NULL,,0,0,0,7,255,0,250,0,0
baseline,16096,16096,0,210971.817,0.883,-0.336,-0.278,0.175,1444,0,0,1480,0,505,0,0,51,0.983,34,0,315.831,12.697,38.000,-141.600,279.740,-1.414,-0.492,0.082,-12.650,-1.088,-12.336,3.944,0.246,1.912,1.096,0,NULL,NULL,,0,0,0,7,255,0,250,0,0
baseline,16096,16096,0,210976.817,0.883,-0.344,-0.270,0.172,1677,0,0,1677,0,597,0,12,51,0.983,34,0,254.789,12.697,170.000,-122.420,145.020,-0.947,2.696,1.123,-12.650,-1.088,-3.552,3.944,0.270,1.912,1.096,0,NULL,NULL,,0,0,0,7,255,0,250,0,0
baseline,16118,16118,0,210981.817,0.883,-0.345,-0.267,0.172,1881,0,0,1849,0,669,0,30,51,0.983,34,0,57.163,17.470,6.500,-56.760,1.900,-0.440,4.403,1.651,8.872,15.050,14.358,3.938,0.314,1.912,1.096,0,NULL,NULL,,0,0,0,7,255,0,250,0,0
baseline,16118,16118,0,210986.817,0.883,-0.351,-0.262,0.171,2207,0,0,2157,0,759,0,28,51,0.983,34,0,200.118,17.470,160.360,-82.700,86.560,-1.200,1.338,2.648,8.872,15.050,20.216,3.938,0.340,1.912,1.096,0,NULL,NULL,,0,0,0,7,255,0,250,0,0
baseline,16119,16119,0,210991.817,0.887,-0.347,-0.255,0.165,2403,0,0,2390,0,807,0,57,51,0.983,34,0,256.265,7.660,-113.500,-156.240,168.460,-2.252,-1.700,2.499,6.176,-4.532,20.216,3.950,0.336,1.912,1.096,0,NULL,NULL,,0,0,0,7,255,0,250,0,0
baseline,16119,16119,0,210996.816,0.896,-0.326,-0.253,0.163,2557,0,0,2583,0,891,0,135,51,0.983,34,0,514.492,23.136,-489.960,-154.840,-25.800,-1.722,-1.592,1.182,-15.930,-16.778,11.354,3.962,0.324,1.912,1.096,0,NULL,NULL,,0,0,0,7,255,0,250,0,0
baseline,16148,16148,0,211001.817,0.901,-0.309,-0.253,0.169,2681,0,0,2725,0,979,0,243,51,0.983,34,0,422.331,23.136,-353.680,-132.800,-188.780,-0.972,0.021,-0.213,-15.930,-16.778,0.668,3.972,0.320,1.912,1.096,0,NULL,NULL,,0,0,0,7,255,0,250,0,0
baseline,16148,16148,0,211006.817,0.902,-0.300,-0.253,0.182,2778,0,0,2841,0,1066,0,404,51,0.983,34,0,388.783,8.837,-144.020,-117.480,-341.480,-0.208,0.348,-0.102,-8.342,2.916,-6.562,3.992,0.314,1.912,1.096,0,NULL,NULL,,0,0,0,7,255,0,250,0,0
baseline,16149,16149,0,211011.817,0.901,-0.294,-0.251,0.197,2860,0,0,2929,0,1276,0,601,51,0.983,34,0,364.076,2.934,-0.760,-82.520,-354.600,1.008,-0.542,0.801,-0.324,2.916,-8.636,4.038,0.286,1.912,1.096,0,NULL,NULL,,0,0,0,7,255,0,250,0,0
baseline,16149,16149,0,211016.816,0.898,-0.293,-0.250,0.211,2937,0,0,3017,51,1369,0,810,51,0.983,34,0,325.643,13.740,97.620,-12.380,-310.420,2.263,-1.223,1.850,8.610,-10.708,-11.598,4.112,0.232,1.912,1.096,1,1158.000,1158.000,,0,0,0,7,255,0,250,0,0
baseline,16150,16150,0,211021.817,0.897,-0.291,-0.251,0.218,2985,0,27,3080,286,1461,0,1032,51,0.983,34,0,173.330,28.823,35.360,41.940,-164.420,2.197,-1.770,1.694,14.520,-24.898,-12.862,4.202,0.168,1.912,1.096,1,NULL,NULL,,0,0,0,7,255,0,250,0,0
baseline,16150,16150,0,211026.816,0.900,-0.291,-0.248,0.212,3027,0,111,3119,493,1565,0,1157,51,0.983,34,0,146.842,28.823,-14.800,-3.160,146.060,1.371,-0.497,1.192,14.520,-24.898,-12.862,4.276,0.126,1.912,1.096,1,NULL,NULL,,0,0,0,7,255,0,250,0,0
baseline,16181,16181,0,211031.817,0.903,-0.290,-0.244,0.204,3049,0,201,3153,615,1657,0,1261,51,0.983,34,0,204.496,18.586,-70.400,-59.080,182.680,-0.088,1.078,1.176,12.736,-13.536,-10.378,4.336,0.100,1.912,1.096,1,NULL,NULL,,0,0,0,7,255,0,250,0,0
baseline,16181,16181,0,211036.817,0.905,-0.287,-0.241,0.200,3079,0,277,3177,762,1723,0,1341,51,0.983,34,0,143.264,8.950,-82.980,-76.480,88.260,-1.071,0.799,1.285,8.634,2.358,2.678,4.376,0.084,1.912,1.096,1,NULL,NULL,,0,0,0,7,255,0,250,0,0
baseline,16181,16181,0,211041.817,0.906,-0.282,-0.242,0.201,3089,0,311,3191,867,1785,0,1384,52,0.983,35,0,102.929,2.367,-94.400,-19.340,-36.180,-1.097,0.153,1.431,-0.202,2.358,6.894,4.406,0.066,1.912,1.096,1,NULL,NULL,,0,0,0,7,255,0,250,0,0
baseline,16181,16181,0,211046.816,0.906,-0.277,-0.245,0.207,3099,0,491,3208,937,1817,0,1443,52,0.983,35,0,186.751,4.362,-73.220,32.480,-168.700,-0.533,-0.668,0.884,-2.784,-3.358,6.894,4.430,0.050,1.912,1.096,1,NULL,NULL,,0,0,0,7,255,0,250,0,0
baseline,16181,16181,0,211051.817,0.906,-0.271,-0.246,0.213,3107,29,621,3221,1003,1847,0,1496,52,0.983,35,0,158.056,8.887,-56.740,-0.420,-147.520,0.242,-1.031,0.579,-2.784,-8.440,-2.758,4.462,0.036,1.912,1.096,1,NULL,NULL,,0,0,0,7,255,0,250,0,0
baseline,16181,16181,0,211056.816,0.907,-0.267,-0.246,0.216,3116,73,747,3227,1079,1883,0,1565,52,0.983,35,0,65.141,9.676,-34.040,-5.360,-55.280,0.547,-0.688,0.549,-0.688,-9.652,-10.154,4.492,0.028,1.912,1.096,1,NULL,NULL,,0,0,0,7,255,0,250,0,0
baseline,16202,16202,0,211061.817,0.907,-0.267,-0.245,0.215,3123,109,827,3238,1147,1927,0,1619,52,0.983,35,0,26.592,10.166,7.660,-6.580,24.600,0.291,-0.175,0.658,3.192,-9.652,-10.154,4.528,0.024,1.912,1.096,1,NULL,NULL,,0,0,0,7,255,0,250,0,0
baseline,16202,16202,0,211066.817,0.907,-0.268,-0.243,0.214,3132,139,885,3245,1237,1949,0,1695,52,0.983,35,0,55.003,6.294,34.760,-2.380,42.560,-0.108,0.097,0.988,3.332,-5.340,-7.214,4.558,0.026,1.912,1.096,1,NULL,NULL,,0,0,0,7,255,0,250,0,0
baseline,16202,16202,0,211071.817,0.907,-0.269,-0.243,0.213,3141,141,926,3251,1273,1965,0,1734,52,0.983,35,0,32.322,5.593,22.800,0.680,22.900,-0.313,0.027,1.145,3.332,-4.492,-1.764,4.592,0.034,1.912,1.096,1,NULL,NULL,,0,0,0,7,255,0,250,0,0
baseline,16202,16202,0,211076.817,0.908,-0.268,-0.243,0.213,3151,165,967,3256,1300,1994,0,1765,52,0.983,35,0,5.655,4.892,-5.580,0.860,0.320,-0.237,-0.230,1.075,1.938,-4.492,-1.362,4.620,0.044,1.912,1.096,1,NULL,NULL,,0,0,0,7,255,0,250,0,0
baseline,16213,16213,0,211081.817,0.908,-0.267,-0.242,0.213,3155,169,991,3259,1331,2003,0,1791,52,0.983,35,0,12.956,6.509,-12.800,-0.420,1.960,-0.093,-0.323,0.866,1.082,-6.418,-1.362,4.646,0.052,1.912,1.096,1,NULL,NULL,,0,0,0,7,255,0,250,0,0
baseline,16213,16213,0,211086.816,0.908,-0.266,-0.242,0.213,3161,184,1015,3257,1357,2020,0,1823,52,0.983,35,0,16.740,6.509,7.960,-1.400,14.660,-0.066,-0.150,0.794,1.082,-6.418,-3.992,4.670,0.056,1.912,1.096,1,NULL,NULL,,0,0,0,7,255,0,250,0,0
baseline,16213,16213,0,211091.817,0.909,-0.268,-0.241,0.212,3167,200,1012,3259,1373,2037,0,1843,52,0.983,35,0,38.069,5.162,32.560,-0.480,19.720,-0.120,0.091,0.909,1.804,-4.836,-3.992,4.698,0.056,1.912,1.096,1,NULL,NULL,,0,0,0,7,255,0,250,0,0
baseline,16213,16213,0,211096.817,0.908,-0.269,-0.240,0.212,3171,205,1019,3261,1391,2041,0,1855,52,0.983,35,0,39.063,4.813,36.700,1.780,13.260,-0.137,0.117,1.068,2.894,-3.846,-2.308,4.724,0.056,1.912,1.096,2,NULL,NULL,,0,0,0,7,255,0,250,0,0
baseline,16262,16262,0,211101.817,0.908,-0.270,-0.239,0.212,3175,217,1005,3260,1401,2056,0,1875,52,0.983,35,0,26.326,4.955,23.580,3.060,11.300,-0.111,-0.019,1.111,3.124,-3.846,-1.114,4.752,0.056,1.912,1.096,2,NULL,NULL,,0,0,0,7,255,0,250,0,0
baseline,16262,16262,0,211106.817,0.909,-0.270,-0.239,0.211,3179,213,1007,3259,1407,2058,0,1881,52,0.983,35,0,20.134,6.089,14.680,2.760,13.500,-0.136,-0.129,0.980,3.124,-5.226,-1.114,4.776,0.056,1.912,1.096,2,NULL,NULL,,0,0,0,7,255,0,250,0,0
baseline,16262,16262,0,211111.817,0.909,-0.270,-0.238,0.211,3179,219,987,3259,1415,2068,0,1887,52,0.983,35,0,25.178,5.795,21.580,2.640,12.700,-0.148,0.048,0.934,2.504,-5.226,-2.098,4.800,0.054,1.912,1.096,2,NULL,NULL,,0,0,0,7,255,0,250,0,0
baseline,16262,16262,0,211116.816,0.909,-0.271,-0.238,0.211,3184,219,965,3259,1415,2077,0,1896,52,0.983,35,0,31.475,4.498,29.760,3.060,9.780,-0.129,0.193,0.990,2.504,-3.736,-2.098,4.824,0.050,1.912,1.096,2,NULL,NULL,,0,0,0,7,255,0,250,0,0
baseline,16262,16262,0,211121.817,0.908,-0.272,-0.237,0.211,3189,221,949,3259,1417,2086,0,1900,52,0.983,35,0,31.742,5.095,30.060,4.220,9.280,-0.115,0.122,1.045,3.464,-3.736,-1.324,4.848,0.046,1.912,1.096,2,NULL,NULL,,0,0,0,7,255,0,250,0,0
baseline,16262,16262,0,211126.816,0.908,-0.273,-0.236,0.211,3191,228,942,3259,1415,2095,0,1907,52,0.983,35,0,27.193,5.145,24.680,4.340,10.560,-0.123,0.049,1.062,3.464,-3.804,-1.234,4.874,0.042,1.912,1.096,2,NULL,NULL,,0,0,0,7,255,0,250,0,0
baseline,16272,16272,0,211131.817,0.908,-0.274,-0.236,0.210,3191,233,925,3257,1413,2103,0,1909,52,0.983,35,0,21.773,5.047,18.340,3.920,11.060,-0.143,0.094,1.046,3.106,-3.978,-1.180,4.900,0.038,1.912,1.096,2,NULL,NULL,,0,0,0,7,255,0,250,0,0
baseline,16272,16272,0,211136.817,0.908,-0.274,-0.235,0.210,3195,235,889,3257,1399,2107,0,1911,52,0.983,35,0,19.303,5.047,16.380,3.800,9.480,-0.150,0.154,1.017,3.106,-3.978,-1.124,4.924,0.036,1.912,1.096,2,NULL,NULL,,0,0,0,7,255,0,250,0,0
baseline,16272,16272,0,211141.817,0.908,-0.275,-0.235,0.210,3196,233,862,3256,1396,2109,0,1911,52,0.983,35,0,20.329,4.634,18.220,3.920,8.120,-0.140,0.156,1.014,3.204,-3.348,-1.124,4.950,0.032,1.912,1.096,2,NULL,NULL,,0,0,0,7,255,0,250,0,0
baseline,16272,16272,0,211146.816,0.909,-0.275,-0.234,0.210,3193,234,838,3255,1386,2119,0,1913,52,0.983,35,0,21.444,4.679,19.000,3.720,9.220,-0.117,0.134,1.039,3.268,-3.348,-1.182,4.974,0.030,1.912,1.096,2,NULL,NULL,,0,0,0,7,255,0,250,0,0
baseline,16288,16288,0,211151.817,0.909,-0.276,-0.234,0.209,3195,231,810,3253,1378,2121,0,1913,52,0.983,35,0,21.111,5.046,16.080,3.360,13.260,-0.109,0.140,1.056,3.420,-3.710,-1.182,5.002,0.028,1.912,1.096,2,NULL,NULL,,0,0,0,7,255,0,250,0,0
baseline,16288,16288,0,211156.816,0.909,-0.276,-0.233,0.209,3195,229,755,3253,1368,2125,0,1914,52,0.983,35,0,21.728,5.091,12.480,2.700,17.580,-0.123,0.154,1.052,3.486,-3.710,-1.070,5.024,0.028,1.912,1.096,2,NULL,NULL,,0,0,0,7,255,0,250,0,0
baseline,16288,16288,0,211161.817,0.909,-0.276,-0.233,0.208,3189,231,732,3245,1359,2131,0,1919,52,0.983,35,0,22.330,5.017,10.640,2.440,19.480,-0.138,0.160,1.043,3.486,-3.608,-0.982,5.050,0.028,1.912,1.096,2,NULL,NULL,,0,0,0,7,255,0,250,0,0
baseline,16288,16288,0,211166.817,0.909,-0.277,-0.232,0.207,3192,235,697,3245,1355,2130,0,1918,52,0.983,35,0,23.528,4.864,9.920,1.780,21.260,-0.145,0.148,1.035,3.354,-3.522,-0.982,5.072,0.026,1.912,1.096,2,NULL,NULL,,0,0,0,7,255,0,250,0,0
baseline,16304,16304,0,211171.817,0.910,-0.277,-0.231,0.206,3179,223,666,3245,1341,2135,0,1925,52,0.983,35,0,25.036,4.757,9.180,1.220,23.260,-0.147,0.148,1.041,3.198,-3.522,-0.958,5.098,0.026,1.912,1.096,2,NULL,NULL,,0,0,0,7,255,0,250,0,0
baseline,16304,16304,0,211176.816,0.910,-0.277,-0.231,0.205,3179,219,633,3237,1332,2133,0,1928,52,0.983,35,0,25.758,4.752,7.960,0.920,24.480,-0.154,0.156,1.042,3.190,-3.522,-0.958,5.118,0.024,1.912,1.096,2,NULL,NULL,,0,0,0,7,255,0,250,0,0
baseline,16304,16304,0,211181.817,0.910,-0.277,-0.230,0.204,3175,217,605,3231,1325,2133,0,1932,52,0.983,35,0,25.687,4.696,6.680,0.380,24.800,-0.167,0.143,1.017,3.160,-3.474,-0.958,5.144,0.022,1.912,1.096,2,NULL,NULL,,0,0,0,7,255,0,250,0,0
baseline,16304,16304,0,211186.817,0.910,-0.278,-0.230,0.203,3175,223,586,3229,1309,2133,0,1932,52,0.983,35,0,24.098,4.491,8.520,-0.240,22.540,-0.172,0.133,0.992,2.908,-3.422,-1.050,5.164,0.022,1.912,1.096,2,NULL,NULL,,0,0,0,7,255,0,250,0,0
baseline,16319,16319,0,211191.817,0.911,-0.278,-0.229,0.203,3161,225,569,3221,1303,2136,0,1941,52,0.983,35,0,23.701,4.407,11.320,-0.360,20.820,-0.160,0.129,0.990,2.784,-3.416,-1.246,5.188,0.020,1.912,1.096,2,NULL,NULL,,0,0,0,7,255,0,250,0,0
baseline,16319,16319,0,211196.817,0.911,-0.278,-0.228,0.202,3161,223,563,3215,1301,2137,0,1944,52,0.983,35,0,24.684,4.407,12.540,-0.240,21.260,-0.150,0.117,0.996,2.784,-3.416,-1.334,5.210,0.020,1.912,1.096,2,NULL,NULL,,0,0,0,7,255,0,250,0,0
baseline,16352,16352,0,211201.817,0.911,-0.279,-0.228,0.201,3143,219,553,3211,1301,2139,0,1951,52,0.983,35,0,25.071,4.530,11.680,-1.040,22.160,-0.164,0.112,1.004,2.784,-3.574,-1.334,5.234,0.020,1.912,1.096,2,NULL,NULL,,0,0,0,7,255,0,250,0,0
baseline,16352,16352,0,211206.816,0.911,-0.279,-0.227,0.200,3127,219,548,3212,1309,2145,0,1960,52,0.983,35,0,22.696,4.476,10.160,-0.780,20.280,-0.181,0.116,1.004,2.694,-3.574,-1.252,5.256,0.018,1.912,1.096,2,NULL,NULL,,0,0,0,7,255,0,250,0,0
baseline,16352,16352,0,211211.817,0.912,-0.279,-0.226,0.200,3123,223,541,3199,1311,2147,0,1971,52,0.983,35,0,18.772,4.378,8.880,-1.400,16.480,-0.189,0.121,0.997,2.560,-3.552,-1.154,5.280,0.016,1.912,1.096,2,NULL,NULL,,0,0,0,7,255,0,250,0,0
baseline,16352,16352,0,211216.816,0.912,-0.279,-0.226,0.199,3116,229,549,3191,1321,2153,0,1987,52,0.983,35,0,15.721,4.249,8.580,-2.000,13.020,-0.199,0.117,0.990,2.474,-3.454,-1.154,5.302,0.012,1.912,1.096,2,NULL,NULL,,0,0,0,7,255,0,250,0,0
baseline,16352,16352,0,211221.817,0.912,-0.279,-0.225,0.199,3109,231,540,3189,1326,2169,0,2007,52,0.983,35,0,11.107,4.168,8.320,-2.860,6.780,-0.208,0.133,1.002,2.374,-3.426,-1.150,5.324,0.010,1.912,1.096,2,NULL,NULL,,0,0,0,7,255,0,250,0,0
baseline,16352,16352,0,211226.816,0.912,-0.279,-0.225,0.199,3091,233,550,3177,1351,2174,0,2023,52,0.983,35,0,7.447,4.168,6.980,-2.560,-0.420,-0.182,0.128,1.004,2.374,-3.426,-1.092,5.346,0.006,1.912,1.096,2,NULL,NULL,,0,0,0,7,255,0,250,0,0
baseline,16368,16368,0,211231.817,0.912,-0.279,-0.224,0.200,3080,229,557,3163,1367,2175,0,2036,52,0.983,35,0,6.427,4.297,4.840,-2.740,-3.220,-0.141,0.095,0.999,2.564,-3.448,-1.092,5.370,0.002,1.912,1.096,2,NULL,NULL,,0,0,0,7,255,0,250,0,0
baseline,16368,16368,0,211236.816,0.912,-0.279,-0.224,0.200,3059,231,563,3155,1381,2186,0,2063,52,0.983,35,0,4.564,4.597,3.020,-2.860,-1.880,-0.129,0.063,0.981,2.608,-3.786,-1.440,5.390,0.000,1.912,1.096,2,NULL,NULL,,0,0,0,7,255,0,250,0,0
baseline,16368,16368,0,211241.817,0.913,-0.278,-0.223,0.200,3047,231,563,3149,1395,2194,0,2073,52,0.983,35,0,4.530,4.727,3.200,-3.040,-1.020,-0.145,0.053,0.968,2.608,-3.942,-1.734,0.000,0.000,1.912,1.096,2,NULL,NULL,,0,0,0,7,255,0,250,0,0
baseline,16368,16368,0,211246.816,0.913,-0.278,-0.223,0.200,3031,229,573,3131,1405,2203,0,2089,52,0.983,35,0,6.332,4.609,4.600,-3.280,-2.860,-0.152,0.061,0.965,2.388,-3.942,-1.748,0.000,0.000,1.912,1.096,2,NULL,NULL,,0,0,0,7,255,0,250,0,0
baseline,16384,16384,0,211251.817,0.913,-0.278,-0.222,0.200,3022,229,585,3127,1429,2201,0,2103,52,0.983,35,0,8.563,4.522,5.880,-3.540,-5.120,-0.137,0.075,0.972,2.388,-3.840,-1.748,0.000,0.000,1.912,1.096,2,NULL,NULL,,0,0,0,7,255,0,250,0,0
baseline,16384,16384,0,211256.817,0.913,-0.278,-0.222,0.201,3007,234,617,3127,1444,2215,0,2123,52,0.983,35,0,8.604,4.592,6.060,-3.420,-5.060,-0.119,0.083,0.984,2.540,-3.826,-1.714,0.000,0.000,1.912,1.096,2,NULL,NULL,,0,0,0,7,255,0,250,0,0
baseline,16400,16400,0,211261.817,0.913,-0.277,-0.221,0.201,2999,233,629,3110,1460,2219,0,2136,52,0.983,35,0,6.708,4.716,4.360,-3.420,-3.780,-0.117,0.092,1.000,2.758,-3.826,-1.672,0.000,0.000,1.912,1.096,2,NULL,NULL,,0,0,0,7,255,0,250,0,0
baseline,16400,16400,0,211266.816,0.913,-0.277,-0.220,0.201,2987,247,663,3101,1493,2227,0,2153,52,0.983,35,0,5.020,4.716,2.660,-3.040,-2.980,-0.134,0.080,0.986,2.758,-3.826,-1.584,0.000,0.000,1.912,1.096,2,NULL,NULL,,0,0,0,7,255,0,250,0,0
baseline,16400,16400,0,211271.817,0.914,-0.277,-0.220,0.201,2975,261,680,3095,1501,2233,0,2163,52,0.983,35,0,5.474,4.621,2.720,-3.600,-3.100,-0.144,0.080,0.972,2.606,-3.816,-1.584,0.000,0.000,1.912,1.096,2,NULL,NULL,,0,0,0,7,255,0,250,0,0
baseline,16400,16400,0,211276.817,0.914,-0.276,-0.219,0.202,2971,263,695,3087,1523,2249,0,2184,52,0.983,35,0,6.730,4.501,4.240,-3.480,-3.900,-0.151,0.105,0.981,2.548,-3.710,-1.584,0.000,0.000,1.912,1.096,2,NULL,NULL,,0,0,0,7,255,0,250,0,0
baseline,16416,16416,0,211281.817,0.914,-0.276,-0.219,0.202,2953,267,743,3081,1557,2255,0,2195,52,0.983,35,0,8.256,4.350,4.420,-3.900,-5.780,-0.149,0.117,1.000,2.548,-3.526,-1.452,0.000,0.000,1.912,1.096,2,NULL,NULL,,0,0,0,7,255,0,250,0,0
baseline,16416,16416,0,211286.817,0.914,-0.276,-0.218,0.202,2942,263,766,3068,1588,2264,0,2211,52,0.983,35,0,8.749,4.419,3.020,-3.720,-7.320,-0.136,0.122,1.008,2.664,-3.526,-1.264,0.000,0.000,1.912,1.096,2,NULL,NULL,,0,0,0,7,255,0,250,0,0
baseline,16417,16417,0,211291.817,0.914,-0.275,-0.218,0.203,2931,267,818,3052,1608,2268,0,2227,52,0.983,35,0,8.455,4.524,0.940,-3.540,-7.620,-0.128,0.120,1.007,2.810,-3.546,-1.264,0.000,0.000,1.912,1.096,2,NULL,NULL,,0,0,0,7,255,0,250,0,0
baseline,16417,16417,0,211296.816,0.914,-0.275,-0.217,0.203,2916,267,841,3050,1639,2282,0,2239,52,0.983,35,0,8.992,4.542,-0.820,-3.360,-8.300,-0.127,0.103,1.000,2.810,-3.568,-1.286,0.000,0.000,1.912,1.096,2,NULL,NULL,,0,0,0,7,255,0,250,0,0
baseline,16449,16449,0,211301.817,0.914,-0.274,-0.217,0.203,2904,269,871,3046,1671,2292,0,2252,52,0.983,35,0,9.557,4.585,-1.560,-3.280,-8.840,-0.123,0.076,0.985,2.754,-3.666,-1.400,0.000,0.000,1.912,1.096,2,NULL,NULL,,0,0,0,7,255,0,250,0,0
baseline,16449,16449,0,211306.817,0.915,-0.274,-0.217,0.204,2889,283,919,3033,1702,2297,0,2271,52,0.983,35,0,9.599,4.626,-1.080,-3.100,-9.020,-0.118,0.057,0.975,2.620,-3.812,-1.622,0.000,0.000,1.912,1.096,2,NULL,NULL,,0,0,0,7,255,0,250,0,0
baseline,16449,16449,0,211311.817,0.915,-0.273,-0.216,0.204,2871,293,952,3031,1741,2313,8,2286,52,0.983,35,0,9.075,4.671,0.280,-3.220,-8.480,-0.112,0.060,0.973,2.582,-3.892,-1.782,0.000,0.000,1.912,1.096,2,NULL,NULL,,0,0,0,7,255,0,250,0,0
baseline,16449,16449,0,211316.816,0.915,-0.273,-0.216,0.205,2857,301,987,3017,1769,2323,16,2309,52,0.983,35,0,7.868,4.667,1.440,-3.160,-7.060,-0.122,0.071,0.981,2.576,-3.892,-1.782,0.000,0.000,1.912,1.096,2,NULL,NULL,,0,0,0,7,255,0,250,0,0
baseline,16450,16450,0,211321.817,0.915,-0.272,-0.215,0.205,2857,307,1020,3003,1791,2333,30,2323,52,0.983,35,0,7.675,4.594,1.980,-3.420,-6.580,-0.141,0.096,1.001,2.582,-3.800,-1.652,0.000,0.000,1.912,1.096,2,NULL,NULL,,0,0,0,7,255,0,250,0,0
baseline,16450,16450,0,211326.817,0.915,-0.272,-0.215,0.205,2827,314,1080,2999,1819,2336,37,2343,52,0.935,35,0,9.222,4.462,0.640,-3.420,-8.540,-0.146,0.109,1.014,2.586,-3.636,-1.318,0.000,0.000,1.909,1.038,3,NULL,NULL,,0,0,0,7,255,0,250,0,0
baseline,16463,16463,0,211331.817,0.915,-0.271,-0.214,0.206,2821,328,1113,2991,1843,2353,43,2347,52,0.935,35,0,11.472,4.475,-1.560,-3.540,-10.800,-0.135,0.102,1.008,2.634,-3.618,-1.254,0.024,0.002,1.909,1.038,3,NULL,NULL,,0,0,0,7,255,0,250,0,0
baseline,16463,16463,0,211336.816,0.916,-0.271,-0.214,0.206,2797,332,1143,2979,1869,2359,46,2361,52,0.935,35,0,11.712,4.478,-2.660,-3.840,-10.740,-0.126,0.087,0.998,2.638,-3.618,-1.254,0.048,0.002,1.909,1.038,3,NULL,NULL,,0,0,0,7,255,0,250,0,0
baseline,16463,16463,0,211341.817,0.916,-0.270,-0.213,0.207,2776,343,1173,2963,1895,2367,77,2390,52,0.935,35,0,11.098,4.536,-3.140,-3.960,-9.880,-0.131,0.085,0.997,2.638,-3.690,-1.406,0.072,0.002,1.909,1.038,3,NULL,NULL,,0,0,0,7,255,0,250,0,0
baseline,16463,16463,0,211346.816,0.916,-0.270,-0.213,0.207,2751,359,1211,2943,1915,2377,115,2413,52,0.935,35,0,11.298,4.510,-3.200,-4.580,-9.820,-0.135,0.077,0.991,2.578,-3.700,-1.420,0.096,0.000,1.909,1.038,3,NULL,NULL,,0,0,0,7,255,0,250,0,0
baseline,16480,16480,0,211351.817,0.916,-0.269,-0.212,0.208,2731,368,1251,2932,1955,2389,148,2427,52,0.935,35,0,11.680,4.460,-2.900,-5.060,-10.120,-0.129,0.069,0.993,2.490,-3.700,-1.448,0.120,0.002,1.909,1.038,3,NULL,NULL,,0,0,0,7,255,0,250,0,0
baseline,16480,16480,0,211356.816,0.916,-0.268,-0.212,0.208,2707,390,1278,2915,1992,2359,167,2445,52,0.935,35,0,12.261,4.525,-2.360,-5.180,-10.860,-0.125,0.072,0.999,2.490,-3.778,-1.448,0.142,0.004,1.909,1.038,3,NULL,NULL,,0,0,0,7,255,0,250,0,0
baseline,16496,16496,0,211361.817,0.917,-0.268,-0.212,0.209,2681,404,1321,2901,2017,2409,226,2456,52,0.935,35,0,12.814,4.559,-2.480,-5.300,-11.400,-0.122,0.077,0.995,2.552,-3.778,-1.464,0.166,0.004,1.909,1.038,3,NULL,NULL,,0,0,0,7,255,0,250,0,0
baseline,16496,16496,0,211366.817,0.917,-0.267,-0.211,0.209,2651,413,1373,2885,2055,2419,283,2471,52,0.935,35,0,12.691,4.557,-2.480,-5.860,-10.980,-0.118,0.074,0.998,2.584,-3.754,-1.456,0.186,0.006,1.909,1.038,3,NULL,NULL,,0,0,0,7,255,0,250,0,0
baseline,16496,16496,0,211371.817,0.917,-0.266,-0.210,0.210,2613,427,1431,2861,2083,2427,331,2488,52,0.935,35,0,11.904,4.570,-2.840,-6.100,-9.820,-0.112,0.073,1.008,2.606,-3.754,-1.456,0.210,0.006,1.909,1.038,3,NULL,NULL,,0,0,0,7,255,0,250,0,0
baseline,16496,16496,0,211376.817,0.917,-0.266,-0.210,0.210,2582,446,1487,2847,2104,2438,341,2511,52,0.935,35,0,11.018,4.606,-3.940,-6.640,-7.860,-0.114,0.082,1.005,2.668,-3.754,-1.402,0.234,0.008,1.909,1.038,3,NULL,NULL,,0,0,0,7,255,0,250,0,0
baseline,16515,16515,0,211381.817,0.917,-0.265,-0.209,0.210,2541,455,1525,2823,2137,2443,367,2525,52,0.935,35,0,11.293,4.566,-4.300,-7.140,-7.620,-0.130,0.084,0.992,2.668,-3.706,-1.390,0.258,0.008,1.909,1.038,3,NULL,NULL,,0,0,0,7,255,0,250,0,0
baseline,16515,16515,0,211386.816,0.918,-0.265,-0.209,0.211,2507,469,1577,2794,2165,2453,377,2540,52,0.935,35,0,12.514,4.408,-3.260,-7.440,-9.520,-0.129,0.078,0.996,2.504,-3.628,-1.380,0.280,0.010,1.909,1.038,3,NULL,NULL,,0,0,0,7,255,0,250,0,0
baseline,16515,16515,0,211391.817,0.918,-0.264,-0.208,0.211,2461,478,1619,2773,2189,2461,405,2557,52,0.935,35,0,12.935,4.398,-2.720,-7.740,-10.000,-0.122,0.060,0.997,2.486,-3.628,-1.390,0.304,0.010,1.909,1.038,3,NULL,NULL,,0,0,0,7,255,0,250,0,0
baseline,16515,16515,0,211396.817,0.918,-0.263,-0.207,0.212,2411,486,1677,2739,2219,2461,437,2579,52,0.935,35,0,12.360,4.531,-3.200,-9.140,-7.680,-0.118,0.064,1.010,2.486,-3.788,-1.380,0.326,0.010,1.909,1.038,3,NULL,NULL,,0,0,0,7,255,0,250,0,0
baseline,16551,16551,0,211401.817,0.918,-0.263,-0.207,0.212,2367,489,1716,2697,2249,2475,468,2599,52,0.935,35,0,12.687,4.560,-3.260,-9.460,-7.800,-0.130,0.086,1.012,2.538,-3.788,-1.338,0.350,0.010,1.909,1.038,3,NULL,NULL,,0,0,0,7,255,0,250,0,0
baseline,16551,16551,0,211406.817,0.919,-0.262,-0.206,0.212,2302,486,1751,2655,2271,2485,501,2616,52,0.935,35,0,14.130,4.405,-4.240,-10.620,-8.300,-0.133,0.085,1.018,2.538,-3.600,-1.190,0.374,0.012,1.909,1.038,3,NULL,NULL,,0,0,0,7,255,0,250,0,0
baseline,16552,16552,0,211411.817,0.919,-0.261,-0.205,0.213,2205,487,1782,2614,2301,2488,552,2635,52,0.935,35,0,15.543,4.392,-5.720,-11.340,-8.960,-0.131,0.075,1.024,2.516,-3.600,-1.122,0.396,0.012,1.909,1.038,3,NULL,NULL,,0,0,0,7,255,0,250,0,0
baseline,16552,16552,0,211416.816,0.919,-0.260,-0.205,0.213,2174,486,1827,2553,2333,2491,617,2653,52,0.935,35,0,17.632,4.466,-9.000,-11.960,-9.320,-0.132,0.075,1.030,2.492,-3.706,-1.102,0.420,0.014,1.909,1.038,3,NULL,NULL,,0,0,0,7,255,0,250,0,0
baseline,16552,16552,0,211421.817,0.920,-0.259,-0.204,0.214,2121,485,1873,2510,2367,2500,671,2670,52,0.935,35,0,19.789,4.465,-11.500,-13.300,-9.080,-0.132,0.076,1.029,2.490,-3.706,-1.038,0.444,0.016,1.909,1.038,3,NULL,NULL,,0,0,0,7,255,0,250,0,0
baseline,16552,16552,0,211426.816,0.920,-0.258,-0.203,0.214,2015,495,1913,2449,2405,2505,727,2685,52,0.935,35,0,20.893,4.441,-13.040,-13.360,-9.380,-0.130,0.078,1.034,2.492,-3.676,-1.034,0.464,0.018,1.909,1.038,3,NULL,NULL,,0,0,0,7,255,0,250,0,0
baseline,16579,16579,0,211431.817,0.920,-0.257,-0.203,0.214,1933,491,1957,2387,2437,2514,767,2706,52,0.935,35,0,22.237,4.427,-14.200,-14.760,-8.660,-0.140,0.075,1.022,2.482,-3.666,-1.034,0.488,0.018,1.909,1.038,3,NULL,NULL,,0,0,0,7,255,0,250,0,0
baseline,16579,16579,0,211436.817,0.921,-0.256,-0.202,0.215,1845,511,2001,2313,2472,2515,826,2732,52,0.935,35,0,22.263,4.301,-13.400,-14.700,-10.000,-0.149,0.067,1.020,2.380,-3.582,-1.022,0.510,0.020,1.909,1.038,3,NULL,NULL,,0,0,0,7,255,0,250,0,0
baseline,16580,16580,0,211441.817,0.921,-0.255,-0.201,0.215,1753,489,2053,2237,2503,2519,859,2741,52,0.935,35,0,24.703,4.230,-14.620,-15.920,-11.960,-0.155,0.056,1.059,2.250,-3.582,-1.022,0.536,0.020,1.909,1.038,3,NULL,NULL,,0,0,0,7,255,0,250,0,0
baseline,16580,16580,0,211446.816,0.921,-0.253,-0.200,0.216,1651,485,2102,2167,2533,2519,913,2763,52,0.935,35,0,29.216,4.416,-19.080,-16.900,-14.280,-0.142,0.062,1.078,2.250,-3.800,-0.698,0.556,0.022,1.909,1.038,3,NULL,NULL,,0,0,0,7,255,0,250,0,0
baseline,16581,16581,0,211451.817,0.922,-0.252,-0.200,0.216,1549,477,2150,2087,2570,2517,940,2788,52,0.935,35,0,33.612,4.511,-24.760,-17.940,-13.960,-0.143,0.082,1.064,2.430,-3.800,-0.602,0.580,0.024,1.909,1.038,3,NULL,NULL,,0,0,0,7,255,0,250,0,0
baseline,16581,16581,0,211456.816,0.922,-0.250,-0.199,0.217,1383,470,2197,1947,2599,2519,1003,2807,52,0.935,35,0,37.474,4.357,-27.260,-17.880,-18.480,-0.146,0.104,1.057,2.468,-3.590,-0.574,0.600,0.026,1.909,1.038,3,NULL,NULL,,0,0,0,7,255,0,250,0,0
baseline,16591,16591,0,211461.817,0.923,-0.248,-0.198,0.218,1273,463,2251,1801,2645,2516,1064,2815,52,0.935,35,0,42.999,4.327,-31.040,-17.940,-23.740,-0.149,0.082,1.079,2.468,-3.554,-0.574,0.626,0.028,1.909,1.038,3,NULL,NULL,,0,0,0,7,255,0,250,0,0
baseline,16591,16591,0,211466.817,0.923,-0.246,-0.198,0.219,1116,409,2309,1655,2648,2513,1133,2831,52,0.935,35,0,47.602,4.356,-35.320,-19.580,-25.200,-0.115,0.075,1.091,2.518,-3.554,-0.476,0.646,0.030,1.909,1.038,3,NULL,NULL,,0,0,0,7,255,0,250,0,0
baseline,16614,16614,0,211471.817,0.924,-0.243,-0.197,0.220,975,351,2354,1513,2677,2504,1203,2853,52,0.935,35,0,51.027,4.558,-40.500,-18.800,-24.700,-0.102,0.037,1.080,2.628,-3.724,-0.476,0.670,0.030,1.909,1.038,3,NULL,NULL,,0,0,0,7,255,0,250,0,0
baseline,16614,16614,0,211476.816,0.925,-0.241,-0.196,0.220,797,303,2395,1317,2708,2488,1244,2861,52,0.935,35,0,51.817,4.614,-42.200,-20.920,-21.600,-0.097,0.065,1.066,2.724,-3.724,-0.708,0.692,0.032,1.909,1.038,3,NULL,NULL,,0,0,0,7,255,0,250,0,0
baseline,16614,16614,0,211481.817,0.925,-0.239,-0.195,0.221,663,205,2438,1166,2740,2460,1299,2878,52,0.935,35,0,53.875,4.566,-43.800,-22.460,-21.900,-0.103,0.094,1.032,2.738,-3.654,-0.746,0.716,0.032,1.909,1.038,3,NULL,NULL,,0,0,0,7,255,0,250,0,0
baseline,16614,16614,0,211486.816,0.926,-0.236,-0.195,0.222,455,181,2476,903,2762,2445,1350,2899,52,0.935,35,0,51.932,4.273,-40.320,-22.080,-24.160,-0.112,0.082,1.045,2.738,-3.280,-0.778,0.738,0.034,1.909,1.038,3,NULL,NULL,,0,0,0,7,255,0,250,0,0
baseline,16614,16614,0,211491.817,0.926,-0.234,-0.194,0.223,347,123,2509,719,2788,2419,1391,2907,52,0.935,35,0,56.817,4.273,-43.300,-24.900,-27.080,-0.071,0.077,1.020,2.738,-3.280,-0.912,0.762,0.034,1.909,1.038,3,NULL,NULL,,0,0,0,7,255,0,250,0,0
baseline,16614,16614,0,211496.817,0.927,-0.231,-0.193,0.224,227,60,2543,553,2809,2381,1443,2920,52,0.935,35,0,67.655,4.380,-50.820,-27.940,-34.840,-0.045,0.042,1.021,2.880,-3.300,-1.160,0.784,0.034,1.909,1.038,3,NULL,NULL,,0,0,0,7,255,0,250,0,0
baseline,16657,16657,0,211501.817,0.928,-0.228,-0.192,0.225,139,41,2581,455,2834,2332,1487,2933,52,0.935,35,0,52.264,4.632,-36.100,-31.980,-20.140,-0.173,-0.113,1.082,2.880,-3.628,-1.160,0.808,0.034,1.909,1.038,3,NULL,NULL,,0,0,0,7,255,0,250,0,0
baseline,16657,16657,0,211506.816,0.928,-0.227,-0.190,0.225,72,0,2604,393,2855,2261,1555,2943,52,0.935,35,0,46.057,4.533,-3.760,-45.840,2.400,-0.308,-0.062,1.223,1.316,-4.338,-0.612,0.830,0.032,1.909,1.038,3,NULL,NULL,,0,0,0,7,255,0,250,0,0
baseline,16657,16657,0,211511.817,0.929,-0.227,-0.188,0.226,41,0,2631,333,2871,2201,1599,2952,52,0.935,35,0,50.167,4.413,0.820,-50.160,0.080,-0.416,0.009,1.367,0.810,-4.338,1.306,0.854,0.032,1.909,1.038,3,NULL,NULL,,0,0,0,7,255,0,250,0,0
baseline,16657,16657,0,211516.816,0.929,-0.226,-0.185,0.226,28,0,2655,267,2897,2165,1654,2959,52,0.935,35,0,63.787,4.005,9.120,-62.000,-11.900,-0.391,0.128,1.494,0.810,-3.922,3.170,0.874,0.034,1.909,1.038,3,NULL,NULL,,0,0,0,7,255,0,250,0,0
baseline,16657,16657,0,211521.817,0.930,-0.226,-0.181,0.227,22,0,2678,242,2915,2120,1709,2965,52,0.935,35,0,75.136,3.854,12.900,-74.020,0.200,-0.255,0.376,1.542,1.634,-3.490,4.452,0.898,0.036,1.909,1.038,3,NULL,NULL,,0,0,0,7,255,0,250,0,0
baseline,16657,16657,0,211526.816,0.931,-0.223,-0.178,0.227,0,0,2707,227,2931,2066,1758,2975,52,0.935,35,0,87.170,5.116,-42.020,-76.280,-3.780,-0.063,0.248,1.435,3.934,-3.270,4.452,0.916,0.040,1.909,1.038,3,NULL,NULL,,0,0,0,7,255,0,250,0,0
baseline,16680,16680,0,211531.817,0.933,-0.220,-0.175,0.226,0,0,2717,181,2943,1996,1803,2975,52,0.935,35,0,100.136,5.116,-61.260,-77.640,15.700,-0.063,-0.014,1.169,3.934,-3.270,2.942,0.938,0.044,1.909,1.038,3,NULL,NULL,,0,0,0,7,255,0,250,0,0
baseline,16680,16680,0,211536.816,0.934,-0.217,-0.172,0.225,0,0,2731,143,2961,1929,1835,2982,52,0.935,35,0,109.359,4.841,-50.320,-88.060,40.900,-0.171,-0.073,1.096,2.606,-4.080,0.086,0.960,0.046,1.909,1.038,3,NULL,NULL,,0,0,0,7,255,0,250,0,0
baseline,16680,16680,0,211541.817,0.936,-0.215,-0.168,0.224,0,0,2741,63,2969,1871,1866,2985,52,0.935,35,0,105.405,4.255,-26.760,-93.440,40.780,-0.245,-0.032,1.093,1.208,-4.080,0.086,0.984,0.050,1.909,1.038,3,NULL,NULL,,0,0,0,7,255,0,250,0,0
baseline,16680,16680,0,211546.816,0.937,-0.213,-0.163,0.223,0,0,2749,10,2979,1773,1893,2991,52,0.935,35,0,102.018,3.614,-16.400,-97.640,24.600,-0.192,0.009,1.112,1.208,-3.406,0.158,1.004,0.052,1.909,1.038,3,NULL,NULL,,0,0,0,7,255,0,250,0,0
baseline,16680,16680,0,211551.817,0.938,-0.212,-0.159,0.222,0,0,2751,0,2984,1700,1934,2995,52,0.935,35,0,104.763,3.573,-8.760,-101.920,22.600,-0.112,0.050,1.163,1.294,-3.330,0.246,1.026,0.058,1.909,1.038,3,NULL,NULL,,0,0,0,7,255,0,250,0,0
baseline,16680,16680,0,211556.817,0.940,-0.211,-0.154,0.222,0,0,2761,0,2999,1618,1971,2995,52,0.935,35,0,112.427,3.920,-0.940,-107.120,34.120,-0.086,0.102,1.252,2.182,-3.256,0.522,1.044,0.066,1.909,1.038,3,NULL,NULL,,0,0,0,7,255,0,250,0,0
baseline,16688,16688,0,211561.817,0.941,-0.210,-0.149,0.220,0,0,2771,0,3017,1503,2019,2989,52,0.935,35,0,119.755,4.249,-3.340,-111.940,42.420,-0.102,0.161,1.336,2.730,-3.256,1.372,1.064,0.076,1.909,1.038,3,NULL,NULL,,0,0,0,7,255,0,250,0,0
baseline,16688,16688,0,211566.816,0.942,-0.208,-0.144,0.219,0,0,2765,0,3017,1387,2045,2985,52,0.935,35,0,124.144,4.009,-14.980,-114.680,45.120,-0.157,0.163,1.359,2.730,-2.936,2.346,1.084,0.084,1.909,1.038,3,NULL,NULL,,0,0,0,7,255,0,250,0,0
baseline,16703,16703,0,211571.817,0.944,-0.206,-0.138,0.217,0,0,2761,0,3022,1297,2087,2978,52,0.935,35,0,132.807,3.633,-19.680,-122.240,48.040,-0.215,0.181,1.386,2.392,-2.734,2.784,1.106,0.090,1.909,1.038,3,NULL,NULL,,0,0,0,7,255,0,250,0,0
baseline,16703,16703,0,211576.817,0.946,-0.204,-0.133,0.216,0,0,2765,0,3027,1159,2119,2966,52,0.935,35,0,140.514,3.131,-20.840,-130.480,47.800,-0.245,0.156,1.414,1.896,-2.492,3.286,1.126,0.094,1.909,1.038,3,NULL,NULL,,0,0,0,7,255,0,250,0,0
baseline,16703,16703,0,211581.817,0.947,-0.202,-0.127,0.214,0,0,2751,0,3031,987,2153,2958,52,0.935,35,0,151.103,2.876,-23.280,-141.420,47.860,-0.267,0.109,1.425,1.436,-2.492,3.608,1.148,0.098,1.909,1.038,3,NULL,NULL,,0,0,0,7,255,0,250,0,0
baseline,16704,16704,0,211586.817,0.949,-0.200,-0.120,0.213,0,0,2745,0,3033,863,2187,2933,52,0.935,35,0,164.680,2.904,-24.640,-154.420,51.640,-0.266,0.078,1.436,0.908,-2.758,3.704,1.166,0.102,1.909,1.038,3,NULL,NULL,,0,0,0,7,255,0,250,0,0
baseline,16719,16719,0,211591.817,0.951,-0.197,-0.113,0.211,0,0,2731,0,3029,725,2207,2903,52,0.935,35,0,175.238,3.020,-27.920,-165.280,51.100,-0.283,0.036,1.436,0.630,-2.954,3.738,1.186,0.108,1.909,1.038,3,NULL,NULL,,0,0,0,7,255,0,250,0,0
baseline,16719,16719,0,211596.816,0.952,-0.195,-0.106,0.209,0,0,2716,0,3031,633,2236,2875,52,0.935,35,0,183.146,2.957,-26.520,-174.060,50.420,-0.308,0.046,1.434,0.128,-2.954,3.752,1.204,0.112,1.909,1.038,3,NULL,NULL,,0,0,0,7,255,0,250,0,0
baseline,16751,16751,0,211601.817,0.954,-0.192,-0.098,0.208,0,0,2686,0,3025,531,2253,2847,52,0.935,35,0,194.002,2.844,-13.220,-186.700,51.040,-0.367,0.055,1.548,-0.238,-2.834,3.826,1.224,0.118,1.909,1.038,3,NULL,NULL,,0,0,0,7,255,0,250,0,0
baseline,16751,16751,0,211606.817,0.956,-0.190,-0.089,0.207,0,0,2663,0,3027,403,2261,2815,52,0.935,35,0,209.548,2.886,-10.100,-202.880,51.460,-0.422,0.191,1.688,-0.788,-2.776,5.062,1.242,0.122,1.909,1.038,3,NULL,NULL,,0,0,0,7,255,0,250,0,0
baseline,16751,16751,0,211611.817,0.957,-0.188,-0.080,0.206,0,0,2619,0,3019,345,2277,2771,52,0.935,35,0,221.174,1.857,-11.320,-217.400,39.080,-0.487,0.364,1.908,-0.788,-1.682,6.782,1.260,0.128,1.909,1.038,3,NULL,NULL,,0,0,0,7,255,0,250,0,0
baseline,16751,16751,0,211616.816,0.958,-0.185,-0.070,0.206,0,0,2555,0,3005,275,2281,2713,52,0.935,35,0,232.268,0.876,-18.160,-230.960,16.620,-0.525,0.548,2.068,-0.762,-0.432,9.348,1.276,0.132,1.909,1.038,3,NULL,NULL,,0,0,0,7,255,0,250,0,0
baseline,16751,16751,0,211621.817,0.959,-0.182,-0.060,0.207,0,0,2491,0,2985,212,2281,2651,52,0.935,35,0,241.583,0.850,-23.280,-240.420,-4.320,-0.521,0.523,2.324,-0.762,0.376,11.302,1.294,0.140,1.909,1.038,3,NULL,NULL,,0,0,0,7,255,0,250,0,0
baseline,16751,16751,0,211626.816,0.960,-0.178,-0.050,0.208,0,0,2411,0,2955,158,2269,2553,52,0.935,35,0,253.261,0.928,-42.200,-249.440,-11.840,-0.529,0.519,2.482,-0.848,0.376,13.626,1.306,0.148,1.909,1.038,3,NULL,NULL,,0,0,0,7,255,0,250,0,0
baseline,16767,16767,0,211631.817,0.962,-0.173,-0.040,0.209,0,0,2311,0,2909,93,2239,2453,52,0.935,35,0,262.782,1.265,-66.200,-254.080,-10.740,-0.544,0.667,2.625,-1.208,0.376,15.096,1.318,0.160,1.909,1.038,3,NULL,NULL,,0,0,0,7,255,0,250,0,0
baseline,16767,16767,0,211636.817,0.963,-0.167,-0.030,0.210,0,0,2133,0,2844,33,2211,2311,52,0.935,35,0,271.225,2.088,-96.040,-253.100,-16.720,-0.614,0.832,2.747,-1.284,1.646,16.738,1.328,0.172,1.909,1.038,3,NULL,NULL,,0,0,0,7,255,0,250,0,0
baseline,16767,16767,0,211641.817,0.964,-0.159,-0.021,0.212,0,0,2003,0,2771,2,2195,2168,52,0.935,35,0,292.220,3.865,-146.880,-251.400,-24.840,-0.756,0.842,2.821,-1.560,3.536,18.254,1.338,0.186,1.909,1.038,3,NULL,NULL,,0,0,0,7,255,0,250,0,0
baseline,16767,16767,0,211646.816,0.965,-0.148,-0.013,0.215,0,0,1848,0,2649,0,2136,1947,52,0.935,35,0,332.611,5.608,-214.820,-250.180,-43.500,-0.905,0.800,2.735,-3.158,4.634,18.254,1.344,0.200,1.909,1.038,3,NULL,NULL,,0,0,0,7,255,0,250,0,0
baseline,16784,16784,0,211651.817,0.967,-0.134,-0.005,0.219,0,0,1661,0,2513,0,2079,1749,52,0.935,35,0,385.175,7.429,-272.740,-259.140,-82.580,-0.959,0.586,2.408,-4.920,5.566,18.022,1.348,0.222,1.909,1.038,3,NULL,NULL,,0,0,0,7,255,0,250,0,0
baseline,16784,16784,0,211656.816,0.967,-0.119,0.004,0.224,0,0,1477,0,2331,0,1991,1551,52,0.935,35,0,417.947,7.897,-283.420,-282.580,-120.420,-0.825,0.502,2.082,-5.602,5.566,14.338,1.348,0.242,1.909,1.038,3,NULL,NULL,,0,0,0,7,255,0,250,0,0
baseline,16784,16784,0,211661.817,0.967,-0.106,0.014,0.231,0,0,1259,0,2155,0,1838,1389,52,0.935,35,0,425.382,7.859,-255.400,-310.420,-139.140,-0.667,0.297,1.907,-5.602,5.512,10.776,1.344,0.270,1.909,1.038,3,NULL,NULL,,0,0,0,7,255,0,250,0,0
baseline,16784,16784,0,211666.817,0.967,-0.094,0.027,0.236,0,0,959,0,1955,0,1653,1215,52,0.935,35,0,413.970,6.837,-183.760,-350.880,-120.360,-0.561,-0.026,2.069,-5.602,3.920,9.748,1.338,0.296,1.909,1.038,3,NULL,NULL,,0,0,0,7,255,0,250,0,0
baseline,16800,16800,0,211671.817,0.966,-0.084,0.041,0.240,0,0,721,0,1704,0,1418,1109,52,0.935,35,0,414.101,6.251,-150.540,-375.480,-88.500,-0.552,-0.139,2.375,-6.148,1.130,9.748,1.326,0.330,1.909,1.038,3,NULL,NULL,,0,0,0,7,255,0,250,0,0
baseline,16800,16800,0,211676.817,0.966,-0.072,0.055,0.243,0,0,485,0,1446,0,1164,956,52,0.935,35,0,442.851,7.361,-175.320,-399.660,-75.180,-0.652,-0.119,2.256,-7.274,1.130,11.034,1.310,0.370,1.909,1.038,3,NULL,NULL,,0,0,0,7,255,0,250,0,0
baseline,16816,16816,0,211681.817,0.965,-0.059,0.070,0.246,0,0,357,0,1157,0,863,791,52,0.935,35,0,468.652,7.540,-216.580,-410.760,-63.280,-0.442,-0.065,1.758,-7.274,1.984,11.034,1.286,0.418,1.909,1.038,3,NULL,NULL,,0,0,0,7,255,0,250,0,0
baseline,16816,16816,0,211686.816,0.964,-0.046,0.085,0.248,0,0,224,0,917,0,597,667,52,0.935,35,0,448.332,6.464,-192.120,-401.980,-50.040,-0.275,-0.165,1.231,-6.152,1.984,6.224,1.254,0.470,1.909,1.038,4,NULL,NULL,,0,0,0,7,255,0,250,0,0
baseline,16816,16816,0,211691.817,0.963,-0.037,0.101,0.249,0,0,121,0,703,0,205,565,52,0.935,35,0,438.473,4.804,-117.900,-420.900,-34.660,-0.174,-0.190,0.863,-4.756,0.680,1.164,1.218,0.530,1.909,1.038,4,NULL,NULL,,0,0,0,7,255,0,250,0,0
baseline,16816,16816,0,211696.817,0.961,-0.029,0.119,0.247,0,0,79,0,459,0,0,379,52,0.935,35,0,459.018,3.746,-53.320,-455.740,12.460,-0.077,0.014,0.987,-3.684,0.680,-1.042,1.184,0.588,1.909,1.038,4,NULL,NULL,,0,0,0,7,255,0,250,0,0
baseline,16847,16847,0,211701.817,0.960,-0.023,0.137,0.243,0,0,0,0,228,0,0,281,52,0.935,35,0,470.508,4.014,-17.180,-463.860,76.920,-0.265,0.159,1.306,-3.684,1.594,-1.042,1.148,0.648,1.909,1.038,4,NULL,NULL,,0,0,0,7,255,0,250,0,0
baseline,16847,16847,0,211706.817,0.959,-0.016,0.155,0.235,0,0,0,0,27,0,0,206,52,0.935,35,0,495.528,6.092,-36.660,-472.840,143.620,-0.679,0.266,1.418,-4.320,4.296,0.846,1.118,0.704,1.909,1.038,4,NULL,NULL,,0,0,0,7,255,0,250,0,0
baseline,16848,16848,0,211711.817,0.958,-0.007,0.174,0.227,0,0,0,0,0,0,0,121,52,0.935,35,0,533.848,10.872,-71.380,-497.180,180.860,-1.008,0.272,1.266,-7.912,7.456,0.846,1.090,0.758,1.909,1.038,4,NULL,NULL,,0,0,0,7,255,0,250,0,0
baseline,16848,16848,0,211716.816,0.957,0.004,0.193,0.217,0,0,0,0,0,0,0,43,52,0.935,35,0,577.608,13.765,-90.620,-532.900,203.560,-1.166,0.315,1.122,-10.538,8.856,-2.170,1.068,0.806,1.909,1.038,4,NULL,NULL,,0,0,0,7,255,0,250,0,0
baseline,16848,16848,0,211721.817,0.955,0.015,0.212,0.207,0,0,0,0,0,0,0,0,52,0.935,35,0,593.047,14.306,-119.840,-546.260,197.340,-0.983,0.657,0.934,-10.538,9.676,-4.734,1.050,0.852,1.909,1.038,4,NULL,NULL,,0,0,0,7,255,0,250,0,0
baseline,16848,16848,0,211726.816,0.951,0.028,0.231,0.201,0,0,0,0,0,0,0,0,52,0.935,35,0,558.030,14.191,-173.860,-515.620,123.720,-0.428,1.113,0.718,-8.180,11.596,-6.472,1.036,0.890,1.909,1.038,4,NULL,NULL,,0,0,0,7,255,0,250,0,0
baseline,16881,16881,0,211731.817,0.947,0.039,0.247,0.201,0,0,0,0,0,0,0,0,52,0.935,35,0,458.877,11.653,-189.060,-418.020,9.160,0.104,0.872,0.630,-1.154,11.596,-6.472,1.018,0.936,1.909,1.038,4,NULL,NULL,,0,0,0,7,255,0,250,0,0
baseline,16881,16881,0,211736.817,0.944,0.049,0.256,0.202,0,0,0,0,0,0,0,0,52,0.935,35,0,334.462,9.054,-185.280,-277.940,-16.900,0.180,0.109,0.639,-0.656,9.030,-5.026,0.990,0.988,1.909,1.038,4,NULL,NULL,,0,0,0,7,255,0,250,0,0
baseline,16881,16881,0,211741.817,0.943,0.056,0.260,0.201,0,0,0,0,0,0,0,0,52,0.935,35,0,210.965,2.367,-138.700,-148.980,55.440,0.122,-0.148,0.539,-0.656,2.274,-5.026,0.946,1.056,1.909,1.038,0,NULL,NULL,,0,0,0,7,255,0,250,0,0
baseline,16881,16881,0,211746.816,0.943,0.061,0.261,0.197,0,0,0,0,0,0,0,0,52,0.935,35,0,157.985,2.930,-80.120,-74.520,113.960,-0.338,0.078,0.419,-1.848,2.274,-5.052,0.896,1.132,1.909,1.038,0,NULL,NULL,,0,0,0,7,255,0,250,0,0
baseline,16881,16881,0,211751.817,0.944,0.065,0.258,0.194,0,0,0,0,0,0,0,0,52,0.935,35,0,126.878,4.953,-82.620,16.540,94.860,-0.708,0.532,0.779,-3.814,3.160,-8.160,0.838,1.218,1.909,1.038,0,NULL,NULL,,0,0,0,7,255,0,250,0,0
baseline,16881,16881,0,211756.816,0.946,0.068,0.251,0.194,0,0,0,0,0,0,0,0,52,0.935,35,0,163.234,11.286,-103.420,108.780,64.160,-0.861,0.688,0.944,-6.174,9.448,-8.160,0.782,1.294,1.909,1.038,0,NULL,NULL,,0,0,0,7,255,0,250,0,0
baseline,16882,16882,0,211761.817,0.948,0.071,0.242,0.196,0,0,0,0,0,0,0,0,52,0.935,35,0,221.676,11.438,-132.240,174.500,34.680,-0.797,0.541,0.681,-6.310,9.540,-8.160,0.728,1.370,1.909,1.038,0,NULL,NULL,,0,0,0,7,255,0,250,0,0
baseline,16882,16882,0,211766.817,0.950,0.074,0.230,0.199,0,0,0,0,0,0,0,0,52,0.935,35,0,252.824,11.438,-150.540,202.940,8.560,-0.681,0.313,0.414,-6.310,9.540,-9.268,0.692,1.422,1.909,1.038,0,NULL,NULL,,0,0,0,7,255,0,250,0,0
baseline,16913,16913,0,211771.817,0.952,0.076,0.218,0.202,0,0,0,0,0,0,0,0,52,0.935,35,0,262.791,8.287,-139.620,222.480,8.260,-0.494,0.212,0.175,-5.308,6.364,-10.476,0.668,1.468,1.909,1.038,0,NULL,NULL,,0,0,0,7,255,0,250,0,0
baseline,16913,16913,0,211776.816,0.954,0.077,0.205,0.204,0,0,0,0,0,0,0,0,52,0.935,35,0,259.143,5.327,-118.560,229.080,24.920,-0.417,0.207,0.040,-3.382,4.116,-11.358,0.648,1.510,1.909,1.038,0,NULL,NULL,,0,0,0,7,255,0,250,0,0
baseline,16913,16913,0,211781.817,0.956,0.078,0.193,0.206,0,0,0,0,0,0,0,0,52,0.935,35,0,250.009,4.118,-100.620,225.280,40.360,-0.407,0.198,-0.062,-2.346,3.384,-12.070,0.620,1.560,1.909,1.038,0,NULL,NULL,,0,0,0,7,255,0,250,0,0
baseline,16913,16913,0,211786.817,0.958,0.078,0.181,0.207,0,0,0,0,0,0,0,0,52,0.935,35,0,236.649,3.583,-82.180,216.440,49.020,-0.394,0.186,-0.134,-2.024,2.956,-12.820,0.582,1.620,1.909,1.038,0,NULL,NULL,,0,0,0,7,255,0,250,0,0
baseline,16913,16913,0,211791.817,0.960,0.077,0.170,0.207,0,0,0,0,0,0,0,0,52,0.935,35,0,223.292,3.164,-60.220,208.680,51.820,-0.353,0.190,-0.207,-1.818,2.590,-13.314,0.534,1.694,1.909,1.038,0,NULL,NULL,,0,0,0,7,255,0,250,0,0
baseline,16913,16913,0,211796.817,0.962,0.076,0.159,0.207,0,0,0,0,0,0,0,0,52,0.935,35,0,222.010,2.632,-43.120,211.240,52.980,-0.300,0.187,-0.290,-1.336,2.268,-13.754,0.484,1.766,1.909,1.038,0,NULL,NULL,,0,0,0,7,255,0,250,0,0
baseline,16960,16960,0,211801.817,0.964,0.073,0.148,0.207,0,0,0,0,0,0,0,0,52,0.935,35,0,225.384,1.976,-21.040,216.860,57.680,-0.248,0.147,-0.328,-0.774,1.818,-14.252,0.428,1.846,1.909,1.038,0,NULL,NULL,,0,0,0,7,255,0,250,0,0
baseline,16960,16960,0,211806.816,0.967,0.069,0.136,0.206,0,0,0,0,0,0,0,0,52,0.935,35,0,229.054,1.438,14.180,217.960,68.980,-0.247,0.096,-0.303,-0.774,1.212,-14.252,0.382,1.916,1.909,1.038,0,NULL,NULL,,0,0,0,7,255,0,250,0,0
baseline,16960,16960,0,211811.817,0.969,0.065,0.124,0.204,0,0,0,0,0,0,0,0,52,0.935,35,0,232.664,1.488,44.940,214.000,79.480,-0.319,0.074,-0.149,-0.864,1.212,-13.966,0.340,1.984,1.909,1.038,0,NULL,NULL,,0,0,0,7,255,0,250,0,0
baseline,16960,16960,0,211816.816,0.971,0.060,0.113,0.202,0,0,0,0,0,0,0,0,52,0.935,35,0,240.526,2.419,65.020,216.620,81.860,-0.423,0.125,0.053,-1.950,1.432,-12.678,0.308,2.036,1.909,1.038,0,NULL,NULL,,0,0,0,7,255,0,250,0,0
baseline,16960,16960,0,211821.817,0.973,0.054,0.103,0.200,0,0,0,0,0,0,0,0,52,0.935,35,0,243.088,4.143,74.480,219.620,72.880,-0.504,0.189,0.235,-3.042,2.812,-11.098,0.282,2.090,1.909,1.038,0,NULL,NULL,,0,0,0,7,255,0,250,0,0
baseline,16960,16960,0,211826.816,0.975,0.048,0.093,0.198,0,0,0,0,0,0,0,0,52,0.935,35,0,244.996,5.605,79.320,224.240,58.720,-0.538,0.214,0.402,-3.794,4.126,-9.594,0.262,2.132,1.909,1.038,0,NULL,NULL,,0,0,0,7,255,0,250,0,0
baseline,16983,16983,0,211831.817,0.976,0.042,0.083,0.198,0,0,0,0,0,0,0,0,52,0.935,35,0,247.746,6.417,78.700,230.660,44.500,-0.540,0.193,0.546,-4.214,4.840,-8.000,0.246,2.174,1.909,1.038,0,NULL,NULL,,0,0,0,7,255,0,250,0,0
baseline,16983,16983,0,211836.816,0.977,0.037,0.072,0.198,0,0,0,0,0,0,0,0,52,0.935,35,0,251.302,6.587,71.380,238.720,32.720,-0.539,0.165,0.657,-4.460,4.848,-6.452,0.234,2.210,1.909,1.038,0,NULL,NULL,,0,0,0,7,255,0,250,0,0
baseline,16983,16983,0,211841.817,0.978,0.031,0.061,0.198,0,0,0,0,0,0,0,0,52,0.935,35,0,258.013,6.696,61.420,249.580,22.540,-0.554,0.154,0.723,-4.612,4.854,-5.194,0.222,2.252,1.909,1.038,0,NULL,NULL,,0,0,0,7,255,0,250,0,0
baseline,16983,16983,0,211846.816,0.978,0.026,0.050,0.199,0,0,0,0,0,0,0,0,52,0.935,35,0,264.806,6.784,51.900,259.460,10.440,-0.580,0.160,0.750,-4.740,4.854,-4.410,0.210,2.288,1.909,1.038,0,NULL,NULL,,0,0,0,7,255,0,250,0,0
baseline,16983,16983,0,211851.817,0.979,0.022,0.038,0.201,0,0,0,0,0,0,0,0,52,0.935,35,0,273.592,6.865,44.700,269.840,-6.400,-0.587,0.161,0.755,-4.754,4.952,-4.022,0.194,2.332,1.909,1.038,0,NULL,NULL,,0,0,0,7,255,0,250,0,0
baseline,16983,16983,0,211856.817,0.979,0.017,0.026,0.203,0,0,0,0,0,0,0,0,52,0.935,35,0,284.159,6.865,40.180,280.100,-26.000,-0.566,0.151,0.729,-4.754,4.952,-3.848,0.176,2.376,1.909,1.038,0,NULL,NULL,,0,0,0,7,255,0,250,0,0
baseline,16991,16991,0,211861.817,0.978,0.012,0.013,0.206,0,0,0,0,0,0,0,0,52,0.935,35,0,295.183,6.443,39.880,289.260,-43.260,-0.518,0.133,0.699,-4.432,4.676,-3.848,0.156,2.428,1.909,1.038,0,NULL,NULL,,0,0,0,7,255,0,250,0,0
baseline,16991,16991,0,211866.816,0.978,0.007,0.001,0.210,0,0,0,0,0,0,0,0,52,0.935,35,0,306.317,5.736,44.400,297.860,-56.020,-0.472,0.104,0.662,-3.892,4.214,-3.924,0.140,2.478,1.909,1.038,0,NULL,NULL,,0,0,0,7,255,0,250,0,0
baseline,17012,17012,0,211871.817,0.977,0.001,-0.012,0.214,0,0,0,0,0,0,0,0,52,0.935,35,0,316.267,5.019,53.000,304.880,-65.300,-0.439,0.081,0.640,-3.428,3.666,-4.088,0.126,2.534,1.909,1.038,0,NULL,NULL,,0,0,0,7,255,0,250,0,0
baseline,17013,17013,0,211876.817,0.975,-0.005,-0.025,0.219,0,0,0,0,0,0,0,0,52,0.935,35,0,326.496,4.462,62.580,311.600,-74.760,-0.412,0.093,0.631,-3.076,3.232,-4.116,0.118,2.586,1.909,1.038,0,NULL,NULL,,0,0,0,7,255,0,250,0,0
baseline,17013,17013,0,211881.817,0.974,-0.011,-0.038,0.224,0,0,0,0,0,0,0,0,52,0.935,35,0,338.381,4.086,75.520,318.540,-85.620,-0.341,0.119,0.611,-2.614,3.140,-4.132,0.120,2.642,1.909,1.038,0,NULL,NULL,,0,0,0,7,255,0,250,0,0
baseline,17013,17013,0,211886.817,0.972,-0.018,-0.050,0.229,0,0,0,0,0,0,0,0,52,0.935,35,0,353.474,3.441,92.560,327.100,-96.860,-0.220,0.090,0.579,-1.730,2.974,-4.252,0.128,2.694,1.909,1.038,0,NULL,NULL,,0,0,0,7,255,0,250,0,0
baseline,17023,17023,0,211891.817,0.970,-0.027,-0.063,0.235,0,0,0,0,0,0,0,0,52,0.935,35,0,371.391,2.179,123.200,336.620,-97.160,-0.129,0.053,0.574,-0.662,2.076,-4.544,0.142,2.748,1.909,1.038,0,NULL,NULL,,0,0,0,7,255,0,250,0,0
baseline,17023,17023,0,211896.816,0.967,-0.037,-0.075,0.240,0,0,0,0,0,0,0,0,52,0.935,35,0,380.066,1.236,152.500,335.080,-94.420,-0.047,0.081,0.628,0.098,1.232,-4.544,0.158,2.796,1.909,1.038,0,NULL,NULL,,0,0,0,7,255,0,250,0,0
baseline,17057,17057,0,211901.817,0.964,-0.048,-0.086,0.245,0,0,0,0,0,0,0,0,52,0.935,35,0,382.801,1.677,178.980,327.580,-84.820,0.038,0.196,0.808,1.138,1.232,-4.170,0.176,2.848,1.909,1.038,0,NULL,NULL,,0,0,0,7,255,0,250,0,0
baseline,17057,17057,0,211906.817,0.962,-0.059,-0.098,0.250,0,0,0,0,0,0,0,0,52,0.935,35,0,381.523,3.119,187.220,323.440,-76.780,0.050,0.248,0.997,2.806,1.362,-2.640,0.192,2.890,1.909,1.038,0,NULL,NULL,,0,0,0,7,255,0,250,0,0
baseline,17057,17057,0,211911.817,0.959,-0.070,-0.108,0.254,0,0,0,0,0,0,0,0,52,0.935,35,0,374.994,3.892,188.860,316.660,-68.400,0.111,0.239,1.085,3.646,1.362,-0.882,0.208,2.936,1.909,1.038,0,NULL,NULL,,0,0,0,7,255,0,250,0,0
baseline,17057,17057,0,211916.816,0.956,-0.081,-0.118,0.257,0,0,0,0,0,0,0,0,52,0.935,35,0,368.749,4.510,191.060,309.820,-59.020,0.169,0.209,1.157,4.454,0.706,-0.182,0.220,2.974,1.909,1.038,0,NULL,NULL,,0,0,0,7,255,0,250,0,0
baseline,17057,17057,0,211921.817,0.952,-0.093,-0.128,0.260,0,0,0,0,0,0,0,0,52,0.935,35,0,366.272,5.106,196.560,305.480,-46.920,0.178,0.219,1.252,5.102,-0.194,0.314,0.232,3.012,1.909,1.038,0,NULL,NULL,,0,0,0,7,255,0,250,0,0
baseline,17057,17057,0,211926.816,0.949,-0.104,-0.138,0.263,0,0,0,0,0,0,0,0,52,0.935,35,0,361.980,5.618,194.240,302.800,-40.160,0.136,0.254,1.420,5.586,-0.602,1.108,0.240,3.042,1.909,1.038,0,NULL,NULL,,0,0,0,7,255,0,250,0,0
baseline,17079,17079,0,211931.817,0.946,-0.114,-0.148,0.266,0,0,0,0,0,0,0,0,52,0.935,35,0,357.670,6.019,182.160,305.600,-36.800,0.095,0.259,1.584,5.976,-0.718,2.706,0.244,3.070,1.909,1.038,0,NULL,NULL,,0,0,0,7,255,0,250,0,0
baseline,17079,17079,0,211936.816,0.942,-0.125,-0.158,0.268,0,0,0,0,0,0,0,0,52,0.935,35,0,346.714,6.384,172.520,298.900,-33.260,0.109,0.243,1.738,6.276,-1.170,4.246,0.242,3.094,1.909,1.038,0,NULL,NULL,,0,0,0,7,255,0,250,0,0
baseline,17079,17079,0,211941.817,0.939,-0.134,-0.168,0.269,0,0,0,0,0,0,0,0,52,0.935,35,0,329.640,7.229,152.680,290.720,-28.860,0.110,0.193,1.783,6.920,-2.092,5.480,0.234,3.112,1.909,1.038,0,NULL,NULL,,0,0,0,7,255,0,250,0,0
baseline,17079,17079,0,211946.816,0.935,-0.142,-0.178,0.271,0,0,0,0,0,0,0,0,52,0.935,35,0,318.841,7.640,132.160,289.500,-19.580,0.100,0.179,1.823,7.020,-3.014,5.704,0.222,3.124,1.909,1.038,0,NULL,NULL,,0,0,0,7,255,0,250,0,0
baseline,17080,17080,0,211951.817,0.932,-0.150,-0.188,0.271,0,0,0,0,0,0,0,0,52,0.935,35,0,309.537,7.964,110.980,288.640,-13.540,0.083,0.164,1.782,7.126,-3.556,5.704,0.204,3.132,1.909,1.038,0,NULL,NULL,,0,0,0,7,255,0,250,0,0
baseline,17080,17080,0,211956.816,0.929,-0.157,-0.198,0.272,0,0,0,0,0,0,0,0,52,0.935,35,0,306.813,8.097,102.680,289.000,-8.360,0.072,0.139,1.691,7.126,-3.844,5.412,0.186,3.134,1.909,1.038,0,NULL,NULL,,0,0,0,7,255,0,250,0,0
baseline,17090,17090,0,211961.817,0.925,-0.164,-0.208,0.272,0,0,0,0,0,0,0,0,52,0.935,35,0,305.374,7.977,103.600,287.180,-6.940,0.061,0.109,1.642,6.868,-4.058,4.444,0.166,3.134,1.909,1.038,0,NULL,NULL,,0,0,0,7,255,0,250,0,0
baseline,17090,17090,0,211966.817,0.921,-0.171,-0.218,0.273,0,0,0,0,0,0,0,0,52,0.935,35,0,304.462,8.012,108.300,284.360,-10.360,0.065,0.063,1.638,6.692,-4.406,3.842,0.148,3.132,1.909,1.038,0,NULL,NULL,,0,0,0,7,255,0,250,0,0
baseline,17103,17103,0,211971.817,0.917,-0.178,-0.228,0.273,0,0,0,0,0,0,0,0,52,0.935,35,0,306.151,8.399,115.140,283.340,-13.780,0.077,0.019,1.644,6.692,-5.076,3.550,0.134,3.132,1.909,1.038,0,NULL,NULL,,0,0,0,7,255,0,250,0,0
baseline,17103,17103,0,211976.817,0.913,-0.186,-0.237,0.274,0,0,0,0,0,0,0,0,52,0.935,35,0,305.220,8.898,120.260,279.920,-18.480,0.109,-0.005,1.694,6.744,-5.804,3.298,0.124,3.130,1.909,1.038,0,NULL,NULL,,0,0,0,7,255,0,250,0,0
baseline,17123,17123,0,211981.817,0.909,-0.193,-0.246,0.275,0,0,0,0,0,0,0,0,52,0.935,35,0,310.859,9.783,126.620,282.960,-23.120,0.146,-0.043,1.667,7.218,-6.604,3.294,0.122,3.126,1.909,1.038,0,NULL,NULL,,0,0,0,7,255,0,250,0,0
baseline,17123,17123,0,211986.816,0.904,-0.201,-0.255,0.277,0,0,0,0,0,0,0,0,52,0.935,35,0,317.021,10.331,141.940,282.120,-27.640,0.187,-0.097,1.677,7.350,-7.260,2.600,0.128,3.122,1.909,1.038,0,NULL,NULL,,0,0,0,7,255,0,250,0,0
baseline,17123,17123,0,211991.817,0.899,-0.210,-0.264,0.279,0,0,0,0,0,0,0,0,52,0.935,35,0,328.833,11.128,163.840,283.340,-31.720,0.240,-0.132,1.731,7.534,-8.190,2.120,0.142,3.118,1.909,1.038,0,NULL,NULL,,0,0,0,7,255,0,250,0,0
baseline,17123,17123,0,211996.817,0.894,-0.220,-0.273,0.281,0,0,0,0,0,0,0,0,52,0.935,35,0,342.737,12.243,184.600,286.500,-36.180,0.294,-0.130,1.842,8.046,-9.228,2.120,0.160,3.110,1.909,1.038,0,NULL,NULL,,0,0,0,7,255,0,250,0,0
baseline,17152,17152,0,212001.817,0.888,-0.230,-0.281,0.283,0,0,0,0,0,0,0,0,52,0.935,35,0,364.043,13.624,211.020,292.600,-48.820,0.441,-0.070,1.962,8.966,-10.258,1.916,0.188,3.102,1.909,1.038,0,NULL,NULL,,0,0,0,7,255,0,250,0,0
baseline,17152,17152,0,212006.817,0.881,-0.241,-0.289,0.287,0,0,0,0,0,0,0,0,52,0.935,35,0,374.057,15.674,226.900,290.960,-61.460,0.646,-0.049,2.154,10.864,-11.298,1.880,0.218,3.090,1.909,1.038,0,NULL,NULL,,0,0,0,7,255,0,250,0,0
baseline,17152,17152,0,212011.817,0.874,-0.252,-0.298,0.290,0,0,0,0,0,0,0,0,52,0.935,35,0,390.337,18.686,223.960,313.980,-60.180,0.744,-0.051,2.357,13.164,-13.262,1.880,0.254,3.076,1.909,1.038,0,NULL,NULL,,0,0,0,7,255,0,250,0,0
baseline,17152,17152,0,212016.816,0.867,-0.263,-0.308,0.292,0,0,0,0,0,0,0,0,52,0.935,35,0,394.463,21.070,211.880,330.320,-39.960,1.227,-0.050,2.309,14.668,-15.126,1.648,0.294,3.060,1.909,1.038,0,NULL,NULL,,0,0,0,7,255,0,250,0,0
baseline,17152,17152,0,212021.817,0.860,-0.274,-0.315,0.294,0,0,0,0,0,0,0,0,52,0.935,35,0,362.431,24.475,228.000,280.580,-25.440,1.523,-0.038,2.694,17.598,-17.010,-2.168,0.340,3.036,1.909,1.038,0,NULL,NULL,,0,0,0,7,255,0,250,0,0
baseline,17152,17152,0,212026.816,0.854,-0.283,-0.321,0.296,0,0,0,0,0,0,0,0,52,0.935,35,0,333.913,27.293,211.080,254.400,-47.160,1.248,0.019,2.641,19.384,-19.214,-2.168,0.390,3.008,1.909,1.038,0,NULL,NULL,,0,0,0,7,255,0,250,0,0
baseline,17168,17168,0,212031.817,0.848,-0.292,-0.327,0.298,0,0,0,0,0,0,0,0,52,0.935,35,0,306.287,29.098,192.220,236.880,-27.400,1.787,-0.214,2.553,20.698,-20.452,-2.168,0.450,2.968,1.909,1.038,0,NULL,NULL,,0,0,0,7,255,0,250,0,0
baseline,17168,17168,0,212036.817,0.843,-0.301,-0.332,0.298,0,0,0,0,0,0,0,0,52,0.935,35,0,275.983,29.484,172.880,214.720,13.200,1.774,0.006,2.545,20.698,-20.998,-6.638,0.514,2.922,1.909,1.038,0,NULL,NULL,,0,0,0,7,255,0,250,0,0
baseline,17168,17168,0,212041.817,0.839,-0.309,-0.336,0.296,0,0,0,0,0,0,0,0,52,0.935,35,0,246.822,30.103,145.300,195.500,39.860,1.642,0.068,2.569,21.570,-20.998,-6.638,0.598,2.860,1.909,1.038,0,NULL,NULL,,0,0,0,7,255,0,250,0,0
baseline,17168,17168,0,212046.816,0.836,-0.315,-0.340,0.295,0,0,0,0,0,0,0,0,52,0.935,35,0,223.342,29.719,115.320,187.080,39.800,1.568,0.016,2.432,21.570,-20.444,-6.660,0.680,2.796,1.909,1.038,0,NULL,NULL,,0,0,0,7,255,0,250,0,0
baseline,17183,17183,0,212051.817,0.833,-0.320,-0.344,0.293,0,0,0,0,0,0,0,0,52,0.935,35,0,198.563,28.290,90.480,173.840,31.940,1.634,-0.059,2.269,20.194,-19.812,-6.774,0.784,2.708,1.909,1.038,0,NULL,NULL,,0,0,0,7,255,0,250,0,0
baseline,17183,17183,0,212056.816,0.830,-0.324,-0.347,0.291,0,0,0,0,0,0,0,0,52,0.935,35,0,178.110,27.509,70.040,160.960,30.160,1.720,-0.073,2.104,19.398,-19.506,-8.802,0.890,2.616,1.909,1.038,0,NULL,NULL,,0,0,0,7,255,0,250,0,0
baseline,17183,17183,0,212061.817,0.829,-0.327,-0.350,0.289,0,0,0,0,0,0,0,0,52,0.935,35,0,162.564,26.778,54.160,149.540,33.640,1.819,-0.129,1.956,19.106,-18.762,-10.714,1.022,2.504,1.909,1.038,0,NULL,NULL,,0,0,0,7,255,0,250,0,0
baseline,17183,17183,0,212066.817,0.827,-0.330,-0.352,0.287,0,0,0,0,0,0,0,0,52,0.935,35,0,152.036,26.237,42.440,141.600,35.540,1.941,-0.298,1.731,18.698,-18.406,-12.682,1.148,2.398,1.909,1.038,0,NULL,NULL,,0,0,0,7,255,0,250,0,0
baseline,17200,17200,0,212071.817,0.826,-0.332,-0.354,0.285,0,0,0,0,0,0,0,0,52,0.935,35,0,138.052,25.242,37.320,126.540,40.660,2.046,-0.468,1.508,17.358,-18.326,-15.538,1.286,2.280,1.909,1.038,0,NULL,NULL,,0,0,0,7,255,0,250,0,0
baseline,17200,17200,0,212076.816,0.826,-0.335,-0.355,0.283,0,0,0,0,0,0,0,0,52,0.935,35,0,126.530,24.178,39.760,108.040,52.500,2.105,-0.595,1.295,15.924,-18.194,-18.224,1.420,2.168,1.909,1.038,0,NULL,NULL,,0,0,0,7,255,0,250,0,0
baseline,17215,17215,0,212081.817,0.826,-0.337,-0.355,0.280,0,0,0,0,0,0,0,0,52,0.935,35,0,123.050,22.906,49.520,89.240,68.740,2.104,-0.713,1.095,14.552,-17.690,-20.346,1.558,2.052,1.909,1.038,0,NULL,NULL,,0,0,0,7,255,0,250,0,0
baseline,17215,17215,0,212086.817,0.826,-0.340,-0.355,0.277,0,0,0,0,0,0,0,0,52,0.935,35,0,128.791,21.426,66.120,71.120,84.600,2.051,-0.849,0.932,12.958,-17.064,-21.882,1.686,1.946,1.909,1.038,0,NULL,NULL,,0,0,0,7,255,0,250,0,0
baseline,17215,17215,0,212091.817,0.826,-0.344,-0.353,0.275,0,0,0,0,0,0,0,0,52,0.935,35,0,143.150,20.053,89.200,53.300,98.460,1.965,-0.986,0.836,11.128,-16.682,-22.866,1.824,1.834,1.909,1.038,0,NULL,NULL,,0,0,0,7,255,0,250,0,0
baseline,17215,17215,0,212096.817,0.825,-0.349,-0.350,0.272,0,0,0,0,0,0,0,0,52,0.935,35,0,162.993,19.151,116.300,38.700,107.440,1.848,-1.082,0.838,9.406,-16.682,-22.866,1.950,1.730,1.909,1.038,0,NULL,NULL,,0,0,0,7,255,0,250,0,0
baseline,17254,17254,0,212101.817,0.825,-0.354,-0.347,0.271,0,0,0,0,0,0,0,0,52,0.935,35,0,181.370,18.858,142.540,27.280,108.780,1.707,-1.173,0.892,8.192,-16.986,-22.714,2.086,1.622,1.909,1.038,0,NULL,NULL,,0,0,0,7,255,0,250,0,0
baseline,17254,17254,0,212106.816,0.825,-0.360,-0.343,0.269,0,0,0,0,0,0,0,0,52,0.935,35,0,194.503,18.935,165.240,16.540,101.260,1.562,-1.197,1.038,7.040,-17.578,-21.756,2.206,1.524,1.909,1.038,0,NULL,NULL,,0,0,0,7,255,0,250,0,0
baseline,17255,17255,0,212111.817,0.824,-0.366,-0.339,0.269,0,0,0,0,0,0,0,0,52,0.935,35,0,193.181,19.671,173.620,6.180,84.480,1.458,-1.102,1.269,7.040,-18.368,-20.058,2.332,1.424,1.909,1.038,0,NULL,NULL,,0,0,0,7,255,0,250,0,0
baseline,17255,17255,0,212116.816,0.823,-0.372,-0.335,0.269,0,0,0,0,0,0,0,0,52,0.935,35,0,182.128,20.524,168.980,-4.080,67.820,1.319,-1.093,1.680,7.506,-19.102,-17.770,2.444,1.336,1.909,1.038,0,NULL,NULL,,0,0,0,7,255,0,250,0,0
baseline,17257,17257,0,212121.817,0.820,-0.390,-0.322,0.268,0,0,0,0,0,0,0,0,52,0.935,35,0,511.616,23.173,442.960,-88.440,240.240,0.988,-1.260,3.759,8.258,-21.652,-14.534,2.564,1.240,1.909,1.038,0,NULL,NULL,,0,0,0,7,255,0,250,0,0
baseline,17257,17257,0,212126.816,0.819,-0.403,-0.308,0.269,0,0,0,0,0,0,0,0,52,0.935,35,0,458.053,39.205,384.360,-181.760,170.420,0.963,-0.282,5.769,12.462,-37.172,-1.866,2.668,1.160,1.909,1.038,0,NULL,NULL,,0,0,0,7,255,0,250,0,0
baseline,17263,17263,0,212131.817,0.824,-0.393,-0.305,0.270,0,0,0,25,0,0,0,0,52,0.935,35,0,247.728,46.469,-197.840,-144.100,-38.260,0.621,-0.710,5.136,17.296,-43.130,11.340,2.782,1.070,1.909,1.038,0,NULL,NULL,,0,0,0,7,255,0,250,0,0
baseline,17263,17263,0,212136.816,0.835,-0.368,-0.307,0.268,40,0,0,197,0,16,0,0,52,0.935,35,0,619.539,46.767,-593.000,-136.460,-116.440,1.175,0.158,2.497,18.082,-43.130,11.340,2.890,0.984,1.909,1.038,0,NULL,NULL,,0,0,0,7,255,0,250,0,0
baseline,17263,17263,0,212141.817,0.851,-0.337,-0.308,0.261,201,0,0,405,0,101,0,0,52,0.935,35,0,686.568,25.676,-655.360,-204.100,-14.880,0.996,1.072,0.794,17.296,-18.976,-2.912,3.008,0.890,1.909,1.038,0,NULL,NULL,,0,0,0,7,255,0,250,0,0
baseline,17263,17263,0,212146.816,0.864,-0.314,-0.304,0.249,451,0,0,672,0,203,0,0,52,0.935,35,0,693.984,16.426,-642.560,-221.680,139.960,0.845,1.455,-0.498,16.426,-0.024,-8.318,3.122,0.798,1.909,1.038,0,NULL,NULL,,0,0,0,7,255,0,250,0,0
baseline,17281,17281,0,212151.817,0.872,-0.308,-0.299,0.237,727,0,0,957,0,271,0,0,52,0.935,35,0,404.262,14.076,-253.260,-191.460,250.260,0.245,0.036,-1.252,12.220,6.986,-14.498,3.272,0.674,1.909,1.038,0,NULL,NULL,,0,0,0,7,255,0,250,0,0
baseline,17281,17281,0,212156.817,0.874,-0.315,-0.292,0.227,973,0,0,1193,0,441,0,0,52,0.935,35,0,384.455,7.613,117.460,-117.920,346.560,-0.160,-1.573,-1.279,-3.026,6.986,-20.162,3.436,0.532,1.909,1.038,0,NULL,NULL,,0,0,0,7,255,0,250,0,0
baseline,17296,17296,0,212161.817,0.876,-0.321,-0.284,0.220,1293,0,0,1363,0,538,0,0,52,0.935,35,0,304.834,11.085,144.140,-116.880,241.840,-0.899,-1.056,0.390,-10.340,-3.996,-20.162,3.628,0.366,1.909,1.038,0,NULL,NULL,,0,0,0,7,255,0,250,0,0
baseline,17296,17296,0,212166.816,0.876,-0.331,-0.276,0.217,1518,0,0,1548,0,613,0,7,52,0.935,35,0,276.117,11.085,205.160,-97.280,157.120,-0.723,2.043,1.533,-10.340,-3.996,-5.900,3.778,0.240,1.909,1.038,0,NULL,NULL,,0,0,0,7,255,0,250,0,0
baseline,17296,17296,0,212171.817,0.877,-0.331,-0.274,0.215,1747,0,0,1740,0,677,0,21,52,0.935,35,0,66.531,13.352,-27.500,-32.160,51.340,-0.479,4.065,2.225,11.028,7.528,12.202,3.894,0.158,1.909,1.038,0,NULL,NULL,,0,0,0,7,255,0,250,0,0
baseline,17296,17296,0,212176.817,0.878,-0.335,-0.270,0.211,2095,0,0,2105,0,749,0,37,52,0.935,35,0,158.803,13.352,87.860,-51.940,121.660,-1.142,1.355,2.590,11.028,7.528,19.382,3.960,0.146,1.909,1.038,0,NULL,NULL,,0,0,0,7,255,0,250,0,0
baseline,17311,17311,0,212181.817,0.883,-0.329,-0.265,0.204,2299,0,0,2346,0,777,0,47,52,0.935,35,0,285.865,8.457,-174.720,-138.980,178.540,-2.444,-1.457,2.345,7.806,-3.254,19.382,3.994,0.158,1.909,1.038,0,NULL,NULL,,0,0,0,7,255,0,250,0,0
baseline,17311,17311,0,212186.817,0.892,-0.308,-0.264,0.201,2479,0,0,2527,0,815,0,99,52,0.935,35,0,505.956,21.388,-488.080,-133.300,0.020,-1.873,-1.531,0.846,-17.168,-12.756,14.320,4.004,0.162,1.909,1.038,0,NULL,NULL,,0,0,0,7,255,0,250,0,0
baseline,17328,17328,0,212191.817,0.896,-0.291,-0.265,0.204,2585,0,0,2667,0,874,0,171,52,0.935,35,0,402.468,21.388,-352.640,-126.880,-146.720,-1.265,-0.472,-0.462,-17.168,-12.756,0.908,4.000,0.184,1.909,1.038,0,NULL,NULL,,0,0,0,7,255,0,250,0,0
baseline,17328,17328,0,212196.816,0.896,-0.283,-0.265,0.215,2681,0,0,2785,0,969,0,261,52,0.935,35,0,331.379,13.601,-126.740,-108.700,-286.240,-0.519,0.163,-0.432,-13.514,1.540,-8.048,3.984,0.230,1.909,1.038,0,NULL,NULL,,0,0,0,7,255,0,250,0,0
baseline,17360,17360,0,212201.817,0.895,-0.279,-0.263,0.230,2759,0,0,2857,0,1023,0,393,52,0.935,35,0,347.094,4.849,37.740,-92.160,-332.500,0.441,-0.265,0.482,-4.598,1.540,-9.956,3.974,0.282,1.909,1.038,0,NULL,NULL,,0,0,0,7,255,0,250,0,0
baseline,17360,17360,0,212206.817,0.892,-0.277,-0.260,0.243,2828,0,0,2949,0,1189,0,572,52,0.935,35,0,293.589,6.999,96.220,-40.100,-274.460,1.618,-0.977,1.460,3.988,-5.752,-10.012,3.976,0.300,1.909,1.038,0,NULL,NULL,,0,0,0,7,255,0,250,0,0
baseline,17360,17360,0,212211.817,0.890,-0.278,-0.260,0.250,2903,0,0,3005,6,1311,0,717,52,0.935,35,0,184.125,23.473,87.300,16.800,-161.240,1.940,-1.227,2.096,12.378,-19.944,-9.956,3.988,0.288,1.909,1.038,1,1211.000,1211.000,,0,0,0,7,255,0,250,0,0
baseline,17360,17360,0,212216.816,0.891,-0.276,-0.260,0.250,2956,0,0,3063,169,1407,0,929,52,0.935,35,0,32.203,24.728,-15.780,27.840,-3.600,1.725,-0.916,1.583,13.658,-20.614,-10.818,3.992,0.282,1.909,1.038,1,NULL,NULL,,0,0,0,7,255,0,250,0,0
baseline,17360,17360,0,212221.817,0.894,-0.275,-0.257,0.244,2987,0,0,3101,303,1529,0,1071,52,0.935,35,0,162.050,24.728,-55.220,-37.040,147.780,0.523,0.057,1.140,13.658,-20.614,-9.176,3.988,0.300,1.909,1.038,1,NULL,NULL,,0,0,0,7,255,0,250,0,0
baseline,17360,17360,0,212226.816,0.897,-0.273,-0.254,0.238,3017,0,31,3128,395,1613,0,1145,52,0.935,35,0,164.050,11.012,-79.380,-56.080,132.160,-0.413,0.683,1.015,8.520,-6.976,-4.484,3.994,0.312,1.909,1.038,1,NULL,NULL,,0,0,0,7,255,0,250,0,0
baseline,17390,17390,0,212231.817,0.899,-0.271,-0.253,0.235,3037,0,75,3145,467,1677,0,1233,52,0.935,35,0,109.360,4.501,-70.780,-45.520,69.840,-0.840,0.246,1.147,4.302,-1.324,1.640,4.036,0.292,1.909,1.038,1,NULL,NULL,,0,0,0,7,255,0,250,0,0
baseline,17390,17390,0,212236.817,0.899,-0.268,-0.254,0.235,3054,0,123,3163,589,1723,0,1314,52,0.935,36,0,69.328,1.518,-62.600,0.860,-29.780,-0.907,-0.062,1.069,-0.742,-1.324,2.732,4.110,0.242,1.909,1.038,1,NULL,NULL,,0,0,0,7,255,0,250,0,0
baseline,17390,17390,0,212241.817,0.898,-0.265,-0.255,0.240,3067,0,213,3177,671,1775,0,1371,52,0.935,36,0,120.581,3.198,-25.180,2.320,-117.900,-0.329,-0.295,0.806,-0.832,-3.088,2.732,4.212,0.166,1.909,1.038,1,NULL,NULL,,0,0,0,7,255,0,250,0,0
baseline,17390,17390,0,212246.816,0.898,-0.262,-0.255,0.244,3083,0,277,3190,795,1797,0,1438,52,0.935,36,0,101.584,5.343,-4.680,-10.980,-100.880,0.262,-0.318,0.860,-0.832,-5.278,-3.064,4.284,0.118,1.909,1.038,1,NULL,NULL,,0,0,0,7,255,0,250,0,0
baseline,17390,17390,0,212251.817,0.898,-0.261,-0.254,0.246,3091,23,300,3195,877,1837,0,1479,52,0.935,36,0,29.608,8.211,1.000,-3.360,-29.400,0.424,-0.216,0.888,3.636,-7.362,-5.956,4.336,0.094,1.909,1.038,1,NULL,NULL,,0,0,0,7,255,0,250,0,0
baseline,17390,17390,0,212256.816,0.899,-0.261,-0.253,0.245,3101,41,375,3207,914,1871,0,1533,52,0.935,36,0,28.586,8.415,-0.940,-4.940,28.140,0.152,-0.159,0.981,4.076,-7.362,-5.956,4.368,0.090,1.909,1.038,1,NULL,NULL,,0,0,0,7,255,0,250,0,0
baseline,17390,17390,0,212261.817,0.900,-0.260,-0.252,0.243,3109,69,459,3213,937,1907,0,1589,52,0.935,36,0,37.809,7.672,-8.940,-1.640,36.700,-0.195,-0.122,1.018,4.076,-6.500,-3.968,4.396,0.084,1.909,1.038,1,NULL,NULL,,0,0,0,7,255,0,250,0,0
baseline,17390,17390,0,212266.817,0.900,-0.260,-0.252,0.243,3118,77,533,3221,971,1941,0,1657,52,0.935,36,0,17.219,5.580,-12.180,-0.540,12.160,-0.296,-0.154,0.939,1.804,-5.280,-1.792,4.424,0.074,1.909,1.038,1,NULL,NULL,,0,0,0,7,255,0,250,0,0
baseline,17391,17391,0,212271.818,0.900,-0.259,-0.252,0.243,3128,123,567,3227,1017,1979,0,1693,52,0.935,36,0,7.395,4.970,-1.980,-0.960,-7.060,-0.183,-0.140,0.859,1.228,-4.816,-1.792,4.460,0.060,1.909,1.038,1,NULL,NULL,,0,0,0,7,255,0,250,0,0
baseline,17391,17391,0,212276.817,0.900,-0.259,-0.251,0.244,3141,148,599,3231,1063,1991,0,1725,52,0.935,36,0,14.933,4.819,14.500,-0.600,-3.520,-0.056,-0.047,0.902,1.228,-4.660,-2.988,4.496,0.048,1.909,1.038,1,NULL,NULL,,0,0,0,7,255,0,250,0,0
baseline,17412,17412,0,212281.817,0.900,-0.259,-0.250,0.243,3144,156,629,3237,1079,2003,0,1755,52,0.935,36,0,23.243,5.334,20.300,-1.340,11.240,-0.068,0.043,1.013,2.812,-4.532,-2.988,4.530,0.040,1.909,1.038,1,NULL,NULL,,0,0,0,7,255,0,250,0,0
baseline,17412,17412,0,212286.816,0.901,-0.260,-0.250,0.243,3157,173,653,3239,1098,2019,0,1787,52,0.935,36,0,19.707,5.603,11.800,0.860,15.760,-0.136,0.064,1.104,3.484,-4.388,-1.958,4.560,0.036,1.909,1.038,1,NULL,NULL,,0,0,0,7,255,0,250,0,0
baseline,17424,17424,0,212291.817,0.901,-0.259,-0.249,0.242,3156,172,653,3244,1120,2033,0,1797,52,0.935,36,0,11.929,5.581,1.440,2.380,11.600,-0.172,0.010,1.036,3.484,-4.360,-1.286,4.592,0.036,1.909,1.038,1,NULL,NULL,,0,0,0,7,255,0,250,0,0
baseline,17424,17424,0,212296.817,0.901,-0.259,-0.249,0.242,3165,174,662,3247,1143,2045,0,1815,52,0.935,36,0,5.975,5.142,-0.220,1.840,5.680,-0.140,-0.033,0.979,2.680,-4.388,-1.286,4.620,0.042,1.909,1.038,1,NULL,NULL,,0,0,0,7,255,0,250,0,0
baseline,17450,17450,0,212301.817,0.901,-0.259,-0.249,0.242,3165,173,665,3247,1163,2065,0,1824,52,0.935,36,0,10.545,5.118,8.140,3.360,5.800,-0.094,-0.011,0.933,2.680,-4.360,-2.002,4.650,0.048,1.909,1.038,1,NULL,NULL,,0,0,0,7,255,0,250,0,0
baseline,17450,17450,0,212306.817,0.902,-0.259,-0.248,0.242,3175,191,665,3251,1175,2076,0,1833,52,0.935,36,0,20.731,5.095,17.660,3.720,10.200,-0.100,0.026,0.947,2.782,-4.268,-2.318,4.678,0.054,1.909,1.038,1,NULL,NULL,,0,0,0,7,255,0,250,0,0
baseline,17451,17451,0,212311.817,0.902,-0.260,-0.247,0.242,3173,189,661,3245,1179,2092,0,1847,52,0.935,36,0,26.112,5.003,22.800,3.120,12.340,-0.132,0.046,0.996,2.968,-4.028,-2.318,4.704,0.056,1.909,1.038,1,NULL,NULL,,0,0,0,7,255,0,250,0,0
baseline,17451,17451,0,212316.816,0.902,-0.261,-0.247,0.241,3187,189,659,3251,1187,2107,0,1848,52,0.935,36,0,23.494,4.998,20.900,2.940,10.320,-0.143,0.067,1.033,2.986,-4.008,-1.710,4.730,0.058,1.909,1.038,1,NULL,NULL,,0,0,0,7,255,0,250,0,0
baseline,17452,17452,0,212321.817,0.902,-0.261,-0.246,0.241,3183,205,646,3256,1189,2123,0,1855,52,0.935,36,0,19.293,5.076,16.820,3.120,8.920,-0.132,0.063,1.018,3.130,-3.996,-1.490,4.760,0.060,1.909,1.038,1,NULL,NULL,,0,0,0,7,255,0,250,0,0
baseline,17452,17452,0,212326.816,0.902,-0.262,-0.246,0.241,3195,205,632,3251,1189,2139,0,1867,52,0.935,36,0,19.569,5.076,16.200,3.000,10.560,-0.119,0.056,0.995,3.130,-3.996,-1.490,4.786,0.062,1.909,1.038,1,NULL,NULL,,0,0,0,7,255,0,250,0,0
baseline,17480,17480,0,212331.817,0.902,-0.262,-0.245,0.241,3191,207,611,3253,1191,2141,0,1880,52,0.935,36,0,23.369,5.051,18.340,2.640,14.240,-0.121,0.065,0.992,3.100,-3.988,-1.746,4.812,0.062,1.909,1.038,1,NULL,NULL,,0,0,0,7,255,0,250,0,0
baseline,17480,17480,0,212336.817,0.902,-0.263,-0.244,0.240,3193,209,595,3259,1191,2159,0,1881,52,0.935,36,0,26.908,4.984,20.780,2.440,16.920,-0.131,0.084,1.013,3.100,-3.902,-1.746,4.836,0.062,1.909,1.038,1,NULL,NULL,,0,0,0,7,255,0,250,0,0
baseline,17480,17480,0,212341.817,0.902,-0.264,-0.244,0.240,3195,207,572,3255,1191,2163,0,1895,52,0.935,36,0,27.155,4.982,20.220,1.960,18.020,-0.135,0.100,1.040,3.182,-3.834,-1.470,4.862,0.060,1.909,1.038,1,NULL,NULL,,0,0,0,7,255,0,250,0,0
baseline,17480,17480,0,212346.816,0.902,-0.264,-0.243,0.239,3195,211,552,3253,1189,2171,0,1895,52,0.935,36,0,25.876,5.058,17.540,1.780,18.940,-0.139,0.107,1.042,3.306,-3.828,-1.202,4.888,0.058,1.909,1.038,1,NULL,NULL,,0,0,0,7,255,0,250,0,0
baseline,17480,17480,0,212351.817,0.903,-0.265,-0.242,0.238,3197,216,531,3256,1181,2173,0,1899,52,0.935,36,0,25.791,5.023,15.600,0.860,20.520,-0.140,0.113,1.030,3.306,-3.782,-1.202,4.914,0.056,1.909,1.038,1,NULL,NULL,,0,0,0,7,255,0,250,0,0
baseline,17480,17480,0,212356.817,0.903,-0.265,-0.241,0.238,3196,211,504,3249,1175,2175,0,1913,52,0.935,36,0,26.826,4.946,16.200,0.320,21.380,-0.151,0.092,1.007,3.276,-3.706,-1.206,4.936,0.052,1.909,1.038,1,NULL,NULL,,0,0,0,7,255,0,250,0,0
baseline,17488,17488,0,212361.817,0.903,-0.266,-0.241,0.237,3193,216,489,3251,1169,2183,0,1919,52,0.935,36,0,29.127,4.740,19.440,-0.660,21.680,-0.154,0.095,1.004,2.990,-3.678,-1.380,4.962,0.050,1.909,1.038,1,NULL,NULL,,0,0,0,7,255,0,250,0,0
baseline,17488,17488,0,212366.817,0.903,-0.267,-0.240,0.236,3215,213,469,3245,1170,2185,0,1931,52,0.935,36,0,31.208,4.726,22.240,-1.220,21.860,-0.149,0.122,1.018,2.990,-3.660,-1.380,4.986,0.046,1.909,1.038,1,NULL,NULL,,0,0,0,7,255,0,250,0,0
baseline,17509,17509,0,212371.817,0.903,-0.267,-0.239,0.236,3187,214,459,3243,1163,2184,0,1929,52,0.935,36,0,32.101,4.743,22.600,-1.880,22.720,-0.150,0.151,1.041,3.154,-3.542,-1.218,5.010,0.042,1.909,1.038,1,NULL,NULL,,0,0,0,7,255,0,250,0,0
baseline,17509,17509,0,212376.816,0.904,-0.268,-0.238,0.235,3186,216,431,3237,1151,2186,0,1939,52,0.935,36,0,30.647,4.800,20.160,-1.700,23.020,-0.154,0.167,1.055,3.356,-3.432,-0.952,5.034,0.038,1.909,1.038,1,NULL,NULL,,0,0,0,7,255,0,250,0,0
baseline,17509,17509,0,212381.817,0.904,-0.269,-0.237,0.234,3177,219,425,3235,1150,2188,0,1944,52,0.935,36,0,28.014,4.755,16.440,-1.940,22.600,-0.163,0.166,1.046,3.356,-3.368,-0.800,5.058,0.034,1.909,1.038,1,NULL,NULL,,0,0,0,7,255,0,250,0,0
baseline,17509,17509,0,212386.817,0.904,-0.269,-0.236,0.233,3173,219,414,3227,1151,2189,0,1951,52,0.935,36,0,25.129,4.719,13.460,-2.060,21.120,-0.168,0.148,1.033,3.306,-3.368,-0.800,5.082,0.030,1.909,1.038,1,NULL,NULL,,0,0,0,7,255,0,250,0,0
baseline,17521,17521,0,212391.817,0.904,-0.270,-0.236,0.233,3163,219,409,3223,1150,2195,0,1951,52,0.935,36,0,22.709,4.580,11.740,-2.320,19.300,-0.176,0.138,1.017,3.114,-3.358,-0.916,5.106,0.026,1.909,1.038,1,NULL,NULL,,0,0,0,7,255,0,250,0,0
baseline,17521,17521,0,212396.817,0.905,-0.270,-0.235,0.232,3155,217,409,3222,1159,2196,0,1971,52,0.935,36,0,20.427,4.458,11.440,-2.860,16.680,-0.190,0.140,1.012,2.932,-3.358,-0.986,5.128,0.022,1.909,1.038,1,NULL,NULL,,0,0,0,7,255,0,250,0,0
baseline,17552,17552,0,212401.817,0.905,-0.270,-0.234,0.232,3144,218,409,3209,1165,2201,0,1974,52,0.935,36,0,17.999,4.315,11.680,-3.420,13.260,-0.206,0.153,1.018,2.802,-3.282,-0.986,5.152,0.020,1.909,1.038,1,NULL,NULL,,0,0,0,7,255,0,250,0,0
baseline,17552,17552,0,212406.816,0.905,-0.270,-0.233,0.232,3131,221,414,3197,1173,2204,0,1993,52,0.935,36,0,13.513,4.223,11.020,-3.280,7.100,-0.215,0.194,1.042,2.802,-3.160,-0.814,5.174,0.016,1.909,1.038,1,NULL,NULL,,0,0,0,7,255,0,250,0,0
baseline,17552,17552,0,212411.817,0.905,-0.270,-0.233,0.232,3119,222,419,3191,1189,2211,0,2009,52,0.935,36,0,8.023,4.151,7.280,-3.040,-1.460,-0.201,0.217,1.064,2.946,-2.924,-0.456,5.198,0.014,1.909,1.038,1,NULL,NULL,,0,0,0,7,255,0,250,0,0
baseline,17552,17552,0,212416.816,0.905,-0.270,-0.232,0.232,3103,223,425,3179,1208,2217,0,2025,52,0.935,36,0,7.866,4.360,1.620,-2.380,-7.320,-0.160,0.185,1.058,3.234,-2.924,-0.456,5.218,0.010,1.909,1.038,1,NULL,NULL,,0,0,0,7,255,0,250,0,0
baseline,17552,17552,0,212421.817,0.905,-0.270,-0.232,0.232,3093,229,435,3171,1221,2221,0,2043,52,0.935,36,0,9.042,4.578,-3.820,-2.320,-7.860,-0.139,0.118,1.026,3.234,-3.240,-0.634,5.242,0.008,1.909,1.038,1,NULL,NULL,,0,0,0,7,255,0,250,0,0
baseline,17552,17552,0,212426.816,0.906,-0.269,-0.232,0.233,3078,222,447,3161,1237,2227,0,2063,52,0.935,36,0,9.921,4.787,-5.840,-2.500,-7.620,-0.156,0.080,0.986,3.086,-3.660,-1.176,5.264,0.006,1.909,1.038,1,NULL,NULL,,0,0,0,7,255,0,250,0,0
baseline,17567,17567,0,212431.817,0.906,-0.268,-0.231,0.233,3055,219,483,3151,1251,2232,0,2078,52,0.935,36,0,11.875,4.503,-3.940,-2.500,-10.920,-0.171,0.082,0.969,2.624,-3.660,-1.502,5.286,0.002,1.909,1.038,1,NULL,NULL,,0,0,0,7,255,0,250,0,0
baseline,17567,17567,0,212436.816,0.906,-0.268,-0.231,0.234,3039,219,503,3141,1272,2235,0,2093,52,0.935,36,0,16.121,4.448,-0.880,-2.380,-15.920,-0.152,0.086,0.978,2.624,-3.592,-1.546,5.306,0.000,1.909,1.038,1,NULL,NULL,,0,0,0,7,255,0,250,0,0
baseline,17567,17567,0,212441.817,0.906,-0.267,-0.230,0.235,3027,223,507,3128,1299,2239,0,2102,52,0.935,36,0,17.973,4.463,-0.100,-1.820,-17.880,-0.116,0.086,0.998,2.648,-3.592,-1.560,0.000,0.000,1.909,1.038,1,NULL,NULL,,0,0,0,7,255,0,250,0,0
baseline,17567,17567,0,212446.816,0.906,-0.266,-0.230,0.235,3016,235,541,3115,1327,2239,0,2107,52,0.935,36,0,16.099,4.832,-1.980,-1.340,-15.920,-0.101,0.073,1.002,2.990,-3.796,-1.586,0.000,0.000,1.909,1.038,1,NULL,NULL,,0,0,0,7,255,0,250,0,0
baseline,17584,17584,0,212451.817,0.906,-0.266,-0.230,0.236,2996,237,565,3101,1350,2257,0,2124,52,0.935,36,0,14.259,4.948,-4.560,-0.900,-13.480,-0.118,0.058,0.988,2.990,-3.942,-1.654,0.000,0.000,1.909,1.038,1,NULL,NULL,,0,0,0,7,255,0,250,0,0
baseline,17584,17584,0,212456.817,0.906,-0.265,-0.229,0.236,2973,244,606,3093,1387,2261,0,2139,52,0.935,36,0,14.368,4.831,-5.220,-1.520,-13.300,-0.143,0.049,0.964,2.792,-3.942,-1.720,0.000,0.000,1.909,1.038,1,NULL,NULL,,0,0,0,7,255,0,250,0,0
baseline,17600,17600,0,212461.817,0.906,-0.264,-0.229,0.237,2955,260,653,3082,1415,2259,0,2159,52,0.935,36,0,15.737,4.541,-2.900,-1.640,-15.380,-0.150,0.055,0.957,2.476,-3.806,-1.790,0.000,0.000,1.909,1.038,1,NULL,NULL,,0,0,0,7,255,0,250,0,0
baseline,17600,17600,0,212466.816,0.906,-0.264,-0.229,0.238,2940,265,683,3077,1452,2265,0,2173,52,0.935,36,0,17.284,4.442,0.080,-1.700,-17.200,-0.145,0.071,0.973,2.476,-3.688,-1.790,0.000,0.000,1.909,1.038,2,NULL,NULL,,0,0,0,7,255,0,250,0,0
baseline,17600,17600,0,212471.817,0.906,-0.263,-0.228,0.238,2925,269,716,3059,1471,2269,0,2185,52,0.935,36,0,18.221,4.475,1.240,-1.460,-18.120,-0.139,0.097,0.995,2.594,-3.646,-1.642,0.000,0.000,1.909,1.038,2,NULL,NULL,,0,0,0,7,255,0,250,0,0
baseline,17600,17600,0,212476.816,0.906,-0.263,-0.228,0.239,2905,264,779,3047,1499,2275,0,2203,52,0.935,36,0,18.155,4.568,-0.340,-1.820,-18.060,-0.127,0.101,1.001,2.830,-3.586,-1.422,0.000,0.000,1.909,1.038,2,NULL,NULL,,0,0,0,7,255,0,250,0,0
baseline,17616,17616,0,212481.817,0.907,-0.262,-0.228,0.240,2889,275,821,3037,1545,2281,0,2217,52,0.935,36,0,17.252,4.573,-3.400,-2.120,-16.780,-0.133,0.089,0.998,2.838,-3.586,-1.422,0.000,0.000,1.909,1.038,2,NULL,NULL,,0,0,0,7,255,0,250,0,0
baseline,17616,17616,0,212486.817,0.907,-0.261,-0.227,0.241,2879,287,872,3027,1580,2287,8,2237,52,0.935,36,0,17.591,4.573,-4.680,-3.160,-16.660,-0.157,0.084,0.983,2.838,-3.586,-1.434,0.000,0.000,1.909,1.038,2,NULL,NULL,,0,0,0,7,255,0,250,0,0
baseline,17632,17632,0,212491.817,0.907,-0.261,-0.227,0.241,2855,297,922,3015,1615,2291,29,2251,52,0.935,36,0,20.575,4.398,-4.300,-3.100,-19.880,-0.156,0.093,0.991,2.652,-3.508,-1.434,0.000,0.000,1.909,1.038,2,NULL,NULL,,0,0,0,7,255,0,250,0,0
baseline,17632,17632,0,212496.817,0.907,-0.260,-0.227,0.242,2823,303,958,2997,1673,2311,36,2267,52,0.971,36,0,22.538,4.398,-3.020,-1.820,-22.260,-0.128,0.084,0.982,2.652,-3.508,-1.438,0.000,0.000,1.777,1.058,3,NULL,NULL,,0,0,0,7,255,0,250,0,0
baseline,17648,17648,0,212501.817,0.907,-0.259,-0.226,0.243,2809,317,1017,2981,1717,2317,47,2281,52,0.971,36,0,21.386,4.533,-3.140,-1.520,-21.100,-0.104,0.064,0.990,2.794,-3.570,-1.580,0.022,0.002,1.777,1.058,3,NULL,NULL,,0,0,0,7,255,0,250,0,0
baseline,17648,17648,0,212506.817,0.907,-0.258,-0.226,0.244,2789,331,1093,2971,1759,2327,71,2310,52,0.971,36,0,19.252,4.741,-4.360,-2.380,-18.600,-0.110,0.042,0.990,2.794,-3.830,-1.690,0.044,0.002,1.777,1.058,3,NULL,NULL,,0,0,0,7,255,0,250,0,0
baseline,17648,17648,0,212511.817,0.907,-0.258,-0.226,0.245,2767,343,1137,2955,1785,2331,106,2317,52,0.971,36,0,18.351,4.814,-6.500,-2.620,-16.960,-0.124,0.024,0.988,2.732,-3.964,-1.694,0.066,0.004,1.777,1.058,3,NULL,NULL,,0,0,0,7,255,0,250,0,0
baseline,17648,17648,0,212516.816,0.907,-0.257,-0.225,0.245,2739,353,1181,2939,1823,2343,140,2340,52,0.971,36,0,17.732,4.703,-6.620,-2.740,-16.220,-0.126,0.028,0.983,2.530,-3.964,-1.702,0.090,0.006,1.777,1.058,3,NULL,NULL,,0,0,0,7,255,0,250,0,0
baseline,17663,17663,0,212521.817,0.907,-0.256,-0.225,0.246,2717,365,1225,2931,1845,2347,169,2350,52,0.971,36,0,17.134,4.703,-6.080,-3.280,-15.680,-0.135,0.057,0.987,2.530,-3.964,-1.694,0.112,0.006,1.777,1.058,3,NULL,NULL,,0,0,0,7,255,0,250,0,0
baseline,17663,17663,0,212526.816,0.908,-0.255,-0.225,0.247,2696,377,1253,2915,1877,2358,245,2379,52,0.971,36,0,18.040,4.533,-6.500,-4.260,-16.280,-0.134,0.075,0.993,2.604,-3.710,-1.542,0.136,0.008,1.777,1.058,3,NULL,NULL,,0,0,0,7,255,0,250,0,0
baseline,17663,17663,0,212531.817,0.908,-0.254,-0.224,0.247,2664,393,1309,2903,1909,2365,302,2395,52,0.971,36,0,18.524,4.522,-7.420,-5.000,-16.220,-0.128,0.080,1.007,2.712,-3.618,-1.444,0.156,0.010,1.777,1.058,3,NULL,NULL,,0,0,0,7,255,0,250,0,0
baseline,17663,17663,0,212536.816,0.908,-0.253,-0.224,0.248,2633,415,1385,2888,1955,2374,339,2411,52,0.971,36,0,19.902,4.518,-9.180,-5.120,-16.900,-0.140,0.071,1.005,2.712,-3.614,-1.342,0.180,0.010,1.777,1.058,3,NULL,NULL,,0,0,0,7,255,0,250,0,0
baseline,17663,17663,0,212541.817,0.908,-0.252,-0.223,0.249,2599,445,1445,2867,1991,2381,361,2426,52,0.971,36,0,21.200,4.505,-9.920,-5.600,-17.880,-0.129,0.057,0.996,2.684,-3.618,-1.342,0.202,0.012,1.777,1.058,3,NULL,NULL,,0,0,0,7,255,0,250,0,0
baseline,17663,17663,0,212546.816,0.908,-0.251,-0.223,0.249,2569,475,1501,2848,2034,2393,376,2446,52,0.971,36,0,19.702,4.485,-8.820,-6.280,-16.460,-0.133,0.061,0.991,2.654,-3.616,-1.470,0.226,0.012,1.777,1.058,3,NULL,NULL,,0,0,0,7,255,0,250,0,0
baseline,17680,17680,0,212551.817,0.908,-0.251,-0.223,0.250,2533,495,1575,2829,2073,2397,411,2460,52,0.971,36,0,21.016,4.485,-8.640,-6.220,-18.120,-0.140,0.078,1.012,2.654,-3.616,-1.470,0.248,0.014,1.777,1.058,3,NULL,NULL,,0,0,0,7,255,0,250,0,0
baseline,17680,17680,0,212556.817,0.909,-0.250,-0.222,0.251,2485,505,1641,2808,2108,2407,461,2473,52,0.971,36,0,24.242,4.531,-10.600,-6.340,-20.860,-0.120,0.065,1.012,2.730,-3.616,-1.338,0.272,0.016,1.777,1.058,3,NULL,NULL,,0,0,0,7,255,0,250,0,0
baseline,17695,17695,0,212561.817,0.909,-0.248,-0.222,0.252,2451,531,1685,2787,2139,2419,495,2495,52,0.971,36,0,24.845,4.608,-13.160,-6.640,-20.000,-0.098,0.030,1.002,2.766,-3.686,-1.338,0.292,0.016,1.777,1.058,3,NULL,NULL,,0,0,0,7,255,0,250,0,0
baseline,17695,17695,0,212566.817,0.909,-0.247,-0.221,0.252,2408,542,1737,2759,2163,2421,533,2517,52,0.971,36,0,23.158,4.845,-14.620,-7.320,-16.400,-0.091,-0.003,0.979,2.766,-3.978,-1.602,0.316,0.018,1.777,1.058,3,NULL,NULL,,0,0,0,7,255,0,250,0,0
baseline,17695,17695,0,212571.817,0.909,-0.246,-0.221,0.253,2363,559,1779,2732,2195,2437,594,2535,52,0.971,36,0,19.429,4.801,-12.860,-8.480,-11.840,-0.109,-0.016,0.959,2.562,-4.060,-1.890,0.338,0.020,1.777,1.058,3,NULL,NULL,,0,0,0,7,255,0,250,0,0
baseline,17695,17695,0,212576.817,0.910,-0.245,-0.220,0.253,2313,570,1819,2697,2223,2444,657,2551,52,0.971,36,0,16.694,4.661,-9.680,-9.020,-10.180,-0.131,0.000,0.973,2.290,-4.060,-1.890,0.362,0.020,1.777,1.058,3,NULL,NULL,,0,0,0,7,255,0,250,0,0
baseline,17712,17712,0,212581.817,0.910,-0.244,-0.220,0.254,2259,607,1863,2661,2258,2452,685,2572,52,0.971,36,0,17.277,4.523,-7.900,-9.340,-12.200,-0.129,0.030,1.000,2.290,-3.900,-1.716,0.384,0.022,1.777,1.058,3,NULL,NULL,,0,0,0,7,255,0,250,0,0
baseline,17712,17712,0,212586.816,0.910,-0.243,-0.219,0.254,2195,613,1907,2617,2283,2457,728,2591,52,0.971,36,0,17.394,4.523,-7.540,-10.060,-12.020,-0.108,0.042,0.995,2.492,-3.774,-1.532,0.406,0.024,1.777,1.058,3,NULL,NULL,,0,0,0,7,255,0,250,0,0
baseline,17728,17728,0,212591.817,0.910,-0.242,-0.218,0.255,2102,619,1958,2579,2315,2467,789,2605,52,0.971,36,0,14.575,4.586,-5.720,-10.860,-7.860,-0.106,0.052,0.997,2.698,-3.708,-1.488,0.428,0.024,1.777,1.058,3,NULL,NULL,,0,0,0,7,255,0,250,0,0
baseline,17728,17728,0,212596.817,0.911,-0.242,-0.217,0.255,2043,645,1996,2535,2357,2473,847,2633,52,0.971,36,0,13.336,4.526,-3.640,-11.600,-5.480,-0.143,0.065,1.004,2.698,-3.634,-1.488,0.450,0.026,1.777,1.058,3,NULL,NULL,,0,0,0,7,255,0,250,0,0
baseline,17745,17745,0,212601.817,0.911,-0.241,-0.217,0.255,1995,658,2042,2479,2391,2479,877,2651,52,0.971,36,0,15.007,4.294,-3.820,-12.680,-7.060,-0.172,0.064,1.039,2.556,-3.450,-1.208,0.472,0.028,1.777,1.058,3,NULL,NULL,,0,0,0,7,255,0,250,0,0
baseline,17745,17745,0,212606.817,0.911,-0.240,-0.216,0.256,1919,672,2095,2423,2421,2484,921,2667,52,0.971,36,0,19.596,4.294,-8.520,-13.420,-11.460,-0.164,0.061,1.084,2.556,-3.450,-0.774,0.496,0.030,1.777,1.058,3,NULL,NULL,,0,0,0,7,255,0,250,0,0
baseline,17777,17777,0,212611.817,0.912,-0.239,-0.215,0.256,1829,667,2141,2358,2460,2487,949,2681,52,0.971,36,0,26.185,4.515,-16.460,-14.280,-14.520,-0.133,0.064,1.088,2.602,-3.690,-0.536,0.518,0.032,1.777,1.058,3,NULL,NULL,,0,0,0,7,255,0,250,0,0
baseline,17777,17777,0,212616.816,0.912,-0.238,-0.214,0.257,1726,659,2193,2294,2490,2491,1003,2703,52,0.971,36,0,29.535,4.666,-21.520,-14.640,-13.960,-0.108,0.072,1.050,2.856,-3.690,-0.536,0.540,0.034,1.777,1.058,3,NULL,NULL,,0,0,0,7,255,0,250,0,0
baseline,17777,17777,0,212621.817,0.912,-0.236,-0.214,0.257,1635,654,2232,2221,2521,2495,1071,2719,52,0.971,36,0,28.399,4.591,-21.520,-16.220,-8.960,-0.123,0.081,1.032,2.856,-3.594,-0.944,0.560,0.036,1.777,1.058,3,NULL,NULL,,0,0,0,7,255,0,250,0,0
baseline,17777,17777,0,212626.816,0.913,-0.235,-0.213,0.257,1524,648,2275,2147,2553,2495,1123,2742,52,0.971,36,0,29.064,4.512,-21.940,-16.480,-9.580,-0.154,0.051,1.046,2.838,-3.508,-0.944,0.584,0.038,1.777,1.058,3,NULL,NULL,,0,0,0,7,255,0,250,0,0
baseline,17778,17778,0,212631.818,0.913,-0.233,-0.212,0.258,1388,615,2321,2039,2584,2501,1193,2761,52,0.971,36,0,34.973,4.295,-25.980,-17.440,-15.620,-0.158,0.002,1.065,2.478,-3.508,-0.774,0.604,0.040,1.777,1.058,3,NULL,NULL,,0,0,0,7,255,0,250,0,0
baseline,17778,17778,0,212636.816,0.914,-0.231,-0.212,0.259,1261,575,2367,1886,2608,2491,1253,2781,52,0.971,36,0,38.980,4.603,-29.520,-17.880,-18.120,-0.132,-0.008,1.068,2.396,-3.930,-0.774,0.626,0.042,1.777,1.058,3,NULL,NULL,,0,0,0,7,255,0,250,0,0
baseline,17779,17779,0,212641.817,0.914,-0.229,-0.211,0.259,1143,555,2395,1773,2633,2487,1295,2799,52,0.971,36,0,41.518,4.603,-33.120,-18.360,-17.020,-0.117,0.017,1.059,2.396,-3.930,-0.790,0.648,0.044,1.777,1.058,3,NULL,NULL,,0,0,0,7,255,0,250,0,0
baseline,17779,17779,0,212646.816,0.915,-0.227,-0.210,0.260,998,485,2427,1613,2665,2483,1363,2825,52,0.971,36,0,40.975,4.657,-32.200,-20.380,-15.060,-0.130,0.078,1.048,2.612,-3.856,-0.790,0.670,0.046,1.777,1.058,3,NULL,NULL,,0,0,0,7,255,0,250,0,0
baseline,17792,17792,0,212651.817,0.915,-0.225,-0.209,0.260,841,439,2473,1445,2681,2471,1419,2831,52,0.971,36,0,40.980,4.282,-30.920,-21.720,-15.860,-0.134,0.110,1.056,2.800,-3.240,-0.752,0.692,0.048,1.777,1.058,3,NULL,NULL,,0,0,0,7,255,0,250,0,0
baseline,17792,17792,0,212656.817,0.916,-0.223,-0.209,0.261,688,355,2517,1244,2723,2455,1477,2845,52,0.971,36,0,42.589,4.264,-31.900,-22.460,-17.080,-0.156,0.071,1.075,2.800,-3.216,-0.588,0.716,0.048,1.777,1.058,3,NULL,NULL,,0,0,0,7,255,0,250,0,0
baseline,17792,17792,0,212661.817,0.916,-0.221,-0.208,0.261,507,271,2535,1067,2741,2429,1527,2854,52,0.971,36,0,45.514,4.212,-32.020,-24.720,-20.860,-0.141,0.065,1.079,2.720,-3.216,-0.420,0.738,0.050,1.777,1.058,3,NULL,NULL,,0,0,0,7,255,0,250,0,0
baseline,17792,17792,0,212666.817,0.917,-0.219,-0.207,0.262,367,211,2578,814,2773,2409,1584,2873,52,0.971,36,0,51.090,4.275,-35.260,-26.540,-25.740,-0.093,0.065,1.071,2.720,-3.298,-0.420,0.760,0.052,1.777,1.058,3,NULL,NULL,,0,0,0,7,255,0,250,0,0
baseline,17812,17812,0,212671.817,0.917,-0.217,-0.206,0.263,253,153,2607,690,2783,2381,1645,2886,52,0.971,36,0,55.825,4.582,-38.120,-29.540,-28.120,-0.040,0.041,1.024,3.062,-3.408,-0.690,0.780,0.054,1.777,1.058,3,NULL,NULL,,0,0,0,7,255,0,250,0,0
baseline,17812,17812,0,212676.816,0.918,-0.214,-0.204,0.264,168,91,2631,568,2767,2340,1719,2895,52,0.971,36,0,48.692,4.703,-30.240,-32.900,-19.340,-0.157,-0.119,1.050,3.062,-3.570,-0.884,0.804,0.056,1.777,1.058,3,NULL,NULL,,0,0,0,7,255,0,250,0,0
baseline,17812,17812,0,212681.817,0.919,-0.213,-0.203,0.264,109,57,2651,487,2829,2301,1759,2910,52,0.971,36,0,47.021,4.692,-11.820,-45.400,3.180,-0.317,-0.165,1.135,1.504,-4.444,-0.884,0.824,0.056,1.777,1.058,3,NULL,NULL,,0,0,0,7,255,0,250,0,0
baseline,17812,17812,0,212686.817,0.919,-0.212,-0.200,0.265,55,3,2679,425,2847,2234,1810,2921,52,0.971,36,0,54.491,4.455,8.520,-53.820,-0.240,-0.439,-0.094,1.370,0.318,-4.444,0.506,0.848,0.060,1.777,1.058,3,NULL,NULL,,0,0,0,7,255,0,250,0,0
baseline,17813,17813,0,212691.817,0.920,-0.212,-0.197,0.266,37,0,2699,365,2862,2149,1851,2925,52,0.971,36,0,65.577,4.304,18.700,-62.120,-9.580,-0.407,0.075,1.486,0.318,-4.292,3.192,0.868,0.064,1.777,1.058,3,NULL,NULL,,0,0,0,7,255,0,250,0,0
baseline,17813,17813,0,212696.817,0.920,-0.212,-0.194,0.266,33,0,2714,334,2885,2093,1891,2936,52,0.971,36,0,78.077,3.890,14.060,-76.720,-3.520,-0.255,0.334,1.511,1.722,-3.488,4.374,0.888,0.068,1.777,1.058,3,NULL,NULL,,0,0,0,7,255,0,250,0,0
baseline,17855,17855,0,212701.817,0.921,-0.209,-0.191,0.267,22,0,2725,303,2904,2040,1919,2940,52,0.971,36,0,87.880,5.262,-46.840,-73.000,-14.140,-0.068,0.117,1.312,3.940,-3.488,4.374,0.908,0.072,1.777,1.058,3,NULL,NULL,,0,0,0,7,255,0,250,0,0
baseline,17855,17855,0,212706.816,0.923,-0.206,-0.188,0.266,2,0,2740,247,2918,1989,1961,2951,52,0.971,36,0,92.246,5.428,-48.860,-77.440,11.180,-0.046,-0.126,1.068,3.940,-3.734,1.536,0.932,0.074,1.777,1.058,3,NULL,NULL,,0,0,0,7,255,0,250,0,0
baseline,17855,17855,0,212711.817,0.924,-0.203,-0.184,0.265,0,0,2748,219,2931,1925,1997,2955,52,0.971,36,0,97.096,4.850,-30.000,-86.000,33.640,-0.137,-0.146,1.035,2.108,-4.368,-0.964,0.952,0.074,1.777,1.058,3,NULL,NULL,,0,0,0,7,255,0,250,0,0
baseline,17855,17855,0,212716.816,0.926,-0.202,-0.180,0.264,0,0,2757,151,2941,1851,2027,2959,52,0.971,36,0,95.794,4.518,-10.840,-89.660,31.940,-0.234,-0.070,1.050,1.154,-4.368,-0.964,0.978,0.076,1.777,1.058,3,NULL,NULL,,0,0,0,7,255,0,250,0,0
baseline,17855,17855,0,212721.817,0.927,-0.201,-0.176,0.264,0,0,2761,85,2957,1783,2053,2965,52,0.971,36,0,98.405,3.543,6.620,-95.460,22.960,-0.232,0.022,1.144,1.154,-3.350,-0.266,0.998,0.078,1.777,1.058,3,NULL,NULL,,0,0,0,7,255,0,250,0,0
baseline,17855,17855,0,212726.816,0.928,-0.200,-0.171,0.264,0,0,2763,14,2967,1688,2079,2965,52,0.971,36,0,104.707,3.286,15.520,-101.620,19.900,-0.159,0.087,1.229,1.426,-2.960,0.730,1.018,0.082,1.777,1.058,3,NULL,NULL,,0,0,0,7,255,0,250,0,0
baseline,17878,17878,0,212731.817,0.929,-0.200,-0.166,0.263,0,0,2765,0,2970,1624,2103,2967,52,0.971,36,0,109.126,3.845,11.920,-106.080,22.660,-0.071,0.101,1.303,2.454,-2.960,1.336,1.036,0.088,1.777,1.058,3,NULL,NULL,,0,0,0,7,255,0,250,0,0
baseline,17878,17878,0,212736.816,0.930,-0.199,-0.161,0.262,0,0,2751,0,2984,1517,2141,2959,52,0.971,36,0,114.619,4.743,1.180,-109.620,33.460,-0.052,0.103,1.299,3.284,-3.422,1.646,1.058,0.092,1.777,1.058,3,NULL,NULL,,0,0,0,7,255,0,250,0,0
baseline,17878,17878,0,212741.817,0.932,-0.197,-0.156,0.261,0,0,2757,0,2989,1403,2159,2968,52,0.971,36,0,123.376,4.743,-8.220,-114.440,45.360,-0.113,0.088,1.304,3.284,-3.422,1.704,1.076,0.096,1.777,1.058,3,NULL,NULL,,0,0,0,7,255,0,250,0,0
baseline,17878,17878,0,212746.816,0.934,-0.196,-0.151,0.259,0,0,2743,0,2997,1311,2200,2956,52,0.971,36,0,129.594,4.184,-9.740,-119.740,48.600,-0.208,0.105,1.325,2.664,-3.226,1.940,1.096,0.100,1.777,1.058,3,NULL,NULL,,0,0,0,7,255,0,250,0,0
baseline,17879,17879,0,212751.817,0.935,-0.194,-0.145,0.258,0,0,2730,0,2990,1157,2215,2951,52,0.971,36,0,134.410,3.284,-8.640,-126.640,44.200,-0.264,0.118,1.370,1.906,-2.674,2.540,1.116,0.104,1.777,1.058,3,NULL,NULL,,0,0,0,7,255,0,250,0,0
baseline,17879,17879,0,212756.817,0.937,-0.192,-0.140,0.257,0,0,2720,0,3005,1015,2245,2939,52,0.971,36,0,141.474,2.902,-9.680,-135.920,38.040,-0.252,0.138,1.418,1.628,-2.402,3.192,1.132,0.110,1.777,1.058,3,NULL,NULL,,0,0,0,7,255,0,250,0,0
baseline,17889,17889,0,212761.817,0.938,-0.191,-0.133,0.256,0,0,2711,0,3003,889,2263,2920,52,0.971,36,0,150.483,2.859,-6.140,-145.860,36.500,-0.243,0.162,1.441,1.628,-2.350,3.652,1.148,0.118,1.777,1.058,3,NULL,NULL,,0,0,0,7,255,0,250,0,0
baseline,17889,17889,0,212766.816,0.940,-0.189,-0.126,0.254,0,0,2685,0,3001,730,2283,2891,52,0.971,36,0,163.555,2.859,-9.860,-158.020,41.020,-0.227,0.138,1.453,1.628,-2.350,3.910,1.164,0.128,1.777,1.058,3,NULL,NULL,,0,0,0,7,255,0,250,0,0
baseline,17910,17910,0,212771.817,0.942,-0.187,-0.119,0.253,0,0,2663,0,3004,651,2301,2869,52,0.971,36,0,174.114,2.842,-6.500,-167.960,45.420,-0.270,0.088,1.476,1.568,-2.370,3.958,1.178,0.136,1.777,1.058,3,NULL,NULL,,0,0,0,7,255,0,250,0,0
baseline,17910,17910,0,212776.816,0.943,-0.184,-0.112,0.252,0,0,2629,0,3000,543,2312,2841,52,0.971,36,0,182.837,2.678,-9.740,-177.300,43.580,-0.346,0.062,1.595,0.812,-2.552,4.230,1.194,0.148,1.777,1.058,3,NULL,NULL,,0,0,0,7,255,0,250,0,0
baseline,17910,17910,0,212781.817,0.945,-0.182,-0.104,0.251,0,0,2595,0,2991,384,2319,2808,52,0.971,36,0,192.917,2.552,-7.780,-188.720,39.260,-0.398,0.182,1.665,0.034,-2.552,5.524,1.206,0.160,1.777,1.058,3,NULL,NULL,,0,0,0,7,255,0,250,0,0
baseline,17910,17910,0,212786.817,0.947,-0.180,-0.095,0.250,0,0,2539,0,2983,335,2329,2761,52,0.971,36,0,204.798,1.516,-10.660,-202.020,31.880,-0.422,0.327,1.829,0.034,-1.516,6.548,1.216,0.178,1.777,1.058,3,NULL,NULL,,0,0,0,7,255,0,250,0,0
baseline,17920,17920,0,212791.817,0.948,-0.177,-0.086,0.250,0,0,2493,0,2975,255,2331,2709,52,0.971,36,0,214.320,0.700,-10.720,-213.060,20.580,-0.471,0.551,1.978,0.484,-0.506,8.408,1.224,0.194,1.777,1.058,3,NULL,NULL,,0,0,0,7,255,0,250,0,0
baseline,17920,17920,0,212796.816,0.949,-0.174,-0.077,0.251,0,0,2421,0,2941,210,2327,2644,52,0.971,36,0,229.529,1.686,-17.240,-228.880,0.500,-0.471,0.600,2.214,1.010,1.350,10.336,1.228,0.214,1.777,1.058,3,NULL,NULL,,0,0,0,7,255,0,250,0,0
baseline,17952,17952,0,212801.817,0.950,-0.171,-0.067,0.252,0,0,2332,0,2909,142,2323,2553,52,0.971,36,0,237.776,1.686,-18.460,-236.940,-7.500,-0.485,0.557,2.435,1.010,1.350,12.648,1.230,0.236,1.777,1.058,3,NULL,NULL,,0,0,0,7,255,0,250,0,0
baseline,17952,17952,0,212806.816,0.951,-0.166,-0.058,0.253,0,0,2231,0,2862,85,2312,2452,52,0.971,36,0,244.931,1.486,-49.040,-239.740,-10.540,-0.548,0.711,2.707,0.586,1.366,14.678,1.230,0.264,1.777,1.058,3,NULL,NULL,,0,0,0,7,255,0,250,0,0
baseline,17952,17952,0,212811.817,0.953,-0.160,-0.048,0.254,0,0,2095,0,2793,37,2295,2323,52,0.971,36,0,261.161,2.138,-88.420,-244.980,-19.280,-0.592,0.941,2.799,0.586,2.056,17.626,1.226,0.288,1.777,1.058,3,NULL,NULL,,0,0,0,7,255,0,250,0,0
baseline,17952,17952,0,212816.816,0.954,-0.152,-0.039,0.255,0,0,1952,0,2715,2,2263,2147,52,0.971,36,0,287.961,4.489,-136.880,-252.200,-24.100,-0.675,1.071,2.854,0.572,4.452,18.930,1.220,0.320,1.777,1.058,3,NULL,NULL,,0,0,0,7,255,0,250,0,0
baseline,17952,17952,0,212821.817,0.956,-0.140,-0.031,0.257,0,0,1815,0,2603,0,2227,1939,52,0.971,36,0,341.983,5.987,-214.580,-263.360,-39.360,-0.715,0.878,2.774,0.566,5.960,18.930,1.208,0.354,1.777,1.058,3,NULL,NULL,,0,0,0,7,255,0,250,0,0
baseline,17952,17952,0,212826.816,0.957,-0.126,-0.023,0.260,0,0,1670,0,2449,0,2163,1696,52,0.971,36,0,381.471,6.042,-275.180,-257.980,-56.940,-0.754,0.502,2.392,-0.992,5.960,18.494,1.186,0.400,1.777,1.058,3,NULL,NULL,,0,0,0,7,255,0,250,0,0
baseline,17968,17968,0,212831.817,0.958,-0.110,-0.016,0.263,0,0,1492,0,2283,0,2101,1517,52,0.971,36,0,410.114,6.852,-302.640,-266.960,-73.040,-0.801,0.555,2.037,-3.380,5.960,14.162,1.162,0.446,1.777,1.058,3,NULL,NULL,,0,0,0,7,255,0,250,0,0
baseline,17968,17968,0,212836.817,0.959,-0.096,-0.008,0.268,0,0,1254,0,2102,0,1967,1297,52,0.971,36,0,406.983,6.974,-277.380,-281.860,-96.180,-0.772,0.413,1.812,-3.634,5.952,10.596,1.130,0.502,1.777,1.058,3,NULL,NULL,,0,0,0,7,255,0,250,0,0
baseline,17968,17968,0,212841.817,0.959,-0.084,0.003,0.272,0,0,999,0,1907,0,1817,1159,52,0.971,36,0,391.492,7.284,-198.520,-321.160,-103.500,-0.758,0.107,1.978,-4.198,5.952,9.264,1.100,0.558,1.777,1.058,3,NULL,NULL,,0,0,0,7,255,0,250,0,0
baseline,17968,17968,0,212846.816,0.958,-0.073,0.016,0.276,0,0,749,0,1661,0,1653,1011,52,0.971,36,0,401.472,6.995,-157.260,-357.960,-91.180,-0.722,-0.135,2.298,-5.862,3.816,9.264,1.070,0.614,1.777,1.058,3,NULL,NULL,,0,0,0,7,255,0,250,0,0
baseline,17984,17984,0,212851.817,0.958,-0.060,0.030,0.279,0,0,569,0,1421,0,1388,871,52,0.971,36,0,448.253,7.550,-196.820,-390.500,-98.500,-0.649,-0.187,2.174,-7.240,2.140,10.680,1.044,0.666,1.777,1.058,3,NULL,NULL,,0,0,0,7,255,0,250,0,0
baseline,17984,17984,0,212856.816,0.957,-0.045,0.043,0.283,0,0,414,0,1121,0,1131,731,52,0.971,36,0,466.351,7.550,-238.560,-390.320,-90.680,-0.343,-0.050,1.719,-7.240,2.140,10.680,1.018,0.722,1.777,1.058,3,NULL,NULL,,0,0,0,7,255,0,250,0,0
baseline,17984,17984,0,212861.817,0.956,-0.032,0.056,0.285,0,0,265,0,894,0,785,631,52,0.971,36,0,424.072,4.542,-193.140,-370.900,-70.480,-0.209,-0.126,1.224,-4.022,2.110,6.260,0.994,0.774,1.777,1.058,4,NULL,NULL,,0,0,0,7,255,0,250,0,0
baseline,17984,17984,0,212866.817,0.955,-0.023,0.071,0.287,0,0,157,0,664,0,457,521,52,0.971,36,0,417.614,3.371,-110.260,-399.600,-50.640,-0.090,-0.215,0.977,-3.204,1.048,1.448,0.972,0.828,1.777,1.058,4,NULL,NULL,,0,0,0,7,255,0,250,0,0
baseline,18000,18000,0,212871.817,0.954,-0.016,0.089,0.285,0,0,89,0,439,0,102,351,52,0.971,36,0,447.976,2.979,-32.680,-446.780,-1.460,-0.070,-0.166,1.226,-2.920,0.590,1.448,0.954,0.876,1.777,1.058,4,NULL,NULL,,0,0,0,7,255,0,250,0,0
baseline,18000,18000,0,212876.817,0.954,-0.009,0.108,0.281,0,0,30,0,205,0,0,261,52,0.971,36,0,465.800,2.979,-9.860,-461.480,62.520,-0.243,0.080,1.638,-2.920,0.590,1.466,0.938,0.922,1.777,1.058,4,NULL,NULL,,0,0,0,7,255,0,250,0,0
baseline,18016,18016,0,212881.817,0.954,-0.002,0.125,0.274,0,0,0,0,27,0,0,188,52,0.971,36,0,477.012,5.934,-38.660,-459.840,120.800,-0.606,0.172,1.791,-4.032,4.354,4.828,0.922,0.968,1.777,1.058,4,NULL,NULL,,0,0,0,7,255,0,250,0,0
baseline,18016,18016,0,212886.816,0.953,0.008,0.142,0.266,0,0,0,0,0,0,0,96,52,0.971,36,0,505.665,10.447,-87.860,-470.340,163.580,-0.900,0.258,1.624,-7.216,7.554,4.828,0.896,1.024,1.777,1.058,4,NULL,NULL,,0,0,0,7,255,0,250,0,0
baseline,18016,18016,0,212891.817,0.953,0.020,0.159,0.256,0,0,0,0,0,0,0,45,52,0.971,36,0,551.339,13.421,-113.680,-499.940,202.760,-1.122,0.216,1.399,-9.234,9.740,2.168,0.864,1.084,1.777,1.058,4,NULL,NULL,,0,0,0,7,255,0,250,0,0
baseline,18016,18016,0,212896.817,0.953,0.033,0.177,0.245,0,0,0,0,0,0,0,0,52,0.971,36,0,592.503,13.753,-159.160,-522.760,229.020,-0.982,0.651,1.042,-9.234,10.192,-1.210,0.820,1.160,1.777,1.058,4,NULL,NULL,,0,0,0,7,255,0,250,0,0
baseline,18048,18048,0,212901.817,0.951,0.050,0.193,0.238,0,0,0,0,0,0,0,0,52,0.971,36,0,584.143,14.410,-267.240,-495.600,155.520,-0.373,1.339,0.751,-7.232,12.464,-4.966,0.772,1.238,1.777,1.058,4,NULL,NULL,,0,0,0,7,255,0,250,0,0
baseline,18048,18048,0,212906.817,0.947,0.067,0.206,0.238,0,0,0,0,0,0,0,0,52,0.971,36,0,502.454,12.576,-314.480,-391.660,12.820,0.133,1.093,0.498,1.676,12.464,-6.480,0.716,1.322,1.777,1.058,4,NULL,NULL,,0,0,0,7,255,0,250,0,0
baseline,18048,18048,0,212911.817,0.943,0.080,0.214,0.240,0,0,0,0,0,0,0,0,52,0.971,36,0,383.818,10.329,-276.760,-265.000,-22.260,0.113,0.309,0.387,1.676,10.192,-6.716,0.666,1.396,1.777,1.058,4,NULL,NULL,,0,0,0,7,255,0,250,0,0
baseline,18048,18048,0,212916.816,0.944,0.085,0.212,0.239,0,0,0,0,0,0,0,0,52,0.971,36,0,158.155,3.767,-135.420,-45.640,67.760,-0.140,0.053,-0.123,1.428,3.486,-6.876,0.620,1.462,1.777,1.058,0,NULL,NULL,,0,0,0,7,255,0,250,0,0
baseline,18048,18048,0,212921.817,0.946,0.088,0.207,0.235,0,0,0,0,0,0,0,0,52,0.971,36,0,148.999,3.492,-85.920,37.720,115.740,-0.721,0.281,0.160,-0.196,3.486,-12.032,0.590,1.514,1.777,1.058,0,NULL,NULL,,0,0,0,7,255,0,250,0,0
baseline,18048,18048,0,212926.816,0.947,0.088,0.202,0.233,0,0,0,0,0,0,0,0,52,0.971,36,0,112.665,7.297,-33.780,76.360,75.640,-0.949,0.245,0.648,-4.470,5.768,-12.032,0.562,1.568,1.777,1.058,0,NULL,NULL,,0,0,0,7,255,0,250,0,0
baseline,18079,18079,0,212931.817,0.948,0.089,0.194,0.234,0,0,0,0,0,0,0,0,52,0.971,36,0,151.563,11.351,-67.840,130.860,35.280,-1.029,0.459,0.899,-7.956,8.096,-9.230,0.534,1.620,1.777,1.058,0,NULL,NULL,,0,0,0,7,255,0,250,0,0
baseline,18079,18079,0,212936.817,0.950,0.091,0.185,0.236,0,0,0,0,0,0,0,0,52,0.971,36,0,213.339,11.492,-107.160,184.080,12.040,-0.670,0.465,0.492,-7.956,8.292,-9.230,0.496,1.686,1.777,1.058,0,NULL,NULL,,0,0,0,7,255,0,250,0,0
baseline,18079,18079,0,212941.817,0.951,0.091,0.174,0.238,0,0,0,0,0,0,0,0,52,0.971,36,0,213.097,9.250,-89.520,192.380,19.660,-0.727,0.484,0.287,-4.100,8.292,-9.544,0.456,1.754,1.777,1.058,0,NULL,NULL,,0,0,0,7,255,0,250,0,0
baseline,18079,18079,0,212946.816,0.952,0.092,0.166,0.240,0,0,0,0,0,0,0,0,52,0.971,36,0,194.025,8.872,-95.560,167.740,19.420,-0.523,0.406,0.339,-3.890,7.974,-10.000,0.416,1.826,1.777,1.058,0,NULL,NULL,,0,0,0,7,255,0,250,0,0
baseline,18079,18079,0,212951.817,0.954,0.092,0.155,0.241,0,0,0,0,0,0,0,0,52,0.971,36,0,209.009,7.246,-100.140,179.260,39.020,-0.456,0.298,0.200,-2.744,6.706,-10.696,0.384,1.890,1.777,1.058,0,NULL,NULL,,0,0,0,7,255,0,250,0,0
baseline,18079,18079,0,212956.817,0.955,0.093,0.145,0.241,0,0,0,0,0,0,0,0,52,0.971,36,0,213.483,5.614,-103.680,178.040,55.920,-0.457,0.251,-0.040,-2.414,5.068,-10.696,0.356,1.952,1.777,1.058,0,NULL,NULL,,0,0,0,7,255,0,250,0,0
baseline,18095,18095,0,212961.817,0.957,0.094,0.134,0.241,0,0,0,0,0,0,0,0,52,0.971,36,0,203.900,4.448,-91.960,170.300,64.160,-0.460,0.205,-0.254,-2.196,3.868,-12.682,0.336,2.004,1.777,1.058,0,NULL,NULL,,0,0,0,7,255,0,250,0,0
baseline,18095,18095,0,212966.817,0.958,0.094,0.124,0.240,0,0,0,0,0,0,0,0,52,0.971,36,0,189.028,3.495,-64.980,165.100,65.200,-0.438,0.164,-0.425,-2.126,2.774,-14.460,0.318,2.054,1.777,1.058,0,NULL,NULL,,0,0,0,7,255,0,250,0,0
baseline,18095,18095,0,212971.817,0.960,0.093,0.114,0.239,0,0,0,0,0,0,0,0,52,0.971,36,0,176.935,2.663,-19.940,162.900,66.120,-0.411,0.126,-0.464,-1.970,1.792,-15.792,0.304,2.098,1.777,1.058,0,NULL,NULL,,0,0,0,7,255,0,250,0,0
baseline,18095,18095,0,212976.816,0.962,0.090,0.105,0.237,0,0,0,0,0,0,0,0,52,0.971,36,0,178.185,2.538,25.240,163.160,67.020,-0.411,0.114,-0.348,-1.970,1.600,-15.792,0.294,2.140,1.777,1.058,0,NULL,NULL,,0,0,0,7,255,0,250,0,0
baseline,18111,18111,0,212981.817,0.963,0.085,0.096,0.235,0,0,0,0,0,0,0,0,52,0.971,36,0,187.130,2.777,57.400,164.260,68.860,-0.435,0.095,-0.145,-2.270,1.600,-14.792,0.286,2.178,1.777,1.058,0,NULL,NULL,,0,0,0,7,255,0,250,0,0
baseline,18111,18111,0,212986.817,0.965,0.079,0.086,0.233,0,0,0,0,0,0,0,0,52,0.971,36,0,197.931,3.627,72.100,170.720,69.520,-0.478,0.114,0.077,-2.870,2.218,-12.864,0.278,2.216,1.777,1.058,0,NULL,NULL,,0,0,0,7,255,0,250,0,0
baseline,18111,18111,0,212991.817,0.967,0.074,0.078,0.232,0,0,0,0,0,0,0,0,52,0.971,36,0,207.904,4.711,77.360,180.800,67.460,-0.525,0.149,0.241,-3.418,3.242,-10.858,0.274,2.248,1.777,1.058,0,NULL,NULL,,0,0,0,7,255,0,250,0,0
baseline,18111,18111,0,212996.816,0.968,0.068,0.069,0.230,0,0,0,0,0,0,0,0,52,0.971,36,0,215.640,5.667,79.000,190.620,62.640,-0.566,0.165,0.371,-3.818,4.188,-9.394,0.270,2.286,1.777,1.058,0,NULL,NULL,,0,0,0,7,255,0,250,0,0
baseline,18159,18159,0,213001.817,0.970,0.062,0.060,0.229,0,0,0,0,0,0,0,0,52,0.971,36,0,223.069,6.383,77.840,201.780,54.640,-0.600,0.160,0.476,-4.196,4.810,-8.162,0.266,2.324,1.777,1.058,0,NULL,NULL,,0,0,0,7,255,0,250,0,0
baseline,18159,18159,0,213006.816,0.971,0.056,0.051,0.229,0,0,0,0,0,0,0,0,52,0.971,36,0,231.095,6.860,74.120,214.540,43.400,-0.619,0.147,0.546,-4.552,5.132,-7.072,0.260,2.374,1.777,1.058,0,NULL,NULL,,0,0,0,7,255,0,250,0,0
baseline,18159,18159,0,213011.817,0.971,0.050,0.041,0.229,0,0,0,0,0,0,0,0,52,0.971,36,0,239.427,7.013,69.120,227.240,30.160,-0.621,0.134,0.591,-4.762,5.148,-6.250,0.258,2.418,1.777,1.058,0,NULL,NULL,,0,0,0,7,255,0,250,0,0
baseline,18159,18159,0,213016.816,0.972,0.045,0.031,0.229,0,0,0,0,0,0,0,0,52,0.971,36,0,248.560,7.013,64.660,239.440,16.420,-0.599,0.121,0.602,-4.762,5.148,-5.636,0.258,2.474,1.777,1.058,0,NULL,NULL,,0,0,0,7,255,0,250,0,0
baseline,18159,18159,0,213021.817,0.972,0.039,0.020,0.231,0,0,0,0,0,0,0,0,52,0.971,36,0,257.521,6.685,63.080,249.640,4.220,-0.565,0.108,0.595,-4.554,4.894,-5.324,0.262,2.524,1.777,1.058,0,NULL,NULL,,0,0,0,7,255,0,250,0,0
baseline,18159,18159,0,213026.816,0.972,0.033,0.009,0.232,0,0,0,0,0,0,0,0,52,0.971,36,0,266.762,6.203,64.420,258.800,-5.900,-0.524,0.095,0.595,-4.212,4.554,-5.172,0.270,2.582,1.777,1.058,0,NULL,NULL,,0,0,0,7,255,0,250,0,0
baseline,18175,18175,0,213031.817,0.972,0.027,-0.002,0.235,0,0,0,0,0,0,0,0,52,0.971,36,0,274.826,5.658,66.860,266.180,-14.400,-0.486,0.081,0.589,-3.798,4.194,-4.972,0.280,2.636,1.777,1.058,0,NULL,NULL,,0,0,0,7,255,0,250,0,0
baseline,18175,18175,0,213036.816,0.971,0.021,-0.013,0.237,0,0,0,0,0,0,0,0,52,0.971,36,0,282.346,5.121,70.820,272.460,-21.660,-0.451,0.074,0.578,-3.410,3.820,-4.856,0.294,2.694,1.777,1.058,0,NULL,NULL,,0,0,0,7,255,0,250,0,0
baseline,18175,18175,0,213041.817,0.970,0.014,-0.025,0.240,0,0,0,0,0,0,0,0,52,0.971,36,0,289.565,4.636,77.600,277.540,-28.240,-0.411,0.066,0.557,-3.020,3.518,-4.856,0.310,2.748,1.777,1.058,0,NULL,NULL,,0,0,0,7,255,0,250,0,0
baseline,18175,18175,0,213046.816,0.969,0.007,-0.036,0.242,0,0,0,0,0,0,0,0,52,0.971,36,0,296.143,4.094,88.160,280.760,-33.200,-0.384,0.056,0.553,-2.598,3.164,-4.820,0.330,2.804,1.777,1.058,0,NULL,NULL,,0,0,0,7,255,0,250,0,0
baseline,18191,18191,0,213051.817,0.968,-0.000,-0.047,0.245,0,0,0,0,0,0,0,0,52,0.971,36,0,304.359,3.665,101.840,284.300,-37.900,-0.356,0.046,0.580,-2.294,2.858,-4.820,0.346,2.854,1.777,1.058,0,NULL,NULL,,0,0,0,7,255,0,250,0,0
baseline,18191,18191,0,213056.817,0.967,-0.009,-0.059,0.249,0,0,0,0,0,0,0,0,52,0.971,36,0,314.783,3.232,116.660,289.320,-42.100,-0.340,0.035,0.617,-1.950,2.578,-4.462,0.364,2.904,1.777,1.058,0,NULL,NULL,,0,0,0,7,255,0,250,0,0
baseline,18191,18191,0,213061.817,0.965,-0.017,-0.069,0.252,0,0,0,0,0,0,0,0,52,0.971,36,0,325.981,2.875,133.080,293.280,-50.400,-0.246,0.024,0.642,-1.690,2.326,-4.018,0.380,2.950,1.777,1.058,0,NULL,NULL,,0,0,0,7,255,0,250,0,0
baseline,18191,18191,0,213066.816,0.963,-0.027,-0.080,0.256,0,0,0,0,0,0,0,0,52,0.971,36,0,335.327,1.840,148.100,295.600,-55.960,-0.144,-0.087,0.653,-0.776,1.668,-3.794,0.394,2.996,1.777,1.058,0,NULL,NULL,,0,0,0,7,255,0,250,0,0
baseline,18207,18207,0,213071.817,0.961,-0.037,-0.090,0.259,0,0,0,0,0,0,0,0,52,0.971,36,0,342.855,0.516,170.080,293.280,-51.080,-0.054,0.022,0.727,-0.300,0.420,-3.672,0.404,3.032,1.777,1.058,0,NULL,NULL,,0,0,0,7,255,0,250,0,0
baseline,18207,18207,0,213076.817,0.959,-0.048,-0.100,0.263,0,0,0,0,0,0,0,0,52,0.971,36,0,347.382,1.279,189.780,287.540,-44.480,0.012,0.157,0.853,1.208,0.420,-3.194,0.410,3.068,1.777,1.058,0,NULL,NULL,,0,0,0,7,255,0,250,0,0
baseline,18208,18208,0,213081.817,0.956,-0.059,-0.109,0.266,0,0,0,0,0,0,0,0,52,0.971,36,0,348.037,2.776,197.040,284.560,-36.480,0.096,0.128,1.089,2.744,0.420,-2.204,0.410,3.098,1.777,1.058,0,NULL,NULL,,0,0,0,7,255,0,250,0,0
baseline,18208,18208,0,213086.817,0.954,-0.071,-0.118,0.268,0,0,0,0,0,0,0,0,52,0.971,36,0,345.063,3.896,193.640,284.440,-25.800,0.145,0.048,1.206,3.896,-0.028,-0.116,0.406,3.126,1.777,1.058,0,NULL,NULL,,0,0,0,7,255,0,250,0,0
baseline,18223,18223,0,213091.817,0.951,-0.081,-0.127,0.269,0,0,0,0,0,0,0,0,52,0.971,36,0,339.370,4.477,177.080,289.440,-6.280,0.176,0.000,1.269,4.274,-1.334,0.858,0.398,3.146,1.777,1.058,0,NULL,NULL,,0,0,0,7,255,0,250,0,0
baseline,18223,18223,0,213096.816,0.949,-0.092,-0.137,0.270,0,0,0,0,0,0,0,0,52,0.971,36,0,350.015,5.105,182.340,298.160,19.060,0.188,0.040,1.388,4.576,-2.262,1.294,0.384,3.166,1.777,1.058,0,NULL,NULL,,0,0,0,7,255,0,250,0,0
baseline,18255,18255,0,213101.817,0.946,-0.103,-0.146,0.270,0,0,0,0,0,0,0,0,52,0.971,36,0,341.255,5.201,193.880,280.220,18.500,0.059,0.034,1.480,4.614,-2.400,2.248,0.366,3.178,1.777,1.058,0,NULL,NULL,,0,0,0,7,255,0,250,0,0
baseline,18255,18255,0,213106.817,0.944,-0.114,-0.155,0.270,0,0,0,0,0,0,0,0,52,0.971,36,0,331.387,5.657,174.100,280.760,26.080,0.010,0.072,1.670,5.088,-2.472,3.374,0.344,3.188,1.777,1.058,0,NULL,NULL,,0,0,0,7,255,0,250,0,0
baseline,18255,18255,0,213111.817,0.941,-0.123,-0.165,0.269,0,0,0,0,0,0,0,0,52,0.971,36,0,328.091,5.700,153.160,288.820,27.720,-0.043,0.083,1.730,5.088,-2.570,5.174,0.320,3.196,1.777,1.058,0,NULL,NULL,,0,0,0,7,255,0,250,0,0
baseline,18255,18255,0,213116.816,0.938,-0.132,-0.175,0.269,0,0,0,0,0,0,0,0,52,0.971,36,0,319.840,5.774,129.840,290.960,27.960,-0.067,0.047,1.741,5.088,-2.730,5.772,0.290,3.198,1.777,1.058,0,NULL,NULL,,0,0,0,7,255,0,250,0,0
baseline,18255,18255,0,213121.817,0.935,-0.139,-0.186,0.268,0,0,0,0,0,0,0,0,52,0.971,36,0,313.593,5.997,108.660,292.920,27.040,-0.084,-0.016,1.680,5.000,-3.312,5.772,0.262,3.198,1.777,1.058,0,NULL,NULL,,0,0,0,7,255,0,250,0,0
baseline,18255,18255,0,213126.816,0.932,-0.147,-0.196,0.267,0,0,0,0,0,0,0,0,52,0.971,36,0,309.309,6.073,99.080,291.760,27.040,-0.100,-0.069,1.557,4.618,-3.944,5.126,0.226,3.194,1.777,1.058,0,NULL,NULL,,0,0,0,7,255,0,250,0,0
baseline,18271,18271,0,213131.817,0.929,-0.154,-0.206,0.266,0,0,0,0,0,0,0,0,52,0.971,36,0,306.965,5.929,101.520,288.640,24.660,-0.103,-0.086,1.495,4.086,-4.296,3.908,0.192,3.188,1.777,1.058,0,NULL,NULL,,0,0,0,7,255,0,250,0,0
baseline,18271,18271,0,213136.816,0.926,-0.161,-0.216,0.266,0,0,0,0,0,0,0,0,52,0.971,36,0,307.628,6.102,109.460,286.740,20.820,-0.099,-0.092,1.465,4.086,-4.532,3.206,0.152,3.178,1.777,1.058,0,NULL,NULL,,0,0,0,7,255,0,250,0,0
baseline,18271,18271,0,213141.817,0.922,-0.169,-0.226,0.265,0,0,0,0,0,0,0,0,52,0.971,36,0,308.327,6.301,120.320,283.340,17.520,-0.086,-0.105,1.470,4.100,-4.784,2.766,0.116,3.168,1.777,1.058,0,NULL,NULL,,0,0,0,7,255,0,250,0,0
baseline,18271,18271,0,213146.816,0.918,-0.177,-0.235,0.265,0,0,0,0,0,0,0,0,52,0.971,36,0,311.734,6.794,134.680,280.760,14.600,-0.070,-0.138,1.505,4.336,-5.230,2.582,0.078,3.156,1.777,1.058,0,NULL,NULL,,0,0,0,7,255,0,250,0,0
baseline,18287,18287,0,213151.817,0.914,-0.186,-0.244,0.265,0,0,0,0,0,0,0,0,52,0.971,36,0,317.303,7.529,149.800,279.480,11.480,-0.047,-0.186,1.572,4.590,-5.968,2.582,0.044,3.142,1.777,1.058,0,NULL,NULL,,0,0,0,7,255,0,250,0,0
baseline,18287,18287,0,213156.816,0.910,-0.195,-0.253,0.265,0,0,0,0,0,0,0,0,52,0.971,36,0,324.328,8.550,164.020,279.660,8.740,-0.023,-0.205,1.653,4.924,-6.990,2.762,0.036,3.126,1.777,1.058,0,NULL,NULL,,0,0,0,7,255,0,250,0,0
baseline,18287,18287,0,213161.817,0.905,-0.205,-0.262,0.266,0,0,0,0,0,0,0,0,52,0.971,36,0,332.623,9.577,177.520,281.260,4.220,0.001,-0.182,1.741,5.460,-7.868,3.040,0.066,3.106,1.777,1.058,0,NULL,NULL,,0,0,0,7,255,0,250,0,0
baseline,18287,18287,0,213166.817,0.900,-0.215,-0.271,0.267,0,0,0,0,0,0,0,0,52,0.971,36,0,346.311,10.520,194.060,286.820,-2.560,0.042,-0.145,1.819,6.244,-8.466,3.372,0.114,3.082,1.777,1.058,0,NULL,NULL,,0,0,0,7,255,0,250,0,0
baseline,18304,18304,0,213171.817,0.894,-0.226,-0.279,0.268,0,0,0,0,0,0,0,0,52,0.971,36,0,358.631,11.526,215.480,286.320,-14.340,0.145,-0.166,1.959,7.180,-9.016,3.514,0.162,3.056,1.777,1.058,0,NULL,NULL,,0,0,0,7,255,0,250,0,0
baseline,18304,18304,0,213176.817,0.888,-0.237,-0.287,0.270,0,0,0,0,0,0,0,0,52,0.971,36,0,366.091,13.557,228.360,285.100,-24.340,0.334,-0.205,2.144,8.464,-10.590,3.514,0.220,3.024,1.777,1.058,0,NULL,NULL,,0,0,0,7,255,0,250,0,0
baseline,18319,18319,0,213181.817,0.882,-0.248,-0.295,0.272,0,0,0,0,0,0,0,0,52,0.971,36,0,371.873,16.539,235.200,286.440,-30.380,0.542,-0.186,2.284,10.398,-12.862,3.402,0.280,2.988,1.777,1.058,0,NULL,NULL,,0,0,0,7,255,0,250,0,0
baseline,18319,18319,0,213186.816,0.875,-0.259,-0.304,0.274,0,0,0,0,0,0,0,0,52,0.971,36,0,386.881,19.219,227.740,311.660,-26.060,0.835,-0.112,2.401,12.538,-14.566,2.694,0.354,2.940,1.777,1.058,0,NULL,NULL,,0,0,0,7,255,0,250,0,0
baseline,18319,18319,0,213191.817,0.868,-0.270,-0.311,0.276,0,0,0,0,0,0,0,0,52,0.971,36,0,366.913,22.275,242.700,273.620,-29.220,1.152,-0.064,2.649,15.462,-16.034,1.218,0.430,2.888,1.777,1.058,0,NULL,NULL,,0,0,0,7,255,0,250,0,0
baseline,18319,18319,0,213196.817,0.862,-0.281,-0.317,0.278,0,0,0,0,0,0,0,0,52,0.971,36,0,333.998,26.397,224.640,246.340,-20.200,1.318,-0.151,2.720,18.842,-18.488,0.364,0.524,2.818,1.777,1.058,0,NULL,NULL,,0,0,0,7,255,0,250,0,0
baseline,18355,18355,0,213201.817,0.857,-0.290,-0.322,0.279,0,0,0,0,0,0,0,0,52,0.971,36,0,296.402,28.344,192.100,225.660,5.440,1.463,-0.198,2.727,19.610,-20.466,-1.092,0.626,2.742,1.777,1.058,0,NULL,NULL,,0,0,0,7,255,0,250,0,0
baseline,18355,18355,0,213206.817,0.853,-0.298,-0.326,0.278,0,0,0,0,0,0,0,0,52,0.971,36,0,261.147,29.172,163.360,201.480,30.280,1.495,-0.219,2.622,19.776,-21.446,-2.740,0.754,2.642,1.777,1.058,0,NULL,NULL,,0,0,0,7,255,0,250,0,0
baseline,18355,18355,0,213211.817,0.849,-0.306,-0.330,0.276,0,0,0,0,0,0,0,0,52,0.971,36,0,235.433,29.172,142.000,181.760,47.200,1.434,-0.232,2.522,19.776,-21.446,-4.224,0.872,2.550,1.777,1.058,0,NULL,NULL,,0,0,0,7,255,0,250,0,0
baseline,18355,18355,0,213216.816,0.846,-0.312,-0.334,0.275,0,0,0,0,0,0,0,0,52,0.971,36,0,217.035,28.158,127.160,169.380,47.380,1.380,-0.229,2.384,18.858,-20.910,-4.928,1.012,2.438,1.777,1.058,0,NULL,NULL,,0,0,0,7,255,0,250,0,0
baseline,18355,18355,0,213221.817,0.843,-0.318,-0.337,0.273,0,0,0,0,0,0,0,0,52,0.971,36,0,197.616,26.852,113.920,157.420,35.960,1.427,-0.273,2.269,17.924,-19.994,-5.812,1.144,2.332,1.777,1.058,0,NULL,NULL,,0,0,0,7,255,0,250,0,0
baseline,18355,18355,0,213226.816,0.840,-0.323,-0.340,0.272,0,0,0,0,0,0,0,0,52,0.971,36,0,181.812,26.500,101.220,148.740,26.200,1.547,-0.341,2.165,17.420,-19.970,-7.330,1.296,2.210,1.777,1.058,0,NULL,NULL,,0,0,0,7,255,0,250,0,0
baseline,18367,18367,0,213231.817,0.838,-0.327,-0.343,0.272,0,0,0,0,0,0,0,0,52,0.971,36,0,172.956,26.400,87.560,147.460,22.420,1.667,-0.424,2.039,17.268,-19.970,-9.340,1.430,2.104,1.777,1.058,0,NULL,NULL,,0,0,0,7,255,0,250,0,0
baseline,18367,18367,0,213236.817,0.836,-0.330,-0.345,0.271,0,0,0,0,0,0,0,0,52,0.971,36,0,163.553,26.175,74.680,144.840,13.920,1.757,-0.577,1.804,16.922,-19.970,-11.444,1.574,1.992,1.777,1.058,0,NULL,NULL,,0,0,0,7,255,0,250,0,0
baseline,18367,18367,0,213241.817,0.833,-0.334,-0.349,0.269,0,0,0,0,0,0,0,0,52,0.971,36,0,180.509,25.133,71.920,163.340,27.040,1.743,-0.809,1.335,15.464,-19.812,-14.168,1.708,1.886,1.777,1.058,0,NULL,NULL,,0,0,0,7,255,0,250,0,0
baseline,18367,18367,0,213246.816,0.831,-0.339,-0.352,0.267,0,0,0,0,0,0,0,0,52,0.971,36,0,213.602,23.981,93.220,184.220,54.760,2.003,-0.625,1.492,15.278,-18.484,-17.730,1.844,1.782,1.777,1.058,0,NULL,NULL,,0,0,0,7,255,0,250,0,0
baseline,18384,18384,0,213251.817,0.828,-0.342,-0.355,0.268,0,0,0,0,0,0,0,0,52,0.971,36,0,175.266,22.157,103.420,140.320,-18.240,1.773,-0.800,1.391,12.218,-18.484,-18.110,1.968,1.688,1.777,1.058,0,NULL,NULL,,0,0,0,7,255,0,250,0,0
baseline,18384,18384,0,213256.816,0.826,-0.345,-0.357,0.268,0,0,0,0,0,0,0,0,52,0.971,36,0,155.743,22.202,92.060,125.620,0.740,2.237,-1.084,1.195,12.260,-18.510,-18.480,2.100,1.588,1.777,1.058,0,NULL,NULL,,0,0,0,7,255,0,250,0,0
baseline,18400,18400,0,213261.817,0.824,-0.349,-0.358,0.267,0,0,0,0,0,0,0,0,52,0.971,36,0,157.352,22.389,102.380,113.480,37.420,2.216,-0.984,1.116,12.260,-18.734,-23.726,2.218,1.500,1.777,1.058,0,NULL,NULL,,0,0,0,7,255,0,250,0,0
baseline,18400,18400,0,213266.817,0.822,-0.354,-0.358,0.266,0,0,0,0,0,0,0,0,52,0.971,36,0,165.893,22.518,119.840,98.280,59.160,2.074,-1.101,1.081,12.260,-18.888,-23.726,2.334,1.412,1.777,1.058,0,NULL,NULL,,0,0,0,7,255,0,250,0,0
baseline,18400,18400,0,213271.817,0.821,-0.359,-0.357,0.265,0,0,0,0,0,0,0,0,52,0.971,36,0,169.606,21.662,135.520,82.640,59.760,1.885,-1.279,1.244,10.606,-18.888,-23.544,2.440,1.332,1.777,1.058,0,NULL,NULL,,0,0,0,7,255,0,250,0,0
baseline,18400,18400,0,213276.816,0.818,-0.371,-0.352,0.265,0,0,0,0,0,0,0,0,52,0.971,36,0,334.194,23.303,302.760,30.100,138.260,1.539,-1.463,2.551,10.606,-20.750,-22.004,2.546,1.254,1.777,1.058,0,NULL,NULL,,0,0,0,7,255,0,250,0,0
baseline,18416,18416,0,213281.817,0.816,-0.382,-0.344,0.265,0,0,0,0,0,0,0,0,52,0.971,36,0,309.394,32.428,277.800,-50.840,126.360,1.620,-0.834,4.003,11.256,-30.412,-13.432,2.638,1.184,1.777,1.058,0,NULL,NULL,,0,0,0,7,255,0,250,0,0
baseline,18416,18416,0,213286.817,0.818,-0.380,-0.341,0.264,0,0,0,0,0,0,0,0,52,0.971,36,0,62.353,41.511,-14.500,-56.080,23.080,1.378,-1.026,4.023,18.674,-37.074,-4.286,2.740,1.104,1.777,1.058,0,NULL,NULL,,0,0,0,7,255,0,250,0,0
baseline,18432,18432,0,213291.817,0.824,-0.369,-0.340,0.263,0,0,0,29,0,0,0,0,52,0.971,36,0,247.407,42.156,-234.160,-72.560,-33.380,1.864,-0.616,2.899,20.066,-37.074,-4.286,2.828,1.032,1.777,1.058,0,NULL,NULL,,0,0,0,7,255,0,250,0,0
baseline,18432,18432,0,213296.817,0.831,-0.355,-0.337,0.263,53,0,0,231,0,59,0,0,52,0.971,36,0,329.801,33.634,-300.020,-129.380,-44.920,2.195,-0.715,1.815,18.674,-27.974,-10.158,2.930,0.952,1.777,1.058,0,NULL,NULL,,0,0,0,7,255,0,250,0,0
baseline,18464,18464,0,213301.817,0.840,-0.340,-0.333,0.262,215,0,0,412,0,105,0,0,52,0.971,36,0,351.671,27.789,-303.200,-174.060,-38.020,2.282,-1.059,1.104,17.324,-21.728,-18.180,3.038,0.858,1.777,1.058,0,NULL,NULL,,0,0,0,7,255,0,250,0,0
baseline,18464,18464,0,213306.816,0.849,-0.326,-0.327,0.258,393,0,0,665,0,165,0,0,52,0.971,36,0,375.642,23.640,-316.440,-196.780,47.440,1.433,-0.951,0.424,13.056,-19.708,-20.552,3.190,0.722,1.777,1.058,0,NULL,NULL,,0,0,0,7,255,0,250,0,0
baseline,18464,18464,0,213311.817,0.859,-0.317,-0.317,0.246,665,0,0,937,0,230,0,0,52,0.971,36,0,435.575,15.250,-276.460,-220.400,254.400,0.858,0.292,0.137,8.252,-12.824,-20.552,3.356,0.570,1.777,1.058,0,NULL,NULL,,0,0,0,7,255,0,250,0,0
baseline,18464,18464,0,213316.816,0.867,-0.316,-0.308,0.234,983,0,0,1205,0,340,0,0,52,0.971,36,0,377.501,5.742,-109.400,-173.640,316.840,0.282,0.331,0.284,5.706,-0.644,-14.242,3.542,0.406,1.777,1.058,0,NULL,NULL,,0,0,0,7,255,0,250,0,0
baseline,18464,18464,0,213321.817,0.870,-0.322,-0.300,0.223,1319,0,0,1433,0,523,0,0,52,0.971,36,0,359.916,5.224,94.440,-96.740,333.560,-0.758,-0.799,1.029,5.184,-0.644,-9.162,3.678,0.300,1.777,1.058,0,NULL,NULL,,0,0,0,7,255,0,250,0,0
baseline,18464,18464,0,213326.816,0.873,-0.325,-0.293,0.214,1685,0,0,1781,0,588,0,0,52,0.971,36,0,288.880,4.025,15.220,-119.200,262.700,-1.367,0.333,1.027,-3.924,-0.894,-1.442,3.790,0.244,1.777,1.058,0,NULL,NULL,,0,0,0,7,255,0,250,0,0
baseline,18479,18479,0,213331.817,0.877,-0.327,-0.285,0.205,2085,0,0,2121,0,634,0,0,52,0.971,36,0,302.360,4.025,-12.600,-143.980,265.580,-1.590,1.529,1.177,-3.924,-0.894,6.288,3.852,0.240,1.777,1.058,0,NULL,NULL,,0,0,0,7,255,0,250,0,0
baseline,18479,18479,0,213336.816,0.882,-0.327,-0.277,0.198,2329,0,0,2393,0,658,0,16,52,0.971,36,0,261.576,7.691,-44.460,-158.680,203.140,-1.988,1.813,1.315,-1.178,7.600,13.064,3.884,0.244,1.777,1.058,0,NULL,NULL,,0,0,0,7,255,0,250,0,0
baseline,18479,18479,0,213341.817,0.885,-0.323,-0.271,0.197,2483,0,0,2566,0,696,0,33,52,0.971,36,0,199.611,7.691,-99.340,-169.860,33.520,-2.043,0.875,1.190,-1.178,7.600,13.162,3.898,0.238,1.777,1.058,0,NULL,NULL,,0,0,0,7,255,0,250,0,0
baseline,18479,18479,0,213346.816,0.888,-0.315,-0.268,0.202,2603,0,0,2699,0,729,0,114,52,0.971,36,0,237.020,7.753,-133.280,-156.420,-118.100,-1.570,0.169,0.945,-6.832,3.666,13.162,3.906,0.242,1.777,1.058,0,NULL,NULL,,0,0,0,7,255,0,250,0,0
baseline,18479,18479,0,213351.817,0.890,-0.305,-0.265,0.212,2693,0,0,2792,0,794,0,163,52,0.971,36,0,317.127,6.885,-136.020,-154.660,-241.140,-0.963,-0.536,0.933,-6.832,-0.850,6.030,3.914,0.268,1.777,1.058,0,NULL,NULL,,0,0,0,7,255,0,250,0,0
baseline,18479,18479,0,213356.817,0.891,-0.295,-0.264,0.224,2763,0,0,2901,0,869,0,263,52,0.971,36,0,341.431,9.488,-123.760,-121.020,-294.300,-0.070,-0.618,1.030,-6.274,-7.118,0.088,3.926,0.300,1.777,1.058,0,NULL,NULL,,0,0,0,7,255,0,250,0,0
baseline,18496,18496,0,213361.817,0.891,-0.285,-0.263,0.235,2837,0,0,2943,0,937,0,407,52,0.971,36,0,327.290,10.175,-104.340,-89.040,-297.160,0.894,-0.612,1.028,0.386,-10.168,-4.346,3.938,0.310,1.777,1.058,0,NULL,NULL,,0,0,0,7,255,0,250,0,0
baseline,18496,18496,0,213366.816,0.892,-0.277,-0.261,0.244,2903,0,0,3003,0,1039,0,543,52,0.971,36,0,247.016,14.701,-80.960,-65.060,-224.120,1.559,-0.996,1.019,7.480,-12.656,-9.640,3.946,0.292,1.777,1.058,1,1136.000,1136.000,,0,0,0,7,255,0,250,0,0
baseline,18496,18496,0,213371.817,0.894,-0.271,-0.258,0.248,2955,0,0,3053,0,1209,0,728,52,0.971,36,0,128.815,20.367,-72.000,-71.780,-79.100,2.004,-1.280,1.217,10.164,-17.650,-14.370,3.944,0.280,1.777,1.058,1,NULL,NULL,,0,0,0,7,255,0,250,0,0
baseline,18496,18496,0,213376.817,0.895,-0.271,-0.255,0.247,2999,0,0,3100,109,1301,0,880,52,0.971,36,0,45.482,23.795,24.740,-30.440,23.020,1.604,-0.969,1.529,12.434,-20.288,-14.370,3.928,0.292,1.777,1.058,1,NULL,NULL,,0,0,0,7,255,0,250,0,0
baseline,18512,18512,0,213381.817,0.897,-0.271,-0.252,0.241,3030,0,0,3129,263,1407,0,1055,52,0.971,36,0,157.087,23.795,-22.800,-16.360,154.560,0.495,-0.275,1.098,12.434,-20.288,-10.274,3.924,0.310,1.777,1.058,1,NULL,NULL,,0,0,0,7,255,0,250,0,0
baseline,18512,18512,0,213386.817,0.899,-0.272,-0.249,0.236,3061,0,0,3148,363,1519,0,1174,52,0.971,36,0,151.674,11.188,-9.440,-60.420,138.800,-0.306,0.831,0.965,6.418,-9.164,-5.410,3.948,0.304,1.777,1.058,1,NULL,NULL,,0,0,0,7,255,0,250,0,0
baseline,18527,18527,0,213391.817,0.901,-0.272,-0.245,0.234,3077,0,4,3167,431,1584,0,1243,52,0.971,37,0,87.193,5.834,-0.520,-71.640,49.700,-0.801,0.796,1.375,5.552,1.792,1.132,4.000,0.272,1.777,1.058,1,NULL,NULL,,0,0,0,7,255,0,250,0,0
baseline,18527,18527,0,213396.816,0.901,-0.270,-0.245,0.235,3087,0,31,3177,484,1643,0,1319,52,0.971,37,0,51.898,3.429,-29.820,-12.740,-40.520,-0.818,0.353,1.616,2.924,1.792,6.890,4.084,0.212,1.777,1.058,1,NULL,NULL,,0,0,0,7,255,0,250,0,0
baseline,18560,18560,0,213401.817,0.900,-0.266,-0.247,0.240,3093,0,71,3187,575,1658,0,1364,52,0.971,37,0,145.318,3.229,-59.600,14.840,-131.700,-0.323,-0.089,1.227,1.628,-2.788,6.890,4.164,0.156,1.777,1.058,1,NULL,NULL,,0,0,0,7,255,0,250,0,0
baseline,18560,18560,0,213406.816,0.900,-0.261,-0.248,0.245,3092,0,103,3188,665,1707,0,1405,52,0.971,37,0,141.808,5.959,-67.300,-2.260,-124.800,0.214,-0.338,0.902,1.628,-5.732,0.704,4.236,0.110,1.777,1.058,1,NULL,NULL,,0,0,0,7,255,0,250,0,0
baseline,18560,18560,0,213411.817,0.901,-0.257,-0.248,0.247,3095,9,179,3191,730,1721,0,1447,52,0.971,37,0,74.150,7.905,-48.440,-0.240,-56.140,0.409,-0.322,0.700,3.250,-7.206,-5.322,4.280,0.090,1.777,1.058,1,NULL,NULL,,0,0,0,7,255,0,250,0,0
baseline,18560,18560,0,213416.816,0.901,-0.256,-0.248,0.246,3098,25,250,3208,815,1741,0,1471,52,0.971,37,0,21.298,7.905,-20.180,-3.220,6.000,0.187,-0.296,0.727,3.250,-7.206,-6.364,4.314,0.080,1.777,1.058,1,NULL,NULL,,0,0,0,7,255,0,250,0,0
baseline,18560,18560,0,213421.817,0.902,-0.256,-0.247,0.246,3113,41,285,3213,883,1779,0,1521,52,0.971,37,0,22.510,6.925,0.020,-1.160,22.480,-0.165,-0.143,0.925,2.650,-6.398,-6.364,4.338,0.076,1.777,1.058,1,NULL,NULL,,0,0,0,7,255,0,250,0,0
baseline,18560,18560,0,213426.816,0.902,-0.255,-0.247,0.246,3115,71,345,3211,920,1807,0,1571,52,0.971,37,0,2.215,5.209,1.060,0.500,-1.880,-0.302,-0.032,1.022,1.516,-4.984,-2.524,4.368,0.070,1.777,1.058,1,NULL,NULL,,0,0,0,7,255,0,250,0,0
baseline,18580,18580,0,213431.817,0.902,-0.254,-0.247,0.247,3123,99,419,3219,931,1817,0,1595,52,0.971,37,0,25.170,4.800,-8.640,0.980,-23.620,-0.164,-0.035,1.018,1.516,-4.554,-1.524,4.398,0.062,1.777,1.058,1,NULL,NULL,,0,0,0,7,255,0,250,0,0
baseline,18580,18580,0,213436.817,0.902,-0.253,-0.247,0.247,3123,141,477,3217,951,1845,0,1645,52,0.971,37,0,19.546,5.153,-11.320,1.540,-15.860,0.004,-0.114,0.933,2.412,-4.554,-1.524,4.436,0.050,1.777,1.058,1,NULL,NULL,,0,0,0,7,255,0,250,0,0
baseline,18580,18580,0,213441.817,0.903,-0.252,-0.246,0.247,3124,157,521,3223,982,1866,0,1687,52,0.971,37,0,9.932,5.695,-4.980,1.900,8.380,-0.027,-0.091,0.922,2.802,-4.958,-3.128,4.470,0.040,1.777,1.058,1,NULL,NULL,,0,0,0,7,255,0,250,0,0
baseline,18580,18580,0,213446.816,0.903,-0.252,-0.246,0.246,3119,157,567,3220,1032,1885,0,1702,52,0.971,37,0,18.075,5.695,1.240,0.680,18.020,-0.176,-0.002,0.958,2.802,-4.958,-3.128,4.500,0.034,1.777,1.058,1,NULL,NULL,,0,0,0,7,255,0,250,0,0
baseline,18581,18581,0,213451.817,0.903,-0.252,-0.245,0.246,3131,165,589,3224,1045,1901,0,1719,52,0.971,37,0,6.278,4.756,2.960,1.900,5.200,-0.229,0.096,1.040,2.676,-3.932,-1.818,4.528,0.034,1.777,1.058,1,NULL,NULL,,0,0,0,7,255,0,250,0,0
baseline,18581,18581,0,213456.816,0.903,-0.252,-0.245,0.247,3131,184,613,3229,1065,1912,0,1739,52,0.971,37,0,9.709,4.545,1.440,5.920,-7.560,-0.152,0.081,1.029,2.676,-3.674,-1.182,4.556,0.038,1.777,1.058,1,NULL,NULL,,0,0,0,7,255,0,250,0,0
baseline,18591,18591,0,213461.817,0.903,-0.251,-0.245,0.247,3149,197,635,3235,1079,1926,0,1765,52,0.971,37,0,6.001,4.828,-2.420,3.060,-4.560,-0.065,0.026,1.033,3.132,-3.674,-1.182,4.582,0.038,1.777,1.058,1,NULL,NULL,,0,0,0,7,255,0,250,0,0
baseline,18591,18591,0,213466.817,0.904,-0.251,-0.245,0.246,3147,199,671,3237,1095,1939,0,1785,52,0.971,37,0,8.355,5.250,-3.400,4.960,5.800,-0.084,0.030,0.995,3.254,-4.120,-1.744,4.610,0.038,1.777,1.058,1,NULL,NULL,,0,0,0,7,255,0,250,0,0
baseline,18610,18610,0,213471.817,0.904,-0.251,-0.244,0.246,3151,205,694,3239,1114,1948,0,1804,52,0.971,37,0,10.625,5.250,-0.460,4.400,9.660,-0.158,0.104,1.011,3.254,-4.120,-1.744,4.636,0.038,1.777,1.058,1,NULL,NULL,,0,0,0,7,255,0,250,0,0
baseline,18610,18610,0,213476.817,0.904,-0.251,-0.244,0.246,3165,209,701,3245,1137,1961,0,1813,52,0.971,37,0,6.160,4.613,1.300,5.320,2.820,-0.196,0.151,1.031,3.156,-3.364,-1.224,4.664,0.038,1.777,1.058,1,NULL,NULL,,0,0,0,7,255,0,250,0,0
baseline,18610,18610,0,213481.817,0.904,-0.250,-0.244,0.246,3159,219,724,3242,1147,1971,0,1822,52,0.971,37,0,6.743,4.486,-0.520,5.560,-3.780,-0.169,0.145,1.054,3.156,-3.188,-0.746,4.690,0.040,1.777,1.058,1,NULL,NULL,,0,0,0,7,255,0,250,0,0
baseline,18610,18610,0,213486.816,0.904,-0.250,-0.244,0.246,3158,244,751,3245,1169,1976,0,1832,52,0.971,37,0,7.737,4.597,-3.880,5.440,-3.900,-0.146,0.104,1.038,3.312,-3.188,-0.746,4.716,0.040,1.777,1.058,1,NULL,NULL,,0,0,0,7,255,0,250,0,0
baseline,18624,18624,0,213491.817,0.904,-0.249,-0.243,0.246,3158,263,789,3244,1183,1989,0,1837,52,0.971,37,0,6.869,4.769,-5.400,4.100,1.100,-0.178,0.090,1.023,3.312,-3.432,-1.040,4.740,0.040,1.777,1.058,1,NULL,NULL,,0,0,0,7,255,0,250,0,0
baseline,18624,18624,0,213496.817,0.905,-0.249,-0.243,0.246,3160,277,815,3245,1199,1997,0,1853,52,0.971,37,0,5.236,4.523,-4.000,3.240,-0.960,-0.252,0.158,1.034,2.946,-3.432,-1.040,4.766,0.040,1.777,1.058,1,NULL,NULL,,0,0,0,7,255,0,250,0,0
baseline,18656,18656,0,213501.817,0.905,-0.249,-0.243,0.247,3157,307,849,3245,1215,2005,0,1875,52,0.971,37,0,15.178,3.987,-4.420,3.300,-14.140,-0.239,0.178,1.054,2.946,-2.686,-0.400,4.790,0.040,1.777,1.058,1,NULL,NULL,,0,0,0,7,255,0,250,0,0
baseline,18656,18656,0,213506.817,0.905,-0.248,-0.243,0.247,3165,331,886,3251,1243,2009,0,1877,52,0.971,37,0,23.770,4.064,-5.460,3.800,-22.820,-0.136,0.113,1.053,3.050,-2.686,-0.400,4.818,0.038,1.777,1.058,1,NULL,NULL,,0,0,0,7,255,0,250,0,0
baseline,18656,18656,0,213511.817,0.905,-0.247,-0.243,0.248,3149,343,903,3243,1267,2014,11,1895,52,0.971,37,0,21.507,4.943,-7.480,4.820,-19.580,-0.060,0.052,1.028,3.488,-3.502,-0.966,4.842,0.038,1.777,1.058,1,NULL,NULL,,0,0,0,7,255,0,250,0,0
baseline,18656,18656,0,213516.816,0.905,-0.246,-0.243,0.248,3147,357,933,3241,1291,2018,30,1908,52,0.971,37,0,14.725,5.392,-9.380,5.140,-10.120,-0.070,0.000,1.003,3.488,-4.112,-1.704,4.868,0.036,1.777,1.058,1,NULL,NULL,,0,0,0,7,255,0,250,0,0
baseline,18656,18656,0,213521.817,0.905,-0.245,-0.243,0.249,3141,359,956,3239,1303,2023,35,1915,52,0.971,37,0,12.023,5.319,-9.180,5.560,-5.420,-0.132,-0.028,0.976,3.222,-4.232,-1.906,4.892,0.034,1.777,1.058,1,NULL,NULL,,0,0,0,7,255,0,250,0,0
baseline,18656,18656,0,213526.816,0.905,-0.245,-0.243,0.249,3133,375,975,3235,1311,2019,46,1929,52,0.971,37,0,10.366,4.923,-5.640,5.080,-7.060,-0.169,-0.024,0.960,2.516,-4.232,-1.906,4.918,0.032,1.777,1.058,1,NULL,NULL,,0,0,0,7,255,0,250,0,0
baseline,18678,18678,0,213531.817,0.905,-0.244,-0.243,0.249,3127,381,989,3229,1327,2021,61,1925,52,0.971,37,0,11.281,4.692,0.460,5.200,-10.000,-0.161,0.007,0.967,2.456,-3.998,-1.822,4.942,0.030,1.777,1.058,2,NULL,NULL,,0,0,0,7,255,0,250,0,0
baseline,18678,18678,0,213536.816,0.905,-0.244,-0.242,0.250,3119,391,1020,3237,1331,2028,68,1939,52,0.971,37,0,12.235,4.521,4.360,4.960,-10.300,-0.145,0.048,1.003,2.456,-3.796,-1.734,4.968,0.028,1.777,1.058,2,NULL,NULL,,0,0,0,7,255,0,250,0,0
baseline,18678,18678,0,213541.817,0.905,-0.244,-0.242,0.250,3119,392,1041,3228,1339,2029,85,1940,52,0.971,37,0,10.068,4.715,3.080,4.580,-8.420,-0.145,0.058,1.026,2.912,-3.708,-1.438,4.992,0.026,1.777,1.058,2,NULL,NULL,,0,0,0,7,255,0,250,0,0
baseline,18678,18678,0,213546.817,0.905,-0.243,-0.242,0.250,3113,390,1051,3224,1357,2023,97,1943,52,0.971,37,0,7.528,4.715,-1.080,4.100,-6.220,-0.161,0.024,1.007,2.912,-3.708,-1.370,5.016,0.024,1.777,1.058,2,NULL,NULL,,0,0,0,7,255,0,250,0,0
baseline,18678,18678,0,213551.817,0.905,-0.243,-0.242,0.251,3108,395,1077,3223,1369,2029,107,1951,52,0.971,37,0,6.755,4.666,-2.360,3.060,-5.540,-0.174,-0.017,0.965,2.670,-3.826,-1.370,5.038,0.022,1.777,1.058,2,NULL,NULL,,0,0,0,7,255,0,250,0,0
baseline,18678,18678,0,213556.817,0.905,-0.242,-0.242,0.251,3098,399,1095,3213,1387,2029,126,1965,52,0.971,37,0,6.524,4.488,1.300,2.260,-5.980,-0.166,-0.034,0.938,2.214,-3.904,-1.724,5.064,0.020,1.777,1.058,2,NULL,NULL,,0,0,0,7,255,0,250,0,0
baseline,18711,18711,0,213561.817,0.906,-0.242,-0.241,0.251,3087,405,1097,3207,1395,2029,136,1973,52,0.971,37,0,9.387,4.512,6.860,1.540,-6.220,-0.147,-0.021,0.946,2.214,-3.932,-2.012,5.086,0.016,1.777,1.058,2,NULL,NULL,,0,0,0,7,255,0,250,0,0
baseline,18711,18711,0,213566.817,0.906,-0.242,-0.241,0.252,3083,398,1110,3197,1404,2031,149,1977,52,0.971,37,0,11.106,4.569,10.100,0.740,-4.560,-0.126,-0.005,0.971,2.314,-3.940,-2.012,5.110,0.012,1.777,1.058,2,NULL,NULL,,0,0,0,7,255,0,250,0,0
baseline,18711,18711,0,213571.817,0.906,-0.242,-0.240,0.252,3061,406,1116,3191,1415,2036,153,1989,52,0.971,37,0,9.620,4.779,9.600,0.180,-0.600,-0.120,-0.004,0.985,2.636,-3.986,-1.892,5.132,0.010,1.777,1.058,2,NULL,NULL,,0,0,0,7,255,0,250,0,0
baseline,18711,18711,0,213576.816,0.906,-0.242,-0.240,0.252,3049,403,1125,3181,1419,2035,164,1995,52,0.971,37,0,9.193,4.779,8.380,-0.540,3.740,-0.134,-0.002,0.978,2.636,-3.986,-1.806,5.156,0.006,1.777,1.058,2,NULL,NULL,,0,0,0,7,255,0,250,0,0
baseline,18712,18712,0,213581.817,0.906,-0.242,-0.239,0.252,3043,403,1129,3179,1422,2037,165,1999,52,0.971,37,0,10.321,4.740,9.000,-0.960,4.960,-0.149,0.017,0.969,2.596,-3.966,-1.782,5.178,0.004,1.777,1.058,2,NULL,NULL,,0,0,0,7,255,0,250,0,0
baseline,18712,18712,0,213586.816,0.906,-0.242,-0.239,0.252,3032,404,1133,3171,1433,2038,157,2011,52,0.971,37,0,12.302,4.536,11.500,-1.340,4.160,-0.144,0.041,0.968,2.596,-3.720,-1.726,5.200,0.000,1.777,1.058,2,NULL,NULL,,0,0,0,7,255,0,250,0,0
baseline,18719,18719,0,213591.817,0.906,-0.243,-0.238,0.252,3025,404,1141,3163,1444,2035,168,2015,52,0.971,37,0,13.684,4.540,12.840,-1.400,4.520,-0.125,0.043,0.982,2.694,-3.654,-1.700,0.000,0.000,1.777,1.058,2,NULL,NULL,,0,0,0,7,255,0,250,0,0
baseline,18719,18719,0,213596.817,0.906,-0.243,-0.237,0.251,3005,401,1136,3162,1449,2039,156,2027,52,0.971,37,0,14.253,4.649,11.920,-1.640,7.640,-0.122,0.034,0.991,2.874,-3.654,-1.678,0.000,0.000,1.777,1.058,2,NULL,NULL,,0,0,0,7,255,0,250,0,0
baseline,18758,18758,0,213601.817,0.907,-0.243,-0.236,0.251,2999,403,1143,3154,1461,2052,167,2039,52,0.971,37,0,15.009,4.706,10.220,-1.940,10.820,-0.135,0.033,0.989,2.874,-3.726,-1.640,0.000,0.000,1.777,1.058,2,NULL,NULL,,0,0,0,7,255,0,250,0,0
baseline,18758,18758,0,213606.816,0.907,-0.243,-0.236,0.251,2988,403,1147,3147,1465,2056,174,2055,52,0.971,37,0,14.871,4.631,9.600,-2.000,11.180,-0.153,0.044,0.980,2.750,-3.726,-1.586,0.000,0.000,1.777,1.058,2,NULL,NULL,,0,0,0,7,255,0,250,0,0
baseline,18758,18758,0,213611.817,0.907,-0.243,-0.235,0.251,2982,399,1156,3143,1479,2060,183,2063,52,0.971,37,0,14.571,4.429,10.820,-2.060,9.540,-0.154,0.056,0.981,2.672,-3.532,-1.532,0.000,0.000,1.777,1.058,2,NULL,NULL,,0,0,0,7,255,0,250,0,0
baseline,18758,18758,0,213616.816,0.907,-0.243,-0.235,0.250,2971,403,1164,3133,1491,2065,199,2069,52,0.971,37,0,14.223,4.368,11.800,-1.940,7.700,-0.142,0.068,0.996,2.672,-3.456,-1.490,0.000,0.000,1.777,1.058,2,NULL,NULL,,0,0,0,7,255,0,250,0,0
baseline,18758,18758,0,213621.817,0.907,-0.244,-0.234,0.250,2965,407,1172,3129,1495,2067,207,2077,52,0.971,37,0,13.419,4.488,10.900,-1.700,7.640,-0.126,0.068,1.010,2.864,-3.456,-1.404,0.000,0.000,1.777,1.058,2,NULL,NULL,,0,0,0,7,255,0,250,0,0
baseline,18758,18758,0,213626.816,0.908,-0.244,-0.233,0.250,2958,409,1179,3128,1499,2067,221,2087,52,0.971,37,0,12.344,4.682,8.700,-1.160,8.680,-0.119,0.063,1.015,3.022,-3.576,-1.370,0.000,0.000,1.777,1.058,2,NULL,NULL,,0,0,0,7,255,0,250,0,0
baseline,18777,18777,0,213631.817,0.908,-0.244,-0.233,0.250,2953,411,1189,3119,1507,2072,247,2101,52,0.971,37,0,12.014,4.682,6.920,-0.900,9.780,-0.130,0.066,1.008,3.022,-3.576,-1.368,0.000,0.000,1.777,1.058,2,NULL,NULL,,0,0,0,7,255,0,250,0,0
baseline,18777,18777,0,213636.816,0.908,-0.244,-0.232,0.249,2939,415,1193,3118,1514,2075,275,2109,52,0.971,37,0,11.459,4.632,6.140,-0.540,9.660,-0.147,0.075,1.004,2.954,-3.568,-1.358,0.000,0.000,1.777,1.058,2,NULL,NULL,,0,0,0,7,255,0,250,0,0
baseline,18777,18777,0,213641.817,0.908,-0.244,-0.232,0.249,2933,420,1205,3115,1525,2079,307,2117,52,0.971,37,0,10.181,4.440,6.060,-0.120,8.180,-0.163,0.091,1.005,2.844,-3.410,-1.276,0.000,0.000,1.777,1.058,2,NULL,NULL,,0,0,0,7,255,0,250,0,0
baseline,18777,18777,0,213646.816,0.908,-0.244,-0.231,0.249,2925,423,1210,3115,1529,2084,316,2126,52,0.971,37,0,7.638,4.305,5.340,-0.480,5.440,-0.170,0.114,1.021,2.844,-3.232,-1.150,0.000,0.000,1.777,1.058,2,NULL,NULL,,0,0,0,7,255,0,250,0,0
baseline,18784,18784,0,213651.817,0.909,-0.244,-0.231,0.249,2917,431,1227,3111,1548,2088,332,2133,52,0.971,37,0,3.373,4.253,2.960,-0.240,1.600,-0.168,0.117,1.024,2.916,-3.096,-0.922,0.000,0.000,1.777,1.058,2,NULL,NULL,,0,0,0,7,255,0,250,0,0
baseline,18784,18784,0,213656.817,0.909,-0.243,-0.230,0.249,2905,443,1253,3108,1572,2093,351,2147,52,0.971,37,0,1.249,4.253,-0.040,-0.720,-1.020,-0.158,0.083,1.013,2.916,-3.096,-0.922,0.000,0.000,1.777,1.058,2,NULL,NULL,,0,0,0,7,255,0,250,0,0
baseline,18800,18800,0,213661.817,0.909,-0.243,-0.230,0.249,2894,473,1287,3101,1587,2099,375,2158,52,0.971,37,0,2.872,4.355,-1.620,-0.780,-2.240,-0.162,0.073,1.005,2.806,-3.330,-1.118,0.000,0.000,1.777,1.058,2,NULL,NULL,,0,0,0,7,255,0,250,0,0
baseline,18800,18800,0,213666.816,0.909,-0.243,-0.229,0.249,2887,493,1307,3096,1611,2107,405,2173,52,0.971,37,0,4.667,4.283,-2.100,-0.480,-4.140,-0.171,0.072,1.005,2.694,-3.330,-1.132,0.000,0.000,1.777,1.058,2,NULL,NULL,,0,0,0,7,255,0,250,0,0
baseline,18800,18800,0,213671.817,0.909,-0.242,-0.229,0.250,2871,503,1358,3092,1641,2119,433,2185,52,0.971,37,0,8.501,4.244,-2.900,-0.420,-7.980,-0.168,0.067,1.002,2.608,-3.348,-1.176,0.000,0.000,1.777,1.058,2,NULL,NULL,,0,0,0,7,255,0,250,0,0
baseline,18800,18800,0,213676.817,0.909,-0.241,-0.229,0.250,2858,521,1400,3087,1656,2126,461,2199,52,0.971,37,0,11.288,4.243,-3.460,-0.300,-10.740,-0.151,0.047,1.000,2.606,-3.348,-1.176,0.000,0.000,1.777,1.058,2,NULL,NULL,,0,0,0,7,255,0,250,0,0
baseline,18815,18815,0,213681.817,0.909,-0.241,-0.229,0.250,2847,554,1439,3080,1677,2131,477,2213,52,0.971,37,0,11.253,4.396,-3.760,-0.360,-10.600,-0.143,0.037,1.000,2.606,-3.540,-1.320,0.000,0.000,1.777,1.058,2,NULL,NULL,,0,0,0,7,255,0,250,0,0
baseline,18815,18815,0,213686.817,0.910,-0.240,-0.228,0.251,2835,565,1471,3069,1706,2138,507,2219,52,0.971,37,0,11.485,4.397,-4.420,0.000,-10.600,-0.155,0.049,1.007,2.608,-3.540,-1.320,0.000,0.000,1.777,1.058,2,NULL,NULL,,0,0,0,7,255,0,250,0,0
baseline,18815,18815,0,213691.817,0.910,-0.240,-0.228,0.251,2815,587,1519,3061,1735,2143,547,2231,52,0.971,37,0,13.690,4.389,-5.840,-0.240,-12.380,-0.159,0.061,1.011,2.616,-3.524,-1.230,0.000,0.000,1.777,1.058,2,NULL,NULL,,0,0,0,7,255,0,250,0,0
baseline,18815,18815,0,213696.816,0.910,-0.239,-0.228,0.252,2796,595,1575,3051,1773,2151,587,2247,52,0.971,37,0,16.059,4.398,-7.720,-0.240,-14.080,-0.149,0.051,1.010,2.652,-3.508,-1.216,0.000,0.000,1.777,1.058,2,NULL,NULL,,0,0,0,7,255,0,250,0,0
baseline,18848,18848,0,213701.817,0.910,-0.238,-0.228,0.252,2780,611,1613,3043,1797,2152,627,2267,52,0.971,37,0,17.358,4.398,-9.560,-0.900,-14.460,-0.143,0.031,0.997,2.652,-3.508,-1.216,0.000,0.000,1.777,1.058,2,NULL,NULL,,0,0,0,7,255,0,250,0,0
baseline,18848,18848,0,213706.816,0.910,-0.237,-0.227,0.253,2760,622,1654,3035,1819,2157,671,2279,52,0.971,37,0,17.764,4.439,-10.160,-1.220,-14.520,-0.136,0.012,0.991,2.566,-3.622,-1.390,0.000,0.000,1.777,1.058,2,NULL,NULL,,0,0,0,7,255,0,250,0,0
baseline,18848,18848,0,213711.817,0.910,-0.236,-0.227,0.254,2730,631,1703,3023,1843,2163,717,2299,52,0.971,37,0,16.139,4.413,-9.060,-1.760,-13.240,-0.143,0.019,0.985,2.506,-3.632,-1.502,0.000,0.000,1.777,1.058,2,NULL,NULL,,0,0,0,7,255,0,250,0,0
baseline,18848,18848,0,213716.816,0.910,-0.235,-0.227,0.254,2709,659,1749,3012,1873,2166,743,2313,52,0.971,37,0,16.261,4.392,-8.700,-2.320,-13.540,-0.155,0.033,0.993,2.470,-3.632,-1.502,0.000,0.000,1.777,1.058,2,NULL,NULL,,0,0,0,7,255,0,250,0,0
baseline,18848,18848,0,213721.817,0.910,-0.234,-0.226,0.255,2679,665,1791,2998,1901,2172,777,2326,52,0.851,37,0,18.075,4.276,-8.760,-2.800,-15.560,-0.158,0.034,0.999,2.470,-3.490,-1.334,0.000,0.000,2.328,1.008,3,NULL,NULL,,0,0,0,7,255,0,250,0,0
baseline,18848,18848,0,213726.816,0.911,-0.233,-0.226,0.255,2653,687,1833,2983,1931,2175,821,2345,52,0.851,37,0,19.508,4.278,-9.500,-3.280,-16.720,-0.152,0.026,1.005,2.474,-3.490,-1.264,0.020,0.002,2.328,1.008,3,NULL,NULL,,0,0,0,7,255,0,250,0,0
baseline,18880,18880,0,213731.817,0.911,-0.232,-0.226,0.256,2621,715,1883,2968,1956,2184,871,2358,52,0.851,37,0,20.826,4.359,-10.480,-3.360,-17.680,-0.140,0.021,1.009,2.496,-3.574,-1.264,0.044,0.004,2.328,1.008,3,NULL,NULL,,0,0,0,7,255,0,250,0,0
baseline,18880,18880,0,213736.816,0.911,-0.231,-0.225,0.257,2589,761,1927,2949,1981,2189,917,2373,52,0.851,37,0,21.453,4.442,-11.140,-3.480,-18.000,-0.135,0.020,1.000,2.568,-3.624,-1.280,0.066,0.004,2.328,1.008,3,NULL,NULL,,0,0,0,7,255,0,250,0,0
baseline,18880,18880,0,213741.817,0.911,-0.230,-0.225,0.257,2547,775,1963,2927,2021,2187,921,2386,52,0.851,37,0,21.177,4.442,-11.320,-4.020,-17.440,-0.140,0.028,0.994,2.568,-3.624,-1.374,0.090,0.006,2.328,1.008,3,NULL,NULL,,0,0,0,7,255,0,250,0,0
baseline,18880,18880,0,213746.816,0.911,-0.229,-0.225,0.258,2515,791,2008,2916,2063,2197,953,2403,52,0.851,37,0,20.596,4.334,-9.740,-4.580,-17.560,-0.142,0.032,0.988,2.554,-3.502,-1.380,0.112,0.006,2.328,1.008,3,NULL,NULL,,0,0,0,7,255,0,250,0,0
baseline,18880,18880,0,213751.817,0.911,-0.229,-0.224,0.259,2474,807,2056,2893,2089,2201,969,2420,52,0.851,37,0,20.381,4.310,-8.220,-4.880,-18.000,-0.146,0.023,0.995,2.538,-3.484,-1.374,0.136,0.006,2.328,1.008,3,NULL,NULL,,0,0,0,7,255,0,250,0,0
baseline,18880,18880,0,213756.816,0.911,-0.228,-0.224,0.260,2424,822,2107,2869,2123,2207,1007,2438,52,0.851,37,0,20.516,4.296,-8.220,-5.800,-17.880,-0.145,0.019,1.010,2.514,-3.484,-1.334,0.158,0.006,2.328,1.008,3,NULL,NULL,,0,0,0,7,255,0,250,0,0
baseline,18896,18896,0,213761.817,0.912,-0.227,-0.224,0.260,2379,829,2161,2844,2149,2217,1029,2456,52,0.851,37,0,21.753,4.371,-10.160,-6.280,-18.180,-0.147,0.017,1.028,2.514,-3.576,-1.216,0.182,0.008,2.328,1.008,3,NULL,NULL,,0,0,0,7,255,0,250,0,0
baseline,18896,18896,0,213766.817,0.912,-0.225,-0.223,0.261,2317,855,2207,2812,2189,2221,1076,2475,52,0.851,37,0,25.115,4.433,-14.740,-7.140,-19.040,-0.145,0.021,1.050,2.538,-3.634,-1.048,0.206,0.008,2.328,1.008,3,NULL,NULL,,0,0,0,7,255,0,250,0,0
baseline,18912,18912,0,213771.817,0.912,-0.224,-0.223,0.262,2259,871,2263,2781,2218,2226,1124,2489,52,0.851,37,0,28.640,4.499,-20.420,-7.860,-18.480,-0.146,0.033,1.047,2.652,-3.634,-0.864,0.228,0.008,2.328,1.008,3,NULL,NULL,,0,0,0,7,255,0,250,0,0
baseline,18912,18912,0,213776.817,0.912,-0.223,-0.222,0.262,2167,873,2316,2747,2251,2233,1169,2517,52,0.851,37,0,31.378,4.435,-23.900,-9.340,-18.060,-0.162,0.056,1.040,2.674,-3.538,-0.842,0.250,0.010,2.328,1.008,3,NULL,NULL,,0,0,0,7,255,0,250,0,0
baseline,18912,18912,0,213781.817,0.913,-0.221,-0.222,0.263,2071,885,2355,2700,2283,2235,1209,2529,52,0.851,37,0,32.136,4.199,-24.080,-10.120,-18.720,-0.173,0.070,1.027,2.674,-3.238,-0.784,0.274,0.012,2.328,1.008,3,NULL,NULL,,0,0,0,7,255,0,250,0,0
baseline,18912,18912,0,213786.816,0.913,-0.219,-0.222,0.264,1981,883,2410,2649,2321,2245,1252,2547,52,0.851,37,0,35.780,4.199,-24.140,-10.800,-24.100,-0.158,0.051,1.048,2.674,-3.238,-0.774,0.296,0.012,2.328,1.008,3,NULL,NULL,,0,0,0,7,255,0,250,0,0
baseline,18928,18928,0,213791.817,0.913,-0.218,-0.221,0.265,1917,888,2459,2600,2365,2249,1291,2567,52,0.851,37,0,39.211,4.228,-27.380,-11.600,-25.560,-0.139,0.016,1.058,2.694,-3.258,-0.776,0.318,0.014,2.328,1.008,3,NULL,NULL,,0,0,0,7,255,0,250,0,0
baseline,18928,18928,0,213796.817,0.913,-0.216,-0.221,0.265,1787,879,2505,2535,2405,2249,1319,2583,52,0.851,37,0,45.345,4.507,-35.060,-13.060,-25.620,-0.131,0.019,1.063,2.704,-3.606,-0.752,0.342,0.014,2.328,1.008,3,NULL,NULL,,0,0,0,7,255,0,250,0,0
baseline,18960,18960,0,213801.817,0.914,-0.213,-0.220,0.266,1685,879,2539,2468,2440,2245,1373,2602,52,0.851,37,0,45.733,4.501,-37.020,-12.200,-23.920,-0.136,0.012,1.042,2.694,-3.606,-0.776,0.366,0.014,2.328,1.008,3,NULL,NULL,,0,0,0,7,255,0,250,0,0
baseline,18960,18960,0,213806.817,0.914,-0.211,-0.220,0.267,1589,867,2583,2392,2479,2233,1421,2619,52,0.851,37,0,48.919,4.433,-40.380,-13.480,-24.100,-0.142,0.006,1.059,2.650,-3.554,-0.752,0.388,0.016,2.328,1.008,3,NULL,NULL,,0,0,0,7,255,0,250,0,0
baseline,18960,18960,0,213811.817,0.915,-0.209,-0.220,0.268,1443,851,2621,2309,2520,2227,1461,2635,52,0.851,37,0,52.649,4.425,-43.620,-14.160,-25.860,-0.149,-0.013,1.048,2.636,-3.554,-0.798,0.412,0.016,2.328,1.008,3,NULL,NULL,,0,0,0,7,255,0,250,0,0
baseline,18960,18960,0,213816.816,0.915,-0.206,-0.219,0.269,1315,829,2659,2207,2549,2217,1511,2649,52,0.851,37,0,54.091,4.316,-43.920,-16.100,-27.160,-0.144,-0.006,1.014,2.448,-3.554,-0.798,0.434,0.018,2.328,1.008,3,NULL,NULL,,0,0,0,7,255,0,250,0,0
baseline,18960,18960,0,213821.817,0.915,-0.204,-0.219,0.269,1164,811,2695,2084,2583,2203,1555,2664,52,0.851,37,0,48.548,4.167,-37.020,-17.260,-26.240,-0.146,0.006,1.011,2.448,-3.372,-1.056,0.458,0.018,2.328,1.008,3,NULL,NULL,,0,0,0,7,255,0,250,0,0
baseline,18960,18960,0,213826.816,0.916,-0.202,-0.218,0.270,1004,793,2727,1983,2615,2187,1591,2683,52,0.851,37,0,44.105,4.049,-31.040,-19.280,-24.700,-0.127,0.026,1.034,2.468,-3.210,-1.056,0.480,0.020,2.328,1.008,3,NULL,NULL,,0,0,0,7,255,0,250,0,0
baseline,18976,18976,0,213831.817,0.916,-0.200,-0.217,0.271,885,760,2760,1838,2644,2163,1619,2705,52,0.851,37,0,40.231,4.226,-26.220,-20.740,-22.380,-0.125,0.036,1.054,2.786,-3.178,-0.912,0.504,0.022,2.328,1.008,3,NULL,NULL,,0,0,0,7,255,0,250,0,0
baseline,18976,18976,0,213836.816,0.917,-0.198,-0.216,0.272,715,700,2791,1641,2670,2137,1663,2719,52,0.851,37,0,41.216,4.310,-26.760,-23.920,-20.260,-0.101,0.044,1.071,2.912,-3.178,-0.720,0.526,0.022,2.328,1.008,3,NULL,NULL,,0,0,0,7,255,0,250,0,0
baseline,18976,18976,0,213841.817,0.917,-0.196,-0.215,0.272,541,611,2811,1463,2697,2099,1699,2735,52,0.851,37,0,42.522,4.499,-29.520,-24.840,-17.880,-0.084,0.056,1.080,3.192,-3.170,-0.662,0.548,0.024,2.328,1.008,3,NULL,NULL,,0,0,0,7,255,0,250,0,0
baseline,18976,18976,0,213846.817,0.918,-0.195,-0.214,0.273,377,534,2839,1257,2707,2039,1743,2751,52,0.851,37,0,41.280,4.647,-28.360,-27.100,-12.860,-0.067,0.113,1.073,3.398,-3.170,-0.662,0.570,0.026,2.328,1.008,3,NULL,NULL,,0,0,0,7,255,0,250,0,0
baseline,18977,18977,0,213851.817,0.918,-0.193,-0.213,0.273,227,437,2867,1081,2741,1991,1799,2771,52,0.851,37,0,39.923,4.663,-25.600,-29.220,-9.200,-0.049,0.172,1.091,3.792,-2.714,-0.632,0.592,0.026,2.328,1.008,3,NULL,NULL,,0,0,0,7,255,0,250,0,0
baseline,18977,18977,0,213856.816,0.919,-0.192,-0.211,0.273,171,345,2890,863,2779,1932,1831,2773,52,0.851,37,0,38.495,4.809,-19.620,-32.460,-6.580,-0.092,0.146,1.165,4.040,-2.608,-0.500,0.614,0.028,2.328,1.008,3,NULL,NULL,,0,0,0,7,255,0,250,0,0
baseline,18991,18991,0,213861.817,0.919,-0.192,-0.209,0.272,104,275,2908,729,2797,1867,1855,2783,52,0.851,37,0,55.684,4.809,16.200,-46.320,26.320,-0.269,0.068,1.327,4.040,-2.608,0.308,0.640,0.028,2.328,1.008,3,NULL,NULL,,0,0,0,7,255,0,250,0,0
baseline,18991,18991,0,213866.817,0.921,-0.193,-0.205,0.271,69,205,2923,659,2823,1823,1882,2792,52,0.851,37,0,90.411,4.107,27.680,-63.040,58.600,-0.477,0.047,1.678,2.742,-3.058,2.412,0.660,0.030,2.328,1.008,3,NULL,NULL,,0,0,0,7,255,0,250,0,0
baseline,19009,19009,0,213871.817,0.922,-0.191,-0.203,0.269,37,125,2939,627,2842,1773,1913,2797,52,0.851,37,0,79.368,4.142,-28.420,-65.060,35.480,-0.496,-0.138,1.643,2.044,-3.602,5.898,0.682,0.032,2.328,1.008,3,NULL,NULL,,0,0,0,7,255,0,250,0,0
baseline,19009,19009,0,213876.816,0.923,-0.186,-0.201,0.269,30,63,2955,595,2859,1711,1941,2804,52,0.851,37,0,110.263,4.875,-88.900,-64.820,7.280,-0.334,-0.315,1.297,0.744,-4.818,5.898,0.704,0.032,2.328,1.008,3,NULL,NULL,,0,0,0,7,255,0,250,0,0
baseline,19009,19009,0,213881.817,0.925,-0.181,-0.199,0.268,27,26,2969,544,2873,1645,1965,2811,52,0.851,37,0,119.753,5.021,-94.580,-72.560,11.420,-0.137,-0.297,0.952,0.518,-4.994,2.000,0.728,0.034,2.328,1.008,3,NULL,NULL,,0,0,0,7,255,0,250,0,0
baseline,19009,19009,0,213886.816,0.927,-0.178,-0.196,0.266,0,20,2983,475,2897,1557,1995,2821,52,0.851,37,0,101.980,5.021,-56.980,-79.580,28.640,-0.094,-0.174,0.806,0.518,-4.994,-1.774,0.750,0.036,2.328,1.008,3,NULL,NULL,,0,0,0,7,255,0,250,0,0
baseline,19023,19023,0,213891.817,0.928,-0.176,-0.192,0.265,0,0,2989,399,2911,1469,2021,2823,52,0.851,37,0,95.640,3.766,-8.760,-85.740,41.460,-0.179,-0.074,0.894,1.030,-3.622,-1.774,0.772,0.038,2.328,1.008,3,NULL,NULL,,0,0,0,7,255,0,250,0,0
baseline,19023,19023,0,213896.817,0.929,-0.177,-0.188,0.264,0,0,2997,361,2924,1371,2055,2824,52,0.851,37,0,104.500,2.895,25.900,-91.720,42.860,-0.291,-0.047,1.124,1.030,-2.706,-1.766,0.794,0.038,2.328,1.008,3,NULL,NULL,,0,0,0,7,255,0,250,0,0
baseline,19056,19056,0,213901.817,0.931,-0.177,-0.183,0.263,0,0,3006,307,2937,1247,2079,2829,52,0.851,37,0,108.507,2.922,30.420,-97.640,36.260,-0.316,-0.058,1.347,1.102,-2.706,0.768,0.816,0.040,2.328,1.008,3,NULL,NULL,,0,0,0,7,255,0,250,0,0
baseline,19056,19056,0,213906.816,0.932,-0.176,-0.179,0.262,0,0,3007,255,2951,1139,2103,2823,52,0.851,37,0,107.584,3.594,10.160,-102.960,29.500,-0.258,-0.081,1.399,1.232,-3.376,2.844,0.836,0.042,2.328,1.008,3,NULL,NULL,,0,0,0,7,255,0,250,0,0
baseline,19056,19056,0,213911.817,0.933,-0.174,-0.174,0.261,0,0,3006,153,2957,1015,2123,2813,52,0.851,37,0,114.953,4.238,-11.820,-109.740,32.120,-0.164,-0.062,1.353,1.606,-3.922,2.844,0.860,0.044,2.328,1.008,3,NULL,NULL,,0,0,0,7,255,0,250,0,0
baseline,19056,19056,0,213916.816,0.935,-0.172,-0.169,0.259,0,0,3006,61,2970,883,2137,2805,52,0.851,37,0,126.670,4.503,-20.240,-117.060,43.960,-0.144,0.001,1.274,2.212,-3.922,2.346,0.882,0.046,2.328,1.008,3,NULL,NULL,,0,0,0,7,255,0,250,0,0
baseline,19056,19056,0,213921.817,0.937,-0.171,-0.163,0.258,0,0,3006,21,2973,755,2149,2795,52,0.851,37,0,137.081,3.877,-18.160,-124.880,53.540,-0.183,0.041,1.251,2.212,-3.184,1.726,0.902,0.050,2.328,1.008,3,NULL,NULL,,0,0,0,7,255,0,250,0,0
baseline,19056,19056,0,213926.816,0.939,-0.169,-0.158,0.255,0,0,3003,0,2979,645,2157,2787,52,0.851,37,0,144.725,3.288,-3.880,-132.380,58.360,-0.286,0.031,1.283,2.088,-2.540,1.726,0.922,0.056,2.328,1.008,3,NULL,NULL,,0,0,0,7,255,0,250,0,0
baseline,19071,19071,0,213931.817,0.940,-0.168,-0.152,0.254,0,0,2999,0,2984,500,2169,2769,52,0.851,37,0,150.299,2.604,3.880,-140.500,53.240,-0.335,0.019,1.392,1.158,-2.332,2.396,0.944,0.060,2.328,1.008,3,NULL,NULL,,0,0,0,7,255,0,250,0,0
baseline,19071,19071,0,213936.816,0.942,-0.167,-0.145,0.252,0,0,2991,0,2984,377,2181,2742,52,0.851,37,0,156.934,2.465,8.440,-150.560,43.460,-0.385,-0.020,1.464,0.798,-2.332,3.562,0.966,0.062,2.328,1.008,3,NULL,NULL,,0,0,0,7,255,0,250,0,0
baseline,19071,19071,0,213941.817,0.944,-0.166,-0.138,0.251,0,0,2987,0,2984,310,2187,2719,52,0.851,37,0,170.919,2.583,7.720,-165.340,42.620,-0.388,-0.007,1.563,0.238,-2.572,4.356,0.990,0.062,2.328,1.008,3,NULL,NULL,,0,0,0,7,255,0,250,0,0
baseline,19071,19071,0,213946.816,0.945,-0.165,-0.130,0.250,0,0,2972,0,2983,235,2185,2679,52,0.851,37,0,180.871,2.579,13.640,-176.380,37.660,-0.447,0.079,1.687,0.186,-2.572,5.298,1.012,0.064,2.328,1.008,3,NULL,NULL,,0,0,0,7,255,0,250,0,0
baseline,19088,19088,0,213951.817,0.947,-0.163,-0.122,0.249,0,0,2962,0,2973,175,2183,2643,52,0.851,37,0,196.817,1.901,6.260,-193.160,37.240,-0.456,0.214,1.750,0.238,-1.886,6.762,1.036,0.068,2.328,1.008,3,NULL,NULL,,0,0,0,7,255,0,250,0,0
baseline,19088,19088,0,213956.816,0.949,-0.161,-0.113,0.248,0,0,2941,0,2966,116,2175,2589,52,0.851,37,0,207.347,0.970,0.460,-204.940,31.500,-0.457,0.321,1.906,0.608,-0.756,7.572,1.054,0.074,2.328,1.008,3,NULL,NULL,,0,0,0,7,255,0,250,0,0
baseline,19112,19112,0,213961.817,0.950,-0.158,-0.104,0.248,0,0,2915,0,2952,87,2165,2532,52,0.851,37,0,220.122,1.084,-16.880,-218.020,25.220,-0.452,0.423,1.971,1.080,-0.090,9.198,1.074,0.078,2.328,1.008,3,NULL,NULL,,0,0,0,7,255,0,250,0,0
baseline,19112,19112,0,213966.816,0.952,-0.155,-0.094,0.247,0,0,2889,0,2933,43,2157,2445,52,0.851,37,0,234.724,1.542,-16.580,-233.640,15.260,-0.436,0.440,2.145,1.388,0.672,9.950,1.094,0.082,2.328,1.008,3,NULL,NULL,,0,0,0,7,255,0,250,0,0
baseline,19155,19155,0,213971.817,0.953,-0.152,-0.084,0.247,0,0,2855,0,2907,0,2141,2348,52,0.851,37,0,247.983,1.679,-9.920,-247.060,18.940,-0.435,0.511,2.319,1.486,0.782,11.582,1.116,0.084,2.328,1.008,3,NULL,NULL,,0,0,0,7,255,0,250,0,0
baseline,19155,19155,0,213976.816,0.955,-0.149,-0.073,0.247,0,0,2809,0,2857,0,2106,2213,52,0.851,37,0,261.802,1.967,-25.000,-259.820,20.220,-0.496,0.694,2.567,1.620,1.116,13.350,1.136,0.086,2.328,1.008,3,NULL,NULL,,0,0,0,7,255,0,250,0,0
baseline,19168,19168,0,213981.817,0.956,-0.144,-0.062,0.246,0,0,2749,0,2793,0,2073,2065,52,0.851,37,0,279.242,3.232,-65.640,-270.920,16.420,-0.537,1.062,2.687,1.762,2.710,16.084,1.158,0.088,2.328,1.008,3,NULL,NULL,,0,0,0,7,255,0,250,0,0
baseline,19168,19168,0,213986.817,0.958,-0.136,-0.052,0.246,0,0,2663,0,2709,0,2019,1861,52,0.851,37,0,300.172,6.777,-114.100,-277.640,0.620,-0.504,1.205,2.660,2.758,6.190,17.560,1.176,0.094,2.328,1.008,3,NULL,NULL,,0,0,0,7,255,0,250,0,0
baseline,19168,19168,0,213991.817,0.960,-0.126,-0.042,0.247,0,0,2542,0,2605,0,1965,1673,52,0.851,37,0,327.602,6.777,-174.160,-277.460,-2.680,-0.534,0.872,2.532,2.758,6.190,17.560,1.194,0.100,2.328,1.008,3,NULL,NULL,,0,0,0,7,255,0,250,0,0
baseline,19168,19168,0,213996.816,0.962,-0.114,-0.033,0.246,0,0,2377,0,2471,0,1899,1479,52,0.851,37,0,366.562,6.102,-239.100,-277.700,9.040,-0.707,0.623,2.398,0.974,6.024,15.830,1.208,0.106,2.328,1.008,3,NULL,NULL,,0,0,0,7,255,0,250,0,0
baseline,19168,19168,0,214001.817,0.964,-0.100,-0.025,0.246,0,0,2159,0,2343,0,1791,1321,52,0.851,37,0,383.492,6.357,-272.380,-269.900,5.440,-0.855,0.671,2.220,-2.032,6.024,14.276,1.224,0.114,2.328,1.008,3,NULL,NULL,,0,0,0,7,255,0,250,0,0
baseline,19168,19168,0,214006.817,0.965,-0.086,-0.016,0.248,0,0,1981,0,2175,0,1693,1117,52,0.851,37,0,381.517,8.365,-263.760,-272.220,-43.380,-1.009,0.709,2.249,-3.356,7.662,12.562,1.240,0.122,2.328,1.008,3,NULL,NULL,,0,0,0,7,255,0,250,0,0
baseline,19168,19168,0,214011.817,0.965,-0.072,-0.008,0.252,0,0,1739,0,2009,0,1561,975,52,0.851,37,0,386.548,8.973,-256.680,-270.980,-100.520,-1.005,0.415,2.356,-4.670,7.662,12.562,1.254,0.134,2.328,1.008,3,NULL,NULL,,0,0,0,7,255,0,250,0,0
baseline,19168,19168,0,214016.816,0.964,-0.057,0.000,0.258,0,0,1478,0,1755,0,1407,811,52,0.851,37,0,434.138,9.743,-292.340,-280.260,-156.420,-0.770,0.008,2.170,-6.146,7.560,12.562,1.266,0.146,2.328,1.008,3,NULL,NULL,,0,0,0,7,255,0,250,0,0
baseline,19168,19168,0,214021.817,0.963,-0.041,0.010,0.265,0,0,1193,0,1499,0,1195,713,52,0.851,37,0,465.840,7.248,-300.880,-307.620,-178.460,-0.496,-0.054,1.804,-6.146,3.842,11.050,1.274,0.160,2.328,1.008,3,NULL,NULL,,0,0,0,7,255,0,250,0,0
baseline,19168,19168,0,214026.816,0.962,-0.026,0.021,0.272,0,0,927,0,1259,0,965,630,52,0.851,37,0,456.728,5.097,-253.580,-334.220,-180.540,-0.279,-0.034,1.482,-4.334,2.682,7.318,1.280,0.176,2.328,1.008,3,NULL,NULL,,0,0,0,7,255,0,250,0,0
baseline,19168,19168,0,214031.817,0.960,-0.015,0.035,0.278,0,0,636,0,1004,0,671,540,52,0.851,37,0,422.322,3.365,-171.060,-353.940,-154.340,-0.033,-0.052,1.521,-2.562,2.182,4.574,1.284,0.196,2.328,1.008,4,NULL,NULL,,0,0,0,7,255,0,250,0,0
baseline,19168,19168,0,214036.817,0.958,-0.007,0.049,0.282,0,0,439,0,779,0,380,407,52,0.851,37,0,396.749,2.352,-86.220,-367.000,-123.640,-0.043,-0.090,1.803,-1.672,1.654,4.574,1.284,0.216,2.328,1.008,4,NULL,NULL,,0,0,0,7,255,0,250,0,0
baseline,19184,19184,0,214041.817,0.957,0.001,0.065,0.282,0,0,249,0,527,0,101,299,52,0.851,37,0,414.670,2.352,-75.160,-404.840,-49.060,-0.167,-0.139,2.067,-1.672,1.654,7.274,1.284,0.242,2.328,1.008,4,NULL,NULL,,0,0,0,7,255,0,250,0,0
baseline,19184,19184,0,214046.816,0.957,0.011,0.081,0.280,0,0,109,0,269,0,0,185,52,0.851,37,0,448.229,4.521,-126.680,-429.560,18.440,-0.292,0.041,2.132,-3.616,2.714,9.580,1.278,0.266,2.328,1.008,4,NULL,NULL,,0,0,0,7,255,0,250,0,0
baseline,19184,19184,0,214051.817,0.956,0.025,0.096,0.276,0,0,38,0,56,0,0,137,52,0.851,37,0,470.735,6.586,-194.620,-424.980,55.740,-0.423,0.370,1.836,-3.616,5.504,9.580,1.268,0.300,2.328,1.008,4,NULL,NULL,,0,0,0,7,255,0,250,0,0
baseline,19184,19184,0,214056.816,0.955,0.039,0.110,0.272,0,0,0,0,0,0,0,75,52,0.851,37,0,488.038,9.590,-225.440,-424.980,82.160,-0.618,0.602,1.340,-3.562,8.904,5.916,1.254,0.336,2.328,1.008,4,NULL,NULL,,0,0,0,7,255,0,250,0,0
baseline,19184,19184,0,214061.817,0.955,0.053,0.124,0.266,0,0,0,0,0,0,0,29,52,0.851,37,0,516.288,11.682,-225.740,-450.120,113.960,-0.715,0.724,1.080,-3.524,11.138,0.088,1.232,0.386,2.328,1.008,4,NULL,NULL,,0,0,0,7,255,0,250,0,0
baseline,19184,19184,0,214066.816,0.954,0.068,0.139,0.257,0,0,0,0,0,0,0,0,52,0.851,37,0,547.721,12.039,-224.640,-472.220,162.920,-0.985,0.508,0.944,-3.524,11.512,-3.270,1.208,0.430,2.328,1.008,4,NULL,NULL,,0,0,0,7,255,0,250,0,0
baseline,19200,19200,0,214071.817,0.953,0.087,0.153,0.247,0,0,0,0,0,0,0,0,52,0.851,37,0,597.866,12.813,-301.680,-469.720,214.000,-0.880,0.887,0.682,-3.782,12.242,-5.576,1.178,0.486,2.328,1.008,4,NULL,NULL,,0,0,0,7,255,0,250,0,0
baseline,19200,19200,0,214076.817,0.950,0.106,0.164,0.243,0,0,0,0,0,0,0,0,52,0.851,37,0,595.472,12.466,-403.040,-425.780,104.200,-0.380,1.123,0.323,-3.782,11.878,-8.894,1.150,0.536,2.328,1.008,4,NULL,NULL,,0,0,0,7,255,0,250,0,0
baseline,19215,19215,0,214081.817,0.946,0.123,0.174,0.245,0,0,0,0,0,0,0,0,52,0.851,37,0,498.826,12.079,-380.460,-319.260,-46.380,-0.079,0.579,-0.025,2.196,11.878,-11.326,1.116,0.596,2.328,1.008,4,NULL,NULL,,0,0,0,7,255,0,250,0,0
baseline,19215,19215,0,214086.816,0.942,0.137,0.178,0.249,0,0,0,0,0,0,0,0,52,0.851,37,0,340.738,5.322,-275.120,-184.500,-79.820,-0.471,-0.026,-0.572,2.196,4.848,-12.194,1.088,0.646,2.328,1.008,0,NULL,NULL,,0,0,0,7,255,0,250,0,0
baseline,19215,19215,0,214091.817,0.942,0.143,0.176,0.248,0,0,0,0,0,0,0,0,52,0.851,37,0,113.074,2.416,-95.320,-57.540,19.720,-0.464,-0.140,-0.287,-2.368,-0.478,-14.242,1.058,0.700,2.328,1.008,0,NULL,NULL,,0,0,0,7,255,0,250,0,0
baseline,19215,19215,0,214096.817,0.942,0.142,0.174,0.247,0,0,0,0,0,0,0,0,52,0.851,37,0,19.386,3.614,-16.340,-1.520,10.320,-0.875,0.221,-0.151,-3.582,-0.478,-15.758,1.032,0.750,2.328,1.008,0,NULL,NULL,,0,0,0,7,255,0,250,0,0
baseline,19264,19264,0,214101.817,0.943,0.140,0.171,0.249,0,0,0,0,0,0,0,0,52,0.851,37,0,59.426,6.960,9.360,44.080,-38.740,-0.815,0.342,0.439,-5.248,4.572,-14.242,1.012,0.794,2.328,1.008,0,NULL,NULL,,0,0,0,7,255,0,250,0,0
baseline,19264,19264,0,214106.817,0.943,0.137,0.167,0.253,0,0,0,0,0,0,0,0,52,0.851,37,0,126.524,9.513,3.080,103.520,-72.680,-0.721,0.649,0.585,-5.248,7.934,-10.760,0.996,0.834,2.328,1.008,0,NULL,NULL,,0,0,0,7,255,0,250,0,0
baseline,19264,19264,0,214111.817,0.943,0.134,0.161,0.259,0,0,0,0,0,0,0,0,52,0.851,37,0,167.008,11.077,-12.420,142.960,-85.440,-0.562,0.707,0.647,-3.202,10.604,-9.852,0.978,0.878,2.328,1.008,0,NULL,NULL,,0,0,0,7,255,0,250,0,0
baseline,19264,19264,0,214116.816,0.943,0.131,0.155,0.264,0,0,0,0,0,0,0,0,52,0.851,37,0,183.939,10.729,-26.220,162.780,-81.540,-0.397,0.581,0.651,-1.634,10.604,-8.722,0.954,0.926,2.328,1.008,0,NULL,NULL,,0,0,0,7,255,0,250,0,0
baseline,19264,19264,0,214121.817,0.943,0.130,0.148,0.269,0,0,0,0,0,0,0,0,52,0.851,37,0,187.399,9.045,-50.380,169.980,-60.720,-0.183,0.367,0.448,-0.900,9.000,-7.978,0.914,0.990,2.328,1.008,0,NULL,NULL,,0,0,0,7,255,0,250,0,0
baseline,19264,19264,0,214126.816,0.943,0.129,0.140,0.272,0,0,0,0,0,0,0,0,52,0.851,37,0,184.414,5.613,-51.680,175.360,-24.220,-0.366,0.307,0.261,-0.900,5.540,-7.978,0.868,1.060,2.328,1.008,0,NULL,NULL,,0,0,0,7,255,0,250,0,0
baseline,19279,19279,0,214131.817,0.944,0.129,0.132,0.275,0,0,0,0,0,0,0,0,52,0.851,37,0,170.453,5.592,-77.420,150.400,-20.980,-0.337,0.378,0.313,-0.762,5.540,-9.644,0.812,1.142,2.328,1.008,0,NULL,NULL,,0,0,0,7,255,0,250,0,0
baseline,19279,19279,0,214136.816,0.944,0.128,0.124,0.278,0,0,0,0,0,0,0,0,52,0.851,37,0,184.926,5.194,-86.940,162.540,-14.820,-0.267,0.399,0.082,-0.762,5.138,-10.058,0.756,1.220,2.328,1.008,0,NULL,NULL,,0,0,0,7,255,0,250,0,0
baseline,19279,19279,0,214141.817,0.944,0.126,0.117,0.281,0,0,0,0,0,0,0,0,52,0.851,37,0,181.991,4.668,-73.340,166.080,-12.620,-0.204,0.344,-0.182,0.236,4.662,-11.470,0.702,1.298,2.328,1.008,0,NULL,NULL,,0,0,0,7,255,0,250,0,0
baseline,19279,19279,0,214146.817,0.944,0.123,0.110,0.284,0,0,0,0,0,0,0,0,52,0.851,37,0,169.269,3.001,-45.140,162.840,-9.880,-0.130,0.236,-0.301,0.724,2.912,-13.438,0.662,1.358,2.328,1.008,0,NULL,NULL,,0,0,0,7,255,0,250,0,0
baseline,19279,19279,0,214151.817,0.945,0.121,0.105,0.286,0,0,0,0,0,0,0,0,52,0.851,37,0,165.422,1.499,-9.180,165.160,1.540,-0.068,0.140,-0.332,0.754,1.296,-13.814,0.628,1.414,2.328,1.008,0,NULL,NULL,,0,0,0,7,255,0,250,0,0
baseline,19279,19279,0,214156.816,0.946,0.116,0.101,0.287,0,0,0,0,0,0,0,0,52,0.851,37,0,170.187,0.782,26.520,167.060,18.740,-0.053,0.118,-0.267,0.754,0.208,-13.814,0.600,1.464,2.328,1.008,0,NULL,NULL,,0,0,0,7,255,0,250,0,0
baseline,19295,19295,0,214161.817,0.947,0.109,0.094,0.287,0,0,0,0,0,0,0,0,52,0.851,37,0,180.348,0.709,55.700,167.480,37.060,-0.103,0.164,-0.090,0.678,0.208,-13.130,0.564,1.526,2.328,1.008,0,NULL,NULL,,0,0,0,7,255,0,250,0,0
baseline,19295,19295,0,214166.817,0.949,0.103,0.087,0.286,0,0,0,0,0,0,0,0,52,0.851,37,0,193.821,1.542,71.800,173.280,48.840,-0.192,0.247,0.129,0.382,1.494,-11.762,0.522,1.592,2.328,1.008,0,NULL,NULL,,0,0,0,7,255,0,250,0,0
baseline,19295,19295,0,214171.816,0.950,0.097,0.080,0.286,0,0,0,0,0,0,0,0,52,0.851,37,0,203.958,3.350,76.080,182.380,50.480,-0.271,0.298,0.285,-0.022,3.350,-10.152,0.476,1.664,2.328,1.008,0,NULL,NULL,,0,0,0,7,255,0,250,0,0
baseline,19295,19295,0,214176.817,0.952,0.090,0.072,0.285,0,0,0,0,0,0,0,0,52,0.851,37,0,212.406,4.675,75.520,193.000,46.520,-0.321,0.302,0.396,-0.462,4.652,-8.958,0.432,1.728,2.328,1.008,0,NULL,NULL,,0,0,0,7,255,0,250,0,0
baseline,19311,19311,0,214181.817,0.953,0.084,0.063,0.285,0,0,0,0,0,0,0,0,52,0.851,37,0,221.320,5.332,73.460,204.480,42.120,-0.358,0.262,0.477,-0.886,5.258,-7.954,0.386,1.800,2.328,1.008,0,NULL,NULL,,0,0,0,7,255,0,250,0,0
baseline,19311,19311,0,214186.816,0.954,0.078,0.054,0.285,0,0,0,0,0,0,0,0,52,0.851,37,0,229.117,5.479,68.880,215.160,38.160,-0.397,0.212,0.553,-1.406,5.296,-7.072,0.350,1.860,2.328,1.008,0,NULL,NULL,,0,0,0,7,255,0,250,0,0
baseline,19327,19327,0,214191.817,0.955,0.071,0.045,0.285,0,0,0,0,0,0,0,0,52,0.851,37,0,238.241,5.685,62.280,227.660,32.420,-0.441,0.192,0.610,-1.968,5.334,-6.194,0.316,1.920,2.328,1.008,0,NULL,NULL,,0,0,0,7,255,0,250,0,0
baseline,19327,19327,0,214196.817,0.955,0.065,0.035,0.286,0,0,0,0,0,0,0,0,52,0.851,37,0,247.857,5.945,56.120,240.360,22.600,-0.481,0.183,0.628,-2.370,5.452,-5.554,0.286,1.972,2.328,1.008,0,NULL,NULL,,0,0,0,7,255,0,250,0,0
baseline,19360,19360,0,214201.817,0.956,0.059,0.024,0.287,0,0,0,0,0,0,0,0,52,0.851,37,0,257.719,6.065,52.520,252.140,9.280,-0.500,0.166,0.630,-2.658,5.452,-5.284,0.262,2.020,2.328,1.008,0,NULL,NULL,,0,0,0,7,255,0,250,0,0
baseline,19360,19360,0,214206.816,0.956,0.053,0.013,0.289,0,0,0,0,0,0,0,0,52,0.851,37,0,267.661,6.077,50.620,262.760,-6.100,-0.492,0.149,0.632,-2.712,5.438,-5.106,0.244,2.062,2.328,1.008,0,NULL,NULL,,0,0,0,7,255,0,250,0,0
baseline,19360,19360,0,214211.817,0.955,0.047,0.002,0.292,0,0,0,0,0,0,0,0,52,0.851,37,0,279.651,5.852,51.720,274.000,-21.300,-0.458,0.119,0.616,-2.712,5.186,-4.902,0.226,2.106,2.328,1.008,0,NULL,NULL,,0,0,0,7,255,0,250,0,0
baseline,19360,19360,0,214216.816,0.955,0.040,-0.009,0.295,0,0,0,0,0,0,0,0,52,0.851,37,0,291.852,5.273,58.080,284.060,-33.380,-0.416,0.089,0.582,-2.486,4.650,-4.902,0.208,2.144,2.328,1.008,0,NULL,NULL,,0,0,0,7,255,0,250,0,0
baseline,19360,19360,0,214221.817,0.954,0.033,-0.021,0.298,0,0,0,0,0,0,0,0,52,0.851,37,0,302.616,4.603,69.420,291.440,-42.660,-0.379,0.074,0.563,-2.202,4.042,-4.962,0.190,2.188,2.328,1.008,0,NULL,NULL,,0,0,0,7,255,0,250,0,0
baseline,19360,19360,0,214226.816,0.952,0.025,-0.032,0.302,0,0,0,0,0,0,0,0,52,0.851,37,0,313.356,4.056,84.740,297.060,-52.600,-0.325,0.079,0.570,-1.880,3.594,-4.962,0.170,2.230,2.328,1.008,0,NULL,NULL,,0,0,0,7,255,0,250,0,0
baseline,19376,19376,0,214231.817,0.951,0.017,-0.043,0.307,0,0,0,0,0,0,0,0,52,0.851,37,0,326.562,3.492,101.960,304.140,-61.200,-0.252,0.063,0.564,-1.292,3.244,-4.830,0.144,2.280,2.328,1.008,0,NULL,NULL,,0,0,0,7,255,0,250,0,0
baseline,19376,19376,0,214236.816,0.949,0.008,-0.054,0.311,0,0,0,0,0,0,0,0,52,0.851,37,0,336.346,2.679,121.420,306.400,-67.120,-0.214,0.097,0.610,-0.684,2.590,-4.806,0.118,2.328,2.328,1.008,0,NULL,NULL,,0,0,0,7,255,0,250,0,0
baseline,19376,19376,0,214241.817,0.947,-0.002,-0.064,0.316,0,0,0,0,0,0,0,0,52,0.851,37,0,337.910,2.546,134.920,301.160,-72.680,-0.160,0.146,0.710,-0.020,2.546,-4.368,0.086,2.386,2.328,1.008,0,NULL,NULL,,0,0,0,7,255,0,250,0,0
baseline,19376,19376,0,214246.816,0.944,-0.012,-0.074,0.320,0,0,0,0,0,0,0,0,52,0.851,37,0,338.125,2.706,143.160,297.000,-75.000,-0.083,0.149,0.801,0.956,2.532,-3.462,0.058,2.438,2.328,1.008,0,NULL,NULL,,0,0,0,7,255,0,250,0,0
baseline,19393,19393,0,214251.817,0.942,-0.022,-0.083,0.325,0,0,0,0,0,0,0,0,52,0.851,37,0,335.045,2.677,148.520,291.140,-73.720,0.013,0.130,0.838,1.834,1.950,-2.628,0.024,2.496,2.328,1.008,0,NULL,NULL,,0,0,0,7,255,0,250,0,0
baseline,19393,19393,0,214256.817,0.939,-0.033,-0.092,0.329,0,0,0,0,0,0,0,0,52,0.851,37,0,330.917,2.828,155.980,283.880,-67.740,0.085,0.106,0.916,2.634,1.030,-2.362,0.008,2.548,2.328,1.008,0,NULL,NULL,,0,0,0,7,255,0,250,0,0
baseline,19393,19393,0,214261.817,0.937,-0.043,-0.100,0.333,0,0,0,0,0,0,0,0,52,0.851,37,0,326.858,3.289,162.860,277.040,-59.680,0.145,0.125,0.928,3.284,0.176,-1.758,0.042,2.610,2.328,1.008,0,NULL,NULL,,0,0,0,7,255,0,250,0,0
baseline,19393,19393,0,214266.816,0.934,-0.054,-0.108,0.336,0,0,0,0,0,0,0,0,52,0.851,37,0,326.790,3.964,173.620,272.900,-46.620,0.193,0.078,1.075,3.954,-0.286,-1.720,0.070,2.658,2.328,1.008,0,NULL,NULL,,0,0,0,7,255,0,250,0,0
baseline,19393,19393,0,214271.817,0.932,-0.065,-0.116,0.338,0,0,0,0,0,0,0,0,52,0.851,37,0,328.537,4.587,186.920,268.020,-34.100,0.171,0.083,1.119,4.400,-1.296,-0.462,0.098,2.712,2.328,1.008,0,NULL,NULL,,0,0,0,7,255,0,250,0,0
baseline,19393,19393,0,214276.817,0.929,-0.076,-0.124,0.340,0,0,0,0,0,0,0,0,52,0.851,37,0,324.760,4.640,179.660,269.480,-23.920,0.110,0.104,1.256,4.428,-1.386,-0.066,0.124,2.758,2.328,1.008,0,NULL,NULL,,0,0,0,7,255,0,250,0,0
baseline,19423,19423,0,214281.818,0.926,-0.088,-0.132,0.342,0,0,0,0,0,0,0,0,52,0.851,37,0,336.801,4.697,191.060,276.740,-18.600,0.069,0.174,1.465,4.488,-1.386,1.300,0.148,2.810,2.328,1.008,0,NULL,NULL,,0,0,0,7,255,0,250,0,0
baseline,19423,19423,0,214286.817,0.923,-0.099,-0.139,0.345,0,0,0,0,0,0,0,0,52,0.851,37,0,326.746,5.360,194.860,260.560,-30.020,0.033,0.157,1.581,5.178,-1.386,3.280,0.168,2.852,2.328,1.008,0,NULL,NULL,,0,0,0,7,255,0,250,0,0
baseline,19423,19423,0,214291.817,0.920,-0.110,-0.146,0.347,0,0,0,0,0,0,0,0,52,0.851,37,0,317.049,5.489,173.680,263.500,-30.380,0.075,0.159,1.690,5.196,-1.770,4.394,0.188,2.896,2.328,1.008,0,NULL,NULL,,0,0,0,7,255,0,250,0,0
baseline,19423,19423,0,214296.816,0.917,-0.120,-0.154,0.348,0,0,0,0,0,0,0,0,52,0.851,37,0,308.644,6.426,154.140,266.120,-26.120,0.098,0.146,1.685,5.864,-2.628,4.942,0.204,2.936,2.328,1.008,0,NULL,NULL,,0,0,0,7,255,0,250,0,0
baseline,19455,19455,0,214301.817,0.914,-0.129,-0.162,0.350,0,0,0,0,0,0,0,0,52,0.851,37,0,299.532,6.801,139.440,264.340,-20.000,0.101,0.119,1.667,5.972,-3.254,4.942,0.218,2.974,2.328,1.008,0,NULL,NULL,,0,0,0,7,255,0,250,0,0
baseline,19455,19455,0,214306.817,0.910,-0.138,-0.170,0.351,0,0,0,0,0,0,0,0,52,0.851,37,0,294.568,7.077,129.060,264.340,-15.440,0.086,0.115,1.639,5.972,-3.798,4.622,0.226,3.004,2.328,1.008,0,NULL,NULL,,0,0,0,7,255,0,250,0,0
baseline,19455,19455,0,214311.817,0.907,-0.146,-0.179,0.352,0,0,0,0,0,0,0,0,52,0.851,37,0,292.796,7.184,124.180,264.720,-15.240,0.081,0.122,1.605,5.950,-4.026,4.276,0.230,3.034,2.328,1.008,0,NULL,NULL,,0,0,0,7,255,0,250,0,0
baseline,19455,19455,0,214316.816,0.904,-0.155,-0.187,0.353,0,0,0,0,0,0,0,0,52,0.851,37,0,293.375,7.277,125.580,264.600,-16.900,0.107,0.099,1.577,5.950,-4.190,3.846,0.230,3.056,2.328,1.008,0,NULL,NULL,,0,0,0,7,255,0,250,0,0
baseline,19455,19455,0,214321.817,0.900,-0.163,-0.195,0.354,0,0,0,0,0,0,0,0,52,0.851,37,0,296.768,7.668,132.660,264.960,-16.400,0.144,0.062,1.563,6.018,-4.752,3.320,0.224,3.074,2.328,1.008,0,NULL,NULL,,0,0,0,7,255,0,250,0,0
baseline,19455,19455,0,214326.816,0.896,-0.172,-0.203,0.355,0,0,0,0,0,0,0,0,52,0.851,37,0,304.387,8.212,144.800,267.400,-13.480,0.159,0.035,1.570,6.086,-5.514,2.852,0.214,3.086,2.328,1.008,0,NULL,NULL,,0,0,0,7,255,0,250,0,0
baseline,19471,19471,0,214331.817,0.892,-0.182,-0.210,0.355,0,0,0,0,0,0,0,0,52,0.851,37,0,313.415,8.678,160.620,268.860,-12.020,0.155,0.022,1.610,6.120,-6.152,2.782,0.200,3.096,2.328,1.008,0,NULL,NULL,,0,0,0,7,255,0,250,0,0
baseline,19471,19471,0,214336.816,0.888,-0.193,-0.217,0.356,0,0,0,0,0,0,0,0,52,0.851,37,0,321.106,9.139,175.860,268.380,-12.440,0.162,0.014,1.693,6.202,-6.712,2.782,0.184,3.102,2.328,1.008,0,NULL,NULL,,0,0,0,7,255,0,250,0,0
baseline,19471,19471,0,214341.818,0.883,-0.203,-0.224,0.358,0,0,0,0,0,0,0,0,52,0.851,37,0,328.136,9.921,187.780,268.680,-14.940,0.195,0.024,1.782,6.502,-7.494,3.228,0.168,3.106,2.328,1.008,0,NULL,NULL,,0,0,0,7,255,0,250,0,0
baseline,19471,19471,0,214346.816,0.879,-0.214,-0.231,0.359,0,0,0,0,0,0,0,0,52,0.851,37,0,334.329,10.971,197.720,268.980,-18.240,0.273,0.013,1.870,7.100,-8.364,3.564,0.152,3.106,2.328,1.008,0,NULL,NULL,,0,0,0,7,255,0,250,0,0
baseline,19487,19487,0,214351.817,0.873,-0.226,-0.238,0.360,0,0,0,0,0,0,0,0,52,0.851,37,0,340.309,12.423,207.800,268.680,-20.980,0.411,-0.009,1.941,7.816,-9.656,3.564,0.138,3.106,2.328,1.008,0,NULL,NULL,,0,0,0,7,255,0,250,0,0
baseline,19487,19487,0,214356.816,0.868,-0.237,-0.244,0.362,0,0,0,0,0,0,0,0,52,0.851,37,0,344.941,14.273,218.100,266.360,-21.660,0.601,-0.048,2.017,8.742,-11.282,3.072,0.126,3.104,2.328,1.008,0,NULL,NULL,,0,0,0,7,255,0,250,0,0
baseline,19487,19487,0,214361.817,0.863,-0.249,-0.250,0.363,0,0,0,0,0,0,0,0,52,0.851,37,0,348.243,16.564,228.120,262.400,-19.520,0.823,-0.047,2.103,9.840,-13.324,2.186,0.116,3.102,2.328,1.008,0,NULL,NULL,,0,0,0,7,255,0,250,0,0
baseline,19487,19487,0,214366.817,0.857,-0.261,-0.255,0.364,0,0,0,0,0,0,0,0,52,0.851,37,0,349.433,19.075,235.440,257.820,-14.140,1.005,-0.036,2.179,11.392,-15.300,1.156,0.110,3.098,2.328,1.008,0,NULL,NULL,,0,0,0,7,255,0,250,0,0
baseline,19505,19505,0,214371.817,0.851,-0.273,-0.261,0.365,0,0,0,0,0,0,0,0,52,0.851,37,0,355.382,21.054,234.340,267.160,2.580,1.057,-0.115,2.232,12.502,-16.940,0.204,0.112,3.092,2.328,1.008,0,NULL,NULL,,0,0,0,7,255,0,250,0,0
baseline,19505,19505,0,214376.817,0.846,-0.286,-0.266,0.364,0,0,0,0,0,0,0,0,52,0.851,37,0,365.344,22.345,233.060,279.540,31.880,1.240,-0.177,2.237,12.698,-18.386,-0.388,0.118,3.086,2.328,1.008,0,NULL,NULL,,0,0,0,7,255,0,250,0,0
baseline,19519,19519,0,214381.817,0.840,-0.299,-0.272,0.362,0,0,0,0,0,0,0,0,52,0.851,37,0,378.480,23.905,239.840,287.240,56.720,1.530,-0.114,2.573,13.064,-20.020,-2.208,0.134,3.078,2.328,1.008,0,NULL,NULL,,0,0,0,7,255,0,250,0,0
baseline,19519,19519,0,214386.816,0.835,-0.310,-0.275,0.361,0,0,0,0,0,0,0,0,52,0.851,37,0,311.355,24.446,231.100,204.900,39.380,1.039,0.011,2.497,13.812,-20.170,-2.208,0.154,3.066,2.328,1.008,0,NULL,NULL,,0,0,0,7,255,0,250,0,0
baseline,19519,19519,0,214391.817,0.831,-0.320,-0.278,0.361,0,0,0,0,0,0,0,0,52,0.851,37,0,294.604,27.649,206.200,209.900,14.660,1.568,-0.262,2.552,14.920,-23.278,-2.208,0.182,3.052,2.328,1.008,0,NULL,NULL,,0,0,0,7,255,0,250,0,0
baseline,19519,19519,0,214396.817,0.827,-0.330,-0.281,0.359,0,0,0,0,0,0,0,0,52,0.851,37,0,267.749,27.777,175.560,194.340,55.680,1.544,-0.112,2.476,14.920,-23.430,-4.082,0.214,3.032,2.328,1.008,0,NULL,NULL,,0,0,0,7,255,0,250,0,0
baseline,19552,19552,0,214401.817,0.824,-0.338,-0.284,0.356,0,0,0,0,0,0,0,0,52,0.851,37,0,246.045,28.141,146.460,182.920,75.020,1.467,-0.033,2.432,15.586,-23.430,-4.514,0.256,3.010,2.328,1.008,0,NULL,NULL,,0,0,0,7,255,0,250,0,0
baseline,19552,19552,0,214406.817,0.821,-0.345,-0.287,0.352,0,0,0,0,0,0,0,0,52,0.851,37,0,221.303,27.340,109.880,177.380,73.740,1.407,-0.117,2.316,15.586,-22.462,-4.540,0.302,2.982,2.328,1.008,0,NULL,NULL,,0,0,0,7,255,0,250,0,0
baseline,19552,19552,0,214411.817,0.819,-0.350,-0.291,0.349,0,0,0,0,0,0,0,0,52,0.851,37,0,199.041,26.251,81.260,170.360,63.180,1.479,-0.281,2.073,14.324,-21.998,-5.464,0.360,2.944,2.328,1.008,0,NULL,NULL,,0,0,0,7,255,0,250,0,0
baseline,19552,19552,0,214416.816,0.818,-0.354,-0.294,0.346,0,0,0,0,0,0,0,0,52,0.851,37,0,186.858,25.123,66.680,163.280,61.720,1.591,-0.400,1.870,12.894,-21.562,-8.318,0.424,2.900,2.328,1.008,0,NULL,NULL,,0,0,0,7,255,0,250,0,0
baseline,19569,19569,0,214421.817,0.817,-0.358,-0.296,0.343,0,0,0,0,0,0,0,0,52,0.851,37,0,180.863,24.452,57.160,159.680,62.820,1.704,-0.497,1.646,12.154,-21.218,-10.962,0.510,2.838,2.328,1.008,0,NULL,NULL,,0,0,0,7,255,0,250,0,0
baseline,19569,19569,0,214426.816,0.816,-0.361,-0.298,0.339,0,0,0,0,0,0,0,0,52,0.851,37,0,172.242,23.565,53.920,149.360,66.720,1.828,-0.594,1.436,11.526,-20.554,-13.652,0.600,2.770,2.328,1.008,0,NULL,NULL,,0,0,0,7,255,0,250,0,0
baseline,19569,19569,0,214431.819,0.815,-0.365,-0.300,0.336,0,0,0,0,0,0,0,0,52,0.851,37,0,167.242,22.811,57.400,137.640,75.700,1.933,-0.717,1.249,11.006,-19.980,-16.300,0.714,2.682,2.328,1.008,0,NULL,NULL,,0,0,0,7,255,0,250,0,0
baseline,19569,19569,0,214436.816,0.814,-0.369,-0.301,0.332,0,0,0,0,0,0,0,0,52,0.851,37,0,169.611,22.132,69.920,125.500,90.160,1.991,-0.849,1.104,10.260,-19.610,-18.732,0.832,2.590,2.328,1.008,0,NULL,NULL,,0,0,0,7,255,0,250,0,0
baseline,19569,19569,0,214441.817,0.814,-0.373,-0.301,0.328,0,0,0,0,0,0,0,0,52,0.851,37,0,178.059,21.533,88.720,111.460,106.820,1.993,-0.949,1.026,9.328,-19.408,-20.586,0.968,2.480,2.328,1.008,0,NULL,NULL,,0,0,0,7,255,0,250,0,0
baseline,19569,19569,0,214446.817,0.813,-0.379,-0.300,0.324,0,0,0,0,0,0,0,0,52,0.851,37,0,190.380,21.140,109.820,96.940,121.600,1.938,-0.994,1.042,8.510,-19.352,-21.368,1.094,2.378,2.328,1.008,0,NULL,NULL,,0,0,0,7,255,0,250,0,0
baseline,19584,19584,0,214451.817,0.813,-0.384,-0.298,0.320,0,0,0,0,0,0,0,0,52,0.851,37,0,200.448,20.953,126.300,87.220,128.920,1.833,-0.994,1.135,8.034,-19.352,-21.368,1.234,2.264,2.328,1.008,0,NULL,NULL,,0,0,0,7,255,0,250,0,0
baseline,19584,19584,0,214456.816,0.812,-0.390,-0.296,0.316,0,0,0,0,0,0,0,0,52,0.851,37,0,196.615,21.076,130.760,77.520,124.700,1.714,-1.005,1.247,7.798,-19.580,-20.230,1.362,2.160,2.328,1.008,0,NULL,NULL,,0,0,0,7,255,0,250,0,0
baseline,19604,19604,0,214461.817,0.812,-0.395,-0.294,0.313,0,0,0,0,0,0,0,0,52,0.851,37,0,177.372,21.346,119.780,63.920,114.140,1.623,-1.035,1.364,7.428,-20.012,-18.936,1.510,2.042,2.328,1.008,0,NULL,NULL,,0,0,0,7,255,0,250,0,0
baseline,19604,19604,0,214466.817,0.812,-0.399,-0.292,0.310,0,0,0,0,0,0,0,0,52,0.851,37,0,151.956,21.883,99.640,49.080,103.700,1.545,-1.054,1.410,7.074,-20.708,-17.858,1.632,1.944,2.328,1.008,0,NULL,NULL,,0,0,0,7,255,0,250,0,0
baseline,19604,19604,0,214471.817,0.813,-0.402,-0.290,0.308,0,0,0,0,0,0,0,0,52,0.851,37,0,127.258,21.753,80.040,33.140,93.220,1.448,-1.054,1.421,6.660,-20.708,-17.212,1.768,1.836,2.328,1.008,0,NULL,NULL,,0,0,0,7,255,0,250,0,0
baseline,19604,19604,0,214476.816,0.813,-0.403,-0.287,0.306,0,0,0,0,0,0,0,0,52,0.851,37,0,102.500,21.557,62.400,17.460,79.420,1.324,-1.032,1.446,6.152,-20.660,-16.514,1.888,1.740,2.328,1.008,0,NULL,NULL,,0,0,0,7,255,0,250,0,0
baseline,19604,19604,0,214481.817,0.814,-0.404,-0.284,0.304,0,0,0,0,0,0,0,0,52,0.851,37,0,77.906,21.273,45.740,0.800,63.060,1.172,-1.020,1.533,5.638,-20.512,-15.418,2.020,1.636,2.328,1.008,0,NULL,NULL,,0,0,0,7,255,0,250,0,0
baseline,19604,19604,0,214486.817,0.814,-0.414,-0.276,0.302,0,0,0,0,0,0,0,0,52,0.851,37,0,314.697,21.117,254.780,-65.120,172.860,0.498,-1.458,3.271,5.018,-20.512,-13.792,2.132,1.546,2.328,1.008,0,NULL,NULL,,0,0,0,7,255,0,250,0,0
baseline,19632,19632,0,214491.817,0.813,-0.431,-0.256,0.296,0,0,0,0,0,0,0,0,52,0.851,37,0,621.320,34.645,454.620,-215.940,364.320,0.676,0.594,5.876,5.018,-34.280,-1.536,2.250,1.452,2.328,1.008,0,NULL,NULL,,0,0,0,7,255,0,250,0,0
baseline,19632,19632,0,214496.817,0.822,-0.417,-0.253,0.295,0,0,0,29,0,0,0,0,52,0.851,37,0,370.241,35.846,-329.080,-168.140,22.660,-0.938,-0.168,4.963,3.762,-35.648,21.162,2.362,1.364,2.328,1.008,0,NULL,NULL,,0,0,0,7,255,0,250,0,0
baseline,19664,19664,0,214501.817,0.839,-0.386,-0.256,0.286,89,0,0,251,0,56,0,0,52,0.851,37,0,678.294,39.248,-655.360,-164.600,59.100,-0.247,1.792,2.502,16.420,-35.648,21.162,2.476,1.274,2.328,1.008,0,NULL,NULL,,0,0,0,7,255,0,250,0,0
baseline,19664,19664,0,214506.816,0.856,-0.352,-0.259,0.276,302,0,0,507,0,160,0,0,52,0.851,37,0,681.199,13.983,-655.360,-174.920,62.760,-0.018,1.696,0.713,12.598,-6.068,14.576,2.582,1.190,2.328,1.008,0,NULL,NULL,,0,0,0,7,255,0,250,0,0
baseline,19664,19664,0,214511.817,0.867,-0.331,-0.261,0.267,607,0,0,741,0,249,0,0,52,0.851,37,0,628.559,14.264,-605.680,-138.240,95.540,-0.124,0.942,-0.990,12.598,6.690,1.052,2.706,1.086,2.328,1.008,0,NULL,NULL,,0,0,0,7,255,0,250,0,0
baseline,19664,19664,0,214516.816,0.871,-0.328,-0.258,0.261,845,0,0,1067,0,332,0,0,52,0.851,37,0,224.428,13.238,-125.280,-121.760,140.880,-0.779,-0.362,-2.372,1.734,13.124,-13.032,2.840,0.970,2.328,1.008,0,NULL,NULL,,0,0,0,7,255,0,250,0,0
baseline,19680,19680,0,214521.817,0.871,-0.328,-0.256,0.260,1081,0,0,1227,0,485,0,0,52,0.851,37,0,109.246,18.360,18.220,-80.260,71.840,-0.671,-0.688,-1.326,-12.840,13.124,-18.030,3.008,0.822,2.328,1.008,0,NULL,NULL,,0,0,0,7,255,0,250,0,0
baseline,19680,19680,0,214526.816,0.868,-0.338,-0.252,0.264,1301,0,0,1357,0,567,0,13,52,0.851,37,0,249.127,13.869,244.600,-38.440,-27.520,-0.653,0.557,0.295,-12.840,5.242,-18.030,3.172,0.676,2.328,1.008,0,NULL,NULL,,0,0,0,7,255,0,250,0,0
baseline,19680,19680,0,214531.817,0.863,-0.347,-0.249,0.269,1485,0,0,1485,0,635,0,26,52,0.851,37,0,259.223,5.255,249.120,-13.300,-70.420,-0.331,2.256,1.470,-0.368,5.242,-2.320,3.344,0.530,2.328,1.008,0,NULL,NULL,,0,0,0,7,255,0,250,0,0
baseline,19680,19680,0,214536.816,0.862,-0.348,-0.251,0.271,1683,0,0,1615,0,733,0,31,52,0.851,37,0,94.240,16.011,33.540,53.600,-69.880,-0.052,2.295,2.548,15.500,4.012,10.402,3.488,0.412,2.328,1.008,0,NULL,NULL,,0,0,0,7,255,0,250,0,0
baseline,19680,19680,0,214541.817,0.864,-0.343,-0.253,0.268,2045,0,0,2039,0,804,0,30,52,0.851,37,0,146.128,15.517,-134.500,28.820,49.320,-1.051,-0.862,2.624,15.500,-0.728,10.698,3.630,0.298,2.328,1.008,0,NULL,NULL,,0,0,0,7,255,0,250,0,0
baseline,19680,19680,0,214546.816,0.872,-0.331,-0.250,0.259,2299,0,0,2293,0,793,0,53,52,0.851,37,0,383.746,18.004,-311.560,-125.180,185.800,-1.667,-1.658,1.744,-4.660,-17.390,10.698,3.728,0.232,2.328,1.008,0,NULL,NULL,,0,0,0,7,255,0,250,0,0
baseline,19680,19680,0,214551.817,0.879,-0.311,-0.251,0.260,2475,0,0,2499,0,813,0,76,52,0.851,37,0,482.403,23.749,-451.580,-150.680,-78.000,-1.847,-1.370,0.329,-16.174,-17.390,5.596,3.804,0.194,2.328,1.008,0,NULL,NULL,,0,0,0,7,255,0,250,0,0
baseline,19680,19680,0,214556.817,0.883,-0.296,-0.252,0.264,2611,0,0,2661,0,845,0,140,52,0.851,37,0,350.317,17.288,-295.940,-117.060,-146.420,-1.001,-0.329,-0.550,-16.174,-6.106,-1.814,3.852,0.180,2.328,1.008,0,NULL,NULL,,0,0,0,7,255,0,250,0,0
baseline,19696,19696,0,214561.817,0.881,-0.290,-0.254,0.275,2712,0,0,2767,0,894,0,197,52,0.851,37,0,273.756,10.783,-60.520,-98.620,-248.100,-0.340,-0.350,-0.398,-10.750,0.846,-9.580,3.882,0.172,2.328,1.008,0,NULL,NULL,,0,0,0,7,255,0,250,0,0
baseline,19696,19696,0,214566.816,0.879,-0.287,-0.250,0.287,2804,0,0,2871,0,943,0,263,52,0.851,37,0,282.965,5.634,78.580,-104.180,-251.080,0.604,-0.983,0.687,-5.570,0.846,-11.294,3.892,0.178,2.328,1.008,0,NULL,NULL,,0,0,0,7,255,0,250,0,0
baseline,19696,19696,0,214571.817,0.878,-0.286,-0.246,0.295,2861,0,0,2931,0,1001,0,382,52,0.851,37,0,200.672,13.093,77.480,-82.400,-165.760,1.234,-1.265,1.484,0.744,-13.072,-11.294,3.888,0.204,2.328,1.008,0,NULL,NULL,,0,0,0,7,255,0,250,0,0
baseline,19696,19696,0,214576.816,0.879,-0.284,-0.243,0.297,2921,0,0,2991,0,1125,0,517,52,0.851,37,0,74.583,20.721,8.200,-71.100,-20.980,1.271,-0.887,1.587,5.670,-19.930,-9.586,3.874,0.232,2.328,1.008,0,NULL,NULL,,0,0,0,7,255,0,250,0,0
baseline,19712,19712,0,214581.817,0.881,-0.282,-0.239,0.294,2967,0,0,3035,0,1286,0,618,52,0.851,37,0,108.936,21.660,-30.980,-76.480,71.120,0.833,-0.069,1.807,8.482,-19.930,-7.840,3.854,0.268,2.328,1.008,1,1216.000,1216.000,,0,0,0,7,255,0,250,0,0
baseline,19712,19712,0,214586.817,0.883,-0.280,-0.237,0.292,3007,0,0,3077,107,1383,0,798,52,0.851,37,0,78.636,15.921,-62.900,-31.680,34.980,0.029,0.178,1.577,8.482,-13.474,-1.338,3.842,0.292,2.328,1.008,1,NULL,NULL,,0,0,0,7,255,0,250,0,0
baseline,19728,19728,0,214591.817,0.885,-0.276,-0.237,0.292,3033,0,0,3101,221,1496,0,971,52,0.851,37,0,75.831,9.550,-72.540,-20.800,7.460,-0.231,0.197,0.999,6.256,-7.216,-0.798,3.840,0.308,2.328,1.008,1,NULL,NULL,,0,0,0,7,255,0,250,0,0
baseline,19728,19728,0,214596.816,0.885,-0.274,-0.236,0.293,3055,0,0,3125,354,1583,0,1083,52,0.851,37,0,59.671,4.028,-30.240,-23.500,-45.760,-0.266,0.215,0.928,2.794,-2.902,-0.798,3.860,0.304,2.328,1.008,1,NULL,NULL,,0,0,0,7,255,0,250,0,0
baseline,19745,19745,0,214601.817,0.884,-0.273,-0.236,0.296,3067,0,41,3135,413,1627,0,1162,52,0.851,37,0,67.163,3.843,-9.800,-11.280,-65.480,-0.163,0.067,1.006,2.520,-2.902,-1.100,3.906,0.280,2.328,1.008,1,NULL,NULL,,0,0,0,7,255,0,250,0,0
baseline,19746,19746,0,214606.817,0.884,-0.271,-0.236,0.299,3081,0,95,3149,537,1685,0,1262,52,0.851,38,0,71.009,4.758,-14.800,-10.440,-68.660,-0.074,-0.145,1.082,2.444,-4.082,-1.432,3.970,0.238,2.328,1.008,1,NULL,NULL,,0,0,0,7,255,0,250,0,0
baseline,19759,19759,0,214611.817,0.884,-0.269,-0.236,0.302,3093,0,127,3161,617,1717,0,1312,52,0.851,38,0,75.620,6.462,-16.340,-5.060,-73.660,0.010,0.000,1.147,2.520,-5.950,-1.432,4.058,0.172,2.328,1.008,1,NULL,NULL,,0,0,0,7,255,0,250,0,0
baseline,19759,19759,0,214616.816,0.884,-0.267,-0.236,0.304,3095,0,213,3175,711,1751,0,1381,52,0.851,38,0,65.778,7.038,-24.500,-1.760,-61.020,0.104,0.133,1.120,3.760,-5.950,-1.822,4.140,0.112,2.328,1.008,1,NULL,NULL,,0,0,0,7,255,0,250,0,0
baseline,19759,19759,0,214621.817,0.884,-0.264,-0.236,0.305,3109,0,277,3181,812,1777,0,1417,52,0.851,38,0,52.152,7.038,-39.160,-2.380,-34.360,0.101,-0.092,0.977,3.760,-5.950,-1.822,4.210,0.066,2.328,1.008,1,NULL,NULL,,0,0,0,7,255,0,250,0,0
baseline,19759,19759,0,214626.816,0.885,-0.262,-0.236,0.305,3113,20,349,3188,887,1815,0,1463,52,0.851,38,0,38.279,6.903,-36.280,-1.760,-12.080,-0.047,-0.324,0.818,3.320,-6.052,-3.420,4.254,0.048,2.328,1.008,1,NULL,NULL,,0,0,0,7,255,0,250,0,0
baseline,19776,19776,0,214631.817,0.885,-0.260,-0.236,0.306,3125,35,445,3195,928,1852,0,1511,52,0.851,38,0,20.201,6.064,-15.540,-1.100,-12.860,-0.161,-0.226,0.806,0.380,-6.052,-3.590,4.288,0.042,2.328,1.008,1,NULL,NULL,,0,0,0,7,255,0,250,0,0
baseline,19776,19776,0,214636.817,0.885,-0.260,-0.236,0.307,3129,75,534,3207,970,1895,0,1563,52,0.851,38,0,19.038,5.008,-2.100,0.260,-18.920,-0.120,-0.031,0.920,0.380,-4.994,-3.590,4.316,0.038,2.328,1.008,1,NULL,NULL,,0,0,0,7,255,0,250,0,0
baseline,19776,19776,0,214641.817,0.885,-0.259,-0.236,0.307,3134,125,595,3207,1013,1909,0,1604,52,0.851,38,0,16.924,5.385,-3.340,2.080,-16.460,-0.051,-0.033,1.014,2.014,-4.994,-2.476,4.348,0.032,2.328,1.008,1,NULL,NULL,,0,0,0,7,255,0,250,0,0
baseline,19776,19776,0,214646.816,0.885,-0.258,-0.236,0.308,3147,147,683,3219,1067,1909,0,1656,52,0.851,38,0,10.804,5.569,-7.780,4.700,-5.840,-0.077,-0.081,1.000,2.242,-5.098,-2.184,4.380,0.022,2.328,1.008,1,NULL,NULL,,0,0,0,7,255,0,250,0,0
baseline,19776,19776,0,214651.817,0.885,-0.257,-0.236,0.308,3155,153,741,3225,1119,1915,0,1684,52,0.851,38,0,9.722,5.569,-8.940,3.600,-1.280,-0.148,-0.029,0.989,2.242,-5.098,-2.116,4.414,0.012,2.328,1.008,1,NULL,NULL,,0,0,0,7,255,0,250,0,0
baseline,19776,19776,0,214656.816,0.885,-0.257,-0.236,0.308,3160,175,799,3230,1163,1915,0,1721,52,0.851,38,0,8.254,5.020,-5.040,4.280,-4.940,-0.182,0.050,0.967,2.236,-4.494,-1.760,4.446,0.006,2.328,1.008,1,NULL,NULL,,0,0,0,7,255,0,250,0,0
baseline,19793,19793,0,214661.817,0.885,-0.256,-0.235,0.308,3164,191,839,3237,1199,1933,0,1747,52,0.851,38,0,11.316,4.454,-0.640,4.220,-10.480,-0.147,0.064,0.999,2.236,-3.852,-1.568,4.478,0.010,2.328,1.008,1,NULL,NULL,,0,0,0,7,255,0,250,0,0
baseline,19793,19793,0,214666.817,0.885,-0.256,-0.235,0.309,3171,215,873,3243,1235,1966,0,1763,52,0.851,38,0,12.438,4.682,0.760,5.560,-11.100,-0.099,0.030,1.020,2.662,-3.852,-1.568,4.504,0.016,2.328,1.008,1,NULL,NULL,,0,0,0,7,255,0,250,0,0
baseline,19808,19808,0,214671.817,0.885,-0.255,-0.235,0.309,3177,215,910,3241,1260,1973,0,1787,52,0.851,38,0,7.339,5.248,-1.080,4.760,-5.480,-0.083,0.024,1.036,2.844,-4.410,-1.608,4.532,0.024,2.328,1.008,1,NULL,NULL,,0,0,0,7,255,0,250,0,0
baseline,19808,19808,0,214676.817,0.886,-0.255,-0.235,0.309,3205,213,918,3243,1276,1993,0,1804,52,0.851,38,0,8.209,5.316,-2.540,7.460,-2.300,-0.105,0.058,1.027,2.968,-4.410,-1.608,4.558,0.030,2.328,1.008,1,NULL,NULL,,0,0,0,7,255,0,250,0,0
baseline,19808,19808,0,214681.817,0.886,-0.255,-0.235,0.309,3190,223,940,3253,1294,1999,0,1816,52,0.851,38,0,8.158,5.141,-2.300,7.760,-1.020,-0.132,0.063,1.001,2.968,-4.198,-1.524,4.586,0.034,2.328,1.008,1,NULL,NULL,,0,0,0,7,255,0,250,0,0
baseline,19808,19808,0,214686.816,0.886,-0.254,-0.235,0.309,3191,239,953,3254,1311,2013,0,1820,52,0.851,38,0,7.995,4.793,-0.520,7.820,-1.580,-0.153,0.056,1.001,2.764,-3.916,-1.482,4.610,0.038,2.328,1.008,1,NULL,NULL,,0,0,0,7,255,0,250,0,0
baseline,19824,19824,0,214691.817,0.886,-0.254,-0.235,0.309,3192,251,960,3257,1323,2024,0,1827,52,0.851,38,0,7.445,4.685,0.460,7.140,-2.060,-0.155,0.038,1.007,2.572,-3.916,-1.424,4.636,0.040,2.328,1.008,1,NULL,NULL,,0,0,0,7,255,0,250,0,0
baseline,19824,19824,0,214696.817,0.886,-0.254,-0.234,0.309,3191,267,968,3255,1333,2032,0,1823,52,0.851,38,0,7.932,4.708,1.060,7.700,-1.580,-0.150,0.021,1.001,2.464,-4.012,-1.424,4.662,0.040,2.328,1.008,1,NULL,NULL,,0,0,0,7,255,0,250,0,0
baseline,19856,19856,0,214701.817,0.886,-0.254,-0.234,0.309,3199,279,978,3269,1339,2039,0,1833,52,0.851,38,0,7.189,4.793,2.160,6.840,-0.480,-0.145,0.025,1.007,2.456,-4.116,-1.484,4.688,0.042,2.328,1.008,1,NULL,NULL,,0,0,0,7,255,0,250,0,0
baseline,19856,19856,0,214706.817,0.886,-0.254,-0.234,0.309,3199,285,971,3257,1347,2040,0,1839,52,0.851,38,0,7.370,4.803,3.020,6.720,0.200,-0.146,0.030,1.014,2.456,-4.128,-1.484,4.712,0.042,2.328,1.008,1,NULL,NULL,,0,0,0,7,255,0,250,0,0
baseline,19856,19856,0,214711.817,0.886,-0.253,-0.234,0.309,3199,293,973,3261,1343,2054,0,1837,52,0.851,38,0,7.039,4.812,3.020,6.300,0.860,-0.143,0.019,1.013,2.456,-4.138,-1.456,4.736,0.042,2.328,1.008,1,NULL,NULL,,0,0,0,7,255,0,250,0,0
baseline,19856,19856,0,214716.816,0.886,-0.253,-0.234,0.309,3198,285,969,3260,1343,2055,0,1837,52,0.851,38,0,7.279,4.799,3.620,5.680,2.760,-0.144,0.027,1.000,2.448,-4.128,-1.456,4.758,0.040,2.328,1.008,1,NULL,NULL,,0,0,0,7,255,0,250,0,0
baseline,19856,19856,0,214721.817,0.887,-0.253,-0.233,0.309,3197,285,965,3259,1349,2059,0,1845,52,0.851,38,0,8.444,4.755,4.980,5.260,4.340,-0.144,0.035,0.997,2.448,-4.076,-1.534,4.784,0.038,2.328,1.008,1,NULL,NULL,,0,0,0,7,255,0,250,0,0
baseline,19856,19856,0,214726.816,0.887,-0.253,-0.233,0.309,3193,293,951,3255,1341,2059,0,1847,52,0.851,38,0,9.900,4.738,6.260,4.460,6.240,-0.138,0.033,0.997,2.476,-4.040,-1.536,4.806,0.036,2.328,1.008,1,NULL,NULL,,0,0,0,7,255,0,250,0,0
baseline,19872,19872,0,214731.817,0.887,-0.253,-0.233,0.309,3191,284,934,3258,1335,2057,0,1845,52,0.851,38,0,11.913,4.739,6.740,3.980,8.980,-0.136,0.025,1.002,2.478,-4.040,-1.550,4.830,0.034,2.328,1.008,1,NULL,NULL,,0,0,0,7,255,0,250,0,0
baseline,19872,19872,0,214736.816,0.887,-0.253,-0.232,0.308,3189,285,911,3255,1333,2055,0,1843,52,0.851,38,0,14.166,4.739,6.980,3.360,11.860,-0.147,0.037,1.003,2.478,-4.040,-1.550,4.850,0.032,2.328,1.008,1,NULL,NULL,,0,0,0,7,255,0,250,0,0
baseline,19874,19874,0,214741.817,0.887,-0.253,-0.232,0.308,3183,288,895,3244,1327,2041,0,1843,52,0.851,38,0,15.241,4.704,7.900,3.180,12.640,-0.164,0.065,1.010,2.478,-3.998,-1.454,4.874,0.028,2.328,1.008,1,NULL,NULL,,0,0,0,7,255,0,250,0,0
baseline,19874,19874,0,214746.817,0.888,-0.254,-0.231,0.308,3179,277,885,3241,1321,2036,0,1847,52,0.851,38,0,14.228,4.489,9.120,3.000,10.500,-0.174,0.063,1.002,2.464,-3.752,-1.250,4.894,0.026,2.328,1.008,1,NULL,NULL,,0,0,0,7,255,0,250,0,0
baseline,19874,19874,0,214751.817,0.888,-0.254,-0.231,0.307,3167,269,867,3245,1321,2035,0,1848,52,0.851,38,0,14.432,4.433,11.080,2.440,8.920,-0.170,0.071,0.995,2.466,-3.684,-1.250,4.920,0.026,2.328,1.008,1,NULL,NULL,,0,0,0,7,255,0,250,0,0
baseline,19874,19874,0,214756.816,0.888,-0.254,-0.230,0.307,3167,275,840,3231,1306,2029,0,1847,52,0.851,38,0,14.966,4.370,12.660,2.500,7.580,-0.157,0.091,1.007,2.466,-3.608,-1.250,4.944,0.026,2.328,1.008,1,NULL,NULL,,0,0,0,7,255,0,250,0,0
baseline,19903,19903,0,214761.817,0.888,-0.254,-0.230,0.307,3159,270,813,3223,1304,2024,0,1851,52,0.851,38,0,14.456,4.502,11.080,1.840,9.100,-0.159,0.094,1.015,2.712,-3.594,-1.242,4.970,0.028,2.328,1.008,1,NULL,NULL,,0,0,0,7,255,0,250,0,0
baseline,19903,19903,0,214766.817,0.888,-0.255,-0.229,0.307,3155,276,799,3214,1301,2023,0,1848,52,0.851,38,0,12.595,4.504,8.700,1.840,8.920,-0.161,0.102,1.021,2.728,-3.584,-1.160,4.992,0.028,2.328,1.008,1,NULL,NULL,,0,0,0,7,255,0,250,0,0
baseline,19903,19903,0,214771.817,0.888,-0.255,-0.229,0.306,3134,273,799,3211,1301,2015,0,1853,52,0.851,38,0,11.135,4.479,6.920,1.340,8.620,-0.178,0.101,1.006,2.728,-3.552,-1.104,5.018,0.028,2.328,1.008,1,NULL,NULL,,0,0,0,7,255,0,250,0,0
baseline,19903,19903,0,214776.816,0.889,-0.255,-0.228,0.306,3125,275,805,3196,1302,2013,0,1856,52,0.851,38,0,10.857,4.295,6.440,0.060,8.740,-0.196,0.127,1.004,2.604,-3.416,-1.084,5.040,0.028,2.328,1.008,1,NULL,NULL,,0,0,0,7,255,0,250,0,0
baseline,19903,19903,0,214781.817,0.889,-0.255,-0.228,0.306,3127,273,799,3193,1305,2016,0,1863,52,0.851,38,0,8.385,4.073,7.100,-0.060,4.460,-0.207,0.155,1.018,2.604,-3.132,-0.966,5.064,0.028,2.328,1.008,1,NULL,NULL,,0,0,0,7,255,0,250,0,0
baseline,19903,19903,0,214786.817,0.889,-0.255,-0.227,0.306,3103,277,807,3184,1311,2023,0,1880,52,0.851,38,0,5.347,4.038,5.280,-0.780,0.320,-0.194,0.171,1.036,2.732,-2.974,-0.732,5.086,0.028,2.328,1.008,1,NULL,NULL,,0,0,0,7,255,0,250,0,0
baseline,19920,19920,0,214791.817,0.889,-0.255,-0.227,0.306,3096,279,824,3181,1319,2022,0,1883,52,0.851,38,0,2.737,4.200,1.920,-0.840,-1.760,-0.179,0.172,1.042,2.966,-2.974,-0.642,5.110,0.026,2.328,1.008,1,NULL,NULL,,0,0,0,7,255,0,250,0,0
baseline,19920,19920,0,214796.817,0.889,-0.254,-0.226,0.306,3087,279,855,3209,1336,2025,0,1896,52,0.851,38,0,4.229,4.280,-2.100,-1.040,-3.520,-0.172,0.153,1.033,2.992,-3.060,-0.642,5.132,0.026,2.328,1.008,1,NULL,NULL,,0,0,0,7,255,0,250,0,0
baseline,19952,19952,0,214801.817,0.889,-0.254,-0.226,0.306,3064,293,860,3169,1353,2029,0,1911,52,0.851,38,0,7.639,4.359,-4.560,-1.040,-6.040,-0.166,0.115,1.011,2.992,-3.170,-0.788,5.156,0.026,2.328,1.008,1,NULL,NULL,,0,0,0,7,255,0,250,0,0
baseline,19952,19952,0,214806.816,0.889,-0.253,-0.225,0.307,3052,294,877,3162,1375,2031,0,1931,52,0.851,38,0,9.620,4.323,-5.100,-0.960,-8.100,-0.153,0.083,0.993,2.730,-3.352,-1.074,5.178,0.026,2.328,1.008,1,NULL,NULL,,0,0,0,7,255,0,250,0,0
baseline,19952,19952,0,214811.819,0.890,-0.252,-0.225,0.307,3037,299,915,3155,1388,2031,0,1943,52,0.851,38,0,9.929,4.372,-4.360,-0.600,-8.900,-0.139,0.058,0.982,2.560,-3.544,-1.356,5.204,0.026,2.328,1.008,1,NULL,NULL,,0,0,0,7,255,0,250,0,0
baseline,19952,19952,0,214816.816,0.890,-0.252,-0.225,0.307,3026,295,933,3149,1413,2036,0,1956,52,0.851,38,0,9.327,4.470,-3.460,-0.180,-8.660,-0.136,0.040,0.976,2.478,-3.720,-1.566,5.226,0.028,2.328,1.008,2,NULL,NULL,,0,0,0,7,255,0,250,0,0
baseline,19968,19968,0,214821.818,0.890,-0.251,-0.225,0.308,3007,301,964,3141,1431,2037,0,1967,52,0.851,38,0,8.984,4.494,-2.960,-0.180,-8.480,-0.137,0.030,0.978,2.364,-3.822,-1.660,5.250,0.028,2.328,1.008,2,NULL,NULL,,0,0,0,7,255,0,250,0,0
baseline,19968,19968,0,214826.816,0.890,-0.251,-0.224,0.308,2997,299,1003,3133,1455,2037,0,1975,52,0.851,38,0,9.340,4.519,-2.420,0.120,-9.020,-0.143,0.028,0.984,2.304,-3.888,-1.660,5.272,0.026,2.328,1.008,2,NULL,NULL,,0,0,0,7,255,0,250,0,0
baseline,19968,19968,0,214831.817,0.890,-0.250,-0.224,0.309,2985,303,1043,3128,1482,2031,0,1991,52,0.851,38,0,10.266,4.519,-2.300,0.320,-10.000,-0.138,0.037,0.986,2.304,-3.888,-1.576,5.296,0.026,2.328,1.008,2,NULL,NULL,,0,0,0,7,255,0,250,0,0
baseline,19968,19968,0,214836.817,0.890,-0.250,-0.224,0.309,2970,307,1078,3122,1507,2035,31,2005,52,0.851,38,0,10.449,4.498,-2.540,0.560,-10.120,-0.137,0.034,0.981,2.326,-3.850,-1.576,5.318,0.026,2.328,1.008,2,NULL,NULL,,0,0,0,7,255,0,250,0,0
baseline,19968,19968,0,214841.816,0.890,-0.249,-0.223,0.309,2963,316,1111,3113,1527,2036,60,2025,52,0.851,38,0,8.758,4.513,-3.140,0.500,-8.160,-0.134,0.035,0.986,2.354,-3.850,-1.576,5.342,0.026,2.328,1.008,2,NULL,NULL,,0,0,0,7,255,0,250,0,0
baseline,19968,19968,0,214846.817,0.890,-0.248,-0.223,0.310,2950,320,1141,3115,1541,2031,89,2027,52,0.851,38,0,8.522,4.496,-4.360,0.180,-7.320,-0.148,0.041,0.982,2.326,-3.848,-1.576,5.364,0.024,2.328,1.008,2,NULL,NULL,,0,0,0,7,255,0,250,0,0
baseline,19968,19968,0,214851.816,0.890,-0.248,-0.223,0.310,2935,341,1172,3100,1561,2031,118,2035,52,0.851,38,0,10.696,4.376,-4.980,0.320,-9.460,-0.167,0.053,0.984,2.288,-3.730,-1.512,5.388,0.024,2.328,1.008,2,NULL,NULL,,0,0,0,7,255,0,250,0,0
baseline,19984,19984,0,214856.817,0.890,-0.247,-0.223,0.311,2920,355,1194,3097,1579,2038,149,2063,52,0.851,38,0,13.058,4.240,-5.100,0.180,-12.020,-0.156,0.055,0.984,2.288,-3.570,-1.418,5.408,0.022,2.328,1.008,2,NULL,NULL,,0,0,0,7,255,0,250,0,0
baseline,19984,19984,0,214861.816,0.891,-0.247,-0.222,0.311,2905,371,1235,3093,1598,2053,187,2069,52,0.851,38,0,14.063,4.262,-5.340,0.500,-13.000,-0.137,0.048,0.986,2.328,-3.570,-1.418,5.434,0.020,2.328,1.008,2,NULL,NULL,,0,0,0,7,255,0,250,0,0
baseline,20005,20005,0,214866.817,0.891,-0.246,-0.222,0.311,2892,379,1269,3089,1617,2055,205,2078,52,0.851,38,0,13.831,4.429,-6.680,0.860,-12.080,-0.125,0.032,0.989,2.422,-3.708,-1.512,5.454,0.020,2.328,1.008,2,NULL,NULL,,0,0,0,7,255,0,250,0,0
baseline,20005,20005,0,214871.817,0.891,-0.245,-0.222,0.312,2887,396,1309,3084,1631,2057,221,2089,52,0.851,38,0,13.065,4.574,-8.460,0.560,-9.940,-0.121,0.012,0.979,2.422,-3.880,-1.576,5.478,0.018,2.328,1.008,2,NULL,NULL,,0,0,0,7,255,0,250,0,0
baseline,20005,20005,0,214876.817,0.891,-0.244,-0.222,0.312,2875,409,1353,3067,1653,2069,239,2093,52,0.851,38,0,12.126,4.594,-8.700,0.680,-8.420,-0.126,-0.003,0.966,2.294,-3.980,-1.706,5.500,0.016,2.328,1.008,2,NULL,NULL,,0,0,0,7,255,0,250,0,0
baseline,20005,20005,0,214881.816,0.891,-0.243,-0.222,0.312,2860,424,1416,3076,1675,2069,249,2109,52,0.851,38,0,9.337,4.511,-6.740,0.120,-6.460,-0.139,0.000,0.960,2.124,-3.980,-1.778,5.524,0.014,2.328,1.008,2,NULL,NULL,,0,0,0,7,255,0,250,0,0
baseline,20016,20016,0,214886.817,0.891,-0.243,-0.221,0.313,2851,439,1448,3062,1693,2073,285,2123,52,0.851,38,0,7.333,4.413,-4.240,0.180,-5.980,-0.157,0.034,0.973,2.124,-3.868,-1.778,5.544,0.010,2.328,1.008,2,NULL,NULL,,0,0,0,7,255,0,250,0,0
baseline,20016,20016,0,214891.816,0.891,-0.242,-0.221,0.313,2838,465,1497,3061,1721,2079,339,2139,52,0.851,38,0,8.269,4.189,-2.900,-0.240,-7.740,-0.171,0.078,1.001,2.158,-3.590,-1.510,5.566,0.008,2.328,1.008,2,NULL,NULL,,0,0,0,7,255,0,250,0,0
baseline,20016,20016,0,214896.817,0.891,-0.242,-0.221,0.313,2827,489,1541,3054,1737,2087,363,2151,52,0.851,38,0,11.836,4.113,-4.420,0.000,-10.980,-0.167,0.102,1.026,2.414,-3.330,-1.116,5.588,0.006,2.328,1.008,2,NULL,NULL,,0,0,0,7,255,0,250,0,0
baseline,20048,20048,0,214901.817,0.891,-0.241,-0.221,0.314,2810,504,1567,3051,1773,2095,403,2165,52,0.851,38,0,16.722,4.266,-8.700,-0.060,-14.280,-0.150,0.081,1.032,2.666,-3.330,-0.960,5.610,0.002,2.328,1.008,2,NULL,NULL,,0,0,0,7,255,0,250,0,0
baseline,20048,20048,0,214906.817,0.892,-0.240,-0.220,0.314,2808,533,1604,3051,1799,2093,421,2183,52,0.851,38,0,18.977,4.411,-12.360,0.120,-14.400,-0.116,0.021,1.007,2.666,-3.514,-0.960,5.630,0.000,2.328,1.008,2,NULL,NULL,,0,0,0,7,255,0,250,0,0
baseline,20048,20048,0,214911.816,0.892,-0.239,-0.220,0.315,2791,553,1647,3038,1822,2103,457,2189,52,0.851,38,0,16.964,4.680,-13.520,0.380,-10.240,-0.107,-0.013,0.974,2.462,-3.980,-1.454,0.000,0.000,2.328,1.008,2,NULL,NULL,,0,0,0,7,255,0,250,0,0
baseline,20048,20048,0,214916.817,0.892,-0.238,-0.220,0.315,2774,569,1683,3033,1843,2109,487,2205,52,0.851,38,0,14.175,4.557,-12.300,-1.220,-6.940,-0.133,-0.003,0.968,2.220,-3.980,-1.708,0.000,0.000,2.328,1.008,2,NULL,NULL,,0,0,0,7,255,0,250,0,0
baseline,20048,20048,0,214921.816,0.892,-0.237,-0.220,0.315,2763,597,1723,3027,1861,2116,521,2217,52,0.851,38,0,12.262,4.385,-9.120,-0.780,-8.160,-0.149,0.007,0.958,2.084,-3.858,-1.708,0.000,0.000,2.328,1.008,2,NULL,NULL,,0,0,0,7,255,0,250,0,0
baseline,20048,20048,0,214926.817,0.892,-0.237,-0.220,0.316,2745,605,1757,3019,1874,2123,531,2230,52,0.851,38,0,11.899,4.315,-5.640,-1.100,-10.420,-0.136,0.000,0.966,2.074,-3.784,-1.694,0.000,0.000,2.328,1.008,2,NULL,NULL,,0,0,0,7,255,0,250,0,0
baseline,20048,20048,0,214931.816,0.892,-0.236,-0.219,0.316,2731,613,1787,3014,1897,2131,557,2251,52,0.851,38,0,11.014,4.315,-3.640,-1.400,-10.300,-0.125,0.004,0.978,2.074,-3.784,-1.690,0.000,0.000,2.328,1.008,2,NULL,NULL,,0,0,0,7,255,0,250,0,0
baseline,20079,20079,0,214936.817,0.892,-0.235,-0.219,0.317,2717,621,1827,3005,1919,2137,587,2264,52,0.851,38,0,9.458,4.433,-4.180,-1.760,-8.300,-0.124,0.008,0.992,2.212,-3.842,-1.634,0.000,0.000,2.328,1.008,2,NULL,NULL,,0,0,0,7,255,0,250,0,0
baseline,20079,20079,0,214941.817,0.893,-0.235,-0.218,0.317,2699,623,1863,2998,1947,2145,605,2280,52,0.965,38,0,7.901,4.471,-4.860,-2.000,-5.900,-0.135,0.023,0.994,2.286,-3.842,-1.512,0.000,0.000,1.681,1.038,3,NULL,NULL,,0,0,0,7,255,0,250,0,0
baseline,20079,20079,0,214946.817,0.893,-0.234,-0.218,0.317,2683,647,1893,2987,1973,2151,636,2291,52,0.965,38,0,8.074,4.354,-4.920,-2.120,-6.040,-0.153,0.031,0.988,2.286,-3.706,-1.404,0.022,0.002,1.681,1.038,3,NULL,NULL,,0,0,0,7,255,0,250,0,0
baseline,20079,20079,0,214951.817,0.893,-0.234,-0.218,0.317,2667,665,1925,2979,2007,2163,651,2303,52,0.965,38,0,8.277,4.179,-3.520,-3.100,-6.820,-0.157,0.041,0.990,2.240,-3.528,-1.348,0.044,0.004,1.681,1.038,3,NULL,NULL,,0,0,0,7,255,0,250,0,0
baseline,20079,20079,0,214956.817,0.893,-0.233,-0.217,0.318,2647,685,1961,2967,2029,2169,668,2327,52,0.965,38,0,9.635,4.102,-1.980,-3.280,-8.840,-0.159,0.040,0.995,2.234,-3.440,-1.286,0.066,0.006,1.681,1.038,3,NULL,NULL,,0,0,0,7,255,0,250,0,0
baseline,20079,20079,0,214961.817,0.893,-0.232,-0.217,0.318,2618,716,1995,2953,2055,2182,685,2341,52,0.965,38,0,11.169,4.105,-1.800,-4.080,-10.240,-0.146,0.030,1.005,2.240,-3.440,-1.226,0.086,0.006,1.681,1.038,3,NULL,NULL,,0,0,0,7,255,0,250,0,0
baseline,20096,20096,0,214966.817,0.893,-0.232,-0.216,0.319,2595,751,2031,2938,2075,2187,726,2357,52,0.965,38,0,12.015,4.269,-3.400,-4.020,-10.800,-0.135,0.024,1.019,2.282,-3.608,-1.220,0.110,0.008,1.681,1.038,3,NULL,NULL,,0,0,0,7,255,0,250,0,0
baseline,20096,20096,0,214971.816,0.893,-0.231,-0.216,0.319,2568,763,2074,2925,2099,2196,765,2375,52,0.965,38,0,12.645,4.429,-6.200,-4.500,-10.060,-0.129,0.023,1.017,2.360,-3.748,-1.214,0.130,0.010,1.681,1.038,3,NULL,NULL,,0,0,0,7,255,0,250,0,0
baseline,20111,20111,0,214976.817,0.894,-0.230,-0.216,0.319,2535,786,2101,2911,2123,2203,803,2388,52,0.965,38,0,12.847,4.443,-7.600,-4.760,-9.200,-0.121,-0.004,0.995,2.360,-3.764,-1.214,0.154,0.010,1.681,1.038,3,NULL,NULL,,0,0,0,7,255,0,250,0,0
baseline,20111,20111,0,214981.817,0.894,-0.230,-0.215,0.320,2505,803,2139,2893,2147,2212,839,2405,52,0.965,38,0,9.820,4.470,-5.780,-5.800,-5.420,-0.117,-0.032,0.968,2.206,-3.888,-1.478,0.174,0.012,1.681,1.038,3,NULL,NULL,,0,0,0,7,255,0,250,0,0
baseline,20111,20111,0,214986.817,0.894,-0.229,-0.214,0.320,2468,811,2169,2875,2171,2216,855,2421,52,0.965,38,0,7.430,4.370,-2.960,-6.340,-2.500,-0.132,-0.025,0.982,1.976,-3.898,-1.546,0.196,0.014,1.681,1.038,3,NULL,NULL,,0,0,0,7,255,0,250,0,0
baseline,20111,20111,0,214991.817,0.894,-0.228,-0.214,0.320,2424,823,2199,2855,2201,2228,875,2439,52,0.965,38,0,7.809,4.370,-1.680,-7.140,-2.680,-0.142,-0.004,0.996,1.976,-3.898,-1.546,0.218,0.016,1.681,1.038,3,NULL,NULL,,0,0,0,7,255,0,250,0,0
baseline,20144,20144,0,214996.817,0.894,-0.228,-0.213,0.320,2386,840,2223,2827,2223,2235,908,2457,52,0.965,38,0,8.489,4.269,-2.180,-7.620,-3.040,-0.140,0.024,1.003,2.044,-3.748,-1.342,0.240,0.016,1.681,1.038,3,NULL,NULL,,0,0,0,7,255,0,250,0,0
baseline,20144,20144,0,215001.816,0.895,-0.227,-0.213,0.320,2333,861,2261,2799,2249,2245,937,2471,52,0.965,38,0,9.353,4.216,-2.780,-8.480,-2.800,-0.132,0.033,1.009,2.250,-3.566,-1.228,0.262,0.018,1.681,1.038,3,NULL,NULL,,0,0,0,7,255,0,250,0,0
baseline,20144,20144,0,215006.817,0.895,-0.227,-0.212,0.321,2279,875,2283,2777,2275,2259,955,2491,52,0.965,38,0,9.822,4.218,-2.840,-9.340,-1.080,-0.147,0.035,1.013,2.278,-3.550,-1.194,0.284,0.020,1.681,1.038,3,NULL,NULL,,0,0,0,7,255,0,250,0,0
baseline,20144,20144,0,215011.817,0.895,-0.226,-0.211,0.321,2216,893,2325,2744,2299,2271,993,2509,52,0.965,38,0,11.261,4.150,-3.760,-10.560,-1.080,-0.167,0.052,1.031,2.282,-3.466,-1.082,0.304,0.022,1.681,1.038,3,NULL,NULL,,0,0,0,7,255,0,250,0,0
baseline,20175,20175,0,215016.817,0.896,-0.225,-0.210,0.321,2146,905,2359,2707,2329,2270,1041,2537,52,0.965,38,0,13.729,4.034,-6.560,-10.920,-5.120,-0.175,0.062,1.063,2.282,-3.326,-0.790,0.328,0.024,1.681,1.038,3,NULL,NULL,,0,0,0,7,255,0,250,0,0
baseline,20175,20175,0,215021.816,0.896,-0.224,-0.210,0.321,2063,905,2408,2663,2379,2284,1069,2544,52,0.965,38,0,19.626,4.085,-13.160,-11.660,-8.720,-0.161,0.052,1.078,2.372,-3.326,-0.470,0.348,0.026,1.681,1.038,3,NULL,NULL,,0,0,0,7,255,0,250,0,0
baseline,20175,20175,0,215026.817,0.896,-0.223,-0.209,0.322,2011,905,2429,2621,2407,2298,1111,2571,52,0.965,38,0,25.351,4.247,-19.380,-12.440,-10.600,-0.146,0.047,1.052,2.448,-3.470,-0.470,0.372,0.028,1.681,1.038,3,NULL,NULL,,0,0,0,7,255,0,250,0,0
baseline,20175,20175,0,215031.817,0.896,-0.222,-0.209,0.322,1943,904,2477,2570,2425,2293,1164,2589,52,0.965,38,0,26.949,4.247,-20.720,-13.180,-11.100,-0.146,0.018,1.008,2.448,-3.470,-0.700,0.392,0.030,1.681,1.038,3,NULL,NULL,,0,0,0,7,255,0,250,0,0
baseline,20175,20175,0,215036.817,0.897,-0.220,-0.208,0.322,1844,904,2507,2505,2470,2297,1210,2607,52,0.965,38,0,25.442,4.068,-17.980,-13.180,-12.260,-0.153,0.012,1.006,2.136,-3.462,-1.090,0.416,0.032,1.681,1.038,3,NULL,NULL,,0,0,0,7,255,0,250,0,0
baseline,20175,20175,0,215041.816,0.897,-0.219,-0.208,0.323,1743,901,2537,2431,2494,2293,1256,2635,52,0.965,38,0,25.500,4.038,-15.040,-13.980,-15.120,-0.172,0.035,1.031,2.122,-3.436,-1.090,0.436,0.034,1.681,1.038,3,NULL,NULL,,0,0,0,7,255,0,250,0,0
baseline,20191,20191,0,215046.817,0.897,-0.218,-0.207,0.324,1637,872,2578,2376,2525,2299,1309,2647,52,0.965,38,0,31.311,4.020,-18.340,-14.100,-21.100,-0.160,0.053,1.092,2.122,-3.414,-0.740,0.460,0.034,1.681,1.038,3,NULL,NULL,,0,0,0,7,255,0,250,0,0
baseline,20191,20191,0,215051.817,0.897,-0.216,-0.207,0.325,1513,857,2601,2275,2551,2293,1363,2659,52,0.965,38,0,41.892,4.228,-29.020,-14.100,-26.720,-0.137,0.039,1.102,2.494,-3.414,-0.286,0.478,0.036,1.681,1.038,3,NULL,NULL,,0,0,0,7,255,0,250,0,0
baseline,20191,20191,0,215056.817,0.898,-0.214,-0.206,0.326,1391,847,2637,2170,2583,2293,1407,2679,52,0.965,38,0,47.251,4.412,-37.440,-14.760,-24.760,-0.118,0.015,1.058,2.494,-3.640,-0.286,0.502,0.040,1.681,1.038,3,NULL,NULL,,0,0,0,7,255,0,250,0,0
baseline,20191,20191,0,215061.816,0.898,-0.211,-0.206,0.326,1291,823,2647,2069,2605,2272,1461,2697,52,0.965,38,0,50.321,4.393,-41.840,-15.980,-22.940,-0.115,0.020,1.015,2.460,-3.640,-0.770,0.522,0.042,1.681,1.038,3,NULL,NULL,,0,0,0,7,255,0,250,0,0
baseline,20191,20191,0,215066.817,0.898,-0.209,-0.206,0.327,1149,779,2675,1961,2634,2269,1495,2709,52,0.965,38,0,43.353,4.187,-34.340,-16.360,-20.800,-0.131,0.024,0.993,2.398,-3.432,-1.124,0.544,0.046,1.681,1.038,3,NULL,NULL,,0,0,0,7,255,0,250,0,0
baseline,20191,20191,0,215071.816,0.899,-0.207,-0.205,0.328,1007,728,2709,1813,2661,2251,1556,2727,52,0.965,38,0,38.515,4.110,-26.880,-17.380,-21.420,-0.121,-0.001,1.014,2.262,-3.432,-1.124,0.564,0.048,1.681,1.038,3,NULL,NULL,,0,0,0,7,255,0,250,0,0
baseline,20207,20207,0,215076.817,0.899,-0.206,-0.204,0.328,867,667,2731,1651,2687,2233,1595,2745,52,0.965,38,0,39.098,4.151,-26.400,-18.480,-22.140,-0.112,-0.017,1.050,2.262,-3.480,-1.110,0.588,0.052,1.681,1.038,3,NULL,NULL,,0,0,0,7,255,0,250,0,0
baseline,20207,20207,0,215081.817,0.899,-0.204,-0.204,0.329,751,571,2757,1449,2713,2207,1653,2763,52,0.965,38,0,38.470,4.169,-26.880,-19.460,-19.460,-0.118,0.025,1.059,2.296,-3.480,-0.846,0.610,0.058,1.681,1.038,3,NULL,NULL,,0,0,0,7,255,0,250,0,0
baseline,20224,20224,0,215086.817,0.900,-0.202,-0.203,0.330,599,478,2780,1269,2732,2168,1695,2775,52,0.965,38,0,43.444,4.254,-31.520,-20.980,-21.300,-0.111,0.077,1.085,2.548,-3.406,-0.674,0.632,0.064,1.681,1.038,3,NULL,NULL,,0,0,0,7,255,0,250,0,0
baseline,20224,20224,0,215091.816,0.900,-0.200,-0.202,0.331,427,365,2799,1094,2758,2111,1747,2782,52,0.965,38,0,42.405,4.330,-30.000,-22.140,-20.200,-0.067,0.133,1.063,2.998,-3.124,-0.674,0.654,0.070,1.681,1.038,3,NULL,NULL,,0,0,0,7,255,0,250,0,0
baseline,20224,20224,0,215096.817,0.900,-0.198,-0.201,0.331,313,291,2821,886,2775,2055,1797,2795,52,0.965,38,0,38.561,4.703,-24.820,-25.380,-15.060,-0.051,0.094,1.088,3.516,-3.124,-0.604,0.676,0.076,1.681,1.038,3,NULL,NULL,,0,0,0,7,255,0,250,0,0
baseline,20224,20224,0,215101.817,0.901,-0.197,-0.200,0.331,205,223,2839,719,2796,1993,1837,2805,52,0.965,38,0,36.275,4.780,-20.240,-29.600,-5.480,-0.063,0.064,1.130,3.516,-3.238,-0.604,0.696,0.078,1.681,1.038,3,NULL,NULL,,0,0,0,7,255,0,250,0,0
baseline,20256,20256,0,215106.817,0.902,-0.196,-0.198,0.331,153,138,2854,587,2813,1967,1880,2813,52,0.965,38,0,34.713,4.862,-9.980,-32.400,7.460,-0.282,-0.055,1.315,3.348,-3.526,-0.206,0.718,0.076,1.681,1.038,3,NULL,NULL,,0,0,0,7,255,0,250,0,0
baseline,20256,20256,0,215111.817,0.902,-0.197,-0.196,0.330,96,93,2873,567,2839,1945,1929,2823,52,0.965,38,0,75.757,3.942,33.160,-49.300,47.000,-0.458,-0.021,1.539,1.560,-3.620,2.256,0.740,0.072,1.681,1.038,3,NULL,NULL,,0,0,0,7,255,0,250,0,0
baseline,20256,20256,0,215116.817,0.904,-0.195,-0.193,0.329,91,63,2891,564,2853,1895,1965,2827,52,0.965,38,0,74.210,3.942,-7.840,-65.360,34.260,-0.456,0.049,1.604,1.560,-3.620,5.032,0.760,0.068,1.681,1.038,3,NULL,NULL,,0,0,0,7,255,0,250,0,0
baseline,20256,20256,0,215121.816,0.905,-0.191,-0.191,0.329,41,27,2905,547,2863,1844,2001,2837,52,0.965,38,0,98.131,3.883,-79.860,-55.900,-11.280,-0.296,-0.051,1.330,1.404,-3.620,5.032,0.778,0.066,1.681,1.038,3,NULL,NULL,,0,0,0,7,255,0,250,0,0
baseline,20256,20256,0,215126.817,0.906,-0.187,-0.190,0.329,26,11,2919,502,2877,1779,2027,2841,52,0.965,38,0,99.572,4.068,-76.260,-63.960,-2.860,-0.095,-0.098,1.021,1.642,-3.722,2.514,0.796,0.068,1.681,1.038,3,NULL,NULL,,0,0,0,7,255,0,250,0,0
baseline,20256,20256,0,215131.816,0.908,-0.184,-0.187,0.328,21,0,2927,458,2899,1685,2063,2844,52,0.965,38,0,90.120,4.085,-48.620,-72.680,21.800,-0.042,-0.041,0.982,1.684,-3.722,-1.074,0.812,0.072,1.681,1.038,3,NULL,NULL,,0,0,0,7,255,0,250,0,0
baseline,20271,20271,0,215136.817,0.909,-0.182,-0.184,0.326,0,0,2937,426,2908,1631,2085,2845,52,0.965,38,0,88.197,3.902,-20.960,-76.340,38.880,-0.151,-0.046,1.041,1.684,-3.520,-1.074,0.832,0.076,1.681,1.038,3,NULL,NULL,,0,0,0,7,255,0,250,0,0
baseline,20271,20271,0,215141.817,0.911,-0.181,-0.180,0.325,0,0,2942,349,2925,1563,2107,2860,52,0.965,38,0,96.204,3.524,-0.280,-84.580,45.840,-0.257,-0.049,1.184,1.596,-3.142,-0.536,0.850,0.078,1.681,1.038,3,NULL,NULL,,0,0,0,7,255,0,250,0,0
baseline,20271,20271,0,215146.817,0.912,-0.180,-0.176,0.323,0,0,2952,296,2937,1461,2141,2845,52,0.965,38,0,98.043,3.438,0.080,-89.160,40.780,-0.254,-0.046,1.304,1.396,-3.142,1.184,0.870,0.080,1.681,1.038,3,NULL,NULL,,0,0,0,7,255,0,250,0,0
baseline,20271,20271,0,215151.817,0.914,-0.178,-0.172,0.322,0,0,2954,219,2943,1352,2169,2843,52,0.965,38,0,100.656,3.674,-16.520,-93.440,33.580,-0.167,-0.023,1.287,1.396,-3.398,1.816,0.888,0.084,1.681,1.038,3,NULL,NULL,,0,0,0,7,255,0,250,0,0
baseline,20288,20288,0,215156.817,0.915,-0.176,-0.168,0.321,0,0,2957,93,2955,1251,2196,2839,52,0.965,38,0,109.352,4.004,-28.780,-98.260,38.400,-0.104,-0.005,1.222,2.042,-3.444,1.816,0.906,0.090,1.681,1.038,3,NULL,NULL,,0,0,0,7,255,0,250,0,0
baseline,20288,20288,0,215161.816,0.917,-0.173,-0.164,0.319,0,0,2953,38,2965,1129,2211,2835,52,0.965,38,0,117.895,4.185,-27.620,-102.840,50.600,-0.117,0.035,1.188,2.378,-3.444,1.044,0.922,0.096,1.681,1.038,3,NULL,NULL,,0,0,0,7,255,0,250,0,0
baseline,20288,20288,0,215166.817,0.919,-0.171,-0.160,0.317,0,0,2953,5,2963,999,2219,2816,52,0.965,38,0,121.185,3.729,-23.600,-105.880,54.020,-0.169,0.019,1.217,2.378,-2.872,1.044,0.936,0.106,1.681,1.038,3,NULL,NULL,,0,0,0,7,255,0,250,0,0
baseline,20288,20288,0,215171.817,0.921,-0.169,-0.155,0.315,0,0,2953,0,2966,863,2237,2811,52,0.965,38,0,125.014,3.335,-22.120,-111.080,52.920,-0.209,-0.020,1.225,1.884,-2.752,1.344,0.948,0.114,1.681,1.038,3,NULL,NULL,,0,0,0,7,255,0,250,0,0
baseline,20303,20303,0,215176.817,0.923,-0.167,-0.150,0.313,0,0,2948,0,2974,743,2251,2797,52,0.965,38,0,128.735,3.017,-17.560,-118.040,48.280,-0.256,-0.032,1.287,1.288,-2.728,1.554,0.962,0.126,1.681,1.038,3,NULL,NULL,,0,0,0,7,255,0,250,0,0
baseline,20303,20303,0,215181.816,0.924,-0.165,-0.145,0.312,0,0,2941,0,2971,617,2277,2777,52,0.965,38,0,134.273,2.846,-9.680,-125.360,47.120,-0.292,-0.033,1.324,0.906,-2.698,2.296,0.970,0.138,1.681,1.038,3,NULL,NULL,,0,0,0,7,255,0,250,0,0
baseline,20319,20319,0,215186.817,0.926,-0.163,-0.139,0.310,0,0,2932,0,2975,494,2283,2759,52,0.965,38,0,145.306,2.737,-7.480,-137.140,47.440,-0.294,-0.039,1.394,0.594,-2.672,2.782,0.980,0.154,1.681,1.038,3,NULL,NULL,,0,0,0,7,255,0,250,0,0
baseline,20319,20319,0,215191.817,0.928,-0.161,-0.133,0.309,0,0,2923,0,2968,407,2299,2718,52,0.965,38,0,153.256,2.729,-5.840,-146.180,45.660,-0.338,-0.059,1.466,0.556,-2.672,3.444,0.986,0.170,1.681,1.038,3,NULL,NULL,,0,0,0,7,255,0,250,0,0
baseline,20319,20319,0,215196.817,0.930,-0.159,-0.127,0.307,0,0,2917,0,2968,335,2313,2681,52,0.965,38,0,162.355,2.709,-7.180,-156.680,41.940,-0.355,0.032,1.529,0.444,-2.672,4.250,0.990,0.190,1.681,1.038,3,NULL,NULL,,0,0,0,7,255,0,250,0,0
baseline,20319,20319,0,215201.817,0.931,-0.156,-0.120,0.306,0,0,2902,0,2963,254,2325,2633,52,0.965,38,0,171.436,1.982,-8.460,-167.540,35.340,-0.378,0.147,1.560,0.444,-1.932,5.004,0.992,0.208,1.681,1.038,3,NULL,NULL,,0,0,0,7,255,0,250,0,0
baseline,20351,20351,0,215206.817,0.933,-0.154,-0.112,0.305,0,0,2877,0,2956,187,2327,2585,52,0.965,38,0,184.579,1.172,-6.380,-182.300,28.200,-0.413,0.241,1.636,0.800,-0.856,5.506,0.994,0.232,1.681,1.038,3,NULL,NULL,,0,0,0,7,255,0,250,0,0
baseline,20351,20351,0,215211.817,0.935,-0.151,-0.104,0.305,0,0,2859,0,2935,145,2336,2508,52,0.965,38,0,197.809,0.996,-5.520,-196.520,21.860,-0.406,0.244,1.776,0.984,-0.156,6.432,0.990,0.260,1.681,1.038,3,NULL,NULL,,0,0,0,7,255,0,250,0,0
baseline,20351,20351,0,215216.817,0.936,-0.148,-0.095,0.305,0,0,2831,0,2921,104,2331,2439,52,0.965,38,0,208.059,0.996,-10.480,-207.260,14.900,-0.412,0.196,2.011,0.984,-0.156,7.748,0.982,0.296,1.681,1.038,3,NULL,NULL,,0,0,0,7,255,0,250,0,0
baseline,20351,20351,0,215221.816,0.938,-0.144,-0.087,0.304,0,0,2790,0,2889,58,2326,2353,52,0.965,38,0,218.702,1.038,-30.860,-216.240,10.880,-0.389,0.310,2.036,1.026,-0.156,9.936,0.970,0.332,1.681,1.038,3,NULL,NULL,,0,0,0,7,255,0,250,0,0
baseline,20351,20351,0,215226.817,0.939,-0.140,-0.078,0.304,0,0,2745,0,2859,0,2321,2263,52,0.965,38,0,232.719,1.339,-38.120,-229.360,9.960,-0.378,0.425,2.180,1.332,0.136,10.260,0.954,0.378,1.681,1.038,3,NULL,NULL,,0,0,0,7,255,0,250,0,0
baseline,20351,20351,0,215231.817,0.941,-0.135,-0.068,0.304,0,0,2671,0,2799,0,2287,2101,52,0.965,38,0,242.041,2.159,-46.000,-237.300,12.520,-0.442,0.568,2.313,1.922,0.984,11.748,0.932,0.426,1.681,1.038,3,NULL,NULL,,0,0,0,7,255,0,250,0,0
baseline,20373,20373,0,215236.817,0.942,-0.129,-0.059,0.304,0,0,2601,0,2735,0,2268,1915,52,0.965,38,0,257.369,3.249,-78.640,-245.040,3.120,-0.504,0.776,2.515,2.028,2.538,13.286,0.902,0.484,1.681,1.038,3,NULL,NULL,,0,0,0,7,255,0,250,0,0
baseline,20373,20373,0,215241.817,0.943,-0.121,-0.051,0.305,0,0,2505,0,2635,0,2236,1755,52,0.965,38,0,266.636,5.252,-114.180,-240.540,-14.080,-0.466,0.819,2.403,2.552,4.590,14.350,0.868,0.540,1.681,1.038,3,NULL,NULL,,0,0,0,7,255,0,250,0,0
baseline,20373,20373,0,215246.817,0.945,-0.112,-0.043,0.305,0,0,2373,0,2532,0,2199,1591,52,0.965,38,0,284.171,5.553,-150.300,-240.840,-12.620,-0.492,0.661,2.338,2.552,4.932,14.350,0.830,0.602,1.681,1.038,3,NULL,NULL,,0,0,0,7,255,0,250,0,0
baseline,20373,20373,0,215251.817,0.946,-0.102,-0.035,0.305,0,0,2184,0,2401,0,2141,1380,52,0.965,38,0,305.194,5.401,-176.680,-248.840,-2.500,-0.658,0.497,2.260,1.372,5.224,13.522,0.796,0.654,1.681,1.038,3,NULL,NULL,,0,0,0,7,255,0,250,0,0
baseline,20383,20383,0,215256.817,0.948,-0.090,-0.028,0.305,0,0,1992,0,2261,0,2070,1203,52,0.965,38,0,319.937,5.344,-205.240,-245.180,-11.100,-0.754,0.571,2.229,-1.124,5.224,12.716,0.764,0.710,1.681,1.038,3,NULL,NULL,,0,0,0,7,255,0,250,0,0
baseline,20383,20383,0,215261.817,0.948,-0.079,-0.020,0.308,0,0,1785,0,2119,0,1983,1057,52,0.965,38,0,332.466,7.178,-213.240,-248.340,-58.220,-0.935,0.532,2.312,-1.632,6.990,12.716,0.742,0.752,1.681,1.038,3,NULL,NULL,,0,0,0,7,255,0,250,0,0
baseline,20408,20408,0,215266.817,0.948,-0.065,-0.013,0.311,0,0,1597,0,1942,0,1849,921,52,0.965,38,0,376.627,7.759,-252.240,-261.900,-98.140,-0.837,0.288,2.135,-3.368,6.990,12.372,0.722,0.796,1.681,1.038,3,NULL,NULL,,0,0,0,7,255,0,250,0,0
baseline,20408,20408,0,215271.816,0.947,-0.049,-0.005,0.316,0,0,1375,0,1738,0,1675,779,52,0.965,38,0,418.488,7.609,-280.360,-281.540,-131.400,-0.577,0.010,1.756,-3.814,6.584,11.006,0.704,0.834,1.681,1.038,3,NULL,NULL,,0,0,0,7,255,0,250,0,0
baseline,20408,20408,0,215276.817,0.946,-0.034,0.004,0.322,0,0,1107,0,1515,0,1499,695,52,0.965,38,0,441.762,5.256,-267.180,-316.940,-152.700,-0.387,-0.112,1.486,-3.814,3.616,7.046,0.680,0.882,1.681,1.038,3,NULL,NULL,,0,0,0,7,255,0,250,0,0
baseline,20408,20408,0,215281.817,0.945,-0.021,0.015,0.327,0,0,907,0,1295,0,1245,595,52,0.965,38,0,414.403,3.818,-202.180,-333.420,-140.300,-0.193,-0.264,1.308,-3.196,2.088,4.304,0.654,0.928,1.681,1.038,3,NULL,NULL,,0,0,0,7,255,0,250,0,0
baseline,20409,20409,0,215286.817,0.943,-0.010,0.028,0.330,0,0,633,0,1031,0,984,536,52,0.965,38,0,387.503,2.800,-131.800,-348.380,-106.860,-0.044,-0.183,1.266,-2.794,0.176,2.608,0.618,0.990,1.681,1.038,3,NULL,NULL,,0,0,0,7,255,0,250,0,0
baseline,20409,20409,0,215291.817,0.942,-0.003,0.042,0.332,0,0,475,0,821,0,693,407,52,0.965,38,0,378.569,1.381,-54.420,-366.440,-77.940,0.019,-0.109,1.542,-1.370,0.176,2.608,0.578,1.056,1.681,1.038,4,NULL,NULL,,0,0,0,7,255,0,250,0,0
baseline,20436,20436,0,215296.817,0.942,0.003,0.058,0.331,0,0,308,0,608,0,404,317,52,0.965,38,0,378.477,1.686,-17.920,-377.500,-20.440,-0.121,-0.089,1.868,-1.370,0.982,4.830,0.530,1.130,1.681,1.038,4,NULL,NULL,,0,0,0,7,255,0,250,0,0
baseline,20436,20436,0,215301.816,0.942,0.012,0.073,0.328,0,0,157,0,368,0,101,210,52,0.965,38,0,405.540,3.588,-55.940,-400.440,31.320,-0.259,0.014,1.976,-2.278,2.772,7.742,0.484,1.206,1.681,1.038,4,NULL,NULL,,0,0,0,7,255,0,250,0,0
baseline,20464,20464,0,215306.817,0.942,0.023,0.088,0.324,0,0,95,0,180,0,0,155,52,0.965,38,0,438.684,5.957,-118.380,-418.080,60.320,-0.438,0.135,1.908,-3.208,5.020,7.742,0.438,1.286,1.681,1.038,4,NULL,NULL,,0,0,0,7,255,0,250,0,0
baseline,20464,20464,0,215311.817,0.941,0.037,0.102,0.320,0,0,27,0,24,0,0,122,52,0.965,38,0,460.709,8.082,-187.480,-413.940,75.880,-0.458,0.442,1.428,-3.208,7.418,6.966,0.408,1.352,1.681,1.038,4,NULL,NULL,,0,0,0,7,255,0,250,0,0
baseline,20464,20464,0,215316.817,0.941,0.051,0.115,0.315,0,0,0,0,0,0,0,41,52,0.965,38,0,473.177,9.596,-203.040,-420.400,77.040,-0.489,0.538,0.969,-2.210,9.338,1.690,0.388,1.412,1.681,1.038,4,NULL,NULL,,0,0,0,7,255,0,250,0,0
baseline,20464,20464,0,215321.816,0.940,0.066,0.130,0.309,0,0,0,0,0,0,0,21,52,0.965,38,0,487.440,9.596,-186.060,-440.420,94.920,-0.558,0.480,0.801,-2.210,9.338,-3.206,0.372,1.456,1.681,1.038,4,NULL,NULL,,0,0,0,7,255,0,250,0,0
baseline,20464,20464,0,215326.817,0.939,0.079,0.145,0.302,0,0,0,0,0,0,0,0,52,0.965,38,0,493.091,9.411,-164.220,-446.780,128.680,-0.737,0.282,0.775,-2.306,9.124,-5.264,0.352,1.502,1.681,1.038,4,NULL,NULL,,0,0,0,7,255,0,250,0,0
baseline,20464,20464,0,215331.816,0.938,0.094,0.159,0.292,0,0,0,0,0,0,0,0,52,0.965,38,0,512.721,10.193,-168.120,-451.540,175.300,-0.778,0.410,0.661,-4.544,9.124,-6.168,0.328,1.552,1.681,1.038,4,NULL,NULL,,0,0,0,7,255,0,250,0,0
baseline,20480,20480,0,215336.817,0.936,0.110,0.172,0.285,0,0,0,0,0,0,0,0,52,0.965,38,0,508.002,10.378,-242.280,-426.560,131.960,-0.409,0.717,0.476,-4.544,9.330,-7.996,0.300,1.614,1.681,1.038,4,NULL,NULL,,0,0,0,7,255,0,250,0,0
baseline,20480,20480,0,215341.816,0.933,0.125,0.183,0.284,0,0,0,0,0,0,0,0,52,0.965,38,0,435.768,9.336,-257.840,-351.000,14.540,-0.069,0.434,0.274,0.328,9.330,-9.178,0.278,1.676,1.681,1.038,4,NULL,NULL,,0,0,0,7,255,0,250,0,0
baseline,20480,20480,0,215346.817,0.930,0.137,0.191,0.283,0,0,0,0,0,0,1,0,52,0.965,38,0,320.624,4.799,-203.220,-247.920,-6.100,-0.129,-0.023,0.269,0.328,4.788,-9.178,0.262,1.744,1.681,1.038,0,NULL,NULL,,0,0,0,7,255,0,250,0,0
baseline,20480,20480,0,215351.817,0.928,0.144,0.197,0.281,0,0,0,0,0,0,0,0,52,0.965,38,0,236.399,2.078,-111.920,-206.300,28.260,-0.085,-0.034,0.264,-1.234,1.672,-8.524,0.256,1.804,1.681,1.038,0,NULL,NULL,,0,0,0,7,255,0,250,0,0
baseline,20496,20496,0,215356.817,0.928,0.146,0.198,0.279,0,0,0,0,0,0,0,0,52,0.965,38,0,67.361,1.865,-31.780,-47.360,35.840,-0.234,0.127,-0.457,-1.234,1.398,-8.524,0.258,1.866,1.681,1.038,0,NULL,NULL,,0,0,0,7,255,0,250,0,0
baseline,20496,20496,0,215361.816,0.928,0.148,0.197,0.279,0,0,0,0,0,0,0,0,52,0.965,38,0,48.785,1.865,-30.620,15.880,34.500,-0.479,0.312,0.644,-1.234,1.398,-8.378,0.264,1.918,1.681,1.038,0,NULL,NULL,,0,0,0,7,255,0,250,0,0
baseline,20496,20496,0,215366.817,0.929,0.148,0.193,0.279,0,0,0,0,0,0,0,0,52,0.965,38,0,96.018,7.646,-35.440,86.000,23.820,-0.513,0.494,0.386,-1.568,7.484,-10.658,0.274,1.972,1.681,1.038,0,NULL,NULL,,0,0,0,7,255,0,250,0,0
baseline,20496,20496,0,215371.817,0.930,0.148,0.187,0.280,0,0,0,0,0,0,0,0,52,0.965,38,0,137.307,8.002,-38.000,131.360,12.400,-0.542,0.473,0.393,-1.912,7.770,-10.622,0.286,2.018,1.681,1.038,0,NULL,NULL,,0,0,0,7,255,0,250,0,0
baseline,20496,20496,0,215376.817,0.931,0.147,0.180,0.282,0,0,0,0,0,0,0,0,52,0.965,38,0,159.200,8.002,-32.140,155.900,2.640,-0.534,0.355,0.363,-1.912,7.770,-10.622,0.300,2.062,1.681,1.038,0,NULL,NULL,,0,0,0,7,255,0,250,0,0
baseline,20496,20496,0,215381.817,0.932,0.146,0.173,0.284,0,0,0,0,0,0,0,0,52,0.965,38,0,174.338,7.187,-31.520,171.460,1.300,-0.459,0.258,0.380,-2.446,6.758,-10.454,0.308,2.096,1.681,1.038,0,NULL,NULL,,0,0,0,7,255,0,250,0,0
baseline,20511,20511,0,215386.817,0.933,0.146,0.165,0.286,0,0,0,0,0,0,0,0,52,0.965,38,0,181.294,6.285,-39.040,176.760,9.960,-0.444,0.243,0.248,-2.446,5.790,-10.454,0.318,2.128,1.681,1.038,0,NULL,NULL,,0,0,0,7,255,0,250,0,0
baseline,20511,20511,0,215391.816,0.933,0.145,0.158,0.288,0,0,0,0,0,0,0,0,52,0.965,38,0,181.249,5.468,-40.620,175.780,17.400,-0.418,0.247,0.144,-2.162,5.022,-10.610,0.324,2.156,1.681,1.038,0,NULL,NULL,,0,0,0,7,255,0,250,0,0
baseline,20527,20527,0,215396.817,0.934,0.144,0.150,0.289,0,0,0,0,0,0,0,0,52,0.965,38,0,179.138,4.800,-35.000,174.440,20.880,-0.387,0.253,0.019,-1.754,4.468,-11.344,0.332,2.188,1.681,1.038,0,NULL,NULL,,0,0,0,7,255,0,250,0,0
baseline,20527,20527,0,215401.816,0.935,0.143,0.143,0.290,0,0,0,0,0,0,0,0,52,0.965,38,0,174.048,4.041,-22.380,171.400,20.340,-0.332,0.233,-0.074,-1.290,3.830,-12.266,0.342,2.220,1.681,1.038,0,NULL,NULL,,0,0,0,7,255,0,250,0,0
baseline,20560,20560,0,215406.817,0.936,0.141,0.136,0.291,0,0,0,0,0,0,0,0,52,0.965,38,0,171.245,3.147,-4.240,169.860,21.320,-0.265,0.182,-0.132,-0.864,3.026,-12.764,0.354,2.260,1.681,1.038,0,NULL,NULL,,0,0,0,7,255,0,250,0,0
baseline,20560,20560,0,215411.819,0.938,0.138,0.129,0.292,0,0,0,0,0,0,0,0,52,0.965,38,0,171.402,2.183,16.940,168.520,26.320,-0.215,0.117,-0.149,-0.604,2.098,-12.764,0.368,2.302,1.681,1.038,0,NULL,NULL,,0,0,0,7,255,0,250,0,0
baseline,20560,20560,0,215416.817,0.939,0.135,0.122,0.292,0,0,0,0,0,0,0,0,52,0.965,38,0,174.093,1.459,38.960,166.020,35.040,-0.194,0.067,-0.114,-0.604,1.328,-12.624,0.382,2.348,1.681,1.038,0,NULL,NULL,,0,0,0,7,255,0,250,0,0
baseline,20560,20560,0,215421.816,0.941,0.130,0.116,0.291,0,0,0,0,0,0,0,0,52,0.965,38,0,180.299,1.542,58.260,164.320,45.960,-0.211,0.049,-0.026,-0.784,1.328,-12.088,0.398,2.394,1.681,1.038,0,NULL,NULL,,0,0,0,7,255,0,250,0,0
baseline,20560,20560,0,215426.817,0.942,0.125,0.110,0.290,0,0,0,0,0,0,0,0,52,0.965,38,0,190.463,1.765,75.100,166.700,53.360,-0.276,0.086,0.118,-1.134,1.352,-11.288,0.414,2.446,1.681,1.038,0,NULL,NULL,,0,0,0,7,255,0,250,0,0
baseline,20560,20560,0,215431.817,0.944,0.120,0.103,0.289,0,0,0,0,0,0,0,0,52,0.965,38,0,198.173,2.975,83.400,172.060,52.080,-0.341,0.134,0.252,-1.568,2.528,-10.256,0.432,2.494,1.681,1.038,0,NULL,NULL,,0,0,0,7,255,0,250,0,0
baseline,20575,20575,0,215436.817,0.946,0.114,0.097,0.289,0,0,0,0,0,0,0,0,52,0.965,38,0,203.343,4.185,86.640,178.220,45.600,-0.383,0.132,0.354,-1.924,3.716,-9.308,0.450,2.548,1.681,1.038,0,NULL,NULL,,0,0,0,7,255,0,250,0,0
baseline,20575,20575,0,215441.817,0.947,0.108,0.090,0.289,0,0,0,0,0,0,0,0,52,0.965,38,0,209.750,4.871,88.280,186.340,38.460,-0.404,0.102,0.439,-2.340,4.272,-8.420,0.468,2.596,1.681,1.038,0,NULL,NULL,,0,0,0,7,255,0,250,0,0
baseline,20575,20575,0,215446.817,0.948,0.102,0.083,0.289,0,0,0,0,0,0,0,0,52,0.965,38,0,216.721,5.188,88.040,195.440,31.940,-0.427,0.063,0.514,-2.722,4.416,-7.520,0.486,2.648,1.681,1.038,0,NULL,NULL,,0,0,0,7,255,0,250,0,0
baseline,20575,20575,0,215451.816,0.950,0.096,0.075,0.289,0,0,0,0,0,0,0,0,52,0.965,38,0,223.810,5.440,86.520,204.900,24.920,-0.459,0.045,0.580,-3.134,4.446,-6.700,0.504,2.694,1.681,1.038,0,NULL,NULL,,0,0,0,7,255,0,250,0,0
baseline,20592,20592,0,215456.817,0.950,0.090,0.067,0.290,0,0,0,0,0,0,0,0,52,0.965,38,0,231.349,5.791,84.140,214.920,15.880,-0.496,0.045,0.639,-3.484,4.626,-6.004,0.522,2.744,1.681,1.038,0,NULL,NULL,,0,0,0,7,255,0,250,0,0
baseline,20592,20592,0,215461.816,0.951,0.084,0.059,0.291,0,0,0,0,0,0,0,0,52,0.965,38,0,238.967,6.191,81.640,224.560,3.620,-0.520,0.041,0.683,-3.742,4.932,-5.410,0.536,2.784,1.681,1.038,0,NULL,NULL,,0,0,0,7,255,0,250,0,0
baseline,20592,20592,0,215466.817,0.952,0.077,0.051,0.293,0,0,0,0,0,0,0,0,52,0.965,38,0,247.255,6.274,79.440,233.900,-10.740,-0.514,0.029,0.716,-3.826,4.972,-4.908,0.550,2.826,1.681,1.038,0,NULL,NULL,,0,0,0,7,255,0,250,0,0
baseline,20592,20592,0,215471.817,0.952,0.071,0.042,0.296,0,0,0,0,0,0,0,0,52,0.965,38,0,256.213,6.274,78.100,242.740,-24.960,-0.485,0.019,0.731,-3.826,4.972,-4.420,0.564,2.862,1.681,1.038,0,NULL,NULL,,0,0,0,7,255,0,250,0,0
baseline,20607,20607,0,215476.817,0.951,0.064,0.033,0.299,0,0,0,0,0,0,0,0,52,0.965,38,0,265.379,5.889,78.580,250.740,-37.160,-0.439,0.002,0.739,-3.554,4.696,-4.082,0.578,2.898,1.681,1.038,0,NULL,NULL,,0,0,0,7,255,0,250,0,0
baseline,20607,20607,0,215481.816,0.951,0.057,0.024,0.303,0,0,0,0,0,0,0,0,52,0.965,38,0,274.391,5.296,81.140,257.940,-46.620,-0.385,-0.014,0.741,-3.168,4.244,-3.780,0.590,2.930,1.681,1.038,0,NULL,NULL,,0,0,0,7,255,0,250,0,0
baseline,20608,20608,0,215486.817,0.950,0.050,0.015,0.307,0,0,0,0,0,0,0,0,52,0.965,38,0,283.108,4.607,85.720,264.220,-54.680,-0.313,-0.042,0.731,-2.706,3.728,-3.560,0.600,2.958,1.681,1.038,0,NULL,NULL,,0,0,0,7,255,0,250,0,0
baseline,20608,20608,0,215491.817,0.950,0.043,0.005,0.311,0,0,0,0,0,0,0,0,52,0.965,38,0,291.869,3.683,92.560,270.200,-60.100,-0.226,-0.098,0.706,-2.172,2.974,-3.434,0.608,2.978,1.681,1.038,0,NULL,NULL,,0,0,0,7,255,0,250,0,0
baseline,20624,20624,0,215496.817,0.949,0.035,-0.004,0.315,0,0,0,0,0,0,0,0,52,0.965,38,0,301.120,2.537,106.720,275.400,-58.640,-0.159,-0.111,0.696,-1.706,1.878,-3.430,0.614,2.998,1.681,1.038,0,NULL,NULL,,0,0,0,7,255,0,250,0,0
baseline,20624,20624,0,215501.817,0.947,0.025,-0.014,0.319,0,0,0,0,0,0,0,0,52,0.965,38,0,309.435,1.832,126.300,276.320,-58.700,-0.102,-0.032,0.735,-1.162,1.416,-3.420,0.618,3.012,1.681,1.038,0,NULL,NULL,,0,0,0,7,255,0,250,0,0
baseline,20657,20657,0,215506.817,0.946,0.016,-0.023,0.323,0,0,0,0,0,0,0,0,52,0.965,38,0,314.928,1.247,141.080,275.580,-57.720,-0.042,-0.010,0.822,-0.130,1.240,-3.114,0.622,3.026,1.681,1.038,0,NULL,NULL,,0,0,0,7,255,0,250,0,0
baseline,20657,20657,0,215511.817,0.945,0.005,-0.031,0.326,0,0,0,0,0,0,0,0,52,0.965,38,0,320.175,1.326,152.180,276.800,-52.300,0.024,-0.030,0.890,0.638,1.162,-2.276,0.624,3.036,1.681,1.038,0,NULL,NULL,,0,0,0,7,255,0,250,0,0
baseline,20657,20657,0,215516.817,0.943,-0.005,-0.040,0.329,0,0,0,0,0,0,0,0,52,0.965,38,0,323.902,1.279,161.400,277.160,-45.220,0.083,-0.041,0.952,1.190,0.470,-1.590,0.628,3.044,1.681,1.038,0,NULL,NULL,,0,0,0,7,255,0,250,0,0
baseline,20657,20657,0,215521.816,0.942,-0.016,-0.049,0.332,0,0,0,0,0,0,0,0,52,0.965,38,0,328.173,1.746,171.600,277.720,-33.500,0.098,-0.064,1.062,1.738,-0.166,-1.006,0.632,3.050,1.681,1.038,0,NULL,NULL,,0,0,0,7,255,0,250,0,0
baseline,20657,20657,0,215526.817,0.940,-0.027,-0.057,0.334,0,0,0,0,0,0,0,0,52,0.965,38,0,330.353,1.981,179.040,276.560,-24.340,0.099,-0.003,1.213,1.930,-0.448,0.048,0.634,3.054,1.681,1.038,0,NULL,NULL,,0,0,0,7,255,0,250,0,0
baseline,20657,20657,0,215531.816,0.939,-0.039,-0.065,0.336,0,0,0,0,0,0,0,0,52,0.965,38,0,329.324,2.636,177.520,276.860,-17.020,0.069,0.027,1.368,2.598,-0.448,1.422,0.636,3.054,1.681,1.038,0,NULL,NULL,,0,0,0,7,255,0,250,0,0
baseline,20674,20674,0,215536.817,0.937,-0.050,-0.074,0.338,0,0,0,0,0,0,0,0,52,0.965,38,0,325.859,2.915,168.060,278.940,-11.520,0.047,0.044,1.368,2.880,-0.448,2.876,0.640,3.052,1.681,1.038,0,NULL,NULL,,0,0,0,7,255,0,250,0,0
baseline,20674,20674,0,215541.817,0.935,-0.060,-0.083,0.339,0,0,0,0,0,0,0,0,52,0.965,38,0,323.978,2.976,151.400,286.320,-7.800,-0.016,0.025,1.696,2.938,-0.474,2.902,0.642,3.048,1.681,1.038,0,NULL,NULL,,0,0,0,7,255,0,250,0,0
baseline,20675,20675,0,215546.817,0.933,-0.070,-0.092,0.340,0,0,0,0,0,0,0,0,52,0.965,38,0,313.502,3.045,139.740,280.520,-8.040,-0.022,0.008,1.625,2.938,-0.800,5.388,0.646,3.042,1.681,1.038,0,NULL,NULL,,0,0,0,7,255,0,250,0,0
baseline,20675,20675,0,215551.817,0.931,-0.078,-0.102,0.341,0,0,0,0,0,0,0,0,52,0.965,38,0,303.211,3.262,114.040,280.820,-8.480,-0.020,0.004,1.659,3.020,-1.232,5.642,0.650,3.034,1.681,1.038,0,NULL,NULL,,0,0,0,7,255,0,250,0,0
baseline,20688,20688,0,215556.817,0.929,-0.086,-0.112,0.342,0,0,0,0,0,0,0,0,52,0.965,38,0,296.610,3.584,90.960,282.240,-6.640,0.002,-0.032,1.596,3.166,-1.680,5.388,0.654,3.022,1.681,1.038,0,NULL,NULL,,0,0,0,7,255,0,250,0,0
baseline,20688,20688,0,215561.817,0.927,-0.093,-0.122,0.343,0,0,0,0,0,0,0,0,52,0.965,38,0,294.915,3.940,77.420,284.560,-2.620,0.007,-0.075,1.462,3.166,-2.346,4.918,0.658,3.010,1.681,1.038,0,NULL,NULL,,0,0,0,7,255,0,250,0,0
baseline,20705,20705,0,215566.817,0.925,-0.100,-0.132,0.343,0,0,0,0,0,0,0,0,52,0.965,38,0,295.186,4.035,80.280,284.060,-0.240,-0.018,-0.090,1.323,2.892,-2.814,3.554,0.664,2.992,1.681,1.038,0,NULL,NULL,,0,0,0,7,255,0,250,0,0
baseline,20705,20705,0,215571.816,0.922,-0.108,-0.142,0.344,0,0,0,0,0,0,0,0,52,0.965,38,0,298.244,3.759,95.120,282.660,-2.180,-0.043,-0.080,1.279,2.492,-2.814,2.216,0.670,2.974,1.681,1.038,0,NULL,NULL,,0,0,0,7,255,0,250,0,0
baseline,20705,20705,0,215576.817,0.919,-0.116,-0.152,0.344,0,0,0,0,0,0,0,0,52,0.965,38,0,300.213,3.765,108.800,279.740,-5.980,-0.036,-0.066,1.334,2.492,-2.822,2.178,0.682,2.948,1.681,1.038,0,NULL,NULL,,0,0,0,7,255,0,250,0,0
baseline,20705,20705,0,215581.817,0.916,-0.125,-0.161,0.345,0,0,0,0,0,0,0,0,52,0.965,38,0,299.351,4.238,113.800,276.800,-6.520,-0.011,-0.049,1.403,2.862,-3.126,2.178,0.694,2.920,1.681,1.038,0,NULL,NULL,,0,0,0,7,255,0,250,0,0
baseline,20720,20720,0,215586.817,0.913,-0.133,-0.170,0.345,0,0,0,0,0,0,0,0,52,0.965,38,0,296.216,4.997,117.460,271.920,-2.620,0.000,-0.036,1.414,3.468,-3.598,2.544,0.716,2.880,1.681,1.038,0,NULL,NULL,,0,0,0,7,255,0,250,0,0
baseline,20720,20720,0,215591.817,0.910,-0.142,-0.179,0.346,0,0,0,0,0,0,0,0,52,0.965,38,0,295.741,5.438,127.460,266.860,1.540,-0.012,-0.022,1.422,3.798,-3.892,2.544,0.742,2.834,1.681,1.038,0,NULL,NULL,,0,0,0,7,255,0,250,0,0
baseline,20737,20737,0,215596.817,0.907,-0.152,-0.187,0.346,0,0,0,0,0,0,0,0,52,0.965,38,0,296.933,5.654,141.020,261.300,2.200,-0.031,-0.004,1.476,3.948,-4.048,2.544,0.780,2.778,1.681,1.038,0,NULL,NULL,,0,0,0,7,255,0,250,0,0
baseline,20737,20737,0,215601.816,0.903,-0.161,-0.195,0.347,0,0,0,0,0,0,0,0,52,0.965,38,0,299.708,5.998,152.920,257.760,0.020,-0.038,0.015,1.551,4.198,-4.284,2.964,0.826,2.714,1.681,1.038,0,NULL,NULL,,0,0,0,7,255,0,250,0,0
baseline,20751,20751,0,215606.817,0.899,-0.171,-0.203,0.347,0,0,0,0,0,0,0,0,52,0.965,38,0,306.859,6.569,168.300,256.540,-5.000,-0.006,0.031,1.621,4.600,-4.690,3.522,0.886,2.640,1.681,1.038,0,NULL,NULL,,0,0,0,7,255,0,250,0,0
baseline,20751,20751,0,215611.819,0.895,-0.182,-0.210,0.348,0,0,0,0,0,0,0,0,52,0.965,38,0,309.926,7.472,180.140,252.020,-9.460,0.052,-0.008,1.750,5.212,-5.354,3.836,0.952,2.564,1.681,1.038,0,NULL,NULL,,0,0,0,7,255,0,250,0,0
baseline,20752,20752,0,215616.817,0.891,-0.193,-0.218,0.349,0,0,0,0,0,0,0,0,52,0.965,38,0,311.129,8.957,183.800,250.860,-9.380,0.137,-0.010,1.857,5.806,-6.820,4.446,1.038,2.470,1.681,1.038,0,NULL,NULL,,0,0,0,7,255,0,250,0,0
baseline,20752,20752,0,215621.816,0.886,-0.203,-0.225,0.350,0,0,0,0,0,0,0,0,52,0.965,38,0,311.567,10.554,183.980,251.340,-7.320,0.230,0.012,1.916,6.740,-8.122,4.492,1.126,2.378,1.681,1.038,0,NULL,NULL,,0,0,0,7,255,0,250,0,0
baseline,20752,20752,0,215626.817,0.882,-0.214,-0.232,0.351,0,0,0,0,0,0,0,0,52,0.965,38,0,311.387,11.958,186.060,249.640,-4.820,0.329,0.012,1.956,7.730,-9.124,4.492,1.232,2.274,1.681,1.038,0,NULL,NULL,,0,0,0,7,255,0,250,0,0
baseline,20752,20752,0,215631.818,0.877,-0.225,-0.238,0.351,0,0,0,0,0,0,0,0,52,0.965,38,0,311.202,13.330,190.160,246.340,-1.640,0.459,-0.010,2.012,8.532,-10.242,4.004,1.338,2.174,1.681,1.038,0,NULL,NULL,,0,0,0,7,255,0,250,0,0
baseline,20767,20767,0,215636.817,0.872,-0.236,-0.245,0.352,0,0,0,0,0,0,0,0,52,0.965,38,0,311.593,15.040,189.840,247.080,1.660,0.565,-0.030,2.047,9.410,-11.732,3.390,1.460,2.064,1.681,1.038,0,NULL,NULL,,0,0,0,7,255,0,250,0,0
baseline,20767,20767,0,215641.816,0.867,-0.246,-0.252,0.352,0,0,0,0,0,0,0,0,52,0.965,38,0,315.088,16.426,181.720,257.340,5.860,0.743,-0.008,2.104,10.074,-12.974,2.674,1.566,1.970,1.681,1.038,0,NULL,NULL,,0,0,0,7,255,0,250,0,0
baseline,20767,20767,0,215646.817,0.862,-0.258,-0.259,0.352,0,0,0,0,0,0,0,0,52,0.965,38,0,320.467,18.421,198.820,251.160,9.400,0.982,-0.044,2.238,11.528,-14.368,1.704,1.686,1.866,1.681,1.038,0,NULL,NULL,,0,0,0,7,255,0,250,0,0
baseline,20767,20767,0,215651.818,0.857,-0.269,-0.265,0.351,0,0,0,0,0,0,0,0,52,0.965,38,0,321.192,20.153,191.680,255.920,30.460,0.900,-0.105,2.086,11.744,-16.378,0.768,1.794,1.774,1.681,1.038,0,NULL,NULL,,0,0,0,7,255,0,250,0,0
baseline,20784,20784,0,215656.817,0.852,-0.280,-0.272,0.348,0,0,0,0,0,0,0,0,52,0.965,38,0,325.038,21.383,186.480,259.580,59.100,1.442,-0.104,2.481,13.170,-16.846,-0.504,1.916,1.670,1.681,1.038,0,NULL,NULL,,0,0,0,7,255,0,250,0,0
baseline,20784,20784,0,215661.816,0.848,-0.290,-0.276,0.347,0,0,0,0,0,0,0,0,52,0.965,38,0,254.727,21.626,172.520,182.500,42.620,0.865,0.000,2.301,12.932,-17.334,-0.504,2.012,1.590,1.681,1.038,0,NULL,NULL,,0,0,0,7,255,0,250,0,0
baseline,20805,20805,0,215666.817,0.845,-0.298,-0.280,0.346,0,0,0,0,0,0,0,0,52,0.965,38,0,230.357,25.152,145.220,174.020,41.140,1.356,-0.339,2.241,13.284,-21.358,-1.564,2.124,1.500,1.681,1.038,0,NULL,NULL,,0,0,0,7,255,0,250,0,0
baseline,20805,20805,0,215671.817,0.842,-0.306,-0.283,0.342,0,0,0,0,0,0,0,0,52,0.965,38,0,215.007,23.252,123.440,157.660,78.320,1.222,-0.216,2.093,12.932,-19.324,-4.190,2.222,1.418,1.681,1.038,0,NULL,NULL,,0,0,0,7,255,0,250,0,0
baseline,20805,20805,0,215676.817,0.840,-0.313,-0.286,0.339,0,0,0,0,0,0,0,0,52,0.965,38,0,204.152,23.226,113.800,145.280,87.300,1.065,-0.189,1.950,12.886,-19.324,-4.430,2.328,1.332,1.681,1.038,0,NULL,NULL,,0,0,0,7,255,0,250,0,0
baseline,20805,20805,0,215681.817,0.837,-0.320,-0.289,0.336,0,0,0,0,0,0,0,0,52,0.965,38,0,186.897,21.379,105.440,136.180,72.580,1.036,-0.338,1.840,11.686,-17.902,-4.622,2.420,1.254,1.681,1.038,0,NULL,NULL,,0,0,0,7,255,0,250,0,0
baseline,20816,20816,0,215686.817,0.835,-0.326,-0.292,0.334,0,0,0,0,0,0,0,0,52,0.965,38,0,171.375,20.570,98.040,127.140,59.940,1.138,-0.514,1.708,10.132,-17.902,-5.842,2.520,1.172,1.681,1.038,0,NULL,NULL,,0,0,0,7,255,0,250,0,0
baseline,20816,20816,0,215691.816,0.833,-0.332,-0.295,0.332,0,0,0,0,0,0,0,0,52,0.965,38,0,163.839,20.694,96.760,118.180,59.280,1.224,-0.626,1.590,9.092,-18.590,-8.152,2.616,1.092,1.681,1.038,0,NULL,NULL,,0,0,0,7,255,0,250,0,0
baseline,20837,20837,0,215696.817,0.830,-0.338,-0.297,0.329,0,0,0,0,0,0,0,0,52,0.965,38,0,159.771,20.550,99.260,110.540,58.780,1.281,-0.692,1.479,8.442,-18.736,-10.078,2.716,1.008,1.681,1.038,0,NULL,NULL,,0,0,0,7,255,0,250,0,0
baseline,20837,20837,0,215701.817,0.828,-0.343,-0.298,0.327,0,0,0,0,0,0,0,0,52,0.965,38,0,157.048,20.358,106.960,100.100,56.600,1.343,-0.737,1.406,7.964,-18.736,-11.628,2.808,0.930,1.681,1.038,0,NULL,NULL,,0,0,0,7,255,0,250,0,0
baseline,20864,20864,0,215706.817,0.826,-0.350,-0.299,0.326,0,0,0,0,0,0,0,0,52,0.965,38,0,157.331,20.351,115.680,91.140,55.360,1.404,-0.757,1.396,7.944,-18.736,-12.894,2.910,0.844,1.681,1.038,0,NULL,NULL,,0,0,0,7,255,0,250,0,0
baseline,20864,20864,0,215711.819,0.824,-0.356,-0.300,0.324,0,0,0,0,0,0,0,0,52,0.965,38,0,156.097,20.546,119.900,83.260,55.300,1.459,-0.759,1.419,7.944,-18.948,-13.680,3.002,0.766,1.681,1.038,0,NULL,NULL,,0,0,0,7,255,0,250,0,0
baseline,20864,20864,0,215716.817,0.821,-0.362,-0.301,0.323,0,0,0,0,0,0,0,0,52,0.965,38,0,150.077,20.990,117.340,76.480,53.900,1.525,-0.722,1.458,8.308,-19.276,-14.168,3.110,0.668,1.681,1.038,0,NULL,NULL,,0,0,0,7,255,0,250,0,0
baseline,20864,20864,0,215721.816,0.819,-0.367,-0.301,0.321,0,0,0,0,0,0,0,0,52,0.965,38,0,137.831,21.514,105.380,72.160,51.820,1.587,-0.737,1.471,9.066,-19.510,-14.488,3.224,0.562,1.681,1.038,0,NULL,NULL,,0,0,0,7,255,0,250,0,0
baseline,20864,20864,0,215726.817,0.818,-0.372,-0.302,0.319,0,0,0,0,0,0,0,0,52,0.965,38,0,122.679,21.822,89.020,68.420,49.440,1.641,-0.832,1.438,9.066,-19.850,-15.110,3.368,0.434,1.681,1.038,0,NULL,NULL,,0,0,0,7,255,0,250,0,0
baseline,20864,20864,0,215731.816,0.816,-0.376,-0.303,0.318,0,0,0,0,0,0,0,0,52,0.965,38,0,110.640,22.163,75.640,63.840,49.440,1.670,-0.926,1.372,8.898,-20.298,-16.194,3.496,0.346,1.681,1.038,0,NULL,NULL,,0,0,0,7,255,0,250,0,0
baseline,20864,20864,0,215736.817,0.815,-0.380,-0.303,0.316,0,0,0,0,0,0,0,0,52,0.965,38,0,101.805,21.900,67.280,56.640,51.280,1.671,-0.955,1.311,8.222,-20.298,-17.298,3.604,0.308,1.681,1.038,0,NULL,NULL,,0,0,0,7,255,0,250,0,0
baseline,20864,20864,0,215741.817,0.814,-0.383,-0.303,0.314,0,0,0,0,0,0,0,0,52,0.965,38,0,95.573,21.553,62.840,47.180,54.400,1.638,-0.925,1.274,7.852,-20.072,-17.920,3.660,0.318,1.681,1.038,0,NULL,NULL,,0,0,0,7,255,0,250,0,0
baseline,20880,20880,0,215746.817,0.813,-0.387,-0.303,0.312,0,0,0,0,0,0,0,0,52,0.965,38,0,89.233,20.961,58.800,37.480,55.680,1.577,-0.888,1.297,7.768,-19.468,-17.920,3.676,0.336,1.681,1.038,0,NULL,NULL,,0,0,0,7,255,0,250,0,0
baseline,20880,20880,0,215751.816,0.812,-0.390,-0.303,0.311,0,0,0,0,0,0,0,0,52,0.965,38,0,76.265,20.702,46.840,27.840,53.360,1.503,-0.847,1.329,7.762,-19.192,-17.334,3.660,0.346,1.681,1.038,0,NULL,NULL,,0,0,0,7,255,0,250,0,0
baseline,20880,20880,0,215756.817,0.812,-0.392,-0.303,0.309,0,0,0,0,0,0,0,0,52,0.965,38,0,59.507,20.448,30.060,16.600,48.600,1.420,-0.830,1.361,7.718,-18.936,-16.562,3.634,0.358,1.681,1.038,0,NULL,NULL,,0,0,0,7,255,0,250,0,0
baseline,20880,20880,0,215761.816,0.811,-0.401,-0.296,0.306,0,0,0,0,0,0,0,0,52,0.965,38,0,267.189,20.352,214.200,-34.420,155.960,0.824,-1.312,2.795,7.460,-18.936,-15.786,3.620,0.386,1.681,1.038,0,NULL,NULL,,0,0,0,7,255,0,250,0,0
baseline,20896,20896,0,215766.817,0.809,-0.416,-0.282,0.304,0,0,0,0,0,0,0,0,52,0.965,38,0,479.697,31.553,396.020,-152.520,223.640,1.148,0.180,4.876,7.460,-30.658,-5.680,3.626,0.428,1.681,1.038,0,NULL,NULL,,0,0,0,7,255,0,250,0,0
baseline,20896,20896,0,215771.817,0.814,-0.408,-0.280,0.305,0,0,0,25,0,0,0,0,52,0.965,38,0,214.676,40.706,-169.840,-131.040,-8.300,0.362,-0.756,4.735,9.858,-39.494,9.648,3.646,0.446,1.681,1.038,0,NULL,NULL,,0,0,0,7,255,0,250,0,0
baseline,20912,20912,0,215776.817,0.824,-0.387,-0.284,0.301,14,0,0,163,0,10,0,0,52,0.965,38,0,568.447,42.002,-557.400,-104.980,-37.640,0.655,0.383,2.492,14.298,-39.494,9.648,3.674,0.424,1.681,1.038,0,NULL,NULL,,0,0,0,7,255,0,250,0,0
baseline,20912,20912,0,215781.816,0.839,-0.357,-0.287,0.292,141,0,0,389,0,99,0,0,52,0.965,38,0,680.278,22.712,-655.360,-174.860,52.020,0.631,1.318,0.821,14.298,-17.646,1.628,3.688,0.388,1.681,1.038,0,NULL,NULL,,0,0,0,7,255,0,250,0,0
baseline,20912,20912,0,215786.817,0.853,-0.334,-0.286,0.282,367,0,0,611,0,157,0,0,52,0.965,38,0,666.988,14.336,-619.240,-199.880,146.500,0.524,1.500,-0.407,14.298,1.048,-4.568,3.688,0.356,1.681,1.038,0,NULL,NULL,,0,0,0,7,255,0,250,0,0
baseline,20912,20912,0,215791.817,0.861,-0.325,-0.279,0.272,633,0,0,869,0,245,0,0,52,0.965,38,0,380.968,14.678,-246.560,-183.580,225.040,0.029,0.367,-1.030,11.680,8.890,-11.372,3.678,0.344,1.681,1.038,0,NULL,NULL,,0,0,0,7,255,0,250,0,0
baseline,20928,20928,0,215796.817,0.864,-0.332,-0.272,0.263,870,0,0,1111,0,316,0,0,52,0.965,38,0,320.970,8.943,99.200,-97.340,289.320,-0.660,-1.226,-1.024,-0.972,8.890,-16.204,3.678,0.336,1.681,1.038,0,NULL,NULL,,0,0,0,7,255,0,250,0,0
baseline,20928,20928,0,215801.817,0.866,-0.335,-0.266,0.258,1159,0,0,1303,0,467,0,0,52,0.965,38,0,190.279,15.131,56.540,-87.220,159.380,-1.221,-1.503,0.635,-15.128,-0.314,-16.204,3.704,0.312,1.681,1.038,0,NULL,NULL,,0,0,0,7,255,0,250,0,0
baseline,20960,20960,0,215806.817,0.866,-0.339,-0.261,0.257,1371,0,0,1468,0,558,0,0,52,0.965,38,0,146.448,15.131,110.800,-70.360,64.960,-0.910,1.127,1.316,-15.128,-0.314,-3.996,3.760,0.268,1.681,1.038,0,NULL,NULL,,0,0,0,7,255,0,250,0,0
baseline,20960,20960,0,215811.816,0.868,-0.338,-0.259,0.257,1751,0,0,1875,0,629,0,5,52,0.965,38,0,61.164,4.877,-27.080,-54.740,3.360,-0.533,2.678,1.196,4.354,2.198,8.358,3.824,0.218,1.681,1.038,0,NULL,NULL,,0,0,0,7,255,0,250,0,0
baseline,20960,20960,0,215816.817,0.871,-0.335,-0.257,0.253,2093,0,0,2163,0,657,0,7,52,0.965,38,0,155.140,4.877,-93.720,-65.780,104.680,-1.767,0.551,1.681,4.354,2.198,11.052,3.894,0.170,1.681,1.038,0,NULL,NULL,,0,0,0,7,255,0,250,0,0
baseline,20960,20960,0,215821.816,0.875,-0.329,-0.251,0.251,2303,0,0,2407,0,693,0,35,52,0.965,38,0,209.410,4.507,-120.640,-163.500,50.660,-1.885,-0.890,1.774,-4.252,-1.496,11.052,3.944,0.140,1.681,1.038,0,NULL,NULL,,0,0,0,7,255,0,250,0,0
baseline,20960,20960,0,215826.817,0.879,-0.315,-0.251,0.254,2449,0,0,2551,0,733,0,53,52,0.965,38,0,335.173,14.657,-293.360,-120.720,-108.200,-1.668,-0.910,0.830,-13.160,-6.452,9.826,3.990,0.122,1.681,1.038,0,NULL,NULL,,0,0,0,7,255,0,250,0,0
baseline,20960,20960,0,215831.817,0.881,-0.304,-0.250,0.262,2563,0,0,2677,0,779,0,104,52,0.965,38,0,326.078,14.657,-195.720,-125.840,-228.440,-0.850,-0.295,0.187,-13.160,-6.452,2.136,4.024,0.110,1.681,1.038,0,NULL,NULL,,0,0,0,7,255,0,250,0,0
baseline,20976,20976,0,215836.817,0.880,-0.296,-0.248,0.275,2651,0,0,2790,0,823,0,201,52,0.965,38,0,346.147,8.305,-80.180,-135.060,-308.460,-0.061,-0.215,0.545,-7.068,-4.360,-4.990,4.058,0.100,1.681,1.038,0,NULL,NULL,,0,0,0,7,255,0,250,0,0
baseline,20976,20976,0,215841.817,0.879,-0.290,-0.247,0.288,2717,0,0,2866,0,873,0,295,52,0.965,38,0,318.507,4.367,-26.960,-96.240,-302.420,0.902,-0.472,1.050,0.250,-4.360,-6.524,4.088,0.092,1.681,1.038,0,NULL,NULL,,0,0,0,7,255,0,250,0,0
baseline,20976,20976,0,215846.817,0.877,-0.287,-0.247,0.297,2781,0,0,2935,0,996,0,511,52,0.965,38,0,221.085,14.349,-3.260,-44.480,-216.540,1.645,-0.897,1.380,7.014,-12.518,-8.920,4.122,0.082,1.681,1.038,0,NULL,NULL,,0,0,0,7,255,0,250,0,0
baseline,20976,20976,0,215851.816,0.875,-0.287,-0.248,0.302,2851,0,0,2988,11,1067,0,631,52,0.965,38,0,122.869,22.825,35.740,-5.660,-117.420,1.901,-0.753,1.777,10.396,-20.320,-9.958,4.156,0.072,1.681,1.038,0,NULL,NULL,,0,0,0,7,255,0,250,0,0
baseline,20976,20976,0,215856.817,0.875,-0.287,-0.248,0.302,2904,0,0,3043,158,1143,0,827,52,0.965,38,0,22.229,22.825,-19.740,8.740,-5.300,1.006,-0.663,1.443,10.396,-20.320,-9.958,4.192,0.062,1.681,1.038,1,1264.000,1264.000,,0,0,0,7,255,0,250,0,0
baseline,20976,20976,0,215861.817,0.877,-0.285,-0.247,0.297,2939,0,19,3087,312,1263,0,986,52,0.965,38,0,123.811,18.204,-71.080,-28.860,97.180,0.185,0.216,1.157,7.468,-16.602,-7.052,4.218,0.052,1.681,1.038,1,NULL,NULL,,0,0,0,7,255,0,250,0,0
baseline,20992,20992,0,215866.817,0.879,-0.282,-0.246,0.295,2963,0,50,3097,399,1339,0,1080,52,0.965,38,0,104.435,8.466,-80.720,-44.980,48.660,-0.473,0.576,1.016,6.444,-5.490,-2.066,4.248,0.042,1.681,1.038,1,NULL,NULL,,0,0,0,7,255,0,250,0,0
baseline,20992,20992,0,215871.816,0.880,-0.278,-0.246,0.295,2983,0,146,3124,485,1448,0,1160,52,0.965,38,0,77.483,3.872,-70.780,-23.740,-20.740,-0.757,0.206,1.086,3.628,-1.352,1.600,4.272,0.034,1.681,1.038,1,NULL,NULL,,0,0,0,7,255,0,250,0,0
baseline,21009,21009,0,215876.817,0.880,-0.275,-0.248,0.299,2999,0,229,3135,611,1469,0,1236,52,0.965,38,0,118.875,1.402,-58.380,11.600,-102.900,-0.427,-0.341,0.965,-0.372,-1.352,1.600,4.302,0.026,1.681,1.038,1,NULL,NULL,,0,0,0,7,255,0,250,0,0
baseline,21009,21009,0,215881.817,0.878,-0.272,-0.250,0.303,3006,0,316,3155,697,1499,0,1303,50,0.965,39,0,127.251,6.033,-27.680,-0.960,-124.200,0.071,-0.740,0.793,-1.358,-5.878,-1.358,4.328,0.020,1.681,1.038,1,NULL,NULL,,0,0,0,7,255,0,250,0,0
baseline,21023,21023,0,215886.817,0.878,-0.271,-0.250,0.306,3020,2,425,3161,831,1519,0,1343,50,0.965,39,0,59.266,9.702,-10.100,-8.480,-57.780,0.354,-0.549,0.804,-1.358,-9.606,-6.430,4.354,0.016,1.681,1.038,1,NULL,NULL,,0,0,0,7,255,0,250,0,0
baseline,21023,21023,0,215891.817,0.878,-0.271,-0.249,0.305,3054,29,519,3173,893,1567,0,1385,50,0.965,39,0,18.060,9.768,-4.000,-7.740,15.820,0.184,-0.082,0.864,1.774,-9.606,-6.430,4.378,0.012,1.681,1.038,1,NULL,NULL,,0,0,0,7,255,0,250,0,0
baseline,21023,21023,0,215896.817,0.879,-0.271,-0.249,0.304,3045,61,619,3180,932,1625,0,1435,50,0.965,39,0,31.921,6.857,0.700,-4.320,31.620,-0.185,0.226,0.989,3.534,-5.876,-4.942,4.404,0.010,1.681,1.038,1,NULL,NULL,,0,0,0,7,255,0,250,0,0
baseline,21023,21023,0,215901.816,0.879,-0.271,-0.249,0.304,3053,92,723,3187,988,1653,0,1471,50,0.965,39,0,2.879,4.828,-1.920,-0.600,-2.060,-0.318,0.148,1.073,3.534,-3.290,-1.154,4.428,0.008,1.681,1.038,1,NULL,NULL,,0,0,0,7,255,0,250,0,0
baseline,21056,21056,0,215906.817,0.878,-0.271,-0.249,0.305,3064,128,765,3196,1031,1682,0,1525,50,0.965,39,0,28.525,4.075,-12.920,2.380,-25.320,-0.157,-0.177,1.008,2.404,-3.290,-1.154,4.456,0.004,1.681,1.038,1,NULL,NULL,,0,0,0,7,255,0,250,0,0
baseline,21056,21056,0,215911.817,0.879,-0.270,-0.250,0.305,3081,144,813,3205,1059,1705,0,1573,50,0.965,39,0,21.703,6.069,-17.860,0.500,-12.320,-0.012,-0.325,0.903,1.280,-5.932,-2.122,4.480,0.002,1.681,1.038,1,NULL,NULL,,0,0,0,7,255,0,250,0,0
baseline,21056,21056,0,215916.817,0.879,-0.270,-0.250,0.305,3095,163,857,3207,1093,1737,0,1622,50,0.965,39,0,11.857,6.069,-7.600,0.120,9.100,-0.049,-0.171,0.851,1.280,-5.932,-3.914,4.506,0.002,1.681,1.038,1,NULL,NULL,,0,0,0,7,255,0,250,0,0
baseline,21056,21056,0,215921.816,0.879,-0.270,-0.250,0.304,3099,181,903,3217,1125,1773,0,1660,50,0.965,39,0,16.715,5.699,6.920,0.680,15.200,-0.151,0.045,0.925,1.566,-5.480,-3.914,4.528,0.002,1.681,1.038,1,NULL,NULL,,0,0,0,7,255,0,250,0,0
baseline,21056,21056,0,215926.817,0.879,-0.271,-0.250,0.304,3109,190,921,3223,1163,1800,0,1703,50,0.965,39,0,13.955,4.614,12.180,1.900,6.540,-0.185,0.127,1.036,2.452,-3.908,-2.252,4.554,0.002,1.681,1.038,1,NULL,NULL,,0,0,0,7,255,0,250,0,0
baseline,21056,21056,0,215931.816,0.879,-0.271,-0.250,0.304,3123,202,954,3237,1199,1824,0,1735,50,0.965,39,0,5.980,4.976,4.600,3.360,-1.820,-0.143,0.088,1.104,3.080,-3.908,-1.028,4.576,0.002,1.681,1.038,1,NULL,NULL,,0,0,0,7,255,0,250,0,0
baseline,21072,21072,0,215936.817,0.879,-0.271,-0.250,0.304,3123,213,972,3242,1230,1837,0,1753,50,0.965,39,0,8.592,5.591,-6.020,6.120,-0.360,-0.091,0.024,1.066,3.186,-4.594,-1.028,4.602,0.004,1.681,1.038,1,NULL,NULL,,0,0,0,7,255,0,250,0,0
baseline,21072,21072,0,215941.816,0.879,-0.270,-0.250,0.303,3128,220,989,3240,1254,1847,0,1775,50,0.965,39,0,13.063,5.645,-9.120,6.180,7.020,-0.114,0.013,0.993,3.186,-4.660,-1.588,4.624,0.004,1.681,1.038,1,NULL,NULL,,0,0,0,7,255,0,250,0,0
baseline,21072,21072,0,215946.817,0.879,-0.270,-0.250,0.303,3144,235,1001,3243,1262,1867,0,1784,50,0.965,39,0,10.536,5.404,-3.760,6.420,7.460,-0.162,0.046,0.976,2.736,-4.660,-1.816,4.650,0.006,1.681,1.038,1,NULL,NULL,,0,0,0,7,255,0,250,0,0
baseline,21072,21072,0,215951.816,0.879,-0.271,-0.251,0.303,3155,255,1017,3253,1276,1883,0,1791,50,0.965,39,0,8.682,4.869,3.740,7.520,2.200,-0.179,0.057,0.981,2.562,-4.140,-1.816,4.672,0.008,1.681,1.038,1,NULL,NULL,,0,0,0,7,255,0,250,0,0
baseline,21087,21087,0,215956.817,0.878,-0.271,-0.251,0.303,3161,267,1036,3257,1285,1892,0,1805,50,0.965,39,0,9.229,4.869,5.040,7.400,-2.240,-0.157,0.037,1.013,2.562,-4.140,-1.652,4.698,0.008,1.681,1.038,1,NULL,NULL,,0,0,0,7,255,0,250,0,0
baseline,21087,21087,0,215961.816,0.878,-0.271,-0.251,0.303,3165,291,1043,3261,1293,1903,0,1813,50,0.965,39,0,8.090,5.167,2.960,7.520,-0.360,-0.134,0.016,1.012,2.662,-4.428,-1.652,4.720,0.010,1.681,1.038,1,NULL,NULL,,0,0,0,7,255,0,250,0,0
baseline,21104,21104,0,215966.817,0.878,-0.271,-0.251,0.303,3173,310,1053,3269,1303,1915,0,1817,50,0.965,39,0,8.633,5.384,1.740,7.760,3.360,-0.140,0.008,1.007,2.662,-4.680,-1.784,4.744,0.010,1.681,1.038,1,NULL,NULL,,0,0,0,7,255,0,250,0,0
baseline,21104,21104,0,215971.817,0.878,-0.272,-0.252,0.303,3177,319,1061,3271,1307,1931,0,1821,50,0.965,39,0,9.952,5.346,2.160,7.640,6.000,-0.160,0.003,0.993,2.584,-4.680,-1.810,4.768,0.012,1.681,1.038,1,NULL,NULL,,0,0,0,7,255,0,250,0,0
baseline,21104,21104,0,215976.817,0.878,-0.272,-0.252,0.302,3181,331,1062,3275,1311,1943,0,1823,50,0.965,39,0,10.236,5.157,3.820,7.520,5.800,-0.172,-0.005,0.982,2.378,-4.576,-1.818,4.792,0.012,1.681,1.038,1,NULL,NULL,,0,0,0,7,255,0,250,0,0
baseline,21104,21104,0,215981.817,0.878,-0.272,-0.252,0.302,3190,355,1059,3274,1319,1951,0,1823,50,0.965,39,0,10.340,5.081,6.680,6.780,4.040,-0.166,-0.021,0.983,2.208,-4.576,-1.852,4.814,0.012,1.681,1.038,1,NULL,NULL,,0,0,0,7,255,0,250,0,0
