condition_phase,condition_phase_elapsed_ms,condition_elapsed_ms,is_stimulation_on,t_ms,device_t_ms,L_q0,L_q1,L_q2,L_q3,L_heel1,L_mid1,L_fore1,L_heel2,L_fore3,L_mid2,L_fore4,L_fore2,L_cadence,L_speed,L_speedValid,L_speedInvalidReason,L_steps,L_zupt,L_gyroNorm,L_accH,L_gyro_x,L_gyro_y,L_gyro_z,L_acc_x,L_acc_y,L_acc_z,L_nav_ax,L_nav_ay,L_nav_az,L_prevStrideVelRaw,L_prevStrideVelZUPT,L_prevStrideDispRaw,L_prevStrideDispZUPT,L_gaitPhase,L_stepTimeMs,L_stepDeviationMs,L_baselineMs,L_motorMode,L_motorActive,L_motorAlignment,L_motorRegionMask,L_motorAmplitude,L_motorIntervalMs,L_motorDurationMs,L_motorPhaseMs,L_motorCycleMs
baseline,57,57,0,57,74163.283,0.976,-0.001,0.006,-0.216,0,0,0,0,0,0,0,0,0,0.000,0,WARMING_UP,0,0,0.419,0.004,-0.250,-0.125,0.313,0.004,-0.012,1.004,0.000,-0.004,-0.016,0.000,0.000,0.000,0.000,0,NULL,NULL,1094.000,0,0,0,7,255,0,250,0,0
baseline,61,61,0,61,74168.282,0.976,-0.001,0.006,-0.216,0,0,0,0,0,0,0,0,0,0.000,0,WARMING_UP,0,0,0.385,0.012,-0.188,-0.125,0.313,0.004,-0.012,1.004,0.004,-0.012,0.008,0.000,0.000,0.000,0.000,0,NULL,NULL,,0,0,0,7,255,0,250,0,0
baseline,67,67,0,67,74173.283,0.976,-0.001,0.006,-0.216,0,0,0,0,0,0,0,0,0,0.000,0,WARMING_UP,0,0,0.438,0.012,-0.188,-0.125,0.375,0.004,-0.012,1.000,0.004,-0.012,0.008,0.000,0.000,0.000,0.000,0,NULL,NULL,,0,0,0,7,255,0,250,0,0
baseline,71,71,0,71,74178.282,0.976,-0.001,0.006,-0.216,0,0,0,0,0,0,0,0,0,0.000,0,WARMING_UP,0,0,0.359,0.006,-0.125,-0.125,0.313,0.004,-0.008,1.000,0.004,-0.004,-0.004,0.000,0.000,0.000,0.000,0,NULL,NULL,,0,0,0,7,255,0,250,0,0
baseline,77,77,0,77,74183.285,0.976,-0.001,0.006,-0.216,0,0,0,0,0,0,0,0,0,0.000,0,WARMING_UP,0,0,0.410,0.008,-0.188,-0.188,0.313,0.004,-0.008,1.004,0.000,0.008,-0.004,0.000,0.000,0.000,0.000,0,NULL,NULL,,0,0,0,7,255,0,250,0,0
baseline,81,81,0,81,74188.282,0.976,-0.001,0.006,-0.216,0,0,0,0,0,0,0,0,0,0.000,0,WARMING_UP,0,0,0.480,0.008,-0.313,-0.188,0.313,0.004,-0.008,1.004,0.000,0.008,0.004,0.000,0.000,0.000,0.000,0,NULL,NULL,,0,0,0,7,255,0,250,0,0
baseline,87,87,0,87,74193.283,0.976,-0.001,0.006,-0.216,0,0,0,0,0,0,0,0,0,0.000,0,WARMING_UP,0,0,0.438,0.004,-0.188,-0.125,0.375,0.004,-0.012,1.000,0.004,0.000,0.004,0.000,0.000,0.000,0.000,0,NULL,NULL,,0,0,0,7,255,0,250,0,0
baseline,91,91,0,91,74198.282,0.976,-0.001,0.006,-0.216,0,0,0,0,0,0,0,0,0,0.000,0,WARMING_UP,0,0,0.400,0.006,-0.125,-0.063,0.375,0.004,-0.012,1.000,0.004,-0.004,-0.004,0.000,0.000,0.000,0.000,0,NULL,NULL,,0,0,0,7,255,0,250,0,0
baseline,97,97,0,97,74203.283,0.976,-0.001,0.006,-0.216,0,0,0,0,0,0,0,0,0,0.000,0,WARMING_UP,0,0,0.424,0.004,-0.188,-0.063,0.375,0.004,-0.008,1.000,0.000,-0.004,-0.004,0.000,0.000,0.000,0.000,0,NULL,NULL,,0,0,0,7,255,0,250,0,0
baseline,101,101,0,101,74208.282,0.976,-0.001,0.006,-0.216,0,0,0,0,0,0,0,0,0,0.000,0,WARMING_UP,0,0,0.419,0.009,-0.250,-0.125,0.313,0.004,-0.008,1.004,-0.008,0.004,-0.004,0.000,0.000,0.000,0.000,0,NULL,NULL,,0,0,0,7,255,0,250,0,0
baseline,107,107,0,107,74213.283,0.976,-0.001,0.006,-0.217,0,0,0,0,0,0,0,0,0,0.000,0,WARMING_UP,0,0,0.504,0.009,-0.313,-0.125,0.375,0.004,-0.008,1.004,-0.008,0.004,0.004,0.000,0.000,0.000,0.000,0,NULL,NULL,,0,0,0,7,255,0,250,0,0
baseline,112,112,0,112,74218.283,0.976,-0.001,0.006,-0.217,0,0,0,0,0,0,0,0,0,0.000,0,WARMING_UP,0,0,0.459,0.006,-0.188,-0.188,0.375,0.004,-0.012,1.000,-0.004,0.004,0.004,0.000,0.000,0.000,0.000,0,NULL,NULL,,0,0,0,7,255,0,250,0,0
baseline,117,117,0,117,74223.283,0.976,-0.001,0.006,-0.217,0,0,0,0,0,0,0,0,0,0.000,0,WARMING_UP,0,0,0.415,0.004,-0.125,-0.125,0.375,0.004,-0.008,1.000,0.000,0.004,-0.004,0.000,0.000,0.000,0.000,0,NULL,NULL,,0,0,0,7,255,0,250,0,0
baseline,121,121,0,121,74228.282,0.976,-0.001,0.006,-0.217,0,0,0,0,0,0,0,0,0,0.000,0,WARMING_UP,0,0,0.410,0.004,-0.188,-0.188,0.313,0.004,-0.008,1.000,0.004,0.000,-0.004,0.000,0.000,0.000,0.000,0,NULL,NULL,,0,0,0,7,255,0,250,0,0
baseline,127,127,0,127,74233.286,0.976,-0.001,0.006,-0.217,0,0,0,0,0,0,0,0,0,0.000,0,WARMING_UP,0,0,0.455,0.000,-0.250,-0.063,0.375,0.004,-0.008,1.004,0.000,0.000,0.000,0.000,0.000,0.000,0.000,0,NULL,NULL,,0,0,0,7,255,0,250,0,0
baseline,131,131,0,131,74238.282,0.976,-0.001,0.006,-0.217,0,0,0,0,0,0,0,0,0,0.000,0,WARMING_UP,0,0,0.438,0.008,-0.188,-0.125,0.375,0.004,-0.012,1.000,0.000,-0.008,0.000,0.000,0.000,0.000,0.000,0,NULL,NULL,,0,0,0,7,255,0,250,0,0
baseline,137,137,0,137,74243.283,0.976,-0.001,0.006,-0.217,0,0,0,0,0,0,0,0,0,0.000,0,WARMING_UP,0,0,0.370,0.008,-0.063,-0.188,0.313,0.004,-0.012,1.000,0.000,-0.008,0.000,0.000,0.000,0.000,0.000,0,NULL,NULL,,0,0,0,7,255,0,250,0,0
baseline,141,141,0,141,74248.282,0.976,-0.001,0.006,-0.217,0,0,0,0,0,0,0,0,0,0.000,0,WARMING_UP,0,0,0.438,0.008,-0.125,-0.188,0.375,0.004,-0.008,1.000,0.000,-0.008,-0.004,0.000,0.000,0.000,0.000,0,NULL,NULL,,0,0,0,7,255,0,250,0,0
baseline,147,147,0,147,74253.283,0.976,-0.001,0.006,-0.217,0,0,0,0,0,0,0,0,0,0.000,0,WARMING_UP,0,0,0.492,0.004,-0.313,-0.063,0.375,0.004,-0.008,1.004,0.000,0.004,-0.004,0.000,0.000,0.000,0.000,0,NULL,NULL,,0,0,0,7,255,0,250,0,0
baseline,152,152,0,152,74258.283,0.976,-0.001,0.006,-0.217,0,0,0,0,0,0,0,0,0,0.000,0,WARMING_UP,0,0,0.504,0.004,-0.313,-0.125,0.375,0.004,-0.012,1.004,0.000,0.004,0.004,0.000,0.000,0.000,0.000,0,NULL,NULL,,0,0,0,7,255,0,250,0,0
baseline,156,156,0,156,74263.282,0.976,-0.001,0.006,-0.217,0,0,0,0,0,0,0,0,0,0.000,0,WARMING_UP,0,0,0.342,0.011,-0.063,-0.125,0.313,0.004,-0.012,1.004,0.008,-0.008,0.004,0.000,0.000,0.000,0.000,0,NULL,NULL,,0,0,0,7,255,0,250,0,0
baseline,162,162,0,162,74268.283,0.976,-0.001,0.006,-0.217,0,0,0,0,0,0,0,0,0,0.000,0,WARMING_UP,0,0,0.400,0.011,-0.063,-0.125,0.375,0.004,-0.008,1.000,0.008,-0.008,0.004,0.000,0.000,0.000,0.000,0,NULL,NULL,,0,0,0,7,255,0,250,0,0
baseline,167,167,0,167,74273.283,0.976,-0.001,0.006,-0.217,0,0,0,0,0,0,0,0,0,0.000,0,WARMING_UP,0,0,0.442,0.014,-0.250,-0.188,0.313,0.004,-0.008,1.000,0.008,0.012,-0.004,0.000,0.000,0.000,0.000,0,NULL,NULL,,0,0,0,7,255,0,250,0,0
baseline,171,171,0,171,74278.282,0.976,-0.001,0.006,-0.217,0,0,0,0,0,0,0,0,0,0.000,0,WARMING_UP,0,0,0.504,0.012,-0.313,-0.125,0.375,0.004,-0.008,1.004,0.004,0.012,-0.004,0.000,0.000,0.000,0.000,0,NULL,NULL,,0,0,0,7,255,0,250,0,0
baseline,177,177,0,177,74283.285,0.976,-0.001,0.006,-0.217,0,0,0,0,0,0,0,0,0,0.000,0,WARMING_UP,0,0,0.438,0.009,-0.188,-0.125,0.375,0.004,-0.012,1.004,0.008,-0.004,0.004,0.000,0.000,0.000,0.000,0,NULL,NULL,,0,0,0,7,255,0,250,0,0
baseline,181,181,0,181,74288.282,0.976,-0.001,0.006,-0.217,0,0,0,0,0,0,0,0,0,0.000,0,WARMING_UP,0,0,0.342,0.004,-0.063,-0.125,0.313,0.004,-0.008,1.000,0.000,-0.004,0.004,0.000,0.000,0.000,0.000,0,NULL,NULL,,0,0,0,7,255,0,250,0,0
baseline,187,187,0,187,74293.283,0.976,-0.001,0.006,-0.217,0,0,0,0,0,0,0,0,0,0.000,0,WARMING_UP,0,0,0.438,0.004,-0.188,-0.125,0.375,0.004,-0.008,1.000,0.000,0.004,-0.012,0.000,0.000,0.000,0.000,0,NULL,NULL,,0,0,0,7,255,0,250,0,0
baseline,191,191,0,191,74298.282,0.976,-0.001,0.006,-0.217,0,0,0,0,0,0,0,0,0,0.000,0,WARMING_UP,0,0,0.504,0.004,-0.375,-0.125,0.313,0.004,-0.008,1.004,0.000,0.004,-0.012,0.000,0.000,0.000,0.000,0,NULL,NULL,,0,0,0,7,255,0,250,0,0
baseline,197,197,0,197,74303.283,0.976,-0.001,0.006,-0.217,0,0,0,0,0,0,0,0,0,0.000,0,WARMING_UP,0,0,0.459,0.004,-0.313,-0.125,0.313,0.004,-0.012,1.004,0.000,0.004,0.004,0.000,0.000,0.000,0.000,0,NULL,NULL,,0,0,0,7,255,0,250,0,0
baseline,201,201,0,201,74308.282,0.976,-0.001,0.006,-0.217,0,0,0,0,0,0,0,0,0,0.000,0,WARMING_UP,0,0,0.359,0.012,-0.125,-0.125,0.313,0.004,-0.012,1.000,0.000,-0.012,0.004,0.000,0.000,0.000,0.000,0,NULL,NULL,,0,0,0,7,255,0,250,0,0
baseline,207,207,0,207,74313.283,0.976,-0.001,0.006,-0.217,0,0,0,0,0,0,0,0,0,0.000,0,WARMING_UP,0,0,0.359,0.012,-0.125,-0.125,0.313,0.004,-0.008,1.000,-0.004,-0.012,0.000,0.000,0.000,0.000,0.000,0,NULL,NULL,,0,0,0,7,255,0,250,0,0
baseline,212,212,0,212,74318.283,0.976,-0.001,0.006,-0.217,0,0,0,0,0,0,0,0,0,0.000,0,WARMING_UP,0,0,0.468,0.009,-0.250,-0.125,0.375,0.004,-0.008,1.000,-0.004,0.008,0.000,0.000,0.000,0.000,0.000,0,NULL,NULL,,0,0,0,7,255,0,250,0,0
baseline,217,217,0,217,74323.283,0.976,-0.001,0.006,-0.217,0,0,0,0,0,0,0,0,0,0.000,0,WARMING_UP,0,0,0.492,0.009,-0.313,-0.063,0.375,0.004,-0.012,1.004,-0.004,0.008,0.000,0.000,0.000,0.000,0.000,0,NULL,NULL,,0,0,0,7,255,0,250,0,0
baseline,221,221,0,221,74328.282,0.976,-0.001,0.006,-0.217,0,0,0,0,0,0,0,0,0,0.000,0,WARMING_UP,0,0,0.492,0.006,-0.188,-0.125,0.438,0.004,-0.012,1.000,0.004,-0.004,0.000,0.000,0.000,0.000,0.000,0,NULL,NULL,,0,0,0,7,255,0,250,0,0
baseline,227,227,0,227,74333.286,0.976,-0.001,0.006,-0.217,0,0,0,0,0,0,0,0,0,0.000,0,WARMING_UP,0,0,0.342,0.006,-0.063,-0.125,0.313,0.004,-0.008,1.000,-0.004,-0.004,0.000,0.000,0.000,0.000,0.000,0,NULL,NULL,,0,0,0,7,255,0,250,0,0
baseline,232,232,0,232,74338.283,0.976,-0.001,0.006,-0.217,0,0,0,0,0,0,0,0,0,0.000,0,WARMING_UP,0,0,0.438,0.012,-0.188,-0.125,0.375,0.004,-0.008,1.000,0.004,0.012,0.000,0.000,0.000,0.000,0.000,0,NULL,NULL,,0,0,0,7,255,0,250,0,0
baseline,237,237,0,237,74343.283,0.976,-0.001,0.006,-0.217,0,0,0,0,0,0,0,0,0,0.000,0,WARMING_UP,0,0,0.459,0.012,-0.313,-0.125,0.313,0.004,-0.008,1.004,-0.004,0.012,0.000,0.000,0.000,0.000,0.000,0,NULL,NULL,,0,0,0,7,255,0,250,0,0
baseline,241,241,0,241,74348.282,0.976,-0.001,0.006,-0.217,0,0,0,0,0,0,0,0,0,0.000,0,WARMING_UP,0,0,0.385,0.009,-0.188,-0.125,0.313,0.004,-0.012,1.004,0.004,0.008,0.008,0.000,0.000,0.000,0.000,0,NULL,NULL,,0,0,0,7,255,0,250,0,0
baseline,247,247,0,247,74353.283,0.976,-0.001,0.006,-0.217,0,0,0,0,0,0,0,0,0,0.000,0,WARMING_UP,0,0,0.415,0.009,-0.125,-0.125,0.375,0.004,-0.012,1.000,0.004,-0.008,0.008,0.000,0.000,0.000,0.000,0,NULL,NULL,,0,0,0,7,255,0,250,0,0
baseline,251,251,0,251,74358.282,0.976,-0.001,0.006,-0.217,0,0,0,0,0,0,0,0,0,0.000,0,WARMING_UP,0,0,0.424,0.009,-0.063,-0.188,0.375,0.004,-0.008,1.000,0.004,-0.008,-0.004,0.000,0.000,0.000,0.000,0,NULL,NULL,,0,0,0,7,255,0,250,0,0
baseline,257,257,0,257,74363.283,0.976,-0.001,0.006,-0.217,0,0,0,0,0,0,0,0,0,0.000,0,WARMING_UP,0,0,0.468,0.004,-0.250,-0.125,0.375,0.004,-0.008,1.004,0.000,0.004,-0.004,0.000,0.000,0.000,0.000,0,NULL,NULL,,0,0,0,7,255,0,250,0,0
baseline,262,262,0,262,74368.283,0.976,-0.001,0.006,-0.217,0,0,0,0,0,0,0,0,0,0.000,0,WARMING_UP,0,0,0.438,0.011,-0.188,-0.125,0.375,0.004,-0.008,1.004,-0.008,0.008,0.004,0.000,0.000,0.000,0.000,0,NULL,NULL,,0,0,0,7,255,0,250,0,0
baseline,267,267,0,267,74373.283,0.976,-0.001,0.006,-0.217,0,0,0,0,0,0,0,0,0,0.000,0,WARMING_UP,0,0,0.385,0.011,-0.125,-0.188,0.313,0.004,-0.012,1.004,-0.008,0.008,0.004,0.000,0.000,0.000,0.000,0,NULL,NULL,,0,0,0,7,255,0,250,0,0
baseline,271,271,0,271,74378.282,0.976,-0.001,0.006,-0.217,0,0,0,0,0,0,0,0,0,0.000,0,WARMING_UP,0,0,0.424,0.008,-0.188,-0.063,0.375,0.004,-0.012,1.000,0.000,-0.008,0.004,0.000,0.000,0.000,0.000,0,NULL,NULL,,0,0,0,7,255,0,250,0,0
baseline,277,277,0,277,74383.285,0.976,-0.001,0.006,-0.217,0,0,0,0,0,0,0,0,0,0.000,0,WARMING_UP,0,0,0.415,0.009,-0.125,-0.125,0.375,0.004,-0.008,1.000,0.004,-0.008,0.000,0.000,0.000,0.000,0.000,0,NULL,NULL,,0,0,0,7,255,0,250,0,0
baseline,281,281,0,281,74388.282,0.976,-0.001,0.006,-0.217,0,0,0,0,0,0,0,0,0,0.000,0,WARMING_UP,0,0,0.424,0.004,-0.188,-0.063,0.375,0.004,-0.008,1.004,0.000,-0.004,0.000,0.000,0.000,0.000,0.000,0,NULL,NULL,,0,0,0,7,255,0,250,0,0
baseline,287,287,0,287,74393.283,0.976,-0.001,0.006,-0.217,0,0,0,0,0,0,0,0,0,0.000,0,WARMING_UP,0,0,0.492,0.006,-0.188,-0.125,0.438,0.004,-0.012,1.004,0.004,-0.004,0.004,0.000,0.000,0.000,0.000,0,NULL,NULL,,0,0,0,7,255,0,250,0,0
baseline,291,291,0,291,74398.282,0.976,-0.001,0.006,-0.217,0,0,0,0,0,0,0,0,0,0.000,0,WARMING_UP,0,0,0.415,0.004,-0.125,-0.125,0.375,0.004,-0.008,1.004,0.000,-0.004,0.008,0.000,0.000,0.000,0.000,0,NULL,NULL,,0,0,0,7,255,0,250,0,0
baseline,297,297,0,297,74403.283,0.976,-0.001,0.006,-0.217,0,0,0,0,0,0,0,0,0,0.000,0,WARMING_UP,0,0,0.385,0.006,-0.188,-0.125,0.313,0.004,-0.008,1.000,0.004,0.004,0.004,0.000,0.000,0.000,0.000,0,NULL,NULL,,0,0,0,7,255,0,250,0,0
baseline,302,302,0,302,74408.283,0.976,-0.001,0.006,-0.217,0,0,0,0,0,0,0,0,0,0.000,0,WARMING_UP,0,0,0.359,0.008,-0.125,-0.125,0.313,0.004,-0.008,1.000,0.000,0.008,-0.012,0.000,0.000,0.000,0.000,0,NULL,NULL,,0,0,0,7,255,0,250,0,0
baseline,307,307,0,307,74413.283,0.976,-0.001,0.006,-0.217,0,0,0,0,0,0,0,0,0,0.000,0,WARMING_UP,0,0,0.419,0.008,-0.250,-0.125,0.313,0.004,-0.008,1.004,0.000,0.008,-0.012,0.000,0.000,0.000,0.000,0,NULL,NULL,,0,0,0,7,255,0,250,0,0
baseline,312,312,0,312,74418.283,0.976,-0.001,0.006,-0.217,0,0,0,0,0,0,0,0,0,0.000,0,WARMING_UP,0,0,0.455,0.000,-0.250,-0.063,0.375,0.004,-0.008,1.004,0.000,0.000,0.004,0.000,0.000,0.000,0.000,0,NULL,NULL,,0,0,0,7,255,0,250,0,0
baseline,317,317,0,317,74423.283,0.976,-0.001,0.006,-0.217,0,0,0,0,0,0,0,0,0,0.000,0,WARMING_UP,0,0,0.438,0.006,-0.188,-0.125,0.375,0.004,-0.008,1.000,-0.004,-0.004,0.004,0.000,0.000,0.000,0.000,0,NULL,NULL,,0,0,0,7,255,0,250,0,0
baseline,322,322,0,322,74428.283,0.976,-0.001,0.006,-0.217,0,0,0,0,0,0,0,0,0,0.000,0,WARMING_UP,0,0,0.359,0.004,-0.125,-0.125,0.313,0.004,-0.008,1.000,-0.004,0.000,-0.004,0.000,0.000,0.000,0.000,0,NULL,NULL,,0,0,0,7,255,0,250,0,0
baseline,327,327,0,327,74433.286,0.976,-0.001,0.006,-0.217,0,0,0,0,0,0,0,0,0,0.000,0,WARMING_UP,0,0,0.438,0.009,-0.188,-0.125,0.375,0.004,-0.008,1.004,-0.004,0.008,-0.004,0.000,0.000,0.000,0.000,0,NULL,NULL,,0,0,0,7,255,0,250,0,0
baseline,332,332,0,332,74438.283,0.976,-0.001,0.006,-0.217,0,0,0,0,0,0,0,0,0,0.000,0,WARMING_UP,0,0,0.419,0.009,-0.250,-0.125,0.313,0.004,-0.008,1.004,-0.004,0.008,0.008,0.000,0.000,0.000,0.000,0,NULL,NULL,,0,0,0,7,255,0,250,0,0
baseline,337,337,0,337,74443.283,0.976,-0.001,0.006,-0.217,0,0,0,0,0,0,0,0,0,0.000,0,WARMING_UP,0,0,0.488,0.004,-0.250,-0.188,0.375,0.004,-0.008,1.000,-0.004,0.000,0.008,0.000,0.000,0.000,0.000,0,NULL,NULL,,0,0,0,7,255,0,250,0,0
baseline,341,341,0,341,74448.282,0.976,-0.001,0.006,-0.217,0,0,0,0,0,0,0,0,0,0.000,0,WARMING_UP,0,0,0.342,0.006,-0.063,-0.125,0.313,0.004,-0.012,1.000,-0.004,-0.004,-0.004,0.000,0.000,0.000,0.000,0,NULL,NULL,,0,0,0,7,255,0,250,0,0
baseline,347,347,0,347,74453.283,0.976,-0.001,0.006,-0.217,0,0,0,0,0,0,0,0,0,0.000,0,WARMING_UP,0,0,0.359,0.008,-0.125,-0.125,0.313,0.004,-0.012,1.000,0.000,-0.008,-0.012,0.000,0.000,0.000,0.000,0,NULL,NULL,,0,0,0,7,255,0,250,0,0
baseline,352,352,0,352,74458.283,0.976,-0.001,0.006,-0.217,0,0,0,0,0,0,0,0,0,0.000,0,WARMING_UP,0,0,0.488,0.008,-0.250,-0.188,0.375,0.004,-0.008,1.004,0.000,-0.008,-0.012,0.000,0.000,0.000,0.000,0,NULL,NULL,,0,0,0,7,255,0,250,0,0
baseline,357,357,0,357,74463.283,0.976,-0.001,0.006,-0.217,0,0,0,0,0,0,0,0,0,0.000,0,WARMING_UP,0,0,0.468,0.008,-0.250,-0.125,0.375,0.004,-0.012,1.004,0.000,-0.008,0.012,0.000,0.000,0.000,0.000,0,NULL,NULL,,0,0,0,7,255,0,250,0,0
baseline,361,361,0,361,74468.282,0.976,-0.001,0.006,-0.217,0,0,0,0,0,0,0,0,0,0.000,0,WARMING_UP,0,0,0.415,0.012,-0.125,-0.125,0.375,0.004,-0.012,1.000,0.004,-0.012,0.012,0.000,0.000,0.000,0.000,0,NULL,NULL,,0,0,0,7,255,0,250,0,0
baseline,367,367,0,367,74473.283,0.976,-0.001,0.006,-0.217,0,0,0,0,0,0,0,0,0,0.000,0,WARMING_UP,0,0,0.400,0.012,-0.063,-0.125,0.375,0.004,-0.008,1.000,0.004,-0.012,-0.004,0.000,0.000,0.000,0.000,0,NULL,NULL,,0,0,0,7,255,0,250,0,0
baseline,371,371,0,371,74478.282,0.976,-0.001,0.006,-0.217,0,0,0,0,0,0,0,0,0,0.000,0,WARMING_UP,0,0,0.438,0.004,-0.188,-0.125,0.375,0.004,-0.008,1.000,0.000,0.004,-0.012,0.000,0.000,0.000,0.000,0,NULL,NULL,,0,0,0,7,255,0,250,0,0
baseline,377,377,0,377,74483.285,0.976,-0.001,0.006,-0.217,0,0,0,0,0,0,0,0,0,0.000,0,WARMING_UP,0,0,0.530,0.006,-0.375,0.000,0.375,0.004,-0.012,1.004,-0.004,0.004,-0.012,0.000,0.000,0.000,0.000,0,NULL,NULL,,0,0,0,7,255,0,250,0,0
baseline,381,381,0,381,74488.282,0.976,-0.001,0.006,-0.217,0,0,0,0,0,0,0,0,0,0.000,0,WARMING_UP,0,0,0.468,0.009,-0.250,-0.125,0.375,0.004,-0.012,1.000,-0.004,-0.008,0.000,0.000,0.000,0.000,0.000,0,NULL,NULL,,0,0,0,7,255,0,250,0,0
baseline,387,387,0,387,74493.283,0.976,-0.001,0.006,-0.217,0,0,0,0,0,0,0,0,0,0.000,0,WARMING_UP,0,0,0.359,0.008,-0.125,-0.125,0.313,0.004,-0.012,1.000,0.000,-0.008,0.000,0.000,0.000,0.000,0.000,0,NULL,NULL,,0,0,0,7,255,0,250,0,0
baseline,391,391,0,391,74498.282,0.976,-0.001,0.006,-0.217,0,0,0,0,0,0,0,0,0,0.000,0,WARMING_UP,0,0,0.385,0.008,-0.188,-0.125,0.313,0.004,-0.008,1.000,0.000,-0.008,-0.004,0.000,0.000,0.000,0.000,0,NULL,NULL,,0,0,0,7,255,0,250,0,0
baseline,397,397,0,397,74503.283,0.976,-0.001,0.006,-0.217,0,0,0,0,0,0,0,0,0,0.000,0,WARMING_UP,0,0,0.459,0.012,-0.313,-0.125,0.313,0.004,-0.008,1.004,0.000,0.012,-0.004,0.000,0.000,0.000,0.000,0,NULL,NULL,,0,0,0,7,255,0,250,0,0
baseline,401,401,0,401,74508.282,0.976,-0.001,0.006,-0.217,0,0,0,0,0,0,0,0,0,0.000,0,WARMING_UP,0,0,0.405,0.012,-0.250,-0.063,0.313,0.004,-0.008,1.000,-0.004,0.012,-0.004,0.000,0.000,0.000,0.000,0,NULL,NULL,,0,0,0,7,255,0,250,0,0
baseline,407,407,0,407,74513.283,0.976,-0.001,0.006,-0.217,0,0,0,0,0,0,0,0,0,0.000,0,WARMING_UP,0,0,0.415,0.006,-0.125,-0.125,0.375,0.004,-0.008,1.000,-0.004,-0.004,0.000,0.000,0.000,0.000,0.000,0,NULL,NULL,,0,0,0,7,255,0,250,0,0
baseline,412,412,0,412,74518.283,0.976,-0.001,0.006,-0.217,0,0,0,0,0,0,0,0,0,0.000,0,WARMING_UP,0,0,0.385,0.004,-0.125,-0.188,0.313,0.004,-0.008,1.000,0.000,-0.004,-0.004,0.000,0.000,0.000,0.000,0,NULL,NULL,,0,0,0,7,255,0,250,0,0
baseline,417,417,0,417,74523.283,0.976,-0.001,0.006,-0.217,0,0,0,0,0,0,0,0,0,0.000,0,WARMING_UP,0,0,0.468,0.008,-0.250,-0.125,0.375,0.004,-0.008,1.004,0.000,0.008,0.000,0.000,0.000,0.000,0.000,0,NULL,NULL,,0,0,0,7,255,0,250,0,0
baseline,421,421,0,421,74528.282,0.976,-0.001,0.006,-0.217,0,0,0,0,0,0,0,0,0,0.000,0,WARMING_UP,0,0,0.468,0.008,-0.250,-0.125,0.375,0.004,-0.012,1.004,0.000,0.008,0.004,0.000,0.000,0.000,0.000,0,NULL,NULL,,0,0,0,7,255,0,250,0,0
baseline,427,427,0,427,74533.286,0.976,-0.001,0.006,-0.217,0,0,0,0,0,0,0,0,0,0.000,0,WARMING_UP,0,0,0.385,0.009,-0.188,-0.125,0.313,0.004,-0.012,1.000,0.004,-0.008,0.004,0.000,0.000,0.000,0.000,0,NULL,NULL,,0,0,0,7,255,0,250,0,0
baseline,431,431,0,431,74538.282,0.976,-0.001,0.006,-0.217,0,0,0,0,0,0,0,0,0,0.000,0,WARMING_UP,0,0,0.424,0.009,-0.063,-0.188,0.375,0.004,-0.012,1.000,0.004,-0.008,0.000,0.000,0.000,0.000,0.000,0,NULL,NULL,,0,0,0,7,255,0,250,0,0
baseline,437,437,0,437,74543.283,0.976,-0.001,0.006,-0.217,0,0,0,0,0,0,0,0,0,0.000,0,WARMING_UP,0,0,0.359,0.008,-0.125,-0.125,0.313,0.004,-0.008,1.000,0.000,-0.008,-0.012,0.000,0.000,0.000,0.000,0,NULL,NULL,,0,0,0,7,255,0,250,0,0
baseline,441,441,0,441,74548.282,0.976,-0.001,0.006,-0.217,0,0,0,0,0,0,0,0,0,0.000,0,WARMING_UP,0,0,0.468,0.011,-0.250,-0.125,0.375,0.004,-0.008,1.004,-0.008,-0.008,-0.012,0.000,0.000,0.000,0.000,0,NULL,NULL,,0,0,0,7,255,0,250,0,0
baseline,447,447,0,447,74553.283,0.976,-0.001,0.006,-0.217,0,0,0,0,0,0,0,0,0,0.000,0,WARMING_UP,0,0,0.468,0.008,-0.250,-0.125,0.375,0.004,-0.008,1.004,-0.008,0.000,0.008,0.000,0.000,0.000,0.000,0,NULL,NULL,,0,0,0,7,255,0,250,0,0
baseline,452,452,0,452,74558.283,0.976,-0.001,0.006,-0.217,0,0,0,0,0,0,0,0,0,0.000,0,WARMING_UP,0,0,0.385,0.009,-0.125,-0.188,0.313,0.004,-0.012,1.000,0.004,-0.008,0.008,0.000,0.000,0.000,0.000,0,NULL,NULL,,0,0,0,7,255,0,250,0,0
baseline,456,456,0,456,74563.282,0.976,-0.001,0.006,-0.218,0,0,0,0,0,0,0,0,0,0.000,0,WARMING_UP,0,0,0.415,0.004,-0.125,-0.125,0.375,0.004,-0.008,1.000,0.004,0.000,-0.004,0.000,0.000,0.000,0.000,0,NULL,NULL,,0,0,0,7,255,0,250,0,0
baseline,462,462,0,462,74568.283,0.976,-0.001,0.006,-0.218,0,0,0,0,0,0,0,0,0,0.000,0,WARMING_UP,0,0,0.405,0.008,-0.250,-0.063,0.313,0.004,-0.008,1.000,0.008,0.000,-0.004,0.000,0.000,0.000,0.000,0,NULL,NULL,,0,0,0,7,255,0,250,0,0
baseline,466,466,0,466,74573.282,0.976,-0.001,0.006,-0.218,0,0,0,0,0,0,0,0,0,0.000,0,WARMING_UP,0,0,0.405,0.004,-0.250,-0.063,0.313,0.004,-0.008,1.000,0.004,0.000,-0.004,0.000,0.000,0.000,0.000,0,NULL,NULL,,0,0,0,7,255,0,250,0,0
baseline,472,472,0,472,74578.283,0.976,-0.001,0.006,-0.218,0,0,0,0,0,0,0,0,0,0.000,0,WARMING_UP,0,0,0.385,0.004,-0.188,-0.125,0.313,0.004,-0.012,1.004,0.004,0.000,0.000,0.000,0.000,0.000,0.000,0,NULL,NULL,,0,0,0,7,255,0,250,0,0
baseline,477,477,0,477,74583.286,0.976,-0.001,0.006,-0.218,0,0,0,0,0,0,0,0,0,0.000,0,WARMING_UP,0,0,0.415,0.006,-0.125,-0.125,0.375,0.004,-0.012,1.000,0.004,-0.004,0.000,0.000,0.000,0.000,0.000,0,NULL,NULL,,0,0,0,7,255,0,250,0,0
baseline,481,481,0,481,74588.282,0.976,-0.001,0.006,-0.218,0,0,0,0,0,0,0,0,0,0.000,0,WARMING_UP,0,0,0.424,0.006,-0.188,-0.063,0.375,0.004,-0.008,1.000,0.004,-0.004,-0.004,0.000,0.000,0.000,0.000,0,NULL,NULL,,0,0,0,7,255,0,250,0,0
baseline,487,487,0,487,74593.283,0.976,-0.001,0.006,-0.218,0,0,0,0,0,0,0,0,0,0.000,0,WARMING_UP,0,0,0.424,0.006,-0.188,-0.063,0.375,0.004,-0.008,1.000,-0.004,0.004,-0.004,0.000,0.000,0.000,0.000,0,NULL,NULL,,0,0,0,7,255,0,250,0,0
baseline,491,491,0,491,74598.282,0.976,-0.001,0.006,-0.218,0,0,0,0,0,0,0,0,0,0.000,0,WARMING_UP,0,0,0.385,0.006,-0.188,-0.125,0.313,0.004,-0.012,1.004,-0.004,0.004,-0.004,0.000,0.000,0.000,0.000,0,NULL,NULL,,0,0,0,7,255,0,250,0,0
baseline,497,497,0,497,74603.283,0.976,-0.001,0.006,-0.218,0,0,0,0,0,0,0,0,0,0.000,0,WARMING_UP,0,0,0.438,0.008,-0.188,-0.125,0.375,0.004,-0.012,1.000,0.000,-0.008,0.000,0.000,0.000,0.000,0.000,0,NULL,NULL,,0,0,0,7,255,0,250,0,0
baseline,502,502,0,502,74608.283,0.976,-0.001,0.006,-0.218,0,0,0,0,0,0,0,0,0,0.000,0,WARMING_UP,0,0,0.370,0.008,-0.188,-0.063,0.313,0.004,-0.008,1.000,0.000,-0.008,0.000,0.000,0.000,0.000,0.000,0,NULL,NULL,,0,0,0,7,255,0,250,0,0
baseline,507,507,0,507,74613.283,0.976,-0.001,0.006,-0.218,0,0,0,0,0,0,0,0,0,0.000,0,WARMING_UP,0,0,0.415,0.006,-0.125,-0.125,0.375,0.004,-0.008,1.000,-0.004,0.004,-0.004,0.000,0.000,0.000,0.000,0,NULL,NULL,,0,0,0,7,255,0,250,0,0
baseline,512,512,0,512,74618.283,0.976,-0.001,0.006,-0.218,0,0,0,0,0,0,0,0,0,0.000,0,WARMING_UP,0,0,0.419,0.012,-0.250,-0.125,0.313,0.004,-0.008,1.004,-0.004,0.012,-0.004,0.000,0.000,0.000,0.000,0,NULL,NULL,,0,0,0,7,255,0,250,0,0
baseline,517,517,0,517,74623.283,0.976,-0.001,0.006,-0.218,0,0,0,0,0,0,0,0,0,0.000,0,WARMING_UP,0,0,0.468,0.012,-0.250,-0.125,0.375,0.004,-0.012,1.000,0.004,0.012,0.000,0.000,0.000,0.000,0.000,0,NULL,NULL,,0,0,0,7,255,0,250,0,0
baseline,521,521,0,521,74628.282,0.976,-0.001,0.006,-0.218,0,0,0,0,0,0,0,0,0,0.000,0,WARMING_UP,0,0,0.438,0.009,-0.188,-0.125,0.375,0.004,-0.012,1.000,0.004,-0.008,0.000,0.000,0.000,0.000,0.000,0,NULL,NULL,,0,0,0,7,255,0,250,0,0
baseline,527,527,0,527,74633.286,0.976,-0.001,0.006,-0.218,0,0,0,0,0,0,0,0,0,0.000,0,WARMING_UP,0,0,0.438,0.009,-0.125,-0.188,0.375,0.004,-0.008,1.000,0.004,-0.008,-0.004,0.000,0.000,0.000,0.000,0,NULL,NULL,,0,0,0,7,255,0,250,0,0
baseline,532,532,0,532,74638.283,0.976,-0.001,0.006,-0.218,0,0,0,0,0,0,0,0,0,0.000,0,WARMING_UP,0,0,0.370,0.009,-0.188,-0.063,0.313,0.004,-0.008,1.004,-0.004,0.008,-0.004,0.000,0.000,0.000,0.000,0,NULL,NULL,,0,0,0,7,255,0,250,0,0
baseline,537,537,0,537,74643.283,0.976,-0.001,0.006,-0.218,0,0,0,0,0,0,0,0,0,0.000,0,WARMING_UP,0,0,0.468,0.009,-0.250,-0.125,0.375,0.004,-0.012,1.000,0.004,0.008,0.000,0.000,0.000,0.000,0.000,0,NULL,NULL,,0,0,0,7,255,0,250,0,0
baseline,541,541,0,541,74648.282,0.976,-0.001,0.006,-0.218,0,0,0,0,0,0,0,0,0,0.000,0,WARMING_UP,0,0,0.468,0.011,-0.250,-0.125,0.375,0.004,-0.012,1.000,0.008,-0.008,0.000,0.000,0.000,0.000,0.000,0,NULL,NULL,,0,0,0,7,255,0,250,0,0
baseline,547,547,0,547,74653.283,0.976,-0.001,0.006,-0.218,0,0,0,0,0,0,0,0,0,0.000,0,WARMING_UP,0,0,0.400,0.011,-0.063,-0.125,0.375,0.004,-0.012,1.000,0.008,-0.008,0.000,0.000,0.000,0.000,0.000,0,NULL,NULL,,0,0,0,7,255,0,250,0,0
baseline,551,551,0,551,74658.282,0.976,-0.001,0.006,-0.218,0,0,0,0,0,0,0,0,0,0.000,0,WARMING_UP,0,0,0.415,0.006,-0.125,-0.125,0.375,0.004,-0.008,1.000,0.004,-0.004,-0.012,0.000,0.000,0.000,0.000,0,NULL,NULL,,0,0,0,7,255,0,250,0,0
baseline,557,557,0,557,74663.283,0.976,-0.001,0.006,-0.218,0,0,0,0,0,0,0,0,0,0.000,0,WARMING_UP,0,0,0.468,0.004,-0.250,-0.125,0.375,0.004,-0.008,1.004,0.000,0.004,-0.012,0.000,0.000,0.000,0.000,0,NULL,NULL,,0,0,0,7,255,0,250,0,0
baseline,562,562,0,562,74668.283,0.976,-0.001,0.006,-0.218,0,0,0,0,0,0,0,0,0,0.000,0,WARMING_UP,0,0,0.468,0.004,-0.250,-0.125,0.375,0.004,-0.012,1.004,0.000,0.004,0.008,0.000,0.000,0.000,0.000,0,NULL,NULL,,0,0,0,7,255,0,250,0,0
baseline,567,567,0,567,74673.283,0.976,-0.001,0.006,-0.218,0,0,0,0,0,0,0,0,0,0.000,0,WARMING_UP,0,0,0.359,0.012,-0.125,-0.125,0.313,0.004,-0.012,1.000,0.004,-0.012,0.008,0.000,0.000,0.000,0.000,0,NULL,NULL,,0,0,0,7,255,0,250,0,0
baseline,571,571,0,571,74678.282,0.976,-0.001,0.006,-0.218,0,0,0,0,0,0,0,0,0,0.000,0,WARMING_UP,0,0,0.400,0.012,-0.063,-0.125,0.375,0.004,-0.008,1.000,0.004,-0.012,0.000,0.000,0.000,0.000,0.000,0,NULL,NULL,,0,0,0,7,255,0,250,0,0
baseline,577,577,0,577,74683.284,0.976,-0.001,0.006,-0.218,0,0,0,0,0,0,0,0,0,0.000,0,WARMING_UP,0,0,0.438,0.004,-0.188,-0.125,0.375,0.004,-0.008,1.000,0.004,0.000,0.000,0.000,0.000,0.000,0.000,0,NULL,NULL,,0,0,0,7,255,0,250,0,0
baseline,581,581,0,581,74688.282,0.976,-0.001,0.006,-0.218,0,0,0,0,0,0,0,0,0,0.000,0,WARMING_UP,0,0,0.492,0.004,-0.313,-0.063,0.375,0.004,-0.008,1.004,0.004,0.000,0.000,0.000,0.000,0.000,0.000,0,NULL,NULL,,0,0,0,7,255,0,250,0,0
baseline,587,587,0,587,74693.283,0.976,-0.001,0.006,-0.218,0,0,0,0,0,0,0,0,0,0.000,0,WARMING_UP,0,0,0.468,0.000,-0.250,-0.125,0.375,0.004,-0.012,1.004,0.000,0.000,0.004,0.000,0.000,0.000,0.000,0,NULL,NULL,,0,0,0,7,255,0,250,0,0
baseline,591,591,0,591,74698.282,0.976,-0.001,0.006,-0.218,0,0,0,0,0,0,0,0,0,0.000,0,WARMING_UP,0,0,0.424,0.008,-0.063,-0.188,0.375,0.004,-0.012,1.000,0.000,-0.008,0.004,0.000,0.000,0.000,0.000,0,NULL,NULL,,0,0,0,7,255,0,250,0,0
baseline,597,597,0,597,74703.283,0.976,-0.001,0.006,-0.218,0,0,0,0,0,0,0,0,0,0.000,0,WARMING_UP,0,0,0.359,0.008,-0.125,-0.125,0.313,0.004,-0.008,1.000,0.000,-0.008,0.000,0.000,0.000,0.000,0.000,0,NULL,NULL,,0,0,0,7,255,0,250,0,0
baseline,602,602,0,602,74708.283,0.976,-0.001,0.006,-0.218,0,0,0,0,0,0,0,0,0,0.000,0,WARMING_UP,0,0,0.468,0.012,-0.250,-0.125,0.375,0.004,-0.008,1.004,0.004,0.012,0.000,0.000,0.000,0.000,0.000,0,NULL,NULL,,0,0,0,7,255,0,250,0,0
baseline,607,607,0,607,74713.283,0.976,-0.001,0.006,-0.218,0,0,0,0,0,0,0,0,0,0.000,0,WARMING_UP,0,0,0.455,0.012,-0.250,-0.063,0.375,0.004,-0.012,1.004,0.004,0.012,0.004,0.000,0.000,0.000,0.000,0,NULL,NULL,,0,0,0,7,255,0,250,0,0
baseline,612,612,0,612,74718.283,0.976,-0.001,0.006,-0.218,0,0,0,0,0,0,0,0,0,0.000,0,WARMING_UP,0,0,0.359,0.009,-0.125,-0.125,0.313,0.004,-0.012,1.000,0.004,-0.008,0.004,0.000,0.000,0.000,0.000,0,NULL,NULL,,0,0,0,7,255,0,250,0,0
baseline,617,617,0,617,74723.283,0.976,-0.001,0.006,-0.218,0,0,0,0,0,0,0,0,0,0.000,0,WARMING_UP,0,0,0.364,0.008,0.000,-0.188,0.313,0.004,-0.008,1.000,0.000,-0.008,0.000,0.000,0.000,0.000,0.000,0,NULL,NULL,,0,0,0,7,255,0,250,0,0
baseline,622,622,0,622,74728.283,0.976,-0.001,0.006,-0.218,0,0,0,0,0,0,0,0,0,0.000,0,WARMING_UP,0,0,0.385,0.008,-0.188,-0.125,0.313,0.004,-0.008,1.000,0.000,-0.008,-0.004,0.000,0.000,0.000,0.000,0,NULL,NULL,,0,0,0,7,255,0,250,0,0
baseline,627,627,0,627,74733.285,0.976,-0.001,0.006,-0.218,0,0,0,0,0,0,0,0,0,0.000,0,WARMING_UP,0,0,0.504,0.009,-0.375,-0.125,0.313,0.004,-0.012,1.004,-0.004,-0.008,-0.004,0.000,0.000,0.000,0.000,0,NULL,NULL,,0,0,0,7,255,0,250,0,0
baseline,632,632,0,632,74738.283,0.976,-0.001,0.006,-0.218,0,0,0,0,0,0,0,0,0,0.000,0,WARMING_UP,0,0,0.419,0.009,-0.250,-0.125,0.313,0.004,-0.012,1.004,0.004,-0.008,0.004,0.000,0.000,0.000,0.000,0,NULL,NULL,,0,0,0,7,255,0,250,0,0
baseline,637,637,0,637,74743.283,0.976,-0.001,0.006,-0.218,0,0,0,0,0,0,0,0,0,0.000,0,WARMING_UP,0,0,0.342,0.008,-0.063,-0.125,0.313,0.004,-0.008,1.000,0.000,-0.008,0.004,0.000,0.000,0.000,0.000,0,NULL,NULL,,0,0,0,7,255,0,250,0,0
baseline,641,641,0,641,74748.282,0.976,-0.001,0.006,-0.218,0,0,0,0,0,0,0,0,0,0.000,0,WARMING_UP,0,0,0.415,0.000,-0.125,-0.125,0.375,0.004,-0.008,1.000,0.000,0.000,0.000,0.000,0.000,0.000,0.000,0,NULL,NULL,,0,0,0,7,255,0,250,0,0
baseline,647,647,0,647,74753.283,0.976,-0.001,0.006,-0.218,0,0,0,0,0,0,0,0,0,0.000,0,WARMING_UP,0,0,0.504,0.004,-0.313,-0.125,0.375,0.004,-0.008,1.004,0.000,0.004,0.000,0.000,0.000,0.000,0.000,0,NULL,NULL,,0,0,0,7,255,0,250,0,0
baseline,652,652,0,652,74758.283,0.976,-0.001,0.006,-0.218,0,0,0,0,0,0,0,0,0,0.000,0,WARMING_UP,0,0,0.459,0.004,-0.313,-0.125,0.313,0.004,-0.012,1.000,0.000,0.004,-0.004,0.000,0.000,0.000,0.000,0,NULL,NULL,,0,0,0,7,255,0,250,0,0
baseline,657,657,0,657,74763.283,0.976,-0.001,0.006,-0.218,0,0,0,0,0,0,0,0,0,0.000,0,WARMING_UP,0,0,0.385,0.006,-0.125,-0.188,0.313,0.004,-0.008,1.000,0.004,0.004,0.000,0.000,0.000,0.000,0.000,0,NULL,NULL,,0,0,0,7,255,0,250,0,0
baseline,661,661,0,661,74768.282,0.976,-0.001,0.006,-0.218,0,0,0,0,0,0,0,0,0,0.000,0,WARMING_UP,0,0,0.359,0.006,-0.125,-0.125,0.313,0.004,-0.008,1.000,0.004,0.004,-0.004,0.000,0.000,0.000,0.000,0,NULL,NULL,,0,0,0,7,255,0,250,0,0
baseline,667,667,0,667,74773.283,0.976,-0.001,0.006,-0.218,0,0,0,0,0,0,0,0,0,0.000,0,WARMING_UP,0,0,0.468,0.009,-0.250,-0.125,0.375,0.004,-0.008,1.004,0.004,0.008,0.000,0.000,0.000,0.000,0.000,0,NULL,NULL,,0,0,0,7,255,0,250,0,0
baseline,671,671,0,671,74778.282,0.976,-0.001,0.006,-0.218,0,0,0,0,0,0,0,0,0,0.000,0,WARMING_UP,0,0,0.492,0.009,-0.313,-0.063,0.375,0.004,-0.008,1.000,0.004,0.008,0.000,0.000,0.000,0.000,0.000,0,NULL,NULL,,0,0,0,7,255,0,250,0,0
baseline,677,677,0,677,74783.286,0.976,-0.001,0.006,-0.218,0,0,0,0,0,0,0,0,0,0.000,0,WARMING_UP,0,0,0.370,0.004,-0.188,-0.063,0.313,0.004,-0.012,1.004,0.004,0.000,0.004,0.000,0.000,0.000,0.000,0,NULL,NULL,,0,0,0,7,255,0,250,0,0
baseline,681,681,0,681,74788.282,0.976,-0.001,0.006,-0.218,0,0,0,0,0,0,0,0,0,0.000,0,WARMING_UP,0,0,0.415,0.009,-0.125,-0.125,0.375,0.004,-0.012,1.000,0.004,-0.008,0.000,0.000,0.000,0.000,0.000,0,NULL,NULL,,0,0,0,7,255,0,250,0,0
baseline,687,687,0,687,74793.283,0.976,-0.001,0.006,-0.218,0,0,0,0,0,0,0,0,0,0.000,0,WARMING_UP,0,0,0.415,0.009,-0.125,-0.125,0.375,0.004,-0.008,1.000,-0.004,-0.008,-0.004,0.000,0.000,0.000,0.000,0,NULL,NULL,,0,0,0,7,255,0,250,0,0
baseline,691,691,0,691,74798.282,0.976,-0.001,0.006,-0.218,0,0,0,0,0,0,0,0,0,0.000,0,WARMING_UP,0,0,0.488,0.009,-0.250,-0.188,0.375,0.004,-0.008,1.004,-0.004,0.008,-0.004,0.000,0.000,0.000,0.000,0,NULL,NULL,,0,0,0,7,255,0,250,0,0
baseline,697,697,0,697,74803.283,0.976,-0.001,0.006,-0.218,0,0,0,0,0,0,0,0,0,0.000,0,WARMING_UP,0,0,0.455,0.009,-0.250,-0.063,0.375,0.004,-0.008,1.000,0.004,0.008,0.000,0.000,0.000,0.000,0.000,0,NULL,NULL,,0,0,0,7,255,0,250,0,0
baseline,701,701,0,701,74808.282,0.976,-0.001,0.006,-0.218,0,0,0,0,0,0,0,0,0,0.000,0,WARMING_UP,0,0,0.438,0.009,-0.188,-0.125,0.375,0.004,-0.012,1.004,0.004,0.008,0.004,0.000,0.000,0.000,0.000,0,NULL,NULL,,0,0,0,7,255,0,250,0,0
baseline,707,707,0,707,74813.283,0.976,-0.001,0.006,-0.218,0,0,0,0,0,0,0,0,0,0.000,0,WARMING_UP,0,0,0.385,0.009,-0.125,-0.188,0.313,0.004,-0.008,1.000,0.004,0.008,0.000,0.000,0.000,0.000,0.000,0,NULL,NULL,,0,0,0,7,255,0,250,0,0
baseline,712,712,0,712,74818.283,0.976,-0.001,0.006,-0.218,0,0,0,0,0,0,0,0,0,0.000,0,WARMING_UP,0,0,0.385,0.009,-0.188,-0.125,0.313,0.004,-0.008,1.000,-0.004,0.008,-0.008,0.000,0.000,0.000,0.000,0,NULL,NULL,,0,0,0,7,255,0,250,0,0
baseline,717,717,0,717,74823.283,0.976,-0.001,0.006,-0.218,0,0,0,0,0,0,0,0,0,0.000,0,WARMING_UP,0,0,0.504,0.009,-0.313,-0.125,0.375,0.004,-0.012,1.004,-0.004,0.008,-0.008,0.000,0.000,0.000,0.000,0,NULL,NULL,,0,0,0,7,255,0,250,0,0
baseline,721,721,0,721,74828.282,0.976,-0.001,0.006,-0.218,0,0,0,0,0,0,0,0,0,0.000,0,WARMING_UP,0,0,0.442,0.006,-0.250,-0.188,0.313,0.004,-0.012,1.004,-0.004,-0.004,0.008,0.000,0.000,0.000,0.000,0,NULL,NULL,,0,0,0,7,255,0,250,0,0
baseline,727,727,0,727,74833.286,0.976,-0.001,0.006,-0.218,0,0,0,0,0,0,0,0,0,0.000,0,WARMING_UP,0,0,0.438,0.009,-0.125,-0.188,0.375,0.004,-0.012,1.000,0.004,-0.008,0.008,0.000,0.000,0.000,0.000,0,NULL,NULL,,0,0,0,7,255,0,250,0,0
baseline,731,731,0,731,74838.282,0.976,-0.001,0.006,-0.218,0,0,0,0,0,0,0,0,0,0.000,0,WARMING_UP,0,0,0.342,0.006,-0.125,-0.063,0.313,0.004,-0.008,1.000,0.004,-0.004,0.000,0.000,0.000,0.000,0.000,0,NULL,NULL,,0,0,0,7,255,0,250,0,0
baseline,737,737,0,737,74843.283,0.976,-0.001,0.006,-0.218,0,0,0,0,0,0,0,0,0,0.000,0,WARMING_UP,0,0,0.385,0.006,-0.188,-0.125,0.313,0.004,-0.008,1.000,0.004,-0.004,0.000,0.000,0.000,0.000,0.000,0,NULL,NULL,,0,0,0,7,255,0,250,0,0
baseline,741,741,0,741,74848.282,0.976,-0.001,0.006,-0.218,0,0,0,0,0,0,0,0,0,0.000,0,WARMING_UP,0,0,0.419,0.004,-0.250,-0.125,0.313,0.004,-0.012,1.004,0.000,-0.004,0.000,0.000,0.000,0.000,0.000,0,NULL,NULL,,0,0,0,7,255,0,250,0,0
baseline,747,747,0,747,74853.283,0.976,-0.001,0.006,-0.218,0,0,0,0,0,0,0,0,0,0.000,0,WARMING_UP,0,0,0.468,0.004,-0.250,-0.125,0.375,0.004,-0.008,1.000,0.000,-0.004,0.000,0.000,0.000,0.000,0.000,0,NULL,NULL,,0,0,0,7,255,0,250,0,0
baseline,752,752,0,752,74858.283,0.976,-0.001,0.006,-0.218,0,0,0,0,0,0,0,0,0,0.000,0,WARMING_UP,0,0,0.359,0.004,-0.125,-0.125,0.313,0.004,-0.008,1.000,0.004,0.000,0.000,0.000,0.000,0.000,0.000,0,NULL,NULL,,0,0,0,7,255,0,250,0,0
baseline,756,756,0,756,74863.282,0.976,-0.001,0.006,-0.218,0,0,0,0,0,0,0,0,0,0.000,0,WARMING_UP,0,0,0.438,0.009,-0.125,-0.188,0.375,0.004,-0.008,1.000,0.004,0.008,-0.008,0.000,0.000,0.000,0.000,0,NULL,NULL,,0,0,0,7,255,0,250,0,0
baseline,762,762,0,762,74868.283,0.976,-0.001,0.006,-0.218,0,0,0,0,0,0,0,0,0,0.000,0,WARMING_UP,0,0,0.419,0.012,-0.250,-0.125,0.313,0.004,-0.008,1.004,-0.004,0.012,-0.008,0.000,0.000,0.000,0.000,0,NULL,NULL,,0,0,0,7,255,0,250,0,0
baseline,767,767,0,767,74873.283,0.976,-0.001,0.006,-0.218,0,0,0,0,0,0,0,0,0,0.000,0,WARMING_UP,0,0,0.504,0.012,-0.313,-0.125,0.375,0.004,-0.008,1.004,-0.004,0.012,0.004,0.000,0.000,0.000,0.000,0,NULL,NULL,,0,0,0,7,255,0,250,0,0
baseline,771,771,0,771,74878.282,0.976,-0.001,0.006,-0.218,0,0,0,0,0,0,0,0,0,0.000,0,WARMING_UP,0,0,0.359,0.004,-0.125,-0.125,0.313,0.004,-0.012,1.000,0.000,0.004,0.004,0.000,0.000,0.000,0.000,0,NULL,NULL,,0,0,0,7,255,0,250,0,0
baseline,777,777,0,777,74883.285,0.976,-0.001,0.006,-0.218,0,0,0,0,0,0,0,0,0,0.000,0,WARMING_UP,0,0,0.415,0.004,-0.125,-0.125,0.375,0.004,-0.008,1.000,0.000,-0.004,-0.004,0.000,0.000,0.000,0.000,0,NULL,NULL,,0,0,0,7,255,0,250,0,0
baseline,781,781,0,781,74888.282,0.976,-0.001,0.006,-0.218,0,0,0,0,0,0,0,0,0,0.000,0,WARMING_UP,0,0,0.385,0.004,-0.188,-0.125,0.313,0.004,-0.008,1.004,0.000,-0.004,-0.004,0.000,0.000,0.000,0.000,0,NULL,NULL,,0,0,0,7,255,0,250,0,0
baseline,787,787,0,787,74893.283,0.976,-0.001,0.006,-0.218,0,0,0,0,0,0,0,0,0,0.000,0,WARMING_UP,0,0,0.446,0.004,-0.313,-0.063,0.313,0.004,-0.012,1.004,0.000,-0.004,0.004,0.000,0.000,0.000,0.000,0,NULL,NULL,,0,0,0,7,255,0,250,0,0
baseline,791,791,0,791,74898.282,0.976,-0.001,0.006,-0.218,0,0,0,0,0,0,0,0,0,0.000,0,WARMING_UP,0,0,0.488,0.008,-0.250,-0.188,0.375,0.004,-0.012,1.000,0.000,-0.008,0.004,0.000,0.000,0.000,0.000,0,NULL,NULL,,0,0,0,7,255,0,250,0,0
baseline,797,797,0,797,74903.283,0.976,-0.001,0.006,-0.218,0,0,0,0,0,0,0,0,0,0.000,0,WARMING_UP,0,0,0.415,0.008,-0.125,-0.125,0.375,0.004,-0.008,1.000,0.000,-0.008,0.000,0.000,0.000,0.000,0.000,0,NULL,NULL,,0,0,0,7,255,0,250,0,0
baseline,802,802,0,802,74908.283,0.976,-0.001,0.006,-0.218,0,0,0,0,0,0,0,0,0,0.000,0,WARMING_UP,0,0,0.400,0.004,-0.063,-0.125,0.375,0.004,-0.008,1.000,0.000,0.004,-0.008,0.000,0.000,0.000,0.000,0,NULL,NULL,,0,0,0,7,255,0,250,0,0
baseline,807,807,0,807,74913.283,0.976,-0.001,0.006,-0.218,0,0,0,0,0,0,0,0,0,0.000,0,WARMING_UP,0,0,0.468,0.012,-0.250,-0.125,0.375,0.004,-0.008,1.004,-0.004,0.012,-0.008,0.000,0.000,0.000,0.000,0,NULL,NULL,,0,0,0,7,255,0,250,0,0
baseline,812,812,0,812,74918.283,0.976,-0.001,0.006,-0.218,0,0,0,0,0,0,0,0,0,0.000,0,WARMING_UP,0,0,0.419,0.012,-0.250,-0.125,0.313,0.004,-0.012,1.004,0.004,0.012,0.004,0.000,0.000,0.000,0.000,0,NULL,NULL,,0,0,0,7,255,0,250,0,0
baseline,817,817,0,817,74923.283,0.976,-0.001,0.006,-0.219,0,0,0,0,0,0,0,0,0,0.000,0,WARMING_UP,0,0,0.400,0.017,-0.125,-0.063,0.375,0.004,-0.012,1.004,-0.008,-0.016,0.004,0.000,0.000,0.000,0.000,0,NULL,NULL,,0,0,0,7,255,0,250,0,0
baseline,821,821,0,821,74928.282,0.976,-0.001,0.006,-0.219,0,0,0,0,0,0,0,0,0,0.000,0,WARMING_UP,0,0,0.400,0.016,-0.063,-0.125,0.375,0.004,-0.008,1.000,0.004,-0.016,0.004,0.000,0.000,0.000,0.000,0,NULL,NULL,,0,0,0,7,255,0,250,0,0
baseline,827,827,0,827,74933.286,0.976,-0.001,0.006,-0.219,0,0,0,0,0,0,0,0,0,0.000,0,WARMING_UP,0,0,0.415,0.000,-0.125,-0.125,0.375,0.004,-0.008,1.000,0.000,0.000,0.000,0.000,0.000,0.000,0.000,0,NULL,NULL,,0,0,0,7,255,0,250,0,0
baseline,832,832,0,832,74938.283,0.976,-0.001,0.006,-0.219,0,0,0,0,0,0,0,0,0,0.000,0,WARMING_UP,0,0,0.504,0.004,-0.313,-0.125,0.375,0.004,-0.012,1.004,0.004,0.000,0.000,0.000,0.000,0.000,0.000,0,NULL,NULL,,0,0,0,7,255,0,250,0,0
baseline,837,837,0,837,74943.283,0.976,-0.001,0.006,-0.219,0,0,0,0,0,0,0,0,0,0.000,0,WARMING_UP,0,0,0.468,0.004,-0.250,-0.125,0.375,0.004,-0.008,1.004,0.004,0.000,0.008,0.000,0.000,0.000,0.000,0,NULL,NULL,,0,0,0,7,255,0,250,0,0
baseline,841,841,0,841,74948.282,0.976,-0.001,0.006,-0.219,0,0,0,0,0,0,0,0,0,0.000,0,WARMING_UP,0,0,0.359,0.009,-0.125,-0.125,0.313,0.004,-0.012,1.000,0.004,-0.008,0.008,0.000,0.000,0.000,0.000,0,NULL,NULL,,0,0,0,7,255,0,250,0,0
baseline,847,847,0,847,74953.283,0.976,-0.001,0.006,-0.219,0,0,0,0,0,0,0,0,0,0.000,0,WARMING_UP,0,0,0.359,0.000,-0.125,-0.125,0.313,0.004,-0.008,1.000,0.000,0.000,-0.004,0.000,0.000,0.000,0.000,0,NULL,NULL,,0,0,0,7,255,0,250,0,0
baseline,851,851,0,851,74958.282,0.976,-0.001,0.006,-0.219,0,0,0,0,0,0,0,0,0,0.000,0,WARMING_UP,0,0,0.468,0.004,-0.250,-0.125,0.375,0.004,-0.008,1.000,0.000,0.004,-0.004,0.000,0.000,0.000,0.000,0,NULL,NULL,,0,0,0,7,255,0,250,0,0
baseline,857,857,0,857,74963.283,0.976,-0.001,0.006,-0.219,0,0,0,0,0,0,0,0,0,0.000,0,WARMING_UP,0,0,0.455,0.004,-0.250,-0.063,0.375,0.004,-0.012,1.004,0.000,0.004,0.000,0.000,0.000,0.000,0.000,0,NULL,NULL,,0,0,0,7,255,0,250,0,0
baseline,862,862,0,862,74968.283,0.976,-0.001,0.006,-0.219,0,0,0,0,0,0,0,0,0,0.000,0,WARMING_UP,0,0,0.438,0.006,-0.188,-0.125,0.375,0.004,-0.012,1.000,0.004,-0.004,0.000,0.000,0.000,0.000,0.000,0,NULL,NULL,,0,0,0,7,255,0,250,0,0
baseline,867,867,0,867,74973.283,0.976,-0.001,0.006,-0.219,0,0,0,0,0,0,0,0,0,0.000,0,WARMING_UP,0,0,0.400,0.006,-0.125,-0.063,0.375,0.004,-0.008,1.000,0.004,-0.004,0.000,0.000,0.000,0.000,0.000,0,NULL,NULL,,0,0,0,7,255,0,250,0,0
baseline,871,871,0,871,74978.282,0.976,-0.001,0.006,-0.219,0,0,0,0,0,0,0,0,0,0.000,0,WARMING_UP,0,0,0.385,0.004,-0.188,-0.125,0.313,0.004,-0.008,1.000,0.004,0.000,-0.004,0.000,0.000,0.000,0.000,0,NULL,NULL,,0,0,0,7,255,0,250,0,0
baseline,877,877,0,877,74983.286,0.976,-0.001,0.006,-0.219,0,0,0,0,0,0,0,0,0,0.000,0,WARMING_UP,0,0,0.446,0.004,-0.313,-0.063,0.313,0.004,-0.012,1.000,0.004,0.000,-0.004,0.000,0.000,0.000,0.000,0,NULL,NULL,,0,0,0,7,255,0,250,0,0
baseline,881,881,0,881,74988.282,0.976,-0.001,0.006,-0.219,0,0,0,0,0,0,0,0,0,0.000,0,WARMING_UP,0,0,0.442,0.006,-0.250,-0.188,0.313,0.004,-0.012,1.004,0.004,-0.004,-0.004,0.000,0.000,0.000,0.000,0,NULL,NULL,,0,0,0,7,255,0,250,0,0
baseline,887,887,0,887,74993.283,0.976,-0.001,0.006,-0.219,0,0,0,0,0,0,0,0,0,0.000,0,WARMING_UP,0,0,0.424,0.006,-0.063,-0.188,0.375,0.004,-0.008,1.000,-0.004,-0.004,-0.004,0.000,0.000,0.000,0.000,0,NULL,NULL,,0,0,0,7,255,0,250,0,0
baseline,891,891,0,891,74998.282,0.976,-0.001,0.006,-0.219,0,0,0,0,0,0,0,0,0,0.000,0,WARMING_UP,0,0,0.400,0.006,-0.063,-0.125,0.375,0.004,-0.008,1.000,-0.004,0.004,0.000,0.000,0.000,0.000,0.000,0,NULL,NULL,,0,0,0,7,255,0,250,0,0
baseline,897,897,0,897,75003.283,0.976,-0.001,0.006,-0.219,0,0,0,0,0,0,0,0,0,0.000,0,WARMING_UP,0,0,0.459,0.004,-0.313,-0.125,0.313,0.004,-0.008,1.004,0.000,0.004,0.000,0.000,0.000,0.000,0.000,0,NULL,NULL,,0,0,0,7,255,0,250,0,0
baseline,902,902,0,902,75008.283,0.976,-0.001,0.006,-0.219,0,0,0,0,0,0,0,0,0,0.000,0,WARMING_UP,0,0,0.459,0.004,-0.313,-0.125,0.313,0.004,-0.008,1.004,0.000,0.004,0.004,0.000,0.000,0.000,0.000,0,NULL,NULL,,0,0,0,7,255,0,250,0,0
baseline,907,907,0,907,75013.283,0.976,-0.001,0.006,-0.219,0,0,0,0,0,0,0,0,0,0.000,0,WARMING_UP,0,0,0.438,0.004,-0.188,-0.125,0.375,0.004,-0.012,1.000,0.000,0.004,0.004,0.000,0.000,0.000,0.000,0,NULL,NULL,,0,0,0,7,255,0,250,0,0
baseline,912,912,0,912,75018.283,0.976,-0.001,0.006,-0.219,0,0,0,0,0,0,0,0,0,0.000,0,WARMING_UP,0,0,0.415,0.004,-0.125,-0.125,0.375,0.004,-0.008,1.000,0.000,0.004,0.000,0.000,0.000,0.000,0.000,0,NULL,NULL,,0,0,0,7,255,0,250,0,0
baseline,917,917,0,917,75023.283,0.976,-0.001,0.006,-0.219,0,0,0,0,0,0,0,0,0,0.000,0,WARMING_UP,0,0,0.438,0.006,-0.188,-0.125,0.375,0.004,-0.008,1.000,-0.004,0.004,-0.004,0.000,0.000,0.000,0.000,0,NULL,NULL,,0,0,0,7,255,0,250,0,0
baseline,922,922,0,922,75028.283,0.976,-0.001,0.006,-0.219,0,0,0,0,0,0,0,0,0,0.000,0,WARMING_UP,0,0,0.405,0.009,-0.250,-0.063,0.313,0.004,-0.008,1.004,-0.004,0.008,-0.004,0.000,0.000,0.000,0.000,0,NULL,NULL,,0,0,0,7,255,0,250,0,0
baseline,927,927,0,927,75033.286,0.976,-0.001,0.006,-0.219,0,0,0,0,0,0,0,0,0,0.000,0,WARMING_UP,0,0,0.419,0.009,-0.250,-0.125,0.313,0.004,-0.012,1.004,-0.008,0.004,0.008,0.000,0.000,0.000,0.000,0,NULL,NULL,,0,0,0,7,255,0,250,0,0
baseline,932,932,0,932,75038.283,0.976,-0.001,0.006,-0.219,0,0,0,0,0,0,0,0,0,0.000,0,WARMING_UP,0,0,0.424,0.008,-0.063,-0.188,0.375,0.004,-0.008,1.000,-0.008,0.000,0.008,0.000,0.000,0.000,0.000,0,NULL,NULL,,0,0,0,7,255,0,250,0,0
baseline,937,937,0,937,75043.283,0.976,-0.001,0.006,-0.219,0,0,0,0,0,0,0,0,0,0.000,0,WARMING_UP,0,0,0.342,0.008,-0.063,-0.125,0.313,0.004,-0.008,1.000,-0.008,0.000,-0.008,0.000,0.000,0.000,0.000,0,NULL,NULL,,0,0,0,7,255,0,250,0,0
baseline,941,941,0,941,75048.282,0.976,-0.001,0.006,-0.219,0,0,0,0,0,0,0,0,0,0.000,0,WARMING_UP,0,0,0.438,0.004,-0.188,-0.125,0.375,0.004,-0.008,1.000,-0.004,0.000,-0.008,0.000,0.000,0.000,0.000,0,NULL,NULL,,0,0,0,7,255,0,250,0,0
baseline,947,947,0,947,75053.283,0.976,-0.001,0.006,-0.219,0,0,0,0,0,0,0,0,0,0.000,0,WARMING_UP,0,0,0.492,0.008,-0.375,-0.063,0.313,0.004,-0.008,1.004,-0.008,0.000,-0.008,0.000,0.000,0.000,0.000,0,NULL,NULL,,0,0,0,7,255,0,250,0,0
baseline,952,952,0,952,75058.283,0.976,-0.001,0.006,-0.219,0,0,0,0,0,0,0,0,0,0.000,0,WARMING_UP,0,0,0.438,0.006,-0.188,-0.125,0.375,0.004,-0.012,1.004,-0.004,-0.004,0.008,0.000,0.000,0.000,0.000,0,NULL,NULL,,0,0,0,7,255,0,250,0,0
baseline,957,957,0,957,75063.283,0.976,-0.001,0.006,-0.219,0,0,0,0,0,0,0,0,0,0.000,0,WARMING_UP,0,0,0.415,0.006,-0.125,-0.125,0.375,0.004,-0.008,1.000,-0.004,-0.004,0.008,0.000,0.000,0.000,0.000,0,NULL,NULL,,0,0,0,7,255,0,250,0,0
baseline,961,961,0,961,75068.282,0.976,-0.001,0.006,-0.219,0,0,0,0,0,0,0,0,0,0.000,0,WARMING_UP,0,0,0.438,0.004,-0.188,-0.125,0.375,0.004,-0.008,1.000,0.000,-0.004,-0.004,0.000,0.000,0.000,0.000,0,NULL,NULL,,0,0,0,7,255,0,250,0,0
baseline,967,967,0,967,75073.283,0.976,-0.001,0.006,-0.219,0,0,0,0,0,0,0,0,0,0.000,0,WARMING_UP,0,0,0.468,0.006,-0.250,-0.125,0.375,0.004,-0.008,1.000,-0.004,0.004,-0.004,0.000,0.000,0.000,0.000,0,NULL,NULL,,0,0,0,7,255,0,250,0,0
baseline,971,971,0,971,75078.282,0.976,-0.001,0.006,-0.219,0,0,0,0,0,0,0,0,0,0.000,0,WARMING_UP,0,0,0.492,0.006,-0.313,-0.063,0.375,0.004,-0.008,1.004,-0.004,0.004,0.000,0.000,0.000,0.000,0.000,0,NULL,NULL,,0,0,0,7,255,0,250,0,0
baseline,977,977,0,977,75083.285,0.976,-0.001,0.006,-0.219,0,0,0,0,0,0,0,0,0,0.000,0,WARMING_UP,0,0,0.385,0.004,-0.125,-0.188,0.313,0.004,-0.012,1.000,-0.004,0.000,0.000,0.000,0.000,0.000,0.000,0,NULL,NULL,,0,0,0,7,255,0,250,0,0
baseline,981,981,0,981,75088.282,0.976,-0.001,0.006,-0.219,0,0,0,0,0,0,0,0,0,0.000,0,WARMING_UP,0,0,0.342,0.008,-0.063,-0.125,0.313,0.004,-0.008,1.000,-0.008,0.000,0.000,0.000,0.000,0.000,0.000,0,NULL,NULL,,0,0,0,7,255,0,250,0,0
baseline,987,987,0,987,75093.283,0.976,-0.001,0.006,-0.219,0,0,0,0,0,0,0,0,0,0.000,0,WARMING_UP,0,0,0.385,0.008,-0.188,-0.125,0.313,0.004,-0.008,1.000,-0.008,0.000,-0.004,0.000,0.000,0.000,0.000,0,NULL,NULL,,0,0,0,7,255,0,250,0,0
baseline,991,991,0,991,75098.282,0.976,-0.001,0.006,-0.219,0,0,0,0,0,0,0,0,0,0.000,0,WARMING_UP,0,0,0.504,0.011,-0.313,-0.125,0.375,0.004,-0.008,1.004,-0.008,0.008,-0.004,0.000,0.000,0.000,0.000,0,NULL,NULL,,0,0,0,7,255,0,250,0,0
baseline,997,997,0,997,75103.283,0.976,-0.001,0.006,-0.219,0,0,0,0,0,0,0,0,0,0.000,0,WARMING_UP,0,0,0.455,0.009,-0.250,-0.063,0.375,0.004,-0.012,1.004,0.004,0.008,0.004,0.000,0.000,0.000,0.000,0,NULL,NULL,,0,0,0,7,255,0,250,0,0
baseline,1001,1001,0,1001,75108.282,0.976,-0.001,0.006,-0.219,0,0,0,0,0,0,0,0,0,0.000,0,WARMING_UP,0,0,0.385,0.009,-0.188,-0.125,0.313,0.004,-0.012,1.000,0.004,-0.008,0.004,0.000,0.000,0.000,0.000,0,NULL,NULL,,0,0,0,7,255,0,250,0,0
baseline,1007,1007,0,1007,75113.283,0.976,-0.001,0.006,-0.219,0,0,0,0,0,0,0,0,0,0.000,0,WARMING_UP,0,0,0.385,0.008,-0.125,-0.188,0.313,0.004,-0.008,1.000,0.000,-0.008,-0.016,0.000,0.000,0.000,0.000,0,NULL,NULL,,0,0,0,7,255,0,250,0,0
baseline,1012,1012,0,1012,75118.283,0.976,-0.001,0.006,-0.219,0,0,0,0,0,0,0,0,0,0.000,0,WARMING_UP,0,0,0.419,0.006,-0.250,-0.125,0.313,0.004,-0.008,1.004,-0.004,-0.004,-0.016,0.000,0.000,0.000,0.000,0,NULL,NULL,,0,0,0,7,255,0,250,0,0
baseline,1017,1017,0,1017,75123.283,0.976,-0.001,0.006,-0.219,0,0,0,0,0,0,0,0,0,0.000,0,WARMING_UP,0,0,0.504,0.006,-0.313,-0.125,0.375,0.004,-0.012,1.004,-0.004,-0.004,0.008,0.000,0.000,0.000,0.000,0,NULL,NULL,,0,0,0,7,255,0,250,0,0
baseline,1022,1022,0,1022,75128.283,0.976,-0.001,0.006,-0.219,0,0,0,0,0,0,0,0,0,0.000,0,WARMING_UP,0,0,0.385,0.009,-0.188,-0.125,0.313,0.004,-0.012,1.000,-0.004,-0.008,0.008,0.000,0.000,0.000,0.000,0,NULL,NULL,,0,0,0,7,255,0,250,0,0
baseline,1027,1027,0,1027,75133.286,0.976,-0.001,0.006,-0.219,0,0,0,0,0,0,0,0,0,0.000,0,WARMING_UP,0,0,0.455,0.012,-0.063,-0.250,0.375,0.004,-0.012,1.000,-0.004,-0.012,0.000,0.000,0.000,0.000,0.000,0,NULL,NULL,,0,0,0,7,255,0,250,0,0
baseline,1031,1031,0,1031,75138.282,0.976,-0.001,0.006,-0.219,0,0,0,0,0,0,0,0,0,0.000,0,WARMING_UP,0,0,0.438,0.012,-0.188,-0.125,0.375,0.004,-0.008,1.000,-0.004,-0.012,-0.016,0.000,0.000,0.000,0.000,0,NULL,NULL,,0,0,0,7,255,0,250,0,0
baseline,1037,1037,0,1037,75143.283,0.976,-0.001,0.006,-0.219,0,0,0,0,0,0,0,0,0,0.000,0,WARMING_UP,0,0,0.459,0.006,-0.313,-0.125,0.313,0.004,-0.008,1.004,-0.004,0.004,-0.016,0.000,0.000,0.000,0.000,0,NULL,NULL,,0,0,0,7,255,0,250,0,0
baseline,1042,1042,0,1042,75148.287,0.976,-0.001,0.006,-0.219,0,0,0,0,0,0,0,0,0,0.000,0,WARMING_UP,0,0,0.468,0.006,-0.250,-0.125,0.375,0.004,-0.012,1.004,0.004,0.004,0.004,0.000,0.000,0.000,0.000,0,NULL,NULL,,0,0,0,7,255,0,250,0,0
baseline,1047,1047,0,1047,75153.283,0.976,-0.001,0.006,-0.219,0,0,0,0,0,0,0,0,0,0.000,0,WARMING_UP,0,0,0.342,0.014,-0.063,-0.125,0.313,0.004,-0.012,1.000,0.008,-0.012,0.004,0.000,0.000,0.000,0.000,0,NULL,NULL,,0,0,0,7,255,0,250,0,0
baseline,1051,1051,0,1051,75158.282,0.976,-0.001,0.006,-0.219,0,0,0,0,0,0,0,0,0,0.000,0,WARMING_UP,0,0,0.424,0.014,-0.063,-0.188,0.375,0.004,-0.008,1.000,0.008,-0.012,-0.004,0.000,0.000,0.000,0.000,0,NULL,NULL,,0,0,0,7,255,0,250,0,0
baseline,1057,1057,0,1057,75163.283,0.976,-0.001,0.006,-0.219,0,0,0,0,0,0,0,0,0,0.000,0,WARMING_UP,0,0,0.419,0.012,-0.250,-0.125,0.313,0.004,-0.008,1.004,0.004,0.012,-0.004,0.000,0.000,0.000,0.000,0,NULL,NULL,,0,0,0,7,255,0,250,0,0
baseline,1061,1061,0,1061,75168.282,0.976,-0.001,0.006,-0.219,0,0,0,0,0,0,0,0,0,0.000,0,WARMING_UP,0,0,0.446,0.012,-0.313,-0.063,0.313,0.004,-0.012,1.004,0.004,0.012,0.004,0.000,0.000,0.000,0.000,0,NULL,NULL,,0,0,0,7,255,0,250,0,0
baseline,1067,1067,0,1067,75173.283,0.976,-0.001,0.006,-0.219,0,0,0,0,0,0,0,0,0,0.000,0,WARMING_UP,0,0,0.424,0.012,-0.188,-0.063,0.375,0.004,-0.012,1.000,0.004,-0.012,0.004,0.000,0.000,0.000,0.000,0,NULL,NULL,,0,0,0,7,255,0,250,0,0
baseline,1071,1071,0,1071,75178.282,0.976,-0.001,0.006,-0.219,0,0,0,0,0,0,0,0,0,0.000,0,WARMING_UP,0,0,0.342,0.012,-0.063,-0.125,0.313,0.004,-0.008,1.000,0.004,-0.012,0.000,0.000,0.000,0.000,0.000,0,NULL,NULL,,0,0,0,7,255,0,250,0,0
baseline,1077,1077,0,1077,75183.285,0.976,-0.001,0.006,-0.219,0,0,0,0,0,0,0,0,0,0.000,0,WARMING_UP,0,0,0.415,0.004,-0.125,-0.125,0.375,0.004,-0.008,1.000,0.004,0.000,-0.008,0.000,0.000,0.000,0.000,0,NULL,NULL,,0,0,0,7,255,0,250,0,0
baseline,1081,1081,0,1081,75188.282,0.976,-0.001,0.006,-0.219,0,0,0,0,0,0,0,0,0,0.000,0,WARMING_UP,0,0,0.405,0.000,-0.250,-0.063,0.313,0.004,-0.008,1.004,0.000,0.000,-0.008,0.000,0.000,0.000,0.000,0,NULL,NULL,,0,0,0,7,255,0,250,0,0
baseline,1087,1087,0,1087,75193.283,0.976,-0.001,0.006,-0.219,0,0,0,0,0,0,0,0,0,0.000,0,WARMING_UP,0,0,0.419,0.006,-0.250,-0.125,0.313,0.004,-0.012,1.004,0.004,-0.004,0.016,0.000,0.000,0.000,0.000,0,NULL,NULL,,0,0,0,7,255,0,250,0,0
baseline,1091,1091,0,1091,75198.282,0.976,-0.001,0.006,-0.219,0,0,0,0,0,0,0,0,0,0.000,0,WARMING_UP,0,0,0.359,0.006,-0.125,-0.125,0.313,0.004,-0.012,1.000,0.004,-0.004,0.016,0.000,0.000,0.000,0.000,0,NULL,NULL,,0,0,0,7,255,0,250,0,0
baseline,1097,1097,0,1097,75203.283,0.976,-0.001,0.006,-0.219,0,0,0,0,0,0,0,0,0,0.000,0,WARMING_UP,0,0,0.400,0.006,-0.063,-0.125,0.375,0.004,-0.008,1.000,0.004,-0.004,-0.008,0.000,0.000,0.000,0.000,0,NULL,NULL,,0,0,0,7,255,0,250,0,0
baseline,1102,1102,0,1102,75208.283,0.976,-0.001,0.006,-0.219,0,0,0,0,0,0,0,0,0,0.000,0,WARMING_UP,0,0,0.455,0.006,-0.250,-0.063,0.375,0.004,-0.008,1.000,-0.004,0.004,-0.008,0.000,0.000,0.000,0.000,0,NULL,NULL,,0,0,0,7,255,0,250,0,0
baseline,1107,1107,0,1107,75213.283,0.976,-0.001,0.006,-0.219,0,0,0,0,0,0,0,0,0,0.000,0,WARMING_UP,0,0,0.504,0.009,-0.375,-0.125,0.313,0.004,-0.008,1.004,-0.008,0.004,0.000,0.000,0.000,0.000,0.000,0,NULL,NULL,,0,0,0,7,255,0,250,0,0
baseline,1112,1112,0,1112,75218.283,0.976,-0.001,0.006,-0.219,0,0,0,0,0,0,0,0,0,0.000,0,WARMING_UP,0,0,0.468,0.004,-0.250,-0.125,0.375,0.004,-0.012,1.000,-0.004,0.000,0.000,0.000,0.000,0.000,0.000,0,NULL,NULL,,0,0,0,7,255,0,250,0,0
baseline,1117,1117,0,1117,75223.283,0.976,-0.001,0.006,-0.219,0,0,0,0,0,0,0,0,0,0.000,0,WARMING_UP,0,0,0.400,0.012,-0.063,-0.125,0.375,0.004,-0.012,1.000,0.004,-0.012,0.000,0.000,0.000,0.000,0.000,0,NULL,NULL,,0,0,0,7,255,0,250,0,0
baseline,1121,1121,0,1121,75228.282,0.976,-0.001,0.006,-0.219,0,0,0,0,0,0,0,0,0,0.000,0,WARMING_UP,0,0,0.415,0.012,-0.125,-0.125,0.375,0.004,-0.008,1.000,0.004,-0.012,-0.008,0.000,0.000,0.000,0.000,0,NULL,NULL,,0,0,0,7,255,0,250,0,0
baseline,1127,1127,0,1127,75233.286,0.976,-0.001,0.006,-0.219,0,0,0,0,0,0,0,0,0,0.000,0,WARMING_UP,0,0,0.455,0.000,-0.250,-0.063,0.375,0.004,-0.008,1.004,0.000,0.000,-0.008,0.000,0.000,0.000,0.000,0,NULL,NULL,,0,0,0,7,255,0,250,0,0
baseline,1132,1132,0,1132,75238.283,0.976,-0.001,0.006,-0.219,0,0,0,0,0,0,0,0,0,0.000,0,WARMING_UP,0,0,0.492,0.004,-0.313,-0.063,0.375,0.004,-0.012,1.004,-0.004,0.000,0.004,0.000,0.000,0.000,0.000,0,NULL,NULL,,0,0,0,7,255,0,250,0,0
baseline,1137,1137,0,1137,75243.283,0.976,-0.001,0.006,-0.219,0,0,0,0,0,0,0,0,0,0.000,0,WARMING_UP,0,0,0.468,0.011,-0.250,-0.125,0.375,0.004,-0.012,1.000,-0.008,-0.008,0.004,0.000,0.000,0.000,0.000,0,NULL,NULL,,0,0,0,7,255,0,250,0,0
baseline,1141,1141,0,1141,75248.282,0.976,-0.001,0.006,-0.219,0,0,0,0,0,0,0,0,0,0.000,0,WARMING_UP,0,0,0.400,0.009,-0.063,-0.125,0.375,0.004,-0.012,1.000,-0.004,-0.008,-0.016,0.000,0.000,0.000,0.000,0,NULL,NULL,,0,0,0,7,255,0,250,0,0
baseline,1147,1147,0,1147,75253.283,0.976,-0.001,0.006,-0.219,0,0,0,0,0,0,0,0,0,0.000,0,WARMING_UP,0,0,0.415,0.004,-0.125,-0.125,0.375,0.004,-0.008,1.004,0.000,-0.004,-0.016,0.000,0.000,0.000,0.000,0,NULL,NULL,,0,0,0,7,255,0,250,0,0
baseline,1151,1151,0,1151,75258.282,0.976,-0.001,0.006,-0.219,0,0,0,0,0,0,0,0,0,0.000,0,WARMING_UP,0,0,0.504,0.004,-0.313,-0.125,0.375,0.004,-0.012,1.000,0.000,-0.004,-0.004,0.000,0.000,0.000,0.000,0,NULL,NULL,,0,0,0,7,255,0,250,0,0
baseline,1157,1157,0,1157,75263.283,0.976,-0.001,0.006,-0.219,0,0,0,0,0,0,0,0,0,0.000,0,WARMING_UP,0,0,0.468,0.016,-0.250,-0.125,0.375,0.004,-0.012,1.004,0.000,-0.016,0.004,0.000,0.000,0.000,0.000,0,NULL,NULL,,0,0,0,7,255,0,250,0,0
baseline,1162,1162,0,1162,75268.283,0.976,-0.001,0.006,-0.219,0,0,0,0,0,0,0,0,0,0.000,0,WARMING_UP,0,0,0.415,0.016,-0.125,-0.125,0.375,0.004,-0.012,1.000,-0.004,-0.016,-0.004,0.000,0.000,0.000,0.000,0,NULL,NULL,,0,0,0,7,255,0,250,0,0
baseline,1167,1167,0,1167,75273.283,0.976,-0.001,0.006,-0.219,0,0,0,0,0,0,0,0,0,0.000,0,WARMING_UP,0,0,0.337,0.009,0.000,-0.125,0.313,0.004,-0.008,1.000,-0.004,-0.008,-0.008,0.000,0.000,0.000,0.000,0,NULL,NULL,,0,0,0,7,255,0,250,0,0
baseline,1171,1171,0,1171,75278.282,0.976,-0.001,0.006,-0.219,0,0,0,0,0,0,0,0,0,0.000,0,WARMING_UP,0,0,0.405,0.004,-0.250,-0.063,0.313,0.004,-0.008,1.000,-0.004,0.000,-0.008,0.000,0.000,0.000,0.000,0,NULL,NULL,,0,0,0,7,255,0,250,0,0
baseline,1177,1177,0,1177,75283.286,0.976,-0.001,0.006,-0.219,0,0,0,0,0,0,0,0,0,0.000,0,WARMING_UP,0,0,0.492,0.004,-0.313,-0.063,0.375,0.004,-0.008,1.000,-0.004,0.000,-0.004,0.000,0.000,0.000,0.000,0,NULL,NULL,,0,0,0,7,255,0,250,0,0
baseline,1181,1181,0,1181,75288.282,0.976,-0.001,0.006,-0.220,0,0,0,0,0,0,0,0,0,0.000,0,WARMING_UP,0,0,0.419,0.000,-0.250,-0.125,0.313,0.004,-0.012,1.004,0.000,0.000,0.000,0.000,0.000,0.000,0.000,0,NULL,NULL,,0,0,0,7,255,0,250,0,0
baseline,1187,1187,0,1187,75293.283,0.976,-0.001,0.006,-0.220,0,0,0,0,0,0,0,0,0,0.000,0,WARMING_UP,0,0,0.438,0.009,-0.125,-0.188,0.375,0.004,-0.012,1.000,-0.004,-0.008,0.000,0.000,0.000,0.000,0.000,0,NULL,NULL,,0,0,0,7,255,0,250,0,0
baseline,1191,1191,0,1191,75298.282,0.976,-0.001,0.006,-0.220,0,0,0,0,0,0,0,0,0,0.000,0,WARMING_UP,0,0,0.359,0.009,-0.125,-0.125,0.313,0.004,-0.008,1.004,-0.004,-0.008,0.004,0.000,0.000,0.000,0.000,0,NULL,NULL,,0,0,0,7,255,0,250,0,0
baseline,1197,1197,0,1197,75303.283,0.976,-0.001,0.006,-0.220,0,0,0,0,0,0,0,0,0,0.000,0,WARMING_UP,0,0,0.455,0.011,-0.250,-0.063,0.375,0.004,-0.012,1.000,-0.008,-0.008,0.000,0.000,0.000,0.000,0.000,0,NULL,NULL,,0,0,0,7,255,0,250,0,0
baseline,1202,1202,0,1202,75308.283,0.976,-0.001,0.006,-0.220,0,0,0,0,0,0,0,0,0,0.000,0,WARMING_UP,0,0,0.455,0.009,-0.250,-0.063,0.375,0.004,-0.012,1.000,-0.008,-0.004,-0.004,0.000,0.000,0.000,0.000,0,NULL,NULL,,0,0,0,7,255,0,250,0,0
baseline,1207,1207,0,1207,75313.283,0.976,-0.001,0.006,-0.220,0,0,0,0,0,0,0,0,0,0.000,0,WARMING_UP,0,0,0.359,0.004,-0.125,-0.125,0.313,0.004,-0.008,1.000,0.000,-0.004,-0.008,0.000,0.000,0.000,0.000,0,NULL,NULL,,0,0,0,7,255,0,250,0,0
baseline,1212,1212,0,1212,75318.283,0.976,-0.001,0.006,-0.220,0,0,0,0,0,0,0,0,0,0.000,0,WARMING_UP,0,0,0.359,0.000,-0.125,-0.125,0.313,0.004,-0.008,1.000,0.000,0.000,-0.016,0.000,0.000,0.000,0.000,0,NULL,NULL,,0,0,0,7,255,0,250,0,0
baseline,1217,1217,0,1217,75323.283,0.976,-0.001,0.006,-0.220,0,0,0,0,0,0,0,0,0,0.000,0,WARMING_UP,0,0,0.468,0.012,-0.250,-0.125,0.375,0.004,-0.008,1.000,0.000,0.012,-0.016,0.000,0.000,0.000,0.000,0,NULL,NULL,,0,0,0,7,255,0,250,0,0
baseline,1222,1222,0,1222,75328.283,0.976,-0.001,0.006,-0.220,0,0,0,0,0,0,0,0,0,0.000,0,WARMING_UP,0,0,0.504,0.012,-0.375,-0.125,0.313,0.004,-0.012,1.004,0.000,0.012,0.000,0.000,0.000,0.000,0.000,0,NULL,NULL,,0,0,0,7,255,0,250,0,0
baseline,1227,1227,0,1227,75333.286,0.976,-0.001,0.006,-0.220,0,0,0,0,0,0,0,0,0,0.000,0,WARMING_UP,0,0,0.405,0.008,-0.250,-0.063,0.313,0.004,-0.012,1.004,0.000,-0.008,0.016,0.000,0.000,0.000,0.000,0,NULL,NULL,,0,0,0,7,255,0,250,0,0
baseline,1232,1232,0,1232,75338.283,0.976,-0.001,0.006,-0.220,0,0,0,0,0,0,0,0,0,0.000,0,WARMING_UP,0,0,0.395,0.008,0.000,-0.125,0.375,0.004,-0.008,1.000,0.000,-0.008,0.016,0.000,0.000,0.000,0.000,0,NULL,NULL,,0,0,0,7,255,0,250,0,0
baseline,1237,1237,0,1237,75343.283,0.976,-0.001,0.006,-0.220,0,0,0,0,0,0,0,0,0,0.000,0,WARMING_UP,0,0,0.400,0.000,-0.063,-0.125,0.375,0.004,-0.008,1.000,0.000,0.000,-0.004,0.000,0.000,0.000,0.000,0,NULL,NULL,,0,0,0,7,255,0,250,0,0
baseline,1241,1241,0,1241,75348.282,0.976,-0.001,0.006,-0.220,0,0,0,0,0,0,0,0,0,0.000,0,WARMING_UP,0,0,0.492,0.004,-0.375,-0.063,0.313,0.004,-0.008,1.004,0.004,0.000,-0.004,0.000,0.000,0.000,0.000,0,NULL,NULL,,0,0,0,7,255,0,250,0,0
baseline,1247,1247,0,1247,75353.283,0.976,-0.001,0.006,-0.220,0,0,0,0,0,0,0,0,0,0.000,0,WARMING_UP,0,0,0.492,0.004,-0.313,-0.063,0.375,0.004,-0.012,1.004,0.004,0.000,0.016,0.000,0.000,0.000,0.000,0,NULL,NULL,,0,0,0,7,255,0,250,0,0
baseline,1252,1252,0,1252,75358.283,0.976,-0.001,0.006,-0.220,0,0,0,0,0,0,0,0,0,0.000,0,WARMING_UP,0,0,0.370,0.012,-0.063,-0.188,0.313,0.004,-0.012,1.004,0.004,-0.012,0.016,0.000,0.000,0.000,0.000,0,NULL,NULL,,0,0,0,7,255,0,250,0,0
baseline,1257,1257,0,1257,75363.283,0.976,-0.001,0.006,-0.220,0,0,0,0,0,0,0,0,0,0.000,0,WARMING_UP,0,0,0.364,0.012,0.000,-0.188,0.313,0.004,-0.008,1.000,0.004,-0.012,0.004,0.000,0.000,0.000,0.000,0,NULL,NULL,,0,0,0,7,255,0,250,0,0
baseline,1261,1261,0,1261,75368.282,0.976,-0.001,0.006,-0.220,0,0,0,0,0,0,0,0,0,0.000,0,WARMING_UP,0,0,0.438,0.004,-0.188,-0.125,0.375,0.004,-0.008,1.000,0.004,0.000,0.000,0.000,0.000,0.000,0.000,0,NULL,NULL,,0,0,0,7,255,0,250,0,0
baseline,1267,1267,0,1267,75373.283,0.976,-0.001,0.006,-0.220,0,0,0,0,0,0,0,0,0,0.000,0,WARMING_UP,0,0,0.492,0.000,-0.375,-0.063,0.313,0.004,-0.008,1.000,0.000,0.000,-0.004,0.000,0.000,0.000,0.000,0,NULL,NULL,,0,0,0,7,255,0,250,0,0
baseline,1271,1271,0,1271,75378.282,0.976,-0.001,0.006,-0.220,0,0,0,0,0,0,0,0,0,0.000,0,WARMING_UP,0,0,0.419,0.000,-0.250,-0.125,0.313,0.004,-0.012,1.004,0.000,0.000,0.000,0.000,0.000,0.000,0.000,0,NULL,NULL,,0,0,0,7,255,0,250,0,0
baseline,1277,1277,0,1277,75383.286,0.976,-0.001,0.006,-0.220,0,0,0,0,0,0,0,0,0,0.000,0,WARMING_UP,0,0,0.342,0.004,-0.063,-0.125,0.313,0.004,-0.012,1.004,0.004,0.000,0.004,0.000,0.000,0.000,0.000,0,NULL,NULL,,0,0,0,7,255,0,250,0,0
baseline,1281,1281,0,1281,75388.282,0.976,-0.001,0.006,-0.220,0,0,0,0,0,0,0,0,0,0.000,0,WARMING_UP,0,0,0.400,0.004,-0.063,-0.125,0.375,0.004,-0.008,1.004,0.004,0.000,0.004,0.000,0.000,0.000,0.000,0,NULL,NULL,,0,0,0,7,255,0,250,0,0
baseline,1287,1287,0,1287,75393.283,0.976,-0.001,0.006,-0.220,0,0,0,0,0,0,0,0,0,0.000,0,WARMING_UP,0,0,0.446,0.008,-0.313,-0.063,0.313,0.004,-0.008,1.004,0.000,0.008,0.012,0.000,0.000,0.000,0.000,0,NULL,NULL,,0,0,0,7,255,0,250,0,0
baseline,1291,1291,0,1291,75398.282,0.976,-0.001,0.006,-0.220,0,0,0,0,0,0,0,0,0,0.000,0,WARMING_UP,0,0,0.523,0.008,-0.313,-0.188,0.375,0.004,-0.012,1.000,0.000,0.008,0.004,0.000,0.000,0.000,0.000,0,NULL,NULL,,0,0,0,7,255,0,250,0,0
baseline,1297,1297,0,1297,75403.283,0.976,-0.001,0.006,-0.220,0,0,0,0,0,0,0,0,0,0.000,0,WARMING_UP,0,0,0.415,0.008,-0.125,-0.125,0.375,0.004,-0.012,1.000,0.000,-0.008,-0.004,0.000,0.000,0.000,0.000,0,NULL,NULL,,0,0,0,7,255,0,250,0,0
baseline,1301,1301,0,1301,75408.282,0.976,-0.001,0.006,-0.220,0,0,0,0,0,0,0,0,0,0.000,0,WARMING_UP,0,0,0.306,0.009,-0.125,-0.125,0.250,0.004,-0.008,1.000,-0.004,-0.008,-0.004,0.000,0.000,0.000,0.000,0,NULL,NULL,,0,0,0,7,255,0,250,0,0
baseline,1307,1307,0,1307,75413.283,0.976,-0.001,0.006,-0.220,0,0,0,0,0,0,0,0,0,0.000,0,WARMING_UP,0,0,0.446,0.009,-0.313,-0.063,0.313,0.004,-0.008,1.004,-0.004,0.008,-0.004,0.000,0.000,0.000,0.000,0,NULL,NULL,,0,0,0,7,255,0,250,0,0
baseline,1312,1312,0,1312,75418.283,0.976,-0.001,0.006,-0.220,0,0,0,0,0,0,0,0,0,0.000,0,WARMING_UP,0,0,0.504,0.009,-0.313,-0.125,0.375,0.004,-0.012,1.004,-0.004,0.008,0.004,0.000,0.000,0.000,0.000,0,NULL,NULL,,0,0,0,7,255,0,250,0,0
baseline,1317,1317,0,1317,75423.283,0.976,-0.001,0.006,-0.220,0,0,0,0,0,0,0,0,0,0.000,0,WARMING_UP,0,0,0.455,0.006,-0.250,-0.063,0.375,0.004,-0.012,1.000,0.004,-0.004,0.004,0.000,0.000,0.000,0.000,0,NULL,NULL,,0,0,0,7,255,0,250,0,0
baseline,1321,1321,0,1321,75428.282,0.976,-0.001,0.006,-0.220,0,0,0,0,0,0,0,0,0,0.000,0,WARMING_UP,0,0,0.370,0.012,0.063,-0.188,0.313,0.004,-0.008,1.000,0.012,-0.004,0.000,0.000,0.000,0.000,0.000,0,NULL,NULL,,0,0,0,7,255,0,250,0,0
baseline,1327,1327,0,1327,75433.286,0.976,-0.001,0.006,-0.220,0,0,0,0,0,0,0,0,0,0.000,0,WARMING_UP,0,0,0.424,0.012,-0.063,-0.188,0.375,0.004,-0.008,1.000,0.012,0.004,-0.008,0.000,0.000,0.000,0.000,0,NULL,NULL,,0,0,0,7,255,0,250,0,0
baseline,1331,1331,0,1331,75438.282,0.975,-0.001,0.006,-0.220,0,0,0,0,0,0,0,0,0,0.000,0,WARMING_UP,0,0,0.534,0.009,-0.375,-0.063,0.375,0.004,-0.008,1.004,0.004,0.008,-0.008,0.000,0.000,0.000,0.000,0,NULL,NULL,,0,0,0,7,255,0,250,0,0
baseline,1337,1337,0,1337,75443.283,0.975,-0.001,0.006,-0.220,0,0,0,0,0,0,0,0,0,0.000,0,WARMING_UP,0,0,0.590,0.008,-0.438,-0.125,0.375,0.004,-0.012,1.004,0.000,0.008,0.008,0.000,0.000,0.000,0.000,0,NULL,NULL,,0,0,0,7,255,0,250,0,0
baseline,1341,1341,0,1341,75448.282,0.975,-0.001,0.006,-0.220,0,0,0,0,0,0,0,0,0,0.000,0,WARMING_UP,0,0,0.370,0.016,-0.063,-0.188,0.313,0.004,-0.012,1.000,0.004,-0.016,0.008,0.000,0.000,0.000,0.000,0,NULL,NULL,,0,0,0,7,255,0,250,0,0
baseline,1347,1347,0,1347,75453.283,0.975,-0.001,0.006,-0.220,0,0,0,0,0,0,0,0,0,0.000,0,WARMING_UP,0,0,0.400,0.016,0.063,-0.125,0.375,0.004,-0.008,1.000,0.000,-0.016,-0.004,0.000,0.000,0.000,0.000,0,NULL,NULL,,0,0,0,7,255,0,250,0,0
baseline,1352,1352,0,1352,75458.283,0.975,-0.001,0.006,-0.220,0,0,0,0,0,0,0,0,0,0.000,0,WARMING_UP,0,0,0.424,0.008,-0.188,-0.063,0.375,0.004,-0.008,1.000,0.000,0.008,-0.004,0.000,0.000,0.000,0.000,0,NULL,NULL,,0,0,0,7,255,0,250,0,0
baseline,1356,1356,0,1356,75463.282,0.975,-0.001,0.006,-0.220,0,0,0,0,0,0,0,0,0,0.000,0,WARMING_UP,0,0,0.534,0.008,-0.375,-0.063,0.375,0.004,-0.008,1.000,0.000,0.008,-0.004,0.000,0.000,0.000,0.000,0,NULL,NULL,,0,0,0,7,255,0,250,0,0
baseline,1362,1362,0,1362,75468.283,0.975,-0.001,0.006,-0.220,0,0,0,0,0,0,0,0,0,0.000,0,WARMING_UP,0,0,0.459,0.004,-0.313,-0.125,0.313,0.004,-0.012,1.000,0.000,0.004,-0.004,0.000,0.000,0.000,0.000,0,NULL,NULL,,0,0,0,7,255,0,250,0,0
baseline,1367,1367,0,1367,75473.283,0.975,-0.001,0.006,-0.220,0,0,0,0,0,0,0,0,0,0.000,0,WARMING_UP,0,0,0.370,0.020,-0.063,-0.188,0.313,0.004,-0.012,1.004,0.012,-0.016,0.000,0.000,0.000,0.000,0.000,0,NULL,NULL,,0,0,0,7,255,0,250,0,0
baseline,1371,1371,0,1371,75478.282,0.975,-0.001,0.006,-0.220,0,0,0,0,0,0,0,0,0,0.000,0,WARMING_UP,0,0,0.342,0.020,-0.063,-0.125,0.313,0.004,-0.008,1.000,0.012,-0.016,0.000,0.000,0.000,0.000,0.000,0,NULL,NULL,,0,0,0,7,255,0,250,0,0
baseline,1377,1377,0,1377,75483.286,0.975,-0.001,0.006,-0.220,0,0,0,0,0,0,0,0,0,0.000,0,WARMING_UP,0,0,0.419,0.016,-0.250,-0.125,0.313,0.004,-0.008,1.004,-0.004,0.016,0.008,0.000,0.000,0.000,0.000,0,NULL,NULL,,0,0,0,7,255,0,250,0,0
baseline,1381,1381,0,1381,75488.282,0.975,-0.001,0.006,-0.220,0,0,0,0,0,0,0,0,0,0.000,0,WARMING_UP,0,0,0.459,0.016,-0.313,-0.125,0.313,0.004,-0.012,1.004,-0.004,0.016,0.004,0.000,0.000,0.000,0.000,0,NULL,NULL,,0,0,0,7,255,0,250,0,0
baseline,1387,1387,0,1387,75493.283,0.975,-0.001,0.006,-0.220,0,0,0,0,0,0,0,0,0,0.000,0,WARMING_UP,0,0,0.385,0.006,-0.188,-0.125,0.313,0.004,-0.012,1.000,-0.004,-0.004,0.004,0.000,0.000,0.000,0.000,0,NULL,NULL,,0,0,0,7,255,0,250,0,0
baseline,1391,1391,0,1391,75498.282,0.975,-0.001,0.006,-0.220,0,0,0,0,0,0,0,0,0,0.000,0,WARMING_UP,0,0,0.400,0.006,-0.063,-0.125,0.375,0.004,-0.008,1.000,-0.004,-0.004,-0.004,0.000,0.000,0.000,0.000,0,NULL,NULL,,0,0,0,7,255,0,250,0,0
baseline,1397,1397,0,1397,75503.283,0.975,-0.001,0.006,-0.220,0,0,0,0,0,0,0,0,0,0.000,0,WARMING_UP,0,0,0.459,0.006,-0.188,-0.188,0.375,0.004,-0.008,1.000,-0.004,-0.004,-0.004,0.000,0.000,0.000,0.000,0,NULL,NULL,,0,0,0,7,255,0,250,0,0
baseline,1402,1402,0,1402,75508.283,0.975,-0.001,0.006,-0.220,0,0,0,0,0,0,0,0,0,0.000,0,WARMING_UP,0,0,0.545,0.006,-0.375,-0.125,0.375,0.004,-0.008,1.004,-0.004,0.004,0.000,0.000,0.000,0.000,0.000,0,NULL,NULL,,0,0,0,7,255,0,250,0,0
baseline,1407,1407,0,1407,75513.283,0.975,-0.001,0.006,-0.220,0,0,0,0,0,0,0,0,0,0.000,0,WARMING_UP,0,0,0.455,0.006,-0.250,-0.063,0.375,0.004,-0.012,1.004,0.004,0.004,0.016,0.000,0.000,0.000,0.000,0,NULL,NULL,,0,0,0,7,255,0,250,0,0
baseline,1412,1412,0,1412,75518.283,0.975,-0.001,0.006,-0.220,0,0,0,0,0,0,0,0,0,0.000,0,WARMING_UP,0,0,0.415,0.009,-0.125,-0.125,0.375,0.004,-0.012,1.000,0.004,-0.008,0.016,0.000,0.000,0.000,0.000,0,NULL,NULL,,0,0,0,7,255,0,250,0,0
baseline,1417,1417,0,1417,75523.283,0.975,-0.001,0.006,-0.220,0,0,0,0,0,0,0,0,0,0.000,0,WARMING_UP,0,0,0.400,0.011,-0.063,-0.125,0.375,0.004,-0.008,1.000,0.008,-0.008,-0.008,0.000,0.000,0.000,0.000,0,NULL,NULL,,0,0,0,7,255,0,250,0,0
baseline,1421,1421,0,1421,75528.282,0.975,-0.001,0.006,-0.220,0,0,0,0,0,0,0,0,0,0.000,0,WARMING_UP,0,0,0.468,0.009,-0.250,-0.125,0.375,0.004,-0.008,1.000,0.008,0.004,-0.008,0.000,0.000,0.000,0.000,0,NULL,NULL,,0,0,0,7,255,0,250,0,0
baseline,1427,1427,0,1427,75533.286,0.975,-0.001,0.006,-0.220,0,0,0,0,0,0,0,0,0,0.000,0,WARMING_UP,0,0,0.492,0.006,-0.375,-0.063,0.313,0.004,-0.008,1.004,0.004,0.004,0.000,0.000,0.000,0.000,0.000,0,NULL,NULL,,0,0,0,7,255,0,250,0,0
baseline,1432,1432,0,1432,75538.283,0.975,-0.001,0.006,-0.220,0,0,0,0,0,0,0,0,0,0.000,0,WARMING_UP,0,0,0.359,0.004,-0.125,-0.125,0.313,0.004,-0.012,1.000,0.004,0.000,0.000,0.000,0.000,0.000,0.000,0,NULL,NULL,,0,0,0,7,255,0,250,0,0
baseline,1437,1437,0,1437,75543.283,0.975,-0.001,0.006,-0.220,0,0,0,0,0,0,0,0,0,0.000,0,WARMING_UP,0,0,0.370,0.008,-0.063,-0.188,0.313,0.004,-0.008,1.000,0.008,0.000,0.000,0.000,0.000,0.000,0.000,0,NULL,NULL,,0,0,0,7,255,0,250,0,0
baseline,1441,1441,0,1441,75548.282,0.975,-0.001,0.006,-0.220,0,0,0,0,0,0,0,0,0,0.000,0,WARMING_UP,0,0,0.415,0.009,-0.125,-0.125,0.375,0.004,-0.008,1.000,0.008,0.004,-0.004,0.000,0.000,0.000,0.000,0,NULL,NULL,,0,0,0,7,255,0,250,0,0
baseline,1447,1447,0,1447,75553.283,0.975,-0.001,0.006,-0.220,0,0,0,0,0,0,0,0,0,0.000,0,WARMING_UP,0,0,0.459,0.004,-0.313,-0.125,0.313,0.004,-0.008,1.004,0.000,0.004,-0.004,0.000,0.000,0.000,0.000,0,NULL,NULL,,0,0,0,7,255,0,250,0,0
baseline,1451,1451,0,1451,75558.282,0.975,-0.001,0.006,-0.220,0,0,0,0,0,0,0,0,0,0.000,0,WARMING_UP,0,0,0.468,0.000,-0.250,-0.125,0.375,0.004,-0.012,1.004,0.000,0.000,0.016,0.000,0.000,0.000,0.000,0,NULL,NULL,,0,0,0,7,255,0,250,0,0
baseline,1457,1457,0,1457,75563.283,0.975,-0.001,0.006,-0.220,0,0,0,0,0,0,0,0,0,0.000,0,WARMING_UP,0,0,0.359,0.012,-0.125,-0.125,0.313,0.004,-0.012,1.000,0.004,-0.012,0.016,0.000,0.000,0.000,0.000,0,NULL,NULL,,0,0,0,7,255,0,250,0,0
baseline,1461,1461,0,1461,75568.282,0.975,-0.001,0.006,-0.220,0,0,0,0,0,0,0,0,0,0.000,0,WARMING_UP,0,0,0.400,0.012,-0.063,-0.125,0.375,0.004,-0.008,1.000,0.004,-0.012,-0.004,0.000,0.000,0.000,0.000,0,NULL,NULL,,0,0,0,7,255,0,250,0,0
baseline,1467,1467,0,1467,75573.283,0.975,-0.001,0.006,-0.220,0,0,0,0,0,0,0,0,0,0.000,0,WARMING_UP,0,0,0.442,0.008,-0.250,-0.188,0.313,0.004,-0.008,1.000,0.000,0.008,-0.004,0.000,0.000,0.000,0.000,0,NULL,NULL,,0,0,0,7,255,0,250,0,0
baseline,1472,1472,0,1472,75578.283,0.975,-0.001,0.006,-0.220,0,0,0,0,0,0,0,0,0,0.000,0,WARMING_UP,0,0,0.459,0.008,-0.313,-0.125,0.313,0.004,-0.012,1.004,0.000,0.008,-0.004,0.000,0.000,0.000,0.000,0,NULL,NULL,,0,0,0,7,255,0,250,0,0
baseline,1477,1477,0,1477,75583.286,0.975,-0.001,0.006,-0.220,0,0,0,0,0,0,0,0,0,0.000,0,WARMING_UP,0,0,0.415,0.004,-0.125,-0.125,0.375,0.004,-0.012,1.000,0.004,0.000,0.000,0.000,0.000,0.000,0.000,0,NULL,NULL,,0,0,0,7,255,0,250,0,0
baseline,1481,1481,0,1481,75588.282,0.975,-0.001,0.006,-0.220,0,0,0,0,0,0,0,0,0,0.000,0,WARMING_UP,0,0,0.424,0.008,-0.063,-0.188,0.375,0.004,-0.008,1.000,0.008,0.000,0.000,0.000,0.000,0.000,0.000,0,NULL,NULL,,0,0,0,7,255,0,250,0,0
baseline,1487,1487,0,1487,75593.283,0.975,-0.001,0.006,-0.220,0,0,0,0,0,0,0,0,0,0.000,0,WARMING_UP,0,0,0.459,0.006,-0.188,-0.188,0.375,0.004,-0.008,1.000,0.004,0.004,-0.004,0.000,0.000,0.000,0.000,0,NULL,NULL,,0,0,0,7,255,0,250,0,0
baseline,1491,1491,0,1491,75598.282,0.975,-0.001,0.006,-0.220,0,0,0,0,0,0,0,0,0,0.000,0,WARMING_UP,0,0,0.468,0.004,-0.250,-0.125,0.375,0.004,-0.008,1.004,0.000,0.004,-0.004,0.000,0.000,0.000,0.000,0,NULL,NULL,,0,0,0,7,255,0,250,0,0
baseline,1497,1497,0,1497,75603.283,0.975,-0.001,0.006,-0.220,0,0,0,0,0,0,0,0,0,0.000,0,WARMING_UP,0,0,0.488,0.004,-0.250,-0.188,0.375,0.004,-0.012,1.004,0.000,0.004,0.004,0.000,0.000,0.000,0.000,0,NULL,NULL,,0,0,0,7,255,0,250,0,0
baseline,1502,1502,0,1502,75608.283,0.975,-0.001,0.006,-0.220,0,0,0,0,0,0,0,0,0,0.000,0,WARMING_UP,0,0,0.385,0.009,-0.125,-0.188,0.313,0.004,-0.012,1.000,0.004,-0.008,0.004,0.000,0.000,0.000,0.000,0,NULL,NULL,,0,0,0,7,255,0,250,0,0
baseline,1507,1507,0,1507,75613.283,0.975,-0.001,0.006,-0.220,0,0,0,0,0,0,0,0,0,0.000,0,WARMING_UP,0,0,0.438,0.009,-0.125,-0.188,0.375,0.004,-0.008,1.000,0.004,-0.008,-0.004,0.000,0.000,0.000,0.000,0,NULL,NULL,,0,0,0,7,255,0,250,0,0
baseline,1512,1512,0,1512,75618.283,0.975,-0.001,0.006,-0.220,0,0,0,0,0,0,0,0,0,0.000,0,WARMING_UP,0,0,0.438,0.004,-0.188,-0.125,0.375,0.004,-0.008,1.000,0.000,0.004,-0.004,0.000,0.000,0.000,0.000,0,NULL,NULL,,0,0,0,7,255,0,250,0,0
baseline,1517,1517,0,1517,75623.283,0.975,-0.001,0.006,-0.220,0,0,0,0,0,0,0,0,0,0.000,0,WARMING_UP,0,0,0.459,0.006,-0.313,-0.125,0.313,0.004,-0.008,1.004,-0.004,0.004,0.000,0.000,0.000,0.000,0.000,0,NULL,NULL,,0,0,0,7,255,0,250,0,0
baseline,1522,1522,0,1522,75628.283,0.975,-0.001,0.006,-0.220,0,0,0,0,0,0,0,0,0,0.000,0,WARMING_UP,0,0,0.442,0.000,-0.250,-0.188,0.313,0.004,-0.012,1.004,0.000,0.000,0.008,0.000,0.000,0.000,0.000,0,NULL,NULL,,0,0,0,7,255,0,250,0,0
baseline,1527,1527,0,1527,75633.286,0.975,-0.001,0.006,-0.220,0,0,0,0,0,0,0,0,0,0.000,0,WARMING_UP,0,0,0.370,0.004,-0.063,-0.188,0.313,0.004,-0.008,1.000,0.004,0.000,0.008,0.000,0.000,0.000,0.000,0,NULL,NULL,,0,0,0,7,255,0,250,0,0
baseline,1532,1532,0,1532,75638.283,0.975,-0.001,0.006,-0.220,0,0,0,0,0,0,0,0,0,0.000,0,WARMING_UP,0,0,0.359,0.004,-0.125,-0.125,0.313,0.004,-0.008,1.000,0.004,0.000,-0.016,0.000,0.000,0.000,0.000,0,NULL,NULL,,0,0,0,7,255,0,250,0,0
baseline,1537,1537,0,1537,75643.283,0.975,-0.001,0.006,-0.220,0,0,0,0,0,0,0,0,0,0.000,0,WARMING_UP,0,0,0.375,0.004,-0.250,-0.125,0.250,0.004,-0.008,1.004,-0.004,0.000,-0.016,0.000,0.000,0.000,0.000,0,NULL,NULL,,0,0,0,7,255,0,250,0,0
baseline,1541,1541,0,1541,75648.282,0.975,-0.001,0.006,-0.220,0,0,0,0,0,0,0,0,0,0.000,0,WARMING_UP,0,0,0.419,0.004,-0.250,-0.125,0.313,0.004,-0.012,1.004,-0.004,0.000,0.004,0.000,0.000,0.000,0.000,0,NULL,NULL,,0,0,0,7,255,0,250,0,0
baseline,1547,1547,0,1547,75653.283,0.975,-0.001,0.006,-0.220,0,0,0,0,0,0,0,0,0,0.000,0,WARMING_UP,0,0,0.415,0.008,-0.125,-0.125,0.375,0.004,-0.012,1.004,0.000,-0.008,0.004,0.000,0.000,0.000,0.000,0,NULL,NULL,,0,0,0,7,255,0,250,0,0
baseline,1552,1552,0,1552,75658.283,0.975,-0.001,0.006,-0.221,0,0,0,0,0,0,0,0,0,0.000,0,WARMING_UP,0,0,0.400,0.011,-0.063,-0.125,0.375,0.004,-0.012,1.000,0.008,-0.008,0.004,0.000,0.000,0.000,0.000,0,NULL,NULL,,0,0,0,7,255,0,250,0,0
baseline,1557,1557,0,1557,75663.283,0.975,-0.001,0.006,-0.221,0,0,0,0,0,0,0,0,0,0.000,0,WARMING_UP,0,0,0.415,0.008,-0.125,-0.125,0.375,0.004,-0.008,1.000,0.008,0.000,0.000,0.000,0.000,0.000,0.000,0,NULL,NULL,,0,0,0,7,255,0,250,0,0
baseline,1561,1561,0,1561,75668.282,0.975,-0.001,0.006,-0.221,0,0,0,0,0,0,0,0,0,0.000,0,WARMING_UP,0,0,0.419,0.011,-0.250,-0.125,0.313,0.004,-0.008,1.004,-0.008,0.008,0.000,0.000,0.000,0.000,0.000,0,NULL,NULL,,0,0,0,7,255,0,250,0,0
baseline,1567,1567,0,1567,75673.283,0.975,-0.001,0.006,-0.221,0,0,0,0,0,0,0,0,0,0.000,0,WARMING_UP,0,0,0.385,0.011,-0.188,-0.125,0.313,0.004,-0.012,1.004,-0.008,0.008,0.008,0.000,0.000,0.000,0.000,0,NULL,NULL,,0,0,0,7,255,0,250,0,0
baseline,1571,1571,0,1571,75678.282,0.975,-0.001,0.006,-0.221,0,0,0,0,0,0,0,0,0,0.000,0,WARMING_UP,0,0,0.385,0.000,-0.125,-0.188,0.313,0.004,-0.008,1.000,0.000,0.000,0.008,0.000,0.000,0.000,0.000,0,NULL,NULL,,0,0,0,7,255,0,250,0,0
baseline,1577,1577,0,1577,75683.285,0.975,-0.001,0.006,-0.221,0,0,0,0,0,0,0,0,0,0.000,0,WARMING_UP,0,0,0.370,0.000,-0.063,-0.188,0.313,0.004,-0.008,1.000,0.000,0.000,-0.012,0.000,0.000,0.000,0.000,0,NULL,NULL,,0,0,0,7,255,0,250,0,0
baseline,1581,1581,0,1581,75688.282,0.975,-0.001,0.006,-0.221,0,0,0,0,0,0,0,0,0,0.000,0,WARMING_UP,0,0,0.442,0.014,-0.250,-0.188,0.313,0.004,-0.008,1.004,-0.008,0.012,-0.012,0.000,0.000,0.000,0.000,0,NULL,NULL,,0,0,0,7,255,0,250,0,0
baseline,1587,1587,0,1587,75693.283,0.975,-0.001,0.006,-0.221,0,0,0,0,0,0,0,0,0,0.000,0,WARMING_UP,0,0,0.446,0.014,-0.313,-0.063,0.313,0.004,-0.008,1.000,-0.008,0.012,0.000,0.000,0.000,0.000,0.000,0,NULL,NULL,,0,0,0,7,255,0,250,0,0
baseline,1591,1591,0,1591,75698.282,0.975,-0.001,0.006,-0.221,0,0,0,0,0,0,0,0,0,0.000,0,WARMING_UP,0,0,0.438,0.011,-0.188,-0.125,0.375,0.004,-0.012,1.000,-0.008,0.008,0.000,0.000,0.000,0.000,0.000,0,NULL,NULL,,0,0,0,7,255,0,250,0,0
baseline,1597,1597,0,1597,75703.283,0.975,-0.001,0.006,-0.221,0,0,0,0,0,0,0,0,0,0.000,0,WARMING_UP,0,0,0.419,0.000,0.000,-0.188,0.375,0.004,-0.008,1.000,0.000,0.000,-0.008,0.000,0.000,0.000,0.000,0,NULL,NULL,,0,0,0,7,255,0,250,0,0
baseline,1601,1601,0,1601,75708.282,0.975,-0.001,0.006,-0.221,0,0,0,0,0,0,0,0,0,0.000,0,WARMING_UP,0,0,0.415,0.004,-0.125,-0.125,0.375,0.004,-0.008,1.000,0.004,0.000,-0.016,0.000,0.000,0.000,0.000,0,NULL,NULL,,0,0,0,7,255,0,250,0,0
baseline,1607,1607,0,1607,75713.283,0.975,-0.001,0.006,-0.221,0,0,0,0,0,0,0,0,0,0.000,0,WARMING_UP,0,0,0.523,0.008,-0.313,-0.188,0.375,0.004,-0.008,1.004,0.000,0.008,-0.016,0.000,0.000,0.000,0.000,0,NULL,NULL,,0,0,0,7,255,0,250,0,0
baseline,1612,1612,0,1612,75718.283,0.975,-0.001,0.006,-0.221,0,0,0,0,0,0,0,0,0,0.000,0,WARMING_UP,0,0,0.419,0.009,-0.250,-0.125,0.313,0.004,-0.012,1.004,-0.004,0.008,0.004,0.000,0.000,0.000,0.000,0,NULL,NULL,,0,0,0,7,255,0,250,0,0
baseline,1617,1617,0,1617,75723.283,0.975,-0.001,0.006,-0.221,0,0,0,0,0,0,0,0,0,0.000,0,WARMING_UP,0,0,0.359,0.009,-0.125,-0.125,0.313,0.004,-0.012,1.000,-0.004,-0.008,0.004,0.000,0.000,0.000,0.000,0,NULL,NULL,,0,0,0,7,255,0,250,0,0
baseline,1621,1621,0,1621,75728.282,0.975,-0.001,0.006,-0.221,0,0,0,0,0,0,0,0,0,0.000,0,WARMING_UP,0,0,0.400,0.011,-0.063,-0.125,0.375,0.004,-0.008,1.000,-0.008,-0.008,0.000,0.000,0.000,0.000,0.000,0,NULL,NULL,,0,0,0,7,255,0,250,0,0
baseline,1627,1627,0,1627,75733.286,0.975,-0.001,0.006,-0.221,0,0,0,0,0,0,0,0,0,0.000,0,WARMING_UP,0,0,0.468,0.014,-0.250,-0.125,0.375,0.004,-0.008,1.004,-0.008,0.012,0.000,0.000,0.000,0.000,0.000,0,NULL,NULL,,0,0,0,7,255,0,250,0,0
baseline,1631,1631,0,1631,75738.282,0.975,-0.001,0.006,-0.221,0,0,0,0,0,0,0,0,0,0.000,0,WARMING_UP,0,0,0.459,0.014,-0.313,-0.125,0.313,0.004,-0.012,1.004,-0.008,0.012,0.004,0.000,0.000,0.000,0.000,0,NULL,NULL,,0,0,0,7,255,0,250,0,0
baseline,1637,1637,0,1637,75743.283,0.975,-0.001,0.006,-0.221,0,0,0,0,0,0,0,0,0,0.000,0,WARMING_UP,0,0,0.385,0.011,-0.188,-0.125,0.313,0.004,-0.012,1.000,-0.008,-0.008,0.004,0.000,0.000,0.000,0.000,0,NULL,NULL,,0,0,0,7,255,0,250,0,0
baseline,1641,1641,0,1641,75748.282,0.975,-0.001,0.006,-0.221,0,0,0,0,0,0,0,0,0,0.000,0,WARMING_UP,0,0,0.419,0.008,0.000,-0.188,0.375,0.004,-0.008,1.000,0.000,-0.008,-0.004,0.000,0.000,0.000,0.000,0,NULL,NULL,,0,0,0,7,255,0,250,0,0
baseline,1647,1647,0,1647,75753.283,0.975,-0.001,0.006,-0.221,0,0,0,0,0,0,0,0,0,0.000,0,WARMING_UP,0,0,0.359,0.008,-0.125,-0.125,0.313,0.004,-0.008,1.000,0.000,0.008,-0.012,0.000,0.000,0.000,0.000,0,NULL,NULL,,0,0,0,7,255,0,250,0,0
baseline,1652,1652,0,1652,75758.283,0.975,-0.001,0.006,-0.221,0,0,0,0,0,0,0,0,0,0.000,0,WARMING_UP,0,0,0.545,0.008,-0.375,-0.125,0.375,0.004,-0.008,1.004,0.000,0.008,-0.012,0.000,0.000,0.000,0.000,0,NULL,NULL,,0,0,0,7,255,0,250,0,0
baseline,1656,1656,0,1656,75763.282,0.975,-0.001,0.006,-0.221,0,0,0,0,0,0,0,0,0,0.000,0,WARMING_UP,0,0,0.488,0.000,-0.250,-0.188,0.375,0.004,-0.012,1.000,0.000,0.000,-0.016,0.000,0.000,0.000,0.000,0,NULL,NULL,,0,0,0,7,255,0,250,0,0
baseline,1662,1662,0,1662,75768.283,0.975,-0.001,0.006,-0.221,0,0,0,0,0,0,0,0,0,0.000,0,WARMING_UP,0,0,0.395,0.014,0.000,-0.125,0.375,0.004,-0.012,1.000,0.008,-0.012,0.000,0.000,0.000,0.000,0.000,0,NULL,NULL,,0,0,0,7,255,0,250,0,0
baseline,1667,1667,0,1667,75773.283,0.975,-0.001,0.006,-0.221,0,0,0,0,0,0,0,0,0,0.000,0,WARMING_UP,0,0,0.359,0.014,-0.125,-0.125,0.313,0.004,-0.008,1.004,0.008,-0.012,0.000,0.000,0.000,0.000,0.000,0,NULL,NULL,,0,0,0,7,255,0,250,0,0
baseline,1672,1672,0,1672,75778.283,0.975,-0.001,0.006,-0.221,0,0,0,0,0,0,0,0,0,0.000,0,WARMING_UP,0,0,0.523,0.021,-0.313,-0.188,0.375,0.008,-0.008,1.000,0.008,0.020,0.000,0.000,0.000,0.000,0.000,0,NULL,NULL,,0,0,0,7,255,0,250,0,0
baseline,1677,1677,0,1677,75783.286,0.975,-0.001,0.006,-0.221,0,0,0,0,0,0,0,0,0,0.000,0,WARMING_UP,0,0,0.459,0.021,-0.313,-0.125,0.313,0.004,-0.012,1.004,0.008,0.020,0.008,0.000,0.000,0.000,0.000,0,NULL,NULL,,0,0,0,7,255,0,250,0,0
baseline,1681,1681,0,1681,75788.282,0.975,-0.001,0.006,-0.221,0,0,0,0,0,0,0,0,0,0.000,0,WARMING_UP,0,0,0.459,0.009,-0.188,-0.188,0.375,0.004,-0.012,1.000,0.008,-0.004,0.000,0.000,0.000,0.000,0.000,0,NULL,NULL,,0,0,0,7,255,0,250,0,0
baseline,1687,1687,0,1687,75793.283,0.975,-0.001,0.006,-0.221,0,0,0,0,0,0,0,0,0,0.000,0,WARMING_UP,0,0,0.405,0.004,-0.063,-0.250,0.313,0.004,-0.008,1.000,0.000,-0.004,0.000,0.000,0.000,0.000,0.000,0,NULL,NULL,,0,0,0,7,255,0,250,0,0
baseline,1691,1691,0,1691,75798.282,0.975,-0.001,0.006,-0.221,0,0,0,0,0,0,0,0,0,0.000,0,WARMING_UP,0,0,0.424,0.004,-0.063,-0.188,0.375,0.004,-0.008,1.000,0.000,0.004,0.000,0.000,0.000,0.000,0.000,0,NULL,NULL,,0,0,0,7,255,0,250,0,0
baseline,1697,1697,0,1697,75803.283,0.975,-0.001,0.006,-0.221,0,0,0,0,0,0,0,0,0,0.000,0,WARMING_UP,0,0,0.459,0.006,-0.313,-0.125,0.313,0.004,-0.008,1.004,-0.004,0.004,0.000,0.000,0.000,0.000,0.000,0,NULL,NULL,,0,0,0,7,255,0,250,0,0
baseline,1702,1702,0,1702,75808.283,0.975,-0.001,0.006,-0.221,0,0,0,0,0,0,0,0,0,0.000,0,WARMING_UP,0,0,0.442,0.009,-0.250,-0.188,0.313,0.004,-0.012,1.000,-0.008,-0.004,0.000,0.000,0.000,0.000,0.000,0,NULL,NULL,,0,0,0,7,255,0,250,0,0
baseline,1707,1707,0,1707,75813.283,0.975,-0.001,0.006,-0.221,0,0,0,0,0,0,0,0,0,0.000,0,WARMING_UP,0,0,0.468,0.009,-0.125,-0.250,0.375,0.004,-0.008,1.000,-0.008,-0.004,0.000,0.000,0.000,0.000,0.000,0,NULL,NULL,,0,0,0,7,255,0,250,0,0
baseline,1712,1712,0,1712,75818.283,0.975,-0.001,0.006,-0.221,0,0,0,0,0,0,0,0,0,0.000,0,WARMING_UP,0,0,0.385,0.009,-0.125,-0.188,0.313,0.008,-0.008,1.000,0.008,0.004,-0.004,0.000,0.000,0.000,0.000,0,NULL,NULL,,0,0,0,7,255,0,250,0,0
baseline,1717,1717,0,1717,75823.283,0.975,-0.001,0.006,-0.221,0,0,0,0,0,0,0,0,0,0.000,0,WARMING_UP,0,0,0.438,0.011,-0.188,-0.125,0.375,0.004,-0.008,1.000,0.008,0.008,-0.004,0.000,0.000,0.000,0.000,0,NULL,NULL,,0,0,0,7,255,0,250,0,0
baseline,1721,1721,0,1721,75828.282,0.975,-0.001,0.006,-0.221,0,0,0,0,0,0,0,0,0,0.000,0,WARMING_UP,0,0,0.488,0.009,-0.250,-0.188,0.375,0.004,-0.012,1.000,-0.004,0.008,-0.016,0.000,0.000,0.000,0.000,0,NULL,NULL,,0,0,0,7,255,0,250,0,0
baseline,1727,1727,0,1727,75833.286,0.975,-0.001,0.006,-0.221,0,0,0,0,0,0,0,0,0,0.000,0,WARMING_UP,0,0,0.488,0.009,-0.250,-0.188,0.375,0.004,-0.012,1.008,-0.004,-0.008,-0.004,0.000,0.000,0.000,0.000,0,NULL,NULL,,0,0,0,7,255,0,250,0,0
baseline,1732,1732,0,1732,75838.283,0.975,-0.001,0.006,-0.221,0,0,0,0,0,0,0,0,0,0.000,0,WARMING_UP,0,0,0.438,0.009,-0.125,-0.188,0.375,0.004,-0.012,1.000,-0.004,-0.008,-0.008,0.000,0.000,0.000,0.000,0,NULL,NULL,,0,0,0,7,255,0,250,0,0
baseline,1737,1737,0,1737,75843.283,0.975,-0.001,0.006,-0.221,0,0,0,0,0,0,0,0,0,0.000,0,WARMING_UP,0,0,0.419,0.009,-0.125,-0.250,0.313,0.004,-0.008,1.004,-0.004,-0.008,0.004,0.000,0.000,0.000,0.000,0,NULL,NULL,,0,0,0,7,255,0,250,0,0
baseline,1741,1741,0,1741,75848.282,0.975,-0.001,0.006,-0.221,0,0,0,0,0,0,0,0,0,0.000,0,WARMING_UP,0,0,0.468,0.006,-0.250,-0.125,0.375,0.004,-0.008,1.004,-0.004,0.004,0.004,0.000,0.000,0.000,0.000,0,NULL,NULL,,0,0,0,7,255,0,250,0,0
baseline,1747,1747,0,1747,75853.283,0.975,-0.001,0.006,-0.221,0,0,0,0,0,0,0,0,0,0.000,0,WARMING_UP,0,0,0.468,0.004,-0.250,-0.125,0.375,0.004,-0.012,1.004,0.000,0.004,0.004,0.000,0.000,0.000,0.000,0,NULL,NULL,,0,0,0,7,255,0,250,0,0
baseline,1751,1751,0,1751,75858.282,0.975,-0.001,0.006,-0.221,0,0,0,0,0,0,0,0,0,0.000,0,WARMING_UP,0,0,0.385,0.000,-0.125,-0.188,0.313,0.004,-0.008,1.000,0.000,0.000,0.004,0.000,0.000,0.000,0.000,0,NULL,NULL,,0,0,0,7,255,0,250,0,0
baseline,1757,1757,0,1757,75863.283,0.975,-0.001,0.006,-0.221,0,0,0,0,0,0,0,0,0,0.000,0,WARMING_UP,0,0,0.385,0.008,-0.125,-0.188,0.313,0.004,-0.012,1.000,0.008,0.000,-0.004,0.000,0.000,0.000,0.000,0,NULL,NULL,,0,0,0,7,255,0,250,0,0
baseline,1762,1762,0,1762,75868.283,0.975,-0.001,0.006,-0.221,0,0,0,0,0,0,0,0,0,0.000,0,WARMING_UP,0,0,0.459,0.000,-0.188,-0.188,0.375,0.004,-0.008,1.000,0.000,0.000,-0.004,0.000,0.000,0.000,0.000,0,NULL,NULL,,0,0,0,7,255,0,250,0,0
baseline,1767,1767,0,1767,75873.283,0.975,-0.001,0.006,-0.221,0,0,0,0,0,0,0,0,0,0.000,0,WARMING_UP,0,0,0.459,0.000,-0.188,-0.188,0.375,0.004,-0.008,1.004,0.000,0.000,-0.004,0.000,0.000,0.000,0.000,0,NULL,NULL,,0,0,0,7,255,0,250,0,0
baseline,1771,1771,0,1771,75878.282,0.975,-0.001,0.006,-0.221,0,0,0,0,0,0,0,0,0,0.000,0,WARMING_UP,0,0,0.488,0.000,-0.250,-0.188,0.375,0.004,-0.012,1.004,0.000,0.000,0.016,0.000,0.000,0.000,0.000,0,NULL,NULL,,0,0,0,7,255,0,250,0,0
baseline,1777,1777,0,1777,75883.286,0.975,-0.001,0.006,-0.221,0,0,0,0,0,0,0,0,0,0.000,0,WARMING_UP,0,0,0.488,0.000,-0.188,-0.250,0.375,0.004,-0.008,1.000,0.000,0.000,0.016,0.000,0.000,0.000,0.000,0,NULL,NULL,,0,0,0,7,255,0,250,0,0
baseline,1781,1781,0,1781,75888.282,0.975,-0.001,0.006,-0.221,0,0,0,0,0,0,0,0,0,0.000,0,WARMING_UP,0,0,0.385,0.000,-0.125,-0.188,0.313,0.004,-0.008,1.000,0.000,0.000,-0.012,0.000,0.000,0.000,0.000,0,NULL,NULL,,0,0,0,7,255,0,250,0,0
baseline,1787,1787,0,1787,75893.283,0.975,-0.001,0.006,-0.221,0,0,0,0,0,0,0,0,0,0.000,0,WARMING_UP,0,0,0.442,0.009,-0.250,-0.188,0.313,0.004,-0.008,1.004,-0.004,0.008,-0.012,0.000,0.000,0.000,0.000,0,NULL,NULL,,0,0,0,7,255,0,250,0,0
baseline,1791,1791,0,1791,75898.282,0.975,-0.001,0.006,-0.221,0,0,0,0,0,0,0,0,0,0.000,0,WARMING_UP,0,0,0.492,0.009,-0.313,-0.063,0.375,0.004,-0.008,1.004,-0.004,0.008,0.008,0.000,0.000,0.000,0.000,0,NULL,NULL,,0,0,0,7,255,0,250,0,0
baseline,1797,1797,0,1797,75903.283,0.975,-0.001,0.006,-0.221,0,0,0,0,0,0,0,0,0,0.000,0,WARMING_UP,0,0,0.410,0.000,-0.188,-0.188,0.313,0.004,-0.012,1.000,0.000,0.000,0.008,0.000,0.000,0.000,0.000,0,NULL,NULL,,0,0,0,7,255,0,250,0,0
baseline,1802,1802,0,1802,75908.283,0.975,-0.001,0.006,-0.221,0,0,0,0,0,0,0,0,0,0.000,0,WARMING_UP,0,0,0.424,0.000,-0.063,-0.188,0.375,0.004,-0.008,1.000,0.000,0.000,-0.004,0.000,0.000,0.000,0.000,0,NULL,NULL,,0,0,0,7,255,0,250,0,0
baseline,1807,1807,0,1807,75913.283,0.975,-0.001,0.006,-0.221,0,0,0,0,0,0,0,0,0,0.000,0,WARMING_UP,0,0,0.385,0.000,-0.125,-0.188,0.313,0.004,-0.008,1.000,0.000,0.000,-0.004,0.000,0.000,0.000,0.000,0,NULL,NULL,,0,0,0,7,255,0,250,0,0
baseline,1812,1812,0,1812,75918.283,0.975,-0.001,0.006,-0.221,0,0,0,0,0,0,0,0,0,0.000,0,WARMING_UP,0,0,0.504,0.004,-0.313,-0.125,0.375,0.004,-0.012,1.004,-0.004,0.000,-0.004,0.000,0.000,0.000,0.000,0,NULL,NULL,,0,0,0,7,255,0,250,0,0
baseline,1817,1817,0,1817,75923.283,0.975,-0.001,0.006,-0.221,0,0,0,0,0,0,0,0,0,0.000,0,WARMING_UP,0,0,0.442,0.009,-0.250,-0.188,0.313,0.004,-0.012,1.004,-0.004,-0.008,0.008,0.000,0.000,0.000,0.000,0,NULL,NULL,,0,0,0,7,255,0,250,0,0
baseline,1822,1822,0,1822,75928.283,0.975,-0.001,0.006,-0.221,0,0,0,0,0,0,0,0,0,0.000,0,WARMING_UP,0,0,0.370,0.008,-0.063,-0.188,0.313,0.004,-0.012,1.000,0.000,-0.008,0.008,0.000,0.000,0.000,0.000,0,NULL,NULL,,0,0,0,7,255,0,250,0,0
baseline,1827,1827,0,1827,75933.286,0.975,-0.001,0.006,-0.221,0,0,0,0,0,0,0,0,0,0.000,0,WARMING_UP,0,0,0.424,0.008,-0.063,-0.188,0.375,0.004,-0.012,1.000,0.000,-0.008,-0.012,0.000,0.000,0.000,0.000,0,NULL,NULL,,0,0,0,7,255,0,250,0,0
baseline,1832,1832,0,1832,75938.283,0.975,-0.001,0.006,-0.221,0,0,0,0,0,0,0,0,0,0.000,0,WARMING_UP,0,0,0.442,0.008,-0.250,-0.188,0.313,0.004,-0.008,1.004,0.000,-0.008,-0.012,0.000,0.000,0.000,0.000,0,NULL,NULL,,0,0,0,7,255,0,250,0,0
baseline,1837,1837,0,1837,75943.283,0.975,-0.001,0.006,-0.221,0,0,0,0,0,0,0,0,0,0.000,0,WARMING_UP,0,0,0.504,0.004,-0.375,-0.125,0.313,0.004,-0.012,1.004,0.000,-0.004,0.004,0.000,0.000,0.000,0.000,0,NULL,NULL,,0,0,0,7,255,0,250,0,0
baseline,1841,1841,0,1841,75948.282,0.975,-0.001,0.006,-0.221,0,0,0,0,0,0,0,0,0,0.000,0,WARMING_UP,0,0,0.459,0.006,-0.188,-0.188,0.375,0.004,-0.012,1.004,0.004,-0.004,0.004,0.000,0.000,0.000,0.000,0,NULL,NULL,,0,0,0,7,255,0,250,0,0
baseline,1847,1847,0,1847,75953.283,0.975,-0.001,0.006,-0.221,0,0,0,0,0,0,0,0,0,0.000,0,WARMING_UP,0,0,0.419,0.006,0.000,-0.188,0.375,0.004,-0.008,1.000,0.004,-0.004,0.004,0.000,0.000,0.000,0.000,0,NULL,NULL,,0,0,0,7,255,0,250,0,0
baseline,1852,1852,0,1852,75958.283,0.975,-0.001,0.006,-0.221,0,0,0,0,0,0,0,0,0,0.000,0,WARMING_UP,0,0,0.359,0.004,-0.125,-0.125,0.313,0.004,-0.008,1.000,0.000,-0.004,-0.012,0.000,0.000,0.000,0.000,0,NULL,NULL,,0,0,0,7,255,0,250,0,0
baseline,1857,1857,0,1857,75963.283,0.975,-0.001,0.006,-0.221,0,0,0,0,0,0,0,0,0,0.000,0,WARMING_UP,0,0,0.523,0.009,-0.313,-0.188,0.375,0.004,-0.008,1.004,-0.004,0.008,-0.012,0.000,0.000,0.000,0.000,0,NULL,NULL,,0,0,0,7,255,0,250,0,0
baseline,1861,1861,0,1861,75968.282,0.975,-0.001,0.006,-0.221,0,0,0,0,0,0,0,0,0,0.000,0,WARMING_UP,0,0,0.468,0.008,-0.250,-0.125,0.375,0.004,-0.012,1.004,0.000,0.008,0.004,0.000,0.000,0.000,0.000,0,NULL,NULL,,0,0,0,7,255,0,250,0,0
baseline,1867,1867,0,1867,75973.283,0.975,-0.001,0.006,-0.221,0,0,0,0,0,0,0,0,0,0.000,0,WARMING_UP,0,0,0.424,0.006,-0.063,-0.188,0.375,0.004,-0.012,1.000,0.004,-0.004,0.004,0.000,0.000,0.000,0.000,0,NULL,NULL,,0,0,0,7,255,0,250,0,0
baseline,1871,1871,0,1871,75978.282,0.975,-0.001,0.006,-0.221,0,0,0,0,0,0,0,0,0,0.000,0,WARMING_UP,0,0,0.364,0.006,0.000,-0.188,0.313,0.004,-0.008,1.000,0.004,-0.004,-0.008,0.000,0.000,0.000,0.000,0,NULL,NULL,,0,0,0,7,255,0,250,0,0
baseline,1877,1877,0,1877,75983.284,0.975,-0.001,0.006,-0.221,0,0,0,0,0,0,0,0,0,0.000,0,WARMING_UP,0,0,0.419,0.009,-0.250,-0.125,0.313,0.004,-0.008,1.000,-0.004,0.008,-0.008,0.000,0.000,0.000,0.000,0,NULL,NULL,,0,0,0,7,255,0,250,0,0
baseline,1881,1881,0,1881,75988.282,0.975,-0.001,0.006,-0.221,0,0,0,0,0,0,0,0,0,0.000,0,WARMING_UP,0,0,0.405,0.014,-0.250,-0.063,0.313,0.004,-0.008,1.004,-0.012,0.008,0.000,0.000,0.000,0.000,0.000,0,NULL,NULL,,0,0,0,7,255,0,250,0,0
baseline,1887,1887,0,1887,75993.283,0.975,-0.001,0.006,-0.221,0,0,0,0,0,0,0,0,0,0.000,0,WARMING_UP,0,0,0.359,0.012,-0.125,-0.125,0.313,0.004,-0.008,1.000,-0.012,-0.004,0.000,0.000,0.000,0.000,0.000,0,NULL,NULL,,0,0,0,7,255,0,250,0,0
baseline,1891,1891,0,1891,75998.282,0.975,-0.001,0.006,-0.221,0,0,0,0,0,0,0,0,0,0.000,0,WARMING_UP,0,0,0.400,0.006,-0.063,-0.125,0.375,0.004,-0.008,1.000,-0.004,-0.004,-0.004,0.000,0.000,0.000,0.000,0,NULL,NULL,,0,0,0,7,255,0,250,0,0
baseline,1897,1897,0,1897,76003.283,0.975,-0.001,0.006,-0.221,0,0,0,0,0,0,0,0,0,0.000,0,WARMING_UP,0,0,0.385,0.004,-0.188,-0.125,0.313,0.004,-0.008,1.000,-0.004,0.000,-0.008,0.000,0.000,0.000,0.000,0,NULL,NULL,,0,0,0,7,255,0,250,0,0
baseline,1901,1901,0,1901,76008.282,0.975,-0.001,0.006,-0.221,0,0,0,0,0,0,0,0,0,0.000,0,WARMING_UP,0,0,0.385,0.012,-0.188,-0.125,0.313,0.004,-0.008,1.000,-0.004,0.012,-0.008,0.000,0.000,0.000,0.000,0,NULL,NULL,,0,0,0,7,255,0,250,0,0
baseline,1907,1907,0,1907,76013.283,0.975,-0.001,0.006,-0.221,0,0,0,0,0,0,0,0,0,0.000,0,WARMING_UP,0,0,0.455,0.012,-0.250,-0.063,0.375,0.004,-0.008,1.004,-0.004,0.012,-0.004,0.000,0.000,0.000,0.000,0,NULL,NULL,,0,0,0,7,255,0,250,0,0
baseline,1912,1912,0,1912,76018.283,0.975,-0.001,0.006,-0.222,0,0,0,0,0,0,0,0,0,0.000,0,WARMING_UP,0,0,0.552,0.004,-0.438,-0.125,0.313,0.004,-0.012,1.004,-0.004,0.000,0.008,0.000,0.000,0.000,0.000,0,NULL,NULL,,0,0,0,7,255,0,250,0,0
baseline,1917,1917,0,1917,76023.283,0.975,-0.001,0.006,-0.222,0,0,0,0,0,0,0,0,0,0.000,0,WARMING_UP,0,0,0.415,0.026,-0.125,-0.125,0.375,0.004,-0.012,1.000,0.012,-0.023,0.008,0.000,0.000,0.000,0.000,0,NULL,NULL,,0,0,0,7,255,0,250,0,0
baseline,1921,1921,0,1921,76028.282,0.975,-0.001,0.006,-0.222,0,0,0,0,0,0,0,0,0,0.000,0,WARMING_UP,0,0,0.438,0.026,0.125,-0.188,0.375,0.004,-0.012,1.000,0.012,-0.023,0.000,0.000,0.000,0.000,0.000,0,NULL,NULL,,0,0,0,7,255,0,250,0,0
baseline,1927,1927,0,1927,76033.286,0.975,-0.001,0.006,-0.222,0,0,0,0,0,0,0,0,0,0.000,0,WARMING_UP,0,0,0.385,0.006,-0.063,-0.063,0.375,0.004,-0.008,1.004,0.004,-0.004,0.000,0.000,0.000,0.000,0.000,0,NULL,NULL,,0,0,0,7,255,0,250,0,0
baseline,1931,1931,0,1931,76038.282,0.975,-0.001,0.006,-0.222,0,0,0,0,0,0,0,0,0,0.000,0,WARMING_UP,0,0,0.569,0.014,-0.438,-0.188,0.313,0.004,-0.008,1.000,-0.008,0.012,0.000,0.000,0.000,0.000,0.000,0,NULL,NULL,,0,0,0,7,255,0,250,0,0
baseline,1937,1937,0,1937,76043.283,0.975,-0.001,0.006,-0.222,0,0,0,0,0,0,0,0,0,0.000,0,WARMING_UP,0,0,0.504,0.014,-0.375,-0.125,0.313,0.004,-0.012,1.000,-0.008,0.012,-0.004,0.000,0.000,0.000,0.000,0,NULL,NULL,,0,0,0,7,255,0,250,0,0
baseline,1941,1941,0,1941,76048.282,0.975,-0.001,0.006,-0.222,0,0,0,0,0,0,0,0,0,0.000,0,WARMING_UP,0,0,0.325,0.020,-0.063,-0.063,0.313,0.004,-0.012,1.000,0.016,-0.012,-0.027,0.000,0.000,0.000,0.000,0,NULL,NULL,,0,0,0,7,255,0,250,0,0
baseline,1947,1947,0,1947,76053.283,0.975,-0.001,0.006,-0.222,0,0,0,0,0,7,0,0,0,0.000,0,WARMING_UP,0,0,0.364,0.020,0.000,-0.188,0.313,0.004,-0.008,1.004,0.016,-0.012,-0.027,0.000,0.000,0.000,0.000,0,NULL,NULL,,0,0,0,7,255,0,250,0,0
baseline,1952,1952,0,1952,76058.283,0.975,-0.001,0.006,-0.222,0,0,0,0,0,0,0,0,0,0.000,0,WARMING_UP,0,0,0.400,0.012,-0.250,0.000,0.313,0.004,-0.008,1.004,-0.004,0.012,0.023,0.000,0.000,0.000,0.000,0,NULL,NULL,,0,0,0,7,255,0,250,0,0
baseline,1956,1956,0,1956,76063.282,0.975,-0.001,0.006,-0.222,0,0,0,0,0,0,0,0,0,0.000,0,WARMING_UP,0,0,0.523,0.012,-0.313,-0.188,0.375,0.004,-0.008,1.004,-0.004,0.012,0.027,0.000,0.000,0.000,0.000,0,NULL,NULL,,0,0,0,7,255,0,250,0,0
baseline,1962,1962,0,1962,76068.283,0.975,-0.001,0.006,-0.222,0,0,0,0,0,0,0,0,0,0.000,0,WARMING_UP,0,0,0.442,0.000,-0.250,-0.188,0.313,0.004,-0.012,0.996,0.000,0.000,0.023,0.000,0.000,0.000,0.000,0,NULL,NULL,,0,0,0,7,255,0,250,0,0
baseline,1966,1966,0,1966,76073.282,0.975,-0.001,0.006,-0.222,0,0,0,0,0,0,0,0,0,0.000,0,WARMING_UP,0,0,0.400,0.009,-0.063,-0.125,0.375,0.004,-0.012,1.000,0.008,-0.004,-0.008,0.000,0.000,0.000,0.000,0,NULL,NULL,,0,0,0,7,255,0,250,0,0
baseline,1972,1972,0,1972,76078.283,0.975,-0.001,0.006,-0.222,0,0,0,0,0,0,0,0,0,0.000,0,WARMING_UP,0,0,0.424,0.009,-0.188,-0.063,0.375,0.004,-0.008,1.004,0.008,-0.004,-0.008,0.000,0.000,0.000,0.000,0,NULL,NULL,,0,0,0,7,255,0,250,0,0
baseline,1977,1977,0,1977,76083.283,0.975,-0.001,0.006,-0.222,0,0,0,0,0,0,0,0,0,0.000,0,WARMING_UP,0,0,0.504,0.017,-0.313,-0.125,0.375,0.004,-0.008,1.004,-0.012,0.012,0.004,0.000,0.000,0.000,0.000,0,NULL,NULL,,0,0,0,7,255,0,250,0,0
baseline,1982,1982,0,1982,76088.283,0.975,-0.001,0.006,-0.222,0,0,0,0,0,0,0,0,0,0.000,0,WARMING_UP,0,0,0.468,0.017,-0.250,-0.125,0.375,0.004,-0.012,1.000,-0.012,0.012,0.004,0.000,0.000,0.000,0.000,0,NULL,NULL,,0,0,0,7,255,0,250,0,0
baseline,1986,1986,0,1986,76093.282,0.975,-0.001,0.006,-0.222,0,0,0,0,0,0,0,0,0,0.000,0,WARMING_UP,0,0,0.438,0.017,-0.188,-0.125,0.375,0.004,-0.012,0.996,0.012,-0.012,0.000,0.000,0.000,0.000,0.000,0,NULL,NULL,,0,0,0,7,255,0,250,0,0
baseline,1992,1992,0,1992,76098.283,0.975,-0.001,0.006,-0.222,0,0,0,0,0,0,0,0,0,0.000,0,WARMING_UP,0,0,0.415,0.017,-0.125,-0.125,0.375,0.004,-0.008,1.004,0.012,-0.012,0.000,0.000,0.000,0.000,0.000,0,NULL,NULL,,0,0,0,7,255,0,250,0,0
baseline,1997,1997,0,1997,76103.283,0.975,-0.001,0.006,-0.222,0,0,0,0,0,0,0,0,0,0.000,0,WARMING_UP,0,0,0.385,0.004,-0.188,-0.125,0.313,0.004,-0.008,1.004,-0.004,0.000,0.008,0.000,0.000,0.000,0.000,0,NULL,NULL,,0,0,0,7,255,0,250,0,0
baseline,2002,2002,0,2002,76108.283,0.975,-0.001,0.006,-0.222,0,0,0,0,0,0,0,0,0,0.000,0,WARMING_UP,0,0,0.385,0.006,-0.125,-0.188,0.313,0.004,-0.008,1.000,-0.004,0.004,0.008,0.000,0.000,0.000,0.000,0,NULL,NULL,,0,0,0,7,255,0,250,0,0
baseline,2007,2007,0,2007,76113.283,0.975,-0.001,0.006,-0.222,0,0,0,0,0,0,0,0,0,0.000,0,WARMING_UP,0,0,0.385,0.000,-0.188,-0.125,0.313,0.004,-0.012,1.000,0.000,0.000,-0.004,0.000,0.000,0.000,0.000,0,NULL,NULL,,0,0,0,7,255,0,250,0,0
baseline,2012,2012,0,2012,76118.283,0.975,-0.001,0.006,-0.222,0,0,0,0,0,0,0,0,0,0.000,0,WARMING_UP,0,0,0.438,0.004,-0.188,-0.125,0.375,0.004,-0.008,1.000,0.000,0.004,-0.004,0.000,0.000,0.000,0.000,0,NULL,NULL,,0,0,0,7,255,0,250,0,0
baseline,2017,2017,0,2017,76123.283,0.975,-0.001,0.006,-0.222,0,0,0,0,0,0,0,0,0,0.000,0,WARMING_UP,0,0,0.385,0.008,-0.188,-0.125,0.313,0.004,-0.012,1.004,0.000,-0.008,0.000,0.000,0.000,0.000,0.000,0,NULL,NULL,,0,0,0,7,255,0,250,0,0
baseline,2021,2021,0,2021,76128.282,0.975,-0.001,0.006,-0.222,0,0,0,0,0,0,0,0,0,0.000,0,WARMING_UP,0,0,0.415,0.008,-0.125,-0.125,0.375,0.004,-0.008,1.004,-0.008,0.000,0.008,0.000,0.000,0.000,0.000,0,NULL,NULL,,0,0,0,7,255,0,250,0,0
baseline,2027,2027,0,2027,76133.285,0.975,-0.001,0.006,-0.222,0,0,0,0,0,0,0,0,0,0.000,0,WARMING_UP,0,0,0.342,0.004,-0.125,-0.063,0.313,0.004,-0.012,1.000,0.000,-0.004,0.008,0.000,0.000,0.000,0.000,0,NULL,NULL,,0,0,0,7,255,0,250,0,0
baseline,2032,2032,0,2032,76138.283,0.975,-0.001,0.006,-0.222,0,0,0,0,0,0,0,0,0,0.000,0,WARMING_UP,0,0,0.385,0.004,-0.188,-0.125,0.313,0.004,-0.008,1.000,0.004,0.000,-0.008,0.000,0.000,0.000,0.000,0,NULL,NULL,,0,0,0,7,255,0,250,0,0
baseline,2037,2037,0,2037,76143.283,0.975,-0.001,0.006,-0.222,0,0,0,0,0,0,0,0,0,0.000,0,WARMING_UP,0,0,0.468,0.004,-0.250,-0.125,0.375,0.004,-0.008,1.004,0.004,0.000,-0.008,0.000,0.000,0.000,0.000,0,NULL,NULL,,0,0,0,7,255,0,250,0,0
baseline,2041,2041,0,2041,76148.282,0.975,-0.001,0.006,-0.222,0,0,0,0,0,0,0,0,0,0.000,0,WARMING_UP,0,0,0.405,0.008,-0.250,-0.063,0.313,0.004,-0.012,1.004,0.008,0.000,0.004,0.000,0.000,0.000,0.000,0,NULL,NULL,,0,0,0,7,255,0,250,0,0
baseline,2047,2047,0,2047,76153.283,0.975,-0.001,0.006,-0.222,0,0,0,0,0,0,0,0,0,0.000,0,WARMING_UP,0,0,0.359,0.004,-0.125,-0.125,0.313,0.004,-0.008,1.000,0.000,-0.004,0.004,0.000,0.000,0.000,0.000,0,NULL,NULL,,0,0,0,7,255,0,250,0,0
baseline,2051,2051,0,2051,76158.282,0.975,-0.001,0.006,-0.222,0,0,0,0,0,0,0,0,0,0.000,0,WARMING_UP,0,0,0.385,0.004,-0.125,-0.188,0.313,0.004,-0.008,1.000,0.000,-0.004,-0.008,0.000,0.000,0.000,0.000,0,NULL,NULL,,0,0,0,7,255,0,250,0,0
baseline,2057,2057,0,2057,76163.283,0.975,-0.001,0.006,-0.222,0,0,0,0,0,0,0,0,0,0.000,0,WARMING_UP,0,0,0.410,0.016,-0.188,-0.188,0.313,0.004,-0.008,1.000,-0.004,0.016,-0.016,0.000,0.000,0.000,0.000,0,NULL,NULL,,0,0,0,7,255,0,250,0,0
baseline,2062,2062,0,2062,76168.283,0.975,-0.001,0.006,-0.222,0,0,0,0,0,0,0,0,0,0.000,0,WARMING_UP,0,0,0.446,0.016,-0.313,-0.063,0.313,0.004,-0.008,1.004,-0.004,0.016,-0.016,0.000,0.000,0.000,0.000,0,NULL,NULL,,0,0,0,7,255,0,250,0,0
baseline,2067,2067,0,2067,76173.283,0.975,-0.001,0.006,-0.222,0,0,0,0,0,0,0,0,0,0.000,0,WARMING_UP,0,0,0.438,0.006,-0.188,-0.125,0.375,0.004,-0.012,1.004,-0.004,0.004,0.004,0.000,0.000,0.000,0.000,0,NULL,NULL,,0,0,0,7,255,0,250,0,0
baseline,2071,2071,0,2071,76178.282,0.975,-0.001,0.006,-0.222,0,0,0,0,0,0,0,0,0,0.000,0,WARMING_UP,0,0,0.370,0.006,-0.063,-0.188,0.313,0.004,-0.008,1.000,-0.004,-0.004,0.004,0.000,0.000,0.000,0.000,0,NULL,NULL,,0,0,0,7,255,0,250,0,0
baseline,2077,2077,0,2077,76183.286,0.975,-0.001,0.006,-0.222,0,0,0,0,0,0,0,0,0,0.000,0,WARMING_UP,0,0,0.385,0.006,-0.188,-0.125,0.313,0.004,-0.008,1.000,-0.004,-0.004,-0.004,0.000,0.000,0.000,0.000,0,NULL,NULL,,0,0,0,7,255,0,250,0,0
baseline,2081,2081,0,2081,76188.282,0.975,-0.001,0.006,-0.222,0,0,0,0,0,0,0,0,0,0.000,0,WARMING_UP,0,0,0.459,0.012,-0.313,-0.125,0.313,0.008,-0.008,1.000,0.004,0.012,-0.004,0.000,0.000,0.000,0.000,0,NULL,NULL,,0,0,0,7,255,0,250,0,0
baseline,2087,2087,0,2087,76193.283,0.975,-0.001,0.006,-0.222,0,0,0,0,0,0,0,0,0,0.000,0,WARMING_UP,0,0,0.480,0.012,-0.313,-0.188,0.313,0.004,-0.012,1.000,0.004,0.012,0.000,0.000,0.000,0.000,0.000,0,NULL,NULL,,0,0,0,7,255,0,250,0,0
baseline,2091,2091,0,2091,76198.282,0.975,-0.001,0.006,-0.222,0,0,0,0,0,0,0,0,0,0.000,0,WARMING_UP,0,0,0.359,0.006,-0.125,-0.125,0.313,0.004,-0.012,1.000,0.004,-0.004,0.000,0.000,0.000,0.000,0.000,0,NULL,NULL,,0,0,0,7,255,0,250,0,0
baseline,2097,2097,0,2097,76203.283,0.975,-0.001,0.006,-0.222,0,0,0,0,0,0,0,0,0,0.000,0,WARMING_UP,0,0,0.380,0.004,0.000,-0.063,0.375,0.004,-0.008,1.000,0.000,-0.004,-0.004,0.000,0.000,0.000,0.000,0,NULL,NULL,,0,0,0,7,255,0,250,0,0
baseline,2102,2102,0,2102,76208.283,0.975,-0.001,0.006,-0.222,0,0,0,0,0,0,0,0,0,0.000,0,WARMING_UP,0,0,0.438,0.004,-0.188,-0.125,0.375,0.004,-0.008,1.000,0.000,0.004,-0.004,0.000,0.000,0.000,0.000,0,NULL,NULL,,0,0,0,7,255,0,250,0,0
baseline,2107,2107,0,2107,76213.283,0.975,-0.001,0.006,-0.222,0,0,0,0,0,0,0,0,0,0.000,0,WARMING_UP,0,0,0.459,0.008,-0.313,-0.125,0.313,0.004,-0.008,1.000,0.000,0.008,0.000,0.000,0.000,0.000,0.000,0,NULL,NULL,,0,0,0,7,255,0,250,0,0
baseline,2112,2112,0,2112,76218.283,0.975,-0.001,0.006,-0.222,0,0,0,0,0,0,0,0,0,0.000,0,WARMING_UP,0,0,0.385,0.009,-0.188,-0.125,0.313,0.004,-0.012,1.004,-0.004,0.008,0.000,0.000,0.000,0.000,0.000,0,NULL,NULL,,0,0,0,7,255,0,250,0,0
baseline,2117,2117,0,2117,76223.283,0.975,-0.001,0.006,-0.222,0,0,0,0,0,0,0,0,0,0.000,0,WARMING_UP,0,0,0.385,0.012,-0.063,-0.063,0.375,0.004,-0.012,1.000,-0.004,-0.012,0.000,0.000,0.000,0.000,0.000,0,NULL,NULL,,0,0,0,7,255,0,250,0,0
baseline,2122,2122,0,2122,76228.283,0.975,-0.001,0.006,-0.222,0,0,0,0,0,0,0,0,0,0.000,0,WARMING_UP,0,0,0.325,0.012,-0.063,-0.063,0.313,0.004,-0.008,1.000,0.000,-0.012,0.000,0.000,0.000,0.000,0.000,0,NULL,NULL,,0,0,0,7,255,0,250,0,0
baseline,2127,2127,0,2127,76233.286,0.975,-0.001,0.006,-0.222,0,0,0,0,0,0,0,0,0,0.000,0,WARMING_UP,0,0,0.455,0.008,-0.250,-0.063,0.375,0.004,-0.008,1.000,0.000,0.008,-0.008,0.000,0.000,0.000,0.000,0,NULL,NULL,,0,0,0,7,255,0,250,0,0
baseline,2132,2132,0,2132,76238.283,0.975,-0.001,0.006,-0.222,0,0,0,0,0,0,0,0,0,0.000,0,WARMING_UP,0,0,0.451,0.009,-0.250,0.000,0.375,0.004,-0.008,1.004,-0.004,0.008,-0.008,0.000,0.000,0.000,0.000,0,NULL,NULL,,0,0,0,7,255,0,250,0,0
baseline,2137,2137,0,2137,76243.283,0.975,-0.001,0.006,-0.222,0,0,0,0,0,0,0,0,0,0.000,0,WARMING_UP,0,0,0.385,0.004,-0.188,-0.125,0.313,0.004,-0.008,1.004,-0.004,0.000,0.012,0.000,0.000,0.000,0.000,0,NULL,NULL,,0,0,0,7,255,0,250,0,0
baseline,2141,2141,0,2141,76248.282,0.975,-0.001,0.006,-0.222,0,0,0,0,0,0,0,0,0,0.000,0,WARMING_UP,0,0,0.359,0.006,-0.125,-0.125,0.313,0.004,-0.012,1.000,0.004,-0.004,0.012,0.000,0.000,0.000,0.000,0,NULL,NULL,,0,0,0,7,255,0,250,0,0
baseline,2147,2147,0,2147,76253.283,0.975,-0.001,0.006,-0.222,0,0,0,0,0,0,0,0,0,0.000,0,WARMING_UP,0,0,0.370,0.006,-0.188,-0.063,0.313,0.004,-0.012,1.000,0.004,-0.004,-0.020,0.000,0.000,0.000,0.000,0,NULL,NULL,,0,0,0,7,255,0,250,0,0
baseline,2152,2152,0,2152,76258.283,0.975,-0.001,0.006,-0.222,0,0,0,0,0,0,0,0,0,0.000,0,WARMING_UP,0,0,0.364,0.004,-0.188,0.000,0.313,0.004,-0.008,1.000,0.000,-0.004,-0.020,0.000,0.000,0.000,0.000,0,NULL,NULL,,0,0,0,7,255,0,250,0,0
baseline,2157,2157,0,2157,76263.283,0.975,-0.001,0.006,-0.222,0,0,0,0,0,0,0,0,0,0.000,0,WARMING_UP,0,0,0.424,0.000,-0.188,-0.063,0.375,0.004,-0.008,1.000,0.000,0.000,-0.012,0.000,0.000,0.000,0.000,0,NULL,NULL,,0,0,0,7,255,0,250,0,0
baseline,2161,2161,0,2161,76268.282,0.975,-0.001,0.006,-0.222,0,0,0,0,0,0,0,0,0,0.000,0,WARMING_UP,0,0,0.451,0.004,-0.250,0.000,0.375,0.004,-0.008,1.000,0.000,0.004,-0.012,0.000,0.000,0.000,0.000,0,NULL,NULL,,0,0,0,7,255,0,250,0,0
baseline,2167,2167,0,2167,76273.283,0.975,-0.001,0.006,-0.222,0,0,0,0,0,0,0,0,0,0.000,0,WARMING_UP,0,0,0.370,0.008,-0.188,0.063,0.313,0.004,-0.008,1.000,0.000,0.008,-0.020,0.000,0.000,0.000,0.000,0,NULL,NULL,,0,0,0,7,255,0,250,0,0
baseline,2171,2171,0,2171,76278.282,0.975,-0.001,0.006,-0.222,0,0,0,0,0,0,0,0,0,0.000,0,WARMING_UP,0,0,0.419,0.008,-0.188,0.000,0.375,0.004,-0.012,1.000,0.000,0.008,-0.020,0.000,0.000,0.000,0.000,0,NULL,NULL,,0,0,0,7,255,0,250,0,0
baseline,2177,2177,0,2177,76283.286,0.975,-0.001,0.006,-0.222,0,0,0,0,0,0,0,0,0,0.000,0,WARMING_UP,0,0,0.492,0.009,-0.375,-0.063,0.313,0.004,-0.008,1.004,0.004,0.008,0.000,0.000,0.000,0.000,0.000,0,NULL,NULL,,0,0,0,7,255,0,250,0,0
baseline,2181,2181,0,2181,76288.282,0.975,-0.001,0.006,-0.222,0,0,0,0,0,0,0,0,0,0.000,0,WARMING_UP,0,0,0.405,0.004,-0.250,-0.063,0.313,0.004,-0.008,1.004,0.004,0.000,0.031,0.000,0.000,0.000,0.000,0,NULL,NULL,,0,0,0,7,255,0,250,0,0
baseline,2187,2187,0,2187,76293.283,0.975,-0.001,0.006,-0.222,0,0,0,0,0,0,0,0,0,0.000,0,WARMING_UP,0,0,0.405,0.006,-0.250,-0.063,0.313,0.004,-0.008,1.000,0.004,0.004,0.031,0.000,0.000,0.000,0.000,0,NULL,NULL,,0,0,0,7,255,0,250,0,0
baseline,2191,2191,0,2191,76298.282,0.975,-0.001,0.006,-0.222,0,0,0,0,0,0,0,0,0,0.000,0,WARMING_UP,0,0,0.438,0.006,-0.188,-0.125,0.375,0.004,-0.008,1.000,0.004,0.004,-0.004,0.000,0.000,0.000,0.000,0,NULL,NULL,,0,0,0,7,255,0,250,0,0
baseline,2197,2197,0,2197,76303.283,0.975,-0.001,0.006,-0.222,0,0,0,0,0,0,0,0,0,0.000,0,WARMING_UP,0,0,0.455,0.006,-0.250,-0.063,0.375,0.004,-0.008,1.004,0.004,0.004,-0.004,0.000,0.000,0.000,0.000,0,NULL,NULL,,0,0,0,7,255,0,250,0,0
baseline,2201,2201,0,2201,76308.282,0.975,-0.001,0.006,-0.222,0,0,0,0,0,0,0,0,0,0.000,0,WARMING_UP,0,0,0.451,0.006,-0.250,0.000,0.375,0.004,-0.012,1.004,0.004,-0.004,0.004,0.000,0.000,0.000,0.000,0,NULL,NULL,,0,0,0,7,255,0,250,0,0
baseline,2207,2207,0,2207,76313.283,0.975,-0.001,0.006,-0.222,0,0,0,0,0,0,0,0,0,0.000,0,WARMING_UP,0,0,0.446,0.009,-0.313,-0.063,0.313,0.004,-0.012,1.000,0.004,-0.008,0.004,0.000,0.000,0.000,0.000,0,NULL,NULL,,0,0,0,7,255,0,250,0,0
baseline,2212,2212,0,2212,76318.283,0.975,-0.001,0.006,-0.222,0,0,0,0,0,0,0,0,0,0.000,0,WARMING_UP,0,0,0.424,0.009,-0.188,-0.063,0.375,0.004,-0.008,1.000,0.004,-0.008,-0.012,0.000,0.000,0.000,0.000,0,NULL,NULL,,0,0,0,7,255,0,250,0,0
baseline,2217,2217,0,2217,76323.283,0.975,-0.001,0.006,-0.222,0,0,0,0,0,0,0,0,0,0.000,0,WARMING_UP,0,0,0.451,0.012,-0.250,0.000,0.375,0.004,-0.008,1.004,0.004,0.012,-0.012,0.000,0.000,0.000,0.000,0,NULL,NULL,,0,0,0,7,255,0,250,0,0
baseline,2221,2221,0,2221,76328.282,0.975,-0.001,0.006,-0.222,0,0,0,0,0,0,0,0,0,0.000,0,WARMING_UP,0,0,0.534,0.012,-0.375,-0.063,0.375,0.004,-0.008,1.000,0.004,0.012,-0.012,0.000,0.000,0.000,0.000,0,NULL,NULL,,0,0,0,7,255,0,250,0,0
baseline,2227,2227,0,2227,76333.286,0.975,-0.001,0.006,-0.222,0,0,0,0,0,0,0,0,0,0.000,0,WARMING_UP,0,0,0.424,0.004,-0.188,-0.063,0.375,0.004,-0.012,0.996,0.004,0.000,-0.012,0.000,0.000,0.000,0.000,0,NULL,NULL,,0,0,0,7,255,0,250,0,0
baseline,2231,2231,0,2231,76338.282,0.975,-0.001,0.006,-0.222,0,0,0,0,0,0,0,0,0,0.000,0,WARMING_UP,0,0,0.468,0.004,-0.250,0.125,0.375,0.004,-0.008,1.004,0.004,0.000,-0.012,0.000,0.000,0.000,0.000,0,NULL,NULL,,0,0,0,7,255,0,250,0,0
baseline,2237,2237,0,2237,76343.283,0.975,-0.001,0.006,-0.222,0,0,0,0,0,0,0,0,0,0.000,0,WARMING_UP,0,0,0.625,0.006,-0.500,0.000,0.375,0.004,-0.012,1.012,-0.004,-0.004,0.031,0.000,0.000,0.000,0.000,0,NULL,NULL,,0,0,0,7,255,0,250,0,0
baseline,2241,2241,0,2241,76348.282,0.975,-0.001,0.006,-0.222,0,0,0,0,0,0,0,0,0,0.000,0,WARMING_UP,0,0,0.606,0.014,-0.438,-0.188,0.375,0.004,-0.012,1.020,-0.008,-0.012,0.090,0.000,0.000,0.000,0.000,0,NULL,NULL,,0,0,0,7,255,0,250,0,0
baseline,2247,2247,0,2247,76353.283,0.975,-0.001,0.006,-0.222,0,0,0,0,0,0,0,0,0,0.000,0,WARMING_UP,0,0,0.504,0.032,0.125,-0.313,0.375,0.004,-0.012,1.008,-0.008,-0.031,0.090,0.000,0.000,0.000,0.000,0,NULL,NULL,,0,0,0,7,255,0,250,0,0
baseline,2252,2252,0,2252,76358.283,0.975,-0.001,0.006,-0.222,0,0,0,0,0,0,0,0,0,0.000,0,WARMING_UP,0,0,0.616,0.031,0.375,-0.313,0.375,0.004,-0.008,0.996,0.000,-0.031,0.063,0.000,0.000,0.000,0.000,0,NULL,NULL,,0,0,0,7,255,0,250,0,0
baseline,2256,2256,0,2256,76363.282,0.975,-0.001,0.006,-0.222,0,0,0,0,0,0,0,0,0,0.000,0,WARMING_UP,0,0,0.364,0.008,0.000,-0.188,0.313,0.004,-0.008,0.992,0.000,0.008,-0.043,0.000,0.000,0.000,0.000,0,NULL,NULL,,0,0,0,7,255,0,250,0,0
baseline,2262,2262,0,2262,76368.283,0.975,-0.001,0.006,-0.222,0,0,0,0,0,0,0,0,0,0.000,0,WARMING_UP,0,0,0.619,0.023,-0.500,-0.188,0.313,0.004,-0.008,0.996,0.000,0.023,-0.047,0.000,0.000,0.000,0.000,0,NULL,NULL,,0,0,0,7,255,0,250,0,0
baseline,2266,2266,0,2266,76373.282,0.975,-0.001,0.006,-0.222,0,0,0,0,0,0,0,0,0,0.000,0,WARMING_UP,0,0,0.552,0.023,-0.438,-0.125,0.313,0.004,-0.012,1.000,0.000,0.023,-0.047,0.000,0.000,0.000,0.000,0,NULL,NULL,,0,0,0,7,255,0,250,0,0
baseline,2272,2272,0,2272,76378.283,0.975,-0.001,0.006,-0.222,0,0,0,0,0,0,0,0,0,0.000,0,WARMING_UP,0,0,0.342,0.016,-0.063,-0.125,0.313,0.004,-0.012,1.004,0.016,-0.004,-0.023,0.000,0.000,0.000,0.000,0,NULL,NULL,,0,0,0,7,255,0,250,0,0
baseline,2277,2277,0,2277,76383.283,0.975,-0.001,0.006,-0.222,0,0,0,0,0,0,0,0,0,0.000,0,WARMING_UP,0,0,0.342,0.016,-0.063,-0.125,0.313,0.004,-0.008,1.004,0.016,-0.004,0.016,0.000,0.000,0.000,0.000,0,NULL,NULL,,0,0,0,7,255,0,250,0,0
baseline,2282,2282,0,2282,76388.283,0.975,-0.001,0.006,-0.222,0,0,0,0,0,0,0,0,0,0.000,0,WARMING_UP,0,0,0.405,0.012,-0.250,-0.063,0.313,0.004,-0.008,1.000,0.012,0.004,0.016,0.000,0.000,0.000,0.000,0,NULL,NULL,,0,0,0,7,255,0,250,0,0
baseline,2286,2286,0,2286,76393.282,0.975,-0.001,0.006,-0.223,0,0,0,0,0,0,0,0,0,0.000,0,WARMING_UP,0,0,0.370,0.006,-0.188,-0.063,0.313,0.004,-0.012,0.996,0.004,0.004,-0.020,0.000,0.000,0.000,0.000,0,NULL,NULL,,0,0,0,7,255,0,250,0,0
baseline,2292,2292,0,2292,76398.283,0.975,-0.001,0.006,-0.223,0,0,0,0,0,0,0,0,0,0.000,0,WARMING_UP,0,0,0.342,0.011,-0.063,-0.125,0.313,0.004,-0.008,0.996,-0.008,0.008,-0.039,0.000,0.000,0.000,0.000,0,NULL,NULL,,0,0,0,7,255,0,250,0,0
baseline,2297,2297,0,2297,76403.283,0.975,-0.001,0.006,-0.223,0,0,0,0,0,0,0,0,0,0.000,0,WARMING_UP,0,0,0.455,0.014,-0.250,-0.063,0.375,0.004,-0.008,1.004,-0.008,0.012,-0.039,0.000,0.000,0.000,0.000,0,NULL,NULL,,0,0,0,7,255,0,250,0,0
baseline,2302,2302,0,2302,76408.283,0.975,-0.001,0.006,-0.223,0,0,0,0,0,0,0,0,0,0.000,0,WARMING_UP,0,0,0.628,0.014,-0.500,-0.063,0.375,0.004,-0.008,1.004,-0.008,0.012,0.016,0.000,0.000,0.000,0.000,0,NULL,NULL,,0,0,0,7,255,0,250,0,0
baseline,2307,2307,0,2307,76413.283,0.975,-0.001,0.006,-0.223,0,0,0,0,0,0,0,0,0,0.000,0,WARMING_UP,0,0,0.488,0.004,-0.313,0.000,0.375,0.004,-0.012,1.004,0.004,0.000,0.027,0.000,0.000,0.000,0.000,0,NULL,NULL,,0,0,0,7,255,0,250,0,0
baseline,2312,2312,0,2312,76418.283,0.975,-0.001,0.006,-0.223,0,0,0,0,0,0,0,0,0,0.000,0,WARMING_UP,0,0,0.400,0.009,0.063,-0.125,0.375,0.004,-0.012,1.000,0.004,-0.008,0.027,0.000,0.000,0.000,0.000,0,NULL,NULL,,0,0,0,7,255,0,250,0,0
baseline,2317,2317,0,2317,76423.283,0.975,-0.001,0.006,-0.223,0,0,0,0,0,0,0,0,0,0.000,0,WARMING_UP,0,0,0.380,0.011,0.000,-0.063,0.375,0.004,-0.008,1.000,-0.008,-0.008,-0.004,0.000,0.000,0.000,0.000,0,NULL,NULL,,0,0,0,7,255,0,250,0,0
baseline,2321,2321,0,2321,76428.282,0.975,-0.001,0.006,-0.223,0,0,0,0,0,0,0,0,0,0.000,0,WARMING_UP,0,0,0.504,0.022,-0.375,-0.125,0.313,0.004,-0.008,1.000,-0.016,0.016,-0.004,0.000,0.000,0.000,0.000,0,NULL,NULL,,0,0,0,7,255,0,250,0,0
baseline,2327,2327,0,2327,76433.286,0.975,-0.001,0.006,-0.223,0,0,0,0,0,0,0,0,0,0.000,0,WARMING_UP,0,0,0.603,0.022,-0.500,-0.125,0.313,0.004,-0.012,1.004,-0.016,0.016,-0.004,0.000,0.000,0.000,0.000,0,NULL,NULL,,0,0,0,7,255,0,250,0,0
baseline,2332,2332,0,2332,76438.283,0.975,-0.001,0.006,-0.223,0,0,0,0,0,0,0,0,0,0.000,0,WARMING_UP,0,0,0.359,0.014,-0.125,-0.125,0.313,0.004,-0.012,1.004,-0.008,-0.012,0.004,0.000,0.000,0.000,0.000,0,NULL,NULL,,0,0,0,7,255,0,250,0,0
baseline,2337,2337,0,2337,76443.284,0.975,-0.001,0.006,-0.223,0,0,0,0,0,0,0,0,0,0.000,0,WARMING_UP,0,0,0.400,0.012,0.063,-0.125,0.375,0.004,-0.008,1.004,-0.004,-0.012,0.012,0.000,0.000,0.000,0.000,0,NULL,NULL,,0,0,0,7,255,0,250,0,0
baseline,2342,2342,0,2342,76448.283,0.975,-0.001,0.006,-0.223,0,0,0,0,0,0,0,0,0,0.000,0,WARMING_UP,0,0,0.342,0.009,-0.125,-0.063,0.313,0.004,-0.008,1.004,-0.004,0.008,0.016,0.000,0.000,0.000,0.000,0,NULL,NULL,,0,0,0,7,255,0,250,0,0
baseline,2347,2347,0,2347,76453.283,0.975,-0.001,0.006,-0.223,0,0,0,0,0,0,0,0,0,0.000,0,WARMING_UP,0,0,0.504,0.009,-0.313,-0.125,0.375,0.004,-0.008,1.000,-0.004,0.008,0.016,0.000,0.000,0.000,0.000,0,NULL,NULL,,0,0,0,7,255,0,250,0,0
baseline,2352,2352,0,2352,76458.283,0.975,-0.001,0.006,-0.223,0,0,0,0,0,0,0,0,0,0.000,0,WARMING_UP,0,0,0.468,0.008,-0.250,-0.125,0.375,0.004,-0.012,0.996,0.000,0.008,-0.023,0.000,0.000,0.000,0.000,0,NULL,NULL,,0,0,0,7,255,0,250,0,0
baseline,2357,2357,0,2357,76463.283,0.975,-0.001,0.006,-0.223,0,0,0,0,0,0,0,0,0,0.000,0,WARMING_UP,0,0,0.400,0.011,-0.125,-0.063,0.375,0.004,-0.008,1.000,0.008,0.008,-0.023,0.000,0.000,0.000,0.000,0,NULL,NULL,,0,0,0,7,255,0,250,0,0
baseline,2362,2362,0,2362,76468.283,0.975,-0.001,0.006,-0.223,0,0,0,0,0,0,0,0,0,0.000,0,WARMING_UP,0,0,0.424,0.014,-0.188,-0.063,0.375,0.004,-0.008,1.004,0.008,0.012,-0.004,0.000,0.000,0.000,0.000,0,NULL,NULL,,0,0,0,7,255,0,250,0,0
baseline,2366,2366,0,2366,76473.282,0.975,-0.001,0.006,-0.223,0,0,0,0,0,0,0,0,0,0.000,0,WARMING_UP,0,0,0.459,0.012,-0.313,-0.125,0.313,0.004,-0.012,1.004,-0.004,0.012,0.016,0.000,0.000,0.000,0.000,0,NULL,NULL,,0,0,0,7,255,0,250,0,0
baseline,2372,2372,0,2372,76478.283,0.975,-0.001,0.006,-0.223,0,0,0,0,0,0,0,0,0,0.000,0,WARMING_UP,0,0,0.359,0.012,-0.125,-0.125,0.313,0.004,-0.012,1.000,-0.004,-0.012,0.016,0.000,0.000,0.000,0.000,0,NULL,NULL,,0,0,0,7,255,0,250,0,0
baseline,2376,2376,0,2376,76483.282,0.975,-0.001,0.006,-0.223,0,0,0,0,0,0,0,0,0,0.000,0,WARMING_UP,0,0,0.342,0.012,-0.063,-0.125,0.313,0.004,-0.008,0.996,-0.004,-0.012,-0.008,0.000,0.000,0.000,0.000,0,NULL,NULL,,0,0,0,7,255,0,250,0,0
baseline,2382,2382,0,2382,76488.283,0.975,-0.001,0.006,-0.223,0,0,0,0,0,0,0,0,0,0.000,0,WARMING_UP,0,0,0.442,0.012,-0.313,0.000,0.313,0.004,-0.008,1.004,-0.004,0.012,-0.008,0.000,0.000,0.000,0.000,0,NULL,NULL,,0,0,0,7,255,0,250,0,0
baseline,2386,2386,0,2386,76493.282,0.975,-0.001,0.006,-0.223,0,0,0,0,0,0,0,0,0,0.000,0,WARMING_UP,0,0,0.580,0.014,-0.438,-0.063,0.375,0.004,-0.008,1.004,-0.008,0.012,0.012,0.000,0.000,0.000,0.000,0,NULL,NULL,,0,0,0,7,255,0,250,0,0
baseline,2392,2392,0,2392,76498.283,0.975,-0.001,0.006,-0.223,0,0,0,0,0,0,0,0,0,0.000,0,WARMING_UP,0,0,0.438,0.008,-0.188,-0.125,0.375,0.004,-0.012,1.000,-0.008,0.000,0.012,0.000,0.000,0.000,0.000,0,NULL,NULL,,0,0,0,7,255,0,250,0,0
baseline,2396,2396,0,2396,76503.282,0.975,-0.001,0.006,-0.223,0,0,0,0,0,0,0,0,0,0.000,0,WARMING_UP,0,0,0.337,0.012,0.000,-0.125,0.313,0.004,-0.012,1.000,0.012,-0.004,0.000,0.000,0.000,0.000,0.000,0,NULL,NULL,,0,0,0,7,255,0,250,0,0
baseline,2402,2402,0,2402,76508.283,0.975,-0.001,0.006,-0.223,0,0,0,0,0,0,0,0,0,0.000,0,WARMING_UP,0,0,0.359,0.012,-0.125,-0.125,0.313,0.004,-0.008,1.000,0.012,-0.004,-0.004,0.000,0.000,0.000,0.000,0,NULL,NULL,,0,0,0,7,255,0,250,0,0
baseline,2406,2406,0,2406,76513.282,0.975,-0.001,0.006,-0.223,0,0,0,0,0,0,0,0,0,0.000,0,WARMING_UP,0,0,0.545,0.012,-0.375,-0.125,0.375,0.004,-0.008,1.004,0.000,0.012,-0.004,0.000,0.000,0.000,0.000,0,NULL,NULL,,0,0,0,7,255,0,250,0,0
baseline,2412,2412,0,2412,76518.283,0.975,-0.001,0.006,-0.223,0,0,0,0,0,0,0,0,0,0.000,0,WARMING_UP,0,0,0.504,0.012,-0.313,-0.125,0.375,0.004,-0.012,1.000,0.000,0.012,0.000,0.000,0.000,0.000,0.000,0,NULL,NULL,,0,0,0,7,255,0,250,0,0
baseline,2417,2417,0,2417,76523.283,0.975,-0.001,0.006,-0.223,0,0,0,0,0,0,0,0,0,0.000,0,WARMING_UP,0,0,0.400,0.017,-0.063,-0.125,0.375,0.004,-0.012,1.000,0.012,-0.012,0.000,0.000,0.000,0.000,0.000,0,NULL,NULL,,0,0,0,7,255,0,250,0,0
baseline,2422,2422,0,2422,76528.283,0.975,-0.001,0.006,-0.223,0,0,0,0,0,0,0,0,0,0.000,0,WARMING_UP,0,0,0.380,0.017,0.000,-0.063,0.375,0.008,-0.008,1.004,0.012,-0.012,0.000,0.000,0.000,0.000,0.000,0,NULL,NULL,,0,0,0,7,255,0,250,0,0
baseline,2426,2426,0,2426,76533.282,0.975,-0.001,0.006,-0.223,0,0,0,0,0,0,0,0,0,0.000,0,WARMING_UP,0,0,0.459,0.017,-0.313,-0.125,0.313,0.004,-0.008,1.004,0.012,0.012,0.004,0.000,0.000,0.000,0.000,0,NULL,NULL,,0,0,0,7,255,0,250,0,0
baseline,2432,2432,0,2432,76538.283,0.975,-0.001,0.006,-0.223,0,0,0,0,0,0,0,0,0,0.000,0,WARMING_UP,0,0,0.504,0.012,-0.313,-0.125,0.375,0.004,-0.012,1.004,0.004,0.012,0.016,0.000,0.000,0.000,0.000,0,NULL,NULL,,0,0,0,7,255,0,250,0,0
baseline,2437,2437,0,2437,76543.283,0.975,-0.001,0.006,-0.223,0,0,0,0,0,0,0,0,0,0.000,0,WARMING_UP,0,0,0.385,0.016,-0.063,-0.063,0.375,0.004,-0.012,1.000,0.004,-0.016,0.016,0.000,0.000,0.000,0.000,0,NULL,NULL,,0,0,0,7,255,0,250,0,0
baseline,2442,2442,0,2442,76548.283,0.975,-0.001,0.006,-0.223,0,0,0,0,0,0,0,0,0,0.000,0,WARMING_UP,0,0,0.342,0.016,0.063,-0.125,0.313,0.004,-0.008,1.000,0.004,-0.016,-0.020,0.000,0.000,0.000,0.000,0,NULL,NULL,,0,0,0,7,255,0,250,0,0
baseline,2447,2447,0,2447,76553.285,0.975,-0.001,0.006,-0.223,0,0,0,0,0,0,0,0,0,0.000,0,WARMING_UP,0,0,0.459,0.014,-0.313,-0.125,0.313,0.004,-0.008,1.004,-0.008,0.012,-0.020,0.000,0.000,0.000,0.000,0,NULL,NULL,,0,0,0,7,255,0,250,0,0
baseline,2452,2452,0,2452,76558.283,0.975,-0.001,0.006,-0.223,0,0,0,0,0,0,0,0,0,0.000,0,WARMING_UP,0,0,0.603,0.014,-0.500,-0.125,0.313,0.004,-0.012,1.004,-0.008,0.012,0.008,0.000,0.000,0.000,0.000,0,NULL,NULL,,0,0,0,7,255,0,250,0,0
baseline,2456,2456,0,2456,76563.282,0.975,-0.001,0.006,-0.223,0,0,0,0,0,0,0,0,0,0.000,0,WARMING_UP,0,0,0.438,0.006,-0.188,-0.125,0.375,0.004,-0.012,1.004,-0.004,-0.004,0.008,0.000,0.000,0.000,0.000,0,NULL,NULL,,0,0,0,7,255,0,250,0,0
baseline,2462,2462,0,2462,76568.283,0.975,-0.001,0.006,-0.223,0,0,0,0,0,0,0,0,0,0.000,0,WARMING_UP,0,0,0.400,0.006,0.063,-0.125,0.375,0.004,-0.008,1.000,0.004,-0.004,0.004,0.000,0.000,0.000,0.000,0,NULL,NULL,,0,0,0,7,255,0,250,0,0
baseline,2466,2466,0,2466,76573.282,0.975,-0.001,0.006,-0.223,0,0,0,0,0,0,0,0,0,0.000,0,WARMING_UP,0,0,0.415,0.006,-0.125,-0.125,0.375,0.004,-0.008,1.000,-0.004,0.004,-0.004,0.000,0.000,0.000,0.000,0,NULL,NULL,,0,0,0,7,255,0,250,0,0
baseline,2472,2472,0,2472,76578.283,0.975,-0.001,0.006,-0.223,0,0,0,0,0,0,0,0,0,0.000,0,WARMING_UP,0,0,0.637,0.014,-0.500,-0.125,0.375,0.004,-0.008,1.004,-0.008,0.012,-0.004,0.000,0.000,0.000,0.000,0,NULL,NULL,,0,0,0,7,255,0,250,0,0
baseline,2476,2476,0,2476,76583.282,0.975,-0.001,0.006,-0.223,0,0,0,0,0,0,0,0,0,0.000,0,WARMING_UP,0,0,0.545,0.014,-0.375,-0.125,0.375,0.004,-0.012,1.004,-0.008,0.012,0.016,0.000,0.000,0.000,0.000,0,NULL,NULL,,0,0,0,7,255,0,250,0,0
baseline,2482,2482,0,2482,76588.283,0.975,-0.001,0.006,-0.223,0,0,0,0,0,0,0,0,0,0.000,0,WARMING_UP,0,0,0.342,0.016,-0.063,-0.125,0.313,0.004,-0.012,1.000,0.000,-0.016,0.016,0.000,0.000,0.000,0.000,0,NULL,NULL,,0,0,0,7,255,0,250,0,0
baseline,2486,2486,0,2486,76593.282,0.975,-0.001,0.006,-0.223,0,0,0,0,0,0,0,0,0,0.000,0,WARMING_UP,0,0,0.424,0.016,0.063,-0.188,0.375,0.004,-0.008,1.000,0.000,-0.016,-0.016,0.000,0.000,0.000,0.000,0,NULL,NULL,,0,0,0,7,255,0,250,0,0
baseline,2492,2492,0,2492,76598.283,0.975,-0.001,0.006,-0.223,0,0,0,0,0,0,0,0,0,0.000,0,WARMING_UP,0,0,0.405,0.012,-0.250,-0.063,0.313,0.004,-0.008,1.000,-0.004,0.012,-0.016,0.000,0.000,0.000,0.000,0,NULL,NULL,,0,0,0,7,255,0,250,0,0
baseline,2497,2497,0,2497,76603.284,0.975,-0.001,0.006,-0.223,0,0,0,0,0,0,0,0,0,0.000,0,WARMING_UP,0,0,0.534,0.012,-0.375,-0.063,0.375,0.004,-0.008,1.004,-0.004,0.012,-0.004,0.000,0.000,0.000,0.000,0,NULL,NULL,,0,0,0,7,255,0,250,0,0
baseline,2502,2502,0,2502,76608.283,0.975,-0.001,0.006,-0.223,0,0,0,0,0,0,0,0,0,0.000,0,WARMING_UP,0,0,0.385,0.006,-0.188,-0.125,0.313,0.004,-0.012,1.004,-0.004,0.004,0.008,0.000,0.000,0.000,0.000,0,NULL,NULL,,0,0,0,7,255,0,250,0,0
baseline,2506,2506,0,2506,76613.282,0.975,-0.001,0.006,-0.223,0,0,0,0,0,0,0,0,0,0.000,0,WARMING_UP,0,0,0.424,0.008,-0.063,-0.188,0.375,0.004,-0.012,1.000,0.000,-0.008,0.008,0.000,0.000,0.000,0.000,0,NULL,NULL,,0,0,0,7,255,0,250,0,0
baseline,2512,2512,0,2512,76618.283,0.975,-0.001,0.006,-0.223,0,0,0,0,0,0,0,0,0,0.000,0,WARMING_UP,0,0,0.415,0.008,-0.125,-0.125,0.375,0.004,-0.008,1.000,0.000,-0.008,0.000,0.000,0.000,0.000,0.000,0,NULL,NULL,,0,0,0,7,255,0,250,0,0
baseline,2517,2517,0,2517,76623.283,0.975,-0.001,0.006,-0.223,0,0,0,0,0,0,0,0,0,0.000,0,WARMING_UP,0,0,0.459,0.004,-0.313,-0.125,0.313,0.004,-0.008,1.004,0.000,0.004,0.000,0.000,0.000,0.000,0.000,0,NULL,NULL,,0,0,0,7,255,0,250,0,0
baseline,2522,2522,0,2522,76628.283,0.975,-0.001,0.006,-0.223,0,0,0,0,0,0,0,0,0,0.000,0,WARMING_UP,0,0,0.419,0.004,-0.250,-0.125,0.313,0.004,-0.012,1.000,0.000,0.004,0.000,0.000,0.000,0.000,0.000,0,NULL,NULL,,0,0,0,7,255,0,250,0,0
baseline,2526,2526,0,2526,76633.282,0.975,-0.001,0.006,-0.223,0,0,0,0,0,0,0,0,0,0.000,0,WARMING_UP,0,0,0.370,0.004,-0.063,-0.188,0.313,0.004,-0.008,1.000,0.004,0.000,0.000,0.000,0.000,0.000,0.000,0,NULL,NULL,,0,0,0,7,255,0,250,0,0
baseline,2532,2532,0,2532,76638.283,0.975,-0.001,0.006,-0.223,0,0,0,0,0,0,0,0,0,0.000,0,WARMING_UP,0,0,0.415,0.004,-0.125,-0.125,0.375,0.004,-0.008,1.000,0.004,0.000,0.000,0.000,0.000,0.000,0.000,0,NULL,NULL,,0,0,0,7,255,0,250,0,0
baseline,2537,2537,0,2537,76643.285,0.975,-0.001,0.006,-0.223,0,0,0,0,0,0,0,0,0,0.000,0,WARMING_UP,0,0,0.468,0.006,-0.250,-0.125,0.375,0.004,-0.008,1.000,0.004,0.004,0.000,0.000,0.000,0.000,0.000,0,NULL,NULL,,0,0,0,7,255,0,250,0,0
baseline,2542,2542,0,2542,76648.283,0.975,-0.001,0.006,-0.223,0,0,0,0,0,0,0,0,0,0.000,0,WARMING_UP,0,0,0.468,0.006,-0.250,-0.125,0.375,0.004,-0.012,1.004,0.004,0.004,0.000,0.000,0.000,0.000,0.000,0,NULL,NULL,,0,0,0,7,255,0,250,0,0
baseline,2546,2546,0,2546,76653.282,0.975,-0.001,0.006,-0.223,0,0,0,0,0,0,0,0,0,0.000,0,WARMING_UP,0,0,0.424,0.006,-0.188,-0.063,0.375,0.004,-0.012,1.004,0.004,-0.004,0.004,0.000,0.000,0.000,0.000,0,NULL,NULL,,0,0,0,7,255,0,250,0,0
baseline,2552,2552,0,2552,76658.283,0.975,-0.001,0.006,-0.223,0,0,0,0,0,0,0,0,0,0.000,0,WARMING_UP,0,0,0.415,0.006,-0.125,-0.125,0.375,0.004,-0.008,1.000,0.004,-0.004,0.004,0.000,0.000,0.000,0.000,0,NULL,NULL,,0,0,0,7,255,0,250,0,0
baseline,2556,2556,0,2556,76663.282,0.975,-0.001,0.006,-0.223,0,0,0,0,0,0,0,0,0,0.000,0,WARMING_UP,0,0,0.385,0.004,-0.188,-0.125,0.313,0.004,-0.008,1.000,0.004,0.000,-0.004,0.000,0.000,0.000,0.000,0,NULL,NULL,,0,0,0,7,255,0,250,0,0
baseline,2562,2562,0,2562,76668.283,0.975,-0.001,0.006,-0.223,0,0,0,0,0,0,0,0,0,0.000,0,WARMING_UP,0,0,0.419,0.006,-0.250,-0.125,0.313,0.004,-0.008,1.004,-0.004,0.004,-0.004,0.000,0.000,0.000,0.000,0,NULL,NULL,,0,0,0,7,255,0,250,0,0
baseline,2566,2566,0,2566,76673.282,0.975,-0.001,0.006,-0.223,0,0,0,0,0,0,0,0,0,0.000,0,WARMING_UP,0,0,0.446,0.006,-0.313,-0.063,0.313,0.004,-0.012,1.004,-0.004,0.004,0.004,0.000,0.000,0.000,0.000,0,NULL,NULL,,0,0,0,7,255,0,250,0,0
baseline,2572,2572,0,2572,76678.283,0.975,-0.001,0.006,-0.223,0,0,0,0,0,0,0,0,0,0.000,0,WARMING_UP,0,0,0.385,0.004,-0.188,-0.125,0.313,0.004,-0.008,1.000,-0.004,0.000,0.004,0.000,0.000,0.000,0.000,0,NULL,NULL,,0,0,0,7,255,0,250,0,0
baseline,2576,2576,0,2576,76683.282,0.975,-0.001,0.006,-0.223,0,0,0,0,0,0,0,0,0,0.000,0,WARMING_UP,0,0,0.359,0.000,-0.125,-0.125,0.313,0.004,-0.008,1.000,0.000,0.000,-0.004,0.000,0.000,0.000,0.000,0,NULL,NULL,,0,0,0,7,255,0,250,0,0
baseline,2582,2582,0,2582,76688.283,0.975,-0.001,0.006,-0.223,0,0,0,0,0,0,0,0,0,0.000,0,WARMING_UP,0,0,0.385,0.000,-0.188,-0.125,0.313,0.004,-0.008,1.000,0.000,0.000,-0.016,0.000,0.000,0.000,0.000,0,NULL,NULL,,0,0,0,7,255,0,250,0,0
baseline,2586,2586,0,2586,76693.282,0.975,-0.001,0.006,-0.223,0,0,0,0,0,0,0,0,0,0.000,0,WARMING_UP,0,0,0.492,0.004,-0.313,-0.063,0.375,0.004,-0.008,1.004,-0.004,0.000,-0.016,0.000,0.000,0.000,0.000,0,NULL,NULL,,0,0,0,7,255,0,250,0,0
baseline,2592,2592,0,2592,76698.283,0.975,-0.001,0.006,-0.223,0,0,0,0,0,0,0,0,0,0.000,0,WARMING_UP,0,0,0.459,0.006,-0.313,-0.125,0.313,0.004,-0.012,1.004,-0.004,-0.004,0.008,0.000,0.000,0.000,0.000,0,NULL,NULL,,0,0,0,7,255,0,250,0,0
baseline,2596,2596,0,2596,76703.282,0.975,-0.001,0.006,-0.223,0,0,0,0,0,0,0,0,0,0.000,0,WARMING_UP,0,0,0.438,0.004,-0.188,-0.125,0.375,0.004,-0.012,1.000,0.000,-0.004,0.008,0.000,0.000,0.000,0.000,0,NULL,NULL,,0,0,0,7,255,0,250,0,0
baseline,2602,2602,0,2602,76708.283,0.975,-0.001,0.006,-0.223,0,0,0,0,0,0,0,0,0,0.000,0,WARMING_UP,0,0,0.415,0.004,-0.125,-0.125,0.375,0.004,-0.008,1.000,0.000,-0.004,-0.004,0.000,0.000,0.000,0.000,0,NULL,NULL,,0,0,0,7,255,0,250,0,0
baseline,2606,2606,0,2606,76713.282,0.975,-0.001,0.006,-0.223,0,0,0,0,0,0,0,0,0,0.000,0,WARMING_UP,0,0,0.385,0.008,-0.188,-0.125,0.313,0.004,-0.008,1.004,0.000,0.008,-0.004,0.000,0.000,0.000,0.000,0,NULL,NULL,,0,0,0,7,255,0,250,0,0
baseline,2612,2612,0,2612,76718.283,0.975,-0.001,0.006,-0.223,0,0,0,0,0,0,0,0,0,0.000,0,WARMING_UP,0,0,0.446,0.009,-0.313,-0.063,0.313,0.004,-0.008,1.004,-0.004,0.008,0.008,0.000,0.000,0.000,0.000,0,NULL,NULL,,0,0,0,7,255,0,250,0,0
baseline,2617,2617,0,2617,76723.284,0.975,-0.001,0.006,-0.223,0,0,0,0,0,0,0,0,0,0.000,0,WARMING_UP,0,0,0.504,0.006,-0.313,-0.125,0.375,0.004,-0.012,1.004,-0.004,-0.004,0.008,0.000,0.000,0.000,0.000,0,NULL,NULL,,0,0,0,7,255,0,250,0,0
baseline,2621,2621,0,2621,76728.282,0.975,-0.001,0.006,-0.223,0,0,0,0,0,0,0,0,0,0.000,0,WARMING_UP,0,0,0.400,0.016,-0.063,-0.125,0.375,0.004,-0.012,1.000,-0.004,-0.016,0.008,0.000,0.000,0.000,0.000,0,NULL,NULL,,0,0,0,7,255,0,250,0,0
baseline,2627,2627,0,2627,76733.283,0.975,-0.001,0.006,-0.223,0,0,0,0,0,0,0,0,0,0.000,0,WARMING_UP,0,0,0.342,0.016,-0.063,-0.125,0.313,0.004,-0.008,1.004,-0.004,-0.016,0.004,0.000,0.000,0.000,0.000,0,NULL,NULL,,0,0,0,7,255,0,250,0,0
baseline,2632,2632,0,2632,76738.283,0.975,-0.001,0.006,-0.223,0,0,0,0,0,0,0,0,0,0.000,0,WARMING_UP,0,0,0.459,0.012,-0.313,-0.125,0.313,0.004,-0.008,1.004,-0.004,0.012,0.004,0.000,0.000,0.000,0.000,0,NULL,NULL,,0,0,0,7,255,0,250,0,0
baseline,2637,2637,0,2637,76743.284,0.975,-0.001,0.006,-0.223,0,0,0,0,0,0,0,0,0,0.000,0,WARMING_UP,0,0,0.459,0.012,-0.313,-0.125,0.313,0.004,-0.012,1.004,0.000,0.012,0.004,0.000,0.000,0.000,0.000,0,NULL,NULL,,0,0,0,7,255,0,250,0,0
baseline,2642,2642,0,2642,76748.283,0.975,-0.001,0.006,-0.223,0,0,0,0,0,0,0,0,0,0.000,0,WARMING_UP,0,0,0.359,0.012,-0.125,-0.125,0.313,0.004,-0.012,1.000,0.000,-0.012,0.004,0.000,0.000,0.000,0.000,0,NULL,NULL,,0,0,0,7,255,0,250,0,0
baseline,2647,2647,0,2647,76753.283,0.975,-0.001,0.006,-0.223,0,0,0,0,0,0,0,0,0,0.000,0,WARMING_UP,0,0,0.395,0.012,0.000,-0.125,0.375,0.004,-0.008,1.000,0.000,-0.012,-0.008,0.000,0.000,0.000,0.000,0,NULL,NULL,,0,0,0,7,255,0,250,0,0
baseline,2652,2652,0,2652,76758.283,0.975,-0.001,0.006,-0.224,0,0,0,0,0,0,0,0,0,0.000,0,WARMING_UP,0,0,0.419,0.008,-0.250,-0.125,0.313,0.004,-0.008,1.000,0.000,0.008,-0.008,0.000,0.000,0.000,0.000,0,NULL,NULL,,0,0,0,7,255,0,250,0,0
baseline,2656,2656,0,2656,76763.282,0.975,-0.001,0.006,-0.224,0,0,0,0,0,0,0,0,0,0.000,0,WARMING_UP,0,0,0.590,0.008,-0.438,-0.125,0.375,0.004,-0.008,1.004,0.000,0.008,-0.004,0.000,0.000,0.000,0.000,0,NULL,NULL,,0,0,0,7,255,0,250,0,0
baseline,2662,2662,0,2662,76768.283,0.975,-0.001,0.006,-0.224,0,0,0,0,0,0,0,0,0,0.000,0,WARMING_UP,0,0,0.419,0.004,-0.250,-0.125,0.313,0.004,-0.012,1.000,-0.004,0.000,0.000,0.000,0.000,0.000,0.000,0,NULL,NULL,,0,0,0,7,255,0,250,0,0
baseline,2666,2666,0,2666,76773.282,0.975,-0.001,0.006,-0.224,0,0,0,0,0,0,0,0,0,0.000,0,WARMING_UP,0,0,0.364,0.006,0.000,-0.188,0.313,0.004,-0.012,1.000,0.004,-0.004,0.000,0.000,0.000,0.000,0.000,0,NULL,NULL,,0,0,0,7,255,0,250,0,0
baseline,2672,2672,0,2672,76778.283,0.975,-0.001,0.006,-0.224,0,0,0,0,0,0,0,0,0,0.000,0,WARMING_UP,0,0,0.385,0.006,-0.125,-0.188,0.313,0.004,-0.008,1.000,0.004,-0.004,-0.004,0.000,0.000,0.000,0.000,0,NULL,NULL,,0,0,0,7,255,0,250,0,0
baseline,2676,2676,0,2676,76783.282,0.975,-0.001,0.006,-0.224,0,0,0,0,0,0,0,0,0,0.000,0,WARMING_UP,0,0,0.504,0.009,-0.375,-0.125,0.313,0.004,-0.008,1.004,0.004,0.008,-0.004,0.000,0.000,0.000,0.000,0,NULL,NULL,,0,0,0,7,255,0,250,0,0
baseline,2682,2682,0,2682,76788.283,0.975,-0.001,0.006,-0.224,0,0,0,0,0,0,0,0,0,0.000,0,WARMING_UP,0,0,0.459,0.009,-0.313,-0.125,0.313,0.004,-0.012,1.004,0.004,0.008,0.004,0.000,0.000,0.000,0.000,0,NULL,NULL,,0,0,0,7,255,0,250,0,0
baseline,2686,2686,0,2686,76793.282,0.975,-0.001,0.006,-0.224,0,0,0,0,0,0,0,0,0,0.000,0,WARMING_UP,0,0,0.325,0.004,-0.063,-0.063,0.313,0.004,-0.012,1.004,0.004,0.000,0.008,0.000,0.000,0.000,0.000,0,NULL,NULL,,0,0,0,7,255,0,250,0,0
baseline,2692,2692,0,2692,76798.283,0.975,-0.001,0.006,-0.224,0,0,0,0,0,0,0,0,0,0.000,0,WARMING_UP,0,0,0.415,0.004,-0.125,-0.125,0.375,0.004,-0.008,1.000,0.004,0.000,0.004,0.000,0.000,0.000,0.000,0,NULL,NULL,,0,0,0,7,255,0,250,0,0
baseline,2696,2696,0,2696,76803.282,0.975,-0.001,0.006,-0.224,0,0,0,0,0,0,0,0,0,0.000,0,WARMING_UP,0,0,0.405,0.012,-0.250,-0.063,0.313,0.004,-0.008,1.000,0.004,0.012,-0.004,0.000,0.000,0.000,0.000,0,NULL,NULL,,0,0,0,7,255,0,250,0,0
baseline,2702,2702,0,2702,76808.283,0.975,-0.001,0.006,-0.224,0,0,0,0,0,0,0,0,0,0.000,0,WARMING_UP,0,0,0.545,0.012,-0.375,-0.125,0.375,0.004,-0.012,1.004,0.004,0.012,-0.004,0.000,0.000,0.000,0.000,0,NULL,NULL,,0,0,0,7,255,0,250,0,0
baseline,2706,2706,0,2706,76813.282,0.975,-0.001,0.006,-0.224,0,0,0,0,0,0,0,0,0,0.000,0,WARMING_UP,0,0,0.438,0.004,-0.188,-0.125,0.375,0.004,-0.012,1.004,0.004,0.000,0.008,0.000,0.000,0.000,0.000,0,NULL,NULL,,0,0,0,7,255,0,250,0,0
baseline,2712,2712,0,2712,76818.283,0.975,-0.001,0.006,-0.224,0,0,0,0,0,0,0,0,0,0.000,0,WARMING_UP,0,0,0.400,0.004,-0.063,-0.125,0.375,0.004,-0.008,1.000,0.004,0.000,0.008,0.000,0.000,0.000,0.000,0,NULL,NULL,,0,0,0,7,255,0,250,0,0
baseline,2717,2717,0,2717,76823.284,0.975,-0.001,0.006,-0.224,0,0,0,0,0,0,0,0,0,0.000,0,WARMING_UP,0,0,0.415,0.012,-0.125,-0.125,0.375,0.004,-0.008,1.004,-0.012,0.000,0.004,0.000,0.000,0.000,0.000,0,NULL,NULL,,0,0,0,7,255,0,250,0,0
baseline,2722,2722,0,2722,76828.283,0.975,-0.001,0.006,-0.224,0,0,0,0,0,0,0,0,0,0.000,0,WARMING_UP,0,0,0.468,0.008,-0.250,-0.125,0.375,0.004,-0.008,1.004,0.000,0.008,0.004,0.000,0.000,0.000,0.000,0,NULL,NULL,,0,0,0,7,255,0,250,0,0
baseline,2726,2726,0,2726,76833.282,0.975,-0.001,0.006,-0.224,0,0,0,0,0,0,0,0,0,0.000,0,WARMING_UP,0,0,0.455,0.009,-0.250,-0.063,0.375,0.004,-0.012,1.004,-0.004,0.008,0.020,0.000,0.000,0.000,0.000,0,NULL,NULL,,0,0,0,7,255,0,250,0,0
baseline,2732,2732,0,2732,76838.283,0.975,-0.001,0.006,-0.224,0,0,0,0,0,0,0,0,0,0.000,0,WARMING_UP,0,0,0.385,0.004,-0.188,-0.125,0.313,0.004,-0.012,1.000,0.000,-0.004,0.020,0.000,0.000,0.000,0.000,0,NULL,NULL,,0,0,0,7,255,0,250,0,0
baseline,2737,2737,0,2737,76843.283,0.975,-0.001,0.006,-0.224,0,0,0,0,0,0,0,0,0,0.000,0,WARMING_UP,0,0,0.400,0.006,-0.063,-0.125,0.375,0.004,-0.008,1.000,0.004,-0.004,0.000,0.000,0.000,0.000,0.000,0,NULL,NULL,,0,0,0,7,255,0,250,0,0
baseline,2742,2742,0,2742,76848.283,0.975,-0.001,0.006,-0.224,0,0,0,0,0,0,0,0,0,0.000,0,WARMING_UP,0,0,0.438,0.006,-0.188,-0.125,0.375,0.004,-0.008,1.000,0.004,0.004,-0.012,0.000,0.000,0.000,0.000,0,NULL,NULL,,0,0,0,7,255,0,250,0,0
baseline,2747,2747,0,2747,76853.285,0.975,-0.001,0.006,-0.224,0,0,0,0,0,0,0,0,0,0.000,0,WARMING_UP,0,0,0.405,0.004,-0.250,-0.063,0.313,0.004,-0.008,1.004,0.000,0.004,-0.012,0.000,0.000,0.000,0.000,0,NULL,NULL,,0,0,0,7,255,0,250,0,0
baseline,2752,2752,0,2752,76858.283,0.975,-0.001,0.006,-0.224,0,0,0,0,0,0,0,0,0,0.000,0,WARMING_UP,0,0,0.468,0.000,-0.250,-0.125,0.375,0.004,-0.012,1.004,0.000,0.000,0.008,0.000,0.000,0.000,0.000,0,NULL,NULL,,0,0,0,7,255,0,250,0,0
baseline,2756,2756,0,2756,76863.282,0.975,-0.001,0.006,-0.224,0,0,0,0,0,0,0,0,0,0.000,0,WARMING_UP,0,0,0.385,0.004,-0.125,-0.188,0.313,0.004,-0.012,1.000,0.000,-0.004,0.008,0.000,0.000,0.000,0.000,0,NULL,NULL,,0,0,0,7,255,0,250,0,0
baseline,2762,2762,0,2762,76868.283,0.975,-0.001,0.006,-0.224,0,0,0,0,0,0,0,0,0,0.000,0,WARMING_UP,0,0,0.359,0.004,-0.125,-0.125,0.313,0.004,-0.008,1.000,0.000,-0.004,-0.008,0.000,0.000,0.000,0.000,0,NULL,NULL,,0,0,0,7,255,0,250,0,0
baseline,2766,2766,0,2766,76873.282,0.975,-0.001,0.006,-0.224,0,0,0,0,0,0,0,0,0,0.000,0,WARMING_UP,0,0,0.468,0.004,-0.250,-0.125,0.375,0.004,-0.012,1.004,0.000,-0.004,-0.008,0.000,0.000,0.000,0.000,0,NULL,NULL,,0,0,0,7,255,0,250,0,0
baseline,2772,2772,0,2772,76878.283,0.975,-0.001,0.006,-0.224,0,0,0,0,0,0,0,0,0,0.000,0,WARMING_UP,0,0,0.424,0.000,-0.188,-0.063,0.375,0.004,-0.008,1.004,0.000,0.000,0.004,0.000,0.000,0.000,0.000,0,NULL,NULL,,0,0,0,7,255,0,250,0,0
baseline,2776,2776,0,2776,76883.282,0.975,-0.001,0.006,-0.224,0,0,0,0,0,0,0,0,0,0.000,0,WARMING_UP,0,0,0.415,0.006,-0.125,-0.125,0.375,0.004,-0.012,1.000,-0.004,-0.004,0.004,0.000,0.000,0.000,0.000,0,NULL,NULL,,0,0,0,7,255,0,250,0,0
baseline,2782,2782,0,2782,76888.283,0.975,-0.001,0.006,-0.224,0,0,0,0,0,0,0,0,0,0.000,0,WARMING_UP,0,0,0.400,0.006,-0.063,-0.125,0.375,0.004,-0.012,1.000,-0.004,-0.004,-0.004,0.000,0.000,0.000,0.000,0,NULL,NULL,,0,0,0,7,255,0,250,0,0
baseline,2786,2786,0,2786,76893.282,0.975,-0.001,0.006,-0.224,0,0,0,0,0,0,0,0,0,0.000,0,WARMING_UP,0,0,0.438,0.004,-0.188,-0.125,0.375,0.004,-0.008,1.000,0.000,-0.004,-0.016,0.000,0.000,0.000,0.000,0,NULL,NULL,,0,0,0,7,255,0,250,0,0
baseline,2792,2792,0,2792,76898.283,0.975,-0.001,0.006,-0.224,0,0,0,0,0,0,0,0,0,0.000,0,WARMING_UP,0,0,0.455,0.006,-0.250,-0.063,0.375,0.004,-0.008,1.004,0.004,0.004,-0.016,0.000,0.000,0.000,0.000,0,NULL,NULL,,0,0,0,7,255,0,250,0,0
baseline,2797,2797,0,2797,76903.284,0.975,-0.001,0.006,-0.224,0,0,0,0,0,0,0,0,0,0.000,0,WARMING_UP,0,0,0.419,0.006,-0.250,-0.125,0.313,0.004,-0.012,1.004,0.004,0.004,0.008,0.000,0.000,0.000,0.000,0,NULL,NULL,,0,0,0,7,255,0,250,0,0
baseline,2802,2802,0,2802,76908.283,0.975,-0.001,0.006,-0.224,0,0,0,0,0,0,0,0,0,0.000,0,WARMING_UP,0,0,0.370,0.006,-0.188,-0.063,0.313,0.004,-0.008,1.000,0.004,0.004,0.008,0.000,0.000,0.000,0.000,0,NULL,NULL,,0,0,0,7,255,0,250,0,0
baseline,2806,2806,0,2806,76913.282,0.975,-0.001,0.006,-0.224,0,0,0,0,0,0,0,0,0,0.000,0,WARMING_UP,0,0,0.359,0.006,-0.125,-0.125,0.313,0.004,-0.012,1.000,0.004,-0.004,-0.008,0.000,0.000,0.000,0.000,0,NULL,NULL,,0,0,0,7,255,0,250,0,0
baseline,2812,2812,0,2812,76918.283,0.975,-0.001,0.006,-0.224,0,0,0,0,0,0,0,0,0,0.000,0,WARMING_UP,0,0,0.438,0.006,-0.188,-0.125,0.375,0.004,-0.008,1.000,-0.004,0.004,-0.008,0.000,0.000,0.000,0.000,0,NULL,NULL,,0,0,0,7,255,0,250,0,0
baseline,2817,2817,0,2817,76923.283,0.975,-0.001,0.006,-0.224,0,0,0,0,0,0,0,0,0,0.000,0,WARMING_UP,0,0,0.446,0.008,-0.313,-0.063,0.313,0.004,-0.008,1.004,-0.008,0.000,0.000,0.000,0.000,0.000,0.000,0,NULL,NULL,,0,0,0,7,255,0,250,0,0
baseline,2822,2822,0,2822,76928.283,0.975,-0.001,0.006,-0.224,0,0,0,0,0,0,0,0,0,0.000,0,WARMING_UP,0,0,0.419,0.008,-0.250,-0.125,0.313,0.004,-0.012,1.000,-0.008,0.000,0.000,0.000,0.000,0.000,0.000,0,NULL,NULL,,0,0,0,7,255,0,250,0,0
baseline,2826,2826,0,2826,76933.282,0.975,-0.001,0.006,-0.224,0,0,0,0,0,0,0,0,0,0.000,0,WARMING_UP,0,0,0.325,0.000,-0.063,-0.063,0.313,0.004,-0.008,1.000,0.000,0.000,0.000,0.000,0.000,0.000,0.000,0,NULL,NULL,,0,0,0,7,255,0,250,0,0
baseline,2832,2832,0,2832,76938.283,0.975,-0.001,0.006,-0.224,0,0,0,0,0,0,0,0,0,0.000,0,WARMING_UP,0,0,0.400,0.000,-0.125,-0.063,0.375,0.004,-0.008,1.000,0.000,0.000,-0.008,0.000,0.000,0.000,0.000,0,NULL,NULL,,0,0,0,7,255,0,250,0,0
baseline,2837,2837,0,2837,76943.285,0.975,-0.001,0.006,-0.224,0,0,0,0,0,0,0,0,0,0.000,0,WARMING_UP,0,0,0.468,0.004,-0.250,-0.125,0.375,0.004,-0.008,1.000,0.000,0.004,-0.008,0.000,0.000,0.000,0.000,0,NULL,NULL,,0,0,0,7,255,0,250,0,0
baseline,2842,2842,0,2842,76948.283,0.975,-0.001,0.006,-0.224,0,0,0,0,0,0,0,0,0,0.000,0,WARMING_UP,0,0,0.459,0.004,-0.313,-0.125,0.313,0.004,-0.008,1.004,0.000,0.004,-0.004,0.000,0.000,0.000,0.000,0,NULL,NULL,,0,0,0,7,255,0,250,0,0
baseline,2846,2846,0,2846,76953.282,0.975,-0.001,0.006,-0.224,0,0,0,0,0,0,0,0,0,0.000,0,WARMING_UP,0,0,0.415,0.000,-0.125,-0.125,0.375,0.004,-0.012,1.000,0.000,0.000,-0.004,0.000,0.000,0.000,0.000,0,NULL,NULL,,0,0,0,7,255,0,250,0,0
baseline,2852,2852,0,2852,76958.283,0.975,-0.001,0.006,-0.224,0,0,0,0,0,0,0,0,0,0.000,0,WARMING_UP,0,0,0.415,0.008,-0.125,-0.125,0.375,0.004,-0.008,1.000,0.008,0.000,-0.004,0.000,0.000,0.000,0.000,0,NULL,NULL,,0,0,0,7,255,0,250,0,0
baseline,2856,2856,0,2856,76963.282,0.975,-0.001,0.006,-0.224,0,0,0,0,0,0,0,0,0,0.000,0,WARMING_UP,0,0,0.438,0.009,-0.188,-0.125,0.375,0.004,-0.008,1.004,0.008,0.004,-0.004,0.000,0.000,0.000,0.000,0,NULL,NULL,,0,0,0,7,255,0,250,0,0
baseline,2862,2862,0,2862,76968.283,0.975,-0.001,0.006,-0.224,0,0,0,0,0,0,0,0,0,0.000,0,WARMING_UP,0,0,0.492,0.004,-0.313,-0.063,0.375,0.004,-0.008,1.004,0.000,0.004,0.004,0.000,0.000,0.000,0.000,0,NULL,NULL,,0,0,0,7,255,0,250,0,0
baseline,2866,2866,0,2866,76973.282,0.975,-0.001,0.006,-0.224,0,0,0,0,0,0,0,0,0,0.000,0,WARMING_UP,0,0,0.419,0.004,-0.250,-0.125,0.313,0.004,-0.012,1.000,0.000,0.004,0.004,0.000,0.000,0.000,0.000,0,NULL,NULL,,0,0,0,7,255,0,250,0,0
baseline,2872,2872,0,2872,76978.283,0.975,-0.001,0.006,-0.224,0,0,0,0,0,0,0,0,0,0.000,0,WARMING_UP,0,0,0.395,0.008,0.000,-0.125,0.375,0.004,-0.012,1.000,0.000,-0.008,0.000,0.000,0.000,0.000,0.000,0,NULL,NULL,,0,0,0,7,255,0,250,0,0
baseline,2876,2876,0,2876,76983.282,0.975,-0.001,0.006,-0.224,0,0,0,0,0,0,0,0,0,0.000,0,WARMING_UP,0,0,0.415,0.008,-0.125,-0.125,0.375,0.004,-0.008,1.000,0.000,-0.008,-0.008,0.000,0.000,0.000,0.000,0,NULL,NULL,,0,0,0,7,255,0,250,0,0
baseline,2882,2882,0,2882,76988.283,0.975,-0.001,0.006,-0.224,0,0,0,0,0,0,0,0,0,0.000,0,WARMING_UP,0,0,0.446,0.012,-0.313,-0.063,0.313,0.004,-0.008,1.004,-0.004,0.012,-0.008,0.000,0.000,0.000,0.000,0,NULL,NULL,,0,0,0,7,255,0,250,0,0
baseline,2886,2886,0,2886,76993.282,0.975,-0.001,0.006,-0.224,0,0,0,0,0,0,0,0,0,0.000,0,WARMING_UP,0,0,0.492,0.012,-0.375,-0.063,0.313,0.004,-0.012,1.004,-0.004,0.012,0.004,0.000,0.000,0.000,0.000,0,NULL,NULL,,0,0,0,7,255,0,250,0,0
baseline,2892,2892,0,2892,76998.283,0.975,-0.001,0.006,-0.224,0,0,0,0,0,0,0,0,0,0.000,0,WARMING_UP,0,0,0.385,0.011,-0.125,-0.188,0.313,0.004,-0.012,1.000,0.008,-0.008,0.004,0.000,0.000,0.000,0.000,0,NULL,NULL,,0,0,0,7,255,0,250,0,0
baseline,2896,2896,0,2896,77003.282,0.975,-0.001,0.006,-0.224,0,0,0,0,0,0,0,0,0,0.000,0,WARMING_UP,0,0,0.337,0.011,0.000,-0.125,0.313,0.004,-0.008,1.000,0.008,-0.008,0.000,0.000,0.000,0.000,0.000,0,NULL,NULL,,0,0,0,7,255,0,250,0,0
baseline,2902,2902,0,2902,77008.283,0.975,-0.001,0.006,-0.224,0,0,0,0,0,0,0,0,0,0.000,0,WARMING_UP,0,0,0.385,0.009,-0.188,-0.125,0.313,0.004,-0.008,1.004,0.008,0.004,0.000,0.000,0.000,0.000,0.000,0,NULL,NULL,,0,0,0,7,255,0,250,0,0
baseline,2906,2906,0,2906,77013.282,0.975,-0.001,0.006,-0.224,0,0,0,0,0,0,0,0,0,0.000,0,WARMING_UP,0,0,0.545,0.009,-0.375,-0.125,0.375,0.004,-0.008,1.004,0.004,0.008,0.004,0.000,0.000,0.000,0.000,0,NULL,NULL,,0,0,0,7,255,0,250,0,0
baseline,2912,2912,0,2912,77018.283,0.975,-0.001,0.006,-0.224,0,0,0,0,0,0,0,0,0,0.000,0,WARMING_UP,0,0,0.442,0.009,-0.250,-0.188,0.313,0.004,-0.012,1.000,0.004,0.008,0.004,0.000,0.000,0.000,0.000,0,NULL,NULL,,0,0,0,7,255,0,250,0,0
baseline,2917,2917,0,2917,77023.284,0.975,-0.001,0.006,-0.224,0,0,0,0,0,0,0,0,0,0.000,0,WARMING_UP,0,0,0.337,0.004,0.000,-0.125,0.313,0.004,-0.008,1.000,0.004,0.000,0.000,0.000,0.000,0.000,0.000,0,NULL,NULL,,0,0,0,7,255,0,250,0,0
baseline,2921,2921,0,2921,77028.282,0.975,-0.001,0.006,-0.224,0,0,0,0,0,0,0,0,0,0.000,0,WARMING_UP,0,0,0.370,0.004,-0.063,-0.188,0.313,0.004,-0.008,1.000,0.004,0.000,-0.008,0.000,0.000,0.000,0.000,0,NULL,NULL,,0,0,0,7,255,0,250,0,0
baseline,2927,2927,0,2927,77033.283,0.975,-0.001,0.006,-0.224,0,0,0,0,0,0,0,0,0,0.000,0,WARMING_UP,0,0,0.545,0.008,-0.375,-0.125,0.375,0.004,-0.008,1.004,0.000,0.008,-0.008,0.000,0.000,0.000,0.000,0,NULL,NULL,,0,0,0,7,255,0,250,0,0
baseline,2932,2932,0,2932,77038.283,0.975,-0.001,0.006,-0.224,0,0,0,0,0,0,0,0,0,0.000,0,WARMING_UP,0,0,0.492,0.009,-0.313,-0.063,0.375,0.004,-0.012,1.004,-0.004,0.008,0.004,0.000,0.000,0.000,0.000,0,NULL,NULL,,0,0,0,7,255,0,250,0,0
baseline,2937,2937,0,2937,77043.284,0.975,-0.001,0.006,-0.224,0,0,0,0,0,0,0,0,0,0.000,0,WARMING_UP,0,0,0.359,0.008,-0.125,-0.125,0.313,0.004,-0.012,1.000,0.000,-0.008,0.004,0.000,0.000,0.000,0.000,0,NULL,NULL,,0,0,0,7,255,0,250,0,0
baseline,2942,2942,0,2942,77048.283,0.974,-0.001,0.006,-0.224,0,0,0,0,0,0,0,0,0,0.000,0,WARMING_UP,0,0,0.480,0.011,-0.063,-0.188,0.438,0.004,-0.012,1.000,0.008,-0.008,0.000,0.000,0.000,0.000,0.000,0,NULL,NULL,,0,0,0,7,255,0,250,0,0
baseline,2947,2947,0,2947,77053.283,0.974,-0.001,0.006,-0.224,0,0,0,0,0,0,0,0,0,0.000,0,WARMING_UP,0,0,0.438,0.012,-0.188,-0.125,0.375,0.008,-0.008,1.000,0.012,0.000,-0.004,0.000,0.000,0.000,0.000,0,NULL,NULL,,0,0,0,7,255,0,250,0,0
baseline,2952,2952,0,2952,77058.283,0.974,-0.001,0.006,-0.224,0,0,0,0,0,0,0,0,0,0.000,0,WARMING_UP,0,0,0.492,0.012,-0.313,-0.063,0.375,0.004,-0.008,1.000,0.012,0.000,-0.004,0.000,0.000,0.000,0.000,0,NULL,NULL,,0,0,0,7,255,0,250,0,0
baseline,2957,2957,0,2957,77063.285,0.974,-0.001,0.006,-0.224,0,0,0,0,0,0,0,0,0,0.000,0,WARMING_UP,0,0,0.385,0.004,-0.188,-0.125,0.313,0.004,-0.012,1.004,0.004,0.000,0.000,0.000,0.000,0.000,0.000,0,NULL,NULL,,0,0,0,7,255,0,250,0,0
baseline,2962,2962,0,2962,77068.283,0.974,-0.001,0.006,-0.224,0,0,0,0,0,0,0,0,0,0.000,0,WARMING_UP,0,0,0.359,0.009,-0.125,-0.125,0.313,0.004,-0.012,1.000,0.004,-0.008,0.000,0.000,0.000,0.000,0.000,0,NULL,NULL,,0,0,0,7,255,0,250,0,0
baseline,2966,2966,0,2966,77073.282,0.974,-0.001,0.006,-0.224,0,0,0,0,0,0,0,0,0,0.000,0,WARMING_UP,0,0,0.400,0.008,-0.125,-0.063,0.375,0.004,-0.008,1.000,0.000,-0.008,0.000,0.000,0.000,0.000,0.000,0,NULL,NULL,,0,0,0,7,255,0,250,0,0
baseline,2972,2972,0,2972,77078.283,0.974,-0.001,0.006,-0.224,0,0,0,0,0,0,0,0,0,0.000,0,WARMING_UP,0,0,0.455,0.000,-0.250,-0.063,0.375,0.004,-0.008,1.004,0.000,0.000,0.000,0.000,0.000,0.000,0.000,0,NULL,NULL,,0,0,0,7,255,0,250,0,0
baseline,2976,2976,0,2976,77083.282,0.974,-0.001,0.006,-0.224,0,0,0,0,0,0,0,0,0,0.000,0,WARMING_UP,0,0,0.405,0.008,-0.250,-0.063,0.313,0.004,-0.012,1.004,-0.008,0.000,0.004,0.000,0.000,0.000,0.000,0,NULL,NULL,,0,0,0,7,255,0,250,0,0
baseline,2982,2982,0,2982,77088.283,0.974,-0.001,0.006,-0.224,0,0,0,0,0,0,0,0,0,0.000,0,WARMING_UP,0,0,0.438,0.008,-0.188,-0.125,0.375,0.004,-0.008,1.004,-0.008,0.000,0.008,0.000,0.000,0.000,0.000,0,NULL,NULL,,0,0,0,7,255,0,250,0,0
baseline,2986,2986,0,2986,77093.282,0.974,-0.001,0.006,-0.224,0,0,0,0,0,0,0,0,0,0.000,0,WARMING_UP,0,0,0.415,0.000,-0.125,-0.125,0.375,0.004,-0.008,1.000,0.000,0.000,0.008,0.000,0.000,0.000,0.000,0,NULL,NULL,,0,0,0,7,255,0,250,0,0
baseline,2992,2992,0,2992,77098.283,0.974,-0.001,0.006,-0.224,0,0,0,0,0,0,0,0,0,0.000,0,WARMING_UP,0,0,0.370,0.004,-0.188,-0.063,0.313,0.004,-0.008,1.000,0.004,0.000,0.000,0.000,0.000,0.000,0.000,0,NULL,NULL,,0,0,0,7,255,0,250,0,0
baseline,2996,2996,0,2996,77103.282,0.974,-0.001,0.006,-0.224,0,0,0,0,0,0,0,0,0,0.000,0,WARMING_UP,0,0,0.419,0.004,-0.250,-0.125,0.313,0.004,-0.008,1.004,0.004,0.000,0.000,0.000,0.000,0.000,0.000,0,NULL,NULL,,0,0,0,7,255,0,250,0,0
baseline,3002,3002,0,3002,77108.283,0.974,-0.001,0.006,-0.224,0,0,0,0,0,0,0,0,0,0.000,0,WARMING_UP,0,0,0.419,0.004,-0.250,-0.125,0.313,0.004,-0.008,1.004,0.004,0.000,0.004,0.000,0.000,0.000,0.000,0,NULL,NULL,,0,0,0,7,255,0,250,0,0
baseline,3006,3006,0,3006,77113.282,0.974,-0.001,0.006,-0.224,0,0,0,0,0,0,0,0,0,0.000,0,WARMING_UP,0,0,0.415,0.004,-0.125,-0.125,0.375,0.004,-0.008,1.000,0.004,0.000,0.004,0.000,0.000,0.000,0.000,0,NULL,NULL,,0,0,0,7,255,0,250,0,0
baseline,3012,3012,0,3012,77118.283,0.974,-0.001,0.006,-0.224,0,0,0,0,0,0,0,0,0,0.000,0,WARMING_UP,0,0,0.415,0.004,-0.125,-0.125,0.375,0.004,-0.008,1.000,-0.004,0.000,-0.004,0.000,0.000,0.000,0.000,0,NULL,NULL,,0,0,0,7,255,0,250,0,0
baseline,3017,3017,0,3017,77123.283,0.974,-0.001,0.006,-0.224,0,0,0,0,0,0,0,0,0,0.000,0,WARMING_UP,0,0,0.405,0.008,-0.250,-0.063,0.313,0.004,-0.008,1.000,0.000,0.008,-0.004,0.000,0.000,0.000,0.000,0,NULL,NULL,,0,0,0,7,255,0,250,0,0
baseline,3022,3022,0,3022,77128.283,0.974,-0.001,0.006,-0.225,0,0,0,0,0,0,0,0,0,0.000,0,WARMING_UP,0,0,0.459,0.008,-0.313,-0.125,0.313,0.004,-0.008,1.004,0.000,0.008,0.000,0.000,0.000,0.000,0.000,0,NULL,NULL,,0,0,0,7,255,0,250,0,0
baseline,3027,3027,0,3027,77133.283,0.974,-0.001,0.006,-0.225,0,0,0,0,0,0,0,0,0,0.000,0,WARMING_UP,0,0,0.438,0.004,-0.188,-0.125,0.375,0.004,-0.008,1.000,0.000,0.004,0.000,0.000,0.000,0.000,0.000,0,NULL,NULL,,0,0,0,7,255,0,250,0,0
baseline,3032,3032,0,3032,77138.283,0.974,-0.001,0.006,-0.225,0,0,0,0,0,0,0,0,0,0.000,0,WARMING_UP,0,0,0.400,0.000,-0.125,-0.063,0.375,0.004,-0.012,1.000,0.000,0.000,-0.004,0.000,0.000,0.000,0.000,0,NULL,NULL,,0,0,0,7,255,0,250,0,0
baseline,3036,3036,0,3036,77143.282,0.974,-0.001,0.006,-0.225,0,0,0,0,0,0,0,0,0,0.000,0,WARMING_UP,0,0,0.359,0.004,-0.125,-0.125,0.313,0.004,-0.008,1.000,0.004,0.000,-0.004,0.000,0.000,0.000,0.000,0,NULL,NULL,,0,0,0,7,255,0,250,0,0
baseline,3042,3042,0,3042,77148.283,0.974,-0.001,0.006,-0.225,0,0,0,0,0,0,0,0,0,0.000,0,WARMING_UP,0,0,0.419,0.004,-0.250,-0.125,0.313,0.004,-0.012,1.004,0.004,0.000,-0.004,0.000,0.000,0.000,0.000,0,NULL,NULL,,0,0,0,7,255,0,250,0,0
baseline,3047,3047,0,3047,77153.284,0.974,-0.001,0.006,-0.225,0,0,0,0,0,0,0,0,0,0.000,0,WARMING_UP,0,0,0.504,0.004,-0.313,-0.125,0.375,0.004,-0.008,1.004,0.004,0.000,0.012,0.000,0.000,0.000,0.000,0,NULL,NULL,,0,0,0,7,255,0,250,0,0
baseline,3052,3052,0,3052,77158.283,0.974,-0.001,0.006,-0.225,0,0,0,0,0,0,0,0,0,0.000,0,WARMING_UP,0,0,0.438,0.006,-0.188,-0.125,0.375,0.004,-0.012,1.000,0.004,-0.004,0.012,0.000,0.000,0.000,0.000,0,NULL,NULL,,0,0,0,7,255,0,250,0,0
baseline,3056,3056,0,3056,77163.282,0.974,-0.001,0.006,-0.225,0,0,0,0,0,0,0,0,0,0.000,0,WARMING_UP,0,0,0.395,0.004,0.000,-0.125,0.375,0.004,-0.008,1.000,-0.004,0.000,-0.008,0.000,0.000,0.000,0.000,0,NULL,NULL,,0,0,0,7,255,0,250,0,0
baseline,3062,3062,0,3062,77168.283,0.974,-0.001,0.006,-0.225,0,0,0,0,0,0,0,0,0,0.000,0,WARMING_UP,0,0,0.415,0.000,-0.125,-0.125,0.375,0.004,-0.008,1.000,0.000,0.000,-0.008,0.000,0.000,0.000,0.000,0,NULL,NULL,,0,0,0,7,255,0,250,0,0
baseline,3066,3066,0,3066,77173.282,0.974,-0.001,0.006,-0.225,0,0,0,0,0,0,0,0,0,0.000,0,WARMING_UP,0,0,0.504,0.009,-0.313,-0.125,0.375,0.004,-0.008,1.004,-0.008,0.004,-0.008,0.000,0.000,0.000,0.000,0,NULL,NULL,,0,0,0,7,255,0,250,0,0
baseline,3072,3072,0,3072,77178.283,0.974,-0.001,0.006,-0.225,0,0,0,0,0,0,0,0,0,0.000,0,WARMING_UP,0,0,0.504,0.012,-0.313,-0.125,0.375,0.004,-0.008,1.004,-0.012,0.004,0.004,0.000,0.000,0.000,0.000,0,NULL,NULL,,0,0,0,7,255,0,250,0,0
baseline,3076,3076,0,3076,77183.282,0.974,-0.001,0.006,-0.225,0,0,0,0,0,0,0,0,0,0.000,0,WARMING_UP,0,0,0.400,0.012,-0.063,-0.125,0.375,0.004,-0.008,1.000,-0.012,-0.004,0.004,0.000,0.000,0.000,0.000,0,NULL,NULL,,0,0,0,7,255,0,250,0,0
baseline,3082,3082,0,3082,77188.283,0.974,-0.001,0.006,-0.225,0,0,0,0,0,0,0,0,0,0.000,0,WARMING_UP,0,0,0.342,0.006,-0.063,-0.125,0.313,0.004,-0.008,1.000,-0.004,-0.004,-0.008,0.000,0.000,0.000,0.000,0,NULL,NULL,,0,0,0,7,255,0,250,0,0
baseline,3086,3086,0,3086,77193.282,0.974,-0.001,0.006,-0.225,0,0,0,0,0,0,0,0,0,0.000,0,WARMING_UP,0,0,0.419,0.004,-0.250,-0.125,0.313,0.004,-0.008,1.000,0.000,-0.004,-0.008,0.000,0.000,0.000,0.000,0,NULL,NULL,,0,0,0,7,255,0,250,0,0
baseline,3092,3092,0,3092,77198.283,0.974,-0.001,0.006,-0.225,0,0,0,0,0,0,0,0,0,0.000,0,WARMING_UP,0,0,0.446,0.004,-0.313,-0.063,0.313,0.004,-0.012,1.004,0.000,-0.004,0.000,0.000,0.000,0.000,0.000,0,NULL,NULL,,0,0,0,7,255,0,250,0,0
baseline,3097,3097,0,3097,77203.283,0.974,-0.001,0.006,-0.225,0,0,0,0,0,0,0,0,0,0.000,0,WARMING_UP,0,0,0.385,0.008,-0.188,-0.125,0.313,0.004,-0.012,1.000,0.000,-0.008,0.000,0.000,0.000,0.000,0.000,0,NULL,NULL,,0,0,0,7,255,0,250,0,0
baseline,3102,3102,0,3102,77208.283,0.974,-0.001,0.006,-0.225,0,0,0,0,0,0,0,0,0,0.000,0,WARMING_UP,0,0,0.395,0.009,0.000,-0.125,0.375,0.004,-0.008,1.000,0.004,-0.008,-0.004,0.000,0.000,0.000,0.000,0,NULL,NULL,,0,0,0,7,255,0,250,0,0
baseline,3106,3106,0,3106,77213.282,0.974,-0.001,0.006,-0.225,0,0,0,0,0,0,0,0,0,0.000,0,WARMING_UP,0,0,0.385,0.004,-0.188,-0.125,0.313,0.004,-0.008,1.000,0.004,0.000,-0.004,0.000,0.000,0.000,0.000,0,NULL,NULL,,0,0,0,7,255,0,250,0,0
baseline,3112,3112,0,3112,77218.283,0.974,-0.001,0.006,-0.225,0,0,0,0,0,0,0,0,0,0.000,0,WARMING_UP,0,0,0.534,0.004,-0.375,-0.063,0.375,0.004,-0.012,1.004,0.004,0.000,0.000,0.000,0.000,0.000,0.000,0,NULL,NULL,,0,0,0,7,255,0,250,0,0
baseline,3117,3117,0,3117,77223.283,0.974,-0.001,0.006,-0.225,0,0,0,0,0,0,0,0,0,0.000,0,WARMING_UP,0,0,0.419,0.006,-0.250,-0.125,0.313,0.004,-0.012,1.000,-0.004,-0.004,0.000,0.000,0.000,0.000,0.000,0,NULL,NULL,,0,0,0,7,255,0,250,0,0
baseline,3122,3122,0,3122,77228.283,0.974,-0.001,0.006,-0.225,0,0,0,0,0,0,0,0,0,0.000,0,WARMING_UP,0,0,0.370,0.008,-0.063,-0.188,0.313,0.004,-0.012,1.000,0.000,-0.008,-0.004,0.000,0.000,0.000,0.000,0,NULL,NULL,,0,0,0,7,255,0,250,0,0
baseline,3126,3126,0,3126,77233.282,0.974,-0.001,0.006,-0.225,0,1,0,0,0,0,0,0,0,0.000,0,WARMING_UP,0,0,0.359,0.009,-0.125,-0.125,0.313,0.004,-0.008,1.000,-0.004,-0.008,-0.004,0.000,0.000,0.000,0.000,0,NULL,NULL,,0,0,0,7,255,0,250,0,0
baseline,3132,3132,0,3132,77238.283,0.974,-0.001,0.006,-0.225,0,0,0,0,0,0,0,0,0,0.000,0,WARMING_UP,0,0,0.446,0.012,-0.313,-0.063,0.313,0.004,-0.008,1.000,-0.004,0.012,-0.004,0.000,0.000,0.000,0.000,0,NULL,NULL,,0,0,0,7,255,0,250,0,0
baseline,3137,3137,0,3137,77243.285,0.974,-0.001,0.006,-0.225,0,0,0,0,0,0,0,0,0,0.000,0,WARMING_UP,0,0,0.492,0.012,-0.313,-0.063,0.375,0.004,-0.012,1.004,-0.004,0.012,0.000,0.000,0.000,0.000,0.000,0,NULL,NULL,,0,0,0,7,255,0,250,0,0
baseline,3142,3142,0,3142,77248.283,0.974,-0.001,0.006,-0.225,0,0,0,0,0,0,0,0,0,0.000,0,WARMING_UP,0,0,0.400,0.012,-0.063,-0.125,0.375,0.004,-0.012,1.000,-0.004,-0.012,0.000,0.000,0.000,0.000,0.000,0,NULL,NULL,,0,0,0,7,255,0,250,0,0
baseline,3146,3146,0,3146,77253.282,0.974,-0.001,0.006,-0.225,0,0,0,0,0,0,0,0,0,0.000,0,WARMING_UP,0,0,0.400,0.012,-0.063,-0.125,0.375,0.004,-0.008,1.000,0.000,-0.012,0.000,0.000,0.000,0.000,0.000,0,NULL,NULL,,0,0,0,7,255,0,250,0,0
baseline,3152,3152,0,3152,77258.283,0.974,-0.001,0.006,-0.225,0,0,0,0,0,0,0,0,0,0.000,0,WARMING_UP,0,0,0.438,0.004,-0.188,-0.125,0.375,0.004,-0.008,1.000,0.000,0.004,0.000,0.000,0.000,0.000,0.000,0,NULL,NULL,,0,0,0,7,255,0,250,0,0
baseline,3156,3156,0,3156,77263.282,0.974,-0.001,0.006,-0.225,0,0,0,0,0,0,0,0,0,0.000,0,WARMING_UP,0,0,0.446,0.008,-0.313,-0.063,0.313,0.004,-0.008,1.004,0.000,0.008,0.000,0.000,0.000,0.000,0.000,0,NULL,NULL,,0,0,0,7,255,0,250,0,0
baseline,3162,3162,0,3162,77268.283,0.974,-0.001,0.006,-0.225,0,0,0,0,0,0,0,0,0,0.000,0,WARMING_UP,0,0,0.359,0.008,-0.125,-0.125,0.313,0.004,-0.008,1.004,0.000,0.008,0.008,0.000,0.000,0.000,0.000,0,NULL,NULL,,0,0,0,7,255,0,250,0,0
baseline,3166,3166,0,3166,77273.282,0.974,-0.001,0.006,-0.225,0,0,0,0,0,0,0,0,0,0.000,0,WARMING_UP,0,0,0.337,0.008,0.000,-0.125,0.313,0.004,-0.008,1.000,-0.008,0.000,0.008,0.000,0.000,0.000,0.000,0,NULL,NULL,,0,0,0,7,255,0,250,0,0
baseline,3172,3172,0,3172,77278.283,0.974,-0.001,0.006,-0.225,0,0,0,0,0,0,0,0,0,0.000,0,WARMING_UP,0,0,0.359,0.008,-0.125,-0.125,0.313,0.004,-0.008,1.000,-0.008,0.000,-0.004,0.000,0.000,0.000,0.000,0,NULL,NULL,,0,0,0,7,255,0,250,0,0
baseline,3176,3176,0,3176,77283.282,0.974,-0.001,0.006,-0.225,0,0,0,0,0,0,0,0,0,0.000,0,WARMING_UP,0,0,0.459,0.008,-0.313,-0.125,0.313,0.004,-0.008,1.004,0.000,0.008,-0.004,0.000,0.000,0.000,0.000,0,NULL,NULL,,0,0,0,7,255,0,250,0,0
baseline,3182,3182,0,3182,77288.283,0.974,-0.001,0.006,-0.225,0,0,0,0,0,0,0,0,0,0.000,0,WARMING_UP,0,0,0.438,0.008,-0.188,-0.125,0.375,0.004,-0.012,1.004,0.000,0.008,0.012,0.000,0.000,0.000,0.000,0,NULL,NULL,,0,0,0,7,255,0,250,0,0
baseline,3186,3186,0,3186,77293.282,0.974,-0.001,0.006,-0.225,0,0,0,0,0,0,0,0,0,0.000,0,WARMING_UP,0,0,0.359,0.008,-0.125,-0.125,0.313,0.004,-0.012,1.004,0.000,-0.008,0.012,0.000,0.000,0.000,0.000,0,NULL,NULL,,0,0,0,7,255,0,250,0,0
baseline,3192,3192,0,3192,77298.283,0.974,-0.001,0.006,-0.225,0,0,0,0,0,0,0,0,0,0.000,0,WARMING_UP,0,0,0.400,0.008,-0.063,-0.125,0.375,0.004,-0.008,1.000,0.000,-0.008,0.004,0.000,0.000,0.000,0.000,0,NULL,NULL,,0,0,0,7,255,0,250,0,0
baseline,3196,3196,0,3196,77303.282,0.974,-0.001,0.006,-0.225,0,0,0,0,0,0,0,0,0,0.000,0,WARMING_UP,0,0,0.424,0.000,-0.188,-0.063,0.375,0.004,-0.008,1.000,0.000,0.000,-0.004,0.000,0.000,0.000,0.000,0,NULL,NULL,,0,0,0,7,255,0,250,0,0
baseline,3202,3202,0,3202,77308.283,0.974,-0.001,0.006,-0.225,0,0,0,0,0,0,0,0,0,0.000,0,WARMING_UP,0,0,0.468,0.004,-0.250,-0.125,0.375,0.004,-0.012,1.004,0.004,0.000,-0.004,0.000,0.000,0.000,0.000,0,NULL,NULL,,0,0,0,7,255,0,250,0,0
baseline,3206,3206,0,3206,77313.282,0.974,-0.001,0.006,-0.225,0,0,0,0,0,0,0,0,0,0.000,0,WARMING_UP,0,0,0.385,0.008,-0.188,-0.125,0.313,0.004,-0.012,1.004,0.000,-0.008,0.016,0.000,0.000,0.000,0.000,0,NULL,NULL,,0,0,0,7,255,0,250,0,0
baseline,3212,3212,0,3212,77318.283,0.974,-0.001,0.006,-0.225,0,0,0,0,0,0,0,0,0,0.000,0,WARMING_UP,0,0,0.385,0.008,-0.188,-0.125,0.313,0.004,-0.012,1.000,0.000,-0.008,0.016,0.000,0.000,0.000,0.000,0,NULL,NULL,,0,0,0,7,255,0,250,0,0
baseline,3217,3217,0,3217,77323.283,0.974,-0.001,0.006,-0.225,0,0,0,0,0,0,0,0,0,0.000,0,WARMING_UP,0,0,0.438,0.008,-0.125,-0.188,0.375,0.004,-0.008,1.000,0.000,-0.008,-0.008,0.000,0.000,0.000,0.000,0,NULL,NULL,,0,0,0,7,255,0,250,0,0
baseline,3221,3221,0,3221,77328.282,0.974,-0.001,0.006,-0.225,0,0,0,0,0,0,0,0,0,0.000,0,WARMING_UP,0,0,0.385,0.000,-0.188,-0.125,0.313,0.004,-0.008,1.000,0.000,0.000,-0.008,0.000,0.000,0.000,0.000,0,NULL,NULL,,0,0,0,7,255,0,250,0,0
baseline,3227,3227,0,3227,77333.283,0.974,-0.001,0.006,-0.225,0,0,0,0,0,0,0,0,0,0.000,0,WARMING_UP,0,0,0.455,0.004,-0.250,-0.063,0.375,0.004,-0.008,1.004,0.000,0.004,-0.004,0.000,0.000,0.000,0.000,0,NULL,NULL,,0,0,0,7,255,0,250,0,0
baseline,3232,3232,0,3232,77338.283,0.974,-0.001,0.006,-0.225,0,0,0,0,0,0,0,0,0,0.000,0,WARMING_UP,0,0,0.455,0.000,-0.250,-0.063,0.375,0.004,-0.012,1.004,0.000,0.000,0.016,0.000,0.000,0.000,0.000,0,NULL,NULL,,0,0,0,7,255,0,250,0,0
baseline,3237,3237,0,3237,77343.283,0.974,-0.001,0.006,-0.225,0,0,0,0,0,0,0,0,0,0.000,0,WARMING_UP,0,0,0.385,0.004,-0.188,-0.125,0.313,0.004,-0.008,1.000,0.000,-0.004,0.016,0.000,0.000,0.000,0.000,0,NULL,NULL,,0,0,0,7,255,0,250,0,0
baseline,3242,3242,0,3242,77348.283,0.974,-0.001,0.006,-0.225,0,0,0,0,0,0,0,0,0,0.000,0,WARMING_UP,0,0,0.359,0.006,-0.125,-0.125,0.313,0.004,-0.012,1.000,0.004,-0.004,-0.008,0.000,0.000,0.000,0.000,0,NULL,NULL,,0,0,0,7,255,0,250,0,0
baseline,3247,3247,0,3247,77353.283,0.974,-0.001,0.006,-0.225,0,0,0,0,0,0,0,0,0,0.000,0,WARMING_UP,0,0,0.385,0.004,-0.188,-0.125,0.313,0.004,-0.008,1.004,0.000,-0.004,-0.008,0.000,0.000,0.000,0.000,0,NULL,NULL,,0,0,0,7,255,0,250,0,0
baseline,3252,3252,0,3252,77358.283,0.974,-0.001,0.006,-0.225,0,0,0,0,0,0,0,0,0,0.000,0,WARMING_UP,0,0,0.492,0.004,-0.313,-0.063,0.375,0.004,-0.008,1.004,0.000,-0.004,0.008,0.000,0.000,0.000,0.000,0,NULL,NULL,,0,0,0,7,255,0,250,0,0
baseline,3257,3257,0,3257,77363.283,0.974,-0.001,0.006,-0.225,0,0,0,0,0,0,0,0,0,0.000,0,WARMING_UP,0,0,0.364,0.004,-0.188,-0.188,0.250,0.004,-0.012,1.000,0.000,-0.004,0.008,0.000,0.000,0.000,0.000,0,NULL,NULL,,0,0,0,7,255,0,250,0,0
baseline,3262,3262,0,3262,77368.283,0.974,-0.001,0.006,-0.225,0,0,0,0,0,0,0,0,0,0.000,0,WARMING_UP,0,0,0.415,0.006,-0.125,-0.125,0.375,0.004,-0.008,1.000,0.004,-0.004,-0.004,0.000,0.000,0.000,0.000,0,NULL,NULL,,0,0,0,7,255,0,250,0,0
baseline,3266,3266,0,3266,77373.282,0.974,-0.001,0.006,-0.225,0,0,0,0,0,0,0,0,0,0.000,0,WARMING_UP,0,0,0.438,0.009,-0.188,-0.125,0.375,0.004,-0.008,1.000,0.004,0.008,-0.004,0.000,0.000,0.000,0.000,0,NULL,NULL,,0,0,0,7,255,0,250,0,0
baseline,3272,3272,0,3272,77378.283,0.974,-0.001,0.006,-0.225,0,0,0,0,0,0,0,0,0,0.000,0,WARMING_UP,0,0,0.545,0.008,-0.375,-0.125,0.375,0.004,-0.008,1.004,0.000,0.008,-0.004,0.000,0.000,0.000,0.000,0,NULL,NULL,,0,0,0,7,255,0,250,0,0
baseline,3276,3276,0,3276,77383.282,0.974,-0.001,0.006,-0.225,0,0,0,0,0,0,0,0,0,0.000,0,WARMING_UP,0,0,0.468,0.009,-0.250,-0.125,0.375,0.004,-0.012,1.004,-0.008,-0.004,0.016,0.000,0.000,0.000,0.000,0,NULL,NULL,,0,0,0,7,255,0,250,0,0
baseline,3282,3282,0,3282,77388.283,0.974,-0.001,0.006,-0.225,0,0,0,0,0,0,0,0,0,0.000,0,WARMING_UP,0,0,0.415,0.009,-0.125,-0.125,0.375,0.004,-0.012,1.000,-0.004,-0.008,0.016,0.000,0.000,0.000,0.000,0,NULL,NULL,,0,0,0,7,255,0,250,0,0
baseline,3286,3286,0,3286,77393.282,0.974,-0.001,0.006,-0.225,0,0,0,0,0,0,0,0,0,0.000,0,WARMING_UP,0,0,0.325,0.009,-0.063,-0.063,0.313,0.004,-0.008,1.000,-0.004,-0.008,-0.004,0.000,0.000,0.000,0.000,0,NULL,NULL,,0,0,0,7,255,0,250,0,0
baseline,3292,3292,0,3292,77398.283,0.974,-0.001,0.006,-0.225,0,0,0,0,0,0,0,0,0,0.000,0,WARMING_UP,0,0,0.424,0.004,-0.188,-0.063,0.375,0.004,-0.008,1.004,0.000,0.004,-0.004,0.000,0.000,0.000,0.000,0,NULL,NULL,,0,0,0,7,255,0,250,0,0
baseline,3296,3296,0,3296,77403.282,0.974,-0.001,0.006,-0.225,0,0,0,0,0,0,0,0,0,0.000,0,WARMING_UP,0,0,0.504,0.004,-0.313,-0.125,0.375,0.004,-0.008,1.004,0.000,0.004,0.004,0.000,0.000,0.000,0.000,0,NULL,NULL,,0,0,0,7,255,0,250,0,0
baseline,3302,3302,0,3302,77408.283,0.974,-0.001,0.006,-0.225,0,0,0,0,0,0,0,0,0,0.000,0,WARMING_UP,0,0,0.385,0.004,-0.188,-0.125,0.313,0.004,-0.012,1.000,0.004,0.000,0.004,0.000,0.000,0.000,0.000,0,NULL,NULL,,0,0,0,7,255,0,250,0,0
baseline,3306,3306,0,3306,77413.282,0.974,-0.001,0.006,-0.225,0,0,0,0,0,0,0,0,0,0.000,0,WARMING_UP,0,0,0.370,0.004,-0.063,-0.188,0.313,0.004,-0.008,1.000,0.004,0.000,-0.016,0.000,0.000,0.000,0.000,0,NULL,NULL,,0,0,0,7,255,0,250,0,0
baseline,3312,3312,0,3312,77418.283,0.974,-0.001,0.006,-0.225,0,0,0,0,0,0,0,0,0,0.000,0,WARMING_UP,0,0,0.415,0.006,-0.125,-0.125,0.375,0.004,-0.008,1.004,0.004,0.004,-0.016,0.000,0.000,0.000,0.000,0,NULL,NULL,,0,0,0,7,255,0,250,0,0
baseline,3317,3317,0,3317,77423.284,0.974,-0.001,0.006,-0.225,0,0,0,0,0,0,0,0,0,0.000,0,WARMING_UP,0,0,0.492,0.004,-0.375,-0.063,0.313,0.004,-0.008,1.004,0.000,0.004,0.004,0.000,0.000,0.000,0.000,0,NULL,NULL,,0,0,0,7,255,0,250,0,0
baseline,3322,3322,0,3322,77428.283,0.974,-0.001,0.006,-0.225,0,0,0,0,0,0,0,0,0,0.000,0,WARMING_UP,0,0,0.504,0.006,-0.313,-0.125,0.375,0.004,-0.012,1.004,0.004,0.004,0.004,0.000,0.000,0.000,0.000,0,NULL,NULL,,0,0,0,7,255,0,250,0,0
baseline,3326,3326,0,3326,77433.282,0.974,-0.001,0.006,-0.225,0,0,0,0,0,0,0,0,0,0.000,0,WARMING_UP,0,0,0.438,0.009,-0.125,-0.188,0.375,0.004,-0.012,1.000,-0.004,-0.008,0.004,0.000,0.000,0.000,0.000,0,NULL,NULL,,0,0,0,7,255,0,250,0,0
baseline,3332,3332,0,3332,77438.283,0.974,-0.001,0.006,-0.225,0,0,0,0,0,0,0,0,0,0.000,0,WARMING_UP,0,0,0.400,0.008,-0.063,-0.125,0.375,0.004,-0.008,1.000,0.000,-0.008,-0.004,0.000,0.000,0.000,0.000,0,NULL,NULL,,0,0,0,7,255,0,250,0,0
baseline,3337,3337,0,3337,77443.283,0.974,-0.001,0.006,-0.225,0,0,0,0,0,0,0,0,0,0.000,0,WARMING_UP,0,0,0.504,0.004,-0.313,-0.125,0.375,0.004,-0.008,1.004,0.000,0.004,-0.004,0.000,0.000,0.000,0.000,0,NULL,NULL,,0,0,0,7,255,0,250,0,0
baseline,3342,3342,0,3342,77448.283,0.974,-0.001,0.006,-0.225,0,0,0,0,0,0,0,0,0,0.000,0,WARMING_UP,0,0,0.492,0.004,-0.313,-0.063,0.375,0.004,-0.008,1.004,0.000,0.004,0.004,0.000,0.000,0.000,0.000,0,NULL,NULL,,0,0,0,7,255,0,250,0,0
baseline,3347,3347,0,3347,77453.285,0.974,-0.001,0.006,-0.225,0,0,0,0,0,0,0,0,0,0.000,0,WARMING_UP,0,0,0.438,0.004,-0.125,-0.188,0.375,0.004,-0.012,1.000,0.000,0.004,0.004,0.000,0.000,0.000,0.000,0,NULL,NULL,,0,0,0,7,255,0,250,0,0
baseline,3352,3352,0,3352,77458.283,0.974,-0.001,0.006,-0.225,0,0,0,0,0,0,0,0,0,0.000,0,WARMING_UP,0,0,0.419,0.009,0.000,-0.188,0.375,0.004,-0.008,1.000,0.008,0.004,-0.008,0.000,0.000,0.000,0.000,0,NULL,NULL,,0,0,0,7,255,0,250,0,0
baseline,3356,3356,0,3356,77463.282,0.974,-0.001,0.006,-0.225,0,0,0,0,0,0,0,0,0,0.000,0,WARMING_UP,0,0,0.492,0.009,-0.188,-0.125,0.438,0.004,-0.008,1.000,0.008,0.004,-0.008,0.000,0.000,0.000,0.000,0,NULL,NULL,,0,0,0,7,255,0,250,0,0
baseline,3362,3362,0,3362,77468.283,0.974,-0.001,0.006,-0.225,0,0,0,0,0,0,0,0,0,0.000,0,WARMING_UP,0,0,0.534,0.009,-0.375,-0.063,0.375,0.004,-0.012,1.004,0.008,0.004,-0.008,0.000,0.000,0.000,0.000,0,NULL,NULL,,0,0,0,7,255,0,250,0,0
baseline,3366,3366,0,3366,77473.282,0.974,-0.001,0.006,-0.225,0,0,0,0,0,0,0,0,0,0.000,0,WARMING_UP,0,0,0.455,0.009,-0.250,-0.063,0.375,0.004,-0.012,1.000,0.008,-0.004,-0.004,0.000,0.000,0.000,0.000,0,NULL,NULL,,0,0,0,7,255,0,250,0,0
baseline,3372,3372,0,3372,77478.283,0.974,-0.001,0.006,-0.225,0,0,0,0,0,0,0,0,0,0.000,0,WARMING_UP,0,0,0.342,0.009,-0.063,-0.125,0.313,0.004,-0.008,1.000,0.008,-0.004,-0.004,0.000,0.000,0.000,0.000,0,NULL,NULL,,0,0,0,7,255,0,250,0,0
baseline,3376,3376,0,3376,77483.282,0.974,-0.001,0.006,-0.226,0,0,0,0,0,0,0,0,0,0.000,0,WARMING_UP,0,0,0.342,0.009,-0.063,-0.125,0.313,0.004,-0.008,1.000,0.008,0.004,-0.008,0.000,0.000,0.000,0.000,0,NULL,NULL,,0,0,0,7,255,0,250,0,0
baseline,3382,3382,0,3382,77488.283,0.974,-0.001,0.006,-0.226,0,0,0,0,0,0,0,0,0,0.000,0,WARMING_UP,0,0,0.459,0.009,-0.313,-0.125,0.313,0.004,-0.008,1.000,0.008,0.004,-0.008,0.000,0.000,0.000,0.000,0,NULL,NULL,,0,0,0,7,255,0,250,0,0
baseline,3386,3386,0,3386,77493.282,0.974,-0.001,0.006,-0.226,0,0,0,0,0,0,0,0,0,0.000,0,WARMING_UP,0,0,0.455,0.008,-0.250,-0.063,0.375,0.004,-0.012,1.004,0.008,0.000,-0.004,0.000,0.000,0.000,0.000,0,NULL,NULL,,0,0,0,7,255,0,250,0,0
baseline,3392,3392,0,3392,77498.283,0.974,-0.001,0.006,-0.226,0,0,0,0,0,0,0,0,0,0.000,0,WARMING_UP,0,0,0.415,0.014,-0.125,-0.125,0.375,0.004,-0.012,1.004,0.008,-0.012,0.004,0.000,0.000,0.000,0.000,0,NULL,NULL,,0,0,0,7,255,0,250,0,0
baseline,3397,3397,0,3397,77503.283,0.974,-0.001,0.006,-0.226,0,0,0,0,0,0,0,0,0,0.000,0,WARMING_UP,0,0,0.400,0.012,-0.063,-0.125,0.375,0.004,-0.008,1.000,0.004,-0.012,0.004,0.000,0.000,0.000,0.000,0,NULL,NULL,,0,0,0,7,255,0,250,0,0
baseline,3402,3402,0,3402,77508.283,0.974,-0.001,0.006,-0.226,0,0,0,0,0,0,0,0,0,0.000,0,WARMING_UP,0,0,0.438,0.000,-0.188,-0.125,0.375,0.004,-0.008,1.000,0.000,0.000,-0.004,0.000,0.000,0.000,0.000,0,NULL,NULL,,0,0,0,7,255,0,250,0,0
baseline,3406,3406,0,3406,77513.282,0.974,-0.001,0.006,-0.226,0,0,0,0,0,0,0,0,0,0.000,0,WARMING_UP,0,0,0.492,0.012,-0.313,-0.063,0.375,0.008,-0.008,1.004,0.004,0.012,-0.004,0.000,0.000,0.000,0.000,0,NULL,NULL,,0,0,0,7,255,0,250,0,0
baseline,3412,3412,0,3412,77518.283,0.974,-0.001,0.006,-0.226,0,0,0,0,0,0,0,0,0,0.000,0,WARMING_UP,0,0,0.424,0.012,-0.188,-0.063,0.375,0.004,-0.012,1.004,0.000,0.012,0.004,0.000,0.000,0.000,0.000,0,NULL,NULL,,0,0,0,7,255,0,250,0,0
baseline,3417,3417,0,3417,77523.283,0.974,-0.001,0.006,-0.226,0,0,0,0,0,0,0,0,0,0.000,0,WARMING_UP,0,0,0.415,0.006,-0.125,-0.125,0.375,0.004,-0.008,1.000,-0.004,0.004,0.004,0.000,0.000,0.000,0.000,0,NULL,NULL,,0,0,0,7,255,0,250,0,0
baseline,3422,3422,0,3422,77528.283,0.974,-0.001,0.006,-0.226,0,0,0,0,0,0,0,0,0,0.000,0,WARMING_UP,0,0,0.359,0.006,-0.125,-0.125,0.313,0.004,-0.008,1.000,-0.004,0.004,0.000,0.000,0.000,0.000,0.000,0,NULL,NULL,,0,0,0,7,255,0,250,0,0
baseline,3426,3426,0,3426,77533.282,0.974,-0.001,0.006,-0.226,0,0,0,0,0,0,0,0,0,0.000,0,WARMING_UP,0,0,0.438,0.004,-0.188,-0.125,0.375,0.004,-0.008,1.000,0.000,0.004,0.000,0.000,0.000,0.000,0.000,0,NULL,NULL,,0,0,0,7,255,0,250,0,0
baseline,3432,3432,0,3432,77538.283,0.974,-0.001,0.006,-0.226,0,0,0,0,0,0,0,0,0,0.000,0,WARMING_UP,0,0,0.468,0.004,-0.250,-0.125,0.375,0.004,-0.012,1.004,0.000,0.004,0.000,0.000,0.000,0.000,0.000,0,NULL,NULL,,0,0,0,7,255,0,250,0,0
baseline,3437,3437,0,3437,77543.285,0.974,-0.001,0.006,-0.226,0,0,0,0,0,0,0,0,0,0.000,0,WARMING_UP,0,0,0.415,0.006,-0.125,-0.125,0.375,0.004,-0.012,1.004,0.004,-0.004,0.012,0.000,0.000,0.000,0.000,0,NULL,NULL,,0,0,0,7,255,0,250,0,0
baseline,3442,3442,0,3442,77548.283,0.974,-0.001,0.006,-0.226,0,0,0,0,0,0,0,0,0,0.000,0,WARMING_UP,0,0,0.415,0.006,-0.125,-0.125,0.375,0.004,-0.008,1.000,0.004,-0.004,0.012,0.000,0.000,0.000,0.000,0,NULL,NULL,,0,0,0,7,255,0,250,0,0
baseline,3446,3446,0,3446,77553.282,0.974,-0.001,0.006,-0.226,0,0,0,0,0,0,0,0,0,0.000,0,WARMING_UP,0,0,0.415,0.004,-0.125,-0.125,0.375,0.004,-0.008,1.000,0.004,0.000,-0.004,0.000,0.000,0.000,0.000,0,NULL,NULL,,0,0,0,7,255,0,250,0,0
baseline,3452,3452,0,3452,77558.283,0.974,-0.001,0.006,-0.226,0,0,0,0,0,0,0,0,0,0.000,0,WARMING_UP,0,0,0.424,0.009,-0.188,-0.063,0.375,0.004,-0.008,1.000,0.004,0.008,-0.004,0.000,0.000,0.000,0.000,0,NULL,NULL,,0,0,0,7,255,0,250,0,0
baseline,3456,3456,0,3456,77563.282,0.974,-0.001,0.006,-0.226,0,0,0,0,0,0,0,0,0,0.000,0,WARMING_UP,0,0,0.468,0.011,-0.250,-0.125,0.375,0.004,-0.008,1.004,0.008,0.008,0.000,0.000,0.000,0.000,0.000,0,NULL,NULL,,0,0,0,7,255,0,250,0,0
baseline,3462,3462,0,3462,77568.283,0.974,-0.001,0.006,-0.226,0,0,0,0,0,0,0,0,0,0.000,0,WARMING_UP,0,0,0.438,0.008,-0.188,-0.125,0.375,0.004,-0.012,1.000,0.008,0.000,0.000,0.000,0.000,0.000,0.000,0,NULL,NULL,,0,0,0,7,255,0,250,0,0
baseline,3467,3467,0,3467,77573.283,0.974,-0.001,0.006,-0.226,0,0,0,0,0,0,0,0,0,0.000,0,WARMING_UP,0,0,0.359,0.009,-0.125,-0.125,0.313,0.004,-0.008,1.000,0.008,-0.004,0.000,0.000,0.000,0.000,0.000,0,NULL,NULL,,0,0,0,7,255,0,250,0,0
baseline,3472,3472,0,3472,77578.283,0.974,-0.001,0.006,-0.226,0,0,0,0,0,0,0,0,0,0.000,0,WARMING_UP,0,0,0.415,0.006,-0.125,-0.125,0.375,0.004,-0.008,1.000,-0.004,-0.004,-0.008,0.000,0.000,0.000,0.000,0,NULL,NULL,,0,0,0,7,255,0,250,0,0
baseline,3476,3476,0,3476,77583.282,0.974,-0.001,0.006,-0.226,0,0,0,0,0,0,0,0,0,0.000,0,WARMING_UP,0,0,0.468,0.011,-0.250,-0.125,0.375,0.004,-0.008,1.004,-0.008,0.008,-0.008,0.000,0.000,0.000,0.000,0,NULL,NULL,,0,0,0,7,255,0,250,0,0
baseline,3482,3482,0,3482,77588.283,0.974,-0.001,0.006,-0.226,0,0,0,0,0,0,0,0,0,0.000,0,WARMING_UP,0,0,0.468,0.011,-0.250,-0.125,0.375,0.004,-0.012,1.004,-0.008,0.008,0.004,0.000,0.000,0.000,0.000,0,NULL,NULL,,0,0,0,7,255,0,250,0,0
baseline,3486,3486,0,3486,77593.282,0.974,-0.001,0.006,-0.226,0,0,0,0,0,0,0,0,0,0.000,0,WARMING_UP,0,0,0.359,0.009,-0.125,-0.125,0.313,0.004,-0.012,1.000,-0.008,-0.004,0.004,0.000,0.000,0.000,0.000,0,NULL,NULL,,0,0,0,7,255,0,250,0,0
baseline,3492,3492,0,3492,77598.283,0.974,-0.001,0.006,-0.226,0,0,0,0,0,0,0,0,0,0.000,0,WARMING_UP,0,0,0.342,0.006,-0.063,-0.125,0.313,0.004,-0.008,1.000,-0.004,-0.004,0.000,0.000,0.000,0.000,0.000,0,NULL,NULL,,0,0,0,7,255,0,250,0,0
baseline,3496,3496,0,3496,77603.282,0.974,-0.001,0.006,-0.226,0,0,0,0,0,0,0,0,0,0.000,0,WARMING_UP,0,0,0.468,0.004,-0.250,-0.125,0.375,0.004,-0.008,1.000,-0.004,0.000,0.000,0.000,0.000,0.000,0.000,0,NULL,NULL,,0,0,0,7,255,0,250,0,0
baseline,3502,3502,0,3502,77608.283,0.974,-0.001,0.006,-0.226,0,0,0,0,0,0,0,0,0,0.000,0,WARMING_UP,0,0,0.504,0.004,-0.313,-0.125,0.375,0.004,-0.012,1.004,-0.004,0.000,0.000,0.000,0.000,0.000,0.000,0,NULL,NULL,,0,0,0,7,255,0,250,0,0
baseline,3506,3506,0,3506,77613.282,0.974,-0.001,0.006,-0.226,0,0,0,0,0,0,0,0,0,0.000,0,WARMING_UP,0,0,0.385,0.009,-0.188,-0.125,0.313,0.004,-0.012,1.000,-0.004,-0.008,0.000,0.000,0.000,0.000,0.000,0,NULL,NULL,,0,0,0,7,255,0,250,0,0
baseline,3512,3512,0,3512,77618.283,0.974,-0.001,0.006,-0.226,0,0,0,0,0,0,0,0,0,0.000,0,WARMING_UP,0,0,0.342,0.008,-0.063,-0.125,0.313,0.004,-0.008,1.000,0.000,-0.008,-0.008,0.000,0.000,0.000,0.000,0,NULL,NULL,,0,0,0,7,255,0,250,0,0
baseline,3517,3517,0,3517,77623.283,0.974,-0.001,0.006,-0.226,0,0,0,0,0,0,0,0,0,0.000,0,WARMING_UP,0,0,0.400,0.006,-0.063,-0.125,0.375,0.004,-0.008,1.000,0.004,0.004,-0.008,0.000,0.000,0.000,0.000,0,NULL,NULL,,0,0,0,7,255,0,250,0,0
baseline,3521,3521,0,3521,77628.282,0.974,-0.001,0.006,-0.226,0,0,0,0,0,0,0,0,0,0.000,0,WARMING_UP,0,0,0.419,0.012,-0.250,-0.125,0.313,0.004,-0.008,1.004,0.000,0.012,-0.008,0.000,0.000,0.000,0.000,0,NULL,NULL,,0,0,0,7,255,0,250,0,0
baseline,3527,3527,0,3527,77633.283,0.974,-0.001,0.006,-0.226,0,0,0,0,0,0,0,0,0,0.000,0,WARMING_UP,0,0,0.459,0.012,-0.313,-0.125,0.313,0.004,-0.012,1.004,-0.004,0.012,0.008,0.000,0.000,0.000,0.000,0,NULL,NULL,,0,0,0,7,255,0,250,0,0
baseline,3532,3532,0,3532,77638.283,0.974,-0.001,0.006,-0.226,0,0,0,0,0,0,0,0,0,0.000,0,WARMING_UP,0,0,0.400,0.009,-0.063,-0.125,0.375,0.004,-0.012,1.000,-0.004,-0.008,0.008,0.000,0.000,0.000,0.000,0,NULL,NULL,,0,0,0,7,255,0,250,0,0
baseline,3537,3537,0,3537,77643.283,0.974,-0.001,0.006,-0.226,0,0,0,0,0,0,0,0,0,0.000,0,WARMING_UP,0,0,0.419,0.009,0.000,-0.188,0.375,0.004,-0.008,1.000,-0.004,-0.008,-0.004,0.000,0.000,0.000,0.000,0,NULL,NULL,,0,0,0,7,255,0,250,0,0
baseline,3542,3542,0,3542,77648.283,0.974,-0.001,0.006,-0.226,0,0,0,0,0,0,0,0,0,0.000,0,WARMING_UP,0,0,0.468,0.006,-0.250,-0.125,0.375,0.004,-0.008,1.004,-0.004,0.004,-0.004,0.000,0.000,0.000,0.000,0,NULL,NULL,,0,0,0,7,255,0,250,0,0
baseline,3547,3547,0,3547,77653.283,0.974,-0.001,0.006,-0.226,0,0,0,0,0,0,0,0,0,0.000,0,WARMING_UP,0,0,0.545,0.006,-0.375,-0.125,0.375,0.004,-0.012,1.004,-0.004,0.004,0.008,0.000,0.000,0.000,0.000,0,NULL,NULL,,0,0,0,7,255,0,250,0,0
baseline,3552,3552,0,3552,77658.283,0.974,-0.001,0.006,-0.226,0,0,0,0,0,0,0,0,0,0.000,0,WARMING_UP,0,0,0.415,0.012,-0.125,-0.125,0.375,0.004,-0.012,1.000,0.000,-0.012,0.008,0.000,0.000,0.000,0.000,0,NULL,NULL,,0,0,0,7,255,0,250,0,0
baseline,3557,3557,0,3557,77663.283,0.974,-0.001,0.006,-0.226,0,0,0,0,0,0,0,0,0,0.000,0,WARMING_UP,0,0,0.364,0.012,0.000,-0.188,0.313,0.004,-0.012,1.000,0.000,-0.012,0.000,0.000,0.000,0.000,0.000,0,NULL,NULL,,0,0,0,7,255,0,250,0,0
baseline,3562,3562,0,3562,77668.283,0.974,-0.001,0.006,-0.226,0,0,0,0,0,0,0,0,0,0.000,0,WARMING_UP,0,0,0.415,0.008,-0.125,-0.125,0.375,0.004,-0.008,1.000,0.000,-0.008,-0.004,0.000,0.000,0.000,0.000,0,NULL,NULL,,0,0,0,7,255,0,250,0,0
baseline,3566,3566,0,3566,77673.282,0.974,-0.001,0.006,-0.226,0,0,0,0,0,0,0,0,0,0.000,0,WARMING_UP,0,0,0.459,0.009,-0.313,-0.125,0.313,0.004,-0.008,1.004,-0.004,0.008,-0.004,0.000,0.000,0.000,0.000,0,NULL,NULL,,0,0,0,7,255,0,250,0,0
baseline,3572,3572,0,3572,77678.283,0.974,-0.001,0.006,-0.226,0,0,0,0,0,0,0,0,0,0.000,0,WARMING_UP,0,0,0.468,0.009,-0.250,-0.125,0.375,0.004,-0.008,1.004,-0.004,0.008,0.004,0.000,0.000,0.000,0.000,0,NULL,NULL,,0,0,0,7,255,0,250,0,0
baseline,3576,3576,0,3576,77683.282,0.974,-0.001,0.006,-0.226,0,0,0,0,0,0,0,0,0,0.000,0,WARMING_UP,0,0,0.415,0.004,-0.125,-0.125,0.375,0.004,-0.012,1.000,0.004,0.000,0.004,0.000,0.000,0.000,0.000,0,NULL,NULL,,0,0,0,7,255,0,250,0,0
baseline,3582,3582,0,3582,77688.283,0.974,-0.001,0.006,-0.226,0,0,0,0,0,0,0,0,0,0.000,0,WARMING_UP,0,0,0.395,0.004,0.000,-0.125,0.375,0.004,-0.008,1.004,0.004,0.000,0.004,0.000,0.000,0.000,0.000,0,NULL,NULL,,0,0,0,7,255,0,250,0,0
baseline,3586,3586,0,3586,77693.282,0.974,-0.001,0.006,-0.226,0,0,0,0,0,0,0,0,0,0.000,0,WARMING_UP,0,0,0.419,0.009,-0.250,-0.125,0.313,0.008,-0.008,1.004,0.008,0.004,0.004,0.000,0.000,0.000,0.000,0,NULL,NULL,,0,0,0,7,255,0,250,0,0
baseline,3592,3592,0,3592,77698.283,0.974,-0.001,0.006,-0.226,0,0,0,0,0,0,0,0,0,0.000,0,WARMING_UP,0,0,0.545,0.004,-0.375,-0.125,0.375,0.004,-0.012,1.004,0.000,0.004,0.004,0.000,0.000,0.000,0.000,0,NULL,NULL,,0,0,0,7,255,0,250,0,0
baseline,3596,3596,0,3596,77703.282,0.974,-0.001,0.006,-0.226,0,0,0,0,0,0,0,0,0,0.000,0,WARMING_UP,0,0,0.438,0.011,-0.188,-0.125,0.375,0.004,-0.012,1.004,0.008,-0.008,0.008,0.000,0.000,0.000,0.000,0,NULL,NULL,,0,0,0,7,255,0,250,0,0
baseline,3602,3602,0,3602,77708.283,0.974,-0.001,0.006,-0.226,0,0,0,0,0,0,0,0,0,0.000,0,WARMING_UP,0,0,0.400,0.008,-0.063,-0.125,0.375,0.004,-0.008,1.000,0.000,-0.008,0.008,0.000,0.000,0.000,0.000,0,NULL,NULL,,0,0,0,7,255,0,250,0,0
baseline,3606,3606,0,3606,77713.282,0.974,-0.001,0.006,-0.226,0,0,0,0,0,0,0,0,0,0.000,0,WARMING_UP,0,0,0.438,0.004,-0.125,-0.188,0.375,0.004,-0.008,1.000,0.000,-0.004,0.000,0.000,0.000,0.000,0.000,0,NULL,NULL,,0,0,0,7,255,0,250,0,0
baseline,3612,3612,0,3612,77718.283,0.974,-0.001,0.006,-0.226,0,0,0,0,0,0,0,0,0,0.000,0,WARMING_UP,0,0,0.492,0.004,-0.313,-0.063,0.375,0.004,-0.012,1.004,0.000,-0.004,0.000,0.000,0.000,0.000,0.000,0,NULL,NULL,,0,0,0,7,255,0,250,0,0
baseline,3617,3617,0,3617,77723.284,0.974,-0.001,0.006,-0.226,0,0,0,0,0,0,0,0,0,0.000,0,WARMING_UP,0,0,0.468,0.008,-0.250,-0.125,0.375,0.004,-0.012,1.004,0.000,-0.008,0.008,0.000,0.000,0.000,0.000,0,NULL,NULL,,0,0,0,7,255,0,250,0,0
baseline,3622,3622,0,3622,77728.283,0.974,-0.001,0.006,-0.226,0,0,0,0,0,0,0,0,0,0.000,0,WARMING_UP,0,0,0.359,0.008,-0.125,-0.125,0.313,0.004,-0.008,1.000,0.000,-0.008,0.008,0.000,0.000,0.000,0.000,0,NULL,NULL,,0,0,0,7,255,0,250,0,0
baseline,3626,3626,0,3626,77733.282,0.974,-0.001,0.006,-0.226,0,0,0,0,0,0,0,0,0,0.000,0,WARMING_UP,0,0,0.415,0.004,-0.125,-0.125,0.375,0.004,-0.008,1.000,0.000,-0.004,0.000,0.000,0.000,0.000,0.000,0,NULL,NULL,,0,0,0,7,255,0,250,0,0
baseline,3632,3632,0,3632,77738.283,0.974,-0.001,0.006,-0.226,0,0,0,0,0,0,0,0,0,0.000,0,WARMING_UP,0,0,0.385,0.004,-0.188,-0.125,0.313,0.004,-0.008,1.000,0.000,0.004,0.000,0.000,0.000,0.000,0.000,0,NULL,NULL,,0,0,0,7,255,0,250,0,0
baseline,3636,3636,0,3636,77743.282,0.974,-0.001,0.006,-0.226,0,0,0,0,0,0,0,0,0,0.000,0,WARMING_UP,0,0,0.504,0.006,-0.313,-0.125,0.375,0.004,-0.008,1.004,-0.004,0.004,0.000,0.000,0.000,0.000,0.000,0,NULL,NULL,,0,0,0,7,255,0,250,0,0
baseline,3642,3642,0,3642,77748.283,0.974,-0.001,0.006,-0.226,0,0,0,0,0,0,0,0,0,0.000,0,WARMING_UP,0,0,0.438,0.004,-0.188,-0.125,0.375,0.004,-0.008,1.004,-0.004,0.000,0.020,0.000,0.000,0.000,0.000,0,NULL,NULL,,0,0,0,7,255,0,250,0,0
baseline,3647,3647,0,3647,77753.283,0.974,-0.001,0.006,-0.226,0,0,0,0,0,0,0,0,0,0.000,0,WARMING_UP,0,0,0.415,0.000,-0.125,-0.125,0.375,0.004,-0.008,1.000,0.000,0.000,0.020,0.000,0.000,0.000,0.000,0,NULL,NULL,,0,0,0,7,255,0,250,0,0
baseline,3652,3652,0,3652,77758.283,0.974,-0.001,0.006,-0.226,0,0,0,0,0,0,0,0,0,0.000,0,WARMING_UP,0,0,0.359,0.004,-0.125,-0.125,0.313,0.004,-0.008,1.000,0.004,0.000,-0.012,0.000,0.000,0.000,0.000,0,NULL,NULL,,0,0,0,7,255,0,250,0,0
baseline,3656,3656,0,3656,77763.282,0.974,-0.001,0.006,-0.226,0,0,0,0,0,0,0,0,0,0.000,0,WARMING_UP,0,0,0.438,0.000,-0.188,-0.125,0.375,0.004,-0.008,1.000,0.000,0.000,-0.012,0.000,0.000,0.000,0.000,0,NULL,NULL,,0,0,0,7,255,0,250,0,0
baseline,3662,3662,0,3662,77768.283,0.974,-0.001,0.006,-0.226,0,0,0,0,0,0,0,0,0,0.000,0,WARMING_UP,0,0,0.468,0.000,-0.250,-0.125,0.375,0.004,-0.012,1.004,0.000,0.000,-0.012,0.000,0.000,0.000,0.000,0,NULL,NULL,,0,0,0,7,255,0,250,0,0
baseline,3666,3666,0,3666,77773.282,0.974,-0.001,0.006,-0.226,0,0,0,0,0,0,0,0,0,0.000,0,WARMING_UP,0,0,0.424,0.009,-0.188,-0.063,0.375,0.004,-0.008,1.004,-0.004,-0.008,0.004,0.000,0.000,0.000,0.000,0,NULL,NULL,,0,0,0,7,255,0,250,0,0
baseline,3672,3672,0,3672,77778.283,0.974,-0.001,0.006,-0.226,0,0,0,0,0,0,0,0,0,0.000,0,WARMING_UP,0,0,0.359,0.009,-0.125,-0.125,0.313,0.004,-0.012,1.000,-0.004,-0.008,0.004,0.000,0.000,0.000,0.000,0,NULL,NULL,,0,0,0,7,255,0,250,0,0
baseline,3676,3676,0,3676,77783.282,0.974,-0.001,0.006,-0.226,0,0,0,0,0,0,0,0,0,0.000,0,WARMING_UP,0,0,0.385,0.011,-0.188,-0.125,0.313,0.004,-0.008,1.000,-0.008,-0.008,0.000,0.000,0.000,0.000,0.000,0,NULL,NULL,,0,0,0,7,255,0,250,0,0
baseline,3682,3682,0,3682,77788.283,0.974,-0.001,0.006,-0.226,0,0,0,0,0,0,0,0,0,0.000,0,WARMING_UP,0,0,0.455,0.004,-0.250,-0.063,0.375,0.004,-0.008,1.004,0.000,-0.004,0.000,0.000,0.000,0.000,0.000,0,NULL,NULL,,0,0,0,7,255,0,250,0,0
baseline,3686,3686,0,3686,77793.282,0.974,-0.001,0.006,-0.226,0,0,0,0,0,0,0,0,0,0.000,0,WARMING_UP,0,0,0.438,0.004,-0.188,-0.125,0.375,0.004,-0.008,1.004,0.000,-0.004,0.008,0.000,0.000,0.000,0.000,0,NULL,NULL,,0,0,0,7,255,0,250,0,0
baseline,3692,3692,0,3692,77798.283,0.974,-0.001,0.006,-0.226,0,0,0,0,0,0,0,0,0,0.000,0,WARMING_UP,0,0,0.385,0.004,-0.125,-0.188,0.313,0.004,-0.012,1.000,0.000,-0.004,0.008,0.000,0.000,0.000,0.000,0,NULL,NULL,,0,0,0,7,255,0,250,0,0
baseline,3696,3696,0,3696,77803.282,0.974,-0.001,0.006,-0.226,0,0,0,0,0,0,0,0,0,0.000,0,WARMING_UP,0,0,0.400,0.004,-0.063,-0.125,0.375,0.004,-0.008,1.000,0.000,-0.004,-0.020,0.000,0.000,0.000,0.000,0,NULL,NULL,,0,0,0,7,255,0,250,0,0
baseline,3702,3702,0,3702,77808.283,0.974,-0.001,0.006,-0.226,0,0,0,0,0,0,0,0,0,0.000,0,WARMING_UP,0,0,0.438,0.004,-0.188,-0.125,0.375,0.004,-0.008,1.004,0.000,0.004,-0.020,0.000,0.000,0.000,0.000,0,NULL,NULL,,0,0,0,7,255,0,250,0,0
baseline,3707,3707,0,3707,77813.283,0.974,-0.001,0.006,-0.226,0,0,0,0,0,0,0,0,0,0.000,0,WARMING_UP,0,0,0.455,0.009,-0.250,-0.063,0.375,0.004,-0.008,1.004,-0.004,0.008,0.008,0.000,0.000,0.000,0.000,0,NULL,NULL,,0,0,0,7,255,0,250,0,0
baseline,3712,3712,0,3712,77818.283,0.974,-0.001,0.006,-0.226,0,0,0,0,0,0,0,0,0,0.000,0,WARMING_UP,0,0,0.415,0.009,-0.125,-0.125,0.375,0.004,-0.012,1.000,-0.004,0.008,0.008,0.000,0.000,0.000,0.000,0,NULL,NULL,,0,0,0,7,255,0,250,0,0
baseline,3717,3717,0,3717,77823.284,0.974,-0.001,0.006,-0.226,0,0,0,0,0,0,0,0,0,0.000,0,WARMING_UP,0,0,0.415,0.006,-0.125,-0.125,0.375,0.004,-0.008,1.000,-0.004,0.004,0.000,0.000,0.000,0.000,0.000,0,NULL,NULL,,0,0,0,7,255,0,250,0,0
baseline,3722,3722,0,3722,77828.283,0.974,-0.001,0.006,-0.226,0,0,0,0,0,0,0,0,0,0.000,0,WARMING_UP,0,0,0.415,0.004,-0.125,-0.125,0.375,0.004,-0.008,1.000,0.000,0.004,-0.012,0.000,0.000,0.000,0.000,0,NULL,NULL,,0,0,0,7,255,0,250,0,0
baseline,3726,3726,0,3726,77833.282,0.974,-0.001,0.006,-0.226,0,0,0,0,0,0,0,0,0,0.000,0,WARMING_UP,0,0,0.468,0.006,-0.250,-0.125,0.375,0.004,-0.008,1.004,-0.004,0.004,-0.012,0.000,0.000,0.000,0.000,0,NULL,NULL,,0,0,0,7,255,0,250,0,0
baseline,3732,3732,0,3732,77838.283,0.974,-0.001,0.006,-0.227,0,0,0,0,0,0,0,0,0,0.000,0,WARMING_UP,0,0,0.446,0.004,-0.313,-0.063,0.313,0.004,-0.012,1.004,0.000,0.004,0.008,0.000,0.000,0.000,0.000,0,NULL,NULL,,0,0,0,7,255,0,250,0,0
baseline,3737,3737,0,3737,77843.285,0.974,-0.001,0.006,-0.227,0,0,0,0,0,0,0,0,0,0.000,0,WARMING_UP,0,0,0.438,0.008,-0.125,-0.188,0.375,0.004,-0.012,1.000,0.000,-0.008,0.008,0.000,0.000,0.000,0.000,0,NULL,NULL,,0,0,0,7,255,0,250,0,0
baseline,3742,3742,0,3742,77848.283,0.974,-0.001,0.006,-0.227,0,0,0,0,0,0,0,0,0,0.000,0,WARMING_UP,0,0,0.400,0.008,-0.063,-0.125,0.375,0.004,-0.008,1.000,0.000,-0.008,-0.016,0.000,0.000,0.000,0.000,0,NULL,NULL,,0,0,0,7,255,0,250,0,0
baseline,3746,3746,0,3746,77853.282,0.974,-0.001,0.006,-0.227,0,0,0,0,0,0,0,0,0,0.000,0,WARMING_UP,0,0,0.438,0.004,-0.188,-0.125,0.375,0.004,-0.008,1.004,0.000,0.004,-0.016,0.000,0.000,0.000,0.000,0,NULL,NULL,,0,0,0,7,255,0,250,0,0
baseline,3752,3752,0,3752,77858.283,0.974,-0.001,0.006,-0.227,0,0,0,0,0,0,0,0,0,0.000,0,WARMING_UP,0,0,0.492,0.006,-0.313,-0.063,0.375,0.004,-0.012,1.004,-0.004,0.004,0.004,0.000,0.000,0.000,0.000,0,NULL,NULL,,0,0,0,7,255,0,250,0,0
baseline,3756,3756,0,3756,77863.282,0.974,-0.001,0.006,-0.227,0,0,0,0,0,0,0,0,0,0.000,0,WARMING_UP,0,0,0.385,0.012,-0.188,-0.125,0.313,0.004,-0.012,1.004,-0.004,-0.012,0.004,0.000,0.000,0.000,0.000,0,NULL,NULL,,0,0,0,7,255,0,250,0,0
baseline,3762,3762,0,3762,77868.283,0.974,-0.001,0.006,-0.227,0,0,0,0,0,0,0,0,0,0.000,0,WARMING_UP,0,0,0.400,0.012,-0.063,-0.125,0.375,0.004,-0.008,1.000,-0.004,-0.012,0.004,0.000,0.000,0.000,0.000,0,NULL,NULL,,0,0,0,7,255,0,250,0,0
baseline,3766,3766,0,3766,77873.282,0.974,-0.001,0.006,-0.227,0,0,0,0,0,0,0,0,0,0.000,0,WARMING_UP,0,0,0.359,0.006,-0.125,-0.125,0.313,0.004,-0.008,1.000,-0.004,0.004,-0.004,0.000,0.000,0.000,0.000,0,NULL,NULL,,0,0,0,7,255,0,250,0,0
baseline,3772,3772,0,3772,77878.283,0.974,-0.001,0.006,-0.227,0,0,0,0,0,0,0,0,0,0.000,0,WARMING_UP,0,0,0.504,0.004,-0.375,-0.125,0.313,0.004,-0.008,1.004,0.000,0.004,-0.004,0.000,0.000,0.000,0.000,0,NULL,NULL,,0,0,0,7,255,0,250,0,0
baseline,3776,3776,0,3776,77883.282,0.974,-0.001,0.006,-0.227,0,0,0,0,0,0,0,0,0,0.000,0,WARMING_UP,0,0,0.455,0.004,-0.250,-0.063,0.375,0.004,-0.012,1.004,0.000,0.004,0.008,0.000,0.000,0.000,0.000,0,NULL,NULL,,0,0,0,7,255,0,250,0,0
baseline,3782,3782,0,3782,77888.283,0.974,-0.001,0.006,-0.227,0,0,0,0,0,0,0,0,0,0.000,0,WARMING_UP,0,0,0.400,0.008,-0.063,-0.125,0.375,0.004,-0.012,1.000,0.000,-0.008,0.008,0.000,0.000,0.000,0.000,0,NULL,NULL,,0,0,0,7,255,0,250,0,0
baseline,3786,3786,0,3786,77893.282,0.974,-0.001,0.006,-0.227,0,0,0,0,0,0,0,0,0,0.000,0,WARMING_UP,0,0,0.342,0.008,-0.063,-0.125,0.313,0.004,-0.008,1.000,0.000,-0.008,-0.008,0.000,0.000,0.000,0.000,0,NULL,NULL,,0,0,0,7,255,0,250,0,0
baseline,3792,3792,0,3792,77898.283,0.974,-0.001,0.006,-0.227,0,0,0,0,0,0,0,0,0,0.000,0,WARMING_UP,0,0,0.455,0.006,-0.250,-0.063,0.375,0.004,-0.008,1.004,-0.004,0.004,-0.008,0.000,0.000,0.000,0.000,0,NULL,NULL,,0,0,0,7,255,0,250,0,0
baseline,3796,3796,0,3796,77903.282,0.974,-0.001,0.006,-0.227,0,0,0,0,0,0,0,0,0,0.000,0,WARMING_UP,0,0,0.504,0.006,-0.313,-0.125,0.375,0.004,-0.012,1.004,-0.004,0.004,0.004,0.000,0.000,0.000,0.000,0,NULL,NULL,,0,0,0,7,255,0,250,0,0
baseline,3802,3802,0,3802,77908.283,0.974,-0.001,0.006,-0.227,0,0,0,0,0,0,0,0,0,0.000,0,WARMING_UP,0,0,0.419,0.021,-0.250,-0.125,0.313,0.004,-0.012,1.004,0.008,-0.020,0.004,0.000,0.000,0.000,0.000,0,NULL,NULL,,0,0,0,7,255,0,250,0,0
baseline,3806,3806,0,3806,77913.282,0.974,-0.001,0.006,-0.227,0,0,0,0,0,0,0,0,0,0.000,0,WARMING_UP,0,0,0.400,0.021,-0.063,-0.125,0.375,0.004,-0.012,1.000,0.008,-0.020,0.004,0.000,0.000,0.000,0.000,0,NULL,NULL,,0,0,0,7,255,0,250,0,0
baseline,3812,3812,0,3812,77918.283,0.974,-0.001,0.006,-0.227,0,0,0,0,0,0,0,0,0,0.000,0,WARMING_UP,0,0,0.385,0.009,-0.188,-0.125,0.313,0.004,-0.008,1.000,0.008,-0.004,-0.004,0.000,0.000,0.000,0.000,0,NULL,NULL,,0,0,0,7,255,0,250,0,0
baseline,3817,3817,0,3817,77923.283,0.974,-0.001,0.006,-0.227,0,0,0,0,0,0,0,0,0,0.000,0,WARMING_UP,0,0,0.504,0.008,-0.313,-0.125,0.375,0.004,-0.008,1.000,0.008,0.000,-0.004,0.000,0.000,0.000,0.000,0,NULL,NULL,,0,0,0,7,255,0,250,0,0
baseline,3821,3821,0,3821,77928.282,0.974,-0.001,0.006,-0.227,0,0,0,0,0,0,0,0,0,0.000,0,WARMING_UP,0,0,0.488,0.008,-0.250,-0.188,0.375,0.004,-0.012,1.004,0.008,0.000,0.000,0.000,0.000,0.000,0.000,0,NULL,NULL,,0,0,0,7,255,0,250,0,0
baseline,3827,3827,0,3827,77933.283,0.974,-0.001,0.006,-0.227,0,0,0,0,0,0,0,0,0,0.000,0,WARMING_UP,0,0,0.359,0.008,-0.125,-0.125,0.313,0.004,-0.008,1.000,0.008,0.000,0.000,0.000,0.000,0.000,0.000,0,NULL,NULL,,0,0,0,7,255,0,250,0,0
baseline,3832,3832,0,3832,77938.283,0.974,-0.001,0.006,-0.227,0,0,0,0,0,0,0,0,0,0.000,0,WARMING_UP,0,0,0.395,0.004,0.000,-0.125,0.375,0.004,-0.008,1.000,0.004,0.000,-0.008,0.000,0.000,0.000,0.000,0,NULL,NULL,,0,0,0,7,255,0,250,0,0
baseline,3837,3837,0,3837,77943.283,0.974,-0.001,0.006,-0.227,0,0,0,0,0,0,0,0,0,0.000,0,WARMING_UP,0,0,0.455,0.012,-0.250,-0.063,0.375,0.004,-0.008,1.000,-0.004,0.012,-0.008,0.000,0.000,0.000,0.000,0,NULL,NULL,,0,0,0,7,255,0,250,0,0
baseline,3842,3842,0,3842,77948.283,0.974,-0.001,0.006,-0.227,0,0,0,0,0,0,0,0,0,0.000,0,WARMING_UP,0,0,0.468,0.012,-0.250,-0.125,0.375,0.004,-0.012,1.004,-0.004,0.012,-0.004,0.000,0.000,0.000,0.000,0,NULL,NULL,,0,0,0,7,255,0,250,0,0
baseline,3847,3847,0,3847,77953.283,0.974,-0.001,0.006,-0.227,0,0,0,0,0,0,0,0,0,0.000,0,WARMING_UP,0,0,0.438,0.006,-0.188,-0.125,0.375,0.004,-0.012,1.004,-0.004,-0.004,0.004,0.000,0.000,0.000,0.000,0,NULL,NULL,,0,0,0,7,255,0,250,0,0
baseline,3852,3852,0,3852,77958.283,0.974,-0.001,0.006,-0.227,0,0,0,0,0,0,0,0,0,0.000,0,WARMING_UP,0,0,0.455,0.009,0.000,-0.125,0.438,0.004,-0.012,1.000,0.008,-0.004,0.004,0.000,0.000,0.000,0.000,0,NULL,NULL,,0,0,0,7,255,0,250,0,0
baseline,3856,3856,0,3856,77963.282,0.974,-0.001,0.006,-0.227,0,0,0,0,0,0,0,0,0,0.000,0,WARMING_UP,0,0,0.438,0.006,-0.188,-0.125,0.375,0.004,-0.008,1.000,0.004,-0.004,-0.008,0.000,0.000,0.000,0.000,0,NULL,NULL,,0,0,0,7,255,0,250,0,0
baseline,3862,3862,0,3862,77968.283,0.974,-0.001,0.006,-0.227,0,0,0,0,0,0,0,0,0,0.000,0,WARMING_UP,0,0,0.459,0.004,-0.313,-0.125,0.313,0.004,-0.008,1.004,0.004,0.000,-0.008,0.000,0.000,0.000,0.000,0,NULL,NULL,,0,0,0,7,255,0,250,0,0
baseline,3866,3866,0,3866,77973.282,0.974,-0.001,0.006,-0.227,0,0,0,0,0,0,0,0,0,0.000,0,WARMING_UP,0,0,0.455,0.004,-0.250,-0.063,0.375,0.004,-0.012,1.004,0.004,0.000,0.004,0.000,0.000,0.000,0.000,0,NULL,NULL,,0,0,0,7,255,0,250,0,0
baseline,3872,3872,0,3872,77978.283,0.974,-0.001,0.006,-0.227,0,0,0,0,0,0,0,0,0,0.000,0,WARMING_UP,0,0,0.385,0.008,-0.188,-0.125,0.313,0.004,-0.012,1.004,0.000,-0.008,0.008,0.000,0.000,0.000,0.000,0,NULL,NULL,,0,0,0,7,255,0,250,0,0
baseline,3876,3876,0,3876,77983.282,0.974,-0.001,0.006,-0.227,0,0,0,0,0,0,0,0,0,0.000,0,WARMING_UP,0,0,0.424,0.008,-0.063,-0.188,0.375,0.004,-0.008,1.000,0.000,-0.008,0.008,0.000,0.000,0.000,0.000,0,NULL,NULL,,0,0,0,7,255,0,250,0,0
baseline,3882,3882,0,3882,77988.283,0.974,-0.001,0.006,-0.227,0,0,0,0,0,0,0,0,0,0.000,0,WARMING_UP,0,0,0.359,0.000,-0.125,-0.125,0.313,0.004,-0.008,1.000,0.000,0.000,0.000,0.000,0.000,0.000,0.000,0,NULL,NULL,,0,0,0,7,255,0,250,0,0
baseline,3886,3886,0,3886,77993.282,0.974,-0.001,0.006,-0.227,0,0,0,0,0,0,0,0,0,0.000,0,WARMING_UP,0,0,0.419,0.004,-0.250,-0.125,0.313,0.004,-0.008,1.004,-0.004,0.000,0.000,0.000,0.000,0.000,0.000,0,NULL,NULL,,0,0,0,7,255,0,250,0,0
baseline,3892,3892,0,3892,77998.283,0.974,-0.001,0.006,-0.227,0,0,0,0,0,0,0,0,0,0.000,0,WARMING_UP,0,0,0.424,0.004,-0.188,-0.063,0.375,0.004,-0.012,1.004,0.004,0.000,0.008,0.000,0.000,0.000,0.000,0,NULL,NULL,,0,0,0,7,255,0,250,0,0
baseline,3896,3896,0,3896,78003.282,0.974,-0.001,0.006,-0.227,0,0,0,0,0,0,0,0,0,0.000,0,WARMING_UP,0,0,0.424,0.006,-0.063,-0.188,0.375,0.004,-0.012,1.000,0.004,-0.004,0.008,0.000,0.000,0.000,0.000,0,NULL,NULL,,0,0,0,7,255,0,250,0,0
baseline,3902,3902,0,3902,78008.283,0.974,-0.001,0.006,-0.227,0,0,0,0,0,0,0,0,0,0.000,0,WARMING_UP,0,0,0.415,0.006,-0.125,-0.125,0.375,0.004,-0.008,1.000,0.004,-0.004,-0.008,0.000,0.000,0.000,0.000,0,NULL,NULL,,0,0,0,7,255,0,250,0,0
baseline,3906,3906,0,3906,78013.282,0.974,-0.001,0.006,-0.227,0,0,0,0,0,0,0,0,0,0.000,0,WARMING_UP,0,0,0.370,0.006,-0.188,-0.063,0.313,0.004,-0.008,1.000,0.004,0.004,-0.008,0.000,0.000,0.000,0.000,0,NULL,NULL,,0,0,0,7,255,0,250,0,0
baseline,3912,3912,0,3912,78018.283,0.974,-0.001,0.006,-0.227,0,0,0,0,0,0,0,0,0,0.000,0,WARMING_UP,0,0,0.504,0.009,-0.313,-0.125,0.375,0.004,-0.008,1.004,-0.008,0.004,0.000,0.000,0.000,0.000,0.000,0,NULL,NULL,,0,0,0,7,255,0,250,0,0
baseline,3917,3917,0,3917,78023.284,0.974,-0.001,0.006,-0.227,0,0,0,0,0,0,0,0,0,0.000,0,WARMING_UP,0,0,0.385,0.008,-0.188,-0.125,0.313,0.004,-0.012,1.000,-0.008,0.000,0.000,0.000,0.000,0.000,0.000,0,NULL,NULL,,0,0,0,7,255,0,250,0,0
baseline,3922,3922,0,3922,78028.283,0.974,-0.001,0.006,-0.227,0,0,0,0,0,0,0,0,0,0.000,0,WARMING_UP,0,0,0.415,0.004,-0.125,-0.125,0.375,0.004,-0.008,1.000,0.004,0.000,0.000,0.000,0.000,0.000,0.000,0,NULL,NULL,,0,0,0,7,255,0,250,0,0
baseline,3926,3926,0,3926,78033.282,0.974,-0.001,0.006,-0.227,0,0,0,0,0,0,0,0,0,0.000,0,WARMING_UP,0,0,0.410,0.004,-0.188,-0.188,0.313,0.004,-0.008,1.000,0.004,0.000,-0.008,0.000,0.000,0.000,0.000,0,NULL,NULL,,0,0,0,7,255,0,250,0,0
baseline,3932,3932,0,3932,78038.283,0.974,-0.001,0.006,-0.227,0,0,0,0,0,0,0,0,0,0.000,0,WARMING_UP,0,0,0.468,0.009,-0.250,-0.125,0.375,0.004,-0.008,1.004,-0.004,0.008,-0.008,0.000,0.000,0.000,0.000,0,NULL,NULL,,0,0,0,7,255,0,250,0,0
baseline,3936,3936,0,3936,78043.282,0.974,-0.001,0.006,-0.227,0,0,0,0,0,0,0,0,0,0.000,0,WARMING_UP,0,0,0.468,0.009,-0.250,-0.125,0.375,0.004,-0.008,1.004,-0.004,0.008,0.016,0.000,0.000,0.000,0.000,0,NULL,NULL,,0,0,0,7,255,0,250,0,0
baseline,3942,3942,0,3942,78048.283,0.974,-0.001,0.006,-0.227,0,0,0,0,0,0,0,0,0,0.000,0,WARMING_UP,0,0,0.415,0.004,-0.125,-0.125,0.375,0.004,-0.012,1.000,0.000,-0.004,0.016,0.000,0.000,0.000,0.000,0,NULL,NULL,,0,0,0,7,255,0,250,0,0
baseline,3947,3947,0,3947,78053.283,0.974,-0.001,0.006,-0.227,0,0,0,0,0,0,0,0,0,0.000,0,WARMING_UP,0,0,0.359,0.004,-0.125,-0.125,0.313,0.004,-0.008,1.000,0.000,-0.004,-0.008,0.000,0.000,0.000,0.000,0,NULL,NULL,,0,0,0,7,255,0,250,0,0
baseline,3952,3952,0,3952,78058.283,0.974,-0.001,0.006,-0.227,0,0,0,0,0,0,0,0,0,0.000,0,WARMING_UP,0,0,0.415,0.000,-0.125,-0.125,0.375,0.004,-0.008,1.000,0.000,0.000,-0.008,0.000,0.000,0.000,0.000,0,NULL,NULL,,0,0,0,7,255,0,250,0,0
baseline,3956,3956,0,3956,78063.282,0.974,-0.001,0.006,-0.227,0,0,0,0,0,0,0,0,0,0.000,0,WARMING_UP,0,0,0.419,0.004,-0.250,-0.125,0.313,0.004,-0.008,1.004,0.000,0.004,-0.004,0.000,0.000,0.000,0.000,0,NULL,NULL,,0,0,0,7,255,0,250,0,0
baseline,3962,3962,0,3962,78068.283,0.974,-0.001,0.006,-0.227,0,0,0,0,0,0,0,0,0,0.000,0,WARMING_UP,0,0,0.385,0.004,-0.188,-0.125,0.313,0.004,-0.012,1.000,0.000,0.004,0.000,0.000,0.000,0.000,0.000,0,NULL,NULL,,0,0,0,7,255,0,250,0,0
baseline,3966,3966,0,3966,78073.282,0.974,-0.001,0.006,-0.227,0,0,0,0,0,0,0,0,0,0.000,0,WARMING_UP,0,0,0.424,0.004,-0.063,-0.188,0.375,0.004,-0.008,1.000,0.000,-0.004,0.000,0.000,0.000,0.000,0.000,0,NULL,NULL,,0,0,0,7,255,0,250,0,0
baseline,3972,3972,0,3972,78078.283,0.974,-0.001,0.006,-0.227,0,0,0,0,0,0,0,0,0,0.000,0,WARMING_UP,0,0,0.342,0.006,-0.063,-0.125,0.313,0.004,-0.008,1.000,0.004,-0.004,0.000,0.000,0.000,0.000,0.000,0,NULL,NULL,,0,0,0,7,255,0,250,0,0
baseline,3976,3976,0,3976,78083.282,0.974,-0.001,0.006,-0.227,0,0,0,0,0,0,0,0,0,0.000,0,WARMING_UP,0,0,0.419,0.006,-0.250,-0.125,0.313,0.004,-0.008,1.004,0.004,0.004,0.000,0.000,0.000,0.000,0.000,0,NULL,NULL,,0,0,0,7,255,0,250,0,0
baseline,3982,3982,0,3982,78088.283,0.974,-0.001,0.006,-0.227,0,0,0,0,0,0,0,0,0,0.000,0,WARMING_UP,0,0,0.419,0.009,-0.250,-0.125,0.313,0.004,-0.012,1.004,0.008,0.004,0.004,0.000,0.000,0.000,0.000,0,NULL,NULL,,0,0,0,7,255,0,250,0,0
baseline,3986,3986,0,3986,78093.282,0.974,-0.001,0.006,-0.227,0,0,0,0,0,0,0,0,0,0.000,0,WARMING_UP,0,0,0.438,0.017,-0.188,-0.125,0.375,0.004,-0.012,1.000,0.012,-0.012,0.004,0.000,0.000,0.000,0.000,0,NULL,NULL,,0,0,0,7,255,0,250,0,0
baseline,3992,3992,0,3992,78098.283,0.974,-0.001,0.006,-0.227,0,0,0,0,0,0,0,0,0,0.000,0,WARMING_UP,0,0,0.342,0.017,-0.063,-0.125,0.313,0.004,-0.012,1.000,0.008,-0.016,-0.016,0.000,0.000,0.000,0.000,0,NULL,NULL,,0,0,0,7,255,0,250,0,0
baseline,3996,3996,0,3996,78103.282,0.974,-0.001,0.006,-0.227,0,0,0,0,0,0,0,0,0,0.000,0,WARMING_UP,0,0,0.424,0.012,-0.188,-0.063,0.375,0.004,-0.008,1.000,0.004,-0.012,-0.016,0.000,0.000,0.000,0.000,0,NULL,NULL,,0,0,0,7,255,0,250,0,0
baseline,4002,4002,0,4002,78108.283,0.974,-0.001,0.006,-0.227,0,0,0,0,0,0,0,5,0,0.000,0,WARMING_UP,0,0,0.459,0.009,-0.313,-0.125,0.313,0.004,-0.012,1.000,-0.004,-0.008,-0.004,0.000,0.000,0.000,0.000,0,NULL,NULL,,0,0,0,7,255,0,250,0,0
baseline,4007,4007,0,4007,78113.284,0.974,-0.001,0.006,-0.227,0,0,0,0,0,0,0,0,0,0.000,0,WARMING_UP,0,0,0.468,0.009,-0.250,-0.125,0.375,0.004,-0.012,1.004,-0.004,-0.008,0.000,0.000,0.000,0.000,0.000,0,NULL,NULL,,0,0,0,7,255,0,250,0,0
baseline,4012,4012,0,4012,78118.283,0.974,-0.001,0.006,-0.227,0,0,0,0,0,0,0,0,0,0.000,0,WARMING_UP,0,0,0.395,0.008,0.000,-0.125,0.375,0.004,-0.012,1.000,0.000,-0.008,0.000,0.000,0.000,0.000,0.000,0,NULL,NULL,,0,0,0,7,255,0,250,0,0
baseline,4017,4017,0,4017,78123.283,0.974,-0.001,0.006,-0.227,0,0,0,0,0,0,0,0,0,0.000,0,WARMING_UP,0,0,0.415,0.008,-0.125,-0.125,0.375,0.004,-0.008,1.000,0.000,-0.008,-0.008,0.000,0.000,0.000,0.000,0,NULL,NULL,,0,0,0,7,255,0,250,0,0
baseline,4022,4022,0,4022,78128.283,0.974,-0.001,0.006,-0.227,0,0,0,0,0,0,0,0,0,0.000,0,WARMING_UP,0,0,0.419,0.008,-0.250,-0.125,0.313,0.004,-0.008,1.004,0.000,0.008,-0.008,0.000,0.000,0.000,0.000,0,NULL,NULL,,0,0,0,7,255,0,250,0,0
baseline,4027,4027,0,4027,78133.283,0.974,-0.001,0.006,-0.227,0,0,0,0,0,0,0,0,0,0.000,0,WARMING_UP,0,0,0.504,0.008,-0.313,-0.125,0.375,0.004,-0.008,1.004,0.000,0.008,0.004,0.000,0.000,0.000,0.000,0,NULL,NULL,,0,0,0,7,255,0,250,0,0
baseline,4032,4032,0,4032,78138.283,0.974,-0.001,0.006,-0.227,0,0,0,0,0,0,0,0,0,0.000,0,WARMING_UP,0,0,0.410,0.004,-0.188,-0.188,0.313,0.004,-0.012,1.000,0.004,0.000,0.004,0.000,0.000,0.000,0.000,0,NULL,NULL,,0,0,0,7,255,0,250,0,0
baseline,4037,4037,0,4037,78143.285,0.974,-0.001,0.006,-0.227,0,0,0,0,0,0,0,0,0,0.000,0,WARMING_UP,0,0,0.342,0.004,-0.063,-0.125,0.313,0.004,-0.008,1.000,0.004,0.000,-0.004,0.000,0.000,0.000,0.000,0,NULL,NULL,,0,0,0,7,255,0,250,0,0
baseline,4042,4042,0,4042,78148.283,0.974,-0.001,0.006,-0.227,0,0,0,0,0,0,0,0,0,0.000,0,WARMING_UP,0,0,0.438,0.006,-0.188,-0.125,0.375,0.004,-0.008,1.000,-0.004,0.004,-0.004,0.000,0.000,0.000,0.000,0,NULL,NULL,,0,0,0,7,255,0,250,0,0
baseline,4046,4046,0,4046,78153.282,0.974,-0.001,0.006,-0.227,0,0,0,0,0,0,0,0,0,0.000,0,WARMING_UP,0,0,0.459,0.006,-0.313,-0.125,0.313,0.004,-0.008,1.004,-0.004,0.004,-0.004,0.000,0.000,0.000,0.000,0,NULL,NULL,,0,0,0,7,255,0,250,0,0
baseline,4052,4052,0,4052,78158.283,0.974,-0.001,0.006,-0.227,0,0,0,0,0,0,0,0,0,0.000,0,WARMING_UP,0,0,0.438,0.004,-0.188,-0.125,0.375,0.004,-0.012,1.004,-0.004,0.000,0.012,0.000,0.000,0.000,0.000,0,NULL,NULL,,0,0,0,7,255,0,250,0,0
baseline,4056,4056,0,4056,78163.282,0.974,-0.001,0.006,-0.227,0,0,0,0,0,0,0,0,0,0.000,0,WARMING_UP,0,0,0.400,0.006,-0.063,-0.125,0.375,0.004,-0.008,1.000,-0.004,-0.004,0.012,0.000,0.000,0.000,0.000,0,NULL,NULL,,0,0,0,7,255,0,250,0,0
baseline,4062,4062,0,4062,78168.283,0.974,-0.001,0.006,-0.227,0,0,0,0,0,0,0,0,0,0.000,0,WARMING_UP,0,0,0.342,0.006,-0.063,-0.125,0.313,0.004,-0.008,1.000,-0.004,-0.004,0.000,0.000,0.000,0.000,0.000,0,NULL,NULL,,0,0,0,7,255,0,250,0,0
baseline,4066,4066,0,4066,78173.282,0.974,-0.001,0.006,-0.227,0,0,0,0,0,0,0,0,0,0.000,0,WARMING_UP,0,0,0.419,0.000,-0.250,-0.125,0.313,0.004,-0.008,1.000,0.000,0.000,0.000,0.000,0.000,0.000,0.000,0,NULL,NULL,,0,0,0,7,255,0,250,0,0
baseline,4072,4072,0,4072,78178.283,0.974,-0.001,0.006,-0.227,0,0,0,0,0,0,0,0,0,0.000,0,WARMING_UP,0,0,0.405,0.008,-0.250,-0.063,0.313,0.004,-0.012,1.004,0.008,0.000,0.000,0.000,0.000,0.000,0.000,0,NULL,NULL,,0,0,0,7,255,0,250,0,0
baseline,4076,4076,0,4076,78183.282,0.974,-0.001,0.006,-0.227,0,0,0,0,0,0,0,0,0,0.000,0,WARMING_UP,0,0,0.459,0.009,-0.188,-0.188,0.375,0.004,-0.012,1.000,0.004,-0.008,0.000,0.000,0.000,0.000,0.000,0,NULL,NULL,,0,0,0,7,255,0,250,0,0
baseline,4082,4082,0,4082,78188.283,0.974,-0.001,0.006,-0.227,0,0,0,0,0,0,0,0,0,0.000,0,WARMING_UP,0,0,0.400,0.016,-0.063,-0.125,0.375,0.004,-0.012,1.000,0.004,-0.016,-0.004,0.000,0.000,0.000,0.000,0,NULL,NULL,,0,0,0,7,255,0,250,0,0
baseline,4086,4086,0,4086,78193.282,0.974,-0.001,0.006,-0.227,0,0,0,0,0,0,0,0,0,0.000,0,WARMING_UP,0,0,0.415,0.016,-0.125,-0.125,0.375,0.004,-0.008,1.000,0.004,-0.016,-0.004,0.000,0.000,0.000,0.000,0,NULL,NULL,,0,0,0,7,255,0,250,0,0
baseline,4092,4092,0,4092,78198.283,0.974,-0.001,0.006,-0.228,0,0,0,0,0,0,0,0,0,0.000,0,WARMING_UP,0,0,0.504,0.004,-0.313,-0.125,0.375,0.004,-0.008,1.004,0.000,0.004,-0.004,0.000,0.000,0.000,0.000,0,NULL,NULL,,0,0,0,7,255,0,250,0,0
baseline,4096,4096,0,4096,78203.282,0.974,-0.001,0.006,-0.228,0,0,0,0,0,0,0,0,0,0.000,0,WARMING_UP,0,0,0.438,0.006,-0.188,-0.125,0.375,0.004,-0.012,1.004,-0.004,0.004,0.004,0.000,0.000,0.000,0.000,0,NULL,NULL,,0,0,0,7,255,0,250,0,0
baseline,4102,4102,0,4102,78208.283,0.974,-0.001,0.006,-0.228,0,0,0,0,0,0,0,0,0,0.000,0,WARMING_UP,0,0,0.438,0.009,-0.125,-0.188,0.375,0.004,-0.012,1.000,-0.004,-0.008,0.004,0.000,0.000,0.000,0.000,0,NULL,NULL,,0,0,0,7,255,0,250,0,0
baseline,4106,4106,0,4106,78213.282,0.974,-0.001,0.006,-0.228,0,0,0,0,0,0,0,0,0,0.000,0,WARMING_UP,0,0,0.415,0.009,-0.125,-0.125,0.375,0.004,-0.008,1.000,0.004,-0.008,-0.016,0.000,0.000,0.000,0.000,0,NULL,NULL,,0,0,0,7,255,0,250,0,0
baseline,4112,4112,0,4112,78218.283,0.974,-0.001,0.006,-0.228,0,0,0,0,0,0,0,0,0,0.000,0,WARMING_UP,0,0,0.438,0.012,-0.188,-0.125,0.375,0.004,-0.008,1.004,0.004,0.012,-0.016,0.000,0.000,0.000,0.000,0,NULL,NULL,,0,0,0,7,255,0,250,0,0
baseline,4117,4117,0,4117,78223.284,0.974,-0.001,0.006,-0.228,0,0,0,0,0,0,0,0,0,0.000,0,WARMING_UP,0,0,0.455,0.012,-0.250,-0.063,0.375,0.004,-0.012,1.004,0.004,0.012,0.012,0.000,0.000,0.000,0.000,0,NULL,NULL,,0,0,0,7,255,0,250,0,0
baseline,4121,4121,0,4121,78228.282,0.974,-0.001,0.006,-0.228,0,0,0,0,0,0,0,0,0,0.000,0,WARMING_UP,0,0,0.438,0.006,-0.188,-0.125,0.375,0.004,-0.012,1.004,0.004,-0.004,0.012,0.000,0.000,0.000,0.000,0,NULL,NULL,,0,0,0,7,255,0,250,0,0
baseline,4127,4127,0,4127,78233.283,0.974,-0.001,0.006,-0.228,0,0,0,0,0,0,0,0,0,0.000,0,WARMING_UP,0,0,0.424,0.009,-0.063,-0.188,0.375,0.004,-0.012,1.000,0.008,-0.004,0.012,0.000,0.000,0.000,0.000,0,NULL,NULL,,0,0,0,7,255,0,250,0,0
baseline,4132,4132,0,4132,78238.283,0.974,-0.001,0.006,-0.228,0,0,0,0,0,0,0,0,0,0.000,0,WARMING_UP,0,0,0.415,0.009,-0.125,-0.125,0.375,0.004,-0.008,1.000,0.008,-0.004,0.000,0.000,0.000,0.000,0.000,0,NULL,NULL,,0,0,0,7,255,0,250,0,0
baseline,4137,4137,0,4137,78243.283,0.974,-0.001,0.006,-0.228,0,0,0,0,0,0,0,0,0,0.000,0,WARMING_UP,0,0,0.468,0.009,-0.250,-0.125,0.375,0.004,-0.008,1.004,0.004,0.008,0.000,0.000,0.000,0.000,0.000,0,NULL,NULL,,0,0,0,7,255,0,250,0,0
baseline,4142,4142,0,4142,78248.283,0.974,-0.001,0.006,-0.228,0,0,0,0,0,0,0,0,0,0.000,0,WARMING_UP,0,0,0.419,0.008,-0.250,-0.125,0.313,0.004,-0.012,1.004,0.000,0.008,0.004,0.000,0.000,0.000,0.000,0,NULL,NULL,,0,0,0,7,255,0,250,0,0
baseline,4147,4147,0,4147,78253.283,0.974,-0.001,0.006,-0.228,0,0,0,0,0,0,0,0,0,0.000,0,WARMING_UP,0,0,0.370,0.008,-0.063,-0.188,0.313,0.004,-0.012,1.000,0.000,-0.008,0.004,0.000,0.000,0.000,0.000,0,NULL,NULL,,0,0,0,7,255,0,250,0,0
baseline,4152,4152,0,4152,78258.283,0.974,-0.001,0.006,-0.228,0,0,0,0,0,0,0,0,0,0.000,0,WARMING_UP,0,0,0.424,0.011,-0.063,-0.188,0.375,0.004,-0.008,1.000,0.008,-0.008,0.000,0.000,0.000,0.000,0.000,0,NULL,NULL,,0,0,0,7,255,0,250,0,0
baseline,4156,4156,0,4156,78263.282,0.974,-0.001,0.006,-0.228,0,0,0,0,0,0,0,0,0,0.000,0,WARMING_UP,0,0,0.468,0.008,-0.250,-0.125,0.375,0.004,-0.008,1.000,0.008,0.000,0.000,0.000,0.000,0.000,0.000,0,NULL,NULL,,0,0,0,7,255,0,250,0,0
baseline,4162,4162,0,4162,78268.283,0.974,-0.001,0.006,-0.228,0,0,0,0,0,0,0,0,0,0.000,0,WARMING_UP,0,0,0.455,0.008,-0.250,-0.063,0.375,0.004,-0.012,1.004,0.008,0.000,0.000,0.000,0.000,0.000,0.000,0,NULL,NULL,,0,0,0,7,255,0,250,0,0
baseline,4166,4166,0,4166,78273.282,0.974,-0.001,0.006,-0.228,0,0,0,0,0,0,0,0,0,0.000,0,WARMING_UP,0,0,0.370,0.000,-0.188,-0.063,0.313,0.004,-0.008,1.004,0.000,0.000,0.004,0.000,0.000,0.000,0.000,0,NULL,NULL,,0,0,0,7,255,0,250,0,0
baseline,4172,4172,0,4172,78278.284,0.974,-0.001,0.006,-0.228,0,0,0,0,0,0,0,0,0,0.000,0,WARMING_UP,0,0,0.385,0.004,-0.125,-0.188,0.313,0.004,-0.008,1.000,0.000,-0.004,0.004,0.000,0.000,0.000,0.000,0,NULL,NULL,,0,0,0,7,255,0,250,0,0
baseline,4176,4176,0,4176,78283.282,0.974,-0.001,0.006,-0.228,0,0,0,0,0,0,0,0,0,0.000,0,WARMING_UP,0,0,0.359,0.000,-0.125,-0.125,0.313,0.004,-0.008,1.000,0.000,0.000,-0.008,0.000,0.000,0.000,0.000,0,NULL,NULL,,0,0,0,7,255,0,250,0,0
baseline,4182,4182,0,4182,78288.283,0.974,-0.001,0.006,-0.228,0,0,0,0,0,0,0,0,0,0.000,0,WARMING_UP,0,0,0.419,0.006,-0.250,-0.125,0.313,0.004,-0.012,1.004,-0.004,-0.004,-0.008,0.000,0.000,0.000,0.000,0,NULL,NULL,,0,0,0,7,255,0,250,0,0
baseline,4186,4186,0,4186,78293.282,0.974,-0.001,0.006,-0.228,0,0,0,0,0,0,0,0,0,0.000,0,WARMING_UP,0,0,0.459,0.006,-0.313,-0.125,0.313,0.004,-0.008,1.004,-0.004,-0.004,0.016,0.000,0.000,0.000,0.000,0,NULL,NULL,,0,0,0,7,255,0,250,0,0
baseline,4192,4192,0,4192,78298.283,0.974,-0.001,0.006,-0.228,0,0,0,0,0,0,0,0,0,0.000,0,WARMING_UP,0,0,0.385,0.014,-0.188,-0.125,0.313,0.004,-0.012,1.000,-0.008,-0.012,0.016,0.000,0.000,0.000,0.000,0,NULL,NULL,,0,0,0,7,255,0,250,0,0
baseline,4196,4196,0,4196,78303.282,0.974,-0.001,0.006,-0.228,0,0,0,0,0,0,0,0,0,0.000,0,WARMING_UP,0,0,0.400,0.006,-0.063,-0.125,0.375,0.004,-0.008,1.000,-0.004,-0.004,-0.008,0.000,0.000,0.000,0.000,0,NULL,NULL,,0,0,0,7,255,0,250,0,0
baseline,4202,4202,0,4202,78308.283,0.974,-0.001,0.006,-0.228,0,0,0,0,0,0,0,0,0,0.000,0,WARMING_UP,0,0,0.424,0.012,-0.188,-0.063,0.375,0.004,-0.008,1.004,-0.012,0.004,-0.008,0.000,0.000,0.000,0.000,0,NULL,NULL,,0,0,0,7,255,0,250,0,0
baseline,4206,4206,0,4206,78313.282,0.974,-0.001,0.006,-0.228,0,0,0,0,0,0,0,0,0,0.000,0,WARMING_UP,0,0,0.492,0.012,-0.313,-0.063,0.375,0.004,-0.008,1.004,-0.012,0.004,0.004,0.000,0.000,0.000,0.000,0,NULL,NULL,,0,0,0,7,255,0,250,0,0
baseline,4212,4212,0,4212,78318.283,0.974,-0.001,0.006,-0.228,0,0,0,0,0,0,0,0,0,0.000,0,WARMING_UP,0,0,0.405,0.012,-0.250,-0.063,0.313,0.004,-0.012,1.004,-0.012,-0.004,0.004,0.000,0.000,0.000,0.000,0,NULL,NULL,,0,0,0,7,255,0,250,0,0
baseline,4217,4217,0,4217,78323.283,0.974,-0.001,0.006,-0.228,0,0,0,0,0,0,0,0,0,0.000,0,WARMING_UP,0,0,0.359,0.016,-0.125,-0.125,0.313,0.004,-0.012,1.000,-0.004,-0.016,0.004,0.000,0.000,0.000,0.000,0,NULL,NULL,,0,0,0,7,255,0,250,0,0
baseline,4222,4222,0,4222,78328.283,0.974,-0.001,0.006,-0.228,0,0,0,0,0,0,0,0,0,0.000,0,WARMING_UP,0,0,0.359,0.016,-0.125,-0.125,0.313,0.004,-0.008,1.000,0.004,-0.016,0.000,0.000,0.000,0.000,0.000,0,NULL,NULL,,0,0,0,7,255,0,250,0,0
baseline,4226,4226,0,4226,78333.282,0.974,-0.001,0.006,-0.228,0,0,0,0,0,0,0,0,0,0.000,0,WARMING_UP,0,0,0.468,0.004,-0.250,-0.125,0.375,0.004,-0.008,1.004,0.004,0.000,0.000,0.000,0.000,0.000,0.000,0,NULL,NULL,,0,0,0,7,255,0,250,0,0
baseline,4232,4232,0,4232,78338.283,0.974,-0.001,0.006,-0.228,0,0,0,0,0,0,0,0,0,0.000,0,WARMING_UP,0,0,0.545,0.000,-0.375,-0.125,0.375,0.004,-0.012,1.004,0.000,0.000,0.016,0.000,0.000,0.000,0.000,0,NULL,NULL,,0,0,0,7,255,0,250,0,0
baseline,4236,4236,0,4236,78343.282,0.974,-0.001,0.006,-0.228,0,0,0,0,0,0,0,0,0,0.000,0,WARMING_UP,0,0,0.415,0.008,-0.125,-0.125,0.375,0.004,-0.012,1.000,0.000,-0.008,0.016,0.000,0.000,0.000,0.000,0,NULL,NULL,,0,0,0,7,255,0,250,0,0
baseline,4242,4242,0,4242,78348.283,0.974,-0.001,0.006,-0.228,0,0,0,0,0,0,0,0,0,0.000,0,WARMING_UP,0,0,0.400,0.008,-0.063,-0.125,0.375,0.004,-0.008,1.000,0.000,-0.008,0.000,0.000,0.000,0.000,0.000,0,NULL,NULL,,0,0,0,7,255,0,250,0,0
baseline,4247,4247,0,4247,78353.284,0.974,-0.001,0.006,-0.228,0,0,0,0,0,0,0,0,0,0.000,0,WARMING_UP,0,0,0.385,0.004,-0.188,-0.125,0.313,0.004,-0.008,1.004,0.000,0.004,0.000,0.000,0.000,0.000,0.000,0,NULL,NULL,,0,0,0,7,255,0,250,0,0
baseline,4252,4252,0,4252,78358.283,0.974,-0.001,0.006,-0.228,0,0,0,0,0,0,0,0,0,0.000,0,WARMING_UP,0,0,0.504,0.004,-0.313,-0.125,0.375,0.004,-0.012,1.004,0.000,0.004,0.004,0.000,0.000,0.000,0.000,0,NULL,NULL,,0,0,0,7,255,0,250,0,0
baseline,4256,4256,0,4256,78363.282,0.974,-0.001,0.006,-0.228,0,0,0,0,0,0,0,0,0,0.000,0,WARMING_UP,0,0,0.468,0.008,-0.250,-0.125,0.375,0.004,-0.012,1.000,0.000,-0.008,0.004,0.000,0.000,0.000,0.000,0,NULL,NULL,,0,0,0,7,255,0,250,0,0
baseline,4262,4262,0,4262,78368.283,0.974,-0.001,0.006,-0.228,0,0,0,0,0,0,0,0,0,0.000,0,WARMING_UP,0,0,0.424,0.011,-0.063,-0.188,0.375,0.004,-0.012,1.000,0.008,-0.008,0.000,0.000,0.000,0.000,0.000,0,NULL,NULL,,0,0,0,7,255,0,250,0,0
baseline,4266,4266,0,4266,78373.282,0.974,-0.001,0.006,-0.228,0,0,0,0,0,0,0,0,0,0.000,0,WARMING_UP,0,0,0.400,0.011,-0.063,-0.125,0.375,0.004,-0.008,1.000,0.008,-0.008,-0.016,0.000,0.000,0.000,0.000,0,NULL,NULL,,0,0,0,7,255,0,250,0,0
baseline,4272,4272,0,4272,78378.283,0.974,-0.001,0.006,-0.228,0,0,0,0,0,0,0,0,0,0.000,0,WARMING_UP,0,0,0.468,0.008,-0.250,-0.125,0.375,0.004,-0.008,1.004,0.000,0.008,-0.016,0.000,0.000,0.000,0.000,0,NULL,NULL,,0,0,0,7,255,0,250,0,0
baseline,4276,4276,0,4276,78383.282,0.974,-0.001,0.006,-0.228,0,0,0,0,0,0,0,1,0,0.000,0,WARMING_UP,0,0,0.504,0.009,-0.313,-0.125,0.375,0.004,-0.012,1.004,-0.004,0.008,0.004,0.000,0.000,0.000,0.000,0,NULL,NULL,,0,0,0,7,255,0,250,0,0
baseline,4282,4282,0,4282,78388.283,0.974,-0.001,0.006,-0.228,0,0,0,0,0,0,0,0,0,0.000,0,WARMING_UP,0,0,0.459,0.009,-0.188,-0.188,0.375,0.004,-0.012,1.004,-0.004,-0.008,0.004,0.000,0.000,0.000,0.000,0,NULL,NULL,,0,0,0,7,255,0,250,0,0
baseline,4286,4286,0,4286,78393.282,0.974,-0.001,0.006,-0.228,0,0,0,0,0,0,0,0,0,0.000,0,WARMING_UP,0,0,0.400,0.016,-0.063,-0.125,0.375,0.004,-0.012,1.000,-0.004,-0.016,0.004,0.000,0.000,0.000,0.000,0,NULL,NULL,,0,0,0,7,255,0,250,0,0
baseline,4292,4292,0,4292,78398.283,0.974,-0.001,0.006,-0.228,0,0,0,0,0,0,0,0,0,0.000,0,WARMING_UP,0,0,0.438,0.016,-0.188,-0.125,0.375,0.004,-0.008,1.000,0.000,-0.016,-0.012,0.000,0.000,0.000,0.000,0,NULL,NULL,,0,0,0,7,255,0,250,0,0
baseline,4296,4296,0,4296,78403.282,0.974,-0.001,0.006,-0.228,0,0,0,0,0,0,0,0,0,0.000,0,WARMING_UP,0,0,0.504,0.000,-0.313,-0.125,0.375,0.004,-0.008,1.004,0.000,0.000,-0.012,0.000,0.000,0.000,0.000,0,NULL,NULL,,0,0,0,7,255,0,250,0,0
baseline,4302,4302,0,4302,78408.283,0.974,-0.001,0.006,-0.228,0,0,0,0,0,0,0,0,0,0.000,0,WARMING_UP,0,0,0.468,0.004,-0.250,-0.125,0.375,0.004,-0.012,1.004,-0.004,0.000,0.008,0.000,0.000,0.000,0.000,0,NULL,NULL,,0,0,0,7,255,0,250,0,0
baseline,4307,4307,0,4307,78413.283,0.974,-0.001,0.006,-0.228,0,0,0,0,0,0,0,0,0,0.000,0,WARMING_UP,0,0,0.385,0.006,-0.125,-0.188,0.313,0.004,-0.012,1.000,-0.004,-0.004,0.008,0.000,0.000,0.000,0.000,0,NULL,NULL,,0,0,0,7,255,0,250,0,0
baseline,4312,4312,0,4312,78418.283,0.974,-0.001,0.006,-0.228,0,0,0,0,0,0,0,0,0,0.000,0,WARMING_UP,0,0,0.415,0.004,-0.125,-0.125,0.375,0.004,-0.008,1.000,0.000,-0.004,-0.004,0.000,0.000,0.000,0.000,0,NULL,NULL,,0,0,0,7,255,0,250,0,0
baseline,4317,4317,0,4317,78423.283,0.974,-0.001,0.006,-0.228,0,0,0,0,0,0,0,0,0,0.000,0,WARMING_UP,0,0,0.419,0.008,-0.250,-0.125,0.313,0.004,-0.008,1.000,0.000,0.008,-0.004,0.000,0.000,0.000,0.000,0,NULL,NULL,,0,0,0,7,255,0,250,0,0
baseline,4322,4322,0,4322,78428.283,0.974,-0.001,0.006,-0.228,0,0,0,0,0,0,0,0,0,0.000,0,WARMING_UP,0,0,0.459,0.008,-0.313,-0.125,0.313,0.004,-0.012,1.004,0.000,0.008,-0.004,0.000,0.000,0.000,0.000,0,NULL,NULL,,0,0,0,7,255,0,250,0,0
baseline,4326,4326,0,4326,78433.282,0.974,-0.001,0.006,-0.228,0,0,0,0,0,0,0,0,0,0.000,0,WARMING_UP,0,0,0.370,0.004,-0.188,-0.063,0.313,0.004,-0.012,1.004,0.000,-0.004,0.004,0.000,0.000,0.000,0.000,0,NULL,NULL,,0,0,0,7,255,0,250,0,0
baseline,4332,4332,0,4332,78438.283,0.974,-0.001,0.006,-0.228,0,0,0,0,0,0,0,0,0,0.000,0,WARMING_UP,0,0,0.419,0.004,0.000,-0.188,0.375,0.004,-0.008,1.004,0.000,-0.004,0.004,0.000,0.000,0.000,0.000,0,NULL,NULL,,0,0,0,7,255,0,250,0,0
baseline,4337,4337,0,4337,78443.285,0.974,-0.001,0.006,-0.228,0,0,0,0,0,0,0,0,0,0.000,0,WARMING_UP,0,0,0.385,0.004,-0.188,-0.125,0.313,0.004,-0.008,1.000,0.000,0.004,0.004,0.000,0.000,0.000,0.000,0,NULL,NULL,,0,0,0,7,255,0,250,0,0
baseline,4342,4342,0,4342,78448.283,0.974,-0.001,0.006,-0.228,0,0,0,0,0,0,0,0,0,0.000,0,WARMING_UP,0,0,0.504,0.009,-0.313,-0.125,0.375,0.004,-0.008,1.000,0.004,0.008,0.000,0.000,0.000,0.000,0.000,0,NULL,NULL,,0,0,0,7,255,0,250,0,0
baseline,4346,4346,0,4346,78453.282,0.974,-0.001,0.006,-0.228,0,0,0,0,0,0,0,0,0,0.000,0,WARMING_UP,0,0,0.468,0.009,-0.250,-0.125,0.375,0.004,-0.012,1.004,0.004,0.008,0.000,0.000,0.000,0.000,0.000,0,NULL,NULL,,0,0,0,7,255,0,250,0,0
baseline,4352,4352,0,4352,78458.283,0.974,-0.001,0.006,-0.228,0,0,0,0,0,0,0,0,0,0.000,0,WARMING_UP,0,0,0.400,0.009,-0.063,-0.125,0.375,0.004,-0.012,1.000,0.004,-0.008,0.000,0.000,0.000,0.000,0.000,0,NULL,NULL,,0,0,0,7,255,0,250,0,0
baseline,4356,4356,0,4356,78463.282,0.974,-0.001,0.006,-0.228,0,0,0,0,0,0,0,0,0,0.000,0,WARMING_UP,0,0,0.400,0.008,-0.063,-0.125,0.375,0.004,-0.012,1.000,0.000,-0.008,0.000,0.000,0.000,0.000,0.000,0,NULL,NULL,,0,0,0,7,255,0,250,0,0
baseline,4362,4362,0,4362,78468.283,0.974,-0.001,0.006,-0.228,0,0,0,0,0,0,0,0,0,0.000,0,WARMING_UP,0,0,0.438,0.004,-0.188,-0.125,0.375,0.004,-0.008,1.000,0.000,-0.004,0.000,0.000,0.000,0.000,0.000,0,NULL,NULL,,0,0,0,7,255,0,250,0,0
baseline,4366,4366,0,4366,78473.282,0.974,-0.001,0.006,-0.228,0,0,0,0,0,0,0,0,0,0.000,0,WARMING_UP,0,0,0.492,0.004,-0.313,-0.063,0.375,0.004,-0.012,1.004,0.000,-0.004,0.000,0.000,0.000,0.000,0.000,0,NULL,NULL,,0,0,0,7,255,0,250,0,0
baseline,4372,4372,0,4372,78478.286,0.974,-0.001,0.006,-0.228,0,0,0,0,0,0,0,0,0,0.000,0,WARMING_UP,0,0,0.468,0.006,-0.250,-0.125,0.375,0.004,-0.012,1.004,0.004,-0.004,0.004,0.000,0.000,0.000,0.000,0,NULL,NULL,,0,0,0,7,255,0,250,0,0
baseline,4376,4376,0,4376,78483.282,0.974,-0.001,0.006,-0.228,0,0,0,0,0,0,0,0,0,0.000,0,WARMING_UP,0,0,0.370,0.008,-0.063,-0.188,0.313,0.004,-0.012,1.000,0.000,-0.008,0.004,0.000,0.000,0.000,0.000,0,NULL,NULL,,0,0,0,7,255,0,250,0,0
baseline,4382,4382,0,4382,78488.283,0.974,-0.001,0.006,-0.228,0,0,0,0,0,0,0,0,0,0.000,0,WARMING_UP,0,0,0.415,0.004,-0.125,-0.125,0.375,0.004,-0.008,1.000,0.000,-0.004,-0.004,0.000,0.000,0.000,0.000,0,NULL,NULL,,0,0,0,7,255,0,250,0,0
baseline,4386,4386,0,4386,78493.282,0.974,-0.001,0.006,-0.228,0,0,0,0,0,0,0,0,0,0.000,0,WARMING_UP,0,0,0.370,0.004,-0.188,-0.063,0.313,0.004,-0.008,1.004,0.000,0.004,-0.004,0.000,0.000,0.000,0.000,0,NULL,NULL,,0,0,0,7,255,0,250,0,0
baseline,4392,4392,0,4392,78498.283,0.974,-0.001,0.006,-0.228,0,0,0,0,0,0,0,0,0,0.000,0,WARMING_UP,0,0,0.455,0.004,-0.250,-0.063,0.375,0.004,-0.012,1.004,0.000,0.004,0.020,0.000,0.000,0.000,0.000,0,NULL,NULL,,0,0,0,7,255,0,250,0,0
baseline,4396,4396,0,4396,78503.282,0.974,-0.001,0.006,-0.228,0,0,0,0,0,0,0,0,0,0.000,0,WARMING_UP,0,0,0.488,0.009,-0.250,-0.188,0.375,0.004,-0.012,1.004,0.004,-0.008,0.020,0.000,0.000,0.000,0.000,0,NULL,NULL,,0,0,0,7,255,0,250,0,0
baseline,4402,4402,0,4402,78508.283,0.974,-0.001,0.006,-0.228,0,0,0,0,0,0,0,0,0,0.000,0,WARMING_UP,0,0,0.342,0.009,-0.063,-0.125,0.313,0.004,-0.012,1.000,0.004,-0.008,0.008,0.000,0.000,0.000,0.000,0,NULL,NULL,,0,0,0,7,255,0,250,0,0
baseline,4406,4406,0,4406,78513.282,0.974,-0.001,0.006,-0.228,0,0,0,0,0,0,0,0,0,0.000,0,WARMING_UP,0,0,0.359,0.004,-0.125,-0.125,0.313,0.004,-0.008,1.000,0.004,0.000,-0.016,0.000,0.000,0.000,0.000,0,NULL,NULL,,0,0,0,7,255,0,250,0,0
baseline,4412,4412,0,4412,78518.283,0.974,-0.001,0.006,-0.228,0,0,0,0,0,0,0,0,0,0.000,0,WARMING_UP,0,0,0.446,0.006,-0.313,-0.063,0.313,0.004,-0.008,1.000,0.004,0.004,-0.016,0.000,0.000,0.000,0.000,0,NULL,NULL,,0,0,0,7,255,0,250,0,0
baseline,4417,4417,0,4417,78523.283,0.974,-0.001,0.006,-0.228,0,0,0,0,0,0,0,0,0,0.000,0,WARMING_UP,0,0,0.442,0.009,-0.250,-0.188,0.313,0.004,-0.008,1.004,-0.008,0.004,-0.004,0.000,0.000,0.000,0.000,0,NULL,NULL,,0,0,0,7,255,0,250,0,0
baseline,4422,4422,0,4422,78528.283,0.974,-0.001,0.006,-0.228,0,0,0,0,0,0,0,0,0,0.000,0,WARMING_UP,0,0,0.438,0.008,-0.125,-0.188,0.375,0.004,-0.012,1.000,-0.008,0.000,0.000,0.000,0.000,0.000,0.000,0,NULL,NULL,,0,0,0,7,255,0,250,0,0
baseline,4427,4427,0,4427,78533.283,0.974,-0.001,0.006,-0.228,0,0,0,0,0,0,0,0,0,0.000,0,WARMING_UP,0,0,0.325,0.008,-0.063,-0.063,0.313,0.004,-0.008,1.000,-0.008,0.000,0.000,0.000,0.000,0.000,0.000,0,NULL,NULL,,0,0,0,7,255,0,250,0,0
baseline,4432,4432,0,4432,78538.283,0.974,-0.001,0.006,-0.228,0,0,0,0,0,0,0,0,0,0.000,0,WARMING_UP,0,0,0.405,0.006,-0.250,-0.063,0.313,0.004,-0.008,1.004,-0.004,0.004,0.000,0.000,0.000,0.000,0.000,0,NULL,NULL,,0,0,0,7,255,0,250,0,0
baseline,4436,4436,0,4436,78543.282,0.974,-0.001,0.006,-0.228,0,0,0,0,0,0,0,0,0,0.000,0,WARMING_UP,0,0,0.459,0.009,-0.313,-0.125,0.313,0.004,-0.008,1.004,-0.008,0.004,0.008,0.000,0.000,0.000,0.000,0,NULL,NULL,,0,0,0,7,255,0,250,0,0
baseline,4442,4442,0,4442,78548.283,0.974,-0.001,0.006,-0.228,0,0,0,0,0,0,0,0,0,0.000,0,WARMING_UP,0,0,0.385,0.008,-0.188,-0.125,0.313,0.004,-0.012,1.000,-0.008,0.000,0.008,0.000,0.000,0.000,0.000,0,NULL,NULL,,0,0,0,7,255,0,250,0,0
baseline,4446,4446,0,4446,78553.282,0.974,-0.001,0.006,-0.228,0,0,0,0,0,0,0,0,0,0.000,0,WARMING_UP,0,0,0.395,0.008,0.000,-0.125,0.375,0.004,-0.008,1.000,-0.008,0.000,0.000,0.000,0.000,0.000,0.000,0,NULL,NULL,,0,0,0,7,255,0,250,0,0
baseline,4452,4452,0,4452,78558.283,0.974,-0.001,0.006,-0.228,0,0,0,0,0,0,0,0,0,0.000,0,WARMING_UP,0,0,0.385,0.011,-0.188,-0.125,0.313,0.004,-0.008,1.000,-0.008,0.008,-0.004,0.000,0.000,0.000,0.000,0,NULL,NULL,,0,0,0,7,255,0,250,0,0
baseline,4457,4457,0,4457,78563.283,0.974,-0.001,0.006,-0.229,0,0,0,0,0,0,0,0,0,0.000,0,WARMING_UP,0,0,0.492,0.011,-0.313,-0.063,0.375,0.004,-0.008,1.004,-0.008,0.008,-0.004,0.000,0.000,0.000,0.000,0,NULL,NULL,,0,0,0,7,255,0,250,0,0
baseline,4462,4462,0,4462,78568.283,0.974,-0.001,0.006,-0.229,0,0,0,0,0,0,0,0,0,0.000,0,WARMING_UP,0,0,0.442,0.008,-0.250,-0.188,0.313,0.004,-0.012,1.000,-0.008,0.000,-0.004,0.000,0.000,0.000,0.000,0,NULL,NULL,,0,0,0,7,255,0,250,0,0
baseline,4466,4466,0,4466,78573.282,0.974,-0.001,0.006,-0.229,0,0,0,0,0,0,0,0,0,0.000,0,WARMING_UP,0,0,0.424,0.006,-0.063,-0.188,0.375,0.004,-0.008,1.000,-0.004,-0.004,-0.004,0.000,0.000,0.000,0.000,0,NULL,NULL,,0,0,0,7,255,0,250,0,0
baseline,4472,4472,0,4472,78578.285,0.974,-0.001,0.006,-0.229,0,0,0,0,0,0,0,0,0,0.000,0,WARMING_UP,0,0,0.359,0.006,-0.125,-0.125,0.313,0.004,-0.008,1.004,-0.004,-0.004,-0.004,0.000,0.000,0.000,0.000,0,NULL,NULL,,0,0,0,7,255,0,250,0,0
baseline,4476,4476,0,4476,78583.282,0.974,-0.001,0.006,-0.229,0,0,0,0,0,0,0,0,0,0.000,0,WARMING_UP,0,0,0.545,0.020,-0.375,-0.125,0.375,0.004,-0.008,1.004,-0.016,0.012,0.008,0.000,0.000,0.000,0.000,0,NULL,NULL,,0,0,0,7,255,0,250,0,0
baseline,4482,4482,0,4482,78588.283,0.974,-0.001,0.006,-0.229,0,0,0,0,0,0,0,0,0,0.000,0,WARMING_UP,0,0,0.534,0.020,-0.375,-0.063,0.375,0.004,-0.012,1.004,-0.016,0.012,0.020,0.000,0.000,0.000,0.000,0,NULL,NULL,,0,0,0,7,255,0,250,0,0
baseline,4486,4486,0,4486,78593.282,0.973,-0.001,0.006,-0.229,0,0,0,0,0,0,0,0,0,0.000,0,WARMING_UP,0,0,0.395,0.020,0.000,-0.125,0.375,0.004,-0.012,1.000,0.004,-0.020,0.020,0.000,0.000,0.000,0.000,0,NULL,NULL,,0,0,0,7,255,0,250,0,0
baseline,4492,4492,0,4492,78598.283,0.973,-0.001,0.006,-0.229,0,0,0,0,0,0,0,0,0,0.000,0,WARMING_UP,0,0,0.364,0.020,0.000,-0.188,0.313,0.004,-0.008,0.996,0.004,-0.020,-0.023,0.000,0.000,0.000,0.000,0,NULL,NULL,,0,0,0,7,255,0,250,0,0
baseline,4496,4496,0,4496,78603.282,0.973,-0.001,0.006,-0.229,0,0,0,0,0,0,0,0,0,0.000,0,WARMING_UP,0,0,0.405,0.017,-0.250,-0.063,0.313,0.004,-0.008,1.000,-0.008,0.016,-0.023,0.000,0.000,0.000,0.000,0,NULL,NULL,,0,0,0,7,255,0,250,0,0
baseline,4502,4502,0,4502,78608.283,0.973,-0.001,0.006,-0.229,0,0,0,0,0,0,0,0,0,0.000,0,WARMING_UP,0,0,0.590,0.017,-0.438,-0.125,0.375,0.004,-0.008,1.008,-0.008,0.016,-0.004,0.000,0.000,0.000,0.000,0,NULL,NULL,,0,0,0,7,255,0,250,0,0
baseline,4506,4506,0,4506,78613.282,0.973,-0.001,0.006,-0.229,0,0,0,0,0,0,0,0,0,0.000,0,WARMING_UP,0,0,0.468,0.004,-0.250,-0.125,0.375,0.004,-0.012,1.004,0.000,0.004,0.020,0.000,0.000,0.000,0.000,0,NULL,NULL,,0,0,0,7,255,0,250,0,0
baseline,4512,4512,0,4512,78618.285,0.973,-0.001,0.006,-0.229,0,0,0,0,0,0,0,0,0,0.000,0,WARMING_UP,0,0,0.337,0.008,0.000,-0.125,0.313,0.004,-0.012,1.000,0.000,-0.008,0.020,0.000,0.000,0.000,0.000,0,NULL,NULL,,0,0,0,7,255,0,250,0,0
baseline,4517,4517,0,4517,78623.283,0.973,-0.001,0.006,-0.229,0,0,0,0,0,0,0,0,0,0.000,0,WARMING_UP,0,0,0.325,0.009,-0.063,-0.063,0.313,0.004,-0.008,1.000,-0.004,-0.008,-0.012,0.000,0.000,0.000,0.000,0,NULL,NULL,,0,0,0,7,255,0,250,0,0
baseline,4522,4522,0,4522,78628.283,0.973,-0.001,0.006,-0.229,0,0,0,0,0,0,0,0,0,0.000,0,WARMING_UP,0,0,0.446,0.009,-0.313,-0.063,0.313,0.004,-0.008,1.000,-0.004,0.008,-0.012,0.000,0.000,0.000,0.000,0,NULL,NULL,,0,0,0,7,255,0,250,0,0
baseline,4526,4526,0,4526,78633.282,0.973,-0.001,0.006,-0.229,0,0,0,0,0,0,0,0,0,0.000,0,WARMING_UP,0,0,0.552,0.009,-0.438,-0.125,0.313,0.004,-0.012,1.004,-0.004,0.008,-0.004,0.000,0.000,0.000,0.000,0,NULL,NULL,,0,0,0,7,255,0,250,0,0
baseline,4532,4532,0,4532,78638.283,0.973,-0.001,0.006,-0.229,0,0,0,0,0,0,0,0,0,0.000,0,WARMING_UP,0,0,0.468,0.006,-0.250,-0.125,0.375,0.004,-0.012,1.004,-0.004,-0.004,0.008,0.000,0.000,0.000,0.000,0,NULL,NULL,,0,0,0,7,255,0,250,0,0
baseline,4536,4536,0,4536,78643.282,0.973,-0.001,0.006,-0.229,0,0,0,0,0,0,0,0,0,0.000,0,WARMING_UP,0,0,0.342,0.009,-0.063,-0.125,0.313,0.004,-0.012,1.004,0.004,-0.008,0.008,0.000,0.000,0.000,0.000,0,NULL,NULL,,0,0,0,7,255,0,250,0,0
baseline,4542,4542,0,4542,78648.283,0.973,-0.001,0.006,-0.229,0,0,0,0,0,0,0,0,0,0.000,0,WARMING_UP,0,0,0.359,0.009,-0.125,-0.125,0.313,0.004,-0.008,1.000,-0.004,-0.008,0.008,0.000,0.000,0.000,0.000,0,NULL,NULL,,0,0,0,7,255,0,250,0,0
baseline,4547,4547,0,4547,78653.283,0.973,-0.001,0.006,-0.229,0,0,0,0,0,0,0,0,0,0.000,0,WARMING_UP,0,0,0.370,0.009,-0.188,-0.063,0.313,0.004,-0.012,1.000,0.004,-0.008,-0.008,0.000,0.000,0.000,0.000,0,NULL,NULL,,0,0,0,7,255,0,250,0,0
baseline,4552,4552,0,4552,78658.283,0.973,-0.001,0.006,-0.229,0,0,0,0,0,0,0,0,0,0.000,0,WARMING_UP,0,0,0.370,0.009,-0.188,-0.063,0.313,0.004,-0.012,1.000,-0.004,-0.008,-0.016,0.000,0.000,0.000,0.000,0,NULL,NULL,,0,0,0,7,255,0,250,0,0
baseline,4556,4556,0,4556,78663.282,0.973,-0.001,0.006,-0.229,0,0,0,0,0,0,0,0,0,0.000,0,WARMING_UP,0,0,0.438,0.011,-0.188,-0.125,0.375,0.004,-0.008,1.000,-0.008,-0.008,-0.008,0.000,0.000,0.000,0.000,0,NULL,NULL,,0,0,0,7,255,0,250,0,0
baseline,4562,4562,0,4562,78668.283,0.973,-0.001,0.006,-0.229,0,0,0,0,0,0,0,0,0,0.000,0,WARMING_UP,0,0,0.459,0.009,-0.188,-0.188,0.375,0.004,-0.008,1.004,-0.008,-0.004,0.000,0.000,0.000,0.000,0.000,0,NULL,NULL,,0,0,0,7,255,0,250,0,0
baseline,4566,4566,0,4566,78673.282,0.973,-0.001,0.006,-0.229,0,0,0,0,0,0,0,0,0,0.000,0,WARMING_UP,0,0,0.438,0.009,-0.188,-0.125,0.375,0.004,-0.012,1.004,-0.008,-0.004,0.004,0.000,0.000,0.000,0.000,0,NULL,NULL,,0,0,0,7,255,0,250,0,0
baseline,4572,4572,0,4572,78678.283,0.973,-0.001,0.006,-0.229,0,0,0,0,0,0,0,0,0,0.000,0,WARMING_UP,0,0,0.359,0.009,-0.125,-0.125,0.313,0.004,-0.012,1.004,0.004,-0.008,0.008,0.000,0.000,0.000,0.000,0,NULL,NULL,,0,0,0,7,255,0,250,0,0
baseline,4576,4576,0,4576,78683.282,0.973,-0.001,0.006,-0.229,0,0,0,0,0,0,0,0,0,0.000,0,WARMING_UP,0,0,0.342,0.009,-0.063,-0.125,0.313,0.004,-0.008,1.000,0.004,-0.008,0.004,0.000,0.000,0.000,0.000,0,NULL,NULL,,0,0,0,7,255,0,250,0,0
baseline,4582,4582,0,4582,78688.283,0.973,-0.001,0.006,-0.229,0,0,0,0,0,0,0,0,0,0.000,0,WARMING_UP,0,0,0.488,0.000,-0.250,-0.188,0.375,0.004,-0.008,1.000,0.000,0.000,-0.008,0.000,0.000,0.000,0.000,0,NULL,NULL,,0,0,0,7,255,0,250,0,0
baseline,4586,4586,0,4586,78693.282,0.973,-0.001,0.006,-0.229,0,0,0,0,0,0,0,0,0,0.000,0,WARMING_UP,0,0,0.545,0.000,-0.375,-0.125,0.375,0.004,-0.012,1.000,0.000,0.000,-0.008,0.000,0.000,0.000,0.000,0,NULL,NULL,,0,0,0,7,255,0,250,0,0
baseline,4592,4592,0,4592,78698.283,0.973,-0.001,0.006,-0.229,0,0,0,0,0,0,0,0,0,0.000,0,WARMING_UP,0,0,0.455,0.008,-0.250,-0.063,0.375,0.004,-0.008,1.004,0.000,0.008,0.000,0.000,0.000,0.000,0.000,0,NULL,NULL,,0,0,0,7,255,0,250,0,0
baseline,4596,4596,0,4596,78703.282,0.973,-0.001,0.006,-0.229,0,0,0,0,0,0,0,0,0,0.000,0,WARMING_UP,0,0,0.415,0.000,-0.125,-0.125,0.375,0.004,-0.012,1.004,0.000,0.000,0.020,0.000,0.000,0.000,0.000,0,NULL,NULL,,0,0,0,7,255,0,250,0,0
baseline,4602,4602,0,4602,78708.283,0.973,-0.001,0.006,-0.229,0,0,0,0,0,0,0,0,0,0.000,0,WARMING_UP,0,0,0.480,0.008,-0.063,-0.188,0.438,0.004,-0.008,1.000,0.000,0.008,0.020,0.000,0.000,0.000,0.000,0,NULL,NULL,,0,0,0,7,255,0,250,0,0
baseline,4606,4606,0,4606,78713.282,0.973,-0.001,0.006,-0.229,0,0,0,0,0,0,0,0,0,0.000,0,WARMING_UP,0,0,0.415,0.012,-0.125,-0.125,0.375,0.004,-0.008,1.000,0.000,0.012,-0.004,0.000,0.000,0.000,0.000,0,NULL,NULL,,0,0,0,7,255,0,250,0,0
baseline,4612,4612,0,4612,78718.283,0.973,-0.001,0.006,-0.229,0,0,0,0,0,0,0,0,0,0.000,0,WARMING_UP,0,0,0.468,0.012,-0.250,-0.125,0.375,0.004,-0.008,1.000,0.000,0.012,-0.004,0.000,0.000,0.000,0.000,0,NULL,NULL,,0,0,0,7,255,0,250,0,0
baseline,4617,4617,0,4617,78723.283,0.973,-0.001,0.006,-0.229,0,0,0,0,0,0,0,0,0,0.000,0,WARMING_UP,0,0,0.468,0.012,-0.250,-0.125,0.375,0.004,-0.008,1.004,0.004,0.012,0.000,0.000,0.000,0.000,0.000,0,NULL,NULL,,0,0,0,7,255,0,250,0,0
baseline,4622,4622,0,4622,78728.283,0.973,-0.001,0.006,-0.229,0,0,0,0,0,0,0,0,0,0.000,0,WARMING_UP,0,0,0.415,0.004,-0.125,-0.125,0.375,0.004,-0.012,1.004,0.000,0.004,0.023,0.000,0.000,0.000,0.000,0,NULL,NULL,,0,0,0,7,255,0,250,0,0
baseline,4626,4626,0,4626,78733.282,0.973,-0.001,0.006,-0.229,0,0,0,0,0,0,0,0,0,0.000,0,WARMING_UP,0,0,0.415,0.004,-0.125,-0.125,0.375,0.004,-0.008,1.000,0.004,0.000,0.023,0.000,0.000,0.000,0.000,0,NULL,NULL,,0,0,0,7,255,0,250,0,0
baseline,4632,4632,0,4632,78738.283,0.973,-0.001,0.006,-0.229,0,0,0,0,0,0,0,0,0,0.000,0,WARMING_UP,0,0,0.385,0.000,-0.063,-0.063,0.375,0.004,-0.008,1.000,0.000,0.000,-0.016,0.000,0.000,0.000,0.000,0,NULL,NULL,,0,0,0,7,255,0,250,0,0
baseline,4637,4637,0,4637,78743.283,0.973,-0.001,0.006,-0.229,0,0,0,0,0,0,0,0,0,0.000,0,WARMING_UP,0,0,0.385,0.004,-0.188,-0.125,0.313,0.004,-0.008,1.000,0.000,0.004,-0.016,0.000,0.000,0.000,0.000,0,NULL,NULL,,0,0,0,7,255,0,250,0,0
baseline,4642,4642,0,4642,78748.283,0.973,-0.001,0.006,-0.229,0,0,0,0,0,0,0,0,0,0.000,0,WARMING_UP,0,0,0.552,0.004,-0.313,-0.125,0.438,0.004,-0.008,1.004,0.000,0.004,0.000,0.000,0.000,0.000,0.000,0,NULL,NULL,,0,0,0,7,255,0,250,0,0
baseline,4646,4646,0,4646,78753.282,0.973,-0.001,0.006,-0.229,0,0,0,0,0,0,0,0,0,0.000,0,WARMING_UP,0,0,0.504,0.004,-0.313,-0.125,0.375,0.004,-0.012,1.004,0.004,0.000,0.008,0.000,0.000,0.000,0.000,0,NULL,NULL,,0,0,0,7,255,0,250,0,0
baseline,4652,4652,0,4652,78758.283,0.973,-0.001,0.006,-0.229,0,0,0,0,0,0,0,0,0,0.000,0,WARMING_UP,0,0,0.438,0.006,-0.125,-0.188,0.375,0.004,-0.012,1.000,0.004,-0.004,0.008,0.000,0.000,0.000,0.000,0,NULL,NULL,,0,0,0,7,255,0,250,0,0
baseline,4656,4656,0,4656,78763.282,0.973,-0.001,0.006,-0.229,0,0,0,0,0,0,0,0,0,0.000,0,WARMING_UP,0,0,0.342,0.006,-0.063,-0.125,0.313,0.004,-0.008,1.000,0.004,-0.004,-0.016,0.000,0.000,0.000,0.000,0,NULL,NULL,,0,0,0,7,255,0,250,0,0
baseline,4662,4662,0,4662,78768.283,0.973,-0.001,0.006,-0.229,0,0,0,0,0,0,0,0,0,0.000,0,WARMING_UP,0,0,0.468,0.020,-0.250,-0.125,0.375,0.004,-0.008,1.000,0.004,0.020,-0.016,0.000,0.000,0.000,0.000,0,NULL,NULL,,0,0,0,7,255,0,250,0,0
baseline,4666,4666,0,4666,78773.282,0.973,-0.001,0.006,-0.229,0,0,0,0,0,0,0,0,0,0.000,0,WARMING_UP,0,0,0.504,0.020,-0.313,-0.125,0.375,0.004,-0.008,1.004,-0.004,0.020,0.000,0.000,0.000,0.000,0.000,0,NULL,NULL,,0,0,0,7,255,0,250,0,0
baseline,4672,4672,0,4672,78778.283,0.973,-0.001,0.006,-0.229,0,0,0,0,0,0,0,0,0,0.000,0,WARMING_UP,0,0,0.438,0.006,-0.188,-0.125,0.375,0.004,-0.012,1.000,-0.004,0.004,0.000,0.000,0.000,0.000,0.000,0,NULL,NULL,,0,0,0,7,255,0,250,0,0
baseline,4676,4676,0,4676,78783.282,0.973,-0.001,0.006,-0.229,0,0,0,0,0,0,0,0,0,0.000,0,WARMING_UP,0,0,0.385,0.006,-0.063,-0.063,0.375,0.004,-0.012,1.000,0.004,-0.004,0.000,0.000,0.000,0.000,0.000,0,NULL,NULL,,0,0,0,7,255,0,250,0,0
baseline,4682,4682,0,4682,78788.283,0.973,-0.001,0.006,-0.229,0,0,0,0,0,0,0,0,0,0.000,0,WARMING_UP,0,0,0.415,0.006,-0.125,-0.125,0.375,0.004,-0.008,1.004,0.004,-0.004,0.000,0.000,0.000,0.000,0.000,0,NULL,NULL,,0,0,0,7,255,0,250,0,0
baseline,4686,4686,0,4686,78793.282,0.973,-0.001,0.006,-0.229,0,0,0,0,0,0,0,0,0,0.000,0,WARMING_UP,0,0,0.446,0.004,-0.313,-0.063,0.313,0.004,-0.012,1.004,0.000,-0.004,0.004,0.000,0.000,0.000,0.000,0,NULL,NULL,,0,0,0,7,255,0,250,0,0
baseline,4692,4692,0,4692,78798.283,0.973,-0.001,0.006,-0.229,0,0,0,0,0,0,0,0,0,0.000,0,WARMING_UP,0,0,0.468,0.009,-0.250,-0.125,0.375,0.004,-0.012,1.000,-0.004,-0.008,0.004,0.000,0.000,0.000,0.000,0,NULL,NULL,,0,0,0,7,255,0,250,0,0
baseline,4696,4696,0,4696,78803.282,0.973,-0.001,0.006,-0.229,0,0,0,0,0,0,0,0,0,0.000,0,WARMING_UP,0,0,0.415,0.016,-0.125,-0.125,0.375,0.004,-0.012,1.000,-0.004,-0.016,0.000,0.000,0.000,0.000,0.000,0,NULL,NULL,,0,0,0,7,255,0,250,0,0
baseline,4702,4702,0,4702,78808.283,0.973,-0.001,0.006,-0.229,0,0,0,0,0,0,0,0,0,0.000,0,WARMING_UP,0,0,0.424,0.008,-0.063,-0.188,0.375,0.004,-0.008,1.000,0.000,-0.008,0.000,0.000,0.000,0.000,0.000,0,NULL,NULL,,0,0,0,7,255,0,250,0,0
baseline,4706,4706,0,4706,78813.282,0.973,-0.001,0.006,-0.229,0,0,0,0,0,0,0,0,0,0.000,0,WARMING_UP,0,0,0.468,0.004,-0.250,-0.125,0.375,0.004,-0.008,1.004,0.004,0.000,0.000,0.000,0.000,0.000,0.000,0,NULL,NULL,,0,0,0,7,255,0,250,0,0
baseline,4712,4712,0,4712,78818.283,0.973,-0.001,0.006,-0.229,0,0,0,0,0,0,0,0,0,0.000,0,WARMING_UP,0,0,0.545,0.004,-0.375,-0.125,0.375,0.004,-0.008,1.004,0.004,0.000,0.008,0.000,0.000,0.000,0.000,0,NULL,NULL,,0,0,0,7,255,0,250,0,0
baseline,4717,4717,0,4717,78823.283,0.973,-0.001,0.006,-0.229,0,0,0,0,0,0,0,0,0,0.000,0,WARMING_UP,0,0,0.385,0.006,-0.125,-0.188,0.313,0.004,-0.012,1.000,0.004,-0.004,0.008,0.000,0.000,0.000,0.000,0,NULL,NULL,,0,0,0,7,255,0,250,0,0
baseline,4722,4722,0,4722,78828.283,0.973,-0.001,0.006,-0.229,0,0,0,0,0,0,0,0,0,0.000,0,WARMING_UP,0,0,0.395,0.006,0.000,-0.125,0.375,0.004,-0.008,1.000,-0.004,-0.004,-0.008,0.000,0.000,0.000,0.000,0,NULL,NULL,,0,0,0,7,255,0,250,0,0
baseline,4727,4727,0,4727,78833.283,0.973,-0.001,0.006,-0.229,0,0,0,0,0,0,0,0,0,0.000,0,WARMING_UP,0,0,0.468,0.009,-0.250,-0.125,0.375,0.004,-0.008,1.004,-0.008,0.004,-0.008,0.000,0.000,0.000,0.000,0,NULL,NULL,,0,0,0,7,255,0,250,0,0
baseline,4732,4732,0,4732,78838.283,0.973,-0.001,0.006,-0.229,0,0,0,0,0,0,0,0,0,0.000,0,WARMING_UP,0,0,0.534,0.009,-0.375,-0.063,0.375,0.004,-0.008,1.004,-0.008,0.004,0.016,0.000,0.000,0.000,0.000,0,NULL,NULL,,0,0,0,7,255,0,250,0,0
baseline,4736,4736,0,4736,78843.282,0.973,-0.001,0.006,-0.229,0,0,0,0,0,0,0,0,0,0.000,0,WARMING_UP,0,0,0.438,0.004,-0.188,-0.125,0.375,0.004,-0.012,1.000,0.000,0.004,0.016,0.000,0.000,0.000,0.000,0,NULL,NULL,,0,0,0,7,255,0,250,0,0
baseline,4742,4742,0,4742,78848.283,0.973,-0.001,0.006,-0.229,0,0,0,0,0,0,0,0,0,0.000,0,WARMING_UP,0,0,0.395,0.000,0.000,-0.125,0.375,0.004,-0.008,1.000,0.000,0.000,0.000,0.000,0.000,0.000,0.000,0,NULL,NULL,,0,0,0,7,255,0,250,0,0
baseline,4746,4746,0,4746,78853.282,0.973,-0.001,0.006,-0.229,0,0,0,0,0,0,0,0,0,0.000,0,WARMING_UP,0,0,0.359,0.000,-0.125,-0.125,0.313,0.004,-0.008,1.000,0.000,0.000,-0.004,0.000,0.000,0.000,0.000,0,NULL,NULL,,0,0,0,7,255,0,250,0,0
baseline,4752,4752,0,4752,78858.283,0.973,-0.001,0.006,-0.229,0,0,0,0,0,0,0,0,0,0.000,0,WARMING_UP,0,0,0.419,0.009,-0.250,-0.125,0.313,0.004,-0.008,1.004,0.004,0.008,-0.004,0.000,0.000,0.000,0.000,0,NULL,NULL,,0,0,0,7,255,0,250,0,0
baseline,4756,4756,0,4756,78863.282,0.973,-0.001,0.006,-0.229,0,0,0,0,0,0,0,0,0,0.000,0,WARMING_UP,0,0,0.523,0.009,-0.375,-0.188,0.313,0.004,-0.012,1.004,0.004,0.008,0.008,0.000,0.000,0.000,0.000,0,NULL,NULL,,0,0,0,7,255,0,250,0,0
baseline,4762,4762,0,4762,78868.283,0.973,-0.001,0.006,-0.229,0,0,0,0,0,0,0,0,0,0.000,0,WARMING_UP,0,0,0.385,0.012,-0.125,-0.188,0.313,0.004,-0.012,1.000,0.004,-0.012,0.008,0.000,0.000,0.000,0.000,0,NULL,NULL,,0,0,0,7,255,0,250,0,0
baseline,4766,4766,0,4766,78873.282,0.973,-0.001,0.006,-0.229,0,0,0,0,0,0,0,0,0,0.000,0,WARMING_UP,0,0,0.370,0.012,-0.063,-0.188,0.313,0.004,-0.008,1.000,-0.004,-0.012,-0.012,0.000,0.000,0.000,0.000,0,NULL,NULL,,0,0,0,7,255,0,250,0,0
baseline,4772,4772,0,4772,78878.283,0.973,-0.001,0.006,-0.229,0,0,0,0,0,0,0,0,0,0.000,0,WARMING_UP,0,0,0.438,0.012,-0.188,-0.125,0.375,0.004,-0.008,1.000,-0.004,0.012,-0.012,0.000,0.000,0.000,0.000,0,NULL,NULL,,0,0,0,7,255,0,250,0,0
baseline,4776,4776,0,4776,78883.282,0.973,-0.001,0.006,-0.229,0,0,0,0,0,0,0,0,0,0.000,0,WARMING_UP,0,0,0.446,0.014,-0.313,-0.063,0.313,0.004,-0.008,1.004,-0.008,0.012,-0.012,0.000,0.000,0.000,0.000,0,NULL,NULL,,0,0,0,7,255,0,250,0,0
baseline,4782,4782,0,4782,78888.283,0.973,-0.001,0.006,-0.229,0,0,0,0,0,0,0,0,0,0.000,0,WARMING_UP,0,0,0.370,0.008,-0.188,-0.063,0.313,0.004,-0.012,1.004,-0.008,0.000,0.004,0.000,0.000,0.000,0.000,0,NULL,NULL,,0,0,0,7,255,0,250,0,0
baseline,4786,4786,0,4786,78893.282,0.973,-0.001,0.006,-0.229,0,0,0,0,0,0,0,0,0,0.000,0,WARMING_UP,0,0,0.400,0.006,-0.063,-0.125,0.375,0.004,-0.008,1.000,-0.004,-0.004,0.004,0.000,0.000,0.000,0.000,0,NULL,NULL,,0,0,0,7,255,0,250,0,0
baseline,4792,4792,0,4792,78898.283,0.973,-0.001,0.006,-0.229,0,0,0,0,0,0,0,0,0,0.000,0,WARMING_UP,0,0,0.415,0.004,-0.125,-0.125,0.375,0.004,-0.008,1.000,0.000,-0.004,-0.004,0.000,0.000,0.000,0.000,0,NULL,NULL,,0,0,0,7,255,0,250,0,0
baseline,4796,4796,0,4796,78903.282,0.973,-0.001,0.006,-0.229,0,0,0,0,0,0,0,0,0,0.000,0,WARMING_UP,0,0,0.446,0.006,-0.313,-0.063,0.313,0.004,-0.008,1.004,-0.004,0.004,-0.004,0.000,0.000,0.000,0.000,0,NULL,NULL,,0,0,0,7,255,0,250,0,0
baseline,4802,4802,0,4802,78908.283,0.973,-0.001,0.006,-0.229,0,0,0,0,0,0,0,0,0,0.000,0,WARMING_UP,0,0,0.455,0.006,-0.250,-0.063,0.375,0.004,-0.012,1.000,-0.004,0.004,0.000,0.000,0.000,0.000,0.000,0,NULL,NULL,,0,0,0,7,255,0,250,0,0
baseline,4806,4806,0,4806,78913.282,0.973,-0.001,0.006,-0.229,0,0,0,0,0,0,0,0,0,0.000,0,WARMING_UP,0,0,0.400,0.006,-0.063,-0.125,0.375,0.004,-0.008,1.000,-0.004,-0.004,0.000,0.000,0.000,0.000,0.000,0,NULL,NULL,,0,0,0,7,255,0,250,0,0
baseline,4812,4812,0,4812,78918.283,0.973,-0.001,0.006,-0.229,0,0,0,0,0,0,0,0,0,0.000,0,WARMING_UP,0,0,0.415,0.006,-0.125,-0.125,0.375,0.004,-0.008,1.000,-0.004,-0.004,0.000,0.000,0.000,0.000,0.000,0,NULL,NULL,,0,0,0,7,255,0,250,0,0
baseline,4817,4817,0,4817,78923.283,0.973,-0.001,0.006,-0.230,0,0,0,0,0,0,0,0,0,0.000,0,WARMING_UP,0,0,0.419,0.009,-0.250,-0.125,0.313,0.004,-0.008,1.000,-0.004,0.008,-0.004,0.000,0.000,0.000,0.000,0,NULL,NULL,,0,0,0,7,255,0,250,0,0
baseline,4822,4822,0,4822,78928.283,0.973,-0.001,0.006,-0.230,0,0,0,0,0,0,0,0,0,0.000,0,WARMING_UP,0,0,0.455,0.009,-0.250,-0.063,0.375,0.004,-0.008,1.004,-0.004,0.008,-0.004,0.000,0.000,0.000,0.000,0,NULL,NULL,,0,0,0,7,255,0,250,0,0
baseline,4826,4826,0,4826,78933.282,0.973,-0.001,0.006,-0.230,0,0,0,0,0,0,0,0,0,0.000,0,WARMING_UP,0,0,0.415,0.006,-0.125,-0.125,0.375,0.004,-0.012,1.004,-0.004,0.004,0.004,0.000,0.000,0.000,0.000,0,NULL,NULL,,0,0,0,7,255,0,250,0,0
baseline,4832,4832,0,4832,78938.283,0.973,-0.001,0.006,-0.230,0,0,0,0,0,0,0,0,0,0.000,0,WARMING_UP,0,0,0.400,0.006,-0.063,-0.125,0.375,0.004,-0.008,1.000,-0.004,0.004,0.004,0.000,0.000,0.000,0.000,0,NULL,NULL,,0,0,0,7,255,0,250,0,0
baseline,4836,4836,0,4836,78943.282,0.973,-0.001,0.006,-0.230,0,0,0,0,0,0,0,0,0,0.000,0,WARMING_UP,0,0,0.400,0.004,-0.063,-0.125,0.375,0.004,-0.008,1.000,0.004,0.000,0.000,0.000,0.000,0.000,0.000,0,NULL,NULL,,0,0,0,7,255,0,250,0,0
baseline,4842,4842,0,4842,78948.283,0.973,-0.001,0.006,-0.230,0,0,0,0,0,0,0,0,0,0.000,0,WARMING_UP,0,0,0.438,0.006,-0.188,-0.125,0.375,0.004,-0.008,1.004,0.004,0.004,0.000,0.000,0.000,0.000,0.000,0,NULL,NULL,,0,0,0,7,255,0,250,0,0
baseline,4847,4847,0,4847,78953.283,0.973,-0.001,0.006,-0.230,0,0,0,0,0,0,0,0,0,0.000,0,WARMING_UP,0,0,0.385,0.004,-0.188,-0.125,0.313,0.004,-0.008,1.004,0.004,0.000,0.004,0.000,0.000,0.000,0.000,0,NULL,NULL,,0,0,0,7,255,0,250,0,0
baseline,4852,4852,0,4852,78958.283,0.973,-0.001,0.006,-0.230,0,0,0,0,0,0,0,0,0,0.000,0,WARMING_UP,0,0,0.424,0.006,-0.188,-0.063,0.375,0.004,-0.008,1.000,0.004,0.004,0.004,0.000,0.000,0.000,0.000,0,NULL,NULL,,0,0,0,7,255,0,250,0,0
baseline,4856,4856,0,4856,78963.282,0.973,-0.001,0.006,-0.230,0,0,0,0,0,0,0,0,0,0.000,0,WARMING_UP,0,0,0.415,0.000,-0.125,-0.125,0.375,0.004,-0.012,1.000,0.000,0.000,-0.004,0.000,0.000,0.000,0.000,0,NULL,NULL,,0,0,0,7,255,0,250,0,0
baseline,4862,4862,0,4862,78968.283,0.973,-0.001,0.006,-0.230,0,0,0,0,0,0,0,0,0,0.000,0,WARMING_UP,0,0,0.438,0.006,-0.188,-0.125,0.375,0.004,-0.008,1.000,0.004,0.004,-0.004,0.000,0.000,0.000,0.000,0,NULL,NULL,,0,0,0,7,255,0,250,0,0
baseline,4866,4866,0,4866,78973.282,0.973,-0.001,0.006,-0.230,0,0,0,0,0,0,0,0,0,0.000,0,WARMING_UP,0,0,0.419,0.012,-0.250,-0.125,0.313,0.004,-0.008,1.004,0.004,0.012,-0.004,0.000,0.000,0.000,0.000,0,NULL,NULL,,0,0,0,7,255,0,250,0,0
baseline,4872,4872,0,4872,78978.283,0.973,-0.001,0.006,-0.230,0,0,0,0,0,0,0,0,0,0.000,0,WARMING_UP,0,0,0.419,0.012,-0.250,-0.125,0.313,0.004,-0.012,1.004,0.004,0.012,0.008,0.000,0.000,0.000,0.000,0,NULL,NULL,,0,0,0,7,255,0,250,0,0
baseline,4876,4876,0,4876,78983.282,0.973,-0.001,0.006,-0.230,0,0,0,0,0,0,0,0,0,0.000,0,WARMING_UP,0,0,0.438,0.006,-0.188,-0.125,0.375,0.004,-0.012,1.000,0.004,-0.004,0.008,0.000,0.000,0.000,0.000,0,NULL,NULL,,0,0,0,7,255,0,250,0,0
baseline,4882,4882,0,4882,78988.283,0.973,-0.001,0.006,-0.230,0,0,0,0,0,0,0,0,0,0.000,0,WARMING_UP,0,0,0.415,0.006,-0.125,-0.125,0.375,0.004,-0.008,1.000,0.004,-0.004,-0.004,0.000,0.000,0.000,0.000,0,NULL,NULL,,0,0,0,7,255,0,250,0,0
baseline,4886,4886,0,4886,78993.282,0.973,-0.001,0.006,-0.230,0,0,0,0,0,0,0,0,0,0.000,0,WARMING_UP,0,0,0.400,0.004,-0.125,-0.063,0.375,0.004,-0.008,1.004,-0.004,0.000,-0.004,0.000,0.000,0.000,0.000,0,NULL,NULL,,0,0,0,7,255,0,250,0,0
baseline,4892,4892,0,4892,78998.283,0.973,-0.001,0.006,-0.230,0,0,0,0,0,0,0,0,0,0.000,0,WARMING_UP,0,0,0.468,0.000,-0.250,-0.125,0.375,0.004,-0.012,1.004,0.000,0.000,0.004,0.000,0.000,0.000,0.000,0,NULL,NULL,,0,0,0,7,255,0,250,0,0
baseline,4896,4896,0,4896,79003.282,0.973,-0.001,0.006,-0.230,0,0,0,0,0,0,0,0,0,0.000,0,WARMING_UP,0,0,0.405,0.008,-0.250,-0.063,0.313,0.004,-0.012,1.004,0.000,-0.008,0.008,0.000,0.000,0.000,0.000,0,NULL,NULL,,0,0,0,7,255,0,250,0,0
baseline,4902,4902,0,4902,79008.283,0.973,-0.001,0.006,-0.230,0,0,0,0,0,0,0,0,0,0.000,0,WARMING_UP,0,0,0.400,0.008,-0.063,-0.125,0.375,0.004,-0.008,1.000,0.000,-0.008,0.008,0.000,0.000,0.000,0.000,0,NULL,NULL,,0,0,0,7,255,0,250,0,0
baseline,4907,4907,0,4907,79013.283,0.973,-0.001,0.006,-0.230,0,0,0,0,0,0,0,0,0,0.000,0,WARMING_UP,0,0,0.400,0.000,-0.063,-0.125,0.375,0.004,-0.008,1.000,0.000,0.000,-0.008,0.000,0.000,0.000,0.000,0,NULL,NULL,,0,0,0,7,255,0,250,0,0
baseline,4912,4912,0,4912,79018.283,0.973,-0.001,0.006,-0.230,0,0,0,0,0,0,0,0,0,0.000,0,WARMING_UP,0,0,0.468,0.004,-0.250,-0.125,0.375,0.004,-0.008,1.004,0.000,0.004,-0.008,0.000,0.000,0.000,0.000,0,NULL,NULL,,0,0,0,7,255,0,250,0,0
baseline,4917,4917,0,4917,79023.283,0.973,-0.001,0.006,-0.230,0,0,0,0,0,0,0,0,0,0.000,0,WARMING_UP,0,0,0.504,0.009,-0.313,-0.125,0.375,0.004,-0.008,1.004,-0.008,0.004,0.016,0.000,0.000,0.000,0.000,0,NULL,NULL,,0,0,0,7,255,0,250,0,0
baseline,4922,4922,0,4922,79028.283,0.973,-0.001,0.006,-0.230,0,0,0,0,0,0,0,0,0,0.000,0,WARMING_UP,0,0,0.400,0.008,-0.063,-0.125,0.375,0.004,-0.012,1.000,-0.008,0.000,0.016,0.000,0.000,0.000,0.000,0,NULL,NULL,,0,0,0,7,255,0,250,0,0
baseline,4926,4926,0,4926,79033.282,0.973,-0.001,0.006,-0.230,0,0,0,0,0,0,0,0,0,0.000,0,WARMING_UP,0,0,0.395,0.000,0.000,-0.125,0.375,0.004,-0.008,1.000,0.000,0.000,-0.008,0.000,0.000,0.000,0.000,0,NULL,NULL,,0,0,0,7,255,0,250,0,0
baseline,4932,4932,0,4932,79038.283,0.973,-0.001,0.006,-0.230,0,0,0,0,0,0,0,0,0,0.000,0,WARMING_UP,0,0,0.359,0.004,-0.125,-0.125,0.313,0.004,-0.008,1.000,0.000,0.004,-0.008,0.000,0.000,0.000,0.000,0,NULL,NULL,,0,0,0,7,255,0,250,0,0
baseline,4937,4937,0,4937,79043.283,0.973,-0.001,0.006,-0.230,0,0,0,0,0,0,0,0,0,0.000,0,WARMING_UP,0,0,0.446,0.004,-0.313,-0.063,0.313,0.004,-0.008,1.004,0.000,0.004,-0.008,0.000,0.000,0.000,0.000,0,NULL,NULL,,0,0,0,7,255,0,250,0,0
baseline,4942,4942,0,4942,79048.283,0.973,-0.001,0.006,-0.230,0,0,0,0,0,0,0,0,0,0.000,0,WARMING_UP,0,0,0.424,0.004,-0.188,-0.063,0.375,0.004,-0.012,1.004,0.000,0.004,0.004,0.000,0.000,0.000,0.000,0,NULL,NULL,,0,0,0,7,255,0,250,0,0
baseline,4946,4946,0,4946,79053.282,0.973,-0.001,0.006,-0.230,0,0,0,0,0,0,0,0,0,0.000,0,WARMING_UP,0,0,0.342,0.009,-0.063,-0.125,0.313,0.004,-0.012,1.000,-0.004,-0.008,0.004,0.000,0.000,0.000,0.000,0,NULL,NULL,,0,0,0,7,255,0,250,0,0
baseline,4952,4952,0,4952,79058.283,0.973,-0.001,0.006,-0.230,0,0,0,0,0,0,0,0,0,0.000,0,WARMING_UP,0,0,0.359,0.009,-0.125,-0.125,0.313,0.004,-0.008,1.000,-0.004,-0.008,-0.004,0.000,0.000,0.000,0.000,0,NULL,NULL,,0,0,0,7,255,0,250,0,0
baseline,4956,4956,0,4956,79063.282,0.973,-0.001,0.006,-0.230,0,0,0,0,0,0,0,0,0,0.000,0,WARMING_UP,0,0,0.459,0.006,-0.313,-0.125,0.313,0.004,-0.008,1.004,-0.004,0.004,-0.004,0.000,0.000,0.000,0.000,0,NULL,NULL,,0,0,0,7,255,0,250,0,0
baseline,4962,4962,0,4962,79068.283,0.973,-0.001,0.006,-0.230,0,0,0,0,0,0,0,0,0,0.000,0,WARMING_UP,0,0,0.492,0.006,-0.313,-0.063,0.375,0.004,-0.012,1.004,-0.004,0.004,0.004,0.000,0.000,0.000,0.000,0,NULL,NULL,,0,0,0,7,255,0,250,0,0
baseline,4967,4967,0,4967,79073.283,0.973,-0.001,0.006,-0.230,0,0,0,0,0,0,0,0,0,0.000,0,WARMING_UP,0,0,0.415,0.012,-0.125,-0.125,0.375,0.004,-0.012,1.000,-0.004,-0.012,0.004,0.000,0.000,0.000,0.000,0,NULL,NULL,,0,0,0,7,255,0,250,0,0
baseline,4972,4972,0,4972,79078.283,0.973,-0.001,0.006,-0.230,0,0,0,0,0,0,0,0,0,0.000,0,WARMING_UP,0,0,0.424,0.012,-0.063,-0.188,0.375,0.004,-0.008,1.000,-0.004,-0.012,-0.004,0.000,0.000,0.000,0.000,0,NULL,NULL,,0,0,0,7,255,0,250,0,0
baseline,4976,4976,0,4976,79083.282,0.973,-0.001,0.006,-0.230,0,0,0,0,0,0,0,0,0,0.000,0,WARMING_UP,0,0,0.459,0.012,-0.188,-0.188,0.375,0.004,-0.008,1.000,-0.004,0.012,-0.004,0.000,0.000,0.000,0.000,0,NULL,NULL,,0,0,0,7,255,0,250,0,0
baseline,4982,4982,0,4982,79088.283,0.973,-0.001,0.006,-0.230,0,0,0,0,0,0,0,0,0,0.000,0,WARMING_UP,0,0,0.492,0.012,-0.375,-0.063,0.313,0.004,-0.012,1.004,-0.004,0.012,-0.004,0.000,0.000,0.000,0.000,0,NULL,NULL,,0,0,0,7,255,0,250,0,0
baseline,4986,4986,0,4986,79093.282,0.973,-0.001,0.006,-0.230,0,0,0,0,0,0,0,0,0,0.000,0,WARMING_UP,0,0,0.419,0.006,-0.250,-0.125,0.313,0.004,-0.012,1.004,0.004,-0.004,0.004,0.000,0.000,0.000,0.000,0,NULL,NULL,,0,0,0,7,255,0,250,0,0
baseline,4992,4992,0,4992,79098.283,0.973,-0.001,0.006,-0.230,0,0,0,0,0,0,0,0,0,0.000,0,WARMING_UP,0,0,0.400,0.006,-0.063,-0.125,0.375,0.004,-0.008,1.000,0.004,-0.004,0.004,0.000,0.000,0.000,0.000,0,NULL,NULL,,0,0,0,7,255,0,250,0,0
baseline,4996,4996,0,4996,79103.282,0.973,-0.001,0.006,-0.230,0,0,0,0,0,0,0,0,0,0.000,0,WARMING_UP,0,0,0.385,0.006,-0.188,-0.125,0.313,0.004,-0.008,1.000,-0.004,0.004,-0.008,0.000,0.000,0.000,0.000,0,NULL,NULL,,0,0,0,7,255,0,250,0,0
baseline,5002,5002,0,5002,79108.283,0.973,-0.001,0.006,-0.230,0,0,0,0,0,0,0,0,0,0.000,0,WARMING_UP,0,0,0.459,0.016,-0.313,-0.125,0.313,0.004,-0.008,1.004,-0.004,0.016,-0.008,0.000,0.000,0.000,0.000,0,NULL,NULL,,0,0,0,7,255,0,250,0,0
baseline,5006,5006,0,5006,79113.282,0.973,-0.001,0.006,-0.230,0,0,0,0,0,0,0,0,0,0.000,0,WARMING_UP,0,0,0.468,0.016,-0.250,-0.125,0.375,0.004,-0.012,1.004,0.000,0.016,0.008,0.000,0.000,0.000,0.000,0,NULL,NULL,,0,0,0,7,255,0,250,0,0
baseline,5012,5012,0,5012,79118.283,0.973,-0.001,0.006,-0.230,0,0,0,0,0,0,0,0,0,0.000,0,WARMING_UP,0,0,0.359,0.008,-0.125,-0.125,0.313,0.004,-0.012,1.000,0.000,-0.008,0.008,0.000,0.000,0.000,0.000,0,NULL,NULL,,0,0,0,7,255,0,250,0,0
baseline,5017,5017,0,5017,79123.283,0.973,-0.001,0.006,-0.230,0,0,0,0,0,0,0,0,0,0.000,0,WARMING_UP,0,0,0.385,0.011,-0.125,-0.188,0.313,0.004,-0.008,1.000,-0.008,-0.008,0.000,0.000,0.000,0.000,0.000,0,NULL,NULL,,0,0,0,7,255,0,250,0,0
baseline,5022,5022,0,5022,79128.283,0.973,-0.001,0.006,-0.230,0,0,0,0,0,0,0,0,0,0.000,0,WARMING_UP,0,0,0.438,0.008,-0.188,-0.125,0.375,0.004,-0.008,1.004,-0.008,0.000,0.000,0.000,0.000,0.000,0.000,0,NULL,NULL,,0,0,0,7,255,0,250,0,0
baseline,5026,5026,0,5026,79133.282,0.973,-0.001,0.006,-0.230,0,0,0,0,0,0,0,0,0,0.000,0,WARMING_UP,0,0,0.455,0.004,-0.250,-0.063,0.375,0.004,-0.008,1.004,-0.004,0.000,0.004,0.000,0.000,0.000,0.000,0,NULL,NULL,,0,0,0,7,255,0,250,0,0
baseline,5032,5032,0,5032,79138.283,0.973,-0.001,0.006,-0.230,0,0,0,0,0,0,0,0,0,0.000,0,WARMING_UP,0,0,0.424,0.004,-0.188,-0.063,0.375,0.004,-0.012,1.004,0.004,0.000,0.004,0.000,0.000,0.000,0.000,0,NULL,NULL,,0,0,0,7,255,0,250,0,0
baseline,5036,5036,0,5036,79143.282,0.973,-0.001,0.006,-0.230,0,0,0,0,0,0,0,0,0,0.000,0,WARMING_UP,0,0,0.459,0.011,-0.188,-0.188,0.375,0.004,-0.012,1.000,0.008,-0.008,0.004,0.000,0.000,0.000,0.000,0,NULL,NULL,,0,0,0,7,255,0,250,0,0
baseline,5042,5042,0,5042,79148.283,0.973,-0.001,0.006,-0.230,0,0,0,0,0,0,0,0,0,0.000,0,WARMING_UP,0,0,0.438,0.011,-0.188,-0.125,0.375,0.004,-0.008,1.000,0.008,-0.008,-0.004,0.000,0.000,0.000,0.000,0,NULL,NULL,,0,0,0,7,255,0,250,0,0
baseline,5046,5046,0,5046,79153.282,0.973,-0.001,0.006,-0.230,0,0,0,0,0,0,0,0,0,0.000,0,WARMING_UP,0,0,0.468,0.008,-0.250,-0.125,0.375,0.004,-0.008,1.004,0.000,0.008,-0.004,0.000,0.000,0.000,0.000,0,NULL,NULL,,0,0,0,7,255,0,250,0,0
baseline,5052,5052,0,5052,79158.283,0.973,-0.001,0.006,-0.230,0,0,0,0,0,0,0,0,0,0.000,0,WARMING_UP,0,0,0.455,0.008,-0.250,-0.063,0.375,0.004,-0.008,1.004,0.000,0.008,0.004,0.000,0.000,0.000,0.000,0,NULL,NULL,,0,0,0,7,255,0,250,0,0
baseline,5057,5057,0,5057,79163.283,0.973,-0.001,0.006,-0.230,0,0,0,0,0,0,0,0,0,0.000,0,WARMING_UP,0,0,0.438,0.000,-0.188,-0.125,0.375,0.004,-0.012,1.000,0.000,0.000,0.004,0.000,0.000,0.000,0.000,0,NULL,NULL,,0,0,0,7,255,0,250,0,0
baseline,5062,5062,0,5062,79168.283,0.973,-0.001,0.006,-0.230,0,0,0,0,0,0,0,0,0,0.000,0,WARMING_UP,0,0,0.385,0.000,-0.125,-0.188,0.313,0.004,-0.008,1.000,0.000,0.000,0.000,0.000,0.000,0.000,0.000,0,NULL,NULL,,0,0,0,7,255,0,250,0,0
baseline,5066,5066,0,5066,79173.282,0.973,-0.001,0.006,-0.230,0,0,0,0,0,0,0,0,0,0.000,0,WARMING_UP,0,0,0.385,0.000,-0.063,-0.063,0.375,0.004,-0.008,1.000,0.000,0.000,-0.004,0.000,0.000,0.000,0.000,0,NULL,NULL,,0,0,0,7,255,0,250,0,0
baseline,5072,5072,0,5072,79178.283,0.973,-0.001,0.006,-0.230,0,0,0,0,0,0,0,0,0,0.000,0,WARMING_UP,0,0,0.455,0.006,-0.250,-0.063,0.375,0.004,-0.008,1.004,-0.004,0.004,-0.004,0.000,0.000,0.000,0.000,0,NULL,NULL,,0,0,0,7,255,0,250,0,0
baseline,5076,5076,0,5076,79183.282,0.973,-0.001,0.006,-0.230,0,0,0,0,0,0,0,0,0,0.000,0,WARMING_UP,0,0,0.468,0.004,-0.250,-0.125,0.375,0.004,-0.008,1.004,0.000,0.004,0.004,0.000,0.000,0.000,0.000,0,NULL,NULL,,0,0,0,7,255,0,250,0,0
baseline,5082,5082,0,5082,79188.283,0.973,-0.001,0.006,-0.230,0,0,0,0,0,0,0,0,0,0.000,0,WARMING_UP,0,0,0.385,0.012,-0.188,-0.125,0.313,0.008,-0.008,1.000,0.000,0.012,0.004,0.000,0.000,0.000,0.000,0,NULL,NULL,,0,0,0,7,255,0,250,0,0
baseline,5086,5086,0,5086,79193.282,0.973,-0.001,0.006,-0.230,0,0,0,0,0,0,0,0,0,0.000,0,WARMING_UP,0,0,0.342,0.009,-0.063,-0.125,0.313,0.004,-0.012,1.000,0.008,0.004,-0.004,0.000,0.000,0.000,0.000,0,NULL,NULL,,0,0,0,7,255,0,250,0,0
baseline,5092,5092,0,5092,79198.283,0.973,-0.001,0.006,-0.230,0,0,0,0,0,0,0,0,0,0.000,0,WARMING_UP,0,0,0.410,0.008,-0.188,-0.188,0.313,0.004,-0.008,1.000,0.008,0.000,-0.008,0.000,0.000,0.000,0.000,0,NULL,NULL,,0,0,0,7,255,0,250,0,0
baseline,5096,5096,0,5096,79203.282,0.973,-0.001,0.006,-0.230,0,0,0,0,0,0,0,0,0,0.000,0,WARMING_UP,0,0,0.523,0.004,-0.313,-0.188,0.375,0.004,-0.008,1.004,0.004,0.000,-0.008,0.000,0.000,0.000,0.000,0,NULL,NULL,,0,0,0,7,255,0,250,0,0
baseline,5102,5102,0,5102,79208.283,0.973,-0.001,0.006,-0.230,0,0,0,0,0,0,0,0,0,0.000,0,WARMING_UP,0,0,0.459,0.004,-0.313,-0.125,0.313,0.004,-0.012,1.000,-0.004,0.000,0.000,0.000,0.000,0.000,0.000,0,NULL,NULL,,0,0,0,7,255,0,250,0,0
baseline,5106,5106,0,5106,79213.282,0.973,-0.001,0.006,-0.230,0,0,0,0,0,0,0,0,0,0.000,0,WARMING_UP,0,0,0.359,0.004,-0.125,-0.125,0.313,0.004,-0.008,1.000,-0.004,0.000,0.000,0.000,0.000,0.000,0.000,0,NULL,NULL,,0,0,0,7,255,0,250,0,0
baseline,5112,5112,0,5112,79218.283,0.973,-0.001,0.006,-0.230,0,0,0,0,0,0,0,0,0,0.000,0,WARMING_UP,0,0,0.342,0.000,-0.063,-0.125,0.313,0.004,-0.008,1.000,0.000,0.000,-0.004,0.000,0.000,0.000,0.000,0,NULL,NULL,,0,0,0,7,255,0,250,0,0
baseline,5117,5117,0,5117,79223.283,0.973,-0.001,0.006,-0.230,0,0,0,0,0,0,0,0,0,0.000,0,WARMING_UP,0,0,0.468,0.008,-0.250,-0.125,0.375,0.004,-0.008,1.004,0.000,0.008,-0.004,0.000,0.000,0.000,0.000,0,NULL,NULL,,0,0,0,7,255,0,250,0,0
baseline,5122,5122,0,5122,79228.283,0.973,-0.001,0.006,-0.230,0,0,0,0,0,0,0,0,0,0.000,0,WARMING_UP,0,0,0.504,0.008,-0.313,-0.125,0.375,0.004,-0.008,1.004,0.000,0.008,0.012,0.000,0.000,0.000,0.000,0,NULL,NULL,,0,0,0,7,255,0,250,0,0
baseline,5126,5126,0,5126,79233.282,0.973,-0.001,0.006,-0.230,0,0,0,0,0,0,0,0,0,0.000,0,WARMING_UP,0,0,0.359,0.004,-0.125,-0.125,0.313,0.004,-0.012,1.000,0.000,-0.004,0.012,0.000,0.000,0.000,0.000,0,NULL,NULL,,0,0,0,7,255,0,250,0,0
baseline,5132,5132,0,5132,79238.283,0.973,-0.001,0.006,-0.230,0,0,0,0,0,0,0,0,0,0.000,0,WARMING_UP,0,0,0.342,0.004,-0.063,-0.125,0.313,0.004,-0.008,1.000,0.000,-0.004,-0.004,0.000,0.000,0.000,0.000,0,NULL,NULL,,0,0,0,7,255,0,250,0,0
baseline,5136,5136,0,5136,79243.282,0.973,-0.001,0.006,-0.230,0,0,0,0,0,0,0,0,0,0.000,0,WARMING_UP,0,0,0.415,0.000,-0.125,-0.125,0.375,0.004,-0.008,1.000,0.000,0.000,-0.016,0.000,0.000,0.000,0.000,0,NULL,NULL,,0,0,0,7,255,0,250,0,0
baseline,5142,5142,0,5142,79248.283,0.973,-0.001,0.006,-0.230,0,0,0,0,0,0,0,0,0,0.000,0,WARMING_UP,0,0,0.446,0.000,-0.313,-0.063,0.313,0.004,-0.008,1.004,0.000,0.000,-0.016,0.000,0.000,0.000,0.000,0,NULL,NULL,,0,0,0,7,255,0,250,0,0
baseline,5147,5147,0,5147,79253.283,0.973,-0.001,0.006,-0.230,0,0,0,0,0,0,0,0,0,0.000,0,WARMING_UP,0,0,0.455,0.004,-0.250,-0.063,0.375,0.004,-0.012,1.004,0.000,-0.004,0.004,0.000,0.000,0.000,0.000,0,NULL,NULL,,0,0,0,7,255,0,250,0,0
baseline,5152,5152,0,5152,79258.283,0.973,-0.001,0.006,-0.230,0,0,0,0,0,0,0,0,0,0.000,0,WARMING_UP,0,0,0.342,0.008,-0.063,-0.125,0.313,0.004,-0.012,1.000,0.000,-0.008,0.004,0.000,0.000,0.000,0.000,0,NULL,NULL,,0,0,0,7,255,0,250,0,0
baseline,5156,5156,0,5156,79263.282,0.973,-0.001,0.006,-0.230,0,0,0,0,0,0,0,0,0,0.000,0,WARMING_UP,0,0,0.342,0.008,-0.063,-0.125,0.313,0.004,-0.008,1.000,0.000,-0.008,-0.008,0.000,0.000,0.000,0.000,0,NULL,NULL,,0,0,0,7,255,0,250,0,0
baseline,5162,5162,0,5162,79268.283,0.973,-0.001,0.006,-0.230,0,0,0,0,0,0,0,0,0,0.000,0,WARMING_UP,0,0,0.419,0.006,-0.250,-0.125,0.313,0.004,-0.008,1.004,0.004,0.004,-0.008,0.000,0.000,0.000,0.000,0,NULL,NULL,,0,0,0,7,255,0,250,0,0
baseline,5166,5166,0,5166,79273.282,0.973,-0.001,0.006,-0.230,0,0,0,0,0,0,0,0,0,0.000,0,WARMING_UP,0,0,0.504,0.004,-0.375,-0.125,0.313,0.004,-0.008,1.004,0.000,0.004,0.012,0.000,0.000,0.000,0.000,0,NULL,NULL,,0,0,0,7,255,0,250,0,0
baseline,5172,5172,0,5172,79278.283,0.973,-0.001,0.006,-0.231,0,0,0,0,0,0,0,0,0,0.000,0,WARMING_UP,0,0,0.415,0.006,-0.125,-0.125,0.375,0.004,-0.012,1.004,0.004,-0.004,0.012,0.000,0.000,0.000,0.000,0,NULL,NULL,,0,0,0,7,255,0,250,0,0
baseline,5176,5176,0,5176,79283.282,0.973,-0.001,0.006,-0.231,0,0,0,0,0,0,0,0,0,0.000,0,WARMING_UP,0,0,0.395,0.006,0.000,-0.125,0.375,0.004,-0.008,1.000,-0.004,-0.004,0.004,0.000,0.000,0.000,0.000,0,NULL,NULL,,0,0,0,7,255,0,250,0,0
baseline,5182,5182,0,5182,79288.283,0.973,-0.001,0.006,-0.231,0,0,0,0,0,0,0,0,0,0.000,0,WARMING_UP,0,0,0.438,0.004,-0.188,-0.125,0.375,0.004,-0.008,1.004,-0.004,0.000,0.004,0.000,0.000,0.000,0.000,0,NULL,NULL,,0,0,0,7,255,0,250,0,0
baseline,5186,5186,0,5186,79293.282,0.973,-0.001,0.006,-0.231,0,0,0,0,0,0,0,0,0,0.000,0,WARMING_UP,0,0,0.492,0.009,-0.313,-0.063,0.375,0.004,-0.008,1.004,-0.008,0.004,0.004,0.000,0.000,0.000,0.000,0,NULL,NULL,,0,0,0,7,255,0,250,0,0
baseline,5192,5192,0,5192,79298.283,0.973,-0.001,0.006,-0.231,0,0,0,0,0,0,0,0,0,0.000,0,WARMING_UP,0,0,0.455,0.006,-0.250,-0.063,0.375,0.004,-0.012,1.004,-0.004,0.004,0.012,0.000,0.000,0.000,0.000,0,NULL,NULL,,0,0,0,7,255,0,250,0,0
baseline,5196,5196,0,5196,79303.282,0.973,-0.001,0.006,-0.231,0,0,0,0,0,0,0,0,0,0.000,0,WARMING_UP,0,0,0.385,0.008,-0.063,-0.063,0.375,0.004,-0.008,1.000,-0.008,0.000,0.012,0.000,0.000,0.000,0.000,0,NULL,NULL,,0,0,0,7,255,0,250,0,0
baseline,5202,5202,0,5202,79308.283,0.973,-0.001,0.006,-0.231,0,0,0,0,0,0,0,0,0,0.000,0,WARMING_UP,0,0,0.400,0.004,-0.063,-0.125,0.375,0.004,-0.008,1.000,0.004,0.000,-0.016,0.000,0.000,0.000,0.000,0,NULL,NULL,,0,0,0,7,255,0,250,0,0
baseline,5207,5207,0,5207,79313.283,0.973,-0.001,0.006,-0.231,0,0,0,0,0,0,0,0,0,0.000,0,WARMING_UP,0,0,0.446,0.008,-0.313,-0.063,0.313,0.004,-0.008,1.004,0.000,0.008,-0.016,0.000,0.000,0.000,0.000,0,NULL,NULL,,0,0,0,7,255,0,250,0,0
baseline,5212,5212,0,5212,79318.285,0.973,-0.001,0.006,-0.231,0,0,0,0,0,0,0,0,0,0.000,0,WARMING_UP,0,0,0.545,0.009,-0.375,-0.125,0.375,0.004,-0.012,1.004,0.004,0.008,0.004,0.000,0.000,0.000,0.000,0,NULL,NULL,,0,0,0,7,255,0,250,0,0
baseline,5217,5217,0,5217,79323.283,0.973,-0.001,0.006,-0.231,0,0,0,0,0,0,0,0,0,0.000,0,WARMING_UP,0,0,0.415,0.012,-0.125,-0.125,0.375,0.004,-0.012,1.000,0.000,-0.012,0.004,0.000,0.000,0.000,0.000,0,NULL,NULL,,0,0,0,7,255,0,250,0,0
baseline,5222,5222,0,5222,79328.283,0.973,-0.001,0.006,-0.231,0,0,0,0,0,0,0,0,0,0.000,0,WARMING_UP,0,0,0.415,0.012,-0.125,-0.125,0.375,0.004,-0.008,1.000,0.004,-0.012,-0.008,0.000,0.000,0.000,0.000,0,NULL,NULL,,0,0,0,7,255,0,250,0,0
baseline,5226,5226,0,5226,79333.282,0.973,-0.001,0.006,-0.231,0,0,0,0,0,0,0,0,0,0.000,0,WARMING_UP,0,0,0.468,0.006,-0.250,-0.125,0.375,0.004,-0.008,1.000,0.004,0.004,-0.008,0.000,0.000,0.000,0.000,0,NULL,NULL,,0,0,0,7,255,0,250,0,0
baseline,5232,5232,0,5232,79338.283,0.973,-0.001,0.006,-0.231,0,0,0,0,0,0,0,0,0,0.000,0,WARMING_UP,0,0,0.504,0.006,-0.375,-0.125,0.313,0.004,-0.008,1.004,0.004,0.004,-0.004,0.000,0.000,0.000,0.000,0,NULL,NULL,,0,0,0,7,255,0,250,0,0
baseline,5237,5237,0,5237,79343.283,0.973,-0.001,0.006,-0.231,0,0,0,0,0,0,0,0,0,0.000,0,WARMING_UP,0,0,0.459,0.006,-0.188,-0.188,0.375,0.004,-0.012,1.000,0.004,0.004,0.000,0.000,0.000,0.000,0.000,0,NULL,NULL,,0,0,0,7,255,0,250,0,0
baseline,5242,5242,0,5242,79348.283,0.973,-0.001,0.006,-0.231,0,0,0,0,0,0,0,0,0,0.000,0,WARMING_UP,0,0,0.424,0.004,-0.063,-0.188,0.375,0.004,-0.012,1.000,0.000,-0.004,0.000,0.000,0.000,0.000,0.000,0,NULL,NULL,,0,0,0,7,255,0,250,0,0
baseline,5246,5246,0,5246,79353.282,0.973,-0.001,0.006,-0.231,0,0,0,0,0,0,0,0,0,0.000,0,WARMING_UP,0,0,0.359,0.009,-0.125,-0.125,0.313,0.004,-0.008,1.000,0.008,-0.004,0.000,0.000,0.000,0.000,0.000,0,NULL,NULL,,0,0,0,7,255,0,250,0,0
baseline,5252,5252,0,5252,79358.283,0.973,-0.001,0.006,-0.231,0,0,0,0,0,0,0,0,0,0.000,0,WARMING_UP,0,0,0.370,0.004,-0.188,-0.063,0.313,0.004,-0.008,1.000,0.004,0.000,0.000,0.000,0.000,0.000,0.000,0,NULL,NULL,,0,0,0,7,255,0,250,0,0
baseline,5256,5256,0,5256,79363.282,0.973,-0.001,0.006,-0.231,0,0,0,0,0,0,0,0,0,0.000,0,WARMING_UP,0,0,0.419,0.009,-0.250,-0.125,0.313,0.004,-0.008,1.004,0.004,0.008,0.000,0.000,0.000,0.000,0.000,0,NULL,NULL,,0,0,0,7,255,0,250,0,0
baseline,5262,5262,0,5262,79368.283,0.973,-0.001,0.006,-0.231,0,0,0,0,0,0,0,0,0,0.000,0,WARMING_UP,0,0,0.438,0.000,-0.188,-0.125,0.375,0.004,-0.012,1.004,0.000,0.000,0.012,0.000,0.000,0.000,0.000,0,NULL,NULL,,0,0,0,7,255,0,250,0,0
baseline,5266,5266,0,5266,79373.282,0.973,-0.001,0.006,-0.231,0,0,0,0,0,0,0,0,0,0.000,0,WARMING_UP,0,0,0.415,0.004,-0.125,-0.125,0.375,0.008,-0.012,1.000,0.000,-0.004,0.012,0.000,0.000,0.000,0.000,0,NULL,NULL,,0,0,0,7,255,0,250,0,0
baseline,5272,5272,0,5272,79378.283,0.973,-0.001,0.006,-0.231,0,0,0,0,0,0,0,0,0,0.000,0,WARMING_UP,0,0,0.415,0.004,-0.125,-0.125,0.375,0.004,-0.008,1.000,0.000,-0.004,-0.004,0.000,0.000,0.000,0.000,0,NULL,NULL,,0,0,0,7,255,0,250,0,0
baseline,5276,5276,0,5276,79383.282,0.973,-0.001,0.006,-0.231,0,0,0,0,0,0,0,0,0,0.000,0,WARMING_UP,0,0,0.468,0.004,-0.250,-0.125,0.375,0.004,-0.008,1.000,0.000,0.004,-0.004,0.000,0.000,0.000,0.000,0,NULL,NULL,,0,0,0,7,255,0,250,0,0
baseline,5282,5282,0,5282,79388.283,0.973,-0.001,0.006,-0.231,0,0,0,0,0,0,0,0,0,0.000,0,WARMING_UP,0,0,0.455,0.004,-0.250,-0.063,0.375,0.004,-0.012,1.004,0.000,0.004,0.000,0.000,0.000,0.000,0.000,0,NULL,NULL,,0,0,0,7,255,0,250,0,0
baseline,5286,5286,0,5286,79393.282,0.973,-0.001,0.006,-0.231,0,0,0,0,0,0,0,0,0,0.000,0,WARMING_UP,0,0,0.385,0.004,-0.188,-0.125,0.313,0.004,-0.008,1.000,0.000,-0.004,0.000,0.000,0.000,0.000,0.000,0,NULL,NULL,,0,0,0,7,255,0,250,0,0
baseline,5292,5292,0,5292,79398.283,0.973,-0.001,0.006,-0.231,0,0,0,0,0,0,0,0,0,0.000,0,WARMING_UP,0,0,0.415,0.006,-0.125,-0.125,0.375,0.004,-0.008,1.000,-0.004,-0.004,0.000,0.000,0.000,0.000,0.000,0,NULL,NULL,,0,0,0,7,255,0,250,0,0
baseline,5296,5296,0,5296,79403.282,0.973,-0.001,0.006,-0.231,0,0,0,0,0,0,0,0,0,0.000,0,WARMING_UP,0,0,0.424,0.006,-0.188,-0.063,0.375,0.004,-0.008,1.000,-0.004,0.004,-0.004,0.000,0.000,0.000,0.000,0,NULL,NULL,,0,0,0,7,255,0,250,0,0
baseline,5302,5302,0,5302,79408.283,0.973,-0.001,0.006,-0.231,0,0,0,0,0,0,0,0,0,0.000,0,WARMING_UP,0,0,0.504,0.012,-0.313,-0.125,0.375,0.004,-0.008,1.004,-0.004,0.012,-0.004,0.000,0.000,0.000,0.000,0,NULL,NULL,,0,0,0,7,255,0,250,0,0
baseline,5306,5306,0,5306,79413.282,0.973,-0.001,0.006,-0.231,0,0,0,0,0,0,0,0,0,0.000,0,WARMING_UP,0,0,0.468,0.006,-0.250,-0.125,0.375,0.004,-0.012,1.004,0.004,0.004,0.004,0.000,0.000,0.000,0.000,0,NULL,NULL,,0,0,0,7,255,0,250,0,0
baseline,5312,5312,0,5312,79418.283,0.973,-0.001,0.006,-0.231,0,0,0,0,0,0,0,0,0,0.000,0,WARMING_UP,0,0,0.438,0.006,-0.125,-0.188,0.375,0.004,-0.008,1.000,0.004,-0.004,0.004,0.000,0.000,0.000,0.000,0,NULL,NULL,,0,0,0,7,255,0,250,0,0
baseline,5317,5317,0,5317,79423.283,0.973,-0.001,0.006,-0.231,0,0,0,0,0,0,0,0,0,0.000,0,WARMING_UP,0,0,0.438,0.004,-0.125,-0.188,0.375,0.004,-0.008,1.000,0.000,-0.004,-0.004,0.000,0.000,0.000,0.000,0,NULL,NULL,,0,0,0,7,255,0,250,0,0
baseline,5322,5322,0,5322,79428.283,0.973,-0.001,0.006,-0.231,0,0,0,0,0,0,0,0,0,0.000,0,WARMING_UP,0,0,0.385,0.000,-0.188,-0.125,0.313,0.004,-0.008,1.004,0.000,0.000,-0.004,0.000,0.000,0.000,0.000,0,NULL,NULL,,0,0,0,7,255,0,250,0,0
baseline,5327,5327,0,5327,79433.283,0.973,-0.001,0.006,-0.231,0,0,0,0,0,0,0,0,0,0.000,0,WARMING_UP,0,0,0.504,0.000,-0.375,-0.125,0.313,0.004,-0.012,1.004,0.000,0.000,0.012,0.000,0.000,0.000,0.000,0,NULL,NULL,,0,0,0,7,255,0,250,0,0
baseline,5332,5332,0,5332,79438.283,0.973,-0.001,0.006,-0.231,0,0,0,0,0,0,0,0,0,0.000,0,WARMING_UP,0,0,0.415,0.006,-0.125,-0.125,0.375,0.004,-0.012,1.000,0.004,-0.004,0.012,0.000,0.000,0.000,0.000,0,NULL,NULL,,0,0,0,7,255,0,250,0,0
baseline,5336,5336,0,5336,79443.282,0.973,-0.001,0.006,-0.231,0,0,0,0,0,0,0,0,0,0.000,0,WARMING_UP,0,0,0.325,0.006,-0.063,-0.063,0.313,0.004,-0.008,1.000,0.004,-0.004,-0.008,0.000,0.000,0.000,0.000,0,NULL,NULL,,0,0,0,7,255,0,250,0,0
baseline,5342,5342,0,5342,79448.283,0.973,-0.001,0.006,-0.231,0,0,0,0,0,0,0,0,0,0.000,0,WARMING_UP,0,0,0.359,0.004,-0.125,-0.125,0.313,0.004,-0.008,1.000,0.000,-0.004,-0.008,0.000,0.000,0.000,0.000,0,NULL,NULL,,0,0,0,7,255,0,250,0,0
baseline,5346,5346,0,5346,79453.282,0.973,-0.001,0.006,-0.231,0,0,0,0,0,0,0,0,0,0.000,0,WARMING_UP,0,0,0.504,0.008,-0.375,-0.125,0.313,0.004,-0.008,1.004,-0.008,0.000,0.000,0.000,0.000,0.000,0.000,0,NULL,NULL,,0,0,0,7,255,0,250,0,0
baseline,5352,5352,0,5352,79458.283,0.973,-0.001,0.006,-0.231,0,0,0,0,0,0,0,0,0,0.000,0,WARMING_UP,0,0,0.459,0.008,-0.313,-0.125,0.313,0.004,-0.012,1.004,-0.008,0.000,0.004,0.000,0.000,0.000,0.000,0,NULL,NULL,,0,0,0,7,255,0,250,0,0
baseline,5356,5356,0,5356,79463.282,0.973,-0.001,0.006,-0.231,0,0,0,0,0,0,0,0,0,0.000,0,WARMING_UP,0,0,0.342,0.011,-0.063,-0.125,0.313,0.004,-0.012,1.000,0.008,-0.008,0.004,0.000,0.000,0.000,0.000,0,NULL,NULL,,0,0,0,7,255,0,250,0,0
baseline,5362,5362,0,5362,79468.283,0.973,-0.001,0.006,-0.231,0,0,0,0,0,0,0,0,0,0.000,0,WARMING_UP,0,0,0.342,0.011,-0.063,-0.125,0.313,0.004,-0.008,1.000,0.008,-0.008,-0.008,0.000,0.000,0.000,0.000,0,NULL,NULL,,0,0,0,7,255,0,250,0,0
baseline,5366,5366,0,5366,79473.282,0.973,-0.001,0.006,-0.231,0,0,0,0,0,0,0,0,0,0.000,0,WARMING_UP,0,0,0.419,0.016,-0.250,-0.125,0.313,0.004,-0.008,1.004,0.004,0.016,-0.008,0.000,0.000,0.000,0.000,0,NULL,NULL,,0,0,0,7,255,0,250,0,0
baseline,5372,5372,0,5372,79478.283,0.973,-0.001,0.006,-0.231,0,0,0,0,0,0,0,0,0,0.000,0,WARMING_UP,0,0,0.504,0.016,-0.313,-0.125,0.375,0.004,-0.008,1.004,0.004,0.016,0.004,0.000,0.000,0.000,0.000,0,NULL,NULL,,0,0,0,7,255,0,250,0,0
baseline,5376,5376,0,5376,79483.282,0.973,-0.001,0.006,-0.231,0,0,0,0,0,0,0,0,0,0.000,0,WARMING_UP,0,0,0.415,0.004,-0.125,-0.125,0.375,0.004,-0.012,1.000,0.004,0.000,0.004,0.000,0.000,0.000,0.000,0,NULL,NULL,,0,0,0,7,255,0,250,0,0
baseline,5382,5382,0,5382,79488.283,0.973,-0.001,0.006,-0.231,0,0,0,0,0,0,0,0,0,0.000,0,WARMING_UP,0,0,0.395,0.004,0.000,-0.125,0.375,0.004,-0.008,1.000,0.004,0.000,-0.008,0.000,0.000,0.000,0.000,0,NULL,NULL,,0,0,0,7,255,0,250,0,0
baseline,5386,5386,0,5386,79493.282,0.973,-0.001,0.006,-0.231,0,0,0,0,0,0,0,0,0,0.000,0,WARMING_UP,0,0,0.438,0.004,-0.188,-0.125,0.375,0.004,-0.008,1.004,-0.004,0.000,-0.008,0.000,0.000,0.000,0.000,0,NULL,NULL,,0,0,0,7,255,0,250,0,0
baseline,5392,5392,0,5392,79498.283,0.973,-0.001,0.006,-0.231,0,0,0,0,0,0,0,0,0,0.000,0,WARMING_UP,0,0,0.446,0.006,-0.313,-0.063,0.313,0.004,-0.008,1.004,-0.004,0.004,0.004,0.000,0.000,0.000,0.000,0,NULL,NULL,,0,0,0,7,255,0,250,0,0
baseline,5396,5396,0,5396,79503.282,0.973,-0.001,0.006,-0.231,0,0,0,0,0,0,0,0,0,0.000,0,WARMING_UP,0,0,0.468,0.006,-0.250,-0.125,0.375,0.004,-0.012,1.004,-0.004,0.004,0.016,0.000,0.000,0.000,0.000,0,NULL,NULL,,0,0,0,7,255,0,250,0,0
baseline,5402,5402,0,5402,79508.283,0.973,-0.001,0.006,-0.231,0,0,0,0,0,0,0,0,0,0.000,0,WARMING_UP,0,0,0.342,0.004,-0.063,-0.125,0.313,0.004,-0.008,1.000,-0.004,0.000,0.016,0.000,0.000,0.000,0.000,0,NULL,NULL,,0,0,0,7,255,0,250,0,0
baseline,5406,5406,0,5406,79513.282,0.973,-0.001,0.006,-0.231,0,0,0,0,0,0,0,0,0,0.000,0,WARMING_UP,0,0,0.359,0.004,-0.125,-0.125,0.313,0.004,-0.008,1.000,-0.004,0.000,-0.008,0.000,0.000,0.000,0.000,0,NULL,NULL,,0,0,0,7,255,0,250,0,0
baseline,5412,5412,0,5412,79518.283,0.973,-0.001,0.006,-0.231,0,0,0,0,0,0,0,0,0,0.000,0,WARMING_UP,0,0,0.492,0.006,-0.313,-0.063,0.375,0.004,-0.008,1.004,-0.004,0.004,-0.008,0.000,0.000,0.000,0.000,0,NULL,NULL,,0,0,0,7,255,0,250,0,0
baseline,5417,5417,0,5417,79523.283,0.973,-0.001,0.006,-0.231,0,0,0,0,0,0,0,0,0,0.000,0,WARMING_UP,0,0,0.504,0.004,-0.313,-0.125,0.375,0.004,-0.012,1.004,0.000,0.004,0.004,0.000,0.000,0.000,0.000,0,NULL,NULL,,0,0,0,7,255,0,250,0,0
baseline,5422,5422,0,5422,79528.283,0.973,-0.001,0.006,-0.231,0,0,0,0,0,0,0,0,0,0.000,0,WARMING_UP,0,0,0.415,0.012,-0.125,-0.125,0.375,0.004,-0.012,1.004,0.000,-0.012,0.004,0.000,0.000,0.000,0.000,0,NULL,NULL,,0,0,0,7,255,0,250,0,0
baseline,5426,5426,0,5426,79533.282,0.973,-0.001,0.006,-0.231,0,0,0,0,0,0,0,0,0,0.000,0,WARMING_UP,0,0,0.337,0.012,0.000,-0.125,0.313,0.004,-0.012,1.000,0.000,-0.012,0.004,0.000,0.000,0.000,0.000,0,NULL,NULL,,0,0,0,7,255,0,250,0,0
baseline,5432,5432,0,5432,79538.283,0.973,-0.001,0.006,-0.231,0,0,0,0,0,0,0,0,0,0.000,0,WARMING_UP,0,0,0.359,0.008,-0.125,-0.125,0.313,0.004,-0.008,1.000,0.000,-0.008,-0.008,0.000,0.000,0.000,0.000,0,NULL,NULL,,0,0,0,7,255,0,250,0,0
baseline,5436,5436,0,5436,79543.282,0.973,-0.001,0.006,-0.231,0,0,0,0,0,0,0,0,0,0.000,0,WARMING_UP,0,0,0.446,0.004,-0.313,-0.063,0.313,0.004,-0.008,1.004,-0.004,0.000,-0.008,0.000,0.000,0.000,0.000,0,NULL,NULL,,0,0,0,7,255,0,250,0,0
baseline,5442,5442,0,5442,79548.283,0.973,-0.001,0.006,-0.231,0,0,0,0,0,0,0,0,0,0.000,0,WARMING_UP,0,0,0.459,0.000,-0.313,-0.125,0.313,0.004,-0.012,1.004,0.000,0.000,0.012,0.000,0.000,0.000,0.000,0,NULL,NULL,,0,0,0,7,255,0,250,0,0
baseline,5447,5447,0,5447,79553.283,0.973,-0.001,0.006,-0.231,0,0,0,0,0,0,0,0,0,0.000,0,WARMING_UP,0,0,0.370,0.008,-0.063,-0.188,0.313,0.004,-0.012,1.000,0.000,-0.008,0.012,0.000,0.000,0.000,0.000,0,NULL,NULL,,0,0,0,7,255,0,250,0,0
baseline,5452,5452,0,5452,79558.283,0.973,-0.001,0.006,-0.231,0,0,0,0,0,0,0,0,0,0.000,0,WARMING_UP,0,0,0.438,0.008,-0.188,-0.125,0.375,0.004,-0.008,1.000,0.000,-0.008,-0.008,0.000,0.000,0.000,0.000,0,NULL,NULL,,0,0,0,7,255,0,250,0,0
baseline,5456,5456,0,5456,79563.282,0.973,-0.001,0.006,-0.231,0,0,0,0,0,0,0,0,0,0.000,0,WARMING_UP,0,0,0.419,0.004,-0.250,-0.125,0.313,0.004,-0.008,1.004,0.000,0.004,-0.008,0.000,0.000,0.000,0.000,0,NULL,NULL,,0,0,0,7,255,0,250,0,0
baseline,5462,5462,0,5462,79568.283,0.973,-0.001,0.006,-0.231,0,0,0,0,0,0,0,0,0,0.000,0,WARMING_UP,0,0,0.419,0.004,-0.250,-0.125,0.313,0.004,-0.008,1.004,0.000,0.004,0.004,0.000,0.000,0.000,0.000,0,NULL,NULL,,0,0,0,7,255,0,250,0,0
baseline,5467,5467,0,5467,79573.283,0.973,-0.001,0.006,-0.231,0,0,0,0,0,0,0,0,0,0.000,0,WARMING_UP,0,0,0.385,0.000,-0.188,-0.125,0.313,0.004,-0.012,1.000,0.000,0.000,0.004,0.000,0.000,0.000,0.000,0,NULL,NULL,,0,0,0,7,255,0,250,0,0
baseline,5472,5472,0,5472,79578.283,0.973,-0.001,0.006,-0.231,0,0,0,0,0,0,0,0,0,0.000,0,WARMING_UP,0,0,0.385,0.000,-0.125,-0.188,0.313,0.004,-0.008,0.996,0.000,0.000,0.000,0.000,0.000,0.000,0.000,0,NULL,NULL,,0,0,0,7,255,0,250,0,0
baseline,5476,5476,0,5476,79583.282,0.973,-0.001,0.006,-0.231,0,0,0,0,0,0,0,0,0,0.000,0,WARMING_UP,0,0,0.442,0.008,-0.250,-0.188,0.313,0.008,-0.008,1.004,0.000,0.008,0.000,0.000,0.000,0.000,0.000,0,NULL,NULL,,0,0,0,7,255,0,250,0,0
baseline,5482,5482,0,5482,79588.283,0.973,-0.001,0.006,-0.231,0,0,0,0,0,0,0,0,0,0.000,0,WARMING_UP,0,0,0.468,0.011,-0.250,0.125,0.375,0.004,-0.008,1.004,-0.008,0.008,0.016,0.000,0.000,0.000,0.000,0,NULL,NULL,,0,0,0,7,255,0,250,0,0
baseline,5486,5486,0,5486,79593.282,0.973,-0.001,0.006,-0.231,0,0,0,0,0,0,0,0,0,0.000,0,WARMING_UP,0,0,0.438,0.012,-0.125,-0.188,0.375,0.004,-0.012,1.004,-0.004,-0.012,0.031,0.000,0.000,0.000,0.000,0,NULL,NULL,,0,0,0,7,255,0,250,0,0
baseline,5492,5492,0,5492,79598.283,0.973,-0.001,0.006,-0.231,0,0,0,0,0,0,0,0,0,0.000,0,WARMING_UP,0,0,0.451,0.012,0.000,-0.250,0.375,0.004,-0.012,1.000,-0.004,-0.012,0.016,0.000,0.000,0.000,0.000,0,NULL,NULL,,0,0,0,7,255,0,250,0,0
baseline,5496,5496,0,5496,79603.282,0.973,-0.001,0.006,-0.231,0,0,0,0,0,0,0,0,0,0.000,0,WARMING_UP,0,0,0.446,0.012,-0.313,-0.063,0.313,0.008,-0.008,0.996,0.012,-0.004,-0.008,0.000,0.000,0.000,0.000,0,NULL,NULL,,0,0,0,7,255,0,250,0,0
baseline,5502,5502,0,5502,79608.283,0.973,-0.001,0.006,-0.231,0,0,0,0,0,0,0,0,0,0.000,0,WARMING_UP,0,0,0.400,0.014,-0.125,-0.063,0.375,0.004,-0.008,1.004,0.012,0.008,-0.008,0.000,0.000,0.000,0.000,0,NULL,NULL,,0,0,0,7,255,0,250,0,0
baseline,5506,5506,0,5506,79613.282,0.973,-0.001,0.006,-0.231,0,0,0,0,0,0,0,0,0,0.000,0,WARMING_UP,0,0,0.504,0.014,-0.313,-0.125,0.375,0.004,-0.012,1.004,-0.012,0.008,0.004,0.000,0.000,0.000,0.000,0,NULL,NULL,,0,0,0,7,255,0,250,0,0
baseline,5512,5512,0,5512,79618.283,0.973,-0.001,0.006,-0.231,0,0,0,0,0,0,0,0,0,0.000,0,WARMING_UP,0,0,0.488,0.017,-0.250,-0.188,0.375,0.004,-0.012,1.004,-0.012,-0.012,0.023,0.000,0.000,0.000,0.000,0,NULL,NULL,,0,0,0,7,255,0,250,0,0
baseline,5517,5517,0,5517,79623.283,0.973,-0.001,0.006,-0.231,0,0,0,0,0,0,0,0,0,0.000,0,WARMING_UP,0,0,0.385,0.012,-0.125,-0.188,0.313,0.004,-0.012,1.000,0.000,-0.012,0.023,0.000,0.000,0.000,0.000,0,NULL,NULL,,0,0,0,7,255,0,250,0,0
baseline,5522,5522,0,5522,79628.283,0.973,-0.001,0.006,-0.231,0,0,0,0,0,0,0,0,0,0.000,0,WARMING_UP,0,0,0.400,0.008,-0.063,-0.125,0.375,0.004,-0.008,1.000,0.000,-0.008,-0.016,0.000,0.000,0.000,0.000,0,NULL,NULL,,0,0,0,7,255,0,250,0,0
baseline,5527,5527,0,5527,79633.285,0.973,-0.001,0.006,-0.231,0,0,0,0,0,0,0,0,0,0.000,0,WARMING_UP,0,0,0.385,0.004,-0.188,-0.125,0.313,0.004,-0.008,1.000,0.000,0.004,-0.016,0.000,0.000,0.000,0.000,0,NULL,NULL,,0,0,0,7,255,0,250,0,0
baseline,5532,5532,0,5532,79638.283,0.973,-0.001,0.006,-0.231,0,0,0,0,0,0,0,0,0,0.000,0,WARMING_UP,0,0,0.492,0.006,-0.313,-0.063,0.375,0.004,-0.008,1.004,-0.004,0.004,-0.016,0.000,0.000,0.000,0.000,0,NULL,NULL,,0,0,0,7,255,0,250,0,0
baseline,5536,5536,0,5536,79643.282,0.973,-0.001,0.006,-0.232,0,0,0,0,0,0,0,0,0,0.000,0,WARMING_UP,0,0,0.504,0.004,-0.313,-0.125,0.375,0.004,-0.012,1.004,-0.004,0.000,0.016,0.000,0.000,0.000,0.000,0,NULL,NULL,,0,0,0,7,255,0,250,0,0
baseline,5542,5542,0,5542,79648.283,0.973,-0.001,0.006,-0.232,0,0,0,0,0,0,0,0,0,0.000,0,WARMING_UP,0,0,0.415,0.016,-0.125,-0.125,0.375,0.004,-0.012,1.000,-0.004,-0.016,0.016,0.000,0.000,0.000,0.000,0,NULL,NULL,,0,0,0,7,255,0,250,0,0
baseline,5546,5546,0,5546,79653.282,0.973,-0.001,0.006,-0.232,0,0,0,0,0,0,0,0,0,0.000,0,WARMING_UP,0,0,0.342,0.016,-0.063,-0.125,0.313,0.004,-0.008,1.000,-0.004,-0.016,0.000,0.000,0.000,0.000,0.000,0,NULL,NULL,,0,0,0,7,255,0,250,0,0
baseline,5552,5552,0,5552,79658.283,0.973,-0.001,0.006,-0.232,0,0,0,0,0,0,0,0,0,0.000,0,WARMING_UP,0,0,0.459,0.004,-0.313,-0.125,0.313,0.004,-0.008,1.000,-0.004,0.000,-0.004,0.000,0.000,0.000,0.000,0,NULL,NULL,,0,0,0,7,255,0,250,0,0
baseline,5556,5556,0,5556,79663.282,0.973,-0.001,0.006,-0.232,0,0,0,0,0,0,0,0,0,0.000,0,WARMING_UP,0,0,0.545,0.004,-0.375,-0.125,0.375,0.004,-0.008,1.000,-0.004,0.000,-0.004,0.000,0.000,0.000,0.000,0,NULL,NULL,,0,0,0,7,255,0,250,0,0
baseline,5562,5562,0,5562,79668.283,0.973,-0.001,0.006,-0.232,0,0,0,0,0,0,0,0,0,0.000,0,WARMING_UP,0,0,0.385,0.004,-0.188,-0.125,0.313,0.004,-0.012,1.004,0.004,0.000,-0.004,0.000,0.000,0.000,0.000,0,NULL,NULL,,0,0,0,7,255,0,250,0,0
baseline,5567,5567,0,5567,79673.283,0.973,-0.001,0.006,-0.232,0,0,0,0,0,0,0,0,0,0.000,0,WARMING_UP,0,0,0.359,0.012,-0.125,-0.125,0.313,0.004,-0.012,1.004,0.004,-0.012,0.004,0.000,0.000,0.000,0.000,0,NULL,NULL,,0,0,0,7,255,0,250,0,0
baseline,5571,5571,0,5571,79678.282,0.973,-0.001,0.006,-0.232,0,0,0,0,0,0,0,0,0,0.000,0,WARMING_UP,0,0,0.438,0.012,-0.188,-0.125,0.375,0.004,-0.008,1.000,-0.004,-0.012,0.004,0.000,0.000,0.000,0.000,0,NULL,NULL,,0,0,0,7,255,0,250,0,0
baseline,5577,5577,0,5577,79683.286,0.973,-0.001,0.006,-0.232,0,0,0,0,0,0,0,0,0,0.000,0,WARMING_UP,0,0,0.504,0.012,-0.313,-0.125,0.375,0.004,-0.012,1.000,-0.004,-0.012,0.000,0.000,0.000,0.000,0.000,0,NULL,NULL,,0,0,0,7,255,0,250,0,0
baseline,5582,5582,0,5582,79688.283,0.973,-0.001,0.006,-0.232,0,0,0,0,0,0,0,0,0,0.000,0,WARMING_UP,0,0,0.438,0.006,-0.188,-0.125,0.375,0.004,-0.008,1.000,-0.004,-0.004,0.000,0.000,0.000,0.000,0.000,0,NULL,NULL,,0,0,0,7,255,0,250,0,0
baseline,5586,5586,0,5586,79693.282,0.973,-0.001,0.006,-0.232,0,0,0,0,0,0,0,0,0,0.000,0,WARMING_UP,0,0,0.342,0.008,-0.063,-0.125,0.313,0.004,-0.012,1.000,0.000,-0.008,-0.023,0.000,0.000,0.000,0.000,0,NULL,NULL,,0,0,0,7,255,0,250,0,0
baseline,5592,5592,0,5592,79698.283,0.973,-0.001,0.006,-0.232,0,0,0,0,0,0,0,0,0,0.000,0,WARMING_UP,0,0,0.419,0.004,-0.250,-0.125,0.313,0.004,-0.008,1.004,0.000,-0.004,-0.023,0.000,0.000,0.000,0.000,0,NULL,NULL,,0,0,0,7,255,0,250,0,0
baseline,5596,5596,0,5596,79703.282,0.973,-0.001,0.006,-0.232,0,0,0,0,0,0,0,0,0,0.000,0,WARMING_UP,0,0,0.504,0.004,-0.375,-0.125,0.313,0.004,-0.008,1.004,0.000,0.004,0.004,0.000,0.000,0.000,0.000,0,NULL,NULL,,0,0,0,7,255,0,250,0,0
baseline,5602,5602,0,5602,79708.283,0.973,-0.001,0.006,-0.232,0,0,0,0,0,0,0,0,0,0.000,0,WARMING_UP,0,0,0.455,0.009,-0.250,-0.063,0.375,0.004,-0.012,1.004,0.008,0.004,0.016,0.000,0.000,0.000,0.000,0,NULL,NULL,,0,0,0,7,255,0,250,0,0
baseline,5606,5606,0,5606,79713.282,0.973,-0.001,0.006,-0.232,0,0,0,0,0,0,0,0,0,0.000,0,WARMING_UP,0,0,0.364,0.008,0.000,-0.188,0.313,0.004,-0.008,1.000,0.008,0.000,0.016,0.000,0.000,0.000,0.000,0,NULL,NULL,,0,0,0,7,255,0,250,0,0
baseline,5612,5612,0,5612,79718.283,0.973,-0.001,0.006,-0.232,0,0,0,0,0,0,0,0,0,0.000,0,WARMING_UP,0,0,0.395,0.004,0.000,-0.125,0.375,0.004,-0.008,1.000,0.004,0.000,-0.020,0.000,0.000,0.000,0.000,0,NULL,NULL,,0,0,0,7,255,0,250,0,0
baseline,5617,5617,0,5617,79723.283,0.973,-0.001,0.006,-0.232,0,0,0,0,0,0,0,0,0,0.000,0,WARMING_UP,0,0,0.545,0.009,-0.375,-0.125,0.375,0.004,-0.008,1.000,-0.004,0.008,-0.020,0.000,0.000,0.000,0.000,0,NULL,NULL,,0,0,0,7,255,0,250,0,0
baseline,5622,5622,0,5622,79728.283,0.973,-0.001,0.006,-0.232,0,0,0,0,0,0,0,0,0,0.000,0,WARMING_UP,0,0,0.504,0.009,-0.375,-0.125,0.313,0.004,-0.012,1.004,-0.004,0.008,-0.004,0.000,0.000,0.000,0.000,0,NULL,NULL,,0,0,0,7,255,0,250,0,0
baseline,5626,5626,0,5626,79733.282,0.973,-0.001,0.006,-0.232,0,0,0,0,0,0,0,0,0,0.000,0,WARMING_UP,0,0,0.359,0.020,-0.125,-0.125,0.313,0.004,-0.012,1.004,0.004,-0.020,0.012,0.000,0.000,0.000,0.000,0,NULL,NULL,,0,0,0,7,255,0,250,0,0
baseline,5632,5632,0,5632,79738.283,0.973,-0.001,0.006,-0.232,0,0,0,0,0,0,0,0,0,0.000,0,WARMING_UP,0,0,0.395,0.020,0.000,-0.125,0.375,0.004,-0.008,1.000,0.004,-0.020,0.012,0.000,0.000,0.000,0.000,0,NULL,NULL,,0,0,0,7,255,0,250,0,0
baseline,5636,5636,0,5636,79743.282,0.973,-0.001,0.006,-0.232,0,0,0,0,0,0,0,0,0,0.000,0,WARMING_UP,0,0,0.415,0.009,-0.125,-0.125,0.375,0.004,-0.008,1.000,0.004,0.008,-0.008,0.000,0.000,0.000,0.000,0,NULL,NULL,,0,0,0,7,255,0,250,0,0
baseline,5642,5642,0,5642,79748.283,0.973,-0.001,0.006,-0.232,0,0,0,0,0,0,0,0,0,0.000,0,WARMING_UP,0,0,0.545,0.009,-0.375,-0.125,0.375,0.004,-0.008,1.000,0.004,0.008,-0.008,0.000,0.000,0.000,0.000,0,NULL,NULL,,0,0,0,7,255,0,250,0,0
baseline,5647,5647,0,5647,79753.283,0.973,-0.001,0.006,-0.232,0,0,0,0,0,0,0,0,0,0.000,0,WARMING_UP,0,0,0.459,0.009,-0.313,-0.125,0.313,0.004,-0.012,1.004,0.004,0.008,0.000,0.000,0.000,0.000,0.000,0,NULL,NULL,,0,0,0,7,255,0,250,0,0
baseline,5652,5652,0,5652,79758.283,0.973,-0.001,0.006,-0.232,0,0,0,0,0,0,0,0,0,0.000,0,WARMING_UP,0,0,0.370,0.008,-0.063,-0.188,0.313,0.004,-0.012,1.000,0.000,-0.008,0.000,0.000,0.000,0.000,0.000,0,NULL,NULL,,0,0,0,7,255,0,250,0,0
baseline,5656,5656,0,5656,79763.282,0.973,-0.001,0.006,-0.232,0,0,0,0,0,0,0,0,0,0.000,0,WARMING_UP,0,0,0.395,0.009,0.000,-0.125,0.375,0.004,-0.008,1.000,-0.004,-0.008,-0.004,0.000,0.000,0.000,0.000,0,NULL,NULL,,0,0,0,7,255,0,250,0,0
baseline,5662,5662,0,5662,79768.283,0.973,-0.001,0.006,-0.232,0,0,0,0,0,0,0,0,0,0.000,0,WARMING_UP,0,0,0.468,0.006,-0.250,-0.125,0.375,0.004,-0.008,1.000,-0.004,0.004,-0.004,0.000,0.000,0.000,0.000,0,NULL,NULL,,0,0,0,7,255,0,250,0,0
baseline,5666,5666,0,5666,79773.282,0.973,-0.001,0.006,-0.232,0,0,0,0,0,0,0,0,0,0.000,0,WARMING_UP,0,0,0.405,0.006,-0.250,-0.063,0.313,0.004,-0.008,1.004,-0.004,0.004,0.000,0.000,0.000,0.000,0.000,0,NULL,NULL,,0,0,0,7,255,0,250,0,0
baseline,5672,5672,0,5672,79778.283,0.973,-0.001,0.006,-0.232,0,0,0,0,0,0,0,0,0,0.000,0,WARMING_UP,0,0,0.415,0.000,-0.125,-0.125,0.375,0.004,-0.012,1.000,0.000,0.000,0.000,0.000,0.000,0.000,0.000,0,NULL,NULL,,0,0,0,7,255,0,250,0,0
baseline,5677,5677,0,5677,79783.283,0.973,-0.001,0.006,-0.232,0,0,0,0,0,0,0,0,0,0.000,0,WARMING_UP,0,0,0.415,0.009,-0.125,-0.125,0.375,0.004,-0.012,1.000,0.004,-0.008,-0.004,0.000,0.000,0.000,0.000,0,NULL,NULL,,0,0,0,7,255,0,250,0,0
baseline,5682,5682,0,5682,79788.283,0.973,-0.001,0.006,-0.232,0,0,0,0,0,0,0,0,0,0.000,0,WARMING_UP,0,0,0.424,0.008,-0.188,-0.063,0.375,0.004,-0.008,1.000,0.000,-0.008,-0.008,0.000,0.000,0.000,0.000,0,NULL,NULL,,0,0,0,7,255,0,250,0,0
baseline,5686,5686,0,5686,79793.282,0.973,-0.001,0.006,-0.232,0,0,0,0,0,0,0,0,0,0.000,0,WARMING_UP,0,0,0.419,0.006,-0.250,-0.125,0.313,0.004,-0.008,1.004,-0.004,0.004,-0.008,0.000,0.000,0.000,0.000,0,NULL,NULL,,0,0,0,7,255,0,250,0,0
baseline,5692,5692,0,5692,79798.283,0.973,-0.001,0.006,-0.232,0,0,0,0,0,0,0,0,0,0.000,0,WARMING_UP,0,0,0.415,0.009,-0.125,-0.125,0.375,0.004,-0.012,1.004,-0.008,0.004,0.004,0.000,0.000,0.000,0.000,0,NULL,NULL,,0,0,0,7,255,0,250,0,0
baseline,5696,5696,0,5696,79803.282,0.973,-0.001,0.006,-0.232,0,0,0,0,0,0,0,0,0,0.000,0,WARMING_UP,0,0,0.438,0.006,-0.188,-0.125,0.375,0.004,-0.008,1.000,-0.004,-0.004,0.004,0.000,0.000,0.000,0.000,0,NULL,NULL,,0,0,0,7,255,0,250,0,0
baseline,5702,5702,0,5702,79808.283,0.973,-0.001,0.006,-0.232,0,0,0,0,0,0,0,0,0,0.000,0,WARMING_UP,0,0,0.415,0.009,-0.125,-0.125,0.375,0.004,-0.008,0.996,-0.008,-0.004,-0.020,0.000,0.000,0.000,0.000,0,NULL,NULL,,0,0,0,7,255,0,250,0,0
baseline,5706,5706,0,5706,79813.282,0.973,-0.001,0.006,-0.232,0,0,0,0,0,0,0,0,0,0.000,0,WARMING_UP,0,0,0.468,0.004,-0.250,-0.125,0.375,0.004,-0.008,1.004,-0.004,0.000,-0.020,0.000,0.000,0.000,0.000,0,NULL,NULL,,0,0,0,7,255,0,250,0,0
baseline,5712,5712,0,5712,79818.283,0.973,-0.001,0.006,-0.232,0,0,0,0,0,0,0,0,0,0.000,0,WARMING_UP,0,0,0.492,0.004,-0.313,-0.063,0.375,0.004,-0.012,1.000,-0.004,0.000,0.000,0.000,0.000,0.000,0.000,0,NULL,NULL,,0,0,0,7,255,0,250,0,0
baseline,5717,5717,0,5717,79823.283,0.973,-0.001,0.006,-0.232,0,0,0,0,0,0,0,0,0,0.000,0,WARMING_UP,0,0,0.459,0.012,-0.188,-0.188,0.375,0.004,-0.012,1.004,0.000,-0.012,0.020,0.000,0.000,0.000,0.000,0,NULL,NULL,,0,0,0,7,255,0,250,0,0
baseline,5722,5722,0,5722,79828.283,0.973,-0.001,0.006,-0.232,0,0,0,0,0,0,0,0,0,0.000,0,WARMING_UP,0,0,0.442,0.012,-0.188,-0.250,0.313,0.004,-0.012,1.000,0.004,-0.012,0.000,0.000,0.000,0.000,0.000,0,NULL,NULL,,0,0,0,7,255,0,250,0,0
baseline,5726,5726,0,5726,79833.282,0.973,-0.001,0.006,-0.232,0,0,0,0,0,0,0,0,0,0.000,0,WARMING_UP,0,0,0.400,0.012,-0.063,-0.125,0.375,0.004,-0.008,1.000,0.000,-0.012,-0.008,0.000,0.000,0.000,0.000,0,NULL,NULL,,0,0,0,7,255,0,250,0,0
baseline,5732,5732,0,5732,79838.283,0.973,-0.001,0.006,-0.232,0,0,0,0,0,0,0,0,0,0.000,0,WARMING_UP,0,0,0.424,0.008,-0.188,-0.063,0.375,0.004,-0.008,1.004,0.000,0.008,-0.008,0.000,0.000,0.000,0.000,0,NULL,NULL,,0,0,0,7,255,0,250,0,0
baseline,5736,5736,0,5736,79843.282,0.973,-0.001,0.006,-0.232,0,0,0,0,0,0,0,0,0,0.000,0,WARMING_UP,0,0,0.492,0.008,-0.375,-0.063,0.313,0.004,-0.008,1.004,0.000,0.008,0.004,0.000,0.000,0.000,0.000,0,NULL,NULL,,0,0,0,7,255,0,250,0,0
baseline,5742,5742,0,5742,79848.283,0.973,-0.001,0.006,-0.232,0,0,0,0,0,0,0,0,0,0.000,0,WARMING_UP,0,0,0.385,0.000,-0.188,-0.125,0.313,0.004,-0.012,1.000,0.000,0.000,0.004,0.000,0.000,0.000,0.000,0,NULL,NULL,,0,0,0,7,255,0,250,0,0
baseline,5747,5747,0,5747,79853.283,0.973,-0.001,0.006,-0.232,0,0,0,0,0,0,0,0,0,0.000,0,WARMING_UP,0,0,0.342,0.012,-0.063,-0.125,0.313,0.004,-0.012,1.000,0.004,-0.012,0.000,0.000,0.000,0.000,0.000,0,NULL,NULL,,0,0,0,7,255,0,250,0,0
baseline,5752,5752,0,5752,79858.283,0.973,-0.001,0.006,-0.232,0,0,0,0,0,0,0,0,0,0.000,0,WARMING_UP,0,0,0.438,0.012,-0.125,-0.188,0.375,0.004,-0.008,1.000,0.004,-0.012,-0.008,0.000,0.000,0.000,0.000,0,NULL,NULL,,0,0,0,7,255,0,250,0,0
baseline,5756,5756,0,5756,79863.282,0.973,-0.001,0.006,-0.232,0,0,0,0,0,0,0,0,0,0.000,0,WARMING_UP,0,0,0.455,0.011,-0.250,-0.063,0.375,0.008,-0.008,1.000,0.008,0.008,0.000,0.000,0.000,0.000,0.000,0,NULL,NULL,,0,0,0,7,255,0,250,0,0
baseline,5762,5762,0,5762,79868.283,0.973,-0.001,0.006,-0.232,0,0,0,0,0,0,0,0,0,0.000,0,WARMING_UP,0,0,0.480,0.009,-0.313,-0.188,0.313,0.004,-0.012,1.004,0.004,0.008,0.000,0.000,0.000,0.000,0.000,0,NULL,NULL,,0,0,0,7,255,0,250,0,0
baseline,5766,5766,0,5766,79873.282,0.973,-0.001,0.006,-0.232,0,0,0,0,0,0,0,0,0,0.000,0,WARMING_UP,0,0,0.459,0.006,-0.188,-0.188,0.375,0.004,-0.012,1.000,0.004,-0.004,0.000,0.000,0.000,0.000,0.000,0,NULL,NULL,,0,0,0,7,255,0,250,0,0
baseline,5772,5772,0,5772,79878.283,0.973,-0.001,0.006,-0.232,0,0,0,0,0,0,0,0,0,0.000,0,WARMING_UP,0,0,0.415,0.006,-0.125,-0.125,0.375,0.004,-0.008,1.000,0.004,-0.004,-0.012,0.000,0.000,0.000,0.000,0,NULL,NULL,,0,0,0,7,255,0,250,0,0
baseline,5777,5777,0,5777,79883.285,0.973,-0.001,0.006,-0.232,0,0,0,0,0,0,0,0,0,0.000,0,WARMING_UP,0,0,0.438,0.012,-0.188,-0.125,0.375,0.004,-0.008,1.000,0.000,0.012,-0.012,0.000,0.000,0.000,0.000,0,NULL,NULL,,0,0,0,7,255,0,250,0,0
baseline,5782,5782,0,5782,79888.283,0.973,-0.001,0.006,-0.232,0,0,0,0,0,0,0,0,0,0.000,0,WARMING_UP,0,0,0.504,0.012,-0.375,-0.125,0.313,0.004,-0.012,1.004,0.000,0.012,0.000,0.000,0.000,0.000,0.000,0,NULL,NULL,,0,0,0,7,255,0,250,0,0
baseline,5786,5786,0,5786,79893.282,0.973,-0.001,0.006,-0.232,0,0,0,0,0,0,0,0,0,0.000,0,WARMING_UP,0,0,0.438,0.000,-0.188,-0.125,0.375,0.004,-0.012,1.000,0.000,0.000,0.000,0.000,0.000,0.000,0.000,0,NULL,NULL,,0,0,0,7,255,0,250,0,0
baseline,5792,5792,0,5792,79898.283,0.973,-0.001,0.006,-0.232,0,0,0,0,0,0,0,0,0,0.000,0,WARMING_UP,0,0,0.400,0.006,-0.063,-0.125,0.375,0.004,-0.008,1.000,-0.004,-0.004,-0.004,0.000,0.000,0.000,0.000,0,NULL,NULL,,0,0,0,7,255,0,250,0,0
baseline,5796,5796,0,5796,79903.282,0.973,-0.001,0.006,-0.232,0,0,0,0,0,0,0,0,0,0.000,0,WARMING_UP,0,0,0.400,0.006,-0.063,-0.125,0.375,0.004,-0.008,1.000,-0.004,-0.004,-0.004,0.000,0.000,0.000,0.000,0,NULL,NULL,,0,0,0,7,255,0,250,0,0
baseline,5802,5802,0,5802,79908.283,0.973,-0.001,0.006,-0.232,0,0,0,0,0,0,0,0,0,0.000,0,WARMING_UP,0,0,0.459,0.004,-0.313,-0.125,0.313,0.004,-0.008,1.004,0.004,0.000,0.000,0.000,0.000,0.000,0.000,0,NULL,NULL,,0,0,0,7,255,0,250,0,0
baseline,5806,5806,0,5806,79913.282,0.973,-0.001,0.006,-0.232,0,0,0,0,0,0,0,0,0,0.000,0,WARMING_UP,0,0,0.504,0.004,-0.313,-0.125,0.375,0.004,-0.012,1.004,0.004,0.000,0.012,0.000,0.000,0.000,0.000,0,NULL,NULL,,0,0,0,7,255,0,250,0,0
baseline,5812,5812,0,5812,79918.283,0.973,-0.001,0.006,-0.232,0,0,0,0,0,0,0,0,0,0.000,0,WARMING_UP,0,0,0.400,0.016,-0.063,-0.125,0.375,0.004,-0.012,1.000,0.004,-0.016,0.012,0.000,0.000,0.000,0.000,0,NULL,NULL,,0,0,0,7,255,0,250,0,0
baseline,5817,5817,0,5817,79923.283,0.973,-0.001,0.006,-0.232,0,0,0,0,0,0,0,0,0,0.000,0,WARMING_UP,0,0,0.364,0.016,0.000,-0.188,0.313,0.004,-0.008,1.000,-0.004,-0.016,-0.020,0.000,0.000,0.000,0.000,0,NULL,NULL,,0,0,0,7,255,0,250,0,0
baseline,5822,5822,0,5822,79928.283,0.973,-0.001,0.006,-0.232,0,0,0,0,0,0,0,0,0,0.000,0,WARMING_UP,0,0,0.468,0.016,-0.250,-0.125,0.375,0.004,-0.008,1.000,-0.004,0.016,-0.020,0.000,0.000,0.000,0.000,0,NULL,NULL,,0,0,0,7,255,0,250,0,0
baseline,5827,5827,0,5827,79933.285,0.973,-0.001,0.006,-0.232,0,0,0,0,0,0,0,0,0,0.000,0,WARMING_UP,0,0,0.580,0.016,-0.438,-0.063,0.375,0.004,-0.012,1.004,0.004,0.016,0.000,0.000,0.000,0.000,0.000,0,NULL,NULL,,0,0,0,7,255,0,250,0,0
baseline,5832,5832,0,5832,79938.283,0.973,-0.001,0.006,-0.232,0,0,0,0,0,0,0,0,0,0.000,0,WARMING_UP,0,0,0.415,0.011,-0.125,-0.125,0.375,0.004,-0.012,1.004,0.008,-0.008,0.008,0.000,0.000,0.000,0.000,0,NULL,NULL,,0,0,0,7,255,0,250,0,0
baseline,5836,5836,0,5836,79943.282,0.973,-0.001,0.006,-0.232,0,0,0,0,0,0,0,0,0,0.000,0,WARMING_UP,0,0,0.424,0.011,0.063,-0.188,0.375,0.004,-0.008,1.000,0.008,-0.008,0.008,0.000,0.000,0.000,0.000,0,NULL,NULL,,0,0,0,7,255,0,250,0,0
baseline,5842,5842,0,5842,79948.283,0.973,-0.001,0.006,-0.232,0,0,0,0,0,0,0,0,0,0.000,0,WARMING_UP,0,0,0.438,0.004,-0.125,-0.188,0.375,0.004,-0.008,1.000,0.004,0.000,-0.008,0.000,0.000,0.000,0.000,0,NULL,NULL,,0,0,0,7,255,0,250,0,0
baseline,5846,5846,0,5846,79953.282,0.973,-0.001,0.006,-0.232,0,0,0,0,0,0,0,0,0,0.000,0,WARMING_UP,0,0,0.492,0.009,-0.375,-0.063,0.313,0.004,-0.008,1.004,0.004,0.008,-0.008,0.000,0.000,0.000,0.000,0,NULL,NULL,,0,0,0,7,255,0,250,0,0
baseline,5852,5852,0,5852,79958.283,0.973,-0.001,0.006,-0.232,0,0,0,0,0,0,0,0,0,0.000,0,WARMING_UP,0,0,0.504,0.009,-0.313,-0.125,0.375,0.004,-0.012,1.004,0.004,0.008,0.012,0.000,0.000,0.000,0.000,0,NULL,NULL,,0,0,0,7,255,0,250,0,0
baseline,5856,5856,0,5856,79963.282,0.973,-0.001,0.006,-0.232,0,0,0,0,0,0,0,0,0,0.000,0,WARMING_UP,0,0,0.415,0.004,-0.125,-0.125,0.375,0.004,-0.008,1.000,0.000,-0.004,0.012,0.000,0.000,0.000,0.000,0,NULL,NULL,,0,0,0,7,255,0,250,0,0
baseline,5862,5862,0,5862,79968.283,0.973,-0.001,0.006,-0.232,0,0,0,0,0,0,0,0,0,0.000,0,WARMING_UP,0,0,0.424,0.012,-0.063,-0.188,0.375,0.004,-0.008,1.000,0.012,-0.004,-0.004,0.000,0.000,0.000,0.000,0,NULL,NULL,,0,0,0,7,255,0,250,0,0
baseline,5867,5867,0,5867,79973.283,0.973,-0.001,0.006,-0.232,0,0,0,0,0,0,0,0,0,0.000,0,WARMING_UP,0,0,0.468,0.004,-0.250,-0.125,0.375,0.004,-0.008,1.000,0.000,0.004,-0.004,0.000,0.000,0.000,0.000,0,NULL,NULL,,0,0,0,7,255,0,250,0,0
baseline,5871,5871,0,5871,79978.282,0.973,-0.001,0.006,-0.232,0,0,0,0,0,0,0,0,0,0.000,0,WARMING_UP,0,0,0.492,0.004,-0.313,-0.063,0.375,0.004,-0.008,1.004,0.000,0.004,-0.004,0.000,0.000,0.000,0.000,0,NULL,NULL,,0,0,0,7,255,0,250,0,0
baseline,5877,5877,0,5877,79983.286,0.973,-0.001,0.006,-0.232,0,0,0,0,0,0,0,0,0,0.000,0,WARMING_UP,0,0,0.438,0.004,-0.188,-0.125,0.375,0.004,-0.012,1.004,0.000,0.004,0.004,0.000,0.000,0.000,0.000,0,NULL,NULL,,0,0,0,7,255,0,250,0,0
baseline,5882,5882,0,5882,79988.283,0.973,-0.001,0.006,-0.232,0,0,0,0,0,0,0,0,0,0.000,0,WARMING_UP,0,0,0.400,0.006,-0.063,-0.125,0.375,0.004,-0.012,1.000,0.004,-0.004,0.004,0.000,0.000,0.000,0.000,0,NULL,NULL,,0,0,0,7,255,0,250,0,0
baseline,5886,5886,0,5886,79993.282,0.973,-0.001,0.006,-0.232,0,0,0,0,0,0,0,0,0,0.000,0,WARMING_UP,0,0,0.459,0.006,-0.188,-0.188,0.375,0.004,-0.008,1.000,0.004,-0.004,-0.004,0.000,0.000,0.000,0.000,0,NULL,NULL,,0,0,0,7,255,0,250,0,0
baseline,5892,5892,0,5892,79998.283,0.973,-0.001,0.006,-0.233,0,0,0,0,0,0,0,0,0,0.000,0,WARMING_UP,0,0,0.468,0.006,-0.250,-0.125,0.375,0.004,-0.012,1.004,0.004,-0.004,-0.004,0.000,0.000,0.000,0.000,0,NULL,NULL,,0,0,0,7,255,0,250,0,0
baseline,5896,5896,0,5896,80003.282,0.973,-0.001,0.006,-0.233,0,0,0,0,0,0,0,0,0,0.000,0,WARMING_UP,0,0,0.488,0.004,-0.250,-0.188,0.375,0.004,-0.012,1.004,0.000,-0.004,0.012,0.000,0.000,0.000,0.000,0,NULL,NULL,,0,0,0,7,255,0,250,0,0
baseline,5902,5902,0,5902,80008.283,0.973,-0.001,0.006,-0.233,0,0,0,0,0,0,0,0,0,0.000,0,WARMING_UP,0,0,0.438,0.004,-0.188,-0.125,0.375,0.004,-0.008,1.000,0.000,-0.004,0.012,0.000,0.000,0.000,0.000,0,NULL,NULL,,0,0,0,7,255,0,250,0,0
baseline,5906,5906,0,5906,80013.282,0.973,-0.001,0.006,-0.233,0,0,0,0,0,0,0,0,0,0.000,0,WARMING_UP,0,0,0.459,0.004,-0.188,-0.188,0.375,0.004,-0.008,1.000,0.000,0.004,-0.008,0.000,0.000,0.000,0.000,0,NULL,NULL,,0,0,0,7,255,0,250,0,0
baseline,5912,5912,0,5912,80018.283,0.973,-0.001,0.006,-0.233,0,0,0,0,0,0,0,0,0,0.000,0,WARMING_UP,0,0,0.468,0.004,-0.250,-0.125,0.375,0.004,-0.008,1.000,0.000,0.004,-0.008,0.000,0.000,0.000,0.000,0,NULL,NULL,,0,0,0,7,255,0,250,0,0
baseline,5917,5917,0,5917,80023.283,0.973,-0.001,0.006,-0.233,0,0,0,0,0,0,0,0,0,0.000,0,WARMING_UP,0,0,0.504,0.004,-0.313,-0.125,0.375,0.004,-0.012,1.004,0.000,0.004,-0.008,0.000,0.000,0.000,0.000,0,NULL,NULL,,0,0,0,7,255,0,250,0,0
baseline,5922,5922,0,5922,80028.283,0.973,-0.001,0.006,-0.233,0,0,0,0,0,0,0,0,0,0.000,0,WARMING_UP,0,0,0.468,0.006,-0.250,-0.125,0.375,0.004,-0.012,1.004,-0.004,-0.004,0.004,0.000,0.000,0.000,0.000,0,NULL,NULL,,0,0,0,7,255,0,250,0,0
baseline,5926,5926,0,5926,80033.282,0.973,-0.001,0.006,-0.233,0,0,0,0,0,0,0,0,0,0.000,0,WARMING_UP,0,0,0.410,0.006,-0.188,-0.188,0.313,0.004,-0.008,1.000,0.004,-0.004,0.004,0.000,0.000,0.000,0.000,0,NULL,NULL,,0,0,0,7,255,0,250,0,0
baseline,5932,5932,0,5932,80038.283,0.973,-0.001,0.006,-0.233,0,0,0,0,0,0,0,0,0,0.000,0,WARMING_UP,0,0,0.415,0.006,-0.125,-0.125,0.375,0.004,-0.008,1.000,-0.004,0.004,0.000,0.000,0.000,0.000,0.000,0,NULL,NULL,,0,0,0,7,255,0,250,0,0
baseline,5936,5936,0,5936,80043.282,0.973,-0.001,0.006,-0.233,0,0,0,0,0,0,0,0,0,0.000,0,WARMING_UP,0,0,0.438,0.009,-0.188,-0.125,0.375,0.004,-0.008,1.004,0.004,0.008,0.000,0.000,0.000,0.000,0.000,0,NULL,NULL,,0,0,0,7,255,0,250,0,0
baseline,5942,5942,0,5942,80048.283,0.973,-0.001,0.006,-0.233,0,0,0,0,0,0,0,0,0,0.000,0,WARMING_UP,0,0,0.504,0.009,-0.313,-0.125,0.375,0.004,-0.012,1.004,0.004,0.008,0.016,0.000,0.000,0.000,0.000,0,NULL,NULL,,0,0,0,7,255,0,250,0,0
baseline,5947,5947,0,5947,80053.283,0.973,-0.001,0.006,-0.233,0,0,0,0,0,0,0,0,0,0.000,0,WARMING_UP,0,0,0.468,0.011,-0.250,-0.125,0.375,0.004,-0.012,1.000,0.008,-0.008,0.016,0.000,0.000,0.000,0.000,0,NULL,NULL,,0,0,0,7,255,0,250,0,0
baseline,5952,5952,0,5952,80058.283,0.973,-0.001,0.006,-0.233,0,0,0,0,0,0,0,0,0,0.000,0,WARMING_UP,0,0,0.415,0.011,-0.125,-0.125,0.375,0.004,-0.012,1.000,0.008,-0.008,-0.004,0.000,0.000,0.000,0.000,0,NULL,NULL,,0,0,0,7,255,0,250,0,0
baseline,5956,5956,0,5956,80063.282,0.973,-0.001,0.006,-0.233,0,0,0,0,0,0,0,0,0,0.000,0,WARMING_UP,0,0,0.415,0.011,-0.125,-0.125,0.375,0.004,-0.008,1.000,0.008,-0.008,-0.012,0.000,0.000,0.000,0.000,0,NULL,NULL,,0,0,0,7,255,0,250,0,0
baseline,5962,5962,0,5962,80068.283,0.973,-0.001,0.006,-0.233,0,0,0,0,0,0,0,0,0,0.000,0,WARMING_UP,0,0,0.504,0.006,-0.313,-0.125,0.375,0.004,-0.008,1.004,-0.004,0.004,-0.012,0.000,0.000,0.000,0.000,0,NULL,NULL,,0,0,0,7,255,0,250,0,0
baseline,5966,5966,0,5966,80073.282,0.973,-0.001,0.006,-0.233,0,0,0,0,0,0,0,0,0,0.000,0,WARMING_UP,0,0,0.446,0.006,-0.313,-0.063,0.313,0.004,-0.008,1.004,-0.004,0.004,0.004,0.000,0.000,0.000,0.000,0,NULL,NULL,,0,0,0,7,255,0,250,0,0
baseline,5972,5972,0,5972,80078.283,0.973,-0.001,0.006,-0.233,0,0,0,0,0,0,0,0,0,0.000,0,WARMING_UP,0,0,0.415,0.004,-0.125,-0.125,0.375,0.004,-0.012,1.000,-0.004,0.000,0.004,0.000,0.000,0.000,0.000,0,NULL,NULL,,0,0,0,7,255,0,250,0,0
baseline,5976,5976,0,5976,80083.282,0.973,-0.001,0.006,-0.233,0,0,0,0,0,0,0,0,0,0.000,0,WARMING_UP,0,0,0.400,0.004,-0.063,-0.125,0.375,0.004,-0.008,1.000,-0.004,0.000,-0.004,0.000,0.000,0.000,0.000,0,NULL,NULL,,0,0,0,7,255,0,250,0,0
baseline,5982,5982,0,5982,80088.283,0.973,-0.001,0.006,-0.233,0,0,0,0,0,0,0,0,0,0.000,0,WARMING_UP,0,0,0.385,0.009,-0.188,-0.125,0.313,0.004,-0.008,1.000,-0.004,0.008,-0.008,0.000,0.000,0.000,0.000,0,NULL,NULL,,0,0,0,7,255,0,250,0,0
baseline,5986,5986,0,5986,80093.282,0.973,-0.001,0.006,-0.233,0,0,0,0,0,0,0,0,0,0.000,0,WARMING_UP,0,0,0.523,0.012,-0.313,-0.188,0.375,0.004,-0.008,1.004,0.000,0.012,-0.008,0.000,0.000,0.000,0.000,0,NULL,NULL,,0,0,0,7,255,0,250,0,0
baseline,5992,5992,0,5992,80098.283,0.973,-0.001,0.006,-0.233,0,0,0,0,0,0,0,0,0,0.000,0,WARMING_UP,0,0,0.468,0.012,-0.250,-0.125,0.375,0.004,-0.012,1.004,0.000,0.012,0.004,0.000,0.000,0.000,0.000,0,NULL,NULL,,0,0,0,7,255,0,250,0,0
baseline,5996,5996,0,5996,80103.282,0.973,-0.001,0.006,-0.233,0,0,0,0,0,0,0,0,0,0.000,0,WARMING_UP,0,0,0.337,0.006,0.000,-0.125,0.313,0.004,-0.012,1.000,0.004,-0.004,0.004,0.000,0.000,0.000,0.000,0,NULL,NULL,,0,0,0,7,255,0,250,0,0
baseline,6002,6002,0,6002,80108.283,0.972,-0.001,0.006,-0.233,0,0,0,0,0,0,0,0,0,0.000,0,WARMING_UP,0,0,0.359,0.006,-0.125,-0.125,0.313,0.004,-0.008,1.000,0.004,-0.004,-0.008,0.000,0.000,0.000,0.000,0,NULL,NULL,,0,0,0,7,255,0,250,0,0
baseline,6006,6006,0,6006,80113.282,0.972,-0.001,0.006,-0.233,0,0,0,0,0,0,0,0,0,0.000,0,WARMING_UP,0,0,0.504,0.016,-0.313,-0.125,0.375,0.004,-0.008,1.004,0.000,0.016,-0.008,0.000,0.000,0.000,0.000,0,NULL,NULL,,0,0,0,7,255,0,250,0,0
baseline,6012,6012,0,6012,80118.283,0.972,-0.001,0.006,-0.233,0,0,0,0,0,0,0,0,0,0.000,0,WARMING_UP,0,0,0.459,0.016,-0.313,-0.125,0.313,0.004,-0.012,1.004,0.000,0.016,0.004,0.000,0.000,0.000,0.000,0,NULL,NULL,,0,0,0,7,255,0,250,0,0
baseline,6017,6017,0,6017,80123.283,0.972,-0.001,0.006,-0.233,0,0,0,0,0,0,0,0,0,0.000,0,WARMING_UP,0,0,0.400,0.004,-0.063,-0.125,0.375,0.000,-0.012,1.004,0.000,-0.004,0.004,0.000,0.000,0.000,0.000,0,NULL,NULL,,0,0,0,7,255,0,250,0,0
baseline,6022,6022,0,6022,80128.283,0.972,-0.001,0.006,-0.233,0,0,0,0,0,0,0,0,0,0.000,0,WARMING_UP,0,0,0.342,0.004,-0.063,-0.125,0.313,0.004,-0.008,1.000,0.000,-0.004,0.004,0.000,0.000,0.000,0.000,0,NULL,NULL,,0,0,0,7,255,0,250,0,0
baseline,6026,6026,0,6026,80133.282,0.972,-0.001,0.006,-0.233,0,0,0,0,0,0,0,0,0,0.000,0,WARMING_UP,0,0,0.424,0.012,-0.188,-0.063,0.375,0.004,-0.008,1.000,-0.004,0.012,-0.004,0.000,0.000,0.000,0.000,0,NULL,NULL,,0,0,0,7,255,0,250,0,0
baseline,6032,6032,0,6032,80138.283,0.972,-0.001,0.006,-0.233,0,0,0,0,0,0,0,0,0,0.000,0,WARMING_UP,0,0,0.545,0.012,-0.375,-0.125,0.375,0.004,-0.008,1.004,-0.004,0.012,-0.004,0.000,0.000,0.000,0.000,0,NULL,NULL,,0,0,0,7,255,0,250,0,0
baseline,6037,6037,0,6037,80143.283,0.972,-0.001,0.006,-0.233,0,0,0,0,0,0,0,0,0,0.000,0,WARMING_UP,0,0,0.438,0.004,-0.188,-0.125,0.375,0.004,-0.012,1.004,-0.004,0.000,0.016,0.000,0.000,0.000,0.000,0,NULL,NULL,,0,0,0,7,255,0,250,0,0
baseline,6042,6042,0,6042,80148.311,0.972,-0.001,0.006,-0.233,0,0,0,0,0,0,0,0,0,0.000,0,WARMING_UP,0,0,0.419,0.006,0.000,-0.188,0.375,0.004,-0.008,1.000,-0.004,-0.004,0.016,0.000,0.000,0.000,0.000,0,NULL,NULL,,0,0,0,7,255,0,250,0,0
baseline,6047,6047,0,6047,80153.283,0.972,-0.001,0.006,-0.233,0,0,0,0,0,0,0,0,0,0.000,0,WARMING_UP,0,0,0.359,0.006,-0.125,-0.125,0.313,0.004,-0.008,1.000,-0.004,-0.004,-0.004,0.000,0.000,0.000,0.000,0,NULL,NULL,,0,0,0,7,255,0,250,0,0
baseline,6052,6052,0,6052,80158.283,0.972,-0.001,0.006,-0.233,0,0,0,0,0,0,0,0,0,0.000,0,WARMING_UP,0,0,0.446,0.009,-0.313,-0.063,0.313,0.004,-0.008,1.004,-0.004,0.008,-0.004,0.000,0.000,0.000,0.000,0,NULL,NULL,,0,0,0,7,255,0,250,0,0
baseline,6056,6056,0,6056,80163.282,0.972,-0.001,0.006,-0.233,0,0,0,0,0,0,0,0,0,0.000,0,WARMING_UP,0,0,0.419,0.009,-0.250,-0.125,0.313,0.004,-0.012,1.004,-0.004,0.008,0.012,0.000,0.000,0.000,0.000,0,NULL,NULL,,0,0,0,7,255,0,250,0,0
baseline,6062,6062,0,6062,80168.283,0.972,-0.001,0.006,-0.233,0,0,0,0,0,0,0,0,0,0.000,0,WARMING_UP,0,0,0.424,0.023,-0.063,-0.188,0.375,0.004,-0.012,1.000,0.000,-0.023,0.012,0.000,0.000,0.000,0.000,0,NULL,NULL,,0,0,0,7,255,0,250,0,0
baseline,6066,6066,0,6066,80173.282,0.972,-0.001,0.006,-0.233,0,0,0,0,0,0,0,0,0,0.000,0,WARMING_UP,0,0,0.419,0.023,0.000,-0.188,0.375,0.004,-0.008,1.000,0.000,-0.023,-0.008,0.000,0.000,0.000,0.000,0,NULL,NULL,,0,0,0,7,255,0,250,0,0
baseline,6072,6072,0,6072,80178.283,0.972,-0.001,0.006,-0.233,0,0,0,0,0,0,0,0,0,0.000,0,WARMING_UP,0,0,0.459,0.017,-0.313,-0.125,0.313,0.004,-0.008,1.004,-0.008,0.016,-0.008,0.000,0.000,0.000,0.000,0,NULL,NULL,,0,0,0,7,255,0,250,0,0
baseline,6077,6077,0,6077,80183.285,0.972,-0.001,0.006,-0.233,0,0,0,0,0,0,0,0,0,0.000,0,WARMING_UP,0,0,0.492,0.017,-0.313,-0.063,0.375,0.004,-0.008,1.004,-0.008,0.016,0.004,0.000,0.000,0.000,0.000,0,NULL,NULL,,0,0,0,7,255,0,250,0,0
baseline,6082,6082,0,6082,80188.283,0.972,-0.001,0.006,-0.233,0,0,0,0,0,0,0,0,0,0.000,0,WARMING_UP,0,0,0.438,0.004,-0.188,-0.125,0.375,0.004,-0.012,1.004,-0.004,0.000,0.012,0.000,0.000,0.000,0.000,0,NULL,NULL,,0,0,0,7,255,0,250,0,0
baseline,6086,6086,0,6086,80193.282,0.972,-0.001,0.006,-0.233,0,0,0,0,0,0,0,0,0,0.000,0,WARMING_UP,0,0,0.342,0.000,-0.063,-0.125,0.313,0.004,-0.008,1.000,0.000,0.000,0.012,0.000,0.000,0.000,0.000,0,NULL,NULL,,0,0,0,7,255,0,250,0,0
baseline,6092,6092,0,6092,80198.283,0.972,-0.001,0.006,-0.233,0,0,0,0,0,0,0,0,0,0.000,0,WARMING_UP,0,0,0.410,0.000,-0.188,-0.188,0.313,0.004,-0.008,1.000,0.000,0.000,-0.016,0.000,0.000,0.000,0.000,0,NULL,NULL,,0,0,0,7,255,0,250,0,0
baseline,6096,6096,0,6096,80203.282,0.972,-0.001,0.006,-0.233,0,0,0,0,0,0,0,0,0,0.000,0,WARMING_UP,0,0,0.405,0.004,-0.250,-0.063,0.313,0.004,-0.008,1.004,0.000,0.004,-0.016,0.000,0.000,0.000,0.000,0,NULL,NULL,,0,0,0,7,255,0,250,0,0
baseline,6102,6102,0,6102,80208.283,0.972,-0.001,0.006,-0.233,0,0,0,0,0,0,0,0,0,0.000,0,WARMING_UP,0,0,0.468,0.006,-0.250,-0.125,0.375,0.004,-0.012,1.004,-0.004,0.004,0.012,0.000,0.000,0.000,0.000,0,NULL,NULL,,0,0,0,7,255,0,250,0,0
baseline,6106,6106,0,6106,80213.282,0.972,-0.001,0.006,-0.233,0,0,0,0,0,0,0,0,0,0.000,0,WARMING_UP,0,0,0.385,0.008,-0.125,-0.188,0.313,0.004,-0.012,1.000,0.000,-0.008,0.012,0.000,0.000,0.000,0.000,0,NULL,NULL,,0,0,0,7,255,0,250,0,0
baseline,6112,6112,0,6112,80218.283,0.972,-0.001,0.006,-0.233,0,0,0,0,0,0,0,0,0,0.000,0,WARMING_UP,0,0,0.415,0.008,-0.125,-0.125,0.375,0.004,-0.008,1.000,0.000,-0.008,0.000,0.000,0.000,0.000,0.000,0,NULL,NULL,,0,0,0,7,255,0,250,0,0
baseline,6117,6117,0,6117,80223.283,0.972,-0.001,0.006,-0.233,0,0,0,0,0,0,0,0,0,0.000,0,WARMING_UP,0,0,0.468,0.004,-0.250,-0.125,0.375,0.004,-0.008,1.000,0.000,0.004,-0.004,0.000,0.000,0.000,0.000,0,NULL,NULL,,0,0,0,7,255,0,250,0,0
baseline,6122,6122,0,6122,80228.283,0.972,-0.001,0.006,-0.233,0,0,0,0,0,0,0,0,0,0.000,0,WARMING_UP,0,0,0.424,0.008,-0.188,-0.063,0.375,0.004,-0.008,1.004,0.000,0.008,-0.004,0.000,0.000,0.000,0.000,0,NULL,NULL,,0,0,0,7,255,0,250,0,0
baseline,6127,6127,0,6127,80233.285,0.972,-0.001,0.006,-0.233,0,0,0,0,0,0,0,0,0,0.000,0,WARMING_UP,0,0,0.419,0.008,-0.250,-0.125,0.313,0.004,-0.012,1.004,0.000,0.008,0.004,0.000,0.000,0.000,0.000,0,NULL,NULL,,0,0,0,7,255,0,250,0,0
baseline,6132,6132,0,6132,80238.283,0.972,-0.001,0.006,-0.233,0,0,0,0,0,0,0,0,0,0.000,0,WARMING_UP,0,0,0.438,0.009,-0.125,-0.188,0.375,0.004,-0.012,1.000,-0.004,-0.008,0.004,0.000,0.000,0.000,0.000,0,NULL,NULL,,0,0,0,7,255,0,250,0,0
baseline,6136,6136,0,6136,80243.282,0.972,-0.001,0.006,-0.233,0,0,0,0,0,0,0,0,0,0.000,0,WARMING_UP,0,0,0.438,0.011,-0.125,-0.188,0.375,0.004,-0.012,1.000,0.008,-0.008,-0.004,0.000,0.000,0.000,0.000,0,NULL,NULL,,0,0,0,7,255,0,250,0,0
baseline,6142,6142,0,6142,80248.283,0.972,-0.001,0.006,-0.233,0,0,0,0,0,0,0,0,0,0.000,0,WARMING_UP,0,0,0.419,0.004,-0.250,-0.125,0.313,0.004,-0.008,1.004,0.004,0.000,-0.004,0.000,0.000,0.000,0.000,0,NULL,NULL,,0,0,0,7,255,0,250,0,0
baseline,6146,6146,0,6146,80253.282,0.972,-0.001,0.006,-0.233,0,0,0,0,0,0,0,0,0,0.000,0,WARMING_UP,0,0,0.419,0.004,-0.250,-0.125,0.313,0.004,-0.012,1.004,0.004,0.000,0.004,0.000,0.000,0.000,0.000,0,NULL,NULL,,0,0,0,7,255,0,250,0,0
baseline,6152,6152,0,6152,80258.283,0.972,-0.001,0.006,-0.233,0,0,0,0,0,0,0,0,0,0.000,0,WARMING_UP,0,0,0.488,0.004,-0.250,-0.188,0.375,0.004,-0.012,1.004,0.000,-0.004,0.004,0.000,0.000,0.000,0.000,0,NULL,NULL,,0,0,0,7,255,0,250,0,0
baseline,6156,6156,0,6156,80263.282,0.972,-0.001,0.006,-0.233,0,0,0,0,0,0,0,0,0,0.000,0,WARMING_UP,0,0,0.342,0.004,-0.063,-0.125,0.313,0.008,-0.008,1.000,0.000,-0.004,0.004,0.000,0.000,0.000,0.000,0,NULL,NULL,,0,0,0,7,255,0,250,0,0
baseline,6162,6162,0,6162,80268.283,0.972,-0.001,0.006,-0.233,0,0,0,0,0,0,0,0,0,0.000,0,WARMING_UP,0,0,0.415,0.012,-0.125,-0.125,0.375,0.004,-0.008,1.000,0.000,0.012,-0.008,0.000,0.000,0.000,0.000,0,NULL,NULL,,0,0,0,7,255,0,250,0,0
baseline,6167,6167,0,6167,80273.283,0.972,-0.001,0.006,-0.233,0,0,0,0,0,0,0,0,0,0.000,0,WARMING_UP,0,0,0.468,0.014,-0.250,-0.125,0.375,0.004,-0.008,1.000,-0.008,0.012,-0.008,0.000,0.000,0.000,0.000,0,NULL,NULL,,0,0,0,7,255,0,250,0,0
baseline,6171,6171,0,6171,80278.282,0.972,-0.001,0.006,-0.233,0,0,0,0,0,0,0,0,0,0.000,0,WARMING_UP,0,0,0.405,0.011,-0.250,-0.063,0.313,0.004,-0.012,1.004,-0.008,0.008,0.000,0.000,0.000,0.000,0.000,0,NULL,NULL,,0,0,0,7,255,0,250,0,0
baseline,6177,6177,0,6177,80283.285,0.972,-0.001,0.006,-0.233,0,0,0,0,0,0,0,0,0,0.000,0,WARMING_UP,0,0,0.385,0.009,-0.188,-0.125,0.313,0.004,-0.012,1.000,0.004,-0.008,0.000,0.000,0.000,0.000,0.000,0,NULL,NULL,,0,0,0,7,255,0,250,0,0
baseline,6182,6182,0,6182,80288.283,0.972,-0.001,0.006,-0.233,0,0,0,0,0,0,0,0,0,0.000,0,WARMING_UP,0,0,0.424,0.009,-0.063,-0.188,0.375,0.004,-0.008,1.000,0.004,-0.008,0.000,0.000,0.000,0.000,0.000,0,NULL,NULL,,0,0,0,7,255,0,250,0,0
baseline,6186,6186,0,6186,80293.282,0.972,-0.001,0.006,-0.233,0,0,0,0,0,0,0,0,0,0.000,0,WARMING_UP,0,0,0.438,0.006,-0.188,-0.125,0.375,0.004,-0.008,1.000,-0.004,0.004,0.000,0.000,0.000,0.000,0.000,0,NULL,NULL,,0,0,0,7,255,0,250,0,0
baseline,6192,6192,0,6192,80298.283,0.972,-0.001,0.006,-0.233,0,0,0,0,0,0,0,0,0,0.000,0,WARMING_UP,0,0,0.504,0.006,-0.313,-0.125,0.375,0.004,-0.008,1.004,-0.004,0.004,0.000,0.000,0.000,0.000,0.000,0,NULL,NULL,,0,0,0,7,255,0,250,0,0
baseline,6196,6196,0,6196,80303.282,0.972,-0.001,0.006,-0.233,0,0,0,0,0,0,0,0,0,0.000,0,WARMING_UP,0,0,0.442,0.006,-0.250,-0.188,0.313,0.004,-0.012,1.000,-0.004,-0.004,0.000,0.000,0.000,0.000,0.000,0,NULL,NULL,,0,0,0,7,255,0,250,0,0
baseline,6202,6202,0,6202,80308.283,0.972,-0.001,0.006,-0.233,0,0,0,0,0,0,0,0,0,0.000,0,WARMING_UP,0,0,0.359,0.006,-0.125,-0.125,0.313,0.004,-0.008,1.000,0.004,-0.004,-0.004,0.000,0.000,0.000,0.000,0,NULL,NULL,,0,0,0,7,255,0,250,0,0
baseline,6206,6206,0,6206,80313.282,0.972,-0.001,0.006,-0.233,0,0,0,0,0,0,0,0,0,0.000,0,WARMING_UP,0,0,0.385,0.006,-0.063,-0.063,0.375,0.004,-0.008,1.000,0.004,0.004,-0.004,0.000,0.000,0.000,0.000,0,NULL,NULL,,0,0,0,7,255,0,250,0,0
baseline,6212,6212,0,6212,80318.283,0.972,-0.001,0.006,-0.233,0,0,0,0,0,0,0,0,0,0.000,0,WARMING_UP,0,0,0.459,0.009,-0.313,-0.125,0.313,0.004,-0.008,1.004,0.004,0.008,-0.004,0.000,0.000,0.000,0.000,0,NULL,NULL,,0,0,0,7,255,0,250,0,0
baseline,6217,6217,0,6217,80323.283,0.972,-0.001,0.006,-0.233,0,0,0,0,0,0,0,0,0,0.000,0,WARMING_UP,0,0,0.504,0.008,-0.313,-0.125,0.375,0.004,-0.008,1.004,0.000,0.008,0.004,0.000,0.000,0.000,0.000,0,NULL,NULL,,0,0,0,7,255,0,250,0,0
baseline,6222,6222,0,6222,80328.283,0.972,-0.001,0.006,-0.233,0,0,0,0,0,0,0,0,0,0.000,0,WARMING_UP,0,0,0.415,0.000,-0.125,-0.125,0.375,0.004,-0.012,1.000,0.000,0.000,0.004,0.000,0.000,0.000,0.000,0,NULL,NULL,,0,0,0,7,255,0,250,0,0
baseline,6226,6226,0,6226,80333.282,0.972,-0.001,0.006,-0.233,0,0,0,0,0,0,0,0,0,0.000,0,WARMING_UP,0,0,0.395,0.000,0.000,-0.125,0.375,0.004,-0.008,1.000,0.000,0.000,-0.004,0.000,0.000,0.000,0.000,0,NULL,NULL,,0,0,0,7,255,0,250,0,0
baseline,6232,6232,0,6232,80338.283,0.972,-0.001,0.006,-0.233,0,0,0,0,0,0,0,0,0,0.000,0,WARMING_UP,0,0,0.468,0.004,-0.250,-0.125,0.375,0.004,-0.008,1.000,0.000,0.004,-0.004,0.000,0.000,0.000,0.000,0,NULL,NULL,,0,0,0,7,255,0,250,0,0
baseline,6236,6236,0,6236,80343.282,0.972,-0.001,0.006,-0.233,0,0,0,0,0,0,0,0,0,0.000,0,WARMING_UP,0,0,0.545,0.020,-0.375,-0.125,0.375,0.004,-0.008,1.004,-0.004,0.020,0.000,0.000,0.000,0.000,0.000,0,NULL,NULL,,0,0,0,7,255,0,250,0,0
baseline,6242,6242,0,6242,80348.283,0.972,-0.001,0.006,-0.233,0,0,0,0,0,0,0,0,0,0.000,0,WARMING_UP,0,0,0.468,0.020,-0.250,-0.125,0.375,0.004,-0.012,1.004,-0.004,0.020,0.004,0.000,0.000,0.000,0.000,0,NULL,NULL,,0,0,0,7,255,0,250,0,0
baseline,6247,6247,0,6247,80353.283,0.972,-0.001,0.006,-0.233,0,0,0,0,0,0,0,0,0,0.000,0,WARMING_UP,0,0,0.370,0.006,-0.063,-0.188,0.313,0.004,-0.012,1.000,-0.004,-0.004,0.004,0.000,0.000,0.000,0.000,0,NULL,NULL,,0,0,0,7,255,0,250,0,0
baseline,6252,6252,0,6252,80358.283,0.972,-0.001,0.006,-0.234,0,0,0,0,0,0,0,0,0,0.000,0,WARMING_UP,0,0,0.342,0.004,-0.125,-0.063,0.313,0.004,-0.008,1.000,0.000,-0.004,-0.008,0.000,0.000,0.000,0.000,0,NULL,NULL,,0,0,0,7,255,0,250,0,0
baseline,6256,6256,0,6256,80363.282,0.972,-0.001,0.006,-0.234,0,0,0,0,0,0,0,0,0,0.000,0,WARMING_UP,0,0,0.459,0.012,-0.313,-0.125,0.313,0.004,-0.008,1.004,0.000,0.012,-0.008,0.000,0.000,0.000,0.000,0,NULL,NULL,,0,0,0,7,255,0,250,0,0
baseline,6262,6262,0,6262,80368.283,0.972,-0.001,0.006,-0.234,0,0,0,0,0,0,0,0,0,0.000,0,WARMING_UP,0,0,0.545,0.012,-0.375,-0.125,0.375,0.004,-0.008,1.004,-0.004,0.012,0.012,0.000,0.000,0.000,0.000,0,NULL,NULL,,0,0,0,7,255,0,250,0,0
baseline,6266,6266,0,6266,80373.282,0.972,-0.001,0.006,-0.234,0,0,0,0,0,0,0,0,0,0.000,0,WARMING_UP,0,0,0.359,0.006,-0.125,-0.125,0.313,0.004,-0.012,1.000,-0.004,-0.004,0.012,0.000,0.000,0.000,0.000,0,NULL,NULL,,0,0,0,7,255,0,250,0,0
baseline,6272,6272,0,6272,80378.283,0.972,-0.001,0.006,-0.234,0,0,0,0,0,0,0,0,0,0.000,0,WARMING_UP,0,0,0.370,0.006,-0.063,-0.188,0.313,0.004,-0.008,1.000,-0.004,-0.004,-0.004,0.000,0.000,0.000,0.000,0,NULL,NULL,,0,0,0,7,255,0,250,0,0
baseline,6277,6277,0,6277,80383.283,0.972,-0.001,0.006,-0.234,0,0,0,0,0,0,0,0,0,0.000,0,WARMING_UP,0,0,0.468,0.008,-0.250,-0.125,0.375,0.004,-0.008,1.000,-0.008,0.000,-0.004,0.000,0.000,0.000,0.000,0,NULL,NULL,,0,0,0,7,255,0,250,0,0
baseline,6282,6282,0,6282,80388.283,0.972,-0.001,0.006,-0.234,0,0,0,0,0,0,0,0,0,0.000,0,WARMING_UP,0,0,0.504,0.009,-0.313,-0.125,0.375,0.004,-0.008,1.000,-0.008,0.004,-0.004,0.000,0.000,0.000,0.000,0,NULL,NULL,,0,0,0,7,255,0,250,0,0
baseline,6286,6286,0,6286,80393.282,0.972,-0.001,0.006,-0.234,0,0,0,0,0,0,0,0,0,0.000,0,WARMING_UP,0,0,0.385,0.006,-0.188,-0.125,0.313,0.004,-0.008,1.004,-0.004,0.004,0.000,0.000,0.000,0.000,0.000,0,NULL,NULL,,0,0,0,7,255,0,250,0,0
baseline,6292,6292,0,6292,80398.283,0.972,-0.001,0.006,-0.234,0,0,0,0,0,0,0,0,0,0.000,0,WARMING_UP,0,0,0.424,0.004,-0.063,-0.188,0.375,0.004,-0.008,1.000,0.000,0.004,0.000,0.000,0.000,0.000,0.000,0,NULL,NULL,,0,0,0,7,255,0,250,0,0
baseline,6296,6296,0,6296,80403.282,0.972,-0.001,0.006,-0.234,0,0,0,0,0,0,0,0,0,0.000,0,WARMING_UP,0,0,0.415,0.000,-0.125,-0.125,0.375,0.004,-0.008,1.000,0.000,0.000,-0.012,0.000,0.000,0.000,0.000,0,NULL,NULL,,0,0,0,7,255,0,250,0,0
baseline,6302,6302,0,6302,80408.283,0.972,-0.001,0.006,-0.234,0,0,0,0,0,0,0,0,0,0.000,0,WARMING_UP,0,0,0.488,0.009,-0.250,-0.188,0.375,0.004,-0.008,1.004,0.008,0.004,-0.012,0.000,0.000,0.000,0.000,0,NULL,NULL,,0,0,0,7,255,0,250,0,0
baseline,6307,6307,0,6307,80413.283,0.972,-0.001,0.006,-0.234,0,0,0,0,0,0,0,0,0,0.000,0,WARMING_UP,0,0,0.504,0.008,-0.313,-0.125,0.375,0.004,-0.012,1.004,0.008,0.000,0.012,0.000,0.000,0.000,0.000,0,NULL,NULL,,0,0,0,7,255,0,250,0,0
baseline,6312,6312,0,6312,80418.283,0.972,-0.001,0.006,-0.234,0,0,0,0,0,0,0,0,0,0.000,0,WARMING_UP,0,0,0.359,0.006,-0.125,-0.125,0.313,0.004,-0.012,1.000,0.004,-0.004,0.012,0.000,0.000,0.000,0.000,0,NULL,NULL,,0,0,0,7,255,0,250,0,0
baseline,6317,6317,0,6317,80423.283,0.972,-0.001,0.006,-0.234,0,0,0,0,0,0,0,0,0,0.000,0,WARMING_UP,0,0,0.438,0.006,-0.125,-0.188,0.375,0.008,-0.008,1.000,0.004,-0.004,-0.004,0.000,0.000,0.000,0.000,0,NULL,NULL,,0,0,0,7,255,0,250,0,0
baseline,6322,6322,0,6322,80428.283,0.972,-0.001,0.006,-0.234,0,0,0,0,0,0,0,0,0,0.000,0,WARMING_UP,0,0,0.370,0.004,-0.188,-0.063,0.313,0.004,-0.008,1.004,0.000,0.004,-0.004,0.000,0.000,0.000,0.000,0,NULL,NULL,,0,0,0,7,255,0,250,0,0
baseline,6326,6326,0,6326,80433.282,0.972,-0.001,0.006,-0.234,0,0,0,0,0,0,0,0,0,0.000,0,WARMING_UP,0,0,0.419,0.004,-0.250,-0.125,0.313,0.004,-0.008,1.004,0.000,0.004,0.004,0.000,0.000,0.000,0.000,0,NULL,NULL,,0,0,0,7,255,0,250,0,0
baseline,6332,6332,0,6332,80438.283,0.972,-0.001,0.006,-0.234,0,0,0,0,0,0,0,0,0,0.000,0,WARMING_UP,0,0,0.468,0.004,-0.250,-0.125,0.375,0.004,-0.008,1.004,0.000,0.004,0.004,0.000,0.000,0.000,0.000,0,NULL,NULL,,0,0,0,7,255,0,250,0,0
baseline,6336,6336,0,6336,80443.282,0.972,-0.001,0.006,-0.234,0,0,0,0,0,0,0,0,0,0.000,0,WARMING_UP,0,0,0.438,0.004,-0.188,-0.125,0.375,0.004,-0.008,1.000,0.000,0.004,0.004,0.000,0.000,0.000,0.000,0,NULL,NULL,,0,0,0,7,255,0,250,0,0
baseline,6342,6342,0,6342,80448.283,0.972,-0.001,0.006,-0.234,0,0,0,0,0,0,0,0,0,0.000,0,WARMING_UP,0,0,0.359,0.004,-0.125,-0.125,0.313,0.004,-0.008,1.000,0.000,0.004,-0.008,0.000,0.000,0.000,0.000,0,NULL,NULL,,0,0,0,7,255,0,250,0,0
baseline,6347,6347,0,6347,80453.283,0.972,-0.001,0.006,-0.234,0,0,0,0,0,0,0,0,0,0.000,0,WARMING_UP,0,0,0.419,0.012,-0.250,-0.125,0.313,0.004,-0.008,1.004,0.000,0.012,-0.008,0.000,0.000,0.000,0.000,0,NULL,NULL,,0,0,0,7,255,0,250,0,0
baseline,6352,6352,0,6352,80458.283,0.972,-0.001,0.006,-0.234,0,0,0,0,0,0,0,0,0,0.000,0,WARMING_UP,0,0,0.459,0.012,-0.313,-0.125,0.313,0.004,-0.008,1.004,0.000,0.012,0.012,0.000,0.000,0.000,0.000,0,NULL,NULL,,0,0,0,7,255,0,250,0,0
baseline,6356,6356,0,6356,80463.282,0.972,-0.001,0.006,-0.234,0,0,0,0,0,0,0,0,0,0.000,0,WARMING_UP,0,0,0.438,0.000,-0.188,-0.125,0.375,0.004,-0.012,1.000,0.000,0.000,0.012,0.000,0.000,0.000,0.000,0,NULL,NULL,,0,0,0,7,255,0,250,0,0
baseline,6362,6362,0,6362,80468.283,0.972,-0.001,0.006,-0.234,0,0,0,0,0,0,0,0,0,0.000,0,WARMING_UP,0,0,0.342,0.004,-0.063,-0.125,0.313,0.004,-0.008,1.000,0.000,-0.004,0.000,0.000,0.000,0.000,0.000,0,NULL,NULL,,0,0,0,7,255,0,250,0,0
baseline,6366,6366,0,6366,80473.282,0.972,-0.001,0.006,-0.234,0,0,0,0,0,0,0,0,0,0.000,0,WARMING_UP,0,0,0.415,0.004,-0.125,-0.125,0.375,0.004,-0.008,1.000,0.000,-0.004,-0.004,0.000,0.000,0.000,0.000,0,NULL,NULL,,0,0,0,7,255,0,250,0,0
baseline,6372,6372,0,6372,80478.283,0.972,-0.001,0.006,-0.234,0,0,0,0,0,0,0,0,0,0.000,0,WARMING_UP,0,0,0.492,0.004,-0.313,-0.063,0.375,0.004,-0.008,1.004,-0.004,0.000,-0.004,0.000,0.000,0.000,0.000,0,NULL,NULL,,0,0,0,7,255,0,250,0,0
baseline,6377,6377,0,6377,80483.285,0.972,-0.001,0.006,-0.234,0,0,0,0,0,0,0,0,0,0.000,0,WARMING_UP,0,0,0.468,0.004,-0.250,-0.125,0.375,0.004,-0.012,1.004,0.004,0.000,0.008,0.000,0.000,0.000,0.000,0,NULL,NULL,,0,0,0,7,255,0,250,0,0
baseline,6382,6382,0,6382,80488.283,0.972,-0.001,0.006,-0.234,0,0,0,0,0,0,0,0,0,0.000,0,WARMING_UP,0,0,0.415,0.008,-0.125,-0.125,0.375,0.004,-0.012,1.000,0.000,-0.008,0.008,0.000,0.000,0.000,0.000,0,NULL,NULL,,0,0,0,7,255,0,250,0,0
baseline,6386,6386,0,6386,80493.282,0.972,-0.001,0.006,-0.234,0,0,0,0,0,0,0,0,0,0.000,0,WARMING_UP,0,0,0.400,0.008,-0.063,-0.125,0.375,0.004,-0.008,1.000,0.000,-0.008,-0.008,0.000,0.000,0.000,0.000,0,NULL,NULL,,0,0,0,7,255,0,250,0,0
baseline,6392,6392,0,6392,80498.283,0.972,-0.001,0.006,-0.234,0,0,0,0,0,0,0,0,0,0.000,0,WARMING_UP,0,0,0.468,0.000,-0.250,-0.125,0.375,0.004,-0.008,1.004,0.000,0.000,-0.008,0.000,0.000,0.000,0.000,0,NULL,NULL,,0,0,0,7,255,0,250,0,0
baseline,6396,6396,0,6396,80503.282,0.972,-0.001,0.006,-0.234,0,0,0,0,0,0,0,0,0,0.000,0,WARMING_UP,0,0,0.504,0.000,-0.313,-0.125,0.375,0.004,-0.012,1.004,0.000,0.000,0.004,0.000,0.000,0.000,0.000,0,NULL,NULL,,0,0,0,7,255,0,250,0,0
baseline,6402,6402,0,6402,80508.283,0.972,-0.001,0.006,-0.234,0,0,0,0,0,0,0,0,0,0.000,0,WARMING_UP,0,0,0.385,0.014,-0.188,-0.125,0.313,0.004,-0.012,1.004,-0.008,-0.012,0.004,0.000,0.000,0.000,0.000,0,NULL,NULL,,0,0,0,7,255,0,250,0,0
baseline,6406,6406,0,6406,80513.282,0.972,-0.001,0.006,-0.234,0,0,0,0,0,0,0,0,0,0.000,0,WARMING_UP,0,0,0.370,0.014,-0.063,-0.188,0.313,0.004,-0.008,1.000,-0.008,-0.012,0.004,0.000,0.000,0.000,0.000,0,NULL,NULL,,0,0,0,7,255,0,250,0,0
baseline,6412,6412,0,6412,80518.283,0.972,-0.001,0.006,-0.234,0,0,0,0,0,0,0,0,0,0.000,0,WARMING_UP,0,0,0.359,0.009,-0.125,-0.125,0.313,0.004,-0.008,1.000,0.008,0.004,-0.008,0.000,0.000,0.000,0.000,0,NULL,NULL,,0,0,0,7,255,0,250,0,0
baseline,6417,6417,0,6417,80523.283,0.972,-0.001,0.006,-0.234,0,0,0,0,0,0,0,0,0,0.000,0,WARMING_UP,0,0,0.419,0.009,-0.250,-0.125,0.313,0.004,-0.008,1.004,0.008,0.004,-0.008,0.000,0.000,0.000,0.000,0,NULL,NULL,,0,0,0,7,255,0,250,0,0
baseline,6422,6422,0,6422,80528.283,0.972,-0.001,0.006,-0.234,0,0,0,0,0,0,0,0,0,0.000,0,WARMING_UP,0,0,0.504,0.004,-0.313,-0.125,0.375,0.004,-0.012,1.004,0.000,0.004,0.012,0.000,0.000,0.000,0.000,0,NULL,NULL,,0,0,0,7,255,0,250,0,0
baseline,6427,6427,0,6427,80533.285,0.972,-0.001,0.006,-0.234,0,0,0,0,0,0,0,0,0,0.000,0,WARMING_UP,0,0,0.459,0.008,-0.188,-0.188,0.375,0.004,-0.012,1.000,0.000,-0.008,0.012,0.000,0.000,0.000,0.000,0,NULL,NULL,,0,0,0,7,255,0,250,0,0
baseline,6432,6432,0,6432,80538.283,0.972,-0.001,0.006,-0.234,0,0,0,0,0,0,0,0,0,0.000,0,WARMING_UP,0,0,0.337,0.009,0.000,-0.125,0.313,0.004,-0.008,1.000,-0.004,-0.008,-0.016,0.000,0.000,0.000,0.000,0,NULL,NULL,,0,0,0,7,255,0,250,0,0
baseline,6436,6436,0,6436,80543.282,0.972,-0.001,0.006,-0.234,0,0,0,0,0,0,0,0,0,0.000,0,WARMING_UP,0,0,0.370,0.009,-0.188,-0.063,0.313,0.004,-0.008,1.000,-0.004,0.008,-0.016,0.000,0.000,0.000,0.000,0,NULL,NULL,,0,0,0,7,255,0,250,0,0
baseline,6442,6442,0,6442,80548.283,0.972,-0.001,0.006,-0.234,0,0,0,0,0,0,0,0,0,0.000,0,WARMING_UP,0,0,0.492,0.009,-0.375,-0.063,0.313,0.004,-0.008,1.004,-0.004,0.008,-0.004,0.000,0.000,0.000,0.000,0,NULL,NULL,,0,0,0,7,255,0,250,0,0
baseline,6446,6446,0,6446,80553.282,0.972,-0.001,0.006,-0.234,0,0,0,0,0,0,0,0,0,0.000,0,WARMING_UP,0,0,0.438,0.009,-0.188,-0.125,0.375,0.004,-0.012,1.004,-0.008,-0.004,0.004,0.000,0.000,0.000,0.000,0,NULL,NULL,,0,0,0,7,255,0,250,0,0
baseline,6452,6452,0,6452,80558.283,0.972,-0.001,0.006,-0.234,0,0,0,0,0,0,0,0,0,0.000,0,WARMING_UP,0,0,0.415,0.009,-0.125,-0.125,0.375,0.004,-0.008,1.000,-0.008,-0.004,0.004,0.000,0.000,0.000,0.000,0,NULL,NULL,,0,0,0,7,255,0,250,0,0
baseline,6456,6456,0,6456,80563.282,0.972,-0.001,0.006,-0.234,0,0,0,0,0,0,0,0,0,0.000,0,WARMING_UP,0,0,0.359,0.009,-0.125,-0.125,0.313,0.004,-0.008,1.000,-0.008,-0.004,-0.004,0.000,0.000,0.000,0.000,0,NULL,NULL,,0,0,0,7,255,0,250,0,0
baseline,6462,6462,0,6462,80568.283,0.972,-0.001,0.006,-0.234,0,0,0,0,0,0,0,0,0,0.000,0,WARMING_UP,0,0,0.468,0.009,-0.250,-0.125,0.375,0.004,-0.008,1.004,-0.008,0.004,-0.004,0.000,0.000,0.000,0.000,0,NULL,NULL,,0,0,0,7,255,0,250,0,0
baseline,6467,6467,0,6467,80573.283,0.972,-0.001,0.006,-0.234,0,0,0,0,0,0,0,0,0,0.000,0,WARMING_UP,0,0,0.446,0.004,-0.313,-0.063,0.313,0.004,-0.012,1.004,0.000,0.004,0.004,0.000,0.000,0.000,0.000,0,NULL,NULL,,0,0,0,7,255,0,250,0,0
baseline,6471,6471,0,6471,80578.282,0.972,-0.001,0.006,-0.234,0,0,0,0,0,0,0,0,0,0.000,0,WARMING_UP,0,0,0.385,0.008,-0.188,-0.125,0.313,0.004,-0.012,1.000,0.000,-0.008,0.004,0.000,0.000,0.000,0.000,0,NULL,NULL,,0,0,0,7,255,0,250,0,0
baseline,6477,6477,0,6477,80583.285,0.972,-0.001,0.006,-0.234,0,0,0,0,0,0,0,0,0,0.000,0,WARMING_UP,0,0,0.342,0.008,-0.063,-0.125,0.313,0.004,-0.008,1.000,0.000,-0.008,-0.016,0.000,0.000,0.000,0.000,0,NULL,NULL,,0,0,0,7,255,0,250,0,0
baseline,6481,6481,0,6481,80588.282,0.972,-0.001,0.006,-0.234,0,0,0,0,0,0,0,0,0,0.000,0,WARMING_UP,0,0,0.468,0.009,-0.250,-0.125,0.375,0.004,-0.008,1.000,-0.004,0.008,-0.016,0.000,0.000,0.000,0.000,0,NULL,NULL,,0,0,0,7,255,0,250,0,0
baseline,6487,6487,0,6487,80593.283,0.972,-0.001,0.006,-0.234,0,0,0,0,0,0,0,0,0,0.000,0,WARMING_UP,0,0,0.459,0.012,-0.313,-0.125,0.313,0.004,-0.008,1.004,-0.004,0.012,0.000,0.000,0.000,0.000,0.000,0,NULL,NULL,,0,0,0,7,255,0,250,0,0
baseline,6491,6491,0,6491,80598.282,0.972,-0.001,0.006,-0.234,0,0,0,0,0,0,0,0,0,0.000,0,WARMING_UP,0,0,0.468,0.012,-0.250,-0.125,0.375,0.004,-0.012,1.004,0.000,0.012,0.004,0.000,0.000,0.000,0.000,0,NULL,NULL,,0,0,0,7,255,0,250,0,0
baseline,6497,6497,0,6497,80603.283,0.972,-0.001,0.006,-0.234,0,0,0,0,0,0,0,0,0,0.000,0,WARMING_UP,0,0,0.370,0.012,-0.063,-0.188,0.313,0.004,-0.012,1.000,0.012,-0.004,0.004,0.000,0.000,0.000,0.000,0,NULL,NULL,,0,0,0,7,255,0,250,0,0
baseline,6501,6501,0,6501,80608.282,0.972,-0.001,0.006,-0.234,0,0,0,0,0,0,0,0,0,0.000,0,WARMING_UP,0,0,0.359,0.012,-0.125,-0.125,0.313,0.004,-0.008,1.000,0.012,-0.004,-0.008,0.000,0.000,0.000,0.000,0,NULL,NULL,,0,0,0,7,255,0,250,0,0
baseline,6507,6507,0,6507,80613.283,0.972,-0.001,0.006,-0.234,0,0,0,0,0,0,0,0,0,0.000,0,WARMING_UP,0,0,0.468,0.012,-0.250,-0.125,0.375,0.004,-0.008,1.004,-0.004,0.012,-0.008,0.000,0.000,0.000,0.000,0,NULL,NULL,,0,0,0,7,255,0,250,0,0
baseline,6511,6511,0,6511,80618.282,0.972,-0.001,0.006,-0.234,0,0,0,0,0,0,0,0,0,0.000,0,WARMING_UP,0,0,0.419,0.012,-0.250,-0.125,0.313,0.004,-0.012,1.004,-0.004,0.012,0.004,0.000,0.000,0.000,0.000,0,NULL,NULL,,0,0,0,7,255,0,250,0,0
baseline,6517,6517,0,6517,80623.283,0.972,-0.001,0.006,-0.234,0,0,0,0,0,0,0,0,0,0.000,0,WARMING_UP,0,0,0.410,0.021,-0.188,-0.188,0.313,0.004,-0.012,1.000,0.008,-0.020,0.004,0.000,0.000,0.000,0.000,0,NULL,NULL,,0,0,0,7,255,0,250,0,0
baseline,6522,6522,0,6522,80628.283,0.972,-0.001,0.006,-0.234,0,0,0,0,0,0,0,0,0,0.000,0,WARMING_UP,0,0,0.337,0.021,-0.125,-0.188,0.250,0.004,-0.008,1.000,0.008,-0.020,-0.004,0.000,0.000,0.000,0.000,0,NULL,NULL,,0,0,0,7,255,0,250,0,0
baseline,6526,6526,0,6526,80633.282,0.972,-0.001,0.006,-0.234,0,0,0,0,0,0,0,0,0,0.000,0,WARMING_UP,0,0,0.385,0.009,-0.188,-0.125,0.313,0.004,-0.008,1.000,-0.008,-0.004,-0.004,0.000,0.000,0.000,0.000,0,NULL,NULL,,0,0,0,7,255,0,250,0,0
baseline,6532,6532,0,6532,80638.283,0.972,-0.001,0.006,-0.234,0,0,0,0,0,0,0,0,0,0.000,0,WARMING_UP,0,0,0.504,0.011,-0.313,-0.125,0.375,0.004,-0.008,1.004,-0.008,0.008,0.000,0.000,0.000,0.000,0.000,0,NULL,NULL,,0,0,0,7,255,0,250,0,0
baseline,6536,6536,0,6536,80643.282,0.972,-0.001,0.006,-0.234,0,0,0,0,0,0,0,0,0,0.000,0,WARMING_UP,0,0,0.370,0.009,-0.188,-0.063,0.313,0.004,-0.012,1.004,-0.004,0.008,0.004,0.000,0.000,0.000,0.000,0,NULL,NULL,,0,0,0,7,255,0,250,0,0
baseline,6542,6542,0,6542,80648.283,0.972,-0.001,0.006,-0.234,0,0,0,0,0,0,0,0,0,0.000,0,WARMING_UP,0,0,0.400,0.006,-0.125,-0.063,0.375,0.004,-0.008,1.000,-0.004,-0.004,0.004,0.000,0.000,0.000,0.000,0,NULL,NULL,,0,0,0,7,255,0,250,0,0
baseline,6547,6547,0,6547,80653.283,0.972,-0.001,0.006,-0.234,0,0,0,0,0,0,0,0,0,0.000,0,WARMING_UP,0,0,0.342,0.006,-0.063,-0.125,0.313,0.004,-0.008,1.000,-0.004,-0.004,-0.008,0.000,0.000,0.000,0.000,0,NULL,NULL,,0,0,0,7,255,0,250,0,0
baseline,6552,6552,0,6552,80658.283,0.972,-0.001,0.006,-0.234,0,0,0,0,0,0,0,0,0,0.000,0,WARMING_UP,0,0,0.468,0.009,-0.250,-0.125,0.375,0.004,-0.008,1.000,-0.004,0.008,-0.008,0.000,0.000,0.000,0.000,0,NULL,NULL,,0,0,0,7,255,0,250,0,0
baseline,6556,6556,0,6556,80663.282,0.972,-0.001,0.006,-0.234,0,0,0,0,0,0,0,0,0,0.000,0,WARMING_UP,0,0,0.459,0.011,-0.313,-0.125,0.313,0.004,-0.012,1.004,-0.008,0.008,-0.004,0.000,0.000,0.000,0.000,0,NULL,NULL,,0,0,0,7,255,0,250,0,0
baseline,6562,6562,0,6562,80668.283,0.972,-0.001,0.006,-0.234,0,0,0,0,0,0,0,0,0,0.000,0,WARMING_UP,0,0,0.488,0.016,-0.250,-0.188,0.375,0.004,-0.012,1.004,-0.004,-0.016,0.004,0.000,0.000,0.000,0.000,0,NULL,NULL,,0,0,0,7,255,0,250,0,0
baseline,6566,6566,0,6566,80673.282,0.972,-0.001,0.006,-0.234,0,0,0,0,0,0,0,0,0,0.000,0,WARMING_UP,0,0,0.359,0.016,-0.125,-0.125,0.313,0.004,-0.008,1.000,0.000,-0.016,0.004,0.000,0.000,0.000,0.000,0,NULL,NULL,,0,0,0,7,255,0,250,0,0
baseline,6572,6572,0,6572,80678.283,0.972,-0.001,0.006,-0.234,0,0,0,0,0,0,0,0,0,0.000,0,WARMING_UP,0,0,0.415,0.004,-0.125,-0.125,0.375,0.004,-0.008,1.000,0.000,0.004,0.000,0.000,0.000,0.000,0.000,0,NULL,NULL,,0,0,0,7,255,0,250,0,0
baseline,6577,6577,0,6577,80683.283,0.972,-0.001,0.006,-0.234,0,0,0,0,0,0,0,0,0,0.000,0,WARMING_UP,0,0,0.504,0.011,-0.313,-0.125,0.375,0.004,-0.008,1.004,-0.008,0.008,0.000,0.000,0.000,0.000,0.000,0,NULL,NULL,,0,0,0,7,255,0,250,0,0
baseline,6582,6582,0,6582,80688.283,0.972,-0.001,0.006,-0.234,0,0,0,0,0,0,0,0,0,0.000,0,WARMING_UP,0,0,0.488,0.011,-0.250,-0.188,0.375,0.004,-0.008,1.004,-0.008,0.008,0.004,0.000,0.000,0.000,0.000,0,NULL,NULL,,0,0,0,7,255,0,250,0,0
baseline,6586,6586,0,6586,80693.282,0.972,-0.001,0.006,-0.234,0,0,0,0,0,0,0,0,0,0.000,0,WARMING_UP,0,0,0.415,0.011,-0.125,-0.125,0.375,0.004,-0.012,1.000,-0.008,-0.008,0.004,0.000,0.000,0.000,0.000,0,NULL,NULL,,0,0,0,7,255,0,250,0,0
baseline,6592,6592,0,6592,80698.283,0.972,-0.001,0.006,-0.234,0,0,0,0,0,0,0,0,0,0.000,0,WARMING_UP,0,0,0.342,0.008,-0.063,-0.125,0.313,0.004,-0.008,1.000,0.000,-0.008,0.000,0.000,0.000,0.000,0.000,0,NULL,NULL,,0,0,0,7,255,0,250,0,0
baseline,6596,6596,0,6596,80703.282,0.972,-0.001,0.006,-0.234,0,0,0,0,0,0,0,0,0,0.000,0,WARMING_UP,0,0,0.419,0.008,-0.250,-0.125,0.313,0.004,-0.008,1.000,0.000,0.008,0.000,0.000,0.000,0.000,0.000,0,NULL,NULL,,0,0,0,7,255,0,250,0,0
baseline,6602,6602,0,6602,80708.283,0.972,-0.001,0.006,-0.234,0,0,0,0,0,0,0,0,0,0.000,0,WARMING_UP,0,0,0.504,0.008,-0.313,-0.125,0.375,0.004,-0.012,1.004,0.000,0.008,0.000,0.000,0.000,0.000,0.000,0,NULL,NULL,,0,0,0,7,255,0,250,0,0
baseline,6607,6607,0,6607,80713.283,0.972,-0.001,0.006,-0.234,0,0,0,0,0,0,0,0,0,0.000,0,WARMING_UP,0,0,0.468,0.009,-0.250,-0.125,0.375,0.004,-0.012,1.004,0.008,-0.004,0.004,0.000,0.000,0.000,0.000,0,NULL,NULL,,0,0,0,7,255,0,250,0,0
baseline,6612,6612,0,6612,80718.283,0.972,-0.001,0.006,-0.235,0,0,0,0,0,0,0,0,0,0.000,0,WARMING_UP,0,0,0.400,0.014,-0.063,-0.125,0.375,0.004,-0.012,1.000,0.008,-0.012,0.004,0.000,0.000,0.000,0.000,0,NULL,NULL,,0,0,0,7,255,0,250,0,0
baseline,6617,6617,0,6617,80723.283,0.972,-0.001,0.006,-0.235,0,0,0,0,0,0,0,0,0,0.000,0,WARMING_UP,0,0,0.342,0.012,-0.063,-0.125,0.313,0.004,-0.008,1.000,0.004,-0.012,-0.012,0.000,0.000,0.000,0.000,0,NULL,NULL,,0,0,0,7,255,0,250,0,0
baseline,6622,6622,0,6622,80728.283,0.972,-0.001,0.006,-0.235,0,0,0,0,0,0,0,0,0,0.000,0,WARMING_UP,0,0,0.446,0.020,-0.313,-0.063,0.313,0.004,-0.008,1.004,-0.004,0.020,-0.012,0.000,0.000,0.000,0.000,0,NULL,NULL,,0,0,0,7,255,0,250,0,0
baseline,6626,6626,0,6626,80733.282,0.972,-0.001,0.006,-0.235,0,0,0,0,0,0,0,0,0,0.000,0,WARMING_UP,0,0,0.455,0.020,-0.250,-0.063,0.375,0.004,-0.012,1.004,-0.004,0.020,0.012,0.000,0.000,0.000,0.000,0,NULL,NULL,,0,0,0,7,255,0,250,0,0
baseline,6632,6632,0,6632,80738.283,0.972,-0.001,0.006,-0.235,0,0,0,0,0,0,0,0,0,0.000,0,WARMING_UP,0,0,0.385,0.009,-0.188,-0.125,0.313,0.004,-0.012,1.000,-0.004,-0.008,0.012,0.000,0.000,0.000,0.000,0,NULL,NULL,,0,0,0,7,255,0,250,0,0
baseline,6636,6636,0,6636,80743.282,0.972,-0.001,0.006,-0.235,0,0,0,0,0,0,0,0,0,0.000,0,WARMING_UP,0,0,0.424,0.009,-0.063,-0.188,0.375,0.004,-0.008,1.000,0.004,-0.008,-0.004,0.000,0.000,0.000,0.000,0,NULL,NULL,,0,0,0,7,255,0,250,0,0
baseline,6642,6642,0,6642,80748.283,0.972,-0.001,0.006,-0.235,0,0,0,0,0,0,0,0,0,0.000,0,WARMING_UP,0,0,0.385,0.004,-0.188,-0.125,0.313,0.004,-0.008,1.004,0.004,0.000,-0.004,0.000,0.000,0.000,0.000,0,NULL,NULL,,0,0,0,7,255,0,250,0,0
baseline,6647,6647,0,6647,80753.283,0.972,-0.001,0.006,-0.235,0,0,0,0,0,0,0,0,0,0.000,0,WARMING_UP,0,0,0.459,0.004,-0.313,-0.125,0.313,0.004,-0.012,1.004,0.004,0.000,0.004,0.000,0.000,0.000,0.000,0,NULL,NULL,,0,0,0,7,255,0,250,0,0
baseline,6652,6652,0,6652,80758.283,0.972,-0.001,0.006,-0.235,0,0,0,0,0,0,0,0,0,0.000,0,WARMING_UP,0,0,0.419,0.000,-0.250,-0.125,0.313,0.004,-0.012,1.004,0.000,0.000,0.012,0.000,0.000,0.000,0.000,0,NULL,NULL,,0,0,0,7,255,0,250,0,0
baseline,6656,6656,0,6656,80763.282,0.972,-0.001,0.006,-0.235,0,0,0,0,0,0,0,0,0,0.000,0,WARMING_UP,0,0,0.385,0.006,-0.125,-0.188,0.313,0.004,-0.012,1.000,0.004,-0.004,0.012,0.000,0.000,0.000,0.000,0,NULL,NULL,,0,0,0,7,255,0,250,0,0
baseline,6662,6662,0,6662,80768.283,0.972,-0.001,0.006,-0.235,0,0,0,0,0,0,0,0,0,0.000,0,WARMING_UP,0,0,0.438,0.004,-0.125,-0.188,0.375,0.004,-0.008,1.000,0.000,-0.004,-0.016,0.000,0.000,0.000,0.000,0,NULL,NULL,,0,0,0,7,255,0,250,0,0
baseline,6666,6666,0,6666,80773.282,0.972,-0.001,0.006,-0.235,0,0,0,0,0,0,0,0,0,0.000,0,WARMING_UP,0,0,0.468,0.020,-0.250,-0.125,0.375,0.004,-0.008,1.004,-0.012,0.016,-0.016,0.000,0.000,0.000,0.000,0,NULL,NULL,,0,0,0,7,255,0,250,0,0
baseline,6672,6672,0,6672,80778.283,0.972,-0.001,0.006,-0.235,0,0,0,0,0,0,0,0,0,0.000,0,WARMING_UP,0,0,0.459,0.020,-0.313,-0.125,0.313,0.004,-0.012,1.004,-0.012,0.016,0.004,0.000,0.000,0.000,0.000,0,NULL,NULL,,0,0,0,7,255,0,250,0,0
baseline,6677,6677,0,6677,80783.285,0.972,-0.001,0.006,-0.235,0,0,0,0,0,0,0,0,0,0.000,0,WARMING_UP,0,0,0.438,0.009,-0.188,-0.125,0.375,0.004,-0.008,1.004,0.004,0.008,0.004,0.000,0.000,0.000,0.000,0,NULL,NULL,,0,0,0,7,255,0,250,0,0
baseline,6682,6682,0,6682,80788.283,0.972,-0.001,0.006,-0.235,0,0,0,0,0,0,0,0,0,0.000,0,WARMING_UP,0,0,0.359,0.008,-0.125,-0.125,0.313,0.004,-0.008,1.000,0.008,0.000,0.004,0.000,0.000,0.000,0.000,0,NULL,NULL,,0,0,0,7,255,0,250,0,0
baseline,6686,6686,0,6686,80793.282,0.972,-0.001,0.006,-0.235,0,0,0,0,0,0,0,0,0,0.000,0,WARMING_UP,0,0,0.385,0.009,-0.188,-0.125,0.313,0.004,-0.008,1.000,0.004,0.008,-0.008,0.000,0.000,0.000,0.000,0,NULL,NULL,,0,0,0,7,255,0,250,0,0
baseline,6692,6692,0,6692,80798.283,0.972,-0.001,0.006,-0.235,0,0,0,0,0,0,0,0,0,0.000,0,WARMING_UP,0,0,0.446,0.004,-0.313,-0.063,0.313,0.004,-0.008,1.004,0.004,0.000,-0.008,0.000,0.000,0.000,0.000,0,NULL,NULL,,0,0,0,7,255,0,250,0,0
baseline,6696,6696,0,6696,80803.282,0.972,-0.001,0.006,-0.235,0,0,0,0,0,0,0,0,0,0.000,0,WARMING_UP,0,0,0.468,0.000,-0.250,-0.125,0.375,0.004,-0.012,1.004,0.000,0.000,0.012,0.000,0.000,0.000,0.000,0,NULL,NULL,,0,0,0,7,255,0,250,0,0
baseline,6702,6702,0,6702,80808.283,0.972,-0.001,0.006,-0.235,0,0,0,0,0,0,0,0,0,0.000,0,WARMING_UP,0,0,0.438,0.009,-0.125,-0.188,0.375,0.004,-0.012,1.000,0.004,-0.008,0.012,0.000,0.000,0.000,0.000,0,NULL,NULL,,0,0,0,7,255,0,250,0,0
baseline,6706,6706,0,6706,80813.282,0.972,-0.001,0.006,-0.235,0,0,0,0,0,0,0,0,0,0.000,0,WARMING_UP,0,0,0.370,0.009,-0.188,-0.063,0.313,0.004,-0.008,1.000,0.004,-0.008,-0.008,0.000,0.000,0.000,0.000,0,NULL,NULL,,0,0,0,7,255,0,250,0,0
baseline,6712,6712,0,6712,80818.283,0.972,-0.001,0.006,-0.235,0,0,0,0,0,0,0,0,0,0.000,0,WARMING_UP,0,0,0.370,0.009,-0.188,-0.063,0.313,0.004,-0.008,1.004,0.004,0.008,-0.008,0.000,0.000,0.000,0.000,0,NULL,NULL,,0,0,0,7,255,0,250,0,0
baseline,6717,6717,0,6717,80823.283,0.972,-0.001,0.006,-0.235,0,0,0,0,0,0,0,0,0,0.000,0,WARMING_UP,0,0,0.468,0.008,-0.250,-0.125,0.375,0.004,-0.008,1.004,0.000,0.008,0.012,0.000,0.000,0.000,0.000,0,NULL,NULL,,0,0,0,7,255,0,250,0,0
baseline,6722,6722,0,6722,80828.283,0.972,-0.001,0.006,-0.235,0,0,0,0,0,0,0,0,0,0.000,0,WARMING_UP,0,0,0.410,0.000,-0.188,-0.188,0.313,0.004,-0.008,1.000,0.000,0.000,0.012,0.000,0.000,0.000,0.000,0,NULL,NULL,,0,0,0,7,255,0,250,0,0
baseline,6727,6727,0,6727,80833.285,0.972,-0.001,0.006,-0.235,0,0,0,0,0,0,0,0,0,0.000,0,WARMING_UP,0,0,0.424,0.004,-0.063,-0.188,0.375,0.004,-0.012,1.000,0.004,0.000,-0.004,0.000,0.000,0.000,0.000,0,NULL,NULL,,0,0,0,7,255,0,250,0,0
baseline,6732,6732,0,6732,80838.283,0.972,-0.001,0.006,-0.235,0,0,0,0,0,0,0,0,0,0.000,0,WARMING_UP,0,0,0.385,0.008,-0.188,-0.125,0.313,0.004,-0.008,1.000,0.008,0.000,-0.008,0.000,0.000,0.000,0.000,0,NULL,NULL,,0,0,0,7,255,0,250,0,0
baseline,6736,6736,0,6736,80843.282,0.972,-0.001,0.006,-0.235,0,0,0,0,0,0,0,0,0,0.000,0,WARMING_UP,0,0,0.405,0.011,-0.250,-0.063,0.313,0.004,-0.008,1.004,0.008,0.008,-0.008,0.000,0.000,0.000,0.000,0,NULL,NULL,,0,0,0,7,255,0,250,0,0
baseline,6742,6742,0,6742,80848.283,0.972,-0.001,0.006,-0.235,0,0,0,0,0,0,0,0,0,0.000,0,WARMING_UP,0,0,0.504,0.009,-0.313,-0.125,0.375,0.004,-0.012,1.004,0.004,0.008,0.012,0.000,0.000,0.000,0.000,0,NULL,NULL,,0,0,0,7,255,0,250,0,0
baseline,6746,6746,0,6746,80853.282,0.972,-0.001,0.006,-0.235,0,0,0,0,0,0,0,0,0,0.000,0,WARMING_UP,0,0,0.415,0.012,-0.125,-0.125,0.375,0.004,-0.012,1.000,0.000,-0.012,0.012,0.000,0.000,0.000,0.000,0,NULL,NULL,,0,0,0,7,255,0,250,0,0
baseline,6752,6752,0,6752,80858.283,0.972,-0.001,0.006,-0.235,0,0,0,0,0,0,0,0,0,0.000,0,WARMING_UP,0,0,0.359,0.012,-0.125,-0.125,0.313,0.004,-0.012,1.000,0.000,-0.012,-0.004,0.000,0.000,0.000,0.000,0,NULL,NULL,,0,0,0,7,255,0,250,0,0
baseline,6756,6756,0,6756,80863.282,0.972,-0.001,0.006,-0.235,0,0,0,0,0,0,0,0,0,0.000,0,WARMING_UP,0,0,0.385,0.004,-0.188,-0.125,0.313,0.004,-0.008,1.004,0.000,-0.004,-0.004,0.000,0.000,0.000,0.000,0,NULL,NULL,,0,0,0,7,255,0,250,0,0
baseline,6762,6762,0,6762,80868.283,0.972,-0.001,0.006,-0.235,0,0,0,0,0,0,0,0,0,0.000,0,WARMING_UP,0,0,0.492,0.004,-0.313,-0.063,0.375,0.004,-0.008,1.004,-0.004,0.000,0.004,0.000,0.000,0.000,0.000,0,NULL,NULL,,0,0,0,7,255,0,250,0,0
baseline,6767,6767,0,6767,80873.283,0.972,-0.001,0.006,-0.235,0,0,0,0,0,0,0,0,0,0.000,0,WARMING_UP,0,0,0.468,0.004,-0.250,-0.125,0.375,0.004,-0.012,1.000,-0.004,0.000,0.004,0.000,0.000,0.000,0.000,0,NULL,NULL,,0,0,0,7,255,0,250,0,0
baseline,6771,6771,0,6771,80878.282,0.972,-0.001,0.006,-0.235,0,0,0,0,0,0,0,0,0,0.000,0,WARMING_UP,0,0,0.342,0.008,-0.063,-0.125,0.313,0.004,-0.012,1.000,0.000,-0.008,0.000,0.000,0.000,0.000,0.000,0,NULL,NULL,,0,0,0,7,255,0,250,0,0
baseline,6777,6777,0,6777,80883.285,0.972,-0.001,0.006,-0.235,0,0,0,0,0,0,0,0,0,0.000,0,WARMING_UP,0,0,0.400,0.008,-0.125,-0.063,0.375,0.004,-0.008,1.000,0.000,-0.008,0.000,0.000,0.000,0.000,0.000,0,NULL,NULL,,0,0,0,7,255,0,250,0,0
baseline,6782,6782,0,6782,80888.283,0.972,-0.001,0.006,-0.235,0,0,0,0,0,0,0,0,0,0.000,0,WARMING_UP,0,0,0.455,0.000,-0.250,-0.063,0.375,0.004,-0.008,1.000,0.000,0.000,0.000,0.000,0.000,0.000,0.000,0,NULL,NULL,,0,0,0,7,255,0,250,0,0
baseline,6786,6786,0,6786,80893.282,0.972,-0.001,0.006,-0.235,0,0,0,0,0,0,0,0,0,0.000,0,WARMING_UP,0,0,0.504,0.000,-0.313,-0.125,0.375,0.004,-0.008,1.004,0.000,0.000,0.000,0.000,0.000,0.000,0.000,0,NULL,NULL,,0,0,0,7,255,0,250,0,0
baseline,6792,6792,0,6792,80898.283,0.972,-0.001,0.006,-0.235,0,0,0,0,0,0,0,0,0,0.000,0,WARMING_UP,0,0,0.459,0.000,-0.188,-0.188,0.375,0.004,-0.008,1.000,0.000,0.000,0.000,0.000,0.000,0.000,0.000,0,NULL,NULL,,0,0,0,7,255,0,250,0,0
baseline,6796,6796,0,6796,80903.282,0.972,-0.001,0.006,-0.235,0,0,0,0,0,0,0,0,0,0.000,0,WARMING_UP,0,0,0.400,0.000,-0.063,-0.125,0.375,0.004,-0.008,1.000,0.000,0.000,-0.008,0.000,0.000,0.000,0.000,0,NULL,NULL,,0,0,0,7,255,0,250,0,0
baseline,6802,6802,0,6802,80908.283,0.972,-0.001,0.006,-0.235,0,0,0,0,0,0,0,0,0,0.000,0,WARMING_UP,0,0,0.415,0.006,-0.125,-0.125,0.375,0.004,-0.008,1.000,-0.004,0.004,-0.008,0.000,0.000,0.000,0.000,0,NULL,NULL,,0,0,0,7,255,0,250,0,0
baseline,6806,6806,0,6806,80913.282,0.972,-0.001,0.006,-0.235,0,0,0,0,0,0,0,0,0,0.000,0,WARMING_UP,0,0,0.534,0.009,-0.375,-0.063,0.375,0.004,-0.008,1.004,-0.004,0.008,0.000,0.000,0.000,0.000,0.000,0,NULL,NULL,,0,0,0,7,255,0,250,0,0
baseline,6812,6812,0,6812,80918.283,0.972,-0.001,0.006,-0.235,0,0,0,0,0,0,0,0,0,0.000,0,WARMING_UP,0,0,0.405,0.009,-0.250,-0.063,0.313,0.004,-0.012,1.004,-0.004,0.008,0.004,0.000,0.000,0.000,0.000,0,NULL,NULL,,0,0,0,7,255,0,250,0,0
baseline,6817,6817,0,6817,80923.283,0.972,-0.001,0.006,-0.235,0,0,0,0,0,0,0,0,0,0.000,0,WARMING_UP,0,0,0.424,0.012,-0.063,-0.188,0.375,0.004,-0.012,1.000,-0.004,-0.012,0.004,0.000,0.000,0.000,0.000,0,NULL,NULL,,0,0,0,7,255,0,250,0,0
baseline,6822,6822,0,6822,80928.283,0.972,-0.001,0.006,-0.235,0,0,0,0,0,0,0,0,0,0.000,0,WARMING_UP,0,0,0.438,0.012,-0.125,-0.188,0.375,0.004,-0.008,1.000,-0.004,-0.012,-0.016,0.000,0.000,0.000,0.000,0,NULL,NULL,,0,0,0,7,255,0,250,0,0
baseline,6826,6826,0,6826,80933.282,0.972,-0.001,0.006,-0.235,0,0,0,0,0,0,0,0,0,0.000,0,WARMING_UP,0,0,0.468,0.012,-0.250,-0.125,0.375,0.004,-0.008,1.004,-0.004,0.012,-0.016,0.000,0.000,0.000,0.000,0,NULL,NULL,,0,0,0,7,255,0,250,0,0
baseline,6832,6832,0,6832,80938.283,0.972,-0.001,0.006,-0.235,0,0,0,0,0,0,0,0,0,0.000,0,WARMING_UP,0,0,0.492,0.012,-0.313,-0.063,0.375,0.004,-0.012,1.004,0.000,0.012,0.012,0.000,0.000,0.000,0.000,0,NULL,NULL,,0,0,0,7,255,0,250,0,0
baseline,6836,6836,0,6836,80943.282,0.972,-0.001,0.006,-0.235,0,0,0,0,0,0,0,0,0,0.000,0,WARMING_UP,0,0,0.306,0.011,-0.125,-0.125,0.250,0.004,-0.012,1.000,0.008,-0.008,0.012,0.000,0.000,0.000,0.000,0,NULL,NULL,,0,0,0,7,255,0,250,0,0
baseline,6842,6842,0,6842,80948.283,0.972,-0.001,0.006,-0.235,0,0,0,0,0,0,0,0,0,0.000,0,WARMING_UP,0,0,0.342,0.011,-0.063,-0.125,0.313,0.004,-0.008,1.000,0.008,-0.008,-0.008,0.000,0.000,0.000,0.000,0,NULL,NULL,,0,0,0,7,255,0,250,0,0
baseline,6847,6847,0,6847,80953.283,0.972,-0.001,0.006,-0.235,0,0,0,0,0,0,0,0,0,0.000,0,WARMING_UP,0,0,0.385,0.000,-0.188,-0.125,0.313,0.004,-0.008,1.000,0.000,0.000,-0.008,0.000,0.000,0.000,0.000,0,NULL,NULL,,0,0,0,7,255,0,250,0,0
baseline,6852,6852,0,6852,80958.283,0.972,-0.001,0.006,-0.235,0,0,0,0,0,0,0,0,0,0.000,0,WARMING_UP,0,0,0.492,0.000,-0.313,-0.063,0.375,0.004,-0.008,1.004,0.000,0.000,-0.008,0.000,0.000,0.000,0.000,0,NULL,NULL,,0,0,0,7,255,0,250,0,0
baseline,6856,6856,0,6856,80963.282,0.972,-0.001,0.006,-0.235,0,0,0,0,0,0,0,0,0,0.000,0,WARMING_UP,0,0,0.438,0.004,-0.188,-0.125,0.375,0.004,-0.012,1.004,-0.004,0.000,0.012,0.000,0.000,0.000,0.000,0,NULL,NULL,,0,0,0,7,255,0,250,0,0
baseline,6862,6862,0,6862,80968.283,0.972,-0.001,0.006,-0.235,0,0,0,0,0,0,0,0,0,0.000,0,WARMING_UP,0,0,0.370,0.004,-0.063,-0.188,0.313,0.004,-0.008,1.000,-0.004,0.000,0.012,0.000,0.000,0.000,0.000,0,NULL,NULL,,0,0,0,7,255,0,250,0,0
baseline,6866,6866,0,6866,80973.282,0.972,-0.001,0.006,-0.235,0,0,0,0,0,0,0,0,0,0.000,0,WARMING_UP,0,0,0.424,0.004,-0.063,-0.188,0.375,0.008,-0.008,1.000,-0.004,0.000,-0.008,0.000,0.000,0.000,0.000,0,NULL,NULL,,0,0,0,7,255,0,250,0,0
baseline,6872,6872,0,6872,80978.283,0.972,-0.001,0.006,-0.235,0,0,0,0,0,0,0,0,0,0.000,0,WARMING_UP,0,0,0.405,0.004,-0.250,-0.063,0.313,0.004,-0.008,1.004,-0.004,0.000,-0.008,0.000,0.000,0.000,0.000,0,NULL,NULL,,0,0,0,7,255,0,250,0,0
baseline,6877,6877,0,6877,80983.283,0.972,-0.001,0.006,-0.235,0,0,0,0,0,0,0,0,0,0.000,0,WARMING_UP,0,0,0.424,0.000,-0.188,-0.063,0.375,0.004,-0.012,1.004,0.000,0.000,0.012,0.000,0.000,0.000,0.000,0,NULL,NULL,,0,0,0,7,255,0,250,0,0
baseline,6882,6882,0,6882,80988.283,0.972,-0.001,0.006,-0.235,0,0,0,0,0,0,0,0,0,0.000,0,WARMING_UP,0,0,0.415,0.008,-0.125,-0.125,0.375,0.004,-0.012,1.000,0.000,-0.008,0.012,0.000,0.000,0.000,0.000,0,NULL,NULL,,0,0,0,7,255,0,250,0,0
baseline,6886,6886,0,6886,80993.282,0.972,-0.001,0.006,-0.235,0,0,0,0,0,0,0,0,0,0.000,0,WARMING_UP,0,0,0.400,0.008,-0.063,-0.125,0.375,0.004,-0.008,1.000,0.000,-0.008,0.000,0.000,0.000,0.000,0.000,0,NULL,NULL,,0,0,0,7,255,0,250,0,0
baseline,6892,6892,0,6892,80998.283,0.972,-0.001,0.006,-0.235,0,0,0,0,0,0,0,0,0,0.000,0,WARMING_UP,0,0,0.385,0.009,-0.188,-0.125,0.313,0.004,-0.008,1.000,-0.004,0.008,0.000,0.000,0.000,0.000,0.000,0,NULL,NULL,,0,0,0,7,255,0,250,0,0
baseline,6896,6896,0,6896,81003.282,0.972,-0.001,0.006,-0.235,0,0,0,0,0,0,0,0,0,0.000,0,WARMING_UP,0,0,0.459,0.014,-0.313,-0.125,0.313,0.004,-0.008,1.004,-0.012,0.008,0.000,0.000,0.000,0.000,0.000,0,NULL,NULL,,0,0,0,7,255,0,250,0,0
baseline,6902,6902,0,6902,81008.283,0.972,-0.001,0.006,-0.235,0,0,0,0,0,0,0,0,0,0.000,0,WARMING_UP,0,0,0.468,0.012,-0.250,-0.125,0.375,0.004,-0.008,1.004,-0.012,-0.004,0.004,0.000,0.000,0.000,0.000,0,NULL,NULL,,0,0,0,7,255,0,250,0,0
baseline,6907,6907,0,6907,81013.283,0.972,-0.001,0.006,-0.235,0,0,0,0,0,0,0,0,0,0.000,0,WARMING_UP,0,0,0.415,0.006,-0.125,-0.125,0.375,0.004,-0.012,1.000,-0.004,-0.004,0.004,0.000,0.000,0.000,0.000,0,NULL,NULL,,0,0,0,7,255,0,250,0,0
baseline,6912,6912,0,6912,81018.283,0.972,-0.001,0.006,-0.235,0,0,0,0,0,0,0,0,0,0.000,0,WARMING_UP,0,0,0.400,0.004,-0.063,-0.125,0.375,0.004,-0.008,1.000,0.000,-0.004,-0.004,0.000,0.000,0.000,0.000,0,NULL,NULL,,0,0,0,7,255,0,250,0,0
baseline,6917,6917,0,6917,81023.283,0.972,-0.001,0.006,-0.235,0,0,0,0,0,0,0,0,0,0.000,0,WARMING_UP,0,0,0.405,0.000,-0.250,-0.063,0.313,0.004,-0.008,1.000,0.000,0.000,-0.004,0.000,0.000,0.000,0.000,0,NULL,NULL,,0,0,0,7,255,0,250,0,0
baseline,6922,6922,0,6922,81028.283,0.972,-0.001,0.006,-0.235,0,0,0,0,0,0,0,0,0,0.000,0,WARMING_UP,0,0,0.468,0.004,-0.250,-0.125,0.375,0.004,-0.008,1.004,-0.004,0.000,0.000,0.000,0.000,0.000,0.000,0,NULL,NULL,,0,0,0,7,255,0,250,0,0
baseline,6926,6926,0,6926,81033.282,0.972,-0.001,0.006,-0.235,0,0,0,0,0,0,0,0,0,0.000,0,WARMING_UP,0,0,0.385,0.006,-0.188,-0.125,0.313,0.004,-0.012,1.004,-0.004,-0.004,0.004,0.000,0.000,0.000,0.000,0,NULL,NULL,,0,0,0,7,255,0,250,0,0
baseline,6932,6932,0,6932,81038.283,0.972,-0.001,0.006,-0.235,0,0,0,0,0,0,0,0,0,0.000,0,WARMING_UP,0,0,0.385,0.006,-0.125,-0.188,0.313,0.004,-0.008,1.000,-0.004,-0.004,0.004,0.000,0.000,0.000,0.000,0,NULL,NULL,,0,0,0,7,255,0,250,0,0
baseline,6936,6936,0,6936,81043.282,0.972,-0.001,0.006,-0.235,0,0,0,0,0,0,0,0,0,0.000,0,WARMING_UP,0,0,0.438,0.004,-0.188,-0.125,0.375,0.004,-0.008,1.000,-0.004,0.000,-0.004,0.000,0.000,0.000,0.000,0,NULL,NULL,,0,0,0,7,255,0,250,0,0
baseline,6942,6942,0,6942,81048.283,0.972,-0.001,0.006,-0.235,0,0,0,0,0,0,0,0,0,0.000,0,WARMING_UP,0,0,0.405,0.008,-0.250,-0.063,0.313,0.004,-0.008,1.004,-0.008,0.000,-0.004,0.000,0.000,0.000,0.000,0,NULL,NULL,,0,0,0,7,255,0,250,0,0
baseline,6947,6947,0,6947,81053.283,0.972,-0.001,0.006,-0.235,0,0,0,0,0,0,0,0,0,0.000,0,WARMING_UP,0,0,0.419,0.004,-0.250,-0.125,0.313,0.004,-0.012,1.004,-0.004,0.000,0.012,0.000,0.000,0.000,0.000,0,NULL,NULL,,0,0,0,7,255,0,250,0,0
baseline,6952,6952,0,6952,81058.283,0.972,-0.001,0.006,-0.235,0,0,0,0,0,0,0,0,0,0.000,0,WARMING_UP,0,0,0.438,0.004,-0.125,-0.188,0.375,0.004,-0.008,1.000,0.000,-0.004,0.012,0.000,0.000,0.000,0.000,0,NULL,NULL,,0,0,0,7,255,0,250,0,0
baseline,6956,6956,0,6956,81063.282,0.972,-0.001,0.006,-0.235,0,0,0,0,0,0,0,0,0,0.000,0,WARMING_UP,0,0,0.359,0.004,-0.125,-0.125,0.313,0.004,-0.008,1.004,0.000,-0.004,0.004,0.000,0.000,0.000,0.000,0,NULL,NULL,,0,0,0,7,255,0,250,0,0
baseline,6962,6962,0,6962,81068.283,0.972,-0.001,0.006,-0.235,0,0,0,0,0,0,0,0,0,0.000,0,WARMING_UP,0,0,0.419,0.006,-0.250,-0.125,0.313,0.004,-0.008,1.000,-0.004,-0.004,0.000,0.000,0.000,0.000,0.000,0,NULL,NULL,,0,0,0,7,255,0,250,0,0
baseline,6966,6966,0,6966,81073.282,0.972,-0.001,0.006,-0.235,0,0,0,0,0,0,0,0,0,0.000,0,WARMING_UP,0,0,0.504,0.009,-0.313,-0.125,0.375,0.004,-0.008,1.004,-0.008,0.004,0.004,0.000,0.000,0.000,0.000,0,NULL,NULL,,0,0,0,7,255,0,250,0,0
baseline,6972,6972,0,6972,81078.283,0.972,-0.001,0.006,-0.235,0,0,0,0,0,0,0,0,0,0.000,0,WARMING_UP,0,0,0.419,0.009,-0.250,-0.125,0.313,0.004,-0.012,1.004,-0.008,0.004,0.004,0.000,0.000,0.000,0.000,0,NULL,NULL,,0,0,0,7,255,0,250,0,0
baseline,6977,6977,0,6977,81083.285,0.972,-0.001,0.006,-0.235,0,0,0,0,0,0,0,0,0,0.000,0,WARMING_UP,0,0,0.342,0.004,-0.063,-0.125,0.313,0.004,-0.008,1.000,0.000,0.004,0.004,0.000,0.000,0.000,0.000,0,NULL,NULL,,0,0,0,7,255,0,250,0,0
baseline,6982,6982,0,6982,81088.283,0.972,-0.001,0.006,-0.235,0,0,0,0,0,0,0,0,0,0.000,0,WARMING_UP,0,0,0.342,0.000,-0.125,-0.063,0.313,0.004,-0.008,1.000,0.000,0.000,-0.008,0.000,0.000,0.000,0.000,0,NULL,NULL,,0,0,0,7,255,0,250,0,0
baseline,6986,6986,0,6986,81093.282,0.972,-0.001,0.006,-0.236,0,0,0,0,0,0,0,0,0,0.000,0,WARMING_UP,0,0,0.419,0.006,-0.250,-0.125,0.313,0.004,-0.008,1.004,-0.004,0.004,-0.008,0.000,0.000,0.000,0.000,0,NULL,NULL,,0,0,0,7,255,0,250,0,0
baseline,6992,6992,0,6992,81098.283,0.972,-0.001,0.006,-0.236,0,0,0,0,0,0,0,0,0,0.000,0,WARMING_UP,0,0,0.534,0.004,-0.375,-0.063,0.375,0.004,-0.012,1.004,-0.004,0.000,0.004,0.000,0.000,0.000,0.000,0,NULL,NULL,,0,0,0,7,255,0,250,0,0
baseline,6996,6996,0,6996,81103.282,0.972,-0.001,0.006,-0.236,0,0,0,0,0,0,0,0,0,0.000,0,WARMING_UP,0,0,0.438,0.008,-0.188,-0.125,0.375,0.004,-0.012,1.000,0.000,-0.008,0.004,0.000,0.000,0.000,0.000,0,NULL,NULL,,0,0,0,7,255,0,250,0,0
baseline,7002,7002,0,7002,81108.283,0.972,-0.001,0.006,-0.236,0,0,0,0,0,0,0,0,0,0.000,0,WARMING_UP,0,0,0.385,0.009,-0.063,-0.063,0.375,0.004,-0.008,1.000,0.004,-0.008,-0.004,0.000,0.000,0.000,0.000,0,NULL,NULL,,0,0,0,7,255,0,250,0,0
baseline,7006,7006,0,7006,81113.282,0.972,-0.001,0.006,-0.236,0,0,0,0,0,0,0,0,0,0.000,0,WARMING_UP,0,0,0.359,0.004,-0.125,-0.125,0.313,0.004,-0.008,1.000,0.004,0.000,-0.004,0.000,0.000,0.000,0.000,0,NULL,NULL,,0,0,0,7,255,0,250,0,0
baseline,7012,7012,0,7012,81118.283,0.972,-0.001,0.006,-0.236,0,0,0,0,0,0,0,0,0,0.000,0,WARMING_UP,0,0,0.545,0.012,-0.375,-0.125,0.375,0.004,-0.008,1.004,-0.012,0.004,0.000,0.000,0.000,0.000,0.000,0,NULL,NULL,,0,0,0,7,255,0,250,0,0
baseline,7017,7017,0,7017,81123.283,0.972,-0.001,0.006,-0.236,0,0,0,0,0,0,0,0,0,0.000,0,WARMING_UP,0,0,0.455,0.012,-0.250,-0.063,0.375,0.004,-0.012,1.004,-0.012,0.004,0.012,0.000,0.000,0.000,0.000,0,NULL,NULL,,0,0,0,7,255,0,250,0,0
baseline,7022,7022,0,7022,81128.283,0.972,-0.001,0.006,-0.236,0,0,0,0,0,0,0,0,0,0.000,0,WARMING_UP,0,0,0.400,0.012,-0.063,-0.125,0.375,0.004,-0.012,1.000,-0.004,-0.012,0.012,0.000,0.000,0.000,0.000,0,NULL,NULL,,0,0,0,7,255,0,250,0,0
baseline,7027,7027,0,7027,81133.285,0.972,-0.001,0.006,-0.236,0,0,0,0,0,0,0,0,0,0.000,0,WARMING_UP,0,0,0.400,0.012,-0.063,-0.125,0.375,0.004,-0.008,1.000,-0.004,-0.012,-0.016,0.000,0.000,0.000,0.000,0,NULL,NULL,,0,0,0,7,255,0,250,0,0
baseline,7032,7032,0,7032,81138.283,0.972,-0.001,0.006,-0.236,0,0,0,0,0,0,0,0,0,0.000,0,WARMING_UP,0,0,0.459,0.014,-0.313,-0.125,0.313,0.004,-0.008,1.000,-0.008,0.012,-0.016,0.000,0.000,0.000,0.000,0,NULL,NULL,,0,0,0,7,255,0,250,0,0
baseline,7036,7036,0,7036,81143.282,0.972,-0.001,0.006,-0.236,0,0,0,0,0,0,0,0,0,0.000,0,WARMING_UP,0,0,0.534,0.014,-0.375,-0.063,0.375,0.004,-0.012,1.004,-0.008,0.012,0.000,0.000,0.000,0.000,0.000,0,NULL,NULL,,0,0,0,7,255,0,250,0,0
baseline,7042,7042,0,7042,81148.283,0.972,-0.001,0.006,-0.236,0,0,0,0,0,0,0,0,0,0.000,0,WARMING_UP,0,0,0.415,0.006,-0.125,-0.125,0.375,0.004,-0.012,1.000,0.004,-0.004,0.000,0.000,0.000,0.000,0.000,0,NULL,NULL,,0,0,0,7,255,0,250,0,0
baseline,7046,7046,0,7046,81153.282,0.972,-0.001,0.006,-0.236,0,0,0,0,0,0,0,0,0,0.000,0,WARMING_UP,0,0,0.395,0.006,0.000,-0.125,0.375,0.004,-0.008,1.000,0.004,-0.004,-0.004,0.000,0.000,0.000,0.000,0,NULL,NULL,,0,0,0,7,255,0,250,0,0
baseline,7052,7052,0,7052,81158.283,0.972,-0.001,0.006,-0.236,0,0,0,0,0,0,0,0,0,0.000,0,WARMING_UP,0,0,0.438,0.008,-0.125,-0.188,0.375,0.004,-0.008,1.000,0.000,0.008,-0.004,0.000,0.000,0.000,0.000,0,NULL,NULL,,0,0,0,7,255,0,250,0,0
baseline,7056,7056,0,7056,81163.282,0.972,-0.001,0.006,-0.236,0,0,0,0,0,0,0,0,0,0.000,0,WARMING_UP,0,0,0.504,0.008,-0.375,-0.125,0.313,0.004,-0.012,1.004,0.000,0.008,0.000,0.000,0.000,0.000,0.000,0,NULL,NULL,,0,0,0,7,255,0,250,0,0
baseline,7062,7062,0,7062,81168.283,0.972,-0.001,0.006,-0.236,0,0,0,0,0,0,0,0,0,0.000,0,WARMING_UP,0,0,0.419,0.012,-0.250,-0.125,0.313,0.004,-0.012,1.000,0.000,-0.012,0.000,0.000,0.000,0.000,0.000,0,NULL,NULL,,0,0,0,7,255,0,250,0,0
baseline,7067,7067,0,7067,81173.283,0.972,-0.001,0.006,-0.236,0,0,0,0,0,0,0,0,0,0.000,0,WARMING_UP,0,0,0.400,0.012,-0.063,-0.125,0.375,0.004,-0.012,1.000,0.004,-0.012,0.000,0.000,0.000,0.000,0.000,0,NULL,NULL,,0,0,0,7,255,0,250,0,0
baseline,7071,7071,0,7071,81178.282,0.972,-0.001,0.006,-0.236,0,0,0,0,0,0,0,0,0,0.000,0,WARMING_UP,0,0,0.424,0.004,-0.063,-0.188,0.375,0.004,-0.008,1.000,0.000,-0.004,-0.004,0.000,0.000,0.000,0.000,0,NULL,NULL,,0,0,0,7,255,0,250,0,0
baseline,7077,7077,0,7077,81183.285,0.972,-0.001,0.006,-0.236,0,0,0,0,0,0,0,0,0,0.000,0,WARMING_UP,0,0,0.468,0.016,-0.250,-0.125,0.375,0.004,-0.008,1.004,-0.004,0.016,-0.004,0.000,0.000,0.000,0.000,0,NULL,NULL,,0,0,0,7,255,0,250,0,0
baseline,7082,7082,0,7082,81188.283,0.972,-0.001,0.006,-0.236,0,0,0,0,0,0,0,0,0,0.000,0,WARMING_UP,0,0,0.492,0.016,-0.313,-0.063,0.375,0.004,-0.012,1.004,-0.004,0.016,0.004,0.000,0.000,0.000,0.000,0,NULL,NULL,,0,0,0,7,255,0,250,0,0
baseline,7086,7086,0,7086,81193.282,0.972,-0.001,0.006,-0.236,0,0,0,0,0,0,0,0,0,0.000,0,WARMING_UP,0,0,0.438,0.009,-0.125,-0.188,0.375,0.004,-0.012,1.004,-0.004,-0.008,0.004,0.000,0.000,0.000,0.000,0,NULL,NULL,,0,0,0,7,255,0,250,0,0
baseline,7092,7092,0,7092,81198.283,0.972,-0.001,0.006,-0.236,0,0,0,0,0,0,0,0,0,0.000,0,WARMING_UP,0,0,0.438,0.009,-0.125,-0.188,0.375,0.004,-0.008,1.000,-0.004,-0.008,0.004,0.000,0.000,0.000,0.000,0,NULL,NULL,,0,0,0,7,255,0,250,0,0
baseline,7096,7096,0,7096,81203.282,0.972,-0.001,0.006,-0.236,0,0,0,0,0,0,0,0,0,0.000,0,WARMING_UP,0,0,0.459,0.012,-0.188,-0.188,0.375,0.004,-0.008,1.000,-0.004,0.012,-0.004,0.000,0.000,0.000,0.000,0,NULL,NULL,,0,0,0,7,255,0,250,0,0
baseline,7102,7102,0,7102,81208.283,0.972,-0.001,0.006,-0.236,0,0,0,0,0,0,0,0,0,0.000,0,WARMING_UP,0,0,0.504,0.014,-0.313,-0.125,0.375,0.004,-0.012,1.004,-0.008,0.012,-0.004,0.000,0.000,0.000,0.000,0,NULL,NULL,,0,0,0,7,255,0,250,0,0
baseline,7106,7106,0,7106,81213.282,0.972,-0.001,0.006,-0.236,0,0,0,0,0,0,0,0,0,0.000,0,WARMING_UP,0,0,0.438,0.006,-0.188,-0.125,0.375,0.004,-0.012,1.004,0.004,-0.004,0.012,0.000,0.000,0.000,0.000,0,NULL,NULL,,0,0,0,7,255,0,250,0,0
baseline,7112,7112,0,7112,81218.283,0.972,-0.001,0.006,-0.236,0,0,0,0,0,0,0,0,0,0.000,0,WARMING_UP,0,0,0.359,0.004,-0.125,-0.125,0.313,0.004,-0.008,1.000,0.000,-0.004,0.012,0.000,0.000,0.000,0.000,0,NULL,NULL,,0,0,0,7,255,0,250,0,0
baseline,7117,7117,0,7117,81223.283,0.972,-0.001,0.006,-0.236,0,0,0,0,0,0,0,0,0,0.000,0,WARMING_UP,0,0,0.359,0.004,-0.125,-0.125,0.313,0.004,-0.008,1.000,0.000,-0.004,-0.008,0.000,0.000,0.000,0.000,0,NULL,NULL,,0,0,0,7,255,0,250,0,0
baseline,7122,7122,0,7122,81228.283,0.972,-0.001,0.006,-0.236,0,0,0,0,0,0,0,0,0,0.000,0,WARMING_UP,0,0,0.419,0.016,-0.250,-0.125,0.313,0.004,-0.008,1.000,0.000,0.016,-0.008,0.000,0.000,0.000,0.000,0,NULL,NULL,,0,0,0,7,255,0,250,0,0
baseline,7126,7126,0,7126,81233.282,0.972,-0.001,0.006,-0.236,0,0,0,0,0,0,0,0,0,0.000,0,WARMING_UP,0,0,0.468,0.016,-0.250,-0.125,0.375,0.004,-0.012,1.004,0.000,0.016,-0.004,0.000,0.000,0.000,0.000,0,NULL,NULL,,0,0,0,7,255,0,250,0,0
baseline,7132,7132,0,7132,81238.283,0.972,-0.001,0.006,-0.236,0,0,0,0,0,0,0,0,0,0.000,0,WARMING_UP,0,0,0.385,0.004,-0.188,-0.125,0.313,0.004,-0.008,1.000,0.000,-0.004,-0.004,0.000,0.000,0.000,0.000,0,NULL,NULL,,0,0,0,7,255,0,250,0,0
baseline,7136,7136,0,7136,81243.282,0.972,-0.001,0.006,-0.236,0,0,0,0,0,0,0,0,0,0.000,0,WARMING_UP,0,0,0.400,0.004,-0.063,-0.125,0.375,0.004,-0.008,1.000,0.000,-0.004,-0.004,0.000,0.000,0.000,0.000,0,NULL,NULL,,0,0,0,7,255,0,250,0,0
baseline,7142,7142,0,7142,81248.283,0.972,-0.001,0.006,-0.236,0,0,0,0,0,0,0,0,0,0.000,0,WARMING_UP,0,0,0.415,0.004,-0.125,-0.125,0.375,0.004,-0.008,1.000,0.000,-0.004,-0.004,0.000,0.000,0.000,0.000,0,NULL,NULL,,0,0,0,7,255,0,250,0,0
baseline,7147,7147,0,7147,81253.283,0.972,-0.001,0.006,-0.236,0,0,0,0,0,0,0,0,0,0.000,0,WARMING_UP,0,0,0.438,0.000,-0.188,-0.125,0.375,0.004,-0.008,1.004,0.000,0.000,-0.004,0.000,0.000,0.000,0.000,0,NULL,NULL,,0,0,0,7,255,0,250,0,0
baseline,7152,7152,0,7152,81258.283,0.972,-0.001,0.006,-0.236,0,0,0,0,0,0,0,0,0,0.000,0,WARMING_UP,0,0,0.419,0.004,-0.250,-0.125,0.313,0.004,-0.008,1.004,0.000,0.004,0.004,0.000,0.000,0.000,0.000,0,NULL,NULL,,0,0,0,7,255,0,250,0,0
baseline,7156,7156,0,7156,81263.282,0.972,-0.001,0.006,-0.236,0,0,0,0,0,0,0,0,0,0.000,0,WARMING_UP,0,0,0.385,0.000,-0.188,-0.125,0.313,0.004,-0.008,1.000,0.000,0.000,0.004,0.000,0.000,0.000,0.000,0,NULL,NULL,,0,0,0,7,255,0,250,0,0
baseline,7162,7162,0,7162,81268.283,0.972,-0.001,0.006,-0.236,0,0,0,0,0,0,0,0,0,0.000,0,WARMING_UP,0,0,0.438,0.000,-0.188,-0.125,0.375,0.004,-0.008,1.000,0.000,0.000,-0.004,0.000,0.000,0.000,0.000,0,NULL,NULL,,0,0,0,7,255,0,250,0,0
baseline,7166,7166,0,7166,81273.282,0.972,-0.001,0.006,-0.236,0,0,0,0,0,0,0,0,0,0.000,0,WARMING_UP,0,0,0.359,0.000,-0.125,-0.125,0.313,0.004,-0.008,1.000,0.000,0.000,-0.004,0.000,0.000,0.000,0.000,0,NULL,NULL,,0,0,0,7,255,0,250,0,0
baseline,7172,7172,0,7172,81278.283,0.972,-0.001,0.006,-0.236,0,0,0,0,0,0,0,0,0,0.000,0,WARMING_UP,0,0,0.468,0.008,-0.250,-0.125,0.375,0.004,-0.008,1.004,0.000,0.008,0.000,0.000,0.000,0.000,0.000,0,NULL,NULL,,0,0,0,7,255,0,250,0,0
baseline,7177,7177,0,7177,81283.283,0.972,-0.001,0.006,-0.236,0,0,0,0,0,0,0,0,0,0.000,0,WARMING_UP,0,0,0.468,0.011,-0.250,-0.125,0.375,0.004,-0.008,1.000,-0.008,0.008,0.000,0.000,0.000,0.000,0.000,0,NULL,NULL,,0,0,0,7,255,0,250,0,0
baseline,7182,7182,0,7182,81288.283,0.972,-0.001,0.006,-0.236,0,0,0,0,0,0,0,0,0,0.000,0,WARMING_UP,0,0,0.438,0.008,-0.188,-0.125,0.375,0.004,-0.012,1.000,-0.008,0.000,0.000,0.000,0.000,0.000,0.000,0,NULL,NULL,,0,0,0,7,255,0,250,0,0
baseline,7186,7186,0,7186,81293.282,0.972,-0.001,0.006,-0.236,0,0,0,0,0,0,0,0,0,0.000,0,WARMING_UP,0,0,0.415,0.004,-0.125,-0.125,0.375,0.004,-0.008,1.000,0.004,0.000,-0.004,0.000,0.000,0.000,0.000,0,NULL,NULL,,0,0,0,7,255,0,250,0,0
baseline,7192,7192,0,7192,81298.283,0.972,-0.001,0.006,-0.236,0,0,0,0,0,0,0,0,0,0.000,0,WARMING_UP,0,0,0.455,0.004,-0.250,-0.063,0.375,0.004,-0.008,1.004,0.004,0.000,-0.004,0.000,0.000,0.000,0.000,0,NULL,NULL,,0,0,0,7,255,0,250,0,0
baseline,7196,7196,0,7196,81303.282,0.972,-0.001,0.006,-0.236,0,0,0,0,0,0,0,0,0,0.000,0,WARMING_UP,0,0,0.504,0.004,-0.313,-0.125,0.375,0.004,-0.012,1.000,-0.004,0.000,0.000,0.000,0.000,0.000,0.000,0,NULL,NULL,,0,0,0,7,255,0,250,0,0
baseline,7202,7202,0,7202,81308.283,0.972,-0.001,0.006,-0.236,0,0,0,0,0,0,0,0,0,0.000,0,WARMING_UP,0,0,0.424,0.009,-0.188,-0.063,0.375,0.004,-0.012,1.000,-0.004,-0.008,0.000,0.000,0.000,0.000,0.000,0,NULL,NULL,,0,0,0,7,255,0,250,0,0
baseline,7207,7207,0,7207,81313.283,0.972,-0.001,0.006,-0.236,0,0,0,0,0,0,0,0,0,0.000,0,WARMING_UP,0,0,0.342,0.008,-0.063,-0.125,0.313,0.004,-0.008,1.000,0.000,-0.008,-0.004,0.000,0.000,0.000,0.000,0,NULL,NULL,,0,0,0,7,255,0,250,0,0
baseline,7212,7212,0,7212,81318.283,0.972,-0.001,0.006,-0.236,0,0,0,0,0,0,0,0,0,0.000,0,WARMING_UP,0,0,0.415,0.008,-0.125,-0.125,0.375,0.004,-0.008,1.000,0.000,0.008,-0.016,0.000,0.000,0.000,0.000,0,NULL,NULL,,0,0,0,7,255,0,250,0,0
baseline,7217,7217,0,7217,81323.283,0.972,-0.001,0.006,-0.236,0,0,0,0,0,0,0,0,0,0.000,0,WARMING_UP,0,0,0.504,0.008,-0.375,-0.125,0.313,0.004,-0.008,1.004,0.000,0.008,-0.016,0.000,0.000,0.000,0.000,0,NULL,NULL,,0,0,0,7,255,0,250,0,0
baseline,7222,7222,0,7222,81328.283,0.972,-0.001,0.006,-0.236,0,0,0,0,0,0,0,0,0,0.000,0,WARMING_UP,0,0,0.468,0.004,-0.250,-0.125,0.375,0.004,-0.012,1.004,0.000,0.004,0.004,0.000,0.000,0.000,0.000,0,NULL,NULL,,0,0,0,7,255,0,250,0,0
baseline,7226,7226,0,7226,81333.282,0.972,-0.001,0.006,-0.236,0,0,0,0,0,0,0,0,0,0.000,0,WARMING_UP,0,0,0.400,0.009,-0.063,-0.125,0.375,0.004,-0.012,1.000,0.004,-0.008,0.004,0.000,0.000,0.000,0.000,0,NULL,NULL,,0,0,0,7,255,0,250,0,0
baseline,7232,7232,0,7232,81338.283,0.972,-0.001,0.006,-0.236,0,0,0,0,0,0,0,0,0,0.000,0,WARMING_UP,0,0,0.364,0.008,0.000,-0.188,0.313,0.004,-0.008,1.000,0.000,-0.008,-0.004,0.000,0.000,0.000,0.000,0,NULL,NULL,,0,0,0,7,255,0,250,0,0
baseline,7236,7236,0,7236,81343.282,0.972,-0.001,0.006,-0.236,0,0,0,0,0,0,0,0,0,0.000,0,WARMING_UP,0,0,0.459,0.004,-0.313,-0.125,0.313,0.004,-0.008,1.004,0.000,0.004,-0.004,0.000,0.000,0.000,0.000,0,NULL,NULL,,0,0,0,7,255,0,250,0,0
baseline,7242,7242,0,7242,81348.283,0.972,-0.001,0.006,-0.236,0,0,0,0,0,0,0,0,0,0.000,0,WARMING_UP,0,0,0.504,0.004,-0.375,-0.125,0.313,0.004,-0.012,1.004,0.000,0.004,0.004,0.000,0.000,0.000,0.000,0,NULL,NULL,,0,0,0,7,255,0,250,0,0
baseline,7247,7247,0,7247,81353.283,0.972,-0.001,0.006,-0.236,0,0,0,0,0,0,0,0,0,0.000,0,WARMING_UP,0,0,0.438,0.016,-0.188,-0.125,0.375,0.004,-0.012,1.000,0.000,-0.016,0.004,0.000,0.000,0.000,0.000,0,NULL,NULL,,0,0,0,7,255,0,250,0,0
baseline,7252,7252,0,7252,81358.283,0.972,-0.001,0.006,-0.236,0,0,0,0,0,0,0,0,0,0.000,0,WARMING_UP,0,0,0.419,0.016,0.000,-0.188,0.375,0.004,-0.012,1.000,0.000,-0.016,0.000,0.000,0.000,0.000,0.000,0,NULL,NULL,,0,0,0,7,255,0,250,0,0
baseline,7256,7256,0,7256,81363.282,0.972,-0.001,0.006,-0.236,0,0,0,0,0,0,0,0,0,0.000,0,WARMING_UP,0,0,0.385,0.008,-0.188,-0.125,0.313,0.004,-0.008,1.000,0.000,-0.008,0.000,0.000,0.000,0.000,0.000,0,NULL,NULL,,0,0,0,7,255,0,250,0,0
baseline,7262,7262,0,7262,81368.283,0.972,-0.001,0.006,-0.236,0,0,0,0,0,0,0,0,0,0.000,0,WARMING_UP,0,0,0.504,0.008,-0.375,-0.125,0.313,0.004,-0.008,1.004,0.000,0.008,0.000,0.000,0.000,0.000,0.000,0,NULL,NULL,,0,0,0,7,255,0,250,0,0
baseline,7266,7266,0,7266,81373.282,0.972,-0.001,0.006,-0.236,0,0,0,0,0,0,0,0,0,0.000,0,WARMING_UP,0,0,0.419,0.008,-0.250,-0.125,0.313,0.004,-0.012,1.004,0.000,0.008,0.004,0.000,0.000,0.000,0.000,0,NULL,NULL,,0,0,0,7,255,0,250,0,0
baseline,7272,7272,0,7272,81378.283,0.972,-0.001,0.006,-0.236,0,0,0,0,0,0,0,0,0,0.000,0,WARMING_UP,0,0,0.424,0.008,-0.063,-0.188,0.375,0.004,-0.012,1.000,0.000,-0.008,0.004,0.000,0.000,0.000,0.000,0,NULL,NULL,,0,0,0,7,255,0,250,0,0
baseline,7277,7277,0,7277,81383.285,0.972,-0.001,0.006,-0.236,0,0,0,0,0,0,0,0,0,0.000,0,WARMING_UP,0,0,0.400,0.008,-0.063,-0.125,0.375,0.004,-0.008,1.000,0.000,-0.008,-0.008,0.000,0.000,0.000,0.000,0,NULL,NULL,,0,0,0,7,255,0,250,0,0
baseline,7282,7282,0,7282,81388.283,0.972,-0.001,0.006,-0.236,0,0,0,0,0,0,0,0,0,0.000,0,WARMING_UP,0,0,0.504,0.008,-0.375,-0.125,0.313,0.004,-0.008,1.004,0.000,0.008,-0.008,0.000,0.000,0.000,0.000,0,NULL,NULL,,0,0,0,7,255,0,250,0,0
baseline,7286,7286,0,7286,81393.282,0.972,-0.001,0.006,-0.236,0,0,0,0,0,0,0,0,0,0.000,0,WARMING_UP,0,0,0.446,0.008,-0.313,-0.063,0.313,0.004,-0.012,1.004,0.000,0.008,0.004,0.000,0.000,0.000,0.000,0,NULL,NULL,,0,0,0,7,255,0,250,0,0
baseline,7292,7292,0,7292,81398.283,0.972,-0.001,0.006,-0.236,0,0,0,0,0,0,0,0,0,0.000,0,WARMING_UP,0,0,0.400,0.012,-0.125,-0.063,0.375,0.004,-0.012,1.004,0.000,-0.012,0.004,0.000,0.000,0.000,0.000,0,NULL,NULL,,0,0,0,7,255,0,250,0,0
baseline,7296,7296,0,7296,81403.282,0.972,-0.001,0.006,-0.236,0,0,0,0,0,0,0,0,0,0.000,0,WARMING_UP,0,0,0.424,0.012,0.063,-0.188,0.375,0.004,-0.008,1.000,-0.004,-0.012,0.004,0.000,0.000,0.000,0.000,0,NULL,NULL,,0,0,0,7,255,0,250,0,0
baseline,7302,7302,0,7302,81408.283,0.972,-0.001,0.006,-0.236,0,0,0,0,0,0,0,0,0,0.000,0,WARMING_UP,0,0,0.385,0.006,-0.188,-0.125,0.313,0.008,-0.008,1.000,-0.004,0.004,-0.008,0.000,0.000,0.000,0.000,0,NULL,NULL,,0,0,0,7,255,0,250,0,0
baseline,7306,7306,0,7306,81413.282,0.972,-0.001,0.006,-0.236,0,0,0,0,0,0,0,0,0,0.000,0,WARMING_UP,0,0,0.534,0.004,-0.375,-0.063,0.375,0.004,-0.008,1.004,0.000,0.004,-0.008,0.000,0.000,0.000,0.000,0,NULL,NULL,,0,0,0,7,255,0,250,0,0
baseline,7312,7312,0,7312,81418.283,0.972,-0.001,0.006,-0.236,0,0,0,0,0,0,0,0,0,0.000,0,WARMING_UP,0,0,0.385,0.004,-0.188,-0.125,0.313,0.004,-0.008,1.004,0.000,0.004,0.012,0.000,0.000,0.000,0.000,0,NULL,NULL,,0,0,0,7,255,0,250,0,0
baseline,7317,7317,0,7317,81423.283,0.972,-0.001,0.006,-0.236,0,0,0,0,0,0,0,0,0,0.000,0,WARMING_UP,0,0,0.385,0.006,-0.125,-0.188,0.313,0.004,-0.008,1.000,-0.004,0.004,0.012,0.000,0.000,0.000,0.000,0,NULL,NULL,,0,0,0,7,255,0,250,0,0
baseline,7322,7322,0,7322,81428.283,0.972,-0.001,0.006,-0.236,0,0,0,0,0,0,0,0,0,0.000,0,WARMING_UP,0,0,0.459,0.006,-0.188,-0.188,0.375,0.004,-0.008,1.000,-0.004,0.004,-0.004,0.000,0.000,0.000,0.000,0,NULL,NULL,,0,0,0,7,255,0,250,0,0
baseline,7327,7327,0,7327,81433.285,0.972,-0.001,0.006,-0.236,0,0,0,0,0,0,0,0,0,0.000,0,WARMING_UP,0,0,0.446,0.004,-0.313,-0.063,0.313,0.004,-0.008,1.004,0.000,0.004,-0.004,0.000,0.000,0.000,0.000,0,NULL,NULL,,0,0,0,7,255,0,250,0,0
baseline,7332,7332,0,7332,81438.283,0.972,-0.001,0.006,-0.236,0,0,0,0,0,0,0,0,0,0.000,0,WARMING_UP,0,0,0.468,0.004,-0.250,-0.125,0.375,0.004,-0.012,1.004,0.000,0.004,0.012,0.000,0.000,0.000,0.000,0,NULL,NULL,,0,0,0,7,255,0,250,0,0
baseline,7336,7336,0,7336,81443.282,0.972,-0.001,0.006,-0.236,0,0,0,0,0,0,0,0,0,0.000,0,WARMING_UP,0,0,0.415,0.000,-0.125,-0.125,0.375,0.004,-0.008,1.004,0.000,0.000,0.012,0.000,0.000,0.000,0.000,0,NULL,NULL,,0,0,0,7,255,0,250,0,0
baseline,7342,7342,0,7342,81448.283,0.972,-0.001,0.006,-0.236,0,0,0,0,0,0,0,0,0,0.000,0,WARMING_UP,0,0,0.359,0.000,-0.125,-0.125,0.313,0.004,-0.008,1.000,0.000,0.000,0.004,0.000,0.000,0.000,0.000,0,NULL,NULL,,0,0,0,7,255,0,250,0,0
baseline,7346,7346,0,7346,81453.282,0.972,-0.001,0.006,-0.237,0,0,0,0,0,0,0,0,0,0.000,0,WARMING_UP,0,0,0.438,0.004,-0.188,-0.125,0.375,0.004,-0.008,1.000,0.000,0.004,-0.004,0.000,0.000,0.000,0.000,0,NULL,NULL,,0,0,0,7,255,0,250,0,0
baseline,7352,7352,0,7352,81458.283,0.972,-0.001,0.006,-0.237,0,0,0,0,0,0,0,0,0,0.000,0,WARMING_UP,0,0,0.492,0.004,-0.313,-0.063,0.375,0.004,-0.008,1.004,0.000,0.004,-0.004,0.000,0.000,0.000,0.000,0,NULL,NULL,,0,0,0,7,255,0,250,0,0
baseline,7356,7356,0,7356,81463.282,0.972,-0.001,0.006,-0.237,0,0,0,0,0,0,0,0,0,0.000,0,WARMING_UP,0,0,0.468,0.004,-0.250,-0.125,0.375,0.004,-0.012,1.004,-0.004,0.000,0.004,0.000,0.000,0.000,0.000,0,NULL,NULL,,0,0,0,7,255,0,250,0,0
baseline,7362,7362,0,7362,81468.283,0.972,-0.001,0.006,-0.237,0,0,0,0,0,0,0,0,0,0.000,0,WARMING_UP,0,0,0.385,0.004,-0.188,-0.125,0.313,0.004,-0.008,1.000,-0.004,0.000,0.004,0.000,0.000,0.000,0.000,0,NULL,NULL,,0,0,0,7,255,0,250,0,0
baseline,7367,7367,0,7367,81473.283,0.972,-0.001,0.006,-0.237,0,0,0,0,0,0,0,0,0,0.000,0,WARMING_UP,0,0,0.359,0.009,-0.125,-0.125,0.313,0.004,-0.012,1.000,-0.004,-0.008,0.000,0.000,0.000,0.000,0.000,0,NULL,NULL,,0,0,0,7,255,0,250,0,0
baseline,7371,7371,0,7371,81478.282,0.972,-0.001,0.006,-0.237,0,0,0,0,0,0,0,0,0,0.000,0,WARMING_UP,0,0,0.370,0.004,-0.188,-0.063,0.313,0.004,-0.008,1.000,0.004,0.000,-0.008,0.000,0.000,0.000,0.000,0,NULL,NULL,,0,0,0,7,255,0,250,0,0
baseline,7377,7377,0,7377,81483.285,0.972,-0.001,0.006,-0.237,0,0,0,0,0,0,0,0,0,0.000,0,WARMING_UP,0,0,0.504,0.004,-0.313,-0.125,0.375,0.004,-0.008,1.004,0.004,0.000,-0.008,0.000,0.000,0.000,0.000,0,NULL,NULL,,0,0,0,7,255,0,250,0,0
baseline,7382,7382,0,7382,81488.283,0.972,-0.001,0.006,-0.237,0,0,0,0,0,0,0,0,0,0.000,0,WARMING_UP,0,0,0.468,0.004,-0.250,-0.125,0.375,0.004,-0.012,1.004,-0.004,0.000,0.012,0.000,0.000,0.000,0.000,0,NULL,NULL,,0,0,0,7,255,0,250,0,0
baseline,7386,7386,0,7386,81493.282,0.972,-0.001,0.006,-0.237,0,0,0,0,0,0,0,0,0,0.000,0,WARMING_UP,0,0,0.385,0.012,-0.188,-0.125,0.313,0.004,-0.012,1.000,-0.004,-0.012,0.012,0.000,0.000,0.000,0.000,0,NULL,NULL,,0,0,0,7,255,0,250,0,0
baseline,7392,7392,0,7392,81498.283,0.972,-0.001,0.006,-0.237,0,0,0,0,0,0,0,0,0,0.000,0,WARMING_UP,0,0,0.424,0.012,-0.063,-0.188,0.375,0.004,-0.008,1.004,-0.004,-0.012,0.004,0.000,0.000,0.000,0.000,0,NULL,NULL,,0,0,0,7,255,0,250,0,0
baseline,7396,7396,0,7396,81503.282,0.972,-0.001,0.006,-0.237,0,0,0,0,0,0,0,0,0,0.000,0,WARMING_UP,0,0,0.438,0.012,-0.188,-0.125,0.375,0.004,-0.008,1.004,0.000,0.012,0.004,0.000,0.000,0.000,0.000,0,NULL,NULL,,0,0,0,7,255,0,250,0,0
baseline,7402,7402,0,7402,81508.283,0.972,-0.001,0.006,-0.237,0,0,0,0,0,0,0,0,0,0.000,0,WARMING_UP,0,0,0.488,0.012,-0.250,-0.188,0.375,0.004,-0.012,1.004,0.000,0.012,0.008,0.000,0.000,0.000,0.000,0,NULL,NULL,,0,0,0,7,255,0,250,0,0
baseline,7406,7406,0,7406,81513.282,0.972,-0.001,0.006,-0.237,0,0,0,0,0,0,0,0,0,0.000,0,WARMING_UP,0,0,0.438,0.006,-0.188,-0.125,0.375,0.004,-0.012,1.000,0.004,-0.004,0.008,0.000,0.000,0.000,0.000,0,NULL,NULL,,0,0,0,7,255,0,250,0,0
baseline,7412,7412,0,7412,81518.283,0.972,-0.001,0.006,-0.237,0,0,0,0,0,0,0,0,0,0.000,0,WARMING_UP,0,0,0.395,0.006,0.000,-0.125,0.375,0.004,-0.012,1.000,0.004,-0.004,-0.008,0.000,0.000,0.000,0.000,0,NULL,NULL,,0,0,0,7,255,0,250,0,0
baseline,7417,7417,0,7417,81523.283,0.972,-0.001,0.006,-0.237,0,0,0,0,0,0,0,0,0,0.000,0,WARMING_UP,0,0,0.438,0.006,-0.125,-0.188,0.375,0.004,-0.008,1.000,0.004,-0.004,-0.008,0.000,0.000,0.000,0.000,0,NULL,NULL,,0,0,0,7,255,0,250,0,0
baseline,7422,7422,0,7422,81528.283,0.972,-0.001,0.006,-0.237,0,0,0,0,0,0,0,0,0,0.000,0,WARMING_UP,0,0,0.504,0.014,-0.375,-0.125,0.313,0.004,-0.008,1.004,-0.008,0.012,-0.004,0.000,0.000,0.000,0.000,0,NULL,NULL,,0,0,0,7,255,0,250,0,0
baseline,7426,7426,0,7426,81533.282,0.972,-0.001,0.006,-0.237,0,0,0,0,0,0,0,0,0,0.000,0,WARMING_UP,0,0,0.468,0.014,-0.250,-0.125,0.375,0.004,-0.012,1.000,-0.008,0.012,0.000,0.000,0.000,0.000,0.000,0,NULL,NULL,,0,0,0,7,255,0,250,0,0
baseline,7432,7432,0,7432,81538.283,0.972,-0.001,0.006,-0.237,0,0,0,0,0,0,0,0,0,0.000,0,WARMING_UP,0,0,0.342,0.014,-0.063,-0.125,0.313,0.004,-0.012,1.000,0.012,-0.008,0.000,0.000,0.000,0.000,0.000,0,NULL,NULL,,0,0,0,7,255,0,250,0,0
baseline,7436,7436,0,7436,81543.282,0.972,-0.001,0.006,-0.237,0,0,0,0,0,0,0,0,0,0.000,0,WARMING_UP,0,0,0.395,0.014,0.000,-0.125,0.375,0.004,-0.008,1.000,0.012,-0.008,0.000,0.000,0.000,0.000,0.000,0,NULL,NULL,,0,0,0,7,255,0,250,0,0
baseline,7442,7442,0,7442,81548.283,0.972,-0.001,0.006,-0.237,0,0,0,0,0,0,0,0,0,0.000,0,WARMING_UP,0,0,0.468,0.012,-0.250,-0.125,0.375,0.004,-0.008,1.000,-0.004,0.012,-0.004,0.000,0.000,0.000,0.000,0,NULL,NULL,,0,0,0,7,255,0,250,0,0
baseline,7447,7447,0,7447,81553.283,0.972,-0.001,0.006,-0.237,0,0,0,0,0,0,0,0,0,0.000,0,WARMING_UP,0,0,0.492,0.012,-0.375,-0.063,0.313,0.004,-0.008,1.004,-0.004,0.012,-0.004,0.000,0.000,0.000,0.000,0,NULL,NULL,,0,0,0,7,255,0,250,0,0
baseline,7452,7452,0,7452,81558.283,0.972,-0.001,0.006,-0.237,0,0,0,0,0,0,0,0,0,0.000,0,WARMING_UP,0,0,0.438,0.004,-0.188,-0.125,0.375,0.004,-0.012,1.004,0.000,0.004,0.004,0.000,0.000,0.000,0.000,0,NULL,NULL,,0,0,0,7,255,0,250,0,0
baseline,7456,7456,0,7456,81563.282,0.972,-0.001,0.006,-0.237,0,0,0,0,0,0,0,0,0,0.000,0,WARMING_UP,0,0,0.419,0.006,0.000,-0.188,0.375,0.004,-0.012,1.000,0.004,-0.004,0.004,0.000,0.000,0.000,0.000,0,NULL,NULL,,0,0,0,7,255,0,250,0,0
baseline,7462,7462,0,7462,81568.283,0.972,-0.001,0.006,-0.237,0,0,0,0,0,0,0,0,0,0.000,0,WARMING_UP,0,0,0.400,0.006,-0.063,-0.125,0.375,0.004,-0.008,1.000,0.004,-0.004,-0.004,0.000,0.000,0.000,0.000,0,NULL,NULL,,0,0,0,7,255,0,250,0,0
baseline,7466,7466,0,7466,81573.282,0.972,-0.001,0.006,-0.237,0,0,0,0,0,0,0,0,0,0.000,0,WARMING_UP,0,0,0.545,0.008,-0.375,-0.125,0.375,0.004,-0.008,1.004,0.000,0.008,-0.004,0.000,0.000,0.000,0.000,0,NULL,NULL,,0,0,0,7,255,0,250,0,0
baseline,7472,7472,0,7472,81578.283,0.972,-0.001,0.006,-0.237,0,0,0,0,0,0,0,0,0,0.000,0,WARMING_UP,0,0,0.504,0.008,-0.313,-0.125,0.375,0.004,-0.012,1.000,0.000,0.008,0.000,0.000,0.000,0.000,0.000,0,NULL,NULL,,0,0,0,7,255,0,250,0,0
baseline,7477,7477,0,7477,81583.285,0.972,-0.001,0.006,-0.237,0,0,0,0,0,0,0,0,0,0.000,0,WARMING_UP,0,0,0.385,0.008,-0.125,-0.188,0.313,0.004,-0.012,1.000,0.000,-0.008,0.000,0.000,0.000,0.000,0.000,0,NULL,NULL,,0,0,0,7,255,0,250,0,0
baseline,7482,7482,0,7482,81588.283,0.972,-0.001,0.006,-0.237,0,0,0,0,0,0,0,0,0,0.000,0,WARMING_UP,0,0,0.424,0.009,-0.063,-0.188,0.375,0.004,-0.008,1.000,-0.004,-0.008,-0.004,0.000,0.000,0.000,0.000,0,NULL,NULL,,0,0,0,7,255,0,250,0,0
baseline,7486,7486,0,7486,81593.282,0.972,-0.001,0.006,-0.237,0,0,0,0,0,0,0,0,0,0.000,0,WARMING_UP,0,0,0.504,0.012,-0.313,-0.125,0.375,0.004,-0.008,1.004,-0.004,0.012,-0.004,0.000,0.000,0.000,0.000,0,NULL,NULL,,0,0,0,7,255,0,250,0,0
baseline,7492,7492,0,7492,81598.283,0.972,-0.001,0.006,-0.237,0,0,0,0,0,0,0,0,0,0.000,0,WARMING_UP,0,0,0.563,0.012,-0.375,-0.188,0.375,0.004,-0.012,1.004,-0.004,0.012,0.004,0.000,0.000,0.000,0.000,0,NULL,NULL,,0,0,0,7,255,0,250,0,0
baseline,7496,7496,0,7496,81603.282,0.972,-0.001,0.006,-0.237,0,0,0,0,0,0,0,0,0,0.000,0,WARMING_UP,0,0,0.385,0.009,-0.188,-0.125,0.313,0.004,-0.012,1.000,-0.004,-0.008,0.004,0.000,0.000,0.000,0.000,0,NULL,NULL,,0,0,0,7,255,0,250,0,0
baseline,7502,7502,0,7502,81608.283,0.972,-0.001,0.006,-0.237,0,0,0,0,0,0,0,0,0,0.000,0,WARMING_UP,0,0,0.337,0.009,0.000,-0.125,0.313,0.004,-0.008,1.000,-0.004,-0.008,-0.004,0.000,0.000,0.000,0.000,0,NULL,NULL,,0,0,0,7,255,0,250,0,0
baseline,7507,7507,0,7507,81613.283,0.972,-0.001,0.006,-0.237,0,0,0,0,0,0,0,0,0,0.000,0,WARMING_UP,0,0,0.438,0.004,-0.188,-0.125,0.375,0.004,-0.008,1.000,0.000,0.004,-0.008,0.000,0.000,0.000,0.000,0,NULL,NULL,,0,0,0,7,255,0,250,0,0
baseline,7512,7512,0,7512,81618.283,0.971,-0.001,0.006,-0.237,0,0,0,0,0,0,0,0,0,0.000,0,WARMING_UP,0,0,0.504,0.004,-0.375,-0.125,0.313,0.004,-0.008,1.004,0.000,0.004,-0.008,0.000,0.000,0.000,0.000,0,NULL,NULL,,0,0,0,7,255,0,250,0,0
baseline,7517,7517,0,7517,81623.283,0.971,-0.001,0.006,-0.237,0,0,0,0,0,0,0,0,0,0.000,0,WARMING_UP,0,0,0.370,0.004,-0.188,-0.063,0.313,0.004,-0.012,1.004,0.000,-0.004,0.012,0.000,0.000,0.000,0.000,0,NULL,NULL,,0,0,0,7,255,0,250,0,0
baseline,7522,7522,0,7522,81628.283,0.971,-0.001,0.006,-0.237,0,0,0,0,0,0,0,0,0,0.000,0,WARMING_UP,0,0,0.400,0.008,-0.063,-0.125,0.375,0.004,-0.012,1.000,0.000,-0.008,0.012,0.000,0.000,0.000,0.000,0,NULL,NULL,,0,0,0,7,255,0,250,0,0
baseline,7526,7526,0,7526,81633.282,0.971,-0.001,0.006,-0.237,0,0,0,0,0,0,0,0,0,0.000,0,WARMING_UP,0,0,0.359,0.009,-0.125,-0.125,0.313,0.004,-0.008,1.000,0.004,-0.008,-0.016,0.000,0.000,0.000,0.000,0,NULL,NULL,,0,0,0,7,255,0,250,0,0
baseline,7532,7532,0,7532,81638.283,0.971,-0.001,0.006,-0.237,0,0,0,0,0,0,0,0,0,0.000,0,WARMING_UP,0,0,0.455,0.004,-0.250,-0.063,0.375,0.004,-0.008,1.000,0.004,0.000,-0.016,0.000,0.000,0.000,0.000,0,NULL,NULL,,0,0,0,7,255,0,250,0,0
baseline,7536,7536,0,7536,81643.282,0.971,-0.001,0.006,-0.237,0,0,0,0,0,0,0,0,0,0.000,0,WARMING_UP,0,0,0.446,0.004,-0.313,-0.063,0.313,0.004,-0.012,1.004,0.004,0.000,0.000,0.000,0.000,0.000,0.000,0,NULL,NULL,,0,0,0,7,255,0,250,0,0
baseline,7542,7542,0,7542,81648.283,0.971,-0.001,0.006,-0.237,0,0,0,0,0,0,0,0,0,0.000,0,WARMING_UP,0,0,0.424,0.006,-0.188,-0.063,0.375,0.004,-0.012,1.004,0.004,-0.004,0.020,0.000,0.000,0.000,0.000,0,NULL,NULL,,0,0,0,7,255,0,250,0,0
baseline,7547,7547,0,7547,81653.283,0.971,-0.001,0.006,-0.237,0,0,0,0,0,0,0,0,0,0.000,0,WARMING_UP,0,0,0.415,0.006,-0.125,-0.125,0.375,0.004,-0.008,1.000,0.004,-0.004,0.020,0.000,0.000,0.000,0.000,0,NULL,NULL,,0,0,0,7,255,0,250,0,0
baseline,7552,7552,0,7552,81658.283,0.971,-0.001,0.006,-0.237,0,0,0,0,0,0,0,0,0,0.000,0,WARMING_UP,0,0,0.438,0.006,-0.188,-0.125,0.375,0.004,-0.008,1.000,0.004,0.004,-0.004,0.000,0.000,0.000,0.000,0,NULL,NULL,,0,0,0,7,255,0,250,0,0
baseline,7556,7556,0,7556,81663.282,0.971,-0.001,0.006,-0.237,0,0,0,0,0,0,0,0,0,0.000,0,WARMING_UP,0,0,0.455,0.006,-0.250,-0.063,0.375,0.004,-0.008,1.004,0.004,0.004,-0.004,0.000,0.000,0.000,0.000,0,NULL,NULL,,0,0,0,7,255,0,250,0,0
baseline,7562,7562,0,7562,81668.283,0.971,-0.001,0.006,-0.237,0,0,0,0,0,0,0,0,0,0.000,0,WARMING_UP,0,0,0.419,0.004,-0.250,-0.125,0.313,0.004,-0.012,1.004,0.004,0.000,0.004,0.000,0.000,0.000,0.000,0,NULL,NULL,,0,0,0,7,255,0,250,0,0
baseline,7566,7566,0,7566,81673.282,0.971,-0.001,0.006,-0.237,0,0,0,0,0,0,0,0,0,0.000,0,WARMING_UP,0,0,0.410,0.011,-0.188,-0.188,0.313,0.004,-0.012,1.004,0.008,-0.008,0.004,0.000,0.000,0.000,0.000,0,NULL,NULL,,0,0,0,7,255,0,250,0,0
baseline,7572,7572,0,7572,81678.283,0.971,-0.001,0.006,-0.237,0,0,0,0,0,0,0,0,0,0.000,0,WARMING_UP,0,0,0.359,0.011,-0.125,-0.125,0.313,0.004,-0.008,1.000,0.008,-0.008,0.004,0.000,0.000,0.000,0.000,0,NULL,NULL,,0,0,0,7,255,0,250,0,0
baseline,7577,7577,0,7577,81683.285,0.971,-0.001,0.006,-0.237,0,0,0,0,0,0,0,0,0,0.000,0,WARMING_UP,0,0,0.424,0.008,-0.188,-0.063,0.375,0.004,-0.008,1.000,0.008,0.000,-0.004,0.000,0.000,0.000,0.000,0,NULL,NULL,,0,0,0,7,255,0,250,0,0
baseline,7582,7582,0,7582,81688.283,0.971,-0.001,0.006,-0.237,0,0,0,0,0,0,0,0,0,0.000,0,WARMING_UP,0,0,0.468,0.009,-0.250,-0.125,0.375,0.004,-0.008,1.004,-0.008,0.004,-0.004,0.000,0.000,0.000,0.000,0,NULL,NULL,,0,0,0,7,255,0,250,0,0
baseline,7586,7586,0,7586,81693.282,0.971,-0.001,0.006,-0.237,0,0,0,0,0,0,0,0,0,0.000,0,WARMING_UP,0,0,0.419,0.009,-0.250,-0.125,0.313,0.004,-0.012,1.004,-0.008,0.004,0.008,0.000,0.000,0.000,0.000,0,NULL,NULL,,0,0,0,7,255,0,250,0,0
baseline,7592,7592,0,7592,81698.283,0.971,-0.001,0.006,-0.237,0,0,0,0,0,0,0,0,0,0.000,0,WARMING_UP,0,0,0.410,0.000,-0.188,-0.188,0.313,0.004,-0.008,1.000,0.000,0.000,0.008,0.000,0.000,0.000,0.000,0,NULL,NULL,,0,0,0,7,255,0,250,0,0
baseline,7596,7596,0,7596,81703.282,0.971,-0.001,0.006,-0.237,0,0,0,0,0,0,0,0,0,0.000,0,WARMING_UP,0,0,0.342,0.008,-0.125,-0.063,0.313,0.004,-0.012,1.000,0.000,-0.008,-0.016,0.000,0.000,0.000,0.000,0,NULL,NULL,,0,0,0,7,255,0,250,0,0
baseline,7602,7602,0,7602,81708.283,0.971,-0.001,0.006,-0.237,0,0,0,0,0,0,0,0,0,0.000,0,WARMING_UP,0,0,0.438,0.004,-0.188,-0.125,0.375,0.004,-0.008,1.000,0.000,-0.004,-0.016,0.000,0.000,0.000,0.000,0,NULL,NULL,,0,0,0,7,255,0,250,0,0
baseline,7606,7606,0,7606,81713.282,0.971,-0.001,0.006,-0.237,0,0,0,0,0,0,0,0,0,0.000,0,WARMING_UP,0,0,0.419,0.008,-0.250,-0.125,0.313,0.004,-0.012,1.004,0.000,-0.008,0.000,0.000,0.000,0.000,0.000,0,NULL,NULL,,0,0,0,7,255,0,250,0,0
baseline,7612,7612,0,7612,81718.283,0.971,-0.001,0.006,-0.237,0,0,0,0,0,0,0,0,0,0.000,0,WARMING_UP,0,0,0.488,0.006,-0.250,-0.188,0.375,0.004,-0.012,1.000,0.004,-0.004,0.000,0.000,0.000,0.000,0.000,0,NULL,NULL,,0,0,0,7,255,0,250,0,0
baseline,7617,7617,0,7617,81723.283,0.971,-0.001,0.006,-0.237,0,0,0,0,0,0,0,0,0,0.000,0,WARMING_UP,0,0,0.400,0.006,-0.125,-0.063,0.375,0.004,-0.008,1.000,0.004,-0.004,-0.008,0.000,0.000,0.000,0.000,0,NULL,NULL,,0,0,0,7,255,0,250,0,0
baseline,7622,7622,0,7622,81728.283,0.971,-0.001,0.006,-0.237,0,0,0,0,0,0,0,0,0,0.000,0,WARMING_UP,0,0,0.359,0.009,-0.125,-0.125,0.313,0.004,-0.008,1.000,-0.008,-0.004,-0.008,0.000,0.000,0.000,0.000,0,NULL,NULL,,0,0,0,7,255,0,250,0,0
baseline,7627,7627,0,7627,81733.285,0.971,-0.001,0.006,-0.237,0,0,0,0,0,0,0,0,0,0.000,0,WARMING_UP,0,0,0.405,0.009,-0.250,-0.063,0.313,0.004,-0.008,1.004,-0.008,0.004,-0.004,0.000,0.000,0.000,0.000,0,NULL,NULL,,0,0,0,7,255,0,250,0,0
baseline,7632,7632,0,7632,81738.283,0.971,-0.001,0.006,-0.237,0,0,0,0,0,0,0,0,0,0.000,0,WARMING_UP,0,0,0.504,0.009,-0.313,-0.125,0.375,0.004,-0.008,1.004,-0.008,0.004,0.020,0.000,0.000,0.000,0.000,0,NULL,NULL,,0,0,0,7,255,0,250,0,0
baseline,7636,7636,0,7636,81743.282,0.971,-0.001,0.006,-0.237,0,0,0,0,0,0,0,0,0,0.000,0,WARMING_UP,0,0,0.415,0.009,-0.125,-0.125,0.375,0.004,-0.012,1.000,-0.008,-0.004,0.020,0.000,0.000,0.000,0.000,0,NULL,NULL,,0,0,0,7,255,0,250,0,0
baseline,7642,7642,0,7642,81748.283,0.971,-0.001,0.006,-0.237,0,0,0,0,0,0,0,0,0,0.000,0,WARMING_UP,0,0,0.400,0.004,-0.063,-0.125,0.375,0.004,-0.008,1.000,0.000,-0.004,-0.008,0.000,0.000,0.000,0.000,0,NULL,NULL,,0,0,0,7,255,0,250,0,0
baseline,7646,7646,0,7646,81753.282,0.971,-0.001,0.006,-0.237,0,0,0,0,0,0,0,0,0,0.000,0,WARMING_UP,0,0,0.415,0.004,-0.125,-0.125,0.375,0.004,-0.008,1.000,0.000,-0.004,-0.008,0.000,0.000,0.000,0.000,0,NULL,NULL,,0,0,0,7,255,0,250,0,0
baseline,7652,7652,0,7652,81758.283,0.971,-0.001,0.006,-0.237,0,0,0,0,0,0,0,0,0,0.000,0,WARMING_UP,0,0,0.504,0.004,-0.375,-0.125,0.313,0.004,-0.012,1.004,0.000,-0.004,0.000,0.000,0.000,0.000,0.000,0,NULL,NULL,,0,0,0,7,255,0,250,0,0
baseline,7656,7656,0,7656,81763.282,0.971,-0.001,0.006,-0.237,0,0,0,0,0,0,0,0,0,0.000,0,WARMING_UP,0,0,0.438,0.011,-0.188,-0.125,0.375,0.004,-0.012,1.000,0.008,-0.008,0.000,0.000,0.000,0.000,0.000,0,NULL,NULL,,0,0,0,7,255,0,250,0,0
baseline,7662,7662,0,7662,81768.283,0.971,-0.001,0.006,-0.237,0,0,0,0,0,0,0,0,0,0.000,0,WARMING_UP,0,0,0.342,0.011,-0.063,-0.125,0.313,0.004,-0.012,1.000,0.008,-0.008,-0.004,0.000,0.000,0.000,0.000,0,NULL,NULL,,0,0,0,7,255,0,250,0,0
baseline,7667,7667,0,7667,81773.283,0.971,-0.001,0.006,-0.237,0,0,0,0,0,0,0,0,0,0.000,0,WARMING_UP,0,0,0.385,0.009,-0.125,-0.188,0.313,0.004,-0.008,1.000,0.008,-0.004,-0.008,0.000,0.000,0.000,0.000,0,NULL,NULL,,0,0,0,7,255,0,250,0,0
baseline,7671,7671,0,7671,81778.282,0.971,-0.001,0.006,-0.237,0,0,0,0,0,0,0,0,0,0.000,0,WARMING_UP,0,0,0.492,0.009,-0.313,-0.063,0.375,0.004,-0.008,1.004,-0.008,0.004,-0.008,0.000,0.000,0.000,0.000,0,NULL,NULL,,0,0,0,7,255,0,250,0,0
baseline,7677,7677,0,7677,81783.285,0.971,-0.001,0.006,-0.237,0,0,0,0,0,0,0,0,0,0.000,0,WARMING_UP,0,0,0.590,0.009,-0.438,-0.125,0.375,0.004,-0.012,1.004,-0.008,0.004,0.008,0.000,0.000,0.000,0.000,0,NULL,NULL,,0,0,0,7,255,0,250,0,0
baseline,7682,7682,0,7682,81788.283,0.971,-0.001,0.006,-0.237,0,0,0,0,0,0,0,0,0,0.000,0,WARMING_UP,0,0,0.400,0.009,-0.063,-0.125,0.375,0.004,-0.012,1.000,-0.004,-0.008,0.008,0.000,0.000,0.000,0.000,0,NULL,NULL,,0,0,0,7,255,0,250,0,0
baseline,7686,7686,0,7686,81793.282,0.971,-0.001,0.006,-0.237,0,0,0,0,0,0,0,0,0,0.000,0,WARMING_UP,0,0,0.342,0.008,-0.063,-0.125,0.313,0.004,-0.008,1.000,0.000,-0.008,-0.004,0.000,0.000,0.000,0.000,0,NULL,NULL,,0,0,0,7,255,0,250,0,0
baseline,7692,7692,0,7692,81798.283,0.971,-0.001,0.006,-0.237,0,0,0,0,0,0,0,0,0,0.000,0,WARMING_UP,0,0,0.419,0.017,-0.250,-0.125,0.313,0.008,-0.008,1.000,0.008,0.016,-0.004,0.000,0.000,0.000,0.000,0,NULL,NULL,,0,0,0,7,255,0,250,0,0
baseline,7696,7696,0,7696,81803.282,0.971,-0.001,0.006,-0.237,0,0,0,0,0,0,0,0,0,0.000,0,WARMING_UP,0,0,0.492,0.016,-0.375,-0.063,0.313,0.004,-0.008,1.004,0.000,0.016,0.000,0.000,0.000,0.000,0.000,0,NULL,NULL,,0,0,0,7,255,0,250,0,0
baseline,7702,7702,0,7702,81808.283,0.971,-0.001,0.006,-0.237,0,0,0,0,0,0,0,0,0,0.000,0,WARMING_UP,0,0,0.359,0.008,-0.125,-0.125,0.313,0.004,-0.012,1.000,0.008,0.000,0.000,0.000,0.000,0.000,0.000,0,NULL,NULL,,0,0,0,7,255,0,250,0,0
baseline,7706,7706,0,7706,81813.282,0.971,-0.001,0.006,-0.237,0,0,0,0,0,0,0,0,0,0.000,0,WARMING_UP,0,0,0.370,0.004,-0.063,-0.188,0.313,0.004,-0.008,1.000,-0.004,0.000,-0.008,0.000,0.000,0.000,0.000,0,NULL,NULL,,0,0,0,7,255,0,250,0,0
baseline,7712,7712,0,7712,81818.283,0.971,-0.001,0.006,-0.237,0,0,0,0,0,0,0,0,0,0.000,0,WARMING_UP,0,0,0.359,0.000,-0.125,-0.125,0.313,0.004,-0.008,1.000,0.000,0.000,-0.008,0.000,0.000,0.000,0.000,0,NULL,NULL,,0,0,0,7,255,0,250,0,0
baseline,7717,7717,0,7717,81823.283,0.971,-0.001,0.006,-0.238,0,0,0,0,0,0,0,0,0,0.000,0,WARMING_UP,0,0,0.504,0.004,-0.375,-0.125,0.313,0.004,-0.008,1.004,-0.004,0.000,-0.004,0.000,0.000,0.000,0.000,0,NULL,NULL,,0,0,0,7,255,0,250,0,0
baseline,7722,7722,0,7722,81828.283,0.971,-0.001,0.006,-0.238,0,0,0,0,0,0,0,0,0,0.000,0,WARMING_UP,0,0,0.455,0.004,-0.250,-0.063,0.375,0.004,-0.012,1.004,0.000,-0.004,0.004,0.000,0.000,0.000,0.000,0,NULL,NULL,,0,0,0,7,255,0,250,0,0
baseline,7726,7726,0,7726,81833.282,0.971,-0.001,0.006,-0.238,0,0,0,0,0,0,0,0,0,0.000,0,WARMING_UP,0,0,0.342,0.016,-0.063,-0.125,0.313,0.004,-0.012,1.000,0.004,-0.016,0.004,0.000,0.000,0.000,0.000,0,NULL,NULL,,0,0,0,7,255,0,250,0,0
baseline,7732,7732,0,7732,81838.283,0.971,-0.001,0.006,-0.238,0,0,0,0,0,0,0,0,0,0.000,0,WARMING_UP,0,0,0.400,0.016,-0.063,-0.125,0.375,0.004,-0.008,1.000,0.004,-0.016,-0.004,0.000,0.000,0.000,0.000,0,NULL,NULL,,0,0,0,7,255,0,250,0,0
baseline,7736,7736,0,7736,81843.282,0.971,-0.001,0.006,-0.238,0,0,0,0,0,0,0,0,0,0.000,0,WARMING_UP,0,0,0.419,0.009,-0.250,-0.125,0.313,0.004,-0.008,1.004,0.004,0.008,-0.004,0.000,0.000,0.000,0.000,0,NULL,NULL,,0,0,0,7,255,0,250,0,0
baseline,7742,7742,0,7742,81848.283,0.971,-0.001,0.006,-0.238,0,0,0,0,0,0,0,0,0,0.000,0,WARMING_UP,0,0,0.504,0.009,-0.313,-0.125,0.375,0.004,-0.012,1.004,0.004,0.008,0.004,0.000,0.000,0.000,0.000,0,NULL,NULL,,0,0,0,7,255,0,250,0,0
baseline,7747,7747,0,7747,81853.283,0.971,-0.001,0.006,-0.238,0,0,0,0,0,0,0,0,0,0.000,0,WARMING_UP,0,0,0.385,0.012,-0.188,-0.125,0.313,0.004,-0.012,1.004,0.000,-0.012,0.012,0.000,0.000,0.000,0.000,0,NULL,NULL,,0,0,0,7,255,0,250,0,0
baseline,7752,7752,0,7752,81858.283,0.971,-0.001,0.006,-0.238,0,0,0,0,0,0,0,0,0,0.000,0,WARMING_UP,0,0,0.342,0.012,-0.063,-0.125,0.313,0.004,-0.012,1.000,0.004,-0.012,0.012,0.000,0.000,0.000,0.000,0,NULL,NULL,,0,0,0,7,255,0,250,0,0
baseline,7756,7756,0,7756,81863.282,0.971,-0.001,0.006,-0.238,0,0,0,0,0,0,0,0,0,0.000,0,WARMING_UP,0,0,0.438,0.004,-0.188,-0.125,0.375,0.004,-0.008,1.000,0.000,-0.004,-0.008,0.000,0.000,0.000,0.000,0,NULL,NULL,,0,0,0,7,255,0,250,0,0
baseline,7762,7762,0,7762,81868.283,0.971,-0.001,0.006,-0.238,0,0,0,0,0,0,0,0,0,0.000,0,WARMING_UP,0,0,0.492,0.009,-0.313,-0.063,0.375,0.004,-0.008,1.004,0.004,0.008,-0.008,0.000,0.000,0.000,0.000,0,NULL,NULL,,0,0,0,7,255,0,250,0,0
baseline,7766,7766,0,7766,81873.282,0.971,-0.001,0.006,-0.238,0,0,0,0,0,0,0,0,0,0.000,0,WARMING_UP,0,0,0.455,0.009,-0.250,-0.063,0.375,0.004,-0.012,1.004,-0.004,0.008,0.004,0.000,0.000,0.000,0.000,0,NULL,NULL,,0,0,0,7,255,0,250,0,0
baseline,7772,7772,0,7772,81878.283,0.971,-0.001,0.006,-0.238,0,0,0,0,0,0,0,0,0,0.000,0,WARMING_UP,0,0,0.415,0.006,-0.125,-0.125,0.375,0.004,-0.012,1.000,0.004,-0.004,0.004,0.000,0.000,0.000,0.000,0,NULL,NULL,,0,0,0,7,255,0,250,0,0
baseline,7777,7777,0,7777,81883.285,0.971,-0.001,0.006,-0.238,0,0,0,0,0,0,0,0,0,0.000,0,WARMING_UP,0,0,0.385,0.006,-0.125,-0.188,0.313,0.004,-0.008,1.000,0.004,-0.004,0.000,0.000,0.000,0.000,0.000,0,NULL,NULL,,0,0,0,7,255,0,250,0,0
baseline,7782,7782,0,7782,81888.283,0.971,-0.001,0.006,-0.238,0,0,0,0,0,0,0,0,0,0.000,0,WARMING_UP,0,0,0.468,0.006,-0.250,-0.125,0.375,0.004,-0.008,1.004,0.004,-0.004,0.000,0.000,0.000,0.000,0.000,0,NULL,NULL,,0,0,0,7,255,0,250,0,0
baseline,7786,7786,0,7786,81893.282,0.971,-0.001,0.006,-0.238,0,0,0,0,0,0,0,0,0,0.000,0,WARMING_UP,0,0,0.455,0.004,-0.250,-0.063,0.375,0.004,-0.012,1.004,0.000,-0.004,0.004,0.000,0.000,0.000,0.000,0,NULL,NULL,,0,0,0,7,255,0,250,0,0
baseline,7792,7792,0,7792,81898.283,0.971,-0.001,0.006,-0.238,0,0,0,0,0,0,0,0,0,0.000,0,WARMING_UP,0,0,0.419,0.004,-0.250,-0.125,0.313,0.004,-0.008,1.004,0.000,-0.004,0.004,0.000,0.000,0.000,0.000,0,NULL,NULL,,0,0,0,7,255,0,250,0,0
baseline,7796,7796,0,7796,81903.282,0.971,-0.001,0.006,-0.238,0,0,0,0,0,0,0,0,0,0.000,0,WARMING_UP,0,0,0.410,0.004,-0.188,-0.188,0.313,0.004,-0.008,1.000,0.000,0.004,0.004,0.000,0.000,0.000,0.000,0,NULL,NULL,,0,0,0,7,255,0,250,0,0
baseline,7802,7802,0,7802,81908.283,0.971,-0.001,0.006,-0.238,0,0,0,0,0,0,0,0,0,0.000,0,WARMING_UP,0,0,0.415,0.004,-0.125,-0.125,0.375,0.004,-0.008,1.000,0.000,0.004,-0.004,0.000,0.000,0.000,0.000,0,NULL,NULL,,0,0,0,7,255,0,250,0,0
baseline,7807,7807,0,7807,81913.283,0.971,-0.001,0.006,-0.238,0,0,0,0,0,0,0,0,0,0.000,0,WARMING_UP,0,0,0.385,0.006,-0.188,-0.125,0.313,0.004,-0.008,1.004,0.004,0.004,-0.004,0.000,0.000,0.000,0.000,0,NULL,NULL,,0,0,0,7,255,0,250,0,0
baseline,7812,7812,0,7812,81918.283,0.971,-0.001,0.006,-0.238,0,0,0,0,0,0,0,0,0,0.000,0,WARMING_UP,0,0,0.405,0.004,-0.250,-0.063,0.313,0.004,-0.008,1.004,0.004,0.000,0.004,0.000,0.000,0.000,0.000,0,NULL,NULL,,0,0,0,7,255,0,250,0,0
baseline,7817,7817,0,7817,81923.283,0.971,-0.001,0.006,-0.238,0,0,0,0,0,0,0,0,0,0.000,0,WARMING_UP,0,0,0.468,0.009,-0.250,-0.125,0.375,0.004,-0.008,1.000,0.008,0.004,0.004,0.000,0.000,0.000,0.000,0,NULL,NULL,,0,0,0,7,255,0,250,0,0
baseline,7822,7822,0,7822,81928.283,0.971,-0.001,0.006,-0.238,0,0,0,0,0,0,0,0,0,0.000,0,WARMING_UP,0,0,0.400,0.008,-0.063,-0.125,0.375,0.004,-0.012,1.000,0.008,0.000,0.000,0.000,0.000,0.000,0.000,0,NULL,NULL,,0,0,0,7,255,0,250,0,0
baseline,7826,7826,0,7826,81933.282,0.971,-0.001,0.006,-0.238,0,0,0,0,0,0,0,0,0,0.000,0,WARMING_UP,0,0,0.415,0.009,-0.125,-0.125,0.375,0.004,-0.008,1.000,0.008,0.004,-0.004,0.000,0.000,0.000,0.000,0,NULL,NULL,,0,0,0,7,255,0,250,0,0
baseline,7832,7832,0,7832,81938.283,0.971,-0.001,0.006,-0.238,0,0,0,0,0,0,0,0,0,0.000,0,WARMING_UP,0,0,0.468,0.009,-0.250,-0.125,0.375,0.004,-0.008,1.004,-0.004,0.008,-0.004,0.000,0.000,0.000,0.000,0,NULL,NULL,,0,0,0,7,255,0,250,0,0
baseline,7836,7836,0,7836,81943.282,0.971,-0.001,0.006,-0.238,0,0,0,0,0,0,0,0,0,0.000,0,WARMING_UP,0,0,0.419,0.009,-0.250,-0.125,0.313,0.004,-0.012,1.004,-0.004,0.008,0.008,0.000,0.000,0.000,0.000,0,NULL,NULL,,0,0,0,7,255,0,250,0,0
baseline,7842,7842,0,7842,81948.283,0.971,-0.001,0.006,-0.238,0,0,0,0,0,0,0,0,0,0.000,0,WARMING_UP,0,0,0.415,0.008,-0.125,-0.125,0.375,0.004,-0.012,1.000,0.000,-0.008,0.008,0.000,0.000,0.000,0.000,0,NULL,NULL,,0,0,0,7,255,0,250,0,0
baseline,7847,7847,0,7847,81953.283,0.971,-0.001,0.006,-0.238,0,0,0,0,0,0,0,0,0,0.000,0,WARMING_UP,0,0,0.342,0.008,-0.063,-0.125,0.313,0.004,-0.008,1.000,0.000,-0.008,-0.008,0.000,0.000,0.000,0.000,0,NULL,NULL,,0,0,0,7,255,0,250,0,0
baseline,7852,7852,0,7852,81958.283,0.971,-0.001,0.006,-0.238,0,0,0,0,0,0,0,0,0,0.000,0,WARMING_UP,0,0,0.385,0.004,-0.188,-0.125,0.313,0.004,-0.008,1.004,0.000,0.004,-0.008,0.000,0.000,0.000,0.000,0,NULL,NULL,,0,0,0,7,255,0,250,0,0
baseline,7856,7856,0,7856,81963.282,0.971,-0.001,0.006,-0.238,0,0,0,0,0,0,0,0,0,0.000,0,WARMING_UP,0,0,0.545,0.006,-0.375,-0.125,0.375,0.004,-0.008,1.004,-0.004,0.004,0.008,0.000,0.000,0.000,0.000,0,NULL,NULL,,0,0,0,7,255,0,250,0,0
baseline,7862,7862,0,7862,81968.283,0.971,-0.001,0.006,-0.238,0,0,0,0,0,0,0,0,0,0.000,0,WARMING_UP,0,0,0.419,0.006,-0.250,-0.125,0.313,0.004,-0.012,1.000,-0.004,-0.004,0.008,0.000,0.000,0.000,0.000,0,NULL,NULL,,0,0,0,7,255,0,250,0,0
baseline,7866,7866,0,7866,81973.282,0.971,-0.001,0.006,-0.238,0,0,0,0,0,0,0,0,0,0.000,0,WARMING_UP,0,0,0.400,0.006,-0.063,-0.125,0.375,0.004,-0.008,1.000,0.004,-0.004,0.000,0.000,0.000,0.000,0.000,0,NULL,NULL,,0,0,0,7,255,0,250,0,0
baseline,7872,7872,0,7872,81978.283,0.971,-0.001,0.006,-0.238,0,0,0,0,0,0,0,0,0,0.000,0,WARMING_UP,0,0,0.415,0.004,-0.125,-0.125,0.375,0.004,-0.008,1.000,0.004,0.000,0.000,0.000,0.000,0.000,0.000,0,NULL,NULL,,0,0,0,7,255,0,250,0,0
baseline,7877,7877,0,7877,81983.286,0.971,-0.001,0.006,-0.238,0,0,0,0,0,0,0,0,0,0.000,0,WARMING_UP,0,0,0.504,0.012,-0.313,-0.125,0.375,0.004,-0.008,1.004,0.004,0.012,0.000,0.000,0.000,0.000,0.000,0,NULL,NULL,,0,0,0,7,255,0,250,0,0
baseline,7882,7882,0,7882,81988.283,0.971,-0.001,0.006,-0.238,0,0,0,0,0,0,0,0,0,0.000,0,WARMING_UP,0,0,0.492,0.012,-0.375,-0.063,0.313,0.004,-0.012,1.004,0.004,0.012,0.008,0.000,0.000,0.000,0.000,0,NULL,NULL,,0,0,0,7,255,0,250,0,0
baseline,7886,7886,0,7886,81993.282,0.971,-0.001,0.006,-0.238,0,0,0,0,0,0,0,0,0,0.000,0,WARMING_UP,0,0,0.359,0.012,-0.125,-0.125,0.313,0.004,-0.012,1.000,0.000,-0.012,0.008,0.000,0.000,0.000,0.000,0,NULL,NULL,,0,0,0,7,255,0,250,0,0
baseline,7892,7892,0,7892,81998.283,0.971,-0.001,0.006,-0.238,0,0,0,0,0,0,0,0,0,0.000,0,WARMING_UP,0,0,0.419,0.012,0.000,-0.188,0.375,0.004,-0.008,1.000,-0.004,-0.012,-0.008,0.000,0.000,0.000,0.000,0,NULL,NULL,,0,0,0,7,255,0,250,0,0
baseline,7896,7896,0,7896,82003.282,0.971,-0.001,0.006,-0.238,0,0,0,0,0,0,0,0,0,0.000,0,WARMING_UP,0,0,0.438,0.014,-0.188,-0.125,0.375,0.004,-0.008,1.000,-0.012,0.008,-0.008,0.000,0.000,0.000,0.000,0,NULL,NULL,,0,0,0,7,255,0,250,0,0
baseline,7902,7902,0,7902,82008.283,0.971,-0.001,0.006,-0.238,0,0,0,0,0,0,0,0,0,0.000,0,WARMING_UP,0,0,0.534,0.014,-0.375,-0.063,0.375,0.004,-0.012,1.004,-0.012,0.008,-0.004,0.000,0.000,0.000,0.000,0,NULL,NULL,,0,0,0,7,255,0,250,0,0
baseline,7906,7906,0,7906,82013.282,0.971,-0.001,0.006,-0.238,0,0,0,0,0,0,0,0,0,0.000,0,WARMING_UP,0,0,0.419,0.011,-0.250,-0.125,0.313,0.004,-0.012,1.004,-0.008,-0.008,0.016,0.000,0.000,0.000,0.000,0,NULL,NULL,,0,0,0,7,255,0,250,0,0
baseline,7912,7912,0,7912,82018.283,0.971,-0.001,0.006,-0.238,0,0,0,0,0,0,0,0,0,0.000,0,WARMING_UP,0,0,0.337,0.008,0.000,-0.125,0.313,0.004,-0.012,1.000,0.000,-0.008,0.016,0.000,0.000,0.000,0.000,0,NULL,NULL,,0,0,0,7,255,0,250,0,0
baseline,7917,7917,0,7917,82023.283,0.971,-0.001,0.006,-0.238,0,0,0,0,0,0,0,0,0,0.000,0,WARMING_UP,0,0,0.400,0.009,-0.063,-0.125,0.375,0.004,-0.008,1.000,-0.008,-0.004,-0.004,0.000,0.000,0.000,0.000,0,NULL,NULL,,0,0,0,7,255,0,250,0,0
baseline,7922,7922,0,7922,82028.283,0.971,-0.001,0.006,-0.238,0,0,0,0,0,0,0,0,0,0.000,0,WARMING_UP,0,0,0.492,0.020,-0.375,-0.063,0.313,0.004,-0.008,1.004,-0.004,0.020,-0.004,0.000,0.000,0.000,0.000,0,NULL,NULL,,0,0,0,7,255,0,250,0,0
baseline,7927,7927,0,7927,82033.285,0.971,-0.001,0.006,-0.238,0,0,0,0,0,0,0,0,0,0.000,0,WARMING_UP,0,0,0.504,0.020,-0.313,-0.125,0.375,0.004,-0.012,1.004,-0.004,0.020,0.008,0.000,0.000,0.000,0.000,0,NULL,NULL,,0,0,0,7,255,0,250,0,0
baseline,7932,7932,0,7932,82038.283,0.971,-0.001,0.006,-0.238,0,0,0,0,0,0,0,0,0,0.000,0,WARMING_UP,0,0,0.337,0.011,0.000,-0.125,0.313,0.004,-0.012,1.000,0.008,-0.008,0.008,0.000,0.000,0.000,0.000,0,NULL,NULL,,0,0,0,7,255,0,250,0,0
baseline,7936,7936,0,7936,82043.282,0.971,-0.001,0.006,-0.238,0,0,0,0,0,0,0,0,0,0.000,0,WARMING_UP,0,0,0.370,0.011,-0.063,-0.188,0.313,0.004,-0.008,1.000,0.008,-0.008,-0.004,0.000,0.000,0.000,0.000,0,NULL,NULL,,0,0,0,7,255,0,250,0,0
baseline,7942,7942,0,7942,82048.283,0.971,-0.001,0.006,-0.238,0,0,0,0,0,0,0,0,0,0.000,0,WARMING_UP,0,0,0.419,0.006,-0.250,-0.125,0.313,0.004,-0.008,1.000,0.004,0.004,-0.004,0.000,0.000,0.000,0.000,0,NULL,NULL,,0,0,0,7,255,0,250,0,0
baseline,7946,7946,0,7946,82053.282,0.971,-0.001,0.006,-0.238,0,0,0,0,0,0,0,0,0,0.000,0,WARMING_UP,0,0,0.523,0.004,-0.313,-0.188,0.375,0.004,-0.012,1.004,0.000,0.004,0.000,0.000,0.000,0.000,0.000,0,NULL,NULL,,0,0,0,7,255,0,250,0,0
baseline,7952,7952,0,7952,82058.283,0.971,-0.001,0.006,-0.238,0,0,0,0,0,0,0,0,0,0.000,0,WARMING_UP,0,0,0.468,0.016,-0.250,-0.125,0.375,0.004,-0.012,1.000,0.000,-0.016,0.000,0.000,0.000,0.000,0.000,0,NULL,NULL,,0,0,0,7,255,0,250,0,0
baseline,7956,7956,0,7956,82063.282,0.971,-0.001,0.006,-0.238,0,0,0,0,0,0,0,0,0,0.000,0,WARMING_UP,0,0,0.370,0.016,-0.063,-0.188,0.313,0.004,-0.008,1.000,0.000,-0.016,-0.004,0.000,0.000,0.000,0.000,0,NULL,NULL,,0,0,0,7,255,0,250,0,0
baseline,7962,7962,0,7962,82068.283,0.971,-0.001,0.006,-0.238,0,0,0,0,0,0,0,0,0,0.000,0,WARMING_UP,0,0,0.415,0.004,-0.125,-0.125,0.375,0.004,-0.008,1.000,0.000,0.004,-0.008,0.000,0.000,0.000,0.000,0,NULL,NULL,,0,0,0,7,255,0,250,0,0
baseline,7967,7967,0,7967,82073.283,0.971,-0.001,0.006,-0.238,0,0,0,0,0,0,0,0,0,0.000,0,WARMING_UP,0,0,0.492,0.006,-0.313,-0.063,0.375,0.004,-0.008,1.000,-0.004,0.004,-0.008,0.000,0.000,0.000,0.000,0,NULL,NULL,,0,0,0,7,255,0,250,0,0
baseline,7971,7971,0,7971,82078.282,0.971,-0.001,0.006,-0.238,0,0,0,0,0,0,0,0,0,0.000,0,WARMING_UP,0,0,0.459,0.004,-0.313,-0.125,0.313,0.004,-0.012,1.004,-0.004,0.000,0.000,0.000,0.000,0.000,0.000,0,NULL,NULL,,0,0,0,7,255,0,250,0,0
baseline,7977,7977,0,7977,82083.286,0.971,-0.001,0.006,-0.238,0,0,0,0,0,0,0,0,0,0.000,0,WARMING_UP,0,0,0.400,0.006,-0.063,-0.125,0.375,0.004,-0.012,1.004,0.004,-0.004,0.008,0.000,0.000,0.000,0.000,0,NULL,NULL,,0,0,0,7,255,0,250,0,0
baseline,7982,7982,0,7982,82088.283,0.971,-0.001,0.006,-0.238,0,0,0,0,0,0,0,0,0,0.000,0,WARMING_UP,0,0,0.415,0.006,-0.125,-0.125,0.375,0.004,-0.008,1.000,0.004,-0.004,0.008,0.000,0.000,0.000,0.000,0,NULL,NULL,,0,0,0,7,255,0,250,0,0
baseline,7986,7986,0,7986,82093.282,0.971,-0.001,0.006,-0.238,0,0,0,0,0,0,0,0,0,0.000,0,WARMING_UP,0,0,0.438,0.009,-0.188,-0.125,0.375,0.004,-0.008,1.004,0.008,-0.004,0.004,0.000,0.000,0.000,0.000,0,NULL,NULL,,0,0,0,7,255,0,250,0,0
baseline,7992,7992,0,7992,82098.283,0.971,-0.001,0.006,-0.238,0,0,0,0,0,0,0,0,0,0.000,0,WARMING_UP,0,0,0.459,0.006,-0.313,-0.125,0.313,0.004,-0.008,1.004,-0.004,0.004,0.004,0.000,0.000,0.000,0.000,0,NULL,NULL,,0,0,0,7,255,0,250,0,0
baseline,7996,7996,0,7996,82103.282,0.971,-0.001,0.006,-0.238,0,0,0,0,0,0,0,0,0,0.000,0,WARMING_UP,0,0,0.438,0.009,-0.188,-0.125,0.375,0.004,-0.012,1.004,0.008,0.004,0.016,0.000,0.000,0.000,0.000,0,NULL,NULL,,0,0,0,7,255,0,250,0,0
baseline,8002,8002,0,8002,82108.283,0.971,-0.001,0.006,-0.238,0,0,0,0,0,0,0,0,0,0.000,0,WARMING_UP,0,0,0.385,0.009,-0.188,-0.125,0.313,0.004,-0.012,1.000,0.008,-0.004,0.016,0.000,0.000,0.000,0.000,0,NULL,NULL,,0,0,0,7,255,0,250,0,0
baseline,8006,8006,0,8006,82113.282,0.971,-0.001,0.006,-0.238,0,0,0,0,0,0,0,0,0,0.000,0,WARMING_UP,0,0,0.400,0.009,-0.063,-0.125,0.375,0.004,-0.008,1.000,0.008,-0.004,0.000,0.000,0.000,0.000,0.000,0,NULL,NULL,,0,0,0,7,255,0,250,0,0
baseline,8012,8012,0,8012,82118.283,0.971,-0.001,0.006,-0.238,0,0,0,0,0,0,0,0,0,0.000,0,WARMING_UP,0,0,0.385,0.006,-0.188,-0.125,0.313,0.004,-0.008,1.004,-0.004,0.004,0.000,0.000,0.000,0.000,0.000,0,NULL,NULL,,0,0,0,7,255,0,250,0,0
baseline,8017,8017,0,8017,82123.283,0.971,-0.001,0.006,-0.238,0,0,0,0,0,0,0,0,0,0.000,0,WARMING_UP,0,0,0.419,0.011,-0.250,-0.125,0.313,0.004,-0.008,1.004,-0.008,0.008,0.008,0.000,0.000,0.000,0.000,0,NULL,NULL,,0,0,0,7,255,0,250,0,0
baseline,8022,8022,0,8022,82128.283,0.971,-0.001,0.006,-0.238,0,0,0,0,0,0,0,0,0,0.000,0,WARMING_UP,0,0,0.370,0.009,-0.188,-0.063,0.313,0.004,-0.012,1.004,-0.004,0.008,0.008,0.000,0.000,0.000,0.000,0,NULL,NULL,,0,0,0,7,255,0,250,0,0
baseline,8027,8027,0,8027,82133.284,0.971,-0.001,0.006,-0.238,0,0,0,0,0,0,0,0,0,0.000,0,WARMING_UP,0,0,0.359,0.004,-0.125,-0.125,0.313,0.004,-0.008,1.000,-0.004,0.000,0.004,0.000,0.000,0.000,0.000,0,NULL,NULL,,0,0,0,7,255,0,250,0,0
baseline,8032,8032,0,8032,82138.283,0.971,-0.001,0.006,-0.238,0,0,0,0,0,0,0,0,0,0.000,0,WARMING_UP,0,0,0.438,0.004,-0.188,-0.125,0.375,0.004,-0.008,1.000,-0.004,0.000,-0.012,0.000,0.000,0.000,0.000,0,NULL,NULL,,0,0,0,7,255,0,250,0,0
baseline,8036,8036,0,8036,82143.282,0.971,-0.001,0.006,-0.238,0,0,0,0,0,0,0,0,0,0.000,0,WARMING_UP,0,0,0.405,0.009,-0.250,-0.063,0.313,0.004,-0.008,1.004,-0.004,0.008,-0.012,0.000,0.000,0.000,0.000,0,NULL,NULL,,0,0,0,7,255,0,250,0,0
baseline,8042,8042,0,8042,82148.283,0.971,-0.001,0.006,-0.238,0,0,0,0,0,0,0,0,0,0.000,0,WARMING_UP,0,0,0.504,0.009,-0.313,-0.125,0.375,0.004,-0.012,1.004,-0.004,0.008,0.016,0.000,0.000,0.000,0.000,0,NULL,NULL,,0,0,0,7,255,0,250,0,0
baseline,8047,8047,0,8047,82153.283,0.971,-0.001,0.006,-0.238,0,0,0,0,0,0,0,0,0,0.000,0,WARMING_UP,0,0,0.438,0.006,-0.125,-0.188,0.375,0.004,-0.012,1.000,0.004,-0.004,0.016,0.000,0.000,0.000,0.000,0,NULL,NULL,,0,0,0,7,255,0,250,0,0
baseline,8052,8052,0,8052,82158.283,0.971,-0.001,0.006,-0.238,0,0,0,0,0,0,0,0,0,0.000,0,WARMING_UP,0,0,0.359,0.006,-0.125,-0.125,0.313,0.004,-0.008,1.000,0.004,-0.004,-0.004,0.000,0.000,0.000,0.000,0,NULL,NULL,,0,0,0,7,255,0,250,0,0
baseline,8056,8056,0,8056,82163.282,0.971,-0.001,0.006,-0.238,0,0,0,0,0,0,0,0,0,0.000,0,WARMING_UP,0,0,0.438,0.000,-0.188,-0.125,0.375,0.004,-0.008,1.000,0.000,0.000,-0.004,0.000,0.000,0.000,0.000,0,NULL,NULL,,0,0,0,7,255,0,250,0,0
baseline,8062,8062,0,8062,82168.283,0.971,-0.001,0.006,-0.238,0,0,0,0,0,0,0,0,0,0.000,0,WARMING_UP,0,0,0.504,0.000,-0.313,-0.125,0.375,0.004,-0.012,1.004,0.000,0.000,-0.004,0.000,0.000,0.000,0.000,0,NULL,NULL,,0,0,0,7,255,0,250,0,0
baseline,8066,8066,0,8066,82173.282,0.971,-0.001,0.006,-0.238,0,0,0,0,0,0,0,0,0,0.000,0,WARMING_UP,0,0,0.385,0.006,-0.188,-0.125,0.313,0.004,-0.012,1.004,0.004,-0.004,0.004,0.000,0.000,0.000,0.000,0,NULL,NULL,,0,0,0,7,255,0,250,0,0
baseline,8072,8072,0,8072,82178.283,0.971,-0.001,0.006,-0.239,0,0,0,0,0,0,0,0,0,0.000,0,WARMING_UP,0,0,0.342,0.006,-0.063,-0.125,0.313,0.004,-0.008,1.000,0.004,-0.004,0.004,0.000,0.000,0.000,0.000,0,NULL,NULL,,0,0,0,7,255,0,250,0,0
baseline,8077,8077,0,8077,82183.284,0.971,-0.001,0.006,-0.239,0,0,0,0,0,0,0,0,0,0.000,0,WARMING_UP,0,0,0.359,0.004,-0.125,-0.125,0.313,0.004,-0.008,1.000,0.004,0.000,-0.004,0.000,0.000,0.000,0.000,0,NULL,NULL,,0,0,0,7,255,0,250,0,0
baseline,8082,8082,0,8082,82188.283,0.971,-0.001,0.006,-0.239,0,0,0,0,0,0,0,0,0,0.000,0,WARMING_UP,0,0,0.459,0.009,-0.313,-0.125,0.313,0.004,-0.008,1.004,-0.004,0.008,-0.004,0.000,0.000,0.000,0.000,0,NULL,NULL,,0,0,0,7,255,0,250,0,0
baseline,8086,8086,0,8086,82193.282,0.971,-0.001,0.006,-0.239,0,0,0,0,0,0,0,0,0,0.000,0,WARMING_UP,0,0,0.492,0.009,-0.313,-0.063,0.375,0.004,-0.012,1.004,-0.004,0.008,0.008,0.000,0.000,0.000,0.000,0,NULL,NULL,,0,0,0,7,255,0,250,0,0
baseline,8092,8092,0,8092,82198.283,0.971,-0.001,0.006,-0.239,0,0,0,0,0,0,0,0,0,0.000,0,WARMING_UP,0,0,0.385,0.012,-0.125,-0.188,0.313,0.004,-0.012,1.000,-0.004,-0.012,0.008,0.000,0.000,0.000,0.000,0,NULL,NULL,,0,0,0,7,255,0,250,0,0
baseline,8096,8096,0,8096,82203.282,0.971,-0.001,0.006,-0.239,0,0,0,0,0,0,0,0,0,0.000,0,WARMING_UP,0,0,0.370,0.012,-0.063,-0.188,0.313,0.004,-0.008,1.000,0.004,-0.012,-0.004,0.000,0.000,0.000,0.000,0,NULL,NULL,,0,0,0,7,255,0,250,0,0
baseline,8102,8102,0,8102,82208.283,0.971,-0.001,0.006,-0.239,0,0,0,0,0,0,0,0,0,0.000,0,WARMING_UP,0,0,0.419,0.009,-0.250,-0.125,0.313,0.004,-0.008,1.004,0.004,0.008,-0.004,0.000,0.000,0.000,0.000,0,NULL,NULL,,0,0,0,7,255,0,250,0,0
baseline,8107,8107,0,8107,82213.283,0.971,-0.001,0.006,-0.239,0,0,0,0,0,0,0,0,0,0.000,0,WARMING_UP,0,0,0.459,0.008,-0.313,-0.125,0.313,0.004,-0.008,1.004,0.000,0.008,0.004,0.000,0.000,0.000,0.000,0,NULL,NULL,,0,0,0,7,255,0,250,0,0
baseline,8112,8112,0,8112,82218.283,0.971,-0.001,0.006,-0.239,0,0,0,0,0,0,0,0,0,0.000,0,WARMING_UP,0,0,0.438,0.004,-0.188,-0.125,0.375,0.004,-0.012,1.000,0.000,0.004,0.004,0.000,0.000,0.000,0.000,0,NULL,NULL,,0,0,0,7,255,0,250,0,0
baseline,8117,8117,0,8117,82223.283,0.971,-0.001,0.006,-0.239,0,0,0,0,0,0,0,0,0,0.000,0,WARMING_UP,0,0,0.400,0.004,-0.063,-0.125,0.375,0.004,-0.008,1.000,0.000,-0.004,0.000,0.000,0.000,0.000,0.000,0,NULL,NULL,,0,0,0,7,255,0,250,0,0
baseline,8122,8122,0,8122,82228.283,0.971,-0.001,0.006,-0.239,0,0,0,0,0,0,0,0,0,0.000,0,WARMING_UP,0,0,0.400,0.006,-0.063,-0.125,0.375,0.004,-0.008,1.000,-0.004,-0.004,0.000,0.000,0.000,0.000,0.000,0,NULL,NULL,,0,0,0,7,255,0,250,0,0
baseline,8126,8126,0,8126,82233.282,0.971,-0.001,0.006,-0.239,0,0,0,0,0,0,0,0,0,0.000,0,WARMING_UP,0,0,0.504,0.012,-0.375,-0.125,0.313,0.004,-0.008,1.004,-0.004,0.012,0.000,0.000,0.000,0.000,0.000,0,NULL,NULL,,0,0,0,7,255,0,250,0,0
baseline,8132,8132,0,8132,82238.283,0.971,-0.001,0.006,-0.239,0,0,0,0,0,0,0,0,0,0.000,0,WARMING_UP,0,0,0.468,0.012,-0.250,-0.125,0.375,0.004,-0.008,1.004,0.000,0.012,0.012,0.000,0.000,0.000,0.000,0,NULL,NULL,,0,0,0,7,255,0,250,0,0
baseline,8136,8136,0,8136,82243.282,0.971,-0.001,0.006,-0.239,0,0,0,0,0,0,0,0,0,0.000,0,WARMING_UP,0,0,0.400,0.000,-0.063,-0.125,0.375,0.004,-0.012,1.000,0.000,0.000,0.012,0.000,0.000,0.000,0.000,0,NULL,NULL,,0,0,0,7,255,0,250,0,0
baseline,8142,8142,0,8142,82248.283,0.971,-0.001,0.006,-0.239,0,0,0,0,0,0,0,0,0,0.000,0,WARMING_UP,0,0,0.342,0.000,-0.063,-0.125,0.313,0.004,-0.008,1.000,0.000,0.000,-0.004,0.000,0.000,0.000,0.000,0,NULL,NULL,,0,0,0,7,255,0,250,0,0
baseline,8147,8147,0,8147,82253.283,0.971,-0.001,0.006,-0.239,0,0,0,0,0,0,0,0,0,0.000,0,WARMING_UP,0,0,0.442,0.000,-0.250,-0.188,0.313,0.004,-0.008,1.004,0.000,0.000,-0.004,0.000,0.000,0.000,0.000,0,NULL,NULL,,0,0,0,7,255,0,250,0,0
baseline,8152,8152,0,8152,82258.283,0.971,-0.001,0.006,-0.239,0,0,0,0,0,0,0,0,0,0.000,0,WARMING_UP,0,0,0.446,0.000,-0.313,-0.063,0.313,0.004,-0.008,1.004,0.000,0.000,0.004,0.000,0.000,0.000,0.000,0,NULL,NULL,,0,0,0,7,255,0,250,0,0
baseline,8156,8156,0,8156,82263.282,0.971,-0.001,0.006,-0.239,0,0,0,0,0,0,0,0,0,0.000,0,WARMING_UP,0,0,0.424,0.000,-0.188,-0.063,0.375,0.004,-0.012,1.004,0.000,0.000,0.004,0.000,0.000,0.000,0.000,0,NULL,NULL,,0,0,0,7,255,0,250,0,0
baseline,8162,8162,0,8162,82268.283,0.971,-0.001,0.006,-0.239,0,0,0,0,0,0,0,0,0,0.000,0,WARMING_UP,0,0,0.415,0.012,-0.125,-0.125,0.375,0.004,-0.012,1.000,0.000,-0.012,0.004,0.000,0.000,0.000,0.000,0,NULL,NULL,,0,0,0,7,255,0,250,0,0
baseline,8166,8166,0,8166,82273.282,0.971,-0.001,0.006,-0.239,0,0,0,0,0,0,0,0,0,0.000,0,WARMING_UP,0,0,0.438,0.012,-0.125,-0.188,0.375,0.004,-0.008,1.000,-0.004,-0.012,-0.012,0.000,0.000,0.000,0.000,0,NULL,NULL,,0,0,0,7,255,0,250,0,0
baseline,8172,8172,0,8172,82278.283,0.971,-0.001,0.006,-0.239,0,0,0,0,0,0,0,0,0,0.000,0,WARMING_UP,0,0,0.504,0.009,-0.313,-0.125,0.375,0.004,-0.008,1.004,-0.004,0.008,-0.012,0.000,0.000,0.000,0.000,0,NULL,NULL,,0,0,0,7,255,0,250,0,0
baseline,8177,8177,0,8177,82283.285,0.971,-0.001,0.006,-0.239,0,0,0,0,0,0,0,0,0,0.000,0,WARMING_UP,0,0,0.405,0.009,-0.250,-0.063,0.313,0.004,-0.008,1.004,-0.004,0.008,0.004,0.000,0.000,0.000,0.000,0,NULL,NULL,,0,0,0,7,255,0,250,0,0
baseline,8182,8182,0,8182,82288.283,0.971,-0.001,0.006,-0.239,0,0,0,0,0,0,0,0,0,0.000,0,WARMING_UP,0,0,0.359,0.004,-0.125,-0.125,0.313,0.004,-0.012,1.000,0.004,0.000,0.004,0.000,0.000,0.000,0.000,0,NULL,NULL,,0,0,0,7,255,0,250,0,0
baseline,8186,8186,0,8186,82293.282,0.971,-0.001,0.006,-0.239,0,0,0,0,0,0,0,0,0,0.000,0,WARMING_UP,0,0,0.370,0.004,-0.063,-0.188,0.313,0.004,-0.008,1.000,0.004,0.000,0.000,0.000,0.000,0.000,0.000,0,NULL,NULL,,0,0,0,7,255,0,250,0,0
baseline,8192,8192,0,8192,82298.283,0.971,-0.001,0.006,-0.239,0,0,0,0,0,0,0,0,0,0.000,0,WARMING_UP,0,0,0.385,0.004,-0.188,-0.125,0.313,0.004,-0.008,1.000,0.004,0.000,0.000,0.000,0.000,0.000,0.000,0,NULL,NULL,,0,0,0,7,255,0,250,0,0
baseline,8196,8196,0,8196,82303.282,0.971,-0.001,0.006,-0.239,0,0,0,0,0,0,0,0,0,0.000,0,WARMING_UP,0,0,0.446,0.004,-0.313,-0.063,0.313,0.004,-0.008,1.004,-0.004,0.000,0.000,0.000,0.000,0.000,0.000,0,NULL,NULL,,0,0,0,7,255,0,250,0,0
baseline,8202,8202,0,8202,82308.283,0.971,-0.001,0.006,-0.239,0,0,0,0,0,0,0,0,0,0.000,0,WARMING_UP,0,0,0.385,0.004,-0.188,-0.125,0.313,0.004,-0.012,1.004,-0.004,0.000,0.008,0.000,0.000,0.000,0.000,0,NULL,NULL,,0,0,0,7,255,0,250,0,0
baseline,8206,8206,0,8206,82313.282,0.971,-0.001,0.006,-0.239,0,0,0,0,0,0,0,0,0,0.000,0,WARMING_UP,0,0,0.415,0.011,-0.125,-0.125,0.375,0.004,-0.008,1.000,-0.008,-0.008,0.008,0.000,0.000,0.000,0.000,0,NULL,NULL,,0,0,0,7,255,0,250,0,0
baseline,8212,8212,0,8212,82318.283,0.971,-0.001,0.006,-0.239,0,0,0,0,0,0,0,0,0,0.000,0,WARMING_UP,0,0,0.415,0.008,-0.125,-0.125,0.375,0.004,-0.008,1.000,0.000,-0.008,-0.004,0.000,0.000,0.000,0.000,0,NULL,NULL,,0,0,0,7,255,0,250,0,0
baseline,8217,8217,0,8217,82323.283,0.971,-0.001,0.006,-0.239,0,0,0,0,0,0,0,0,0,0.000,0,WARMING_UP,0,0,0.405,0.006,-0.250,-0.063,0.313,0.004,-0.008,1.004,-0.004,0.004,-0.004,0.000,0.000,0.000,0.000,0,NULL,NULL,,0,0,0,7,255,0,250,0,0
baseline,8222,8222,0,8222,82328.283,0.971,-0.001,0.006,-0.239,0,0,0,0,0,0,0,0,0,0.000,0,WARMING_UP,0,0,0.405,0.006,-0.250,-0.063,0.313,0.004,-0.008,1.004,-0.004,0.004,0.004,0.000,0.000,0.000,0.000,0,NULL,NULL,,0,0,0,7,255,0,250,0,0
baseline,8227,8227,0,8227,82333.285,0.971,-0.001,0.006,-0.239,0,0,0,0,0,0,0,0,0,0.000,0,WARMING_UP,0,0,0.459,0.004,-0.188,-0.188,0.375,0.004,-0.012,1.000,-0.004,0.000,0.004,0.000,0.000,0.000,0.000,0,NULL,NULL,,0,0,0,7,255,0,250,0,0
baseline,8232,8232,0,8232,82338.283,0.971,-0.001,0.006,-0.239,0,0,0,0,0,0,0,0,0,0.000,0,WARMING_UP,0,0,0.415,0.004,-0.125,-0.125,0.375,0.004,-0.008,1.000,0.000,-0.004,-0.004,0.000,0.000,0.000,0.000,0,NULL,NULL,,0,0,0,7,255,0,250,0,0
baseline,8236,8236,0,8236,82343.282,0.971,-0.001,0.006,-0.239,0,0,0,0,0,0,0,0,0,0.000,0,WARMING_UP,0,0,0.415,0.004,-0.125,-0.125,0.375,0.004,-0.008,1.000,0.000,-0.004,-0.004,0.000,0.000,0.000,0.000,0,NULL,NULL,,0,0,0,7,255,0,250,0,0
baseline,8242,8242,0,8242,82348.283,0.971,-0.001,0.006,-0.239,0,0,0,0,0,0,0,0,0,0.000,0,WARMING_UP,0,0,0.468,0.009,-0.250,-0.125,0.375,0.004,-0.008,1.004,-0.004,0.008,-0.004,0.000,0.000,0.000,0.000,0,NULL,NULL,,0,0,0,7,255,0,250,0,0
baseline,8246,8246,0,8246,82353.282,0.971,-0.001,0.006,-0.239,0,0,0,0,0,0,0,0,0,0.000,0,WARMING_UP,0,0,0.455,0.009,-0.250,-0.063,0.375,0.004,-0.012,1.004,-0.004,0.008,0.008,0.000,0.000,0.000,0.000,0,NULL,NULL,,0,0,0,7,255,0,250,0,0
baseline,8252,8252,0,8252,82358.283,0.971,-0.001,0.006,-0.239,0,0,0,0,0,0,0,0,0,0.000,0,WARMING_UP,0,0,0.359,0.012,-0.125,-0.125,0.313,0.004,-0.012,1.000,-0.004,-0.012,0.008,0.000,0.000,0.000,0.000,0,NULL,NULL,,0,0,0,7,255,0,250,0,0
baseline,8256,8256,0,8256,82363.282,0.971,-0.001,0.006,-0.239,0,0,0,0,0,0,0,0,0,0.000,0,WARMING_UP,0,0,0.359,0.012,-0.125,-0.125,0.313,0.004,-0.008,1.000,-0.004,-0.012,-0.012,0.000,0.000,0.000,0.000,0,NULL,NULL,,0,0,0,7,255,0,250,0,0
baseline,8262,8262,0,8262,82368.283,0.971,-0.001,0.006,-0.239,0,0,0,0,0,0,0,0,0,0.000,0,WARMING_UP,0,0,0.385,0.004,-0.188,-0.125,0.313,0.004,-0.008,1.000,-0.004,0.000,-0.012,0.000,0.000,0.000,0.000,0,NULL,NULL,,0,0,0,7,255,0,250,0,0
baseline,8267,8267,0,8267,82373.283,0.971,-0.001,0.006,-0.239,0,0,0,0,0,0,0,0,0,0.000,0,WARMING_UP,0,0,0.459,0.009,-0.313,-0.125,0.313,0.004,-0.008,1.004,-0.004,0.008,0.000,0.000,0.000,0.000,0.000,0,NULL,NULL,,0,0,0,7,255,0,250,0,0
baseline,8271,8271,0,8271,82378.282,0.971,-0.001,0.006,-0.239,0,0,0,0,0,0,0,0,0,0.000,0,WARMING_UP,0,0,0.385,0.004,-0.188,-0.125,0.313,0.004,-0.012,1.000,-0.004,0.000,0.000,0.000,0.000,0.000,0.000,0,NULL,NULL,,0,0,0,7,255,0,250,0,0
baseline,8277,8277,0,8277,82383.286,0.971,-0.001,0.006,-0.239,0,0,0,0,0,0,0,0,0,0.000,0,WARMING_UP,0,0,0.395,0.004,0.000,-0.125,0.375,0.004,-0.008,1.000,0.004,0.000,-0.004,0.000,0.000,0.000,0.000,0,NULL,NULL,,0,0,0,7,255,0,250,0,0
baseline,8282,8282,0,8282,82388.283,0.971,-0.001,0.006,-0.239,0,0,0,0,0,0,0,0,0,0.000,0,WARMING_UP,0,0,0.359,0.004,-0.125,-0.125,0.313,0.004,-0.008,1.000,0.004,0.000,-0.020,0.000,0.000,0.000,0.000,0,NULL,NULL,,0,0,0,7,255,0,250,0,0
baseline,8286,8286,0,8286,82393.282,0.971,-0.001,0.006,-0.239,0,0,0,0,0,0,0,0,0,0.000,0,WARMING_UP,0,0,0.504,0.008,-0.313,-0.125,0.375,0.004,-0.008,1.004,0.000,0.008,-0.020,0.000,0.000,0.000,0.000,0,NULL,NULL,,0,0,0,7,255,0,250,0,0
baseline,8292,8292,0,8292,82398.283,0.971,-0.001,0.006,-0.239,0,0,0,0,0,0,0,0,0,0.000,0,WARMING_UP,0,0,0.504,0.011,-0.375,-0.125,0.313,0.004,-0.012,1.004,-0.008,0.008,0.020,0.000,0.000,0.000,0.000,0,NULL,NULL,,0,0,0,7,255,0,250,0,0
baseline,8296,8296,0,8296,82403.282,0.971,-0.001,0.006,-0.239,0,0,0,0,0,0,0,0,0,0.000,0,WARMING_UP,0,0,0.459,0.014,-0.188,-0.188,0.375,0.004,-0.012,1.000,-0.008,-0.012,0.020,0.000,0.000,0.000,0.000,0,NULL,NULL,,0,0,0,7,255,0,250,0,0
baseline,8302,8302,0,8302,82408.283,0.971,-0.001,0.006,-0.239,0,0,0,0,0,0,0,0,0,0.000,0,WARMING_UP,0,0,0.342,0.012,-0.063,-0.125,0.313,0.004,-0.008,1.000,0.000,-0.012,-0.004,0.000,0.000,0.000,0.000,0,NULL,NULL,,0,0,0,7,255,0,250,0,0
baseline,8306,8306,0,8306,82413.282,0.971,-0.001,0.006,-0.239,0,0,0,0,0,0,0,0,0,0.000,0,WARMING_UP,0,0,0.419,0.004,-0.250,-0.125,0.313,0.004,-0.008,1.004,0.000,-0.004,-0.004,0.000,0.000,0.000,0.000,0,NULL,NULL,,0,0,0,7,255,0,250,0,0
baseline,8312,8312,0,8312,82418.283,0.971,-0.001,0.006,-0.239,0,0,0,0,0,0,0,0,0,0.000,0,WARMING_UP,0,0,0.504,0.004,-0.375,-0.125,0.313,0.004,-0.008,1.004,0.000,0.004,0.012,0.000,0.000,0.000,0.000,0,NULL,NULL,,0,0,0,7,255,0,250,0,0
baseline,8317,8317,0,8317,82423.283,0.971,-0.001,0.006,-0.239,0,0,0,0,0,0,0,0,0,0.000,0,WARMING_UP,0,0,0.419,0.004,-0.250,-0.125,0.313,0.004,-0.012,1.004,0.000,-0.004,0.012,0.000,0.000,0.000,0.000,0,NULL,NULL,,0,0,0,7,255,0,250,0,0
baseline,8322,8322,0,8322,82428.283,0.971,-0.001,0.006,-0.239,0,0,0,0,0,0,0,0,0,0.000,0,WARMING_UP,0,0,0.342,0.006,-0.063,-0.125,0.313,0.004,-0.012,1.000,0.004,-0.004,0.004,0.000,0.000,0.000,0.000,0,NULL,NULL,,0,0,0,7,255,0,250,0,0
baseline,8326,8326,0,8326,82433.282,0.971,-0.001,0.006,-0.239,0,0,0,0,0,0,0,0,0,0.000,0,WARMING_UP,0,0,0.415,0.006,-0.125,-0.125,0.375,0.004,-0.008,1.000,0.004,-0.004,-0.012,0.000,0.000,0.000,0.000,0,NULL,NULL,,0,0,0,7,255,0,250,0,0
baseline,8332,8332,0,8332,82438.283,0.971,-0.001,0.006,-0.239,0,0,0,0,0,0,0,0,0,0.000,0,WARMING_UP,0,0,0.504,0.006,-0.313,-0.125,0.375,0.004,-0.008,1.004,0.004,0.004,-0.012,0.000,0.000,0.000,0.000,0,NULL,NULL,,0,0,0,7,255,0,250,0,0
baseline,8336,8336,0,8336,82443.282,0.971,-0.001,0.006,-0.239,0,0,0,0,0,0,0,0,0,0.000,0,WARMING_UP,0,0,0.419,0.004,-0.250,-0.125,0.313,0.004,-0.012,1.004,0.000,0.004,0.004,0.000,0.000,0.000,0.000,0,NULL,NULL,,0,0,0,7,255,0,250,0,0
baseline,8342,8342,0,8342,82448.283,0.971,-0.001,0.006,-0.239,0,0,0,0,0,0,0,0,0,0.000,0,WARMING_UP,0,0,0.342,0.004,-0.063,-0.125,0.313,0.004,-0.012,1.004,0.000,-0.004,0.004,0.000,0.000,0.000,0.000,0,NULL,NULL,,0,0,0,7,255,0,250,0,0
baseline,8347,8347,0,8347,82453.283,0.971,-0.001,0.006,-0.239,0,0,0,0,0,0,0,0,0,0.000,0,WARMING_UP,0,0,0.424,0.006,-0.063,-0.188,0.375,0.004,-0.008,1.000,0.004,-0.004,0.004,0.000,0.000,0.000,0.000,0,NULL,NULL,,0,0,0,7,255,0,250,0,0
baseline,8352,8352,0,8352,82458.283,0.971,-0.001,0.006,-0.239,0,0,0,0,0,0,0,0,0,0.000,0,WARMING_UP,0,0,0.385,0.009,-0.188,-0.125,0.313,0.004,-0.008,1.000,0.004,0.008,0.000,0.000,0.000,0.000,0.000,0,NULL,NULL,,0,0,0,7,255,0,250,0,0
baseline,8356,8356,0,8356,82463.282,0.971,-0.001,0.006,-0.239,0,0,0,0,0,0,0,0,0,0.000,0,WARMING_UP,0,0,0.446,0.009,-0.313,-0.063,0.313,0.004,-0.008,1.004,0.004,0.008,0.000,0.000,0.000,0.000,0.000,0,NULL,NULL,,0,0,0,7,255,0,250,0,0
baseline,8362,8362,0,8362,82468.283,0.971,-0.001,0.006,-0.239,0,0,0,0,0,0,0,0,0,0.000,0,WARMING_UP,0,0,0.419,0.009,-0.250,-0.125,0.313,0.004,-0.012,1.004,-0.004,0.008,0.004,0.000,0.000,0.000,0.000,0,NULL,NULL,,0,0,0,7,255,0,250,0,0
baseline,8366,8366,0,8366,82473.282,0.971,-0.001,0.006,-0.239,0,0,0,0,0,0,0,0,0,0.000,0,WARMING_UP,0,0,0.364,0.006,0.000,-0.188,0.313,0.004,-0.012,1.000,0.004,-0.004,0.004,0.000,0.000,0.000,0.000,0,NULL,NULL,,0,0,0,7,255,0,250,0,0
baseline,8372,8372,0,8372,82478.283,0.971,-0.001,0.006,-0.239,0,0,0,0,0,0,0,0,0,0.000,0,WARMING_UP,0,0,0.400,0.006,-0.125,-0.063,0.375,0.004,-0.008,1.000,-0.004,-0.004,-0.012,0.000,0.000,0.000,0.000,0,NULL,NULL,,0,0,0,7,255,0,250,0,0
baseline,8377,8377,0,8377,82483.285,0.971,-0.001,0.006,-0.239,0,0,0,0,0,0,0,0,0,0.000,0,WARMING_UP,0,0,0.459,0.004,-0.313,-0.125,0.313,0.004,-0.008,1.000,0.000,0.004,-0.012,0.000,0.000,0.000,0.000,0,NULL,NULL,,0,0,0,7,255,0,250,0,0
baseline,8382,8382,0,8382,82488.283,0.971,-0.001,0.006,-0.239,0,0,0,0,0,0,0,0,0,0.000,0,WARMING_UP,0,0,0.446,0.004,-0.313,-0.063,0.313,0.004,-0.008,1.004,0.000,0.004,-0.004,0.000,0.000,0.000,0.000,0,NULL,NULL,,0,0,0,7,255,0,250,0,0
baseline,8386,8386,0,8386,82493.282,0.971,-0.001,0.006,-0.239,0,0,0,0,0,0,0,0,0,0.000,0,WARMING_UP,0,0,0.359,0.000,-0.125,-0.125,0.313,0.004,-0.012,1.000,0.000,0.000,-0.004,0.000,0.000,0.000,0.000,0,NULL,NULL,,0,0,0,7,255,0,250,0,0
baseline,8392,8392,0,8392,82498.283,0.971,-0.001,0.006,-0.239,0,0,0,0,0,0,0,0,0,0.000,0,WARMING_UP,0,0,0.400,0.006,-0.063,-0.125,0.375,0.004,-0.012,1.000,0.004,-0.004,-0.004,0.000,0.000,0.000,0.000,0,NULL,NULL,,0,0,0,7,255,0,250,0,0
baseline,8396,8396,0,8396,82503.282,0.971,-0.001,0.006,-0.239,0,0,0,0,0,0,0,0,0,0.000,0,WARMING_UP,0,0,0.438,0.006,-0.188,-0.125,0.375,0.004,-0.008,1.004,0.004,-0.004,-0.004,0.000,0.000,0.000,0.000,0,NULL,NULL,,0,0,0,7,255,0,250,0,0
baseline,8402,8402,0,8402,82508.283,0.971,-0.001,0.006,-0.239,0,0,0,0,0,0,0,0,0,0.000,0,WARMING_UP,0,0,0.459,0.006,-0.313,-0.125,0.313,0.004,-0.012,1.004,0.004,-0.004,0.004,0.000,0.000,0.000,0.000,0,NULL,NULL,,0,0,0,7,255,0,250,0,0
baseline,8407,8407,0,8407,82513.283,0.971,-0.001,0.006,-0.239,0,0,0,0,0,0,0,0,0,0.000,0,WARMING_UP,0,0,0.438,0.009,-0.188,-0.125,0.375,0.004,-0.012,1.004,-0.004,-0.008,0.004,0.000,0.000,0.000,0.000,0,NULL,NULL,,0,0,0,7,255,0,250,0,0
baseline,8412,8412,0,8412,82518.283,0.971,-0.001,0.006,-0.239,0,0,0,0,0,0,0,0,0,0.000,0,WARMING_UP,0,0,0.400,0.009,-0.063,-0.125,0.375,0.004,-0.012,1.000,-0.004,-0.008,0.004,0.000,0.000,0.000,0.000,0,NULL,NULL,,0,0,0,7,255,0,250,0,0
baseline,8417,8417,0,8417,82523.283,0.971,-0.001,0.006,-0.239,0,0,0,0,0,0,0,0,0,0.000,0,WARMING_UP,0,0,0.385,0.009,-0.188,-0.125,0.313,0.004,-0.012,1.000,-0.004,-0.008,-0.004,0.000,0.000,0.000,0.000,0,NULL,NULL,,0,0,0,7,255,0,250,0,0
baseline,8422,8422,0,8422,82528.283,0.971,-0.001,0.006,-0.239,0,0,0,0,0,0,0,0,0,0.000,0,WARMING_UP,0,0,0.419,0.009,-0.250,-0.125,0.313,0.004,-0.008,1.000,-0.004,-0.008,-0.004,0.000,0.000,0.000,0.000,0,NULL,NULL,,0,0,0,7,255,0,250,0,0
baseline,8426,8426,0,8426,82533.282,0.971,-0.001,0.006,-0.239,0,0,0,0,0,0,0,0,0,0.000,0,WARMING_UP,0,0,0.480,0.004,-0.313,-0.188,0.313,0.004,-0.008,1.004,0.000,0.004,-0.004,0.000,0.000,0.000,0.000,0,NULL,NULL,,0,0,0,7,255,0,250,0,0
baseline,8432,8432,0,8432,82538.283,0.971,-0.001,0.006,-0.239,0,0,0,0,0,0,0,0,0,0.000,0,WARMING_UP,0,0,0.504,0.004,-0.313,-0.125,0.375,0.004,-0.008,1.004,0.000,0.004,0.004,0.000,0.000,0.000,0.000,0,NULL,NULL,,0,0,0,7,255,0,250,0,0
baseline,8436,8436,0,8436,82543.282,0.971,-0.001,0.006,-0.239,0,0,0,0,0,0,0,0,0,0.000,0,WARMING_UP,0,0,0.438,0.009,-0.125,-0.188,0.375,0.004,-0.012,1.000,0.008,0.004,0.004,0.000,0.000,0.000,0.000,0,NULL,NULL,,0,0,0,7,255,0,250,0,0
baseline,8442,8442,0,8442,82548.283,0.971,-0.001,0.006,-0.239,0,0,0,0,0,0,0,0,0,0.000,0,WARMING_UP,0,0,0.385,0.004,-0.125,-0.188,0.313,0.004,-0.008,1.000,0.000,-0.004,0.000,0.000,0.000,0.000,0.000,0,NULL,NULL,,0,0,0,7,255,0,250,0,0
baseline,8447,8447,0,8447,82553.283,0.971,-0.001,0.006,-0.239,0,0,0,0,0,0,0,0,0,0.000,0,WARMING_UP,0,0,0.438,0.012,-0.188,-0.125,0.375,0.004,-0.008,1.004,-0.012,-0.004,0.000,0.000,0.000,0.000,0.000,0,NULL,NULL,,0,0,0,7,255,0,250,0,0
baseline,8452,8452,0,8452,82558.283,0.971,-0.001,0.006,-0.240,0,0,0,0,0,0,0,0,0,0.000,0,WARMING_UP,0,0,0.455,0.012,-0.250,-0.063,0.375,0.004,-0.012,1.004,-0.012,-0.004,0.004,0.000,0.000,0.000,0.000,0,NULL,NULL,,0,0,0,7,255,0,250,0,0
baseline,8456,8456,0,8456,82563.282,0.971,-0.001,0.006,-0.240,0,0,0,0,0,0,0,0,0,0.000,0,WARMING_UP,0,0,0.468,0.006,-0.250,-0.125,0.375,0.004,-0.012,1.004,0.004,-0.004,0.008,0.000,0.000,0.000,0.000,0,NULL,NULL,,0,0,0,7,255,0,250,0,0
baseline,8462,8462,0,8462,82568.283,0.971,-0.001,0.006,-0.240,0,0,0,0,0,0,0,0,0,0.000,0,WARMING_UP,0,0,0.415,0.006,-0.125,-0.125,0.375,0.004,-0.008,1.000,0.004,-0.004,0.008,0.000,0.000,0.000,0.000,0,NULL,NULL,,0,0,0,7,255,0,250,0,0
baseline,8467,8467,0,8467,82573.283,0.971,-0.001,0.006,-0.240,0,0,0,0,0,0,0,0,0,0.000,0,WARMING_UP,0,0,0.385,0.004,-0.188,-0.125,0.313,0.004,-0.008,1.000,0.000,-0.004,0.000,0.000,0.000,0.000,0.000,0,NULL,NULL,,0,0,0,7,255,0,250,0,0
baseline,8472,8472,0,8472,82578.283,0.971,-0.001,0.006,-0.240,0,0,0,0,0,0,0,0,0,0.000,0,WARMING_UP,0,0,0.459,0.011,-0.313,-0.125,0.313,0.004,-0.008,1.004,-0.008,0.008,0.000,0.000,0.000,0.000,0.000,0,NULL,NULL,,0,0,0,7,255,0,250,0,0
baseline,8477,8477,0,8477,82583.283,0.971,-0.001,0.006,-0.240,0,0,0,0,0,0,0,0,0,0.000,0,WARMING_UP,0,0,0.468,0.008,-0.250,-0.125,0.375,0.004,-0.012,1.000,0.000,0.008,0.000,0.000,0.000,0.000,0.000,0,NULL,NULL,,0,0,0,7,255,0,250,0,0
baseline,8482,8482,0,8482,82588.283,0.971,-0.001,0.006,-0.240,0,0,0,0,0,0,0,0,0,0.000,0,WARMING_UP,0,0,0.385,0.008,-0.125,-0.188,0.313,0.004,-0.008,1.000,0.000,0.008,0.000,0.000,0.000,0.000,0.000,0,NULL,NULL,,0,0,0,7,255,0,250,0,0
baseline,8486,8486,0,8486,82593.282,0.971,-0.001,0.006,-0.240,0,0,0,0,0,0,0,0,0,0.000,0,WARMING_UP,0,0,0.342,0.004,-0.063,-0.125,0.313,0.004,-0.008,1.000,0.000,-0.004,-0.016,0.000,0.000,0.000,0.000,0,NULL,NULL,,0,0,0,7,255,0,250,0,0
baseline,8492,8492,0,8492,82598.283,0.971,-0.001,0.006,-0.240,0,0,0,0,0,0,0,0,0,0.000,0,WARMING_UP,0,0,0.419,0.014,-0.250,-0.125,0.313,0.004,-0.008,1.004,0.008,0.012,-0.016,0.000,0.000,0.000,0.000,0,NULL,NULL,,0,0,0,7,255,0,250,0,0
baseline,8496,8496,0,8496,82603.282,0.971,-0.001,0.006,-0.240,0,0,0,0,0,0,0,0,0,0.000,0,WARMING_UP,0,0,0.459,0.006,-0.313,-0.125,0.313,0.004,-0.012,1.004,-0.004,-0.004,0.004,0.000,0.000,0.000,0.000,0,NULL,NULL,,0,0,0,7,255,0,250,0,0
baseline,8502,8502,0,8502,82608.283,0.971,-0.001,0.006,-0.240,0,0,0,0,0,0,0,0,0,0.000,0,WARMING_UP,0,0,0.415,0.012,-0.125,-0.125,0.375,0.004,-0.012,1.000,0.004,-0.012,0.004,0.000,0.000,0.000,0.000,0,NULL,NULL,,0,0,0,7,255,0,250,0,0
baseline,8506,8506,0,8506,82613.282,0.971,-0.001,0.006,-0.240,0,0,0,0,0,0,0,0,0,0.000,0,WARMING_UP,0,0,0.395,0.012,0.000,-0.125,0.375,0.004,-0.012,1.000,0.004,-0.012,0.000,0.000,0.000,0.000,0.000,0,NULL,NULL,,0,0,0,7,255,0,250,0,0
baseline,8512,8512,0,8512,82618.283,0.971,-0.001,0.006,-0.240,0,0,0,0,0,0,0,0,0,0.000,0,WARMING_UP,0,0,0.370,0.009,-0.188,-0.063,0.313,0.004,-0.008,1.000,0.004,-0.008,-0.016,0.000,0.000,0.000,0.000,0,NULL,NULL,,0,0,0,7,255,0,250,0,0
baseline,8517,8517,0,8517,82623.283,0.971,-0.001,0.006,-0.240,0,0,0,0,0,0,0,0,0,0.000,0,WARMING_UP,0,0,0.545,0.000,-0.375,-0.125,0.375,0.004,-0.008,1.004,0.000,0.000,-0.016,0.000,0.000,0.000,0.000,0,NULL,NULL,,0,0,0,7,255,0,250,0,0
baseline,8522,8522,0,8522,82628.283,0.971,-0.001,0.006,-0.240,0,0,0,0,0,0,0,0,0,0.000,0,WARMING_UP,0,0,0.504,0.000,-0.313,-0.125,0.375,0.004,-0.012,1.004,0.000,0.000,0.008,0.000,0.000,0.000,0.000,0,NULL,NULL,,0,0,0,7,255,0,250,0,0
baseline,8527,8527,0,8527,82633.285,0.971,-0.001,0.006,-0.240,0,0,0,0,0,0,0,0,0,0.000,0,WARMING_UP,0,0,0.424,0.016,-0.063,-0.188,0.375,0.004,-0.012,1.000,0.004,-0.016,0.008,0.000,0.000,0.000,0.000,0,NULL,NULL,,0,0,0,7,255,0,250,0,0
baseline,8532,8532,0,8532,82638.283,0.971,-0.001,0.006,-0.240,0,0,0,0,0,0,0,0,0,0.000,0,WARMING_UP,0,0,0.400,0.016,-0.063,-0.125,0.375,0.004,-0.008,1.000,0.004,-0.016,-0.012,0.000,0.000,0.000,0.000,0,NULL,NULL,,0,0,0,7,255,0,250,0,0
baseline,8537,8537,0,8537,82643.283,0.971,-0.001,0.006,-0.240,0,0,0,0,0,0,0,0,0,0.000,0,WARMING_UP,0,0,0.468,0.016,-0.250,-0.125,0.375,0.004,-0.008,1.004,-0.004,0.016,-0.012,0.000,0.000,0.000,0.000,0,NULL,NULL,,0,0,0,7,255,0,250,0,0
baseline,8541,8541,0,8541,82648.282,0.971,-0.001,0.006,-0.240,0,0,0,0,0,0,0,0,0,0.000,0,WARMING_UP,0,0,0.492,0.016,-0.375,-0.063,0.313,0.004,-0.012,1.004,-0.004,0.016,0.008,0.000,0.000,0.000,0.000,0,NULL,NULL,,0,0,0,7,255,0,250,0,0
baseline,8547,8547,0,8547,82653.283,0.971,-0.001,0.006,-0.240,0,0,0,0,0,0,0,0,0,0.000,0,WARMING_UP,0,0,0.385,0.004,-0.125,-0.188,0.313,0.004,-0.008,1.004,-0.004,0.000,0.008,0.000,0.000,0.000,0.000,0,NULL,NULL,,0,0,0,7,255,0,250,0,0
baseline,8552,8552,0,8552,82658.283,0.971,-0.001,0.006,-0.240,0,0,0,0,0,0,0,0,0,0.000,0,WARMING_UP,0,0,0.395,0.004,0.000,-0.125,0.375,0.004,-0.008,1.000,-0.004,0.000,0.008,0.000,0.000,0.000,0.000,0,NULL,NULL,,0,0,0,7,255,0,250,0,0
baseline,8557,8557,0,8557,82663.283,0.971,-0.001,0.006,-0.240,0,0,0,0,0,0,0,0,0,0.000,0,WARMING_UP,0,0,0.438,0.020,-0.188,-0.125,0.375,0.004,-0.008,1.000,-0.004,0.020,-0.016,0.000,0.000,0.000,0.000,0,NULL,NULL,,0,0,0,7,255,0,250,0,0
baseline,8562,8562,0,8562,82668.283,0.971,-0.001,0.006,-0.240,0,0,0,0,0,0,0,0,0,0.000,0,WARMING_UP,0,0,0.523,0.020,-0.375,-0.188,0.313,0.004,-0.008,1.004,-0.004,0.020,-0.016,0.000,0.000,0.000,0.000,0,NULL,NULL,,0,0,0,7,255,0,250,0,0
baseline,8566,8566,0,8566,82673.282,0.971,-0.001,0.006,-0.240,0,0,0,0,0,0,0,0,0,0.000,0,WARMING_UP,0,0,0.442,0.016,-0.313,0.000,0.313,0.004,-0.012,1.008,0.004,0.016,0.023,0.000,0.000,0.000,0.000,0,NULL,NULL,,0,0,0,7,255,0,250,0,0
baseline,8572,8572,0,8572,82678.283,0.971,-0.001,0.006,-0.240,0,0,0,0,0,0,0,0,0,0.000,0,WARMING_UP,0,0,0.342,0.020,-0.063,-0.125,0.313,0.000,-0.012,1.000,0.004,-0.020,0.023,0.000,0.000,0.000,0.000,0,NULL,NULL,,0,0,0,7,255,0,250,0,0
baseline,8577,8577,0,8577,82683.283,0.971,-0.001,0.006,-0.240,0,0,0,0,0,0,0,0,0,0.000,0,WARMING_UP,0,0,0.451,0.021,0.000,-0.250,0.375,0.008,-0.008,1.004,0.008,-0.020,0.004,0.000,0.000,0.000,0.000,0,NULL,NULL,,0,0,0,7,255,0,250,0,0
baseline,8582,8582,0,8582,82688.283,0.971,-0.001,0.006,-0.240,0,0,0,0,0,0,0,0,0,0.000,0,WARMING_UP,0,0,0.492,0.023,-0.375,-0.063,0.313,0.008,-0.008,0.996,0.012,0.020,-0.012,0.000,0.000,0.000,0.000,0,NULL,NULL,,0,0,0,7,255,0,250,0,0
baseline,8586,8586,0,8586,82693.282,0.971,-0.001,0.006,-0.240,0,0,0,0,0,0,0,0,0,0.000,0,WARMING_UP,0,0,0.442,0.023,-0.313,0.000,0.313,0.004,-0.012,1.004,0.012,0.020,0.004,0.000,0.000,0.000,0.000,0,NULL,NULL,,0,0,0,7,255,0,250,0,0
baseline,8592,8592,0,8592,82698.283,0.971,-0.001,0.006,-0.240,0,0,0,0,0,0,0,0,0,0.000,0,WARMING_UP,0,0,0.385,0.012,-0.188,-0.125,0.313,0.004,-0.012,1.004,-0.004,-0.012,0.008,0.000,0.000,0.000,0.000,0,NULL,NULL,,0,0,0,7,255,0,250,0,0
baseline,8596,8596,0,8596,82703.282,0.971,-0.001,0.006,-0.240,0,0,0,0,0,0,0,0,0,0.000,0,WARMING_UP,0,0,0.419,0.012,-0.125,-0.250,0.313,0.004,-0.012,1.004,-0.004,-0.012,0.020,0.000,0.000,0.000,0.000,0,NULL,NULL,,0,0,0,7,255,0,250,0,0
baseline,8602,8602,0,8602,82708.283,0.971,-0.001,0.006,-0.240,0,0,0,0,0,0,0,0,0,0.000,0,WARMING_UP,0,0,0.342,0.014,-0.125,-0.063,0.313,0.008,-0.008,1.000,0.012,-0.008,0.008,0.000,0.000,0.000,0.000,0,NULL,NULL,,0,0,0,7,255,0,250,0,0
baseline,8606,8606,0,8606,82713.282,0.971,-0.001,0.006,-0.240,0,0,0,0,0,0,0,0,0,0.000,0,WARMING_UP,0,0,0.405,0.014,-0.250,-0.063,0.313,0.004,-0.008,1.000,0.012,0.008,0.000,0.000,0.000,0.000,0.000,0,NULL,NULL,,0,0,0,7,255,0,250,0,0
baseline,8612,8612,0,8612,82718.283,0.971,-0.001,0.006,-0.240,0,0,0,0,0,0,0,0,0,0.000,0,WARMING_UP,0,0,0.419,0.009,-0.250,-0.125,0.313,0.004,-0.012,1.000,0.004,0.008,-0.020,0.000,0.000,0.000,0.000,0,NULL,NULL,,0,0,0,7,255,0,250,0,0
baseline,8617,8617,0,8617,82723.283,0.971,-0.001,0.006,-0.240,0,0,0,0,0,0,0,0,0,0.000,0,WARMING_UP,0,0,0.359,0.009,-0.125,-0.125,0.313,0.004,-0.008,1.000,0.004,0.008,-0.016,0.000,0.000,0.000,0.000,0,NULL,NULL,,0,0,0,7,255,0,250,0,0
baseline,8622,8622,0,8622,82728.283,0.971,-0.001,0.006,-0.240,0,0,0,0,0,0,0,0,0,0.000,0,WARMING_UP,0,0,0.415,0.009,-0.125,-0.125,0.375,0.004,-0.008,1.004,0.004,0.008,-0.016,0.000,0.000,0.000,0.000,0,NULL,NULL,,0,0,0,7,255,0,250,0,0
baseline,8626,8626,0,8626,82733.282,0.971,-0.001,0.006,-0.240,0,0,0,0,0,0,0,0,0,0.000,0,WARMING_UP,0,0,0.468,0.011,-0.250,-0.125,0.375,0.004,-0.008,1.004,-0.008,0.008,0.004,0.000,0.000,0.000,0.000,0,NULL,NULL,,0,0,0,7,255,0,250,0,0
baseline,8632,8632,0,8632,82738.283,0.971,-0.001,0.006,-0.240,0,0,0,0,0,0,0,0,0,0.000,0,WARMING_UP,0,0,0.504,0.011,-0.313,-0.125,0.375,0.004,-0.012,1.004,-0.008,0.008,0.020,0.000,0.000,0.000,0.000,0,NULL,NULL,,0,0,0,7,255,0,250,0,0
baseline,8636,8636,0,8636,82743.282,0.971,-0.001,0.006,-0.240,0,0,0,0,0,0,0,0,0,0.000,0,WARMING_UP,0,0,0.415,0.012,-0.125,-0.125,0.375,0.004,-0.012,1.000,-0.004,-0.012,0.020,0.000,0.000,0.000,0.000,0,NULL,NULL,,0,0,0,7,255,0,250,0,0
baseline,8642,8642,0,8642,82748.283,0.971,-0.001,0.006,-0.240,0,0,0,0,0,0,0,0,0,0.000,0,WARMING_UP,0,0,0.342,0.012,-0.063,-0.125,0.313,0.004,-0.008,1.000,-0.004,-0.012,0.000,0.000,0.000,0.000,0.000,0,NULL,NULL,,0,0,0,7,255,0,250,0,0
baseline,8647,8647,0,8647,82753.283,0.971,-0.001,0.006,-0.240,0,0,0,0,0,0,0,0,0,0.000,0,WARMING_UP,0,0,0.459,0.012,-0.188,-0.188,0.375,0.004,-0.008,1.000,-0.004,0.012,-0.031,0.000,0.000,0.000,0.000,0,NULL,NULL,,0,0,0,7,255,0,250,0,0
baseline,8652,8652,0,8652,82758.283,0.971,-0.001,0.006,-0.240,0,0,0,0,0,0,0,0,0,0.000,0,WARMING_UP,0,0,0.504,0.012,-0.375,-0.125,0.313,0.004,-0.008,1.004,-0.004,0.012,-0.031,0.000,0.000,0.000,0.000,0,NULL,NULL,,0,0,0,7,255,0,250,0,0
baseline,8656,8656,0,8656,82763.282,0.971,-0.001,0.006,-0.240,0,0,0,0,0,0,0,0,0,0.000,0,WARMING_UP,0,0,0.504,0.009,-0.313,-0.125,0.375,0.004,-0.012,1.004,-0.004,0.008,0.027,0.000,0.000,0.000,0.000,0,NULL,NULL,,0,0,0,7,255,0,250,0,0
baseline,8662,8662,0,8662,82768.283,0.971,-0.001,0.006,-0.240,0,0,0,0,0,0,0,0,0,0.000,0,WARMING_UP,0,0,0.370,0.012,-0.063,-0.188,0.313,0.004,-0.012,1.000,0.004,-0.012,0.027,0.000,0.000,0.000,0.000,0,NULL,NULL,,0,0,0,7,255,0,250,0,0
baseline,8666,8666,0,8666,82773.282,0.971,-0.001,0.006,-0.240,0,0,0,0,0,0,0,0,0,0.000,0,WARMING_UP,0,0,0.364,0.012,0.000,-0.188,0.313,0.004,-0.008,1.000,0.000,-0.012,0.000,0.000,0.000,0.000,0.000,0,NULL,NULL,,0,0,0,7,255,0,250,0,0
baseline,8672,8672,0,8672,82778.283,0.971,-0.001,0.006,-0.240,0,0,0,0,0,0,0,0,0,0.000,0,WARMING_UP,0,0,0.438,0.004,-0.188,-0.125,0.375,0.004,-0.008,1.000,0.000,0.004,-0.020,0.000,0.000,0.000,0.000,0,NULL,NULL,,0,0,0,7,255,0,250,0,0
baseline,8677,8677,0,8677,82783.284,0.971,-0.001,0.006,-0.240,0,0,0,0,0,0,0,0,0,0.000,0,WARMING_UP,0,0,0.492,0.009,-0.375,-0.063,0.313,0.004,-0.008,1.004,-0.008,0.004,-0.020,0.000,0.000,0.000,0.000,0,NULL,NULL,,0,0,0,7,255,0,250,0,0
baseline,8682,8682,0,8682,82788.283,0.971,-0.001,0.006,-0.240,0,0,0,0,0,0,0,0,0,0.000,0,WARMING_UP,0,0,0.405,0.009,-0.250,-0.063,0.313,0.004,-0.012,1.004,-0.008,0.004,0.012,0.000,0.000,0.000,0.000,0,NULL,NULL,,0,0,0,7,255,0,250,0,0
baseline,8686,8686,0,8686,82793.282,0.971,-0.001,0.006,-0.240,0,0,0,0,0,0,0,0,0,0.000,0,WARMING_UP,0,0,0.395,0.020,0.000,-0.125,0.375,0.004,-0.012,1.000,0.000,-0.020,0.012,0.000,0.000,0.000,0.000,0,NULL,NULL,,0,0,0,7,255,0,250,0,0
baseline,8692,8692,0,8692,82798.283,0.971,-0.001,0.006,-0.240,0,0,0,0,0,0,0,0,0,0.000,0,WARMING_UP,0,0,0.337,0.020,0.000,-0.125,0.313,0.004,-0.008,1.000,0.000,-0.020,-0.012,0.000,0.000,0.000,0.000,0,NULL,NULL,,0,0,0,7,255,0,250,0,0
baseline,8696,8696,0,8696,82803.282,0.971,-0.001,0.006,-0.240,0,0,0,0,0,0,0,0,0,0.000,0,WARMING_UP,0,0,0.438,0.004,-0.188,-0.125,0.375,0.004,-0.008,1.000,0.000,0.004,-0.012,0.000,0.000,0.000,0.000,0,NULL,NULL,,0,0,0,7,255,0,250,0,0
baseline,8702,8702,0,8702,82808.283,0.971,-0.001,0.006,-0.240,0,0,0,0,0,0,0,0,0,0.000,0,WARMING_UP,0,0,0.545,0.009,-0.375,-0.125,0.375,0.004,-0.012,1.004,0.008,0.004,-0.004,0.000,0.000,0.000,0.000,0,NULL,NULL,,0,0,0,7,255,0,250,0,0
baseline,8707,8707,0,8707,82813.283,0.971,-0.001,0.006,-0.240,0,0,0,0,0,0,0,0,0,0.000,0,WARMING_UP,0,0,0.419,0.014,-0.250,-0.125,0.313,0.004,-0.012,1.004,0.008,-0.012,0.004,0.000,0.000,0.000,0.000,0,NULL,NULL,,0,0,0,7,255,0,250,0,0
baseline,8712,8712,0,8712,82818.283,0.971,-0.001,0.006,-0.240,0,0,0,0,0,0,0,0,0,0.000,0,WARMING_UP,0,0,0.370,0.014,-0.063,-0.188,0.313,0.004,-0.012,1.000,0.008,-0.012,0.004,0.000,0.000,0.000,0.000,0,NULL,NULL,,0,0,0,7,255,0,250,0,0
baseline,8717,8717,0,8717,82823.283,0.971,-0.001,0.006,-0.240,0,0,0,0,0,0,0,0,0,0.000,0,WARMING_UP,0,0,0.415,0.009,-0.125,-0.125,0.375,0.004,-0.008,1.004,0.004,-0.008,0.004,0.000,0.000,0.000,0.000,0,NULL,NULL,,0,0,0,7,255,0,250,0,0
baseline,8722,8722,0,8722,82828.283,0.971,-0.001,0.006,-0.240,0,0,0,0,0,0,0,0,0,0.000,0,WARMING_UP,0,0,0.492,0.012,-0.313,-0.063,0.375,0.004,-0.008,1.004,0.000,0.012,0.004,0.000,0.000,0.000,0.000,0,NULL,NULL,,0,0,0,7,255,0,250,0,0
baseline,8726,8726,0,8726,82833.282,0.971,-0.001,0.006,-0.240,0,0,0,0,0,0,0,0,0,0.000,0,WARMING_UP,0,0,0.455,0.012,-0.250,-0.063,0.375,0.004,-0.012,1.004,-0.004,0.012,0.004,0.000,0.000,0.000,0.000,0,NULL,NULL,,0,0,0,7,255,0,250,0,0
baseline,8732,8732,0,8732,82838.283,0.971,-0.001,0.006,-0.240,0,0,0,0,0,0,0,0,0,0.000,0,WARMING_UP,0,0,0.468,0.004,-0.125,-0.250,0.375,0.004,-0.008,1.000,-0.004,0.000,0.004,0.000,0.000,0.000,0.000,0,NULL,NULL,,0,0,0,7,255,0,250,0,0
baseline,8736,8736,0,8736,82843.282,0.971,-0.001,0.006,-0.240,0,0,0,0,0,0,0,0,0,0.000,0,WARMING_UP,0,0,0.438,0.004,-0.125,-0.188,0.375,0.004,-0.008,1.000,-0.004,0.000,-0.004,0.000,0.000,0.000,0.000,0,NULL,NULL,,0,0,0,7,255,0,250,0,0
baseline,8742,8742,0,8742,82848.283,0.971,-0.001,0.006,-0.240,0,0,0,0,0,0,0,0,0,0.000,0,WARMING_UP,0,0,0.419,0.008,-0.250,-0.125,0.313,0.004,-0.008,1.004,-0.008,0.000,-0.004,0.000,0.000,0.000,0.000,0,NULL,NULL,,0,0,0,7,255,0,250,0,0
baseline,8747,8747,0,8747,82853.283,0.971,-0.001,0.006,-0.240,0,0,0,0,0,0,0,0,0,0.000,0,WARMING_UP,0,0,0.468,0.000,-0.250,-0.125,0.375,0.004,-0.012,1.004,0.000,0.000,0.008,0.000,0.000,0.000,0.000,0,NULL,NULL,,0,0,0,7,255,0,250,0,0
baseline,8752,8752,0,8752,82858.283,0.971,-0.001,0.006,-0.240,0,0,0,0,0,0,0,0,0,0.000,0,WARMING_UP,0,0,0.415,0.008,-0.125,-0.125,0.375,0.004,-0.012,1.000,0.000,-0.008,0.008,0.000,0.000,0.000,0.000,0,NULL,NULL,,0,0,0,7,255,0,250,0,0
baseline,8756,8756,0,8756,82863.282,0.971,-0.001,0.006,-0.240,0,0,0,0,0,0,0,0,0,0.000,0,WARMING_UP,0,0,0.424,0.008,-0.063,-0.188,0.375,0.004,-0.008,1.000,0.000,-0.008,-0.004,0.000,0.000,0.000,0.000,0,NULL,NULL,,0,0,0,7,255,0,250,0,0
baseline,8762,8762,0,8762,82868.283,0.971,-0.001,0.006,-0.240,0,0,0,0,0,0,0,0,0,0.000,0,WARMING_UP,0,0,0.459,0.004,-0.188,-0.188,0.375,0.004,-0.008,1.000,-0.004,0.000,-0.004,0.000,0.000,0.000,0.000,0,NULL,NULL,,0,0,0,7,255,0,250,0,0
baseline,8766,8766,0,8766,82873.282,0.971,-0.001,0.006,-0.240,0,0,0,0,0,0,0,0,0,0.000,0,WARMING_UP,0,0,0.545,0.004,-0.375,-0.125,0.375,0.004,-0.012,1.004,-0.004,0.000,-0.004,0.000,0.000,0.000,0.000,0,NULL,NULL,,0,0,0,7,255,0,250,0,0
baseline,8772,8772,0,8772,82878.283,0.971,-0.001,0.006,-0.240,0,0,0,0,0,0,0,0,0,0.000,0,WARMING_UP,0,0,0.468,0.008,-0.250,-0.125,0.375,0.004,-0.012,1.004,0.000,-0.008,0.008,0.000,0.000,0.000,0.000,0,NULL,NULL,,0,0,0,7,255,0,250,0,0
baseline,8777,8777,0,8777,82883.285,0.971,-0.001,0.006,-0.240,0,0,0,0,0,0,0,0,0,0.000,0,WARMING_UP,0,0,0.337,0.008,0.000,-0.125,0.313,0.004,-0.008,1.000,0.000,-0.008,0.008,0.000,0.000,0.000,0.000,0,NULL,NULL,,0,0,0,7,255,0,250,0,0
baseline,8782,8782,0,8782,82888.283,0.971,-0.001,0.006,-0.240,0,0,0,0,0,0,0,0,0,0.000,0,WARMING_UP,0,0,0.370,0.009,-0.063,-0.188,0.313,0.004,-0.008,1.000,-0.008,-0.004,-0.012,0.000,0.000,0.000,0.000,0,NULL,NULL,,0,0,0,7,255,0,250,0,0
baseline,8786,8786,0,8786,82893.282,0.971,-0.001,0.006,-0.240,0,0,0,0,0,0,0,0,0,0.000,0,WARMING_UP,0,0,0.504,0.009,-0.313,-0.125,0.375,0.004,-0.008,1.000,-0.008,0.004,-0.012,0.000,0.000,0.000,0.000,0,NULL,NULL,,0,0,0,7,255,0,250,0,0
baseline,8792,8792,0,8792,82898.283,0.971,-0.001,0.006,-0.240,0,0,0,0,0,0,0,0,0,0.000,0,WARMING_UP,0,0,0.523,0.004,-0.375,-0.188,0.313,0.004,-0.012,1.004,0.000,0.004,-0.004,0.000,0.000,0.000,0.000,0,NULL,NULL,,0,0,0,7,255,0,250,0,0
baseline,8796,8796,0,8796,82903.282,0.971,-0.001,0.006,-0.240,0,0,0,0,0,0,0,0,0,0.000,0,WARMING_UP,0,0,0.415,0.008,-0.125,-0.125,0.375,0.004,-0.012,1.004,0.000,-0.008,0.020,0.000,0.000,0.000,0.000,0,NULL,NULL,,0,0,0,7,255,0,250,0,0
baseline,8802,8802,0,8802,82908.283,0.971,-0.001,0.006,-0.240,0,0,0,0,0,0,0,0,0,0.000,0,WARMING_UP,0,0,0.400,0.008,-0.063,-0.125,0.375,0.004,-0.012,1.000,0.000,-0.008,0.020,0.000,0.000,0.000,0.000,0,NULL,NULL,,0,0,0,7,255,0,250,0,0
baseline,8806,8806,0,8806,82913.282,0.971,-0.001,0.006,-0.240,0,0,0,0,0,0,0,0,0,0.000,0,WARMING_UP,0,0,0.415,0.004,-0.125,-0.125,0.375,0.004,-0.008,1.000,0.000,-0.004,-0.004,0.000,0.000,0.000,0.000,0,NULL,NULL,,0,0,0,7,255,0,250,0,0
baseline,8812,8812,0,8812,82918.283,0.971,-0.001,0.006,-0.240,0,0,0,0,0,0,0,0,0,0.000,0,WARMING_UP,0,0,0.504,0.006,-0.313,-0.125,0.375,0.004,-0.008,1.004,0.004,0.004,-0.004,0.000,0.000,0.000,0.000,0,NULL,NULL,,0,0,0,7,255,0,250,0,0
baseline,8817,8817,0,8817,82923.283,0.971,-0.001,0.006,-0.240,0,0,0,0,0,0,0,0,0,0.000,0,WARMING_UP,0,0,0.419,0.004,-0.250,-0.125,0.313,0.004,-0.012,1.004,0.000,0.004,0.004,0.000,0.000,0.000,0.000,0,NULL,NULL,,0,0,0,7,255,0,250,0,0
baseline,8822,8822,0,8822,82928.283,0.971,-0.001,0.006,-0.241,0,0,0,0,0,0,0,0,0,0.000,0,WARMING_UP,0,0,0.424,0.008,-0.063,-0.188,0.375,0.004,-0.012,1.000,0.000,-0.008,0.004,0.000,0.000,0.000,0.000,0,NULL,NULL,,0,0,0,7,255,0,250,0,0
baseline,8827,8827,0,8827,82933.285,0.971,-0.001,0.006,-0.241,0,0,0,0,0,0,0,0,0,0.000,0,WARMING_UP,0,0,0.400,0.008,-0.063,-0.125,0.375,0.004,-0.008,1.000,0.000,-0.008,-0.012,0.000,0.000,0.000,0.000,0,NULL,NULL,,0,0,0,7,255,0,250,0,0
baseline,8832,8832,0,8832,82938.283,0.971,-0.001,0.006,-0.241,0,0,0,0,0,0,0,0,0,0.000,0,WARMING_UP,0,0,0.405,0.008,-0.250,-0.063,0.313,0.004,-0.008,1.000,0.000,0.008,-0.012,0.000,0.000,0.000,0.000,0,NULL,NULL,,0,0,0,7,255,0,250,0,0
baseline,8836,8836,0,8836,82943.282,0.971,-0.001,0.006,-0.241,0,0,0,0,0,0,0,0,0,0.000,0,WARMING_UP,0,0,0.468,0.008,-0.250,-0.125,0.375,0.004,-0.012,1.004,0.000,0.008,0.000,0.000,0.000,0.000,0.000,0,NULL,NULL,,0,0,0,7,255,0,250,0,0
baseline,8842,8842,0,8842,82948.283,0.971,-0.001,0.006,-0.241,0,0,0,0,0,0,0,0,0,0.000,0,WARMING_UP,0,0,0.405,0.008,-0.250,-0.063,0.313,0.004,-0.008,1.000,-0.008,0.000,0.000,0.000,0.000,0.000,0.000,0,NULL,NULL,,0,0,0,7,255,0,250,0,0
baseline,8846,8846,0,8846,82953.282,0.971,-0.001,0.006,-0.241,0,0,0,0,0,0,0,0,0,0.000,0,WARMING_UP,0,0,0.438,0.000,-0.125,-0.188,0.375,0.004,-0.008,1.000,0.000,0.000,0.000,0.000,0.000,0.000,0.000,0,NULL,NULL,,0,0,0,7,255,0,250,0,0
baseline,8852,8852,0,8852,82958.283,0.971,-0.001,0.006,-0.241,0,0,0,0,0,0,0,0,0,0.000,0,WARMING_UP,0,0,0.385,0.009,-0.188,-0.125,0.313,0.004,-0.008,1.000,-0.004,0.008,-0.004,0.000,0.000,0.000,0.000,0,NULL,NULL,,0,0,0,7,255,0,250,0,0
baseline,8856,8856,0,8856,82963.282,0.971,-0.001,0.006,-0.241,0,0,0,0,0,0,0,0,0,0.000,0,WARMING_UP,0,0,0.468,0.008,-0.250,-0.125,0.375,0.004,-0.008,1.000,0.000,0.008,-0.004,0.000,0.000,0.000,0.000,0,NULL,NULL,,0,0,0,7,255,0,250,0,0
baseline,8862,8862,0,8862,82968.283,0.971,-0.001,0.006,-0.241,0,0,0,0,0,0,0,0,0,0.000,0,WARMING_UP,0,0,0.480,0.004,-0.313,-0.188,0.313,0.004,-0.012,1.004,0.000,0.004,0.000,0.000,0.000,0.000,0.000,0,NULL,NULL,,0,0,0,7,255,0,250,0,0
baseline,8867,8867,0,8867,82973.283,0.971,-0.001,0.006,-0.241,0,0,0,0,0,0,0,0,0,0.000,0,WARMING_UP,0,0,0.415,0.006,-0.125,-0.125,0.375,0.004,-0.012,1.000,0.004,-0.004,0.000,0.000,0.000,0.000,0.000,0,NULL,NULL,,0,0,0,7,255,0,250,0,0
baseline,8871,8871,0,8871,82978.282,0.971,-0.001,0.006,-0.241,0,0,0,0,0,0,0,0,0,0.000,0,WARMING_UP,0,0,0.415,0.006,-0.125,-0.125,0.375,0.004,-0.008,1.000,0.004,-0.004,-0.008,0.000,0.000,0.000,0.000,0,NULL,NULL,,0,0,0,7,255,0,250,0,0
baseline,8877,8877,0,8877,82983.285,0.971,-0.001,0.006,-0.241,0,0,0,0,0,0,0,0,0,0.000,0,WARMING_UP,0,0,0.385,0.012,-0.188,-0.125,0.313,0.004,-0.008,1.000,-0.012,0.004,-0.008,0.000,0.000,0.000,0.000,0,NULL,NULL,,0,0,0,7,255,0,250,0,0
baseline,8882,8882,0,8882,82988.283,0.971,-0.001,0.006,-0.241,0,0,0,0,0,0,0,0,0,0.000,0,WARMING_UP,0,0,0.455,0.012,-0.250,-0.063,0.375,0.004,-0.008,1.004,-0.012,0.004,0.000,0.000,0.000,0.000,0.000,0,NULL,NULL,,0,0,0,7,255,0,250,0,0
baseline,8886,8886,0,8886,82993.282,0.971,-0.001,0.006,-0.241,0,0,0,0,0,0,0,0,0,0.000,0,WARMING_UP,0,0,0.468,0.004,-0.250,-0.125,0.375,0.004,-0.012,1.004,-0.004,0.000,0.008,0.000,0.000,0.000,0.000,0,NULL,NULL,,0,0,0,7,255,0,250,0,0
baseline,8892,8892,0,8892,82998.283,0.971,-0.001,0.006,-0.241,0,0,0,0,0,0,0,0,0,0.000,0,WARMING_UP,0,0,0.400,0.006,-0.063,-0.125,0.375,0.004,-0.012,1.000,0.004,-0.004,0.008,0.000,0.000,0.000,0.000,0,NULL,NULL,,0,0,0,7,255,0,250,0,0
baseline,8896,8896,0,8896,83003.282,0.971,-0.001,0.006,-0.241,0,0,0,0,0,0,0,0,0,0.000,0,WARMING_UP,0,0,0.370,0.006,-0.063,-0.188,0.313,0.004,-0.008,1.000,0.004,-0.004,-0.004,0.000,0.000,0.000,0.000,0,NULL,NULL,,0,0,0,7,255,0,250,0,0
baseline,8902,8902,0,8902,83008.283,0.971,-0.001,0.006,-0.241,0,0,0,0,0,0,0,0,0,0.000,0,WARMING_UP,0,0,0.438,0.009,-0.188,-0.125,0.375,0.004,-0.008,1.004,0.004,0.008,-0.004,0.000,0.000,0.000,0.000,0,NULL,NULL,,0,0,0,7,255,0,250,0,0
baseline,8906,8906,0,8906,83013.282,0.971,-0.001,0.006,-0.241,0,0,0,0,0,0,0,0,0,0.000,0,WARMING_UP,0,0,0.492,0.009,-0.375,-0.063,0.313,0.004,-0.012,1.004,-0.004,0.008,0.004,0.000,0.000,0.000,0.000,0,NULL,NULL,,0,0,0,7,255,0,250,0,0
baseline,8912,8912,0,8912,83018.283,0.971,-0.001,0.006,-0.241,0,0,0,0,0,0,0,0,0,0.000,0,WARMING_UP,0,0,0.400,0.009,-0.125,-0.063,0.375,0.004,-0.012,1.000,-0.004,-0.008,0.004,0.000,0.000,0.000,0.000,0,NULL,NULL,,0,0,0,7,255,0,250,0,0
baseline,8917,8917,0,8917,83023.283,0.971,-0.001,0.006,-0.241,0,0,0,0,0,0,0,0,0,0.000,0,WARMING_UP,0,0,0.342,0.009,-0.063,-0.125,0.313,0.004,-0.008,1.000,-0.004,-0.008,0.000,0.000,0.000,0.000,0.000,0,NULL,NULL,,0,0,0,7,255,0,250,0,0
baseline,8922,8922,0,8922,83028.283,0.971,-0.001,0.006,-0.241,0,0,0,0,0,0,0,0,0,0.000,0,WARMING_UP,0,0,0.385,0.009,-0.125,-0.188,0.313,0.004,-0.008,1.004,-0.004,0.008,0.000,0.000,0.000,0.000,0.000,0,NULL,NULL,,0,0,0,7,255,0,250,0,0
baseline,8926,8926,0,8926,83033.282,0.971,-0.001,0.006,-0.241,0,0,0,0,0,0,0,0,0,0.000,0,WARMING_UP,0,0,0.459,0.009,-0.313,-0.125,0.313,0.004,-0.008,1.004,-0.004,0.008,0.004,0.000,0.000,0.000,0.000,0,NULL,NULL,,0,0,0,7,255,0,250,0,0
baseline,8932,8932,0,8932,83038.283,0.971,-0.001,0.006,-0.241,0,0,0,0,0,0,0,0,0,0.000,0,WARMING_UP,0,0,0.459,0.004,-0.313,-0.125,0.313,0.004,-0.012,1.004,-0.004,0.000,0.004,0.000,0.000,0.000,0.000,0,NULL,NULL,,0,0,0,7,255,0,250,0,0
baseline,8936,8936,0,8936,83043.282,0.971,-0.001,0.006,-0.241,0,0,0,0,0,0,0,0,0,0.000,0,WARMING_UP,0,0,0.342,0.009,-0.063,-0.125,0.313,0.004,-0.012,1.000,-0.004,-0.008,0.004,0.000,0.000,0.000,0.000,0,NULL,NULL,,0,0,0,7,255,0,250,0,0
baseline,8942,8942,0,8942,83048.283,0.971,-0.001,0.006,-0.241,0,0,0,0,0,0,0,0,0,0.000,0,WARMING_UP,0,0,0.385,0.009,-0.063,-0.063,0.375,0.004,-0.008,1.000,-0.004,-0.008,-0.004,0.000,0.000,0.000,0.000,0,NULL,NULL,,0,0,0,7,255,0,250,0,0
baseline,8947,8947,0,8947,83053.283,0.971,-0.001,0.006,-0.241,0,0,0,0,0,0,0,0,0,0.000,0,WARMING_UP,0,0,0.504,0.020,-0.313,-0.125,0.375,0.004,-0.008,1.004,-0.004,0.020,-0.004,0.000,0.000,0.000,0.000,0,NULL,NULL,,0,0,0,7,255,0,250,0,0
baseline,8952,8952,0,8952,83058.283,0.971,-0.001,0.006,-0.241,0,0,0,0,0,0,0,0,0,0.000,0,WARMING_UP,0,0,0.459,0.020,-0.313,-0.125,0.313,0.004,-0.012,1.004,-0.004,0.020,0.008,0.000,0.000,0.000,0.000,0,NULL,NULL,,0,0,0,7,255,0,250,0,0
baseline,8956,8956,0,8956,83063.282,0.971,-0.001,0.006,-0.241,0,0,0,0,0,0,0,0,0,0.000,0,WARMING_UP,0,0,0.415,0.008,-0.125,-0.125,0.375,0.004,-0.012,1.000,0.000,-0.008,0.008,0.000,0.000,0.000,0.000,0,NULL,NULL,,0,0,0,7,255,0,250,0,0
baseline,8962,8962,0,8962,83068.283,0.971,-0.001,0.006,-0.241,0,0,0,0,0,0,0,0,0,0.000,0,WARMING_UP,0,0,0.370,0.008,0.063,-0.188,0.313,0.004,-0.008,1.000,0.000,-0.008,-0.020,0.000,0.000,0.000,0.000,0,NULL,NULL,,0,0,0,7,255,0,250,0,0
baseline,8966,8966,0,8966,83073.282,0.971,-0.001,0.006,-0.241,0,0,0,0,0,0,0,0,0,0.000,0,WARMING_UP,0,0,0.468,0.008,-0.250,-0.125,0.375,0.004,-0.008,1.000,0.000,0.008,-0.020,0.000,0.000,0.000,0.000,0,NULL,NULL,,0,0,0,7,255,0,250,0,0
