condition_phase,condition_phase_elapsed_ms,condition_elapsed_ms,is_stimulation_on,t_ms,L_q0,L_q1,L_q2,L_q3,L_heel1,L_mid1,L_fore1,L_heel2,L_fore3,L_mid2,L_fore4,L_fore2,L_cadence,L_speed,L_steps,L_zupt,L_gyroNorm,L_accH,L_gyro_x,L_gyro_y,L_gyro_z,L_acc_x,L_acc_y,L_acc_z,L_nav_ax,L_nav_ay,L_nav_az,L_stepVel,L_stepVelj,L_stepDispRaw,L_stepDispZUPT,L_gaitEvent,L_stepTimeMs,L_stepDeviationMs,L_baselineMs,L_motorMode,L_motorActive,L_motorAlignment,L_motorRegionMask,L_motorAmplitude,L_motorIntervalMs,L_motorDurationMs,L_motorPhaseMs,L_motorCycleMs
stim,53,53,0,391904.420,0.822,-0.212,-0.041,0.527,3076,0,0,0,0,230,0,145,20,0.031,96,0,15.581,2.856,1.780,15.020,3.740,-0.242,0.033,0.938,0.838,-2.730,-0.764,0.000,0.000,1.592,0.030,2,NULL,NULL,656.000,1,0,3,7,255,,250,0,0
stim,53,53,0,391909.420,0.822,-0.213,-0.041,0.527,3064,0,0,0,0,233,0,145,20,0.031,96,0,19.263,2.856,4.900,18.620,0.580,-0.333,-0.055,0.953,0.838,-2.730,-0.764,0.000,0.000,1.592,0.030,2,NULL,NULL,,1,0,3,7,255,,250,0,0
stim,53,53,0,391914.422,0.822,-0.212,-0.041,0.527,3087,0,0,0,0,216,0,137,20,0.031,96,0,15.870,2.831,0.080,14.780,-5.780,-0.272,-0.023,0.991,0.748,-2.730,-0.618,0.000,0.000,1.592,0.030,2,NULL,NULL,,1,0,3,7,255,,250,0,0
stim,63,63,0,391919.420,0.822,-0.213,-0.041,0.527,3045,0,0,0,0,222,0,138,20,0.031,96,0,16.319,2.715,4.340,15.080,4.480,-0.244,0.040,0.921,0.748,-2.610,-0.618,0.000,0.000,1.592,0.030,2,NULL,NULL,,1,0,3,7,255,,250,0,0
stim,63,63,0,391924.420,0.822,-0.213,-0.042,0.527,3047,0,0,0,0,231,0,138,20,0.031,96,0,19.968,2.848,2.820,19.720,-1.380,-0.327,-0.064,0.968,0.748,-2.748,-0.618,0.000,0.000,1.592,0.030,2,NULL,NULL,,1,0,3,7,255,,250,0,0
stim,63,63,0,391929.420,0.822,-0.213,-0.041,0.527,3079,0,0,0,0,233,0,141,20,0.031,96,0,13.042,2.938,1.180,12.700,-2.720,-0.256,0.006,0.983,1.040,-2.748,-0.764,0.000,0.000,1.592,0.030,2,NULL,NULL,,1,0,3,7,255,,250,0,0
stim,63,63,0,391934.420,0.822,-0.213,-0.042,0.527,3066,0,0,0,0,232,0,141,20,0.031,96,0,18.722,2.846,4.460,17.960,2.840,-0.277,0.000,0.917,0.742,-2.748,-0.764,0.000,0.000,1.592,0.030,2,NULL,NULL,,1,0,3,7,255,,250,0,0
stim,63,63,0,391939.420,0.822,-0.213,-0.042,0.527,3087,0,0,0,0,224,0,147,20,0.031,96,0,17.549,3.013,1.240,17.400,-1.920,-0.300,-0.041,0.987,0.742,-2.920,-0.764,0.000,0.000,1.592,0.030,2,NULL,NULL,,1,0,3,7,255,,250,0,0
stim,63,63,0,391944.422,0.822,-0.213,-0.042,0.527,3069,0,0,0,0,231,0,151,20,0.031,96,0,13.816,2.868,3.360,13.380,-0.760,-0.259,0.014,0.950,0.742,-2.770,-1.028,0.000,0.000,1.592,0.030,2,NULL,NULL,,1,0,3,7,255,,250,0,0
stim,63,63,0,391949.420,0.822,-0.213,-0.042,0.527,3069,0,0,0,0,228,0,136,20,0.031,96,0,20.209,2.810,2.640,19.980,1.500,-0.298,-0.030,0.944,0.470,-2.770,-0.876,0.000,0.000,1.592,0.030,2,NULL,NULL,,1,0,3,7,255,,250,0,0
stim,63,63,0,391954.420,0.822,-0.213,-0.042,0.527,3087,0,0,0,0,237,0,149,20,0.031,96,0,13.797,2.912,2.280,13.320,-2.780,-0.269,-0.006,0.986,0.898,-2.770,-0.876,0.000,0.000,1.592,0.030,2,NULL,NULL,,1,0,3,7,255,,250,0,0
stim,63,63,0,391959.420,0.822,-0.213,-0.042,0.527,3045,0,0,0,0,229,0,135,20,0.031,96,0,18.588,2.742,2.940,18.260,1.860,-0.288,-0.016,0.928,0.590,-2.678,-0.876,0.000,0.000,1.592,0.030,2,NULL,NULL,,1,0,3,7,255,,250,0,0
stim,63,63,0,391964.422,0.821,-0.213,-0.042,0.527,3069,0,0,0,0,238,0,139,20,0.031,96,0,16.071,3.011,2.080,15.820,-1.920,-0.280,-0.014,0.982,0.774,-2.910,-0.678,0.000,0.000,1.592,0.030,2,NULL,NULL,,1,0,3,7,255,,250,0,0
stim,79,79,0,391969.421,0.821,-0.213,-0.042,0.527,3047,0,0,0,0,232,0,137,20,0.031,96,0,16.169,2.795,3.300,15.820,0.520,-0.280,-0.004,0.944,0.760,-2.690,-0.966,0.000,0.000,1.592,0.030,2,NULL,NULL,,1,0,3,7,255,,250,0,0
stim,79,79,0,391974.421,0.821,-0.213,-0.042,0.527,3045,0,0,0,0,229,0,138,20,0.031,96,0,18.024,2.899,1.780,17.900,-1.140,-0.289,-0.026,0.959,0.760,-2.798,-0.802,0.000,0.000,1.592,0.030,2,NULL,NULL,,1,0,3,7,255,,250,0,0
stim,79,79,0,391979.420,0.821,-0.213,-0.042,0.527,3077,0,0,0,0,227,0,141,20,0.031,96,0,14.709,2.899,3.680,14.240,0.200,-0.272,0.006,0.968,0.760,-2.798,-0.806,0.000,0.000,1.592,0.030,2,NULL,NULL,,1,0,3,7,255,,250,0,0
stim,79,79,0,391984.420,0.821,-0.213,-0.042,0.528,3047,0,0,0,0,228,0,139,20,0.031,96,0,19.246,2.857,1.120,19.060,-2.420,-0.289,-0.028,0.949,0.576,-2.798,-0.806,0.000,0.000,1.592,0.030,2,NULL,NULL,,1,0,3,7,255,,250,0,0
stim,79,79,0,391989.422,0.821,-0.213,-0.042,0.527,3045,0,0,0,0,223,0,139,20,0.031,96,0,14.533,2.880,3.740,13.920,1.860,-0.281,-0.009,0.961,0.758,-2.778,-0.822,0.000,0.000,1.592,0.030,2,NULL,NULL,,1,0,3,7,255,,250,0,0
stim,17,17,0,391994.420,0.821,-0.213,-0.042,0.528,3067,0,0,0,0,231,0,140,20,0.031,96,0,18.706,2.878,1.720,18.380,-3.020,-0.278,0.000,0.963,0.758,-2.776,-0.822,0.000,0.000,1.592,0.030,2,NULL,NULL,,1,0,1,7,255,,250,0,0
stim,47,47,0,391999.420,0.821,-0.213,-0.042,0.528,3064,0,0,0,0,228,0,141,20,0.031,96,0,15.743,2.878,2.640,15.520,0.080,-0.292,-0.032,0.950,0.758,-2.776,-0.822,0.000,0.000,1.592,0.030,2,NULL,NULL,,1,0,1,7,255,,250,0,0
stim,47,47,0,392004.420,0.821,-0.213,-0.042,0.528,3083,0,0,0,0,241,0,151,20,0.031,96,0,16.691,2.903,2.520,16.500,-0.040,-0.271,0.003,0.969,0.850,-2.776,-0.820,0.000,0.000,1.592,0.030,2,NULL,NULL,,1,0,1,7,255,,250,0,0
stim,80,80,0,392009.420,0.821,-0.213,-0.042,0.528,3065,0,0,0,0,224,0,149,20,0.031,96,0,17.411,2.840,2.140,17.100,-2.480,-0.292,-0.016,0.952,0.628,-2.770,-0.842,0.000,0.000,1.592,0.030,2,NULL,NULL,,1,0,1,7,255,,250,0,0
stim,80,80,0,392014.422,0.821,-0.213,-0.042,0.528,3065,0,0,0,0,222,0,143,20,0.031,96,0,15.901,2.942,2.520,15.700,-0.100,-0.274,-0.010,0.964,0.788,-2.834,-0.832,0.000,0.000,1.592,0.030,2,NULL,NULL,,1,0,1,7,255,,250,0,0
stim,95,95,0,392019.420,0.821,-0.213,-0.042,0.528,3047,0,0,0,0,219,0,138,20,0.031,96,0,17.274,2.897,1.660,17.160,-1.080,-0.279,-0.020,0.955,0.664,-2.820,-0.842,0.000,0.000,1.592,0.030,2,NULL,NULL,,1,0,1,7,255,,250,0,0
stim,95,95,0,392024.420,0.821,-0.213,-0.042,0.528,3047,0,0,0,0,223,0,138,20,0.031,96,0,16.550,2.899,2.700,16.300,-0.960,-0.289,-0.014,0.955,0.672,-2.820,-0.838,0.000,0.000,1.592,0.030,2,NULL,NULL,,1,0,1,7,255,,250,0,0
stim,95,95,0,392029.420,0.821,-0.213,-0.042,0.528,3069,0,0,0,0,231,0,138,20,0.031,96,0,16.414,2.850,2.640,16.180,-0.820,-0.278,0.001,0.964,0.672,-2.770,-0.838,0.000,0.000,1.592,0.030,2,NULL,NULL,,1,0,1,7,255,,250,0,0
stim,95,95,0,392034.420,0.821,-0.213,-0.042,0.528,3069,0,0,0,0,230,0,141,20,0.031,96,0,17.175,2.850,1.480,17.040,-1.560,-0.276,-0.024,0.958,0.672,-2.770,-0.838,0.000,0.000,1.592,0.030,2,NULL,NULL,,1,0,1,7,255,,250,0,0
stim,95,95,0,392039.421,0.821,-0.213,-0.042,0.528,3069,0,0,0,0,237,0,143,20,0.031,96,0,16.718,2.853,2.220,16.560,-0.580,-0.285,-0.024,0.951,0.640,-2.780,-0.880,0.000,0.000,1.592,0.030,2,NULL,NULL,,1,0,1,7,255,,250,0,0
stim,95,95,0,392044.420,0.821,-0.213,-0.042,0.528,3044,0,0,0,0,223,0,139,20,0.031,96,0,16.366,2.853,2.820,16.120,-0.220,-0.285,0.002,0.960,0.640,-2.780,-0.880,0.000,0.000,1.592,0.030,2,NULL,NULL,,1,0,1,7,255,,250,0,0
stim,95,95,0,392049.420,0.821,-0.213,-0.042,0.528,3097,0,0,0,0,231,0,137,20,0.031,96,0,16.881,2.881,2.080,16.680,-1.560,-0.281,-0.003,0.962,0.812,-2.764,-0.812,0.000,0.000,1.592,0.030,2,NULL,NULL,,1,0,1,7,255,,250,0,0
stim,95,95,0,392054.420,0.821,-0.213,-0.042,0.528,3089,0,0,0,0,235,0,140,20,0.031,96,0,17.008,2.881,1.540,16.860,-1.620,-0.279,-0.025,0.957,0.812,-2.764,-0.812,0.000,0.000,1.592,0.030,2,NULL,NULL,,1,0,1,7,255,,250,0,0
stim,95,95,0,392059.420,0.821,-0.213,-0.042,0.528,3064,0,0,0,0,231,0,153,20,0.031,96,0,16.492,2.872,2.020,16.360,-0.520,-0.282,-0.019,0.955,0.658,-2.796,-0.874,0.000,0.000,1.592,0.030,2,NULL,NULL,,1,0,1,7,255,,250,0,0
stim,95,95,0,392064.422,0.821,-0.213,-0.042,0.528,3046,0,0,0,0,222,0,135,20,0.031,96,0,16.540,2.872,2.400,16.360,-0.400,-0.284,-0.005,0.959,0.658,-2.796,-0.874,0.000,0.000,1.592,0.030,2,NULL,NULL,,1,0,1,7,255,,250,0,0
stim,111,111,0,392069.420,0.821,-0.213,-0.042,0.528,3047,0,0,0,0,221,0,137,20,0.031,96,0,16.946,2.855,2.280,16.740,-1.320,-0.283,-0.007,0.959,0.768,-2.750,-0.824,0.000,0.000,1.592,0.030,2,NULL,NULL,,1,0,1,7,255,,250,0,0
stim,111,111,0,392074.420,0.821,-0.213,-0.042,0.528,3047,0,0,0,0,221,0,137,20,0.031,96,0,16.815,2.855,2.020,16.620,-1.560,-0.281,-0.015,0.959,0.768,-2.750,-0.824,0.000,0.000,1.592,0.030,2,NULL,NULL,,1,0,1,7,255,,250,0,0
stim,111,111,0,392079.420,0.821,-0.213,-0.042,0.528,3047,0,0,0,0,215,0,138,20,0.031,96,0,16.644,2.892,1.900,16.500,-1.080,-0.279,-0.018,0.958,0.706,-2.804,-0.836,0.000,0.000,1.592,0.030,2,NULL,NULL,,1,0,1,7,255,,250,0,0
stim,111,111,0,392084.420,0.821,-0.212,-0.042,0.528,3076,0,0,0,0,233,0,145,20,0.031,96,0,16.675,2.892,1.900,16.560,-0.460,-0.280,-0.018,0.956,0.694,-2.808,-0.858,0.000,0.000,1.592,0.030,2,NULL,NULL,,1,0,1,7,255,,250,0,0
stim,111,111,0,392089.423,0.821,-0.212,-0.042,0.528,3047,0,0,0,0,213,0,139,20,0.031,96,0,16.653,2.890,2.220,16.500,-0.400,-0.283,-0.016,0.955,0.684,-2.808,-0.866,0.000,0.000,1.592,0.030,2,NULL,NULL,,1,0,1,7,255,,250,0,0
stim,111,111,0,392094.420,0.821,-0.212,-0.042,0.528,3045,0,0,0,0,215,0,137,20,0.031,96,0,16.733,2.851,2.640,16.500,-0.880,-0.285,-0.013,0.957,0.684,-2.768,-0.866,0.000,0.000,1.592,0.030,2,NULL,NULL,,1,0,1,7,255,,250,0,0
stim,159,159,0,392099.420,0.821,-0.212,-0.042,0.528,3064,0,0,0,0,225,0,139,20,0.031,96,0,16.812,2.857,2.580,16.560,-1.320,-0.282,-0.011,0.961,0.708,-2.768,-0.842,0.000,0.000,1.592,0.030,2,NULL,NULL,,1,0,1,7,255,,250,0,0
stim,159,159,0,392104.420,0.821,-0.212,-0.042,0.528,3067,0,0,0,0,218,0,139,20,0.031,96,0,16.684,2.881,2.220,16.500,-1.080,-0.277,-0.014,0.961,0.742,-2.784,-0.842,0.000,0.000,1.592,0.030,2,NULL,NULL,,1,0,1,7,255,,250,0,0
stim,177,177,0,392109.420,0.821,-0.212,-0.042,0.528,3047,0,0,0,0,203,0,139,20,0.031,96,0,16.558,2.912,1.960,16.440,-0.220,-0.278,-0.017,0.956,0.742,-2.816,-0.842,0.000,0.000,1.592,0.030,2,NULL,NULL,,1,0,1,7,255,,250,0,0
stim,177,177,0,392114.422,0.821,-0.212,-0.042,0.528,3079,0,0,0,0,208,0,139,20,0.031,96,0,16.511,2.901,2.220,16.360,0.140,-0.284,-0.019,0.953,0.696,-2.816,-0.880,0.000,0.000,1.592,0.030,2,NULL,NULL,,1,0,1,7,255,,250,0,0
stim,177,177,0,392119.420,0.821,-0.212,-0.042,0.529,3048,0,0,0,0,213,0,137,20,0.031,96,0,16.614,2.854,2.880,16.360,-0.280,-0.288,-0.013,0.955,0.686,-2.770,-0.880,0.000,0.000,1.592,0.030,2,NULL,NULL,,1,0,1,7,255,,250,0,0
stim,177,177,0,392124.420,0.821,-0.212,-0.042,0.529,3049,0,0,0,0,205,0,139,20,0.031,96,0,16.780,2.850,3.180,16.440,-1.080,-0.284,-0.011,0.960,0.686,-2.766,-0.844,0.000,0.000,1.592,0.030,2,NULL,NULL,,1,0,1,7,255,,250,0,0
stim,177,177,0,392129.420,0.821,-0.212,-0.042,0.529,3063,0,0,0,0,219,0,146,20,0.031,96,0,16.705,2.862,2.760,16.440,-1.080,-0.279,-0.013,0.962,0.736,-2.766,-0.822,0.000,0.000,1.592,0.030,2,NULL,NULL,,1,0,1,7,255,,250,0,0
stim,177,177,0,392134.420,0.821,-0.212,-0.042,0.529,3080,0,0,0,0,215,0,139,20,0.031,96,0,16.443,2.916,2.140,16.300,-0.340,-0.278,-0.015,0.959,0.736,-2.822,-0.822,0.000,0.000,1.592,0.030,2,NULL,NULL,,1,0,1,7,255,,250,0,0
stim,191,191,0,392139.420,0.821,-0.212,-0.042,0.529,3087,0,0,0,0,213,0,144,20,0.031,96,0,16.451,2.912,2.220,16.300,0.080,-0.282,-0.014,0.955,0.720,-2.822,-0.852,0.000,0.000,1.592,0.030,2,NULL,NULL,,1,0,1,7,255,,250,0,0
stim,191,191,0,392144.420,0.821,-0.212,-0.042,0.529,3067,0,0,0,0,190,0,147,20,0.031,96,0,16.522,2.862,2.700,16.300,-0.040,-0.284,-0.014,0.955,0.704,-2.774,-0.864,0.000,0.000,1.592,0.030,2,NULL,NULL,,1,0,1,7,255,,250,0,0
stim,191,191,0,392149.420,0.821,-0.212,-0.042,0.529,3047,0,0,0,0,190,0,137,20,0.031,96,0,16.571,2.858,2.940,16.300,-0.520,-0.283,-0.013,0.957,0.704,-2.770,-0.864,0.000,0.000,1.592,0.030,2,NULL,NULL,,1,0,1,7,255,,250,0,0
stim,191,191,0,392154.422,0.821,-0.212,-0.042,0.529,3065,0,0,0,0,197,0,145,20,0.031,96,0,16.552,2.860,2.820,16.300,-0.580,-0.280,-0.013,0.960,0.710,-2.770,-0.852,0.000,0.000,1.592,0.030,2,NULL,NULL,,1,0,1,7,255,,250,0,0
stim,191,191,0,392159.420,0.821,-0.212,-0.042,0.529,3077,0,0,0,0,205,0,141,20,0.031,96,0,16.479,2.898,2.400,16.300,-0.340,-0.279,-0.014,0.958,0.726,-2.806,-0.852,0.000,0.000,1.592,0.030,2,NULL,NULL,,1,0,1,7,255,,250,0,0
stim,191,191,0,392164.422,0.821,-0.212,-0.042,0.529,3048,0,0,0,0,201,0,137,20,0.031,96,0,16.476,2.898,2.400,16.300,0.080,-0.279,-0.015,0.956,0.726,-2.806,-0.862,0.000,0.000,1.592,0.030,2,NULL,NULL,,1,0,1,7,255,,250,0,0
stim,208,208,0,392169.420,0.821,-0.212,-0.042,0.529,3047,0,0,0,0,201,0,139,20,0.031,96,0,16.464,2.886,2.700,16.240,0.200,-0.282,-0.015,0.955,0.706,-2.798,-0.874,0.000,0.000,1.592,0.030,2,NULL,NULL,,1,0,1,7,255,,250,0,0
stim,208,208,0,392174.420,0.821,-0.212,-0.042,0.529,3079,0,0,0,0,204,0,146,20,0.031,96,0,16.504,2.863,2.940,16.240,0.020,-0.283,-0.014,0.958,0.702,-2.776,-0.874,0.000,0.000,1.592,0.030,2,NULL,NULL,,1,0,1,7,255,,250,0,0
stim,208,208,0,392179.420,0.821,-0.212,-0.042,0.529,3075,0,0,0,0,206,0,149,20,0.031,96,0,16.504,2.863,2.940,16.240,-0.100,-0.281,-0.014,0.958,0.702,-2.776,-0.848,0.000,0.000,1.592,0.030,2,NULL,NULL,,1,0,1,7,255,,250,0,0
stim,208,208,0,392184.421,0.821,-0.212,-0.042,0.529,3077,0,0,0,0,191,0,139,20,0.031,96,0,16.414,2.878,2.760,16.180,-0.040,-0.280,-0.015,0.958,0.706,-2.790,-0.848,0.000,0.000,1.592,0.030,2,NULL,NULL,,1,0,1,7,255,,250,0,0
stim,208,208,0,392189.421,0.821,-0.212,-0.042,0.529,3049,0,0,0,0,199,0,138,20,0.031,96,0,16.405,2.880,2.700,16.180,0.200,-0.281,-0.015,0.957,0.706,-2.792,-0.854,0.000,0.000,1.592,0.030,2,NULL,NULL,,1,0,1,7,255,,250,0,0
stim,208,208,0,392194.421,0.821,-0.212,-0.042,0.529,3047,0,0,0,0,191,0,139,20,0.031,96,0,16.439,2.879,2.880,16.180,0.400,-0.281,-0.016,0.956,0.704,-2.792,-0.860,0.000,0.000,1.592,0.030,2,NULL,NULL,,1,0,1,7,255,,250,0,0
stim,223,223,0,392199.420,0.821,-0.212,-0.042,0.529,3048,0,0,0,0,192,0,139,20,0.031,96,0,16.483,2.877,3.120,16.180,0.400,-0.282,-0.015,0.958,0.694,-2.792,-0.860,0.000,0.000,1.592,0.030,2,NULL,NULL,,1,0,1,7,255,,250,0,0
stim,223,223,0,392204.420,0.821,-0.212,-0.042,0.529,3081,0,0,0,0,203,0,142,20,0.031,96,0,16.410,2.871,3.060,16.120,0.280,-0.283,-0.014,0.958,0.694,-2.786,-0.848,0.000,0.000,1.592,0.030,2,NULL,NULL,,1,0,1,7,255,,250,0,0
stim,245,245,0,392209.420,0.821,-0.212,-0.042,0.529,3068,0,0,0,0,198,0,141,20,0.031,96,0,16.457,2.868,3.000,16.180,0.200,-0.283,-0.014,0.958,0.706,-2.780,-0.840,0.000,0.000,1.592,0.030,2,NULL,NULL,,1,0,1,7,255,,250,0,0
stim,245,245,0,392214.422,0.821,-0.212,-0.042,0.529,3080,0,0,0,0,183,0,151,20,0.031,96,0,16.387,2.866,2.940,16.120,0.200,-0.282,-0.012,0.958,0.706,-2.778,-0.838,0.000,0.000,1.592,0.030,2,NULL,NULL,,1,0,1,7,255,,250,0,0
stim,245,245,0,392219.420,0.821,-0.212,-0.042,0.529,3049,0,0,0,0,181,0,139,20,0.031,96,0,16.389,2.867,2.940,16.120,0.340,-0.282,-0.012,0.958,0.718,-2.776,-0.838,0.000,0.000,1.592,0.030,2,NULL,NULL,,1,0,1,7,255,,250,0,0
stim,245,245,0,392224.420,0.821,-0.212,-0.042,0.529,3051,0,0,0,0,184,0,137,20,0.031,96,0,16.423,2.867,3.120,16.120,0.340,-0.282,-0.013,0.958,0.718,-2.776,-0.842,0.000,0.000,1.592,0.030,2,NULL,NULL,,1,0,1,7,255,,250,0,0
stim,259,259,0,392229.420,0.821,-0.213,-0.042,0.529,3047,0,0,0,0,183,0,137,20,0.031,96,0,16.363,2.863,3.120,16.060,0.280,-0.284,-0.012,0.958,0.710,-2.774,-0.842,0.000,0.000,1.592,0.030,2,NULL,NULL,,1,0,1,7,255,,250,0,0
stim,259,259,0,392234.420,0.821,-0.213,-0.042,0.529,3087,0,0,0,0,187,0,141,20,0.031,96,0,16.397,2.861,3.000,16.120,0.140,-0.283,-0.012,0.959,0.710,-2.772,-0.832,0.000,0.000,1.592,0.030,2,NULL,NULL,,1,0,1,7,255,,250,0,0
stim,259,259,0,392239.420,0.821,-0.213,-0.042,0.529,3049,0,0,0,0,178,0,138,20,0.031,96,0,16.387,2.862,2.940,16.120,0.140,-0.282,-0.012,0.957,0.714,-2.772,-0.832,0.000,0.000,1.592,0.030,2,NULL,NULL,,1,0,1,7,255,,250,0,0
stim,259,259,0,392244.420,0.820,-0.213,-0.042,0.529,3049,0,0,0,0,189,0,138,20,0.031,96,0,16.457,2.862,3.000,16.180,0.200,-0.282,-0.013,0.958,0.714,-2.772,-0.848,0.000,0.000,1.592,0.030,2,NULL,NULL,,1,0,1,7,255,,250,0,0
stim,273,273,0,392249.420,0.820,-0.213,-0.042,0.529,3063,0,0,0,0,187,0,139,20,0.031,96,0,16.387,2.862,2.940,16.120,0.140,-0.282,-0.013,0.957,0.712,-2.772,-0.852,0.000,0.000,1.592,0.030,2,NULL,NULL,,1,0,1,7,255,,250,0,0
stim,273,273,0,392254.420,0.820,-0.213,-0.042,0.529,3076,0,0,0,0,195,0,141,20,0.031,96,0,16.397,2.868,3.000,16.120,0.080,-0.281,-0.013,0.958,0.712,-2.778,-0.852,0.000,0.000,1.592,0.030,2,NULL,NULL,,1,0,1,7,255,,250,0,0
stim,303,303,0,392259.420,0.820,-0.213,-0.041,0.529,3079,0,0,0,0,187,0,139,20,0.031,96,0,16.327,2.867,2.940,16.060,0.020,-0.282,-0.013,0.958,0.710,-2.778,-0.852,0.000,0.000,1.592,0.030,2,NULL,NULL,,1,0,1,7,255,,250,0,0
stim,303,303,0,392264.422,0.820,-0.213,-0.041,0.529,3079,0,0,0,0,213,0,147,20,0.031,96,0,16.434,2.869,2.880,16.180,0.020,-0.281,-0.014,0.958,0.710,-2.780,-0.848,0.000,0.000,1.592,0.030,2,NULL,NULL,,1,0,1,7,255,,250,0,0
stim,303,303,0,392269.420,0.820,-0.213,-0.041,0.529,3097,0,0,0,0,204,0,146,20,0.031,96,0,16.424,2.873,2.820,16.180,0.020,-0.280,-0.012,0.957,0.710,-2.784,-0.848,0.000,0.000,1.592,0.030,2,NULL,NULL,,1,0,1,7,255,,250,0,0
stim,303,303,0,392274.420,0.820,-0.213,-0.041,0.529,3051,0,0,0,0,206,0,137,20,0.031,96,0,16.434,2.875,2.880,16.180,0.020,-0.280,-0.011,0.958,0.718,-2.784,-0.852,0.000,0.000,1.592,0.030,2,NULL,NULL,,1,0,1,7,255,,250,0,0
stim,303,303,0,392279.420,0.820,-0.213,-0.041,0.529,3081,0,0,0,0,217,0,142,20,0.031,96,0,16.424,2.877,2.820,16.180,0.020,-0.280,-0.012,0.959,0.724,-2.784,-0.852,0.000,0.000,1.592,0.030,2,NULL,NULL,,1,0,1,7,255,,250,0,0
stim,303,303,0,392284.420,0.820,-0.213,-0.041,0.529,3075,0,0,0,0,219,0,140,20,0.031,96,0,16.435,2.886,2.880,16.180,0.080,-0.281,-0.013,0.959,0.724,-2.794,-0.846,0.000,0.000,1.592,0.030,2,NULL,NULL,,1,0,1,7,255,,250,0,0
stim,319,319,0,392289.420,0.820,-0.213,-0.041,0.529,3048,0,0,0,0,211,0,137,20,0.031,96,0,16.494,2.883,2.880,16.240,0.080,-0.282,-0.013,0.958,0.710,-2.794,-0.842,0.000,0.000,1.592,0.030,2,NULL,NULL,,1,0,1,7,255,,250,0,0
stim,319,319,0,392294.420,0.820,-0.213,-0.041,0.529,3087,0,0,0,0,216,0,141,20,0.031,96,0,16.493,2.871,2.880,16.240,0.020,-0.283,-0.013,0.958,0.710,-2.782,-0.840,0.000,0.000,1.592,0.030,2,NULL,NULL,,1,0,1,7,255,,250,0,0
stim,351,351,0,392299.420,0.820,-0.213,-0.041,0.529,3089,0,0,0,0,212,0,149,20,0.031,96,0,16.483,2.865,2.820,16.240,-0.040,-0.282,-0.012,0.958,0.710,-2.776,-0.838,0.000,0.000,1.592,0.030,2,NULL,NULL,,1,0,1,7,255,,250,0,0
stim,351,351,0,392304.420,0.820,-0.213,-0.041,0.529,3087,0,0,0,0,219,0,137,20,0.031,96,0,16.543,2.864,2.820,16.300,-0.160,-0.282,-0.013,0.958,0.704,-2.776,-0.838,0.000,0.000,1.592,0.030,2,NULL,NULL,,1,0,1,7,255,,250,0,0
stim,366,366,0,392309.420,0.820,-0.213,-0.041,0.529,3065,0,0,0,0,213,0,145,20,0.031,96,0,16.425,2.865,2.820,16.180,-0.160,-0.281,-0.012,0.959,0.710,-2.776,-0.840,0.000,0.000,1.592,0.030,2,NULL,NULL,,1,0,1,7,255,,250,0,0
stim,366,366,0,392314.422,0.820,-0.213,-0.041,0.529,3068,0,0,0,0,203,0,140,20,0.031,96,0,16.474,2.867,2.760,16.240,-0.220,-0.282,-0.011,0.959,0.716,-2.776,-0.840,0.000,0.000,1.592,0.030,2,NULL,NULL,,1,0,1,7,255,,250,0,0
stim,383,383,0,392319.420,0.820,-0.213,-0.041,0.529,3049,0,0,0,0,222,0,139,20,0.031,96,0,16.545,2.865,2.820,16.300,-0.280,-0.282,-0.011,0.958,0.718,-2.774,-0.836,0.000,0.000,1.592,0.030,2,NULL,NULL,,1,0,1,7,255,,250,0,0
stim,383,383,0,392324.420,0.820,-0.213,-0.041,0.529,3049,0,0,0,0,221,0,137,20,0.031,96,0,16.526,2.865,2.700,16.300,-0.340,-0.281,-0.012,0.958,0.718,-2.774,-0.836,0.000,0.000,1.592,0.030,2,NULL,NULL,,1,0,1,7,255,,250,0,0
stim,383,383,0,392329.420,0.820,-0.213,-0.041,0.529,3089,0,0,0,0,242,0,147,20,0.031,96,0,16.526,2.863,2.700,16.300,-0.340,-0.282,-0.012,0.957,0.716,-2.772,-0.846,0.000,0.000,1.592,0.030,2,NULL,NULL,,1,0,1,7,255,,250,0,0
stim,383,383,0,392334.420,0.820,-0.213,-0.041,0.529,3067,0,0,0,0,232,0,151,20,0.031,96,0,16.586,2.867,2.700,16.360,-0.400,-0.281,-0.013,0.959,0.710,-2.778,-0.846,0.000,0.000,1.592,0.030,2,NULL,NULL,,1,0,1,7,255,,250,0,0
stim,383,383,0,392339.422,0.820,-0.213,-0.041,0.529,3089,0,0,0,0,240,0,151,20,0.031,96,0,16.586,2.863,2.700,16.360,-0.400,-0.282,-0.012,0.958,0.708,-2.774,-0.840,0.000,0.000,1.592,0.030,2,NULL,NULL,,1,0,1,7,255,,250,0,0
stim,383,383,0,392344.420,0.820,-0.213,-0.041,0.529,3047,0,0,0,0,235,0,138,20,0.031,96,0,16.576,2.871,2.640,16.360,-0.400,-0.281,-0.011,0.958,0.710,-2.782,-0.840,0.000,0.000,1.592,0.030,2,NULL,NULL,,1,0,1,7,255,,250,0,0
stim,383,383,0,392349.420,0.820,-0.213,-0.041,0.529,3081,0,0,0,0,247,0,139,20,0.031,96,0,16.502,2.872,2.520,16.300,-0.520,-0.281,-0.012,0.958,0.714,-2.782,-0.844,0.000,0.000,1.592,0.030,2,NULL,NULL,,1,0,1,7,255,,250,0,0
stim,383,383,0,392354.420,0.820,-0.213,-0.041,0.529,3077,0,0,0,0,251,0,143,20,0.031,96,0,16.493,2.876,2.460,16.300,-0.520,-0.281,-0.013,0.958,0.714,-2.786,-0.844,0.000,0.000,1.592,0.030,2,NULL,NULL,,1,0,1,7,255,,250,0,0
stim,383,383,0,392359.420,0.820,-0.213,-0.041,0.529,3097,0,0,0,0,240,0,141,20,0.031,96,0,16.561,2.875,2.520,16.360,-0.520,-0.280,-0.013,0.958,0.710,-2.786,-0.848,0.000,0.000,1.592,0.030,2,NULL,NULL,,1,0,1,7,255,,250,0,0
stim,383,383,0,392364.422,0.820,-0.213,-0.041,0.529,3048,0,0,0,0,236,0,139,20,0.031,96,0,16.561,2.878,2.520,16.360,-0.520,-0.281,-0.014,0.958,0.708,-2.790,-0.848,0.000,0.000,1.592,0.030,2,NULL,NULL,,1,0,1,7,255,,250,0,0
stim,399,399,0,392369.420,0.820,-0.213,-0.041,0.529,3049,0,0,0,0,239,0,139,20,0.031,96,0,16.638,2.876,2.520,16.440,-0.460,-0.281,-0.014,0.958,0.698,-2.790,-0.848,0.000,0.000,1.592,0.030,2,NULL,NULL,,1,0,1,7,255,,250,0,0
stim,415,415,0,392374.420,0.820,-0.213,-0.041,0.529,3087,0,0,0,0,236,0,137,20,0.031,96,0,16.558,2.876,2.520,16.360,-0.400,-0.281,-0.013,0.958,0.698,-2.790,-0.842,0.000,0.000,1.592,0.030,2,NULL,NULL,,1,0,1,7,255,,250,0,0
stim,415,415,0,392379.420,0.820,-0.213,-0.041,0.529,3081,0,0,0,0,235,0,143,20,0.031,96,0,16.570,2.871,2.580,16.360,-0.520,-0.281,-0.013,0.958,0.700,-2.784,-0.848,0.000,0.000,1.592,0.030,2,NULL,NULL,,1,0,1,7,255,,250,0,0
stim,415,415,0,392384.420,0.820,-0.213,-0.041,0.530,3065,0,0,0,0,247,0,140,20,0.031,96,0,16.638,2.871,2.520,16.440,-0.460,-0.281,-0.013,0.958,0.702,-2.784,-0.842,0.000,0.000,1.592,0.030,2,NULL,NULL,,1,0,1,7,255,,250,0,0
stim,415,415,0,392389.420,0.820,-0.213,-0.041,0.530,3096,0,0,0,0,239,0,147,20,0.031,96,0,16.640,2.875,2.520,16.440,-0.520,-0.281,-0.014,0.958,0.700,-2.788,-0.842,0.000,0.000,1.592,0.030,2,NULL,NULL,,1,0,1,7,255,,250,0,0
stim,415,415,0,392394.420,0.820,-0.213,-0.041,0.530,3083,0,0,0,0,238,0,140,20,0.031,96,0,16.628,2.877,2.460,16.440,-0.400,-0.281,-0.013,0.959,0.702,-2.790,-0.842,0.000,0.000,1.592,0.030,2,NULL,NULL,,1,0,1,7,255,,250,0,0
stim,447,447,0,392399.420,0.820,-0.213,-0.041,0.530,3051,0,0,0,0,246,0,147,20,0.031,96,0,16.561,2.878,2.520,16.360,-0.520,-0.281,-0.011,0.958,0.708,-2.790,-0.842,0.000,0.000,1.592,0.030,2,NULL,NULL,,1,0,1,7,255,,250,0,0
stim,447,447,0,392404.420,0.820,-0.213,-0.041,0.530,3096,0,0,0,0,253,0,140,20,0.031,96,0,16.572,2.870,2.580,16.360,-0.580,-0.283,-0.011,0.958,0.712,-2.780,-0.840,0.000,0.000,1.592,0.030,2,NULL,NULL,,1,0,1,7,255,,250,0,0
stim,463,463,0,392409.420,0.820,-0.213,-0.041,0.530,3049,0,0,0,0,237,0,139,20,0.031,96,0,16.577,2.870,2.580,16.360,-0.700,-0.282,-0.012,0.959,0.712,-2.780,-0.840,0.000,0.000,1.592,0.030,2,NULL,NULL,,1,0,1,7,255,,250,0,0
stim,463,463,0,392414.422,0.820,-0.213,-0.041,0.530,3067,0,0,0,0,243,0,147,20,0.031,96,0,16.651,2.869,2.580,16.440,-0.580,-0.282,-0.012,0.958,0.708,-2.780,-0.840,0.000,0.000,1.592,0.030,2,NULL,NULL,,1,0,1,7,255,,250,0,0
stim,479,479,0,392419.420,0.820,-0.213,-0.041,0.530,3049,0,0,0,0,239,0,137,20,0.031,96,0,16.565,2.871,2.520,16.360,-0.640,-0.281,-0.013,0.958,0.708,-2.782,-0.840,0.000,0.000,1.592,0.030,2,NULL,NULL,,1,0,1,7,255,,250,0,0
stim,479,479,0,392424.420,0.820,-0.213,-0.041,0.530,3049,0,0,0,0,242,0,137,20,0.031,96,0,16.565,2.868,2.520,16.360,-0.640,-0.282,-0.013,0.958,0.704,-2.780,-0.846,0.000,0.000,1.592,0.030,2,NULL,NULL,,1,0,1,7,255,,250,0,0
stim,479,479,0,392429.421,0.820,-0.213,-0.041,0.530,3077,0,0,0,0,238,0,143,20,0.031,96,0,16.559,2.864,2.460,16.360,-0.700,-0.282,-0.012,0.958,0.704,-2.776,-0.846,0.000,0.000,1.592,0.030,2,NULL,NULL,,1,0,1,7,255,,250,0,0
stim,479,479,0,392434.420,0.820,-0.213,-0.041,0.530,3087,0,0,0,0,249,0,145,20,0.031,96,0,16.553,2.863,2.400,16.360,-0.760,-0.281,-0.013,0.957,0.700,-2.776,-0.848,0.000,0.000,1.592,0.030,2,NULL,NULL,,1,0,1,7,255,,250,0,0
stim,479,479,0,392439.421,0.820,-0.213,-0.041,0.530,3064,0,0,0,0,245,0,139,20,0.031,96,0,16.541,2.869,2.340,16.360,-0.700,-0.280,-0.013,0.958,0.708,-2.780,-0.850,0.000,0.000,1.592,0.030,2,NULL,NULL,,1,0,1,7,255,,250,0,0
stim,479,479,0,392444.420,0.820,-0.213,-0.041,0.530,3052,0,0,0,0,263,0,147,20,0.031,96,0,16.556,2.882,2.460,16.360,-0.640,-0.280,-0.013,0.958,0.706,-2.794,-0.850,0.000,0.000,1.592,0.030,2,NULL,NULL,,1,0,1,7,255,,250,0,0
stim,479,479,0,392449.420,0.820,-0.213,-0.041,0.530,3047,0,0,0,0,247,0,139,20,0.031,96,0,16.622,2.882,2.400,16.440,-0.520,-0.281,-0.013,0.958,0.708,-2.794,-0.846,0.000,0.000,1.592,0.030,2,NULL,NULL,,1,0,1,7,255,,250,0,0
stim,479,479,0,392454.420,0.820,-0.213,-0.041,0.530,3066,0,0,0,0,263,0,149,20,0.031,96,0,16.633,2.876,2.460,16.440,-0.580,-0.281,-0.013,0.959,0.706,-2.788,-0.844,0.000,0.000,1.592,0.030,2,NULL,NULL,,1,0,1,7,255,,250,0,0
stim,479,479,0,392459.420,0.820,-0.213,-0.041,0.530,3096,0,0,0,0,247,0,141,20,0.031,96,0,16.543,2.876,2.400,16.360,-0.520,-0.281,-0.012,0.958,0.708,-2.788,-0.842,0.000,0.000,1.592,0.030,2,NULL,NULL,,1,0,1,7,255,,250,0,0
stim,479,479,0,392464.422,0.820,-0.213,-0.041,0.530,3049,0,0,0,0,247,0,138,20,0.031,96,0,16.616,2.875,2.340,16.440,-0.580,-0.280,-0.014,0.958,0.702,-2.788,-0.842,0.000,0.000,1.592,0.030,2,NULL,NULL,,1,0,1,7,255,,250,0,0
stim,495,495,0,392469.420,0.820,-0.213,-0.041,0.530,3047,0,0,0,0,245,0,139,20,0.031,96,0,16.614,2.869,2.340,16.440,-0.520,-0.283,-0.013,0.958,0.702,-2.782,-0.842,0.000,0.000,1.592,0.030,2,NULL,NULL,,1,0,1,7,255,,250,0,0
stim,511,511,0,392474.420,0.820,-0.213,-0.041,0.530,3048,0,0,0,0,247,0,138,20,0.031,96,0,16.543,2.861,2.400,16.360,-0.520,-0.283,-0.012,0.958,0.702,-2.774,-0.838,0.000,0.000,1.592,0.030,2,NULL,NULL,,1,0,1,7,255,,250,0,0
stim,511,511,0,392479.420,0.820,-0.213,-0.041,0.530,3061,0,0,0,0,259,0,137,20,0.031,96,0,16.563,2.860,2.520,16.360,-0.580,-0.281,-0.012,0.957,0.702,-2.772,-0.838,0.000,0.000,1.592,0.030,2,NULL,NULL,,1,0,1,7,255,,250,0,0
stim,511,511,0,392484.420,0.820,-0.213,-0.041,0.530,3049,0,0,0,0,249,0,139,20,0.031,96,0,16.563,2.857,2.520,16.360,-0.580,-0.283,-0.012,0.958,0.706,-2.768,-0.838,0.000,0.000,1.592,0.030,2,NULL,NULL,,1,0,1,7,255,,250,0,0
stim,511,511,0,392489.420,0.820,-0.213,-0.041,0.530,3087,0,0,0,0,250,0,151,20,0.031,96,0,16.506,2.859,2.520,16.300,-0.640,-0.283,-0.013,0.958,0.706,-2.770,-0.838,0.000,0.000,1.592,0.030,2,NULL,NULL,,1,0,1,7,255,,250,0,0
stim,511,511,0,392494.420,0.820,-0.212,-0.041,0.530,3048,0,0,0,0,249,0,137,20,0.031,96,0,16.504,2.858,2.520,16.300,-0.580,-0.282,-0.013,0.958,0.702,-2.770,-0.838,0.000,0.000,1.592,0.030,2,NULL,NULL,,1,0,1,7,255,,250,0,0
stim,544,544,0,392499.420,0.820,-0.212,-0.041,0.530,3047,0,0,0,0,249,0,139,20,0.031,96,0,16.504,2.858,2.520,16.300,-0.580,-0.282,-0.012,0.958,0.702,-2.770,-0.842,0.000,0.000,1.592,0.030,2,NULL,NULL,,1,0,1,7,255,,250,0,0
stim,544,544,0,392504.420,0.820,-0.212,-0.041,0.530,3087,0,0,0,0,263,0,145,20,0.031,96,0,16.506,2.858,2.520,16.300,-0.640,-0.283,-0.013,0.957,0.702,-2.770,-0.844,0.000,0.000,1.592,0.030,2,NULL,NULL,,1,0,1,7,255,,250,0,0
stim,579,579,0,392509.420,0.820,-0.212,-0.041,0.530,3087,0,0,0,0,253,0,139,20,0.031,96,0,16.466,2.858,2.640,16.240,-0.640,-0.282,-0.012,0.958,0.704,-2.770,-0.844,0.000,0.000,1.592,0.030,2,NULL,NULL,,1,0,1,7,255,,250,0,0
stim,579,579,0,392514.422,0.820,-0.212,-0.041,0.530,3093,0,0,0,0,247,0,142,20,0.031,96,0,16.454,2.857,2.580,16.240,-0.580,-0.281,-0.014,0.959,0.698,-2.770,-0.840,0.000,0.000,1.592,0.030,2,NULL,NULL,,1,0,1,7,255,,250,0,0
stim,579,579,0,392519.420,0.820,-0.212,-0.041,0.530,3068,0,0,0,0,253,0,153,20,0.031,96,0,16.463,2.870,2.640,16.240,-0.580,-0.282,-0.014,0.958,0.698,-2.784,-0.838,0.000,0.000,1.592,0.030,2,NULL,NULL,,1,0,1,7,255,,250,0,0
stim,579,579,0,392524.420,0.820,-0.212,-0.041,0.530,3049,0,0,0,0,245,0,139,20,0.031,96,0,16.461,2.870,2.640,16.240,-0.520,-0.281,-0.013,0.958,0.698,-2.784,-0.838,0.000,0.000,1.592,0.030,2,NULL,NULL,,1,0,1,7,255,,250,0,0
stim,579,579,0,392529.420,0.820,-0.212,-0.041,0.530,3079,0,0,0,0,251,0,151,20,0.031,96,0,16.513,2.870,2.580,16.300,-0.580,-0.281,-0.011,0.958,0.704,-2.782,-0.842,0.000,0.000,1.592,0.030,2,NULL,NULL,,1,0,1,7,255,,250,0,0
stim,579,579,0,392534.420,0.820,-0.212,-0.041,0.530,3067,0,0,0,0,250,0,141,20,0.031,96,0,16.527,2.872,2.640,16.300,-0.700,-0.281,-0.012,0.958,0.714,-2.782,-0.844,0.000,0.000,1.592,0.030,2,NULL,NULL,,1,0,1,7,255,,250,0,0
stim,583,583,0,392539.420,0.820,-0.212,-0.041,0.530,3063,0,0,0,0,253,0,142,20,0.031,96,0,16.504,2.872,2.520,16.300,-0.580,-0.280,-0.012,0.958,0.714,-2.782,-0.844,0.000,0.000,1.592,0.030,2,NULL,NULL,,1,0,1,7,255,,250,0,0
stim,583,583,0,392544.420,0.820,-0.212,-0.041,0.530,3060,0,0,0,0,251,0,139,20,0.031,96,0,16.443,2.880,2.520,16.240,-0.520,-0.281,-0.014,0.958,0.714,-2.790,-0.844,0.000,0.000,1.592,0.030,2,NULL,NULL,,1,0,1,7,255,,250,0,0
stim,584,584,0,392549.420,0.820,-0.212,-0.041,0.530,3069,0,0,0,0,267,0,145,20,0.031,96,0,16.498,2.876,2.520,16.300,-0.400,-0.282,-0.013,0.958,0.700,-2.790,-0.844,0.000,0.000,1.592,0.030,2,NULL,NULL,,1,0,1,7,255,,250,0,0
stim,584,584,0,392554.422,0.820,-0.212,-0.041,0.530,3063,0,0,0,0,263,0,141,20,0.031,96,0,16.519,2.863,2.640,16.300,-0.460,-0.281,-0.013,0.957,0.700,-2.776,-0.844,0.000,0.000,1.592,0.030,2,NULL,NULL,,1,0,1,7,255,,250,0,0
stim,591,591,0,392559.420,0.820,-0.212,-0.041,0.530,3047,0,0,0,0,249,0,139,20,0.031,96,0,16.530,2.863,2.700,16.300,-0.520,-0.282,-0.012,0.958,0.700,-2.776,-0.840,0.000,0.000,1.592,0.030,2,NULL,NULL,,1,0,1,7,255,,250,0,0
stim,591,591,0,392564.421,0.820,-0.212,-0.041,0.531,3077,0,0,0,0,261,0,147,20,0.031,96,0,16.452,2.863,2.580,16.240,-0.520,-0.282,-0.014,0.958,0.700,-2.776,-0.842,0.000,0.000,1.592,0.030,2,NULL,NULL,,1,0,1,7,255,,250,0,0
stim,611,611,0,392569.422,0.820,-0.212,-0.041,0.531,3047,0,0,0,0,245,0,139,20,0.031,96,0,16.452,2.869,2.580,16.240,-0.520,-0.281,-0.014,0.958,0.694,-2.784,-0.842,0.000,0.000,1.592,0.030,2,NULL,NULL,,1,0,1,7,255,,250,0,0
stim,611,611,0,392574.420,0.820,-0.212,-0.041,0.531,3047,0,0,0,0,245,0,140,20,0.031,96,0,16.498,2.871,2.520,16.300,-0.400,-0.280,-0.013,0.958,0.694,-2.786,-0.850,0.000,0.000,1.592,0.030,2,NULL,NULL,,1,0,1,7,255,,250,0,0
stim,611,611,0,392579.420,0.820,-0.212,-0.041,0.531,3081,0,0,0,0,253,0,145,20,0.031,96,0,16.508,2.872,2.580,16.300,-0.400,-0.282,-0.013,0.958,0.696,-2.786,-0.850,0.000,0.000,1.592,0.030,2,NULL,NULL,,1,0,1,7,255,,250,0,0
stim,611,611,0,392584.420,0.820,-0.212,-0.041,0.531,3045,0,0,0,0,264,0,139,20,0.031,96,0,16.519,2.867,2.640,16.300,-0.460,-0.282,-0.012,0.958,0.702,-2.780,-0.838,0.000,0.000,1.592,0.030,2,NULL,NULL,,1,0,1,7,255,,250,0,0
stim,611,611,0,392589.421,0.820,-0.212,-0.041,0.531,3045,0,0,0,0,251,0,139,20,0.031,96,0,16.578,2.866,2.640,16.360,-0.460,-0.281,-0.013,0.958,0.696,-2.780,-0.838,0.000,0.000,1.592,0.030,2,NULL,NULL,,1,0,1,7,255,,250,0,0
stim,611,611,0,392594.420,0.820,-0.212,-0.041,0.531,3087,0,0,0,0,255,0,139,20,0.031,96,0,16.519,2.864,2.640,16.300,-0.460,-0.282,-0.012,0.958,0.704,-2.776,-0.842,0.000,0.000,1.592,0.030,2,NULL,NULL,,1,0,1,7,255,,250,0,0
stim,646,646,0,392599.420,0.820,-0.212,-0.041,0.531,3063,0,0,0,0,253,0,149,20,0.031,96,0,16.570,2.858,2.580,16.360,-0.520,-0.282,-0.013,0.957,0.696,-2.772,-0.844,0.000,0.000,1.592,0.030,2,NULL,NULL,,1,0,1,7,255,,250,0,0
stim,646,646,0,392604.420,0.820,-0.212,-0.041,0.531,3047,0,0,0,0,264,0,139,20,0.031,96,0,16.580,2.860,2.640,16.360,-0.520,-0.280,-0.013,0.959,0.704,-2.772,-0.844,0.000,0.000,1.592,0.030,2,NULL,NULL,,1,0,1,7,255,,250,0,0
stim,647,647,0,392609.420,0.820,-0.212,-0.041,0.531,3070,0,0,0,0,273,0,152,20,0.031,96,0,16.517,2.878,2.640,16.300,-0.400,-0.280,-0.013,0.958,0.700,-2.792,-0.846,0.000,0.000,1.592,0.030,2,NULL,NULL,,1,0,1,7,255,,250,0,0
stim,647,647,0,392614.422,0.820,-0.212,-0.041,0.531,3079,0,0,0,0,275,0,151,20,0.031,96,0,16.575,2.878,2.640,16.360,-0.340,-0.280,-0.013,0.958,0.700,-2.792,-0.846,0.000,0.000,1.592,0.030,2,NULL,NULL,,1,0,1,7,255,,250,0,0
stim,677,677,0,392619.420,0.820,-0.212,-0.041,0.531,3078,0,0,0,0,271,0,147,20,0.031,96,0,16.584,2.872,2.700,16.360,-0.280,-0.281,-0.013,0.958,0.698,-2.786,-0.846,0.000,0.000,1.592,0.030,2,NULL,NULL,,1,0,1,7,255,,250,0,0
stim,688,688,0,392624.420,0.819,-0.212,-0.041,0.531,3045,0,0,0,0,253,0,140,20,0.031,96,0,16.585,2.867,2.700,16.360,-0.340,-0.284,-0.013,0.958,0.694,-2.782,-0.844,0.000,0.000,1.592,0.030,2,NULL,NULL,,1,0,1,7,255,,250,0,0
stim,688,688,0,392629.420,0.819,-0.212,-0.041,0.531,3087,0,0,0,0,256,0,137,20,0.031,96,0,16.596,2.859,2.760,16.360,-0.400,-0.282,-0.012,0.958,0.694,-2.774,-0.836,0.000,0.000,1.592,0.030,2,NULL,NULL,,1,0,1,7,255,,250,0,0
stim,688,688,0,392634.420,0.819,-0.212,-0.041,0.531,3093,0,0,0,0,262,0,140,20,0.031,96,0,16.527,2.859,2.700,16.300,-0.400,-0.282,-0.012,0.958,0.700,-2.772,-0.836,0.000,0.000,1.592,0.030,2,NULL,NULL,,1,0,1,7,255,,250,0,0
stim,688,688,0,392639.420,0.819,-0.212,-0.041,0.531,3047,0,0,0,0,265,0,137,20,0.031,96,0,16.576,2.861,2.640,16.360,-0.400,-0.282,-0.012,0.958,0.700,-2.774,-0.842,0.000,0.000,1.592,0.030,2,NULL,NULL,,1,0,1,7,255,,250,0,0
stim,688,688,0,392644.420,0.819,-0.212,-0.041,0.531,3045,0,0,0,0,250,0,140,20,0.031,96,0,16.578,2.861,2.640,16.360,-0.460,-0.281,-0.011,0.958,0.700,-2.774,-0.844,0.000,0.000,1.592,0.030,2,NULL,NULL,,1,0,1,7,255,,250,0,0
stim,688,688,0,392649.420,0.819,-0.212,-0.041,0.531,3081,0,0,0,0,262,0,149,20,0.031,96,0,16.586,2.862,2.700,16.360,-0.400,-0.282,-0.012,0.958,0.704,-2.774,-0.842,0.000,0.000,1.592,0.030,2,NULL,NULL,,1,0,1,7,255,,250,0,0
stim,688,688,0,392654.420,0.819,-0.213,-0.041,0.531,3060,0,0,0,0,265,0,145,20,0.031,96,0,16.527,2.862,2.700,16.300,-0.400,-0.281,-0.013,0.958,0.704,-2.774,-0.844,0.000,0.000,1.592,0.030,2,NULL,NULL,,1,0,1,7,255,,250,0,0
stim,711,711,0,392659.420,0.819,-0.213,-0.041,0.531,3095,0,0,0,0,264,0,142,20,0.031,96,0,16.586,2.860,2.700,16.360,-0.400,-0.282,-0.012,0.958,0.702,-2.772,-0.842,0.000,0.000,1.592,0.030,2,NULL,NULL,,1,0,1,7,255,,250,0,0
stim,711,711,0,392664.422,0.819,-0.213,-0.041,0.531,3043,0,0,0,0,253,0,140,20,0.031,96,0,16.527,2.866,2.700,16.300,-0.400,-0.281,-0.013,0.957,0.696,-2.780,-0.844,0.000,0.000,1.592,0.030,2,NULL,NULL,,1,0,1,7,255,,250,0,0
stim,711,711,0,392669.420,0.819,-0.213,-0.041,0.531,3045,0,0,0,0,260,0,137,20,0.031,96,0,16.586,2.867,2.700,16.360,-0.400,-0.282,-0.014,0.958,0.692,-2.782,-0.842,0.000,0.000,1.592,0.030,2,NULL,NULL,,1,0,1,7,255,,250,0,0
stim,711,711,0,392674.420,0.819,-0.213,-0.041,0.531,3043,0,0,0,0,254,0,143,20,0.031,96,0,16.575,2.866,2.640,16.360,-0.340,-0.281,-0.014,0.958,0.688,-2.782,-0.852,0.000,0.000,1.592,0.030,2,NULL,NULL,,1,0,1,7,255,,250,0,0
stim,711,711,0,392679.420,0.819,-0.213,-0.041,0.531,3087,0,0,0,0,262,0,139,20,0.031,96,0,16.586,2.866,2.700,16.360,-0.400,-0.282,-0.013,0.958,0.688,-2.782,-0.842,0.000,0.000,1.592,0.030,2,NULL,NULL,,1,0,1,7,255,,250,0,0
stim,711,711,0,392684.420,0.819,-0.213,-0.041,0.531,3043,0,0,0,0,265,0,141,20,0.031,96,0,16.526,2.866,2.700,16.300,-0.340,-0.282,-0.012,0.958,0.690,-2.782,-0.846,0.000,0.000,1.592,0.030,2,NULL,NULL,,1,0,1,7,255,,250,0,0
stim,714,714,0,392689.420,0.819,-0.213,-0.041,0.531,3042,0,0,0,0,260,0,138,20,0.031,96,0,16.567,2.858,2.580,16.360,-0.400,-0.282,-0.012,0.958,0.696,-2.772,-0.846,0.000,0.000,1.592,0.030,2,NULL,NULL,,1,0,1,7,255,,250,0,0
stim,714,714,0,392694.420,0.819,-0.213,-0.041,0.531,3043,0,0,0,0,253,0,139,20,0.031,96,0,16.576,2.858,2.640,16.360,-0.400,-0.281,-0.013,0.958,0.696,-2.772,-0.846,0.000,0.000,1.592,0.030,2,NULL,NULL,,1,0,1,7,255,,250,0,0
stim,751,751,0,392699.420,0.819,-0.213,-0.041,0.531,3064,0,0,0,0,263,0,141,20,0.031,96,0,16.567,2.869,2.580,16.360,-0.400,-0.280,-0.013,0.957,0.692,-2.784,-0.846,0.000,0.000,1.592,0.030,2,NULL,NULL,,1,0,1,7,255,,250,0,0
stim,751,751,0,392704.420,0.819,-0.213,-0.041,0.531,3087,0,0,0,0,261,0,145,20,0.031,96,0,16.585,2.869,2.700,16.360,-0.340,-0.281,-0.012,0.957,0.692,-2.784,-0.856,0.000,0.000,1.592,0.030,2,NULL,NULL,,1,0,1,7,255,,250,0,0
stim,767,767,0,392709.420,0.819,-0.213,-0.040,0.531,3041,0,0,0,0,254,0,139,20,0.031,96,0,16.586,2.868,2.700,16.360,-0.400,-0.281,-0.012,0.958,0.696,-2.782,-0.856,0.000,0.000,1.592,0.030,2,NULL,NULL,,1,0,1,7,255,,250,0,0
stim,767,767,0,392714.422,0.819,-0.213,-0.040,0.531,3079,0,0,0,0,253,0,147,20,0.031,96,0,16.654,2.869,2.640,16.440,-0.340,-0.280,-0.013,0.958,0.700,-2.782,-0.848,0.000,0.000,1.592,0.030,2,NULL,NULL,,1,0,1,7,255,,250,0,0
stim,783,783,0,392719.420,0.819,-0.213,-0.040,0.531,3047,0,0,0,0,250,0,143,20,0.031,96,0,16.567,2.877,2.580,16.360,-0.400,-0.281,-0.012,0.959,0.702,-2.790,-0.840,0.000,0.000,1.592,0.030,2,NULL,NULL,,1,0,1,7,255,,250,0,0
stim,783,783,0,392724.420,0.819,-0.213,-0.040,0.531,3044,0,0,0,0,253,0,138,20,0.031,96,0,16.576,2.877,2.640,16.360,-0.400,-0.281,-0.013,0.958,0.702,-2.790,-0.848,0.000,0.000,1.592,0.030,2,NULL,NULL,,1,0,1,7,255,,250,0,0
stim,783,783,0,392729.421,0.819,-0.213,-0.040,0.531,3087,0,0,0,0,270,0,141,20,0.031,96,0,16.576,2.873,2.640,16.360,-0.400,-0.281,-0.013,0.958,0.692,-2.788,-0.846,0.000,0.000,1.592,0.030,2,NULL,NULL,,1,0,1,7,255,,250,0,0
stim,783,783,0,392734.420,0.819,-0.213,-0.040,0.531,3048,0,0,0,0,249,0,140,20,0.031,96,0,16.575,2.871,2.640,16.360,-0.340,-0.281,-0.012,0.957,0.692,-2.786,-0.850,0.000,0.000,1.592,0.030,2,NULL,NULL,,1,0,1,7,255,,250,0,0
stim,783,783,0,392739.420,0.819,-0.213,-0.040,0.531,3063,0,0,0,0,259,0,137,20,0.031,96,0,16.567,2.863,2.580,16.360,-0.400,-0.281,-0.011,0.958,0.694,-2.778,-0.846,0.000,0.000,1.592,0.030,2,NULL,NULL,,1,0,1,7,255,,250,0,0
stim,783,783,0,392744.420,0.819,-0.213,-0.040,0.531,3081,0,0,0,0,257,0,141,20,0.031,96,0,16.638,2.860,2.520,16.440,-0.460,-0.283,-0.012,0.959,0.698,-2.774,-0.846,0.000,0.000,1.592,0.030,2,NULL,NULL,,1,0,1,7,255,,250,0,0
stim,783,783,0,392749.420,0.819,-0.213,-0.040,0.531,3043,0,0,0,0,251,0,139,20,0.031,96,0,16.569,2.859,2.580,16.360,-0.460,-0.283,-0.012,0.958,0.698,-2.772,-0.836,0.000,0.000,1.592,0.030,2,NULL,NULL,,1,0,1,7,255,,250,0,0
stim,783,783,0,392754.421,0.819,-0.213,-0.040,0.531,3064,0,0,0,0,251,0,143,20,0.031,96,0,16.569,2.856,2.580,16.360,-0.460,-0.282,-0.012,0.958,0.696,-2.770,-0.836,0.000,0.000,1.592,0.030,2,NULL,NULL,,1,0,1,7,255,,250,0,0
stim,799,799,0,392759.420,0.819,-0.213,-0.040,0.531,3068,0,0,0,0,253,0,138,20,0.031,96,0,16.561,2.854,2.520,16.360,-0.520,-0.283,-0.012,0.959,0.694,-2.768,-0.836,0.000,0.000,1.592,0.030,2,NULL,NULL,,1,0,1,7,255,,250,0,0
stim,799,799,0,392764.422,0.819,-0.213,-0.040,0.531,3042,0,0,0,0,251,0,135,20,0.031,96,0,16.570,2.854,2.580,16.360,-0.520,-0.282,-0.012,0.958,0.694,-2.768,-0.842,0.000,0.000,1.592,0.030,2,NULL,NULL,,1,0,1,7,255,,250,0,0
stim,799,799,0,392769.420,0.819,-0.213,-0.040,0.531,3039,0,0,0,0,248,0,138,20,0.031,96,0,16.561,2.861,2.520,16.360,-0.520,-0.282,-0.012,0.958,0.694,-2.776,-0.838,0.000,0.000,1.592,0.030,2,NULL,NULL,,1,0,1,7,255,,250,0,0
stim,799,799,0,392774.420,0.819,-0.213,-0.040,0.531,3043,0,0,0,0,248,0,139,20,0.031,96,0,16.556,2.862,2.460,16.360,-0.640,-0.281,-0.012,0.958,0.698,-2.776,-0.840,0.000,0.000,1.592,0.030,2,NULL,NULL,,1,0,1,7,255,,250,0,0
stim,799,799,0,392779.420,0.819,-0.213,-0.040,0.531,3043,0,0,0,0,251,0,137,20,0.031,96,0,16.556,2.862,2.460,16.360,-0.640,-0.282,-0.012,0.958,0.698,-2.776,-0.838,0.000,0.000,1.592,0.030,2,NULL,NULL,,1,0,1,7,255,,250,0,0
stim,799,799,0,392784.420,0.819,-0.213,-0.040,0.531,3043,0,0,0,0,250,0,139,20,0.031,96,0,16.506,2.859,2.520,16.300,-0.640,-0.281,-0.012,0.957,0.694,-2.774,-0.840,0.000,0.000,1.592,0.030,2,NULL,NULL,,1,0,1,7,255,,250,0,0
stim,820,820,0,392789.420,0.819,-0.213,-0.040,0.531,3067,0,0,0,0,255,0,145,20,0.031,96,0,16.556,2.858,2.460,16.360,-0.640,-0.282,-0.012,0.957,0.694,-2.772,-0.850,0.000,0.000,1.592,0.030,2,NULL,NULL,,1,0,1,7,255,,250,0,0
stim,820,820,0,392794.420,0.819,-0.213,-0.040,0.531,3061,0,0,0,0,256,0,139,20,0.031,96,0,16.556,2.859,2.460,16.360,-0.640,-0.282,-0.013,0.959,0.694,-2.774,-0.850,0.000,0.000,1.592,0.030,2,NULL,NULL,,1,0,1,7,255,,250,0,0
stim,847,847,0,392799.420,0.819,-0.213,-0.040,0.531,3043,0,0,0,0,249,0,141,20,0.031,96,0,16.547,2.868,2.400,16.360,-0.640,-0.281,-0.013,0.958,0.696,-2.782,-0.842,0.000,0.000,1.592,0.030,2,NULL,NULL,,1,0,1,7,255,,250,0,0
stim,847,847,0,392804.420,0.819,-0.213,-0.040,0.531,3061,0,0,0,0,252,0,147,20,0.031,96,0,16.624,2.873,2.400,16.440,-0.580,-0.281,-0.014,0.958,0.692,-2.788,-0.842,0.000,0.000,1.592,0.030,2,NULL,NULL,,1,0,1,7,255,,250,0,0
stim,863,863,0,392809.420,0.819,-0.213,-0.040,0.531,3056,0,0,0,0,269,0,151,20,0.031,96,0,16.545,2.872,2.400,16.360,-0.580,-0.281,-0.013,0.957,0.688,-2.788,-0.846,0.000,0.000,1.592,0.030,2,NULL,NULL,,1,0,1,7,255,,250,0,0
stim,863,863,0,392814.422,0.819,-0.212,-0.040,0.531,3061,0,0,0,0,255,0,145,20,0.031,96,0,16.486,2.867,2.400,16.300,-0.580,-0.281,-0.014,0.958,0.686,-2.784,-0.848,0.000,0.000,1.592,0.030,2,NULL,NULL,,1,0,1,7,255,,250,0,0
stim,879,879,0,392819.420,0.819,-0.212,-0.040,0.532,3043,0,0,0,0,249,0,137,20,0.031,96,0,16.545,2.868,2.400,16.360,-0.580,-0.281,-0.013,0.958,0.688,-2.784,-0.848,0.000,0.000,1.592,0.030,2,NULL,NULL,,1,0,1,7,255,,250,0,0
stim,879,879,0,392824.420,0.819,-0.212,-0.040,0.532,3043,0,0,0,0,252,0,141,20,0.031,96,0,16.554,2.868,2.460,16.360,-0.580,-0.282,-0.013,0.958,0.688,-2.784,-0.844,0.000,0.000,1.592,0.030,2,NULL,NULL,,1,0,1,7,255,,250,0,0
stim,879,879,0,392829.420,0.819,-0.212,-0.040,0.532,3062,0,0,0,0,251,0,147,20,0.031,96,0,16.552,2.868,2.460,16.360,-0.520,-0.281,-0.013,0.958,0.690,-2.784,-0.842,0.000,0.000,1.592,0.030,2,NULL,NULL,,1,0,1,7,255,,250,0,0
stim,879,879,0,392834.420,0.819,-0.212,-0.040,0.532,3095,0,0,0,0,265,0,142,20,0.031,96,0,16.491,2.868,2.460,16.300,-0.460,-0.282,-0.014,0.958,0.690,-2.784,-0.842,0.000,0.000,1.592,0.030,2,NULL,NULL,,1,0,1,7,255,,250,0,0
stim,879,879,0,392839.420,0.819,-0.212,-0.040,0.532,3081,0,0,0,0,261,0,142,20,0.031,96,0,16.559,2.867,2.520,16.360,-0.460,-0.281,-0.014,0.958,0.678,-2.786,-0.842,0.000,0.000,1.592,0.030,2,NULL,NULL,,1,0,1,7,255,,250,0,0
stim,879,879,0,392844.420,0.819,-0.212,-0.040,0.532,3065,0,0,0,0,251,0,138,20,0.031,96,0,16.569,2.865,2.580,16.360,-0.460,-0.282,-0.014,0.958,0.678,-2.784,-0.842,0.000,0.000,1.592,0.030,2,NULL,NULL,,1,0,1,7,255,,250,0,0
stim,879,879,0,392849.420,0.819,-0.212,-0.040,0.532,3046,0,0,0,0,271,0,148,20,0.031,96,0,16.569,2.858,2.580,16.360,-0.460,-0.282,-0.012,0.958,0.678,-2.776,-0.842,0.000,0.000,1.592,0.030,2,NULL,NULL,,1,0,1,7,255,,250,0,0
stim,879,879,0,392854.421,0.819,-0.212,-0.040,0.532,3065,0,0,0,0,259,0,141,20,0.031,96,0,16.576,2.860,2.640,16.360,-0.400,-0.281,-0.013,0.957,0.686,-2.776,-0.842,0.000,0.000,1.592,0.030,2,NULL,NULL,,1,0,1,7,255,,250,0,0
stim,879,879,0,392859.420,0.819,-0.212,-0.040,0.532,3043,0,0,0,0,251,0,139,20,0.031,96,0,16.509,2.862,2.580,16.300,-0.460,-0.281,-0.013,0.958,0.690,-2.778,-0.842,0.000,0.000,1.592,0.030,2,NULL,NULL,,1,0,1,7,255,,250,0,0
stim,879,879,0,392864.422,0.819,-0.212,-0.040,0.532,3081,0,0,0,0,264,0,141,20,0.031,96,0,16.646,2.861,2.580,16.440,-0.400,-0.282,-0.013,0.957,0.686,-2.778,-0.850,0.000,0.000,1.592,0.030,2,NULL,NULL,,1,0,1,7,255,,250,0,0
stim,895,895,0,392869.421,0.819,-0.212,-0.040,0.532,3087,0,0,0,0,255,0,135,20,0.031,96,0,16.576,2.862,2.640,16.360,-0.400,-0.282,-0.013,0.958,0.690,-2.778,-0.842,0.000,0.000,1.592,0.030,2,NULL,NULL,,1,0,1,7,255,,250,0,0
stim,895,895,0,392874.422,0.819,-0.212,-0.040,0.532,3043,0,0,0,0,260,0,143,20,0.031,96,0,16.586,2.860,2.700,16.360,-0.400,-0.281,-0.013,0.957,0.686,-2.776,-0.850,0.000,0.000,1.592,0.030,2,NULL,NULL,,1,0,1,7,255,,250,0,0
stim,911,911,0,392879.420,0.819,-0.212,-0.040,0.532,3043,0,0,0,0,269,0,135,20,0.031,96,0,16.575,2.861,2.640,16.360,-0.340,-0.282,-0.014,0.958,0.684,-2.778,-0.846,0.000,0.000,1.592,0.030,2,NULL,NULL,,1,0,1,7,255,,250,0,0
stim,911,911,0,392884.420,0.819,-0.212,-0.040,0.532,3043,0,0,0,0,265,0,140,20,0.031,96,0,16.565,2.862,2.580,16.360,-0.280,-0.280,-0.014,0.958,0.680,-2.780,-0.854,0.000,0.000,1.592,0.030,2,NULL,NULL,,1,0,1,7,255,,250,0,0
stim,927,927,0,392889.420,0.819,-0.213,-0.040,0.532,3044,0,0,0,0,264,0,139,20,0.031,96,0,16.584,2.868,2.700,16.360,-0.280,-0.281,-0.013,0.958,0.680,-2.786,-0.850,0.000,0.000,1.592,0.030,2,NULL,NULL,,1,0,1,7,255,,250,0,0
stim,927,927,0,392894.420,0.819,-0.213,-0.040,0.532,3080,0,0,0,0,274,0,140,20,0.031,96,0,16.574,2.868,2.640,16.360,-0.280,-0.282,-0.013,0.958,0.682,-2.786,-0.850,0.000,0.000,1.592,0.030,2,NULL,NULL,,1,0,1,7,255,,250,0,0
stim,944,944,0,392899.420,0.819,-0.213,-0.040,0.532,3095,0,0,0,0,268,0,146,20,0.031,96,0,16.523,2.869,2.700,16.300,-0.160,-0.280,-0.013,0.958,0.686,-2.786,-0.850,0.000,0.000,1.592,0.030,2,NULL,NULL,,1,0,1,7,255,,250,0,0
stim,944,944,0,392904.420,0.819,-0.213,-0.040,0.532,3064,0,0,0,0,268,0,149,20,0.031,96,0,16.532,2.860,2.760,16.300,-0.100,-0.282,-0.013,0.958,0.682,-2.778,-0.846,0.000,0.000,1.592,0.030,2,NULL,NULL,,1,0,1,7,255,,250,0,0
stim,945,945,0,392909.420,0.819,-0.213,-0.040,0.532,3067,0,0,0,0,266,0,145,20,0.031,96,0,16.533,2.861,2.760,16.300,-0.220,-0.282,-0.013,0.958,0.686,-2.778,-0.846,0.000,0.000,1.592,0.030,2,NULL,NULL,,1,0,1,7,255,,250,0,0
stim,945,945,0,392914.422,0.819,-0.213,-0.040,0.532,3058,0,0,0,0,264,0,151,20,0.031,96,0,16.591,2.861,2.760,16.360,-0.100,-0.281,-0.012,0.958,0.686,-2.778,-0.846,0.000,0.000,1.592,0.030,2,NULL,NULL,,1,0,1,7,255,,250,0,0
stim,978,978,0,392919.421,0.819,-0.213,-0.040,0.532,3045,0,0,0,0,265,0,140,20,0.031,96,0,16.522,2.861,2.700,16.300,-0.040,-0.281,-0.014,0.958,0.686,-2.778,-0.848,0.000,0.000,1.592,0.030,2,NULL,NULL,,1,0,1,7,255,,250,0,0
stim,978,978,0,392924.422,0.819,-0.213,-0.040,0.532,3045,0,0,0,0,254,0,139,20,0.031,96,0,16.522,2.867,2.700,16.300,-0.040,-0.281,-0.014,0.959,0.686,-2.784,-0.848,0.000,0.000,1.592,0.030,2,NULL,NULL,,1,0,1,7,255,,250,0,0
stim,978,978,0,392929.420,0.819,-0.213,-0.040,0.532,3063,0,0,0,0,266,0,147,20,0.031,96,0,16.483,2.867,2.820,16.240,-0.100,-0.281,-0.012,0.958,0.686,-2.784,-0.848,0.000,0.000,1.592,0.030,2,NULL,NULL,,1,0,1,7,255,,250,0,0
stim,978,978,0,392934.420,0.819,-0.213,-0.040,0.532,3068,0,0,0,0,269,0,153,20,0.031,96,0,16.542,2.860,2.820,16.300,-0.100,-0.282,-0.012,0.958,0.686,-2.776,-0.842,0.000,0.000,1.592,0.030,2,NULL,NULL,,1,0,1,7,255,,250,0,0
stim,980,980,0,392939.420,0.819,-0.213,-0.040,0.532,3080,0,0,0,0,267,0,141,20,0.031,96,0,16.473,2.862,2.760,16.240,-0.040,-0.281,-0.012,0.958,0.696,-2.776,-0.844,0.000,0.000,1.592,0.030,2,NULL,NULL,,1,0,1,7,255,,250,0,0
stim,980,980,0,392944.420,0.819,-0.213,-0.040,0.532,3044,0,0,0,0,259,0,139,20,0.031,96,0,16.483,2.863,2.820,16.240,-0.100,-0.282,-0.012,0.959,0.692,-2.778,-0.842,0.000,0.000,1.592,0.030,2,NULL,NULL,,1,0,1,7,255,,250,0,0
stim,981,981,0,392949.420,0.819,-0.213,-0.040,0.532,3082,0,0,0,0,254,0,142,20,0.031,96,0,16.483,2.863,2.820,16.240,-0.100,-0.282,-0.013,0.958,0.692,-2.778,-0.834,0.000,0.000,1.592,0.030,2,NULL,NULL,,1,0,1,7,255,,250,0,0
stim,981,981,0,392954.420,0.819,-0.213,-0.040,0.532,3089,0,0,0,0,255,0,140,20,0.031,96,0,16.484,2.865,2.820,16.240,-0.160,-0.281,-0.012,0.958,0.692,-2.780,-0.834,0.000,0.000,1.592,0.030,2,NULL,NULL,,1,0,1,7,255,,250,0,0
stim,982,982,0,392959.420,0.819,-0.213,-0.040,0.532,3091,0,0,0,0,265,0,137,20,0.031,96,0,16.494,2.862,2.880,16.240,-0.100,-0.282,-0.012,0.959,0.688,-2.778,-0.834,0.000,0.000,1.592,0.030,2,NULL,NULL,,1,0,1,7,255,,250,0,0
stim,982,982,0,392964.422,0.819,-0.213,-0.040,0.532,3045,0,0,0,0,253,0,139,20,0.031,96,0,16.474,2.864,2.760,16.240,-0.160,-0.282,-0.013,0.958,0.688,-2.780,-0.836,0.000,0.000,1.592,0.030,2,NULL,NULL,,1,0,1,7,255,,250,0,0
stim,991,991,0,392969.422,0.819,-0.213,-0.040,0.532,3046,0,0,0,0,247,0,140,20,0.031,96,0,16.484,2.862,2.820,16.240,-0.160,-0.282,-0.012,0.958,0.688,-2.778,-0.836,0.000,0.000,1.592,0.030,2,NULL,NULL,,1,0,1,7,255,,250,0,0
stim,1010,1010,0,392974.420,0.819,-0.213,-0.040,0.532,3043,0,0,0,0,254,0,139,20,0.031,96,0,16.483,2.861,2.820,16.240,-0.040,-0.282,-0.012,0.959,0.686,-2.778,-0.836,0.000,0.000,1.592,0.030,2,NULL,NULL,,1,0,1,7,255,,250,0,0
stim,1010,1010,0,392979.420,0.819,-0.213,-0.040,0.532,3065,0,0,0,0,243,0,140,20,0.031,96,0,16.435,2.861,2.880,16.180,-0.100,-0.282,-0.013,0.958,0.686,-2.778,-0.834,0.000,0.000,1.592,0.030,2,NULL,NULL,,1,0,1,7,255,,250,0,0
stim,1010,1010,0,392984.420,0.819,-0.213,-0.040,0.532,3065,0,0,0,0,243,0,149,20,0.031,96,0,16.483,2.862,2.820,16.240,-0.040,-0.281,-0.013,0.958,0.680,-2.780,-0.834,0.000,0.000,1.592,0.030,2,NULL,NULL,,1,0,1,7,255,,250,0,0
stim,1010,1010,0,392989.422,0.819,-0.213,-0.040,0.532,3069,0,0,0,0,239,0,141,20,0.031,96,0,16.474,2.862,2.760,16.240,-0.160,-0.282,-0.012,0.958,0.680,-2.780,-0.842,0.000,0.000,1.592,0.030,2,NULL,NULL,,1,0,1,7,255,,250,0,0
stim,1010,1010,0,392994.420,0.819,-0.213,-0.040,0.532,3060,0,0,0,0,261,0,151,20,0.031,96,0,16.532,2.864,2.760,16.300,-0.100,-0.281,-0.012,0.958,0.682,-2.782,-0.844,0.000,0.000,1.592,0.030,2,NULL,NULL,,1,0,1,7,255,,250,0,0
stim,1055,1055,0,392999.420,0.819,-0.213,-0.040,0.532,3045,0,0,0,0,235,0,146,20,0.031,96,0,16.474,2.856,2.760,16.240,-0.160,-0.282,-0.012,0.958,0.688,-2.772,-0.844,0.000,0.000,1.592,0.030,2,NULL,NULL,,1,0,1,7,255,,250,0,0
stim,1055,1055,0,393004.420,0.819,-0.213,-0.040,0.532,3093,0,0,0,0,234,0,140,20,0.031,96,0,16.544,2.860,2.820,16.300,-0.220,-0.282,-0.011,0.959,0.688,-2.776,-0.844,0.000,0.000,1.592,0.030,2,NULL,NULL,,1,0,1,7,255,,250,0,0
stim,1078,1078,0,393009.420,0.819,-0.213,-0.040,0.532,3045,0,0,0,0,235,0,139,20,0.031,96,0,16.523,2.858,2.700,16.300,-0.160,-0.282,-0.012,0.958,0.688,-2.774,-0.834,0.000,0.000,1.592,0.030,2,NULL,NULL,,1,0,1,7,255,,250,0,0
stim,1078,1078,0,393014.422,0.819,-0.213,-0.040,0.532,3067,0,0,0,0,261,0,141,20,0.031,96,0,16.474,2.859,2.760,16.240,-0.220,-0.282,-0.011,0.958,0.692,-2.774,-0.834,0.000,0.000,1.592,0.030,2,NULL,NULL,,1,0,1,7,255,,250,0,0
stim,1078,1078,0,393019.420,0.819,-0.213,-0.040,0.532,3045,0,0,0,0,237,0,139,20,0.031,96,0,16.475,2.856,2.760,16.240,-0.280,-0.282,-0.012,0.958,0.686,-2.772,-0.838,0.000,0.000,1.592,0.030,2,NULL,NULL,,1,0,1,7,255,,250,0,0
stim,1078,1078,0,393024.420,0.819,-0.213,-0.040,0.532,3044,0,0,0,0,239,0,139,20,0.031,96,0,16.475,2.856,2.760,16.240,-0.280,-0.282,-0.012,0.959,0.686,-2.772,-0.838,0.000,0.000,1.592,0.030,2,NULL,NULL,,1,0,1,7,255,,250,0,0
stim,1080,1080,0,393029.420,0.818,-0.213,-0.040,0.532,3089,0,0,0,0,240,0,151,20,0.031,96,0,16.517,2.858,2.640,16.300,-0.400,-0.282,-0.011,0.959,0.686,-2.774,-0.830,0.000,0.000,1.592,0.030,2,NULL,NULL,,1,0,1,7,255,,250,0,0
stim,1080,1080,0,393034.420,0.818,-0.213,-0.040,0.532,3062,0,0,0,0,243,0,145,20,0.031,96,0,16.578,2.862,2.640,16.360,-0.460,-0.281,-0.011,0.958,0.690,-2.778,-0.830,0.000,0.000,1.592,0.030,2,NULL,NULL,,1,0,1,7,255,,250,0,0
stim,1081,1081,0,393039.420,0.818,-0.213,-0.040,0.532,3081,0,0,0,0,238,0,141,20,0.031,96,0,16.558,2.863,2.520,16.360,-0.400,-0.279,-0.012,0.958,0.694,-2.778,-0.838,0.000,0.000,1.592,0.030,2,NULL,NULL,,1,0,1,7,255,,250,0,0
stim,1081,1081,0,393044.420,0.818,-0.213,-0.040,0.532,3059,0,0,0,0,259,0,151,20,0.031,96,0,16.519,2.871,2.640,16.300,-0.460,-0.280,-0.012,0.958,0.694,-2.786,-0.848,0.000,0.000,1.592,0.030,2,NULL,NULL,,1,0,1,7,255,,250,0,0
stim,1081,1081,0,393049.420,0.818,-0.213,-0.040,0.532,3046,0,0,0,0,253,0,138,20,0.031,96,0,16.576,2.871,2.640,16.360,-0.400,-0.281,-0.012,0.958,0.692,-2.786,-0.848,0.000,0.000,1.592,0.030,2,NULL,NULL,,1,0,1,7,255,,250,0,0
stim,1081,1081,0,393054.422,0.818,-0.213,-0.040,0.532,3079,0,0,0,0,244,0,139,20,0.031,96,0,16.576,2.867,2.640,16.360,-0.400,-0.281,-0.012,0.958,0.686,-2.784,-0.846,0.000,0.000,1.592,0.030,2,NULL,NULL,,1,0,1,7,255,,250,0,0
stim,1087,1087,0,393059.420,0.818,-0.213,-0.040,0.532,3056,0,0,0,0,253,0,146,20,0.031,96,0,16.569,2.866,2.580,16.360,-0.460,-0.280,-0.013,0.958,0.682,-2.784,-0.846,0.000,0.000,1.592,0.030,2,NULL,NULL,,1,0,1,7,255,,250,0,0
stim,1087,1087,0,393064.422,0.818,-0.213,-0.040,0.532,3043,0,0,0,0,239,0,139,20,0.031,96,0,16.561,2.860,2.520,16.360,-0.520,-0.282,-0.011,0.958,0.682,-2.778,-0.846,0.000,0.000,1.592,0.030,2,NULL,NULL,,1,0,1,7,255,,250,0,0
stim,1107,1107,0,393069.420,0.818,-0.213,-0.040,0.532,3043,0,0,0,0,237,0,139,20,0.031,96,0,16.561,2.867,2.520,16.360,-0.520,-0.281,-0.011,0.959,0.692,-2.782,-0.844,0.000,0.000,1.592,0.030,2,NULL,NULL,,1,0,1,7,255,,250,0,0
stim,1107,1107,0,393074.420,0.818,-0.213,-0.040,0.532,3044,0,0,0,0,246,0,138,20,0.031,96,0,16.629,2.867,2.460,16.440,-0.460,-0.281,-0.012,0.958,0.692,-2.782,-0.844,0.000,0.000,1.592,0.030,2,NULL,NULL,,1,0,1,7,255,,250,0,0
stim,1107,1107,0,393079.420,0.818,-0.213,-0.040,0.532,3043,0,0,0,0,239,0,139,20,0.031,96,0,16.561,2.867,2.520,16.360,-0.520,-0.283,-0.011,0.959,0.692,-2.782,-0.830,0.000,0.000,1.592,0.030,2,NULL,NULL,,1,0,1,7,255,,250,0,0
stim,1107,1107,0,393084.420,0.818,-0.213,-0.040,0.532,3043,0,0,0,0,238,0,137,20,0.031,96,0,16.572,2.867,2.580,16.360,-0.580,-0.281,-0.011,0.958,0.692,-2.782,-0.842,0.000,0.000,1.592,0.030,2,NULL,NULL,,1,0,1,7,255,,250,0,0
stim,1107,1107,0,393089.420,0.818,-0.213,-0.040,0.532,3087,0,0,0,0,252,0,141,20,0.031,96,0,16.663,2.867,2.640,16.440,-0.640,-0.281,-0.013,0.958,0.692,-2.782,-0.842,0.000,0.000,1.592,0.030,2,NULL,NULL,,1,0,1,7,255,,250,0,0
stim,1107,1107,0,393094.422,0.818,-0.213,-0.040,0.532,3079,0,0,0,0,253,0,139,20,0.031,96,0,16.647,2.867,2.520,16.440,-0.700,-0.281,-0.012,0.958,0.684,-2.784,-0.842,0.000,0.000,1.592,0.030,2,NULL,NULL,,1,0,1,7,255,,250,0,0
stim,1151,1151,0,393099.420,0.818,-0.213,-0.040,0.532,3048,0,0,0,0,247,0,137,20,0.031,96,0,16.638,2.865,2.460,16.440,-0.700,-0.282,-0.013,0.959,0.678,-2.784,-0.838,0.000,0.000,1.592,0.030,2,NULL,NULL,,1,0,1,7,255,,250,0,0
stim,1151,1151,0,393104.420,0.818,-0.213,-0.040,0.533,3063,0,0,0,0,251,0,147,20,0.031,96,0,16.554,2.866,2.460,16.360,-0.580,-0.280,-0.012,0.957,0.682,-2.784,-0.838,0.000,0.000,1.592,0.030,2,NULL,NULL,,1,0,1,7,255,,250,0,0
stim,1167,1167,0,393109.420,0.818,-0.213,-0.040,0.533,3080,0,0,0,0,240,0,147,20,0.031,96,0,16.692,2.866,2.460,16.500,-0.580,-0.281,-0.013,0.958,0.680,-2.784,-0.846,0.000,0.000,1.592,0.030,2,NULL,NULL,,1,0,1,7,255,,250,0,0
stim,1167,1167,0,393114.422,0.818,-0.213,-0.040,0.533,3080,0,0,0,0,247,0,149,20,0.031,96,0,16.635,2.868,2.460,16.440,-0.640,-0.281,-0.013,0.958,0.680,-2.786,-0.846,0.000,0.000,1.592,0.030,2,NULL,NULL,,1,0,1,7,255,,250,0,0
stim,1169,1169,0,393119.420,0.818,-0.213,-0.040,0.533,3044,0,0,0,0,239,0,139,20,0.031,96,0,16.629,2.868,2.400,16.440,-0.700,-0.280,-0.012,0.957,0.680,-2.786,-0.846,0.000,0.000,1.592,0.030,2,NULL,NULL,,1,0,1,7,255,,250,0,0
stim,1169,1169,0,393124.420,0.818,-0.213,-0.040,0.533,3043,0,0,0,0,251,0,138,20,0.031,96,0,16.695,2.866,2.460,16.500,-0.640,-0.281,-0.013,0.958,0.680,-2.784,-0.846,0.000,0.000,1.592,0.030,2,NULL,NULL,,1,0,1,7,255,,250,0,0
stim,1169,1169,0,393129.421,0.818,-0.213,-0.040,0.533,3079,0,0,0,0,251,0,139,20,0.031,96,0,16.695,2.867,2.460,16.500,-0.640,-0.281,-0.012,0.958,0.684,-2.784,-0.846,0.000,0.000,1.592,0.030,2,NULL,NULL,,1,0,1,7,255,,250,0,0
stim,1169,1169,0,393134.420,0.818,-0.213,-0.040,0.533,3068,0,0,0,0,243,0,144,20,0.031,96,0,16.644,2.868,2.520,16.440,-0.640,-0.281,-0.013,0.958,0.680,-2.786,-0.846,0.000,0.000,1.592,0.030,2,NULL,NULL,,1,0,1,7,255,,250,0,0
stim,1178,1178,0,393139.420,0.818,-0.213,-0.040,0.533,3058,0,0,0,0,247,0,140,20,0.031,96,0,16.644,2.868,2.520,16.440,-0.640,-0.282,-0.012,0.958,0.680,-2.786,-0.842,0.000,0.000,1.592,0.030,2,NULL,NULL,,1,0,1,7,255,,250,0,0
stim,1178,1178,0,393144.420,0.818,-0.213,-0.040,0.533,3079,0,0,0,0,239,0,137,20,0.031,96,0,16.575,2.862,2.580,16.360,-0.640,-0.281,-0.012,0.958,0.680,-2.780,-0.838,0.000,0.000,1.592,0.030,2,NULL,NULL,,1,0,1,7,255,,250,0,0
stim,1179,1179,0,393149.420,0.818,-0.213,-0.040,0.533,3056,0,0,0,0,243,0,151,20,0.031,96,0,16.701,2.863,2.520,16.500,-0.580,-0.282,-0.012,0.959,0.684,-2.780,-0.838,0.000,0.000,1.592,0.030,2,NULL,NULL,,1,0,1,7,255,,250,0,0
stim,1179,1179,0,393154.420,0.818,-0.213,-0.040,0.533,3095,0,0,0,0,240,0,141,20,0.031,96,0,16.633,2.865,2.460,16.440,-0.580,-0.281,-0.013,0.958,0.684,-2.782,-0.838,0.000,0.000,1.592,0.030,2,NULL,NULL,,1,0,1,7,255,,250,0,0
stim,1180,1180,0,393159.420,0.818,-0.213,-0.040,0.533,3043,0,0,0,0,233,0,138,20,0.031,96,0,16.635,2.863,2.460,16.440,-0.640,-0.282,-0.013,0.958,0.678,-2.782,-0.842,0.000,0.000,1.592,0.030,2,NULL,NULL,,1,0,1,7,255,,250,0,0
stim,1180,1180,0,393164.421,0.818,-0.213,-0.040,0.533,3087,0,0,0,0,251,0,143,20,0.031,96,0,16.701,2.865,2.520,16.500,-0.580,-0.281,-0.013,0.958,0.678,-2.784,-0.844,0.000,0.000,1.592,0.030,2,NULL,NULL,,1,0,1,7,255,,250,0,0
stim,1199,1199,0,393169.421,0.818,-0.213,-0.040,0.533,3067,0,0,0,0,236,0,149,20,0.031,96,0,16.642,2.868,2.520,16.440,-0.580,-0.280,-0.013,0.958,0.682,-2.786,-0.846,0.000,0.000,1.592,0.030,2,NULL,NULL,,1,0,1,7,255,,250,0,0
stim,1199,1199,0,393174.421,0.818,-0.213,-0.040,0.533,3031,0,0,0,0,224,0,141,20,0.031,96,0,16.640,2.868,2.520,16.440,-0.520,-0.282,-0.013,0.959,0.682,-2.786,-0.846,0.000,0.000,1.592,0.030,2,NULL,NULL,,1,0,1,7,255,,250,0,0
stim,1199,1199,0,393179.420,0.818,-0.213,-0.040,0.533,3077,0,0,0,0,253,0,139,20,0.031,96,0,16.640,2.866,2.520,16.440,-0.520,-0.282,-0.011,0.958,0.682,-2.784,-0.836,0.000,0.000,1.592,0.030,2,NULL,NULL,,1,0,1,7,255,,250,0,0
stim,1199,1199,0,393184.422,0.818,-0.213,-0.040,0.533,3087,0,0,0,0,247,0,139,20,0.031,96,0,16.640,2.864,2.520,16.440,-0.520,-0.281,-0.013,0.957,0.680,-2.782,-0.836,0.000,0.000,1.592,0.030,2,NULL,NULL,,1,0,1,7,255,,250,0,0
stim,1199,1199,0,393189.420,0.818,-0.213,-0.040,0.533,3044,0,0,0,0,247,0,138,20,0.031,96,0,16.640,2.863,2.520,16.440,-0.520,-0.281,-0.013,0.958,0.678,-2.782,-0.848,0.000,0.000,1.592,0.030,2,NULL,NULL,,1,0,1,7,255,,250,0,0
stim,1215,1215,0,393194.422,0.818,-0.213,-0.040,0.533,3045,0,0,0,0,249,0,136,20,0.031,96,0,16.561,2.863,2.520,16.360,-0.520,-0.282,-0.012,0.958,0.678,-2.782,-0.848,0.000,0.000,1.592,0.030,2,NULL,NULL,,1,0,1,7,255,,250,0,0
stim,1247,1247,0,393199.420,0.818,-0.213,-0.040,0.533,3067,0,0,0,0,241,0,139,20,0.031,96,0,16.569,2.864,2.580,16.360,-0.460,-0.281,-0.013,0.958,0.680,-2.782,-0.846,0.000,0.000,1.592,0.030,2,NULL,NULL,,1,0,1,7,255,,250,0,0
stim,1247,1247,0,393204.420,0.818,-0.213,-0.040,0.533,3067,0,0,0,0,247,0,141,20,0.031,96,0,16.569,2.858,2.580,16.360,-0.460,-0.282,-0.013,0.957,0.680,-2.776,-0.846,0.000,0.000,1.592,0.030,2,NULL,NULL,,1,0,1,7,255,,250,0,0
stim,1279,1279,0,393209.420,0.818,-0.213,-0.040,0.533,3056,0,0,0,0,240,0,147,20,0.031,96,0,16.559,2.861,2.520,16.360,-0.460,-0.282,-0.013,0.958,0.676,-2.780,-0.846,0.000,0.000,1.592,0.030,2,NULL,NULL,,1,0,1,7,255,,250,0,0
stim,1279,1279,0,393214.422,0.818,-0.213,-0.040,0.533,3081,0,0,0,0,246,0,137,20,0.031,96,0,16.561,2.857,2.520,16.360,-0.520,-0.282,-0.012,0.958,0.676,-2.776,-0.840,0.000,0.000,1.592,0.030,2,NULL,NULL,,1,0,1,7,255,,250,0,0
stim,1279,1279,0,393219.420,0.818,-0.213,-0.040,0.533,3043,0,0,0,0,251,0,139,20,0.031,96,0,16.570,2.855,2.580,16.360,-0.520,-0.283,-0.013,0.958,0.676,-2.774,-0.840,0.000,0.000,1.592,0.030,2,NULL,NULL,,1,0,1,7,255,,250,0,0
stim,1279,1279,0,393224.420,0.818,-0.213,-0.040,0.533,3043,0,0,0,0,251,0,137,20,0.031,96,0,16.500,2.855,2.520,16.300,-0.460,-0.282,-0.013,0.958,0.676,-2.774,-0.840,0.000,0.000,1.592,0.030,2,NULL,NULL,,1,0,1,7,255,,250,0,0
stim,1279,1279,0,393229.420,0.818,-0.213,-0.040,0.533,3045,0,0,0,0,247,0,144,20,0.031,96,0,16.570,2.861,2.580,16.360,-0.520,-0.281,-0.013,0.957,0.676,-2.780,-0.840,0.000,0.000,1.592,0.030,2,NULL,NULL,,1,0,1,7,255,,250,0,0
stim,1279,1279,0,393234.420,0.818,-0.213,-0.040,0.533,3062,0,0,0,0,244,0,151,20,0.031,96,0,16.502,2.861,2.520,16.300,-0.520,-0.282,-0.014,0.958,0.676,-2.780,-0.844,0.000,0.000,1.592,0.030,2,NULL,NULL,,1,0,1,7,255,,250,0,0
stim,1279,1279,0,393239.420,0.818,-0.213,-0.040,0.533,3076,0,0,0,0,251,0,139,20,0.031,96,0,16.511,2.860,2.580,16.300,-0.520,-0.283,-0.013,0.958,0.670,-2.780,-0.844,0.000,0.000,1.592,0.030,2,NULL,NULL,,1,0,1,7,255,,250,0,0
stim,1279,1279,0,393244.420,0.818,-0.213,-0.040,0.533,3039,0,0,0,0,248,0,138,20,0.031,96,0,16.513,2.862,2.580,16.300,-0.580,-0.281,-0.012,0.958,0.670,-2.782,-0.842,0.000,0.000,1.592,0.030,2,NULL,NULL,,1,0,1,7,255,,250,0,0
stim,1279,1279,0,393249.420,0.818,-0.213,-0.040,0.533,3048,0,0,0,0,250,0,151,20,0.031,96,0,16.495,2.860,2.460,16.300,-0.580,-0.282,-0.012,0.958,0.680,-2.778,-0.840,0.000,0.000,1.592,0.030,2,NULL,NULL,,1,0,1,7,255,,250,0,0
stim,1279,1279,0,393254.420,0.818,-0.213,-0.040,0.533,3053,0,0,0,0,246,0,139,20,0.031,96,0,16.506,2.860,2.520,16.300,-0.640,-0.282,-0.013,0.958,0.680,-2.778,-0.842,0.000,0.000,1.592,0.030,2,NULL,NULL,,1,0,1,7,255,,250,0,0
stim,1295,1295,0,393259.420,0.818,-0.213,-0.040,0.533,3045,0,0,0,0,243,0,146,20,0.031,96,0,16.506,2.860,2.520,16.300,-0.640,-0.281,-0.013,0.959,0.680,-2.778,-0.840,0.000,0.000,1.592,0.030,2,NULL,NULL,,1,0,1,7,255,,250,0,0
stim,1295,1295,0,393264.424,0.818,-0.213,-0.040,0.533,3043,0,0,0,0,247,0,137,20,0.031,96,0,16.499,2.868,2.460,16.300,-0.700,-0.281,-0.013,0.958,0.680,-2.786,-0.844,0.000,0.000,1.592,0.030,2,NULL,NULL,,1,0,1,7,255,,250,0,0
stim,1295,1295,0,393269.420,0.818,-0.213,-0.040,0.533,3043,0,0,0,0,247,0,137,20,0.031,96,0,16.556,2.872,2.460,16.360,-0.640,-0.280,-0.013,0.958,0.680,-2.790,-0.846,0.000,0.000,1.592,0.030,2,NULL,NULL,,1,0,1,7,255,,250,0,0
stim,1311,1311,0,393274.420,0.818,-0.213,-0.040,0.533,3077,0,0,0,0,247,0,139,20,0.031,96,0,16.563,2.871,2.520,16.360,-0.580,-0.281,-0.014,0.958,0.676,-2.790,-0.846,0.000,0.000,1.592,0.030,2,NULL,NULL,,1,0,1,7,255,,250,0,0
stim,1311,1311,0,393279.420,0.818,-0.213,-0.040,0.533,3061,0,0,0,0,245,0,137,20,0.031,96,0,16.563,2.869,2.520,16.360,-0.580,-0.281,-0.014,0.958,0.670,-2.790,-0.850,0.000,0.000,1.592,0.030,2,NULL,NULL,,1,0,1,7,255,,250,0,0
stim,1311,1311,0,393284.420,0.818,-0.213,-0.040,0.533,3065,0,0,0,0,264,0,144,20,0.031,96,0,16.552,2.867,2.460,16.360,-0.520,-0.281,-0.013,0.958,0.670,-2.788,-0.846,0.000,0.000,1.592,0.030,2,NULL,NULL,,1,0,1,7,255,,250,0,0
stim,1311,1311,0,393289.422,0.818,-0.213,-0.040,0.534,3046,0,0,0,0,245,0,144,20,0.031,96,0,16.484,2.866,2.400,16.300,-0.520,-0.281,-0.013,0.958,0.672,-2.786,-0.846,0.000,0.000,1.592,0.030,2,NULL,NULL,,1,0,1,7,255,,250,0,0
stim,1311,1311,0,393294.420,0.818,-0.213,-0.040,0.534,3067,0,0,0,0,263,0,141,20,0.031,96,0,16.631,2.867,2.460,16.440,-0.520,-0.281,-0.013,0.958,0.678,-2.786,-0.846,0.000,0.000,1.592,0.030,2,NULL,NULL,,1,0,1,7,255,,250,0,0
stim,1327,1327,0,393299.420,0.818,-0.213,-0.040,0.534,3079,0,0,0,0,249,0,144,20,0.031,96,0,16.638,2.867,2.520,16.440,-0.460,-0.281,-0.013,0.958,0.678,-2.786,-0.846,0.000,0.000,1.592,0.030,2,NULL,NULL,,1,0,1,7,255,,250,0,0
stim,1327,1327,0,393304.420,0.818,-0.213,-0.040,0.534,3047,0,0,0,0,253,0,141,20,0.031,96,0,16.559,2.866,2.520,16.360,-0.460,-0.281,-0.013,0.958,0.672,-2.786,-0.846,0.000,0.000,1.592,0.030,2,NULL,NULL,,1,0,1,7,255,,250,0,0
stim,1359,1359,0,393309.420,0.818,-0.213,-0.040,0.534,3043,0,0,0,0,247,0,139,20,0.031,96,0,16.640,2.864,2.520,16.440,-0.520,-0.281,-0.012,0.958,0.672,-2.784,-0.846,0.000,0.000,1.592,0.030,2,NULL,NULL,,1,0,1,7,255,,250,0,0
stim,1359,1359,0,393314.423,0.818,-0.213,-0.040,0.534,3065,0,0,0,0,246,0,141,20,0.031,96,0,16.651,2.865,2.580,16.440,-0.580,-0.281,-0.013,0.958,0.676,-2.784,-0.842,0.000,0.000,1.592,0.030,2,NULL,NULL,,1,0,1,7,255,,250,0,0
stim,1377,1377,0,393319.420,0.818,-0.213,-0.040,0.534,3043,0,0,0,0,246,0,139,20,0.031,96,0,16.633,2.859,2.460,16.440,-0.580,-0.282,-0.012,0.958,0.684,-2.776,-0.842,0.000,0.000,1.592,0.030,2,NULL,NULL,,1,0,1,7,255,,250,0,0
stim,1377,1377,0,393324.420,0.818,-0.213,-0.040,0.534,3063,0,0,0,0,247,0,153,20,0.031,96,0,16.642,2.859,2.520,16.440,-0.580,-0.282,-0.012,0.958,0.684,-2.776,-0.840,0.000,0.000,1.592,0.030,2,NULL,NULL,,1,0,1,7,255,,250,0,0
stim,1377,1377,0,393329.420,0.818,-0.213,-0.040,0.534,3069,0,0,0,0,246,0,145,20,0.031,96,0,16.642,2.859,2.520,16.440,-0.580,-0.283,-0.012,0.958,0.684,-2.776,-0.840,0.000,0.000,1.592,0.030,2,NULL,NULL,,1,0,1,7,255,,250,0,0
stim,1377,1377,0,393334.420,0.818,-0.213,-0.040,0.534,3044,0,0,0,0,251,0,148,20,0.031,96,0,16.690,2.858,2.460,16.500,-0.520,-0.282,-0.013,0.958,0.680,-2.776,-0.840,0.000,0.000,1.592,0.030,2,NULL,NULL,,1,0,1,7,255,,250,0,0
stim,1379,1379,0,393339.422,0.818,-0.212,-0.040,0.534,3045,0,0,0,0,251,0,141,20,0.031,96,0,16.563,2.860,2.520,16.360,-0.580,-0.282,-0.012,0.958,0.678,-2.778,-0.840,0.000,0.000,1.592,0.030,2,NULL,NULL,,1,0,1,7,255,,250,0,0
stim,1379,1379,0,393344.420,0.818,-0.212,-0.040,0.534,3091,0,0,0,0,263,0,137,20,0.031,96,0,16.635,2.862,2.460,16.440,-0.640,-0.281,-0.013,0.958,0.674,-2.782,-0.840,0.000,0.000,1.592,0.030,2,NULL,NULL,,1,0,1,7,255,,250,0,0
stim,1380,1380,0,393349.420,0.818,-0.212,-0.040,0.534,3042,0,0,0,0,247,0,138,20,0.031,96,0,16.556,2.863,2.460,16.360,-0.640,-0.281,-0.012,0.958,0.678,-2.782,-0.840,0.000,0.000,1.592,0.030,2,NULL,NULL,,1,0,1,7,255,,250,0,0
stim,1380,1380,0,393354.420,0.817,-0.212,-0.040,0.534,3047,0,0,0,0,252,0,145,20,0.031,96,0,16.642,2.868,2.520,16.440,-0.580,-0.281,-0.013,0.958,0.674,-2.788,-0.842,0.000,0.000,1.592,0.030,2,NULL,NULL,,1,0,1,7,255,,250,0,0
stim,1380,1380,0,393359.420,0.817,-0.212,-0.040,0.534,3056,0,0,0,0,251,0,139,20,0.031,96,0,16.631,2.872,2.460,16.440,-0.520,-0.281,-0.013,0.958,0.680,-2.790,-0.842,0.000,0.000,1.592,0.030,2,NULL,NULL,,1,0,1,7,255,,250,0,0
stim,1380,1380,0,393364.422,0.817,-0.212,-0.040,0.534,3042,0,0,0,0,245,0,138,20,0.031,96,0,16.629,2.870,2.460,16.440,-0.460,-0.281,-0.013,0.958,0.674,-2.790,-0.846,0.000,0.000,1.592,0.030,2,NULL,NULL,,1,0,1,7,255,,250,0,0
stim,1410,1410,0,393369.420,0.817,-0.212,-0.040,0.534,3063,0,0,0,0,247,0,146,20,0.031,96,0,16.689,2.871,2.460,16.500,-0.460,-0.282,-0.013,0.958,0.676,-2.790,-0.842,0.000,0.000,1.592,0.030,2,NULL,NULL,,1,0,1,7,255,,250,0,0
stim,1410,1410,0,393374.420,0.817,-0.212,-0.040,0.534,3045,0,0,0,0,248,0,138,20,0.031,96,0,16.640,2.862,2.520,16.440,-0.520,-0.282,-0.013,0.958,0.674,-2.782,-0.840,0.000,0.000,1.592,0.030,2,NULL,NULL,,1,0,1,7,255,,250,0,0
stim,1410,1410,0,393379.420,0.817,-0.212,-0.040,0.534,3079,0,0,0,0,252,0,151,20,0.031,96,0,16.629,2.863,2.460,16.440,-0.460,-0.282,-0.013,0.958,0.676,-2.782,-0.836,0.000,0.000,1.592,0.030,2,NULL,NULL,,1,0,1,7,255,,250,0,0
stim,1410,1410,0,393384.420,0.817,-0.212,-0.040,0.534,3049,0,0,0,0,267,0,139,20,0.031,96,0,16.638,2.863,2.520,16.440,-0.460,-0.281,-0.012,0.958,0.676,-2.782,-0.840,0.000,0.000,1.592,0.030,2,NULL,NULL,,1,0,1,7,255,,250,0,0
stim,1410,1410,0,393389.420,0.817,-0.212,-0.040,0.534,3083,0,0,0,0,252,0,141,20,0.031,96,0,16.638,2.864,2.520,16.440,-0.460,-0.282,-0.012,0.958,0.682,-2.782,-0.836,0.000,0.000,1.592,0.030,2,NULL,NULL,,1,0,1,7,255,,250,0,0
stim,1410,1410,0,393394.420,0.817,-0.212,-0.040,0.534,3039,0,0,0,0,251,0,137,20,0.031,96,0,16.559,2.864,2.520,16.360,-0.460,-0.282,-0.013,0.958,0.682,-2.782,-0.836,0.000,0.000,1.592,0.030,2,NULL,NULL,,1,0,1,7,255,,250,0,0
stim,1464,1464,0,393399.420,0.817,-0.212,-0.040,0.534,3043,0,0,0,0,250,0,141,20,0.031,96,0,16.569,2.859,2.580,16.360,-0.460,-0.282,-0.012,0.958,0.674,-2.778,-0.836,0.000,0.000,1.592,0.030,2,NULL,NULL,,1,0,1,7,255,,250,0,0
stim,1464,1464,0,393404.420,0.817,-0.212,-0.040,0.534,3089,0,0,0,0,254,0,145,20,0.031,96,0,16.561,2.856,2.520,16.360,-0.520,-0.282,-0.013,0.957,0.672,-2.776,-0.842,0.000,0.000,1.592,0.030,2,NULL,NULL,,1,0,1,7,255,,250,0,0
stim,1464,1464,0,393409.420,0.817,-0.212,-0.040,0.534,3080,0,0,0,0,253,0,139,20,0.031,96,0,16.559,2.853,2.520,16.360,-0.460,-0.282,-0.012,0.957,0.674,-2.772,-0.848,0.000,0.000,1.592,0.030,2,NULL,NULL,,1,0,1,7,255,,250,0,0
stim,1464,1464,0,393414.422,0.817,-0.212,-0.040,0.534,3063,0,0,0,0,247,0,141,20,0.031,96,0,16.558,2.857,2.520,16.360,-0.400,-0.282,-0.012,0.958,0.676,-2.776,-0.848,0.000,0.000,1.592,0.030,2,NULL,NULL,,1,0,1,7,255,,250,0,0
stim,1477,1477,0,393419.420,0.817,-0.213,-0.040,0.534,3044,0,0,0,0,252,0,144,20,0.031,96,0,16.576,2.853,2.640,16.360,-0.400,-0.282,-0.013,0.957,0.676,-2.772,-0.848,0.000,0.000,1.592,0.030,2,NULL,NULL,,1,0,1,7,255,,250,0,0
stim,1477,1477,0,393424.420,0.817,-0.213,-0.040,0.534,3043,0,0,0,0,241,0,137,20,0.031,96,0,16.517,2.855,2.640,16.300,-0.400,-0.282,-0.013,0.958,0.668,-2.776,-0.844,0.000,0.000,1.592,0.030,2,NULL,NULL,,1,0,1,7,255,,250,0,0
stim,1477,1477,0,393429.420,0.817,-0.213,-0.040,0.534,3087,0,0,0,0,251,0,139,20,0.031,96,0,16.569,2.861,2.580,16.360,-0.460,-0.281,-0.013,0.958,0.668,-2.782,-0.848,0.000,0.000,1.592,0.030,2,NULL,NULL,,1,0,1,7,255,,250,0,0
stim,1477,1477,0,393434.420,0.817,-0.213,-0.040,0.534,3052,0,0,0,0,261,0,139,20,0.031,96,0,16.566,2.863,2.580,16.360,-0.340,-0.281,-0.014,0.958,0.670,-2.784,-0.844,0.000,0.000,1.592,0.030,2,NULL,NULL,,1,0,1,7,255,,250,0,0
stim,1477,1477,0,393439.420,0.817,-0.213,-0.040,0.534,3065,0,0,0,0,261,0,151,20,0.031,96,0,16.516,2.869,2.640,16.300,-0.340,-0.280,-0.013,0.957,0.670,-2.790,-0.848,0.000,0.000,1.592,0.030,2,NULL,NULL,,1,0,1,7,255,,250,0,0
stim,1477,1477,0,393444.420,0.817,-0.213,-0.040,0.534,3060,0,0,0,0,251,0,141,20,0.031,96,0,16.515,2.869,2.640,16.300,-0.280,-0.281,-0.014,0.957,0.670,-2.790,-0.854,0.000,0.000,1.592,0.030,2,NULL,NULL,,1,0,1,7,255,,250,0,0
stim,1479,1479,0,393449.420,0.817,-0.213,-0.040,0.534,3063,0,0,0,0,267,0,142,20,0.031,96,0,16.515,2.866,2.640,16.300,-0.280,-0.282,-0.013,0.958,0.666,-2.788,-0.854,0.000,0.000,1.592,0.030,2,NULL,NULL,,1,0,1,7,255,,250,0,0
stim,1479,1479,0,393454.422,0.817,-0.213,-0.040,0.534,3077,0,0,0,0,259,0,145,20,0.031,96,0,16.524,2.860,2.700,16.300,-0.220,-0.282,-0.014,0.958,0.664,-2.782,-0.842,0.000,0.000,1.592,0.030,2,NULL,NULL,,1,0,1,7,255,,250,0,0
stim,1487,1487,0,393459.420,0.817,-0.213,-0.039,0.534,3044,0,0,0,0,250,0,137,20,0.031,96,0,16.524,2.860,2.700,16.300,-0.280,-0.282,-0.013,0.958,0.664,-2.782,-0.838,0.000,0.000,1.592,0.030,2,NULL,NULL,,1,0,1,7,255,,250,0,0
stim,1487,1487,0,393464.421,0.817,-0.213,-0.039,0.534,3057,0,0,0,0,263,0,142,20,0.031,96,0,16.524,2.861,2.700,16.300,-0.280,-0.281,-0.013,0.958,0.666,-2.782,-0.838,0.000,0.000,1.592,0.030,2,NULL,NULL,,1,0,1,7,255,,250,0,0
stim,1509,1509,0,393469.422,0.817,-0.213,-0.039,0.534,3063,0,0,0,0,253,0,141,20,0.031,96,0,16.524,2.861,2.700,16.300,-0.220,-0.281,-0.012,0.957,0.668,-2.782,-0.848,0.000,0.000,1.592,0.030,2,NULL,NULL,,1,0,1,7,255,,250,0,0
stim,1509,1509,0,393474.420,0.817,-0.213,-0.039,0.534,3081,0,0,0,0,251,0,143,20,0.031,96,0,16.523,2.866,2.700,16.300,-0.160,-0.281,-0.013,0.958,0.674,-2.786,-0.850,0.000,0.000,1.592,0.030,2,NULL,NULL,,1,0,1,7,255,,250,0,0
stim,1509,1509,0,393479.420,0.817,-0.213,-0.039,0.534,3065,0,0,0,0,249,0,151,20,0.031,96,0,16.463,2.866,2.700,16.240,-0.040,-0.281,-0.013,0.958,0.674,-2.786,-0.850,0.000,0.000,1.592,0.030,2,NULL,NULL,,1,0,1,7,255,,250,0,0
stim,1509,1509,0,393484.420,0.817,-0.213,-0.039,0.534,3076,0,0,0,0,261,0,145,20,0.031,96,0,16.463,2.866,2.700,16.240,-0.040,-0.282,-0.012,0.958,0.672,-2.786,-0.846,0.000,0.000,1.592,0.030,2,NULL,NULL,,1,0,1,7,255,,250,0,0
stim,1520,1520,0,393489.420,0.817,-0.213,-0.039,0.534,3043,0,0,0,0,247,0,137,20,0.031,96,0,16.473,2.854,2.760,16.240,-0.100,-0.282,-0.012,0.958,0.670,-2.774,-0.842,0.000,0.000,1.592,0.030,2,NULL,NULL,,1,0,1,7,255,,250,0,0
stim,1521,1521,0,393494.420,0.817,-0.213,-0.039,0.534,3063,0,0,0,0,245,0,141,20,0.031,96,0,16.473,2.854,2.760,16.240,-0.100,-0.282,-0.011,0.958,0.672,-2.774,-0.842,0.000,0.000,1.592,0.030,2,NULL,NULL,,1,0,1,7,255,,250,0,0
stim,1543,1543,0,393499.420,0.817,-0.213,-0.039,0.534,3087,0,0,0,0,248,0,141,20,0.031,96,0,16.464,2.850,2.700,16.240,-0.160,-0.283,-0.012,0.957,0.672,-2.770,-0.842,0.000,0.000,1.592,0.030,2,NULL,NULL,,1,0,1,7,255,,250,0,0
stim,1543,1543,0,393504.420,0.817,-0.213,-0.039,0.534,3061,0,0,0,0,262,0,137,20,0.031,96,0,16.405,2.850,2.700,16.180,-0.220,-0.282,-0.013,0.959,0.672,-2.770,-0.842,0.000,0.000,1.592,0.030,2,NULL,NULL,,1,0,1,7,255,,250,0,0
stim,1544,1544,0,393509.420,0.817,-0.213,-0.039,0.534,3052,0,0,0,0,249,0,149,20,0.031,96,0,16.533,2.856,2.760,16.300,-0.220,-0.282,-0.012,0.958,0.670,-2.776,-0.838,0.000,0.000,1.592,0.030,2,NULL,NULL,,1,0,1,7,255,,250,0,0
stim,1544,1544,0,393514.422,0.817,-0.213,-0.039,0.534,3056,0,0,0,0,273,0,141,20,0.031,96,0,16.524,2.856,2.700,16.300,-0.220,-0.282,-0.012,0.958,0.670,-2.776,-0.838,0.000,0.000,1.592,0.030,2,NULL,NULL,,1,0,1,7,255,,250,0,0
stim,1567,1567,0,393519.420,0.817,-0.213,-0.039,0.534,3087,0,0,0,0,264,0,138,20,0.031,96,0,16.464,2.856,2.700,16.240,-0.160,-0.281,-0.012,0.958,0.670,-2.776,-0.838,0.000,0.000,1.592,0.030,2,NULL,NULL,,1,0,1,7,255,,250,0,0
stim,1583,1583,0,393524.420,0.817,-0.213,-0.039,0.534,3045,0,0,0,0,250,0,139,20,0.031,96,0,16.465,2.866,2.700,16.240,-0.280,-0.281,-0.013,0.958,0.672,-2.786,-0.840,0.000,0.000,1.592,0.030,2,NULL,NULL,,1,0,1,7,255,,250,0,0
stim,1583,1583,0,393529.420,0.817,-0.213,-0.039,0.534,3048,0,0,0,0,251,0,141,20,0.031,96,0,16.466,2.866,2.700,16.240,-0.340,-0.281,-0.012,0.958,0.674,-2.786,-0.842,0.000,0.000,1.592,0.030,2,NULL,NULL,,1,0,1,7,255,,250,0,0
stim,1583,1583,0,393534.420,0.817,-0.213,-0.039,0.534,3064,0,0,0,0,252,0,138,20,0.031,96,0,16.407,2.864,2.700,16.180,-0.340,-0.281,-0.012,0.958,0.672,-2.784,-0.842,0.000,0.000,1.592,0.030,2,NULL,NULL,,1,0,1,7,255,,250,0,0
stim,1583,1583,0,393539.421,0.817,-0.213,-0.039,0.534,3076,0,0,0,0,263,0,140,20,0.031,96,0,16.465,2.864,2.700,16.240,-0.280,-0.281,-0.013,0.959,0.672,-2.784,-0.842,0.000,0.000,1.592,0.030,2,NULL,NULL,,1,0,1,7,255,,250,0,0
stim,1583,1583,0,393544.420,0.817,-0.213,-0.039,0.534,3044,0,0,0,0,260,0,122,20,0.031,96,0,16.515,2.872,2.640,16.300,-0.280,-0.281,-0.013,0.958,0.672,-2.792,-0.840,0.000,0.000,1.592,0.030,2,NULL,NULL,,1,0,1,7,255,,250,0,0
stim,1583,1583,0,393549.420,0.817,-0.213,-0.039,0.534,3066,0,0,0,0,248,0,141,20,0.031,96,0,16.465,2.871,2.700,16.240,-0.280,-0.281,-0.013,0.958,0.668,-2.792,-0.840,0.000,0.000,1.592,0.030,2,NULL,NULL,,1,0,1,7,255,,250,0,0
stim,1583,1583,0,393554.421,0.817,-0.213,-0.039,0.534,3064,0,0,0,0,251,0,141,20,0.031,96,0,16.464,2.869,2.700,16.240,-0.220,-0.281,-0.013,0.958,0.670,-2.790,-0.840,0.000,0.000,1.592,0.030,2,NULL,NULL,,1,0,1,7,255,,250,0,0
stim,1583,1583,0,393559.421,0.817,-0.213,-0.039,0.534,3052,0,0,0,0,249,0,152,20,0.031,96,0,16.515,2.867,2.640,16.300,-0.280,-0.281,-0.012,0.958,0.670,-2.788,-0.842,0.000,0.000,1.592,0.030,2,NULL,NULL,,1,0,1,7,255,,250,0,0
stim,1583,1583,0,393564.422,0.817,-0.213,-0.039,0.535,3043,0,0,0,0,250,0,140,20,0.031,96,0,16.516,2.866,2.640,16.300,-0.340,-0.281,-0.012,0.958,0.674,-2.786,-0.840,0.000,0.000,1.592,0.030,2,NULL,NULL,,1,0,1,7,255,,250,0,0
stim,1583,1583,0,393569.420,0.817,-0.213,-0.039,0.535,3055,0,0,0,0,244,0,139,20,0.031,96,0,16.506,2.862,2.580,16.300,-0.340,-0.282,-0.012,0.957,0.674,-2.782,-0.844,0.000,0.000,1.592,0.030,2,NULL,NULL,,1,0,1,7,255,,250,0,0
stim,1615,1615,0,393574.421,0.817,-0.213,-0.039,0.535,3043,0,0,0,0,249,0,140,20,0.031,96,0,16.508,2.854,2.580,16.300,-0.400,-0.282,-0.012,0.958,0.670,-2.774,-0.838,0.000,0.000,1.592,0.030,2,NULL,NULL,,1,0,1,7,255,,250,0,0
stim,1615,1615,0,393579.420,0.817,-0.213,-0.039,0.535,3061,0,0,0,0,245,0,145,20,0.031,96,0,16.468,2.853,2.700,16.240,-0.400,-0.281,-0.013,0.958,0.668,-2.774,-0.844,0.000,0.000,1.592,0.030,2,NULL,NULL,,1,0,1,7,255,,250,0,0
stim,1615,1615,0,393584.420,0.817,-0.213,-0.039,0.535,3048,0,0,0,0,244,0,147,20,0.031,96,0,16.569,2.853,2.580,16.360,-0.460,-0.283,-0.012,0.958,0.668,-2.774,-0.836,0.000,0.000,1.592,0.030,2,NULL,NULL,,1,0,1,7,255,,250,0,0
stim,1615,1615,0,393589.422,0.817,-0.213,-0.039,0.535,3064,0,0,0,0,252,0,141,20,0.031,96,0,16.561,2.853,2.520,16.360,-0.520,-0.283,-0.012,0.958,0.668,-2.774,-0.830,0.000,0.000,1.592,0.030,2,NULL,NULL,,1,0,1,7,255,,250,0,0
stim,1615,1615,0,393594.420,0.817,-0.213,-0.039,0.535,3064,0,0,0,0,261,0,145,20,0.031,96,0,16.563,2.854,2.520,16.360,-0.580,-0.282,-0.011,0.958,0.670,-2.774,-0.830,0.000,0.000,1.592,0.030,2,NULL,NULL,,1,0,1,7,255,,250,0,0
stim,1631,1631,0,393599.420,0.817,-0.213,-0.039,0.535,3054,0,0,0,0,253,0,141,20,0.031,96,0,16.563,2.860,2.520,16.360,-0.580,-0.281,-0.012,0.959,0.678,-2.778,-0.830,0.000,0.000,1.592,0.030,2,NULL,NULL,,1,0,1,7,255,,250,0,0
stim,1631,1631,0,393604.420,0.817,-0.213,-0.039,0.535,3045,0,0,0,0,262,0,139,20,0.031,96,0,16.559,2.865,2.460,16.360,-0.700,-0.281,-0.012,0.958,0.678,-2.784,-0.836,0.000,0.000,1.592,0.030,2,NULL,NULL,,1,0,1,7,255,,250,0,0
stim,1647,1647,0,393609.420,0.817,-0.213,-0.039,0.535,3044,0,0,0,0,255,0,140,20,0.031,96,0,16.688,2.869,2.400,16.500,-0.700,-0.281,-0.013,0.959,0.676,-2.788,-0.836,0.000,0.000,1.592,0.030,2,NULL,NULL,,1,0,1,7,255,,250,0,0
stim,1647,1647,0,393614.422,0.817,-0.213,-0.039,0.535,3065,0,0,0,0,262,0,145,20,0.031,96,0,16.638,2.874,2.460,16.440,-0.700,-0.280,-0.013,0.959,0.672,-2.794,-0.840,0.000,0.000,1.592,0.030,2,NULL,NULL,,1,0,1,7,255,,250,0,0
stim,1647,1647,0,393619.420,0.817,-0.213,-0.039,0.535,3060,0,0,0,0,264,0,152,20,0.031,96,0,16.638,2.873,2.460,16.440,-0.700,-0.282,-0.012,0.959,0.670,-2.794,-0.836,0.000,0.000,1.592,0.030,2,NULL,NULL,,1,0,1,7,255,,250,0,0
stim,1663,1663,0,393624.420,0.817,-0.213,-0.039,0.535,3053,0,0,0,0,254,0,137,20,0.031,96,0,16.697,2.863,2.460,16.500,-0.700,-0.282,-0.013,0.958,0.670,-2.784,-0.836,0.000,0.000,1.592,0.030,2,NULL,NULL,,1,0,1,7,255,,250,0,0
stim,1679,1679,0,393629.420,0.817,-0.213,-0.039,0.535,3079,0,0,0,0,269,0,137,20,0.031,96,0,16.691,2.863,2.400,16.500,-0.760,-0.282,-0.012,0.959,0.670,-2.784,-0.832,0.000,0.000,1.592,0.030,2,NULL,NULL,,1,0,1,7,255,,250,0,0
stim,1679,1679,0,393634.420,0.817,-0.213,-0.039,0.535,3096,0,0,0,0,276,0,147,20,0.031,96,0,16.694,2.862,2.400,16.500,-0.820,-0.281,-0.014,0.958,0.662,-2.784,-0.836,0.000,0.000,1.592,0.030,2,NULL,NULL,,1,0,1,7,255,,250,0,0
stim,1679,1679,0,393639.420,0.817,-0.213,-0.039,0.535,3050,0,0,0,0,277,0,141,20,0.031,96,0,16.632,2.867,2.400,16.440,-0.760,-0.281,-0.013,0.959,0.670,-2.788,-0.836,0.000,0.000,1.592,0.030,2,NULL,NULL,,1,0,1,7,255,,250,0,0
stim,1679,1679,0,393644.420,0.817,-0.213,-0.039,0.535,3065,0,0,0,0,260,0,147,20,0.031,96,0,16.691,2.866,2.400,16.500,-0.760,-0.281,-0.013,0.958,0.666,-2.788,-0.842,0.000,0.000,1.592,0.030,2,NULL,NULL,,1,0,1,7,255,,250,0,0
stim,1679,1679,0,393649.420,0.817,-0.213,-0.039,0.535,3046,0,0,0,0,254,0,139,20,0.031,96,0,16.745,2.864,2.340,16.560,-0.820,-0.281,-0.013,0.958,0.666,-2.786,-0.842,0.000,0.000,1.592,0.030,2,NULL,NULL,,1,0,1,7,255,,250,0,0
stim,1679,1679,0,393654.422,0.817,-0.212,-0.039,0.535,3065,0,0,0,0,255,0,141,20,0.031,96,0,16.748,2.864,2.340,16.560,-0.880,-0.281,-0.012,0.958,0.666,-2.786,-0.846,0.000,0.000,1.592,0.030,2,NULL,NULL,,1,0,1,7,255,,250,0,0
stim,1679,1679,0,393659.420,0.817,-0.212,-0.039,0.535,3081,0,0,0,0,259,0,149,20,0.031,96,0,16.697,2.864,2.400,16.500,-0.880,-0.281,-0.013,0.958,0.664,-2.786,-0.846,0.000,0.000,1.592,0.030,2,NULL,NULL,,1,0,1,7,255,,250,0,0
stim,1679,1679,0,393664.423,0.817,-0.212,-0.039,0.535,3044,0,0,0,0,252,0,139,20,0.031,96,0,16.748,2.862,2.340,16.560,-0.880,-0.281,-0.012,0.958,0.674,-2.782,-0.842,0.000,0.000,1.592,0.030,2,NULL,NULL,,1,0,1,7,255,,250,0,0
stim,1695,1695,0,393669.420,0.817,-0.212,-0.039,0.535,3055,0,0,0,0,253,0,147,20,0.031,96,0,16.739,2.860,2.280,16.560,-0.880,-0.282,-0.014,0.958,0.664,-2.782,-0.842,0.000,0.000,1.592,0.030,2,NULL,NULL,,1,0,1,7,255,,250,0,0
stim,1695,1695,0,393674.420,0.817,-0.212,-0.039,0.535,3045,0,0,0,0,253,0,141,20,0.031,96,0,16.739,2.860,2.280,16.560,-0.880,-0.282,-0.012,0.958,0.670,-2.780,-0.838,0.000,0.000,1.592,0.030,2,NULL,NULL,,1,0,1,7,255,,250,0,0
stim,1711,1711,0,393679.420,0.817,-0.212,-0.039,0.535,3053,0,0,0,0,255,0,140,20,0.031,96,0,16.803,2.856,2.280,16.620,-0.960,-0.282,-0.013,0.958,0.664,-2.778,-0.842,0.000,0.000,1.592,0.030,2,NULL,NULL,,1,0,1,7,255,,250,0,0
stim,1711,1711,0,393684.420,0.817,-0.212,-0.039,0.535,3045,0,0,0,0,253,0,139,20,0.031,96,0,16.739,2.854,2.280,16.560,-0.880,-0.282,-0.013,0.957,0.664,-2.776,-0.842,0.000,0.000,1.592,0.030,2,NULL,NULL,,1,0,1,7,255,,250,0,0
stim,1711,1711,0,393689.423,0.817,-0.212,-0.039,0.535,3050,0,0,0,0,251,0,141,20,0.031,96,0,16.684,2.854,2.280,16.500,-0.960,-0.281,-0.012,0.958,0.664,-2.776,-0.842,0.000,0.000,1.592,0.030,2,NULL,NULL,,1,0,1,7,255,,250,0,0
stim,1711,1711,0,393694.420,0.816,-0.212,-0.039,0.535,3043,0,0,0,0,248,0,139,20,0.031,96,0,16.680,2.863,2.280,16.500,-0.880,-0.282,-0.013,0.959,0.666,-2.784,-0.838,0.000,0.000,1.592,0.030,2,NULL,NULL,,1,0,1,7,255,,250,0,0
stim,1759,1759,0,393699.420,0.816,-0.212,-0.039,0.535,3045,0,0,0,0,245,0,139,20,0.031,96,0,16.731,2.863,2.220,16.560,-0.880,-0.282,-0.013,0.958,0.666,-2.784,-0.838,0.000,0.000,1.592,0.030,2,NULL,NULL,,1,0,1,7,255,,250,0,0
stim,1759,1759,0,393704.420,0.816,-0.212,-0.039,0.536,3051,0,0,0,0,254,0,140,20,0.031,96,0,16.676,2.861,2.220,16.500,-0.960,-0.282,-0.013,0.958,0.666,-2.782,-0.834,0.000,0.000,1.592,0.030,2,NULL,NULL,,1,0,1,7,255,,250,0,0
stim,1759,1759,0,393709.420,0.816,-0.212,-0.039,0.536,3066,0,0,0,0,251,0,141,20,0.031,96,0,16.676,2.859,2.220,16.500,-0.960,-0.282,-0.012,0.958,0.666,-2.780,-0.844,0.000,0.000,1.592,0.030,2,NULL,NULL,,1,0,1,7,255,,250,0,0
stim,1759,1759,0,393714.422,0.816,-0.212,-0.039,0.536,3056,0,0,0,0,247,0,141,20,0.031,96,0,16.684,2.861,2.280,16.500,-0.960,-0.281,-0.013,0.958,0.666,-2.782,-0.844,0.000,0.000,1.592,0.030,2,NULL,NULL,,1,0,1,7,255,,250,0,0
stim,1759,1759,0,393719.420,0.816,-0.212,-0.039,0.536,3087,0,0,0,0,252,0,145,20,0.031,96,0,16.621,2.864,2.280,16.440,-0.880,-0.281,-0.013,0.958,0.666,-2.786,-0.846,0.000,0.000,1.592,0.030,2,NULL,NULL,,1,0,1,7,255,,250,0,0
stim,1759,1759,0,393724.420,0.816,-0.212,-0.039,0.536,3077,0,0,0,0,244,0,139,20,0.031,96,0,16.621,2.864,2.280,16.440,-0.880,-0.281,-0.014,0.958,0.666,-2.786,-0.846,0.000,0.000,1.592,0.030,2,NULL,NULL,,1,0,1,7,255,,250,0,0
stim,1759,1759,0,393729.420,0.816,-0.212,-0.039,0.536,3045,0,0,0,0,247,0,141,20,0.031,96,0,16.688,2.863,2.340,16.500,-0.880,-0.282,-0.014,0.956,0.658,-2.786,-0.848,0.000,0.000,1.592,0.030,2,NULL,NULL,,1,0,1,7,255,,250,0,0
stim,1759,1759,0,393734.420,0.816,-0.212,-0.039,0.536,3045,0,0,0,0,245,0,141,20,0.031,96,0,16.629,2.858,2.340,16.440,-0.880,-0.282,-0.014,0.958,0.654,-2.782,-0.848,0.000,0.000,1.592,0.030,2,NULL,NULL,,1,0,1,7,255,,250,0,0
stim,1775,1775,0,393739.421,0.816,-0.212,-0.039,0.536,3079,0,0,0,0,246,0,151,20,0.031,96,0,16.626,2.858,2.340,16.440,-0.820,-0.282,-0.014,0.957,0.654,-2.782,-0.848,0.000,0.000,1.592,0.030,2,NULL,NULL,,1,0,1,7,255,,250,0,0
stim,1775,1775,0,393744.420,0.816,-0.212,-0.039,0.536,3079,0,0,0,0,250,0,139,20,0.031,96,0,16.547,2.859,2.340,16.360,-0.820,-0.282,-0.013,0.958,0.660,-2.782,-0.844,0.000,0.000,1.592,0.030,2,NULL,NULL,,1,0,1,7,255,,250,0,0
stim,1775,1775,0,393749.420,0.816,-0.212,-0.039,0.536,3048,0,0,0,0,248,0,139,20,0.031,96,0,16.553,2.859,2.400,16.360,-0.760,-0.282,-0.014,0.958,0.660,-2.782,-0.844,0.000,0.000,1.592,0.030,2,NULL,NULL,,1,0,1,7,255,,250,0,0
stim,1775,1775,0,393754.421,0.816,-0.212,-0.039,0.536,3051,0,0,0,0,244,0,137,20,0.031,96,0,16.643,2.859,2.460,16.440,-0.820,-0.282,-0.014,0.958,0.660,-2.782,-0.842,0.000,0.000,1.592,0.030,2,NULL,NULL,,1,0,1,7,255,,250,0,0
stim,1791,1791,0,393759.420,0.816,-0.212,-0.039,0.536,3101,0,0,0,0,248,0,138,20,0.031,96,0,16.550,2.857,2.400,16.360,-0.700,-0.282,-0.014,0.958,0.660,-2.780,-0.842,0.000,0.000,1.592,0.030,2,NULL,NULL,,1,0,1,7,255,,250,0,0
stim,1791,1791,0,393764.421,0.816,-0.212,-0.039,0.536,3064,0,0,0,0,248,0,139,20,0.031,96,0,16.570,2.857,2.520,16.360,-0.760,-0.281,-0.014,0.958,0.660,-2.780,-0.842,0.000,0.000,1.592,0.030,2,NULL,NULL,,1,0,1,7,255,,250,0,0
stim,1791,1791,0,393769.421,0.816,-0.212,-0.039,0.536,3045,0,0,0,0,251,0,139,20,0.031,96,0,16.556,2.868,2.460,16.360,-0.640,-0.281,-0.013,0.958,0.664,-2.790,-0.842,0.000,0.000,1.592,0.030,2,NULL,NULL,,1,0,1,7,255,,250,0,0
stim,1809,1809,0,393774.422,0.816,-0.212,-0.039,0.536,3047,0,0,0,0,250,0,139,20,0.031,96,0,16.547,2.870,2.400,16.360,-0.640,-0.281,-0.014,0.958,0.666,-2.792,-0.842,0.000,0.000,1.592,0.030,2,NULL,NULL,,1,0,1,7,255,,250,0,0
stim,1809,1809,0,393779.420,0.816,-0.212,-0.039,0.536,3047,0,0,0,0,253,0,153,20,0.031,96,0,16.565,2.871,2.520,16.360,-0.640,-0.280,-0.014,0.958,0.668,-2.792,-0.842,0.000,0.000,1.592,0.030,2,NULL,NULL,,1,0,1,7,255,,250,0,0
stim,1809,1809,0,393784.420,0.816,-0.212,-0.039,0.536,3045,0,0,0,0,249,0,139,20,0.031,96,0,16.502,2.870,2.520,16.300,-0.520,-0.282,-0.013,0.958,0.666,-2.792,-0.844,0.000,0.000,1.592,0.030,2,NULL,NULL,,1,0,1,7,255,,250,0,0
stim,1823,1823,0,393789.420,0.816,-0.212,-0.039,0.536,3043,0,0,0,0,246,0,139,20,0.031,96,0,16.559,2.872,2.520,16.360,-0.460,-0.280,-0.014,0.957,0.666,-2.794,-0.852,0.000,0.000,1.592,0.030,2,NULL,NULL,,1,0,1,7,255,,250,0,0
stim,1823,1823,0,393794.420,0.816,-0.212,-0.039,0.536,3080,0,0,0,0,259,0,140,20,0.031,96,0,16.569,2.862,2.580,16.360,-0.460,-0.281,-0.014,0.957,0.662,-2.784,-0.850,0.000,0.000,1.592,0.030,2,NULL,NULL,,1,0,1,7,255,,250,0,0
stim,1843,1843,0,393799.420,0.816,-0.212,-0.039,0.536,3063,0,0,0,0,252,0,143,20,0.031,96,0,16.517,2.862,2.640,16.300,-0.400,-0.282,-0.014,0.958,0.662,-2.784,-0.850,0.000,0.000,1.592,0.030,2,NULL,NULL,,1,0,1,7,255,,250,0,0
stim,1843,1843,0,393804.420,0.816,-0.212,-0.039,0.536,3087,0,0,0,0,249,0,140,20,0.031,96,0,16.575,2.862,2.640,16.360,-0.340,-0.281,-0.014,0.958,0.662,-2.784,-0.846,0.000,0.000,1.592,0.030,2,NULL,NULL,,1,0,1,7,255,,250,0,0
stim,1844,1844,0,393809.420,0.816,-0.212,-0.039,0.536,3079,0,0,0,0,249,0,140,20,0.031,96,0,16.585,2.863,2.700,16.360,-0.340,-0.281,-0.014,0.958,0.658,-2.786,-0.846,0.000,0.000,1.592,0.030,2,NULL,NULL,,1,0,1,7,255,,250,0,0
stim,1844,1844,0,393814.422,0.816,-0.212,-0.039,0.536,3089,0,0,0,0,240,0,149,20,0.031,96,0,16.574,2.865,2.640,16.360,-0.280,-0.281,-0.014,0.957,0.658,-2.788,-0.846,0.000,0.000,1.592,0.030,2,NULL,NULL,,1,0,1,7,255,,250,0,0
stim,1877,1877,0,393819.420,0.816,-0.212,-0.039,0.536,3047,0,0,0,0,240,0,139,20,0.031,96,0,16.534,2.864,2.760,16.300,-0.280,-0.283,-0.015,0.957,0.656,-2.788,-0.846,0.000,0.000,1.592,0.030,2,NULL,NULL,,1,0,1,7,255,,250,0,0
stim,1877,1877,0,393824.420,0.816,-0.212,-0.039,0.536,3065,0,0,0,0,241,0,149,20,0.031,96,0,16.475,2.858,2.760,16.240,-0.280,-0.282,-0.015,0.958,0.648,-2.784,-0.844,0.000,0.000,1.592,0.030,2,NULL,NULL,,1,0,1,7,255,,250,0,0
stim,1877,1877,0,393829.420,0.816,-0.212,-0.039,0.536,3090,0,0,0,0,247,0,151,20,0.031,96,0,16.544,2.858,2.820,16.300,-0.220,-0.281,-0.015,0.958,0.648,-2.784,-0.844,0.000,0.000,1.592,0.030,2,NULL,NULL,,1,0,1,7,255,,250,0,0
stim,1877,1877,0,393834.420,0.816,-0.212,-0.039,0.536,3045,0,0,0,0,245,0,142,20,0.031,96,0,16.474,2.863,2.760,16.240,-0.220,-0.282,-0.013,0.959,0.650,-2.788,-0.842,0.000,0.000,1.592,0.030,2,NULL,NULL,,1,0,1,7,255,,250,0,0
stim,1888,1888,0,393839.420,0.816,-0.212,-0.039,0.536,3091,0,0,0,0,244,0,143,20,0.031,96,0,16.483,2.871,2.820,16.240,-0.100,-0.281,-0.015,0.958,0.654,-2.796,-0.844,0.000,0.000,1.592,0.030,2,NULL,NULL,,1,0,1,7,255,,250,0,0
stim,1888,1888,0,393844.420,0.816,-0.212,-0.039,0.536,3065,0,0,0,0,240,0,151,20,0.031,96,0,16.505,2.868,2.940,16.240,-0.160,-0.281,-0.015,0.958,0.654,-2.792,-0.846,0.000,0.000,1.592,0.030,2,NULL,NULL,,1,0,1,7,255,,250,0,0
stim,1888,1888,0,393849.420,0.816,-0.212,-0.039,0.536,3081,0,0,0,0,245,0,143,20,0.031,96,0,16.494,2.868,2.880,16.240,-0.160,-0.282,-0.014,0.958,0.654,-2.792,-0.846,0.000,0.000,1.592,0.030,2,NULL,NULL,,1,0,1,7,255,,250,0,0
stim,1888,1888,0,393854.422,0.816,-0.212,-0.039,0.536,3051,0,0,0,0,236,0,151,20,0.031,96,0,16.495,2.863,2.880,16.240,-0.220,-0.282,-0.014,0.958,0.658,-2.786,-0.844,0.000,0.000,1.592,0.030,2,NULL,NULL,,1,0,1,7,255,,250,0,0
stim,1888,1888,0,393859.420,0.816,-0.212,-0.039,0.536,3047,0,0,0,0,240,0,139,20,0.031,96,0,16.553,2.863,2.880,16.300,-0.160,-0.282,-0.013,0.958,0.658,-2.786,-0.840,0.000,0.000,1.592,0.030,2,NULL,NULL,,1,0,1,7,255,,250,0,0
stim,1888,1888,0,393864.422,0.816,-0.212,-0.039,0.536,3045,0,0,0,0,235,0,139,20,0.031,96,0,16.483,2.863,2.820,16.240,-0.100,-0.281,-0.014,0.958,0.660,-2.786,-0.838,0.000,0.000,1.592,0.030,2,NULL,NULL,,1,0,1,7,255,,250,0,0
stim,1908,1908,0,393869.420,0.816,-0.212,-0.039,0.536,3045,0,0,0,0,235,0,141,20,0.031,96,0,16.542,2.863,2.820,16.300,-0.100,-0.282,-0.014,0.958,0.660,-2.786,-0.838,0.000,0.000,1.592,0.030,2,NULL,NULL,,1,0,1,7,255,,250,0,0
stim,1908,1908,0,393874.420,0.816,-0.212,-0.039,0.536,3045,0,0,0,0,240,0,140,20,0.031,96,0,16.522,2.869,2.700,16.300,-0.100,-0.281,-0.014,0.958,0.660,-2.792,-0.838,0.000,0.000,1.592,0.030,2,NULL,NULL,,1,0,1,7,255,,250,0,0
stim,1908,1908,0,393879.420,0.816,-0.212,-0.039,0.536,3078,0,0,0,0,245,0,139,20,0.031,96,0,16.533,2.871,2.760,16.300,-0.160,-0.281,-0.013,0.958,0.662,-2.794,-0.840,0.000,0.000,1.592,0.030,2,NULL,NULL,,1,0,1,7,255,,250,0,0
stim,1908,1908,0,393884.420,0.816,-0.212,-0.039,0.537,3045,0,0,0,0,236,0,140,20,0.031,96,0,16.542,2.871,2.820,16.300,-0.100,-0.281,-0.013,0.958,0.662,-2.794,-0.842,0.000,0.000,1.592,0.030,2,NULL,NULL,,1,0,1,7,255,,250,0,0
stim,1918,1918,0,393889.420,0.816,-0.212,-0.039,0.537,3043,0,0,0,0,240,0,139,20,0.031,96,0,16.473,2.868,2.760,16.240,-0.040,-0.281,-0.012,0.958,0.666,-2.790,-0.848,0.000,0.000,1.592,0.030,2,NULL,NULL,,1,0,1,7,255,,250,0,0
stim,1919,1919,0,393894.420,0.816,-0.212,-0.039,0.537,3044,0,0,0,0,243,0,139,20,0.031,96,0,16.532,2.862,2.760,16.300,-0.040,-0.282,-0.013,0.958,0.662,-2.784,-0.848,0.000,0.000,1.592,0.030,2,NULL,NULL,,1,0,1,7,255,,250,0,0
stim,1919,1919,0,393899.420,0.816,-0.212,-0.039,0.537,3049,0,0,0,0,246,0,151,20,0.031,96,0,16.532,2.861,2.760,16.300,0.020,-0.282,-0.013,0.958,0.660,-2.784,-0.842,0.000,0.000,1.592,0.030,2,NULL,NULL,,1,0,1,7,255,,250,0,0
stim,1919,1919,0,393904.420,0.816,-0.212,-0.039,0.537,3065,0,0,0,0,239,0,141,20,0.031,96,0,16.473,2.861,2.760,16.240,-0.100,-0.282,-0.013,0.958,0.660,-2.784,-0.836,0.000,0.000,1.592,0.030,2,NULL,NULL,,1,0,1,7,255,,250,0,0
stim,1952,1952,0,393909.420,0.816,-0.212,-0.039,0.537,3043,0,0,0,0,238,0,140,20,0.031,96,0,16.533,2.862,2.760,16.300,-0.160,-0.281,-0.012,0.958,0.664,-2.784,-0.836,0.000,0.000,1.592,0.030,2,NULL,NULL,,1,0,1,7,255,,250,0,0
stim,1952,1952,0,393914.422,0.816,-0.212,-0.039,0.537,3076,0,0,0,0,245,0,140,20,0.031,96,0,16.533,2.862,2.760,16.300,-0.160,-0.281,-0.014,0.958,0.664,-2.784,-0.838,0.000,0.000,1.592,0.030,2,NULL,NULL,,1,0,1,7,255,,250,0,0
stim,1967,1967,0,393919.420,0.816,-0.212,-0.039,0.537,3045,0,0,0,0,237,0,140,20,0.031,96,0,16.463,2.867,2.700,16.240,-0.100,-0.281,-0.013,0.958,0.660,-2.790,-0.846,0.000,0.000,1.592,0.030,2,NULL,NULL,,1,0,1,7,255,,250,0,0
stim,1967,1967,0,393924.420,0.816,-0.212,-0.039,0.537,3047,0,0,0,0,234,0,137,20,0.031,96,0,16.532,2.866,2.760,16.300,-0.040,-0.281,-0.014,0.957,0.656,-2.790,-0.848,0.000,0.000,1.592,0.030,2,NULL,NULL,,1,0,1,7,255,,250,0,0
stim,1983,1983,0,393929.421,0.816,-0.212,-0.039,0.537,3063,0,0,0,0,245,0,139,20,0.031,96,0,16.483,2.863,2.820,16.240,-0.100,-0.282,-0.013,0.958,0.658,-2.786,-0.848,0.000,0.000,1.592,0.030,2,NULL,NULL,,1,0,1,7,255,,250,0,0
stim,1983,1983,0,393934.420,0.816,-0.212,-0.039,0.537,3092,0,0,0,0,246,0,142,20,0.031,96,0,16.474,2.860,2.760,16.240,-0.160,-0.282,-0.013,0.958,0.656,-2.784,-0.844,0.000,0.000,1.592,0.030,2,NULL,NULL,,1,0,1,7,255,,250,0,0
stim,1983,1983,0,393939.420,0.816,-0.212,-0.039,0.537,3079,0,0,0,0,250,0,151,20,0.031,96,0,16.414,2.854,2.760,16.180,-0.100,-0.283,-0.013,0.958,0.656,-2.778,-0.842,0.000,0.000,1.592,0.030,2,NULL,NULL,,1,0,1,7,255,,250,0,0
stim,1983,1983,0,393944.420,0.816,-0.212,-0.039,0.537,3051,0,0,0,0,249,0,141,20,0.031,96,0,16.474,2.860,2.760,16.240,-0.160,-0.282,-0.014,0.958,0.656,-2.784,-0.838,0.000,0.000,1.592,0.030,2,NULL,NULL,,1,0,1,7,255,,250,0,0
stim,1983,1983,0,393949.420,0.816,-0.212,-0.039,0.537,3045,0,0,0,0,245,0,139,20,0.031,96,0,16.414,2.856,2.760,16.180,-0.160,-0.282,-0.012,0.958,0.656,-2.780,-0.834,0.000,0.000,1.592,0.030,2,NULL,NULL,,1,0,1,7,255,,250,0,0
stim,1983,1983,0,393954.421,0.816,-0.212,-0.039,0.537,3039,0,0,0,0,269,0,139,20,0.031,96,0,16.474,2.858,2.760,16.240,-0.220,-0.282,-0.012,0.958,0.662,-2.780,-0.838,0.000,0.000,1.592,0.030,2,NULL,NULL,,1,0,1,7,255,,250,0,0
stim,1983,1983,0,393959.420,0.816,-0.212,-0.039,0.537,3062,0,0,0,0,261,0,140,20,0.031,96,0,16.426,2.858,2.820,16.180,-0.280,-0.281,-0.013,0.959,0.662,-2.780,-0.832,0.000,0.000,1.592,0.030,2,NULL,NULL,,1,0,1,7,255,,250,0,0
stim,1983,1983,0,393964.422,0.816,-0.212,-0.039,0.537,3043,0,0,0,0,254,0,139,20,0.031,96,0,16.475,2.858,2.760,16.240,-0.280,-0.282,-0.012,0.958,0.662,-2.780,-0.840,0.000,0.000,1.592,0.030,2,NULL,NULL,,1,0,1,7,255,,250,0,0
stim,1999,1999,0,393969.420,0.816,-0.212,-0.039,0.537,3060,0,0,0,0,252,0,144,20,0.031,96,0,16.475,2.867,2.760,16.240,-0.280,-0.281,-0.012,0.958,0.662,-2.790,-0.840,0.000,0.000,1.592,0.030,2,NULL,NULL,,1,0,1,7,255,,250,0,0
stim,1999,1999,0,393974.420,0.816,-0.212,-0.039,0.537,3045,0,0,0,0,251,0,139,20,0.031,96,0,16.455,2.868,2.640,16.240,-0.220,-0.281,-0.012,0.958,0.666,-2.790,-0.840,0.000,0.000,1.592,0.030,2,NULL,NULL,,1,0,1,7,255,,250,0,0
stim,1999,1999,0,393979.420,0.816,-0.212,-0.039,0.537,3045,0,0,0,0,253,0,141,20,0.031,96,0,16.524,2.868,2.700,16.300,-0.220,-0.281,-0.013,0.958,0.666,-2.790,-0.840,0.000,0.000,1.592,0.030,2,NULL,NULL,,1,0,1,7,255,,250,0,0
stim,1999,1999,0,393984.420,0.816,-0.212,-0.039,0.537,3089,0,0,0,0,253,0,141,20,0.031,96,0,16.515,2.867,2.640,16.300,-0.280,-0.281,-0.013,0.958,0.658,-2.790,-0.840,0.000,0.000,1.592,0.030,2,NULL,NULL,,1,0,1,7,255,,250,0,0
stim,2015,2015,0,393989.420,0.816,-0.212,-0.039,0.537,3051,0,0,0,0,253,0,143,20,0.031,96,0,16.515,2.870,2.640,16.300,-0.280,-0.281,-0.014,0.959,0.654,-2.794,-0.840,0.000,0.000,1.592,0.030,2,NULL,NULL,,1,0,1,7,255,,250,0,0
stim,2015,2015,0,393994.420,0.816,-0.212,-0.039,0.537,3044,0,0,0,0,251,0,140,20,0.031,96,0,16.514,2.866,2.640,16.300,-0.220,-0.281,-0.013,0.958,0.654,-2.790,-0.846,0.000,0.000,1.592,0.030,2,NULL,NULL,,1,0,1,7,255,,250,0,0
stim,2047,2047,0,393999.420,0.816,-0.212,-0.039,0.537,3043,0,0,0,0,252,0,139,20,0.031,96,0,16.514,2.865,2.640,16.300,-0.220,-0.283,-0.013,0.958,0.650,-2.790,-0.838,0.000,0.000,1.592,0.030,2,NULL,NULL,,1,0,1,7,255,,250,0,0
stim,2047,2047,0,394004.420,0.816,-0.212,-0.039,0.537,3095,0,0,0,0,253,0,143,20,0.031,96,0,16.514,2.860,2.640,16.300,-0.220,-0.282,-0.013,0.958,0.654,-2.784,-0.840,0.000,0.000,1.592,0.030,2,NULL,NULL,,1,0,1,7,255,,250,0,0
stim,2063,2063,0,394009.420,0.816,-0.212,-0.039,0.537,3087,0,0,0,0,255,0,141,20,0.031,96,0,16.513,2.859,2.640,16.300,-0.160,-0.282,-0.013,0.958,0.652,-2.784,-0.838,0.000,0.000,1.592,0.030,2,NULL,NULL,,1,0,1,7,255,,250,0,0
stim,2063,2063,0,394014.422,0.816,-0.212,-0.039,0.537,3053,0,0,0,0,255,0,143,20,0.031,96,0,16.515,2.859,2.640,16.300,-0.280,-0.283,-0.013,0.958,0.652,-2.784,-0.836,0.000,0.000,1.592,0.030,2,NULL,NULL,,1,0,1,7,255,,250,0,0
stim,2086,2086,0,394019.420,0.816,-0.212,-0.039,0.537,3044,0,0,0,0,249,0,138,20,0.031,96,0,16.574,2.857,2.640,16.360,-0.280,-0.281,-0.012,0.958,0.652,-2.782,-0.836,0.000,0.000,1.592,0.030,2,NULL,NULL,,1,0,1,7,255,,250,0,0
stim,2086,2086,0,394024.420,0.816,-0.212,-0.039,0.537,3045,0,0,0,0,247,0,137,20,0.031,96,0,16.516,2.859,2.640,16.300,-0.340,-0.282,-0.013,0.959,0.658,-2.782,-0.834,0.000,0.000,1.592,0.030,2,NULL,NULL,,1,0,1,7,255,,250,0,0
stim,2092,2092,0,394029.420,0.815,-0.212,-0.039,0.537,3058,0,0,0,0,251,0,141,20,0.031,96,0,16.517,2.859,2.640,16.300,-0.400,-0.283,-0.012,0.958,0.658,-2.782,-0.834,0.000,0.000,1.592,0.030,2,NULL,NULL,,1,0,1,7,255,,250,0,0
stim,2092,2092,0,394034.420,0.815,-0.212,-0.039,0.537,3079,0,0,0,0,250,0,147,20,0.031,96,0,16.576,2.862,2.640,16.360,-0.400,-0.282,-0.013,0.958,0.654,-2.786,-0.834,0.000,0.000,1.592,0.030,2,NULL,NULL,,1,0,1,7,255,,250,0,0
stim,2092,2092,0,394039.420,0.815,-0.212,-0.039,0.537,3047,0,0,0,0,251,0,143,20,0.031,96,0,16.527,2.861,2.700,16.300,-0.400,-0.281,-0.014,0.959,0.650,-2.786,-0.836,0.000,0.000,1.592,0.030,2,NULL,NULL,,1,0,1,7,255,,250,0,0
stim,2092,2092,0,394044.420,0.815,-0.212,-0.039,0.537,3056,0,0,0,0,251,0,140,20,0.031,96,0,16.517,2.865,2.640,16.300,-0.400,-0.281,-0.013,0.958,0.650,-2.790,-0.840,0.000,0.000,1.592,0.030,2,NULL,NULL,,1,0,1,7,255,,250,0,0
stim,2092,2092,0,394049.420,0.815,-0.212,-0.039,0.537,3077,0,0,0,0,252,0,146,20,0.031,96,0,16.586,2.877,2.700,16.360,-0.400,-0.280,-0.014,0.958,0.652,-2.802,-0.842,0.000,0.000,1.592,0.030,2,NULL,NULL,,1,0,1,7,255,,250,0,0
stim,2092,2092,0,394054.422,0.815,-0.212,-0.039,0.537,3075,0,0,0,0,251,0,145,20,0.031,96,0,16.529,2.865,2.700,16.300,-0.460,-0.281,-0.013,0.958,0.652,-2.790,-0.844,0.000,0.000,1.592,0.030,2,NULL,NULL,,1,0,1,7,255,,250,0,0
stim,2092,2092,0,394059.420,0.815,-0.212,-0.039,0.537,3043,0,0,0,0,251,0,139,20,0.031,96,0,16.567,2.867,2.580,16.360,-0.400,-0.281,-0.012,0.958,0.658,-2.790,-0.844,0.000,0.000,1.592,0.030,2,NULL,NULL,,1,0,1,7,255,,250,0,0
stim,2092,2092,0,394064.421,0.815,-0.212,-0.039,0.537,3079,0,0,0,0,250,0,147,20,0.031,96,0,16.576,2.865,2.640,16.360,-0.400,-0.282,-0.013,0.957,0.658,-2.788,-0.844,0.000,0.000,1.592,0.030,2,NULL,NULL,,1,0,1,7,255,,250,0,0
stim,2092,2092,0,394069.421,0.815,-0.212,-0.039,0.537,3038,0,0,0,0,249,0,138,20,0.031,96,0,16.576,2.863,2.640,16.360,-0.400,-0.281,-0.013,0.958,0.652,-2.788,-0.848,0.000,0.000,1.592,0.030,2,NULL,NULL,,1,0,1,7,255,,250,0,0
stim,2092,2092,0,394074.420,0.815,-0.212,-0.039,0.537,2984,0,0,0,0,247,0,142,20,0.031,96,0,16.576,2.867,2.640,16.360,-0.400,-0.281,-0.013,0.958,0.650,-2.792,-0.848,0.000,0.000,1.592,0.030,2,NULL,NULL,,1,0,1,7,255,,250,0,0
stim,2111,2111,0,394079.420,0.815,-0.213,-0.039,0.537,3078,0,0,0,0,254,0,147,20,0.031,96,0,16.575,2.867,2.640,16.360,-0.340,-0.281,-0.013,0.958,0.650,-2.792,-0.848,0.000,0.000,1.592,0.030,2,NULL,NULL,,1,0,1,7,255,,250,0,0
stim,2111,2111,0,394084.420,0.815,-0.213,-0.039,0.537,3087,0,0,0,0,249,0,143,20,0.031,96,0,16.566,2.865,2.580,16.360,-0.340,-0.282,-0.013,0.957,0.650,-2.790,-0.848,0.000,0.000,1.592,0.030,2,NULL,NULL,,1,0,1,7,255,,250,0,0
stim,2111,2111,0,394089.420,0.815,-0.213,-0.039,0.537,3043,0,0,0,0,251,0,139,20,0.031,96,0,16.576,2.857,2.640,16.360,-0.400,-0.283,-0.012,0.958,0.650,-2.782,-0.842,0.000,0.000,1.592,0.030,2,NULL,NULL,,1,0,1,7,255,,250,0,0
stim,2111,2111,0,394094.421,0.815,-0.213,-0.039,0.537,3081,0,0,0,0,250,0,143,20,0.031,96,0,16.578,2.857,2.640,16.360,-0.460,-0.281,-0.013,0.958,0.652,-2.782,-0.838,0.000,0.000,1.592,0.030,2,NULL,NULL,,1,0,1,7,255,,250,0,0
stim,2143,2143,0,394099.422,0.815,-0.213,-0.039,0.537,3051,0,0,0,0,251,0,139,20,0.031,96,0,16.646,2.865,2.580,16.440,-0.400,-0.281,-0.013,0.958,0.652,-2.790,-0.838,0.000,0.000,1.592,0.030,2,NULL,NULL,,1,0,1,7,255,,250,0,0
stim,2143,2143,0,394104.420,0.815,-0.213,-0.039,0.537,3060,0,0,0,0,247,0,151,20,0.031,96,0,16.576,2.866,2.640,16.360,-0.400,-0.282,-0.012,0.959,0.654,-2.790,-0.838,0.000,0.000,1.592,0.030,2,NULL,NULL,,1,0,1,7,255,,250,0,0
stim,2176,2176,0,394109.420,0.815,-0.213,-0.039,0.537,3051,0,0,0,0,249,0,143,20,0.031,96,0,16.588,2.860,2.700,16.360,-0.460,-0.282,-0.011,0.958,0.656,-2.784,-0.838,0.000,0.000,1.592,0.030,2,NULL,NULL,,1,0,1,7,255,,250,0,0
stim,2176,2176,0,394114.424,0.815,-0.213,-0.039,0.537,3059,0,0,0,0,246,0,149,20,0.031,96,0,16.570,2.861,2.580,16.360,-0.520,-0.281,-0.013,0.960,0.660,-2.784,-0.828,0.000,0.000,1.592,0.030,2,NULL,NULL,,1,0,1,7,255,,250,0,0
stim,2176,2176,0,394119.420,0.815,-0.213,-0.039,0.537,3045,0,0,0,0,248,0,139,20,0.031,96,0,16.569,2.865,2.580,16.360,-0.460,-0.282,-0.014,0.958,0.660,-2.788,-0.832,0.000,0.000,1.592,0.030,2,NULL,NULL,,1,0,1,7,255,,250,0,0
stim,2176,2176,0,394124.420,0.815,-0.213,-0.038,0.537,3045,0,0,0,0,247,0,139,20,0.031,96,0,16.567,2.867,2.580,16.360,-0.400,-0.281,-0.013,0.958,0.650,-2.792,-0.832,0.000,0.000,1.592,0.030,2,NULL,NULL,,1,0,1,7,255,,250,0,0
stim,2178,2178,0,394129.420,0.815,-0.213,-0.038,0.537,3061,0,0,0,0,249,0,139,20,0.031,96,0,16.575,2.866,2.640,16.360,-0.340,-0.280,-0.014,0.957,0.648,-2.792,-0.848,0.000,0.000,1.592,0.030,2,NULL,NULL,,1,0,1,7,255,,250,0,0
stim,2178,2178,0,394134.420,0.815,-0.213,-0.038,0.537,3048,0,0,0,0,247,0,153,20,0.031,96,0,16.584,2.866,2.700,16.360,-0.280,-0.281,-0.013,0.957,0.648,-2.792,-0.852,0.000,0.000,1.592,0.030,2,NULL,NULL,,1,0,1,7,255,,250,0,0
stim,2179,2179,0,394139.420,0.815,-0.213,-0.038,0.537,3040,0,0,0,0,247,0,145,20,0.031,96,0,16.516,2.864,2.640,16.300,-0.340,-0.282,-0.014,0.958,0.648,-2.790,-0.852,0.000,0.000,1.592,0.030,2,NULL,NULL,,1,0,1,7,255,,250,0,0
stim,2179,2179,0,394144.420,0.815,-0.213,-0.038,0.537,3043,0,0,0,0,246,0,137,20,0.031,96,0,16.585,2.860,2.700,16.360,-0.340,-0.283,-0.012,0.958,0.648,-2.786,-0.836,0.000,0.000,1.592,0.030,2,NULL,NULL,,1,0,1,7,255,,250,0,0
stim,2180,2180,0,394149.420,0.815,-0.213,-0.038,0.537,3079,0,0,0,0,247,0,143,20,0.031,96,0,16.574,2.861,2.640,16.360,-0.280,-0.281,-0.013,0.958,0.650,-2.786,-0.836,0.000,0.000,1.592,0.030,2,NULL,NULL,,1,0,1,7,255,,250,0,0
stim,2180,2180,0,394154.421,0.815,-0.213,-0.038,0.537,3044,0,0,0,0,251,0,141,20,0.031,96,0,16.526,2.861,2.700,16.300,-0.340,-0.282,-0.013,0.958,0.650,-2.786,-0.840,0.000,0.000,1.592,0.030,2,NULL,NULL,,1,0,1,7,255,,250,0,0
stim,2191,2191,0,394159.420,0.815,-0.213,-0.038,0.537,3040,0,0,0,0,243,0,148,20,0.031,96,0,16.585,2.865,2.700,16.360,-0.340,-0.281,-0.013,0.958,0.652,-2.790,-0.840,0.000,0.000,1.592,0.030,2,NULL,NULL,,1,0,1,7,255,,250,0,0
stim,2191,2191,0,394164.422,0.815,-0.213,-0.038,0.537,3043,0,0,0,0,246,0,136,20,0.031,96,0,16.545,2.865,2.820,16.300,-0.280,-0.282,-0.014,0.958,0.650,-2.790,-0.838,0.000,0.000,1.592,0.030,2,NULL,NULL,,1,0,1,7,255,,250,0,0
stim,2191,2191,0,394169.420,0.815,-0.213,-0.038,0.537,3043,0,0,0,0,246,0,139,20,0.031,96,0,16.533,2.864,2.760,16.300,-0.220,-0.281,-0.013,0.957,0.648,-2.790,-0.838,0.000,0.000,1.592,0.030,2,NULL,NULL,,1,0,1,7,255,,250,0,0
stim,2207,2207,0,394174.420,0.815,-0.213,-0.038,0.537,3093,0,0,0,0,247,0,138,20,0.031,96,0,16.583,2.860,2.700,16.360,-0.220,-0.282,-0.014,0.958,0.638,-2.788,-0.844,0.000,0.000,1.592,0.030,2,NULL,NULL,,1,0,1,7,255,,250,0,0
stim,2207,2207,0,394179.420,0.815,-0.213,-0.038,0.537,3068,0,0,0,0,247,0,141,20,0.031,96,0,16.534,2.862,2.760,16.300,-0.280,-0.282,-0.013,0.959,0.648,-2.788,-0.844,0.000,0.000,1.592,0.030,2,NULL,NULL,,1,0,1,7,255,,250,0,0
stim,2207,2207,0,394184.422,0.815,-0.213,-0.038,0.537,3077,0,0,0,0,253,0,143,20,0.031,96,0,16.533,2.860,2.760,16.300,-0.220,-0.282,-0.014,0.958,0.638,-2.788,-0.840,0.000,0.000,1.592,0.030,2,NULL,NULL,,1,0,1,7,255,,250,0,0
stim,2223,2223,0,394189.422,0.815,-0.213,-0.038,0.537,3051,0,0,0,0,247,0,136,20,0.031,96,0,16.464,2.867,2.700,16.240,-0.160,-0.282,-0.013,0.959,0.650,-2.792,-0.830,0.000,0.000,1.592,0.030,2,NULL,NULL,,1,0,1,7,255,,250,0,0
stim,2223,2223,0,394194.420,0.815,-0.213,-0.038,0.538,3045,0,0,0,0,243,0,141,20,0.031,96,0,16.474,2.859,2.760,16.240,-0.160,-0.282,-0.013,0.958,0.642,-2.786,-0.840,0.000,0.000,1.592,0.030,2,NULL,NULL,,1,0,1,7,255,,250,0,0
stim,2223,2223,0,394199.420,0.815,-0.213,-0.038,0.538,3049,0,0,0,0,247,0,143,20,0.031,96,0,16.533,2.859,2.760,16.300,-0.160,-0.283,-0.013,0.958,0.642,-2.786,-0.834,0.000,0.000,1.592,0.030,2,NULL,NULL,,1,0,1,7,255,,250,0,0
stim,2223,2223,0,394204.420,0.815,-0.213,-0.038,0.538,3077,0,0,0,0,247,0,139,20,0.031,96,0,16.533,2.859,2.760,16.300,-0.220,-0.283,-0.013,0.959,0.640,-2.786,-0.834,0.000,0.000,1.592,0.030,2,NULL,NULL,,1,0,1,7,255,,250,0,0
stim,2255,2255,0,394209.420,0.815,-0.213,-0.038,0.538,3045,0,0,0,0,247,0,139,20,0.031,96,0,16.484,2.855,2.820,16.240,-0.220,-0.281,-0.011,0.958,0.640,-2.782,-0.834,0.000,0.000,1.592,0.030,2,NULL,NULL,,1,0,1,7,255,,250,0,0
stim,2255,2255,0,394214.424,0.815,-0.213,-0.038,0.538,3045,0,0,0,0,253,0,142,20,0.031,96,0,16.534,2.863,2.760,16.300,-0.280,-0.281,-0.011,0.959,0.660,-2.786,-0.834,0.000,0.000,1.592,0.030,2,NULL,NULL,,1,0,1,7,255,,250,0,0
stim,2276,2276,0,394219.420,0.815,-0.213,-0.038,0.538,3044,0,0,0,0,253,0,139,20,0.031,96,0,16.534,2.865,2.760,16.300,-0.280,-0.282,-0.012,0.960,0.660,-2.788,-0.834,0.000,0.000,1.592,0.030,2,NULL,NULL,,1,0,1,7,255,,250,0,0
stim,2276,2276,0,394224.420,0.815,-0.213,-0.038,0.538,3045,0,0,0,0,255,0,139,20,0.031,96,0,16.465,2.865,2.700,16.240,-0.280,-0.281,-0.013,0.958,0.652,-2.790,-0.834,0.000,0.000,1.592,0.030,2,NULL,NULL,,1,0,1,7,255,,250,0,0
stim,2276,2276,0,394229.420,0.815,-0.213,-0.038,0.538,3047,0,0,0,0,263,0,140,20,0.031,96,0,16.464,2.867,2.700,16.240,-0.220,-0.280,-0.012,0.959,0.652,-2.792,-0.838,0.000,0.000,1.592,0.030,2,NULL,NULL,,1,0,1,7,255,,250,0,0
stim,2276,2276,0,394234.420,0.815,-0.213,-0.038,0.538,3051,0,0,0,0,262,0,141,20,0.031,96,0,16.474,2.867,2.760,16.240,-0.220,-0.282,-0.012,0.958,0.650,-2.792,-0.838,0.000,0.000,1.592,0.030,2,NULL,NULL,,1,0,1,7,255,,250,0,0
stim,2278,2278,0,394239.420,0.815,-0.213,-0.038,0.538,3049,0,0,0,0,261,0,145,20,0.031,96,0,16.533,2.869,2.760,16.300,-0.220,-0.281,-0.013,0.958,0.650,-2.794,-0.838,0.000,0.000,1.592,0.030,2,NULL,NULL,,1,0,1,7,255,,250,0,0
stim,2278,2278,0,394244.420,0.815,-0.213,-0.038,0.538,3079,0,0,0,0,251,0,141,20,0.031,96,0,16.464,2.868,2.700,16.240,-0.160,-0.281,-0.013,0.958,0.648,-2.794,-0.840,0.000,0.000,1.592,0.030,2,NULL,NULL,,1,0,1,7,255,,250,0,0
stim,2278,2278,0,394249.420,0.815,-0.213,-0.038,0.538,3043,0,0,0,0,245,0,140,20,0.031,96,0,16.474,2.868,2.760,16.240,-0.160,-0.281,-0.012,0.958,0.648,-2.794,-0.848,0.000,0.000,1.592,0.030,2,NULL,NULL,,1,0,1,7,255,,250,0,0
stim,2278,2278,0,394254.422,0.815,-0.213,-0.038,0.538,3045,0,0,0,0,244,0,141,20,0.031,96,0,16.474,2.864,2.760,16.240,-0.160,-0.281,-0.013,0.958,0.648,-2.790,-0.846,0.000,0.000,1.592,0.030,2,NULL,NULL,,1,0,1,7,255,,250,0,0
stim,2279,2279,0,394259.420,0.815,-0.213,-0.038,0.538,3087,0,0,0,0,248,0,144,20,0.031,96,0,16.474,2.862,2.760,16.240,-0.160,-0.281,-0.014,0.958,0.640,-2.790,-0.846,0.000,0.000,1.592,0.030,2,NULL,NULL,,1,0,1,7,255,,250,0,0
stim,2279,2279,0,394264.421,0.815,-0.213,-0.038,0.538,3043,0,0,0,0,249,0,139,20,0.031,96,0,16.473,2.862,2.760,16.240,-0.100,-0.282,-0.012,0.957,0.640,-2.790,-0.846,0.000,0.000,1.592,0.030,2,NULL,NULL,,1,0,1,7,255,,250,0,0
stim,2310,2310,0,394269.422,0.815,-0.213,-0.038,0.538,3075,0,0,0,0,243,0,147,20,0.031,96,0,16.513,2.856,2.640,16.300,-0.160,-0.282,-0.012,0.958,0.644,-2.782,-0.844,0.000,0.000,1.592,0.030,2,NULL,NULL,,1,0,1,7,255,,250,0,0
stim,2310,2310,0,394274.420,0.815,-0.213,-0.038,0.538,3044,0,0,0,0,247,0,139,20,0.031,96,0,16.524,2.856,2.700,16.300,-0.220,-0.282,-0.012,0.958,0.644,-2.782,-0.842,0.000,0.000,1.592,0.030,2,NULL,NULL,,1,0,1,7,255,,250,0,0
stim,2310,2310,0,394279.420,0.815,-0.213,-0.038,0.538,3045,0,0,0,0,237,0,140,20,0.031,96,0,16.524,2.856,2.700,16.300,-0.220,-0.282,-0.012,0.958,0.644,-2.782,-0.836,0.000,0.000,1.592,0.030,2,NULL,NULL,,1,0,1,7,255,,250,0,0
stim,2310,2310,0,394284.420,0.815,-0.213,-0.038,0.538,3046,0,0,0,0,244,0,138,20,0.031,96,0,16.533,2.856,2.760,16.300,-0.220,-0.282,-0.012,0.959,0.648,-2.782,-0.832,0.000,0.000,1.592,0.030,2,NULL,NULL,,1,0,1,7,255,,250,0,0
stim,2310,2310,0,394289.420,0.815,-0.213,-0.038,0.538,3067,0,0,0,0,251,0,148,20,0.031,96,0,16.533,2.856,2.760,16.300,-0.160,-0.282,-0.012,0.958,0.648,-2.782,-0.832,0.000,0.000,1.592,0.030,2,NULL,NULL,,1,0,1,7,255,,250,0,0
stim,2310,2310,0,394294.420,0.815,-0.213,-0.038,0.538,3044,0,0,0,0,235,0,140,20,0.031,96,0,16.524,2.858,2.700,16.300,-0.220,-0.282,-0.013,0.958,0.648,-2.784,-0.832,0.000,0.000,1.592,0.030,2,NULL,NULL,,1,0,1,7,255,,250,0,0
stim,2352,2352,0,394299.420,0.815,-0.213,-0.038,0.538,3043,0,0,0,0,231,0,141,20,0.031,96,0,16.516,2.856,2.640,16.300,-0.340,-0.282,-0.011,0.959,0.648,-2.782,-0.832,0.000,0.000,1.592,0.030,2,NULL,NULL,,1,0,1,7,255,,250,0,0
stim,2352,2352,0,394304.420,0.815,-0.213,-0.038,0.538,3067,0,0,0,0,233,0,144,20,0.031,96,0,16.586,2.858,2.700,16.360,-0.400,-0.281,-0.010,0.958,0.654,-2.782,-0.836,0.000,0.000,1.592,0.030,2,NULL,NULL,,1,0,1,7,255,,250,0,0
stim,2383,2383,0,394309.420,0.815,-0.213,-0.038,0.538,3045,0,0,0,0,239,0,151,20,0.031,96,0,16.574,2.858,2.640,16.360,-0.280,-0.280,-0.012,0.958,0.654,-2.782,-0.836,0.000,0.000,1.592,0.030,2,NULL,NULL,,1,0,1,7,255,,250,0,0
stim,2383,2383,0,394314.423,0.815,-0.213,-0.038,0.538,3071,0,0,0,0,247,0,141,20,0.031,96,0,16.465,2.871,2.700,16.240,-0.280,-0.281,-0.014,0.958,0.650,-2.796,-0.838,0.000,0.000,1.592,0.030,2,NULL,NULL,,1,0,1,7,255,,250,0,0
stim,2399,2399,0,394319.420,0.815,-0.213,-0.038,0.538,3037,0,0,0,0,251,0,142,20,0.031,96,0,16.524,2.869,2.700,16.300,-0.280,-0.282,-0.012,0.958,0.644,-2.796,-0.838,0.000,0.000,1.592,0.030,2,NULL,NULL,,1,0,1,7,255,,250,0,0
stim,2399,2399,0,394324.420,0.815,-0.213,-0.038,0.538,3079,0,0,0,0,249,0,151,20,0.031,96,0,16.526,2.861,2.700,16.300,-0.340,-0.281,-0.012,0.957,0.644,-2.788,-0.838,0.000,0.000,1.592,0.030,2,NULL,NULL,,1,0,1,7,255,,250,0,0
stim,2399,2399,0,394329.420,0.815,-0.213,-0.038,0.538,3065,0,0,0,0,259,0,145,20,0.031,96,0,16.586,2.861,2.700,16.360,-0.400,-0.281,-0.012,0.958,0.644,-2.788,-0.840,0.000,0.000,1.592,0.030,2,NULL,NULL,,1,0,1,7,255,,250,0,0
stim,2399,2399,0,394334.420,0.815,-0.213,-0.038,0.538,3050,0,0,0,0,252,0,138,20,0.031,96,0,16.517,2.863,2.640,16.300,-0.400,-0.281,-0.012,0.959,0.644,-2.790,-0.840,0.000,0.000,1.592,0.030,2,NULL,NULL,,1,0,1,7,255,,250,0,0
stim,2399,2399,0,394339.420,0.815,-0.213,-0.038,0.538,3059,0,0,0,0,264,0,141,20,0.031,96,0,16.527,2.863,2.700,16.300,-0.400,-0.281,-0.012,0.958,0.644,-2.790,-0.840,0.000,0.000,1.592,0.030,2,NULL,NULL,,1,0,1,7,255,,250,0,0
stim,2399,2399,0,394344.420,0.815,-0.213,-0.038,0.538,3049,0,0,0,0,249,0,141,20,0.031,96,0,16.527,2.870,2.700,16.300,-0.400,-0.280,-0.012,0.957,0.648,-2.796,-0.848,0.000,0.000,1.592,0.030,2,NULL,NULL,,1,0,1,7,255,,250,0,0
stim,2399,2399,0,394349.420,0.815,-0.213,-0.038,0.538,3047,0,0,0,0,253,0,140,20,0.031,96,0,16.517,2.863,2.640,16.300,-0.400,-0.282,-0.012,0.958,0.644,-2.790,-0.848,0.000,0.000,1.592,0.030,2,NULL,NULL,,1,0,1,7,255,,250,0,0
stim,2399,2399,0,394354.422,0.815,-0.213,-0.038,0.538,3089,0,0,0,0,249,0,145,20,0.031,96,0,16.586,2.870,2.700,16.360,-0.400,-0.281,-0.012,0.959,0.648,-2.796,-0.836,0.000,0.000,1.592,0.030,2,NULL,NULL,,1,0,1,7,255,,250,0,0
stim,2399,2399,0,394359.420,0.815,-0.213,-0.038,0.538,3047,0,0,0,0,251,0,139,20,0.031,96,0,16.576,2.861,2.640,16.360,-0.400,-0.282,-0.012,0.957,0.642,-2.788,-0.836,0.000,0.000,1.592,0.030,2,NULL,NULL,,1,0,1,7,255,,250,0,0
stim,2399,2399,0,394364.421,0.815,-0.213,-0.038,0.538,3045,0,0,0,0,244,0,141,20,0.031,96,0,16.517,2.856,2.640,16.300,-0.400,-0.282,-0.011,0.958,0.648,-2.782,-0.838,0.000,0.000,1.592,0.030,2,NULL,NULL,,1,0,1,7,255,,250,0,0
stim,2415,2415,0,394369.422,0.815,-0.213,-0.038,0.538,3045,0,0,0,0,246,0,141,20,0.031,96,0,16.508,2.856,2.580,16.300,-0.400,-0.281,-0.012,0.958,0.646,-2.782,-0.840,0.000,0.000,1.592,0.030,2,NULL,NULL,,1,0,1,7,255,,250,0,0
stim,2415,2415,0,394374.420,0.815,-0.213,-0.038,0.538,3053,0,0,0,0,247,0,139,20,0.031,96,0,16.558,2.865,2.520,16.360,-0.400,-0.281,-0.011,0.959,0.650,-2.790,-0.838,0.000,0.000,1.592,0.030,2,NULL,NULL,,1,0,1,7,255,,250,0,0
stim,2415,2415,0,394379.420,0.815,-0.213,-0.038,0.538,3053,0,0,0,0,247,0,139,20,0.031,96,0,16.570,2.864,2.580,16.360,-0.520,-0.282,-0.012,0.958,0.646,-2.790,-0.834,0.000,0.000,1.592,0.030,2,NULL,NULL,,1,0,1,7,255,,250,0,0
stim,2415,2415,0,394384.420,0.815,-0.213,-0.038,0.538,3043,0,0,0,0,248,0,139,20,0.031,96,0,16.570,2.864,2.580,16.360,-0.520,-0.282,-0.012,0.959,0.646,-2.790,-0.832,0.000,0.000,1.592,0.030,2,NULL,NULL,,1,0,1,7,255,,250,0,0
stim,2415,2415,0,394389.420,0.815,-0.213,-0.038,0.538,3079,0,0,0,0,247,0,139,20,0.031,96,0,16.559,2.863,2.520,16.360,-0.460,-0.281,-0.013,0.958,0.642,-2.790,-0.834,0.000,0.000,1.592,0.030,2,NULL,NULL,,1,0,1,7,255,,250,0,0
stim,2415,2415,0,394394.420,0.815,-0.213,-0.038,0.538,3079,0,0,0,0,248,0,145,20,0.031,96,0,16.561,2.864,2.520,16.360,-0.520,-0.281,-0.013,0.958,0.638,-2.792,-0.840,0.000,0.000,1.592,0.030,2,NULL,NULL,,1,0,1,7,255,,250,0,0
stim,2463,2463,0,394399.420,0.815,-0.213,-0.038,0.538,3087,0,0,0,0,250,0,147,20,0.031,96,0,16.638,2.864,2.520,16.440,-0.460,-0.281,-0.012,0.958,0.638,-2.792,-0.840,0.000,0.000,1.592,0.030,2,NULL,NULL,,1,0,1,7,255,,250,0,0
stim,2463,2463,0,394404.420,0.815,-0.213,-0.038,0.538,3043,0,0,0,0,249,0,141,20,0.031,96,0,16.570,2.864,2.580,16.360,-0.520,-0.283,-0.013,0.958,0.638,-2.792,-0.836,0.000,0.000,1.592,0.030,2,NULL,NULL,,1,0,1,7,255,,250,0,0
stim,2479,2479,0,394409.420,0.815,-0.213,-0.038,0.538,3089,0,0,0,0,245,0,151,20,0.031,96,0,16.563,2.858,2.520,16.360,-0.580,-0.282,-0.011,0.958,0.644,-2.784,-0.836,0.000,0.000,1.592,0.030,2,NULL,NULL,,1,0,1,7,255,,250,0,0
stim,2479,2479,0,394414.423,0.815,-0.213,-0.038,0.538,3055,0,0,0,0,247,0,151,20,0.031,96,0,16.563,2.856,2.520,16.360,-0.580,-0.282,-0.013,0.958,0.636,-2.784,-0.838,0.000,0.000,1.592,0.030,2,NULL,NULL,,1,0,1,7,255,,250,0,0
stim,2479,2479,0,394419.420,0.815,-0.213,-0.038,0.538,3045,0,0,0,0,239,0,141,20,0.031,96,0,16.565,2.860,2.520,16.360,-0.640,-0.281,-0.014,0.958,0.636,-2.788,-0.838,0.000,0.000,1.592,0.030,2,NULL,NULL,,1,0,1,7,255,,250,0,0
stim,2479,2479,0,394424.420,0.815,-0.213,-0.038,0.538,3045,0,0,0,0,243,0,141,20,0.031,96,0,16.565,2.865,2.520,16.360,-0.640,-0.281,-0.012,0.958,0.636,-2.794,-0.840,0.000,0.000,1.592,0.030,2,NULL,NULL,,1,0,1,7,255,,250,0,0
stim,2479,2479,0,394429.420,0.815,-0.213,-0.038,0.538,3079,0,0,0,0,247,0,145,20,0.031,96,0,16.563,2.870,2.520,16.360,-0.580,-0.281,-0.013,0.958,0.640,-2.798,-0.840,0.000,0.000,1.592,0.030,2,NULL,NULL,,1,0,1,7,255,,250,0,0
stim,2479,2479,0,394434.420,0.815,-0.213,-0.038,0.538,3095,0,0,0,0,249,0,142,20,0.031,96,0,16.556,2.867,2.460,16.360,-0.640,-0.281,-0.012,0.958,0.642,-2.794,-0.840,0.000,0.000,1.592,0.030,2,NULL,NULL,,1,0,1,7,255,,250,0,0
stim,2479,2479,0,394439.420,0.814,-0.213,-0.038,0.538,3063,0,0,0,0,249,0,140,20,0.031,96,0,16.654,2.869,2.580,16.440,-0.640,-0.280,-0.012,0.958,0.642,-2.796,-0.840,0.000,0.000,1.592,0.030,2,NULL,NULL,,1,0,1,7,255,,250,0,0
stim,2479,2479,0,394444.420,0.814,-0.213,-0.038,0.538,3047,0,0,0,0,245,0,139,20,0.031,96,0,16.563,2.869,2.520,16.360,-0.580,-0.281,-0.013,0.958,0.642,-2.796,-0.840,0.000,0.000,1.592,0.030,2,NULL,NULL,,1,0,1,7,255,,250,0,0
stim,2482,2482,0,394449.420,0.814,-0.213,-0.038,0.538,3043,0,0,0,0,245,0,139,20,0.031,96,0,16.552,2.869,2.460,16.360,-0.520,-0.281,-0.012,0.958,0.644,-2.796,-0.844,0.000,0.000,1.592,0.030,2,NULL,NULL,,1,0,1,7,255,,250,0,0
stim,2482,2482,0,394454.422,0.814,-0.213,-0.038,0.538,3067,0,0,0,0,248,0,139,20,0.031,96,0,16.640,2.868,2.520,16.440,-0.520,-0.281,-0.013,0.958,0.640,-2.796,-0.844,0.000,0.000,1.592,0.030,2,NULL,NULL,,1,0,1,7,255,,250,0,0
stim,2495,2495,0,394459.420,0.814,-0.213,-0.038,0.538,3045,0,0,0,0,252,0,147,20,0.031,96,0,16.649,2.869,2.580,16.440,-0.520,-0.280,-0.013,0.958,0.642,-2.796,-0.844,0.000,0.000,1.592,0.030,2,NULL,NULL,,1,0,1,7,255,,250,0,0
stim,2495,2495,0,394464.421,0.814,-0.213,-0.038,0.539,3045,0,0,0,0,245,0,139,20,0.031,96,0,16.640,2.873,2.520,16.440,-0.520,-0.280,-0.014,0.958,0.634,-2.802,-0.842,0.000,0.000,1.592,0.030,2,NULL,NULL,,1,0,1,7,255,,250,0,0
stim,2495,2495,0,394469.421,0.814,-0.213,-0.038,0.539,3044,0,0,0,0,247,0,140,20,0.031,96,0,16.563,2.875,2.520,16.360,-0.580,-0.281,-0.012,0.958,0.642,-2.802,-0.842,0.000,0.000,1.592,0.030,2,NULL,NULL,,1,0,1,7,255,,250,0,0
stim,2495,2495,0,394474.420,0.814,-0.213,-0.038,0.539,3068,0,0,0,0,249,0,147,20,0.031,96,0,16.649,2.864,2.580,16.440,-0.520,-0.282,-0.012,0.959,0.640,-2.792,-0.836,0.000,0.000,1.592,0.030,2,NULL,NULL,,1,0,1,7,255,,250,0,0
stim,2511,2511,0,394479.420,0.814,-0.213,-0.038,0.539,3055,0,0,0,0,248,0,139,20,0.031,96,0,16.561,2.861,2.520,16.360,-0.520,-0.281,-0.012,0.958,0.642,-2.788,-0.836,0.000,0.000,1.592,0.030,2,NULL,NULL,,1,0,1,7,255,,250,0,0
stim,2511,2511,0,394484.420,0.814,-0.213,-0.038,0.539,3045,0,0,0,0,247,0,139,20,0.031,96,0,16.570,2.861,2.580,16.360,-0.520,-0.281,-0.013,0.958,0.640,-2.788,-0.840,0.000,0.000,1.592,0.030,2,NULL,NULL,,1,0,1,7,255,,250,0,0
stim,2511,2511,0,394489.421,0.814,-0.213,-0.038,0.539,3043,0,0,0,0,237,0,139,20,0.031,96,0,16.569,2.862,2.580,16.360,-0.460,-0.282,-0.013,0.958,0.636,-2.790,-0.840,0.000,0.000,1.592,0.030,2,NULL,NULL,,1,0,1,7,255,,250,0,0
stim,2511,2511,0,394494.420,0.814,-0.213,-0.038,0.539,3042,0,0,0,0,236,0,139,20,0.031,96,0,16.580,2.862,2.640,16.360,-0.520,-0.282,-0.013,0.958,0.636,-2.790,-0.838,0.000,0.000,1.592,0.030,2,NULL,NULL,,1,0,1,7,255,,250,0,0
stim,2527,2527,0,394499.420,0.814,-0.213,-0.038,0.539,3079,0,0,0,0,246,0,141,20,0.031,96,0,16.521,2.862,2.640,16.300,-0.520,-0.282,-0.012,0.958,0.636,-2.790,-0.838,0.000,0.000,1.592,0.030,2,NULL,NULL,,1,0,1,7,255,,250,0,0
stim,2527,2527,0,394504.420,0.814,-0.213,-0.038,0.539,3077,0,0,0,0,239,0,143,20,0.031,96,0,16.570,2.862,2.580,16.360,-0.520,-0.281,-0.012,0.958,0.638,-2.790,-0.838,0.000,0.000,1.592,0.030,2,NULL,NULL,,1,0,1,7,255,,250,0,0
stim,2559,2559,0,394509.420,0.814,-0.213,-0.038,0.539,3043,0,0,0,0,235,0,140,20,0.031,96,0,16.569,2.862,2.580,16.360,-0.460,-0.280,-0.013,0.958,0.638,-2.790,-0.840,0.000,0.000,1.592,0.030,2,NULL,NULL,,1,0,1,7,255,,250,0,0
stim,2559,2559,0,394514.421,0.814,-0.213,-0.038,0.539,3081,0,0,0,0,253,0,141,20,0.031,96,0,16.509,2.874,2.580,16.300,-0.460,-0.280,-0.012,0.958,0.640,-2.802,-0.842,0.000,0.000,1.592,0.030,2,NULL,NULL,,1,0,1,7,255,,250,0,0
stim,2575,2575,0,394519.422,0.814,-0.213,-0.038,0.539,3043,0,0,0,0,245,0,139,20,0.031,96,0,16.586,2.876,2.700,16.360,-0.400,-0.281,-0.012,0.958,0.646,-2.802,-0.844,0.000,0.000,1.592,0.030,2,NULL,NULL,,1,0,1,7,255,,250,0,0
stim,2575,2575,0,394524.420,0.814,-0.213,-0.038,0.539,3087,0,0,0,0,244,0,144,20,0.031,96,0,16.566,2.874,2.580,16.360,-0.340,-0.280,-0.012,0.958,0.646,-2.800,-0.844,0.000,0.000,1.592,0.030,2,NULL,NULL,,1,0,1,7,255,,250,0,0
stim,2575,2575,0,394529.420,0.814,-0.213,-0.038,0.539,3047,0,0,0,0,247,0,153,20,0.031,96,0,16.576,2.871,2.640,16.360,-0.400,-0.281,-0.013,0.958,0.644,-2.798,-0.842,0.000,0.000,1.592,0.030,2,NULL,NULL,,1,0,1,7,255,,250,0,0
stim,2575,2575,0,394534.420,0.814,-0.213,-0.038,0.539,3080,0,0,0,0,246,0,140,20,0.031,96,0,16.566,2.870,2.580,16.360,-0.340,-0.281,-0.012,0.958,0.638,-2.798,-0.842,0.000,0.000,1.592,0.030,2,NULL,NULL,,1,0,1,7,255,,250,0,0
stim,2575,2575,0,394539.420,0.814,-0.213,-0.038,0.539,3051,0,0,0,0,246,0,141,20,0.031,96,0,16.458,2.868,2.640,16.240,-0.400,-0.281,-0.012,0.959,0.638,-2.796,-0.840,0.000,0.000,1.592,0.030,2,NULL,NULL,,1,0,1,7,255,,250,0,0
stim,2575,2575,0,394544.420,0.814,-0.213,-0.038,0.539,3059,0,0,0,0,235,0,143,20,0.031,96,0,16.574,2.869,2.640,16.360,-0.280,-0.280,-0.012,0.958,0.642,-2.796,-0.844,0.000,0.000,1.592,0.030,2,NULL,NULL,,1,0,1,7,255,,250,0,0
stim,2577,2577,0,394549.420,0.814,-0.213,-0.038,0.539,3039,0,0,0,0,243,0,139,20,0.031,96,0,16.585,2.869,2.700,16.360,-0.340,-0.282,-0.013,0.958,0.642,-2.796,-0.834,0.000,0.000,1.592,0.030,2,NULL,NULL,,1,0,1,7,255,,250,0,0
stim,2577,2577,0,394554.420,0.814,-0.213,-0.038,0.539,3080,0,0,0,0,238,0,139,20,0.031,96,0,16.515,2.863,2.640,16.300,-0.280,-0.282,-0.013,0.958,0.634,-2.792,-0.838,0.000,0.000,1.592,0.030,2,NULL,NULL,,1,0,1,7,255,,250,0,0
stim,2591,2591,0,394559.420,0.814,-0.213,-0.038,0.539,3067,0,0,0,0,253,0,147,20,0.031,96,0,16.584,2.863,2.700,16.360,-0.280,-0.281,-0.012,0.958,0.634,-2.792,-0.838,0.000,0.000,1.592,0.030,2,NULL,NULL,,1,0,1,7,255,,250,0,0
stim,2591,2591,0,394564.422,0.814,-0.213,-0.038,0.539,3043,0,0,0,0,239,0,139,20,0.031,96,0,16.584,2.864,2.700,16.360,-0.280,-0.280,-0.013,0.958,0.638,-2.792,-0.840,0.000,0.000,1.592,0.030,2,NULL,NULL,,1,0,1,7,255,,250,0,0
stim,2607,2607,0,394569.420,0.814,-0.213,-0.038,0.539,3061,0,0,0,0,239,0,135,20,0.031,96,0,16.593,2.868,2.760,16.360,-0.220,-0.280,-0.012,0.958,0.638,-2.796,-0.846,0.000,0.000,1.592,0.030,2,NULL,NULL,,1,0,1,7,255,,250,0,0
stim,2607,2607,0,394574.420,0.814,-0.213,-0.038,0.539,3044,0,0,0,0,243,0,140,20,0.031,96,0,16.604,2.868,2.820,16.360,-0.280,-0.281,-0.013,0.958,0.638,-2.796,-0.846,0.000,0.000,1.592,0.030,2,NULL,NULL,,1,0,1,7,255,,250,0,0
stim,2607,2607,0,394579.420,0.814,-0.213,-0.038,0.539,3053,0,0,0,0,243,0,142,20,0.031,96,0,16.524,2.863,2.700,16.300,-0.280,-0.282,-0.013,0.958,0.632,-2.792,-0.844,0.000,0.000,1.592,0.030,2,NULL,NULL,,1,0,1,7,255,,250,0,0
stim,2607,2607,0,394584.420,0.814,-0.213,-0.038,0.539,3044,0,0,0,0,239,0,139,20,0.031,96,0,16.465,2.863,2.700,16.240,-0.280,-0.283,-0.013,0.958,0.632,-2.792,-0.834,0.000,0.000,1.592,0.030,2,NULL,NULL,,1,0,1,7,255,,250,0,0
stim,2607,2607,0,394589.422,0.814,-0.213,-0.038,0.539,3082,0,0,0,0,240,0,145,20,0.031,96,0,16.524,2.854,2.700,16.300,-0.280,-0.283,-0.012,0.958,0.630,-2.784,-0.834,0.000,0.000,1.592,0.030,2,NULL,NULL,,1,0,1,7,255,,250,0,0
stim,2607,2607,0,394594.420,0.814,-0.213,-0.038,0.539,3043,0,0,0,0,244,0,139,20,0.031,96,0,16.536,2.854,2.760,16.300,-0.340,-0.281,-0.012,0.958,0.630,-2.784,-0.838,0.000,0.000,1.592,0.030,2,NULL,NULL,,1,0,1,7,255,,250,0,0
stim,2655,2655,0,394599.420,0.814,-0.213,-0.038,0.539,3043,0,0,0,0,243,0,139,20,0.031,96,0,16.536,2.868,2.760,16.300,-0.340,-0.280,-0.012,0.958,0.638,-2.796,-0.842,0.000,0.000,1.592,0.030,2,NULL,NULL,,1,0,1,7,255,,250,0,0
stim,2655,2655,0,394604.420,0.814,-0.213,-0.038,0.539,3045,0,0,0,0,239,0,140,20,0.031,96,0,16.524,2.870,2.700,16.300,-0.280,-0.280,-0.013,0.957,0.638,-2.798,-0.844,0.000,0.000,1.592,0.030,2,NULL,NULL,,1,0,1,7,255,,250,0,0
stim,2655,2655,0,394609.420,0.814,-0.213,-0.038,0.539,3045,0,0,0,0,244,0,141,20,0.031,96,0,16.514,2.869,2.640,16.300,-0.220,-0.281,-0.013,0.958,0.634,-2.798,-0.844,0.000,0.000,1.592,0.030,2,NULL,NULL,,1,0,1,7,255,,250,0,0
stim,2655,2655,0,394614.424,0.814,-0.213,-0.038,0.539,3045,0,0,0,0,241,0,140,20,0.031,96,0,16.455,2.868,2.640,16.240,-0.220,-0.281,-0.013,0.957,0.630,-2.798,-0.852,0.000,0.000,1.592,0.030,2,NULL,NULL,,1,0,1,7,255,,250,0,0
stim,2672,2672,0,394619.420,0.814,-0.213,-0.038,0.539,3061,0,0,0,0,259,0,140,20,0.031,96,0,16.524,2.867,2.700,16.300,-0.280,-0.281,-0.012,0.958,0.634,-2.796,-0.844,0.000,0.000,1.592,0.030,2,NULL,NULL,,1,0,1,7,255,,250,0,0
stim,2672,2672,0,394624.420,0.814,-0.213,-0.038,0.539,3040,0,0,0,0,243,0,145,20,0.031,96,0,16.524,2.866,2.700,16.300,-0.280,-0.281,-0.013,0.958,0.630,-2.796,-0.840,0.000,0.000,1.592,0.030,2,NULL,NULL,,1,0,1,7,255,,250,0,0
stim,2692,2692,0,394629.420,0.814,-0.213,-0.038,0.539,3044,0,0,0,0,243,0,139,20,0.031,96,0,16.566,2.871,2.580,16.360,-0.340,-0.281,-0.013,0.958,0.634,-2.800,-0.840,0.000,0.000,1.592,0.030,2,NULL,NULL,,1,0,1,7,255,,250,0,0
stim,2692,2692,0,394634.420,0.814,-0.213,-0.038,0.539,3044,0,0,0,0,237,0,140,20,0.031,96,0,16.555,2.870,2.520,16.360,-0.280,-0.282,-0.013,0.958,0.630,-2.800,-0.840,0.000,0.000,1.592,0.030,2,NULL,NULL,,1,0,1,7,255,,250,0,0
stim,2692,2692,0,394639.422,0.814,-0.213,-0.038,0.539,3051,0,0,0,0,240,0,142,20,0.031,96,0,16.514,2.867,2.640,16.300,-0.220,-0.281,-0.013,0.958,0.632,-2.796,-0.836,0.000,0.000,1.592,0.030,2,NULL,NULL,,1,0,1,7,255,,250,0,0
stim,2692,2692,0,394644.420,0.814,-0.213,-0.038,0.539,3064,0,0,0,0,243,0,155,20,0.031,96,0,16.524,2.865,2.700,16.300,-0.280,-0.282,-0.012,0.958,0.632,-2.794,-0.834,0.000,0.000,1.592,0.030,2,NULL,NULL,,1,0,1,7,255,,250,0,0
stim,2692,2692,0,394649.420,0.814,-0.213,-0.038,0.539,3045,0,0,0,0,245,0,149,20,0.031,96,0,16.515,2.862,2.640,16.300,-0.280,-0.282,-0.012,0.959,0.638,-2.790,-0.834,0.000,0.000,1.592,0.030,2,NULL,NULL,,1,0,1,7,255,,250,0,0
stim,2692,2692,0,394654.422,0.814,-0.213,-0.038,0.539,3087,0,0,0,0,250,0,137,20,0.031,96,0,16.506,2.862,2.580,16.300,-0.340,-0.281,-0.012,0.959,0.638,-2.790,-0.832,0.000,0.000,1.592,0.030,2,NULL,NULL,,1,0,1,7,255,,250,0,0
stim,2692,2692,0,394659.420,0.814,-0.213,-0.038,0.539,3081,0,0,0,0,255,0,139,20,0.031,96,0,16.506,2.867,2.580,16.300,-0.340,-0.281,-0.013,0.958,0.636,-2.796,-0.832,0.000,0.000,1.592,0.030,2,NULL,NULL,,1,0,1,7,255,,250,0,0
stim,2692,2692,0,394664.421,0.814,-0.213,-0.038,0.539,3052,0,0,0,0,251,0,143,20,0.031,96,0,16.457,2.867,2.640,16.240,-0.340,-0.282,-0.012,0.958,0.632,-2.796,-0.834,0.000,0.000,1.592,0.030,2,NULL,NULL,,1,0,1,7,255,,250,0,0
stim,2693,2693,0,394669.420,0.814,-0.213,-0.038,0.539,3044,0,0,0,0,251,0,140,20,0.031,96,0,16.458,2.868,2.640,16.240,-0.400,-0.281,-0.013,0.958,0.628,-2.798,-0.836,0.000,0.000,1.592,0.030,2,NULL,NULL,,1,0,1,7,255,,250,0,0
stim,2693,2693,0,394674.422,0.814,-0.213,-0.038,0.539,3093,0,0,0,0,250,0,140,20,0.031,96,0,16.458,2.860,2.640,16.240,-0.400,-0.282,-0.012,0.958,0.628,-2.790,-0.836,0.000,0.000,1.592,0.030,2,NULL,NULL,,1,0,1,7,255,,250,0,0
stim,2703,2703,0,394679.420,0.814,-0.213,-0.037,0.539,3053,0,0,0,0,252,0,142,20,0.031,96,0,16.508,2.866,2.580,16.300,-0.400,-0.282,-0.012,0.959,0.628,-2.796,-0.836,0.000,0.000,1.592,0.030,2,NULL,NULL,,1,0,1,7,255,,250,0,0
stim,2703,2703,0,394684.420,0.814,-0.213,-0.037,0.539,3080,0,0,0,0,251,0,150,20,0.031,96,0,16.502,2.853,2.520,16.300,-0.520,-0.282,-0.012,0.958,0.634,-2.782,-0.836,0.000,0.000,1.592,0.030,2,NULL,NULL,,1,0,1,7,255,,250,0,0
stim,2719,2719,0,394689.420,0.814,-0.213,-0.037,0.539,3043,0,0,0,0,248,0,141,20,0.031,96,0,16.513,2.861,2.580,16.300,-0.580,-0.281,-0.011,0.958,0.634,-2.790,-0.836,0.000,0.000,1.592,0.030,2,NULL,NULL,,1,0,1,7,255,,250,0,0
stim,2719,2719,0,394694.420,0.814,-0.213,-0.037,0.539,3046,0,0,0,0,247,0,137,20,0.031,96,0,16.447,2.863,2.520,16.240,-0.640,-0.282,-0.011,0.960,0.642,-2.790,-0.836,0.000,0.000,1.592,0.030,2,NULL,NULL,,1,0,1,7,255,,250,0,0
stim,2752,2752,0,394699.420,0.814,-0.213,-0.037,0.539,3043,0,0,0,0,245,0,139,20,0.031,96,0,16.497,2.865,2.460,16.300,-0.640,-0.281,-0.012,0.958,0.642,-2.792,-0.836,0.000,0.000,1.592,0.030,2,NULL,NULL,,1,0,1,7,255,,250,0,0
stim,2752,2752,0,394704.420,0.814,-0.213,-0.037,0.539,3047,0,0,0,0,249,0,140,20,0.031,96,0,16.506,2.868,2.520,16.300,-0.640,-0.280,-0.012,0.959,0.640,-2.796,-0.838,0.000,0.000,1.592,0.030,2,NULL,NULL,,1,0,1,7,255,,250,0,0
stim,2785,2785,0,394709.420,0.814,-0.213,-0.037,0.539,3065,0,0,0,0,237,0,139,20,0.031,96,0,16.556,2.868,2.460,16.360,-0.640,-0.280,-0.011,0.958,0.640,-2.796,-0.838,0.000,0.000,1.592,0.030,2,NULL,NULL,,1,0,1,7,255,,250,0,0
stim,2785,2785,0,394714.422,0.814,-0.213,-0.037,0.539,3058,0,0,0,0,243,0,143,20,0.031,96,0,16.550,2.872,2.400,16.360,-0.700,-0.281,-0.013,0.958,0.638,-2.800,-0.838,0.000,0.000,1.592,0.030,2,NULL,NULL,,1,0,1,7,255,,250,0,0
stim,2785,2785,0,394719.421,0.814,-0.213,-0.037,0.539,3044,0,0,0,0,246,0,139,20,0.031,96,0,16.550,2.867,2.400,16.360,-0.700,-0.281,-0.012,0.958,0.634,-2.796,-0.842,0.000,0.000,1.592,0.030,2,NULL,NULL,,1,0,1,7,255,,250,0,0
stim,2785,2785,0,394724.420,0.814,-0.213,-0.037,0.539,3047,0,0,0,0,246,0,139,20,0.031,96,0,16.550,2.871,2.400,16.360,-0.700,-0.280,-0.012,0.959,0.634,-2.800,-0.840,0.000,0.000,1.592,0.030,2,NULL,NULL,,1,0,1,7,255,,250,0,0
stim,2785,2785,0,394729.420,0.814,-0.213,-0.037,0.540,3053,0,0,0,0,247,0,143,20,0.031,96,0,16.545,2.877,2.400,16.360,-0.580,-0.280,-0.013,0.959,0.634,-2.806,-0.840,0.000,0.000,1.592,0.030,2,NULL,NULL,,1,0,1,7,255,,250,0,0
stim,2785,2785,0,394734.420,0.814,-0.213,-0.037,0.540,3044,0,0,0,0,247,0,141,20,0.031,96,0,16.627,2.876,2.400,16.440,-0.640,-0.280,-0.013,0.958,0.630,-2.806,-0.840,0.000,0.000,1.592,0.030,2,NULL,NULL,,1,0,1,7,255,,250,0,0
stim,2785,2785,0,394739.422,0.814,-0.213,-0.037,0.540,3054,0,0,0,0,246,0,151,20,0.031,96,0,16.635,2.872,2.460,16.440,-0.640,-0.281,-0.013,0.958,0.630,-2.802,-0.838,0.000,0.000,1.592,0.030,2,NULL,NULL,,1,0,1,7,255,,250,0,0
stim,2785,2785,0,394744.420,0.814,-0.213,-0.037,0.540,3059,0,0,0,0,249,0,137,20,0.031,96,0,16.635,2.868,2.460,16.440,-0.640,-0.281,-0.013,0.958,0.630,-2.798,-0.838,0.000,0.000,1.592,0.030,2,NULL,NULL,,1,0,1,7,255,,250,0,0
stim,2802,2802,0,394749.420,0.814,-0.213,-0.037,0.540,3045,0,0,0,0,251,0,141,20,0.031,96,0,16.638,2.866,2.460,16.440,-0.700,-0.282,-0.013,0.958,0.630,-2.796,-0.836,0.000,0.000,1.592,0.030,2,NULL,NULL,,1,0,1,7,255,,250,0,0
stim,2802,2802,0,394754.420,0.814,-0.213,-0.037,0.540,3046,0,0,0,0,261,0,145,20,0.031,96,0,16.635,2.866,2.460,16.440,-0.640,-0.281,-0.014,0.959,0.628,-2.796,-0.834,0.000,0.000,1.592,0.030,2,NULL,NULL,,1,0,1,7,255,,250,0,0
stim,2802,2802,0,394759.420,0.814,-0.213,-0.037,0.540,3055,0,0,0,0,245,0,139,20,0.031,96,0,16.559,2.862,2.460,16.360,-0.700,-0.283,-0.012,0.959,0.628,-2.792,-0.834,0.000,0.000,1.592,0.030,2,NULL,NULL,,1,0,1,7,255,,250,0,0
stim,2802,2802,0,394764.422,0.814,-0.213,-0.037,0.540,3079,0,0,0,0,261,0,141,20,0.031,96,0,16.559,2.859,2.460,16.360,-0.700,-0.282,-0.013,0.958,0.626,-2.790,-0.832,0.000,0.000,1.592,0.030,2,NULL,NULL,,1,0,1,7,255,,250,0,0
stim,2802,2802,0,394769.421,0.814,-0.213,-0.037,0.540,3045,0,0,0,0,247,0,140,20,0.031,96,0,16.638,2.860,2.460,16.440,-0.700,-0.281,-0.012,0.958,0.630,-2.790,-0.832,0.000,0.000,1.592,0.030,2,NULL,NULL,,1,0,1,7,255,,250,0,0
stim,2802,2802,0,394774.420,0.814,-0.213,-0.037,0.540,3045,0,0,0,0,246,0,141,20,0.031,96,0,16.568,2.861,2.520,16.360,-0.700,-0.282,-0.013,0.958,0.624,-2.792,-0.838,0.000,0.000,1.592,0.030,2,NULL,NULL,,1,0,1,7,255,,250,0,0
stim,2805,2805,0,394779.420,0.814,-0.213,-0.037,0.540,3043,0,0,0,0,246,0,139,20,0.031,96,0,16.565,2.862,2.520,16.360,-0.640,-0.281,-0.013,0.957,0.628,-2.792,-0.842,0.000,0.000,1.592,0.030,2,NULL,NULL,,1,0,1,7,255,,250,0,0
stim,2805,2805,0,394784.420,0.814,-0.213,-0.037,0.540,3063,0,0,0,0,252,0,151,20,0.031,96,0,16.565,2.860,2.520,16.360,-0.640,-0.281,-0.013,0.958,0.628,-2.790,-0.844,0.000,0.000,1.592,0.030,2,NULL,NULL,,1,0,1,7,255,,250,0,0
stim,2816,2816,0,394789.420,0.814,-0.213,-0.037,0.540,3053,0,0,0,0,247,0,139,20,0.031,96,0,16.644,2.860,2.520,16.440,-0.640,-0.281,-0.013,0.957,0.628,-2.790,-0.848,0.000,0.000,1.592,0.030,2,NULL,NULL,,1,0,1,7,255,,250,0,0
stim,2816,2816,0,394794.420,0.813,-0.213,-0.037,0.540,3047,0,0,0,0,249,0,140,20,0.031,96,0,16.572,2.860,2.580,16.360,-0.580,-0.280,-0.013,0.958,0.628,-2.790,-0.846,0.000,0.000,1.592,0.030,2,NULL,NULL,,1,0,1,7,255,,250,0,0
stim,2831,2831,0,394799.420,0.813,-0.213,-0.037,0.540,3087,0,0,0,0,263,0,143,20,0.031,96,0,16.644,2.872,2.520,16.440,-0.640,-0.281,-0.013,0.959,0.630,-2.802,-0.846,0.000,0.000,1.592,0.030,2,NULL,NULL,,1,0,1,7,255,,250,0,0
stim,2831,2831,0,394804.420,0.813,-0.213,-0.037,0.540,3051,0,0,0,0,259,0,145,20,0.031,96,0,16.561,2.872,2.520,16.360,-0.520,-0.282,-0.012,0.958,0.630,-2.802,-0.834,0.000,0.000,1.592,0.030,2,NULL,NULL,,1,0,1,7,255,,250,0,0
stim,2863,2863,0,394809.420,0.813,-0.213,-0.037,0.540,3043,0,0,0,0,251,0,141,20,0.031,96,0,16.511,2.860,2.580,16.300,-0.520,-0.281,-0.013,0.958,0.630,-2.790,-0.834,0.000,0.000,1.592,0.030,2,NULL,NULL,,1,0,1,7,255,,250,0,0
stim,2863,2863,0,394814.422,0.813,-0.213,-0.037,0.540,3061,0,0,0,0,255,0,145,20,0.031,96,0,16.570,2.861,2.580,16.360,-0.520,-0.281,-0.012,0.958,0.634,-2.790,-0.840,0.000,0.000,1.592,0.030,2,NULL,NULL,,1,0,1,7,255,,250,0,0
stim,2879,2879,0,394819.422,0.813,-0.213,-0.037,0.540,3033,0,0,0,0,251,0,139,20,0.031,96,0,16.649,2.861,2.580,16.440,-0.520,-0.281,-0.012,0.958,0.634,-2.790,-0.840,0.000,0.000,1.592,0.030,2,NULL,NULL,,1,0,1,7,255,,250,0,0
stim,2879,2879,0,394824.420,0.813,-0.213,-0.037,0.540,3045,0,0,0,0,251,0,141,20,0.031,96,0,16.559,2.863,2.520,16.360,-0.460,-0.281,-0.012,0.958,0.634,-2.792,-0.840,0.000,0.000,1.592,0.030,2,NULL,NULL,,1,0,1,7,255,,250,0,0
stim,2879,2879,0,394829.420,0.813,-0.213,-0.037,0.540,3045,0,0,0,0,250,0,141,20,0.031,96,0,16.657,2.867,2.640,16.440,-0.460,-0.281,-0.013,0.958,0.634,-2.796,-0.840,0.000,0.000,1.592,0.030,2,NULL,NULL,,1,0,1,7,255,,250,0,0
stim,2879,2879,0,394834.420,0.813,-0.213,-0.037,0.540,3045,0,0,0,0,253,0,141,20,0.031,96,0,16.567,2.865,2.580,16.360,-0.400,-0.281,-0.014,0.958,0.624,-2.796,-0.844,0.000,0.000,1.592,0.030,2,NULL,NULL,,1,0,1,7,255,,250,0,0
stim,2879,2879,0,394839.420,0.813,-0.213,-0.037,0.540,3051,0,0,0,0,248,0,141,20,0.031,96,0,16.578,2.865,2.640,16.360,-0.460,-0.281,-0.013,0.958,0.624,-2.796,-0.840,0.000,0.000,1.592,0.030,2,NULL,NULL,,1,0,1,7,255,,250,0,0
stim,2879,2879,0,394844.420,0.813,-0.213,-0.037,0.540,3066,0,0,0,0,249,0,141,20,0.031,96,0,16.578,2.870,2.640,16.360,-0.460,-0.281,-0.013,0.958,0.628,-2.800,-0.840,0.000,0.000,1.592,0.030,2,NULL,NULL,,1,0,1,7,255,,250,0,0
stim,2879,2879,0,394849.420,0.813,-0.213,-0.037,0.540,3043,0,0,0,0,251,0,139,20,0.031,96,0,16.569,2.868,2.580,16.360,-0.460,-0.281,-0.013,0.958,0.630,-2.798,-0.840,0.000,0.000,1.592,0.030,2,NULL,NULL,,1,0,1,7,255,,250,0,0
stim,2879,2879,0,394854.420,0.813,-0.213,-0.037,0.540,3069,0,0,0,0,254,0,153,20,0.031,96,0,16.567,2.868,2.580,16.360,-0.400,-0.281,-0.014,0.958,0.630,-2.798,-0.840,0.000,0.000,1.592,0.030,2,NULL,NULL,,1,0,1,7,255,,250,0,0
stim,2895,2895,0,394859.420,0.813,-0.213,-0.037,0.540,3068,0,0,0,0,250,0,138,20,0.031,96,0,16.655,2.868,2.640,16.440,-0.400,-0.281,-0.013,0.958,0.630,-2.798,-0.840,0.000,0.000,1.592,0.030,2,NULL,NULL,,1,0,1,7,255,,250,0,0
stim,2895,2895,0,394864.422,0.813,-0.213,-0.037,0.540,3043,0,0,0,0,254,0,141,20,0.031,96,0,16.576,2.870,2.640,16.360,-0.400,-0.280,-0.013,0.958,0.632,-2.800,-0.840,0.000,0.000,1.592,0.030,2,NULL,NULL,,1,0,1,7,255,,250,0,0
stim,2895,2895,0,394869.420,0.813,-0.213,-0.037,0.540,3044,0,0,0,0,252,0,139,20,0.031,96,0,16.536,2.870,2.760,16.300,-0.340,-0.281,-0.014,0.958,0.632,-2.800,-0.840,0.000,0.000,1.592,0.030,2,NULL,NULL,,1,0,1,7,255,,250,0,0
stim,2895,2895,0,394874.420,0.813,-0.213,-0.037,0.540,3045,0,0,0,0,250,0,139,20,0.031,96,0,16.537,2.869,2.760,16.300,-0.400,-0.282,-0.011,0.958,0.634,-2.798,-0.842,0.000,0.000,1.592,0.030,2,NULL,NULL,,1,0,1,7,255,,250,0,0
stim,2911,2911,0,394879.420,0.813,-0.213,-0.037,0.540,3095,0,0,0,0,250,0,144,20,0.031,96,0,16.586,2.850,2.700,16.360,-0.400,-0.282,-0.013,0.957,0.620,-2.782,-0.842,0.000,0.000,1.592,0.030,2,NULL,NULL,,1,0,1,7,255,,250,0,0
stim,2911,2911,0,394884.420,0.813,-0.213,-0.037,0.540,3039,0,0,0,0,253,0,140,20,0.031,96,0,16.588,2.852,2.700,16.360,-0.460,-0.282,-0.012,0.958,0.630,-2.782,-0.842,0.000,0.000,1.592,0.030,2,NULL,NULL,,1,0,1,7,255,,250,0,0
stim,2911,2911,0,394889.420,0.813,-0.213,-0.037,0.540,3049,0,0,0,0,264,0,150,20,0.031,96,0,16.576,2.858,2.640,16.360,-0.400,-0.280,-0.013,0.958,0.630,-2.788,-0.848,0.000,0.000,1.592,0.030,2,NULL,NULL,,1,0,1,7,255,,250,0,0
stim,2911,2911,0,394894.420,0.813,-0.213,-0.037,0.540,3043,0,0,0,0,252,0,141,20,0.031,96,0,16.526,2.868,2.700,16.300,-0.340,-0.281,-0.013,0.958,0.630,-2.798,-0.844,0.000,0.000,1.592,0.030,2,NULL,NULL,,1,0,1,7,255,,250,0,0
stim,2959,2959,0,394899.420,0.813,-0.213,-0.037,0.540,3043,0,0,0,0,253,0,139,20,0.031,96,0,16.575,2.868,2.640,16.360,-0.340,-0.281,-0.012,0.958,0.630,-2.798,-0.846,0.000,0.000,1.592,0.030,2,NULL,NULL,,1,0,1,7,255,,250,0,0
stim,2959,2959,0,394904.420,0.813,-0.213,-0.037,0.540,3037,0,0,0,0,251,0,142,20,0.031,96,0,16.516,2.864,2.640,16.300,-0.340,-0.281,-0.011,0.958,0.636,-2.792,-0.844,0.000,0.000,1.592,0.030,2,NULL,NULL,,1,0,1,7,255,,250,0,0
stim,2975,2975,0,394909.420,0.813,-0.213,-0.037,0.540,3087,0,0,0,0,253,0,144,20,0.031,96,0,16.517,2.864,2.640,16.300,-0.400,-0.281,-0.014,0.958,0.636,-2.792,-0.844,0.000,0.000,1.592,0.030,2,NULL,NULL,,1,0,1,7,255,,250,0,0
stim,2975,2975,0,394914.422,0.813,-0.213,-0.037,0.540,3060,0,0,0,0,256,0,143,20,0.031,96,0,16.567,2.869,2.580,16.360,-0.400,-0.280,-0.012,0.957,0.634,-2.798,-0.844,0.000,0.000,1.592,0.030,2,NULL,NULL,,1,0,1,7,255,,250,0,0
stim,2991,2991,0,394919.422,0.813,-0.213,-0.037,0.540,3062,0,0,0,0,265,0,138,20,0.031,96,0,16.567,2.868,2.580,16.360,-0.400,-0.281,-0.013,0.958,0.622,-2.800,-0.836,0.000,0.000,1.592,0.030,2,NULL,NULL,,1,0,1,7,255,,250,0,0
stim,2991,2991,0,394924.420,0.813,-0.213,-0.037,0.540,3046,0,0,0,0,262,0,145,20,0.031,96,0,16.508,2.871,2.580,16.300,-0.400,-0.279,-0.012,0.958,0.634,-2.800,-0.850,0.000,0.000,1.592,0.030,2,NULL,NULL,,1,0,1,7,255,,250,0,0
stim,2991,2991,0,394929.420,0.813,-0.213,-0.037,0.540,3044,0,0,0,0,251,0,140,20,0.031,96,0,16.566,2.868,2.580,16.360,-0.340,-0.281,-0.013,0.958,0.622,-2.800,-0.836,0.000,0.000,1.592,0.030,2,NULL,NULL,,1,0,1,7,255,,250,0,0
stim,2991,2991,0,394934.420,0.813,-0.213,-0.037,0.540,3047,0,0,0,0,252,0,144,20,0.031,96,0,16.567,2.868,2.580,16.360,-0.400,-0.283,-0.013,0.958,0.622,-2.800,-0.836,0.000,0.000,1.592,0.030,2,NULL,NULL,,1,0,1,7,255,,250,0,0
stim,2991,2991,0,394939.420,0.813,-0.213,-0.037,0.540,3068,0,0,0,0,259,0,144,20,0.031,96,0,16.569,2.862,2.580,16.360,-0.460,-0.281,-0.012,0.958,0.622,-2.794,-0.836,0.000,0.000,1.592,0.030,2,NULL,NULL,,1,0,1,7,255,,250,0,0
stim,2991,2991,0,394944.420,0.813,-0.213,-0.037,0.540,3056,0,0,0,0,253,0,143,20,0.031,96,0,16.561,2.857,2.520,16.360,-0.520,-0.282,-0.011,0.958,0.634,-2.786,-0.832,0.000,0.000,1.592,0.030,2,NULL,NULL,,1,0,1,7,255,,250,0,0
stim,2991,2991,0,394949.420,0.813,-0.213,-0.037,0.540,3047,0,0,0,0,253,0,141,20,0.031,96,0,16.561,2.861,2.520,16.360,-0.520,-0.281,-0.012,0.958,0.634,-2.790,-0.836,0.000,0.000,1.592,0.030,2,NULL,NULL,,1,0,1,7,255,,250,0,0
stim,2991,2991,0,394954.420,0.813,-0.213,-0.037,0.541,3063,0,0,0,0,259,0,145,20,0.031,96,0,16.500,2.861,2.520,16.300,-0.460,-0.282,-0.012,0.958,0.634,-2.790,-0.834,0.000,0.000,1.592,0.030,2,NULL,NULL,,1,0,1,7,255,,250,0,0
stim,2991,2991,0,394959.420,0.813,-0.213,-0.037,0.541,3035,0,0,0,0,268,0,141,20,0.031,96,0,16.570,2.861,2.580,16.360,-0.520,-0.282,-0.014,0.958,0.632,-2.790,-0.834,0.000,0.000,1.592,0.030,2,NULL,NULL,,1,0,1,7,255,,250,0,0
stim,2991,2991,0,394964.421,0.813,-0.213,-0.037,0.541,3080,0,0,0,0,260,0,153,20,0.031,96,0,16.504,2.864,2.520,16.300,-0.580,-0.281,-0.012,0.958,0.628,-2.794,-0.834,0.000,0.000,1.592,0.030,2,NULL,NULL,,1,0,1,7,255,,250,0,0
stim,3007,3007,0,394969.421,0.813,-0.213,-0.037,0.541,3043,0,0,0,0,253,0,139,20,0.031,96,0,16.561,2.863,2.520,16.360,-0.520,-0.282,-0.013,0.958,0.624,-2.794,-0.834,0.000,0.000,1.592,0.030,2,NULL,NULL,,1,0,1,7,255,,250,0,0
stim,3007,3007,0,394974.422,0.813,-0.213,-0.037,0.541,3043,0,0,0,0,253,0,141,20,0.031,96,0,16.561,2.863,2.520,16.360,-0.520,-0.281,-0.013,0.958,0.626,-2.794,-0.840,0.000,0.000,1.592,0.030,2,NULL,NULL,,1,0,1,7,255,,250,0,0
stim,3007,3007,0,394979.420,0.813,-0.213,-0.037,0.541,3049,0,0,0,0,253,0,151,20,0.031,96,0,16.511,2.869,2.580,16.300,-0.520,-0.281,-0.013,0.958,0.624,-2.800,-0.836,0.000,0.000,1.592,0.030,2,NULL,NULL,,1,0,1,7,255,,250,0,0
stim,3007,3007,0,394984.420,0.813,-0.213,-0.037,0.541,3043,0,0,0,0,249,0,139,20,0.031,96,0,16.570,2.868,2.580,16.360,-0.520,-0.280,-0.014,0.958,0.620,-2.800,-0.842,0.000,0.000,1.592,0.030,2,NULL,NULL,,1,0,1,7,255,,250,0,0
stim,3007,3007,0,394989.420,0.813,-0.213,-0.037,0.541,3043,0,0,0,0,252,0,139,20,0.031,96,0,16.552,2.868,2.460,16.360,-0.520,-0.282,-0.013,0.958,0.620,-2.800,-0.838,0.000,0.000,1.592,0.030,2,NULL,NULL,,1,0,1,7,255,,250,0,0
stim,3007,3007,0,394994.420,0.813,-0.213,-0.037,0.541,3087,0,0,0,0,250,0,141,20,0.031,96,0,16.502,2.862,2.520,16.300,-0.520,-0.282,-0.013,0.958,0.620,-2.794,-0.842,0.000,0.000,1.592,0.030,2,NULL,NULL,,1,0,1,7,255,,250,0,0
stim,3024,3024,0,394999.420,0.813,-0.213,-0.037,0.541,3089,0,0,0,0,265,0,152,20,0.031,96,0,16.563,2.862,2.520,16.360,-0.580,-0.281,-0.013,0.958,0.620,-2.794,-0.838,0.000,0.000,1.592,0.030,2,NULL,NULL,,1,0,1,7,255,,250,0,0
stim,3024,3024,0,395004.420,0.813,-0.213,-0.037,0.541,3043,0,0,0,0,253,0,140,20,0.031,96,0,16.649,2.865,2.580,16.440,-0.520,-0.281,-0.012,0.958,0.624,-2.796,-0.836,0.000,0.000,1.592,0.030,2,NULL,NULL,,1,0,1,7,255,,250,0,0
stim,3055,3055,0,395009.420,0.813,-0.213,-0.037,0.541,3048,0,0,0,0,252,0,140,20,0.031,96,0,16.570,2.867,2.580,16.360,-0.520,-0.281,-0.013,0.958,0.624,-2.798,-0.836,0.000,0.000,1.592,0.030,2,NULL,NULL,,1,0,1,7,255,,250,0,0
stim,3055,3055,0,395014.422,0.813,-0.213,-0.037,0.541,3043,0,0,0,0,255,0,144,20,0.031,96,0,16.561,2.871,2.520,16.360,-0.520,-0.281,-0.013,0.959,0.624,-2.802,-0.836,0.000,0.000,1.592,0.030,2,NULL,NULL,,1,0,1,7,255,,250,0,0
stim,3071,3071,0,395019.420,0.813,-0.213,-0.037,0.541,3045,0,0,0,0,264,0,141,20,0.031,96,0,16.633,2.871,2.460,16.440,-0.580,-0.283,-0.011,0.958,0.624,-2.802,-0.830,0.000,0.000,1.592,0.030,2,NULL,NULL,,1,0,1,7,255,,250,0,0
stim,3071,3071,0,395024.420,0.813,-0.213,-0.037,0.541,3044,0,0,0,0,262,0,141,20,0.031,96,0,16.554,2.857,2.460,16.360,-0.580,-0.282,-0.012,0.958,0.624,-2.788,-0.830,0.000,0.000,1.592,0.030,2,NULL,NULL,,1,0,1,7,255,,250,0,0
stim,3073,3073,0,395029.420,0.813,-0.213,-0.037,0.541,3057,0,0,0,0,264,0,151,20,0.031,96,0,16.563,2.857,2.520,16.360,-0.580,-0.282,-0.013,0.958,0.624,-2.788,-0.832,0.000,0.000,1.592,0.030,2,NULL,NULL,,1,0,1,7,255,,250,0,0
stim,3073,3073,0,395034.420,0.813,-0.213,-0.037,0.541,3043,0,0,0,0,266,0,145,20,0.031,96,0,16.644,2.861,2.520,16.440,-0.640,-0.281,-0.014,0.958,0.616,-2.794,-0.832,0.000,0.000,1.592,0.030,2,NULL,NULL,,1,0,1,7,255,,250,0,0
stim,3074,3074,0,395039.422,0.813,-0.213,-0.037,0.541,3049,0,0,0,0,263,0,141,20,0.031,96,0,16.563,2.861,2.520,16.360,-0.580,-0.282,-0.013,0.958,0.616,-2.794,-0.838,0.000,0.000,1.592,0.030,2,NULL,NULL,,1,0,1,7,255,,250,0,0
stim,3074,3074,0,395044.420,0.813,-0.213,-0.037,0.541,3068,0,0,0,0,256,0,138,20,0.031,96,0,16.631,2.870,2.460,16.440,-0.520,-0.281,-0.013,0.958,0.622,-2.802,-0.840,0.000,0.000,1.592,0.030,2,NULL,NULL,,1,0,1,7,255,,250,0,0
stim,3074,3074,0,395049.420,0.813,-0.213,-0.037,0.541,3043,0,0,0,0,248,0,140,20,0.031,96,0,16.561,2.866,2.520,16.360,-0.520,-0.281,-0.013,0.958,0.622,-2.798,-0.840,0.000,0.000,1.592,0.030,2,NULL,NULL,,1,0,1,7,255,,250,0,0
stim,3074,3074,0,395054.420,0.813,-0.213,-0.037,0.541,3053,0,0,0,0,265,0,143,20,0.031,96,0,16.552,2.866,2.460,16.360,-0.520,-0.281,-0.013,0.957,0.620,-2.798,-0.840,0.000,0.000,1.592,0.030,2,NULL,NULL,,1,0,1,7,255,,250,0,0
stim,3088,3088,0,395059.420,0.813,-0.213,-0.037,0.541,3043,0,0,0,0,249,0,141,20,0.031,96,0,16.642,2.865,2.520,16.440,-0.580,-0.281,-0.014,0.958,0.618,-2.798,-0.844,0.000,0.000,1.592,0.030,2,NULL,NULL,,1,0,1,7,255,,250,0,0
stim,3088,3088,0,395064.421,0.813,-0.213,-0.037,0.541,3045,0,0,0,0,255,0,141,20,0.031,96,0,16.569,2.871,2.580,16.360,-0.460,-0.280,-0.015,0.957,0.618,-2.804,-0.848,0.000,0.000,1.592,0.030,2,NULL,NULL,,1,0,1,7,255,,250,0,0
stim,3103,3103,0,395069.422,0.813,-0.213,-0.037,0.541,3046,0,0,0,0,255,0,140,20,0.031,96,0,16.655,2.871,2.640,16.440,-0.400,-0.281,-0.013,0.957,0.616,-2.804,-0.848,0.000,0.000,1.592,0.030,2,NULL,NULL,,1,0,1,7,255,,250,0,0
stim,3103,3103,0,395074.420,0.813,-0.213,-0.037,0.541,3043,0,0,0,0,253,0,141,20,0.031,96,0,16.567,2.861,2.580,16.360,-0.400,-0.283,-0.013,0.958,0.614,-2.794,-0.848,0.000,0.000,1.592,0.030,2,NULL,NULL,,1,0,1,7,255,,250,0,0
stim,3103,3103,0,395079.420,0.813,-0.213,-0.037,0.541,3043,0,0,0,0,252,0,140,20,0.031,96,0,16.576,2.861,2.640,16.360,-0.400,-0.281,-0.012,0.958,0.616,-2.794,-0.838,0.000,0.000,1.592,0.030,2,NULL,NULL,,1,0,1,7,255,,250,0,0
stim,3103,3103,0,395084.420,0.813,-0.213,-0.037,0.541,3097,0,0,0,0,254,0,146,20,0.031,96,0,16.578,2.855,2.640,16.360,-0.460,-0.283,-0.013,0.958,0.616,-2.788,-0.836,0.000,0.000,1.592,0.030,2,NULL,NULL,,1,0,1,7,255,,250,0,0
stim,3121,3121,0,395089.420,0.813,-0.213,-0.037,0.541,3079,0,0,0,0,251,0,142,20,0.031,96,0,16.576,2.864,2.640,16.360,-0.400,-0.282,-0.013,0.958,0.622,-2.796,-0.836,0.000,0.000,1.592,0.030,2,NULL,NULL,,1,0,1,7,255,,250,0,0
stim,3121,3121,0,395094.422,0.813,-0.213,-0.037,0.541,3045,0,0,0,0,249,0,149,20,0.031,96,0,16.508,2.855,2.580,16.300,-0.400,-0.282,-0.014,0.957,0.616,-2.788,-0.836,0.000,0.000,1.592,0.030,2,NULL,NULL,,1,0,1,7,255,,250,0,0
stim,3121,3121,0,395099.420,0.813,-0.213,-0.037,0.541,3054,0,0,0,0,247,0,145,20,0.031,96,0,16.575,2.862,2.640,16.360,-0.340,-0.281,-0.013,0.958,0.622,-2.794,-0.844,0.000,0.000,1.592,0.030,2,NULL,NULL,,1,0,1,7,255,,250,0,0
stim,3121,3121,0,395104.420,0.813,-0.213,-0.037,0.541,3047,0,0,0,0,253,0,144,20,0.031,96,0,16.575,2.862,2.640,16.360,-0.340,-0.282,-0.013,0.959,0.622,-2.794,-0.844,0.000,0.000,1.592,0.030,2,NULL,NULL,,1,0,1,7,255,,250,0,0
stim,3156,3156,0,395109.420,0.813,-0.213,-0.037,0.541,3044,0,0,0,0,249,0,140,20,0.031,96,0,16.517,2.862,2.640,16.300,-0.400,-0.281,-0.011,0.957,0.622,-2.794,-0.844,0.000,0.000,1.592,0.030,2,NULL,NULL,,1,0,1,7,255,,250,0,0
stim,3156,3156,0,395114.422,0.813,-0.213,-0.037,0.541,3057,0,0,0,0,253,0,145,20,0.031,96,0,16.517,2.863,2.640,16.300,-0.400,-0.281,-0.012,0.958,0.626,-2.794,-0.840,0.000,0.000,1.592,0.030,2,NULL,NULL,,1,0,1,7,255,,250,0,0
stim,3167,3167,0,395119.420,0.813,-0.213,-0.037,0.541,3061,0,0,0,0,251,0,138,20,0.031,96,0,16.567,2.863,2.580,16.360,-0.400,-0.280,-0.013,0.958,0.626,-2.794,-0.848,0.000,0.000,1.592,0.030,2,NULL,NULL,,1,0,1,7,255,,250,0,0
stim,3167,3167,0,395124.421,0.813,-0.213,-0.037,0.541,3077,0,0,0,0,251,0,151,20,0.031,96,0,16.517,2.869,2.640,16.300,-0.400,-0.281,-0.014,0.958,0.624,-2.800,-0.844,0.000,0.000,1.592,0.030,2,NULL,NULL,,1,0,1,7,255,,250,0,0
stim,3191,3191,0,395129.420,0.813,-0.213,-0.037,0.541,3049,0,0,0,0,249,0,141,20,0.031,96,0,16.566,2.870,2.580,16.360,-0.340,-0.280,-0.014,0.957,0.614,-2.804,-0.848,0.000,0.000,1.592,0.030,2,NULL,NULL,,1,0,1,7,255,,250,0,0
stim,3191,3191,0,395134.421,0.813,-0.213,-0.037,0.541,3049,0,0,0,0,252,0,137,20,0.031,96,0,16.526,2.867,2.700,16.300,-0.340,-0.281,-0.013,0.958,0.614,-2.800,-0.848,0.000,0.000,1.592,0.030,2,NULL,NULL,,1,0,1,7,255,,250,0,0
stim,3191,3191,0,395139.420,0.813,-0.213,-0.037,0.541,3059,0,0,0,0,248,0,141,20,0.031,96,0,16.524,2.867,2.700,16.300,-0.280,-0.281,-0.013,0.957,0.618,-2.800,-0.848,0.000,0.000,1.592,0.030,2,NULL,NULL,,1,0,1,7,255,,250,0,0
stim,3191,3191,0,395144.420,0.813,-0.213,-0.037,0.541,3045,0,0,0,0,253,0,141,20,0.031,96,0,16.515,2.867,2.640,16.300,-0.280,-0.281,-0.013,0.958,0.618,-2.800,-0.848,0.000,0.000,1.592,0.030,2,NULL,NULL,,1,0,1,7,255,,250,0,0
stim,3191,3191,0,395149.420,0.813,-0.213,-0.037,0.541,3044,0,0,0,0,229,0,139,20,0.031,96,0,16.515,2.867,2.640,16.300,-0.280,-0.281,-0.013,0.958,0.618,-2.800,-0.848,0.000,0.000,1.592,0.030,2,NULL,NULL,,1,0,1,7,255,,250,0,0
stim,3191,3191,0,395154.420,0.813,-0.213,-0.037,0.541,3079,0,0,0,0,245,0,141,20,0.031,96,0,16.524,2.867,2.700,16.300,-0.220,-0.282,-0.012,0.957,0.618,-2.800,-0.846,0.000,0.000,1.592,0.030,2,NULL,NULL,,1,0,1,7,255,,250,0,0
stim,3193,3193,0,395159.420,0.813,-0.213,-0.037,0.541,3053,0,0,0,0,248,0,147,20,0.031,96,0,16.524,2.856,2.700,16.300,-0.220,-0.283,-0.012,0.958,0.620,-2.788,-0.846,0.000,0.000,1.592,0.030,2,NULL,NULL,,1,0,1,7,255,,250,0,0
stim,3193,3193,0,395164.422,0.813,-0.213,-0.037,0.541,3045,0,0,0,0,243,0,141,20,0.031,96,0,16.524,2.856,2.700,16.300,-0.220,-0.282,-0.012,0.958,0.620,-2.788,-0.840,0.000,0.000,1.592,0.030,2,NULL,NULL,,1,0,1,7,255,,250,0,0
stim,3193,3193,0,395169.420,0.813,-0.213,-0.037,0.541,3060,0,0,0,0,240,0,145,20,0.031,96,0,16.524,2.856,2.700,16.300,-0.220,-0.282,-0.013,0.958,0.618,-2.788,-0.840,0.000,0.000,1.592,0.030,2,NULL,NULL,,1,0,1,7,255,,250,0,0
stim,3223,3223,0,395174.420,0.813,-0.213,-0.037,0.541,3045,0,0,0,0,246,0,140,20,0.031,96,0,16.524,2.858,2.700,16.300,-0.220,-0.280,-0.013,0.958,0.618,-2.790,-0.840,0.000,0.000,1.592,0.030,2,NULL,NULL,,1,0,1,7,255,,250,0,0
stim,3223,3223,0,395179.420,0.813,-0.213,-0.037,0.541,3067,0,0,0,0,246,0,143,20,0.031,96,0,16.536,2.857,2.760,16.300,-0.340,-0.283,-0.013,0.958,0.614,-2.790,-0.840,0.000,0.000,1.592,0.030,2,NULL,NULL,,1,0,1,7,255,,250,0,0
stim,3223,3223,0,395184.422,0.813,-0.213,-0.037,0.541,3044,0,0,0,0,243,0,140,20,0.031,96,0,16.585,2.861,2.700,16.360,-0.340,-0.282,-0.013,0.958,0.614,-2.794,-0.836,0.000,0.000,1.592,0.030,2,NULL,NULL,,1,0,1,7,255,,250,0,0
stim,3223,3223,0,395189.420,0.813,-0.213,-0.037,0.541,3077,0,0,0,0,249,0,154,20,0.031,96,0,16.487,2.861,2.820,16.240,-0.340,-0.281,-0.012,0.958,0.614,-2.794,-0.836,0.000,0.000,1.592,0.030,2,NULL,NULL,,1,0,1,7,255,,250,0,0
stim,3224,3224,0,395194.420,0.813,-0.213,-0.037,0.541,3049,0,0,0,0,247,0,137,20,0.031,96,0,16.526,2.862,2.700,16.300,-0.340,-0.282,-0.013,0.958,0.612,-2.796,-0.836,0.000,0.000,1.592,0.030,2,NULL,NULL,,1,0,1,7,255,,250,0,0
stim,3247,3247,0,395199.420,0.813,-0.213,-0.037,0.541,3045,0,0,0,0,240,0,141,20,0.031,96,0,16.458,2.865,2.640,16.240,-0.400,-0.281,-0.013,0.958,0.618,-2.798,-0.840,0.000,0.000,1.592,0.030,2,NULL,NULL,,1,0,1,7,255,,250,0,0
stim,3247,3247,0,395204.420,0.813,-0.213,-0.037,0.541,3077,0,0,0,0,245,0,141,20,0.031,96,0,16.517,2.865,2.640,16.300,-0.400,-0.280,-0.013,0.958,0.618,-2.798,-0.840,0.000,0.000,1.592,0.030,2,NULL,NULL,,1,0,1,7,255,,250,0,0
stim,3279,3279,0,395209.420,0.812,-0.213,-0.037,0.541,3055,0,0,0,0,241,0,151,20,0.031,96,0,16.527,2.869,2.700,16.300,-0.400,-0.282,-0.013,0.959,0.618,-2.802,-0.840,0.000,0.000,1.592,0.030,2,NULL,NULL,,1,0,1,7,255,,250,0,0
stim,3279,3279,0,395214.422,0.812,-0.213,-0.037,0.541,3079,0,0,0,0,236,0,147,20,0.031,96,0,16.457,2.869,2.640,16.240,-0.340,-0.282,-0.013,0.959,0.616,-2.802,-0.830,0.000,0.000,1.592,0.030,2,NULL,NULL,,1,0,1,7,255,,250,0,0
stim,3279,3279,0,395219.420,0.812,-0.213,-0.037,0.541,3047,0,0,0,0,237,0,142,20,0.031,96,0,16.468,2.869,2.700,16.240,-0.400,-0.280,-0.013,0.958,0.616,-2.802,-0.830,0.000,0.000,1.592,0.030,2,NULL,NULL,,1,0,1,7,255,,250,0,0
stim,3279,3279,0,395224.420,0.812,-0.213,-0.037,0.541,3047,0,0,0,0,235,0,141,20,0.031,96,0,16.517,2.863,2.640,16.300,-0.400,-0.281,-0.012,0.958,0.618,-2.796,-0.836,0.000,0.000,1.592,0.030,2,NULL,NULL,,1,0,1,7,255,,250,0,0
stim,3295,3295,0,395229.420,0.812,-0.213,-0.037,0.541,3045,0,0,0,0,234,0,147,20,0.031,96,0,16.517,2.866,2.640,16.300,-0.400,-0.281,-0.012,0.958,0.622,-2.798,-0.836,0.000,0.000,1.592,0.030,2,NULL,NULL,,1,0,1,7,255,,250,0,0
stim,3295,3295,0,395234.420,0.812,-0.213,-0.037,0.542,3077,0,0,0,0,238,0,144,20,0.031,96,0,16.517,2.866,2.640,16.300,-0.400,-0.281,-0.013,0.958,0.622,-2.798,-0.836,0.000,0.000,1.592,0.030,2,NULL,NULL,,1,0,1,7,255,,250,0,0
stim,3295,3295,0,395239.422,0.812,-0.213,-0.037,0.542,3047,0,0,0,0,235,0,153,20,0.031,96,0,16.517,2.866,2.640,16.300,-0.400,-0.282,-0.011,0.958,0.622,-2.798,-0.836,0.000,0.000,1.592,0.030,2,NULL,NULL,,1,0,1,7,255,,250,0,0
stim,3295,3295,0,395244.420,0.812,-0.213,-0.037,0.542,3065,0,0,0,0,229,0,141,20,0.031,96,0,16.517,2.868,2.640,16.300,-0.400,-0.281,-0.014,0.958,0.614,-2.802,-0.836,0.000,0.000,1.592,0.030,2,NULL,NULL,,1,0,1,7,255,,250,0,0
stim,3295,3295,0,395249.420,0.812,-0.213,-0.037,0.542,3047,0,0,0,0,236,0,149,20,0.031,96,0,16.558,2.868,2.520,16.360,-0.400,-0.281,-0.013,0.958,0.612,-2.802,-0.836,0.000,0.000,1.592,0.030,2,NULL,NULL,,1,0,1,7,255,,250,0,0
stim,3295,3295,0,395254.420,0.812,-0.213,-0.037,0.542,3045,0,0,0,0,235,0,141,20,0.031,96,0,16.508,2.868,2.580,16.300,-0.400,-0.282,-0.013,0.958,0.610,-2.802,-0.836,0.000,0.000,1.592,0.030,2,NULL,NULL,,1,0,1,7,255,,250,0,0
stim,3295,3295,0,395259.420,0.812,-0.213,-0.037,0.542,3055,0,0,0,0,237,0,141,20,0.031,96,0,16.567,2.866,2.580,16.360,-0.400,-0.281,-0.013,0.958,0.612,-2.800,-0.836,0.000,0.000,1.592,0.030,2,NULL,NULL,,1,0,1,7,255,,250,0,0
stim,3295,3295,0,395264.422,0.812,-0.213,-0.037,0.542,3040,0,0,0,0,236,0,153,20,0.031,96,0,16.498,2.865,2.520,16.300,-0.400,-0.281,-0.013,0.958,0.616,-2.798,-0.840,0.000,0.000,1.592,0.030,2,NULL,NULL,,1,0,1,7,255,,250,0,0
stim,3311,3311,0,395269.421,0.812,-0.213,-0.037,0.542,3045,0,0,0,0,239,0,141,20,0.031,96,0,16.578,2.865,2.640,16.360,-0.460,-0.281,-0.013,0.958,0.616,-2.798,-0.840,0.000,0.000,1.592,0.030,2,NULL,NULL,,1,0,1,7,255,,250,0,0
stim,3311,3311,0,395274.422,0.812,-0.213,-0.037,0.542,3044,0,0,0,0,231,0,141,20,0.031,96,0,16.517,2.864,2.640,16.300,-0.400,-0.282,-0.013,0.958,0.610,-2.798,-0.840,0.000,0.000,1.592,0.030,2,NULL,NULL,,1,0,1,7,255,,250,0,0
stim,3311,3311,0,395279.420,0.812,-0.213,-0.037,0.542,3054,0,0,0,0,237,0,155,20,0.031,96,0,16.567,2.865,2.580,16.360,-0.400,-0.281,-0.014,0.958,0.606,-2.800,-0.840,0.000,0.000,1.592,0.030,2,NULL,NULL,,1,0,1,7,255,,250,0,0
stim,3311,3311,0,395284.420,0.812,-0.213,-0.037,0.542,3043,0,0,0,0,235,0,141,20,0.031,96,0,16.567,2.867,2.580,16.360,-0.400,-0.280,-0.012,0.958,0.606,-2.802,-0.848,0.000,0.000,1.592,0.030,2,NULL,NULL,,1,0,1,7,255,,250,0,0
stim,3311,3311,0,395289.420,0.812,-0.213,-0.037,0.542,3045,0,0,0,0,237,0,141,20,0.031,96,0,16.576,2.870,2.640,16.360,-0.400,-0.282,-0.014,0.959,0.604,-2.806,-0.848,0.000,0.000,1.592,0.030,2,NULL,NULL,,1,0,1,7,255,,250,0,0
stim,3311,3311,0,395294.420,0.812,-0.213,-0.037,0.542,3046,0,0,0,0,248,0,141,20,0.031,96,0,16.519,2.873,2.640,16.300,-0.460,-0.281,-0.013,0.959,0.618,-2.806,-0.834,0.000,0.000,1.592,0.030,2,NULL,NULL,,1,0,1,7,255,,250,0,0
stim,3327,3327,0,395299.420,0.812,-0.213,-0.037,0.542,3043,0,0,0,0,243,0,145,20,0.031,96,0,16.576,2.873,2.640,16.360,-0.400,-0.282,-0.012,0.958,0.616,-2.806,-0.834,0.000,0.000,1.592,0.030,2,NULL,NULL,,1,0,1,7,255,,250,0,0
stim,3327,3327,0,395304.420,0.812,-0.213,-0.037,0.542,3079,0,0,0,0,233,0,141,20,0.031,96,0,16.586,2.863,2.700,16.360,-0.400,-0.282,-0.013,0.959,0.616,-2.796,-0.834,0.000,0.000,1.592,0.030,2,NULL,NULL,,1,0,1,7,255,,250,0,0
stim,3359,3359,0,395309.420,0.812,-0.213,-0.037,0.542,3048,0,0,0,0,238,0,147,20,0.031,96,0,16.588,2.863,2.700,16.360,-0.460,-0.282,-0.012,0.959,0.616,-2.796,-0.830,0.000,0.000,1.592,0.030,2,NULL,NULL,,1,0,1,7,255,,250,0,0
stim,3359,3359,0,395314.422,0.812,-0.213,-0.037,0.542,3051,0,0,0,0,246,0,138,20,0.031,96,0,16.530,2.862,2.700,16.300,-0.520,-0.283,-0.013,0.958,0.612,-2.796,-0.830,0.000,0.000,1.592,0.030,2,NULL,NULL,,1,0,1,7,255,,250,0,0
stim,3375,3375,0,395319.420,0.812,-0.213,-0.037,0.542,3040,0,0,0,0,248,0,141,20,0.031,96,0,16.570,2.860,2.580,16.360,-0.520,-0.282,-0.013,0.958,0.610,-2.794,-0.832,0.000,0.000,1.592,0.030,2,NULL,NULL,,1,0,1,7,255,,250,0,0
stim,3375,3375,0,395324.420,0.812,-0.213,-0.037,0.542,3043,0,0,0,0,238,0,141,20,0.031,96,0,16.521,2.860,2.640,16.300,-0.520,-0.281,-0.013,0.957,0.610,-2.794,-0.842,0.000,0.000,1.592,0.030,2,NULL,NULL,,1,0,1,7,255,,250,0,0
stim,3391,3391,0,395329.420,0.812,-0.213,-0.037,0.542,3048,0,0,0,0,251,0,141,20,0.031,96,0,16.509,2.864,2.580,16.300,-0.460,-0.280,-0.013,0.958,0.612,-2.798,-0.846,0.000,0.000,1.592,0.030,2,NULL,NULL,,1,0,1,7,255,,250,0,0
stim,3391,3391,0,395334.420,0.812,-0.213,-0.037,0.542,3050,0,0,0,0,239,0,149,20,0.031,96,0,16.569,2.868,2.580,16.360,-0.460,-0.282,-0.014,0.959,0.612,-2.802,-0.846,0.000,0.000,1.592,0.030,2,NULL,NULL,,1,0,1,7,255,,250,0,0
stim,3391,3391,0,395339.422,0.812,-0.213,-0.037,0.542,3053,0,0,0,0,243,0,144,20,0.031,96,0,16.576,2.870,2.640,16.360,-0.400,-0.280,-0.012,0.958,0.612,-2.804,-0.846,0.000,0.000,1.592,0.030,2,NULL,NULL,,1,0,1,7,255,,250,0,0
stim,3391,3391,0,395344.420,0.812,-0.213,-0.037,0.542,3055,0,0,0,0,250,0,149,20,0.031,96,0,16.576,2.868,2.640,16.360,-0.400,-0.281,-0.012,0.957,0.614,-2.802,-0.846,0.000,0.000,1.592,0.030,2,NULL,NULL,,1,0,1,7,255,,250,0,0
stim,3391,3391,0,395349.420,0.812,-0.213,-0.037,0.542,3044,0,0,0,0,240,0,141,20,0.031,96,0,16.569,2.866,2.580,16.360,-0.460,-0.281,-0.011,0.958,0.620,-2.798,-0.846,0.000,0.000,1.592,0.030,2,NULL,NULL,,1,0,1,7,255,,250,0,0
stim,3391,3391,0,395354.420,0.812,-0.213,-0.037,0.542,3053,0,0,0,0,245,0,142,20,0.031,96,0,16.559,2.859,2.520,16.360,-0.460,-0.281,-0.012,0.957,0.614,-2.792,-0.848,0.000,0.000,1.592,0.030,2,NULL,NULL,,1,0,1,7,255,,250,0,0
stim,3391,3391,0,395359.420,0.812,-0.213,-0.037,0.542,3049,0,0,0,0,247,0,142,20,0.031,96,0,16.561,2.863,2.520,16.360,-0.520,-0.281,-0.013,0.957,0.614,-2.796,-0.848,0.000,0.000,1.592,0.030,2,NULL,NULL,,1,0,1,7,255,,250,0,0
stim,3391,3391,0,395364.423,0.812,-0.213,-0.037,0.542,3042,0,0,0,0,243,0,147,20,0.031,96,0,16.550,2.863,2.460,16.360,-0.460,-0.280,-0.013,0.958,0.614,-2.796,-0.848,0.000,0.000,1.592,0.030,2,NULL,NULL,,1,0,1,7,255,,250,0,0
stim,3407,3407,0,395369.421,0.812,-0.213,-0.037,0.542,3043,0,0,0,0,241,0,141,20,0.031,96,0,16.559,2.864,2.520,16.360,-0.460,-0.282,-0.013,0.958,0.612,-2.798,-0.842,0.000,0.000,1.592,0.030,2,NULL,NULL,,1,0,1,7,255,,250,0,0
stim,3407,3407,0,395374.420,0.812,-0.213,-0.037,0.542,3045,0,0,0,0,239,0,141,20,0.031,96,0,16.559,2.871,2.520,16.360,-0.460,-0.281,-0.012,0.958,0.618,-2.804,-0.838,0.000,0.000,1.592,0.030,2,NULL,NULL,,1,0,1,7,255,,250,0,0
stim,3407,3407,0,395379.420,0.812,-0.213,-0.037,0.542,3067,0,0,0,0,243,0,141,20,0.031,96,0,16.567,2.864,2.580,16.360,-0.400,-0.282,-0.014,0.958,0.612,-2.798,-0.836,0.000,0.000,1.592,0.030,2,NULL,NULL,,1,0,1,7,255,,250,0,0
stim,3407,3407,0,395384.420,0.812,-0.213,-0.037,0.542,3060,0,0,0,0,245,0,153,20,0.031,96,0,16.578,2.869,2.640,16.360,-0.460,-0.281,-0.014,0.958,0.606,-2.804,-0.838,0.000,0.000,1.592,0.030,2,NULL,NULL,,1,0,1,7,255,,250,0,0
stim,3423,3423,0,395389.420,0.812,-0.213,-0.037,0.542,3043,0,0,0,0,240,0,140,20,0.031,96,0,16.567,2.863,2.580,16.360,-0.400,-0.282,-0.012,0.958,0.606,-2.798,-0.838,0.000,0.000,1.592,0.030,2,NULL,NULL,,1,0,1,7,255,,250,0,0
stim,3423,3423,0,395394.420,0.812,-0.213,-0.037,0.542,3043,0,0,0,0,239,0,141,20,0.031,96,0,16.509,2.863,2.580,16.300,-0.460,-0.282,-0.013,0.958,0.606,-2.798,-0.838,0.000,0.000,1.592,0.030,2,NULL,NULL,,1,0,1,7,255,,250,0,0
stim,3423,3423,0,395399.420,0.812,-0.213,-0.037,0.542,3047,0,0,0,0,245,0,151,20,0.031,96,0,16.567,2.861,2.580,16.360,-0.400,-0.282,-0.013,0.958,0.606,-2.796,-0.838,0.000,0.000,1.592,0.030,2,NULL,NULL,,1,0,1,7,255,,250,0,0
stim,3423,3423,0,395404.420,0.812,-0.213,-0.037,0.542,3053,0,0,0,0,240,0,145,20,0.031,96,0,16.559,2.861,2.520,16.360,-0.460,-0.282,-0.013,0.958,0.606,-2.796,-0.836,0.000,0.000,1.592,0.030,2,NULL,NULL,,1,0,1,7,255,,250,0,0
stim,3457,3457,0,395409.420,0.812,-0.213,-0.037,0.542,3043,0,0,0,0,244,0,141,20,0.031,96,0,16.511,2.860,2.580,16.300,-0.520,-0.282,-0.014,0.958,0.604,-2.796,-0.836,0.000,0.000,1.592,0.030,2,NULL,NULL,,1,0,1,7,255,,250,0,0
stim,3457,3457,0,395414.422,0.812,-0.213,-0.037,0.542,3061,0,0,0,0,239,0,141,20,0.031,96,0,16.561,2.863,2.520,16.360,-0.520,-0.281,-0.012,0.958,0.608,-2.798,-0.836,0.000,0.000,1.592,0.030,2,NULL,NULL,,1,0,1,7,255,,250,0,0
stim,3470,3470,0,395419.420,0.812,-0.213,-0.037,0.542,3043,0,0,0,0,240,0,139,20,0.031,96,0,16.561,2.865,2.520,16.360,-0.520,-0.281,-0.011,0.958,0.616,-2.798,-0.840,0.000,0.000,1.592,0.030,2,NULL,NULL,,1,0,1,7,255,,250,0,0
stim,3471,3471,0,395424.420,0.812,-0.213,-0.037,0.542,3043,0,0,0,0,245,0,139,20,0.031,96,0,16.569,2.866,2.580,16.360,-0.460,-0.281,-0.012,0.959,0.622,-2.798,-0.840,0.000,0.000,1.592,0.030,2,NULL,NULL,,1,0,1,7,255,,250,0,0
stim,3471,3471,0,395429.420,0.812,-0.213,-0.037,0.542,3056,0,0,0,0,245,0,141,20,0.031,96,0,16.500,2.868,2.520,16.300,-0.460,-0.281,-0.013,0.958,0.622,-2.800,-0.842,0.000,0.000,1.592,0.030,2,NULL,NULL,,1,0,1,7,255,,250,0,0
stim,3471,3471,0,395434.420,0.812,-0.213,-0.037,0.542,3080,0,0,0,0,240,0,140,20,0.031,96,0,16.559,2.866,2.520,16.360,-0.460,-0.282,-0.013,0.958,0.612,-2.800,-0.842,0.000,0.000,1.592,0.030,2,NULL,NULL,,1,0,1,7,255,,250,0,0
stim,3471,3471,0,395439.422,0.812,-0.213,-0.037,0.542,3049,0,0,0,0,262,0,139,20,0.031,96,0,16.561,2.869,2.520,16.360,-0.520,-0.281,-0.014,0.958,0.608,-2.804,-0.842,0.000,0.000,1.592,0.030,2,NULL,NULL,,1,0,1,7,255,,250,0,0
stim,3471,3471,0,395444.420,0.812,-0.213,-0.037,0.542,3047,0,0,0,0,245,0,141,20,0.031,96,0,16.559,2.871,2.520,16.360,-0.460,-0.281,-0.013,0.958,0.608,-2.806,-0.842,0.000,0.000,1.592,0.030,2,NULL,NULL,,1,0,1,7,255,,250,0,0
stim,3487,3487,0,395449.420,0.812,-0.213,-0.037,0.542,3044,0,0,0,0,239,0,140,20,0.031,96,0,16.502,2.871,2.520,16.300,-0.520,-0.282,-0.013,0.959,0.608,-2.806,-0.838,0.000,0.000,1.592,0.030,2,NULL,NULL,,1,0,1,7,255,,250,0,0
stim,3487,3487,0,395454.420,0.812,-0.213,-0.037,0.542,3048,0,0,0,0,235,0,141,20,0.031,96,0,16.504,2.864,2.520,16.300,-0.580,-0.282,-0.012,0.958,0.612,-2.798,-0.830,0.000,0.000,1.592,0.030,2,NULL,NULL,,1,0,1,7,255,,250,0,0
stim,3487,3487,0,395459.420,0.812,-0.213,-0.037,0.542,3075,0,0,0,0,243,0,143,20,0.031,96,0,16.554,2.864,2.460,16.360,-0.580,-0.281,-0.012,0.958,0.612,-2.798,-0.830,0.000,0.000,1.592,0.030,2,NULL,NULL,,1,0,1,7,255,,250,0,0
stim,3488,3488,0,395464.421,0.812,-0.213,-0.037,0.542,3087,0,0,0,0,238,0,153,20,0.031,96,0,16.556,2.867,2.460,16.360,-0.640,-0.281,-0.013,0.959,0.616,-2.800,-0.830,0.000,0.000,1.592,0.030,2,NULL,NULL,,1,0,1,7,255,,250,0,0
stim,3503,3503,0,395469.420,0.812,-0.213,-0.037,0.542,3045,0,0,0,0,238,0,141,20,0.031,96,0,16.563,2.875,2.520,16.360,-0.580,-0.281,-0.014,0.958,0.616,-2.808,-0.836,0.000,0.000,1.592,0.030,2,NULL,NULL,,1,0,1,7,255,,250,0,0
stim,3503,3503,0,395474.422,0.812,-0.213,-0.037,0.542,3045,0,0,0,0,238,0,139,20,0.031,96,0,16.554,2.875,2.460,16.360,-0.580,-0.281,-0.014,0.959,0.606,-2.810,-0.834,0.000,0.000,1.592,0.030,2,NULL,NULL,,1,0,1,7,255,,250,0,0
stim,3503,3503,0,395479.420,0.812,-0.213,-0.037,0.542,3043,0,0,0,0,237,0,141,20,0.031,96,0,16.495,2.876,2.460,16.300,-0.580,-0.281,-0.014,0.958,0.604,-2.812,-0.838,0.000,0.000,1.592,0.030,2,NULL,NULL,,1,0,1,7,255,,250,0,0
stim,3503,3503,0,395484.420,0.812,-0.213,-0.037,0.542,3044,0,0,0,0,238,0,141,20,0.031,96,0,16.565,2.877,2.520,16.360,-0.640,-0.281,-0.013,0.958,0.606,-2.812,-0.836,0.000,0.000,1.592,0.030,2,NULL,NULL,,1,0,1,7,255,,250,0,0
stim,3520,3520,0,395489.420,0.812,-0.213,-0.037,0.542,3063,0,0,0,0,239,0,148,20,0.031,96,0,16.570,2.868,2.580,16.360,-0.520,-0.282,-0.014,0.957,0.602,-2.804,-0.838,0.000,0.000,1.592,0.030,2,NULL,NULL,,1,0,1,7,255,,250,0,0
stim,3520,3520,0,395494.420,0.812,-0.213,-0.037,0.542,3049,0,0,0,0,239,0,145,20,0.031,96,0,16.513,2.865,2.580,16.300,-0.580,-0.282,-0.014,0.958,0.596,-2.802,-0.838,0.000,0.000,1.592,0.030,2,NULL,NULL,,1,0,1,7,255,,250,0,0
stim,3556,3556,0,395499.420,0.812,-0.213,-0.037,0.542,3043,0,0,0,0,240,0,141,20,0.031,96,0,16.511,2.864,2.580,16.300,-0.520,-0.280,-0.015,0.957,0.594,-2.802,-0.846,0.000,0.000,1.592,0.030,2,NULL,NULL,,1,0,1,7,255,,250,0,0
stim,3556,3556,0,395504.420,0.812,-0.213,-0.037,0.542,3055,0,0,0,0,245,0,141,20,0.031,96,0,16.511,2.871,2.580,16.300,-0.520,-0.281,-0.014,0.958,0.596,-2.808,-0.842,0.000,0.000,1.592,0.030,2,NULL,NULL,,1,0,1,7,255,,250,0,0
stim,3556,3556,0,395509.420,0.812,-0.213,-0.037,0.542,3059,0,0,0,0,249,0,140,20,0.031,96,0,16.559,2.872,2.520,16.360,-0.460,-0.281,-0.013,0.957,0.604,-2.808,-0.848,0.000,0.000,1.592,0.030,2,NULL,NULL,,1,0,1,7,255,,250,0,0
stim,3556,3556,0,395514.420,0.812,-0.213,-0.037,0.542,3069,0,0,0,0,244,0,141,20,0.031,96,0,16.569,2.871,2.580,16.360,-0.460,-0.280,-0.013,0.958,0.608,-2.806,-0.848,0.000,0.000,1.592,0.030,2,NULL,NULL,,1,0,1,7,255,,250,0,0
stim,3589,3589,0,395519.424,0.812,-0.213,-0.037,0.542,3037,0,0,0,0,243,0,141,20,0.031,96,0,16.569,2.869,2.580,16.360,-0.460,-0.280,-0.013,0.957,0.608,-2.804,-0.850,0.000,0.000,1.592,0.030,2,NULL,NULL,,1,0,1,7,255,,250,0,0
stim,3589,3589,0,395524.420,0.812,-0.213,-0.037,0.543,3045,0,0,0,0,245,0,143,20,0.031,96,0,16.578,2.869,2.640,16.360,-0.460,-0.281,-0.013,0.958,0.608,-2.804,-0.850,0.000,0.000,1.592,0.030,2,NULL,NULL,,1,0,1,7,255,,250,0,0
stim,3589,3589,0,395529.420,0.812,-0.213,-0.037,0.543,3060,0,0,0,0,249,0,152,20,0.031,96,0,16.567,2.869,2.580,16.360,-0.400,-0.282,-0.014,0.958,0.606,-2.804,-0.846,0.000,0.000,1.592,0.030,2,NULL,NULL,,1,0,1,7,255,,250,0,0
stim,3589,3589,0,395534.420,0.812,-0.213,-0.037,0.543,3053,0,0,0,0,244,0,145,20,0.031,96,0,16.575,2.865,2.640,16.360,-0.340,-0.281,-0.013,0.957,0.606,-2.800,-0.846,0.000,0.000,1.592,0.030,2,NULL,NULL,,1,0,1,7,255,,250,0,0
stim,3589,3589,0,395539.421,0.812,-0.213,-0.037,0.543,3077,0,0,0,0,247,0,141,20,0.031,96,0,16.566,2.864,2.580,16.360,-0.340,-0.281,-0.014,0.958,0.602,-2.800,-0.838,0.000,0.000,1.592,0.030,2,NULL,NULL,,1,0,1,7,255,,250,0,0
stim,3589,3589,0,395544.420,0.812,-0.213,-0.037,0.543,3056,0,0,0,0,245,0,141,20,0.031,96,0,16.595,2.869,2.760,16.360,-0.340,-0.281,-0.013,0.958,0.606,-2.804,-0.836,0.000,0.000,1.592,0.030,2,NULL,NULL,,1,0,1,7,255,,250,0,0
stim,3589,3589,0,395549.420,0.812,-0.213,-0.037,0.543,3051,0,0,0,0,240,0,142,20,0.031,96,0,16.524,2.871,2.700,16.300,-0.280,-0.280,-0.012,0.958,0.606,-2.806,-0.836,0.000,0.000,1.592,0.030,2,NULL,NULL,,1,0,1,7,255,,250,0,0
stim,3589,3589,0,395554.420,0.812,-0.213,-0.037,0.543,3061,0,0,0,0,243,0,142,20,0.031,96,0,16.536,2.872,2.760,16.300,-0.340,-0.281,-0.013,0.958,0.612,-2.806,-0.838,0.000,0.000,1.592,0.030,2,NULL,NULL,,1,0,1,7,255,,250,0,0
stim,3589,3589,0,395559.422,0.812,-0.213,-0.037,0.543,3051,0,0,0,0,260,0,147,20,0.031,96,0,16.574,2.872,2.640,16.360,-0.280,-0.281,-0.014,0.959,0.612,-2.806,-0.838,0.000,0.000,1.592,0.030,2,NULL,NULL,,1,0,1,7,255,,250,0,0
stim,3589,3589,0,395564.420,0.812,-0.213,-0.037,0.543,3049,0,0,0,0,245,0,139,20,0.031,96,0,16.515,2.872,2.640,16.300,-0.280,-0.281,-0.013,0.958,0.610,-2.806,-0.838,0.000,0.000,1.592,0.030,2,NULL,NULL,,1,0,1,7,255,,250,0,0
stim,3600,3600,0,395569.424,0.812,-0.213,-0.037,0.543,3043,0,0,0,0,243,0,141,20,0.031,96,0,16.534,2.870,2.760,16.300,-0.280,-0.281,-0.014,0.958,0.604,-2.806,-0.840,0.000,0.000,1.592,0.030,2,NULL,NULL,,1,0,1,7,255,,250,0,0
stim,3600,3600,0,395574.420,0.812,-0.213,-0.037,0.543,3083,0,0,0,0,243,0,153,20,0.031,96,0,16.534,2.872,2.760,16.300,-0.280,-0.281,-0.013,0.958,0.610,-2.806,-0.840,0.000,0.000,1.592,0.030,2,NULL,NULL,,1,0,1,7,255,,250,0,0
stim,3602,3602,0,395579.420,0.812,-0.213,-0.037,0.543,3063,0,0,0,0,251,0,151,20,0.031,96,0,16.534,2.872,2.760,16.300,-0.280,-0.281,-0.012,0.959,0.612,-2.806,-0.838,0.000,0.000,1.592,0.030,2,NULL,NULL,,1,0,1,7,255,,250,0,0
stim,3602,3602,0,395584.420,0.812,-0.213,-0.037,0.543,3045,0,0,0,0,244,0,142,20,0.031,96,0,16.584,2.866,2.700,16.360,-0.280,-0.282,-0.013,0.958,0.612,-2.800,-0.834,0.000,0.000,1.592,0.030,2,NULL,NULL,,1,0,1,7,255,,250,0,0
stim,3622,3622,0,395589.420,0.812,-0.213,-0.037,0.543,3047,0,0,0,0,242,0,140,20,0.031,96,0,16.527,2.865,2.700,16.300,-0.400,-0.281,-0.014,0.959,0.606,-2.800,-0.832,0.000,0.000,1.592,0.030,2,NULL,NULL,,1,0,1,7,255,,250,0,0
stim,3622,3622,0,395594.420,0.812,-0.213,-0.037,0.543,3059,0,0,0,0,246,0,145,20,0.031,96,0,16.524,2.871,2.700,16.300,-0.280,-0.281,-0.013,0.958,0.606,-2.806,-0.834,0.000,0.000,1.592,0.030,2,NULL,NULL,,1,0,1,7,255,,250,0,0
stim,3623,3623,0,395599.420,0.812,-0.213,-0.037,0.543,3046,0,0,0,0,247,0,147,20,0.031,96,0,16.534,2.871,2.760,16.300,-0.280,-0.281,-0.013,0.958,0.606,-2.806,-0.838,0.000,0.000,1.592,0.030,2,NULL,NULL,,1,0,1,7,255,,250,0,0
stim,3623,3623,0,395604.420,0.812,-0.213,-0.037,0.543,3067,0,0,0,0,245,0,141,20,0.031,96,0,16.524,2.864,2.700,16.300,-0.280,-0.281,-0.012,0.958,0.610,-2.798,-0.840,0.000,0.000,1.592,0.030,2,NULL,NULL,,1,0,1,7,255,,250,0,0
stim,3664,3664,0,395609.420,0.812,-0.213,-0.037,0.543,3051,0,0,0,0,251,0,153,20,0.031,96,0,16.526,2.863,2.700,16.300,-0.340,-0.281,-0.013,0.958,0.606,-2.798,-0.840,0.000,0.000,1.592,0.030,2,NULL,NULL,,1,0,1,7,255,,250,0,0
stim,3664,3664,0,395614.422,0.812,-0.213,-0.037,0.543,3047,0,0,0,0,250,0,143,20,0.031,96,0,16.517,2.866,2.640,16.300,-0.400,-0.281,-0.013,0.957,0.602,-2.802,-0.840,0.000,0.000,1.592,0.030,2,NULL,NULL,,1,0,1,7,255,,250,0,0
stim,3679,3679,0,395619.420,0.812,-0.213,-0.037,0.543,3053,0,0,0,0,249,0,147,20,0.031,96,0,16.526,2.868,2.700,16.300,-0.340,-0.279,-0.012,0.959,0.602,-2.804,-0.842,0.000,0.000,1.592,0.030,2,NULL,NULL,,1,0,1,7,255,,250,0,0
stim,3679,3679,0,395624.420,0.812,-0.213,-0.036,0.543,3046,0,0,0,0,246,0,141,20,0.031,96,0,16.516,2.874,2.640,16.300,-0.340,-0.281,-0.014,0.958,0.602,-2.810,-0.842,0.000,0.000,1.592,0.030,2,NULL,NULL,,1,0,1,7,255,,250,0,0
stim,3679,3679,0,395629.420,0.812,-0.213,-0.036,0.543,3087,0,0,0,0,248,0,143,20,0.031,96,0,16.524,2.873,2.700,16.300,-0.280,-0.281,-0.014,0.958,0.600,-2.810,-0.842,0.000,0.000,1.592,0.030,2,NULL,NULL,,1,0,1,7,255,,250,0,0
stim,3679,3679,0,395634.420,0.812,-0.213,-0.036,0.543,3039,0,0,0,0,250,0,143,20,0.031,96,0,16.574,2.873,2.640,16.360,-0.280,-0.280,-0.012,0.959,0.600,-2.810,-0.840,0.000,0.000,1.592,0.030,2,NULL,NULL,,1,0,1,7,255,,250,0,0
stim,3679,3679,0,395639.422,0.812,-0.213,-0.036,0.543,3065,0,0,0,0,247,0,141,20,0.031,96,0,16.654,2.869,2.640,16.440,-0.340,-0.283,-0.013,0.958,0.598,-2.806,-0.836,0.000,0.000,1.592,0.030,2,NULL,NULL,,1,0,1,7,255,,250,0,0
stim,3679,3679,0,395644.420,0.812,-0.213,-0.036,0.543,3087,0,0,0,0,245,0,143,20,0.031,96,0,16.575,2.868,2.640,16.360,-0.340,-0.282,-0.013,0.959,0.602,-2.804,-0.832,0.000,0.000,1.592,0.030,2,NULL,NULL,,1,0,1,7,255,,250,0,0
stim,3679,3679,0,395649.420,0.812,-0.213,-0.036,0.543,3045,0,0,0,0,246,0,139,20,0.031,96,0,16.575,2.868,2.640,16.360,-0.340,-0.281,-0.013,0.958,0.602,-2.804,-0.832,0.000,0.000,1.592,0.030,2,NULL,NULL,,1,0,1,7,255,,250,0,0
stim,3679,3679,0,395654.420,0.811,-0.213,-0.036,0.543,3089,0,0,0,0,249,0,148,20,0.031,96,0,16.576,2.869,2.640,16.360,-0.400,-0.282,-0.012,0.958,0.606,-2.804,-0.834,0.000,0.000,1.592,0.030,2,NULL,NULL,,1,0,1,7,255,,250,0,0
stim,3681,3681,0,395659.420,0.811,-0.213,-0.036,0.543,3055,0,0,0,0,246,0,149,20,0.031,96,0,16.576,2.862,2.640,16.360,-0.400,-0.282,-0.012,0.958,0.612,-2.796,-0.834,0.000,0.000,1.592,0.030,2,NULL,NULL,,1,0,1,7,255,,250,0,0
stim,3681,3681,0,395664.422,0.811,-0.213,-0.036,0.543,3043,0,0,0,0,247,0,139,20,0.031,96,0,16.578,2.862,2.640,16.360,-0.460,-0.281,-0.012,0.959,0.612,-2.796,-0.834,0.000,0.000,1.592,0.030,2,NULL,NULL,,1,0,1,7,255,,250,0,0
stim,3695,3695,0,395669.421,0.811,-0.213,-0.036,0.543,3047,0,0,0,0,246,0,141,20,0.031,96,0,16.580,2.872,2.640,16.360,-0.520,-0.281,-0.012,0.959,0.612,-2.806,-0.834,0.000,0.000,1.592,0.030,2,NULL,NULL,,1,0,1,7,255,,250,0,0
stim,3711,3711,0,395674.421,0.811,-0.213,-0.036,0.543,3044,0,0,0,0,239,0,139,20,0.031,96,0,16.569,2.874,2.580,16.360,-0.460,-0.281,-0.013,0.959,0.612,-2.808,-0.828,0.000,0.000,1.592,0.030,2,NULL,NULL,,1,0,1,7,255,,250,0,0
stim,3711,3711,0,395679.420,0.811,-0.213,-0.036,0.543,3044,0,0,0,0,243,0,139,20,0.031,96,0,16.567,2.871,2.580,16.360,-0.400,-0.281,-0.012,0.958,0.608,-2.806,-0.828,0.000,0.000,1.592,0.030,2,NULL,NULL,,1,0,1,7,255,,250,0,0
stim,3711,3711,0,395684.420,0.811,-0.213,-0.036,0.543,3046,0,0,0,0,261,0,149,20,0.031,96,0,16.567,2.866,2.580,16.360,-0.400,-0.282,-0.013,0.959,0.604,-2.802,-0.828,0.000,0.000,1.592,0.030,2,NULL,NULL,,1,0,1,7,255,,250,0,0
stim,3711,3711,0,395689.420,0.811,-0.213,-0.036,0.543,3045,0,0,0,0,263,0,141,20,0.031,96,0,16.569,2.865,2.580,16.360,-0.460,-0.282,-0.014,0.958,0.598,-2.802,-0.834,0.000,0.000,1.592,0.030,2,NULL,NULL,,1,0,1,7,255,,250,0,0
stim,3711,3711,0,395694.420,0.811,-0.213,-0.036,0.543,3045,0,0,0,0,263,0,141,20,0.031,96,0,16.570,2.865,2.580,16.360,-0.520,-0.282,-0.013,0.958,0.598,-2.802,-0.834,0.000,0.000,1.592,0.030,2,NULL,NULL,,1,0,1,7,255,,250,0,0
stim,3727,3727,0,395699.420,0.811,-0.213,-0.036,0.543,3079,0,0,0,0,265,0,143,20,0.031,96,0,16.569,2.862,2.580,16.360,-0.460,-0.281,-0.012,0.957,0.602,-2.798,-0.838,0.000,0.000,1.592,0.030,2,NULL,NULL,,1,0,1,7,255,,250,0,0
stim,3727,3727,0,395704.420,0.811,-0.213,-0.036,0.543,3044,0,0,0,0,264,0,141,20,0.031,96,0,16.638,2.862,2.520,16.440,-0.460,-0.282,-0.013,0.959,0.604,-2.798,-0.838,0.000,0.000,1.592,0.030,2,NULL,NULL,,1,0,1,7,255,,250,0,0
stim,3759,3759,0,395709.420,0.811,-0.213,-0.036,0.543,3044,0,0,0,0,261,0,140,20,0.031,96,0,16.580,2.869,2.640,16.360,-0.520,-0.281,-0.012,0.958,0.606,-2.804,-0.842,0.000,0.000,1.592,0.030,2,NULL,NULL,,1,0,1,7,255,,250,0,0
stim,3759,3759,0,395714.422,0.811,-0.213,-0.036,0.543,3081,0,0,0,0,261,0,142,20,0.031,96,0,16.572,2.870,2.580,16.360,-0.580,-0.281,-0.012,0.958,0.610,-2.804,-0.842,0.000,0.000,1.592,0.030,2,NULL,NULL,,1,0,1,7,255,,250,0,0
stim,3775,3775,0,395719.422,0.811,-0.213,-0.036,0.543,3065,0,0,0,0,260,0,140,20,0.031,96,0,16.654,2.868,2.580,16.440,-0.640,-0.282,-0.012,0.958,0.610,-2.802,-0.842,0.000,0.000,1.592,0.030,2,NULL,NULL,,1,0,1,7,255,,250,0,0
stim,3775,3775,0,395724.420,0.811,-0.213,-0.036,0.543,3045,0,0,0,0,254,0,142,20,0.031,96,0,16.704,2.868,2.520,16.500,-0.640,-0.281,-0.013,0.959,0.610,-2.802,-0.834,0.000,0.000,1.592,0.030,2,NULL,NULL,,1,0,1,7,255,,250,0,0
stim,3775,3775,0,395729.420,0.811,-0.213,-0.036,0.543,3079,0,0,0,0,255,0,153,20,0.031,96,0,16.556,2.869,2.460,16.360,-0.640,-0.282,-0.013,0.959,0.606,-2.804,-0.832,0.000,0.000,1.592,0.030,2,NULL,NULL,,1,0,1,7,255,,250,0,0
stim,3775,3775,0,395734.420,0.811,-0.213,-0.036,0.543,3040,0,0,0,0,263,0,142,20,0.031,96,0,16.554,2.869,2.460,16.360,-0.580,-0.282,-0.012,0.959,0.606,-2.804,-0.830,0.000,0.000,1.592,0.030,2,NULL,NULL,,1,0,1,7,255,,250,0,0
stim,3775,3775,0,395739.420,0.811,-0.213,-0.036,0.543,3051,0,0,0,0,264,0,145,20,0.031,96,0,16.642,2.864,2.520,16.440,-0.580,-0.282,-0.012,0.957,0.604,-2.800,-0.830,0.000,0.000,1.592,0.030,2,NULL,NULL,,1,0,1,7,255,,250,0,0
stim,3775,3775,0,395744.420,0.811,-0.213,-0.036,0.543,3093,0,0,0,0,263,0,144,20,0.031,96,0,16.565,2.864,2.520,16.360,-0.640,-0.281,-0.013,0.958,0.604,-2.800,-0.836,0.000,0.000,1.592,0.030,2,NULL,NULL,,1,0,1,7,255,,250,0,0
stim,3775,3775,0,395749.420,0.811,-0.213,-0.036,0.543,3045,0,0,0,0,255,0,139,20,0.031,96,0,16.638,2.862,2.460,16.440,-0.700,-0.282,-0.013,0.958,0.604,-2.798,-0.836,0.000,0.000,1.592,0.030,2,NULL,NULL,,1,0,1,7,255,,250,0,0
stim,3775,3775,0,395754.420,0.811,-0.213,-0.036,0.543,3077,0,0,0,0,253,0,147,20,0.031,96,0,16.647,2.866,2.520,16.440,-0.700,-0.281,-0.012,0.958,0.604,-2.802,-0.836,0.000,0.000,1.592,0.030,2,NULL,NULL,,1,0,1,7,255,,250,0,0
stim,3791,3791,0,395759.420,0.811,-0.213,-0.036,0.543,3051,0,0,0,0,252,0,143,20,0.031,96,0,16.633,2.866,2.460,16.440,-0.580,-0.281,-0.013,0.957,0.604,-2.802,-0.846,0.000,0.000,1.592,0.030,2,NULL,NULL,,1,0,1,7,255,,250,0,0
stim,3791,3791,0,395764.422,0.811,-0.213,-0.036,0.543,3043,0,0,0,0,251,0,141,20,0.031,96,0,16.563,2.866,2.520,16.360,-0.580,-0.281,-0.013,0.958,0.604,-2.802,-0.846,0.000,0.000,1.592,0.030,2,NULL,NULL,,1,0,1,7,255,,250,0,0
stim,3807,3807,0,395769.420,0.811,-0.213,-0.036,0.543,3063,0,0,0,0,249,0,145,20,0.031,96,0,16.640,2.871,2.520,16.440,-0.520,-0.281,-0.014,0.959,0.600,-2.808,-0.836,0.000,0.000,1.592,0.030,2,NULL,NULL,,1,0,1,7,255,,250,0,0
stim,3807,3807,0,395774.420,0.811,-0.213,-0.036,0.544,3047,0,0,0,0,252,0,140,20,0.031,96,0,16.556,2.875,2.460,16.360,-0.640,-0.281,-0.014,0.958,0.598,-2.812,-0.836,0.000,0.000,1.592,0.030,2,NULL,NULL,,1,0,1,7,255,,250,0,0
stim,3807,3807,0,395779.420,0.811,-0.213,-0.036,0.544,3045,0,0,0,0,252,0,140,20,0.031,96,0,16.565,2.875,2.520,16.360,-0.640,-0.280,-0.014,0.958,0.598,-2.812,-0.836,0.000,0.000,1.592,0.030,2,NULL,NULL,,1,0,1,7,255,,250,0,0
stim,3807,3807,0,395784.420,0.811,-0.213,-0.036,0.544,3045,0,0,0,0,251,0,139,20,0.031,96,0,16.633,2.874,2.460,16.440,-0.580,-0.281,-0.014,0.957,0.592,-2.812,-0.848,0.000,0.000,1.592,0.030,2,NULL,NULL,,1,0,1,7,255,,250,0,0
stim,3807,3807,0,395789.420,0.811,-0.213,-0.036,0.544,3051,0,0,0,0,253,0,151,20,0.031,96,0,16.570,2.874,2.580,16.360,-0.520,-0.281,-0.014,0.958,0.592,-2.812,-0.848,0.000,0.000,1.592,0.030,2,NULL,NULL,,1,0,1,7,255,,250,0,0
stim,3807,3807,0,395794.420,0.811,-0.213,-0.036,0.544,3044,0,0,0,0,251,0,140,20,0.031,96,0,16.638,2.865,2.520,16.440,-0.460,-0.282,-0.014,0.958,0.590,-2.804,-0.840,0.000,0.000,1.592,0.030,2,NULL,NULL,,1,0,1,7,255,,250,0,0
stim,3855,3855,0,395799.420,0.811,-0.213,-0.036,0.544,3045,0,0,0,0,249,0,140,20,0.031,96,0,16.570,2.866,2.580,16.360,-0.520,-0.281,-0.012,0.958,0.592,-2.804,-0.840,0.000,0.000,1.592,0.030,2,NULL,NULL,,1,0,1,7,255,,250,0,0
stim,3855,3855,0,395804.420,0.811,-0.213,-0.036,0.544,3063,0,0,0,0,253,0,155,20,0.031,96,0,16.570,2.866,2.580,16.360,-0.520,-0.279,-0.015,0.958,0.594,-2.804,-0.842,0.000,0.000,1.592,0.030,2,NULL,NULL,,1,0,1,7,255,,250,0,0
stim,3873,3873,0,395809.420,0.811,-0.213,-0.036,0.544,3078,0,0,0,0,263,0,145,20,0.031,96,0,16.570,2.878,2.580,16.360,-0.520,-0.280,-0.015,0.958,0.594,-2.816,-0.850,0.000,0.000,1.592,0.030,2,NULL,NULL,,1,0,1,7,255,,250,0,0
stim,3873,3873,0,395814.422,0.811,-0.213,-0.036,0.544,3044,0,0,0,0,259,0,144,20,0.031,96,0,16.517,2.878,2.640,16.300,-0.400,-0.280,-0.013,0.958,0.594,-2.816,-0.850,0.000,0.000,1.592,0.030,2,NULL,NULL,,1,0,1,7,255,,250,0,0
stim,3887,3887,0,395819.420,0.811,-0.213,-0.036,0.544,3045,0,0,0,0,251,0,140,20,0.031,96,0,16.646,2.877,2.580,16.440,-0.400,-0.282,-0.013,0.958,0.600,-2.814,-0.842,0.000,0.000,1.592,0.030,2,NULL,NULL,,1,0,1,7,255,,250,0,0
stim,3887,3887,0,395824.420,0.811,-0.213,-0.036,0.544,3045,0,0,0,0,253,0,141,20,0.031,96,0,16.657,2.870,2.640,16.440,-0.460,-0.281,-0.012,0.959,0.604,-2.806,-0.842,0.000,0.000,1.592,0.030,2,NULL,NULL,,1,0,1,7,255,,250,0,0
stim,3887,3887,0,395829.420,0.811,-0.213,-0.036,0.544,3091,0,0,0,0,262,0,141,20,0.031,96,0,16.576,2.867,2.640,16.360,-0.400,-0.282,-0.013,0.958,0.600,-2.804,-0.834,0.000,0.000,1.592,0.030,2,NULL,NULL,,1,0,1,7,255,,250,0,0
stim,3887,3887,0,395834.420,0.811,-0.213,-0.036,0.544,3075,0,0,0,0,264,0,151,20,0.031,96,0,16.576,2.867,2.640,16.360,-0.400,-0.281,-0.013,0.958,0.598,-2.804,-0.834,0.000,0.000,1.592,0.030,2,NULL,NULL,,1,0,1,7,255,,250,0,0
stim,3887,3887,0,395839.422,0.811,-0.213,-0.036,0.544,3047,0,0,0,0,260,0,143,20,0.031,96,0,16.576,2.867,2.640,16.360,-0.400,-0.282,-0.014,0.958,0.598,-2.804,-0.836,0.000,0.000,1.592,0.030,2,NULL,NULL,,1,0,1,7,255,,250,0,0
stim,3887,3887,0,395844.420,0.811,-0.213,-0.036,0.544,3051,0,0,0,0,248,0,139,20,0.031,96,0,16.584,2.864,2.700,16.360,-0.280,-0.282,-0.013,0.957,0.594,-2.802,-0.844,0.000,0.000,1.592,0.030,2,NULL,NULL,,1,0,1,7,255,,250,0,0
stim,3887,3887,0,395849.420,0.811,-0.213,-0.036,0.544,3039,0,0,0,0,251,0,140,20,0.031,96,0,16.584,2.864,2.700,16.360,-0.280,-0.281,-0.013,0.959,0.594,-2.802,-0.836,0.000,0.000,1.592,0.030,2,NULL,NULL,,1,0,1,7,255,,250,0,0
stim,3887,3887,0,395854.420,0.811,-0.213,-0.036,0.544,3048,0,0,0,0,259,0,145,20,0.031,96,0,16.585,2.870,2.700,16.360,-0.340,-0.281,-0.013,0.958,0.604,-2.806,-0.836,0.000,0.000,1.592,0.030,2,NULL,NULL,,1,0,1,7,255,,250,0,0
stim,3906,3906,0,395859.420,0.811,-0.213,-0.036,0.544,3047,0,0,0,0,271,0,145,20,0.031,96,0,16.585,2.870,2.700,16.360,-0.340,-0.282,-0.014,0.958,0.604,-2.806,-0.836,0.000,0.000,1.592,0.030,2,NULL,NULL,,1,0,1,7,255,,250,0,0
stim,3906,3906,0,395864.422,0.811,-0.213,-0.036,0.544,3083,0,0,0,0,251,0,153,20,0.031,96,0,16.524,2.866,2.700,16.300,-0.280,-0.282,-0.013,0.958,0.602,-2.802,-0.836,0.000,0.000,1.592,0.030,2,NULL,NULL,,1,0,1,7,255,,250,0,0
stim,3907,3907,0,395869.421,0.811,-0.213,-0.036,0.544,3045,0,0,0,0,249,0,139,20,0.031,96,0,16.534,2.864,2.760,16.300,-0.280,-0.282,-0.013,0.958,0.600,-2.800,-0.838,0.000,0.000,1.592,0.030,2,NULL,NULL,,1,0,1,7,255,,250,0,0
stim,3907,3907,0,395874.422,0.811,-0.213,-0.036,0.544,3045,0,0,0,0,251,0,141,20,0.031,96,0,16.593,2.866,2.760,16.360,-0.220,-0.282,-0.013,0.959,0.602,-2.802,-0.834,0.000,0.000,1.592,0.030,2,NULL,NULL,,1,0,1,7,255,,250,0,0
stim,3919,3919,0,395879.420,0.811,-0.213,-0.036,0.544,3045,0,0,0,0,244,0,141,20,0.031,96,0,16.533,2.871,2.760,16.300,-0.220,-0.281,-0.014,0.958,0.600,-2.808,-0.838,0.000,0.000,1.592,0.030,2,NULL,NULL,,1,0,1,7,255,,250,0,0
stim,3919,3919,0,395884.420,0.811,-0.213,-0.036,0.544,3043,0,0,0,0,247,0,139,20,0.031,96,0,16.524,2.878,2.700,16.300,-0.220,-0.280,-0.013,0.959,0.602,-2.814,-0.838,0.000,0.000,1.592,0.030,2,NULL,NULL,,1,0,1,7,255,,250,0,0
stim,3919,3919,0,395889.420,0.811,-0.213,-0.036,0.544,3045,0,0,0,0,247,0,140,20,0.031,96,0,16.583,2.877,2.700,16.360,-0.220,-0.280,-0.014,0.958,0.590,-2.816,-0.844,0.000,0.000,1.592,0.030,2,NULL,NULL,,1,0,1,7,255,,250,0,0
stim,3919,3919,0,395894.420,0.811,-0.213,-0.036,0.544,3045,0,0,0,0,254,0,138,20,0.031,96,0,16.474,2.877,2.760,16.240,-0.160,-0.283,-0.013,0.958,0.590,-2.816,-0.838,0.000,0.000,1.592,0.030,2,NULL,NULL,,1,0,1,7,255,,250,0,0
stim,3919,3919,0,395899.420,0.811,-0.213,-0.036,0.544,3047,0,0,0,0,249,0,139,20,0.031,96,0,16.544,2.865,2.820,16.300,-0.220,-0.280,-0.012,0.957,0.590,-2.804,-0.850,0.000,0.000,1.592,0.030,2,NULL,NULL,,1,0,1,7,255,,250,0,0
stim,3919,3919,0,395904.420,0.811,-0.213,-0.036,0.544,3044,0,0,0,0,253,0,139,20,0.031,96,0,16.494,2.861,2.880,16.240,-0.160,-0.282,-0.013,0.958,0.596,-2.798,-0.836,0.000,0.000,1.592,0.030,2,NULL,NULL,,1,0,1,7,255,,250,0,0
stim,3951,3951,0,395909.420,0.811,-0.213,-0.036,0.544,3063,0,0,0,0,250,0,147,20,0.031,96,0,16.543,2.865,2.820,16.300,-0.160,-0.282,-0.013,0.959,0.598,-2.802,-0.836,0.000,0.000,1.592,0.030,2,NULL,NULL,,1,0,1,7,255,,250,0,0
stim,3951,3951,0,395914.422,0.811,-0.213,-0.036,0.544,3056,0,0,0,0,249,0,142,20,0.031,96,0,16.533,2.865,2.760,16.300,-0.160,-0.281,-0.012,0.958,0.598,-2.802,-0.836,0.000,0.000,1.592,0.030,2,NULL,NULL,,1,0,1,7,255,,250,0,0
stim,3970,3970,0,395919.420,0.811,-0.213,-0.036,0.544,3063,0,0,0,0,251,0,153,20,0.031,96,0,16.524,2.865,2.700,16.300,-0.220,-0.282,-0.013,0.958,0.598,-2.802,-0.842,0.000,0.000,1.592,0.030,2,NULL,NULL,,1,0,1,7,255,,250,0,0
stim,3970,3970,0,395924.420,0.811,-0.213,-0.036,0.544,3044,0,0,0,0,248,0,141,20,0.031,96,0,16.534,2.865,2.760,16.300,-0.280,-0.281,-0.013,0.958,0.598,-2.802,-0.842,0.000,0.000,1.592,0.030,2,NULL,NULL,,1,0,1,7,255,,250,0,0
stim,3984,3984,0,395929.420,0.811,-0.213,-0.036,0.544,3049,0,0,0,0,253,0,143,20,0.031,96,0,16.533,2.871,2.760,16.300,-0.220,-0.281,-0.013,0.958,0.598,-2.808,-0.842,0.000,0.000,1.592,0.030,2,NULL,NULL,,1,0,1,7,255,,250,0,0
stim,3984,3984,0,395934.420,0.811,-0.213,-0.036,0.544,3077,0,0,0,0,259,0,144,20,0.031,96,0,16.544,2.871,2.820,16.300,-0.220,-0.282,-0.013,0.958,0.598,-2.808,-0.838,0.000,0.000,1.592,0.030,2,NULL,NULL,,1,0,1,7,255,,250,0,0
stim,3984,3984,0,395939.422,0.811,-0.213,-0.036,0.544,3067,0,0,0,0,245,0,151,20,0.031,96,0,16.533,2.871,2.760,16.300,-0.160,-0.281,-0.013,0.958,0.598,-2.808,-0.840,0.000,0.000,1.592,0.030,2,NULL,NULL,,1,0,1,7,255,,250,0,0
stim,3984,3984,0,395944.420,0.811,-0.213,-0.036,0.544,3063,0,0,0,0,247,0,141,20,0.031,96,0,16.544,2.869,2.820,16.300,-0.220,-0.281,-0.012,0.958,0.598,-2.806,-0.836,0.000,0.000,1.592,0.030,2,NULL,NULL,,1,0,1,7,255,,250,0,0
stim,3985,3985,0,395949.420,0.811,-0.213,-0.036,0.544,3043,0,0,0,0,238,0,139,20,0.031,96,0,16.593,2.869,2.760,16.360,-0.220,-0.281,-0.013,0.958,0.598,-2.806,-0.840,0.000,0.000,1.592,0.030,2,NULL,NULL,,1,0,1,7,255,,250,0,0
stim,3985,3985,0,395954.420,0.811,-0.213,-0.036,0.544,3081,0,0,0,0,253,0,151,20,0.031,96,0,16.484,2.869,2.820,16.240,-0.160,-0.281,-0.013,0.958,0.598,-2.806,-0.842,0.000,0.000,1.592,0.030,2,NULL,NULL,,1,0,1,7,255,,250,0,0
stim,4001,4001,0,395959.420,0.811,-0.213,-0.036,0.544,3048,0,0,0,0,247,0,141,20,0.031,96,0,16.533,2.869,2.760,16.300,-0.160,-0.281,-0.011,0.958,0.598,-2.806,-0.842,0.000,0.000,1.592,0.030,2,NULL,NULL,,1,0,1,7,255,,250,0,0
stim,4001,4001,0,395964.422,0.811,-0.213,-0.036,0.544,3043,0,0,0,0,248,0,139,20,0.031,96,0,16.544,2.871,2.820,16.300,-0.220,-0.281,-0.014,0.958,0.598,-2.808,-0.842,0.000,0.000,1.592,0.030,2,NULL,NULL,,1,0,1,7,255,,250,0,0
stim,4001,4001,0,395969.421,0.811,-0.213,-0.036,0.544,3045,0,0,0,0,243,0,139,20,0.031,96,0,16.593,2.870,2.760,16.360,-0.220,-0.281,-0.012,0.958,0.602,-2.806,-0.842,0.000,0.000,1.592,0.030,2,NULL,NULL,,1,0,1,7,255,,250,0,0
stim,4001,4001,0,395974.420,0.811,-0.213,-0.036,0.544,3045,0,0,0,0,239,0,139,20,0.031,96,0,16.593,2.874,2.760,16.360,-0.220,-0.281,-0.013,0.958,0.594,-2.812,-0.842,0.000,0.000,1.592,0.030,2,NULL,NULL,,1,0,1,7,255,,250,0,0
stim,4001,4001,0,395979.420,0.811,-0.213,-0.036,0.544,3065,0,0,0,0,223,0,140,20,0.031,96,0,16.544,2.870,2.820,16.300,-0.220,-0.281,-0.012,0.958,0.602,-2.806,-0.842,0.000,0.000,1.592,0.030,2,NULL,NULL,,1,0,1,7,255,,250,0,0
stim,4001,4001,0,395984.420,0.811,-0.213,-0.036,0.544,3064,0,0,0,0,237,0,151,20,0.031,96,0,16.533,2.867,2.760,16.300,-0.220,-0.281,-0.012,0.957,0.598,-2.804,-0.842,0.000,0.000,1.592,0.030,2,NULL,NULL,,1,0,1,7,255,,250,0,0
stim,4019,4019,0,395989.420,0.811,-0.213,-0.036,0.544,3043,0,0,0,0,231,0,139,20,0.031,96,0,16.534,2.867,2.760,16.300,-0.280,-0.281,-0.012,0.958,0.598,-2.804,-0.842,0.000,0.000,1.592,0.030,2,NULL,NULL,,1,0,1,7,255,,250,0,0
stim,4019,4019,0,395994.420,0.811,-0.213,-0.036,0.544,3045,0,0,0,0,231,0,139,20,0.031,96,0,16.534,2.867,2.760,16.300,-0.280,-0.281,-0.012,0.958,0.598,-2.804,-0.840,0.000,0.000,1.592,0.030,2,NULL,NULL,,1,0,1,7,255,,250,0,0
stim,4019,4019,0,395999.420,0.811,-0.213,-0.036,0.544,3049,0,0,0,0,239,0,138,20,0.031,96,0,16.524,2.867,2.700,16.300,-0.280,-0.281,-0.012,0.958,0.598,-2.804,-0.840,0.000,0.000,1.592,0.030,2,NULL,NULL,,1,0,1,7,255,,250,0,0
stim,4019,4019,0,396004.420,0.811,-0.213,-0.036,0.544,3081,0,0,0,0,237,0,146,20,0.031,96,0,16.524,2.873,2.700,16.300,-0.280,-0.281,-0.013,0.958,0.598,-2.810,-0.838,0.000,0.000,1.592,0.030,2,NULL,NULL,,1,0,1,7,255,,250,0,0
stim,4063,4063,0,396009.420,0.811,-0.213,-0.036,0.544,3043,0,0,0,0,235,0,140,20,0.031,96,0,16.515,2.873,2.640,16.300,-0.280,-0.281,-0.012,0.958,0.600,-2.810,-0.838,0.000,0.000,1.592,0.030,2,NULL,NULL,,1,0,1,7,255,,250,0,0
stim,4063,4063,0,396014.421,0.811,-0.213,-0.036,0.544,3043,0,0,0,0,233,0,141,20,0.031,96,0,16.457,2.871,2.640,16.240,-0.340,-0.282,-0.012,0.958,0.598,-2.808,-0.842,0.000,0.000,1.592,0.030,2,NULL,NULL,,1,0,1,7,255,,250,0,0
stim,4079,4079,0,396019.422,0.811,-0.213,-0.036,0.544,3044,0,0,0,0,235,0,139,20,0.031,96,0,16.516,2.871,2.640,16.300,-0.340,-0.281,-0.013,0.958,0.598,-2.808,-0.842,0.000,0.000,1.592,0.030,2,NULL,NULL,,1,0,1,7,255,,250,0,0
stim,4079,4079,0,396024.420,0.811,-0.213,-0.036,0.544,3045,0,0,0,0,236,0,137,20,0.031,96,0,16.575,2.873,2.640,16.360,-0.340,-0.282,-0.013,0.959,0.596,-2.810,-0.838,0.000,0.000,1.592,0.030,2,NULL,NULL,,1,0,1,7,255,,250,0,0
stim,4079,4079,0,396029.420,0.810,-0.213,-0.036,0.544,3043,0,0,0,0,225,0,141,20,0.031,96,0,16.497,2.873,2.520,16.300,-0.340,-0.282,-0.012,0.959,0.596,-2.810,-0.826,0.000,0.000,1.592,0.030,2,NULL,NULL,,1,0,1,7,255,,250,0,0
stim,4079,4079,0,396034.420,0.810,-0.213,-0.036,0.544,3087,0,0,0,0,222,0,141,20,0.031,96,0,16.498,2.871,2.520,16.300,-0.400,-0.281,-0.012,0.958,0.596,-2.808,-0.826,0.000,0.000,1.592,0.030,2,NULL,NULL,,1,0,1,7,255,,250,0,0
stim,4079,4079,0,396039.420,0.810,-0.213,-0.036,0.544,3053,0,0,0,0,228,0,145,20,0.031,96,0,16.498,2.869,2.520,16.300,-0.400,-0.281,-0.012,0.958,0.598,-2.806,-0.836,0.000,0.000,1.592,0.030,2,NULL,NULL,,1,0,1,7,255,,250,0,0
stim,4079,4079,0,396044.420,0.810,-0.213,-0.036,0.544,3047,0,0,0,0,227,0,139,20,0.031,96,0,16.578,2.869,2.640,16.360,-0.460,-0.282,-0.013,0.958,0.598,-2.806,-0.842,0.000,0.000,1.592,0.030,2,NULL,NULL,,1,0,1,7,255,,250,0,0
stim,4079,4079,0,396049.420,0.810,-0.213,-0.036,0.544,3043,0,0,0,0,218,0,139,20,0.031,96,0,16.580,2.864,2.640,16.360,-0.520,-0.282,-0.012,0.958,0.594,-2.802,-0.838,0.000,0.000,1.592,0.030,2,NULL,NULL,,1,0,1,7,255,,250,0,0
stim,4079,4079,0,396054.420,0.810,-0.213,-0.036,0.544,3087,0,0,0,0,217,0,139,20,0.031,96,0,16.580,2.864,2.640,16.360,-0.520,-0.281,-0.011,0.959,0.594,-2.802,-0.838,0.000,0.000,1.592,0.030,2,NULL,NULL,,1,0,1,7,255,,250,0,0
stim,4079,4079,0,396059.420,0.810,-0.213,-0.036,0.544,3060,0,0,0,0,223,0,144,20,0.031,96,0,16.572,2.867,2.580,16.360,-0.580,-0.281,-0.012,0.958,0.596,-2.804,-0.838,0.000,0.000,1.592,0.030,2,NULL,NULL,,1,0,1,7,255,,250,0,0
stim,4079,4079,0,396064.422,0.810,-0.213,-0.036,0.544,3099,0,0,0,0,221,0,139,20,0.031,96,0,16.570,2.867,2.580,16.360,-0.520,-0.282,-0.012,0.958,0.596,-2.804,-0.838,0.000,0.000,1.592,0.030,2,NULL,NULL,,1,0,1,7,255,,250,0,0
stim,4095,4095,0,396069.420,0.810,-0.213,-0.036,0.545,3093,0,0,0,0,222,0,142,20,0.031,96,0,16.572,2.862,2.580,16.360,-0.580,-0.282,-0.013,0.958,0.594,-2.800,-0.840,0.000,0.000,1.592,0.030,2,NULL,NULL,,1,0,1,7,255,,250,0,0
stim,4095,4095,0,396074.420,0.810,-0.213,-0.036,0.545,3045,0,0,0,0,215,0,139,20,0.031,96,0,16.575,2.862,2.580,16.360,-0.640,-0.282,-0.012,0.958,0.594,-2.800,-0.838,0.000,0.000,1.592,0.030,2,NULL,NULL,,1,0,1,7,255,,250,0,0
stim,4111,4111,0,396079.420,0.810,-0.213,-0.036,0.545,3053,0,0,0,0,217,0,136,20,0.031,96,0,16.568,2.861,2.520,16.360,-0.700,-0.282,-0.013,0.958,0.590,-2.800,-0.838,0.000,0.000,1.592,0.030,2,NULL,NULL,,1,0,1,7,255,,250,0,0
stim,4111,4111,0,396084.420,0.810,-0.213,-0.036,0.545,3046,0,0,0,0,219,0,145,20,0.031,96,0,16.635,2.865,2.460,16.440,-0.640,-0.282,-0.013,0.958,0.590,-2.804,-0.838,0.000,0.000,1.592,0.030,2,NULL,NULL,,1,0,1,7,255,,250,0,0
stim,4111,4111,0,396089.420,0.810,-0.213,-0.036,0.545,3049,0,0,0,0,216,0,140,20,0.031,96,0,16.638,2.869,2.460,16.440,-0.700,-0.280,-0.012,0.959,0.590,-2.808,-0.838,0.000,0.000,1.592,0.030,2,NULL,NULL,,1,0,1,7,255,,250,0,0
stim,4111,4111,0,396094.422,0.810,-0.213,-0.036,0.545,3043,0,0,0,0,217,0,139,20,0.031,96,0,16.635,2.870,2.460,16.440,-0.640,-0.281,-0.013,0.958,0.594,-2.808,-0.836,0.000,0.000,1.592,0.030,2,NULL,NULL,,1,0,1,7,255,,250,0,0
stim,4127,4127,0,396099.420,0.810,-0.213,-0.036,0.545,3043,0,0,0,0,213,0,138,20,0.031,96,0,16.647,2.871,2.520,16.440,-0.700,-0.282,-0.012,0.958,0.596,-2.808,-0.838,0.000,0.000,1.592,0.030,2,NULL,NULL,,1,0,1,7,255,,250,0,0
stim,4127,4127,0,396104.420,0.810,-0.213,-0.036,0.545,3048,0,0,0,0,213,0,140,20,0.031,96,0,16.561,2.869,2.460,16.360,-0.760,-0.281,-0.012,0.958,0.596,-2.806,-0.836,0.000,0.000,1.592,0.030,2,NULL,NULL,,1,0,1,7,255,,250,0,0
stim,4143,4143,0,396109.420,0.810,-0.213,-0.036,0.545,3052,0,0,0,0,221,0,139,20,0.031,96,0,16.632,2.869,2.400,16.440,-0.760,-0.281,-0.013,0.959,0.596,-2.806,-0.836,0.000,0.000,1.592,0.030,2,NULL,NULL,,1,0,1,7,255,,250,0,0
stim,4143,4143,0,396114.422,0.810,-0.213,-0.036,0.545,3055,0,0,0,0,218,0,141,20,0.031,96,0,16.615,2.868,2.280,16.440,-0.760,-0.282,-0.012,0.958,0.594,-2.806,-0.836,0.000,0.000,1.592,0.030,2,NULL,NULL,,1,0,1,7,255,,250,0,0
stim,4175,4175,0,396119.421,0.810,-0.213,-0.036,0.545,3044,0,0,0,0,217,0,139,20,0.031,96,0,16.682,2.860,2.340,16.500,-0.760,-0.282,-0.012,0.958,0.594,-2.798,-0.838,0.000,0.000,1.592,0.030,2,NULL,NULL,,1,0,1,7,255,,250,0,0
stim,4175,4175,0,396124.420,0.810,-0.213,-0.036,0.545,3076,0,0,0,0,239,0,139,20,0.031,96,0,16.677,2.860,2.280,16.500,-0.820,-0.282,-0.013,0.958,0.594,-2.798,-0.842,0.000,0.000,1.592,0.030,2,NULL,NULL,,1,0,1,7,255,,250,0,0
stim,4175,4175,0,396129.420,0.810,-0.213,-0.036,0.545,3043,0,0,0,0,231,0,137,20,0.031,96,0,16.618,2.864,2.280,16.440,-0.820,-0.281,-0.013,0.958,0.594,-2.802,-0.838,0.000,0.000,1.592,0.030,2,NULL,NULL,,1,0,1,7,255,,250,0,0
stim,4175,4175,0,396134.420,0.810,-0.213,-0.036,0.545,3065,0,0,0,0,229,0,139,20,0.031,96,0,16.684,2.875,2.280,16.500,-0.960,-0.280,-0.012,0.958,0.598,-2.812,-0.842,0.000,0.000,1.592,0.030,2,NULL,NULL,,1,0,1,7,255,,250,0,0
stim,4175,4175,0,396139.421,0.810,-0.213,-0.036,0.545,3053,0,0,0,0,224,0,139,20,0.031,96,0,16.680,2.876,2.280,16.500,-0.880,-0.281,-0.012,0.958,0.602,-2.812,-0.842,0.000,0.000,1.592,0.030,2,NULL,NULL,,1,0,1,7,255,,250,0,0
stim,4175,4175,0,396144.420,0.810,-0.213,-0.036,0.545,3047,0,0,0,0,235,0,138,20,0.031,96,0,16.669,2.872,2.220,16.500,-0.820,-0.282,-0.012,0.958,0.602,-2.808,-0.842,0.000,0.000,1.592,0.030,2,NULL,NULL,,1,0,1,7,255,,250,0,0
stim,4175,4175,0,396149.420,0.810,-0.213,-0.036,0.545,3076,0,0,0,0,243,0,143,20,0.031,96,0,16.629,2.863,2.340,16.440,-0.880,-0.282,-0.012,0.958,0.598,-2.800,-0.842,0.000,0.000,1.592,0.030,2,NULL,NULL,,1,0,1,7,255,,250,0,0
stim,4175,4175,0,396154.420,0.810,-0.213,-0.036,0.545,3049,0,0,0,0,222,0,141,20,0.031,96,0,16.680,2.863,2.280,16.500,-0.880,-0.282,-0.014,0.958,0.596,-2.800,-0.842,0.000,0.000,1.592,0.030,2,NULL,NULL,,1,0,1,7,255,,250,0,0
stim,4191,4191,0,396159.420,0.810,-0.213,-0.036,0.545,3043,0,0,0,0,219,0,139,20,0.031,96,0,16.684,2.867,2.280,16.500,-0.960,-0.282,-0.012,0.959,0.598,-2.804,-0.838,0.000,0.000,1.592,0.030,2,NULL,NULL,,1,0,1,7,255,,250,0,0
stim,4191,4191,0,396164.421,0.810,-0.213,-0.036,0.545,3045,0,0,0,0,231,0,150,20,0.031,96,0,16.684,2.866,2.280,16.500,-0.960,-0.282,-0.012,0.957,0.594,-2.804,-0.842,0.000,0.000,1.592,0.030,2,NULL,NULL,,1,0,1,7,255,,250,0,0
stim,4191,4191,0,396169.421,0.810,-0.213,-0.036,0.545,3044,0,0,0,0,243,0,137,20,0.031,96,0,16.693,2.868,2.340,16.500,-0.960,-0.281,-0.013,0.958,0.594,-2.806,-0.844,0.000,0.000,1.592,0.030,2,NULL,NULL,,1,0,1,7,255,,250,0,0
stim,4191,4191,0,396174.422,0.810,-0.213,-0.036,0.545,3047,0,0,0,0,234,0,141,20,0.031,96,0,16.684,2.868,2.280,16.500,-0.960,-0.282,-0.014,0.958,0.594,-2.806,-0.844,0.000,0.000,1.592,0.030,2,NULL,NULL,,1,0,1,7,255,,250,0,0
stim,4207,4207,0,396179.420,0.810,-0.213,-0.036,0.545,3087,0,0,0,0,239,0,141,20,0.031,96,0,16.680,2.866,2.280,16.500,-0.880,-0.282,-0.014,0.958,0.582,-2.806,-0.842,0.000,0.000,1.592,0.030,2,NULL,NULL,,1,0,1,7,255,,250,0,0
stim,4207,4207,0,396184.420,0.810,-0.213,-0.036,0.545,3021,0,0,0,0,232,0,141,20,0.031,96,0,16.625,2.866,2.280,16.440,-0.960,-0.281,-0.015,0.958,0.582,-2.806,-0.842,0.000,0.000,1.592,0.030,2,NULL,NULL,,1,0,1,7,255,,250,0,0
stim,4207,4207,0,396189.422,0.810,-0.213,-0.036,0.545,3045,0,0,0,0,243,0,139,20,0.031,96,0,16.684,2.866,2.280,16.500,-0.960,-0.281,-0.013,0.958,0.582,-2.806,-0.844,0.000,0.000,1.592,0.030,2,NULL,NULL,,1,0,1,7,255,,250,0,0
stim,4223,4223,0,396194.420,0.810,-0.213,-0.036,0.546,3045,0,0,0,0,247,0,144,20,0.031,96,0,16.684,2.866,2.280,16.500,-0.960,-0.282,-0.014,0.957,0.584,-2.806,-0.844,0.000,0.000,1.592,0.030,2,NULL,NULL,,1,0,1,7,255,,250,0,0
stim,4223,4223,0,396199.420,0.810,-0.213,-0.036,0.546,3047,0,0,0,0,247,0,141,20,0.031,96,0,16.693,2.858,2.340,16.500,-0.960,-0.283,-0.014,0.957,0.584,-2.798,-0.844,0.000,0.000,1.592,0.030,2,NULL,NULL,,1,0,1,7,255,,250,0,0
stim,4223,4223,0,396204.420,0.810,-0.213,-0.036,0.546,3087,0,0,0,0,249,0,140,20,0.031,96,0,16.684,2.858,2.280,16.500,-0.960,-0.282,-0.014,0.958,0.584,-2.798,-0.844,0.000,0.000,1.592,0.030,2,NULL,NULL,,1,0,1,7,255,,250,0,0
stim,4255,4255,0,396209.420,0.810,-0.213,-0.036,0.546,3078,0,0,0,0,243,0,140,20,0.031,96,0,16.688,2.865,2.280,16.500,-1.020,-0.281,-0.013,0.959,0.588,-2.804,-0.836,0.000,0.000,1.592,0.030,2,NULL,NULL,,1,0,1,7,255,,250,0,0
stim,4255,4255,0,396214.422,0.810,-0.213,-0.036,0.546,3049,0,0,0,0,249,0,141,20,0.031,96,0,16.693,2.871,2.340,16.500,-0.960,-0.281,-0.014,0.958,0.588,-2.810,-0.836,0.000,0.000,1.592,0.030,2,NULL,NULL,,1,0,1,7,255,,250,0,0
stim,4271,4271,0,396219.420,0.810,-0.213,-0.036,0.546,3065,0,0,0,0,245,0,153,20,0.031,96,0,16.629,2.875,2.340,16.440,-0.880,-0.281,-0.013,0.959,0.598,-2.812,-0.832,0.000,0.000,1.592,0.030,2,NULL,NULL,,1,0,1,7,255,,250,0,0
stim,4273,4273,0,396224.420,0.810,-0.213,-0.036,0.546,3047,0,0,0,0,267,0,138,20,0.031,96,0,16.638,2.873,2.400,16.440,-0.880,-0.281,-0.013,0.958,0.598,-2.810,-0.840,0.000,0.000,1.592,0.030,2,NULL,NULL,,1,0,1,7,255,,250,0,0
stim,4273,4273,0,396229.420,0.810,-0.213,-0.036,0.546,3047,0,0,0,0,263,0,139,20,0.031,96,0,16.629,2.875,2.340,16.440,-0.880,-0.281,-0.015,0.958,0.598,-2.812,-0.840,0.000,0.000,1.592,0.030,2,NULL,NULL,,1,0,1,7,255,,250,0,0
stim,4273,4273,0,396234.420,0.810,-0.213,-0.036,0.546,3050,0,0,0,0,263,0,140,20,0.031,96,0,16.634,2.870,2.400,16.440,-0.820,-0.281,-0.014,0.958,0.592,-2.808,-0.844,0.000,0.000,1.592,0.030,2,NULL,NULL,,1,0,1,7,255,,250,0,0
stim,4274,4274,0,396239.422,0.810,-0.213,-0.036,0.546,3063,0,0,0,0,249,0,141,20,0.031,96,0,16.632,2.870,2.400,16.440,-0.760,-0.281,-0.013,0.958,0.592,-2.808,-0.844,0.000,0.000,1.592,0.030,2,NULL,NULL,,1,0,1,7,255,,250,0,0
stim,4274,4274,0,396244.420,0.810,-0.213,-0.036,0.546,3050,0,0,0,0,237,0,143,20,0.031,96,0,16.640,2.870,2.460,16.440,-0.760,-0.281,-0.014,0.958,0.592,-2.808,-0.844,0.000,0.000,1.592,0.030,2,NULL,NULL,,1,0,1,7,255,,250,0,0
stim,4275,4275,0,396249.420,0.810,-0.213,-0.036,0.546,3043,0,0,0,0,231,0,138,20,0.031,96,0,16.638,2.865,2.460,16.440,-0.700,-0.282,-0.014,0.957,0.588,-2.804,-0.844,0.000,0.000,1.592,0.030,2,NULL,NULL,,1,0,1,7,255,,250,0,0
stim,4275,4275,0,396254.420,0.810,-0.213,-0.036,0.546,3055,0,0,0,0,235,0,139,20,0.031,96,0,16.559,2.873,2.460,16.360,-0.700,-0.281,-0.015,0.958,0.588,-2.812,-0.842,0.000,0.000,1.592,0.030,2,NULL,NULL,,1,0,1,7,255,,250,0,0
stim,4287,4287,0,396259.420,0.809,-0.213,-0.036,0.546,3049,0,0,0,0,264,0,140,20,0.031,96,0,16.554,2.868,2.460,16.360,-0.580,-0.282,-0.015,0.957,0.584,-2.808,-0.846,0.000,0.000,1.592,0.030,2,NULL,NULL,,1,0,1,7,255,,250,0,0
stim,4287,4287,0,396264.421,0.809,-0.213,-0.036,0.546,3045,0,0,0,0,260,0,139,20,0.031,96,0,16.561,2.866,2.520,16.360,-0.520,-0.281,-0.015,0.956,0.576,-2.808,-0.846,0.000,0.000,1.592,0.030,2,NULL,NULL,,1,0,1,7,255,,250,0,0
stim,4287,4287,0,396269.422,0.809,-0.213,-0.036,0.546,3087,0,0,0,0,260,0,147,20,0.031,96,0,16.550,2.866,2.460,16.360,-0.460,-0.282,-0.015,0.958,0.576,-2.808,-0.846,0.000,0.000,1.592,0.030,2,NULL,NULL,,1,0,1,7,255,,250,0,0
stim,4287,4287,0,396274.420,0.809,-0.213,-0.036,0.546,3045,0,0,0,0,261,0,139,20,0.031,96,0,16.561,2.869,2.520,16.360,-0.520,-0.280,-0.016,0.958,0.578,-2.810,-0.846,0.000,0.000,1.592,0.030,2,NULL,NULL,,1,0,1,7,255,,250,0,0
stim,4303,4303,0,396279.420,0.809,-0.213,-0.036,0.546,3046,0,0,0,0,253,0,139,20,0.031,96,0,16.500,2.877,2.520,16.300,-0.460,-0.281,-0.015,0.958,0.580,-2.818,-0.846,0.000,0.000,1.592,0.030,2,NULL,NULL,,1,0,1,7,255,,250,0,0
stim,4303,4303,0,396284.420,0.809,-0.213,-0.036,0.546,3003,0,0,0,0,264,0,140,20,0.031,96,0,16.517,2.877,2.640,16.300,-0.400,-0.282,-0.015,0.958,0.580,-2.818,-0.846,0.000,0.000,1.592,0.030,2,NULL,NULL,,1,0,1,7,255,,250,0,0
stim,4322,4322,0,396289.420,0.809,-0.213,-0.036,0.546,3045,0,0,0,0,251,0,139,20,0.031,96,0,16.515,2.875,2.640,16.300,-0.280,-0.281,-0.015,0.957,0.580,-2.816,-0.848,0.000,0.000,1.592,0.030,2,NULL,NULL,,1,0,1,7,255,,250,0,0
stim,4322,4322,0,396294.420,0.809,-0.213,-0.036,0.546,3047,0,0,0,0,248,0,141,20,0.031,96,0,16.574,2.868,2.640,16.360,-0.280,-0.282,-0.014,0.958,0.582,-2.808,-0.842,0.000,0.000,1.592,0.030,2,NULL,NULL,,1,0,1,7,255,,250,0,0
stim,4322,4322,0,396299.421,0.809,-0.213,-0.036,0.546,3053,0,0,0,0,253,0,141,20,0.031,96,0,16.475,2.867,2.760,16.240,-0.280,-0.282,-0.015,0.957,0.580,-2.808,-0.846,0.000,0.000,1.592,0.030,2,NULL,NULL,,1,0,1,7,255,,250,0,0
stim,4322,4322,0,396304.420,0.809,-0.213,-0.036,0.546,3049,0,0,0,0,252,0,140,20,0.031,96,0,16.476,2.868,2.760,16.240,-0.340,-0.282,-0.015,0.958,0.582,-2.808,-0.838,0.000,0.000,1.592,0.030,2,NULL,NULL,,1,0,1,7,255,,250,0,0
stim,4356,4356,0,396309.420,0.809,-0.213,-0.036,0.546,3043,0,0,0,0,251,0,140,20,0.031,96,0,16.465,2.872,2.700,16.240,-0.280,-0.281,-0.014,0.958,0.582,-2.812,-0.840,0.000,0.000,1.592,0.030,2,NULL,NULL,,1,0,1,7,255,,250,0,0
stim,4356,4356,0,396314.422,0.809,-0.213,-0.036,0.546,3063,0,0,0,0,263,0,149,20,0.031,96,0,16.474,2.873,2.760,16.240,-0.220,-0.282,-0.014,0.958,0.588,-2.812,-0.838,0.000,0.000,1.592,0.030,2,NULL,NULL,,1,0,1,7,255,,250,0,0
stim,4367,4367,0,396319.420,0.809,-0.213,-0.036,0.546,3047,0,0,0,0,247,0,139,20,0.031,96,0,16.425,2.873,2.820,16.180,-0.160,-0.281,-0.014,0.958,0.590,-2.812,-0.840,0.000,0.000,1.592,0.030,2,NULL,NULL,,1,0,1,7,255,,250,0,0
stim,4367,4367,0,396324.420,0.809,-0.213,-0.036,0.546,3047,0,0,0,0,247,0,140,20,0.031,96,0,16.484,2.874,2.820,16.240,-0.160,-0.281,-0.014,0.958,0.592,-2.812,-0.848,0.000,0.000,1.592,0.030,2,NULL,NULL,,1,0,1,7,255,,250,0,0
stim,4383,4383,0,396329.420,0.809,-0.213,-0.036,0.546,3087,0,0,0,0,247,0,142,20,0.031,96,0,16.494,2.874,2.880,16.240,-0.100,-0.281,-0.014,0.958,0.592,-2.812,-0.848,0.000,0.000,1.592,0.030,2,NULL,NULL,,1,0,1,7,255,,250,0,0
stim,4383,4383,0,396334.420,0.809,-0.213,-0.036,0.546,3087,0,0,0,0,248,0,139,20,0.031,96,0,16.425,2.874,2.820,16.180,-0.160,-0.281,-0.013,0.958,0.592,-2.812,-0.844,0.000,0.000,1.592,0.030,2,NULL,NULL,,1,0,1,7,255,,250,0,0
stim,4383,4383,0,396339.422,0.809,-0.213,-0.036,0.546,3051,0,0,0,0,247,0,151,20,0.031,96,0,16.484,2.876,2.820,16.240,-0.160,-0.281,-0.014,0.959,0.592,-2.814,-0.840,0.000,0.000,1.592,0.030,2,NULL,NULL,,1,0,1,7,255,,250,0,0
stim,4383,4383,0,396344.420,0.809,-0.213,-0.036,0.546,3087,0,0,0,0,249,0,143,20,0.031,96,0,16.424,2.874,2.820,16.180,-0.100,-0.281,-0.013,0.958,0.594,-2.812,-0.840,0.000,0.000,1.592,0.030,2,NULL,NULL,,1,0,1,7,255,,250,0,0
stim,4383,4383,0,396349.420,0.809,-0.213,-0.036,0.546,3045,0,0,0,0,253,0,139,20,0.031,96,0,16.424,2.874,2.820,16.180,-0.100,-0.281,-0.014,0.958,0.592,-2.812,-0.836,0.000,0.000,1.592,0.030,2,NULL,NULL,,1,0,1,7,255,,250,0,0
stim,4383,4383,0,396354.420,0.809,-0.213,-0.036,0.546,3079,0,0,0,0,260,0,148,20,0.031,96,0,16.414,2.873,2.760,16.180,-0.100,-0.281,-0.014,0.958,0.590,-2.812,-0.844,0.000,0.000,1.592,0.030,2,NULL,NULL,,1,0,1,7,255,,250,0,0
stim,4383,4383,0,396359.420,0.809,-0.213,-0.036,0.546,3053,0,0,0,0,262,0,153,20,0.031,96,0,16.414,2.872,2.760,16.180,-0.100,-0.283,-0.014,0.958,0.584,-2.812,-0.836,0.000,0.000,1.592,0.030,2,NULL,NULL,,1,0,1,7,255,,250,0,0
stim,4383,4383,0,396364.421,0.809,-0.213,-0.036,0.546,3045,0,0,0,0,247,0,140,20,0.031,96,0,16.414,2.870,2.760,16.180,-0.160,-0.281,-0.014,0.958,0.584,-2.810,-0.844,0.000,0.000,1.592,0.030,2,NULL,NULL,,1,0,1,7,255,,250,0,0
stim,4399,4399,0,396369.421,0.809,-0.213,-0.036,0.546,3079,0,0,0,0,246,0,146,20,0.031,96,0,16.414,2.866,2.760,16.180,-0.160,-0.281,-0.013,0.958,0.584,-2.806,-0.840,0.000,0.000,1.592,0.030,2,NULL,NULL,,1,0,1,7,255,,250,0,0
stim,4399,4399,0,396374.420,0.809,-0.213,-0.036,0.546,3047,0,0,0,0,249,0,139,20,0.031,96,0,16.435,2.868,2.880,16.180,-0.160,-0.282,-0.013,0.958,0.592,-2.806,-0.840,0.000,0.000,1.592,0.030,2,NULL,NULL,,1,0,1,7,255,,250,0,0
stim,4421,4421,0,396379.420,0.809,-0.213,-0.036,0.546,3052,0,0,0,0,253,0,143,20,0.031,96,0,16.425,2.868,2.820,16.180,-0.160,-0.282,-0.013,0.958,0.592,-2.806,-0.836,0.000,0.000,1.592,0.030,2,NULL,NULL,,1,0,1,7,255,,250,0,0
stim,4421,4421,0,396384.420,0.809,-0.213,-0.036,0.546,3047,0,0,0,0,251,0,142,20,0.031,96,0,16.425,2.867,2.820,16.180,-0.160,-0.282,-0.013,0.959,0.590,-2.806,-0.834,0.000,0.000,1.592,0.030,2,NULL,NULL,,1,0,1,7,255,,250,0,0
stim,4421,4421,0,396389.420,0.809,-0.213,-0.036,0.546,3053,0,0,0,0,247,0,143,20,0.031,96,0,16.426,2.871,2.820,16.180,-0.280,-0.280,-0.013,0.959,0.590,-2.810,-0.834,0.000,0.000,1.592,0.030,2,NULL,NULL,,1,0,1,7,255,,250,0,0
stim,4421,4421,0,396394.420,0.809,-0.213,-0.036,0.547,3044,0,0,0,0,233,0,139,20,0.031,96,0,16.475,2.873,2.760,16.240,-0.280,-0.281,-0.012,0.958,0.596,-2.810,-0.838,0.000,0.000,1.592,0.030,2,NULL,NULL,,1,0,1,7,255,,250,0,0
stim,4454,4454,0,396399.420,0.809,-0.213,-0.036,0.547,3043,0,0,0,0,235,0,139,20,0.031,96,0,16.487,2.880,2.820,16.240,-0.340,-0.281,-0.014,0.958,0.596,-2.818,-0.838,0.000,0.000,1.592,0.030,2,NULL,NULL,,1,0,1,7,255,,250,0,0
stim,4454,4454,0,396404.420,0.809,-0.213,-0.036,0.547,3055,0,0,0,0,238,0,143,20,0.031,96,0,16.476,2.872,2.760,16.240,-0.340,-0.281,-0.014,0.958,0.584,-2.812,-0.842,0.000,0.000,1.592,0.030,2,NULL,NULL,,1,0,1,7,255,,250,0,0
stim,4479,4479,0,396409.420,0.809,-0.213,-0.036,0.547,3043,0,0,0,0,238,0,141,20,0.031,96,0,16.536,2.876,2.760,16.300,-0.340,-0.281,-0.014,0.958,0.584,-2.816,-0.838,0.000,0.000,1.592,0.030,2,NULL,NULL,,1,0,1,7,255,,250,0,0
stim,4479,4479,0,396414.422,0.809,-0.213,-0.036,0.547,3089,0,0,0,0,233,0,143,20,0.031,96,0,16.534,2.874,2.760,16.300,-0.280,-0.281,-0.013,0.958,0.586,-2.814,-0.838,0.000,0.000,1.592,0.030,2,NULL,NULL,,1,0,1,7,255,,250,0,0
stim,4479,4479,0,396419.420,0.809,-0.213,-0.036,0.547,3045,0,0,0,0,238,0,141,20,0.031,96,0,16.526,2.877,2.700,16.300,-0.340,-0.281,-0.013,0.960,0.590,-2.816,-0.838,0.000,0.000,1.592,0.030,2,NULL,NULL,,1,0,1,7,255,,250,0,0
stim,4479,4479,0,396424.420,0.809,-0.213,-0.036,0.547,3049,0,0,0,0,243,0,150,20,0.031,96,0,16.586,2.879,2.700,16.360,-0.400,-0.280,-0.014,0.959,0.590,-2.818,-0.838,0.000,0.000,1.592,0.030,2,NULL,NULL,,1,0,1,7,255,,250,0,0
stim,4495,4495,0,396429.420,0.809,-0.213,-0.036,0.547,3051,0,0,0,0,229,0,142,20,0.031,96,0,16.576,2.881,2.640,16.360,-0.400,-0.280,-0.013,0.959,0.592,-2.820,-0.838,0.000,0.000,1.592,0.030,2,NULL,NULL,,1,0,1,7,255,,250,0,0
stim,4495,4495,0,396434.420,0.809,-0.213,-0.036,0.547,3082,0,0,0,0,245,0,141,20,0.031,96,0,16.655,2.881,2.640,16.440,-0.400,-0.280,-0.013,0.958,0.592,-2.820,-0.838,0.000,0.000,1.592,0.030,2,NULL,NULL,,1,0,1,7,255,,250,0,0
stim,4495,4495,0,396439.422,0.809,-0.213,-0.036,0.547,3060,0,0,0,0,247,0,145,20,0.031,96,0,16.576,2.883,2.640,16.360,-0.400,-0.281,-0.012,0.958,0.598,-2.820,-0.838,0.000,0.000,1.592,0.030,2,NULL,NULL,,1,0,1,7,255,,250,0,0
stim,4495,4495,0,396444.420,0.809,-0.213,-0.036,0.547,3053,0,0,0,0,253,0,139,20,0.031,96,0,16.645,2.873,2.580,16.440,-0.340,-0.281,-0.013,0.958,0.598,-2.810,-0.840,0.000,0.000,1.592,0.030,2,NULL,NULL,,1,0,1,7,255,,250,0,0
stim,4495,4495,0,396449.420,0.809,-0.213,-0.036,0.547,3095,0,0,0,0,247,0,141,20,0.031,96,0,16.646,2.868,2.580,16.440,-0.400,-0.281,-0.014,0.958,0.586,-2.808,-0.840,0.000,0.000,1.592,0.030,2,NULL,NULL,,1,0,1,7,255,,250,0,0
stim,4495,4495,0,396454.420,0.809,-0.213,-0.036,0.547,3079,0,0,0,0,243,0,145,20,0.031,96,0,16.637,2.868,2.520,16.440,-0.400,-0.281,-0.013,0.958,0.584,-2.808,-0.844,0.000,0.000,1.592,0.030,2,NULL,NULL,,1,0,1,7,255,,250,0,0
stim,4495,4495,0,396459.420,0.809,-0.213,-0.036,0.547,3093,0,0,0,0,235,0,143,20,0.031,96,0,16.646,2.868,2.580,16.440,-0.400,-0.281,-0.014,0.959,0.584,-2.808,-0.844,0.000,0.000,1.592,0.030,2,NULL,NULL,,1,0,1,7,255,,250,0,0
stim,4495,4495,0,396464.421,0.809,-0.213,-0.036,0.547,3045,0,0,0,0,243,0,145,20,0.031,96,0,16.637,2.868,2.520,16.440,-0.400,-0.282,-0.013,0.958,0.584,-2.808,-0.834,0.000,0.000,1.592,0.030,2,NULL,NULL,,1,0,1,7,255,,250,0,0
stim,4511,4511,0,396469.420,0.809,-0.213,-0.036,0.547,3044,0,0,0,0,241,0,139,20,0.031,96,0,16.559,2.870,2.520,16.360,-0.460,-0.282,-0.014,0.958,0.584,-2.810,-0.834,0.000,0.000,1.592,0.030,2,NULL,NULL,,1,0,1,7,255,,250,0,0
stim,4511,4511,0,396474.422,0.809,-0.213,-0.036,0.547,3045,0,0,0,0,243,0,141,20,0.031,96,0,16.648,2.868,2.580,16.440,-0.460,-0.282,-0.012,0.958,0.586,-2.808,-0.834,0.000,0.000,1.592,0.030,2,NULL,NULL,,1,0,1,7,255,,250,0,0
stim,4511,4511,0,396479.420,0.809,-0.213,-0.036,0.547,3046,0,0,0,0,247,0,139,20,0.031,96,0,16.648,2.871,2.580,16.440,-0.460,-0.281,-0.013,0.958,0.590,-2.810,-0.836,0.000,0.000,1.592,0.030,2,NULL,NULL,,1,0,1,7,255,,250,0,0
stim,4511,4511,0,396484.420,0.809,-0.213,-0.036,0.547,3044,0,0,0,0,244,0,141,20,0.031,96,0,16.659,2.867,2.640,16.440,-0.520,-0.281,-0.012,0.958,0.590,-2.806,-0.838,0.000,0.000,1.592,0.030,2,NULL,NULL,,1,0,1,7,255,,250,0,0
stim,4511,4511,0,396489.420,0.809,-0.213,-0.036,0.547,3043,0,0,0,0,243,0,141,20,0.031,96,0,16.578,2.867,2.640,16.360,-0.460,-0.283,-0.013,0.958,0.590,-2.806,-0.836,0.000,0.000,1.592,0.030,2,NULL,NULL,,1,0,1,7,255,,250,0,0
stim,4511,4511,0,396494.420,0.809,-0.213,-0.036,0.547,3056,0,0,0,0,243,0,146,20,0.031,96,0,16.569,2.868,2.580,16.360,-0.460,-0.281,-0.012,0.958,0.594,-2.806,-0.840,0.000,0.000,1.592,0.030,2,NULL,NULL,,1,0,1,7,255,,250,0,0
stim,4527,4527,0,396499.420,0.809,-0.213,-0.036,0.547,3043,0,0,0,0,239,0,141,20,0.031,96,0,16.572,2.870,2.580,16.360,-0.580,-0.282,-0.014,0.958,0.584,-2.810,-0.838,0.000,0.000,1.592,0.030,2,NULL,NULL,,1,0,1,7,255,,250,0,0
stim,4527,4527,0,396504.420,0.809,-0.213,-0.036,0.547,3044,0,0,0,0,246,0,141,20,0.031,96,0,16.570,2.870,2.580,16.360,-0.520,-0.282,-0.013,0.958,0.586,-2.810,-0.842,0.000,0.000,1.592,0.030,2,NULL,NULL,,1,0,1,7,255,,250,0,0
stim,4559,4559,0,396509.420,0.809,-0.213,-0.036,0.547,3063,0,0,0,0,246,0,141,20,0.031,96,0,16.569,2.866,2.580,16.360,-0.460,-0.282,-0.013,0.958,0.582,-2.806,-0.838,0.000,0.000,1.592,0.030,2,NULL,NULL,,1,0,1,7,255,,250,0,0
stim,4559,4559,0,396514.422,0.809,-0.213,-0.036,0.547,3047,0,0,0,0,240,0,141,20,0.031,96,0,16.570,2.866,2.580,16.360,-0.520,-0.282,-0.013,0.958,0.582,-2.806,-0.838,0.000,0.000,1.592,0.030,2,NULL,NULL,,1,0,1,7,255,,250,0,0
stim,4591,4591,0,396519.422,0.809,-0.213,-0.036,0.547,3095,0,0,0,0,243,0,147,20,0.031,96,0,16.570,2.866,2.580,16.360,-0.520,-0.280,-0.013,0.958,0.582,-2.806,-0.838,0.000,0.000,1.592,0.030,2,NULL,NULL,,1,0,1,7,255,,250,0,0
stim,4591,4591,0,396524.420,0.809,-0.213,-0.036,0.547,3045,0,0,0,0,242,0,141,20,0.031,96,0,16.578,2.870,2.640,16.360,-0.460,-0.281,-0.013,0.958,0.584,-2.810,-0.840,0.000,0.000,1.592,0.030,2,NULL,NULL,,1,0,1,7,255,,250,0,0
stim,4591,4591,0,396529.420,0.809,-0.213,-0.036,0.547,3052,0,0,0,0,245,0,141,20,0.031,96,0,16.511,2.874,2.580,16.300,-0.520,-0.281,-0.014,0.958,0.584,-2.814,-0.840,0.000,0.000,1.592,0.030,2,NULL,NULL,,1,0,1,7,255,,250,0,0
stim,4591,4591,0,396534.420,0.809,-0.213,-0.036,0.547,3056,0,0,0,0,245,0,143,20,0.031,96,0,16.569,2.870,2.580,16.360,-0.460,-0.281,-0.012,0.957,0.584,-2.810,-0.840,0.000,0.000,1.592,0.030,2,NULL,NULL,,1,0,1,7,255,,250,0,0
stim,4591,4591,0,396539.421,0.809,-0.213,-0.036,0.547,3059,0,0,0,0,244,0,140,20,0.031,96,0,16.500,2.874,2.520,16.300,-0.460,-0.281,-0.013,0.958,0.586,-2.814,-0.838,0.000,0.000,1.592,0.030,2,NULL,NULL,,1,0,1,7,255,,250,0,0
stim,4591,4591,0,396544.420,0.809,-0.213,-0.036,0.547,3055,0,0,0,0,245,0,141,20,0.031,96,0,16.567,2.874,2.580,16.360,-0.400,-0.281,-0.013,0.958,0.586,-2.814,-0.842,0.000,0.000,1.592,0.030,2,NULL,NULL,,1,0,1,7,255,,250,0,0
stim,4591,4591,0,396549.420,0.809,-0.213,-0.036,0.547,3045,0,0,0,0,239,0,140,20,0.031,96,0,16.569,2.876,2.580,16.360,-0.460,-0.280,-0.013,0.958,0.586,-2.816,-0.842,0.000,0.000,1.592,0.030,2,NULL,NULL,,1,0,1,7,255,,250,0,0
stim,4591,4591,0,396554.420,0.809,-0.213,-0.036,0.547,3080,0,0,0,0,252,0,143,20,0.031,96,0,16.559,2.874,2.520,16.360,-0.460,-0.282,-0.014,0.958,0.586,-2.814,-0.842,0.000,0.000,1.592,0.030,2,NULL,NULL,,1,0,1,7,255,,250,0,0
stim,4591,4591,0,396559.420,0.809,-0.213,-0.036,0.547,3051,0,0,0,0,245,0,148,20,0.031,96,0,16.569,2.869,2.580,16.360,-0.460,-0.282,-0.013,0.958,0.578,-2.810,-0.840,0.000,0.000,1.592,0.030,2,NULL,NULL,,1,0,1,7,255,,250,0,0
stim,4591,4591,0,396564.424,0.809,-0.213,-0.036,0.547,3043,0,0,0,0,245,0,139,20,0.031,96,0,16.500,2.869,2.520,16.300,-0.460,-0.281,-0.014,0.959,0.578,-2.810,-0.838,0.000,0.000,1.592,0.030,2,NULL,NULL,,1,0,1,7,255,,250,0,0
stim,4591,4591,0,396569.420,0.809,-0.213,-0.036,0.547,3044,0,0,0,0,247,0,141,20,0.031,96,0,16.500,2.873,2.520,16.300,-0.460,-0.281,-0.014,0.958,0.580,-2.814,-0.840,0.000,0.000,1.592,0.030,2,NULL,NULL,,1,0,1,7,255,,250,0,0
stim,4591,4591,0,396574.420,0.809,-0.213,-0.036,0.547,3062,0,0,0,0,253,0,143,20,0.031,96,0,16.509,2.877,2.580,16.300,-0.460,-0.281,-0.014,0.958,0.580,-2.818,-0.836,0.000,0.000,1.592,0.030,2,NULL,NULL,,1,0,1,7,255,,250,0,0
stim,4607,4607,0,396579.420,0.809,-0.213,-0.036,0.547,3045,0,0,0,0,255,0,141,20,0.031,96,0,16.561,2.872,2.520,16.360,-0.520,-0.282,-0.014,0.958,0.576,-2.814,-0.838,0.000,0.000,1.592,0.030,2,NULL,NULL,,1,0,1,7,255,,250,0,0
stim,4607,4607,0,396584.420,0.809,-0.213,-0.036,0.547,3048,0,0,0,0,273,0,139,20,0.031,96,0,16.452,2.876,2.580,16.240,-0.520,-0.281,-0.014,0.958,0.576,-2.818,-0.838,0.000,0.000,1.592,0.030,2,NULL,NULL,,1,0,1,7,255,,250,0,0
stim,4623,4623,0,396589.422,0.809,-0.213,-0.036,0.547,3045,0,0,0,0,262,0,141,20,0.031,96,0,16.502,2.870,2.520,16.300,-0.520,-0.281,-0.014,0.958,0.576,-2.812,-0.842,0.000,0.000,1.592,0.030,2,NULL,NULL,,1,0,1,7,255,,250,0,0
stim,4623,4623,0,396594.420,0.809,-0.213,-0.036,0.547,3055,0,0,0,0,266,0,141,20,0.031,96,0,16.509,2.877,2.580,16.300,-0.460,-0.280,-0.014,0.958,0.578,-2.818,-0.844,0.000,0.000,1.592,0.030,2,NULL,NULL,,1,0,1,7,255,,250,0,0
stim,4623,4623,0,396599.420,0.809,-0.213,-0.036,0.547,3051,0,0,0,0,254,0,149,20,0.031,96,0,16.521,2.869,2.640,16.300,-0.520,-0.281,-0.014,0.958,0.578,-2.810,-0.844,0.000,0.000,1.592,0.030,2,NULL,NULL,,1,0,1,7,255,,250,0,0
stim,4623,4623,0,396604.420,0.809,-0.213,-0.036,0.547,3055,0,0,0,0,254,0,149,20,0.031,96,0,16.513,2.873,2.580,16.300,-0.580,-0.281,-0.014,0.958,0.578,-2.814,-0.846,0.000,0.000,1.592,0.030,2,NULL,NULL,,1,0,1,7,255,,250,0,0
stim,4655,4655,0,396609.420,0.809,-0.213,-0.036,0.547,3045,0,0,0,0,253,0,140,20,0.031,96,0,16.513,2.871,2.580,16.300,-0.580,-0.281,-0.014,0.958,0.578,-2.812,-0.844,0.000,0.000,1.592,0.030,2,NULL,NULL,,1,0,1,7,255,,250,0,0
stim,4655,4655,0,396614.422,0.809,-0.213,-0.036,0.547,3047,0,0,0,0,252,0,141,20,0.031,96,0,16.563,2.873,2.520,16.360,-0.580,-0.280,-0.013,0.958,0.578,-2.814,-0.842,0.000,0.000,1.592,0.030,2,NULL,NULL,,1,0,1,7,255,,250,0,0
stim,4671,4671,0,396619.421,0.809,-0.213,-0.036,0.547,3043,0,0,0,0,254,0,139,20,0.031,96,0,16.570,2.877,2.580,16.360,-0.520,-0.281,-0.014,0.958,0.578,-2.818,-0.840,0.000,0.000,1.592,0.030,2,NULL,NULL,,1,0,1,7,255,,250,0,0
stim,4671,4671,0,396624.421,0.809,-0.213,-0.036,0.547,3045,0,0,0,0,249,0,140,20,0.031,96,0,16.580,2.879,2.640,16.360,-0.520,-0.280,-0.014,0.958,0.582,-2.820,-0.842,0.000,0.000,1.592,0.030,2,NULL,NULL,,1,0,1,7,255,,250,0,0
stim,4688,4688,0,396629.421,0.809,-0.213,-0.036,0.547,3077,0,0,0,0,251,0,141,20,0.031,96,0,16.576,2.877,2.640,16.360,-0.400,-0.281,-0.014,0.958,0.578,-2.818,-0.840,0.000,0.000,1.592,0.030,2,NULL,NULL,,1,0,1,7,255,,250,0,0
stim,4688,4688,0,396634.420,0.809,-0.213,-0.036,0.547,3048,0,0,0,0,251,0,140,20,0.031,96,0,16.567,2.879,2.580,16.360,-0.400,-0.281,-0.014,0.958,0.578,-2.820,-0.840,0.000,0.000,1.592,0.030,2,NULL,NULL,,1,0,1,7,255,,250,0,0
stim,4688,4688,0,396639.420,0.809,-0.213,-0.036,0.547,3051,0,0,0,0,249,0,141,20,0.031,96,0,16.576,2.879,2.640,16.360,-0.400,-0.280,-0.014,0.958,0.578,-2.820,-0.840,0.000,0.000,1.592,0.030,2,NULL,NULL,,1,0,1,7,255,,250,0,0
stim,4688,4688,0,396644.420,0.809,-0.213,-0.036,0.547,3048,0,0,0,0,251,0,149,20,0.031,96,0,16.665,2.879,2.700,16.440,-0.400,-0.281,-0.014,0.958,0.578,-2.820,-0.846,0.000,0.000,1.592,0.030,2,NULL,NULL,,1,0,1,7,255,,250,0,0
stim,4688,4688,0,396649.420,0.809,-0.213,-0.036,0.547,3043,0,0,0,0,248,0,140,20,0.031,96,0,16.575,2.873,2.640,16.360,-0.340,-0.281,-0.013,0.957,0.578,-2.814,-0.850,0.000,0.000,1.592,0.030,2,NULL,NULL,,1,0,1,7,255,,250,0,0
stim,4688,4688,0,396654.420,0.809,-0.213,-0.036,0.547,3075,0,0,0,0,247,0,144,20,0.031,96,0,16.574,2.873,2.640,16.360,-0.280,-0.281,-0.014,0.958,0.578,-2.814,-0.846,0.000,0.000,1.592,0.030,2,NULL,NULL,,1,0,1,7,255,,250,0,0
stim,4688,4688,0,396659.422,0.809,-0.213,-0.036,0.547,3066,0,0,0,0,259,0,149,20,0.031,96,0,16.524,2.874,2.700,16.300,-0.220,-0.281,-0.014,0.958,0.572,-2.816,-0.840,0.000,0.000,1.592,0.030,2,NULL,NULL,,1,0,1,7,255,,250,0,0
stim,4688,4688,0,396664.422,0.809,-0.213,-0.036,0.547,3087,0,0,0,0,263,0,139,20,0.031,96,0,16.672,2.874,2.760,16.440,-0.280,-0.282,-0.013,0.958,0.572,-2.816,-0.840,0.000,0.000,1.592,0.030,2,NULL,NULL,,1,0,1,7,255,,250,0,0
stim,4703,4703,0,396669.420,0.809,-0.213,-0.036,0.547,3043,0,0,0,0,249,0,141,20,0.031,96,0,16.604,2.866,2.820,16.360,-0.280,-0.283,-0.014,0.958,0.572,-2.808,-0.836,0.000,0.000,1.592,0.030,2,NULL,NULL,,1,0,1,7,255,,250,0,0
stim,4703,4703,0,396674.420,0.809,-0.213,-0.036,0.547,3045,0,0,0,0,254,0,139,20,0.031,96,0,16.584,2.865,2.700,16.360,-0.280,-0.282,-0.013,0.958,0.576,-2.806,-0.836,0.000,0.000,1.592,0.030,2,NULL,NULL,,1,0,1,7,255,,250,0,0
stim,4703,4703,0,396679.420,0.809,-0.213,-0.036,0.547,3045,0,0,0,0,243,0,141,20,0.031,96,0,16.593,2.865,2.760,16.360,-0.220,-0.283,-0.013,0.958,0.576,-2.806,-0.828,0.000,0.000,1.592,0.030,2,NULL,NULL,,1,0,1,7,255,,250,0,0
stim,4703,4703,0,396684.420,0.808,-0.213,-0.036,0.547,3043,0,0,0,0,246,0,139,20,0.031,96,0,16.524,2.865,2.700,16.300,-0.280,-0.282,-0.013,0.958,0.578,-2.806,-0.834,0.000,0.000,1.592,0.030,2,NULL,NULL,,1,0,1,7,255,,250,0,0
stim,4720,4720,0,396689.420,0.808,-0.213,-0.036,0.547,3080,0,0,0,0,251,0,148,20,0.031,96,0,16.546,2.865,2.820,16.300,-0.340,-0.282,-0.012,0.958,0.580,-2.806,-0.834,0.000,0.000,1.592,0.030,2,NULL,NULL,,1,0,1,7,255,,250,0,0
stim,4720,4720,0,396694.420,0.808,-0.213,-0.036,0.548,3044,0,0,0,0,247,0,139,20,0.031,96,0,16.595,2.870,2.760,16.360,-0.340,-0.280,-0.013,0.958,0.582,-2.810,-0.834,0.000,0.000,1.592,0.030,2,NULL,NULL,,1,0,1,7,255,,250,0,0
stim,4755,4755,0,396699.420,0.808,-0.213,-0.035,0.548,3045,0,0,0,0,251,0,141,20,0.031,96,0,16.546,2.879,2.820,16.300,-0.340,-0.281,-0.015,0.958,0.582,-2.820,-0.836,0.000,0.000,1.592,0.030,2,NULL,NULL,,1,0,1,7,255,,250,0,0
stim,4755,4755,0,396704.420,0.808,-0.213,-0.035,0.548,3059,0,0,0,0,250,0,141,20,0.031,96,0,16.533,2.878,2.760,16.300,-0.220,-0.282,-0.014,0.958,0.574,-2.820,-0.836,0.000,0.000,1.592,0.030,2,NULL,NULL,,1,0,1,7,255,,250,0,0
stim,4770,4770,0,396709.420,0.808,-0.213,-0.035,0.548,3047,0,0,0,0,249,0,143,20,0.031,96,0,16.593,2.872,2.760,16.360,-0.220,-0.282,-0.014,0.958,0.572,-2.814,-0.834,0.000,0.000,1.592,0.030,2,NULL,NULL,,1,0,1,7,255,,250,0,0
stim,4770,4770,0,396714.424,0.808,-0.213,-0.035,0.548,3044,0,0,0,0,246,0,138,20,0.031,96,0,16.533,2.870,2.760,16.300,-0.220,-0.282,-0.013,0.958,0.574,-2.812,-0.834,0.000,0.000,1.592,0.030,2,NULL,NULL,,1,0,1,7,255,,250,0,0
stim,4789,4789,0,396719.420,0.808,-0.213,-0.035,0.548,3049,0,0,0,0,249,0,147,20,0.031,96,0,16.544,2.868,2.820,16.300,-0.220,-0.282,-0.014,0.957,0.572,-2.810,-0.834,0.000,0.000,1.592,0.030,2,NULL,NULL,,1,0,1,7,255,,250,0,0
stim,4789,4789,0,396724.421,0.808,-0.213,-0.035,0.548,3045,0,0,0,0,248,0,140,20,0.031,96,0,16.524,2.869,2.700,16.300,-0.280,-0.281,-0.014,0.958,0.568,-2.812,-0.840,0.000,0.000,1.592,0.030,2,NULL,NULL,,1,0,1,7,255,,250,0,0
stim,4789,4789,0,396729.420,0.808,-0.213,-0.035,0.548,3043,0,0,0,0,248,0,145,20,0.031,96,0,16.524,2.875,2.700,16.300,-0.220,-0.281,-0.014,0.959,0.568,-2.818,-0.840,0.000,0.000,1.592,0.030,2,NULL,NULL,,1,0,1,7,255,,250,0,0
stim,4789,4789,0,396734.420,0.808,-0.213,-0.035,0.548,3045,0,0,0,0,246,0,144,20,0.031,96,0,16.523,2.878,2.700,16.300,-0.160,-0.281,-0.014,0.959,0.574,-2.820,-0.834,0.000,0.000,1.592,0.030,2,NULL,NULL,,1,0,1,7,255,,250,0,0
stim,4789,4789,0,396739.421,0.808,-0.213,-0.035,0.548,3055,0,0,0,0,247,0,139,20,0.031,96,0,16.464,2.878,2.700,16.240,-0.220,-0.281,-0.014,0.958,0.574,-2.820,-0.834,0.000,0.000,1.592,0.030,2,NULL,NULL,,1,0,1,7,255,,250,0,0
stim,4789,4789,0,396744.420,0.808,-0.213,-0.035,0.548,3059,0,0,0,0,240,0,142,20,0.031,96,0,16.464,2.876,2.700,16.240,-0.220,-0.281,-0.014,0.958,0.574,-2.818,-0.840,0.000,0.000,1.592,0.030,2,NULL,NULL,,1,0,1,7,255,,250,0,0
stim,4789,4789,0,396749.420,0.808,-0.213,-0.035,0.548,3057,0,0,0,0,234,0,142,20,0.031,96,0,16.464,2.876,2.700,16.240,-0.220,-0.282,-0.012,0.957,0.574,-2.818,-0.842,0.000,0.000,1.592,0.030,2,NULL,NULL,,1,0,1,7,255,,250,0,0
stim,4789,4789,0,396754.420,0.808,-0.213,-0.035,0.548,3045,0,0,0,0,233,0,141,20,0.031,96,0,16.524,2.873,2.700,16.300,-0.220,-0.280,-0.012,0.958,0.580,-2.814,-0.846,0.000,0.000,1.592,0.030,2,NULL,NULL,,1,0,1,7,255,,250,0,0
stim,4791,4791,0,396759.420,0.808,-0.213,-0.035,0.548,3081,0,0,0,0,233,0,149,20,0.031,96,0,16.515,2.874,2.640,16.300,-0.280,-0.281,-0.012,0.958,0.586,-2.814,-0.846,0.000,0.000,1.592,0.030,2,NULL,NULL,,1,0,1,7,255,,250,0,0
stim,4791,4791,0,396764.421,0.808,-0.213,-0.035,0.548,3055,0,0,0,0,232,0,155,20,0.031,96,0,16.515,2.874,2.640,16.300,-0.280,-0.281,-0.013,0.958,0.586,-2.814,-0.844,0.000,0.000,1.592,0.030,2,NULL,NULL,,1,0,1,7,255,,250,0,0
stim,4799,4799,0,396769.421,0.808,-0.213,-0.035,0.548,3045,0,0,0,0,235,0,142,20,0.031,96,0,16.506,2.874,2.580,16.300,-0.340,-0.281,-0.013,0.958,0.582,-2.814,-0.842,0.000,0.000,1.592,0.030,2,NULL,NULL,,1,0,1,7,255,,250,0,0
stim,4799,4799,0,396774.422,0.808,-0.213,-0.035,0.548,3044,0,0,0,0,235,0,141,20,0.031,96,0,16.516,2.873,2.640,16.300,-0.340,-0.281,-0.014,0.958,0.578,-2.814,-0.842,0.000,0.000,1.592,0.030,2,NULL,NULL,,1,0,1,7,255,,250,0,0
stim,4799,4799,0,396779.420,0.808,-0.213,-0.035,0.548,3053,0,0,0,0,231,0,140,20,0.031,96,0,16.516,2.871,2.640,16.300,-0.340,-0.282,-0.014,0.957,0.568,-2.814,-0.842,0.000,0.000,1.592,0.030,2,NULL,NULL,,1,0,1,7,255,,250,0,0
stim,4818,4818,0,396784.420,0.808,-0.213,-0.035,0.548,3045,0,0,0,0,227,0,139,20,0.031,96,0,16.575,2.867,2.640,16.360,-0.340,-0.281,-0.014,0.957,0.568,-2.810,-0.846,0.000,0.000,1.592,0.030,2,NULL,NULL,,1,0,1,7,255,,250,0,0
stim,4818,4818,0,396789.420,0.808,-0.213,-0.035,0.548,3044,0,0,0,0,231,0,140,20,0.031,96,0,16.515,2.867,2.640,16.300,-0.280,-0.281,-0.014,0.958,0.568,-2.810,-0.846,0.000,0.000,1.592,0.030,2,NULL,NULL,,1,0,1,7,255,,250,0,0
stim,4818,4818,0,396794.420,0.808,-0.213,-0.035,0.548,3068,0,0,0,0,223,0,142,20,0.031,96,0,16.515,2.867,2.640,16.300,-0.280,-0.282,-0.014,0.958,0.568,-2.810,-0.842,0.000,0.000,1.592,0.030,2,NULL,NULL,,1,0,1,7,255,,250,0,0
stim,4831,4831,0,396799.420,0.808,-0.213,-0.035,0.548,3045,0,0,0,0,239,0,139,20,0.031,96,0,16.584,2.868,2.700,16.360,-0.280,-0.283,-0.013,0.958,0.572,-2.810,-0.836,0.000,0.000,1.592,0.030,2,NULL,NULL,,1,0,1,7,255,,250,0,0
stim,4831,4831,0,396804.420,0.808,-0.213,-0.035,0.548,3067,0,0,0,0,237,0,151,20,0.031,96,0,16.536,2.860,2.760,16.300,-0.340,-0.283,-0.013,0.958,0.574,-2.802,-0.828,0.000,0.000,1.592,0.030,2,NULL,NULL,,1,0,1,7,255,,250,0,0
stim,4865,4865,0,396809.420,0.808,-0.213,-0.035,0.548,3059,0,0,0,0,245,0,141,20,0.031,96,0,16.536,2.860,2.760,16.300,-0.340,-0.283,-0.013,0.959,0.574,-2.802,-0.828,0.000,0.000,1.592,0.030,2,NULL,NULL,,1,0,1,7,255,,250,0,0
stim,4865,4865,0,396814.422,0.808,-0.213,-0.035,0.548,3054,0,0,0,0,239,0,141,20,0.031,96,0,16.526,2.866,2.700,16.300,-0.340,-0.282,-0.013,0.958,0.574,-2.808,-0.828,0.000,0.000,1.592,0.030,2,NULL,NULL,,1,0,1,7,255,,250,0,0
stim,4888,4888,0,396819.421,0.808,-0.213,-0.035,0.548,3053,0,0,0,0,239,0,143,20,0.031,96,0,16.519,2.866,2.640,16.300,-0.460,-0.280,-0.011,0.958,0.576,-2.808,-0.838,0.000,0.000,1.592,0.030,2,NULL,NULL,,1,0,1,7,255,,250,0,0
stim,4888,4888,0,396824.420,0.808,-0.213,-0.035,0.548,3047,0,0,0,0,240,0,140,20,0.031,96,0,16.519,2.873,2.640,16.300,-0.460,-0.281,-0.013,0.958,0.580,-2.814,-0.838,0.000,0.000,1.592,0.030,2,NULL,NULL,,1,0,1,7,255,,250,0,0
stim,4888,4888,0,396829.420,0.808,-0.213,-0.035,0.548,3059,0,0,0,0,239,0,145,20,0.031,96,0,16.519,2.877,2.640,16.300,-0.460,-0.280,-0.013,0.958,0.580,-2.818,-0.840,0.000,0.000,1.592,0.030,2,NULL,NULL,,1,0,1,7,255,,250,0,0
stim,4888,4888,0,396834.420,0.808,-0.213,-0.035,0.548,3044,0,0,0,0,236,0,147,20,0.031,96,0,16.576,2.877,2.640,16.360,-0.400,-0.281,-0.013,0.958,0.580,-2.818,-0.838,0.000,0.000,1.592,0.030,2,NULL,NULL,,1,0,1,7,255,,250,0,0
stim,4888,4888,0,396839.421,0.808,-0.213,-0.035,0.548,3049,0,0,0,0,237,0,141,20,0.031,96,0,16.569,2.877,2.580,16.360,-0.460,-0.280,-0.013,0.958,0.578,-2.818,-0.844,0.000,0.000,1.592,0.030,2,NULL,NULL,,1,0,1,7,255,,250,0,0
stim,4888,4888,0,396844.420,0.808,-0.213,-0.035,0.548,3048,0,0,0,0,243,0,145,20,0.031,96,0,16.567,2.880,2.580,16.360,-0.400,-0.280,-0.015,0.957,0.574,-2.822,-0.844,0.000,0.000,1.592,0.030,2,NULL,NULL,,1,0,1,7,255,,250,0,0
stim,4888,4888,0,396849.420,0.808,-0.213,-0.035,0.548,3045,0,0,0,0,235,0,139,20,0.031,96,0,16.646,2.878,2.580,16.440,-0.400,-0.281,-0.014,0.958,0.564,-2.822,-0.844,0.000,0.000,1.592,0.030,2,NULL,NULL,,1,0,1,7,255,,250,0,0
stim,4888,4888,0,396854.420,0.808,-0.213,-0.035,0.548,3057,0,0,0,0,239,0,149,20,0.031,96,0,16.646,2.874,2.580,16.440,-0.400,-0.282,-0.013,0.958,0.564,-2.818,-0.842,0.000,0.000,1.592,0.030,2,NULL,NULL,,1,0,1,7,255,,250,0,0
stim,4890,4890,0,396859.420,0.808,-0.213,-0.035,0.548,3059,0,0,0,0,247,0,147,20,0.031,96,0,16.569,2.874,2.580,16.360,-0.460,-0.281,-0.012,0.958,0.574,-2.816,-0.840,0.000,0.000,1.592,0.030,2,NULL,NULL,,1,0,1,7,255,,250,0,0
stim,4890,4890,0,396864.424,0.808,-0.213,-0.035,0.548,3047,0,0,0,0,243,0,139,20,0.031,96,0,16.559,2.864,2.520,16.360,-0.460,-0.283,-0.013,0.959,0.574,-2.806,-0.838,0.000,0.000,1.592,0.030,2,NULL,NULL,,1,0,1,7,255,,250,0,0
stim,4891,4891,0,396869.420,0.808,-0.213,-0.035,0.548,3047,0,0,0,0,246,0,140,20,0.031,96,0,16.500,2.870,2.520,16.300,-0.460,-0.282,-0.014,0.959,0.566,-2.814,-0.826,0.000,0.000,1.592,0.030,2,NULL,NULL,,1,0,1,7,255,,250,0,0
stim,4911,4911,0,396874.420,0.808,-0.213,-0.035,0.548,3047,0,0,0,0,233,0,141,20,0.031,96,0,16.561,2.866,2.520,16.360,-0.520,-0.281,-0.012,0.958,0.566,-2.810,-0.826,0.000,0.000,1.592,0.030,2,NULL,NULL,,1,0,1,7,255,,250,0,0
stim,4911,4911,0,396879.420,0.808,-0.213,-0.035,0.548,3046,0,0,0,0,221,0,141,20,0.031,96,0,16.552,2.871,2.460,16.360,-0.520,-0.281,-0.014,0.958,0.568,-2.814,-0.840,0.000,0.000,1.592,0.030,2,NULL,NULL,,1,0,1,7,255,,250,0,0
stim,4911,4911,0,396884.420,0.808,-0.213,-0.035,0.548,3067,0,0,0,0,228,0,143,20,0.031,96,0,16.554,2.877,2.460,16.360,-0.580,-0.281,-0.013,0.959,0.580,-2.818,-0.840,0.000,0.000,1.592,0.030,2,NULL,NULL,,1,0,1,7,255,,250,0,0
stim,4911,4911,0,396889.420,0.808,-0.213,-0.035,0.548,3087,0,0,0,0,227,0,143,20,0.031,96,0,16.550,2.876,2.460,16.360,-0.460,-0.281,-0.013,0.958,0.576,-2.818,-0.836,0.000,0.000,1.592,0.030,2,NULL,NULL,,1,0,1,7,255,,250,0,0
stim,4911,4911,0,396894.420,0.808,-0.213,-0.035,0.548,3046,0,0,0,0,222,0,139,20,0.031,96,0,16.511,2.878,2.580,16.300,-0.520,-0.281,-0.014,0.958,0.576,-2.820,-0.836,0.000,0.000,1.592,0.030,2,NULL,NULL,,1,0,1,7,255,,250,0,0
stim,4927,4927,0,396899.420,0.808,-0.213,-0.035,0.548,3050,0,0,0,0,223,0,142,20,0.031,96,0,16.559,2.875,2.520,16.360,-0.460,-0.281,-0.014,0.958,0.568,-2.818,-0.840,0.000,0.000,1.592,0.030,2,NULL,NULL,,1,0,1,7,255,,250,0,0
stim,4927,4927,0,396904.420,0.808,-0.213,-0.035,0.548,3069,0,0,0,0,226,0,140,20,0.031,96,0,16.511,2.875,2.580,16.300,-0.520,-0.281,-0.013,0.957,0.568,-2.818,-0.842,0.000,0.000,1.592,0.030,2,NULL,NULL,,1,0,1,7,255,,250,0,0
stim,4959,4959,0,396909.420,0.808,-0.213,-0.035,0.548,3047,0,0,0,0,223,0,141,20,0.031,96,0,16.513,2.867,2.580,16.300,-0.580,-0.282,-0.013,0.958,0.568,-2.810,-0.840,0.000,0.000,1.592,0.030,2,NULL,NULL,,1,0,1,7,255,,250,0,0
stim,4959,4959,0,396914.422,0.808,-0.213,-0.035,0.548,3049,0,0,0,0,230,0,140,20,0.031,96,0,16.572,2.868,2.580,16.360,-0.580,-0.281,-0.013,0.959,0.574,-2.810,-0.834,0.000,0.000,1.592,0.030,2,NULL,NULL,,1,0,1,7,255,,250,0,0
stim,4975,4975,0,396919.422,0.808,-0.213,-0.035,0.548,3047,0,0,0,0,230,0,141,20,0.031,96,0,16.523,2.870,2.640,16.300,-0.580,-0.282,-0.014,0.958,0.574,-2.812,-0.834,0.000,0.000,1.592,0.030,2,NULL,NULL,,1,0,1,7,255,,250,0,0
stim,4975,4975,0,396924.421,0.808,-0.213,-0.035,0.548,3047,0,0,0,0,232,0,141,20,0.031,96,0,16.502,2.872,2.520,16.300,-0.520,-0.281,-0.012,0.958,0.576,-2.814,-0.838,0.000,0.000,1.592,0.030,2,NULL,NULL,,1,0,1,7,255,,250,0,0
stim,4991,4991,0,396929.420,0.808,-0.213,-0.035,0.548,3059,0,0,0,0,232,0,141,20,0.031,96,0,16.513,2.874,2.580,16.300,-0.580,-0.280,-0.012,0.958,0.584,-2.814,-0.838,0.000,0.000,1.592,0.030,2,NULL,NULL,,1,0,1,7,255,,250,0,0
stim,4991,4991,0,396934.420,0.808,-0.213,-0.035,0.548,3081,0,0,0,0,233,0,137,20,0.031,96,0,16.570,2.880,2.580,16.360,-0.520,-0.281,-0.014,0.959,0.584,-2.820,-0.838,0.000,0.000,1.592,0.030,2,NULL,NULL,,1,0,1,7,255,,250,0,0
stim,4991,4991,0,396939.420,0.808,-0.213,-0.035,0.548,3047,0,0,0,0,243,0,143,20,0.031,96,0,16.561,2.879,2.520,16.360,-0.520,-0.281,-0.012,0.958,0.580,-2.820,-0.840,0.000,0.000,1.592,0.030,2,NULL,NULL,,1,0,1,7,255,,250,0,0
stim,4991,4991,0,396944.420,0.808,-0.213,-0.035,0.548,3047,0,0,0,0,236,0,147,20,0.031,96,0,16.502,2.882,2.520,16.300,-0.520,-0.279,-0.014,0.958,0.574,-2.824,-0.842,0.000,0.000,1.592,0.030,2,NULL,NULL,,1,0,1,7,255,,250,0,0
stim,4991,4991,0,396949.420,0.808,-0.213,-0.035,0.548,3045,0,0,0,0,233,0,141,20,0.031,96,0,16.567,2.888,2.580,16.360,-0.400,-0.280,-0.015,0.958,0.574,-2.830,-0.842,0.000,0.000,1.592,0.030,2,NULL,NULL,,1,0,1,7,255,,250,0,0
stim,4991,4991,0,396954.420,0.808,-0.213,-0.035,0.548,3049,0,0,0,0,234,0,145,20,0.031,96,0,16.516,2.885,2.640,16.300,-0.340,-0.280,-0.015,0.958,0.562,-2.830,-0.850,0.000,0.000,1.592,0.030,2,NULL,NULL,,1,0,1,7,255,,250,0,0
stim,4991,4991,0,396959.420,0.808,-0.213,-0.035,0.548,3053,0,0,0,0,239,0,141,20,0.031,96,0,16.515,2.883,2.640,16.300,-0.280,-0.281,-0.013,0.958,0.562,-2.828,-0.846,0.000,0.000,1.592,0.030,2,NULL,NULL,,1,0,1,7,255,,250,0,0
stim,4991,4991,0,396964.421,0.808,-0.213,-0.035,0.548,3053,0,0,0,0,241,0,145,20,0.031,96,0,16.517,2.873,2.640,16.300,-0.400,-0.282,-0.014,0.958,0.560,-2.818,-0.846,0.000,0.000,1.592,0.030,2,NULL,NULL,,1,0,1,7,255,,250,0,0
stim,5007,5007,0,396969.421,0.808,-0.213,-0.035,0.548,3045,0,0,0,0,237,0,139,20,0.031,96,0,16.527,2.871,2.700,16.300,-0.400,-0.282,-0.015,0.958,0.560,-2.816,-0.834,0.000,0.000,1.592,0.030,2,NULL,NULL,,1,0,1,7,255,,250,0,0
stim,5007,5007,0,396974.422,0.808,-0.213,-0.035,0.548,3046,0,0,0,0,235,0,140,20,0.031,96,0,16.524,2.873,2.700,16.300,-0.280,-0.281,-0.014,0.958,0.560,-2.818,-0.834,0.000,0.000,1.592,0.030,2,NULL,NULL,,1,0,1,7,255,,250,0,0
stim,5007,5007,0,396979.420,0.808,-0.213,-0.035,0.548,3047,0,0,0,0,245,0,139,20,0.031,96,0,16.526,2.879,2.700,16.300,-0.340,-0.281,-0.014,0.960,0.568,-2.822,-0.834,0.000,0.000,1.592,0.030,2,NULL,NULL,,1,0,1,7,255,,250,0,0
stim,5007,5007,0,396984.420,0.808,-0.213,-0.035,0.548,3047,0,0,0,0,246,0,136,20,0.031,96,0,16.515,2.879,2.640,16.300,-0.280,-0.281,-0.012,0.958,0.570,-2.822,-0.836,0.000,0.000,1.592,0.030,2,NULL,NULL,,1,0,1,7,255,,250,0,0
stim,5007,5007,0,396989.420,0.808,-0.213,-0.035,0.548,3080,0,0,0,0,235,0,147,20,0.031,96,0,16.534,2.869,2.760,16.300,-0.280,-0.281,-0.013,0.958,0.570,-2.812,-0.836,0.000,0.000,1.592,0.030,2,NULL,NULL,,1,0,1,7,255,,250,0,0
stim,5007,5007,0,396994.420,0.808,-0.213,-0.035,0.549,3049,0,0,0,0,233,0,143,20,0.031,96,0,16.536,2.869,2.760,16.300,-0.340,-0.281,-0.013,0.958,0.570,-2.812,-0.844,0.000,0.000,1.592,0.030,2,NULL,NULL,,1,0,1,7,255,,250,0,0
stim,5023,5023,0,396999.420,0.808,-0.213,-0.035,0.549,3047,0,0,0,0,233,0,141,20,0.031,96,0,16.536,2.871,2.760,16.300,-0.340,-0.281,-0.013,0.958,0.570,-2.814,-0.844,0.000,0.000,1.592,0.030,2,NULL,NULL,,1,0,1,7,255,,250,0,0
stim,5023,5023,0,397004.420,0.808,-0.213,-0.035,0.549,3087,0,0,0,0,236,0,145,20,0.031,96,0,16.546,2.873,2.820,16.300,-0.340,-0.281,-0.013,0.958,0.570,-2.816,-0.836,0.000,0.000,1.592,0.030,2,NULL,NULL,,1,0,1,7,255,,250,0,0
stim,5055,5055,0,397009.420,0.808,-0.213,-0.035,0.549,3049,0,0,0,0,245,0,142,20,0.031,96,0,16.534,2.871,2.760,16.300,-0.280,-0.281,-0.014,0.958,0.568,-2.814,-0.836,0.000,0.000,1.592,0.030,2,NULL,NULL,,1,0,1,7,255,,250,0,0
stim,5055,5055,0,397014.422,0.808,-0.213,-0.035,0.549,3081,0,0,0,0,247,0,145,20,0.031,96,0,16.534,2.870,2.760,16.300,-0.280,-0.281,-0.013,0.957,0.566,-2.814,-0.844,0.000,0.000,1.592,0.030,2,NULL,NULL,,1,0,1,7,255,,250,0,0
stim,5071,5071,0,397019.420,0.808,-0.213,-0.035,0.549,3048,0,0,0,0,240,0,145,20,0.031,96,0,16.534,2.870,2.760,16.300,-0.280,-0.281,-0.013,0.958,0.566,-2.814,-0.844,0.000,0.000,1.592,0.030,2,NULL,NULL,,1,0,1,7,255,,250,0,0
stim,5071,5071,0,397024.421,0.808,-0.213,-0.035,0.549,3047,0,0,0,0,232,0,141,20,0.031,96,0,16.536,2.876,2.760,16.300,-0.340,-0.280,-0.014,0.958,0.566,-2.820,-0.842,0.000,0.000,1.592,0.030,2,NULL,NULL,,1,0,1,7,255,,250,0,0
stim,5087,5087,0,397029.420,0.808,-0.213,-0.035,0.549,3047,0,0,0,0,231,0,145,20,0.031,96,0,16.534,2.881,2.760,16.300,-0.280,-0.280,-0.013,0.958,0.570,-2.824,-0.842,0.000,0.000,1.592,0.030,2,NULL,NULL,,1,0,1,7,255,,250,0,0
stim,5087,5087,0,397034.420,0.808,-0.213,-0.035,0.549,3080,0,0,0,0,217,0,147,20,0.031,96,0,16.592,2.880,2.760,16.360,-0.160,-0.281,-0.013,0.958,0.566,-2.824,-0.844,0.000,0.000,1.592,0.030,2,NULL,NULL,,1,0,1,7,255,,250,0,0
stim,5087,5087,0,397039.423,0.808,-0.213,-0.035,0.549,3048,0,0,0,0,235,0,146,20,0.031,96,0,16.533,2.881,2.760,16.300,-0.160,-0.281,-0.013,0.959,0.570,-2.824,-0.844,0.000,0.000,1.592,0.030,2,NULL,NULL,,1,0,1,7,255,,250,0,0
stim,5087,5087,0,397044.420,0.808,-0.213,-0.035,0.549,3087,0,0,0,0,237,0,141,20,0.031,96,0,16.523,2.869,2.700,16.300,-0.160,-0.282,-0.012,0.958,0.570,-2.812,-0.836,0.000,0.000,1.592,0.030,2,NULL,NULL,,1,0,1,7,255,,250,0,0
stim,5087,5087,0,397049.420,0.808,-0.213,-0.035,0.549,3053,0,0,0,0,229,0,141,20,0.031,96,0,16.533,2.874,2.760,16.300,-0.220,-0.281,-0.013,0.958,0.572,-2.816,-0.836,0.000,0.000,1.592,0.030,2,NULL,NULL,,1,0,1,7,255,,250,0,0
stim,5087,5087,0,397054.420,0.808,-0.213,-0.035,0.549,3048,0,0,0,0,243,0,137,20,0.031,96,0,16.474,2.868,2.760,16.240,-0.220,-0.282,-0.013,0.958,0.572,-2.810,-0.842,0.000,0.000,1.592,0.030,2,NULL,NULL,,1,0,1,7,255,,250,0,0
stim,5087,5087,0,397059.420,0.808,-0.213,-0.035,0.549,3049,0,0,0,0,249,0,143,20,0.031,96,0,16.533,2.866,2.760,16.300,-0.220,-0.282,-0.013,0.958,0.562,-2.810,-0.842,0.000,0.000,1.592,0.030,2,NULL,NULL,,1,0,1,7,255,,250,0,0
stim,5087,5087,0,397064.421,0.808,-0.213,-0.035,0.549,3092,0,0,0,0,239,0,141,20,0.031,96,0,16.533,2.866,2.760,16.300,-0.160,-0.282,-0.012,0.958,0.562,-2.810,-0.838,0.000,0.000,1.592,0.030,2,NULL,NULL,,1,0,1,7,255,,250,0,0
stim,5103,5103,0,397069.421,0.808,-0.213,-0.035,0.549,3045,0,0,0,0,232,0,141,20,0.031,96,0,16.544,2.861,2.820,16.300,-0.220,-0.282,-0.012,0.958,0.568,-2.804,-0.834,0.000,0.000,1.592,0.030,2,NULL,NULL,,1,0,1,7,255,,250,0,0
stim,5103,5103,0,397074.422,0.808,-0.213,-0.035,0.549,2983,0,0,0,0,234,0,149,20,0.031,96,0,16.555,2.861,2.880,16.300,-0.280,-0.282,-0.013,0.959,0.568,-2.804,-0.834,0.000,0.000,1.592,0.030,2,NULL,NULL,,1,0,1,7,255,,250,0,0
stim,5103,5103,0,397079.420,0.808,-0.213,-0.035,0.549,3047,0,0,0,0,236,0,144,20,0.031,96,0,16.546,2.871,2.820,16.300,-0.340,-0.281,-0.014,0.958,0.568,-2.814,-0.834,0.000,0.000,1.592,0.030,2,NULL,NULL,,1,0,1,7,255,,250,0,0
stim,5103,5103,0,397084.420,0.808,-0.213,-0.035,0.549,3045,0,0,0,0,246,0,140,20,0.031,96,0,16.545,2.874,2.820,16.300,-0.280,-0.281,-0.014,0.958,0.556,-2.820,-0.840,0.000,0.000,1.592,0.030,2,NULL,NULL,,1,0,1,7,255,,250,0,0
stim,5119,5119,0,397089.420,0.808,-0.213,-0.035,0.549,3047,0,0,0,0,245,0,141,20,0.031,96,0,16.533,2.874,2.760,16.300,-0.220,-0.280,-0.013,0.957,0.556,-2.820,-0.846,0.000,0.000,1.592,0.030,2,NULL,NULL,,1,0,1,7,255,,250,0,0
stim,5119,5119,0,397094.420,0.808,-0.213,-0.035,0.549,3053,0,0,0,0,233,0,141,20,0.031,96,0,16.474,2.872,2.760,16.240,-0.220,-0.281,-0.013,0.958,0.562,-2.816,-0.846,0.000,0.000,1.592,0.030,2,NULL,NULL,,1,0,1,7,255,,250,0,0
stim,5119,5119,0,397099.421,0.807,-0.213,-0.035,0.549,3047,0,0,0,0,221,0,141,20,0.031,96,0,16.485,2.870,2.820,16.240,-0.280,-0.282,-0.014,0.958,0.562,-2.814,-0.844,0.000,0.000,1.592,0.030,2,NULL,NULL,,1,0,1,7,255,,250,0,0
stim,5119,5119,0,397104.420,0.807,-0.213,-0.035,0.549,3040,0,0,0,0,222,0,139,20,0.031,96,0,16.533,2.870,2.760,16.300,-0.220,-0.281,-0.013,0.958,0.562,-2.814,-0.842,0.000,0.000,1.592,0.030,2,NULL,NULL,,1,0,1,7,255,,250,0,0
stim,5154,5154,0,397109.420,0.807,-0.213,-0.035,0.549,3058,0,0,0,0,238,0,139,20,0.031,96,0,16.554,2.872,2.880,16.300,-0.220,-0.281,-0.013,0.958,0.562,-2.816,-0.840,0.000,0.000,1.592,0.030,2,NULL,NULL,,1,0,1,7,255,,250,0,0
stim,5154,5154,0,397114.423,0.807,-0.213,-0.035,0.549,3048,0,0,0,0,229,0,153,20,0.031,96,0,16.485,2.872,2.820,16.240,-0.280,-0.281,-0.012,0.958,0.564,-2.816,-0.840,0.000,0.000,1.592,0.030,2,NULL,NULL,,1,0,1,7,255,,250,0,0
stim,5167,5167,0,397119.420,0.807,-0.213,-0.035,0.549,3077,0,0,0,0,231,0,140,20,0.031,96,0,16.545,2.873,2.820,16.300,-0.280,-0.282,-0.012,0.959,0.570,-2.816,-0.840,0.000,0.000,1.592,0.030,2,NULL,NULL,,1,0,1,7,255,,250,0,0
stim,5167,5167,0,397124.422,0.807,-0.213,-0.035,0.549,3045,0,0,0,0,231,0,141,20,0.031,96,0,16.534,2.874,2.760,16.300,-0.280,-0.281,-0.012,0.958,0.572,-2.816,-0.838,0.000,0.000,1.592,0.030,2,NULL,NULL,,1,0,1,7,255,,250,0,0
stim,5183,5183,0,397129.420,0.807,-0.213,-0.035,0.549,3050,0,0,0,0,211,0,145,20,0.031,96,0,16.526,2.875,2.700,16.300,-0.340,-0.281,-0.013,0.959,0.570,-2.818,-0.834,0.000,0.000,1.592,0.030,2,NULL,NULL,,1,0,1,7,255,,250,0,0
stim,5183,5183,0,397134.420,0.807,-0.213,-0.035,0.549,3079,0,0,0,0,231,0,141,20,0.031,96,0,16.526,2.881,2.700,16.300,-0.340,-0.280,-0.012,0.959,0.572,-2.824,-0.834,0.000,0.000,1.592,0.030,2,NULL,NULL,,1,0,1,7,255,,250,0,0
stim,5183,5183,0,397139.420,0.807,-0.213,-0.035,0.549,3060,0,0,0,0,215,0,147,20,0.031,96,0,16.516,2.880,2.640,16.300,-0.340,-0.281,-0.013,0.959,0.564,-2.824,-0.834,0.000,0.000,1.592,0.030,2,NULL,NULL,,1,0,1,7,255,,250,0,0
stim,5183,5183,0,397144.420,0.807,-0.213,-0.035,0.549,3055,0,0,0,0,220,0,145,20,0.031,96,0,16.575,2.882,2.640,16.360,-0.340,-0.279,-0.013,0.958,0.574,-2.824,-0.834,0.000,0.000,1.592,0.030,2,NULL,NULL,,1,0,1,7,255,,250,0,0
stim,5183,5183,0,397149.420,0.807,-0.213,-0.035,0.549,3047,0,0,0,0,223,0,141,20,0.031,96,0,16.575,2.880,2.640,16.360,-0.340,-0.281,-0.013,0.958,0.564,-2.824,-0.840,0.000,0.000,1.592,0.030,2,NULL,NULL,,1,0,1,7,255,,250,0,0
stim,5183,5183,0,397154.420,0.807,-0.213,-0.035,0.549,3052,0,0,0,0,233,0,143,20,0.031,96,0,16.517,2.870,2.640,16.300,-0.400,-0.282,-0.013,0.958,0.564,-2.814,-0.840,0.000,0.000,1.592,0.030,2,NULL,NULL,,1,0,1,7,255,,250,0,0
stim,5183,5183,0,397159.420,0.807,-0.213,-0.035,0.549,3061,0,0,0,0,223,0,142,20,0.031,96,0,16.567,2.861,2.580,16.360,-0.400,-0.282,-0.013,0.957,0.560,-2.806,-0.840,0.000,0.000,1.592,0.030,2,NULL,NULL,,1,0,1,7,255,,250,0,0
stim,5183,5183,0,397164.422,0.807,-0.213,-0.035,0.549,3047,0,0,0,0,219,0,140,20,0.031,96,0,16.558,2.861,2.520,16.360,-0.400,-0.281,-0.012,0.958,0.560,-2.806,-0.838,0.000,0.000,1.592,0.030,2,NULL,NULL,,1,0,1,7,255,,250,0,0
stim,5203,5203,0,397169.421,0.807,-0.213,-0.035,0.549,3047,0,0,0,0,222,0,141,20,0.031,96,0,16.500,2.875,2.520,16.300,-0.460,-0.281,-0.012,0.959,0.570,-2.818,-0.838,0.000,0.000,1.592,0.030,2,NULL,NULL,,1,0,1,7,255,,250,0,0
stim,5203,5203,0,397174.420,0.807,-0.213,-0.035,0.549,3047,0,0,0,0,227,0,139,20,0.031,96,0,16.561,2.875,2.520,16.360,-0.520,-0.281,-0.012,0.958,0.570,-2.818,-0.838,0.000,0.000,1.592,0.030,2,NULL,NULL,,1,0,1,7,255,,250,0,0
stim,5204,5204,0,397179.420,0.807,-0.213,-0.035,0.549,3047,0,0,0,0,227,0,141,20,0.031,96,0,16.554,2.873,2.460,16.360,-0.580,-0.282,-0.013,0.959,0.570,-2.816,-0.832,0.000,0.000,1.592,0.030,2,NULL,NULL,,1,0,1,7,255,,250,0,0
stim,5204,5204,0,397184.421,0.807,-0.213,-0.035,0.549,3048,0,0,0,0,221,0,140,20,0.031,96,0,16.572,2.872,2.580,16.360,-0.580,-0.283,-0.013,0.959,0.564,-2.816,-0.828,0.000,0.000,1.592,0.030,2,NULL,NULL,,1,0,1,7,255,,250,0,0
stim,5204,5204,0,397189.421,0.807,-0.213,-0.035,0.549,3047,0,0,0,0,217,0,141,20,0.031,96,0,16.572,2.871,2.580,16.360,-0.580,-0.282,-0.013,0.959,0.560,-2.816,-0.828,0.000,0.000,1.592,0.030,2,NULL,NULL,,1,0,1,7,255,,250,0,0
stim,5217,5217,0,397194.421,0.807,-0.213,-0.035,0.549,3048,0,0,0,0,216,0,141,20,0.031,96,0,16.563,2.873,2.520,16.360,-0.580,-0.281,-0.013,0.959,0.560,-2.818,-0.828,0.000,0.000,1.592,0.030,2,NULL,NULL,,1,0,1,7,255,,250,0,0
stim,5217,5217,0,397199.420,0.807,-0.213,-0.035,0.549,3089,0,0,0,0,219,0,147,20,0.031,96,0,16.568,2.873,2.520,16.360,-0.700,-0.281,-0.013,0.957,0.562,-2.818,-0.832,0.000,0.000,1.592,0.030,2,NULL,NULL,,1,0,1,7,255,,250,0,0
stim,5217,5217,0,397204.420,0.807,-0.213,-0.035,0.549,3045,0,0,0,0,201,0,137,20,0.031,96,0,16.638,2.868,2.460,16.440,-0.700,-0.282,-0.012,0.958,0.562,-2.812,-0.832,0.000,0.000,1.592,0.030,2,NULL,NULL,,1,0,1,7,255,,250,0,0
stim,5253,5253,0,397209.420,0.807,-0.213,-0.035,0.549,3080,0,0,0,0,217,0,141,20,0.031,96,0,16.649,2.869,2.520,16.440,-0.760,-0.281,-0.013,0.959,0.568,-2.812,-0.832,0.000,0.000,1.592,0.030,2,NULL,NULL,,1,0,1,7,255,,250,0,0
stim,5253,5253,0,397214.422,0.807,-0.213,-0.035,0.549,3059,0,0,0,0,219,0,141,20,0.031,96,0,16.640,2.871,2.460,16.440,-0.760,-0.281,-0.012,0.958,0.568,-2.814,-0.832,0.000,0.000,1.592,0.030,2,NULL,NULL,,1,0,1,7,255,,250,0,0
stim,5286,5286,0,397219.420,0.807,-0.213,-0.035,0.549,3047,0,0,0,0,215,0,139,20,0.031,96,0,16.570,2.873,2.520,16.360,-0.760,-0.281,-0.013,0.958,0.568,-2.816,-0.836,0.000,0.000,1.592,0.030,2,NULL,NULL,,1,0,1,7,255,,250,0,0
stim,5286,5286,0,397224.420,0.807,-0.213,-0.035,0.549,3047,0,0,0,0,216,0,141,20,0.031,96,0,16.561,2.873,2.460,16.360,-0.760,-0.280,-0.013,0.958,0.568,-2.816,-0.836,0.000,0.000,1.592,0.030,2,NULL,NULL,,1,0,1,7,255,,250,0,0
stim,5286,5286,0,397229.420,0.807,-0.213,-0.035,0.550,3087,0,0,0,0,219,0,147,20,0.031,96,0,16.561,2.872,2.460,16.360,-0.760,-0.282,-0.013,0.958,0.566,-2.816,-0.836,0.000,0.000,1.592,0.030,2,NULL,NULL,,1,0,1,7,255,,250,0,0
stim,5286,5286,0,397234.420,0.807,-0.213,-0.035,0.550,3067,0,0,0,0,208,0,141,20,0.031,96,0,16.626,2.872,2.340,16.440,-0.820,-0.282,-0.013,0.958,0.562,-2.816,-0.836,0.000,0.000,1.592,0.030,2,NULL,NULL,,1,0,1,7,255,,250,0,0
stim,5286,5286,0,397239.422,0.807,-0.213,-0.035,0.550,3054,0,0,0,0,229,0,139,20,0.031,96,0,16.626,2.872,2.340,16.440,-0.820,-0.281,-0.013,0.959,0.562,-2.816,-0.832,0.000,0.000,1.592,0.030,2,NULL,NULL,,1,0,1,7,255,,250,0,0
stim,5286,5286,0,397244.420,0.807,-0.213,-0.035,0.550,3051,0,0,0,0,219,0,147,20,0.031,96,0,16.685,2.874,2.340,16.500,-0.820,-0.280,-0.013,0.958,0.566,-2.818,-0.832,0.000,0.000,1.592,0.030,2,NULL,NULL,,1,0,1,7,255,,250,0,0
stim,5286,5286,0,397249.420,0.807,-0.213,-0.035,0.550,3045,0,0,0,0,221,0,141,20,0.031,96,0,16.618,2.878,2.280,16.440,-0.820,-0.281,-0.014,0.958,0.566,-2.822,-0.842,0.000,0.000,1.592,0.030,2,NULL,NULL,,1,0,1,7,255,,250,0,0
stim,5286,5286,0,397254.420,0.807,-0.213,-0.035,0.550,3049,0,0,0,0,234,0,153,20,0.031,96,0,16.615,2.877,2.280,16.440,-0.760,-0.281,-0.014,0.958,0.558,-2.822,-0.842,0.000,0.000,1.592,0.030,2,NULL,NULL,,1,0,1,7,255,,250,0,0
stim,5296,5296,0,397259.420,0.807,-0.213,-0.035,0.550,3048,0,0,0,0,236,0,145,20,0.031,96,0,16.669,2.873,2.220,16.500,-0.820,-0.282,-0.013,0.957,0.558,-2.818,-0.842,0.000,0.000,1.592,0.030,2,NULL,NULL,,1,0,1,7,255,,250,0,0
stim,5296,5296,0,397264.423,0.807,-0.213,-0.035,0.550,3077,0,0,0,0,231,0,143,20,0.031,96,0,16.609,2.863,2.220,16.440,-0.820,-0.282,-0.013,0.958,0.558,-2.808,-0.840,0.000,0.000,1.592,0.030,2,NULL,NULL,,1,0,1,7,255,,250,0,0
stim,5296,5296,0,397269.421,0.807,-0.213,-0.035,0.550,3043,0,0,0,0,236,0,141,20,0.031,96,0,16.621,2.864,2.280,16.440,-0.880,-0.280,-0.013,0.959,0.564,-2.808,-0.840,0.000,0.000,1.592,0.030,2,NULL,NULL,,1,0,1,7,255,,250,0,0
stim,5296,5296,0,397274.420,0.807,-0.213,-0.035,0.550,3087,0,0,0,0,249,0,145,20,0.031,96,0,16.615,2.875,2.280,16.440,-0.760,-0.281,-0.013,0.959,0.568,-2.818,-0.836,0.000,0.000,1.592,0.030,2,NULL,NULL,,1,0,1,7,255,,250,0,0
stim,5311,5311,0,397279.420,0.807,-0.213,-0.035,0.550,3043,0,0,0,0,249,0,140,20,0.031,96,0,16.671,2.875,2.280,16.500,-0.700,-0.282,-0.013,0.957,0.568,-2.818,-0.836,0.000,0.000,1.592,0.030,2,NULL,NULL,,1,0,1,7,255,,250,0,0
stim,5311,5311,0,397284.420,0.807,-0.213,-0.035,0.550,3045,0,0,0,0,242,0,141,20,0.031,96,0,16.671,2.873,2.280,16.500,-0.700,-0.281,-0.014,0.958,0.560,-2.818,-0.846,0.000,0.000,1.592,0.030,2,NULL,NULL,,1,0,1,7,255,,250,0,0
stim,5311,5311,0,397289.420,0.807,-0.213,-0.035,0.550,3064,0,0,0,0,245,0,140,20,0.031,96,0,16.685,2.867,2.340,16.500,-0.820,-0.282,-0.013,0.959,0.560,-2.812,-0.846,0.000,0.000,1.592,0.030,2,NULL,NULL,,1,0,1,7,255,,250,0,0
stim,5311,5311,0,397294.420,0.807,-0.213,-0.035,0.550,3045,0,0,0,0,243,0,147,20,0.031,96,0,16.685,2.869,2.340,16.500,-0.820,-0.282,-0.014,0.958,0.560,-2.814,-0.834,0.000,0.000,1.592,0.030,2,NULL,NULL,,1,0,1,7,255,,250,0,0
stim,5327,5327,0,397299.420,0.807,-0.213,-0.035,0.550,3045,0,0,0,0,243,0,141,20,0.031,96,0,16.634,2.870,2.400,16.440,-0.820,-0.281,-0.014,0.958,0.562,-2.814,-0.834,0.000,0.000,1.592,0.030,2,NULL,NULL,,1,0,1,7,255,,250,0,0
stim,5327,5327,0,397304.420,0.807,-0.213,-0.035,0.550,3054,0,0,0,0,243,0,146,20,0.031,96,0,16.697,2.870,2.400,16.500,-0.880,-0.282,-0.013,0.958,0.562,-2.814,-0.834,0.000,0.000,1.592,0.030,2,NULL,NULL,,1,0,1,7,255,,250,0,0
stim,5359,5359,0,397309.420,0.807,-0.213,-0.035,0.550,3047,0,0,0,0,243,0,151,20,0.031,96,0,16.626,2.866,2.340,16.440,-0.820,-0.283,-0.013,0.959,0.562,-2.810,-0.830,0.000,0.000,1.592,0.030,2,NULL,NULL,,1,0,1,7,255,,250,0,0
stim,5359,5359,0,397314.422,0.807,-0.213,-0.035,0.550,3045,0,0,0,0,246,0,141,20,0.031,96,0,16.685,2.866,2.340,16.500,-0.820,-0.281,-0.014,0.958,0.562,-2.810,-0.830,0.000,0.000,1.592,0.030,2,NULL,NULL,,1,0,1,7,255,,250,0,0
stim,5375,5375,0,397319.420,0.807,-0.213,-0.035,0.550,3046,0,0,0,0,245,0,141,20,0.031,96,0,16.688,2.873,2.340,16.500,-0.880,-0.281,-0.014,0.959,0.562,-2.818,-0.830,0.000,0.000,1.592,0.030,2,NULL,NULL,,1,0,1,7,255,,250,0,0
stim,5375,5375,0,397324.420,0.807,-0.213,-0.035,0.550,3046,0,0,0,0,249,0,140,20,0.031,96,0,16.621,2.882,2.280,16.440,-0.880,-0.280,-0.014,0.958,0.564,-2.826,-0.840,0.000,0.000,1.592,0.030,2,NULL,NULL,,1,0,1,7,255,,250,0,0
stim,5375,5375,0,397329.420,0.807,-0.213,-0.035,0.550,3055,0,0,0,0,249,0,139,20,0.031,96,0,16.633,2.882,2.340,16.440,-0.960,-0.282,-0.013,0.958,0.564,-2.826,-0.830,0.000,0.000,1.592,0.030,2,NULL,NULL,,1,0,1,7,255,,250,0,0
stim,5375,5375,0,397334.420,0.807,-0.213,-0.035,0.550,3045,0,0,0,0,251,0,145,20,0.031,96,0,16.629,2.868,2.280,16.440,-1.020,-0.281,-0.013,0.958,0.564,-2.812,-0.844,0.000,0.000,1.592,0.030,2,NULL,NULL,,1,0,1,7,255,,250,0,0
stim,5377,5377,0,397339.422,0.807,-0.213,-0.035,0.550,3048,0,0,0,0,251,0,143,20,0.031,96,0,16.693,2.868,2.340,16.500,-0.960,-0.280,-0.014,0.958,0.564,-2.812,-0.844,0.000,0.000,1.592,0.030,2,NULL,NULL,,1,0,1,7,255,,250,0,0
stim,5377,5377,0,397344.420,0.807,-0.213,-0.035,0.550,3051,0,0,0,0,251,0,141,20,0.031,96,0,16.752,2.868,2.340,16.560,-0.960,-0.282,-0.014,0.957,0.564,-2.812,-0.846,0.000,0.000,1.592,0.030,2,NULL,NULL,,1,0,1,7,255,,250,0,0
stim,5386,5386,0,397349.420,0.807,-0.213,-0.035,0.550,3053,0,0,0,0,248,0,143,20,0.031,96,0,16.672,2.879,2.220,16.500,-0.880,-0.281,-0.014,0.958,0.560,-2.824,-0.846,0.000,0.000,1.592,0.030,2,NULL,NULL,,1,0,1,7,255,,250,0,0
stim,5386,5386,0,397354.420,0.806,-0.213,-0.035,0.551,3047,0,0,0,0,247,0,140,20,0.031,96,0,16.744,2.870,2.280,16.560,-0.960,-0.282,-0.014,0.958,0.556,-2.816,-0.842,0.000,0.000,1.592,0.030,2,NULL,NULL,,1,0,1,7,255,,250,0,0
stim,5386,5386,0,397359.420,0.806,-0.213,-0.035,0.551,3059,0,0,0,0,247,0,145,20,0.031,96,0,16.696,2.873,2.340,16.500,-1.020,-0.281,-0.013,0.958,0.560,-2.818,-0.838,0.000,0.000,1.592,0.030,2,NULL,NULL,,1,0,1,7,255,,250,0,0
stim,5386,5386,0,397364.422,0.806,-0.213,-0.035,0.551,3045,0,0,0,0,249,0,143,20,0.031,96,0,16.641,2.871,2.340,16.440,-1.080,-0.282,-0.014,0.958,0.560,-2.816,-0.836,0.000,0.000,1.592,0.030,2,NULL,NULL,,1,0,1,7,255,,250,0,0
stim,5390,5390,0,397369.420,0.806,-0.213,-0.035,0.551,3046,0,0,0,0,242,0,141,20,0.031,96,0,16.688,2.873,2.280,16.500,-1.020,-0.281,-0.015,0.958,0.560,-2.818,-0.836,0.000,0.000,1.592,0.030,2,NULL,NULL,,1,0,1,7,255,,250,0,0
stim,5390,5390,0,397374.422,0.806,-0.213,-0.035,0.551,3064,0,0,0,0,249,0,141,20,0.031,96,0,16.633,2.881,2.340,16.440,-0.960,-0.281,-0.014,0.958,0.560,-2.826,-0.838,0.000,0.000,1.592,0.030,2,NULL,NULL,,1,0,1,7,255,,250,0,0
stim,5407,5407,0,397379.420,0.806,-0.213,-0.035,0.551,3047,0,0,0,0,248,0,141,20,0.031,96,0,16.697,2.881,2.400,16.500,-0.880,-0.282,-0.015,0.958,0.558,-2.826,-0.838,0.000,0.000,1.592,0.030,2,NULL,NULL,,1,0,1,7,255,,250,0,0
stim,5407,5407,0,397384.420,0.806,-0.213,-0.035,0.551,3081,0,0,0,0,246,0,142,20,0.031,96,0,16.638,2.873,2.400,16.440,-0.880,-0.282,-0.014,0.958,0.558,-2.818,-0.838,0.000,0.000,1.592,0.030,2,NULL,NULL,,1,0,1,7,255,,250,0,0
stim,5423,5423,0,397389.420,0.806,-0.213,-0.035,0.551,3046,0,0,0,0,247,0,141,20,0.031,96,0,16.638,2.870,2.400,16.440,-0.880,-0.282,-0.015,0.958,0.554,-2.816,-0.838,0.000,0.000,1.592,0.030,2,NULL,NULL,,1,0,1,7,255,,250,0,0
stim,5423,5423,0,397394.420,0.806,-0.213,-0.035,0.551,3049,0,0,0,0,249,0,140,20,0.031,96,0,16.638,2.870,2.400,16.440,-0.880,-0.281,-0.015,0.958,0.554,-2.816,-0.838,0.000,0.000,1.592,0.030,2,NULL,NULL,,1,0,1,7,255,,250,0,0
stim,5423,5423,0,397399.420,0.806,-0.213,-0.035,0.551,3047,0,0,0,0,249,0,149,20,0.031,96,0,16.634,2.878,2.400,16.440,-0.820,-0.280,-0.015,0.957,0.554,-2.824,-0.842,0.000,0.000,1.592,0.030,2,NULL,NULL,,1,0,1,7,255,,250,0,0
stim,5423,5423,0,397404.420,0.806,-0.213,-0.035,0.551,3047,0,0,0,0,247,0,140,20,0.031,96,0,16.638,2.877,2.460,16.440,-0.700,-0.281,-0.015,0.958,0.552,-2.824,-0.840,0.000,0.000,1.592,0.030,2,NULL,NULL,,1,0,1,7,255,,250,0,0
stim,5472,5472,0,397409.420,0.806,-0.213,-0.035,0.551,3063,0,0,0,0,247,0,152,20,0.031,96,0,16.629,2.877,2.400,16.440,-0.700,-0.281,-0.015,0.958,0.552,-2.824,-0.844,0.000,0.000,1.592,0.030,2,NULL,NULL,,1,0,1,7,255,,250,0,0
stim,5472,5472,0,397414.421,0.806,-0.213,-0.035,0.551,3059,0,0,0,0,247,0,142,20,0.031,96,0,16.559,2.874,2.460,16.360,-0.700,-0.282,-0.015,0.958,0.552,-2.820,-0.840,0.000,0.000,1.592,0.030,2,NULL,NULL,,1,0,1,7,255,,250,0,0
stim,5487,5487,0,397419.422,0.806,-0.213,-0.035,0.551,3063,0,0,0,0,245,0,145,20,0.031,96,0,16.559,2.873,2.460,16.360,-0.700,-0.282,-0.015,0.958,0.550,-2.820,-0.840,0.000,0.000,1.592,0.030,2,NULL,NULL,,1,0,1,7,255,,250,0,0
stim,5487,5487,0,397424.420,0.806,-0.213,-0.035,0.551,3046,0,0,0,0,249,0,142,20,0.031,96,0,16.565,2.873,2.520,16.360,-0.640,-0.281,-0.014,0.958,0.550,-2.820,-0.840,0.000,0.000,1.592,0.030,2,NULL,NULL,,1,0,1,7,255,,250,0,0
stim,5487,5487,0,397429.420,0.806,-0.213,-0.035,0.551,3055,0,0,0,0,252,0,149,20,0.031,96,0,16.644,2.868,2.520,16.440,-0.640,-0.282,-0.015,0.958,0.554,-2.814,-0.840,0.000,0.000,1.592,0.030,2,NULL,NULL,,1,0,1,7,255,,250,0,0
stim,5487,5487,0,397434.420,0.806,-0.212,-0.035,0.551,3039,0,0,0,0,260,0,149,20,0.031,96,0,16.563,2.874,2.520,16.360,-0.580,-0.281,-0.015,0.958,0.554,-2.820,-0.840,0.000,0.000,1.592,0.030,2,NULL,NULL,,1,0,1,7,255,,250,0,0
stim,5487,5487,0,397439.422,0.806,-0.213,-0.035,0.551,3058,0,0,0,0,250,0,145,20,0.031,96,0,16.570,2.872,2.580,16.360,-0.520,-0.282,-0.014,0.958,0.554,-2.818,-0.836,0.000,0.000,1.592,0.030,2,NULL,NULL,,1,0,1,7,255,,250,0,0
stim,5487,5487,0,397444.420,0.806,-0.212,-0.035,0.551,3045,0,0,0,0,248,0,141,20,0.031,96,0,16.572,2.879,2.580,16.360,-0.580,-0.281,-0.015,0.958,0.558,-2.824,-0.836,0.000,0.000,1.592,0.030,2,NULL,NULL,,1,0,1,7,255,,250,0,0
stim,5487,5487,0,397449.420,0.806,-0.212,-0.035,0.551,3047,0,0,0,0,247,0,142,20,0.031,96,0,16.563,2.879,2.520,16.360,-0.580,-0.281,-0.015,0.958,0.560,-2.824,-0.836,0.000,0.000,1.592,0.030,2,NULL,NULL,,1,0,1,7,255,,250,0,0
stim,5487,5487,0,397454.420,0.806,-0.212,-0.035,0.551,3046,0,0,0,0,250,0,149,20,0.031,96,0,16.570,2.879,2.580,16.360,-0.520,-0.282,-0.015,0.958,0.558,-2.824,-0.838,0.000,0.000,1.592,0.030,2,NULL,NULL,,1,0,1,7,255,,250,0,0
stim,5487,5487,0,397459.420,0.806,-0.212,-0.035,0.551,3091,0,0,0,0,249,0,138,20,0.031,96,0,16.509,2.881,2.580,16.300,-0.460,-0.281,-0.014,0.958,0.560,-2.826,-0.838,0.000,0.000,1.592,0.030,2,NULL,NULL,,1,0,1,7,255,,250,0,0
stim,5487,5487,0,397464.422,0.806,-0.212,-0.035,0.551,3045,0,0,0,0,249,0,141,20,0.031,96,0,16.578,2.875,2.640,16.360,-0.460,-0.282,-0.014,0.958,0.560,-2.820,-0.838,0.000,0.000,1.592,0.030,2,NULL,NULL,,1,0,1,7,255,,250,0,0
stim,5503,5503,0,397469.420,0.806,-0.213,-0.035,0.551,3047,0,0,0,0,250,0,141,20,0.031,96,0,16.569,2.881,2.580,16.360,-0.460,-0.281,-0.016,0.958,0.560,-2.826,-0.838,0.000,0.000,1.592,0.030,2,NULL,NULL,,1,0,1,7,255,,250,0,0
stim,5519,5519,0,397474.420,0.806,-0.213,-0.035,0.551,3096,0,0,0,0,249,0,145,20,0.031,96,0,16.569,2.880,2.580,16.360,-0.460,-0.281,-0.015,0.958,0.556,-2.826,-0.840,0.000,0.000,1.592,0.030,2,NULL,NULL,,1,0,1,7,255,,250,0,0
stim,5519,5519,0,397479.420,0.806,-0.213,-0.035,0.551,3094,0,0,0,0,251,0,149,20,0.031,96,0,16.576,2.880,2.640,16.360,-0.400,-0.282,-0.015,0.958,0.556,-2.826,-0.840,0.000,0.000,1.592,0.030,2,NULL,NULL,,1,0,1,7,255,,250,0,0
stim,5519,5519,0,397484.420,0.806,-0.213,-0.035,0.551,3061,0,0,0,0,260,0,144,20,0.031,96,0,16.595,2.874,2.760,16.360,-0.340,-0.281,-0.014,0.958,0.556,-2.820,-0.840,0.000,0.000,1.592,0.030,2,NULL,NULL,,1,0,1,7,255,,250,0,0
stim,5519,5519,0,397489.420,0.806,-0.213,-0.035,0.551,3078,0,0,0,0,261,0,141,20,0.031,96,0,16.536,2.872,2.760,16.300,-0.340,-0.283,-0.014,0.958,0.556,-2.818,-0.834,0.000,0.000,1.592,0.030,2,NULL,NULL,,1,0,1,7,255,,250,0,0
stim,5519,5519,0,397494.420,0.806,-0.213,-0.035,0.551,3045,0,0,0,0,261,0,141,20,0.031,96,0,16.596,2.867,2.760,16.360,-0.400,-0.282,-0.013,0.958,0.560,-2.812,-0.838,0.000,0.000,1.592,0.030,2,NULL,NULL,,1,0,1,7,255,,250,0,0
stim,5519,5519,0,397499.420,0.806,-0.213,-0.035,0.551,3081,0,0,0,0,255,0,145,20,0.031,96,0,16.527,2.866,2.700,16.300,-0.400,-0.281,-0.015,0.958,0.556,-2.812,-0.838,0.000,0.000,1.592,0.030,2,NULL,NULL,,1,0,1,7,255,,250,0,0
stim,5519,5519,0,397504.420,0.806,-0.213,-0.035,0.551,3056,0,0,0,0,261,0,144,20,0.031,96,0,16.586,2.874,2.700,16.360,-0.400,-0.281,-0.015,0.958,0.556,-2.820,-0.840,0.000,0.000,1.592,0.030,2,NULL,NULL,,1,0,1,7,255,,250,0,0
stim,5551,5551,0,397509.420,0.806,-0.213,-0.035,0.551,3045,0,0,0,0,260,0,140,20,0.031,96,0,16.537,2.876,2.760,16.300,-0.400,-0.279,-0.015,0.958,0.556,-2.822,-0.844,0.000,0.000,1.592,0.030,2,NULL,NULL,,1,0,1,7,255,,250,0,0
stim,5551,5551,0,397514.421,0.806,-0.213,-0.035,0.551,3047,0,0,0,0,256,0,141,20,0.031,96,0,16.526,2.891,2.700,16.300,-0.340,-0.281,-0.015,0.960,0.560,-2.836,-0.844,0.000,0.000,1.592,0.030,2,NULL,NULL,,1,0,1,7,255,,250,0,0
stim,5583,5583,0,397519.422,0.806,-0.213,-0.035,0.552,3046,0,0,0,0,267,0,143,20,0.031,96,0,16.526,2.891,2.700,16.300,-0.340,-0.282,-0.014,0.958,0.560,-2.836,-0.838,0.000,0.000,1.592,0.030,2,NULL,NULL,,1,0,1,7,255,,250,0,0
stim,5583,5583,0,397524.420,0.806,-0.213,-0.035,0.552,3045,0,0,0,0,250,0,141,20,0.031,96,0,16.516,2.877,2.640,16.300,-0.340,-0.281,-0.015,0.958,0.560,-2.822,-0.838,0.000,0.000,1.592,0.030,2,NULL,NULL,,1,0,1,7,255,,250,0,0
stim,5583,5583,0,397529.420,0.806,-0.213,-0.035,0.552,3091,0,0,0,0,249,0,141,20,0.031,96,0,16.574,2.870,2.640,16.360,-0.280,-0.282,-0.014,0.958,0.554,-2.816,-0.840,0.000,0.000,1.592,0.030,2,NULL,NULL,,1,0,1,7,255,,250,0,0
stim,5583,5583,0,397534.420,0.806,-0.213,-0.035,0.552,3057,0,0,0,0,251,0,143,20,0.031,96,0,16.524,2.876,2.700,16.300,-0.280,-0.281,-0.015,0.958,0.554,-2.822,-0.840,0.000,0.000,1.592,0.030,2,NULL,NULL,,1,0,1,7,255,,250,0,0
stim,5583,5583,0,397539.420,0.806,-0.213,-0.035,0.552,3048,0,0,0,0,251,0,143,20,0.031,96,0,16.465,2.874,2.700,16.240,-0.280,-0.282,-0.015,0.958,0.554,-2.820,-0.840,0.000,0.000,1.592,0.030,2,NULL,NULL,,1,0,1,7,255,,250,0,0
stim,5583,5583,0,397544.420,0.806,-0.213,-0.035,0.552,3046,0,0,0,0,251,0,143,20,0.031,96,0,16.574,2.878,2.640,16.360,-0.280,-0.281,-0.014,0.958,0.554,-2.824,-0.838,0.000,0.000,1.592,0.030,2,NULL,NULL,,1,0,1,7,255,,250,0,0
stim,5583,5583,0,397549.420,0.806,-0.213,-0.035,0.552,3045,0,0,0,0,250,0,146,20,0.031,96,0,16.515,2.879,2.640,16.300,-0.280,-0.281,-0.014,0.958,0.558,-2.824,-0.838,0.000,0.000,1.592,0.030,2,NULL,NULL,,1,0,1,7,255,,250,0,0
stim,5583,5583,0,397554.420,0.806,-0.213,-0.035,0.552,3089,0,0,0,0,251,0,151,20,0.031,96,0,16.515,2.879,2.640,16.300,-0.280,-0.282,-0.013,0.958,0.562,-2.824,-0.836,0.000,0.000,1.592,0.030,2,NULL,NULL,,1,0,1,7,255,,250,0,0
stim,5599,5599,0,397559.421,0.806,-0.213,-0.035,0.552,3055,0,0,0,0,253,0,142,20,0.031,96,0,16.505,2.867,2.580,16.300,-0.280,-0.283,-0.014,0.958,0.558,-2.812,-0.834,0.000,0.000,1.592,0.030,2,NULL,NULL,,1,0,1,7,255,,250,0,0
stim,5599,5599,0,397564.422,0.806,-0.213,-0.035,0.552,3051,0,0,0,0,249,0,145,20,0.031,96,0,16.576,2.868,2.640,16.360,-0.400,-0.281,-0.013,0.958,0.562,-2.812,-0.834,0.000,0.000,1.592,0.030,2,NULL,NULL,,1,0,1,7,255,,250,0,0
stim,5599,5599,0,397569.420,0.806,-0.213,-0.035,0.552,3045,0,0,0,0,248,0,141,20,0.031,96,0,16.575,2.875,2.640,16.360,-0.340,-0.281,-0.015,0.958,0.552,-2.822,-0.838,0.000,0.000,1.592,0.030,2,NULL,NULL,,1,0,1,7,255,,250,0,0
stim,5599,5599,0,397574.420,0.806,-0.213,-0.035,0.552,3047,0,0,0,0,250,0,142,20,0.031,96,0,16.575,2.876,2.640,16.360,-0.340,-0.281,-0.014,0.958,0.556,-2.822,-0.840,0.000,0.000,1.592,0.030,2,NULL,NULL,,1,0,1,7,255,,250,0,0
stim,5614,5614,0,397579.421,0.806,-0.213,-0.035,0.552,3045,0,0,0,0,237,0,141,20,0.031,96,0,16.526,2.880,2.700,16.300,-0.340,-0.280,-0.014,0.958,0.556,-2.826,-0.840,0.000,0.000,1.592,0.030,2,NULL,NULL,,1,0,1,7,255,,250,0,0
stim,5614,5614,0,397584.420,0.806,-0.213,-0.035,0.552,3045,0,0,0,0,252,0,141,20,0.031,96,0,16.526,2.876,2.700,16.300,-0.340,-0.282,-0.015,0.958,0.556,-2.822,-0.840,0.000,0.000,1.592,0.030,2,NULL,NULL,,1,0,1,7,255,,250,0,0
stim,5615,5615,0,397589.420,0.806,-0.213,-0.035,0.552,3047,0,0,0,0,251,0,141,20,0.031,96,0,16.527,2.872,2.700,16.300,-0.400,-0.282,-0.014,0.958,0.556,-2.818,-0.832,0.000,0.000,1.592,0.030,2,NULL,NULL,,1,0,1,7,255,,250,0,0
stim,5615,5615,0,397594.420,0.806,-0.213,-0.035,0.552,3047,0,0,0,0,250,0,145,20,0.031,96,0,16.538,2.872,2.760,16.300,-0.460,-0.283,-0.014,0.959,0.552,-2.818,-0.830,0.000,0.000,1.592,0.030,2,NULL,NULL,,1,0,1,7,255,,250,0,0
stim,5636,5636,0,397599.420,0.806,-0.213,-0.035,0.552,3043,0,0,0,0,249,0,141,20,0.031,96,0,16.527,2.872,2.700,16.300,-0.400,-0.282,-0.014,0.959,0.556,-2.818,-0.830,0.000,0.000,1.592,0.030,2,NULL,NULL,,1,0,1,7,255,,250,0,0
stim,5636,5636,0,397604.420,0.806,-0.213,-0.035,0.552,3059,0,0,0,0,248,0,147,20,0.031,96,0,16.481,2.873,2.760,16.240,-0.520,-0.282,-0.013,0.958,0.558,-2.818,-0.830,0.000,0.000,1.592,0.030,2,NULL,NULL,,1,0,1,7,255,,250,0,0
stim,5670,5670,0,397609.420,0.806,-0.213,-0.035,0.552,3039,0,0,0,0,250,0,140,20,0.031,96,0,16.530,2.865,2.700,16.300,-0.520,-0.283,-0.013,0.958,0.558,-2.810,-0.830,0.000,0.000,1.592,0.030,2,NULL,NULL,,1,0,1,7,255,,250,0,0
stim,5670,5670,0,397614.422,0.806,-0.213,-0.035,0.552,3045,0,0,0,0,247,0,146,20,0.031,96,0,16.570,2.865,2.580,16.360,-0.520,-0.281,-0.013,0.959,0.558,-2.810,-0.832,0.000,0.000,1.592,0.030,2,NULL,NULL,,1,0,1,7,255,,250,0,0
stim,5670,5670,0,397619.423,0.806,-0.213,-0.035,0.552,3047,0,0,0,0,251,0,141,20,0.031,96,0,16.497,2.875,2.460,16.300,-0.640,-0.281,-0.014,0.958,0.558,-2.820,-0.832,0.000,0.000,1.592,0.030,2,NULL,NULL,,1,0,1,7,255,,250,0,0
stim,5670,5670,0,397624.420,0.806,-0.213,-0.035,0.552,3050,0,0,0,0,247,0,139,20,0.031,96,0,16.638,2.875,2.460,16.440,-0.700,-0.281,-0.013,0.958,0.562,-2.820,-0.840,0.000,0.000,1.592,0.030,2,NULL,NULL,,1,0,1,7,255,,250,0,0
stim,5679,5679,0,397629.420,0.806,-0.213,-0.035,0.552,3047,0,0,0,0,245,0,141,20,0.031,96,0,16.629,2.875,2.400,16.440,-0.700,-0.281,-0.014,0.958,0.558,-2.820,-0.840,0.000,0.000,1.592,0.030,2,NULL,NULL,,1,0,1,7,255,,250,0,0
stim,5679,5679,0,397634.420,0.806,-0.213,-0.035,0.552,3057,0,0,0,0,245,0,142,20,0.031,96,0,16.544,2.878,2.340,16.360,-0.760,-0.281,-0.015,0.958,0.554,-2.824,-0.840,0.000,0.000,1.592,0.030,2,NULL,NULL,,1,0,1,7,255,,250,0,0
stim,5679,5679,0,397639.420,0.806,-0.213,-0.035,0.552,3055,0,0,0,0,249,0,141,20,0.031,96,0,16.541,2.877,2.340,16.360,-0.700,-0.282,-0.014,0.958,0.552,-2.824,-0.842,0.000,0.000,1.592,0.030,2,NULL,NULL,,1,0,1,7,255,,250,0,0
stim,5679,5679,0,397644.420,0.806,-0.213,-0.035,0.552,3067,0,0,0,0,263,0,145,20,0.031,96,0,16.618,2.883,2.340,16.440,-0.640,-0.280,-0.015,0.958,0.552,-2.830,-0.842,0.000,0.000,1.592,0.030,2,NULL,NULL,,1,0,1,7,255,,250,0,0
stim,5679,5679,0,397649.420,0.805,-0.213,-0.035,0.552,3048,0,0,0,0,254,0,144,20,0.031,96,0,16.635,2.885,2.460,16.440,-0.640,-0.281,-0.016,0.958,0.552,-2.832,-0.848,0.000,0.000,1.592,0.030,2,NULL,NULL,,1,0,1,7,255,,250,0,0
stim,5679,5679,0,397654.420,0.805,-0.213,-0.035,0.552,3045,0,0,0,0,249,0,141,20,0.031,96,0,16.620,2.884,2.340,16.440,-0.700,-0.282,-0.015,0.958,0.544,-2.832,-0.848,0.000,0.000,1.592,0.030,2,NULL,NULL,,1,0,1,7,255,,250,0,0
stim,5703,5703,0,397659.421,0.805,-0.213,-0.035,0.552,3059,0,0,0,0,248,0,139,20,0.031,96,0,16.629,2.873,2.400,16.440,-0.700,-0.282,-0.016,0.958,0.538,-2.822,-0.842,0.000,0.000,1.592,0.030,2,NULL,NULL,,1,0,1,7,255,,250,0,0
stim,5703,5703,0,397664.420,0.805,-0.213,-0.035,0.552,3065,0,0,0,0,251,0,143,20,0.031,96,0,16.550,2.874,2.400,16.360,-0.700,-0.281,-0.015,0.958,0.544,-2.822,-0.836,0.000,0.000,1.592,0.030,2,NULL,NULL,,1,0,1,7,255,,250,0,0
stim,5703,5703,0,397669.422,0.805,-0.213,-0.035,0.552,3059,0,0,0,0,248,0,137,20,0.031,96,0,16.629,2.873,2.400,16.440,-0.700,-0.282,-0.016,0.958,0.540,-2.822,-0.836,0.000,0.000,1.592,0.030,2,NULL,NULL,,1,0,1,7,255,,250,0,0
stim,5703,5703,0,397674.420,0.805,-0.213,-0.035,0.552,3045,0,0,0,0,246,0,141,20,0.031,96,0,16.635,2.876,2.460,16.440,-0.640,-0.282,-0.015,0.958,0.546,-2.824,-0.836,0.000,0.000,1.592,0.030,2,NULL,NULL,,1,0,1,7,255,,250,0,0
stim,5705,5705,0,397679.420,0.805,-0.212,-0.035,0.552,3047,0,0,0,0,247,0,141,20,0.031,96,0,16.644,2.873,2.520,16.440,-0.640,-0.283,-0.016,0.958,0.540,-2.822,-0.834,0.000,0.000,1.592,0.030,2,NULL,NULL,,1,0,1,7,255,,250,0,0
stim,5705,5705,0,397684.420,0.805,-0.212,-0.035,0.552,3047,0,0,0,0,246,0,141,20,0.031,96,0,16.565,2.870,2.520,16.360,-0.640,-0.282,-0.015,0.957,0.542,-2.818,-0.834,0.000,0.000,1.592,0.030,2,NULL,NULL,,1,0,1,7,255,,250,0,0
stim,5727,5727,0,397689.420,0.805,-0.212,-0.035,0.552,3045,0,0,0,0,245,0,141,20,0.031,96,0,16.654,2.868,2.580,16.440,-0.640,-0.282,-0.015,0.957,0.542,-2.816,-0.844,0.000,0.000,1.592,0.030,2,NULL,NULL,,1,0,1,7,255,,250,0,0
stim,5727,5727,0,397694.420,0.805,-0.212,-0.035,0.552,3046,0,0,0,0,251,0,146,20,0.031,96,0,16.559,2.870,2.460,16.360,-0.700,-0.281,-0.014,0.958,0.542,-2.818,-0.844,0.000,0.000,1.592,0.030,2,NULL,NULL,,1,0,1,7,255,,250,0,0
stim,5727,5727,0,397699.420,0.805,-0.212,-0.035,0.552,3048,0,0,0,0,248,0,145,20,0.031,96,0,16.575,2.874,2.580,16.360,-0.640,-0.281,-0.015,0.959,0.554,-2.820,-0.844,0.000,0.000,1.592,0.030,2,NULL,NULL,,1,0,1,7,255,,250,0,0
stim,5727,5727,0,397704.420,0.805,-0.212,-0.035,0.552,3046,0,0,0,0,249,0,141,20,0.031,96,0,16.563,2.884,2.520,16.360,-0.580,-0.280,-0.015,0.958,0.554,-2.830,-0.844,0.000,0.000,1.592,0.030,2,NULL,NULL,,1,0,1,7,255,,250,0,0
stim,5759,5759,0,397709.420,0.805,-0.212,-0.035,0.552,3060,0,0,0,0,265,0,145,20,0.031,96,0,16.570,2.885,2.580,16.360,-0.520,-0.281,-0.015,0.958,0.550,-2.832,-0.840,0.000,0.000,1.592,0.030,2,NULL,NULL,,1,0,1,7,255,,250,0,0
stim,5759,5759,0,397714.422,0.805,-0.212,-0.035,0.553,3051,0,0,0,0,248,0,149,20,0.031,96,0,16.648,2.885,2.580,16.440,-0.460,-0.280,-0.015,0.958,0.550,-2.832,-0.848,0.000,0.000,1.592,0.030,2,NULL,NULL,,1,0,1,7,255,,250,0,0
stim,5759,5759,0,397719.421,0.805,-0.212,-0.035,0.553,3068,0,0,0,0,246,0,142,20,0.031,96,0,16.566,2.887,2.580,16.360,-0.340,-0.279,-0.016,0.958,0.550,-2.834,-0.848,0.000,0.000,1.592,0.030,2,NULL,NULL,,1,0,1,7,255,,250,0,0
stim,5775,5775,0,397724.421,0.805,-0.212,-0.035,0.553,3075,0,0,0,0,251,0,145,20,0.031,96,0,16.515,2.887,2.640,16.300,-0.280,-0.281,-0.016,0.958,0.550,-2.834,-0.848,0.000,0.000,1.592,0.030,2,NULL,NULL,,1,0,1,7,255,,250,0,0
stim,5775,5775,0,397729.420,0.805,-0.212,-0.035,0.553,3047,0,0,0,0,249,0,141,20,0.031,96,0,16.574,2.881,2.640,16.360,-0.280,-0.281,-0.016,0.958,0.542,-2.830,-0.848,0.000,0.000,1.592,0.030,2,NULL,NULL,,1,0,1,7,255,,250,0,0
stim,5775,5775,0,397734.420,0.805,-0.212,-0.035,0.553,3046,0,0,0,0,247,0,139,20,0.031,96,0,16.572,2.877,2.640,16.360,-0.160,-0.282,-0.016,0.958,0.540,-2.826,-0.844,0.000,0.000,1.592,0.030,2,NULL,NULL,,1,0,1,7,255,,250,0,0
stim,5775,5775,0,397739.420,0.805,-0.212,-0.035,0.553,3047,0,0,0,0,253,0,140,20,0.031,96,0,16.523,2.876,2.700,16.300,-0.160,-0.281,-0.017,0.958,0.534,-2.826,-0.844,0.000,0.000,1.592,0.030,2,NULL,NULL,,1,0,1,7,255,,250,0,0
stim,5775,5775,0,397744.420,0.805,-0.212,-0.035,0.553,3050,0,0,0,0,250,0,145,20,0.031,96,0,16.532,2.880,2.760,16.300,-0.100,-0.281,-0.016,0.958,0.534,-2.830,-0.842,0.000,0.000,1.592,0.030,2,NULL,NULL,,1,0,1,7,255,,250,0,0
stim,5775,5775,0,397749.420,0.805,-0.212,-0.035,0.553,3045,0,0,0,0,251,0,141,20,0.031,96,0,16.542,2.881,2.820,16.300,-0.040,-0.282,-0.016,0.958,0.538,-2.830,-0.842,0.000,0.000,1.592,0.030,2,NULL,NULL,,1,0,1,7,255,,250,0,0
stim,5775,5775,0,397754.420,0.805,-0.213,-0.035,0.553,3077,0,0,0,0,267,0,145,20,0.031,96,0,16.563,2.873,2.940,16.300,0.020,-0.283,-0.016,0.958,0.538,-2.822,-0.836,0.000,0.000,1.592,0.030,2,NULL,NULL,,1,0,1,7,255,,250,0,0
stim,5791,5791,0,397759.420,0.805,-0.213,-0.035,0.553,3047,0,0,0,0,253,0,141,20,0.031,96,0,16.504,2.873,2.940,16.240,0.080,-0.281,-0.016,0.958,0.538,-2.822,-0.842,0.000,0.000,1.592,0.030,2,NULL,NULL,,1,0,1,7,255,,250,0,0
stim,5791,5791,0,397764.422,0.805,-0.213,-0.035,0.553,3047,0,0,0,0,248,0,141,20,0.031,96,0,16.563,2.871,2.940,16.300,0.080,-0.282,-0.015,0.958,0.540,-2.820,-0.842,0.000,0.000,1.592,0.030,2,NULL,NULL,,1,0,1,7,255,,250,0,0
stim,5791,5791,0,397769.420,0.805,-0.213,-0.035,0.553,3047,0,0,0,0,239,0,141,20,0.031,96,0,16.515,2.879,3.000,16.240,0.140,-0.282,-0.016,0.958,0.540,-2.828,-0.842,0.000,0.000,1.592,0.030,2,NULL,NULL,,1,0,1,7,255,,250,0,0
stim,5807,5807,0,397774.420,0.805,-0.213,-0.035,0.553,3045,0,0,0,0,241,0,141,20,0.031,96,0,16.515,2.876,3.000,16.240,0.140,-0.282,-0.015,0.958,0.542,-2.824,-0.838,0.000,0.000,1.592,0.030,2,NULL,NULL,,1,0,1,7,255,,250,0,0
stim,5807,5807,0,397779.420,0.805,-0.213,-0.035,0.553,3045,0,0,0,0,240,0,138,20,0.031,96,0,16.516,2.878,3.000,16.240,0.200,-0.281,-0.014,0.958,0.542,-2.826,-0.838,0.000,0.000,1.592,0.030,2,NULL,NULL,,1,0,1,7,255,,250,0,0
stim,5807,5807,0,397784.420,0.805,-0.213,-0.035,0.553,3078,0,0,0,0,245,0,156,20,0.031,96,0,16.526,2.876,3.060,16.240,0.140,-0.282,-0.015,0.958,0.542,-2.824,-0.838,0.000,0.000,1.592,0.030,2,NULL,NULL,,1,0,1,7,255,,250,0,0
stim,5824,5824,0,397789.420,0.805,-0.213,-0.035,0.553,3045,0,0,0,0,239,0,141,20,0.031,96,0,16.538,2.872,3.120,16.240,0.200,-0.282,-0.015,0.957,0.542,-2.820,-0.840,0.000,0.000,1.592,0.030,2,NULL,NULL,,1,0,1,7,255,,250,0,0
stim,5824,5824,0,397794.420,0.805,-0.213,-0.035,0.553,3045,0,0,0,0,239,0,143,20,0.031,96,0,16.528,2.872,3.060,16.240,0.280,-0.281,-0.015,0.958,0.542,-2.820,-0.840,0.000,0.000,1.592,0.030,2,NULL,NULL,,1,0,1,7,255,,250,0,0
stim,5825,5825,0,397799.420,0.805,-0.213,-0.035,0.553,3059,0,0,0,0,243,0,141,20,0.031,96,0,16.528,2.872,3.060,16.240,0.280,-0.282,-0.014,0.959,0.546,-2.820,-0.836,0.000,0.000,1.592,0.030,2,NULL,NULL,,1,0,1,7,255,,250,0,0
stim,5825,5825,0,397804.420,0.805,-0.213,-0.034,0.553,3056,0,0,0,0,239,0,145,20,0.031,96,0,16.516,2.873,3.000,16.240,0.200,-0.281,-0.013,0.958,0.548,-2.820,-0.836,0.000,0.000,1.592,0.030,2,NULL,NULL,,1,0,1,7,255,,250,0,0
stim,5855,5855,0,397809.420,0.805,-0.213,-0.034,0.553,3045,0,0,0,0,238,0,141,20,0.031,96,0,16.468,2.873,3.060,16.180,0.200,-0.282,-0.014,0.958,0.550,-2.820,-0.838,0.000,0.000,1.592,0.030,2,NULL,NULL,,1,0,1,7,255,,250,0,0
stim,5855,5855,0,397814.422,0.805,-0.213,-0.034,0.553,3051,0,0,0,0,243,0,139,20,0.031,96,0,16.447,2.874,2.940,16.180,0.280,-0.281,-0.014,0.958,0.552,-2.820,-0.838,0.000,0.000,1.592,0.030,2,NULL,NULL,,1,0,1,7,255,,250,0,0
stim,5871,5871,0,397819.422,0.805,-0.213,-0.034,0.553,3067,0,0,0,0,243,0,145,20,0.031,96,0,16.468,2.875,3.060,16.180,0.200,-0.282,-0.014,0.959,0.550,-2.822,-0.836,0.000,0.000,1.592,0.030,2,NULL,NULL,,1,0,1,7,255,,250,0,0
stim,5887,5887,0,397824.420,0.805,-0.213,-0.034,0.553,3047,0,0,0,0,243,0,141,20,0.031,96,0,16.446,2.874,2.940,16.180,0.200,-0.283,-0.014,0.959,0.546,-2.822,-0.826,0.000,0.000,1.592,0.030,2,NULL,NULL,,1,0,1,7,255,,250,0,0
stim,5887,5887,0,397829.420,0.805,-0.213,-0.034,0.553,3047,0,0,0,0,247,0,143,20,0.031,96,0,16.435,2.870,2.880,16.180,0.140,-0.283,-0.013,0.958,0.546,-2.818,-0.826,0.000,0.000,1.592,0.030,2,NULL,NULL,,1,0,1,7,255,,250,0,0
stim,5887,5887,0,397834.420,0.805,-0.213,-0.034,0.553,3055,0,0,0,0,235,0,139,20,0.031,96,0,16.435,2.866,2.880,16.180,0.140,-0.282,-0.012,0.958,0.546,-2.814,-0.830,0.000,0.000,1.592,0.030,2,NULL,NULL,,1,0,1,7,255,,250,0,0
stim,5887,5887,0,397839.420,0.805,-0.213,-0.034,0.553,3048,0,0,0,0,241,0,142,20,0.031,96,0,16.435,2.868,2.880,16.180,0.080,-0.281,-0.013,0.958,0.554,-2.814,-0.832,0.000,0.000,1.592,0.030,2,NULL,NULL,,1,0,1,7,255,,250,0,0
stim,5887,5887,0,397844.420,0.805,-0.213,-0.034,0.553,3059,0,0,0,0,243,0,143,20,0.031,96,0,16.424,2.876,2.820,16.180,0.080,-0.281,-0.014,0.958,0.554,-2.822,-0.836,0.000,0.000,1.592,0.030,2,NULL,NULL,,1,0,1,7,255,,250,0,0
stim,5887,5887,0,397849.420,0.805,-0.213,-0.034,0.553,3095,0,0,0,0,240,0,155,20,0.031,96,0,16.424,2.876,2.820,16.180,0.020,-0.281,-0.013,0.958,0.554,-2.822,-0.836,0.000,0.000,1.592,0.030,2,NULL,NULL,,1,0,1,7,255,,250,0,0
stim,5887,5887,0,397854.420,0.805,-0.213,-0.034,0.553,3059,0,0,0,0,237,0,141,20,0.031,96,0,16.473,2.874,2.760,16.240,-0.040,-0.282,-0.013,0.958,0.556,-2.820,-0.836,0.000,0.000,1.592,0.030,2,NULL,NULL,,1,0,1,7,255,,250,0,0
stim,5887,5887,0,397859.422,0.805,-0.213,-0.034,0.553,3053,0,0,0,0,235,0,144,20,0.031,96,0,16.483,2.874,2.820,16.240,-0.040,-0.281,-0.014,0.958,0.556,-2.820,-0.836,0.000,0.000,1.592,0.030,2,NULL,NULL,,1,0,1,7,255,,250,0,0
stim,5887,5887,0,397864.422,0.805,-0.213,-0.034,0.553,3045,0,0,0,0,234,0,149,20,0.031,96,0,16.483,2.869,2.820,16.240,-0.100,-0.283,-0.013,0.959,0.550,-2.816,-0.832,0.000,0.000,1.592,0.030,2,NULL,NULL,,1,0,1,7,255,,250,0,0
stim,5903,5903,0,397869.420,0.805,-0.213,-0.034,0.553,3047,0,0,0,0,236,0,141,20,0.031,96,0,16.474,2.875,2.760,16.240,-0.160,-0.281,-0.014,0.959,0.548,-2.822,-0.832,0.000,0.000,1.592,0.030,2,NULL,NULL,,1,0,1,7,255,,250,0,0
stim,5903,5903,0,397874.420,0.805,-0.213,-0.034,0.553,3093,0,0,0,0,233,0,141,20,0.031,96,0,16.464,2.871,2.700,16.240,-0.220,-0.282,-0.013,0.958,0.550,-2.818,-0.832,0.000,0.000,1.592,0.030,2,NULL,NULL,,1,0,1,7,255,,250,0,0
stim,5903,5903,0,397879.420,0.805,-0.213,-0.034,0.553,3045,0,0,0,0,237,0,146,20,0.031,96,0,16.455,2.876,2.640,16.240,-0.220,-0.281,-0.014,0.958,0.546,-2.824,-0.832,0.000,0.000,1.592,0.030,2,NULL,NULL,,1,0,1,7,255,,250,0,0
stim,5903,5903,0,397884.420,0.805,-0.213,-0.034,0.553,3046,0,0,0,0,240,0,141,20,0.031,96,0,16.464,2.871,2.700,16.240,-0.220,-0.282,-0.013,0.958,0.548,-2.818,-0.832,0.000,0.000,1.592,0.030,2,NULL,NULL,,1,0,1,7,255,,250,0,0
stim,5919,5919,0,397889.420,0.805,-0.213,-0.034,0.553,3051,0,0,0,0,244,0,141,20,0.031,96,0,16.524,2.876,2.700,16.300,-0.280,-0.282,-0.014,0.959,0.546,-2.824,-0.830,0.000,0.000,1.592,0.030,2,NULL,NULL,,1,0,1,7,255,,250,0,0
stim,5919,5919,0,397894.420,0.805,-0.213,-0.034,0.553,3051,0,0,0,0,247,0,151,20,0.031,96,0,16.466,2.877,2.700,16.240,-0.340,-0.281,-0.013,0.959,0.548,-2.824,-0.830,0.000,0.000,1.592,0.030,2,NULL,NULL,,1,0,1,7,255,,250,0,0
stim,5935,5935,0,397899.420,0.805,-0.213,-0.034,0.553,3047,0,0,0,0,243,0,141,20,0.031,96,0,16.517,2.876,2.640,16.300,-0.400,-0.282,-0.013,0.958,0.546,-2.824,-0.832,0.000,0.000,1.592,0.030,2,NULL,NULL,,1,0,1,7,255,,250,0,0
stim,5935,5935,0,397904.420,0.805,-0.213,-0.034,0.553,3064,0,0,0,0,234,0,155,20,0.031,96,0,16.519,2.872,2.640,16.300,-0.460,-0.282,-0.013,0.959,0.552,-2.818,-0.832,0.000,0.000,1.592,0.030,2,NULL,NULL,,1,0,1,7,255,,250,0,0
stim,5969,5969,0,397909.420,0.805,-0.213,-0.034,0.553,3059,0,0,0,0,240,0,141,20,0.031,96,0,16.519,2.872,2.640,16.300,-0.460,-0.280,-0.013,0.958,0.552,-2.818,-0.840,0.000,0.000,1.592,0.030,2,NULL,NULL,,1,0,1,7,255,,250,0,0
stim,5969,5969,0,397914.422,0.805,-0.213,-0.034,0.553,3051,0,0,0,0,236,0,139,20,0.031,96,0,16.576,2.882,2.640,16.360,-0.400,-0.280,-0.013,0.958,0.554,-2.828,-0.840,0.000,0.000,1.592,0.030,2,NULL,NULL,,1,0,1,7,255,,250,0,0
stim,5969,5969,0,397919.420,0.805,-0.213,-0.034,0.553,3047,0,0,0,0,236,0,139,20,0.031,96,0,16.558,2.882,2.520,16.360,-0.400,-0.281,-0.013,0.959,0.556,-2.828,-0.840,0.000,0.000,1.592,0.030,2,NULL,NULL,,1,0,1,7,255,,250,0,0
stim,5969,5969,0,397924.420,0.805,-0.213,-0.034,0.553,3047,0,0,0,0,237,0,142,20,0.031,96,0,16.638,2.882,2.520,16.440,-0.460,-0.280,-0.013,0.959,0.556,-2.828,-0.834,0.000,0.000,1.592,0.030,2,NULL,NULL,,1,0,1,7,255,,250,0,0
stim,5983,5983,0,397929.420,0.805,-0.213,-0.034,0.553,3048,0,0,0,0,236,0,138,20,0.031,96,0,16.648,2.880,2.580,16.440,-0.460,-0.281,-0.014,0.958,0.556,-2.826,-0.834,0.000,0.000,1.592,0.030,2,NULL,NULL,,1,0,1,7,255,,250,0,0
stim,5983,5983,0,397934.420,0.805,-0.213,-0.034,0.553,3049,0,0,0,0,237,0,143,20,0.031,96,0,16.648,2.882,2.580,16.440,-0.460,-0.281,-0.015,0.958,0.546,-2.830,-0.836,0.000,0.000,1.592,0.030,2,NULL,NULL,,1,0,1,7,255,,250,0,0
stim,5983,5983,0,397939.422,0.805,-0.213,-0.034,0.553,3047,0,0,0,0,239,0,141,20,0.031,96,0,16.709,2.880,2.580,16.500,-0.520,-0.281,-0.015,0.958,0.536,-2.830,-0.842,0.000,0.000,1.592,0.030,2,NULL,NULL,,1,0,1,7,255,,250,0,0
stim,5983,5983,0,397944.420,0.805,-0.213,-0.034,0.553,3079,0,0,0,0,237,0,147,20,0.031,96,0,16.715,2.880,2.640,16.500,-0.400,-0.279,-0.014,0.958,0.536,-2.830,-0.846,0.000,0.000,1.592,0.030,2,NULL,NULL,,1,0,1,7,255,,250,0,0
stim,5983,5983,0,397949.420,0.805,-0.213,-0.034,0.553,3087,0,0,0,0,238,0,141,20,0.031,96,0,16.724,2.880,2.700,16.500,-0.400,-0.281,-0.015,0.958,0.532,-2.830,-0.846,0.000,0.000,1.592,0.030,2,NULL,NULL,,1,0,1,7,255,,250,0,0
stim,5983,5983,0,397954.420,0.805,-0.213,-0.034,0.553,3047,0,0,0,0,237,0,141,20,0.031,96,0,16.712,2.879,2.640,16.500,-0.280,-0.281,-0.015,0.958,0.530,-2.830,-0.844,0.000,0.000,1.592,0.030,2,NULL,NULL,,1,0,1,7,255,,250,0,0
stim,5983,5983,0,397959.420,0.805,-0.213,-0.034,0.553,3051,0,0,0,0,247,0,144,20,0.031,96,0,16.723,2.877,2.700,16.500,-0.340,-0.282,-0.014,0.959,0.530,-2.828,-0.840,0.000,0.000,1.592,0.030,2,NULL,NULL,,1,0,1,7,255,,250,0,0
stim,5983,5983,0,397964.422,0.805,-0.213,-0.034,0.553,3061,0,0,0,0,247,0,141,20,0.031,96,0,16.723,2.877,2.700,16.500,-0.340,-0.282,-0.013,0.958,0.538,-2.826,-0.838,0.000,0.000,1.592,0.030,2,NULL,NULL,,1,0,1,7,255,,250,0,0
stim,5999,5999,0,397969.421,0.805,-0.213,-0.034,0.553,3047,0,0,0,0,239,0,142,20,0.031,96,0,16.723,2.874,2.700,16.500,-0.340,-0.281,-0.013,0.958,0.542,-2.822,-0.838,0.000,0.000,1.592,0.030,2,NULL,NULL,,1,0,1,7,255,,250,0,0
stim,5999,5999,0,397974.422,0.805,-0.213,-0.034,0.553,3087,0,0,0,0,237,0,147,20,0.031,96,0,16.664,2.874,2.700,16.440,-0.340,-0.280,-0.013,0.958,0.546,-2.822,-0.840,0.000,0.000,1.592,0.030,2,NULL,NULL,,1,0,1,7,255,,250,0,0
stim,5999,5999,0,397979.420,0.805,-0.213,-0.034,0.553,3049,0,0,0,0,245,0,143,20,0.031,96,0,16.664,2.875,2.700,16.440,-0.340,-0.281,-0.012,0.958,0.550,-2.822,-0.844,0.000,0.000,1.592,0.030,2,NULL,NULL,,1,0,1,7,255,,250,0,0
stim,5999,5999,0,397984.420,0.804,-0.213,-0.034,0.553,3047,0,0,0,0,237,0,141,20,0.031,96,0,16.583,2.877,2.700,16.360,-0.220,-0.281,-0.014,0.958,0.550,-2.824,-0.844,0.000,0.000,1.592,0.030,2,NULL,NULL,,1,0,1,7,255,,250,0,0
stim,6015,6015,0,397989.420,0.804,-0.213,-0.034,0.553,3047,0,0,0,0,238,0,141,20,0.031,96,0,16.564,2.874,2.580,16.360,-0.220,-0.282,-0.012,0.958,0.556,-2.820,-0.840,0.000,0.000,1.592,0.030,2,NULL,NULL,,1,0,1,7,255,,250,0,0
stim,6015,6015,0,397994.420,0.804,-0.213,-0.034,0.553,3050,0,0,0,0,236,0,149,20,0.031,96,0,16.556,2.866,2.520,16.360,-0.340,-0.282,-0.014,0.957,0.542,-2.814,-0.840,0.000,0.000,1.592,0.030,2,NULL,NULL,,1,0,1,7,255,,250,0,0
stim,6032,6032,0,397999.420,0.804,-0.213,-0.034,0.553,3079,0,0,0,0,243,0,146,20,0.031,96,0,16.575,2.865,2.640,16.360,-0.340,-0.282,-0.014,0.958,0.536,-2.814,-0.838,0.000,0.000,1.592,0.030,2,NULL,NULL,,1,0,1,7,255,,250,0,0
stim,6032,6032,0,398004.420,0.804,-0.213,-0.034,0.553,3079,0,0,0,0,239,0,145,20,0.031,96,0,16.576,2.865,2.640,16.360,-0.400,-0.282,-0.013,0.957,0.536,-2.814,-0.846,0.000,0.000,1.592,0.030,2,NULL,NULL,,1,0,1,7,255,,250,0,0
stim,6068,6068,0,398009.420,0.804,-0.213,-0.034,0.554,3065,0,0,0,0,251,0,141,20,0.031,96,0,16.575,2.867,2.640,16.360,-0.340,-0.282,-0.013,0.957,0.538,-2.816,-0.846,0.000,0.000,1.592,0.030,2,NULL,NULL,,1,0,1,7,255,,250,0,0
stim,6068,6068,0,398014.421,0.804,-0.213,-0.034,0.554,3075,0,0,0,0,244,0,143,20,0.031,96,0,16.565,2.868,2.580,16.360,-0.280,-0.281,-0.014,0.958,0.542,-2.816,-0.846,0.000,0.000,1.592,0.030,2,NULL,NULL,,1,0,1,7,255,,250,0,0
stim,6069,6069,0,398019.424,0.804,-0.213,-0.034,0.554,3079,0,0,0,0,239,0,143,20,0.031,96,0,16.554,2.876,2.520,16.360,-0.220,-0.282,-0.014,0.958,0.542,-2.824,-0.836,0.000,0.000,1.592,0.030,2,NULL,NULL,,1,0,1,7,255,,250,0,0
stim,6069,6069,0,398024.420,0.804,-0.213,-0.034,0.554,3068,0,0,0,0,237,0,149,20,0.031,96,0,16.496,2.875,2.520,16.300,-0.280,-0.282,-0.014,0.958,0.540,-2.824,-0.836,0.000,0.000,1.592,0.030,2,NULL,NULL,,1,0,1,7,255,,250,0,0
stim,6071,6071,0,398029.420,0.804,-0.213,-0.034,0.554,3049,0,0,0,0,238,0,141,20,0.031,96,0,16.574,2.874,2.640,16.360,-0.280,-0.282,-0.015,0.958,0.536,-2.824,-0.838,0.000,0.000,1.592,0.030,2,NULL,NULL,,1,0,1,7,255,,250,0,0
stim,6071,6071,0,398034.420,0.804,-0.213,-0.034,0.554,3049,0,0,0,0,235,0,140,20,0.031,96,0,16.594,2.869,2.760,16.360,-0.280,-0.282,-0.014,0.958,0.536,-2.818,-0.838,0.000,0.000,1.592,0.030,2,NULL,NULL,,1,0,1,7,255,,250,0,0
stim,6101,6101,0,398039.420,0.804,-0.213,-0.034,0.554,3080,0,0,0,0,237,0,145,20,0.031,96,0,16.466,2.869,2.700,16.240,-0.340,-0.282,-0.013,0.958,0.536,-2.818,-0.838,0.000,0.000,1.592,0.030,2,NULL,NULL,,1,0,1,7,255,,250,0,0
stim,6102,6102,0,398044.420,0.804,-0.213,-0.034,0.554,3059,0,0,0,0,245,0,147,20,0.031,96,0,16.515,2.869,2.640,16.300,-0.280,-0.282,-0.013,0.958,0.540,-2.818,-0.838,0.000,0.000,1.592,0.030,2,NULL,NULL,,1,0,1,7,255,,250,0,0
stim,6102,6102,0,398049.420,0.804,-0.213,-0.034,0.554,3049,0,0,0,0,235,0,141,20,0.031,96,0,16.515,2.869,2.640,16.300,-0.280,-0.282,-0.015,0.957,0.540,-2.818,-0.842,0.000,0.000,1.592,0.030,2,NULL,NULL,,1,0,1,7,255,,250,0,0
stim,6102,6102,0,398054.420,0.804,-0.213,-0.034,0.554,3080,0,0,0,0,239,0,144,20,0.031,96,0,16.476,2.867,2.760,16.240,-0.340,-0.282,-0.014,0.958,0.530,-2.818,-0.840,0.000,0.000,1.592,0.030,2,NULL,NULL,,1,0,1,7,255,,250,0,0
stim,6102,6102,0,398059.421,0.804,-0.213,-0.034,0.554,3055,0,0,0,0,239,0,146,20,0.031,96,0,16.487,2.871,2.820,16.240,-0.340,-0.281,-0.013,0.959,0.530,-2.822,-0.840,0.000,0.000,1.592,0.030,2,NULL,NULL,,1,0,1,7,255,,250,0,0
stim,6102,6102,0,398064.422,0.804,-0.213,-0.034,0.554,3047,0,0,0,0,235,0,141,20,0.031,96,0,16.466,2.876,2.700,16.240,-0.340,-0.281,-0.013,0.958,0.542,-2.824,-0.840,0.000,0.000,1.592,0.030,2,NULL,NULL,,1,0,1,7,255,,250,0,0
stim,6104,6104,0,398069.420,0.804,-0.213,-0.034,0.554,3049,0,0,0,0,235,0,141,20,0.031,96,0,16.475,2.878,2.760,16.240,-0.280,-0.281,-0.014,0.958,0.542,-2.826,-0.840,0.000,0.000,1.592,0.030,2,NULL,NULL,,1,0,1,7,255,,250,0,0
stim,6104,6104,0,398074.420,0.804,-0.213,-0.034,0.554,3048,0,0,0,0,234,0,141,20,0.031,96,0,16.466,2.881,2.700,16.240,-0.340,-0.280,-0.013,0.958,0.542,-2.830,-0.840,0.000,0.000,1.592,0.030,2,NULL,NULL,,1,0,1,7,255,,250,0,0
stim,6105,6105,0,398079.420,0.804,-0.213,-0.034,0.554,3066,0,0,0,0,237,0,145,20,0.031,96,0,16.465,2.881,2.700,16.240,-0.280,-0.282,-0.013,0.958,0.540,-2.830,-0.840,0.000,0.000,1.592,0.030,2,NULL,NULL,,1,0,1,7,255,,250,0,0
stim,6105,6105,0,398084.420,0.804,-0.213,-0.034,0.554,3063,0,0,0,0,239,0,141,20,0.031,96,0,16.476,2.877,2.760,16.240,-0.340,-0.281,-0.014,0.957,0.540,-2.826,-0.840,0.000,0.000,1.592,0.030,2,NULL,NULL,,1,0,1,7,255,,250,0,0
stim,6113,6113,0,398089.421,0.804,-0.213,-0.034,0.554,3049,0,0,0,0,232,0,142,20,0.031,96,0,16.426,2.871,2.820,16.180,-0.280,-0.281,-0.014,0.957,0.538,-2.820,-0.850,0.000,0.000,1.592,0.030,2,NULL,NULL,,1,0,1,7,255,,250,0,0
stim,6113,6113,0,398094.421,0.804,-0.213,-0.034,0.554,3048,0,0,0,0,236,0,141,20,0.031,96,0,16.476,2.874,2.760,16.240,-0.340,-0.282,-0.014,0.958,0.536,-2.824,-0.850,0.000,0.000,1.592,0.030,2,NULL,NULL,,1,0,1,7,255,,250,0,0
stim,6136,6136,0,398099.420,0.804,-0.213,-0.034,0.554,3059,0,0,0,0,243,0,141,20,0.031,96,0,16.464,2.874,2.700,16.240,-0.220,-0.282,-0.014,0.958,0.534,-2.824,-0.834,0.000,0.000,1.592,0.030,2,NULL,NULL,,1,0,1,7,255,,250,0,0
stim,6136,6136,0,398104.420,0.804,-0.213,-0.034,0.554,3051,0,0,0,0,228,0,145,20,0.031,96,0,16.455,2.874,2.640,16.240,-0.220,-0.280,-0.014,0.958,0.536,-2.824,-0.834,0.000,0.000,1.592,0.030,2,NULL,NULL,,1,0,1,7,255,,250,0,0
stim,6159,6159,0,398109.420,0.804,-0.213,-0.034,0.554,3049,0,0,0,0,231,0,140,20,0.031,96,0,16.524,2.878,2.700,16.300,-0.280,-0.281,-0.013,0.958,0.536,-2.828,-0.840,0.000,0.000,1.592,0.030,2,NULL,NULL,,1,0,1,7,255,,250,0,0
stim,6159,6159,0,398114.422,0.804,-0.213,-0.034,0.554,3052,0,0,0,0,233,0,147,20,0.031,96,0,16.526,2.881,2.700,16.300,-0.340,-0.280,-0.013,0.958,0.542,-2.830,-0.842,0.000,0.000,1.592,0.030,2,NULL,NULL,,1,0,1,7,255,,250,0,0
stim,6175,6175,0,398119.421,0.804,-0.213,-0.034,0.554,3093,0,0,0,0,245,0,146,20,0.031,96,0,16.516,2.882,2.640,16.300,-0.340,-0.280,-0.013,0.958,0.544,-2.830,-0.844,0.000,0.000,1.592,0.030,2,NULL,NULL,,1,0,1,7,255,,250,0,0
stim,6175,6175,0,398124.423,0.804,-0.213,-0.034,0.554,3048,0,0,0,0,243,0,141,20,0.031,96,0,16.455,2.884,2.640,16.240,-0.220,-0.280,-0.013,0.958,0.544,-2.832,-0.844,0.000,0.000,1.592,0.030,2,NULL,NULL,,1,0,1,7,255,,250,0,0
stim,6191,6191,0,398129.420,0.804,-0.213,-0.034,0.554,3047,0,0,0,0,239,0,141,20,0.031,96,0,16.533,2.884,2.760,16.300,-0.220,-0.282,-0.014,0.958,0.544,-2.832,-0.844,0.000,0.000,1.592,0.030,2,NULL,NULL,,1,0,1,7,255,,250,0,0
stim,6191,6191,0,398134.420,0.804,-0.213,-0.034,0.554,3081,0,0,0,0,237,0,145,20,0.031,96,0,16.533,2.873,2.760,16.300,-0.160,-0.281,-0.015,0.957,0.528,-2.824,-0.848,0.000,0.000,1.592,0.030,2,NULL,NULL,,1,0,1,7,255,,250,0,0
stim,6191,6191,0,398139.420,0.804,-0.213,-0.034,0.554,3055,0,0,0,0,235,0,151,20,0.031,96,0,16.544,2.873,2.820,16.300,-0.220,-0.281,-0.014,0.958,0.528,-2.824,-0.844,0.000,0.000,1.592,0.030,2,NULL,NULL,,1,0,1,7,255,,250,0,0
stim,6191,6191,0,398144.420,0.804,-0.213,-0.034,0.554,3047,0,0,0,0,239,0,145,20,0.031,96,0,16.545,2.875,2.820,16.300,-0.280,-0.282,-0.014,0.959,0.530,-2.826,-0.844,0.000,0.000,1.592,0.030,2,NULL,NULL,,1,0,1,7,255,,250,0,0
stim,6191,6191,0,398149.420,0.804,-0.213,-0.034,0.554,3047,0,0,0,0,230,0,141,20,0.031,96,0,16.545,2.876,2.820,16.300,-0.280,-0.282,-0.014,0.958,0.532,-2.826,-0.834,0.000,0.000,1.592,0.030,2,NULL,NULL,,1,0,1,7,255,,250,0,0
stim,6191,6191,0,398154.420,0.804,-0.213,-0.034,0.554,3081,0,0,0,0,226,0,149,20,0.031,96,0,16.603,2.876,2.820,16.360,-0.220,-0.281,-0.013,0.957,0.534,-2.826,-0.834,0.000,0.000,1.592,0.030,2,NULL,NULL,,1,0,1,7,255,,250,0,0
stim,6191,6191,0,398159.420,0.804,-0.213,-0.034,0.554,3051,0,0,0,0,230,0,144,20,0.031,96,0,16.603,2.876,2.820,16.360,-0.220,-0.281,-0.014,0.959,0.536,-2.826,-0.834,0.000,0.000,1.592,0.030,2,NULL,NULL,,1,0,1,7,255,,250,0,0
stim,6191,6191,0,398164.422,0.804,-0.213,-0.034,0.554,3050,0,0,0,0,224,0,143,20,0.031,96,0,16.594,2.881,2.760,16.360,-0.280,-0.281,-0.012,0.959,0.538,-2.830,-0.834,0.000,0.000,1.592,0.030,2,NULL,NULL,,1,0,1,7,255,,250,0,0
stim,6207,6207,0,398169.420,0.804,-0.213,-0.034,0.554,3048,0,0,0,0,231,0,143,20,0.031,96,0,16.605,2.882,2.820,16.360,-0.340,-0.282,-0.012,0.958,0.544,-2.830,-0.834,0.000,0.000,1.592,0.030,2,NULL,NULL,,1,0,1,7,255,,250,0,0
stim,6207,6207,0,398174.420,0.804,-0.213,-0.034,0.554,3049,0,0,0,0,228,0,141,20,0.031,96,0,16.595,2.882,2.760,16.360,-0.340,-0.281,-0.013,0.959,0.544,-2.830,-0.834,0.000,0.000,1.592,0.030,2,NULL,NULL,,1,0,1,7,255,,250,0,0
stim,6207,6207,0,398179.420,0.804,-0.213,-0.034,0.554,3049,0,0,0,0,235,0,141,20,0.031,96,0,16.664,2.884,2.700,16.440,-0.340,-0.281,-0.014,0.959,0.544,-2.832,-0.834,0.000,0.000,1.592,0.030,2,NULL,NULL,,1,0,1,7,255,,250,0,0
stim,6207,6207,0,398184.422,0.804,-0.213,-0.034,0.554,3047,0,0,0,0,237,0,140,20,0.031,96,0,16.654,2.882,2.640,16.440,-0.340,-0.281,-0.014,0.957,0.536,-2.832,-0.834,0.000,0.000,1.592,0.030,2,NULL,NULL,,1,0,1,7,255,,250,0,0
stim,6207,6207,0,398189.420,0.804,-0.213,-0.034,0.554,3067,0,0,0,0,235,0,144,20,0.031,96,0,16.664,2.876,2.700,16.440,-0.340,-0.281,-0.014,0.958,0.532,-2.826,-0.844,0.000,0.000,1.592,0.030,2,NULL,NULL,,1,0,1,7,255,,250,0,0
stim,6207,6207,0,398194.422,0.804,-0.213,-0.034,0.554,3062,0,0,0,0,243,0,140,20,0.031,96,0,16.596,2.876,2.760,16.360,-0.400,-0.280,-0.013,0.958,0.532,-2.826,-0.844,0.000,0.000,1.592,0.030,2,NULL,NULL,,1,0,1,7,255,,250,0,0
stim,6223,6223,0,398199.420,0.804,-0.213,-0.034,0.554,3048,0,0,0,0,235,0,140,20,0.031,96,0,16.664,2.884,2.700,16.440,-0.340,-0.280,-0.014,0.958,0.532,-2.834,-0.844,0.000,0.000,1.592,0.030,2,NULL,NULL,,1,0,1,7,255,,250,0,0
stim,6223,6223,0,398204.420,0.804,-0.213,-0.034,0.554,3059,0,0,0,0,238,0,143,20,0.031,96,0,16.575,2.885,2.640,16.360,-0.340,-0.281,-0.012,0.959,0.540,-2.834,-0.844,0.000,0.000,1.592,0.030,2,NULL,NULL,,1,0,1,7,255,,250,0,0
stim,6255,6255,0,398209.422,0.804,-0.213,-0.034,0.554,3050,0,0,0,0,237,0,139,20,0.031,96,0,16.576,2.880,2.640,16.360,-0.400,-0.283,-0.014,0.958,0.532,-2.830,-0.836,0.000,0.000,1.592,0.030,2,NULL,NULL,,1,0,1,7,255,,250,0,0
stim,6255,6255,0,398214.422,0.804,-0.213,-0.034,0.554,3051,0,0,0,0,239,0,148,20,0.031,96,0,16.655,2.867,2.640,16.440,-0.400,-0.283,-0.012,0.958,0.538,-2.816,-0.832,0.000,0.000,1.592,0.030,2,NULL,NULL,,1,0,1,7,255,,250,0,0
stim,6271,6271,0,398219.421,0.804,-0.213,-0.034,0.554,3052,0,0,0,0,236,0,140,20,0.031,96,0,16.569,2.867,2.580,16.360,-0.460,-0.281,-0.013,0.958,0.538,-2.816,-0.836,0.000,0.000,1.592,0.030,2,NULL,NULL,,1,0,1,7,255,,250,0,0
stim,6271,6271,0,398224.420,0.804,-0.213,-0.034,0.554,3049,0,0,0,0,236,0,139,20,0.031,96,0,16.648,2.876,2.580,16.440,-0.460,-0.281,-0.012,0.958,0.542,-2.824,-0.836,0.000,0.000,1.592,0.030,2,NULL,NULL,,1,0,1,7,255,,250,0,0
stim,6287,6287,0,398229.420,0.804,-0.213,-0.034,0.554,3065,0,0,0,0,240,0,141,20,0.031,96,0,16.570,2.876,2.580,16.360,-0.520,-0.283,-0.012,0.958,0.542,-2.824,-0.836,0.000,0.000,1.592,0.030,2,NULL,NULL,,1,0,1,7,255,,250,0,0
stim,6287,6287,0,398234.420,0.804,-0.213,-0.034,0.554,3048,0,0,0,0,239,0,141,20,0.031,96,0,16.561,2.875,2.520,16.360,-0.520,-0.281,-0.013,0.958,0.540,-2.824,-0.836,0.000,0.000,1.592,0.030,2,NULL,NULL,,1,0,1,7,255,,250,0,0
stim,6287,6287,0,398239.422,0.804,-0.213,-0.034,0.554,3062,0,0,0,0,249,0,153,20,0.031,96,0,16.575,2.873,2.580,16.360,-0.640,-0.281,-0.012,0.958,0.540,-2.822,-0.840,0.000,0.000,1.592,0.030,2,NULL,NULL,,1,0,1,7,255,,250,0,0
stim,6287,6287,0,398244.420,0.804,-0.213,-0.034,0.554,3083,0,0,0,0,251,0,138,20,0.031,96,0,16.572,2.877,2.580,16.360,-0.580,-0.282,-0.014,0.958,0.540,-2.826,-0.840,0.000,0.000,1.592,0.030,2,NULL,NULL,,1,0,1,7,255,,250,0,0
stim,6287,6287,0,398249.420,0.804,-0.213,-0.034,0.554,3059,0,0,0,0,246,0,139,20,0.031,96,0,16.556,2.872,2.460,16.360,-0.640,-0.283,-0.015,0.958,0.524,-2.824,-0.838,0.000,0.000,1.592,0.030,2,NULL,NULL,,1,0,1,7,255,,250,0,0
stim,6287,6287,0,398254.420,0.804,-0.213,-0.034,0.554,3049,0,0,0,0,243,0,139,20,0.031,96,0,16.563,2.872,2.520,16.360,-0.580,-0.282,-0.014,0.958,0.524,-2.824,-0.838,0.000,0.000,1.592,0.030,2,NULL,NULL,,1,0,1,7,255,,250,0,0
stim,6287,6287,0,398259.420,0.804,-0.213,-0.034,0.554,3051,0,0,0,0,249,0,155,20,0.031,96,0,16.575,2.873,2.580,16.360,-0.640,-0.282,-0.013,0.959,0.526,-2.824,-0.830,0.000,0.000,1.592,0.030,2,NULL,NULL,,1,0,1,7,255,,250,0,0
stim,6287,6287,0,398264.422,0.804,-0.213,-0.034,0.554,3065,0,0,0,0,243,0,149,20,0.031,96,0,16.575,2.873,2.580,16.360,-0.640,-0.282,-0.013,0.959,0.538,-2.822,-0.830,0.000,0.000,1.592,0.030,2,NULL,NULL,,1,0,1,7,255,,250,0,0
stim,6303,6303,0,398269.420,0.804,-0.213,-0.034,0.554,3051,0,0,0,0,238,0,140,20,0.031,96,0,16.556,2.873,2.460,16.360,-0.640,-0.281,-0.012,0.958,0.540,-2.822,-0.830,0.000,0.000,1.592,0.030,2,NULL,NULL,,1,0,1,7,255,,250,0,0
stim,6303,6303,0,398274.421,0.804,-0.213,-0.034,0.555,3027,0,0,0,0,237,0,141,20,0.031,96,0,16.577,2.873,2.580,16.360,-0.700,-0.282,-0.013,0.958,0.538,-2.822,-0.838,0.000,0.000,1.592,0.030,2,NULL,NULL,,1,0,1,7,255,,250,0,0
stim,6303,6303,0,398279.420,0.804,-0.213,-0.034,0.555,3063,0,0,0,0,243,0,140,20,0.031,96,0,16.592,2.873,2.640,16.360,-0.820,-0.281,-0.013,0.958,0.538,-2.822,-0.840,0.000,0.000,1.592,0.030,2,NULL,NULL,,1,0,1,7,255,,250,0,0
stim,6303,6303,0,398284.420,0.804,-0.213,-0.034,0.555,3047,0,0,0,0,235,0,141,20,0.031,96,0,16.570,2.873,2.520,16.360,-0.760,-0.281,-0.013,0.958,0.538,-2.822,-0.844,0.000,0.000,1.592,0.030,2,NULL,NULL,,1,0,1,7,255,,250,0,0
stim,6319,6319,0,398289.420,0.804,-0.213,-0.034,0.555,3063,0,0,0,0,237,0,141,20,0.031,96,0,16.553,2.874,2.400,16.360,-0.760,-0.281,-0.014,0.958,0.534,-2.824,-0.844,0.000,0.000,1.592,0.030,2,NULL,NULL,,1,0,1,7,255,,250,0,0
stim,6319,6319,0,398294.420,0.804,-0.213,-0.034,0.555,3087,0,0,0,0,240,0,140,20,0.031,96,0,16.550,2.875,2.400,16.360,-0.700,-0.281,-0.014,0.958,0.530,-2.826,-0.844,0.000,0.000,1.592,0.030,2,NULL,NULL,,1,0,1,7,255,,250,0,0
stim,6320,6320,0,398299.420,0.804,-0.213,-0.034,0.555,3049,0,0,0,0,239,0,140,20,0.031,96,0,16.555,2.875,2.400,16.360,-0.820,-0.282,-0.013,0.958,0.530,-2.826,-0.838,0.000,0.000,1.592,0.030,2,NULL,NULL,,1,0,1,7,255,,250,0,0
stim,6320,6320,0,398304.420,0.804,-0.213,-0.034,0.555,3061,0,0,0,0,247,0,141,20,0.031,96,0,16.629,2.875,2.400,16.440,-0.700,-0.281,-0.013,0.958,0.538,-2.824,-0.844,0.000,0.000,1.592,0.030,2,NULL,NULL,,1,0,1,7,255,,250,0,0
stim,6367,6367,0,398309.420,0.804,-0.213,-0.034,0.555,3049,0,0,0,0,238,0,141,20,0.031,96,0,16.634,2.875,2.400,16.440,-0.820,-0.282,-0.015,0.958,0.538,-2.824,-0.842,0.000,0.000,1.592,0.030,2,NULL,NULL,,1,0,1,7,255,,250,0,0
stim,6367,6367,0,398314.423,0.804,-0.213,-0.034,0.555,3095,0,0,0,0,243,0,145,20,0.031,96,0,16.634,2.878,2.400,16.440,-0.820,-0.281,-0.014,0.958,0.532,-2.828,-0.842,0.000,0.000,1.592,0.030,2,NULL,NULL,,1,0,1,7,255,,250,0,0
stim,6386,6386,0,398319.420,0.803,-0.213,-0.034,0.555,3049,0,0,0,0,239,0,138,20,0.031,96,0,16.553,2.876,2.400,16.360,-0.760,-0.282,-0.014,0.958,0.524,-2.828,-0.842,0.000,0.000,1.592,0.030,2,NULL,NULL,,1,0,1,7,255,,250,0,0
stim,6386,6386,0,398324.421,0.803,-0.213,-0.034,0.555,3048,0,0,0,0,245,0,145,20,0.031,96,0,16.561,2.878,2.460,16.360,-0.760,-0.281,-0.014,0.958,0.532,-2.828,-0.840,0.000,0.000,1.592,0.030,2,NULL,NULL,,1,0,1,7,255,,250,0,0
stim,6386,6386,0,398329.420,0.803,-0.213,-0.034,0.555,3069,0,0,0,0,253,0,142,20,0.031,96,0,16.561,2.876,2.460,16.360,-0.760,-0.282,-0.015,0.958,0.524,-2.828,-0.840,0.000,0.000,1.592,0.030,2,NULL,NULL,,1,0,1,7,255,,250,0,0
stim,6386,6386,0,398334.420,0.803,-0.213,-0.034,0.555,3048,0,0,0,0,248,0,143,20,0.031,96,0,16.561,2.878,2.460,16.360,-0.760,-0.281,-0.014,0.958,0.532,-2.828,-0.840,0.000,0.000,1.592,0.030,2,NULL,NULL,,1,0,1,7,255,,250,0,0
stim,6386,6386,0,398339.421,0.803,-0.213,-0.034,0.555,3049,0,0,0,0,261,0,141,20,0.031,96,0,16.632,2.875,2.400,16.440,-0.760,-0.282,-0.015,0.957,0.520,-2.828,-0.840,0.000,0.000,1.592,0.030,2,NULL,NULL,,1,0,1,7,255,,250,0,0
stim,6386,6386,0,398344.420,0.803,-0.213,-0.034,0.555,3047,0,0,0,0,247,0,142,20,0.031,96,0,16.638,2.878,2.460,16.440,-0.700,-0.280,-0.014,0.958,0.532,-2.828,-0.846,0.000,0.000,1.592,0.030,2,NULL,NULL,,1,0,1,7,255,,250,0,0
stim,6386,6386,0,398349.420,0.803,-0.213,-0.034,0.555,3049,0,0,0,0,248,0,141,20,0.031,96,0,16.635,2.873,2.460,16.440,-0.640,-0.282,-0.014,0.958,0.528,-2.824,-0.846,0.000,0.000,1.592,0.030,2,NULL,NULL,,1,0,1,7,255,,250,0,0
stim,6386,6386,0,398354.420,0.803,-0.213,-0.034,0.555,3052,0,0,0,0,251,0,141,20,0.031,96,0,16.644,2.871,2.520,16.440,-0.640,-0.282,-0.014,0.957,0.528,-2.822,-0.846,0.000,0.000,1.592,0.030,2,NULL,NULL,,1,0,1,7,255,,250,0,0
stim,6389,6389,0,398359.420,0.803,-0.213,-0.034,0.555,3061,0,0,0,0,251,0,144,20,0.031,96,0,16.647,2.871,2.520,16.440,-0.700,-0.280,-0.014,0.958,0.528,-2.822,-0.846,0.000,0.000,1.592,0.030,2,NULL,NULL,,1,0,1,7,255,,250,0,0
stim,6389,6389,0,398364.421,0.803,-0.213,-0.034,0.555,3048,0,0,0,0,252,0,141,20,0.031,96,0,16.638,2.885,2.460,16.440,-0.700,-0.281,-0.014,0.958,0.532,-2.836,-0.846,0.000,0.000,1.592,0.030,2,NULL,NULL,,1,0,1,7,255,,250,0,0
stim,6390,6390,0,398369.421,0.803,-0.213,-0.034,0.555,3049,0,0,0,0,253,0,140,20,0.031,96,0,16.635,2.887,2.460,16.440,-0.640,-0.281,-0.015,0.958,0.532,-2.838,-0.838,0.000,0.000,1.592,0.030,2,NULL,NULL,,1,0,1,7,255,,250,0,0
stim,6416,6416,0,398374.420,0.803,-0.213,-0.034,0.555,3067,0,0,0,0,250,0,148,20,0.031,96,0,16.644,2.887,2.520,16.440,-0.640,-0.281,-0.014,0.959,0.532,-2.838,-0.836,0.000,0.000,1.592,0.030,2,NULL,NULL,,1,0,1,7,255,,250,0,0
stim,6416,6416,0,398379.420,0.803,-0.213,-0.034,0.555,3080,0,0,0,0,245,0,141,20,0.031,96,0,16.635,2.887,2.460,16.440,-0.640,-0.282,-0.014,0.958,0.532,-2.838,-0.836,0.000,0.000,1.592,0.030,2,NULL,NULL,,1,0,1,7,255,,250,0,0
stim,6416,6416,0,398384.420,0.803,-0.213,-0.034,0.555,3051,0,0,0,0,260,0,151,20,0.031,96,0,16.635,2.889,2.460,16.440,-0.640,-0.281,-0.015,0.958,0.532,-2.840,-0.838,0.000,0.000,1.592,0.030,2,NULL,NULL,,1,0,1,7,255,,250,0,0
stim,6416,6416,0,398389.420,0.803,-0.213,-0.034,0.555,3049,0,0,0,0,249,0,141,20,0.031,96,0,16.701,2.878,2.520,16.500,-0.580,-0.281,-0.014,0.957,0.532,-2.828,-0.838,0.000,0.000,1.592,0.030,2,NULL,NULL,,1,0,1,7,255,,250,0,0
stim,6416,6416,0,398394.420,0.803,-0.213,-0.034,0.555,3059,0,0,0,0,253,0,140,20,0.031,96,0,16.642,2.879,2.520,16.440,-0.580,-0.281,-0.014,0.958,0.530,-2.830,-0.840,0.000,0.000,1.592,0.030,2,NULL,NULL,,1,0,1,7,255,,250,0,0
stim,6416,6416,0,398399.420,0.803,-0.213,-0.034,0.555,3055,0,0,0,0,248,0,147,20,0.031,96,0,16.651,2.877,2.580,16.440,-0.580,-0.283,-0.015,0.958,0.530,-2.828,-0.840,0.000,0.000,1.592,0.030,2,NULL,NULL,,1,0,1,7,255,,250,0,0
stim,6416,6416,0,398404.420,0.803,-0.213,-0.034,0.555,3046,0,0,0,0,253,0,141,20,0.031,96,0,16.711,2.870,2.580,16.500,-0.580,-0.283,-0.014,0.958,0.522,-2.822,-0.836,0.000,0.000,1.592,0.030,2,NULL,NULL,,1,0,1,7,255,,250,0,0
stim,6451,6451,0,398409.420,0.803,-0.213,-0.034,0.556,3047,0,0,0,0,253,0,140,20,0.031,96,0,16.565,2.870,2.520,16.360,-0.640,-0.281,-0.013,0.958,0.522,-2.822,-0.836,0.000,0.000,1.592,0.030,2,NULL,NULL,,1,0,1,7,255,,250,0,0
stim,6451,6451,0,398414.422,0.803,-0.213,-0.034,0.556,3051,0,0,0,0,273,0,153,20,0.031,96,0,16.647,2.869,2.520,16.440,-0.700,-0.282,-0.014,0.957,0.530,-2.820,-0.840,0.000,0.000,1.592,0.030,2,NULL,NULL,,1,0,1,7,255,,250,0,0
stim,6485,6485,0,398419.420,0.803,-0.213,-0.034,0.556,3060,0,0,0,0,252,0,145,20,0.031,96,0,16.644,2.869,2.520,16.440,-0.640,-0.282,-0.014,0.958,0.530,-2.820,-0.840,0.000,0.000,1.592,0.030,2,NULL,NULL,,1,0,1,7,255,,250,0,0
stim,6485,6485,0,398424.420,0.803,-0.213,-0.034,0.556,3060,0,0,0,0,248,0,143,20,0.031,96,0,16.649,2.869,2.580,16.440,-0.520,-0.281,-0.014,0.958,0.530,-2.820,-0.840,0.000,0.000,1.592,0.030,2,NULL,NULL,,1,0,1,7,255,,250,0,0
stim,6485,6485,0,398429.421,0.803,-0.213,-0.034,0.556,3059,0,0,0,0,248,0,145,20,0.031,96,0,16.570,2.873,2.580,16.360,-0.520,-0.282,-0.014,0.958,0.530,-2.824,-0.840,0.000,0.000,1.592,0.030,2,NULL,NULL,,1,0,1,7,255,,250,0,0
stim,6485,6485,0,398434.420,0.803,-0.213,-0.034,0.556,3052,0,0,0,0,264,0,140,20,0.031,96,0,16.580,2.873,2.640,16.360,-0.520,-0.282,-0.015,0.958,0.530,-2.824,-0.840,0.000,0.000,1.592,0.030,2,NULL,NULL,,1,0,1,7,255,,250,0,0
stim,6487,6487,0,398439.422,0.803,-0.213,-0.034,0.556,3059,0,0,0,0,237,0,143,20,0.031,96,0,16.570,2.873,2.580,16.360,-0.520,-0.282,-0.014,0.958,0.526,-2.824,-0.840,0.000,0.000,1.592,0.030,2,NULL,NULL,,1,0,1,7,255,,250,0,0
stim,6487,6487,0,398444.420,0.803,-0.213,-0.034,0.556,3053,0,0,0,0,234,0,141,20,0.031,96,0,16.570,2.873,2.580,16.360,-0.520,-0.282,-0.014,0.958,0.526,-2.824,-0.836,0.000,0.000,1.592,0.030,2,NULL,NULL,,1,0,1,7,255,,250,0,0
stim,6488,6488,0,398449.420,0.803,-0.213,-0.034,0.556,3048,0,0,0,0,235,0,140,20,0.031,96,0,16.521,2.873,2.640,16.300,-0.520,-0.282,-0.014,0.958,0.526,-2.824,-0.836,0.000,0.000,1.592,0.030,2,NULL,NULL,,1,0,1,7,255,,250,0,0
stim,6488,6488,0,398454.420,0.803,-0.213,-0.034,0.556,3069,0,0,0,0,248,0,147,20,0.031,96,0,16.521,2.877,2.640,16.300,-0.520,-0.281,-0.014,0.958,0.530,-2.828,-0.836,0.000,0.000,1.592,0.030,2,NULL,NULL,,1,0,1,7,255,,250,0,0
stim,6488,6488,0,398459.420,0.803,-0.213,-0.034,0.556,3053,0,0,0,0,239,0,143,20,0.031,96,0,16.640,2.871,2.520,16.440,-0.520,-0.282,-0.014,0.958,0.530,-2.822,-0.836,0.000,0.000,1.592,0.030,2,NULL,NULL,,1,0,1,7,255,,250,0,0
stim,6488,6488,0,398464.422,0.803,-0.213,-0.034,0.556,3049,0,0,0,0,251,0,147,20,0.031,96,0,16.500,2.885,2.520,16.300,-0.460,-0.281,-0.014,0.958,0.530,-2.836,-0.844,0.000,0.000,1.592,0.030,2,NULL,NULL,,1,0,1,7,255,,250,0,0
stim,6488,6488,0,398469.420,0.803,-0.213,-0.034,0.556,3047,0,0,0,0,254,0,139,20,0.031,96,0,16.648,2.885,2.580,16.440,-0.460,-0.280,-0.015,0.958,0.528,-2.836,-0.842,0.000,0.000,1.592,0.030,2,NULL,NULL,,1,0,1,7,255,,250,0,0
stim,6495,6495,0,398474.421,0.803,-0.213,-0.034,0.556,3048,0,0,0,0,261,0,140,20,0.031,96,0,16.506,2.885,2.580,16.300,-0.340,-0.281,-0.015,0.958,0.528,-2.836,-0.844,0.000,0.000,1.592,0.030,2,NULL,NULL,,1,0,1,7,255,,250,0,0
stim,6515,6515,0,398479.420,0.803,-0.213,-0.034,0.556,3048,0,0,0,0,255,0,140,20,0.031,96,0,16.576,2.883,2.640,16.360,-0.400,-0.282,-0.015,0.958,0.518,-2.836,-0.842,0.000,0.000,1.592,0.030,2,NULL,NULL,,1,0,1,7,255,,250,0,0
stim,6515,6515,0,398484.420,0.803,-0.213,-0.034,0.556,3048,0,0,0,0,253,0,140,20,0.031,96,0,16.517,2.881,2.640,16.300,-0.400,-0.281,-0.015,0.958,0.518,-2.834,-0.844,0.000,0.000,1.592,0.030,2,NULL,NULL,,1,0,1,7,255,,250,0,0
stim,6515,6515,0,398489.422,0.803,-0.213,-0.034,0.556,3047,0,0,0,0,263,0,137,20,0.031,96,0,16.576,2.880,2.640,16.360,-0.400,-0.282,-0.014,0.958,0.522,-2.832,-0.838,0.000,0.000,1.592,0.030,2,NULL,NULL,,1,0,1,7,255,,250,0,0
stim,6515,6515,0,398494.420,0.803,-0.213,-0.034,0.556,3059,0,0,0,0,253,0,148,20,0.031,96,0,16.575,2.880,2.640,16.360,-0.340,-0.281,-0.015,0.958,0.522,-2.832,-0.840,0.000,0.000,1.592,0.030,2,NULL,NULL,,1,0,1,7,255,,250,0,0
stim,6528,6528,0,398499.420,0.803,-0.213,-0.034,0.556,3047,0,0,0,0,253,0,141,20,0.031,96,0,16.515,2.882,2.640,16.300,-0.280,-0.281,-0.015,0.958,0.524,-2.834,-0.840,0.000,0.000,1.592,0.030,2,NULL,NULL,,1,0,1,7,255,,250,0,0
stim,6528,6528,0,398504.420,0.803,-0.213,-0.034,0.556,3087,0,0,0,0,256,0,152,20,0.031,96,0,16.524,2.882,2.700,16.300,-0.280,-0.282,-0.014,0.958,0.524,-2.834,-0.840,0.000,0.000,1.592,0.030,2,NULL,NULL,,1,0,1,7,255,,250,0,0
stim,6559,6559,0,398509.420,0.803,-0.213,-0.034,0.556,3079,0,0,0,0,253,0,140,20,0.031,96,0,16.526,2.878,2.700,16.300,-0.340,-0.283,-0.013,0.958,0.526,-2.830,-0.834,0.000,0.000,1.592,0.030,2,NULL,NULL,,1,0,1,7,255,,250,0,0
stim,6559,6559,0,398514.421,0.803,-0.213,-0.034,0.556,3049,0,0,0,0,254,0,139,20,0.031,96,0,16.527,2.869,2.700,16.300,-0.400,-0.282,-0.013,0.958,0.530,-2.820,-0.834,0.000,0.000,1.592,0.030,2,NULL,NULL,,1,0,1,7,255,,250,0,0
stim,6576,6576,0,398519.421,0.803,-0.213,-0.034,0.556,3048,0,0,0,0,251,0,145,20,0.031,96,0,16.458,2.869,2.640,16.240,-0.400,-0.282,-0.014,0.958,0.526,-2.820,-0.834,0.000,0.000,1.592,0.030,2,NULL,NULL,,1,0,1,7,255,,250,0,0
stim,6576,6576,0,398524.420,0.803,-0.213,-0.034,0.556,3047,0,0,0,0,253,0,141,20,0.031,96,0,16.508,2.881,2.580,16.300,-0.400,-0.281,-0.014,0.959,0.528,-2.832,-0.834,0.000,0.000,1.592,0.030,2,NULL,NULL,,1,0,1,7,255,,250,0,0
stim,6576,6576,0,398529.420,0.803,-0.213,-0.034,0.556,3052,0,0,0,0,252,0,145,20,0.031,96,0,16.509,2.881,2.580,16.300,-0.460,-0.282,-0.013,0.959,0.528,-2.832,-0.832,0.000,0.000,1.592,0.030,2,NULL,NULL,,1,0,1,7,255,,250,0,0
stim,6576,6576,0,398534.420,0.803,-0.213,-0.034,0.556,3061,0,0,0,0,253,0,141,20,0.031,96,0,16.569,2.876,2.580,16.360,-0.460,-0.282,-0.013,0.958,0.532,-2.826,-0.832,0.000,0.000,1.592,0.030,2,NULL,NULL,,1,0,1,7,255,,250,0,0
stim,6576,6576,0,398539.422,0.803,-0.213,-0.034,0.556,3045,0,0,0,0,251,0,140,20,0.031,96,0,16.570,2.876,2.580,16.360,-0.520,-0.282,-0.015,0.958,0.532,-2.826,-0.834,0.000,0.000,1.592,0.030,2,NULL,NULL,,1,0,1,7,255,,250,0,0
stim,6576,6576,0,398544.420,0.803,-0.213,-0.034,0.556,3059,0,0,0,0,253,0,149,20,0.031,96,0,16.569,2.877,2.580,16.360,-0.460,-0.282,-0.015,0.958,0.520,-2.830,-0.834,0.000,0.000,1.592,0.030,2,NULL,NULL,,1,0,1,7,255,,250,0,0
stim,6583,6583,0,398549.420,0.803,-0.213,-0.034,0.556,3048,0,0,0,0,269,0,141,20,0.031,96,0,16.559,2.877,2.520,16.360,-0.460,-0.281,-0.014,0.958,0.520,-2.830,-0.834,0.000,0.000,1.592,0.030,2,NULL,NULL,,1,0,1,7,255,,250,0,0
stim,6583,6583,0,398554.420,0.803,-0.213,-0.034,0.556,3047,0,0,0,0,251,0,139,20,0.031,96,0,16.569,2.878,2.580,16.360,-0.460,-0.281,-0.014,0.957,0.524,-2.830,-0.844,0.000,0.000,1.592,0.030,2,NULL,NULL,,1,0,1,7,255,,250,0,0
stim,6584,6584,0,398559.420,0.803,-0.213,-0.034,0.556,3053,0,0,0,0,251,0,143,20,0.031,96,0,16.578,2.878,2.640,16.360,-0.460,-0.282,-0.013,0.958,0.524,-2.830,-0.844,0.000,0.000,1.592,0.030,2,NULL,NULL,,1,0,1,7,255,,250,0,0
stim,6584,6584,0,398564.422,0.803,-0.213,-0.034,0.556,3051,0,0,0,0,249,0,139,20,0.031,96,0,16.570,2.878,2.580,16.360,-0.520,-0.281,-0.015,0.958,0.524,-2.830,-0.844,0.000,0.000,1.592,0.030,2,NULL,NULL,,1,0,1,7,255,,250,0,0
stim,6591,6591,0,398569.421,0.803,-0.213,-0.034,0.556,3048,0,0,0,0,251,0,140,20,0.031,96,0,16.572,2.883,2.580,16.360,-0.580,-0.281,-0.014,0.958,0.530,-2.834,-0.838,0.000,0.000,1.592,0.030,2,NULL,NULL,,1,0,1,7,255,,250,0,0
stim,6591,6591,0,398574.421,0.803,-0.213,-0.034,0.556,3065,0,0,0,0,249,0,141,20,0.031,96,0,16.642,2.887,2.520,16.440,-0.580,-0.281,-0.014,0.958,0.532,-2.838,-0.838,0.000,0.000,1.592,0.030,2,NULL,NULL,,1,0,1,7,255,,250,0,0
stim,6607,6607,0,398579.420,0.803,-0.213,-0.034,0.556,3053,0,0,0,0,265,0,151,20,0.031,96,0,16.633,2.887,2.460,16.440,-0.580,-0.281,-0.015,0.958,0.532,-2.838,-0.838,0.000,0.000,1.592,0.030,2,NULL,NULL,,1,0,1,7,255,,250,0,0
stim,6607,6607,0,398584.420,0.803,-0.213,-0.034,0.556,3047,0,0,0,0,248,0,140,20,0.031,96,0,16.584,2.882,2.640,16.360,-0.640,-0.282,-0.014,0.958,0.522,-2.834,-0.842,0.000,0.000,1.592,0.030,2,NULL,NULL,,1,0,1,7,255,,250,0,0
stim,6623,6623,0,398589.420,0.803,-0.213,-0.034,0.556,3047,0,0,0,0,251,0,139,20,0.031,96,0,16.692,2.878,2.460,16.500,-0.580,-0.282,-0.014,0.958,0.522,-2.830,-0.842,0.000,0.000,1.592,0.030,2,NULL,NULL,,1,0,1,7,255,,250,0,0
stim,6623,6623,0,398594.420,0.803,-0.213,-0.034,0.556,3050,0,0,0,0,251,0,143,20,0.031,96,0,16.638,2.878,2.460,16.440,-0.700,-0.282,-0.014,0.959,0.524,-2.830,-0.834,0.000,0.000,1.592,0.030,2,NULL,NULL,,1,0,1,7,255,,250,0,0
stim,6623,6623,0,398599.420,0.803,-0.213,-0.034,0.556,3049,0,0,0,0,248,0,140,20,0.031,96,0,16.559,2.879,2.460,16.360,-0.700,-0.282,-0.013,0.958,0.528,-2.830,-0.834,0.000,0.000,1.592,0.030,2,NULL,NULL,,1,0,1,7,255,,250,0,0
stim,6623,6623,0,398604.420,0.803,-0.213,-0.034,0.556,3079,0,0,0,0,237,0,141,20,0.031,96,0,16.700,2.879,2.460,16.500,-0.760,-0.282,-0.014,0.959,0.530,-2.830,-0.828,0.000,0.000,1.592,0.030,2,NULL,NULL,,1,0,1,7,255,,250,0,0
stim,6655,6655,0,398609.420,0.802,-0.213,-0.034,0.556,3053,0,0,0,0,231,0,140,20,0.031,96,0,16.703,2.879,2.460,16.500,-0.820,-0.282,-0.014,0.958,0.530,-2.830,-0.834,0.000,0.000,1.592,0.030,2,NULL,NULL,,1,0,1,7,255,,250,0,0
stim,6655,6655,0,398614.422,0.802,-0.213,-0.034,0.556,3052,0,0,0,0,232,0,151,20,0.031,96,0,16.634,2.879,2.400,16.440,-0.820,-0.282,-0.014,0.958,0.528,-2.830,-0.834,0.000,0.000,1.592,0.030,2,NULL,NULL,,1,0,1,7,255,,250,0,0
stim,6672,6672,0,398619.420,0.802,-0.213,-0.034,0.556,3087,0,0,0,0,239,0,141,20,0.031,96,0,16.745,2.879,2.340,16.560,-0.820,-0.282,-0.013,0.958,0.528,-2.830,-0.834,0.000,0.000,1.592,0.030,2,NULL,NULL,,1,0,1,7,255,,250,0,0
stim,6672,6672,0,398624.420,0.802,-0.213,-0.034,0.557,3049,0,0,0,0,240,0,140,20,0.031,96,0,16.685,2.875,2.340,16.500,-0.820,-0.282,-0.014,0.958,0.528,-2.826,-0.836,0.000,0.000,1.592,0.030,2,NULL,NULL,,1,0,1,7,255,,250,0,0
stim,6672,6672,0,398629.420,0.802,-0.213,-0.034,0.557,3047,0,0,0,0,251,0,145,20,0.031,96,0,16.685,2.874,2.340,16.500,-0.820,-0.281,-0.015,0.958,0.522,-2.826,-0.842,0.000,0.000,1.592,0.030,2,NULL,NULL,,1,0,1,7,255,,250,0,0
stim,6672,6672,0,398634.420,0.802,-0.213,-0.034,0.557,3053,0,0,0,0,240,0,140,20,0.031,96,0,16.697,2.874,2.400,16.500,-0.880,-0.282,-0.014,0.958,0.522,-2.826,-0.840,0.000,0.000,1.592,0.030,2,NULL,NULL,,1,0,1,7,255,,250,0,0
stim,6674,6674,0,398639.422,0.802,-0.213,-0.034,0.557,3059,0,0,0,0,244,0,141,20,0.031,96,0,16.680,2.874,2.280,16.500,-0.880,-0.282,-0.014,0.958,0.522,-2.826,-0.842,0.000,0.000,1.592,0.030,2,NULL,NULL,,1,0,1,7,255,,250,0,0
stim,6674,6674,0,398644.420,0.802,-0.213,-0.034,0.557,3049,0,0,0,0,237,0,143,20,0.031,96,0,16.752,2.874,2.340,16.560,-0.960,-0.281,-0.016,0.958,0.522,-2.826,-0.842,0.000,0.000,1.592,0.030,2,NULL,NULL,,1,0,1,7,255,,250,0,0
stim,6675,6675,0,398649.420,0.802,-0.213,-0.034,0.557,3048,0,0,0,0,229,0,139,20,0.031,96,0,16.748,2.878,2.340,16.560,-0.880,-0.282,-0.014,0.958,0.524,-2.830,-0.842,0.000,0.000,1.592,0.030,2,NULL,NULL,,1,0,1,7,255,,250,0,0
stim,6675,6675,0,398654.420,0.802,-0.213,-0.034,0.557,3047,0,0,0,0,233,0,143,20,0.031,96,0,16.756,2.881,2.400,16.560,-0.880,-0.282,-0.015,0.958,0.516,-2.834,-0.838,0.000,0.000,1.592,0.030,2,NULL,NULL,,1,0,1,7,255,,250,0,0
stim,6687,6687,0,398659.420,0.802,-0.213,-0.034,0.557,3053,0,0,0,0,234,0,149,20,0.031,96,0,16.748,2.877,2.340,16.560,-0.880,-0.282,-0.015,0.958,0.516,-2.830,-0.838,0.000,0.000,1.592,0.030,2,NULL,NULL,,1,0,1,7,255,,250,0,0
stim,6687,6687,0,398664.421,0.802,-0.213,-0.034,0.557,3047,0,0,0,0,231,0,139,20,0.031,96,0,16.752,2.875,2.340,16.560,-0.960,-0.282,-0.014,0.958,0.516,-2.828,-0.840,0.000,0.000,1.592,0.030,2,NULL,NULL,,1,0,1,7,255,,250,0,0
stim,6703,6703,0,398669.422,0.802,-0.213,-0.034,0.557,3049,0,0,0,0,237,0,139,20,0.031,96,0,16.684,2.876,2.280,16.500,-0.960,-0.281,-0.014,0.958,0.524,-2.828,-0.840,0.000,0.000,1.592,0.030,2,NULL,NULL,,1,0,1,7,255,,250,0,0
stim,6703,6703,0,398674.420,0.802,-0.213,-0.034,0.557,3047,0,0,0,0,238,0,139,20,0.031,96,0,16.693,2.872,2.340,16.500,-0.960,-0.282,-0.014,0.958,0.524,-2.824,-0.840,0.000,0.000,1.592,0.030,2,NULL,NULL,,1,0,1,7,255,,250,0,0
stim,6703,6703,0,398679.420,0.802,-0.213,-0.034,0.557,3047,0,0,0,0,226,0,139,20,0.031,96,0,16.744,2.883,2.280,16.560,-0.960,-0.282,-0.014,0.958,0.528,-2.834,-0.840,0.000,0.000,1.592,0.030,2,NULL,NULL,,1,0,1,7,255,,250,0,0
stim,6703,6703,0,398684.420,0.802,-0.213,-0.034,0.557,3049,0,0,0,0,229,0,141,20,0.031,96,0,16.688,2.882,2.280,16.500,-1.020,-0.281,-0.015,0.958,0.524,-2.834,-0.840,0.000,0.000,1.592,0.030,2,NULL,NULL,,1,0,1,7,255,,250,0,0
stim,6719,6719,0,398689.420,0.802,-0.213,-0.034,0.557,3048,0,0,0,0,226,0,139,20,0.031,96,0,16.752,2.884,2.340,16.560,-0.960,-0.281,-0.016,0.957,0.524,-2.836,-0.842,0.000,0.000,1.592,0.030,2,NULL,NULL,,1,0,1,7,255,,250,0,0
stim,6719,6719,0,398694.420,0.802,-0.213,-0.034,0.557,3048,0,0,0,0,231,0,137,20,0.031,96,0,16.748,2.886,2.340,16.560,-0.880,-0.281,-0.015,0.958,0.524,-2.838,-0.842,0.000,0.000,1.592,0.030,2,NULL,NULL,,1,0,1,7,255,,250,0,0
stim,6719,6719,0,398699.420,0.802,-0.213,-0.034,0.557,3061,0,0,0,0,237,0,137,20,0.031,96,0,16.745,2.886,2.340,16.560,-0.820,-0.282,-0.014,0.958,0.526,-2.838,-0.838,0.000,0.000,1.592,0.030,2,NULL,NULL,,1,0,1,7,255,,250,0,0
stim,6719,6719,0,398704.420,0.802,-0.213,-0.034,0.557,3051,0,0,0,0,232,0,141,20,0.031,96,0,16.677,2.886,2.340,16.500,-0.640,-0.280,-0.016,0.958,0.526,-2.838,-0.838,0.000,0.000,1.592,0.030,2,NULL,NULL,,1,0,1,7,255,,250,0,0
stim,6751,6751,0,398709.420,0.802,-0.213,-0.034,0.557,3048,0,0,0,0,223,0,138,20,0.031,96,0,16.673,2.885,2.340,16.500,-0.520,-0.281,-0.014,0.958,0.528,-2.836,-0.838,0.000,0.000,1.592,0.030,2,NULL,NULL,,1,0,1,7,255,,250,0,0
stim,6751,6751,0,398714.422,0.802,-0.213,-0.034,0.557,3099,0,0,0,0,232,0,138,20,0.031,96,0,16.677,2.884,2.340,16.500,-0.640,-0.283,-0.014,0.957,0.526,-2.836,-0.840,0.000,0.000,1.592,0.030,2,NULL,NULL,,1,0,1,7,255,,250,0,0
stim,6784,6784,0,398719.420,0.802,-0.213,-0.034,0.557,3063,0,0,0,0,229,0,137,20,0.031,96,0,16.680,2.877,2.280,16.500,-0.880,-0.283,-0.015,0.958,0.526,-2.828,-0.838,0.000,0.000,1.592,0.030,2,NULL,NULL,,1,0,1,7,255,,250,0,0
stim,6784,6784,0,398724.420,0.802,-0.213,-0.034,0.557,3049,0,0,0,0,223,0,138,20,0.031,96,0,16.739,2.876,2.280,16.560,-0.880,-0.281,-0.015,0.958,0.522,-2.828,-0.840,0.000,0.000,1.592,0.030,2,NULL,NULL,,1,0,1,7,255,,250,0,0
stim,6784,6784,0,398729.420,0.802,-0.213,-0.034,0.557,3051,0,0,0,0,226,0,140,20,0.031,96,0,16.748,2.884,2.340,16.560,-0.880,-0.281,-0.017,0.957,0.522,-2.836,-0.846,0.000,0.000,1.592,0.030,2,NULL,NULL,,1,0,1,7,255,,250,0,0
stim,6784,6784,0,398734.420,0.802,-0.213,-0.034,0.557,3065,0,0,0,0,232,0,141,20,0.031,96,0,16.748,2.888,2.400,16.560,-0.700,-0.279,-0.016,0.958,0.522,-2.840,-0.850,0.000,0.000,1.592,0.030,2,NULL,NULL,,1,0,1,7,255,,250,0,0
stim,6786,6786,0,398739.422,0.802,-0.213,-0.034,0.557,3050,0,0,0,0,235,0,151,20,0.031,96,0,16.682,2.885,2.400,16.500,-0.520,-0.281,-0.016,0.956,0.510,-2.840,-0.856,0.000,0.000,1.592,0.030,2,NULL,NULL,,1,0,1,7,255,,250,0,0
stim,6786,6786,0,398744.420,0.802,-0.213,-0.034,0.557,3060,0,0,0,0,237,0,139,20,0.031,96,0,16.695,2.880,2.460,16.500,-0.640,-0.284,-0.015,0.958,0.512,-2.834,-0.856,0.000,0.000,1.592,0.030,2,NULL,NULL,,1,0,1,7,255,,250,0,0
stim,6787,6787,0,398749.420,0.802,-0.213,-0.034,0.558,3048,0,0,0,0,220,0,137,20,0.031,96,0,16.706,2.876,2.460,16.500,-0.880,-0.283,-0.015,0.958,0.512,-2.830,-0.830,0.000,0.000,1.592,0.030,2,NULL,NULL,,1,0,1,7,255,,250,0,0
stim,6787,6787,0,398754.420,0.802,-0.213,-0.034,0.558,3055,0,0,0,0,247,0,142,20,0.031,96,0,16.701,2.877,2.400,16.500,-0.960,-0.281,-0.016,0.958,0.516,-2.830,-0.830,0.000,0.000,1.592,0.030,2,NULL,NULL,,1,0,1,7,255,,250,0,0
stim,6787,6787,0,398759.420,0.802,-0.212,-0.034,0.558,3051,0,0,0,0,245,0,139,20,0.031,96,0,16.635,2.892,2.460,16.440,-0.640,-0.281,-0.017,0.958,0.516,-2.846,-0.844,0.000,0.000,1.592,0.030,2,NULL,NULL,,1,0,1,7,255,,250,0,0
stim,6787,6787,0,398764.421,0.802,-0.212,-0.034,0.558,3052,0,0,0,0,234,0,137,20,0.031,96,0,16.645,2.892,2.580,16.440,-0.340,-0.281,-0.015,0.958,0.516,-2.846,-0.846,0.000,0.000,1.592,0.030,2,NULL,NULL,,1,0,1,7,255,,250,0,0
stim,6799,6799,0,398769.420,0.802,-0.213,-0.034,0.558,3047,0,0,0,0,239,0,135,20,0.031,96,0,16.657,2.886,2.640,16.440,-0.460,-0.283,-0.014,0.958,0.522,-2.838,-0.846,0.000,0.000,1.592,0.030,2,NULL,NULL,,1,0,1,7,255,,250,0,0
stim,6818,6818,0,398774.422,0.802,-0.213,-0.034,0.558,3049,0,0,0,0,233,0,137,20,0.031,96,0,16.661,2.872,2.640,16.440,-0.580,-0.283,-0.014,0.959,0.524,-2.824,-0.832,0.000,0.000,1.592,0.030,2,NULL,NULL,,1,0,1,7,255,,250,0,0
stim,6818,6818,0,398779.420,0.802,-0.212,-0.034,0.558,3048,0,0,0,0,243,0,137,20,0.031,96,0,16.633,2.872,2.460,16.440,-0.580,-0.282,-0.015,0.958,0.524,-2.824,-0.832,0.000,0.000,1.592,0.030,2,NULL,NULL,,1,0,1,7,255,,250,0,0
stim,6818,6818,0,398784.420,0.802,-0.212,-0.034,0.558,3048,0,0,0,0,229,0,137,20,0.031,96,0,16.550,2.884,2.460,16.360,-0.460,-0.281,-0.016,0.958,0.522,-2.836,-0.840,0.000,0.000,1.592,0.030,2,NULL,NULL,,1,0,1,7,255,,250,0,0
stim,6818,6818,0,398789.420,0.802,-0.212,-0.034,0.558,3053,0,0,0,0,237,0,137,20,0.031,96,0,16.555,2.888,2.520,16.360,-0.280,-0.281,-0.016,0.958,0.514,-2.842,-0.842,0.000,0.000,1.592,0.030,2,NULL,NULL,,1,0,1,7,255,,250,0,0
stim,6818,6818,0,398794.420,0.802,-0.213,-0.034,0.558,3053,0,0,0,0,243,0,139,20,0.031,96,0,16.514,2.888,2.640,16.300,-0.220,-0.283,-0.015,0.957,0.514,-2.842,-0.842,0.000,0.000,1.592,0.030,2,NULL,NULL,,1,0,1,7,255,,250,0,0
stim,6831,6831,0,398799.421,0.802,-0.213,-0.034,0.558,3049,0,0,0,0,235,0,136,20,0.031,96,0,16.524,2.878,2.700,16.300,-0.280,-0.282,-0.017,0.957,0.514,-2.832,-0.846,0.000,0.000,1.592,0.030,2,NULL,NULL,,1,0,1,7,255,,250,0,0
stim,6831,6831,0,398804.420,0.802,-0.213,-0.034,0.558,3051,0,0,0,0,240,0,139,20,0.031,96,0,16.573,2.877,2.640,16.360,-0.220,-0.282,-0.017,0.958,0.508,-2.832,-0.842,0.000,0.000,1.592,0.030,2,NULL,NULL,,1,0,1,7,255,,250,0,0
stim,6863,6863,0,398809.420,0.802,-0.213,-0.034,0.558,3051,0,0,0,0,243,0,137,20,0.031,96,0,16.463,2.887,2.700,16.240,-0.100,-0.281,-0.017,0.958,0.508,-2.842,-0.846,0.000,0.000,1.592,0.030,2,NULL,NULL,,1,0,1,7,255,,250,0,0
stim,6863,6863,0,398814.422,0.802,-0.213,-0.034,0.558,3081,0,0,0,0,255,0,139,20,0.031,96,0,16.473,2.889,2.760,16.240,0.080,-0.281,-0.016,0.958,0.508,-2.844,-0.846,0.000,0.000,1.592,0.030,2,NULL,NULL,,1,0,1,7,255,,250,0,0
stim,6884,6884,0,398819.420,0.802,-0.213,-0.034,0.558,3063,0,0,0,0,246,0,139,20,0.031,96,0,16.435,2.890,2.880,16.180,0.080,-0.282,-0.015,0.957,0.516,-2.844,-0.846,0.000,0.000,1.592,0.030,2,NULL,NULL,,1,0,1,7,255,,250,0,0
stim,6884,6884,0,398824.420,0.802,-0.213,-0.034,0.558,3050,0,0,0,0,245,0,138,20,0.031,96,0,16.493,2.875,2.880,16.240,0.020,-0.283,-0.014,0.958,0.518,-2.828,-0.844,0.000,0.000,1.592,0.030,2,NULL,NULL,,1,0,1,7,255,,250,0,0
stim,6884,6884,0,398829.421,0.802,-0.213,-0.034,0.558,3055,0,0,0,0,246,0,139,20,0.031,96,0,16.424,2.877,2.820,16.180,0.020,-0.283,-0.014,0.959,0.526,-2.828,-0.836,0.000,0.000,1.592,0.030,2,NULL,NULL,,1,0,1,7,255,,250,0,0
stim,6884,6884,0,398834.420,0.802,-0.213,-0.034,0.558,3087,0,0,0,0,240,0,149,20,0.031,96,0,16.424,2.877,2.820,16.180,0.080,-0.281,-0.014,0.958,0.530,-2.828,-0.836,0.000,0.000,1.592,0.030,2,NULL,NULL,,1,0,1,7,255,,250,0,0
stim,6884,6884,0,398839.423,0.802,-0.213,-0.034,0.558,3080,0,0,0,0,251,0,138,20,0.031,96,0,16.376,2.881,2.880,16.120,0.200,-0.282,-0.016,0.958,0.530,-2.832,-0.840,0.000,0.000,1.592,0.030,2,NULL,NULL,,1,0,1,7,255,,250,0,0
stim,6884,6884,0,398844.420,0.802,-0.213,-0.034,0.558,3053,0,0,0,0,247,0,137,20,0.031,96,0,16.387,2.878,2.940,16.120,0.200,-0.283,-0.015,0.957,0.512,-2.832,-0.842,0.000,0.000,1.592,0.030,2,NULL,NULL,,1,0,1,7,255,,250,0,0
stim,6884,6884,0,398849.420,0.801,-0.213,-0.034,0.558,3051,0,0,0,0,247,0,139,20,0.031,96,0,16.327,2.878,2.940,16.060,0.140,-0.281,-0.015,0.958,0.512,-2.832,-0.842,0.000,0.000,1.592,0.030,2,NULL,NULL,,1,0,1,7,255,,250,0,0
stim,6884,6884,0,398854.420,0.801,-0.213,-0.034,0.558,3051,0,0,0,0,247,0,147,20,0.031,96,0,16.327,2.877,2.940,16.060,0.140,-0.282,-0.015,0.957,0.518,-2.830,-0.844,0.000,0.000,1.592,0.030,2,NULL,NULL,,1,0,1,7,255,,250,0,0
stim,6884,6884,0,398859.420,0.801,-0.213,-0.034,0.558,3065,0,0,0,0,243,0,139,20,0.031,96,0,16.317,2.891,2.880,16.060,0.200,-0.280,-0.016,0.958,0.518,-2.844,-0.848,0.000,0.000,1.592,0.030,2,NULL,NULL,,1,0,1,7,255,,250,0,0
stim,6884,6884,0,398864.422,0.801,-0.213,-0.034,0.558,3064,0,0,0,0,245,0,139,20,0.031,96,0,16.400,2.889,3.000,16.120,0.340,-0.281,-0.015,0.958,0.518,-2.842,-0.848,0.000,0.000,1.592,0.030,2,NULL,NULL,,1,0,1,7,255,,250,0,0
stim,6895,6895,0,398869.421,0.801,-0.213,-0.034,0.558,3083,0,0,0,0,245,0,147,20,0.031,96,0,16.330,2.888,2.940,16.060,0.340,-0.281,-0.016,0.957,0.512,-2.842,-0.850,0.000,0.000,1.592,0.030,2,NULL,NULL,,1,0,1,7,255,,250,0,0
stim,6895,6895,0,398874.422,0.801,-0.213,-0.034,0.558,3034,0,0,0,0,249,0,142,20,0.031,96,0,16.344,2.880,3.000,16.060,0.460,-0.282,-0.016,0.956,0.504,-2.836,-0.854,0.000,0.000,1.592,0.030,2,NULL,NULL,,1,0,1,7,255,,250,0,0
stim,6912,6912,0,398879.420,0.801,-0.213,-0.034,0.558,3051,0,0,0,0,252,0,141,20,0.031,96,0,16.413,2.875,3.060,16.120,0.400,-0.282,-0.015,0.957,0.504,-2.830,-0.854,0.000,0.000,1.592,0.030,2,NULL,NULL,,1,0,1,7,255,,250,0,0
stim,6912,6912,0,398884.420,0.801,-0.213,-0.033,0.558,3061,0,0,0,0,252,0,138,20,0.031,96,0,16.365,2.876,3.120,16.060,0.400,-0.281,-0.014,0.958,0.510,-2.830,-0.850,0.000,0.000,1.592,0.030,2,NULL,NULL,,1,0,1,7,255,,250,0,0
stim,6912,6912,0,398889.420,0.801,-0.213,-0.033,0.558,3051,0,0,0,0,249,0,138,20,0.031,96,0,16.308,2.880,3.120,16.000,0.460,-0.282,-0.016,0.957,0.510,-2.834,-0.846,0.000,0.000,1.592,0.030,2,NULL,NULL,,1,0,1,7,255,,250,0,0
stim,6912,6912,0,398894.420,0.801,-0.213,-0.033,0.558,3061,0,0,0,0,265,0,140,20,0.031,96,0,16.426,2.881,3.120,16.120,0.460,-0.282,-0.015,0.959,0.518,-2.834,-0.846,0.000,0.000,1.592,0.030,2,NULL,NULL,,1,0,1,7,255,,250,0,0
stim,6926,6926,0,398899.420,0.801,-0.213,-0.033,0.558,3081,0,0,0,0,261,0,138,20,0.031,96,0,16.298,2.880,3.060,16.000,0.520,-0.282,-0.015,0.958,0.514,-2.834,-0.842,0.000,0.000,1.592,0.030,2,NULL,NULL,,1,0,1,7,255,,250,0,0
stim,6926,6926,0,398904.420,0.801,-0.213,-0.033,0.558,3097,0,0,0,0,251,0,139,20,0.031,96,0,16.369,2.885,3.120,16.060,0.520,-0.281,-0.014,0.958,0.518,-2.838,-0.842,0.000,0.000,1.592,0.030,2,NULL,NULL,,1,0,1,7,255,,250,0,0
stim,6960,6960,0,398909.420,0.801,-0.213,-0.033,0.558,3051,0,0,0,0,249,0,145,20,0.031,96,0,16.367,2.879,3.120,16.060,0.460,-0.281,-0.014,0.957,0.518,-2.832,-0.844,0.000,0.000,1.592,0.030,2,NULL,NULL,,1,0,1,7,255,,250,0,0
stim,6960,6960,0,398914.420,0.801,-0.213,-0.033,0.558,3065,0,0,0,0,243,0,139,20,0.031,96,0,16.378,2.877,3.180,16.060,0.460,-0.283,-0.014,0.958,0.518,-2.830,-0.844,0.000,0.000,1.592,0.030,2,NULL,NULL,,1,0,1,7,255,,250,0,0
stim,6975,6975,0,398919.422,0.801,-0.213,-0.033,0.558,3087,0,0,0,0,240,0,143,20,0.031,96,0,16.355,2.873,3.060,16.060,0.460,-0.282,-0.015,0.957,0.518,-2.826,-0.844,0.000,0.000,1.592,0.030,2,NULL,NULL,,1,0,1,7,255,,250,0,0
stim,6975,6975,0,398924.420,0.801,-0.213,-0.033,0.558,3069,0,0,0,0,241,0,139,20,0.031,96,0,16.378,2.873,3.180,16.060,0.460,-0.281,-0.014,0.958,0.518,-2.826,-0.840,0.000,0.000,1.592,0.030,2,NULL,NULL,,1,0,1,7,255,,250,0,0
stim,6975,6975,0,398929.421,0.801,-0.213,-0.033,0.558,3050,0,0,0,0,243,0,139,20,0.031,96,0,16.380,2.882,3.180,16.060,0.520,-0.282,-0.015,0.958,0.512,-2.836,-0.840,0.000,0.000,1.592,0.030,2,NULL,NULL,,1,0,1,7,255,,250,0,0
stim,6975,6975,0,398934.420,0.801,-0.213,-0.033,0.558,3051,0,0,0,0,232,0,143,20,0.031,96,0,16.359,2.883,3.060,16.060,0.580,-0.282,-0.014,0.958,0.518,-2.836,-0.834,0.000,0.000,1.592,0.030,2,NULL,NULL,,1,0,1,7,255,,250,0,0
stim,6975,6975,0,398939.421,0.801,-0.213,-0.033,0.558,3061,0,0,0,0,233,0,141,20,0.031,96,0,16.394,2.876,2.940,16.120,0.520,-0.282,-0.015,0.958,0.512,-2.830,-0.834,0.000,0.000,1.592,0.030,2,NULL,NULL,,1,0,1,7,255,,250,0,0
stim,6975,6975,0,398944.420,0.801,-0.213,-0.033,0.558,3087,0,0,0,0,235,0,151,20,0.031,96,0,16.355,2.875,3.060,16.060,0.460,-0.282,-0.016,0.957,0.508,-2.830,-0.836,0.000,0.000,1.592,0.030,2,NULL,NULL,,1,0,1,7,255,,250,0,0
stim,6975,6975,0,398949.420,0.801,-0.213,-0.033,0.558,3051,0,0,0,0,235,0,139,20,0.031,96,0,16.377,2.875,3.180,16.060,0.400,-0.282,-0.014,0.958,0.508,-2.830,-0.842,0.000,0.000,1.592,0.030,2,NULL,NULL,,1,0,1,7,255,,250,0,0
stim,6975,6975,0,398954.420,0.801,-0.213,-0.033,0.558,3063,0,0,0,0,236,0,141,20,0.031,96,0,16.436,2.876,3.180,16.120,0.400,-0.282,-0.013,0.958,0.512,-2.830,-0.842,0.000,0.000,1.592,0.030,2,NULL,NULL,,1,0,1,7,255,,250,0,0
stim,6991,6991,0,398959.420,0.801,-0.213,-0.033,0.558,3081,0,0,0,0,231,0,151,20,0.031,96,0,16.365,2.877,3.120,16.060,0.400,-0.281,-0.013,0.960,0.518,-2.830,-0.834,0.000,0.000,1.592,0.030,2,NULL,NULL,,1,0,1,7,255,,250,0,0
stim,6991,6991,0,398964.422,0.801,-0.213,-0.033,0.558,3051,0,0,0,0,240,0,140,20,0.031,96,0,16.461,2.878,3.000,16.180,0.400,-0.282,-0.013,0.959,0.526,-2.830,-0.830,0.000,0.000,1.592,0.030,2,NULL,NULL,,1,0,1,7,255,,250,0,0
stim,6991,6991,0,398969.421,0.801,-0.213,-0.033,0.558,3051,0,0,0,0,240,0,139,20,0.031,96,0,16.459,2.878,3.000,16.180,0.340,-0.282,-0.013,0.958,0.526,-2.830,-0.830,0.000,0.000,1.592,0.030,2,NULL,NULL,,1,0,1,7,255,,250,0,0
stim,6991,6991,0,398974.420,0.801,-0.213,-0.033,0.558,3051,0,0,0,0,231,0,139,20,0.031,96,0,16.397,2.878,3.000,16.120,0.140,-0.281,-0.012,0.959,0.526,-2.830,-0.832,0.000,0.000,1.592,0.030,2,NULL,NULL,,1,0,1,7,255,,250,0,0
stim,7007,7007,0,398979.420,0.801,-0.213,-0.033,0.558,3051,0,0,0,0,235,0,140,20,0.031,96,0,16.456,2.881,3.000,16.180,0.080,-0.281,-0.012,0.958,0.530,-2.832,-0.834,0.000,0.000,1.592,0.030,2,NULL,NULL,,1,0,1,7,255,,250,0,0
stim,7007,7007,0,398984.420,0.801,-0.213,-0.033,0.558,3063,0,0,0,0,233,0,137,20,0.031,96,0,16.456,2.881,3.000,16.180,0.080,-0.281,-0.012,0.958,0.530,-2.832,-0.836,0.000,0.000,1.592,0.030,2,NULL,NULL,,1,0,1,7,255,,250,0,0
stim,7023,7023,0,398989.422,0.801,-0.213,-0.033,0.558,3079,0,0,0,0,237,0,152,20,0.031,96,0,16.445,2.879,2.940,16.180,0.080,-0.282,-0.012,0.958,0.530,-2.830,-0.836,0.000,0.000,1.592,0.030,2,NULL,NULL,,1,0,1,7,255,,250,0,0
stim,7023,7023,0,398994.420,0.801,-0.213,-0.033,0.558,3053,0,0,0,0,239,0,139,20,0.031,96,0,16.434,2.879,2.880,16.180,-0.040,-0.282,-0.013,0.959,0.528,-2.830,-0.832,0.000,0.000,1.592,0.030,2,NULL,NULL,,1,0,1,7,255,,250,0,0
stim,7023,7023,0,398999.420,0.801,-0.213,-0.033,0.559,3053,0,0,0,0,237,0,153,20,0.031,96,0,16.483,2.872,2.820,16.240,-0.100,-0.282,-0.012,0.958,0.524,-2.824,-0.832,0.000,0.000,1.592,0.030,2,NULL,NULL,,1,0,1,7,255,,250,0,0
stim,7023,7023,0,399004.420,0.801,-0.213,-0.033,0.559,3099,0,0,0,0,246,0,138,20,0.031,96,0,16.484,2.877,2.820,16.240,-0.160,-0.282,-0.013,0.959,0.520,-2.830,-0.828,0.000,0.000,1.592,0.030,2,NULL,NULL,,1,0,1,7,255,,250,0,0
stim,7055,7055,0,399009.420,0.801,-0.213,-0.033,0.559,3049,0,0,0,0,236,0,139,20,0.031,96,0,16.533,2.877,2.760,16.300,-0.220,-0.282,-0.013,0.959,0.520,-2.830,-0.828,0.000,0.000,1.592,0.030,2,NULL,NULL,,1,0,1,7,255,,250,0,0
stim,7055,7055,0,399014.422,0.801,-0.213,-0.033,0.559,3059,0,0,0,0,249,0,139,20,0.031,96,0,16.583,2.879,2.700,16.360,-0.220,-0.281,-0.012,0.959,0.520,-2.832,-0.828,0.000,0.000,1.592,0.030,2,NULL,NULL,,1,0,1,7,255,,250,0,0
stim,7071,7071,0,399019.420,0.801,-0.213,-0.033,0.559,3051,0,0,0,0,239,0,142,20,0.031,96,0,16.576,2.880,2.640,16.360,-0.400,-0.283,-0.012,0.958,0.524,-2.832,-0.828,0.000,0.000,1.592,0.030,2,NULL,NULL,,1,0,1,7,255,,250,0,0
stim,7071,7071,0,399024.420,0.801,-0.213,-0.033,0.559,3051,0,0,0,0,243,0,140,20,0.031,96,0,16.580,2.875,2.640,16.360,-0.520,-0.282,-0.012,0.958,0.526,-2.826,-0.828,0.000,0.000,1.592,0.030,2,NULL,NULL,,1,0,1,7,255,,250,0,0
stim,7095,7095,0,399029.421,0.801,-0.213,-0.033,0.559,3089,0,0,0,0,241,0,147,20,0.031,96,0,16.654,2.875,2.580,16.440,-0.640,-0.281,-0.012,0.959,0.526,-2.826,-0.828,0.000,0.000,1.592,0.030,2,NULL,NULL,,1,0,1,7,255,,250,0,0
stim,7095,7095,0,399034.420,0.801,-0.213,-0.033,0.559,3051,0,0,0,0,254,0,138,20,0.031,96,0,16.656,2.884,2.580,16.440,-0.700,-0.281,-0.013,0.959,0.526,-2.836,-0.828,0.000,0.000,1.592,0.030,2,NULL,NULL,,1,0,1,7,255,,250,0,0
stim,7097,7097,0,399039.422,0.801,-0.213,-0.033,0.559,3057,0,0,0,0,246,0,141,20,0.031,96,0,16.634,2.884,2.400,16.440,-0.820,-0.282,-0.012,0.959,0.526,-2.836,-0.828,0.000,0.000,1.592,0.030,2,NULL,NULL,,1,0,1,7,255,,250,0,0
stim,7097,7097,0,399044.420,0.801,-0.213,-0.033,0.559,3068,0,0,0,0,252,0,141,20,0.031,96,0,16.680,2.878,2.280,16.500,-0.880,-0.281,-0.012,0.958,0.524,-2.830,-0.828,0.000,0.000,1.592,0.030,2,NULL,NULL,,1,0,1,7,255,,250,0,0
stim,7097,7097,0,399049.420,0.801,-0.213,-0.033,0.559,3051,0,0,0,0,247,0,139,20,0.031,96,0,16.688,2.879,2.280,16.500,-1.020,-0.282,-0.011,0.959,0.528,-2.830,-0.826,0.000,0.000,1.592,0.030,2,NULL,NULL,,1,0,1,7,255,,250,0,0
stim,7097,7097,0,399054.420,0.801,-0.213,-0.033,0.559,3063,0,0,0,0,250,0,141,20,0.031,96,0,16.743,2.877,2.220,16.560,-1.080,-0.282,-0.012,0.959,0.528,-2.828,-0.828,0.000,0.000,1.592,0.030,2,NULL,NULL,,1,0,1,7,255,,250,0,0
stim,7098,7098,0,399059.420,0.801,-0.213,-0.033,0.559,3087,0,0,0,0,249,0,141,20,0.031,96,0,16.741,2.877,2.140,16.560,-1.200,-0.281,-0.013,0.959,0.528,-2.828,-0.828,0.000,0.000,1.592,0.030,2,NULL,NULL,,1,0,1,7,255,,250,0,0
stim,7098,7098,0,399064.421,0.801,-0.213,-0.033,0.559,3065,0,0,0,0,247,0,145,20,0.031,96,0,16.797,2.885,2.080,16.620,-1.260,-0.281,-0.014,0.958,0.518,-2.838,-0.832,0.000,0.000,1.592,0.030,2,NULL,NULL,,1,0,1,7,255,,250,0,0
stim,7098,7098,0,399069.422,0.801,-0.213,-0.033,0.559,3051,0,0,0,0,249,0,139,20,0.031,96,0,16.802,2.885,2.080,16.620,-1.320,-0.282,-0.013,0.958,0.518,-2.838,-0.834,0.000,0.000,1.592,0.030,2,NULL,NULL,,1,0,1,7,255,,250,0,0
stim,7098,7098,0,399074.420,0.801,-0.213,-0.033,0.559,3051,0,0,0,0,251,0,139,20,0.031,96,0,16.787,2.882,1.960,16.620,-1.320,-0.282,-0.014,0.959,0.514,-2.836,-0.834,0.000,0.000,1.592,0.030,2,NULL,NULL,,1,0,1,7,255,,250,0,0
stim,7099,7099,0,399079.420,0.801,-0.213,-0.033,0.559,3051,0,0,0,0,245,0,139,20,0.031,96,0,16.797,2.877,1.960,16.620,-1.440,-0.282,-0.013,0.959,0.516,-2.830,-0.830,0.000,0.000,1.592,0.030,2,NULL,NULL,,1,0,1,7,255,,250,0,0
stim,7099,7099,0,399084.420,0.801,-0.213,-0.033,0.559,3051,0,0,0,0,252,0,139,20,0.031,96,0,16.855,2.877,1.900,16.680,-1.500,-0.281,-0.013,0.958,0.516,-2.830,-0.830,0.000,0.000,1.592,0.030,2,NULL,NULL,,1,0,1,7,255,,250,0,0
stim,7119,7119,0,399089.420,0.801,-0.213,-0.033,0.559,3101,0,0,0,0,253,0,150,20,0.031,96,0,16.860,2.877,1.900,16.680,-1.560,-0.281,-0.014,0.958,0.518,-2.830,-0.838,0.000,0.000,1.592,0.030,2,NULL,NULL,,1,0,1,7,255,,250,0,0
stim,7119,7119,0,399094.421,0.801,-0.213,-0.033,0.559,3051,0,0,0,0,251,0,139,20,0.031,96,0,16.920,2.887,1.900,16.740,-1.560,-0.280,-0.015,0.958,0.518,-2.840,-0.844,0.000,0.000,1.592,0.030,2,NULL,NULL,,1,0,1,7,255,,250,0,0
stim,7135,7135,0,399099.420,0.800,-0.213,-0.033,0.559,3052,0,0,0,0,248,0,140,20,0.031,96,0,16.919,2.887,1.840,16.740,-1.620,-0.281,-0.014,0.958,0.518,-2.840,-0.838,0.000,0.000,1.592,0.030,2,NULL,NULL,,1,0,1,7,255,,250,0,0
stim,7135,7135,0,399104.420,0.800,-0.213,-0.033,0.559,3089,0,0,0,0,251,0,145,20,0.031,96,0,16.913,2.886,1.840,16.740,-1.560,-0.282,-0.014,0.958,0.516,-2.840,-0.838,0.000,0.000,1.592,0.030,2,NULL,NULL,,1,0,1,7,255,,250,0,0
stim,7167,7167,0,399109.420,0.800,-0.213,-0.033,0.559,3081,0,0,0,0,263,0,141,20,0.031,96,0,16.854,2.877,1.840,16.680,-1.560,-0.282,-0.014,0.958,0.516,-2.830,-0.838,0.000,0.000,1.592,0.030,2,NULL,NULL,,1,0,1,7,255,,250,0,0
stim,7167,7167,0,399114.422,0.800,-0.213,-0.033,0.560,3057,0,0,0,0,252,0,141,20,0.031,96,0,16.914,2.876,1.900,16.740,-1.500,-0.282,-0.015,0.958,0.512,-2.830,-0.832,0.000,0.000,1.592,0.030,2,NULL,NULL,,1,0,1,7,255,,250,0,0
stim,7167,7167,0,399119.421,0.800,-0.213,-0.033,0.560,3063,0,0,0,0,263,0,143,20,0.031,96,0,16.795,2.876,1.900,16.620,-1.500,-0.282,-0.014,0.958,0.512,-2.830,-0.842,0.000,0.000,1.592,0.030,2,NULL,NULL,,1,0,1,7,255,,250,0,0
stim,7183,7183,0,399124.421,0.800,-0.212,-0.033,0.560,3051,0,0,0,0,263,0,140,20,0.031,96,0,16.860,2.876,1.900,16.680,-1.560,-0.283,-0.014,0.958,0.510,-2.830,-0.838,0.000,0.000,1.592,0.030,2,NULL,NULL,,1,0,1,7,255,,250,0,0
stim,7183,7183,0,399129.420,0.800,-0.212,-0.033,0.560,3079,0,0,0,0,269,0,141,20,0.031,96,0,16.801,2.870,1.900,16.620,-1.560,-0.282,-0.014,0.957,0.512,-2.824,-0.842,0.000,0.000,1.592,0.030,2,NULL,NULL,,1,0,1,7,255,,250,0,0
stim,7183,7183,0,399134.420,0.800,-0.212,-0.033,0.560,3055,0,0,0,0,252,0,153,20,0.031,96,0,16.867,2.870,1.960,16.680,-1.560,-0.281,-0.016,0.958,0.510,-2.824,-0.842,0.000,0.000,1.592,0.030,2,NULL,NULL,,1,0,1,7,255,,250,0,0
stim,7183,7183,0,399139.420,0.800,-0.212,-0.033,0.560,3055,0,0,0,0,253,0,141,20,0.031,96,0,16.869,2.883,2.020,16.680,-1.500,-0.281,-0.015,0.958,0.510,-2.838,-0.846,0.000,0.000,1.592,0.030,2,NULL,NULL,,1,0,1,7,255,,250,0,0
stim,7183,7183,0,399144.420,0.800,-0.212,-0.033,0.560,3052,0,0,0,0,262,0,141,20,0.031,96,0,16.811,2.887,2.080,16.620,-1.440,-0.282,-0.016,0.958,0.506,-2.842,-0.842,0.000,0.000,1.592,0.030,2,NULL,NULL,,1,0,1,7,255,,250,0,0
stim,7183,7183,0,399149.420,0.800,-0.212,-0.033,0.560,3049,0,0,0,0,269,0,139,20,0.031,96,0,16.817,2.886,2.080,16.620,-1.500,-0.281,-0.017,0.958,0.500,-2.842,-0.844,0.000,0.000,1.592,0.030,2,NULL,NULL,,1,0,1,7,255,,250,0,0
stim,7183,7183,0,399154.420,0.800,-0.212,-0.033,0.560,3051,0,0,0,0,267,0,136,20,0.031,96,0,16.866,2.888,2.080,16.680,-1.380,-0.281,-0.017,0.958,0.500,-2.844,-0.844,0.000,0.000,1.592,0.030,2,NULL,NULL,,1,0,1,7,255,,250,0,0
stim,7186,7186,0,399159.420,0.800,-0.212,-0.033,0.560,3059,0,0,0,0,269,0,141,20,0.031,96,0,16.814,2.888,2.140,16.620,-1.380,-0.281,-0.016,0.958,0.500,-2.844,-0.846,0.000,0.000,1.592,0.030,2,NULL,NULL,,1,0,1,7,255,,250,0,0
stim,7186,7186,0,399164.422,0.800,-0.212,-0.033,0.560,3052,0,0,0,0,281,0,151,20,0.031,96,0,16.800,2.885,2.140,16.620,-1.200,-0.281,-0.017,0.957,0.498,-2.842,-0.846,0.000,0.000,1.592,0.030,2,NULL,NULL,,1,0,1,7,255,,250,0,0
stim,7199,7199,0,399169.420,0.800,-0.212,-0.033,0.560,3051,0,0,0,0,269,0,139,20,0.031,96,0,16.810,2.886,2.220,16.620,-1.200,-0.281,-0.016,0.957,0.504,-2.842,-0.850,0.000,0.000,1.592,0.030,2,NULL,NULL,,1,0,1,7,255,,250,0,0
stim,7199,7199,0,399174.422,0.800,-0.212,-0.033,0.560,3051,0,0,0,0,279,0,143,20,0.031,96,0,16.743,2.885,2.220,16.560,-1.080,-0.281,-0.017,0.957,0.498,-2.842,-0.852,0.000,0.000,1.592,0.030,2,NULL,NULL,,1,0,1,7,255,,250,0,0
stim,7199,7199,0,399179.420,0.800,-0.212,-0.033,0.560,3097,0,0,0,0,268,0,139,20,0.031,96,0,16.803,2.888,2.280,16.620,-0.960,-0.281,-0.017,0.958,0.500,-2.844,-0.852,0.000,0.000,1.592,0.030,2,NULL,NULL,,1,0,1,7,255,,250,0,0
stim,7199,7199,0,399184.421,0.800,-0.212,-0.033,0.560,3051,0,0,0,0,267,0,140,20,0.031,96,0,16.745,2.888,2.340,16.560,-0.820,-0.282,-0.016,0.957,0.500,-2.844,-0.848,0.000,0.000,1.592,0.030,2,NULL,NULL,,1,0,1,7,255,,250,0,0
stim,7215,7215,0,399189.422,0.800,-0.212,-0.033,0.560,3053,0,0,0,0,266,0,139,20,0.031,96,0,16.691,2.888,2.400,16.500,-0.760,-0.281,-0.016,0.958,0.502,-2.844,-0.848,0.000,0.000,1.592,0.030,2,NULL,NULL,,1,0,1,7,255,,250,0,0
stim,7215,7215,0,399194.421,0.800,-0.212,-0.033,0.560,3051,0,0,0,0,262,0,139,20,0.031,96,0,16.688,2.880,2.400,16.500,-0.700,-0.282,-0.016,0.957,0.502,-2.836,-0.848,0.000,0.000,1.592,0.030,2,NULL,NULL,,1,0,1,7,255,,250,0,0
stim,7231,7231,0,399199.420,0.800,-0.212,-0.033,0.560,3051,0,0,0,0,261,0,140,20,0.031,96,0,16.692,2.882,2.460,16.500,-0.580,-0.282,-0.016,0.957,0.502,-2.838,-0.848,0.000,0.000,1.592,0.030,2,NULL,NULL,,1,0,1,7,255,,250,0,0
stim,7231,7231,0,399204.420,0.800,-0.212,-0.033,0.560,3087,0,0,0,0,271,0,151,20,0.031,96,0,16.701,2.878,2.520,16.500,-0.580,-0.282,-0.015,0.957,0.502,-2.834,-0.848,0.000,0.000,1.592,0.030,2,NULL,NULL,,1,0,1,7,255,,250,0,0
stim,7265,7265,0,399209.420,0.800,-0.212,-0.033,0.560,3048,0,0,0,0,264,0,139,20,0.031,96,0,16.640,2.879,2.520,16.440,-0.520,-0.282,-0.016,0.958,0.506,-2.834,-0.848,0.000,0.000,1.592,0.030,2,NULL,NULL,,1,0,1,7,255,,250,0,0
stim,7265,7265,0,399214.421,0.800,-0.212,-0.033,0.561,3053,0,0,0,0,264,0,139,20,0.031,96,0,16.578,2.879,2.640,16.360,-0.460,-0.281,-0.017,0.958,0.506,-2.834,-0.846,0.000,0.000,1.592,0.030,2,NULL,NULL,,1,0,1,7,255,,250,0,0
stim,7284,7284,0,399219.421,0.800,-0.212,-0.033,0.561,3101,0,0,0,0,262,0,141,20,0.031,96,0,16.576,2.879,2.640,16.360,-0.400,-0.282,-0.016,0.958,0.506,-2.834,-0.840,0.000,0.000,1.592,0.030,2,NULL,NULL,,1,0,1,7,255,,250,0,0
stim,7284,7284,0,399224.421,0.800,-0.212,-0.033,0.561,3048,0,0,0,0,261,0,139,20,0.031,96,0,16.584,2.878,2.700,16.360,-0.280,-0.283,-0.016,0.957,0.502,-2.834,-0.842,0.000,0.000,1.592,0.030,2,NULL,NULL,,1,0,1,7,255,,250,0,0
stim,7284,7284,0,399229.420,0.800,-0.212,-0.033,0.561,3051,0,0,0,0,244,0,139,20,0.031,96,0,16.464,2.877,2.700,16.240,-0.220,-0.282,-0.015,0.957,0.506,-2.832,-0.842,0.000,0.000,1.592,0.030,2,NULL,NULL,,1,0,1,7,255,,250,0,0
stim,7284,7284,0,399234.420,0.800,-0.212,-0.033,0.561,3080,0,0,0,0,231,0,143,20,0.031,96,0,16.533,2.876,2.760,16.300,-0.160,-0.283,-0.016,0.958,0.502,-2.832,-0.842,0.000,0.000,1.592,0.030,2,NULL,NULL,,1,0,1,7,255,,250,0,0
stim,7286,7286,0,399239.420,0.800,-0.212,-0.033,0.561,3059,0,0,0,0,229,0,137,20,0.031,96,0,16.484,2.876,2.820,16.240,-0.160,-0.283,-0.016,0.958,0.502,-2.832,-0.836,0.000,0.000,1.592,0.030,2,NULL,NULL,,1,0,1,7,255,,250,0,0
stim,7286,7286,0,399244.420,0.800,-0.212,-0.033,0.561,3055,0,0,0,0,218,0,141,20,0.031,96,0,16.424,2.882,2.820,16.180,-0.100,-0.282,-0.016,0.958,0.502,-2.838,-0.836,0.000,0.000,1.592,0.030,2,NULL,NULL,,1,0,1,7,255,,250,0,0
stim,7287,7287,0,399249.420,0.800,-0.212,-0.033,0.561,3051,0,0,0,0,213,0,138,20,0.031,96,0,16.434,2.878,2.880,16.180,0.020,-0.283,-0.016,0.958,0.500,-2.834,-0.836,0.000,0.000,1.592,0.030,2,NULL,NULL,,1,0,1,7,255,,250,0,0
stim,7287,7287,0,399254.420,0.800,-0.212,-0.033,0.561,3051,0,0,0,0,221,0,145,20,0.031,96,0,16.327,2.877,2.940,16.060,0.080,-0.283,-0.017,0.957,0.498,-2.834,-0.838,0.000,0.000,1.592,0.030,2,NULL,NULL,,1,0,1,7,255,,250,0,0
stim,7288,7288,0,399259.420,0.800,-0.212,-0.033,0.561,3067,0,0,0,0,219,0,141,20,0.031,96,0,16.339,2.872,3.000,16.060,0.200,-0.281,-0.015,0.956,0.498,-2.828,-0.844,0.000,0.000,1.592,0.030,2,NULL,NULL,,1,0,1,7,255,,250,0,0
stim,7288,7288,0,399264.422,0.800,-0.212,-0.033,0.561,3059,0,0,0,0,227,0,141,20,0.031,96,0,16.338,2.873,3.000,16.060,0.140,-0.282,-0.015,0.957,0.506,-2.828,-0.852,0.000,0.000,1.592,0.030,2,NULL,NULL,,1,0,1,7,255,,250,0,0
stim,7314,7314,0,399269.420,0.800,-0.212,-0.033,0.561,3051,0,0,0,0,220,0,139,20,0.031,96,0,16.328,2.878,2.940,16.060,0.200,-0.281,-0.015,0.957,0.510,-2.832,-0.852,0.000,0.000,1.592,0.030,2,NULL,NULL,,1,0,1,7,255,,250,0,0
stim,7314,7314,0,399274.421,0.800,-0.212,-0.033,0.561,3051,0,0,0,0,211,0,137,20,0.031,96,0,16.292,2.885,3.060,16.000,0.280,-0.281,-0.016,0.957,0.506,-2.840,-0.852,0.000,0.000,1.592,0.030,2,NULL,NULL,,1,0,1,7,255,,250,0,0
stim,7314,7314,0,399279.420,0.800,-0.212,-0.033,0.561,3065,0,0,0,0,218,0,147,20,0.031,96,0,16.343,2.886,3.000,16.060,0.400,-0.282,-0.014,0.957,0.512,-2.840,-0.850,0.000,0.000,1.592,0.030,2,NULL,NULL,,1,0,1,7,255,,250,0,0
stim,7314,7314,0,399284.420,0.800,-0.212,-0.033,0.561,3097,0,0,0,0,212,0,140,20,0.031,96,0,16.352,2.886,3.060,16.060,0.340,-0.281,-0.016,0.958,0.500,-2.842,-0.844,0.000,0.000,1.592,0.030,2,NULL,NULL,,1,0,1,7,255,,250,0,0
stim,7314,7314,0,399289.420,0.800,-0.212,-0.033,0.561,3051,0,0,0,0,230,0,139,20,0.031,96,0,16.318,2.880,3.180,16.000,0.400,-0.281,-0.015,0.957,0.504,-2.836,-0.844,0.000,0.000,1.592,0.030,2,NULL,NULL,,1,0,1,7,255,,250,0,0
stim,7314,7314,0,399294.420,0.800,-0.212,-0.033,0.561,3052,0,0,0,0,227,0,139,20,0.031,96,0,16.367,2.890,3.120,16.060,0.460,-0.280,-0.016,0.958,0.504,-2.846,-0.844,0.000,0.000,1.592,0.030,2,NULL,NULL,,1,0,1,7,255,,250,0,0
stim,7327,7327,0,399299.420,0.800,-0.212,-0.033,0.561,3063,0,0,0,0,232,0,151,20,0.031,96,0,16.262,2.881,3.180,15.940,0.520,-0.282,-0.015,0.957,0.506,-2.836,-0.846,0.000,0.000,1.592,0.030,2,NULL,NULL,,1,0,1,7,255,,250,0,0
stim,7327,7327,0,399304.420,0.800,-0.212,-0.033,0.561,3053,0,0,0,0,231,0,151,20,0.031,96,0,16.310,2.885,3.120,16.000,0.520,-0.282,-0.015,0.958,0.506,-2.840,-0.844,0.000,0.000,1.592,0.030,2,NULL,NULL,,1,0,1,7,255,,250,0,0
stim,7360,7360,0,399309.420,0.800,-0.212,-0.033,0.561,3051,0,0,0,0,233,0,139,20,0.031,96,0,16.262,2.885,3.180,15.940,0.520,-0.281,-0.015,0.958,0.506,-2.840,-0.836,0.000,0.000,1.592,0.030,2,NULL,NULL,,1,0,1,7,255,,250,0,0
stim,7360,7360,0,399314.422,0.800,-0.212,-0.033,0.561,3079,0,0,0,0,236,0,141,20,0.031,96,0,16.323,2.885,3.180,16.000,0.580,-0.281,-0.014,0.958,0.510,-2.840,-0.836,0.000,0.000,1.592,0.030,2,NULL,NULL,,1,0,1,7,255,,250,0,0
stim,7384,7384,0,399319.421,0.799,-0.212,-0.033,0.561,3063,0,0,0,0,235,0,139,20,0.031,96,0,16.310,2.883,3.120,16.000,0.520,-0.283,-0.015,0.958,0.510,-2.838,-0.836,0.000,0.000,1.592,0.030,2,NULL,NULL,,1,0,1,7,255,,250,0,0
stim,7387,7387,0,399324.422,0.799,-0.212,-0.033,0.561,3047,0,0,0,0,234,0,141,20,0.031,96,0,16.323,2.875,3.180,16.000,0.580,-0.283,-0.014,0.958,0.504,-2.830,-0.832,0.000,0.000,1.592,0.030,2,NULL,NULL,,1,0,1,7,255,,250,0,0
stim,7387,7387,0,399329.420,0.799,-0.212,-0.033,0.561,3055,0,0,0,0,233,0,140,20,0.031,96,0,16.378,2.875,3.180,16.060,0.460,-0.282,-0.014,0.958,0.504,-2.830,-0.832,0.000,0.000,1.592,0.030,2,NULL,NULL,,1,0,1,7,255,,250,0,0
stim,7387,7387,0,399334.420,0.799,-0.212,-0.033,0.561,3059,0,0,0,0,238,0,141,20,0.031,96,0,16.378,2.875,3.180,16.060,0.460,-0.281,-0.013,0.958,0.506,-2.830,-0.836,0.000,0.000,1.592,0.030,2,NULL,NULL,,1,0,1,7,255,,250,0,0
stim,7387,7387,0,399339.420,0.799,-0.213,-0.033,0.561,3053,0,0,0,0,235,0,147,20,0.031,96,0,16.378,2.881,3.180,16.060,0.460,-0.281,-0.013,0.958,0.520,-2.834,-0.836,0.000,0.000,1.592,0.030,2,NULL,NULL,,1,0,1,7,255,,250,0,0
stim,7387,7387,0,399344.420,0.799,-0.213,-0.033,0.561,3063,0,0,0,0,231,0,142,20,0.031,96,0,16.377,2.881,3.180,16.060,0.400,-0.282,-0.014,0.958,0.520,-2.834,-0.836,0.000,0.000,1.592,0.030,2,NULL,NULL,,1,0,1,7,255,,250,0,0
stim,7388,7388,0,399349.420,0.799,-0.213,-0.033,0.561,3055,0,0,0,0,237,0,143,20,0.031,96,0,16.364,2.881,3.120,16.060,0.340,-0.281,-0.013,0.959,0.516,-2.834,-0.834,0.000,0.000,1.592,0.030,2,NULL,NULL,,1,0,1,7,255,,250,0,0
stim,7388,7388,0,399354.420,0.799,-0.213,-0.033,0.561,3051,0,0,0,0,237,0,139,20,0.031,96,0,16.364,2.883,3.120,16.060,0.340,-0.281,-0.015,0.958,0.508,-2.838,-0.834,0.000,0.000,1.592,0.030,2,NULL,NULL,,1,0,1,7,255,,250,0,0
stim,7389,7389,0,399359.420,0.799,-0.213,-0.033,0.561,3061,0,0,0,0,235,0,142,20,0.031,96,0,16.410,2.882,3.060,16.120,0.280,-0.283,-0.014,0.957,0.502,-2.838,-0.840,0.000,0.000,1.592,0.030,2,NULL,NULL,,1,0,1,7,255,,250,0,0
stim,7389,7389,0,399364.422,0.799,-0.213,-0.033,0.561,3045,0,0,0,0,232,0,149,20,0.031,96,0,16.410,2.882,3.060,16.120,0.280,-0.281,-0.013,0.958,0.502,-2.838,-0.842,0.000,0.000,1.592,0.030,2,NULL,NULL,,1,0,1,7,255,,250,0,0
stim,7406,7406,0,399369.420,0.799,-0.213,-0.033,0.561,3050,0,0,0,0,212,0,137,20,0.031,96,0,16.420,2.883,3.120,16.120,0.140,-0.281,-0.014,0.958,0.508,-2.838,-0.840,0.000,0.000,1.592,0.030,2,NULL,NULL,,1,0,1,7,255,,250,0,0
stim,7406,7406,0,399374.420,0.799,-0.213,-0.033,0.561,3051,0,0,0,0,206,0,142,20,0.031,96,0,16.456,2.883,3.000,16.180,0.080,-0.282,-0.013,0.958,0.510,-2.838,-0.836,0.000,0.000,1.592,0.030,2,NULL,NULL,,1,0,1,7,255,,250,0,0
stim,7407,7407,0,399379.420,0.799,-0.213,-0.032,0.561,3051,0,0,0,0,219,0,139,20,0.031,96,0,16.445,2.883,2.940,16.180,0.080,-0.281,-0.013,0.958,0.510,-2.838,-0.836,0.000,0.000,1.592,0.030,2,NULL,NULL,,1,0,1,7,255,,250,0,0
stim,7407,7407,0,399384.420,0.799,-0.213,-0.032,0.561,3051,0,0,0,0,210,0,141,20,0.031,96,0,16.504,2.878,2.940,16.240,-0.100,-0.282,-0.013,0.958,0.514,-2.832,-0.834,0.000,0.000,1.592,0.030,2,NULL,NULL,,1,0,1,7,255,,250,0,0
stim,7407,7407,0,399389.420,0.799,-0.213,-0.032,0.561,3103,0,0,0,0,217,0,140,20,0.031,96,0,16.483,2.886,2.820,16.240,-0.100,-0.280,-0.013,0.959,0.514,-2.840,-0.832,0.000,0.000,1.592,0.030,2,NULL,NULL,,1,0,1,7,255,,250,0,0
stim,7407,7407,0,399394.420,0.799,-0.213,-0.032,0.561,3050,0,0,0,0,211,0,140,20,0.031,96,0,16.544,2.892,2.820,16.300,-0.220,-0.281,-0.013,0.959,0.514,-2.846,-0.832,0.000,0.000,1.592,0.030,2,NULL,NULL,,1,0,1,7,255,,250,0,0
stim,7423,7423,0,399399.420,0.799,-0.213,-0.032,0.561,3049,0,0,0,0,213,0,141,20,0.031,96,0,16.533,2.892,2.760,16.300,-0.160,-0.281,-0.013,0.958,0.514,-2.846,-0.832,0.000,0.000,1.592,0.030,2,NULL,NULL,,1,0,1,7,255,,250,0,0
stim,7423,7423,0,399404.420,0.799,-0.213,-0.032,0.561,3055,0,0,0,0,216,0,149,20,0.031,96,0,16.524,2.879,2.700,16.300,-0.220,-0.282,-0.013,0.958,0.508,-2.834,-0.832,0.000,0.000,1.592,0.030,2,NULL,NULL,,1,0,1,7,255,,250,0,0
stim,7455,7455,0,399409.420,0.799,-0.213,-0.032,0.561,3061,0,0,0,0,227,0,139,20,0.031,96,0,16.585,2.879,2.700,16.360,-0.340,-0.282,-0.012,0.958,0.508,-2.834,-0.832,0.000,0.000,1.592,0.030,2,NULL,NULL,,1,0,1,7,255,,250,0,0
stim,7455,7455,0,399414.422,0.799,-0.213,-0.032,0.561,3053,0,0,0,0,217,0,155,20,0.031,96,0,16.576,2.876,2.640,16.360,-0.400,-0.282,-0.013,0.958,0.510,-2.830,-0.832,0.000,0.000,1.592,0.030,2,NULL,NULL,,1,0,1,7,255,,250,0,0
stim,7471,7471,0,399419.420,0.799,-0.213,-0.032,0.561,3051,0,0,0,0,215,0,140,20,0.031,96,0,16.569,2.874,2.580,16.360,-0.460,-0.282,-0.012,0.958,0.514,-2.828,-0.836,0.000,0.000,1.592,0.030,2,NULL,NULL,,1,0,1,7,255,,250,0,0
stim,7471,7471,0,399424.422,0.799,-0.213,-0.032,0.561,3051,0,0,0,0,213,0,139,20,0.031,96,0,16.640,2.874,2.520,16.440,-0.520,-0.281,-0.013,0.958,0.510,-2.828,-0.840,0.000,0.000,1.592,0.030,2,NULL,NULL,,1,0,1,7,255,,250,0,0
stim,7487,7487,0,399429.420,0.799,-0.213,-0.032,0.561,3053,0,0,0,0,220,0,139,20,0.031,96,0,16.633,2.874,2.460,16.440,-0.580,-0.283,-0.013,0.958,0.510,-2.828,-0.836,0.000,0.000,1.592,0.030,2,NULL,NULL,,1,0,1,7,255,,250,0,0
stim,7487,7487,0,399434.420,0.799,-0.213,-0.032,0.561,3055,0,0,0,0,219,0,145,20,0.031,96,0,16.635,2.868,2.460,16.440,-0.640,-0.283,-0.012,0.958,0.510,-2.822,-0.832,0.000,0.000,1.592,0.030,2,NULL,NULL,,1,0,1,7,255,,250,0,0
stim,7487,7487,0,399439.420,0.799,-0.213,-0.032,0.561,3089,0,0,0,0,220,0,141,20,0.031,96,0,16.647,2.867,2.520,16.440,-0.700,-0.282,-0.013,0.958,0.506,-2.822,-0.832,0.000,0.000,1.592,0.030,2,NULL,NULL,,1,0,1,7,255,,250,0,0
stim,7487,7487,0,399444.420,0.799,-0.213,-0.032,0.561,3061,0,0,0,0,221,0,141,20,0.031,96,0,16.640,2.873,2.460,16.440,-0.760,-0.282,-0.013,0.959,0.508,-2.828,-0.828,0.000,0.000,1.592,0.030,2,NULL,NULL,,1,0,1,7,255,,250,0,0
stim,7487,7487,0,399449.420,0.799,-0.213,-0.032,0.561,3054,0,0,0,0,225,0,138,20,0.031,96,0,16.643,2.873,2.460,16.440,-0.820,-0.282,-0.012,0.959,0.508,-2.828,-0.826,0.000,0.000,1.592,0.030,2,NULL,NULL,,1,0,1,7,255,,250,0,0
stim,7487,7487,0,399454.420,0.799,-0.213,-0.032,0.562,3051,0,0,0,0,217,0,139,20,0.031,96,0,16.688,2.877,2.340,16.500,-0.880,-0.282,-0.014,0.958,0.508,-2.832,-0.826,0.000,0.000,1.592,0.030,2,NULL,NULL,,1,0,1,7,255,,250,0,0
stim,7487,7487,0,399459.420,0.799,-0.213,-0.032,0.562,3055,0,0,0,0,216,0,141,20,0.031,96,0,16.629,2.872,2.340,16.440,-0.880,-0.283,-0.013,0.958,0.502,-2.828,-0.830,0.000,0.000,1.592,0.030,2,NULL,NULL,,1,0,1,7,255,,250,0,0
stim,7487,7487,0,399464.421,0.799,-0.213,-0.032,0.562,3093,0,0,0,0,219,0,140,20,0.031,96,0,16.701,2.870,2.400,16.500,-0.960,-0.282,-0.013,0.958,0.502,-2.826,-0.836,0.000,0.000,1.592,0.030,2,NULL,NULL,,1,0,1,7,255,,250,0,0
stim,7503,7503,0,399469.422,0.799,-0.213,-0.032,0.562,3051,0,0,0,0,218,0,141,20,0.031,96,0,16.696,2.870,2.340,16.500,-1.020,-0.282,-0.014,0.958,0.502,-2.826,-0.838,0.000,0.000,1.592,0.030,2,NULL,NULL,,1,0,1,7,255,,250,0,0
stim,7503,7503,0,399474.420,0.799,-0.213,-0.032,0.562,3115,0,0,0,0,227,0,141,20,0.031,96,0,16.637,2.872,2.340,16.440,-1.020,-0.282,-0.014,0.958,0.500,-2.828,-0.838,0.000,0.000,1.592,0.030,2,NULL,NULL,,1,0,1,7,255,,250,0,0
stim,7503,7503,0,399479.420,0.799,-0.213,-0.032,0.562,3051,0,0,0,0,226,0,141,20,0.031,96,0,16.621,2.872,2.220,16.440,-1.020,-0.282,-0.014,0.958,0.500,-2.828,-0.838,0.000,0.000,1.592,0.030,2,NULL,NULL,,1,0,1,7,255,,250,0,0
stim,7503,7503,0,399484.420,0.799,-0.213,-0.032,0.562,3053,0,0,0,0,229,0,152,20,0.031,96,0,16.688,2.874,2.280,16.500,-1.020,-0.281,-0.014,0.959,0.500,-2.830,-0.838,0.000,0.000,1.592,0.030,2,NULL,NULL,,1,0,1,7,255,,250,0,0
stim,7519,7519,0,399489.420,0.799,-0.213,-0.032,0.562,3051,0,0,0,0,227,0,142,20,0.031,96,0,16.632,2.888,2.280,16.440,-1.080,-0.281,-0.014,0.959,0.502,-2.844,-0.834,0.000,0.000,1.592,0.030,2,NULL,NULL,,1,0,1,7,255,,250,0,0
stim,7519,7519,0,399494.420,0.799,-0.213,-0.032,0.562,3053,0,0,0,0,223,0,142,20,0.031,96,0,16.680,2.889,2.220,16.500,-1.020,-0.281,-0.013,0.958,0.508,-2.844,-0.834,0.000,0.000,1.592,0.030,2,NULL,NULL,,1,0,1,7,255,,250,0,0
stim,7519,7519,0,399499.420,0.799,-0.213,-0.032,0.562,3053,0,0,0,0,227,0,139,20,0.031,96,0,16.684,2.883,2.220,16.500,-1.080,-0.281,-0.012,0.958,0.510,-2.838,-0.836,0.000,0.000,1.592,0.030,2,NULL,NULL,,1,0,1,7,255,,250,0,0
stim,7519,7519,0,399504.420,0.799,-0.213,-0.032,0.562,3053,0,0,0,0,223,0,140,20,0.031,96,0,16.733,2.883,2.140,16.560,-1.080,-0.281,-0.015,0.958,0.510,-2.838,-0.838,0.000,0.000,1.592,0.030,2,NULL,NULL,,1,0,1,7,255,,250,0,0
stim,7551,7551,0,399509.420,0.799,-0.212,-0.032,0.562,3059,0,0,0,0,235,0,140,20,0.031,96,0,16.733,2.888,2.140,16.560,-1.080,-0.280,-0.014,0.958,0.504,-2.844,-0.842,0.000,0.000,1.592,0.030,2,NULL,NULL,,1,0,1,7,255,,250,0,0
stim,7551,7551,0,399514.422,0.799,-0.212,-0.032,0.562,3089,0,0,0,0,235,0,143,20,0.031,96,0,16.624,2.889,2.220,16.440,-1.080,-0.280,-0.015,0.958,0.498,-2.846,-0.846,0.000,0.000,1.592,0.030,2,NULL,NULL,,1,0,1,7,255,,250,0,0
stim,7583,7583,0,399519.420,0.799,-0.212,-0.033,0.562,3087,0,0,0,0,227,0,147,20,0.031,96,0,16.669,2.891,2.140,16.500,-1.020,-0.280,-0.016,0.957,0.496,-2.848,-0.850,0.000,0.000,1.592,0.030,2,NULL,NULL,,1,0,1,7,255,,250,0,0
stim,7583,7583,0,399524.420,0.799,-0.212,-0.033,0.562,3053,0,0,0,0,224,0,145,20,0.031,96,0,16.688,2.891,2.280,16.500,-1.020,-0.280,-0.015,0.958,0.496,-2.848,-0.850,0.000,0.000,1.592,0.030,2,NULL,NULL,,1,0,1,7,255,,250,0,0
stim,7599,7599,0,399529.420,0.799,-0.212,-0.033,0.562,3053,0,0,0,0,231,0,142,20,0.031,96,0,16.688,2.891,2.340,16.500,-0.880,-0.282,-0.015,0.958,0.494,-2.848,-0.850,0.000,0.000,1.592,0.030,2,NULL,NULL,,1,0,1,7,255,,250,0,0
stim,7599,7599,0,399534.420,0.799,-0.212,-0.033,0.562,3059,0,0,0,0,236,0,138,20,0.031,96,0,16.680,2.885,2.280,16.500,-0.880,-0.282,-0.015,0.958,0.496,-2.842,-0.838,0.000,0.000,1.592,0.030,2,NULL,NULL,,1,0,1,7,255,,250,0,0
stim,7599,7599,0,399539.422,0.799,-0.212,-0.033,0.562,3055,0,0,0,0,220,0,141,20,0.031,96,0,16.685,2.885,2.340,16.500,-0.820,-0.281,-0.015,0.958,0.498,-2.842,-0.838,0.000,0.000,1.592,0.030,2,NULL,NULL,,1,0,1,7,255,,250,0,0
stim,7599,7599,0,399544.420,0.799,-0.212,-0.033,0.562,3087,0,0,0,0,227,0,141,20,0.031,96,0,16.694,2.885,2.400,16.500,-0.820,-0.281,-0.016,0.958,0.498,-2.842,-0.844,0.000,0.000,1.592,0.030,2,NULL,NULL,,1,0,1,7,255,,250,0,0
stim,7599,7599,0,399549.420,0.798,-0.212,-0.033,0.562,3051,0,0,0,0,227,0,141,20,0.031,96,0,16.643,2.883,2.460,16.440,-0.820,-0.282,-0.016,0.958,0.486,-2.842,-0.844,0.000,0.000,1.592,0.030,2,NULL,NULL,,1,0,1,7,255,,250,0,0
stim,7599,7599,0,399554.420,0.798,-0.212,-0.033,0.562,3064,0,0,0,0,223,0,151,20,0.031,96,0,16.640,2.887,2.460,16.440,-0.760,-0.281,-0.015,0.958,0.486,-2.846,-0.842,0.000,0.000,1.592,0.030,2,NULL,NULL,,1,0,1,7,255,,250,0,0
stim,7599,7599,0,399559.420,0.798,-0.212,-0.033,0.562,3080,0,0,0,0,231,0,142,20,0.031,96,0,16.635,2.885,2.460,16.440,-0.640,-0.282,-0.015,0.958,0.496,-2.842,-0.840,0.000,0.000,1.592,0.030,2,NULL,NULL,,1,0,1,7,255,,250,0,0
stim,7599,7599,0,399564.422,0.798,-0.212,-0.033,0.563,3063,0,0,0,0,231,0,143,20,0.031,96,0,16.559,2.879,2.460,16.360,-0.700,-0.282,-0.015,0.958,0.496,-2.836,-0.840,0.000,0.000,1.592,0.030,2,NULL,NULL,,1,0,1,7,255,,250,0,0
stim,7616,7616,0,399569.421,0.798,-0.212,-0.033,0.563,3051,0,0,0,0,235,0,136,20,0.031,96,0,16.568,2.879,2.520,16.360,-0.700,-0.282,-0.015,0.958,0.496,-2.836,-0.840,0.000,0.000,1.592,0.030,2,NULL,NULL,,1,0,1,7,255,,250,0,0
stim,7616,7616,0,399574.420,0.798,-0.212,-0.033,0.563,3053,0,0,0,0,229,0,141,20,0.031,96,0,16.642,2.881,2.520,16.440,-0.580,-0.282,-0.015,0.958,0.496,-2.838,-0.838,0.000,0.000,1.592,0.030,2,NULL,NULL,,1,0,1,7,255,,250,0,0
stim,7616,7616,0,399579.420,0.798,-0.212,-0.033,0.563,3052,0,0,0,0,231,0,139,20,0.031,96,0,16.561,2.883,2.520,16.360,-0.520,-0.281,-0.016,0.958,0.494,-2.840,-0.838,0.000,0.000,1.592,0.030,2,NULL,NULL,,1,0,1,7,255,,250,0,0
stim,7616,7616,0,399584.420,0.798,-0.212,-0.033,0.563,3092,0,0,0,0,235,0,142,20,0.031,96,0,16.513,2.880,2.580,16.300,-0.580,-0.282,-0.015,0.957,0.492,-2.838,-0.840,0.000,0.000,1.592,0.030,2,NULL,NULL,,1,0,1,7,255,,250,0,0
stim,7618,7618,0,399589.420,0.798,-0.212,-0.033,0.563,3051,0,0,0,0,249,0,140,20,0.031,96,0,16.649,2.888,2.580,16.440,-0.520,-0.281,-0.016,0.958,0.492,-2.846,-0.844,0.000,0.000,1.592,0.030,2,NULL,NULL,,1,0,1,7,255,,250,0,0
stim,7618,7618,0,399594.420,0.798,-0.212,-0.033,0.563,3051,0,0,0,0,244,0,141,20,0.031,96,0,16.511,2.892,2.580,16.300,-0.520,-0.280,-0.016,0.958,0.492,-2.850,-0.846,0.000,0.000,1.592,0.030,2,NULL,NULL,,1,0,1,7,255,,250,0,0
stim,7619,7619,0,399599.420,0.798,-0.212,-0.033,0.563,3055,0,0,0,0,246,0,145,20,0.031,96,0,16.529,2.892,2.700,16.300,-0.460,-0.280,-0.015,0.957,0.494,-2.850,-0.852,0.000,0.000,1.592,0.030,2,NULL,NULL,,1,0,1,7,255,,250,0,0
stim,7619,7619,0,399604.420,0.798,-0.212,-0.033,0.563,3051,0,0,0,0,239,0,141,20,0.031,96,0,16.515,2.889,2.640,16.300,-0.280,-0.281,-0.015,0.957,0.494,-2.846,-0.852,0.000,0.000,1.592,0.030,2,NULL,NULL,,1,0,1,7,255,,250,0,0
stim,7663,7663,0,399609.420,0.798,-0.212,-0.033,0.563,3051,0,0,0,0,223,0,142,20,0.031,96,0,16.515,2.888,2.640,16.300,-0.280,-0.280,-0.016,0.958,0.492,-2.846,-0.848,0.000,0.000,1.592,0.030,2,NULL,NULL,,1,0,1,7,255,,250,0,0
stim,7663,7663,0,399614.422,0.798,-0.212,-0.032,0.563,3065,0,0,0,0,229,0,141,20,0.031,96,0,16.524,2.886,2.700,16.300,-0.280,-0.282,-0.016,0.958,0.492,-2.844,-0.846,0.000,0.000,1.592,0.030,2,NULL,NULL,,1,0,1,7,255,,250,0,0
stim,7685,7685,0,399619.420,0.798,-0.212,-0.032,0.563,3081,0,0,0,0,216,0,147,20,0.031,96,0,16.524,2.886,2.700,16.300,-0.280,-0.281,-0.015,0.958,0.492,-2.844,-0.836,0.000,0.000,1.592,0.030,2,NULL,NULL,,1,0,1,7,255,,250,0,0
stim,7685,7685,0,399624.422,0.798,-0.212,-0.032,0.563,3053,0,0,0,0,228,0,140,20,0.031,96,0,16.524,2.886,2.700,16.300,-0.220,-0.281,-0.015,0.958,0.492,-2.844,-0.836,0.000,0.000,1.592,0.030,2,NULL,NULL,,1,0,1,7,255,,250,0,0
stim,7686,7686,0,399629.420,0.798,-0.212,-0.032,0.563,3059,0,0,0,0,230,0,141,20,0.031,96,0,16.523,2.887,2.700,16.300,-0.160,-0.280,-0.015,0.957,0.494,-2.844,-0.844,0.000,0.000,1.592,0.030,2,NULL,NULL,,1,0,1,7,255,,250,0,0
stim,7686,7686,0,399634.420,0.798,-0.212,-0.032,0.563,3060,0,0,0,0,229,0,149,20,0.031,96,0,16.474,2.885,2.760,16.240,-0.160,-0.282,-0.013,0.958,0.494,-2.842,-0.844,0.000,0.000,1.592,0.030,2,NULL,NULL,,1,0,1,7,255,,250,0,0
stim,7686,7686,0,399639.420,0.798,-0.212,-0.032,0.563,3063,0,0,0,0,221,0,140,20,0.031,96,0,16.473,2.882,2.760,16.240,-0.100,-0.282,-0.014,0.958,0.504,-2.838,-0.838,0.000,0.000,1.592,0.030,2,NULL,NULL,,1,0,1,7,255,,250,0,0
stim,7686,7686,0,399644.420,0.798,-0.212,-0.032,0.563,3055,0,0,0,0,224,0,147,20,0.031,96,0,16.543,2.882,2.820,16.300,-0.160,-0.281,-0.014,0.958,0.504,-2.838,-0.838,0.000,0.000,1.592,0.030,2,NULL,NULL,,1,0,1,7,255,,250,0,0
stim,7687,7687,0,399649.420,0.798,-0.212,-0.032,0.563,3063,0,0,0,0,232,0,143,20,0.031,96,0,16.483,2.884,2.820,16.240,-0.100,-0.282,-0.014,0.958,0.502,-2.840,-0.834,0.000,0.000,1.592,0.030,2,NULL,NULL,,1,0,1,7,255,,250,0,0
stim,7687,7687,0,399654.420,0.798,-0.212,-0.032,0.563,3052,0,0,0,0,232,0,141,20,0.031,96,0,16.483,2.886,2.820,16.240,-0.100,-0.281,-0.014,0.958,0.502,-2.842,-0.836,0.000,0.000,1.592,0.030,2,NULL,NULL,,1,0,1,7,255,,250,0,0
stim,7695,7695,0,399659.420,0.798,-0.212,-0.032,0.563,3087,0,0,0,0,234,0,149,20,0.031,96,0,16.484,2.884,2.820,16.240,-0.160,-0.282,-0.014,0.958,0.502,-2.840,-0.836,0.000,0.000,1.592,0.030,2,NULL,NULL,,1,0,1,7,255,,250,0,0
stim,7695,7695,0,399664.422,0.798,-0.212,-0.032,0.563,3065,0,0,0,0,231,0,141,20,0.031,96,0,16.483,2.880,2.820,16.240,-0.100,-0.282,-0.014,0.958,0.502,-2.836,-0.838,0.000,0.000,1.592,0.030,2,NULL,NULL,,1,0,1,7,255,,250,0,0
stim,7725,7725,0,399669.422,0.798,-0.212,-0.032,0.563,3049,0,0,0,0,230,0,141,20,0.031,96,0,16.484,2.877,2.820,16.240,-0.160,-0.283,-0.015,0.958,0.494,-2.834,-0.838,0.000,0.000,1.592,0.030,2,NULL,NULL,,1,0,1,7,255,,250,0,0
stim,7725,7725,0,399674.420,0.798,-0.212,-0.032,0.563,3053,0,0,0,0,232,0,141,20,0.031,96,0,16.484,2.877,2.820,16.240,-0.160,-0.281,-0.015,0.958,0.494,-2.834,-0.840,0.000,0.000,1.592,0.030,2,NULL,NULL,,1,0,1,7,255,,250,0,0
stim,7725,7725,0,399679.420,0.798,-0.212,-0.032,0.563,3079,0,0,0,0,237,0,145,20,0.031,96,0,16.494,2.887,2.880,16.240,-0.100,-0.281,-0.015,0.958,0.494,-2.844,-0.842,0.000,0.000,1.592,0.030,2,NULL,NULL,,1,0,1,7,255,,250,0,0
stim,7725,7725,0,399684.420,0.798,-0.212,-0.032,0.563,3067,0,0,0,0,231,0,139,20,0.031,96,0,16.435,2.887,2.880,16.180,-0.100,-0.281,-0.014,0.958,0.494,-2.844,-0.842,0.000,0.000,1.592,0.030,2,NULL,NULL,,1,0,1,7,255,,250,0,0
stim,7725,7725,0,399689.422,0.798,-0.212,-0.032,0.563,3063,0,0,0,0,235,0,146,20,0.031,96,0,16.493,2.887,2.880,16.240,0.020,-0.282,-0.015,0.958,0.494,-2.844,-0.842,0.000,0.000,1.592,0.030,2,NULL,NULL,,1,0,1,7,255,,250,0,0
stim,7725,7725,0,399694.420,0.798,-0.213,-0.032,0.563,3052,0,0,0,0,229,0,141,20,0.031,96,0,16.424,2.882,2.820,16.180,-0.040,-0.282,-0.015,0.958,0.490,-2.840,-0.838,0.000,0.000,1.592,0.030,2,NULL,NULL,,1,0,1,7,255,,250,0,0
stim,7747,7747,0,399699.420,0.798,-0.213,-0.032,0.563,3052,0,0,0,0,232,0,139,20,0.031,96,0,16.483,2.878,2.820,16.240,-0.100,-0.282,-0.014,0.957,0.490,-2.836,-0.838,0.000,0.000,1.592,0.030,2,NULL,NULL,,1,0,1,7,255,,250,0,0
stim,7747,7747,0,399704.420,0.798,-0.213,-0.032,0.563,3055,0,0,0,0,237,0,143,20,0.031,96,0,16.424,2.872,2.820,16.180,-0.100,-0.283,-0.014,0.958,0.490,-2.830,-0.838,0.000,0.000,1.592,0.030,2,NULL,NULL,,1,0,1,7,255,,250,0,0
stim,7780,7780,0,399709.420,0.798,-0.213,-0.032,0.563,3095,0,0,0,0,218,0,143,20,0.031,96,0,16.494,2.872,2.880,16.240,-0.160,-0.282,-0.014,0.958,0.492,-2.830,-0.838,0.000,0.000,1.592,0.030,2,NULL,NULL,,1,0,1,7,255,,250,0,0
stim,7780,7780,0,399714.422,0.798,-0.213,-0.032,0.563,3053,0,0,0,0,224,0,141,20,0.031,96,0,16.483,2.878,2.820,16.240,-0.100,-0.281,-0.013,0.958,0.492,-2.836,-0.838,0.000,0.000,1.592,0.030,2,NULL,NULL,,1,0,1,7,255,,250,0,0
stim,7781,7781,0,399719.422,0.798,-0.213,-0.032,0.563,3052,0,0,0,0,229,0,141,20,0.031,96,0,16.484,2.882,2.820,16.240,-0.160,-0.281,-0.013,0.958,0.502,-2.838,-0.838,0.000,0.000,1.592,0.030,2,NULL,NULL,,1,0,1,7,255,,250,0,0
stim,7781,7781,0,399724.421,0.798,-0.213,-0.032,0.563,3053,0,0,0,0,230,0,140,20,0.031,96,0,16.474,2.883,2.760,16.240,-0.160,-0.282,-0.012,0.959,0.506,-2.838,-0.836,0.000,0.000,1.592,0.030,2,NULL,NULL,,1,0,1,7,255,,250,0,0
stim,7783,7783,0,399729.422,0.798,-0.213,-0.032,0.563,3055,0,0,0,0,231,0,145,20,0.031,96,0,16.415,2.883,2.760,16.180,-0.220,-0.282,-0.013,0.959,0.506,-2.838,-0.828,0.000,0.000,1.592,0.030,2,NULL,NULL,,1,0,1,7,255,,250,0,0
stim,7783,7783,0,399734.420,0.798,-0.213,-0.032,0.563,3091,0,0,0,0,223,0,143,20,0.031,96,0,16.474,2.883,2.760,16.240,-0.220,-0.281,-0.013,0.958,0.506,-2.838,-0.828,0.000,0.000,1.592,0.030,2,NULL,NULL,,1,0,1,7,255,,250,0,0
stim,7783,7783,0,399739.420,0.798,-0.213,-0.032,0.563,3051,0,0,0,0,224,0,146,20,0.031,96,0,16.536,2.882,2.760,16.300,-0.340,-0.282,-0.014,0.958,0.502,-2.838,-0.834,0.000,0.000,1.592,0.030,2,NULL,NULL,,1,0,1,7,255,,250,0,0
stim,7783,7783,0,399744.420,0.798,-0.213,-0.032,0.563,3081,0,0,0,0,217,0,143,20,0.031,96,0,16.516,2.881,2.640,16.300,-0.340,-0.281,-0.014,0.957,0.494,-2.838,-0.836,0.000,0.000,1.592,0.030,2,NULL,NULL,,1,0,1,7,255,,250,0,0
stim,7784,7784,0,399749.420,0.798,-0.213,-0.032,0.563,3056,0,0,0,0,220,0,153,20,0.031,96,0,16.516,2.881,2.640,16.300,-0.340,-0.281,-0.014,0.959,0.494,-2.838,-0.834,0.000,0.000,1.592,0.030,2,NULL,NULL,,1,0,1,7,255,,250,0,0
stim,7784,7784,0,399754.420,0.798,-0.213,-0.032,0.563,3089,0,0,0,0,229,0,147,20,0.031,96,0,16.567,2.888,2.580,16.360,-0.400,-0.281,-0.015,0.958,0.488,-2.846,-0.836,0.000,0.000,1.592,0.030,2,NULL,NULL,,1,0,1,7,255,,250,0,0
stim,7785,7785,0,399759.420,0.798,-0.213,-0.032,0.563,3056,0,0,0,0,219,0,141,20,0.031,96,0,16.498,2.889,2.520,16.300,-0.400,-0.281,-0.013,0.958,0.498,-2.846,-0.836,0.000,0.000,1.592,0.030,2,NULL,NULL,,1,0,1,7,255,,250,0,0
stim,7785,7785,0,399764.420,0.798,-0.213,-0.032,0.563,3053,0,0,0,0,221,0,148,20,0.031,96,0,16.567,2.889,2.580,16.360,-0.400,-0.281,-0.014,0.958,0.496,-2.846,-0.838,0.000,0.000,1.592,0.030,2,NULL,NULL,,1,0,1,7,255,,250,0,0
stim,7791,7791,0,399769.424,0.798,-0.213,-0.032,0.563,3053,0,0,0,0,220,0,141,20,0.031,96,0,16.569,2.885,2.580,16.360,-0.460,-0.282,-0.015,0.958,0.496,-2.842,-0.838,0.000,0.000,1.592,0.030,2,NULL,NULL,,1,0,1,7,255,,250,0,0
stim,7791,7791,0,399774.420,0.798,-0.213,-0.032,0.563,3051,0,0,0,0,221,0,137,20,0.031,96,0,16.569,2.888,2.580,16.360,-0.460,-0.281,-0.014,0.958,0.492,-2.846,-0.838,0.000,0.000,1.592,0.030,2,NULL,NULL,,1,0,1,7,255,,250,0,0
stim,7807,7807,0,399779.420,0.798,-0.213,-0.032,0.563,3053,0,0,0,0,225,0,141,20,0.031,96,0,16.567,2.884,2.580,16.360,-0.400,-0.282,-0.013,0.958,0.492,-2.842,-0.838,0.000,0.000,1.592,0.030,2,NULL,NULL,,1,0,1,7,255,,250,0,0
stim,7807,7807,0,399784.421,0.798,-0.213,-0.032,0.563,3092,0,0,0,0,228,0,153,20,0.031,96,0,16.570,2.880,2.580,16.360,-0.520,-0.282,-0.012,0.959,0.502,-2.836,-0.832,0.000,0.000,1.592,0.030,2,NULL,NULL,,1,0,1,7,255,,250,0,0
stim,7823,7823,0,399789.420,0.798,-0.213,-0.032,0.563,3052,0,0,0,0,227,0,142,20,0.031,96,0,16.649,2.880,2.580,16.440,-0.520,-0.282,-0.014,0.959,0.502,-2.836,-0.826,0.000,0.000,1.592,0.030,2,NULL,NULL,,1,0,1,7,255,,250,0,0
stim,7823,7823,0,399794.420,0.798,-0.213,-0.032,0.563,3089,0,0,0,0,237,0,137,20,0.031,96,0,16.633,2.874,2.460,16.440,-0.580,-0.283,-0.014,0.958,0.492,-2.832,-0.826,0.000,0.000,1.592,0.030,2,NULL,NULL,,1,0,1,7,255,,250,0,0
stim,7823,7823,0,399799.420,0.798,-0.213,-0.032,0.563,3079,0,0,0,0,234,0,140,20,0.031,96,0,16.633,2.880,2.460,16.440,-0.580,-0.282,-0.014,0.959,0.492,-2.838,-0.826,0.000,0.000,1.592,0.030,2,NULL,NULL,,1,0,1,7,255,,250,0,0
stim,7823,7823,0,399804.420,0.798,-0.213,-0.032,0.563,3051,0,0,0,0,229,0,141,20,0.031,96,0,16.565,2.884,2.520,16.360,-0.640,-0.281,-0.015,0.959,0.488,-2.842,-0.830,0.000,0.000,1.592,0.030,2,NULL,NULL,,1,0,1,7,255,,250,0,0
stim,7855,7855,0,399809.420,0.798,-0.213,-0.032,0.563,3061,0,0,0,0,231,0,143,20,0.031,96,0,16.556,2.884,2.460,16.360,-0.640,-0.282,-0.014,0.958,0.492,-2.842,-0.832,0.000,0.000,1.592,0.030,2,NULL,NULL,,1,0,1,7,255,,250,0,0
stim,7855,7855,0,399814.422,0.798,-0.213,-0.032,0.564,3069,0,0,0,0,227,0,144,20,0.031,96,0,16.638,2.886,2.460,16.440,-0.700,-0.281,-0.014,0.958,0.490,-2.844,-0.834,0.000,0.000,1.592,0.030,2,NULL,NULL,,1,0,1,7,255,,250,0,0
stim,7887,7887,0,399819.420,0.798,-0.213,-0.032,0.564,3082,0,0,0,0,228,0,139,20,0.031,96,0,16.638,2.882,2.460,16.440,-0.700,-0.282,-0.013,0.959,0.492,-2.840,-0.834,0.000,0.000,1.592,0.030,2,NULL,NULL,,1,0,1,7,255,,250,0,0
stim,7887,7887,0,399824.420,0.798,-0.213,-0.032,0.564,3052,0,0,0,0,229,0,141,20,0.031,96,0,16.647,2.882,2.520,16.440,-0.700,-0.282,-0.014,0.958,0.492,-2.840,-0.834,0.000,0.000,1.592,0.030,2,NULL,NULL,,1,0,1,7,255,,250,0,0
stim,7887,7887,0,399829.420,0.798,-0.213,-0.032,0.564,3077,0,0,0,0,232,0,143,20,0.031,96,0,16.635,2.882,2.460,16.440,-0.640,-0.282,-0.015,0.959,0.492,-2.840,-0.830,0.000,0.000,1.592,0.030,2,NULL,NULL,,1,0,1,7,255,,250,0,0
stim,7887,7887,0,399834.420,0.798,-0.213,-0.032,0.564,3052,0,0,0,0,231,0,140,20,0.031,96,0,16.695,2.882,2.460,16.500,-0.640,-0.282,-0.013,0.958,0.492,-2.840,-0.834,0.000,0.000,1.592,0.030,2,NULL,NULL,,1,0,1,7,255,,250,0,0
stim,7887,7887,0,399839.422,0.798,-0.213,-0.032,0.564,3053,0,0,0,0,231,0,146,20,0.031,96,0,16.647,2.884,2.520,16.440,-0.700,-0.282,-0.015,0.958,0.480,-2.844,-0.838,0.000,0.000,1.592,0.030,2,NULL,NULL,,1,0,1,7,255,,250,0,0
stim,7887,7887,0,399844.420,0.797,-0.213,-0.032,0.564,3059,0,0,0,0,234,0,155,20,0.031,96,0,16.644,2.880,2.520,16.440,-0.640,-0.282,-0.015,0.958,0.478,-2.840,-0.838,0.000,0.000,1.592,0.030,2,NULL,NULL,,1,0,1,7,255,,250,0,0
stim,7887,7887,0,399849.420,0.797,-0.213,-0.032,0.564,3051,0,0,0,0,231,0,140,20,0.031,96,0,16.642,2.884,2.520,16.440,-0.580,-0.281,-0.015,0.958,0.478,-2.844,-0.838,0.000,0.000,1.592,0.030,2,NULL,NULL,,1,0,1,7,255,,250,0,0
stim,7887,7887,0,399854.420,0.797,-0.213,-0.032,0.564,3087,0,0,0,0,232,0,151,20,0.031,96,0,16.642,2.888,2.520,16.440,-0.580,-0.281,-0.016,0.957,0.476,-2.848,-0.846,0.000,0.000,1.592,0.030,2,NULL,NULL,,1,0,1,7,255,,250,0,0
stim,7887,7887,0,399859.420,0.797,-0.213,-0.032,0.564,3053,0,0,0,0,235,0,143,20,0.031,96,0,16.638,2.888,2.520,16.440,-0.460,-0.282,-0.016,0.958,0.476,-2.848,-0.846,0.000,0.000,1.592,0.030,2,NULL,NULL,,1,0,1,7,255,,250,0,0
stim,7887,7887,0,399864.422,0.797,-0.213,-0.032,0.564,3079,0,0,0,0,227,0,143,20,0.031,96,0,16.649,2.882,2.580,16.440,-0.520,-0.282,-0.015,0.958,0.476,-2.842,-0.842,0.000,0.000,1.592,0.030,2,NULL,NULL,,1,0,1,7,255,,250,0,0
stim,7903,7903,0,399869.422,0.797,-0.213,-0.032,0.564,3051,0,0,0,0,227,0,141,20,0.031,96,0,16.649,2.883,2.580,16.440,-0.520,-0.281,-0.015,0.958,0.482,-2.842,-0.840,0.000,0.000,1.592,0.030,2,NULL,NULL,,1,0,1,7,255,,250,0,0
stim,7903,7903,0,399874.421,0.797,-0.213,-0.032,0.564,3063,0,0,0,0,221,0,140,20,0.031,96,0,16.649,2.881,2.580,16.440,-0.520,-0.281,-0.014,0.958,0.484,-2.840,-0.842,0.000,0.000,1.592,0.030,2,NULL,NULL,,1,0,1,7,255,,250,0,0
stim,7903,7903,0,399879.420,0.797,-0.213,-0.032,0.564,3089,0,0,0,0,227,0,142,20,0.031,96,0,16.646,2.884,2.580,16.440,-0.400,-0.281,-0.014,0.958,0.488,-2.842,-0.844,0.000,0.000,1.592,0.030,2,NULL,NULL,,1,0,1,7,255,,250,0,0
stim,7903,7903,0,399884.420,0.797,-0.213,-0.032,0.564,3077,0,0,0,0,223,0,141,20,0.031,96,0,16.567,2.882,2.580,16.360,-0.400,-0.283,-0.014,0.958,0.488,-2.840,-0.844,0.000,0.000,1.592,0.030,2,NULL,NULL,,1,0,1,7,255,,250,0,0
stim,7919,7919,0,399889.421,0.797,-0.213,-0.032,0.564,3053,0,0,0,0,227,0,140,20,0.031,96,0,16.566,2.883,2.580,16.360,-0.340,-0.281,-0.015,0.958,0.484,-2.842,-0.844,0.000,0.000,1.592,0.030,2,NULL,NULL,,1,0,1,7,255,,250,0,0
stim,7919,7919,0,399894.420,0.797,-0.213,-0.032,0.564,3053,0,0,0,0,227,0,139,20,0.031,96,0,16.586,2.882,2.700,16.360,-0.400,-0.282,-0.015,0.958,0.478,-2.842,-0.842,0.000,0.000,1.592,0.030,2,NULL,NULL,,1,0,1,7,255,,250,0,0
stim,7919,7919,0,399899.420,0.797,-0.213,-0.032,0.564,3053,0,0,0,0,227,0,141,20,0.031,96,0,16.586,2.886,2.700,16.360,-0.400,-0.281,-0.015,0.958,0.478,-2.846,-0.844,0.000,0.000,1.592,0.030,2,NULL,NULL,,1,0,1,7,255,,250,0,0
stim,7919,7919,0,399904.420,0.797,-0.213,-0.032,0.564,3064,0,0,0,0,223,0,140,20,0.031,96,0,16.585,2.884,2.700,16.360,-0.340,-0.282,-0.016,0.958,0.476,-2.844,-0.842,0.000,0.000,1.592,0.030,2,NULL,NULL,,1,0,1,7,255,,250,0,0
stim,7967,7967,0,399909.420,0.797,-0.213,-0.032,0.564,3051,0,0,0,0,227,0,138,20,0.031,96,0,16.586,2.886,2.700,16.360,-0.400,-0.281,-0.015,0.958,0.478,-2.846,-0.840,0.000,0.000,1.592,0.030,2,NULL,NULL,,1,0,1,7,255,,250,0,0
stim,7967,7967,0,399914.422,0.797,-0.213,-0.032,0.564,3061,0,0,0,0,228,0,141,20,0.031,96,0,16.524,2.884,2.700,16.300,-0.280,-0.282,-0.015,0.958,0.480,-2.844,-0.840,0.000,0.000,1.592,0.030,2,NULL,NULL,,1,0,1,7,255,,250,0,0
stim,7999,7999,0,399919.420,0.797,-0.213,-0.032,0.564,3054,0,0,0,0,231,0,143,20,0.031,96,0,16.524,2.881,2.700,16.300,-0.280,-0.282,-0.014,0.957,0.482,-2.840,-0.842,0.000,0.000,1.592,0.030,2,NULL,NULL,,1,0,1,7,255,,250,0,0
stim,7999,7999,0,399924.420,0.797,-0.213,-0.032,0.564,3052,0,0,0,0,227,0,141,20,0.031,96,0,16.584,2.880,2.700,16.360,-0.280,-0.282,-0.016,0.958,0.480,-2.840,-0.842,0.000,0.000,1.592,0.030,2,NULL,NULL,,1,0,1,7,255,,250,0,0
stim,7999,7999,0,399929.420,0.797,-0.213,-0.032,0.564,3065,0,0,0,0,240,0,145,20,0.031,96,0,16.524,2.884,2.700,16.300,-0.280,-0.281,-0.015,0.958,0.480,-2.844,-0.844,0.000,0.000,1.592,0.030,2,NULL,NULL,,1,0,1,7,255,,250,0,0
stim,7999,7999,0,399934.420,0.797,-0.213,-0.032,0.564,3061,0,0,0,0,233,0,141,20,0.031,96,0,16.524,2.883,2.700,16.300,-0.220,-0.281,-0.015,0.957,0.474,-2.844,-0.844,0.000,0.000,1.592,0.030,2,NULL,NULL,,1,0,1,7,255,,250,0,0
stim,7999,7999,0,399939.422,0.797,-0.213,-0.032,0.564,3061,0,0,0,0,231,0,145,20,0.031,96,0,16.533,2.884,2.760,16.300,-0.160,-0.282,-0.014,0.958,0.480,-2.844,-0.844,0.000,0.000,1.592,0.030,2,NULL,NULL,,1,0,1,7,255,,250,0,0
stim,7999,7999,0,399944.420,0.797,-0.213,-0.032,0.564,3061,0,0,0,0,228,0,143,20,0.031,96,0,16.523,2.881,2.700,16.300,-0.160,-0.282,-0.014,0.958,0.482,-2.840,-0.842,0.000,0.000,1.592,0.030,2,NULL,NULL,,1,0,1,7,255,,250,0,0
stim,7999,7999,0,399949.420,0.797,-0.213,-0.032,0.564,3055,0,0,0,0,227,0,141,20,0.031,96,0,16.533,2.879,2.760,16.300,-0.160,-0.282,-0.014,0.957,0.482,-2.838,-0.842,0.000,0.000,1.592,0.030,2,NULL,NULL,,1,0,1,7,255,,250,0,0
stim,7999,7999,0,399954.420,0.797,-0.213,-0.032,0.564,3052,0,0,0,0,229,0,140,20,0.031,96,0,16.484,2.880,2.820,16.240,-0.220,-0.282,-0.015,0.957,0.480,-2.840,-0.846,0.000,0.000,1.592,0.030,2,NULL,NULL,,1,0,1,7,255,,250,0,0
stim,7999,7999,0,399959.420,0.797,-0.213,-0.032,0.564,3091,0,0,0,0,230,0,151,20,0.031,96,0,16.474,2.874,2.760,16.240,-0.160,-0.283,-0.014,0.958,0.480,-2.834,-0.846,0.000,0.000,1.592,0.030,2,NULL,NULL,,1,0,1,7,255,,250,0,0
stim,7999,7999,0,399964.422,0.797,-0.213,-0.032,0.564,3051,0,0,0,0,231,0,139,20,0.031,96,0,16.483,2.882,2.820,16.240,-0.100,-0.282,-0.015,0.958,0.478,-2.842,-0.838,0.000,0.000,1.592,0.030,2,NULL,NULL,,1,0,1,7,255,,250,0,0
stim,7999,7999,0,399969.420,0.797,-0.213,-0.032,0.564,3051,0,0,0,0,232,0,141,20,0.031,96,0,16.474,2.885,2.760,16.240,-0.220,-0.281,-0.014,0.958,0.482,-2.844,-0.838,0.000,0.000,1.592,0.030,2,NULL,NULL,,1,0,1,7,255,,250,0,0
stim,8016,8016,0,399974.421,0.797,-0.213,-0.032,0.564,3045,0,0,0,0,231,0,139,20,0.031,96,0,16.484,2.884,2.820,16.240,-0.160,-0.282,-0.014,0.959,0.480,-2.844,-0.838,0.000,0.000,1.592,0.030,2,NULL,NULL,,1,0,1,7,255,,250,0,0
stim,8016,8016,0,399979.420,0.797,-0.213,-0.032,0.564,3063,0,0,0,0,238,0,141,20,0.031,96,0,16.533,2.884,2.760,16.300,-0.160,-0.282,-0.014,0.958,0.480,-2.844,-0.838,0.000,0.000,1.592,0.030,2,NULL,NULL,,1,0,1,7,255,,250,0,0
stim,8016,8016,0,399984.420,0.797,-0.213,-0.032,0.564,3052,0,0,0,0,221,0,140,20,0.031,96,0,16.475,2.884,2.760,16.240,-0.280,-0.281,-0.014,0.958,0.480,-2.844,-0.838,0.000,0.000,1.592,0.030,2,NULL,NULL,,1,0,1,7,255,,250,0,0
stim,8016,8016,0,399989.420,0.797,-0.213,-0.032,0.564,3053,0,0,0,0,225,0,141,20,0.031,96,0,16.475,2.884,2.760,16.240,-0.280,-0.282,-0.014,0.959,0.480,-2.844,-0.838,0.000,0.000,1.592,0.030,2,NULL,NULL,,1,0,1,7,255,,250,0,0
stim,8018,8018,0,399994.420,0.797,-0.213,-0.032,0.564,3007,0,0,0,0,229,0,143,20,0.031,96,0,16.475,2.885,2.760,16.240,-0.280,-0.281,-0.013,0.958,0.482,-2.844,-0.840,0.000,0.000,1.592,0.030,2,NULL,NULL,,1,0,1,7,255,,250,0,0
stim,8018,8018,0,399999.420,0.797,-0.213,-0.032,0.564,3053,0,0,0,0,227,0,139,20,0.031,96,0,16.474,2.884,2.760,16.240,-0.220,-0.281,-0.014,0.958,0.480,-2.844,-0.840,0.000,0.000,1.592,0.030,2,NULL,NULL,,1,0,1,7,255,,250,0,0
stim,8031,8031,0,400004.420,0.797,-0.213,-0.032,0.564,3067,0,0,0,0,232,0,147,20,0.031,96,0,16.474,2.884,2.760,16.240,-0.220,-0.282,-0.014,0.958,0.480,-2.844,-0.840,0.000,0.000,1.592,0.030,2,NULL,NULL,,1,0,1,7,255,,250,0,0
stim,8031,8031,0,400009.420,0.797,-0.213,-0.032,0.564,3080,0,0,0,0,227,0,140,20,0.031,96,0,16.474,2.878,2.760,16.240,-0.220,-0.282,-0.014,0.957,0.476,-2.838,-0.840,0.000,0.000,1.592,0.030,2,NULL,NULL,,1,0,1,7,255,,250,0,0
stim,8063,8063,0,400014.422,0.797,-0.213,-0.032,0.564,3049,0,0,0,0,232,0,141,20,0.031,96,0,16.485,2.878,2.820,16.240,-0.280,-0.281,-0.015,0.958,0.476,-2.838,-0.844,0.000,0.000,1.592,0.030,2,NULL,NULL,,1,0,1,7,255,,250,0,0
stim,8082,8082,0,400019.420,0.797,-0.213,-0.032,0.564,3051,0,0,0,0,227,0,141,20,0.031,96,0,16.534,2.878,2.760,16.300,-0.280,-0.282,-0.014,0.958,0.476,-2.838,-0.844,0.000,0.000,1.592,0.030,2,NULL,NULL,,1,0,1,7,255,,250,0,0
stim,8082,8082,0,400024.420,0.797,-0.213,-0.032,0.564,3053,0,0,0,0,223,0,141,20,0.031,96,0,16.524,2.885,2.700,16.300,-0.280,-0.282,-0.015,0.959,0.474,-2.846,-0.838,0.000,0.000,1.592,0.030,2,NULL,NULL,,1,0,1,7,255,,250,0,0
stim,8082,8082,0,400029.420,0.797,-0.213,-0.032,0.564,3062,0,0,0,0,224,0,143,20,0.031,96,0,16.524,2.880,2.700,16.300,-0.280,-0.281,-0.013,0.958,0.478,-2.840,-0.838,0.000,0.000,1.592,0.030,2,NULL,NULL,,1,0,1,7,255,,250,0,0
stim,8082,8082,0,400034.420,0.797,-0.213,-0.032,0.564,3091,0,0,0,0,234,0,145,20,0.031,96,0,16.524,2.885,2.700,16.300,-0.280,-0.281,-0.014,0.957,0.482,-2.844,-0.844,0.000,0.000,1.592,0.030,2,NULL,NULL,,1,0,1,7,255,,250,0,0
stim,8082,8082,0,400039.421,0.797,-0.213,-0.032,0.564,3064,0,0,0,0,230,0,145,20,0.031,96,0,16.526,2.885,2.700,16.300,-0.340,-0.281,-0.014,0.958,0.482,-2.844,-0.846,0.000,0.000,1.592,0.030,2,NULL,NULL,,1,0,1,7,255,,250,0,0
stim,8084,8084,0,400044.420,0.797,-0.213,-0.032,0.564,3052,0,0,0,0,235,0,145,20,0.031,96,0,16.516,2.888,2.640,16.300,-0.340,-0.281,-0.014,0.958,0.482,-2.848,-0.846,0.000,0.000,1.592,0.030,2,NULL,NULL,,1,0,1,7,255,,250,0,0
stim,8084,8084,0,400049.420,0.797,-0.213,-0.032,0.564,3065,0,0,0,0,223,0,148,20,0.031,96,0,16.574,2.888,2.640,16.360,-0.280,-0.282,-0.014,0.958,0.480,-2.848,-0.838,0.000,0.000,1.592,0.030,2,NULL,NULL,,1,0,1,7,255,,250,0,0
stim,8085,8085,0,400054.420,0.797,-0.213,-0.032,0.564,3051,0,0,0,0,228,0,141,20,0.031,96,0,16.514,2.888,2.640,16.300,-0.220,-0.281,-0.014,0.958,0.480,-2.848,-0.836,0.000,0.000,1.592,0.030,2,NULL,NULL,,1,0,1,7,255,,250,0,0
stim,8085,8085,0,400059.422,0.797,-0.213,-0.032,0.564,3059,0,0,0,0,235,0,143,20,0.031,96,0,16.515,2.882,2.640,16.300,-0.280,-0.283,-0.015,0.958,0.478,-2.842,-0.836,0.000,0.000,1.592,0.030,2,NULL,NULL,,1,0,1,7,255,,250,0,0
stim,8085,8085,0,400064.420,0.797,-0.213,-0.032,0.564,3048,0,0,0,0,231,0,145,20,0.031,96,0,16.527,2.882,2.700,16.300,-0.400,-0.282,-0.014,0.958,0.478,-2.842,-0.836,0.000,0.000,1.592,0.030,2,NULL,NULL,,1,0,1,7,255,,250,0,0
stim,8085,8085,0,400069.420,0.797,-0.213,-0.031,0.565,3091,0,0,0,0,222,0,141,20,0.031,96,0,16.527,2.876,2.700,16.300,-0.400,-0.282,-0.013,0.958,0.480,-2.836,-0.836,0.000,0.000,1.592,0.030,2,NULL,NULL,,1,0,1,7,255,,250,0,0
stim,8095,8095,0,400074.422,0.797,-0.213,-0.031,0.565,3051,0,0,0,0,223,0,139,20,0.031,96,0,16.527,2.883,2.700,16.300,-0.400,-0.281,-0.013,0.958,0.482,-2.842,-0.838,0.000,0.000,1.592,0.030,2,NULL,NULL,,1,0,1,7,255,,250,0,0
stim,8115,8115,0,400079.420,0.797,-0.213,-0.031,0.565,3055,0,0,0,0,215,0,135,20,0.031,96,0,16.529,2.885,2.700,16.300,-0.460,-0.281,-0.013,0.959,0.484,-2.844,-0.834,0.000,0.000,1.592,0.030,2,NULL,NULL,,1,0,1,7,255,,250,0,0
stim,8115,8115,0,400084.420,0.797,-0.213,-0.031,0.565,3061,0,0,0,0,219,0,139,20,0.031,96,0,16.529,2.889,2.700,16.300,-0.460,-0.281,-0.014,0.959,0.484,-2.848,-0.832,0.000,0.000,1.592,0.030,2,NULL,NULL,,1,0,1,7,255,,250,0,0
stim,8115,8115,0,400089.420,0.797,-0.213,-0.031,0.565,3052,0,0,0,0,231,0,141,20,0.031,96,0,16.578,2.888,2.640,16.360,-0.460,-0.282,-0.014,0.958,0.482,-2.848,-0.832,0.000,0.000,1.592,0.030,2,NULL,NULL,,1,0,1,7,255,,250,0,0
stim,8115,8115,0,400094.421,0.797,-0.213,-0.031,0.565,3060,0,0,0,0,221,0,147,20,0.031,96,0,16.578,2.889,2.640,16.360,-0.460,-0.281,-0.014,0.958,0.476,-2.850,-0.838,0.000,0.000,1.592,0.030,2,NULL,NULL,,1,0,1,7,255,,250,0,0
stim,8115,8115,0,400099.420,0.797,-0.213,-0.031,0.565,3076,0,0,0,0,238,0,145,20,0.031,96,0,16.580,2.889,2.640,16.360,-0.520,-0.281,-0.013,0.959,0.476,-2.850,-0.838,0.000,0.000,1.592,0.030,2,NULL,NULL,,1,0,1,7,255,,250,0,0
stim,8127,8127,0,400104.420,0.797,-0.213,-0.031,0.565,3049,0,0,0,0,233,0,144,20,0.031,96,0,16.500,2.890,2.520,16.300,-0.460,-0.281,-0.013,0.958,0.482,-2.850,-0.840,0.000,0.000,1.592,0.030,2,NULL,NULL,,1,0,1,7,255,,250,0,0
stim,8127,8127,0,400109.420,0.797,-0.213,-0.031,0.565,3054,0,0,0,0,238,0,145,20,0.031,96,0,16.569,2.892,2.580,16.360,-0.460,-0.280,-0.015,0.958,0.482,-2.852,-0.840,0.000,0.000,1.592,0.030,2,NULL,NULL,,1,0,1,7,255,,250,0,0
stim,8159,8159,0,400114.422,0.797,-0.213,-0.031,0.565,3063,0,0,0,0,229,0,145,20,0.031,96,0,16.576,2.888,2.640,16.360,-0.400,-0.281,-0.015,0.957,0.470,-2.850,-0.842,0.000,0.000,1.592,0.030,2,NULL,NULL,,1,0,1,7,255,,250,0,0
stim,8192,8192,0,400119.420,0.797,-0.213,-0.031,0.565,3084,0,0,0,0,230,0,139,20,0.031,96,0,16.566,2.888,2.580,16.360,-0.340,-0.281,-0.015,0.958,0.470,-2.850,-0.842,0.000,0.000,1.592,0.030,2,NULL,NULL,,1,0,1,7,255,,250,0,0
stim,8192,8192,0,400124.420,0.797,-0.213,-0.031,0.565,3053,0,0,0,0,233,0,141,20,0.031,96,0,16.517,2.888,2.640,16.300,-0.400,-0.281,-0.015,0.958,0.468,-2.850,-0.844,0.000,0.000,1.592,0.030,2,NULL,NULL,,1,0,1,7,255,,250,0,0
stim,8192,8192,0,400129.420,0.797,-0.213,-0.031,0.565,3079,0,0,0,0,231,0,146,20,0.031,96,0,16.576,2.888,2.640,16.360,-0.400,-0.281,-0.016,0.958,0.468,-2.850,-0.844,0.000,0.000,1.592,0.030,2,NULL,NULL,,1,0,1,7,255,,250,0,0
stim,8192,8192,0,400134.422,0.797,-0.213,-0.031,0.565,3051,0,0,0,0,229,0,152,20,0.031,96,0,16.526,2.889,2.700,16.300,-0.340,-0.281,-0.016,0.958,0.462,-2.852,-0.844,0.000,0.000,1.592,0.030,2,NULL,NULL,,1,0,1,7,255,,250,0,0
stim,8192,8192,0,400139.420,0.797,-0.213,-0.031,0.565,3087,0,0,0,0,233,0,142,20,0.031,96,0,16.584,2.889,2.700,16.360,-0.280,-0.282,-0.014,0.958,0.462,-2.852,-0.836,0.000,0.000,1.592,0.030,2,NULL,NULL,,1,0,1,7,255,,250,0,0
stim,8192,8192,0,400144.420,0.797,-0.213,-0.031,0.565,3049,0,0,0,0,237,0,139,20,0.031,96,0,16.526,2.887,2.700,16.300,-0.340,-0.283,-0.013,0.958,0.472,-2.848,-0.834,0.000,0.000,1.592,0.030,2,NULL,NULL,,1,0,1,7,255,,250,0,0
stim,8192,8192,0,400149.420,0.797,-0.213,-0.031,0.565,3053,0,0,0,0,228,0,140,20,0.031,96,0,16.526,2.886,2.700,16.300,-0.340,-0.282,-0.014,0.958,0.476,-2.846,-0.834,0.000,0.000,1.592,0.030,2,NULL,NULL,,1,0,1,7,255,,250,0,0
stim,8192,8192,0,400154.420,0.797,-0.213,-0.031,0.565,3049,0,0,0,0,240,0,145,20,0.031,96,0,16.468,2.876,2.700,16.240,-0.400,-0.283,-0.013,0.958,0.476,-2.836,-0.832,0.000,0.000,1.592,0.030,2,NULL,NULL,,1,0,1,7,255,,250,0,0
stim,8192,8192,0,400159.420,0.797,-0.213,-0.031,0.565,3052,0,0,0,0,239,0,146,20,0.031,96,0,16.527,2.880,2.700,16.300,-0.400,-0.282,-0.014,0.958,0.476,-2.840,-0.834,0.000,0.000,1.592,0.030,2,NULL,NULL,,1,0,1,7,255,,250,0,0
stim,8192,8192,0,400164.422,0.797,-0.213,-0.031,0.565,3059,0,0,0,0,239,0,140,20,0.031,96,0,16.529,2.880,2.700,16.300,-0.460,-0.282,-0.013,0.958,0.476,-2.840,-0.834,0.000,0.000,1.592,0.030,2,NULL,NULL,,1,0,1,7,255,,250,0,0
stim,8192,8192,0,400169.420,0.797,-0.213,-0.031,0.565,3053,0,0,0,0,237,0,142,20,0.031,96,0,16.508,2.883,2.580,16.300,-0.400,-0.282,-0.014,0.958,0.474,-2.844,-0.834,0.000,0.000,1.592,0.030,2,NULL,NULL,,1,0,1,7,255,,250,0,0
stim,8215,8215,0,400174.420,0.797,-0.213,-0.031,0.565,3081,0,0,0,0,239,0,144,20,0.031,96,0,16.508,2.885,2.580,16.300,-0.400,-0.280,-0.014,0.958,0.474,-2.846,-0.834,0.000,0.000,1.592,0.030,2,NULL,NULL,,1,0,1,7,255,,250,0,0
stim,8215,8215,0,400179.420,0.797,-0.213,-0.031,0.565,3094,0,0,0,0,243,0,141,20,0.031,96,0,16.517,2.885,2.640,16.300,-0.400,-0.281,-0.014,0.957,0.474,-2.846,-0.850,0.000,0.000,1.592,0.030,2,NULL,NULL,,1,0,1,7,255,,250,0,0
stim,8215,8215,0,400184.421,0.797,-0.213,-0.031,0.565,3053,0,0,0,0,251,0,141,20,0.031,96,0,16.509,2.893,2.580,16.300,-0.460,-0.280,-0.014,0.958,0.474,-2.854,-0.850,0.000,0.000,1.592,0.030,2,NULL,NULL,,1,0,1,7,255,,250,0,0
stim,8215,8215,0,400189.421,0.797,-0.213,-0.031,0.565,3051,0,0,0,0,244,0,140,20,0.031,96,0,16.519,2.895,2.640,16.300,-0.460,-0.280,-0.015,0.958,0.474,-2.856,-0.846,0.000,0.000,1.592,0.030,2,NULL,NULL,,1,0,1,7,255,,250,0,0
stim,8218,8218,0,400194.422,0.797,-0.213,-0.031,0.565,3053,0,0,0,0,243,0,140,20,0.031,96,0,16.576,2.895,2.640,16.360,-0.400,-0.280,-0.014,0.957,0.474,-2.856,-0.846,0.000,0.000,1.592,0.030,2,NULL,NULL,,1,0,1,7,255,,250,0,0
stim,8218,8218,0,400199.420,0.797,-0.213,-0.031,0.565,3055,0,0,0,0,245,0,147,20,0.031,96,0,16.584,2.892,2.700,16.360,-0.280,-0.280,-0.015,0.957,0.470,-2.854,-0.854,0.000,0.000,1.592,0.030,2,NULL,NULL,,1,0,1,7,255,,250,0,0
stim,8218,8218,0,400204.420,0.797,-0.213,-0.031,0.565,3060,0,0,0,0,245,0,143,20,0.031,96,0,16.584,2.889,2.700,16.360,-0.280,-0.281,-0.014,0.958,0.472,-2.850,-0.854,0.000,0.000,1.592,0.030,2,NULL,NULL,,1,0,1,7,255,,250,0,0
stim,8218,8218,0,400209.420,0.797,-0.213,-0.031,0.565,3087,0,0,0,0,249,0,141,20,0.031,96,0,16.594,2.883,2.760,16.360,-0.280,-0.282,-0.013,0.958,0.472,-2.844,-0.844,0.000,0.000,1.592,0.030,2,NULL,NULL,,1,0,1,7,255,,250,0,0
stim,8271,8271,0,400214.422,0.796,-0.213,-0.031,0.565,3061,0,0,0,0,245,0,145,20,0.031,96,0,16.576,2.879,2.640,16.360,-0.400,-0.282,-0.014,0.958,0.472,-2.840,-0.842,0.000,0.000,1.592,0.030,2,NULL,NULL,,1,0,1,7,255,,250,0,0
stim,8271,8271,0,400219.420,0.796,-0.213,-0.031,0.565,3052,0,0,0,0,240,0,145,20,0.031,96,0,16.575,2.879,2.640,16.360,-0.340,-0.282,-0.014,0.958,0.470,-2.840,-0.838,0.000,0.000,1.592,0.030,2,NULL,NULL,,1,0,1,7,255,,250,0,0
stim,8271,8271,0,400224.420,0.796,-0.213,-0.031,0.565,3062,0,0,0,0,241,0,149,20,0.031,96,0,16.567,2.879,2.580,16.360,-0.400,-0.282,-0.013,0.958,0.470,-2.840,-0.834,0.000,0.000,1.592,0.030,2,NULL,NULL,,1,0,1,7,255,,250,0,0
stim,8271,8271,0,400229.420,0.796,-0.213,-0.031,0.565,3053,0,0,0,0,239,0,139,20,0.031,96,0,16.567,2.884,2.580,16.360,-0.400,-0.282,-0.014,0.959,0.468,-2.846,-0.834,0.000,0.000,1.592,0.030,2,NULL,NULL,,1,0,1,7,255,,250,0,0
stim,8287,8287,0,400234.420,0.796,-0.213,-0.031,0.565,3061,0,0,0,0,249,0,141,20,0.031,96,0,16.586,2.886,2.700,16.360,-0.400,-0.281,-0.015,0.958,0.466,-2.848,-0.834,0.000,0.000,1.592,0.030,2,NULL,NULL,,1,0,1,7,255,,250,0,0
stim,8287,8287,0,400239.422,0.796,-0.213,-0.031,0.565,3059,0,0,0,0,251,0,146,20,0.031,96,0,16.588,2.888,2.700,16.360,-0.460,-0.280,-0.015,0.958,0.466,-2.850,-0.844,0.000,0.000,1.592,0.030,2,NULL,NULL,,1,0,1,7,255,,250,0,0
stim,8287,8287,0,400244.420,0.796,-0.213,-0.031,0.565,3048,0,0,0,0,245,0,142,20,0.031,96,0,16.586,2.889,2.700,16.360,-0.400,-0.281,-0.015,0.958,0.462,-2.852,-0.844,0.000,0.000,1.592,0.030,2,NULL,NULL,,1,0,1,7,255,,250,0,0
stim,8287,8287,0,400249.420,0.796,-0.213,-0.031,0.565,3053,0,0,0,0,246,0,145,20,0.031,96,0,16.527,2.890,2.700,16.300,-0.400,-0.280,-0.014,0.957,0.466,-2.852,-0.850,0.000,0.000,1.592,0.030,2,NULL,NULL,,1,0,1,7,255,,250,0,0
stim,8287,8287,0,400254.420,0.796,-0.213,-0.031,0.565,3053,0,0,0,0,246,0,141,20,0.031,96,0,16.585,2.890,2.700,16.360,-0.340,-0.281,-0.013,0.958,0.468,-2.852,-0.844,0.000,0.000,1.592,0.030,2,NULL,NULL,,1,0,1,7,255,,250,0,0
stim,8287,8287,0,400259.420,0.796,-0.213,-0.031,0.565,3087,0,0,0,0,245,0,147,20,0.031,96,0,16.578,2.884,2.640,16.360,-0.460,-0.282,-0.014,0.958,0.468,-2.846,-0.840,0.000,0.000,1.592,0.030,2,NULL,NULL,,1,0,1,7,255,,250,0,0
stim,8287,8287,0,400264.421,0.796,-0.213,-0.031,0.565,3051,0,0,0,0,249,0,142,20,0.031,96,0,16.576,2.884,2.640,16.360,-0.400,-0.281,-0.015,0.959,0.466,-2.846,-0.838,0.000,0.000,1.592,0.030,2,NULL,NULL,,1,0,1,7,255,,250,0,0
stim,8287,8287,0,400269.420,0.796,-0.213,-0.031,0.565,3051,0,0,0,0,247,0,141,20,0.031,96,0,16.576,2.884,2.640,16.360,-0.400,-0.281,-0.014,0.957,0.466,-2.846,-0.838,0.000,0.000,1.592,0.030,2,NULL,NULL,,1,0,1,7,255,,250,0,0
stim,8287,8287,0,400274.421,0.796,-0.213,-0.031,0.565,3063,0,0,0,0,246,0,141,20,0.031,96,0,16.576,2.884,2.640,16.360,-0.400,-0.281,-0.014,0.957,0.466,-2.846,-0.848,0.000,0.000,1.592,0.030,2,NULL,NULL,,1,0,1,7,255,,250,0,0
stim,8287,8287,0,400279.420,0.796,-0.213,-0.031,0.565,3052,0,0,0,0,246,0,141,20,0.031,96,0,16.586,2.884,2.700,16.360,-0.400,-0.281,-0.014,0.958,0.468,-2.846,-0.848,0.000,0.000,1.592,0.030,2,NULL,NULL,,1,0,1,7,255,,250,0,0
stim,8303,8303,0,400284.420,0.796,-0.213,-0.031,0.565,3052,0,0,0,0,244,0,141,20,0.031,96,0,16.585,2.894,2.700,16.360,-0.340,-0.280,-0.014,0.958,0.470,-2.856,-0.846,0.000,0.000,1.592,0.030,2,NULL,NULL,,1,0,1,7,255,,250,0,0
stim,8303,8303,0,400289.420,0.796,-0.213,-0.031,0.565,3054,0,0,0,0,247,0,140,20,0.031,96,0,16.575,2.894,2.640,16.360,-0.340,-0.281,-0.015,0.958,0.470,-2.856,-0.844,0.000,0.000,1.592,0.030,2,NULL,NULL,,1,0,1,7,255,,250,0,0
stim,8319,8319,0,400294.420,0.796,-0.213,-0.031,0.565,3063,0,0,0,0,249,0,143,20,0.031,96,0,16.516,2.887,2.640,16.300,-0.340,-0.282,-0.015,0.956,0.460,-2.850,-0.846,0.000,0.000,1.592,0.030,2,NULL,NULL,,1,0,1,7,255,,250,0,0
stim,8319,8319,0,400299.420,0.796,-0.213,-0.031,0.565,3051,0,0,0,0,251,0,141,20,0.031,96,0,16.586,2.877,2.700,16.360,-0.400,-0.282,-0.014,0.957,0.460,-2.840,-0.850,0.000,0.000,1.592,0.030,2,NULL,NULL,,1,0,1,7,255,,250,0,0
stim,8338,8338,0,400304.420,0.796,-0.213,-0.031,0.565,3063,0,0,0,0,249,0,141,20,0.031,96,0,16.516,2.876,2.640,16.300,-0.340,-0.282,-0.015,0.958,0.456,-2.840,-0.850,0.000,0.000,1.592,0.030,2,NULL,NULL,,1,0,1,7,255,,250,0,0
stim,8338,8338,0,400309.420,0.796,-0.213,-0.031,0.565,3065,0,0,0,0,247,0,141,20,0.031,96,0,16.515,2.879,2.640,16.300,-0.280,-0.283,-0.014,0.958,0.460,-2.842,-0.840,0.000,0.000,1.592,0.030,2,NULL,NULL,,1,0,1,7,255,,250,0,0
stim,8367,8367,0,400314.422,0.796,-0.213,-0.031,0.565,3048,0,0,0,0,252,0,142,20,0.031,96,0,16.516,2.882,2.640,16.300,-0.340,-0.281,-0.013,0.959,0.466,-2.844,-0.832,0.000,0.000,1.592,0.030,2,NULL,NULL,,1,0,1,7,255,,250,0,0
stim,8383,8383,0,400319.420,0.796,-0.213,-0.031,0.565,3065,0,0,0,0,250,0,145,20,0.031,96,0,16.527,2.883,2.700,16.300,-0.400,-0.281,-0.013,0.957,0.472,-2.844,-0.832,0.000,0.000,1.592,0.030,2,NULL,NULL,,1,0,1,7,255,,250,0,0
stim,8383,8383,0,400324.420,0.796,-0.213,-0.031,0.565,3054,0,0,0,0,248,0,140,20,0.031,96,0,16.569,2.891,2.580,16.360,-0.460,-0.282,-0.013,0.959,0.474,-2.852,-0.832,0.000,0.000,1.592,0.030,2,NULL,NULL,,1,0,1,7,255,,250,0,0
stim,8383,8383,0,400329.420,0.796,-0.213,-0.031,0.565,3053,0,0,0,0,249,0,139,20,0.031,96,0,16.508,2.883,2.580,16.300,-0.400,-0.281,-0.013,0.957,0.474,-2.844,-0.848,0.000,0.000,1.592,0.030,2,NULL,NULL,,1,0,1,7,255,,250,0,0
stim,8383,8383,0,400334.420,0.796,-0.213,-0.031,0.565,3052,0,0,0,0,260,0,141,20,0.031,96,0,16.586,2.891,2.700,16.360,-0.400,-0.281,-0.014,0.958,0.474,-2.852,-0.846,0.000,0.000,1.592,0.030,2,NULL,NULL,,1,0,1,7,255,,250,0,0
stim,8383,8383,0,400339.422,0.796,-0.213,-0.031,0.565,3053,0,0,0,0,239,0,145,20,0.031,96,0,16.516,2.890,2.640,16.300,-0.340,-0.281,-0.014,0.958,0.468,-2.852,-0.846,0.000,0.000,1.592,0.030,2,NULL,NULL,,1,0,1,7,255,,250,0,0
stim,8383,8383,0,400344.420,0.796,-0.213,-0.031,0.565,3057,0,0,0,0,245,0,142,20,0.031,96,0,16.576,2.889,2.640,16.360,-0.400,-0.281,-0.014,0.957,0.464,-2.852,-0.846,0.000,0.000,1.592,0.030,2,NULL,NULL,,1,0,1,7,255,,250,0,0
stim,8383,8383,0,400349.420,0.796,-0.213,-0.031,0.565,3056,0,0,0,0,245,0,145,20,0.031,96,0,16.519,2.889,2.640,16.300,-0.460,-0.281,-0.014,0.958,0.464,-2.852,-0.840,0.000,0.000,1.592,0.030,2,NULL,NULL,,1,0,1,7,255,,250,0,0
stim,8383,8383,0,400354.420,0.796,-0.213,-0.031,0.565,3051,0,0,0,0,245,0,141,20,0.031,96,0,16.576,2.889,2.640,16.360,-0.400,-0.281,-0.014,0.958,0.464,-2.852,-0.840,0.000,0.000,1.592,0.030,2,NULL,NULL,,1,0,1,7,255,,250,0,0
stim,8383,8383,0,400359.420,0.796,-0.213,-0.031,0.565,3055,0,0,0,0,247,0,140,20,0.031,96,0,16.567,2.889,2.580,16.360,-0.400,-0.281,-0.015,0.958,0.464,-2.852,-0.840,0.000,0.000,1.592,0.030,2,NULL,NULL,,1,0,1,7,255,,250,0,0
stim,8399,8399,0,400364.421,0.796,-0.213,-0.031,0.565,3065,0,0,0,0,253,0,140,20,0.031,96,0,16.586,2.892,2.700,16.360,-0.400,-0.280,-0.014,0.958,0.466,-2.854,-0.840,0.000,0.000,1.592,0.030,2,NULL,NULL,,1,0,1,7,255,,250,0,0
stim,8399,8399,0,400369.420,0.796,-0.213,-0.031,0.565,3089,0,0,0,0,240,0,141,20,0.031,96,0,16.558,2.891,2.520,16.360,-0.400,-0.282,-0.014,0.958,0.458,-2.854,-0.840,0.000,0.000,1.592,0.030,2,NULL,NULL,,1,0,1,7,255,,250,0,0
stim,8399,8399,0,400374.422,0.796,-0.213,-0.031,0.565,3087,0,0,0,0,244,0,149,20,0.031,96,0,16.566,2.897,2.580,16.360,-0.340,-0.281,-0.015,0.958,0.460,-2.860,-0.840,0.000,0.000,1.592,0.030,2,NULL,NULL,,1,0,1,7,255,,250,0,0
stim,8399,8399,0,400379.420,0.796,-0.213,-0.031,0.565,3063,0,0,0,0,242,0,149,20,0.031,96,0,16.508,2.897,2.580,16.300,-0.400,-0.281,-0.014,0.959,0.460,-2.860,-0.838,0.000,0.000,1.592,0.030,2,NULL,NULL,,1,0,1,7,255,,250,0,0
stim,8415,8415,0,400384.420,0.796,-0.213,-0.031,0.565,3052,0,0,0,0,261,0,141,20,0.031,96,0,16.576,2.897,2.640,16.360,-0.400,-0.282,-0.015,0.958,0.460,-2.860,-0.838,0.000,0.000,1.592,0.030,2,NULL,NULL,,1,0,1,7,255,,250,0,0
stim,8415,8415,0,400389.420,0.796,-0.213,-0.031,0.566,3051,0,0,0,0,249,0,141,20,0.031,96,0,16.576,2.888,2.640,16.360,-0.400,-0.282,-0.014,0.958,0.464,-2.850,-0.834,0.000,0.000,1.592,0.030,2,NULL,NULL,,1,0,1,7,255,,250,0,0
stim,8415,8415,0,400394.420,0.796,-0.213,-0.031,0.566,3063,0,0,0,0,242,0,143,20,0.031,96,0,16.578,2.886,2.640,16.360,-0.460,-0.282,-0.015,0.958,0.456,-2.850,-0.832,0.000,0.000,1.592,0.030,2,NULL,NULL,,1,0,1,7,255,,250,0,0
stim,8415,8415,0,400399.420,0.796,-0.213,-0.031,0.566,3069,0,0,0,0,233,0,139,20,0.031,96,0,16.578,2.889,2.640,16.360,-0.460,-0.281,-0.014,0.958,0.462,-2.852,-0.832,0.000,0.000,1.592,0.030,2,NULL,NULL,,1,0,1,7,255,,250,0,0
stim,8431,8431,0,400404.420,0.796,-0.213,-0.031,0.566,3052,0,0,0,0,235,0,140,20,0.031,96,0,16.569,2.893,2.580,16.360,-0.460,-0.281,-0.015,0.959,0.460,-2.856,-0.834,0.000,0.000,1.592,0.030,2,NULL,NULL,,1,0,1,7,255,,250,0,0
stim,8431,8431,0,400409.420,0.796,-0.213,-0.031,0.566,3056,0,0,0,0,219,0,139,20,0.031,96,0,16.570,2.893,2.580,16.360,-0.520,-0.281,-0.014,0.958,0.462,-2.856,-0.836,0.000,0.000,1.592,0.030,2,NULL,NULL,,1,0,1,7,255,,250,0,0
stim,8463,8463,0,400414.421,0.796,-0.213,-0.031,0.566,3064,0,0,0,0,233,0,145,20,0.031,96,0,16.569,2.893,2.580,16.360,-0.460,-0.281,-0.012,0.958,0.462,-2.856,-0.836,0.000,0.000,1.592,0.030,2,NULL,NULL,,1,0,1,7,255,,250,0,0
stim,8479,8479,0,400419.421,0.796,-0.213,-0.031,0.566,3091,0,0,0,0,231,0,147,20,0.031,96,0,16.640,2.883,2.520,16.440,-0.520,-0.282,-0.014,0.958,0.462,-2.846,-0.840,0.000,0.000,1.592,0.030,2,NULL,NULL,,1,0,1,7,255,,250,0,0
stim,8479,8479,0,400424.420,0.796,-0.213,-0.031,0.566,3053,0,0,0,0,230,0,140,20,0.031,96,0,16.572,2.882,2.580,16.360,-0.580,-0.282,-0.015,0.957,0.456,-2.846,-0.840,0.000,0.000,1.592,0.030,2,NULL,NULL,,1,0,1,7,255,,250,0,0
stim,8479,8479,0,400429.420,0.796,-0.213,-0.031,0.566,3074,0,0,0,0,219,0,145,20,0.031,96,0,16.591,2.880,2.700,16.360,-0.580,-0.282,-0.014,0.957,0.456,-2.844,-0.844,0.000,0.000,1.592,0.030,2,NULL,NULL,,1,0,1,7,255,,250,0,0
stim,8480,8480,0,400434.420,0.796,-0.213,-0.031,0.566,3081,0,0,0,0,244,0,145,20,0.031,96,0,16.591,2.882,2.700,16.360,-0.580,-0.282,-0.013,0.958,0.456,-2.846,-0.844,0.000,0.000,1.592,0.030,2,NULL,NULL,,1,0,1,7,255,,250,0,0
stim,8480,8480,0,400439.421,0.796,-0.213,-0.031,0.566,3054,0,0,0,0,216,0,145,20,0.031,96,0,16.654,2.886,2.580,16.440,-0.640,-0.281,-0.013,0.958,0.468,-2.848,-0.838,0.000,0.000,1.592,0.030,2,NULL,NULL,,1,0,1,7,255,,250,0,0
stim,8481,8481,0,400444.420,0.796,-0.213,-0.031,0.566,3063,0,0,0,0,229,0,145,20,0.031,96,0,16.504,2.894,2.520,16.300,-0.580,-0.281,-0.014,0.958,0.468,-2.856,-0.838,0.000,0.000,1.592,0.030,2,NULL,NULL,,1,0,1,7,255,,250,0,0
stim,8481,8481,0,400449.420,0.796,-0.213,-0.031,0.566,3054,0,0,0,0,222,0,141,20,0.031,96,0,16.633,2.893,2.460,16.440,-0.580,-0.281,-0.016,0.958,0.462,-2.856,-0.842,0.000,0.000,1.592,0.030,2,NULL,NULL,,1,0,1,7,255,,250,0,0
stim,8481,8481,0,400454.420,0.796,-0.213,-0.031,0.566,3064,0,0,0,0,235,0,141,20,0.031,96,0,16.654,2.897,2.580,16.440,-0.640,-0.280,-0.016,0.957,0.450,-2.862,-0.844,0.000,0.000,1.592,0.030,2,NULL,NULL,,1,0,1,7,255,,250,0,0
stim,8481,8481,0,400459.420,0.796,-0.213,-0.031,0.566,3061,0,0,0,0,247,0,141,20,0.031,96,0,16.570,2.897,2.580,16.360,-0.520,-0.280,-0.015,0.957,0.450,-2.862,-0.854,0.000,0.000,1.592,0.030,2,NULL,NULL,,1,0,1,7,255,,250,0,0
stim,8496,8496,0,400464.422,0.796,-0.213,-0.031,0.566,3049,0,0,0,0,263,0,147,20,0.031,96,0,16.559,2.899,2.520,16.360,-0.460,-0.280,-0.016,0.958,0.450,-2.864,-0.854,0.000,0.000,1.592,0.030,2,NULL,NULL,,1,0,1,7,255,,250,0,0
stim,8496,8496,0,400469.420,0.796,-0.213,-0.031,0.566,3062,0,0,0,0,233,0,143,20,0.031,96,0,16.556,2.896,2.520,16.360,-0.340,-0.282,-0.014,0.958,0.454,-2.860,-0.850,0.000,0.000,1.592,0.030,2,NULL,NULL,,1,0,1,7,255,,250,0,0
stim,8498,8498,0,400474.420,0.796,-0.213,-0.031,0.566,3053,0,0,0,0,226,0,141,20,0.031,96,0,16.567,2.885,2.580,16.360,-0.400,-0.282,-0.014,0.958,0.458,-2.848,-0.842,0.000,0.000,1.592,0.030,2,NULL,NULL,,1,0,1,7,255,,250,0,0
stim,8498,8498,0,400479.420,0.796,-0.213,-0.031,0.566,3051,0,0,0,0,229,0,143,20,0.031,96,0,16.558,2.885,2.520,16.360,-0.400,-0.282,-0.015,0.958,0.458,-2.848,-0.838,0.000,0.000,1.592,0.030,2,NULL,NULL,,1,0,1,7,255,,250,0,0
stim,8498,8498,0,400484.420,0.796,-0.213,-0.031,0.566,3064,0,0,0,0,233,0,137,20,0.031,96,0,16.559,2.889,2.520,16.360,-0.460,-0.282,-0.013,0.959,0.458,-2.852,-0.838,0.000,0.000,1.592,0.030,2,NULL,NULL,,1,0,1,7,255,,250,0,0
stim,8498,8498,0,400489.420,0.796,-0.213,-0.031,0.566,3067,0,0,0,0,231,0,145,20,0.031,96,0,16.580,2.892,2.640,16.360,-0.520,-0.281,-0.014,0.959,0.466,-2.854,-0.832,0.000,0.000,1.592,0.030,2,NULL,NULL,,1,0,1,7,255,,250,0,0
stim,8511,8511,0,400494.420,0.796,-0.213,-0.031,0.566,3055,0,0,0,0,231,0,141,20,0.031,96,0,16.529,2.892,2.700,16.300,-0.460,-0.282,-0.014,0.957,0.466,-2.854,-0.832,0.000,0.000,1.592,0.030,2,NULL,NULL,,1,0,1,7,255,,250,0,0
stim,8511,8511,0,400499.420,0.796,-0.213,-0.031,0.566,3095,0,0,0,0,233,0,139,20,0.031,96,0,16.515,2.883,2.640,16.300,-0.280,-0.282,-0.014,0.958,0.460,-2.846,-0.836,0.000,0.000,1.592,0.030,2,NULL,NULL,,1,0,1,7,255,,250,0,0
stim,8531,8531,0,400504.420,0.796,-0.213,-0.031,0.566,3061,0,0,0,0,233,0,140,20,0.031,96,0,16.516,2.881,2.640,16.300,-0.340,-0.283,-0.013,0.958,0.460,-2.844,-0.836,0.000,0.000,1.592,0.030,2,NULL,NULL,,1,0,1,7,255,,250,0,0
stim,8531,8531,0,400509.420,0.796,-0.213,-0.031,0.566,3059,0,0,0,0,229,0,147,20,0.031,96,0,16.521,2.875,2.640,16.300,-0.520,-0.282,-0.012,0.958,0.460,-2.838,-0.834,0.000,0.000,1.592,0.030,2,NULL,NULL,,1,0,1,7,255,,250,0,0
stim,8565,8565,0,400514.422,0.796,-0.213,-0.031,0.566,3064,0,0,0,0,245,0,138,20,0.031,96,0,16.527,2.877,2.640,16.300,-0.700,-0.282,-0.013,0.959,0.472,-2.838,-0.834,0.000,0.000,1.592,0.030,2,NULL,NULL,,1,0,1,7,255,,250,0,0
stim,8575,8575,0,400519.420,0.796,-0.213,-0.031,0.566,3055,0,0,0,0,229,0,141,20,0.031,96,0,16.515,2.889,2.580,16.300,-0.640,-0.279,-0.015,0.959,0.472,-2.850,-0.834,0.000,0.000,1.592,0.030,2,NULL,NULL,,1,0,1,7,255,,250,0,0
stim,8575,8575,0,400524.422,0.796,-0.213,-0.031,0.566,3055,0,0,0,0,231,0,141,20,0.031,96,0,16.516,2.901,2.640,16.300,-0.340,-0.280,-0.015,0.957,0.464,-2.864,-0.842,0.000,0.000,1.592,0.030,2,NULL,NULL,,1,0,1,7,255,,250,0,0
stim,8575,8575,0,400529.420,0.796,-0.213,-0.031,0.566,3059,0,0,0,0,215,0,140,20,0.031,96,0,16.513,2.900,2.640,16.300,-0.160,-0.283,-0.014,0.958,0.456,-2.864,-0.842,0.000,0.000,1.592,0.030,2,NULL,NULL,,1,0,1,7,255,,250,0,0
stim,8595,8595,0,400534.420,0.796,-0.213,-0.031,0.566,3061,0,0,0,0,223,0,141,20,0.031,96,0,16.586,2.874,2.700,16.360,-0.400,-0.283,-0.013,0.958,0.456,-2.838,-0.836,0.000,0.000,1.592,0.030,2,NULL,NULL,,1,0,1,7,255,,250,0,0
stim,8595,8595,0,400539.420,0.796,-0.213,-0.031,0.566,3056,0,0,0,0,228,0,140,20,0.031,96,0,16.572,2.876,2.580,16.360,-0.580,-0.282,-0.013,0.958,0.466,-2.838,-0.834,0.000,0.000,1.592,0.030,2,NULL,NULL,,1,0,1,7,255,,250,0,0
stim,8595,8595,0,400544.420,0.796,-0.213,-0.031,0.566,3052,0,0,0,0,228,0,147,20,0.031,96,0,16.495,2.886,2.460,16.300,-0.580,-0.280,-0.017,0.958,0.466,-2.848,-0.834,0.000,0.000,1.592,0.030,2,NULL,NULL,,1,0,1,7,255,,250,0,0
stim,8595,8595,0,400549.420,0.796,-0.213,-0.031,0.566,3081,0,0,0,0,227,0,144,20,0.031,96,0,16.546,2.905,2.460,16.360,-0.280,-0.279,-0.015,0.958,0.460,-2.868,-0.846,0.000,0.000,1.592,0.030,2,NULL,NULL,,1,0,1,7,255,,250,0,0
stim,8595,8595,0,400554.420,0.796,-0.213,-0.031,0.566,3057,0,0,0,0,237,0,139,20,0.031,96,0,16.495,2.904,2.520,16.300,-0.220,-0.282,-0.014,0.957,0.454,-2.868,-0.846,0.000,0.000,1.592,0.030,2,NULL,NULL,,1,0,1,7,255,,250,0,0
stim,8595,8595,0,400559.420,0.796,-0.213,-0.031,0.566,3060,0,0,0,0,238,0,144,20,0.031,96,0,16.517,2.882,2.640,16.300,-0.400,-0.283,-0.015,0.958,0.454,-2.846,-0.846,0.000,0.000,1.592,0.030,2,NULL,NULL,,1,0,1,7,255,,250,0,0
stim,8595,8595,0,400564.422,0.796,-0.213,-0.031,0.566,3051,0,0,0,0,242,0,151,20,0.031,96,0,16.561,2.882,2.520,16.360,-0.520,-0.282,-0.013,0.958,0.454,-2.846,-0.838,0.000,0.000,1.592,0.030,2,NULL,NULL,,1,0,1,7,255,,250,0,0
stim,8595,8595,0,400569.420,0.796,-0.213,-0.031,0.566,3058,0,0,0,0,234,0,141,20,0.031,96,0,16.561,2.883,2.520,16.360,-0.520,-0.282,-0.014,0.958,0.458,-2.846,-0.834,0.000,0.000,1.592,0.030,2,NULL,NULL,,1,0,1,7,255,,250,0,0
stim,8608,8608,0,400574.420,0.796,-0.213,-0.031,0.566,3060,0,0,0,0,243,0,139,20,0.031,96,0,16.491,2.887,2.460,16.300,-0.460,-0.282,-0.015,0.957,0.458,-2.850,-0.838,0.000,0.000,1.592,0.030,2,NULL,NULL,,1,0,1,7,255,,250,0,0
stim,8608,8608,0,400579.420,0.796,-0.213,-0.031,0.566,3061,0,0,0,0,243,0,141,20,0.031,96,0,16.498,2.886,2.520,16.300,-0.400,-0.282,-0.014,0.957,0.452,-2.850,-0.844,0.000,0.000,1.592,0.030,2,NULL,NULL,,1,0,1,7,255,,250,0,0
stim,8608,8608,0,400584.420,0.796,-0.213,-0.031,0.566,3065,0,0,0,0,243,0,139,20,0.031,96,0,16.578,2.878,2.640,16.360,-0.460,-0.282,-0.014,0.958,0.452,-2.842,-0.844,0.000,0.000,1.592,0.030,2,NULL,NULL,,1,0,1,7,255,,250,0,0
stim,8608,8608,0,400589.420,0.795,-0.213,-0.031,0.566,3059,0,0,0,0,240,0,138,20,0.031,96,0,16.582,2.879,2.640,16.360,-0.580,-0.282,-0.014,0.959,0.458,-2.842,-0.840,0.000,0.000,1.592,0.030,2,NULL,NULL,,1,0,1,7,255,,250,0,0
stim,8609,8609,0,400594.420,0.795,-0.213,-0.031,0.566,3055,0,0,0,0,239,0,157,20,0.031,96,0,16.563,2.894,2.520,16.360,-0.580,-0.281,-0.015,0.959,0.458,-2.858,-0.832,0.000,0.000,1.592,0.030,2,NULL,NULL,,1,0,1,7,255,,250,0,0
stim,8609,8609,0,400599.420,0.795,-0.213,-0.031,0.566,3055,0,0,0,0,237,0,141,20,0.031,96,0,16.629,2.894,2.460,16.440,-0.460,-0.282,-0.014,0.958,0.458,-2.858,-0.832,0.000,0.000,1.592,0.030,2,NULL,NULL,,1,0,1,7,255,,250,0,0
stim,8629,8629,0,400604.420,0.795,-0.213,-0.031,0.566,3056,0,0,0,0,244,0,143,20,0.031,96,0,16.651,2.890,2.580,16.440,-0.580,-0.282,-0.014,0.958,0.456,-2.854,-0.834,0.000,0.000,1.592,0.030,2,NULL,NULL,,1,0,1,7,255,,250,0,0
stim,8629,8629,0,400609.420,0.795,-0.213,-0.031,0.566,3065,0,0,0,0,232,0,152,20,0.031,96,0,16.575,2.889,2.580,16.360,-0.640,-0.282,-0.013,0.958,0.460,-2.852,-0.834,0.000,0.000,1.592,0.030,2,NULL,NULL,,1,0,1,7,255,,250,0,0
stim,8655,8655,0,400614.424,0.795,-0.213,-0.031,0.567,3055,0,0,0,0,229,0,139,20,0.031,96,0,16.572,2.891,2.580,16.360,-0.580,-0.281,-0.014,0.959,0.460,-2.854,-0.834,0.000,0.000,1.592,0.030,2,NULL,NULL,,1,0,1,7,255,,250,0,0
stim,8674,8674,0,400619.420,0.795,-0.213,-0.031,0.567,3061,0,0,0,0,238,0,141,20,0.031,96,0,16.570,2.895,2.580,16.360,-0.520,-0.281,-0.014,0.958,0.460,-2.858,-0.834,0.000,0.000,1.592,0.030,2,NULL,NULL,,1,0,1,7,255,,250,0,0
stim,8676,8676,0,400624.422,0.795,-0.213,-0.031,0.567,3059,0,0,0,0,231,0,139,20,0.031,96,0,16.558,2.894,2.520,16.360,-0.400,-0.281,-0.014,0.957,0.458,-2.858,-0.842,0.000,0.000,1.592,0.030,2,NULL,NULL,,1,0,1,7,255,,250,0,0
stim,8676,8676,0,400629.420,0.795,-0.213,-0.031,0.567,3063,0,0,0,0,221,0,141,20,0.031,96,0,16.559,2.887,2.520,16.360,-0.460,-0.282,-0.014,0.958,0.458,-2.850,-0.842,0.000,0.000,1.592,0.030,2,NULL,NULL,,1,0,1,7,255,,250,0,0
stim,8678,8678,0,400634.420,0.795,-0.213,-0.031,0.567,3065,0,0,0,0,227,0,139,20,0.031,96,0,16.504,2.887,2.520,16.300,-0.580,-0.281,-0.013,0.958,0.458,-2.850,-0.836,0.000,0.000,1.592,0.030,2,NULL,NULL,,1,0,1,7,255,,250,0,0
stim,8678,8678,0,400639.420,0.795,-0.213,-0.031,0.567,3060,0,0,0,0,229,0,142,20,0.031,96,0,16.565,2.890,2.520,16.360,-0.640,-0.280,-0.013,0.958,0.470,-2.852,-0.836,0.000,0.000,1.592,0.030,2,NULL,NULL,,1,0,1,7,255,,250,0,0
stim,8679,8679,0,400644.420,0.795,-0.213,-0.031,0.567,3059,0,0,0,0,225,0,139,20,0.031,96,0,16.559,2.896,2.460,16.360,-0.700,-0.281,-0.016,0.957,0.470,-2.858,-0.842,0.000,0.000,1.592,0.030,2,NULL,NULL,,1,0,1,7,255,,250,0,0
stim,8679,8679,0,400649.420,0.795,-0.213,-0.031,0.567,3064,0,0,0,0,217,0,139,20,0.031,96,0,16.545,2.898,2.400,16.360,-0.580,-0.281,-0.015,0.958,0.456,-2.862,-0.842,0.000,0.000,1.592,0.030,2,NULL,NULL,,1,0,1,7,255,,250,0,0
stim,8679,8679,0,400654.420,0.795,-0.213,-0.031,0.567,3059,0,0,0,0,213,0,140,20,0.031,96,0,16.489,2.896,2.460,16.300,-0.400,-0.281,-0.016,0.958,0.442,-2.862,-0.844,0.000,0.000,1.592,0.030,2,NULL,NULL,,1,0,1,7,255,,250,0,0
stim,8679,8679,0,400659.420,0.795,-0.213,-0.031,0.567,3077,0,0,0,0,208,0,141,20,0.031,96,0,16.488,2.894,2.460,16.300,-0.340,-0.283,-0.013,0.958,0.456,-2.858,-0.838,0.000,0.000,1.592,0.030,2,NULL,NULL,,1,0,1,7,255,,250,0,0
stim,8686,8686,0,400664.422,0.795,-0.213,-0.031,0.567,3063,0,0,0,0,227,0,139,20,0.031,96,0,16.559,2.883,2.520,16.360,-0.460,-0.282,-0.013,0.958,0.460,-2.846,-0.838,0.000,0.000,1.592,0.030,2,NULL,NULL,,1,0,1,7,255,,250,0,0
stim,8686,8686,0,400669.421,0.795,-0.213,-0.031,0.567,3087,0,0,0,0,223,0,139,20,0.031,96,0,16.541,2.883,2.340,16.360,-0.700,-0.282,-0.014,0.959,0.460,-2.846,-0.836,0.000,0.000,1.592,0.030,2,NULL,NULL,,1,0,1,7,255,,250,0,0
stim,8703,8703,0,400674.422,0.795,-0.213,-0.031,0.567,3062,0,0,0,0,219,0,139,20,0.031,96,0,16.604,2.888,2.220,16.440,-0.700,-0.281,-0.016,0.958,0.456,-2.852,-0.838,0.000,0.000,1.592,0.030,2,NULL,NULL,,1,0,1,7,255,,250,0,0
stim,8703,8703,0,400679.420,0.795,-0.213,-0.031,0.567,3061,0,0,0,0,222,0,139,20,0.031,96,0,16.522,2.896,2.220,16.360,-0.640,-0.281,-0.016,0.958,0.444,-2.862,-0.840,0.000,0.000,1.592,0.030,2,NULL,NULL,,1,0,1,7,255,,250,0,0
stim,8703,8703,0,400684.420,0.795,-0.213,-0.031,0.567,3063,0,0,0,0,226,0,141,20,0.031,96,0,16.493,2.896,2.460,16.300,-0.520,-0.281,-0.015,0.956,0.444,-2.862,-0.848,0.000,0.000,1.592,0.030,2,NULL,NULL,,1,0,1,7,255,,250,0,0
stim,8703,8703,0,400689.420,0.795,-0.213,-0.031,0.567,3061,0,0,0,0,221,0,141,20,0.031,96,0,16.511,2.887,2.580,16.300,-0.520,-0.282,-0.014,0.958,0.446,-2.852,-0.840,0.000,0.000,1.592,0.030,2,NULL,NULL,,1,0,1,7,255,,250,0,0
stim,8719,8719,0,400694.420,0.795,-0.213,-0.031,0.567,3063,0,0,0,0,226,0,137,20,0.031,96,0,16.559,2.886,2.520,16.360,-0.460,-0.283,-0.014,0.959,0.454,-2.850,-0.830,0.000,0.000,1.592,0.030,2,NULL,NULL,,1,0,1,7,255,,250,0,0
stim,8719,8719,0,400699.420,0.795,-0.213,-0.031,0.567,3067,0,0,0,0,245,0,140,20,0.031,96,0,16.545,2.884,2.400,16.360,-0.580,-0.283,-0.014,0.958,0.454,-2.848,-0.828,0.000,0.000,1.592,0.030,2,NULL,NULL,,1,0,1,7,255,,250,0,0
stim,8719,8719,0,400704.420,0.795,-0.213,-0.031,0.567,3061,0,0,0,0,228,0,139,20,0.031,96,0,16.553,2.883,2.400,16.360,-0.760,-0.282,-0.013,0.958,0.458,-2.846,-0.828,0.000,0.000,1.592,0.030,2,NULL,NULL,,1,0,1,7,255,,250,0,0
stim,8719,8719,0,400709.420,0.795,-0.213,-0.031,0.567,3061,0,0,0,0,232,0,141,20,0.031,96,0,16.547,2.883,2.400,16.360,-0.640,-0.281,-0.016,0.958,0.458,-2.846,-0.830,0.000,0.000,1.592,0.030,2,NULL,NULL,,1,0,1,7,255,,250,0,0
stim,8751,8751,0,400714.421,0.795,-0.213,-0.031,0.567,3055,0,0,0,0,237,0,137,20,0.031,96,0,16.547,2.893,2.400,16.360,-0.640,-0.281,-0.015,0.958,0.450,-2.858,-0.840,0.000,0.000,1.592,0.030,2,NULL,NULL,,1,0,1,7,255,,250,0,0
stim,8783,8783,0,400719.421,0.795,-0.213,-0.031,0.567,3089,0,0,0,0,231,0,141,20,0.031,96,0,16.559,2.893,2.460,16.360,-0.700,-0.282,-0.014,0.959,0.450,-2.858,-0.840,0.000,0.000,1.592,0.030,2,NULL,NULL,,1,0,1,7,255,,250,0,0
stim,8783,8783,0,400724.422,0.795,-0.213,-0.031,0.567,3062,0,0,0,0,237,0,141,20,0.031,96,0,16.555,2.892,2.400,16.360,-0.820,-0.281,-0.015,0.958,0.454,-2.856,-0.840,0.000,0.000,1.592,0.030,2,NULL,NULL,,1,0,1,7,255,,250,0,0
stim,8783,8783,0,400729.420,0.795,-0.213,-0.031,0.567,3079,0,0,0,0,236,0,151,20,0.031,96,0,16.547,2.892,2.340,16.360,-0.820,-0.279,-0.016,0.958,0.454,-2.856,-0.846,0.000,0.000,1.592,0.030,2,NULL,NULL,,1,0,1,7,255,,250,0,0
stim,8783,8783,0,400734.420,0.795,-0.213,-0.031,0.567,3056,0,0,0,0,232,0,140,20,0.031,96,0,16.541,2.907,2.340,16.360,-0.700,-0.280,-0.017,0.958,0.450,-2.872,-0.852,0.000,0.000,1.592,0.030,2,NULL,NULL,,1,0,1,7,255,,250,0,0
stim,8783,8783,0,400739.420,0.795,-0.213,-0.031,0.567,3071,0,0,0,0,223,0,138,20,0.031,96,0,16.486,2.906,2.400,16.300,-0.580,-0.280,-0.016,0.958,0.446,-2.872,-0.852,0.000,0.000,1.592,0.030,2,NULL,NULL,,1,0,1,7,255,,250,0,0
stim,8783,8783,0,400744.420,0.795,-0.213,-0.031,0.567,3063,0,0,0,0,237,0,142,20,0.031,96,0,16.481,2.904,2.400,16.300,-0.400,-0.281,-0.015,0.957,0.446,-2.870,-0.852,0.000,0.000,1.592,0.030,2,NULL,NULL,,1,0,1,7,255,,250,0,0
stim,8783,8783,0,400749.420,0.795,-0.213,-0.031,0.567,3061,0,0,0,0,245,0,139,20,0.031,96,0,16.533,2.891,2.340,16.360,-0.460,-0.282,-0.015,0.959,0.448,-2.856,-0.850,0.000,0.000,1.592,0.030,2,NULL,NULL,,1,0,1,7,255,,250,0,0
stim,8783,8783,0,400754.420,0.795,-0.213,-0.031,0.567,3063,0,0,0,0,237,0,142,20,0.031,96,0,16.537,2.889,2.340,16.360,-0.580,-0.281,-0.014,0.958,0.450,-2.854,-0.840,0.000,0.000,1.592,0.030,2,NULL,NULL,,1,0,1,7,255,,250,0,0
stim,8783,8783,0,400759.420,0.795,-0.213,-0.031,0.567,3064,0,0,0,0,239,0,145,20,0.031,96,0,16.528,2.890,2.280,16.360,-0.580,-0.282,-0.015,0.958,0.454,-2.854,-0.834,0.000,0.000,1.592,0.030,2,NULL,NULL,,1,0,1,7,255,,250,0,0
stim,8799,8799,0,400764.422,0.795,-0.213,-0.031,0.567,3066,0,0,0,0,239,0,141,20,0.031,96,0,16.607,2.891,2.280,16.440,-0.580,-0.280,-0.015,0.958,0.458,-2.854,-0.840,0.000,0.000,1.592,0.030,2,NULL,NULL,,1,0,1,7,255,,250,0,0
stim,8799,8799,0,400769.420,0.795,-0.213,-0.031,0.567,3064,0,0,0,0,247,0,138,20,0.031,96,0,16.594,2.902,2.220,16.440,-0.400,-0.281,-0.015,0.959,0.454,-2.866,-0.834,0.000,0.000,1.592,0.030,2,NULL,NULL,,1,0,1,7,255,,250,0,0
stim,8799,8799,0,400774.420,0.795,-0.213,-0.031,0.567,3062,0,0,0,0,236,0,139,20,0.031,96,0,16.600,2.902,2.280,16.440,-0.280,-0.282,-0.015,0.958,0.454,-2.866,-0.834,0.000,0.000,1.592,0.030,2,NULL,NULL,,1,0,1,7,255,,250,0,0
stim,8815,8815,0,400779.420,0.795,-0.213,-0.031,0.567,3096,0,0,0,0,233,0,141,20,0.031,96,0,16.658,2.900,2.280,16.500,-0.160,-0.281,-0.015,0.959,0.454,-2.864,-0.834,0.000,0.000,1.592,0.030,2,NULL,NULL,,1,0,1,7,255,,250,0,0
stim,8815,8815,0,400784.420,0.795,-0.213,-0.031,0.567,3081,0,0,0,0,233,0,139,20,0.031,96,0,16.717,2.892,2.280,16.560,-0.160,-0.283,-0.014,0.959,0.454,-2.856,-0.828,0.000,0.000,1.592,0.030,2,NULL,NULL,,1,0,1,7,255,,250,0,0
stim,8815,8815,0,400789.420,0.795,-0.213,-0.031,0.567,3065,0,0,0,0,213,0,139,20,0.031,96,0,16.843,2.900,2.340,16.680,0.020,-0.280,-0.015,0.959,0.456,-2.864,-0.828,0.000,0.000,1.592,0.030,2,NULL,NULL,,1,0,1,7,255,,250,0,0
stim,8815,8815,0,400794.420,0.795,-0.213,-0.031,0.567,3063,0,0,0,0,188,0,138,20,0.031,96,0,17.480,2.908,2.460,17.280,0.940,-0.275,-0.015,0.955,0.458,-2.872,-0.834,0.000,0.000,1.592,0.030,2,NULL,NULL,,1,0,1,7,255,,250,0,0
stim,8815,8815,0,400799.420,0.795,-0.213,-0.031,0.567,3067,0,0,0,0,201,0,139,20,0.031,96,0,16.822,2.908,2.940,16.500,1.440,-0.280,-0.015,0.955,0.458,-2.872,-0.870,0.000,0.000,1.592,0.030,2,NULL,NULL,,1,0,1,7,255,,250,0,0
stim,8831,8831,0,400804.420,0.795,-0.213,-0.031,0.567,3058,0,0,0,0,205,0,137,20,0.031,96,0,16.954,2.886,2.940,16.680,0.760,-0.290,-0.013,0.961,0.452,-2.850,-0.870,0.000,0.000,1.592,0.030,2,NULL,NULL,,1,0,1,7,255,,250,0,0
stim,8831,8831,0,400809.420,0.795,-0.213,-0.031,0.567,3087,0,0,0,0,204,0,154,20,0.031,96,0,16.752,2.852,2.460,16.560,-0.580,-0.288,-0.013,0.960,0.450,-2.816,-0.788,0.000,0.000,1.592,0.030,2,NULL,NULL,,1,0,1,7,255,,250,0,0
stim,8864,8864,0,400814.422,0.795,-0.213,-0.031,0.567,3068,0,0,0,0,225,0,136,20,0.031,96,0,16.751,2.852,2.220,16.560,-1.200,-0.281,-0.014,0.958,0.450,-2.816,-0.788,0.000,0.000,1.592,0.030,2,NULL,NULL,,1,0,1,7,255,,250,0,0
stim,8879,8879,0,400819.420,0.795,-0.213,-0.031,0.567,3066,0,0,0,0,205,0,139,20,0.031,96,0,16.658,2.899,2.140,16.500,-0.820,-0.276,-0.015,0.957,0.462,-2.862,-0.840,0.000,0.000,1.592,0.030,2,NULL,NULL,,1,0,1,7,255,,250,0,0
stim,8879,8879,0,400824.420,0.795,-0.213,-0.031,0.567,3066,0,0,0,0,191,0,137,20,0.031,96,0,16.683,2.917,2.460,16.500,-0.100,-0.278,-0.016,0.957,0.462,-2.880,-0.864,0.000,0.000,1.592,0.030,2,NULL,NULL,,1,0,1,7,255,,250,0,0
stim,8879,8879,0,400829.420,0.795,-0.213,-0.031,0.567,3068,0,0,0,0,197,0,140,20,0.031,96,0,16.702,2.916,2.580,16.500,0.200,-0.283,-0.017,0.957,0.454,-2.880,-0.864,0.000,0.000,1.592,0.030,2,NULL,NULL,,1,0,1,7,255,,250,0,0
stim,8879,8879,0,400834.420,0.795,-0.213,-0.031,0.567,3087,0,0,0,0,205,0,138,20,0.031,96,0,16.692,2.881,2.520,16.500,-0.100,-0.285,-0.016,0.958,0.436,-2.848,-0.846,0.000,0.000,1.592,0.030,2,NULL,NULL,,1,0,1,7,255,,250,0,0
stim,8879,8879,0,400839.422,0.795,-0.213,-0.031,0.568,3095,0,0,0,0,199,0,138,20,0.031,96,0,16.671,2.873,2.340,16.500,-0.460,-0.283,-0.013,0.958,0.436,-2.840,-0.830,0.000,0.000,1.592,0.030,2,NULL,NULL,,1,0,1,7,255,,250,0,0
stim,8879,8879,0,400844.420,0.795,-0.213,-0.031,0.568,3065,0,0,0,0,203,0,141,20,0.031,96,0,16.659,2.877,2.220,16.500,-0.580,-0.280,-0.015,0.958,0.460,-2.840,-0.830,0.000,0.000,1.592,0.030,2,NULL,NULL,,1,0,1,7,255,,250,0,0
stim,8879,8879,0,400849.420,0.795,-0.213,-0.031,0.568,3069,0,0,0,0,199,0,139,20,0.031,96,0,16.728,2.897,2.340,16.560,-0.340,-0.281,-0.015,0.958,0.460,-2.860,-0.842,0.000,0.000,1.592,0.030,2,NULL,NULL,,1,0,1,7,255,,250,0,0
stim,8879,8879,0,400854.420,0.795,-0.213,-0.031,0.568,3067,0,0,0,0,201,0,136,20,0.031,96,0,16.666,2.896,2.340,16.500,-0.160,-0.282,-0.016,0.957,0.456,-2.860,-0.848,0.000,0.000,1.592,0.030,2,NULL,NULL,,1,0,1,7,255,,250,0,0
stim,8879,8879,0,400859.420,0.795,-0.213,-0.031,0.568,3067,0,0,0,0,173,0,133,20,0.031,96,0,16.667,2.888,2.340,16.500,-0.280,-0.283,-0.016,0.958,0.444,-2.854,-0.848,0.000,0.000,1.592,0.030,2,NULL,NULL,,1,0,1,7,255,,250,0,0
stim,8897,8897,0,400864.421,0.795,-0.213,-0.031,0.568,3079,0,0,0,0,173,0,136,20,0.031,96,0,16.678,2.887,2.400,16.500,-0.400,-0.282,-0.016,0.958,0.438,-2.854,-0.840,0.000,0.000,1.592,0.030,2,NULL,NULL,,1,0,1,7,255,,250,0,0
stim,8897,8897,0,400869.420,0.795,-0.213,-0.031,0.568,3067,0,0,0,0,196,0,135,20,0.031,96,0,16.680,2.889,2.400,16.500,-0.460,-0.282,-0.016,0.958,0.438,-2.856,-0.836,0.000,0.000,1.592,0.030,2,NULL,NULL,,1,0,1,7,255,,250,0,0
stim,8897,8897,0,400874.421,0.795,-0.213,-0.031,0.568,3079,0,0,0,0,211,0,136,20,0.031,96,0,16.631,2.890,2.460,16.440,-0.520,-0.283,-0.015,0.958,0.440,-2.856,-0.838,0.000,0.000,1.592,0.030,2,NULL,NULL,,1,0,1,7,255,,250,0,0
stim,8911,8911,0,400879.420,0.795,-0.213,-0.031,0.568,3068,0,0,0,0,203,0,137,20,0.031,96,0,16.671,2.890,2.340,16.500,-0.460,-0.282,-0.016,0.958,0.444,-2.856,-0.836,0.000,0.000,1.592,0.030,2,NULL,NULL,,1,0,1,7,255,,250,0,0
stim,8911,8911,0,400884.420,0.795,-0.213,-0.031,0.568,3068,0,0,0,0,191,0,136,20,0.031,96,0,16.726,2.891,2.280,16.560,-0.580,-0.282,-0.016,0.958,0.446,-2.856,-0.838,0.000,0.000,1.592,0.030,2,NULL,NULL,,1,0,1,7,255,,250,0,0
stim,8911,8911,0,400889.420,0.795,-0.213,-0.031,0.568,3093,0,0,0,0,188,0,134,20,0.031,96,0,16.657,2.894,2.220,16.500,-0.520,-0.282,-0.017,0.958,0.444,-2.860,-0.836,0.000,0.000,1.592,0.030,2,NULL,NULL,,1,0,1,7,255,,250,0,0
stim,8911,8911,0,400894.420,0.795,-0.213,-0.031,0.568,3090,0,0,0,0,187,0,141,20,0.031,96,0,16.729,2.900,2.340,16.560,-0.400,-0.280,-0.016,0.957,0.446,-2.866,-0.840,0.000,0.000,1.592,0.030,2,NULL,NULL,,1,0,1,7,255,,250,0,0
stim,8911,8911,0,400899.420,0.795,-0.213,-0.031,0.568,3077,0,0,0,0,153,0,135,20,0.031,96,0,16.727,2.901,2.340,16.560,-0.280,-0.281,-0.015,0.958,0.450,-2.866,-0.842,0.000,0.000,1.592,0.030,2,NULL,NULL,,1,0,1,7,255,,250,0,0
stim,8959,8959,0,400904.420,0.795,-0.213,-0.031,0.568,3078,0,0,0,0,140,0,135,20,0.031,96,0,16.778,2.895,2.280,16.620,-0.280,-0.281,-0.015,0.958,0.452,-2.860,-0.846,0.000,0.000,1.592,0.030,2,NULL,NULL,,1,0,1,7,255,,250,0,0
stim,8959,8959,0,400909.420,0.795,-0.213,-0.031,0.568,3079,0,0,0,0,147,0,135,20,0.031,96,0,16.720,2.895,2.280,16.560,-0.340,-0.282,-0.016,0.958,0.452,-2.860,-0.844,0.000,0.000,1.592,0.030,2,NULL,NULL,,1,0,1,7,255,,250,0,0
stim,8982,8982,0,400914.421,0.795,-0.213,-0.031,0.568,3111,0,0,0,0,151,0,136,20,0.031,96,0,16.779,2.894,2.280,16.620,-0.340,-0.283,-0.016,0.958,0.442,-2.860,-0.844,0.000,0.000,1.592,0.030,2,NULL,NULL,,1,0,1,7,255,,250,0,0
stim,8982,8982,0,400919.421,0.795,-0.213,-0.031,0.568,3079,0,0,0,0,149,0,135,20,0.031,96,0,16.779,2.894,2.280,16.620,-0.340,-0.282,-0.015,0.958,0.442,-2.860,-0.840,0.000,0.000,1.592,0.030,2,NULL,NULL,,1,0,1,7,255,,250,0,0
stim,8982,8982,0,400924.421,0.795,-0.213,-0.031,0.568,3080,0,0,0,0,157,0,133,20,0.031,96,0,16.714,2.888,2.220,16.560,-0.460,-0.282,-0.014,0.958,0.452,-2.852,-0.836,0.000,0.000,1.592,0.030,2,NULL,NULL,,1,0,1,7,255,,250,0,0
stim,8982,8982,0,400929.420,0.795,-0.213,-0.031,0.568,3092,0,0,0,0,158,0,137,20,0.031,96,0,16.710,2.896,2.140,16.560,-0.640,-0.281,-0.015,0.959,0.458,-2.860,-0.836,0.000,0.000,1.592,0.030,2,NULL,NULL,,1,0,1,7,255,,250,0,0
stim,8985,8985,0,400934.420,0.794,-0.213,-0.031,0.568,3087,0,0,0,0,167,0,134,20,0.031,96,0,16.760,2.896,2.020,16.620,-0.760,-0.282,-0.016,0.958,0.458,-2.860,-0.836,0.000,0.000,1.592,0.030,2,NULL,NULL,,1,0,1,7,255,,250,0,0
stim,8985,8985,0,400939.421,0.794,-0.213,-0.031,0.568,3091,0,0,0,0,160,0,128,20,0.031,96,0,16.816,2.900,2.020,16.680,-0.700,-0.281,-0.017,0.958,0.442,-2.866,-0.838,0.000,0.000,1.592,0.030,2,NULL,NULL,,1,0,1,7,255,,250,0,0
stim,8986,8986,0,400944.420,0.794,-0.213,-0.031,0.568,3089,0,0,0,0,179,0,133,20,0.031,96,0,16.812,2.902,2.020,16.680,-0.580,-0.281,-0.016,0.958,0.442,-2.868,-0.842,0.000,0.000,1.592,0.030,2,NULL,NULL,,1,0,1,7,255,,250,0,0
stim,8986,8986,0,400949.420,0.794,-0.213,-0.031,0.568,3087,0,0,0,0,172,0,131,20,0.031,96,0,16.814,2.902,2.020,16.680,-0.640,-0.282,-0.016,0.957,0.446,-2.868,-0.842,0.000,0.000,1.592,0.030,2,NULL,NULL,,1,0,1,7,255,,250,0,0
stim,8986,8986,0,400954.420,0.794,-0.213,-0.031,0.568,3087,0,0,0,0,181,0,137,20,0.031,96,0,16.866,2.891,1.960,16.740,-0.640,-0.283,-0.014,0.958,0.448,-2.856,-0.842,0.000,0.000,1.592,0.030,2,NULL,NULL,,1,0,1,7,255,,250,0,0
stim,8986,8986,0,400959.420,0.794,-0.213,-0.031,0.568,3095,0,0,0,0,171,0,135,20,0.031,96,0,16.853,2.892,1.840,16.740,-0.640,-0.282,-0.015,0.957,0.454,-2.856,-0.848,0.000,0.000,1.592,0.030,2,NULL,NULL,,1,0,1,7,255,,250,0,0
stim,8999,8999,0,400964.422,0.794,-0.213,-0.031,0.568,3077,0,0,0,0,163,0,137,20,0.031,96,0,16.853,2.892,1.840,16.740,-0.640,-0.282,-0.016,0.958,0.454,-2.856,-0.842,0.000,0.000,1.592,0.030,2,NULL,NULL,,1,0,1,7,255,,250,0,0
stim,8999,8999,0,400969.420,0.794,-0.213,-0.031,0.568,3091,0,0,0,0,152,0,133,20,0.031,96,0,16.787,2.891,1.780,16.680,-0.640,-0.283,-0.016,0.958,0.450,-2.856,-0.842,0.000,0.000,1.592,0.030,2,NULL,NULL,,1,0,1,7,255,,250,0,0
stim,9000,9000,0,400974.422,0.794,-0.213,-0.031,0.568,3091,0,0,0,0,164,0,134,20,0.031,96,0,16.789,2.889,1.780,16.680,-0.700,-0.283,-0.016,0.958,0.448,-2.854,-0.836,0.000,0.000,1.592,0.030,2,NULL,NULL,,1,0,1,7,255,,250,0,0
stim,9009,9009,0,400979.420,0.794,-0.213,-0.031,0.568,3095,0,0,0,0,155,0,133,20,0.031,96,0,16.857,2.883,1.780,16.740,-0.880,-0.283,-0.015,0.958,0.450,-2.848,-0.836,0.000,0.000,1.592,0.030,2,NULL,NULL,,1,0,1,7,255,,250,0,0
stim,9009,9009,0,400984.420,0.794,-0.213,-0.031,0.568,3095,0,0,0,0,158,0,131,20,0.031,96,0,16.863,2.884,1.720,16.740,-1.080,-0.283,-0.015,0.959,0.452,-2.848,-0.836,0.000,0.000,1.592,0.030,2,NULL,NULL,,1,0,1,7,255,,250,0,0
stim,9009,9009,0,400989.420,0.794,-0.213,-0.031,0.568,3119,0,0,0,0,151,0,128,20,0.031,96,0,16.869,2.892,1.660,16.740,-1.260,-0.283,-0.016,0.958,0.454,-2.856,-0.832,0.000,0.000,1.592,0.030,2,NULL,NULL,,1,0,1,7,255,,250,0,0
stim,9009,9009,0,400994.420,0.794,-0.213,-0.031,0.568,3107,0,0,0,0,155,0,141,20,0.031,96,0,16.859,2.895,1.600,16.740,-1.200,-0.280,-0.016,0.959,0.460,-2.858,-0.832,0.000,0.000,1.592,0.030,2,NULL,NULL,,1,0,1,7,255,,250,0,0
stim,9009,9009,0,400999.420,0.794,-0.213,-0.032,0.568,3099,0,0,0,0,167,0,137,20,0.031,96,0,16.848,2.906,1.480,16.740,-1.200,-0.282,-0.018,0.958,0.454,-2.870,-0.840,0.000,0.000,1.592,0.030,2,NULL,NULL,,1,0,1,7,255,,250,0,0
stim,9023,9023,0,401004.420,0.794,-0.213,-0.032,0.568,3099,0,0,0,0,154,0,125,20,0.031,96,0,16.839,2.904,1.420,16.740,-1.140,-0.283,-0.017,0.958,0.442,-2.870,-0.840,0.000,0.000,1.592,0.030,2,NULL,NULL,,1,0,1,7,255,,250,0,0
stim,9023,9023,0,401009.420,0.794,-0.213,-0.032,0.568,3102,0,0,0,0,169,0,133,20,0.031,96,0,16.967,2.898,1.420,16.860,-1.260,-0.282,-0.017,0.958,0.442,-2.864,-0.840,0.000,0.000,1.592,0.030,2,NULL,NULL,,1,0,1,7,255,,250,0,0
stim,9057,9057,0,401014.420,0.794,-0.213,-0.032,0.568,3107,0,0,0,0,169,0,141,20,0.031,96,0,16.981,2.899,1.420,16.860,-1.440,-0.281,-0.017,0.957,0.450,-2.864,-0.840,0.000,0.000,1.592,0.030,2,NULL,NULL,,1,0,1,7,255,,250,0,0
stim,9057,9057,0,401019.422,0.794,-0.213,-0.032,0.568,3111,0,0,0,0,167,0,135,20,0.031,96,0,17.032,2.899,1.240,16.920,-1.500,-0.281,-0.018,0.958,0.450,-2.864,-0.846,0.000,0.000,1.592,0.030,2,NULL,NULL,,1,0,1,7,255,,250,0,0
stim,9087,9087,0,401024.420,0.794,-0.212,-0.032,0.569,3103,0,0,0,0,168,0,127,20,0.031,96,0,17.128,2.913,1.120,17.040,-1.320,-0.279,-0.019,0.958,0.448,-2.878,-0.850,0.000,0.000,1.592,0.030,2,NULL,NULL,,1,0,1,7,255,,250,0,0
stim,9087,9087,0,401029.420,0.794,-0.212,-0.032,0.569,3141,0,0,0,0,163,0,134,20,0.031,96,0,17.115,2.916,1.120,17.040,-1.140,-0.280,-0.020,0.957,0.444,-2.882,-0.850,0.000,0.000,1.592,0.030,2,NULL,NULL,,1,0,1,7,255,,250,0,0
stim,9087,9087,0,401034.420,0.794,-0.212,-0.032,0.569,3103,0,0,0,0,112,0,137,20,0.031,96,0,17.119,2.916,1.240,17.040,-1.080,-0.282,-0.018,0.958,0.444,-2.882,-0.850,0.000,0.000,1.592,0.030,2,NULL,NULL,,1,0,1,7,255,,250,0,0
stim,9087,9087,0,401039.422,0.794,-0.212,-0.032,0.569,3112,0,0,0,0,149,0,133,20,0.031,96,0,17.123,2.904,1.180,17.040,-1.200,-0.284,-0.017,0.958,0.444,-2.870,-0.846,0.000,0.000,1.592,0.030,2,NULL,NULL,,1,0,1,7,255,,250,0,0
stim,9087,9087,0,401044.420,0.794,-0.212,-0.032,0.569,3104,0,0,0,0,139,0,125,20,0.031,96,0,17.136,2.887,1.180,17.040,-1.380,-0.284,-0.016,0.958,0.448,-2.852,-0.832,0.000,0.000,1.592,0.030,2,NULL,NULL,,1,0,1,7,255,,250,0,0
stim,9087,9087,0,401049.420,0.794,-0.212,-0.032,0.569,3117,0,0,0,0,156,0,122,20,0.031,96,0,17.250,2.889,0.920,17.160,-1.500,-0.282,-0.017,0.959,0.458,-2.852,-0.828,0.000,0.000,1.592,0.030,2,NULL,NULL,,1,0,1,7,255,,250,0,0
stim,9087,9087,0,401054.420,0.794,-0.212,-0.032,0.569,3119,0,0,0,0,165,0,123,20,0.031,96,0,17.147,2.905,0.800,17.040,-1.740,-0.283,-0.017,0.959,0.460,-2.868,-0.828,0.000,0.000,1.592,0.030,2,NULL,NULL,,1,0,1,7,255,,250,0,0
stim,9087,9087,0,401059.420,0.794,-0.212,-0.032,0.569,3125,0,0,0,0,163,0,139,20,0.031,96,0,17.274,2.905,0.680,17.160,-1.860,-0.283,-0.017,0.958,0.460,-2.868,-0.828,0.000,0.000,1.592,0.030,2,NULL,NULL,,1,0,1,7,255,,250,0,0
stim,9087,9087,0,401064.421,0.794,-0.212,-0.032,0.569,3133,0,0,0,0,160,0,125,20,0.031,96,0,17.288,2.904,0.500,17.160,-2.040,-0.283,-0.018,0.960,0.458,-2.868,-0.826,0.000,0.000,1.592,0.030,2,NULL,NULL,,1,0,1,7,255,,250,0,0
stim,9087,9087,0,401069.420,0.794,-0.212,-0.032,0.569,3127,0,0,0,0,111,0,121,20,0.031,96,0,17.427,2.906,0.260,17.280,-2.240,-0.282,-0.019,0.958,0.454,-2.870,-0.830,0.000,0.000,1.592,0.030,2,NULL,NULL,,1,0,1,7,255,,250,0,0
stim,9088,9088,0,401074.421,0.794,-0.212,-0.033,0.569,3127,0,0,0,0,140,0,121,20,0.031,96,0,17.477,2.906,0.080,17.340,-2.180,-0.283,-0.019,0.958,0.454,-2.870,-0.832,0.000,0.000,1.592,0.030,2,NULL,NULL,,1,0,1,7,255,,250,0,0
stim,9088,9088,0,401079.420,0.794,-0.212,-0.033,0.569,3133,0,0,0,0,147,0,119,20,0.031,96,0,17.526,2.905,-0.040,17.400,-2.100,-0.282,-0.020,0.957,0.448,-2.870,-0.836,0.000,0.000,1.592,0.030,2,NULL,NULL,,1,0,1,7,255,,250,0,0
stim,9119,9119,0,401084.420,0.794,-0.212,-0.033,0.569,3129,0,0,0,0,165,0,127,20,0.031,96,0,17.596,2.905,-0.040,17.460,-2.180,-0.282,-0.020,0.958,0.448,-2.870,-0.846,0.000,0.000,1.592,0.030,2,NULL,NULL,,1,0,1,7,255,,250,0,0
stim,9119,9119,0,401089.420,0.794,-0.212,-0.033,0.569,3146,0,0,0,0,137,0,117,20,0.031,96,0,17.766,2.906,-0.100,17.600,-2.420,-0.283,-0.021,0.958,0.446,-2.872,-0.846,0.000,0.000,1.592,0.030,2,NULL,NULL,,1,0,1,7,255,,250,0,0
stim,9119,9119,0,401094.421,0.794,-0.211,-0.033,0.569,3143,0,0,0,0,119,0,120,20,0.031,96,0,17.802,2.906,-0.300,17.600,-2.660,-0.283,-0.021,0.959,0.442,-2.872,-0.844,0.000,0.000,1.592,0.030,2,NULL,NULL,,1,0,1,7,255,,250,0,0
stim,9119,9119,0,401099.420,0.794,-0.211,-0.033,0.569,3148,0,0,0,0,151,0,120,20,0.031,96,0,17.876,2.912,-0.540,17.660,-2.720,-0.282,-0.021,0.958,0.442,-2.878,-0.844,0.000,0.000,1.592,0.030,2,NULL,NULL,,1,0,1,7,255,,250,0,0
stim,9119,9119,0,401104.420,0.794,-0.211,-0.033,0.570,3145,0,0,0,0,125,0,119,20,0.031,96,0,17.931,2.913,-0.660,17.720,-2.660,-0.284,-0.021,0.958,0.448,-2.878,-0.832,0.000,0.000,1.592,0.030,2,NULL,NULL,,1,0,1,7,255,,250,0,0
stim,9119,9119,0,401109.420,0.794,-0.211,-0.033,0.570,3157,0,0,0,0,145,0,114,20,0.031,96,0,17.986,2.905,-0.540,17.780,-2.660,-0.284,-0.020,0.957,0.450,-2.870,-0.840,0.000,0.000,1.592,0.030,2,NULL,NULL,,1,0,1,7,255,,250,0,0
stim,9167,9167,0,401114.422,0.794,-0.211,-0.034,0.570,3155,0,0,0,0,125,0,112,20,0.031,96,0,18.053,2.892,-0.480,17.840,-2.720,-0.285,-0.019,0.958,0.458,-2.856,-0.832,0.000,0.000,1.592,0.030,2,NULL,NULL,,1,0,1,7,255,,250,0,0
stim,9183,9183,0,401119.420,0.794,-0.211,-0.034,0.570,3163,0,0,0,0,135,0,115,20,0.031,96,0,18.073,2.891,-0.540,17.840,-2.840,-0.287,-0.019,0.960,0.464,-2.854,-0.824,0.000,0.000,1.592,0.030,2,NULL,NULL,,1,0,1,7,255,,250,0,0
stim,9183,9183,0,401124.421,0.793,-0.211,-0.034,0.570,3165,0,0,0,0,120,0,111,20,0.031,96,0,18.116,2.886,-0.660,17.840,-3.080,-0.289,-0.019,0.960,0.464,-2.848,-0.802,0.000,0.000,1.592,0.030,2,NULL,NULL,,1,0,1,7,255,,250,0,0
stim,9183,9183,0,401129.420,0.793,-0.211,-0.034,0.570,3175,0,0,0,0,110,0,107,20,0.031,96,0,18.215,2.876,-0.840,17.840,-3.580,-0.288,-0.019,0.960,0.464,-2.838,-0.798,0.000,0.000,1.592,0.030,2,NULL,NULL,,1,0,1,7,255,,250,0,0
stim,9199,9199,0,401134.420,0.793,-0.211,-0.034,0.570,3171,0,0,0,0,123,0,109,20,0.031,96,0,18.289,2.877,-0.840,17.840,-3.940,-0.288,-0.019,0.961,0.472,-2.838,-0.794,0.000,0.000,1.592,0.030,2,NULL,NULL,,1,0,1,7,255,,250,0,0
stim,9199,9199,0,401139.421,0.793,-0.211,-0.034,0.570,3181,0,0,0,0,110,0,110,20,0.031,96,0,18.396,2.889,-1.020,17.900,-4.120,-0.285,-0.022,0.961,0.472,-2.850,-0.798,0.000,0.000,1.592,0.030,2,NULL,NULL,,1,0,1,7,255,,250,0,0
stim,9199,9199,0,401144.420,0.793,-0.210,-0.035,0.570,3174,0,0,0,0,119,0,111,20,0.031,96,0,18.225,2.922,-1.760,17.720,-3.880,-0.283,-0.028,0.955,0.458,-2.886,-0.808,0.000,0.000,1.592,0.030,2,NULL,NULL,,1,0,1,7,255,,250,0,0
stim,9199,9199,0,401149.420,0.793,-0.210,-0.035,0.570,3181,0,0,0,0,117,0,106,20,0.031,96,0,18.091,2.916,-1.320,17.720,-3.400,-0.284,-0.026,0.952,0.418,-2.886,-0.872,0.000,0.000,1.592,0.030,2,NULL,NULL,,1,0,1,7,255,,250,0,0
stim,9199,9199,0,401154.420,0.793,-0.210,-0.035,0.571,3179,0,0,0,0,104,0,105,20,0.031,96,0,18.061,2.894,-0.480,17.720,-3.460,-0.286,-0.020,0.955,0.418,-2.864,-0.872,0.000,0.000,1.592,0.030,2,NULL,NULL,,1,0,1,7,255,,250,0,0
stim,9199,9199,0,401159.420,0.793,-0.210,-0.035,0.571,3187,0,0,0,0,101,0,105,20,0.031,96,0,18.349,2.904,-0.540,17.900,-4.000,-0.286,-0.020,0.961,0.482,-2.864,-0.852,0.000,0.000,1.592,0.030,2,NULL,NULL,,1,0,1,7,255,,250,0,0
stim,9199,9199,0,401164.422,0.793,-0.210,-0.035,0.571,3184,0,0,0,0,87,0,103,20,0.031,96,0,18.429,2.912,-1.320,17.900,-4.180,-0.284,-0.021,0.961,0.494,-2.870,-0.810,0.000,0.000,1.592,0.030,2,NULL,NULL,,1,0,1,7,255,,250,0,0
stim,9216,9216,0,401169.420,0.793,-0.210,-0.035,0.571,3192,0,0,0,0,93,0,103,20,0.031,96,0,18.621,2.928,-1.880,18.020,-4.300,-0.282,-0.029,0.957,0.494,-2.886,-0.810,0.000,0.000,1.592,0.030,2,NULL,NULL,,1,0,1,7,255,,250,0,0
stim,9216,9216,0,401174.420,0.793,-0.210,-0.036,0.571,3193,0,0,0,0,95,0,101,20,0.031,96,0,18.433,2.938,-1.700,17.900,-4.060,-0.282,-0.033,0.953,0.422,-2.908,-0.856,0.000,0.000,1.592,0.030,2,NULL,NULL,,1,0,1,7,255,,250,0,0
stim,9216,9216,0,401179.420,0.793,-0.209,-0.036,0.571,3212,0,0,0,0,85,0,100,20,0.031,96,0,18.420,2.935,-1.320,18.020,-3.580,-0.282,-0.032,0.953,0.394,-2.908,-0.894,0.000,0.000,1.592,0.030,2,NULL,NULL,,1,0,1,7,255,,250,0,0
stim,9216,9216,0,401184.421,0.793,-0.209,-0.036,0.571,3199,0,0,0,0,77,0,101,20,0.031,96,0,18.226,2.929,-1.080,17.900,-3.260,-0.285,-0.029,0.956,0.394,-2.902,-0.894,0.000,0.000,1.592,0.030,2,NULL,NULL,,1,0,1,7,255,,250,0,0
stim,9216,9216,0,401189.421,0.793,-0.209,-0.036,0.571,3209,0,0,0,0,85,0,100,20,0.031,96,0,18.230,2.917,-1.140,17.900,-3.260,-0.288,-0.027,0.958,0.424,-2.886,-0.858,0.000,0.000,1.592,0.030,2,NULL,NULL,,1,0,1,7,255,,250,0,0
stim,9216,9216,0,401194.422,0.793,-0.209,-0.036,0.571,3209,0,0,0,0,74,0,101,20,0.031,96,0,18.349,2.900,-1.320,17.960,-3.520,-0.289,-0.024,0.959,0.444,-2.866,-0.816,0.000,0.000,1.592,0.030,2,NULL,NULL,,1,0,1,7,255,,250,0,0
stim,9216,9216,0,401199.420,0.793,-0.209,-0.036,0.571,3213,0,0,0,0,41,0,99,20,0.031,96,0,18.532,2.896,-1.400,18.080,-3.820,-0.288,-0.024,0.958,0.470,-2.858,-0.816,0.000,0.000,1.592,0.030,2,NULL,NULL,,1,0,1,7,255,,250,0,0
stim,9231,9231,0,401204.420,0.793,-0.209,-0.037,0.572,3237,0,0,0,0,46,0,101,20,0.031,96,0,18.623,2.895,-1.320,18.140,-4.000,-0.288,-0.024,0.958,0.474,-2.856,-0.816,0.000,0.000,1.592,0.030,2,NULL,NULL,,1,0,1,7,255,,250,0,0
stim,9231,9231,0,401209.420,0.793,-0.209,-0.037,0.572,3247,0,0,0,0,39,0,99,20,0.031,96,0,18.645,2.897,-1.260,18.140,-4.120,-0.288,-0.026,0.958,0.474,-2.858,-0.826,0.000,0.000,1.592,0.030,2,NULL,NULL,,1,0,1,7,255,,250,0,0
stim,9231,9231,0,401214.422,0.793,-0.209,-0.037,0.572,3232,0,0,0,0,34,0,95,20,0.031,96,0,18.582,2.900,-1.200,18.080,-4.120,-0.289,-0.030,0.956,0.468,-2.862,-0.828,0.000,0.000,1.592,0.030,2,NULL,NULL,,1,0,1,7,255,,250,0,0
stim,9247,9247,0,401219.420,0.792,-0.208,-0.037,0.572,3223,0,0,0,0,42,0,95,20,0.031,96,0,18.544,2.896,-1.080,18.020,-4.240,-0.290,-0.032,0.957,0.428,-2.864,-0.828,0.000,0.000,1.592,0.030,2,NULL,NULL,,1,0,1,7,255,,250,0,0
stim,9247,9247,0,401224.420,0.792,-0.208,-0.037,0.572,3224,0,0,0,0,35,0,94,20,0.031,96,0,18.586,2.897,-1.080,18.020,-4.420,-0.288,-0.032,0.957,0.422,-2.866,-0.834,0.000,0.000,1.592,0.030,2,NULL,NULL,,1,0,1,7,255,,250,0,0
stim,9247,9247,0,401229.420,0.792,-0.208,-0.038,0.572,3225,0,0,0,0,27,0,93,20,0.031,96,0,18.592,2.901,-0.840,18.020,-4.500,-0.288,-0.029,0.956,0.422,-2.870,-0.834,0.000,0.000,1.592,0.030,2,NULL,NULL,,1,0,1,7,255,,250,0,0
stim,9263,9263,0,401234.420,0.792,-0.208,-0.038,0.572,3237,0,0,0,0,38,0,92,20,0.031,96,0,18.540,2.905,-0.960,17.960,-4.500,-0.288,-0.028,0.956,0.452,-2.870,-0.842,0.000,0.000,1.592,0.030,2,NULL,NULL,,1,0,1,7,255,,250,0,0
stim,9263,9263,0,401239.422,0.792,-0.208,-0.038,0.573,3230,0,0,0,0,11,0,91,20,0.031,96,0,18.448,2.903,-0.960,17.900,-4.360,-0.289,-0.032,0.956,0.452,-2.868,-0.842,0.000,0.000,1.592,0.030,2,NULL,NULL,,1,0,1,7,255,,250,0,0
stim,9279,9279,0,401244.420,0.792,-0.208,-0.038,0.573,3235,0,0,0,0,20,0,91,20,0.031,96,0,18.329,2.901,-0.900,17.780,-4.360,-0.289,-0.034,0.957,0.434,-2.868,-0.834,0.000,0.000,1.592,0.030,2,NULL,NULL,,1,0,1,7,255,,250,0,0
stim,9279,9279,0,401249.420,0.792,-0.208,-0.038,0.573,3240,0,0,0,0,41,0,97,20,0.031,96,0,18.527,2.907,-0.960,17.900,-4.680,-0.288,-0.032,0.955,0.434,-2.874,-0.834,0.000,0.000,1.592,0.030,2,NULL,NULL,,1,0,1,7,255,,250,0,0
stim,9279,9279,0,401254.420,0.792,-0.208,-0.038,0.573,3231,0,0,0,0,17,0,91,20,0.031,96,0,18.473,2.909,-0.780,17.900,-4.500,-0.286,-0.030,0.955,0.438,-2.876,-0.848,0.000,0.000,1.592,0.030,2,NULL,NULL,,1,0,1,7,255,,250,0,0
stim,9279,9279,0,401259.420,0.792,-0.207,-0.039,0.573,3241,0,0,0,0,27,0,95,20,0.031,96,0,18.377,2.914,-0.660,17.840,-4.360,-0.286,-0.029,0.955,0.470,-2.876,-0.862,0.000,0.000,1.592,0.030,2,NULL,NULL,,1,0,1,7,255,,250,0,0
stim,9295,9295,0,401264.421,0.792,-0.207,-0.039,0.573,3231,0,0,0,0,45,0,91,20,0.031,96,0,18.407,2.916,-0.660,17.900,-4.240,-0.287,-0.035,0.957,0.470,-2.878,-0.862,0.000,0.000,1.592,0.030,2,NULL,NULL,,1,0,1,7,255,,250,0,0
stim,9295,9295,0,401269.421,0.792,-0.207,-0.039,0.573,3243,0,0,0,0,47,0,89,20,0.031,96,0,18.301,2.932,-0.900,17.780,-4.240,-0.288,-0.038,0.956,0.430,-2.900,-0.842,0.000,0.000,1.592,0.030,2,NULL,NULL,,1,0,1,7,255,,250,0,0
stim,9311,9311,0,401274.421,0.792,-0.207,-0.039,0.573,3238,0,0,0,0,48,0,87,20,0.031,96,0,18.332,2.929,-0.960,17.780,-4.360,-0.288,-0.037,0.954,0.410,-2.900,-0.842,0.000,0.000,1.592,0.030,2,NULL,NULL,,1,0,1,7,255,,250,0,0
stim,9311,9311,0,401279.420,0.792,-0.207,-0.039,0.574,3259,0,0,0,0,52,0,88,20,0.031,96,0,18.323,2.915,-0.780,17.780,-4.360,-0.287,-0.032,0.954,0.410,-2.886,-0.862,0.000,0.000,1.592,0.030,2,NULL,NULL,,1,0,1,7,255,,250,0,0
stim,9311,9311,0,401284.420,0.792,-0.207,-0.039,0.574,3257,0,0,0,0,19,0,90,20,0.031,96,0,18.375,2.922,-0.600,17.840,-4.360,-0.286,-0.032,0.956,0.460,-2.886,-0.862,0.000,0.000,1.592,0.030,2,NULL,NULL,,1,0,1,7,255,,250,0,0
stim,9311,9311,0,401289.420,0.791,-0.207,-0.040,0.574,3247,0,0,0,0,22,0,89,20,0.031,96,0,18.337,2.928,-0.720,17.840,-4.180,-0.286,-0.036,0.957,0.460,-2.892,-0.858,0.000,0.000,1.592,0.030,2,NULL,NULL,,1,0,1,7,255,,250,0,0
stim,9311,9311,0,401294.420,0.791,-0.206,-0.040,0.574,3297,0,0,0,0,9,0,87,20,0.031,96,0,18.335,2.936,-0.960,17.840,-4.120,-0.288,-0.038,0.956,0.444,-2.902,-0.846,0.000,0.000,1.592,0.030,2,NULL,NULL,,1,0,1,7,255,,250,0,0
stim,9311,9311,0,401299.420,0.791,-0.206,-0.040,0.574,3251,0,0,0,0,9,0,87,20,0.031,96,0,18.307,2.934,-1.020,17.780,-4.240,-0.291,-0.036,0.953,0.434,-2.902,-0.846,0.000,0.000,1.592,0.030,2,NULL,NULL,,1,0,1,7,255,,250,0,0
stim,9327,9327,0,401304.420,0.791,-0.206,-0.040,0.574,3244,0,0,0,0,9,0,98,20,0.031,96,0,18.452,2.897,-0.720,17.900,-4.420,-0.290,-0.035,0.953,0.434,-2.864,-0.854,0.000,0.000,1.592,0.030,2,NULL,NULL,,1,0,1,7,255,,250,0,0
stim,9327,9327,0,401309.420,0.791,-0.206,-0.040,0.574,3243,0,0,0,0,6,0,91,20,0.031,96,0,18.287,2.898,-0.540,17.780,-4.240,-0.287,-0.038,0.955,0.440,-2.864,-0.860,0.000,0.000,1.592,0.030,2,NULL,NULL,,1,0,1,7,255,,250,0,0
stim,9359,9359,0,401314.424,0.791,-0.206,-0.040,0.574,3253,0,0,0,0,9,0,91,20,0.031,96,0,18.206,2.933,-0.540,17.780,-3.880,-0.288,-0.038,0.956,0.440,-2.900,-0.860,0.000,0.000,1.592,0.030,2,NULL,NULL,,1,0,1,7,255,,250,0,0
stim,9359,9359,0,401319.420,0.791,-0.206,-0.040,0.575,3283,0,0,0,0,8,0,95,20,0.031,96,0,18.100,2.933,-0.600,17.720,-3.640,-0.291,-0.039,0.955,0.440,-2.900,-0.844,0.000,0.000,1.592,0.030,2,NULL,NULL,,1,0,1,7,255,,250,0,0
stim,9380,9380,0,401324.422,0.791,-0.206,-0.041,0.575,3257,0,0,0,0,7,0,91,20,0.031,96,0,18.002,2.915,-0.420,17.600,-3.760,-0.292,-0.038,0.954,0.422,-2.884,-0.842,0.000,0.000,1.592,0.030,2,NULL,NULL,,1,0,1,7,255,,250,0,0
stim,9380,9380,0,401329.420,0.791,-0.206,-0.041,0.575,3268,0,0,0,0,7,0,85,20,0.031,96,0,18.122,2.907,-0.240,17.660,-4.060,-0.291,-0.038,0.955,0.422,-2.876,-0.840,0.000,0.000,1.592,0.030,2,NULL,NULL,,1,0,1,7,255,,250,0,0
stim,9381,9381,0,401334.420,0.791,-0.206,-0.041,0.575,3291,0,0,0,0,16,0,93,20,0.031,96,0,18.024,2.907,-0.240,17.600,-3.880,-0.289,-0.040,0.954,0.426,-2.876,-0.842,0.000,0.000,1.592,0.030,2,NULL,NULL,,1,0,1,7,255,,250,0,0
stim,9381,9381,0,401339.420,0.791,-0.205,-0.041,0.575,3267,0,0,0,0,9,0,97,20,0.031,96,0,17.765,2.922,-0.100,17.400,-3.580,-0.289,-0.039,0.954,0.434,-2.890,-0.860,0.000,0.000,1.592,0.030,2,NULL,NULL,,1,0,1,7,255,,250,0,0
stim,9382,9382,0,401344.420,0.791,-0.205,-0.041,0.575,3301,0,0,0,0,9,0,99,20,0.031,96,0,17.563,2.923,0.080,17.280,-3.140,-0.290,-0.038,0.955,0.440,-2.890,-0.860,0.000,0.000,1.592,0.030,2,NULL,NULL,,1,0,1,7,255,,250,0,0
stim,9382,9382,0,401349.420,0.791,-0.205,-0.041,0.575,3261,0,0,0,0,9,0,99,20,0.031,96,0,17.555,2.919,0.320,17.280,-3.080,-0.292,-0.035,0.956,0.450,-2.884,-0.850,0.000,0.000,1.592,0.030,2,NULL,NULL,,1,0,1,7,255,,250,0,0
stim,9382,9382,0,401354.420,0.791,-0.205,-0.041,0.575,3285,0,0,0,0,11,0,96,20,0.031,96,0,17.555,2.911,0.320,17.220,-3.400,-0.291,-0.038,0.954,0.450,-2.876,-0.850,0.000,0.000,1.592,0.030,2,NULL,NULL,,1,0,1,7,255,,250,0,0
stim,9382,9382,0,401359.420,0.791,-0.205,-0.041,0.576,3278,0,0,0,0,9,0,93,20,0.031,96,0,17.601,2.910,0.200,17.280,-3.340,-0.290,-0.042,0.955,0.446,-2.876,-0.850,0.000,0.000,1.592,0.030,2,NULL,NULL,,1,0,1,7,255,,250,0,0
stim,9391,9391,0,401364.422,0.791,-0.205,-0.041,0.576,3291,0,0,0,0,9,0,92,20,0.031,96,0,17.437,2.931,0.320,17.160,-3.080,-0.289,-0.043,0.954,0.414,-2.902,-0.850,0.000,0.000,1.592,0.030,2,NULL,NULL,,1,0,1,7,255,,250,0,0
stim,9391,9391,0,401369.420,0.790,-0.205,-0.042,0.576,3264,0,0,0,0,7,0,89,20,0.031,96,0,17.324,2.931,0.560,17.100,-2.720,-0.289,-0.042,0.952,0.414,-2.902,-0.862,0.000,0.000,1.592,0.030,2,NULL,NULL,,1,0,1,7,255,,250,0,0
stim,9411,9411,0,401374.420,0.790,-0.205,-0.042,0.576,3269,0,0,0,0,9,0,86,20,0.031,96,0,17.182,2.924,0.860,16.980,-2.480,-0.290,-0.042,0.954,0.416,-2.894,-0.862,0.000,0.000,1.592,0.030,2,NULL,NULL,,1,0,1,7,255,,250,0,0
stim,9411,9411,0,401379.420,0.790,-0.205,-0.042,0.576,3299,0,0,0,0,9,0,91,20,0.031,96,0,17.283,2.925,0.860,17.100,-2.360,-0.290,-0.041,0.955,0.428,-2.894,-0.856,0.000,0.000,1.592,0.030,2,NULL,NULL,,1,0,1,7,255,,250,0,0
stim,9411,9411,0,401384.420,0.790,-0.205,-0.042,0.576,3277,0,0,0,0,7,0,101,20,0.031,96,0,17.219,2.930,0.920,17.040,-2.300,-0.290,-0.042,0.955,0.434,-2.898,-0.848,0.000,0.000,1.592,0.030,2,NULL,NULL,,1,0,1,7,255,,250,0,0
stim,9411,9411,0,401389.420,0.790,-0.205,-0.042,0.576,3309,0,0,0,0,9,0,91,20,0.031,96,0,17.219,2.931,0.920,17.040,-2.300,-0.290,-0.038,0.955,0.436,-2.898,-0.848,0.000,0.000,1.592,0.030,2,NULL,NULL,,1,0,1,7,255,,250,0,0
stim,9411,9411,0,401394.420,0.790,-0.204,-0.042,0.576,3272,0,0,0,0,10,0,87,20,0.031,96,0,17.160,2.921,1.060,16.980,-2.240,-0.289,-0.037,0.954,0.464,-2.884,-0.850,0.000,0.000,1.592,0.030,2,NULL,NULL,,1,0,1,7,255,,250,0,0
stim,9411,9411,0,401399.420,0.790,-0.204,-0.042,0.576,3287,0,0,0,0,13,0,89,20,0.031,96,0,17.223,2.921,1.120,17.040,-2.240,-0.290,-0.041,0.955,0.464,-2.884,-0.850,0.000,0.000,1.592,0.030,2,NULL,NULL,,1,0,1,7,255,,250,0,0
stim,9423,9423,0,401404.420,0.790,-0.204,-0.042,0.576,3281,0,0,0,0,9,0,85,20,0.031,96,0,17.139,2.924,1.120,16.980,-2.040,-0.288,-0.043,0.954,0.444,-2.890,-0.862,0.000,0.000,1.592,0.030,2,NULL,NULL,,1,0,1,7,255,,250,0,0
stim,9423,9423,0,401409.420,0.790,-0.204,-0.042,0.576,3284,0,0,0,0,9,0,95,20,0.031,96,0,17.061,2.931,1.240,16.920,-1.800,-0.289,-0.043,0.953,0.426,-2.900,-0.868,0.000,0.000,1.592,0.030,2,NULL,NULL,,1,0,1,7,255,,250,0,0
stim,9471,9471,0,401414.422,0.790,-0.204,-0.042,0.576,3287,0,0,0,0,7,0,87,20,0.031,96,0,17.013,2.933,1.540,16.860,-1.680,-0.289,-0.044,0.952,0.424,-2.902,-0.874,0.000,0.000,1.592,0.030,2,NULL,NULL,,1,0,1,7,255,,250,0,0
stim,9471,9471,0,401419.420,0.790,-0.204,-0.042,0.576,3275,0,0,0,0,10,0,85,20,0.031,96,0,16.938,2.930,1.660,16.800,-1.380,-0.290,-0.044,0.952,0.416,-2.900,-0.874,0.000,0.000,1.592,0.030,2,NULL,NULL,,1,0,1,7,255,,250,0,0
stim,9471,9471,0,401424.422,0.790,-0.204,-0.042,0.577,3275,0,0,0,0,9,0,85,20,0.031,96,0,16.811,2.923,1.720,16.680,-1.200,-0.291,-0.045,0.954,0.412,-2.894,-0.870,0.000,0.000,1.592,0.030,2,NULL,NULL,,1,0,1,7,255,,250,0,0
stim,9471,9471,0,401429.420,0.790,-0.204,-0.042,0.577,3304,0,0,0,0,7,0,86,20,0.031,96,0,16.753,2.918,1.840,16.620,-1.020,-0.292,-0.044,0.952,0.404,-2.890,-0.862,0.000,0.000,1.592,0.030,2,NULL,NULL,,1,0,1,7,255,,250,0,0
stim,9487,9487,0,401434.420,0.790,-0.204,-0.042,0.577,3272,0,0,0,0,21,0,88,20,0.031,96,0,16.707,2.912,1.960,16.560,-1.020,-0.291,-0.043,0.953,0.404,-2.884,-0.856,0.000,0.000,1.592,0.030,2,NULL,NULL,,1,0,1,7,255,,250,0,0
stim,9487,9487,0,401439.420,0.790,-0.204,-0.042,0.577,3277,0,0,0,0,8,0,90,20,0.031,96,0,16.725,2.915,2.080,16.560,-1.080,-0.290,-0.042,0.954,0.422,-2.884,-0.858,0.000,0.000,1.592,0.030,2,NULL,NULL,,1,0,1,7,255,,250,0,0
stim,9487,9487,0,401444.420,0.790,-0.204,-0.042,0.577,3273,0,0,0,0,13,0,90,20,0.031,96,0,16.729,2.923,2.140,16.560,-1.020,-0.289,-0.042,0.955,0.436,-2.890,-0.856,0.000,0.000,1.592,0.030,2,NULL,NULL,,1,0,1,7,255,,250,0,0
stim,9487,9487,0,401449.420,0.790,-0.204,-0.042,0.577,3287,0,0,0,0,10,0,88,20,0.031,96,0,16.713,2.939,2.080,16.560,-0.880,-0.289,-0.043,0.954,0.436,-2.906,-0.858,0.000,0.000,1.592,0.030,2,NULL,NULL,,1,0,1,7,255,,250,0,0
stim,9487,9487,0,401454.420,0.790,-0.204,-0.042,0.577,3277,0,0,0,0,11,0,88,20,0.031,96,0,16.690,2.938,1.960,16.560,-0.700,-0.290,-0.042,0.954,0.434,-2.906,-0.856,0.000,0.000,1.592,0.030,2,NULL,NULL,,1,0,1,7,255,,250,0,0
stim,9487,9487,0,401459.420,0.790,-0.204,-0.042,0.577,3289,0,0,0,0,10,0,87,20,0.031,96,0,16.697,2.929,2.020,16.560,-0.700,-0.290,-0.043,0.954,0.426,-2.898,-0.856,0.000,0.000,1.592,0.030,2,NULL,NULL,,1,0,1,7,255,,250,0,0
stim,9487,9487,0,401464.422,0.790,-0.204,-0.042,0.577,3303,0,0,0,0,10,0,87,20,0.031,96,0,16.700,2.929,2.020,16.560,-0.760,-0.290,-0.043,0.954,0.428,-2.898,-0.854,0.000,0.000,1.592,0.030,2,NULL,NULL,,1,0,1,7,255,,250,0,0
stim,9503,9503,0,401469.420,0.790,-0.204,-0.042,0.577,3277,0,0,0,0,9,0,87,20,0.031,96,0,16.767,2.929,2.080,16.620,-0.760,-0.290,-0.044,0.955,0.424,-2.898,-0.854,0.000,0.000,1.592,0.030,2,NULL,NULL,,1,0,1,7,255,,250,0,0
stim,9503,9503,0,401474.420,0.790,-0.204,-0.042,0.577,3277,0,0,0,0,9,0,88,20,0.031,96,0,16.764,2.939,2.080,16.620,-0.700,-0.289,-0.042,0.956,0.428,-2.908,-0.848,0.000,0.000,1.592,0.030,2,NULL,NULL,,1,0,1,7,255,,250,0,0
stim,9503,9503,0,401479.420,0.790,-0.204,-0.042,0.577,3281,0,0,0,0,11,0,87,20,0.031,96,0,16.750,2.941,1.960,16.620,-0.700,-0.290,-0.042,0.955,0.440,-2.908,-0.848,0.000,0.000,1.592,0.030,2,NULL,NULL,,1,0,1,7,255,,250,0,0
stim,9503,9503,0,401484.420,0.790,-0.204,-0.042,0.577,3281,0,0,0,0,9,0,86,20,0.031,96,0,16.800,2.930,1.900,16.680,-0.640,-0.290,-0.041,0.956,0.446,-2.896,-0.846,0.000,0.000,1.592,0.030,2,NULL,NULL,,1,0,1,7,255,,250,0,0
stim,9503,9503,0,401489.420,0.790,-0.204,-0.042,0.577,3279,0,0,0,0,13,0,96,20,0.031,96,0,16.747,2.930,1.960,16.620,-0.640,-0.291,-0.042,0.956,0.446,-2.896,-0.842,0.000,0.000,1.592,0.030,2,NULL,NULL,,1,0,1,7,255,,250,0,0
stim,9519,9519,0,401494.420,0.790,-0.204,-0.042,0.577,3283,0,0,0,0,10,0,86,20,0.031,96,0,16.745,2.928,1.960,16.620,-0.580,-0.292,-0.041,0.956,0.444,-2.894,-0.840,0.000,0.000,1.592,0.030,2,NULL,NULL,,1,0,1,7,255,,250,0,0
stim,9519,9519,0,401499.420,0.790,-0.204,-0.042,0.577,3288,0,0,0,0,8,0,93,20,0.031,96,0,16.686,2.911,1.900,16.560,-0.760,-0.293,-0.042,0.957,0.440,-2.878,-0.828,0.000,0.000,1.592,0.030,2,NULL,NULL,,1,0,1,7,255,,250,0,0
stim,9535,9535,0,401504.420,0.790,-0.204,-0.042,0.577,3287,0,0,0,0,16,0,87,20,0.031,96,0,16.703,2.910,1.960,16.560,-0.960,-0.293,-0.041,0.956,0.442,-2.876,-0.826,0.000,0.000,1.592,0.030,2,NULL,NULL,,1,0,1,7,255,,250,0,0
stim,9535,9535,0,401509.420,0.790,-0.204,-0.042,0.577,3295,0,0,0,0,11,0,87,20,0.031,96,0,16.725,2.909,2.080,16.560,-1.080,-0.292,-0.042,0.955,0.438,-2.876,-0.826,0.000,0.000,1.592,0.030,2,NULL,NULL,,1,0,1,7,255,,250,0,0
stim,9567,9567,0,401514.422,0.790,-0.204,-0.042,0.577,3285,0,0,0,0,10,0,83,20,0.031,96,0,16.714,2.909,2.020,16.560,-1.020,-0.292,-0.042,0.956,0.438,-2.876,-0.828,0.000,0.000,1.592,0.030,2,NULL,NULL,,1,0,1,7,255,,250,0,0
stim,9583,9583,0,401519.420,0.789,-0.204,-0.042,0.577,3316,0,0,0,0,7,0,82,20,0.031,96,0,16.662,2.909,2.080,16.500,-1.020,-0.293,-0.041,0.957,0.438,-2.876,-0.828,0.000,0.000,1.592,0.030,2,NULL,NULL,,1,0,1,7,255,,250,0,0
stim,9583,9583,0,401524.422,0.789,-0.204,-0.042,0.577,3284,0,0,0,0,7,0,83,20,0.031,96,0,16.670,2.911,2.080,16.500,-1.140,-0.292,-0.042,0.955,0.440,-2.878,-0.828,0.000,0.000,1.592,0.030,2,NULL,NULL,,1,0,1,7,255,,250,0,0
stim,9583,9583,0,401529.420,0.789,-0.204,-0.042,0.578,3283,0,0,0,0,10,0,83,20,0.031,96,0,16.683,2.911,2.080,16.500,-1.320,-0.292,-0.042,0.955,0.440,-2.878,-0.840,0.000,0.000,1.592,0.030,2,NULL,NULL,,1,0,1,7,255,,250,0,0
stim,9583,9583,0,401534.420,0.789,-0.204,-0.042,0.578,3289,0,0,0,0,16,0,79,20,0.031,96,0,16.678,2.911,2.080,16.500,-1.260,-0.291,-0.042,0.956,0.438,-2.878,-0.840,0.000,0.000,1.592,0.030,2,NULL,NULL,,1,0,1,7,255,,250,0,0
stim,9583,9583,0,401539.420,0.789,-0.204,-0.042,0.578,3288,0,0,0,0,9,0,87,20,0.031,96,0,16.676,2.929,2.020,16.500,-1.320,-0.290,-0.043,0.955,0.436,-2.896,-0.840,0.000,0.000,1.592,0.030,2,NULL,NULL,,1,0,1,7,255,,250,0,0
stim,9583,9583,0,401544.420,0.789,-0.204,-0.042,0.578,3290,0,0,0,0,9,0,85,20,0.031,96,0,16.726,2.934,2.020,16.560,-1.200,-0.290,-0.044,0.954,0.430,-2.902,-0.846,0.000,0.000,1.592,0.030,2,NULL,NULL,,1,0,1,7,255,,250,0,0
stim,9583,9583,0,401549.420,0.789,-0.204,-0.042,0.578,3291,0,0,0,0,20,0,87,20,0.031,96,0,16.785,2.933,1.900,16.620,-1.380,-0.291,-0.044,0.955,0.426,-2.902,-0.846,0.000,0.000,1.592,0.030,2,NULL,NULL,,1,0,1,7,255,,250,0,0
stim,9583,9583,0,401554.420,0.789,-0.204,-0.042,0.578,3285,0,0,0,0,7,0,83,20,0.031,96,0,16.802,2.933,1.960,16.620,-1.500,-0.291,-0.044,0.956,0.426,-2.902,-0.844,0.000,0.000,1.592,0.030,2,NULL,NULL,,1,0,1,7,255,,250,0,0
stim,9583,9583,0,401559.420,0.789,-0.204,-0.042,0.578,3287,0,0,0,0,12,0,85,20,0.031,96,0,16.783,2.933,1.840,16.620,-1.440,-0.290,-0.045,0.954,0.422,-2.902,-0.844,0.000,0.000,1.592,0.030,2,NULL,NULL,,1,0,1,7,255,,250,0,0
stim,9585,9585,0,401564.421,0.789,-0.204,-0.042,0.578,3293,0,0,0,0,22,0,87,20,0.031,96,0,16.777,2.937,1.780,16.620,-1.440,-0.289,-0.043,0.955,0.426,-2.906,-0.850,0.000,0.000,1.592,0.030,2,NULL,NULL,,1,0,1,7,255,,250,0,0
stim,9599,9599,0,401569.421,0.789,-0.204,-0.042,0.578,3309,0,0,0,0,9,0,87,20,0.031,96,0,16.820,2.937,1.720,16.680,-1.320,-0.291,-0.043,0.954,0.428,-2.906,-0.850,0.000,0.000,1.592,0.030,2,NULL,NULL,,1,0,1,7,255,,250,0,0
stim,9599,9599,0,401574.422,0.789,-0.203,-0.042,0.578,3331,0,0,0,0,11,0,92,20,0.031,96,0,16.885,2.931,1.720,16.740,-1.380,-0.291,-0.044,0.955,0.428,-2.900,-0.848,0.000,0.000,1.592,0.030,2,NULL,NULL,,1,0,1,7,255,,250,0,0
stim,9599,9599,0,401579.420,0.789,-0.203,-0.042,0.578,3283,0,0,0,0,10,0,95,20,0.031,96,0,16.884,2.921,1.660,16.740,-1.440,-0.291,-0.044,0.954,0.422,-2.890,-0.848,0.000,0.000,1.592,0.030,2,NULL,NULL,,1,0,1,7,255,,250,0,0
stim,9599,9599,0,401584.420,0.789,-0.203,-0.042,0.578,3293,0,0,0,0,8,0,92,20,0.031,96,0,16.906,2.921,1.780,16.740,-1.560,-0.292,-0.044,0.954,0.422,-2.890,-0.842,0.000,0.000,1.592,0.030,2,NULL,NULL,,1,0,1,7,255,,250,0,0
stim,9599,9599,0,401589.420,0.789,-0.203,-0.042,0.578,3288,0,0,0,0,10,0,85,20,0.031,96,0,16.912,2.921,1.720,16.740,-1.680,-0.292,-0.044,0.955,0.422,-2.890,-0.842,0.000,0.000,1.592,0.030,2,NULL,NULL,,1,0,1,7,255,,250,0,0
stim,9630,9630,0,401594.420,0.789,-0.203,-0.042,0.578,3299,0,0,0,0,10,0,89,20,0.031,96,0,16.906,2.919,1.600,16.740,-1.740,-0.292,-0.044,0.955,0.422,-2.888,-0.838,0.000,0.000,1.592,0.030,2,NULL,NULL,,1,0,1,7,255,,250,0,0
stim,9630,9630,0,401599.420,0.789,-0.203,-0.043,0.578,3319,0,0,0,0,7,0,97,20,0.031,96,0,16.965,2.923,1.600,16.800,-1.740,-0.291,-0.044,0.956,0.422,-2.892,-0.838,0.000,0.000,1.592,0.030,2,NULL,NULL,,1,0,1,7,255,,250,0,0
stim,9630,9630,0,401604.420,0.789,-0.203,-0.043,0.578,3310,0,0,0,0,9,0,87,20,0.031,96,0,16.965,2.931,1.600,16.800,-1.740,-0.291,-0.044,0.956,0.428,-2.900,-0.834,0.000,0.000,1.592,0.030,2,NULL,NULL,,1,0,1,7,255,,250,0,0
stim,9630,9630,0,401609.420,0.789,-0.203,-0.043,0.579,3304,0,0,0,0,8,0,89,20,0.031,96,0,17.026,2.931,1.540,16.860,-1.800,-0.291,-0.044,0.955,0.428,-2.900,-0.838,0.000,0.000,1.592,0.030,2,NULL,NULL,,1,0,1,7,255,,250,0,0
stim,9663,9663,0,401614.422,0.789,-0.203,-0.043,0.579,3320,0,0,0,0,22,0,87,20,0.031,96,0,16.961,2.927,1.480,16.800,-1.800,-0.291,-0.044,0.955,0.428,-2.896,-0.840,0.000,0.000,1.592,0.030,2,NULL,NULL,,1,0,1,7,255,,250,0,0
stim,9696,9696,0,401619.420,0.789,-0.203,-0.043,0.579,3307,0,0,0,0,10,0,87,20,0.031,96,0,17.027,2.927,1.480,16.860,-1.860,-0.290,-0.045,0.954,0.428,-2.896,-0.844,0.000,0.000,1.592,0.030,2,NULL,NULL,,1,0,1,7,255,,250,0,0
stim,9696,9696,0,401624.421,0.789,-0.203,-0.043,0.579,3291,0,0,0,0,9,0,87,20,0.031,96,0,17.033,2.927,1.480,16.860,-1.920,-0.291,-0.045,0.954,0.426,-2.896,-0.848,0.000,0.000,1.592,0.030,2,NULL,NULL,,1,0,1,7,255,,250,0,0
stim,9696,9696,0,401629.420,0.789,-0.203,-0.043,0.579,3303,0,0,0,0,10,0,87,20,0.031,96,0,17.039,2.930,1.540,16.860,-1.920,-0.290,-0.046,0.955,0.420,-2.900,-0.848,0.000,0.000,1.592,0.030,2,NULL,NULL,,1,0,1,7,255,,250,0,0
stim,9696,9696,0,401634.420,0.789,-0.203,-0.043,0.579,3285,0,0,0,0,11,0,97,20,0.031,96,0,17.144,2.924,1.540,16.980,-1.800,-0.292,-0.046,0.954,0.418,-2.894,-0.846,0.000,0.000,1.592,0.030,2,NULL,NULL,,1,0,1,7,255,,250,0,0
stim,9696,9696,0,401639.421,0.789,-0.203,-0.043,0.579,3315,0,0,0,0,9,0,91,20,0.031,96,0,17.098,2.924,1.540,16.920,-1.920,-0.291,-0.044,0.955,0.420,-2.894,-0.846,0.000,0.000,1.592,0.030,2,NULL,NULL,,1,0,1,7,255,,250,0,0
stim,9696,9696,0,401644.420,0.788,-0.203,-0.043,0.579,3285,0,0,0,0,17,0,87,20,0.031,96,0,17.159,2.926,1.480,16.980,-1.980,-0.292,-0.044,0.955,0.430,-2.894,-0.844,0.000,0.000,1.592,0.030,2,NULL,NULL,,1,0,1,7,255,,250,0,0
stim,9696,9696,0,401649.420,0.788,-0.203,-0.043,0.579,3291,0,0,0,0,9,0,85,20,0.031,96,0,17.166,2.926,1.480,16.980,-2.040,-0.291,-0.046,0.954,0.430,-2.894,-0.844,0.000,0.000,1.592,0.030,2,NULL,NULL,,1,0,1,7,255,,250,0,0
stim,9696,9696,0,401654.420,0.788,-0.203,-0.043,0.579,3295,0,0,0,0,10,2,93,20,0.031,96,0,17.088,2.925,1.420,16.920,-1.920,-0.291,-0.047,0.954,0.414,-2.896,-0.848,0.000,0.000,1.592,0.030,2,NULL,NULL,,1,0,1,7,255,,250,0,0
stim,9696,9696,0,401659.420,0.788,-0.203,-0.043,0.579,3295,0,0,0,0,6,0,84,20,0.031,96,0,17.140,2.925,1.420,16.980,-1.860,-0.292,-0.047,0.953,0.408,-2.896,-0.852,0.000,0.000,1.592,0.030,2,NULL,NULL,,1,0,1,7,255,,250,0,0
stim,9698,9698,0,401664.422,0.788,-0.203,-0.043,0.579,3311,0,0,0,0,10,0,85,20,0.031,96,0,17.091,2.923,1.540,16.920,-1.860,-0.292,-0.046,0.954,0.408,-2.894,-0.848,0.000,0.000,1.592,0.030,2,NULL,NULL,,1,0,1,7,255,,250,0,0
stim,9711,9711,0,401669.420,0.788,-0.203,-0.043,0.579,3297,0,0,0,0,9,0,85,20,0.031,96,0,17.100,2.920,1.480,16.920,-1.980,-0.292,-0.046,0.954,0.414,-2.890,-0.848,0.000,0.000,1.592,0.030,2,NULL,NULL,,1,0,1,7,255,,250,0,0
stim,9711,9711,0,401674.420,0.788,-0.203,-0.043,0.580,3293,0,0,0,0,9,0,85,20,0.031,96,0,17.117,2.918,1.600,16.920,-2.040,-0.292,-0.045,0.955,0.420,-2.888,-0.848,0.000,0.000,1.592,0.030,2,NULL,NULL,,1,0,1,7,255,,250,0,0
stim,9711,9711,0,401679.420,0.788,-0.203,-0.043,0.580,3294,0,0,0,0,8,0,83,20,0.031,96,0,17.179,2.919,1.540,16.980,-2.100,-0.292,-0.045,0.956,0.426,-2.888,-0.838,0.000,0.000,1.592,0.030,2,NULL,NULL,,1,0,1,7,255,,250,0,0
stim,9711,9711,0,401684.420,0.788,-0.203,-0.043,0.580,3309,0,0,0,0,11,0,84,20,0.031,96,0,17.228,2.929,1.420,17.040,-2.100,-0.292,-0.047,0.956,0.426,-2.898,-0.834,0.000,0.000,1.592,0.030,2,NULL,NULL,,1,0,1,7,255,,250,0,0
stim,9711,9711,0,401689.420,0.788,-0.202,-0.043,0.580,3295,0,0,0,0,0,0,83,20,0.031,96,0,17.156,2.929,1.360,16.980,-2.040,-0.291,-0.048,0.953,0.412,-2.900,-0.834,0.000,0.000,1.592,0.030,2,NULL,NULL,,1,0,1,7,255,,250,0,0
stim,9711,9711,0,401694.420,0.788,-0.202,-0.043,0.580,3294,0,0,0,0,9,0,83,20,0.031,96,0,17.142,2.931,1.360,16.980,-1.920,-0.291,-0.049,0.952,0.408,-2.902,-0.864,0.000,0.000,1.592,0.030,2,NULL,NULL,,1,0,1,7,255,,250,0,0
stim,9711,9711,0,401699.420,0.788,-0.202,-0.043,0.580,3321,0,0,0,0,12,0,86,20,0.031,96,0,17.157,2.930,1.540,16.980,-1.920,-0.292,-0.048,0.953,0.404,-2.902,-0.864,0.000,0.000,1.592,0.030,2,NULL,NULL,,1,0,1,7,255,,250,0,0
stim,9728,9728,0,401704.420,0.788,-0.202,-0.043,0.580,3299,0,0,0,0,10,0,85,20,0.031,96,0,17.164,2.930,1.540,16.980,-1.980,-0.292,-0.049,0.955,0.402,-2.902,-0.854,0.000,0.000,1.592,0.030,2,NULL,NULL,,1,0,1,7,255,,250,0,0
stim,9728,9728,0,401709.420,0.788,-0.202,-0.043,0.580,3311,0,0,0,0,10,0,98,20,0.031,96,0,17.166,2.932,1.480,16.980,-2.040,-0.292,-0.050,0.953,0.402,-2.904,-0.854,0.000,0.000,1.592,0.030,2,NULL,NULL,,1,0,1,7,255,,250,0,0
stim,9762,9762,0,401714.422,0.788,-0.202,-0.043,0.580,3335,0,0,0,0,9,5,84,20,0.031,96,0,17.090,2.934,1.360,16.920,-1.980,-0.290,-0.049,0.955,0.402,-2.906,-0.852,0.000,0.000,1.592,0.030,2,NULL,NULL,,1,0,1,7,255,,250,0,0
stim,9775,9775,0,401719.420,0.788,-0.202,-0.044,0.580,3299,0,0,0,0,9,0,83,20,0.031,96,0,17.139,2.935,1.480,16.980,-1.800,-0.291,-0.047,0.954,0.412,-2.906,-0.854,0.000,0.000,1.592,0.030,2,NULL,NULL,,1,0,1,7,255,,250,0,0
stim,9775,9775,0,401724.422,0.788,-0.202,-0.044,0.580,3299,0,0,0,0,9,0,81,20,0.031,96,0,17.073,2.932,1.600,16.920,-1.620,-0.291,-0.047,0.954,0.420,-2.902,-0.854,0.000,0.000,1.592,0.030,2,NULL,NULL,,1,0,1,7,255,,250,0,0
stim,9775,9775,0,401729.420,0.788,-0.202,-0.044,0.580,3315,0,0,0,0,9,0,87,20,0.031,96,0,17.126,2.930,1.540,16.980,-1.620,-0.292,-0.047,0.954,0.420,-2.900,-0.854,0.000,0.000,1.592,0.030,2,NULL,NULL,,1,0,1,7,255,,250,0,0
stim,9796,9796,0,401734.420,0.788,-0.202,-0.044,0.580,3316,0,0,0,0,12,6,89,20,0.031,96,0,17.198,2.928,1.540,17.040,-1.740,-0.293,-0.048,0.954,0.420,-2.898,-0.848,0.000,0.000,1.592,0.030,2,NULL,NULL,,1,0,1,7,255,,250,0,0
stim,9796,9796,0,401739.420,0.788,-0.202,-0.044,0.581,3311,0,0,0,0,12,0,83,20,0.031,96,0,17.073,2.927,1.540,16.920,-1.680,-0.292,-0.049,0.955,0.414,-2.898,-0.840,0.000,0.000,1.592,0.030,2,NULL,NULL,,1,0,1,7,255,,250,0,0
stim,9796,9796,0,401744.420,0.787,-0.202,-0.044,0.581,3299,0,0,0,0,12,0,85,20,0.031,96,0,17.138,2.923,1.660,16.980,-1.620,-0.292,-0.049,0.953,0.408,-2.894,-0.840,0.000,0.000,1.592,0.030,2,NULL,NULL,,1,0,1,7,255,,250,0,0
stim,9796,9796,0,401749.420,0.787,-0.202,-0.044,0.581,3333,0,0,0,0,16,0,78,20,0.031,96,0,17.084,2.922,1.720,16.920,-1.620,-0.292,-0.050,0.952,0.406,-2.894,-0.850,0.000,0.000,1.592,0.030,2,NULL,NULL,,1,0,1,7,255,,250,0,0
stim,9796,9796,0,401754.420,0.787,-0.202,-0.044,0.581,3301,0,0,0,0,10,0,79,20,0.031,96,0,17.073,2.920,1.720,16.920,-1.500,-0.292,-0.049,0.953,0.406,-2.892,-0.854,0.000,0.000,1.592,0.030,2,NULL,NULL,,1,0,1,7,255,,250,0,0
stim,9796,9796,0,401759.420,0.787,-0.202,-0.044,0.581,3317,0,0,0,0,10,2,84,20,0.031,96,0,17.020,2.920,1.780,16.860,-1.500,-0.293,-0.049,0.953,0.406,-2.892,-0.854,0.000,0.000,1.592,0.030,2,NULL,NULL,,1,0,1,7,255,,250,0,0
stim,9796,9796,0,401764.422,0.787,-0.202,-0.044,0.581,3295,0,0,0,0,16,0,78,20,0.031,96,0,16.950,2.920,1.780,16.800,-1.380,-0.293,-0.049,0.953,0.406,-2.892,-0.848,0.000,0.000,1.592,0.030,2,NULL,NULL,,1,0,1,7,255,,250,0,0
stim,9796,9796,0,401769.420,0.787,-0.202,-0.044,0.581,3299,0,0,0,0,8,0,79,20,0.031,96,0,16.884,2.918,1.840,16.740,-1.200,-0.293,-0.049,0.953,0.406,-2.890,-0.848,0.000,0.000,1.592,0.030,2,NULL,NULL,,1,0,1,7,255,,250,0,0
stim,9807,9807,0,401774.420,0.787,-0.202,-0.044,0.581,3303,0,0,0,0,7,0,79,20,0.031,96,0,16.892,2.919,1.840,16.740,-1.320,-0.293,-0.048,0.954,0.408,-2.890,-0.848,0.000,0.000,1.592,0.030,2,NULL,NULL,,1,0,1,7,255,,250,0,0
stim,9807,9807,0,401779.420,0.787,-0.202,-0.044,0.581,3304,0,0,0,0,12,0,80,20,0.031,96,0,16.962,2.919,1.840,16.800,-1.440,-0.294,-0.049,0.955,0.408,-2.890,-0.842,0.000,0.000,1.592,0.030,2,NULL,NULL,,1,0,1,7,255,,250,0,0
stim,9807,9807,0,401784.420,0.787,-0.202,-0.044,0.581,3304,0,0,0,0,9,0,79,20,0.031,96,0,16.836,2.919,1.780,16.680,-1.440,-0.292,-0.048,0.954,0.412,-2.890,-0.842,0.000,0.000,1.592,0.030,2,NULL,NULL,,1,0,1,7,255,,250,0,0
stim,9807,9807,0,401789.420,0.787,-0.202,-0.044,0.581,3315,0,0,0,0,10,0,80,20,0.031,96,0,16.897,2.925,1.840,16.740,-1.380,-0.292,-0.049,0.953,0.412,-2.896,-0.844,0.000,0.000,1.592,0.030,2,NULL,NULL,,1,0,1,7,255,,250,0,0
stim,9807,9807,0,401794.420,0.787,-0.202,-0.044,0.581,3303,0,0,0,0,9,0,82,20,0.031,96,0,16.888,2.925,1.840,16.740,-1.260,-0.291,-0.050,0.954,0.412,-2.896,-0.850,0.000,0.000,1.592,0.030,2,NULL,NULL,,1,0,1,7,255,,250,0,0
stim,9807,9807,0,401799.420,0.787,-0.202,-0.044,0.581,3303,0,0,0,0,10,0,81,20,0.031,96,0,16.897,2.941,1.960,16.740,-1.200,-0.291,-0.051,0.953,0.410,-2.912,-0.858,0.000,0.000,1.592,0.030,2,NULL,NULL,,1,0,1,7,255,,250,0,0
stim,9826,9826,0,401804.420,0.787,-0.202,-0.044,0.581,3305,0,0,0,0,9,0,82,20,0.031,96,0,16.889,2.939,1.960,16.740,-1.080,-0.292,-0.052,0.953,0.398,-2.912,-0.854,0.000,0.000,1.592,0.030,2,NULL,NULL,,1,0,1,7,255,,250,0,0
stim,9826,9826,0,401809.420,0.787,-0.202,-0.044,0.581,3312,0,0,0,0,11,0,91,20,0.031,96,0,16.896,2.936,2.020,16.740,-1.080,-0.292,-0.052,0.953,0.388,-2.910,-0.854,0.000,0.000,1.592,0.030,2,NULL,NULL,,1,0,1,7,255,,250,0,0
stim,9861,9861,0,401814.424,0.787,-0.202,-0.044,0.581,3315,0,0,0,0,10,0,87,20,0.031,96,0,16.892,2.932,2.020,16.740,-1.020,-0.292,-0.050,0.953,0.388,-2.906,-0.854,0.000,0.000,1.592,0.030,2,NULL,NULL,,1,0,1,7,255,,250,0,0
stim,9861,9861,0,401819.420,0.787,-0.202,-0.044,0.582,3305,0,0,0,0,10,0,77,20,0.031,96,0,16.892,2.929,2.080,16.740,-0.880,-0.293,-0.050,0.952,0.400,-2.902,-0.854,0.000,0.000,1.592,0.030,2,NULL,NULL,,1,0,1,7,255,,250,0,0
stim,9894,9894,0,401824.422,0.787,-0.202,-0.044,0.582,3305,0,0,0,0,10,0,79,20,0.031,96,0,16.832,2.914,2.080,16.680,-0.880,-0.295,-0.050,0.954,0.400,-2.886,-0.854,0.000,0.000,1.592,0.030,2,NULL,NULL,,1,0,1,7,255,,250,0,0
stim,9894,9894,0,401829.420,0.787,-0.202,-0.044,0.582,3351,0,0,0,0,11,0,79,20,0.031,96,0,16.765,2.914,2.020,16.620,-0.880,-0.294,-0.049,0.954,0.400,-2.886,-0.840,0.000,0.000,1.592,0.030,2,NULL,NULL,,1,0,1,7,255,,250,0,0
stim,9897,9897,0,401834.420,0.787,-0.202,-0.044,0.582,3341,0,0,0,0,11,0,88,20,0.031,96,0,16.765,2.912,2.020,16.620,-0.880,-0.294,-0.048,0.954,0.406,-2.884,-0.838,0.000,0.000,1.592,0.030,2,NULL,NULL,,1,0,1,7,255,,250,0,0
stim,9897,9897,0,401839.420,0.787,-0.202,-0.044,0.582,3317,0,0,0,0,21,0,90,20,0.031,96,0,16.736,2.918,2.220,16.560,-0.960,-0.293,-0.047,0.954,0.414,-2.888,-0.838,0.000,0.000,1.592,0.030,2,NULL,NULL,,1,0,1,7,255,,250,0,0
stim,9897,9897,0,401844.420,0.787,-0.202,-0.044,0.582,3317,0,0,0,0,12,0,83,20,0.031,96,0,16.788,2.919,2.140,16.620,-1.020,-0.292,-0.047,0.955,0.426,-2.888,-0.838,0.000,0.000,1.592,0.030,2,NULL,NULL,,1,0,1,7,255,,250,0,0
stim,9897,9897,0,401849.420,0.787,-0.202,-0.044,0.582,3322,0,0,0,0,10,0,81,20,0.031,96,0,16.822,2.931,2.020,16.680,-0.820,-0.291,-0.049,0.954,0.426,-2.900,-0.838,0.000,0.000,1.592,0.030,2,NULL,NULL,,1,0,1,7,255,,250,0,0
stim,9898,9898,0,401854.420,0.787,-0.202,-0.044,0.582,3305,0,0,0,0,8,0,81,20,0.031,96,0,16.755,2.930,1.960,16.620,-0.820,-0.293,-0.050,0.952,0.420,-2.900,-0.852,0.000,0.000,1.592,0.030,2,NULL,NULL,,1,0,1,7,255,,250,0,0
stim,9898,9898,0,401859.420,0.787,-0.202,-0.044,0.582,3352,0,0,0,0,11,1,87,20,0.031,96,0,16.766,2.919,1.960,16.620,-1.020,-0.294,-0.051,0.953,0.398,-2.892,-0.852,0.000,0.000,1.592,0.030,2,NULL,NULL,,1,0,1,7,255,,250,0,0
stim,9919,9919,0,401864.422,0.787,-0.202,-0.044,0.582,3303,0,0,0,0,16,0,78,20,0.031,96,0,16.851,2.917,2.140,16.680,-1.080,-0.294,-0.050,0.952,0.398,-2.890,-0.852,0.000,0.000,1.592,0.030,2,NULL,NULL,,1,0,1,7,255,,250,0,0
stim,9919,9919,0,401869.420,0.787,-0.202,-0.044,0.582,3307,0,0,0,0,9,0,79,20,0.031,96,0,16.844,2.917,2.140,16.680,-0.960,-0.292,-0.051,0.953,0.398,-2.890,-0.852,0.000,0.000,1.592,0.030,2,NULL,NULL,,1,0,1,7,255,,250,0,0
stim,9919,9919,0,401874.420,0.787,-0.201,-0.044,0.582,3307,0,0,0,0,8,0,77,20,0.031,96,0,16.785,2.931,2.220,16.620,-0.760,-0.292,-0.051,0.954,0.400,-2.904,-0.852,0.000,0.000,1.592,0.030,2,NULL,NULL,,1,0,1,7,255,,250,0,0
stim,9919,9919,0,401879.420,0.786,-0.201,-0.044,0.582,3319,0,0,0,0,11,4,78,20,0.031,96,0,16.718,2.931,2.220,16.560,-0.580,-0.294,-0.051,0.954,0.398,-2.904,-0.850,0.000,0.000,1.592,0.030,2,NULL,NULL,,1,0,1,7,255,,250,0,0
stim,9919,9919,0,401884.420,0.786,-0.201,-0.044,0.582,3307,0,0,0,0,9,0,76,20,0.031,96,0,16.726,2.922,2.280,16.560,-0.580,-0.295,-0.051,0.952,0.390,-2.896,-0.850,0.000,0.000,1.592,0.030,2,NULL,NULL,,1,0,1,7,255,,250,0,0
stim,9919,9919,0,401889.420,0.786,-0.201,-0.044,0.582,3341,0,0,0,0,9,0,79,20,0.031,96,0,16.688,2.904,2.400,16.500,-0.700,-0.296,-0.049,0.953,0.390,-2.878,-0.840,0.000,0.000,1.592,0.030,2,NULL,NULL,,1,0,1,7,255,,250,0,0
stim,9919,9919,0,401894.420,0.786,-0.201,-0.044,0.582,3310,0,0,0,0,17,1,77,20,0.031,96,0,16.710,2.896,2.460,16.500,-0.960,-0.295,-0.047,0.952,0.404,-2.868,-0.844,0.000,0.000,1.592,0.030,2,NULL,NULL,,1,0,1,7,255,,250,0,0
stim,9919,9919,0,401899.420,0.786,-0.201,-0.044,0.582,3310,0,0,0,0,8,1,89,20,0.031,96,0,16.638,2.897,2.400,16.440,-0.880,-0.292,-0.050,0.955,0.410,-2.868,-0.842,0.000,0.000,1.592,0.030,2,NULL,NULL,,1,0,1,7,255,,250,0,0
stim,9919,9919,0,401904.420,0.786,-0.201,-0.044,0.582,3307,0,0,0,0,9,0,77,20,0.031,96,0,16.618,2.939,2.340,16.440,-0.640,-0.292,-0.051,0.954,0.410,-2.910,-0.844,0.000,0.000,1.592,0.030,2,NULL,NULL,,1,0,1,7,255,,250,0,0
stim,9919,9919,0,401909.420,0.786,-0.201,-0.044,0.582,3321,0,0,0,0,18,0,81,20,0.031,96,0,16.535,2.937,2.340,16.360,-0.520,-0.294,-0.050,0.953,0.396,-2.910,-0.844,0.000,0.000,1.592,0.030,2,NULL,NULL,,1,0,1,7,255,,250,0,0
stim,9967,9967,0,401914.422,0.786,-0.201,-0.044,0.582,3337,0,0,0,0,10,0,79,20,0.031,96,0,16.495,2.917,2.460,16.300,-0.580,-0.295,-0.050,0.952,0.396,-2.890,-0.844,0.000,0.000,1.592,0.030,2,NULL,NULL,,1,0,1,7,255,,250,0,0
stim,9983,9983,0,401919.420,0.786,-0.201,-0.044,0.582,3346,0,0,0,0,12,3,76,20,0.031,96,0,16.553,2.917,2.400,16.360,-0.760,-0.294,-0.050,0.954,0.396,-2.890,-0.844,0.000,0.000,1.592,0.030,2,NULL,NULL,,1,0,1,7,255,,250,0,0
stim,9983,9983,0,401924.422,0.786,-0.201,-0.044,0.583,3307,0,0,0,0,9,0,77,20,0.031,96,0,16.555,2.921,2.400,16.360,-0.820,-0.292,-0.051,0.953,0.394,-2.894,-0.844,0.000,0.000,1.592,0.030,2,NULL,NULL,,1,0,1,7,255,,250,0,0
stim,9983,9983,0,401929.420,0.786,-0.201,-0.044,0.583,3321,0,0,0,0,12,0,83,20,0.031,96,0,16.528,2.932,2.280,16.360,-0.580,-0.291,-0.052,0.954,0.392,-2.906,-0.854,0.000,0.000,1.592,0.030,2,NULL,NULL,,1,0,1,7,255,,250,0,0
stim,9983,9983,0,401934.420,0.786,-0.201,-0.044,0.583,3309,0,0,0,0,16,1,77,20,0.031,96,0,16.522,2.934,2.280,16.360,-0.340,-0.292,-0.051,0.953,0.392,-2.908,-0.858,0.000,0.000,1.592,0.030,2,NULL,NULL,,1,0,1,7,255,,250,0,0
stim,9983,9983,0,401939.420,0.786,-0.201,-0.044,0.583,3310,0,0,0,0,13,1,81,20,0.031,96,0,16.627,2.935,2.460,16.440,-0.340,-0.294,-0.050,0.953,0.394,-2.908,-0.854,0.000,0.000,1.592,0.030,2,NULL,NULL,,1,0,1,7,255,,250,0,0
stim,9983,9983,0,401944.420,0.786,-0.201,-0.044,0.583,3319,0,0,0,0,12,0,77,20,0.031,96,0,16.638,2.919,2.520,16.440,-0.460,-0.293,-0.050,0.953,0.398,-2.892,-0.848,0.000,0.000,1.592,0.030,2,NULL,NULL,,1,0,1,7,255,,250,0,0
stim,9983,9983,0,401949.420,0.786,-0.201,-0.044,0.583,3321,0,0,0,0,7,0,79,20,0.031,96,0,16.622,2.919,2.400,16.440,-0.520,-0.292,-0.051,0.954,0.394,-2.892,-0.848,0.000,0.000,1.592,0.030,2,NULL,NULL,,1,0,1,7,255,,250,0,0
stim,9983,9983,0,401954.420,0.786,-0.201,-0.044,0.583,3307,0,0,0,0,9,0,77,20,0.031,96,0,16.529,2.932,2.340,16.360,-0.280,-0.292,-0.053,0.952,0.392,-2.906,-0.848,0.000,0.000,1.592,0.030,2,NULL,NULL,,1,0,1,7,255,,250,0,0
stim,9983,9983,0,401959.420,0.786,-0.201,-0.044,0.583,3307,0,0,0,0,10,0,78,20,0.031,96,0,16.485,2.930,2.460,16.300,-0.100,-0.294,-0.052,0.951,0.374,-2.906,-0.858,0.000,0.000,1.592,0.030,2,NULL,NULL,,1,0,1,7,255,,250,0,0
stim,9999,9999,0,401964.421,0.786,-0.201,-0.044,0.583,3312,0,0,0,0,19,0,91,20,0.031,96,0,16.582,2.912,2.700,16.360,-0.100,-0.295,-0.051,0.952,0.374,-2.888,-0.858,0.000,0.000,1.592,0.030,2,NULL,NULL,,1,0,1,7,255,,250,0,0
stim,9999,9999,0,401969.420,0.786,-0.201,-0.044,0.583,3309,0,0,0,0,10,0,81,20,0.031,96,0,16.602,2.913,2.820,16.360,-0.160,-0.294,-0.052,0.954,0.378,-2.888,-0.846,0.000,0.000,1.592,0.030,2,NULL,NULL,,1,0,1,7,255,,250,0,0
stim,9999,9999,0,401974.421,0.786,-0.201,-0.044,0.583,3309,0,0,0,0,9,0,77,20,0.031,96,0,16.532,2.927,2.760,16.300,-0.100,-0.292,-0.052,0.954,0.384,-2.902,-0.842,0.000,0.000,1.592,0.030,2,NULL,NULL,,1,0,1,7,255,,250,0,0
stim,10015,10015,0,401979.420,0.786,-0.201,-0.044,0.583,3352,0,0,0,0,9,1,87,20,0.031,96,0,16.463,2.927,2.700,16.240,-0.040,-0.293,-0.052,0.953,0.380,-2.902,-0.842,0.000,0.000,1.592,0.030,2,NULL,NULL,,1,0,1,7,255,,250,0,0
stim,10015,10015,0,401984.420,0.786,-0.202,-0.044,0.583,3303,0,0,0,0,10,1,78,20,0.031,96,0,16.425,2.921,2.820,16.180,0.140,-0.293,-0.051,0.952,0.384,-2.896,-0.850,0.000,0.000,1.592,0.030,2,NULL,NULL,,1,0,1,7,255,,250,0,0
stim,10015,10015,0,401989.420,0.786,-0.202,-0.044,0.583,3310,0,0,0,0,9,0,77,20,0.031,96,0,16.375,2.921,2.880,16.120,0.080,-0.295,-0.049,0.952,0.384,-2.896,-0.850,0.000,0.000,1.592,0.030,2,NULL,NULL,,1,0,1,7,255,,250,0,0
stim,10015,10015,0,401994.420,0.786,-0.202,-0.044,0.583,3308,0,0,0,0,9,0,79,20,0.031,96,0,16.397,2.923,3.000,16.120,0.080,-0.292,-0.049,0.953,0.394,-2.896,-0.852,0.000,0.000,1.592,0.030,2,NULL,NULL,,1,0,1,7,255,,250,0,0
stim,10015,10015,0,401999.420,0.786,-0.202,-0.044,0.583,3331,0,0,0,0,11,0,85,20,0.031,96,0,16.387,2.924,2.940,16.120,0.140,-0.293,-0.049,0.954,0.402,-2.896,-0.846,0.000,0.000,1.592,0.030,2,NULL,NULL,,1,0,1,7,255,,250,0,0
stim,10031,10031,0,402004.420,0.786,-0.202,-0.044,0.583,3304,0,0,0,0,9,1,85,20,0.031,96,0,16.414,2.924,2.760,16.180,0.140,-0.293,-0.050,0.953,0.402,-2.896,-0.852,0.000,0.000,1.592,0.030,2,NULL,NULL,,1,0,1,7,255,,250,0,0
stim,10031,10031,0,402009.420,0.786,-0.202,-0.044,0.583,3337,0,0,0,0,9,0,87,20,0.031,96,0,16.414,2.919,2.760,16.180,0.140,-0.293,-0.050,0.953,0.394,-2.892,-0.850,0.000,0.000,1.592,0.030,2,NULL,NULL,,1,0,1,7,255,,250,0,0
stim,10063,10063,0,402014.422,0.786,-0.202,-0.044,0.583,3308,0,0,0,0,7,0,83,20,0.031,96,0,16.376,2.918,2.880,16.120,0.140,-0.292,-0.051,0.952,0.392,-2.892,-0.852,0.000,0.000,1.592,0.030,2,NULL,NULL,,1,0,1,7,255,,250,0,0
stim,10063,10063,0,402019.420,0.786,-0.202,-0.044,0.583,3325,0,0,0,0,8,0,82,20,0.031,96,0,16.319,2.928,2.880,16.060,0.280,-0.292,-0.051,0.953,0.386,-2.902,-0.856,0.000,0.000,1.592,0.030,2,NULL,NULL,,1,0,1,7,255,,250,0,0
stim,10079,10079,0,402024.422,0.786,-0.202,-0.044,0.583,3307,0,0,0,0,9,0,83,20,0.031,96,0,16.379,2.928,2.880,16.120,0.340,-0.293,-0.051,0.953,0.386,-2.902,-0.856,0.000,0.000,1.592,0.030,2,NULL,NULL,,1,0,1,7,255,,250,0,0
stim,10079,10079,0,402029.420,0.786,-0.202,-0.044,0.583,3347,0,0,0,0,10,1,84,20,0.031,96,0,16.373,2.921,2.820,16.120,0.520,-0.293,-0.051,0.953,0.382,-2.896,-0.852,0.000,0.000,1.592,0.030,2,NULL,NULL,,1,0,1,7,255,,250,0,0
stim,10079,10079,0,402034.420,0.786,-0.202,-0.043,0.583,3311,0,0,0,0,10,0,79,20,0.031,96,0,16.379,2.919,2.880,16.120,0.340,-0.294,-0.050,0.955,0.382,-2.894,-0.844,0.000,0.000,1.592,0.030,2,NULL,NULL,,1,0,1,7,255,,250,0,0
stim,10079,10079,0,402039.420,0.786,-0.202,-0.043,0.583,3339,0,0,0,0,9,6,80,20,0.031,96,0,16.388,2.916,2.940,16.120,0.280,-0.293,-0.049,0.953,0.390,-2.890,-0.844,0.000,0.000,1.592,0.030,2,NULL,NULL,,1,0,1,7,255,,250,0,0
stim,10079,10079,0,402044.420,0.786,-0.202,-0.043,0.583,3322,0,0,0,0,10,1,91,20,0.031,96,0,16.391,2.916,2.940,16.120,0.400,-0.293,-0.049,0.954,0.392,-2.890,-0.844,0.000,0.000,1.592,0.030,2,NULL,NULL,,1,0,1,7,255,,250,0,0
stim,10079,10079,0,402049.420,0.786,-0.202,-0.043,0.583,3311,0,0,0,0,17,6,83,20,0.031,96,0,16.337,2.923,2.940,16.060,0.580,-0.292,-0.049,0.955,0.394,-2.896,-0.844,0.000,0.000,1.592,0.030,2,NULL,NULL,,1,0,1,7,255,,250,0,0
stim,10081,10081,0,402054.420,0.786,-0.202,-0.043,0.583,3308,0,0,0,0,8,0,81,20,0.031,96,0,16.280,2.923,2.940,16.000,0.640,-0.293,-0.050,0.954,0.394,-2.896,-0.838,0.000,0.000,1.592,0.030,2,NULL,NULL,,1,0,1,7,255,,250,0,0
stim,10081,10081,0,402059.420,0.786,-0.202,-0.043,0.583,3310,0,0,0,0,11,0,85,20,0.031,96,0,16.276,2.922,2.940,16.000,0.520,-0.294,-0.050,0.953,0.388,-2.896,-0.838,0.000,0.000,1.592,0.030,2,NULL,NULL,,1,0,1,7,255,,250,0,0
stim,10095,10095,0,402064.422,0.786,-0.202,-0.043,0.583,3306,0,0,0,0,7,4,85,20,0.031,96,0,16.238,2.911,3.060,15.940,0.460,-0.295,-0.051,0.953,0.384,-2.886,-0.840,0.000,0.000,1.592,0.030,2,NULL,NULL,,1,0,1,7,255,,250,0,0
stim,10095,10095,0,402069.421,0.786,-0.202,-0.043,0.583,3307,0,0,0,0,9,0,83,20,0.031,96,0,16.180,2.910,3.060,15.880,0.520,-0.294,-0.051,0.953,0.370,-2.886,-0.842,0.000,0.000,1.592,0.030,2,NULL,NULL,,1,0,1,7,255,,250,0,0
stim,10095,10095,0,402074.420,0.786,-0.202,-0.043,0.583,3307,0,0,0,0,9,0,83,20,0.031,96,0,16.196,2.914,3.120,15.880,0.640,-0.293,-0.050,0.953,0.370,-2.890,-0.842,0.000,0.000,1.592,0.030,2,NULL,NULL,,1,0,1,7,255,,250,0,0
stim,10095,10095,0,402079.420,0.786,-0.202,-0.043,0.583,3308,0,0,0,0,10,3,84,20,0.031,96,0,16.185,2.915,3.060,15.880,0.640,-0.294,-0.049,0.954,0.382,-2.890,-0.842,0.000,0.000,1.592,0.030,2,NULL,NULL,,1,0,1,7,255,,250,0,0
stim,10111,10111,0,402084.420,0.786,-0.202,-0.043,0.583,3309,0,0,0,0,10,0,83,20,0.031,96,0,16.217,2.913,2.940,15.940,0.520,-0.293,-0.049,0.953,0.384,-2.888,-0.844,0.000,0.000,1.592,0.030,2,NULL,NULL,,1,0,1,7,255,,250,0,0
stim,10111,10111,0,402089.420,0.786,-0.202,-0.043,0.583,3308,0,0,0,0,10,0,83,20,0.031,96,0,16.223,2.914,3.000,15.940,0.340,-0.292,-0.049,0.954,0.386,-2.888,-0.844,0.000,0.000,1.592,0.030,2,NULL,NULL,,1,0,1,7,255,,250,0,0
stim,10111,10111,0,402094.422,0.786,-0.202,-0.043,0.583,3309,0,0,0,0,9,2,91,20,0.031,96,0,16.163,2.922,3.000,15.880,0.280,-0.292,-0.050,0.956,0.388,-2.896,-0.844,0.000,0.000,1.592,0.030,2,NULL,NULL,,1,0,1,7,255,,250,0,0
stim,10111,10111,0,402099.420,0.786,-0.202,-0.043,0.583,3306,0,0,0,0,10,0,83,20,0.031,96,0,16.214,2.932,2.940,15.940,0.400,-0.292,-0.049,0.954,0.390,-2.906,-0.846,0.000,0.000,1.592,0.030,2,NULL,NULL,,1,0,1,7,255,,250,0,0
stim,10129,10129,0,402104.420,0.786,-0.202,-0.043,0.583,3317,0,0,0,0,16,2,80,20,0.031,96,0,16.219,2.932,2.940,15.940,0.580,-0.292,-0.051,0.954,0.388,-2.906,-0.846,0.000,0.000,1.592,0.030,2,NULL,NULL,,1,0,1,7,255,,250,0,0
stim,10129,10129,0,402109.420,0.786,-0.202,-0.043,0.583,3361,0,0,0,0,10,0,87,20,0.031,96,0,16.255,2.930,2.820,16.000,0.520,-0.293,-0.050,0.953,0.372,-2.906,-0.846,0.000,0.000,1.592,0.030,2,NULL,NULL,,1,0,1,7,255,,250,0,0
stim,10159,10159,0,402114.422,0.785,-0.202,-0.043,0.583,3317,0,0,0,0,12,0,87,20,0.031,96,0,16.261,2.918,2.880,16.000,0.340,-0.293,-0.048,0.954,0.372,-2.894,-0.846,0.000,0.000,1.592,0.030,2,NULL,NULL,,1,0,1,7,255,,250,0,0
stim,10159,10159,0,402119.420,0.785,-0.202,-0.043,0.583,3323,0,0,0,0,7,6,95,20,0.031,96,0,16.316,2.920,2.880,16.060,0.080,-0.293,-0.048,0.955,0.388,-2.894,-0.840,0.000,0.000,1.592,0.030,2,NULL,NULL,,1,0,1,7,255,,250,0,0
stim,10191,10191,0,402124.422,0.785,-0.202,-0.043,0.584,3309,0,0,0,0,9,0,85,20,0.031,96,0,16.247,2.922,2.820,16.000,0.140,-0.292,-0.049,0.955,0.388,-2.896,-0.836,0.000,0.000,1.592,0.030,2,NULL,NULL,,1,0,1,7,255,,250,0,0
stim,10191,10191,0,402129.420,0.785,-0.202,-0.043,0.584,3309,0,0,0,0,12,0,90,20,0.031,96,0,16.299,2.922,2.760,16.060,0.340,-0.293,-0.049,0.955,0.388,-2.896,-0.830,0.000,0.000,1.592,0.030,2,NULL,NULL,,1,0,1,7,255,,250,0,0
stim,10191,10191,0,402134.420,0.785,-0.202,-0.043,0.584,3355,0,0,0,0,16,1,83,20,0.031,96,0,16.249,2.922,2.820,16.000,0.280,-0.293,-0.049,0.954,0.386,-2.896,-0.836,0.000,0.000,1.592,0.030,2,NULL,NULL,,1,0,1,7,255,,250,0,0
stim,10191,10191,0,402139.420,0.785,-0.202,-0.043,0.584,3347,0,0,0,0,9,1,89,20,0.031,96,0,16.317,2.916,2.880,16.060,0.140,-0.294,-0.047,0.955,0.386,-2.890,-0.830,0.000,0.000,1.592,0.030,2,NULL,NULL,,1,0,1,7,255,,250,0,0
stim,10191,10191,0,402144.420,0.785,-0.202,-0.042,0.584,3309,0,0,0,0,16,0,87,20,0.031,96,0,16.316,2.907,2.880,16.060,0.020,-0.294,-0.047,0.954,0.392,-2.880,-0.832,0.000,0.000,1.592,0.030,2,NULL,NULL,,1,0,1,7,255,,250,0,0
stim,10191,10191,0,402149.420,0.785,-0.202,-0.042,0.584,3324,0,0,0,0,10,1,89,20,0.031,96,0,16.365,2.907,2.820,16.120,0.020,-0.294,-0.049,0.955,0.392,-2.880,-0.828,0.000,0.000,1.592,0.030,2,NULL,NULL,,1,0,1,7,255,,250,0,0
stim,10191,10191,0,402154.420,0.785,-0.202,-0.042,0.584,3340,0,0,0,0,11,0,88,20,0.031,96,0,16.345,2.912,2.700,16.120,-0.040,-0.293,-0.048,0.956,0.388,-2.886,-0.828,0.000,0.000,1.592,0.030,2,NULL,NULL,,1,0,1,7,255,,250,0,0
stim,10191,10191,0,402159.420,0.785,-0.202,-0.042,0.584,3349,0,0,0,0,12,0,86,20,0.031,96,0,16.306,2.911,2.820,16.060,0.020,-0.294,-0.049,0.955,0.380,-2.886,-0.828,0.000,0.000,1.592,0.030,2,NULL,NULL,,1,0,1,7,255,,250,0,0
stim,10191,10191,0,402164.422,0.785,-0.202,-0.042,0.584,3304,0,0,0,0,10,0,89,20,0.031,96,0,16.375,2.912,2.880,16.120,-0.040,-0.293,-0.047,0.955,0.388,-2.886,-0.828,0.000,0.000,1.592,0.030,2,NULL,NULL,,1,0,1,7,255,,250,0,0
stim,10212,10212,0,402169.420,0.785,-0.202,-0.042,0.584,3309,0,0,0,0,12,0,88,20,0.031,96,0,16.365,2.913,2.820,16.120,-0.100,-0.292,-0.048,0.956,0.394,-2.886,-0.830,0.000,0.000,1.592,0.030,2,NULL,NULL,,1,0,1,7,255,,250,0,0
stim,10212,10212,0,402174.420,0.785,-0.202,-0.042,0.584,3305,0,0,0,0,9,0,87,20,0.031,96,0,16.346,2.913,2.700,16.120,-0.220,-0.293,-0.048,0.954,0.394,-2.886,-0.832,0.000,0.000,1.592,0.030,2,NULL,NULL,,1,0,1,7,255,,250,0,0
stim,10212,10212,0,402179.420,0.785,-0.202,-0.042,0.584,3309,0,0,0,0,8,3,85,20,0.031,96,0,16.336,2.918,2.640,16.120,-0.220,-0.293,-0.049,0.954,0.386,-2.892,-0.836,0.000,0.000,1.592,0.030,2,NULL,NULL,,1,0,1,7,255,,250,0,0
stim,10212,10212,0,402184.422,0.785,-0.202,-0.042,0.584,3305,0,0,0,0,5,0,85,20,0.031,96,0,16.358,2.917,2.760,16.120,-0.340,-0.292,-0.049,0.954,0.378,-2.892,-0.836,0.000,0.000,1.592,0.030,2,NULL,NULL,,1,0,1,7,255,,250,0,0
stim,10212,10212,0,402189.420,0.785,-0.202,-0.042,0.584,3303,0,0,0,0,10,1,85,20,0.031,96,0,16.465,2.918,2.700,16.240,-0.280,-0.291,-0.050,0.953,0.372,-2.894,-0.838,0.000,0.000,1.592,0.030,2,NULL,NULL,,1,0,1,7,255,,250,0,0
stim,10214,10214,0,402194.420,0.785,-0.202,-0.042,0.584,3336,0,0,0,0,9,0,97,20,0.031,96,0,16.414,2.929,2.760,16.180,-0.160,-0.291,-0.051,0.955,0.366,-2.906,-0.844,0.000,0.000,1.592,0.030,2,NULL,NULL,,1,0,1,7,255,,250,0,0
stim,10214,10214,0,402199.420,0.785,-0.202,-0.042,0.584,3303,0,0,0,0,10,1,86,20,0.031,96,0,16.464,2.929,2.700,16.240,-0.160,-0.291,-0.050,0.953,0.366,-2.906,-0.854,0.000,0.000,1.592,0.030,2,NULL,NULL,,1,0,1,7,255,,250,0,0
stim,10223,10223,0,402204.420,0.785,-0.202,-0.042,0.584,3303,0,0,0,0,12,0,87,20,0.031,96,0,16.475,2.929,2.760,16.240,-0.280,-0.292,-0.047,0.954,0.366,-2.906,-0.844,0.000,0.000,1.592,0.030,2,NULL,NULL,,1,0,1,7,255,,250,0,0
stim,10223,10223,0,402209.420,0.785,-0.202,-0.042,0.584,3301,0,0,0,0,11,0,86,20,0.031,96,0,16.489,2.915,2.820,16.240,-0.460,-0.292,-0.048,0.954,0.384,-2.890,-0.842,0.000,0.000,1.592,0.030,2,NULL,NULL,,1,0,1,7,255,,250,0,0
stim,10287,10287,0,402214.422,0.785,-0.202,-0.042,0.584,3305,0,0,0,0,9,0,85,20,0.031,96,0,16.465,2.915,2.700,16.240,-0.280,-0.292,-0.050,0.955,0.384,-2.890,-0.840,0.000,0.000,1.592,0.030,2,NULL,NULL,,1,0,1,7,255,,250,0,0
stim,10287,10287,0,402219.420,0.785,-0.202,-0.042,0.584,3335,0,0,0,0,7,1,89,20,0.031,96,0,16.404,2.918,2.700,16.180,-0.100,-0.293,-0.050,0.955,0.370,-2.894,-0.838,0.000,0.000,1.592,0.030,2,NULL,NULL,,1,0,1,7,255,,250,0,0
stim,10287,10287,0,402224.421,0.785,-0.202,-0.042,0.584,3305,0,0,0,0,9,1,85,20,0.031,96,0,16.483,2.918,2.820,16.240,-0.100,-0.294,-0.047,0.953,0.370,-2.894,-0.838,0.000,0.000,1.592,0.030,2,NULL,NULL,,1,0,1,7,255,,250,0,0
stim,10287,10287,0,402229.420,0.785,-0.202,-0.042,0.584,3301,0,0,0,0,9,0,88,20,0.031,96,0,16.506,2.903,2.940,16.240,-0.280,-0.293,-0.047,0.954,0.380,-2.878,-0.838,0.000,0.000,1.592,0.030,2,NULL,NULL,,1,0,1,7,255,,250,0,0
stim,10287,10287,0,402234.420,0.785,-0.202,-0.042,0.584,3295,0,0,0,0,20,1,87,20,0.031,96,0,16.531,2.903,3.060,16.240,-0.400,-0.293,-0.048,0.955,0.380,-2.878,-0.838,0.000,0.000,1.592,0.030,2,NULL,NULL,,1,0,1,7,255,,250,0,0
stim,10287,10287,0,402239.421,0.785,-0.202,-0.042,0.584,3292,0,0,0,0,21,3,86,20,0.031,96,0,16.450,2.914,2.940,16.180,-0.400,-0.292,-0.049,0.955,0.376,-2.890,-0.836,0.000,0.000,1.592,0.030,2,NULL,NULL,,1,0,1,7,255,,250,0,0
stim,10287,10287,0,402244.420,0.785,-0.202,-0.042,0.584,3303,0,0,0,0,16,1,99,20,0.031,96,0,16.446,2.924,2.940,16.180,-0.160,-0.292,-0.050,0.954,0.374,-2.900,-0.836,0.000,0.000,1.592,0.030,2,NULL,NULL,,1,0,1,7,255,,250,0,0
stim,10287,10287,0,402249.420,0.785,-0.202,-0.042,0.584,3310,0,0,0,0,10,2,86,20,0.031,96,0,16.467,2.923,3.060,16.180,-0.040,-0.292,-0.049,0.953,0.364,-2.900,-0.844,0.000,0.000,1.592,0.030,2,NULL,NULL,,1,0,1,7,255,,250,0,0
stim,10287,10287,0,402254.420,0.785,-0.202,-0.042,0.584,3292,0,0,0,0,25,0,83,20,0.031,96,0,16.372,2.923,3.180,16.060,-0.040,-0.291,-0.049,0.953,0.364,-2.900,-0.852,0.000,0.000,1.592,0.030,2,NULL,NULL,,1,0,1,7,255,,250,0,0
stim,10287,10287,0,402259.420,0.785,-0.202,-0.042,0.584,3296,0,0,0,0,11,1,87,20,0.031,96,0,16.455,2.924,3.300,16.120,-0.100,-0.291,-0.049,0.954,0.370,-2.900,-0.852,0.000,0.000,1.592,0.030,2,NULL,NULL,,1,0,1,7,255,,250,0,0
stim,10306,10306,0,402264.422,0.785,-0.202,-0.042,0.584,3332,0,0,0,0,9,2,87,20,0.031,96,0,16.408,2.924,3.360,16.060,0.020,-0.291,-0.048,0.953,0.370,-2.900,-0.854,0.000,0.000,1.592,0.030,2,NULL,NULL,,1,0,1,7,255,,250,0,0
stim,10306,10306,0,402269.420,0.785,-0.202,-0.042,0.584,3292,0,0,0,0,13,0,87,20,0.031,96,0,16.398,2.925,3.300,16.060,0.280,-0.291,-0.049,0.953,0.370,-2.902,-0.856,0.000,0.000,1.592,0.030,2,NULL,NULL,,1,0,1,7,255,,250,0,0
stim,10306,10306,0,402274.420,0.785,-0.202,-0.042,0.584,3291,0,0,0,0,12,0,87,20,0.031,96,0,16.342,2.923,3.300,16.000,0.400,-0.292,-0.050,0.952,0.364,-2.900,-0.856,0.000,0.000,1.592,0.030,2,NULL,NULL,,1,0,1,7,255,,250,0,0
stim,10306,10306,0,402279.420,0.785,-0.202,-0.042,0.584,3288,0,0,0,0,16,0,85,20,0.031,96,0,16.312,2.917,3.440,15.940,0.400,-0.292,-0.048,0.952,0.364,-2.894,-0.856,0.000,0.000,1.592,0.030,2,NULL,NULL,,1,0,1,7,255,,250,0,0
stim,10306,10306,0,402284.420,0.785,-0.202,-0.042,0.584,3289,0,0,0,0,13,0,87,20,0.031,96,0,16.328,2.917,3.500,15.940,0.520,-0.291,-0.048,0.953,0.364,-2.894,-0.854,0.000,0.000,1.592,0.030,2,NULL,NULL,,1,0,1,7,255,,250,0,0
stim,10306,10306,0,402289.420,0.785,-0.202,-0.041,0.584,3319,0,0,0,0,11,0,91,20,0.031,96,0,16.332,2.921,3.500,15.940,0.640,-0.291,-0.050,0.955,0.364,-2.898,-0.854,0.000,0.000,1.592,0.030,2,NULL,NULL,,1,0,1,7,255,,250,0,0
stim,10319,10319,0,402294.420,0.785,-0.202,-0.041,0.584,3287,0,0,0,0,11,0,86,20,0.031,96,0,16.223,2.919,3.500,15.820,0.820,-0.292,-0.051,0.952,0.352,-2.898,-0.854,0.000,0.000,1.592,0.030,2,NULL,NULL,,1,0,1,7,255,,250,0,0
stim,10319,10319,0,402299.420,0.785,-0.202,-0.041,0.584,3288,0,0,0,0,11,0,89,20,0.031,96,0,16.208,2.919,3.440,15.820,0.760,-0.293,-0.049,0.952,0.352,-2.898,-0.850,0.000,0.000,1.592,0.030,2,NULL,NULL,,1,0,1,7,255,,250,0,0
stim,10319,10319,0,402304.420,0.785,-0.202,-0.041,0.584,3291,0,0,0,0,16,0,87,20,0.031,96,0,16.244,2.909,3.620,15.820,0.700,-0.292,-0.047,0.954,0.352,-2.888,-0.850,0.000,0.000,1.592,0.030,2,NULL,NULL,,1,0,1,7,255,,250,0,0
stim,10319,10319,0,402309.420,0.785,-0.202,-0.041,0.584,3285,0,0,0,0,11,0,93,20,0.031,96,0,16.191,2.911,3.620,15.760,0.820,-0.292,-0.048,0.953,0.364,-2.888,-0.850,0.000,0.000,1.592,0.030,2,NULL,NULL,,1,0,1,7,255,,250,0,0
stim,10367,10367,0,402314.422,0.785,-0.203,-0.041,0.584,3291,0,0,0,0,11,0,95,20,0.031,96,0,16.208,2.916,3.680,15.760,0.880,-0.292,-0.047,0.955,0.372,-2.892,-0.844,0.000,0.000,1.592,0.030,2,NULL,NULL,,1,0,1,7,255,,250,0,0
stim,10383,10383,0,402319.420,0.785,-0.203,-0.041,0.584,3284,0,0,0,0,12,0,87,20,0.031,96,0,16.184,2.923,3.560,15.760,0.940,-0.292,-0.048,0.955,0.366,-2.900,-0.834,0.000,0.000,1.592,0.030,2,NULL,NULL,,1,0,1,7,255,,250,0,0
stim,10383,10383,0,402324.422,0.785,-0.203,-0.041,0.584,3283,0,0,0,0,9,0,89,20,0.031,96,0,16.109,2.924,3.500,15.700,0.880,-0.292,-0.045,0.953,0.372,-2.900,-0.834,0.000,0.000,1.592,0.030,2,NULL,NULL,,1,0,1,7,255,,250,0,0
stim,10383,10383,0,402329.420,0.785,-0.203,-0.041,0.584,3283,0,0,0,0,10,0,86,20,0.031,96,0,16.184,2.923,3.560,15.760,0.940,-0.291,-0.048,0.953,0.366,-2.900,-0.850,0.000,0.000,1.592,0.030,2,NULL,NULL,,1,0,1,7,255,,250,0,0
stim,10383,10383,0,402334.420,0.785,-0.203,-0.041,0.584,3271,0,0,0,0,17,0,87,20,0.031,96,0,16.205,2.920,3.620,15.760,1.060,-0.291,-0.048,0.954,0.360,-2.898,-0.850,0.000,0.000,1.592,0.030,2,NULL,NULL,,1,0,1,7,255,,250,0,0
stim,10383,10383,0,402339.421,0.785,-0.203,-0.041,0.584,3297,0,0,0,0,11,0,84,20,0.031,96,0,16.133,2.920,3.560,15.700,1.060,-0.292,-0.049,0.954,0.358,-2.898,-0.848,0.000,0.000,1.592,0.030,2,NULL,NULL,,1,0,1,7,255,,250,0,0
stim,10383,10383,0,402344.420,0.785,-0.203,-0.041,0.584,3277,0,0,0,0,11,0,86,20,0.031,96,0,16.126,2.915,3.560,15.700,0.940,-0.292,-0.048,0.953,0.348,-2.894,-0.846,0.000,0.000,1.592,0.030,2,NULL,NULL,,1,0,1,7,255,,250,0,0
stim,10383,10383,0,402349.420,0.785,-0.203,-0.041,0.584,3289,0,0,0,0,17,0,89,20,0.031,96,0,16.208,2.911,3.680,15.760,0.880,-0.292,-0.048,0.954,0.348,-2.890,-0.842,0.000,0.000,1.592,0.030,2,NULL,NULL,,1,0,1,7,255,,250,0,0
stim,10383,10383,0,402354.420,0.785,-0.203,-0.041,0.584,3275,0,0,0,0,9,0,86,20,0.031,96,0,16.215,2.911,3.680,15.760,1.000,-0.290,-0.048,0.953,0.352,-2.890,-0.846,0.000,0.000,1.592,0.030,2,NULL,NULL,,1,0,1,7,255,,250,0,0
stim,10383,10383,0,402359.420,0.785,-0.203,-0.040,0.584,3277,0,0,0,0,14,0,89,20,0.031,96,0,16.164,2.922,3.680,15.700,1.120,-0.291,-0.047,0.954,0.356,-2.900,-0.846,0.000,0.000,1.592,0.030,2,NULL,NULL,,1,0,1,7,255,,250,0,0
stim,10399,10399,0,402364.421,0.785,-0.203,-0.040,0.584,3277,0,0,0,0,13,0,85,20,0.031,96,0,16.187,2.923,3.740,15.700,1.240,-0.291,-0.046,0.954,0.362,-2.900,-0.848,0.000,0.000,1.592,0.030,2,NULL,NULL,,1,0,1,7,255,,250,0,0
stim,10399,10399,0,402369.421,0.785,-0.203,-0.040,0.584,3273,0,0,0,0,9,0,87,20,0.031,96,0,16.201,2.915,3.800,15.700,1.240,-0.292,-0.046,0.955,0.362,-2.892,-0.846,0.000,0.000,1.592,0.030,2,NULL,NULL,,1,0,1,7,255,,250,0,0
stim,10399,10399,0,402374.420,0.785,-0.203,-0.040,0.584,3273,0,0,0,0,9,0,87,20,0.031,96,0,16.202,2.911,3.860,15.700,1.060,-0.294,-0.046,0.954,0.362,-2.888,-0.834,0.000,0.000,1.592,0.030,2,NULL,NULL,,1,0,1,7,255,,250,0,0
stim,10401,10401,0,402379.420,0.785,-0.203,-0.040,0.584,3272,0,0,0,0,9,0,88,20,0.031,96,0,16.137,2.911,3.860,15.640,0.940,-0.291,-0.046,0.955,0.364,-2.888,-0.834,0.000,0.000,1.592,0.030,2,NULL,NULL,,1,0,1,7,255,,250,0,0
stim,10401,10401,0,402384.420,0.785,-0.203,-0.040,0.584,3271,0,0,0,0,9,0,87,20,0.031,96,0,16.184,2.917,3.800,15.700,1.000,-0.291,-0.046,0.956,0.364,-2.894,-0.834,0.000,0.000,1.592,0.030,2,NULL,NULL,,1,0,1,7,255,,250,0,0
stim,10401,10401,0,402389.422,0.785,-0.203,-0.040,0.584,3274,0,0,0,0,11,2,88,20,0.031,96,0,16.124,2.917,3.740,15.640,1.180,-0.291,-0.046,0.953,0.364,-2.894,-0.838,0.000,0.000,1.592,0.030,2,NULL,NULL,,1,0,1,7,255,,250,0,0
stim,10415,10415,0,402394.420,0.785,-0.203,-0.040,0.584,3289,0,0,0,0,23,0,87,20,0.031,96,0,16.120,2.909,3.740,15.640,1.120,-0.292,-0.045,0.954,0.364,-2.886,-0.840,0.000,0.000,1.592,0.030,2,NULL,NULL,,1,0,1,7,255,,250,0,0
stim,10415,10415,0,402399.420,0.785,-0.203,-0.040,0.584,3269,0,0,0,0,8,0,88,20,0.031,96,0,16.170,2.909,3.740,15.700,1.000,-0.292,-0.044,0.955,0.364,-2.886,-0.840,0.000,0.000,1.592,0.030,2,NULL,NULL,,1,0,1,7,255,,250,0,0
stim,10431,10431,0,402404.420,0.785,-0.203,-0.040,0.584,3263,0,0,0,0,10,0,89,20,0.031,96,0,16.277,2.912,3.740,15.820,0.820,-0.291,-0.043,0.956,0.370,-2.888,-0.832,0.000,0.000,1.592,0.030,2,NULL,NULL,,1,0,1,7,255,,250,0,0
stim,10431,10431,0,402409.420,0.785,-0.203,-0.040,0.584,3263,0,0,0,0,9,0,90,20,0.031,96,0,16.220,2.912,3.500,15.820,0.760,-0.291,-0.044,0.955,0.370,-2.888,-0.832,0.000,0.000,1.592,0.030,2,NULL,NULL,,1,0,1,7,255,,250,0,0
stim,10463,10463,0,402414.422,0.785,-0.203,-0.040,0.584,3271,0,0,0,0,13,0,88,20,0.031,96,0,16.172,2.914,3.560,15.760,0.700,-0.291,-0.044,0.955,0.370,-2.890,-0.834,0.000,0.000,1.592,0.030,2,NULL,NULL,,1,0,1,7,255,,250,0,0
stim,10479,10479,0,402419.420,0.785,-0.203,-0.040,0.584,3290,0,0,0,0,10,0,87,20,0.031,96,0,16.218,2.914,3.500,15.820,0.700,-0.290,-0.043,0.955,0.370,-2.890,-0.838,0.000,0.000,1.592,0.030,2,NULL,NULL,,1,0,1,7,255,,250,0,0
stim,10479,10479,0,402424.421,0.785,-0.203,-0.040,0.584,3263,0,0,0,0,9,0,88,20,0.031,96,0,16.287,2.914,3.560,15.880,0.640,-0.292,-0.043,0.956,0.372,-2.890,-0.834,0.000,0.000,1.592,0.030,2,NULL,NULL,,1,0,1,7,255,,250,0,0
stim,10479,10479,0,402429.420,0.784,-0.203,-0.039,0.584,3262,0,0,0,0,16,0,91,20,0.031,96,0,16.211,2.910,3.500,15.820,0.520,-0.291,-0.042,0.955,0.376,-2.886,-0.836,0.000,0.000,1.592,0.030,2,NULL,NULL,,1,0,1,7,255,,250,0,0
stim,10495,10495,0,402434.420,0.784,-0.204,-0.039,0.585,3269,0,0,0,0,21,0,89,20,0.031,96,0,16.325,2.910,3.500,15.940,0.400,-0.291,-0.044,0.955,0.372,-2.886,-0.834,0.000,0.000,1.592,0.030,2,NULL,NULL,,1,0,1,7,255,,250,0,0
stim,10495,10495,0,402439.420,0.784,-0.204,-0.039,0.585,3263,0,0,0,0,8,0,91,20,0.031,96,0,16.309,2.913,3.440,15.940,0.280,-0.291,-0.044,0.955,0.366,-2.890,-0.836,0.000,0.000,1.592,0.030,2,NULL,NULL,,1,0,1,7,255,,250,0,0
stim,10495,10495,0,402444.420,0.784,-0.204,-0.039,0.585,3253,0,0,0,0,10,0,95,20,0.031,96,0,16.292,2.912,3.360,15.940,0.200,-0.292,-0.044,0.955,0.360,-2.890,-0.834,0.000,0.000,1.592,0.030,2,NULL,NULL,,1,0,1,7,255,,250,0,0
stim,10495,10495,0,402449.420,0.784,-0.204,-0.039,0.585,3271,0,0,0,0,9,0,90,20,0.031,96,0,16.278,2.914,3.300,15.940,0.080,-0.291,-0.045,0.956,0.358,-2.892,-0.832,0.000,0.000,1.592,0.030,2,NULL,NULL,,1,0,1,7,255,,250,0,0
stim,10495,10495,0,402454.420,0.784,-0.204,-0.039,0.585,3256,0,0,0,0,11,0,89,20,0.031,96,0,16.291,2.920,3.360,15.940,0.140,-0.289,-0.045,0.954,0.356,-2.898,-0.832,0.000,0.000,1.592,0.030,2,NULL,NULL,,1,0,1,7,255,,250,0,0
stim,10495,10495,0,402459.420,0.784,-0.204,-0.039,0.585,3272,0,0,0,0,13,0,91,20,0.031,96,0,16.279,2.919,3.300,15.940,0.200,-0.291,-0.045,0.955,0.350,-2.898,-0.840,0.000,0.000,1.592,0.030,2,NULL,NULL,,1,0,1,7,255,,250,0,0
stim,10495,10495,0,402464.422,0.784,-0.204,-0.039,0.585,3263,0,0,0,0,11,0,89,20,0.031,96,0,16.337,2.917,3.300,16.000,0.140,-0.291,-0.044,0.956,0.350,-2.896,-0.840,0.000,0.000,1.592,0.030,2,NULL,NULL,,1,0,1,7,255,,250,0,0
stim,10511,10511,0,402469.420,0.784,-0.204,-0.039,0.585,3255,0,0,0,0,11,0,91,20,0.031,96,0,16.396,2.913,3.300,16.060,-0.040,-0.292,-0.044,0.955,0.352,-2.892,-0.832,0.000,0.000,1.592,0.030,2,NULL,NULL,,1,0,1,7,255,,250,0,0
stim,10511,10511,0,402474.420,0.784,-0.204,-0.039,0.585,3255,0,0,0,0,11,0,89,20,0.031,96,0,16.445,2.908,3.240,16.120,-0.280,-0.292,-0.043,0.956,0.356,-2.886,-0.824,0.000,0.000,1.592,0.030,2,NULL,NULL,,1,0,1,7,255,,250,0,0
stim,10511,10511,0,402479.420,0.784,-0.204,-0.039,0.585,3253,0,0,0,0,12,0,90,20,0.031,96,0,16.413,2.908,3.060,16.120,-0.400,-0.290,-0.044,0.956,0.356,-2.886,-0.824,0.000,0.000,1.592,0.030,2,NULL,NULL,,1,0,1,7,255,,250,0,0
stim,10511,10511,0,402484.420,0.784,-0.204,-0.039,0.585,3253,0,0,0,0,8,0,89,20,0.031,96,0,16.468,2.924,3.060,16.180,-0.220,-0.289,-0.044,0.955,0.360,-2.902,-0.836,0.000,0.000,1.592,0.030,2,NULL,NULL,,1,0,1,7,255,,250,0,0
stim,10511,10511,0,402489.420,0.784,-0.204,-0.039,0.585,3251,0,0,0,0,10,0,89,20,0.031,96,0,16.419,2.924,3.120,16.120,-0.040,-0.289,-0.043,0.955,0.360,-2.902,-0.842,0.000,0.000,1.592,0.030,2,NULL,NULL,,1,0,1,7,255,,250,0,0
stim,10511,10511,0,402494.420,0.784,-0.204,-0.039,0.585,3256,0,0,0,0,9,0,93,20,0.031,96,0,16.490,2.923,3.180,16.180,-0.160,-0.291,-0.042,0.956,0.364,-2.900,-0.842,0.000,0.000,1.592,0.030,2,NULL,NULL,,1,0,1,7,255,,250,0,0
stim,10511,10511,0,402499.420,0.784,-0.204,-0.039,0.585,3252,0,0,0,0,11,0,90,20,0.031,96,0,16.540,2.905,3.120,16.240,-0.340,-0.292,-0.043,0.955,0.364,-2.882,-0.828,0.000,0.000,1.592,0.030,2,NULL,NULL,,1,0,1,7,255,,250,0,0
stim,10527,10527,0,402504.420,0.784,-0.204,-0.039,0.585,3251,0,0,0,0,11,0,89,20,0.031,96,0,16.532,2.906,3.060,16.240,-0.460,-0.289,-0.042,0.955,0.370,-2.882,-0.828,0.000,0.000,1.592,0.030,2,NULL,NULL,,1,0,1,7,255,,250,0,0
stim,10527,10527,0,402509.420,0.784,-0.204,-0.039,0.585,3253,0,0,0,0,18,0,89,20,0.031,96,0,16.472,2.920,3.060,16.180,-0.400,-0.288,-0.045,0.955,0.358,-2.898,-0.842,0.000,0.000,1.592,0.030,2,NULL,NULL,,1,0,1,7,255,,250,0,0
stim,10561,10561,0,402514.422,0.784,-0.204,-0.039,0.585,3244,0,0,0,0,13,0,89,20,0.031,96,0,16.516,2.923,3.000,16.240,-0.220,-0.289,-0.046,0.954,0.352,-2.902,-0.850,0.000,0.000,1.592,0.030,2,NULL,NULL,,1,0,1,7,255,,250,0,0
stim,10594,10594,0,402519.420,0.784,-0.204,-0.039,0.585,3273,0,0,0,0,11,0,92,20,0.031,96,0,16.480,2.923,3.120,16.180,-0.280,-0.290,-0.044,0.954,0.348,-2.902,-0.850,0.000,0.000,1.592,0.030,2,NULL,NULL,,1,0,1,7,255,,250,0,0
stim,10594,10594,0,402524.422,0.784,-0.204,-0.039,0.585,3247,0,0,0,0,16,0,97,20,0.031,96,0,16.470,2.908,3.060,16.180,-0.340,-0.291,-0.045,0.954,0.338,-2.888,-0.850,0.000,0.000,1.592,0.030,2,NULL,NULL,,1,0,1,7,255,,250,0,0
stim,10594,10594,0,402529.420,0.784,-0.204,-0.039,0.585,3254,0,0,0,0,22,0,103,20,0.031,96,0,16.472,2.908,3.060,16.180,-0.400,-0.291,-0.044,0.954,0.342,-2.888,-0.846,0.000,0.000,1.592,0.030,2,NULL,NULL,,1,0,1,7,255,,250,0,0
stim,10594,10594,0,402534.420,0.784,-0.204,-0.039,0.585,3252,0,0,0,0,16,0,99,20,0.031,96,0,16.469,2.908,3.060,16.180,-0.280,-0.290,-0.044,0.955,0.342,-2.888,-0.842,0.000,0.000,1.592,0.030,2,NULL,NULL,,1,0,1,7,255,,250,0,0
stim,10594,10594,0,402539.421,0.784,-0.204,-0.039,0.585,3303,0,0,0,0,12,0,103,20,0.031,96,0,16.467,2.916,3.060,16.180,-0.100,-0.289,-0.044,0.955,0.344,-2.896,-0.842,0.000,0.000,1.592,0.030,2,NULL,NULL,,1,0,1,7,255,,250,0,0
stim,10596,10596,0,402544.420,0.784,-0.204,-0.039,0.585,3245,0,0,0,0,12,0,95,20,0.031,96,0,16.490,2.917,3.180,16.180,-0.100,-0.292,-0.043,0.954,0.348,-2.896,-0.842,0.000,0.000,1.592,0.030,2,NULL,NULL,,1,0,1,7,255,,250,0,0
stim,10596,10596,0,402549.420,0.784,-0.204,-0.039,0.585,3248,0,0,0,0,10,0,103,20,0.031,96,0,16.491,2.911,3.180,16.180,-0.220,-0.291,-0.044,0.956,0.348,-2.890,-0.842,0.000,0.000,1.592,0.030,2,NULL,NULL,,1,0,1,7,255,,250,0,0
stim,10596,10596,0,402554.420,0.784,-0.204,-0.038,0.585,3246,0,0,0,0,8,0,94,20,0.031,96,0,16.433,2.911,3.180,16.120,-0.280,-0.290,-0.044,0.956,0.346,-2.890,-0.832,0.000,0.000,1.592,0.030,2,NULL,NULL,,1,0,1,7,255,,250,0,0
stim,10596,10596,0,402559.420,0.784,-0.204,-0.038,0.585,3245,0,0,0,0,9,0,93,20,0.031,96,0,16.479,2.923,3.120,16.180,-0.160,-0.289,-0.044,0.955,0.346,-2.902,-0.832,0.000,0.000,1.592,0.030,2,NULL,NULL,,1,0,1,7,255,,250,0,0
stim,10597,10597,0,402564.422,0.784,-0.204,-0.038,0.585,3243,0,0,0,0,16,0,97,20,0.031,96,0,16.431,2.923,3.180,16.120,0.020,-0.289,-0.044,0.954,0.346,-2.902,-0.846,0.000,0.000,1.592,0.030,2,NULL,NULL,,1,0,1,7,255,,250,0,0
stim,10597,10597,0,402569.420,0.784,-0.204,-0.038,0.585,3243,0,0,0,0,9,0,93,20,0.031,96,0,16.385,2.920,3.240,16.060,0.200,-0.289,-0.044,0.953,0.344,-2.900,-0.850,0.000,0.000,1.592,0.030,2,NULL,NULL,,1,0,1,7,255,,250,0,0
stim,10607,10607,0,402574.420,0.784,-0.204,-0.038,0.585,3243,0,0,0,0,13,0,102,20,0.031,96,0,16.410,2.920,3.360,16.060,0.280,-0.290,-0.045,0.955,0.340,-2.900,-0.850,0.000,0.000,1.592,0.030,2,NULL,NULL,,1,0,1,7,255,,250,0,0
stim,10607,10607,0,402579.420,0.784,-0.204,-0.038,0.585,3241,0,0,0,0,11,0,92,20,0.031,96,0,16.426,2.920,3.440,16.060,0.200,-0.290,-0.043,0.955,0.340,-2.900,-0.844,0.000,0.000,1.592,0.030,2,NULL,NULL,,1,0,1,7,255,,250,0,0
stim,10625,10625,0,402584.420,0.784,-0.204,-0.038,0.585,3243,0,0,0,0,13,0,99,20,0.031,96,0,16.353,2.919,3.360,16.000,0.340,-0.290,-0.043,0.955,0.346,-2.898,-0.840,0.000,0.000,1.592,0.030,2,NULL,NULL,,1,0,1,7,255,,250,0,0
stim,10625,10625,0,402589.420,0.784,-0.204,-0.038,0.585,3241,0,0,0,0,0,0,93,20,0.031,96,0,16.299,2.919,3.360,15.940,0.520,-0.289,-0.043,0.955,0.346,-2.898,-0.840,0.000,0.000,1.592,0.030,2,NULL,NULL,,1,0,1,7,255,,250,0,0
stim,10625,10625,0,402594.420,0.784,-0.204,-0.038,0.585,3240,0,0,0,0,10,0,93,20,0.031,96,0,16.301,2.919,3.360,15.940,0.580,-0.290,-0.044,0.954,0.346,-2.898,-0.846,0.000,0.000,1.592,0.030,2,NULL,NULL,,1,0,1,7,255,,250,0,0
stim,10625,10625,0,402599.420,0.784,-0.204,-0.038,0.585,3256,0,0,0,0,11,0,99,20,0.031,96,0,16.341,2.913,3.560,15.940,0.520,-0.290,-0.043,0.955,0.346,-2.892,-0.846,0.000,0.000,1.592,0.030,2,NULL,NULL,,1,0,1,7,255,,250,0,0
stim,10625,10625,0,402604.420,0.784,-0.204,-0.038,0.585,3240,0,0,0,0,9,0,92,20,0.031,96,0,16.326,2.910,3.500,15.940,0.460,-0.290,-0.043,0.954,0.344,-2.890,-0.846,0.000,0.000,1.592,0.030,2,NULL,NULL,,1,0,1,7,255,,250,0,0
stim,10625,10625,0,402609.420,0.784,-0.204,-0.038,0.586,3273,0,0,0,0,11,0,99,20,0.031,96,0,16.338,2.912,3.560,15.940,0.400,-0.289,-0.043,0.954,0.344,-2.892,-0.846,0.000,0.000,1.592,0.030,2,NULL,NULL,,1,0,1,7,255,,250,0,0
stim,10662,10662,0,402614.422,0.784,-0.204,-0.038,0.586,3237,0,0,0,0,16,0,103,20,0.031,96,0,16.271,2.910,3.500,15.880,0.580,-0.290,-0.042,0.954,0.344,-2.890,-0.846,0.000,0.000,1.592,0.030,2,NULL,NULL,,1,0,1,7,255,,250,0,0
stim,10693,10693,0,402619.420,0.784,-0.204,-0.038,0.586,3236,0,0,0,0,11,0,92,20,0.031,96,0,16.292,2.909,3.560,15.880,0.760,-0.290,-0.042,0.954,0.346,-2.888,-0.846,0.000,0.000,1.592,0.030,2,NULL,NULL,,1,0,1,7,255,,250,0,0
stim,10693,10693,0,402624.421,0.784,-0.204,-0.038,0.586,3237,0,0,0,0,17,0,93,20,0.031,96,0,16.321,2.907,3.680,15.880,0.820,-0.291,-0.042,0.954,0.346,-2.886,-0.844,0.000,0.000,1.592,0.030,2,NULL,NULL,,1,0,1,7,255,,250,0,0
stim,10693,10693,0,402629.420,0.784,-0.204,-0.038,0.586,3238,0,0,0,0,13,0,97,20,0.031,96,0,16.349,2.902,3.800,15.880,0.820,-0.292,-0.042,0.955,0.344,-2.882,-0.842,0.000,0.000,1.592,0.030,2,NULL,NULL,,1,0,1,7,255,,250,0,0
stim,10693,10693,0,402634.420,0.784,-0.204,-0.038,0.586,3241,0,0,0,0,13,0,93,20,0.031,96,0,16.311,2.893,3.920,15.820,0.640,-0.292,-0.041,0.955,0.344,-2.872,-0.832,0.000,0.000,1.592,0.030,2,NULL,NULL,,1,0,1,7,255,,250,0,0
stim,10693,10693,0,402639.420,0.784,-0.204,-0.038,0.586,3232,0,0,0,0,17,0,95,20,0.031,96,0,16.227,2.893,3.800,15.760,0.700,-0.289,-0.042,0.955,0.348,-2.872,-0.832,0.000,0.000,1.592,0.030,2,NULL,NULL,,1,0,1,7,255,,250,0,0
stim,10693,10693,0,402644.420,0.783,-0.205,-0.038,0.586,3239,0,0,0,0,16,0,95,20,0.031,96,0,16.244,2.909,3.860,15.760,0.760,-0.289,-0.041,0.954,0.352,-2.888,-0.840,0.000,0.000,1.592,0.030,2,NULL,NULL,,1,0,1,7,255,,250,0,0
stim,10693,10693,0,402649.420,0.783,-0.205,-0.037,0.586,3239,0,0,0,0,12,0,89,20,0.031,96,0,16.224,2.909,3.980,15.700,0.940,-0.289,-0.041,0.954,0.352,-2.888,-0.848,0.000,0.000,1.592,0.030,2,NULL,NULL,,1,0,1,7,255,,250,0,0
stim,10693,10693,0,402654.420,0.783,-0.205,-0.037,0.586,3229,0,0,0,0,16,0,93,20,0.031,96,0,16.282,2.907,3.980,15.760,0.940,-0.291,-0.041,0.956,0.348,-2.886,-0.848,0.000,0.000,1.592,0.030,2,NULL,NULL,,1,0,1,7,255,,250,0,0
stim,10693,10693,0,402659.420,0.783,-0.205,-0.037,0.586,3229,0,0,0,0,11,0,99,20,0.031,96,0,16.290,2.907,4.040,15.760,0.820,-0.292,-0.040,0.956,0.348,-2.886,-0.824,0.000,0.000,1.592,0.030,2,NULL,NULL,,1,0,1,7,255,,250,0,0
stim,10696,10696,0,402664.422,0.783,-0.205,-0.037,0.586,3228,0,0,0,0,17,0,93,20,0.031,96,0,16.270,2.907,3.980,15.760,0.700,-0.290,-0.041,0.955,0.348,-2.886,-0.824,0.000,0.000,1.592,0.030,2,NULL,NULL,,1,0,1,7,255,,250,0,0
stim,10703,10703,0,402669.420,0.783,-0.205,-0.037,0.586,3225,0,0,0,0,10,0,94,20,0.031,96,0,16.214,2.907,3.980,15.700,0.760,-0.287,-0.041,0.954,0.350,-2.886,-0.842,0.000,0.000,1.592,0.030,2,NULL,NULL,,1,0,1,7,255,,250,0,0
stim,10703,10703,0,402674.420,0.783,-0.205,-0.037,0.586,3225,0,0,0,0,11,0,93,20,0.031,96,0,16.312,2.925,4.100,15.760,0.940,-0.287,-0.041,0.954,0.346,-2.904,-0.858,0.000,0.000,1.592,0.030,2,NULL,NULL,,1,0,1,7,255,,250,0,0
stim,10703,10703,0,402679.420,0.783,-0.205,-0.037,0.586,3246,0,0,0,0,13,0,99,20,0.031,96,0,16.308,2.925,4.040,15.760,1.120,-0.289,-0.040,0.955,0.354,-2.904,-0.858,0.000,0.000,1.592,0.030,2,NULL,NULL,,1,0,1,7,255,,250,0,0
stim,10703,10703,0,402684.420,0.783,-0.205,-0.037,0.586,3223,0,0,0,0,13,0,93,20,0.031,96,0,16.355,2.912,4.040,15.820,0.940,-0.290,-0.039,0.955,0.354,-2.890,-0.846,0.000,0.000,1.592,0.030,2,NULL,NULL,,1,0,1,7,255,,250,0,0
stim,10703,10703,0,402689.420,0.783,-0.205,-0.037,0.586,3235,0,0,0,0,18,0,94,20,0.031,96,0,16.290,2.906,4.040,15.760,0.820,-0.289,-0.039,0.955,0.354,-2.884,-0.844,0.000,0.000,1.592,0.030,2,NULL,NULL,,1,0,1,7,255,,250,0,0
stim,10726,10726,0,402694.420,0.783,-0.205,-0.037,0.586,3222,0,0,0,0,11,0,93,20,0.031,96,0,16.334,2.906,3.980,15.820,0.820,-0.288,-0.041,0.955,0.354,-2.884,-0.844,0.000,0.000,1.592,0.030,2,NULL,NULL,,1,0,1,7,255,,250,0,0
stim,10726,10726,0,402699.420,0.783,-0.205,-0.037,0.586,3220,0,0,0,0,12,0,92,20,0.031,96,0,16.254,2.920,4.040,15.700,1.180,-0.287,-0.041,0.954,0.338,-2.900,-0.844,0.000,0.000,1.592,0.030,2,NULL,NULL,,1,0,1,7,255,,250,0,0
stim,10727,10727,0,402704.420,0.783,-0.205,-0.037,0.586,3221,0,0,0,0,11,0,95,20,0.031,96,0,16.279,2.919,4.280,15.640,1.440,-0.288,-0.041,0.954,0.336,-2.900,-0.856,0.000,0.000,1.592,0.030,2,NULL,NULL,,1,0,1,7,255,,250,0,0
stim,10727,10727,0,402709.420,0.783,-0.205,-0.037,0.586,3239,0,0,0,0,11,0,96,20,0.031,96,0,16.300,2.913,4.340,15.640,1.500,-0.292,-0.040,0.955,0.334,-2.894,-0.856,0.000,0.000,1.592,0.030,2,NULL,NULL,,1,0,1,7,255,,250,0,0
stim,10767,10767,0,402714.422,0.783,-0.205,-0.036,0.586,3218,0,0,0,0,11,0,95,20,0.031,96,0,16.283,2.893,4.340,15.640,1.300,-0.291,-0.039,0.956,0.334,-2.874,-0.830,0.000,0.000,1.592,0.030,2,NULL,NULL,,1,0,1,7,255,,250,0,0
stim,10799,10799,0,402719.420,0.783,-0.205,-0.036,0.586,3220,0,0,0,0,7,0,99,20,0.031,96,0,16.228,2.893,4.400,15.580,1.120,-0.291,-0.041,0.956,0.334,-2.874,-0.824,0.000,0.000,1.592,0.030,2,NULL,NULL,,1,0,1,7,255,,250,0,0
stim,10799,10799,0,402724.422,0.783,-0.205,-0.036,0.586,3217,0,0,0,0,2,0,93,20,0.031,96,0,16.270,2.899,4.340,15.640,1.120,-0.288,-0.041,0.955,0.330,-2.880,-0.824,0.000,0.000,1.592,0.030,2,NULL,NULL,,1,0,1,7,255,,250,0,0
stim,10799,10799,0,402729.420,0.783,-0.206,-0.036,0.586,3227,0,0,0,0,9,0,103,20,0.031,96,0,16.221,2.898,4.340,15.580,1.240,-0.290,-0.041,0.954,0.324,-2.880,-0.842,0.000,0.000,1.592,0.030,2,NULL,NULL,,1,0,1,7,255,,250,0,0
stim,10799,10799,0,402734.420,0.783,-0.206,-0.036,0.586,3210,0,0,0,0,7,0,100,20,0.031,96,0,16.205,2.901,4.460,15.520,1.360,-0.289,-0.039,0.955,0.330,-2.882,-0.842,0.000,0.000,1.592,0.030,2,NULL,NULL,,1,0,1,7,255,,250,0,0
stim,10799,10799,0,402739.420,0.783,-0.206,-0.036,0.586,3219,0,0,0,0,9,0,101,20,0.031,96,0,16.155,2.902,4.460,15.460,1.440,-0.288,-0.039,0.954,0.340,-2.882,-0.842,0.000,0.000,1.592,0.030,2,NULL,NULL,,1,0,1,7,255,,250,0,0
stim,10799,10799,0,402744.420,0.783,-0.206,-0.036,0.586,3211,0,0,0,0,12,0,99,20,0.031,96,0,16.171,2.908,4.520,15.460,1.440,-0.289,-0.040,0.956,0.340,-2.888,-0.842,0.000,0.000,1.592,0.030,2,NULL,NULL,,1,0,1,7,255,,250,0,0
stim,10799,10799,0,402749.420,0.783,-0.206,-0.036,0.586,3211,0,0,0,0,9,0,97,20,0.031,96,0,16.131,2.911,4.400,15.460,1.360,-0.288,-0.040,0.955,0.330,-2.892,-0.846,0.000,0.000,1.592,0.030,2,NULL,NULL,,1,0,1,7,255,,250,0,0
stim,10799,10799,0,402754.420,0.783,-0.206,-0.036,0.586,3207,0,0,0,0,10,0,96,20,0.031,96,0,16.196,2.919,4.400,15.520,1.440,-0.287,-0.039,0.956,0.330,-2.900,-0.846,0.000,0.000,1.592,0.030,2,NULL,NULL,,1,0,1,7,255,,250,0,0
stim,10799,10799,0,402759.420,0.783,-0.206,-0.036,0.586,3209,0,0,0,0,12,0,101,20,0.031,96,0,16.223,2.919,4.460,15.520,1.560,-0.288,-0.039,0.955,0.330,-2.900,-0.846,0.000,0.000,1.592,0.030,2,NULL,NULL,,1,0,1,7,255,,250,0,0
stim,10799,10799,0,402764.422,0.783,-0.206,-0.036,0.586,3211,0,0,0,0,16,0,95,20,0.031,96,0,16.155,2.917,4.400,15.460,1.620,-0.288,-0.039,0.954,0.330,-2.898,-0.846,0.000,0.000,1.592,0.030,2,NULL,NULL,,1,0,1,7,255,,250,0,0
stim,10799,10799,0,402769.420,0.783,-0.206,-0.035,0.586,3203,0,0,0,0,11,0,99,20,0.031,96,0,16.092,2.909,4.400,15.400,1.560,-0.288,-0.038,0.955,0.330,-2.890,-0.850,0.000,0.000,1.592,0.030,2,NULL,NULL,,1,0,1,7,255,,250,0,0
stim,10815,10815,0,402774.420,0.783,-0.206,-0.035,0.586,3195,0,0,0,0,11,0,97,20,0.031,96,0,16.149,2.909,4.400,15.460,1.560,-0.287,-0.037,0.955,0.336,-2.890,-0.852,0.000,0.000,1.592,0.030,2,NULL,NULL,,1,0,1,7,255,,250,0,0
stim,10815,10815,0,402779.420,0.783,-0.206,-0.035,0.586,3196,0,0,0,0,9,0,96,20,0.031,96,0,16.117,2.909,4.400,15.400,1.800,-0.288,-0.038,0.956,0.336,-2.890,-0.850,0.000,0.000,1.592,0.030,2,NULL,NULL,,1,0,1,7,255,,250,0,0
stim,10815,10815,0,402784.420,0.783,-0.206,-0.035,0.585,3227,0,0,0,0,10,0,103,20,0.031,96,0,16.172,2.912,4.340,15.460,1.920,-0.287,-0.037,0.955,0.342,-2.892,-0.848,0.000,0.000,1.592,0.030,2,NULL,NULL,,1,0,1,7,255,,250,0,0
stim,10815,10815,0,402789.420,0.783,-0.206,-0.035,0.585,3197,0,0,0,0,11,0,100,20,0.031,96,0,16.187,2.911,4.280,15.520,1.680,-0.289,-0.037,0.956,0.336,-2.892,-0.840,0.000,0.000,1.592,0.030,2,NULL,NULL,,1,0,1,7,255,,250,0,0
stim,10815,10815,0,402794.420,0.783,-0.206,-0.035,0.585,3189,0,0,0,0,10,0,95,20,0.031,96,0,16.106,2.909,4.280,15.460,1.440,-0.288,-0.037,0.956,0.336,-2.890,-0.834,0.000,0.000,1.592,0.030,2,NULL,NULL,,1,0,1,7,255,,250,0,0
stim,10815,10815,0,402799.420,0.783,-0.206,-0.035,0.585,3189,0,0,0,0,11,0,101,20,0.031,96,0,16.180,2.909,4.340,15.520,1.440,-0.286,-0.037,0.955,0.336,-2.890,-0.834,0.000,0.000,1.592,0.030,2,NULL,NULL,,1,0,1,7,255,,250,0,0
stim,10831,10831,0,402804.420,0.783,-0.207,-0.035,0.585,3187,0,0,0,0,11,0,101,20,0.031,96,0,16.193,2.921,4.280,15.520,1.740,-0.286,-0.037,0.956,0.334,-2.902,-0.848,0.000,0.000,1.592,0.030,2,NULL,NULL,,1,0,1,7,255,,250,0,0
stim,10831,10831,0,402809.420,0.783,-0.207,-0.035,0.585,3197,0,0,0,0,11,0,103,20,0.031,96,0,16.156,2.921,4.280,15.460,1.920,-0.288,-0.035,0.956,0.334,-2.902,-0.848,0.000,0.000,1.592,0.030,2,NULL,NULL,,1,0,1,7,255,,250,0,0
stim,10863,10863,0,402814.422,0.783,-0.207,-0.035,0.585,3193,0,0,0,0,10,0,102,20,0.031,96,0,16.168,2.902,4.400,15.460,1.740,-0.289,-0.034,0.957,0.342,-2.882,-0.838,0.000,0.000,1.592,0.030,2,NULL,NULL,,1,0,1,7,255,,250,0,0
stim,10863,10863,0,402819.420,0.783,-0.207,-0.034,0.585,3207,0,0,0,0,13,0,104,20,0.031,96,0,16.185,2.903,4.340,15.520,1.500,-0.288,-0.034,0.956,0.348,-2.882,-0.836,0.000,0.000,1.592,0.030,2,NULL,NULL,,1,0,1,7,255,,250,0,0
stim,10879,10879,0,402824.422,0.783,-0.207,-0.034,0.585,3180,0,0,0,0,17,0,73,20,0.031,96,0,16.148,2.905,4.220,15.520,1.440,-0.287,-0.036,0.956,0.348,-2.884,-0.836,0.000,0.000,1.592,0.030,2,NULL,NULL,,1,0,1,7,255,,250,0,0
stim,10879,10879,0,402829.420,0.783,-0.207,-0.034,0.585,3179,0,0,0,0,11,0,101,20,0.031,96,0,16.181,2.915,4.280,15.520,1.620,-0.286,-0.037,0.956,0.330,-2.896,-0.844,0.000,0.000,1.592,0.030,2,NULL,NULL,,1,0,1,7,255,,250,0,0
stim,10879,10879,0,402834.420,0.783,-0.207,-0.034,0.585,3175,0,0,0,0,18,0,107,20,0.031,96,0,16.232,2.915,4.400,15.520,1.800,-0.288,-0.035,0.955,0.330,-2.896,-0.844,0.000,0.000,1.592,0.030,2,NULL,NULL,,1,0,1,7,255,,250,0,0
stim,10879,10879,0,402839.421,0.783,-0.207,-0.034,0.585,3180,0,0,0,0,11,0,103,20,0.031,96,0,16.260,2.901,4.340,15.580,1.680,-0.288,-0.034,0.957,0.334,-2.882,-0.840,0.000,0.000,1.592,0.030,2,NULL,NULL,,1,0,1,7,255,,250,0,0
stim,10879,10879,0,402844.420,0.783,-0.207,-0.034,0.585,3191,0,0,0,0,13,0,117,20,0.031,96,0,16.221,2.898,4.280,15.580,1.440,-0.289,-0.033,0.958,0.344,-2.878,-0.828,0.000,0.000,1.592,0.030,2,NULL,NULL,,1,0,1,7,255,,250,0,0
stim,10879,10879,0,402849.420,0.783,-0.207,-0.034,0.585,3181,0,0,0,0,17,0,105,20,0.031,96,0,16.178,2.902,4.160,15.580,1.300,-0.287,-0.035,0.957,0.344,-2.882,-0.828,0.000,0.000,1.592,0.030,2,NULL,NULL,,1,0,1,7,255,,250,0,0
stim,10879,10879,0,402854.420,0.783,-0.207,-0.034,0.585,3189,0,0,0,0,12,0,104,20,0.031,96,0,16.241,2.911,4.160,15.640,1.360,-0.287,-0.035,0.956,0.336,-2.892,-0.832,0.000,0.000,1.592,0.030,2,NULL,NULL,,1,0,1,7,255,,250,0,0
stim,10879,10879,0,402859.420,0.783,-0.207,-0.034,0.585,3175,0,0,0,0,13,0,103,20,0.031,96,0,16.253,2.910,4.160,15.640,1.500,-0.288,-0.035,0.956,0.326,-2.892,-0.834,0.000,0.000,1.592,0.030,2,NULL,NULL,,1,0,1,7,255,,250,0,0
stim,10896,10896,0,402864.422,0.783,-0.207,-0.034,0.585,3179,0,0,0,0,13,0,101,20,0.031,96,0,16.256,2.904,4.220,15.640,1.360,-0.289,-0.033,0.957,0.326,-2.886,-0.834,0.000,0.000,1.592,0.030,2,NULL,NULL,,1,0,1,7,255,,250,0,0
stim,10896,10896,0,402869.420,0.783,-0.207,-0.034,0.585,3177,0,0,0,0,11,0,104,20,0.031,96,0,16.238,2.902,4.220,15.640,1.120,-0.288,-0.033,0.957,0.338,-2.882,-0.830,0.000,0.000,1.592,0.030,2,NULL,NULL,,1,0,1,7,255,,250,0,0
stim,10896,10896,0,402874.420,0.783,-0.207,-0.033,0.585,3167,0,0,0,0,11,0,107,20,0.031,96,0,16.181,2.902,4.040,15.640,0.940,-0.287,-0.033,0.957,0.342,-2.882,-0.830,0.000,0.000,1.592,0.030,2,NULL,NULL,,1,0,1,7,255,,250,0,0
stim,10911,10911,0,402879.420,0.783,-0.207,-0.033,0.585,3174,0,0,0,0,11,0,103,20,0.031,96,0,16.235,2.910,3.980,15.700,1.120,-0.287,-0.035,0.956,0.342,-2.890,-0.834,0.000,0.000,1.592,0.030,2,NULL,NULL,,1,0,1,7,255,,250,0,0
stim,10911,10911,0,402884.420,0.783,-0.208,-0.033,0.585,3218,0,0,0,0,22,0,104,20,0.031,96,0,16.201,2.910,4.040,15.640,1.240,-0.288,-0.032,0.956,0.340,-2.890,-0.834,0.000,0.000,1.592,0.030,2,NULL,NULL,,1,0,1,7,255,,250,0,0
stim,10911,10911,0,402889.420,0.783,-0.208,-0.033,0.585,3175,0,0,0,0,10,0,103,20,0.031,96,0,16.242,2.898,4.040,15.700,1.000,-0.289,-0.032,0.957,0.340,-2.878,-0.834,0.000,0.000,1.592,0.030,2,NULL,NULL,,1,0,1,7,255,,250,0,0
stim,10911,10911,0,402894.420,0.783,-0.208,-0.033,0.585,3175,0,0,0,0,9,0,114,20,0.031,96,0,16.258,2.898,3.920,15.760,0.760,-0.287,-0.030,0.958,0.340,-2.878,-0.824,0.000,0.000,1.592,0.030,2,NULL,NULL,,1,0,1,7,255,,250,0,0
stim,10911,10911,0,402899.420,0.783,-0.208,-0.033,0.585,3175,0,0,0,0,6,0,106,20,0.031,96,0,16.224,2.905,3.800,15.760,0.640,-0.287,-0.030,0.959,0.364,-2.882,-0.820,0.000,0.000,1.592,0.030,2,NULL,NULL,,1,0,1,7,255,,250,0,0
stim,10927,10927,0,402904.420,0.783,-0.208,-0.033,0.585,3167,0,0,0,0,12,0,110,20,0.031,96,0,16.316,2.911,3.680,15.880,0.700,-0.286,-0.031,0.958,0.364,-2.888,-0.820,0.000,0.000,1.592,0.030,2,NULL,NULL,,1,0,1,7,255,,250,0,0
stim,10927,10927,0,402909.420,0.783,-0.208,-0.033,0.585,3177,0,0,0,0,7,0,113,20,0.031,96,0,16.305,2.915,3.620,15.880,0.760,-0.286,-0.032,0.958,0.352,-2.894,-0.828,0.000,0.000,1.592,0.030,2,NULL,NULL,,1,0,1,7,255,,250,0,0
stim,10960,10960,0,402914.422,0.783,-0.208,-0.033,0.585,3177,0,0,0,0,12,0,106,20,0.031,96,0,16.356,2.914,3.620,15.940,0.580,-0.288,-0.031,0.957,0.342,-2.894,-0.828,0.000,0.000,1.592,0.030,2,NULL,NULL,,1,0,1,7,255,,250,0,0
stim,10991,10991,0,402919.420,0.783,-0.208,-0.033,0.585,3171,0,0,0,0,11,0,104,20,0.031,96,0,16.396,2.898,3.560,16.000,0.400,-0.288,-0.031,0.957,0.340,-2.878,-0.826,0.000,0.000,1.592,0.030,2,NULL,NULL,,1,0,1,7,255,,250,0,0
stim,10991,10991,0,402924.421,0.783,-0.208,-0.033,0.585,3169,0,0,0,0,10,0,107,20,0.031,96,0,16.381,2.898,3.500,16.000,0.280,-0.285,-0.031,0.958,0.340,-2.878,-0.826,0.000,0.000,1.592,0.030,2,NULL,NULL,,1,0,1,7,255,,250,0,0
stim,10991,10991,0,402929.420,0.783,-0.208,-0.033,0.585,3167,0,0,0,0,9,0,111,20,0.031,96,0,16.428,2.919,3.440,16.060,0.340,-0.285,-0.032,0.957,0.336,-2.900,-0.834,0.000,0.000,1.592,0.030,2,NULL,NULL,,1,0,1,7,255,,250,0,0
stim,10991,10991,0,402934.420,0.783,-0.208,-0.033,0.585,3164,0,0,0,0,16,0,108,20,0.031,96,0,16.400,2.920,3.300,16.060,0.400,-0.285,-0.031,0.957,0.342,-2.900,-0.842,0.000,0.000,1.592,0.030,2,NULL,NULL,,1,0,1,7,255,,250,0,0
stim,10991,10991,0,402939.420,0.783,-0.208,-0.033,0.585,3168,0,0,0,0,11,0,108,20,0.031,96,0,16.470,2.916,3.360,16.120,0.340,-0.287,-0.031,0.957,0.340,-2.896,-0.842,0.000,0.000,1.592,0.030,2,NULL,NULL,,1,0,1,7,255,,250,0,0
stim,10991,10991,0,402944.420,0.783,-0.208,-0.033,0.585,3171,0,0,0,0,11,0,106,20,0.031,96,0,16.467,2.906,3.360,16.120,0.140,-0.287,-0.032,0.956,0.340,-2.886,-0.838,0.000,0.000,1.592,0.030,2,NULL,NULL,,1,0,1,7,255,,250,0,0
stim,10991,10991,0,402949.420,0.783,-0.208,-0.033,0.585,3179,0,0,0,0,9,0,109,20,0.031,96,0,16.443,2.904,3.240,16.120,0.080,-0.287,-0.033,0.957,0.326,-2.886,-0.830,0.000,0.000,1.592,0.030,2,NULL,NULL,,1,0,1,7,255,,250,0,0
stim,10991,10991,0,402954.420,0.783,-0.208,-0.033,0.585,3165,0,0,0,0,11,0,105,20,0.031,96,0,16.478,2.905,3.120,16.180,0.020,-0.287,-0.034,0.956,0.316,-2.888,-0.838,0.000,0.000,1.592,0.030,2,NULL,NULL,,1,0,1,7,255,,250,0,0
stim,10991,10991,0,402959.420,0.783,-0.208,-0.033,0.585,3171,0,0,0,0,18,0,107,20,0.031,96,0,16.408,2.905,3.060,16.120,0.080,-0.288,-0.032,0.955,0.316,-2.888,-0.838,0.000,0.000,1.592,0.030,2,NULL,NULL,,1,0,1,7,255,,250,0,0
stim,11009,11009,0,402964.422,0.783,-0.208,-0.033,0.586,3167,0,0,0,0,16,0,109,20,0.031,96,0,16.431,2.898,3.180,16.120,0.080,-0.287,-0.031,0.957,0.324,-2.880,-0.838,0.000,0.000,1.592,0.030,2,NULL,NULL,,1,0,1,7,255,,250,0,0
stim,11009,11009,0,402969.420,0.783,-0.208,-0.033,0.586,3171,0,0,0,0,11,0,105,20,0.031,96,0,16.467,2.893,3.060,16.180,-0.100,-0.288,-0.030,0.957,0.332,-2.874,-0.830,0.000,0.000,1.592,0.030,2,NULL,NULL,,1,0,1,7,255,,250,0,0
stim,11009,11009,0,402974.420,0.783,-0.208,-0.033,0.586,3166,0,0,0,0,8,0,107,20,0.031,96,0,16.517,2.894,3.000,16.240,-0.280,-0.288,-0.030,0.957,0.338,-2.874,-0.828,0.000,0.000,1.592,0.030,2,NULL,NULL,,1,0,1,7,255,,250,0,0
stim,11009,11009,0,402979.420,0.783,-0.208,-0.032,0.586,3167,0,0,0,0,10,0,107,20,0.031,96,0,16.497,2.895,2.880,16.240,-0.340,-0.287,-0.030,0.957,0.344,-2.874,-0.828,0.000,0.000,1.592,0.030,2,NULL,NULL,,1,0,1,7,255,,250,0,0
stim,11010,11010,0,402984.420,0.783,-0.208,-0.032,0.586,3191,0,0,0,0,10,0,108,20,0.031,96,0,16.497,2.896,2.880,16.240,-0.340,-0.287,-0.031,0.957,0.338,-2.876,-0.830,0.000,0.000,1.592,0.030,2,NULL,NULL,,1,0,1,7,255,,250,0,0
stim,11010,11010,0,402989.420,0.783,-0.208,-0.032,0.586,3191,0,0,0,0,12,0,107,20,0.031,96,0,16.498,2.895,2.880,16.240,-0.400,-0.288,-0.032,0.956,0.332,-2.876,-0.830,0.000,0.000,1.592,0.030,2,NULL,NULL,,1,0,1,7,255,,250,0,0
stim,11012,11012,0,402994.420,0.783,-0.208,-0.032,0.586,3167,0,0,0,0,9,0,107,20,0.031,96,0,16.500,2.892,2.880,16.240,-0.460,-0.288,-0.031,0.957,0.326,-2.874,-0.830,0.000,0.000,1.592,0.030,2,NULL,NULL,,1,0,1,7,255,,250,0,0
stim,11012,11012,0,402999.420,0.783,-0.208,-0.032,0.586,3166,0,0,0,0,11,0,107,20,0.031,96,0,16.552,2.892,2.820,16.300,-0.580,-0.287,-0.031,0.958,0.326,-2.874,-0.826,0.000,0.000,1.592,0.030,2,NULL,NULL,,1,0,1,7,255,,250,0,0
stim,11026,11026,0,403004.420,0.783,-0.208,-0.032,0.586,3163,0,0,0,0,10,0,112,20,0.031,96,0,16.530,2.904,2.700,16.300,-0.520,-0.287,-0.030,0.957,0.336,-2.884,-0.826,0.000,0.000,1.592,0.030,2,NULL,NULL,,1,0,1,7,255,,250,0,0
stim,11026,11026,0,403009.420,0.783,-0.208,-0.032,0.586,3175,0,0,0,0,20,0,106,20,0.031,96,0,16.584,2.908,2.640,16.360,-0.640,-0.285,-0.030,0.956,0.340,-2.888,-0.830,0.000,0.000,1.592,0.030,2,NULL,NULL,,1,0,1,7,255,,250,0,0
stim,11060,11060,0,403014.422,0.783,-0.208,-0.032,0.586,3172,0,0,0,0,10,0,107,20,0.031,96,0,16.532,2.906,2.700,16.300,-0.580,-0.287,-0.032,0.957,0.340,-2.886,-0.834,0.000,0.000,1.592,0.030,2,NULL,NULL,,1,0,1,7,255,,250,0,0
stim,11088,11088,0,403019.420,0.783,-0.208,-0.032,0.586,3165,0,0,0,0,11,0,107,20,0.031,96,0,16.525,2.904,2.640,16.300,-0.640,-0.287,-0.032,0.956,0.324,-2.886,-0.838,0.000,0.000,1.592,0.030,2,NULL,NULL,,1,0,1,7,255,,250,0,0
stim,11088,11088,0,403024.422,0.783,-0.208,-0.032,0.586,3165,0,0,0,0,13,0,108,20,0.031,96,0,16.596,2.904,2.700,16.360,-0.700,-0.286,-0.031,0.957,0.324,-2.886,-0.834,0.000,0.000,1.592,0.030,2,NULL,NULL,,1,0,1,7,255,,250,0,0
stim,11088,11088,0,403029.420,0.783,-0.208,-0.032,0.586,3191,0,0,0,0,13,0,109,20,0.031,96,0,16.592,2.911,2.640,16.360,-0.820,-0.286,-0.031,0.957,0.332,-2.892,-0.838,0.000,0.000,1.592,0.030,2,NULL,NULL,,1,0,1,7,255,,250,0,0
stim,11088,11088,0,403034.420,0.782,-0.208,-0.032,0.586,3165,0,0,0,0,21,0,109,20,0.031,96,0,16.649,2.911,2.520,16.440,-0.760,-0.285,-0.032,0.957,0.332,-2.892,-0.838,0.000,0.000,1.592,0.030,2,NULL,NULL,,1,0,1,7,255,,250,0,0
stim,11088,11088,0,403039.420,0.782,-0.208,-0.032,0.586,3189,0,0,0,0,12,0,107,20,0.031,96,0,16.656,2.911,2.580,16.440,-0.700,-0.286,-0.030,0.955,0.332,-2.892,-0.842,0.000,0.000,1.592,0.030,2,NULL,NULL,,1,0,1,7,255,,250,0,0
stim,11088,11088,0,403044.420,0.782,-0.208,-0.032,0.586,3161,0,0,0,0,16,0,117,20,0.031,96,0,16.656,2.918,2.580,16.440,-0.700,-0.285,-0.033,0.956,0.324,-2.900,-0.846,0.000,0.000,1.592,0.030,2,NULL,NULL,,1,0,1,7,255,,250,0,0
stim,11088,11088,0,403049.420,0.782,-0.208,-0.032,0.586,3176,0,0,0,0,13,0,113,20,0.031,96,0,16.575,2.903,2.580,16.360,-0.640,-0.286,-0.031,0.956,0.328,-2.884,-0.846,0.000,0.000,1.592,0.030,2,NULL,NULL,,1,0,1,7,255,,250,0,0
stim,11088,11088,0,403054.420,0.782,-0.208,-0.032,0.586,3164,0,0,0,0,11,0,109,20,0.031,96,0,16.594,2.902,2.700,16.360,-0.640,-0.288,-0.031,0.955,0.324,-2.884,-0.844,0.000,0.000,1.592,0.030,2,NULL,NULL,,1,0,1,7,255,,250,0,0
stim,11088,11088,0,403059.420,0.782,-0.208,-0.032,0.586,3175,0,0,0,0,18,0,109,20,0.031,96,0,16.668,2.900,2.640,16.440,-0.760,-0.287,-0.032,0.956,0.324,-2.882,-0.840,0.000,0.000,1.592,0.030,2,NULL,NULL,,1,0,1,7,255,,250,0,0
stim,11103,11103,0,403064.422,0.782,-0.208,-0.032,0.586,3169,0,0,0,0,22,0,107,20,0.031,96,0,16.525,2.900,2.640,16.300,-0.640,-0.286,-0.031,0.957,0.324,-2.882,-0.838,0.000,0.000,1.592,0.030,2,NULL,NULL,,1,0,1,7,255,,250,0,0
stim,11103,11103,0,403069.420,0.782,-0.208,-0.032,0.586,3165,0,0,0,0,11,0,107,20,0.031,96,0,16.525,2.910,2.640,16.300,-0.640,-0.287,-0.032,0.957,0.322,-2.892,-0.834,0.000,0.000,1.592,0.030,2,NULL,NULL,,1,0,1,7,255,,250,0,0
stim,11103,11103,0,403074.420,0.782,-0.208,-0.032,0.586,3163,0,0,0,0,12,0,107,20,0.031,96,0,16.534,2.910,2.700,16.300,-0.640,-0.286,-0.032,0.956,0.320,-2.892,-0.838,0.000,0.000,1.592,0.030,2,NULL,NULL,,1,0,1,7,255,,250,0,0
stim,11103,11103,0,403079.420,0.782,-0.208,-0.032,0.586,3177,0,0,0,0,16,0,121,20,0.031,96,0,16.591,2.910,2.700,16.360,-0.580,-0.286,-0.032,0.956,0.320,-2.892,-0.840,0.000,0.000,1.592,0.030,2,NULL,NULL,,1,0,1,7,255,,250,0,0
stim,11105,11105,0,403084.420,0.782,-0.208,-0.032,0.586,3162,0,0,0,0,15,0,107,20,0.031,96,0,16.530,2.906,2.700,16.300,-0.520,-0.286,-0.031,0.956,0.324,-2.888,-0.840,0.000,0.000,1.592,0.030,2,NULL,NULL,,1,0,1,7,255,,250,0,0
stim,11105,11105,0,403089.420,0.782,-0.208,-0.032,0.586,3164,0,0,0,0,11,0,107,20,0.031,96,0,16.599,2.906,2.760,16.360,-0.520,-0.287,-0.032,0.956,0.324,-2.888,-0.840,0.000,0.000,1.592,0.030,2,NULL,NULL,,1,0,1,7,255,,250,0,0
stim,11126,11126,0,403094.421,0.782,-0.208,-0.032,0.586,3167,0,0,0,0,23,0,108,20,0.031,96,0,16.538,2.900,2.760,16.300,-0.460,-0.287,-0.031,0.956,0.326,-2.882,-0.842,0.000,0.000,1.592,0.030,2,NULL,NULL,,1,0,1,7,255,,250,0,0
stim,11126,11126,0,403099.420,0.782,-0.208,-0.032,0.586,3163,0,0,0,0,13,0,108,20,0.031,96,0,16.488,2.900,2.820,16.240,-0.400,-0.286,-0.032,0.956,0.324,-2.882,-0.842,0.000,0.000,1.592,0.030,2,NULL,NULL,,1,0,1,7,255,,250,0,0
stim,11127,11127,0,403104.420,0.782,-0.208,-0.032,0.586,3165,0,0,0,0,11,0,109,20,0.031,96,0,16.537,2.908,2.760,16.300,-0.400,-0.286,-0.032,0.956,0.324,-2.890,-0.842,0.000,0.000,1.592,0.030,2,NULL,NULL,,1,0,1,7,255,,250,0,0
stim,11127,11127,0,403109.420,0.782,-0.208,-0.032,0.586,3165,0,0,0,0,25,0,111,20,0.031,96,0,16.488,2.908,2.820,16.240,-0.400,-0.286,-0.031,0.958,0.324,-2.890,-0.840,0.000,0.000,1.592,0.030,2,NULL,NULL,,1,0,1,7,255,,250,0,0
stim,11167,11167,0,403114.422,0.782,-0.208,-0.032,0.586,3165,0,0,0,0,17,0,111,20,0.031,96,0,16.497,2.910,2.880,16.240,-0.340,-0.286,-0.032,0.957,0.322,-2.892,-0.836,0.000,0.000,1.592,0.030,2,NULL,NULL,,1,0,1,7,255,,250,0,0
stim,11183,11183,0,403119.420,0.782,-0.208,-0.032,0.587,3192,0,0,0,0,10,0,108,20,0.031,96,0,16.426,2.912,2.820,16.180,-0.280,-0.285,-0.032,0.957,0.324,-2.894,-0.836,0.000,0.000,1.592,0.030,2,NULL,NULL,,1,0,1,7,255,,250,0,0
stim,11183,11183,0,403124.421,0.782,-0.208,-0.032,0.587,3161,0,0,0,0,19,0,111,20,0.031,96,0,16.495,2.910,2.880,16.240,-0.220,-0.286,-0.031,0.955,0.324,-2.892,-0.842,0.000,0.000,1.592,0.030,2,NULL,NULL,,1,0,1,7,255,,250,0,0
stim,11183,11183,0,403129.420,0.782,-0.208,-0.032,0.587,3175,0,0,0,0,9,0,111,20,0.031,96,0,16.458,2.902,3.000,16.180,-0.280,-0.287,-0.032,0.956,0.324,-2.884,-0.842,0.000,0.000,1.592,0.030,2,NULL,NULL,,1,0,1,7,255,,250,0,0
stim,11183,11183,0,403134.420,0.782,-0.208,-0.032,0.587,3161,0,0,0,0,13,0,109,20,0.031,96,0,16.505,2.901,2.940,16.240,-0.160,-0.286,-0.032,0.956,0.318,-2.884,-0.842,0.000,0.000,1.592,0.030,2,NULL,NULL,,1,0,1,7,255,,250,0,0
stim,11183,11183,0,403139.420,0.782,-0.208,-0.032,0.587,3164,0,0,0,0,12,0,110,20,0.031,96,0,16.457,2.913,3.000,16.180,-0.160,-0.286,-0.032,0.957,0.316,-2.896,-0.842,0.000,0.000,1.592,0.030,2,NULL,NULL,,1,0,1,7,255,,250,0,0
stim,11183,11183,0,403144.420,0.782,-0.208,-0.032,0.587,3171,0,0,0,0,18,0,113,20,0.031,96,0,16.456,2.913,3.000,16.180,-0.100,-0.285,-0.032,0.957,0.316,-2.896,-0.842,0.000,0.000,1.592,0.030,2,NULL,NULL,,1,0,1,7,255,,250,0,0
stim,11183,11183,0,403149.420,0.782,-0.208,-0.032,0.587,3161,0,0,0,0,11,0,109,20,0.031,96,0,16.456,2.914,3.000,16.180,-0.100,-0.286,-0.031,0.956,0.320,-2.896,-0.840,0.000,0.000,1.592,0.030,2,NULL,NULL,,1,0,1,7,255,,250,0,0
stim,11183,11183,0,403154.420,0.782,-0.208,-0.032,0.587,3159,0,0,0,0,19,0,112,20,0.031,96,0,16.408,2.904,3.060,16.120,-0.040,-0.287,-0.032,0.957,0.320,-2.886,-0.840,0.000,0.000,1.592,0.030,2,NULL,NULL,,1,0,1,7,255,,250,0,0
stim,11183,11183,0,403159.420,0.782,-0.208,-0.032,0.587,3161,0,0,0,0,11,0,111,20,0.031,96,0,16.408,2.903,3.060,16.120,0.020,-0.287,-0.031,0.956,0.318,-2.886,-0.834,0.000,0.000,1.592,0.030,2,NULL,NULL,,1,0,1,7,255,,250,0,0
stim,11199,11199,0,403164.422,0.782,-0.208,-0.032,0.587,3195,0,0,0,0,16,0,112,20,0.031,96,0,16.397,2.903,3.000,16.120,-0.040,-0.286,-0.029,0.957,0.318,-2.886,-0.834,0.000,0.000,1.592,0.030,2,NULL,NULL,,1,0,1,7,255,,250,0,0
stim,11199,11199,0,403169.420,0.782,-0.208,-0.032,0.587,3158,0,0,0,0,13,0,109,20,0.031,96,0,16.456,2.899,3.000,16.180,0.020,-0.288,-0.032,0.957,0.318,-2.882,-0.834,0.000,0.000,1.592,0.030,2,NULL,NULL,,1,0,1,7,255,,250,0,0
stim,11199,11199,0,403174.420,0.782,-0.208,-0.032,0.587,3156,0,0,0,0,12,0,109,20,0.031,96,0,16.445,2.906,2.940,16.180,-0.040,-0.286,-0.031,0.957,0.326,-2.888,-0.838,0.000,0.000,1.592,0.030,2,NULL,NULL,,1,0,1,7,255,,250,0,0
stim,11215,11215,0,403179.420,0.782,-0.208,-0.032,0.587,3172,0,0,0,0,11,0,109,20,0.031,96,0,16.397,2.902,3.000,16.120,0.020,-0.287,-0.030,0.957,0.326,-2.884,-0.832,0.000,0.000,1.592,0.030,2,NULL,NULL,,1,0,1,7,255,,250,0,0
stim,11215,11215,0,403184.421,0.782,-0.208,-0.032,0.587,3166,0,0,0,0,13,0,115,20,0.031,96,0,16.397,2.908,3.000,16.120,0.020,-0.286,-0.030,0.957,0.326,-2.890,-0.838,0.000,0.000,1.592,0.030,2,NULL,NULL,,1,0,1,7,255,,250,0,0
stim,11215,11215,0,403189.421,0.782,-0.208,-0.032,0.587,3155,0,0,0,0,13,0,109,20,0.031,96,0,16.456,2.909,3.000,16.180,0.020,-0.286,-0.030,0.958,0.330,-2.890,-0.832,0.000,0.000,1.592,0.030,2,NULL,NULL,,1,0,1,7,255,,250,0,0
stim,11215,11215,0,403194.422,0.782,-0.208,-0.032,0.587,3155,0,0,0,0,12,0,109,20,0.031,96,0,16.397,2.909,3.000,16.120,-0.040,-0.286,-0.030,0.956,0.330,-2.890,-0.838,0.000,0.000,1.592,0.030,2,NULL,NULL,,1,0,1,7,255,,250,0,0
stim,11215,11215,0,403199.420,0.782,-0.208,-0.032,0.587,3161,0,0,0,0,13,0,112,20,0.031,96,0,16.386,2.901,2.940,16.120,-0.100,-0.287,-0.030,0.956,0.330,-2.882,-0.834,0.000,0.000,1.592,0.030,2,NULL,NULL,,1,0,1,7,255,,250,0,0
stim,11231,11231,0,403204.420,0.782,-0.208,-0.032,0.587,3147,0,0,0,0,10,0,111,20,0.031,96,0,16.446,2.895,2.940,16.180,-0.160,-0.288,-0.029,0.957,0.330,-2.876,-0.834,0.000,0.000,1.592,0.030,2,NULL,NULL,,1,0,1,7,255,,250,0,0
stim,11231,11231,0,403209.420,0.782,-0.208,-0.032,0.587,3150,0,0,0,0,17,0,121,20,0.031,96,0,16.457,2.894,3.000,16.180,-0.160,-0.287,-0.030,0.956,0.326,-2.876,-0.834,0.000,0.000,1.592,0.030,2,NULL,NULL,,1,0,1,7,255,,250,0,0
stim,11263,11263,0,403214.422,0.782,-0.208,-0.032,0.587,3163,0,0,0,0,13,0,111,20,0.031,96,0,16.446,2.894,2.940,16.180,-0.220,-0.287,-0.030,0.956,0.326,-2.876,-0.834,0.000,0.000,1.592,0.030,2,NULL,NULL,,1,0,1,7,255,,250,0,0
stim,11279,11279,0,403219.420,0.782,-0.208,-0.032,0.587,3155,0,0,0,0,11,0,110,20,0.031,96,0,16.447,2.896,2.940,16.180,-0.280,-0.286,-0.031,0.956,0.320,-2.878,-0.840,0.000,0.000,1.592,0.030,2,NULL,NULL,,1,0,1,7,255,,250,0,0
stim,11279,11279,0,403224.420,0.782,-0.208,-0.032,0.587,3155,0,0,0,0,17,0,105,20,0.031,96,0,16.447,2.904,2.940,16.180,-0.280,-0.286,-0.031,0.957,0.320,-2.886,-0.840,0.000,0.000,1.592,0.030,2,NULL,NULL,,1,0,1,7,255,,250,0,0
stim,11279,11279,0,403229.421,0.782,-0.208,-0.032,0.587,3187,0,0,0,0,12,0,107,20,0.031,96,0,16.388,2.909,2.940,16.120,-0.280,-0.285,-0.031,0.956,0.318,-2.892,-0.840,0.000,0.000,1.592,0.030,2,NULL,NULL,,1,0,1,7,255,,250,0,0
stim,11295,11295,0,403234.420,0.782,-0.208,-0.032,0.587,3150,0,0,0,0,17,0,123,20,0.031,96,0,16.446,2.909,2.940,16.180,-0.220,-0.286,-0.031,0.957,0.318,-2.892,-0.838,0.000,0.000,1.592,0.030,2,NULL,NULL,,1,0,1,7,255,,250,0,0
stim,11295,11295,0,403239.420,0.782,-0.208,-0.032,0.587,3163,0,0,0,0,11,0,109,20,0.031,96,0,16.388,2.909,2.940,16.120,-0.280,-0.286,-0.029,0.956,0.318,-2.892,-0.842,0.000,0.000,1.592,0.030,2,NULL,NULL,,1,0,1,7,255,,250,0,0
stim,11295,11295,0,403244.420,0.782,-0.208,-0.032,0.587,3160,0,0,0,0,12,0,115,20,0.031,96,0,16.448,2.906,2.940,16.180,-0.340,-0.286,-0.030,0.957,0.326,-2.888,-0.838,0.000,0.000,1.592,0.030,2,NULL,NULL,,1,0,1,7,255,,250,0,0
stim,11295,11295,0,403249.420,0.782,-0.208,-0.032,0.587,3161,0,0,0,0,9,0,119,20,0.031,96,0,16.448,2.904,2.940,16.180,-0.340,-0.286,-0.031,0.956,0.326,-2.886,-0.838,0.000,0.000,1.592,0.030,2,NULL,NULL,,1,0,1,7,255,,250,0,0
stim,11295,11295,0,403254.420,0.782,-0.208,-0.032,0.587,3148,0,0,0,0,16,0,109,20,0.031,96,0,16.497,2.906,2.880,16.240,-0.340,-0.286,-0.029,0.957,0.326,-2.888,-0.838,0.000,0.000,1.592,0.030,2,NULL,NULL,,1,0,1,7,255,,250,0,0
stim,11295,11295,0,403259.420,0.782,-0.208,-0.032,0.587,3153,0,0,0,0,16,0,113,20,0.031,96,0,16.507,2.906,2.940,16.240,-0.340,-0.286,-0.030,0.957,0.326,-2.888,-0.838,0.000,0.000,1.592,0.030,2,NULL,NULL,,1,0,1,7,255,,250,0,0
stim,11295,11295,0,403264.422,0.782,-0.208,-0.031,0.587,3157,0,0,0,0,14,0,119,20,0.031,96,0,16.448,2.906,2.940,16.180,-0.340,-0.286,-0.030,0.957,0.326,-2.888,-0.834,0.000,0.000,1.592,0.030,2,NULL,NULL,,1,0,1,7,255,,250,0,0
stim,11311,11311,0,403269.420,0.782,-0.209,-0.031,0.587,3149,0,0,0,0,11,0,110,20,0.031,96,0,16.518,2.904,3.000,16.240,-0.340,-0.287,-0.031,0.957,0.322,-2.886,-0.834,0.000,0.000,1.592,0.030,2,NULL,NULL,,1,0,1,7,255,,250,0,0
stim,11311,11311,0,403274.420,0.781,-0.209,-0.031,0.587,3145,0,0,0,0,11,0,109,20,0.031,96,0,16.567,2.903,2.940,16.300,-0.340,-0.286,-0.030,0.956,0.318,-2.886,-0.834,0.000,0.000,1.592,0.030,2,NULL,NULL,,1,0,1,7,255,,250,0,0
stim,11311,11311,0,403279.420,0.781,-0.209,-0.031,0.587,3143,0,0,0,0,11,0,109,20,0.031,96,0,16.461,2.905,3.000,16.180,-0.400,-0.285,-0.029,0.957,0.318,-2.888,-0.836,0.000,0.000,1.592,0.030,2,NULL,NULL,,1,0,1,7,255,,250,0,0
stim,11311,11311,0,403284.420,0.781,-0.209,-0.031,0.587,3164,0,0,0,0,11,0,115,20,0.031,96,0,16.520,2.913,3.000,16.240,-0.400,-0.285,-0.029,0.958,0.330,-2.894,-0.836,0.000,0.000,1.592,0.030,2,NULL,NULL,,1,0,1,7,255,,250,0,0
stim,11311,11311,0,403289.420,0.781,-0.209,-0.031,0.587,3149,0,0,0,0,13,0,109,20,0.031,96,0,16.450,2.913,2.940,16.180,-0.400,-0.285,-0.030,0.956,0.330,-2.894,-0.836,0.000,0.000,1.592,0.030,2,NULL,NULL,,1,0,1,7,255,,250,0,0
stim,11311,11311,0,403294.420,0.781,-0.209,-0.031,0.587,3135,0,0,0,0,11,0,109,20,0.031,96,0,16.509,2.908,2.940,16.240,-0.400,-0.286,-0.030,0.957,0.320,-2.890,-0.838,0.000,0.000,1.592,0.030,2,NULL,NULL,,1,0,1,7,255,,250,0,0
stim,11311,11311,0,403299.420,0.781,-0.209,-0.031,0.587,3140,0,0,0,0,10,0,109,20,0.031,96,0,16.577,2.907,3.000,16.300,-0.340,-0.284,-0.031,0.957,0.316,-2.890,-0.840,0.000,0.000,1.592,0.030,2,NULL,NULL,,1,0,1,7,255,,250,0,0
stim,11327,11327,0,403304.420,0.781,-0.209,-0.031,0.587,3143,0,0,0,0,12,0,121,20,0.031,96,0,16.457,2.921,3.000,16.180,-0.220,-0.285,-0.032,0.957,0.316,-2.904,-0.840,0.000,0.000,1.592,0.030,2,NULL,NULL,,1,0,1,7,255,,250,0,0
stim,11327,11327,0,403309.420,0.781,-0.209,-0.031,0.587,3159,0,0,0,0,10,0,110,20,0.031,96,0,16.516,2.921,3.000,16.240,-0.160,-0.285,-0.030,0.956,0.316,-2.904,-0.842,0.000,0.000,1.592,0.030,2,NULL,NULL,,1,0,1,7,255,,250,0,0
stim,11375,11375,0,403314.422,0.781,-0.209,-0.031,0.587,3128,0,0,0,0,11,0,118,20,0.031,96,0,16.527,2.904,3.060,16.240,-0.220,-0.287,-0.030,0.956,0.308,-2.888,-0.842,0.000,0.000,1.592,0.030,2,NULL,NULL,,1,0,1,7,255,,250,0,0
stim,11375,11375,0,403319.420,0.781,-0.209,-0.031,0.587,3143,0,0,0,0,12,0,115,20,0.031,96,0,16.538,2.905,3.120,16.240,-0.220,-0.286,-0.030,0.957,0.314,-2.888,-0.838,0.000,0.000,1.592,0.030,2,NULL,NULL,,1,0,1,7,255,,250,0,0
stim,11391,11391,0,403324.421,0.781,-0.209,-0.031,0.587,3133,0,0,0,0,10,0,109,20,0.031,96,0,16.561,2.909,3.240,16.240,-0.160,-0.285,-0.030,0.956,0.314,-2.892,-0.838,0.000,0.000,1.592,0.030,2,NULL,NULL,,1,0,1,7,255,,250,0,0
stim,11391,11391,0,403329.420,0.781,-0.209,-0.031,0.587,3134,0,0,0,0,10,0,112,20,0.031,96,0,16.549,2.913,3.180,16.240,0.080,-0.285,-0.031,0.955,0.314,-2.896,-0.846,0.000,0.000,1.592,0.030,2,NULL,NULL,,1,0,1,7,255,,250,0,0
stim,11391,11391,0,403334.420,0.781,-0.209,-0.031,0.587,3143,0,0,0,0,18,0,107,20,0.031,96,0,16.549,2.913,3.180,16.240,0.080,-0.286,-0.030,0.958,0.312,-2.896,-0.846,0.000,0.000,1.592,0.030,2,NULL,NULL,,1,0,1,7,255,,250,0,0
stim,11391,11391,0,403339.421,0.781,-0.209,-0.031,0.588,3147,0,0,0,0,12,0,115,20,0.031,96,0,16.549,2.910,3.180,16.240,-0.100,-0.287,-0.031,0.957,0.304,-2.894,-0.830,0.000,0.000,1.592,0.030,2,NULL,NULL,,1,0,1,7,255,,250,0,0
stim,11391,11391,0,403344.420,0.781,-0.209,-0.031,0.588,3127,0,0,0,0,11,0,112,20,0.031,96,0,16.514,2.910,3.300,16.180,-0.160,-0.285,-0.031,0.957,0.302,-2.894,-0.830,0.000,0.000,1.592,0.030,2,NULL,NULL,,1,0,1,7,255,,250,0,0
stim,11391,11391,0,403349.420,0.781,-0.209,-0.031,0.588,3131,0,0,0,0,12,0,109,20,0.031,96,0,16.525,2.916,3.360,16.180,0.020,-0.283,-0.032,0.957,0.302,-2.900,-0.840,0.000,0.000,1.592,0.030,2,NULL,NULL,,1,0,1,7,255,,250,0,0
stim,11391,11391,0,403354.420,0.781,-0.209,-0.031,0.588,3130,0,0,0,0,9,0,112,20,0.031,96,0,16.443,2.928,3.500,16.060,0.460,-0.284,-0.031,0.957,0.304,-2.912,-0.844,0.000,0.000,1.592,0.030,2,NULL,NULL,,1,0,1,7,255,,250,0,0
stim,11391,11391,0,403359.420,0.781,-0.209,-0.031,0.588,3127,0,0,0,0,13,0,109,20,0.031,96,0,16.449,2.928,3.500,16.060,0.640,-0.287,-0.028,0.956,0.310,-2.912,-0.844,0.000,0.000,1.592,0.030,2,NULL,NULL,,1,0,1,7,255,,250,0,0
stim,11391,11391,0,403364.422,0.781,-0.209,-0.031,0.588,3161,0,0,0,0,12,0,109,20,0.031,96,0,16.559,2.888,3.500,16.180,0.400,-0.289,-0.028,0.957,0.318,-2.870,-0.838,0.000,0.000,1.592,0.030,2,NULL,NULL,,1,0,1,7,255,,250,0,0
stim,11407,11407,0,403369.420,0.781,-0.209,-0.031,0.588,3128,0,0,0,0,13,0,111,20,0.031,96,0,16.496,2.888,3.500,16.120,-0.040,-0.287,-0.028,0.958,0.320,-2.870,-0.822,0.000,0.000,1.592,0.030,2,NULL,NULL,,1,0,1,7,255,,250,0,0
stim,11407,11407,0,403374.420,0.781,-0.209,-0.031,0.588,3126,0,0,0,0,11,0,111,20,0.031,96,0,16.496,2.898,3.500,16.120,0.020,-0.285,-0.028,0.957,0.320,-2.880,-0.822,0.000,0.000,1.592,0.030,2,NULL,NULL,,1,0,1,7,255,,250,0,0
stim,11407,11407,0,403379.420,0.781,-0.209,-0.031,0.588,3132,0,0,0,0,22,0,113,20,0.031,96,0,16.500,2.912,3.500,16.120,0.400,-0.283,-0.029,0.956,0.320,-2.894,-0.842,0.000,0.000,1.592,0.030,2,NULL,NULL,,1,0,1,7,255,,250,0,0
stim,11407,11407,0,403384.420,0.781,-0.209,-0.031,0.588,3152,0,0,0,0,12,0,118,20,0.031,96,0,16.419,2.912,3.620,16.000,0.700,-0.285,-0.028,0.955,0.320,-2.894,-0.854,0.000,0.000,1.592,0.030,2,NULL,NULL,,1,0,1,7,255,,250,0,0
stim,11407,11407,0,403389.420,0.781,-0.209,-0.031,0.588,3123,0,0,0,0,11,0,109,20,0.031,96,0,16.502,2.905,3.740,16.060,0.640,-0.289,-0.027,0.955,0.318,-2.888,-0.854,0.000,0.000,1.592,0.030,2,NULL,NULL,,1,0,1,7,255,,250,0,0
stim,11423,11423,0,403394.420,0.781,-0.209,-0.031,0.588,3147,0,0,0,0,12,0,107,20,0.031,96,0,16.434,2.884,3.740,16.000,0.280,-0.288,-0.027,0.957,0.318,-2.866,-0.830,0.000,0.000,1.592,0.030,2,NULL,NULL,,1,0,1,7,255,,250,0,0
stim,11423,11423,0,403399.420,0.781,-0.209,-0.031,0.588,3117,0,0,0,0,13,0,111,20,0.031,96,0,16.504,2.883,3.800,16.060,0.140,-0.285,-0.028,0.956,0.316,-2.866,-0.830,0.000,0.000,1.592,0.030,2,NULL,NULL,,1,0,1,7,255,,250,0,0
stim,11424,11424,0,403404.420,0.781,-0.209,-0.031,0.588,3117,0,0,0,0,11,0,111,20,0.031,96,0,16.375,2.907,3.740,15.940,0.280,-0.285,-0.029,0.956,0.316,-2.890,-0.844,0.000,0.000,1.592,0.030,2,NULL,NULL,,1,0,1,7,255,,250,0,0
stim,11424,11424,0,403409.420,0.781,-0.209,-0.031,0.588,3143,0,0,0,0,13,0,115,20,0.031,96,0,16.383,2.907,3.740,15.940,0.580,-0.286,-0.030,0.956,0.312,-2.890,-0.844,0.000,0.000,1.592,0.030,2,NULL,NULL,,1,0,1,7,255,,250,0,0
stim,11439,11439,0,403414.422,0.781,-0.209,-0.031,0.588,3114,0,0,0,0,11,0,110,20,0.031,96,0,16.411,2.906,3.860,15.940,0.580,-0.287,-0.028,0.956,0.308,-2.890,-0.840,0.000,0.000,1.592,0.030,2,NULL,NULL,,1,0,1,7,255,,250,0,0
stim,11459,11459,0,403419.421,0.781,-0.209,-0.030,0.588,3123,0,0,0,0,11,0,96,20,0.031,96,0,16.392,2.894,3.800,15.940,0.400,-0.286,-0.027,0.956,0.308,-2.878,-0.838,0.000,0.000,1.592,0.030,2,NULL,NULL,,1,0,1,7,255,,250,0,0
stim,11459,11459,0,403424.421,0.781,-0.209,-0.030,0.588,3112,0,0,0,0,11,0,111,20,0.031,96,0,16.404,2.896,3.860,15.940,0.340,-0.284,-0.028,0.957,0.318,-2.878,-0.838,0.000,0.000,1.592,0.030,2,NULL,NULL,,1,0,1,7,255,,250,0,0
stim,11459,11459,0,403429.420,0.781,-0.209,-0.030,0.588,3132,0,0,0,0,22,0,119,20,0.031,96,0,16.392,2.911,3.800,15.940,0.400,-0.285,-0.028,0.957,0.318,-2.894,-0.842,0.000,0.000,1.592,0.030,2,NULL,NULL,,1,0,1,7,255,,250,0,0
stim,11494,11494,0,403434.420,0.781,-0.209,-0.030,0.588,3114,0,0,0,0,11,0,111,20,0.031,96,0,16.407,2.911,3.860,15.940,0.460,-0.285,-0.027,0.956,0.318,-2.894,-0.842,0.000,0.000,1.592,0.030,2,NULL,NULL,,1,0,1,7,255,,250,0,0
stim,11494,11494,0,403439.421,0.781,-0.209,-0.030,0.588,3115,0,0,0,0,12,0,123,20,0.031,96,0,16.347,2.903,3.860,15.880,0.400,-0.285,-0.027,0.956,0.316,-2.886,-0.842,0.000,0.000,1.592,0.030,2,NULL,NULL,,1,0,1,7,255,,250,0,0
stim,11494,11494,0,403444.420,0.781,-0.209,-0.030,0.588,3112,0,0,0,0,12,0,111,20,0.031,96,0,16.407,2.903,3.860,15.940,0.460,-0.285,-0.028,0.956,0.314,-2.886,-0.842,0.000,0.000,1.592,0.030,2,NULL,NULL,,1,0,1,7,255,,250,0,0
stim,11494,11494,0,403449.420,0.781,-0.209,-0.030,0.588,3119,0,0,0,0,9,0,117,20,0.031,96,0,16.349,2.909,3.860,15.880,0.460,-0.285,-0.028,0.957,0.310,-2.892,-0.842,0.000,0.000,1.592,0.030,2,NULL,NULL,,1,0,1,7,255,,250,0,0
stim,11494,11494,0,403454.420,0.781,-0.210,-0.030,0.588,3103,0,0,0,0,16,0,115,20,0.031,96,0,16.335,2.908,3.800,15.880,0.460,-0.285,-0.028,0.957,0.308,-2.892,-0.842,0.000,0.000,1.592,0.030,2,NULL,NULL,,1,0,1,7,255,,250,0,0
stim,11494,11494,0,403459.420,0.781,-0.210,-0.030,0.588,3101,0,0,0,0,11,0,111,20,0.031,96,0,16.337,2.912,3.800,15.880,0.520,-0.285,-0.028,0.958,0.308,-2.896,-0.838,0.000,0.000,1.592,0.030,2,NULL,NULL,,1,0,1,7,255,,250,0,0
stim,11494,11494,0,403464.422,0.781,-0.210,-0.030,0.588,3141,0,0,0,0,18,0,115,20,0.031,96,0,16.592,2.910,3.920,16.120,0.280,-0.284,-0.026,0.957,0.308,-2.894,-0.838,0.000,0.000,1.592,0.030,2,NULL,NULL,,1,0,1,7,255,,250,0,0
stim,11494,11494,0,403469.420,0.781,-0.210,-0.030,0.588,3100,0,0,0,0,11,0,115,20,0.031,96,0,16.510,2.914,3.560,16.120,0.200,-0.280,-0.027,0.956,0.322,-2.896,-0.840,0.000,0.000,1.592,0.030,2,NULL,NULL,,1,0,1,7,255,,250,0,0
stim,11496,11496,0,403474.420,0.781,-0.210,-0.030,0.588,3103,0,0,0,0,17,0,109,20,0.031,96,0,16.619,2.944,3.500,16.240,0.460,-0.278,-0.030,0.956,0.322,-2.926,-0.874,0.000,0.000,1.592,0.030,2,NULL,NULL,,1,0,1,7,255,,250,0,0
stim,11497,11497,0,403479.420,0.781,-0.210,-0.030,0.588,3102,0,0,0,0,11,0,111,20,0.031,96,0,16.349,2.941,3.560,15.880,1.560,-0.282,-0.034,0.950,0.300,-2.926,-0.886,0.000,0.000,1.592,0.030,2,NULL,NULL,,1,0,1,7,255,,250,0,0
stim,11497,11497,0,403484.420,0.781,-0.210,-0.030,0.588,3107,0,0,0,0,10,0,119,20,0.031,96,0,16.290,2.912,3.680,15.760,1.860,-0.291,-0.041,0.955,0.240,-2.902,-0.886,0.000,0.000,1.592,0.030,2,NULL,NULL,,1,0,1,7,255,,250,0,0
stim,11497,11497,0,403489.420,0.781,-0.210,-0.030,0.588,3100,0,0,0,0,11,0,112,20,0.031,96,0,16.177,2.898,3.980,15.640,1.120,-0.291,-0.027,0.958,0.240,-2.888,-0.822,0.000,0.000,1.592,0.030,2,NULL,NULL,,1,0,1,7,255,,250,0,0
stim,11526,11526,0,403494.420,0.780,-0.210,-0.030,0.588,3101,0,0,0,0,13,0,114,20,0.031,96,0,16.448,2.869,4.040,15.940,0.340,-0.287,-0.018,0.958,0.292,-2.854,-0.818,0.000,0.000,1.592,0.030,2,NULL,NULL,,1,0,1,7,255,,250,0,0
stim,11526,11526,0,403499.420,0.780,-0.210,-0.030,0.588,3109,0,0,0,0,13,0,116,20,0.031,96,0,16.148,2.879,3.920,15.640,0.880,-0.285,-0.019,0.959,0.382,-2.854,-0.816,0.000,0.000,1.592,0.030,2,NULL,NULL,,1,0,1,7,255,,250,0,0
stim,11526,11526,0,403504.420,0.780,-0.210,-0.030,0.588,3112,0,0,0,0,19,0,117,20,0.031,96,0,16.105,2.897,3.560,15.640,1.440,-0.287,-0.022,0.959,0.382,-2.872,-0.816,0.000,0.000,1.592,0.030,2,NULL,NULL,,1,0,1,7,255,,250,0,0
stim,11526,11526,0,403509.420,0.780,-0.210,-0.029,0.588,3119,0,0,0,0,11,0,119,20,0.031,96,0,16.137,2.892,3.560,15.700,1.120,-0.291,-0.023,0.959,0.342,-2.872,-0.802,0.000,0.000,1.592,0.030,2,NULL,NULL,,1,0,1,7,255,,250,0,0
stim,11567,11567,0,403514.422,0.780,-0.210,-0.029,0.588,3093,0,0,0,0,9,0,119,20,0.031,96,0,16.373,2.875,3.740,15.940,0.140,-0.288,-0.023,0.958,0.328,-2.856,-0.802,0.000,0.000,1.592,0.030,2,NULL,NULL,,1,0,1,7,255,,250,0,0
stim,11583,11583,0,403519.420,0.780,-0.210,-0.029,0.588,3099,0,0,0,0,11,0,119,20,0.031,96,0,16.357,2.875,3.920,15.880,-0.160,-0.283,-0.027,0.957,0.326,-2.856,-0.814,0.000,0.000,1.592,0.030,2,NULL,NULL,,1,0,1,7,255,,250,0,0
stim,11583,11583,0,403524.420,0.780,-0.210,-0.029,0.588,3096,0,0,0,0,11,0,116,20,0.031,96,0,16.317,2.920,3.980,15.820,0.340,-0.280,-0.029,0.958,0.304,-2.904,-0.848,0.000,0.000,1.592,0.030,2,NULL,NULL,,1,0,1,7,255,,250,0,0
stim,11583,11583,0,403529.421,0.780,-0.210,-0.029,0.588,3097,0,0,0,0,13,0,131,20,0.031,96,0,16.377,2.921,3.860,15.880,1.060,-0.283,-0.027,0.957,0.296,-2.906,-0.848,0.000,0.000,1.592,0.030,2,NULL,NULL,,1,0,1,7,255,,250,0,0
stim,11599,11599,0,403534.420,0.780,-0.210,-0.029,0.588,3087,0,0,0,0,18,0,110,20,0.031,96,0,16.315,2.921,3.860,15.820,1.000,-0.287,-0.024,0.957,0.296,-2.906,-0.848,0.000,0.000,1.592,0.030,2,NULL,NULL,,1,0,1,7,255,,250,0,0
stim,11599,11599,0,403539.420,0.780,-0.210,-0.029,0.588,3102,0,0,0,0,11,0,119,20,0.031,96,0,16.263,2.891,3.740,15.820,0.460,-0.286,-0.024,0.957,0.312,-2.874,-0.834,0.000,0.000,1.592,0.030,2,NULL,NULL,,1,0,1,7,255,,250,0,0
stim,11599,11599,0,403544.420,0.780,-0.210,-0.029,0.588,3096,0,0,0,0,13,0,116,20,0.031,96,0,16.359,2.891,3.680,15.940,0.080,-0.285,-0.025,0.958,0.312,-2.874,-0.826,0.000,0.000,1.592,0.030,2,NULL,NULL,,1,0,1,7,255,,250,0,0
stim,11599,11599,0,403549.420,0.780,-0.210,-0.029,0.588,3095,0,0,0,0,16,0,119,20,0.031,96,0,16.322,2.913,3.500,15.940,0.280,-0.281,-0.027,0.957,0.310,-2.896,-0.834,0.000,0.000,1.592,0.030,2,NULL,NULL,,1,0,1,7,255,,250,0,0
stim,11599,11599,0,403554.420,0.780,-0.210,-0.029,0.588,3089,0,0,0,0,13,0,115,20,0.031,96,0,16.335,2.929,3.500,15.940,0.700,-0.282,-0.027,0.957,0.300,-2.914,-0.854,0.000,0.000,1.592,0.030,2,NULL,NULL,,1,0,1,7,255,,250,0,0
stim,11599,11599,0,403559.420,0.780,-0.210,-0.029,0.588,3097,0,0,0,0,12,0,117,20,0.031,96,0,16.353,2.929,3.560,15.940,0.820,-0.284,-0.026,0.956,0.300,-2.914,-0.854,0.000,0.000,1.592,0.030,2,NULL,NULL,,1,0,1,7,255,,250,0,0
stim,11599,11599,0,403564.423,0.780,-0.210,-0.029,0.588,3097,0,0,0,0,17,0,125,20,0.031,96,0,16.358,2.906,3.620,15.940,0.640,-0.285,-0.025,0.956,0.300,-2.890,-0.846,0.000,0.000,1.592,0.030,2,NULL,NULL,,1,0,1,7,255,,250,0,0
stim,11615,11615,0,403569.420,0.780,-0.210,-0.029,0.588,3089,0,0,0,0,12,0,116,20,0.031,96,0,16.400,2.902,3.560,16.000,0.520,-0.285,-0.025,0.957,0.300,-2.886,-0.840,0.000,0.000,1.592,0.030,2,NULL,NULL,,1,0,1,7,255,,250,0,0
stim,11615,11615,0,403574.420,0.780,-0.210,-0.029,0.588,3087,0,0,0,0,13,0,116,20,0.031,96,0,16.328,2.902,3.500,15.940,0.520,-0.284,-0.024,0.957,0.306,-2.886,-0.838,0.000,0.000,1.592,0.030,2,NULL,NULL,,1,0,1,7,255,,250,0,0
stim,11615,11615,0,403579.420,0.780,-0.210,-0.029,0.588,3083,0,0,0,0,11,0,115,20,0.031,96,0,16.361,2.902,3.620,15.940,0.700,-0.285,-0.025,0.956,0.306,-2.886,-0.838,0.000,0.000,1.592,0.030,2,NULL,NULL,,1,0,1,7,255,,250,0,0
stim,11615,11615,0,403584.420,0.780,-0.210,-0.029,0.588,3083,0,0,0,0,11,0,116,20,0.031,96,0,16.372,2.899,3.680,15.940,0.640,-0.285,-0.023,0.957,0.310,-2.882,-0.838,0.000,0.000,1.592,0.030,2,NULL,NULL,,1,0,1,7,255,,250,0,0
stim,11615,11615,0,403589.420,0.780,-0.211,-0.029,0.588,3111,0,0,0,0,10,0,131,20,0.031,96,0,16.426,2.898,3.680,16.000,0.520,-0.285,-0.025,0.957,0.302,-2.882,-0.834,0.000,0.000,1.592,0.030,2,NULL,NULL,,1,0,1,7,255,,250,0,0
stim,11615,11615,0,403594.420,0.780,-0.211,-0.029,0.588,3080,0,0,0,0,11,0,115,20,0.031,96,0,16.411,2.904,3.620,16.000,0.460,-0.284,-0.025,0.958,0.304,-2.888,-0.834,0.000,0.000,1.592,0.030,2,NULL,NULL,,1,0,1,7,255,,250,0,0
stim,11615,11615,0,403599.420,0.780,-0.211,-0.029,0.588,3079,0,0,0,0,9,0,117,20,0.031,96,0,16.428,2.910,3.680,16.000,0.580,-0.284,-0.025,0.957,0.302,-2.894,-0.834,0.000,0.000,1.592,0.030,2,NULL,NULL,,1,0,1,7,255,,250,0,0
stim,11631,11631,0,403604.420,0.780,-0.211,-0.029,0.588,3077,0,0,0,0,11,0,123,20,0.031,96,0,16.358,2.910,3.620,15.940,0.640,-0.283,-0.023,0.957,0.304,-2.894,-0.842,0.000,0.000,1.592,0.030,2,NULL,NULL,,1,0,1,7,255,,250,0,0
stim,11631,11631,0,403609.420,0.780,-0.211,-0.028,0.588,3089,0,0,0,0,9,0,119,20,0.031,96,0,16.430,2.911,3.680,16.000,0.640,-0.285,-0.022,0.958,0.316,-2.894,-0.842,0.000,0.000,1.592,0.030,2,NULL,NULL,,1,0,1,7,255,,250,0,0
stim,11663,11663,0,403614.422,0.780,-0.211,-0.028,0.588,3078,0,0,0,0,11,0,117,20,0.031,96,0,16.402,2.909,3.560,16.000,0.580,-0.285,-0.023,0.959,0.316,-2.892,-0.830,0.000,0.000,1.592,0.030,2,NULL,NULL,,1,0,1,7,255,,250,0,0
stim,11663,11663,0,403619.420,0.780,-0.211,-0.028,0.588,3100,0,0,0,0,8,0,120,20,0.031,96,0,16.371,2.899,3.440,16.000,0.400,-0.285,-0.023,0.958,0.312,-2.882,-0.824,0.000,0.000,1.592,0.030,2,NULL,NULL,,1,0,1,7,255,,250,0,0
stim,11663,11663,0,403624.420,0.780,-0.211,-0.028,0.588,3077,0,0,0,0,16,0,117,20,0.031,96,0,16.409,2.899,3.360,16.060,0.200,-0.285,-0.021,0.957,0.312,-2.882,-0.824,0.000,0.000,1.592,0.030,2,NULL,NULL,,1,0,1,7,255,,250,0,0
stim,11679,11679,0,403629.422,0.780,-0.211,-0.028,0.589,3076,0,0,0,0,10,0,117,20,0.031,96,0,16.443,2.899,3.240,16.120,0.140,-0.283,-0.024,0.958,0.312,-2.882,-0.834,0.000,0.000,1.592,0.030,2,NULL,NULL,,1,0,1,7,255,,250,0,0
stim,11679,11679,0,403634.420,0.780,-0.211,-0.028,0.589,3105,0,0,0,0,9,0,117,20,0.031,96,0,16.445,2.912,3.240,16.120,0.280,-0.283,-0.024,0.957,0.308,-2.896,-0.834,0.000,0.000,1.592,0.030,2,NULL,NULL,,1,0,1,7,255,,250,0,0
stim,11679,11679,0,403639.420,0.780,-0.211,-0.028,0.589,3071,0,0,0,0,12,0,118,20,0.031,96,0,16.458,2.912,3.300,16.120,0.340,-0.284,-0.024,0.958,0.306,-2.896,-0.836,0.000,0.000,1.592,0.030,2,NULL,NULL,,1,0,1,7,255,,250,0,0
stim,11679,11679,0,403644.420,0.780,-0.211,-0.028,0.589,3063,0,0,0,0,16,0,115,20,0.031,96,0,16.386,2.912,3.240,16.060,0.280,-0.283,-0.024,0.957,0.304,-2.896,-0.842,0.000,0.000,1.592,0.030,2,NULL,NULL,,1,0,1,7,255,,250,0,0
stim,11679,11679,0,403649.420,0.780,-0.211,-0.028,0.589,3068,0,0,0,0,20,0,119,20,0.031,96,0,16.456,2.911,3.300,16.120,0.200,-0.284,-0.024,0.958,0.300,-2.896,-0.836,0.000,0.000,1.592,0.030,2,NULL,NULL,,1,0,1,7,255,,250,0,0
stim,11695,11695,0,403654.420,0.780,-0.211,-0.028,0.589,3079,0,0,0,0,12,0,118,20,0.031,96,0,16.384,2.908,3.240,16.060,0.140,-0.284,-0.023,0.957,0.300,-2.892,-0.836,0.000,0.000,1.592,0.030,2,NULL,NULL,,1,0,1,7,255,,250,0,0
stim,11695,11695,0,403659.420,0.780,-0.211,-0.028,0.589,3068,0,0,0,0,16,0,116,20,0.031,96,0,16.420,2.904,3.120,16.120,0.140,-0.284,-0.022,0.957,0.304,-2.888,-0.836,0.000,0.000,1.592,0.030,2,NULL,NULL,,1,0,1,7,255,,250,0,0
stim,11695,11695,0,403664.422,0.780,-0.211,-0.028,0.589,3099,0,0,0,0,12,0,118,20,0.031,96,0,16.443,2.905,3.240,16.120,0.080,-0.285,-0.021,0.958,0.314,-2.888,-0.836,0.000,0.000,1.592,0.030,2,NULL,NULL,,1,0,1,7,255,,250,0,0
stim,11711,11711,0,403669.420,0.780,-0.211,-0.028,0.589,3067,0,0,0,0,11,0,116,20,0.031,96,0,16.420,2.905,3.120,16.120,0.140,-0.284,-0.022,0.958,0.314,-2.888,-0.830,0.000,0.000,1.592,0.030,2,NULL,NULL,,1,0,1,7,255,,250,0,0
stim,11711,11711,0,403674.420,0.780,-0.211,-0.028,0.589,3067,0,0,0,0,11,0,116,20,0.031,96,0,16.467,2.905,3.060,16.180,0.020,-0.284,-0.023,0.958,0.312,-2.888,-0.830,0.000,0.000,1.592,0.030,2,NULL,NULL,,1,0,1,7,255,,250,0,0
stim,11711,11711,0,403679.420,0.780,-0.211,-0.028,0.589,3069,0,0,0,0,9,0,119,20,0.031,96,0,16.515,2.905,3.000,16.240,-0.100,-0.284,-0.021,0.958,0.312,-2.888,-0.832,0.000,0.000,1.592,0.030,2,NULL,NULL,,1,0,1,7,255,,250,0,0
stim,11711,11711,0,403684.420,0.780,-0.211,-0.028,0.589,3067,0,0,0,0,9,0,119,20,0.031,96,0,16.505,2.903,2.940,16.240,-0.160,-0.284,-0.021,0.958,0.318,-2.886,-0.832,0.000,0.000,1.592,0.030,2,NULL,NULL,,1,0,1,7,255,,250,0,0
stim,11711,11711,0,403689.421,0.780,-0.211,-0.028,0.589,3067,0,0,0,0,10,0,117,20,0.031,96,0,16.505,2.902,2.940,16.240,-0.160,-0.285,-0.021,0.958,0.320,-2.884,-0.832,0.000,0.000,1.592,0.030,2,NULL,NULL,,1,0,1,7,255,,250,0,0
stim,11711,11711,0,403694.420,0.780,-0.211,-0.028,0.589,3064,0,0,0,0,13,0,121,20,0.031,96,0,16.446,2.904,2.940,16.180,-0.160,-0.284,-0.022,0.958,0.320,-2.886,-0.830,0.000,0.000,1.592,0.030,2,NULL,NULL,,1,0,1,7,255,,250,0,0
stim,11711,11711,0,403699.420,0.780,-0.211,-0.028,0.589,3101,0,0,0,0,11,0,121,20,0.031,96,0,16.435,2.897,2.880,16.180,-0.160,-0.285,-0.023,0.958,0.314,-2.880,-0.828,0.000,0.000,1.592,0.030,2,NULL,NULL,,1,0,1,7,255,,250,0,0
stim,11727,11727,0,403704.420,0.780,-0.211,-0.028,0.589,3067,0,0,0,0,12,0,119,20,0.031,96,0,16.474,2.896,2.760,16.240,-0.220,-0.286,-0.022,0.958,0.302,-2.880,-0.826,0.000,0.000,1.592,0.030,2,NULL,NULL,,1,0,1,7,255,,250,0,0
stim,11727,11727,0,403709.420,0.780,-0.211,-0.028,0.589,3068,0,0,0,0,12,0,121,20,0.031,96,0,16.487,2.896,2.820,16.240,-0.340,-0.285,-0.023,0.957,0.300,-2.880,-0.826,0.000,0.000,1.592,0.030,2,NULL,NULL,,1,0,1,7,255,,250,0,0
stim,11743,11743,0,403714.421,0.780,-0.211,-0.028,0.589,3075,0,0,0,0,10,0,119,20,0.031,96,0,16.485,2.895,2.820,16.240,-0.280,-0.284,-0.023,0.958,0.298,-2.880,-0.832,0.000,0.000,1.592,0.030,2,NULL,NULL,,1,0,1,7,255,,250,0,0
stim,11760,11760,0,403719.421,0.780,-0.211,-0.028,0.589,3081,0,0,0,0,9,0,132,20,0.031,96,0,16.476,2.905,2.760,16.240,-0.340,-0.284,-0.022,0.958,0.298,-2.890,-0.832,0.000,0.000,1.592,0.030,2,NULL,NULL,,1,0,1,7,255,,250,0,0
stim,11760,11760,0,403724.420,0.780,-0.211,-0.028,0.589,3067,0,0,0,0,12,0,119,20,0.031,96,0,16.537,2.906,2.760,16.300,-0.400,-0.284,-0.022,0.958,0.306,-2.890,-0.828,0.000,0.000,1.592,0.030,2,NULL,NULL,,1,0,1,7,255,,250,0,0
stim,11760,11760,0,403729.420,0.780,-0.211,-0.028,0.589,3067,0,0,0,0,9,0,118,20,0.031,96,0,16.527,2.906,2.700,16.300,-0.400,-0.284,-0.021,0.958,0.308,-2.890,-0.828,0.000,0.000,1.592,0.030,2,NULL,NULL,,1,0,1,7,255,,250,0,0
stim,11775,11775,0,403734.421,0.780,-0.211,-0.028,0.589,3107,0,0,0,0,10,0,125,20,0.031,96,0,16.537,2.907,2.760,16.300,-0.400,-0.284,-0.021,0.958,0.318,-2.890,-0.826,0.000,0.000,1.592,0.030,2,NULL,NULL,,1,0,1,7,255,,250,0,0
stim,11775,11775,0,403739.420,0.780,-0.211,-0.028,0.589,3068,0,0,0,0,16,0,122,20,0.031,96,0,16.517,2.903,2.640,16.300,-0.400,-0.284,-0.021,0.957,0.318,-2.886,-0.826,0.000,0.000,1.592,0.030,2,NULL,NULL,,1,0,1,7,255,,250,0,0
stim,11775,11775,0,403744.420,0.780,-0.211,-0.028,0.589,3063,0,0,0,0,17,0,133,20,0.031,96,0,16.529,2.903,2.700,16.300,-0.460,-0.284,-0.022,0.958,0.316,-2.886,-0.834,0.000,0.000,1.592,0.030,2,NULL,NULL,,1,0,1,7,255,,250,0,0
stim,11775,11775,0,403749.420,0.780,-0.211,-0.028,0.589,3068,0,0,0,0,11,0,123,20,0.031,96,0,16.523,2.903,2.640,16.300,-0.580,-0.284,-0.023,0.957,0.310,-2.886,-0.836,0.000,0.000,1.592,0.030,2,NULL,NULL,,1,0,1,7,255,,250,0,0
stim,11776,11776,0,403754.420,0.780,-0.211,-0.028,0.589,3063,0,0,0,0,7,0,123,20,0.031,96,0,16.525,2.907,2.640,16.300,-0.640,-0.283,-0.021,0.958,0.310,-2.890,-0.836,0.000,0.000,1.592,0.030,2,NULL,NULL,,1,0,1,7,255,,250,0,0
stim,11776,11776,0,403759.420,0.780,-0.211,-0.028,0.589,3067,0,0,0,0,9,0,121,20,0.031,96,0,16.572,2.914,2.580,16.360,-0.580,-0.283,-0.022,0.958,0.308,-2.898,-0.836,0.000,0.000,1.592,0.030,2,NULL,NULL,,1,0,1,7,255,,250,0,0
stim,11791,11791,0,403764.422,0.780,-0.211,-0.028,0.589,3071,0,0,0,0,12,0,123,20,0.031,96,0,16.511,2.914,2.580,16.300,-0.520,-0.283,-0.022,0.958,0.308,-2.898,-0.836,0.000,0.000,1.592,0.030,2,NULL,NULL,,1,0,1,7,255,,250,0,0
stim,11791,11791,0,403769.420,0.779,-0.211,-0.028,0.589,3067,0,0,0,0,11,0,121,20,0.031,96,0,16.575,2.910,2.580,16.360,-0.640,-0.284,-0.023,0.958,0.306,-2.894,-0.834,0.000,0.000,1.592,0.030,2,NULL,NULL,,1,0,1,7,255,,250,0,0
stim,11791,11791,0,403774.420,0.779,-0.211,-0.028,0.589,3067,0,0,0,0,15,0,121,20,0.031,96,0,16.654,2.910,2.580,16.440,-0.640,-0.283,-0.022,0.958,0.306,-2.894,-0.838,0.000,0.000,1.592,0.030,2,NULL,NULL,,1,0,1,7,255,,250,0,0
stim,11807,11807,0,403779.420,0.779,-0.211,-0.028,0.589,3067,0,0,0,0,11,0,121,20,0.031,96,0,16.575,2.910,2.580,16.360,-0.640,-0.283,-0.022,0.957,0.306,-2.894,-0.838,0.000,0.000,1.592,0.030,2,NULL,NULL,,1,0,1,7,255,,250,0,0
stim,11807,11807,0,403784.420,0.779,-0.211,-0.028,0.589,3062,0,0,0,0,13,0,123,20,0.031,96,0,16.651,2.910,2.580,16.440,-0.580,-0.283,-0.023,0.957,0.306,-2.894,-0.842,0.000,0.000,1.592,0.030,2,NULL,NULL,,1,0,1,7,255,,250,0,0
stim,11807,11807,0,403789.420,0.779,-0.211,-0.028,0.589,3067,0,0,0,0,12,0,122,20,0.031,96,0,16.575,2.908,2.580,16.360,-0.640,-0.284,-0.023,0.957,0.302,-2.892,-0.842,0.000,0.000,1.592,0.030,2,NULL,NULL,,1,0,1,7,255,,250,0,0
stim,11823,11823,0,403794.420,0.779,-0.211,-0.028,0.589,3067,0,0,0,0,7,0,122,20,0.031,96,0,16.563,2.912,2.520,16.360,-0.580,-0.283,-0.023,0.957,0.302,-2.896,-0.844,0.000,0.000,1.592,0.030,2,NULL,NULL,,1,0,1,7,255,,250,0,0
stim,11823,11823,0,403799.420,0.779,-0.211,-0.028,0.589,3077,0,0,0,0,16,0,121,20,0.031,96,0,16.563,2.906,2.520,16.360,-0.580,-0.284,-0.023,0.957,0.300,-2.890,-0.842,0.000,0.000,1.592,0.030,2,NULL,NULL,,1,0,1,7,255,,250,0,0
stim,11823,11823,0,403804.420,0.779,-0.211,-0.028,0.589,3097,0,0,0,0,16,0,123,20,0.031,96,0,16.572,2.909,2.580,16.360,-0.580,-0.284,-0.024,0.957,0.294,-2.894,-0.842,0.000,0.000,1.592,0.030,2,NULL,NULL,,1,0,1,7,255,,250,0,0
stim,11823,11823,0,403809.420,0.779,-0.211,-0.028,0.589,3095,0,0,0,0,12,0,125,20,0.031,96,0,16.584,2.905,2.640,16.360,-0.640,-0.284,-0.024,0.957,0.290,-2.890,-0.840,0.000,0.000,1.592,0.030,2,NULL,NULL,,1,0,1,7,255,,250,0,0
stim,11860,11860,0,403814.422,0.779,-0.211,-0.028,0.589,3080,0,0,0,0,16,0,136,20,0.031,96,0,16.591,2.908,2.700,16.360,-0.580,-0.284,-0.024,0.957,0.290,-2.894,-0.838,0.000,0.000,1.592,0.030,2,NULL,NULL,,1,0,1,7,255,,250,0,0
stim,11892,11892,0,403819.420,0.779,-0.211,-0.028,0.589,3067,0,0,0,0,14,0,121,20,0.031,96,0,16.659,2.902,2.640,16.440,-0.520,-0.284,-0.024,0.957,0.288,-2.888,-0.840,0.000,0.000,1.592,0.030,2,NULL,NULL,,1,0,1,7,255,,250,0,0
stim,11892,11892,0,403824.420,0.779,-0.211,-0.028,0.590,3087,0,0,0,0,26,0,122,20,0.031,96,0,16.582,2.903,2.640,16.360,-0.580,-0.284,-0.022,0.958,0.290,-2.888,-0.838,0.000,0.000,1.592,0.030,2,NULL,NULL,,1,0,1,7,255,,250,0,0
stim,11892,11892,0,403829.421,0.779,-0.211,-0.028,0.590,3067,0,0,0,0,18,0,125,20,0.031,96,0,16.582,2.903,2.640,16.360,-0.580,-0.284,-0.023,0.958,0.296,-2.888,-0.834,0.000,0.000,1.592,0.030,2,NULL,NULL,,1,0,1,7,255,,250,0,0
stim,11892,11892,0,403834.420,0.779,-0.211,-0.028,0.590,3067,0,0,0,0,11,0,120,20,0.031,96,0,16.523,2.906,2.640,16.300,-0.580,-0.284,-0.022,0.958,0.308,-2.890,-0.834,0.000,0.000,1.592,0.030,2,NULL,NULL,,1,0,1,7,255,,250,0,0
stim,11892,11892,0,403839.420,0.779,-0.211,-0.028,0.590,3081,0,0,0,0,17,0,121,20,0.031,96,0,16.661,2.905,2.640,16.440,-0.580,-0.285,-0.023,0.958,0.298,-2.890,-0.834,0.000,0.000,1.592,0.030,2,NULL,NULL,,1,0,1,7,255,,250,0,0
stim,11895,11895,0,403844.420,0.779,-0.211,-0.028,0.590,3067,0,0,0,0,11,0,121,20,0.031,96,0,16.589,2.906,2.700,16.360,-0.520,-0.284,-0.023,0.958,0.300,-2.890,-0.834,0.000,0.000,1.592,0.030,2,NULL,NULL,,1,0,1,7,255,,250,0,0
stim,11895,11895,0,403849.420,0.779,-0.211,-0.028,0.590,3081,0,0,0,0,16,0,136,20,0.031,96,0,16.588,2.902,2.700,16.360,-0.460,-0.284,-0.021,0.957,0.300,-2.886,-0.834,0.000,0.000,1.592,0.030,2,NULL,NULL,,1,0,1,7,255,,250,0,0
stim,11896,11896,0,403854.420,0.779,-0.211,-0.028,0.590,3065,0,0,0,0,12,0,123,20,0.031,96,0,16.578,2.900,2.640,16.360,-0.460,-0.284,-0.022,0.957,0.300,-2.884,-0.840,0.000,0.000,1.592,0.030,2,NULL,NULL,,1,0,1,7,255,,250,0,0
stim,11896,11896,0,403859.420,0.779,-0.211,-0.028,0.590,3067,0,0,0,0,11,0,123,20,0.031,96,0,16.588,2.900,2.700,16.360,-0.460,-0.283,-0.022,0.957,0.308,-2.884,-0.842,0.000,0.000,1.592,0.030,2,NULL,NULL,,1,0,1,7,255,,250,0,0
stim,11896,11896,0,403864.422,0.779,-0.211,-0.028,0.590,3063,0,0,0,0,13,0,123,20,0.031,96,0,16.589,2.904,2.700,16.360,-0.520,-0.284,-0.023,0.957,0.300,-2.888,-0.840,0.000,0.000,1.592,0.030,2,NULL,NULL,,1,0,1,7,255,,250,0,0
stim,11903,11903,0,403869.420,0.779,-0.211,-0.028,0.590,3066,0,0,0,0,14,0,123,20,0.031,96,0,16.529,2.907,2.700,16.300,-0.460,-0.283,-0.023,0.957,0.296,-2.892,-0.842,0.000,0.000,1.592,0.030,2,NULL,NULL,,1,0,1,7,255,,250,0,0
stim,11903,11903,0,403874.420,0.779,-0.211,-0.028,0.590,3065,0,0,0,0,13,0,122,20,0.031,96,0,16.516,2.909,2.640,16.300,-0.340,-0.283,-0.023,0.957,0.296,-2.894,-0.846,0.000,0.000,1.592,0.030,2,NULL,NULL,,1,0,1,7,255,,250,0,0
stim,11903,11903,0,403879.420,0.779,-0.211,-0.028,0.590,3064,0,0,0,0,12,0,122,20,0.031,96,0,16.526,2.911,2.700,16.300,-0.340,-0.283,-0.024,0.957,0.294,-2.896,-0.846,0.000,0.000,1.592,0.030,2,NULL,NULL,,1,0,1,7,255,,250,0,0
stim,11925,11925,0,403884.420,0.779,-0.211,-0.028,0.590,3064,0,0,0,0,13,0,122,20,0.031,96,0,16.475,2.909,2.760,16.240,-0.280,-0.284,-0.023,0.957,0.296,-2.894,-0.846,0.000,0.000,1.592,0.030,2,NULL,NULL,,1,0,1,7,255,,250,0,0
stim,11925,11925,0,403889.420,0.779,-0.211,-0.028,0.590,3081,0,0,0,0,16,0,123,20,0.031,96,0,16.534,2.907,2.760,16.300,-0.280,-0.284,-0.023,0.957,0.296,-2.892,-0.842,0.000,0.000,1.592,0.030,2,NULL,NULL,,1,0,1,7,255,,250,0,0
stim,11925,11925,0,403894.420,0.779,-0.211,-0.028,0.590,3063,0,0,0,0,13,0,121,20,0.031,96,0,16.474,2.907,2.760,16.240,-0.220,-0.283,-0.023,0.957,0.296,-2.892,-0.842,0.000,0.000,1.592,0.030,2,NULL,NULL,,1,0,1,7,255,,250,0,0
stim,11925,11925,0,403899.420,0.779,-0.211,-0.028,0.590,3064,0,0,0,0,12,0,123,20,0.031,96,0,16.485,2.907,2.820,16.240,-0.280,-0.284,-0.022,0.958,0.296,-2.892,-0.838,0.000,0.000,1.592,0.030,2,NULL,NULL,,1,0,1,7,255,,250,0,0
stim,11936,11936,0,403904.420,0.779,-0.211,-0.028,0.590,3081,0,0,0,0,18,0,124,20,0.031,96,0,16.533,2.909,2.760,16.300,-0.220,-0.283,-0.023,0.957,0.296,-2.894,-0.846,0.000,0.000,1.592,0.030,2,NULL,NULL,,1,0,1,7,255,,250,0,0
stim,11936,11936,0,403909.420,0.779,-0.211,-0.028,0.590,3067,0,0,0,0,18,0,125,20,0.031,96,0,16.524,2.906,2.700,16.300,-0.220,-0.285,-0.020,0.957,0.306,-2.890,-0.834,0.000,0.000,1.592,0.030,2,NULL,NULL,,1,0,1,7,255,,250,0,0
stim,11968,11968,0,403914.422,0.779,-0.211,-0.028,0.590,3080,0,0,0,0,13,0,124,20,0.031,96,0,16.484,2.906,2.820,16.240,-0.220,-0.284,-0.022,0.957,0.304,-2.890,-0.838,0.000,0.000,1.592,0.030,2,NULL,NULL,,1,0,1,7,255,,250,0,0
stim,11999,11999,0,403919.420,0.779,-0.211,-0.028,0.590,3069,0,0,0,0,21,0,133,20,0.031,96,0,16.543,2.906,2.820,16.300,-0.160,-0.284,-0.022,0.958,0.304,-2.890,-0.834,0.000,0.000,1.592,0.030,2,NULL,NULL,,1,0,1,7,255,,250,0,0
stim,11999,11999,0,403924.420,0.779,-0.211,-0.028,0.590,3065,0,0,0,0,11,0,125,20,0.031,96,0,16.484,2.906,2.820,16.240,-0.220,-0.285,-0.021,0.957,0.304,-2.890,-0.838,0.000,0.000,1.592,0.030,2,NULL,NULL,,1,0,1,7,255,,250,0,0
stim,11999,11999,0,403929.422,0.779,-0.211,-0.028,0.590,3081,0,0,0,0,13,0,133,20,0.031,96,0,16.484,2.894,2.820,16.240,-0.220,-0.285,-0.021,0.957,0.304,-2.878,-0.830,0.000,0.000,1.592,0.030,2,NULL,NULL,,1,0,1,7,255,,250,0,0
stim,11999,11999,0,403934.420,0.779,-0.211,-0.028,0.590,3081,0,0,0,0,23,0,123,20,0.031,96,0,16.484,2.894,2.820,16.240,-0.220,-0.285,-0.022,0.957,0.304,-2.878,-0.832,0.000,0.000,1.592,0.030,2,NULL,NULL,,1,0,1,7,255,,250,0,0
stim,11999,11999,0,403939.420,0.779,-0.211,-0.027,0.590,3091,0,0,0,0,12,0,124,20,0.031,96,0,16.485,2.895,2.820,16.240,-0.280,-0.284,-0.023,0.958,0.294,-2.880,-0.832,0.000,0.000,1.592,0.030,2,NULL,NULL,,1,0,1,7,255,,250,0,0
stim,11999,11999,0,403944.420,0.779,-0.211,-0.027,0.590,3065,0,0,0,0,13,0,131,20,0.031,96,0,16.495,2.907,2.880,16.240,-0.220,-0.284,-0.023,0.958,0.294,-2.892,-0.832,0.000,0.000,1.592,0.030,2,NULL,NULL,,1,0,1,7,255,,250,0,0
stim,11999,11999,0,403949.420,0.779,-0.211,-0.027,0.590,3066,0,0,0,0,12,0,141,20,0.031,96,0,16.543,2.911,2.820,16.300,-0.160,-0.283,-0.023,0.958,0.294,-2.896,-0.834,0.000,0.000,1.592,0.030,2,NULL,NULL,,1,0,1,7,255,,250,0,0
stim,11999,11999,0,403954.420,0.779,-0.211,-0.027,0.590,3063,0,0,0,0,10,0,133,20,0.031,96,0,16.424,2.911,2.820,16.180,-0.100,-0.283,-0.022,0.957,0.296,-2.896,-0.840,0.000,0.000,1.592,0.030,2,NULL,NULL,,1,0,1,7,255,,250,0,0
stim,11999,11999,0,403959.420,0.779,-0.211,-0.027,0.590,3064,0,0,0,0,13,0,125,20,0.031,96,0,16.483,2.911,2.820,16.240,-0.100,-0.284,-0.022,0.958,0.298,-2.896,-0.840,0.000,0.000,1.592,0.030,2,NULL,NULL,,1,0,1,7,255,,250,0,0
stim,11999,11999,0,403964.424,0.779,-0.211,-0.027,0.590,3057,0,0,0,0,15,0,125,20,0.031,96,0,16.494,2.907,2.880,16.240,-0.160,-0.284,-0.022,0.957,0.298,-2.892,-0.836,0.000,0.000,1.592,0.030,2,NULL,NULL,,1,0,1,7,255,,250,0,0
stim,12015,12015,0,403969.420,0.779,-0.211,-0.027,0.590,3059,0,0,0,0,11,0,125,20,0.031,96,0,16.425,2.902,2.820,16.180,-0.220,-0.284,-0.021,0.957,0.300,-2.886,-0.836,0.000,0.000,1.592,0.030,2,NULL,NULL,,1,0,1,7,255,,250,0,0
stim,12015,12015,0,403974.422,0.779,-0.211,-0.027,0.590,3064,0,0,0,0,12,0,126,20,0.031,96,0,16.425,2.901,2.820,16.180,-0.220,-0.284,-0.022,0.958,0.298,-2.886,-0.836,0.000,0.000,1.592,0.030,2,NULL,NULL,,1,0,1,7,255,,250,0,0
stim,12015,12015,0,403979.420,0.779,-0.211,-0.027,0.590,3065,0,0,0,0,12,0,125,20,0.031,96,0,16.484,2.906,2.820,16.240,-0.160,-0.283,-0.022,0.957,0.300,-2.890,-0.838,0.000,0.000,1.592,0.030,2,NULL,NULL,,1,0,1,7,255,,250,0,0
stim,12015,12015,0,403984.420,0.779,-0.211,-0.027,0.590,3064,0,0,0,0,11,0,125,20,0.031,96,0,16.414,2.907,2.760,16.180,-0.160,-0.283,-0.022,0.957,0.298,-2.892,-0.842,0.000,0.000,1.592,0.030,2,NULL,NULL,,1,0,1,7,255,,250,0,0
stim,12015,12015,0,403989.420,0.779,-0.211,-0.027,0.590,3091,0,0,0,0,13,0,135,20,0.031,96,0,16.484,2.907,2.820,16.240,-0.220,-0.284,-0.022,0.957,0.298,-2.892,-0.842,0.000,0.000,1.592,0.030,2,NULL,NULL,,1,0,1,7,255,,250,0,0
stim,12015,12015,0,403994.420,0.779,-0.211,-0.027,0.590,3075,0,0,0,0,13,0,139,20,0.031,96,0,16.416,2.907,2.760,16.180,-0.280,-0.283,-0.021,0.958,0.298,-2.892,-0.842,0.000,0.000,1.592,0.030,2,NULL,NULL,,1,0,1,7,255,,250,0,0
stim,12015,12015,0,403999.420,0.779,-0.211,-0.027,0.590,3062,0,0,0,0,11,0,122,20,0.031,96,0,16.485,2.908,2.820,16.240,-0.280,-0.283,-0.021,0.956,0.302,-2.892,-0.842,0.000,0.000,1.592,0.030,2,NULL,NULL,,1,0,1,7,255,,250,0,0
stim,12031,12031,0,404004.420,0.779,-0.211,-0.027,0.590,3063,0,0,0,0,10,0,125,20,0.031,96,0,16.485,2.908,2.820,16.240,-0.280,-0.283,-0.021,0.958,0.308,-2.892,-0.836,0.000,0.000,1.592,0.030,2,NULL,NULL,,1,0,1,7,255,,250,0,0
stim,12031,12031,0,404009.420,0.779,-0.211,-0.027,0.590,3096,0,0,0,0,16,0,125,20,0.031,96,0,16.534,2.916,2.760,16.300,-0.280,-0.283,-0.022,0.958,0.302,-2.900,-0.840,0.000,0.000,1.592,0.030,2,NULL,NULL,,1,0,1,7,255,,250,0,0
stim,12031,12031,0,404014.422,0.779,-0.211,-0.027,0.590,3075,0,0,0,0,16,0,126,20,0.031,96,0,16.534,2.915,2.760,16.300,-0.280,-0.283,-0.022,0.957,0.300,-2.900,-0.840,0.000,0.000,1.592,0.030,2,NULL,NULL,,1,0,1,7,255,,250,0,0
stim,12063,12063,0,404019.420,0.779,-0.211,-0.027,0.590,3083,0,0,0,0,11,0,125,20,0.031,96,0,16.534,2.909,2.760,16.300,-0.280,-0.283,-0.022,0.956,0.296,-2.894,-0.846,0.000,0.000,1.592,0.030,2,NULL,NULL,,1,0,1,7,255,,250,0,0
stim,12063,12063,0,404024.420,0.779,-0.211,-0.027,0.590,3064,0,0,0,0,10,0,122,20,0.031,96,0,16.524,2.909,2.700,16.300,-0.280,-0.283,-0.023,0.958,0.296,-2.894,-0.846,0.000,0.000,1.592,0.030,2,NULL,NULL,,1,0,1,7,255,,250,0,0
stim,12063,12063,0,404029.421,0.779,-0.211,-0.027,0.590,3062,0,0,0,0,10,0,121,20,0.031,96,0,16.534,2.917,2.760,16.300,-0.280,-0.283,-0.022,0.958,0.296,-2.902,-0.834,0.000,0.000,1.592,0.030,2,NULL,NULL,,1,0,1,7,255,,250,0,0
stim,12078,12078,0,404034.420,0.779,-0.211,-0.027,0.590,3075,0,0,0,0,9,0,121,20,0.031,96,0,16.585,2.917,2.700,16.360,-0.340,-0.283,-0.022,0.957,0.296,-2.902,-0.834,0.000,0.000,1.592,0.030,2,NULL,NULL,,1,0,1,7,255,,250,0,0
stim,12078,12078,0,404039.420,0.778,-0.211,-0.027,0.590,3066,0,0,0,0,17,0,123,20,0.031,96,0,16.516,2.921,2.640,16.300,-0.340,-0.281,-0.022,0.957,0.300,-2.906,-0.842,0.000,0.000,1.592,0.030,2,NULL,NULL,,1,0,1,7,255,,250,0,0
stim,12078,12078,0,404044.420,0.778,-0.211,-0.027,0.590,3067,0,0,0,0,11,0,135,20,0.031,96,0,16.585,2.909,2.700,16.360,-0.340,-0.284,-0.022,0.957,0.296,-2.894,-0.842,0.000,0.000,1.592,0.030,2,NULL,NULL,,1,0,1,7,255,,250,0,0
stim,12078,12078,0,404049.420,0.778,-0.211,-0.027,0.590,3115,0,0,0,0,16,0,128,20,0.031,96,0,16.524,2.919,2.700,16.300,-0.220,-0.283,-0.023,0.958,0.294,-2.904,-0.840,0.000,0.000,1.592,0.030,2,NULL,NULL,,1,0,1,7,255,,250,0,0
stim,12078,12078,0,404054.420,0.778,-0.211,-0.027,0.590,3061,0,0,0,0,11,0,119,20,0.031,96,0,16.582,2.918,2.700,16.360,-0.160,-0.283,-0.023,0.958,0.288,-2.904,-0.840,0.000,0.000,1.592,0.030,2,NULL,NULL,,1,0,1,7,255,,250,0,0
stim,12078,12078,0,404059.420,0.778,-0.211,-0.027,0.590,3064,0,0,0,0,11,0,120,20,0.031,96,0,16.572,2.918,2.640,16.360,-0.160,-0.284,-0.022,0.957,0.288,-2.904,-0.840,0.000,0.000,1.592,0.030,2,NULL,NULL,,1,0,1,7,255,,250,0,0
stim,12078,12078,0,404064.422,0.778,-0.211,-0.027,0.590,3108,0,0,0,0,16,0,123,20,0.031,96,0,16.593,2.908,2.760,16.360,-0.220,-0.283,-0.022,0.957,0.288,-2.894,-0.840,0.000,0.000,1.592,0.030,2,NULL,NULL,,1,0,1,7,255,,250,0,0
stim,12078,12078,0,404069.420,0.778,-0.211,-0.027,0.590,3105,0,0,0,0,12,0,127,20,0.031,96,0,16.584,2.906,2.700,16.360,-0.280,-0.285,-0.022,0.957,0.288,-2.892,-0.838,0.000,0.000,1.592,0.030,2,NULL,NULL,,1,0,1,7,255,,250,0,0
stim,12111,12111,0,404074.420,0.778,-0.211,-0.027,0.590,3065,0,0,0,0,9,0,119,20,0.031,96,0,16.586,2.901,2.700,16.360,-0.400,-0.284,-0.022,0.957,0.290,-2.886,-0.840,0.000,0.000,1.592,0.030,2,NULL,NULL,,1,0,1,7,255,,250,0,0
stim,12111,12111,0,404079.420,0.778,-0.211,-0.027,0.591,3065,0,0,0,0,9,0,121,20,0.031,96,0,16.655,2.900,2.640,16.440,-0.400,-0.283,-0.023,0.957,0.284,-2.886,-0.840,0.000,0.000,1.592,0.030,2,NULL,NULL,,1,0,1,7,255,,250,0,0
stim,12111,12111,0,404084.420,0.778,-0.211,-0.027,0.591,3065,0,0,0,0,9,0,136,20,0.031,96,0,16.646,2.912,2.580,16.440,-0.400,-0.283,-0.023,0.957,0.286,-2.898,-0.846,0.000,0.000,1.592,0.030,2,NULL,NULL,,1,0,1,7,255,,250,0,0
stim,12111,12111,0,404089.422,0.778,-0.211,-0.027,0.591,3101,0,0,0,0,12,0,131,20,0.031,96,0,16.709,2.913,2.580,16.500,-0.520,-0.282,-0.024,0.956,0.280,-2.900,-0.848,0.000,0.000,1.592,0.030,2,NULL,NULL,,1,0,1,7,255,,250,0,0
stim,12111,12111,0,404094.421,0.778,-0.211,-0.027,0.591,3077,0,0,0,0,9,0,135,20,0.031,96,0,16.711,2.920,2.580,16.500,-0.580,-0.281,-0.023,0.958,0.286,-2.906,-0.850,0.000,0.000,1.592,0.030,2,NULL,NULL,,1,0,1,7,255,,250,0,0
stim,12111,12111,0,404099.420,0.778,-0.211,-0.027,0.591,3087,0,0,0,0,12,0,131,20,0.031,96,0,16.701,2.926,2.520,16.500,-0.580,-0.281,-0.023,0.956,0.284,-2.912,-0.854,0.000,0.000,1.592,0.030,2,NULL,NULL,,1,0,1,7,255,,250,0,0
stim,12133,12133,0,404104.420,0.778,-0.211,-0.027,0.591,3079,0,0,0,0,20,0,137,20,0.031,96,0,16.670,2.926,2.340,16.500,-0.400,-0.282,-0.024,0.957,0.284,-2.912,-0.854,0.000,0.000,1.592,0.030,2,NULL,NULL,,1,0,1,7,255,,250,0,0
stim,12133,12133,0,404109.420,0.778,-0.211,-0.027,0.591,3077,0,0,0,0,11,0,131,20,0.031,96,0,16.662,2.925,2.280,16.500,-0.400,-0.284,-0.024,0.957,0.280,-2.912,-0.854,0.000,0.000,1.592,0.030,2,NULL,NULL,,1,0,1,7,255,,250,0,0
stim,12159,12159,0,404114.422,0.778,-0.211,-0.027,0.591,3066,0,0,0,0,11,0,118,20,0.031,96,0,16.611,2.913,2.340,16.440,-0.400,-0.285,-0.023,0.957,0.280,-2.900,-0.840,0.000,0.000,1.592,0.030,2,NULL,NULL,,1,0,1,7,255,,250,0,0
stim,12159,12159,0,404119.420,0.778,-0.211,-0.027,0.591,3079,0,0,0,0,10,0,121,20,0.031,96,0,16.680,2.908,2.400,16.500,-0.460,-0.284,-0.022,0.958,0.280,-2.894,-0.838,0.000,0.000,1.592,0.030,2,NULL,NULL,,1,0,1,7,255,,250,0,0
stim,12192,12192,0,404124.421,0.778,-0.211,-0.027,0.591,3079,0,0,0,0,16,0,119,20,0.031,96,0,16.627,2.900,2.460,16.440,-0.340,-0.285,-0.021,0.958,0.288,-2.886,-0.832,0.000,0.000,1.592,0.030,2,NULL,NULL,,1,0,1,7,255,,250,0,0
stim,12192,12192,0,404129.421,0.778,-0.211,-0.027,0.591,3102,0,0,0,0,11,0,125,20,0.031,96,0,16.617,2.901,2.400,16.440,-0.280,-0.286,-0.021,0.958,0.292,-2.886,-0.830,0.000,0.000,1.592,0.030,2,NULL,NULL,,1,0,1,7,255,,250,0,0
stim,12192,12192,0,404134.420,0.778,-0.211,-0.027,0.591,3079,0,0,0,0,9,0,121,20,0.031,96,0,16.602,2.893,2.280,16.440,-0.400,-0.287,-0.020,0.958,0.294,-2.878,-0.818,0.000,0.000,1.592,0.030,2,NULL,NULL,,1,0,1,7,255,,250,0,0
stim,12192,12192,0,404139.420,0.778,-0.211,-0.027,0.591,3087,0,0,0,0,11,0,123,20,0.031,96,0,16.680,2.884,2.280,16.500,-0.880,-0.286,-0.020,0.958,0.306,-2.868,-0.818,0.000,0.000,1.592,0.030,2,NULL,NULL,,1,0,1,7,255,,250,0,0
stim,12194,12194,0,404144.420,0.778,-0.211,-0.027,0.591,3096,0,0,0,0,9,0,123,20,0.031,96,0,16.680,2.884,2.220,16.500,-1.020,-0.283,-0.022,0.958,0.306,-2.868,-0.822,0.000,0.000,1.592,0.030,2,NULL,NULL,,1,0,1,7,255,,250,0,0
stim,12194,12194,0,404149.420,0.778,-0.211,-0.027,0.591,3095,0,0,0,0,12,0,121,20,0.031,96,0,16.653,2.923,2.140,16.500,-0.700,-0.281,-0.024,0.957,0.294,-2.908,-0.836,0.000,0.000,1.592,0.030,2,NULL,NULL,,1,0,1,7,255,,250,0,0
stim,12195,12195,0,404154.420,0.778,-0.211,-0.027,0.591,3087,0,0,0,0,10,0,122,20,0.031,96,0,16.635,2.930,2.080,16.500,-0.400,-0.281,-0.024,0.957,0.282,-2.916,-0.852,0.000,0.000,1.592,0.030,2,NULL,NULL,,1,0,1,7,255,,250,0,0
stim,12195,12195,0,404159.420,0.778,-0.211,-0.027,0.591,3096,0,0,0,0,13,0,137,20,0.031,96,0,16.633,2.930,2.080,16.500,-0.280,-0.283,-0.023,0.957,0.282,-2.916,-0.852,0.000,0.000,1.592,0.030,2,NULL,NULL,,1,0,1,7,255,,250,0,0
stim,12195,12195,0,404164.422,0.778,-0.211,-0.027,0.591,3096,0,0,0,0,17,0,123,20,0.031,96,0,16.686,2.916,1.960,16.560,-0.580,-0.284,-0.022,0.957,0.288,-2.902,-0.848,0.000,0.000,1.592,0.030,2,NULL,NULL,,1,0,1,7,255,,250,0,0
stim,12195,12195,0,404169.421,0.778,-0.211,-0.027,0.591,3091,0,0,0,0,7,0,121,20,0.031,96,0,16.749,2.916,1.840,16.620,-0.960,-0.283,-0.023,0.959,0.288,-2.902,-0.840,0.000,0.000,1.592,0.030,2,NULL,NULL,,1,0,1,7,255,,250,0,0
stim,12207,12207,0,404174.421,0.778,-0.211,-0.027,0.591,3096,0,0,0,0,11,0,122,20,0.031,96,0,16.726,2.928,1.660,16.620,-0.880,-0.281,-0.023,0.958,0.288,-2.914,-0.840,0.000,0.000,1.592,0.030,2,NULL,NULL,,1,0,1,7,255,,250,0,0
stim,12207,12207,0,404179.420,0.778,-0.211,-0.027,0.591,3095,0,0,0,0,9,0,121,20,0.031,96,0,16.756,2.940,1.480,16.680,-0.580,-0.281,-0.024,0.958,0.288,-2.926,-0.846,0.000,0.000,1.592,0.030,2,NULL,NULL,,1,0,1,7,255,,250,0,0
stim,12207,12207,0,404184.420,0.778,-0.211,-0.027,0.591,3120,0,0,0,0,9,0,122,20,0.031,96,0,16.683,2.941,1.420,16.620,-0.280,-0.283,-0.023,0.957,0.292,-2.926,-0.846,0.000,0.000,1.592,0.030,2,NULL,NULL,,1,0,1,7,255,,250,0,0
stim,12207,12207,0,404189.422,0.778,-0.211,-0.027,0.591,3100,0,0,0,0,9,0,121,20,0.031,96,0,16.728,2.918,1.180,16.680,-0.460,-0.284,-0.023,0.957,0.288,-2.904,-0.844,0.000,0.000,1.592,0.030,2,NULL,NULL,,1,0,1,7,255,,250,0,0
stim,12207,12207,0,404194.420,0.778,-0.211,-0.027,0.591,3101,0,0,0,0,10,0,121,20,0.031,96,0,16.732,2.909,1.180,16.680,-0.580,-0.285,-0.021,0.959,0.292,-2.894,-0.844,0.000,0.000,1.592,0.030,2,NULL,NULL,,1,0,1,7,255,,250,0,0
stim,12207,12207,0,404199.420,0.778,-0.211,-0.028,0.591,3107,0,0,0,0,9,0,121,20,0.031,96,0,16.792,2.910,1.120,16.740,-0.700,-0.285,-0.021,0.957,0.304,-2.894,-0.832,0.000,0.000,1.592,0.030,2,NULL,NULL,,1,0,1,7,255,,250,0,0
stim,12224,12224,0,404204.420,0.778,-0.211,-0.028,0.591,3143,0,0,0,0,16,0,124,20,0.031,96,0,16.779,2.900,0.860,16.740,-0.760,-0.286,-0.023,0.958,0.304,-2.884,-0.818,0.000,0.000,1.592,0.030,2,NULL,NULL,,1,0,1,7,255,,250,0,0
stim,12224,12224,0,404209.420,0.778,-0.211,-0.028,0.591,3146,0,0,0,0,16,0,123,20,0.031,96,0,16.782,2.893,0.800,16.740,-0.880,-0.287,-0.022,0.958,0.292,-2.878,-0.816,0.000,0.000,1.592,0.030,2,NULL,NULL,,1,0,1,7,255,,250,0,0
stim,12273,12273,0,404214.422,0.778,-0.211,-0.028,0.591,3115,0,0,0,0,9,0,121,20,0.031,96,0,16.793,2.891,0.860,16.740,-1.020,-0.287,-0.022,0.957,0.292,-2.876,-0.816,0.000,0.000,1.592,0.030,2,NULL,NULL,,1,0,1,7,255,,250,0,0
stim,12273,12273,0,404219.420,0.778,-0.211,-0.028,0.591,3127,0,0,0,0,13,0,120,20,0.031,96,0,16.749,2.891,1.060,16.680,-1.080,-0.286,-0.023,0.958,0.292,-2.876,-0.822,0.000,0.000,1.592,0.030,2,NULL,NULL,,1,0,1,7,255,,250,0,0
stim,12290,12290,0,404224.420,0.778,-0.211,-0.028,0.591,3120,0,0,0,0,9,0,119,20,0.031,96,0,16.868,2.901,1.060,16.800,-1.080,-0.285,-0.023,0.957,0.292,-2.886,-0.828,0.000,0.000,1.592,0.030,2,NULL,NULL,,1,0,1,7,255,,250,0,0
stim,12290,12290,0,404229.422,0.778,-0.211,-0.028,0.591,3123,0,0,0,0,11,0,119,20,0.031,96,0,16.812,2.905,1.060,16.740,-1.140,-0.286,-0.024,0.958,0.292,-2.890,-0.822,0.000,0.000,1.592,0.030,2,NULL,NULL,,1,0,1,7,255,,250,0,0
stim,12290,12290,0,404234.420,0.778,-0.211,-0.028,0.591,3155,0,0,0,0,10,0,119,20,0.031,96,0,16.880,2.904,0.980,16.800,-1.320,-0.285,-0.024,0.957,0.288,-2.890,-0.834,0.000,0.000,1.592,0.030,2,NULL,NULL,,1,0,1,7,255,,250,0,0
stim,12290,12290,0,404239.420,0.778,-0.211,-0.028,0.591,3133,0,0,0,0,9,0,119,20,0.031,96,0,16.885,2.904,1.060,16.800,-1.320,-0.284,-0.025,0.957,0.284,-2.890,-0.836,0.000,0.000,1.592,0.030,2,NULL,NULL,,1,0,1,7,255,,250,0,0
stim,12290,12290,0,404244.420,0.778,-0.211,-0.028,0.591,3131,0,0,0,0,12,0,131,20,0.031,96,0,16.820,2.913,1.120,16.740,-1.200,-0.282,-0.028,0.956,0.280,-2.900,-0.838,0.000,0.000,1.592,0.030,2,NULL,NULL,,1,0,1,7,255,,250,0,0
stim,12290,12290,0,404249.420,0.778,-0.211,-0.028,0.591,3136,0,0,0,0,8,0,133,20,0.031,96,0,16.813,2.918,1.180,16.740,-1.020,-0.284,-0.027,0.956,0.264,-2.906,-0.848,0.000,0.000,1.592,0.030,2,NULL,NULL,,1,0,1,7,255,,250,0,0
stim,12290,12290,0,404254.420,0.778,-0.211,-0.028,0.591,3150,0,0,0,0,9,0,120,20,0.031,96,0,16.818,2.918,1.300,16.740,-0.960,-0.286,-0.024,0.956,0.264,-2.906,-0.848,0.000,0.000,1.592,0.030,2,NULL,NULL,,1,0,1,7,255,,250,0,0
stim,12290,12290,0,404259.420,0.778,-0.210,-0.028,0.591,3141,0,0,0,0,8,0,119,20,0.031,96,0,16.893,2.901,1.300,16.800,-1.200,-0.285,-0.022,0.958,0.292,-2.886,-0.838,0.000,0.000,1.592,0.030,2,NULL,NULL,,1,0,1,7,255,,250,0,0
stim,12290,12290,0,404264.422,0.778,-0.210,-0.028,0.592,3158,0,0,0,0,10,0,121,20,0.031,96,0,16.838,2.903,1.300,16.740,-1.260,-0.284,-0.021,0.959,0.316,-2.886,-0.824,0.000,0.000,1.592,0.030,2,NULL,NULL,,1,0,1,7,255,,250,0,0
stim,12290,12290,0,404269.420,0.778,-0.210,-0.028,0.592,3175,0,0,0,0,7,0,119,20,0.031,96,0,16.880,2.917,1.180,16.800,-1.140,-0.283,-0.023,0.958,0.316,-2.900,-0.824,0.000,0.000,1.592,0.030,2,NULL,NULL,,1,0,1,7,255,,250,0,0
stim,12303,12303,0,404274.420,0.778,-0.210,-0.028,0.592,3145,0,0,0,0,9,0,119,20,0.031,96,0,16.872,2.917,1.180,16.800,-1.020,-0.285,-0.024,0.958,0.314,-2.900,-0.826,0.000,0.000,1.592,0.030,2,NULL,NULL,,1,0,1,7,255,,250,0,0
stim,12303,12303,0,404279.420,0.778,-0.210,-0.028,0.592,3149,0,0,0,0,10,0,121,20,0.031,96,0,16.884,2.910,1.240,16.800,-1.140,-0.287,-0.023,0.957,0.304,-2.894,-0.826,0.000,0.000,1.592,0.030,2,NULL,NULL,,1,0,1,7,255,,250,0,0
stim,12303,12303,0,404284.420,0.778,-0.210,-0.028,0.592,3151,0,0,0,0,10,0,118,20,0.031,96,0,16.971,2.890,1.360,16.860,-1.380,-0.288,-0.021,0.958,0.304,-2.874,-0.826,0.000,0.000,1.592,0.030,2,NULL,NULL,,1,0,1,7,255,,250,0,0
stim,12303,12303,0,404289.420,0.778,-0.210,-0.028,0.592,3153,0,0,0,0,9,0,119,20,0.031,96,0,16.987,2.891,1.360,16.860,-1.560,-0.284,-0.023,0.958,0.316,-2.874,-0.826,0.000,0.000,1.592,0.030,2,NULL,NULL,,1,0,1,7,255,,250,0,0
stim,12325,12325,0,404294.420,0.778,-0.210,-0.029,0.592,3160,0,0,0,0,10,0,117,20,0.031,96,0,16.912,2.913,1.240,16.800,-1.500,-0.284,-0.025,0.956,0.316,-2.896,-0.826,0.000,0.000,1.592,0.030,2,NULL,NULL,,1,0,1,7,255,,250,0,0
stim,12325,12325,0,404299.420,0.778,-0.210,-0.029,0.592,3169,0,0,0,0,8,0,119,20,0.031,96,0,16.902,2.915,1.300,16.800,-1.320,-0.285,-0.026,0.957,0.292,-2.900,-0.836,0.000,0.000,1.592,0.030,2,NULL,NULL,,1,0,1,7,255,,250,0,0
stim,12325,12325,0,404304.420,0.778,-0.210,-0.029,0.592,3149,0,0,0,0,11,0,123,20,0.031,96,0,16.922,2.910,1.540,16.800,-1.320,-0.286,-0.027,0.956,0.284,-2.896,-0.838,0.000,0.000,1.592,0.030,2,NULL,NULL,,1,0,1,7,255,,250,0,0
stim,12325,12325,0,404309.420,0.778,-0.210,-0.029,0.592,3158,0,0,0,0,9,0,119,20,0.031,96,0,16.943,2.899,1.660,16.800,-1.440,-0.287,-0.027,0.955,0.274,-2.886,-0.838,0.000,0.000,1.592,0.030,2,NULL,NULL,,1,0,1,7,255,,250,0,0
stim,12335,12335,0,404314.422,0.778,-0.210,-0.029,0.592,3160,0,0,0,0,6,0,116,20,0.031,96,0,16.972,2.899,1.780,16.800,-1.620,-0.285,-0.026,0.957,0.274,-2.886,-0.838,0.000,0.000,1.592,0.030,2,NULL,NULL,,1,0,1,7,255,,250,0,0
stim,12369,12369,0,404319.420,0.777,-0.210,-0.029,0.592,3179,0,0,0,0,11,0,123,20,0.031,96,0,16.842,2.913,1.780,16.680,-1.500,-0.283,-0.028,0.957,0.274,-2.900,-0.840,0.000,0.000,1.592,0.030,2,NULL,NULL,,1,0,1,7,255,,250,0,0
stim,12369,12369,0,404324.420,0.777,-0.210,-0.029,0.592,3160,0,0,0,0,9,0,116,20,0.031,96,0,16.861,2.929,1.660,16.740,-1.140,-0.283,-0.028,0.957,0.274,-2.916,-0.850,0.000,0.000,1.592,0.030,2,NULL,NULL,,1,0,1,7,255,,250,0,0
stim,12369,12369,0,404329.421,0.777,-0.210,-0.029,0.592,3160,0,0,0,0,12,0,117,20,0.031,96,0,16.809,2.929,1.780,16.680,-1.080,-0.285,-0.028,0.956,0.274,-2.916,-0.850,0.000,0.000,1.592,0.030,2,NULL,NULL,,1,0,1,7,255,,250,0,0
stim,12390,12390,0,404334.420,0.777,-0.210,-0.029,0.592,3160,0,0,0,0,9,0,119,20,0.031,96,0,16.708,2.915,1.900,16.560,-1.140,-0.287,-0.026,0.956,0.274,-2.902,-0.846,0.000,0.000,1.592,0.030,2,NULL,NULL,,1,0,1,7,255,,250,0,0
stim,12390,12390,0,404339.420,0.777,-0.210,-0.029,0.592,3163,0,0,0,0,19,0,112,20,0.031,96,0,16.788,2.916,2.080,16.620,-1.140,-0.284,-0.027,0.958,0.282,-2.902,-0.838,0.000,0.000,1.592,0.030,2,NULL,NULL,,1,0,1,7,255,,250,0,0
stim,12390,12390,0,404344.420,0.777,-0.210,-0.029,0.592,3159,0,0,0,0,9,0,120,20,0.031,96,0,16.777,2.926,2.080,16.620,-0.960,-0.283,-0.027,0.957,0.286,-2.912,-0.838,0.000,0.000,1.592,0.030,2,NULL,NULL,,1,0,1,7,255,,250,0,0
stim,12390,12390,0,404349.420,0.777,-0.210,-0.029,0.592,3185,0,0,0,0,9,0,113,20,0.031,96,0,16.752,2.926,1.960,16.620,-0.760,-0.285,-0.027,0.956,0.286,-2.912,-0.846,0.000,0.000,1.592,0.030,2,NULL,NULL,,1,0,1,7,255,,250,0,0
stim,12390,12390,0,404354.420,0.777,-0.210,-0.029,0.592,3164,0,0,0,0,16,0,116,20,0.031,96,0,16.700,2.912,2.080,16.560,-0.580,-0.285,-0.026,0.956,0.288,-2.898,-0.846,0.000,0.000,1.592,0.030,2,NULL,NULL,,1,0,1,7,255,,250,0,0
stim,12390,12390,0,404359.420,0.777,-0.210,-0.029,0.592,3164,0,0,0,0,9,0,115,20,0.031,96,0,16.659,2.912,2.220,16.500,-0.580,-0.285,-0.026,0.958,0.290,-2.898,-0.846,0.000,0.000,1.592,0.030,2,NULL,NULL,,1,0,1,7,255,,250,0,0
stim,12392,12392,0,404364.422,0.777,-0.210,-0.029,0.592,3172,0,0,0,0,16,0,118,20,0.031,96,0,16.673,2.919,2.340,16.500,-0.520,-0.283,-0.026,0.956,0.294,-2.904,-0.846,0.000,0.000,1.592,0.030,2,NULL,NULL,,1,0,1,7,255,,250,0,0
stim,12392,12392,0,404369.420,0.777,-0.210,-0.029,0.592,3166,0,0,0,0,9,0,116,20,0.031,96,0,16.619,2.921,2.400,16.440,-0.400,-0.284,-0.028,0.957,0.294,-2.906,-0.846,0.000,0.000,1.592,0.030,2,NULL,NULL,,1,0,1,7,255,,250,0,0
stim,12399,12399,0,404374.420,0.777,-0.210,-0.029,0.592,3179,0,0,0,0,7,0,110,20,0.031,96,0,16.634,2.920,2.520,16.440,-0.280,-0.285,-0.027,0.956,0.284,-2.906,-0.846,0.000,0.000,1.592,0.030,2,NULL,NULL,,1,0,1,7,255,,250,0,0
stim,12415,12415,0,404379.420,0.777,-0.210,-0.029,0.593,3165,0,0,0,0,9,0,115,20,0.031,96,0,16.643,2.910,2.580,16.440,-0.220,-0.285,-0.027,0.956,0.284,-2.896,-0.846,0.000,0.000,1.592,0.030,2,NULL,NULL,,1,0,1,7,255,,250,0,0
stim,12415,12415,0,404384.420,0.777,-0.210,-0.029,0.593,3157,0,0,0,0,7,0,112,20,0.031,96,0,16.582,2.908,2.700,16.360,-0.160,-0.285,-0.028,0.955,0.284,-2.894,-0.850,0.000,0.000,1.592,0.030,2,NULL,NULL,,1,0,1,7,255,,250,0,0
stim,12415,12415,0,404389.420,0.777,-0.210,-0.029,0.593,3166,0,0,0,0,11,0,111,20,0.031,96,0,16.483,2.909,2.820,16.240,-0.040,-0.285,-0.028,0.955,0.274,-2.896,-0.852,0.000,0.000,1.592,0.030,2,NULL,NULL,,1,0,1,7,255,,250,0,0
stim,12415,12415,0,404394.420,0.777,-0.210,-0.029,0.593,3167,0,0,0,0,9,0,113,20,0.031,96,0,16.575,2.911,3.000,16.300,0.200,-0.283,-0.028,0.956,0.274,-2.898,-0.854,0.000,0.000,1.592,0.030,2,NULL,NULL,,1,0,1,7,255,,250,0,0
stim,12415,12415,0,404399.420,0.777,-0.210,-0.029,0.593,3172,0,0,0,0,7,0,117,20,0.031,96,0,16.542,2.915,3.120,16.240,0.400,-0.285,-0.028,0.956,0.274,-2.902,-0.854,0.000,0.000,1.592,0.030,2,NULL,NULL,,1,0,1,7,255,,250,0,0
stim,12431,12431,0,404404.420,0.777,-0.210,-0.029,0.593,3177,0,0,0,0,11,0,111,20,0.031,96,0,16.555,2.915,3.180,16.240,0.460,-0.285,-0.028,0.956,0.274,-2.902,-0.846,0.000,0.000,1.592,0.030,2,NULL,NULL,,1,0,1,7,255,,250,0,0
stim,12431,12431,0,404409.420,0.777,-0.210,-0.029,0.593,3189,0,0,0,0,11,0,137,20,0.031,96,0,16.509,2.915,3.240,16.180,0.520,-0.285,-0.027,0.956,0.276,-2.902,-0.846,0.000,0.000,1.592,0.030,2,NULL,NULL,,1,0,1,7,255,,250,0,0
stim,12463,12463,0,404414.422,0.777,-0.210,-0.029,0.593,3163,0,0,0,0,9,0,111,20,0.031,96,0,16.406,2.915,3.300,16.060,0.580,-0.283,-0.030,0.955,0.274,-2.902,-0.850,0.000,0.000,1.592,0.030,2,NULL,NULL,,1,0,1,7,255,,250,0,0
stim,12463,12463,0,404419.420,0.777,-0.210,-0.029,0.593,3165,0,0,0,0,9,0,111,20,0.031,96,0,16.431,2.926,3.360,16.060,0.880,-0.282,-0.029,0.954,0.262,-2.914,-0.864,0.000,0.000,1.592,0.030,2,NULL,NULL,,1,0,1,7,255,,250,0,0
stim,12479,12479,0,404424.420,0.777,-0.210,-0.029,0.593,3160,0,0,0,0,20,0,113,20,0.031,96,0,16.404,2.925,3.440,16.000,1.120,-0.283,-0.030,0.955,0.258,-2.914,-0.866,0.000,0.000,1.592,0.030,2,NULL,NULL,,1,0,1,7,255,,250,0,0
stim,12495,12495,0,404429.421,0.777,-0.210,-0.029,0.593,3190,0,0,0,0,24,0,114,20,0.031,96,0,16.413,2.925,3.440,16.000,1.240,-0.286,-0.029,0.956,0.256,-2.914,-0.866,0.000,0.000,1.592,0.030,2,NULL,NULL,,1,0,1,7,255,,250,0,0
stim,12495,12495,0,404434.420,0.777,-0.210,-0.029,0.593,3171,0,0,0,0,9,0,111,20,0.031,96,0,16.274,2.907,3.360,15.880,1.180,-0.285,-0.027,0.956,0.256,-2.896,-0.846,0.000,0.000,1.592,0.030,2,NULL,NULL,,1,0,1,7,255,,250,0,0
stim,12495,12495,0,404439.420,0.777,-0.210,-0.029,0.593,3173,0,0,0,0,11,0,114,20,0.031,96,0,16.258,2.909,3.300,15.880,1.120,-0.285,-0.026,0.956,0.270,-2.896,-0.846,0.000,0.000,1.592,0.030,2,NULL,NULL,,1,0,1,7,255,,250,0,0
stim,12495,12495,0,404444.420,0.777,-0.210,-0.029,0.593,3161,0,0,0,0,9,0,111,20,0.031,96,0,16.271,2.909,3.300,15.880,1.300,-0.284,-0.027,0.957,0.278,-2.896,-0.846,0.000,0.000,1.592,0.030,2,NULL,NULL,,1,0,1,7,255,,250,0,0
stim,12495,12495,0,404449.420,0.777,-0.210,-0.028,0.593,3212,0,0,0,0,8,0,113,20,0.031,96,0,16.271,2.909,3.240,15.880,1.440,-0.285,-0.026,0.957,0.278,-2.896,-0.846,0.000,0.000,1.592,0.030,2,NULL,NULL,,1,0,1,7,255,,250,0,0
stim,12495,12495,0,404454.420,0.777,-0.210,-0.028,0.593,3167,0,0,0,0,10,0,111,20,0.031,96,0,16.227,2.909,3.120,15.880,1.180,-0.288,-0.025,0.958,0.278,-2.896,-0.838,0.000,0.000,1.592,0.030,2,NULL,NULL,,1,0,1,7,255,,250,0,0
stim,12495,12495,0,404459.420,0.777,-0.210,-0.028,0.593,3168,0,0,0,0,10,0,112,20,0.031,96,0,16.249,2.896,3.060,15.940,0.760,-0.287,-0.024,0.958,0.284,-2.882,-0.818,0.000,0.000,1.592,0.030,2,NULL,NULL,,1,0,1,7,255,,250,0,0
stim,12511,12511,0,404464.422,0.777,-0.210,-0.028,0.593,3171,0,0,0,0,11,0,112,20,0.031,96,0,16.174,2.897,3.000,15.880,0.640,-0.283,-0.024,0.958,0.296,-2.882,-0.818,0.000,0.000,1.592,0.030,2,NULL,NULL,,1,0,1,7,255,,250,0,0
stim,12511,12511,0,404469.420,0.777,-0.210,-0.028,0.593,3171,0,0,0,0,9,0,111,20,0.031,96,0,16.244,2.921,3.000,15.940,0.880,-0.284,-0.025,0.957,0.296,-2.906,-0.840,0.000,0.000,1.592,0.030,2,NULL,NULL,,1,0,1,7,255,,250,0,0
stim,12511,12511,0,404474.420,0.777,-0.210,-0.028,0.592,3179,0,0,0,0,7,0,111,20,0.031,96,0,16.207,2.921,3.060,15.880,1.060,-0.286,-0.023,0.957,0.298,-2.906,-0.840,0.000,0.000,1.592,0.030,2,NULL,NULL,,1,0,1,7,255,,250,0,0
stim,12511,12511,0,404479.420,0.777,-0.210,-0.028,0.592,3171,0,0,0,0,10,0,111,20,0.031,96,0,16.171,2.895,2.940,15.880,0.820,-0.289,-0.023,0.958,0.296,-2.880,-0.828,0.000,0.000,1.592,0.030,2,NULL,NULL,,1,0,1,7,255,,250,0,0
stim,12511,12511,0,404484.420,0.777,-0.210,-0.028,0.593,3173,0,0,0,0,10,0,114,20,0.031,96,0,16.210,2.889,2.940,15.940,0.200,-0.288,-0.022,0.958,0.298,-2.874,-0.808,0.000,0.000,1.592,0.030,2,NULL,NULL,,1,0,1,7,255,,250,0,0
stim,12511,12511,0,404489.420,0.777,-0.210,-0.028,0.593,3174,0,0,0,0,9,0,118,20,0.031,96,0,16.188,2.889,2.820,15.940,-0.100,-0.286,-0.023,0.958,0.298,-2.874,-0.808,0.000,0.000,1.592,0.030,2,NULL,NULL,,1,0,1,7,255,,250,0,0
stim,12511,12511,0,404494.420,0.777,-0.210,-0.028,0.593,3173,0,0,0,0,11,0,111,20,0.031,96,0,16.108,2.905,2.700,15.880,-0.040,-0.284,-0.025,0.959,0.298,-2.890,-0.822,0.000,0.000,1.592,0.030,2,NULL,NULL,,1,0,1,7,255,,250,0,0
stim,12511,12511,0,404499.420,0.777,-0.210,-0.028,0.593,3171,0,0,0,0,11,0,111,20,0.031,96,0,16.167,2.921,2.700,15.940,0.020,-0.284,-0.024,0.958,0.294,-2.906,-0.822,0.000,0.000,1.592,0.030,2,NULL,NULL,,1,0,1,7,255,,250,0,0
stim,12527,12527,0,404504.420,0.777,-0.210,-0.028,0.593,3179,0,0,0,0,11,0,119,20,0.031,96,0,16.188,2.921,2.820,15.940,-0.040,-0.286,-0.023,0.957,0.294,-2.906,-0.828,0.000,0.000,1.592,0.030,2,NULL,NULL,,1,0,1,7,255,,250,0,0
stim,12527,12527,0,404509.420,0.777,-0.210,-0.028,0.593,3241,0,0,0,0,11,0,115,20,0.031,96,0,16.308,2.901,2.820,16.060,-0.280,-0.286,-0.022,0.958,0.294,-2.886,-0.828,0.000,0.000,1.592,0.030,2,NULL,NULL,,1,0,1,7,255,,250,0,0
stim,12575,12575,0,404514.422,0.777,-0.210,-0.028,0.593,3173,0,0,0,0,10,0,115,20,0.031,96,0,16.286,2.901,2.640,16.060,-0.580,-0.284,-0.024,0.959,0.298,-2.886,-0.822,0.000,0.000,1.592,0.030,2,NULL,NULL,,1,0,1,7,255,,250,0,0
stim,12575,12575,0,404519.420,0.777,-0.210,-0.028,0.593,3173,0,0,0,0,9,0,117,20,0.031,96,0,16.310,2.909,2.400,16.120,-0.640,-0.285,-0.023,0.958,0.298,-2.894,-0.822,0.000,0.000,1.592,0.030,2,NULL,NULL,,1,0,1,7,255,,250,0,0
stim,12575,12575,0,404524.420,0.777,-0.210,-0.028,0.593,3173,0,0,0,0,9,0,113,20,0.031,96,0,16.355,2.915,2.280,16.180,-0.700,-0.284,-0.024,0.957,0.298,-2.900,-0.828,0.000,0.000,1.592,0.030,2,NULL,NULL,,1,0,1,7,255,,250,0,0
stim,12575,12575,0,404529.422,0.777,-0.210,-0.028,0.593,3174,0,0,0,0,11,0,115,20,0.031,96,0,16.406,2.915,2.220,16.240,-0.700,-0.284,-0.024,0.958,0.296,-2.900,-0.836,0.000,0.000,1.592,0.030,2,NULL,NULL,,1,0,1,7,255,,250,0,0
stim,12591,12591,0,404534.420,0.777,-0.210,-0.028,0.593,3189,0,0,0,0,16,0,119,20,0.031,96,0,16.538,2.915,2.220,16.360,-0.960,-0.284,-0.024,0.959,0.296,-2.900,-0.836,0.000,0.000,1.592,0.030,2,NULL,NULL,,1,0,1,7,255,,250,0,0
stim,12591,12591,0,404539.420,0.777,-0.210,-0.028,0.593,3175,0,0,0,0,15,0,117,20,0.031,96,0,16.610,2.923,2.080,16.440,-1.140,-0.284,-0.024,0.959,0.296,-2.908,-0.824,0.000,0.000,1.592,0.030,2,NULL,NULL,,1,0,1,7,255,,250,0,0
stim,12591,12591,0,404544.420,0.777,-0.210,-0.028,0.593,3177,0,0,0,0,22,0,112,20,0.031,96,0,16.728,2.927,1.960,16.560,-1.320,-0.284,-0.024,0.960,0.298,-2.912,-0.820,0.000,0.000,1.592,0.030,2,NULL,NULL,,1,0,1,7,255,,250,0,0
stim,12591,12591,0,404549.420,0.777,-0.210,-0.028,0.593,3173,0,0,0,0,12,0,117,20,0.031,96,0,16.756,2.931,1.720,16.620,-1.260,-0.283,-0.025,0.959,0.298,-2.916,-0.824,0.000,0.000,1.592,0.030,2,NULL,NULL,,1,0,1,7,255,,250,0,0
stim,12591,12591,0,404554.420,0.777,-0.210,-0.028,0.593,3180,0,0,0,0,13,0,112,20,0.031,96,0,16.808,2.931,1.540,16.680,-1.380,-0.285,-0.023,0.958,0.298,-2.916,-0.826,0.000,0.000,1.592,0.030,2,NULL,NULL,,1,0,1,7,255,,250,0,0
stim,12591,12591,0,404559.420,0.777,-0.210,-0.028,0.593,3175,0,0,0,0,11,0,115,20,0.031,96,0,16.877,2.910,1.540,16.740,-1.500,-0.286,-0.022,0.958,0.302,-2.894,-0.826,0.000,0.000,1.592,0.030,2,NULL,NULL,,1,0,1,7,255,,250,0,0
stim,12591,12591,0,404564.422,0.777,-0.210,-0.028,0.593,3179,0,0,0,0,25,0,114,20,0.031,96,0,16.985,2.895,1.600,16.800,-1.920,-0.286,-0.021,0.958,0.312,-2.878,-0.826,0.000,0.000,1.592,0.030,2,NULL,NULL,,1,0,1,7,255,,250,0,0
stim,12591,12591,0,404569.420,0.777,-0.210,-0.028,0.593,3186,0,0,0,0,11,0,117,20,0.031,96,0,16.995,2.895,1.480,16.800,-2.100,-0.287,-0.023,0.959,0.312,-2.878,-0.820,0.000,0.000,1.592,0.030,2,NULL,NULL,,1,0,1,7,255,,250,0,0
stim,12593,12593,0,404574.420,0.777,-0.210,-0.028,0.593,3232,0,0,0,0,11,0,117,20,0.031,96,0,17.062,2.900,1.360,16.860,-2.240,-0.285,-0.027,0.959,0.306,-2.884,-0.814,0.000,0.000,1.592,0.030,2,NULL,NULL,,1,0,1,7,255,,250,0,0
stim,12593,12593,0,404579.420,0.777,-0.210,-0.028,0.593,3205,0,0,0,0,13,0,119,20,0.031,96,0,17.035,2.923,1.240,16.860,-2.100,-0.285,-0.029,0.957,0.272,-2.910,-0.814,0.000,0.000,1.592,0.030,2,NULL,NULL,,1,0,1,7,255,,250,0,0
stim,12607,12607,0,404584.420,0.777,-0.210,-0.028,0.593,3177,0,0,0,0,11,0,117,20,0.031,96,0,17.042,2.922,1.420,16.860,-2.040,-0.286,-0.027,0.956,0.270,-2.910,-0.836,0.000,0.000,1.592,0.030,2,NULL,NULL,,1,0,1,7,255,,250,0,0
stim,12607,12607,0,404589.420,0.776,-0.210,-0.028,0.594,3178,0,0,0,0,12,0,117,20,0.031,96,0,17.075,2.899,1.600,16.860,-2.180,-0.286,-0.025,0.957,0.270,-2.886,-0.836,0.000,0.000,1.592,0.030,2,NULL,NULL,,1,0,1,7,255,,250,0,0
stim,12623,12623,0,404594.420,0.776,-0.210,-0.028,0.594,3184,0,0,0,0,12,0,121,20,0.031,96,0,17.091,2.901,1.600,16.860,-2.300,-0.286,-0.025,0.958,0.292,-2.886,-0.834,0.000,0.000,1.592,0.030,2,NULL,NULL,,1,0,1,7,255,,250,0,0
stim,12623,12623,0,404599.420,0.776,-0.210,-0.029,0.594,3212,0,0,0,0,18,0,123,20,0.031,96,0,17.164,2.909,1.360,16.920,-2.540,-0.285,-0.028,0.958,0.292,-2.894,-0.824,0.000,0.000,1.592,0.030,2,NULL,NULL,,1,0,1,7,255,,250,0,0
stim,12640,12640,0,404604.420,0.776,-0.210,-0.029,0.594,3177,0,0,0,0,11,0,115,20,0.031,96,0,17.150,2.915,1.180,16.920,-2.540,-0.285,-0.028,0.956,0.274,-2.902,-0.824,0.000,0.000,1.592,0.030,2,NULL,NULL,,1,0,1,7,255,,250,0,0
stim,12640,12640,0,404609.420,0.776,-0.210,-0.029,0.594,3209,0,0,0,0,12,0,119,20,0.031,96,0,17.150,2.925,1.300,16.920,-2.480,-0.283,-0.028,0.956,0.272,-2.912,-0.844,0.000,0.000,1.592,0.030,2,NULL,NULL,,1,0,1,7,255,,250,0,0
stim,12671,12671,0,404614.422,0.776,-0.209,-0.029,0.594,3183,0,0,0,0,16,0,111,20,0.031,96,0,17.207,2.915,1.480,16.980,-2.360,-0.285,-0.027,0.955,0.272,-2.902,-0.852,0.000,0.000,1.592,0.030,2,NULL,NULL,,1,0,1,7,255,,250,0,0
stim,12691,12691,0,404619.420,0.776,-0.209,-0.029,0.594,3179,0,0,0,0,12,0,117,20,0.031,96,0,17.212,2.919,1.540,16.980,-2.360,-0.285,-0.027,0.958,0.276,-2.906,-0.852,0.000,0.000,1.592,0.030,2,NULL,NULL,,1,0,1,7,255,,250,0,0
stim,12691,12691,0,404624.420,0.776,-0.209,-0.029,0.594,3179,0,0,0,0,11,0,115,20,0.031,96,0,17.228,2.916,1.420,16.980,-2.540,-0.285,-0.026,0.958,0.282,-2.902,-0.834,0.000,0.000,1.592,0.030,2,NULL,NULL,,1,0,1,7,255,,250,0,0
stim,12691,12691,0,404629.421,0.776,-0.209,-0.029,0.594,3179,0,0,0,0,12,0,117,20,0.031,96,0,17.287,2.921,1.180,17.040,-2.660,-0.284,-0.026,0.958,0.296,-2.906,-0.834,0.000,0.000,1.592,0.030,2,NULL,NULL,,1,0,1,7,255,,250,0,0
stim,12691,12691,0,404634.420,0.776,-0.209,-0.029,0.594,3217,0,0,0,0,13,0,125,20,0.031,96,0,17.346,2.921,1.180,17.100,-2.660,-0.283,-0.028,0.957,0.296,-2.906,-0.836,0.000,0.000,1.592,0.030,2,NULL,NULL,,1,0,1,7,255,,250,0,0
stim,12691,12691,0,404639.421,0.776,-0.209,-0.029,0.594,3189,0,0,0,0,10,0,116,20,0.031,96,0,17.269,2.936,1.300,17.040,-2.480,-0.282,-0.029,0.957,0.282,-2.922,-0.848,0.000,0.000,1.592,0.030,2,NULL,NULL,,1,0,1,7,255,,250,0,0
stim,12693,12693,0,404644.420,0.776,-0.209,-0.029,0.594,3178,0,0,0,0,11,0,117,20,0.031,96,0,17.320,2.935,1.420,17.100,-2.360,-0.283,-0.029,0.957,0.280,-2.922,-0.852,0.000,0.000,1.592,0.030,2,NULL,NULL,,1,0,1,7,255,,250,0,0
stim,12693,12693,0,404649.420,0.776,-0.209,-0.029,0.595,3207,0,0,0,0,12,0,116,20,0.031,96,0,17.312,2.935,1.420,17.100,-2.300,-0.284,-0.029,0.957,0.278,-2.922,-0.852,0.000,0.000,1.592,0.030,2,NULL,NULL,,1,0,1,7,255,,250,0,0
stim,12694,12694,0,404654.420,0.776,-0.209,-0.029,0.595,3175,0,0,0,0,11,0,118,20,0.031,96,0,17.258,2.927,1.480,17.040,-2.300,-0.286,-0.029,0.956,0.278,-2.914,-0.842,0.000,0.000,1.592,0.030,2,NULL,NULL,,1,0,1,7,255,,250,0,0
stim,12694,12694,0,404659.420,0.776,-0.209,-0.029,0.595,3178,0,0,0,0,11,0,111,20,0.031,96,0,17.194,2.921,1.420,16.980,-2.300,-0.285,-0.029,0.956,0.274,-2.908,-0.842,0.000,0.000,1.592,0.030,2,NULL,NULL,,1,0,1,7,255,,250,0,0
stim,12703,12703,0,404664.422,0.776,-0.209,-0.029,0.595,3175,0,0,0,0,24,0,112,20,0.031,96,0,17.179,2.921,1.540,16.980,-2.100,-0.285,-0.030,0.956,0.272,-2.908,-0.846,0.000,0.000,1.592,0.030,2,NULL,NULL,,1,0,1,7,255,,250,0,0
stim,12705,12705,0,404669.420,0.776,-0.209,-0.029,0.595,3180,0,0,0,0,9,0,111,20,0.031,96,0,17.116,2.920,1.660,16.920,-1.980,-0.285,-0.031,0.956,0.266,-2.908,-0.850,0.000,0.000,1.592,0.030,2,NULL,NULL,,1,0,1,7,255,,250,0,0
stim,12705,12705,0,404674.420,0.776,-0.209,-0.029,0.595,3179,0,0,0,0,10,0,115,20,0.031,96,0,17.055,2.920,1.780,16.860,-1.860,-0.286,-0.031,0.956,0.262,-2.908,-0.850,0.000,0.000,1.592,0.030,2,NULL,NULL,,1,0,1,7,255,,250,0,0
stim,12705,12705,0,404679.420,0.776,-0.209,-0.030,0.595,3179,0,0,0,0,11,0,111,20,0.031,96,0,17.003,2.912,1.900,16.800,-1.800,-0.287,-0.030,0.955,0.262,-2.900,-0.844,0.000,0.000,1.592,0.030,2,NULL,NULL,,1,0,1,7,255,,250,0,0
stim,12724,12724,0,404684.420,0.775,-0.209,-0.030,0.595,3183,0,0,0,0,11,0,107,20,0.031,96,0,16.990,2.912,1.840,16.800,-1.740,-0.286,-0.030,0.956,0.264,-2.900,-0.844,0.000,0.000,1.592,0.030,2,NULL,NULL,,1,0,1,7,255,,250,0,0
stim,12724,12724,0,404689.420,0.775,-0.209,-0.030,0.595,3179,0,0,0,0,11,0,111,20,0.031,96,0,16.937,2.912,1.900,16.740,-1.740,-0.286,-0.030,0.956,0.266,-2.900,-0.842,0.000,0.000,1.592,0.030,2,NULL,NULL,,1,0,1,7,255,,250,0,0
stim,12724,12724,0,404694.420,0.775,-0.209,-0.030,0.595,3179,0,0,0,0,8,0,114,20,0.031,96,0,16.874,2.913,2.020,16.680,-1.560,-0.284,-0.030,0.956,0.270,-2.900,-0.846,0.000,0.000,1.592,0.030,2,NULL,NULL,,1,0,1,7,255,,250,0,0
stim,12724,12724,0,404699.420,0.775,-0.209,-0.030,0.595,3189,0,0,0,0,7,0,111,20,0.031,96,0,16.804,2.921,2.020,16.620,-1.440,-0.285,-0.030,0.955,0.270,-2.908,-0.850,0.000,0.000,1.592,0.030,2,NULL,NULL,,1,0,1,7,255,,250,0,0
stim,12724,12724,0,404704.420,0.775,-0.209,-0.030,0.595,3180,0,0,0,0,9,0,111,20,0.031,96,0,16.819,2.921,2.220,16.620,-1.320,-0.285,-0.030,0.955,0.270,-2.908,-0.856,0.000,0.000,1.592,0.030,2,NULL,NULL,,1,0,1,7,255,,250,0,0
stim,12724,12724,0,404709.420,0.775,-0.209,-0.030,0.595,3190,0,0,0,0,8,0,123,20,0.031,96,0,16.759,2.921,2.280,16.560,-1.200,-0.285,-0.030,0.956,0.270,-2.908,-0.856,0.000,0.000,1.592,0.030,2,NULL,NULL,,1,0,1,7,255,,250,0,0
stim,12771,12771,0,404714.422,0.775,-0.209,-0.030,0.595,3192,0,0,0,0,15,0,109,20,0.031,96,0,16.751,2.921,2.280,16.560,-1.080,-0.284,-0.030,0.955,0.272,-2.908,-0.860,0.000,0.000,1.592,0.030,2,NULL,NULL,,1,0,1,7,255,,250,0,0
stim,12771,12771,0,404719.420,0.775,-0.209,-0.030,0.596,3180,0,0,0,0,13,0,110,20,0.031,96,0,16.629,2.927,2.340,16.440,-0.880,-0.284,-0.031,0.955,0.272,-2.914,-0.860,0.000,0.000,1.592,0.030,2,NULL,NULL,,1,0,1,7,255,,250,0,0
stim,12790,12790,0,404724.420,0.775,-0.209,-0.030,0.596,3181,0,0,0,0,9,0,111,20,0.031,96,0,16.618,2.926,2.280,16.440,-0.820,-0.285,-0.031,0.956,0.268,-2.914,-0.860,0.000,0.000,1.592,0.030,2,NULL,NULL,,1,0,1,7,255,,250,0,0
stim,12790,12790,0,404729.421,0.775,-0.209,-0.030,0.596,3215,0,0,0,0,9,0,118,20,0.031,96,0,16.632,2.924,2.400,16.440,-0.760,-0.286,-0.032,0.955,0.266,-2.912,-0.852,0.000,0.000,1.592,0.030,2,NULL,NULL,,1,0,1,7,255,,250,0,0
stim,12792,12792,0,404734.420,0.775,-0.209,-0.030,0.596,3208,0,0,0,0,17,0,110,20,0.031,96,0,16.553,2.916,2.400,16.360,-0.760,-0.286,-0.031,0.956,0.260,-2.904,-0.848,0.000,0.000,1.592,0.030,2,NULL,NULL,,1,0,1,7,255,,250,0,0
stim,12792,12792,0,404739.420,0.775,-0.209,-0.030,0.596,3187,0,0,0,0,12,0,113,20,0.031,96,0,16.493,2.916,2.400,16.300,-0.760,-0.285,-0.031,0.956,0.260,-2.904,-0.848,0.000,0.000,1.592,0.030,2,NULL,NULL,,1,0,1,7,255,,250,0,0
stim,12793,12793,0,404744.420,0.775,-0.209,-0.030,0.596,3181,0,0,0,0,10,0,115,20,0.031,96,0,16.486,2.916,2.400,16.300,-0.580,-0.286,-0.031,0.956,0.266,-2.904,-0.846,0.000,0.000,1.592,0.030,2,NULL,NULL,,1,0,1,7,255,,250,0,0
stim,12793,12793,0,404749.420,0.775,-0.209,-0.030,0.596,3179,0,0,0,0,9,0,112,20,0.031,96,0,16.489,2.916,2.460,16.300,-0.400,-0.286,-0.030,0.956,0.268,-2.904,-0.846,0.000,0.000,1.592,0.030,2,NULL,NULL,,1,0,1,7,255,,250,0,0
stim,12793,12793,0,404754.420,0.775,-0.209,-0.030,0.596,3178,0,0,0,0,12,0,113,20,0.031,96,0,16.498,2.915,2.520,16.300,-0.400,-0.287,-0.029,0.956,0.276,-2.902,-0.842,0.000,0.000,1.592,0.030,2,NULL,NULL,,1,0,1,7,255,,250,0,0
stim,12793,12793,0,404759.420,0.775,-0.209,-0.030,0.596,3192,0,0,0,0,7,0,110,20,0.031,96,0,16.519,2.915,2.640,16.300,-0.460,-0.286,-0.029,0.958,0.276,-2.902,-0.838,0.000,0.000,1.592,0.030,2,NULL,NULL,,1,0,1,7,255,,250,0,0
stim,12794,12794,0,404764.422,0.775,-0.209,-0.030,0.596,3179,0,0,0,0,9,0,111,20,0.031,96,0,16.509,2.918,2.580,16.300,-0.460,-0.286,-0.028,0.958,0.286,-2.904,-0.830,0.000,0.000,1.592,0.030,2,NULL,NULL,,1,0,1,7,255,,250,0,0
stim,12815,12815,0,404769.420,0.775,-0.209,-0.030,0.596,3181,0,0,0,0,11,0,113,20,0.031,96,0,16.458,2.920,2.640,16.240,-0.400,-0.285,-0.031,0.956,0.286,-2.906,-0.830,0.000,0.000,1.592,0.030,2,NULL,NULL,,1,0,1,7,255,,250,0,0
stim,12815,12815,0,404774.420,0.775,-0.209,-0.030,0.596,3181,0,0,0,0,9,0,111,20,0.031,96,0,16.407,2.917,2.700,16.180,-0.340,-0.285,-0.029,0.956,0.280,-2.904,-0.844,0.000,0.000,1.592,0.030,2,NULL,NULL,,1,0,1,7,255,,250,0,0
stim,12815,12815,0,404779.420,0.775,-0.209,-0.030,0.596,3180,0,0,0,0,10,0,109,20,0.031,96,0,16.426,2.923,2.820,16.180,-0.280,-0.285,-0.030,0.957,0.272,-2.910,-0.844,0.000,0.000,1.592,0.030,2,NULL,NULL,,1,0,1,7,255,,250,0,0
stim,12815,12815,0,404784.420,0.775,-0.209,-0.030,0.596,3179,0,0,0,0,11,0,110,20,0.031,96,0,16.485,2.917,2.820,16.240,-0.280,-0.286,-0.030,0.956,0.272,-2.904,-0.844,0.000,0.000,1.592,0.030,2,NULL,NULL,,1,0,1,7,255,,250,0,0
stim,12815,12815,0,404789.420,0.775,-0.209,-0.030,0.596,3181,0,0,0,0,21,0,125,20,0.031,96,0,16.426,2.918,2.820,16.180,-0.280,-0.286,-0.032,0.956,0.266,-2.906,-0.844,0.000,0.000,1.592,0.030,2,NULL,NULL,,1,0,1,7,255,,250,0,0
stim,12815,12815,0,404794.420,0.775,-0.209,-0.030,0.596,3179,0,0,0,0,5,0,115,20,0.031,96,0,16.376,2.917,2.880,16.120,-0.160,-0.285,-0.031,0.956,0.258,-2.906,-0.844,0.000,0.000,1.592,0.030,2,NULL,NULL,,1,0,1,7,255,,250,0,0
stim,12815,12815,0,404799.420,0.775,-0.209,-0.030,0.596,3179,0,0,0,0,10,0,114,20,0.031,96,0,16.446,2.921,2.940,16.180,-0.160,-0.284,-0.031,0.955,0.258,-2.910,-0.848,0.000,0.000,1.592,0.030,2,NULL,NULL,,1,0,1,7,255,,250,0,0
stim,12831,12831,0,404804.420,0.775,-0.209,-0.029,0.596,3179,0,0,0,0,10,0,111,20,0.031,96,0,16.386,2.926,2.940,16.120,-0.040,-0.285,-0.031,0.956,0.264,-2.914,-0.848,0.000,0.000,1.592,0.030,2,NULL,NULL,,1,0,1,7,255,,250,0,0
stim,12831,12831,0,404809.420,0.775,-0.209,-0.029,0.596,3211,0,0,0,0,9,0,111,20,0.031,96,0,16.456,2.928,3.000,16.180,-0.100,-0.285,-0.030,0.957,0.266,-2.916,-0.848,0.000,0.000,1.592,0.030,2,NULL,NULL,,1,0,1,7,255,,250,0,0
stim,12831,12831,0,404814.422,0.775,-0.209,-0.029,0.596,3181,0,0,0,0,10,0,111,20,0.031,96,0,16.435,2.927,2.880,16.180,-0.160,-0.285,-0.030,0.957,0.272,-2.914,-0.840,0.000,0.000,1.592,0.030,2,NULL,NULL,,1,0,1,7,255,,250,0,0
stim,12863,12863,0,404819.420,0.775,-0.209,-0.029,0.596,3180,0,0,0,0,11,0,114,20,0.031,96,0,16.484,2.925,2.820,16.240,-0.160,-0.285,-0.030,0.956,0.272,-2.912,-0.840,0.000,0.000,1.592,0.030,2,NULL,NULL,,1,0,1,7,255,,250,0,0
stim,12863,12863,0,404824.420,0.775,-0.209,-0.029,0.596,3179,0,0,0,0,7,0,110,20,0.031,96,0,16.425,2.925,2.820,16.180,-0.160,-0.284,-0.029,0.957,0.272,-2.912,-0.846,0.000,0.000,1.592,0.030,2,NULL,NULL,,1,0,1,7,255,,250,0,0
stim,12863,12863,0,404829.422,0.775,-0.209,-0.029,0.596,3179,0,0,0,0,7,0,111,20,0.031,96,0,16.483,2.927,2.820,16.240,-0.040,-0.284,-0.030,0.957,0.272,-2.914,-0.846,0.000,0.000,1.592,0.030,2,NULL,NULL,,1,0,1,7,255,,250,0,0
stim,12879,12879,0,404834.420,0.775,-0.209,-0.029,0.596,3197,0,0,0,0,9,0,110,20,0.031,96,0,16.445,2.927,2.940,16.180,0.080,-0.286,-0.030,0.958,0.272,-2.914,-0.846,0.000,0.000,1.592,0.030,2,NULL,NULL,,1,0,1,7,255,,250,0,0
stim,12879,12879,0,404839.420,0.775,-0.209,-0.029,0.596,3207,0,0,0,0,9,0,119,20,0.031,96,0,16.494,2.926,2.880,16.240,0.140,-0.287,-0.029,0.957,0.268,-2.914,-0.830,0.000,0.000,1.592,0.030,2,NULL,NULL,,1,0,1,7,255,,250,0,0
stim,12879,12879,0,404844.420,0.775,-0.209,-0.029,0.596,3178,0,0,0,0,11,0,111,20,0.031,96,0,16.505,2.904,2.940,16.240,-0.160,-0.288,-0.028,0.958,0.268,-2.892,-0.826,0.000,0.000,1.592,0.030,2,NULL,NULL,,1,0,1,7,255,,250,0,0
stim,12879,12879,0,404849.420,0.775,-0.209,-0.029,0.596,3191,0,0,0,0,10,0,121,20,0.031,96,0,16.450,2.906,2.940,16.180,-0.400,-0.286,-0.028,0.958,0.280,-2.892,-0.822,0.000,0.000,1.592,0.030,2,NULL,NULL,,1,0,1,7,255,,250,0,0
stim,12879,12879,0,404854.420,0.775,-0.209,-0.029,0.596,3183,0,0,0,0,12,0,112,20,0.031,96,0,16.438,2.915,2.880,16.180,-0.340,-0.285,-0.030,0.958,0.280,-2.902,-0.822,0.000,0.000,1.592,0.030,2,NULL,NULL,,1,0,1,7,255,,250,0,0
stim,12879,12879,0,404859.420,0.775,-0.209,-0.029,0.596,3177,0,0,0,0,9,0,111,20,0.031,96,0,16.494,2.924,2.880,16.240,-0.100,-0.286,-0.030,0.958,0.270,-2.912,-0.828,0.000,0.000,1.592,0.030,2,NULL,NULL,,1,0,1,7,255,,250,0,0
stim,12895,12895,0,404864.422,0.775,-0.209,-0.029,0.596,3179,0,0,0,0,11,0,112,20,0.031,96,0,16.435,2.924,2.880,16.180,-0.100,-0.287,-0.030,0.956,0.262,-2.912,-0.830,0.000,0.000,1.592,0.030,2,NULL,NULL,,1,0,1,7,255,,250,0,0
stim,12895,12895,0,404869.420,0.775,-0.209,-0.029,0.596,3179,0,0,0,0,9,0,115,20,0.031,96,0,16.516,2.908,3.000,16.240,-0.220,-0.287,-0.029,0.957,0.262,-2.896,-0.832,0.000,0.000,1.592,0.030,2,NULL,NULL,,1,0,1,7,255,,250,0,0
stim,12895,12895,0,404874.420,0.775,-0.209,-0.029,0.596,3197,0,0,0,0,9,0,115,20,0.031,96,0,16.532,2.909,3.060,16.240,-0.460,-0.285,-0.028,0.958,0.270,-2.896,-0.834,0.000,0.000,1.592,0.030,2,NULL,NULL,,1,0,1,7,255,,250,0,0
stim,12895,12895,0,404879.420,0.775,-0.209,-0.029,0.596,3178,0,0,0,0,9,0,111,20,0.031,96,0,16.469,2.925,3.060,16.180,-0.280,-0.285,-0.029,0.957,0.276,-2.912,-0.834,0.000,0.000,1.592,0.030,2,NULL,NULL,,1,0,1,7,255,,250,0,0
stim,12898,12898,0,404884.420,0.775,-0.209,-0.029,0.596,3205,0,0,0,0,9,0,119,20,0.031,96,0,16.445,2.925,2.940,16.180,-0.100,-0.285,-0.030,0.956,0.276,-2.912,-0.838,0.000,0.000,1.592,0.030,2,NULL,NULL,,1,0,1,7,255,,250,0,0
stim,12898,12898,0,404889.420,0.775,-0.209,-0.029,0.596,3177,0,0,0,0,9,0,111,20,0.031,96,0,16.456,2.922,3.000,16.180,0.020,-0.285,-0.029,0.956,0.266,-2.910,-0.844,0.000,0.000,1.592,0.030,2,NULL,NULL,,1,0,1,7,255,,250,0,0
stim,12928,12928,0,404894.420,0.775,-0.209,-0.029,0.596,3179,0,0,0,0,12,0,113,20,0.031,96,0,16.419,2.916,3.120,16.120,-0.100,-0.287,-0.028,0.956,0.266,-2.904,-0.844,0.000,0.000,1.592,0.030,2,NULL,NULL,,1,0,1,7,255,,250,0,0
stim,12928,12928,0,404899.420,0.774,-0.209,-0.029,0.596,3178,0,0,0,0,9,0,117,20,0.031,96,0,16.482,2.910,3.120,16.180,-0.340,-0.287,-0.029,0.957,0.266,-2.898,-0.836,0.000,0.000,1.592,0.030,2,NULL,NULL,,1,0,1,7,255,,250,0,0
stim,12928,12928,0,404904.420,0.774,-0.209,-0.029,0.596,3181,0,0,0,0,11,0,111,20,0.031,96,0,16.411,2.910,3.060,16.120,-0.340,-0.284,-0.030,0.957,0.266,-2.898,-0.836,0.000,0.000,1.592,0.030,2,NULL,NULL,,1,0,1,7,255,,250,0,0
stim,12928,12928,0,404909.420,0.774,-0.209,-0.029,0.596,3213,0,0,0,0,9,0,112,20,0.031,96,0,16.398,2.916,3.000,16.120,-0.220,-0.285,-0.029,0.955,0.264,-2.904,-0.846,0.000,0.000,1.592,0.030,2,NULL,NULL,,1,0,1,7,255,,250,0,0
stim,12943,12943,0,404914.422,0.774,-0.209,-0.029,0.596,3187,0,0,0,0,12,0,117,20,0.031,96,0,16.387,2.918,2.940,16.120,-0.160,-0.285,-0.028,0.956,0.264,-2.906,-0.846,0.000,0.000,1.592,0.030,2,NULL,NULL,,1,0,1,7,255,,250,0,0
stim,12959,12959,0,404919.420,0.774,-0.209,-0.029,0.596,3209,0,0,0,0,10,0,117,20,0.031,96,0,16.457,2.916,3.000,16.180,-0.220,-0.286,-0.029,0.956,0.266,-2.904,-0.846,0.000,0.000,1.592,0.030,2,NULL,NULL,,1,0,1,7,255,,250,0,0
stim,12959,12959,0,404924.420,0.774,-0.209,-0.029,0.596,3185,0,0,0,0,20,0,111,20,0.031,96,0,16.459,2.918,3.000,16.180,-0.340,-0.285,-0.029,0.957,0.266,-2.906,-0.842,0.000,0.000,1.592,0.030,2,NULL,NULL,,1,0,1,7,255,,250,0,0
stim,12959,12959,0,404929.421,0.774,-0.209,-0.029,0.597,3209,0,0,0,0,10,0,118,20,0.031,96,0,16.389,2.920,2.940,16.120,-0.340,-0.284,-0.029,0.957,0.266,-2.908,-0.842,0.000,0.000,1.592,0.030,2,NULL,NULL,,1,0,1,7,255,,250,0,0
stim,12991,12991,0,404934.420,0.774,-0.209,-0.029,0.597,3177,0,0,0,0,11,0,112,20,0.031,96,0,16.426,2.932,2.820,16.180,-0.280,-0.284,-0.029,0.958,0.266,-2.920,-0.840,0.000,0.000,1.592,0.030,2,NULL,NULL,,1,0,1,7,255,,250,0,0
stim,12991,12991,0,404939.421,0.774,-0.209,-0.029,0.597,3179,0,0,0,0,11,0,116,20,0.031,96,0,16.425,2.932,2.820,16.180,-0.160,-0.284,-0.030,0.956,0.266,-2.920,-0.844,0.000,0.000,1.592,0.030,2,NULL,NULL,,1,0,1,7,255,,250,0,0
stim,12991,12991,0,404944.420,0.774,-0.209,-0.029,0.597,3172,0,0,0,0,12,0,113,20,0.031,96,0,16.424,2.927,2.820,16.180,-0.040,-0.286,-0.030,0.956,0.254,-2.916,-0.840,0.000,0.000,1.592,0.030,2,NULL,NULL,,1,0,1,7,255,,250,0,0
stim,12991,12991,0,404949.420,0.774,-0.209,-0.029,0.597,3187,0,0,0,0,12,0,112,20,0.031,96,0,16.435,2.919,2.880,16.180,-0.100,-0.286,-0.029,0.958,0.254,-2.908,-0.840,0.000,0.000,1.592,0.030,2,NULL,NULL,,1,0,1,7,255,,250,0,0
stim,12991,12991,0,404954.420,0.774,-0.209,-0.029,0.597,3168,0,0,0,0,11,0,115,20,0.031,96,0,16.425,2.915,2.820,16.180,-0.160,-0.286,-0.029,0.957,0.258,-2.904,-0.836,0.000,0.000,1.592,0.030,2,NULL,NULL,,1,0,1,7,255,,250,0,0
stim,12991,12991,0,404959.420,0.774,-0.209,-0.029,0.597,3177,0,0,0,0,10,0,120,20,0.031,96,0,16.435,2.920,2.880,16.180,-0.160,-0.284,-0.029,0.957,0.260,-2.908,-0.836,0.000,0.000,1.592,0.030,2,NULL,NULL,,1,0,1,7,255,,250,0,0
stim,12991,12991,0,404964.422,0.774,-0.209,-0.029,0.597,3175,0,0,0,0,16,0,117,20,0.031,96,0,16.376,2.922,2.880,16.120,-0.100,-0.285,-0.029,0.957,0.260,-2.910,-0.840,0.000,0.000,1.592,0.030,2,NULL,NULL,,1,0,1,7,255,,250,0,0
stim,12991,12991,0,404969.420,0.774,-0.209,-0.029,0.597,3175,0,0,0,0,10,0,117,20,0.031,96,0,16.445,2.922,2.940,16.180,0.020,-0.286,-0.029,0.956,0.260,-2.910,-0.840,0.000,0.000,1.592,0.030,2,NULL,NULL,,1,0,1,7,255,,250,0,0
stim,13007,13007,0,404974.420,0.774,-0.209,-0.029,0.597,3165,0,0,0,0,11,0,115,20,0.031,96,0,16.397,2.920,3.000,16.120,0.020,-0.285,-0.029,0.957,0.260,-2.908,-0.840,0.000,0.000,1.592,0.030,2,NULL,NULL,,1,0,1,7,255,,250,0,0
stim,13007,13007,0,404979.420,0.774,-0.209,-0.029,0.597,3173,0,0,0,0,9,0,111,20,0.031,96,0,16.397,2.912,3.000,16.120,-0.040,-0.286,-0.027,0.958,0.262,-2.900,-0.836,0.000,0.000,1.592,0.030,2,NULL,NULL,,1,0,1,7,255,,250,0,0
stim,13007,13007,0,404984.420,0.774,-0.209,-0.029,0.597,3171,0,0,0,0,10,0,111,20,0.031,96,0,16.387,2.919,2.940,16.120,-0.160,-0.286,-0.028,0.958,0.270,-2.906,-0.824,0.000,0.000,1.592,0.030,2,NULL,NULL,,1,0,1,7,255,,250,0,0
stim,13007,13007,0,404989.422,0.774,-0.209,-0.029,0.597,3173,0,0,0,0,9,0,117,20,0.031,96,0,16.398,2.919,3.000,16.120,-0.160,-0.285,-0.029,0.957,0.270,-2.906,-0.824,0.000,0.000,1.592,0.030,2,NULL,NULL,,1,0,1,7,255,,250,0,0
stim,13023,13023,0,404994.420,0.774,-0.209,-0.028,0.597,3173,0,0,0,0,8,0,118,20,0.031,96,0,16.456,2.920,3.000,16.180,-0.100,-0.285,-0.028,0.958,0.268,-2.908,-0.830,0.000,0.000,1.592,0.030,2,NULL,NULL,,1,0,1,7,255,,250,0,0
stim,13023,13023,0,404999.420,0.774,-0.209,-0.028,0.597,3197,0,0,0,0,11,0,119,20,0.031,96,0,16.398,2.920,3.000,16.120,-0.160,-0.286,-0.029,0.957,0.260,-2.908,-0.832,0.000,0.000,1.592,0.030,2,NULL,NULL,,1,0,1,7,255,,250,0,0
stim,13023,13023,0,405004.420,0.774,-0.209,-0.028,0.597,3176,0,0,0,0,9,0,119,20,0.031,96,0,16.457,2.919,3.000,16.180,-0.220,-0.285,-0.029,0.957,0.258,-2.908,-0.832,0.000,0.000,1.592,0.030,2,NULL,NULL,,1,0,1,7,255,,250,0,0
stim,13023,13023,0,405009.420,0.774,-0.209,-0.028,0.597,3176,0,0,0,0,9,0,119,20,0.031,96,0,16.458,2.919,3.000,16.180,-0.280,-0.285,-0.028,0.957,0.258,-2.908,-0.834,0.000,0.000,1.592,0.030,2,NULL,NULL,,1,0,1,7,255,,250,0,0
stim,13071,13071,0,405014.422,0.774,-0.209,-0.028,0.597,3169,0,0,0,0,9,0,119,20,0.031,96,0,16.506,2.919,2.940,16.240,-0.280,-0.285,-0.029,0.956,0.258,-2.908,-0.838,0.000,0.000,1.592,0.030,2,NULL,NULL,,1,0,1,7,255,,250,0,0
stim,13090,13090,0,405019.420,0.774,-0.209,-0.028,0.597,3167,0,0,0,0,11,0,117,20,0.031,96,0,16.527,2.922,3.060,16.240,-0.220,-0.283,-0.028,0.957,0.264,-2.910,-0.846,0.000,0.000,1.592,0.030,2,NULL,NULL,,1,0,1,7,255,,250,0,0
stim,13090,13090,0,405024.420,0.774,-0.209,-0.028,0.597,3167,0,0,0,0,10,0,123,20,0.031,96,0,16.456,2.932,3.000,16.180,-0.040,-0.283,-0.029,0.957,0.260,-2.920,-0.846,0.000,0.000,1.592,0.030,2,NULL,NULL,,1,0,1,7,255,,250,0,0
stim,13090,13090,0,405029.421,0.774,-0.209,-0.028,0.597,3167,0,0,0,0,5,0,119,20,0.031,96,0,16.526,2.932,3.060,16.240,0.080,-0.286,-0.029,0.958,0.260,-2.920,-0.846,0.000,0.000,1.592,0.030,2,NULL,NULL,,1,0,1,7,255,,250,0,0
stim,13090,13090,0,405034.420,0.774,-0.209,-0.028,0.597,3176,0,0,0,0,10,0,125,20,0.031,96,0,16.515,2.920,3.000,16.240,-0.040,-0.285,-0.028,0.957,0.260,-2.908,-0.838,0.000,0.000,1.592,0.030,2,NULL,NULL,,1,0,1,7,255,,250,0,0
stim,13090,13090,0,405039.420,0.774,-0.209,-0.028,0.597,3167,0,0,0,0,10,0,119,20,0.031,96,0,16.564,2.920,2.940,16.300,-0.220,-0.285,-0.027,0.958,0.264,-2.908,-0.830,0.000,0.000,1.592,0.030,2,NULL,NULL,,1,0,1,7,255,,250,0,0
stim,13092,13092,0,405044.420,0.774,-0.209,-0.028,0.597,3187,0,0,0,0,11,0,119,20,0.031,96,0,16.505,2.920,2.940,16.240,-0.160,-0.285,-0.030,0.957,0.264,-2.908,-0.838,0.000,0.000,1.592,0.030,2,NULL,NULL,,1,0,1,7,255,,250,0,0
stim,13092,13092,0,405049.420,0.774,-0.209,-0.028,0.597,3207,0,0,0,0,11,0,121,20,0.031,96,0,16.493,2.923,2.880,16.240,-0.040,-0.283,-0.029,0.957,0.254,-2.912,-0.842,0.000,0.000,1.592,0.030,2,NULL,NULL,,1,0,1,7,255,,250,0,0
stim,13093,13093,0,405054.420,0.774,-0.209,-0.028,0.597,3163,0,0,0,0,11,0,125,20,0.031,96,0,16.495,2.930,2.880,16.240,0.200,-0.284,-0.031,0.957,0.246,-2.920,-0.844,0.000,0.000,1.592,0.030,2,NULL,NULL,,1,0,1,7,255,,250,0,0
stim,13093,13093,0,405059.420,0.774,-0.209,-0.028,0.597,3171,0,0,0,0,12,0,116,20,0.031,96,0,16.515,2.931,3.000,16.240,0.140,-0.286,-0.028,0.956,0.254,-2.920,-0.844,0.000,0.000,1.592,0.030,2,NULL,NULL,,1,0,1,7,255,,250,0,0
stim,13103,13103,0,405064.422,0.774,-0.209,-0.028,0.597,3163,0,0,0,0,9,0,117,20,0.031,96,0,16.515,2.917,3.000,16.240,-0.100,-0.286,-0.028,0.958,0.256,-2.906,-0.838,0.000,0.000,1.592,0.030,2,NULL,NULL,,1,0,1,7,255,,250,0,0
stim,13124,13124,0,405069.420,0.774,-0.209,-0.028,0.597,3167,0,0,0,0,11,0,117,20,0.031,96,0,16.504,2.917,2.940,16.240,-0.100,-0.285,-0.028,0.957,0.256,-2.906,-0.834,0.000,0.000,1.592,0.030,2,NULL,NULL,,1,0,1,7,255,,250,0,0
stim,13124,13124,0,405074.420,0.774,-0.209,-0.028,0.597,3179,0,0,0,0,10,0,123,20,0.031,96,0,16.553,2.917,2.880,16.300,-0.100,-0.285,-0.028,0.957,0.256,-2.906,-0.834,0.000,0.000,1.592,0.030,2,NULL,NULL,,1,0,1,7,255,,250,0,0
stim,13124,13124,0,405079.420,0.774,-0.209,-0.028,0.597,3163,0,0,0,0,9,0,115,20,0.031,96,0,16.493,2.915,2.880,16.240,-0.040,-0.285,-0.027,0.957,0.256,-2.904,-0.838,0.000,0.000,1.592,0.030,2,NULL,NULL,,1,0,1,7,255,,250,0,0
stim,13124,13124,0,405084.420,0.774,-0.209,-0.028,0.597,3195,0,0,0,0,10,0,117,20,0.031,96,0,16.504,2.915,2.940,16.240,-0.040,-0.285,-0.028,0.957,0.258,-2.904,-0.838,0.000,0.000,1.592,0.030,2,NULL,NULL,,1,0,1,7,255,,250,0,0
stim,13124,13124,0,405089.420,0.774,-0.209,-0.028,0.597,3176,0,0,0,0,21,0,118,20,0.031,96,0,16.494,2.916,2.880,16.240,-0.160,-0.285,-0.027,0.958,0.262,-2.904,-0.834,0.000,0.000,1.592,0.030,2,NULL,NULL,,1,0,1,7,255,,250,0,0
stim,13124,13124,0,405094.421,0.774,-0.209,-0.028,0.597,3161,0,0,0,0,10,0,117,20,0.031,96,0,16.506,2.915,2.940,16.240,-0.280,-0.286,-0.028,0.957,0.258,-2.904,-0.834,0.000,0.000,1.592,0.030,2,NULL,NULL,,1,0,1,7,255,,250,0,0
stim,13124,13124,0,405099.420,0.774,-0.209,-0.028,0.597,3163,0,0,0,0,11,0,117,20,0.031,96,0,16.484,2.916,2.820,16.240,-0.220,-0.285,-0.026,0.957,0.268,-2.904,-0.836,0.000,0.000,1.592,0.030,2,NULL,NULL,,1,0,1,7,255,,250,0,0
stim,13124,13124,0,405104.420,0.774,-0.209,-0.028,0.597,3161,0,0,0,0,11,0,115,20,0.031,96,0,16.484,2.917,2.820,16.240,-0.220,-0.284,-0.027,0.957,0.270,-2.904,-0.836,0.000,0.000,1.592,0.030,2,NULL,NULL,,1,0,1,7,255,,250,0,0
stim,13124,13124,0,405109.420,0.774,-0.209,-0.028,0.597,3191,0,0,0,0,11,0,119,20,0.031,96,0,16.553,2.919,2.880,16.300,-0.160,-0.285,-0.028,0.957,0.270,-2.906,-0.836,0.000,0.000,1.592,0.030,2,NULL,NULL,,1,0,1,7,255,,250,0,0
stim,13135,13135,0,405114.422,0.774,-0.209,-0.028,0.597,3165,0,0,0,0,12,0,118,20,0.031,96,0,16.495,2.918,2.880,16.240,-0.220,-0.285,-0.027,0.956,0.260,-2.906,-0.842,0.000,0.000,1.592,0.030,2,NULL,NULL,,1,0,1,7,255,,250,0,0
stim,13167,13167,0,405119.420,0.774,-0.209,-0.028,0.597,3163,0,0,0,0,11,0,117,20,0.031,96,0,16.484,2.917,2.820,16.240,-0.220,-0.283,-0.028,0.956,0.256,-2.906,-0.844,0.000,0.000,1.592,0.030,2,NULL,NULL,,1,0,1,7,255,,250,0,0
stim,13167,13167,0,405124.420,0.774,-0.209,-0.028,0.597,3162,0,0,0,0,9,0,117,20,0.031,96,0,16.474,2.921,2.760,16.240,-0.220,-0.284,-0.028,0.956,0.254,-2.910,-0.848,0.000,0.000,1.592,0.030,2,NULL,NULL,,1,0,1,7,255,,250,0,0
stim,13167,13167,0,405129.422,0.774,-0.209,-0.028,0.597,3163,0,0,0,0,10,0,117,20,0.031,96,0,16.474,2.921,2.760,16.240,-0.160,-0.285,-0.028,0.957,0.250,-2.910,-0.848,0.000,0.000,1.592,0.030,2,NULL,NULL,,1,0,1,7,255,,250,0,0
stim,13190,13190,0,405134.421,0.774,-0.209,-0.028,0.597,3173,0,0,0,0,16,0,112,20,0.031,96,0,16.484,2.917,2.820,16.240,-0.220,-0.285,-0.028,0.957,0.250,-2.906,-0.838,0.000,0.000,1.592,0.030,2,NULL,NULL,,1,0,1,7,255,,250,0,0
stim,13190,13190,0,405139.421,0.774,-0.209,-0.028,0.597,3187,0,0,0,0,20,0,119,20,0.031,96,0,16.544,2.917,2.820,16.300,-0.220,-0.284,-0.027,0.956,0.254,-2.906,-0.838,0.000,0.000,1.592,0.030,2,NULL,NULL,,1,0,1,7,255,,250,0,0
stim,13190,13190,0,405144.420,0.774,-0.209,-0.028,0.597,3175,0,0,0,0,10,0,116,20,0.031,96,0,16.485,2.917,2.820,16.240,-0.280,-0.285,-0.028,0.958,0.254,-2.906,-0.834,0.000,0.000,1.592,0.030,2,NULL,NULL,,1,0,1,7,255,,250,0,0
stim,13190,13190,0,405149.420,0.774,-0.209,-0.028,0.597,3175,0,0,0,0,11,0,119,20,0.031,96,0,16.416,2.917,2.760,16.180,-0.280,-0.285,-0.026,0.957,0.258,-2.906,-0.838,0.000,0.000,1.592,0.030,2,NULL,NULL,,1,0,1,7,255,,250,0,0
stim,13190,13190,0,405154.420,0.774,-0.210,-0.028,0.597,3171,0,0,0,0,16,0,119,20,0.031,96,0,16.464,2.913,2.700,16.240,-0.220,-0.285,-0.027,0.957,0.256,-2.902,-0.838,0.000,0.000,1.592,0.030,2,NULL,NULL,,1,0,1,7,255,,250,0,0
stim,13190,13190,0,405159.420,0.774,-0.210,-0.028,0.597,3163,0,0,0,0,10,0,117,20,0.031,96,0,16.465,2.913,2.700,16.240,-0.280,-0.285,-0.028,0.957,0.256,-2.902,-0.838,0.000,0.000,1.592,0.030,2,NULL,NULL,,1,0,1,7,255,,250,0,0
stim,13192,13192,0,405164.422,0.774,-0.210,-0.028,0.598,3167,0,0,0,0,9,0,124,20,0.031,96,0,16.478,2.917,2.760,16.240,-0.400,-0.285,-0.027,0.958,0.256,-2.906,-0.834,0.000,0.000,1.592,0.030,2,NULL,NULL,,1,0,1,7,255,,250,0,0
stim,13192,13192,0,405169.420,0.773,-0.210,-0.028,0.598,3177,0,0,0,0,10,0,118,20,0.031,96,0,16.478,2.919,2.760,16.240,-0.400,-0.285,-0.028,0.958,0.252,-2.908,-0.832,0.000,0.000,1.592,0.030,2,NULL,NULL,,1,0,1,7,255,,250,0,0
stim,13193,13193,0,405174.420,0.773,-0.210,-0.028,0.598,3193,0,0,0,0,11,0,117,20,0.031,96,0,16.478,2.920,2.760,16.240,-0.400,-0.285,-0.027,0.957,0.260,-2.908,-0.832,0.000,0.000,1.592,0.030,2,NULL,NULL,,1,0,1,7,255,,250,0,0
stim,13193,13193,0,405179.420,0.773,-0.210,-0.028,0.598,3163,0,0,0,0,11,0,118,20,0.031,96,0,16.429,2.917,2.820,16.180,-0.400,-0.286,-0.027,0.957,0.252,-2.906,-0.836,0.000,0.000,1.592,0.030,2,NULL,NULL,,1,0,1,7,255,,250,0,0
stim,13200,13200,0,405184.422,0.773,-0.210,-0.028,0.598,3155,0,0,0,0,11,0,119,20,0.031,96,0,16.478,2.917,2.760,16.240,-0.400,-0.285,-0.028,0.957,0.252,-2.906,-0.836,0.000,0.000,1.592,0.030,2,NULL,NULL,,1,0,1,7,255,,250,0,0
stim,13200,13200,0,405189.420,0.773,-0.210,-0.028,0.598,3163,0,0,0,0,11,0,119,20,0.031,96,0,16.478,2.919,2.760,16.240,-0.400,-0.284,-0.027,0.957,0.252,-2.908,-0.840,0.000,0.000,1.592,0.030,2,NULL,NULL,,1,0,1,7,255,,250,0,0
stim,13223,13223,0,405194.420,0.773,-0.210,-0.028,0.598,3167,0,0,0,0,11,0,118,20,0.031,96,0,16.478,2.921,2.760,16.240,-0.400,-0.284,-0.027,0.957,0.254,-2.910,-0.840,0.000,0.000,1.592,0.030,2,NULL,NULL,,1,0,1,7,255,,250,0,0
stim,13223,13223,0,405199.420,0.773,-0.210,-0.028,0.598,3205,0,0,0,0,9,0,120,20,0.031,96,0,16.476,2.923,2.760,16.240,-0.340,-0.284,-0.028,0.957,0.254,-2.912,-0.840,0.000,0.000,1.592,0.030,2,NULL,NULL,,1,0,1,7,255,,250,0,0
stim,13224,13224,0,405204.420,0.773,-0.210,-0.028,0.598,3161,0,0,0,0,11,0,123,20,0.031,96,0,16.487,2.921,2.820,16.240,-0.340,-0.285,-0.026,0.957,0.254,-2.910,-0.840,0.000,0.000,1.592,0.030,2,NULL,NULL,,1,0,1,7,255,,250,0,0
stim,13224,13224,0,405209.420,0.773,-0.210,-0.028,0.598,3192,0,0,0,0,9,0,122,20,0.031,96,0,16.487,2.915,2.820,16.240,-0.340,-0.285,-0.027,0.957,0.252,-2.904,-0.840,0.000,0.000,1.592,0.030,2,NULL,NULL,,1,0,1,7,255,,250,0,0
stim,13233,13233,0,405214.422,0.773,-0.210,-0.028,0.598,3183,0,0,0,0,11,0,121,20,0.031,96,0,16.487,2.915,2.820,16.240,-0.340,-0.284,-0.028,0.958,0.252,-2.904,-0.834,0.000,0.000,1.592,0.030,2,NULL,NULL,,1,0,1,7,255,,250,0,0
stim,13263,13263,0,405219.420,0.773,-0.210,-0.028,0.598,3157,0,0,0,0,11,0,133,20,0.031,96,0,16.487,2.927,2.820,16.240,-0.340,-0.284,-0.028,0.958,0.250,-2.916,-0.834,0.000,0.000,1.592,0.030,2,NULL,NULL,,1,0,1,7,255,,250,0,0
stim,13263,13263,0,405224.420,0.773,-0.210,-0.028,0.598,3161,0,0,0,0,10,0,119,20,0.031,96,0,16.474,2.927,2.760,16.240,-0.220,-0.284,-0.028,0.957,0.250,-2.916,-0.834,0.000,0.000,1.592,0.030,2,NULL,NULL,,1,0,1,7,255,,250,0,0
stim,13263,13263,0,405229.422,0.773,-0.210,-0.028,0.598,3160,0,0,0,0,11,0,118,20,0.031,96,0,16.484,2.927,2.820,16.240,-0.220,-0.284,-0.027,0.957,0.250,-2.916,-0.842,0.000,0.000,1.592,0.030,2,NULL,NULL,,1,0,1,7,255,,250,0,0
stim,13295,13295,0,405234.420,0.773,-0.210,-0.027,0.598,3193,0,0,0,0,13,0,116,20,0.031,96,0,16.536,2.925,2.760,16.300,-0.340,-0.284,-0.025,0.957,0.254,-2.914,-0.842,0.000,0.000,1.592,0.030,2,NULL,NULL,,1,0,1,7,255,,250,0,0
stim,13295,13295,0,405239.420,0.773,-0.210,-0.027,0.598,3163,0,0,0,0,22,0,135,20,0.031,96,0,16.487,2.921,2.820,16.240,-0.340,-0.285,-0.026,0.957,0.258,-2.910,-0.842,0.000,0.000,1.592,0.030,2,NULL,NULL,,1,0,1,7,255,,250,0,0
stim,13295,13295,0,405244.420,0.773,-0.210,-0.027,0.598,3168,0,0,0,0,11,0,119,20,0.031,96,0,16.585,2.917,2.700,16.360,-0.340,-0.285,-0.027,0.957,0.258,-2.906,-0.840,0.000,0.000,1.592,0.030,2,NULL,NULL,,1,0,1,7,255,,250,0,0
stim,13295,13295,0,405249.420,0.773,-0.210,-0.027,0.598,3181,0,0,0,0,11,0,118,20,0.031,96,0,16.586,2.917,2.700,16.360,-0.400,-0.284,-0.029,0.958,0.254,-2.906,-0.838,0.000,0.000,1.592,0.030,2,NULL,NULL,,1,0,1,7,255,,250,0,0
stim,13295,13295,0,405254.420,0.773,-0.210,-0.027,0.598,3171,0,0,0,0,8,0,117,20,0.031,96,0,16.585,2.916,2.700,16.360,-0.340,-0.285,-0.027,0.956,0.246,-2.906,-0.838,0.000,0.000,1.592,0.030,2,NULL,NULL,,1,0,1,7,255,,250,0,0
stim,13295,13295,0,405259.420,0.773,-0.210,-0.027,0.598,3160,0,0,0,0,10,0,117,20,0.031,96,0,16.584,2.924,2.700,16.360,-0.280,-0.284,-0.027,0.957,0.246,-2.914,-0.842,0.000,0.000,1.592,0.030,2,NULL,NULL,,1,0,1,7,255,,250,0,0
stim,13295,13295,0,405264.422,0.773,-0.210,-0.027,0.598,3197,0,0,0,0,16,0,119,20,0.031,96,0,16.595,2.917,2.760,16.360,-0.340,-0.285,-0.027,0.957,0.250,-2.906,-0.842,0.000,0.000,1.592,0.030,2,NULL,NULL,,1,0,1,7,255,,250,0,0
stim,13296,13296,0,405269.420,0.773,-0.210,-0.027,0.598,3161,0,0,0,0,10,0,118,20,0.031,96,0,16.534,2.917,2.760,16.300,-0.280,-0.285,-0.027,0.957,0.250,-2.906,-0.836,0.000,0.000,1.592,0.030,2,NULL,NULL,,1,0,1,7,255,,250,0,0
stim,13296,13296,0,405274.420,0.773,-0.210,-0.027,0.598,3159,0,0,0,0,11,0,119,20,0.031,96,0,16.584,2.914,2.700,16.360,-0.280,-0.285,-0.028,0.956,0.246,-2.904,-0.836,0.000,0.000,1.592,0.030,2,NULL,NULL,,1,0,1,7,255,,250,0,0
stim,13296,13296,0,405279.420,0.773,-0.210,-0.027,0.598,3189,0,0,0,0,10,0,121,20,0.031,96,0,16.534,2.910,2.760,16.300,-0.280,-0.286,-0.026,0.956,0.246,-2.900,-0.840,0.000,0.000,1.592,0.030,2,NULL,NULL,,1,0,1,7,255,,250,0,0
stim,13311,13311,0,405284.420,0.773,-0.210,-0.027,0.598,3172,0,0,0,0,12,0,121,20,0.031,96,0,16.527,2.911,2.700,16.300,-0.400,-0.286,-0.027,0.957,0.248,-2.900,-0.840,0.000,0.000,1.592,0.030,2,NULL,NULL,,1,0,1,7,255,,250,0,0
stim,13311,13311,0,405289.420,0.773,-0.210,-0.027,0.598,3159,0,0,0,0,9,0,118,20,0.031,96,0,16.538,2.911,2.760,16.300,-0.460,-0.285,-0.028,0.956,0.248,-2.900,-0.840,0.000,0.000,1.592,0.030,2,NULL,NULL,,1,0,1,7,255,,250,0,0
stim,13311,13311,0,405294.420,0.773,-0.210,-0.027,0.598,3159,0,0,0,0,10,0,119,20,0.031,96,0,16.538,2.916,2.760,16.300,-0.460,-0.285,-0.028,0.957,0.240,-2.906,-0.838,0.000,0.000,1.592,0.030,2,NULL,NULL,,1,0,1,7,255,,250,0,0
stim,13311,13311,0,405299.420,0.773,-0.210,-0.027,0.598,3163,0,0,0,0,9,0,119,20,0.031,96,0,16.526,2.916,2.700,16.300,-0.340,-0.285,-0.028,0.957,0.238,-2.906,-0.838,0.000,0.000,1.592,0.030,2,NULL,NULL,,1,0,1,7,255,,250,0,0
stim,13327,13327,0,405304.420,0.773,-0.210,-0.027,0.598,3161,0,0,0,0,7,0,135,20,0.031,96,0,16.606,2.922,2.820,16.360,-0.400,-0.285,-0.027,0.958,0.238,-2.912,-0.836,0.000,0.000,1.592,0.030,2,NULL,NULL,,1,0,1,7,255,,250,0,0
stim,13327,13327,0,405309.420,0.773,-0.210,-0.027,0.598,3175,0,0,0,0,11,0,125,20,0.031,96,0,16.549,2.922,2.820,16.300,-0.460,-0.286,-0.026,0.957,0.246,-2.912,-0.832,0.000,0.000,1.592,0.030,2,NULL,NULL,,1,0,1,7,255,,250,0,0
stim,13375,13375,0,405314.424,0.773,-0.210,-0.027,0.598,3179,0,0,0,0,9,0,120,20,0.031,96,0,16.589,2.923,2.700,16.360,-0.520,-0.283,-0.027,0.958,0.252,-2.912,-0.832,0.000,0.000,1.592,0.030,2,NULL,NULL,,1,0,1,7,255,,250,0,0
stim,13375,13375,0,405319.420,0.773,-0.210,-0.027,0.598,3157,0,0,0,0,9,0,121,20,0.031,96,0,16.589,2.933,2.700,16.360,-0.520,-0.283,-0.026,0.958,0.254,-2.922,-0.836,0.000,0.000,1.592,0.030,2,NULL,NULL,,1,0,1,7,255,,250,0,0
stim,13400,13400,0,405324.420,0.773,-0.210,-0.027,0.598,3157,0,0,0,0,10,0,119,20,0.031,96,0,16.519,2.933,2.640,16.300,-0.460,-0.284,-0.027,0.958,0.254,-2.922,-0.838,0.000,0.000,1.592,0.030,2,NULL,NULL,,1,0,1,7,255,,250,0,0
stim,13400,13400,0,405329.422,0.773,-0.210,-0.027,0.598,3156,0,0,0,0,9,0,121,20,0.031,96,0,16.516,2.929,2.640,16.300,-0.340,-0.284,-0.027,0.955,0.252,-2.918,-0.838,0.000,0.000,1.592,0.030,2,NULL,NULL,,1,0,1,7,255,,250,0,0
stim,13400,13400,0,405334.420,0.773,-0.210,-0.027,0.598,3165,0,0,0,0,12,0,119,20,0.031,96,0,16.527,2.926,2.700,16.300,-0.400,-0.284,-0.028,0.956,0.244,-2.916,-0.850,0.000,0.000,1.592,0.030,2,NULL,NULL,,1,0,1,7,255,,250,0,0
stim,13400,13400,0,405339.420,0.773,-0.210,-0.027,0.598,3161,0,0,0,0,12,0,120,20,0.031,96,0,16.527,2.918,2.700,16.300,-0.400,-0.285,-0.027,0.957,0.242,-2.908,-0.850,0.000,0.000,1.592,0.030,2,NULL,NULL,,1,0,1,7,255,,250,0,0
stim,13402,13402,0,405344.420,0.773,-0.210,-0.027,0.598,3164,0,0,0,0,9,0,120,20,0.031,96,0,16.519,2.920,2.640,16.300,-0.460,-0.284,-0.027,0.957,0.242,-2.910,-0.842,0.000,0.000,1.592,0.030,2,NULL,NULL,,1,0,1,7,255,,250,0,0
stim,13402,13402,0,405349.420,0.773,-0.210,-0.027,0.598,3163,0,0,0,0,9,0,121,20,0.031,96,0,16.508,2.920,2.580,16.300,-0.400,-0.285,-0.027,0.957,0.244,-2.910,-0.836,0.000,0.000,1.592,0.030,2,NULL,NULL,,1,0,1,7,255,,250,0,0
stim,13402,13402,0,405354.420,0.773,-0.210,-0.027,0.598,3163,0,0,0,0,11,0,122,20,0.031,96,0,16.498,2.920,2.520,16.300,-0.400,-0.286,-0.027,0.957,0.244,-2.910,-0.836,0.000,0.000,1.592,0.030,2,NULL,NULL,,1,0,1,7,255,,250,0,0
stim,13402,13402,0,405359.420,0.773,-0.210,-0.027,0.598,3199,0,0,0,0,11,0,121,20,0.031,96,0,16.519,2.920,2.640,16.300,-0.460,-0.284,-0.026,0.956,0.244,-2.910,-0.836,0.000,0.000,1.592,0.030,2,NULL,NULL,,1,0,1,7,255,,250,0,0
stim,13402,13402,0,405364.424,0.773,-0.210,-0.027,0.598,3157,0,0,0,0,10,0,119,20,0.031,96,0,16.529,2.920,2.700,16.300,-0.460,-0.284,-0.028,0.957,0.240,-2.910,-0.842,0.000,0.000,1.592,0.030,2,NULL,NULL,,1,0,1,7,255,,250,0,0
stim,13407,13407,0,405369.420,0.773,-0.210,-0.027,0.598,3158,0,0,0,0,12,0,119,20,0.031,96,0,16.517,2.922,2.640,16.300,-0.400,-0.284,-0.028,0.956,0.238,-2.912,-0.846,0.000,0.000,1.592,0.030,2,NULL,NULL,,1,0,1,7,255,,250,0,0
stim,13407,13407,0,405374.420,0.773,-0.210,-0.027,0.598,3157,0,0,0,0,11,0,119,20,0.031,96,0,16.517,2.921,2.640,16.300,-0.400,-0.285,-0.028,0.958,0.234,-2.912,-0.842,0.000,0.000,1.592,0.030,2,NULL,NULL,,1,0,1,7,255,,250,0,0
stim,13407,13407,0,405379.420,0.773,-0.210,-0.027,0.598,3154,0,0,0,0,11,0,119,20,0.031,96,0,16.529,2.921,2.700,16.300,-0.460,-0.285,-0.027,0.957,0.234,-2.912,-0.840,0.000,0.000,1.592,0.030,2,NULL,NULL,,1,0,1,7,255,,250,0,0
stim,13407,13407,0,405384.420,0.773,-0.210,-0.027,0.598,3156,0,0,0,0,11,0,117,20,0.031,96,0,16.530,2.918,2.700,16.300,-0.520,-0.285,-0.027,0.957,0.240,-2.908,-0.840,0.000,0.000,1.592,0.030,2,NULL,NULL,,1,0,1,7,255,,250,0,0
stim,13407,13407,0,405389.420,0.773,-0.210,-0.027,0.598,3183,0,0,0,0,11,0,120,20,0.031,96,0,16.519,2.918,2.640,16.300,-0.460,-0.284,-0.027,0.956,0.246,-2.908,-0.840,0.000,0.000,1.592,0.030,2,NULL,NULL,,1,0,1,7,255,,250,0,0
stim,13407,13407,0,405394.420,0.773,-0.210,-0.027,0.598,3155,0,0,0,0,11,0,119,20,0.031,96,0,16.527,2.918,2.700,16.300,-0.400,-0.285,-0.027,0.957,0.244,-2.908,-0.840,0.000,0.000,1.592,0.030,2,NULL,NULL,,1,0,1,7,255,,250,0,0
stim,13407,13407,0,405399.420,0.773,-0.210,-0.027,0.598,3155,0,0,0,0,17,0,118,20,0.031,96,0,16.526,2.916,2.700,16.300,-0.340,-0.285,-0.026,0.957,0.246,-2.906,-0.840,0.000,0.000,1.592,0.030,2,NULL,NULL,,1,0,1,7,255,,250,0,0
stim,13423,13423,0,405404.420,0.773,-0.210,-0.027,0.598,3160,0,0,0,0,18,0,121,20,0.031,96,0,16.526,2.916,2.700,16.300,-0.340,-0.285,-0.027,0.958,0.244,-2.906,-0.838,0.000,0.000,1.592,0.030,2,NULL,NULL,,1,0,1,7,255,,250,0,0
stim,13423,13423,0,405409.420,0.773,-0.210,-0.027,0.598,3189,0,0,0,0,13,0,121,20,0.031,96,0,16.527,2.922,2.700,16.300,-0.400,-0.284,-0.028,0.957,0.240,-2.912,-0.838,0.000,0.000,1.592,0.030,2,NULL,NULL,,1,0,1,7,255,,250,0,0
stim,13439,13439,0,405414.422,0.773,-0.210,-0.027,0.598,3159,0,0,0,0,11,0,120,20,0.031,96,0,16.536,2.924,2.760,16.300,-0.340,-0.283,-0.028,0.957,0.236,-2.914,-0.842,0.000,0.000,1.592,0.030,2,NULL,NULL,,1,0,1,7,255,,250,0,0
stim,13471,13471,0,405419.420,0.773,-0.210,-0.027,0.598,3156,0,0,0,0,11,0,122,20,0.031,96,0,16.585,2.924,2.700,16.360,-0.340,-0.284,-0.026,0.956,0.236,-2.914,-0.844,0.000,0.000,1.592,0.030,2,NULL,NULL,,1,0,1,7,255,,250,0,0
stim,13471,13471,0,405424.420,0.773,-0.210,-0.027,0.598,3157,0,0,0,0,10,0,120,20,0.031,96,0,16.524,2.926,2.700,16.300,-0.280,-0.284,-0.027,0.957,0.240,-2.916,-0.846,0.000,0.000,1.592,0.030,2,NULL,NULL,,1,0,1,7,255,,250,0,0
stim,13471,13471,0,405429.421,0.773,-0.210,-0.027,0.599,3155,0,0,0,0,11,0,117,20,0.031,96,0,16.524,2.918,2.700,16.300,-0.280,-0.285,-0.027,0.956,0.240,-2.908,-0.846,0.000,0.000,1.592,0.030,2,NULL,NULL,,1,0,1,7,255,,250,0,0
stim,13490,13490,0,405434.420,0.773,-0.210,-0.027,0.599,3173,0,0,0,0,11,0,119,20,0.031,96,0,16.487,2.922,2.820,16.240,-0.340,-0.285,-0.027,0.958,0.240,-2.912,-0.842,0.000,0.000,1.592,0.030,2,NULL,NULL,,1,0,1,7,255,,250,0,0
stim,13490,13490,0,405439.420,0.773,-0.210,-0.027,0.599,3155,0,0,0,0,11,0,119,20,0.031,96,0,16.527,2.922,2.700,16.300,-0.400,-0.284,-0.027,0.957,0.240,-2.912,-0.842,0.000,0.000,1.592,0.030,2,NULL,NULL,,1,0,1,7,255,,250,0,0
stim,13491,13491,0,405444.420,0.773,-0.210,-0.027,0.599,3177,0,0,0,0,11,0,124,20,0.031,96,0,16.527,2.922,2.700,16.300,-0.400,-0.284,-0.026,0.957,0.244,-2.912,-0.838,0.000,0.000,1.592,0.030,2,NULL,NULL,,1,0,1,7,255,,250,0,0
stim,13491,13491,0,405449.420,0.773,-0.210,-0.027,0.599,3159,0,0,0,0,22,0,125,20,0.031,96,0,16.534,2.922,2.760,16.300,-0.280,-0.284,-0.027,0.956,0.242,-2.912,-0.842,0.000,0.000,1.592,0.030,2,NULL,NULL,,1,0,1,7,255,,250,0,0
stim,13491,13491,0,405454.420,0.773,-0.210,-0.027,0.599,3145,0,0,0,0,11,0,119,20,0.031,96,0,16.526,2.921,2.700,16.300,-0.340,-0.285,-0.026,0.957,0.250,-2.910,-0.840,0.000,0.000,1.592,0.030,2,NULL,NULL,,1,0,1,7,255,,250,0,0
stim,13491,13491,0,405459.420,0.773,-0.210,-0.027,0.599,3151,0,0,0,0,11,0,119,20,0.031,96,0,16.584,2.922,2.700,16.360,-0.280,-0.284,-0.027,0.957,0.242,-2.912,-0.840,0.000,0.000,1.592,0.030,2,NULL,NULL,,1,0,1,7,255,,250,0,0
stim,13492,13492,0,405464.422,0.773,-0.210,-0.027,0.599,3165,0,0,0,0,13,0,119,20,0.031,96,0,16.527,2.914,2.700,16.300,-0.400,-0.285,-0.027,0.956,0.242,-2.904,-0.840,0.000,0.000,1.592,0.030,2,NULL,NULL,,1,0,1,7,255,,250,0,0
stim,13503,13503,0,405469.420,0.773,-0.210,-0.027,0.599,3155,0,0,0,0,13,0,120,20,0.031,96,0,16.586,2.924,2.700,16.360,-0.400,-0.284,-0.027,0.956,0.238,-2.914,-0.844,0.000,0.000,1.592,0.030,2,NULL,NULL,,1,0,1,7,255,,250,0,0
stim,13503,13503,0,405474.420,0.772,-0.210,-0.027,0.599,3155,0,0,0,0,18,0,119,20,0.031,96,0,16.526,2.920,2.700,16.300,-0.340,-0.285,-0.027,0.957,0.238,-2.910,-0.844,0.000,0.000,1.592,0.030,2,NULL,NULL,,1,0,1,7,255,,250,0,0
stim,13503,13503,0,405479.420,0.772,-0.210,-0.027,0.599,3191,0,0,0,0,9,0,122,20,0.031,96,0,16.574,2.924,2.640,16.360,-0.280,-0.283,-0.027,0.956,0.240,-2.914,-0.850,0.000,0.000,1.592,0.030,2,NULL,NULL,,1,0,1,7,255,,250,0,0
stim,13521,13521,0,405484.420,0.772,-0.210,-0.027,0.599,3154,0,0,0,0,20,0,119,20,0.031,96,0,16.585,2.924,2.700,16.360,-0.340,-0.285,-0.028,0.957,0.240,-2.914,-0.836,0.000,0.000,1.592,0.030,2,NULL,NULL,,1,0,1,7,255,,250,0,0
stim,13521,13521,0,405489.421,0.772,-0.210,-0.027,0.599,3154,0,0,0,0,11,0,119,20,0.031,96,0,16.585,2.924,2.700,16.360,-0.340,-0.283,-0.027,0.956,0.236,-2.914,-0.856,0.000,0.000,1.592,0.030,2,NULL,NULL,,1,0,1,7,255,,250,0,0
stim,13521,13521,0,405494.420,0.772,-0.210,-0.027,0.599,3157,0,0,0,0,20,0,135,20,0.031,96,0,16.585,2.924,2.700,16.360,-0.340,-0.284,-0.026,0.956,0.236,-2.914,-0.850,0.000,0.000,1.592,0.030,2,NULL,NULL,,1,0,1,7,255,,250,0,0
stim,13521,13521,0,405499.420,0.772,-0.210,-0.027,0.599,3151,0,0,0,0,10,0,120,20,0.031,96,0,16.527,2.926,2.700,16.300,-0.400,-0.284,-0.027,0.957,0.236,-2.916,-0.850,0.000,0.000,1.592,0.030,2,NULL,NULL,,1,0,1,7,255,,250,0,0
stim,13521,13521,0,405504.420,0.772,-0.210,-0.027,0.599,3154,0,0,0,0,11,0,119,20,0.031,96,0,16.585,2.922,2.700,16.360,-0.340,-0.285,-0.027,0.957,0.236,-2.912,-0.846,0.000,0.000,1.592,0.030,2,NULL,NULL,,1,0,1,7,255,,250,0,0
stim,13521,13521,0,405509.420,0.772,-0.210,-0.027,0.599,3156,0,0,0,0,11,0,123,20,0.031,96,0,16.585,2.924,2.700,16.360,-0.340,-0.284,-0.027,0.957,0.236,-2.914,-0.840,0.000,0.000,1.592,0.030,2,NULL,NULL,,1,0,1,7,255,,250,0,0
stim,13535,13535,0,405514.422,0.772,-0.210,-0.027,0.599,3144,0,0,0,0,25,0,118,20,0.031,96,0,16.526,2.922,2.700,16.300,-0.340,-0.284,-0.027,0.957,0.238,-2.912,-0.840,0.000,0.000,1.592,0.030,2,NULL,NULL,,1,0,1,7,255,,250,0,0
stim,13567,13567,0,405519.420,0.772,-0.210,-0.027,0.599,3180,0,0,0,0,12,0,123,20,0.031,96,0,16.537,2.922,2.760,16.300,-0.400,-0.285,-0.027,0.957,0.238,-2.912,-0.840,0.000,0.000,1.592,0.030,2,NULL,NULL,,1,0,1,7,255,,250,0,0
stim,13567,13567,0,405524.420,0.772,-0.210,-0.027,0.599,3155,0,0,0,0,12,0,120,20,0.031,96,0,16.595,2.918,2.760,16.360,-0.340,-0.285,-0.026,0.957,0.238,-2.908,-0.840,0.000,0.000,1.592,0.030,2,NULL,NULL,,1,0,1,7,255,,250,0,0
stim,13567,13567,0,405529.422,0.772,-0.210,-0.027,0.599,3155,0,0,0,0,13,0,119,20,0.031,96,0,16.585,2.918,2.700,16.360,-0.340,-0.285,-0.028,0.958,0.236,-2.908,-0.834,0.000,0.000,1.592,0.030,2,NULL,NULL,,1,0,1,7,255,,250,0,0
stim,13589,13589,0,405534.420,0.772,-0.210,-0.027,0.599,3159,0,0,0,0,12,0,123,20,0.031,96,0,16.585,2.924,2.700,16.360,-0.340,-0.284,-0.025,0.957,0.240,-2.914,-0.834,0.000,0.000,1.592,0.030,2,NULL,NULL,,1,0,1,7,255,,250,0,0
stim,13589,13589,0,405539.420,0.772,-0.210,-0.027,0.599,3149,0,0,0,0,11,0,120,20,0.031,96,0,16.526,2.924,2.700,16.300,-0.340,-0.284,-0.026,0.957,0.242,-2.914,-0.842,0.000,0.000,1.592,0.030,2,NULL,NULL,,1,0,1,7,255,,250,0,0
stim,13589,13589,0,405544.420,0.772,-0.210,-0.027,0.599,3151,0,0,0,0,16,0,123,20,0.031,96,0,16.526,2.924,2.700,16.300,-0.340,-0.284,-0.027,0.956,0.242,-2.914,-0.842,0.000,0.000,1.592,0.030,2,NULL,NULL,,1,0,1,7,255,,250,0,0
stim,13589,13589,0,405549.420,0.772,-0.210,-0.027,0.599,3160,0,0,0,0,11,0,137,20,0.031,96,0,16.526,2.920,2.700,16.300,-0.340,-0.285,-0.026,0.957,0.240,-2.910,-0.842,0.000,0.000,1.592,0.030,2,NULL,NULL,,1,0,1,7,255,,250,0,0
stim,13589,13589,0,405554.420,0.772,-0.210,-0.027,0.599,3155,0,0,0,0,9,0,135,20,0.031,96,0,16.526,2.924,2.700,16.300,-0.340,-0.283,-0.027,0.956,0.236,-2.914,-0.850,0.000,0.000,1.592,0.030,2,NULL,NULL,,1,0,1,7,255,,250,0,0
stim,13589,13589,0,405559.420,0.772,-0.210,-0.027,0.599,3153,0,0,0,0,10,0,119,20,0.031,96,0,16.517,2.918,2.640,16.300,-0.400,-0.285,-0.026,0.957,0.240,-2.908,-0.840,0.000,0.000,1.592,0.030,2,NULL,NULL,,1,0,1,7,255,,250,0,0
stim,13599,13599,0,405564.422,0.772,-0.210,-0.027,0.599,3155,0,0,0,0,9,0,137,20,0.031,96,0,16.516,2.919,2.640,16.300,-0.340,-0.285,-0.027,0.957,0.234,-2.910,-0.840,0.000,0.000,1.592,0.030,2,NULL,NULL,,1,0,1,7,255,,250,0,0
stim,13600,13600,0,405569.420,0.772,-0.210,-0.027,0.599,3163,0,0,0,0,8,0,120,20,0.031,96,0,16.517,2.917,2.640,16.300,-0.400,-0.285,-0.027,0.957,0.234,-2.908,-0.840,0.000,0.000,1.592,0.030,2,NULL,NULL,,1,0,1,7,255,,250,0,0
stim,13600,13600,0,405574.420,0.772,-0.210,-0.027,0.599,3156,0,0,0,0,12,0,119,20,0.031,96,0,16.576,2.917,2.640,16.360,-0.400,-0.286,-0.027,0.957,0.230,-2.908,-0.836,0.000,0.000,1.592,0.030,2,NULL,NULL,,1,0,1,7,255,,250,0,0
stim,13600,13600,0,405579.420,0.772,-0.210,-0.027,0.599,3168,0,0,0,0,10,0,121,20,0.031,96,0,16.517,2.917,2.640,16.300,-0.400,-0.284,-0.028,0.957,0.230,-2.908,-0.836,0.000,0.000,1.592,0.030,2,NULL,NULL,,1,0,1,7,255,,250,0,0
stim,13622,13622,0,405584.420,0.772,-0.210,-0.027,0.599,3144,0,0,0,0,19,0,133,20,0.031,96,0,16.466,2.917,2.700,16.240,-0.340,-0.284,-0.027,0.956,0.230,-2.908,-0.844,0.000,0.000,1.592,0.030,2,NULL,NULL,,1,0,1,7,255,,250,0,0
stim,13622,13622,0,405589.420,0.772,-0.210,-0.027,0.599,3155,0,0,0,0,11,0,121,20,0.031,96,0,16.457,2.917,2.640,16.240,-0.340,-0.285,-0.027,0.957,0.232,-2.908,-0.844,0.000,0.000,1.592,0.030,2,NULL,NULL,,1,0,1,7,255,,250,0,0
stim,13622,13622,0,405594.420,0.772,-0.210,-0.027,0.599,3153,0,0,0,0,11,0,120,20,0.031,96,0,16.456,2.917,2.640,16.240,-0.280,-0.285,-0.027,0.957,0.232,-2.908,-0.838,0.000,0.000,1.592,0.030,2,NULL,NULL,,1,0,1,7,255,,250,0,0
stim,13622,13622,0,405599.420,0.772,-0.210,-0.027,0.599,3155,0,0,0,0,10,0,120,20,0.031,96,0,16.457,2.917,2.640,16.240,-0.340,-0.285,-0.028,0.957,0.228,-2.908,-0.838,0.000,0.000,1.592,0.030,2,NULL,NULL,,1,0,1,7,255,,250,0,0
stim,13623,13623,0,405604.420,0.772,-0.210,-0.027,0.599,3160,0,0,0,0,19,0,119,20,0.031,96,0,16.460,2.921,2.640,16.240,-0.460,-0.285,-0.027,0.958,0.228,-2.912,-0.836,0.000,0.000,1.592,0.030,2,NULL,NULL,,1,0,1,7,255,,250,0,0
stim,13623,13623,0,405609.420,0.772,-0.210,-0.027,0.599,3171,0,0,0,0,13,0,124,20,0.031,96,0,16.458,2.921,2.640,16.240,-0.400,-0.284,-0.027,0.958,0.228,-2.912,-0.834,0.000,0.000,1.592,0.030,2,NULL,NULL,,1,0,1,7,255,,250,0,0
stim,13679,13679,0,405614.422,0.772,-0.210,-0.027,0.599,3155,0,0,0,0,11,0,119,20,0.031,96,0,16.457,2.921,2.640,16.240,-0.340,-0.285,-0.027,0.957,0.232,-2.912,-0.834,0.000,0.000,1.592,0.030,2,NULL,NULL,,1,0,1,7,255,,250,0,0
stim,13679,13679,0,405619.420,0.772,-0.210,-0.027,0.599,3153,0,0,0,0,11,0,120,20,0.031,96,0,16.466,2.921,2.700,16.240,-0.340,-0.284,-0.025,0.957,0.234,-2.912,-0.836,0.000,0.000,1.592,0.030,2,NULL,NULL,,1,0,1,7,255,,250,0,0
stim,13679,13679,0,405624.420,0.772,-0.210,-0.027,0.599,3156,0,0,0,0,12,0,119,20,0.031,96,0,16.469,2.921,2.700,16.240,-0.460,-0.285,-0.024,0.958,0.252,-2.910,-0.836,0.000,0.000,1.592,0.030,2,NULL,NULL,,1,0,1,7,255,,250,0,0
stim,13679,13679,0,405629.421,0.772,-0.210,-0.027,0.599,3159,0,0,0,0,14,0,122,20,0.031,96,0,16.471,2.919,2.700,16.240,-0.520,-0.285,-0.026,0.957,0.252,-2.908,-0.838,0.000,0.000,1.592,0.030,2,NULL,NULL,,1,0,1,7,255,,250,0,0
stim,13679,13679,0,405634.420,0.772,-0.210,-0.027,0.599,3159,0,0,0,0,10,0,119,20,0.031,96,0,16.471,2.920,2.700,16.240,-0.520,-0.285,-0.028,0.957,0.238,-2.910,-0.836,0.000,0.000,1.592,0.030,2,NULL,NULL,,1,0,1,7,255,,250,0,0
stim,13679,13679,0,405639.420,0.772,-0.210,-0.027,0.599,3163,0,0,0,0,17,0,122,20,0.031,96,0,16.529,2.914,2.700,16.300,-0.460,-0.285,-0.028,0.956,0.222,-2.906,-0.838,0.000,0.000,1.592,0.030,2,NULL,NULL,,1,0,1,7,255,,250,0,0
stim,13679,13679,0,405644.420,0.772,-0.210,-0.027,0.599,3157,0,0,0,0,11,0,119,20,0.031,96,0,16.547,2.916,2.820,16.300,-0.400,-0.285,-0.026,0.957,0.222,-2.908,-0.836,0.000,0.000,1.592,0.030,2,NULL,NULL,,1,0,1,7,255,,250,0,0
stim,13679,13679,0,405649.420,0.772,-0.210,-0.027,0.599,3149,0,0,0,0,11,0,121,20,0.031,96,0,16.606,2.918,2.820,16.360,-0.400,-0.283,-0.025,0.958,0.240,-2.908,-0.840,0.000,0.000,1.592,0.030,2,NULL,NULL,,1,0,1,7,255,,250,0,0
stim,13695,13695,0,405654.420,0.772,-0.210,-0.027,0.599,3149,0,0,0,0,12,0,120,20,0.031,96,0,16.469,2.928,2.700,16.240,-0.460,-0.284,-0.027,0.958,0.240,-2.918,-0.836,0.000,0.000,1.592,0.030,2,NULL,NULL,,1,0,1,7,255,,250,0,0
stim,13695,13695,0,405659.420,0.772,-0.210,-0.027,0.599,3159,0,0,0,0,12,0,119,20,0.031,96,0,16.458,2.929,2.640,16.240,-0.400,-0.284,-0.028,0.957,0.232,-2.920,-0.840,0.000,0.000,1.592,0.030,2,NULL,NULL,,1,0,1,7,255,,250,0,0
stim,13695,13695,0,405664.422,0.772,-0.210,-0.027,0.599,3153,0,0,0,0,11,0,119,20,0.031,96,0,16.526,2.930,2.700,16.300,-0.340,-0.283,-0.028,0.956,0.218,-2.922,-0.846,0.000,0.000,1.592,0.030,2,NULL,NULL,,1,0,1,7,255,,250,0,0
stim,13711,13711,0,405669.420,0.772,-0.210,-0.027,0.599,3153,0,0,0,0,12,0,119,20,0.031,96,0,16.556,2.930,2.880,16.300,-0.340,-0.285,-0.028,0.957,0.218,-2.922,-0.846,0.000,0.000,1.592,0.030,2,NULL,NULL,,1,0,1,7,255,,250,0,0
stim,13711,13711,0,405674.420,0.772,-0.210,-0.026,0.599,3151,0,0,0,0,10,0,120,20,0.031,96,0,16.579,2.918,3.000,16.300,-0.400,-0.285,-0.027,0.957,0.218,-2.910,-0.838,0.000,0.000,1.592,0.030,2,NULL,NULL,,1,0,1,7,255,,250,0,0
stim,13711,13711,0,405679.420,0.772,-0.210,-0.026,0.599,3163,0,0,0,0,19,0,120,20,0.031,96,0,16.536,2.918,2.760,16.300,-0.340,-0.284,-0.027,0.957,0.222,-2.910,-0.838,0.000,0.000,1.592,0.030,2,NULL,NULL,,1,0,1,7,255,,250,0,0
stim,13711,13711,0,405684.420,0.772,-0.210,-0.026,0.599,3145,0,0,0,0,9,0,121,20,0.031,96,0,16.594,2.929,2.760,16.360,-0.280,-0.283,-0.026,0.957,0.226,-2.920,-0.842,0.000,0.000,1.592,0.030,2,NULL,NULL,,1,0,1,7,255,,250,0,0
stim,13711,13711,0,405689.420,0.772,-0.210,-0.026,0.599,3191,0,0,0,0,11,0,125,20,0.031,96,0,16.533,2.929,2.760,16.300,-0.220,-0.284,-0.027,0.956,0.228,-2.920,-0.844,0.000,0.000,1.592,0.030,2,NULL,NULL,,1,0,1,7,255,,250,0,0
stim,13711,13711,0,405694.420,0.772,-0.210,-0.026,0.599,3149,0,0,0,0,12,0,122,20,0.031,96,0,16.594,2.923,2.760,16.360,-0.280,-0.284,-0.026,0.956,0.232,-2.914,-0.850,0.000,0.000,1.592,0.030,2,NULL,NULL,,1,0,1,7,255,,250,0,0
stim,13711,13711,0,405699.420,0.772,-0.210,-0.026,0.600,3151,0,0,0,0,11,0,123,20,0.031,96,0,16.555,2.923,2.880,16.300,-0.280,-0.284,-0.027,0.958,0.228,-2.914,-0.850,0.000,0.000,1.592,0.030,2,NULL,NULL,,1,0,1,7,255,,250,0,0
stim,13727,13727,0,405704.420,0.772,-0.210,-0.026,0.600,3156,0,0,0,0,13,0,125,20,0.031,96,0,16.604,2.927,2.820,16.360,-0.280,-0.284,-0.027,0.957,0.228,-2.918,-0.842,0.000,0.000,1.592,0.030,2,NULL,NULL,,1,0,1,7,255,,250,0,0
stim,13727,13727,0,405709.420,0.772,-0.210,-0.026,0.600,3151,0,0,0,0,9,0,125,20,0.031,96,0,16.592,2.927,2.760,16.360,-0.160,-0.284,-0.027,0.957,0.228,-2.918,-0.842,0.000,0.000,1.592,0.030,2,NULL,NULL,,1,0,1,7,255,,250,0,0
stim,13743,13743,0,405714.422,0.772,-0.210,-0.026,0.600,3150,0,0,0,0,11,0,123,20,0.031,96,0,16.592,2.927,2.760,16.360,-0.160,-0.284,-0.026,0.957,0.228,-2.918,-0.846,0.000,0.000,1.592,0.030,2,NULL,NULL,,1,0,1,7,255,,250,0,0
stim,13775,13775,0,405719.420,0.772,-0.210,-0.026,0.600,3153,0,0,0,0,12,0,123,20,0.031,96,0,16.533,2.927,2.760,16.300,-0.160,-0.284,-0.028,0.957,0.228,-2.918,-0.846,0.000,0.000,1.592,0.030,2,NULL,NULL,,1,0,1,7,255,,250,0,0
stim,13775,13775,0,405724.420,0.772,-0.210,-0.026,0.600,3148,0,0,0,0,13,0,121,20,0.031,96,0,16.543,2.925,2.820,16.300,-0.160,-0.285,-0.027,0.957,0.224,-2.916,-0.842,0.000,0.000,1.592,0.030,2,NULL,NULL,,1,0,1,7,255,,250,0,0
stim,13775,13775,0,405729.421,0.772,-0.210,-0.026,0.600,3149,0,0,0,0,11,0,121,20,0.031,96,0,16.602,2.921,2.820,16.360,-0.160,-0.285,-0.027,0.957,0.224,-2.912,-0.840,0.000,0.000,1.592,0.030,2,NULL,NULL,,1,0,1,7,255,,250,0,0
stim,13775,13775,0,405734.420,0.772,-0.210,-0.026,0.600,3163,0,0,0,0,11,0,121,20,0.031,96,0,16.612,2.921,2.880,16.360,-0.160,-0.284,-0.026,0.957,0.224,-2.912,-0.840,0.000,0.000,1.592,0.030,2,NULL,NULL,,1,0,1,7,255,,250,0,0
stim,13775,13775,0,405739.420,0.772,-0.210,-0.026,0.600,3154,0,0,0,0,10,0,123,20,0.031,96,0,16.532,2.919,2.760,16.300,-0.100,-0.285,-0.026,0.957,0.230,-2.910,-0.840,0.000,0.000,1.592,0.030,2,NULL,NULL,,1,0,1,7,255,,250,0,0
stim,13775,13775,0,405744.420,0.772,-0.210,-0.026,0.600,3153,0,0,0,0,11,0,121,20,0.031,96,0,16.542,2.919,2.820,16.300,-0.040,-0.285,-0.026,0.957,0.230,-2.910,-0.840,0.000,0.000,1.592,0.030,2,NULL,NULL,,1,0,1,7,255,,250,0,0
stim,13775,13775,0,405749.420,0.772,-0.210,-0.026,0.600,3151,0,0,0,0,11,0,123,20,0.031,96,0,16.553,2.919,2.880,16.300,-0.040,-0.285,-0.027,0.957,0.226,-2.910,-0.840,0.000,0.000,1.592,0.030,2,NULL,NULL,,1,0,1,7,255,,250,0,0
stim,13791,13791,0,405754.420,0.772,-0.210,-0.026,0.600,3168,0,0,0,0,12,0,125,20,0.031,96,0,16.542,2.923,2.820,16.300,-0.100,-0.285,-0.026,0.958,0.226,-2.914,-0.836,0.000,0.000,1.592,0.030,2,NULL,NULL,,1,0,1,7,255,,250,0,0
stim,13791,13791,0,405759.420,0.772,-0.210,-0.026,0.600,3150,0,0,0,0,12,0,123,20,0.031,96,0,16.553,2.923,2.880,16.300,-0.100,-0.286,-0.026,0.958,0.224,-2.914,-0.832,0.000,0.000,1.592,0.030,2,NULL,NULL,,1,0,1,7,255,,250,0,0
stim,13791,13791,0,405764.422,0.772,-0.210,-0.026,0.600,3151,0,0,0,0,19,0,120,20,0.031,96,0,16.494,2.915,2.880,16.240,-0.160,-0.286,-0.026,0.958,0.228,-2.906,-0.824,0.000,0.000,1.592,0.030,2,NULL,NULL,,1,0,1,7,255,,250,0,0
stim,13791,13791,0,405769.420,0.772,-0.210,-0.026,0.600,3149,0,0,0,0,11,0,121,20,0.031,96,0,16.484,2.913,2.820,16.240,-0.160,-0.285,-0.025,0.957,0.228,-2.904,-0.824,0.000,0.000,1.592,0.030,2,NULL,NULL,,1,0,1,7,255,,250,0,0
stim,13791,13791,0,405774.420,0.772,-0.210,-0.026,0.600,3160,0,0,0,0,12,0,122,20,0.031,96,0,16.553,2.913,2.880,16.300,-0.160,-0.284,-0.027,0.957,0.228,-2.904,-0.840,0.000,0.000,1.592,0.030,2,NULL,NULL,,1,0,1,7,255,,250,0,0
stim,13807,13807,0,405779.420,0.772,-0.210,-0.026,0.600,3150,0,0,0,0,10,0,121,20,0.031,96,0,16.494,2.925,2.880,16.240,-0.160,-0.284,-0.026,0.958,0.232,-2.916,-0.840,0.000,0.000,1.592,0.030,2,NULL,NULL,,1,0,1,7,255,,250,0,0
stim,13807,13807,0,405784.420,0.771,-0.210,-0.026,0.600,3149,0,0,0,0,11,0,121,20,0.031,96,0,16.484,2.925,2.820,16.240,-0.160,-0.284,-0.025,0.958,0.232,-2.916,-0.838,0.000,0.000,1.592,0.030,2,NULL,NULL,,1,0,1,7,255,,250,0,0
stim,13807,13807,0,405789.420,0.771,-0.211,-0.026,0.600,3150,0,0,0,0,11,0,119,20,0.031,96,0,16.543,2.925,2.820,16.300,-0.160,-0.285,-0.027,0.957,0.232,-2.916,-0.838,0.000,0.000,1.592,0.030,2,NULL,NULL,,1,0,1,7,255,,250,0,0
stim,13824,13824,0,405794.420,0.771,-0.211,-0.026,0.600,3163,0,0,0,0,11,0,121,20,0.031,96,0,16.464,2.925,2.700,16.240,-0.220,-0.284,-0.026,0.958,0.230,-2.916,-0.834,0.000,0.000,1.592,0.030,2,NULL,NULL,,1,0,1,7,255,,250,0,0
stim,13824,13824,0,405799.420,0.771,-0.211,-0.026,0.600,3155,0,0,0,0,13,0,121,20,0.031,96,0,16.524,2.921,2.700,16.300,-0.220,-0.284,-0.026,0.956,0.224,-2.912,-0.840,0.000,0.000,1.592,0.030,2,NULL,NULL,,1,0,1,7,255,,250,0,0
stim,13824,13824,0,405804.420,0.771,-0.211,-0.026,0.600,3149,0,0,0,0,13,0,121,20,0.031,96,0,16.533,2.923,2.760,16.300,-0.220,-0.283,-0.026,0.955,0.224,-2.914,-0.846,0.000,0.000,1.592,0.030,2,NULL,NULL,,1,0,1,7,255,,250,0,0
stim,13824,13824,0,405809.420,0.771,-0.211,-0.026,0.600,3179,0,0,0,0,11,0,119,20,0.031,96,0,16.474,2.923,2.760,16.240,-0.160,-0.283,-0.028,0.958,0.224,-2.914,-0.846,0.000,0.000,1.592,0.030,2,NULL,NULL,,1,0,1,7,255,,250,0,0
stim,13839,13839,0,405814.422,0.771,-0.211,-0.026,0.600,3151,0,0,0,0,16,0,120,20,0.031,96,0,16.474,2.926,2.760,16.240,-0.160,-0.284,-0.028,0.957,0.214,-2.918,-0.842,0.000,0.000,1.592,0.030,2,NULL,NULL,,1,0,1,7,255,,250,0,0
stim,13871,13871,0,405819.420,0.771,-0.211,-0.026,0.600,3171,0,0,0,0,12,0,122,20,0.031,96,0,16.483,2.926,2.820,16.240,-0.100,-0.284,-0.026,0.957,0.214,-2.918,-0.840,0.000,0.000,1.592,0.030,2,NULL,NULL,,1,0,1,7,255,,250,0,0
stim,13871,13871,0,405824.420,0.771,-0.211,-0.026,0.600,3151,0,0,0,0,10,0,121,20,0.031,96,0,16.473,2.927,2.760,16.240,-0.100,-0.284,-0.026,0.958,0.224,-2.918,-0.838,0.000,0.000,1.592,0.030,2,NULL,NULL,,1,0,1,7,255,,250,0,0
stim,13871,13871,0,405829.422,0.771,-0.211,-0.026,0.600,3151,0,0,0,0,11,0,121,20,0.031,96,0,16.542,2.925,2.820,16.300,-0.100,-0.285,-0.026,0.957,0.224,-2.916,-0.838,0.000,0.000,1.592,0.030,2,NULL,NULL,,1,0,1,7,255,,250,0,0
stim,13888,13888,0,405834.420,0.771,-0.211,-0.026,0.600,3150,0,0,0,0,12,0,122,20,0.031,96,0,16.483,2.918,2.820,16.240,-0.100,-0.286,-0.026,0.957,0.222,-2.910,-0.834,0.000,0.000,1.592,0.030,2,NULL,NULL,,1,0,1,7,255,,250,0,0
stim,13888,13888,0,405839.420,0.771,-0.211,-0.026,0.600,3156,0,0,0,0,13,0,123,20,0.031,96,0,16.483,2.918,2.820,16.240,-0.100,-0.285,-0.026,0.958,0.220,-2.910,-0.834,0.000,0.000,1.592,0.030,2,NULL,NULL,,1,0,1,7,255,,250,0,0
stim,13888,13888,0,405844.420,0.771,-0.211,-0.026,0.600,3148,0,0,0,0,12,0,135,20,0.031,96,0,16.495,2.918,2.880,16.240,-0.220,-0.285,-0.025,0.958,0.222,-2.910,-0.830,0.000,0.000,1.592,0.030,2,NULL,NULL,,1,0,1,7,255,,250,0,0
stim,13888,13888,0,405849.420,0.771,-0.211,-0.026,0.600,3173,0,0,0,0,9,0,121,20,0.031,96,0,16.474,2.919,2.760,16.240,-0.160,-0.285,-0.025,0.957,0.228,-2.910,-0.830,0.000,0.000,1.592,0.030,2,NULL,NULL,,1,0,1,7,255,,250,0,0
stim,13888,13888,0,405854.420,0.771,-0.211,-0.026,0.600,3177,0,0,0,0,13,0,123,20,0.031,96,0,16.424,2.923,2.820,16.180,-0.100,-0.284,-0.025,0.957,0.232,-2.914,-0.836,0.000,0.000,1.592,0.030,2,NULL,NULL,,1,0,1,7,255,,250,0,0
stim,13888,13888,0,405859.420,0.771,-0.211,-0.026,0.600,3149,0,0,0,0,11,0,121,20,0.031,96,0,16.424,2.919,2.820,16.180,-0.100,-0.286,-0.023,0.958,0.232,-2.910,-0.836,0.000,0.000,1.592,0.030,2,NULL,NULL,,1,0,1,7,255,,250,0,0
stim,13905,13905,0,405864.422,0.771,-0.211,-0.026,0.600,3147,0,0,0,0,13,0,123,20,0.031,96,0,16.485,2.914,2.820,16.240,-0.280,-0.285,-0.024,0.958,0.236,-2.904,-0.828,0.000,0.000,1.592,0.030,2,NULL,NULL,,1,0,1,7,255,,250,0,0
stim,13905,13905,0,405869.420,0.771,-0.211,-0.026,0.600,3149,0,0,0,0,11,0,121,20,0.031,96,0,16.478,2.914,2.760,16.240,-0.400,-0.284,-0.026,0.957,0.236,-2.904,-0.828,0.000,0.000,1.592,0.030,2,NULL,NULL,,1,0,1,7,255,,250,0,0
stim,13905,13905,0,405874.420,0.771,-0.211,-0.026,0.600,3151,0,0,0,0,11,0,122,20,0.031,96,0,16.465,2.923,2.700,16.240,-0.280,-0.283,-0.026,0.957,0.226,-2.914,-0.842,0.000,0.000,1.592,0.030,2,NULL,NULL,,1,0,1,7,255,,250,0,0
stim,13905,13905,0,405879.420,0.771,-0.211,-0.026,0.600,3181,0,0,0,0,10,0,125,20,0.031,96,0,16.474,2.922,2.760,16.240,-0.220,-0.284,-0.026,0.956,0.218,-2.914,-0.844,0.000,0.000,1.592,0.030,2,NULL,NULL,,1,0,1,7,255,,250,0,0
stim,13905,13905,0,405884.420,0.771,-0.211,-0.026,0.600,3149,0,0,0,0,11,0,123,20,0.031,96,0,16.543,2.925,2.820,16.300,-0.160,-0.284,-0.025,0.957,0.226,-2.916,-0.844,0.000,0.000,1.592,0.030,2,NULL,NULL,,1,0,1,7,255,,250,0,0
stim,13905,13905,0,405889.420,0.771,-0.211,-0.026,0.600,3151,0,0,0,0,11,0,121,20,0.031,96,0,16.484,2.924,2.820,16.240,-0.160,-0.284,-0.026,0.957,0.218,-2.916,-0.844,0.000,0.000,1.592,0.030,2,NULL,NULL,,1,0,1,7,255,,250,0,0
stim,13919,13919,0,405894.420,0.771,-0.211,-0.026,0.600,3149,0,0,0,0,12,0,121,20,0.031,96,0,16.484,2.926,2.820,16.240,-0.220,-0.283,-0.027,0.958,0.218,-2.918,-0.840,0.000,0.000,1.592,0.030,2,NULL,NULL,,1,0,1,7,255,,250,0,0
stim,13919,13919,0,405899.420,0.771,-0.211,-0.026,0.600,3163,0,0,0,0,11,0,122,20,0.031,96,0,16.464,2.926,2.700,16.240,-0.160,-0.284,-0.025,0.956,0.218,-2.918,-0.844,0.000,0.000,1.592,0.030,2,NULL,NULL,,1,0,1,7,255,,250,0,0
stim,13919,13919,0,405904.420,0.771,-0.211,-0.026,0.600,3144,0,0,0,0,12,0,123,20,0.031,96,0,16.473,2.922,2.760,16.240,-0.040,-0.284,-0.026,0.956,0.222,-2.914,-0.846,0.000,0.000,1.592,0.030,2,NULL,NULL,,1,0,1,7,255,,250,0,0
stim,13919,13919,0,405909.420,0.771,-0.211,-0.026,0.600,3156,0,0,0,0,12,0,125,20,0.031,96,0,16.424,2.919,2.820,16.180,-0.040,-0.284,-0.025,0.957,0.224,-2.910,-0.846,0.000,0.000,1.592,0.030,2,NULL,NULL,,1,0,1,7,255,,250,0,0
stim,13971,13971,0,405914.422,0.771,-0.211,-0.026,0.600,3147,0,0,0,0,16,0,121,20,0.031,96,0,16.533,2.919,2.760,16.300,-0.160,-0.286,-0.024,0.958,0.224,-2.910,-0.842,0.000,0.000,1.592,0.030,2,NULL,NULL,,1,0,1,7,255,,250,0,0
stim,13983,13983,0,405919.420,0.771,-0.211,-0.026,0.600,3163,0,0,0,0,16,0,133,20,0.031,96,0,16.533,2.915,2.760,16.300,-0.160,-0.285,-0.025,0.957,0.228,-2.906,-0.840,0.000,0.000,1.592,0.030,2,NULL,NULL,,1,0,1,7,255,,250,0,0
stim,13983,13983,0,405924.420,0.771,-0.211,-0.026,0.600,3193,0,0,0,0,10,0,123,20,0.031,96,0,16.603,2.915,2.820,16.360,-0.220,-0.284,-0.025,0.958,0.230,-2.906,-0.834,0.000,0.000,1.592,0.030,2,NULL,NULL,,1,0,1,7,255,,250,0,0
stim,13983,13983,0,405929.422,0.771,-0.211,-0.026,0.600,3156,0,0,0,0,12,0,123,20,0.031,96,0,16.484,2.919,2.820,16.240,-0.160,-0.284,-0.026,0.956,0.228,-2.910,-0.840,0.000,0.000,1.592,0.030,2,NULL,NULL,,1,0,1,7,255,,250,0,0
stim,13983,13983,0,405934.420,0.771,-0.211,-0.026,0.600,3148,0,0,0,0,13,0,119,20,0.031,96,0,16.483,2.922,2.820,16.240,-0.100,-0.283,-0.026,0.957,0.218,-2.914,-0.846,0.000,0.000,1.592,0.030,2,NULL,NULL,,1,0,1,7,255,,250,0,0
stim,13983,13983,0,405939.420,0.771,-0.211,-0.026,0.600,3148,0,0,0,0,11,0,123,20,0.031,96,0,16.553,2.930,2.880,16.300,-0.100,-0.283,-0.025,0.958,0.218,-2.922,-0.846,0.000,0.000,1.592,0.030,2,NULL,NULL,,1,0,1,7,255,,250,0,0
stim,13983,13983,0,405944.420,0.771,-0.211,-0.026,0.600,3154,0,0,0,0,16,0,119,20,0.031,96,0,16.484,2.930,2.820,16.240,-0.160,-0.284,-0.026,0.957,0.220,-2.922,-0.840,0.000,0.000,1.592,0.030,2,NULL,NULL,,1,0,1,7,255,,250,0,0
stim,13983,13983,0,405949.420,0.771,-0.211,-0.026,0.600,3162,0,0,0,0,16,0,123,20,0.031,96,0,16.533,2.926,2.760,16.300,-0.160,-0.284,-0.026,0.957,0.220,-2.918,-0.840,0.000,0.000,1.592,0.030,2,NULL,NULL,,1,0,1,7,255,,250,0,0
stim,14000,14000,0,405954.420,0.771,-0.211,-0.026,0.600,3175,0,0,0,0,10,0,120,20,0.031,96,0,16.484,2.926,2.820,16.240,-0.220,-0.283,-0.027,0.958,0.214,-2.918,-0.840,0.000,0.000,1.592,0.030,2,NULL,NULL,,1,0,1,7,255,,250,0,0
stim,14000,14000,0,405959.420,0.771,-0.211,-0.026,0.600,3155,0,0,0,0,16,0,122,20,0.031,96,0,16.474,2.930,2.760,16.240,-0.160,-0.283,-0.026,0.956,0.214,-2.922,-0.844,0.000,0.000,1.592,0.030,2,NULL,NULL,,1,0,1,7,255,,250,0,0
stim,14000,14000,0,405964.422,0.771,-0.211,-0.026,0.601,3149,0,0,0,0,11,0,121,20,0.031,96,0,16.484,2.930,2.820,16.240,-0.160,-0.284,-0.026,0.957,0.216,-2.922,-0.840,0.000,0.000,1.592,0.030,2,NULL,NULL,,1,0,1,7,255,,250,0,0
stim,14000,14000,0,405969.420,0.771,-0.211,-0.026,0.601,3153,0,0,0,0,11,0,120,20,0.031,96,0,16.484,2.922,2.820,16.240,-0.220,-0.284,-0.025,0.957,0.216,-2.914,-0.838,0.000,0.000,1.592,0.030,2,NULL,NULL,,1,0,1,7,255,,250,0,0
stim,14000,14000,0,405974.422,0.771,-0.211,-0.026,0.601,3144,0,0,0,0,11,0,125,20,0.031,96,0,16.425,2.922,2.820,16.180,-0.220,-0.284,-0.025,0.957,0.220,-2.914,-0.838,0.000,0.000,1.592,0.030,2,NULL,NULL,,1,0,1,7,255,,250,0,0
stim,14000,14000,0,405979.420,0.771,-0.211,-0.026,0.601,3183,0,0,0,0,20,0,135,20,0.031,96,0,16.484,2.922,2.820,16.240,-0.220,-0.284,-0.024,0.956,0.222,-2.914,-0.838,0.000,0.000,1.592,0.030,2,NULL,NULL,,1,0,1,7,255,,250,0,0
stim,14002,14002,0,405984.420,0.771,-0.211,-0.026,0.601,3149,0,0,0,0,11,0,136,20,0.031,96,0,16.533,2.922,2.760,16.300,-0.220,-0.284,-0.026,0.957,0.220,-2.914,-0.844,0.000,0.000,1.592,0.030,2,NULL,NULL,,1,0,1,7,255,,250,0,0
stim,14002,14002,0,405989.421,0.771,-0.211,-0.026,0.601,3163,0,0,0,0,9,0,119,20,0.031,96,0,16.474,2.920,2.760,16.240,-0.220,-0.284,-0.026,0.957,0.216,-2.912,-0.844,0.000,0.000,1.592,0.030,2,NULL,NULL,,1,0,1,7,255,,250,0,0
stim,14023,14023,0,405994.420,0.771,-0.211,-0.026,0.601,3149,0,0,0,0,10,0,121,20,0.031,96,0,16.544,2.922,2.820,16.300,-0.220,-0.284,-0.026,0.957,0.214,-2.914,-0.842,0.000,0.000,1.592,0.030,2,NULL,NULL,,1,0,1,7,255,,250,0,0
stim,14023,14023,0,405999.420,0.771,-0.211,-0.026,0.601,3149,0,0,0,0,11,0,121,20,0.031,96,0,16.534,2.920,2.760,16.300,-0.280,-0.284,-0.025,0.957,0.214,-2.912,-0.842,0.000,0.000,1.592,0.030,2,NULL,NULL,,1,0,1,7,255,,250,0,0
stim,14023,14023,0,406004.420,0.771,-0.211,-0.026,0.601,3155,0,0,0,0,12,0,123,20,0.031,96,0,16.465,2.920,2.700,16.240,-0.280,-0.284,-0.025,0.956,0.218,-2.912,-0.842,0.000,0.000,1.592,0.030,2,NULL,NULL,,1,0,1,7,255,,250,0,0
stim,14023,14023,0,406009.420,0.771,-0.211,-0.026,0.601,3173,0,0,0,0,18,0,128,20,0.031,96,0,16.474,2.920,2.760,16.240,-0.220,-0.284,-0.024,0.958,0.218,-2.912,-0.842,0.000,0.000,1.592,0.030,2,NULL,NULL,,1,0,1,7,255,,250,0,0
stim,14034,14034,0,406014.421,0.771,-0.211,-0.026,0.601,3153,0,0,0,0,16,0,123,20,0.031,96,0,16.475,2.920,2.760,16.240,-0.280,-0.285,-0.025,0.958,0.218,-2.912,-0.832,0.000,0.000,1.592,0.030,2,NULL,NULL,,1,0,1,7,255,,250,0,0
stim,14071,14071,0,406019.420,0.771,-0.211,-0.025,0.601,3149,0,0,0,0,12,0,122,20,0.031,96,0,16.466,2.920,2.700,16.240,-0.340,-0.285,-0.025,0.958,0.218,-2.912,-0.832,0.000,0.000,1.592,0.030,2,NULL,NULL,,1,0,1,7,255,,250,0,0
stim,14071,14071,0,406024.421,0.771,-0.211,-0.025,0.601,3149,0,0,0,0,11,0,121,20,0.031,96,0,16.516,2.920,2.640,16.300,-0.340,-0.284,-0.026,0.957,0.216,-2.912,-0.832,0.000,0.000,1.592,0.030,2,NULL,NULL,,1,0,1,7,255,,250,0,0
stim,14071,14071,0,406029.422,0.771,-0.211,-0.025,0.601,3150,0,0,0,0,11,0,121,20,0.031,96,0,16.527,2.924,2.700,16.300,-0.400,-0.284,-0.025,0.958,0.218,-2.916,-0.834,0.000,0.000,1.592,0.030,2,NULL,NULL,,1,0,1,7,255,,250,0,0
stim,14081,14081,0,406034.420,0.771,-0.211,-0.025,0.601,3136,0,0,0,0,13,0,125,20,0.031,96,0,16.527,2.924,2.700,16.300,-0.400,-0.284,-0.023,0.956,0.218,-2.916,-0.838,0.000,0.000,1.592,0.030,2,NULL,NULL,,1,0,1,7,255,,250,0,0
stim,14081,14081,0,406039.420,0.771,-0.211,-0.025,0.601,3165,0,0,0,0,12,0,131,20,0.031,96,0,16.527,2.920,2.700,16.300,-0.400,-0.284,-0.025,0.957,0.222,-2.912,-0.838,0.000,0.000,1.592,0.030,2,NULL,NULL,,1,0,1,7,255,,250,0,0
stim,14081,14081,0,406044.420,0.771,-0.211,-0.025,0.601,3146,0,0,0,0,12,0,123,20,0.031,96,0,16.519,2.921,2.640,16.300,-0.460,-0.284,-0.025,0.958,0.224,-2.912,-0.838,0.000,0.000,1.592,0.030,2,NULL,NULL,,1,0,1,7,255,,250,0,0
stim,14081,14081,0,406049.420,0.771,-0.211,-0.025,0.601,3155,0,0,0,0,11,0,125,20,0.031,96,0,16.530,2.924,2.700,16.300,-0.520,-0.284,-0.026,0.957,0.222,-2.916,-0.838,0.000,0.000,1.592,0.030,2,NULL,NULL,,1,0,1,7,255,,250,0,0
stim,14081,14081,0,406054.420,0.771,-0.211,-0.025,0.601,3165,0,0,0,0,18,0,125,20,0.031,96,0,16.580,2.926,2.640,16.360,-0.520,-0.284,-0.025,0.958,0.222,-2.918,-0.836,0.000,0.000,1.592,0.030,2,NULL,NULL,,1,0,1,7,255,,250,0,0
stim,14081,14081,0,406059.420,0.771,-0.211,-0.025,0.601,3149,0,0,0,0,13,0,122,20,0.031,96,0,16.570,2.924,2.580,16.360,-0.520,-0.284,-0.025,0.957,0.216,-2.916,-0.844,0.000,0.000,1.592,0.030,2,NULL,NULL,,1,0,1,7,255,,250,0,0
stim,14095,14095,0,406064.422,0.771,-0.211,-0.025,0.601,3151,0,0,0,0,16,0,123,20,0.031,96,0,16.519,2.926,2.640,16.300,-0.460,-0.283,-0.026,0.957,0.216,-2.918,-0.844,0.000,0.000,1.592,0.030,2,NULL,NULL,,1,0,1,7,255,,250,0,0
stim,14095,14095,0,406069.420,0.771,-0.211,-0.025,0.601,3150,0,0,0,0,13,0,123,20,0.031,96,0,16.578,2.923,2.640,16.360,-0.460,-0.285,-0.026,0.956,0.208,-2.916,-0.844,0.000,0.000,1.592,0.030,2,NULL,NULL,,1,0,1,7,255,,250,0,0
stim,14095,14095,0,406074.420,0.771,-0.211,-0.025,0.601,3153,0,0,0,0,12,0,122,20,0.031,96,0,16.569,2.917,2.580,16.360,-0.460,-0.285,-0.025,0.957,0.208,-2.910,-0.840,0.000,0.000,1.592,0.030,2,NULL,NULL,,1,0,1,7,255,,250,0,0
stim,14095,14095,0,406079.420,0.771,-0.211,-0.025,0.601,3148,0,0,0,0,14,0,123,20,0.031,96,0,16.582,2.918,2.640,16.360,-0.580,-0.283,-0.025,0.958,0.214,-2.910,-0.836,0.000,0.000,1.592,0.030,2,NULL,NULL,,1,0,1,7,255,,250,0,0
stim,14111,14111,0,406084.420,0.771,-0.211,-0.025,0.601,3183,0,0,0,0,12,0,131,20,0.031,96,0,16.570,2.934,2.580,16.360,-0.520,-0.283,-0.025,0.957,0.220,-2.926,-0.836,0.000,0.000,1.592,0.030,2,NULL,NULL,,1,0,1,7,255,,250,0,0
stim,14111,14111,0,406089.420,0.771,-0.211,-0.025,0.601,3148,0,0,0,0,11,0,123,20,0.031,96,0,16.569,2.934,2.580,16.360,-0.460,-0.283,-0.025,0.957,0.220,-2.926,-0.846,0.000,0.000,1.592,0.030,2,NULL,NULL,,1,0,1,7,255,,250,0,0
stim,14127,14127,0,406094.421,0.771,-0.211,-0.025,0.601,3146,0,0,0,0,11,0,121,20,0.031,96,0,16.567,2.934,2.580,16.360,-0.400,-0.283,-0.025,0.958,0.218,-2.926,-0.846,0.000,0.000,1.592,0.030,2,NULL,NULL,,1,0,1,7,255,,250,0,0
stim,14127,14127,0,406099.420,0.771,-0.211,-0.025,0.601,3157,0,0,0,0,11,0,120,20,0.031,96,0,16.559,2.928,2.520,16.360,-0.460,-0.284,-0.025,0.957,0.216,-2.920,-0.840,0.000,0.000,1.592,0.030,2,NULL,NULL,,1,0,1,7,255,,250,0,0
stim,14127,14127,0,406104.420,0.770,-0.211,-0.025,0.601,3155,0,0,0,0,16,0,122,20,0.031,96,0,16.580,2.926,2.640,16.360,-0.520,-0.284,-0.026,0.957,0.216,-2.918,-0.840,0.000,0.000,1.592,0.030,2,NULL,NULL,,1,0,1,7,255,,250,0,0
stim,14127,14127,0,406109.420,0.770,-0.211,-0.025,0.601,3171,0,0,0,0,12,0,123,20,0.031,96,0,16.559,2.926,2.520,16.360,-0.460,-0.283,-0.025,0.957,0.216,-2.918,-0.842,0.000,0.000,1.592,0.030,2,NULL,NULL,,1,0,1,7,255,,250,0,0
stim,14143,14143,0,406114.422,0.770,-0.211,-0.025,0.601,3153,0,0,0,0,13,0,120,20,0.031,96,0,16.578,2.926,2.640,16.360,-0.460,-0.284,-0.025,0.957,0.216,-2.918,-0.842,0.000,0.000,1.592,0.030,2,NULL,NULL,,1,0,1,7,255,,250,0,0
stim,14159,14159,0,406119.420,0.770,-0.211,-0.025,0.601,3149,0,0,0,0,11,0,133,20,0.031,96,0,16.578,2.926,2.640,16.360,-0.460,-0.284,-0.026,0.956,0.216,-2.918,-0.842,0.000,0.000,1.592,0.030,2,NULL,NULL,,1,0,1,7,255,,250,0,0
stim,14159,14159,0,406124.420,0.770,-0.211,-0.025,0.601,3150,0,0,0,0,11,0,123,20,0.031,96,0,16.588,2.924,2.700,16.360,-0.460,-0.284,-0.025,0.957,0.214,-2.916,-0.844,0.000,0.000,1.592,0.030,2,NULL,NULL,,1,0,1,7,255,,250,0,0
stim,14159,14159,0,406129.421,0.770,-0.211,-0.025,0.601,3147,0,0,0,0,17,0,126,20,0.031,96,0,16.569,2.922,2.580,16.360,-0.460,-0.284,-0.025,0.957,0.214,-2.914,-0.844,0.000,0.000,1.592,0.030,2,NULL,NULL,,1,0,1,7,255,,250,0,0
stim,14191,14191,0,406134.420,0.770,-0.211,-0.025,0.601,3147,0,0,0,0,19,0,122,20,0.031,96,0,16.567,2.922,2.580,16.360,-0.400,-0.286,-0.025,0.958,0.214,-2.914,-0.838,0.000,0.000,1.592,0.030,2,NULL,NULL,,1,0,1,7,255,,250,0,0
stim,14191,14191,0,406139.421,0.770,-0.211,-0.025,0.601,3155,0,0,0,0,13,0,123,20,0.031,96,0,16.657,2.918,2.640,16.440,-0.460,-0.285,-0.026,0.957,0.214,-2.910,-0.838,0.000,0.000,1.592,0.030,2,NULL,NULL,,1,0,1,7,255,,250,0,0
stim,14191,14191,0,406144.420,0.770,-0.211,-0.025,0.601,3149,0,0,0,0,18,0,125,20,0.031,96,0,16.578,2.917,2.640,16.360,-0.460,-0.284,-0.026,0.957,0.206,-2.910,-0.838,0.000,0.000,1.592,0.030,2,NULL,NULL,,1,0,1,7,255,,250,0,0
stim,14191,14191,0,406149.420,0.770,-0.211,-0.025,0.601,3148,0,0,0,0,13,0,124,20,0.031,96,0,16.578,2.925,2.640,16.360,-0.460,-0.283,-0.025,0.957,0.206,-2.918,-0.840,0.000,0.000,1.592,0.030,2,NULL,NULL,,1,0,1,7,255,,250,0,0
stim,14191,14191,0,406154.420,0.770,-0.211,-0.025,0.601,3149,0,0,0,0,17,0,124,20,0.031,96,0,16.578,2.926,2.640,16.360,-0.460,-0.284,-0.024,0.956,0.216,-2.918,-0.844,0.000,0.000,1.592,0.030,2,NULL,NULL,,1,0,1,7,255,,250,0,0
stim,14191,14191,0,406159.420,0.770,-0.211,-0.025,0.601,3148,0,0,0,0,14,0,121,20,0.031,96,0,16.578,2.928,2.640,16.360,-0.460,-0.284,-0.025,0.957,0.216,-2.920,-0.844,0.000,0.000,1.592,0.030,2,NULL,NULL,,1,0,1,7,255,,250,0,0
stim,14191,14191,0,406164.421,0.770,-0.211,-0.025,0.601,3149,0,0,0,0,17,0,128,20,0.031,96,0,16.576,2.920,2.640,16.360,-0.400,-0.284,-0.025,0.957,0.216,-2.912,-0.842,0.000,0.000,1.592,0.030,2,NULL,NULL,,1,0,1,7,255,,250,0,0
stim,14191,14191,0,406169.420,0.770,-0.211,-0.025,0.601,3147,0,0,0,0,12,0,123,20,0.031,96,0,16.519,2.920,2.640,16.300,-0.460,-0.284,-0.025,0.956,0.214,-2.912,-0.842,0.000,0.000,1.592,0.030,2,NULL,NULL,,1,0,1,7,255,,250,0,0
stim,14207,14207,0,406174.421,0.770,-0.211,-0.025,0.601,3148,0,0,0,0,13,0,123,20,0.031,96,0,16.576,2.920,2.640,16.360,-0.400,-0.284,-0.025,0.957,0.212,-2.912,-0.844,0.000,0.000,1.592,0.030,2,NULL,NULL,,1,0,1,7,255,,250,0,0
stim,14207,14207,0,406179.420,0.770,-0.211,-0.025,0.601,3193,0,0,0,0,13,0,123,20,0.031,96,0,16.586,2.924,2.700,16.360,-0.400,-0.284,-0.025,0.957,0.212,-2.916,-0.844,0.000,0.000,1.592,0.030,2,NULL,NULL,,1,0,1,7,255,,250,0,0
stim,14207,14207,0,406184.422,0.770,-0.211,-0.025,0.601,3146,0,0,0,0,11,0,123,20,0.031,96,0,16.578,2.926,2.640,16.360,-0.460,-0.284,-0.025,0.957,0.212,-2.918,-0.844,0.000,0.000,1.592,0.030,2,NULL,NULL,,1,0,1,7,255,,250,0,0
stim,14207,14207,0,406189.420,0.770,-0.211,-0.025,0.601,3149,0,0,0,0,12,0,121,20,0.031,96,0,16.567,2.924,2.580,16.360,-0.400,-0.285,-0.025,0.957,0.212,-2.916,-0.838,0.000,0.000,1.592,0.030,2,NULL,NULL,,1,0,1,7,255,,250,0,0
stim,14223,14223,0,406194.422,0.770,-0.211,-0.025,0.601,3147,0,0,0,0,11,0,123,20,0.031,96,0,16.588,2.926,2.700,16.360,-0.460,-0.283,-0.025,0.957,0.212,-2.918,-0.844,0.000,0.000,1.592,0.030,2,NULL,NULL,,1,0,1,7,255,,250,0,0
stim,14223,14223,0,406199.420,0.770,-0.211,-0.025,0.601,3153,0,0,0,0,12,0,121,20,0.031,96,0,16.517,2.928,2.640,16.300,-0.400,-0.284,-0.026,0.957,0.210,-2.920,-0.844,0.000,0.000,1.592,0.030,2,NULL,NULL,,1,0,1,7,255,,250,0,0
stim,14223,14223,0,406204.420,0.770,-0.211,-0.025,0.601,3159,0,0,0,0,16,0,121,20,0.031,96,0,16.526,2.928,2.700,16.300,-0.340,-0.284,-0.024,0.957,0.218,-2.920,-0.844,0.000,0.000,1.592,0.030,2,NULL,NULL,,1,0,1,7,255,,250,0,0
stim,14223,14223,0,406209.420,0.770,-0.211,-0.025,0.601,3162,0,0,0,0,12,0,123,20,0.031,96,0,16.516,2.924,2.640,16.300,-0.340,-0.284,-0.024,0.958,0.220,-2.916,-0.840,0.000,0.000,1.592,0.030,2,NULL,NULL,,1,0,1,7,255,,250,0,0
stim,14271,14271,0,406214.421,0.770,-0.211,-0.025,0.601,3149,0,0,0,0,18,0,127,20,0.031,96,0,16.517,2.924,2.640,16.300,-0.400,-0.284,-0.025,0.958,0.220,-2.916,-0.836,0.000,0.000,1.592,0.030,2,NULL,NULL,,1,0,1,7,255,,250,0,0
stim,14287,14287,0,406219.420,0.770,-0.211,-0.025,0.601,3149,0,0,0,0,9,0,124,20,0.031,96,0,16.588,2.926,2.700,16.360,-0.460,-0.284,-0.025,0.958,0.216,-2.918,-0.834,0.000,0.000,1.592,0.030,2,NULL,NULL,,1,0,1,7,255,,250,0,0
stim,14287,14287,0,406224.421,0.770,-0.211,-0.025,0.601,3150,0,0,0,0,12,0,121,20,0.031,96,0,16.578,2.928,2.640,16.360,-0.460,-0.283,-0.025,0.957,0.216,-2.920,-0.836,0.000,0.000,1.592,0.030,2,NULL,NULL,,1,0,1,7,255,,250,0,0
stim,14287,14287,0,406229.421,0.770,-0.211,-0.025,0.601,3151,0,0,0,0,13,0,121,20,0.031,96,0,16.576,2.926,2.640,16.360,-0.400,-0.285,-0.025,0.958,0.212,-2.918,-0.834,0.000,0.000,1.592,0.030,2,NULL,NULL,,1,0,1,7,255,,250,0,0
stim,14287,14287,0,406234.420,0.770,-0.211,-0.025,0.601,3143,0,0,0,0,12,0,125,20,0.031,96,0,16.458,2.927,2.640,16.240,-0.400,-0.284,-0.026,0.957,0.208,-2.920,-0.844,0.000,0.000,1.592,0.030,2,NULL,NULL,,1,0,1,7,255,,250,0,0
stim,14287,14287,0,406239.420,0.770,-0.211,-0.025,0.601,3149,0,0,0,0,18,0,131,20,0.031,96,0,16.569,2.925,2.580,16.360,-0.460,-0.284,-0.027,0.957,0.206,-2.918,-0.842,0.000,0.000,1.592,0.030,2,NULL,NULL,,1,0,1,7,255,,250,0,0
stim,14287,14287,0,406244.420,0.770,-0.211,-0.025,0.602,3176,0,0,0,0,12,0,125,20,0.031,96,0,16.517,2.927,2.640,16.300,-0.400,-0.283,-0.026,0.957,0.206,-2.920,-0.844,0.000,0.000,1.592,0.030,2,NULL,NULL,,1,0,1,7,255,,250,0,0
stim,14287,14287,0,406249.420,0.770,-0.211,-0.025,0.602,3160,0,0,0,0,16,0,125,20,0.031,96,0,16.517,2.925,2.640,16.300,-0.400,-0.284,-0.026,0.956,0.198,-2.918,-0.846,0.000,0.000,1.592,0.030,2,NULL,NULL,,1,0,1,7,255,,250,0,0
stim,14287,14287,0,406254.420,0.770,-0.211,-0.025,0.602,3143,0,0,0,0,17,0,124,20,0.031,96,0,16.585,2.923,2.700,16.360,-0.340,-0.285,-0.026,0.957,0.198,-2.916,-0.846,0.000,0.000,1.592,0.030,2,NULL,NULL,,1,0,1,7,255,,250,0,0
stim,14287,14287,0,406259.420,0.770,-0.211,-0.025,0.602,3155,0,0,0,0,18,0,123,20,0.031,96,0,16.524,2.923,2.700,16.300,-0.280,-0.284,-0.025,0.958,0.198,-2.916,-0.836,0.000,0.000,1.592,0.030,2,NULL,NULL,,1,0,1,7,255,,250,0,0
stim,14303,14303,0,406264.422,0.770,-0.211,-0.025,0.602,3148,0,0,0,0,16,0,123,20,0.031,96,0,16.524,2.923,2.700,16.300,-0.280,-0.284,-0.025,0.957,0.208,-2.916,-0.836,0.000,0.000,1.592,0.030,2,NULL,NULL,,1,0,1,7,255,,250,0,0
stim,14319,14319,0,406269.420,0.770,-0.211,-0.025,0.602,3148,0,0,0,0,18,0,123,20,0.031,96,0,16.586,2.921,2.700,16.360,-0.400,-0.285,-0.025,0.957,0.208,-2.914,-0.840,0.000,0.000,1.592,0.030,2,NULL,NULL,,1,0,1,7,255,,250,0,0
stim,14319,14319,0,406274.420,0.770,-0.211,-0.025,0.602,3149,0,0,0,0,19,0,127,20,0.031,96,0,16.588,2.917,2.700,16.360,-0.460,-0.285,-0.024,0.956,0.208,-2.910,-0.842,0.000,0.000,1.592,0.030,2,NULL,NULL,,1,0,1,7,255,,250,0,0
stim,14319,14319,0,406279.420,0.770,-0.211,-0.025,0.602,3149,0,0,0,0,12,0,121,20,0.031,96,0,16.586,2.918,2.700,16.360,-0.400,-0.284,-0.025,0.957,0.212,-2.910,-0.840,0.000,0.000,1.592,0.030,2,NULL,NULL,,1,0,1,7,255,,250,0,0
stim,14319,14319,0,406284.420,0.770,-0.211,-0.025,0.602,3149,0,0,0,0,13,0,123,20,0.031,96,0,16.527,2.924,2.700,16.300,-0.400,-0.284,-0.024,0.957,0.214,-2.916,-0.840,0.000,0.000,1.592,0.030,2,NULL,NULL,,1,0,1,7,255,,250,0,0
stim,14319,14319,0,406289.420,0.770,-0.211,-0.025,0.602,3175,0,0,0,0,11,0,125,20,0.031,96,0,16.575,2.924,2.640,16.360,-0.340,-0.285,-0.025,0.958,0.212,-2.916,-0.838,0.000,0.000,1.592,0.030,2,NULL,NULL,,1,0,1,7,255,,250,0,0
stim,14319,14319,0,406294.420,0.770,-0.211,-0.025,0.602,3148,0,0,0,0,16,0,122,20,0.031,96,0,16.655,2.924,2.640,16.440,-0.400,-0.284,-0.025,0.957,0.210,-2.916,-0.840,0.000,0.000,1.592,0.030,2,NULL,NULL,,1,0,1,7,255,,250,0,0
stim,14319,14319,0,406299.420,0.770,-0.211,-0.025,0.602,3149,0,0,0,0,13,0,121,20,0.031,96,0,16.567,2.921,2.580,16.360,-0.400,-0.285,-0.025,0.957,0.206,-2.914,-0.836,0.000,0.000,1.592,0.030,2,NULL,NULL,,1,0,1,7,255,,250,0,0
stim,14339,14339,0,406304.420,0.770,-0.211,-0.025,0.602,3149,0,0,0,0,17,0,120,20,0.031,96,0,16.569,2.921,2.580,16.360,-0.460,-0.285,-0.025,0.958,0.206,-2.914,-0.836,0.000,0.000,1.592,0.030,2,NULL,NULL,,1,0,1,7,255,,250,0,0
stim,14339,14339,0,406309.420,0.770,-0.211,-0.025,0.602,3159,0,0,0,0,13,0,124,20,0.031,96,0,16.649,2.921,2.580,16.440,-0.520,-0.284,-0.024,0.957,0.206,-2.914,-0.836,0.000,0.000,1.592,0.030,2,NULL,NULL,,1,0,1,7,255,,250,0,0
stim,14339,14339,0,406314.422,0.770,-0.211,-0.025,0.602,3149,0,0,0,0,17,0,122,20,0.031,96,0,16.530,2.921,2.700,16.300,-0.520,-0.284,-0.025,0.957,0.206,-2.914,-0.838,0.000,0.000,1.592,0.030,2,NULL,NULL,,1,0,1,7,255,,250,0,0
stim,14339,14339,0,406319.420,0.770,-0.211,-0.025,0.602,3155,0,0,0,0,13,0,131,20,0.031,96,0,16.649,2.926,2.580,16.440,-0.520,-0.284,-0.025,0.958,0.212,-2.918,-0.838,0.000,0.000,1.592,0.030,2,NULL,NULL,,1,0,1,7,255,,250,0,0
stim,14371,14371,0,406324.420,0.770,-0.211,-0.025,0.602,3149,0,0,0,0,12,0,123,20,0.031,96,0,16.570,2.926,2.580,16.360,-0.520,-0.285,-0.024,0.957,0.212,-2.918,-0.836,0.000,0.000,1.592,0.030,2,NULL,NULL,,1,0,1,7,255,,250,0,0
stim,14371,14371,0,406329.422,0.770,-0.211,-0.025,0.602,3149,0,0,0,0,17,0,123,20,0.031,96,0,16.642,2.918,2.520,16.440,-0.580,-0.285,-0.024,0.957,0.218,-2.910,-0.836,0.000,0.000,1.592,0.030,2,NULL,NULL,,1,0,1,7,255,,250,0,0
stim,14384,14384,0,406334.420,0.770,-0.211,-0.025,0.602,3159,0,0,0,0,19,0,123,20,0.031,96,0,16.565,2.918,2.520,16.360,-0.640,-0.284,-0.024,0.958,0.218,-2.910,-0.836,0.000,0.000,1.592,0.030,2,NULL,NULL,,1,0,1,7,255,,250,0,0
stim,14384,14384,0,406339.420,0.770,-0.211,-0.025,0.602,3159,0,0,0,0,26,0,122,20,0.031,96,0,16.563,2.924,2.520,16.360,-0.580,-0.284,-0.025,0.956,0.216,-2.916,-0.836,0.000,0.000,1.592,0.030,2,NULL,NULL,,1,0,1,7,255,,250,0,0
stim,14384,14384,0,406344.420,0.770,-0.211,-0.025,0.602,3150,0,0,0,0,16,0,127,20,0.031,96,0,16.561,2.927,2.520,16.360,-0.520,-0.283,-0.026,0.956,0.206,-2.920,-0.848,0.000,0.000,1.592,0.030,2,NULL,NULL,,1,0,1,7,255,,250,0,0
stim,14384,14384,0,406349.420,0.770,-0.211,-0.025,0.602,3161,0,0,0,0,11,0,124,20,0.031,96,0,16.570,2.923,2.580,16.360,-0.520,-0.285,-0.025,0.957,0.204,-2.916,-0.848,0.000,0.000,1.592,0.030,2,NULL,NULL,,1,0,1,7,255,,250,0,0
stim,14384,14384,0,406354.420,0.770,-0.211,-0.025,0.602,3147,0,0,0,0,16,0,127,20,0.031,96,0,16.561,2.921,2.520,16.360,-0.520,-0.286,-0.026,0.957,0.202,-2.914,-0.836,0.000,0.000,1.592,0.030,2,NULL,NULL,,1,0,1,7,255,,250,0,0
stim,14384,14384,0,406359.420,0.770,-0.211,-0.025,0.602,3147,0,0,0,0,13,0,124,20,0.031,96,0,16.502,2.921,2.520,16.300,-0.520,-0.285,-0.026,0.958,0.196,-2.914,-0.834,0.000,0.000,1.592,0.030,2,NULL,NULL,,1,0,1,7,255,,250,0,0
stim,14404,14404,0,406364.422,0.770,-0.211,-0.025,0.602,3143,0,0,0,0,13,0,137,20,0.031,96,0,16.513,2.917,2.580,16.300,-0.580,-0.285,-0.025,0.957,0.196,-2.910,-0.834,0.000,0.000,1.592,0.030,2,NULL,NULL,,1,0,1,7,255,,250,0,0
stim,14404,14404,0,406369.420,0.770,-0.211,-0.025,0.602,3148,0,0,0,0,11,0,131,20,0.031,96,0,16.565,2.927,2.520,16.360,-0.640,-0.285,-0.025,0.958,0.202,-2.920,-0.832,0.000,0.000,1.592,0.030,2,NULL,NULL,,1,0,1,7,255,,250,0,0
stim,14404,14404,0,406374.420,0.770,-0.211,-0.025,0.602,3209,0,0,0,0,13,0,139,20,0.031,96,0,16.495,2.927,2.460,16.300,-0.580,-0.285,-0.025,0.959,0.208,-2.920,-0.824,0.000,0.000,1.592,0.030,2,NULL,NULL,,1,0,1,7,255,,250,0,0
stim,14404,14404,0,406379.420,0.770,-0.211,-0.025,0.602,3163,0,0,0,0,14,0,124,20,0.031,96,0,16.504,2.931,2.520,16.300,-0.580,-0.284,-0.025,0.958,0.208,-2.924,-0.824,0.000,0.000,1.592,0.030,2,NULL,NULL,,1,0,1,7,255,,250,0,0
stim,14407,14407,0,406384.420,0.770,-0.211,-0.025,0.602,3157,0,0,0,0,16,0,135,20,0.031,96,0,16.565,2.931,2.520,16.360,-0.640,-0.285,-0.025,0.957,0.208,-2.924,-0.832,0.000,0.000,1.592,0.030,2,NULL,NULL,,1,0,1,7,255,,250,0,0
stim,14407,14407,0,406389.420,0.770,-0.211,-0.025,0.602,3149,0,0,0,0,17,0,124,20,0.031,96,0,16.508,2.931,2.520,16.300,-0.700,-0.284,-0.026,0.957,0.204,-2.924,-0.836,0.000,0.000,1.592,0.030,2,NULL,NULL,,1,0,1,7,255,,250,0,0
stim,14415,14415,0,406394.420,0.770,-0.211,-0.025,0.602,3145,0,0,0,0,19,0,119,20,0.031,96,0,16.575,2.931,2.580,16.360,-0.640,-0.284,-0.026,0.958,0.202,-2.924,-0.836,0.000,0.000,1.592,0.030,2,NULL,NULL,,1,0,1,7,255,,250,0,0
stim,14415,14415,0,406399.420,0.770,-0.211,-0.025,0.602,3155,0,0,0,0,21,0,131,20,0.031,96,0,16.565,2.931,2.520,16.360,-0.640,-0.284,-0.026,0.957,0.202,-2.924,-0.840,0.000,0.000,1.592,0.030,2,NULL,NULL,,1,0,1,7,255,,250,0,0
stim,14437,14437,0,406404.420,0.769,-0.211,-0.025,0.602,3187,0,0,0,0,13,0,123,20,0.031,96,0,16.572,2.935,2.580,16.360,-0.580,-0.283,-0.026,0.957,0.200,-2.928,-0.840,0.000,0.000,1.592,0.030,2,NULL,NULL,,1,0,1,7,255,,250,0,0
stim,14437,14437,0,406409.420,0.769,-0.211,-0.025,0.602,3159,0,0,0,0,18,0,122,20,0.031,96,0,16.572,2.931,2.580,16.360,-0.580,-0.284,-0.025,0.957,0.202,-2.924,-0.840,0.000,0.000,1.592,0.030,2,NULL,NULL,,1,0,1,7,255,,250,0,0
stim,14437,14437,0,406414.422,0.769,-0.211,-0.025,0.602,3171,0,0,0,0,13,0,125,20,0.031,96,0,16.511,2.929,2.580,16.300,-0.520,-0.285,-0.027,0.958,0.200,-2.922,-0.840,0.000,0.000,1.592,0.030,2,NULL,NULL,,1,0,1,7,255,,250,0,0
stim,14437,14437,0,406419.420,0.769,-0.211,-0.025,0.602,3150,0,0,0,0,13,0,123,20,0.031,96,0,16.519,2.928,2.640,16.300,-0.460,-0.284,-0.027,0.957,0.192,-2.922,-0.838,0.000,0.000,1.592,0.030,2,NULL,NULL,,1,0,1,7,255,,250,0,0
stim,14469,14469,0,406424.420,0.769,-0.211,-0.025,0.602,3149,0,0,0,0,13,0,125,20,0.031,96,0,16.521,2.928,2.640,16.300,-0.520,-0.284,-0.026,0.956,0.192,-2.922,-0.838,0.000,0.000,1.592,0.030,2,NULL,NULL,,1,0,1,7,255,,250,0,0
stim,14495,14495,0,406429.422,0.769,-0.211,-0.025,0.602,3149,0,0,0,0,13,0,123,20,0.031,96,0,16.519,2.923,2.640,16.300,-0.460,-0.284,-0.025,0.957,0.198,-2.916,-0.838,0.000,0.000,1.592,0.030,2,NULL,NULL,,1,0,1,7,255,,250,0,0
stim,14495,14495,0,406434.420,0.769,-0.211,-0.025,0.602,3155,0,0,0,0,16,0,126,20,0.031,96,0,16.576,2.922,2.640,16.360,-0.400,-0.284,-0.024,0.957,0.210,-2.914,-0.842,0.000,0.000,1.592,0.030,2,NULL,NULL,,1,0,1,7,255,,250,0,0
stim,14495,14495,0,406439.420,0.769,-0.211,-0.025,0.602,3155,0,0,0,0,18,0,124,20,0.031,96,0,16.519,2.924,2.640,16.300,-0.460,-0.284,-0.025,0.957,0.210,-2.916,-0.842,0.000,0.000,1.592,0.030,2,NULL,NULL,,1,0,1,7,255,,250,0,0
stim,14495,14495,0,406444.420,0.769,-0.211,-0.025,0.602,3165,0,0,0,0,17,0,125,20,0.031,96,0,16.519,2.919,2.640,16.300,-0.460,-0.285,-0.025,0.956,0.204,-2.912,-0.844,0.000,0.000,1.592,0.030,2,NULL,NULL,,1,0,1,7,255,,250,0,0
stim,14495,14495,0,406449.420,0.769,-0.211,-0.025,0.602,3150,0,0,0,0,18,0,126,20,0.031,96,0,16.569,2.925,2.580,16.360,-0.460,-0.284,-0.026,0.957,0.202,-2.918,-0.844,0.000,0.000,1.592,0.030,2,NULL,NULL,,1,0,1,7,255,,250,0,0
stim,14495,14495,0,406454.420,0.769,-0.211,-0.025,0.602,3148,0,0,0,0,9,0,122,20,0.031,96,0,16.569,2.925,2.580,16.360,-0.460,-0.283,-0.025,0.957,0.202,-2.918,-0.844,0.000,0.000,1.592,0.030,2,NULL,NULL,,1,0,1,7,255,,250,0,0
stim,14495,14495,0,406459.420,0.769,-0.211,-0.025,0.602,3151,0,0,0,0,17,0,123,20,0.031,96,0,16.558,2.928,2.520,16.360,-0.400,-0.283,-0.027,0.957,0.194,-2.922,-0.848,0.000,0.000,1.592,0.030,2,NULL,NULL,,1,0,1,7,255,,250,0,0
stim,14495,14495,0,406464.422,0.769,-0.211,-0.025,0.602,3156,0,0,0,0,13,0,126,20,0.031,96,0,16.575,2.933,2.640,16.360,-0.340,-0.283,-0.026,0.957,0.196,-2.926,-0.848,0.000,0.000,1.592,0.030,2,NULL,NULL,,1,0,1,7,255,,250,0,0
stim,14511,14511,0,406469.421,0.769,-0.211,-0.025,0.603,3153,0,0,0,0,13,0,123,20,0.031,96,0,16.576,2.933,2.640,16.360,-0.400,-0.284,-0.026,0.957,0.196,-2.926,-0.848,0.000,0.000,1.592,0.030,2,NULL,NULL,,1,0,1,7,255,,250,0,0
stim,14511,14511,0,406474.420,0.769,-0.211,-0.025,0.603,3149,0,0,0,0,17,0,125,20,0.031,96,0,16.575,2.933,2.640,16.360,-0.340,-0.284,-0.026,0.957,0.196,-2.926,-0.844,0.000,0.000,1.592,0.030,2,NULL,NULL,,1,0,1,7,255,,250,0,0
stim,14511,14511,0,406479.420,0.769,-0.211,-0.025,0.603,3149,0,0,0,0,17,0,125,20,0.031,96,0,16.575,2.929,2.640,16.360,-0.340,-0.284,-0.026,0.958,0.200,-2.922,-0.840,0.000,0.000,1.592,0.030,2,NULL,NULL,,1,0,1,7,255,,250,0,0
stim,14511,14511,0,406484.420,0.769,-0.211,-0.025,0.603,3145,0,0,0,0,15,0,131,20,0.031,96,0,16.576,2.929,2.640,16.360,-0.400,-0.284,-0.025,0.957,0.200,-2.922,-0.838,0.000,0.000,1.592,0.030,2,NULL,NULL,,1,0,1,7,255,,250,0,0
stim,14511,14511,0,406489.421,0.769,-0.211,-0.025,0.603,3151,0,0,0,0,14,0,119,20,0.031,96,0,16.586,2.929,2.700,16.360,-0.400,-0.284,-0.026,0.958,0.200,-2.922,-0.836,0.000,0.000,1.592,0.030,2,NULL,NULL,,1,0,1,7,255,,250,0,0
stim,14511,14511,0,406494.420,0.769,-0.211,-0.025,0.603,3155,0,0,0,0,17,0,123,20,0.031,96,0,16.576,2.933,2.640,16.360,-0.400,-0.284,-0.025,0.958,0.206,-2.926,-0.836,0.000,0.000,1.592,0.030,2,NULL,NULL,,1,0,1,7,255,,250,0,0
stim,14511,14511,0,406499.420,0.769,-0.211,-0.025,0.603,3151,0,0,0,0,20,0,124,20,0.031,96,0,16.576,2.933,2.640,16.360,-0.400,-0.285,-0.025,0.956,0.200,-2.926,-0.836,0.000,0.000,1.592,0.030,2,NULL,NULL,,1,0,1,7,255,,250,0,0
stim,14527,14527,0,406504.420,0.769,-0.211,-0.025,0.603,3159,0,0,0,0,12,0,133,20,0.031,96,0,16.657,2.919,2.640,16.440,-0.460,-0.285,-0.025,0.957,0.200,-2.912,-0.840,0.000,0.000,1.592,0.030,2,NULL,NULL,,1,0,1,7,255,,250,0,0
stim,14527,14527,0,406509.420,0.769,-0.211,-0.025,0.603,3177,0,0,0,0,14,0,125,20,0.031,96,0,16.570,2.919,2.580,16.360,-0.520,-0.284,-0.025,0.957,0.200,-2.912,-0.840,0.000,0.000,1.592,0.030,2,NULL,NULL,,1,0,1,7,255,,250,0,0
stim,14559,14559,0,406514.421,0.769,-0.211,-0.025,0.603,3163,0,0,0,0,17,0,121,20,0.031,96,0,16.649,2.925,2.580,16.440,-0.520,-0.284,-0.026,0.957,0.200,-2.918,-0.838,0.000,0.000,1.592,0.030,2,NULL,NULL,,1,0,1,7,255,,250,0,0
stim,14591,14591,0,406519.421,0.769,-0.211,-0.025,0.603,3163,0,0,0,0,10,0,132,20,0.031,96,0,16.659,2.925,2.640,16.440,-0.520,-0.285,-0.025,0.958,0.202,-2.918,-0.838,0.000,0.000,1.592,0.030,2,NULL,NULL,,1,0,1,7,255,,250,0,0
stim,14591,14591,0,406524.420,0.769,-0.211,-0.025,0.603,3164,0,0,0,0,13,0,125,20,0.031,96,0,16.569,2.925,2.580,16.360,-0.460,-0.285,-0.025,0.957,0.204,-2.918,-0.834,0.000,0.000,1.592,0.030,2,NULL,NULL,,1,0,1,7,255,,250,0,0
stim,14591,14591,0,406529.420,0.769,-0.211,-0.025,0.603,3156,0,0,0,0,17,0,123,20,0.031,96,0,16.591,2.917,2.700,16.360,-0.580,-0.285,-0.024,0.957,0.206,-2.910,-0.834,0.000,0.000,1.592,0.030,2,NULL,NULL,,1,0,1,7,255,,250,0,0
stim,14591,14591,0,406534.421,0.769,-0.211,-0.025,0.603,3167,0,0,0,0,13,0,124,20,0.031,96,0,16.659,2.917,2.580,16.440,-0.760,-0.285,-0.025,0.958,0.204,-2.910,-0.834,0.000,0.000,1.592,0.030,2,NULL,NULL,,1,0,1,7,255,,250,0,0
stim,14591,14591,0,406539.420,0.769,-0.211,-0.025,0.603,3162,0,0,0,0,205,0,123,20,0.031,96,0,16.573,2.921,2.520,16.360,-0.820,-0.285,-0.026,0.956,0.202,-2.914,-0.840,0.000,0.000,1.592,0.030,2,NULL,NULL,,1,0,1,7,255,,250,0,0
stim,14591,14591,0,406544.420,0.769,-0.211,-0.025,0.603,3165,0,0,0,0,249,0,133,20,0.031,96,0,16.640,2.927,2.460,16.440,-0.760,-0.283,-0.025,0.957,0.202,-2.920,-0.844,0.000,0.000,1.592,0.030,2,NULL,NULL,,1,0,1,7,255,,250,0,0
stim,14591,14591,0,406549.420,0.769,-0.211,-0.025,0.603,3182,0,0,0,0,267,0,123,20,0.031,96,0,16.627,2.922,2.400,16.440,-0.640,-0.285,-0.026,0.957,0.190,-2.916,-0.844,0.000,0.000,1.592,0.030,2,NULL,NULL,,1,0,1,7,255,,250,0,0
stim,14591,14591,0,406554.420,0.769,-0.211,-0.025,0.603,3157,0,0,0,0,203,0,123,20,0.031,96,0,16.700,2.922,2.460,16.500,-0.760,-0.285,-0.026,0.956,0.194,-2.916,-0.844,0.000,0.000,1.592,0.030,2,NULL,NULL,,1,0,1,7,255,,250,0,0
stim,14591,14591,0,406559.420,0.769,-0.211,-0.025,0.603,3171,0,0,0,0,191,0,135,20,0.031,96,0,16.633,2.922,2.340,16.440,-0.960,-0.285,-0.026,0.957,0.192,-2.916,-0.840,0.000,0.000,1.592,0.030,2,NULL,NULL,,1,0,1,7,255,,250,0,0
stim,14607,14607,0,406564.424,0.769,-0.211,-0.025,0.603,3150,0,0,0,0,219,0,129,20,0.031,96,0,16.729,2.924,2.080,16.560,-1.140,-0.283,-0.027,0.958,0.192,-2.918,-0.840,0.000,0.000,1.592,0.030,2,NULL,NULL,,1,0,1,7,255,,250,0,0
stim,14607,14607,0,406569.420,0.769,-0.211,-0.025,0.603,3157,0,0,0,0,226,0,123,20,0.031,96,0,16.666,2.942,2.020,16.500,-1.200,-0.283,-0.028,0.957,0.188,-2.936,-0.840,0.000,0.000,1.592,0.030,2,NULL,NULL,,1,0,1,7,255,,250,0,0
stim,14607,14607,0,406574.420,0.769,-0.211,-0.025,0.603,3157,0,0,0,0,213,0,121,20,0.031,96,0,16.712,2.942,1.900,16.560,-1.200,-0.283,-0.026,0.957,0.188,-2.936,-0.844,0.000,0.000,1.592,0.030,2,NULL,NULL,,1,0,1,7,255,,250,0,0
stim,14607,14607,0,406579.420,0.769,-0.211,-0.025,0.603,3163,0,0,0,0,232,0,122,20,0.031,96,0,16.771,2.936,1.900,16.620,-1.200,-0.284,-0.027,0.957,0.192,-2.930,-0.846,0.000,0.000,1.592,0.030,2,NULL,NULL,,1,0,1,7,255,,250,0,0
stim,14607,14607,0,406584.420,0.769,-0.211,-0.025,0.603,3188,0,0,0,0,221,0,123,20,0.031,96,0,16.778,2.933,1.960,16.620,-1.200,-0.283,-0.025,0.957,0.198,-2.926,-0.844,0.000,0.000,1.592,0.030,2,NULL,NULL,,1,0,1,7,255,,250,0,0
stim,14607,14607,0,406589.422,0.769,-0.211,-0.025,0.603,3165,0,0,0,0,229,0,135,20,0.031,96,0,16.744,2.933,1.720,16.620,-1.080,-0.284,-0.025,0.958,0.208,-2.926,-0.844,0.000,0.000,1.592,0.030,2,NULL,NULL,,1,0,1,7,255,,250,0,0
stim,14607,14607,0,406594.420,0.769,-0.211,-0.025,0.603,3161,0,0,0,0,229,0,123,20,0.031,96,0,16.732,2.933,1.600,16.620,-1.080,-0.285,-0.025,0.959,0.208,-2.926,-0.830,0.000,0.000,1.592,0.030,2,NULL,NULL,,1,0,1,7,255,,250,0,0
stim,14607,14607,0,406599.420,0.769,-0.211,-0.025,0.603,3162,0,0,0,0,234,0,123,20,0.031,96,0,16.819,2.929,1.660,16.680,-1.380,-0.289,-0.025,0.958,0.208,-2.922,-0.818,0.000,0.000,1.592,0.030,2,NULL,NULL,,1,0,1,7,255,,250,0,0
stim,14623,14623,0,406604.420,0.769,-0.211,-0.025,0.603,3172,0,0,0,0,235,0,126,20,0.031,96,0,16.925,2.907,1.660,16.740,-1.860,-0.288,-0.026,0.959,0.202,-2.900,-0.812,0.000,0.000,1.592,0.030,2,NULL,NULL,,1,0,1,7,255,,250,0,0
stim,14623,14623,0,406609.420,0.769,-0.211,-0.025,0.604,3164,0,0,0,0,229,0,122,20,0.031,96,0,16.944,2.907,1.780,16.740,-1.920,-0.284,-0.026,0.958,0.202,-2.900,-0.812,0.000,0.000,1.592,0.030,2,NULL,NULL,,1,0,1,7,255,,250,0,0
stim,14639,14639,0,406614.422,0.769,-0.211,-0.025,0.604,3164,0,0,0,0,217,0,125,20,0.031,96,0,16.906,2.935,1.780,16.740,-1.560,-0.284,-0.027,0.958,0.200,-2.928,-0.832,0.000,0.000,1.592,0.030,2,NULL,NULL,,1,0,1,7,255,,250,0,0
stim,14671,14671,0,406619.420,0.769,-0.211,-0.025,0.604,3165,0,0,0,0,229,0,121,20,0.031,96,0,16.838,2.935,1.840,16.680,-1.380,-0.287,-0.025,0.958,0.204,-2.928,-0.832,0.000,0.000,1.592,0.030,2,NULL,NULL,,1,0,1,7,255,,250,0,0
stim,14671,14671,0,406624.420,0.768,-0.211,-0.025,0.604,3171,0,0,0,0,220,0,121,20,0.031,96,0,16.884,2.908,1.900,16.680,-1.800,-0.288,-0.023,0.958,0.210,-2.900,-0.816,0.000,0.000,1.592,0.030,2,NULL,NULL,,1,0,1,7,255,,250,0,0
stim,14671,14671,0,406629.421,0.768,-0.210,-0.025,0.604,3165,0,0,0,0,216,0,121,20,0.031,96,0,17.063,2.903,1.900,16.800,-2.300,-0.289,-0.023,0.958,0.222,-2.894,-0.808,0.000,0.000,1.592,0.030,2,NULL,NULL,,1,0,1,7,255,,250,0,0
stim,14687,14687,0,406634.420,0.768,-0.210,-0.025,0.604,3175,0,0,0,0,217,0,120,20,0.031,96,0,16.991,2.903,1.780,16.740,-2.300,-0.283,-0.026,0.958,0.222,-2.894,-0.808,0.000,0.000,1.592,0.030,2,NULL,NULL,,1,0,1,7,255,,250,0,0
stim,14687,14687,0,406639.420,0.768,-0.210,-0.026,0.604,3177,0,0,0,0,223,0,121,20,0.031,96,0,16.945,2.940,1.660,16.740,-2.040,-0.283,-0.027,0.956,0.212,-2.932,-0.832,0.000,0.000,1.592,0.030,2,NULL,NULL,,1,0,1,7,255,,250,0,0
stim,14687,14687,0,406644.420,0.768,-0.210,-0.026,0.604,3172,0,0,0,0,216,0,123,20,0.031,96,0,16.931,2.939,1.720,16.740,-1.860,-0.285,-0.027,0.956,0.200,-2.932,-0.846,0.000,0.000,1.592,0.030,2,NULL,NULL,,1,0,1,7,255,,250,0,0
stim,14687,14687,0,406649.420,0.768,-0.210,-0.026,0.604,3177,0,0,0,0,218,0,124,20,0.031,96,0,17.030,2.925,1.840,16.800,-2.100,-0.286,-0.027,0.958,0.196,-2.918,-0.846,0.000,0.000,1.592,0.030,2,NULL,NULL,,1,0,1,7,255,,250,0,0
stim,14687,14687,0,406654.420,0.768,-0.210,-0.026,0.604,3167,0,0,0,0,214,0,125,20,0.031,96,0,16.977,2.925,1.720,16.740,-2.240,-0.284,-0.028,0.958,0.196,-2.918,-0.834,0.000,0.000,1.592,0.030,2,NULL,NULL,,1,0,1,7,255,,250,0,0
stim,14687,14687,0,406659.420,0.768,-0.210,-0.026,0.604,3165,0,0,0,0,201,0,120,20,0.031,96,0,16.988,2.943,1.480,16.800,-2.040,-0.281,-0.028,0.958,0.200,-2.936,-0.834,0.000,0.000,1.592,0.030,2,NULL,NULL,,1,0,1,7,255,,250,0,0
stim,14687,14687,0,406664.422,0.768,-0.210,-0.026,0.604,3172,0,0,0,0,141,0,124,20,0.031,96,0,17.009,2.945,1.420,16.860,-1.740,-0.283,-0.027,0.957,0.206,-2.938,-0.848,0.000,0.000,1.592,0.030,2,NULL,NULL,,1,0,1,7,255,,250,0,0
stim,14703,14703,0,406669.420,0.768,-0.210,-0.026,0.604,3165,0,0,0,0,199,0,121,20,0.031,96,0,16.863,2.945,1.300,16.740,-1.560,-0.284,-0.025,0.956,0.208,-2.938,-0.852,0.000,0.000,1.592,0.030,2,NULL,NULL,,1,0,1,7,255,,250,0,0
stim,14703,14703,0,406674.420,0.768,-0.210,-0.026,0.604,3165,0,0,0,0,198,0,120,20,0.031,96,0,17.078,2.921,1.300,16.920,-1.920,-0.287,-0.023,0.956,0.226,-2.912,-0.848,0.000,0.000,1.592,0.030,2,NULL,NULL,,1,0,1,7,255,,250,0,0
stim,14703,14703,0,406679.420,0.768,-0.210,-0.026,0.605,3164,0,0,0,0,189,0,120,20,0.031,96,0,17.060,2.922,1.420,16.860,-2.180,-0.285,-0.024,0.957,0.238,-2.912,-0.838,0.000,0.000,1.592,0.030,2,NULL,NULL,,1,0,1,7,255,,250,0,0
stim,14703,14703,0,406684.420,0.768,-0.210,-0.026,0.605,3167,0,0,0,0,188,0,122,20,0.031,96,0,17.124,2.922,1.180,16.920,-2.360,-0.284,-0.029,0.958,0.238,-2.912,-0.836,0.000,0.000,1.592,0.030,2,NULL,NULL,,1,0,1,7,255,,250,0,0
stim,14703,14703,0,406689.420,0.768,-0.210,-0.026,0.605,3165,0,0,0,0,163,0,121,20,0.031,96,0,17.016,2.949,1.060,16.860,-2.040,-0.283,-0.032,0.958,0.200,-2.942,-0.838,0.000,0.000,1.592,0.030,2,NULL,NULL,,1,0,1,7,255,,250,0,0
stim,14719,14719,0,406694.420,0.768,-0.210,-0.026,0.605,3179,0,0,0,0,99,0,117,20,0.031,96,0,17.050,2.947,1.180,16.920,-1.740,-0.285,-0.033,0.955,0.174,-2.942,-0.842,0.000,0.000,1.592,0.030,2,NULL,NULL,,1,0,1,7,255,,250,0,0
stim,14719,14719,0,406699.420,0.768,-0.210,-0.026,0.605,3205,0,0,0,0,115,0,121,20,0.031,96,0,16.949,2.930,1.480,16.800,-1.680,-0.288,-0.032,0.955,0.160,-2.926,-0.842,0.000,0.000,1.592,0.030,2,NULL,NULL,,1,0,1,7,255,,250,0,0
stim,14720,14720,0,406704.420,0.768,-0.210,-0.026,0.605,3173,0,0,0,0,121,0,120,20,0.031,96,0,16.918,2.906,1.720,16.740,-1.740,-0.288,-0.028,0.956,0.160,-2.902,-0.842,0.000,0.000,1.592,0.030,2,NULL,NULL,,1,0,1,7,255,,250,0,0
stim,14720,14720,0,406709.420,0.768,-0.210,-0.026,0.605,3207,0,0,0,0,149,0,123,20,0.031,96,0,16.884,2.908,1.840,16.680,-1.860,-0.287,-0.029,0.957,0.190,-2.902,-0.832,0.000,0.000,1.592,0.030,2,NULL,NULL,,1,0,1,7,255,,250,0,0
stim,14736,14736,0,406714.422,0.768,-0.210,-0.026,0.605,3167,0,0,0,0,163,0,135,20,0.031,96,0,16.865,2.918,1.780,16.680,-1.740,-0.285,-0.031,0.958,0.190,-2.912,-0.828,0.000,0.000,1.592,0.030,2,NULL,NULL,,1,0,1,7,255,,250,0,0
stim,14770,14770,0,406719.420,0.768,-0.210,-0.026,0.605,3123,0,0,0,0,141,0,119,20,0.031,96,0,16.741,2.938,1.900,16.560,-1.560,-0.285,-0.031,0.957,0.184,-2.932,-0.832,0.000,0.000,1.592,0.030,2,NULL,NULL,,1,0,1,7,255,,250,0,0
stim,14770,14770,0,406724.420,0.768,-0.210,-0.026,0.605,3172,0,0,0,0,160,0,119,20,0.031,96,0,16.688,2.938,2.080,16.500,-1.380,-0.286,-0.029,0.956,0.184,-2.932,-0.836,0.000,0.000,1.592,0.030,2,NULL,NULL,,1,0,1,7,255,,250,0,0
stim,14770,14770,0,406729.422,0.768,-0.210,-0.026,0.605,3173,0,0,0,0,159,0,119,20,0.031,96,0,16.714,2.920,2.280,16.500,-1.380,-0.287,-0.029,0.956,0.194,-2.914,-0.836,0.000,0.000,1.592,0.030,2,NULL,NULL,,1,0,1,7,255,,250,0,0
stim,14783,14783,0,406734.420,0.768,-0.210,-0.026,0.605,3175,0,0,0,0,168,0,120,20,0.031,96,0,16.671,2.921,2.400,16.440,-1.380,-0.285,-0.028,0.958,0.196,-2.914,-0.836,0.000,0.000,1.592,0.030,2,NULL,NULL,,1,0,1,7,255,,250,0,0
stim,14783,14783,0,406739.420,0.767,-0.209,-0.026,0.605,3175,0,0,0,0,166,0,120,20,0.031,96,0,16.667,2.932,2.400,16.440,-1.320,-0.285,-0.028,0.958,0.210,-2.924,-0.834,0.000,0.000,1.592,0.030,2,NULL,NULL,,1,0,1,7,255,,250,0,0
stim,14783,14783,0,406744.420,0.767,-0.209,-0.026,0.605,3160,0,0,0,0,167,0,120,20,0.031,96,0,16.574,2.936,2.340,16.360,-1.260,-0.284,-0.029,0.957,0.210,-2.928,-0.834,0.000,0.000,1.592,0.030,2,NULL,NULL,,1,0,1,7,255,,250,0,0
stim,14783,14783,0,406749.420,0.767,-0.209,-0.026,0.605,3169,0,0,0,0,163,0,121,20,0.031,96,0,16.562,2.935,2.340,16.360,-1.080,-0.284,-0.029,0.955,0.200,-2.928,-0.846,0.000,0.000,1.592,0.030,2,NULL,NULL,,1,0,1,7,255,,250,0,0
stim,14784,14784,0,406754.420,0.767,-0.209,-0.026,0.605,3161,0,0,0,0,169,0,118,20,0.031,96,0,16.584,2.927,2.520,16.360,-1.020,-0.285,-0.029,0.955,0.200,-2.920,-0.858,0.000,0.000,1.592,0.030,2,NULL,NULL,,1,0,1,7,255,,250,0,0
stim,14784,14784,0,406759.420,0.767,-0.209,-0.026,0.606,3165,0,0,0,0,159,0,119,20,0.031,96,0,16.584,2.927,2.520,16.360,-1.020,-0.284,-0.030,0.956,0.196,-2.920,-0.858,0.000,0.000,1.592,0.030,2,NULL,NULL,,1,0,1,7,255,,250,0,0
stim,14804,14804,0,406764.422,0.767,-0.209,-0.026,0.606,3170,0,0,0,0,158,0,121,20,0.031,96,0,16.581,2.939,2.520,16.360,-0.960,-0.284,-0.029,0.957,0.200,-2.932,-0.856,0.000,0.000,1.592,0.030,2,NULL,NULL,,1,0,1,7,255,,250,0,0
stim,14804,14804,0,406769.420,0.767,-0.209,-0.026,0.606,3167,0,0,0,0,164,0,120,20,0.031,96,0,16.573,2.943,2.520,16.360,-0.820,-0.284,-0.030,0.957,0.198,-2.936,-0.844,0.000,0.000,1.592,0.030,2,NULL,NULL,,1,0,1,7,255,,250,0,0
stim,14804,14804,0,406774.420,0.767,-0.209,-0.026,0.606,3165,0,0,0,0,166,0,119,20,0.031,96,0,16.502,2.943,2.460,16.300,-0.760,-0.284,-0.029,0.956,0.200,-2.936,-0.844,0.000,0.000,1.592,0.030,2,NULL,NULL,,1,0,1,7,255,,250,0,0
stim,14804,14804,0,406779.420,0.767,-0.209,-0.026,0.606,3187,0,0,0,0,167,0,121,20,0.031,96,0,16.447,2.935,2.520,16.240,-0.640,-0.285,-0.029,0.956,0.198,-2.928,-0.848,0.000,0.000,1.592,0.030,2,NULL,NULL,,1,0,1,7,255,,250,0,0
stim,14806,14806,0,406784.420,0.767,-0.209,-0.026,0.606,3179,0,0,0,0,175,0,121,20,0.031,96,0,16.523,2.935,2.640,16.300,-0.580,-0.284,-0.030,0.957,0.196,-2.928,-0.848,0.000,0.000,1.592,0.030,2,NULL,NULL,,1,0,1,7,255,,250,0,0
stim,14806,14806,0,406789.420,0.767,-0.209,-0.026,0.606,3163,0,0,0,0,169,0,118,20,0.031,96,0,16.468,2.934,2.700,16.240,-0.400,-0.285,-0.030,0.957,0.192,-2.928,-0.848,0.000,0.000,1.592,0.030,2,NULL,NULL,,1,0,1,7,255,,250,0,0
stim,14815,14815,0,406794.420,0.767,-0.209,-0.026,0.606,3163,0,0,0,0,169,0,120,20,0.031,96,0,16.458,2.934,2.640,16.240,-0.400,-0.286,-0.030,0.956,0.188,-2.928,-0.842,0.000,0.000,1.592,0.030,2,NULL,NULL,,1,0,1,7,255,,250,0,0
stim,14815,14815,0,406799.420,0.767,-0.209,-0.026,0.606,3177,0,0,0,0,171,0,120,20,0.031,96,0,16.393,2.926,2.580,16.180,-0.520,-0.286,-0.031,0.956,0.186,-2.920,-0.842,0.000,0.000,1.592,0.030,2,NULL,NULL,,1,0,1,7,255,,250,0,0
stim,14837,14837,0,406804.420,0.767,-0.209,-0.026,0.606,3159,0,0,0,0,173,0,121,20,0.031,96,0,16.475,2.926,2.700,16.240,-0.640,-0.285,-0.030,0.957,0.186,-2.920,-0.842,0.000,0.000,1.592,0.030,2,NULL,NULL,,1,0,1,7,255,,250,0,0
stim,14837,14837,0,406809.420,0.767,-0.209,-0.026,0.606,3188,0,0,0,0,167,0,123,20,0.031,96,0,16.424,2.932,2.760,16.180,-0.580,-0.284,-0.032,0.955,0.180,-2.926,-0.842,0.000,0.000,1.592,0.030,2,NULL,NULL,,1,0,1,7,255,,250,0,0
stim,14880,14880,0,406814.422,0.767,-0.209,-0.026,0.606,3171,0,0,0,0,168,0,121,20,0.031,96,0,16.416,2.937,2.760,16.180,-0.280,-0.283,-0.033,0.957,0.170,-2.932,-0.850,0.000,0.000,1.592,0.030,2,NULL,NULL,,1,0,1,7,255,,250,0,0
stim,14880,14880,0,406819.420,0.767,-0.209,-0.026,0.606,3163,0,0,0,0,167,0,119,20,0.031,96,0,16.365,2.953,2.820,16.120,-0.100,-0.283,-0.032,0.957,0.170,-2.948,-0.850,0.000,0.000,1.592,0.030,2,NULL,NULL,,1,0,1,7,255,,250,0,0
stim,14880,14880,0,406824.420,0.767,-0.209,-0.026,0.606,3164,0,0,0,0,171,0,119,20,0.031,96,0,16.386,2.953,2.940,16.120,-0.040,-0.285,-0.030,0.957,0.178,-2.948,-0.846,0.000,0.000,1.592,0.030,2,NULL,NULL,,1,0,1,7,255,,250,0,0
stim,14880,14880,0,406829.421,0.767,-0.209,-0.026,0.606,3163,0,0,0,0,165,0,120,20,0.031,96,0,16.447,2.934,2.940,16.180,-0.280,-0.286,-0.027,0.958,0.186,-2.928,-0.836,0.000,0.000,1.592,0.030,2,NULL,NULL,,1,0,1,7,255,,250,0,0
stim,14880,14880,0,406834.420,0.767,-0.209,-0.026,0.606,3162,0,0,0,0,175,0,119,20,0.031,96,0,16.432,2.933,2.820,16.180,-0.520,-0.285,-0.029,0.957,0.200,-2.926,-0.836,0.000,0.000,1.592,0.030,2,NULL,NULL,,1,0,1,7,255,,250,0,0
stim,14880,14880,0,406839.420,0.767,-0.209,-0.026,0.606,3162,0,0,0,0,167,0,120,20,0.031,96,0,16.422,2.933,2.760,16.180,-0.520,-0.282,-0.030,0.957,0.200,-2.926,-0.838,0.000,0.000,1.592,0.030,2,NULL,NULL,,1,0,1,7,255,,250,0,0
stim,14883,14883,0,406844.420,0.767,-0.209,-0.026,0.606,3179,0,0,0,0,167,0,119,20,0.031,96,0,16.425,2.939,2.820,16.180,-0.220,-0.284,-0.029,0.957,0.200,-2.932,-0.846,0.000,0.000,1.592,0.030,2,NULL,NULL,,1,0,1,7,255,,250,0,0
stim,14883,14883,0,406849.420,0.767,-0.209,-0.026,0.606,3163,0,0,0,0,168,0,121,20,0.031,96,0,16.445,2.939,2.940,16.180,-0.100,-0.285,-0.029,0.956,0.198,-2.932,-0.846,0.000,0.000,1.592,0.030,2,NULL,NULL,,1,0,1,7,255,,250,0,0
stim,14895,14895,0,406854.420,0.767,-0.209,-0.026,0.606,3161,0,0,0,0,165,0,127,20,0.031,96,0,16.516,2.929,3.000,16.240,-0.220,-0.288,-0.026,0.957,0.202,-2.922,-0.846,0.000,0.000,1.592,0.030,2,NULL,NULL,,1,0,1,7,255,,250,0,0
stim,14895,14895,0,406859.420,0.767,-0.209,-0.026,0.606,3183,0,0,0,0,166,0,123,20,0.031,96,0,16.510,2.919,2.940,16.240,-0.460,-0.287,-0.027,0.959,0.208,-2.912,-0.820,0.000,0.000,1.592,0.030,2,NULL,NULL,,1,0,1,7,255,,250,0,0
stim,14911,14911,0,406864.422,0.767,-0.209,-0.026,0.606,3157,0,0,0,0,165,0,119,20,0.031,96,0,16.424,2.920,2.760,16.180,-0.580,-0.284,-0.028,0.958,0.212,-2.912,-0.820,0.000,0.000,1.592,0.030,2,NULL,NULL,,1,0,1,7,255,,250,0,0
stim,14911,14911,0,406869.420,0.767,-0.209,-0.026,0.606,3158,0,0,0,0,163,0,121,20,0.031,96,0,16.481,2.929,2.760,16.240,-0.520,-0.285,-0.028,0.957,0.208,-2.922,-0.830,0.000,0.000,1.592,0.030,2,NULL,NULL,,1,0,1,7,255,,250,0,0
stim,14911,14911,0,406874.420,0.767,-0.209,-0.026,0.606,3157,0,0,0,0,157,0,121,20,0.031,96,0,16.491,2.930,2.820,16.240,-0.520,-0.286,-0.027,0.957,0.210,-2.922,-0.836,0.000,0.000,1.592,0.030,2,NULL,NULL,,1,0,1,7,255,,250,0,0
stim,14911,14911,0,406879.420,0.767,-0.209,-0.026,0.606,3175,0,0,0,0,171,0,121,20,0.031,96,0,16.565,2.927,2.880,16.300,-0.640,-0.286,-0.028,0.958,0.200,-2.920,-0.836,0.000,0.000,1.592,0.030,2,NULL,NULL,,1,0,1,7,255,,250,0,0
stim,14911,14911,0,406884.420,0.767,-0.209,-0.026,0.606,3155,0,0,0,0,166,0,119,20,0.031,96,0,16.565,2.927,2.880,16.300,-0.640,-0.286,-0.030,0.957,0.198,-2.920,-0.836,0.000,0.000,1.592,0.030,2,NULL,NULL,,1,0,1,7,255,,250,0,0
stim,14911,14911,0,406889.420,0.767,-0.209,-0.026,0.606,3152,0,0,0,0,160,0,120,20,0.031,96,0,16.555,2.926,2.820,16.300,-0.640,-0.285,-0.029,0.957,0.190,-2.920,-0.834,0.000,0.000,1.592,0.030,2,NULL,NULL,,1,0,1,7,255,,250,0,0
stim,14911,14911,0,406894.420,0.767,-0.209,-0.026,0.606,3149,0,0,0,0,157,0,121,20,0.031,96,0,16.485,2.926,2.760,16.240,-0.640,-0.286,-0.028,0.957,0.190,-2.920,-0.834,0.000,0.000,1.592,0.030,2,NULL,NULL,,1,0,1,7,255,,250,0,0
stim,14911,14911,0,406899.420,0.767,-0.209,-0.026,0.606,3149,0,0,0,0,160,0,121,20,0.031,96,0,16.508,2.918,2.880,16.240,-0.700,-0.286,-0.029,0.956,0.190,-2.912,-0.834,0.000,0.000,1.592,0.030,2,NULL,NULL,,1,0,1,7,255,,250,0,0
stim,14927,14927,0,406904.420,0.767,-0.209,-0.026,0.606,3164,0,0,0,0,167,0,128,20,0.031,96,0,16.560,2.918,2.820,16.300,-0.760,-0.286,-0.031,0.956,0.186,-2.912,-0.844,0.000,0.000,1.592,0.030,2,NULL,NULL,,1,0,1,7,255,,250,0,0
stim,14927,14927,0,406909.420,0.767,-0.209,-0.026,0.606,3153,0,0,0,0,155,0,122,20,0.031,96,0,16.614,2.923,2.760,16.360,-0.880,-0.286,-0.031,0.957,0.174,-2.918,-0.844,0.000,0.000,1.592,0.030,2,NULL,NULL,,1,0,1,7,255,,250,0,0
stim,14943,14943,0,406914.422,0.767,-0.209,-0.026,0.607,3151,0,0,0,0,159,0,119,20,0.031,96,0,16.566,2.929,2.820,16.300,-0.880,-0.283,-0.029,0.957,0.174,-2.924,-0.844,0.000,0.000,1.592,0.030,2,NULL,NULL,,1,0,1,7,255,,250,0,0
stim,14975,14975,0,406919.420,0.767,-0.209,-0.026,0.607,3155,0,0,0,0,164,0,122,20,0.031,96,0,16.549,2.942,2.760,16.300,-0.760,-0.282,-0.029,0.957,0.192,-2.936,-0.850,0.000,0.000,1.592,0.030,2,NULL,NULL,,1,0,1,7,255,,250,0,0
stim,14975,14975,0,406924.420,0.767,-0.209,-0.026,0.607,3147,0,0,0,0,163,0,122,20,0.031,96,0,16.594,2.944,2.700,16.360,-0.640,-0.284,-0.030,0.957,0.192,-2.938,-0.850,0.000,0.000,1.592,0.030,2,NULL,NULL,,1,0,1,7,255,,250,0,0
stim,14975,14975,0,406929.422,0.766,-0.209,-0.026,0.607,3144,0,0,0,0,159,0,120,20,0.031,96,0,16.665,2.944,2.640,16.440,-0.700,-0.286,-0.029,0.957,0.186,-2.938,-0.842,0.000,0.000,1.592,0.030,2,NULL,NULL,,1,0,1,7,255,,250,0,0
stim,14975,14975,0,406934.420,0.766,-0.209,-0.026,0.607,3146,0,0,0,0,175,0,124,20,0.031,96,0,16.686,2.932,2.640,16.440,-1.080,-0.285,-0.029,0.957,0.186,-2.926,-0.838,0.000,0.000,1.592,0.030,2,NULL,NULL,,1,0,1,7,255,,250,0,0
stim,14975,14975,0,406939.420,0.766,-0.209,-0.026,0.607,3156,0,0,0,0,181,0,120,20,0.031,96,0,16.672,2.932,2.580,16.440,-1.020,-0.284,-0.032,0.957,0.186,-2.926,-0.838,0.000,0.000,1.592,0.030,2,NULL,NULL,,1,0,1,7,255,,250,0,0
stim,14975,14975,0,406944.420,0.766,-0.209,-0.026,0.607,3155,0,0,0,0,181,0,125,20,0.031,96,0,16.659,2.941,2.580,16.440,-0.760,-0.283,-0.032,0.957,0.170,-2.936,-0.844,0.000,0.000,1.592,0.030,2,NULL,NULL,,1,0,1,7,255,,250,0,0
stim,14975,14975,0,406949.420,0.766,-0.209,-0.026,0.607,3143,0,0,0,0,170,0,121,20,0.031,96,0,16.663,2.941,2.640,16.440,-0.640,-0.285,-0.029,0.958,0.170,-2.936,-0.844,0.000,0.000,1.592,0.030,2,NULL,NULL,,1,0,1,7,255,,250,0,0
stim,14991,14991,0,406954.420,0.766,-0.209,-0.026,0.607,3166,0,0,0,0,179,0,123,20,0.031,96,0,16.678,2.932,2.700,16.440,-0.760,-0.286,-0.028,0.957,0.194,-2.926,-0.836,0.000,0.000,1.592,0.030,2,NULL,NULL,,1,0,1,7,255,,250,0,0
stim,14991,14991,0,406959.420,0.766,-0.209,-0.026,0.607,3140,0,0,0,0,173,0,120,20,0.031,96,0,16.737,2.932,2.640,16.500,-0.960,-0.285,-0.028,0.958,0.194,-2.926,-0.834,0.000,0.000,1.592,0.030,2,NULL,NULL,,1,0,1,7,255,,250,0,0
stim,14991,14991,0,406964.422,0.766,-0.209,-0.026,0.607,3143,0,0,0,0,171,0,133,20,0.031,96,0,16.797,2.934,2.640,16.560,-0.960,-0.285,-0.030,0.957,0.194,-2.928,-0.836,0.000,0.000,1.592,0.030,2,NULL,NULL,,1,0,1,7,255,,250,0,0
stim,14991,14991,0,406969.420,0.766,-0.209,-0.026,0.607,3139,0,0,0,0,179,0,119,20,0.031,96,0,16.732,2.934,2.580,16.500,-1.020,-0.285,-0.030,0.956,0.182,-2.928,-0.836,0.000,0.000,1.592,0.030,2,NULL,NULL,,1,0,1,7,255,,250,0,0
stim,14991,14991,0,406974.420,0.766,-0.209,-0.026,0.607,3160,0,0,0,0,179,0,120,20,0.031,96,0,16.735,2.934,2.580,16.500,-1.080,-0.285,-0.030,0.957,0.180,-2.928,-0.838,0.000,0.000,1.592,0.030,2,NULL,NULL,,1,0,1,7,255,,250,0,0
stim,14991,14991,0,406979.420,0.766,-0.209,-0.026,0.607,3151,0,0,0,0,179,0,121,20,0.031,96,0,16.813,2.938,2.700,16.560,-1.080,-0.285,-0.031,0.957,0.180,-2.932,-0.838,0.000,0.000,1.592,0.030,2,NULL,NULL,,1,0,1,7,255,,250,0,0
stim,15007,15007,0,406984.420,0.766,-0.209,-0.026,0.607,3132,0,0,0,0,175,0,133,20,0.031,96,0,16.810,2.940,2.700,16.560,-1.020,-0.283,-0.030,0.957,0.180,-2.934,-0.838,0.000,0.000,1.592,0.030,2,NULL,NULL,,1,0,1,7,255,,250,0,0
stim,15007,15007,0,406989.420,0.766,-0.209,-0.026,0.607,3131,0,0,0,0,179,0,119,20,0.031,96,0,16.836,2.945,2.580,16.620,-0.760,-0.283,-0.032,0.956,0.176,-2.940,-0.852,0.000,0.000,1.592,0.030,2,NULL,NULL,,1,0,1,7,255,,250,0,0
stim,15023,15023,0,406994.420,0.766,-0.209,-0.026,0.607,3131,0,0,0,0,187,0,121,20,0.031,96,0,16.822,2.946,2.520,16.620,-0.640,-0.285,-0.029,0.956,0.184,-2.940,-0.852,0.000,0.000,1.592,0.030,2,NULL,NULL,,1,0,1,7,255,,250,0,0
stim,15023,15023,0,406999.420,0.766,-0.209,-0.026,0.607,3143,0,0,0,0,175,0,123,20,0.031,96,0,16.765,2.930,2.520,16.560,-0.700,-0.286,-0.029,0.957,0.184,-2.924,-0.846,0.000,0.000,1.592,0.030,2,NULL,NULL,,1,0,1,7,255,,250,0,0
stim,15023,15023,0,407004.420,0.766,-0.209,-0.026,0.607,3147,0,0,0,0,173,0,120,20,0.031,96,0,16.883,2.926,2.460,16.680,-0.880,-0.286,-0.028,0.957,0.188,-2.920,-0.834,0.000,0.000,1.592,0.030,2,NULL,NULL,,1,0,1,7,255,,250,0,0
stim,15023,15023,0,407009.420,0.766,-0.209,-0.026,0.607,3140,0,0,0,0,171,0,120,20,0.031,96,0,16.823,2.926,2.400,16.620,-1.020,-0.284,-0.030,0.957,0.188,-2.920,-0.834,0.000,0.000,1.592,0.030,2,NULL,NULL,,1,0,1,7,255,,250,0,0
stim,15039,15039,0,407014.422,0.766,-0.209,-0.026,0.607,3133,0,0,0,0,167,0,131,20,0.031,96,0,16.872,2.946,2.400,16.680,-0.820,-0.284,-0.030,0.957,0.188,-2.940,-0.844,0.000,0.000,1.592,0.030,2,NULL,NULL,,1,0,1,7,255,,250,0,0
stim,15071,15071,0,407019.421,0.766,-0.209,-0.026,0.607,3158,0,0,0,0,153,0,119,20,0.031,96,0,16.816,2.946,2.460,16.620,-0.700,-0.284,-0.030,0.957,0.184,-2.940,-0.844,0.000,0.000,1.592,0.030,2,NULL,NULL,,1,0,1,7,255,,250,0,0
stim,15071,15071,0,407024.421,0.766,-0.209,-0.026,0.607,3132,0,0,0,0,159,0,119,20,0.031,96,0,16.768,2.940,2.580,16.560,-0.520,-0.285,-0.030,0.957,0.184,-2.934,-0.844,0.000,0.000,1.592,0.030,2,NULL,NULL,,1,0,1,7,255,,250,0,0
stim,15071,15071,0,407029.420,0.766,-0.209,-0.026,0.608,3155,0,0,0,0,173,0,133,20,0.031,96,0,16.827,2.932,2.580,16.620,-0.520,-0.287,-0.029,0.956,0.182,-2.926,-0.840,0.000,0.000,1.592,0.030,2,NULL,NULL,,1,0,1,7,255,,250,0,0
stim,15087,15087,0,407034.421,0.766,-0.209,-0.026,0.608,3133,0,0,0,0,173,0,115,20,0.031,96,0,16.827,2.914,2.520,16.620,-0.760,-0.289,-0.029,0.957,0.184,-2.908,-0.834,0.000,0.000,1.592,0.030,2,NULL,NULL,,1,0,1,7,255,,250,0,0
stim,15087,15087,0,407039.420,0.766,-0.209,-0.026,0.608,3147,0,0,0,0,176,0,120,20,0.031,96,0,16.854,2.914,2.580,16.620,-1.080,-0.287,-0.029,0.956,0.184,-2.908,-0.834,0.000,0.000,1.592,0.030,2,NULL,NULL,,1,0,1,7,255,,250,0,0
stim,15087,15087,0,407044.420,0.766,-0.209,-0.026,0.608,3141,0,0,0,0,173,0,112,20,0.031,96,0,16.867,2.916,2.640,16.620,-1.140,-0.284,-0.029,0.957,0.188,-2.910,-0.836,0.000,0.000,1.592,0.030,2,NULL,NULL,,1,0,1,7,255,,250,0,0
stim,15087,15087,0,407049.420,0.766,-0.209,-0.026,0.608,3128,0,0,0,0,173,0,117,20,0.031,96,0,16.855,2.942,2.700,16.620,-0.760,-0.283,-0.030,0.955,0.188,-2.936,-0.848,0.000,0.000,1.592,0.030,2,NULL,NULL,,1,0,1,7,255,,250,0,0
stim,15087,15087,0,407054.420,0.766,-0.209,-0.026,0.608,3131,0,0,0,0,167,0,117,20,0.031,96,0,16.793,2.942,2.760,16.560,-0.400,-0.285,-0.031,0.956,0.182,-2.936,-0.848,0.000,0.000,1.592,0.030,2,NULL,NULL,,1,0,1,7,255,,250,0,0
stim,15087,15087,0,407059.420,0.766,-0.209,-0.026,0.608,3125,0,0,0,0,176,0,115,20,0.031,96,0,16.866,2.938,2.820,16.620,-0.520,-0.288,-0.028,0.956,0.182,-2.932,-0.846,0.000,0.000,1.592,0.030,2,NULL,NULL,,1,0,1,7,255,,250,0,0
stim,15087,15087,0,407064.422,0.766,-0.209,-0.026,0.608,3125,0,0,0,0,160,0,112,20,0.031,96,0,16.836,2.930,2.880,16.560,-0.960,-0.286,-0.028,0.958,0.188,-2.924,-0.832,0.000,0.000,1.592,0.030,2,NULL,NULL,,1,0,1,7,255,,250,0,0
stim,15087,15087,0,407069.420,0.766,-0.209,-0.026,0.608,3125,0,0,0,0,163,0,117,20,0.031,96,0,16.823,2.931,2.760,16.560,-1.080,-0.284,-0.029,0.957,0.196,-2.924,-0.832,0.000,0.000,1.592,0.030,2,NULL,NULL,,1,0,1,7,255,,250,0,0
stim,15103,15103,0,407074.420,0.765,-0.209,-0.026,0.608,3119,0,0,0,0,164,0,112,20,0.031,96,0,16.734,2.947,2.700,16.500,-0.700,-0.282,-0.031,0.956,0.196,-2.940,-0.844,0.000,0.000,1.592,0.030,2,NULL,NULL,,1,0,1,7,255,,250,0,0
stim,15103,15103,0,407079.420,0.765,-0.209,-0.026,0.608,3161,0,0,0,0,157,0,119,20,0.031,96,0,16.663,2.950,2.700,16.440,-0.280,-0.283,-0.029,0.956,0.192,-2.944,-0.858,0.000,0.000,1.592,0.030,2,NULL,NULL,,1,0,1,7,255,,250,0,0
stim,15103,15103,0,407084.420,0.765,-0.209,-0.026,0.608,3115,0,0,0,0,175,0,124,20,0.031,96,0,16.682,2.950,2.820,16.440,-0.280,-0.287,-0.028,0.956,0.190,-2.944,-0.858,0.000,0.000,1.592,0.030,2,NULL,NULL,,1,0,1,7,255,,250,0,0
stim,15103,15103,0,407089.420,0.765,-0.209,-0.026,0.608,3119,0,0,0,0,169,0,110,20,0.031,96,0,16.707,2.914,2.940,16.440,-0.460,-0.287,-0.027,0.956,0.192,-2.908,-0.840,0.000,0.000,1.592,0.030,2,NULL,NULL,,1,0,1,7,255,,250,0,0
stim,15119,15119,0,407094.422,0.765,-0.209,-0.026,0.608,3117,0,0,0,0,171,0,115,20,0.031,96,0,16.741,2.914,2.760,16.500,-0.640,-0.287,-0.028,0.957,0.190,-2.908,-0.840,0.000,0.000,1.592,0.030,2,NULL,NULL,,1,0,1,7,255,,250,0,0
stim,15119,15119,0,407099.420,0.765,-0.209,-0.026,0.608,3125,0,0,0,0,171,0,112,20,0.031,96,0,16.685,2.918,2.760,16.440,-0.700,-0.285,-0.029,0.957,0.190,-2.912,-0.840,0.000,0.000,1.592,0.030,2,NULL,NULL,,1,0,1,7,255,,250,0,0
stim,15119,15119,0,407104.420,0.765,-0.209,-0.026,0.608,3127,0,0,0,0,163,0,125,20,0.031,96,0,16.713,2.932,2.940,16.440,-0.640,-0.286,-0.031,0.956,0.184,-2.926,-0.840,0.000,0.000,1.592,0.030,2,NULL,NULL,,1,0,1,7,255,,250,0,0
stim,15119,15119,0,407109.420,0.765,-0.209,-0.026,0.608,3120,0,0,0,0,149,0,112,20,0.031,96,0,16.709,2.933,2.940,16.440,-0.520,-0.284,-0.030,0.957,0.178,-2.928,-0.846,0.000,0.000,1.592,0.030,2,NULL,NULL,,1,0,1,7,255,,250,0,0
stim,15167,15167,0,407114.422,0.765,-0.209,-0.026,0.608,3115,0,0,0,0,155,0,111,20,0.031,96,0,16.727,2.931,3.060,16.440,-0.400,-0.289,-0.029,0.956,0.172,-2.926,-0.846,0.000,0.000,1.592,0.030,2,NULL,NULL,,1,0,1,7,255,,250,0,0
stim,15186,15186,0,407119.420,0.765,-0.209,-0.026,0.608,3111,0,0,0,0,148,0,117,20,0.031,96,0,16.768,2.913,3.240,16.440,-0.640,-0.288,-0.028,0.957,0.178,-2.908,-0.828,0.000,0.000,1.592,0.030,2,NULL,NULL,,1,0,1,7,255,,250,0,0
stim,15186,15186,0,407124.420,0.765,-0.209,-0.026,0.608,3111,0,0,0,0,151,0,115,20,0.031,96,0,16.686,2.914,3.180,16.360,-0.820,-0.286,-0.028,0.957,0.186,-2.908,-0.828,0.000,0.000,1.592,0.030,2,NULL,NULL,,1,0,1,7,255,,250,0,0
stim,15186,15186,0,407129.422,0.765,-0.210,-0.026,0.608,3119,0,0,0,0,245,0,117,20,0.031,96,0,16.665,2.930,3.120,16.360,-0.580,-0.286,-0.031,0.957,0.186,-2.924,-0.834,0.000,0.000,1.592,0.030,2,NULL,NULL,,1,0,1,7,255,,250,0,0
stim,15186,15186,0,407134.420,0.765,-0.210,-0.026,0.608,3120,0,0,0,0,285,0,113,20,0.031,96,0,16.565,2.930,3.240,16.240,-0.400,-0.287,-0.029,0.955,0.180,-2.924,-0.838,0.000,0.000,1.592,0.030,2,NULL,NULL,,1,0,1,7,255,,250,0,0
stim,15186,15186,0,407139.420,0.765,-0.210,-0.026,0.608,3099,0,0,0,0,331,0,119,20,0.031,96,0,16.649,2.926,3.360,16.300,-0.460,-0.286,-0.028,0.957,0.180,-2.920,-0.838,0.000,0.000,1.592,0.030,2,NULL,NULL,,1,0,1,7,255,,250,0,0
stim,15188,15188,0,407144.420,0.765,-0.210,-0.026,0.608,3099,0,0,0,0,340,0,123,20,0.031,96,0,16.667,2.926,3.440,16.300,-0.520,-0.286,-0.028,0.958,0.186,-2.920,-0.836,0.000,0.000,1.592,0.030,2,NULL,NULL,,1,0,1,7,255,,250,0,0
stim,15188,15188,0,407149.420,0.765,-0.210,-0.026,0.608,3098,0,0,0,0,345,0,114,20,0.031,96,0,16.608,2.930,3.440,16.240,-0.520,-0.286,-0.028,0.957,0.186,-2.924,-0.836,0.000,0.000,1.592,0.030,2,NULL,NULL,,1,0,1,7,255,,250,0,0
stim,15189,15189,0,407154.420,0.765,-0.210,-0.026,0.608,3095,0,0,0,0,347,0,110,20,0.031,96,0,16.594,2.930,3.360,16.240,-0.580,-0.287,-0.029,0.956,0.186,-2.924,-0.838,0.000,0.000,1.592,0.030,2,NULL,NULL,,1,0,1,7,255,,250,0,0
stim,15189,15189,0,407159.420,0.765,-0.210,-0.026,0.608,3112,0,0,0,0,347,0,115,20,0.031,96,0,16.489,2.922,3.440,16.120,-0.460,-0.287,-0.028,0.956,0.180,-2.916,-0.838,0.000,0.000,1.592,0.030,2,NULL,NULL,,1,0,1,7,255,,250,0,0
stim,15199,15199,0,407164.422,0.765,-0.210,-0.026,0.608,3087,0,0,0,0,347,0,115,20,0.031,96,0,16.588,2.922,3.620,16.180,-0.520,-0.286,-0.027,0.957,0.180,-2.916,-0.838,0.000,0.000,1.592,0.030,2,NULL,NULL,,1,0,1,7,255,,250,0,0
stim,15218,15218,0,407169.420,0.765,-0.210,-0.026,0.609,3087,0,0,0,0,349,0,115,20,0.031,96,0,16.709,2.926,3.620,16.300,-0.640,-0.286,-0.028,0.957,0.182,-2.920,-0.838,0.000,0.000,1.592,0.030,2,NULL,NULL,,1,0,1,7,255,,250,0,0
stim,15218,15218,0,407174.420,0.765,-0.210,-0.026,0.609,3089,0,0,0,0,353,0,111,20,0.031,96,0,16.469,2.930,3.620,16.060,-0.460,-0.285,-0.030,0.956,0.182,-2.924,-0.838,0.000,0.000,1.592,0.030,2,NULL,NULL,,1,0,1,7,255,,250,0,0
stim,15218,15218,0,407179.420,0.765,-0.210,-0.025,0.609,3081,0,0,0,0,351,0,115,20,0.031,96,0,16.538,2.939,3.680,16.120,-0.340,-0.285,-0.029,0.957,0.178,-2.934,-0.844,0.000,0.000,1.592,0.030,2,NULL,NULL,,1,0,1,7,255,,250,0,0
stim,15218,15218,0,407184.421,0.765,-0.210,-0.025,0.609,3081,0,0,0,0,349,0,115,20,0.031,96,0,16.564,2.939,3.800,16.120,-0.280,-0.285,-0.028,0.958,0.178,-2.934,-0.844,0.000,0.000,1.592,0.030,2,NULL,NULL,,1,0,1,7,255,,250,0,0
stim,15218,15218,0,407189.421,0.765,-0.210,-0.025,0.609,3079,0,0,0,0,347,0,130,20,0.031,96,0,16.670,2.940,3.740,16.240,-0.400,-0.285,-0.028,0.957,0.184,-2.934,-0.844,0.000,0.000,1.592,0.030,2,NULL,NULL,,1,0,1,7,255,,250,0,0
stim,15218,15218,0,407194.422,0.765,-0.210,-0.025,0.609,3065,0,0,0,0,350,0,116,20,0.031,96,0,16.571,2.938,3.560,16.180,-0.340,-0.285,-0.029,0.956,0.184,-2.932,-0.844,0.000,0.000,1.592,0.030,2,NULL,NULL,,1,0,1,7,255,,250,0,0
stim,15218,15218,0,407199.420,0.765,-0.210,-0.025,0.609,3064,0,0,0,0,351,0,115,20,0.031,96,0,16.486,2.937,3.440,16.120,-0.340,-0.283,-0.031,0.958,0.174,-2.932,-0.846,0.000,0.000,1.592,0.030,2,NULL,NULL,,1,0,1,7,255,,250,0,0
stim,15231,15231,0,407204.420,0.765,-0.210,-0.025,0.609,3053,0,0,0,0,369,0,112,20,0.031,96,0,16.528,2.958,3.360,16.180,-0.280,-0.283,-0.031,0.956,0.162,-2.954,-0.848,0.000,0.000,1.592,0.030,2,NULL,NULL,,1,0,1,7,255,,250,0,0
stim,15231,15231,0,407209.420,0.765,-0.210,-0.025,0.609,3095,0,0,0,0,351,0,118,20,0.031,96,0,16.554,2.958,3.500,16.180,-0.040,-0.284,-0.031,0.957,0.154,-2.954,-0.848,0.000,0.000,1.592,0.030,2,NULL,NULL,,1,0,1,7,255,,250,0,0
stim,15252,15252,0,407214.422,0.765,-0.210,-0.025,0.609,3059,0,0,0,0,355,0,113,20,0.031,96,0,16.554,2.954,3.500,16.180,0.080,-0.285,-0.029,0.955,0.154,-2.950,-0.856,0.000,0.000,1.592,0.030,2,NULL,NULL,,1,0,1,7,255,,250,0,0
stim,15266,15266,0,407219.420,0.765,-0.210,-0.025,0.609,3055,0,0,0,0,354,0,115,20,0.031,96,0,16.498,2.939,3.500,16.120,0.280,-0.285,-0.029,0.957,0.168,-2.934,-0.848,0.000,0.000,1.592,0.030,2,NULL,NULL,,1,0,1,7,255,,250,0,0
stim,15266,15266,0,407224.420,0.765,-0.210,-0.025,0.609,3053,0,0,0,0,352,0,117,20,0.031,96,0,16.522,2.933,3.620,16.120,0.140,-0.286,-0.027,0.957,0.170,-2.928,-0.838,0.000,0.000,1.592,0.030,2,NULL,NULL,,1,0,1,7,255,,250,0,0
stim,15266,15266,0,407229.421,0.765,-0.210,-0.025,0.609,3051,0,0,0,0,355,0,116,20,0.031,96,0,16.593,2.928,3.680,16.180,-0.040,-0.286,-0.026,0.958,0.184,-2.922,-0.836,0.000,0.000,1.592,0.030,2,NULL,NULL,,1,0,1,7,255,,250,0,0
stim,15299,15299,0,407234.420,0.764,-0.210,-0.025,0.609,3051,0,0,0,0,350,0,112,20,0.031,96,0,16.607,2.928,3.740,16.180,0.080,-0.286,-0.028,0.957,0.184,-2.922,-0.834,0.000,0.000,1.592,0.030,2,NULL,NULL,,1,0,1,7,255,,250,0,0
stim,15299,15299,0,407239.420,0.764,-0.210,-0.025,0.609,3049,0,0,0,0,351,0,116,20,0.031,96,0,16.520,2.927,3.860,16.060,0.280,-0.287,-0.028,0.956,0.174,-2.922,-0.834,0.000,0.000,1.592,0.030,2,NULL,NULL,,1,0,1,7,255,,250,0,0
stim,15301,15301,0,407244.420,0.764,-0.210,-0.025,0.609,3060,0,0,0,0,355,0,115,20,0.031,96,0,16.548,2.919,3.980,16.060,0.280,-0.287,-0.026,0.955,0.174,-2.914,-0.840,0.000,0.000,1.592,0.030,2,NULL,NULL,,1,0,1,7,255,,250,0,0
stim,15301,15301,0,407249.420,0.764,-0.210,-0.025,0.609,3063,0,0,0,0,350,0,116,20,0.031,96,0,16.518,2.915,4.100,16.000,0.140,-0.287,-0.026,0.957,0.178,-2.910,-0.840,0.000,0.000,1.592,0.030,2,NULL,NULL,,1,0,1,7,255,,250,0,0
stim,15301,15301,0,407254.420,0.764,-0.210,-0.025,0.609,3027,0,0,0,0,349,0,115,20,0.031,96,0,16.532,2.911,4.160,16.000,-0.040,-0.287,-0.024,0.957,0.178,-2.906,-0.830,0.000,0.000,1.592,0.030,2,NULL,NULL,,1,0,1,7,255,,250,0,0
stim,15301,15301,0,407259.420,0.764,-0.210,-0.025,0.609,3029,0,0,0,0,349,0,115,20,0.031,96,0,16.575,2.916,4.100,16.060,-0.100,-0.285,-0.025,0.958,0.194,-2.910,-0.826,0.000,0.000,1.592,0.030,2,NULL,NULL,,1,0,1,7,255,,250,0,0
stim,15302,15302,0,407264.422,0.764,-0.210,-0.025,0.609,3033,0,0,0,0,351,0,115,20,0.031,96,0,16.488,2.942,3.980,16.000,-0.100,-0.284,-0.026,0.957,0.194,-2.936,-0.826,0.000,0.000,1.592,0.030,2,NULL,NULL,,1,0,1,7,255,,250,0,0
stim,15314,15314,0,407269.420,0.764,-0.210,-0.025,0.609,3020,0,0,0,0,348,0,117,20,0.031,96,0,16.328,2.942,3.800,15.880,0.020,-0.285,-0.026,0.957,0.188,-2.936,-0.838,0.000,0.000,1.592,0.030,2,NULL,NULL,,1,0,1,7,255,,250,0,0
stim,15314,15314,0,407274.420,0.764,-0.210,-0.025,0.609,3016,0,0,0,0,347,0,111,20,0.031,96,0,15.853,2.938,3.180,15.520,-0.580,-0.289,-0.026,0.962,0.180,-2.932,-0.838,0.000,0.000,1.592,0.030,2,NULL,NULL,,1,0,1,7,255,,250,0,0
stim,15314,15314,0,407279.420,0.764,-0.210,-0.025,0.609,3003,0,0,0,0,343,0,117,20,0.031,96,0,16.217,2.930,2.220,16.000,-1.440,-0.289,-0.027,0.961,0.180,-2.924,-0.782,0.000,0.000,1.592,0.030,2,NULL,NULL,,1,0,1,7,255,,250,0,0
stim,15314,15314,0,407284.420,0.764,-0.210,-0.025,0.609,3003,0,0,0,0,325,0,114,20,0.031,96,0,16.107,2.930,2.280,15.880,-1.440,-0.278,-0.026,0.950,0.180,-2.924,-0.782,0.000,0.000,1.592,0.030,2,NULL,NULL,,1,0,1,7,255,,250,0,0
stim,15314,15314,0,407289.420,0.764,-0.210,-0.025,0.609,2999,0,0,0,0,253,0,115,20,0.031,96,0,16.387,2.949,3.240,16.060,-0.340,-0.276,-0.029,0.949,0.172,-2.944,-0.928,0.000,0.000,1.592,0.030,2,NULL,NULL,,1,0,1,7,255,,250,0,0
stim,15314,15314,0,407294.420,0.764,-0.210,-0.025,0.609,2996,0,0,0,0,244,0,125,20,0.031,96,0,16.291,2.961,3.860,15.820,0.460,-0.282,-0.031,0.955,0.164,-2.956,-0.928,0.000,0.000,1.592,0.030,2,NULL,NULL,,1,0,1,7,255,,250,0,0
stim,15314,15314,0,407299.420,0.764,-0.210,-0.024,0.609,2991,0,0,0,0,240,0,115,20,0.031,96,0,16.319,2.960,3.740,15.880,0.400,-0.288,-0.028,0.960,0.154,-2.956,-0.874,0.000,0.000,1.592,0.030,2,NULL,NULL,,1,0,1,7,255,,250,0,0
stim,15327,15327,0,407304.420,0.764,-0.210,-0.024,0.609,2991,0,0,0,0,221,0,115,20,0.031,96,0,16.314,2.928,3.180,16.000,-0.160,-0.288,-0.025,0.960,0.154,-2.924,-0.796,0.000,0.000,1.592,0.030,2,NULL,NULL,,1,0,1,7,255,,250,0,0
stim,15327,15327,0,407309.420,0.764,-0.210,-0.024,0.609,2999,0,0,0,0,234,0,112,20,0.031,96,0,16.283,2.929,2.940,16.000,-0.700,-0.285,-0.026,0.958,0.174,-2.924,-0.796,0.000,0.000,1.592,0.030,2,NULL,NULL,,1,0,1,7,255,,250,0,0
stim,15343,15343,0,407314.422,0.764,-0.210,-0.024,0.609,2989,0,0,0,0,198,0,122,20,0.031,96,0,16.280,2.936,2.940,16.000,-0.640,-0.283,-0.026,0.956,0.182,-2.930,-0.828,0.000,0.000,1.592,0.030,2,NULL,NULL,,1,0,1,7,255,,250,0,0
stim,15375,15375,0,407319.420,0.764,-0.210,-0.024,0.610,2994,0,0,0,0,219,0,115,20,0.031,96,0,16.304,2.941,3.120,16.000,-0.280,-0.283,-0.029,0.956,0.174,-2.936,-0.858,0.000,0.000,1.592,0.030,2,NULL,NULL,,1,0,1,7,255,,250,0,0
stim,15375,15375,0,407324.420,0.764,-0.210,-0.024,0.610,2987,0,0,0,0,205,0,117,20,0.031,96,0,16.325,2.940,3.240,16.000,-0.040,-0.285,-0.028,0.956,0.152,-2.936,-0.858,0.000,0.000,1.592,0.030,2,NULL,NULL,,1,0,1,7,255,,250,0,0
stim,15375,15375,0,407329.420,0.764,-0.210,-0.024,0.610,3005,0,0,0,0,173,0,119,20,0.031,96,0,16.337,2.930,3.300,16.000,-0.100,-0.286,-0.027,0.957,0.152,-2.926,-0.844,0.000,0.000,1.592,0.030,2,NULL,NULL,,1,0,1,7,255,,250,0,0
stim,15391,15391,0,407334.421,0.764,-0.210,-0.024,0.610,2984,0,0,0,0,214,0,117,20,0.031,96,0,16.388,2.925,3.240,16.060,-0.400,-0.288,-0.026,0.958,0.164,-2.920,-0.836,0.000,0.000,1.592,0.030,2,NULL,NULL,,1,0,1,7,255,,250,0,0
stim,15391,15391,0,407339.420,0.764,-0.210,-0.024,0.610,2995,0,0,0,0,195,0,117,20,0.031,96,0,16.375,2.925,3.120,16.060,-0.700,-0.286,-0.025,0.958,0.170,-2.920,-0.824,0.000,0.000,1.592,0.030,2,NULL,NULL,,1,0,1,7,255,,250,0,0
stim,15391,15391,0,407344.421,0.764,-0.210,-0.024,0.610,2985,0,0,0,0,189,0,117,20,0.031,96,0,16.367,2.929,3.060,16.060,-0.760,-0.284,-0.028,0.958,0.170,-2.924,-0.824,0.000,0.000,1.592,0.030,2,NULL,NULL,,1,0,1,7,255,,250,0,0
stim,15391,15391,0,407349.420,0.764,-0.210,-0.024,0.610,2975,0,0,0,0,191,0,117,20,0.031,96,0,16.346,2.938,3.000,16.060,-0.520,-0.284,-0.028,0.957,0.158,-2.934,-0.836,0.000,0.000,1.592,0.030,2,NULL,NULL,,1,0,1,7,255,,250,0,0
stim,15391,15391,0,407354.420,0.764,-0.210,-0.024,0.610,3013,0,0,0,0,195,0,119,20,0.031,96,0,16.344,2.938,3.000,16.060,-0.460,-0.284,-0.026,0.956,0.158,-2.934,-0.844,0.000,0.000,1.592,0.030,2,NULL,NULL,,1,0,1,7,255,,250,0,0
stim,15391,15391,0,407359.420,0.764,-0.210,-0.024,0.610,2987,0,0,0,0,171,0,119,20,0.031,96,0,16.380,2.935,3.180,16.060,-0.520,-0.285,-0.025,0.957,0.170,-2.930,-0.844,0.000,0.000,1.592,0.030,2,NULL,NULL,,1,0,1,7,255,,250,0,0
stim,15407,15407,0,407364.421,0.764,-0.211,-0.024,0.610,2968,0,0,0,0,188,0,111,20,0.031,96,0,16.448,2.926,3.180,16.120,-0.760,-0.285,-0.025,0.957,0.180,-2.920,-0.834,0.000,0.000,1.592,0.030,2,NULL,NULL,,1,0,1,7,255,,250,0,0
stim,15407,15407,0,407369.421,0.764,-0.211,-0.024,0.610,2969,0,0,0,0,159,0,116,20,0.031,96,0,16.443,2.926,3.120,16.120,-0.880,-0.283,-0.025,0.957,0.180,-2.920,-0.834,0.000,0.000,1.592,0.030,2,NULL,NULL,,1,0,1,7,255,,250,0,0
stim,15407,15407,0,407374.420,0.764,-0.210,-0.024,0.610,2969,0,0,0,0,152,0,115,20,0.031,96,0,16.452,2.942,2.880,16.180,-0.760,-0.283,-0.027,0.957,0.180,-2.936,-0.844,0.000,0.000,1.592,0.030,2,NULL,NULL,,1,0,1,7,255,,250,0,0
stim,15407,15407,0,407379.420,0.764,-0.210,-0.024,0.610,2971,0,0,0,0,140,0,121,20,0.031,96,0,16.457,2.945,2.940,16.180,-0.640,-0.282,-0.027,0.957,0.166,-2.940,-0.848,0.000,0.000,1.592,0.030,2,NULL,NULL,,1,0,1,7,255,,250,0,0
stim,15407,15407,0,407384.420,0.764,-0.211,-0.024,0.610,2979,0,0,0,0,10,0,119,20,0.031,96,0,16.453,2.944,2.940,16.180,-0.520,-0.285,-0.027,0.957,0.160,-2.940,-0.848,0.000,0.000,1.592,0.030,2,NULL,NULL,,1,0,1,7,255,,250,0,0
stim,15407,15407,0,407389.422,0.764,-0.211,-0.024,0.610,2999,0,0,0,0,10,0,116,20,0.031,96,0,16.447,2.933,2.880,16.180,-0.640,-0.284,-0.026,0.956,0.166,-2.928,-0.850,0.000,0.000,1.592,0.030,2,NULL,NULL,,1,0,1,7,255,,250,0,0
stim,15423,15423,0,407394.420,0.764,-0.210,-0.024,0.610,2967,0,0,0,0,9,0,117,20,0.031,96,0,16.462,2.933,2.940,16.180,-0.760,-0.283,-0.026,0.957,0.170,-2.928,-0.844,0.000,0.000,1.592,0.030,2,NULL,NULL,,1,0,1,7,255,,250,0,0
stim,15423,15423,0,407399.420,0.764,-0.210,-0.024,0.610,2977,0,0,0,0,9,0,117,20,0.031,96,0,16.521,2.943,2.940,16.240,-0.760,-0.282,-0.027,0.958,0.170,-2.938,-0.846,0.000,0.000,1.592,0.030,2,NULL,NULL,,1,0,1,7,255,,250,0,0
stim,15423,15423,0,407404.420,0.763,-0.210,-0.024,0.610,2959,0,0,0,0,18,0,110,20,0.031,96,0,16.506,2.945,2.880,16.240,-0.640,-0.283,-0.027,0.957,0.166,-2.940,-0.844,0.000,0.000,1.592,0.030,2,NULL,NULL,,1,0,1,7,255,,250,0,0
stim,15423,15423,0,407409.420,0.763,-0.210,-0.024,0.610,2969,0,0,0,0,10,0,119,20,0.031,96,0,16.573,2.947,2.940,16.300,-0.580,-0.283,-0.026,0.957,0.166,-2.942,-0.846,0.000,0.000,1.592,0.030,2,NULL,NULL,,1,0,1,7,255,,250,0,0
stim,15439,15439,0,407414.420,0.763,-0.211,-0.024,0.610,2966,0,0,0,0,7,0,111,20,0.031,96,0,16.593,2.945,3.060,16.300,-0.520,-0.284,-0.025,0.957,0.168,-2.940,-0.844,0.000,0.000,1.592,0.030,2,NULL,NULL,,1,0,1,7,255,,250,0,0
stim,15439,15439,0,407419.422,0.763,-0.211,-0.024,0.610,2973,0,0,0,0,9,0,119,20,0.031,96,0,16.656,2.941,3.060,16.360,-0.640,-0.283,-0.025,0.957,0.172,-2.936,-0.844,0.000,0.000,1.592,0.030,2,NULL,NULL,,1,0,1,7,255,,250,0,0
stim,15471,15471,0,407424.420,0.763,-0.211,-0.024,0.610,2967,0,0,0,0,11,0,111,20,0.031,96,0,16.639,2.941,2.940,16.360,-0.760,-0.282,-0.027,0.958,0.172,-2.936,-0.844,0.000,0.000,1.592,0.030,2,NULL,NULL,,1,0,1,7,255,,250,0,0
stim,15471,15471,0,407429.420,0.763,-0.211,-0.024,0.610,2968,0,0,0,0,12,0,112,20,0.031,96,0,16.561,2.957,2.880,16.300,-0.520,-0.281,-0.027,0.957,0.166,-2.952,-0.846,0.000,0.000,1.592,0.030,2,NULL,NULL,,1,0,1,7,255,,250,0,0
stim,15487,15487,0,407434.422,0.763,-0.211,-0.024,0.610,2985,0,0,0,0,19,0,124,20,0.031,96,0,16.624,2.957,2.940,16.360,-0.220,-0.284,-0.026,0.956,0.166,-2.952,-0.850,0.000,0.000,1.592,0.030,2,NULL,NULL,,1,0,1,7,255,,250,0,0
stim,15487,15487,0,407439.420,0.763,-0.211,-0.024,0.610,2968,0,0,0,0,13,0,123,20,0.031,96,0,16.656,2.935,3.120,16.360,-0.220,-0.284,-0.024,0.957,0.166,-2.930,-0.850,0.000,0.000,1.592,0.030,2,NULL,NULL,,1,0,1,7,255,,250,0,0
stim,15487,15487,0,407444.420,0.763,-0.211,-0.024,0.610,2971,0,0,0,0,16,0,137,20,0.031,96,0,16.681,2.935,3.240,16.360,-0.340,-0.284,-0.025,0.958,0.172,-2.930,-0.842,0.000,0.000,1.592,0.030,2,NULL,NULL,,1,0,1,7,255,,250,0,0
stim,15487,15487,0,407449.420,0.763,-0.211,-0.024,0.610,2980,0,0,0,0,13,0,124,20,0.031,96,0,16.761,2.941,3.240,16.440,-0.400,-0.283,-0.026,0.957,0.172,-2.936,-0.842,0.000,0.000,1.592,0.030,2,NULL,NULL,,1,0,1,7,255,,250,0,0
stim,15487,15487,0,407454.420,0.763,-0.211,-0.024,0.610,2958,0,0,0,0,16,0,123,20,0.031,96,0,16.746,2.943,3.180,16.440,-0.220,-0.283,-0.026,0.957,0.166,-2.938,-0.844,0.000,0.000,1.592,0.030,2,NULL,NULL,,1,0,1,7,255,,250,0,0
stim,15487,15487,0,407459.420,0.763,-0.211,-0.024,0.610,2964,0,0,0,0,12,0,125,20,0.031,96,0,16.678,2.941,3.240,16.360,-0.040,-0.283,-0.027,0.955,0.166,-2.936,-0.848,0.000,0.000,1.592,0.030,2,NULL,NULL,,1,0,1,7,255,,250,0,0
stim,15487,15487,0,407464.423,0.763,-0.211,-0.024,0.610,2963,0,0,0,0,11,0,124,20,0.031,96,0,16.585,2.936,3.360,16.240,0.140,-0.285,-0.028,0.954,0.154,-2.932,-0.860,0.000,0.000,1.592,0.030,2,NULL,NULL,,1,0,1,7,255,,250,0,0
stim,15503,15503,0,407469.420,0.763,-0.211,-0.024,0.610,2963,0,0,0,0,11,0,124,20,0.031,96,0,16.538,2.922,3.680,16.120,0.340,-0.287,-0.025,0.957,0.154,-2.918,-0.860,0.000,0.000,1.592,0.030,2,NULL,NULL,,1,0,1,7,255,,250,0,0
stim,15503,15503,0,407474.420,0.763,-0.211,-0.024,0.611,2965,0,0,0,0,11,0,123,20,0.031,96,0,16.508,2.912,3.560,16.120,0.020,-0.289,-0.023,0.959,0.158,-2.908,-0.824,0.000,0.000,1.592,0.030,2,NULL,NULL,,1,0,1,7,255,,250,0,0
stim,15503,15503,0,407479.420,0.763,-0.211,-0.023,0.611,2963,0,0,0,0,10,0,123,20,0.031,96,0,16.615,2.913,3.740,16.180,-0.520,-0.286,-0.021,0.960,0.178,-2.908,-0.800,0.000,0.000,1.592,0.030,2,NULL,NULL,,1,0,1,7,255,,250,0,0
stim,15503,15503,0,407484.420,0.763,-0.211,-0.023,0.611,2957,0,0,0,0,12,0,123,20,0.031,96,0,16.705,2.929,3.620,16.300,-0.520,-0.282,-0.022,0.958,0.200,-2.922,-0.800,0.000,0.000,1.592,0.030,2,NULL,NULL,,1,0,1,7,255,,250,0,0
stim,15503,15503,0,407489.420,0.763,-0.211,-0.023,0.611,2971,0,0,0,0,9,0,139,20,0.031,96,0,16.720,2.945,3.440,16.360,-0.280,-0.282,-0.023,0.956,0.200,-2.938,-0.840,0.000,0.000,1.592,0.030,2,NULL,NULL,,1,0,1,7,255,,250,0,0
stim,15519,15519,0,407494.420,0.763,-0.211,-0.023,0.611,2955,0,0,0,0,11,0,127,20,0.031,96,0,16.626,2.944,3.560,16.240,-0.100,-0.284,-0.025,0.955,0.182,-2.938,-0.858,0.000,0.000,1.592,0.030,2,NULL,NULL,,1,0,1,7,255,,250,0,0
stim,15519,15519,0,407499.420,0.763,-0.211,-0.023,0.611,2979,0,0,0,0,11,0,133,20,0.031,96,0,16.572,2.928,3.560,16.180,-0.400,-0.286,-0.026,0.956,0.162,-2.924,-0.858,0.000,0.000,1.592,0.030,2,NULL,NULL,,1,0,1,7,255,,250,0,0
stim,15535,15535,0,407504.420,0.763,-0.211,-0.023,0.611,2952,0,0,0,0,9,0,125,20,0.031,96,0,16.529,2.928,3.240,16.180,-0.960,-0.283,-0.029,0.958,0.144,-2.924,-0.838,0.000,0.000,1.592,0.030,2,NULL,NULL,,1,0,1,7,255,,250,0,0
stim,15535,15535,0,407509.420,0.763,-0.211,-0.023,0.611,2958,0,0,0,0,10,0,137,20,0.031,96,0,16.619,2.965,3.120,16.300,-0.880,-0.279,-0.029,0.954,0.132,-2.962,-0.838,0.000,0.000,1.592,0.030,2,NULL,NULL,,1,0,1,7,255,,250,0,0
stim,15535,15535,0,407514.422,0.763,-0.211,-0.023,0.611,2963,0,0,0,0,16,0,125,20,0.031,96,0,16.573,2.967,3.300,16.240,-0.160,-0.278,-0.028,0.953,0.132,-2.964,-0.894,0.000,0.000,1.592,0.030,2,NULL,NULL,,1,0,1,7,255,,250,0,0
stim,15585,15585,0,407519.420,0.763,-0.211,-0.023,0.611,2957,0,0,0,0,10,0,124,20,0.031,96,0,16.717,2.967,3.680,16.300,0.460,-0.281,-0.026,0.953,0.138,-2.964,-0.894,0.000,0.000,1.592,0.030,2,NULL,NULL,,1,0,1,7,255,,250,0,0
stim,15585,15585,0,407524.420,0.763,-0.211,-0.023,0.611,2956,0,0,0,0,13,0,123,20,0.031,96,0,16.719,2.945,3.920,16.240,0.640,-0.285,-0.027,0.957,0.138,-2.942,-0.890,0.000,0.000,1.592,0.030,2,NULL,NULL,,1,0,1,7,255,,250,0,0
stim,15585,15585,0,407529.420,0.763,-0.211,-0.023,0.611,2957,0,0,0,0,10,0,123,20,0.031,96,0,16.741,2.943,3.800,16.300,0.340,-0.285,-0.027,0.959,0.140,-2.940,-0.838,0.000,0.000,1.592,0.030,2,NULL,NULL,,1,0,1,7,255,,250,0,0
stim,15599,15599,0,407534.422,0.763,-0.211,-0.023,0.611,2955,0,0,0,0,20,0,119,20,0.031,96,0,16.743,2.937,3.560,16.360,0.140,-0.285,-0.025,0.958,0.140,-2.934,-0.828,0.000,0.000,1.592,0.030,2,NULL,NULL,,1,0,1,7,255,,250,0,0
stim,15599,15599,0,407539.420,0.763,-0.211,-0.023,0.611,2971,0,0,0,0,17,0,121,20,0.031,96,0,16.711,2.938,3.680,16.300,0.200,-0.284,-0.025,0.956,0.154,-2.934,-0.828,0.000,0.000,1.592,0.030,2,NULL,NULL,,1,0,1,7,255,,250,0,0
stim,15599,15599,0,407544.420,0.763,-0.211,-0.023,0.611,2955,0,0,0,0,16,0,125,20,0.031,96,0,16.729,2.936,3.980,16.240,0.520,-0.284,-0.025,0.956,0.154,-2.932,-0.850,0.000,0.000,1.592,0.030,2,NULL,NULL,,1,0,1,7,255,,250,0,0
stim,15599,15599,0,407549.420,0.763,-0.211,-0.023,0.611,2985,0,0,0,0,17,0,120,20,0.031,96,0,16.789,2.930,4.220,16.240,0.580,-0.285,-0.024,0.956,0.154,-2.926,-0.850,0.000,0.000,1.592,0.030,2,NULL,NULL,,1,0,1,7,255,,250,0,0
stim,15599,15599,0,407554.420,0.763,-0.211,-0.023,0.611,2959,0,0,0,0,9,0,135,20,0.031,96,0,16.769,2.926,4.160,16.240,0.400,-0.286,-0.023,0.958,0.158,-2.922,-0.842,0.000,0.000,1.592,0.030,2,NULL,NULL,,1,0,1,7,255,,250,0,0
stim,15599,15599,0,407559.420,0.763,-0.211,-0.023,0.611,2955,0,0,0,0,11,0,120,20,0.031,96,0,16.710,2.924,4.160,16.180,0.340,-0.286,-0.022,0.959,0.162,-2.920,-0.818,0.000,0.000,1.592,0.030,2,NULL,NULL,,1,0,1,7,255,,250,0,0
stim,15599,15599,0,407564.422,0.762,-0.211,-0.023,0.611,2955,0,0,0,0,12,0,122,20,0.031,96,0,16.782,2.925,4.220,16.240,0.280,-0.285,-0.020,0.958,0.176,-2.920,-0.818,0.000,0.000,1.592,0.030,2,NULL,NULL,,1,0,1,7,255,,250,0,0
stim,15619,15619,0,407569.420,0.762,-0.212,-0.023,0.611,2953,0,0,0,0,16,0,119,20,0.031,96,0,16.781,2.926,4.220,16.240,0.200,-0.285,-0.021,0.958,0.184,-2.920,-0.824,0.000,0.000,1.592,0.030,2,NULL,NULL,,1,0,1,7,255,,250,0,0
stim,15619,15619,0,407574.420,0.762,-0.212,-0.023,0.611,2952,0,0,0,0,9,0,121,20,0.031,96,0,16.782,2.926,4.220,16.240,0.280,-0.285,-0.021,0.958,0.184,-2.920,-0.830,0.000,0.000,1.592,0.030,2,NULL,NULL,,1,0,1,7,255,,250,0,0
stim,15619,15619,0,407579.420,0.762,-0.212,-0.023,0.611,2953,0,0,0,0,9,0,118,20,0.031,96,0,16.722,2.925,4.220,16.180,0.200,-0.286,-0.022,0.958,0.176,-2.920,-0.826,0.000,0.000,1.592,0.030,2,NULL,NULL,,1,0,1,7,255,,250,0,0
stim,15619,15619,0,407584.420,0.762,-0.212,-0.023,0.611,2937,0,0,0,0,9,0,121,20,0.031,96,0,16.765,2.925,4.160,16.240,-0.100,-0.285,-0.020,0.958,0.176,-2.920,-0.826,0.000,0.000,1.592,0.030,2,NULL,NULL,,1,0,1,7,255,,250,0,0
stim,15619,15619,0,407589.420,0.762,-0.212,-0.023,0.611,2963,0,0,0,0,10,0,126,20,0.031,96,0,16.795,2.921,4.040,16.300,-0.220,-0.287,-0.021,0.958,0.178,-2.916,-0.826,0.000,0.000,1.592,0.030,2,NULL,NULL,,1,0,1,7,255,,250,0,0
stim,15620,15620,0,407594.420,0.762,-0.212,-0.023,0.611,2967,0,0,0,0,16,0,119,20,0.031,96,0,16.782,2.925,3.980,16.300,-0.340,-0.285,-0.022,0.958,0.178,-2.920,-0.826,0.000,0.000,1.592,0.030,2,NULL,NULL,,1,0,1,7,255,,250,0,0
stim,15620,15620,0,407599.420,0.762,-0.212,-0.023,0.611,2931,0,0,0,0,13,0,123,20,0.031,96,0,16.695,2.931,3.860,16.240,-0.280,-0.285,-0.021,0.958,0.170,-2.926,-0.830,0.000,0.000,1.592,0.030,2,NULL,NULL,,1,0,1,7,255,,250,0,0
stim,15631,15631,0,407604.420,0.762,-0.212,-0.022,0.611,2927,0,0,0,0,247,0,123,20,0.031,96,0,16.788,2.931,3.740,16.360,-0.460,-0.286,-0.020,0.959,0.170,-2.926,-0.830,0.000,0.000,1.592,0.030,2,NULL,NULL,,1,0,1,7,255,,250,0,0
stim,15631,15631,0,407609.420,0.762,-0.212,-0.022,0.611,2928,0,0,0,0,288,0,123,20,0.031,96,0,16.761,2.924,3.500,16.360,-1.020,-0.286,-0.020,0.958,0.180,-2.918,-0.818,0.000,0.000,1.592,0.030,2,NULL,NULL,,1,0,1,7,255,,250,0,0
stim,15663,15663,0,407614.424,0.762,-0.212,-0.022,0.611,2965,0,0,0,0,309,0,121,20,0.031,96,0,16.723,2.924,3.180,16.360,-1.380,-0.285,-0.021,0.959,0.180,-2.918,-0.818,0.000,0.000,1.592,0.030,2,NULL,NULL,,1,0,1,7,255,,250,0,0
stim,15687,15687,0,407619.420,0.762,-0.212,-0.022,0.611,2926,0,0,0,0,310,0,121,20,0.031,96,0,16.636,2.941,2.940,16.300,-1.560,-0.283,-0.023,0.959,0.170,-2.936,-0.818,0.000,0.000,1.592,0.030,2,NULL,NULL,,1,0,1,7,255,,250,0,0
stim,15687,15687,0,407624.420,0.762,-0.212,-0.022,0.612,2957,0,0,0,0,315,0,127,20,0.031,96,0,16.742,2.960,2.820,16.440,-1.440,-0.281,-0.023,0.957,0.158,-2.956,-0.832,0.000,0.000,1.592,0.030,2,NULL,NULL,,1,0,1,7,255,,250,0,0
stim,15687,15687,0,407629.422,0.762,-0.212,-0.022,0.612,2924,0,0,0,0,313,0,121,20,0.031,96,0,16.791,2.962,2.940,16.500,-1.020,-0.280,-0.022,0.958,0.158,-2.958,-0.860,0.000,0.000,1.592,0.030,2,NULL,NULL,,1,0,1,7,255,,250,0,0
stim,15689,15689,0,407634.420,0.762,-0.212,-0.022,0.612,2924,0,0,0,0,315,0,119,20,0.031,96,0,16.836,2.963,2.940,16.560,-0.760,-0.284,-0.020,0.957,0.174,-2.958,-0.860,0.000,0.000,1.592,0.030,2,NULL,NULL,,1,0,1,7,255,,250,0,0
stim,15689,15689,0,407639.421,0.762,-0.212,-0.022,0.612,2925,0,0,0,0,317,0,133,20,0.031,96,0,16.836,2.934,2.880,16.560,-0.960,-0.285,-0.020,0.958,0.180,-2.928,-0.842,0.000,0.000,1.592,0.030,2,NULL,NULL,,1,0,1,7,255,,250,0,0
stim,15689,15689,0,407644.420,0.762,-0.212,-0.022,0.612,2928,0,0,0,0,316,0,123,20,0.031,96,0,16.909,2.934,2.760,16.620,-1.440,-0.284,-0.021,0.958,0.180,-2.928,-0.828,0.000,0.000,1.592,0.030,2,NULL,NULL,,1,0,1,7,255,,250,0,0
stim,15689,15689,0,407649.420,0.762,-0.212,-0.022,0.612,2925,0,0,0,0,327,0,121,20,0.031,96,0,16.945,2.941,2.580,16.680,-1.500,-0.284,-0.022,0.958,0.168,-2.936,-0.828,0.000,0.000,1.592,0.030,2,NULL,NULL,,1,0,1,7,255,,250,0,0
stim,15689,15689,0,407654.420,0.762,-0.212,-0.022,0.612,2931,0,0,0,0,317,0,121,20,0.031,96,0,16.940,2.941,2.580,16.680,-1.440,-0.285,-0.023,0.957,0.164,-2.936,-0.832,0.000,0.000,1.592,0.030,2,NULL,NULL,,1,0,1,7,255,,250,0,0
stim,15689,15689,0,407659.420,0.762,-0.212,-0.022,0.612,2923,0,0,0,0,317,0,121,20,0.031,96,0,16.930,2.936,2.640,16.680,-1.200,-0.285,-0.022,0.958,0.158,-2.932,-0.834,0.000,0.000,1.592,0.030,2,NULL,NULL,,1,0,1,7,255,,250,0,0
stim,15718,15718,0,407664.422,0.762,-0.212,-0.022,0.612,2924,0,0,0,0,319,0,121,20,0.031,96,0,16.885,2.932,2.700,16.620,-1.260,-0.287,-0.022,0.957,0.152,-2.928,-0.834,0.000,0.000,1.592,0.030,2,NULL,NULL,,1,0,1,7,255,,250,0,0
stim,15718,15718,0,407669.420,0.762,-0.212,-0.022,0.612,2935,0,0,0,0,316,0,123,20,0.031,96,0,16.890,2.918,2.640,16.620,-1.440,-0.289,-0.022,0.958,0.154,-2.914,-0.828,0.000,0.000,1.592,0.030,2,NULL,NULL,,1,0,1,7,255,,250,0,0
stim,15718,15718,0,407674.421,0.761,-0.212,-0.022,0.612,2921,0,0,0,0,316,0,122,20,0.031,96,0,16.922,2.910,2.580,16.620,-1.860,-0.289,-0.020,0.960,0.154,-2.906,-0.806,0.000,0.000,1.592,0.030,2,NULL,NULL,,1,0,1,7,255,,250,0,0
stim,15718,15718,0,407679.420,0.761,-0.212,-0.023,0.612,2916,0,0,0,0,313,0,121,20,0.031,96,0,16.891,2.911,2.580,16.560,-2.100,-0.288,-0.021,0.958,0.170,-2.906,-0.806,0.000,0.000,1.592,0.030,2,NULL,NULL,,1,0,1,7,255,,250,0,0
stim,15718,15718,0,407684.420,0.761,-0.212,-0.023,0.612,2916,0,0,0,0,315,0,120,20,0.031,96,0,16.925,2.911,2.520,16.560,-2.420,-0.287,-0.020,0.959,0.178,-2.906,-0.808,0.000,0.000,1.592,0.030,2,NULL,NULL,,1,0,1,7,255,,250,0,0
stim,15718,15718,0,407689.420,0.761,-0.212,-0.023,0.612,2911,0,0,0,0,317,0,120,20,0.031,96,0,16.936,2.915,2.280,16.560,-2.720,-0.288,-0.020,0.959,0.176,-2.910,-0.808,0.000,0.000,1.592,0.030,2,NULL,NULL,,1,0,1,7,255,,250,0,0
stim,15719,15719,0,407694.420,0.761,-0.212,-0.023,0.613,2908,0,0,0,0,317,0,119,20,0.031,96,0,16.954,2.917,2.020,16.560,-3.020,-0.287,-0.022,0.959,0.176,-2.912,-0.806,0.000,0.000,1.592,0.030,2,NULL,NULL,,1,0,1,7,255,,250,0,0
stim,15719,15719,0,407699.420,0.761,-0.212,-0.023,0.613,2919,0,0,0,0,325,0,119,20,0.031,96,0,16.962,2.928,1.900,16.560,-3.140,-0.284,-0.022,0.957,0.162,-2.924,-0.806,0.000,0.000,1.592,0.030,2,NULL,NULL,,1,0,1,7,255,,250,0,0
stim,15721,15721,0,407704.420,0.761,-0.212,-0.023,0.613,2919,0,0,0,0,317,0,125,20,0.031,96,0,17.084,2.938,1.840,16.680,-3.200,-0.282,-0.021,0.958,0.162,-2.934,-0.840,0.000,0.000,1.592,0.030,2,NULL,NULL,,1,0,1,7,255,,250,0,0
stim,15721,15721,0,407709.420,0.761,-0.212,-0.023,0.613,2921,0,0,0,0,315,0,123,20,0.031,96,0,16.996,2.959,1.780,16.620,-3.080,-0.281,-0.023,0.958,0.168,-2.954,-0.840,0.000,0.000,1.592,0.030,2,NULL,NULL,,1,0,1,7,255,,250,0,0
stim,15743,15743,0,407714.422,0.761,-0.211,-0.023,0.613,2900,0,0,0,0,318,0,136,20,0.031,96,0,17.076,2.959,1.720,16.740,-2.900,-0.283,-0.023,0.958,0.168,-2.954,-0.844,0.000,0.000,1.592,0.030,2,NULL,NULL,,1,0,1,7,255,,250,0,0
stim,15775,15775,0,407719.421,0.761,-0.211,-0.023,0.613,2897,0,0,0,0,313,0,123,20,0.031,96,0,17.076,2.955,1.720,16.740,-2.900,-0.284,-0.021,0.958,0.168,-2.950,-0.844,0.000,0.000,1.592,0.030,2,NULL,NULL,,1,0,1,7,255,,250,0,0
stim,15775,15775,0,407724.420,0.761,-0.211,-0.023,0.613,2893,0,0,0,0,312,0,120,20,0.031,96,0,17.102,2.955,1.660,16.740,-3.080,-0.283,-0.024,0.957,0.164,-2.950,-0.844,0.000,0.000,1.592,0.030,2,NULL,NULL,,1,0,1,7,255,,250,0,0
stim,15775,15775,0,407729.420,0.761,-0.211,-0.023,0.613,2893,0,0,0,0,311,0,123,20,0.031,96,0,17.214,2.954,1.600,16.860,-3.080,-0.282,-0.027,0.957,0.156,-2.950,-0.850,0.000,0.000,1.592,0.030,2,NULL,NULL,,1,0,1,7,255,,250,0,0
stim,15791,15791,0,407734.422,0.761,-0.211,-0.023,0.613,2891,0,0,0,0,307,0,122,20,0.031,96,0,17.251,2.953,1.480,16.920,-3.020,-0.284,-0.026,0.957,0.134,-2.950,-0.850,0.000,0.000,1.592,0.030,2,NULL,NULL,,1,0,1,7,255,,250,0,0
stim,15791,15791,0,407739.420,0.761,-0.211,-0.023,0.614,2924,0,0,0,0,302,0,126,20,0.031,96,0,17.241,2.953,1.600,16.920,-2.900,-0.285,-0.023,0.957,0.134,-2.950,-0.844,0.000,0.000,1.592,0.030,2,NULL,NULL,,1,0,1,7,255,,250,0,0
stim,15791,15791,0,407744.420,0.760,-0.211,-0.023,0.614,2889,0,0,0,0,298,0,124,20,0.031,96,0,17.177,2.938,1.540,16.860,-2.900,-0.285,-0.023,0.958,0.160,-2.934,-0.836,0.000,0.000,1.592,0.030,2,NULL,NULL,,1,0,1,7,255,,250,0,0
stim,15791,15791,0,407749.420,0.760,-0.211,-0.023,0.614,2893,0,0,0,0,288,0,121,20,0.031,96,0,17.168,2.938,1.660,16.860,-2.780,-0.285,-0.026,0.957,0.160,-2.934,-0.836,0.000,0.000,1.592,0.030,2,NULL,NULL,,1,0,1,7,255,,250,0,0
stim,15791,15791,0,407754.420,0.760,-0.211,-0.023,0.614,2891,0,0,0,0,265,0,121,20,0.031,96,0,17.043,2.937,1.780,16.740,-2.660,-0.288,-0.027,0.957,0.138,-2.934,-0.828,0.000,0.000,1.592,0.030,2,NULL,NULL,,1,0,1,7,255,,250,0,0
stim,15791,15791,0,407759.420,0.760,-0.211,-0.023,0.614,2889,0,0,0,0,199,0,119,20,0.031,96,0,17.079,2.921,1.840,16.740,-2.840,-0.290,-0.023,0.957,0.138,-2.918,-0.828,0.000,0.000,1.592,0.030,2,NULL,NULL,,1,0,1,7,255,,250,0,0
stim,15791,15791,0,407764.422,0.760,-0.211,-0.023,0.614,2871,0,0,0,0,201,0,122,20,0.031,96,0,17.276,2.896,1.720,16.800,-3.640,-0.292,-0.019,0.960,0.158,-2.892,-0.818,0.000,0.000,1.592,0.030,2,NULL,NULL,,1,0,1,7,255,,250,0,0
stim,15807,15807,0,407769.420,0.760,-0.211,-0.023,0.614,2869,0,0,0,0,170,0,120,20,0.031,96,0,17.435,2.899,1.480,16.800,-4.420,-0.290,-0.020,0.961,0.198,-2.892,-0.782,0.000,0.000,1.592,0.030,2,NULL,NULL,,1,0,1,7,255,,250,0,0
stim,15807,15807,0,407774.420,0.760,-0.211,-0.023,0.614,2862,0,0,0,0,168,0,119,20,0.031,96,0,17.341,2.913,1.300,16.680,-4.560,-0.283,-0.024,0.959,0.198,-2.906,-0.782,0.000,0.000,1.592,0.030,2,NULL,NULL,,1,0,1,7,255,,250,0,0
stim,15807,15807,0,407779.420,0.760,-0.211,-0.023,0.615,2852,0,0,0,0,180,0,117,20,0.031,96,0,17.297,2.971,0.980,16.800,-4.000,-0.279,-0.032,0.956,0.170,-2.966,-0.830,0.000,0.000,1.592,0.030,2,NULL,NULL,,1,0,1,7,255,,250,0,0
stim,15807,15807,0,407784.420,0.760,-0.211,-0.024,0.615,2845,0,0,0,0,165,0,119,20,0.031,96,0,17.039,2.968,1.360,16.680,-3.200,-0.281,-0.030,0.953,0.118,-2.966,-0.878,0.000,0.000,1.592,0.030,2,NULL,NULL,,1,0,1,7,255,,250,0,0
stim,15807,15807,0,407789.421,0.760,-0.210,-0.024,0.615,2843,0,0,0,0,160,0,121,20,0.031,96,0,17.101,2.964,1.540,16.740,-3.140,-0.286,-0.023,0.957,0.118,-2.962,-0.878,0.000,0.000,1.592,0.030,2,NULL,NULL,,1,0,1,7,255,,250,0,0
stim,15823,15823,0,407794.420,0.760,-0.210,-0.024,0.615,2835,0,0,0,0,198,0,121,20,0.031,96,0,17.303,2.925,1.600,16.800,-3.820,-0.287,-0.020,0.960,0.172,-2.920,-0.836,0.000,0.000,1.592,0.030,2,NULL,NULL,,1,0,1,7,255,,250,0,0
stim,15823,15823,0,407799.420,0.760,-0.210,-0.024,0.615,2855,0,0,0,0,190,0,123,20,0.031,96,0,17.492,2.925,1.300,16.920,-4.240,-0.283,-0.026,0.959,0.172,-2.920,-0.830,0.000,0.000,1.592,0.030,2,NULL,NULL,,1,0,1,7,255,,250,0,0
stim,15823,15823,0,407804.420,0.759,-0.210,-0.024,0.615,2827,0,0,0,0,220,0,121,20,0.031,96,0,17.265,2.975,1.120,16.800,-3.820,-0.281,-0.031,0.957,0.164,-2.970,-0.830,0.000,0.000,1.592,0.030,2,NULL,NULL,,1,0,1,7,255,,250,0,0
stim,15823,15823,0,407809.420,0.759,-0.210,-0.024,0.615,2855,0,0,0,0,215,0,123,20,0.031,96,0,17.370,2.973,1.060,17.040,-3.200,-0.281,-0.030,0.954,0.128,-2.970,-0.862,0.000,0.000,1.592,0.030,2,NULL,NULL,,1,0,1,7,255,,250,0,0
stim,15839,15839,0,407814.421,0.759,-0.210,-0.024,0.615,2840,0,0,0,0,189,0,121,20,0.031,96,0,17.128,2.969,1.540,16.800,-2.960,-0.284,-0.025,0.955,0.128,-2.966,-0.862,0.000,0.000,1.592,0.030,2,NULL,NULL,,1,0,1,7,255,,250,0,0
stim,15871,15871,0,407819.421,0.759,-0.210,-0.024,0.615,2811,0,0,0,0,185,0,119,20,0.031,96,0,17.248,2.939,1.840,16.860,-3.140,-0.287,-0.024,0.958,0.164,-2.934,-0.860,0.000,0.000,1.592,0.030,2,NULL,NULL,,1,0,1,7,255,,250,0,0
stim,15871,15871,0,407824.420,0.759,-0.210,-0.024,0.616,2808,0,0,0,0,189,0,119,20,0.031,96,0,17.221,2.937,1.660,16.800,-3.400,-0.286,-0.028,0.956,0.164,-2.932,-0.842,0.000,0.000,1.592,0.030,2,NULL,NULL,,1,0,1,7,255,,250,0,0
stim,15871,15871,0,407829.420,0.759,-0.210,-0.024,0.616,2806,0,0,0,0,182,0,118,20,0.031,96,0,17.275,2.935,1.480,16.860,-3.460,-0.284,-0.030,0.959,0.140,-2.932,-0.828,0.000,0.000,1.592,0.030,2,NULL,NULL,,1,0,1,7,255,,250,0,0
stim,15887,15887,0,407834.420,0.759,-0.210,-0.024,0.616,2800,0,0,0,0,168,0,118,20,0.031,96,0,17.257,2.955,1.420,16.920,-3.080,-0.283,-0.029,0.954,0.140,-2.952,-0.842,0.000,0.000,1.592,0.030,2,NULL,NULL,,1,0,1,7,255,,250,0,0
stim,15887,15887,0,407839.421,0.759,-0.210,-0.024,0.616,2825,0,0,0,0,13,0,120,20,0.031,96,0,17.217,2.955,1.660,16.920,-2.720,-0.284,-0.029,0.956,0.140,-2.952,-0.858,0.000,0.000,1.592,0.030,2,NULL,NULL,,1,0,1,7,255,,250,0,0
stim,15903,15903,0,407844.420,0.759,-0.210,-0.024,0.616,2799,0,0,0,0,17,0,132,20,0.031,96,0,17.078,2.955,1.960,16.800,-2.360,-0.286,-0.028,0.957,0.140,-2.952,-0.858,0.000,0.000,1.592,0.030,2,NULL,NULL,,1,0,1,7,255,,250,0,0
stim,15903,15903,0,407849.420,0.759,-0.210,-0.024,0.616,2798,0,0,0,0,10,0,121,20,0.031,96,0,17.075,2.939,2.140,16.740,-2.600,-0.290,-0.027,0.956,0.142,-2.936,-0.838,0.000,0.000,1.592,0.030,2,NULL,NULL,,1,0,1,7,255,,250,0,0
stim,15903,15903,0,407854.420,0.759,-0.210,-0.024,0.616,2813,0,0,0,0,19,0,119,20,0.031,96,0,17.068,2.905,2.080,16.680,-2.960,-0.291,-0.028,0.958,0.142,-2.902,-0.824,0.000,0.000,1.592,0.030,2,NULL,NULL,,1,0,1,7,255,,250,0,0
stim,15903,15903,0,407859.420,0.759,-0.210,-0.024,0.616,2787,0,0,0,0,9,0,118,20,0.031,96,0,17.104,2.906,2.020,16.680,-3.200,-0.290,-0.027,0.958,0.146,-2.902,-0.808,0.000,0.000,1.592,0.030,2,NULL,NULL,,1,0,1,7,255,,250,0,0
stim,15903,15903,0,407864.421,0.759,-0.210,-0.024,0.616,2807,0,0,0,0,11,0,133,20,0.031,96,0,17.065,2.918,1.960,16.620,-3.340,-0.287,-0.028,0.957,0.146,-2.914,-0.808,0.000,0.000,1.592,0.030,2,NULL,NULL,,1,0,1,7,255,,250,0,0
stim,15929,15929,0,407869.421,0.759,-0.210,-0.024,0.617,2771,0,0,0,0,9,0,117,20,0.031,96,0,16.884,2.922,2.220,16.440,-3.140,-0.287,-0.029,0.954,0.146,-2.918,-0.828,0.000,0.000,1.592,0.030,2,NULL,NULL,,1,0,1,7,255,,250,0,0
stim,15929,15929,0,407874.420,0.758,-0.209,-0.024,0.617,2764,0,0,0,0,9,0,117,20,0.031,96,0,16.714,2.930,2.400,16.240,-3.140,-0.288,-0.026,0.958,0.148,-2.926,-0.828,0.000,0.000,1.592,0.030,2,NULL,NULL,,1,0,1,7,255,,250,0,0
stim,15929,15929,0,407879.420,0.758,-0.209,-0.024,0.617,2761,0,0,0,0,9,0,127,20,0.031,96,0,16.869,2.930,2.220,16.360,-3.460,-0.288,-0.027,0.958,0.158,-2.926,-0.818,0.000,0.000,1.592,0.030,2,NULL,NULL,,1,0,1,7,255,,250,0,0
stim,15929,15929,0,407884.420,0.758,-0.209,-0.024,0.617,2772,0,0,0,0,10,0,125,20,0.031,96,0,16.971,2.932,1.840,16.500,-3.520,-0.285,-0.026,0.958,0.162,-2.928,-0.818,0.000,0.000,1.592,0.030,2,NULL,NULL,,1,0,1,7,255,,250,0,0
stim,15929,15929,0,407889.420,0.758,-0.209,-0.024,0.617,2789,0,0,0,0,9,0,123,20,0.031,96,0,16.823,2.954,1.720,16.360,-3.520,-0.283,-0.028,0.956,0.160,-2.950,-0.834,0.000,0.000,1.592,0.030,2,NULL,NULL,,1,0,1,7,255,,250,0,0
stim,15929,15929,0,407894.420,0.758,-0.209,-0.024,0.617,2762,0,0,0,0,5,0,118,20,0.031,96,0,16.935,2.962,1.840,16.500,-3.340,-0.283,-0.030,0.955,0.160,-2.958,-0.860,0.000,0.000,1.592,0.030,2,NULL,NULL,,1,0,1,7,255,,250,0,0
stim,15929,15929,0,407899.420,0.758,-0.209,-0.025,0.617,2727,0,0,0,0,9,0,117,20,0.031,96,0,16.812,2.961,1.900,16.440,-2.960,-0.282,-0.031,0.956,0.142,-2.958,-0.866,0.000,0.000,1.592,0.030,2,NULL,NULL,,1,0,1,7,255,,250,0,0
stim,15931,15931,0,407904.420,0.758,-0.209,-0.025,0.617,2723,0,0,0,0,8,0,118,20,0.031,96,0,16.940,2.965,2.080,16.560,-2.900,-0.283,-0.033,0.955,0.130,-2.962,-0.866,0.000,0.000,1.592,0.030,2,NULL,NULL,,1,0,1,7,255,,250,0,0
stim,15931,15931,0,407909.420,0.758,-0.209,-0.025,0.618,2732,0,0,0,0,9,0,117,20,0.031,96,0,16.946,2.971,2.280,16.560,-2.780,-0.282,-0.032,0.956,0.124,-2.968,-0.866,0.000,0.000,1.592,0.030,2,NULL,NULL,,1,0,1,7,255,,250,0,0
stim,15967,15967,0,407914.424,0.758,-0.209,-0.025,0.618,2720,0,0,0,0,19,0,120,20,0.031,96,0,16.927,2.967,2.280,16.560,-2.660,-0.282,-0.030,0.955,0.124,-2.964,-0.870,0.000,0.000,1.592,0.030,2,NULL,NULL,,1,0,1,7,255,,250,0,0
stim,15985,15985,0,407919.420,0.758,-0.209,-0.025,0.618,2707,0,0,0,0,11,0,117,20,0.031,96,0,16.874,2.977,2.220,16.560,-2.360,-0.282,-0.031,0.957,0.134,-2.974,-0.870,0.000,0.000,1.592,0.030,2,NULL,NULL,,1,0,1,7,255,,250,0,0
stim,15985,15985,0,407924.420,0.758,-0.209,-0.025,0.618,2707,0,0,0,0,11,0,118,20,0.031,96,0,16.826,2.967,2.280,16.560,-1.920,-0.285,-0.032,0.956,0.134,-2.964,-0.858,0.000,0.000,1.592,0.030,2,NULL,NULL,,1,0,1,7,255,,250,0,0
stim,15985,15985,0,407929.420,0.758,-0.209,-0.025,0.618,2712,0,0,0,0,9,0,120,20,0.031,96,0,16.907,2.957,2.340,16.620,-2.040,-0.286,-0.031,0.956,0.130,-2.954,-0.850,0.000,0.000,1.592,0.030,2,NULL,NULL,,1,0,1,7,255,,250,0,0
stim,15999,15999,0,407934.421,0.758,-0.209,-0.025,0.618,2707,0,0,0,0,8,0,118,20,0.031,96,0,16.858,2.942,2.280,16.560,-2.180,-0.287,-0.032,0.956,0.120,-2.940,-0.848,0.000,0.000,1.592,0.030,2,NULL,NULL,,1,0,1,7,255,,250,0,0
stim,15999,15999,0,407939.421,0.757,-0.209,-0.025,0.618,2701,0,0,0,0,13,0,121,20,0.031,96,0,16.816,2.943,2.400,16.500,-2.180,-0.286,-0.029,0.957,0.130,-2.940,-0.840,0.000,0.000,1.592,0.030,2,NULL,NULL,,1,0,1,7,255,,250,0,0
stim,15999,15999,0,407944.420,0.757,-0.209,-0.025,0.618,2697,0,0,0,0,10,0,117,20,0.031,96,0,16.873,2.944,2.460,16.560,-2.100,-0.285,-0.029,0.957,0.152,-2.940,-0.840,0.000,0.000,1.592,0.030,2,NULL,NULL,,1,0,1,7,255,,250,0,0
stim,15999,15999,0,407949.420,0.757,-0.209,-0.025,0.618,2701,0,0,0,0,9,0,131,20,0.031,96,0,16.897,2.954,2.460,16.620,-1.800,-0.285,-0.031,0.958,0.152,-2.950,-0.840,0.000,0.000,1.592,0.030,2,NULL,NULL,,1,0,1,7,255,,250,0,0
stim,15999,15999,0,407954.420,0.757,-0.209,-0.025,0.618,2696,0,0,0,0,11,0,118,20,0.031,96,0,16.711,2.953,2.520,16.440,-1.620,-0.289,-0.029,0.957,0.140,-2.950,-0.836,0.000,0.000,1.592,0.030,2,NULL,NULL,,1,0,1,7,255,,250,0,0
stim,15999,15999,0,407959.420,0.757,-0.209,-0.025,0.618,2687,0,0,0,0,11,0,115,20,0.031,96,0,16.777,2.921,2.700,16.440,-1.980,-0.290,-0.027,0.958,0.140,-2.918,-0.826,0.000,0.000,1.592,0.030,2,NULL,NULL,,1,0,1,7,255,,250,0,0
stim,15999,15999,0,407964.422,0.757,-0.209,-0.025,0.618,2679,0,0,0,0,9,0,117,20,0.031,96,0,16.979,2.910,2.760,16.560,-2.540,-0.290,-0.027,0.957,0.156,-2.906,-0.820,0.000,0.000,1.592,0.030,2,NULL,NULL,,1,0,1,7,255,,250,0,0
stim,16019,16019,0,407969.420,0.757,-0.209,-0.025,0.619,2667,0,0,0,0,10,0,115,20,0.031,96,0,16.793,2.910,2.640,16.360,-2.720,-0.288,-0.029,0.958,0.156,-2.906,-0.820,0.000,0.000,1.592,0.030,2,NULL,NULL,,1,0,1,7,255,,250,0,0
stim,16019,16019,0,407974.420,0.757,-0.209,-0.025,0.619,2669,0,0,0,0,9,0,117,20,0.031,96,0,16.735,2.930,2.580,16.300,-2.780,-0.287,-0.028,0.958,0.156,-2.926,-0.820,0.000,0.000,1.592,0.030,2,NULL,NULL,,1,0,1,7,255,,250,0,0
stim,16019,16019,0,407979.420,0.757,-0.209,-0.025,0.619,2663,0,0,0,0,8,0,117,20,0.031,96,0,16.766,2.940,2.460,16.360,-2.720,-0.285,-0.031,0.957,0.148,-2.936,-0.828,0.000,0.000,1.592,0.030,2,NULL,NULL,,1,0,1,7,255,,250,0,0
stim,16019,16019,0,407984.420,0.757,-0.209,-0.025,0.619,2661,0,0,0,0,7,0,119,20,0.031,96,0,16.703,2.957,2.280,16.360,-2.480,-0.283,-0.031,0.955,0.136,-2.954,-0.846,0.000,0.000,1.592,0.030,2,NULL,NULL,,1,0,1,7,255,,250,0,0
stim,16019,16019,0,407989.420,0.757,-0.209,-0.025,0.619,2647,0,0,0,0,9,0,117,20,0.031,96,0,16.791,2.961,2.280,16.440,-2.540,-0.282,-0.030,0.958,0.136,-2.958,-0.846,0.000,0.000,1.592,0.030,2,NULL,NULL,,1,0,1,7,255,,250,0,0
stim,16019,16019,0,407994.420,0.757,-0.208,-0.025,0.619,2645,0,0,0,0,9,0,117,20,0.031,96,0,16.858,2.983,2.280,16.500,-2.600,-0.281,-0.031,0.957,0.142,-2.980,-0.864,0.000,0.000,1.592,0.030,2,NULL,NULL,,1,0,1,7,255,,250,0,0
stim,16019,16019,0,407999.420,0.757,-0.208,-0.025,0.619,2641,0,0,0,0,13,0,119,20,0.031,96,0,16.874,2.983,2.280,16.560,-2.300,-0.280,-0.032,0.957,0.142,-2.980,-0.864,0.000,0.000,1.592,0.030,2,NULL,NULL,,1,0,1,7,255,,250,0,0
stim,16031,16031,0,408004.420,0.757,-0.208,-0.025,0.619,2635,0,0,0,0,7,0,114,20,0.031,96,0,16.830,2.985,2.400,16.560,-1.800,-0.280,-0.032,0.955,0.138,-2.982,-0.870,0.000,0.000,1.592,0.030,2,NULL,NULL,,1,0,1,7,255,,250,0,0
stim,16031,16031,0,408009.420,0.757,-0.208,-0.025,0.619,2631,0,0,0,0,8,0,122,20,0.031,96,0,16.890,2.985,2.640,16.620,-1.440,-0.282,-0.033,0.956,0.134,-2.982,-0.870,0.000,0.000,1.592,0.030,2,NULL,NULL,,1,0,1,7,255,,250,0,0
stim,16052,16052,0,408014.422,0.757,-0.208,-0.025,0.619,2634,0,0,0,0,12,0,108,20,0.031,96,0,16.890,2.975,2.760,16.620,-1.200,-0.286,-0.033,0.955,0.124,-2.972,-0.868,0.000,0.000,1.592,0.030,2,NULL,NULL,,1,0,1,7,255,,250,0,0
stim,16052,16052,0,408019.420,0.756,-0.208,-0.025,0.619,2629,0,0,0,0,9,0,115,20,0.031,96,0,16.896,2.945,2.820,16.620,-1.140,-0.287,-0.031,0.956,0.124,-2.942,-0.852,0.000,0.000,1.592,0.030,2,NULL,NULL,,1,0,1,7,255,,250,0,0
stim,16064,16064,0,408024.420,0.756,-0.208,-0.025,0.620,2648,0,0,0,0,8,0,116,20,0.031,96,0,16.978,2.941,2.820,16.680,-1.440,-0.287,-0.028,0.958,0.130,-2.938,-0.842,0.000,0.000,1.592,0.030,2,NULL,NULL,,1,0,1,7,255,,250,0,0
stim,16064,16064,0,408029.420,0.756,-0.208,-0.025,0.620,2588,0,0,0,0,9,0,119,20,0.031,96,0,16.962,2.931,2.580,16.680,-1.680,-0.288,-0.032,0.955,0.130,-2.928,-0.842,0.000,0.000,1.592,0.030,2,NULL,NULL,,1,0,1,7,255,,250,0,0
stim,16085,16085,0,408034.421,0.756,-0.208,-0.025,0.620,2620,0,0,0,0,10,0,115,20,0.031,96,0,16.720,2.929,2.580,16.440,-1.620,-0.288,-0.031,0.955,0.124,-2.926,-0.842,0.000,0.000,1.592,0.030,2,NULL,NULL,,1,0,1,7,255,,250,0,0
stim,16085,16085,0,408039.420,0.756,-0.208,-0.025,0.620,2617,0,0,0,0,12,0,112,20,0.031,96,0,16.690,2.929,2.880,16.360,-1.620,-0.286,-0.029,0.955,0.124,-2.926,-0.842,0.000,0.000,1.592,0.030,2,NULL,NULL,,1,0,1,7,255,,250,0,0
stim,16096,16096,0,408044.420,0.756,-0.208,-0.025,0.620,2637,0,0,0,0,12,0,118,20,0.031,96,0,16.843,2.933,3.000,16.500,-1.560,-0.284,-0.031,0.956,0.138,-2.930,-0.850,0.000,0.000,1.592,0.030,2,NULL,NULL,,1,0,1,7,255,,250,0,0
stim,16096,16096,0,408049.420,0.756,-0.208,-0.025,0.620,2619,0,0,0,0,5,0,117,20,0.031,96,0,16.763,2.957,2.940,16.440,-1.440,-0.286,-0.032,0.957,0.138,-2.954,-0.850,0.000,0.000,1.592,0.030,2,NULL,NULL,,1,0,1,7,255,,250,0,0
stim,16096,16096,0,408054.420,0.756,-0.208,-0.025,0.620,2613,0,0,0,0,12,0,112,20,0.031,96,0,16.595,2.957,2.820,16.300,-1.320,-0.287,-0.030,0.957,0.138,-2.954,-0.838,0.000,0.000,1.592,0.030,2,NULL,NULL,,1,0,1,7,255,,250,0,0
stim,16096,16096,0,408059.420,0.756,-0.208,-0.025,0.620,2618,0,0,0,0,8,0,116,20,0.031,96,0,16.674,2.941,2.820,16.360,-1.560,-0.286,-0.030,0.956,0.142,-2.938,-0.838,0.000,0.000,1.592,0.030,2,NULL,NULL,,1,0,1,7,255,,250,0,0
stim,16096,16096,0,408064.421,0.756,-0.208,-0.025,0.620,2605,0,0,0,0,9,0,115,20,0.031,96,0,16.670,2.941,2.760,16.360,-1.620,-0.284,-0.031,0.956,0.142,-2.938,-0.850,0.000,0.000,1.592,0.030,2,NULL,NULL,,1,0,1,7,255,,250,0,0
stim,16096,16096,0,408069.421,0.756,-0.208,-0.025,0.620,2604,0,0,0,0,9,0,115,20,0.031,96,0,16.890,2.961,2.640,16.620,-1.440,-0.281,-0.032,0.957,0.132,-2.958,-0.860,0.000,0.000,1.592,0.030,2,NULL,NULL,,1,0,1,7,255,,250,0,0
stim,16096,16096,0,408074.420,0.756,-0.208,-0.025,0.620,2603,0,0,0,0,9,0,116,20,0.031,96,0,16.794,2.977,2.520,16.560,-1.200,-0.282,-0.032,0.956,0.132,-2.974,-0.864,0.000,0.000,1.592,0.030,2,NULL,NULL,,1,0,1,7,255,,250,0,0
stim,16096,16096,0,408079.420,0.756,-0.208,-0.025,0.620,2605,0,0,0,0,9,0,116,20,0.031,96,0,16.828,2.987,2.460,16.620,-0.960,-0.281,-0.033,0.955,0.132,-2.984,-0.868,0.000,0.000,1.592,0.030,2,NULL,NULL,,1,0,1,7,255,,250,0,0
stim,16119,16119,0,408084.420,0.756,-0.208,-0.025,0.620,2604,0,0,0,0,9,0,116,20,0.031,96,0,16.834,2.987,2.580,16.620,-0.700,-0.281,-0.035,0.955,0.124,-2.984,-0.876,0.000,0.000,1.592,0.030,2,NULL,NULL,,1,0,1,7,255,,250,0,0
stim,16119,16119,0,408089.421,0.756,-0.208,-0.025,0.620,2631,0,0,0,0,8,0,116,20,0.031,96,0,16.830,2.986,2.640,16.620,-0.220,-0.283,-0.035,0.955,0.100,-2.984,-0.876,0.000,0.000,1.592,0.030,2,NULL,NULL,,1,0,1,7,255,,250,0,0
stim,16120,16120,0,408094.422,0.756,-0.208,-0.025,0.620,2613,0,0,0,0,19,0,112,20,0.031,96,0,16.779,2.970,2.700,16.560,0.020,-0.286,-0.031,0.955,0.100,-2.968,-0.870,0.000,0.000,1.592,0.030,2,NULL,NULL,,1,0,1,7,255,,250,0,0
stim,16120,16120,0,408099.420,0.756,-0.208,-0.025,0.620,2637,0,0,0,0,8,0,122,20,0.031,96,0,16.840,2.941,2.700,16.620,-0.280,-0.289,-0.029,0.957,0.130,-2.938,-0.858,0.000,0.000,1.592,0.030,2,NULL,NULL,,1,0,1,7,255,,250,0,0
stim,16146,16146,0,408104.420,0.756,-0.208,-0.025,0.620,2617,0,0,0,0,10,0,115,20,0.031,96,0,16.900,2.927,2.640,16.680,-0.640,-0.288,-0.029,0.957,0.140,-2.924,-0.828,0.000,0.000,1.592,0.030,2,NULL,NULL,,1,0,1,7,255,,250,0,0
stim,16146,16146,0,408109.420,0.756,-0.208,-0.025,0.620,2621,0,0,0,0,11,0,125,20,0.031,96,0,16.852,2.927,2.700,16.620,-0.700,-0.287,-0.032,0.957,0.140,-2.924,-0.828,0.000,0.000,1.592,0.030,2,NULL,NULL,,1,0,1,7,255,,250,0,0
stim,16175,16175,0,408114.420,0.756,-0.208,-0.025,0.621,2643,0,0,0,0,9,0,117,20,0.031,96,0,16.789,2.935,2.700,16.560,-0.580,-0.287,-0.031,0.955,0.126,-2.932,-0.836,0.000,0.000,1.592,0.030,2,NULL,NULL,,1,0,1,7,255,,250,0,0
stim,16191,16191,0,408119.422,0.756,-0.208,-0.025,0.621,2653,0,0,0,0,11,0,117,20,0.031,96,0,16.773,2.939,3.000,16.500,-0.280,-0.288,-0.031,0.957,0.126,-2.936,-0.836,0.000,0.000,1.592,0.030,2,NULL,NULL,,1,0,1,7,255,,250,0,0
stim,16191,16191,0,408124.420,0.756,-0.208,-0.025,0.621,2620,0,0,0,0,9,0,123,20,0.031,96,0,16.785,2.935,3.060,16.500,-0.340,-0.290,-0.029,0.957,0.128,-2.932,-0.828,0.000,0.000,1.592,0.030,2,NULL,NULL,,1,0,1,7,255,,250,0,0
stim,16191,16191,0,408129.420,0.755,-0.208,-0.025,0.621,2635,0,0,0,0,9,0,131,20,0.031,96,0,16.796,2.915,3.060,16.500,-0.700,-0.291,-0.028,0.957,0.138,-2.912,-0.816,0.000,0.000,1.592,0.030,2,NULL,NULL,,1,0,1,7,255,,250,0,0
stim,16191,16191,0,408134.421,0.755,-0.209,-0.025,0.621,2611,0,0,0,0,19,0,112,20,0.031,96,0,16.791,2.915,2.940,16.500,-1.020,-0.289,-0.029,0.958,0.142,-2.912,-0.816,0.000,0.000,1.592,0.030,2,NULL,NULL,,1,0,1,7,255,,250,0,0
stim,16191,16191,0,408139.420,0.755,-0.209,-0.025,0.621,2614,0,0,0,0,9,0,112,20,0.031,96,0,16.746,2.930,3.000,16.440,-1.080,-0.287,-0.028,0.957,0.146,-2.926,-0.818,0.000,0.000,1.592,0.030,2,NULL,NULL,,1,0,1,7,255,,250,0,0
stim,16191,16191,0,408144.420,0.755,-0.209,-0.025,0.621,2611,0,0,0,0,9,0,116,20,0.031,96,0,16.606,2.941,2.940,16.300,-1.200,-0.285,-0.030,0.956,0.142,-2.938,-0.832,0.000,0.000,1.592,0.030,2,NULL,NULL,,1,0,1,7,255,,250,0,0
stim,16191,16191,0,408149.420,0.755,-0.209,-0.025,0.621,2629,0,0,0,0,16,0,117,20,0.031,96,0,16.546,2.945,2.880,16.240,-1.320,-0.287,-0.030,0.957,0.134,-2.942,-0.832,0.000,0.000,1.592,0.030,2,NULL,NULL,,1,0,1,7,255,,250,0,0
stim,16191,16191,0,408154.420,0.755,-0.208,-0.025,0.621,2607,0,0,0,0,9,0,117,20,0.031,96,0,16.590,2.957,2.700,16.300,-1.500,-0.285,-0.029,0.958,0.134,-2.954,-0.832,0.000,0.000,1.592,0.030,2,NULL,NULL,,1,0,1,7,255,,250,0,0
stim,16191,16191,0,408159.420,0.755,-0.208,-0.025,0.621,2601,0,0,0,0,9,0,116,20,0.031,96,0,16.610,2.963,2.520,16.360,-1.380,-0.284,-0.030,0.957,0.134,-2.960,-0.832,0.000,0.000,1.592,0.030,2,NULL,NULL,,1,0,1,7,255,,250,0,0
stim,16207,16207,0,408164.423,0.755,-0.208,-0.024,0.621,2607,0,0,0,0,14,0,112,20,0.031,96,0,16.663,2.963,2.520,16.440,-1.020,-0.282,-0.031,0.955,0.134,-2.960,-0.850,0.000,0.000,1.592,0.030,2,NULL,NULL,,1,0,1,7,255,,250,0,0
stim,16207,16207,0,408169.420,0.755,-0.208,-0.024,0.621,2601,0,0,0,0,9,0,116,20,0.031,96,0,16.638,2.969,2.460,16.440,-0.700,-0.282,-0.030,0.955,0.134,-2.966,-0.872,0.000,0.000,1.592,0.030,2,NULL,NULL,,1,0,1,7,255,,250,0,0
stim,16207,16207,0,408174.422,0.755,-0.208,-0.024,0.621,2602,0,0,0,0,8,0,117,20,0.031,96,0,16.686,2.969,2.400,16.500,-0.640,-0.285,-0.031,0.956,0.128,-2.966,-0.872,0.000,0.000,1.592,0.030,2,NULL,NULL,,1,0,1,7,255,,250,0,0
stim,16207,16207,0,408179.420,0.755,-0.208,-0.024,0.621,2616,0,0,0,0,13,0,118,20,0.031,96,0,16.728,2.959,2.220,16.560,-0.820,-0.286,-0.031,0.956,0.124,-2.956,-0.852,0.000,0.000,1.592,0.030,2,NULL,NULL,,1,0,1,7,255,,250,0,0
stim,16223,16223,0,408184.421,0.755,-0.208,-0.025,0.621,2615,0,0,0,0,7,0,121,20,0.031,96,0,16.784,2.958,2.080,16.620,-1.080,-0.284,-0.033,0.955,0.120,-2.956,-0.852,0.000,0.000,1.592,0.030,2,NULL,NULL,,1,0,1,7,255,,250,0,0
stim,16223,16223,0,408189.421,0.755,-0.208,-0.025,0.621,2633,0,0,0,0,8,0,119,20,0.031,96,0,16.765,2.966,2.020,16.620,-0.880,-0.280,-0.033,0.955,0.114,-2.964,-0.864,0.000,0.000,1.592,0.030,2,NULL,NULL,,1,0,1,7,255,,250,0,0
stim,16223,16223,0,408194.420,0.755,-0.208,-0.025,0.621,2613,0,0,0,0,7,0,125,20,0.031,96,0,16.762,2.992,2.140,16.620,-0.400,-0.281,-0.034,0.955,0.110,-2.990,-0.880,0.000,0.000,1.592,0.030,2,NULL,NULL,,1,0,1,7,255,,250,0,0
stim,16223,16223,0,408199.420,0.755,-0.208,-0.025,0.621,2615,0,0,0,0,7,0,117,20,0.031,96,0,16.817,2.992,2.140,16.680,0.020,-0.286,-0.032,0.956,0.114,-2.990,-0.880,0.000,0.000,1.592,0.030,2,NULL,NULL,,1,0,1,7,255,,250,0,0
stim,16223,16223,0,408204.420,0.755,-0.208,-0.025,0.621,2617,0,0,0,0,8,0,117,20,0.031,96,0,16.716,2.950,2.280,16.560,0.020,-0.290,-0.029,0.957,0.116,-2.948,-0.850,0.000,0.000,1.592,0.030,2,NULL,NULL,,1,0,1,7,255,,250,0,0
stim,16223,16223,0,408209.420,0.755,-0.208,-0.025,0.621,2637,0,0,0,0,7,0,121,20,0.031,96,0,16.771,2.921,2.220,16.620,-0.340,-0.291,-0.028,0.958,0.132,-2.918,-0.818,0.000,0.000,1.592,0.030,2,NULL,NULL,,1,0,1,7,255,,250,0,0
stim,16271,16271,0,408214.420,0.755,-0.208,-0.025,0.621,2635,0,0,0,0,10,0,116,20,0.031,96,0,16.842,2.915,2.220,16.680,-0.700,-0.291,-0.030,0.958,0.132,-2.912,-0.806,0.000,0.000,1.592,0.030,2,NULL,NULL,,1,0,1,7,255,,250,0,0
stim,16287,16287,0,408219.421,0.755,-0.208,-0.025,0.621,2607,0,0,0,0,9,0,120,20,0.031,96,0,16.807,2.913,2.340,16.620,-0.880,-0.291,-0.028,0.957,0.140,-2.910,-0.806,0.000,0.000,1.592,0.030,2,NULL,NULL,,1,0,1,7,255,,250,0,0
stim,16287,16287,0,408224.421,0.755,-0.208,-0.025,0.621,2629,0,0,0,0,9,0,117,20,0.031,96,0,16.710,2.915,2.460,16.500,-0.960,-0.290,-0.029,0.958,0.138,-2.912,-0.808,0.000,0.000,1.592,0.030,2,NULL,NULL,,1,0,1,7,255,,250,0,0
stim,16287,16287,0,408229.420,0.755,-0.208,-0.025,0.622,2632,0,0,0,0,13,0,116,20,0.031,96,0,16.722,2.923,2.520,16.500,-1.020,-0.290,-0.029,0.959,0.140,-2.920,-0.808,0.000,0.000,1.592,0.030,2,NULL,NULL,,1,0,1,7,255,,250,0,0
stim,16287,16287,0,408234.421,0.755,-0.208,-0.025,0.622,2629,0,0,0,0,9,0,117,20,0.031,96,0,16.663,2.929,2.520,16.440,-1.020,-0.289,-0.029,0.957,0.138,-2.926,-0.808,0.000,0.000,1.592,0.030,2,NULL,NULL,,1,0,1,7,255,,250,0,0
stim,16287,16287,0,408239.420,0.755,-0.208,-0.025,0.622,2629,0,0,0,0,9,0,118,20,0.031,96,0,16.597,2.929,2.580,16.360,-1.080,-0.289,-0.030,0.957,0.134,-2.926,-0.824,0.000,0.000,1.592,0.030,2,NULL,NULL,,1,0,1,7,255,,250,0,0
stim,16287,16287,0,408244.420,0.755,-0.208,-0.025,0.622,2632,0,0,0,0,10,0,121,20,0.031,96,0,16.552,2.927,2.640,16.300,-1.140,-0.290,-0.030,0.957,0.126,-2.924,-0.824,0.000,0.000,1.592,0.030,2,NULL,NULL,,1,0,1,7,255,,250,0,0
stim,16287,16287,0,408249.420,0.755,-0.208,-0.025,0.622,2641,0,0,0,0,10,0,118,20,0.031,96,0,16.575,2.927,2.700,16.300,-1.320,-0.288,-0.030,0.956,0.126,-2.924,-0.824,0.000,0.000,1.592,0.030,2,NULL,NULL,,1,0,1,7,255,,250,0,0
stim,16303,16303,0,408254.420,0.755,-0.208,-0.025,0.622,2623,0,0,0,0,8,0,112,20,0.031,96,0,16.536,2.935,2.760,16.240,-1.440,-0.285,-0.031,0.955,0.126,-2.932,-0.836,0.000,0.000,1.592,0.030,2,NULL,NULL,,1,0,1,7,255,,250,0,0
stim,16303,16303,0,408259.420,0.754,-0.208,-0.024,0.622,2619,0,0,0,0,9,0,119,20,0.031,96,0,16.484,2.955,2.700,16.180,-1.620,-0.284,-0.031,0.956,0.128,-2.952,-0.858,0.000,0.000,1.592,0.030,2,NULL,NULL,,1,0,1,7,255,,250,0,0
stim,16303,16303,0,408264.422,0.754,-0.208,-0.024,0.622,2617,0,0,0,0,7,0,117,20,0.031,96,0,16.295,2.959,2.460,16.000,-1.860,-0.286,-0.032,0.958,0.126,-2.956,-0.858,0.000,0.000,1.592,0.030,2,NULL,NULL,,1,0,1,7,255,,250,0,0
stim,16303,16303,0,408269.421,0.754,-0.208,-0.024,0.622,2617,0,0,0,0,8,0,117,20,0.031,96,0,16.551,2.960,2.020,16.300,-2.040,-0.283,-0.033,0.956,0.116,-2.958,-0.858,0.000,0.000,1.592,0.030,2,NULL,NULL,,1,0,1,7,255,,250,0,0
stim,16303,16303,0,408274.422,0.754,-0.208,-0.024,0.622,2619,0,0,0,0,7,0,117,20,0.031,96,0,16.568,2.976,1.900,16.360,-1.800,-0.280,-0.034,0.954,0.108,-2.974,-0.860,0.000,0.000,1.592,0.030,2,NULL,NULL,,1,0,1,7,255,,250,0,0
stim,16303,16303,0,408279.420,0.754,-0.208,-0.024,0.622,2617,0,0,0,0,6,0,119,20,0.031,96,0,16.600,2.992,1.960,16.440,-1.200,-0.278,-0.034,0.954,0.108,-2.990,-0.898,0.000,0.000,1.592,0.030,2,NULL,NULL,,1,0,1,7,255,,250,0,0
stim,16319,16319,0,408284.420,0.754,-0.208,-0.025,0.622,2623,0,0,0,0,10,0,116,20,0.031,96,0,16.628,2.992,1.960,16.500,-0.640,-0.280,-0.035,0.953,0.108,-2.990,-0.898,0.000,0.000,1.592,0.030,2,NULL,NULL,,1,0,1,7,255,,250,0,0
stim,16319,16319,0,408289.420,0.754,-0.208,-0.025,0.622,2621,0,0,0,0,9,0,117,20,0.031,96,0,16.668,2.989,1.840,16.560,-0.460,-0.283,-0.035,0.956,0.094,-2.988,-0.898,0.000,0.000,1.592,0.030,2,NULL,NULL,,1,0,1,7,255,,250,0,0
stim,16319,16319,0,408294.420,0.754,-0.208,-0.025,0.622,2629,0,0,0,0,7,0,117,20,0.031,96,0,16.715,2.981,1.720,16.620,-0.460,-0.283,-0.034,0.956,0.094,-2.980,-0.866,0.000,0.000,1.592,0.030,2,NULL,NULL,,1,0,1,7,255,,250,0,0
stim,16319,16319,0,408299.420,0.754,-0.208,-0.025,0.622,2663,0,0,0,0,9,0,121,20,0.031,96,0,16.651,2.974,1.660,16.560,-0.520,-0.285,-0.032,0.956,0.104,-2.972,-0.864,0.000,0.000,1.592,0.030,2,NULL,NULL,,1,0,1,7,255,,250,0,0
stim,16335,16335,0,408304.420,0.754,-0.208,-0.025,0.622,2635,0,0,0,0,8,0,115,20,0.031,96,0,16.642,2.954,1.600,16.560,-0.400,-0.287,-0.032,0.957,0.118,-2.952,-0.852,0.000,0.000,1.592,0.030,2,NULL,NULL,,1,0,1,7,255,,250,0,0
stim,16335,16335,0,408309.420,0.754,-0.208,-0.025,0.622,2669,0,0,0,0,9,0,123,20,0.031,96,0,16.584,2.948,1.600,16.500,-0.460,-0.289,-0.031,0.957,0.118,-2.946,-0.836,0.000,0.000,1.592,0.030,2,NULL,NULL,,1,0,1,7,255,,250,0,0
stim,16335,16335,0,408314.420,0.754,-0.208,-0.025,0.622,2671,0,0,0,0,8,0,119,20,0.031,96,0,16.644,2.932,1.540,16.560,-0.640,-0.290,-0.032,0.957,0.118,-2.930,-0.822,0.000,0.000,1.592,0.030,2,NULL,NULL,,1,0,1,7,255,,250,0,0
stim,16335,16335,0,408319.421,0.754,-0.208,-0.025,0.622,2648,0,0,0,0,8,0,118,20,0.031,96,0,16.535,2.923,1.540,16.440,-0.880,-0.292,-0.030,0.957,0.124,-2.920,-0.818,0.000,0.000,1.592,0.030,2,NULL,NULL,,1,0,1,7,255,,250,0,0
stim,16383,16383,0,408324.422,0.754,-0.208,-0.025,0.622,2651,0,0,0,0,7,0,117,20,0.031,96,0,16.611,2.922,1.660,16.500,-0.960,-0.290,-0.031,0.958,0.118,-2.920,-0.810,0.000,0.000,1.592,0.030,2,NULL,NULL,,1,0,1,7,255,,250,0,0
stim,16383,16383,0,408329.420,0.754,-0.208,-0.025,0.622,2679,0,0,0,0,9,0,118,20,0.031,96,0,16.429,2.924,1.780,16.300,-1.020,-0.289,-0.032,0.957,0.118,-2.922,-0.810,0.000,0.000,1.592,0.030,2,NULL,NULL,,1,0,1,7,255,,250,0,0
stim,16383,16383,0,408334.420,0.754,-0.208,-0.025,0.622,2655,0,0,0,0,9,0,121,20,0.031,96,0,16.448,2.926,2.020,16.300,-0.880,-0.290,-0.030,0.958,0.118,-2.924,-0.814,0.000,0.000,1.592,0.030,2,NULL,NULL,,1,0,1,7,255,,250,0,0
stim,16383,16383,0,408339.420,0.754,-0.208,-0.025,0.622,2661,0,0,0,0,10,0,133,20,0.031,96,0,16.499,2.927,1.840,16.360,-1.080,-0.290,-0.029,0.958,0.128,-2.924,-0.814,0.000,0.000,1.592,0.030,2,NULL,NULL,,1,0,1,7,255,,250,0,0
stim,16383,16383,0,408344.420,0.754,-0.208,-0.025,0.623,2667,0,0,0,0,9,0,119,20,0.031,96,0,16.598,2.923,1.720,16.440,-1.500,-0.290,-0.027,0.959,0.138,-2.920,-0.814,0.000,0.000,1.592,0.030,2,NULL,NULL,,1,0,1,7,255,,250,0,0
stim,16383,16383,0,408349.420,0.754,-0.208,-0.025,0.623,2671,0,0,0,0,14,0,121,20,0.031,96,0,16.697,2.924,1.540,16.500,-2.040,-0.288,-0.027,0.958,0.158,-2.920,-0.814,0.000,0.000,1.592,0.030,2,NULL,NULL,,1,0,1,7,255,,250,0,0
stim,16401,16401,0,408354.420,0.754,-0.208,-0.025,0.623,2691,0,0,0,0,11,0,119,20,0.031,96,0,16.784,2.936,1.480,16.560,-2.300,-0.285,-0.032,0.957,0.158,-2.932,-0.820,0.000,0.000,1.592,0.030,2,NULL,NULL,,1,0,1,7,255,,250,0,0
stim,16401,16401,0,408359.420,0.754,-0.208,-0.025,0.623,2683,0,0,0,0,11,0,120,20,0.031,96,0,16.679,2.963,1.420,16.500,-1.980,-0.283,-0.038,0.956,0.122,-2.960,-0.840,0.000,0.000,1.592,0.030,2,NULL,NULL,,1,0,1,7,255,,250,0,0
stim,16401,16401,0,408364.424,0.754,-0.208,-0.025,0.623,2685,0,0,0,0,8,0,117,20,0.031,96,0,16.565,2.981,1.540,16.440,-1.320,-0.283,-0.039,0.955,0.076,-2.980,-0.866,0.000,0.000,1.592,0.030,2,NULL,NULL,,1,0,1,7,255,,250,0,0
stim,16401,16401,0,408369.420,0.754,-0.208,-0.025,0.623,2697,0,0,0,0,9,2,133,20,0.031,96,0,16.482,2.981,1.720,16.360,-1.020,-0.285,-0.035,0.955,0.076,-2.980,-0.866,0.000,0.000,1.592,0.030,2,NULL,NULL,,1,0,1,7,255,,250,0,0
stim,16403,16403,0,408374.422,0.754,-0.208,-0.025,0.623,2669,0,0,0,0,11,0,117,20,0.031,96,0,16.648,2.956,1.780,16.500,-1.320,-0.291,-0.030,0.957,0.098,-2.954,-0.860,0.000,0.000,1.592,0.030,2,NULL,NULL,,1,0,1,7,255,,250,0,0
stim,16403,16403,0,408379.420,0.754,-0.208,-0.025,0.623,2669,0,0,0,0,4,0,117,20,0.031,96,0,16.627,2.939,1.780,16.440,-1.740,-0.289,-0.029,0.959,0.136,-2.936,-0.812,0.000,0.000,1.592,0.030,2,NULL,NULL,,1,0,1,7,255,,250,0,0
stim,16415,16415,0,408384.420,0.754,-0.208,-0.025,0.623,2695,0,0,0,0,9,0,124,20,0.031,96,0,16.768,2.939,1.480,16.560,-2.180,-0.287,-0.032,0.958,0.136,-2.936,-0.812,0.000,0.000,1.592,0.030,2,NULL,NULL,,1,0,1,7,255,,250,0,0
stim,16415,16415,0,408389.421,0.754,-0.208,-0.025,0.623,2684,0,0,0,0,7,0,119,20,0.031,96,0,16.738,2.955,1.420,16.560,-1.980,-0.284,-0.034,0.957,0.124,-2.952,-0.824,0.000,0.000,1.592,0.030,2,NULL,NULL,,1,0,1,7,255,,250,0,0
stim,16415,16415,0,408394.420,0.754,-0.207,-0.025,0.623,2669,0,0,0,0,9,0,117,20,0.031,96,0,16.717,2.954,1.480,16.560,-1.740,-0.285,-0.035,0.955,0.116,-2.952,-0.850,0.000,0.000,1.592,0.030,2,NULL,NULL,,1,0,1,7,255,,250,0,0
stim,16415,16415,0,408399.420,0.754,-0.207,-0.025,0.623,2669,0,0,0,0,8,1,117,20,0.031,96,0,16.653,2.954,1.780,16.500,-1.380,-0.286,-0.035,0.955,0.102,-2.952,-0.852,0.000,0.000,1.592,0.030,2,NULL,NULL,,1,0,1,7,255,,250,0,0
stim,16435,16435,0,408404.420,0.754,-0.207,-0.025,0.623,2675,0,0,0,0,7,5,119,20,0.031,96,0,16.609,2.950,1.960,16.440,-1.320,-0.287,-0.035,0.954,0.096,-2.948,-0.854,0.000,0.000,1.592,0.030,2,NULL,NULL,,1,0,1,7,255,,250,0,0
stim,16435,16435,0,408409.420,0.753,-0.207,-0.025,0.623,2675,0,0,0,0,8,6,119,20,0.031,96,0,16.611,2.950,2.020,16.440,-1.260,-0.287,-0.035,0.957,0.096,-2.948,-0.852,0.000,0.000,1.592,0.030,2,NULL,NULL,,1,0,1,7,255,,250,0,0
stim,16435,16435,0,408414.420,0.753,-0.207,-0.025,0.623,2697,0,0,0,0,9,6,117,20,0.031,96,0,16.524,2.944,2.020,16.360,-1.140,-0.287,-0.034,0.956,0.104,-2.942,-0.844,0.000,0.000,1.592,0.030,2,NULL,NULL,,1,0,1,7,255,,250,0,0
stim,16468,16468,0,408419.421,0.753,-0.207,-0.025,0.623,2668,0,0,0,0,7,6,117,20,0.031,96,0,16.516,2.944,1.960,16.360,-1.140,-0.289,-0.031,0.956,0.110,-2.942,-0.832,0.000,0.000,1.592,0.030,2,NULL,NULL,,1,0,1,7,255,,250,0,0
stim,16468,16468,0,408424.421,0.753,-0.207,-0.025,0.624,2669,0,0,0,0,9,9,117,20,0.031,96,0,16.624,2.927,1.960,16.440,-1.500,-0.290,-0.028,0.958,0.130,-2.924,-0.830,0.000,0.000,1.592,0.030,2,NULL,NULL,,1,0,1,7,255,,250,0,0
stim,16468,16468,0,408429.420,0.753,-0.207,-0.025,0.624,2667,0,0,0,0,9,8,115,20,0.031,96,0,16.720,2.927,1.840,16.500,-1.980,-0.288,-0.031,0.958,0.134,-2.924,-0.820,0.000,0.000,1.592,0.030,2,NULL,NULL,,1,0,1,7,255,,250,0,0
stim,16469,16469,0,408434.421,0.753,-0.207,-0.025,0.624,2668,0,0,0,0,8,9,131,20,0.031,96,0,16.707,2.937,1.720,16.500,-1.980,-0.285,-0.037,0.957,0.134,-2.934,-0.820,0.000,0.000,1.592,0.030,2,NULL,NULL,,1,0,1,7,255,,250,0,0
stim,16469,16469,0,408439.420,0.753,-0.207,-0.025,0.624,2683,0,0,0,0,13,10,116,20,0.031,96,0,16.518,2.971,1.660,16.360,-1.560,-0.283,-0.041,0.954,0.090,-2.970,-0.846,0.000,0.000,1.592,0.030,2,NULL,NULL,,1,0,1,7,255,,250,0,0
stim,16501,16501,0,408444.420,0.753,-0.207,-0.025,0.624,2670,0,0,0,0,12,8,119,20,0.031,96,0,16.327,2.971,1.900,16.180,-1.080,-0.285,-0.040,0.952,0.058,-2.970,-0.882,0.000,0.000,1.592,0.030,2,NULL,NULL,,1,0,1,7,255,,250,0,0
stim,16501,16501,0,408449.420,0.753,-0.207,-0.025,0.624,2670,0,0,0,0,13,8,117,20,0.031,96,0,16.341,2.957,2.080,16.180,-0.960,-0.287,-0.035,0.955,0.058,-2.956,-0.882,0.000,0.000,1.592,0.030,2,NULL,NULL,,1,0,1,7,255,,250,0,0
stim,16501,16501,0,408454.420,0.753,-0.207,-0.025,0.624,2667,0,0,0,0,7,10,123,20,0.031,96,0,16.490,2.938,2.080,16.300,-1.380,-0.291,-0.031,0.957,0.098,-2.936,-0.850,0.000,0.000,1.592,0.030,2,NULL,NULL,,1,0,1,7,255,,250,0,0
stim,16501,16501,0,408459.420,0.753,-0.207,-0.025,0.624,2667,0,0,0,0,8,9,115,20,0.031,96,0,16.668,2.919,1.840,16.440,-2.040,-0.291,-0.032,0.958,0.122,-2.916,-0.810,0.000,0.000,1.592,0.030,2,NULL,NULL,,1,0,1,7,255,,250,0,0
stim,16501,16501,0,408464.422,0.753,-0.207,-0.025,0.624,2697,0,0,0,0,13,12,116,20,0.031,96,0,16.697,2.919,1.720,16.440,-2.360,-0.288,-0.034,0.958,0.122,-2.916,-0.810,0.000,0.000,1.592,0.030,2,NULL,NULL,,1,0,1,7,255,,250,0,0
stim,16501,16501,0,408469.421,0.753,-0.207,-0.025,0.624,2672,0,0,0,0,7,9,133,20,0.031,96,0,16.608,2.950,1.780,16.360,-2.240,-0.286,-0.039,0.955,0.112,-2.948,-0.820,0.000,0.000,1.592,0.030,2,NULL,NULL,,1,0,1,7,255,,250,0,0
stim,16501,16501,0,408474.422,0.753,-0.207,-0.025,0.624,2659,0,0,0,0,9,9,117,20,0.031,96,0,16.491,2.955,2.280,16.240,-1.740,-0.286,-0.040,0.954,0.072,-2.954,-0.858,0.000,0.000,1.592,0.030,2,NULL,NULL,,1,0,1,7,255,,250,0,0
stim,16501,16501,0,408479.420,0.753,-0.207,-0.025,0.624,2662,0,0,0,0,11,9,115,20,0.031,96,0,16.526,2.955,2.700,16.240,-1.440,-0.289,-0.039,0.955,0.064,-2.954,-0.858,0.000,0.000,1.592,0.030,2,NULL,NULL,,1,0,1,7,255,,250,0,0
stim,16515,16515,0,408484.420,0.753,-0.207,-0.025,0.624,2685,0,0,0,0,7,11,119,20,0.031,96,0,16.396,2.935,2.880,16.060,-1.620,-0.289,-0.037,0.955,0.064,-2.934,-0.842,0.000,0.000,1.592,0.030,2,NULL,NULL,,1,0,1,7,255,,250,0,0
stim,16515,16515,0,408489.420,0.753,-0.207,-0.025,0.624,2649,0,0,0,0,8,10,116,20,0.031,96,0,16.457,2.935,2.820,16.120,-1.740,-0.288,-0.034,0.957,0.084,-2.934,-0.838,0.000,0.000,1.592,0.030,2,NULL,NULL,,1,0,1,7,255,,250,0,0
stim,16515,16515,0,408494.420,0.753,-0.207,-0.025,0.625,2685,0,0,0,0,7,10,121,20,0.031,96,0,16.485,2.936,2.460,16.180,-1.980,-0.287,-0.031,0.958,0.110,-2.934,-0.828,0.000,0.000,1.592,0.030,2,NULL,NULL,,1,0,1,7,255,,250,0,0
stim,16515,16515,0,408499.420,0.753,-0.207,-0.025,0.625,2669,0,0,0,0,8,9,120,20,0.031,96,0,16.677,2.952,2.280,16.360,-2.300,-0.286,-0.030,0.958,0.144,-2.948,-0.822,0.000,0.000,1.592,0.030,2,NULL,NULL,,1,0,1,7,255,,250,0,0
stim,16545,16545,0,408504.420,0.753,-0.207,-0.025,0.625,2639,0,0,0,0,8,10,117,20,0.031,96,0,16.679,2.952,2.020,16.360,-2.540,-0.283,-0.032,0.957,0.144,-2.948,-0.822,0.000,0.000,1.592,0.030,2,NULL,NULL,,1,0,1,7,255,,250,0,0
stim,16545,16545,0,408509.420,0.752,-0.207,-0.025,0.625,2643,0,0,0,0,10,9,121,20,0.031,96,0,16.637,2.969,1.960,16.360,-2.300,-0.280,-0.040,0.956,0.144,-2.966,-0.854,0.000,0.000,1.592,0.030,2,NULL,NULL,,1,0,1,7,255,,250,0,0
stim,16575,16575,0,408514.420,0.752,-0.207,-0.025,0.625,2637,0,0,0,0,10,14,120,20,0.031,96,0,16.649,3.009,2.020,16.440,-1.680,-0.279,-0.042,0.953,0.072,-3.008,-0.874,0.000,0.000,1.592,0.030,2,NULL,NULL,,1,0,1,7,255,,250,0,0
stim,16575,16575,0,408519.422,0.752,-0.207,-0.025,0.625,2646,0,0,0,0,9,11,133,20,0.031,96,0,16.634,3.008,2.400,16.440,-0.820,-0.280,-0.042,0.952,0.054,-3.008,-0.906,0.000,0.000,1.592,0.030,2,NULL,NULL,,1,0,1,7,255,,250,0,0
stim,16591,16591,0,408524.420,0.752,-0.207,-0.025,0.625,2627,0,0,0,0,6,11,117,20,0.031,96,0,16.667,2.996,2.700,16.440,-0.460,-0.284,-0.039,0.953,0.054,-2.996,-0.906,0.000,0.000,1.592,0.030,2,NULL,NULL,,1,0,1,7,255,,250,0,0
stim,16591,16591,0,408529.420,0.752,-0.207,-0.025,0.625,2633,0,0,0,0,9,16,122,20,0.031,96,0,16.627,2.959,2.940,16.360,-0.400,-0.285,-0.038,0.954,0.068,-2.958,-0.880,0.000,0.000,1.592,0.030,2,NULL,NULL,,1,0,1,7,255,,250,0,0
stim,16591,16591,0,408534.421,0.752,-0.207,-0.025,0.625,2620,0,0,0,0,9,11,116,20,0.031,96,0,16.612,2.959,2.880,16.360,-0.160,-0.285,-0.040,0.955,0.068,-2.958,-0.868,0.000,0.000,1.592,0.030,2,NULL,NULL,,1,0,1,7,255,,250,0,0
stim,16591,16591,0,408539.420,0.752,-0.207,-0.025,0.625,2648,0,0,0,0,9,21,122,20,0.031,96,0,16.485,2.953,2.820,16.240,0.280,-0.288,-0.037,0.956,0.080,-2.952,-0.856,0.000,0.000,1.592,0.030,2,NULL,NULL,,1,0,1,7,255,,250,0,0
stim,16591,16591,0,408544.420,0.752,-0.207,-0.025,0.625,2621,0,0,0,0,7,12,117,20,0.031,96,0,16.564,2.941,2.940,16.300,0.200,-0.293,-0.029,0.956,0.082,-2.940,-0.838,0.000,0.000,1.592,0.030,2,NULL,NULL,,1,0,1,7,255,,250,0,0
stim,16591,16591,0,408549.420,0.752,-0.207,-0.025,0.625,2629,0,0,0,0,9,11,119,20,0.031,96,0,16.527,2.882,3.000,16.240,-0.640,-0.295,-0.025,0.957,0.148,-2.878,-0.806,0.000,0.000,1.592,0.030,2,NULL,NULL,,1,0,1,7,255,,250,0,0
stim,16591,16591,0,408554.420,0.752,-0.207,-0.025,0.625,2614,0,0,0,0,5,14,121,20,0.031,96,0,16.636,2.882,3.000,16.300,-1.440,-0.293,-0.030,0.960,0.148,-2.878,-0.786,0.000,0.000,1.592,0.030,2,NULL,NULL,,1,0,1,7,255,,250,0,0
stim,16591,16591,0,408559.420,0.752,-0.207,-0.025,0.625,2607,0,0,0,0,9,16,118,20,0.031,96,0,16.567,2.905,2.880,16.240,-1.560,-0.288,-0.040,0.957,0.138,-2.902,-0.786,0.000,0.000,1.592,0.030,2,NULL,NULL,,1,0,1,7,255,,250,0,0
stim,16607,16607,0,408564.422,0.752,-0.207,-0.025,0.625,2585,0,0,0,0,5,10,117,20,0.031,96,0,16.373,2.939,3.000,16.060,-1.080,-0.288,-0.041,0.953,0.056,-2.938,-0.828,0.000,0.000,1.592,0.030,2,NULL,NULL,,1,0,1,7,255,,250,0,0
stim,16607,16607,0,408569.420,0.752,-0.207,-0.025,0.625,2565,0,0,0,0,9,11,117,20,0.031,96,0,15.840,2.938,3.060,15.520,-0.820,-0.297,-0.038,0.955,0.046,-2.938,-0.828,0.000,0.000,1.592,0.030,2,NULL,NULL,,1,0,1,7,255,,250,0,0
stim,16607,16607,0,408574.422,0.752,-0.207,-0.025,0.625,2547,0,0,0,0,8,11,117,20,0.031,96,0,15.972,2.866,3.120,15.580,-1.620,-0.300,-0.031,0.959,0.046,-2.866,-0.796,0.000,0.000,1.592,0.030,2,NULL,NULL,,1,0,1,7,255,,250,0,0
stim,16607,16607,0,408579.420,0.752,-0.207,-0.025,0.626,2545,0,0,0,0,8,10,117,20,0.031,96,0,16.139,2.868,3.180,15.520,-3.080,-0.293,-0.026,0.959,0.116,-2.866,-0.776,0.000,0.000,1.592,0.030,2,NULL,NULL,,1,0,1,7,255,,250,0,0
stim,16607,16607,0,408584.420,0.752,-0.207,-0.025,0.626,2537,0,0,0,0,9,18,119,20,0.031,96,0,16.382,2.887,2.940,15.700,-3.640,-0.285,-0.033,0.960,0.130,-2.884,-0.776,0.000,0.000,1.592,0.030,2,NULL,NULL,,1,0,1,7,255,,250,0,0
stim,16607,16607,0,408589.421,0.752,-0.207,-0.025,0.626,2489,0,0,0,0,9,12,116,20,0.031,96,0,16.177,2.975,2.820,15.640,-3.020,-0.280,-0.038,0.958,0.130,-2.972,-0.812,0.000,0.000,1.592,0.030,2,NULL,NULL,,1,0,1,7,255,,250,0,0
stim,16623,16623,0,408594.420,0.752,-0.206,-0.025,0.626,2471,0,0,0,0,8,13,115,20,0.031,96,0,15.933,2.989,2.640,15.580,-2.040,-0.282,-0.039,0.957,0.088,-2.988,-0.858,0.000,0.000,1.592,0.030,2,NULL,NULL,,1,0,1,7,255,,250,0,0
stim,16623,16623,0,408599.420,0.752,-0.206,-0.025,0.626,2457,0,0,0,0,10,17,119,20,0.031,96,0,15.745,2.989,2.700,15.400,-1.860,-0.289,-0.036,0.956,0.082,-2.988,-0.858,0.000,0.000,1.592,0.030,2,NULL,NULL,,1,0,1,7,255,,250,0,0
stim,16639,16639,0,408604.420,0.752,-0.206,-0.025,0.626,2429,0,0,0,0,9,16,121,20,0.031,96,0,16.194,2.927,3.000,15.700,-2.600,-0.289,-0.033,0.955,0.082,-2.926,-0.840,0.000,0.000,1.592,0.030,2,NULL,NULL,,1,0,1,7,255,,250,0,0
stim,16639,16639,0,408609.420,0.751,-0.206,-0.025,0.626,2425,0,0,0,0,9,12,117,20,0.031,96,0,16.128,2.927,3.000,15.520,-3.200,-0.286,-0.037,0.958,0.082,-2.926,-0.832,0.000,0.000,1.592,0.030,2,NULL,NULL,,1,0,1,7,255,,250,0,0
stim,16639,16639,0,408614.420,0.751,-0.206,-0.024,0.626,2430,0,0,0,0,9,18,116,20,0.031,96,0,16.351,2.961,2.820,15.820,-3.020,-0.282,-0.041,0.957,0.082,-2.960,-0.840,0.000,0.000,1.592,0.030,2,NULL,NULL,,1,0,1,7,255,,250,0,0
stim,16671,16671,0,408619.421,0.751,-0.206,-0.024,0.626,2378,0,0,0,0,7,13,117,20,0.031,96,0,15.957,2.991,2.700,15.520,-2.540,-0.281,-0.042,0.954,0.058,-2.990,-0.856,0.000,0.000,1.592,0.030,2,NULL,NULL,,1,0,1,7,255,,250,0,0
stim,16671,16671,0,408624.421,0.751,-0.206,-0.024,0.627,2359,0,0,0,0,8,11,116,20,0.031,96,0,16.029,2.990,2.940,15.640,-1.920,-0.285,-0.043,0.953,0.036,-2.990,-0.868,0.000,0.000,1.592,0.030,2,NULL,NULL,,1,0,1,7,255,,250,0,0
stim,16671,16671,0,408629.420,0.751,-0.206,-0.024,0.627,2329,0,0,0,0,7,9,117,20,0.031,96,0,15.869,2.956,3.440,15.400,-1.680,-0.290,-0.042,0.953,0.024,-2.956,-0.868,0.000,0.000,1.592,0.030,2,NULL,NULL,,1,0,1,7,255,,250,0,0
stim,16687,16687,0,408634.421,0.751,-0.206,-0.024,0.627,2316,0,0,0,0,28,22,117,20,0.031,96,0,15.864,2.912,4.040,15.220,-1.920,-0.292,-0.037,0.954,0.024,-2.912,-0.848,0.000,0.000,1.592,0.030,2,NULL,NULL,,1,0,1,7,255,,250,0,0
stim,16687,16687,0,408639.420,0.751,-0.206,-0.024,0.627,2309,0,0,0,0,12,11,121,20,0.031,96,0,16.201,2.913,4.160,15.460,-2.480,-0.291,-0.032,0.959,0.066,-2.912,-0.826,0.000,0.000,1.592,0.030,2,NULL,NULL,,1,0,1,7,255,,250,0,0
stim,16687,16687,0,408644.420,0.751,-0.206,-0.024,0.627,2277,0,0,0,0,9,16,112,20,0.031,96,0,15.900,2.915,3.620,15.220,-2.840,-0.289,-0.032,0.963,0.122,-2.912,-0.788,0.000,0.000,1.592,0.030,2,NULL,NULL,,1,0,1,7,255,,250,0,0
stim,16687,16687,0,408649.420,0.751,-0.206,-0.024,0.627,2257,0,0,0,0,12,14,112,20,0.031,96,0,15.955,2.933,2.880,15.400,-3.020,-0.288,-0.031,0.959,0.130,-2.930,-0.788,0.000,0.000,1.592,0.030,2,NULL,NULL,,1,0,1,7,255,,250,0,0
stim,16687,16687,0,408654.420,0.751,-0.206,-0.024,0.627,2236,0,0,0,0,10,13,117,20,0.031,96,0,15.751,2.937,2.640,15.220,-3.080,-0.287,-0.033,0.958,0.130,-2.934,-0.800,0.000,0.000,1.592,0.030,2,NULL,NULL,,1,0,1,7,255,,250,0,0
stim,16687,16687,0,408659.420,0.751,-0.206,-0.024,0.627,2219,0,0,0,0,12,14,118,20,0.031,96,0,15.906,2.936,2.820,15.280,-3.400,-0.285,-0.033,0.956,0.116,-2.934,-0.812,0.000,0.000,1.592,0.030,2,NULL,NULL,,1,0,1,7,255,,250,0,0
stim,16687,16687,0,408664.424,0.751,-0.206,-0.024,0.627,2202,0,0,0,0,9,17,111,20,0.031,96,0,15.921,2.938,2.760,15.280,-3.520,-0.282,-0.034,0.958,0.116,-2.936,-0.838,0.000,0.000,1.592,0.030,2,NULL,NULL,,1,0,1,7,255,,250,0,0
stim,16687,16687,0,408669.420,0.751,-0.206,-0.024,0.628,2165,0,0,0,0,8,12,116,20,0.031,96,0,15.814,2.976,2.520,15.280,-3.200,-0.280,-0.032,0.958,0.116,-2.974,-0.842,0.000,0.000,1.592,0.030,2,NULL,NULL,,1,0,1,7,255,,250,0,0
stim,16703,16703,0,408674.422,0.750,-0.206,-0.024,0.628,2154,0,0,0,0,13,18,119,20,0.031,96,0,15.640,2.986,1.960,15.220,-3.020,-0.280,-0.035,0.958,0.112,-2.984,-0.848,0.000,0.000,1.592,0.030,2,NULL,NULL,,1,0,1,7,255,,250,0,0
stim,16703,16703,0,408679.420,0.750,-0.206,-0.024,0.628,2137,0,0,0,0,19,18,111,20,0.031,96,0,15.610,2.986,2.080,15.280,-2.420,-0.281,-0.039,0.952,0.112,-2.984,-0.852,0.000,0.000,1.592,0.030,2,NULL,NULL,,1,0,1,7,255,,250,0,0
stim,16703,16703,0,408684.420,0.750,-0.205,-0.024,0.628,2119,0,0,0,0,7,13,115,20,0.031,96,0,15.381,2.959,2.700,15.020,-1.920,-0.284,-0.042,0.951,0.060,-2.958,-0.886,0.000,0.000,1.592,0.030,2,NULL,NULL,,1,0,1,7,255,,250,0,0
stim,16703,16703,0,408689.421,0.750,-0.205,-0.024,0.628,2101,0,0,0,0,20,17,109,20,0.031,96,0,15.554,2.934,3.360,15.080,-1.800,-0.290,-0.042,0.953,0.028,-2.934,-0.886,0.000,0.000,1.592,0.030,2,NULL,NULL,,1,0,1,7,255,,250,0,0
stim,16719,16719,0,408694.420,0.750,-0.205,-0.024,0.628,2090,0,0,0,0,19,16,111,20,0.031,96,0,15.735,2.898,3.980,15.020,-2.480,-0.293,-0.039,0.955,0.028,-2.898,-0.838,0.000,0.000,1.592,0.030,2,NULL,NULL,,1,0,1,7,255,,250,0,0
stim,16719,16719,0,408699.420,0.750,-0.205,-0.023,0.628,2039,0,0,0,0,12,12,117,20,0.031,96,0,15.842,2.870,4.160,14.960,-3.140,-0.298,-0.037,0.959,0.034,-2.870,-0.808,0.000,0.000,1.592,0.030,2,NULL,NULL,,1,0,1,7,255,,250,0,0
stim,16735,16735,0,408704.420,0.750,-0.205,-0.023,0.628,1980,0,0,0,0,10,18,119,20,0.031,96,0,15.576,2.870,3.800,14.660,-3.640,-0.297,-0.040,0.961,0.034,-2.870,-0.744,0.000,0.000,1.592,0.030,2,NULL,NULL,,1,0,1,7,255,,250,0,0
stim,16735,16735,0,408709.420,0.750,-0.205,-0.023,0.628,1931,0,0,0,0,3,17,112,20,0.031,96,0,15.396,2.854,3.300,14.480,-4.060,-0.298,-0.039,0.958,0.032,-2.854,-0.744,0.000,0.000,1.592,0.030,2,NULL,NULL,,1,0,1,7,255,,250,0,0
stim,16735,16735,0,408714.420,0.750,-0.205,-0.023,0.629,1893,0,0,0,0,8,13,113,20,0.031,96,0,15.570,2.842,3.860,14.300,-4.800,-0.303,-0.038,0.957,0.028,-2.842,-0.734,0.000,0.000,1.592,0.030,2,NULL,NULL,,1,0,1,7,255,,250,0,0
stim,16768,16768,0,408719.422,0.750,-0.205,-0.023,0.629,1821,0,0,0,0,9,13,115,20,0.031,96,0,16.181,2.800,4.400,14.360,-6.020,-0.304,-0.031,0.963,0.032,-2.800,-0.734,0.000,0.000,1.592,0.030,2,NULL,NULL,,1,0,1,7,255,,250,0,0
stim,16768,16768,0,408724.421,0.749,-0.205,-0.023,0.629,1735,0,0,0,0,8,16,111,20,0.031,96,0,16.643,2.802,3.800,14.180,-7.840,-0.299,-0.029,0.966,0.098,-2.800,-0.682,0.000,0.000,1.592,0.030,2,NULL,NULL,,1,0,1,7,255,,250,0,0
stim,16768,16768,0,408729.420,0.749,-0.205,-0.023,0.630,1669,0,0,0,0,8,17,111,20,0.031,96,0,16.844,2.855,3.240,13.980,-8.820,-0.292,-0.029,0.963,0.128,-2.852,-0.682,0.000,0.000,1.592,0.030,2,NULL,NULL,,1,0,1,7,255,,250,0,0
stim,16769,16769,0,408734.420,0.749,-0.205,-0.023,0.630,1621,0,0,0,0,15,17,115,20,0.031,96,0,16.809,2.896,2.520,13.800,-9.260,-0.287,-0.029,0.967,0.144,-2.892,-0.738,0.000,0.000,1.592,0.030,2,NULL,NULL,,1,0,1,7,255,,250,0,0
stim,16769,16769,0,408739.420,0.749,-0.204,-0.023,0.630,1539,0,0,0,0,10,13,115,20,0.031,96,0,17.057,2.934,2.220,13.740,-9.860,-0.287,-0.035,0.961,0.144,-2.930,-0.742,0.000,0.000,1.592,0.030,2,NULL,NULL,,1,0,1,7,255,,250,0,0
stim,16783,16783,0,408744.420,0.748,-0.204,-0.023,0.631,1433,0,0,0,0,16,18,115,20,0.031,96,0,17.217,2.942,2.880,13.860,-9.800,-0.286,-0.043,0.958,0.094,-2.940,-0.786,0.000,0.000,1.592,0.030,2,NULL,NULL,,1,0,1,7,255,,250,0,0
stim,16783,16783,0,408749.420,0.748,-0.204,-0.023,0.631,1287,0,0,0,0,7,16,115,20,0.031,96,0,16.010,2.940,4.160,12.820,-8.640,-0.287,-0.042,0.965,0.032,-2.940,-0.786,0.000,0.000,1.592,0.030,2,NULL,NULL,,1,0,1,7,255,,250,0,0
stim,16784,16784,0,408754.420,0.748,-0.204,-0.023,0.631,1145,0,0,0,0,12,22,112,20,0.031,96,0,16.136,2.970,2.700,13.200,-8.880,-0.275,-0.041,0.968,0.032,-2.970,-0.786,0.000,0.000,1.592,0.030,2,NULL,NULL,,1,0,1,7,255,,250,0,0
stim,16784,16784,0,408759.420,0.748,-0.204,-0.023,0.631,1071,0,0,0,0,8,17,111,20,0.031,96,0,15.877,2.970,2.340,13.380,-8.220,-0.283,-0.058,0.949,0.032,-2.970,-0.786,0.000,0.000,1.592,0.030,2,NULL,NULL,,1,0,1,7,255,,250,0,0
stim,16800,16800,0,408764.422,0.748,-0.203,-0.023,0.632,1013,0,0,0,0,7,20,111,20,0.031,96,0,15.395,2.955,4.160,12.900,-7.300,-0.281,-0.061,0.946,-0.124,-2.952,-0.900,0.000,0.000,1.592,0.030,2,NULL,NULL,,1,0,1,7,255,,250,0,0
stim,16800,16800,0,408769.421,0.748,-0.203,-0.022,0.632,886,0,0,0,0,8,19,109,20,0.031,96,0,15.126,2.955,5.320,12.580,-6.500,-0.281,-0.052,0.951,-0.124,-2.952,-0.900,0.000,0.000,1.592,0.030,2,NULL,NULL,,1,0,1,7,255,,250,0,0
stim,16800,16800,0,408774.422,0.747,-0.203,-0.022,0.632,825,0,0,0,0,9,21,111,20,0.031,96,0,14.352,2.953,4.900,11.980,-6.200,-0.287,-0.038,0.964,-0.062,-2.952,-0.892,0.000,0.000,1.592,0.030,2,NULL,NULL,,1,0,1,7,255,,250,0,0
stim,16800,16800,0,408779.420,0.747,-0.203,-0.022,0.632,762,0,0,0,0,5,22,103,20,0.031,96,0,14.608,2.935,2.580,11.920,-8.040,-0.295,-0.027,0.977,0.070,-2.934,-0.758,0.000,0.000,1.592,0.030,2,NULL,NULL,,1,0,1,7,255,,250,0,0
stim,16815,16815,0,408784.420,0.747,-0.203,-0.022,0.633,722,0,0,0,0,8,21,109,20,0.031,96,0,15.968,2.908,3.360,13.080,-8.520,-0.292,-0.027,0.951,0.148,-2.904,-0.758,0.000,0.000,1.592,0.030,2,NULL,NULL,,1,0,1,7,255,,250,0,0
stim,16815,16815,0,408789.421,0.747,-0.203,-0.022,0.633,611,0,0,0,0,9,21,95,20,0.031,96,0,15.418,2.904,5.260,11.680,-8.580,-0.280,-0.034,0.950,0.148,-2.900,-0.834,0.000,0.000,1.592,0.030,2,NULL,NULL,,1,0,1,7,255,,250,0,0
stim,16815,16815,0,408794.420,0.747,-0.202,-0.022,0.633,435,0,0,0,0,9,25,95,20,0.031,96,0,17.452,2.903,6.840,12.900,-9.560,-0.270,-0.035,0.962,0.126,-2.900,-0.856,0.000,0.000,1.592,0.030,2,NULL,NULL,,1,0,1,7,255,,250,0,0
stim,16815,16815,0,408799.420,0.746,-0.202,-0.021,0.634,361,0,0,0,0,12,25,99,20,0.031,96,0,15.318,3.036,6.980,11.920,-6.620,-0.281,-0.055,0.969,0.100,-3.034,-0.856,0.000,0.000,1.592,0.030,2,NULL,NULL,,1,0,1,7,255,,250,0,0
stim,16834,16834,0,408804.420,0.746,-0.202,-0.021,0.634,281,0,0,0,0,7,21,93,20,0.031,96,0,14.041,3.035,7.700,10.820,-4.560,-0.301,-0.061,0.976,-0.074,-3.034,-0.736,0.000,0.000,1.592,0.030,2,NULL,NULL,,1,0,1,7,255,,250,0,0
stim,16834,16834,0,408809.420,0.746,-0.202,-0.021,0.634,173,0,0,0,0,10,25,92,20,0.031,96,0,15.786,3.025,7.340,10.080,-9.680,-0.281,-0.020,0.986,-0.074,-3.024,-0.594,0.000,0.000,1.592,0.030,2,NULL,NULL,,1,0,1,7,255,,250,0,0
stim,16867,16867,0,408814.420,0.746,-0.202,-0.021,0.635,111,0,0,0,0,12,23,92,20,0.031,96,0,12.572,2.921,5.620,6.900,-8.880,-0.316,-0.090,0.985,-0.170,-2.916,-0.570,0.000,0.000,1.592,0.030,2,NULL,NULL,,1,0,1,7,255,,250,0,0
stim,16901,16901,0,408819.422,0.746,-0.202,-0.020,0.635,87,0,0,0,0,8,2,89,20,0.031,96,0,21.195,2.902,20.220,4.840,4.120,-0.381,-0.038,1.046,-0.034,-2.902,-0.412,0.000,0.000,1.592,0.030,2,NULL,NULL,,1,0,1,7,255,,250,0,0
stim,16901,16901,0,408824.421,0.745,-0.203,-0.019,0.635,75,0,0,0,0,9,1,90,20,0.031,96,0,12.988,2.902,12.100,2.880,3.740,-0.338,0.077,1.114,-0.034,-2.902,0.434,0.000,0.000,1.592,0.030,2,NULL,NULL,,1,0,1,7,255,,250,0,0
stim,16901,16901,0,408829.420,0.745,-0.202,-0.019,0.635,84,0,0,0,0,10,0,90,20,0.031,96,0,12.294,2.624,-7.740,5.940,-7.480,-0.348,-0.004,1.019,0.306,-2.606,0.434,0.000,0.000,1.592,0.030,2,NULL,NULL,,1,0,1,7,255,,250,0,0
stim,16901,16901,0,408834.421,0.745,-0.202,-0.019,0.635,73,0,0,0,0,9,0,87,20,0.031,96,0,14.849,2.624,-5.540,3.440,-13.340,-0.319,-0.049,0.943,0.306,-2.606,0.028,0.000,0.000,1.592,0.030,2,NULL,NULL,,1,0,1,7,255,,250,0,0
stim,16901,16901,0,408839.420,0.745,-0.201,-0.019,0.636,59,0,0,0,0,13,0,87,20,0.031,96,0,13.314,2.619,7.700,2.080,-10.660,-0.269,-0.015,0.947,0.264,-2.606,-0.744,0.000,0.000,1.592,0.030,2,NULL,NULL,,1,0,1,7,255,,250,0,0
stim,16901,16901,0,408844.420,0.745,-0.201,-0.018,0.636,53,0,0,0,0,10,0,85,20,0.031,96,0,13.136,2.889,12.960,1.060,-1.860,-0.286,-0.020,1.002,0.248,-2.878,-0.744,0.000,0.000,1.592,0.030,2,NULL,NULL,,1,0,1,7,255,,250,0,0
stim,16901,16901,0,408849.420,0.745,-0.201,-0.017,0.636,21,0,0,0,0,8,0,84,20,0.031,96,0,13.408,2.938,12.580,-1.580,4.360,-0.340,-0.044,1.060,0.248,-2.928,-0.424,0.000,0.000,1.592,0.030,2,NULL,NULL,,1,0,1,7,255,,250,0,0
stim,16901,16901,0,408854.420,0.745,-0.201,-0.017,0.636,0,0,0,0,0,10,0,83,20,0.031,96,0,7.845,2.930,6.900,-3.520,1.240,-0.357,-0.030,1.082,0.100,-2.928,0.346,0.000,0.000,1.592,0.030,2,NULL,NULL,,1,0,1,7,255,,250,0,0
stim,16901,16901,0,408859.420,0.745,-0.201,-0.016,0.636,0,0,0,0,0,8,0,71,20,0.031,96,0,6.885,2.930,-1.700,-4.440,-4.980,-0.322,-0.016,1.053,0.100,-2.928,0.346,0.000,0.000,1.592,0.030,2,NULL,NULL,,1,0,1,7,255,,250,0,0
stim,16901,16901,0,408864.423,0.745,-0.200,-0.016,0.636,0,0,0,0,0,8,0,66,20,0.031,96,0,8.302,2.951,-2.920,-4.260,-6.500,-0.300,-0.016,1.020,0.258,-2.940,0.194,0.000,0.000,1.592,0.030,2,NULL,NULL,,1,0,1,7,255,,250,0,0
stim,16911,16911,0,408869.420,0.745,-0.200,-0.015,0.636,0,0,0,0,0,8,0,59,20,0.031,96,0,6.409,2.951,0.260,-6.400,-0.220,-0.298,-0.005,0.999,0.260,-2.940,-0.192,0.000,0.000,1.592,0.030,2,NULL,NULL,,1,0,1,7,255,,250,0,0
stim,16911,16911,0,408874.422,0.745,-0.199,-0.014,0.636,0,0,0,0,0,0,0,57,20,0.031,96,0,9.888,2.923,6.120,-7.740,0.640,-0.306,-0.028,1.024,0.258,-2.912,-0.192,0.000,0.000,1.592,0.030,2,NULL,NULL,,1,0,1,7,255,,250,0,0
stim,16911,16911,0,408879.420,0.746,-0.199,-0.013,0.636,0,0,0,0,0,0,0,59,20,0.031,96,0,12.029,2.911,7.520,-9.380,-0.400,-0.301,-0.040,1.013,0.124,-2.908,-0.228,0.000,0.000,1.592,0.030,2,NULL,NULL,,1,0,1,7,255,,250,0,0
stim,16911,16911,0,408884.420,0.746,-0.198,-0.012,0.636,0,0,0,0,0,0,0,53,20,0.031,96,0,11.931,2.915,4.280,-10.800,-2.720,-0.248,-0.025,1.019,0.124,-2.912,-0.228,0.000,0.000,1.592,0.030,2,NULL,NULL,,1,0,1,7,255,,250,0,0
stim,16911,16911,0,408889.420,0.746,-0.197,-0.011,0.636,0,0,0,0,0,0,0,48,20,0.031,96,0,10.699,3.323,1.960,-10.000,-3.260,-0.202,-0.016,0.990,0.246,-3.314,-0.444,0.000,0.000,1.592,0.030,2,NULL,NULL,,1,0,1,7,255,,250,0,0
stim,16911,16911,0,408894.420,0.746,-0.197,-0.010,0.636,0,0,0,0,0,0,0,42,20,0.031,96,0,10.101,3.517,0.860,-10.060,0.280,-0.152,-0.012,0.958,0.380,-3.496,-0.916,0.000,0.000,1.592,0.030,2,NULL,NULL,,1,0,1,7,255,,250,0,0
stim,16911,16911,0,408899.420,0.747,-0.196,-0.009,0.636,0,0,0,0,0,0,0,43,20,0.031,96,0,11.820,3.727,0.680,-9.380,7.160,-0.116,-0.036,0.909,0.380,-3.708,-1.424,0.000,0.000,1.592,0.030,2,NULL,NULL,,1,0,1,7,255,,250,0,0
stim,16933,16933,0,408904.420,0.747,-0.196,-0.008,0.635,0,0,0,0,0,0,0,27,20,0.031,96,0,23.207,3.716,9.220,-8.960,19.320,-0.127,-0.068,0.852,0.250,-3.708,-2.008,0.000,0.000,1.592,0.030,2,NULL,NULL,,1,0,1,7,255,,250,0,0
stim,16933,16933,0,408909.420,0.747,-0.197,-0.007,0.635,0,0,0,0,0,0,0,35,20,0.031,96,0,32.459,3.814,22.420,-7.680,22.180,-0.028,-0.013,0.883,0.250,-3.806,-2.428,0.000,0.000,1.592,0.030,2,NULL,NULL,,1,0,1,7,255,,250,0,0
stim,16933,16933,0,408914.422,0.747,-0.198,-0.005,0.635,0,0,0,0,0,0,0,24,20,0.031,96,0,57.988,4.319,56.960,-9.140,5.880,0.079,-0.146,1.025,-0.164,-4.316,-2.428,0.000,0.000,1.592,0.030,2,NULL,NULL,,1,0,1,7,255,,250,0,0
stim,16978,16978,0,408919.422,0.746,-0.200,-0.003,0.635,0,0,0,0,0,0,0,17,20,0.031,96,0,68.654,6.215,62.940,-20.000,18.760,0.145,-0.362,1.118,-0.338,-6.206,-1.996,0.000,0.000,1.592,0.030,2,NULL,NULL,,1,0,1,7,255,,250,0,0
stim,16978,16978,0,408924.420,0.747,-0.201,-0.000,0.634,0,0,0,0,0,0,0,11,20,0.031,96,0,65.166,7.406,44.080,-23.300,41.960,0.175,-0.166,1.100,-0.338,-7.398,-1.838,0.000,0.000,1.592,0.030,2,NULL,NULL,,1,0,1,7,255,,250,0,0
stim,16978,16978,0,408929.420,0.748,-0.203,0.001,0.632,0,0,0,0,0,0,0,11,20,0.031,96,0,61.692,7.405,27.240,-23.060,50.320,0.139,0.065,0.940,-0.326,-7.398,-1.838,0.000,0.000,1.592,0.030,2,NULL,NULL,,1,0,1,7,255,,250,0,0
stim,16978,16978,0,408934.422,0.748,-0.204,0.003,0.631,0,0,0,0,0,0,0,9,20,0.031,96,0,70.149,5.976,44.320,-19.700,50.680,0.106,0.118,0.867,1.592,-5.760,-2.968,0.000,0.000,1.592,0.030,2,NULL,NULL,,1,0,1,7,255,,250,0,0
stim,16978,16978,0,408939.420,0.748,-0.207,0.006,0.630,0,0,0,0,0,0,0,16,20,0.031,96,0,98.838,5.681,85.340,-9.940,48.860,0.051,0.119,1.032,1.904,-5.352,-2.968,0.000,0.000,1.592,0.030,2,NULL,NULL,,1,0,1,7,255,,250,0,0
stim,16980,16980,0,408944.420,0.747,-0.211,0.009,0.630,0,0,0,0,0,0,0,12,20,0.031,96,0,110.820,5.684,101.460,2.200,44.520,-0.040,0.149,1.350,1.914,-5.352,-1.720,0.000,0.000,1.592,0.030,2,NULL,NULL,,1,0,1,7,255,,250,0,0
stim,16980,16980,0,408949.420,0.747,-0.214,0.011,0.629,0,0,0,0,0,0,0,19,20,0.031,96,0,85.210,6.466,76.560,13.200,35.000,-0.149,0.156,1.590,2.122,-6.108,1.438,0.000,0.000,1.592,0.030,2,NULL,NULL,,1,0,1,7,255,,250,0,0
stim,16980,16980,0,408954.420,0.747,-0.216,0.011,0.629,0,0,0,0,0,0,0,13,20,0.031,96,0,42.192,6.485,31.700,20.520,18.820,-0.214,0.163,1.635,2.122,-6.128,4.014,0.000,0.000,1.592,0.030,2,NULL,NULL,,1,0,1,7,255,,250,0,0
stim,16980,16980,0,408959.420,0.747,-0.216,0.010,0.629,0,0,0,0,0,0,0,20,20,0.031,96,0,27.547,6.470,-7.800,26.200,-3.400,-0.187,0.169,1.512,2.076,-6.128,4.014,0.000,0.000,1.592,0.030,2,NULL,NULL,,1,0,1,7,255,,250,0,0
stim,16991,16991,0,408964.422,0.746,-0.216,0.008,0.630,0,0,0,0,0,0,0,9,20,0.031,96,0,47.198,6.121,-28.680,29.800,-22.740,-0.067,0.142,1.301,2.042,-5.770,3.522,0.000,0.000,1.592,0.030,2,NULL,NULL,,1,0,1,7,255,,250,0,0
stim,16991,16991,0,408969.421,0.746,-0.215,0.006,0.630,0,0,0,0,0,0,0,6,20,0.031,96,0,51.881,6.094,-31.660,29.920,-28.180,0.074,0.065,1.117,1.960,-5.770,1.122,0.000,0.000,1.592,0.030,2,NULL,NULL,,1,0,1,7,255,,250,0,0
stim,17007,17007,0,408974.422,0.746,-0.214,0.005,0.631,0,0,0,0,0,0,0,7,20,0.031,96,0,42.119,6.368,-24.700,27.420,-20.300,0.166,-0.008,1.008,1.426,-6.206,-1.184,0.000,0.000,1.592,0.030,2,NULL,NULL,,1,0,1,7,255,,250,0,0
stim,17007,17007,0,408979.420,0.746,-0.214,0.004,0.631,0,0,0,0,0,0,0,7,20,0.031,96,0,28.732,6.629,-13.960,23.580,-8.640,0.187,-0.026,0.961,0.868,-6.572,-2.604,0.000,0.000,1.592,0.030,2,NULL,NULL,,1,0,1,7,255,,250,0,0
stim,17007,17007,0,408984.420,0.746,-0.213,0.005,0.631,0,0,0,0,0,0,0,19,20,0.031,96,0,19.525,6.629,-3.840,19.120,-0.960,0.166,-0.005,0.958,0.864,-6.572,-3.014,0.000,0.000,1.592,0.030,2,NULL,NULL,,1,0,1,7,255,,250,0,0
stim,17007,17007,0,408989.420,0.746,-0.213,0.005,0.631,0,0,0,0,0,0,0,21,20,0.031,96,0,15.728,6.385,4.720,14.720,2.900,0.141,0.017,0.976,0.864,-6.326,-3.014,0.000,0.000,1.592,0.030,2,NULL,NULL,,1,0,1,7,255,,250,0,0
stim,17023,17023,0,408994.420,0.746,-0.213,0.006,0.631,0,0,0,0,0,0,0,25,20,0.031,96,0,16.286,6.230,10.760,10.200,6.740,0.116,0.018,1.009,0.996,-6.150,-2.718,0.000,0.000,1.592,0.030,2,NULL,NULL,,1,0,1,7,255,,250,0,0
stim,17023,17023,0,408999.420,0.747,-0.213,0.007,0.630,0,0,0,0,0,0,0,23,20,0.031,96,0,19.473,6.175,14.000,6.300,11.980,0.075,0.014,1.042,0.996,-6.094,-2.306,0.000,0.000,1.592,0.030,2,NULL,NULL,,1,0,1,7,255,,250,0,0
stim,17039,17039,0,409004.420,0.747,-0.213,0.008,0.630,0,0,0,0,0,0,0,10,20,0.031,96,0,21.639,5.981,14.540,3.120,15.720,0.012,0.020,1.077,0.882,-5.916,-1.814,0.000,0.000,1.592,0.030,2,NULL,NULL,,1,0,1,7,255,,250,0,0
stim,17039,17039,0,409009.420,0.747,-0.213,0.009,0.629,0,0,0,0,0,0,0,12,20,0.031,96,0,19.471,5.614,12.520,1.240,14.860,-0.051,0.033,1.104,0.816,-5.554,-1.196,0.000,0.000,1.592,0.030,2,NULL,NULL,,1,0,1,7,255,,250,0,0
stim,17071,17071,0,409014.421,0.747,-0.213,0.010,0.629,0,0,0,0,0,0,0,17,20,0.031,96,0,13.126,5.193,8.380,0.260,10.100,-0.092,0.037,1.117,0.806,-5.130,-0.638,0.000,0.000,1.592,0.030,2,NULL,NULL,,1,0,1,7,255,,250,0,0
stim,17087,17087,0,409019.422,0.748,-0.213,0.011,0.629,0,0,0,0,0,0,0,19,20,0.031,96,0,5.481,4.899,2.880,-0.180,4.660,-0.106,0.032,1.107,0.746,-4.842,-0.328,0.000,0.000,1.592,0.030,2,NULL,NULL,,1,0,1,7,255,,250,0,0
stim,17087,17087,0,409024.420,0.748,-0.212,0.011,0.629,0,0,0,0,0,0,0,13,20,0.031,96,0,2.352,4.720,-2.180,-0.540,0.700,-0.109,0.024,1.073,0.656,-4.674,-0.328,0.000,0.000,1.592,0.030,2,NULL,NULL,,1,0,1,7,255,,250,0,0
stim,17087,17087,0,409029.421,0.748,-0.212,0.012,0.629,0,0,0,0,0,0,0,13,20,0.031,96,0,5.041,4.524,-4.560,-1.260,-1.740,-0.111,0.012,1.030,0.540,-4.492,-0.602,0.000,0.000,1.592,0.030,2,NULL,NULL,,1,0,1,7,255,,250,0,0
stim,17087,17087,0,409034.420,0.748,-0.211,0.013,0.629,0,0,0,0,0,0,0,19,20,0.031,96,0,6.367,4.290,-4.500,-2.480,-3.760,-0.115,0.000,0.989,0.388,-4.272,-0.950,0.000,0.000,1.592,0.030,2,NULL,NULL,,1,0,1,7,255,,250,0,0
stim,17087,17087,0,409039.421,0.748,-0.210,0.013,0.629,0,0,0,0,0,0,0,13,20,0.031,96,0,7.557,4.058,-2.560,-4.140,-5.780,-0.113,-0.007,0.957,0.228,-4.052,-1.270,0.000,0.000,1.592,0.030,2,NULL,NULL,,1,0,1,7,255,,250,0,0
stim,17087,17087,0,409044.420,0.749,-0.209,0.014,0.629,0,0,0,0,0,0,0,10,20,0.031,96,0,9.662,3.910,0.440,-6.100,-7.480,-0.104,-0.010,0.936,0.138,-3.908,-1.552,0.000,0.000,1.592,0.030,2,NULL,NULL,,1,0,1,7,255,,250,0,0
stim,17087,17087,0,409049.420,0.749,-0.208,0.015,0.629,0,0,0,0,0,0,0,11,20,0.031,96,0,11.942,3.880,3.920,-8.280,-7.660,-0.094,-0.008,0.924,0.138,-3.878,-1.766,0.000,0.000,1.592,0.030,2,NULL,NULL,,1,0,1,7,255,,250,0,0
stim,17103,17103,0,409054.420,0.749,-0.208,0.016,0.630,0,0,0,0,0,0,0,6,20,0.031,96,0,14.166,3.876,7.460,-10.360,-6.140,-0.088,-0.005,0.919,0.138,-3.874,-1.904,0.000,0.000,1.592,0.030,2,NULL,NULL,,1,0,1,7,255,,250,0,0
stim,17103,17103,0,409059.420,0.748,-0.207,0.017,0.630,0,0,0,0,0,0,0,9,20,0.031,96,0,17.063,3.877,11.360,-12.200,-3.640,-0.101,-0.003,0.919,0.144,-3.874,-1.904,0.000,0.000,1.592,0.030,2,NULL,NULL,,1,0,1,7,255,,250,0,0
stim,17103,17103,0,409064.422,0.748,-0.207,0.019,0.630,0,0,0,0,0,0,0,10,20,0.031,96,0,20.734,3.751,15.140,-14.080,-1.560,-0.120,-0.001,0.931,0.144,-3.748,-1.894,0.000,0.000,1.592,0.030,2,NULL,NULL,,1,0,1,7,255,,250,0,0
stim,17119,17119,0,409069.421,0.748,-0.206,0.020,0.630,0,0,0,0,0,0,0,11,20,0.031,96,0,23.568,3.622,17.660,-15.560,-1.200,-0.137,-0.001,0.949,0.108,-3.620,-1.692,0.000,0.000,1.592,0.030,2,NULL,NULL,,1,0,1,7,255,,250,0,0
stim,17119,17119,0,409074.422,0.748,-0.206,0.022,0.630,0,0,0,0,0,0,0,7,20,0.031,96,0,25.298,3.575,18.940,-16.660,-1.920,-0.143,-0.001,0.970,0.070,-3.574,-1.450,0.000,0.000,1.592,0.030,2,NULL,NULL,,1,0,1,7,255,,250,0,0
stim,17119,17119,0,409079.420,0.748,-0.206,0.023,0.630,0,0,0,0,0,0,0,12,20,0.031,96,0,25.465,3.575,18.380,-17.500,-2.100,-0.146,0.002,0.986,0.068,-3.574,-1.236,0.000,0.000,1.592,0.030,2,NULL,NULL,,1,0,1,7,255,,250,0,0
stim,17119,17119,0,409084.420,0.748,-0.205,0.025,0.630,0,0,0,0,0,0,0,9,20,0.031,96,0,24.874,3.574,16.860,-18.240,-1.320,-0.152,0.000,0.992,0.054,-3.574,-1.070,0.000,0.000,1.592,0.030,2,NULL,NULL,,1,0,1,7,255,,250,0,0
stim,17119,17119,0,409089.420,0.748,-0.205,0.026,0.630,0,0,0,0,0,0,0,9,20,0.031,96,0,24.497,3.550,15.400,-19.040,-0.640,-0.166,-0.001,0.996,0.020,-3.550,-0.980,0.000,0.000,1.592,0.030,2,NULL,NULL,,1,0,1,7,255,,250,0,0
stim,17119,17119,0,409094.422,0.748,-0.204,0.028,0.631,0,0,0,0,0,0,0,8,20,0.031,96,0,24.313,3.436,14.120,-19.760,-1.140,-0.177,-0.003,0.998,-0.038,-3.436,-0.880,0.000,0.000,1.592,0.030,2,NULL,NULL,,1,0,1,7,255,,250,0,0
stim,17119,17119,0,409099.420,0.748,-0.204,0.029,0.631,0,0,0,0,0,0,0,7,20,0.031,96,0,24.206,3.328,12.520,-20.560,-2.540,-0.181,-0.006,1.000,-0.100,-3.326,-0.800,0.000,0.000,1.592,0.030,2,NULL,NULL,,1,0,1,7,255,,250,0,0
stim,17120,17120,0,409104.420,0.748,-0.203,0.031,0.631,0,0,0,0,0,0,0,8,20,0.031,96,0,23.768,3.293,10.440,-21.040,-3.640,-0.180,-0.011,0.999,-0.144,-3.290,-0.766,0.000,0.000,1.592,0.030,2,NULL,NULL,,1,0,1,7,255,,250,0,0
stim,17120,17120,0,409109.420,0.748,-0.202,0.032,0.631,0,0,0,0,0,0,0,12,20,0.031,96,0,23.484,3.282,8.260,-21.660,-3.760,-0.177,-0.021,0.988,-0.202,-3.276,-0.766,0.000,0.000,1.592,0.030,2,NULL,NULL,,1,0,1,7,255,,250,0,0
stim,17167,17167,0,409114.420,0.749,-0.201,0.033,0.631,0,0,0,0,0,0,0,7,20,0.031,96,0,23.497,3.262,6.780,-22.260,-3.260,-0.176,-0.024,0.979,-0.306,-3.248,-0.864,0.000,0.000,1.592,0.030,2,NULL,NULL,,1,0,1,7,255,,250,0,0
stim,17183,17183,0,409119.422,0.749,-0.200,0.035,0.631,0,0,0,0,0,0,0,5,20,0.031,96,0,23.623,3.208,6.000,-22.640,-3.080,-0.182,-0.023,0.966,-0.354,-3.188,-0.944,0.000,0.000,1.592,0.030,2,NULL,NULL,,1,0,1,7,255,,250,0,0
stim,17183,17183,0,409124.420,0.749,-0.199,0.036,0.631,0,0,0,0,0,0,0,8,20,0.031,96,0,23.818,3.081,5.680,-22.880,-3.400,-0.188,-0.024,0.960,-0.374,-3.058,-1.018,0.000,0.000,1.592,0.030,2,NULL,NULL,,1,0,1,7,255,,250,0,0
stim,17183,17183,0,409129.420,0.749,-0.198,0.037,0.631,0,0,0,0,0,0,0,10,20,0.031,96,0,23.773,2.987,5.620,-22.820,-3.580,-0.193,-0.031,0.956,-0.414,-2.958,-1.038,0.000,0.000,1.592,0.030,2,NULL,NULL,,1,0,1,7,255,,250,0,0
stim,17183,17183,0,409134.422,0.749,-0.198,0.038,0.631,0,0,0,0,0,0,0,7,20,0.031,96,0,23.636,2.925,4.900,-22.880,-3.340,-0.201,-0.032,0.953,-0.502,-2.882,-1.038,0.000,0.000,1.592,0.030,2,NULL,NULL,,1,0,1,7,255,,250,0,0
stim,17183,17183,0,409139.420,0.749,-0.197,0.040,0.631,0,0,0,0,0,0,0,20,20,0.031,96,0,23.278,2.822,4.040,-22.700,-3.200,-0.215,-0.025,0.954,-0.510,-2.776,-1.026,0.000,0.000,1.592,0.030,2,NULL,NULL,,1,0,1,7,255,,250,0,0
stim,17183,17183,0,409144.420,0.749,-0.196,0.041,0.631,0,0,0,0,0,0,0,9,20,0.031,96,0,23.233,2.677,3.120,-22.640,-4.180,-0.226,-0.032,0.955,-0.538,-2.622,-0.948,0.000,0.000,1.592,0.030,2,NULL,NULL,,1,0,1,7,255,,250,0,0
stim,17183,17183,0,409149.420,0.749,-0.195,0.042,0.632,0,0,0,0,0,0,0,9,20,0.031,96,0,22.940,2.594,1.420,-21.900,-6.680,-0.229,-0.040,0.953,-0.606,-2.522,-0.892,0.000,0.000,1.592,0.030,2,NULL,NULL,,1,0,1,7,255,,250,0,0
stim,17199,17199,0,409154.420,0.749,-0.194,0.043,0.632,0,0,0,0,0,0,0,3,20,0.031,96,0,22.776,2.564,-0.300,-20.920,-9.000,-0.227,-0.046,0.934,-0.688,-2.470,-0.892,0.000,0.000,1.592,0.030,2,NULL,NULL,,1,0,1,7,255,,250,0,0
stim,17199,17199,0,409159.420,0.749,-0.193,0.043,0.632,0,0,0,0,0,0,0,8,20,0.031,96,0,22.418,2.523,-0.720,-19.940,-10.220,-0.222,-0.054,0.917,-0.758,-2.406,-1.064,0.000,0.000,1.592,0.030,2,NULL,NULL,,1,0,1,7,255,,250,0,0
stim,17199,17199,0,409164.422,0.749,-0.192,0.044,0.632,0,0,0,0,0,0,0,6,20,0.031,96,0,21.876,2.505,-0.360,-19.100,-10.660,-0.226,-0.052,0.902,-0.828,-2.364,-1.230,0.000,0.000,1.592,0.030,2,NULL,NULL,,1,0,1,7,255,,250,0,0
stim,17215,17215,0,409169.422,0.749,-0.191,0.045,0.633,0,0,0,0,0,0,0,10,20,0.031,96,0,21.772,2.390,0.500,-18.480,-11.500,-0.232,-0.048,0.893,-0.828,-2.242,-1.336,0.000,0.000,1.592,0.030,2,NULL,NULL,,1,0,1,7,255,,250,0,0
stim,17215,17215,0,409174.420,0.749,-0.190,0.046,0.633,0,0,0,0,0,0,0,8,20,0.031,96,0,22.697,2.276,1.300,-18.360,-13.280,-0.233,-0.053,0.886,-0.832,-2.118,-1.392,0.000,0.000,1.592,0.030,2,NULL,NULL,,1,0,1,7,255,,250,0,0
stim,17215,17215,0,409179.420,0.749,-0.189,0.046,0.633,0,0,0,0,0,0,0,13,20,0.031,96,0,24.228,2.287,1.900,-18.540,-15.480,-0.225,-0.059,0.882,-0.864,-2.118,-1.444,0.000,0.000,1.592,0.030,2,NULL,NULL,,1,0,1,7,255,,250,0,0
stim,17215,17215,0,409184.420,0.749,-0.188,0.047,0.634,0,0,0,0,0,0,0,7,20,0.031,96,0,25.403,2.291,2.280,-18.900,-16.820,-0.208,-0.059,0.877,-0.874,-2.118,-1.506,0.000,0.000,1.592,0.030,2,NULL,NULL,,1,0,1,7,255,,250,0,0
stim,17215,17215,0,409189.422,0.749,-0.187,0.048,0.634,0,0,0,0,0,0,0,6,20,0.031,96,0,25.921,2.390,3.300,-19.340,-16.940,-0.196,-0.053,0.877,-0.874,-2.224,-1.616,0.000,0.000,1.592,0.030,2,NULL,NULL,,1,0,1,7,255,,250,0,0
stim,17215,17215,0,409194.420,0.748,-0.186,0.049,0.635,0,0,0,0,0,0,0,6,20,0.031,96,0,25.977,2.426,5.020,-19.460,-16.460,-0.187,-0.050,0.886,-0.788,-2.294,-1.618,0.000,0.000,1.592,0.030,2,NULL,NULL,,1,0,1,7,255,,250,0,0
stim,17215,17215,0,409199.420,0.748,-0.185,0.050,0.635,0,0,0,0,0,0,0,16,20,0.031,96,0,25.689,2.498,5.880,-19.400,-15.780,-0.181,-0.054,0.898,-0.764,-2.378,-1.618,0.000,0.000,1.592,0.030,2,NULL,NULL,,1,0,1,7,255,,250,0,0
stim,17232,17232,0,409204.420,0.748,-0.184,0.051,0.636,0,0,0,0,0,0,0,10,20,0.031,96,0,25.053,2.585,5.380,-18.900,-15.540,-0.177,-0.054,0.907,-0.756,-2.472,-1.528,0.000,0.000,1.592,0.030,2,NULL,NULL,,1,0,1,7,255,,250,0,0
stim,17232,17232,0,409209.422,0.748,-0.183,0.052,0.636,0,0,0,0,0,0,0,7,20,0.031,96,0,24.197,2.625,5.080,-18.360,-14.920,-0.176,-0.049,0.914,-0.756,-2.514,-1.462,0.000,0.000,1.592,0.030,2,NULL,NULL,,1,0,1,7,255,,250,0,0
stim,17247,17247,0,409214.421,0.747,-0.182,0.053,0.637,0,0,0,0,0,0,0,16,20,0.031,96,0,23.349,2.610,4.960,-18.000,-14.020,-0.175,-0.039,0.921,-0.702,-2.514,-1.400,0.000,0.000,1.592,0.030,2,NULL,NULL,,1,0,1,7,255,,250,0,0
stim,17247,17247,0,409219.422,0.747,-0.181,0.054,0.637,0,0,0,0,0,0,0,8,20,0.031,96,0,22.543,2.588,3.800,-17.680,-13.460,-0.178,-0.040,0.931,-0.616,-2.514,-1.328,0.000,0.000,1.592,0.030,2,NULL,NULL,,1,0,1,7,255,,250,0,0
stim,17266,17266,0,409224.420,0.747,-0.180,0.055,0.637,0,0,0,0,0,0,0,9,20,0.031,96,0,21.931,2.579,2.880,-17.260,-13.220,-0.185,-0.042,0.943,-0.616,-2.504,-1.222,0.000,0.000,1.592,0.030,2,NULL,NULL,,1,0,1,7,255,,250,0,0
stim,17266,17266,0,409229.420,0.747,-0.179,0.055,0.638,0,0,0,0,0,0,0,17,20,0.031,96,0,21.738,2.562,1.120,-17.080,-13.400,-0.190,-0.041,0.955,-0.642,-2.480,-1.084,0.000,0.000,1.592,0.030,2,NULL,NULL,,1,0,1,7,255,,250,0,0
stim,17267,17267,0,409234.420,0.747,-0.178,0.056,0.638,0,0,0,0,0,0,0,18,20,0.031,96,0,21.966,2.536,-2.240,-16.660,-14.140,-0.191,-0.044,0.957,-0.648,-2.452,-0.944,0.000,0.000,1.592,0.030,2,NULL,NULL,,1,0,1,7,255,,250,0,0
stim,17267,17267,0,409239.422,0.747,-0.177,0.057,0.638,0,0,0,0,0,0,0,11,20,0.031,96,0,22.363,2.529,-5.420,-15.920,-14.740,-0.190,-0.045,0.944,-0.672,-2.438,-0.944,0.000,0.000,1.592,0.030,2,NULL,NULL,,1,0,1,7,255,,250,0,0
stim,17299,17299,0,409244.420,0.747,-0.176,0.057,0.639,0,0,0,0,0,0,0,11,20,0.031,96,0,22.086,2.466,-6.340,-14.940,-14.980,-0.194,-0.043,0.928,-0.680,-2.370,-1.036,0.000,0.000,1.592,0.030,2,NULL,NULL,,1,0,1,7,255,,250,0,0
stim,17299,17299,0,409249.420,0.747,-0.175,0.058,0.639,0,0,0,0,0,0,0,9,20,0.031,96,0,21.954,2.351,-6.220,-14.140,-15.600,-0.196,-0.051,0.924,-0.682,-2.250,-1.154,0.000,0.000,1.592,0.030,2,NULL,NULL,,1,0,1,7,255,,250,0,0
stim,17299,17299,0,409254.420,0.747,-0.174,0.058,0.640,0,0,0,0,0,0,0,7,20,0.031,96,0,22.305,2.339,-6.700,-13.180,-16.700,-0.200,-0.057,0.927,-0.754,-2.214,-1.154,0.000,0.000,1.592,0.030,2,NULL,NULL,,1,0,1,7,255,,250,0,0
stim,17299,17299,0,409259.420,0.746,-0.172,0.058,0.640,0,0,0,0,0,0,0,12,20,0.031,96,0,23.465,2.313,-8.220,-12.380,-18.160,-0.199,-0.053,0.918,-0.762,-2.184,-1.180,0.000,0.000,1.592,0.030,2,NULL,NULL,,1,0,1,7,255,,250,0,0
stim,17299,17299,0,409264.420,0.746,-0.171,0.059,0.641,0,0,0,0,0,0,0,9,20,0.031,96,0,24.697,2.262,-9.260,-11.700,-19.680,-0.194,-0.052,0.903,-0.762,-2.130,-1.212,0.000,0.000,1.592,0.030,2,NULL,NULL,,1,0,1,7,255,,250,0,0
stim,17302,17302,0,409269.422,0.746,-0.170,0.059,0.641,0,0,0,0,0,0,0,7,20,0.031,96,0,25.052,2.230,-8.480,-11.460,-20.600,-0.190,-0.058,0.890,-0.762,-2.096,-1.364,0.000,0.000,1.592,0.030,2,NULL,NULL,,1,0,1,7,255,,250,0,0
stim,17302,17302,0,409274.421,0.746,-0.169,0.059,0.642,0,0,0,0,0,0,0,8,20,0.031,96,0,25.297,2.237,-6.820,-11.640,-21.400,-0.187,-0.063,0.889,-0.788,-2.094,-1.494,0.000,0.000,1.592,0.030,2,NULL,NULL,,1,0,1,7,255,,250,0,0
stim,17302,17302,0,409279.420,0.745,-0.168,0.059,0.642,0,0,0,0,0,0,0,9,20,0.031,96,0,26.088,2.237,-5.660,-11.700,-22.620,-0.180,-0.062,0.898,-0.788,-2.094,-1.494,0.000,0.000,1.592,0.030,2,NULL,NULL,,1,0,1,7,255,,250,0,0
stim,17303,17303,0,409284.420,0.745,-0.167,0.060,0.643,0,0,0,0,0,0,0,9,20,0.031,96,0,27.267,2.310,-5.180,-11.820,-24.020,-0.167,-0.052,0.909,-0.786,-2.172,-1.458,0.000,0.000,1.592,0.030,2,NULL,NULL,,1,0,1,7,255,,250,0,0
stim,17303,17303,0,409289.420,0.745,-0.166,0.060,0.644,0,0,0,0,0,0,0,18,20,0.031,96,0,28.189,2.377,-5.720,-11.700,-25.000,-0.150,-0.039,0.919,-0.660,-2.284,-1.402,0.000,0.000,1.592,0.030,2,NULL,NULL,,1,0,1,7,255,,250,0,0
stim,17333,17333,0,409294.420,0.744,-0.164,0.060,0.644,0,0,0,0,0,0,0,8,20,0.031,96,0,27.865,2.477,-6.340,-11.100,-24.760,-0.137,-0.032,0.919,-0.488,-2.428,-1.402,0.000,0.000,1.592,0.030,2,NULL,NULL,,1,0,1,7,255,,250,0,0
stim,17333,17333,0,409299.420,0.744,-0.163,0.061,0.645,0,0,0,0,0,0,0,11,20,0.031,96,0,26.791,2.543,-6.160,-10.420,-23.900,-0.133,-0.031,0.922,-0.386,-2.514,-1.396,0.000,0.000,1.592,0.030,2,NULL,NULL,,1,0,1,7,255,,250,0,0
stim,17333,17333,0,409304.420,0.744,-0.162,0.061,0.646,0,0,0,0,0,0,0,11,20,0.031,96,0,25.780,2.575,-5.840,-9.260,-23.340,-0.132,-0.036,0.926,-0.386,-2.546,-1.396,0.000,0.000,1.592,0.030,2,NULL,NULL,,1,0,1,7,255,,250,0,0
stim,17333,17333,0,409309.420,0.743,-0.161,0.061,0.646,0,0,0,0,0,0,0,10,20,0.031,96,0,25.653,2.594,-5.960,-7.740,-23.720,-0.130,-0.037,0.930,-0.394,-2.564,-1.358,0.000,0.000,1.592,0.030,2,NULL,NULL,,1,0,1,7,255,,250,0,0
stim,17333,17333,0,409314.421,0.743,-0.160,0.062,0.647,0,0,0,0,0,0,0,11,20,0.031,96,0,25.610,2.610,-6.640,-5.900,-24.020,-0.124,-0.034,0.930,-0.394,-2.580,-1.348,0.000,0.000,1.592,0.030,2,NULL,NULL,,1,0,1,7,255,,250,0,0
stim,17333,17333,0,409319.421,0.742,-0.159,0.062,0.648,0,0,0,0,0,0,0,5,20,0.031,96,0,24.989,2.636,-7.060,-4.200,-23.600,-0.115,-0.030,0.922,-0.352,-2.612,-1.348,0.000,0.000,1.592,0.030,2,NULL,NULL,,1,0,1,7,255,,250,0,0
stim,17377,17377,0,409324.422,0.742,-0.158,0.062,0.648,0,0,0,0,0,0,0,12,20,0.031,96,0,23.705,2.629,-6.640,-2.980,-22.560,-0.115,-0.025,0.917,-0.296,-2.612,-1.446,0.000,0.000,1.592,0.030,2,NULL,NULL,,1,0,1,7,255,,250,0,0
stim,17377,17377,0,409329.420,0.742,-0.157,0.062,0.649,0,0,0,0,0,0,0,7,20,0.031,96,0,22.253,2.617,-5.600,-2.420,-21.400,-0.117,-0.027,0.917,-0.256,-2.604,-1.484,0.000,0.000,1.592,0.030,2,NULL,NULL,,1,0,1,7,255,,250,0,0
stim,17377,17377,0,409334.421,0.741,-0.156,0.062,0.650,0,0,0,0,0,0,0,9,20,0.031,96,0,21.303,2.593,-4.860,-2.420,-20.600,-0.121,-0.032,0.927,-0.256,-2.580,-1.484,0.000,0.000,1.592,0.030,2,NULL,NULL,,1,0,1,7,255,,250,0,0
stim,17377,17377,0,409339.421,0.741,-0.155,0.062,0.650,0,0,0,0,0,0,0,9,20,0.031,96,0,21.347,2.598,-5.300,-2.860,-20.480,-0.118,-0.035,0.939,-0.304,-2.580,-1.374,0.000,0.000,1.592,0.030,2,NULL,NULL,,1,0,1,7,255,,250,0,0
stim,17394,17394,0,409344.420,0.741,-0.154,0.063,0.651,0,0,0,0,0,0,0,11,20,0.031,96,0,21.534,2.655,-6.580,-3.280,-20.240,-0.114,-0.029,0.945,-0.304,-2.638,-1.268,0.000,0.000,1.592,0.030,2,NULL,NULL,,1,0,1,7,255,,250,0,0
stim,17394,17394,0,409349.420,0.741,-0.153,0.063,0.651,0,0,0,0,0,0,0,9,20,0.031,96,0,21.230,2.678,-7.620,-3.520,-19.500,-0.112,-0.021,0.948,-0.236,-2.668,-1.226,0.000,0.000,1.592,0.030,2,NULL,NULL,,1,0,1,7,255,,250,0,0
stim,17394,17394,0,409354.420,0.740,-0.153,0.063,0.652,0,0,0,0,0,0,0,11,20,0.031,96,0,20.570,2.672,-8.280,-3.400,-18.520,-0.116,-0.018,0.951,-0.148,-2.668,-1.200,0.000,0.000,1.592,0.030,2,NULL,NULL,,1,0,1,7,255,,250,0,0
stim,17394,17394,0,409359.420,0.740,-0.152,0.063,0.652,0,0,0,0,0,0,0,8,20,0.031,96,0,20.099,2.632,-9.200,-2.980,-17.620,-0.122,-0.022,0.957,-0.148,-2.628,-1.160,0.000,0.000,1.592,0.030,2,NULL,NULL,,1,0,1,7,255,,250,0,0
stim,17394,17394,0,409364.420,0.740,-0.150,0.063,0.653,0,0,0,0,0,0,0,9,20,0.031,96,0,20.699,2.593,-10.860,-2.060,-17.500,-0.127,-0.026,0.961,-0.158,-2.588,-1.074,0.000,0.000,1.592,0.030,2,NULL,NULL,,1,0,1,7,255,,250,0,0
stim,17407,17407,0,409369.422,0.740,-0.149,0.063,0.653,0,0,0,0,0,0,0,7,20,0.031,96,0,22.120,2.553,-12.620,-0.480,-18.160,-0.130,-0.019,0.961,-0.158,-2.548,-1.016,0.000,0.000,1.592,0.030,2,NULL,NULL,,1,0,1,7,255,,250,0,0
stim,17407,17407,0,409374.421,0.740,-0.149,0.063,0.654,0,0,0,0,0,0,0,7,20,0.031,96,0,23.511,2.507,-14.080,1.360,-18.780,-0.130,-0.018,0.954,-0.114,-2.504,-1.016,0.000,0.000,1.592,0.030,2,NULL,NULL,,1,0,1,7,255,,250,0,0
stim,17407,17407,0,409379.420,0.739,-0.148,0.063,0.654,0,0,0,0,0,0,0,10,20,0.031,96,0,24.243,2.467,-14.940,3.440,-18.780,-0.132,-0.023,0.948,-0.114,-2.464,-1.066,0.000,0.000,1.592,0.030,2,NULL,NULL,,1,0,1,7,255,,250,0,0
stim,17407,17407,0,409384.420,0.739,-0.147,0.062,0.655,0,0,0,0,0,0,0,8,20,0.031,96,0,24.798,2.428,-15.420,5.380,-18.660,-0.140,-0.030,0.941,-0.138,-2.424,-1.108,0.000,0.000,1.592,0.030,2,NULL,NULL,,1,0,1,7,255,,250,0,0
stim,17407,17407,0,409389.422,0.739,-0.146,0.062,0.655,0,0,0,0,0,0,0,9,20,0.031,96,0,25.715,2.343,-15.800,7.220,-18.960,-0.151,-0.031,0.932,-0.206,-2.334,-1.146,0.000,0.000,1.592,0.030,2,NULL,NULL,,1,0,1,7,255,,250,0,0
stim,17423,17423,0,409394.420,0.739,-0.145,0.061,0.656,0,0,0,0,0,0,0,5,20,0.031,96,0,27.194,2.210,-16.040,8.800,-20.120,-0.159,-0.028,0.922,-0.206,-2.200,-1.184,0.000,0.000,1.592,0.030,2,NULL,NULL,,1,0,1,7,255,,250,0,0
stim,17423,17423,0,409399.420,0.738,-0.144,0.060,0.656,0,0,0,0,0,0,0,11,20,0.031,96,0,28.521,2.100,-15.740,10.380,-21.400,-0.163,-0.024,0.910,-0.200,-2.090,-1.252,0.000,0.000,1.592,0.030,2,NULL,NULL,,1,0,1,7,255,,250,0,0
stim,17423,17423,0,409404.420,0.738,-0.144,0.060,0.657,0,0,0,0,0,0,0,11,20,0.031,96,0,28.785,2.013,-14.400,11.600,-22.060,-0.166,-0.022,0.902,-0.162,-2.006,-1.350,0.000,0.000,1.592,0.030,2,NULL,NULL,,1,0,1,7,255,,250,0,0
stim,17423,17423,0,409409.420,0.737,-0.143,0.059,0.657,0,0,0,0,0,0,0,9,20,0.031,96,0,28.964,1.957,-13.180,12.280,-22.680,-0.171,-0.026,0.903,-0.162,-1.950,-1.384,0.000,0.000,1.592,0.030,2,NULL,NULL,,1,0,1,7,255,,250,0,0
stim,17471,17471,0,409414.420,0.737,-0.142,0.058,0.658,0,0,0,0,0,0,0,8,20,0.031,96,0,29.893,1.918,-12.980,12.520,-23.840,-0.172,-0.026,0.901,-0.156,-1.912,-1.398,0.000,0.000,1.592,0.030,2,NULL,NULL,,1,0,1,7,255,,250,0,0
stim,17487,17487,0,409419.422,0.736,-0.142,0.058,0.659,0,0,0,0,0,0,0,10,20,0.031,96,0,30.970,1.918,-12.560,12.580,-25.360,-0.167,-0.019,0.896,-0.156,-1.912,-1.398,0.000,0.000,1.592,0.030,2,NULL,NULL,,1,0,1,7,255,,250,0,0
stim,17487,17487,0,409424.421,0.736,-0.141,0.057,0.660,0,0,0,0,0,0,0,9,20,0.031,96,0,31.465,1.915,-11.400,12.520,-26.520,-0.161,-0.008,0.894,-0.068,-1.914,-1.456,0.000,0.000,1.592,0.030,2,NULL,NULL,,1,0,1,7,255,,250,0,0
stim,17487,17487,0,409429.420,0.735,-0.141,0.057,0.661,0,0,0,0,0,0,0,7,20,0.031,96,0,31.229,1.947,-10.120,12.520,-26.760,-0.154,-0.007,0.897,0.056,-1.946,-1.502,0.000,0.000,1.592,0.030,2,NULL,NULL,,1,0,1,7,255,,250,0,0
stim,17487,17487,0,409434.421,0.735,-0.140,0.056,0.661,0,0,0,0,0,0,0,8,20,0.031,96,0,31.021,2.028,-9.200,12.960,-26.640,-0.150,-0.010,0.901,0.078,-2.026,-1.502,0.000,0.000,1.592,0.030,2,NULL,NULL,,1,0,1,7,255,,250,0,0
stim,17487,17487,0,409439.420,0.734,-0.140,0.055,0.662,0,0,0,0,0,0,0,9,20,0.031,96,0,31.373,2.082,-8.720,13.860,-26.760,-0.146,-0.005,0.906,0.086,-2.080,-1.480,0.000,0.000,1.592,0.030,2,NULL,NULL,,1,0,1,7,255,,250,0,0
stim,17487,17487,0,409444.420,0.733,-0.139,0.055,0.663,0,0,0,0,0,0,0,9,20,0.031,96,0,32.352,2.139,-8.400,15.580,-27.080,-0.145,0.004,0.906,0.146,-2.134,-1.468,0.000,0.000,1.592,0.030,2,NULL,NULL,,1,0,1,7,255,,250,0,0
stim,17487,17487,0,409449.420,0.733,-0.139,0.054,0.664,0,0,0,0,0,0,0,8,20,0.031,96,0,33.192,2.149,-7.440,17.600,-27.140,-0.144,0.009,0.908,0.252,-2.134,-1.460,0.000,0.000,1.592,0.030,2,NULL,NULL,,1,0,1,7,255,,250,0,0
stim,17490,17490,0,409454.420,0.732,-0.139,0.053,0.665,0,0,0,0,0,0,0,8,20,0.031,96,0,33.700,2.165,-6.400,19.540,-26.700,-0.143,0.007,0.911,0.302,-2.144,-1.456,0.000,0.000,1.592,0.030,2,NULL,NULL,,1,0,1,7,255,,250,0,0
stim,17490,17490,0,409459.420,0.731,-0.139,0.053,0.666,0,0,0,0,0,0,0,9,20,0.031,96,0,34.960,2.199,-6.220,21.620,-26.760,-0.145,0.002,0.914,0.302,-2.178,-1.430,0.000,0.000,1.592,0.030,2,NULL,NULL,,1,0,1,7,255,,250,0,0
stim,17498,17498,0,409464.420,0.731,-0.138,0.052,0.667,0,0,0,0,0,0,0,7,20,0.031,96,0,36.648,2.212,-6.220,23.760,-27.200,-0.142,0.005,0.908,0.300,-2.192,-1.430,0.000,0.000,1.592,0.030,2,NULL,NULL,,1,0,1,7,255,,250,0,0
stim,17498,17498,0,409469.422,0.730,-0.138,0.051,0.667,0,0,0,0,0,0,0,7,20,0.031,96,0,37.924,2.222,-5.300,25.700,-27.380,-0.136,0.010,0.902,0.300,-2.202,-1.472,0.000,0.000,1.592,0.030,2,NULL,NULL,,1,0,1,7,255,,250,0,0
stim,17499,17499,0,409474.422,0.729,-0.139,0.050,0.668,0,0,0,0,0,0,0,8,20,0.031,96,0,38.293,2.271,-3.400,27.120,-26.820,-0.128,0.012,0.906,0.364,-2.242,-1.548,0.000,0.000,1.592,0.030,2,NULL,NULL,,1,0,1,7,255,,250,0,0
stim,17499,17499,0,409479.420,0.728,-0.139,0.049,0.669,0,0,0,0,0,0,0,9,20,0.031,96,0,38.444,2.379,-1.400,28.080,-26.220,-0.121,0.012,0.921,0.406,-2.344,-1.548,0.000,0.000,1.592,0.030,2,NULL,NULL,,1,0,1,7,255,,250,0,0
stim,17503,17503,0,409484.420,0.727,-0.139,0.048,0.670,0,0,0,0,0,0,0,11,20,0.031,96,0,38.471,2.517,-0.780,28.760,-25.540,-0.114,0.013,0.937,0.428,-2.480,-1.448,0.000,0.000,1.592,0.030,2,NULL,NULL,,1,0,1,7,255,,250,0,0
stim,17503,17503,0,409489.421,0.727,-0.139,0.047,0.671,0,0,0,0,0,0,0,8,20,0.031,96,0,38.384,2.651,-1.520,29.240,-24.820,-0.109,0.008,0.943,0.440,-2.614,-1.336,0.000,0.000,1.592,0.030,2,NULL,NULL,,1,0,1,7,255,,250,0,0
stim,17519,17519,0,409494.420,0.726,-0.139,0.046,0.672,0,0,0,0,0,0,0,6,20,0.031,96,0,38.025,2.736,-1.760,29.620,-23.780,-0.104,0.004,0.936,0.440,-2.700,-1.336,0.000,0.000,1.592,0.030,2,NULL,NULL,,1,0,1,7,255,,250,0,0
stim,17519,17519,0,409499.420,0.725,-0.140,0.046,0.673,0,0,0,0,0,0,0,6,20,0.031,96,0,37.407,2.776,-0.720,29.920,-22.440,-0.100,0.000,0.929,0.406,-2.746,-1.386,0.000,0.000,1.592,0.030,2,NULL,NULL,,1,0,1,7,255,,250,0,0
stim,17535,17535,0,409504.420,0.724,-0.140,0.045,0.673,0,0,0,0,0,0,0,7,20,0.031,96,0,36.784,2.808,2.020,30.160,-20.960,-0.099,0.000,0.935,0.370,-2.784,-1.426,0.000,0.000,1.592,0.030,2,NULL,NULL,,1,0,1,7,255,,250,0,0
stim,17535,17535,0,409509.420,0.724,-0.140,0.044,0.674,0,0,0,0,0,0,0,10,20,0.031,96,0,36.072,2.850,4.280,30.160,-19.320,-0.099,0.000,0.954,0.370,-2.826,-1.426,0.000,0.000,1.592,0.030,2,NULL,NULL,,1,0,1,7,255,,250,0,0
stim,17535,17535,0,409514.420,0.723,-0.141,0.044,0.675,0,0,0,0,0,0,0,6,20,0.031,96,0,35.271,2.947,4.840,29.920,-18.040,-0.104,0.001,0.979,0.398,-2.920,-1.258,0.000,0.000,1.592,0.030,2,NULL,NULL,,1,0,1,7,255,,250,0,0
stim,17567,17567,0,409519.422,0.722,-0.141,0.043,0.676,0,0,0,0,0,0,0,7,20,0.031,96,0,34.608,3.017,3.740,29.740,-17.300,-0.107,0.004,0.993,0.420,-2.988,-1.016,0.000,0.000,1.592,0.030,2,NULL,NULL,,1,0,1,7,255,,250,0,0
stim,17567,17567,0,409524.421,0.722,-0.142,0.042,0.676,0,0,0,0,0,0,0,8,20,0.031,96,0,34.421,3.050,2.280,29.740,-17.180,-0.110,0.006,0.995,0.456,-3.016,-0.888,0.000,0.000,1.592,0.030,2,NULL,NULL,,1,0,1,7,255,,250,0,0
stim,17567,17567,0,409529.420,0.721,-0.142,0.042,0.677,0,0,0,0,0,0,0,10,20,0.031,96,0,34.256,3.050,1.180,29.920,-16.640,-0.110,-0.001,0.988,0.456,-3.016,-0.888,0.000,0.000,1.592,0.030,2,NULL,NULL,,1,0,1,7,255,,250,0,0
stim,17600,17600,0,409534.421,0.721,-0.142,0.041,0.677,0,0,0,0,0,0,0,7,20,0.031,96,0,33.628,3.037,1.060,29.740,-15.660,-0.118,-0.005,0.985,0.404,-3.010,-0.926,0.000,0.000,1.592,0.030,2,NULL,NULL,,1,0,1,7,255,,250,0,0
stim,17600,17600,0,409539.420,0.720,-0.143,0.040,0.678,0,0,0,0,0,0,0,7,20,0.031,96,0,33.530,2.980,1.480,29.860,-15.180,-0.131,0.002,0.993,0.404,-2.952,-0.926,0.000,0.000,1.592,0.030,2,NULL,NULL,,1,0,1,7,255,,250,0,0
stim,17600,17600,0,409544.420,0.719,-0.143,0.040,0.679,0,0,0,0,0,0,0,7,20,0.031,96,0,33.920,2.907,0.920,29.980,-15.840,-0.140,0.003,1.001,0.424,-2.876,-0.816,0.000,0.000,1.592,0.030,2,NULL,NULL,,1,0,1,7,255,,250,0,0
stim,17600,17600,0,409549.420,0.719,-0.143,0.039,0.679,0,0,0,0,0,0,0,13,20,0.031,96,0,34.886,2.871,-1.200,30.540,-16.820,-0.144,0.000,0.997,0.424,-2.840,-0.734,0.000,0.000,1.592,0.030,2,NULL,NULL,,1,0,1,7,255,,250,0,0
stim,17600,17600,0,409554.420,0.718,-0.144,0.038,0.680,0,0,0,0,0,0,0,10,20,0.031,96,0,35.672,2.841,-2.980,31.020,-17.360,-0.150,-0.007,0.983,0.402,-2.812,-0.734,0.000,0.000,1.592,0.030,2,NULL,NULL,,1,0,1,7,255,,250,0,0
stim,17600,17600,0,409559.420,0.718,-0.144,0.037,0.680,0,0,0,0,0,0,0,19,20,0.031,96,0,36.460,2.821,-2.800,31.560,-18.040,-0.140,-0.001,0.974,0.378,-2.796,-0.836,0.000,0.000,1.592,0.030,2,NULL,NULL,,1,0,1,7,255,,250,0,0
stim,17600,17600,0,409564.420,0.716,-0.145,0.036,0.682,0,0,0,0,0,0,0,4,20,0.031,96,0,64.047,2.821,24.180,39.920,-43.860,0.101,0.044,1.309,0.378,-2.796,-0.836,0.000,0.000,1.592,0.030,2,NULL,NULL,,1,0,1,7,255,,250,0,0
stim,17602,17602,0,409569.422,0.713,-0.147,0.035,0.685,0,0,0,0,0,0,0,5,20,0.031,96,0,107.536,6.381,48.100,65.380,-70.540,0.084,0.051,1.593,1.326,-6.242,1.028,0.000,0.000,1.592,0.030,2,NULL,NULL,,1,0,1,7,255,,250,0,0
stim,17602,17602,0,409574.420,0.712,-0.147,0.032,0.686,0,0,0,0,0,0,0,9,20,0.031,96,0,76.234,6.588,-35.140,52.620,-42.520,0.067,0.080,1.400,1.572,-6.398,1.890,0.000,0.000,1.592,0.030,2,NULL,NULL,,1,0,1,7,255,,250,0,0
stim,17602,17602,0,409579.420,0.712,-0.146,0.029,0.687,0,0,0,0,0,0,0,17,20,0.031,96,0,79.067,6.612,-54.620,52.320,-23.040,0.004,0.093,1.192,1.670,-6.398,1.890,0.000,0.000,1.592,0.030,2,NULL,NULL,,1,0,1,7,255,,250,0,0
stim,17615,17615,0,409584.420,0.711,-0.146,0.026,0.688,0,0,0,0,0,0,0,10,20,0.031,96,0,68.391,5.306,-28.860,53.060,-32.080,-0.067,0.119,1.024,1.712,-5.022,0.270,0.000,0.000,1.592,0.030,2,NULL,NULL,,1,0,1,7,255,,250,0,0
stim,17615,17615,0,409589.420,0.710,-0.146,0.024,0.689,0,0,0,0,0,0,0,16,20,0.031,96,0,63.066,4.076,-17.320,50.680,-33.300,-0.084,0.061,1.022,1.670,-3.718,-0.894,0.000,0.000,1.592,0.030,2,NULL,NULL,,1,0,1,7,255,,250,0,0
stim,17615,17615,0,409594.420,0.709,-0.147,0.022,0.690,0,0,0,0,0,0,0,12,20,0.031,96,0,61.208,3.901,-10.800,51.780,-30.800,-0.102,-0.103,1.080,1.180,-3.718,-0.894,0.000,0.000,1.592,0.030,2,NULL,NULL,,1,0,1,7,255,,250,0,0
stim,17615,17615,0,409599.420,0.708,-0.148,0.020,0.691,0,0,0,0,0,0,0,17,20,0.031,96,0,58.388,3.720,-11.700,50.420,-27.020,-0.162,-0.133,1.127,-0.350,-3.704,-0.228,0.000,0.000,1.592,0.030,2,NULL,NULL,,1,0,1,7,255,,250,0,0
stim,17631,17631,0,409604.420,0.707,-0.148,0.017,0.691,0,0,0,0,0,0,0,22,20,0.031,96,0,58.177,3.720,-21.040,47.380,-26.400,-0.203,-0.038,1.107,-0.350,-3.704,0.384,0.000,0.000,1.592,0.030,2,NULL,NULL,,1,0,1,7,255,,250,0,0
stim,17631,17631,0,409609.420,0.706,-0.148,0.015,0.692,0,0,0,0,0,0,0,17,20,0.031,96,0,60.756,3.211,-27.700,44.320,-30.980,-0.190,-0.003,1.029,0.288,-3.198,0.384,0.000,0.000,1.592,0.030,2,NULL,NULL,,1,0,1,7,255,,250,0,0
stim,17631,17631,0,409614.420,0.705,-0.147,0.013,0.693,0,0,0,0,0,0,0,11,20,0.031,96,0,59.083,3.109,-24.760,43.040,-32.020,-0.145,-0.076,0.941,0.288,-3.096,-0.394,0.000,0.000,1.592,0.030,2,NULL,NULL,,1,0,1,7,255,,250,0,0
stim,17679,17679,0,409619.422,0.705,-0.148,0.011,0.694,0,0,0,0,0,0,0,18,20,0.031,96,0,52.603,3.100,-15.180,41.580,-28.420,-0.104,-0.153,0.900,-0.166,-3.096,-1.324,0.000,0.000,1.592,0.030,2,NULL,NULL,,1,0,1,7,255,,250,0,0
stim,17679,17679,0,409624.420,0.704,-0.148,0.010,0.695,0,0,0,0,0,0,0,20,20,0.031,96,0,47.321,3.503,-3.960,40.720,-23.780,-0.099,-0.177,0.906,-0.922,-3.380,-1.776,0.000,0.000,1.592,0.030,2,NULL,NULL,,1,0,1,7,255,,250,0,0
stim,17679,17679,0,409629.420,0.703,-0.149,0.009,0.696,0,0,0,0,0,0,0,21,20,0.031,96,0,43.377,3.616,7.400,38.520,-18.520,-0.117,-0.106,0.979,-0.922,-3.496,-1.776,0.000,0.000,1.592,0.030,2,NULL,NULL,,1,0,1,7,255,,250,0,0
stim,17679,17679,0,409634.421,0.702,-0.150,0.008,0.696,0,0,0,0,0,0,0,24,20,0.031,96,0,41.639,3.631,10.700,36.940,-15.960,-0.140,-0.033,1.071,-0.374,-3.612,-1.120,0.000,0.000,1.592,0.030,2,NULL,NULL,,1,0,1,7,255,,250,0,0
stim,17679,17679,0,409639.420,0.701,-0.150,0.007,0.697,0,0,0,0,0,0,0,39,20,0.031,96,0,39.415,3.803,4.840,35.540,-16.340,-0.160,-0.022,1.117,0.420,-3.780,-0.288,0.000,0.000,1.592,0.030,2,NULL,NULL,,1,0,1,7,255,,250,0,0
stim,17694,17694,0,409644.420,0.701,-0.151,0.006,0.697,0,0,0,0,0,0,0,53,20,0.031,96,0,39.397,3.823,-3.840,34.560,-18.520,-0.163,-0.043,1.107,0.420,-3.800,0.126,0.000,0.000,1.592,0.030,2,NULL,NULL,,1,0,1,7,255,,250,0,0
stim,17694,17694,0,409649.420,0.700,-0.151,0.005,0.698,0,0,0,0,0,0,0,51,20,0.031,96,0,41.079,3.817,-8.660,33.940,-21.460,-0.155,-0.045,1.061,0.356,-3.800,0.126,0.000,0.000,1.592,0.030,2,NULL,NULL,,1,0,1,7,255,,250,0,0
stim,17694,17694,0,409654.420,0.699,-0.151,0.003,0.699,0,0,0,0,0,0,0,53,20,0.031,96,0,41.296,3.753,-8.900,33.220,-22.860,-0.131,-0.037,1.022,0.356,-3.736,-0.318,0.000,0.000,1.592,0.030,2,NULL,NULL,,1,0,1,7,255,,250,0,0
stim,17694,17694,0,409659.420,0.698,-0.151,0.002,0.700,0,0,0,0,0,0,0,53,20,0.031,96,0,39.830,3.753,-6.100,32.420,-22.320,-0.106,-0.038,1.006,0.354,-3.736,-0.778,0.000,0.000,1.592,0.030,2,NULL,NULL,,1,0,1,7,255,,250,0,0
stim,17694,17694,0,409664.420,0.698,-0.151,0.001,0.700,0,0,0,0,0,0,0,53,20,0.031,96,0,38.037,3.913,-5.300,31.880,-20.060,-0.088,-0.037,1.001,0.360,-3.896,-1.042,0.000,0.000,1.592,0.030,2,NULL,NULL,,1,0,1,7,255,,250,0,0
stim,17711,17711,0,409669.422,0.697,-0.151,0.001,0.701,0,0,0,0,0,0,0,39,20,0.031,96,0,35.829,4.044,-5.360,31.080,-17.000,-0.088,-0.047,0.992,0.354,-4.028,-1.174,0.000,0.000,1.592,0.030,2,NULL,NULL,,1,0,1,7,255,,250,0,0
stim,17711,17711,0,409674.420,0.697,-0.151,-0.000,0.701,0,0,0,0,0,0,0,31,20,0.031,96,0,34.033,4.043,-5.240,30.340,-14.500,-0.091,-0.038,0.982,0.348,-4.028,-1.250,0.000,0.000,1.592,0.030,2,NULL,NULL,,1,0,1,7,255,,250,0,0
stim,17711,17711,0,409679.420,0.696,-0.152,-0.001,0.702,0,0,0,0,0,0,0,31,20,0.031,96,0,33.281,3.973,-4.380,30.040,-13.640,-0.096,-0.027,0.976,0.348,-3.958,-1.336,0.000,0.000,1.592,0.030,2,NULL,NULL,,1,0,1,7,255,,250,0,0
stim,17711,17711,0,409684.420,0.696,-0.152,-0.002,0.702,0,0,0,0,0,0,0,33,20,0.031,96,0,32.830,3.967,-2.800,29.920,-13.220,-0.093,-0.021,0.979,0.444,-3.942,-1.374,0.000,0.000,1.592,0.030,2,NULL,NULL,,1,0,1,7,255,,250,0,0
stim,17711,17711,0,409689.420,0.695,-0.152,-0.002,0.702,0,0,0,0,0,0,0,27,20,0.031,96,0,31.928,3.976,-1.260,29.560,-12.000,-0.087,-0.019,0.996,0.518,-3.942,-1.374,0.000,0.000,1.592,0.030,2,NULL,NULL,,1,0,1,7,255,,250,0,0
stim,17711,17711,0,409694.420,0.695,-0.152,-0.003,0.703,0,0,0,0,0,0,0,33,20,0.031,96,0,30.612,4.120,-1.880,29.000,-9.620,-0.089,-0.010,1.017,0.558,-4.082,-1.272,0.000,0.000,1.592,0.030,2,NULL,NULL,,1,0,1,7,255,,250,0,0
stim,17711,17711,0,409699.420,0.695,-0.153,-0.003,0.703,0,0,0,0,0,0,0,43,20,0.031,96,0,29.827,4.204,-4.940,28.400,-7.660,-0.094,-0.001,1.021,0.662,-4.152,-1.094,0.000,0.000,1.592,0.030,2,NULL,NULL,,1,0,1,7,255,,250,0,0
stim,17732,17732,0,409704.420,0.694,-0.153,-0.004,0.703,0,0,0,0,0,0,0,31,20,0.031,96,0,30.078,4.221,-7.980,28.220,-6.680,-0.093,0.001,1.015,0.760,-4.152,-1.094,0.000,0.000,1.592,0.030,2,NULL,NULL,,1,0,1,7,255,,250,0,0
stim,17732,17732,0,409709.420,0.694,-0.153,-0.004,0.703,0,0,0,0,0,0,0,37,20,0.031,96,0,29.486,4.207,-8.780,27.660,-5.220,-0.095,-0.009,1.003,0.760,-4.138,-1.114,0.000,0.000,1.592,0.030,2,NULL,NULL,,1,0,1,7,255,,250,0,0
stim,17743,17743,0,409714.420,0.694,-0.153,-0.005,0.703,0,0,0,0,0,0,0,30,20,0.031,96,0,28.521,4.137,-8.340,27.120,-2.900,-0.102,-0.019,1.008,0.670,-4.082,-1.122,0.000,0.000,1.592,0.030,2,NULL,NULL,,1,0,1,7,255,,250,0,0
stim,17776,17776,0,409719.422,0.694,-0.153,-0.006,0.703,0,0,0,0,0,0,11,35,20,0.031,96,0,27.828,4.106,-8.280,26.560,-0.640,-0.118,-0.031,1.019,0.584,-4.064,-1.122,0.000,0.000,1.592,0.030,2,NULL,NULL,,1,0,1,7,255,,250,0,0
stim,17776,17776,0,409724.420,0.694,-0.153,-0.006,0.703,0,0,0,0,0,0,19,37,20,0.031,96,0,27.059,4.025,-8.780,25.580,0.880,-0.135,-0.042,1.033,0.480,-3.996,-0.944,0.000,0.000,1.592,0.030,2,NULL,NULL,,1,0,1,7,255,,250,0,0
stim,17776,17776,0,409729.420,0.694,-0.153,-0.007,0.703,0,0,0,0,0,0,25,38,20,0.031,96,0,26.641,3.947,-9.760,24.740,1.560,-0.156,-0.056,1.039,0.390,-3.928,-0.738,0.000,0.000,1.592,0.030,2,NULL,NULL,,1,0,1,7,255,,250,0,0
stim,17776,17776,0,409734.421,0.694,-0.153,-0.007,0.703,0,0,0,0,0,0,26,39,20,0.031,96,0,25.611,3.805,-10.480,23.320,1.500,-0.170,-0.065,1.047,0.268,-3.796,-0.576,0.000,0.000,1.592,0.030,2,NULL,NULL,,1,0,1,7,255,,250,0,0
stim,17776,17776,0,409739.420,0.694,-0.153,-0.008,0.703,0,0,0,0,0,1,23,39,20,0.031,96,0,24.880,3.737,-10.860,22.360,1.060,-0.178,-0.079,1.047,0.196,-3.732,-0.440,0.000,0.000,1.592,0.030,2,NULL,NULL,,1,0,1,7,255,,250,0,0
stim,17798,17798,0,409744.420,0.694,-0.153,-0.009,0.703,0,0,0,0,0,0,34,33,20,0.031,96,0,23.830,3.695,-11.340,20.940,0.880,-0.178,-0.094,1.045,0.072,-3.694,-0.398,0.000,0.000,1.592,0.030,2,NULL,NULL,,1,0,1,7,255,,250,0,0
stim,17798,17798,0,409749.420,0.694,-0.153,-0.009,0.703,0,0,0,0,0,0,39,40,20,0.031,96,0,22.948,3.695,-11.520,19.840,0.520,-0.172,-0.099,1.039,-0.072,-3.694,-0.398,0.000,0.000,1.592,0.030,2,NULL,NULL,,1,0,1,7,255,,250,0,0
stim,17798,17798,0,409754.420,0.695,-0.153,-0.010,0.703,0,0,0,0,0,10,50,39,20,0.031,96,0,21.781,3.722,-10.540,19.060,0.200,-0.167,-0.102,1.032,-0.116,-3.720,-0.472,0.000,0.000,1.592,0.030,2,NULL,NULL,,1,0,1,7,255,,250,0,0
stim,17798,17798,0,409759.420,0.695,-0.153,-0.010,0.703,0,0,0,0,0,9,55,39,20,0.031,96,0,20.184,3.737,-9.200,17.960,0.460,-0.163,-0.103,1.029,-0.142,-3.734,-0.556,0.000,0.000,1.592,0.030,2,NULL,NULL,,1,0,1,7,255,,250,0,0
stim,17798,17798,0,409764.420,0.695,-0.153,-0.010,0.703,0,0,0,0,0,8,63,41,20,0.031,96,0,18.987,3.763,-8.600,16.920,0.520,-0.154,-0.108,1.027,-0.142,-3.760,-0.602,0.000,0.000,1.592,0.030,2,NULL,NULL,,1,0,1,7,255,,250,0,0
stim,17811,17811,0,409769.422,0.695,-0.152,-0.010,0.703,0,0,0,0,0,11,69,43,20,0.031,96,0,18.623,3.833,-8.720,16.440,0.700,-0.147,-0.112,1.014,-0.190,-3.828,-0.652,0.000,0.000,1.592,0.030,2,NULL,NULL,,1,0,1,7,255,,250,0,0
stim,17811,17811,0,409774.420,0.695,-0.152,-0.011,0.703,0,0,0,0,0,9,69,45,20,0.031,96,0,18.093,3.834,-8.280,16.060,0.940,-0.152,-0.108,0.997,-0.212,-3.828,-0.796,0.000,0.000,1.592,0.030,2,NULL,NULL,,1,0,1,7,255,,250,0,0
stim,17811,17811,0,409779.420,0.695,-0.152,-0.011,0.703,0,0,0,0,0,10,77,46,20,0.031,96,0,17.055,3.712,-6.220,15.880,-0.160,-0.153,-0.105,0.991,-0.212,-3.706,-0.924,0.000,0.000,1.592,0.030,2,NULL,NULL,,1,0,1,7,255,,250,0,0
stim,17813,17813,0,409784.420,0.695,-0.151,-0.011,0.703,0,0,0,0,0,11,81,48,20,0.031,96,0,16.813,3.712,-4.800,15.940,-2.360,-0.141,-0.109,0.990,-0.212,-3.706,-0.970,0.000,0.000,1.592,0.030,2,NULL,NULL,,1,0,1,7,255,,250,0,0
stim,17813,17813,0,409789.420,0.695,-0.151,-0.011,0.703,0,0,0,0,0,16,77,55,20,0.031,96,0,17.183,3.766,-5.540,15.880,-3.520,-0.119,-0.109,0.985,-0.216,-3.760,-1.030,0.000,0.000,1.592,0.030,2,NULL,NULL,,1,0,1,7,255,,250,0,0
stim,17823,17823,0,409794.420,0.695,-0.151,-0.011,0.703,0,0,0,0,0,5,73,51,20,0.031,96,0,17.550,3.926,-6.400,16.060,-3.020,-0.101,-0.107,0.968,-0.216,-3.920,-1.174,0.000,0.000,1.592,0.030,2,NULL,NULL,,1,0,1,7,255,,250,0,0
stim,17823,17823,0,409799.420,0.695,-0.150,-0.011,0.703,0,0,0,0,0,9,81,54,20,0.031,96,0,17.431,3.958,-5.960,16.300,-1.620,-0.095,-0.106,0.950,-0.210,-3.952,-1.402,0.000,0.000,1.592,0.030,2,NULL,NULL,,1,0,1,7,255,,250,0,0
stim,17839,17839,0,409804.420,0.695,-0.150,-0.011,0.703,0,0,0,0,0,10,83,53,20,0.031,96,0,17.576,3.957,-4.860,16.860,-1.020,-0.094,-0.103,0.938,-0.204,-3.952,-1.584,0.000,0.000,1.592,0.030,2,NULL,NULL,,1,0,1,7,255,,250,0,0
stim,17839,17839,0,409809.420,0.695,-0.150,-0.011,0.703,0,0,0,0,0,8,75,69,20,0.031,96,0,18.046,3.927,-3.280,17.660,-1.740,-0.091,-0.095,0.939,-0.192,-3.922,-1.690,0.000,0.000,1.592,0.030,2,NULL,NULL,,1,0,1,7,255,,250,0,0
stim,17839,17839,0,409814.420,0.695,-0.150,-0.011,0.703,0,0,0,0,0,12,77,53,20,0.031,96,0,18.969,3.924,-2.240,18.680,-2.420,-0.082,-0.088,0.948,-0.112,-3.922,-1.690,0.000,0.000,1.592,0.030,2,NULL,NULL,,1,0,1,7,255,,250,0,0
stim,17871,17871,0,409819.422,0.695,-0.150,-0.011,0.703,0,0,0,0,0,8,85,61,20,0.031,96,0,19.877,4.038,-2.920,19.540,-2.180,-0.068,-0.089,0.955,-0.032,-4.038,-1.690,0.000,0.000,1.592,0.030,2,NULL,NULL,,1,0,1,7,255,,250,0,0
stim,17871,17871,0,409824.420,0.695,-0.150,-0.011,0.703,0,0,0,0,0,7,85,59,20,0.031,96,0,21.211,4.186,-4.500,20.700,-1.080,-0.064,-0.086,0.950,-0.028,-4.186,-1.690,0.000,0.000,1.592,0.030,2,NULL,NULL,,1,0,1,7,255,,250,0,0
stim,17871,17871,0,409829.420,0.695,-0.150,-0.012,0.703,0,0,0,0,0,7,90,59,20,0.031,96,0,22.295,4.186,-4.940,21.740,0.140,-0.068,-0.079,0.942,-0.002,-4.186,-1.754,0.000,0.000,1.592,0.030,2,NULL,NULL,,1,0,1,7,255,,250,0,0
stim,17871,17871,0,409834.421,0.695,-0.150,-0.012,0.703,0,0,0,0,0,9,91,61,20,0.031,96,0,23.218,4.124,-4.140,22.840,0.520,-0.077,-0.073,0.943,0.062,-4.124,-1.766,0.000,0.000,1.592,0.030,2,NULL,NULL,,1,0,1,7,255,,250,0,0
stim,17871,17871,0,409839.421,0.695,-0.150,-0.012,0.703,0,0,0,0,0,11,99,75,20,0.031,96,0,24.003,4.055,-4.140,23.640,0.400,-0.084,-0.077,0.948,0.096,-4.054,-1.766,0.000,0.000,1.592,0.030,2,NULL,NULL,,1,0,1,7,255,,250,0,0
stim,17887,17887,0,409844.420,0.695,-0.150,-0.013,0.703,0,0,0,0,0,8,105,86,20,0.031,96,0,24.792,4.025,-4.200,24.420,0.820,-0.093,-0.079,0.960,0.096,-4.024,-1.688,0.000,0.000,1.592,0.030,2,NULL,NULL,,1,0,1,7,255,,250,0,0
stim,17887,17887,0,409849.420,0.695,-0.150,-0.013,0.703,0,0,0,0,0,11,114,83,20,0.031,96,0,25.398,4.011,-4.380,24.980,1.360,-0.109,-0.079,0.975,0.096,-4.010,-1.546,0.000,0.000,1.592,0.030,2,NULL,NULL,,1,0,1,7,255,,250,0,0
stim,17887,17887,0,409854.420,0.695,-0.150,-0.013,0.703,0,0,0,0,0,6,121,89,20,0.031,96,0,25.971,3.954,-5.300,25.400,1.120,-0.120,-0.072,0.991,0.114,-3.952,-1.350,0.000,0.000,1.592,0.030,2,NULL,NULL,,1,0,1,7,255,,250,0,0
stim,17887,17887,0,409859.420,0.695,-0.150,-0.014,0.703,0,0,0,0,0,7,136,89,20,0.031,96,0,26.545,3.945,-6.640,25.700,0.280,-0.125,-0.067,1.001,0.202,-3.940,-1.172,0.000,0.000,1.592,0.030,2,NULL,NULL,,1,0,1,7,255,,250,0,0
stim,17903,17903,0,409864.420,0.695,-0.150,-0.014,0.703,0,0,0,0,0,8,139,101,20,0.031,96,0,27.139,3.949,-8.540,25.760,0.020,-0.124,-0.063,1.008,0.266,-3.940,-1.066,0.000,0.000,1.592,0.030,2,NULL,NULL,,1,0,1,7,255,,250,0,0
stim,17903,17903,0,409869.421,0.695,-0.151,-0.015,0.703,0,0,0,0,0,7,151,89,20,0.031,96,0,27.514,4.005,-9.820,25.700,0.340,-0.122,-0.059,1.006,0.324,-3.992,-1.060,0.000,0.000,1.592,0.030,2,NULL,NULL,,1,0,1,7,255,,250,0,0
stim,17903,17903,0,409874.421,0.695,-0.151,-0.016,0.703,0,0,0,0,0,11,159,92,20,0.031,96,0,27.527,4.015,-10.120,25.580,1.000,-0.125,-0.058,1.009,0.368,-3.998,-1.026,0.000,0.000,1.592,0.030,2,NULL,NULL,,1,0,1,7,255,,250,0,0
stim,17903,17903,0,409879.420,0.695,-0.151,-0.016,0.703,0,0,0,0,0,9,170,100,20,0.031,96,0,27.359,4.015,-10.480,25.220,1.620,-0.132,-0.063,1.014,0.368,-3.998,-1.022,0.000,0.000,1.592,0.030,2,NULL,NULL,,1,0,1,7,255,,250,0,0
stim,17903,17903,0,409884.420,0.695,-0.151,-0.017,0.703,0,0,0,0,0,7,183,94,20,0.031,96,0,27.361,3.992,-11.100,24.920,2.100,-0.138,-0.069,1.021,0.354,-3.976,-0.944,0.000,0.000,1.592,0.030,2,NULL,NULL,,1,0,1,7,255,,250,0,0
stim,17903,17903,0,409889.420,0.695,-0.151,-0.017,0.702,0,0,0,0,0,9,188,100,20,0.031,96,0,27.245,3.978,-12.080,24.240,2.960,-0.146,-0.078,1.023,0.308,-3.966,-0.856,0.000,0.000,1.592,0.030,2,NULL,NULL,,1,0,1,7,255,,250,0,0
stim,17919,17919,0,409894.420,0.696,-0.151,-0.018,0.702,0,0,0,0,0,8,225,105,20,0.031,96,0,27.099,3.937,-12.980,23.520,3.560,-0.152,-0.079,1.023,0.234,-3.930,-0.794,0.000,0.000,1.592,0.030,2,NULL,NULL,,1,0,1,7,255,,250,0,0
stim,17919,17919,0,409899.420,0.696,-0.151,-0.019,0.702,0,0,0,0,0,8,236,105,20,0.031,96,0,26.773,3.893,-13.720,22.660,3.880,-0.159,-0.080,1.016,0.228,-3.886,-0.792,0.000,0.000,1.592,0.030,2,NULL,NULL,,1,0,1,7,255,,250,0,0
stim,17935,17935,0,409904.420,0.696,-0.151,-0.019,0.702,0,0,0,0,0,7,252,107,20,0.031,96,0,25.693,3.808,-12.980,21.740,4.360,-0.165,-0.083,1.014,0.220,-3.802,-0.784,0.000,0.000,1.592,0.030,2,NULL,NULL,,1,0,1,7,255,,250,0,0
stim,17935,17935,0,409909.420,0.696,-0.151,-0.020,0.702,0,0,0,0,0,12,259,109,20,0.031,96,0,24.190,3.765,-11.040,20.940,4.980,-0.169,-0.092,1.021,0.192,-3.760,-0.784,0.000,0.000,1.592,0.030,2,NULL,NULL,,1,0,1,7,255,,250,0,0
stim,17935,17935,0,409914.420,0.696,-0.151,-0.020,0.701,0,0,0,0,0,8,265,110,20,0.031,96,0,22.983,3.756,-10.000,19.840,5.880,-0.178,-0.102,1.032,0.124,-3.754,-0.694,0.000,0.000,1.592,0.030,2,NULL,NULL,,1,0,1,7,255,,250,0,0
stim,17983,17983,0,409919.422,0.697,-0.151,-0.021,0.701,0,0,0,0,0,7,277,111,20,0.031,96,0,22.307,3.760,-10.720,18.620,6.000,-0.182,-0.104,1.041,0.056,-3.760,-0.548,0.000,0.000,1.592,0.030,2,NULL,NULL,,1,0,1,7,255,,250,0,0
stim,17983,17983,0,409924.421,0.697,-0.151,-0.021,0.701,0,0,0,0,0,9,281,117,20,0.031,96,0,21.993,3.754,-11.460,17.960,5.460,-0.182,-0.102,1.035,0.056,-3.754,-0.504,0.000,0.000,1.592,0.030,2,NULL,NULL,,1,0,1,7,255,,250,0,0
stim,17983,17983,0,409929.420,0.697,-0.150,-0.021,0.701,0,0,0,0,0,7,287,117,20,0.031,96,0,20.820,3.738,-10.980,16.920,5.160,-0.178,-0.106,1.025,0.056,-3.738,-0.504,0.000,0.000,1.592,0.030,2,NULL,NULL,,1,0,1,7,255,,250,0,0
stim,17983,17983,0,409934.421,0.697,-0.150,-0.022,0.701,0,0,0,0,0,9,301,131,20,0.031,96,0,19.453,3.738,-9.820,15.880,5.460,-0.168,-0.111,1.020,0.028,-3.738,-0.608,0.000,0.000,1.592,0.030,2,NULL,NULL,,1,0,1,7,255,,250,0,0
stim,17983,17983,0,409939.420,0.698,-0.150,-0.022,0.700,0,0,0,0,0,11,311,124,20,0.031,96,0,18.785,3.790,-9.560,14.960,6.140,-0.163,-0.114,1.013,-0.016,-3.790,-0.690,0.000,0.000,1.592,0.030,2,NULL,NULL,,1,0,1,7,255,,250,0,0
stim,17983,17983,0,409944.420,0.698,-0.150,-0.022,0.700,0,0,0,0,0,9,316,133,20,0.031,96,0,18.239,3.790,-9.500,14.120,6.560,-0.159,-0.120,1.000,-0.052,-3.790,-0.772,0.000,0.000,1.592,0.030,2,NULL,NULL,,1,0,1,7,255,,250,0,0
stim,17983,17983,0,409949.420,0.698,-0.149,-0.022,0.700,0,0,0,0,0,19,327,133,20,0.031,96,0,17.285,3.782,-8.480,13.500,6.680,-0.154,-0.119,0.989,-0.114,-3.780,-0.894,0.000,0.000,1.592,0.030,2,NULL,NULL,,1,0,1,7,255,,250,0,0
stim,17985,17985,0,409954.420,0.699,-0.149,-0.022,0.699,0,0,0,0,0,10,335,137,20,0.031,96,0,16.191,3.782,-7.180,12.820,6.800,-0.146,-0.117,0.985,-0.114,-3.780,-1.012,0.000,0.000,1.592,0.030,2,NULL,NULL,,1,0,1,7,255,,250,0,0
stim,17985,17985,0,409959.420,0.699,-0.149,-0.022,0.699,0,0,0,0,0,7,344,146,20,0.031,96,0,15.415,3.804,-5.420,12.460,7.280,-0.143,-0.121,0.989,-0.114,-3.802,-1.058,0.000,0.000,1.592,0.030,2,NULL,NULL,,1,0,1,7,255,,250,0,0
stim,17999,17999,0,409964.420,0.699,-0.149,-0.021,0.699,0,0,0,0,0,16,355,141,20,0.031,96,0,15.345,3.834,-4.560,11.920,8.520,-0.146,-0.134,0.990,-0.122,-3.832,-1.058,0.000,0.000,1.592,0.030,2,NULL,NULL,,1,0,1,7,255,,250,0,0
stim,17999,17999,0,409969.422,0.700,-0.148,-0.021,0.699,0,0,0,0,0,10,364,149,20,0.031,96,0,15.184,3.840,-3.960,11.180,9.480,-0.155,-0.147,1.000,-0.250,-3.832,-1.014,0.000,0.000,1.592,0.030,2,NULL,NULL,,1,0,1,7,255,,250,0,0
stim,18001,18001,0,409974.420,0.700,-0.148,-0.021,0.698,0,0,0,0,0,9,375,149,20,0.031,96,0,14.795,3.825,-3.640,10.760,9.480,-0.168,-0.162,1.003,-0.364,-3.808,-0.874,0.000,0.000,1.592,0.030,2,NULL,NULL,,1,0,1,7,255,,250,0,0
stim,18001,18001,0,409979.420,0.700,-0.148,-0.021,0.698,0,0,0,0,0,9,384,153,20,0.031,96,0,13.731,3.751,-3.780,10.200,8.380,-0.180,-0.170,1.001,-0.496,-3.718,-0.756,0.000,0.000,1.592,0.030,2,NULL,NULL,,1,0,1,7,255,,250,0,0
stim,18015,18015,0,409984.420,0.701,-0.148,-0.021,0.698,0,0,0,0,0,12,391,151,20,0.031,96,0,12.441,3.662,-4.500,9.840,6.140,-0.181,-0.174,0.993,-0.580,-3.616,-0.756,0.000,0.000,1.592,0.030,2,NULL,NULL,,1,0,1,7,255,,250,0,0
stim,18015,18015,0,409989.420,0.701,-0.147,-0.021,0.698,0,0,0,0,0,9,397,155,20,0.031,96,0,11.279,3.645,-4.740,9.660,3.380,-0.170,-0.175,0.980,-0.630,-3.590,-0.766,0.000,0.000,1.592,0.030,2,NULL,NULL,,1,0,1,7,255,,250,0,0
stim,18015,18015,0,409994.420,0.701,-0.147,-0.021,0.697,0,0,0,0,0,10,409,158,20,0.031,96,0,10.528,3.648,-4.260,9.480,1.680,-0.156,-0.175,0.965,-0.650,-3.590,-0.920,0.000,0.000,1.592,0.030,2,NULL,NULL,,1,0,1,7,255,,250,0,0
stim,18015,18015,0,409999.420,0.701,-0.146,-0.020,0.697,0,0,0,0,0,9,413,158,20,0.031,96,0,9.907,3.690,-2.920,9.420,0.940,-0.143,-0.175,0.956,-0.662,-3.630,-1.114,0.000,0.000,1.592,0.030,2,NULL,NULL,,1,0,1,7,255,,250,0,0
stim,18031,18031,0,410004.420,0.701,-0.146,-0.020,0.697,0,0,0,0,0,7,423,158,20,0.031,96,0,9.577,3.745,-1.320,9.480,0.340,-0.134,-0.172,0.950,-0.662,-3.686,-1.250,0.000,0.000,1.592,0.030,2,NULL,NULL,,1,0,1,7,255,,250,0,0
stim,18031,18031,0,410009.420,0.702,-0.146,-0.020,0.697,0,0,0,0,0,9,437,169,20,0.031,96,0,9.676,3.777,0.380,9.660,-0.400,-0.128,-0.165,0.948,-0.640,-3.722,-1.342,0.000,0.000,1.592,0.030,2,NULL,NULL,,1,0,1,7,255,,250,0,0
stim,18047,18047,0,410014.420,0.702,-0.145,-0.020,0.697,0,0,0,0,0,10,439,167,20,0.031,96,0,10.480,3.797,2.140,10.140,-1.560,-0.121,-0.154,0.952,-0.572,-3.754,-1.394,0.000,0.000,1.592,0.030,2,NULL,NULL,,1,0,1,7,255,,250,0,0
stim,18080,18080,0,410019.422,0.702,-0.145,-0.019,0.697,0,0,0,0,0,8,441,167,20,0.031,96,0,11.284,3.842,3.060,10.640,-2.180,-0.112,-0.149,0.956,-0.462,-3.814,-1.410,0.000,0.000,1.592,0.030,2,NULL,NULL,,1,0,1,7,255,,250,0,0
stim,18080,18080,0,410024.420,0.702,-0.145,-0.019,0.698,0,0,0,0,0,9,446,167,20,0.031,96,0,11.792,3.913,3.180,11.120,-2.300,-0.102,-0.141,0.961,-0.402,-3.892,-1.416,0.000,0.000,1.592,0.030,2,NULL,NULL,,1,0,1,7,255,,250,0,0
stim,18080,18080,0,410029.420,0.702,-0.144,-0.018,0.698,0,0,0,0,0,20,457,173,20,0.031,96,0,11.997,4.004,2.280,11.600,-2.040,-0.093,-0.137,0.957,-0.312,-3.992,-1.428,0.000,0.000,1.592,0.030,2,NULL,NULL,,1,0,1,7,255,,250,0,0
stim,18081,18081,0,410034.421,0.702,-0.144,-0.018,0.698,0,0,0,0,0,9,459,169,20,0.031,96,0,12.627,4.012,1.900,12.400,-1.440,-0.090,-0.133,0.947,-0.282,-4.002,-1.510,0.000,0.000,1.592,0.030,2,NULL,NULL,,1,0,1,7,255,,250,0,0
stim,18081,18081,0,410039.420,0.702,-0.144,-0.018,0.698,0,0,0,0,0,10,467,173,20,0.031,96,0,13.524,4.018,2.760,13.200,-1.020,-0.085,-0.127,0.943,-0.258,-4.010,-1.610,0.000,0.000,1.592,0.030,2,NULL,NULL,,1,0,1,7,255,,250,0,0
stim,18081,18081,0,410044.420,0.702,-0.144,-0.018,0.698,0,0,0,0,0,10,468,179,20,0.031,96,0,14.670,4.007,3.620,14.180,-1.020,-0.085,-0.125,0.940,-0.208,-4.002,-1.668,0.000,0.000,1.592,0.030,2,NULL,NULL,,1,0,1,7,255,,250,0,0
stim,18081,18081,0,410049.420,0.701,-0.144,-0.017,0.698,0,0,0,0,0,11,471,179,20,0.031,96,0,15.700,4.015,4.280,15.080,-0.880,-0.079,-0.122,0.947,-0.192,-4.010,-1.668,0.000,0.000,1.592,0.030,2,NULL,NULL,,1,0,1,7,255,,250,0,0
stim,18082,18082,0,410054.420,0.701,-0.144,-0.017,0.698,0,0,0,0,0,21,473,174,20,0.031,96,0,16.673,4.078,3.740,16.240,-0.520,-0.072,-0.125,0.948,-0.184,-4.074,-1.688,0.000,0.000,1.592,0.030,2,NULL,NULL,,1,0,1,7,255,,250,0,0
stim,18082,18082,0,410059.420,0.701,-0.144,-0.017,0.698,0,0,0,0,0,11,475,176,20,0.031,96,0,17.357,4.134,2.880,17.100,0.760,-0.068,-0.129,0.944,-0.184,-4.130,-1.688,0.000,0.000,1.592,0.030,2,NULL,NULL,,1,0,1,7,255,,250,0,0
stim,18096,18096,0,410064.421,0.701,-0.144,-0.017,0.698,0,0,0,0,0,10,477,174,20,0.031,96,0,18.397,4.137,2.340,18.140,1.980,-0.066,-0.129,0.934,-0.232,-4.130,-1.732,0.000,0.000,1.592,0.030,2,NULL,NULL,,1,0,1,7,255,,250,0,0
stim,18096,18096,0,410069.421,0.701,-0.144,-0.017,0.698,0,0,0,0,0,10,479,175,20,0.031,96,0,19.686,4.127,2.640,19.300,2.840,-0.065,-0.125,0.927,-0.232,-4.120,-1.824,0.000,0.000,1.592,0.030,2,NULL,NULL,,1,0,1,7,255,,250,0,0
stim,18096,18096,0,410074.420,0.701,-0.144,-0.017,0.698,0,0,0,0,0,9,489,178,20,0.031,96,0,21.180,4.102,3.680,20.520,3.740,-0.068,-0.124,0.925,-0.228,-4.096,-1.898,0.000,0.000,1.592,0.030,2,NULL,NULL,,1,0,1,7,255,,250,0,0
stim,18096,18096,0,410079.420,0.701,-0.144,-0.017,0.698,0,0,0,0,0,9,491,181,20,0.031,96,0,22.549,4.102,4.520,21.620,4.540,-0.068,-0.120,0.933,-0.216,-4.096,-1.898,0.000,0.000,1.592,0.030,2,NULL,NULL,,1,0,1,7,255,,250,0,0
stim,18111,18111,0,410084.420,0.701,-0.145,-0.017,0.698,0,0,0,0,0,8,483,183,20,0.031,96,0,23.819,4.102,3.920,22.960,4.980,-0.069,-0.113,0.937,-0.174,-4.098,-1.838,0.000,0.000,1.592,0.030,2,NULL,NULL,,1,0,1,7,255,,250,0,0
stim,18111,18111,0,410089.421,0.701,-0.145,-0.017,0.698,0,0,0,0,0,8,485,183,20,0.031,96,0,25.152,4.099,4.100,24.180,5.580,-0.076,-0.106,0.941,-0.104,-4.098,-1.810,0.000,0.000,1.592,0.030,2,NULL,NULL,,1,0,1,7,255,,250,0,0
stim,18111,18111,0,410094.422,0.701,-0.146,-0.017,0.698,0,0,0,0,0,8,487,185,20,0.031,96,0,26.669,4.070,4.960,25.400,6.440,-0.085,-0.102,0.951,-0.038,-4.070,-1.758,0.000,0.000,1.592,0.030,2,NULL,NULL,,1,0,1,7,255,,250,0,0
stim,18111,18111,0,410099.420,0.701,-0.146,-0.017,0.697,0,0,0,0,0,9,491,186,20,0.031,96,0,27.561,4.036,4.960,26.260,6.740,-0.097,-0.101,0.966,0.012,-4.036,-1.636,0.000,0.000,1.592,0.030,2,NULL,NULL,,1,0,1,7,255,,250,0,0
stim,18131,18131,0,410104.420,0.701,-0.147,-0.017,0.697,0,0,0,0,0,9,489,201,20,0.031,96,0,28.376,4.022,3.800,27.240,6.980,-0.108,-0.102,0.979,0.036,-4.022,-1.456,0.000,0.000,1.592,0.030,2,NULL,NULL,,1,0,1,7,255,,250,0,0
stim,18131,18131,0,410109.420,0.701,-0.147,-0.018,0.697,0,0,0,0,0,9,488,175,20,0.031,96,0,28.534,3.994,2.080,27.720,6.440,-0.111,-0.103,0.981,0.036,-3.994,-1.302,0.000,0.000,1.592,0.030,2,NULL,NULL,,1,0,1,7,255,,250,0,0
stim,18143,18143,0,410114.420,0.701,-0.148,-0.018,0.697,0,0,0,0,0,18,489,177,20,0.031,96,0,29.103,3.992,0.620,28.580,5.460,-0.112,-0.103,0.976,0.028,-3.992,-1.302,0.000,0.000,1.592,0.030,2,NULL,NULL,,1,0,1,7,255,,250,0,0
stim,18143,18143,0,410119.422,0.701,-0.149,-0.019,0.697,0,0,0,0,0,11,491,179,20,0.031,96,0,29.578,3.964,1.660,28.940,5.880,-0.120,-0.104,0.975,0.020,-3.964,-1.290,0.000,0.000,1.592,0.030,2,NULL,NULL,,1,0,1,7,255,,250,0,0
stim,18165,18165,0,410124.420,0.701,-0.149,-0.019,0.697,0,0,0,0,0,8,489,187,20,0.031,96,0,30.141,3.910,3.180,29.120,7.100,-0.129,-0.109,0.984,0.004,-3.910,-1.290,0.000,0.000,1.592,0.030,2,NULL,NULL,,1,0,1,7,255,,250,0,0
stim,18165,18165,0,410129.420,0.701,-0.150,-0.019,0.697,0,0,0,0,0,11,494,192,20,0.031,96,0,30.163,3.896,3.060,29.060,7.480,-0.141,-0.110,1.003,-0.022,-3.896,-1.162,0.000,0.000,1.592,0.030,2,NULL,NULL,,1,0,1,7,255,,250,0,0
stim,18195,18195,0,410134.421,0.701,-0.150,-0.020,0.697,0,0,0,0,0,9,499,187,20,0.031,96,0,29.849,3.894,1.120,29.000,6.980,-0.152,-0.103,1.010,-0.022,-3.894,-0.946,0.000,0.000,1.592,0.030,2,NULL,NULL,,1,0,1,7,255,,250,0,0
stim,18195,18195,0,410139.422,0.701,-0.151,-0.020,0.697,0,0,0,0,0,9,496,203,20,0.031,96,0,29.334,3.838,-0.900,28.700,6.000,-0.157,-0.098,1.009,0.048,-3.838,-0.846,0.000,0.000,1.592,0.030,2,NULL,NULL,,1,0,1,7,255,,250,0,0
stim,18195,18195,0,410144.420,0.701,-0.151,-0.021,0.696,0,0,0,0,0,11,493,192,20,0.031,96,0,29.172,3.811,-1.260,28.640,5.400,-0.156,-0.098,1.007,0.092,-3.810,-0.846,0.000,0.000,1.592,0.030,2,NULL,NULL,,1,0,1,7,255,,250,0,0
stim,18195,18195,0,410149.420,0.701,-0.152,-0.021,0.696,0,0,0,0,0,21,491,200,20,0.031,96,0,28.828,3.811,-0.900,28.280,5.520,-0.158,-0.099,1.009,0.092,-3.810,-0.846,0.000,0.000,1.592,0.030,2,NULL,NULL,,1,0,1,7,255,,250,0,0
stim,18195,18195,0,410154.420,0.701,-0.152,-0.022,0.696,0,0,0,0,0,11,493,199,20,0.031,96,0,28.495,3.817,-1.020,27.900,5.700,-0.165,-0.102,1.018,0.088,-3.816,-0.846,0.000,0.000,1.592,0.030,2,NULL,NULL,,1,0,1,7,255,,250,0,0
stim,18195,18195,0,410159.420,0.701,-0.153,-0.022,0.696,0,0,0,0,0,10,491,203,20,0.031,96,0,27.896,3.819,-1.940,27.300,5.400,-0.168,-0.104,1.022,0.066,-3.818,-0.744,0.000,0.000,1.592,0.030,2,NULL,NULL,,1,0,1,7,255,,250,0,0
stim,18195,18195,0,410164.420,0.701,-0.153,-0.023,0.696,0,0,0,0,0,13,491,200,20,0.031,96,0,27.597,3.826,-3.460,27.000,4.540,-0.167,-0.104,1.018,0.050,-3.826,-0.740,0.000,0.000,1.592,0.030,2,NULL,NULL,,1,0,1,7,255,,250,0,0
stim,18208,18208,0,410169.422,0.701,-0.154,-0.023,0.696,0,0,0,0,0,9,493,205,20,0.031,96,0,26.938,3.830,-3.640,26.380,4.060,-0.165,-0.111,1.013,0.046,-3.830,-0.740,0.000,0.000,1.592,0.030,2,NULL,NULL,,1,0,1,7,255,,250,0,0
stim,18208,18208,0,410174.420,0.701,-0.154,-0.024,0.696,0,0,0,0,0,9,491,203,20,0.031,96,0,26.487,3.826,-3.400,25.840,4.720,-0.165,-0.123,1.005,-0.018,-3.826,-0.788,0.000,0.000,1.592,0.030,2,NULL,NULL,,1,0,1,7,255,,250,0,0
stim,18208,18208,0,410179.420,0.701,-0.154,-0.024,0.696,0,0,0,0,0,5,505,209,20,0.031,96,0,25.858,3.823,-3.340,25.040,5.520,-0.170,-0.132,1.000,-0.140,-3.820,-0.846,0.000,0.000,1.592,0.030,2,NULL,NULL,,1,0,1,7,255,,250,0,0
stim,18208,18208,0,410184.421,0.701,-0.154,-0.025,0.696,0,0,0,0,0,8,491,211,20,0.031,96,0,25.318,3.783,-3.400,24.540,5.220,-0.174,-0.135,0.995,-0.236,-3.776,-0.852,0.000,0.000,1.592,0.030,2,NULL,NULL,,1,0,1,7,255,,250,0,0
stim,18208,18208,0,410189.420,0.701,-0.155,-0.025,0.695,0,0,0,0,0,8,490,209,20,0.031,96,0,24.807,3.736,-2.980,24.300,4.000,-0.178,-0.138,0.990,-0.274,-3.726,-0.874,0.000,0.000,1.592,0.030,2,NULL,NULL,,1,0,1,7,255,,250,0,0
stim,18228,18228,0,410194.422,0.701,-0.155,-0.025,0.695,0,0,0,0,0,9,488,206,20,0.031,96,0,24.080,3.703,-2.560,23.760,2.960,-0.176,-0.145,0.986,-0.308,-3.690,-0.896,0.000,0.000,1.592,0.030,2,NULL,NULL,,1,0,1,7,255,,250,0,0
stim,18228,18228,0,410199.420,0.701,-0.155,-0.026,0.695,0,0,0,0,0,9,487,206,20,0.031,96,0,23.588,3.709,-1.640,23.380,2.660,-0.172,-0.151,0.986,-0.372,-3.690,-0.932,0.000,0.000,1.592,0.030,2,NULL,NULL,,1,0,1,7,255,,250,0,0
stim,18228,18228,0,410204.420,0.701,-0.155,-0.026,0.695,0,0,0,0,0,13,490,208,20,0.031,96,0,23.128,3.756,-0.600,22.960,2.720,-0.173,-0.149,0.987,-0.408,-3.734,-0.942,0.000,0.000,1.592,0.030,2,NULL,NULL,,1,0,1,7,255,,250,0,0
stim,18228,18228,0,410209.420,0.701,-0.155,-0.026,0.695,0,0,0,0,0,7,485,211,20,0.031,96,0,22.608,3.758,-0.180,22.480,2.400,-0.175,-0.146,0.991,-0.408,-3.736,-0.942,0.000,0.000,1.592,0.030,2,NULL,NULL,,1,0,1,7,255,,250,0,0
stim,18239,18239,0,410214.420,0.701,-0.155,-0.026,0.695,0,0,0,0,0,8,477,211,20,0.031,96,0,22.249,3.752,0.200,22.160,1.980,-0.176,-0.145,0.990,-0.368,-3.734,-0.908,0.000,0.000,1.592,0.030,2,NULL,NULL,,1,0,1,7,255,,250,0,0
stim,18239,18239,0,410219.421,0.701,-0.155,-0.026,0.695,0,0,0,0,0,12,475,213,20,0.031,96,0,21.795,3.755,0.380,21.740,1.500,-0.175,-0.144,0.989,-0.360,-3.738,-0.908,0.000,0.000,1.592,0.030,2,NULL,NULL,,1,0,1,7,255,,250,0,0
stim,18271,18271,0,410224.421,0.701,-0.156,-0.027,0.695,0,0,0,0,0,8,475,214,20,0.031,96,0,21.470,3.755,0.620,21.440,0.940,-0.174,-0.146,0.988,-0.360,-3.738,-0.924,0.000,0.000,1.592,0.030,2,NULL,NULL,,1,0,1,7,255,,250,0,0
stim,18271,18271,0,410229.420,0.701,-0.156,-0.027,0.695,0,0,0,0,0,9,474,213,20,0.031,96,0,21.296,3.763,1.120,21.260,0.520,-0.173,-0.142,0.987,-0.356,-3.746,-0.936,0.000,0.000,1.592,0.030,2,NULL,NULL,,1,0,1,7,255,,250,0,0
stim,18271,18271,0,410234.421,0.701,-0.156,-0.027,0.695,0,0,0,0,0,12,473,220,20,0.031,96,0,20.917,3.767,1.240,20.880,0.020,-0.172,-0.134,0.988,-0.332,-3.752,-0.958,0.000,0.000,1.592,0.030,2,NULL,NULL,,1,0,1,7,255,,250,0,0
stim,18271,18271,0,410239.421,0.701,-0.156,-0.027,0.695,0,0,0,0,0,9,471,217,20,0.031,96,0,20.759,3.769,1.480,20.700,-0.520,-0.169,-0.130,0.988,-0.260,-3.760,-0.962,0.000,0.000,1.592,0.030,2,NULL,NULL,,1,0,1,7,255,,250,0,0
stim,18287,18287,0,410244.420,0.701,-0.156,-0.027,0.695,0,0,0,0,0,9,471,216,20,0.031,96,0,20.551,3.787,1.840,20.460,-0.580,-0.167,-0.128,0.989,-0.222,-3.780,-0.984,0.000,0.000,1.592,0.030,2,NULL,NULL,,1,0,1,7,255,,250,0,0
stim,18287,18287,0,410249.420,0.701,-0.156,-0.027,0.695,0,0,0,0,0,9,468,215,20,0.031,96,0,20.337,3.805,2.080,20.220,-0.640,-0.167,-0.125,0.994,-0.202,-3.800,-0.984,0.000,0.000,1.592,0.030,2,NULL,NULL,,1,0,1,7,255,,250,0,0
stim,18287,18287,0,410254.420,0.701,-0.156,-0.027,0.695,0,0,0,0,0,9,475,219,20,0.031,96,0,20.185,3.829,1.660,20.100,-0.820,-0.167,-0.123,0.996,-0.158,-3.826,-0.952,0.000,0.000,1.592,0.030,2,NULL,NULL,,1,0,1,7,255,,250,0,0
stim,18287,18287,0,410259.420,0.701,-0.156,-0.027,0.696,0,0,0,0,0,13,473,216,20,0.031,96,0,19.957,3.840,1.060,19.900,-1.080,-0.165,-0.121,0.995,-0.138,-3.838,-0.952,0.000,0.000,1.592,0.030,2,NULL,NULL,,1,0,1,7,255,,250,0,0
stim,18303,18303,0,410264.420,0.701,-0.156,-0.027,0.696,0,0,0,0,0,11,461,220,20,0.031,96,0,19.900,3.850,0.560,19.840,-1.440,-0.162,-0.123,0.989,-0.138,-3.848,-0.960,0.000,0.000,1.592,0.030,2,NULL,NULL,,1,0,1,7,255,,250,0,0
stim,18303,18303,0,410269.421,0.701,-0.156,-0.027,0.696,0,0,0,0,0,8,456,216,20,0.031,96,0,19.840,3.851,0.800,19.780,-1.320,-0.160,-0.127,0.983,-0.146,-3.848,-1.022,0.000,0.000,1.592,0.030,2,NULL,NULL,,1,0,1,7,255,,250,0,0
stim,18303,18303,0,410274.421,0.701,-0.156,-0.027,0.696,0,0,0,0,0,7,460,221,20,0.031,96,0,19.629,3.845,1.600,19.540,-0.960,-0.162,-0.131,0.985,-0.196,-3.840,-1.048,0.000,0.000,1.592,0.030,2,NULL,NULL,,1,0,1,7,255,,250,0,0
stim,18303,18303,0,410279.420,0.701,-0.156,-0.027,0.696,0,0,0,0,0,9,451,217,20,0.031,96,0,19.473,3.838,1.900,19.360,-0.880,-0.165,-0.129,0.988,-0.212,-3.832,-1.048,0.000,0.000,1.592,0.030,2,NULL,NULL,,1,0,1,7,255,,250,0,0
stim,18319,18319,0,410284.420,0.700,-0.156,-0.027,0.696,0,0,0,0,0,9,445,221,20,0.031,96,0,19.457,3.826,1.360,19.360,-1.380,-0.166,-0.125,0.990,-0.212,-3.820,-1.010,0.000,0.000,1.592,0.030,2,NULL,NULL,,1,0,1,7,255,,250,0,0
stim,18319,18319,0,410289.420,0.700,-0.156,-0.027,0.696,0,0,0,0,0,10,442,217,20,0.031,96,0,19.364,3.822,0.800,19.240,-2.040,-0.165,-0.125,0.985,-0.184,-3.818,-1.010,0.000,0.000,1.592,0.030,2,NULL,NULL,,1,0,1,7,255,,250,0,0
stim,18319,18319,0,410294.420,0.700,-0.156,-0.027,0.696,0,0,0,0,0,13,445,216,20,0.031,96,0,19.313,3.822,0.620,19.180,-2.180,-0.160,-0.128,0.981,-0.184,-3.818,-1.042,0.000,0.000,1.592,0.030,2,NULL,NULL,,1,0,1,7,255,,250,0,0
stim,18319,18319,0,410299.420,0.700,-0.156,-0.027,0.696,0,0,0,0,0,8,439,212,20,0.031,96,0,19.178,3.836,1.120,19.060,-1.800,-0.159,-0.130,0.979,-0.216,-3.830,-1.092,0.000,0.000,1.592,0.030,2,NULL,NULL,,1,0,1,7,255,,250,0,0
stim,18319,18319,0,410304.420,0.700,-0.156,-0.027,0.696,0,0,0,0,0,8,437,212,20,0.031,96,0,19.076,3.837,1.600,18.940,-1.620,-0.161,-0.131,0.980,-0.238,-3.830,-1.094,0.000,0.000,1.592,0.030,2,NULL,NULL,,1,0,1,7,255,,250,0,0
stim,18319,18319,0,410309.420,0.700,-0.156,-0.027,0.696,0,0,0,0,0,10,437,213,20,0.031,96,0,19.103,3.832,1.780,18.940,-1.740,-0.162,-0.133,0.982,-0.246,-3.824,-1.094,0.000,0.000,1.592,0.030,2,NULL,NULL,,1,0,1,7,255,,250,0,0
stim,18351,18351,0,410314.420,0.700,-0.156,-0.027,0.696,0,0,0,0,0,8,439,215,20,0.031,96,0,19.175,3.831,1.660,19.000,-1.980,-0.163,-0.134,0.984,-0.258,-3.822,-1.068,0.000,0.000,1.592,0.030,2,NULL,NULL,,1,0,1,7,255,,250,0,0
stim,18367,18367,0,410319.422,0.700,-0.156,-0.027,0.697,0,0,0,0,0,9,442,213,20,0.031,96,0,19.039,3.832,1.360,18.880,-2.040,-0.164,-0.137,0.980,-0.270,-3.822,-1.068,0.000,0.000,1.592,0.030,2,NULL,NULL,,1,0,1,7,255,,250,0,0
stim,18367,18367,0,410324.420,0.700,-0.156,-0.027,0.697,0,0,0,0,0,9,431,211,20,0.031,96,0,18.931,3.812,1.420,18.760,-2.100,-0.163,-0.137,0.978,-0.300,-3.800,-1.070,0.000,0.000,1.592,0.030,2,NULL,NULL,,1,0,1,7,255,,250,0,0
stim,18367,18367,0,410329.420,0.700,-0.156,-0.027,0.697,0,0,0,0,0,10,435,209,20,0.031,96,0,18.853,3.807,2.080,18.620,-2.100,-0.164,-0.137,0.977,-0.310,-3.794,-1.094,0.000,0.000,1.592,0.030,2,NULL,NULL,,1,0,1,7,255,,250,0,0
stim,18383,18383,0,410334.422,0.700,-0.156,-0.027,0.697,0,0,0,0,0,9,427,209,20,0.031,96,0,18.748,3.791,2.700,18.440,-2.040,-0.167,-0.138,0.978,-0.312,-3.778,-1.094,0.000,0.000,1.592,0.030,2,NULL,NULL,,1,0,1,7,255,,250,0,0
stim,18383,18383,0,410339.420,0.700,-0.156,-0.027,0.697,0,0,0,0,0,11,427,219,20,0.031,96,0,18.630,3.780,3.120,18.260,-1.980,-0.168,-0.139,0.982,-0.322,-3.766,-1.072,0.000,0.000,1.592,0.030,2,NULL,NULL,,1,0,1,7,255,,250,0,0
stim,18383,18383,0,410344.420,0.699,-0.156,-0.027,0.697,0,0,0,0,0,19,425,209,20,0.031,96,0,18.398,3.780,3.060,18.020,-2.100,-0.169,-0.139,0.984,-0.322,-3.766,-1.024,0.000,0.000,1.592,0.030,2,NULL,NULL,,1,0,1,7,255,,250,0,0
stim,18383,18383,0,410349.420,0.699,-0.156,-0.027,0.697,0,0,0,0,0,9,423,205,20,0.031,96,0,18.156,3.780,3.060,17.780,-2.040,-0.171,-0.137,0.984,-0.322,-3.766,-1.004,0.000,0.000,1.592,0.030,2,NULL,NULL,,1,0,1,7,255,,250,0,0
stim,18383,18383,0,410354.420,0.699,-0.156,-0.026,0.697,0,0,0,0,0,16,412,203,20,0.031,96,0,17.838,3.761,3.360,17.400,-2.040,-0.172,-0.135,0.984,-0.310,-3.748,-1.000,0.000,0.000,1.592,0.030,2,NULL,NULL,,1,0,1,7,255,,250,0,0
stim,18383,18383,0,410359.420,0.699,-0.156,-0.026,0.697,0,0,0,0,0,15,413,200,20,0.031,96,0,17.649,3.759,3.620,17.160,-1.980,-0.171,-0.135,0.987,-0.292,-3.748,-0.998,0.000,0.000,1.592,0.030,2,NULL,NULL,,1,0,1,7,255,,250,0,0
stim,18399,18399,0,410364.420,0.699,-0.155,-0.026,0.697,0,0,0,0,0,9,405,201,20,0.031,96,0,17.389,3.753,3.800,16.860,-1.920,-0.174,-0.135,0.989,-0.286,-3.742,-0.978,0.000,0.000,1.592,0.030,2,NULL,NULL,,1,0,1,7,255,,250,0,0
stim,18399,18399,0,410369.422,0.699,-0.155,-0.026,0.698,0,0,0,0,0,10,399,203,20,0.031,96,0,16.905,3.753,3.860,16.360,-1.800,-0.174,-0.132,0.990,-0.286,-3.742,-0.942,0.000,0.000,1.592,0.030,2,NULL,NULL,,1,0,1,7,255,,250,0,0
stim,18399,18399,0,410374.420,0.699,-0.155,-0.026,0.698,0,0,0,0,0,10,397,199,20,0.031,96,0,16.565,3.749,3.920,16.000,-1.740,-0.175,-0.130,0.992,-0.260,-3.740,-0.940,0.000,0.000,1.592,0.030,2,NULL,NULL,,1,0,1,7,255,,250,0,0
stim,18399,18399,0,410379.420,0.699,-0.155,-0.026,0.698,0,0,0,0,0,9,404,203,20,0.031,96,0,16.173,3.748,3.920,15.580,-1.860,-0.174,-0.128,0.992,-0.240,-3.740,-0.920,0.000,0.000,1.592,0.030,2,NULL,NULL,,1,0,1,7,255,,250,0,0
stim,18420,18420,0,410384.420,0.699,-0.155,-0.025,0.698,0,0,0,0,0,5,398,192,20,0.031,96,0,15.772,3.740,3.920,15.140,-2.040,-0.175,-0.130,0.991,-0.240,-3.732,-0.920,0.000,0.000,1.592,0.030,2,NULL,NULL,,1,0,1,7,255,,250,0,0
stim,18420,18420,0,410389.420,0.699,-0.155,-0.025,0.698,0,0,0,0,0,8,383,187,20,0.031,96,0,15.446,3.739,3.800,14.840,-1.980,-0.173,-0.130,0.990,-0.252,-3.730,-0.922,0.000,0.000,1.592,0.030,2,NULL,NULL,,1,0,1,7,255,,250,0,0
stim,18420,18420,0,410394.420,0.699,-0.155,-0.025,0.698,0,0,0,0,0,9,380,182,20,0.031,96,0,15.101,3.729,3.860,14.480,-1.860,-0.173,-0.132,0.988,-0.254,-3.720,-0.934,0.000,0.000,1.592,0.030,2,NULL,NULL,,1,0,1,7,255,,250,0,0
stim,18420,18420,0,410399.420,0.698,-0.155,-0.024,0.698,0,0,0,0,0,10,389,185,20,0.031,96,0,14.853,3.725,4.160,14.120,-1.980,-0.174,-0.129,0.989,-0.254,-3.716,-0.938,0.000,0.000,1.592,0.030,2,NULL,NULL,,1,0,1,7,255,,250,0,0
stim,18431,18431,0,410404.420,0.698,-0.155,-0.024,0.698,0,0,0,0,0,13,377,183,20,0.031,96,0,14.592,3.713,4.340,13.740,-2.300,-0.174,-0.129,0.988,-0.254,-3.704,-0.942,0.000,0.000,1.592,0.030,2,NULL,NULL,,1,0,1,7,255,,250,0,0
stim,18431,18431,0,410409.420,0.698,-0.155,-0.024,0.698,0,0,0,0,0,9,373,181,20,0.031,96,0,14.304,3.713,4.220,13.440,-2.480,-0.171,-0.132,0.989,-0.254,-3.704,-0.942,0.000,0.000,1.592,0.030,2,NULL,NULL,,1,0,1,7,255,,250,0,0
stim,18447,18447,0,410414.420,0.698,-0.154,-0.024,0.699,0,0,0,0,0,11,373,181,20,0.031,96,0,13.941,3.735,4.100,13.080,-2.540,-0.169,-0.132,0.987,-0.282,-3.724,-0.948,0.000,0.000,1.592,0.030,2,NULL,NULL,,1,0,1,7,255,,250,0,0
stim,18464,18464,0,410419.422,0.698,-0.154,-0.023,0.699,0,0,0,0,0,12,373,172,20,0.031,96,0,13.667,3.735,4.220,12.760,-2.480,-0.168,-0.130,0.986,-0.282,-3.724,-0.968,0.000,0.000,1.592,0.030,2,NULL,NULL,,1,0,1,7,255,,250,0,0
stim,18464,18464,0,410424.420,0.698,-0.154,-0.023,0.699,0,0,0,0,0,10,370,176,20,0.031,96,0,13.496,3.726,4.520,12.460,-2.540,-0.168,-0.125,0.985,-0.274,-3.716,-0.982,0.000,0.000,1.592,0.030,2,NULL,NULL,,1,0,1,7,255,,250,0,0
stim,18464,18464,0,410429.420,0.698,-0.154,-0.022,0.699,0,0,0,0,0,16,367,175,20,0.031,96,0,13.446,3.724,4.720,12.280,-2.780,-0.165,-0.125,0.984,-0.240,-3.716,-0.996,0.000,0.000,1.592,0.030,2,NULL,NULL,,1,0,1,7,255,,250,0,0
stim,18495,18495,0,410434.422,0.698,-0.154,-0.022,0.699,0,0,0,0,0,9,367,182,20,0.031,96,0,13.308,3.724,4.720,12.100,-2.900,-0.163,-0.128,0.983,-0.240,-3.716,-1.016,0.000,0.000,1.592,0.030,2,NULL,NULL,,1,0,1,7,255,,250,0,0
stim,18495,18495,0,410439.420,0.698,-0.154,-0.022,0.699,0,0,0,0,0,10,367,181,20,0.031,96,0,13.097,3.735,4.660,11.920,-2.780,-0.163,-0.128,0.984,-0.266,-3.726,-1.016,0.000,0.000,1.592,0.030,2,NULL,NULL,,1,0,1,7,255,,250,0,0
stim,18495,18495,0,410444.420,0.698,-0.153,-0.021,0.699,0,0,0,0,0,17,373,177,20,0.031,96,0,12.857,3.737,4.600,11.680,-2.780,-0.160,-0.127,0.982,-0.266,-3.728,-1.024,0.000,0.000,1.592,0.030,2,NULL,NULL,,1,0,1,7,255,,250,0,0
stim,18495,18495,0,410449.420,0.698,-0.153,-0.021,0.699,0,0,0,0,0,8,352,165,20,0.031,96,0,12.806,3.738,4.840,11.540,-2.720,-0.158,-0.127,0.979,-0.272,-3.728,-1.046,0.000,0.000,1.592,0.030,2,NULL,NULL,,1,0,1,7,255,,250,0,0
stim,18495,18495,0,410454.420,0.698,-0.153,-0.020,0.700,0,0,0,0,0,7,357,174,20,0.031,96,0,12.864,3.735,5.260,11.420,-2.720,-0.157,-0.124,0.980,-0.264,-3.726,-1.074,0.000,0.000,1.592,0.030,2,NULL,NULL,,1,0,1,7,255,,250,0,0
stim,18495,18495,0,410459.420,0.698,-0.153,-0.020,0.700,0,0,0,0,0,12,359,168,20,0.031,96,0,12.603,3.736,4.840,11.300,-2.780,-0.154,-0.129,0.980,-0.272,-3.726,-1.080,0.000,0.000,1.592,0.030,2,NULL,NULL,,1,0,1,7,255,,250,0,0
stim,18495,18495,0,410464.420,0.698,-0.152,-0.020,0.700,0,0,0,0,0,9,351,165,20,0.031,96,0,12.552,3.752,4.520,11.360,-2.840,-0.151,-0.129,0.976,-0.296,-3.740,-1.082,0.000,0.000,1.592,0.030,2,NULL,NULL,,1,0,1,7,255,,250,0,0
stim,18511,18511,0,410469.422,0.698,-0.152,-0.019,0.700,0,0,0,0,0,8,351,164,20,0.031,96,0,12.564,3.752,4.900,11.300,-2.480,-0.151,-0.126,0.975,-0.296,-3.740,-1.126,0.000,0.000,1.592,0.030,2,NULL,NULL,,1,0,1,7,255,,250,0,0
stim,18511,18511,0,410474.420,0.698,-0.152,-0.019,0.700,0,0,0,0,0,7,349,158,20,0.031,96,0,12.739,3.739,5.260,11.360,-2.360,-0.151,-0.125,0.975,-0.286,-3.728,-1.130,0.000,0.000,1.592,0.030,2,NULL,NULL,,1,0,1,7,255,,250,0,0
stim,18511,18511,0,410479.420,0.697,-0.152,-0.018,0.700,0,0,0,0,0,10,348,169,20,0.031,96,0,12.822,3.738,5.500,11.300,-2.540,-0.150,-0.125,0.976,-0.276,-3.728,-1.130,0.000,0.000,1.592,0.030,2,NULL,NULL,,1,0,1,7,255,,250,0,0
stim,18511,18511,0,410484.420,0.697,-0.152,-0.018,0.700,0,0,0,0,0,9,347,159,20,0.031,96,0,12.911,3.738,5.500,11.360,-2.720,-0.148,-0.127,0.977,-0.276,-3.728,-1.126,0.000,0.000,1.592,0.030,2,NULL,NULL,,1,0,1,7,255,,250,0,0
stim,18511,18511,0,410489.421,0.697,-0.151,-0.017,0.700,0,0,0,0,0,7,352,167,20,0.031,96,0,12.850,3.742,5.620,11.300,-2.420,-0.148,-0.126,0.976,-0.296,-3.730,-1.126,0.000,0.000,1.592,0.030,2,NULL,NULL,,1,0,1,7,255,,250,0,0
stim,18511,18511,0,410494.420,0.697,-0.151,-0.017,0.700,0,0,0,0,0,8,343,157,20,0.031,96,0,12.805,3.742,5.940,11.180,-1.920,-0.147,-0.123,0.976,-0.296,-3.730,-1.128,0.000,0.000,1.592,0.030,2,NULL,NULL,,1,0,1,7,255,,250,0,0
stim,18511,18511,0,410499.420,0.697,-0.151,-0.016,0.701,0,0,0,0,0,8,341,153,20,0.031,96,0,12.788,3.734,6.120,11.120,-1.560,-0.147,-0.122,0.978,-0.272,-3.724,-1.128,0.000,0.000,1.592,0.030,2,NULL,NULL,,1,0,1,7,255,,250,0,0
stim,18527,18527,0,410504.420,0.697,-0.151,-0.016,0.701,0,0,0,0,0,10,349,157,20,0.031,96,0,12.692,3.729,6.180,11.000,-1.380,-0.151,-0.121,0.980,-0.264,-3.720,-1.112,0.000,0.000,1.592,0.030,2,NULL,NULL,,1,0,1,7,255,,250,0,0
stim,18527,18527,0,410509.420,0.697,-0.151,-0.015,0.701,0,0,0,0,0,8,347,156,20,0.031,96,0,12.614,3.703,6.360,10.820,-1.260,-0.152,-0.121,0.980,-0.262,-3.694,-1.076,0.000,0.000,1.592,0.030,2,NULL,NULL,,1,0,1,7,255,,250,0,0
stim,18543,18543,0,410514.420,0.697,-0.151,-0.015,0.701,0,0,0,0,0,9,344,155,20,0.031,96,0,12.624,3.691,6.480,10.760,-1.260,-0.152,-0.120,0.983,-0.258,-3.682,-1.064,0.000,0.000,1.592,0.030,2,NULL,NULL,,1,0,1,7,255,,250,0,0
stim,18575,18575,0,410519.421,0.697,-0.150,-0.014,0.701,0,0,0,0,0,11,335,155,20,0.031,96,0,12.324,3.691,6.180,10.580,-1.320,-0.148,-0.119,0.983,-0.254,-3.682,-1.052,0.000,0.000,1.592,0.030,2,NULL,NULL,,1,0,1,7,255,,250,0,0
stim,18575,18575,0,410524.422,0.697,-0.150,-0.014,0.701,0,0,0,0,0,11,334,153,20,0.031,96,0,12.147,3.712,5.940,10.520,-1.260,-0.146,-0.119,0.985,-0.248,-3.704,-1.042,0.000,0.000,1.592,0.030,2,NULL,NULL,,1,0,1,7,255,,250,0,0
stim,18575,18575,0,410529.420,0.697,-0.150,-0.013,0.701,0,0,0,0,0,7,333,151,20,0.031,96,0,11.848,3.730,5.620,10.380,-1.020,-0.144,-0.118,0.984,-0.246,-3.722,-1.052,0.000,0.000,1.592,0.030,2,NULL,NULL,,1,0,1,7,255,,250,0,0
stim,18593,18593,0,410534.420,0.697,-0.150,-0.013,0.701,0,0,0,0,0,14,333,153,20,0.031,96,0,11.722,3.730,5.880,10.140,-0.100,-0.147,-0.117,0.983,-0.242,-3.722,-1.052,0.000,0.000,1.592,0.030,2,NULL,NULL,,1,0,1,7,255,,250,0,0
stim,18593,18593,0,410539.420,0.697,-0.150,-0.012,0.701,0,0,0,0,0,9,331,151,20,0.031,96,0,11.725,3.690,6.360,9.840,0.460,-0.153,-0.119,0.987,-0.242,-3.682,-1.052,0.000,0.000,1.592,0.030,2,NULL,NULL,,1,0,1,7,255,,250,0,0
stim,18593,18593,0,410544.421,0.697,-0.150,-0.012,0.701,0,0,0,0,0,9,330,151,20,0.031,96,0,11.341,3.654,5.940,9.660,0.140,-0.157,-0.116,0.990,-0.240,-3.646,-0.982,0.000,0.000,1.592,0.030,2,NULL,NULL,,1,0,1,7,255,,250,0,0
stim,18593,18593,0,410549.420,0.697,-0.149,-0.011,0.701,0,0,0,0,0,8,320,144,20,0.031,96,0,11.039,3.627,5.620,9.480,-0.640,-0.155,-0.117,0.986,-0.256,-3.618,-0.978,0.000,0.000,1.592,0.030,2,NULL,NULL,,1,0,1,7,255,,250,0,0
stim,18593,18593,0,410554.420,0.697,-0.149,-0.011,0.701,0,0,0,0,0,11,326,147,20,0.031,96,0,11.009,3.627,6.060,9.160,-0.760,-0.149,-0.118,0.983,-0.256,-3.618,-0.978,0.000,0.000,1.592,0.030,2,NULL,NULL,,1,0,1,7,255,,250,0,0
stim,18593,18593,0,410559.420,0.697,-0.149,-0.010,0.701,0,0,0,0,0,10,319,149,20,0.031,96,0,11.114,3.646,6.540,8.980,-0.340,-0.142,-0.118,0.986,-0.274,-3.636,-1.030,0.000,0.000,1.592,0.030,2,NULL,NULL,,1,0,1,7,255,,250,0,0
stim,18593,18593,0,410564.420,0.697,-0.149,-0.010,0.701,0,0,0,0,0,10,325,161,20,0.031,96,0,10.779,3.706,6.300,8.740,0.340,-0.141,-0.117,0.985,-0.274,-3.696,-1.030,0.000,0.000,1.592,0.030,2,NULL,NULL,,1,0,1,7,255,,250,0,0
stim,18608,18608,0,410569.421,0.697,-0.149,-0.009,0.701,0,0,0,0,0,9,315,149,20,0.031,96,0,10.736,3.706,6.540,8.440,1.120,-0.147,-0.117,0.987,-0.274,-3.696,-1.030,0.000,0.000,1.592,0.030,2,NULL,NULL,,1,0,1,7,255,,250,0,0
stim,18608,18608,0,410574.421,0.697,-0.149,-0.009,0.701,0,0,0,0,0,11,313,149,20,0.031,96,0,10.681,3.648,6.780,8.140,1.360,-0.151,-0.114,0.990,-0.270,-3.638,-0.994,0.000,0.000,1.592,0.030,2,NULL,NULL,,1,0,1,7,255,,250,0,0
stim,18608,18608,0,410579.420,0.697,-0.148,-0.008,0.701,0,0,0,0,0,12,309,153,20,0.031,96,0,10.197,3.617,6.420,7.880,0.820,-0.154,-0.114,0.992,-0.250,-3.608,-0.946,0.000,0.000,1.592,0.030,2,NULL,NULL,,1,0,1,7,255,,250,0,0
stim,18608,18608,0,410584.420,0.697,-0.148,-0.008,0.701,0,0,0,0,0,9,307,149,20,0.031,96,0,9.690,3.617,5.880,7.700,0.200,-0.147,-0.118,0.988,-0.250,-3.608,-0.946,0.000,0.000,1.592,0.030,2,NULL,NULL,,1,0,1,7,255,,250,0,0
stim,18608,18608,0,410589.420,0.697,-0.148,-0.007,0.701,0,0,0,0,0,9,307,147,20,0.031,96,0,9.334,3.630,5.760,7.340,0.280,-0.138,-0.124,0.982,-0.296,-3.618,-0.978,0.000,0.000,1.592,0.030,2,NULL,NULL,,1,0,1,7,255,,250,0,0
stim,18628,18628,0,410594.420,0.697,-0.148,-0.006,0.701,0,0,0,0,0,12,309,152,20,0.031,96,0,9.766,3.670,6.480,7.220,1.120,-0.137,-0.125,0.979,-0.366,-3.652,-1.058,0.000,0.000,1.592,0.030,2,NULL,NULL,,1,0,1,7,255,,250,0,0
stim,18628,18628,0,410599.420,0.697,-0.148,-0.006,0.701,0,0,0,0,0,11,311,161,20,0.031,96,0,10.438,3.670,7.400,6.980,2.340,-0.144,-0.121,0.985,-0.366,-3.652,-1.058,0.000,0.000,1.592,0.030,2,NULL,NULL,,1,0,1,7,255,,250,0,0
stim,18628,18628,0,410604.420,0.697,-0.147,-0.005,0.701,0,0,0,0,0,9,298,147,20,0.031,96,0,10.281,3.619,7.580,6.540,2.340,-0.151,-0.118,0.990,-0.346,-3.602,-0.996,0.000,0.000,1.592,0.030,2,NULL,NULL,,1,0,1,7,255,,250,0,0
stim,18628,18628,0,410609.420,0.697,-0.147,-0.004,0.701,0,0,0,0,0,10,298,156,20,0.031,96,0,9.610,3.569,7.100,6.300,1.500,-0.150,-0.118,0.990,-0.328,-3.554,-0.924,0.000,0.000,1.592,0.030,2,NULL,NULL,,1,0,1,7,255,,250,0,0
stim,18640,18640,0,410614.420,0.697,-0.147,-0.004,0.701,0,0,0,0,0,9,296,155,20,0.031,96,0,9.158,3.569,6.660,6.240,0.760,-0.143,-0.122,0.984,-0.328,-3.554,-0.924,0.000,0.000,1.592,0.030,2,NULL,NULL,,1,0,1,7,255,,250,0,0
stim,18640,18640,0,410619.421,0.697,-0.147,-0.003,0.701,0,0,0,0,0,8,288,163,20,0.031,96,0,9.147,3.595,6.840,6.000,0.940,-0.136,-0.124,0.977,-0.370,-3.576,-0.998,0.000,0.000,1.592,0.030,2,NULL,NULL,,1,0,1,7,255,,250,0,0
stim,18671,18671,0,410624.421,0.698,-0.147,-0.003,0.701,0,0,0,0,0,12,287,157,20,0.031,96,0,9.622,3.617,7.640,5.620,1.620,-0.131,-0.124,0.975,-0.408,-3.594,-1.092,0.000,0.000,1.592,0.030,2,NULL,NULL,,1,0,1,7,255,,250,0,0
stim,18671,18671,0,410629.420,0.698,-0.146,-0.002,0.701,0,0,0,0,0,11,291,162,20,0.031,96,0,10.527,3.639,8.620,5.620,2.220,-0.131,-0.122,0.978,-0.408,-3.616,-1.096,0.000,0.000,1.592,0.030,2,NULL,NULL,,1,0,1,7,255,,250,0,0
stim,18687,18687,0,410634.422,0.698,-0.146,-0.001,0.701,0,0,0,0,0,9,283,155,20,0.031,96,0,10.991,3.637,9.160,5.500,2.580,-0.135,-0.119,0.983,-0.394,-3.616,-1.096,0.000,0.000,1.592,0.030,2,NULL,NULL,,1,0,1,7,255,,250,0,0
stim,18687,18687,0,410639.420,0.698,-0.146,-0.000,0.701,0,0,0,0,0,20,284,157,20,0.031,96,0,10.842,3.613,9.100,5.260,2.660,-0.139,-0.116,0.988,-0.368,-3.594,-1.030,0.000,0.000,1.592,0.030,2,NULL,NULL,,1,0,1,7,255,,250,0,0
stim,18687,18687,0,410644.420,0.698,-0.146,0.000,0.701,0,0,0,0,0,21,279,167,20,0.031,96,0,10.165,3.593,8.500,5.140,2.160,-0.136,-0.115,0.988,-0.344,-3.576,-0.980,0.000,0.000,1.592,0.030,2,NULL,NULL,,1,0,1,7,255,,250,0,0
stim,18687,18687,0,410649.420,0.698,-0.146,0.001,0.701,0,0,0,0,0,9,245,167,20,0.031,96,0,9.635,3.593,8.000,5.080,1.740,-0.128,-0.117,0.979,-0.344,-3.576,-0.980,0.000,0.000,1.592,0.030,2,NULL,NULL,,1,0,1,7,255,,250,0,0
stim,18687,18687,0,410654.420,0.698,-0.145,0.002,0.701,0,0,0,0,0,10,243,155,20,0.031,96,0,9.967,3.613,8.380,5.020,1.980,-0.120,-0.118,0.973,-0.374,-3.594,-1.092,0.000,0.000,1.592,0.030,2,NULL,NULL,,1,0,1,7,255,,250,0,0
stim,18687,18687,0,410659.420,0.698,-0.145,0.002,0.701,0,0,0,0,0,8,235,155,20,0.031,96,0,11.112,3.646,9.540,5.080,2.580,-0.116,-0.116,0.971,-0.384,-3.626,-1.174,0.000,0.000,1.592,0.030,2,NULL,NULL,,1,0,1,7,255,,250,0,0
stim,18703,18703,0,410664.420,0.698,-0.145,0.003,0.701,0,0,0,0,0,5,233,155,20,0.031,96,0,12.351,3.656,10.700,5.080,3.500,-0.118,-0.112,0.978,-0.384,-3.636,-1.174,0.000,0.000,1.592,0.030,2,NULL,NULL,,1,0,1,7,255,,250,0,0
stim,18703,18703,0,410669.422,0.698,-0.145,0.004,0.701,0,0,0,0,0,24,236,157,20,0.031,96,0,12.778,3.653,11.000,5.080,4.060,-0.122,-0.108,0.986,-0.348,-3.636,-1.136,0.000,0.000,1.592,0.030,2,NULL,NULL,,1,0,1,7,255,,250,0,0
stim,18703,18703,0,410674.421,0.698,-0.145,0.005,0.701,0,0,0,0,0,9,231,157,20,0.031,96,0,11.993,3.638,10.200,5.080,3.740,-0.124,-0.106,0.988,-0.316,-3.624,-1.046,0.000,0.000,1.592,0.030,2,NULL,NULL,,1,0,1,7,255,,250,0,0
stim,18703,18703,0,410679.420,0.698,-0.145,0.006,0.701,0,0,0,0,0,9,231,165,20,0.031,96,0,11.076,3.627,9.220,5.200,3.260,-0.119,-0.105,0.982,-0.308,-3.614,-1.046,0.000,0.000,1.592,0.030,2,NULL,NULL,,1,0,1,7,255,,250,0,0
stim,18703,18703,0,410684.420,0.698,-0.145,0.006,0.701,0,0,0,0,0,7,230,157,20,0.031,96,0,11.120,3.627,9.300,5.260,3.080,-0.111,-0.106,0.975,-0.308,-3.614,-1.084,0.000,0.000,1.592,0.030,2,NULL,NULL,,1,0,1,7,255,,250,0,0
stim,18703,18703,0,410689.422,0.698,-0.145,0.007,0.701,0,0,0,0,0,8,220,151,20,0.031,96,0,12.018,3.649,10.140,5.380,3.560,-0.107,-0.106,0.970,-0.328,-3.634,-1.176,0.000,0.000,1.592,0.030,2,NULL,NULL,,1,0,1,7,255,,250,0,0
stim,18719,18719,0,410694.420,0.699,-0.145,0.008,0.701,0,0,0,0,0,9,213,150,20,0.031,96,0,13.186,3.649,11.120,5.440,4.540,-0.108,-0.104,0.973,-0.328,-3.634,-1.202,0.000,0.000,1.592,0.030,2,NULL,NULL,,1,0,1,7,255,,250,0,0
stim,18719,18719,0,410699.420,0.699,-0.145,0.009,0.701,0,0,0,0,0,9,211,152,20,0.031,96,0,14.050,3.647,11.800,5.560,5.220,-0.110,-0.101,0.980,-0.328,-3.632,-1.202,0.000,0.000,1.592,0.030,2,NULL,NULL,,1,0,1,7,255,,250,0,0
stim,18735,18735,0,410704.420,0.699,-0.145,0.010,0.701,0,0,0,0,0,16,211,167,20,0.031,96,0,13.996,3.640,11.680,5.620,5.280,-0.113,-0.099,0.986,-0.298,-3.628,-1.126,0.000,0.000,1.592,0.030,2,NULL,NULL,,1,0,1,7,255,,250,0,0
stim,18735,18735,0,410709.420,0.699,-0.144,0.010,0.700,0,0,0,0,0,9,201,157,20,0.031,96,0,13.121,3.630,10.760,5.740,4.840,-0.112,-0.098,0.984,-0.290,-3.618,-1.078,0.000,0.000,1.592,0.030,2,NULL,NULL,,1,0,1,7,255,,250,0,0
stim,18767,18767,0,410714.420,0.699,-0.144,0.011,0.700,0,0,0,0,0,11,205,154,20,0.031,96,0,12.421,3.630,9.900,6.060,4.420,-0.107,-0.097,0.980,-0.290,-3.618,-1.078,0.000,0.000,1.592,0.030,2,NULL,NULL,,1,0,1,7,255,,250,0,0
stim,18767,18767,0,410719.422,0.699,-0.144,0.012,0.700,0,0,0,0,0,9,199,152,20,0.031,96,0,12.664,3.634,10.020,6.360,4.420,-0.101,-0.097,0.976,-0.292,-3.622,-1.130,0.000,0.000,1.592,0.030,2,NULL,NULL,,1,0,1,7,255,,250,0,0
stim,18799,18799,0,410724.421,0.699,-0.144,0.013,0.700,0,0,0,0,0,10,197,152,20,0.031,96,0,13.269,3.660,10.320,6.600,5.100,-0.096,-0.094,0.973,-0.292,-3.648,-1.194,0.000,0.000,1.592,0.030,2,NULL,NULL,,1,0,1,7,255,,250,0,0
stim,18799,18799,0,410729.420,0.699,-0.144,0.013,0.700,0,0,0,0,0,10,187,155,20,0.031,96,0,12.949,3.673,9.660,7.040,4.980,-0.079,-0.080,0.968,-0.286,-3.662,-1.236,0.000,0.000,1.592,0.030,2,NULL,NULL,,1,0,1,7,255,,250,0,0
stim,18799,18799,0,410734.421,0.699,-0.144,0.014,0.700,0,0,0,0,0,9,185,155,20,0.031,96,0,14.834,3.709,11.240,7.280,6.380,-0.086,-0.096,0.965,-0.286,-3.698,-1.346,0.000,0.000,1.592,0.030,2,NULL,NULL,,1,0,1,7,255,,250,0,0
stim,18799,18799,0,410739.420,0.699,-0.145,0.015,0.700,0,0,0,0,0,7,188,159,20,0.031,96,0,19.199,3.712,14.420,6.980,10.580,-0.106,-0.097,0.986,-0.324,-3.698,-1.346,0.000,0.000,1.592,0.030,2,NULL,NULL,,1,0,1,7,255,,250,0,0
stim,18799,18799,0,410744.420,0.700,-0.145,0.016,0.700,0,0,0,0,0,7,176,159,20,0.031,96,0,18.108,3.617,13.260,7.160,10.040,-0.127,-0.088,1.006,-0.324,-3.602,-1.068,0.000,0.000,1.592,0.030,2,NULL,NULL,,1,0,1,7,255,,250,0,0
stim,18799,18799,0,410749.420,0.700,-0.145,0.016,0.699,0,0,0,0,0,7,171,166,20,0.031,96,0,13.403,3.499,9.480,7.700,5.520,-0.125,-0.088,1.002,-0.256,-3.490,-0.848,0.000,0.000,1.592,0.030,2,NULL,NULL,,1,0,1,7,255,,250,0,0
stim,18799,18799,0,410754.420,0.700,-0.145,0.017,0.699,0,0,0,0,0,5,171,165,20,0.031,96,0,11.299,3.499,7.280,8.140,2.900,-0.101,-0.093,0.984,-0.256,-3.490,-0.848,0.000,0.000,1.592,0.030,2,NULL,NULL,,1,0,1,7,255,,250,0,0
stim,18799,18799,0,410759.420,0.700,-0.145,0.018,0.699,0,0,0,0,0,9,169,159,20,0.031,96,0,11.999,3.634,7.520,8.140,4.600,-0.078,-0.098,0.969,-0.324,-3.620,-1.100,0.000,0.000,1.592,0.030,2,NULL,NULL,,1,0,1,7,255,,250,0,0
stim,18815,18815,0,410764.421,0.700,-0.145,0.018,0.699,0,0,0,0,0,11,160,172,20,0.031,96,0,15.193,3.734,9.540,8.200,8.520,-0.080,-0.097,0.966,-0.384,-3.714,-1.324,0.000,0.000,1.592,0.030,2,NULL,NULL,,1,0,1,7,255,,250,0,0
stim,18816,18816,0,410769.422,0.700,-0.145,0.019,0.699,0,0,0,0,0,9,164,167,20,0.031,96,0,17.108,3.734,11.000,8.200,10.220,-0.098,-0.092,0.971,-0.384,-3.714,-1.324,0.000,0.000,1.592,0.030,2,NULL,NULL,,1,0,1,7,255,,250,0,0
stim,18816,18816,0,410774.421,0.700,-0.145,0.020,0.699,0,0,0,0,0,9,155,169,20,0.031,96,0,17.030,3.581,11.420,8.680,9.180,-0.109,-0.089,0.979,-0.350,-3.564,-1.220,0.000,0.000,1.592,0.030,2,NULL,NULL,,1,0,1,7,255,,250,0,0
stim,18816,18816,0,410779.420,0.701,-0.145,0.020,0.698,0,0,0,0,0,14,155,173,20,0.031,96,0,16.372,3.535,11.480,8.860,7.600,-0.107,-0.090,0.984,-0.342,-3.518,-1.098,0.000,0.000,1.592,0.030,2,NULL,NULL,,1,0,1,7,255,,250,0,0
stim,18816,18816,0,410784.420,0.701,-0.145,0.021,0.698,0,0,0,0,0,9,154,175,20,0.031,96,0,16.208,3.535,11.360,8.980,7.280,-0.101,-0.093,0.988,-0.342,-3.518,-1.058,0.000,0.000,1.592,0.030,2,NULL,NULL,,1,0,1,7,255,,250,0,0
stim,18816,18816,0,410789.422,0.701,-0.145,0.022,0.698,0,0,0,0,0,10,155,179,20,0.031,96,0,16.254,3.603,10.820,9.100,8.020,-0.096,-0.093,0.991,-0.372,-3.584,-1.046,0.000,0.000,1.592,0.030,2,NULL,NULL,,1,0,1,7,255,,250,0,0
stim,18818,18818,0,410794.420,0.701,-0.145,0.022,0.698,0,0,0,0,0,12,151,179,20,0.031,96,0,16.062,3.611,9.780,9.420,8.580,-0.097,-0.090,0.986,-0.372,-3.592,-1.046,0.000,0.000,1.592,0.030,2,NULL,NULL,,1,0,1,7,255,,250,0,0
stim,18818,18818,0,410799.420,0.701,-0.145,0.023,0.698,0,0,0,0,0,10,148,171,20,0.031,96,0,15.747,3.610,9.420,9.540,8.260,-0.097,-0.087,0.976,-0.362,-3.592,-1.080,0.000,0.000,1.592,0.030,2,NULL,NULL,,1,0,1,7,255,,250,0,0
stim,18831,18831,0,410804.420,0.701,-0.146,0.023,0.697,0,0,0,0,0,14,144,181,20,0.031,96,0,16.557,3.556,10.640,9.780,8.080,-0.096,-0.089,0.974,-0.362,-3.538,-1.170,0.000,0.000,1.592,0.030,2,NULL,NULL,,1,0,1,7,255,,250,0,0
stim,18831,18831,0,410809.420,0.701,-0.146,0.024,0.697,0,0,0,0,0,10,143,183,20,0.031,96,0,18.080,3.558,12.340,9.840,8.820,-0.096,-0.089,0.979,-0.376,-3.538,-1.170,0.000,0.000,1.592,0.030,2,NULL,NULL,,1,0,1,7,255,,250,0,0
stim,18831,18831,0,410814.420,0.702,-0.146,0.025,0.697,0,0,0,0,0,10,137,182,20,0.031,96,0,18.851,3.579,12.760,10.020,9.600,-0.100,-0.089,0.991,-0.386,-3.558,-1.136,0.000,0.000,1.592,0.030,2,NULL,NULL,,1,0,1,7,255,,250,0,0
stim,18831,18831,0,410819.420,0.702,-0.146,0.025,0.697,0,0,0,0,0,9,137,185,20,0.031,96,0,18.075,3.579,11.680,10.020,9.480,-0.103,-0.083,0.996,-0.386,-3.558,-1.012,0.000,0.000,1.592,0.030,2,NULL,NULL,,1,0,1,7,255,,250,0,0
stim,18879,18879,0,410824.422,0.702,-0.146,0.026,0.697,0,0,0,0,0,9,136,199,20,0.031,96,0,17.022,3.561,10.380,10.260,8.760,-0.101,-0.076,0.993,-0.328,-3.546,-0.994,0.000,0.000,1.592,0.030,2,NULL,NULL,,1,0,1,7,255,,250,0,0
stim,18879,18879,0,410829.420,0.702,-0.146,0.026,0.696,0,0,0,0,0,9,126,183,20,0.031,96,0,16.615,3.557,9.840,10.440,8.380,-0.093,-0.073,0.984,-0.276,-3.546,-0.994,0.000,0.000,1.592,0.030,2,NULL,NULL,,1,0,1,7,255,,250,0,0
stim,18895,18895,0,410834.421,0.702,-0.147,0.027,0.696,0,0,0,0,0,19,121,176,20,0.031,96,0,17.247,3.573,10.520,10.440,8.820,-0.084,-0.071,0.978,-0.256,-3.564,-1.112,0.000,0.000,1.592,0.030,2,NULL,NULL,,1,0,1,7,255,,250,0,0
stim,18895,18895,0,410839.420,0.702,-0.147,0.028,0.696,0,0,0,0,0,7,125,180,20,0.031,96,0,18.793,3.619,11.800,10.580,10.100,-0.083,-0.071,0.979,-0.256,-3.610,-1.190,0.000,0.000,1.592,0.030,2,NULL,NULL,,1,0,1,7,255,,250,0,0
stim,18895,18895,0,410844.420,0.702,-0.147,0.028,0.696,0,0,0,0,0,10,133,179,20,0.031,96,0,20.782,3.619,13.500,10.440,11.860,-0.093,-0.067,0.991,-0.252,-3.610,-1.190,0.000,0.000,1.592,0.030,2,NULL,NULL,,1,0,1,7,255,,250,0,0
stim,18895,18895,0,410849.420,0.703,-0.148,0.029,0.695,0,0,0,0,0,11,123,181,20,0.031,96,0,21.262,3.579,13.680,10.520,12.420,-0.103,-0.060,1.008,-0.230,-3.572,-1.042,0.000,0.000,1.592,0.030,2,NULL,NULL,,1,0,1,7,255,,250,0,0
stim,18895,18895,0,410854.420,0.703,-0.148,0.030,0.695,0,0,0,0,0,11,122,185,20,0.031,96,0,19.342,3.548,11.920,10.640,10.900,-0.106,-0.056,1.016,-0.162,-3.544,-0.856,0.000,0.000,1.592,0.030,2,NULL,NULL,,1,0,1,7,255,,250,0,0
stim,18895,18895,0,410859.420,0.703,-0.148,0.030,0.695,0,0,0,0,0,12,120,181,20,0.031,96,0,17.439,3.546,9.540,10.820,9.800,-0.099,-0.055,1.013,-0.130,-3.544,-0.826,0.000,0.000,1.592,0.030,2,NULL,NULL,,1,0,1,7,255,,250,0,0
stim,18895,18895,0,410864.420,0.703,-0.148,0.031,0.695,0,0,0,0,0,11,121,181,20,0.031,96,0,16.633,3.594,7.880,10.940,9.740,-0.089,-0.054,1.001,-0.130,-3.592,-0.826,0.000,0.000,1.592,0.030,2,NULL,NULL,,1,0,1,7,255,,250,0,0
stim,18911,18911,0,410869.422,0.703,-0.148,0.031,0.694,0,0,0,0,0,12,111,181,20,0.031,96,0,17.131,3.618,7.700,10.940,10.700,-0.083,-0.058,0.990,-0.130,-3.616,-0.970,0.000,0.000,1.592,0.030,2,NULL,NULL,,1,0,1,7,255,,250,0,0
stim,18911,18911,0,410874.420,0.704,-0.149,0.032,0.694,0,0,0,0,0,9,111,183,20,0.031,96,0,18.535,3.621,8.920,10.820,12.120,-0.084,-0.061,0.988,-0.182,-3.616,-1.094,0.000,0.000,1.592,0.030,2,NULL,NULL,,1,0,1,7,255,,250,0,0
stim,18911,18911,0,410879.420,0.704,-0.149,0.032,0.694,0,0,0,0,0,9,107,197,20,0.031,96,0,19.449,3.613,9.600,10.940,12.900,-0.085,-0.053,0.994,-0.182,-3.608,-1.094,0.000,0.000,1.592,0.030,2,NULL,NULL,,1,0,1,7,255,,250,0,0
stim,18911,18911,0,410884.420,0.704,-0.149,0.033,0.693,0,0,0,0,0,11,109,183,20,0.031,96,0,19.092,3.607,9.160,11.240,12.420,-0.087,-0.046,1.000,-0.146,-3.604,-1.048,0.000,0.000,1.592,0.030,2,NULL,NULL,,1,0,1,7,255,,250,0,0
stim,18911,18911,0,410889.422,0.704,-0.149,0.033,0.693,0,0,0,0,0,9,109,188,20,0.031,96,0,18.860,3.609,8.500,11.300,12.480,-0.085,-0.045,1.000,-0.088,-3.608,-0.984,0.000,0.000,1.592,0.030,2,NULL,NULL,,1,0,1,7,255,,250,0,0
stim,18911,18911,0,410894.420,0.705,-0.150,0.034,0.693,0,0,0,0,0,9,109,192,20,0.031,96,0,18.599,3.617,7.640,11.480,12.480,-0.081,-0.046,1.000,-0.088,-3.616,-0.984,0.000,0.000,1.592,0.030,2,NULL,NULL,,1,0,1,7,255,,250,0,0
stim,18911,18911,0,410899.420,0.705,-0.150,0.034,0.692,0,0,0,0,0,9,107,185,20,0.031,96,0,19.096,3.635,7.220,11.600,13.340,-0.081,-0.052,0.996,-0.096,-3.634,-1.008,0.000,0.000,1.592,0.030,2,NULL,NULL,,1,0,1,7,255,,250,0,0
stim,18927,18927,0,410904.420,0.705,-0.150,0.035,0.692,0,0,0,0,0,11,107,191,20,0.031,96,0,19.919,3.636,7.100,11.740,14.440,-0.081,-0.047,0.996,-0.128,-3.634,-1.040,0.000,0.000,1.592,0.030,2,NULL,NULL,,1,0,1,7,255,,250,0,0
stim,18927,18927,0,410909.420,0.706,-0.150,0.035,0.692,0,0,0,0,0,9,108,199,20,0.031,96,0,19.808,3.624,6.660,11.980,14.300,-0.081,-0.041,0.994,-0.128,-3.622,-1.042,0.000,0.000,1.592,0.030,2,NULL,NULL,,1,0,1,7,255,,250,0,0
stim,18943,18943,0,410914.420,0.706,-0.151,0.036,0.691,0,0,0,0,0,12,113,197,20,0.031,96,0,19.889,3.609,6.480,12.280,14.240,-0.081,-0.042,0.994,-0.094,-3.608,-1.054,0.000,0.000,1.592,0.030,2,NULL,NULL,,1,0,1,7,255,,250,0,0
stim,18975,18975,0,410919.421,0.706,-0.151,0.036,0.691,0,0,0,0,0,8,103,197,20,0.031,96,0,20.714,3.609,6.720,12.340,15.220,-0.081,-0.046,0.996,-0.094,-3.608,-1.054,0.000,0.000,1.592,0.030,2,NULL,NULL,,1,0,1,7,255,,250,0,0
stim,18975,18975,0,410924.422,0.707,-0.151,0.037,0.690,0,0,0,0,0,13,105,199,20,0.031,96,0,21.405,3.610,6.660,12.460,16.080,-0.086,-0.048,1.002,-0.132,-3.608,-1.032,0.000,0.000,1.592,0.030,2,NULL,NULL,,1,0,1,7,255,,250,0,0
stim,18975,18975,0,410929.420,0.707,-0.151,0.037,0.690,0,0,0,0,0,10,103,188,20,0.031,96,0,21.196,3.589,5.560,12.640,16.080,-0.090,-0.049,1.005,-0.158,-3.586,-0.956,0.000,0.000,1.592,0.030,2,NULL,NULL,,1,0,1,7,255,,250,0,0
stim,18975,18975,0,410934.421,0.707,-0.152,0.037,0.689,0,0,0,0,0,9,103,189,20,0.031,96,0,20.249,3.566,3.980,12.960,15.040,-0.090,-0.042,1.004,-0.158,-3.562,-0.922,0.000,0.000,1.592,0.030,2,NULL,NULL,,1,0,1,7,255,,250,0,0
stim,18975,18975,0,410939.420,0.708,-0.152,0.037,0.689,0,0,0,0,0,9,104,187,20,0.031,96,0,19.557,3.566,2.700,13.260,14.120,-0.080,-0.049,0.995,-0.174,-3.562,-0.922,0.000,0.000,1.592,0.030,2,NULL,NULL,,1,0,1,7,255,,250,0,0
stim,18993,18993,0,410944.420,0.708,-0.152,0.038,0.689,0,0,0,0,0,7,101,197,20,0.031,96,0,20.247,3.605,2.880,13.380,14.920,-0.079,-0.060,0.988,-0.186,-3.600,-1.040,0.000,0.000,1.592,0.030,2,NULL,NULL,,1,0,1,7,255,,250,0,0
stim,18993,18993,0,410949.420,0.709,-0.152,0.038,0.688,0,0,0,0,0,16,106,199,20,0.031,96,0,21.565,3.611,2.820,13.740,16.380,-0.077,-0.059,0.985,-0.286,-3.600,-1.100,0.000,0.000,1.592,0.030,2,NULL,NULL,,1,0,1,7,255,,250,0,0
stim,18993,18993,0,410954.420,0.709,-0.152,0.038,0.688,0,0,0,0,0,16,103,200,20,0.031,96,0,21.399,3.608,2.760,14.120,15.840,-0.085,-0.061,0.982,-0.292,-3.596,-1.130,0.000,0.000,1.592,0.030,2,NULL,NULL,,1,0,1,7,255,,250,0,0
stim,18993,18993,0,410959.420,0.709,-0.153,0.038,0.687,0,0,0,0,0,9,103,198,20,0.031,96,0,21.524,3.531,3.180,14.420,15.660,-0.088,-0.065,0.984,-0.320,-3.516,-1.130,0.000,0.000,1.592,0.030,2,NULL,NULL,,1,0,1,7,255,,250,0,0
stim,18993,18993,0,410964.422,0.710,-0.153,0.038,0.687,0,0,0,0,0,9,102,201,20,0.031,96,0,21.711,3.519,3.500,14.960,15.340,-0.094,-0.070,0.992,-0.366,-3.500,-1.092,0.000,0.000,1.592,0.030,2,NULL,NULL,,1,0,1,7,255,,250,0,0
stim,18993,18993,0,410969.421,0.710,-0.153,0.039,0.686,0,0,0,0,0,11,103,211,20,0.031,96,0,21.089,3.524,2.580,15.340,14.240,-0.094,-0.075,0.995,-0.410,-3.500,-1.000,0.000,0.000,1.592,0.030,2,NULL,NULL,,1,0,1,7,255,,250,0,0
stim,19010,19010,0,410974.422,0.710,-0.153,0.039,0.686,0,0,0,0,0,9,101,201,20,0.031,96,0,20.844,3.522,1.300,15.760,13.580,-0.095,-0.083,0.992,-0.458,-3.492,-0.990,0.000,0.000,1.592,0.030,2,NULL,NULL,,1,0,1,7,255,,250,0,0
stim,19010,19010,0,410979.420,0.711,-0.153,0.039,0.685,0,0,0,0,0,8,105,204,20,0.031,96,0,20.509,3.541,0.260,16.180,12.600,-0.091,-0.083,0.986,-0.540,-3.500,-0.990,0.000,0.000,1.592,0.030,2,NULL,NULL,,1,0,1,7,255,,250,0,0
stim,19010,19010,0,410984.420,0.711,-0.153,0.039,0.685,0,0,0,0,0,11,101,205,20,0.031,96,0,20.670,3.534,0.500,16.560,12.360,-0.094,-0.093,0.978,-0.540,-3.492,-1.062,0.000,0.000,1.592,0.030,2,NULL,NULL,,1,0,1,7,255,,250,0,0
stim,19010,19010,0,410989.420,0.711,-0.153,0.039,0.685,0,0,0,0,0,11,108,207,20,0.031,96,0,20.868,3.507,1.180,16.860,12.240,-0.099,-0.095,0.981,-0.642,-3.448,-1.068,0.000,0.000,1.592,0.030,2,NULL,NULL,,1,0,1,7,255,,250,0,0
stim,19010,19010,0,410994.420,0.712,-0.154,0.039,0.684,0,0,0,0,0,9,101,203,20,0.031,96,0,20.783,3.485,1.780,17.220,11.500,-0.106,-0.100,0.985,-0.662,-3.422,-1.068,0.000,0.000,1.592,0.030,2,NULL,NULL,,1,0,1,7,255,,250,0,0
stim,19010,19010,0,410999.420,0.712,-0.154,0.039,0.684,0,0,0,0,0,15,109,211,20,0.031,96,0,20.297,3.454,1.300,17.660,9.920,-0.107,-0.098,0.988,-0.692,-3.384,-1.004,0.000,0.000,1.592,0.030,2,NULL,NULL,,1,0,1,7,255,,250,0,0
stim,19036,19036,0,411004.420,0.712,-0.154,0.038,0.684,0,0,0,0,0,11,101,206,20,0.031,96,0,19.848,3.459,0.380,17.960,8.440,-0.105,-0.102,0.986,-0.718,-3.384,-1.000,0.000,0.000,1.592,0.030,2,NULL,NULL,,1,0,1,7,255,,250,0,0
stim,19036,19036,0,411009.420,0.713,-0.154,0.038,0.684,0,0,0,0,0,10,101,209,20,0.031,96,0,19.896,3.459,0.740,18.140,8.140,-0.109,-0.105,0.985,-0.726,-3.382,-0.992,0.000,0.000,1.592,0.030,2,NULL,NULL,,1,0,1,7,255,,250,0,0
stim,19037,19037,0,411014.420,0.713,-0.154,0.038,0.683,0,0,0,0,0,9,101,203,20,0.031,96,0,19.904,3.456,0.980,18.320,7.720,-0.113,-0.106,0.987,-0.766,-3.370,-0.992,0.000,0.000,1.592,0.030,2,NULL,NULL,,1,0,1,7,255,,250,0,0
stim,19037,19037,0,411019.422,0.713,-0.154,0.038,0.683,0,0,0,0,0,9,102,211,20,0.031,96,0,19.663,3.429,0.860,18.620,6.260,-0.116,-0.103,0.986,-0.766,-3.342,-0.958,0.000,0.000,1.592,0.030,2,NULL,NULL,,1,0,1,7,255,,250,0,0
stim,19071,19071,0,411024.420,0.713,-0.154,0.038,0.683,0,0,0,0,0,10,103,205,20,0.031,96,0,19.362,3.426,0.800,18.820,4.480,-0.114,-0.106,0.987,-0.772,-3.338,-0.952,0.000,0.000,1.592,0.030,2,NULL,NULL,,1,0,1,7,255,,250,0,0
stim,19071,19071,0,411029.422,0.713,-0.154,0.038,0.683,0,0,0,0,0,8,109,209,20,0.031,96,0,19.287,3.423,0.980,18.880,3.820,-0.111,-0.105,0.988,-0.756,-3.338,-0.952,0.000,0.000,1.592,0.030,2,NULL,NULL,,1,0,1,7,255,,250,0,0
stim,19071,19071,0,411034.421,0.713,-0.154,0.038,0.683,0,0,0,0,0,8,101,203,20,0.031,96,0,19.367,3.436,1.180,19.000,3.560,-0.114,-0.104,0.990,-0.756,-3.352,-0.950,0.000,0.000,1.592,0.030,2,NULL,NULL,,1,0,1,7,255,,250,0,0
stim,19071,19071,0,411039.421,0.713,-0.154,0.038,0.683,0,0,0,0,0,9,107,208,20,0.031,96,0,19.256,3.433,1.180,19.000,2.900,-0.117,-0.101,0.991,-0.740,-3.352,-0.932,0.000,0.000,1.592,0.030,2,NULL,NULL,,1,0,1,7,255,,250,0,0
stim,19087,19087,0,411044.420,0.713,-0.154,0.037,0.683,0,0,0,0,0,10,107,213,20,0.031,96,0,19.292,3.401,1.300,19.180,1.620,-0.120,-0.099,0.992,-0.712,-3.326,-0.910,0.000,0.000,1.592,0.030,2,NULL,NULL,,1,0,1,7,255,,250,0,0
stim,19087,19087,0,411049.420,0.713,-0.154,0.037,0.683,0,0,0,0,0,8,107,199,20,0.031,96,0,19.272,3.393,1.060,19.240,0.340,-0.117,-0.097,0.990,-0.692,-3.322,-0.910,0.000,0.000,1.592,0.030,2,NULL,NULL,,1,0,1,7,255,,250,0,0
stim,19103,19103,0,411054.420,0.713,-0.154,0.037,0.683,0,0,0,0,0,10,106,205,20,0.031,96,0,19.279,3.388,1.180,19.240,-0.340,-0.113,-0.095,0.991,-0.666,-3.322,-0.918,0.000,0.000,1.592,0.030,2,NULL,NULL,,1,0,1,7,255,,250,0,0
stim,19103,19103,0,411059.420,0.713,-0.154,0.037,0.683,0,0,0,0,0,7,107,202,20,0.031,96,0,19.243,3.421,1.420,19.180,-0.640,-0.111,-0.091,0.992,-0.644,-3.360,-0.926,0.000,0.000,1.592,0.030,2,NULL,NULL,,1,0,1,7,255,,250,0,0
stim,19103,19103,0,411064.420,0.713,-0.154,0.037,0.683,0,0,0,0,0,8,107,203,20,0.031,96,0,19.272,3.431,1.660,19.180,-0.880,-0.112,-0.087,0.995,-0.598,-3.378,-0.926,0.000,0.000,1.592,0.030,2,NULL,NULL,,1,0,1,7,255,,250,0,0
stim,19119,19119,0,411069.421,0.713,-0.154,0.037,0.683,0,0,0,0,0,11,107,197,20,0.031,96,0,19.320,3.424,1.660,19.180,-1.620,-0.114,-0.084,0.998,-0.562,-3.378,-0.902,0.000,0.000,1.592,0.030,2,NULL,NULL,,1,0,1,7,255,,250,0,0
stim,19119,19119,0,411074.421,0.713,-0.154,0.037,0.683,0,0,0,0,0,9,109,196,20,0.031,96,0,19.334,3.420,1.540,19.120,-2.420,-0.113,-0.082,0.999,-0.532,-3.378,-0.870,0.000,0.000,1.592,0.030,2,NULL,NULL,,1,0,1,7,255,,250,0,0
stim,19119,19119,0,411079.420,0.713,-0.154,0.036,0.683,0,0,0,0,0,9,110,197,20,0.031,96,0,19.332,3.425,1.300,19.060,-2.960,-0.108,-0.077,0.998,-0.504,-3.388,-0.870,0.000,0.000,1.592,0.030,2,NULL,NULL,,1,0,1,7,255,,250,0,0
stim,19119,19119,0,411084.420,0.713,-0.154,0.036,0.683,0,0,0,0,0,9,108,189,20,0.031,96,0,19.304,3.446,1.180,19.000,-3.200,-0.106,-0.076,0.997,-0.452,-3.416,-0.898,0.000,0.000,1.592,0.030,2,NULL,NULL,,1,0,1,7,255,,250,0,0
stim,19119,19119,0,411089.420,0.713,-0.154,0.036,0.683,0,0,0,0,0,9,110,189,20,0.031,96,0,19.283,3.460,0.980,19.000,-3.140,-0.105,-0.072,0.997,-0.440,-3.432,-0.910,0.000,0.000,1.592,0.030,2,NULL,NULL,,1,0,1,7,255,,250,0,0
stim,19119,19119,0,411094.422,0.713,-0.154,0.036,0.683,0,0,0,0,0,10,109,188,20,0.031,96,0,19.238,3.461,1.060,18.940,-3.200,-0.105,-0.070,0.998,-0.398,-3.438,-0.914,0.000,0.000,1.592,0.030,2,NULL,NULL,,1,0,1,7,255,,250,0,0
stim,19119,19119,0,411099.420,0.713,-0.154,0.036,0.683,0,0,0,0,0,9,109,187,20,0.031,96,0,19.242,3.461,1.180,18.880,-3.520,-0.105,-0.069,1.000,-0.378,-3.440,-0.914,0.000,0.000,1.592,0.030,2,NULL,NULL,,1,0,1,7,255,,250,0,0
stim,19135,19135,0,411104.420,0.713,-0.154,0.036,0.684,0,0,0,0,0,11,123,187,20,0.031,96,0,19.282,3.465,0.860,18.880,-3.820,-0.104,-0.068,1.000,-0.362,-3.446,-0.896,0.000,0.000,1.592,0.030,2,NULL,NULL,,1,0,1,7,255,,250,0,0
stim,19135,19135,0,411109.420,0.712,-0.154,0.036,0.684,0,0,0,0,0,9,111,189,20,0.031,96,0,19.208,3.474,0.380,18.820,-3.820,-0.103,-0.067,1.000,-0.350,-3.456,-0.896,0.000,0.000,1.592,0.030,2,NULL,NULL,,1,0,1,7,255,,250,0,0
stim,19135,19135,0,411114.421,0.712,-0.153,0.036,0.684,0,0,0,0,0,17,125,187,20,0.031,96,0,19.067,3.484,-0.040,18.680,-3.820,-0.102,-0.066,0.999,-0.336,-3.468,-0.904,0.000,0.000,1.592,0.030,2,NULL,NULL,,1,0,1,7,255,,250,0,0
stim,19183,19183,0,411119.420,0.712,-0.153,0.036,0.684,0,0,0,0,0,10,115,184,20,0.031,96,0,19.081,3.484,-0.300,18.680,-3.880,-0.103,-0.066,0.999,-0.330,-3.468,-0.912,0.000,0.000,1.592,0.030,2,NULL,NULL,,1,0,1,7,255,,250,0,0
stim,19183,19183,0,411124.421,0.712,-0.153,0.036,0.684,0,0,0,0,0,9,117,182,20,0.031,96,0,19.096,3.487,-0.420,18.680,-3.940,-0.102,-0.066,0.998,-0.326,-3.472,-0.916,0.000,0.000,1.592,0.030,2,NULL,NULL,,1,0,1,7,255,,250,0,0
stim,19183,19183,0,411129.420,0.712,-0.153,0.035,0.684,0,0,0,0,0,10,116,181,20,0.031,96,0,19.117,3.487,-0.720,18.680,-4.000,-0.101,-0.067,0.998,-0.326,-3.472,-0.930,0.000,0.000,1.592,0.030,2,NULL,NULL,,1,0,1,7,255,,250,0,0
stim,19183,19183,0,411134.422,0.712,-0.153,0.035,0.684,0,0,0,0,0,9,119,183,20,0.031,96,0,19.143,3.495,-1.020,18.680,-4.060,-0.101,-0.069,0.997,-0.328,-3.480,-0.932,0.000,0.000,1.592,0.030,2,NULL,NULL,,1,0,1,7,255,,250,0,0
stim,19183,19183,0,411139.420,0.712,-0.153,0.035,0.684,0,0,0,0,0,11,119,187,20,0.031,96,0,19.196,3.497,-1.400,18.760,-3.820,-0.100,-0.070,0.994,-0.344,-3.480,-0.944,0.000,0.000,1.592,0.030,2,NULL,NULL,,1,0,1,7,255,,250,0,0
stim,19183,19183,0,411144.420,0.712,-0.153,0.035,0.685,0,0,0,0,0,12,120,180,20,0.031,96,0,19.210,3.494,-1.580,18.760,-3.820,-0.102,-0.070,0.993,-0.352,-3.476,-0.968,0.000,0.000,1.592,0.030,2,NULL,NULL,,1,0,1,7,255,,250,0,0
stim,19183,19183,0,411149.420,0.712,-0.153,0.035,0.685,0,0,0,0,0,12,119,183,20,0.031,96,0,19.300,3.472,-1.520,18.820,-4.000,-0.103,-0.071,0.993,-0.356,-3.454,-0.968,0.000,0.000,1.592,0.030,2,NULL,NULL,,1,0,1,7,255,,250,0,0
stim,19183,19183,0,411154.420,0.712,-0.152,0.035,0.685,0,0,0,0,0,5,117,181,20,0.031,96,0,19.338,3.473,-1.520,18.820,-4.180,-0.102,-0.073,0.994,-0.362,-3.454,-0.964,0.000,0.000,1.592,0.030,2,NULL,NULL,,1,0,1,7,255,,250,0,0
stim,19183,19183,0,411159.420,0.712,-0.152,0.034,0.685,0,0,0,0,0,9,117,179,20,0.031,96,0,19.428,3.482,-1.880,18.880,-4.180,-0.099,-0.076,0.995,-0.376,-3.462,-0.962,0.000,0.000,1.592,0.030,2,NULL,NULL,,1,0,1,7,255,,250,0,0
stim,19199,19199,0,411164.420,0.712,-0.152,0.034,0.685,0,0,0,0,0,11,123,185,20,0.031,96,0,19.415,3.508,-2.120,18.880,-4.000,-0.099,-0.076,0.992,-0.394,-3.486,-0.962,0.000,0.000,1.592,0.030,2,NULL,NULL,,1,0,1,7,255,,250,0,0
stim,19199,19199,0,411169.422,0.712,-0.152,0.034,0.685,0,0,0,0,0,9,119,179,20,0.031,96,0,19.421,3.508,-2.180,18.940,-3.700,-0.100,-0.078,0.989,-0.396,-3.486,-0.988,0.000,0.000,1.592,0.030,2,NULL,NULL,,1,0,1,7,255,,250,0,0
stim,19199,19199,0,411174.421,0.711,-0.152,0.034,0.685,0,0,0,0,0,11,121,171,20,0.031,96,0,19.379,3.492,-2.000,18.940,-3.580,-0.102,-0.078,0.987,-0.410,-3.468,-1.008,0.000,0.000,1.592,0.030,2,NULL,NULL,,1,0,1,7,255,,250,0,0
stim,19199,19199,0,411179.420,0.711,-0.152,0.034,0.685,0,0,0,0,0,9,121,179,20,0.031,96,0,19.395,3.470,-1.820,18.940,-3.760,-0.103,-0.078,0.988,-0.410,-3.446,-1.008,0.000,0.000,1.592,0.030,2,NULL,NULL,,1,0,1,7,255,,250,0,0
stim,19215,19215,0,411184.422,0.711,-0.152,0.034,0.686,0,0,0,0,0,9,122,173,20,0.031,96,0,19.542,3.471,-1.760,19.060,-3.940,-0.100,-0.080,0.989,-0.414,-3.446,-1.012,0.000,0.000,1.592,0.030,2,NULL,NULL,,1,0,1,7,255,,250,0,0
stim,19215,19215,0,411189.420,0.711,-0.151,0.033,0.686,0,0,0,0,0,7,122,171,20,0.031,96,0,19.554,3.493,-1.880,19.060,-3.940,-0.100,-0.081,0.989,-0.418,-3.468,-1.012,0.000,0.000,1.592,0.030,2,NULL,NULL,,1,0,1,7,255,,250,0,0
stim,19215,19215,0,411194.422,0.711,-0.151,0.033,0.686,0,0,0,0,0,8,120,173,20,0.031,96,0,19.561,3.493,-2.060,19.120,-3.580,-0.100,-0.081,0.988,-0.420,-3.468,-1.014,0.000,0.000,1.592,0.030,2,NULL,NULL,,1,0,1,7,255,,250,0,0
stim,19215,19215,0,411199.420,0.711,-0.151,0.033,0.686,0,0,0,0,0,6,128,179,20,0.031,96,0,19.511,3.494,-1.880,19.120,-3.400,-0.102,-0.082,0.988,-0.426,-3.468,-1.014,0.000,0.000,1.592,0.030,2,NULL,NULL,,1,0,1,7,255,,250,0,0
stim,19231,19231,0,411204.420,0.711,-0.151,0.033,0.686,0,0,0,0,0,9,123,169,20,0.031,96,0,19.505,3.484,-1.820,19.120,-3.400,-0.103,-0.082,0.988,-0.426,-3.458,-1.012,0.000,0.000,1.592,0.030,2,NULL,NULL,,1,0,1,7,255,,250,0,0
stim,19231,19231,0,411209.420,0.711,-0.151,0.033,0.686,0,0,0,0,0,10,131,167,20,0.031,96,0,19.574,3.478,-1.700,19.180,-3.520,-0.103,-0.083,0.988,-0.428,-3.452,-1.010,0.000,0.000,1.592,0.030,2,NULL,NULL,,1,0,1,7,255,,250,0,0
stim,19247,19247,0,411214.420,0.711,-0.151,0.032,0.686,0,0,0,0,0,10,132,181,20,0.031,96,0,19.564,3.474,-1.580,19.180,-3.520,-0.104,-0.084,0.988,-0.428,-3.448,-1.006,0.000,0.000,1.592,0.030,2,NULL,NULL,,1,0,1,7,255,,250,0,0
stim,19280,19280,0,411219.422,0.711,-0.151,0.032,0.686,0,0,0,0,0,8,126,167,20,0.031,96,0,19.602,3.479,-1.580,19.240,-3.400,-0.103,-0.083,0.989,-0.430,-3.452,-1.000,0.000,0.000,1.592,0.030,2,NULL,NULL,,1,0,1,7,255,,250,0,0
stim,19280,19280,0,411224.421,0.711,-0.150,0.032,0.686,0,0,0,0,0,8,131,172,20,0.031,96,0,19.509,3.469,-1.580,19.180,-3.200,-0.104,-0.083,0.988,-0.430,-3.442,-1.000,0.000,0.000,1.592,0.030,2,NULL,NULL,,1,0,1,7,255,,250,0,0
stim,19280,19280,0,411229.420,0.711,-0.150,0.032,0.686,0,0,0,0,0,9,128,169,20,0.031,96,0,19.499,3.474,-1.580,19.180,-3.140,-0.104,-0.084,0.988,-0.428,-3.448,-1.004,0.000,0.000,1.592,0.030,2,NULL,NULL,,1,0,1,7,255,,250,0,0
stim,19280,19280,0,411234.422,0.711,-0.150,0.032,0.687,0,0,0,0,0,9,133,168,20,0.031,96,0,19.504,3.465,-1.520,19.180,-3.200,-0.104,-0.084,0.986,-0.428,-3.438,-1.004,0.000,0.000,1.592,0.030,2,NULL,NULL,,1,0,1,7,255,,250,0,0
stim,19280,19280,0,411239.420,0.711,-0.150,0.032,0.687,0,0,0,0,0,7,134,169,20,0.031,96,0,19.490,3.465,-1.320,19.180,-3.200,-0.104,-0.085,0.987,-0.432,-3.438,-1.012,0.000,0.000,1.592,0.030,2,NULL,NULL,,1,0,1,7,255,,250,0,0
stim,19280,19280,0,411244.420,0.711,-0.150,0.031,0.687,0,0,0,0,0,17,141,169,20,0.031,96,0,19.459,3.463,-1.140,19.180,-3.080,-0.105,-0.085,0.989,-0.432,-3.436,-1.012,0.000,0.000,1.592,0.030,2,NULL,NULL,,1,0,1,7,255,,250,0,0
stim,19280,19280,0,411249.420,0.711,-0.150,0.031,0.687,0,0,0,0,0,10,137,168,20,0.031,96,0,19.366,3.463,-1.020,19.120,-2.900,-0.104,-0.086,0.989,-0.434,-3.436,-0.992,0.000,0.000,1.592,0.030,2,NULL,NULL,,1,0,1,7,255,,250,0,0
stim,19297,19297,0,411254.420,0.710,-0.150,0.031,0.687,0,0,0,0,0,7,137,168,20,0.031,96,0,19.283,3.478,-1.080,19.060,-2.720,-0.104,-0.089,0.989,-0.440,-3.450,-0.992,0.000,0.000,1.592,0.030,2,NULL,NULL,,1,0,1,7,255,,250,0,0
stim,19297,19297,0,411259.420,0.710,-0.150,0.031,0.687,0,0,0,0,0,20,137,167,20,0.031,96,0,19.264,3.480,-1.020,19.060,-2.600,-0.105,-0.089,0.988,-0.458,-3.450,-0.994,0.000,0.000,1.592,0.030,2,NULL,NULL,,1,0,1,7,255,,250,0,0
stim,19297,19297,0,411264.421,0.710,-0.149,0.031,0.687,0,0,0,0,0,8,136,166,20,0.031,96,0,19.112,3.474,-0.840,18.940,-2.420,-0.107,-0.087,0.989,-0.458,-3.444,-0.994,0.000,0.000,1.592,0.030,2,NULL,NULL,,1,0,1,7,255,,250,0,0
stim,19299,19299,0,411269.422,0.710,-0.149,0.031,0.687,0,0,0,0,0,8,139,163,20,0.031,96,0,19.044,3.456,-0.600,18.880,-2.420,-0.108,-0.086,0.989,-0.436,-3.428,-0.986,0.000,0.000,1.592,0.030,2,NULL,NULL,,1,0,1,7,255,,250,0,0
stim,19299,19299,0,411274.421,0.710,-0.149,0.031,0.687,0,0,0,0,0,7,137,165,20,0.031,96,0,18.905,3.456,-0.420,18.760,-2.300,-0.107,-0.088,0.989,-0.436,-3.428,-0.982,0.000,0.000,1.592,0.030,2,NULL,NULL,,1,0,1,7,255,,250,0,0
stim,19299,19299,0,411279.420,0.710,-0.149,0.030,0.687,0,0,0,0,0,8,140,169,20,0.031,96,0,18.797,3.457,-0.480,18.680,-2.040,-0.108,-0.089,0.990,-0.446,-3.428,-0.978,0.000,0.000,1.592,0.030,2,NULL,NULL,,1,0,1,7,255,,250,0,0
stim,19311,19311,0,411284.420,0.710,-0.149,0.030,0.687,0,0,0,0,0,10,141,170,20,0.031,96,0,18.665,3.458,-0.480,18.560,-1.920,-0.109,-0.089,0.989,-0.452,-3.428,-0.972,0.000,0.000,1.592,0.030,2,NULL,NULL,,1,0,1,7,255,,250,0,0
stim,19311,19311,0,411289.422,0.710,-0.149,0.030,0.687,0,0,0,0,0,8,142,164,20,0.031,96,0,18.530,3.448,-0.300,18.440,-1.800,-0.110,-0.088,0.989,-0.452,-3.418,-0.972,0.000,0.000,1.592,0.030,2,NULL,NULL,,1,0,1,7,255,,250,0,0
stim,19311,19311,0,411294.420,0.710,-0.149,0.030,0.687,0,0,0,0,0,9,139,167,20,0.031,96,0,18.468,3.432,-0.040,18.380,-1.800,-0.111,-0.090,0.988,-0.452,-3.402,-0.972,0.000,0.000,1.592,0.030,2,NULL,NULL,,1,0,1,7,255,,250,0,0
stim,19311,19311,0,411299.420,0.710,-0.149,0.030,0.688,0,0,0,0,0,9,143,169,20,0.031,96,0,18.343,3.432,0.140,18.260,-1.740,-0.110,-0.090,0.990,-0.450,-3.402,-0.970,0.000,0.000,1.592,0.030,2,NULL,NULL,,1,0,1,7,255,,250,0,0
stim,19327,19327,0,411304.420,0.710,-0.149,0.030,0.688,0,0,0,0,0,9,143,168,20,0.031,96,0,18.150,3.442,0.320,18.080,-1.560,-0.108,-0.091,0.990,-0.454,-3.412,-0.968,0.000,0.000,1.592,0.030,2,NULL,NULL,,1,0,1,7,255,,250,0,0
stim,19327,19327,0,411309.420,0.710,-0.149,0.030,0.688,0,0,0,0,0,9,141,170,20,0.031,96,0,18.011,3.455,0.320,17.960,-1.320,-0.109,-0.092,0.990,-0.462,-3.424,-0.964,0.000,0.000,1.592,0.030,2,NULL,NULL,,1,0,1,7,255,,250,0,0
stim,19343,19343,0,411314.420,0.710,-0.149,0.030,0.688,0,0,0,0,0,9,140,160,20,0.031,96,0,17.882,3.455,0.440,17.840,-1.140,-0.112,-0.092,0.990,-0.464,-3.424,-0.962,0.000,0.000,1.592,0.030,2,NULL,NULL,,1,0,1,7,255,,250,0,0
stim,19375,19375,0,411319.420,0.710,-0.148,0.030,0.688,0,0,0,0,0,9,143,165,20,0.031,96,0,17.774,3.424,0.680,17.720,-1.200,-0.112,-0.091,0.988,-0.464,-3.392,-0.962,0.000,0.000,1.592,0.030,2,NULL,NULL,,1,0,1,7,255,,250,0,0
stim,19375,19375,0,411324.422,0.710,-0.148,0.030,0.688,0,0,0,0,0,8,147,164,20,0.031,96,0,17.673,3.423,0.920,17.600,-1.320,-0.111,-0.092,0.990,-0.460,-3.392,-0.952,0.000,0.000,1.592,0.030,2,NULL,NULL,,1,0,1,7,255,,250,0,0
stim,19375,19375,0,411329.420,0.710,-0.148,0.030,0.688,0,0,0,0,0,11,144,171,20,0.031,96,0,17.462,3.431,0.920,17.400,-1.140,-0.110,-0.093,0.990,-0.460,-3.400,-0.960,0.000,0.000,1.592,0.030,2,NULL,NULL,,1,0,1,7,255,,250,0,0
stim,19375,19375,0,411334.422,0.710,-0.148,0.030,0.688,0,0,0,0,0,11,155,166,20,0.031,96,0,17.337,3.433,1.180,17.280,-0.760,-0.111,-0.093,0.989,-0.474,-3.400,-0.958,0.000,0.000,1.592,0.030,2,NULL,NULL,,1,0,1,7,255,,250,0,0
stim,19375,19375,0,411339.420,0.710,-0.148,0.030,0.688,0,0,0,0,0,9,147,167,20,0.031,96,0,17.107,3.429,1.420,17.040,-0.520,-0.114,-0.091,0.988,-0.474,-3.396,-0.958,0.000,0.000,1.592,0.030,2,NULL,NULL,,1,0,1,7,255,,250,0,0
stim,19394,19394,0,411344.420,0.710,-0.148,0.030,0.688,0,0,0,0,0,9,147,160,20,0.031,96,0,17.079,3.409,1.720,16.980,-0.640,-0.114,-0.093,0.990,-0.474,-3.376,-0.958,0.000,0.000,1.592,0.030,2,NULL,NULL,,1,0,1,7,255,,250,0,0
stim,19394,19394,0,411349.420,0.710,-0.148,0.030,0.688,0,0,0,0,0,9,149,160,20,0.031,96,0,16.968,3.409,1.780,16.860,-0.700,-0.113,-0.094,0.991,-0.474,-3.376,-0.938,0.000,0.000,1.592,0.030,2,NULL,NULL,,1,0,1,7,255,,250,0,0
stim,19394,19394,0,411354.420,0.710,-0.148,0.030,0.688,0,0,0,0,0,7,149,160,20,0.031,96,0,16.730,3.421,1.840,16.620,-0.520,-0.111,-0.094,0.989,-0.476,-3.388,-0.938,0.000,0.000,1.592,0.030,2,NULL,NULL,,1,0,1,7,255,,250,0,0
stim,19394,19394,0,411359.420,0.710,-0.148,0.030,0.688,0,0,0,0,0,9,152,168,20,0.031,96,0,16.633,3.421,2.080,16.500,-0.280,-0.111,-0.094,0.988,-0.476,-3.388,-0.960,0.000,0.000,1.592,0.030,2,NULL,NULL,,1,0,1,7,255,,250,0,0
stim,19396,19396,0,411364.421,0.710,-0.148,0.030,0.688,0,0,0,0,0,9,149,167,20,0.031,96,0,16.459,3.423,2.280,16.300,-0.100,-0.111,-0.093,0.989,-0.476,-3.390,-0.962,0.000,0.000,1.592,0.030,2,NULL,NULL,,1,0,1,7,255,,250,0,0
stim,19407,19407,0,411369.423,0.710,-0.148,0.030,0.688,0,0,0,0,0,10,149,165,20,0.031,96,0,16.375,3.421,2.520,16.180,-0.040,-0.112,-0.093,0.988,-0.472,-3.388,-0.962,0.000,0.000,1.592,0.030,2,NULL,NULL,,1,0,1,7,255,,250,0,0
stim,19407,19407,0,411374.422,0.710,-0.148,0.030,0.688,0,0,0,0,0,9,150,165,20,0.031,96,0,16.266,3.414,2.580,16.060,0.020,-0.111,-0.093,0.988,-0.468,-3.382,-0.962,0.000,0.000,1.592,0.030,2,NULL,NULL,,1,0,1,7,255,,250,0,0
stim,19407,19407,0,411379.420,0.710,-0.147,0.030,0.688,0,0,0,0,0,9,151,169,20,0.031,96,0,16.168,3.414,2.700,15.940,0.200,-0.109,-0.093,0.988,-0.468,-3.382,-0.964,0.000,0.000,1.592,0.030,2,NULL,NULL,,1,0,1,7,255,,250,0,0
stim,19407,19407,0,411384.420,0.710,-0.147,0.030,0.688,0,0,0,0,0,12,149,165,20,0.031,96,0,16.133,3.414,2.820,15.880,0.400,-0.110,-0.092,0.987,-0.466,-3.382,-0.974,0.000,0.000,1.592,0.030,2,NULL,NULL,,1,0,1,7,255,,250,0,0
stim,19407,19407,0,411389.420,0.710,-0.147,0.030,0.688,0,0,0,0,0,9,154,168,20,0.031,96,0,16.051,3.418,3.000,15.760,0.520,-0.108,-0.092,0.986,-0.464,-3.386,-0.980,0.000,0.000,1.592,0.030,2,NULL,NULL,,1,0,1,7,255,,250,0,0
stim,19426,19426,0,411394.420,0.710,-0.147,0.031,0.688,0,0,0,0,0,8,149,166,20,0.031,96,0,16.056,3.416,3.300,15.700,0.640,-0.108,-0.093,0.985,-0.464,-3.384,-0.994,0.000,0.000,1.592,0.030,2,NULL,NULL,,1,0,1,7,255,,250,0,0
stim,19426,19426,0,411399.420,0.710,-0.147,0.031,0.688,0,0,0,0,0,9,149,160,20,0.031,96,0,16.116,3.418,3.560,15.700,0.760,-0.107,-0.093,0.986,-0.470,-3.386,-0.994,0.000,0.000,1.592,0.030,2,NULL,NULL,,1,0,1,7,255,,250,0,0
stim,19426,19426,0,411404.420,0.710,-0.147,0.031,0.688,0,0,0,0,0,7,155,171,20,0.031,96,0,16.072,3.416,3.860,15.580,0.820,-0.109,-0.092,0.986,-0.470,-3.384,-0.992,0.000,0.000,1.592,0.030,2,NULL,NULL,,1,0,1,7,255,,250,0,0
stim,19426,19426,0,411409.420,0.710,-0.147,0.031,0.688,0,0,0,0,0,13,152,169,20,0.031,96,0,16.086,3.411,3.920,15.580,0.820,-0.109,-0.093,0.987,-0.470,-3.378,-0.984,0.000,0.000,1.592,0.030,2,NULL,NULL,,1,0,1,7,255,,250,0,0
stim,19439,19439,0,411414.420,0.710,-0.147,0.031,0.688,0,0,0,0,0,9,151,167,20,0.031,96,0,16.159,3.405,3.980,15.640,0.820,-0.109,-0.092,0.987,-0.470,-3.372,-0.980,0.000,0.000,1.592,0.030,2,NULL,NULL,,1,0,1,7,255,,250,0,0
stim,19472,19472,0,411419.424,0.710,-0.147,0.031,0.688,0,0,0,0,0,9,151,168,20,0.031,96,0,16.131,3.405,4.100,15.580,0.820,-0.110,-0.092,0.989,-0.472,-3.372,-0.974,0.000,0.000,1.592,0.030,2,NULL,NULL,,1,0,1,7,255,,250,0,0
stim,19472,19472,0,411424.422,0.710,-0.147,0.031,0.688,0,0,0,0,0,9,149,167,20,0.031,96,0,16.050,3.405,4.220,15.460,0.880,-0.110,-0.091,0.988,-0.470,-3.372,-0.966,0.000,0.000,1.592,0.030,2,NULL,NULL,,1,0,1,7,255,,250,0,0
stim,19472,19472,0,411429.420,0.710,-0.147,0.032,0.688,0,0,0,0,0,8,151,167,20,0.031,96,0,16.115,3.395,4.460,15.460,0.880,-0.110,-0.090,0.988,-0.460,-3.364,-0.962,0.000,0.000,1.592,0.030,2,NULL,NULL,,1,0,1,7,255,,250,0,0
stim,19487,19487,0,411434.421,0.710,-0.147,0.032,0.688,0,0,0,0,0,17,147,173,20,0.031,96,0,16.039,3.395,4.600,15.340,0.880,-0.110,-0.089,0.991,-0.456,-3.364,-0.962,0.000,0.000,1.592,0.030,2,NULL,NULL,,1,0,1,7,255,,250,0,0
stim,19487,19487,0,411439.420,0.710,-0.147,0.032,0.688,0,0,0,0,0,10,152,169,20,0.031,96,0,15.982,3.391,4.600,15.280,0.880,-0.111,-0.088,0.992,-0.442,-3.362,-0.936,0.000,0.000,1.592,0.030,2,NULL,NULL,,1,0,1,7,255,,250,0,0
stim,19487,19487,0,411444.420,0.710,-0.147,0.032,0.688,0,0,0,0,0,8,157,170,20,0.031,96,0,15.905,3.396,4.520,15.220,0.940,-0.111,-0.087,0.994,-0.434,-3.368,-0.920,0.000,0.000,1.592,0.030,2,NULL,NULL,,1,0,1,7,255,,250,0,0
stim,19487,19487,0,411449.420,0.710,-0.147,0.032,0.688,0,0,0,0,0,9,153,171,20,0.031,96,0,15.757,3.387,4.460,15.080,1.000,-0.111,-0.085,0.995,-0.430,-3.360,-0.904,0.000,0.000,1.592,0.030,2,NULL,NULL,,1,0,1,7,255,,250,0,0
stim,19487,19487,0,411454.420,0.710,-0.147,0.032,0.688,0,0,0,0,0,9,150,171,20,0.031,96,0,15.639,3.393,4.460,14.960,0.940,-0.110,-0.084,0.994,-0.408,-3.368,-0.904,0.000,0.000,1.592,0.030,2,NULL,NULL,,1,0,1,7,255,,250,0,0
stim,19487,19487,0,411459.420,0.710,-0.147,0.033,0.688,0,0,0,0,0,10,149,174,20,0.031,96,0,15.572,3.384,4.400,14.900,1.060,-0.110,-0.083,0.993,-0.406,-3.360,-0.908,0.000,0.000,1.592,0.030,2,NULL,NULL,,1,0,1,7,255,,250,0,0
stim,19503,19503,0,411464.420,0.710,-0.147,0.033,0.688,0,0,0,0,0,9,143,171,20,0.031,96,0,15.485,3.388,4.280,14.840,1.120,-0.109,-0.083,0.993,-0.400,-3.364,-0.918,0.000,0.000,1.592,0.030,2,NULL,NULL,,1,0,1,7,255,,250,0,0
stim,19503,19503,0,411469.424,0.710,-0.147,0.033,0.688,0,0,0,0,0,9,147,171,20,0.031,96,0,15.380,3.387,4.280,14.720,1.240,-0.108,-0.083,0.993,-0.398,-3.364,-0.920,0.000,0.000,1.592,0.030,2,NULL,NULL,,1,0,1,7,255,,250,0,0
stim,19503,19503,0,411474.422,0.710,-0.147,0.033,0.688,0,0,0,0,0,12,147,171,20,0.031,96,0,15.294,3.387,4.160,14.660,1.300,-0.108,-0.084,0.993,-0.398,-3.364,-0.920,0.000,0.000,1.592,0.030,2,NULL,NULL,,1,0,1,7,255,,250,0,0
stim,19503,19503,0,411479.420,0.710,-0.147,0.033,0.688,0,0,0,0,0,8,149,171,20,0.031,96,0,15.284,3.389,4.160,14.660,1.180,-0.108,-0.085,0.992,-0.410,-3.364,-0.924,0.000,0.000,1.592,0.030,2,NULL,NULL,,1,0,1,7,255,,250,0,0
stim,19503,19503,0,411484.420,0.710,-0.147,0.034,0.688,0,0,0,0,0,9,147,173,20,0.031,96,0,15.257,3.388,4.040,14.660,1.240,-0.106,-0.084,0.990,-0.420,-3.362,-0.926,0.000,0.000,1.592,0.030,2,NULL,NULL,,1,0,1,7,255,,250,0,0
stim,19503,19503,0,411489.420,0.710,-0.147,0.034,0.688,0,0,0,0,0,8,143,172,20,0.031,96,0,15.315,3.384,4.040,14.720,1.240,-0.105,-0.086,0.987,-0.422,-3.358,-0.950,0.000,0.000,1.592,0.030,2,NULL,NULL,,1,0,1,7,255,,250,0,0
