condition_phase,condition_phase_elapsed_ms,condition_elapsed_ms,is_stimulation_on,t_ms,device_t_ms,L_q0,L_q1,L_q2,L_q3,L_heel1,L_mid1,L_fore1,L_heel2,L_fore3,L_mid2,L_fore4,L_fore2,L_cadence,L_speed,L_speedValid,L_speedInvalidReason,L_steps,L_zupt,L_gyroNorm,L_accH,L_gyro_x,L_gyro_y,L_gyro_z,L_acc_x,L_acc_y,L_acc_z,L_nav_ax,L_nav_ay,L_nav_az,L_prevStrideVelRaw,L_prevStrideVelZUPT,L_prevStrideDispRaw,L_prevStrideDispZUPT,L_gaitPhase,L_stepTimeMs,L_stepDeviationMs,L_baselineMs,L_motorMode,L_motorActive,L_motorAlignment,L_motorRegionMask,L_motorAmplitude,L_motorIntervalMs,L_motorDurationMs,L_motorPhaseMs,L_motorCycleMs
baseline,6,6,0,6,2012543.558,-0.792,-0.000,-0.001,0.610,0,0,0,0,0,0,0,0,0,0.000,0,RECOVERING,1269,0,0.108,0.012,-0.063,0.063,-0.063,-0.008,-0.027,1.000,-0.012,-0.004,0.004,0.000,0.000,0.000,0.000,0,NULL,NULL,1111.000,5,0,1,1,255,0,250,0,0
baseline,11,11,0,11,2012548.558,-0.792,-0.000,-0.001,0.610,0,0,0,0,0,0,0,0,0,0.000,0,RECOVERING,1269,0,0.088,0.012,-0.063,0.063,0.000,-0.008,-0.031,1.000,-0.012,-0.004,0.000,0.000,0.000,0.000,0.000,0,NULL,NULL,,5,0,1,1,255,0,250,0,0
baseline,16,16,0,16,2012553.558,-0.792,-0.000,-0.001,0.610,0,0,0,0,0,0,0,0,0,0.000,0,RECOVERING,1269,0,0.125,0.012,-0.125,0.000,0.000,-0.008,-0.031,1.000,0.012,-0.004,0.000,0.000,0.000,0.000,0.000,0,NULL,NULL,,5,0,1,1,255,0,250,0,0
baseline,21,21,0,21,2012558.558,-0.792,-0.000,-0.001,0.610,0,0,0,0,0,0,0,0,0,0.000,0,RECOVERING,1269,0,0.000,0.012,0.000,0.000,0.000,-0.012,-0.027,1.000,0.012,-0.004,0.000,0.000,0.000,0.000,0.000,0,NULL,NULL,,5,0,1,1,255,0,250,0,0
baseline,26,26,0,26,2012563.558,-0.792,-0.000,-0.001,0.610,0,0,0,0,0,0,0,0,0,0.000,0,RECOVERING,1269,0,0.140,0.012,-0.125,0.063,0.000,-0.008,-0.031,1.000,0.012,-0.004,0.008,0.000,0.000,0.000,0.000,0,NULL,NULL,,5,0,1,1,255,0,250,0,0
baseline,31,31,0,31,2012568.558,-0.792,-0.000,-0.001,0.610,0,0,0,0,0,0,0,0,0,0.000,0,RECOVERING,1269,0,0.088,0.012,-0.063,0.000,-0.063,-0.008,-0.027,1.000,-0.012,0.004,0.008,0.000,0.000,0.000,0.000,0,NULL,NULL,,5,0,1,1,255,0,250,0,0
baseline,36,36,0,36,2012573.558,-0.792,-0.000,-0.001,0.610,0,0,0,0,0,0,0,0,0,0.000,0,RECOVERING,1269,0,0.063,0.006,0.000,0.063,0.000,-0.008,-0.031,1.000,-0.004,0.004,0.008,0.000,0.000,0.000,0.000,0,NULL,NULL,,5,0,1,1,255,0,250,0,0
baseline,41,41,0,41,2012578.558,-0.792,-0.000,-0.001,0.610,0,0,0,0,0,0,0,0,0,0.000,0,RECOVERING,1269,0,0.125,0.006,-0.125,0.000,0.000,-0.008,-0.031,1.000,-0.004,0.004,0.004,0.000,0.000,0.000,0.000,0,NULL,NULL,,5,0,1,1,255,0,250,0,0
baseline,46,46,0,46,2012583.558,-0.792,-0.000,-0.001,0.610,0,0,0,0,0,0,0,0,0,0.000,0,RECOVERING,1269,0,0.063,0.004,-0.063,0.000,0.000,-0.008,-0.027,1.000,-0.004,0.000,-0.012,0.000,0.000,0.000,0.000,0,NULL,NULL,,5,0,1,1,255,0,250,0,0
baseline,51,51,0,51,2012588.558,-0.792,-0.000,-0.001,0.610,0,0,0,0,0,0,0,0,0,0.000,0,RECOVERING,1269,0,0.063,0.006,-0.063,0.000,0.000,-0.008,-0.031,1.000,-0.004,-0.004,-0.012,0.000,0.000,0.000,0.000,0,NULL,NULL,,5,0,1,1,255,0,250,0,0
baseline,56,56,0,56,2012593.558,-0.792,-0.000,-0.001,0.610,0,0,0,0,0,0,0,0,0,0.000,0,RECOVERING,1269,0,0.125,0.004,-0.125,0.000,0.000,-0.008,-0.031,1.000,-0.004,0.000,0.000,0.000,0.000,0.000,0.000,0,NULL,NULL,,5,0,1,1,255,0,250,0,0
baseline,61,61,0,61,2012598.558,-0.792,-0.000,-0.001,0.610,0,0,0,0,0,0,0,0,0,0.000,0,RECOVERING,1269,0,0.140,0.006,-0.125,0.000,-0.063,-0.008,-0.031,1.000,-0.004,-0.004,0.000,0.000,0.000,0.000,0.000,0,NULL,NULL,,5,0,1,1,255,0,250,0,0
baseline,66,66,0,66,2012603.558,-0.792,-0.000,-0.001,0.610,0,0,0,0,0,0,0,0,0,0.000,0,RECOVERING,1269,0,0.088,0.006,-0.063,0.000,-0.063,-0.008,-0.031,1.000,0.004,0.004,0.004,0.000,0.000,0.000,0.000,0,NULL,NULL,,5,0,1,1,255,0,250,0,0
baseline,71,71,0,71,2012608.558,-0.792,-0.000,-0.001,0.610,0,0,0,0,0,0,0,0,0,0.000,0,RECOVERING,1269,0,0.140,0.004,-0.125,0.000,0.063,-0.008,-0.031,1.000,0.004,0.000,-0.004,0.000,0.000,0.000,0.000,0,NULL,NULL,,5,0,1,1,255,0,250,0,0
baseline,76,76,0,76,2012613.558,-0.792,-0.000,-0.001,0.610,0,0,0,0,0,0,0,0,0,0.000,0,RECOVERING,1269,0,0.125,0.006,-0.125,0.000,0.000,-0.008,-0.031,1.000,0.004,0.004,0.000,0.000,0.000,0.000,0.000,0,NULL,NULL,,5,0,1,1,255,0,250,0,0
baseline,81,81,0,81,2012618.558,-0.792,-0.000,-0.001,0.610,0,0,0,0,0,0,0,0,0,0.000,0,RECOVERING,1269,0,0.088,0.004,-0.063,0.000,-0.063,-0.008,-0.031,1.000,-0.004,0.000,-0.008,0.000,0.000,0.000,0.000,0,NULL,NULL,,5,0,1,1,255,0,250,0,0
baseline,86,86,0,86,2012623.558,-0.792,-0.000,-0.001,0.610,0,0,0,0,0,0,0,0,0,0.000,0,RECOVERING,1269,0,0.063,0.009,-0.063,0.000,0.000,-0.012,-0.031,1.000,-0.008,-0.004,0.000,0.000,0.000,0.000,0.000,0,NULL,NULL,,5,0,1,1,255,0,250,0,0
baseline,91,91,0,91,2012628.558,-0.792,-0.000,-0.001,0.610,0,0,0,0,0,0,0,0,0,0.000,0,RECOVERING,1269,0,0.063,0.009,-0.063,0.000,0.000,-0.008,-0.031,1.000,-0.008,-0.004,-0.004,0.000,0.000,0.000,0.000,0,NULL,NULL,,5,0,1,1,255,0,250,0,0
baseline,96,96,0,96,2012633.558,-0.792,-0.000,-0.001,0.610,0,0,0,0,0,0,0,0,0,0.000,0,RECOVERING,1269,0,0.063,0.006,0.000,0.000,-0.063,-0.008,-0.031,1.000,-0.004,-0.004,0.004,0.000,0.000,0.000,0.000,0,NULL,NULL,,5,0,1,1,255,0,250,0,0
baseline,101,101,0,101,2012638.558,-0.792,-0.000,-0.001,0.610,0,0,0,0,0,0,0,0,0,0.000,0,RECOVERING,1269,0,0.088,0.006,-0.063,0.000,-0.063,-0.008,-0.031,1.000,0.004,-0.004,-0.004,0.000,0.000,0.000,0.000,0,NULL,NULL,,5,0,1,1,255,0,250,0,0
baseline,106,106,0,106,2012643.558,-0.792,-0.000,-0.001,0.610,0,0,0,0,0,0,0,0,0,0.000,0,RECOVERING,1269,0,0.108,0.006,-0.063,0.063,-0.063,-0.008,-0.031,1.000,-0.004,-0.004,-0.008,0.000,0.000,0.000,0.000,0,NULL,NULL,,5,0,1,1,255,0,250,0,0
baseline,111,111,0,111,2012648.558,-0.792,-0.000,-0.001,0.610,0,0,0,0,0,0,0,0,0,0.000,0,RECOVERING,1269,0,0.088,0.006,-0.063,0.000,-0.063,-0.008,-0.031,1.000,-0.004,-0.004,-0.008,0.000,0.000,0.000,0.000,0,NULL,NULL,,5,0,1,1,255,0,250,0,0
baseline,116,116,0,116,2012653.558,-0.792,-0.000,-0.001,0.610,0,0,0,0,0,0,0,0,0,0.000,0,RECOVERING,1269,0,0.088,0.006,-0.063,0.063,0.000,-0.008,-0.031,1.000,-0.004,-0.004,0.000,0.000,0.000,0.000,0.000,0,NULL,NULL,,5,0,1,1,255,0,250,0,0
baseline,121,121,0,121,2012658.558,-0.792,-0.000,-0.001,0.610,0,0,0,0,0,0,0,0,0,0.000,0,RECOVERING,1269,0,0.153,0.006,-0.125,0.063,-0.063,-0.012,-0.031,1.000,-0.004,-0.004,0.000,0.000,0.000,0.000,0.000,0,NULL,NULL,,5,0,1,1,255,0,250,0,0
baseline,126,126,0,126,2012663.558,-0.792,-0.000,-0.001,0.610,0,0,0,0,0,0,0,0,0,0.000,0,RECOVERING,1269,0,0.063,0.000,0.000,0.000,-0.063,-0.008,-0.031,1.000,0.000,0.000,0.000,0.000,0.000,0.000,0.000,0,NULL,NULL,,5,0,1,1,255,0,250,0,0
baseline,131,131,0,131,2012668.558,-0.792,-0.000,-0.001,0.610,0,0,0,0,0,0,0,0,0,0.000,0,RECOVERING,1269,0,0.000,0.000,0.000,0.000,0.000,-0.008,-0.031,1.000,0.000,0.000,0.004,0.000,0.000,0.000,0.000,0,NULL,NULL,,5,0,1,1,255,0,250,0,0
baseline,136,136,0,136,2012673.558,-0.792,-0.000,-0.001,0.610,0,0,0,0,0,0,0,0,0,0.000,0,RECOVERING,1269,0,0.088,0.000,-0.063,0.063,0.000,-0.012,-0.031,1.000,0.000,0.000,0.004,0.000,0.000,0.000,0.000,0,NULL,NULL,,5,0,1,1,255,0,250,0,0
baseline,141,141,0,141,2012678.558,-0.792,-0.000,-0.001,0.610,0,0,0,0,0,0,0,0,0,0.000,0,RECOVERING,1269,0,0.125,0.004,-0.125,0.000,0.000,-0.008,-0.031,1.000,0.000,-0.004,0.004,0.000,0.000,0.000,0.000,0,NULL,NULL,,5,0,1,1,255,0,250,0,0
baseline,146,146,0,146,2012683.558,-0.792,-0.000,-0.001,0.610,0,0,0,0,0,0,0,0,0,0.000,0,RECOVERING,1269,0,0.063,0.004,0.000,0.000,-0.063,-0.008,-0.031,1.000,0.000,-0.004,0.000,0.000,0.000,0.000,0.000,0,NULL,NULL,,5,0,1,1,255,0,250,0,0
baseline,151,151,0,151,2012688.558,-0.792,-0.000,-0.001,0.610,0,0,0,0,0,0,0,0,0,0.000,0,RECOVERING,1269,0,0.140,0.000,-0.125,0.000,-0.063,-0.008,-0.031,1.000,0.000,0.000,0.000,0.000,0.000,0.000,0.000,0,NULL,NULL,,5,0,1,1,255,0,250,0,0
baseline,156,156,0,156,2012693.558,-0.792,-0.000,-0.001,0.610,0,0,0,0,0,0,0,0,0,0.000,0,RECOVERING,1269,0,0.000,0.000,0.000,0.000,0.000,-0.008,-0.031,1.000,0.000,0.000,-0.004,0.000,0.000,0.000,0.000,0,NULL,NULL,,5,0,1,1,255,0,250,0,0
baseline,161,161,0,161,2012698.558,-0.792,-0.000,-0.001,0.610,0,0,0,0,0,0,0,0,0,0.000,0,RECOVERING,1269,0,0.063,0.004,-0.063,0.000,0.000,-0.008,-0.027,1.000,-0.004,0.000,0.000,0.000,0.000,0.000,0.000,0,NULL,NULL,,5,0,1,1,255,0,250,0,0
baseline,166,166,0,166,2012703.558,-0.792,-0.000,-0.001,0.610,0,0,0,0,0,0,0,0,0,0.000,0,RECOVERING,1269,0,0.063,0.008,-0.063,0.000,0.000,-0.008,-0.027,1.000,-0.008,0.000,-0.004,0.000,0.000,0.000,0.000,0,NULL,NULL,,5,0,1,1,255,0,250,0,0
baseline,171,171,0,171,2012708.558,-0.792,-0.000,-0.001,0.610,0,0,0,0,0,0,0,0,0,0.000,0,RECOVERING,1269,0,0.125,0.009,-0.125,0.000,0.000,-0.008,-0.031,1.000,-0.008,0.004,-0.004,0.000,0.000,0.000,0.000,0,NULL,NULL,,5,0,1,1,255,0,250,0,0
baseline,176,176,0,176,2012713.558,-0.792,-0.000,-0.001,0.610,0,0,0,0,0,0,0,0,0,0.000,0,RECOVERING,1269,0,0.000,0.009,0.000,0.000,0.000,-0.008,-0.031,1.000,0.008,0.004,-0.004,0.000,0.000,0.000,0.000,0,NULL,NULL,,5,0,1,1,255,0,250,0,0
baseline,181,181,0,181,2012718.558,-0.792,-0.000,-0.001,0.610,0,0,0,0,0,0,0,0,0,0.000,0,RECOVERING,1269,0,0.088,0.009,-0.063,0.063,0.000,-0.008,-0.027,1.000,0.008,0.004,0.000,0.000,0.000,0.000,0.000,0,NULL,NULL,,5,0,1,1,255,0,250,0,0
baseline,186,186,0,186,2012723.558,-0.792,-0.000,-0.001,0.610,0,0,0,0,0,0,0,0,0,0.000,0,RECOVERING,1269,0,0.088,0.009,-0.063,0.000,-0.063,-0.008,-0.031,1.000,0.008,-0.004,0.000,0.000,0.000,0.000,0.000,0,NULL,NULL,,5,0,1,1,255,0,250,0,0
baseline,191,191,0,191,2012728.558,-0.792,-0.000,-0.001,0.610,0,0,0,0,0,0,0,0,0,0.000,0,RECOVERING,1269,0,0.088,0.009,-0.063,0.000,-0.063,-0.008,-0.031,1.000,0.008,-0.004,0.000,0.000,0.000,0.000,0.000,0,NULL,NULL,,5,0,1,1,255,0,250,0,0
baseline,196,196,0,196,2012733.558,-0.792,-0.000,-0.001,0.610,0,0,0,0,0,0,0,0,0,0.000,0,RECOVERING,1269,0,0.088,0.009,-0.063,0.000,-0.063,-0.008,-0.031,1.000,0.008,-0.004,-0.004,0.000,0.000,0.000,0.000,0,NULL,NULL,,5,0,1,1,255,0,250,0,0
baseline,201,201,0,201,2012738.558,-0.792,-0.000,-0.001,0.610,0,0,0,0,0,0,0,0,0,0.000,0,RECOVERING,1269,0,0.088,0.011,0.000,0.063,-0.063,-0.008,-0.027,1.000,0.008,0.008,-0.004,0.000,0.000,0.000,0.000,0,NULL,NULL,,5,0,1,1,255,0,250,0,0
baseline,206,206,0,206,2012743.558,-0.792,-0.000,-0.001,0.610,0,0,0,0,0,0,0,0,0,0.000,0,RECOVERING,1269,0,0.063,0.011,-0.063,0.000,0.000,-0.008,-0.031,1.000,0.008,0.008,-0.004,0.000,0.000,0.000,0.000,0,NULL,NULL,,5,0,1,1,255,0,250,0,0
baseline,211,211,0,211,2012748.558,-0.792,-0.000,-0.001,0.610,0,0,0,0,0,0,0,0,0,0.000,0,RECOVERING,1269,0,0.108,0.004,-0.063,0.063,-0.063,-0.008,-0.031,1.000,0.000,0.004,0.004,0.000,0.000,0.000,0.000,0,NULL,NULL,,5,0,1,1,255,0,250,0,0
baseline,216,216,0,216,2012753.558,-0.792,-0.000,-0.001,0.610,0,0,0,0,0,0,0,0,0,0.000,0,RECOVERING,1269,0,0.063,0.004,0.000,0.000,-0.063,-0.008,-0.031,1.000,0.000,0.004,0.004,0.000,0.000,0.000,0.000,0,NULL,NULL,,5,0,1,1,255,0,250,0,0
baseline,221,221,0,221,2012758.558,-0.792,-0.000,-0.001,0.610,0,0,0,0,0,0,0,0,0,0.000,0,RECOVERING,1269,0,0.063,0.004,0.000,0.000,-0.063,-0.008,-0.031,1.000,0.000,0.004,0.004,0.000,0.000,0.000,0.000,0,NULL,NULL,,5,0,1,1,255,0,250,0,0
baseline,226,226,0,226,2012763.558,-0.792,-0.000,-0.001,0.610,0,0,0,0,0,0,0,0,0,0.000,0,RECOVERING,1269,0,0.088,0.000,-0.063,0.000,-0.063,-0.008,-0.031,1.000,0.000,0.000,0.000,0.000,0.000,0.000,0.000,0,NULL,NULL,,5,0,1,1,255,0,250,0,0
baseline,231,231,0,231,2012768.558,-0.792,-0.000,-0.001,0.610,0,0,0,0,0,0,0,0,0,0.000,0,RECOVERING,1269,0,0.088,0.000,-0.063,0.063,0.000,-0.008,-0.031,1.000,0.000,0.000,0.000,0.000,0.000,0.000,0.000,0,NULL,NULL,,5,0,1,1,255,0,250,0,0
baseline,236,236,0,236,2012773.558,-0.792,-0.000,-0.001,0.610,0,0,0,0,0,0,0,0,0,0.000,0,RECOVERING,1269,0,0.063,0.009,-0.063,0.000,0.000,-0.008,-0.031,1.000,0.008,-0.004,-0.004,0.000,0.000,0.000,0.000,0,NULL,NULL,,5,0,1,1,255,0,250,0,0
baseline,241,241,0,241,2012778.558,-0.792,-0.000,-0.001,0.610,0,0,0,0,0,0,0,0,0,0.000,0,RECOVERING,1269,0,0.000,0.009,0.000,0.000,0.000,-0.008,-0.031,1.000,0.008,-0.004,-0.004,0.000,0.000,0.000,0.000,0,NULL,NULL,,5,0,1,1,255,0,250,0,0
baseline,246,246,0,246,2012783.558,-0.792,-0.000,-0.001,0.610,0,0,0,0,0,0,0,0,0,0.000,0,RECOVERING,1269,0,0.063,0.009,0.000,0.000,-0.063,-0.008,-0.031,1.000,-0.008,-0.004,-0.004,0.000,0.000,0.000,0.000,0,NULL,NULL,,5,0,1,1,255,0,250,0,0
baseline,251,251,0,251,2012788.558,-0.792,-0.000,-0.001,0.610,0,0,0,0,0,0,0,0,0,0.000,0,RECOVERING,1269,0,0.108,0.008,-0.063,0.063,-0.063,-0.008,-0.031,1.000,-0.008,0.000,-0.004,0.000,0.000,0.000,0.000,0,NULL,NULL,,5,0,1,1,255,0,250,0,0
baseline,256,256,0,256,2012793.558,-0.792,-0.000,-0.001,0.610,0,0,0,0,0,0,0,0,0,0.000,0,RECOVERING,1269,0,0.063,0.009,-0.063,0.000,0.000,-0.008,-0.031,1.000,0.008,-0.004,0.004,0.000,0.000,0.000,0.000,0,NULL,NULL,,5,0,1,1,255,0,250,0,0
baseline,261,261,0,261,2012798.558,-0.792,-0.000,-0.001,0.610,0,0,0,0,0,0,0,0,0,0.000,0,RECOVERING,1269,0,0.063,0.008,-0.063,0.000,0.000,-0.008,-0.027,1.000,0.008,0.000,0.000,0.000,0.000,0.000,0.000,0,NULL,NULL,,5,0,1,1,255,0,250,0,0
baseline,266,266,0,266,2012803.558,-0.792,-0.000,-0.001,0.610,0,0,0,0,0,0,0,0,0,0.000,0,RECOVERING,1269,0,0.088,0.009,-0.063,0.000,-0.063,-0.008,-0.031,1.000,0.008,-0.004,0.000,0.000,0.000,0.000,0.000,0,NULL,NULL,,5,0,1,1,255,0,250,0,0
baseline,271,271,0,271,2012808.558,-0.792,-0.000,-0.001,0.610,0,0,0,0,0,0,0,0,0,0.000,0,RECOVERING,1269,0,0.088,0.000,-0.063,0.000,-0.063,-0.008,-0.031,1.000,0.000,0.000,0.000,0.000,0.000,0.000,0.000,0,NULL,NULL,,5,0,1,1,255,0,250,0,0
baseline,276,276,0,276,2012813.558,-0.792,-0.000,-0.001,0.610,0,0,0,0,0,0,0,0,0,0.000,0,RECOVERING,1269,0,0.140,0.000,-0.125,0.000,-0.063,-0.008,-0.031,1.000,0.000,0.000,0.000,0.000,0.000,0.000,0.000,0,NULL,NULL,,5,0,1,1,255,0,250,0,0
baseline,281,281,0,281,2012818.558,-0.792,-0.000,-0.001,0.610,0,0,0,0,0,0,0,0,0,0.000,0,RECOVERING,1269,0,0.088,0.000,-0.063,0.000,-0.063,-0.008,-0.031,1.000,0.000,0.000,-0.004,0.000,0.000,0.000,0.000,0,NULL,NULL,,5,0,1,1,255,0,250,0,0
baseline,286,286,0,286,2012823.558,-0.792,-0.000,-0.001,0.610,0,0,0,0,0,0,0,0,0,0.000,0,RECOVERING,1269,0,0.063,0.000,0.000,0.063,0.000,-0.008,-0.031,1.000,0.000,0.000,-0.004,0.000,0.000,0.000,0.000,0,NULL,NULL,,5,0,1,1,255,0,250,0,0
baseline,291,291,0,291,2012828.558,-0.792,-0.000,-0.001,0.610,0,0,0,0,0,0,0,0,0,0.000,0,RECOVERING,1269,0,0.063,0.004,-0.063,0.000,0.000,-0.008,-0.031,1.000,0.000,0.004,0.000,0.000,0.000,0.000,0.000,0,NULL,NULL,,5,0,1,1,255,0,250,0,0
baseline,296,296,0,296,2012833.558,-0.792,-0.000,-0.001,0.610,0,0,0,0,0,0,0,0,0,0.000,0,RECOVERING,1269,0,0.088,0.004,-0.063,0.000,-0.063,-0.008,-0.027,1.000,0.000,0.004,0.000,0.000,0.000,0.000,0.000,0,NULL,NULL,,5,0,1,1,255,0,250,0,0
baseline,301,301,0,301,2012838.558,-0.792,-0.000,-0.001,0.610,0,0,0,0,0,0,0,0,0,0.000,0,RECOVERING,1269,0,0.063,0.004,-0.063,0.000,0.000,-0.008,-0.031,1.000,0.000,0.004,-0.004,0.000,0.000,0.000,0.000,0,NULL,NULL,,5,0,1,1,255,0,250,0,0
baseline,306,306,0,306,2012843.558,-0.792,-0.000,-0.001,0.610,0,0,0,0,0,0,0,0,0,0.000,0,RECOVERING,1269,0,0.063,0.004,-0.063,0.000,0.000,-0.008,-0.031,1.000,0.000,0.004,-0.004,0.000,0.000,0.000,0.000,0,NULL,NULL,,5,0,1,1,255,0,250,0,0
baseline,311,311,0,311,2012848.558,-0.792,-0.000,-0.001,0.610,0,0,0,0,0,0,0,0,0,0.000,0,RECOVERING,1269,0,0.088,0.008,-0.063,0.000,-0.063,-0.008,-0.027,1.000,0.000,0.008,-0.004,0.000,0.000,0.000,0.000,0,NULL,NULL,,5,0,1,1,255,0,250,0,0
baseline,316,316,0,316,2012853.558,-0.792,-0.000,-0.001,0.610,0,0,0,0,0,0,0,0,0,0.000,0,RECOVERING,1269,0,0.000,0.008,0.000,0.000,0.000,-0.008,-0.031,1.000,0.000,0.008,0.000,0.000,0.000,0.000,0.000,0,NULL,NULL,,5,0,1,1,255,0,250,0,0
baseline,321,321,0,321,2012858.558,-0.792,-0.000,-0.001,0.610,0,0,0,0,0,0,0,0,0,0.000,0,RECOVERING,1269,0,0.063,0.011,-0.063,0.000,0.000,-0.008,-0.027,1.000,-0.008,0.008,0.000,0.000,0.000,0.000,0.000,0,NULL,NULL,,5,0,1,1,255,0,250,0,0
baseline,326,326,0,326,2012863.558,-0.792,-0.000,-0.001,0.610,0,0,0,0,0,0,0,0,0,0.000,0,RECOVERING,1269,0,0.063,0.004,-0.063,0.000,0.000,-0.008,-0.031,1.000,0.000,0.004,0.000,0.000,0.000,0.000,0.000,0,NULL,NULL,,5,0,1,1,255,0,250,0,0
baseline,331,331,0,331,2012868.558,-0.792,-0.000,-0.001,0.610,0,0,0,0,0,0,0,0,0,0.000,0,RECOVERING,1269,0,0.088,0.008,-0.063,0.000,-0.063,-0.008,-0.031,1.000,-0.008,0.000,0.000,0.000,0.000,0.000,0.000,0,NULL,NULL,,5,0,1,1,255,0,250,0,0
baseline,336,336,0,336,2012873.558,-0.792,-0.000,-0.001,0.610,0,0,0,0,0,0,0,0,0,0.000,0,RECOVERING,1269,0,0.063,0.006,-0.063,0.000,0.000,-0.008,-0.031,1.000,-0.004,-0.004,-0.004,0.000,0.000,0.000,0.000,0,NULL,NULL,,5,0,1,1,255,0,250,0,0
baseline,341,341,0,341,2012878.558,-0.792,-0.000,-0.001,0.610,0,0,0,0,0,0,0,0,0,0.000,0,RECOVERING,1269,0,0.108,0.004,-0.063,0.063,-0.063,-0.008,-0.031,1.000,-0.004,0.000,0.000,0.000,0.000,0.000,0.000,0,NULL,NULL,,5,0,1,1,255,0,250,0,0
baseline,346,346,0,346,2012883.558,-0.792,-0.000,-0.001,0.610,0,0,0,0,0,0,0,0,0,0.000,0,RECOVERING,1269,0,0.088,0.000,-0.063,-0.063,0.000,-0.008,-0.031,1.000,0.000,0.000,0.004,0.000,0.000,0.000,0.000,0,NULL,NULL,,5,0,1,1,255,0,250,0,0
baseline,351,351,0,351,2012888.558,-0.792,-0.000,-0.001,0.610,0,0,0,0,0,0,0,0,0,0.000,0,RECOVERING,1269,0,0.063,0.000,-0.063,0.000,0.000,-0.008,-0.031,1.000,0.000,0.000,0.004,0.000,0.000,0.000,0.000,0,NULL,NULL,,5,0,1,1,255,0,250,0,0
baseline,356,356,0,356,2012893.558,-0.792,-0.000,-0.001,0.610,0,0,0,0,0,0,0,0,0,0.000,0,RECOVERING,1269,0,0.088,0.000,0.000,-0.063,-0.063,-0.008,-0.031,1.000,0.000,0.000,0.000,0.000,0.000,0.000,0.000,0,NULL,NULL,,5,0,1,1,255,0,250,0,0
baseline,361,361,0,361,2012898.558,-0.792,-0.000,-0.001,0.610,0,0,0,0,0,0,0,0,0,0.000,0,RECOVERING,1269,0,0.063,0.006,-0.063,0.000,0.000,-0.008,-0.031,1.000,-0.004,-0.004,-0.004,0.000,0.000,0.000,0.000,0,NULL,NULL,,5,0,1,1,255,0,250,0,0
baseline,366,366,0,366,2012903.558,-0.792,-0.000,-0.001,0.610,0,0,0,0,0,0,0,0,0,0.000,0,RECOVERING,1269,0,0.088,0.000,-0.063,0.000,-0.063,-0.008,-0.031,1.000,0.000,0.000,-0.004,0.000,0.000,0.000,0.000,0,NULL,NULL,,5,0,1,1,255,0,250,0,0
baseline,371,371,0,371,2012908.558,-0.792,-0.000,-0.001,0.610,0,0,0,0,0,0,0,0,0,0.000,0,RECOVERING,1269,0,0.088,0.000,-0.063,0.000,-0.063,-0.008,-0.031,1.000,0.000,0.000,0.000,0.000,0.000,0.000,0.000,0,NULL,NULL,,5,0,1,1,255,0,250,0,0
baseline,376,376,0,376,2012913.558,-0.792,-0.000,-0.001,0.610,0,0,0,0,0,0,0,0,0,0.000,0,RECOVERING,1269,0,0.063,0.006,-0.063,0.000,0.000,-0.008,-0.031,1.000,0.004,0.004,0.000,0.000,0.000,0.000,0.000,0,NULL,NULL,,5,0,1,1,255,0,250,0,0
baseline,381,381,0,381,2012918.558,-0.792,-0.000,-0.001,0.610,0,0,0,0,0,0,0,0,0,0.000,0,RECOVERING,1269,0,0.063,0.004,-0.063,0.000,0.000,-0.008,-0.031,1.000,0.000,0.004,0.000,0.000,0.000,0.000,0.000,0,NULL,NULL,,5,0,1,1,255,0,250,0,0
baseline,386,386,0,386,2012923.558,-0.792,-0.000,-0.001,0.610,0,0,0,0,0,0,0,0,0,0.000,0,RECOVERING,1269,0,0.140,0.000,-0.125,0.000,-0.063,-0.008,-0.031,1.000,0.000,0.000,0.000,0.000,0.000,0.000,0.000,0,NULL,NULL,,5,0,1,1,255,0,250,0,0
baseline,391,391,0,391,2012928.558,-0.792,-0.000,-0.001,0.610,0,0,0,0,0,0,0,0,0,0.000,0,RECOVERING,1269,0,0.000,0.006,0.000,0.000,0.000,-0.008,-0.031,1.000,-0.004,-0.004,0.000,0.000,0.000,0.000,0.000,0,NULL,NULL,,5,0,1,1,255,0,250,0,0
baseline,396,396,0,396,2012933.558,-0.792,-0.000,-0.001,0.610,0,0,0,0,0,0,0,0,0,0.000,0,RECOVERING,1269,0,0.088,0.009,-0.063,0.000,-0.063,-0.008,-0.027,1.000,-0.008,-0.004,0.000,0.000,0.000,0.000,0.000,0,NULL,NULL,,5,0,1,1,255,0,250,0,0
baseline,401,401,0,401,2012938.558,-0.792,-0.000,-0.001,0.610,0,0,0,0,0,0,0,0,0,0.000,0,RECOVERING,1269,0,0.063,0.008,-0.063,0.000,0.000,-0.008,-0.031,1.000,-0.008,0.000,0.000,0.000,0.000,0.000,0.000,0,NULL,NULL,,5,0,1,1,255,0,250,0,0
baseline,406,406,0,406,2012943.558,-0.792,-0.000,-0.001,0.610,0,0,0,0,0,0,0,0,0,0.000,0,RECOVERING,1269,0,0.063,0.004,-0.063,0.000,0.000,-0.008,-0.031,1.000,0.000,0.004,-0.004,0.000,0.000,0.000,0.000,0,NULL,NULL,,5,0,1,1,255,0,250,0,0
baseline,411,411,0,411,2012948.558,-0.792,-0.000,-0.001,0.610,0,0,0,0,0,0,0,0,0,0.000,0,RECOVERING,1269,0,0.063,0.008,-0.063,0.000,0.000,-0.008,-0.031,1.000,0.000,0.008,0.004,0.000,0.000,0.000,0.000,0,NULL,NULL,,5,0,1,1,255,0,250,0,0
baseline,416,416,0,416,2012953.558,-0.792,-0.000,-0.001,0.610,0,0,0,0,0,0,0,0,0,0.000,0,RECOVERING,1269,0,0.125,0.008,-0.125,0.000,0.000,-0.008,-0.031,1.000,0.000,0.008,0.004,0.000,0.000,0.000,0.000,0,NULL,NULL,,5,0,1,1,255,0,250,0,0
baseline,421,421,0,421,2012958.558,-0.792,-0.000,-0.001,0.610,0,0,0,0,0,0,0,0,0,0.000,0,RECOVERING,1269,0,0.088,0.009,-0.063,0.000,-0.063,-0.008,-0.031,1.000,0.004,0.008,0.004,0.000,0.000,0.000,0.000,0,NULL,NULL,,5,0,1,1,255,0,250,0,0
baseline,426,426,0,426,2012963.558,-0.792,-0.000,-0.001,0.610,0,0,0,0,0,0,0,0,0,0.000,0,RECOVERING,1269,0,0.000,0.014,0.000,0.000,0.000,-0.008,-0.031,1.000,0.012,0.008,0.004,0.000,0.000,0.000,0.000,0,NULL,NULL,,5,0,1,1,255,0,250,0,0
baseline,431,431,0,431,2012968.558,-0.792,-0.000,-0.001,0.610,0,0,0,0,0,0,0,0,0,0.000,0,RECOVERING,1269,0,0.088,0.012,-0.063,0.000,-0.063,-0.008,-0.031,1.000,0.012,0.000,0.008,0.000,0.000,0.000,0.000,0,NULL,NULL,,5,0,1,1,255,0,250,0,0
baseline,436,436,0,436,2012973.558,-0.792,-0.000,-0.001,0.610,0,0,0,0,0,0,0,0,0,0.000,0,RECOVERING,1269,0,0.063,0.006,-0.063,0.000,0.000,-0.008,-0.031,1.000,0.004,0.004,0.008,0.000,0.000,0.000,0.000,0,NULL,NULL,,5,0,1,1,255,0,250,0,0
baseline,441,441,0,441,2012978.558,-0.792,-0.000,-0.001,0.610,0,0,0,0,0,0,0,0,0,0.000,0,RECOVERING,1269,0,0.108,0.004,-0.063,0.063,-0.063,-0.008,-0.031,1.000,0.000,0.004,0.008,0.000,0.000,0.000,0.000,0,NULL,NULL,,5,0,1,1,255,0,250,0,0
baseline,446,446,0,446,2012983.558,-0.792,-0.000,-0.001,0.610,0,0,0,0,0,0,0,0,0,0.000,0,RECOVERING,1269,0,0.063,0.004,-0.063,0.000,0.000,-0.012,-0.031,1.000,0.000,0.004,0.000,0.000,0.000,0.000,0.000,0,NULL,NULL,,5,0,1,1,255,0,250,0,0
baseline,451,451,0,451,2012988.558,-0.792,-0.000,-0.001,0.610,0,0,0,0,0,0,0,0,0,0.000,0,RECOVERING,1269,0,0.108,0.000,-0.063,-0.063,-0.063,-0.008,-0.031,1.000,0.000,0.000,0.000,0.000,0.000,0.000,0.000,0,NULL,NULL,,5,0,1,1,255,0,250,0,0
baseline,456,456,0,456,2012993.558,-0.792,-0.000,-0.001,0.610,0,0,0,0,0,0,0,0,0,0.000,0,RECOVERING,1269,0,0.063,0.008,-0.063,0.000,0.000,-0.012,-0.031,1.000,0.000,-0.008,0.000,0.000,0.000,0.000,0.000,0,NULL,NULL,,5,0,1,1,255,0,250,0,0
baseline,461,461,0,461,2012998.558,-0.792,-0.000,-0.001,0.610,0,0,0,0,0,0,0,0,0,0.000,0,RECOVERING,1269,0,0.063,0.006,-0.063,0.000,0.000,-0.008,-0.031,1.000,0.004,-0.004,0.000,0.000,0.000,0.000,0.000,0,NULL,NULL,,5,0,1,1,255,0,250,0,0
baseline,466,466,0,466,2013003.558,-0.792,-0.000,-0.001,0.610,0,0,0,0,0,0,0,0,0,0.000,0,RECOVERING,1269,0,0.063,0.009,0.000,0.000,-0.063,-0.008,-0.031,1.000,0.008,-0.004,0.000,0.000,0.000,0.000,0.000,0,NULL,NULL,,5,0,1,1,255,0,250,0,0
baseline,471,471,0,471,2013008.558,-0.792,-0.000,-0.001,0.610,0,0,0,0,0,0,0,0,0,0.000,0,RECOVERING,1269,0,0.063,0.009,-0.063,0.000,0.000,-0.008,-0.031,1.000,0.008,-0.004,0.004,0.000,0.000,0.000,0.000,0,NULL,NULL,,5,0,1,1,255,0,250,0,0
baseline,476,476,0,476,2013013.558,-0.792,-0.000,-0.001,0.610,0,0,0,0,0,0,0,0,0,0.000,0,RECOVERING,1269,0,0.088,0.004,-0.063,0.000,-0.063,-0.008,-0.027,1.000,0.000,0.004,0.004,0.000,0.000,0.000,0.000,0,NULL,NULL,,5,0,1,1,255,0,250,0,0
baseline,481,481,0,481,2013018.558,-0.792,-0.000,-0.001,0.610,0,0,0,0,0,0,0,0,0,0.000,0,RECOVERING,1269,0,0.088,0.004,-0.063,0.000,-0.063,-0.008,-0.031,1.000,0.000,0.004,0.008,0.000,0.000,0.000,0.000,0,NULL,NULL,,5,0,1,1,255,0,250,0,0
baseline,486,486,0,486,2013023.558,-0.792,-0.000,-0.001,0.610,0,0,0,0,0,0,0,0,0,0.000,0,RECOVERING,1269,0,0.063,0.004,-0.063,0.000,0.000,-0.008,-0.031,1.000,0.000,0.004,0.008,0.000,0.000,0.000,0.000,0,NULL,NULL,,5,0,1,1,255,0,250,0,0
baseline,491,491,0,491,2013028.558,-0.792,-0.000,-0.001,0.610,0,0,0,0,0,0,0,0,0,0.000,0,RECOVERING,1269,0,0.088,0.000,-0.063,0.000,-0.063,-0.008,-0.031,1.000,0.000,0.000,0.008,0.000,0.000,0.000,0.000,0,NULL,NULL,,5,0,1,1,255,0,250,0,0
baseline,496,496,0,496,2013033.558,-0.792,-0.000,-0.001,0.610,0,0,0,0,0,0,0,0,0,0.000,0,RECOVERING,1269,0,0.088,0.000,-0.063,0.000,-0.063,-0.008,-0.031,1.000,0.000,0.000,0.008,0.000,0.000,0.000,0.000,0,NULL,NULL,,5,0,1,1,255,0,250,0,0
baseline,501,501,0,501,2013038.558,-0.792,-0.000,-0.001,0.610,0,0,0,0,0,0,0,0,0,0.000,0,RECOVERING,1269,0,0.088,0.004,-0.063,0.000,-0.063,-0.008,-0.031,1.000,0.004,0.000,0.000,0.000,0.000,0.000,0.000,0,NULL,NULL,,5,0,1,1,255,0,250,0,0
baseline,506,506,0,506,2013043.558,-0.792,-0.000,-0.001,0.610,0,0,0,0,0,0,0,0,0,0.000,0,RECOVERING,1269,0,0.140,0.006,-0.125,0.000,-0.063,-0.008,-0.031,1.000,0.004,-0.004,0.000,0.000,0.000,0.000,0.000,0,NULL,NULL,,5,0,1,1,255,0,250,0,0
baseline,511,511,0,511,2013048.558,-0.792,-0.000,-0.001,0.610,0,0,0,0,0,0,0,0,0,0.000,0,RECOVERING,1269,0,0.108,0.006,-0.063,0.063,-0.063,-0.008,-0.031,1.000,-0.004,-0.004,0.000,0.000,0.000,0.000,0.000,0,NULL,NULL,,5,0,1,1,255,0,250,0,0
baseline,516,516,0,516,2013053.558,-0.792,-0.000,-0.001,0.610,0,0,0,0,0,0,0,0,0,0.000,0,RECOVERING,1269,0,0.088,0.006,-0.063,0.063,0.000,-0.008,-0.031,1.000,-0.004,-0.004,-0.004,0.000,0.000,0.000,0.000,0,NULL,NULL,,5,0,1,1,255,0,250,0,0
baseline,521,521,0,521,2013058.558,-0.792,-0.000,-0.001,0.610,0,0,0,0,0,0,0,0,0,0.000,0,RECOVERING,1269,0,0.000,0.000,0.000,0.000,0.000,-0.008,-0.031,1.000,0.000,0.000,0.000,0.000,0.000,0.000,0.000,0,NULL,NULL,,5,0,1,1,255,0,250,0,0
baseline,526,526,0,526,2013063.558,-0.792,-0.000,-0.001,0.610,0,0,0,0,0,0,0,0,0,0.000,0,RECOVERING,1269,0,0.063,0.004,0.000,0.000,-0.063,-0.008,-0.031,1.000,0.000,0.004,0.000,0.000,0.000,0.000,0.000,0,NULL,NULL,,5,0,1,1,255,0,250,0,0
baseline,531,531,0,531,2013068.558,-0.792,-0.000,-0.001,0.610,0,0,0,0,0,0,0,0,0,0.000,0,RECOVERING,1269,0,0.063,0.004,-0.063,0.000,0.000,-0.008,-0.027,1.000,-0.004,0.000,0.004,0.000,0.000,0.000,0.000,0,NULL,NULL,,5,0,1,1,255,0,250,0,0
baseline,536,536,0,536,2013073.558,-0.792,-0.000,-0.001,0.610,0,0,0,0,0,0,0,0,0,0.000,0,RECOVERING,1269,0,0.063,0.009,-0.063,0.000,0.000,-0.008,-0.031,1.000,-0.004,0.008,0.004,0.000,0.000,0.000,0.000,0,NULL,NULL,,5,0,1,1,255,0,250,0,0
baseline,541,541,0,541,2013078.558,-0.792,-0.000,-0.001,0.610,0,0,0,0,0,0,0,0,0,0.000,0,RECOVERING,1269,0,0.063,0.000,-0.063,0.000,0.000,-0.008,-0.031,1.000,0.000,0.000,0.004,0.000,0.000,0.000,0.000,0,NULL,NULL,,5,0,1,1,255,0,250,0,0
baseline,546,546,0,546,2013083.558,-0.792,-0.000,-0.001,0.610,0,0,0,0,0,0,0,0,0,0.000,0,RECOVERING,1269,0,0.088,0.008,-0.063,0.000,-0.063,-0.008,-0.031,1.000,0.008,0.000,0.004,0.000,0.000,0.000,0.000,0,NULL,NULL,,5,0,1,1,255,0,250,0,0
baseline,551,551,0,551,2013088.558,-0.792,-0.000,-0.001,0.610,0,0,0,0,0,0,0,0,0,0.000,0,RECOVERING,1269,0,0.125,0.009,-0.125,0.000,0.000,-0.008,-0.031,1.000,0.008,-0.004,0.004,0.000,0.000,0.000,0.000,0,NULL,NULL,,5,0,1,1,255,0,250,0,0
baseline,556,556,0,556,2013093.558,-0.792,-0.000,-0.001,0.610,0,0,0,0,0,0,0,0,0,0.000,0,RECOVERING,1269,0,0.088,0.004,-0.063,0.000,-0.063,-0.008,-0.031,1.000,0.004,0.000,0.000,0.000,0.000,0.000,0.000,0,NULL,NULL,,5,0,1,1,255,0,250,0,0
baseline,561,561,0,561,2013098.558,-0.792,-0.000,-0.001,0.610,0,0,0,0,0,0,0,0,0,0.000,0,RECOVERING,1269,0,0.063,0.006,-0.063,0.000,0.000,-0.008,-0.031,1.000,0.004,0.004,0.000,0.000,0.000,0.000,0.000,0,NULL,NULL,,5,0,1,1,255,0,250,0,0
baseline,566,566,0,566,2013103.558,-0.792,-0.000,-0.001,0.610,0,0,0,0,0,0,0,0,0,0.000,0,RECOVERING,1269,0,0.063,0.006,-0.063,0.000,0.000,-0.008,-0.031,1.000,0.004,0.004,0.000,0.000,0.000,0.000,0.000,0,NULL,NULL,,5,0,1,1,255,0,250,0,0
baseline,571,571,0,571,2013108.558,-0.792,-0.000,-0.001,0.610,0,0,0,0,0,0,0,0,0,0.000,0,RECOVERING,1269,0,0.088,0.006,-0.063,0.000,0.063,-0.008,-0.031,1.000,0.004,0.004,0.000,0.000,0.000,0.000,0.000,0,NULL,NULL,,5,0,1,1,255,0,250,0,0
baseline,576,576,0,576,2013113.558,-0.792,-0.000,-0.001,0.610,0,0,0,0,0,0,0,0,0,0.000,0,RECOVERING,1269,0,0.063,0.004,-0.063,0.000,0.000,-0.008,-0.031,1.000,0.000,0.004,0.000,0.000,0.000,0.000,0.000,0,NULL,NULL,,5,0,1,1,255,0,250,0,0
baseline,581,581,0,581,2013118.558,-0.792,-0.000,-0.001,0.610,0,0,0,0,0,0,0,0,0,0.000,0,RECOVERING,1269,0,0.000,0.004,0.000,0.000,0.000,-0.008,-0.031,1.000,0.000,0.004,0.000,0.000,0.000,0.000,0.000,0,NULL,NULL,,5,0,1,1,255,0,250,0,0
baseline,586,586,0,586,2013123.558,-0.792,-0.000,-0.001,0.610,0,0,0,0,0,0,0,0,0,0.000,0,RECOVERING,1269,0,0.088,0.004,-0.063,-0.063,0.000,-0.008,-0.031,1.000,0.000,0.004,0.004,0.000,0.000,0.000,0.000,0,NULL,NULL,,5,0,1,1,255,0,250,0,0
baseline,591,591,0,591,2013128.558,-0.792,-0.000,-0.001,0.610,0,0,0,0,0,0,0,0,0,0.000,0,RECOVERING,1269,0,0.063,0.004,0.000,0.000,-0.063,-0.008,-0.031,1.000,0.000,0.004,0.004,0.000,0.000,0.000,0.000,0,NULL,NULL,,5,0,1,1,255,0,250,0,0
baseline,596,596,0,596,2013133.558,-0.792,-0.000,-0.001,0.610,0,0,0,0,0,0,0,0,0,0.000,0,RECOVERING,1269,0,0.063,0.004,-0.063,0.000,0.000,-0.008,-0.031,1.000,0.000,0.004,0.004,0.000,0.000,0.000,0.000,0,NULL,NULL,,5,0,1,1,255,0,250,0,0
baseline,601,601,0,601,2013138.558,-0.792,-0.000,-0.001,0.610,0,0,0,0,0,0,0,0,0,0.000,0,RECOVERING,1269,0,0.063,0.004,-0.063,0.000,0.000,-0.008,-0.031,1.000,0.000,0.004,0.000,0.000,0.000,0.000,0.000,0,NULL,NULL,,5,0,1,1,255,0,250,0,0
baseline,606,606,0,606,2013143.558,-0.792,-0.000,-0.001,0.610,0,0,0,0,0,0,0,0,0,0.000,0,RECOVERING,1269,0,0.063,0.004,0.000,0.000,-0.063,-0.008,-0.031,1.000,0.000,0.004,0.000,0.000,0.000,0.000,0.000,0,NULL,NULL,,5,0,1,1,255,0,250,0,0
baseline,611,611,0,611,2013148.558,-0.792,-0.000,-0.001,0.610,0,0,0,0,0,0,0,0,0,0.000,0,RECOVERING,1269,0,0.088,0.004,-0.063,0.063,0.000,-0.008,-0.031,1.000,0.000,0.004,0.000,0.000,0.000,0.000,0.000,0,NULL,NULL,,5,0,1,1,255,0,250,0,0
baseline,616,616,0,616,2013153.558,-0.792,-0.000,-0.001,0.610,0,0,0,0,0,0,0,0,0,0.000,0,RECOVERING,1269,0,0.063,0.004,-0.063,0.000,0.000,-0.008,-0.031,1.000,0.000,0.004,0.004,0.000,0.000,0.000,0.000,0,NULL,NULL,,5,0,1,1,255,0,250,0,0
baseline,621,621,0,621,2013158.558,-0.792,-0.000,-0.001,0.610,0,0,0,0,0,0,0,0,0,0.000,0,RECOVERING,1269,0,0.088,0.008,0.000,-0.063,-0.063,-0.008,-0.031,1.000,-0.008,0.000,0.000,0.000,0.000,0.000,0.000,0,NULL,NULL,,5,0,1,1,255,0,250,0,0
baseline,626,626,0,626,2013163.558,-0.792,-0.000,-0.001,0.610,0,0,0,0,0,0,0,0,0,0.000,0,RECOVERING,1269,0,0.063,0.008,0.000,0.000,-0.063,-0.008,-0.031,1.000,-0.008,0.000,0.004,0.000,0.000,0.000,0.000,0,NULL,NULL,,5,0,1,1,255,0,250,0,0
baseline,631,631,0,631,2013168.558,-0.792,-0.000,-0.001,0.610,0,0,0,0,0,0,0,0,0,0.000,0,RECOVERING,1269,0,0.088,0.008,-0.063,0.000,-0.063,-0.008,-0.031,1.000,-0.008,0.000,0.000,0.000,0.000,0.000,0.000,0,NULL,NULL,,5,0,1,1,255,0,250,0,0
baseline,636,636,0,636,2013173.558,-0.792,-0.000,-0.001,0.610,0,0,0,0,0,0,0,0,0,0.000,0,RECOVERING,1269,0,0.088,0.006,-0.063,0.063,0.000,-0.008,-0.031,1.000,-0.004,0.004,0.000,0.000,0.000,0.000,0.000,0,NULL,NULL,,5,0,1,1,255,0,250,0,0
baseline,641,641,0,641,2013178.558,-0.792,-0.000,-0.001,0.610,0,0,0,0,0,0,0,0,0,0.000,0,RECOVERING,1269,0,0.088,0.006,-0.063,0.000,-0.063,-0.008,-0.031,1.000,-0.004,0.004,0.000,0.000,0.000,0.000,0.000,0,NULL,NULL,,5,0,1,1,255,0,250,0,0
baseline,646,646,0,646,2013183.558,-0.792,-0.000,-0.001,0.610,0,0,0,0,0,0,0,0,0,0.000,0,RECOVERING,1269,0,0.088,0.006,-0.063,0.063,0.000,-0.008,-0.027,1.000,-0.004,0.004,0.004,0.000,0.000,0.000,0.000,0,NULL,NULL,,5,0,1,1,255,0,250,0,0
baseline,651,651,0,651,2013188.558,-0.792,-0.000,-0.001,0.610,0,0,0,0,0,0,0,0,0,0.000,0,RECOVERING,1269,0,0.000,0.006,0.000,0.000,0.000,-0.008,-0.031,1.000,-0.004,0.004,0.004,0.000,0.000,0.000,0.000,0,NULL,NULL,,5,0,1,1,255,0,250,0,0
baseline,656,656,0,656,2013193.558,-0.792,-0.000,-0.001,0.610,0,0,0,0,0,0,0,0,0,0.000,0,RECOVERING,1269,0,0.000,0.004,0.000,0.000,0.000,-0.008,-0.031,1.000,0.000,0.004,0.004,0.000,0.000,0.000,0.000,0,NULL,NULL,,5,0,1,1,255,0,250,0,0
baseline,661,661,0,661,2013198.558,-0.792,-0.000,-0.001,0.610,0,0,0,0,0,0,0,0,0,0.000,0,RECOVERING,1269,0,0.063,0.004,-0.063,0.000,0.000,-0.008,-0.031,1.000,0.000,0.004,0.004,0.000,0.000,0.000,0.000,0,NULL,NULL,,5,0,1,1,255,0,250,0,0
baseline,666,666,0,666,2013203.558,-0.792,-0.000,-0.001,0.610,0,0,0,0,0,0,0,0,0,0.000,0,RECOVERING,1269,0,0.088,0.006,-0.063,0.000,-0.063,-0.008,-0.031,1.000,0.004,0.004,0.004,0.000,0.000,0.000,0.000,0,NULL,NULL,,5,0,1,1,255,0,250,0,0
baseline,671,671,0,671,2013208.558,-0.792,-0.000,-0.001,0.610,0,0,0,0,0,0,0,0,0,0.000,0,RECOVERING,1269,0,0.108,0.008,-0.063,0.063,-0.063,-0.008,-0.031,1.000,0.008,0.000,0.004,0.000,0.000,0.000,0.000,0,NULL,NULL,,5,0,1,1,255,0,250,0,0
baseline,676,676,0,676,2013213.558,-0.792,-0.000,-0.001,0.610,0,0,0,0,0,0,0,0,0,0.000,0,RECOVERING,1269,0,0.063,0.006,-0.063,0.000,0.000,-0.008,-0.031,1.000,0.004,0.004,0.000,0.000,0.000,0.000,0.000,0,NULL,NULL,,5,0,1,1,255,0,250,0,0
baseline,681,681,0,681,2013218.558,-0.792,-0.000,-0.001,0.610,0,0,0,0,0,0,0,0,0,0.000,0,RECOVERING,1269,0,0.088,0.004,-0.063,0.000,-0.063,-0.008,-0.031,1.000,0.004,0.000,0.000,0.000,0.000,0.000,0.000,0,NULL,NULL,,5,0,1,1,255,0,250,0,0
baseline,686,686,0,686,2013223.558,-0.792,-0.000,-0.001,0.610,0,0,0,0,0,0,0,0,0,0.000,0,RECOVERING,1269,0,0.000,0.004,0.000,0.000,0.000,-0.008,-0.031,1.000,0.004,0.000,0.000,0.000,0.000,0.000,0.000,0,NULL,NULL,,5,0,1,1,255,0,250,0,0
baseline,691,691,0,691,2013228.558,-0.792,-0.000,-0.001,0.610,0,0,0,0,0,0,0,0,0,0.000,0,RECOVERING,1269,0,0.000,0.000,0.000,0.000,0.000,-0.008,-0.031,1.000,0.000,0.000,-0.004,0.000,0.000,0.000,0.000,0,NULL,NULL,,5,0,1,1,255,0,250,0,0
baseline,696,696,0,696,2013233.558,-0.792,-0.000,-0.001,0.610,0,0,0,0,0,0,0,0,0,0.000,0,RECOVERING,1269,0,0.088,0.004,-0.063,0.000,-0.063,-0.008,-0.031,1.000,0.004,0.000,-0.004,0.000,0.000,0.000,0.000,0,NULL,NULL,,5,0,1,1,255,0,250,0,0
baseline,701,701,0,701,2013238.558,-0.792,-0.000,-0.001,0.610,0,0,0,0,0,0,0,0,0,0.000,0,RECOVERING,1269,0,0.088,0.006,-0.063,0.000,-0.063,-0.008,-0.031,1.000,0.004,0.004,0.008,0.000,0.000,0.000,0.000,0,NULL,NULL,,5,0,1,1,255,0,250,0,0
baseline,706,706,0,706,2013243.558,-0.792,-0.000,-0.001,0.610,0,0,0,0,0,0,0,0,0,0.000,0,RECOVERING,1269,0,0.000,0.006,0.000,0.000,0.000,-0.008,-0.031,1.000,0.004,0.004,0.008,0.000,0.000,0.000,0.000,0,NULL,NULL,,5,0,1,1,255,0,250,0,0
baseline,711,711,0,711,2013248.558,-0.792,-0.000,-0.001,0.610,0,0,0,0,0,0,0,0,0,0.000,0,RECOVERING,1269,0,0.088,0.004,-0.063,0.000,-0.063,-0.008,-0.031,1.000,0.000,0.004,0.000,0.000,0.000,0.000,0.000,0,NULL,NULL,,5,0,1,1,255,0,250,0,0
baseline,716,716,0,716,2013253.558,-0.792,-0.000,-0.001,0.610,0,0,0,0,0,0,0,0,0,0.000,0,RECOVERING,1269,0,0.088,0.000,-0.063,0.000,-0.063,-0.008,-0.031,1.000,0.000,0.000,0.000,0.000,0.000,0.000,0.000,0,NULL,NULL,,5,0,1,1,255,0,250,0,0
baseline,721,721,0,721,2013258.558,-0.792,-0.000,-0.001,0.610,0,0,0,0,0,0,0,0,0,0.000,0,RECOVERING,1269,0,0.063,0.000,-0.063,0.000,0.000,-0.008,-0.031,1.000,0.000,0.000,-0.012,0.000,0.000,0.000,0.000,0,NULL,NULL,,5,0,1,1,255,0,250,0,0
baseline,726,726,0,726,2013263.558,-0.792,-0.000,-0.001,0.610,0,0,0,0,0,0,0,0,0,0.000,0,RECOVERING,1269,0,0.063,0.000,-0.063,0.000,0.000,-0.008,-0.031,1.000,0.000,0.000,-0.012,0.000,0.000,0.000,0.000,0,NULL,NULL,,5,0,1,1,255,0,250,0,0
baseline,731,731,0,731,2013268.558,-0.792,-0.000,-0.001,0.610,0,0,0,0,0,0,0,0,0,0.000,0,RECOVERING,1269,0,0.063,0.004,-0.063,0.000,0.000,-0.008,-0.031,1.000,0.004,0.000,0.008,0.000,0.000,0.000,0.000,0,NULL,NULL,,5,0,1,1,255,0,250,0,0
baseline,736,736,0,736,2013273.558,-0.792,-0.000,-0.001,0.610,0,0,0,0,0,0,0,0,0,0.000,0,RECOVERING,1269,0,0.063,0.006,-0.063,0.000,0.000,-0.008,-0.031,1.000,0.004,-0.004,0.008,0.000,0.000,0.000,0.000,0,NULL,NULL,,5,0,1,1,255,0,250,0,0
baseline,741,741,0,741,2013278.558,-0.792,-0.000,-0.001,0.610,0,0,0,0,0,0,0,0,0,0.000,0,RECOVERING,1269,0,0.000,0.006,0.000,0.000,0.000,-0.008,-0.031,1.000,0.004,-0.004,0.008,0.000,0.000,0.000,0.000,0,NULL,NULL,,5,0,1,1,255,0,250,0,0
baseline,746,746,0,746,2013283.558,-0.792,-0.000,-0.001,0.610,0,0,0,0,0,0,0,0,0,0.000,0,RECOVERING,1269,0,0.088,0.006,-0.063,0.000,-0.063,-0.008,-0.031,1.000,0.004,0.004,0.008,0.000,0.000,0.000,0.000,0,NULL,NULL,,5,0,1,1,255,0,250,0,0
baseline,751,751,0,751,2013288.558,-0.792,-0.000,-0.001,0.610,0,0,0,0,0,0,0,0,0,0.000,0,RECOVERING,1269,0,0.088,0.006,-0.063,0.063,0.000,-0.008,-0.031,1.000,0.004,0.004,0.008,0.000,0.000,0.000,0.000,0,NULL,NULL,,5,0,1,1,255,0,250,0,0
baseline,756,756,0,756,2013293.558,-0.792,-0.000,-0.001,0.610,0,0,0,0,0,0,0,0,0,0.000,0,RECOVERING,1269,0,0.088,0.006,-0.063,0.000,-0.063,-0.012,-0.031,1.000,0.004,-0.004,0.004,0.000,0.000,0.000,0.000,0,NULL,NULL,,5,0,1,1,255,0,250,0,0
baseline,761,761,0,761,2013298.558,-0.792,-0.000,-0.001,0.610,0,0,0,0,0,0,0,0,0,0.000,0,RECOVERING,1269,0,0.000,0.012,0.000,0.000,0.000,-0.012,-0.031,1.000,0.000,-0.012,0.004,0.000,0.000,0.000,0.000,0,NULL,NULL,,5,0,1,1,255,0,250,0,0
baseline,766,766,0,766,2013303.558,-0.792,-0.000,-0.001,0.610,0,0,0,0,0,0,0,0,0,0.000,0,RECOVERING,1269,0,0.063,0.012,-0.063,0.000,0.000,-0.008,-0.031,1.000,0.000,-0.012,0.004,0.000,0.000,0.000,0.000,0,NULL,NULL,,5,0,1,1,255,0,250,0,0
baseline,771,771,0,771,2013308.558,-0.792,-0.000,-0.001,0.610,0,0,0,0,0,0,0,0,0,0.000,0,RECOVERING,1269,0,0.088,0.009,-0.063,0.000,-0.063,-0.008,-0.031,1.000,0.004,-0.008,0.004,0.000,0.000,0.000,0.000,0,NULL,NULL,,5,0,1,1,255,0,250,0,0
baseline,776,776,0,776,2013313.558,-0.792,-0.000,-0.001,0.610,0,0,0,0,0,0,0,0,0,0.000,0,RECOVERING,1269,0,0.088,0.006,-0.063,0.000,-0.063,-0.008,-0.031,1.000,0.004,0.004,0.004,0.000,0.000,0.000,0.000,0,NULL,NULL,,5,0,1,1,255,0,250,0,0
baseline,781,781,0,781,2013318.558,-0.792,-0.000,-0.001,0.610,0,0,0,0,0,0,0,0,0,0.000,0,RECOVERING,1269,0,0.088,0.006,-0.063,0.000,-0.063,-0.008,-0.031,1.000,-0.004,0.004,0.000,0.000,0.000,0.000,0.000,0,NULL,NULL,,5,0,1,1,255,0,250,0,0
baseline,786,786,0,786,2013323.558,-0.792,-0.000,-0.001,0.610,0,0,0,0,0,0,0,0,0,0.000,0,RECOVERING,1269,0,0.000,0.006,0.000,0.000,0.000,-0.008,-0.031,1.000,-0.004,0.004,0.000,0.000,0.000,0.000,0.000,0,NULL,NULL,,5,0,1,1,255,0,250,0,0
baseline,791,791,0,791,2013328.558,-0.792,-0.000,-0.001,0.610,0,0,0,0,0,0,0,0,0,0.000,0,RECOVERING,1269,0,0.088,0.000,-0.063,0.000,-0.063,-0.008,-0.031,1.000,0.000,0.000,0.004,0.000,0.000,0.000,0.000,0,NULL,NULL,,5,0,1,1,255,0,250,0,0
baseline,796,796,0,796,2013333.558,-0.792,-0.000,-0.001,0.610,0,0,0,0,0,0,0,0,0,0.000,0,RECOVERING,1269,0,0.000,0.008,0.000,0.000,0.000,-0.008,-0.031,1.000,0.000,0.008,0.004,0.000,0.000,0.000,0.000,0,NULL,NULL,,5,0,1,1,255,0,250,0,0
baseline,801,801,0,801,2013338.558,-0.792,-0.000,-0.001,0.610,0,0,0,0,0,0,0,0,0,0.000,0,RECOVERING,1269,0,0.000,0.004,0.000,0.000,0.000,-0.008,-0.031,1.000,0.000,0.004,0.000,0.000,0.000,0.000,0.000,0,NULL,NULL,,5,0,1,1,255,0,250,0,0
baseline,806,806,0,806,2013343.558,-0.792,-0.000,-0.001,0.610,0,0,0,0,0,0,0,0,0,0.000,0,RECOVERING,1269,0,0.063,0.004,-0.063,0.000,0.000,-0.012,-0.031,1.000,0.000,0.004,-0.008,0.000,0.000,0.000,0.000,0,NULL,NULL,,5,0,1,1,255,0,250,0,0
baseline,811,811,0,811,2013348.558,-0.792,-0.000,-0.001,0.610,0,0,0,0,0,0,0,0,0,0.000,0,RECOVERING,1269,0,0.088,0.006,-0.063,0.063,0.000,-0.008,-0.027,1.000,-0.004,0.004,0.000,0.000,0.000,0.000,0.000,0,NULL,NULL,,5,0,1,1,255,0,250,0,0
baseline,816,816,0,816,2013353.558,-0.792,-0.000,-0.001,0.610,0,0,0,0,0,0,0,0,0,0.000,0,RECOVERING,1269,0,0.063,0.009,-0.063,0.000,0.000,-0.008,-0.031,1.000,-0.008,-0.004,-0.008,0.000,0.000,0.000,0.000,0,NULL,NULL,,5,0,1,1,255,0,250,0,0
baseline,821,821,0,821,2013358.558,-0.792,-0.000,-0.001,0.610,0,0,0,0,0,0,0,0,0,0.000,0,RECOVERING,1269,0,0.063,0.009,0.000,-0.063,0.000,-0.008,-0.031,1.000,-0.008,-0.004,0.000,0.000,0.000,0.000,0.000,0,NULL,NULL,,5,0,1,1,255,0,250,0,0
baseline,826,826,0,826,2013363.558,-0.792,-0.000,-0.001,0.610,0,0,0,0,0,0,0,0,0,0.000,0,RECOVERING,1269,0,0.063,0.006,0.000,0.000,0.063,-0.008,-0.031,1.000,-0.004,-0.004,0.000,0.000,0.000,0.000,0.000,0,NULL,NULL,,5,0,1,1,255,0,250,0,0
baseline,831,831,0,831,2013368.558,-0.792,-0.000,-0.001,0.610,0,0,0,0,0,0,0,0,0,0.000,0,RECOVERING,1269,0,0.088,0.006,-0.063,0.063,0.000,-0.008,-0.031,1.000,-0.004,-0.004,0.000,0.000,0.000,0.000,0.000,0,NULL,NULL,,5,0,1,1,255,0,250,0,0
baseline,836,836,0,836,2013373.558,-0.792,-0.000,-0.001,0.610,0,0,0,0,0,0,0,0,0,0.000,0,RECOVERING,1269,0,0.063,0.004,0.000,0.000,-0.063,-0.008,-0.031,1.000,0.000,-0.004,0.004,0.000,0.000,0.000,0.000,0,NULL,NULL,,5,0,1,1,255,0,250,0,0
baseline,841,841,0,841,2013378.558,-0.792,-0.000,-0.001,0.610,0,0,0,0,0,0,0,0,0,0.000,0,RECOVERING,1269,0,0.000,0.004,0.000,0.000,0.000,-0.008,-0.031,1.000,0.000,-0.004,0.004,0.000,0.000,0.000,0.000,0,NULL,NULL,,5,0,1,1,255,0,250,0,0
baseline,846,846,0,846,2013383.558,-0.792,-0.000,-0.001,0.610,0,0,0,0,0,0,0,0,0,0.000,0,RECOVERING,1269,0,0.088,0.004,-0.063,0.000,-0.063,-0.012,-0.031,1.000,0.000,-0.004,0.004,0.000,0.000,0.000,0.000,0,NULL,NULL,,5,0,1,1,255,0,250,0,0
baseline,851,851,0,851,2013388.558,-0.792,-0.000,-0.001,0.610,0,0,0,0,0,0,0,0,0,0.000,0,RECOVERING,1269,0,0.088,0.000,-0.063,0.000,-0.063,-0.008,-0.031,1.000,0.000,0.000,0.008,0.000,0.000,0.000,0.000,0,NULL,NULL,,5,0,1,1,255,0,250,0,0
baseline,856,856,0,856,2013393.558,-0.792,-0.000,-0.001,0.610,0,0,0,0,0,0,0,0,0,0.000,0,RECOVERING,1269,0,0.088,0.004,-0.063,0.000,-0.063,-0.008,-0.031,1.000,-0.004,0.000,0.008,0.000,0.000,0.000,0.000,0,NULL,NULL,,5,0,1,1,255,0,250,0,0
baseline,861,861,0,861,2013398.558,-0.792,-0.000,-0.001,0.610,0,0,0,0,0,0,0,0,0,0.000,0,RECOVERING,1269,0,0.063,0.009,-0.063,0.000,0.000,-0.008,-0.027,1.000,-0.008,0.004,0.000,0.000,0.000,0.000,0.000,0,NULL,NULL,,5,0,1,1,255,0,250,0,0
baseline,866,866,0,866,2013403.558,-0.792,-0.000,-0.001,0.610,0,0,0,0,0,0,0,0,0,0.000,0,RECOVERING,1269,0,0.088,0.006,-0.063,0.000,-0.063,-0.008,-0.031,1.000,-0.004,0.004,0.000,0.000,0.000,0.000,0.000,0,NULL,NULL,,5,0,1,1,255,0,250,0,0
baseline,871,871,0,871,2013408.558,-0.792,-0.000,-0.001,0.610,0,0,0,0,0,0,0,0,0,0.000,0,RECOVERING,1269,0,0.063,0.004,-0.063,0.000,0.000,-0.008,-0.031,1.000,0.000,0.004,0.000,0.000,0.000,0.000,0.000,0,NULL,NULL,,5,0,1,1,255,0,250,0,0
baseline,876,876,0,876,2013413.558,-0.792,-0.000,-0.001,0.610,0,0,0,0,0,0,0,0,0,0.000,0,RECOVERING,1269,0,0.063,0.009,-0.063,0.000,0.000,-0.008,-0.031,1.000,0.004,-0.008,0.008,0.000,0.000,0.000,0.000,0,NULL,NULL,,5,0,1,1,255,0,250,0,0
baseline,881,881,0,881,2013418.558,-0.792,-0.000,-0.001,0.610,0,0,0,0,0,0,0,0,0,0.000,0,RECOVERING,1269,0,0.088,0.009,-0.063,0.000,-0.063,-0.008,-0.031,1.000,0.004,-0.008,0.008,0.000,0.000,0.000,0.000,0,NULL,NULL,,5,0,1,1,255,0,250,0,0
baseline,886,886,0,886,2013423.558,-0.792,-0.000,-0.001,0.610,0,0,0,0,0,0,0,0,0,0.000,0,RECOVERING,1269,0,0.125,0.006,-0.125,0.000,0.000,-0.008,-0.031,1.000,-0.004,-0.004,0.004,0.000,0.000,0.000,0.000,0,NULL,NULL,,5,0,1,1,255,0,250,0,0
baseline,891,891,0,891,2013428.558,-0.792,-0.000,-0.001,0.610,0,0,0,0,0,0,0,0,0,0.000,0,RECOVERING,1269,0,0.088,0.009,-0.063,0.000,-0.063,-0.008,-0.031,1.000,-0.008,-0.004,0.004,0.000,0.000,0.000,0.000,0,NULL,NULL,,5,0,1,1,255,0,250,0,0
baseline,896,896,0,896,2013433.558,-0.792,-0.000,-0.001,0.610,0,0,0,0,0,0,0,0,0,0.000,0,RECOVERING,1269,0,0.063,0.006,-0.063,0.000,0.000,-0.008,-0.031,1.000,-0.004,-0.004,0.000,0.000,0.000,0.000,0.000,0,NULL,NULL,,5,0,1,1,255,0,250,0,0
baseline,901,901,0,901,2013438.558,-0.792,-0.000,-0.001,0.610,0,0,0,0,0,0,0,0,0,0.000,0,RECOVERING,1269,0,0.000,0.009,0.000,0.000,0.000,-0.008,-0.031,1.000,0.008,-0.004,0.000,0.000,0.000,0.000,0.000,0,NULL,NULL,,5,0,1,1,255,0,250,0,0
baseline,906,906,0,906,2013443.558,-0.792,-0.000,-0.001,0.610,0,0,0,0,0,0,0,0,0,0.000,0,RECOVERING,1269,0,0.088,0.009,-0.063,0.000,-0.063,-0.008,-0.031,1.000,0.008,-0.004,0.000,0.000,0.000,0.000,0.000,0,NULL,NULL,,5,0,1,1,255,0,250,0,0
baseline,911,911,0,911,2013448.558,-0.792,-0.000,-0.001,0.610,0,0,0,0,0,0,0,0,0,0.000,0,RECOVERING,1269,0,0.000,0.004,0.000,0.000,0.000,-0.008,-0.027,1.000,0.004,0.000,-0.008,0.000,0.000,0.000,0.000,0,NULL,NULL,,5,0,1,1,255,0,250,0,0
baseline,916,916,0,916,2013453.558,-0.792,-0.000,-0.001,0.610,0,0,0,0,0,0,0,0,0,0.000,0,RECOVERING,1269,0,0.063,0.012,-0.063,0.000,0.000,-0.008,-0.027,1.000,-0.012,0.004,0.004,0.000,0.000,0.000,0.000,0,NULL,NULL,,5,0,1,1,255,0,250,0,0
baseline,921,921,0,921,2013458.558,-0.792,-0.000,-0.001,0.610,0,0,0,0,0,0,0,0,0,0.000,0,RECOVERING,1269,0,0.088,0.012,-0.063,0.000,-0.063,-0.012,-0.031,1.000,-0.012,0.000,0.008,0.000,0.000,0.000,0.000,0,NULL,NULL,,5,0,1,1,255,0,250,0,0
baseline,926,926,0,926,2013463.558,-0.792,-0.000,-0.001,0.610,0,0,0,0,0,0,0,0,0,0.000,0,RECOVERING,1269,0,0.063,0.006,-0.063,0.000,0.000,-0.008,-0.031,1.000,-0.004,0.004,0.008,0.000,0.000,0.000,0.000,0,NULL,NULL,,5,0,1,1,255,0,250,0,0
baseline,931,931,0,931,2013468.558,-0.792,-0.000,-0.001,0.610,0,0,0,0,0,0,0,0,0,0.000,0,RECOVERING,1269,0,0.140,0.006,-0.063,0.000,-0.125,-0.008,-0.027,1.000,-0.004,0.004,0.004,0.000,0.000,0.000,0.000,0,NULL,NULL,,5,0,1,1,255,0,250,0,0
baseline,936,936,0,936,2013473.558,-0.792,-0.000,-0.001,0.610,0,0,0,0,0,0,0,0,0,0.000,0,RECOVERING,1269,0,0.125,0.009,-0.125,0.000,0.000,-0.008,-0.027,1.000,-0.008,0.004,0.004,0.000,0.000,0.000,0.000,0,NULL,NULL,,5,0,1,1,255,0,250,0,0
baseline,941,941,0,941,2013478.558,-0.792,-0.000,-0.001,0.610,0,0,0,0,0,0,0,0,0,0.000,0,RECOVERING,1269,0,0.088,0.009,-0.063,0.063,0.000,-0.008,-0.031,1.000,-0.008,0.004,0.004,0.000,0.000,0.000,0.000,0,NULL,NULL,,5,0,1,1,255,0,250,0,0
baseline,946,946,0,946,2013483.558,-0.792,-0.000,-0.001,0.610,0,0,0,0,0,0,0,0,0,0.000,0,RECOVERING,1269,0,0.088,0.008,-0.063,0.063,0.000,-0.008,-0.031,1.000,-0.008,0.000,0.004,0.000,0.000,0.000,0.000,0,NULL,NULL,,5,0,1,1,255,0,250,0,0
baseline,951,951,0,951,2013488.558,-0.792,-0.000,-0.001,0.610,0,0,0,0,0,0,0,0,0,0.000,0,RECOVERING,1269,0,0.088,0.004,-0.063,0.000,-0.063,-0.008,-0.031,1.000,-0.004,0.000,0.004,0.000,0.000,0.000,0.000,0,NULL,NULL,,5,0,1,1,255,0,250,0,0
baseline,956,956,0,956,2013493.558,-0.792,-0.000,-0.001,0.610,0,0,0,0,0,0,0,0,0,0.000,0,RECOVERING,1269,0,0.063,0.004,-0.063,0.000,0.000,-0.008,-0.031,1.000,0.000,0.004,0.000,0.000,0.000,0.000,0.000,0,NULL,NULL,,5,0,1,1,255,0,250,0,0
baseline,961,961,0,961,2013498.558,-0.792,-0.000,-0.001,0.610,0,0,0,0,0,0,0,0,0,0.000,0,RECOVERING,1269,0,0.063,0.004,-0.063,0.000,0.000,-0.008,-0.031,1.000,0.000,0.004,0.000,0.000,0.000,0.000,0.000,0,NULL,NULL,,5,0,1,1,255,0,250,0,0
baseline,966,966,0,966,2013503.558,-0.792,-0.000,-0.001,0.610,0,0,0,0,0,0,0,0,0,0.000,0,RECOVERING,1269,0,0.108,0.000,-0.063,0.063,-0.063,-0.008,-0.031,1.000,0.000,0.000,0.000,0.000,0.000,0.000,0.000,0,NULL,NULL,,5,0,1,1,255,0,250,0,0
baseline,971,971,0,971,2013508.558,-0.792,-0.000,-0.001,0.610,0,0,0,0,0,0,0,0,0,0.000,0,RECOVERING,1269,0,0.088,0.004,-0.063,0.000,-0.063,-0.008,-0.031,1.000,0.000,-0.004,0.004,0.000,0.000,0.000,0.000,0,NULL,NULL,,5,0,1,1,255,0,250,0,0
baseline,976,976,0,976,2013513.558,-0.792,-0.000,-0.001,0.610,0,0,0,0,0,0,0,0,0,0.000,0,RECOVERING,1269,0,0.088,0.004,-0.063,0.063,0.000,-0.008,-0.031,1.000,0.000,-0.004,0.008,0.000,0.000,0.000,0.000,0,NULL,NULL,,5,0,1,1,255,0,250,0,0
baseline,981,981,0,981,2013518.558,-0.792,-0.000,-0.001,0.610,0,0,0,0,0,0,0,0,0,0.000,0,RECOVERING,1269,0,0.088,0.006,-0.063,0.000,-0.063,-0.008,-0.031,1.000,0.004,-0.004,0.008,0.000,0.000,0.000,0.000,0,NULL,NULL,,5,0,1,1,255,0,250,0,0
baseline,986,986,0,986,2013523.558,-0.792,-0.000,-0.001,0.610,0,0,0,0,0,0,0,0,0,0.000,0,RECOVERING,1269,0,0.063,0.006,-0.063,0.000,0.000,-0.012,-0.031,1.000,-0.004,-0.004,0.000,0.000,0.000,0.000,0.000,0,NULL,NULL,,5,0,1,1,255,0,250,0,0
baseline,991,991,0,991,2013528.558,-0.792,-0.000,-0.001,0.610,0,0,0,0,0,0,0,0,0,0.000,0,RECOVERING,1269,0,0.108,0.008,-0.063,-0.063,-0.063,-0.012,-0.031,1.000,0.000,-0.008,0.000,0.000,0.000,0.000,0.000,0,NULL,NULL,,5,0,1,1,255,0,250,0,0
baseline,996,996,0,996,2013533.558,-0.792,-0.000,-0.001,0.610,0,0,0,0,0,0,0,0,0,0.000,0,RECOVERING,1269,0,0.063,0.008,-0.063,0.000,0.000,-0.008,-0.031,1.000,0.000,-0.008,0.004,0.000,0.000,0.000,0.000,0,NULL,NULL,,5,0,1,1,255,0,250,0,0
baseline,1001,1001,0,1001,2013538.558,-0.792,-0.000,-0.001,0.610,0,0,0,0,0,0,0,0,0,0.000,0,RECOVERING,1269,0,0.088,0.016,-0.063,0.000,-0.063,-0.012,-0.031,1.000,0.000,-0.016,0.004,0.000,0.000,0.000,0.000,0,NULL,NULL,,5,0,1,1,255,0,250,0,0
baseline,1006,1006,0,1006,2013543.558,-0.792,-0.000,-0.001,0.610,0,0,0,0,0,0,0,0,0,0.000,0,RECOVERING,1269,0,0.063,0.004,-0.063,0.000,0.000,-0.008,-0.027,1.000,0.000,0.004,0.004,0.000,0.000,0.000,0.000,0,NULL,NULL,,5,0,1,1,255,0,250,0,0
baseline,1011,1011,0,1011,2013548.558,-0.792,-0.000,-0.001,0.610,0,0,0,0,0,0,0,0,0,0.000,0,RECOVERING,1269,0,0.088,0.009,-0.063,0.000,-0.063,-0.008,-0.027,1.000,-0.008,0.004,-0.004,0.000,0.000,0.000,0.000,0,NULL,NULL,,5,0,1,1,255,0,250,0,0
baseline,1016,1016,0,1016,2013553.558,-0.792,-0.000,-0.001,0.610,0,0,0,0,0,0,0,0,0,0.000,0,RECOVERING,1269,0,0.063,0.009,0.000,0.000,-0.063,-0.008,-0.031,1.000,-0.008,0.004,-0.004,0.000,0.000,0.000,0.000,0,NULL,NULL,,5,0,1,1,255,0,250,0,0
baseline,1021,1021,0,1021,2013558.558,-0.792,-0.000,-0.001,0.610,0,0,0,0,0,0,0,0,0,0.000,0,RECOVERING,1269,0,0.063,0.006,-0.063,0.000,0.000,-0.008,-0.031,1.000,-0.004,0.004,-0.004,0.000,0.000,0.000,0.000,0,NULL,NULL,,5,0,1,1,255,0,250,0,0
baseline,1026,1026,0,1026,2013563.558,-0.792,-0.000,-0.001,0.610,0,0,0,0,0,0,0,0,0,0.000,0,RECOVERING,1269,0,0.088,0.004,-0.063,0.063,0.000,-0.008,-0.031,1.000,0.004,0.000,0.004,0.000,0.000,0.000,0.000,0,NULL,NULL,,5,0,1,1,255,0,250,0,0
baseline,1031,1031,0,1031,2013568.558,-0.792,-0.000,-0.001,0.610,0,0,0,0,0,0,0,0,0,0.000,0,RECOVERING,1269,0,0.000,0.004,0.000,0.000,0.000,-0.008,-0.031,1.000,0.004,0.000,0.004,0.000,0.000,0.000,0.000,0,NULL,NULL,,5,0,1,1,255,0,250,0,0
baseline,1036,1036,0,1036,2013573.558,-0.792,-0.000,-0.001,0.610,0,0,0,0,0,0,0,0,0,0.000,0,RECOVERING,1269,0,0.063,0.008,-0.063,0.000,0.000,-0.012,-0.031,1.000,0.000,-0.008,0.000,0.000,0.000,0.000,0.000,0,NULL,NULL,,5,0,1,1,255,0,250,0,0
baseline,1041,1041,0,1041,2013578.558,-0.792,-0.000,-0.001,0.610,0,0,0,0,0,0,0,0,0,0.000,0,RECOVERING,1269,0,0.063,0.008,0.000,0.000,-0.063,-0.012,-0.031,1.000,0.000,-0.008,0.000,0.000,0.000,0.000,0.000,0,NULL,NULL,,5,0,1,1,255,0,250,0,0
baseline,1046,1046,0,1046,2013583.558,-0.793,-0.000,-0.001,0.610,0,0,0,0,0,0,0,0,0,0.000,0,RECOVERING,1269,0,0.088,0.012,-0.063,0.000,-0.063,-0.012,-0.031,1.000,0.000,-0.012,0.000,0.000,0.000,0.000,0.000,0,NULL,NULL,,5,0,1,1,255,0,250,0,0
baseline,1051,1051,0,1051,2013588.558,-0.793,-0.000,-0.001,0.610,0,0,0,0,0,0,0,0,0,0.000,0,RECOVERING,1269,0,0.063,0.009,-0.063,0.000,0.000,-0.008,-0.031,1.000,-0.004,-0.008,0.000,0.000,0.000,0.000,0.000,0,NULL,NULL,,5,0,1,1,255,0,250,0,0
baseline,1056,1056,0,1056,2013593.558,-0.793,-0.000,-0.001,0.610,0,0,0,0,0,0,0,0,0,0.000,0,RECOVERING,1269,0,0.000,0.006,0.000,0.000,0.000,-0.008,-0.031,1.000,0.004,-0.004,0.000,0.000,0.000,0.000,0.000,0,NULL,NULL,,5,0,1,1,255,0,250,0,0
baseline,1061,1061,0,1061,2013598.558,-0.793,-0.000,-0.001,0.610,0,0,0,0,0,0,0,0,0,0.000,0,RECOVERING,1269,0,0.063,0.009,-0.063,0.000,0.000,-0.008,-0.031,1.000,-0.008,-0.004,0.004,0.000,0.000,0.000,0.000,0,NULL,NULL,,5,0,1,1,255,0,250,0,0
baseline,1066,1066,0,1066,2013603.558,-0.793,-0.000,-0.001,0.610,0,0,0,0,0,0,0,0,0,0.000,0,RECOVERING,1269,0,0.088,0.000,-0.063,0.000,-0.063,-0.008,-0.031,1.000,0.000,0.000,0.004,0.000,0.000,0.000,0.000,0,NULL,NULL,,5,0,1,1,255,0,250,0,0
baseline,1071,1071,0,1071,2013608.558,-0.793,-0.000,-0.001,0.610,0,0,0,0,0,0,0,0,0,0.000,0,RECOVERING,1269,0,0.088,0.009,-0.063,0.000,-0.063,-0.008,-0.031,1.000,-0.008,-0.004,0.004,0.000,0.000,0.000,0.000,0,NULL,NULL,,5,0,1,1,255,0,250,0,0
baseline,1076,1076,0,1076,2013613.558,-0.793,-0.000,-0.001,0.610,0,0,0,0,0,0,0,0,0,0.000,0,RECOVERING,1269,0,0.108,0.004,-0.063,-0.063,-0.063,-0.008,-0.031,1.000,0.000,0.004,-0.004,0.000,0.000,0.000,0.000,0,NULL,NULL,,5,0,1,1,255,0,250,0,0
baseline,1081,1081,0,1081,2013618.558,-0.793,-0.000,-0.001,0.610,0,0,0,0,0,0,0,0,0,0.000,0,RECOVERING,1269,0,0.063,0.006,0.000,-0.063,0.000,-0.008,-0.031,1.000,-0.004,0.004,-0.004,0.000,0.000,0.000,0.000,0,NULL,NULL,,5,0,1,1,255,0,250,0,0
baseline,1086,1086,0,1086,2013623.558,-0.793,-0.000,-0.001,0.610,0,0,0,0,0,0,0,0,0,0.000,0,RECOVERING,1269,0,0.063,0.006,-0.063,0.000,0.000,-0.008,-0.031,1.000,-0.004,0.004,-0.008,0.000,0.000,0.000,0.000,0,NULL,NULL,,5,0,1,1,255,0,250,0,0
baseline,1091,1091,0,1091,2013628.558,-0.793,-0.000,-0.001,0.610,0,0,0,0,0,0,0,0,0,0.000,0,RECOVERING,1269,0,0.088,0.006,-0.063,0.000,-0.063,-0.008,-0.031,1.000,-0.004,0.004,-0.004,0.000,0.000,0.000,0.000,0,NULL,NULL,,5,0,1,1,255,0,250,0,0
baseline,1096,1096,0,1096,2013633.558,-0.793,-0.000,-0.001,0.610,0,0,0,0,0,0,0,0,0,0.000,0,RECOVERING,1269,0,0.063,0.004,-0.063,0.000,0.000,-0.008,-0.031,1.000,0.004,0.000,-0.008,0.000,0.000,0.000,0.000,0,NULL,NULL,,5,0,1,1,255,0,250,0,0
baseline,1101,1101,0,1101,2013638.558,-0.793,-0.000,-0.001,0.610,0,0,0,0,0,0,0,0,0,0.000,0,RECOVERING,1269,0,0.063,0.004,-0.063,0.000,0.000,-0.008,-0.031,1.000,0.004,0.000,0.004,0.000,0.000,0.000,0.000,0,NULL,NULL,,5,0,1,1,255,0,250,0,0
baseline,1106,1106,0,1106,2013643.558,-0.793,-0.000,-0.001,0.610,0,0,0,0,0,0,0,0,0,0.000,0,RECOVERING,1269,0,0.088,0.006,-0.063,0.000,-0.063,-0.008,-0.031,1.000,0.004,0.004,0.000,0.000,0.000,0.000,0.000,0,NULL,NULL,,5,0,1,1,255,0,250,0,0
baseline,1111,1111,0,1111,2013648.558,-0.793,-0.000,-0.001,0.610,0,0,0,0,0,0,0,0,0,0.000,0,RECOVERING,1269,0,0.063,0.006,-0.063,0.000,0.000,-0.008,-0.031,1.000,0.004,0.004,0.004,0.000,0.000,0.000,0.000,0,NULL,NULL,,5,0,1,1,255,0,250,0,0
baseline,1116,1116,0,1116,2013653.558,-0.793,-0.000,-0.001,0.610,0,0,0,0,0,0,0,0,0,0.000,0,RECOVERING,1269,0,0.125,0.004,-0.125,0.000,0.000,-0.008,-0.031,1.000,0.000,0.004,0.000,0.000,0.000,0.000,0.000,0,NULL,NULL,,5,0,1,1,255,0,250,0,0
baseline,1121,1121,0,1121,2013658.558,-0.793,-0.000,-0.001,0.610,0,0,0,0,0,0,0,0,0,0.000,0,RECOVERING,1269,0,0.063,0.004,-0.063,0.000,0.000,-0.008,-0.031,1.000,0.000,0.004,0.004,0.000,0.000,0.000,0.000,0,NULL,NULL,,5,0,1,1,255,0,250,0,0
baseline,1126,1126,0,1126,2013663.558,-0.793,-0.000,-0.001,0.610,0,0,0,0,0,0,0,0,0,0.000,0,RECOVERING,1269,0,0.088,0.000,-0.063,0.000,-0.063,-0.008,-0.031,1.000,0.000,0.000,0.004,0.000,0.000,0.000,0.000,0,NULL,NULL,,5,0,1,1,255,0,250,0,0
baseline,1131,1131,0,1131,2013668.558,-0.793,-0.000,-0.001,0.610,0,0,0,0,0,0,0,0,0,0.000,0,RECOVERING,1269,0,0.088,0.004,-0.063,0.000,-0.063,-0.008,-0.031,1.000,0.004,0.000,0.004,0.000,0.000,0.000,0.000,0,NULL,NULL,,5,0,1,1,255,0,250,0,0
baseline,1136,1136,0,1136,2013673.558,-0.793,-0.000,-0.001,0.610,0,0,0,0,0,0,0,0,0,0.000,0,RECOVERING,1269,0,0.000,0.004,0.000,0.000,0.000,-0.008,-0.031,1.000,0.004,0.000,0.004,0.000,0.000,0.000,0.000,0,NULL,NULL,,5,0,1,1,255,0,250,0,0
baseline,1141,1141,0,1141,2013678.558,-0.793,-0.000,-0.001,0.610,0,0,0,0,0,0,0,0,0,0.000,0,RECOVERING,1269,0,0.063,0.006,-0.063,0.000,0.000,-0.008,-0.031,1.000,0.004,0.004,0.004,0.000,0.000,0.000,0.000,0,NULL,NULL,,5,0,1,1,255,0,250,0,0
baseline,1146,1146,0,1146,2013683.558,-0.793,-0.000,-0.001,0.610,0,0,0,0,0,0,0,0,0,0.000,0,RECOVERING,1269,0,0.063,0.008,0.000,0.000,-0.063,-0.008,-0.031,1.000,0.000,0.008,0.004,0.000,0.000,0.000,0.000,0,NULL,NULL,,5,0,1,1,255,0,250,0,0
baseline,1151,1151,0,1151,2013688.558,-0.793,-0.000,-0.001,0.610,0,0,0,0,0,0,0,0,0,0.000,0,RECOVERING,1269,0,0.088,0.009,0.000,0.063,-0.063,-0.008,-0.031,1.000,0.004,0.008,0.000,0.000,0.000,0.000,0.000,0,NULL,NULL,,5,0,1,1,255,0,250,0,0
baseline,1156,1156,0,1156,2013693.558,-0.793,-0.000,-0.001,0.610,0,0,0,0,0,0,0,0,0,0.000,0,RECOVERING,1269,0,0.063,0.006,-0.063,0.000,0.000,-0.008,-0.031,1.000,0.004,-0.004,0.000,0.000,0.000,0.000,0.000,0,NULL,NULL,,5,0,1,1,255,0,250,0,0
baseline,1161,1161,0,1161,2013698.558,-0.793,-0.000,-0.001,0.610,0,0,0,0,0,0,0,0,0,0.000,0,RECOVERING,1269,0,0.088,0.006,-0.063,0.000,-0.063,-0.008,-0.027,1.000,0.004,-0.004,-0.008,0.000,0.000,0.000,0.000,0,NULL,NULL,,5,0,1,1,255,0,250,0,0
baseline,1166,1166,0,1166,2013703.558,-0.793,-0.000,-0.001,0.610,0,0,0,0,0,0,0,0,0,0.000,0,RECOVERING,1269,0,0.063,0.004,-0.063,0.000,0.000,-0.008,-0.031,1.000,0.000,-0.004,-0.008,0.000,0.000,0.000,0.000,0,NULL,NULL,,5,0,1,1,255,0,250,0,0
baseline,1171,1171,0,1171,2013708.558,-0.793,-0.000,-0.001,0.610,0,0,0,0,0,0,0,0,0,0.000,0,RECOVERING,1269,0,0.088,0.004,-0.063,0.063,0.000,-0.008,-0.031,1.000,0.000,-0.004,0.004,0.000,0.000,0.000,0.000,0,NULL,NULL,,5,0,1,1,255,0,250,0,0
baseline,1176,1176,0,1176,2013713.558,-0.793,-0.000,-0.001,0.610,0,0,0,0,0,0,0,0,0,0.000,0,RECOVERING,1269,0,0.063,0.011,-0.063,0.000,0.000,-0.008,-0.031,1.000,0.008,-0.008,0.004,0.000,0.000,0.000,0.000,0,NULL,NULL,,5,0,1,1,255,0,250,0,0
baseline,1181,1181,0,1181,2013718.558,-0.793,-0.000,-0.001,0.610,0,0,0,0,0,0,0,0,0,0.000,0,RECOVERING,1269,0,0.063,0.011,-0.063,0.000,0.000,-0.008,-0.031,1.000,0.008,-0.008,0.004,0.000,0.000,0.000,0.000,0,NULL,NULL,,5,0,1,1,255,0,250,0,0
baseline,1186,1186,0,1186,2013723.558,-0.793,-0.000,-0.001,0.610,0,0,0,0,0,0,0,0,0,0.000,0,RECOVERING,1269,0,0.063,0.004,-0.063,0.000,0.000,-0.008,-0.031,1.000,0.000,0.004,-0.008,0.000,0.000,0.000,0.000,0,NULL,NULL,,5,0,1,1,255,0,250,0,0
baseline,1191,1191,0,1191,2013728.558,-0.793,-0.000,-0.001,0.610,0,0,0,0,0,0,0,0,0,0.000,0,RECOVERING,1269,0,0.063,0.004,-0.063,0.000,0.000,-0.008,-0.031,1.000,0.000,0.004,-0.008,0.000,0.000,0.000,0.000,0,NULL,NULL,,5,0,1,1,255,0,250,0,0
baseline,1196,1196,0,1196,2013733.558,-0.793,-0.000,-0.001,0.610,0,0,0,0,0,0,0,0,0,0.000,0,RECOVERING,1269,0,0.088,0.004,-0.063,0.063,0.000,-0.008,-0.031,1.000,0.000,0.004,-0.008,0.000,0.000,0.000,0.000,0,NULL,NULL,,5,0,1,1,255,0,250,0,0
baseline,1201,1201,0,1201,2013738.558,-0.793,-0.000,-0.001,0.610,0,0,0,0,0,0,0,0,0,0.000,0,RECOVERING,1269,0,0.088,0.006,-0.063,0.063,0.000,-0.008,-0.031,1.000,0.004,-0.004,-0.008,0.000,0.000,0.000,0.000,0,NULL,NULL,,5,0,1,1,255,0,250,0,0
baseline,1206,1206,0,1206,2013743.558,-0.793,-0.000,-0.001,0.610,0,0,0,0,0,0,0,0,0,0.000,0,RECOVERING,1269,0,0.088,0.004,-0.063,0.000,-0.063,-0.008,-0.031,1.000,0.000,0.004,-0.008,0.000,0.000,0.000,0.000,0,NULL,NULL,,5,0,1,1,255,0,250,0,0
baseline,1211,1211,0,1211,2013748.558,-0.793,-0.000,-0.001,0.610,0,0,0,0,0,0,0,0,0,0.000,0,RECOVERING,1269,0,0.088,0.004,-0.063,0.000,0.063,-0.008,-0.031,1.000,0.000,-0.004,-0.008,0.000,0.000,0.000,0.000,0,NULL,NULL,,5,0,1,1,255,0,250,0,0
baseline,1216,1216,0,1216,2013753.558,-0.793,-0.000,-0.001,0.610,0,0,0,0,0,0,0,0,0,0.000,0,RECOVERING,1269,0,0.063,0.000,-0.063,0.000,0.000,-0.008,-0.031,1.000,0.000,0.000,-0.008,0.000,0.000,0.000,0.000,0,NULL,NULL,,5,0,1,1,255,0,250,0,0
baseline,1221,1221,0,1221,2013758.558,-0.793,-0.000,-0.001,0.610,0,0,0,0,0,0,0,0,0,0.000,0,RECOVERING,1269,0,0.088,0.006,-0.063,0.000,-0.063,-0.008,-0.031,1.000,-0.004,-0.004,0.004,0.000,0.000,0.000,0.000,0,NULL,NULL,,5,0,1,1,255,0,250,0,0
baseline,1226,1226,0,1226,2013763.558,-0.793,-0.000,-0.001,0.610,0,0,0,0,0,0,0,0,0,0.000,0,RECOVERING,1269,0,0.063,0.004,0.000,0.000,-0.063,-0.008,-0.031,1.000,-0.004,0.000,0.004,0.000,0.000,0.000,0.000,0,NULL,NULL,,5,0,1,1,255,0,250,0,0
baseline,1231,1231,0,1231,2013768.558,-0.793,-0.000,-0.001,0.610,0,0,0,0,0,0,0,0,0,0.000,0,RECOVERING,1269,0,0.063,0.006,0.000,0.000,-0.063,-0.008,-0.027,1.000,-0.004,-0.004,0.004,0.000,0.000,0.000,0.000,0,NULL,NULL,,5,0,1,1,255,0,250,0,0
baseline,1236,1236,0,1236,2013773.558,-0.793,-0.000,-0.001,0.610,0,0,0,0,0,0,0,0,0,0.000,0,RECOVERING,1269,0,0.088,0.012,-0.063,0.000,-0.063,-0.012,-0.027,1.000,-0.012,-0.004,0.004,0.000,0.000,0.000,0.000,0,NULL,NULL,,5,0,1,1,255,0,250,0,0
baseline,1241,1241,0,1241,2013778.558,-0.793,-0.000,-0.001,0.610,0,0,0,0,0,0,0,0,0,0.000,0,RECOVERING,1269,0,0.088,0.012,-0.063,0.000,-0.063,-0.008,-0.027,1.000,-0.012,-0.004,0.004,0.000,0.000,0.000,0.000,0,NULL,NULL,,5,0,1,1,255,0,250,0,0
baseline,1246,1246,0,1246,2013783.558,-0.793,-0.000,-0.001,0.610,0,0,0,0,0,0,0,0,0,0.000,0,RECOVERING,1269,0,0.125,0.012,-0.125,0.000,0.000,-0.008,-0.031,1.000,-0.012,-0.004,0.000,0.000,0.000,0.000,0.000,0,NULL,NULL,,5,0,1,1,255,0,250,0,0
baseline,1251,1251,0,1251,2013788.558,-0.793,-0.000,-0.001,0.610,0,0,0,0,0,0,0,0,0,0.000,0,RECOVERING,1269,0,0.088,0.000,-0.063,0.000,-0.063,-0.008,-0.031,1.000,0.000,0.000,0.004,0.000,0.000,0.000,0.000,0,NULL,NULL,,5,0,1,1,255,0,250,0,0
baseline,1256,1256,0,1256,2013793.558,-0.793,-0.000,-0.001,0.610,0,0,0,0,0,0,0,0,0,0.000,0,RECOVERING,1269,0,0.000,0.008,0.000,0.000,0.000,-0.012,-0.031,1.000,0.008,0.000,0.008,0.000,0.000,0.000,0.000,0,NULL,NULL,,5,0,1,1,255,0,250,0,0
baseline,1261,1261,0,1261,2013798.558,-0.793,-0.000,-0.001,0.610,0,0,0,0,0,0,0,0,0,0.000,0,RECOVERING,1269,0,0.063,0.004,0.000,0.000,-0.063,-0.008,-0.031,1.000,0.000,-0.004,0.008,0.000,0.000,0.000,0.000,0,NULL,NULL,,5,0,1,1,255,0,250,0,0
baseline,1266,1266,0,1266,2013803.558,-0.793,-0.000,-0.001,0.610,0,0,0,0,0,0,0,0,0,0.000,0,RECOVERING,1269,0,0.140,0.004,-0.125,0.000,-0.063,-0.008,-0.031,1.000,0.000,-0.004,0.004,0.000,0.000,0.000,0.000,0,NULL,NULL,,5,0,1,1,255,0,250,0,0
baseline,1271,1271,0,1271,2013808.558,-0.793,-0.000,-0.001,0.610,0,0,0,0,0,0,0,0,0,0.000,0,RECOVERING,1269,0,0.088,0.000,-0.063,0.000,-0.063,-0.008,-0.031,1.000,0.000,0.000,0.000,0.000,0.000,0.000,0.000,0,NULL,NULL,,5,0,1,1,255,0,250,0,0
baseline,1276,1276,0,1276,2013813.558,-0.793,-0.000,-0.001,0.610,0,0,0,0,0,0,0,0,0,0.000,0,RECOVERING,1269,0,0.000,0.008,0.000,0.000,0.000,-0.008,-0.031,1.000,0.008,0.000,0.000,0.000,0.000,0.000,0.000,0,NULL,NULL,,5,0,1,1,255,0,250,0,0
baseline,1281,1281,0,1281,2013818.558,-0.793,-0.000,-0.001,0.610,0,0,0,0,0,0,0,0,0,0.000,0,RECOVERING,1269,0,0.088,0.011,-0.063,0.000,-0.063,-0.008,-0.031,1.000,0.008,0.008,0.000,0.000,0.000,0.000,0.000,0,NULL,NULL,,5,0,1,1,255,0,250,0,0
baseline,1286,1286,0,1286,2013823.558,-0.793,-0.000,-0.001,0.610,0,0,0,0,0,0,0,0,0,0.000,0,RECOVERING,1269,0,0.063,0.009,-0.063,0.000,0.000,-0.008,-0.027,1.000,0.004,0.008,-0.008,0.000,0.000,0.000,0.000,0,NULL,NULL,,5,0,1,1,255,0,250,0,0
baseline,1291,1291,0,1291,2013828.558,-0.793,-0.000,-0.001,0.610,0,0,0,0,0,0,0,0,0,0.000,0,RECOVERING,1269,0,0.063,0.009,-0.063,0.000,0.000,-0.008,-0.031,1.000,0.004,0.008,-0.008,0.000,0.000,0.000,0.000,0,NULL,NULL,,5,0,1,1,255,0,250,0,0
baseline,1296,1296,0,1296,2013833.558,-0.793,-0.000,-0.001,0.610,0,0,0,0,0,0,0,0,0,0.000,0,RECOVERING,1269,0,0.063,0.009,-0.063,0.000,0.000,-0.008,-0.031,1.000,0.004,0.008,0.004,0.000,0.000,0.000,0.000,0,NULL,NULL,,5,0,1,1,255,0,250,0,0
baseline,1301,1301,0,1301,2013838.558,-0.793,-0.000,-0.001,0.610,0,0,0,0,0,0,0,0,0,0.000,0,RECOVERING,1269,0,0.063,0.004,-0.063,0.000,0.000,-0.008,-0.031,1.000,0.004,0.000,0.004,0.000,0.000,0.000,0.000,0,NULL,NULL,,5,0,1,1,255,0,250,0,0
baseline,1306,1306,0,1306,2013843.558,-0.793,-0.000,-0.001,0.610,0,0,0,0,0,0,0,0,0,0.000,0,RECOVERING,1269,0,0.063,0.004,-0.063,0.000,0.000,-0.008,-0.027,1.000,0.004,0.000,0.008,0.000,0.000,0.000,0.000,0,NULL,NULL,,5,0,1,1,255,0,250,0,0
baseline,1311,1311,0,1311,2013848.558,-0.793,-0.000,-0.001,0.610,0,0,0,0,0,0,0,0,0,0.000,0,RECOVERING,1269,0,0.108,0.004,-0.063,-0.063,-0.063,-0.008,-0.031,1.000,0.004,0.000,0.008,0.000,0.000,0.000,0.000,0,NULL,NULL,,5,0,1,1,255,0,250,0,0
baseline,1316,1316,0,1316,2013853.558,-0.793,-0.000,-0.001,0.610,0,0,0,0,0,0,0,0,0,0.000,0,RECOVERING,1269,0,0.108,0.009,-0.063,-0.063,-0.063,-0.008,-0.027,1.000,-0.008,0.004,0.008,0.000,0.000,0.000,0.000,0,NULL,NULL,,5,0,1,1,255,0,250,0,0
baseline,1321,1321,0,1321,2013858.558,-0.793,-0.000,-0.001,0.610,0,0,0,0,0,0,0,0,0,0.000,0,RECOVERING,1269,0,0.125,0.006,-0.125,0.000,0.000,-0.008,-0.031,1.000,0.004,0.004,0.008,0.000,0.000,0.000,0.000,0,NULL,NULL,,5,0,1,1,255,0,250,0,0
baseline,1326,1326,0,1326,2013863.558,-0.793,-0.000,-0.001,0.610,0,0,0,0,0,0,0,0,0,0.000,0,RECOVERING,1269,0,0.063,0.006,-0.063,0.000,0.000,-0.008,-0.031,1.000,-0.004,0.004,-0.004,0.000,0.000,0.000,0.000,0,NULL,NULL,,5,0,1,1,255,0,250,0,0
baseline,1331,1331,0,1331,2013868.558,-0.793,-0.000,-0.001,0.610,0,0,0,0,0,0,0,0,0,0.000,0,RECOVERING,1269,0,0.088,0.004,-0.063,0.000,-0.063,-0.008,-0.031,1.000,0.004,0.000,-0.004,0.000,0.000,0.000,0.000,0,NULL,NULL,,5,0,1,1,255,0,250,0,0
baseline,1336,1336,0,1336,2013873.558,-0.793,-0.000,-0.001,0.610,0,0,0,0,0,0,0,0,0,0.000,0,RECOVERING,1269,0,0.140,0.004,-0.125,0.000,-0.063,-0.008,-0.027,1.000,-0.004,0.000,-0.004,0.000,0.000,0.000,0.000,0,NULL,NULL,,5,0,1,1,255,0,250,0,0
baseline,1341,1341,0,1341,2013878.558,-0.793,-0.000,-0.001,0.610,0,0,0,0,0,0,0,0,0,0.000,0,RECOVERING,1269,0,0.140,0.008,-0.125,0.000,-0.063,-0.008,-0.031,1.000,0.008,0.000,0.004,0.000,0.000,0.000,0.000,0,NULL,NULL,,5,0,1,1,255,0,250,0,0
baseline,1346,1346,0,1346,2013883.558,-0.793,-0.000,-0.001,0.610,0,0,0,0,0,0,0,0,0,0.000,0,RECOVERING,1269,0,0.140,0.011,-0.125,0.000,-0.063,-0.008,-0.027,1.000,-0.008,0.008,-0.004,0.000,0.000,0.000,0.000,0,NULL,NULL,,5,0,1,1,255,0,250,0,0
baseline,1351,1351,0,1351,2013888.558,-0.793,-0.000,-0.001,0.610,0,0,0,0,0,0,0,0,0,0.000,0,RECOVERING,1269,0,0.088,0.011,-0.063,0.000,-0.063,-0.008,-0.027,1.000,-0.008,0.008,0.004,0.000,0.000,0.000,0.000,0,NULL,NULL,,5,0,1,1,255,0,250,0,0
baseline,1356,1356,0,1356,2013893.558,-0.793,-0.000,-0.001,0.610,0,0,0,0,0,0,0,0,0,0.000,0,RECOVERING,1269,0,0.063,0.009,-0.063,0.000,0.000,-0.008,-0.031,1.000,-0.008,0.004,0.004,0.000,0.000,0.000,0.000,0,NULL,NULL,,5,0,1,1,255,0,250,0,0
baseline,1361,1361,0,1361,2013898.558,-0.793,-0.000,-0.001,0.610,0,0,0,0,0,0,0,0,0,0.000,0,RECOVERING,1269,0,0.108,0.004,-0.063,0.063,-0.063,-0.008,-0.031,1.000,-0.004,0.000,0.004,0.000,0.000,0.000,0.000,0,NULL,NULL,,5,0,1,1,255,0,250,0,0
baseline,1366,1366,0,1366,2013903.558,-0.793,-0.000,-0.001,0.610,0,0,0,0,0,0,0,0,0,0.000,0,RECOVERING,1269,0,0.000,0.000,0.000,0.000,0.000,-0.008,-0.031,1.000,0.000,0.000,0.008,0.000,0.000,0.000,0.000,0,NULL,NULL,,5,0,1,1,255,0,250,0,0
baseline,1371,1371,0,1371,2013908.558,-0.793,-0.000,-0.001,0.610,0,0,0,0,0,0,0,0,0,0.000,0,RECOVERING,1269,0,0.088,0.008,-0.063,0.000,-0.063,-0.008,-0.031,1.000,0.008,0.000,0.000,0.000,0.000,0.000,0.000,0,NULL,NULL,,5,0,1,1,255,0,250,0,0
baseline,1376,1376,0,1376,2013913.558,-0.793,-0.000,-0.001,0.610,0,0,0,0,0,0,0,0,0,0.000,0,RECOVERING,1269,0,0.063,0.009,-0.063,0.000,0.000,-0.008,-0.031,1.000,0.008,0.004,0.000,0.000,0.000,0.000,0.000,0,NULL,NULL,,5,0,1,1,255,0,250,0,0
baseline,1381,1381,0,1381,2013918.558,-0.793,-0.000,-0.001,0.610,0,0,0,0,0,0,0,0,0,0.000,0,RECOVERING,1269,0,0.000,0.006,0.000,0.000,0.000,-0.008,-0.031,1.000,0.004,-0.004,0.000,0.000,0.000,0.000,0.000,0,NULL,NULL,,5,0,1,1,255,0,250,0,0
baseline,1386,1386,0,1386,2013923.558,-0.793,-0.000,-0.001,0.610,0,0,0,0,0,0,0,0,0,0.000,0,RECOVERING,1269,0,0.088,0.004,-0.063,-0.063,0.000,-0.008,-0.031,1.000,0.004,0.000,0.004,0.000,0.000,0.000,0.000,0,NULL,NULL,,5,0,1,1,255,0,250,0,0
baseline,1391,1391,0,1391,2013928.558,-0.793,-0.000,-0.001,0.610,0,0,0,0,0,0,0,0,0,0.000,0,RECOVERING,1269,0,0.063,0.009,-0.063,0.000,0.000,-0.008,-0.031,1.000,0.004,-0.008,0.004,0.000,0.000,0.000,0.000,0,NULL,NULL,,5,0,1,1,255,0,250,0,0
baseline,1396,1396,0,1396,2013933.558,-0.793,-0.000,-0.001,0.610,0,0,0,0,0,0,0,0,0,0.000,0,RECOVERING,1269,0,0.063,0.004,-0.063,0.000,0.000,-0.008,-0.031,1.000,0.004,0.000,0.000,0.000,0.000,0.000,0.000,0,NULL,NULL,,5,0,1,1,255,0,250,0,0
baseline,1401,1401,0,1401,2013938.558,-0.793,-0.000,-0.001,0.610,0,0,0,0,0,0,0,0,0,0.000,0,RECOVERING,1269,0,0.063,0.011,-0.063,0.000,0.000,-0.008,-0.031,1.000,0.008,0.008,-0.004,0.000,0.000,0.000,0.000,0,NULL,NULL,,5,0,1,1,255,0,250,0,0
baseline,1406,1406,0,1406,2013943.558,-0.793,-0.000,-0.001,0.610,0,0,0,0,0,0,0,0,0,0.000,0,RECOVERING,1269,0,0.063,0.009,-0.063,0.000,0.000,-0.008,-0.031,1.000,0.004,0.008,-0.004,0.000,0.000,0.000,0.000,0,NULL,NULL,,5,0,1,1,255,0,250,0,0
baseline,1411,1411,0,1411,2013948.558,-0.793,-0.000,-0.001,0.610,0,0,0,0,0,0,0,0,0,0.000,0,RECOVERING,1269,0,0.063,0.006,-0.063,0.000,0.000,-0.008,-0.031,1.000,0.004,0.004,-0.004,0.000,0.000,0.000,0.000,0,NULL,NULL,,5,0,1,1,255,0,250,0,0
baseline,1416,1416,0,1416,2013953.558,-0.793,-0.000,-0.001,0.610,0,0,0,0,0,0,0,0,0,0.000,0,RECOVERING,1269,0,0.088,0.006,-0.063,0.000,-0.063,-0.008,-0.031,1.000,0.004,0.004,0.004,0.000,0.000,0.000,0.000,0,NULL,NULL,,5,0,1,1,255,0,250,0,0
baseline,1421,1421,0,1421,2013958.558,-0.793,-0.000,-0.001,0.610,0,0,0,0,0,0,0,0,0,0.000,0,RECOVERING,1269,0,0.000,0.004,0.000,0.000,0.000,-0.008,-0.031,1.000,0.004,0.000,-0.004,0.000,0.000,0.000,0.000,0,NULL,NULL,,5,0,1,1,255,0,250,0,0
baseline,1426,1426,0,1426,2013963.558,-0.793,-0.000,-0.001,0.610,0,0,0,0,0,0,0,0,0,0.000,0,RECOVERING,1269,0,0.088,0.000,-0.063,0.063,0.000,-0.008,-0.031,1.000,0.000,0.000,-0.004,0.000,0.000,0.000,0.000,0,NULL,NULL,,5,0,1,1,255,0,250,0,0
baseline,1431,1431,0,1431,2013968.558,-0.793,-0.000,-0.001,0.610,0,0,0,0,0,0,0,0,0,0.000,0,RECOVERING,1269,0,0.063,0.008,0.000,0.000,-0.063,-0.008,-0.031,1.000,0.000,-0.008,-0.012,0.000,0.000,0.000,0.000,0,NULL,NULL,,5,0,1,1,255,0,250,0,0
baseline,1436,1436,0,1436,2013973.558,-0.793,-0.000,-0.001,0.610,0,0,0,0,0,0,0,0,0,0.000,0,RECOVERING,1269,0,0.063,0.008,-0.063,0.000,0.000,-0.012,-0.031,1.000,0.000,-0.008,-0.012,0.000,0.000,0.000,0.000,0,NULL,NULL,,5,0,1,1,255,0,250,0,0
baseline,1441,1441,0,1441,2013978.558,-0.793,-0.000,-0.001,0.610,0,0,0,0,0,0,0,0,0,0.000,0,RECOVERING,1269,0,0.063,0.009,-0.063,0.000,0.000,-0.008,-0.031,1.000,0.004,-0.008,0.000,0.000,0.000,0.000,0.000,0,NULL,NULL,,5,0,1,1,255,0,250,0,0
baseline,1446,1446,0,1446,2013983.558,-0.793,-0.000,-0.001,0.610,0,0,0,0,0,0,0,0,0,0.000,0,RECOVERING,1269,0,0.088,0.008,-0.063,0.063,0.000,-0.008,-0.031,1.000,0.000,-0.008,0.004,0.000,0.000,0.000,0.000,0,NULL,NULL,,5,0,1,1,255,0,250,0,0
baseline,1451,1451,0,1451,2013988.558,-0.793,-0.000,-0.001,0.610,0,0,0,0,0,0,0,0,0,0.000,0,RECOVERING,1269,0,0.088,0.004,-0.063,0.000,-0.063,-0.008,-0.027,1.000,0.000,-0.004,0.004,0.000,0.000,0.000,0.000,0,NULL,NULL,,5,0,1,1,255,0,250,0,0
baseline,1456,1456,0,1456,2013993.558,-0.793,-0.000,-0.001,0.610,0,0,0,0,0,0,0,0,0,0.000,0,RECOVERING,1269,0,0.063,0.004,0.000,0.000,-0.063,-0.008,-0.031,1.000,0.000,-0.004,0.004,0.000,0.000,0.000,0.000,0,NULL,NULL,,5,0,1,1,255,0,250,0,0
baseline,1461,1461,0,1461,2013998.558,-0.793,-0.000,-0.001,0.610,0,0,0,0,0,0,0,0,0,0.000,0,RECOVERING,1269,0,0.063,0.004,-0.063,0.000,0.000,-0.008,-0.031,1.000,0.000,-0.004,0.004,0.000,0.000,0.000,0.000,0,NULL,NULL,,5,0,1,1,255,0,250,0,0
baseline,1466,1466,0,1466,2014003.558,-0.793,-0.000,-0.001,0.610,0,0,0,0,0,0,0,0,0,0.000,0,RECOVERING,1269,0,0.063,0.004,-0.063,0.000,0.000,-0.012,-0.031,1.000,0.000,-0.004,0.004,0.000,0.000,0.000,0.000,0,NULL,NULL,,5,0,1,1,255,0,250,0,0
baseline,1471,1471,0,1471,2014008.558,-0.793,-0.000,-0.001,0.610,0,0,0,0,0,0,0,0,0,0.000,0,RECOVERING,1269,0,0.088,0.000,-0.063,0.000,-0.063,-0.008,-0.031,1.000,0.000,0.000,0.004,0.000,0.000,0.000,0.000,0,NULL,NULL,,5,0,1,1,255,0,250,0,0
baseline,1476,1476,0,1476,2014013.558,-0.793,-0.000,-0.001,0.610,0,0,0,0,0,0,0,0,0,0.000,0,RECOVERING,1269,0,0.063,0.006,0.000,-0.063,0.000,-0.008,-0.031,1.000,-0.004,-0.004,0.004,0.000,0.000,0.000,0.000,0,NULL,NULL,,5,0,1,1,255,0,250,0,0
baseline,1481,1481,0,1481,2014018.558,-0.793,-0.000,-0.001,0.610,0,0,0,0,0,0,0,0,0,0.000,0,RECOVERING,1269,0,0.063,0.006,-0.063,0.000,0.000,-0.008,-0.031,1.000,-0.004,-0.004,0.004,0.000,0.000,0.000,0.000,0,NULL,NULL,,5,0,1,1,255,0,250,0,0
baseline,1486,1486,0,1486,2014023.558,-0.793,-0.000,-0.001,0.610,0,0,0,0,0,0,0,0,0,0.000,0,RECOVERING,1269,0,0.063,0.006,0.000,0.000,-0.063,-0.008,-0.031,1.000,-0.004,-0.004,0.004,0.000,0.000,0.000,0.000,0,NULL,NULL,,5,0,1,1,255,0,250,0,0
baseline,1491,1491,0,1491,2014028.558,-0.793,-0.000,-0.001,0.610,0,0,0,0,0,0,0,0,0,0.000,0,RECOVERING,1269,0,0.063,0.004,-0.063,0.000,0.000,-0.012,-0.031,1.000,0.000,-0.004,0.004,0.000,0.000,0.000,0.000,0,NULL,NULL,,5,0,1,1,255,0,250,0,0
baseline,1496,1496,0,1496,2014033.558,-0.793,-0.000,-0.001,0.610,0,0,0,0,0,0,0,0,0,0.000,0,RECOVERING,1269,0,0.000,0.008,0.000,0.000,0.000,-0.008,-0.031,1.000,0.000,-0.008,0.004,0.000,0.000,0.000,0.000,0,NULL,NULL,,5,0,1,1,255,0,250,0,0
baseline,1501,1501,0,1501,2014038.558,-0.793,-0.000,-0.001,0.610,0,0,0,0,0,0,0,0,0,0.000,0,RECOVERING,1269,0,0.000,0.008,0.000,0.000,0.000,-0.008,-0.031,1.000,0.000,-0.008,0.000,0.000,0.000,0.000,0.000,0,NULL,NULL,,5,0,1,1,255,0,250,0,0
baseline,1506,1506,0,1506,2014043.558,-0.793,-0.000,-0.001,0.610,0,0,0,0,0,0,0,0,0,0.000,0,RECOVERING,1269,0,0.088,0.004,-0.063,0.000,-0.063,-0.008,-0.031,1.000,0.000,0.004,0.000,0.000,0.000,0.000,0.000,0,NULL,NULL,,5,0,1,1,255,0,250,0,0
baseline,1511,1511,0,1511,2014048.558,-0.793,-0.000,-0.001,0.610,0,0,0,0,0,0,0,0,0,0.000,0,RECOVERING,1269,0,0.000,0.004,0.000,0.000,0.000,-0.008,-0.031,1.000,0.000,0.004,-0.004,0.000,0.000,0.000,0.000,0,NULL,NULL,,5,0,1,1,255,0,250,0,0
baseline,1516,1516,0,1516,2014053.558,-0.793,-0.000,-0.001,0.610,0,0,0,0,0,0,0,0,0,0.000,0,RECOVERING,1269,0,0.108,0.004,-0.063,0.063,-0.063,-0.008,-0.031,1.000,0.000,0.004,0.004,0.000,0.000,0.000,0.000,0,NULL,NULL,,5,0,1,1,255,0,250,0,0
baseline,1521,1521,0,1521,2014058.558,-0.793,-0.000,-0.001,0.610,0,0,0,0,0,0,0,0,0,0.000,0,RECOVERING,1269,0,0.063,0.004,-0.063,0.000,0.000,-0.008,-0.031,1.000,0.000,0.004,-0.004,0.000,0.000,0.000,0.000,0,NULL,NULL,,5,0,1,1,255,0,250,0,0
baseline,1526,1526,0,1526,2014063.558,-0.793,-0.000,-0.001,0.610,0,0,0,0,0,0,0,0,0,0.000,0,RECOVERING,1269,0,0.125,0.004,-0.125,0.000,0.000,-0.008,-0.031,1.000,0.000,0.004,0.004,0.000,0.000,0.000,0.000,0,NULL,NULL,,5,0,1,1,255,0,250,0,0
baseline,1531,1531,0,1531,2014068.558,-0.793,-0.000,-0.001,0.610,0,0,0,0,0,0,0,0,0,0.000,0,RECOVERING,1269,0,0.088,0.004,-0.063,0.000,-0.063,-0.008,-0.031,1.000,0.000,0.004,0.004,0.000,0.000,0.000,0.000,0,NULL,NULL,,5,0,1,1,255,0,250,0,0
baseline,1536,1536,0,1536,2014073.558,-0.793,-0.000,-0.001,0.610,0,0,0,0,0,0,0,0,0,0.000,0,RECOVERING,1269,0,0.088,0.004,-0.063,0.000,-0.063,-0.008,-0.031,1.000,0.000,0.004,0.004,0.000,0.000,0.000,0.000,0,NULL,NULL,,5,0,1,1,255,0,250,0,0
baseline,1541,1541,0,1541,2014078.558,-0.793,-0.000,-0.001,0.610,0,0,0,0,0,0,0,0,0,0.000,0,RECOVERING,1269,0,0.000,0.004,0.000,0.000,0.000,-0.008,-0.031,1.000,0.004,0.000,0.004,0.000,0.000,0.000,0.000,0,NULL,NULL,,5,0,1,1,255,0,250,0,0
baseline,1546,1546,0,1546,2014083.558,-0.793,-0.000,-0.001,0.610,0,0,0,0,0,0,0,0,0,0.000,0,RECOVERING,1269,0,0.088,0.000,-0.063,0.000,-0.063,-0.008,-0.031,1.000,0.000,0.000,0.004,0.000,0.000,0.000,0.000,0,NULL,NULL,,5,0,1,1,255,0,250,0,0
baseline,1551,1551,0,1551,2014088.558,-0.793,-0.000,-0.001,0.610,0,0,0,0,0,0,0,0,0,0.000,0,RECOVERING,1269,0,0.088,0.004,-0.063,0.000,-0.063,-0.008,-0.031,1.000,0.004,0.000,0.004,0.000,0.000,0.000,0.000,0,NULL,NULL,,5,0,1,1,255,0,250,0,0
baseline,1556,1556,0,1556,2014093.558,-0.793,-0.000,-0.001,0.610,0,0,0,0,0,0,0,0,0,0.000,0,RECOVERING,1269,0,0.088,0.006,-0.063,0.000,-0.063,-0.012,-0.031,1.000,-0.004,-0.004,0.004,0.000,0.000,0.000,0.000,0,NULL,NULL,,5,0,1,1,255,0,250,0,0
baseline,1561,1561,0,1561,2014098.558,-0.793,-0.000,-0.001,0.610,0,0,0,0,0,0,0,0,0,0.000,0,RECOVERING,1269,0,0.088,0.006,-0.063,0.000,-0.063,-0.008,-0.031,1.000,0.004,-0.004,-0.004,0.000,0.000,0.000,0.000,0,NULL,NULL,,5,0,1,1,255,0,250,0,0
baseline,1566,1566,0,1566,2014103.558,-0.793,-0.000,-0.001,0.610,0,0,0,0,0,0,0,0,0,0.000,0,RECOVERING,1269,0,0.063,0.004,-0.063,0.000,0.000,-0.008,-0.031,1.000,0.004,0.000,-0.004,0.000,0.000,0.000,0.000,0,NULL,NULL,,5,0,1,1,255,0,250,0,0
baseline,1571,1571,0,1571,2014108.558,-0.793,-0.000,-0.001,0.610,0,0,0,0,0,0,0,0,0,0.000,0,RECOVERING,1269,0,0.063,0.004,-0.063,0.000,0.000,-0.008,-0.031,1.000,0.004,0.000,-0.004,0.000,0.000,0.000,0.000,0,NULL,NULL,,5,0,1,1,255,0,250,0,0
baseline,1576,1576,0,1576,2014113.558,-0.793,-0.000,-0.001,0.610,0,0,0,0,0,0,0,0,0,0.000,0,RECOVERING,1269,0,0.063,0.004,-0.063,0.000,0.000,-0.008,-0.031,1.000,0.004,0.000,-0.004,0.000,0.000,0.000,0.000,0,NULL,NULL,,5,0,1,1,255,0,250,0,0
baseline,1581,1581,0,1581,2014118.558,-0.793,-0.000,-0.001,0.610,0,0,0,0,0,0,0,0,0,0.000,0,RECOVERING,1269,0,0.063,0.004,0.000,0.000,-0.063,-0.008,-0.031,1.000,-0.004,0.000,-0.004,0.000,0.000,0.000,0.000,0,NULL,NULL,,5,0,1,1,255,0,250,0,0
baseline,1586,1586,0,1586,2014123.558,-0.793,-0.000,-0.001,0.610,0,0,0,0,0,0,0,0,0,0.000,0,RECOVERING,1269,0,0.088,0.004,-0.063,0.000,-0.063,-0.008,-0.027,1.000,-0.004,0.000,0.000,0.000,0.000,0.000,0.000,0,NULL,NULL,,5,0,1,1,255,0,250,0,0
baseline,1591,1591,0,1591,2014128.558,-0.793,-0.000,-0.001,0.610,0,0,0,0,0,0,0,0,0,0.000,0,RECOVERING,1269,0,0.063,0.004,-0.063,0.000,0.000,-0.008,-0.031,1.000,-0.004,0.000,0.004,0.000,0.000,0.000,0.000,0,NULL,NULL,,5,0,1,1,255,0,250,0,0
baseline,1596,1596,0,1596,2014133.558,-0.793,-0.000,-0.001,0.610,0,0,0,0,0,0,0,0,0,0.000,0,RECOVERING,1269,0,0.000,0.004,0.000,0.000,0.000,-0.008,-0.031,1.000,-0.004,0.000,0.004,0.000,0.000,0.000,0.000,0,NULL,NULL,,5,0,1,1,255,0,250,0,0
baseline,1601,1601,0,1601,2014138.558,-0.793,-0.000,-0.001,0.610,0,0,0,0,0,0,0,0,0,0.000,0,RECOVERING,1269,0,0.088,0.009,-0.063,0.000,-0.063,-0.012,-0.031,1.000,-0.004,-0.008,0.004,0.000,0.000,0.000,0.000,0,NULL,NULL,,5,0,1,1,255,0,250,0,0
baseline,1606,1606,0,1606,2014143.558,-0.793,-0.000,-0.001,0.610,0,0,0,0,0,0,0,0,0,0.000,0,RECOVERING,1269,0,0.108,0.004,-0.063,-0.063,-0.063,-0.008,-0.031,1.000,-0.004,0.000,-0.008,0.000,0.000,0.000,0.000,0,NULL,NULL,,5,0,1,1,255,0,250,0,0
baseline,1611,1611,0,1611,2014148.558,-0.793,-0.000,-0.001,0.610,0,0,0,0,0,0,0,0,0,0.000,0,RECOVERING,1269,0,0.063,0.000,-0.063,0.000,0.000,-0.008,-0.031,1.000,0.000,0.000,-0.008,0.000,0.000,0.000,0.000,0,NULL,NULL,,5,0,1,1,255,0,250,0,0
baseline,1616,1616,0,1616,2014153.558,-0.793,-0.000,-0.001,0.610,0,0,0,0,0,0,0,0,0,0.000,0,RECOVERING,1269,0,0.063,0.004,-0.063,0.000,0.000,-0.008,-0.031,1.000,0.004,0.000,-0.008,0.000,0.000,0.000,0.000,0,NULL,NULL,,5,0,1,1,255,0,250,0,0
baseline,1621,1621,0,1621,2014158.558,-0.793,-0.000,-0.001,0.610,0,0,0,0,0,0,0,0,0,0.000,0,RECOVERING,1269,0,0.063,0.004,-0.063,0.000,0.000,-0.008,-0.031,1.000,0.004,0.000,0.004,0.000,0.000,0.000,0.000,0,NULL,NULL,,5,0,1,1,255,0,250,0,0
baseline,1626,1626,0,1626,2014163.558,-0.793,-0.000,-0.001,0.610,0,0,0,0,0,0,0,0,0,0.000,0,RECOVERING,1269,0,0.088,0.004,-0.063,0.000,-0.063,-0.008,-0.031,1.000,0.004,0.000,0.004,0.000,0.000,0.000,0.000,0,NULL,NULL,,5,0,1,1,255,0,250,0,0
baseline,1631,1631,0,1631,2014168.558,-0.793,-0.000,-0.001,0.610,0,0,0,0,0,0,0,0,0,0.000,0,RECOVERING,1269,0,0.063,0.006,-0.063,0.000,0.000,-0.008,-0.031,1.000,0.004,-0.004,0.004,0.000,0.000,0.000,0.000,0,NULL,NULL,,5,0,1,1,255,0,250,0,0
baseline,1636,1636,0,1636,2014173.558,-0.793,-0.000,-0.001,0.610,0,0,0,0,0,0,0,0,0,0.000,0,RECOVERING,1269,0,0.063,0.009,-0.063,0.000,0.000,-0.012,-0.031,1.000,-0.004,-0.008,-0.004,0.000,0.000,0.000,0.000,0,NULL,NULL,,5,0,1,1,255,0,250,0,0
baseline,1641,1641,0,1641,2014178.558,-0.793,-0.000,-0.001,0.610,0,0,0,0,0,0,0,0,0,0.000,0,RECOVERING,1269,0,0.088,0.011,-0.063,0.000,-0.063,-0.008,-0.031,1.000,-0.008,-0.008,-0.004,0.000,0.000,0.000,0.000,0,NULL,NULL,,5,0,1,1,255,0,250,0,0
baseline,1646,1646,0,1646,2014183.558,-0.793,-0.000,-0.001,0.610,0,0,0,0,0,0,0,0,0,0.000,0,RECOVERING,1269,0,0.063,0.009,0.000,0.000,-0.063,-0.008,-0.031,1.000,-0.008,-0.004,-0.004,0.000,0.000,0.000,0.000,0,NULL,NULL,,5,0,1,1,255,0,250,0,0
baseline,1651,1651,0,1651,2014188.558,-0.793,-0.000,-0.001,0.610,0,0,0,0,0,0,0,0,0,0.000,0,RECOVERING,1269,0,0.140,0.004,-0.125,0.000,-0.063,-0.008,-0.031,1.000,0.000,-0.004,-0.004,0.000,0.000,0.000,0.000,0,NULL,NULL,,5,0,1,1,255,0,250,0,0
baseline,1656,1656,0,1656,2014193.558,-0.793,-0.000,-0.001,0.610,0,0,0,0,0,0,0,0,0,0.000,0,RECOVERING,1269,0,0.140,0.004,-0.125,0.000,-0.063,-0.008,-0.031,1.000,0.000,0.004,-0.008,0.000,0.000,0.000,0.000,0,NULL,NULL,,5,0,1,1,255,0,250,0,0
baseline,1661,1661,0,1661,2014198.558,-0.793,-0.000,-0.001,0.610,0,0,0,0,0,0,0,0,0,0.000,0,RECOVERING,1269,0,0.063,0.006,-0.063,0.000,0.000,-0.008,-0.031,1.000,-0.004,0.004,-0.004,0.000,0.000,0.000,0.000,0,NULL,NULL,,5,0,1,1,255,0,250,0,0
baseline,1666,1666,0,1666,2014203.558,-0.793,-0.000,-0.001,0.610,0,0,0,0,0,0,0,0,0,0.000,0,RECOVERING,1269,0,0.088,0.006,-0.063,0.000,-0.063,-0.008,-0.031,1.000,-0.004,0.004,-0.008,0.000,0.000,0.000,0.000,0,NULL,NULL,,5,0,1,1,255,0,250,0,0
baseline,1671,1671,0,1671,2014208.558,-0.793,-0.000,-0.001,0.610,0,0,0,0,0,0,0,0,0,0.000,0,RECOVERING,1269,0,0.088,0.004,-0.063,0.000,-0.063,-0.008,-0.031,1.000,-0.004,0.000,-0.004,0.000,0.000,0.000,0.000,0,NULL,NULL,,5,0,1,1,255,0,250,0,0
baseline,1676,1676,0,1676,2014213.558,-0.793,-0.000,-0.001,0.610,0,0,0,0,0,0,0,0,0,0.000,0,RECOVERING,1269,0,0.088,0.000,-0.063,0.000,-0.063,-0.008,-0.031,1.000,0.000,0.000,0.004,0.000,0.000,0.000,0.000,0,NULL,NULL,,5,0,1,1,255,0,250,0,0
baseline,1681,1681,0,1681,2014218.558,-0.793,-0.000,-0.001,0.610,0,0,0,0,0,0,0,0,0,0.000,0,RECOVERING,1269,0,0.063,0.000,-0.063,0.000,0.000,-0.012,-0.031,1.000,0.000,0.000,0.004,0.000,0.000,0.000,0.000,0,NULL,NULL,,5,0,1,1,255,0,250,0,0
baseline,1686,1686,0,1686,2014223.558,-0.793,-0.000,-0.001,0.610,0,0,0,0,0,0,0,0,0,0.000,0,RECOVERING,1269,0,0.088,0.004,-0.063,0.000,-0.063,-0.008,-0.031,1.000,0.004,0.000,0.004,0.000,0.000,0.000,0.000,0,NULL,NULL,,5,0,1,1,255,0,250,0,0
baseline,1691,1691,0,1691,2014228.558,-0.793,-0.000,-0.001,0.610,0,0,0,0,0,0,0,0,0,0.000,0,RECOVERING,1269,0,0.063,0.004,-0.063,0.000,0.000,-0.008,-0.031,1.000,0.004,0.000,0.004,0.000,0.000,0.000,0.000,0,NULL,NULL,,5,0,1,1,255,0,250,0,0
baseline,1696,1696,0,1696,2014233.558,-0.793,-0.000,-0.001,0.610,0,0,0,0,0,0,0,0,0,0.000,0,RECOVERING,1269,0,0.063,0.006,0.000,0.000,-0.063,-0.008,-0.031,1.000,0.004,0.004,0.008,0.000,0.000,0.000,0.000,0,NULL,NULL,,5,0,1,1,255,0,250,0,0
baseline,1701,1701,0,1701,2014238.558,-0.793,-0.000,-0.001,0.610,0,0,0,0,0,0,0,0,0,0.000,0,RECOVERING,1269,0,0.108,0.004,-0.063,0.063,-0.063,-0.008,-0.031,1.000,0.000,0.004,0.008,0.000,0.000,0.000,0.000,0,NULL,NULL,,5,0,1,1,255,0,250,0,0
baseline,1706,1706,0,1706,2014243.558,-0.793,-0.000,-0.001,0.610,0,0,0,0,0,0,0,0,0,0.000,0,RECOVERING,1269,0,0.063,0.000,-0.063,0.000,0.000,-0.008,-0.031,1.000,0.000,0.000,0.008,0.000,0.000,0.000,0.000,0,NULL,NULL,,5,0,1,1,255,0,250,0,0
baseline,1711,1711,0,1711,2014248.558,-0.793,-0.000,-0.001,0.610,0,0,0,0,0,0,0,0,0,0.000,0,RECOVERING,1269,0,0.063,0.000,0.000,0.000,-0.063,-0.008,-0.031,1.000,0.000,0.000,-0.004,0.000,0.000,0.000,0.000,0,NULL,NULL,,5,0,1,1,255,0,250,0,0
baseline,1716,1716,0,1716,2014253.558,-0.793,-0.000,-0.001,0.610,0,0,0,0,0,0,0,0,0,0.000,0,RECOVERING,1269,0,0.108,0.006,-0.063,0.063,-0.063,-0.008,-0.027,1.000,-0.004,-0.004,-0.004,0.000,0.000,0.000,0.000,0,NULL,NULL,,5,0,1,1,255,0,250,0,0
baseline,1721,1721,0,1721,2014258.558,-0.793,-0.000,-0.001,0.610,0,0,0,0,0,0,0,0,0,0.000,0,RECOVERING,1269,0,0.063,0.004,-0.063,0.000,0.000,-0.008,-0.031,1.000,0.000,-0.004,0.004,0.000,0.000,0.000,0.000,0,NULL,NULL,,5,0,1,1,255,0,250,0,0
baseline,1726,1726,0,1726,2014263.558,-0.793,-0.000,-0.001,0.610,0,0,0,0,0,0,0,0,0,0.000,0,RECOVERING,1269,0,0.108,0.004,-0.063,0.063,-0.063,-0.008,-0.031,1.000,-0.004,0.000,0.004,0.000,0.000,0.000,0.000,0,NULL,NULL,,5,0,1,1,255,0,250,0,0
baseline,1731,1731,0,1731,2014268.558,-0.793,-0.000,-0.001,0.610,0,0,0,0,0,0,0,0,0,0.000,0,RECOVERING,1269,0,0.088,0.009,-0.063,-0.063,0.000,-0.008,-0.027,1.000,-0.004,0.008,0.004,0.000,0.000,0.000,0.000,0,NULL,NULL,,5,0,1,1,255,0,250,0,0
baseline,1736,1736,0,1736,2014273.558,-0.793,-0.000,-0.001,0.610,0,0,0,0,0,0,0,0,0,0.000,0,RECOVERING,1269,0,0.108,0.011,-0.063,0.063,-0.063,-0.008,-0.027,1.000,-0.008,0.008,0.004,0.000,0.000,0.000,0.000,0,NULL,NULL,,5,0,1,1,255,0,250,0,0
baseline,1741,1741,0,1741,2014278.558,-0.793,-0.000,-0.001,0.610,0,0,0,0,0,0,0,0,0,0.000,0,RECOVERING,1269,0,0.088,0.011,-0.063,0.000,-0.063,-0.008,-0.031,1.000,-0.008,0.008,0.004,0.000,0.000,0.000,0.000,0,NULL,NULL,,5,0,1,1,255,0,250,0,0
baseline,1746,1746,0,1746,2014283.558,-0.793,-0.000,-0.001,0.610,0,0,0,0,0,0,0,0,0,0.000,0,RECOVERING,1269,0,0.063,0.004,-0.063,0.000,0.000,-0.008,-0.031,1.000,0.000,0.004,0.004,0.000,0.000,0.000,0.000,0,NULL,NULL,,5,0,1,1,255,0,250,0,0
baseline,1751,1751,0,1751,2014288.558,-0.793,-0.000,-0.001,0.610,0,0,0,0,0,0,0,0,0,0.000,0,RECOVERING,1269,0,0.063,0.004,-0.063,0.000,0.000,-0.008,-0.031,1.000,0.000,0.004,0.004,0.000,0.000,0.000,0.000,0,NULL,NULL,,5,0,1,1,255,0,250,0,0
baseline,1756,1756,0,1756,2014293.558,-0.793,-0.000,-0.001,0.610,0,0,0,0,0,0,0,0,0,0.000,0,RECOVERING,1269,0,0.108,0.000,-0.063,0.063,-0.063,-0.008,-0.031,1.000,0.000,0.000,0.004,0.000,0.000,0.000,0.000,0,NULL,NULL,,5,0,1,1,255,0,250,0,0
baseline,1761,1761,0,1761,2014298.558,-0.793,-0.000,-0.001,0.610,0,0,0,0,0,0,0,0,0,0.000,0,RECOVERING,1269,0,0.063,0.004,-0.063,0.000,0.000,-0.008,-0.031,1.000,0.000,0.004,-0.004,0.000,0.000,0.000,0.000,0,NULL,NULL,,5,0,1,1,255,0,250,0,0
baseline,1766,1766,0,1766,2014303.558,-0.793,-0.000,-0.001,0.610,0,0,0,0,0,0,0,0,0,0.000,0,RECOVERING,1269,0,0.088,0.004,-0.063,0.000,-0.063,-0.008,-0.027,1.000,0.000,0.004,-0.008,0.000,0.000,0.000,0.000,0,NULL,NULL,,5,0,1,1,255,0,250,0,0
baseline,1771,1771,0,1771,2014308.558,-0.793,-0.000,-0.001,0.610,0,0,0,0,0,0,0,0,0,0.000,0,RECOVERING,1269,0,0.063,0.009,-0.063,0.000,0.000,-0.008,-0.031,1.000,-0.004,0.008,-0.012,0.000,0.000,0.000,0.000,0,NULL,NULL,,5,0,1,1,255,0,250,0,0
baseline,1776,1776,0,1776,2014313.558,-0.793,-0.000,-0.001,0.610,0,0,0,0,0,0,0,0,0,0.000,0,RECOVERING,1269,0,0.063,0.009,-0.063,0.000,0.000,-0.008,-0.031,1.000,-0.004,0.008,-0.012,0.000,0.000,0.000,0.000,0,NULL,NULL,,5,0,1,1,255,0,250,0,0
baseline,1781,1781,0,1781,2014318.558,-0.793,-0.000,-0.001,0.610,0,0,0,0,0,0,0,0,0,0.000,0,RECOVERING,1269,0,0.088,0.009,-0.063,0.000,-0.063,-0.008,-0.027,1.000,-0.004,0.008,0.000,0.000,0.000,0.000,0.000,0,NULL,NULL,,5,0,1,1,255,0,250,0,0
baseline,1786,1786,0,1786,2014323.558,-0.793,-0.000,-0.001,0.610,0,0,0,0,0,0,0,0,0,0.000,0,RECOVERING,1269,0,0.088,0.008,-0.063,0.000,-0.063,-0.008,-0.031,1.000,0.000,0.008,0.000,0.000,0.000,0.000,0.000,0,NULL,NULL,,5,0,1,1,255,0,250,0,0
baseline,1791,1791,0,1791,2014328.558,-0.793,-0.000,-0.001,0.610,0,0,0,0,0,0,0,0,0,0.000,0,RECOVERING,1269,0,0.063,0.009,-0.063,0.000,0.000,-0.008,-0.031,1.000,-0.008,-0.004,-0.004,0.000,0.000,0.000,0.000,0,NULL,NULL,,5,0,1,1,255,0,250,0,0
baseline,1796,1796,0,1796,2014333.558,-0.793,-0.000,-0.001,0.610,0,0,0,0,0,0,0,0,0,0.000,0,RECOVERING,1269,0,0.063,0.004,-0.063,0.000,0.000,-0.008,-0.031,1.000,0.000,-0.004,-0.008,0.000,0.000,0.000,0.000,0,NULL,NULL,,5,0,1,1,255,0,250,0,0
baseline,1801,1801,0,1801,2014338.558,-0.793,-0.000,-0.001,0.610,0,0,0,0,0,0,0,0,0,0.000,0,RECOVERING,1269,0,0.063,0.004,0.000,-0.063,0.000,-0.012,-0.031,1.000,0.000,-0.004,-0.004,0.000,0.000,0.000,0.000,0,NULL,NULL,,5,0,1,1,255,0,250,0,0
baseline,1806,1806,0,1806,2014343.558,-0.793,-0.000,-0.001,0.610,0,0,0,0,0,0,0,0,0,0.000,0,RECOVERING,1269,0,0.088,0.004,-0.063,0.000,-0.063,-0.008,-0.031,1.000,0.004,0.000,-0.008,0.000,0.000,0.000,0.000,0,NULL,NULL,,5,0,1,1,255,0,250,0,0
baseline,1811,1811,0,1811,2014348.558,-0.793,-0.000,-0.001,0.610,0,0,0,0,0,0,0,0,0,0.000,0,RECOVERING,1269,0,0.088,0.004,-0.063,0.000,-0.063,-0.008,-0.031,1.000,0.004,0.000,-0.008,0.000,0.000,0.000,0.000,0,NULL,NULL,,5,0,1,1,255,0,250,0,0
baseline,1816,1816,0,1816,2014353.558,-0.793,-0.000,-0.001,0.610,0,0,0,0,0,0,0,0,0,0.000,0,RECOVERING,1269,0,0.088,0.004,0.000,-0.063,-0.063,-0.008,-0.031,1.000,0.004,0.000,-0.008,0.000,0.000,0.000,0.000,0,NULL,NULL,,5,0,1,1,255,0,250,0,0
baseline,1821,1821,0,1821,2014358.558,-0.793,-0.000,-0.001,0.610,0,0,0,0,0,0,0,0,0,0.000,0,RECOVERING,1269,0,0.088,0.004,-0.063,0.000,-0.063,-0.008,-0.031,1.000,0.000,0.004,-0.008,0.000,0.000,0.000,0.000,0,NULL,NULL,,5,0,1,1,255,0,250,0,0
baseline,1826,1826,0,1826,2014363.558,-0.793,-0.000,-0.001,0.610,0,0,0,0,0,0,0,0,0,0.000,0,RECOVERING,1269,0,0.108,0.004,-0.063,-0.063,-0.063,-0.008,-0.031,1.000,-0.004,0.000,-0.008,0.000,0.000,0.000,0.000,0,NULL,NULL,,5,0,1,1,255,0,250,0,0
baseline,1831,1831,0,1831,2014368.558,-0.793,-0.000,-0.001,0.610,0,0,0,0,0,0,0,0,0,0.000,0,RECOVERING,1269,0,0.063,0.004,0.000,-0.063,0.000,-0.008,-0.031,1.000,-0.004,0.000,-0.008,0.000,0.000,0.000,0.000,0,NULL,NULL,,5,0,1,1,255,0,250,0,0
baseline,1836,1836,0,1836,2014373.558,-0.793,-0.000,-0.001,0.610,0,0,0,0,0,0,0,0,0,0.000,0,RECOVERING,1269,0,0.108,0.004,-0.063,0.063,-0.063,-0.008,-0.031,1.000,-0.004,0.000,0.004,0.000,0.000,0.000,0.000,0,NULL,NULL,,5,0,1,1,255,0,250,0,0
baseline,1841,1841,0,1841,2014378.558,-0.793,-0.000,-0.001,0.610,0,0,0,0,0,0,0,0,0,0.000,0,RECOVERING,1269,0,0.088,0.000,-0.063,0.000,-0.063,-0.008,-0.031,1.000,0.000,0.000,0.004,0.000,0.000,0.000,0.000,0,NULL,NULL,,5,0,1,1,255,0,250,0,0
baseline,1846,1846,0,1846,2014383.558,-0.793,-0.000,-0.001,0.610,0,0,0,0,0,0,0,0,0,0.000,0,RECOVERING,1269,0,0.063,0.000,0.000,-0.063,0.000,-0.008,-0.027,1.000,0.000,0.000,-0.012,0.000,0.000,0.000,0.000,0,NULL,NULL,,5,0,1,1,255,0,250,0,0
baseline,1851,1851,0,1851,2014388.558,-0.793,-0.000,-0.001,0.610,0,0,0,0,0,0,0,0,0,0.000,0,RECOVERING,1269,0,0.088,0.004,-0.063,0.000,-0.063,-0.008,-0.031,1.000,0.000,0.004,-0.012,0.000,0.000,0.000,0.000,0,NULL,NULL,,5,0,1,1,255,0,250,0,0
baseline,1856,1856,0,1856,2014393.558,-0.793,-0.000,-0.001,0.610,0,0,0,0,0,0,0,0,0,0.000,0,RECOVERING,1269,0,0.088,0.011,-0.063,0.063,0.000,-0.008,-0.027,1.000,-0.008,0.008,-0.012,0.000,0.000,0.000,0.000,0,NULL,NULL,,5,0,1,1,255,0,250,0,0
baseline,1861,1861,0,1861,2014398.558,-0.793,-0.000,-0.001,0.610,0,0,0,0,0,0,0,0,0,0.000,0,RECOVERING,1269,0,0.108,0.008,-0.063,0.063,-0.063,-0.008,-0.031,1.000,0.000,0.008,-0.012,0.000,0.000,0.000,0.000,0,NULL,NULL,,5,0,1,1,255,0,250,0,0
baseline,1866,1866,0,1866,2014403.558,-0.793,-0.000,-0.001,0.610,0,0,0,0,0,0,0,0,0,0.000,0,RECOVERING,1269,0,0.088,0.000,-0.063,0.000,-0.063,-0.012,-0.031,1.000,0.000,0.000,-0.008,0.000,0.000,0.000,0.000,0,NULL,NULL,,5,0,1,1,255,0,250,0,0
baseline,1871,1871,0,1871,2014408.558,-0.793,-0.000,-0.001,0.610,0,0,0,0,0,0,0,0,0,0.000,0,RECOVERING,1269,0,0.063,0.000,0.000,0.000,-0.063,-0.008,-0.031,1.000,0.000,0.000,-0.004,0.000,0.000,0.000,0.000,0,NULL,NULL,,5,0,1,1,255,0,250,0,0
baseline,1876,1876,0,1876,2014413.558,-0.793,-0.000,-0.001,0.610,0,0,0,0,0,0,0,0,0,0.000,0,RECOVERING,1269,0,0.125,0.006,-0.125,0.000,0.000,-0.008,-0.031,1.000,0.004,-0.004,-0.004,0.000,0.000,0.000,0.000,0,NULL,NULL,,5,0,1,1,255,0,250,0,0
baseline,1881,1881,0,1881,2014418.558,-0.793,-0.000,-0.001,0.610,0,0,0,0,0,0,0,0,0,0.000,0,RECOVERING,1269,0,0.000,0.006,0.000,0.000,0.000,-0.012,-0.031,1.000,0.004,-0.004,-0.004,0.000,0.000,0.000,0.000,0,NULL,NULL,,5,0,1,1,255,0,250,0,0
baseline,1886,1886,0,1886,2014423.558,-0.793,-0.000,-0.001,0.610,0,0,0,0,0,0,0,0,0,0.000,0,RECOVERING,1269,0,0.063,0.006,-0.063,0.000,0.000,-0.008,-0.031,1.000,0.004,-0.004,-0.012,0.000,0.000,0.000,0.000,0,NULL,NULL,,5,0,1,1,255,0,250,0,0
baseline,1891,1891,0,1891,2014428.558,-0.793,-0.000,-0.001,0.610,0,0,0,0,0,0,0,0,0,0.000,0,RECOVERING,1269,0,0.063,0.006,-0.063,0.000,0.000,-0.008,-0.027,1.000,0.004,0.004,-0.012,0.000,0.000,0.000,0.000,0,NULL,NULL,,5,0,1,1,255,0,250,0,0
baseline,1896,1896,0,1896,2014433.558,-0.793,-0.000,-0.001,0.610,0,0,0,0,0,0,0,0,0,0.000,0,RECOVERING,1269,0,0.088,0.009,-0.063,0.000,-0.063,-0.008,-0.031,1.000,0.008,0.004,0.004,0.000,0.000,0.000,0.000,0,NULL,NULL,,5,0,1,1,255,0,250,0,0
baseline,1901,1901,0,1901,2014438.558,-0.793,-0.000,-0.001,0.610,0,0,0,0,0,0,0,0,0,0.000,0,RECOVERING,1269,0,0.140,0.004,-0.125,0.063,0.000,-0.008,-0.031,1.000,-0.004,0.000,0.004,0.000,0.000,0.000,0.000,0,NULL,NULL,,5,0,1,1,255,0,250,0,0
baseline,1906,1906,0,1906,2014443.558,-0.793,-0.000,-0.001,0.610,0,0,0,0,0,0,0,0,0,0.000,0,RECOVERING,1269,0,0.063,0.008,-0.063,0.000,0.000,-0.008,-0.031,1.000,0.008,0.000,0.000,0.000,0.000,0.000,0.000,0,NULL,NULL,,5,0,1,1,255,0,250,0,0
baseline,1911,1911,0,1911,2014448.558,-0.793,-0.000,-0.001,0.610,0,0,0,0,0,0,0,0,0,0.000,0,RECOVERING,1269,0,0.088,0.004,-0.063,0.063,0.000,-0.008,-0.031,1.000,-0.004,0.000,0.000,0.000,0.000,0.000,0.000,0,NULL,NULL,,5,0,1,1,255,0,250,0,0
baseline,1916,1916,0,1916,2014453.558,-0.793,-0.000,-0.001,0.610,0,0,0,0,0,0,0,0,0,0.000,0,RECOVERING,1269,0,0.063,0.004,0.000,-0.063,0.000,-0.008,-0.031,1.000,-0.004,0.000,0.000,0.000,0.000,0.000,0.000,0,NULL,NULL,,5,0,1,1,255,0,250,0,0
baseline,1921,1921,0,1921,2014458.558,-0.793,-0.000,-0.001,0.610,0,0,0,0,0,0,0,0,0,0.000,0,RECOVERING,1269,0,0.063,0.004,0.000,0.063,0.000,-0.008,-0.031,1.000,-0.004,0.000,0.000,0.000,0.000,0.000,0.000,0,NULL,NULL,,5,0,1,1,255,0,250,0,0
baseline,1926,1926,0,1926,2014463.558,-0.793,-0.000,-0.001,0.610,0,0,0,0,0,0,0,0,0,0.000,0,RECOVERING,1269,0,0.000,0.004,0.000,0.000,0.000,-0.008,-0.031,1.000,-0.004,0.000,-0.004,0.000,0.000,0.000,0.000,0,NULL,NULL,,5,0,1,1,255,0,250,0,0
baseline,1931,1931,0,1931,2014468.558,-0.793,-0.000,-0.001,0.610,0,0,0,0,0,0,0,0,0,0.000,0,RECOVERING,1269,0,0.063,0.006,0.000,0.000,-0.063,-0.008,-0.027,1.000,-0.004,0.004,-0.004,0.000,0.000,0.000,0.000,0,NULL,NULL,,5,0,1,1,255,0,250,0,0
baseline,1936,1936,0,1936,2014473.558,-0.793,-0.000,-0.001,0.610,0,0,0,0,0,0,0,0,0,0.000,0,RECOVERING,1269,0,0.088,0.004,-0.063,0.000,-0.063,-0.008,-0.031,1.000,-0.004,0.000,0.000,0.000,0.000,0.000,0.000,0,NULL,NULL,,5,0,1,1,255,0,250,0,0
baseline,1941,1941,0,1941,2014478.558,-0.793,-0.000,-0.001,0.610,0,0,0,0,0,0,0,0,0,0.000,0,RECOVERING,1269,0,0.088,0.009,-0.063,0.000,-0.063,-0.008,-0.027,1.000,-0.008,0.004,0.004,0.000,0.000,0.000,0.000,0,NULL,NULL,,5,0,1,1,255,0,250,0,0
baseline,1946,1946,0,1946,2014483.558,-0.793,-0.000,-0.001,0.610,0,0,0,0,0,0,0,0,0,0.000,0,RECOVERING,1269,0,0.088,0.004,-0.063,0.000,-0.063,-0.008,-0.031,1.000,-0.004,0.000,0.004,0.000,0.000,0.000,0.000,0,NULL,NULL,,5,0,1,1,255,0,250,0,0
baseline,1951,1951,0,1951,2014488.558,-0.793,-0.000,-0.001,0.610,0,0,0,0,0,0,0,0,0,0.000,0,RECOVERING,1269,0,0.088,0.004,-0.063,0.063,0.000,-0.008,-0.031,1.000,-0.004,0.000,0.008,0.000,0.000,0.000,0.000,0,NULL,NULL,,5,0,1,1,255,0,250,0,0
baseline,1956,1956,0,1956,2014493.558,-0.793,-0.000,-0.001,0.610,0,0,0,0,0,0,0,0,0,0.000,0,RECOVERING,1269,0,0.063,0.004,-0.063,0.000,0.000,-0.008,-0.031,1.000,-0.004,0.000,0.008,0.000,0.000,0.000,0.000,0,NULL,NULL,,5,0,1,1,255,0,250,0,0
baseline,1961,1961,0,1961,2014498.558,-0.793,-0.000,-0.001,0.610,0,0,0,0,0,0,0,0,0,0.000,0,RECOVERING,1269,0,0.063,0.004,-0.063,0.000,0.000,-0.008,-0.031,1.000,-0.004,0.000,0.008,0.000,0.000,0.000,0.000,0,NULL,NULL,,5,0,1,1,255,0,250,0,0
baseline,1966,1966,0,1966,2014503.558,-0.793,-0.000,-0.001,0.610,0,0,0,0,0,0,0,0,0,0.000,0,RECOVERING,1269,0,0.063,0.004,-0.063,0.000,0.000,-0.008,-0.031,1.000,-0.004,0.000,0.000,0.000,0.000,0.000,0.000,0,NULL,NULL,,5,0,1,1,255,0,250,0,0
baseline,1971,1971,0,1971,2014508.558,-0.793,-0.000,-0.001,0.610,0,0,0,0,0,0,0,0,0,0.000,0,RECOVERING,1269,0,0.063,0.004,-0.063,0.000,0.000,-0.008,-0.031,1.000,0.004,0.000,0.000,0.000,0.000,0.000,0.000,0,NULL,NULL,,5,0,1,1,255,0,250,0,0
baseline,1976,1976,0,1976,2014513.558,-0.793,-0.000,-0.001,0.610,0,0,0,0,0,0,0,0,0,0.000,0,RECOVERING,1269,0,0.063,0.009,-0.063,0.000,0.000,-0.012,-0.031,1.000,0.004,-0.008,0.000,0.000,0.000,0.000,0.000,0,NULL,NULL,,5,0,1,1,255,0,250,0,0
baseline,1981,1981,0,1981,2014518.558,-0.793,-0.000,-0.001,0.610,0,0,0,0,0,0,0,0,0,0.000,0,RECOVERING,1269,0,0.063,0.000,-0.063,0.000,0.000,-0.008,-0.031,1.000,0.000,0.000,-0.004,0.000,0.000,0.000,0.000,0,NULL,NULL,,5,0,1,1,255,0,250,0,0
baseline,1986,1986,0,1986,2014523.558,-0.793,-0.000,-0.001,0.610,0,0,0,0,0,0,0,0,0,0.000,0,RECOVERING,1269,0,0.088,0.000,-0.063,0.063,0.000,-0.008,-0.031,1.000,0.000,0.000,-0.004,0.000,0.000,0.000,0.000,0,NULL,NULL,,5,0,1,1,255,0,250,0,0
baseline,1991,1991,0,1991,2014528.558,-0.793,-0.000,-0.001,0.610,0,0,0,0,0,0,0,0,0,0.000,0,RECOVERING,1269,0,0.063,0.000,-0.063,0.000,0.000,-0.008,-0.031,1.000,0.000,0.000,0.000,0.000,0.000,0.000,0.000,0,NULL,NULL,,5,0,1,1,255,0,250,0,0
baseline,1996,1996,0,1996,2014533.558,-0.793,-0.000,-0.001,0.610,0,0,0,0,0,0,0,0,0,0.000,0,RECOVERING,1269,0,0.088,0.004,-0.063,0.000,-0.063,-0.008,-0.027,1.000,-0.004,0.000,0.008,0.000,0.000,0.000,0.000,0,NULL,NULL,,5,0,1,1,255,0,250,0,0
baseline,2001,2001,0,2001,2014538.558,-0.793,-0.000,-0.001,0.610,0,0,0,0,0,0,0,0,0,0.000,0,RECOVERING,1269,0,0.088,0.004,-0.063,0.000,-0.063,-0.008,-0.031,1.000,-0.004,0.000,0.008,0.000,0.000,0.000,0.000,0,NULL,NULL,,5,0,1,1,255,0,250,0,0
baseline,2006,2006,0,2006,2014543.558,-0.793,-0.000,-0.001,0.610,0,0,0,0,0,0,0,0,0,0.000,0,RECOVERING,1269,0,0.088,0.004,-0.063,0.000,-0.063,-0.008,-0.031,1.000,0.004,0.000,0.000,0.000,0.000,0.000,0.000,0,NULL,NULL,,5,0,1,1,255,0,250,0,0
baseline,2011,2011,0,2011,2014548.558,-0.793,-0.000,-0.001,0.610,0,0,0,0,0,0,0,0,0,0.000,0,RECOVERING,1269,0,0.140,0.004,-0.063,0.000,-0.125,-0.008,-0.031,1.000,0.004,0.000,0.000,0.000,0.000,0.000,0.000,0,NULL,NULL,,5,0,1,1,255,0,250,0,0
baseline,2016,2016,0,2016,2014553.558,-0.793,-0.000,-0.001,0.610,0,0,0,0,0,0,0,0,0,0.000,0,RECOVERING,1269,0,0.000,0.004,0.000,0.000,0.000,-0.012,-0.031,1.000,-0.004,0.000,0.000,0.000,0.000,0.000,0.000,0,NULL,NULL,,5,0,1,1,255,0,250,0,0
baseline,2021,2021,0,2021,2014558.558,-0.793,-0.000,-0.001,0.610,0,0,0,0,0,0,0,0,0,0.000,0,RECOVERING,1269,0,0.063,0.006,-0.063,0.000,0.000,-0.008,-0.031,1.000,-0.004,-0.004,-0.004,0.000,0.000,0.000,0.000,0,NULL,NULL,,5,0,1,1,255,0,250,0,0
baseline,2026,2026,0,2026,2014563.558,-0.793,-0.000,-0.001,0.610,0,0,0,0,0,0,0,0,0,0.000,0,RECOVERING,1269,0,0.088,0.004,-0.063,0.000,-0.063,-0.008,-0.031,1.000,0.000,-0.004,-0.004,0.000,0.000,0.000,0.000,0,NULL,NULL,,5,0,1,1,255,0,250,0,0
baseline,2031,2031,0,2031,2014568.558,-0.793,-0.000,-0.001,0.610,0,0,0,0,0,0,0,0,0,0.000,0,RECOVERING,1269,0,0.088,0.006,-0.063,-0.063,0.000,-0.008,-0.031,1.000,0.004,-0.004,-0.004,0.000,0.000,0.000,0.000,0,NULL,NULL,,5,0,1,1,255,0,250,0,0
baseline,2036,2036,0,2036,2014573.558,-0.793,-0.000,-0.001,0.610,0,0,0,0,0,0,0,0,0,0.000,0,RECOVERING,1269,0,0.063,0.000,-0.063,0.000,0.000,-0.008,-0.031,1.000,0.000,0.000,0.000,0.000,0.000,0.000,0.000,0,NULL,NULL,,5,0,1,1,255,0,250,0,0
baseline,2041,2041,0,2041,2014578.558,-0.793,-0.000,-0.001,0.610,0,0,0,0,0,0,0,0,0,0.000,0,RECOVERING,1269,0,0.088,0.004,-0.063,0.000,-0.063,-0.008,-0.031,1.000,0.004,0.000,0.004,0.000,0.000,0.000,0.000,0,NULL,NULL,,5,0,1,1,255,0,250,0,0
baseline,2046,2046,0,2046,2014583.558,-0.793,-0.000,-0.001,0.610,0,0,0,0,0,0,0,0,0,0.000,0,RECOVERING,1269,0,0.140,0.000,-0.125,0.000,-0.063,-0.008,-0.031,1.000,0.000,0.000,0.004,0.000,0.000,0.000,0.000,0,NULL,NULL,,5,0,1,1,255,0,250,0,0
baseline,2051,2051,0,2051,2014588.558,-0.793,-0.000,-0.001,0.610,0,0,0,0,0,0,0,0,0,0.000,0,RECOVERING,1269,0,0.088,0.000,-0.063,0.000,-0.063,-0.008,-0.031,1.000,0.000,0.000,0.000,0.000,0.000,0.000,0.000,0,NULL,NULL,,5,0,1,1,255,0,250,0,0
baseline,2056,2056,0,2056,2014593.558,-0.793,-0.000,-0.001,0.610,0,0,0,0,0,0,0,0,0,0.000,0,RECOVERING,1269,0,0.088,0.004,-0.063,0.000,-0.063,-0.008,-0.031,1.000,-0.004,0.000,0.000,0.000,0.000,0.000,0.000,0,NULL,NULL,,5,0,1,1,255,0,250,0,0
baseline,2061,2061,0,2061,2014598.558,-0.793,-0.000,-0.001,0.610,0,0,0,0,0,0,0,0,0,0.000,0,RECOVERING,1269,0,0.063,0.004,-0.063,0.000,0.000,-0.008,-0.031,1.000,-0.004,0.000,-0.004,0.000,0.000,0.000,0.000,0,NULL,NULL,,5,0,1,1,255,0,250,0,0
baseline,2066,2066,0,2066,2014603.558,-0.793,-0.000,-0.001,0.610,0,0,0,0,0,0,0,0,0,0.000,0,RECOVERING,1269,0,0.088,0.009,-0.063,0.000,-0.063,-0.008,-0.031,1.000,0.004,-0.008,-0.012,0.000,0.000,0.000,0.000,0,NULL,NULL,,5,0,1,1,255,0,250,0,0
baseline,2071,2071,0,2071,2014608.558,-0.793,-0.000,-0.001,0.610,0,0,0,0,0,0,0,0,0,0.000,0,RECOVERING,1269,0,0.063,0.009,0.000,0.000,-0.063,-0.008,-0.031,1.000,0.004,-0.008,-0.012,0.000,0.000,0.000,0.000,0,NULL,NULL,,5,0,1,1,255,0,250,0,0
baseline,2076,2076,0,2076,2014613.558,-0.793,-0.000,-0.001,0.610,0,0,0,0,0,0,0,0,0,0.000,0,RECOVERING,1269,0,0.088,0.009,-0.063,0.063,0.000,-0.008,-0.031,1.000,0.008,0.004,-0.012,0.000,0.000,0.000,0.000,0,NULL,NULL,,5,0,1,1,255,0,250,0,0
baseline,2081,2081,0,2081,2014618.558,-0.793,-0.000,-0.001,0.610,0,0,0,0,0,0,0,0,0,0.000,0,RECOVERING,1269,0,0.088,0.009,-0.063,0.000,-0.063,-0.008,-0.027,1.000,0.008,0.004,0.000,0.000,0.000,0.000,0.000,0,NULL,NULL,,5,0,1,1,255,0,250,0,0
baseline,2086,2086,0,2086,2014623.558,-0.793,-0.000,-0.001,0.610,0,0,0,0,0,0,0,0,0,0.000,0,RECOVERING,1269,0,0.125,0.006,-0.125,0.000,0.000,-0.008,-0.031,1.000,-0.004,0.004,-0.004,0.000,0.000,0.000,0.000,0,NULL,NULL,,5,0,1,1,255,0,250,0,0
baseline,2091,2091,0,2091,2014628.558,-0.793,-0.000,-0.001,0.610,0,0,0,0,0,0,0,0,0,0.000,0,RECOVERING,1269,0,0.088,0.004,-0.063,0.000,-0.063,-0.008,-0.031,1.000,-0.004,0.000,-0.004,0.000,0.000,0.000,0.000,0,NULL,NULL,,5,0,1,1,255,0,250,0,0
baseline,2096,2096,0,2096,2014633.558,-0.793,-0.000,-0.001,0.610,0,0,0,0,0,0,0,0,0,0.000,0,RECOVERING,1269,0,0.063,0.004,-0.063,0.000,0.000,-0.008,-0.031,1.000,-0.004,0.000,-0.012,0.000,0.000,0.000,0.000,0,NULL,NULL,,5,0,1,1,255,0,250,0,0
baseline,2101,2101,0,2101,2014638.558,-0.793,-0.000,-0.001,0.610,0,0,0,0,0,0,0,0,0,0.000,0,RECOVERING,1269,0,0.088,0.004,-0.063,-0.063,0.000,-0.008,-0.031,1.000,-0.004,0.000,-0.012,0.000,0.000,0.000,0.000,0,NULL,NULL,,5,0,1,1,255,0,250,0,0
baseline,2106,2106,0,2106,2014643.558,-0.793,-0.000,-0.001,0.610,0,0,0,0,0,0,0,0,0,0.000,0,RECOVERING,1269,0,0.088,0.004,-0.063,0.000,-0.063,-0.008,-0.031,1.000,0.000,-0.004,0.000,0.000,0.000,0.000,0.000,0,NULL,NULL,,5,0,1,1,255,0,250,0,0
baseline,2111,2111,0,2111,2014648.558,-0.793,-0.000,-0.001,0.610,0,0,0,0,0,0,0,0,0,0.000,0,RECOVERING,1269,0,0.088,0.004,-0.063,0.063,0.000,-0.012,-0.031,1.000,0.000,-0.004,0.000,0.000,0.000,0.000,0.000,0,NULL,NULL,,5,0,1,1,255,0,250,0,0
baseline,2116,2116,0,2116,2014653.558,-0.793,-0.000,-0.001,0.610,0,0,0,0,0,0,0,0,0,0.000,0,RECOVERING,1269,0,0.063,0.004,-0.063,0.000,0.000,-0.008,-0.031,1.000,0.000,-0.004,0.000,0.000,0.000,0.000,0.000,0,NULL,NULL,,5,0,1,1,255,0,250,0,0
baseline,2121,2121,0,2121,2014658.558,-0.793,-0.000,-0.001,0.610,0,0,0,0,0,0,0,0,0,0.000,0,RECOVERING,1269,0,0.088,0.000,-0.063,0.000,-0.063,-0.008,-0.031,1.000,0.000,0.000,0.000,0.000,0.000,0.000,0.000,0,NULL,NULL,,5,0,1,1,255,0,250,0,0
baseline,2126,2126,0,2126,2014663.558,-0.793,-0.000,-0.001,0.610,0,0,0,0,0,0,0,0,0,0.000,0,RECOVERING,1269,0,0.063,0.008,-0.063,0.000,0.000,-0.008,-0.031,1.000,0.000,0.008,-0.004,0.000,0.000,0.000,0.000,0,NULL,NULL,,5,0,1,1,255,0,250,0,0
baseline,2131,2131,0,2131,2014668.558,-0.793,-0.000,-0.001,0.610,0,0,0,0,0,0,0,0,0,0.000,0,RECOVERING,1269,0,0.063,0.009,0.000,0.000,-0.063,-0.008,-0.031,1.000,0.004,0.008,0.000,0.000,0.000,0.000,0.000,0,NULL,NULL,,5,0,1,1,255,0,250,0,0
baseline,2136,2136,0,2136,2014673.558,-0.793,-0.000,-0.001,0.610,0,0,0,0,0,0,0,0,0,0.000,0,RECOVERING,1269,0,0.063,0.004,-0.063,0.000,0.000,-0.008,-0.031,1.000,0.004,0.000,0.004,0.000,0.000,0.000,0.000,0,NULL,NULL,,5,0,1,1,255,0,250,0,0
baseline,2141,2141,0,2141,2014678.558,-0.793,-0.000,-0.001,0.610,0,0,0,0,0,0,0,0,0,0.000,0,RECOVERING,1269,0,0.108,0.009,-0.063,0.063,0.063,-0.008,-0.031,1.000,0.004,-0.008,0.004,0.000,0.000,0.000,0.000,0,NULL,NULL,,5,0,1,1,255,0,250,0,0
baseline,2146,2146,0,2146,2014683.558,-0.793,-0.000,-0.001,0.610,0,0,0,0,0,0,0,0,0,0.000,0,RECOVERING,1269,0,0.063,0.004,0.000,0.000,-0.063,-0.008,-0.027,1.000,0.004,0.000,0.000,0.000,0.000,0.000,0.000,0,NULL,NULL,,5,0,1,1,255,0,250,0,0
baseline,2151,2151,0,2151,2014688.558,-0.793,-0.000,-0.001,0.610,0,0,0,0,0,0,0,0,0,0.000,0,RECOVERING,1269,0,0.063,0.009,0.000,0.000,-0.063,-0.008,-0.031,1.000,0.004,0.008,0.000,0.000,0.000,0.000,0.000,0,NULL,NULL,,5,0,1,1,255,0,250,0,0
baseline,2156,2156,0,2156,2014693.558,-0.793,-0.000,-0.001,0.610,0,0,0,0,0,0,0,0,0,0.000,0,RECOVERING,1269,0,0.063,0.009,-0.063,0.000,0.000,-0.008,-0.031,1.000,0.004,0.008,-0.004,0.000,0.000,0.000,0.000,0,NULL,NULL,,5,0,1,1,255,0,250,0,0
baseline,2161,2161,0,2161,2014698.558,-0.793,-0.000,-0.001,0.610,0,0,0,0,0,0,0,0,0,0.000,0,RECOVERING,1269,0,0.088,0.009,-0.063,0.000,-0.063,-0.008,-0.031,1.000,0.008,0.004,-0.004,0.000,0.000,0.000,0.000,0,NULL,NULL,,5,0,1,1,255,0,250,0,0
baseline,2166,2166,0,2166,2014703.558,-0.793,-0.000,-0.001,0.610,0,0,0,0,0,0,0,0,0,0.000,0,RECOVERING,1269,0,0.088,0.009,-0.063,0.000,-0.063,-0.008,-0.031,1.000,0.008,-0.004,0.004,0.000,0.000,0.000,0.000,0,NULL,NULL,,5,0,1,1,255,0,250,0,0
baseline,2171,2171,0,2171,2014708.558,-0.793,-0.000,-0.001,0.610,0,0,0,0,0,0,0,0,0,0.000,0,RECOVERING,1269,0,0.063,0.009,-0.063,0.000,0.000,-0.008,-0.031,1.000,0.004,-0.008,0.004,0.000,0.000,0.000,0.000,0,NULL,NULL,,5,0,1,1,255,0,250,0,0
baseline,2176,2176,0,2176,2014713.558,-0.793,-0.000,-0.001,0.610,0,0,0,0,0,0,0,0,0,0.000,0,RECOVERING,1269,0,0.140,0.009,-0.125,0.000,-0.063,-0.012,-0.031,1.000,0.004,-0.008,0.004,0.000,0.000,0.000,0.000,0,NULL,NULL,,5,0,1,1,255,0,250,0,0
baseline,2181,2181,0,2181,2014718.558,-0.793,-0.000,-0.001,0.610,0,0,0,0,0,0,0,0,0,0.000,0,RECOVERING,1269,0,0.088,0.009,-0.063,-0.063,0.000,-0.008,-0.031,1.000,0.004,-0.008,-0.008,0.000,0.000,0.000,0.000,0,NULL,NULL,,5,0,1,1,255,0,250,0,0
baseline,2186,2186,0,2186,2014723.558,-0.793,-0.000,-0.001,0.610,0,0,0,0,0,0,0,0,0,0.000,0,RECOVERING,1269,0,0.088,0.009,-0.063,0.000,-0.063,-0.008,-0.031,1.000,0.008,-0.004,-0.008,0.000,0.000,0.000,0.000,0,NULL,NULL,,5,0,1,1,255,0,250,0,0
baseline,2191,2191,0,2191,2014728.558,-0.793,-0.000,-0.001,0.610,0,0,0,0,0,0,0,0,0,0.000,0,RECOVERING,1269,0,0.063,0.006,-0.063,0.000,0.000,-0.008,-0.031,1.000,-0.004,-0.004,-0.008,0.000,0.000,0.000,0.000,0,NULL,NULL,,5,0,1,1,255,0,250,0,0
baseline,2196,2196,0,2196,2014733.558,-0.793,-0.000,-0.001,0.610,0,0,0,0,0,0,0,0,0,0.000,0,RECOVERING,1269,0,0.088,0.009,-0.063,0.063,0.000,-0.008,-0.031,1.000,0.008,-0.004,-0.004,0.000,0.000,0.000,0.000,0,NULL,NULL,,5,0,1,1,255,0,250,0,0
baseline,2201,2201,0,2201,2014738.558,-0.793,-0.000,-0.001,0.610,0,0,0,0,0,0,0,0,0,0.000,0,RECOVERING,1269,0,0.063,0.008,-0.063,0.000,0.000,-0.008,-0.031,1.000,0.008,0.000,-0.004,0.000,0.000,0.000,0.000,0,NULL,NULL,,5,0,1,1,255,0,250,0,0
baseline,2206,2206,0,2206,2014743.558,-0.793,-0.000,-0.001,0.610,0,0,0,0,0,0,0,0,0,0.000,0,RECOVERING,1269,0,0.063,0.008,-0.063,0.000,0.000,-0.008,-0.031,1.000,0.008,0.000,0.000,0.000,0.000,0.000,0.000,0,NULL,NULL,,5,0,1,1,255,0,250,0,0
baseline,2211,2211,0,2211,2014748.558,-0.793,-0.000,-0.001,0.610,0,0,0,0,0,0,0,0,0,0.000,0,RECOVERING,1269,0,0.088,0.011,-0.063,0.000,-0.063,-0.008,-0.031,1.000,0.008,0.008,0.000,0.000,0.000,0.000,0.000,0,NULL,NULL,,5,0,1,1,255,0,250,0,0
baseline,2216,2216,0,2216,2014753.558,-0.793,-0.000,-0.001,0.610,0,0,0,0,0,0,0,0,0,0.000,0,RECOVERING,1269,0,0.088,0.000,-0.063,0.000,-0.063,-0.012,-0.031,1.000,0.000,0.000,0.000,0.000,0.000,0.000,0.000,0,NULL,NULL,,5,0,1,1,255,0,250,0,0
baseline,2221,2221,0,2221,2014758.558,-0.793,-0.000,-0.001,0.610,0,0,0,0,0,0,0,0,0,0.000,0,RECOVERING,1269,0,0.063,0.000,-0.063,0.000,0.000,-0.008,-0.031,1.000,0.000,0.000,0.004,0.000,0.000,0.000,0.000,0,NULL,NULL,,5,0,1,1,255,0,250,0,0
baseline,2226,2226,0,2226,2014763.558,-0.793,-0.000,-0.001,0.610,0,0,0,0,0,0,0,0,0,0.000,0,RECOVERING,1269,0,0.000,0.004,0.000,0.000,0.000,-0.008,-0.031,1.000,-0.004,0.000,-0.004,0.000,0.000,0.000,0.000,0,NULL,NULL,,5,0,1,1,255,0,250,0,0
baseline,2231,2231,0,2231,2014768.558,-0.793,-0.000,-0.001,0.610,0,0,0,0,0,0,0,0,0,0.000,0,RECOVERING,1269,0,0.063,0.004,-0.063,0.000,0.000,-0.008,-0.031,1.000,-0.004,0.000,0.004,0.000,0.000,0.000,0.000,0,NULL,NULL,,5,0,1,1,255,0,250,0,0
baseline,2236,2236,0,2236,2014773.558,-0.793,-0.000,-0.001,0.610,0,0,0,0,0,0,0,0,0,0.000,0,RECOVERING,1269,0,0.063,0.004,-0.063,0.000,0.000,-0.008,-0.031,1.000,-0.004,0.000,0.004,0.000,0.000,0.000,0.000,0,NULL,NULL,,5,0,1,1,255,0,250,0,0
baseline,2241,2241,0,2241,2014778.558,-0.793,-0.000,-0.001,0.610,0,0,0,0,0,0,0,0,0,0.000,0,RECOVERING,1269,0,0.063,0.004,-0.063,0.000,0.000,-0.012,-0.031,1.000,-0.004,0.000,0.004,0.000,0.000,0.000,0.000,0,NULL,NULL,,5,0,1,1,255,0,250,0,0
baseline,2246,2246,0,2246,2014783.558,-0.793,-0.000,-0.001,0.610,0,0,0,0,0,0,0,0,0,0.000,0,RECOVERING,1269,0,0.140,0.009,-0.125,0.063,0.000,-0.012,-0.031,1.000,-0.004,-0.008,0.000,0.000,0.000,0.000,0.000,0,NULL,NULL,,5,0,1,1,255,0,250,0,0
baseline,2251,2251,0,2251,2014788.558,-0.793,-0.000,-0.001,0.610,0,0,0,0,0,0,0,0,0,0.000,0,RECOVERING,1269,0,0.108,0.011,-0.063,0.063,-0.063,-0.012,-0.031,1.000,-0.008,-0.008,-0.008,0.000,0.000,0.000,0.000,0,NULL,NULL,,5,0,1,1,255,0,250,0,0
baseline,2256,2256,0,2256,2014793.558,-0.793,-0.000,-0.001,0.610,0,0,0,0,0,0,0,0,0,0.000,0,RECOVERING,1269,0,0.000,0.011,0.000,0.000,0.000,-0.008,-0.031,1.000,-0.008,-0.008,-0.008,0.000,0.000,0.000,0.000,0,NULL,NULL,,5,0,1,1,255,0,250,0,0
baseline,2261,2261,0,2261,2014798.558,-0.793,-0.000,-0.001,0.610,0,0,0,0,0,0,0,0,0,0.000,0,RECOVERING,1269,0,0.088,0.011,0.000,0.063,-0.063,-0.008,-0.031,1.000,-0.008,-0.008,-0.008,0.000,0.000,0.000,0.000,0,NULL,NULL,,5,0,1,1,255,0,250,0,0
baseline,2266,2266,0,2266,2014803.558,-0.793,-0.000,-0.001,0.610,0,0,0,0,0,0,0,0,0,0.000,0,RECOVERING,1269,0,0.088,0.004,-0.063,0.000,-0.063,-0.008,-0.031,1.000,0.000,-0.004,-0.004,0.000,0.000,0.000,0.000,0,NULL,NULL,,5,0,1,1,255,0,250,0,0
baseline,2271,2271,0,2271,2014808.558,-0.793,-0.000,-0.001,0.610,0,0,0,0,0,0,0,0,0,0.000,0,RECOVERING,1269,0,0.063,0.006,-0.063,0.000,0.000,-0.008,-0.031,1.000,0.004,0.004,-0.004,0.000,0.000,0.000,0.000,0,NULL,NULL,,5,0,1,1,255,0,250,0,0
baseline,2276,2276,0,2276,2014813.558,-0.793,-0.000,-0.001,0.610,0,0,0,0,0,0,0,0,0,0.000,0,RECOVERING,1269,0,0.088,0.004,-0.063,0.000,-0.063,-0.008,-0.031,1.000,0.000,0.004,0.000,0.000,0.000,0.000,0.000,0,NULL,NULL,,5,0,1,1,255,0,250,0,0
baseline,2281,2281,0,2281,2014818.558,-0.793,-0.000,-0.001,0.610,0,0,0,0,0,0,0,0,0,0.000,0,RECOVERING,1269,0,0.088,0.006,-0.063,0.000,-0.063,-0.008,-0.031,1.000,0.004,0.004,0.000,0.000,0.000,0.000,0.000,0,NULL,NULL,,5,0,1,1,255,0,250,0,0
baseline,2286,2286,0,2286,2014823.558,-0.793,-0.000,-0.001,0.610,0,0,0,0,0,0,0,0,0,0.000,0,RECOVERING,1269,0,0.140,0.000,-0.125,0.000,-0.063,-0.008,-0.031,1.000,0.000,0.000,0.000,0.000,0.000,0.000,0.000,0,NULL,NULL,,5,0,1,1,255,0,250,0,0
baseline,2291,2291,0,2291,2014828.558,-0.793,-0.000,-0.001,0.610,0,0,0,0,0,0,0,0,0,0.000,0,RECOVERING,1269,0,0.063,0.004,-0.063,0.000,0.000,-0.008,-0.031,1.000,0.004,0.000,0.000,0.000,0.000,0.000,0.000,0,NULL,NULL,,5,0,1,1,255,0,250,0,0
baseline,2296,2296,0,2296,2014833.558,-0.793,-0.000,-0.001,0.610,0,0,0,0,0,0,0,0,0,0.000,0,RECOVERING,1269,0,0.088,0.006,-0.063,0.000,-0.063,-0.008,-0.031,1.000,0.004,-0.004,0.000,0.000,0.000,0.000,0.000,0,NULL,NULL,,5,0,1,1,255,0,250,0,0
baseline,2301,2301,0,2301,2014838.558,-0.793,-0.000,-0.001,0.610,0,0,0,0,0,0,0,0,0,0.000,0,RECOVERING,1269,0,0.108,0.004,-0.063,0.063,-0.063,-0.008,-0.031,1.000,0.004,0.000,0.008,0.000,0.000,0.000,0.000,0,NULL,NULL,,5,0,1,1,255,0,250,0,0
baseline,2306,2306,0,2306,2014843.558,-0.793,-0.000,-0.001,0.610,0,0,0,0,0,0,0,0,0,0.000,0,RECOVERING,1269,0,0.000,0.004,0.000,0.000,0.000,-0.008,-0.031,1.000,0.000,-0.004,0.000,0.000,0.000,0.000,0.000,0,NULL,NULL,,5,0,1,1,255,0,250,0,0
baseline,2311,2311,0,2311,2014848.558,-0.793,-0.000,-0.001,0.610,0,0,0,0,0,0,0,0,0,0.000,0,RECOVERING,1269,0,0.108,0.000,-0.063,0.063,-0.063,-0.008,-0.031,1.000,0.000,0.000,0.008,0.000,0.000,0.000,0.000,0,NULL,NULL,,5,0,1,1,255,0,250,0,0
baseline,2316,2316,0,2316,2014853.558,-0.793,-0.000,-0.001,0.610,0,0,0,0,0,0,0,0,0,0.000,0,RECOVERING,1269,0,0.063,0.000,-0.063,0.000,0.000,-0.008,-0.031,1.000,0.000,0.000,0.000,0.000,0.000,0.000,0.000,0,NULL,NULL,,5,0,1,1,255,0,250,0,0
baseline,2321,2321,0,2321,2014858.558,-0.793,-0.000,-0.001,0.610,0,0,0,0,0,0,0,0,0,0.000,0,RECOVERING,1269,0,0.063,0.000,0.000,0.000,-0.063,-0.008,-0.031,1.000,0.000,0.000,-0.004,0.000,0.000,0.000,0.000,0,NULL,NULL,,5,0,1,1,255,0,250,0,0
baseline,2326,2326,0,2326,2014863.558,-0.793,-0.000,-0.001,0.610,0,0,0,0,0,0,0,0,0,0.000,0,RECOVERING,1269,0,0.088,0.000,-0.063,0.000,-0.063,-0.008,-0.031,1.000,0.000,0.000,-0.004,0.000,0.000,0.000,0.000,0,NULL,NULL,,5,0,1,1,255,0,250,0,0
baseline,2331,2331,0,2331,2014868.558,-0.793,-0.000,-0.001,0.610,0,0,0,0,0,0,0,0,0,0.000,0,RECOVERING,1269,0,0.088,0.000,-0.063,0.000,-0.063,-0.008,-0.031,1.000,0.000,0.000,0.004,0.000,0.000,0.000,0.000,0,NULL,NULL,,5,0,1,1,255,0,250,0,0
baseline,2336,2336,0,2336,2014873.558,-0.793,-0.000,-0.001,0.610,0,0,0,0,0,0,0,0,0,0.000,0,RECOVERING,1269,0,0.063,0.000,-0.063,0.000,0.000,-0.008,-0.031,1.000,0.000,0.000,0.004,0.000,0.000,0.000,0.000,0,NULL,NULL,,5,0,1,1,255,0,250,0,0
baseline,2341,2341,0,2341,2014878.558,-0.793,-0.000,-0.001,0.610,0,0,0,0,0,0,0,0,0,0.000,0,RECOVERING,1269,0,0.140,0.000,-0.125,0.063,0.000,-0.012,-0.027,1.000,0.000,0.000,0.004,0.000,0.000,0.000,0.000,0,NULL,NULL,,5,0,1,1,255,0,250,0,0
baseline,2346,2346,0,2346,2014883.558,-0.793,-0.000,-0.001,0.610,0,0,0,0,0,0,0,0,0,0.000,0,RECOVERING,1269,0,0.063,0.004,-0.063,0.000,0.000,-0.008,-0.031,1.000,0.000,-0.004,0.000,0.000,0.000,0.000,0.000,0,NULL,NULL,,5,0,1,1,255,0,250,0,0
baseline,2351,2351,0,2351,2014888.558,-0.793,-0.000,-0.001,0.610,0,0,0,0,0,0,0,0,0,0.000,0,RECOVERING,1269,0,0.088,0.004,-0.063,0.000,-0.063,-0.008,-0.031,1.000,0.000,-0.004,0.000,0.000,0.000,0.000,0.000,0,NULL,NULL,,5,0,1,1,255,0,250,0,0
baseline,2356,2356,0,2356,2014893.558,-0.793,-0.000,-0.001,0.610,0,0,0,0,0,0,0,0,0,0.000,0,RECOVERING,1269,0,0.088,0.004,-0.063,0.000,-0.063,-0.008,-0.031,1.000,0.000,-0.004,-0.004,0.000,0.000,0.000,0.000,0,NULL,NULL,,5,0,1,1,255,0,250,0,0
baseline,2361,2361,0,2361,2014898.558,-0.793,-0.000,-0.001,0.610,0,0,0,0,0,0,0,0,0,0.000,0,RECOVERING,1269,0,0.063,0.004,-0.063,0.000,0.000,-0.008,-0.027,1.000,0.000,0.004,0.000,0.000,0.000,0.000,0.000,0,NULL,NULL,,5,0,1,1,255,0,250,0,0
baseline,2366,2366,0,2366,2014903.558,-0.793,-0.000,-0.001,0.610,0,0,0,0,0,0,0,0,0,0.000,0,RECOVERING,1269,0,0.063,0.004,-0.063,0.000,0.000,-0.008,-0.031,1.000,0.000,0.004,0.000,0.000,0.000,0.000,0.000,0,NULL,NULL,,5,0,1,1,255,0,250,0,0
baseline,2371,2371,0,2371,2014908.558,-0.793,-0.000,-0.001,0.610,0,0,0,0,0,0,0,0,0,0.000,0,RECOVERING,1269,0,0.063,0.006,-0.063,0.000,0.000,-0.008,-0.031,1.000,0.004,0.004,0.000,0.000,0.000,0.000,0.000,0,NULL,NULL,,5,0,1,1,255,0,250,0,0
baseline,2376,2376,0,2376,2014913.558,-0.793,-0.000,-0.001,0.610,0,0,0,0,0,0,0,0,0,0.000,0,RECOVERING,1269,0,0.063,0.006,-0.063,0.000,0.000,-0.008,-0.031,1.000,0.004,0.004,-0.004,0.000,0.000,0.000,0.000,0,NULL,NULL,,5,0,1,1,255,0,250,0,0
baseline,2381,2381,0,2381,2014918.558,-0.793,-0.000,-0.001,0.610,0,0,0,0,0,0,0,0,0,0.000,0,RECOVERING,1269,0,0.063,0.006,-0.063,0.000,0.000,-0.008,-0.031,1.000,0.004,0.004,-0.004,0.000,0.000,0.000,0.000,0,NULL,NULL,,5,0,1,1,255,0,250,0,0
baseline,2386,2386,0,2386,2014923.558,-0.793,-0.000,-0.001,0.610,0,0,0,0,0,0,0,0,0,0.000,0,RECOVERING,1269,0,0.000,0.006,0.000,0.000,0.000,-0.008,-0.031,1.000,0.004,0.004,-0.004,0.000,0.000,0.000,0.000,0,NULL,NULL,,5,0,1,1,255,0,250,0,0
baseline,2391,2391,0,2391,2014928.558,-0.793,-0.000,-0.001,0.610,0,0,0,0,0,0,0,0,0,0.000,0,RECOVERING,1269,0,0.063,0.000,0.000,0.000,-0.063,-0.008,-0.031,1.000,0.000,0.000,0.004,0.000,0.000,0.000,0.000,0,NULL,NULL,,5,0,1,1,255,0,250,0,0
baseline,2396,2396,0,2396,2014933.558,-0.793,-0.000,-0.001,0.610,0,0,0,0,0,0,0,0,0,0.000,0,RECOVERING,1269,0,0.108,0.004,-0.063,-0.063,-0.063,-0.008,-0.031,1.000,0.004,0.000,0.004,0.000,0.000,0.000,0.000,0,NULL,NULL,,5,0,1,1,255,0,250,0,0
baseline,2401,2401,0,2401,2014938.558,-0.793,-0.000,-0.001,0.610,0,0,0,0,0,0,0,0,0,0.000,0,RECOVERING,1269,0,0.088,0.000,-0.063,0.000,-0.063,-0.008,-0.031,1.000,0.000,0.000,-0.004,0.000,0.000,0.000,0.000,0,NULL,NULL,,5,0,1,1,255,0,250,0,0
baseline,2406,2406,0,2406,2014943.558,-0.793,-0.000,-0.001,0.610,0,0,0,0,0,0,0,0,0,0.000,0,RECOVERING,1269,0,0.108,0.004,-0.063,-0.063,-0.063,-0.008,-0.031,1.000,0.004,0.000,-0.004,0.000,0.000,0.000,0.000,0,NULL,NULL,,5,0,1,1,255,0,250,0,0
baseline,2411,2411,0,2411,2014948.558,-0.793,-0.000,-0.001,0.610,0,0,0,0,0,0,0,0,0,0.000,0,RECOVERING,1269,0,0.088,0.000,-0.063,-0.063,0.000,-0.008,-0.031,1.000,0.000,0.000,-0.004,0.000,0.000,0.000,0.000,0,NULL,NULL,,5,0,1,1,255,0,250,0,0
baseline,2416,2416,0,2416,2014953.558,-0.793,-0.000,-0.001,0.610,0,0,0,0,0,0,0,0,0,0.000,0,RECOVERING,1269,0,0.108,0.004,-0.063,-0.063,-0.063,-0.008,-0.027,1.000,0.000,0.004,-0.004,0.000,0.000,0.000,0.000,0,NULL,NULL,,5,0,1,1,255,0,250,0,0
baseline,2421,2421,0,2421,2014958.558,-0.793,-0.000,-0.001,0.610,0,0,0,0,0,0,0,0,0,0.000,0,RECOVERING,1269,0,0.088,0.006,-0.063,0.000,-0.063,-0.012,-0.031,1.000,-0.004,0.004,0.004,0.000,0.000,0.000,0.000,0,NULL,NULL,,5,0,1,1,255,0,250,0,0
baseline,2426,2426,0,2426,2014963.558,-0.793,-0.000,-0.001,0.610,0,0,0,0,0,0,0,0,0,0.000,0,RECOVERING,1269,0,0.063,0.006,0.000,0.000,-0.063,-0.008,-0.031,1.000,-0.004,-0.004,-0.004,0.000,0.000,0.000,0.000,0,NULL,NULL,,5,0,1,1,255,0,250,0,0
baseline,2431,2431,0,2431,2014968.558,-0.793,-0.000,-0.001,0.610,0,0,0,0,0,0,0,0,0,0.000,0,RECOVERING,1269,0,0.063,0.006,0.000,0.000,-0.063,-0.008,-0.031,1.000,0.004,-0.004,0.000,0.000,0.000,0.000,0.000,0,NULL,NULL,,5,0,1,1,255,0,250,0,0
baseline,2436,2436,0,2436,2014973.558,-0.793,-0.000,-0.001,0.610,0,0,0,0,0,0,0,0,0,0.000,0,RECOVERING,1269,0,0.063,0.004,-0.063,0.000,0.000,-0.008,-0.031,1.000,0.004,0.000,-0.004,0.000,0.000,0.000,0.000,0,NULL,NULL,,5,0,1,1,255,0,250,0,0
baseline,2441,2441,0,2441,2014978.558,-0.793,-0.000,-0.001,0.610,0,0,0,0,0,0,0,0,0,0.000,0,RECOVERING,1269,0,0.088,0.004,-0.063,0.000,-0.063,-0.008,-0.027,1.000,0.004,0.000,0.000,0.000,0.000,0.000,0.000,0,NULL,NULL,,5,0,1,1,255,0,250,0,0
baseline,2446,2446,0,2446,2014983.558,-0.793,-0.000,-0.001,0.610,0,0,0,0,0,0,0,0,0,0.000,0,RECOVERING,1269,0,0.088,0.006,-0.063,0.000,-0.063,-0.008,-0.031,1.000,0.004,0.004,-0.004,0.000,0.000,0.000,0.000,0,NULL,NULL,,5,0,1,1,255,0,250,0,0
baseline,2451,2451,0,2451,2014988.558,-0.793,-0.000,-0.001,0.610,0,0,0,0,0,0,0,0,0,0.000,0,RECOVERING,1269,0,0.088,0.006,-0.063,0.000,-0.063,-0.008,-0.031,1.000,-0.004,0.004,-0.004,0.000,0.000,0.000,0.000,0,NULL,NULL,,5,0,1,1,255,0,250,0,0
baseline,2456,2456,0,2456,2014993.558,-0.793,-0.000,-0.001,0.610,0,0,0,0,0,0,0,0,0,0.000,0,RECOVERING,1269,0,0.000,0.004,0.000,0.000,0.000,-0.008,-0.031,1.000,0.004,0.000,-0.004,0.000,0.000,0.000,0.000,0,NULL,NULL,,5,0,1,1,255,0,250,0,0
baseline,2461,2461,0,2461,2014998.558,-0.793,-0.000,-0.001,0.610,0,0,0,0,0,0,0,0,0,0.000,0,RECOVERING,1269,0,0.063,0.000,-0.063,0.000,0.000,-0.008,-0.031,1.000,0.000,0.000,0.000,0.000,0.000,0.000,0.000,0,NULL,NULL,,5,0,1,1,255,0,250,0,0
baseline,2466,2466,0,2466,2015003.558,-0.793,-0.000,-0.001,0.610,0,0,0,0,0,0,0,0,0,0.000,0,RECOVERING,1269,0,0.125,0.000,-0.125,0.000,0.000,-0.008,-0.031,1.000,0.000,0.000,0.000,0.000,0.000,0.000,0.000,0,NULL,NULL,,5,0,1,1,255,0,250,0,0
baseline,2471,2471,0,2471,2015008.558,-0.793,-0.000,-0.001,0.610,0,0,0,0,0,0,0,0,0,0.000,0,RECOVERING,1269,0,0.000,0.000,0.000,0.000,0.000,-0.008,-0.031,1.000,0.000,0.000,-0.004,0.000,0.000,0.000,0.000,0,NULL,NULL,,5,0,1,1,255,0,250,0,0
baseline,2476,2476,0,2476,2015013.558,-0.793,-0.000,-0.001,0.610,0,0,0,0,0,0,0,0,0,0.000,0,RECOVERING,1269,0,0.088,0.006,-0.063,0.000,-0.063,-0.008,-0.031,1.000,-0.004,0.004,-0.004,0.000,0.000,0.000,0.000,0,NULL,NULL,,5,0,1,1,255,0,250,0,0
baseline,2481,2481,0,2481,2015018.558,-0.793,-0.000,-0.001,0.610,0,0,0,0,0,0,0,0,0,0.000,0,RECOVERING,1269,0,0.088,0.012,-0.063,0.000,-0.063,-0.008,-0.031,1.000,-0.004,0.012,-0.004,0.000,0.000,0.000,0.000,0,NULL,NULL,,5,0,1,1,255,0,250,0,0
baseline,2486,2486,0,2486,2015023.558,-0.793,-0.000,-0.001,0.610,0,0,0,0,0,0,0,0,0,0.000,0,RECOVERING,1269,0,0.063,0.012,-0.063,0.000,0.000,-0.008,-0.031,1.000,-0.004,0.012,0.004,0.000,0.000,0.000,0.000,0,NULL,NULL,,5,0,1,1,255,0,250,0,0
baseline,2491,2491,0,2491,2015028.558,-0.793,-0.000,-0.001,0.610,0,0,0,0,0,0,0,0,0,0.000,0,RECOVERING,1269,0,0.125,0.012,-0.125,0.000,0.000,-0.008,-0.031,1.000,0.004,0.012,0.000,0.000,0.000,0.000,0.000,0,NULL,NULL,,5,0,1,1,255,0,250,0,0
baseline,2496,2496,0,2496,2015033.558,-0.793,-0.000,-0.001,0.610,0,0,0,0,0,0,0,0,0,0.000,0,RECOVERING,1269,0,0.000,0.008,0.000,0.000,0.000,-0.008,-0.031,1.000,0.000,0.008,0.000,0.000,0.000,0.000,0.000,0,NULL,NULL,,5,0,1,1,255,0,250,0,0
baseline,2501,2501,0,2501,2015038.558,-0.793,-0.000,-0.001,0.610,0,0,0,0,0,0,0,0,0,0.000,0,RECOVERING,1269,0,0.063,0.006,-0.063,0.000,0.000,-0.008,-0.031,1.000,0.004,-0.004,0.000,0.000,0.000,0.000,0.000,0,NULL,NULL,,5,0,1,1,255,0,250,0,0
baseline,2506,2506,0,2506,2015043.558,-0.793,-0.000,-0.001,0.610,0,0,0,0,0,0,0,0,0,0.000,0,RECOVERING,1269,0,0.063,0.011,-0.063,0.000,0.000,-0.008,-0.031,1.000,0.008,0.008,-0.004,0.000,0.000,0.000,0.000,0,NULL,NULL,,5,0,1,1,255,0,250,0,0
baseline,2511,2511,0,2511,2015048.558,-0.793,-0.000,-0.001,0.610,0,0,0,0,0,0,0,0,0,0.000,0,RECOVERING,1269,0,0.108,0.009,-0.063,0.063,-0.063,-0.008,-0.031,1.000,0.008,-0.004,-0.004,0.000,0.000,0.000,0.000,0,NULL,NULL,,5,0,1,1,255,0,250,0,0
baseline,2516,2516,0,2516,2015053.558,-0.793,-0.000,-0.001,0.610,0,0,0,0,0,0,0,0,0,0.000,0,RECOVERING,1269,0,0.063,0.008,-0.063,0.000,0.000,-0.008,-0.031,1.000,0.008,0.000,-0.004,0.000,0.000,0.000,0.000,0,NULL,NULL,,5,0,1,1,255,0,250,0,0
baseline,2521,2521,0,2521,2015058.558,-0.793,-0.000,-0.001,0.610,0,0,0,0,0,0,0,0,0,0.000,0,RECOVERING,1269,0,0.088,0.004,-0.063,0.000,-0.063,-0.008,-0.027,1.000,0.004,0.000,0.004,0.000,0.000,0.000,0.000,0,NULL,NULL,,5,0,1,1,255,0,250,0,0
baseline,2526,2526,0,2526,2015063.558,-0.793,-0.000,-0.001,0.610,0,0,0,0,0,0,0,0,0,0.000,0,RECOVERING,1269,0,0.063,0.000,-0.063,0.000,0.000,-0.008,-0.031,1.000,0.000,0.000,0.004,0.000,0.000,0.000,0.000,0,NULL,NULL,,5,0,1,1,255,0,250,0,0
baseline,2531,2531,0,2531,2015068.558,-0.793,-0.000,-0.001,0.610,0,0,0,0,0,0,0,0,0,0.000,0,RECOVERING,1269,0,0.063,0.004,0.000,0.000,-0.063,-0.008,-0.031,1.000,0.000,0.004,0.004,0.000,0.000,0.000,0.000,0,NULL,NULL,,5,0,1,1,255,0,250,0,0
baseline,2536,2536,0,2536,2015073.558,-0.793,-0.000,-0.001,0.610,0,0,0,0,0,0,0,0,0,0.000,0,RECOVERING,1269,0,0.063,0.004,0.000,0.000,-0.063,-0.008,-0.031,1.000,0.000,0.004,0.000,0.000,0.000,0.000,0.000,0,NULL,NULL,,5,0,1,1,255,0,250,0,0
baseline,2541,2541,0,2541,2015078.558,-0.793,-0.000,-0.001,0.610,0,0,0,0,0,0,0,0,0,0.000,0,RECOVERING,1269,0,0.063,0.004,0.000,0.000,-0.063,-0.012,-0.031,1.000,0.000,0.004,0.004,0.000,0.000,0.000,0.000,0,NULL,NULL,,5,0,1,1,255,0,250,0,0
baseline,2546,2546,0,2546,2015083.558,-0.793,-0.000,-0.001,0.610,0,0,0,0,0,0,0,0,0,0.000,0,RECOVERING,1269,0,0.063,0.008,-0.063,0.000,0.000,-0.008,-0.031,1.000,0.000,0.008,0.000,0.000,0.000,0.000,0.000,0,NULL,NULL,,5,0,1,1,255,0,250,0,0
baseline,2551,2551,0,2551,2015088.558,-0.793,-0.000,-0.001,0.610,0,0,0,0,0,0,0,0,0,0.000,0,RECOVERING,1269,0,0.063,0.004,-0.063,0.000,0.000,-0.008,-0.031,1.000,0.000,0.004,0.004,0.000,0.000,0.000,0.000,0,NULL,NULL,,5,0,1,1,255,0,250,0,0
baseline,2556,2556,0,2556,2015093.558,-0.793,-0.000,-0.001,0.610,0,0,0,0,0,0,0,0,0,0.000,0,RECOVERING,1269,0,0.063,0.011,0.000,0.063,0.000,-0.008,-0.031,1.000,0.008,0.008,0.000,0.000,0.000,0.000,0.000,0,NULL,NULL,,5,0,1,1,255,0,250,0,0
baseline,2561,2561,0,2561,2015098.558,-0.793,-0.000,-0.001,0.610,0,0,0,0,0,0,0,0,0,0.000,0,RECOVERING,1269,0,0.088,0.009,0.000,0.063,-0.063,-0.008,-0.031,1.000,0.008,0.004,0.004,0.000,0.000,0.000,0.000,0,NULL,NULL,,5,0,1,1,255,0,250,0,0
baseline,2566,2566,0,2566,2015103.558,-0.793,-0.000,-0.001,0.610,0,0,0,0,0,0,0,0,0,0.000,0,RECOVERING,1269,0,0.000,0.006,0.000,0.000,0.000,-0.008,-0.031,1.000,0.004,0.004,0.004,0.000,0.000,0.000,0.000,0,NULL,NULL,,5,0,1,1,255,0,250,0,0
baseline,2571,2571,0,2571,2015108.558,-0.793,-0.000,-0.001,0.610,0,0,0,0,0,0,0,0,0,0.000,0,RECOVERING,1269,0,0.088,0.006,-0.063,-0.063,0.000,-0.008,-0.031,1.000,0.004,0.004,0.004,0.000,0.000,0.000,0.000,0,NULL,NULL,,5,0,1,1,255,0,250,0,0
baseline,2576,2576,0,2576,2015113.558,-0.793,-0.000,-0.001,0.610,0,0,0,0,0,0,0,0,0,0.000,0,RECOVERING,1269,0,0.088,0.009,-0.063,0.000,-0.063,-0.008,-0.031,1.000,0.004,0.008,0.004,0.000,0.000,0.000,0.000,0,NULL,NULL,,5,0,1,1,255,0,250,0,0
baseline,2581,2581,0,2581,2015118.558,-0.793,-0.000,-0.001,0.610,0,0,0,0,0,0,0,0,0,0.000,0,RECOVERING,1269,0,0.088,0.009,-0.063,0.000,-0.063,-0.008,-0.031,1.000,-0.004,0.008,0.008,0.000,0.000,0.000,0.000,0,NULL,NULL,,5,0,1,1,255,0,250,0,0
baseline,2586,2586,0,2586,2015123.558,-0.793,-0.000,-0.001,0.610,0,0,0,0,0,0,0,0,0,0.000,0,RECOVERING,1269,0,0.088,0.008,-0.063,0.000,-0.063,-0.008,-0.031,1.000,0.000,0.008,0.004,0.000,0.000,0.000,0.000,0,NULL,NULL,,5,0,1,1,255,0,250,0,0
baseline,2591,2591,0,2591,2015128.558,-0.793,-0.000,-0.001,0.610,0,0,0,0,0,0,0,0,0,0.000,0,RECOVERING,1269,0,0.000,0.006,0.000,0.000,0.000,-0.012,-0.031,1.000,-0.004,-0.004,0.004,0.000,0.000,0.000,0.000,0,NULL,NULL,,5,0,1,1,255,0,250,0,0
baseline,2596,2596,0,2596,2015133.558,-0.793,-0.000,-0.001,0.610,0,0,0,0,0,0,0,0,0,0.000,0,RECOVERING,1269,0,0.063,0.004,-0.063,0.000,0.000,-0.008,-0.031,1.000,-0.004,0.000,0.000,0.000,0.000,0.000,0.000,0,NULL,NULL,,5,0,1,1,255,0,250,0,0
baseline,2601,2601,0,2601,2015138.558,-0.793,-0.000,-0.001,0.610,0,0,0,0,0,0,0,0,0,0.000,0,RECOVERING,1269,0,0.063,0.009,0.000,0.000,-0.063,-0.012,-0.027,1.000,-0.004,-0.008,0.000,0.000,0.000,0.000,0.000,0,NULL,NULL,,5,0,1,1,255,0,250,0,0
baseline,2606,2606,0,2606,2015143.558,-0.793,-0.000,-0.001,0.610,0,0,0,0,0,0,0,0,0,0.000,0,RECOVERING,1269,0,0.088,0.004,-0.063,0.000,-0.063,-0.008,-0.031,1.000,-0.004,0.000,0.000,0.000,0.000,0.000,0.000,0,NULL,NULL,,5,0,1,1,255,0,250,0,0
baseline,2611,2611,0,2611,2015148.558,-0.793,-0.000,-0.001,0.610,0,0,0,0,0,0,0,0,0,0.000,0,RECOVERING,1269,0,0.063,0.006,-0.063,0.000,0.000,-0.008,-0.031,1.000,0.004,-0.004,0.000,0.000,0.000,0.000,0.000,0,NULL,NULL,,5,0,1,1,255,0,250,0,0
baseline,2616,2616,0,2616,2015153.558,-0.793,-0.000,-0.001,0.610,0,0,0,0,0,0,0,0,0,0.000,0,RECOVERING,1269,0,0.063,0.006,-0.063,0.000,0.000,-0.008,-0.031,1.000,0.004,0.004,0.000,0.000,0.000,0.000,0.000,0,NULL,NULL,,5,0,1,1,255,0,250,0,0
baseline,2621,2621,0,2621,2015158.558,-0.793,-0.000,-0.001,0.610,0,0,0,0,0,0,0,0,0,0.000,0,RECOVERING,1269,0,0.088,0.006,-0.063,0.000,-0.063,-0.008,-0.031,1.000,0.004,-0.004,-0.004,0.000,0.000,0.000,0.000,0,NULL,NULL,,5,0,1,1,255,0,250,0,0
baseline,2626,2626,0,2626,2015163.558,-0.793,-0.000,-0.001,0.610,0,0,0,0,0,0,0,0,0,0.000,0,RECOVERING,1269,0,0.088,0.006,-0.063,0.000,-0.063,-0.012,-0.031,1.000,0.004,-0.004,-0.004,0.000,0.000,0.000,0.000,0,NULL,NULL,,5,0,1,1,255,0,250,0,0
baseline,2631,2631,0,2631,2015168.558,-0.793,-0.000,-0.001,0.610,0,0,0,0,0,0,0,0,0,0.000,0,RECOVERING,1269,0,0.088,0.006,-0.063,-0.063,0.000,-0.008,-0.031,1.000,0.004,-0.004,-0.004,0.000,0.000,0.000,0.000,0,NULL,NULL,,5,0,1,1,255,0,250,0,0
baseline,2636,2636,0,2636,2015173.558,-0.793,-0.000,-0.001,0.610,0,0,0,0,0,0,0,0,0,0.000,0,RECOVERING,1269,0,0.063,0.006,-0.063,0.000,0.000,-0.008,-0.031,1.000,-0.004,-0.004,0.000,0.000,0.000,0.000,0.000,0,NULL,NULL,,5,0,1,1,255,0,250,0,0
baseline,2641,2641,0,2641,2015178.558,-0.793,-0.000,-0.001,0.610,0,0,0,0,0,0,0,0,0,0.000,0,RECOVERING,1269,0,0.063,0.004,0.000,0.000,-0.063,-0.008,-0.031,1.000,-0.004,0.000,0.000,0.000,0.000,0.000,0.000,0,NULL,NULL,,5,0,1,1,255,0,250,0,0
baseline,2646,2646,0,2646,2015183.558,-0.793,-0.000,-0.001,0.610,0,0,0,0,0,0,0,0,0,0.000,0,RECOVERING,1269,0,0.088,0.004,-0.063,0.000,-0.063,-0.012,-0.031,1.000,-0.004,0.000,0.000,0.000,0.000,0.000,0.000,0,NULL,NULL,,5,0,1,1,255,0,250,0,0
baseline,2651,2651,0,2651,2015188.558,-0.793,-0.000,-0.001,0.610,0,0,0,0,0,0,0,0,0,0.000,0,RECOVERING,1269,0,0.063,0.000,-0.063,0.000,0.000,-0.008,-0.031,1.000,0.000,0.000,0.004,0.000,0.000,0.000,0.000,0,NULL,NULL,,5,0,1,1,255,0,250,0,0
baseline,2656,2656,0,2656,2015193.558,-0.793,-0.000,-0.001,0.610,0,0,0,0,0,0,0,0,0,0.000,0,RECOVERING,1269,0,0.063,0.008,-0.063,0.000,0.000,-0.008,-0.031,1.000,0.000,-0.008,-0.004,0.000,0.000,0.000,0.000,0,NULL,NULL,,5,0,1,1,255,0,250,0,0
baseline,2661,2661,0,2661,2015198.558,-0.793,-0.000,-0.001,0.610,0,0,0,0,0,0,0,0,0,0.000,0,RECOVERING,1269,0,0.088,0.000,-0.063,0.000,-0.063,-0.008,-0.031,1.000,0.000,0.000,0.004,0.000,0.000,0.000,0.000,0,NULL,NULL,,5,0,1,1,255,0,250,0,0
baseline,2666,2666,0,2666,2015203.558,-0.793,-0.000,-0.001,0.610,0,0,0,0,0,0,0,0,0,0.000,0,RECOVERING,1269,0,0.088,0.004,-0.063,0.000,-0.063,-0.008,-0.031,1.000,-0.004,0.000,-0.004,0.000,0.000,0.000,0.000,0,NULL,NULL,,5,0,1,1,255,0,250,0,0
baseline,2671,2671,0,2671,2015208.558,-0.793,-0.000,-0.001,0.610,0,0,0,0,0,0,0,0,0,0.000,0,RECOVERING,1269,0,0.063,0.004,-0.063,0.000,0.000,-0.008,-0.031,1.000,-0.004,0.000,-0.004,0.000,0.000,0.000,0.000,0,NULL,NULL,,5,0,1,1,255,0,250,0,0
baseline,2676,2676,0,2676,2015213.558,-0.793,-0.000,-0.001,0.610,0,0,0,0,0,0,0,0,0,0.000,0,RECOVERING,1269,0,0.063,0.000,-0.063,0.000,0.000,-0.012,-0.031,1.000,0.000,0.000,-0.004,0.000,0.000,0.000,0.000,0,NULL,NULL,,5,0,1,1,255,0,250,0,0
baseline,2681,2681,0,2681,2015218.558,-0.793,-0.000,-0.001,0.610,0,0,0,0,0,0,0,0,0,0.000,0,RECOVERING,1269,0,0.140,0.000,-0.125,0.000,-0.063,-0.008,-0.031,1.000,0.000,0.000,-0.004,0.000,0.000,0.000,0.000,0,NULL,NULL,,5,0,1,1,255,0,250,0,0
baseline,2686,2686,0,2686,2015223.558,-0.793,-0.000,-0.001,0.610,0,0,0,0,0,0,0,0,0,0.000,0,RECOVERING,1269,0,0.108,0.004,-0.063,-0.063,-0.063,-0.008,-0.031,1.000,-0.004,0.000,-0.004,0.000,0.000,0.000,0.000,0,NULL,NULL,,5,0,1,1,255,0,250,0,0
baseline,2691,2691,0,2691,2015228.558,-0.793,-0.000,-0.001,0.610,0,0,0,0,0,0,0,0,0,0.000,0,RECOVERING,1269,0,0.088,0.006,-0.063,0.000,-0.063,-0.008,-0.031,1.000,-0.004,0.004,-0.004,0.000,0.000,0.000,0.000,0,NULL,NULL,,5,0,1,1,255,0,250,0,0
baseline,2696,2696,0,2696,2015233.558,-0.793,-0.000,-0.001,0.610,0,0,0,0,0,0,0,0,0,0.000,0,RECOVERING,1269,0,0.063,0.004,-0.063,0.000,0.000,-0.008,-0.031,1.000,-0.004,0.000,0.000,0.000,0.000,0.000,0.000,0,NULL,NULL,,5,0,1,1,255,0,250,0,0
baseline,2701,2701,0,2701,2015238.558,-0.793,-0.000,-0.001,0.610,0,0,0,0,0,0,0,0,0,0.000,0,RECOVERING,1269,0,0.063,0.006,-0.063,0.000,0.000,-0.008,-0.031,1.000,-0.004,-0.004,0.000,0.000,0.000,0.000,0.000,0,NULL,NULL,,5,0,1,1,255,0,250,0,0
baseline,2706,2706,0,2706,2015243.558,-0.793,-0.000,-0.001,0.610,0,0,0,0,0,0,0,0,0,0.000,0,RECOVERING,1269,0,0.125,0.006,-0.125,0.000,0.000,-0.008,-0.031,1.000,-0.004,-0.004,0.008,0.000,0.000,0.000,0.000,0,NULL,NULL,,5,0,1,1,255,0,250,0,0
baseline,2711,2711,0,2711,2015248.558,-0.793,-0.000,-0.001,0.610,0,0,0,0,0,0,0,0,0,0.000,0,RECOVERING,1269,0,0.063,0.004,-0.063,0.000,0.000,-0.008,-0.031,1.000,0.000,0.004,0.008,0.000,0.000,0.000,0.000,0,NULL,NULL,,5,0,1,1,255,0,250,0,0
baseline,2716,2716,0,2716,2015253.558,-0.793,-0.000,-0.001,0.610,0,0,0,0,0,0,0,0,0,0.000,0,RECOVERING,1269,0,0.088,0.004,-0.063,0.000,-0.063,-0.008,-0.031,1.000,0.000,0.004,-0.004,0.000,0.000,0.000,0.000,0,NULL,NULL,,5,0,1,1,255,0,250,0,0
baseline,2721,2721,0,2721,2015258.558,-0.793,-0.000,-0.001,0.610,0,0,0,0,0,0,0,0,0,0.000,0,RECOVERING,1269,0,0.088,0.004,-0.063,0.000,-0.063,-0.012,-0.031,1.000,-0.004,0.000,-0.004,0.000,0.000,0.000,0.000,0,NULL,NULL,,5,0,1,1,255,0,250,0,0
baseline,2726,2726,0,2726,2015263.558,-0.793,-0.000,-0.001,0.610,0,0,0,0,0,0,0,0,0,0.000,0,RECOVERING,1269,0,0.063,0.006,0.000,-0.063,0.000,-0.008,-0.031,1.000,-0.004,-0.004,-0.004,0.000,0.000,0.000,0.000,0,NULL,NULL,,5,0,1,1,255,0,250,0,0
baseline,2731,2731,0,2731,2015268.558,-0.793,-0.000,-0.001,0.610,0,0,0,0,0,0,0,0,0,0.000,0,RECOVERING,1269,0,0.088,0.006,-0.063,-0.063,0.000,-0.008,-0.031,1.000,-0.004,-0.004,-0.004,0.000,0.000,0.000,0.000,0,NULL,NULL,,5,0,1,1,255,0,250,0,0
baseline,2736,2736,0,2736,2015273.558,-0.793,-0.000,-0.001,0.610,0,0,0,0,0,0,0,0,0,0.000,0,RECOVERING,1269,0,0.108,0.000,-0.063,-0.063,-0.063,-0.008,-0.031,1.000,0.000,0.000,-0.004,0.000,0.000,0.000,0.000,0,NULL,NULL,,5,0,1,1,255,0,250,0,0
baseline,2741,2741,0,2741,2015278.558,-0.793,-0.000,-0.001,0.610,0,0,0,0,0,0,0,0,0,0.000,0,RECOVERING,1269,0,0.063,0.000,-0.063,0.000,0.000,-0.008,-0.031,1.000,0.000,0.000,0.000,0.000,0.000,0.000,0.000,0,NULL,NULL,,5,0,1,1,255,0,250,0,0
baseline,2746,2746,0,2746,2015283.558,-0.793,-0.000,-0.001,0.610,0,0,0,0,0,0,0,0,0,0.000,0,RECOVERING,1269,0,0.088,0.000,-0.063,0.000,-0.063,-0.008,-0.031,1.000,0.000,0.000,0.000,0.000,0.000,0.000,0.000,0,NULL,NULL,,5,0,1,1,255,0,250,0,0
baseline,2751,2751,0,2751,2015288.558,-0.793,-0.000,-0.001,0.610,0,0,0,0,0,0,0,0,0,0.000,0,RECOVERING,1269,0,0.063,0.004,-0.063,0.000,0.000,-0.012,-0.031,1.000,0.000,-0.004,0.000,0.000,0.000,0.000,0.000,0,NULL,NULL,,5,0,1,1,255,0,250,0,0
baseline,2756,2756,0,2756,2015293.558,-0.793,-0.000,-0.001,0.610,0,0,0,0,0,0,0,0,0,0.000,0,RECOVERING,1269,0,0.140,0.004,-0.125,0.063,0.000,-0.008,-0.031,1.000,0.000,-0.004,-0.004,0.000,0.000,0.000,0.000,0,NULL,NULL,,5,0,1,1,255,0,250,0,0
baseline,2761,2761,0,2761,2015298.558,-0.793,-0.000,-0.001,0.610,0,0,0,0,0,0,0,0,0,0.000,0,RECOVERING,1269,0,0.088,0.008,-0.063,0.000,-0.063,-0.012,-0.031,1.000,0.000,-0.008,-0.008,0.000,0.000,0.000,0.000,0,NULL,NULL,,5,0,1,1,255,0,250,0,0
baseline,2766,2766,0,2766,2015303.558,-0.793,-0.000,-0.001,0.610,0,0,0,0,0,0,0,0,0,0.000,0,RECOVERING,1269,0,0.088,0.009,-0.063,0.000,-0.063,-0.008,-0.031,1.000,0.008,-0.004,-0.008,0.000,0.000,0.000,0.000,0,NULL,NULL,,5,0,1,1,255,0,250,0,0
baseline,2771,2771,0,2771,2015308.558,-0.793,-0.000,-0.001,0.610,0,0,0,0,0,0,0,0,0,0.000,0,RECOVERING,1269,0,0.063,0.014,-0.063,0.000,0.000,-0.012,-0.031,1.000,0.008,-0.012,-0.008,0.000,0.000,0.000,0.000,0,NULL,NULL,,5,0,1,1,255,0,250,0,0
baseline,2776,2776,0,2776,2015313.558,-0.793,-0.000,-0.001,0.610,0,0,0,0,0,0,0,0,0,0.000,0,RECOVERING,1269,0,0.063,0.004,-0.063,0.000,0.000,-0.008,-0.031,1.000,0.000,-0.004,0.000,0.000,0.000,0.000,0.000,0,NULL,NULL,,5,0,1,1,255,0,250,0,0
baseline,2781,2781,0,2781,2015318.558,-0.793,-0.000,-0.001,0.610,0,0,0,0,0,0,0,0,0,0.000,0,RECOVERING,1269,0,0.063,0.000,0.000,0.000,-0.063,-0.008,-0.027,1.000,0.000,0.000,0.004,0.000,0.000,0.000,0.000,0,NULL,NULL,,5,0,1,1,255,0,250,0,0
baseline,2786,2786,0,2786,2015323.558,-0.793,-0.000,-0.001,0.610,0,0,0,0,0,0,0,0,0,0.000,0,RECOVERING,1269,0,0.108,0.011,-0.063,-0.063,-0.063,-0.008,-0.027,1.000,-0.008,0.008,0.000,0.000,0.000,0.000,0.000,0,NULL,NULL,,5,0,1,1,255,0,250,0,0
baseline,2791,2791,0,2791,2015328.558,-0.793,-0.000,-0.001,0.610,0,0,0,0,0,0,0,0,0,0.000,0,RECOVERING,1269,0,0.088,0.011,-0.063,-0.063,0.000,-0.008,-0.031,1.000,-0.008,0.008,0.000,0.000,0.000,0.000,0.000,0,NULL,NULL,,5,0,1,1,255,0,250,0,0
baseline,2796,2796,0,2796,2015333.558,-0.793,-0.000,-0.001,0.610,0,0,0,0,0,0,0,0,0,0.000,0,RECOVERING,1269,0,0.063,0.004,-0.063,0.000,0.000,-0.008,-0.031,1.000,-0.004,0.000,-0.004,0.000,0.000,0.000,0.000,0,NULL,NULL,,5,0,1,1,255,0,250,0,0
baseline,2801,2801,0,2801,2015338.558,-0.793,-0.000,-0.001,0.610,0,0,0,0,0,0,0,0,0,0.000,0,RECOVERING,1269,0,0.088,0.000,-0.063,0.000,-0.063,-0.008,-0.031,1.000,0.000,0.000,-0.004,0.000,0.000,0.000,0.000,0,NULL,NULL,,5,0,1,1,255,0,250,0,0
baseline,2806,2806,0,2806,2015343.558,-0.793,-0.000,-0.001,0.610,0,0,0,0,0,0,0,0,0,0.000,0,RECOVERING,1269,0,0.088,0.000,-0.063,0.000,-0.063,-0.008,-0.031,1.000,0.000,0.000,-0.004,0.000,0.000,0.000,0.000,0,NULL,NULL,,5,0,1,1,255,0,250,0,0
baseline,2811,2811,0,2811,2015348.558,-0.793,-0.000,-0.001,0.610,0,0,0,0,0,0,0,0,0,0.000,0,RECOVERING,1269,0,0.063,0.006,-0.063,0.000,0.000,-0.008,-0.031,0.996,0.004,0.004,-0.004,0.000,0.000,0.000,0.000,0,NULL,NULL,,5,0,1,1,255,0,250,0,0
baseline,2816,2816,0,2816,2015353.558,-0.793,-0.000,-0.001,0.610,0,0,0,0,0,0,0,0,0,0.000,0,RECOVERING,1269,0,0.088,0.006,0.063,0.000,-0.063,-0.008,-0.031,1.000,0.004,0.004,-0.004,0.000,0.000,0.000,0.000,0,NULL,NULL,,5,0,1,1,255,0,250,0,0
baseline,2821,2821,0,2821,2015358.558,-0.793,-0.000,-0.001,0.610,0,0,0,0,0,0,0,0,0,0.000,0,RECOVERING,1269,0,0.063,0.006,-0.063,0.000,0.000,-0.008,-0.027,1.004,0.004,0.004,0.012,0.000,0.000,0.000,0.000,0,NULL,NULL,,5,0,1,1,255,0,250,0,0
baseline,2826,2826,0,2826,2015363.558,-0.793,-0.000,-0.001,0.610,0,0,0,0,0,0,0,0,0,0.000,0,RECOVERING,1269,0,0.088,0.009,-0.063,0.000,-0.063,-0.008,-0.031,1.000,0.004,-0.008,0.012,0.000,0.000,0.000,0.000,0,NULL,NULL,,5,0,1,1,255,0,250,0,0
baseline,2831,2831,0,2831,2015368.558,-0.793,-0.000,-0.001,0.610,0,0,0,0,0,0,0,0,0,0.000,0,RECOVERING,1269,0,0.063,0.006,-0.063,0.000,0.000,-0.008,-0.031,0.996,0.004,-0.004,-0.020,0.000,0.000,0.000,0.000,0,NULL,NULL,,5,0,1,1,255,0,250,0,0
baseline,2836,2836,0,2836,2015373.558,-0.793,-0.000,-0.001,0.610,0,0,0,0,0,0,0,0,0,0.000,0,RECOVERING,1269,0,0.063,0.006,0.000,0.063,0.000,-0.008,-0.031,1.000,0.004,-0.004,-0.020,0.000,0.000,0.000,0.000,0,NULL,NULL,,5,0,1,1,255,0,250,0,0
baseline,2841,2841,0,2841,2015378.558,-0.793,-0.000,-0.001,0.610,0,0,0,0,0,0,0,0,0,0.000,0,RECOVERING,1269,0,0.063,0.004,-0.063,0.000,0.000,-0.008,-0.031,1.004,-0.004,0.000,-0.016,0.000,0.000,0.000,0.000,0,NULL,NULL,,5,0,1,1,255,0,250,0,0
baseline,2846,2846,0,2846,2015383.558,-0.793,-0.000,-0.001,0.610,0,0,0,0,0,0,0,0,0,0.000,0,RECOVERING,1269,0,0.108,0.004,-0.063,0.063,-0.063,-0.008,-0.031,1.000,-0.004,0.000,0.012,0.000,0.000,0.000,0.000,0,NULL,NULL,,5,0,1,1,255,0,250,0,0
baseline,2851,2851,0,2851,2015388.558,-0.793,-0.000,-0.001,0.610,0,0,0,0,0,0,0,0,0,0.000,0,RECOVERING,1269,0,0.140,0.006,-0.125,0.000,-0.063,-0.008,-0.031,1.000,-0.004,-0.004,0.012,0.000,0.000,0.000,0.000,0,NULL,NULL,,5,0,1,1,255,0,250,0,0
baseline,2856,2856,0,2856,2015393.558,-0.793,-0.000,-0.001,0.610,0,0,0,0,0,0,0,0,0,0.000,0,RECOVERING,1269,0,0.063,0.004,-0.063,0.000,0.000,-0.008,-0.031,1.000,0.000,-0.004,-0.008,0.000,0.000,0.000,0.000,0,NULL,NULL,,5,0,1,1,255,0,250,0,0
baseline,2861,2861,0,2861,2015398.558,-0.793,-0.000,-0.001,0.610,0,0,0,0,0,0,0,0,0,0.000,0,RECOVERING,1269,0,0.108,0.004,-0.063,-0.063,-0.063,-0.008,-0.031,1.004,0.004,0.000,-0.008,0.000,0.000,0.000,0.000,0,NULL,NULL,,5,0,1,1,255,0,250,0,0
baseline,2866,2866,0,2866,2015403.558,-0.793,-0.000,-0.001,0.610,0,0,0,0,0,0,0,0,0,0.000,0,RECOVERING,1269,0,0.063,0.004,-0.063,0.000,0.000,-0.008,-0.031,1.000,0.004,0.000,0.012,0.000,0.000,0.000,0.000,0,NULL,NULL,,5,0,1,1,255,0,250,0,0
baseline,2871,2871,0,2871,2015408.558,-0.793,-0.000,-0.001,0.610,0,0,0,0,0,0,0,0,0,0.000,0,RECOVERING,1269,0,0.140,0.004,-0.125,0.000,-0.063,-0.008,-0.031,1.000,0.000,0.004,0.012,0.000,0.000,0.000,0.000,0,NULL,NULL,,5,0,1,1,255,0,250,0,0
baseline,2876,2876,0,2876,2015413.558,-0.793,-0.000,-0.001,0.610,0,0,0,0,0,0,0,0,0,0.000,0,RECOVERING,1269,0,0.063,0.000,0.000,0.000,-0.063,-0.008,-0.031,1.000,0.000,0.000,-0.008,0.000,0.000,0.000,0.000,0,NULL,NULL,,5,0,1,1,255,0,250,0,0
baseline,2881,2881,0,2881,2015418.558,-0.793,-0.000,-0.001,0.610,0,0,0,0,0,0,0,0,0,0.000,0,RECOVERING,1269,0,0.063,0.000,-0.063,0.000,0.000,-0.008,-0.027,1.000,0.000,0.000,-0.008,0.000,0.000,0.000,0.000,0,NULL,NULL,,5,0,1,1,255,0,250,0,0
baseline,2886,2886,0,2886,2015423.558,-0.793,-0.000,-0.001,0.610,0,0,0,0,0,0,0,0,0,0.000,0,RECOVERING,1269,0,0.088,0.008,-0.063,0.000,-0.063,-0.008,-0.027,1.000,-0.008,0.000,0.004,0.000,0.000,0.000,0.000,0,NULL,NULL,,5,0,1,1,255,0,250,0,0
baseline,2891,2891,0,2891,2015428.558,-0.793,-0.000,-0.001,0.610,0,0,0,0,0,0,0,0,0,0.000,0,RECOVERING,1269,0,0.088,0.008,-0.063,0.063,0.000,-0.008,-0.031,1.000,-0.008,0.000,0.004,0.000,0.000,0.000,0.000,0,NULL,NULL,,5,0,1,1,255,0,250,0,0
baseline,2896,2896,0,2896,2015433.558,-0.793,-0.000,-0.001,0.610,0,0,0,0,0,0,0,0,0,0.000,0,RECOVERING,1269,0,0.063,0.004,-0.063,0.000,0.000,-0.008,-0.031,1.000,0.000,0.004,-0.008,0.000,0.000,0.000,0.000,0,NULL,NULL,,5,0,1,1,255,0,250,0,0
baseline,2901,2901,0,2901,2015438.558,-0.793,-0.000,-0.001,0.610,0,0,0,0,0,0,0,0,0,0.000,0,RECOVERING,1269,0,0.063,0.000,-0.063,0.000,0.000,-0.008,-0.031,1.000,0.000,0.000,-0.008,0.000,0.000,0.000,0.000,0,NULL,NULL,,5,0,1,1,255,0,250,0,0
baseline,2906,2906,0,2906,2015443.558,-0.793,-0.000,-0.001,0.610,0,0,0,0,0,0,0,0,0,0.000,0,RECOVERING,1269,0,0.140,0.004,-0.125,0.000,-0.063,-0.008,-0.031,1.000,0.000,0.004,-0.004,0.000,0.000,0.000,0.000,0,NULL,NULL,,5,0,1,1,255,0,250,0,0
baseline,2911,2911,0,2911,2015448.558,-0.793,-0.000,-0.001,0.610,0,0,0,0,0,0,0,0,0,0.000,0,RECOVERING,1269,0,0.088,0.004,-0.063,0.000,-0.063,-0.008,-0.031,1.000,0.000,-0.004,-0.004,0.000,0.000,0.000,0.000,0,NULL,NULL,,5,0,1,1,255,0,250,0,0
baseline,2916,2916,0,2916,2015453.558,-0.793,-0.000,-0.001,0.610,0,0,0,0,0,0,0,0,0,0.000,0,RECOVERING,1269,0,0.088,0.004,-0.063,0.000,-0.063,-0.008,-0.031,1.000,0.000,-0.004,0.000,0.000,0.000,0.000,0.000,0,NULL,NULL,,5,0,1,1,255,0,250,0,0
baseline,2921,2921,0,2921,2015458.558,-0.793,-0.000,-0.001,0.610,0,0,0,0,0,0,0,0,0,0.000,0,RECOVERING,1269,0,0.063,0.006,-0.063,0.000,0.000,-0.008,-0.031,1.000,0.004,-0.004,-0.008,0.000,0.000,0.000,0.000,0,NULL,NULL,,5,0,1,1,255,0,250,0,0
baseline,2926,2926,0,2926,2015463.558,-0.793,-0.000,-0.001,0.610,0,0,0,0,0,0,0,0,0,0.000,0,RECOVERING,1269,0,0.063,0.004,-0.063,0.000,0.000,-0.008,-0.031,1.004,0.004,0.000,0.000,0.000,0.000,0.000,0.000,0,NULL,NULL,,5,0,1,1,255,0,250,0,0
baseline,2931,2931,0,2931,2015468.558,-0.793,-0.000,-0.001,0.610,0,0,0,0,0,0,0,0,0,0.000,0,RECOVERING,1269,0,0.088,0.000,-0.063,-0.063,0.000,-0.012,-0.031,1.000,0.000,0.000,-0.004,0.000,0.000,0.000,0.000,0,NULL,NULL,,5,0,1,1,255,0,250,0,0
baseline,2936,2936,0,2936,2015473.558,-0.793,-0.000,-0.001,0.610,0,0,0,0,0,0,0,0,0,0.000,0,RECOVERING,1269,0,0.063,0.008,0.000,0.000,-0.063,-0.008,-0.031,1.000,0.000,-0.008,-0.004,0.000,0.000,0.000,0.000,0,NULL,NULL,,5,0,1,1,255,0,250,0,0
baseline,2941,2941,0,2941,2015478.558,-0.793,-0.000,-0.001,0.610,0,0,0,0,0,0,0,0,0,0.000,0,RECOVERING,1269,0,0.088,0.009,-0.063,0.000,-0.063,-0.008,-0.031,1.000,-0.004,-0.008,-0.004,0.000,0.000,0.000,0.000,0,NULL,NULL,,5,0,1,1,255,0,250,0,0
baseline,2946,2946,0,2946,2015483.558,-0.793,-0.000,-0.001,0.610,0,0,0,0,0,0,0,0,0,0.000,0,RECOVERING,1269,0,0.000,0.006,0.000,0.000,0.000,-0.008,-0.031,1.000,-0.004,0.004,-0.004,0.000,0.000,0.000,0.000,0,NULL,NULL,,5,0,1,1,255,0,250,0,0
baseline,2951,2951,0,2951,2015488.558,-0.793,-0.000,-0.001,0.610,0,0,0,0,0,0,0,0,0,0.000,0,RECOVERING,1269,0,0.125,0.006,-0.125,0.000,0.000,-0.008,-0.031,1.000,-0.004,0.004,0.004,0.000,0.000,0.000,0.000,0,NULL,NULL,,5,0,1,1,255,0,250,0,0
baseline,2956,2956,0,2956,2015493.558,-0.793,-0.000,-0.001,0.610,0,0,0,0,0,0,0,0,0,0.000,0,RECOVERING,1269,0,0.063,0.004,0.000,0.000,-0.063,-0.008,-0.031,1.000,0.000,0.004,0.004,0.000,0.000,0.000,0.000,0,NULL,NULL,,5,0,1,1,255,0,250,0,0
baseline,2961,2961,0,2961,2015498.558,-0.793,-0.000,-0.001,0.610,0,0,0,0,0,0,0,0,0,0.000,0,RECOVERING,1269,0,0.063,0.004,0.000,0.000,-0.063,-0.008,-0.031,1.000,0.000,0.004,0.004,0.000,0.000,0.000,0.000,0,NULL,NULL,,5,0,1,1,255,0,250,0,0
baseline,2966,2966,0,2966,2015503.558,-0.793,-0.000,-0.001,0.610,0,0,0,0,0,0,0,0,0,0.000,0,RECOVERING,1269,0,0.125,0.004,-0.125,0.000,0.000,-0.008,-0.031,1.000,0.000,0.004,0.000,0.000,0.000,0.000,0.000,0,NULL,NULL,,5,0,1,1,255,0,250,0,0
baseline,2971,2971,0,2971,2015508.558,-0.793,-0.000,-0.001,0.610,0,0,0,0,0,0,0,0,0,0.000,0,RECOVERING,1269,0,0.000,0.006,0.000,0.000,0.000,-0.008,-0.031,1.000,0.004,0.004,0.004,0.000,0.000,0.000,0.000,0,NULL,NULL,,5,0,1,1,255,0,250,0,0
baseline,2976,2976,0,2976,2015513.558,-0.793,-0.000,-0.001,0.610,0,0,0,0,0,0,0,0,0,0.000,0,RECOVERING,1269,0,0.088,0.011,-0.063,0.000,-0.063,-0.008,-0.031,1.000,0.008,0.008,0.004,0.000,0.000,0.000,0.000,0,NULL,NULL,,5,0,1,1,255,0,250,0,0
baseline,2981,2981,0,2981,2015518.558,-0.793,-0.000,-0.001,0.610,0,0,0,0,0,0,0,0,0,0.000,0,RECOVERING,1269,0,0.000,0.011,0.000,0.000,0.000,-0.008,-0.031,1.000,0.008,0.008,0.004,0.000,0.000,0.000,0.000,0,NULL,NULL,,5,0,1,1,255,0,250,0,0
baseline,2986,2986,0,2986,2015523.558,-0.793,-0.000,-0.001,0.610,0,0,0,0,0,0,0,0,0,0.000,0,RECOVERING,1269,0,0.063,0.006,-0.063,0.000,0.000,-0.012,-0.031,1.000,0.004,-0.004,0.000,0.000,0.000,0.000,0.000,0,NULL,NULL,,5,0,1,1,255,0,250,0,0
baseline,2991,2991,0,2991,2015528.558,-0.793,-0.000,-0.001,0.610,0,0,0,0,0,0,0,0,0,0.000,0,RECOVERING,1269,0,0.088,0.006,-0.063,0.000,-0.063,-0.008,-0.031,1.000,-0.004,-0.004,0.000,0.000,0.000,0.000,0.000,0,NULL,NULL,,5,0,1,1,255,0,250,0,0
baseline,2996,2996,0,2996,2015533.558,-0.793,-0.000,-0.001,0.610,0,0,0,0,0,0,0,0,0,0.000,0,RECOVERING,1269,0,0.088,0.008,-0.063,0.000,-0.063,-0.008,-0.027,1.000,-0.008,0.000,-0.004,0.000,0.000,0.000,0.000,0,NULL,NULL,,5,0,1,1,255,0,250,0,0
baseline,3001,3001,0,3001,2015538.558,-0.793,-0.000,-0.001,0.610,0,0,0,0,0,0,0,0,0,0.000,0,RECOVERING,1269,0,0.088,0.009,-0.063,0.000,-0.063,-0.008,-0.027,1.000,-0.008,0.004,-0.004,0.000,0.000,0.000,0.000,0,NULL,NULL,,5,0,1,1,255,0,250,0,0
baseline,3006,3006,0,3006,2015543.558,-0.793,-0.000,-0.001,0.610,0,0,0,0,0,0,0,0,0,0.000,0,RECOVERING,1269,0,0.063,0.011,-0.063,0.000,0.000,-0.008,-0.031,1.000,-0.008,0.008,-0.004,0.000,0.000,0.000,0.000,0,NULL,NULL,,5,0,1,1,255,0,250,0,0
baseline,3011,3011,0,3011,2015548.558,-0.793,-0.000,-0.001,0.610,0,0,0,0,0,0,0,0,0,0.000,0,RECOVERING,1269,0,0.063,0.008,-0.063,0.000,0.000,-0.008,-0.031,1.000,0.000,0.008,-0.004,0.000,0.000,0.000,0.000,0,NULL,NULL,,5,0,1,1,255,0,250,0,0
baseline,3016,3016,0,3016,2015553.558,-0.793,-0.000,-0.001,0.610,0,0,0,0,0,0,0,0,0,0.000,0,RECOVERING,1269,0,0.063,0.004,-0.063,0.000,0.000,-0.008,-0.031,1.000,0.000,0.004,-0.004,0.000,0.000,0.000,0.000,0,NULL,NULL,,5,0,1,1,255,0,250,0,0
baseline,3021,3021,0,3021,2015558.558,-0.793,-0.000,-0.001,0.610,0,0,0,0,0,0,0,0,0,0.000,0,RECOVERING,1269,0,0.063,0.000,-0.063,0.000,0.000,-0.008,-0.027,1.000,0.000,0.000,-0.004,0.000,0.000,0.000,0.000,0,NULL,NULL,,5,0,1,1,255,0,250,0,0
baseline,3026,3026,0,3026,2015563.558,-0.793,-0.000,-0.001,0.610,0,0,0,0,0,0,0,0,0,0.000,0,RECOVERING,1269,0,0.108,0.000,-0.063,0.063,-0.063,-0.008,-0.031,1.000,0.000,0.000,-0.004,0.000,0.000,0.000,0.000,0,NULL,NULL,,5,0,1,1,255,0,250,0,0
baseline,3031,3031,0,3031,2015568.558,-0.793,-0.000,-0.001,0.610,0,0,0,0,0,0,0,0,0,0.000,0,RECOVERING,1269,0,0.088,0.009,-0.063,0.000,-0.063,-0.008,-0.031,1.000,-0.008,-0.004,0.000,0.000,0.000,0.000,0.000,0,NULL,NULL,,5,0,1,1,255,0,250,0,0
baseline,3036,3036,0,3036,2015573.558,-0.793,-0.000,-0.001,0.610,0,0,0,0,0,0,0,0,0,0.000,0,RECOVERING,1269,0,0.063,0.009,-0.063,0.000,0.000,-0.008,-0.027,1.000,-0.008,-0.004,0.000,0.000,0.000,0.000,0.000,0,NULL,NULL,,5,0,1,1,255,0,250,0,0
baseline,3041,3041,0,3041,2015578.558,-0.793,-0.000,-0.001,0.610,0,0,0,0,0,0,0,0,0,0.000,0,RECOVERING,1269,0,0.088,0.009,-0.063,0.000,-0.063,-0.008,-0.031,1.000,-0.008,-0.004,0.000,0.000,0.000,0.000,0.000,0,NULL,NULL,,5,0,1,1,255,0,250,0,0
baseline,3046,3046,0,3046,2015583.558,-0.793,-0.000,-0.001,0.610,0,0,0,0,0,0,0,0,0,0.000,0,RECOVERING,1269,0,0.088,0.009,-0.063,0.000,-0.063,-0.008,-0.031,1.000,-0.008,-0.004,-0.004,0.000,0.000,0.000,0.000,0,NULL,NULL,,5,0,1,1,255,0,250,0,0
baseline,3051,3051,0,3051,2015588.558,-0.793,-0.000,-0.001,0.610,0,0,0,0,0,0,0,0,0,0.000,0,RECOVERING,1269,0,0.088,0.004,-0.063,0.000,-0.063,-0.008,-0.031,1.000,0.000,-0.004,-0.004,0.000,0.000,0.000,0.000,0,NULL,NULL,,5,0,1,1,255,0,250,0,0
baseline,3056,3056,0,3056,2015593.558,-0.793,-0.000,-0.001,0.610,0,0,0,0,0,0,0,0,0,0.000,0,RECOVERING,1269,0,0.088,0.004,-0.063,0.000,-0.063,-0.008,-0.027,1.000,0.000,0.004,-0.004,0.000,0.000,0.000,0.000,0,NULL,NULL,,5,0,1,1,255,0,250,0,0
baseline,3061,3061,0,3061,2015598.558,-0.793,-0.000,-0.001,0.610,0,0,0,0,0,0,0,0,0,0.000,0,RECOVERING,1269,0,0.063,0.011,-0.063,0.000,0.000,-0.008,-0.027,1.000,-0.008,0.008,-0.004,0.000,0.000,0.000,0.000,0,NULL,NULL,,5,0,1,1,255,0,250,0,0
baseline,3066,3066,0,3066,2015603.558,-0.793,-0.000,-0.001,0.610,0,0,0,0,0,0,0,0,0,0.000,0,RECOVERING,1269,0,0.088,0.011,-0.063,0.000,-0.063,-0.008,-0.031,1.000,-0.008,0.008,-0.004,0.000,0.000,0.000,0.000,0,NULL,NULL,,5,0,1,1,255,0,250,0,0
baseline,3071,3071,0,3071,2015608.558,-0.793,-0.000,-0.001,0.610,0,0,0,0,0,0,0,0,0,0.000,0,RECOVERING,1269,0,0.063,0.009,-0.063,0.000,0.000,-0.008,-0.031,1.000,-0.008,0.004,-0.004,0.000,0.000,0.000,0.000,0,NULL,NULL,,5,0,1,1,255,0,250,0,0
baseline,3076,3076,0,3076,2015613.558,-0.793,-0.000,-0.001,0.610,0,0,0,0,0,0,0,0,0,0.000,0,RECOVERING,1269,0,0.088,0.004,-0.063,0.000,-0.063,-0.008,-0.031,1.000,0.000,0.004,0.012,0.000,0.000,0.000,0.000,0,NULL,NULL,,5,0,1,1,255,0,250,0,0
baseline,3081,3081,0,3081,2015618.558,-0.793,-0.000,-0.001,0.610,0,0,0,0,0,0,0,0,0,0.000,0,RECOVERING,1269,0,0.000,0.009,0.000,0.000,0.000,-0.008,-0.031,1.000,0.008,-0.004,0.012,0.000,0.000,0.000,0.000,0,NULL,NULL,,5,0,1,1,255,0,250,0,0
baseline,3086,3086,0,3086,2015623.558,-0.793,-0.000,-0.001,0.610,0,0,0,0,0,0,0,0,0,0.000,0,RECOVERING,1269,0,0.088,0.009,-0.063,0.000,-0.063,-0.008,-0.031,1.000,0.008,0.004,0.008,0.000,0.000,0.000,0.000,0,NULL,NULL,,5,0,1,1,255,0,250,0,0
baseline,3091,3091,0,3091,2015628.558,-0.793,-0.000,-0.001,0.610,0,0,0,0,0,0,0,0,0,0.000,0,RECOVERING,1269,0,0.088,0.006,-0.063,0.000,-0.063,-0.008,-0.031,1.000,-0.004,-0.004,-0.004,0.000,0.000,0.000,0.000,0,NULL,NULL,,5,0,1,1,255,0,250,0,0
baseline,3096,3096,0,3096,2015633.558,-0.793,-0.000,-0.001,0.610,0,0,0,0,0,0,0,0,0,0.000,0,RECOVERING,1269,0,0.088,0.006,-0.063,0.063,0.000,-0.008,-0.031,1.000,-0.004,0.004,-0.004,0.000,0.000,0.000,0.000,0,NULL,NULL,,5,0,1,1,255,0,250,0,0
baseline,3101,3101,0,3101,2015638.558,-0.793,-0.000,-0.001,0.610,0,0,0,0,0,0,0,0,0,0.000,0,RECOVERING,1269,0,0.063,0.008,-0.063,0.000,0.000,-0.008,-0.027,1.000,-0.008,0.000,0.000,0.000,0.000,0.000,0.000,0,NULL,NULL,,5,0,1,1,255,0,250,0,0
baseline,3106,3106,0,3106,2015643.558,-0.793,-0.000,-0.001,0.610,0,0,0,0,0,0,0,0,0,0.000,0,RECOVERING,1269,0,0.063,0.008,-0.063,0.000,0.000,-0.008,-0.031,1.000,0.008,0.000,0.000,0.000,0.000,0.000,0.000,0,NULL,NULL,,5,0,1,1,255,0,250,0,0
baseline,3111,3111,0,3111,2015648.558,-0.793,-0.000,-0.001,0.610,0,0,0,0,0,0,0,0,0,0.000,0,RECOVERING,1269,0,0.000,0.008,0.000,0.000,0.000,-0.008,-0.031,1.000,0.000,-0.008,-0.008,0.000,0.000,0.000,0.000,0,NULL,NULL,,5,0,1,1,255,0,250,0,0
baseline,3116,3116,0,3116,2015653.558,-0.793,-0.000,-0.001,0.610,0,0,0,0,0,0,0,0,0,0.000,0,RECOVERING,1269,0,0.063,0.009,-0.063,0.000,0.000,-0.008,-0.031,1.000,0.004,-0.008,-0.008,0.000,0.000,0.000,0.000,0,NULL,NULL,,5,0,1,1,255,0,250,0,0
baseline,3121,3121,0,3121,2015658.558,-0.793,-0.000,-0.001,0.610,0,0,0,0,0,0,0,0,0,0.000,0,RECOVERING,1269,0,0.063,0.009,-0.063,0.000,0.000,-0.008,-0.031,1.000,0.004,-0.008,0.000,0.000,0.000,0.000,0.000,0,NULL,NULL,,5,0,1,1,255,0,250,0,0
baseline,3126,3126,0,3126,2015663.558,-0.793,-0.000,-0.001,0.610,0,0,0,0,0,0,0,0,0,0.000,0,RECOVERING,1269,0,0.140,0.008,-0.125,0.000,-0.063,-0.008,-0.031,1.000,0.008,0.000,0.000,0.000,0.000,0.000,0.000,0,NULL,NULL,,5,0,1,1,255,0,250,0,0
baseline,3131,3131,0,3131,2015668.558,-0.793,-0.000,-0.001,0.610,0,0,0,0,0,0,0,0,0,0.000,0,RECOVERING,1269,0,0.063,0.008,-0.063,0.000,0.000,-0.012,-0.031,1.000,0.008,0.000,-0.004,0.000,0.000,0.000,0.000,0,NULL,NULL,,5,0,1,1,255,0,250,0,0
baseline,3136,3136,0,3136,2015673.558,-0.793,-0.000,-0.001,0.610,0,0,0,0,0,0,0,0,0,0.000,0,RECOVERING,1269,0,0.088,0.004,-0.063,0.000,-0.063,-0.008,-0.031,1.000,0.000,-0.004,-0.004,0.000,0.000,0.000,0.000,0,NULL,NULL,,5,0,1,1,255,0,250,0,0
baseline,3141,3141,0,3141,2015678.558,-0.793,-0.000,-0.001,0.610,0,0,0,0,0,0,0,0,0,0.000,0,RECOVERING,1269,0,0.063,0.004,-0.063,0.000,0.000,-0.008,-0.031,1.000,0.000,-0.004,-0.004,0.000,0.000,0.000,0.000,0,NULL,NULL,,5,0,1,1,255,0,250,0,0
baseline,3146,3146,0,3146,2015683.558,-0.793,-0.000,-0.001,0.610,0,0,0,0,0,0,0,0,0,0.000,0,RECOVERING,1269,0,0.063,0.004,-0.063,0.000,0.000,-0.012,-0.031,1.000,0.000,-0.004,-0.004,0.000,0.000,0.000,0.000,0,NULL,NULL,,5,0,1,1,255,0,250,0,0
baseline,3151,3151,0,3151,2015688.558,-0.793,-0.000,-0.001,0.610,0,0,0,0,0,0,0,0,0,0.000,0,RECOVERING,1269,0,0.000,0.009,0.000,0.000,0.000,-0.008,-0.031,1.000,0.004,-0.008,-0.004,0.000,0.000,0.000,0.000,0,NULL,NULL,,5,0,1,1,255,0,250,0,0
baseline,3156,3156,0,3156,2015693.558,-0.793,-0.000,-0.001,0.610,0,0,0,0,0,0,0,0,0,0.000,0,RECOVERING,1269,0,0.063,0.012,-0.063,0.000,0.000,-0.012,-0.031,1.000,-0.004,-0.012,0.000,0.000,0.000,0.000,0.000,0,NULL,NULL,,5,0,1,1,255,0,250,0,0
baseline,3161,3161,0,3161,2015698.558,-0.793,-0.000,-0.001,0.610,0,0,0,0,0,0,0,0,0,0.000,0,RECOVERING,1269,0,0.140,0.009,-0.125,0.000,-0.063,-0.008,-0.031,1.000,0.004,-0.008,0.000,0.000,0.000,0.000,0.000,0,NULL,NULL,,5,0,1,1,255,0,250,0,0
baseline,3166,3166,0,3166,2015703.558,-0.793,-0.000,-0.001,0.610,0,0,0,0,0,0,0,0,0,0.000,0,RECOVERING,1269,0,0.088,0.004,-0.063,0.000,-0.063,-0.008,-0.027,1.000,-0.004,0.000,0.000,0.000,0.000,0.000,0.000,0,NULL,NULL,,5,0,1,1,255,0,250,0,0
baseline,3171,3171,0,3171,2015708.558,-0.793,-0.000,-0.001,0.610,0,0,0,0,0,0,0,0,0,0.000,0,RECOVERING,1269,0,0.000,0.000,0.000,0.000,0.000,-0.008,-0.031,1.000,0.000,0.000,-0.004,0.000,0.000,0.000,0.000,0,NULL,NULL,,5,0,1,1,255,0,250,0,0
baseline,3176,3176,0,3176,2015713.558,-0.793,-0.000,-0.001,0.610,0,0,0,0,0,0,0,0,0,0.000,0,RECOVERING,1269,0,0.000,0.004,0.000,0.000,0.000,-0.008,-0.031,1.000,-0.004,0.000,0.000,0.000,0.000,0.000,0.000,0,NULL,NULL,,5,0,1,1,255,0,250,0,0
baseline,3181,3181,0,3181,2015718.558,-0.793,-0.000,-0.001,0.610,0,0,0,0,0,0,0,0,0,0.000,0,RECOVERING,1269,0,0.063,0.004,0.000,0.000,-0.063,-0.008,-0.027,1.000,-0.004,0.000,0.000,0.000,0.000,0.000,0.000,0,NULL,NULL,,5,0,1,1,255,0,250,0,0
baseline,3186,3186,0,3186,2015723.558,-0.793,-0.000,-0.001,0.610,0,0,0,0,0,0,0,0,0,0.000,0,RECOVERING,1269,0,0.088,0.004,0.000,0.063,-0.063,-0.008,-0.031,1.000,-0.004,0.000,0.000,0.000,0.000,0.000,0.000,0,NULL,NULL,,5,0,1,1,255,0,250,0,0
baseline,3191,3191,0,3191,2015728.558,-0.793,-0.000,-0.001,0.610,0,0,0,0,0,0,0,0,0,0.000,0,RECOVERING,1269,0,0.088,0.000,-0.063,0.063,0.000,-0.012,-0.031,1.000,0.000,0.000,-0.004,0.000,0.000,0.000,0.000,0,NULL,NULL,,5,0,1,1,255,0,250,0,0
baseline,3196,3196,0,3196,2015733.558,-0.793,-0.000,-0.001,0.610,0,0,0,0,0,0,0,0,0,0.000,0,RECOVERING,1269,0,0.063,0.006,-0.063,0.000,0.000,-0.008,-0.031,1.000,0.004,-0.004,-0.004,0.000,0.000,0.000,0.000,0,NULL,NULL,,5,0,1,1,255,0,250,0,0
baseline,3201,3201,0,3201,2015738.558,-0.793,-0.000,-0.001,0.610,0,0,0,0,0,0,0,0,0,0.000,0,RECOVERING,1269,0,0.088,0.006,-0.063,0.000,-0.063,-0.008,-0.031,1.000,0.004,-0.004,-0.004,0.000,0.000,0.000,0.000,0,NULL,NULL,,5,0,1,1,255,0,250,0,0
baseline,3206,3206,0,3206,2015743.558,-0.793,-0.000,-0.001,0.610,0,0,0,0,0,0,0,0,0,0.000,0,RECOVERING,1269,0,0.063,0.004,0.000,0.000,-0.063,-0.008,-0.031,1.000,0.000,-0.004,-0.004,0.000,0.000,0.000,0.000,0,NULL,NULL,,5,0,1,1,255,0,250,0,0
baseline,3211,3211,0,3211,2015748.558,-0.793,-0.000,-0.001,0.610,0,0,0,0,0,0,0,0,0,0.000,0,RECOVERING,1269,0,0.140,0.004,-0.125,0.000,-0.063,-0.008,-0.031,1.000,0.000,-0.004,-0.004,0.000,0.000,0.000,0.000,0,NULL,NULL,,5,0,1,1,255,0,250,0,0
baseline,3216,3216,0,3216,2015753.558,-0.793,-0.000,-0.001,0.610,0,0,0,0,0,0,0,0,0,0.000,0,RECOVERING,1269,0,0.140,0.000,-0.125,0.000,-0.063,-0.008,-0.031,1.000,0.000,0.000,0.000,0.000,0.000,0.000,0.000,0,NULL,NULL,,5,0,1,1,255,0,250,0,0
baseline,3221,3221,0,3221,2015758.558,-0.793,-0.000,-0.001,0.610,0,0,0,0,0,0,0,0,0,0.000,0,RECOVERING,1269,0,0.088,0.000,-0.063,0.000,-0.063,-0.008,-0.031,1.000,0.000,0.000,-0.004,0.000,0.000,0.000,0.000,0,NULL,NULL,,5,0,1,1,255,0,250,0,0
baseline,3226,3226,0,3226,2015763.558,-0.793,-0.000,-0.001,0.610,0,0,0,0,0,0,0,0,0,0.000,0,RECOVERING,1269,0,0.063,0.004,-0.063,0.000,0.000,-0.008,-0.031,1.000,0.004,0.000,-0.008,0.000,0.000,0.000,0.000,0,NULL,NULL,,5,0,1,1,255,0,250,0,0
baseline,3231,3231,0,3231,2015768.558,-0.793,-0.000,-0.001,0.610,0,0,0,0,0,0,0,0,0,0.000,0,RECOVERING,1269,0,0.125,0.009,-0.125,0.000,0.000,-0.008,-0.031,1.000,0.004,0.008,-0.008,0.000,0.000,0.000,0.000,0,NULL,NULL,,5,0,1,1,255,0,250,0,0
baseline,3236,3236,0,3236,2015773.558,-0.793,-0.000,-0.001,0.610,0,0,0,0,0,0,0,0,0,0.000,0,RECOVERING,1269,0,0.063,0.009,-0.063,0.000,0.000,-0.008,-0.031,1.000,0.004,0.008,-0.004,0.000,0.000,0.000,0.000,0,NULL,NULL,,5,0,1,1,255,0,250,0,0
baseline,3241,3241,0,3241,2015778.558,-0.793,-0.000,-0.001,0.610,0,0,0,0,0,0,0,0,0,0.000,0,RECOVERING,1269,0,0.088,0.008,-0.063,0.000,-0.063,-0.008,-0.031,1.000,0.000,0.008,-0.004,0.000,0.000,0.000,0.000,0,NULL,NULL,,5,0,1,1,255,0,250,0,0
baseline,3246,3246,0,3246,2015783.558,-0.793,-0.000,-0.001,0.610,0,0,0,0,0,0,0,0,0,0.000,0,RECOVERING,1269,0,0.108,0.000,-0.063,-0.063,-0.063,-0.008,-0.031,1.000,0.000,0.000,-0.004,0.000,0.000,0.000,0.000,0,NULL,NULL,,5,0,1,1,255,0,250,0,0
baseline,3251,3251,0,3251,2015788.558,-0.793,-0.000,-0.001,0.610,0,0,0,0,0,0,0,0,0,0.000,0,RECOVERING,1269,0,0.088,0.000,-0.063,0.000,-0.063,-0.008,-0.031,1.000,0.000,0.000,-0.004,0.000,0.000,0.000,0.000,0,NULL,NULL,,5,0,1,1,255,0,250,0,0
baseline,3256,3256,0,3256,2015793.558,-0.793,-0.000,-0.001,0.610,0,0,0,0,0,0,0,0,0,0.000,0,RECOVERING,1269,0,0.063,0.004,-0.063,0.000,0.000,-0.008,-0.031,1.000,0.004,0.000,0.000,0.000,0.000,0.000,0.000,0,NULL,NULL,,5,0,1,1,255,0,250,0,0
baseline,3261,3261,0,3261,2015798.558,-0.793,-0.000,-0.001,0.610,0,0,0,0,0,0,0,0,0,0.000,0,RECOVERING,1269,0,0.063,0.004,-0.063,0.000,0.000,-0.008,-0.031,1.000,0.004,0.000,0.000,0.000,0.000,0.000,0.000,0,NULL,NULL,,5,0,1,1,255,0,250,0,0
baseline,3266,3266,0,3266,2015803.558,-0.793,-0.000,-0.001,0.610,0,0,0,0,0,0,0,0,0,0.000,0,RECOVERING,1269,0,0.088,0.004,-0.063,0.000,-0.063,-0.008,-0.031,1.000,0.004,0.000,0.000,0.000,0.000,0.000,0.000,0,NULL,NULL,,5,0,1,1,255,0,250,0,0
baseline,3271,3271,0,3271,2015808.558,-0.793,-0.000,-0.001,0.609,0,0,0,0,0,0,0,0,0,0.000,0,RECOVERING,1269,0,0.063,0.004,0.000,0.000,-0.063,-0.008,-0.031,1.000,0.004,0.000,0.008,0.000,0.000,0.000,0.000,0,NULL,NULL,,5,0,1,1,255,0,250,0,0
baseline,3276,3276,0,3276,2015813.558,-0.793,-0.000,-0.001,0.609,0,0,0,0,0,0,0,0,0,0.000,0,RECOVERING,1269,0,0.088,0.004,-0.063,0.000,-0.063,-0.008,-0.031,1.000,0.004,0.000,-0.004,0.000,0.000,0.000,0.000,0,NULL,NULL,,5,0,1,1,255,0,250,0,0
baseline,3281,3281,0,3281,2015818.558,-0.793,-0.000,-0.001,0.609,0,0,0,0,0,0,0,0,0,0.000,0,RECOVERING,1269,0,0.000,0.006,0.000,0.000,0.000,-0.008,-0.031,1.000,0.004,0.004,-0.004,0.000,0.000,0.000,0.000,0,NULL,NULL,,5,0,1,1,255,0,250,0,0
baseline,3286,3286,0,3286,2015823.558,-0.793,-0.000,-0.001,0.609,0,0,0,0,0,0,0,0,0,0.000,0,RECOVERING,1269,0,0.063,0.008,-0.063,0.000,0.000,-0.008,-0.031,1.000,0.000,0.008,-0.004,0.000,0.000,0.000,0.000,0,NULL,NULL,,5,0,1,1,255,0,250,0,0
baseline,3291,3291,0,3291,2015828.558,-0.793,-0.000,-0.001,0.609,0,0,0,0,0,0,0,0,0,0.000,0,RECOVERING,1269,0,0.140,0.004,-0.125,0.000,-0.063,-0.008,-0.031,1.000,0.000,0.004,-0.004,0.000,0.000,0.000,0.000,0,NULL,NULL,,5,0,1,1,255,0,250,0,0
baseline,3296,3296,0,3296,2015833.558,-0.793,-0.000,-0.001,0.609,0,0,0,0,0,0,0,0,0,0.000,0,RECOVERING,1269,0,0.088,0.008,-0.063,0.000,-0.063,-0.008,-0.031,1.000,0.000,0.008,0.012,0.000,0.000,0.000,0.000,0,NULL,NULL,,5,0,1,1,255,0,250,0,0
baseline,3301,3301,0,3301,2015838.558,-0.793,-0.000,-0.001,0.609,0,0,0,0,0,0,0,0,0,0.000,0,RECOVERING,1269,0,0.063,0.008,0.000,-0.063,0.000,-0.008,-0.031,1.000,0.000,0.008,0.012,0.000,0.000,0.000,0.000,0,NULL,NULL,,5,0,1,1,255,0,250,0,0
baseline,3306,3306,0,3306,2015843.558,-0.793,-0.000,-0.001,0.609,0,0,0,0,0,0,0,0,0,0.000,0,RECOVERING,1269,0,0.088,0.009,-0.063,0.000,-0.063,-0.012,-0.031,1.000,0.004,0.008,-0.004,0.000,0.000,0.000,0.000,0,NULL,NULL,,5,0,1,1,255,0,250,0,0
baseline,3311,3311,0,3311,2015848.558,-0.793,-0.000,-0.001,0.609,0,0,0,0,0,0,0,0,0,0.000,0,RECOVERING,1269,0,0.000,0.000,0.000,0.000,0.000,-0.008,-0.031,1.000,0.000,0.000,-0.004,0.000,0.000,0.000,0.000,0,NULL,NULL,,5,0,1,1,255,0,250,0,0
baseline,3316,3316,0,3316,2015853.558,-0.793,-0.000,-0.001,0.609,0,0,0,0,0,0,0,0,0,0.000,0,RECOVERING,1269,0,0.088,0.012,-0.063,0.000,-0.063,-0.012,-0.031,1.000,0.000,-0.012,-0.004,0.000,0.000,0.000,0.000,0,NULL,NULL,,5,0,1,1,255,0,250,0,0
baseline,3321,3321,0,3321,2015858.558,-0.793,-0.000,-0.001,0.609,0,0,0,0,0,0,0,0,0,0.000,0,RECOVERING,1269,0,0.063,0.008,-0.063,0.000,0.000,-0.008,-0.031,1.000,0.000,-0.008,-0.004,0.000,0.000,0.000,0.000,0,NULL,NULL,,5,0,1,1,255,0,250,0,0
baseline,3326,3326,0,3326,2015863.558,-0.793,-0.000,-0.001,0.609,0,0,0,0,0,0,0,0,0,0.000,0,RECOVERING,1269,0,0.063,0.008,-0.063,0.000,0.000,-0.008,-0.031,1.000,0.000,-0.008,-0.008,0.000,0.000,0.000,0.000,0,NULL,NULL,,5,0,1,1,255,0,250,0,0
baseline,3331,3331,0,3331,2015868.558,-0.793,-0.000,-0.001,0.609,0,0,0,0,0,0,0,0,0,0.000,0,RECOVERING,1269,0,0.063,0.006,0.000,0.000,-0.063,-0.008,-0.031,1.000,-0.004,0.004,-0.004,0.000,0.000,0.000,0.000,0,NULL,NULL,,5,0,1,1,255,0,250,0,0
baseline,3336,3336,0,3336,2015873.558,-0.793,-0.000,-0.001,0.609,0,0,0,0,0,0,0,0,0,0.000,0,RECOVERING,1269,0,0.063,0.006,-0.063,0.000,0.000,-0.012,-0.027,1.000,-0.004,0.004,0.008,0.000,0.000,0.000,0.000,0,NULL,NULL,,5,0,1,1,255,0,250,0,0
baseline,3341,3341,0,3341,2015878.558,-0.793,-0.000,-0.001,0.609,0,0,0,0,0,0,0,0,0,0.000,0,RECOVERING,1269,0,0.140,0.004,-0.125,0.000,-0.063,-0.008,-0.031,1.000,-0.004,0.000,0.008,0.000,0.000,0.000,0.000,0,NULL,NULL,,5,0,1,1,255,0,250,0,0
baseline,3346,3346,0,3346,2015883.558,-0.793,-0.000,-0.001,0.609,0,0,0,0,0,0,0,0,0,0.000,0,RECOVERING,1269,0,0.000,0.000,0.000,0.000,0.000,-0.008,-0.031,1.000,0.000,0.000,0.008,0.000,0.000,0.000,0.000,0,NULL,NULL,,5,0,1,1,255,0,250,0,0
baseline,3351,3351,0,3351,2015888.558,-0.793,-0.000,-0.001,0.609,0,0,0,0,0,0,0,0,0,0.000,0,RECOVERING,1269,0,0.063,0.000,-0.063,0.000,0.000,-0.008,-0.031,1.000,0.000,0.000,-0.004,0.000,0.000,0.000,0.000,0,NULL,NULL,,5,0,1,1,255,0,250,0,0
baseline,3356,3356,0,3356,2015893.558,-0.793,-0.000,-0.001,0.609,0,0,0,0,0,0,0,0,0,0.000,0,RECOVERING,1269,0,0.063,0.000,-0.063,0.000,0.000,-0.008,-0.031,1.000,0.000,0.000,-0.004,0.000,0.000,0.000,0.000,0,NULL,NULL,,5,0,1,1,255,0,250,0,0
baseline,3361,3361,0,3361,2015898.558,-0.793,-0.000,-0.001,0.609,0,0,0,0,0,0,0,0,0,0.000,0,RECOVERING,1269,0,0.125,0.000,-0.125,0.000,0.000,-0.008,-0.031,1.000,0.000,0.000,-0.004,0.000,0.000,0.000,0.000,0,NULL,NULL,,5,0,1,1,255,0,250,0,0
baseline,3366,3366,0,3366,2015903.558,-0.793,-0.000,-0.001,0.609,0,0,0,0,0,0,0,0,0,0.000,0,RECOVERING,1269,0,0.125,0.009,-0.125,0.000,0.000,-0.008,-0.027,1.000,-0.004,0.008,0.000,0.000,0.000,0.000,0.000,0,NULL,NULL,,5,0,1,1,255,0,250,0,0
baseline,3371,3371,0,3371,2015908.558,-0.793,-0.000,-0.001,0.609,0,0,0,0,0,0,0,0,0,0.000,0,RECOVERING,1269,0,0.063,0.009,-0.063,0.000,0.000,-0.008,-0.031,1.000,-0.004,0.008,0.000,0.000,0.000,0.000,0.000,0,NULL,NULL,,5,0,1,1,255,0,250,0,0
baseline,3376,3376,0,3376,2015913.558,-0.793,-0.000,-0.001,0.609,0,0,0,0,0,0,0,0,0,0.000,0,RECOVERING,1269,0,0.088,0.004,-0.063,0.000,-0.063,-0.008,-0.031,1.000,0.000,0.004,0.000,0.000,0.000,0.000,0.000,0,NULL,NULL,,5,0,1,1,255,0,250,0,0
baseline,3381,3381,0,3381,2015918.558,-0.793,-0.000,-0.001,0.609,0,0,0,0,0,0,0,0,0,0.000,0,RECOVERING,1269,0,0.140,0.000,-0.125,0.000,-0.063,-0.008,-0.031,1.000,0.000,0.000,-0.004,0.000,0.000,0.000,0.000,0,NULL,NULL,,5,0,1,1,255,0,250,0,0
baseline,3386,3386,0,3386,2015923.558,-0.793,-0.000,-0.001,0.609,0,0,0,0,0,0,0,0,0,0.000,0,RECOVERING,1269,0,0.088,0.000,-0.063,0.000,-0.063,-0.008,-0.031,1.000,0.000,0.000,0.000,0.000,0.000,0.000,0.000,0,NULL,NULL,,5,0,1,1,255,0,250,0,0
baseline,3391,3391,0,3391,2015928.558,-0.793,-0.000,-0.001,0.609,0,0,0,0,0,0,0,0,0,0.000,0,RECOVERING,1269,0,0.063,0.000,-0.063,0.000,0.000,-0.008,-0.027,1.000,0.000,0.000,0.000,0.000,0.000,0.000,0.000,0,NULL,NULL,,5,0,1,1,255,0,250,0,0
baseline,3396,3396,0,3396,2015933.558,-0.793,-0.000,-0.001,0.609,0,0,0,0,0,0,0,0,0,0.000,0,RECOVERING,1269,0,0.108,0.008,-0.063,-0.063,-0.063,-0.008,-0.027,1.000,-0.008,0.000,0.000,0.000,0.000,0.000,0.000,0,NULL,NULL,,5,0,1,1,255,0,250,0,0
baseline,3401,3401,0,3401,2015938.558,-0.793,-0.000,-0.001,0.609,0,0,0,0,0,0,0,0,0,0.000,0,RECOVERING,1269,0,0.088,0.011,-0.063,0.000,-0.063,-0.008,-0.031,1.000,-0.008,0.008,0.000,0.000,0.000,0.000,0.000,0,NULL,NULL,,5,0,1,1,255,0,250,0,0
baseline,3406,3406,0,3406,2015943.558,-0.793,-0.000,-0.001,0.609,0,0,0,0,0,0,0,0,0,0.000,0,RECOVERING,1269,0,0.088,0.004,-0.063,0.000,-0.063,-0.008,-0.031,1.000,-0.004,0.000,0.000,0.000,0.000,0.000,0.000,0,NULL,NULL,,5,0,1,1,255,0,250,0,0
baseline,3411,3411,0,3411,2015948.558,-0.793,-0.000,-0.001,0.609,0,0,0,0,0,0,0,0,0,0.000,0,RECOVERING,1269,0,0.125,0.004,-0.125,0.000,0.000,-0.008,-0.031,1.000,0.004,0.000,0.000,0.000,0.000,0.000,0.000,0,NULL,NULL,,5,0,1,1,255,0,250,0,0
baseline,3416,3416,0,3416,2015953.558,-0.793,-0.000,-0.001,0.609,0,0,0,0,0,0,0,0,0,0.000,0,RECOVERING,1269,0,0.140,0.008,-0.125,0.000,-0.063,-0.008,-0.031,1.000,0.008,0.000,0.000,0.000,0.000,0.000,0.000,0,NULL,NULL,,5,0,1,1,255,0,250,0,0
baseline,3421,3421,0,3421,2015958.558,-0.793,-0.000,-0.001,0.609,0,0,0,0,0,0,0,0,0,0.000,0,RECOVERING,1269,0,0.088,0.008,-0.063,0.000,-0.063,-0.008,-0.031,1.000,0.008,0.000,-0.008,0.000,0.000,0.000,0.000,0,NULL,NULL,,5,0,1,1,255,0,250,0,0
baseline,3426,3426,0,3426,2015963.558,-0.793,-0.000,-0.001,0.609,0,0,0,0,0,0,0,0,0,0.000,0,RECOVERING,1269,0,0.063,0.006,0.000,0.063,0.000,-0.008,-0.031,1.000,0.004,-0.004,-0.008,0.000,0.000,0.000,0.000,0,NULL,NULL,,5,0,1,1,255,0,250,0,0
baseline,3431,3431,0,3431,2015968.558,-0.793,-0.000,-0.001,0.609,0,0,0,0,0,0,0,0,0,0.000,0,RECOVERING,1269,0,0.088,0.006,-0.063,0.000,-0.063,-0.008,-0.031,1.000,0.004,-0.004,0.000,0.000,0.000,0.000,0.000,0,NULL,NULL,,5,0,1,1,255,0,250,0,0
baseline,3436,3436,0,3436,2015973.558,-0.793,-0.000,-0.001,0.609,0,0,0,0,0,0,0,0,0,0.000,0,RECOVERING,1269,0,0.088,0.006,-0.063,0.000,-0.063,-0.008,-0.031,1.000,-0.004,-0.004,0.008,0.000,0.000,0.000,0.000,0,NULL,NULL,,5,0,1,1,255,0,250,0,0
baseline,3441,3441,0,3441,2015978.558,-0.793,-0.000,-0.001,0.609,0,0,0,0,0,0,0,0,0,0.000,0,RECOVERING,1269,0,0.125,0.006,-0.125,0.000,0.000,-0.008,-0.031,1.000,-0.004,0.004,0.008,0.000,0.000,0.000,0.000,0,NULL,NULL,,5,0,1,1,255,0,250,0,0
baseline,3446,3446,0,3446,2015983.558,-0.793,-0.000,-0.001,0.609,0,0,0,0,0,0,0,0,0,0.000,0,RECOVERING,1269,0,0.140,0.006,-0.125,0.063,0.000,-0.008,-0.031,1.000,-0.004,0.004,0.008,0.000,0.000,0.000,0.000,0,NULL,NULL,,5,0,1,1,255,0,250,0,0
baseline,3451,3451,0,3451,2015988.558,-0.793,-0.000,-0.001,0.609,0,0,0,0,0,0,0,0,0,0.000,0,RECOVERING,1269,0,0.140,0.011,-0.125,0.000,-0.063,-0.008,-0.027,1.000,-0.008,0.008,0.000,0.000,0.000,0.000,0.000,0,NULL,NULL,,5,0,1,1,255,0,250,0,0
baseline,3456,3456,0,3456,2015993.558,-0.793,-0.000,-0.001,0.609,0,0,0,0,0,0,0,0,0,0.000,0,RECOVERING,1269,0,0.140,0.011,-0.125,0.063,0.000,-0.008,-0.031,0.996,-0.008,0.008,0.000,0.000,0.000,0.000,0.000,0,NULL,NULL,,5,0,1,1,255,0,250,0,0
baseline,3461,3461,0,3461,2015998.558,-0.793,-0.000,-0.001,0.609,0,0,0,0,0,0,0,0,0,0.000,0,RECOVERING,1269,0,0.063,0.009,0.000,0.000,-0.063,-0.008,-0.031,1.000,-0.004,0.008,-0.012,0.000,0.000,0.000,0.000,0,NULL,NULL,,5,0,1,1,255,0,250,0,0
baseline,3466,3466,0,3466,2016003.558,-0.793,-0.000,-0.001,0.609,0,0,0,0,0,0,0,0,0,0.000,0,RECOVERING,1269,0,0.140,0.009,-0.125,0.000,-0.063,-0.008,-0.027,1.004,-0.004,0.008,-0.012,0.000,0.000,0.000,0.000,0,NULL,NULL,,5,0,1,1,255,0,250,0,0
baseline,3471,3471,0,3471,2016008.558,-0.793,-0.000,-0.001,0.609,0,0,0,0,0,0,0,0,0,0.000,0,RECOVERING,1269,0,0.088,0.006,-0.063,0.063,0.000,-0.008,-0.035,0.984,-0.004,0.004,-0.012,0.000,0.000,0.000,0.000,0,NULL,NULL,,5,0,1,1,255,0,250,0,0
baseline,3476,3476,0,3476,2016013.558,-0.793,-0.000,-0.001,0.609,0,0,0,0,0,0,0,0,0,0.000,0,RECOVERING,1269,0,0.207,0.017,0.188,0.063,-0.063,-0.012,-0.027,1.012,-0.016,-0.008,0.047,0.000,0.000,0.000,0.000,0,NULL,NULL,,5,0,1,1,255,0,250,0,0
baseline,3481,3481,0,3481,2016018.558,-0.793,-0.000,-0.001,0.609,0,0,0,0,0,0,0,0,0,0.000,0,RECOVERING,1269,0,0.063,0.025,-0.063,0.000,0.000,-0.008,-0.031,1.000,0.023,-0.008,0.016,0.000,0.000,0.000,0.000,0,NULL,NULL,,5,0,1,1,255,0,250,0,0
baseline,3486,3486,0,3486,2016023.558,-0.793,-0.000,-0.001,0.609,0,0,0,0,0,0,0,0,0,0.000,0,RECOVERING,1269,0,0.063,0.012,-0.063,0.000,0.000,-0.008,-0.027,1.004,-0.012,-0.004,0.055,0.000,0.000,0.000,0.000,0,NULL,NULL,,5,0,1,1,255,0,250,0,0
baseline,3491,3491,0,3491,2016028.558,-0.793,-0.000,-0.001,0.609,0,0,0,0,0,0,0,0,0,0.000,0,RECOVERING,1269,0,0.188,0.006,-0.188,0.000,0.000,-0.008,-0.031,0.996,-0.004,0.004,0.016,0.000,0.000,0.000,0.000,0,NULL,NULL,,5,0,1,1,255,0,250,0,0
baseline,3496,3496,0,3496,2016033.558,-0.793,-0.000,-0.001,0.609,0,0,0,0,0,0,0,0,0,0.000,0,RECOVERING,1269,0,0.063,0.006,-0.063,0.000,0.000,-0.008,-0.031,0.992,-0.004,0.004,-0.031,0.000,0.000,0.000,0.000,0,NULL,NULL,,5,0,1,1,255,0,250,0,0
baseline,3501,3501,0,3501,2016038.558,-0.793,-0.000,-0.001,0.609,0,0,0,0,0,0,0,0,0,0.000,0,RECOVERING,1269,0,0.063,0.012,0.000,0.000,-0.063,-0.008,-0.031,0.996,0.012,-0.004,-0.031,0.000,0.000,0.000,0.000,0,NULL,NULL,,5,0,1,1,255,0,250,0,0
baseline,3506,3506,0,3506,2016043.558,-0.793,-0.000,-0.001,0.609,0,0,0,0,0,0,0,0,0,0.000,0,RECOVERING,1269,0,0.088,0.012,-0.063,0.000,-0.063,-0.008,-0.027,1.008,0.012,-0.004,-0.027,0.000,0.000,0.000,0.000,0,NULL,NULL,,5,0,1,1,255,0,250,0,0
baseline,3511,3511,0,3511,2016048.558,-0.793,-0.000,-0.001,0.609,0,0,0,0,0,0,0,0,0,0.000,0,RECOVERING,1269,0,0.088,0.006,-0.063,0.000,-0.063,-0.008,-0.031,1.000,-0.004,0.004,-0.020,0.000,0.000,0.000,0.000,0,NULL,NULL,,5,0,1,1,255,0,250,0,0
baseline,3516,3516,0,3516,2016053.558,-0.793,-0.000,-0.001,0.609,0,0,0,0,0,0,0,0,0,0.000,0,RECOVERING,1269,0,0.088,0.006,-0.063,-0.063,0.000,-0.008,-0.031,1.000,-0.004,0.004,-0.016,0.000,0.000,0.000,0.000,0,NULL,NULL,,5,0,1,1,255,0,250,0,0
baseline,3521,3521,0,3521,2016058.558,-0.793,-0.000,-0.001,0.609,0,0,0,0,0,0,0,0,0,0.000,0,RECOVERING,1269,0,0.000,0.004,0.000,0.000,0.000,-0.008,-0.031,1.000,-0.004,0.000,-0.016,0.000,0.000,0.000,0.000,0,NULL,NULL,,5,0,1,1,255,0,250,0,0
baseline,3526,3526,0,3526,2016063.558,-0.793,-0.000,-0.001,0.609,0,0,0,0,0,0,0,0,0,0.000,0,RECOVERING,1269,0,0.063,0.000,-0.063,0.000,0.000,-0.008,-0.031,1.004,0.000,0.000,-0.008,0.000,0.000,0.000,0.000,0,NULL,NULL,,5,0,1,1,255,0,250,0,0
baseline,3531,3531,0,3531,2016068.558,-0.793,-0.000,-0.001,0.609,0,0,0,0,0,0,0,0,0,0.000,0,RECOVERING,1269,0,0.153,0.006,-0.125,-0.063,-0.063,-0.008,-0.031,1.000,-0.004,0.004,-0.008,0.000,0.000,0.000,0.000,0,NULL,NULL,,5,0,1,1,255,0,250,0,0
baseline,3536,3536,0,3536,2016073.558,-0.793,-0.000,-0.001,0.609,0,0,0,0,0,0,0,0,0,0.000,0,RECOVERING,1269,0,0.000,0.006,0.000,0.000,0.000,-0.012,-0.031,1.000,-0.004,0.004,-0.004,0.000,0.000,0.000,0.000,0,NULL,NULL,,5,0,1,1,255,0,250,0,0
baseline,3541,3541,0,3541,2016078.558,-0.793,-0.000,-0.001,0.609,0,0,0,0,0,0,0,0,0,0.000,0,RECOVERING,1269,0,0.108,0.006,-0.063,0.063,-0.063,-0.008,-0.031,1.000,-0.004,0.004,-0.008,0.000,0.000,0.000,0.000,0,NULL,NULL,,5,0,1,1,255,0,250,0,0
baseline,3546,3546,0,3546,2016083.558,-0.793,-0.000,-0.001,0.609,0,0,0,0,0,0,0,0,0,0.000,0,RECOVERING,1269,0,0.088,0.011,-0.063,0.063,0.000,-0.008,-0.031,1.000,0.008,-0.008,-0.004,0.000,0.000,0.000,0.000,0,NULL,NULL,,5,0,1,1,255,0,250,0,0
baseline,3551,3551,0,3551,2016088.558,-0.793,-0.000,-0.001,0.609,0,0,0,0,0,0,0,0,0,0.000,0,RECOVERING,1269,0,0.125,0.008,-0.125,0.000,0.000,-0.008,-0.031,1.004,0.008,0.000,0.016,0.000,0.000,0.000,0.000,0,NULL,NULL,,5,0,1,1,255,0,250,0,0
baseline,3556,3556,0,3556,2016093.558,-0.793,-0.000,-0.001,0.609,0,0,0,0,0,0,0,0,0,0.000,0,RECOVERING,1269,0,0.063,0.009,0.000,-0.063,0.000,-0.008,-0.031,0.996,0.004,-0.008,0.016,0.000,0.000,0.000,0.000,0,NULL,NULL,,5,0,1,1,255,0,250,0,0
baseline,3561,3561,0,3561,2016098.558,-0.793,-0.000,-0.001,0.609,0,0,0,0,0,0,0,0,0,0.000,0,RECOVERING,1269,0,0.088,0.000,-0.063,0.000,-0.063,-0.008,-0.027,1.000,0.000,0.000,0.008,0.000,0.000,0.000,0.000,0,NULL,NULL,,5,0,1,1,255,0,250,0,0
baseline,3566,3566,0,3566,2016103.558,-0.793,-0.000,-0.001,0.609,0,0,0,0,0,0,0,0,0,0.000,0,RECOVERING,1269,0,0.088,0.006,-0.063,0.000,-0.063,-0.008,-0.031,1.000,0.004,0.004,0.008,0.000,0.000,0.000,0.000,0,NULL,NULL,,5,0,1,1,255,0,250,0,0
baseline,3571,3571,0,3571,2016108.558,-0.793,-0.000,-0.001,0.609,0,0,0,0,0,0,0,0,0,0.000,0,RECOVERING,1269,0,0.088,0.009,-0.063,-0.063,0.000,-0.008,-0.031,1.004,0.008,0.004,0.008,0.000,0.000,0.000,0.000,0,NULL,NULL,,5,0,1,1,255,0,250,0,0
baseline,3576,3576,0,3576,2016113.558,-0.793,-0.000,-0.001,0.609,0,0,0,0,0,0,0,0,0,0.000,0,RECOVERING,1269,0,0.088,0.009,-0.063,0.000,-0.063,-0.008,-0.031,1.000,0.008,-0.004,0.012,0.000,0.000,0.000,0.000,0,NULL,NULL,,5,0,1,1,255,0,250,0,0
baseline,3581,3581,0,3581,2016118.558,-0.793,-0.000,-0.001,0.609,0,0,0,0,0,0,0,0,0,0.000,0,RECOVERING,1269,0,0.063,0.009,0.000,0.000,-0.063,-0.008,-0.031,0.996,0.008,-0.004,0.012,0.000,0.000,0.000,0.000,0,NULL,NULL,,5,0,1,1,255,0,250,0,0
baseline,3586,3586,0,3586,2016123.558,-0.793,-0.000,-0.001,0.609,0,0,0,0,0,0,0,0,0,0.000,0,RECOVERING,1269,0,0.000,0.004,0.000,0.000,0.000,-0.008,-0.031,0.996,0.000,-0.004,-0.023,0.000,0.000,0.000,0.000,0,NULL,NULL,,5,0,1,1,255,0,250,0,0
baseline,3591,3591,0,3591,2016128.558,-0.793,-0.000,-0.001,0.609,0,0,0,0,0,0,0,0,0,0.000,0,RECOVERING,1269,0,0.063,0.004,0.000,0.000,-0.063,-0.008,-0.031,1.000,0.000,-0.004,-0.023,0.000,0.000,0.000,0.000,0,NULL,NULL,,5,0,1,1,255,0,250,0,0
baseline,3596,3596,0,3596,2016133.558,-0.793,-0.000,-0.001,0.609,0,0,0,0,0,0,0,0,0,0.000,0,RECOVERING,1269,0,0.063,0.004,-0.063,0.000,0.000,-0.008,-0.027,1.008,-0.004,0.000,0.012,0.000,0.000,0.000,0.000,0,NULL,NULL,,5,0,1,1,255,0,250,0,0
baseline,3601,3601,0,3601,2016138.558,-0.793,-0.000,-0.001,0.609,0,0,0,0,0,0,0,0,0,0.000,0,RECOVERING,1269,0,0.198,0.004,-0.188,0.000,-0.063,-0.008,-0.031,1.000,-0.004,0.000,0.012,0.000,0.000,0.000,0.000,0,NULL,NULL,,5,0,1,1,255,0,250,0,0
baseline,3606,3606,0,3606,2016143.558,-0.793,-0.000,-0.001,0.609,0,0,0,0,0,0,0,0,0,0.000,0,RECOVERING,1269,0,0.088,0.004,-0.063,0.000,-0.063,-0.008,-0.031,0.996,0.004,0.000,-0.012,0.000,0.000,0.000,0.000,0,NULL,NULL,,5,0,1,1,255,0,250,0,0
baseline,3611,3611,0,3611,2016148.558,-0.793,-0.000,-0.001,0.609,0,0,0,0,0,0,0,0,0,0.000,0,RECOVERING,1269,0,0.000,0.006,0.000,0.000,0.000,-0.008,-0.031,1.000,0.004,-0.004,-0.012,0.000,0.000,0.000,0.000,0,NULL,NULL,,5,0,1,1,255,0,250,0,0
baseline,3616,3616,0,3616,2016153.558,-0.793,-0.000,-0.001,0.609,0,0,0,0,0,0,0,0,0,0.000,0,RECOVERING,1269,0,0.063,0.006,-0.063,0.000,0.000,-0.008,-0.031,1.004,0.004,0.004,-0.008,0.000,0.000,0.000,0.000,0,NULL,NULL,,5,0,1,1,255,0,250,0,0
baseline,3621,3621,0,3621,2016158.558,-0.793,-0.000,-0.001,0.609,0,0,0,0,0,0,0,0,0,0.000,0,RECOVERING,1269,0,0.063,0.004,-0.063,0.000,0.000,-0.008,-0.031,1.004,0.000,0.004,0.020,0.000,0.000,0.000,0.000,0,NULL,NULL,,5,0,1,1,255,0,250,0,0
baseline,3626,3626,0,3626,2016163.558,-0.793,-0.000,-0.001,0.609,0,0,0,0,0,0,0,0,0,0.000,0,RECOVERING,1269,0,0.140,0.004,-0.125,0.000,0.063,-0.008,-0.027,1.000,0.000,0.004,0.020,0.000,0.000,0.000,0.000,0,NULL,NULL,,5,0,1,1,255,0,250,0,0
baseline,3631,3631,0,3631,2016168.558,-0.793,-0.000,-0.001,0.609,0,0,0,0,0,0,0,0,0,0.000,0,RECOVERING,1269,0,0.063,0.004,-0.063,0.000,0.000,-0.008,-0.031,0.996,0.000,0.004,-0.020,0.000,0.000,0.000,0.000,0,NULL,NULL,,5,0,1,1,255,0,250,0,0
baseline,3636,3636,0,3636,2016173.558,-0.793,-0.000,-0.001,0.609,0,0,0,0,0,0,0,0,0,0.000,0,RECOVERING,1269,0,0.063,0.008,0.000,0.000,-0.063,-0.008,-0.031,1.000,-0.008,0.000,-0.020,0.000,0.000,0.000,0.000,0,NULL,NULL,,5,0,1,1,255,0,250,0,0
baseline,3641,3641,0,3641,2016178.558,-0.793,-0.000,-0.001,0.609,0,0,0,0,0,0,0,0,0,0.000,0,RECOVERING,1269,0,0.125,0.004,-0.125,0.000,0.000,-0.008,-0.031,1.000,-0.004,0.000,0.004,0.000,0.000,0.000,0.000,0,NULL,NULL,,5,0,1,1,255,0,250,0,0
baseline,3646,3646,0,3646,2016183.558,-0.793,-0.000,-0.001,0.609,0,0,0,0,0,0,0,0,0,0.000,0,RECOVERING,1269,0,0.000,0.006,0.000,0.000,0.000,-0.008,-0.031,1.000,-0.004,0.004,0.004,0.000,0.000,0.000,0.000,0,NULL,NULL,,5,0,1,1,255,0,250,0,0
baseline,3651,3651,0,3651,2016188.558,-0.793,-0.000,-0.001,0.609,0,0,0,0,0,0,0,0,0,0.000,0,RECOVERING,1269,0,0.000,0.008,0.000,0.000,0.000,-0.008,-0.031,1.000,0.000,0.008,0.000,0.000,0.000,0.000,0.000,0,NULL,NULL,,5,0,1,1,255,0,250,0,0
baseline,3656,3656,0,3656,2016193.558,-0.793,-0.000,-0.001,0.609,0,0,0,0,0,0,0,0,0,0.000,0,RECOVERING,1269,0,0.000,0.009,0.000,0.000,0.000,-0.008,-0.031,1.000,0.004,0.008,0.000,0.000,0.000,0.000,0.000,0,NULL,NULL,,5,0,1,1,255,0,250,0,0
baseline,3661,3661,0,3661,2016198.558,-0.793,-0.000,-0.001,0.609,0,0,0,0,0,0,0,0,0,0.000,0,RECOVERING,1269,0,0.088,0.004,-0.063,0.000,-0.063,-0.008,-0.031,1.000,0.004,0.000,0.012,0.000,0.000,0.000,0.000,0,NULL,NULL,,5,0,1,1,255,0,250,0,0
baseline,3666,3666,0,3666,2016203.558,-0.793,-0.000,-0.001,0.609,0,0,0,0,0,0,0,0,0,0.000,0,RECOVERING,1269,0,0.088,0.004,-0.063,0.000,-0.063,-0.008,-0.031,1.000,-0.004,0.000,0.012,0.000,0.000,0.000,0.000,0,NULL,NULL,,5,0,1,1,255,0,250,0,0
baseline,3671,3671,0,3671,2016208.558,-0.793,-0.000,-0.001,0.609,0,0,0,0,0,0,0,0,0,0.000,0,RECOVERING,1269,0,0.063,0.006,0.000,0.063,0.000,-0.008,-0.031,1.000,-0.004,0.004,0.004,0.000,0.000,0.000,0.000,0,NULL,NULL,,5,0,1,1,255,0,250,0,0
baseline,3676,3676,0,3676,2016213.558,-0.793,-0.000,-0.001,0.609,0,0,0,0,0,0,0,0,0,0.000,0,RECOVERING,1269,0,0.000,0.006,0.000,0.000,0.000,-0.012,-0.031,1.004,-0.004,0.004,0.004,0.000,0.000,0.000,0.000,0,NULL,NULL,,5,0,1,1,255,0,250,0,0
baseline,3681,3681,0,3681,2016218.558,-0.793,-0.000,-0.001,0.609,0,0,0,0,0,0,0,0,0,0.000,0,RECOVERING,1269,0,0.063,0.009,-0.063,0.000,0.000,-0.008,-0.031,1.000,-0.008,-0.004,0.016,0.000,0.000,0.000,0.000,0,NULL,NULL,,5,0,1,1,255,0,250,0,0
baseline,3686,3686,0,3686,2016223.558,-0.793,-0.000,-0.001,0.609,0,0,0,0,0,0,0,0,0,0.000,0,RECOVERING,1269,0,0.108,0.011,-0.063,0.063,-0.063,-0.008,-0.031,1.000,-0.008,-0.008,0.016,0.000,0.000,0.000,0.000,0,NULL,NULL,,5,0,1,1,255,0,250,0,0
baseline,3691,3691,0,3691,2016228.558,-0.793,-0.000,-0.001,0.609,0,0,0,0,0,0,0,0,0,0.000,0,RECOVERING,1269,0,0.088,0.006,-0.063,0.000,-0.063,-0.008,-0.031,1.000,0.004,-0.004,-0.004,0.000,0.000,0.000,0.000,0,NULL,NULL,,5,0,1,1,255,0,250,0,0
baseline,3696,3696,0,3696,2016233.558,-0.793,-0.000,-0.001,0.609,0,0,0,0,0,0,0,0,0,0.000,0,RECOVERING,1269,0,0.063,0.004,-0.063,0.000,0.000,-0.008,-0.031,1.000,0.004,0.000,-0.008,0.000,0.000,0.000,0.000,0,NULL,NULL,,5,0,1,1,255,0,250,0,0
baseline,3701,3701,0,3701,2016238.558,-0.793,-0.000,-0.001,0.609,0,0,0,0,0,0,0,0,0,0.000,0,RECOVERING,1269,0,0.000,0.004,0.000,0.000,0.000,-0.008,-0.031,1.000,0.004,0.000,-0.008,0.000,0.000,0.000,0.000,0,NULL,NULL,,5,0,1,1,255,0,250,0,0
baseline,3706,3706,0,3706,2016243.558,-0.793,-0.000,-0.001,0.609,0,0,0,0,0,0,0,0,0,0.000,0,RECOVERING,1269,0,0.108,0.000,-0.063,-0.063,-0.063,-0.012,-0.031,1.000,0.000,0.000,0.000,0.000,0.000,0.000,0.000,0,NULL,NULL,,5,0,1,1,255,0,250,0,0
baseline,3711,3711,0,3711,2016248.558,-0.793,-0.000,-0.001,0.609,0,0,0,0,0,0,0,0,0,0.000,0,RECOVERING,1269,0,0.088,0.008,-0.063,-0.063,0.000,-0.008,-0.031,1.000,0.000,-0.008,0.000,0.000,0.000,0.000,0.000,0,NULL,NULL,,5,0,1,1,255,0,250,0,0
baseline,3716,3716,0,3716,2016253.558,-0.793,-0.000,-0.001,0.609,0,0,0,0,0,0,0,0,0,0.000,0,RECOVERING,1269,0,0.063,0.008,-0.063,0.000,0.000,-0.008,-0.027,1.000,0.000,-0.008,-0.008,0.000,0.000,0.000,0.000,0,NULL,NULL,,5,0,1,1,255,0,250,0,0
baseline,3721,3721,0,3721,2016258.558,-0.793,-0.000,-0.001,0.609,0,0,0,0,0,0,0,0,0,0.000,0,RECOVERING,1269,0,0.088,0.004,-0.063,0.063,0.000,-0.008,-0.031,1.000,0.004,0.000,-0.008,0.000,0.000,0.000,0.000,0,NULL,NULL,,5,0,1,1,255,0,250,0,0
baseline,3726,3726,0,3726,2016263.558,-0.793,-0.000,-0.001,0.609,0,0,0,0,0,0,0,0,0,0.000,0,RECOVERING,1269,0,0.063,0.006,0.000,0.000,-0.063,-0.008,-0.031,1.000,0.004,0.004,-0.004,0.000,0.000,0.000,0.000,0,NULL,NULL,,5,0,1,1,255,0,250,0,0
baseline,3731,3731,0,3731,2016268.558,-0.793,-0.000,-0.001,0.609,0,0,0,0,0,0,0,0,0,0.000,0,RECOVERING,1269,0,0.088,0.004,-0.063,-0.063,0.000,-0.008,-0.031,1.000,0.004,0.000,0.000,0.000,0.000,0.000,0.000,0,NULL,NULL,,5,0,1,1,255,0,250,0,0
baseline,3736,3736,0,3736,2016273.558,-0.793,-0.000,-0.001,0.609,0,0,0,0,0,0,0,0,0,0.000,0,RECOVERING,1269,0,0.000,0.006,0.000,0.000,0.000,-0.008,-0.031,1.000,0.004,0.004,0.000,0.000,0.000,0.000,0.000,0,NULL,NULL,,5,0,1,1,255,0,250,0,0
baseline,3741,3741,0,3741,2016278.558,-0.793,-0.000,-0.001,0.609,0,0,0,0,0,0,0,0,0,0.000,0,RECOVERING,1269,0,0.063,0.006,0.000,0.000,-0.063,-0.008,-0.031,1.000,0.004,0.004,0.012,0.000,0.000,0.000,0.000,0,NULL,NULL,,5,0,1,1,255,0,250,0,0
baseline,3746,3746,0,3746,2016283.558,-0.793,-0.000,-0.001,0.609,0,0,0,0,0,0,0,0,0,0.000,0,RECOVERING,1269,0,0.108,0.004,-0.063,0.063,-0.063,-0.008,-0.031,1.000,0.000,0.004,0.012,0.000,0.000,0.000,0.000,0,NULL,NULL,,5,0,1,1,255,0,250,0,0
baseline,3751,3751,0,3751,2016288.558,-0.793,-0.000,-0.001,0.609,0,0,0,0,0,0,0,0,0,0.000,0,RECOVERING,1269,0,0.088,0.000,-0.063,0.000,-0.063,-0.008,-0.031,1.000,0.000,0.000,0.000,0.000,0.000,0.000,0.000,0,NULL,NULL,,5,0,1,1,255,0,250,0,0
baseline,3756,3756,0,3756,2016293.558,-0.793,-0.000,-0.001,0.609,0,0,0,0,0,0,0,0,0,0.000,0,RECOVERING,1269,0,0.088,0.004,-0.063,0.000,-0.063,-0.008,-0.031,1.000,-0.004,0.000,0.000,0.000,0.000,0.000,0.000,0,NULL,NULL,,5,0,1,1,255,0,250,0,0
baseline,3761,3761,0,3761,2016298.558,-0.793,-0.000,-0.001,0.609,0,0,0,0,0,0,0,0,0,0.000,0,RECOVERING,1269,0,0.125,0.004,-0.125,0.000,0.000,-0.008,-0.031,1.000,-0.004,0.000,0.000,0.000,0.000,0.000,0.000,0,NULL,NULL,,5,0,1,1,255,0,250,0,0
baseline,3766,3766,0,3766,2016303.558,-0.793,-0.000,-0.001,0.609,0,0,0,0,0,0,0,0,0,0.000,0,RECOVERING,1269,0,0.000,0.000,0.000,0.000,0.000,-0.008,-0.031,1.000,0.000,0.000,0.004,0.000,0.000,0.000,0.000,0,NULL,NULL,,5,0,1,1,255,0,250,0,0
baseline,3771,3771,0,3771,2016308.558,-0.793,-0.000,-0.001,0.609,0,0,0,0,0,0,0,0,0,0.000,0,RECOVERING,1269,0,0.177,0.000,-0.125,0.000,-0.125,-0.008,-0.031,1.000,0.000,0.000,0.004,0.000,0.000,0.000,0.000,0,NULL,NULL,,5,0,1,1,255,0,250,0,0
baseline,3776,3776,0,3776,2016313.558,-0.793,-0.000,-0.001,0.609,0,0,0,0,0,0,0,0,0,0.000,0,RECOVERING,1269,0,0.088,0.004,-0.063,0.000,-0.063,-0.008,-0.031,1.000,0.000,0.004,0.004,0.000,0.000,0.000,0.000,0,NULL,NULL,,5,0,1,1,255,0,250,0,0
baseline,3781,3781,0,3781,2016318.558,-0.793,-0.000,-0.001,0.609,0,0,0,0,0,0,0,0,0,0.000,0,RECOVERING,1269,0,0.063,0.004,-0.063,0.000,0.000,-0.008,-0.031,1.000,0.000,0.004,0.000,0.000,0.000,0.000,0.000,0,NULL,NULL,,5,0,1,1,255,0,250,0,0
baseline,3786,3786,0,3786,2016323.558,-0.793,-0.000,-0.001,0.609,0,0,0,0,0,0,0,0,0,0.000,0,RECOVERING,1269,0,0.088,0.008,-0.063,0.000,-0.063,-0.008,-0.031,1.000,0.000,0.008,0.000,0.000,0.000,0.000,0.000,0,NULL,NULL,,5,0,1,1,255,0,250,0,0
baseline,3791,3791,0,3791,2016328.558,-0.793,-0.000,-0.001,0.609,0,0,0,0,0,0,0,0,0,0.000,0,RECOVERING,1269,0,0.088,0.008,-0.063,0.000,-0.063,-0.008,-0.031,1.000,0.000,0.008,0.004,0.000,0.000,0.000,0.000,0,NULL,NULL,,5,0,1,1,255,0,250,0,0
baseline,3796,3796,0,3796,2016333.558,-0.793,-0.000,-0.001,0.609,0,0,0,0,0,0,0,0,0,0.000,0,RECOVERING,1269,0,0.088,0.004,-0.063,0.000,-0.063,-0.012,-0.031,1.000,0.000,-0.004,0.012,0.000,0.000,0.000,0.000,0,NULL,NULL,,5,0,1,1,255,0,250,0,0
baseline,3801,3801,0,3801,2016338.558,-0.793,-0.000,-0.001,0.609,0,0,0,0,0,0,0,0,0,0.000,0,RECOVERING,1269,0,0.063,0.004,-0.063,0.000,0.000,-0.008,-0.027,1.000,0.000,-0.004,0.004,0.000,0.000,0.000,0.000,0,NULL,NULL,,5,0,1,1,255,0,250,0,0
baseline,3806,3806,0,3806,2016343.558,-0.793,-0.000,-0.001,0.609,0,0,0,0,0,0,0,0,0,0.000,0,RECOVERING,1269,0,0.063,0.006,0.000,0.000,-0.063,-0.008,-0.031,1.000,-0.004,-0.004,0.000,0.000,0.000,0.000,0.000,0,NULL,NULL,,5,0,1,1,255,0,250,0,0
baseline,3811,3811,0,3811,2016348.558,-0.793,-0.000,-0.001,0.609,0,0,0,0,0,0,0,0,0,0.000,0,RECOVERING,1269,0,0.063,0.006,0.000,0.000,-0.063,-0.008,-0.031,1.000,-0.004,-0.004,0.000,0.000,0.000,0.000,0.000,0,NULL,NULL,,5,0,1,1,255,0,250,0,0
baseline,3816,3816,0,3816,2016353.558,-0.793,-0.000,-0.001,0.609,0,0,0,0,0,0,0,0,0,0.000,0,RECOVERING,1269,0,0.063,0.009,-0.063,0.000,0.000,-0.012,-0.031,1.000,-0.004,-0.008,0.000,0.000,0.000,0.000,0.000,0,NULL,NULL,,5,0,1,1,255,0,250,0,0
baseline,3821,3821,0,3821,2016358.558,-0.793,-0.000,-0.001,0.609,0,0,0,0,0,0,0,0,0,0.000,0,RECOVERING,1269,0,0.088,0.008,-0.063,0.000,-0.063,-0.008,-0.031,1.000,0.000,-0.008,0.000,0.000,0.000,0.000,0.000,0,NULL,NULL,,5,0,1,1,255,0,250,0,0
baseline,3826,3826,0,3826,2016363.558,-0.793,-0.000,-0.001,0.609,0,0,0,0,0,0,0,0,0,0.000,0,RECOVERING,1269,0,0.088,0.004,-0.063,0.000,-0.063,-0.008,-0.031,1.000,0.000,-0.004,0.000,0.000,0.000,0.000,0.000,0,NULL,NULL,,5,0,1,1,255,0,250,0,0
baseline,3831,3831,0,3831,2016368.558,-0.793,-0.000,-0.001,0.609,0,0,0,0,0,0,0,0,0,0.000,0,RECOVERING,1269,0,0.000,0.000,0.000,0.000,0.000,-0.008,-0.031,1.000,0.000,0.000,0.000,0.000,0.000,0.000,0.000,0,NULL,NULL,,5,0,1,1,255,0,250,0,0
baseline,3836,3836,0,3836,2016373.558,-0.793,-0.000,-0.001,0.609,0,0,0,0,0,0,0,0,0,0.000,0,RECOVERING,1269,0,0.088,0.006,-0.063,0.000,-0.063,-0.008,-0.027,1.000,-0.004,-0.004,0.000,0.000,0.000,0.000,0.000,0,NULL,NULL,,5,0,1,1,255,0,250,0,0
baseline,3841,3841,0,3841,2016378.558,-0.793,-0.000,-0.001,0.609,0,0,0,0,0,0,0,0,0,0.000,0,RECOVERING,1269,0,0.063,0.006,-0.063,0.000,0.000,-0.008,-0.031,1.000,-0.004,0.004,0.000,0.000,0.000,0.000,0.000,0,NULL,NULL,,5,0,1,1,255,0,250,0,0
baseline,3846,3846,0,3846,2016383.558,-0.793,-0.000,-0.001,0.609,0,0,0,0,0,0,0,0,0,0.000,0,RECOVERING,1269,0,0.063,0.004,-0.063,0.000,0.000,-0.008,-0.031,1.000,-0.004,0.000,-0.008,0.000,0.000,0.000,0.000,0,NULL,NULL,,5,0,1,1,255,0,250,0,0
baseline,3851,3851,0,3851,2016388.558,-0.793,-0.000,-0.001,0.609,0,0,0,0,0,0,0,0,0,0.000,0,RECOVERING,1269,0,0.063,0.004,-0.063,0.000,0.000,-0.008,-0.031,1.000,-0.004,0.000,0.000,0.000,0.000,0.000,0.000,0,NULL,NULL,,5,0,1,1,255,0,250,0,0
baseline,3856,3856,0,3856,2016393.558,-0.793,-0.000,-0.001,0.609,0,0,0,0,0,0,0,0,0,0.000,0,RECOVERING,1269,0,0.125,0.004,-0.125,0.000,0.000,-0.008,-0.031,1.000,-0.004,0.000,0.000,0.000,0.000,0.000,0.000,0,NULL,NULL,,5,0,1,1,255,0,250,0,0
baseline,3861,3861,0,3861,2016398.558,-0.793,-0.000,-0.001,0.609,0,0,0,0,0,0,0,0,0,0.000,0,RECOVERING,1269,0,0.063,0.004,-0.063,0.000,0.000,-0.008,-0.031,1.000,-0.004,0.000,0.000,0.000,0.000,0.000,0.000,0,NULL,NULL,,5,0,1,1,255,0,250,0,0
baseline,3866,3866,0,3866,2016403.558,-0.793,-0.000,-0.001,0.609,0,0,0,0,0,0,0,0,0,0.000,0,RECOVERING,1269,0,0.063,0.004,-0.063,0.000,0.000,-0.008,-0.031,1.000,0.000,0.004,0.000,0.000,0.000,0.000,0.000,0,NULL,NULL,,5,0,1,1,255,0,250,0,0
baseline,3871,3871,0,3871,2016408.558,-0.793,-0.000,-0.001,0.609,0,0,0,0,0,0,0,0,0,0.000,0,RECOVERING,1269,0,0.063,0.004,-0.063,0.000,0.000,-0.008,-0.031,1.000,0.000,-0.004,-0.004,0.000,0.000,0.000,0.000,0,NULL,NULL,,5,0,1,1,255,0,250,0,0
baseline,3876,3876,0,3876,2016413.559,-0.793,-0.000,-0.001,0.609,0,0,0,0,0,0,0,0,0,0.000,0,RECOVERING,1269,0,0.063,0.006,-0.063,0.000,0.000,-0.008,-0.031,1.000,0.004,-0.004,0.000,0.000,0.000,0.000,0.000,0,NULL,NULL,,5,0,1,1,255,0,250,0,0
baseline,3881,3881,0,3881,2016418.558,-0.793,-0.000,-0.001,0.609,0,0,0,0,0,0,0,0,0,0.000,0,RECOVERING,1269,0,0.088,0.006,-0.063,0.000,-0.063,-0.008,-0.031,1.000,0.004,-0.004,0.000,0.000,0.000,0.000,0.000,0,NULL,NULL,,5,0,1,1,255,0,250,0,0
baseline,3886,3886,0,3886,2016423.558,-0.793,-0.000,-0.001,0.609,0,0,0,0,0,0,0,0,0,0.000,0,RECOVERING,1269,0,0.088,0.009,-0.063,0.000,-0.063,-0.008,-0.031,1.000,-0.004,0.008,0.000,0.000,0.000,0.000,0.000,0,NULL,NULL,,5,0,1,1,255,0,250,0,0
baseline,3891,3891,0,3891,2016428.558,-0.793,-0.000,-0.001,0.609,0,0,0,0,0,0,0,0,0,0.000,0,RECOVERING,1269,0,0.125,0.009,-0.125,0.000,0.000,-0.008,-0.027,1.000,-0.004,0.008,0.000,0.000,0.000,0.000,0.000,0,NULL,NULL,,5,0,1,1,255,0,250,0,0
baseline,3896,3896,0,3896,2016433.558,-0.793,-0.000,-0.001,0.609,0,0,0,0,0,0,0,0,0,0.000,0,RECOVERING,1269,0,0.063,0.009,-0.063,0.000,0.000,-0.008,-0.031,1.000,-0.004,0.008,0.000,0.000,0.000,0.000,0.000,0,NULL,NULL,,5,0,1,1,255,0,250,0,0
baseline,3901,3901,0,3901,2016438.558,-0.793,-0.000,-0.001,0.609,0,0,0,0,0,0,0,0,0,0.000,0,RECOVERING,1269,0,0.088,0.012,-0.063,-0.063,0.000,-0.008,-0.031,1.000,-0.004,0.012,0.008,0.000,0.000,0.000,0.000,0,NULL,NULL,,5,0,1,1,255,0,250,0,0
baseline,3906,3906,0,3906,2016443.558,-0.793,-0.000,-0.001,0.609,0,0,0,0,0,0,0,0,0,0.000,0,RECOVERING,1269,0,0.140,0.006,-0.125,0.063,0.000,-0.008,-0.031,1.000,0.004,0.004,0.008,0.000,0.000,0.000,0.000,0,NULL,NULL,,5,0,1,1,255,0,250,0,0
baseline,3911,3911,0,3911,2016448.558,-0.793,-0.000,-0.001,0.609,0,0,0,0,0,0,0,0,0,0.000,0,RECOVERING,1269,0,0.063,0.004,0.000,0.000,-0.063,-0.008,-0.031,1.000,0.004,0.000,0.008,0.000,0.000,0.000,0.000,0,NULL,NULL,,5,0,1,1,255,0,250,0,0
baseline,3916,3916,0,3916,2016453.558,-0.793,-0.000,-0.001,0.609,0,0,0,0,0,0,0,0,0,0.000,0,RECOVERING,1269,0,0.063,0.004,-0.063,0.000,0.000,-0.008,-0.031,1.000,0.004,0.000,-0.004,0.000,0.000,0.000,0.000,0,NULL,NULL,,5,0,1,1,255,0,250,0,0
baseline,3921,3921,0,3921,2016458.558,-0.793,-0.000,-0.001,0.609,0,0,0,0,0,0,0,0,0,0.000,0,RECOVERING,1269,0,0.063,0.000,-0.063,0.000,0.000,-0.008,-0.031,1.000,0.000,0.000,-0.004,0.000,0.000,0.000,0.000,0,NULL,NULL,,5,0,1,1,255,0,250,0,0
baseline,3926,3926,0,3926,2016463.558,-0.793,-0.000,-0.001,0.609,0,0,0,0,0,0,0,0,0,0.000,0,RECOVERING,1269,0,0.063,0.004,-0.063,0.000,0.000,-0.008,-0.031,1.000,0.004,0.000,-0.004,0.000,0.000,0.000,0.000,0,NULL,NULL,,5,0,1,1,255,0,250,0,0
baseline,3931,3931,0,3931,2016468.558,-0.793,-0.000,-0.001,0.609,0,0,0,0,0,0,0,0,0,0.000,0,RECOVERING,1269,0,0.063,0.000,-0.063,0.000,0.000,-0.008,-0.031,1.000,0.000,0.000,-0.004,0.000,0.000,0.000,0.000,0,NULL,NULL,,5,0,1,1,255,0,250,0,0
baseline,3936,3936,0,3936,2016473.558,-0.793,-0.000,-0.001,0.609,0,0,0,0,0,0,0,0,0,0.000,0,RECOVERING,1269,0,0.153,0.004,-0.125,0.063,-0.063,-0.008,-0.031,1.000,0.000,0.004,-0.004,0.000,0.000,0.000,0.000,0,NULL,NULL,,5,0,1,1,255,0,250,0,0
baseline,3941,3941,0,3941,2016478.558,-0.793,-0.000,-0.001,0.609,0,0,0,0,0,0,0,0,0,0.000,0,RECOVERING,1269,0,0.063,0.004,-0.063,0.000,0.000,-0.012,-0.031,1.000,0.000,0.004,-0.004,0.000,0.000,0.000,0.000,0,NULL,NULL,,5,0,1,1,255,0,250,0,0
baseline,3946,3946,0,3946,2016483.558,-0.793,-0.000,-0.001,0.609,0,0,0,0,0,0,0,0,0,0.000,0,RECOVERING,1269,0,0.088,0.004,-0.063,0.000,-0.063,-0.008,-0.031,1.000,0.000,0.004,-0.008,0.000,0.000,0.000,0.000,0,NULL,NULL,,5,0,1,1,255,0,250,0,0
baseline,3951,3951,0,3951,2016488.558,-0.793,-0.000,-0.001,0.609,0,0,0,0,0,0,0,0,0,0.000,0,RECOVERING,1269,0,0.000,0.012,0.000,0.000,0.000,-0.012,-0.031,1.000,0.000,-0.012,0.000,0.000,0.000,0.000,0.000,0,NULL,NULL,,5,0,1,1,255,0,250,0,0
baseline,3956,3956,0,3956,2016493.558,-0.793,-0.000,-0.001,0.609,0,0,0,0,0,0,0,0,0,0.000,0,RECOVERING,1269,0,0.088,0.006,-0.063,0.000,-0.063,-0.008,-0.031,1.000,-0.004,-0.004,0.004,0.000,0.000,0.000,0.000,0,NULL,NULL,,5,0,1,1,255,0,250,0,0
baseline,3961,3961,0,3961,2016498.558,-0.793,-0.000,-0.001,0.609,0,0,0,0,0,0,0,0,0,0.000,0,RECOVERING,1269,0,0.063,0.006,0.000,-0.063,0.000,-0.008,-0.031,1.000,-0.004,-0.004,0.004,0.000,0.000,0.000,0.000,0,NULL,NULL,,5,0,1,1,255,0,250,0,0
baseline,3966,3966,0,3966,2016503.558,-0.793,-0.000,-0.001,0.609,0,0,0,0,0,0,0,0,0,0.000,0,RECOVERING,1269,0,0.063,0.006,0.000,0.000,-0.063,-0.008,-0.031,1.000,-0.004,-0.004,-0.004,0.000,0.000,0.000,0.000,0,NULL,NULL,,5,0,1,1,255,0,250,0,0
baseline,3971,3971,0,3971,2016508.558,-0.793,-0.000,-0.001,0.609,0,0,0,0,0,0,0,0,0,0.000,0,RECOVERING,1269,0,0.140,0.006,-0.125,0.000,-0.063,-0.008,-0.031,1.000,0.004,0.004,-0.004,0.000,0.000,0.000,0.000,0,NULL,NULL,,5,0,1,1,255,0,250,0,0
baseline,3976,3976,0,3976,2016513.558,-0.793,-0.000,-0.001,0.609,0,0,0,0,0,0,0,0,0,0.000,0,RECOVERING,1269,0,0.088,0.006,-0.063,0.000,-0.063,-0.008,-0.031,1.000,0.004,-0.004,-0.004,0.000,0.000,0.000,0.000,0,NULL,NULL,,5,0,1,1,255,0,250,0,0
baseline,3981,3981,0,3981,2016518.558,-0.793,-0.000,-0.001,0.609,0,0,0,0,0,0,0,0,0,0.000,0,RECOVERING,1269,0,0.088,0.009,0.000,0.063,-0.063,-0.008,-0.031,1.000,0.008,0.004,0.000,0.000,0.000,0.000,0.000,0,NULL,NULL,,5,0,1,1,255,0,250,0,0
baseline,3986,3986,0,3986,2016523.558,-0.793,-0.000,-0.001,0.609,0,0,0,0,0,0,0,0,0,0.000,0,RECOVERING,1269,0,0.088,0.004,-0.063,0.000,-0.063,-0.008,-0.031,1.000,0.000,0.004,0.000,0.000,0.000,0.000,0.000,0,NULL,NULL,,5,0,1,1,255,0,250,0,0
baseline,3991,3991,0,3991,2016528.558,-0.793,-0.000,-0.001,0.609,0,0,0,0,0,0,0,0,0,0.000,0,RECOVERING,1269,0,0.088,0.004,-0.063,0.063,0.000,-0.008,-0.031,1.000,0.000,0.004,0.000,0.000,0.000,0.000,0.000,0,NULL,NULL,,5,0,1,1,255,0,250,0,0
baseline,3996,3996,0,3996,2016533.558,-0.793,-0.000,-0.001,0.609,0,0,0,0,0,0,0,0,0,0.000,0,RECOVERING,1269,0,0.063,0.000,-0.063,0.000,0.000,-0.008,-0.031,1.000,0.000,0.000,0.000,0.000,0.000,0.000,0.000,0,NULL,NULL,,5,0,1,1,255,0,250,0,0
baseline,4001,4001,0,4001,2016538.558,-0.793,-0.000,-0.001,0.609,0,0,0,0,0,0,0,0,0,0.000,0,RECOVERING,1269,0,0.088,0.004,-0.063,0.000,-0.063,-0.008,-0.031,1.000,-0.004,0.000,0.000,0.000,0.000,0.000,0.000,0,NULL,NULL,,5,0,1,1,255,0,250,0,0
baseline,4006,4006,0,4006,2016543.558,-0.793,-0.000,-0.001,0.609,0,0,0,0,0,0,0,0,0,0.000,0,RECOVERING,1269,0,0.063,0.006,-0.063,0.000,0.000,-0.008,-0.031,1.000,-0.004,-0.004,0.000,0.000,0.000,0.000,0.000,0,NULL,NULL,,5,0,1,1,255,0,250,0,0
baseline,4011,4011,0,4011,2016548.558,-0.793,-0.000,-0.001,0.609,0,0,0,0,0,0,0,0,0,0.000,0,RECOVERING,1269,0,0.063,0.004,-0.063,0.000,0.000,-0.008,-0.031,1.000,-0.004,0.000,0.004,0.000,0.000,0.000,0.000,0,NULL,NULL,,5,0,1,1,255,0,250,0,0
baseline,4016,4016,0,4016,2016553.558,-0.793,-0.000,-0.001,0.609,0,0,0,0,0,0,0,0,0,0.000,0,RECOVERING,1269,0,0.088,0.006,-0.063,-0.063,0.000,-0.008,-0.031,1.000,-0.004,-0.004,0.004,0.000,0.000,0.000,0.000,0,NULL,NULL,,5,0,1,1,255,0,250,0,0
baseline,4021,4021,0,4021,2016558.558,-0.793,-0.000,-0.001,0.609,0,0,0,0,0,0,0,0,0,0.000,0,RECOVERING,1269,0,0.088,0.006,-0.063,0.063,0.000,-0.008,-0.031,1.000,-0.004,-0.004,0.000,0.000,0.000,0.000,0.000,0,NULL,NULL,,5,0,1,1,255,0,250,0,0
baseline,4026,4026,0,4026,2016563.558,-0.793,-0.000,-0.001,0.609,0,0,0,0,0,0,0,0,0,0.000,0,RECOVERING,1269,0,0.063,0.006,0.000,0.000,-0.063,-0.008,-0.031,1.000,-0.004,-0.004,0.000,0.000,0.000,0.000,0.000,0,NULL,NULL,,5,0,1,1,255,0,250,0,0
baseline,4031,4031,0,4031,2016568.558,-0.793,-0.000,-0.001,0.609,0,0,0,0,0,0,0,0,0,0.000,0,RECOVERING,1269,0,0.063,0.006,-0.063,0.000,0.000,-0.008,-0.031,1.000,-0.004,-0.004,0.000,0.000,0.000,0.000,0.000,0,NULL,NULL,,5,0,1,1,255,0,250,0,0
baseline,4036,4036,0,4036,2016573.558,-0.793,-0.000,-0.001,0.609,0,0,0,0,0,0,0,0,0,0.000,0,RECOVERING,1269,0,0.125,0.004,-0.125,0.000,0.000,-0.008,-0.031,1.000,-0.004,0.000,0.000,0.000,0.000,0.000,0.000,0,NULL,NULL,,5,0,1,1,255,0,250,0,0
baseline,4041,4041,0,4041,2016578.558,-0.793,-0.000,-0.001,0.609,0,0,0,0,0,0,0,0,0,0.000,0,RECOVERING,1269,0,0.088,0.004,-0.063,0.000,-0.063,-0.008,-0.031,1.000,0.000,0.004,-0.004,0.000,0.000,0.000,0.000,0,NULL,NULL,,5,0,1,1,255,0,250,0,0
baseline,4046,4046,0,4046,2016583.558,-0.793,-0.000,-0.001,0.609,0,0,0,0,0,0,0,0,0,0.000,0,RECOVERING,1269,0,0.088,0.004,-0.063,-0.063,0.000,-0.008,-0.031,1.000,0.000,0.004,-0.004,0.000,0.000,0.000,0.000,0,NULL,NULL,,5,0,1,1,255,0,250,0,0
baseline,4051,4051,0,4051,2016588.558,-0.793,-0.000,-0.001,0.609,0,0,0,0,0,0,0,0,0,0.000,0,RECOVERING,1269,0,0.063,0.004,0.000,0.000,-0.063,-0.008,-0.031,1.000,0.000,0.004,-0.004,0.000,0.000,0.000,0.000,0,NULL,NULL,,5,0,1,1,255,0,250,0,0
baseline,4056,4056,0,4056,2016593.558,-0.793,-0.000,-0.001,0.609,0,0,0,0,0,0,0,0,0,0.000,0,RECOVERING,1269,0,0.063,0.006,0.000,0.000,-0.063,-0.008,-0.031,1.000,0.004,0.004,-0.004,0.000,0.000,0.000,0.000,0,NULL,NULL,,5,0,1,1,255,0,250,0,0
baseline,4061,4061,0,4061,2016598.558,-0.793,-0.000,-0.001,0.609,0,0,0,0,0,0,0,0,0,0.000,0,RECOVERING,1269,0,0.108,0.006,-0.063,0.063,-0.063,-0.008,-0.031,1.000,0.004,-0.004,-0.004,0.000,0.000,0.000,0.000,0,NULL,NULL,,5,0,1,1,255,0,250,0,0
baseline,4066,4066,0,4066,2016603.558,-0.793,-0.000,-0.001,0.609,0,0,0,0,0,0,0,0,0,0.000,0,RECOVERING,1269,0,0.063,0.009,-0.063,0.000,0.000,-0.008,-0.031,1.000,0.004,-0.008,0.000,0.000,0.000,0.000,0.000,0,NULL,NULL,,5,0,1,1,255,0,250,0,0
baseline,4071,4071,0,4071,2016608.558,-0.793,-0.000,-0.001,0.609,0,0,0,0,0,0,0,0,0,0.000,0,RECOVERING,1269,0,0.063,0.009,-0.063,0.000,0.000,-0.008,-0.031,1.000,0.004,-0.008,0.000,0.000,0.000,0.000,0.000,0,NULL,NULL,,5,0,1,1,255,0,250,0,0
baseline,4076,4076,0,4076,2016613.559,-0.793,-0.000,-0.001,0.609,0,0,0,0,0,0,0,0,0,0.000,0,RECOVERING,1269,0,0.000,0.009,0.000,0.000,0.000,-0.008,-0.031,1.000,0.004,-0.008,0.000,0.000,0.000,0.000,0.000,0,NULL,NULL,,5,0,1,1,255,0,250,0,0
baseline,4081,4081,0,4081,2016618.558,-0.793,-0.000,-0.001,0.609,0,0,0,0,0,0,0,0,0,0.000,0,RECOVERING,1269,0,0.088,0.008,-0.063,0.063,0.000,-0.012,-0.031,1.000,0.000,-0.008,-0.008,0.000,0.000,0.000,0.000,0,NULL,NULL,,5,0,1,1,255,0,250,0,0
baseline,4086,4086,0,4086,2016623.558,-0.793,-0.000,-0.001,0.609,0,0,0,0,0,0,0,0,0,0.000,0,RECOVERING,1269,0,0.108,0.004,-0.063,-0.063,-0.063,-0.008,-0.031,1.000,0.000,0.004,-0.008,0.000,0.000,0.000,0.000,0,NULL,NULL,,5,0,1,1,255,0,250,0,0
baseline,4091,4091,0,4091,2016628.558,-0.793,-0.000,-0.001,0.609,0,0,0,0,0,0,0,0,0,0.000,0,RECOVERING,1269,0,0.063,0.008,-0.063,0.000,0.000,-0.008,-0.031,1.000,0.000,0.008,-0.008,0.000,0.000,0.000,0.000,0,NULL,NULL,,5,0,1,1,255,0,250,0,0
baseline,4096,4096,0,4096,2016633.558,-0.793,-0.000,-0.001,0.609,0,0,0,0,0,0,0,0,0,0.000,0,RECOVERING,1269,0,0.088,0.011,-0.063,0.000,-0.063,-0.008,-0.031,1.000,0.008,0.008,-0.004,0.000,0.000,0.000,0.000,0,NULL,NULL,,5,0,1,1,255,0,250,0,0
baseline,4101,4101,0,4101,2016638.558,-0.793,-0.000,-0.001,0.609,0,0,0,0,0,0,0,0,0,0.000,0,RECOVERING,1269,0,0.088,0.011,-0.063,0.000,-0.063,-0.008,-0.031,1.000,0.008,0.008,-0.004,0.000,0.000,0.000,0.000,0,NULL,NULL,,5,0,1,1,255,0,250,0,0
baseline,4106,4106,0,4106,2016643.558,-0.793,-0.000,-0.001,0.609,0,0,0,0,0,0,0,0,0,0.000,0,RECOVERING,1269,0,0.063,0.009,-0.063,0.000,0.000,-0.008,-0.031,1.000,0.008,0.004,-0.004,0.000,0.000,0.000,0.000,0,NULL,NULL,,5,0,1,1,255,0,250,0,0
baseline,4111,4111,0,4111,2016648.558,-0.793,-0.000,-0.001,0.609,0,0,0,0,0,0,0,0,0,0.000,0,RECOVERING,1269,0,0.088,0.006,-0.063,0.000,-0.063,-0.008,-0.031,1.000,0.004,-0.004,-0.004,0.000,0.000,0.000,0.000,0,NULL,NULL,,5,0,1,1,255,0,250,0,0
baseline,4116,4116,0,4116,2016653.558,-0.793,-0.000,-0.001,0.609,0,0,0,0,0,0,0,0,0,0.000,0,RECOVERING,1269,0,0.063,0.006,0.000,0.000,-0.063,-0.008,-0.031,1.000,0.004,-0.004,-0.004,0.000,0.000,0.000,0.000,0,NULL,NULL,,5,0,1,1,255,0,250,0,0
baseline,4121,4121,0,4121,2016658.558,-0.793,-0.000,-0.001,0.609,0,0,0,0,0,0,0,0,0,0.000,0,RECOVERING,1269,0,0.088,0.006,-0.063,0.000,-0.063,-0.008,-0.031,1.000,-0.004,-0.004,0.008,0.000,0.000,0.000,0.000,0,NULL,NULL,,5,0,1,1,255,0,250,0,0
baseline,4126,4126,0,4126,2016663.558,-0.793,-0.000,-0.001,0.609,0,0,0,0,0,0,0,0,0,0.000,0,RECOVERING,1269,0,0.088,0.009,0.000,0.063,-0.063,-0.008,-0.027,1.000,-0.008,-0.004,0.008,0.000,0.000,0.000,0.000,0,NULL,NULL,,5,0,1,1,255,0,250,0,0
baseline,4131,4131,0,4131,2016668.558,-0.793,-0.000,-0.001,0.609,0,0,0,0,0,0,0,0,0,0.000,0,RECOVERING,1269,0,0.063,0.009,-0.063,0.000,0.000,-0.008,-0.027,1.000,-0.008,-0.004,0.000,0.000,0.000,0.000,0.000,0,NULL,NULL,,5,0,1,1,255,0,250,0,0
baseline,4136,4136,0,4136,2016673.558,-0.793,-0.000,-0.001,0.609,0,0,0,0,0,0,0,0,0,0.000,0,RECOVERING,1269,0,0.140,0.009,-0.063,0.000,-0.125,-0.008,-0.031,1.000,-0.008,-0.004,0.000,0.000,0.000,0.000,0.000,0,NULL,NULL,,5,0,1,1,255,0,250,0,0
baseline,4141,4141,0,4141,2016678.558,-0.793,-0.000,-0.001,0.609,0,0,0,0,0,0,0,0,0,0.000,0,RECOVERING,1269,0,0.088,0.006,-0.063,0.000,-0.063,-0.008,-0.031,1.000,-0.004,-0.004,0.000,0.000,0.000,0.000,0.000,0,NULL,NULL,,5,0,1,1,255,0,250,0,0
baseline,4146,4146,0,4146,2016683.558,-0.793,-0.000,-0.001,0.609,0,0,0,0,0,0,0,0,0,0.000,0,RECOVERING,1269,0,0.088,0.004,0.000,-0.063,-0.063,-0.008,-0.031,1.000,-0.004,0.000,0.004,0.000,0.000,0.000,0.000,0,NULL,NULL,,5,0,1,1,255,0,250,0,0
baseline,4151,4151,0,4151,2016688.558,-0.793,-0.000,-0.001,0.609,0,0,0,0,0,0,0,0,0,0.000,0,RECOVERING,1269,0,0.088,0.004,-0.063,0.000,-0.063,-0.008,-0.031,1.000,-0.004,0.000,0.004,0.000,0.000,0.000,0.000,0,NULL,NULL,,5,0,1,1,255,0,250,0,0
baseline,4156,4156,0,4156,2016693.558,-0.793,-0.000,-0.001,0.609,0,0,0,0,0,0,0,0,0,0.000,0,RECOVERING,1269,0,0.153,0.004,-0.125,-0.063,-0.063,-0.008,-0.031,1.000,0.000,-0.004,0.004,0.000,0.000,0.000,0.000,0,NULL,NULL,,5,0,1,1,255,0,250,0,0
baseline,4161,4161,0,4161,2016698.558,-0.793,-0.000,-0.001,0.609,0,0,0,0,0,0,0,0,0,0.000,0,RECOVERING,1269,0,0.088,0.006,-0.063,0.000,-0.063,-0.008,-0.031,1.000,0.004,-0.004,-0.004,0.000,0.000,0.000,0.000,0,NULL,NULL,,5,0,1,1,255,0,250,0,0
baseline,4166,4166,0,4166,2016703.558,-0.793,-0.000,-0.001,0.609,0,0,0,0,0,0,0,0,0,0.000,0,RECOVERING,1269,0,0.063,0.000,-0.063,0.000,0.000,-0.008,-0.031,1.000,0.000,0.000,-0.008,0.000,0.000,0.000,0.000,0,NULL,NULL,,5,0,1,1,255,0,250,0,0
baseline,4171,4171,0,4171,2016708.558,-0.793,-0.000,-0.001,0.609,0,0,0,0,0,0,0,0,0,0.000,0,RECOVERING,1269,0,0.063,0.006,-0.063,0.000,0.000,-0.008,-0.031,1.000,0.004,0.004,-0.008,0.000,0.000,0.000,0.000,0,NULL,NULL,,5,0,1,1,255,0,250,0,0
baseline,4176,4176,0,4176,2016713.559,-0.793,-0.000,-0.001,0.609,0,0,0,0,0,0,0,0,0,0.000,0,RECOVERING,1269,0,0.125,0.000,-0.125,0.000,0.000,-0.008,-0.031,1.000,0.000,0.000,-0.008,0.000,0.000,0.000,0.000,0,NULL,NULL,,5,0,1,1,255,0,250,0,0
baseline,4181,4181,0,4181,2016718.558,-0.793,-0.000,-0.001,0.609,0,0,0,0,0,0,0,0,0,0.000,0,RECOVERING,1269,0,0.088,0.006,-0.063,0.000,-0.063,-0.008,-0.031,1.000,0.004,0.004,-0.004,0.000,0.000,0.000,0.000,0,NULL,NULL,,5,0,1,1,255,0,250,0,0
baseline,4186,4186,0,4186,2016723.558,-0.793,-0.000,-0.001,0.609,0,0,0,0,0,0,0,0,0,0.000,0,RECOVERING,1269,0,0.088,0.000,-0.063,0.000,-0.063,-0.008,-0.031,1.000,0.000,0.000,-0.004,0.000,0.000,0.000,0.000,0,NULL,NULL,,5,0,1,1,255,0,250,0,0
baseline,4191,4191,0,4191,2016728.558,-0.793,-0.000,-0.001,0.609,0,0,0,0,0,0,0,0,0,0.000,0,RECOVERING,1269,0,0.063,0.004,-0.063,0.000,0.000,-0.008,-0.031,1.000,-0.004,0.000,-0.004,0.000,0.000,0.000,0.000,0,NULL,NULL,,5,0,1,1,255,0,250,0,0
baseline,4196,4196,0,4196,2016733.558,-0.793,-0.000,-0.001,0.609,0,0,0,0,0,0,0,0,0,0.000,0,RECOVERING,1269,0,0.108,0.006,-0.063,0.063,-0.063,-0.008,-0.031,1.000,-0.004,-0.004,0.000,0.000,0.000,0.000,0.000,0,NULL,NULL,,5,0,1,1,255,0,250,0,0
baseline,4201,4201,0,4201,2016738.558,-0.793,-0.000,-0.001,0.609,0,0,0,0,0,0,0,0,0,0.000,0,RECOVERING,1269,0,0.088,0.009,-0.063,0.000,-0.063,-0.008,-0.031,1.000,0.004,-0.008,0.012,0.000,0.000,0.000,0.000,0,NULL,NULL,,5,0,1,1,255,0,250,0,0
baseline,4206,4206,0,4206,2016743.558,-0.793,-0.000,-0.001,0.609,0,0,0,0,0,0,0,0,0,0.000,0,RECOVERING,1269,0,0.088,0.009,-0.063,0.000,-0.063,-0.008,-0.031,1.000,0.004,-0.008,0.000,0.000,0.000,0.000,0.000,0,NULL,NULL,,5,0,1,1,255,0,250,0,0
baseline,4211,4211,0,4211,2016748.558,-0.793,-0.000,-0.001,0.609,0,0,0,0,0,0,0,0,0,0.000,0,RECOVERING,1269,0,0.088,0.006,-0.063,0.000,-0.063,-0.008,-0.031,1.000,-0.004,0.004,0.004,0.000,0.000,0.000,0.000,0,NULL,NULL,,5,0,1,1,255,0,250,0,0
baseline,4216,4216,0,4216,2016753.558,-0.793,-0.000,-0.001,0.609,0,0,0,0,0,0,0,0,0,0.000,0,RECOVERING,1269,0,0.063,0.006,-0.063,0.000,0.000,-0.012,-0.031,1.000,-0.004,0.004,0.004,0.000,0.000,0.000,0.000,0,NULL,NULL,,5,0,1,1,255,0,250,0,0
baseline,4221,4221,0,4221,2016758.558,-0.793,-0.000,-0.001,0.609,0,0,0,0,0,0,0,0,0,0.000,0,RECOVERING,1269,0,0.153,0.000,-0.125,-0.063,-0.063,-0.008,-0.031,1.000,0.000,0.000,0.004,0.000,0.000,0.000,0.000,0,NULL,NULL,,5,0,1,1,255,0,250,0,0
baseline,4226,4226,0,4226,2016763.558,-0.793,-0.000,-0.001,0.609,0,0,0,0,0,0,0,0,0,0.000,0,RECOVERING,1269,0,0.108,0.004,-0.063,0.063,-0.063,-0.008,-0.031,1.000,0.000,-0.004,0.000,0.000,0.000,0.000,0.000,0,NULL,NULL,,5,0,1,1,255,0,250,0,0
baseline,4231,4231,0,4231,2016768.558,-0.793,-0.000,-0.001,0.609,0,0,0,0,0,0,0,0,0,0.000,0,RECOVERING,1269,0,0.088,0.000,-0.063,0.000,-0.063,-0.008,-0.031,1.000,0.000,0.000,-0.004,0.000,0.000,0.000,0.000,0,NULL,NULL,,5,0,1,1,255,0,250,0,0
baseline,4236,4236,0,4236,2016773.558,-0.793,-0.000,-0.001,0.609,0,0,0,0,0,0,0,0,0,0.000,0,RECOVERING,1269,0,0.088,0.006,-0.063,0.000,-0.063,-0.008,-0.031,1.000,-0.004,-0.004,-0.008,0.000,0.000,0.000,0.000,0,NULL,NULL,,5,0,1,1,255,0,250,0,0
baseline,4241,4241,0,4241,2016778.558,-0.793,-0.000,-0.001,0.609,0,0,0,0,0,0,0,0,0,0.000,0,RECOVERING,1269,0,0.088,0.004,-0.063,0.000,-0.063,-0.008,-0.031,1.000,0.000,0.004,-0.008,0.000,0.000,0.000,0.000,0,NULL,NULL,,5,0,1,1,255,0,250,0,0
baseline,4246,4246,0,4246,2016783.558,-0.793,-0.000,-0.001,0.609,0,0,0,0,0,0,0,0,0,0.000,0,RECOVERING,1269,0,0.063,0.004,-0.063,0.000,0.000,-0.008,-0.031,1.000,-0.004,0.000,-0.008,0.000,0.000,0.000,0.000,0,NULL,NULL,,5,0,1,1,255,0,250,0,0
baseline,4251,4251,0,4251,2016788.558,-0.793,-0.000,-0.001,0.609,0,0,0,0,0,0,0,0,0,0.000,0,RECOVERING,1269,0,0.088,0.004,-0.063,0.000,-0.063,-0.008,-0.031,1.000,0.004,0.000,-0.008,0.000,0.000,0.000,0.000,0,NULL,NULL,,5,0,1,1,255,0,250,0,0
baseline,4256,4256,0,4256,2016793.558,-0.793,-0.000,-0.001,0.609,0,0,0,0,0,0,0,0,0,0.000,0,RECOVERING,1269,0,0.088,0.004,-0.063,0.000,-0.063,-0.008,-0.031,1.000,0.004,0.000,-0.008,0.000,0.000,0.000,0.000,0,NULL,NULL,,5,0,1,1,255,0,250,0,0
baseline,4261,4261,0,4261,2016798.558,-0.793,-0.000,-0.001,0.609,0,0,0,0,0,0,0,0,0,0.000,0,RECOVERING,1269,0,0.108,0.006,-0.063,0.063,-0.063,-0.008,-0.031,1.000,0.004,-0.004,-0.008,0.000,0.000,0.000,0.000,0,NULL,NULL,,5,0,1,1,255,0,250,0,0
baseline,4266,4266,0,4266,2016803.558,-0.793,-0.000,-0.001,0.609,0,0,0,0,0,0,0,0,0,0.000,0,RECOVERING,1269,0,0.063,0.004,-0.063,0.000,0.000,-0.008,-0.027,1.000,-0.004,0.000,-0.004,0.000,0.000,0.000,0.000,0,NULL,NULL,,5,0,1,1,255,0,250,0,0
baseline,4271,4271,0,4271,2016808.558,-0.793,-0.000,-0.001,0.609,0,0,0,0,0,0,0,0,0,0.000,0,RECOVERING,1269,0,0.108,0.004,-0.063,0.063,-0.063,-0.008,-0.031,1.000,-0.004,0.000,0.008,0.000,0.000,0.000,0.000,0,NULL,NULL,,5,0,1,1,255,0,250,0,0
baseline,4276,4276,0,4276,2016813.560,-0.793,-0.000,-0.001,0.609,0,0,0,0,0,0,0,0,0,0.000,0,RECOVERING,1269,0,0.000,0.000,0.000,0.000,0.000,-0.008,-0.031,1.000,0.000,0.000,0.000,0.000,0.000,0.000,0.000,0,NULL,NULL,,5,0,1,1,255,0,250,0,0
baseline,4281,4281,0,4281,2016818.558,-0.793,-0.000,-0.001,0.609,0,0,0,0,0,0,0,0,0,0.000,0,RECOVERING,1269,0,0.000,0.000,0.000,0.000,0.000,-0.008,-0.031,1.000,0.000,0.000,0.000,0.000,0.000,0.000,0.000,0,NULL,NULL,,5,0,1,1,255,0,250,0,0
baseline,4286,4286,0,4286,2016823.558,-0.793,-0.000,-0.001,0.609,0,0,0,0,0,0,0,0,0,0.000,0,RECOVERING,1269,0,0.088,0.000,-0.063,0.000,-0.063,-0.008,-0.027,1.000,0.000,0.000,0.000,0.000,0.000,0.000,0.000,0,NULL,NULL,,5,0,1,1,255,0,250,0,0
baseline,4291,4291,0,4291,2016828.558,-0.793,-0.000,-0.001,0.609,0,0,0,0,0,0,0,0,0,0.000,0,RECOVERING,1269,0,0.063,0.000,-0.063,0.000,0.000,-0.008,-0.031,1.000,0.000,0.000,0.004,0.000,0.000,0.000,0.000,0,NULL,NULL,,5,0,1,1,255,0,250,0,0
baseline,4296,4296,0,4296,2016833.558,-0.793,-0.000,-0.001,0.609,0,0,0,0,0,0,0,0,0,0.000,0,RECOVERING,1269,0,0.063,0.004,-0.063,0.000,0.000,-0.008,-0.031,1.000,-0.004,0.000,0.008,0.000,0.000,0.000,0.000,0,NULL,NULL,,5,0,1,1,255,0,250,0,0
baseline,4301,4301,0,4301,2016838.558,-0.793,-0.000,-0.001,0.609,0,0,0,0,0,0,0,0,0,0.000,0,RECOVERING,1269,0,0.088,0.000,-0.063,0.000,-0.063,-0.008,-0.031,1.000,0.000,0.000,0.008,0.000,0.000,0.000,0.000,0,NULL,NULL,,5,0,1,1,255,0,250,0,0
baseline,4306,4306,0,4306,2016843.558,-0.793,-0.000,-0.001,0.609,0,0,0,0,0,0,0,0,0,0.000,0,RECOVERING,1269,0,0.063,0.006,-0.063,0.000,0.000,-0.012,-0.031,1.000,-0.004,-0.004,0.000,0.000,0.000,0.000,0.000,0,NULL,NULL,,5,0,1,1,255,0,250,0,0
baseline,4311,4311,0,4311,2016848.558,-0.793,-0.000,-0.001,0.609,0,0,0,0,0,0,0,0,0,0.000,0,RECOVERING,1269,0,0.063,0.000,-0.063,0.000,0.000,-0.008,-0.031,1.000,0.000,0.000,0.000,0.000,0.000,0.000,0.000,0,NULL,NULL,,5,0,1,1,255,0,250,0,0
baseline,4316,4316,0,4316,2016853.559,-0.793,-0.000,-0.001,0.609,0,0,0,0,0,0,0,0,0,0.000,0,RECOVERING,1269,0,0.088,0.000,-0.063,-0.063,0.000,-0.008,-0.031,1.000,0.000,0.000,0.000,0.000,0.000,0.000,0.000,0,NULL,NULL,,5,0,1,1,255,0,250,0,0
baseline,4321,4321,0,4321,2016858.558,-0.793,-0.000,-0.001,0.609,0,0,0,0,0,0,0,0,0,0.000,0,RECOVERING,1269,0,0.088,0.004,-0.063,0.000,-0.063,-0.008,-0.031,1.000,0.000,0.004,0.000,0.000,0.000,0.000,0.000,0,NULL,NULL,,5,0,1,1,255,0,250,0,0
baseline,4326,4326,0,4326,2016863.558,-0.793,-0.000,-0.001,0.609,0,0,0,0,0,0,0,0,0,0.000,0,RECOVERING,1269,0,0.063,0.004,-0.063,0.000,0.000,-0.008,-0.031,1.000,0.000,0.004,-0.004,0.000,0.000,0.000,0.000,0,NULL,NULL,,5,0,1,1,255,0,250,0,0
baseline,4331,4331,0,4331,2016868.558,-0.793,-0.000,-0.001,0.609,0,0,0,0,0,0,0,0,0,0.000,0,RECOVERING,1269,0,0.063,0.000,-0.063,0.000,0.000,-0.008,-0.027,1.000,0.000,0.000,-0.008,0.000,0.000,0.000,0.000,0,NULL,NULL,,5,0,1,1,255,0,250,0,0
baseline,4336,4336,0,4336,2016873.558,-0.793,-0.000,-0.001,0.609,0,0,0,0,0,0,0,0,0,0.000,0,RECOVERING,1269,0,0.063,0.000,-0.063,0.000,0.000,-0.008,-0.031,1.000,0.000,0.000,-0.004,0.000,0.000,0.000,0.000,0,NULL,NULL,,5,0,1,1,255,0,250,0,0
baseline,4341,4341,0,4341,2016878.558,-0.793,-0.000,-0.001,0.609,0,0,0,0,0,0,0,0,0,0.000,0,RECOVERING,1269,0,0.140,0.000,-0.125,-0.063,0.000,-0.008,-0.031,1.000,0.000,0.000,-0.008,0.000,0.000,0.000,0.000,0,NULL,NULL,,5,0,1,1,255,0,250,0,0
baseline,4346,4346,0,4346,2016883.558,-0.793,-0.000,-0.001,0.609,0,0,0,0,0,0,0,0,0,0.000,0,RECOVERING,1269,0,0.088,0.004,-0.063,-0.063,0.000,-0.008,-0.027,1.000,0.000,-0.004,0.000,0.000,0.000,0.000,0.000,0,NULL,NULL,,5,0,1,1,255,0,250,0,0
baseline,4351,4351,0,4351,2016888.558,-0.793,-0.000,-0.001,0.609,0,0,0,0,0,0,0,0,0,0.000,0,RECOVERING,1269,0,0.063,0.004,-0.063,0.000,0.000,-0.008,-0.031,1.000,0.000,-0.004,-0.008,0.000,0.000,0.000,0.000,0,NULL,NULL,,5,0,1,1,255,0,250,0,0
baseline,4356,4356,0,4356,2016893.558,-0.793,-0.000,-0.001,0.609,0,0,0,0,0,0,0,0,0,0.000,0,RECOVERING,1269,0,0.063,0.014,-0.063,0.000,0.000,-0.008,-0.027,1.000,-0.012,0.008,0.000,0.000,0.000,0.000,0.000,0,NULL,NULL,,5,0,1,1,255,0,250,0,0
baseline,4361,4361,0,4361,2016898.558,-0.793,-0.000,-0.001,0.609,0,0,0,0,0,0,0,0,0,0.000,0,RECOVERING,1269,0,0.088,0.009,-0.063,0.000,-0.063,-0.008,-0.031,1.000,-0.004,0.008,0.000,0.000,0.000,0.000,0.000,0,NULL,NULL,,5,0,1,1,255,0,250,0,0
baseline,4366,4366,0,4366,2016903.558,-0.793,-0.000,-0.001,0.609,0,0,0,0,0,0,0,0,0,0.000,0,RECOVERING,1269,0,0.063,0.009,-0.063,0.000,0.000,-0.008,-0.031,1.000,-0.004,0.008,0.012,0.000,0.000,0.000,0.000,0,NULL,NULL,,5,0,1,1,255,0,250,0,0
baseline,4371,4371,0,4371,2016908.558,-0.793,-0.000,-0.001,0.609,0,0,0,0,0,0,0,0,0,0.000,0,RECOVERING,1269,0,0.088,0.009,-0.063,0.000,-0.063,-0.008,-0.031,1.000,-0.004,0.008,0.008,0.000,0.000,0.000,0.000,0,NULL,NULL,,5,0,1,1,255,0,250,0,0
baseline,4376,4376,0,4376,2016913.558,-0.793,-0.000,-0.001,0.609,0,0,0,0,0,0,0,0,0,0.000,0,RECOVERING,1269,0,0.063,0.009,0.000,0.000,-0.063,-0.008,-0.031,1.000,0.008,0.004,0.008,0.000,0.000,0.000,0.000,0,NULL,NULL,,5,0,1,1,255,0,250,0,0
baseline,4381,4381,0,4381,2016918.558,-0.793,-0.000,-0.001,0.609,0,0,0,0,0,0,0,0,0,0.000,0,RECOVERING,1269,0,0.063,0.011,-0.063,0.000,0.000,-0.008,-0.031,1.000,0.008,-0.008,-0.008,0.000,0.000,0.000,0.000,0,NULL,NULL,,5,0,1,1,255,0,250,0,0
baseline,4386,4386,0,4386,2016923.558,-0.793,-0.000,-0.001,0.609,0,0,0,0,0,0,0,0,0,0.000,0,RECOVERING,1269,0,0.088,0.009,-0.063,0.000,-0.063,-0.008,-0.031,1.000,0.004,-0.008,-0.008,0.000,0.000,0.000,0.000,0,NULL,NULL,,5,0,1,1,255,0,250,0,0
baseline,4391,4391,0,4391,2016928.558,-0.793,-0.000,-0.001,0.609,0,0,0,0,0,0,0,0,0,0.000,0,RECOVERING,1269,0,0.063,0.006,0.000,0.000,-0.063,-0.008,-0.031,0.992,0.004,0.004,-0.012,0.000,0.000,0.000,0.000,0,NULL,NULL,,5,0,1,1,255,0,250,0,0
baseline,4396,4396,0,4396,2016933.558,-0.793,-0.000,-0.001,0.609,0,0,0,0,0,0,0,0,0,0.000,0,RECOVERING,1269,0,0.063,0.006,0.000,0.000,-0.063,-0.012,-0.027,1.016,0.004,0.004,-0.012,0.000,0.000,0.000,0.000,0,NULL,NULL,,5,0,1,1,255,0,250,0,0
baseline,4401,4401,0,4401,2016938.558,-0.793,-0.000,-0.001,0.609,0,0,0,0,0,0,0,0,0,0.000,0,RECOVERING,1269,0,0.250,0.023,-0.250,0.000,0.000,-0.008,-0.035,0.996,0.023,0.000,-0.047,0.000,0.000,0.000,0.000,0,NULL,NULL,,5,0,1,1,255,0,250,0,0
baseline,4406,4406,0,4406,2016943.558,-0.793,-0.000,-0.001,0.609,0,0,0,0,0,0,0,0,0,0.000,0,RECOVERING,1269,0,0.088,0.012,0.000,0.063,-0.063,-0.012,-0.027,1.000,-0.012,0.000,-0.012,0.000,0.000,0.000,0.000,0,NULL,NULL,,5,0,1,1,255,0,250,0,0
baseline,4411,4411,0,4411,2016948.558,-0.793,-0.000,-0.001,0.609,0,0,0,0,0,0,0,0,0,0.000,0,RECOVERING,1269,0,0.063,0.012,-0.063,0.000,0.000,-0.008,-0.031,1.000,0.012,0.000,-0.012,0.000,0.000,0.000,0.000,0,NULL,NULL,,5,0,1,1,255,0,250,0,0
baseline,4416,4416,0,4416,2016953.558,-0.793,-0.000,-0.001,0.609,0,0,0,0,0,0,0,0,0,0.000,0,RECOVERING,1269,0,0.088,0.012,-0.063,0.000,-0.063,-0.008,-0.027,1.004,-0.012,0.000,-0.012,0.000,0.000,0.000,0.000,0,NULL,NULL,,5,0,1,1,255,0,250,0,0
baseline,4421,4421,0,4421,2016958.558,-0.793,-0.000,-0.001,0.609,0,0,0,0,0,0,0,0,0,0.000,0,RECOVERING,1269,0,0.108,0.006,-0.063,0.063,-0.063,-0.008,-0.031,1.000,-0.004,0.004,0.000,0.000,0.000,0.000,0.000,0,NULL,NULL,,5,0,1,1,255,0,250,0,0
baseline,4426,4426,0,4426,2016963.558,-0.793,-0.000,-0.001,0.609,0,0,0,0,0,0,0,0,0,0.000,0,RECOVERING,1269,0,0.140,0.006,-0.125,0.000,-0.063,-0.008,-0.031,1.000,-0.004,0.004,0.000,0.000,0.000,0.000,0.000,0,NULL,NULL,,5,0,1,1,255,0,250,0,0
baseline,4431,4431,0,4431,2016968.558,-0.793,-0.000,-0.001,0.609,0,0,0,0,0,0,0,0,0,0.000,0,RECOVERING,1269,0,0.000,0.000,0.000,0.000,0.000,-0.008,-0.031,0.996,0.000,0.000,-0.012,0.000,0.000,0.000,0.000,0,NULL,NULL,,5,0,1,1,255,0,250,0,0
