condition_phase,condition_phase_elapsed_ms,condition_elapsed_ms,is_stimulation_on,t_ms,R_q0,R_q1,R_q2,R_q3,R_heel1,R_mid1,R_fore1,R_heel2,R_fore3,R_mid2,R_fore4,R_fore2,R_cadence,R_speed,R_steps,R_zupt,R_gyroNorm,R_accH,R_gyro_x,R_gyro_y,R_gyro_z,R_acc_x,R_acc_y,R_acc_z,R_nav_ax,R_nav_ay,R_nav_az,R_stepVel,R_stepVelj,R_stepDispRaw,R_stepDispZUPT,R_gaitEvent,R_stepTimeMs,R_stepDeviationMs,R_baselineMs,R_motorMode,R_motorActive,R_motorAlignment,R_motorRegionMask,R_motorAmplitude,R_motorIntervalMs,R_motorDurationMs,R_motorPhaseMs,R_motorCycleMs
stim,56,56,0,2333169.323,-0.986,0.002,0.092,-0.142,1105,0,11,1387,0,472,0,583,95,0.001,450,1,8.501,0.118,-7.900,-2.640,-1.700,-0.178,-0.040,0.999,0.000,0.118,-0.112,0.000,0.000,0.004,0.000,2,NULL,NULL,1198.000,1,0,1,7,255,,250,0,0
stim,56,56,0,2333174.323,-0.986,0.002,0.092,-0.142,1075,0,9,1369,0,475,0,584,95,0.001,450,1,6.946,0.062,-6.120,-2.440,-2.200,-0.179,-0.025,0.994,0.014,-0.060,0.088,0.000,0.000,0.004,0.000,2,NULL,NULL,,1,0,1,7,255,,250,0,0
stim,56,56,0,2333179.322,-0.986,0.001,0.092,-0.143,1048,0,9,1341,0,477,0,585,95,0.001,450,1,7.305,0.060,-6.360,-2.580,-2.500,-0.181,-0.010,0.976,0.006,-0.060,0.088,0.000,0.000,0.004,0.000,2,NULL,NULL,,1,0,1,7,255,,250,0,0
stim,56,56,0,2333184.322,-0.986,0.001,0.092,-0.143,1001,0,8,1323,0,479,0,587,95,0.001,450,1,8.851,0.035,-8.080,-2.880,-2.180,-0.180,-0.024,0.981,0.006,-0.034,-0.032,0.000,0.000,0.004,0.000,2,NULL,NULL,,1,0,1,7,255,,250,0,0
stim,56,56,0,2333189.322,-0.986,0.001,0.092,-0.143,965,0,6,1301,1592,479,0,595,95,0.001,450,1,8.925,0.035,-8.200,-2.940,-1.940,-0.175,-0.032,0.990,0.006,-0.034,-0.032,0.000,0.000,0.004,0.000,2,NULL,NULL,,1,0,1,7,255,,250,0,0
stim,56,56,0,2333194.322,-0.986,0.000,0.091,-0.143,890,0,9,1275,2013,487,0,581,95,0.001,450,1,8.637,0.040,-7.840,-2.940,-2.120,-0.175,-0.023,0.984,0.022,-0.034,-0.008,0.000,0.000,0.004,0.000,2,NULL,NULL,,1,0,1,7,255,,250,0,0
stim,75,75,0,2333199.322,-0.986,-0.000,0.091,-0.143,853,0,8,1249,0,487,0,601,95,0.001,450,1,9.300,0.030,-8.440,-3.000,-2.500,-0.177,-0.020,0.981,0.022,-0.020,-0.008,0.000,0.000,0.004,0.000,2,NULL,NULL,,1,0,1,7,255,,250,0,0
stim,75,75,0,2333204.322,-0.986,-0.000,0.091,-0.143,788,0,8,1226,0,497,0,599,95,0.001,450,1,9.977,0.030,-9.120,-3.180,-2.500,-0.177,-0.026,0.985,0.022,-0.020,-0.008,0.000,0.000,0.004,0.000,2,NULL,NULL,,1,0,1,7,255,,250,0,0
stim,75,75,0,2333209.322,-0.986,-0.001,0.091,-0.143,683,0,6,1185,0,508,0,603,95,0.001,450,1,10.359,0.024,-9.480,-3.300,-2.560,-0.176,-0.026,0.985,0.014,-0.020,-0.002,0.000,0.000,0.004,0.000,2,NULL,NULL,,1,0,1,7,255,,250,0,0
stim,75,75,0,2333214.323,-0.986,-0.001,0.091,-0.143,664,0,7,1146,0,504,0,604,95,0.001,450,1,10.609,0.024,-9.720,-3.300,-2.680,-0.173,-0.024,0.983,0.014,-0.020,-0.002,0.000,0.000,0.004,0.000,2,NULL,NULL,,1,0,1,7,255,,250,0,0
stim,75,75,0,2333219.324,-0.986,-0.002,0.091,-0.143,621,0,5,1112,0,509,0,615,95,0.006,450,0,11.017,0.020,-10.080,-3.300,-2.980,-0.175,-0.025,0.984,0.020,-0.002,-0.008,0.000,0.000,0.007,0.002,2,NULL,NULL,,1,0,1,7,255,,250,0,0
stim,108,108,0,2333224.323,-0.986,-0.002,0.091,-0.143,601,0,9,1082,617,521,0,622,95,0.006,450,0,11.234,0.020,-10.280,-3.360,-3.040,-0.174,-0.030,0.986,0.020,-0.002,-0.008,0.000,0.000,0.007,0.002,2,NULL,NULL,,1,0,1,7,255,,250,0,0
stim,108,108,0,2333229.322,-0.986,-0.003,0.091,-0.143,583,0,6,1043,1712,522,0,623,95,0.006,450,0,11.622,0.024,-10.700,-3.420,-2.980,-0.175,-0.030,0.983,0.018,-0.016,-0.008,0.000,0.000,0.007,0.002,2,NULL,NULL,,1,0,1,7,255,,250,0,0
stim,108,108,0,2333234.322,-0.986,-0.003,0.090,-0.143,550,0,7,997,2075,517,0,631,95,0.006,450,0,12.223,0.033,-11.300,-3.480,-3.100,-0.172,-0.031,0.984,0.018,-0.028,-0.010,0.000,0.002,0.007,0.002,1,NULL,NULL,,1,0,1,7,255,,250,0,0
stim,108,108,0,2333239.322,-0.986,-0.004,0.090,-0.143,535,0,6,968,0,512,0,635,95,0.006,450,0,12.477,0.027,-11.500,-3.540,-3.300,-0.173,-0.031,0.986,0.022,-0.016,-0.010,0.000,0.002,0.007,0.002,1,NULL,NULL,,1,0,1,7,255,,250,0,0
stim,108,108,0,2333244.322,-0.986,-0.004,0.090,-0.143,527,0,5,931,147,521,0,636,95,0.006,450,0,12.785,0.031,-11.740,-3.620,-3.540,-0.172,-0.033,0.982,0.024,-0.020,-0.010,0.000,0.002,0.007,0.002,1,NULL,NULL,,1,0,1,7,255,,250,0,0
stim,108,108,0,2333249.322,-0.986,-0.005,0.090,-0.144,505,0,3,916,233,522,0,645,95,0.006,450,0,13.006,0.030,-11.980,-3.620,-3.540,-0.173,-0.034,0.986,0.022,-0.020,0.006,0.000,0.004,0.007,0.002,1,NULL,NULL,,1,0,1,7,255,,250,0,0
stim,171,171,0,2333269.323,-0.985,-0.007,0.090,-0.144,453,0,4,849,533,529,0,645,95,0.006,450,0,13.961,0.033,-12.960,-3.740,-3.600,-0.171,-0.039,0.988,0.022,-0.024,0.006,0.000,0.006,0.007,0.002,1,NULL,NULL,,1,0,1,7,255,,250,0,0
stim,171,171,0,2333274.322,-0.985,-0.008,0.090,-0.144,423,0,0,829,648,529,0,651,95,0.006,450,0,14.144,0.033,-13.140,-3.800,-3.600,-0.171,-0.038,0.985,0.022,-0.024,0.000,0.000,0.006,0.007,0.002,1,NULL,NULL,,1,0,1,7,255,,250,0,0
stim,171,171,0,2333279.322,-0.985,-0.009,0.089,-0.144,403,0,1,793,789,525,0,652,95,0.006,450,0,14.265,0.033,-13.320,-3.680,-3.540,-0.167,-0.041,0.981,0.022,-0.024,0.000,0.000,0.006,0.007,0.002,1,NULL,NULL,,1,0,1,7,255,,250,0,0
stim,171,171,0,2333284.322,-0.985,-0.009,0.089,-0.144,389,0,3,762,858,531,0,659,95,0.006,450,0,14.489,0.016,-13.500,-3.780,-3.660,-0.173,-0.041,0.989,0.016,-0.002,0.000,0.000,0.006,0.007,0.002,1,NULL,NULL,,1,0,1,7,255,,250,0,0
stim,171,171,0,2333289.322,-0.985,-0.010,0.089,-0.144,368,0,2,744,903,539,0,661,95,0.006,450,0,14.363,0.002,-13.380,-3.840,-3.540,-0.173,-0.042,0.987,-0.002,0.000,0.018,0.000,0.008,0.007,0.002,1,NULL,NULL,,1,0,1,7,255,,250,0,0
stim,171,171,0,2333294.322,-0.985,-0.010,0.089,-0.144,345,0,0,691,939,539,0,665,95,0.006,450,0,14.518,0.010,-13.560,-3.900,-3.420,-0.175,-0.039,0.987,-0.006,0.008,0.020,0.000,0.008,0.007,0.002,1,NULL,NULL,,1,0,1,7,255,,250,0,0
stim,187,187,0,2333299.322,-0.985,-0.011,0.089,-0.145,332,0,0,649,907,544,0,669,95,0.006,450,0,14.575,0.010,-13.700,-3.840,-3.160,-0.166,-0.045,0.982,-0.006,0.008,0.018,0.000,0.008,0.007,0.002,1,NULL,NULL,,1,0,1,7,255,,250,0,0
stim,187,187,0,2333304.323,-0.985,-0.012,0.089,-0.145,282,0,4,629,985,551,0,677,95,0.006,450,0,14.660,0.027,-13.760,-3.900,-3.220,-0.169,-0.048,0.988,0.012,-0.024,0.020,0.000,0.008,0.007,0.002,1,NULL,NULL,,1,0,1,7,255,,250,0,0
stim,187,187,0,2333309.322,-0.985,-0.012,0.089,-0.145,264,0,2,596,1015,546,0,676,95,0.006,450,0,14.672,0.040,-13.820,-3.780,-3.160,-0.166,-0.051,0.987,0.030,-0.026,0.014,0.002,0.006,0.007,0.002,1,NULL,NULL,,1,0,1,7,255,,250,0,0
stim,187,187,0,2333314.323,-0.985,-0.013,0.089,-0.145,256,0,1,575,923,553,0,677,95,0.006,450,0,14.191,0.029,-13.380,-3.720,-2.920,-0.172,-0.047,0.993,0.012,-0.026,0.022,0.004,0.006,0.007,0.002,1,NULL,NULL,,1,0,1,7,255,,250,0,0
stim,283,283,0,2333369.324,-0.985,-0.018,0.088,-0.145,89,0,3,464,1329,563,0,687,95,0.006,450,0,5.530,0.396,-5.380,0.540,1.160,-0.148,-0.101,0.995,0.058,-0.392,0.082,0.030,0.014,0.007,0.002,1,NULL,NULL,,1,0,1,7,255,,250,0,0
stim,283,283,0,2333374.322,-0.985,-0.019,0.088,-0.145,94,0,3,466,1248,567,0,695,95,0.006,450,0,4.089,0.450,-3.560,1.220,1.600,-0.144,-0.108,0.997,0.072,-0.444,0.090,0.032,0.018,0.007,0.002,1,NULL,NULL,,1,0,1,7,255,,250,0,0
stim,283,283,0,2333379.322,-0.985,-0.019,0.088,-0.144,112,0,3,465,1128,549,0,693,95,0.006,450,0,3.218,0.529,-1.480,2.080,1.960,-0.142,-0.112,0.996,0.096,-0.520,0.098,0.036,0.020,0.007,0.002,1,NULL,NULL,,1,0,1,7,255,,250,0,0
stim,283,283,0,2333384.322,-0.985,-0.019,0.088,-0.144,119,0,2,462,1109,544,0,691,95,0.006,450,0,3.824,0.567,0.600,2.980,2.320,-0.141,-0.114,0.995,0.098,-0.558,0.098,0.038,0.022,0.007,0.002,1,NULL,NULL,,1,0,1,7,255,,250,0,0
stim,283,283,0,2333389.322,-0.985,-0.019,0.088,-0.144,127,0,0,461,1243,541,0,689,95,0.006,450,0,5.374,0.593,2.780,3.780,2.620,-0.138,-0.119,0.996,0.104,-0.584,0.090,0.040,0.024,0.007,0.002,1,NULL,NULL,,1,0,1,7,255,,250,0,0
stim,283,283,0,2333394.322,-0.985,-0.019,0.088,-0.144,146,0,2,458,1361,542,0,686,95,0.006,450,0,7.370,0.646,4.980,4.680,2.760,-0.136,-0.121,0.997,0.116,-0.636,0.090,0.042,0.026,0.007,0.002,1,NULL,NULL,,1,0,1,7,255,,250,0,0
stim,301,301,0,2333399.322,-0.985,-0.019,0.088,-0.144,155,0,3,457,1397,538,0,683,95,0.006,450,0,9.732,0.676,7.420,5.660,2.760,-0.137,-0.121,0.999,0.128,-0.664,0.102,0.044,0.026,0.007,0.002,1,NULL,NULL,,1,0,1,7,255,,250,0,0
stim,301,301,0,2333404.322,-0.985,-0.018,0.088,-0.144,169,0,4,461,1440,534,0,682,95,0.006,450,0,12.122,0.677,9.800,6.580,2.760,-0.138,-0.117,0.998,0.130,-0.664,0.108,0.044,0.026,0.007,0.002,1,NULL,NULL,,1,0,1,7,255,,250,0,0
stim,301,301,0,2333409.322,-0.985,-0.018,0.088,-0.144,180,0,5,463,1434,538,0,681,95,0.006,450,0,14.515,0.645,12.060,7.500,3.000,-0.140,-0.112,0.997,0.130,-0.632,0.108,0.044,0.026,0.007,0.002,1,NULL,NULL,,1,0,1,7,255,,250,0,0
stim,301,301,0,2333414.325,-0.985,-0.017,0.089,-0.144,215,0,7,471,1423,537,0,677,95,0.006,450,0,16.734,0.604,14.080,8.420,3.300,-0.140,-0.105,0.996,0.130,-0.590,0.096,0.044,0.024,0.007,0.002,1,NULL,NULL,,1,0,1,7,255,,250,0,0
stim,369,369,0,2333459.381,-0.986,-0.009,0.091,-0.143,585,0,5,907,1976,519,0,627,95,0.006,451,0,21.032,0.327,18.720,8.240,4.900,-0.189,-0.010,0.979,-0.056,0.322,-0.024,0.032,0.008,0.007,0.002,1,NULL,NULL,,1,0,1,7,255,,250,0,0
stim,369,369,0,2333464.383,-0.986,-0.008,0.091,-0.143,620,0,6,926,2134,509,0,622,95,0.006,451,0,19.646,0.327,17.380,7.740,4.900,-0.190,-0.015,0.981,-0.056,0.322,-0.024,0.032,0.008,0.007,0.002,1,NULL,NULL,,1,0,1,7,255,,250,0,0
stim,403,403,0,2333469.381,-0.986,-0.007,0.091,-0.143,695,0,7,1001,2281,499,0,619,95,0.006,451,0,18.521,0.286,16.220,7.440,4.960,-0.192,-0.012,0.981,-0.074,0.276,-0.014,0.030,0.006,0.007,0.002,1,NULL,NULL,,1,0,1,7,255,,250,0,0
stim,403,403,0,2333474.381,-0.986,-0.006,0.091,-0.142,781,0,5,1075,2197,496,0,611,95,0.006,451,0,17.202,0.273,14.880,7.020,5.020,-0.192,-0.012,0.981,-0.078,0.262,-0.014,0.030,0.006,0.007,0.002,1,NULL,NULL,,1,0,1,7,255,,250,0,0
stim,403,403,0,2333479.381,-0.986,-0.006,0.092,-0.142,872,0,8,1113,2019,482,0,597,95,0.006,451,0,15.959,0.273,13.600,6.580,5.140,-0.187,-0.020,0.984,-0.078,0.262,-0.014,0.032,0.006,0.007,0.002,1,NULL,NULL,,1,0,1,7,255,,250,0,0
stim,403,403,0,2333484.381,-0.986,-0.005,0.092,-0.142,948,0,4,1144,2077,477,0,613,95,0.006,451,0,14.991,0.167,12.740,6.100,5.020,-0.187,-0.025,0.987,-0.054,0.158,0.006,0.032,0.006,0.007,0.002,1,NULL,NULL,,1,0,1,7,255,,250,0,0
stim,412,412,0,2333514.382,-0.986,-0.002,0.093,-0.141,1077,0,8,1307,1824,455,0,575,95,0.006,451,1,14.080,0.090,12.320,4.820,4.820,-0.178,-0.036,0.988,0.002,-0.090,0.036,0.034,0.004,0.007,0.002,2,NULL,NULL,,1,0,1,7,255,,250,0,0
stim,78,78,0,2333569.382,-0.986,0.004,0.093,-0.140,1357,0,11,1607,2871,419,0,520,95,0.006,451,1,9.317,0.064,7.980,4.020,2.640,-0.183,-0.010,0.981,0.016,0.062,-0.046,0.000,0.000,0.007,0.002,2,NULL,NULL,,1,0,2,7,255,,250,0,0
stim,78,78,0,2333574.381,-0.986,0.005,0.093,-0.140,1397,0,6,1615,2823,407,0,519,95,0.006,451,1,8.721,0.058,7.420,3.840,2.500,-0.187,-0.009,0.982,0.014,0.056,-0.024,0.000,0.000,0.007,0.002,2,NULL,NULL,,1,0,2,7,255,,250,0,0
stim,78,78,0,2333579.381,-0.986,0.005,0.093,-0.140,1416,0,7,1583,2809,409,0,507,95,0.006,451,1,8.006,0.045,6.700,3.600,2.500,-0.186,-0.011,0.981,-0.020,0.040,-0.020,0.000,0.000,0.007,0.002,2,NULL,NULL,,1,0,2,7,255,,250,0,0
stim,78,78,0,2333584.381,-0.986,0.005,0.093,-0.140,1426,0,7,1640,2841,408,0,495,95,0.006,451,1,7.123,0.033,5.960,3.300,2.080,-0.187,-0.010,0.983,-0.020,0.026,-0.010,0.000,0.000,0.007,0.002,2,NULL,NULL,,1,0,2,7,255,,250,0,0
stim,142,142,0,2333669.382,-0.986,0.007,0.094,-0.139,1504,0,14,1711,2727,399,0,493,95,0.006,451,1,2.800,0.033,-2.340,-0.480,-1.460,-0.189,-0.010,0.985,-0.018,0.028,0.006,0.000,0.000,0.007,0.002,2,NULL,NULL,,1,0,2,7,255,,250,0,0
stim,142,142,0,2333674.381,-0.986,0.007,0.094,-0.139,1492,0,11,1689,2737,397,0,497,95,0.006,451,1,3.209,0.034,-2.820,-0.740,-1.340,-0.188,-0.012,0.984,-0.034,0.000,0.018,0.000,0.000,0.007,0.002,2,NULL,NULL,,1,0,2,7,255,,250,0,0
stim,142,142,0,2333679.381,-0.986,0.007,0.094,-0.139,1468,0,12,1685,2679,401,0,493,95,0.006,451,1,3.697,0.039,-3.320,-0.920,-1.340,-0.189,-0.013,0.985,-0.036,-0.016,0.022,0.000,0.000,0.007,0.002,2,NULL,NULL,,1,0,2,7,255,,250,0,0
stim,159,159,0,2333684.381,-0.986,0.006,0.094,-0.139,1461,0,16,1671,2711,399,0,494,95,0.006,451,1,4.233,0.039,-3.800,-1.160,-1.460,-0.187,-0.012,0.985,-0.036,-0.016,0.022,0.000,0.000,0.007,0.002,2,NULL,NULL,,1,0,2,7,255,,250,0,0
stim,159,159,0,2333689.381,-0.986,0.006,0.093,-0.139,1440,0,12,1653,2739,407,0,499,95,0.006,451,1,4.691,0.024,-4.040,-1.540,-1.820,-0.187,-0.011,0.985,-0.020,-0.014,0.022,0.000,0.000,0.007,0.002,2,NULL,NULL,,1,0,2,7,255,,250,0,0
stim,159,159,0,2333694.381,-0.986,0.006,0.093,-0.140,1421,0,12,1642,2713,409,0,505,95,0.006,451,1,5.230,0.020,-4.480,-1.720,-2.080,-0.188,-0.012,0.984,-0.020,0.000,0.018,0.000,0.000,0.007,0.002,2,NULL,NULL,,1,0,2,7,255,,250,0,0
stim,159,159,0,2333699.381,-0.986,0.006,0.093,-0.140,1398,0,10,1629,2679,409,0,503,95,0.006,451,1,5.767,0.032,-4.960,-2.020,-2.140,-0.188,-0.012,0.985,-0.032,0.004,0.018,0.000,0.000,0.007,0.002,2,NULL,NULL,,1,0,2,7,255,,250,0,0
stim,159,159,0,2333704.381,-0.986,0.006,0.093,-0.140,1379,0,9,1600,2696,411,0,521,95,0.006,451,1,6.147,0.032,-5.380,-2.200,-2.000,-0.187,-0.014,0.985,-0.032,0.004,0.018,0.000,0.000,0.007,0.002,2,NULL,NULL,,1,0,2,7,255,,250,0,0
stim,174,174,0,2333709.381,-0.986,0.005,0.093,-0.140,1365,0,10,1591,2684,400,0,517,95,0.006,451,1,6.602,0.030,-5.820,-2.320,-2.080,-0.185,-0.016,0.986,-0.026,-0.014,0.024,0.000,0.000,0.007,0.002,2,NULL,NULL,,1,0,2,7,255,,250,0,0
stim,174,174,0,2333714.383,-0.986,0.005,0.093,-0.140,1335,0,11,1575,2719,407,0,525,95,0.006,451,1,6.922,0.028,-6.060,-2.520,-2.200,-0.182,-0.016,0.985,-0.010,-0.026,0.018,0.000,0.000,0.007,0.002,2,NULL,NULL,,1,0,2,7,255,,250,0,0
stim,190,190,0,2333719.382,-0.986,0.005,0.093,-0.140,1286,0,10,1562,2711,412,0,524,95,0.006,451,1,7.412,0.026,-6.480,-2.700,-2.380,-0.183,-0.015,0.984,0.000,-0.026,0.014,0.000,0.000,0.007,0.002,2,NULL,NULL,,1,0,2,7,255,,250,0,0
stim,190,190,0,2333724.381,-0.986,0.004,0.093,-0.140,1254,0,10,1543,2681,413,0,526,95,0.006,451,1,7.734,0.033,-6.800,-2.760,-2.440,-0.181,-0.017,0.985,0.008,-0.032,0.012,0.000,0.000,0.007,0.002,2,NULL,NULL,,1,0,2,7,255,,250,0,0
stim,206,206,0,2333769.382,-0.986,0.001,0.092,-0.141,852,0,6,1276,0,491,0,584,95,0.006,451,1,11.970,0.020,-10.940,-3.740,-3.100,-0.174,-0.020,0.982,0.020,-0.002,-0.014,0.000,0.000,0.007,0.002,2,NULL,NULL,,1,0,2,7,255,,250,0,0
stim,254,254,0,2333774.381,-0.986,0.000,0.091,-0.141,815,0,6,1251,0,492,0,595,95,0.006,451,1,12.695,0.020,-11.620,-3.800,-3.420,-0.177,-0.020,0.983,0.020,0.002,-0.012,0.000,0.000,0.007,0.002,2,NULL,NULL,,1,0,2,7,255,,250,0,0
stim,254,254,0,2333779.381,-0.986,-0.000,0.091,-0.141,697,0,5,1205,0,493,0,596,95,0.006,451,1,13.242,0.033,-12.160,-3.920,-3.480,-0.178,-0.021,0.983,0.020,0.026,-0.014,0.000,0.000,0.007,0.002,2,NULL,NULL,,1,0,2,7,255,,250,0,0
stim,254,254,0,2333784.381,-0.986,-0.001,0.091,-0.141,653,0,4,1169,0,501,0,605,95,0.006,451,1,13.812,0.033,-12.720,-4.020,-3.580,-0.175,-0.026,0.983,0.020,0.026,-0.014,0.000,0.000,0.007,0.002,2,NULL,NULL,,1,0,2,7,255,,250,0,0
stim,254,254,0,2333789.381,-0.986,-0.002,0.091,-0.141,611,0,6,1108,493,523,0,591,95,0.006,451,1,14.231,0.012,-13.080,-4.140,-3.780,-0.177,-0.025,0.984,0.006,0.010,-0.014,0.000,0.000,0.007,0.002,2,NULL,NULL,,1,0,2,7,255,,250,0,0
stim,254,254,0,2333794.381,-0.986,-0.002,0.091,-0.141,595,0,1,1053,960,517,0,613,95,0.006,451,1,14.682,0.027,-13.500,-4.200,-3.960,-0.173,-0.027,0.983,0.024,-0.012,-0.014,0.000,0.000,0.007,0.002,2,NULL,NULL,,1,0,2,7,255,,250,0,0
stim,272,272,0,2333799.381,-0.986,-0.003,0.091,-0.141,567,0,5,1014,909,509,0,615,95,0.006,451,1,15.170,0.008,-13.940,-4.320,-4.140,-0.176,-0.028,0.986,0.008,-0.002,0.000,0.000,0.000,0.007,0.002,2,NULL,NULL,,1,0,2,7,255,,250,0,0
stim,272,272,0,2333804.381,-0.986,-0.004,0.091,-0.141,541,0,5,963,0,525,0,621,95,0.006,451,1,15.568,0.008,-14.300,-4.440,-4.260,-0.177,-0.030,0.985,0.008,-0.002,0.004,0.000,0.000,0.007,0.002,2,NULL,NULL,,1,0,2,7,255,,250,0,0
stim,272,272,0,2333809.381,-0.986,-0.004,0.090,-0.142,529,0,0,921,401,508,0,630,95,0.006,451,1,15.940,0.004,-14.660,-4.640,-4.200,-0.175,-0.033,0.985,-0.004,-0.002,0.004,0.000,0.000,0.007,0.002,2,NULL,NULL,,1,0,2,7,255,,250,0,0
stim,272,272,0,2333814.383,-0.986,-0.005,0.090,-0.142,495,0,2,904,956,519,0,634,95,0.006,451,1,16.268,0.015,-14.980,-4.700,-4.260,-0.174,-0.034,0.988,-0.004,-0.014,0.004,0.000,0.000,0.007,0.002,2,NULL,NULL,,1,0,2,7,255,,250,0,0
stim,292,292,0,2333819.381,-0.986,-0.006,0.090,-0.142,479,0,3,879,1211,518,0,645,95,0.006,451,1,16.482,0.016,-15.160,-4.760,-4.380,-0.173,-0.034,0.985,0.008,-0.014,0.004,0.000,0.000,0.007,0.002,2,NULL,NULL,,1,0,2,7,255,,250,0,0
stim,292,292,0,2333824.382,-0.986,-0.006,0.090,-0.142,469,0,3,861,949,518,0,629,95,0.006,451,1,16.825,0.018,-15.460,-4.880,-4.500,-0.172,-0.036,0.984,0.012,-0.014,0.004,0.000,0.000,0.007,0.002,2,NULL,NULL,,1,0,2,7,255,,250,0,0
stim,292,292,0,2333829.381,-0.986,-0.007,0.090,-0.142,457,0,4,839,1139,524,0,632,95,0.006,451,1,17.229,0.014,-15.880,-4.940,-4.500,-0.177,-0.038,0.988,0.012,-0.008,0.004,0.000,0.000,0.007,0.002,2,NULL,NULL,,1,0,2,7,255,,250,0,0
stim,292,292,0,2333834.381,-0.986,-0.008,0.090,-0.142,393,0,2,799,1297,526,0,643,95,0.006,451,1,17.150,0.018,-15.820,-5.020,-4.320,-0.169,-0.039,0.983,0.012,-0.014,-0.006,0.000,0.000,0.007,0.002,2,NULL,NULL,,1,0,2,7,255,,250,0,0
stim,292,292,0,2333839.381,-0.986,-0.009,0.089,-0.142,379,0,0,757,1353,535,0,648,95,0.006,451,1,17.980,0.032,-16.560,-5.080,-4.820,-0.168,-0.042,0.985,0.026,-0.018,-0.002,0.000,0.000,0.007,0.002,2,NULL,NULL,,1,0,2,7,255,,250,0,0
stim,292,292,0,2333844.381,-0.986,-0.009,0.089,-0.142,349,0,1,715,0,527,0,652,95,0.006,451,1,17.813,0.032,-16.320,-5.320,-4.760,-0.187,-0.033,0.998,0.026,-0.018,-0.002,0.000,0.000,0.007,0.002,2,NULL,NULL,,1,0,2,7,255,,250,0,0
stim,338,338,1,2333869.382,-0.986,-0.013,0.088,-0.143,149,0,6,535,1243,557,0,681,95,0.004,451,0,18.913,0.079,-17.420,-5.920,-4.380,-0.169,-0.041,0.983,-0.040,0.068,0.028,0.000,0.002,0.007,0.001,2,NULL,NULL,,1,1,2,7,255,,250,0,0
stim,338,338,1,2333874.381,-0.986,-0.014,0.088,-0.143,119,0,1,509,1305,559,0,683,95,0.004,451,0,19.197,0.070,-17.840,-5.920,-3.900,-0.166,-0.053,0.992,0.018,0.068,0.028,0.000,0.002,0.007,0.001,2,NULL,NULL,,1,1,2,7,255,,250,0,0
stim,338,338,1,2333879.381,-0.986,-0.015,0.088,-0.143,23,0,3,499,1361,564,0,689,95,0.004,451,0,18.801,0.026,-17.420,-5.860,-3.960,-0.166,-0.051,0.990,0.026,-0.004,0.040,0.000,0.002,0.007,0.001,2,NULL,NULL,,1,1,2,7,255,,250,0,0
stim,350,350,1,2333884.381,-0.986,-0.016,0.088,-0.143,3,0,1,483,1401,552,0,692,95,0.004,451,0,18.641,0.026,-17.240,-5.800,-4.080,-0.179,-0.047,0.993,0.026,-0.004,0.060,0.000,0.002,0.007,0.001,2,NULL,NULL,,1,1,2,7,255,,250,0,0
stim,371,371,1,2333889.381,-0.986,-0.016,0.088,-0.143,0,0,0,467,1427,555,0,691,95,0.004,451,0,17.726,0.087,-16.500,-6.000,-2.440,-0.174,-0.036,0.990,-0.012,0.086,0.050,0.000,0.002,0.007,0.001,2,NULL,NULL,,1,1,2,7,255,,250,0,0
stim,371,371,1,2333894.381,-0.986,-0.017,0.087,-0.143,0,0,4,443,1373,562,0,697,95,0.004,451,0,19.151,0.087,-18.080,-5.940,-2.140,-0.128,-0.073,0.964,-0.012,0.086,0.050,0.002,0.004,0.007,0.001,2,NULL,NULL,,1,1,2,7,255,,250,0,0
stim,371,371,1,2333899.381,-0.986,-0.018,0.087,-0.144,0,0,5,422,1288,553,0,696,95,0.004,451,0,19.084,0.172,-17.720,-5.080,-4.940,-0.188,-0.083,1.022,-0.012,-0.172,0.050,0.002,0.004,0.007,0.001,2,NULL,NULL,,1,1,2,7,255,,250,0,0
stim,371,371,1,2333904.382,-0.986,-0.019,0.087,-0.144,0,0,9,393,1216,581,0,701,95,0.004,451,0,15.054,0.239,-14.000,-5.500,-0.600,-0.152,-0.028,0.962,0.166,-0.172,-0.254,0.002,0.004,0.007,0.001,2,NULL,NULL,,1,1,2,7,255,,250,0,0
stim,371,371,1,2333909.381,-0.986,-0.020,0.087,-0.144,0,0,0,367,1321,586,0,700,95,0.004,451,0,21.070,0.191,-20.100,-4.720,-4.200,-0.140,-0.115,0.987,0.082,-0.172,0.008,0.002,0.004,0.007,0.001,2,NULL,NULL,,1,1,2,7,255,,250,0,0
stim,371,371,1,2333914.382,-0.986,-0.020,0.087,-0.144,0,0,5,357,1335,574,0,711,95,0.004,451,0,13.060,0.263,-12.100,-4.900,0.380,-0.180,-0.032,1.024,0.082,0.250,0.008,0.002,0.006,0.007,0.001,2,NULL,NULL,,1,1,2,7,255,,250,0,0
stim,404,404,1,2333919.382,-0.986,-0.021,0.087,-0.144,0,0,3,346,1295,571,0,701,95,0.004,451,0,16.862,0.383,-16.000,-3.420,-4.080,-0.134,-0.094,0.957,0.082,-0.374,0.008,0.002,0.006,0.007,0.001,2,NULL,NULL,,1,1,2,7,255,,250,0,0
stim,404,404,1,2333924.381,-0.986,-0.022,0.086,-0.144,0,0,7,343,1399,573,0,709,95,0.004,451,0,12.482,0.324,-11.500,-3.860,2.940,-0.126,-0.084,0.972,0.136,-0.294,-0.172,0.002,0.006,0.007,0.001,2,NULL,NULL,,1,1,2,7,255,,250,0,0
stim,404,404,1,2333929.381,-0.986,-0.022,0.086,-0.144,0,0,0,323,1477,585,0,709,95,0.004,451,0,15.166,0.324,-14.360,-2.580,-4.140,-0.230,-0.040,1.063,0.136,-0.294,-0.172,0.002,0.006,0.007,0.001,2,NULL,NULL,,1,1,2,7,255,,250,0,0
stim,404,404,1,2333934.381,-0.986,-0.023,0.086,-0.143,0,0,3,302,1789,589,0,713,95,0.004,451,0,11.633,0.391,-11.180,-1.540,2.820,-0.016,-0.181,0.863,0.258,-0.294,-0.172,0.002,0.006,0.007,0.001,2,NULL,NULL,,1,1,2,7,255,,250,0,0
stim,404,404,1,2333939.381,-0.986,-0.023,0.086,-0.143,0,0,4,292,1583,581,0,712,95,0.004,451,0,9.312,0.586,-9.000,-1.280,2.020,-0.229,-0.027,1.060,-0.380,0.446,0.796,0.002,0.008,0.007,0.001,2,NULL,NULL,,1,1,2,7,255,,250,0,0
stim,463,463,1,2333969.382,-0.986,-0.025,0.086,-0.143,0,0,1,260,1497,561,0,713,95,0.004,451,0,6.047,0.783,3.100,4.320,2.880,-0.104,-0.171,0.974,0.140,-0.770,0.328,0.004,0.008,0.007,0.001,2,NULL,NULL,,1,1,2,7,255,,250,0,0
stim,463,463,1,2333974.381,-0.986,-0.025,0.087,-0.143,0,0,1,265,1500,552,0,701,95,0.004,451,0,8.040,0.980,5.420,4.460,3.920,-0.119,-0.161,0.975,0.140,-0.970,-0.098,0.004,0.006,0.007,0.001,2,NULL,NULL,,1,1,2,7,255,,250,0,0
stim,463,463,1,2333979.381,-0.986,-0.025,0.087,-0.143,0,0,7,269,1463,559,0,707,95,0.004,451,0,9.761,0.979,7.360,5.120,3.860,-0.135,-0.147,0.995,0.134,-0.970,-0.098,0.006,0.006,0.007,0.001,2,NULL,NULL,,1,1,2,7,255,,250,0,0
stim,463,463,1,2333984.381,-0.986,-0.024,0.087,-0.142,0,0,6,276,1359,552,0,703,95,0.004,451,0,12.151,0.798,9.940,6.160,3.300,-0.141,-0.137,1.004,0.058,-0.796,0.110,0.008,0.006,0.007,0.001,2,NULL,NULL,,1,1,2,7,255,,250,0,0
stim,463,463,1,2333989.381,-0.986,-0.024,0.087,-0.142,0,0,3,267,1207,559,0,701,95,0.004,451,0,15.081,0.712,12.800,7.260,3.300,-0.138,-0.138,1.003,0.058,-0.710,0.182,0.010,0.004,0.007,0.001,2,NULL,NULL,,1,1,2,7,255,,250,0,0
stim,478,478,1,2333994.381,-0.986,-0.023,0.087,-0.142,0,0,0,272,1200,563,0,697,95,0.004,451,0,18.033,0.714,15.600,8.180,3.860,-0.134,-0.136,1.002,0.076,-0.710,0.182,0.012,0.002,0.007,0.001,2,NULL,NULL,,1,1,2,7,255,,250,0,0
stim,478,478,1,2333999.381,-0.986,-0.023,0.087,-0.142,0,0,4,293,1214,555,0,696,95,0.004,451,0,20.951,0.720,18.420,8.900,4.520,-0.124,-0.126,1.001,0.122,-0.710,0.168,0.014,0.000,0.007,0.001,2,NULL,NULL,,1,1,2,7,255,,250,0,0
stim,478,478,1,2334004.382,-0.986,-0.022,0.087,-0.142,0,0,8,311,1182,569,0,697,95,0.004,451,0,24.250,0.710,21.280,10.860,4.160,-0.120,-0.110,0.998,0.242,-0.668,0.130,0.016,0.002,0.007,0.001,2,NULL,NULL,,1,1,2,7,255,,250,0,0
stim,478,478,1,2334009.381,-0.986,-0.021,0.088,-0.142,0,0,8,331,1317,556,0,691,95,0.004,451,0,26.561,0.597,23.540,11.960,2.880,-0.130,-0.102,0.995,0.242,-0.546,0.084,0.020,0.004,0.007,0.001,2,NULL,NULL,,1,1,2,7,255,,250,0,0
stim,478,478,1,2334014.382,-0.986,-0.020,0.088,-0.142,77,0,2,343,1359,551,0,684,95,0.004,451,0,28.339,0.519,25.260,12.560,2.700,-0.153,-0.084,0.988,0.240,-0.460,0.066,0.022,0.008,0.007,0.001,2,NULL,NULL,,1,1,2,7,255,,250,0,0
stim,494,494,1,2334049.381,-0.986,-0.011,0.091,-0.141,486,0,7,823,1461,535,0,651,95,0.004,451,0,25.509,0.607,22.200,10.500,6.900,-0.207,0.009,0.981,-0.164,0.584,0.002,0.042,0.022,0.007,0.001,2,NULL,NULL,,1,1,2,7,255,,250,0,0
stim,494,494,1,2334054.382,-0.986,-0.009,0.091,-0.141,551,0,2,872,1421,533,0,649,95,0.004,451,0,23.343,0.600,20.360,9.400,6.480,-0.199,0.013,0.973,-0.152,0.580,-0.096,0.042,0.024,0.007,0.001,2,NULL,NULL,,1,1,2,7,255,,250,0,0
stim,494,494,1,2334059.381,-0.986,-0.009,0.091,-0.141,614,0,9,912,1319,529,0,629,97,0.004,452,0,20.704,0.582,18.040,8.300,5.860,-0.188,-0.003,0.973,-0.094,0.574,-0.096,0.042,0.022,0.007,0.001,1,386.000,NULL,,1,1,2,7,255,,250,0,0
stim,494,494,1,2334064.382,-0.986,-0.008,0.091,-0.141,654,0,4,957,1251,519,0,617,97,0.004,452,0,18.837,0.386,16.460,7.500,5.260,-0.196,-0.011,0.988,-0.094,0.374,-0.096,0.042,0.022,0.007,0.001,1,NULL,NULL,,1,1,2,7,255,,250,0,0
stim,558,558,1,2334069.382,-0.986,-0.007,0.092,-0.141,722,0,7,1033,1727,508,0,615,97,0.004,452,0,17.220,0.327,15.060,6.580,5.140,-0.197,-0.010,0.984,-0.104,0.310,0.020,0.040,0.020,0.007,0.001,1,NULL,NULL,,1,1,2,7,255,,250,0,0
stim,558,558,1,2334074.381,-0.986,-0.006,0.092,-0.140,749,0,8,1080,2144,493,0,604,97,0.004,452,0,15.230,0.321,13.160,5.740,5.080,-0.193,-0.011,0.988,-0.104,0.304,0.056,0.040,0.020,0.007,0.001,1,NULL,NULL,,1,1,2,7,255,,250,0,0
stim,558,558,1,2334079.381,-0.986,-0.006,0.092,-0.140,798,0,10,1101,1784,483,0,596,97,0.004,452,0,14.082,0.280,12.120,5.120,5.020,-0.187,-0.020,0.992,-0.074,0.270,0.058,0.038,0.018,0.007,0.001,1,NULL,NULL,,1,1,2,7,255,,250,0,0
stim,558,558,1,2334084.381,-0.986,-0.005,0.092,-0.140,871,0,9,1114,1580,483,0,605,97,0.004,452,0,13.884,0.155,11.940,5.000,5.020,-0.183,-0.031,0.989,-0.028,0.152,0.058,0.038,0.016,0.007,0.001,1,NULL,NULL,,1,1,2,7,255,,250,0,0
stim,590,590,0,2334144.381,-0.986,0.002,0.093,-0.138,1257,0,8,1511,1481,419,0,537,97,0.004,452,1,12.556,0.057,10.900,5.000,3.720,-0.182,-0.009,0.983,0.036,0.044,-0.066,0.032,0.006,0.007,0.001,2,NULL,NULL,,1,0,2,7,255,,250,0,0
stim,590,590,0,2334149.381,-0.986,0.003,0.093,-0.138,1293,0,13,1536,1541,421,0,517,97,0.004,452,1,11.803,0.082,10.120,5.060,3.360,-0.179,-0.008,0.984,0.036,0.074,-0.010,0.034,0.006,0.007,0.001,2,NULL,NULL,,1,0,2,7,255,,250,0,0
stim,590,590,0,2334154.382,-0.986,0.003,0.093,-0.138,1338,0,12,1564,1491,431,0,503,97,0.004,452,1,11.174,0.083,9.500,5.060,3.000,-0.180,-0.010,0.982,0.038,0.074,-0.010,0.034,0.006,0.007,0.001,2,NULL,NULL,,1,0,2,7,255,,250,0,0
stim,590,590,0,2334159.381,-0.986,0.004,0.093,-0.138,1356,0,10,1581,1358,425,0,502,97,0.004,452,1,10.787,0.066,9.140,4.880,3.000,-0.182,-0.014,0.976,0.038,0.054,-0.016,0.034,0.006,0.007,0.001,2,NULL,NULL,,1,0,2,7,255,,250,0,0
stim,590,590,0,2334164.382,-0.986,0.004,0.093,-0.138,1367,0,20,1593,1333,426,0,520,97,0.004,452,1,9.645,0.054,8.160,4.260,2.880,-0.188,-0.010,0.976,-0.002,0.054,-0.062,0.034,0.006,0.007,0.001,2,NULL,NULL,,1,0,2,7,255,,250,0,0
stim,670,670,0,2334169.382,-0.986,0.005,0.093,-0.138,1384,0,11,1613,1251,418,0,495,97,0.004,452,1,8.165,0.071,6.880,3.840,2.140,-0.194,-0.007,0.987,-0.044,0.056,-0.062,0.034,0.004,0.007,0.001,2,NULL,NULL,,1,0,2,7,255,,250,0,0
stim,670,670,0,2334174.381,-0.986,0.005,0.094,-0.138,1430,0,9,1627,1159,410,0,493,97,0.004,452,1,8.211,0.071,6.760,3.840,2.640,-0.183,-0.019,0.982,-0.044,0.056,-0.010,0.034,0.004,0.007,0.001,2,NULL,NULL,,1,0,2,7,255,,250,0,0
stim,670,670,0,2334179.381,-0.986,0.005,0.094,-0.138,1459,0,10,1640,1085,409,0,500,97,0.004,452,1,8.291,0.082,6.760,3.840,2.880,-0.183,-0.001,0.985,-0.004,0.082,0.016,0.034,0.004,0.007,0.001,2,NULL,NULL,,1,0,2,7,255,,250,0,0
stim,670,670,0,2334184.381,-0.986,0.006,0.094,-0.138,1455,0,0,1658,1081,409,0,495,97,0.004,452,1,5.801,0.098,5.040,2.740,0.860,-0.198,0.003,0.989,-0.004,0.098,0.016,0.034,0.004,0.007,0.001,2,NULL,NULL,,1,0,2,7,255,,250,0,0
stim,670,670,0,2334189.381,-0.986,0.006,0.094,-0.138,1464,0,9,1668,1047,407,0,500,97,0.004,452,1,5.866,0.124,4.860,2.680,1.900,-0.185,-0.042,0.975,-0.076,0.098,0.016,0.034,0.002,0.007,0.001,2,NULL,NULL,,1,0,2,7,255,,250,0,0
stim,687,687,0,2334194.381,-0.986,0.006,0.094,-0.138,1497,0,10,1683,1061,409,0,502,97,0.004,452,1,7.096,0.115,5.240,3.220,3.540,-0.181,0.000,0.984,-0.076,0.086,-0.002,0.032,0.002,0.007,0.001,2,NULL,NULL,,1,0,2,7,255,,250,0,0
stim,687,687,0,2334199.381,-0.986,0.006,0.094,-0.138,1499,0,11,1681,1391,405,0,496,97,0.004,452,1,3.364,0.100,2.920,1.580,-0.540,-0.200,0.012,0.996,-0.052,0.086,-0.002,0.032,0.002,0.007,0.001,2,NULL,NULL,,1,0,2,7,255,,250,0,0
stim,687,687,0,2334204.382,-0.986,0.006,0.094,-0.137,1511,0,13,1692,1413,403,0,498,97,0.004,452,1,5.218,0.100,3.820,2.240,2.760,-0.175,-0.061,0.968,-0.052,0.086,-0.002,0.032,0.000,0.007,0.001,2,NULL,NULL,,1,0,2,7,255,,250,0,0
stim,688,688,0,2334209.381,-0.986,0.007,0.094,-0.137,1513,0,9,1698,1351,400,0,501,97,0.004,452,1,4.361,0.240,2.980,2.180,2.320,-0.182,0.024,0.997,-0.052,0.234,0.124,0.032,0.000,0.007,0.001,2,NULL,NULL,,1,0,2,7,255,,250,0,0
stim,688,688,0,2334214.382,-0.986,0.007,0.094,-0.137,1517,0,12,1695,1497,403,0,483,97,0.004,452,1,3.150,0.086,2.480,1.280,-1.460,-0.196,-0.018,0.981,-0.068,-0.052,0.004,0.000,0.000,0.007,0.001,2,NULL,NULL,,1,0,2,7,255,,250,0,0
stim,734,734,0,2334219.382,-0.986,0.007,0.094,-0.137,1517,0,17,1699,1339,380,0,485,97,0.004,452,1,4.661,0.092,2.240,1.820,3.660,-0.167,-0.038,0.970,0.076,-0.052,0.004,0.000,0.000,0.007,0.001,2,NULL,NULL,,1,0,2,7,255,,250,0,0
stim,734,734,0,2334224.381,-0.986,0.007,0.094,-0.137,1511,0,11,1700,1305,378,0,481,97,0.004,452,1,2.209,0.061,1.440,1.400,-0.920,-0.205,0.033,1.000,-0.032,-0.052,0.004,0.000,0.000,0.007,0.001,2,NULL,NULL,,1,0,2,7,255,,250,0,0
stim,734,734,0,2334229.381,-0.986,0.007,0.094,-0.137,1518,0,9,1696,1329,381,0,483,97,0.004,452,1,1.851,0.309,1.140,1.080,0.980,-0.167,-0.053,0.964,0.018,-0.308,-0.158,0.000,0.000,0.007,0.001,2,NULL,NULL,,1,0,2,7,255,,250,0,0
stim,769,769,0,2334264.382,-0.986,0.007,0.094,-0.137,1480,0,11,1693,1363,401,0,489,97,0.004,452,1,2.678,0.179,1.440,0.720,2.140,-0.149,-0.006,0.917,0.172,-0.048,-0.504,0.000,0.000,0.007,0.001,2,NULL,NULL,,1,0,2,7,255,,250,0,0
stim,799,799,0,2334269.382,-0.986,0.006,0.094,-0.138,1469,0,12,1691,1295,396,0,489,97,0.004,452,1,10.072,0.272,-8.260,-1.960,-5.420,-0.223,-0.029,1.048,-0.268,-0.048,0.638,0.000,0.000,0.007,0.001,2,NULL,NULL,,1,0,2,7,255,,250,0,0
stim,799,799,0,2334274.381,-0.986,0.007,0.094,-0.138,1467,0,13,1669,1247,404,0,507,97,0.004,452,1,3.341,0.098,2.660,0.060,2.020,-0.174,0.013,0.941,0.086,-0.048,-0.428,0.000,0.000,0.007,0.001,2,NULL,NULL,,1,0,2,7,255,,250,0,0
stim,799,799,0,2334279.381,-0.986,0.006,0.093,-0.138,1448,0,12,1663,1227,403,0,499,97,0.004,452,1,10.415,0.129,-9.540,-1.780,-3.780,-0.171,-0.037,0.993,0.074,-0.106,0.076,0.000,0.000,0.007,0.001,2,NULL,NULL,,1,0,2,7,255,,250,0,0
stim,799,799,0,2334284.381,-0.986,0.006,0.094,-0.138,1423,0,13,1654,1171,404,0,496,97,0.004,452,1,2.271,0.204,-0.820,-1.340,-1.640,-0.233,0.002,1.022,0.074,0.190,0.076,0.000,0.000,0.007,0.001,2,NULL,NULL,,1,0,2,7,255,,250,0,0
stim,799,799,0,2334289.381,-0.986,0.006,0.093,-0.138,1405,0,8,1637,1191,413,0,493,97,0.004,452,1,4.797,0.094,-4.480,-1.460,-0.900,-0.131,-0.004,0.912,0.074,-0.058,0.076,0.000,0.000,0.007,0.001,2,NULL,NULL,,1,0,2,7,255,,250,0,0
stim,799,799,0,2334294.381,-0.986,0.006,0.093,-0.138,1383,0,9,1623,1273,413,0,495,97,0.004,452,1,10.215,0.345,-9.120,-2.440,-3.900,-0.230,-0.039,1.057,-0.340,-0.058,0.462,0.000,0.000,0.007,0.001,2,NULL,NULL,,1,0,2,7,255,,250,0,0
stim,894,894,0,2334399.381,-0.986,-0.004,0.090,-0.140,541,0,2,953,949,503,0,603,97,0.004,452,1,15.285,0.011,-14.060,-4.280,-4.200,-0.181,-0.029,0.987,-0.008,0.008,0.010,0.000,0.000,0.007,0.001,2,NULL,NULL,,1,0,2,7,255,,250,0,0
stim,894,894,0,2334404.382,-0.986,-0.004,0.090,-0.140,531,0,3,922,1062,535,0,625,97,0.004,452,1,15.710,0.033,-14.600,-4.400,-3.780,-0.171,-0.033,0.981,-0.008,-0.032,0.010,0.000,0.000,0.007,0.001,2,NULL,NULL,,1,0,2,7,255,,250,0,0
stim,894,894,0,2334409.381,-0.986,-0.005,0.090,-0.140,501,0,1,903,1178,535,0,631,97,0.004,452,1,16.124,0.015,-14.980,-4.460,-3.960,-0.174,-0.033,0.990,0.006,-0.014,0.032,0.000,0.000,0.007,0.001,2,NULL,NULL,,1,0,2,7,255,,250,0,0
stim,894,894,0,2334414.382,-0.986,-0.006,0.090,-0.140,488,0,3,875,1190,530,0,638,97,0.004,452,1,16.055,0.038,-14.840,-4.460,-4.200,-0.171,-0.036,0.987,0.018,-0.034,0.018,0.000,0.000,0.007,0.001,2,NULL,NULL,,1,0,2,7,255,,250,0,0
stim,942,942,0,2334449.433,-0.986,-0.011,0.089,-0.141,269,0,0,633,1051,539,0,659,97,0.004,452,1,17.316,0.038,-16.080,-5.060,-3.960,-0.167,-0.042,0.981,-0.024,0.030,0.034,0.000,0.000,0.007,0.001,2,NULL,NULL,,1,0,2,7,255,,250,0,0
stim,942,942,0,2334454.433,-0.986,-0.011,0.089,-0.141,247,0,1,599,1349,539,0,661,97,0.004,452,1,17.790,0.017,-16.560,-5.060,-4.080,-0.168,-0.046,0.986,0.016,-0.006,0.010,0.000,0.000,0.007,0.001,2,NULL,NULL,,1,0,2,7,255,,250,0,0
stim,942,942,0,2334459.435,-0.986,-0.012,0.088,-0.141,223,0,0,582,1563,544,0,665,97,0.004,452,1,17.975,0.017,-16.740,-5.120,-4.080,-0.174,-0.045,0.994,0.016,-0.006,0.010,0.000,0.000,0.007,0.001,2,NULL,NULL,,1,0,2,7,255,,250,0,0
stim,942,942,0,2334464.435,-0.986,-0.013,0.088,-0.141,205,0,1,545,1557,548,0,668,97,0.004,452,1,17.454,0.029,-16.200,-5.240,-3.840,-0.172,-0.044,0.989,-0.016,0.024,0.044,0.000,0.000,0.007,0.001,2,NULL,NULL,,1,0,2,7,255,,250,0,0
stim,974,974,0,2334469.434,-0.986,-0.014,0.088,-0.141,167,0,1,527,1448,552,0,678,97,0.004,452,1,17.491,0.029,-16.320,-5.120,-3.660,-0.164,-0.054,0.983,-0.016,0.024,0.044,0.000,0.000,0.007,0.001,2,NULL,NULL,,1,0,2,7,255,,250,0,0
stim,990,990,1,2334504.433,-0.986,-0.019,0.087,-0.141,0,0,0,427,1148,568,0,685,97,0.008,452,0,13.894,0.155,-13.380,-3.420,-1.520,-0.153,-0.078,0.990,0.028,-0.152,0.024,0.000,0.000,0.008,0.003,2,NULL,NULL,,1,1,2,7,255,,250,0,0
stim,990,990,1,2334509.433,-0.986,-0.019,0.087,-0.141,0,0,4,411,1176,569,0,688,97,0.008,452,0,12.885,0.220,-12.460,-2.940,-1.460,-0.147,-0.086,0.989,0.058,-0.212,0.024,0.000,0.000,0.008,0.003,2,NULL,NULL,,1,1,2,7,255,,250,0,0
stim,990,990,1,2334514.435,-0.986,-0.020,0.087,-0.141,0,0,1,391,1242,567,0,693,97,0.008,452,0,11.524,0.303,-11.240,-2.320,-1.040,-0.150,-0.091,0.998,0.064,-0.296,0.036,0.000,0.002,0.008,0.003,2,NULL,NULL,,1,1,2,7,255,,250,0,0
stim,990,990,1,2334519.433,-0.986,-0.020,0.087,-0.141,0,0,2,377,1307,552,0,695,97,0.008,452,0,9.279,0.303,-9.120,-1.660,-0.420,-0.151,-0.089,0.995,0.064,-0.296,0.090,0.000,0.002,0.008,0.003,2,NULL,NULL,,1,1,2,7,255,,250,0,0
stim,990,990,1,2334524.433,-0.986,-0.021,0.087,-0.141,0,0,0,377,1383,551,0,692,97,0.008,452,0,7.723,0.292,-7.640,-1.100,0.260,-0.150,-0.089,0.993,0.060,-0.286,0.090,0.000,0.002,0.008,0.003,2,NULL,NULL,,1,1,2,7,255,,250,0,0
stim,990,990,1,2334529.433,-0.986,-0.021,0.087,-0.141,0,0,0,373,1408,553,0,697,97,0.008,452,0,6.464,0.292,-6.360,-0.360,1.100,-0.142,-0.104,0.987,0.060,-0.286,0.072,0.000,0.002,0.008,0.003,2,NULL,NULL,,1,1,2,7,255,,250,0,0
stim,1038,1038,1,2334569.434,-0.986,-0.021,0.087,-0.141,0,0,6,352,1384,555,0,686,97,0.008,452,0,15.271,1.490,12.860,6.720,4.760,-0.010,-0.163,0.884,0.976,-1.126,-1.160,0.002,0.006,0.008,0.003,2,NULL,NULL,,1,1,2,7,255,,250,0,0
stim,1038,1038,1,2334574.433,-0.986,-0.020,0.087,-0.140,0,0,7,349,1372,557,0,692,97,0.008,452,0,15.400,0.529,13.040,7.820,2.440,-0.233,-0.054,1.076,-0.460,-0.262,0.980,0.002,0.006,0.008,0.003,2,NULL,NULL,,1,1,2,7,255,,250,0,0
stim,1038,1038,1,2334579.433,-0.986,-0.020,0.087,-0.140,61,0,4,373,1351,555,0,692,97,0.008,452,0,15.182,1.154,12.440,8.420,2.200,-0.103,-0.163,0.963,0.262,-1.124,-0.248,0.002,0.006,0.008,0.003,2,NULL,NULL,,1,1,2,7,255,,250,0,0
stim,1038,1038,1,2334584.433,-0.986,-0.019,0.087,-0.140,107,0,8,389,1295,552,0,685,97,0.008,452,0,22.062,0.584,19.140,9.460,5.560,-0.100,-0.096,0.971,0.262,-0.522,-0.226,0.002,0.004,0.008,0.003,2,NULL,NULL,,1,1,2,7,255,,250,0,0
stim,1038,1038,1,2334589.433,-0.986,-0.018,0.088,-0.140,152,0,6,407,1291,551,0,685,97,0.008,452,0,21.576,0.584,18.720,10.500,2.200,-0.207,-0.063,1.044,0.262,-0.522,-0.226,0.004,0.004,0.008,0.003,2,NULL,NULL,,1,1,2,7,255,,250,0,0
stim,1038,1038,1,2334594.433,-0.986,-0.018,0.088,-0.140,160,0,2,423,1297,552,0,684,97,0.008,452,0,22.052,0.519,18.720,11.040,3.740,-0.145,-0.105,0.991,0.086,-0.512,0.050,0.004,0.004,0.008,0.003,2,NULL,NULL,,1,1,2,7,255,,250,0,0
stim,1054,1054,1,2334599.433,-0.986,-0.017,0.088,-0.140,239,0,7,455,1225,538,0,675,97,0.008,452,0,25.409,0.519,22.560,11.160,3.480,-0.123,-0.098,0.982,0.086,-0.512,0.050,0.004,0.004,0.008,0.003,2,NULL,NULL,,1,1,2,7,255,,250,0,0
stim,1054,1054,1,2334604.433,-0.986,-0.016,0.089,-0.140,316,0,3,484,1203,549,0,675,97,0.008,452,0,28.051,0.519,25.060,11.960,3.980,-0.169,-0.057,0.991,0.086,-0.512,0.050,0.004,0.004,0.008,0.003,2,NULL,NULL,,1,1,2,7,255,,250,0,0
stim,1054,1054,1,2334609.435,-0.986,-0.014,0.089,-0.140,347,0,9,563,1184,549,0,669,97,0.008,452,0,27.809,0.040,24.760,11.780,4.640,-0.206,-0.017,1.002,-0.004,-0.040,0.058,0.006,0.004,0.008,0.003,2,NULL,NULL,,1,1,2,7,255,,250,0,0
stim,1054,1054,1,2334614.433,-0.986,-0.013,0.089,-0.140,424,0,8,624,1127,539,0,659,97,0.008,452,0,26.401,0.467,23.900,10.440,4.100,-0.234,0.012,1.012,-0.216,0.414,0.212,0.006,0.002,0.008,0.003,2,NULL,NULL,,1,1,2,7,255,,250,0,0
stim,1102,1102,1,2334649.433,-0.986,-0.007,0.091,-0.139,701,0,10,1016,1007,504,0,614,97,0.008,452,0,15.771,0.342,13.400,6.720,4.900,-0.193,-0.015,0.982,-0.108,0.324,-0.002,0.026,0.016,0.008,0.003,2,NULL,NULL,,1,1,2,7,255,,250,0,0
stim,1102,1102,1,2334654.434,-0.986,-0.006,0.091,-0.139,751,0,5,1055,971,497,0,603,97,0.008,452,0,14.726,0.267,12.180,6.340,5.320,-0.188,-0.022,0.986,-0.108,0.244,0.028,0.030,0.018,0.008,0.003,2,NULL,NULL,,1,1,2,7,255,,250,0,0
stim,1102,1102,1,2334659.433,-0.986,-0.005,0.091,-0.138,810,0,5,1093,955,479,0,623,97,0.008,452,0,13.854,0.165,11.340,5.920,5.320,-0.185,-0.029,0.990,-0.072,0.148,0.028,0.034,0.022,0.008,0.003,2,NULL,NULL,,1,1,2,7,255,,250,0,0
stim,1102,1102,1,2334664.434,-0.986,-0.005,0.091,-0.138,891,0,5,1108,989,487,0,616,97,0.008,452,0,13.559,0.075,11.220,5.560,5.200,-0.178,-0.037,0.989,-0.050,0.056,0.048,0.036,0.026,0.008,0.003,2,NULL,NULL,,1,1,2,7,255,,250,0,0
stim,1187,1187,1,2334669.434,-0.986,-0.004,0.092,-0.138,945,0,5,1125,1041,485,0,605,98,0.008,453,0,13.442,0.042,11.340,5.300,4.900,-0.176,-0.040,0.991,-0.006,-0.042,0.062,0.040,0.028,0.008,0.003,1,693.000,NULL,,1,1,2,7,255,,250,0,0
stim,1187,1187,1,2334674.433,-0.986,-0.004,0.092,-0.138,981,0,7,1151,1052,456,0,599,98,0.008,453,0,13.638,0.088,11.760,5.060,4.700,-0.175,-0.042,0.988,0.002,-0.088,0.048,0.042,0.030,0.008,0.003,1,NULL,NULL,,1,1,2,7,255,,250,0,0
stim,1187,1187,1,2334679.433,-0.986,-0.003,0.092,-0.138,1006,0,11,1172,989,470,0,601,98,0.008,453,0,13.739,0.118,12.000,4.820,4.640,-0.175,-0.041,0.989,0.006,-0.118,0.046,0.044,0.032,0.008,0.003,1,NULL,NULL,,1,1,2,7,255,,250,0,0
stim,1187,1187,1,2334684.433,-0.986,-0.003,0.092,-0.138,1019,0,10,1200,899,467,0,573,98,0.008,453,0,14.092,0.122,12.380,4.820,4.700,-0.173,-0.045,0.989,0.008,-0.122,0.042,0.046,0.034,0.008,0.003,1,NULL,NULL,,1,1,2,7,255,,250,0,0
stim,1187,1187,1,2334689.433,-0.986,-0.002,0.092,-0.137,1017,0,3,1240,923,461,0,578,98,0.008,453,0,14.390,0.122,12.740,4.820,4.640,-0.179,-0.039,0.991,0.006,-0.122,0.046,0.048,0.034,0.008,0.003,1,NULL,NULL,,1,1,2,7,255,,250,0,0
stim,1187,1187,1,2334694.433,-0.986,-0.002,0.092,-0.137,1033,0,10,1275,903,453,0,567,98,0.008,453,0,14.662,0.115,12.980,4.940,4.700,-0.178,-0.036,0.984,-0.016,-0.114,0.042,0.048,0.034,0.008,0.003,1,NULL,NULL,,1,1,2,7,255,,250,0,0
stim,1187,1187,1,2334699.433,-0.986,-0.001,0.092,-0.137,1043,0,11,1304,889,453,0,574,98,0.008,453,0,14.523,0.103,12.800,5.000,4.700,-0.177,-0.034,0.984,-0.016,-0.102,0.002,0.046,0.032,0.008,0.003,1,NULL,NULL,,1,1,2,7,255,,250,0,0
stim,1187,1187,1,2334704.433,-0.986,-0.000,0.092,-0.137,1106,0,10,1349,937,445,0,568,98,0.008,453,0,14.599,0.094,12.860,5.120,4.640,-0.175,-0.029,0.981,0.004,-0.094,-0.006,0.044,0.030,0.008,0.003,1,NULL,NULL,,1,1,2,7,255,,250,0,0
stim,1187,1187,1,2334709.434,-0.986,0.000,0.092,-0.137,1141,0,6,1381,1063,437,0,565,98,0.008,453,0,14.340,0.072,12.740,5.000,4.280,-0.176,-0.022,0.981,0.024,-0.068,-0.034,0.042,0.028,0.008,0.003,1,NULL,NULL,,1,1,2,7,255,,250,0,0
stim,1187,1187,1,2334714.434,-0.986,0.001,0.092,-0.137,1207,0,16,1439,1191,432,0,555,98,0.008,453,0,14.007,0.041,12.440,5.060,3.980,-0.176,-0.016,0.977,0.040,-0.010,-0.040,0.040,0.026,0.008,0.003,1,NULL,NULL,,1,1,2,7,255,,250,0,0
stim,1268,1268,0,2334769.435,-0.986,0.005,0.093,-0.136,1453,0,10,1661,1301,390,0,471,98,0.008,453,1,5.871,0.040,4.920,2.740,1.660,-0.186,-0.007,0.983,-0.002,0.040,-0.006,0.030,0.010,0.008,0.003,2,NULL,NULL,,1,0,2,7,255,,250,0,0
stim,1268,1268,0,2334774.433,-0.986,0.006,0.093,-0.136,1430,0,10,1683,1325,383,0,486,98,0.008,453,1,5.309,0.040,4.380,2.500,1.660,-0.186,-0.008,0.984,-0.002,0.040,0.000,0.030,0.010,0.008,0.003,2,NULL,NULL,,1,0,2,7,255,,250,0,0
stim,1268,1268,0,2334779.433,-0.986,0.006,0.093,-0.136,1395,0,10,1677,1317,373,0,458,98,0.008,453,1,4.468,0.034,3.520,2.320,1.480,-0.186,-0.009,0.985,-0.002,0.034,0.004,0.030,0.010,0.008,0.003,2,NULL,NULL,,1,0,2,7,255,,250,0,0
stim,1268,1268,0,2334784.433,-0.986,0.006,0.093,-0.136,1387,0,9,1685,1337,389,0,471,98,0.008,453,1,3.974,0.020,3.040,2.180,1.340,-0.184,-0.014,0.986,-0.002,0.020,0.020,0.030,0.010,0.008,0.003,2,NULL,NULL,,1,0,2,7,255,,250,0,0
stim,1296,1296,0,2334789.433,-0.986,0.006,0.094,-0.136,1440,0,8,1687,1263,404,0,476,98,0.008,453,1,3.499,0.029,2.720,1.940,1.040,-0.188,-0.021,0.986,-0.006,-0.028,0.026,0.030,0.010,0.008,0.003,2,NULL,NULL,,1,0,2,7,255,,250,0,0
stim,1296,1296,0,2334794.433,-0.986,0.006,0.094,-0.135,1471,0,13,1688,1391,403,0,483,98,0.008,453,1,3.415,0.106,2.660,1.760,1.220,-0.188,-0.024,0.981,-0.050,-0.094,0.026,0.032,0.010,0.008,0.003,2,NULL,NULL,,1,0,2,7,255,,250,0,0
stim,1296,1296,0,2334799.433,-0.986,0.006,0.094,-0.135,1494,0,9,1704,1415,403,0,476,98,0.008,453,1,3.352,0.113,2.360,1.580,1.780,-0.186,-0.022,0.975,-0.056,-0.098,-0.018,0.032,0.010,0.008,0.003,2,NULL,NULL,,1,0,2,7,255,,250,0,0
stim,1296,1296,0,2334804.434,-0.986,0.006,0.094,-0.135,1498,0,16,1703,1336,396,0,475,98,0.008,453,1,2.689,0.113,1.700,1.260,1.660,-0.180,0.001,0.978,-0.056,-0.098,-0.068,0.032,0.010,0.008,0.003,2,NULL,NULL,,1,0,2,7,255,,250,0,0
stim,1296,1296,0,2334809.433,-0.986,0.007,0.093,-0.135,1463,0,11,1703,1307,394,0,473,98,0.008,453,1,1.251,0.121,0.660,1.020,-0.300,-0.180,0.021,0.993,0.068,0.100,-0.068,0.032,0.010,0.008,0.003,2,NULL,NULL,,1,0,2,7,255,,250,0,0
stim,1296,1296,0,2334814.434,-0.986,0.007,0.093,-0.135,1459,0,11,1703,1255,391,0,472,98,0.008,453,1,2.068,0.121,-0.020,1.260,-1.640,-0.188,-0.017,0.994,0.068,0.100,0.080,0.032,0.010,0.008,0.003,2,NULL,NULL,,1,0,2,7,255,,250,0,0
stim,1358,1358,0,2334869.434,-0.986,0.005,0.093,-0.136,1341,0,10,1631,1349,411,0,503,98,0.008,453,1,5.450,0.563,-2.880,-2.980,-3.540,-0.257,0.085,1.051,-0.306,0.472,0.744,0.026,0.000,0.008,0.003,2,NULL,NULL,,1,0,2,7,255,,250,0,0
stim,1358,1358,0,2334874.433,-0.986,0.004,0.093,-0.136,1335,0,9,1622,1301,409,0,503,98,0.008,453,1,8.992,0.860,-8.200,-1.280,-3.460,-0.143,-0.095,0.951,0.098,-0.854,-0.378,0.026,0.000,0.008,0.003,2,NULL,NULL,,1,0,2,7,255,,250,0,0
stim,1358,1358,0,2334879.433,-0.986,0.005,0.093,-0.136,1307,0,11,1594,1239,409,0,501,98,0.008,453,1,3.091,0.462,-1.720,-2.440,0.800,-0.198,0.032,0.986,-0.014,0.462,0.044,0.026,0.000,0.008,0.003,2,NULL,NULL,,1,0,2,7,255,,250,0,0
stim,1358,1358,0,2334884.433,-0.986,0.004,0.093,-0.136,1273,0,8,1581,1173,407,0,499,98,0.008,453,1,11.511,0.214,-9.900,-2.260,-5.420,-0.196,-0.040,1.012,-0.014,-0.214,0.044,0.000,0.000,0.008,0.003,2,NULL,NULL,,1,0,2,7,255,,250,0,0
stim,1358,1358,0,2334889.433,-0.986,0.004,0.092,-0.136,1237,0,8,1564,1159,417,0,487,98,0.008,453,1,3.415,0.018,-2.040,-2.580,0.920,-0.155,-0.010,0.945,-0.014,-0.012,0.044,0.000,0.000,0.008,0.003,2,NULL,NULL,,1,0,2,7,255,,250,0,0
stim,1358,1358,0,2334894.433,-0.986,0.004,0.092,-0.136,1176,0,9,1534,1163,412,0,491,98,0.008,453,1,11.507,0.139,-10.160,-2.440,-4.820,-0.213,-0.019,1.025,-0.138,-0.012,0.294,0.000,0.000,0.008,0.003,2,NULL,NULL,,1,0,2,7,255,,250,0,0
stim,1374,1374,0,2334899.433,-0.986,0.003,0.092,-0.136,1162,0,7,1511,1205,419,0,501,98,0.008,453,1,4.421,0.192,-3.320,-2.880,-0.480,-0.154,-0.019,0.953,0.192,-0.012,-0.352,0.000,0.000,0.008,0.003,2,NULL,NULL,,1,0,2,7,255,,250,0,0
stim,1374,1374,0,2334904.433,-0.986,0.003,0.092,-0.136,1105,0,6,1467,1163,409,0,480,98,0.008,453,1,10.444,0.104,-9.540,-2.440,-3.480,-0.195,-0.016,1.000,-0.098,0.036,0.178,0.000,0.000,0.008,0.003,2,NULL,NULL,,1,0,2,7,255,,250,0,0
stim,1374,1374,0,2334909.434,-0.986,0.003,0.092,-0.136,1079,0,4,1451,1117,411,0,487,98,0.008,453,1,6.860,0.052,-5.700,-3.120,-2.200,-0.178,-0.021,0.989,0.028,-0.044,0.038,0.000,0.000,0.008,0.003,2,NULL,NULL,,1,0,2,7,255,,250,0,0
stim,1374,1374,0,2334914.434,-0.986,0.002,0.092,-0.136,987,0,3,1427,1069,392,0,471,98,0.008,453,1,8.362,0.029,-7.640,-2.640,-2.140,-0.163,-0.013,0.958,0.028,0.006,0.038,0.000,0.000,0.008,0.003,2,NULL,NULL,,1,0,2,7,255,,250,0,0
stim,1406,1406,0,2334949.433,-0.986,-0.001,0.091,-0.137,767,0,3,1230,916,475,0,578,98,0.008,453,1,13.572,0.078,-12.400,-3.780,-4.020,-0.171,-0.041,0.994,0.034,0.070,-0.012,0.000,0.000,0.008,0.003,2,NULL,NULL,,1,0,2,7,255,,250,0,0
stim,1406,1406,0,2334954.434,-0.986,-0.001,0.091,-0.137,685,0,3,1195,937,471,0,585,98,0.008,453,1,11.401,0.071,-10.460,-3.420,-2.980,-0.183,-0.011,0.982,-0.010,0.070,-0.012,0.000,0.000,0.008,0.003,2,NULL,NULL,,1,0,2,7,255,,250,0,0
stim,1406,1406,0,2334959.433,-0.986,-0.002,0.090,-0.137,659,0,6,1169,955,490,0,592,98,0.008,453,1,12.969,0.100,-12.100,-3.540,-3.040,-0.170,-0.014,0.972,0.034,0.094,-0.018,0.000,0.000,0.008,0.003,2,NULL,NULL,,1,0,2,7,255,,250,0,0
stim,1406,1406,0,2334964.434,-0.986,-0.003,0.090,-0.137,602,0,5,1097,23,499,0,601,98,0.008,453,1,15.406,0.097,-14.300,-3.900,-4.200,-0.168,-0.052,0.994,0.024,0.094,-0.018,0.000,0.000,0.008,0.003,2,NULL,NULL,,1,0,2,7,255,,250,0,0
stim,1470,1470,0,2334969.434,-0.986,-0.003,0.090,-0.137,591,0,2,1056,319,496,0,604,98,0.008,453,1,13.264,0.052,-12.100,-3.720,-3.960,-0.188,-0.027,0.997,0.024,0.046,0.086,0.000,0.000,0.008,0.003,2,NULL,NULL,,1,0,2,7,255,,250,0,0
stim,1470,1470,0,2334974.433,-0.986,-0.004,0.090,-0.138,555,0,4,1017,119,499,0,616,98,0.008,453,1,13.006,0.048,-12.040,-3.720,-3.220,-0.177,-0.007,0.969,0.014,0.046,0.086,0.000,0.000,0.008,0.003,2,NULL,NULL,,1,0,2,7,255,,250,0,0
stim,1470,1470,0,2334979.433,-0.986,-0.004,0.090,-0.138,539,0,1,957,484,521,0,619,98,0.008,453,1,15.804,0.048,-14.840,-4.020,-3.660,-0.166,-0.042,0.983,0.014,0.046,-0.030,0.000,0.000,0.008,0.003,2,NULL,NULL,,1,0,2,7,255,,250,0,0
stim,1470,1470,0,2334984.433,-0.986,-0.005,0.090,-0.138,535,0,4,921,725,536,0,605,98,0.008,453,1,15.715,0.127,-14.600,-4.020,-4.200,-0.172,-0.055,1.003,0.014,-0.126,-0.030,0.000,0.000,0.008,0.003,2,NULL,NULL,,1,0,2,7,255,,250,0,0
stim,1470,1470,0,2334989.433,-0.986,-0.006,0.090,-0.138,518,0,2,903,873,542,0,623,98,0.008,453,1,13.988,0.126,-12.780,-3.960,-4.080,-0.182,-0.026,0.987,-0.010,-0.126,0.034,0.000,0.000,0.008,0.003,2,NULL,NULL,,1,0,2,7,255,,250,0,0
stim,1502,1502,0,2335039.433,-0.986,-0.012,0.088,-0.139,267,0,0,603,859,547,0,663,98,0.008,453,1,14.791,0.057,-13.820,-3.960,-3.480,-0.169,-0.048,0.989,0.034,-0.046,0.006,0.000,0.000,0.008,0.003,2,NULL,NULL,,1,0,2,7,255,,250,0,0
stim,1502,1502,1,2335059.433,-0.986,-0.015,0.088,-0.139,200,0,0,512,861,551,0,669,98,0.008,453,0,13.500,0.066,-12.780,-3.600,-2.440,-0.161,-0.064,0.991,0.028,-0.060,0.046,0.000,0.000,0.008,0.003,2,NULL,NULL,,1,1,2,7,255,,250,0,0
stim,1502,1502,1,2335064.434,-0.986,-0.015,0.088,-0.139,183,0,3,499,875,549,0,676,98,0.008,453,0,12.714,0.129,-12.040,-3.360,-2.320,-0.163,-0.064,0.991,0.028,-0.126,0.046,0.000,0.000,0.008,0.003,2,NULL,NULL,,1,1,2,7,255,,250,0,0
stim,1566,1566,1,2335069.433,-0.986,-0.016,0.087,-0.139,123,0,4,493,1017,545,0,681,98,0.008,453,0,11.984,0.130,-11.380,-3.180,-2.000,-0.159,-0.064,0.988,0.032,-0.126,0.046,0.000,0.000,0.008,0.003,2,NULL,NULL,,1,1,2,7,255,,250,0,0
stim,1566,1566,1,2335074.433,-0.986,-0.016,0.087,-0.139,120,0,1,487,1064,555,0,679,98,0.008,453,0,11.453,0.133,-10.940,-2.860,-1.820,-0.158,-0.071,0.991,0.042,-0.126,0.044,0.000,0.000,0.008,0.003,2,NULL,NULL,,1,1,2,7,255,,250,0,0
stim,1566,1566,1,2335079.433,-0.986,-0.017,0.087,-0.139,105,0,3,479,1087,544,0,677,98,0.008,453,0,9.792,0.127,-9.420,-2.200,-1.520,-0.171,-0.067,0.993,0.042,-0.120,0.044,0.000,0.000,0.008,0.003,2,NULL,NULL,,1,1,2,7,255,,250,0,0
stim,1566,1566,1,2335084.433,-0.986,-0.017,0.087,-0.139,79,0,1,472,1079,551,0,685,98,0.008,453,0,8.959,0.177,-8.680,-2.120,-0.660,-0.152,-0.070,0.981,0.042,-0.172,0.044,0.000,0.000,0.008,0.003,2,NULL,NULL,,1,1,2,7,255,,250,0,0
stim,1566,1566,1,2335089.433,-0.986,-0.018,0.087,-0.139,0,0,5,469,891,549,0,678,98,0.008,453,0,10.336,0.191,-10.140,-2.000,-0.100,-0.133,-0.092,0.997,0.082,-0.172,0.078,0.000,0.000,0.008,0.003,2,NULL,NULL,,1,1,2,7,255,,250,0,0
stim,1586,1586,1,2335094.433,-0.986,-0.018,0.087,-0.139,0,0,3,458,759,549,0,683,98,0.008,453,0,5.278,0.191,-5.080,-0.300,-1.400,-0.184,-0.074,1.003,0.082,-0.172,0.078,0.000,0.000,0.008,0.003,2,NULL,NULL,,1,1,2,7,255,,250,0,0
stim,1586,1586,1,2335099.433,-0.986,-0.018,0.087,-0.139,0,0,4,457,672,555,0,680,98,0.008,453,0,6.945,0.472,-6.860,-1.080,-0.040,-0.110,-0.088,0.964,0.222,-0.416,0.078,0.000,0.000,0.008,0.003,2,NULL,NULL,,1,1,2,7,255,,250,0,0
stim,1586,1586,1,2335104.435,-0.986,-0.019,0.087,-0.139,0,0,2,457,629,561,0,693,98,0.008,453,0,5.156,0.311,-5.080,0.680,0.560,-0.199,-0.096,1.023,-0.188,-0.248,0.208,0.000,0.000,0.008,0.003,2,NULL,NULL,,1,1,2,7,255,,250,0,0
stim,1586,1586,1,2335109.433,-0.986,-0.019,0.087,-0.139,0,0,4,446,602,551,0,680,98,0.008,453,0,3.203,0.581,-3.200,0.140,0.020,-0.087,-0.097,0.962,0.388,-0.432,-0.282,0.000,0.000,0.008,0.003,2,NULL,NULL,,1,1,2,7,255,,250,0,0
stim,1586,1586,1,2335114.434,-0.986,-0.019,0.087,-0.139,0,0,0,446,1047,547,0,682,98,0.008,453,0,2.761,0.431,-1.060,2.260,1.180,-0.213,-0.087,1.022,-0.352,-0.248,0.438,0.000,0.000,0.008,0.003,2,NULL,NULL,,1,1,2,7,255,,250,0,0
stim,1616,1616,1,2335119.433,-0.986,-0.019,0.087,-0.139,0,0,5,435,1272,552,0,687,98,0.008,453,0,3.014,0.735,-2.760,1.040,0.620,-0.097,-0.113,0.973,0.466,-0.568,-0.198,0.000,0.000,0.008,0.003,2,NULL,NULL,,1,1,2,7,255,,250,0,0
stim,1616,1616,1,2335124.434,-0.986,-0.019,0.087,-0.139,0,0,2,439,1480,549,0,695,98,0.008,453,0,6.217,0.410,4.680,3.740,1.660,-0.145,-0.097,0.989,0.090,-0.400,0.022,0.000,0.000,0.008,0.003,2,NULL,NULL,,1,1,2,7,255,,250,0,0
stim,1616,1616,1,2335129.433,-0.986,-0.019,0.087,-0.139,63,0,0,441,1907,543,0,689,98,0.008,453,0,3.523,0.410,-0.260,3.240,1.360,-0.201,-0.084,1.018,0.090,-0.400,0.022,0.000,0.000,0.008,0.003,2,NULL,NULL,,1,1,2,7,255,,250,0,0
stim,1616,1616,1,2335134.433,-0.986,-0.019,0.087,-0.139,72,0,1,439,1787,554,0,681,98,0.008,453,0,6.184,0.410,4.560,3.720,1.900,-0.075,-0.126,0.956,0.090,-0.400,0.022,0.000,0.000,0.008,0.003,2,NULL,NULL,,1,1,2,7,255,,250,0,0
stim,1616,1616,1,2335139.433,-0.986,-0.019,0.087,-0.139,83,0,7,444,1813,550,0,687,98,0.008,453,0,9.412,0.212,7.420,5.380,2.140,-0.163,-0.082,1.010,0.002,-0.212,0.244,0.000,0.000,0.008,0.003,2,NULL,NULL,,1,1,2,7,255,,250,0,0
stim,1616,1616,1,2335144.433,-0.986,-0.019,0.087,-0.139,126,0,5,457,1641,544,0,678,98,0.008,453,0,8.478,0.330,6.200,5.620,1.360,-0.165,-0.094,0.999,0.002,-0.330,0.150,0.000,0.000,0.008,0.003,2,NULL,NULL,,1,1,2,7,255,,250,0,0
stim,1680,1680,1,2335169.434,-0.986,-0.016,0.088,-0.138,266,0,7,494,796,557,0,672,98,0.008,453,0,16.404,0.282,13.840,8.300,2.940,-0.155,-0.080,0.987,0.058,-0.276,0.022,0.000,0.000,0.008,0.003,2,NULL,NULL,,1,1,2,7,255,,250,0,0
stim,1680,1680,1,2335174.434,-0.986,-0.016,0.088,-0.138,317,0,8,525,715,557,0,671,98,0.008,453,0,17.166,0.282,14.560,8.540,3.120,-0.174,-0.055,0.989,0.058,-0.276,0.022,0.000,0.000,0.008,0.003,2,NULL,NULL,,1,1,2,7,255,,250,0,0
stim,1680,1680,1,2335179.433,-0.986,-0.015,0.089,-0.138,341,0,8,552,727,557,0,665,98,0.008,453,0,16.715,0.050,14.320,8.060,3.060,-0.182,-0.049,0.993,-0.050,0.002,0.044,0.000,0.000,0.008,0.003,2,NULL,NULL,,1,1,2,7,255,,250,0,0
stim,1680,1680,1,2335184.433,-0.986,-0.014,0.089,-0.138,363,0,4,589,875,544,0,665,98,0.008,453,0,17.113,0.110,14.940,7.640,3.360,-0.195,-0.032,0.999,-0.094,0.058,0.092,0.000,0.000,0.008,0.003,2,NULL,NULL,,1,1,2,7,255,,250,0,0
stim,1680,1680,1,2335189.433,-0.986,-0.014,0.089,-0.138,437,0,3,637,939,552,0,662,98,0.008,453,0,16.995,0.221,14.820,7.400,3.800,-0.183,-0.031,0.982,-0.094,0.200,0.092,0.000,0.000,0.008,0.003,2,NULL,NULL,,1,1,2,7,255,,250,0,0
stim,1680,1680,1,2335194.433,-0.986,-0.013,0.089,-0.138,459,0,2,702,1014,557,0,657,98,0.008,453,0,15.939,0.221,13.840,6.900,3.860,-0.187,-0.031,0.990,-0.094,0.200,0.064,0.000,0.000,0.008,0.003,2,NULL,NULL,,1,1,2,7,255,,250,0,0
stim,1680,1680,1,2335199.433,-0.986,-0.012,0.090,-0.138,473,0,3,785,943,551,0,657,98,0.008,453,0,15.506,0.211,13.400,6.600,4.160,-0.184,-0.023,0.984,-0.068,0.200,-0.002,0.000,0.000,0.008,0.003,2,NULL,NULL,,1,1,2,7,255,,250,0,0
stim,1680,1680,1,2335204.433,-0.986,-0.011,0.090,-0.138,493,0,3,797,989,541,0,648,98,0.008,453,0,14.191,0.231,12.180,6.060,4.040,-0.182,-0.024,0.981,-0.056,0.224,-0.002,0.000,0.000,0.008,0.003,2,NULL,NULL,,1,1,2,7,255,,250,0,0
stim,1680,1680,1,2335209.433,-0.986,-0.011,0.090,-0.138,503,0,6,829,1019,537,0,637,98,0.008,453,0,13.139,0.231,11.220,5.560,3.980,-0.184,-0.025,0.983,-0.056,0.224,-0.004,0.000,0.000,0.008,0.003,2,NULL,NULL,,1,1,2,7,255,,250,0,0
stim,1680,1680,1,2335214.434,-0.986,-0.010,0.090,-0.137,502,0,9,851,1022,537,0,635,98,0.008,453,0,12.459,0.211,10.540,5.320,3.980,-0.183,-0.026,0.984,-0.044,0.206,-0.004,0.000,0.000,0.008,0.003,2,NULL,NULL,,1,1,2,7,255,,250,0,0
stim,1774,1774,1,2335269.434,-0.986,-0.006,0.091,-0.136,693,0,5,1019,1162,487,0,615,98,0.008,453,0,11.363,0.048,9.860,4.400,3.540,-0.175,-0.032,0.983,0.004,-0.048,0.044,0.000,0.000,0.008,0.003,2,NULL,NULL,,1,1,2,7,255,,250,0,0
stim,1774,1774,1,2335274.434,-0.986,-0.005,0.091,-0.136,723,0,9,1041,1192,491,0,609,98,0.008,453,0,11.050,0.020,9.500,4.280,3.680,-0.171,-0.032,0.980,0.016,-0.012,-0.020,0.000,0.000,0.008,0.003,2,NULL,NULL,,1,1,2,7,255,,250,0,0
stim,1774,1774,1,2335279.433,-0.987,-0.005,0.091,-0.136,781,0,16,1080,1269,481,0,615,98,0.008,454,0,11.079,0.049,9.620,4.080,3.680,-0.166,-0.038,0.979,0.048,-0.012,-0.050,0.000,0.000,0.008,0.003,1,587.000,NULL,,1,1,2,7,255,,250,0,0
stim,1774,1774,1,2335284.433,-0.987,-0.004,0.091,-0.136,859,0,7,1116,1331,484,0,603,98,0.008,454,0,11.144,0.059,9.800,4.200,3.240,-0.173,-0.033,0.982,0.048,-0.034,-0.050,0.000,0.000,0.008,0.003,1,NULL,NULL,,1,1,2,7,255,,250,0,0
stim,1774,1774,1,2335289.433,-0.987,-0.004,0.091,-0.136,888,0,8,1143,1481,479,0,609,98,0.008,454,0,10.736,0.045,9.440,4.140,3.000,-0.178,-0.028,0.983,0.030,-0.034,-0.028,0.000,0.000,0.008,0.003,1,NULL,NULL,,1,1,2,7,255,,250,0,0
stim,1774,1774,1,2335294.433,-0.987,-0.003,0.092,-0.136,931,0,9,1171,1649,474,0,599,98,0.008,454,0,9.838,0.016,8.580,3.900,2.820,-0.181,-0.026,0.987,0.000,0.016,-0.012,0.000,0.000,0.008,0.003,1,NULL,NULL,,1,1,2,7,255,,250,0,0
stim,1774,1774,0,2335299.433,-0.987,-0.003,0.092,-0.135,949,0,6,1193,1430,472,0,591,98,0.008,454,0,9.140,0.038,7.920,3.720,2.640,-0.180,-0.021,0.988,0.000,0.038,0.030,0.000,0.000,0.008,0.003,1,NULL,NULL,,1,0,2,7,255,,250,0,0
stim,1774,1774,0,2335304.433,-0.987,-0.003,0.092,-0.135,969,0,10,1209,1261,471,0,591,98,0.008,454,0,8.854,0.051,7.740,3.540,2.440,-0.177,-0.022,0.980,0.010,0.050,0.030,0.000,0.000,0.008,0.003,1,NULL,NULL,,1,0,2,7,255,,250,0,0
stim,1774,1774,0,2335309.433,-0.987,-0.002,0.092,-0.135,1037,0,8,1241,1195,466,0,581,98,0.008,454,0,8.714,0.051,7.560,3.660,2.320,-0.182,-0.025,0.977,0.010,0.050,-0.044,0.000,0.000,0.008,0.003,1,NULL,NULL,,1,0,2,7,255,,250,0,0
stim,1774,1774,0,2335314.435,-0.987,-0.002,0.092,-0.135,1069,0,8,1267,1195,463,0,570,98,0.008,454,0,8.301,0.040,7.060,3.660,2.380,-0.182,-0.028,0.980,-0.034,0.022,-0.044,0.000,0.000,0.008,0.003,1,NULL,NULL,,1,0,2,7,255,,250,0,0
stim,1806,1806,0,2335349.433,-0.987,-0.000,0.092,-0.135,1139,0,8,1392,1603,445,0,571,98,0.008,454,1,4.564,0.012,3.760,2.200,1.360,-0.180,-0.025,0.988,-0.012,-0.002,0.036,0.000,0.000,0.008,0.003,2,NULL,NULL,,1,0,2,7,255,,250,0,0
stim,1806,1806,0,2335354.433,-0.987,0.000,0.092,-0.135,1135,0,9,1401,1596,447,0,573,98,0.008,454,1,4.436,0.020,3.640,2.140,1.360,-0.176,-0.024,0.983,0.004,-0.020,0.036,0.000,0.000,0.008,0.003,2,NULL,NULL,,1,0,2,7,255,,250,0,0
stim,1806,1806,0,2335359.433,-0.987,0.000,0.092,-0.135,1147,0,10,1407,1691,441,0,571,98,0.008,454,1,4.193,0.043,3.520,1.960,1.160,-0.175,-0.020,0.979,0.038,-0.020,-0.018,0.000,0.000,0.008,0.003,2,NULL,NULL,,1,0,2,7,255,,250,0,0
stim,1806,1806,0,2335364.436,-0.987,0.000,0.092,-0.135,1168,0,11,1419,1647,443,0,571,98,0.008,454,1,3.504,0.040,2.980,1.660,0.800,-0.181,-0.015,0.979,0.038,0.012,-0.052,0.000,0.000,0.008,0.003,2,NULL,NULL,,1,0,2,7,255,,250,0,0
stim,1870,1870,0,2335369.434,-0.987,0.001,0.092,-0.135,1189,0,9,1429,1679,443,0,575,98,0.008,454,1,2.720,0.013,2.300,1.340,0.560,-0.190,-0.023,0.979,0.006,0.012,-0.052,0.000,0.000,0.008,0.003,2,NULL,NULL,,1,0,2,7,255,,250,0,0
stim,1870,1870,0,2335374.433,-0.987,0.001,0.092,-0.135,1187,0,16,1426,1712,439,0,573,98,0.008,454,1,2.608,0.067,1.820,1.280,1.360,-0.184,-0.031,0.975,-0.066,0.012,-0.052,0.000,0.000,0.008,0.003,2,NULL,NULL,,1,0,2,7,255,,250,0,0
stim,1870,1870,0,2335379.433,-0.987,0.001,0.092,-0.135,1175,0,9,1435,1605,440,0,571,98,0.008,454,1,1.896,0.067,1.020,1.100,1.160,-0.170,-0.012,0.995,-0.066,0.012,-0.038,0.000,0.000,0.008,0.003,2,NULL,NULL,,1,0,2,7,255,,250,0,0
stim,1870,1870,0,2335384.433,-0.987,0.001,0.092,-0.135,1183,0,9,1435,1625,442,0,571,98,0.008,454,1,2.097,0.122,0.960,1.460,-1.160,-0.177,-0.008,1.006,0.106,0.060,0.080,0.000,0.000,0.008,0.003,2,NULL,NULL,,1,0,2,7,255,,250,0,0
stim,1870,1870,0,2335389.433,-0.987,0.001,0.092,-0.135,1199,0,10,1435,1914,439,0,573,98,0.008,454,1,2.876,0.122,2.000,2.020,0.440,-0.184,-0.041,0.952,0.106,0.060,0.080,0.000,0.000,0.008,0.003,2,NULL,NULL,,1,0,2,7,255,,250,0,0
stim,1886,1886,0,2335394.433,-0.987,0.001,0.092,-0.135,1183,0,11,1439,1913,441,0,571,98,0.008,454,1,2.385,0.132,-0.500,0.240,2.320,-0.190,-0.012,0.975,-0.084,0.102,-0.076,0.000,0.000,0.008,0.003,2,NULL,NULL,,1,0,2,7,255,,250,0,0
stim,1886,1886,0,2335399.433,-0.987,0.001,0.092,-0.135,1173,0,9,1435,2052,440,0,573,98,0.008,454,1,3.598,0.122,-2.400,-0.060,-2.680,-0.178,-0.009,1.028,-0.084,0.088,-0.076,0.000,0.000,0.008,0.003,2,NULL,NULL,,1,0,2,7,255,,250,0,0
stim,1886,1886,0,2335404.433,-0.987,0.001,0.092,-0.135,1195,0,9,1436,2085,445,0,574,98,0.008,454,1,3.942,0.112,2.720,2.680,0.980,-0.155,-0.044,0.927,0.070,0.088,-0.076,0.000,0.000,0.008,0.003,2,NULL,NULL,,1,0,2,7,255,,250,0,0
stim,1886,1886,0,2335409.433,-0.987,0.001,0.092,-0.135,1166,0,11,1433,1898,444,0,582,98,0.008,454,1,3.320,0.112,-3.060,-1.280,0.140,-0.231,0.020,1.029,0.070,0.088,0.414,0.000,0.000,0.008,0.003,2,NULL,NULL,,1,0,2,7,255,,250,0,0
stim,1886,1886,0,2335414.435,-0.987,0.001,0.092,-0.135,1179,0,12,1432,1782,443,0,576,98,0.008,454,1,4.434,0.281,-3.000,0.540,-3.220,-0.137,-0.063,0.969,0.070,-0.272,-0.212,0.000,0.000,0.008,0.003,2,NULL,NULL,,1,0,2,7,255,,250,0,0
stim,1966,1966,0,2335469.480,-0.987,-0.001,0.091,-0.135,1069,0,9,1327,1618,472,0,595,98,0.008,454,1,2.502,0.329,-2.460,-0.440,-0.120,-0.131,-0.020,0.911,0.322,-0.066,-0.784,0.000,0.000,0.008,0.003,2,NULL,NULL,,1,0,2,7,255,,250,0,0
stim,1966,1966,0,2335474.479,-0.987,-0.002,0.091,-0.135,1053,0,10,1310,1563,473,0,595,98,0.008,454,1,10.316,0.274,-9.420,-1.840,-3.780,-0.215,-0.044,1.053,-0.266,-0.066,0.724,0.000,0.000,0.008,0.003,2,NULL,NULL,,1,0,2,7,255,,250,0,0
stim,1984,1984,0,2335479.479,-0.987,-0.002,0.091,-0.135,1009,0,6,1287,1687,475,0,590,98,0.008,454,1,1.776,0.168,-1.480,-0.980,-0.060,-0.157,-0.012,0.942,0.154,-0.066,-0.446,0.000,0.000,0.008,0.003,2,NULL,NULL,,1,0,2,7,255,,250,0,0
stim,1984,1984,0,2335484.479,-0.987,-0.002,0.091,-0.135,973,0,7,1252,1561,476,0,595,98,0.008,454,1,9.421,0.074,-8.920,-1.160,-2.800,-0.178,-0.034,0.992,-0.006,-0.074,0.072,0.000,0.000,0.008,0.003,2,NULL,NULL,,1,0,2,7,255,,250,0,0
stim,1984,1984,0,2335489.479,-0.987,-0.002,0.091,-0.135,941,0,7,1243,1588,477,0,601,98,0.008,454,1,6.695,0.074,-5.820,-2.020,-2.620,-0.198,-0.049,1.022,-0.006,-0.074,0.072,0.000,0.000,0.008,0.003,2,NULL,NULL,,1,0,2,7,255,,250,0,0
stim,1984,1984,0,2335494.479,-0.987,-0.002,0.091,-0.135,933,0,11,1227,1780,479,0,601,98,0.008,454,1,3.231,0.074,-3.140,-0.740,-0.180,-0.149,0.005,0.925,-0.006,-0.074,0.072,0.000,0.000,0.008,0.003,2,NULL,NULL,,1,0,2,7,255,,250,0,0
stim,1984,1984,0,2335499.479,-0.987,-0.003,0.091,-0.135,878,0,9,1205,1854,485,0,601,98,0.008,454,1,11.637,0.191,-10.880,-2.020,-3.600,-0.187,-0.066,1.028,-0.110,-0.156,0.400,0.000,0.000,0.008,0.003,2,NULL,NULL,,1,0,2,7,255,,250,0,0
stim,1984,1984,0,2335504.479,-0.987,-0.003,0.091,-0.136,867,0,7,1191,1664,493,0,601,98,0.008,454,1,4.317,0.099,-3.440,-1.520,-2.120,-0.189,-0.028,0.994,-0.090,0.042,0.110,0.000,0.000,0.008,0.003,2,NULL,NULL,,1,0,2,7,255,,250,0,0
stim,1984,1984,0,2335509.479,-0.987,-0.003,0.091,-0.136,839,0,11,1172,1565,495,0,604,98,0.008,454,1,5.614,0.099,-5.460,-1.160,-0.600,-0.156,0.007,0.936,-0.090,0.042,0.110,0.000,0.000,0.008,0.003,2,NULL,NULL,,1,0,2,7,255,,250,0,0
stim,1984,1984,0,2335514.481,-0.987,-0.004,0.091,-0.136,789,0,6,1151,1469,491,0,613,98,0.008,454,1,11.208,0.070,-10.580,-2.020,-3.100,-0.177,-0.076,1.023,-0.056,0.042,0.110,0.000,0.000,0.008,0.003,2,NULL,NULL,,1,0,2,7,255,,250,0,0
stim,2046,2046,0,2335549.479,-0.987,-0.006,0.090,-0.136,616,0,3,969,0,519,0,623,98,0.008,454,1,8.799,0.048,-8.440,-1.760,-1.760,-0.167,-0.063,1.003,0.034,-0.034,-0.100,0.000,0.000,0.008,0.003,2,NULL,NULL,,1,0,2,7,255,,250,0,0
stim,2046,2046,1,2335554.479,-0.987,-0.007,0.090,-0.136,603,0,8,948,0,518,0,627,98,0.008,454,0,7.089,0.048,-6.480,-1.520,-2.440,-0.177,-0.038,0.993,0.034,-0.034,0.078,0.000,0.000,0.008,0.003,2,NULL,NULL,,1,1,2,7,255,,250,0,0
stim,2046,2046,1,2335559.479,-0.987,-0.007,0.090,-0.136,583,0,1,937,0,520,0,633,98,0.008,454,0,7.066,0.019,-6.600,-1.460,-2.060,-0.178,-0.025,0.978,-0.016,-0.010,0.078,0.000,0.000,0.008,0.003,2,NULL,NULL,,1,1,2,7,255,,250,0,0
stim,2046,2046,1,2335564.481,-0.987,-0.007,0.090,-0.136,559,0,8,941,0,521,0,633,98,0.008,454,0,7.881,0.019,-7.580,-1.640,-1.400,-0.172,-0.043,0.984,-0.016,-0.010,-0.012,0.000,0.000,0.008,0.003,2,NULL,NULL,,1,1,2,7,255,,250,0,0
stim,2068,2068,1,2335569.480,-0.987,-0.008,0.090,-0.136,563,0,6,936,831,522,0,637,98,0.008,454,0,7.625,0.062,-7.340,-1.520,-1.400,-0.165,-0.047,0.989,0.000,-0.062,-0.012,0.000,0.000,0.008,0.003,2,NULL,NULL,,1,1,2,7,255,,250,0,0
stim,2068,2068,1,2335574.479,-0.987,-0.008,0.090,-0.136,557,0,6,921,1372,523,0,632,98,0.008,454,0,8.098,0.128,-7.700,-1.340,-2.120,-0.160,-0.058,0.992,0.066,-0.110,0.024,0.000,0.000,0.008,0.003,2,NULL,NULL,,1,1,2,7,255,,250,0,0
stim,2068,2068,1,2335579.479,-0.987,-0.008,0.090,-0.136,545,0,3,916,1469,531,0,621,98,0.008,454,0,5.992,0.128,-5.460,-1.160,-2.180,-0.197,-0.028,0.997,0.066,-0.110,0.048,0.000,0.000,0.008,0.003,1,294.000,NULL,,1,1,2,7,255,,250,0,0
stim,2068,2068,1,2335584.479,-0.987,-0.009,0.090,-0.136,537,0,3,908,1563,520,0,635,98,0.008,454,0,6.346,0.108,-6.180,-1.280,-0.660,-0.145,-0.039,0.952,0.088,-0.062,0.048,0.000,0.000,0.008,0.003,1,NULL,NULL,,1,1,2,7,255,,250,0,0
stim,2068,2068,1,2335589.479,-0.987,-0.009,0.090,-0.136,523,0,3,903,1561,526,0,640,98,0.008,454,0,10.256,0.114,-9.900,-1.340,-2.320,-0.179,-0.085,1.032,-0.096,-0.062,0.148,0.000,0.000,0.008,0.003,1,NULL,NULL,,1,1,2,7,255,,250,0,0
stim,2110,2110,1,2335594.479,-0.987,-0.009,0.090,-0.136,523,0,6,913,1533,524,0,660,98,0.008,454,0,1.424,0.089,-1.060,-0.620,-0.720,-0.171,-0.002,0.957,0.064,-0.062,-0.292,0.000,0.000,0.008,0.003,1,NULL,NULL,,1,1,2,7,255,,250,0,0
stim,2110,2110,1,2335599.479,-0.987,-0.010,0.090,-0.136,505,0,8,894,1445,527,0,653,98,0.008,454,0,11.555,0.365,-11.180,-1.160,-2.680,-0.168,-0.079,1.008,-0.022,-0.364,0.230,0.000,0.000,0.008,0.003,1,NULL,NULL,,1,1,2,7,255,,250,0,0
stim,2110,2110,1,2335604.479,-0.987,-0.010,0.089,-0.136,505,0,8,876,1363,542,0,659,98,0.008,454,0,1.178,0.078,-1.060,-0.500,0.120,-0.147,-0.039,0.958,0.064,-0.044,-0.292,0.000,0.000,0.008,0.003,1,NULL,NULL,,1,1,2,7,255,,250,0,0
stim,2110,2110,1,2335609.479,-0.987,-0.010,0.090,-0.137,493,0,6,882,1295,526,0,655,98,0.008,454,0,9.309,0.049,-8.860,-0.560,-2.800,-0.227,-0.041,1.046,-0.022,-0.044,0.230,0.000,0.000,0.008,0.003,1,NULL,NULL,,1,1,2,7,255,,250,0,0
stim,2110,2110,1,2335614.481,-0.987,-0.010,0.089,-0.136,516,0,10,865,1251,535,0,659,98,0.008,454,0,3.859,0.195,-3.800,-0.620,0.260,-0.080,-0.086,0.910,0.190,-0.044,-0.306,0.000,0.000,0.008,0.003,1,NULL,NULL,,1,1,2,7,255,,250,0,0
stim,2158,2158,1,2335669.480,-0.987,-0.012,0.089,-0.136,501,0,6,864,1327,541,0,665,98,0.008,454,1,3.439,0.159,0.900,3.000,1.420,-0.165,-0.064,0.984,0.078,-0.138,0.122,0.000,0.000,0.008,0.003,2,NULL,NULL,,1,1,2,7,255,,250,0,0
stim,2158,2158,1,2335674.479,-0.987,-0.012,0.089,-0.136,509,0,5,871,1365,541,0,663,98,0.008,454,1,3.580,0.176,1.700,2.640,1.720,-0.166,-0.063,0.982,0.004,-0.176,-0.012,0.000,0.000,0.008,0.003,2,NULL,NULL,,1,1,2,7,255,,250,0,0
stim,2158,2158,1,2335679.479,-0.987,-0.012,0.089,-0.136,521,0,8,873,1407,540,0,665,98,0.008,454,1,4.120,0.176,2.420,2.820,1.780,-0.165,-0.060,0.988,0.004,-0.176,-0.012,0.000,0.000,0.008,0.003,2,NULL,NULL,,1,1,2,7,255,,250,0,0
stim,2158,2158,1,2335684.479,-0.987,-0.012,0.089,-0.136,524,0,3,875,1771,545,0,661,98,0.008,454,1,4.683,0.146,3.040,3.120,1.720,-0.167,-0.060,0.992,0.010,-0.146,0.030,0.000,0.000,0.008,0.003,2,NULL,NULL,,1,1,2,7,255,,250,0,0
stim,2158,2158,1,2335689.479,-0.987,-0.012,0.090,-0.136,521,0,3,884,1433,544,0,661,98,0.008,454,1,5.261,0.137,3.580,3.420,1.780,-0.167,-0.059,0.992,0.020,-0.136,0.066,0.000,0.000,0.008,0.003,2,NULL,NULL,,1,1,2,7,255,,250,0,0
stim,2158,2158,1,2335694.479,-0.987,-0.012,0.090,-0.136,520,0,6,873,1372,538,0,665,98,0.008,454,1,6.055,0.137,4.380,3.660,2.020,-0.167,-0.060,0.992,0.014,-0.136,0.066,0.000,0.000,0.008,0.003,2,NULL,NULL,,1,1,2,7,255,,250,0,0
stim,2174,2174,1,2335699.479,-0.987,-0.011,0.090,-0.136,522,0,5,907,1560,545,0,661,98,0.008,454,1,6.669,0.135,5.040,3.840,2.080,-0.168,-0.059,0.991,0.014,-0.134,0.064,0.000,0.000,0.008,0.003,2,NULL,NULL,,1,1,2,7,255,,250,0,0
stim,2174,2174,1,2335704.479,-0.987,-0.011,0.090,-0.136,527,0,8,903,1400,535,0,661,98,0.008,454,1,7.429,0.128,5.720,4.100,2.380,-0.169,-0.058,0.991,0.004,-0.128,0.060,0.000,0.000,0.008,0.003,2,NULL,NULL,,1,1,2,7,255,,250,0,0
stim,2174,2174,1,2335709.479,-0.987,-0.011,0.090,-0.136,532,0,1,911,1480,535,0,655,98,0.008,454,1,7.936,0.118,6.140,4.280,2.640,-0.170,-0.055,0.990,-0.002,-0.118,0.060,0.000,0.000,0.008,0.003,2,NULL,NULL,,1,1,2,7,255,,250,0,0
stim,2174,2174,1,2335714.480,-0.987,-0.011,0.090,-0.136,529,0,7,913,1305,537,0,653,98,0.008,454,1,8.450,0.096,6.640,4.400,2.820,-0.171,-0.053,0.990,-0.002,-0.096,0.050,0.000,0.000,0.008,0.003,2,NULL,NULL,,1,1,2,7,255,,250,0,0
stim,2254,2254,1,2335769.479,-0.987,-0.006,0.091,-0.134,977,0,8,1163,1464,497,0,603,98,0.008,454,1,10.000,0.024,8.400,4.520,3.000,-0.176,-0.034,0.987,0.004,0.024,0.016,0.000,0.000,0.008,0.003,2,NULL,NULL,,1,1,2,7,255,,250,0,0
stim,2254,2254,1,2335774.479,-0.987,-0.006,0.091,-0.134,1003,0,8,1188,1547,495,0,603,98,0.008,454,1,10.068,0.030,8.460,4.520,3.060,-0.177,-0.033,0.987,0.004,0.030,0.018,0.000,0.000,0.008,0.003,2,NULL,NULL,,1,1,2,7,255,,250,0,0
stim,2254,2254,1,2335779.479,-0.987,-0.006,0.091,-0.134,1028,0,5,1205,1435,491,0,595,98,0.008,454,1,9.981,0.030,8.460,4.280,3.120,-0.180,-0.038,0.987,0.002,0.030,0.018,0.000,0.000,0.008,0.003,2,NULL,NULL,,1,1,2,7,255,,250,0,0
stim,2254,2254,1,2335784.479,-0.987,-0.005,0.092,-0.134,1049,0,6,1239,1547,487,0,597,98,0.008,454,1,9.817,0.042,8.400,4.100,3.000,-0.181,-0.043,0.986,-0.038,-0.018,0.018,0.000,0.000,0.008,0.003,2,NULL,NULL,,1,1,2,7,255,,250,0,0
stim,2254,2254,1,2335789.479,-0.987,-0.005,0.092,-0.134,1101,0,11,1273,1384,493,0,583,98,0.008,454,1,9.792,0.070,8.520,3.960,2.760,-0.183,-0.039,0.984,-0.060,-0.036,0.018,0.000,0.000,0.008,0.003,2,NULL,NULL,,1,1,2,7,255,,250,0,0
stim,2254,2254,1,2335794.479,-0.987,-0.005,0.092,-0.134,1126,0,5,1289,1159,493,0,579,98,0.008,454,1,9.824,0.070,8.640,3.900,2.580,-0.181,-0.031,0.986,-0.060,-0.036,0.014,0.000,0.000,0.008,0.003,2,NULL,NULL,,1,1,2,7,255,,250,0,0
stim,2270,2270,0,2335799.479,-0.987,-0.004,0.092,-0.134,1171,0,6,1321,1181,480,0,569,98,0.008,454,1,9.838,0.040,8.700,3.840,2.520,-0.181,-0.026,0.988,-0.026,0.030,0.014,0.000,0.000,0.008,0.003,2,NULL,NULL,,1,0,2,7,255,,250,0,0
stim,2270,2270,0,2335804.479,-0.987,-0.004,0.092,-0.134,1183,0,11,1350,1011,488,0,579,98,0.008,454,1,9.785,0.061,8.520,3.900,2.820,-0.179,-0.025,0.986,-0.010,0.060,0.014,0.000,0.000,0.008,0.003,2,NULL,NULL,,1,0,2,7,255,,250,0,0
stim,2270,2270,0,2335809.479,-0.987,-0.003,0.092,-0.134,1176,0,9,1372,989,469,0,581,98,0.008,454,1,9.587,0.060,8.160,3.900,3.180,-0.180,-0.025,0.986,0.000,0.060,0.012,0.000,0.000,0.008,0.003,2,NULL,NULL,,1,0,2,7,255,,250,0,0
stim,2270,2270,0,2335814.481,-0.987,-0.003,0.092,-0.134,1193,0,7,1413,957,463,0,573,98,0.008,454,1,9.182,0.054,7.740,3.780,3.180,-0.183,-0.033,0.988,0.000,0.054,0.012,0.000,0.000,0.008,0.003,2,NULL,NULL,,1,0,2,7,255,,250,0,0
stim,2350,2350,0,2335834.479,-0.987,-0.001,0.092,-0.133,1275,0,11,1485,2005,439,0,539,98,0.008,454,1,8.315,0.055,7.120,3.240,2.820,-0.183,-0.022,0.980,-0.022,0.050,-0.034,0.000,0.000,0.008,0.003,2,NULL,NULL,,1,0,2,7,255,,250,0,0
stim,2350,2350,0,2335839.479,-0.987,-0.001,0.092,-0.133,1289,0,8,1493,1915,439,0,544,98,0.008,454,1,7.976,0.060,6.880,3.000,2.700,-0.182,-0.021,0.981,-0.022,0.056,-0.034,0.000,0.000,0.008,0.003,2,NULL,NULL,,1,0,2,7,255,,250,0,0
stim,2350,2350,0,2335844.479,-0.987,-0.000,0.092,-0.133,1309,0,10,1501,1997,439,0,557,98,0.008,454,1,7.548,0.057,6.640,2.740,2.320,-0.183,-0.012,0.987,-0.012,0.056,-0.030,0.000,0.000,0.008,0.003,2,NULL,NULL,,1,0,2,7,255,,250,0,0
stim,2351,2351,0,2335849.479,-0.987,-0.000,0.092,-0.133,1314,0,10,1517,1944,436,0,548,98,0.008,454,1,6.736,0.127,5.900,2.680,1.840,-0.182,-0.011,0.993,0.012,0.126,0.026,0.000,0.000,0.008,0.003,2,NULL,NULL,,1,0,2,7,255,,250,0,0
stim,2351,2351,0,2335854.479,-0.987,0.000,0.093,-0.133,1321,0,12,1524,1839,438,0,549,98,0.008,454,1,6.049,0.127,5.160,2.820,1.420,-0.180,-0.025,0.991,0.012,0.126,0.056,0.000,0.000,0.008,0.003,2,NULL,NULL,,1,0,2,7,255,,250,0,0
stim,2368,2368,0,2335869.479,-0.987,0.001,0.093,-0.133,1365,0,13,1561,2131,436,0,549,98,0.008,454,1,5.953,0.176,5.040,1.840,2.580,-0.187,0.004,0.974,-0.008,-0.176,-0.098,0.000,0.000,0.008,0.003,2,NULL,NULL,,1,0,2,7,255,,250,0,0
stim,2368,2368,0,2335874.479,-0.987,0.001,0.093,-0.133,1360,0,10,1567,2073,437,0,549,98,0.008,454,1,3.709,0.268,3.400,1.460,0.260,-0.208,0.009,1.013,-0.008,0.268,-0.098,0.000,0.000,0.008,0.003,2,NULL,NULL,,1,0,2,7,255,,250,0,0
stim,2368,2368,0,2335879.480,-0.987,0.001,0.093,-0.133,1363,0,11,1573,2105,431,0,543,98,0.008,454,1,4.145,0.268,2.180,3.300,1.240,-0.168,-0.064,0.997,-0.008,0.268,0.104,0.000,0.000,0.008,0.003,2,NULL,NULL,,1,0,2,7,255,,250,0,0
stim,2368,2368,0,2335884.479,-0.987,0.001,0.093,-0.133,1365,0,12,1571,1901,431,0,541,98,0.008,454,1,7.257,0.139,4.980,3.600,3.860,-0.148,-0.028,0.951,0.038,-0.134,0.104,0.000,0.000,0.008,0.003,2,NULL,NULL,,1,0,2,7,255,,250,0,0
stim,2368,2368,0,2335889.479,-0.987,0.002,0.093,-0.133,1372,0,12,1574,1823,432,0,539,98,0.008,454,1,4.935,0.139,4.920,-0.120,-0.360,-0.233,0.050,0.994,0.038,-0.134,0.104,0.000,0.000,0.008,0.003,2,NULL,NULL,,1,0,2,7,255,,250,0,0
stim,2368,2368,0,2335894.479,-0.987,0.001,0.093,-0.133,1371,0,10,1579,2101,435,0,540,98,0.008,454,1,1.619,0.159,-0.200,1.600,0.140,-0.172,-0.094,0.992,-0.086,-0.134,0.072,0.000,0.000,0.008,0.003,2,NULL,NULL,,1,0,2,7,255,,250,0,0
stim,2402,2402,0,2335899.479,-0.987,0.002,0.093,-0.132,1373,0,11,1584,1798,437,0,541,98,0.008,454,1,8.139,0.092,4.380,4.100,5.500,-0.132,-0.011,0.961,-0.086,-0.032,0.072,0.000,0.000,0.008,0.003,2,NULL,NULL,,1,0,2,7,255,,250,0,0
stim,2402,2402,0,2335904.479,-0.987,0.002,0.093,-0.133,1368,0,10,1590,2038,435,0,541,98,0.008,454,1,5.790,0.092,4.080,-0.480,-4.080,-0.257,0.070,1.017,-0.086,-0.032,0.072,0.000,0.000,0.008,0.003,2,NULL,NULL,,1,0,2,7,255,,250,0,0
stim,2402,2402,0,2335909.479,-0.987,0.001,0.093,-0.132,1381,0,9,1593,1925,439,0,539,98,0.008,454,1,3.987,0.124,-2.160,1.900,2.760,-0.125,-0.154,0.949,0.120,-0.032,-0.312,0.000,0.000,0.008,0.003,2,NULL,NULL,,1,0,2,7,255,,250,0,0
stim,2402,2402,0,2335914.483,-0.987,0.002,0.093,-0.132,1384,0,16,1597,1899,437,0,539,98,0.008,454,1,7.186,1.027,6.020,2.380,3.120,-0.201,0.097,0.996,0.120,1.020,0.120,0.000,0.000,0.008,0.003,2,NULL,NULL,,1,0,2,7,255,,250,0,0
stim,2470,2470,0,2335969.479,-0.987,0.002,0.092,-0.132,1365,0,12,1585,2556,447,0,551,98,0.008,454,1,6.760,0.090,-6.600,-0.420,-1.400,-0.193,-0.034,1.017,-0.086,0.028,0.336,0.000,0.000,0.008,0.003,2,NULL,NULL,,1,0,2,7,255,,250,0,0
stim,2470,2470,0,2335974.480,-0.987,0.002,0.092,-0.133,1359,0,13,1581,2621,448,0,548,98,0.008,454,1,1.065,0.091,0.660,-0.300,-0.780,-0.190,-0.020,0.983,-0.086,0.030,0.000,0.000,0.000,0.008,0.003,2,NULL,NULL,,1,0,2,7,255,,250,0,0
stim,2470,2470,0,2335979.479,-0.987,0.001,0.092,-0.133,1355,0,9,1577,2591,447,0,551,98,0.008,454,1,3.972,0.091,-3.920,-0.480,-0.420,-0.161,-0.009,0.958,-0.086,0.030,0.000,0.000,0.000,0.008,0.003,2,NULL,NULL,,1,0,2,7,255,,250,0,0
stim,2470,2470,0,2335984.479,-0.987,0.001,0.092,-0.133,1341,0,11,1572,2660,455,0,552,98,0.008,454,1,4.739,0.093,-4.420,-0.780,-1.520,-0.196,-0.041,1.015,-0.088,0.030,0.000,0.000,0.000,0.008,0.003,2,NULL,NULL,,1,0,2,7,255,,250,0,0
stim,2470,2470,0,2335989.479,-0.987,0.001,0.092,-0.133,1325,0,10,1565,2667,455,0,552,98,0.008,454,1,1.484,0.074,-0.820,-0.480,-1.140,-0.178,-0.005,0.968,0.038,0.064,-0.170,0.000,0.000,0.008,0.003,2,NULL,NULL,,1,0,2,7,255,,250,0,0
stim,2470,2470,0,2335994.479,-0.987,0.001,0.092,-0.133,1303,0,10,1553,2708,457,0,559,98,0.008,454,1,5.373,0.038,-5.140,-0.980,-1.220,-0.173,-0.020,0.976,0.038,0.000,-0.094,0.000,0.000,0.008,0.003,2,NULL,NULL,,1,0,2,7,255,,250,0,0
stim,2499,2499,0,2335999.479,-0.987,0.001,0.092,-0.133,1294,0,9,1531,2715,457,0,556,98,0.008,454,1,4.495,0.038,-4.100,-1.040,-1.520,-0.190,-0.033,1.003,0.038,0.000,-0.094,0.000,0.000,0.008,0.003,2,NULL,NULL,,1,0,2,7,255,,250,0,0
stim,2499,2499,0,2336004.479,-0.987,0.001,0.092,-0.133,1256,0,11,1513,2719,459,0,555,98,0.008,454,1,3.389,0.022,-2.820,-0.920,-1.640,-0.179,-0.015,0.979,0.022,0.000,-0.064,0.000,0.000,0.008,0.003,2,NULL,NULL,,1,0,2,7,255,,250,0,0
stim,2499,2499,0,2336009.479,-0.987,0.000,0.092,-0.133,1237,0,12,1499,2503,461,0,557,98,0.008,454,1,5.097,0.036,-4.780,-1.220,-1.280,-0.178,-0.019,0.977,0.016,0.032,-0.064,0.000,0.000,0.008,0.003,2,NULL,NULL,,1,0,2,7,255,,250,0,0
stim,2499,2499,0,2336014.481,-0.987,0.000,0.092,-0.133,1229,0,11,1483,1917,461,0,565,98,0.008,454,1,5.436,0.036,-5.140,-1.280,-1.220,-0.185,-0.025,0.991,0.016,0.032,-0.064,0.000,0.000,0.008,0.003,2,NULL,NULL,,1,0,2,7,255,,250,0,0
stim,2516,2516,0,2336049.479,-0.987,-0.002,0.091,-0.133,1109,0,6,1349,2411,481,0,557,98,0.008,454,1,6.354,0.020,-6.000,-1.700,-1.220,-0.177,-0.024,0.982,0.008,0.018,-0.020,0.000,0.000,0.008,0.003,2,NULL,NULL,,1,0,2,7,255,,250,0,0
stim,2516,2516,0,2336054.479,-0.987,-0.002,0.091,-0.133,1079,0,9,1333,2165,483,0,565,98,0.008,454,1,6.530,0.024,-6.120,-1.640,-1.580,-0.172,-0.026,0.984,0.016,0.018,-0.020,0.000,0.000,0.008,0.003,2,NULL,NULL,,1,0,2,7,255,,250,0,0
stim,2516,2516,0,2336059.479,-0.987,-0.002,0.091,-0.133,1051,0,7,1320,2031,486,0,569,98,0.008,454,1,6.562,0.029,-6.000,-1.520,-2.180,-0.174,-0.030,0.984,0.028,-0.006,-0.016,0.000,0.000,0.008,0.003,2,NULL,NULL,,1,0,2,7,255,,250,0,0
stim,2516,2516,0,2336064.481,-0.987,-0.002,0.091,-0.133,1012,0,7,1307,1875,489,0,572,98,0.008,454,1,6.653,0.031,-6.120,-1.520,-2.120,-0.175,-0.029,0.983,0.028,-0.014,-0.016,0.000,0.000,0.008,0.003,2,NULL,NULL,,1,0,2,7,255,,250,0,0
stim,2590,2590,0,2336099.479,-0.987,-0.005,0.091,-0.134,861,0,5,1195,1947,488,0,595,98,0.008,454,1,7.446,0.020,-7.040,-1.280,-2.060,-0.175,-0.036,0.988,0.008,-0.018,0.020,0.000,0.000,0.008,0.003,2,NULL,NULL,,1,0,2,7,255,,250,0,0
stim,2590,2590,0,2336104.479,-0.987,-0.005,0.091,-0.134,814,0,6,1177,1947,519,0,593,98,0.008,454,1,7.243,0.024,-6.860,-1.280,-1.940,-0.179,-0.036,0.988,0.002,-0.024,0.030,0.000,0.000,0.008,0.003,2,NULL,NULL,,1,0,2,7,255,,250,0,0
stim,2590,2590,0,2336109.479,-0.987,-0.005,0.091,-0.134,797,0,6,1157,1982,522,0,605,98,0.008,454,1,7.283,0.035,-6.980,-1.280,-1.640,-0.178,-0.036,0.986,-0.026,-0.024,0.030,0.000,0.000,0.008,0.003,2,NULL,NULL,,1,0,2,7,255,,250,0,0
stim,2590,2590,0,2336114.482,-0.987,-0.006,0.091,-0.134,760,0,7,1121,1757,525,0,608,98,0.008,454,1,7.314,0.032,-7.040,-1.340,-1.460,-0.176,-0.035,0.987,-0.026,-0.018,0.022,0.000,0.000,0.008,0.003,2,NULL,NULL,,1,0,2,7,255,,250,0,0
stim,2654,2654,0,2336149.479,-0.987,-0.008,0.090,-0.134,620,0,6,979,1271,518,0,627,98,0.000,454,1,5.336,0.066,-5.200,-0.360,-1.140,-0.169,-0.045,0.991,0.032,-0.058,0.018,0.000,0.000,0.008,0.003,2,NULL,NULL,,1,0,2,7,255,,250,0,0
stim,2654,2654,0,2336154.479,-0.987,-0.008,0.090,-0.134,605,0,5,969,1271,521,0,627,98,0.000,454,1,4.877,0.079,-4.780,-0.120,-0.960,-0.169,-0.048,0.988,0.032,-0.072,0.022,0.000,0.000,0.008,0.003,2,NULL,NULL,,1,0,2,7,255,,250,0,0
stim,2654,2654,0,2336159.479,-0.987,-0.008,0.090,-0.134,609,0,7,951,1485,521,0,615,98,0.000,454,1,4.421,0.091,-4.360,0.120,-0.720,-0.171,-0.048,0.989,0.022,-0.088,0.030,0.000,0.000,0.008,0.003,2,NULL,NULL,,1,0,2,7,255,,250,0,0
stim,2654,2654,0,2336164.481,-0.987,-0.008,0.090,-0.134,603,0,7,943,1447,521,0,627,98,0.000,454,1,3.844,0.100,-3.800,0.320,-0.480,-0.168,-0.049,0.990,0.022,-0.098,0.030,0.000,0.000,0.008,0.003,2,NULL,NULL,,1,0,2,7,255,,250,0,0
stim,2688,2688,0,2336169.480,-0.987,-0.009,0.090,-0.134,596,0,6,943,1519,526,0,633,98,0.000,454,1,3.332,0.101,-3.260,0.620,-0.300,-0.168,-0.051,0.991,0.024,-0.098,0.040,0.000,0.000,0.008,0.003,2,NULL,NULL,,1,0,2,7,255,,250,0,0
stim,2688,2688,0,2336174.479,-0.987,-0.009,0.090,-0.134,599,0,5,947,1662,525,0,631,98,0.000,454,1,2.704,0.113,-2.580,0.800,-0.120,-0.168,-0.054,0.991,0.024,-0.110,0.050,0.000,0.000,0.008,0.003,2,NULL,NULL,,1,0,2,7,255,,250,0,0
stim,2688,2688,0,2336179.479,-0.987,-0.009,0.090,-0.134,599,0,3,939,1637,522,0,631,98,0.000,454,1,2.145,0.130,-1.840,1.100,0.080,-0.167,-0.055,0.989,0.024,-0.128,0.050,0.000,0.000,0.008,0.003,2,NULL,NULL,,1,0,2,7,255,,250,0,0
stim,2688,2688,0,2336184.479,-0.987,-0.009,0.090,-0.134,599,0,6,940,0,522,0,624,98,0.000,454,1,1.738,0.141,-1.060,1.340,0.320,-0.167,-0.056,0.990,0.028,-0.138,0.038,0.000,0.000,0.008,0.003,2,NULL,NULL,,1,0,2,7,255,,250,0,0
stim,2688,2688,1,2336189.479,-0.987,-0.009,0.090,-0.134,603,0,3,939,0,523,0,620,98,0.000,454,0,1.752,0.145,-0.260,1.640,0.560,-0.166,-0.056,0.992,0.028,-0.142,0.038,0.000,0.000,0.008,0.003,2,NULL,NULL,,1,1,2,7,255,,250,0,0
stim,2688,2688,1,2336194.479,-0.987,-0.009,0.090,-0.134,617,0,8,943,0,521,0,625,98,0.000,454,0,2.308,0.152,0.600,2.080,0.800,-0.166,-0.056,0.991,0.034,-0.148,0.040,0.000,0.000,0.008,0.003,2,NULL,NULL,,1,1,2,7,255,,250,0,0
stim,2702,2702,1,2336199.479,-0.987,-0.009,0.090,-0.134,618,0,9,944,439,523,0,633,98,0.000,454,0,2.913,0.153,1.320,2.380,1.040,-0.166,-0.054,0.991,0.038,-0.148,0.040,0.000,0.000,0.008,0.003,2,NULL,NULL,,1,1,2,7,255,,250,0,0
stim,2702,2702,1,2336204.479,-0.987,-0.009,0.090,-0.134,619,0,5,952,189,531,0,629,98,0.000,454,0,3.633,0.147,2.000,2.680,1.420,-0.166,-0.055,0.989,0.038,-0.142,0.040,0.000,0.000,0.008,0.003,2,NULL,NULL,,1,1,2,7,255,,250,0,0
stim,2702,2702,1,2336209.479,-0.987,-0.009,0.090,-0.134,637,0,5,973,267,525,0,632,98,0.000,454,0,4.326,0.135,2.660,2.980,1.660,-0.166,-0.053,0.990,0.038,-0.130,0.034,0.000,0.000,0.008,0.003,2,NULL,NULL,,1,1,2,7,255,,250,0,0
stim,2702,2702,1,2336214.481,-0.987,-0.009,0.090,-0.134,667,0,9,993,221,531,0,629,98,0.000,454,0,4.920,0.129,3.280,3.300,1.600,-0.167,-0.052,0.990,0.042,-0.122,0.032,0.000,0.000,0.008,0.003,2,NULL,NULL,,1,1,2,7,255,,250,0,0
stim,2767,2767,1,2336269.481,-0.987,-0.006,0.091,-0.133,1067,0,9,1203,2135,501,0,599,98,0.000,455,0,11.394,0.137,9.740,4.200,4.160,-0.160,-0.021,0.973,0.100,0.094,-0.158,0.000,0.000,0.008,0.003,1,699.000,NULL,,1,1,2,7,255,,250,0,0
stim,2767,2767,1,2336274.479,-0.987,-0.005,0.091,-0.133,1096,0,5,1235,2133,500,0,599,98,0.000,455,0,8.106,0.137,6.640,4.320,1.720,-0.227,-0.015,1.023,0.100,0.094,-0.158,0.000,0.000,0.008,0.003,2,NULL,NULL,,1,1,2,7,255,,250,0,0
stim,2767,2767,1,2336279.479,-0.987,-0.005,0.091,-0.133,1117,0,7,1254,2126,501,0,599,98,0.000,455,0,7.264,0.133,5.300,3.960,3.000,-0.155,-0.065,0.969,0.094,0.094,-0.158,0.000,0.000,0.008,0.003,2,NULL,NULL,,1,1,2,7,255,,250,0,0
stim,2767,2767,1,2336284.479,-0.987,-0.005,0.091,-0.132,1139,0,7,1293,2105,493,0,589,98,0.000,455,0,11.330,0.126,9.440,4.400,4.460,-0.150,-0.036,0.965,0.094,-0.084,-0.188,0.000,0.000,0.008,0.003,2,NULL,NULL,,1,1,2,7,255,,250,0,0
stim,2782,2782,1,2336289.479,-0.987,-0.004,0.092,-0.132,1149,0,6,1301,2197,495,0,587,98,0.000,455,0,9.647,0.126,8.400,4.020,2.520,-0.210,0.011,1.006,0.094,-0.084,-0.188,0.000,0.000,0.008,0.003,2,NULL,NULL,,1,1,2,7,255,,250,0,0
stim,2782,2782,1,2336294.479,-0.987,-0.004,0.092,-0.132,1162,0,11,1321,2034,499,0,589,98,0.000,455,0,6.390,0.176,5.360,3.300,1.100,-0.203,-0.030,1.002,-0.156,0.082,0.204,0.000,0.000,0.008,0.003,2,NULL,NULL,,1,1,2,7,255,,250,0,0
stim,2782,2782,1,2336299.479,-0.987,-0.004,0.092,-0.132,1188,0,12,1341,1949,492,0,587,98,0.000,455,1,8.072,0.176,6.140,4.020,3.360,-0.165,-0.074,0.977,-0.156,0.082,0.204,0.000,0.000,0.008,0.003,2,NULL,NULL,,1,1,2,7,255,,250,0,0
stim,2782,2782,1,2336304.479,-0.987,-0.004,0.092,-0.132,1211,0,11,1373,2039,491,0,583,98,0.000,455,1,10.046,0.146,7.980,4.100,4.520,-0.162,-0.043,0.976,-0.006,-0.146,-0.092,0.000,0.000,0.008,0.003,2,NULL,NULL,,1,1,2,7,255,,250,0,0
stim,2782,2782,1,2336309.479,-0.987,-0.003,0.092,-0.132,1213,0,11,1382,2251,485,0,585,98,0.000,455,1,9.318,0.163,8.160,3.240,3.120,-0.176,-0.008,0.986,0.072,-0.146,-0.092,0.000,0.000,0.008,0.003,2,NULL,NULL,,1,1,2,7,255,,250,0,0
stim,2782,2782,1,2336314.480,-0.987,-0.003,0.092,-0.132,1235,0,12,1408,2543,475,0,572,98,0.000,455,1,8.096,0.226,7.300,2.940,1.900,-0.185,-0.008,0.990,0.072,0.214,0.002,0.000,0.000,0.008,0.003,2,NULL,NULL,,1,1,2,7,255,,250,0,0
stim,2809,2809,1,2336319.479,-0.987,-0.002,0.092,-0.132,1247,0,11,1453,2415,460,0,579,98,0.000,455,1,7.592,0.214,6.700,3.060,1.840,-0.185,-0.022,0.987,-0.004,0.214,0.026,0.000,0.000,0.008,0.003,2,NULL,NULL,,1,1,2,7,255,,250,0,0
stim,2809,2809,1,2336324.480,-0.987,-0.002,0.092,-0.132,1261,0,20,1467,2131,456,0,557,98,0.000,455,1,7.598,0.090,6.520,3.180,2.260,-0.183,-0.032,0.988,-0.044,0.078,0.038,0.000,0.000,0.008,0.003,2,NULL,NULL,,1,1,2,7,255,,250,0,0
stim,2809,2809,1,2336329.479,-0.987,-0.002,0.092,-0.132,1275,0,12,1496,2017,457,0,555,98,0.000,455,1,7.775,0.049,6.580,3.240,2.580,-0.182,-0.033,0.986,-0.044,-0.022,0.026,0.000,0.000,0.008,0.003,2,NULL,NULL,,1,1,2,7,255,,250,0,0
stim,2809,2809,1,2336334.479,-0.987,-0.001,0.092,-0.132,1274,0,13,1507,1991,445,0,543,98,0.000,455,1,7.687,0.046,6.460,3.120,2.760,-0.182,-0.030,0.984,-0.040,-0.022,0.018,0.000,0.000,0.008,0.003,2,NULL,NULL,,1,1,2,7,255,,250,0,0
stim,2869,2869,1,2336399.479,-0.987,0.001,0.093,-0.131,1399,0,13,1607,1515,437,0,509,98,0.000,455,1,3.218,0.042,2.420,1.720,1.240,-0.182,-0.018,0.984,0.000,0.042,-0.018,0.000,0.000,0.008,0.003,2,NULL,NULL,,1,1,2,7,255,,250,0,0
stim,2869,2869,1,2336404.479,-0.987,0.001,0.093,-0.131,1403,0,14,1600,1311,437,0,517,98,0.000,455,1,2.808,0.042,2.060,1.600,1.040,-0.182,-0.017,0.984,0.000,0.042,-0.008,0.000,0.000,0.008,0.003,2,NULL,NULL,,1,1,2,7,255,,250,0,0
stim,2869,2869,1,2336409.479,-0.987,0.002,0.093,-0.131,1403,0,10,1621,1194,423,0,532,98,0.000,455,1,2.477,0.044,1.760,1.480,0.920,-0.182,-0.016,0.983,0.000,0.044,-0.008,0.000,0.000,0.008,0.003,2,NULL,NULL,,1,1,2,7,255,,250,0,0
stim,2869,2869,1,2336414.481,-0.987,0.002,0.093,-0.131,1383,0,9,1610,1116,437,0,537,98,0.000,455,1,1.982,0.046,1.320,1.280,0.740,-0.184,-0.016,0.985,0.000,0.046,-0.002,0.000,0.000,0.008,0.003,2,NULL,NULL,,1,1,2,7,255,,250,0,0
stim,2965,2965,0,2336469.519,-0.987,0.001,0.092,-0.131,1352,0,9,1595,1319,439,0,547,98,0.000,455,1,3.059,0.035,-2.880,-0.600,-0.840,-0.182,-0.019,0.984,-0.018,0.030,0.012,0.000,0.000,0.008,0.003,2,NULL,NULL,,1,0,2,7,255,,250,0,0
stim,2965,2965,0,2336474.520,-0.987,0.001,0.092,-0.131,1331,0,10,1599,1325,427,0,536,98,0.000,455,1,3.361,0.025,-3.140,-0.720,-0.960,-0.179,-0.018,0.985,-0.006,0.024,-0.002,0.000,0.000,0.008,0.003,2,NULL,NULL,,1,0,2,7,255,,250,0,0
stim,2965,2965,0,2336479.519,-0.987,0.001,0.092,-0.131,1301,0,13,1595,1301,429,0,523,98,0.000,455,1,3.664,0.033,-3.320,-0.780,-1.340,-0.179,-0.016,0.984,0.022,0.024,-0.006,0.000,0.000,0.008,0.003,2,NULL,NULL,,1,0,2,7,255,,250,0,0
stim,2965,2965,0,2336484.519,-0.987,0.001,0.092,-0.131,1276,0,8,1573,1269,441,0,542,98,0.000,455,1,4.035,0.044,-3.560,-0.960,-1.640,-0.181,-0.018,0.984,0.022,0.038,-0.004,0.000,0.000,0.008,0.003,2,NULL,NULL,,1,0,2,7,255,,250,0,0
stim,2965,2965,0,2336489.519,-0.987,0.001,0.092,-0.131,1290,0,12,1555,1332,455,0,553,98,0.000,455,1,4.537,0.038,-4.040,-1.080,-1.760,-0.186,-0.022,0.981,0.002,0.038,-0.012,0.000,0.000,0.008,0.003,2,NULL,NULL,,1,0,2,7,255,,250,0,0
stim,2965,2965,0,2336494.519,-0.987,0.001,0.092,-0.131,1278,0,9,1543,1342,444,0,555,98,0.000,455,1,5.021,0.061,-4.600,-1.320,-1.520,-0.188,-0.024,0.984,-0.060,0.010,-0.004,0.000,0.000,0.008,0.003,2,NULL,NULL,,1,0,2,7,255,,250,0,0
stim,2974,2974,0,2336499.519,-0.987,0.000,0.092,-0.131,1246,0,10,1527,1342,448,0,557,98,0.000,455,1,5.478,0.061,-5.020,-1.580,-1.520,-0.186,-0.021,0.987,-0.060,0.010,0.006,0.000,0.000,0.008,0.003,2,NULL,NULL,,1,0,2,7,255,,250,0,0
stim,2974,2974,0,2336504.519,-0.987,0.000,0.092,-0.131,1231,0,9,1506,1349,460,0,557,98,0.000,455,1,5.569,0.043,-5.020,-1.580,-1.820,-0.170,-0.020,0.984,-0.042,0.010,0.006,0.000,0.000,0.008,0.003,2,NULL,NULL,,1,0,2,7,255,,250,0,0
stim,2974,2974,0,2336509.519,-0.987,-0.000,0.092,-0.131,1215,0,7,1477,1341,458,0,565,98,0.000,455,1,5.258,0.095,-4.780,-1.380,-1.700,-0.167,-0.027,0.978,0.094,0.010,-0.026,0.000,0.000,0.008,0.003,2,NULL,NULL,,1,0,2,7,255,,250,0,0
stim,2974,2974,0,2336514.522,-0.987,-0.000,0.092,-0.131,1193,0,9,1469,1354,469,0,564,98,0.000,455,1,6.008,0.095,-5.580,-1.440,-1.700,-0.195,-0.014,0.990,0.094,0.010,-0.026,0.000,0.000,0.008,0.003,2,NULL,NULL,,1,0,2,7,255,,250,0,0
stim,3006,3006,0,2336549.519,-0.987,-0.003,0.091,-0.132,943,0,9,1293,1222,485,0,565,98,0.000,455,1,10.694,0.139,-9.120,-2.820,-4.820,-0.235,0.005,1.042,0.138,0.018,-0.206,0.000,0.000,0.008,0.003,2,NULL,NULL,,1,0,2,7,255,,250,0,0
stim,3006,3006,0,2336554.519,-0.987,-0.003,0.091,-0.132,923,0,4,1277,1237,487,0,567,98,0.000,455,1,7.321,0.139,-7.100,-1.720,-0.480,-0.106,-0.077,0.914,0.138,0.018,-0.206,0.000,0.000,0.008,0.003,2,NULL,NULL,,1,0,2,7,255,,250,0,0
stim,3006,3006,0,2336559.519,-0.987,-0.003,0.091,-0.132,860,0,8,1248,1225,485,0,585,98,0.000,455,1,8.647,0.546,-7.760,-2.880,-2.500,-0.235,0.019,1.046,-0.312,0.448,0.642,0.000,0.000,0.008,0.003,2,NULL,NULL,,1,0,2,7,255,,250,0,0
stim,3006,3006,0,2336564.521,-0.987,-0.004,0.091,-0.132,851,0,7,1227,1237,487,0,592,98,0.000,455,1,9.912,0.475,-9.180,-1.900,-3.220,-0.137,-0.066,0.942,0.198,-0.432,-0.470,0.000,0.000,0.008,0.003,2,NULL,NULL,,1,0,2,7,255,,250,0,0
stim,3070,3070,0,2336599.519,-0.987,-0.007,0.090,-0.132,576,0,4,999,1189,525,0,611,98,0.000,455,1,10.618,0.272,-9.720,-2.740,-3.280,-0.224,-0.031,1.047,-0.212,0.170,0.366,0.000,0.000,0.008,0.003,2,NULL,NULL,,1,0,2,7,255,,250,0,0
stim,3070,3070,0,2336604.519,-0.987,-0.007,0.090,-0.132,544,0,5,963,1181,517,0,616,98,0.000,455,1,7.651,0.318,-7.280,-2.120,-1.020,-0.125,-0.034,0.925,0.304,-0.094,-0.542,0.000,0.000,0.008,0.003,2,NULL,NULL,,1,0,2,7,255,,250,0,0
stim,3070,3070,0,2336609.519,-0.987,-0.008,0.090,-0.132,539,0,3,935,1205,503,0,621,98,0.000,455,1,12.434,0.237,-11.620,-2.200,-3.840,-0.201,-0.057,1.033,-0.218,-0.094,0.508,0.000,0.000,0.008,0.003,2,NULL,NULL,,1,0,2,7,255,,250,0,0
stim,3070,3070,0,2336614.521,-0.987,-0.008,0.090,-0.132,534,0,5,929,1159,519,0,619,98,0.000,455,1,6.867,0.101,-6.300,-2.380,-1.340,-0.172,-0.018,0.971,0.036,-0.094,-0.152,0.000,0.000,0.008,0.003,2,NULL,NULL,,1,0,2,7,255,,250,0,0
stim,3102,3102,1,2336649.519,-0.987,-0.011,0.089,-0.133,475,0,4,866,679,502,0,618,98,0.000,455,0,10.889,0.145,-10.580,-1.160,-2.300,-0.143,-0.088,0.988,0.120,-0.082,-0.006,0.000,0.000,0.008,0.003,2,NULL,NULL,,1,1,2,7,255,,250,0,0
stim,3102,3102,1,2336654.519,-0.987,-0.011,0.089,-0.133,481,0,3,859,821,503,0,633,98,0.000,455,0,5.838,0.259,-5.460,-0.980,-1.820,-0.214,-0.032,1.031,0.120,0.230,-0.006,0.000,0.000,0.008,0.003,2,NULL,NULL,,1,1,2,7,255,,250,0,0
stim,3102,3102,1,2336659.519,-0.987,-0.011,0.089,-0.133,487,0,2,853,968,507,0,639,98,0.000,455,0,5.921,0.280,-5.880,-0.360,-0.600,-0.105,-0.052,0.916,0.154,-0.234,-0.006,0.000,0.000,0.008,0.003,2,NULL,NULL,,1,1,2,7,255,,250,0,0
stim,3102,3102,1,2336664.521,-0.987,-0.012,0.089,-0.133,480,0,2,853,1047,523,0,645,98,0.000,455,0,8.176,0.313,-7.900,-0.660,-2.000,-0.239,-0.053,1.074,-0.292,0.112,0.500,0.000,0.000,0.008,0.003,2,NULL,NULL,,1,1,2,7,255,,250,0,0
stim,3166,3166,1,2336669.520,-0.987,-0.012,0.089,-0.133,489,0,1,832,1083,537,0,647,98,0.000,455,0,4.003,0.523,-3.980,0.300,-0.300,-0.081,-0.079,0.909,0.468,-0.234,-0.782,0.000,0.000,0.008,0.003,2,NULL,NULL,,1,1,2,7,255,,250,0,0
stim,3166,3166,1,2336674.519,-0.987,-0.012,0.089,-0.133,479,0,2,843,1067,533,0,648,98,0.000,455,0,4.020,0.507,-3.980,0.180,-0.540,-0.246,-0.016,1.051,-0.494,0.112,0.740,0.000,0.000,0.008,0.003,2,NULL,NULL,,1,1,2,7,255,,250,0,0
stim,3166,3166,1,2336679.519,-0.987,-0.013,0.089,-0.133,475,0,7,839,1055,535,0,659,98,0.000,455,0,7.482,0.599,-7.220,0.300,-1.940,-0.125,-0.098,0.974,0.268,-0.536,-0.170,0.000,0.000,0.008,0.003,2,NULL,NULL,,1,1,2,7,255,,250,0,0
stim,3166,3166,1,2336684.519,-0.987,-0.013,0.089,-0.133,489,0,1,843,1073,535,0,661,98,0.000,455,0,2.885,0.390,0.780,1.840,2.080,-0.124,-0.065,0.950,0.268,-0.284,-0.170,0.000,0.000,0.008,0.003,2,NULL,NULL,,1,1,2,7,255,,250,0,0
stim,3166,3166,1,2336689.519,-0.987,-0.013,0.089,-0.133,484,0,1,843,1114,531,0,665,98,0.000,455,0,3.607,0.390,-3.260,1.040,-1.140,-0.257,-0.019,1.050,0.268,-0.284,-0.170,0.000,0.000,0.008,0.003,2,NULL,NULL,,1,1,2,7,255,,250,0,0
stim,3166,3166,1,2336694.519,-0.987,-0.013,0.089,-0.133,482,0,1,840,1115,541,0,665,98,0.000,455,0,4.747,0.384,-4.420,1.720,0.200,-0.126,-0.107,0.982,0.258,-0.284,-0.084,0.000,0.000,0.008,0.003,2,NULL,NULL,,1,1,2,7,255,,250,0,0
stim,3182,3182,1,2336699.519,-0.987,-0.013,0.089,-0.133,491,0,2,840,1102,543,0,659,98,0.000,455,0,5.037,0.635,1.380,4.100,2.580,-0.105,-0.092,0.962,0.258,-0.580,-0.084,0.000,0.000,0.008,0.003,2,NULL,NULL,,1,1,2,7,255,,250,0,0
stim,3182,3182,1,2336704.519,-0.987,-0.013,0.089,-0.133,504,0,4,839,1083,535,0,663,98,0.000,455,0,4.502,0.635,2.540,3.120,2.020,-0.195,-0.034,0.989,0.258,-0.580,-0.084,0.000,0.000,0.008,0.003,2,NULL,NULL,,1,1,2,7,255,,250,0,0
stim,3182,3182,1,2336709.519,-0.987,-0.013,0.089,-0.133,511,0,6,841,1070,535,0,652,98,0.000,455,0,2.327,0.230,0.280,2.020,1.120,-0.206,-0.043,1.019,-0.182,0.140,0.068,0.000,0.000,0.008,0.003,2,NULL,NULL,,1,1,2,7,255,,250,0,0
stim,3182,3182,1,2336714.521,-0.987,-0.013,0.089,-0.132,508,0,8,843,1045,539,0,658,98,0.000,455,0,4.214,0.230,0.840,3.920,1.300,-0.159,-0.083,1.015,-0.182,0.140,0.276,0.000,0.000,0.008,0.003,2,NULL,NULL,,1,1,2,7,255,,250,0,0
stim,3214,3214,1,2336769.519,-0.987,-0.009,0.091,-0.131,713,0,5,1015,1046,512,0,627,98,0.000,455,0,12.371,0.027,10.540,5.500,3.420,-0.178,-0.041,0.987,-0.022,-0.016,0.032,0.000,0.000,0.008,0.003,2,NULL,NULL,,1,1,2,7,255,,250,0,0
stim,3265,3265,1,2336774.520,-0.987,-0.008,0.091,-0.131,763,0,11,1059,1042,507,0,623,98,0.000,455,0,12.488,0.028,10.600,5.560,3.560,-0.180,-0.038,0.988,-0.028,0.004,0.030,0.000,0.000,0.008,0.003,2,NULL,NULL,,1,1,2,7,255,,250,0,0
stim,3265,3265,1,2336779.519,-0.987,-0.008,0.091,-0.131,861,0,12,1085,1051,509,0,615,98,0.000,455,0,12.540,0.041,10.600,5.560,3.740,-0.181,-0.035,0.987,-0.032,0.026,0.024,0.000,0.000,0.008,0.003,2,NULL,NULL,,1,1,2,7,255,,250,0,0
stim,3265,3265,1,2336784.519,-0.987,-0.007,0.091,-0.131,916,0,9,1119,1050,501,0,604,98,0.000,456,0,12.494,0.051,10.480,5.560,3.920,-0.177,-0.034,0.985,-0.032,0.040,0.022,0.000,0.000,0.008,0.003,1,498.000,NULL,,1,1,2,7,255,,250,0,0
stim,3265,3265,1,2336789.519,-0.987,-0.007,0.091,-0.131,972,0,5,1165,1031,499,0,603,98,0.000,456,0,12.480,0.043,10.600,5.380,3.800,-0.179,-0.033,0.986,-0.008,0.042,0.012,0.000,0.000,0.008,0.003,1,NULL,NULL,,1,1,2,7,255,,250,0,0
stim,3265,3265,1,2336794.519,-0.987,-0.006,0.091,-0.131,1033,0,11,1183,971,494,0,597,98,0.000,456,0,12.480,0.040,10.660,5.260,3.800,-0.175,-0.035,0.984,-0.002,0.040,-0.004,0.000,0.000,0.008,0.003,1,NULL,NULL,,1,1,2,7,255,,250,0,0
stim,3265,3265,1,2336799.519,-0.987,-0.006,0.091,-0.131,1085,0,5,1243,1002,491,0,589,98,0.000,456,0,12.321,0.010,10.600,5.000,3.800,-0.178,-0.034,0.985,-0.002,0.010,0.002,0.000,0.000,0.008,0.003,1,NULL,NULL,,1,1,2,7,255,,250,0,0
stim,3293,3293,1,2336804.519,-0.987,-0.005,0.092,-0.131,1116,0,12,1275,1017,493,0,588,98,0.000,456,0,12.260,0.010,10.600,4.940,3.680,-0.180,-0.030,0.986,-0.002,0.010,0.002,0.000,0.000,0.008,0.003,1,NULL,NULL,,1,1,2,7,255,,250,0,0
stim,3293,3293,1,2336809.519,-0.987,-0.005,0.092,-0.130,1155,0,12,1300,1031,491,0,591,98,0.000,456,0,12.025,0.031,10.480,4.760,3.480,-0.181,-0.030,0.987,-0.008,0.030,0.014,0.000,0.000,0.008,0.003,1,NULL,NULL,,1,1,2,7,255,,250,0,0
stim,3293,3293,1,2336814.521,-0.987,-0.004,0.092,-0.130,1190,0,16,1333,1031,482,0,588,98,0.000,456,0,11.879,0.039,10.360,4.700,3.420,-0.180,-0.027,0.986,-0.008,0.038,0.014,0.000,0.000,0.008,0.003,1,NULL,NULL,,1,1,2,7,255,,250,0,0
stim,3314,3314,1,2336819.520,-0.987,-0.004,0.092,-0.130,1195,0,10,1373,1092,482,0,579,98,0.000,456,0,11.687,0.046,10.180,4.520,3.540,-0.180,-0.024,0.985,-0.004,0.046,0.008,0.000,0.000,0.008,0.003,1,NULL,NULL,,1,1,2,7,255,,250,0,0
stim,3314,3314,1,2336824.519,-0.987,-0.003,0.092,-0.130,1221,0,16,1417,1086,471,0,569,98,0.000,456,0,11.532,0.046,10.000,4.460,3.620,-0.177,-0.027,0.984,0.002,0.046,-0.002,0.000,0.000,0.008,0.003,1,NULL,NULL,,1,1,2,7,255,,250,0,0
stim,3314,3314,1,2336829.519,-0.987,-0.003,0.092,-0.130,1255,0,7,1459,1085,464,0,563,98,0.000,456,0,11.246,0.024,9.800,4.280,3.480,-0.183,-0.033,0.988,0.002,0.024,-0.002,0.000,0.000,0.008,0.003,2,NULL,NULL,,1,1,2,7,255,,250,0,0
stim,3314,3314,1,2336834.519,-0.987,-0.003,0.092,-0.130,1269,0,10,1479,1101,447,0,541,98,0.000,456,0,11.117,0.048,9.740,4.160,3.380,-0.185,-0.036,0.986,-0.036,-0.032,0.024,0.000,0.000,0.008,0.003,2,NULL,NULL,,1,1,2,7,255,,250,0,0
stim,3314,3314,1,2336839.519,-0.987,-0.002,0.092,-0.130,1275,0,9,1496,1192,447,0,553,98,0.000,456,0,10.793,0.073,9.560,3.920,3.120,-0.188,-0.030,0.984,-0.066,-0.032,0.024,0.000,0.000,0.008,0.003,2,NULL,NULL,,1,1,2,7,255,,250,0,0
stim,3360,3360,0,2336879.519,-0.987,0.001,0.093,-0.129,1413,0,18,1617,1421,431,0,535,98,0.000,456,1,7.598,0.078,6.400,3.180,2.580,-0.185,-0.016,0.983,-0.070,-0.034,0.036,0.000,0.000,0.008,0.003,2,NULL,NULL,,1,0,2,7,255,,250,0,0
stim,3360,3360,0,2336884.519,-0.987,0.002,0.093,-0.129,1417,0,16,1605,1327,426,0,531,98,0.000,456,1,6.874,0.059,5.780,2.940,2.280,-0.183,-0.007,0.981,-0.020,0.056,-0.012,0.000,0.000,0.008,0.003,2,NULL,NULL,,1,0,2,7,255,,250,0,0
stim,3360,3360,0,2336889.519,-0.987,0.002,0.093,-0.129,1448,0,9,1613,1239,425,0,527,98,0.000,456,1,6.521,0.104,5.420,2.820,2.280,-0.182,-0.008,0.980,0.022,0.102,-0.038,0.000,0.000,0.008,0.003,2,NULL,NULL,,1,0,2,7,255,,250,0,0
stim,3360,3360,0,2336894.519,-0.987,0.002,0.093,-0.129,1462,0,12,1613,1191,422,0,529,98,0.000,456,1,6.338,0.104,5.180,2.700,2.460,-0.182,-0.014,0.982,0.022,0.102,-0.038,0.000,0.000,0.008,0.003,2,NULL,NULL,,1,0,2,7,255,,250,0,0
stim,3360,3360,0,2336899.519,-0.987,0.002,0.093,-0.129,1467,0,12,1640,1203,416,0,527,98,0.000,456,1,5.956,0.040,4.860,2.580,2.280,-0.184,-0.019,0.983,0.014,0.038,-0.028,0.000,0.000,0.008,0.003,2,NULL,NULL,,1,0,2,7,255,,250,0,0
stim,3360,3360,0,2336904.519,-0.987,0.003,0.093,-0.129,1472,0,13,1653,1203,423,0,519,98,0.000,456,1,5.287,0.016,4.260,2.340,2.080,-0.184,-0.018,0.983,-0.016,-0.002,-0.012,0.000,0.000,0.008,0.003,2,NULL,NULL,,1,0,2,7,255,,250,0,0
stim,3380,3380,0,2336909.519,-0.987,0.003,0.093,-0.129,1483,0,10,1661,1229,417,0,505,98,0.000,456,1,4.563,0.016,3.580,2.200,1.780,-0.181,-0.017,0.982,-0.016,-0.002,-0.012,0.000,0.000,0.008,0.003,2,NULL,NULL,,1,0,2,7,255,,250,0,0
stim,3380,3380,0,2336914.521,-0.987,0.003,0.093,-0.129,1485,0,15,1674,1243,412,0,493,98,0.000,456,1,4.202,0.006,3.400,2.020,1.420,-0.184,-0.015,0.983,-0.006,0.000,-0.012,0.000,0.000,0.008,0.003,2,NULL,NULL,,1,0,2,7,255,,250,0,0
stim,3390,3390,0,2336919.520,-0.987,0.003,0.093,-0.128,1505,0,11,1675,1197,413,0,495,98,0.000,456,1,3.923,0.025,3.220,1.780,1.360,-0.185,-0.012,0.981,-0.006,0.024,-0.028,0.000,0.000,0.008,0.003,2,NULL,NULL,,1,0,2,7,255,,250,0,0
stim,3390,3390,0,2336924.519,-0.987,0.003,0.093,-0.128,1479,0,10,1671,1157,409,0,503,98,0.000,456,1,3.365,0.048,2.600,1.780,1.180,-0.186,-0.011,0.980,-0.014,0.046,-0.030,0.000,0.000,0.008,0.003,2,NULL,NULL,,1,0,2,7,255,,250,0,0
stim,3454,3454,0,2336969.520,-0.987,0.003,0.093,-0.128,1451,0,13,1685,1199,409,0,505,98,0.000,456,1,5.223,0.198,-5.080,-0.420,-1.140,-0.175,-0.092,0.995,-0.094,0.174,0.042,0.000,0.000,0.008,0.003,2,NULL,NULL,,1,0,2,7,255,,250,0,0
stim,3454,3454,0,2336974.519,-0.987,0.004,0.093,-0.128,1461,0,12,1687,1163,410,0,509,98,0.000,456,1,3.860,0.241,0.720,2.320,3.000,-0.149,0.017,0.967,-0.094,0.222,0.042,0.000,0.000,0.008,0.003,2,NULL,NULL,,1,0,2,7,255,,250,0,0
stim,3454,3454,0,2336979.519,-0.987,0.004,0.093,-0.129,1449,0,11,1669,1147,411,0,517,98,0.000,456,1,7.601,0.241,-1.420,-3.040,-6.820,-0.249,0.062,1.017,-0.094,0.222,0.098,0.000,0.000,0.008,0.003,2,NULL,NULL,,1,0,2,7,255,,250,0,0
stim,3454,3454,0,2336984.519,-0.987,0.003,0.093,-0.129,1432,0,10,1673,1189,411,0,517,98,0.000,456,1,6.481,0.225,-6.360,0.120,1.240,-0.143,-0.155,0.944,-0.038,0.222,-0.232,0.000,0.000,0.008,0.003,2,NULL,NULL,,1,0,2,7,255,,250,0,0
stim,3455,3455,0,2336989.519,-0.987,0.004,0.093,-0.128,1429,0,11,1655,1163,417,0,512,98,0.000,456,1,2.468,0.869,0.780,0.320,2.320,-0.185,0.102,0.994,-0.038,0.868,0.080,0.000,0.000,0.008,0.003,2,NULL,NULL,,1,0,2,7,255,,250,0,0
stim,3455,3455,0,2336994.519,-0.987,0.003,0.093,-0.129,1415,0,11,1648,1235,414,0,522,98,0.000,456,1,11.834,0.186,-7.100,-2.680,-9.080,-0.235,-0.047,1.026,-0.038,-0.182,0.080,0.000,0.000,0.008,0.003,2,NULL,NULL,,1,0,2,7,255,,250,0,0
stim,3486,3486,0,2337049.519,-0.987,0.000,0.092,-0.129,1160,0,12,1455,1404,453,0,551,98,0.000,456,1,7.563,0.198,-6.740,-2.600,-2.240,-0.153,-0.020,0.953,0.194,-0.042,-0.354,0.000,0.000,0.008,0.003,2,NULL,NULL,,1,0,2,7,255,,250,0,0
stim,3486,3486,0,2337054.519,-0.987,-0.000,0.092,-0.129,1133,0,7,1431,1419,457,0,549,98,0.000,456,1,9.468,0.173,-8.740,-2.420,-2.720,-0.201,-0.019,1.006,-0.152,0.082,0.246,0.000,0.000,0.008,0.003,2,NULL,NULL,,1,0,2,7,255,,250,0,0
stim,3486,3486,0,2337059.519,-0.987,-0.001,0.091,-0.129,1113,0,7,1395,1449,457,0,563,98,0.000,456,1,7.673,0.115,-6.980,-2.480,-2.000,-0.165,-0.021,0.971,0.114,-0.012,-0.156,0.000,0.000,0.008,0.003,2,NULL,NULL,,1,0,2,7,255,,250,0,0
stim,3486,3486,0,2337064.521,-0.987,-0.001,0.091,-0.130,1101,0,9,1371,1308,461,0,551,98,0.000,456,1,10.184,0.020,-9.480,-2.720,-2.540,-0.180,-0.027,0.987,-0.016,-0.012,0.022,0.000,0.000,0.008,0.003,2,NULL,NULL,,1,0,2,7,255,,250,0,0
stim,3502,3502,0,2337069.520,-0.987,-0.001,0.091,-0.130,1055,0,7,1348,1163,476,0,563,98,0.000,456,1,8.804,0.020,-7.960,-2.660,-2.660,-0.193,-0.016,0.993,-0.016,-0.012,0.022,0.000,0.000,0.008,0.003,2,NULL,NULL,,1,0,2,7,255,,250,0,0
stim,3502,3502,0,2337074.519,-0.987,-0.002,0.091,-0.130,995,0,8,1324,1131,478,0,555,98,0.000,456,1,9.879,0.029,-9.240,-2.780,-2.120,-0.154,-0.028,0.964,-0.016,-0.024,0.022,0.000,0.000,0.008,0.003,2,NULL,NULL,,1,0,2,7,255,,250,0,0
stim,3566,3566,0,2337079.519,-0.987,-0.002,0.091,-0.130,957,0,8,1288,1093,481,0,557,98,0.000,456,1,10.769,0.090,-10.020,-2.720,-2.860,-0.190,-0.028,1.000,-0.090,0.008,0.102,0.000,0.000,0.008,0.003,2,NULL,NULL,,1,0,2,7,255,,250,0,0
stim,3566,3566,0,2337084.519,-0.987,-0.003,0.091,-0.130,903,0,5,1271,1053,485,0,578,98,0.000,456,1,9.579,0.016,-8.620,-2.800,-3.100,-0.181,-0.021,0.984,-0.014,0.008,-0.002,0.000,0.000,0.008,0.003,2,NULL,NULL,,1,0,2,7,255,,250,0,0
stim,3566,3566,0,2337089.519,-0.987,-0.003,0.091,-0.130,851,0,8,1240,1075,473,0,584,98,0.000,456,1,11.083,0.016,-10.400,-2.920,-2.480,-0.158,-0.031,0.970,-0.014,0.008,-0.002,0.000,0.000,0.008,0.003,2,NULL,NULL,,1,0,2,7,255,,250,0,0
stim,3566,3566,0,2337094.519,-0.987,-0.004,0.091,-0.130,800,0,7,1211,1141,483,0,595,98,0.000,456,1,11.185,0.042,-10.460,-2.860,-2.740,-0.188,-0.027,0.999,-0.014,0.040,-0.002,0.000,0.000,0.008,0.003,2,NULL,NULL,,1,0,2,7,255,,250,0,0
stim,3566,3566,0,2337099.519,-0.987,-0.004,0.090,-0.130,750,0,6,1195,1109,487,0,589,98,0.000,456,1,10.849,0.044,-9.900,-2.920,-3.340,-0.180,-0.024,0.983,-0.018,0.040,-0.012,0.000,0.000,0.008,0.003,2,NULL,NULL,,1,0,2,7,255,,250,0,0
stim,3566,3566,0,2337104.519,-0.987,-0.005,0.090,-0.130,690,0,3,1157,1085,495,0,596,98,0.000,456,1,12.105,0.044,-11.300,-3.100,-3.040,-0.164,-0.035,0.978,-0.018,0.040,-0.012,0.000,0.000,0.008,0.003,2,NULL,NULL,,1,0,2,7,255,,250,0,0
stim,3582,3582,0,2337109.519,-0.987,-0.005,0.090,-0.130,667,0,4,1107,1103,500,0,601,98,0.000,456,1,11.764,0.018,-11.120,-2.860,-2.560,-0.177,-0.030,0.992,0.004,0.018,-0.012,0.000,0.000,0.008,0.003,2,NULL,NULL,,1,0,2,7,255,,250,0,0
stim,3582,3582,0,2337114.521,-0.987,-0.005,0.090,-0.130,619,0,5,1068,1196,491,0,599,98,0.000,456,1,11.464,0.018,-10.640,-2.800,-3.220,-0.179,-0.025,0.985,0.004,0.018,0.000,0.000,0.000,0.008,0.003,2,NULL,NULL,,1,0,2,7,255,,250,0,0
stim,3647,3647,0,2337169.520,-0.987,-0.011,0.089,-0.131,482,0,2,851,895,503,0,615,98,0.000,456,1,10.052,0.097,-9.780,-1.580,-1.700,-0.167,-0.053,0.991,0.012,-0.096,0.016,0.000,0.000,0.008,0.003,2,NULL,NULL,,1,0,2,7,255,,250,0,0
stim,3647,3647,0,2337174.519,-0.987,-0.012,0.089,-0.131,479,0,2,827,908,504,0,623,98,0.000,456,1,9.179,0.102,-8.920,-1.260,-1.760,-0.163,-0.055,0.991,0.028,-0.098,0.044,0.000,0.000,0.008,0.003,2,NULL,NULL,,1,0,2,7,255,,250,0,0
stim,3666,3666,0,2337179.519,-0.987,-0.012,0.089,-0.131,481,0,2,819,904,517,0,629,98,0.000,456,1,8.106,0.102,-7.840,-0.960,-1.820,-0.167,-0.055,0.992,0.028,-0.098,0.052,0.000,0.000,0.008,0.003,2,NULL,NULL,,1,0,2,7,255,,250,0,0
stim,3666,3666,0,2337184.519,-0.987,-0.013,0.089,-0.131,477,0,2,809,907,525,0,636,98,0.000,456,1,7.328,0.109,-7.160,-0.600,-1.440,-0.167,-0.057,0.990,0.024,-0.106,0.044,0.000,0.000,0.008,0.003,2,NULL,NULL,,1,0,2,7,255,,250,0,0
stim,3666,3666,0,2337189.519,-0.987,-0.013,0.089,-0.131,481,0,3,805,889,527,0,646,98,0.000,456,1,6.590,0.109,-6.540,-0.220,-0.780,-0.164,-0.063,0.992,0.024,-0.106,0.054,0.000,0.000,0.008,0.003,2,NULL,NULL,,1,0,2,7,255,,250,0,0
stim,3666,3666,0,2337194.519,-0.987,-0.013,0.089,-0.131,474,0,3,796,927,528,0,646,98,0.000,456,1,5.585,0.165,-5.580,0.080,-0.220,-0.165,-0.066,0.997,0.020,-0.164,0.054,0.000,0.000,0.008,0.003,2,NULL,NULL,,1,0,2,7,255,,250,0,0
stim,3666,3666,0,2337199.519,-0.987,-0.014,0.089,-0.131,481,0,1,778,990,531,0,648,98,0.000,456,1,4.398,0.182,-4.360,0.560,0.140,-0.158,-0.069,0.992,0.028,-0.180,0.054,0.000,0.000,0.008,0.003,2,NULL,NULL,,1,0,2,7,255,,250,0,0
stim,3666,3666,0,2337204.519,-0.987,-0.014,0.089,-0.131,479,0,4,766,1065,535,0,651,98,0.000,456,1,3.513,0.226,-3.320,1.120,0.260,-0.156,-0.078,0.996,0.068,-0.216,0.088,0.000,0.000,0.008,0.003,2,NULL,NULL,,1,0,2,7,255,,250,0,0
stim,3678,3678,0,2337209.519,-0.987,-0.014,0.089,-0.131,480,0,6,765,1163,531,0,652,98,0.000,456,1,2.446,0.294,-1.600,1.720,0.680,-0.158,-0.079,0.996,0.068,-0.286,0.088,0.000,0.000,0.008,0.003,2,NULL,NULL,,1,0,2,7,255,,250,0,0
stim,3678,3678,0,2337214.521,-0.987,-0.015,0.089,-0.131,485,0,1,765,1241,531,0,652,98,0.000,456,1,2.548,0.299,-0.200,2.280,1.120,-0.157,-0.081,0.993,0.054,-0.294,0.088,0.000,0.000,0.008,0.003,2,NULL,NULL,,1,0,2,7,255,,250,0,0
stim,3696,3696,0,2337219.520,-0.987,-0.015,0.089,-0.131,488,0,4,768,1277,534,0,651,98,0.000,456,1,3.576,0.305,1.260,2.940,1.600,-0.156,-0.083,0.995,0.054,-0.300,0.080,0.000,0.000,0.008,0.003,2,NULL,NULL,,1,0,2,7,255,,250,0,0
stim,3696,3696,0,2337224.519,-0.987,-0.015,0.089,-0.131,491,0,4,779,1209,533,0,647,98,0.000,456,1,4.924,0.315,2.780,3.560,1.960,-0.154,-0.082,0.995,0.056,-0.310,0.070,0.000,0.000,0.008,0.003,2,NULL,NULL,,1,0,2,7,255,,250,0,0
stim,3764,3764,0,2337269.521,-0.987,-0.012,0.090,-0.130,663,0,5,939,1241,520,0,613,98,0.000,456,1,14.200,0.032,12.120,6.420,3.680,-0.177,-0.044,0.988,-0.018,0.026,0.034,0.000,0.000,0.008,0.003,2,NULL,NULL,,1,0,2,7,255,,250,0,0
stim,3764,3764,0,2337274.519,-0.987,-0.011,0.090,-0.130,729,0,8,971,1273,510,0,615,98,0.000,456,1,14.336,0.066,12.260,6.420,3.740,-0.179,-0.040,0.987,-0.038,0.054,0.018,0.000,0.000,0.008,0.003,2,NULL,NULL,,1,0,2,7,255,,250,0,0
stim,3764,3764,0,2337279.519,-0.987,-0.010,0.090,-0.130,766,0,4,1035,1229,507,0,608,98,0.000,456,1,14.486,0.096,12.380,6.420,3.920,-0.180,-0.038,0.988,-0.046,0.084,0.018,0.000,0.000,0.008,0.003,2,NULL,NULL,,1,0,2,7,255,,250,0,0
stim,3764,3764,0,2337284.519,-0.987,-0.010,0.090,-0.130,887,0,5,1069,1216,496,0,610,98,0.000,456,1,14.612,0.107,12.500,6.360,4.100,-0.182,-0.035,0.988,-0.052,0.094,0.020,0.000,0.000,0.008,0.003,2,NULL,NULL,,1,0,2,7,255,,250,0,0
stim,3764,3764,0,2337289.519,-0.987,-0.009,0.090,-0.129,968,0,6,1127,1195,501,0,601,98,0.000,456,1,14.569,0.123,12.440,6.300,4.220,-0.184,-0.034,0.988,-0.054,0.110,0.022,0.000,0.000,0.008,0.003,2,NULL,NULL,,1,0,2,7,255,,250,0,0
stim,3764,3764,0,2337294.519,-0.987,-0.008,0.091,-0.129,1023,0,6,1159,1231,494,0,597,98,0.000,456,1,14.500,0.124,12.320,6.240,4.420,-0.182,-0.032,0.986,-0.054,0.112,0.022,0.000,0.000,0.008,0.003,2,NULL,NULL,,1,0,2,7,255,,250,0,0
stim,3781,3781,0,2337299.519,-0.987,-0.008,0.091,-0.129,1077,0,8,1191,1214,490,0,588,98,0.000,456,1,14.279,0.120,12.120,6.120,4.420,-0.182,-0.033,0.988,-0.048,0.110,0.026,0.000,0.000,0.008,0.003,2,NULL,NULL,,1,0,2,7,255,,250,0,0
stim,3781,3781,0,2337304.519,-0.987,-0.007,0.091,-0.129,1105,0,9,1242,1187,487,0,585,98,0.000,456,1,14.203,0.095,12.120,6.000,4.340,-0.180,-0.033,0.988,-0.040,0.086,0.024,0.000,0.000,0.008,0.003,2,NULL,NULL,,1,0,2,7,255,,250,0,0
stim,3781,3781,0,2337309.519,-0.987,-0.007,0.091,-0.129,1139,0,8,1291,1165,485,0,576,98,0.000,456,1,14.067,0.095,12.120,5.760,4.220,-0.185,-0.029,0.987,-0.040,0.086,0.024,0.000,0.000,0.008,0.003,2,NULL,NULL,,1,0,2,7,255,,250,0,0
stim,3781,3781,0,2337314.521,-0.987,-0.006,0.091,-0.129,1175,0,8,1319,1191,487,0,579,98,0.000,456,1,13.900,0.085,11.940,5.640,4.340,-0.182,-0.030,0.985,-0.038,0.076,0.016,0.000,0.000,0.008,0.003,2,NULL,NULL,,1,0,2,7,255,,250,0,0
stim,3806,3806,0,2337349.519,-0.987,-0.002,0.092,-0.128,1351,0,7,1541,1111,442,0,547,98,0.000,456,1,13.076,0.040,11.460,4.780,4.100,-0.182,-0.024,0.985,-0.012,0.038,-0.008,0.000,0.000,0.008,0.003,2,NULL,NULL,,1,0,2,7,255,,250,0,0
stim,3806,3806,0,2337354.519,-0.988,-0.001,0.092,-0.128,1362,0,11,1557,1093,443,0,546,98,0.000,456,1,12.751,0.043,11.160,4.660,4.040,-0.181,-0.021,0.983,-0.010,0.042,-0.016,0.000,0.000,0.008,0.003,2,NULL,NULL,,1,0,2,7,255,,250,0,0
stim,3806,3806,0,2337359.519,-0.988,-0.001,0.092,-0.128,1387,0,11,1575,1049,440,0,538,98,0.000,456,1,12.164,0.057,10.540,4.480,4.100,-0.183,-0.019,0.981,-0.012,0.056,-0.024,0.000,0.000,0.008,0.003,2,NULL,NULL,,1,0,2,7,255,,250,0,0
stim,3806,3806,0,2337364.521,-0.988,-0.000,0.092,-0.127,1430,0,11,1587,1034,430,0,534,98,0.000,456,1,11.656,0.066,10.000,4.420,4.040,-0.184,-0.019,0.982,-0.014,0.064,-0.028,0.000,0.000,0.008,0.003,2,NULL,NULL,,1,0,2,7,255,,250,0,0
stim,3870,3870,0,2337369.520,-0.988,0.000,0.092,-0.127,1447,0,18,1611,1081,429,0,519,98,0.000,456,1,11.266,0.066,9.680,4.280,3.860,-0.182,-0.018,0.983,-0.014,0.064,-0.028,0.000,0.000,0.008,0.003,2,NULL,NULL,,1,0,2,7,255,,250,0,0
stim,3870,3870,0,2337374.519,-0.988,0.001,0.093,-0.127,1464,0,12,1619,1116,423,0,524,98,0.000,456,1,10.849,0.064,9.320,4.160,3.680,-0.183,-0.015,0.983,-0.002,0.064,-0.022,0.000,0.000,0.008,0.003,2,NULL,NULL,,1,0,2,7,255,,250,0,0
stim,3870,3870,0,2337379.519,-0.988,0.001,0.093,-0.127,1479,0,12,1639,1215,419,0,520,98,0.000,456,1,10.348,0.076,8.840,3.980,3.620,-0.184,-0.014,0.981,-0.002,0.076,-0.022,0.000,0.000,0.008,0.003,2,NULL,NULL,,1,0,2,7,255,,250,0,0
stim,3870,3870,0,2337384.519,-0.988,0.001,0.093,-0.127,1507,0,9,1643,1255,413,0,511,98,0.000,456,1,9.754,0.076,8.220,3.860,3.560,-0.183,-0.015,0.982,-0.004,0.076,-0.030,0.000,0.000,0.008,0.003,2,NULL,NULL,,1,0,2,7,255,,250,0,0
stim,3870,3870,0,2337389.519,-0.988,0.002,0.093,-0.127,1527,0,13,1657,1433,405,0,509,98,0.000,456,1,9.226,0.080,7.800,3.660,3.300,-0.184,-0.012,0.981,-0.006,0.080,-0.038,0.000,0.000,0.008,0.003,2,NULL,NULL,,1,0,2,7,255,,250,0,0
stim,3870,3870,0,2337394.519,-0.988,0.002,0.093,-0.127,1533,0,13,1671,1815,399,0,503,98,0.000,456,1,8.697,0.084,7.360,3.480,3.060,-0.184,-0.009,0.981,-0.004,0.084,-0.038,0.000,0.000,0.008,0.003,2,NULL,NULL,,1,0,2,7,255,,250,0,0
stim,3887,3887,0,2337399.519,-0.988,0.003,0.093,-0.127,1553,0,12,1688,1995,395,0,475,98,0.000,456,1,8.060,0.096,6.820,3.240,2.820,-0.188,-0.008,0.980,-0.006,0.096,-0.038,0.000,0.000,0.008,0.003,2,NULL,NULL,,1,0,2,7,255,,250,0,0
stim,3887,3887,0,2337404.519,-0.988,0.003,0.093,-0.127,1517,0,9,1699,2111,358,0,457,98,0.000,456,1,7.393,0.101,6.140,3.000,2.820,-0.189,-0.009,0.982,-0.032,0.096,-0.038,0.000,0.000,0.008,0.003,2,NULL,NULL,,1,0,2,7,255,,250,0,0
stim,3887,3887,0,2337409.519,-0.988,0.003,0.093,-0.127,1475,0,9,1703,2013,341,0,432,98,0.000,456,1,6.778,0.101,5.480,2.820,2.820,-0.188,-0.011,0.984,-0.032,0.096,-0.024,0.000,0.000,0.008,0.003,2,NULL,NULL,,1,0,2,7,255,,250,0,0
stim,3887,3887,0,2337414.521,-0.988,0.004,0.093,-0.126,1445,0,6,1707,1832,327,0,424,98,0.000,456,1,6.273,0.069,5.040,2.700,2.580,-0.185,-0.011,0.983,-0.030,0.062,-0.016,0.000,0.000,0.008,0.003,2,NULL,NULL,,1,0,2,7,255,,250,0,0
stim,3902,3902,0,2337419.555,-0.988,0.004,0.093,-0.126,1421,0,7,1723,1769,302,0,411,98,0.000,456,1,5.718,0.067,4.680,2.440,2.200,-0.187,-0.010,0.982,-0.026,0.062,-0.016,0.000,0.000,0.008,0.003,2,NULL,NULL,,1,0,2,7,255,,250,0,0
stim,3934,3934,0,2337424.554,-0.988,0.004,0.093,-0.126,1427,0,9,1740,1514,306,0,401,98,0.000,456,1,5.231,0.056,4.140,2.320,2.200,-0.188,-0.011,0.982,-0.026,0.050,-0.020,0.000,0.000,0.008,0.003,2,NULL,NULL,,1,0,2,7,255,,250,0,0
stim,3934,3934,0,2337429.554,-0.988,0.004,0.093,-0.126,1427,0,7,1749,1332,304,0,395,98,0.000,456,1,4.763,0.067,3.640,2.080,2.260,-0.188,-0.010,0.981,-0.036,0.056,-0.026,0.000,0.000,0.008,0.003,2,NULL,NULL,,1,0,2,7,255,,250,0,0
stim,3934,3934,0,2337434.554,-0.988,0.005,0.093,-0.126,1422,0,10,1751,1209,313,0,391,98,0.000,456,1,4.426,0.062,3.280,2.040,2.160,-0.184,-0.011,0.982,-0.036,0.050,-0.026,0.000,0.000,0.008,0.003,2,NULL,NULL,,1,0,2,7,255,,250,0,0
stim,3934,3934,0,2337439.554,-0.988,0.005,0.093,-0.126,1431,0,5,1751,1159,313,0,393,98,0.000,456,1,3.876,0.032,2.980,1.840,1.660,-0.184,-0.011,0.982,0.002,0.032,-0.032,0.000,0.000,0.008,0.003,2,NULL,NULL,,1,0,2,7,255,,250,0,0
stim,3934,3934,0,2337444.555,-0.988,0.005,0.093,-0.126,1417,0,8,1753,1109,311,0,383,98,0.000,456,1,3.255,0.032,2.480,1.660,1.300,-0.187,-0.009,0.983,0.002,0.032,-0.026,0.000,0.000,0.008,0.003,2,NULL,NULL,,1,0,2,7,255,,250,0,0
stim,3934,3934,0,2337449.554,-0.988,0.005,0.093,-0.126,1425,0,12,1754,1105,307,0,388,98,0.000,456,1,2.988,0.030,2.240,1.540,1.240,-0.186,-0.011,0.982,-0.012,0.028,-0.022,0.000,0.000,0.008,0.003,2,NULL,NULL,,1,0,2,7,255,,250,0,0
stim,3950,3950,0,2337469.555,-0.988,0.005,0.093,-0.126,1477,0,11,1768,1701,327,0,402,98,0.000,456,1,1.273,0.046,0.720,1.000,0.320,-0.185,-0.005,0.981,0.000,0.046,-0.038,0.000,0.000,0.008,0.003,2,NULL,NULL,,1,0,2,7,255,,250,0,0
stim,3982,3982,0,2337474.554,-0.988,0.005,0.093,-0.126,1481,0,11,1769,1469,330,0,407,98,0.000,456,1,0.753,0.047,0.100,0.740,-0.100,-0.186,-0.009,0.981,-0.010,0.046,-0.038,0.000,0.000,0.008,0.003,2,NULL,NULL,,1,0,2,7,255,,250,0,0
stim,3982,3982,0,2337479.554,-0.988,0.005,0.093,-0.126,1466,0,7,1769,1182,325,0,403,98,0.000,456,1,0.624,0.043,-0.380,0.360,-0.340,-0.186,-0.008,0.981,-0.008,0.042,-0.036,0.000,0.000,0.008,0.003,2,NULL,NULL,,1,0,2,7,255,,250,0,0
stim,3982,3982,0,2337484.554,-0.988,0.005,0.093,-0.126,1464,0,9,1764,997,329,0,403,98,0.000,456,1,1.160,0.043,-0.800,0.180,-0.820,-0.187,-0.005,0.981,-0.010,0.042,-0.034,0.000,0.000,0.008,0.003,2,NULL,NULL,,1,0,2,7,255,,250,0,0
stim,3982,3982,0,2337489.554,-0.988,0.005,0.093,-0.126,1453,0,10,1759,965,327,0,399,98,0.000,456,1,1.748,0.073,-1.360,-0.200,-1.080,-0.190,-0.005,0.984,-0.012,0.072,-0.030,0.000,0.000,0.008,0.003,2,NULL,NULL,,1,0,2,7,255,,250,0,0
stim,3982,3982,0,2337494.554,-0.988,0.005,0.093,-0.126,1421,0,6,1757,865,328,0,401,98,0.000,456,1,2.180,0.080,-1.780,-0.380,-1.200,-0.189,-0.007,0.982,-0.036,0.072,-0.014,0.000,0.000,0.008,0.003,2,NULL,NULL,,1,0,2,7,255,,250,0,0
stim,3982,3982,0,2337499.554,-0.988,0.005,0.093,-0.126,1427,0,9,1751,794,337,0,400,98,0.000,456,1,2.613,0.069,-2.220,-0.560,-1.260,-0.189,-0.010,0.984,-0.038,0.058,0.002,0.000,0.000,0.008,0.003,2,NULL,NULL,,1,0,2,7,255,,250,0,0
stim,3982,3982,0,2337504.554,-0.988,0.005,0.093,-0.126,1413,0,8,1741,768,341,0,404,98,0.000,456,1,2.916,0.059,-2.580,-0.740,-1.140,-0.190,-0.010,0.984,-0.044,0.040,0.002,0.000,0.000,0.008,0.003,2,NULL,NULL,,1,0,2,7,255,,250,0,0
stim,3982,3982,0,2337509.554,-0.988,0.005,0.093,-0.126,1399,0,7,1733,1001,335,0,407,98,0.000,456,1,3.285,0.058,-2.940,-0.920,-1.140,-0.188,-0.011,0.984,-0.044,0.038,0.002,0.000,0.000,0.008,0.003,2,NULL,NULL,,1,0,2,7,255,,250,0,0
stim,3982,3982,0,2337514.556,-0.988,0.005,0.093,-0.126,1389,0,8,1720,1223,345,0,411,98,0.000,456,1,3.745,0.050,-3.300,-1.180,-1.320,-0.188,-0.010,0.984,-0.030,0.040,0.002,0.000,0.000,0.008,0.003,2,NULL,NULL,,1,0,2,7,255,,250,0,0
stim,4014,4014,0,2337554.554,-0.988,0.003,0.092,-0.127,1235,0,7,1593,1004,367,0,465,98,0.000,456,1,6.944,0.016,-6.120,-2.340,-2.300,-0.182,-0.015,0.984,0.004,0.016,-0.008,0.000,0.000,0.008,0.003,2,NULL,NULL,,1,0,2,7,255,,250,0,0
stim,4014,4014,0,2337559.554,-0.988,0.003,0.092,-0.127,1215,0,8,1581,999,371,0,451,98,0.000,456,1,7.197,0.016,-6.360,-2.460,-2.300,-0.182,-0.016,0.983,0.004,0.016,-0.016,0.000,0.000,0.008,0.003,2,NULL,NULL,,1,0,2,7,255,,250,0,0
stim,4014,4014,0,2337564.556,-0.988,0.002,0.092,-0.127,1194,0,5,1574,1041,367,0,470,98,0.000,456,1,7.575,0.018,-6.720,-2.580,-2.360,-0.181,-0.015,0.984,0.008,0.016,-0.014,0.000,0.000,0.008,0.003,2,NULL,NULL,,1,0,2,7,255,,250,0,0
stim,4083,4083,0,2337569.555,-0.988,0.002,0.092,-0.127,1175,0,5,1551,965,362,0,469,98,0.000,456,1,8.024,0.014,-7.160,-2.640,-2.480,-0.179,-0.017,0.983,0.012,0.008,-0.016,0.000,0.000,0.008,0.003,2,NULL,NULL,,1,0,2,7,255,,250,0,0
stim,4083,4083,0,2337574.554,-0.988,0.002,0.092,-0.127,1134,0,6,1527,997,381,0,479,98,0.000,456,1,8.280,0.024,-7.340,-2.700,-2.720,-0.180,-0.017,0.984,0.014,0.020,-0.014,0.000,0.000,0.008,0.003,2,NULL,NULL,,1,0,2,7,255,,250,0,0
stim,4083,4083,0,2337579.554,-0.988,0.001,0.092,-0.127,1105,0,3,1505,1125,377,0,485,98,0.000,456,1,8.499,0.015,-7.520,-2.820,-2.780,-0.180,-0.019,0.983,0.014,0.006,-0.018,0.000,0.000,0.008,0.003,2,NULL,NULL,,1,0,2,7,255,,250,0,0
stim,4083,4083,0,2337584.554,-0.988,0.001,0.092,-0.127,1079,0,5,1472,1199,384,0,479,98,0.000,456,1,8.824,0.021,-7.820,-2.880,-2.900,-0.180,-0.018,0.981,0.006,0.020,-0.018,0.000,0.000,0.008,0.003,2,NULL,NULL,,1,0,2,7,255,,250,0,0
stim,4083,4083,0,2337589.554,-0.988,0.000,0.092,-0.127,1048,0,5,1455,1177,399,0,490,98,0.000,456,1,9.307,0.021,-8.320,-2.940,-2.960,-0.179,-0.017,0.982,0.006,0.020,-0.034,0.000,0.000,0.008,0.003,2,NULL,NULL,,1,0,2,7,255,,250,0,0
stim,4083,4083,0,2337594.554,-0.988,0.000,0.091,-0.127,1021,0,4,1432,1039,408,0,477,98,0.000,456,1,9.884,0.043,-8.920,-3.060,-2.960,-0.179,-0.012,0.979,0.016,0.040,-0.038,0.000,0.000,0.008,0.003,2,NULL,NULL,,1,0,2,7,255,,250,0,0
stim,4084,4084,0,2337619.555,-0.988,-0.002,0.091,-0.128,935,0,8,1285,1305,483,0,555,98,0.000,456,1,12.552,0.027,-11.680,-3.300,-3.200,-0.178,-0.023,0.982,0.008,0.026,-0.018,0.000,0.000,0.008,0.003,2,NULL,NULL,,1,0,2,7,255,,250,0,0
stim,4160,4160,0,2337669.555,-0.988,-0.008,0.090,-0.129,474,0,0,905,1088,467,0,547,98,0.000,456,1,14.073,0.030,-13.200,-3.440,-3.460,-0.169,-0.041,0.986,0.024,-0.018,-0.004,0.000,0.000,0.008,0.003,2,NULL,NULL,,1,0,2,7,255,,250,0,0
stim,4160,4160,0,2337674.554,-0.988,-0.009,0.089,-0.129,435,0,0,890,963,423,0,492,98,0.000,456,1,13.777,0.030,-12.900,-3.380,-3.460,-0.174,-0.037,0.988,0.024,-0.018,-0.002,0.000,0.000,0.008,0.003,2,NULL,NULL,,1,0,2,7,255,,250,0,0
stim,4160,4160,0,2337679.554,-0.988,-0.009,0.089,-0.129,438,0,0,875,861,458,0,541,98,0.000,456,1,13.662,0.053,-12.900,-3.140,-3.220,-0.168,-0.044,0.983,0.032,-0.042,-0.004,0.000,0.000,0.008,0.003,2,NULL,NULL,,1,0,2,7,255,,250,0,0
stim,4160,4160,0,2337684.554,-0.988,-0.010,0.089,-0.129,409,0,0,851,855,413,0,488,98,0.000,456,1,13.400,0.037,-12.720,-3.000,-2.960,-0.168,-0.042,0.986,0.032,-0.018,-0.004,0.000,0.000,0.008,0.003,2,NULL,NULL,,1,0,2,7,255,,250,0,0
stim,4160,4160,0,2337689.554,-0.988,-0.011,0.089,-0.129,397,0,0,843,912,416,0,505,98,0.000,456,1,13.131,0.037,-12.520,-2.760,-2.840,-0.169,-0.043,0.987,0.032,-0.018,-0.004,0.000,0.000,0.008,0.003,2,NULL,NULL,,1,0,2,7,255,,250,0,0
stim,4181,4181,0,2337694.554,-0.988,-0.011,0.089,-0.129,496,0,2,837,883,529,0,638,98,0.000,456,1,12.541,0.040,-11.980,-2.520,-2.720,-0.165,-0.047,0.987,0.036,-0.018,0.000,0.000,0.000,0.008,0.003,2,NULL,NULL,,1,0,2,7,255,,250,0,0
stim,4181,4181,0,2337699.554,-0.988,-0.012,0.089,-0.129,480,0,1,808,883,535,0,637,98,0.000,456,1,11.967,0.072,-11.480,-2.160,-2.600,-0.165,-0.052,0.987,0.046,-0.056,0.008,0.000,0.000,0.008,0.003,2,NULL,NULL,,1,0,2,7,255,,250,0,0
stim,4181,4181,0,2337704.554,-0.988,-0.012,0.089,-0.129,475,0,0,799,972,533,0,645,98,0.000,456,1,11.180,0.091,-10.820,-1.780,-2.180,-0.167,-0.053,0.990,0.046,-0.078,0.008,0.000,0.000,0.008,0.003,2,NULL,NULL,,1,0,2,7,255,,250,0,0
stim,4181,4181,0,2337709.554,-0.988,-0.013,0.089,-0.129,477,0,1,773,1036,533,0,647,98,0.000,456,1,10.337,0.096,-10.080,-1.420,-1.800,-0.164,-0.057,0.990,0.046,-0.084,0.036,0.000,0.000,0.008,0.003,2,NULL,NULL,,1,0,2,7,255,,250,0,0
stim,4181,4181,0,2337714.556,-0.988,-0.013,0.089,-0.129,473,0,3,733,1067,537,0,636,98,0.000,456,1,9.449,0.123,-9.300,-0.940,-1.380,-0.160,-0.067,0.993,0.046,-0.114,0.038,0.000,0.000,0.008,0.003,2,NULL,NULL,,1,0,2,7,255,,250,0,0
stim,4193,4193,0,2337719.554,-0.988,-0.014,0.089,-0.129,473,0,1,729,1053,542,0,645,98,0.000,456,1,8.108,0.194,-8.020,-0.500,-1.080,-0.165,-0.068,0.998,0.046,-0.188,0.058,0.000,0.000,0.008,0.003,2,NULL,NULL,,1,0,2,7,255,,250,0,0
stim,4193,4193,0,2337724.554,-0.988,-0.014,0.088,-0.129,476,0,2,727,1047,547,0,666,98,0.000,456,1,6.796,0.208,-6.780,-0.080,-0.460,-0.160,-0.072,0.993,0.050,-0.202,0.062,0.000,0.000,0.008,0.003,2,NULL,NULL,,1,0,2,7,255,,250,0,0
stim,4211,4211,0,2337754.554,-0.988,-0.016,0.088,-0.129,489,0,7,740,1207,542,0,634,98,0.000,456,1,5.654,0.386,3.340,4.080,2.040,-0.151,-0.089,0.996,0.080,-0.378,0.090,0.000,0.000,0.008,0.003,2,NULL,NULL,,1,0,2,7,255,,250,0,0
stim,4211,4211,0,2337759.554,-0.988,-0.016,0.088,-0.129,493,0,6,745,1155,542,0,638,98,0.000,456,1,7.476,0.361,5.240,4.820,2.280,-0.153,-0.086,0.997,0.080,-0.352,0.092,0.000,0.000,0.008,0.003,2,NULL,NULL,,1,0,2,7,255,,250,0,0
stim,4211,4211,0,2337764.556,-0.988,-0.016,0.088,-0.129,505,0,4,759,1171,539,0,639,98,0.000,456,1,9.218,0.331,7.060,5.420,2.400,-0.156,-0.083,0.997,0.076,-0.322,0.090,0.000,0.000,0.008,0.003,2,NULL,NULL,,1,0,2,7,255,,250,0,0
stim,4270,4270,0,2337769.555,-0.988,-0.016,0.089,-0.129,520,0,1,791,1191,543,0,648,98,0.000,456,1,10.918,0.288,8.780,5.920,2.660,-0.163,-0.076,0.996,0.056,-0.282,0.090,0.000,0.000,0.008,0.003,2,NULL,NULL,,1,0,2,7,255,,250,0,0
stim,4270,4270,0,2337774.554,-0.988,-0.015,0.089,-0.129,533,0,7,811,1129,539,0,643,98,0.000,456,1,12.417,0.205,10.240,6.340,3.020,-0.167,-0.070,0.996,0.016,-0.204,0.090,0.000,0.000,0.008,0.003,2,NULL,NULL,,1,0,2,7,255,,250,0,0
stim,4270,4270,0,2337779.554,-0.988,-0.015,0.089,-0.128,541,0,8,853,1158,538,0,621,98,0.000,456,1,13.760,0.144,11.460,6.700,3.620,-0.169,-0.065,0.994,-0.010,-0.144,0.090,0.000,0.000,0.008,0.003,2,NULL,NULL,,1,0,2,7,255,,250,0,0
stim,4270,4270,0,2337784.554,-0.988,-0.014,0.089,-0.128,556,0,3,864,1333,537,0,629,98,0.000,456,1,14.633,0.098,12.260,6.880,4.060,-0.171,-0.061,0.993,-0.020,-0.096,0.070,0.000,0.000,0.008,0.003,2,NULL,NULL,,1,0,2,7,255,,250,0,0
stim,4270,4270,0,2337789.554,-0.988,-0.014,0.089,-0.128,596,0,4,890,1400,532,0,619,98,0.000,456,1,15.609,0.063,13.240,7.060,4.300,-0.173,-0.055,0.994,-0.020,-0.060,0.070,0.000,0.000,0.008,0.003,2,NULL,NULL,,1,0,2,7,255,,250,0,0
stim,4270,4270,0,2337794.554,-0.988,-0.013,0.089,-0.128,657,0,5,920,1372,531,0,619,98,0.000,456,1,16.362,0.031,14.080,7.140,4.300,-0.178,-0.047,0.992,-0.026,-0.016,0.066,0.000,0.000,0.008,0.003,2,NULL,NULL,,1,0,2,7,255,,250,0,0
stim,4286,4286,0,2337799.554,-0.988,-0.012,0.090,-0.128,745,0,6,956,1319,521,0,613,98,0.000,456,1,16.929,0.079,14.700,7.140,4.420,-0.179,-0.042,0.989,-0.052,0.060,0.056,0.000,0.000,0.008,0.003,2,NULL,NULL,,1,0,2,7,255,,250,0,0
stim,4286,4286,0,2337804.554,-0.988,-0.012,0.090,-0.128,807,0,5,1007,1215,508,0,609,98,0.000,456,1,17.117,0.092,14.880,7.140,4.540,-0.179,-0.042,0.989,-0.052,0.076,0.032,0.000,0.000,0.008,0.003,2,NULL,NULL,,1,0,2,7,255,,250,0,0
stim,4286,4286,0,2337809.554,-0.988,-0.011,0.090,-0.128,931,0,5,1072,1333,496,0,603,98,0.000,456,1,17.520,0.102,15.240,7.200,4.780,-0.183,-0.036,0.988,-0.052,0.088,0.026,0.000,0.000,0.008,0.003,2,NULL,NULL,,1,0,2,7,255,,250,0,0
stim,4286,4286,0,2337814.556,-0.988,-0.010,0.090,-0.127,1016,0,11,1128,1389,505,0,597,98,0.000,456,1,17.680,0.141,15.360,7.200,4.980,-0.184,-0.030,0.986,-0.060,0.128,0.024,0.000,0.000,0.008,0.003,2,NULL,NULL,,1,0,2,7,255,,250,0,0
stim,4334,4334,0,2337869.555,-0.988,-0.002,0.092,-0.126,1471,0,11,1594,1493,435,0,535,98,0.000,456,1,16.583,0.058,14.640,5.780,5.220,-0.183,-0.024,0.986,-0.032,0.048,0.002,0.000,0.000,0.008,0.003,2,NULL,NULL,,1,0,2,7,255,,250,0,0
stim,4334,4334,0,2337874.554,-0.988,-0.001,0.092,-0.126,1501,0,8,1621,1261,429,0,529,98,0.000,456,1,16.344,0.058,14.460,5.660,5.100,-0.187,-0.017,0.983,-0.032,0.048,0.000,0.000,0.000,0.008,0.003,2,NULL,NULL,,1,0,2,7,255,,250,0,0
stim,4366,4366,0,2337879.554,-0.988,-0.000,0.092,-0.125,1526,0,7,1637,1126,416,0,519,98,0.000,456,1,15.584,0.116,13.600,5.420,5.340,-0.186,-0.015,0.979,-0.038,0.110,-0.020,0.000,0.000,0.008,0.003,2,NULL,NULL,,1,0,2,7,255,,250,0,0
stim,4366,4366,0,2337884.554,-0.988,0.000,0.092,-0.125,1568,0,11,1657,1145,409,0,505,98,0.000,456,1,14.863,0.116,12.740,5.240,5.580,-0.185,-0.017,0.982,-0.038,0.110,-0.032,0.000,0.000,0.008,0.003,2,NULL,NULL,,1,0,2,7,255,,250,0,0
stim,4366,4366,0,2337889.554,-0.988,0.001,0.093,-0.125,1584,0,9,1679,1287,401,0,501,98,0.000,456,1,14.594,0.078,12.500,5.060,5.580,-0.186,-0.016,0.985,-0.026,0.074,-0.032,0.000,0.000,0.008,0.003,2,NULL,NULL,,1,0,2,7,255,,250,0,0
stim,4366,4366,0,2337894.554,-0.988,0.002,0.093,-0.125,1587,0,11,1700,1351,371,0,459,98,0.000,456,1,14.576,0.078,12.500,4.940,5.640,-0.187,-0.011,0.982,-0.026,0.074,-0.028,0.000,0.000,0.008,0.003,2,NULL,NULL,,1,0,2,7,255,,250,0,0
stim,4366,4366,0,2337899.554,-0.988,0.002,0.093,-0.125,1557,0,5,1712,1325,339,0,423,98,0.000,456,1,14.194,0.111,12.020,4.880,5.760,-0.188,-0.005,0.979,-0.026,0.108,-0.028,0.000,0.000,0.008,0.003,2,NULL,NULL,,1,0,2,7,255,,250,0,0
stim,4366,4366,0,2337904.554,-0.988,0.003,0.093,-0.124,1509,0,6,1741,1165,328,0,394,98,0.000,456,1,13.616,0.148,11.340,4.640,5.940,-0.188,-0.002,0.981,-0.026,0.146,-0.036,0.000,0.000,0.008,0.003,2,NULL,NULL,,1,0,2,7,255,,250,0,0
stim,4366,4366,0,2337909.554,-0.988,0.004,0.093,-0.124,1497,0,5,1748,998,313,0,377,98,0.000,456,1,13.290,0.148,10.860,4.500,6.200,-0.190,-0.003,0.982,-0.026,0.146,-0.036,0.000,0.000,0.008,0.003,2,NULL,NULL,,1,0,2,7,255,,250,0,0
stim,4382,4382,0,2337914.556,-0.988,0.004,0.093,-0.124,1431,0,5,1765,971,296,0,357,98,0.000,456,1,13.354,0.145,10.800,4.320,6.560,-0.190,-0.008,0.985,-0.038,0.140,-0.024,0.000,0.000,0.008,0.003,2,NULL,NULL,,1,0,2,7,255,,250,0,0
stim,4403,4403,0,2337919.554,-0.988,0.005,0.093,-0.124,1583,0,8,1776,1067,309,0,389,98,0.000,456,1,13.508,0.094,10.720,4.140,7.100,-0.189,-0.008,0.985,-0.038,0.086,0.000,0.000,0.000,0.008,0.003,2,NULL,NULL,,1,0,2,7,255,,250,0,0
stim,4404,4404,0,2337924.554,-0.988,0.005,0.093,-0.123,1646,0,11,1803,1292,299,0,406,98,0.000,456,1,13.292,0.077,10.420,3.960,7.240,-0.187,-0.008,0.980,-0.032,0.070,0.000,0.000,0.000,0.008,0.003,2,NULL,NULL,,1,0,2,7,255,,250,0,0
stim,4404,4404,0,2337929.554,-0.988,0.006,0.093,-0.123,1608,0,6,1808,1325,309,0,387,98,0.000,456,1,12.359,0.073,9.560,3.780,6.860,-0.187,-0.003,0.978,-0.020,0.070,-0.052,0.000,0.000,0.008,0.003,2,NULL,NULL,,1,0,2,7,255,,250,0,0
stim,4405,4405,0,2337949.554,-0.988,0.007,0.094,-0.122,1637,0,10,1863,749,254,0,365,98,0.000,456,1,10.383,0.033,7.860,3.240,5.960,-0.187,-0.005,0.981,-0.008,0.032,-0.012,0.000,0.000,0.008,0.003,2,NULL,NULL,,1,0,2,7,255,,250,0,0
stim,4446,4446,0,2337954.554,-0.988,0.008,0.094,-0.122,1629,0,9,1867,717,248,0,357,98,0.000,456,1,9.758,0.038,7.380,3.100,5.580,-0.189,-0.005,0.981,-0.016,0.034,-0.034,0.000,0.000,0.008,0.003,2,NULL,NULL,,1,0,2,7,255,,250,0,0
stim,4480,4480,0,2337959.555,-0.988,0.008,0.094,-0.122,1658,0,12,1881,703,247,0,366,98,0.000,456,1,9.222,0.035,6.760,2.980,5.520,-0.184,-0.001,0.978,-0.008,0.034,-0.036,0.000,0.000,0.008,0.003,2,NULL,NULL,,1,0,2,7,255,,250,0,0
stim,4480,4480,0,2337964.555,-0.988,0.008,0.094,-0.122,1679,0,9,1891,855,251,0,364,98,0.000,456,1,8.207,0.048,6.040,2.800,4.800,-0.186,-0.001,0.979,0.004,0.048,-0.054,0.000,0.000,0.008,0.003,2,NULL,NULL,,1,0,2,7,255,,250,0,0
stim,4480,4480,0,2337969.554,-0.988,0.009,0.094,-0.122,1687,0,16,1898,1140,247,0,366,98,0.000,456,1,6.999,0.052,5.180,2.380,4.060,-0.188,0.003,0.981,0.004,0.052,-0.054,0.000,0.000,0.008,0.003,2,NULL,NULL,,1,0,2,7,255,,250,0,0
stim,4480,4480,0,2337974.554,-0.988,0.009,0.094,-0.121,1701,0,16,1907,1348,253,0,363,98,0.000,456,1,6.710,0.048,4.560,2.500,4.240,-0.183,-0.001,0.979,0.004,0.048,-0.054,0.000,0.000,0.008,0.003,2,NULL,NULL,,1,0,2,7,255,,250,0,0
stim,4480,4480,0,2337979.554,-0.988,0.009,0.094,-0.121,1705,0,13,1927,1307,247,0,365,98,0.000,456,1,5.088,0.024,3.780,2.200,2.600,-0.185,-0.003,0.978,0.004,0.024,-0.068,0.000,0.000,0.008,0.003,2,NULL,NULL,,1,0,2,7,255,,250,0,0
stim,4480,4480,0,2337984.554,-0.988,0.009,0.094,-0.121,1707,0,13,1918,1186,229,0,369,98,0.000,456,1,4.130,0.024,3.100,1.940,1.920,-0.191,-0.001,0.982,0.004,0.024,-0.068,0.000,0.000,0.008,0.003,2,NULL,NULL,,1,0,2,7,255,,250,0,0
stim,4495,4495,0,2338024.554,-0.988,0.010,0.094,-0.121,1701,0,12,1944,1408,223,0,359,98,0.000,456,1,1.212,0.031,-0.200,0.360,-1.140,-0.188,-0.001,0.980,-0.026,0.016,-0.032,0.000,0.000,0.008,0.003,2,NULL,NULL,,1,0,2,7,255,,250,0,0
stim,4495,4495,0,2338029.554,-0.988,0.010,0.094,-0.121,1708,0,12,1947,1529,225,0,361,98,0.000,456,1,1.945,0.031,-0.860,0.120,-1.740,-0.192,0.000,0.981,-0.026,0.016,-0.032,0.000,0.000,0.008,0.003,2,NULL,NULL,,1,0,2,7,255,,250,0,0
stim,4495,4495,0,2338034.555,-0.988,0.010,0.094,-0.121,1689,0,10,1939,1402,227,0,357,98,0.000,456,1,2.534,0.062,-1.480,-0.260,-2.040,-0.193,0.001,0.982,-0.050,0.036,-0.024,0.000,0.000,0.008,0.003,2,NULL,NULL,,1,0,2,7,255,,250,0,0
stim,4495,4495,0,2338039.554,-0.988,0.010,0.094,-0.121,1659,0,12,1939,1141,219,0,355,98,0.000,456,1,3.025,0.068,-1.900,-0.500,-2.300,-0.191,0.000,0.983,-0.050,0.046,-0.008,0.000,0.000,0.008,0.003,2,NULL,NULL,,1,0,2,7,255,,250,0,0
stim,4495,4495,0,2338044.554,-0.988,0.010,0.094,-0.121,1679,0,12,1917,1077,221,0,357,98,0.000,456,1,3.513,0.069,-2.280,-0.620,-2.600,-0.192,-0.005,0.983,-0.052,0.046,-0.002,0.000,0.000,0.008,0.003,2,NULL,NULL,,1,0,2,7,255,,250,0,0
stim,4495,4495,0,2338049.554,-0.988,0.009,0.094,-0.121,1671,0,12,1913,1011,221,0,361,98,0.000,456,1,3.875,0.050,-2.760,-0.800,-2.600,-0.192,-0.004,0.983,-0.050,0.006,-0.002,0.000,0.000,0.008,0.003,2,NULL,NULL,,1,0,2,7,255,,250,0,0
stim,4514,4514,0,2338069.555,-0.988,0.009,0.094,-0.122,1653,0,12,1854,1176,236,0,375,98,0.000,456,1,7.677,0.066,-5.820,-1.780,-4.680,-0.188,-0.002,0.982,0.006,0.066,-0.048,0.000,0.000,0.008,0.003,2,NULL,NULL,,1,0,2,7,255,,250,0,0
stim,4546,4546,0,2338074.554,-0.988,0.008,0.093,-0.122,1647,0,11,1843,1343,240,0,377,98,0.000,456,1,8.088,0.037,-6.180,-1.900,-4.860,-0.189,-0.006,0.985,-0.018,0.032,-0.016,0.000,0.000,0.008,0.003,2,NULL,NULL,,1,0,2,7,255,,250,0,0
stim,4559,4559,0,2338079.554,-0.988,0.008,0.093,-0.122,1631,0,9,1817,1245,247,0,377,98,0.000,456,1,8.420,0.021,-6.660,-2.020,-4.740,-0.188,-0.006,0.982,-0.018,0.010,-0.016,0.000,0.000,0.008,0.003,2,NULL,NULL,,1,0,2,7,255,,250,0,0
stim,4559,4559,0,2338084.554,-0.988,0.008,0.093,-0.123,1625,0,10,1809,1265,267,0,381,98,0.000,456,1,9.114,0.021,-7.280,-2.160,-5.040,-0.185,-0.004,0.981,-0.018,0.010,-0.018,0.000,0.000,0.008,0.003,2,NULL,NULL,,1,0,2,7,255,,250,0,0
stim,4559,4559,0,2338089.554,-0.988,0.007,0.093,-0.123,1595,0,9,1776,1192,267,0,391,98,0.000,456,1,9.888,0.024,-7.880,-2.280,-5.520,-0.186,-0.005,0.982,0.000,0.024,-0.020,0.000,0.000,0.008,0.003,2,NULL,NULL,,1,0,2,7,255,,250,0,0
stim,4580,4580,0,2338094.554,-0.988,0.007,0.093,-0.123,1561,0,10,1764,1179,295,0,393,98,0.000,456,1,10.330,0.028,-8.200,-2.460,-5.780,-0.188,-0.006,0.987,0.000,0.028,-0.020,0.000,0.000,0.008,0.003,2,NULL,NULL,,1,0,2,7,255,,250,0,0
stim,4580,4580,0,2338099.554,-0.988,0.007,0.093,-0.123,1529,0,8,1751,1156,303,0,396,98,0.000,456,1,8.811,0.039,-7.160,-2.580,-4.440,-0.203,0.010,1.000,-0.022,0.032,0.028,0.000,0.000,0.008,0.003,2,NULL,NULL,,1,0,2,7,255,,250,0,0
stim,4580,4580,0,2338104.554,-0.988,0.006,0.093,-0.123,1493,0,11,1735,1077,315,0,401,98,0.000,456,1,6.369,0.056,-5.380,-2.460,-2.360,-0.188,-0.004,0.985,-0.022,0.052,0.028,0.000,0.000,0.008,0.003,2,NULL,NULL,,1,0,2,7,255,,250,0,0
stim,4580,4580,0,2338109.554,-0.988,0.006,0.093,-0.123,1437,0,7,1717,1118,319,0,424,98,0.000,456,1,8.076,0.054,-6.660,-2.760,-3.640,-0.175,-0.013,0.975,-0.016,0.052,0.010,0.000,0.000,0.008,0.003,2,NULL,NULL,,1,0,2,7,255,,250,0,0
stim,4580,4580,0,2338114.556,-0.988,0.006,0.093,-0.123,1392,0,7,1701,1085,343,0,429,98,0.000,456,1,8.062,0.054,-6.920,-2.760,-3.080,-0.196,0.000,0.996,-0.016,0.052,0.010,0.000,0.000,0.008,0.003,2,NULL,NULL,,1,0,2,7,255,,250,0,0
stim,4580,4580,0,2338119.554,-0.988,0.006,0.093,-0.124,1357,0,8,1681,1191,353,0,419,98,0.000,456,1,7.467,0.048,-6.480,-2.760,-2.480,-0.178,-0.012,0.980,0.040,-0.026,-0.058,0.000,0.000,0.008,0.003,2,NULL,NULL,,1,0,2,7,255,,250,0,0
stim,4580,4580,0,2338124.554,-0.988,0.005,0.092,-0.124,1333,0,8,1655,1085,357,0,419,98,0.000,456,1,8.437,0.064,-7.220,-2.880,-3.280,-0.182,-0.005,0.982,0.028,0.058,-0.028,0.000,0.000,0.008,0.003,2,NULL,NULL,,1,0,2,7,255,,250,0,0
stim,4592,4592,0,2338159.554,-0.988,0.003,0.092,-0.124,1147,0,2,1533,787,383,0,448,98,0.000,456,1,11.613,0.047,-10.320,-3.300,-4.180,-0.180,-0.015,0.983,0.024,0.040,-0.024,0.000,0.000,0.008,0.003,2,NULL,NULL,,1,0,2,7,255,,250,0,0
stim,4592,4592,0,2338164.556,-0.988,0.002,0.091,-0.125,1101,0,5,1504,746,396,0,455,98,0.000,456,1,11.785,0.019,-10.440,-3.300,-4.360,-0.181,-0.016,0.985,0.010,0.016,-0.020,0.000,0.000,0.008,0.003,2,NULL,NULL,,1,0,2,7,255,,250,0,0
stim,4670,4670,0,2338199.554,-0.988,-0.002,0.091,-0.125,855,0,1,1264,672,415,0,483,98,0.000,456,1,15.516,0.022,-14.540,-3.780,-3.880,-0.179,-0.023,0.985,0.012,0.018,-0.034,0.000,0.000,0.008,0.003,2,NULL,NULL,,1,0,2,7,255,,250,0,0
stim,4670,4670,0,2338204.554,-0.988,-0.003,0.090,-0.126,793,0,0,1225,697,419,0,485,98,0.000,456,1,15.500,0.022,-14.600,-3.720,-3.640,-0.175,-0.024,0.984,0.012,0.018,-0.018,0.000,0.000,0.008,0.003,2,NULL,NULL,,1,0,2,7,255,,250,0,0
stim,4670,4670,0,2338209.554,-0.988,-0.003,0.090,-0.126,747,0,0,1189,691,423,0,487,98,0.000,456,1,15.727,0.028,-14.840,-3.600,-3.760,-0.174,-0.025,0.984,0.024,0.014,-0.018,0.000,0.000,0.008,0.003,2,NULL,NULL,,1,0,2,7,255,,250,0,0
stim,4670,4670,0,2338214.556,-0.988,-0.004,0.090,-0.126,712,0,0,1131,647,423,0,490,98,0.000,456,1,15.602,0.036,-14.720,-3.420,-3.880,-0.172,-0.029,0.985,0.034,0.012,-0.018,0.000,0.000,0.008,0.003,2,NULL,NULL,,1,0,2,7,255,,250,0,0
stim,4686,4686,0,2338219.555,-0.988,-0.005,0.090,-0.126,681,0,1,1086,635,429,0,494,98,0.000,456,1,15.549,0.035,-14.720,-3.240,-3.820,-0.172,-0.033,0.986,0.034,-0.008,-0.012,0.000,0.000,0.008,0.003,2,NULL,NULL,,1,0,2,7,255,,250,0,0
stim,4686,4686,0,2338224.554,-0.988,-0.005,0.090,-0.126,675,0,0,1052,609,443,0,529,98,0.000,456,1,15.255,0.054,-14.480,-3.060,-3.700,-0.170,-0.038,0.987,0.038,-0.038,0.002,0.000,0.000,0.008,0.003,2,NULL,NULL,,1,0,2,7,255,,250,0,0
stim,4702,4702,1,2338259.554,-0.988,-0.010,0.089,-0.126,494,0,0,887,473,457,0,536,98,0.000,456,0,8.157,0.252,-8.000,-0.680,-1.440,-0.166,-0.066,0.998,0.034,-0.250,0.094,0.000,0.000,0.008,0.003,2,NULL,NULL,,1,1,2,7,255,,250,0,0
stim,4702,4702,1,2338264.556,-0.988,-0.010,0.089,-0.126,492,0,0,888,492,447,0,529,98,0.000,456,0,6.575,0.256,-6.480,-0.260,-1.080,-0.162,-0.067,0.996,0.034,-0.254,0.094,0.000,0.000,0.008,0.003,2,NULL,NULL,,1,1,2,7,255,,250,0,0
stim,4766,4766,1,2338269.555,-0.988,-0.010,0.089,-0.126,491,0,0,893,507,447,0,532,98,0.000,456,0,5.081,0.271,-5.020,0.360,-0.700,-0.162,-0.069,0.995,0.052,-0.266,0.086,0.000,0.000,0.008,0.003,2,NULL,NULL,,1,1,2,7,255,,250,0,0
stim,4766,4766,1,2338274.554,-0.988,-0.011,0.089,-0.126,496,0,4,891,526,444,0,536,98,0.000,456,0,3.606,0.290,-3.500,0.840,-0.220,-0.161,-0.071,0.996,0.060,-0.284,0.084,0.000,0.000,0.008,0.003,2,NULL,NULL,,1,1,2,7,255,,250,0,0
stim,4766,4766,1,2338279.554,-0.988,-0.011,0.089,-0.126,485,0,0,891,776,440,0,523,98,0.000,456,0,2.306,0.291,-1.780,1.460,0.140,-0.161,-0.069,0.994,0.062,-0.284,0.078,0.000,0.000,0.008,0.003,2,NULL,NULL,,1,1,2,7,255,,250,0,0
stim,4766,4766,1,2338284.554,-0.988,-0.011,0.089,-0.126,494,0,2,886,893,441,0,527,98,0.000,456,0,2.185,0.281,-0.200,2.080,0.640,-0.160,-0.066,0.993,0.064,-0.274,0.070,0.000,0.000,0.008,0.003,2,NULL,NULL,,1,1,2,7,255,,250,0,0
stim,4766,4766,1,2338289.554,-0.988,-0.011,0.089,-0.126,505,0,1,893,963,443,0,531,98,0.000,456,0,3.057,0.285,1.020,2.680,1.060,-0.154,-0.074,0.990,0.080,-0.274,0.054,0.000,0.000,0.008,0.003,2,NULL,NULL,,1,1,2,7,255,,250,0,0
stim,4766,4766,1,2338294.554,-0.988,-0.011,0.090,-0.126,525,0,1,893,1003,451,0,533,98,0.000,456,0,4.048,0.347,2.120,3.300,1.000,-0.162,-0.080,1.001,0.080,-0.338,0.054,0.000,0.000,0.008,0.003,2,NULL,NULL,,1,1,2,7,255,,250,0,0
stim,4782,4782,1,2338299.554,-0.988,-0.011,0.090,-0.126,548,0,4,905,1071,457,0,537,98,0.000,456,0,6.706,0.340,5.060,3.900,2.040,-0.176,-0.050,0.997,0.040,-0.338,0.112,0.000,0.000,0.008,0.003,2,NULL,NULL,,1,1,2,7,255,,250,0,0
stim,4782,4782,1,2338304.554,-0.988,-0.010,0.090,-0.126,586,0,0,911,1067,457,0,537,98,0.000,456,0,7.086,0.368,4.940,4.400,2.540,-0.134,-0.071,0.967,0.040,-0.366,0.112,0.000,0.000,0.008,0.003,2,NULL,NULL,,1,1,2,7,255,,250,0,0
stim,4782,4782,1,2338309.554,-0.988,-0.010,0.090,-0.126,625,0,0,913,1083,457,0,536,98,0.000,456,0,6.956,0.287,5.060,4.640,1.120,-0.199,-0.079,1.044,-0.026,-0.286,0.112,0.000,0.000,0.008,0.003,2,NULL,NULL,,1,1,2,7,255,,250,0,0
stim,4782,4782,1,2338314.556,-0.988,-0.010,0.090,-0.126,665,0,0,953,1037,461,0,536,98,0.000,456,0,13.331,0.347,11.580,5.300,3.940,-0.147,-0.029,0.938,0.196,-0.286,-0.234,0.000,0.000,0.008,0.003,2,NULL,NULL,,1,1,2,7,255,,250,0,0
stim,4798,4798,1,2338354.554,-0.988,-0.006,0.091,-0.125,1141,0,8,1243,1255,501,0,581,98,0.000,457,0,16.083,0.322,14.520,5.780,3.800,-0.213,0.030,1.003,-0.006,-0.322,-0.110,0.000,0.000,0.008,0.003,1,1533.000,NULL,,1,1,2,7,255,,250,0,0
stim,4798,4798,1,2338359.555,-0.988,-0.005,0.091,-0.125,1179,0,0,1293,1294,496,0,571,98,0.000,457,0,11.619,0.216,10.540,4.260,2.400,-0.214,-0.024,0.993,-0.148,0.158,0.136,0.000,0.000,0.008,0.003,1,NULL,NULL,,1,1,2,7,255,,250,0,0
stim,4798,4798,1,2338364.556,-0.988,-0.005,0.091,-0.125,1200,0,5,1336,1205,496,0,571,98,0.000,457,0,12.588,0.216,10.120,5.660,4.900,-0.174,-0.071,0.986,-0.148,0.158,0.136,0.000,0.000,0.008,0.003,1,NULL,NULL,,1,1,2,7,255,,250,0,0
stim,4823,4823,1,2338369.555,-0.988,-0.004,0.092,-0.124,1258,0,6,1397,1193,483,0,565,98,0.000,457,0,15.126,0.178,12.320,6.460,5.940,-0.160,-0.043,0.984,-0.052,-0.170,0.014,0.000,0.000,0.008,0.003,1,NULL,NULL,,1,1,2,7,255,,250,0,0
stim,4862,4862,1,2338374.554,-0.988,-0.004,0.092,-0.124,1315,0,8,1444,1145,469,0,559,98,0.000,457,0,15.188,0.195,13.240,5.420,5.100,-0.174,-0.005,0.979,0.096,-0.170,-0.038,0.000,0.000,0.008,0.003,1,NULL,NULL,,1,1,2,7,255,,250,0,0
stim,4862,4862,1,2338379.554,-0.988,-0.003,0.092,-0.124,1312,0,9,1481,1133,459,0,557,98,0.000,457,0,14.005,0.238,12.560,4.680,4.060,-0.187,0.001,0.982,0.096,0.218,-0.038,0.000,0.000,0.008,0.003,2,NULL,NULL,,1,1,2,7,255,,250,0,0
stim,4862,4862,1,2338384.554,-0.988,-0.002,0.092,-0.124,1325,0,12,1513,1080,443,0,541,98,0.000,457,0,12.800,0.218,11.520,4.440,3.380,-0.188,-0.015,0.985,-0.002,0.218,-0.026,0.000,0.000,0.008,0.003,2,NULL,NULL,,1,1,2,7,255,,250,0,0
stim,4862,4862,1,2338389.554,-0.988,-0.002,0.092,-0.124,1310,0,8,1516,1035,423,0,533,98,0.000,457,0,13.015,0.140,11.520,4.700,3.820,-0.187,-0.029,0.990,-0.048,0.132,0.014,0.000,0.000,0.008,0.003,2,NULL,NULL,,1,1,2,7,255,,250,0,0
stim,4862,4862,1,2338394.554,-0.988,-0.001,0.092,-0.124,1261,0,8,1550,1012,406,0,497,98,0.000,457,0,13.178,0.053,11.580,4.700,4.180,-0.183,-0.034,0.988,-0.048,-0.022,0.038,0.000,0.000,0.008,0.003,2,NULL,NULL,,1,1,2,7,255,,250,0,0
stim,4862,4862,1,2338399.554,-0.988,-0.001,0.092,-0.124,1296,0,7,1575,941,397,0,471,98,0.000,457,0,13.150,0.079,11.460,4.640,4.480,-0.185,-0.031,0.991,-0.044,-0.066,0.062,0.000,0.000,0.008,0.003,2,NULL,NULL,,1,1,2,7,255,,250,0,0
stim,4863,4863,1,2338404.554,-0.988,-0.000,0.092,-0.123,1323,0,8,1591,954,395,0,491,98,0.000,457,1,13.150,0.085,11.460,4.640,4.480,-0.181,-0.030,0.986,-0.038,-0.076,0.038,0.000,0.000,0.008,0.003,2,NULL,NULL,,1,1,2,7,255,,250,0,0
stim,4863,4863,1,2338409.554,-0.988,0.000,0.092,-0.123,1335,0,9,1597,999,389,0,487,98,0.000,457,1,13.232,0.067,11.700,4.440,4.300,-0.182,-0.023,0.983,-0.012,-0.066,0.014,0.000,0.000,0.008,0.003,2,NULL,NULL,,1,1,2,7,255,,250,0,0
stim,4863,4863,1,2338414.556,-0.988,0.001,0.093,-0.123,1355,0,9,1613,1022,373,0,477,98,0.000,457,1,13.179,0.022,11.640,4.440,4.300,-0.184,-0.017,0.980,-0.012,-0.018,-0.014,0.000,0.000,0.008,0.003,2,NULL,NULL,,1,1,2,7,255,,250,0,0
stim,4879,4879,1,2338459.584,-0.988,0.005,0.093,-0.122,1620,0,8,1759,1099,359,0,413,98,0.000,457,1,9.573,0.084,7.800,3.580,4.240,-0.186,0.000,0.985,0.016,0.082,-0.032,0.000,0.000,0.008,0.003,2,NULL,NULL,,1,1,2,7,255,,250,0,0
stim,4879,4879,1,2338464.586,-0.988,0.006,0.093,-0.122,1661,0,16,1775,1091,347,0,408,98,0.000,457,1,9.792,0.080,7.860,3.520,4.660,-0.186,-0.004,0.984,0.016,0.078,-0.002,0.000,0.000,0.008,0.003,2,NULL,NULL,,1,1,2,7,255,,250,0,0
stim,4914,4914,1,2338469.584,-0.988,0.006,0.093,-0.122,1731,0,8,1807,1148,357,0,427,98,0.000,457,1,9.557,0.060,7.620,3.400,4.660,-0.186,-0.008,0.984,0.006,0.060,0.002,0.000,0.000,0.008,0.003,2,NULL,NULL,,1,1,2,7,255,,250,0,0
stim,4914,4914,1,2338474.584,-0.988,0.006,0.094,-0.121,1723,0,9,1808,1160,343,0,423,98,0.000,457,1,8.974,0.014,7.000,3.220,4.600,-0.188,-0.009,0.985,0.002,0.014,0.002,0.000,0.000,0.008,0.003,2,NULL,NULL,,1,1,2,7,255,,250,0,0
stim,4926,4926,1,2338479.584,-0.988,0.007,0.094,-0.121,1699,0,12,1817,1143,328,0,413,98,0.000,457,1,8.443,0.020,6.520,3.040,4.420,-0.188,-0.008,0.985,-0.018,0.008,0.010,0.000,0.000,0.008,0.003,2,NULL,NULL,,1,1,2,7,255,,250,0,0
stim,4926,4926,1,2338484.584,-0.988,0.007,0.094,-0.121,1644,0,11,1834,1119,315,0,397,98,0.000,457,1,7.953,0.020,6.020,2.920,4.300,-0.185,-0.006,0.983,-0.018,0.008,0.010,0.000,0.000,0.008,0.003,2,NULL,NULL,,1,1,2,7,255,,250,0,0
stim,4926,4926,1,2338489.584,-0.988,0.007,0.094,-0.121,1655,0,9,1839,1119,304,0,401,98,0.000,457,1,7.227,0.011,5.600,2.680,3.700,-0.186,-0.006,0.980,-0.004,0.010,-0.010,0.000,0.000,0.008,0.003,2,NULL,NULL,,1,1,2,7,255,,250,0,0
stim,4926,4926,1,2338494.584,-0.988,0.007,0.094,-0.121,1661,0,8,1845,1125,303,0,397,98,0.000,457,1,6.594,0.013,5.120,2.500,3.320,-0.187,-0.004,0.981,-0.004,0.012,-0.024,0.000,0.000,0.008,0.003,2,NULL,NULL,,1,1,2,7,255,,250,0,0
stim,4926,4926,0,2338499.584,-0.988,0.008,0.094,-0.121,1657,0,16,1845,1112,303,0,395,98,0.000,457,1,6.342,0.024,4.880,2.320,3.320,-0.187,-0.004,0.981,-0.004,0.024,-0.030,0.000,0.000,0.008,0.003,2,NULL,NULL,,1,0,2,7,255,,250,0,0
stim,4926,4926,0,2338504.584,-0.988,0.008,0.094,-0.121,1673,0,9,1860,1039,301,0,383,98,0.000,457,1,6.199,0.024,4.560,2.320,3.500,-0.185,-0.005,0.979,0.000,0.024,-0.030,0.000,0.000,0.008,0.003,2,NULL,NULL,,1,0,2,7,255,,250,0,0
stim,4926,4926,0,2338509.584,-0.988,0.008,0.094,-0.120,1641,0,10,1855,1001,295,0,379,98,0.000,457,1,5.565,0.011,4.080,2.200,3.080,-0.185,-0.004,0.979,0.008,0.008,-0.046,0.000,0.000,0.008,0.003,2,NULL,NULL,,1,0,2,7,255,,250,0,0
stim,4926,4926,0,2338514.586,-0.988,0.008,0.094,-0.120,1611,0,9,1869,989,267,0,366,98,0.000,457,1,4.681,0.010,3.520,1.940,2.400,-0.188,-0.006,0.982,0.008,0.006,-0.046,0.000,0.000,0.008,0.003,2,NULL,NULL,,1,0,2,7,255,,250,0,0
stim,4944,4944,0,2338519.584,-0.988,0.008,0.094,-0.120,1629,0,8,1876,981,263,0,371,98,0.000,457,1,4.075,0.014,3.100,1.820,1.920,-0.188,-0.006,0.983,-0.012,-0.008,-0.016,0.000,0.000,0.008,0.003,2,NULL,NULL,,1,0,2,7,255,,250,0,0
stim,4944,4944,0,2338524.584,-0.988,0.008,0.094,-0.120,1657,0,11,1880,965,269,0,377,98,0.000,457,1,3.444,0.014,2.480,1.700,1.680,-0.186,-0.004,0.982,-0.012,-0.008,-0.016,0.000,0.000,0.008,0.003,2,NULL,NULL,,1,0,2,7,255,,250,0,0
stim,4958,4958,0,2338569.585,-0.988,0.008,0.094,-0.120,1698,0,14,1875,1126,276,0,403,98,0.000,457,1,3.859,0.217,-2.220,-0.920,-3.020,-0.210,-0.041,0.981,0.122,0.180,-0.116,0.000,0.000,0.008,0.003,2,NULL,NULL,,1,0,2,7,255,,250,0,0
stim,4978,4978,0,2338574.584,-0.988,0.008,0.094,-0.120,1693,0,18,1889,1056,280,0,397,98,0.000,457,1,3.152,0.404,-3.120,-0.200,0.400,-0.213,-0.041,1.005,-0.286,-0.286,0.022,0.000,0.000,0.008,0.003,2,NULL,NULL,,1,0,2,7,255,,250,0,0
stim,4978,4978,0,2338579.584,-0.988,0.008,0.094,-0.120,1688,0,17,1873,1056,279,0,403,98,0.000,457,1,3.576,0.404,-3.240,0.840,-1.260,-0.161,0.043,0.992,-0.286,-0.286,0.026,0.000,0.000,0.008,0.003,2,NULL,NULL,,1,0,2,7,255,,250,0,0
stim,4978,4978,0,2338584.584,-0.988,0.008,0.094,-0.121,1683,0,12,1848,1039,282,0,395,98,0.000,457,1,6.780,0.205,-2.820,-0.560,-6.140,-0.175,0.016,0.958,0.108,0.174,0.026,0.000,0.000,0.008,0.003,2,NULL,NULL,,1,0,2,7,255,,250,0,0
stim,4978,4978,0,2338589.584,-0.988,0.008,0.094,-0.121,1651,0,9,1855,1017,293,0,395,98,0.000,457,1,4.223,0.205,-3.360,-2.260,-1.200,-0.228,-0.074,0.976,0.108,0.174,0.010,0.000,0.000,0.008,0.003,2,NULL,NULL,,1,0,2,7,255,,250,0,0
stim,4978,4978,0,2338594.584,-0.988,0.008,0.094,-0.121,1629,0,10,1843,1062,291,0,382,98,0.000,457,1,5.121,0.205,-5.080,-0.380,0.520,-0.167,0.023,1.009,0.108,0.174,0.010,0.000,0.000,0.008,0.003,2,NULL,NULL,,1,0,2,7,255,,250,0,0
stim,4978,4978,0,2338599.584,-0.988,0.008,0.094,-0.121,1701,0,11,1823,1044,309,0,411,98,0.000,457,1,9.124,0.334,-4.840,0.480,-7.720,-0.167,0.025,0.982,0.246,0.226,0.010,0.000,0.000,0.008,0.003,2,NULL,NULL,,1,0,2,7,255,,250,0,0
stim,4978,4978,0,2338604.584,-0.988,0.007,0.094,-0.121,1707,0,10,1823,1063,327,0,417,98,0.000,457,1,4.640,0.334,-3.360,-2.760,-1.620,-0.226,-0.060,0.956,0.246,0.226,-0.050,0.000,0.000,0.008,0.003,2,NULL,NULL,,1,0,2,7,255,,250,0,0
stim,4978,4978,0,2338609.584,-0.988,0.007,0.094,-0.121,1695,0,12,1803,1129,345,0,421,98,0.000,457,1,6.388,0.351,-5.880,-2.080,-1.380,-0.166,0.038,1.014,0.246,0.250,-0.050,0.000,0.000,0.008,0.003,2,NULL,NULL,,1,0,2,7,255,,250,0,0
stim,4978,4978,0,2338614.587,-0.988,0.007,0.094,-0.121,1689,0,13,1799,1147,346,0,424,98,0.000,457,1,6.988,0.114,-4.040,0.840,-5.640,-0.200,-0.010,0.996,-0.114,0.006,0.138,0.000,0.000,0.008,0.003,2,NULL,NULL,,1,0,2,7,255,,250,0,0
stim,4980,4980,0,2338619.584,-0.988,0.007,0.094,-0.121,1648,0,10,1776,1183,357,0,429,98,0.000,457,1,4.653,0.114,-3.060,-3.360,1.000,-0.188,-0.022,0.943,-0.114,0.006,0.138,0.000,0.000,0.008,0.003,2,NULL,NULL,,1,0,2,7,255,,250,0,0
stim,4980,4980,0,2338624.585,-0.988,0.006,0.093,-0.121,1622,0,13,1767,1199,351,0,431,98,0.000,457,1,8.546,0.114,-7.280,-1.600,-4.180,-0.184,0.001,1.033,-0.114,0.006,0.138,0.000,0.000,0.008,0.003,2,NULL,NULL,,1,0,2,7,255,,250,0,0
stim,4980,4980,0,2338629.584,-0.988,0.006,0.093,-0.121,1605,0,14,1755,1353,361,0,431,98,0.000,457,1,1.561,0.074,-1.360,-0.500,-0.580,-0.186,-0.005,0.949,-0.056,0.048,-0.338,0.000,0.000,0.008,0.003,2,NULL,NULL,,1,0,2,7,255,,250,0,0
stim,4980,4980,0,2338634.584,-0.988,0.006,0.093,-0.122,1555,0,10,1727,1373,363,0,441,98,0.000,457,1,10.059,0.050,-8.680,-3.420,-3.760,-0.189,-0.025,1.014,-0.014,0.048,0.298,0.000,0.000,0.008,0.003,2,NULL,NULL,,1,0,2,7,255,,250,0,0
stim,4990,4990,0,2338639.584,-0.988,0.006,0.093,-0.122,1523,0,9,1717,1383,372,0,459,98,0.000,457,1,1.116,0.050,-1.060,-0.320,0.140,-0.175,0.005,0.949,-0.014,0.048,-0.338,0.000,0.000,0.008,0.003,2,NULL,NULL,,1,0,2,7,255,,250,0,0
stim,4990,4990,0,2338644.584,-0.988,0.005,0.093,-0.122,1485,0,10,1702,1387,372,0,465,98,0.000,457,1,11.280,0.109,-9.660,-3.300,-4.800,-0.199,-0.024,1.027,-0.014,-0.108,0.298,0.000,0.000,0.008,0.003,2,NULL,NULL,,1,0,2,7,255,,250,0,0
stim,4990,4990,0,2338649.584,-0.988,0.005,0.093,-0.122,1459,0,7,1684,1379,377,0,466,98,0.000,457,1,1.160,0.104,-0.620,-0.620,0.760,-0.162,0.002,0.936,0.066,0.080,-0.358,0.000,0.000,0.008,0.003,2,NULL,NULL,,1,0,2,7,255,,250,0,0
stim,4990,4990,0,2338654.584,-0.988,0.005,0.093,-0.122,1431,0,10,1678,1425,379,0,469,98,0.000,457,1,12.252,0.135,-10.700,-3.000,-5.160,-0.203,-0.025,1.033,-0.088,-0.102,0.438,0.000,0.000,0.008,0.003,2,NULL,NULL,,1,0,2,7,255,,250,0,0
stim,4990,4990,0,2338659.584,-0.988,0.005,0.093,-0.122,1417,0,10,1657,1472,388,0,457,98,0.000,457,1,1.369,0.123,-0.680,-1.180,0.140,-0.170,0.004,0.944,0.094,0.080,-0.410,0.000,0.000,0.008,0.003,2,NULL,NULL,,1,0,2,7,255,,250,0,0
stim,4990,4990,0,2338664.586,-0.988,0.004,0.093,-0.122,1391,0,9,1641,1480,393,0,461,98,0.000,457,1,12.165,0.104,-11.120,-2.520,-4.240,-0.182,-0.029,1.005,0.018,-0.102,0.198,0.000,0.000,0.008,0.003,2,NULL,NULL,,1,0,2,7,255,,250,0,0
stim,5014,5014,0,2338669.585,-0.988,0.004,0.093,-0.122,1362,0,9,1625,1467,394,0,470,98,0.000,457,1,3.898,0.113,-3.120,-1.840,-1.440,-0.198,-0.004,0.991,0.018,0.112,0.092,0.000,0.000,0.008,0.003,2,NULL,NULL,,1,0,2,7,255,,250,0,0
stim,5014,5014,0,2338674.584,-0.988,0.004,0.092,-0.122,1357,0,10,1612,1451,399,0,473,98,0.000,457,1,8.314,0.059,-7.760,-1.900,-2.300,-0.153,-0.013,0.950,0.018,-0.056,0.092,0.000,0.000,0.008,0.003,2,NULL,NULL,,1,0,2,7,255,,250,0,0
stim,5014,5014,0,2338679.584,-0.988,0.003,0.092,-0.122,1323,0,8,1603,1456,397,0,491,98,0.000,457,1,9.898,0.116,-8.860,-2.580,-3.580,-0.208,-0.031,1.035,-0.102,-0.056,0.092,0.000,0.000,0.008,0.003,2,NULL,NULL,,1,0,2,7,255,,250,0,0
stim,5014,5014,0,2338684.584,-0.988,0.003,0.092,-0.122,1310,0,7,1583,1485,403,0,495,98,0.000,457,1,3.524,0.149,-2.940,-1.480,-1.260,-0.164,0.004,0.940,0.138,-0.056,-0.380,0.000,0.000,0.008,0.003,2,NULL,NULL,,1,0,2,7,255,,250,0,0
stim,5014,5014,0,2338689.584,-0.988,0.003,0.092,-0.122,1289,0,4,1565,1451,406,0,487,98,0.000,457,1,12.119,0.124,-11.360,-2.580,-3.340,-0.175,-0.034,1.000,0.050,-0.114,0.146,0.000,0.000,0.008,0.003,2,NULL,NULL,,1,0,2,7,255,,250,0,0
stim,5014,5014,0,2338694.584,-0.988,0.002,0.092,-0.122,1269,0,9,1559,1463,407,0,501,98,0.000,457,1,6.526,0.051,-5.560,-1.900,-2.840,-0.195,-0.021,1.002,0.050,-0.012,0.146,0.000,0.000,0.008,0.003,2,NULL,NULL,,1,0,2,7,255,,250,0,0
stim,5014,5014,0,2338699.584,-0.988,0.002,0.092,-0.123,1253,0,5,1531,1454,411,0,489,98,0.000,457,1,6.403,0.051,-5.820,-1.720,-2.040,-0.167,0.003,0.950,0.050,-0.012,0.146,0.000,0.000,0.008,0.003,2,NULL,NULL,,1,0,2,7,255,,250,0,0
stim,5015,5015,0,2338704.584,-0.988,0.002,0.092,-0.123,1243,0,5,1519,1437,429,0,491,98,0.000,457,1,11.759,0.027,-11.000,-2.580,-3.260,-0.177,-0.040,1.004,0.024,-0.012,0.182,0.000,0.000,0.008,0.003,2,NULL,NULL,,1,0,2,7,255,,250,0,0
stim,5015,5015,0,2338709.584,-0.988,0.001,0.092,-0.123,1205,0,9,1496,1416,432,0,492,98,0.000,457,1,6.962,0.048,-6.240,-1.840,-2.480,-0.189,-0.016,0.992,0.024,0.042,0.086,0.000,0.000,0.008,0.003,2,NULL,NULL,,1,0,2,7,255,,250,0,0
stim,5015,5015,0,2338714.586,-0.988,0.001,0.092,-0.123,1193,0,9,1482,1407,437,0,499,98,0.000,457,1,8.429,0.048,-7.940,-1.960,-2.040,-0.174,-0.005,0.961,0.024,0.042,0.086,0.000,0.000,0.008,0.003,2,NULL,NULL,,1,0,2,7,255,,250,0,0
stim,5046,5046,0,2338719.585,-0.988,0.000,0.092,-0.123,1164,0,7,1452,1439,443,0,503,98,0.000,457,1,11.344,0.047,-10.820,-2.460,-2.360,-0.177,-0.037,0.999,0.020,0.042,0.086,0.000,0.000,0.008,0.003,2,NULL,NULL,,1,0,2,7,255,,250,0,0
stim,5054,5054,0,2338724.584,-0.988,0.000,0.091,-0.123,1139,0,6,1439,1459,463,0,509,98,0.000,457,1,8.158,0.086,-7.640,-1.780,-2.240,-0.178,-0.029,0.994,0.020,-0.084,0.088,0.000,0.000,0.008,0.003,2,NULL,NULL,,1,0,2,7,255,,250,0,0
stim,5054,5054,0,2338729.584,-0.988,-0.000,0.091,-0.123,1108,0,3,1419,1447,445,0,509,98,0.000,457,1,8.334,0.086,-7.760,-1.840,-2.420,-0.177,-0.013,0.973,0.020,-0.084,0.088,0.000,0.000,0.008,0.003,2,NULL,NULL,,1,0,2,7,255,,250,0,0
stim,5054,5054,0,2338734.584,-0.988,-0.001,0.091,-0.123,1099,0,3,1388,1459,447,0,509,98,0.000,457,1,9.767,0.038,-9.280,-2.020,-2.280,-0.181,-0.026,0.987,0.018,-0.034,0.022,0.000,0.000,0.008,0.003,2,NULL,NULL,,1,0,2,7,255,,250,0,0
stim,5054,5054,0,2338739.584,-0.988,-0.001,0.091,-0.123,1080,0,5,1373,1463,455,0,523,98,0.000,457,1,8.894,0.040,-8.500,-1.780,-1.920,-0.174,-0.032,0.992,0.022,-0.034,0.022,0.000,0.000,0.008,0.003,2,NULL,NULL,,1,0,2,7,255,,250,0,0
stim,5054,5054,0,2338744.584,-0.988,-0.001,0.091,-0.123,1053,0,6,1365,1453,453,0,529,98,0.000,457,1,8.323,0.058,-7.940,-1.520,-1.980,-0.171,-0.027,0.982,0.036,-0.046,0.022,0.000,0.000,0.008,0.003,2,NULL,NULL,,1,0,2,7,255,,250,0,0
stim,5054,5054,0,2338749.584,-0.988,-0.002,0.091,-0.123,1044,0,1,1339,1463,459,0,536,98,0.000,457,1,8.657,0.063,-8.260,-1.340,-2.220,-0.176,-0.030,0.988,0.036,-0.052,0.030,0.000,0.000,0.008,0.003,2,NULL,NULL,,1,0,2,7,255,,250,0,0
stim,5070,5070,0,2338754.584,-0.988,-0.002,0.091,-0.123,1036,0,3,1325,1465,459,0,543,98,0.000,457,1,8.125,0.054,-7.760,-1.280,-2.040,-0.179,-0.033,0.991,0.016,-0.052,0.030,0.000,0.000,0.008,0.003,2,NULL,NULL,,1,0,2,7,255,,250,0,0
stim,5070,5070,0,2338759.584,-0.988,-0.003,0.091,-0.123,1029,0,4,1317,1463,460,0,543,98,0.000,457,1,7.436,0.054,-7.160,-1.100,-1.680,-0.174,-0.031,0.988,0.016,-0.052,0.030,0.000,0.000,0.008,0.003,2,NULL,NULL,,1,0,2,7,255,,250,0,0
stim,5070,5070,0,2338764.586,-0.988,-0.003,0.091,-0.123,1017,0,4,1303,1440,455,0,549,98,0.000,457,1,7.249,0.076,-7.040,-0.860,-1.500,-0.171,-0.036,0.987,0.030,-0.070,0.020,0.000,0.000,0.008,0.003,2,NULL,NULL,,1,0,2,7,255,,250,0,0
stim,5102,5102,0,2338769.584,-0.988,-0.003,0.091,-0.123,1003,0,4,1289,1444,460,0,544,98,0.000,457,1,6.919,0.099,-6.720,-0.680,-1.500,-0.172,-0.042,0.992,0.030,-0.094,0.020,0.000,0.000,0.008,0.003,2,NULL,NULL,,1,0,2,7,255,,250,0,0
stim,5102,5102,0,2338774.585,-0.988,-0.004,0.091,-0.123,999,0,3,1289,1435,459,0,553,98,0.000,457,1,6.142,0.121,-5.940,-0.440,-1.500,-0.176,-0.041,0.993,0.026,-0.118,0.062,0.000,0.000,0.008,0.003,2,NULL,NULL,,1,0,2,7,255,,250,0,0
stim,5102,5102,0,2338779.584,-0.988,-0.004,0.091,-0.123,987,0,4,1289,1436,455,0,544,98,0.000,457,1,5.400,0.118,-5.260,-0.240,-1.200,-0.175,-0.041,0.988,0.000,-0.118,0.062,0.000,0.000,0.008,0.003,2,NULL,NULL,,1,0,2,7,255,,250,0,0
stim,5102,5102,0,2338784.584,-0.988,-0.004,0.091,-0.123,980,0,1,1255,1436,455,0,541,98,0.000,457,1,4.781,0.106,-4.720,-0.020,-0.760,-0.174,-0.041,0.990,0.000,-0.106,0.046,0.000,0.000,0.008,0.003,2,NULL,NULL,,1,0,2,7,255,,250,0,0
stim,5102,5102,0,2338789.584,-0.988,-0.005,0.091,-0.123,969,0,5,1251,1431,457,0,549,98,0.000,457,1,4.002,0.106,-3.980,0.240,-0.340,-0.171,-0.043,0.991,0.010,-0.106,0.046,0.000,0.000,0.008,0.003,2,NULL,NULL,,1,0,2,7,255,,250,0,0
stim,5102,5102,0,2338794.584,-0.988,-0.005,0.091,-0.123,969,0,5,1251,1433,458,0,547,98,0.000,457,1,3.238,0.134,-3.180,0.540,-0.280,-0.169,-0.045,0.992,0.032,-0.130,0.050,0.000,0.000,0.008,0.003,2,NULL,NULL,,1,0,2,7,255,,250,0,0
stim,5102,5102,0,2338799.584,-0.988,-0.005,0.091,-0.123,969,0,3,1245,1435,460,0,549,98,0.000,457,1,2.573,0.149,-2.400,0.900,-0.220,-0.169,-0.047,0.991,0.040,-0.144,0.050,0.000,0.000,0.008,0.003,2,NULL,NULL,,1,0,2,7,255,,250,0,0
stim,5102,5102,0,2338804.584,-0.988,-0.005,0.091,-0.123,974,0,4,1245,1449,461,0,551,98,0.000,457,1,1.918,0.153,-1.480,1.220,0.020,-0.170,-0.047,0.992,0.040,-0.148,0.050,0.000,0.000,0.008,0.003,2,NULL,NULL,,1,0,2,7,255,,250,0,0
stim,5102,5102,0,2338809.584,-0.988,-0.005,0.091,-0.123,981,0,4,1245,1455,458,0,551,98,0.000,457,1,1.710,0.163,-0.560,1.580,0.340,-0.171,-0.049,0.991,0.032,-0.160,0.050,0.000,0.000,0.008,0.003,2,NULL,NULL,,1,0,2,7,255,,250,0,0
stim,5102,5102,0,2338814.586,-0.988,-0.006,0.091,-0.123,986,0,2,1246,1465,459,0,553,98,0.000,457,1,2.191,0.163,0.360,2.000,0.820,-0.171,-0.049,0.992,0.022,-0.162,0.058,0.000,0.000,0.008,0.003,2,NULL,NULL,,1,0,2,7,255,,250,0,0
stim,5134,5134,0,2338819.586,-0.988,-0.006,0.091,-0.123,991,0,3,1253,1493,460,0,550,98,0.000,457,1,2.875,0.167,1.200,2.300,1.240,-0.170,-0.050,0.993,0.022,-0.166,0.058,0.000,0.000,0.008,0.003,2,NULL,NULL,,1,0,2,7,255,,250,0,0
stim,5150,5150,0,2338824.584,-0.988,-0.006,0.091,-0.123,999,0,4,1263,1487,463,0,553,98,0.000,457,1,3.782,0.167,2.120,2.680,1.620,-0.170,-0.050,0.993,0.030,-0.164,0.060,0.000,0.000,0.008,0.003,2,NULL,NULL,,1,0,2,7,255,,250,0,0
stim,5150,5150,0,2338829.584,-0.988,-0.006,0.091,-0.123,1006,0,8,1272,1480,459,0,551,98,0.000,457,1,4.670,0.167,2.980,3.040,1.920,-0.170,-0.048,0.993,0.032,-0.164,0.060,0.000,0.000,0.008,0.003,2,NULL,NULL,,1,0,2,7,255,,250,0,0
stim,5150,5150,0,2338834.584,-0.988,-0.005,0.091,-0.123,1021,0,1,1285,1463,461,0,543,98,0.000,457,1,5.459,0.151,3.840,3.300,2.040,-0.172,-0.047,0.992,0.032,-0.148,0.060,0.000,0.000,0.008,0.003,2,NULL,NULL,,1,0,2,7,255,,250,0,0
stim,5150,5150,0,2338839.584,-0.988,-0.005,0.091,-0.123,1045,0,4,1293,1464,459,0,541,98,0.000,457,1,6.133,0.134,4.620,3.480,2.040,-0.174,-0.044,0.991,0.020,-0.132,0.056,0.000,0.000,0.008,0.003,2,NULL,NULL,,1,0,2,7,255,,250,0,0
stim,5150,5150,0,2338844.584,-0.988,-0.005,0.091,-0.123,1062,0,3,1307,1447,458,0,537,98,0.000,457,1,6.771,0.106,5.360,3.600,2.040,-0.175,-0.042,0.991,0.006,-0.106,0.050,0.000,0.000,0.008,0.003,2,NULL,NULL,,1,0,2,7,255,,250,0,0
stim,5150,5150,0,2338849.584,-0.988,-0.005,0.091,-0.123,1083,0,4,1312,1443,455,0,539,98,0.000,457,1,7.403,0.082,5.980,3.780,2.180,-0.177,-0.041,0.992,0.000,-0.082,0.050,0.000,0.000,0.008,0.003,2,NULL,NULL,,1,0,2,7,255,,250,0,0
stim,5166,5166,0,2338854.584,-0.988,-0.005,0.091,-0.123,1112,0,6,1325,1450,452,0,533,98,0.000,457,1,7.963,0.068,6.520,3.840,2.480,-0.178,-0.038,0.991,-0.008,-0.068,0.048,0.000,0.000,0.008,0.003,2,NULL,NULL,,1,0,2,7,255,,250,0,0
stim,5166,5166,0,2338859.584,-0.988,-0.004,0.091,-0.122,1135,0,5,1339,1479,446,0,527,98,0.000,457,1,8.482,0.051,7.000,3.900,2.780,-0.177,-0.038,0.989,-0.008,-0.050,0.048,0.000,0.000,0.008,0.003,2,NULL,NULL,,1,0,2,7,255,,250,0,0
stim,5166,5166,0,2338864.587,-0.988,-0.004,0.091,-0.122,1159,0,4,1365,1387,445,0,532,98,0.000,457,1,8.850,0.049,7.320,4.040,2.900,-0.178,-0.034,0.989,-0.008,-0.048,0.032,0.000,0.000,0.008,0.003,2,NULL,NULL,,1,0,2,7,255,,250,0,0
stim,5198,5198,0,2338869.585,-0.988,-0.004,0.091,-0.122,1189,0,7,1407,1365,445,0,533,98,0.000,457,1,9.331,0.023,7.800,4.220,2.900,-0.180,-0.032,0.989,-0.008,-0.022,0.030,0.000,0.000,0.008,0.003,2,NULL,NULL,,1,0,2,7,255,,250,0,0
stim,5198,5198,0,2338874.584,-0.988,-0.003,0.091,-0.122,1203,0,4,1433,1325,441,0,510,98,0.000,457,1,9.628,0.018,8.100,4.280,2.960,-0.181,-0.029,0.987,-0.018,-0.002,0.030,0.000,0.000,0.008,0.003,2,NULL,NULL,,1,0,2,7,255,,250,0,0
stim,5198,5198,0,2338879.584,-0.988,-0.003,0.092,-0.122,1227,0,6,1465,1295,437,0,524,98,0.000,457,1,9.658,0.029,8.100,4.220,3.140,-0.183,-0.027,0.985,-0.024,0.016,0.012,0.000,0.000,0.008,0.003,2,NULL,NULL,,1,0,2,7,255,,250,0,0
stim,5198,5198,0,2338884.584,-0.988,-0.003,0.092,-0.122,1245,0,5,1493,1295,429,0,523,98,0.000,457,1,9.694,0.038,8.160,4.140,3.200,-0.182,-0.025,0.986,-0.024,0.030,0.006,0.000,0.000,0.008,0.003,2,NULL,NULL,,1,0,2,7,255,,250,0,0
stim,5198,5198,0,2338889.584,-0.988,-0.002,0.092,-0.122,1269,0,5,1515,1316,423,0,520,98,0.000,457,1,9.714,0.045,8.160,4.140,3.260,-0.181,-0.024,0.986,-0.016,0.042,0.006,0.000,0.000,0.008,0.003,2,NULL,NULL,,1,0,2,7,255,,250,0,0
stim,5198,5198,0,2338894.584,-0.988,-0.002,0.092,-0.122,1289,0,8,1529,1307,414,0,509,98,0.000,457,1,9.668,0.046,8.160,4.080,3.200,-0.182,-0.022,0.985,-0.014,0.044,0.006,0.000,0.000,0.008,0.003,2,NULL,NULL,,1,0,2,7,255,,250,0,0
stim,5198,5198,0,2338899.584,-0.988,-0.001,0.092,-0.122,1305,0,6,1553,1257,413,0,505,98,0.000,457,1,9.612,0.058,8.100,4.020,3.260,-0.183,-0.021,0.985,-0.014,0.056,-0.002,0.000,0.000,0.008,0.003,2,NULL,NULL,,1,0,2,7,255,,250,0,0
stim,5198,5198,0,2338904.584,-0.988,-0.001,0.092,-0.122,1316,0,5,1562,1276,411,0,494,98,0.000,457,1,9.516,0.064,8.040,3.960,3.200,-0.183,-0.019,0.984,-0.014,0.062,-0.006,0.000,0.000,0.008,0.003,2,NULL,NULL,,1,0,2,7,255,,250,0,0
stim,5214,5214,0,2338909.584,-0.988,-0.001,0.092,-0.121,1337,0,8,1579,1223,425,0,491,98,0.000,457,1,9.340,0.065,7.860,3.900,3.200,-0.184,-0.021,0.987,-0.018,0.062,-0.006,0.000,0.000,0.008,0.003,2,NULL,NULL,,1,0,2,7,255,,250,0,0
stim,5214,5214,0,2338914.586,-0.988,-0.000,0.092,-0.121,1371,0,10,1591,1224,421,0,483,98,0.000,457,1,9.290,0.049,7.860,3.780,3.200,-0.182,-0.021,0.984,-0.010,0.048,-0.012,0.000,0.000,0.008,0.003,2,NULL,NULL,,1,0,2,7,255,,250,0,0
stim,5232,5232,0,2338919.585,-0.988,0.000,0.092,-0.121,1383,0,5,1599,1263,421,0,483,98,0.000,457,1,9.067,0.051,7.620,3.780,3.140,-0.184,-0.018,0.985,-0.018,0.048,-0.004,0.000,0.000,0.008,0.003,2,NULL,NULL,,1,0,2,7,255,,250,0,0
stim,5262,5262,0,2338924.584,-0.988,0.001,0.092,-0.121,1397,0,8,1620,1337,423,0,481,98,0.000,457,1,8.744,0.055,7.320,3.660,3.080,-0.182,-0.016,0.983,-0.008,0.054,-0.012,0.000,0.000,0.008,0.003,2,NULL,NULL,,1,0,2,7,255,,250,0,0
stim,5262,5262,0,2338929.584,-0.988,0.001,0.092,-0.121,1417,0,13,1626,1385,415,0,475,98,0.000,457,1,8.376,0.059,6.880,3.600,3.140,-0.185,-0.017,0.984,-0.018,0.056,-0.012,0.000,0.000,0.008,0.003,2,NULL,NULL,,1,0,2,7,255,,250,0,0
stim,5262,5262,0,2338934.584,-0.988,0.001,0.093,-0.121,1423,0,5,1643,1323,413,0,475,98,0.000,457,1,8.249,0.059,6.760,3.480,3.200,-0.185,-0.017,0.985,-0.018,0.056,-0.012,0.000,0.000,0.008,0.003,2,NULL,NULL,,1,0,2,7,255,,250,0,0
stim,5262,5262,0,2338939.584,-0.988,0.002,0.093,-0.121,1448,0,7,1647,1320,411,0,490,98,0.000,457,1,8.028,0.046,6.580,3.360,3.140,-0.183,-0.017,0.985,-0.018,0.042,-0.006,0.000,0.000,0.008,0.003,2,NULL,NULL,,1,0,2,7,255,,250,0,0
stim,5262,5262,0,2338944.584,-0.988,0.002,0.093,-0.121,1464,0,11,1651,1269,406,0,483,98,0.000,457,1,7.783,0.042,6.340,3.300,3.080,-0.184,-0.014,0.983,-0.006,0.042,-0.006,0.000,0.000,0.008,0.003,2,NULL,NULL,,1,0,2,7,255,,250,0,0
stim,5262,5262,0,2338949.584,-0.988,0.002,0.093,-0.121,1475,0,10,1671,1223,406,0,486,98,0.000,457,1,7.440,0.044,6.040,3.180,2.960,-0.185,-0.015,0.985,-0.006,0.044,-0.006,0.000,0.000,0.008,0.003,2,NULL,NULL,,1,0,2,7,255,,250,0,0
stim,5262,5262,0,2338954.584,-0.988,0.002,0.093,-0.120,1485,0,8,1674,1209,405,0,485,98,0.000,457,1,7.180,0.044,5.780,3.120,2.900,-0.184,-0.016,0.985,-0.006,0.044,-0.004,0.000,0.000,0.008,0.003,2,NULL,NULL,,1,0,2,7,255,,250,0,0
stim,5262,5262,0,2338959.584,-0.988,0.003,0.093,-0.120,1509,0,11,1687,1234,395,0,477,98,0.000,457,1,6.951,0.039,5.660,2.980,2.720,-0.185,-0.014,0.984,-0.010,0.038,-0.004,0.000,0.000,0.008,0.003,2,NULL,NULL,,1,0,2,7,255,,250,0,0
stim,5262,5262,0,2338964.586,-0.988,0.003,0.093,-0.120,1531,0,9,1691,1309,396,0,467,98,0.000,457,1,6.611,0.038,5.360,2.920,2.540,-0.184,-0.012,0.983,-0.004,0.038,-0.006,0.000,0.000,0.008,0.003,2,NULL,NULL,,1,0,2,7,255,,250,0,0
stim,5278,5278,0,2338969.585,-0.988,0.003,0.093,-0.120,1565,0,11,1700,1339,392,0,477,98,0.000,457,1,6.269,0.053,5.060,2.800,2.420,-0.187,-0.010,0.984,-0.012,0.052,-0.008,0.000,0.000,0.008,0.003,2,NULL,NULL,,1,0,2,7,255,,250,0,0
stim,5294,5294,0,2338974.584,-0.988,0.004,0.093,-0.120,1581,0,12,1716,1336,393,0,456,98,0.000,457,1,5.934,0.056,4.680,2.560,2.600,-0.188,-0.012,0.983,-0.022,0.052,-0.012,0.000,0.000,0.008,0.003,2,NULL,NULL,,1,0,2,7,255,,250,0,0
stim,5294,5294,0,2338979.584,-0.988,0.004,0.093,-0.120,1581,0,8,1718,1338,389,0,446,98,0.000,457,1,5.702,0.051,4.380,2.500,2.660,-0.184,-0.015,0.984,-0.022,0.046,-0.012,0.000,0.000,0.008,0.003,2,NULL,NULL,,1,0,2,7,255,,250,0,0
stim,5294,5294,0,2338984.584,-0.988,0.004,0.093,-0.120,1597,0,10,1727,1353,379,0,451,98,0.000,457,1,5.355,0.041,4.140,2.320,2.480,-0.186,-0.011,0.984,-0.008,0.040,-0.012,0.000,0.000,0.008,0.003,2,NULL,NULL,,1,0,2,7,255,,250,0,0
stim,5294,5294,0,2338989.584,-0.988,0.004,0.093,-0.120,1608,0,13,1741,1379,378,0,445,98,0.000,457,1,5.092,0.041,4.020,2.200,2.220,-0.188,-0.009,0.983,-0.008,0.040,-0.012,0.000,0.000,0.008,0.003,2,NULL,NULL,,1,0,2,7,255,,250,0,0
stim,5294,5294,0,2338994.584,-0.988,0.004,0.093,-0.120,1609,0,9,1743,1335,373,0,460,98,0.000,457,1,4.661,0.041,3.580,2.060,2.160,-0.185,-0.010,0.983,-0.008,0.040,-0.016,0.000,0.000,0.008,0.003,2,NULL,NULL,,1,0,2,7,255,,250,0,0
stim,5294,5294,0,2338999.584,-0.988,0.004,0.093,-0.120,1613,0,11,1750,1275,364,0,457,98,0.000,457,1,4.289,0.038,3.160,2.000,2.100,-0.185,-0.011,0.982,-0.006,0.038,-0.016,0.000,0.000,0.008,0.003,2,NULL,NULL,,1,0,2,7,255,,250,0,0
stim,5311,5311,0,2339004.584,-0.988,0.005,0.093,-0.120,1613,0,10,1751,1261,365,0,451,98,0.000,457,1,3.896,0.030,2.860,1.820,1.920,-0.184,-0.010,0.984,0.002,0.030,-0.016,0.000,0.000,0.008,0.003,2,NULL,NULL,,1,0,2,7,255,,250,0,0
stim,5311,5311,0,2339009.584,-0.988,0.005,0.093,-0.120,1616,0,11,1753,1323,360,0,445,98,0.000,457,1,3.546,0.030,2.620,1.700,1.680,-0.185,-0.008,0.983,0.002,0.030,-0.016,0.000,0.000,0.008,0.003,2,NULL,NULL,,1,0,2,7,255,,250,0,0
stim,5311,5311,0,2339014.586,-0.988,0.005,0.093,-0.119,1613,0,11,1756,1350,363,0,445,98,0.000,457,1,3.096,0.049,2.240,1.580,1.440,-0.184,-0.008,0.983,0.008,0.048,-0.016,0.000,0.000,0.008,0.003,2,NULL,NULL,,1,0,2,7,255,,250,0,0
stim,5358,5358,0,2339019.584,-0.988,0.005,0.093,-0.119,1623,0,12,1767,1363,360,0,445,98,0.000,457,1,2.735,0.048,1.940,1.460,1.260,-0.185,-0.010,0.982,0.002,0.048,-0.022,0.000,0.000,0.008,0.003,2,NULL,NULL,,1,0,2,7,255,,250,0,0
stim,5358,5358,0,2339024.585,-0.988,0.005,0.093,-0.119,1613,0,12,1760,1311,359,0,436,98,0.000,457,1,2.368,0.038,1.640,1.340,1.060,-0.186,-0.009,0.982,0.002,0.038,-0.022,0.000,0.000,0.008,0.003,2,NULL,NULL,,1,0,2,7,255,,250,0,0
stim,5358,5358,0,2339029.584,-0.988,0.005,0.093,-0.119,1611,0,12,1767,1289,359,0,429,98,0.000,457,1,2.051,0.038,1.340,1.280,0.880,-0.185,-0.008,0.982,0.002,0.038,-0.026,0.000,0.000,0.008,0.003,2,NULL,NULL,,1,0,2,7,255,,250,0,0
stim,5358,5358,0,2339034.584,-0.988,0.005,0.093,-0.119,1604,0,9,1767,1286,355,0,425,98,0.000,457,1,1.655,0.039,1.020,1.100,0.700,-0.186,-0.009,0.982,-0.010,0.038,-0.026,0.000,0.000,0.008,0.003,2,NULL,NULL,,1,0,2,7,255,,250,0,0
stim,5358,5358,0,2339039.584,-0.988,0.005,0.093,-0.119,1600,0,11,1771,1269,357,0,425,98,0.000,457,1,1.356,0.036,0.780,0.980,0.520,-0.186,-0.009,0.983,-0.004,0.036,-0.026,0.000,0.000,0.008,0.003,2,NULL,NULL,,1,0,2,7,255,,250,0,0
stim,5358,5358,0,2339044.584,-0.988,0.005,0.093,-0.119,1591,0,11,1770,1231,356,0,424,98,0.000,457,1,0.965,0.037,0.420,0.800,0.340,-0.187,-0.008,0.982,-0.010,0.036,-0.020,0.000,0.000,0.008,0.003,2,NULL,NULL,,1,0,2,7,255,,250,0,0
stim,5358,5358,0,2339049.584,-0.988,0.005,0.093,-0.119,1597,0,9,1768,1237,359,0,425,98,0.000,457,1,0.700,0.043,0.040,0.680,0.160,-0.187,-0.007,0.982,-0.010,0.042,-0.020,0.000,0.000,0.008,0.003,2,NULL,NULL,,1,0,2,7,255,,250,0,0
stim,5358,5358,0,2339054.584,-0.988,0.005,0.093,-0.119,1593,0,10,1769,1219,359,0,425,98,0.000,457,1,0.582,0.051,-0.320,0.480,-0.080,-0.187,-0.006,0.982,-0.010,0.050,-0.020,0.000,0.000,0.008,0.003,2,NULL,NULL,,1,0,2,7,255,,250,0,0
stim,5374,5374,0,2339059.584,-0.988,0.005,0.093,-0.119,1595,0,9,1773,1225,358,0,429,98,0.000,457,1,0.893,0.057,-0.740,0.300,-0.400,-0.186,-0.005,0.982,-0.008,0.056,-0.022,0.000,0.000,0.008,0.003,2,NULL,NULL,,1,0,2,7,255,,250,0,0
stim,5374,5374,0,2339064.586,-0.988,0.005,0.093,-0.119,1585,0,13,1765,1207,361,0,429,98,0.000,457,1,1.322,0.061,-1.120,0.060,-0.700,-0.187,-0.006,0.982,-0.008,0.060,-0.020,0.000,0.000,0.008,0.003,2,NULL,NULL,,1,0,2,7,255,,250,0,0
stim,5391,5391,0,2339069.585,-0.988,0.005,0.093,-0.119,1578,0,11,1766,1213,365,0,445,98,0.000,457,1,1.624,0.061,-1.360,-0.120,-0.880,-0.188,-0.008,0.983,-0.008,0.060,-0.020,0.000,0.000,0.008,0.003,2,NULL,NULL,,1,0,2,7,255,,250,0,0
stim,5391,5391,0,2339074.584,-0.988,0.005,0.093,-0.119,1577,0,10,1767,1235,368,0,447,98,0.000,457,1,2.004,0.048,-1.720,-0.240,-1.000,-0.188,-0.009,0.984,-0.020,0.044,-0.008,0.000,0.000,0.008,0.003,2,NULL,NULL,,1,0,2,7,255,,250,0,0
stim,5406,5406,0,2339079.584,-0.988,0.005,0.093,-0.119,1568,0,11,1759,1234,365,0,453,98,0.000,457,1,2.287,0.039,-2.080,-0.360,-0.880,-0.188,-0.010,0.985,-0.022,0.032,0.002,0.000,0.000,0.008,0.003,2,NULL,NULL,,1,0,2,7,255,,250,0,0
stim,5406,5406,0,2339084.584,-0.988,0.005,0.093,-0.119,1565,0,11,1765,1221,365,0,437,98,0.000,457,1,2.594,0.034,-2.400,-0.440,-0.880,-0.187,-0.011,0.984,-0.022,0.026,0.002,0.000,0.000,0.008,0.003,2,NULL,NULL,,1,0,2,7,255,,250,0,0
stim,5406,5406,0,2339089.584,-0.988,0.005,0.093,-0.119,1544,0,12,1751,1235,367,0,445,98,0.000,457,1,2.864,0.034,-2.640,-0.560,-0.960,-0.186,-0.010,0.984,-0.022,0.026,0.000,0.000,0.000,0.008,0.003,2,NULL,NULL,,1,0,2,7,255,,250,0,0
stim,5406,5406,0,2339094.584,-0.988,0.005,0.093,-0.120,1513,0,10,1745,1225,374,0,457,98,0.000,457,1,3.273,0.032,-3.000,-0.740,-1.080,-0.186,-0.009,0.984,-0.010,0.030,-0.002,0.000,0.000,0.008,0.003,2,NULL,NULL,,1,0,2,7,255,,250,0,0
stim,5406,5406,0,2339099.584,-0.988,0.004,0.093,-0.120,1487,0,11,1737,1189,375,0,455,98,0.000,457,1,3.596,0.037,-3.240,-0.920,-1.260,-0.187,-0.009,0.984,-0.010,0.036,-0.002,0.000,0.000,0.008,0.003,2,NULL,NULL,,1,0,2,7,255,,250,0,0
stim,5406,5406,0,2339104.584,-0.988,0.004,0.093,-0.120,1475,0,8,1727,1207,381,0,464,98,0.000,457,1,3.995,0.046,-3.560,-1.100,-1.440,-0.188,-0.010,0.984,-0.018,0.042,0.000,0.000,0.000,0.008,0.003,2,NULL,NULL,,1,0,2,7,255,,250,0,0
stim,5406,5406,0,2339109.584,-0.988,0.004,0.093,-0.120,1451,0,11,1709,1199,378,0,471,98,0.000,457,1,4.337,0.049,-3.920,-1.240,-1.380,-0.188,-0.011,0.983,-0.026,0.042,0.000,0.000,0.000,0.008,0.003,2,NULL,NULL,,1,0,2,7,255,,250,0,0
stim,5406,5406,0,2339114.586,-0.988,0.004,0.093,-0.120,1439,0,9,1701,1211,379,0,474,98,0.000,457,1,4.644,0.044,-4.220,-1.360,-1.380,-0.187,-0.013,0.985,-0.026,0.036,0.002,0.000,0.000,0.008,0.003,2,NULL,NULL,,1,0,2,7,255,,250,0,0
stim,5455,5455,0,2339119.585,-0.988,0.004,0.093,-0.120,1408,0,7,1693,1143,378,0,475,98,0.000,457,1,4.971,0.037,-4.520,-1.540,-1.380,-0.185,-0.012,0.985,-0.024,0.028,0.002,0.000,0.000,0.008,0.003,2,NULL,NULL,,1,0,2,7,255,,250,0,0
stim,5455,5455,0,2339124.584,-0.988,0.004,0.093,-0.120,1389,0,11,1679,1175,391,0,463,98,0.000,457,1,5.206,0.026,-4.720,-1.660,-1.440,-0.186,-0.013,0.985,-0.016,0.020,0.004,0.000,0.000,0.008,0.003,2,NULL,NULL,,1,0,2,7,255,,250,0,0
stim,5455,5455,0,2339129.584,-0.988,0.003,0.093,-0.120,1379,0,9,1657,1233,392,0,468,98,0.000,457,1,5.442,0.022,-4.900,-1.780,-1.560,-0.184,-0.014,0.985,-0.008,0.020,0.002,0.000,0.000,0.008,0.003,2,NULL,NULL,,1,0,2,7,255,,250,0,0
stim,5455,5455,0,2339134.584,-0.988,0.003,0.093,-0.120,1354,0,9,1643,1293,397,0,470,98,0.000,457,1,5.676,0.010,-5.140,-1.780,-1.620,-0.182,-0.017,0.984,-0.002,0.010,0.000,0.000,0.000,0.008,0.003,2,NULL,NULL,,1,0,2,7,255,,250,0,0
stim,5455,5455,0,2339139.584,-0.988,0.003,0.092,-0.120,1341,0,8,1627,1367,401,0,473,98,0.000,457,1,5.929,0.009,-5.380,-1.840,-1.680,-0.182,-0.015,0.984,0.004,0.008,-0.008,0.000,0.000,0.008,0.003,2,NULL,NULL,,1,0,2,7,255,,250,0,0
stim,5455,5455,0,2339144.584,-0.988,0.003,0.092,-0.120,1325,0,9,1613,1401,399,0,489,98,0.000,457,1,6.110,0.012,-5.560,-1.840,-1.740,-0.180,-0.017,0.983,0.006,-0.010,-0.012,0.000,0.000,0.008,0.003,2,NULL,NULL,,1,0,2,7,255,,250,0,0
stim,5455,5455,0,2339149.584,-0.988,0.002,0.092,-0.120,1300,0,9,1608,1255,400,0,493,98,0.000,457,1,6.254,0.014,-5.680,-1.840,-1.860,-0.181,-0.018,0.984,0.012,-0.008,-0.012,0.000,0.000,0.008,0.003,2,NULL,NULL,,1,0,2,7,255,,250,0,0
stim,5455,5455,0,2339154.584,-0.988,0.002,0.092,-0.120,1288,0,8,1593,1159,407,0,498,98,0.000,457,1,6.525,0.023,-5.940,-1.900,-1.920,-0.180,-0.017,0.985,0.022,-0.008,-0.010,0.000,0.000,0.008,0.003,2,NULL,NULL,,1,0,2,7,255,,250,0,0
stim,5456,5456,0,2339159.584,-0.988,0.002,0.092,-0.120,1273,0,9,1576,1174,409,0,499,98,0.000,457,1,6.635,0.022,-6.060,-1.840,-1.980,-0.179,-0.017,0.985,0.022,0.000,-0.008,0.000,0.000,0.008,0.003,2,NULL,NULL,,1,0,2,7,255,,250,0,0
stim,5456,5456,0,2339164.587,-0.988,0.001,0.092,-0.120,1256,0,12,1560,1144,411,0,507,98,0.000,457,1,6.733,0.022,-6.120,-1.840,-2.120,-0.180,-0.020,0.985,0.022,0.000,-0.006,0.000,0.000,0.008,0.003,2,NULL,NULL,,1,0,2,7,255,,250,0,0
stim,5486,5486,0,2339169.585,-0.988,0.001,0.092,-0.120,1230,0,8,1545,1167,413,0,487,98,0.000,457,1,6.788,0.014,-6.180,-1.840,-2.120,-0.180,-0.021,0.985,0.010,-0.010,-0.006,0.000,0.000,0.008,0.003,2,NULL,NULL,,1,0,2,7,255,,250,0,0
stim,5486,5486,0,2339174.584,-0.988,0.001,0.092,-0.120,1221,0,9,1528,1123,423,0,492,98,0.000,457,1,6.928,0.014,-6.360,-1.840,-2.040,-0.180,-0.018,0.982,0.010,-0.010,-0.006,0.000,0.000,0.008,0.003,2,NULL,NULL,,1,0,2,7,255,,250,0,0
stim,5486,5486,0,2339179.584,-0.988,0.001,0.092,-0.120,1190,0,9,1517,1125,435,0,491,98,0.000,457,1,7.331,0.014,-6.780,-1.900,-2.040,-0.178,-0.019,0.983,0.012,0.008,-0.028,0.000,0.000,0.008,0.003,2,NULL,NULL,,1,0,2,7,255,,250,0,0
stim,5486,5486,0,2339184.584,-0.988,0.000,0.092,-0.120,1163,0,5,1501,1103,439,0,493,98,0.000,457,1,7.500,0.025,-6.980,-1.900,-1.980,-0.177,-0.023,0.985,0.024,0.008,-0.028,0.000,0.000,0.008,0.003,2,NULL,NULL,,1,0,2,7,255,,250,0,0
stim,5486,5486,0,2339189.584,-0.988,-0.000,0.092,-0.120,1129,0,3,1479,1145,440,0,503,98,0.000,457,1,7.429,0.025,-6.920,-1.840,-1.980,-0.180,-0.021,0.986,0.024,0.006,-0.004,0.000,0.000,0.008,0.003,2,NULL,NULL,,1,0,2,7,255,,250,0,0
stim,5486,5486,0,2339194.584,-0.988,-0.000,0.092,-0.121,1127,0,6,1451,1119,441,0,502,98,0.000,457,1,7.413,0.033,-6.920,-1.840,-1.920,-0.177,-0.024,0.983,0.020,-0.026,-0.004,0.000,0.000,0.008,0.003,2,NULL,NULL,,1,0,2,7,255,,250,0,0
stim,5486,5486,0,2339199.584,-0.988,-0.001,0.092,-0.121,1111,0,6,1429,1123,443,0,524,98,0.000,457,1,7.625,0.012,-7.160,-1.720,-1.980,-0.179,-0.021,0.986,0.010,0.006,0.004,0.000,0.000,0.008,0.003,2,NULL,NULL,,1,0,2,7,255,,250,0,0
stim,5534,5534,0,2339204.584,-0.988,-0.001,0.091,-0.121,1092,0,5,1407,1119,447,0,527,98,0.000,457,1,7.610,0.014,-7.160,-1.720,-1.920,-0.179,-0.022,0.986,0.010,0.010,0.004,0.000,0.000,0.008,0.003,2,NULL,NULL,,1,0,2,7,255,,250,0,0
stim,5534,5534,0,2339209.584,-0.988,-0.001,0.091,-0.121,1061,0,6,1389,1161,446,0,509,98,0.000,457,1,7.823,0.014,-7.400,-1.660,-1.920,-0.177,-0.023,0.983,0.010,0.010,0.004,0.000,0.000,0.008,0.003,2,NULL,NULL,,1,0,2,7,255,,250,0,0
stim,5534,5534,0,2339214.586,-0.988,-0.002,0.091,-0.121,1049,0,6,1381,1195,453,0,509,98,0.000,457,1,8.008,0.018,-7.580,-1.660,-1.980,-0.178,-0.024,0.987,0.016,0.008,0.004,0.000,0.000,0.008,0.003,2,NULL,NULL,,1,0,2,7,255,,250,0,0
stim,5566,5566,0,2339219.586,-0.988,-0.002,0.091,-0.121,1035,0,6,1351,1230,456,0,535,98,0.000,457,1,7.907,0.016,-7.460,-1.540,-2.120,-0.178,-0.025,0.987,0.016,0.004,0.012,0.000,0.000,0.008,0.003,2,NULL,NULL,,1,0,2,7,255,,250,0,0
stim,5566,5566,0,2339224.584,-0.988,-0.002,0.091,-0.121,1021,0,3,1331,1195,455,0,536,98,0.000,457,1,7.784,0.016,-7.400,-1.540,-1.860,-0.176,-0.028,0.984,0.016,0.000,0.012,0.000,0.000,0.008,0.003,2,NULL,NULL,,1,0,2,7,255,,250,0,0
stim,5566,5566,0,2339229.584,-0.988,-0.003,0.091,-0.121,999,0,6,1323,1181,455,0,540,98,0.000,457,1,7.846,0.014,-7.520,-1.480,-1.680,-0.178,-0.026,0.985,0.014,0.000,-0.008,0.000,0.000,0.008,0.003,2,NULL,NULL,,1,0,2,7,255,,250,0,0
stim,5566,5566,0,2339234.584,-0.988,-0.003,0.091,-0.121,971,0,3,1304,1175,460,0,547,98,0.000,457,1,7.992,0.019,-7.700,-1.400,-1.620,-0.174,-0.028,0.985,0.016,-0.010,-0.008,0.000,0.000,0.008,0.003,2,NULL,NULL,,1,0,2,7,255,,250,0,0
stim,5566,5566,0,2339239.584,-0.988,-0.003,0.091,-0.121,951,0,4,1293,1145,455,0,541,98,0.000,457,1,7.804,0.030,-7.460,-1.340,-1.860,-0.175,-0.032,0.990,0.028,-0.010,-0.008,0.000,0.000,0.008,0.003,2,NULL,NULL,,1,0,2,7,255,,250,0,0
stim,5566,5566,0,2339244.584,-0.988,-0.004,0.091,-0.121,937,0,2,1285,1141,446,0,549,98,0.000,457,1,7.373,0.052,-7.040,-1.160,-1.860,-0.175,-0.035,0.989,0.028,-0.044,0.028,0.000,0.000,0.008,0.003,2,NULL,NULL,,1,0,2,7,255,,250,0,0
stim,5566,5566,0,2339249.584,-0.988,-0.004,0.091,-0.121,916,0,5,1256,1144,446,0,541,98,0.000,457,1,7.004,0.048,-6.720,-1.040,-1.680,-0.175,-0.034,0.988,0.018,-0.044,0.028,0.000,0.000,0.008,0.003,2,NULL,NULL,,1,0,2,7,255,,250,0,0
stim,5566,5566,0,2339254.584,-0.988,-0.004,0.091,-0.121,903,0,4,1235,1137,447,0,544,98,0.000,457,1,6.715,0.044,-6.480,-0.920,-1.500,-0.175,-0.033,0.984,0.014,-0.042,0.018,0.000,0.000,0.008,0.003,2,NULL,NULL,,1,0,2,7,255,,250,0,0
