condition_phase,condition_phase_elapsed_ms,condition_elapsed_ms,is_stimulation_on,t_ms,L_q0,L_q1,L_q2,L_q3,L_heel1,L_mid1,L_fore1,L_heel2,L_fore3,L_mid2,L_fore4,L_fore2,L_cadence,L_speed,L_steps,L_zupt,L_gyroNorm,L_accH,L_gyro_x,L_gyro_y,L_gyro_z,L_acc_x,L_acc_y,L_acc_z,L_nav_ax,L_nav_ay,L_nav_az,L_stepVel,L_stepVelj,L_stepDispRaw,L_stepDispZUPT,L_gaitEvent,L_stepTimeMs,L_stepDeviationMs,L_baselineMs,L_motorMode,L_motorActive,L_motorAlignment,L_motorRegionMask,L_motorAmplitude,L_motorIntervalMs,L_motorDurationMs,L_motorPhaseMs,L_motorCycleMs
stim,25,25,0,899643.803,0.018,0.063,-0.224,-0.972,0,0,0,0,0,0,0,0,44,1.158,392,0,14.789,1.337,7.360,11.380,5.920,-0.117,0.377,0.954,-0.838,1.042,-0.304,0.000,0.000,1.307,0.979,2,NULL,NULL,1062.000,4,0,0,7,255,,0,0,0
stim,25,25,0,899648.802,0.017,0.063,-0.224,-0.972,0,0,0,0,0,0,0,0,44,1.158,392,0,17.301,1.508,9.920,9.320,10.680,-0.095,0.339,0.929,-0.838,1.254,-0.478,0.000,0.000,1.307,0.979,2,NULL,NULL,,4,0,0,7,255,,0,0,0
stim,25,25,0,899653.802,0.017,0.063,-0.224,-0.972,0,0,0,0,0,0,0,0,44,1.158,392,0,17.345,1.508,7.860,13.280,7.920,-0.135,0.311,0.922,-0.838,1.254,-0.478,0.000,0.000,1.307,0.979,2,NULL,NULL,,4,0,0,7,255,,0,0,0
stim,25,25,0,899658.803,0.017,0.063,-0.224,-0.972,0,0,0,0,0,0,0,0,44,1.158,392,0,14.641,1.580,7.420,9.680,8.100,-0.104,0.367,0.958,-0.962,1.254,-0.478,0.000,0.000,1.307,0.979,2,NULL,NULL,,4,0,0,7,255,,0,0,0
stim,25,25,0,899663.802,0.016,0.063,-0.224,-0.972,0,0,0,0,0,0,0,0,44,1.158,392,0,17.270,1.621,10.660,10.420,8.720,-0.112,0.318,0.920,-0.800,1.410,-0.590,0.000,0.000,1.307,0.979,2,NULL,NULL,,4,0,0,7,255,,0,0,0
stim,25,25,0,899668.802,0.016,0.064,-0.224,-0.972,0,0,0,0,0,0,0,0,44,1.158,392,0,16.735,1.471,5.420,12.740,9.400,-0.126,0.342,0.929,-0.800,1.234,-0.416,0.000,0.000,1.307,0.979,2,NULL,NULL,,4,0,0,7,255,,0,0,0
stim,25,25,0,899673.802,0.015,0.064,-0.224,-0.972,0,0,0,0,0,0,0,0,44,1.158,392,0,15.747,1.547,11.340,8.940,6.280,-0.101,0.347,0.962,-0.800,1.324,-0.416,0.000,0.000,1.307,0.979,2,NULL,NULL,,4,0,0,7,255,,0,0,0
stim,25,25,0,899678.802,0.015,0.064,-0.224,-0.972,0,0,0,0,0,0,0,0,44,1.158,392,0,17.866,1.470,5.540,11.940,12.080,-0.127,0.321,0.900,-0.694,1.296,-0.416,0.000,0.000,1.307,0.979,2,NULL,NULL,,4,0,0,7,255,,0,0,0
stim,25,25,0,899683.802,0.015,0.064,-0.224,-0.972,0,0,0,0,0,0,0,0,44,1.158,392,0,16.025,1.632,10.840,11.140,3.900,-0.104,0.365,0.967,-0.992,1.296,-0.152,0.000,0.000,1.307,0.979,2,NULL,NULL,,4,0,0,7,255,,0,0,0
stim,25,25,0,899688.802,0.014,0.064,-0.224,-0.972,0,0,0,0,0,0,0,0,44,1.158,392,0,17.916,1.459,6.260,9.500,13.840,-0.124,0.301,0.914,-0.670,1.296,-0.724,0.000,0.000,1.307,0.979,2,NULL,NULL,,4,0,0,7,255,,0,0,0
stim,25,25,0,899693.802,0.014,0.064,-0.224,-0.972,0,0,0,0,0,0,0,0,44,1.158,392,0,16.298,1.539,9.620,12.800,3.040,-0.104,0.391,0.950,-0.978,1.188,-0.066,0.000,0.000,1.307,0.979,2,NULL,NULL,,4,0,0,7,255,,0,0,0
stim,25,25,0,899698.802,0.013,0.064,-0.224,-0.972,0,0,0,0,0,0,0,0,44,1.158,392,0,17.999,1.668,7.860,8.880,13.540,-0.130,0.268,0.929,-0.670,1.528,-0.718,0.000,0.000,1.307,0.979,2,NULL,NULL,,4,0,0,7,255,,0,0,0
stim,25,25,0,899703.802,0.013,0.064,-0.224,-0.972,0,0,0,0,0,0,0,0,44,1.158,392,0,15.456,1.322,7.860,12.480,4.620,-0.098,0.424,0.945,-0.978,0.890,-0.066,0.000,0.000,1.307,0.979,2,NULL,NULL,,4,0,0,7,255,,0,0,0
stim,47,47,0,899708.802,0.013,0.064,-0.224,-0.972,0,0,0,0,0,0,0,0,44,1.158,392,0,16.709,1.991,8.900,9.560,10.420,-0.136,0.246,0.924,-0.620,1.892,-0.718,0.000,0.000,1.307,0.979,2,NULL,NULL,,4,0,0,7,255,,0,0,0
stim,47,47,0,899713.802,0.012,0.064,-0.224,-0.972,0,0,0,0,0,0,0,0,44,1.158,392,0,16.238,1.193,8.100,11.140,8.600,-0.099,0.427,0.955,-1.040,0.584,0.024,0.000,0.000,1.307,0.979,2,NULL,NULL,,4,0,0,7,255,,0,0,0
stim,47,47,0,899718.802,0.012,0.065,-0.224,-0.972,0,0,0,0,0,0,0,0,44,1.158,392,0,14.406,1.779,6.700,10.960,6.520,-0.132,0.283,0.911,-0.584,1.680,-0.812,0.000,0.000,1.307,0.979,2,NULL,NULL,,4,0,0,7,255,,0,0,0
stim,47,47,0,899723.802,0.011,0.065,-0.224,-0.972,0,0,0,0,0,0,0,0,44,1.158,392,0,18.652,1.588,11.400,9.800,11.040,-0.107,0.351,0.960,-0.940,1.280,-0.140,0.000,0.000,1.307,0.979,2,NULL,NULL,,4,0,0,7,255,,0,0,0
stim,67,67,0,899728.802,0.011,0.065,-0.224,-0.972,0,0,0,0,0,0,0,0,44,1.158,392,0,13.594,1.465,4.320,11.580,5.660,-0.125,0.366,0.918,-0.712,1.280,-0.408,0.000,0.000,1.307,0.979,2,NULL,NULL,,4,0,0,7,255,,0,0,0
stim,68,68,0,899733.802,0.011,0.065,-0.224,-0.972,0,0,0,0,0,0,0,0,44,1.158,392,0,17.757,1.542,9.860,9.740,11.100,-0.108,0.292,0.936,-0.860,1.280,-0.408,0.000,0.000,1.307,0.979,2,NULL,NULL,,4,0,0,7,255,,0,0,0
stim,68,68,0,899738.802,0.010,0.065,-0.224,-0.972,0,0,0,0,0,0,0,0,44,1.158,392,0,15.948,1.258,10.040,11.200,5.300,-0.123,0.382,0.951,-0.792,0.978,-0.408,0.000,0.000,1.307,0.979,2,NULL,NULL,,4,0,0,7,255,,0,0,0
stim,68,68,0,899743.802,0.010,0.065,-0.223,-0.973,0,0,0,0,0,0,0,0,44,1.158,392,0,15.514,1.659,3.880,9.920,11.280,-0.118,0.312,0.920,-0.792,1.458,-0.598,0.000,0.000,1.307,0.979,2,NULL,NULL,,4,0,0,7,255,,0,0,0
stim,79,79,0,899748.802,0.010,0.065,-0.224,-0.972,0,0,0,0,0,0,0,0,44,1.158,392,0,16.994,1.395,10.540,11.020,7.500,-0.107,0.355,0.939,-0.792,1.148,-0.304,0.000,0.000,1.307,0.979,2,NULL,NULL,,4,0,0,7,255,,0,0,0
stim,79,79,0,899753.802,0.009,0.065,-0.224,-0.972,0,0,0,0,0,0,0,0,44,1.158,392,0,15.533,1.569,10.040,10.540,5.420,-0.129,0.333,0.944,-0.754,1.376,-0.318,0.000,0.000,1.307,0.979,2,NULL,NULL,,4,0,0,7,255,,0,0,0
stim,112,112,0,899758.803,0.009,0.065,-0.223,-0.973,0,0,0,0,0,0,0,0,44,1.158,392,0,17.353,1.616,4.860,9.620,13.600,-0.112,0.325,0.937,-0.848,1.376,-0.318,0.000,0.000,1.307,0.979,2,NULL,NULL,,4,0,0,7,255,,0,0,0
stim,112,112,0,899763.802,0.008,0.065,-0.223,-0.972,0,0,0,0,0,0,0,0,44,1.158,392,0,15.296,1.616,7.920,11.700,5.860,-0.112,0.378,0.927,-0.848,1.376,-0.318,0.000,0.000,1.307,0.979,2,NULL,NULL,,4,0,0,7,255,,0,0,0
stim,112,112,0,899768.802,0.008,0.065,-0.223,-0.972,0,0,0,0,0,0,0,0,44,1.158,392,0,16.470,1.644,11.400,10.420,5.720,-0.123,0.311,0.939,-0.848,1.408,-0.446,0.000,0.000,1.307,0.979,2,NULL,NULL,,4,0,0,7,255,,0,0,0
stim,112,112,0,899773.802,0.008,0.065,-0.223,-0.973,0,0,0,0,0,0,0,0,44,1.158,392,0,17.755,1.684,7.300,9.560,13.060,-0.117,0.327,0.954,-0.836,1.462,-0.304,0.000,0.000,1.307,0.979,2,NULL,NULL,,4,0,0,7,255,,0,0,0
stim,112,112,0,899778.802,0.007,0.065,-0.223,-0.973,0,0,0,0,0,0,0,0,44,1.158,392,0,14.652,1.671,5.160,11.520,7.440,-0.118,0.384,0.931,-0.810,1.462,-0.276,0.000,0.000,1.307,0.979,2,NULL,NULL,,4,0,0,7,255,,0,0,0
stim,112,112,0,899783.802,0.007,0.066,-0.223,-0.973,0,0,0,0,0,0,0,0,44,1.158,392,0,15.445,1.598,9.260,11.020,5.600,-0.115,0.321,0.921,-0.810,1.378,-0.276,0.000,0.000,1.307,0.979,2,NULL,NULL,,4,0,0,7,255,,0,0,0
stim,129,129,0,899788.802,0.006,0.066,-0.223,-0.973,0,0,0,0,0,0,0,0,44,1.158,392,0,17.969,1.598,10.180,9.800,11.100,-0.116,0.313,0.944,-0.810,1.378,-0.422,0.000,0.000,1.307,0.979,2,NULL,NULL,,4,0,0,7,255,,0,0,0
stim,129,129,0,899793.802,0.006,0.066,-0.223,-0.973,0,0,0,0,0,0,0,0,44,1.158,392,0,16.057,1.589,7.360,10.960,9.140,-0.126,0.374,0.954,-0.792,1.378,-0.422,0.000,0.000,1.307,0.979,2,NULL,NULL,,4,0,0,7,255,,0,0,0
stim,151,151,0,899798.802,0.006,0.066,-0.223,-0.973,0,0,0,0,0,0,0,0,44,1.158,392,0,14.741,1.477,6.820,11.460,6.280,-0.116,0.346,0.938,-0.824,1.226,-0.338,0.000,0.000,1.307,0.979,2,NULL,NULL,,4,0,0,7,255,,0,0,0
stim,151,151,0,899803.802,0.005,0.066,-0.223,-0.973,0,0,0,0,0,0,0,0,44,1.158,392,0,15.888,1.477,7.120,10.540,9.520,-0.107,0.305,0.925,-0.824,1.226,-0.338,0.000,0.000,1.307,0.979,2,NULL,NULL,,4,0,0,7,255,,0,0,0
stim,151,151,0,899808.802,0.005,0.066,-0.223,-0.973,0,0,0,0,0,0,0,0,44,1.158,392,0,16.805,1.477,7.920,10.600,10.360,-0.127,0.354,0.924,-0.824,1.226,-0.402,0.000,0.000,1.307,0.979,2,NULL,NULL,,4,0,0,7,255,,0,0,0
stim,151,151,0,899813.802,0.005,0.066,-0.223,-0.973,0,0,0,0,0,0,0,0,44,1.158,392,0,16.665,1.305,10.040,11.260,7.080,-0.130,0.372,0.941,-0.706,1.098,-0.402,0.000,0.000,1.307,0.979,2,NULL,NULL,,4,0,0,7,255,,0,0,0
stim,152,152,0,899818.803,0.004,0.066,-0.223,-0.973,0,0,0,0,0,0,0,0,44,1.158,392,0,16.353,1.305,9.680,10.960,7.320,-0.108,0.317,0.960,-0.706,1.098,-0.280,0.000,0.000,1.307,0.979,2,NULL,NULL,,4,0,0,7,255,,0,0,0
stim,152,152,0,899823.802,0.004,0.066,-0.223,-0.973,0,0,0,0,0,0,0,0,44,1.158,392,0,15.730,1.754,5.720,10.540,10.180,-0.111,0.318,0.950,-0.886,1.514,-0.280,0.000,0.000,1.307,0.979,2,NULL,NULL,,4,0,0,7,255,,0,0,0
stim,162,162,0,899828.802,0.003,0.066,-0.223,-0.973,0,0,0,0,0,0,0,0,44,1.158,392,0,15.261,1.754,4.740,10.840,9.640,-0.132,0.370,0.917,-0.886,1.514,-0.362,0.000,0.000,1.307,0.979,2,NULL,NULL,,4,0,0,7,255,,0,0,0
stim,162,162,0,899833.802,0.003,0.066,-0.223,-0.973,0,0,0,0,0,0,0,0,44,1.158,392,0,15.830,1.195,8.460,11.200,7.320,-0.126,0.361,0.911,-0.690,0.976,-0.392,0.000,0.000,1.307,0.979,2,NULL,NULL,,4,0,0,7,255,,0,0,0
stim,175,175,0,899838.802,0.003,0.067,-0.223,-0.973,0,0,0,0,0,0,0,0,44,1.158,392,0,17.451,1.195,11.140,11.020,7.680,-0.108,0.314,0.933,-0.690,0.976,-0.494,0.000,0.000,1.307,0.979,2,NULL,NULL,,4,0,0,7,255,,0,0,0
stim,175,175,0,899843.802,0.002,0.067,-0.223,-0.973,0,0,0,0,0,0,0,0,44,1.158,392,0,17.516,1.696,10.120,10.720,9.460,-0.115,0.329,0.958,-0.874,1.454,-0.494,0.000,0.000,1.307,0.979,2,NULL,NULL,,4,0,0,7,255,,0,0,0
stim,208,208,0,899848.802,0.002,0.067,-0.223,-0.973,0,0,0,0,0,0,0,0,44,1.158,392,0,15.976,1.696,7.420,10.900,9.020,-0.127,0.366,0.958,-0.874,1.454,-0.242,0.000,0.000,1.307,0.979,2,NULL,NULL,,4,0,0,7,255,,0,0,0
stim,208,208,0,899853.802,0.001,0.067,-0.223,-0.973,0,0,0,0,0,0,0,0,44,1.158,392,0,14.812,1.394,5.600,11.320,7.740,-0.121,0.357,0.942,-0.802,1.140,-0.242,0.000,0.000,1.307,0.979,2,NULL,NULL,,4,0,0,7,255,,0,0,0
stim,208,208,0,899858.803,0.001,0.067,-0.223,-0.973,0,0,0,0,0,0,0,0,44,1.158,392,0,15.054,1.394,5.900,11.320,7.980,-0.109,0.330,0.920,-0.802,1.140,-0.248,0.000,0.000,1.307,0.979,2,NULL,NULL,,4,0,0,7,255,,0,0,0
stim,208,208,0,899863.802,0.001,0.067,-0.223,-0.973,0,0,0,0,0,0,0,0,44,1.158,392,0,16.464,1.502,8.100,11.140,9.020,-0.111,0.332,0.917,-0.842,1.244,-0.570,0.000,0.000,1.307,0.979,2,NULL,NULL,,4,0,0,7,255,,0,0,0
stim,223,223,0,899868.802,0.000,0.067,-0.223,-0.973,0,0,0,0,0,0,0,0,44,1.158,392,0,17.518,1.502,10.040,11.020,9.200,-0.120,0.344,0.928,-0.842,1.244,-0.570,0.000,0.000,1.307,0.979,2,NULL,NULL,,4,0,0,7,255,,0,0,0
stim,223,223,0,899873.802,-0.000,0.067,-0.223,-0.973,0,0,0,0,0,0,0,0,44,1.158,392,0,17.179,1.481,9.800,11.140,8.660,-0.121,0.345,0.943,-0.804,1.244,-0.426,0.000,0.000,1.307,0.979,2,NULL,NULL,,4,0,0,7,255,,0,0,0
stim,223,223,0,899878.802,-0.001,0.067,-0.223,-0.973,0,0,0,0,0,0,0,0,44,1.158,392,0,16.444,1.486,8.400,11.080,8.780,-0.118,0.343,0.943,-0.804,1.250,-0.306,0.000,0.000,1.307,0.979,2,NULL,NULL,,4,0,0,7,255,,0,0,0
stim,224,224,0,899883.802,-0.001,0.067,-0.223,-0.973,0,0,0,0,0,0,0,0,44,1.158,392,0,16.479,1.486,8.160,11.020,9.140,-0.123,0.347,0.939,-0.804,1.250,-0.306,0.000,0.000,1.307,0.979,2,NULL,NULL,,4,0,0,7,255,,0,0,0
stim,224,224,0,899888.802,-0.001,0.068,-0.223,-0.973,0,0,0,0,0,0,0,0,44,1.158,392,0,16.442,1.456,8.520,11.080,8.660,-0.124,0.345,0.939,-0.780,1.230,-0.314,0.000,0.000,1.307,0.979,2,NULL,NULL,,4,0,0,7,255,,0,0,0
stim,224,224,0,899893.802,-0.002,0.068,-0.223,-0.973,0,0,0,0,0,0,0,0,44,1.158,392,0,15.927,1.456,8.280,11.020,7.980,-0.121,0.341,0.941,-0.780,1.230,-0.318,0.000,0.000,1.307,0.979,2,NULL,NULL,,4,0,0,7,255,,0,0,0
stim,240,240,0,899898.802,-0.002,0.068,-0.223,-0.973,0,0,0,0,0,0,0,0,44,1.158,392,0,15.653,1.494,7.740,11.020,7.980,-0.115,0.340,0.936,-0.802,1.260,-0.326,0.000,0.000,1.307,0.979,2,NULL,NULL,,4,0,0,7,255,,0,0,0
stim,240,240,0,899903.802,-0.003,0.068,-0.223,-0.973,0,0,0,0,0,0,0,0,44,1.158,392,0,16.014,1.520,7.860,11.080,8.480,-0.112,0.342,0.932,-0.850,1.260,-0.382,0.000,0.000,1.307,0.979,2,NULL,NULL,,4,0,0,7,255,,0,0,0
stim,256,256,0,899908.802,-0.003,0.068,-0.223,-0.973,0,0,0,0,0,0,0,0,44,1.158,392,0,16.568,1.484,8.640,11.080,8.780,-0.115,0.343,0.932,-0.850,1.216,-0.404,0.000,0.000,1.307,0.979,2,NULL,NULL,,4,0,0,7,255,,0,0,0
stim,256,256,0,899913.802,-0.003,0.068,-0.223,-0.973,0,0,0,0,0,0,0,0,44,1.158,392,0,16.640,1.480,8.820,11.140,8.660,-0.118,0.342,0.937,-0.844,1.216,-0.404,0.000,0.000,1.307,0.979,2,NULL,NULL,,4,0,0,7,255,,0,0,0
stim,256,256,0,899918.802,-0.004,0.068,-0.223,-0.972,0,0,0,0,0,0,0,0,44,1.158,392,0,16.492,1.497,8.580,11.200,8.540,-0.116,0.342,0.936,-0.844,1.236,-0.370,0.000,0.000,1.307,0.979,2,NULL,NULL,,4,0,0,7,255,,0,0,0
stim,256,256,0,899923.802,-0.004,0.068,-0.223,-0.972,0,0,0,0,0,0,0,0,44,1.158,392,0,16.514,1.500,8.580,11.140,8.660,-0.115,0.340,0.933,-0.844,1.240,-0.370,0.000,0.000,1.307,0.979,2,NULL,NULL,,4,0,0,7,255,,0,0,0
stim,271,271,0,899928.802,-0.005,0.068,-0.223,-0.972,0,0,0,0,0,0,0,0,44,1.158,392,0,16.838,1.502,8.820,11.200,8.960,-0.118,0.340,0.934,-0.844,1.242,-0.392,0.000,0.000,1.307,0.979,2,NULL,NULL,,4,0,0,7,255,,0,0,0
stim,272,272,0,899933.802,-0.005,0.068,-0.223,-0.972,0,0,0,0,0,0,0,0,44,1.158,392,0,16.817,1.492,8.900,11.200,8.840,-0.119,0.341,0.937,-0.818,1.248,-0.392,0.000,0.000,1.307,0.979,2,NULL,NULL,,4,0,0,7,255,,0,0,0
stim,272,272,0,899938.802,-0.005,0.068,-0.223,-0.972,0,0,0,0,0,0,0,0,44,1.158,392,0,16.661,1.496,8.900,11.200,8.540,-0.119,0.342,0.938,-0.818,1.252,-0.360,0.000,0.000,1.307,0.979,2,NULL,NULL,,4,0,0,7,255,,0,0,0
stim,272,272,0,899943.802,-0.006,0.069,-0.223,-0.972,0,0,0,0,0,0,0,0,44,1.158,392,0,16.586,1.500,8.760,11.200,8.540,-0.119,0.340,0.938,-0.824,1.254,-0.352,0.000,0.000,1.307,0.979,2,NULL,NULL,,4,0,0,7,255,,0,0,0
stim,303,303,0,899948.802,-0.006,0.069,-0.223,-0.972,0,0,0,0,0,0,0,0,44,1.158,392,0,16.474,1.502,8.580,11.080,8.660,-0.117,0.341,0.937,-0.826,1.254,-0.352,0.000,0.000,1.307,0.979,2,NULL,NULL,,4,0,0,7,255,,0,0,0
stim,303,303,0,899953.802,-0.007,0.069,-0.223,-0.972,0,0,0,0,0,0,0,0,44,1.158,392,0,16.474,1.506,8.580,11.080,8.660,-0.118,0.340,0.937,-0.828,1.258,-0.364,0.000,0.000,1.307,0.979,2,NULL,NULL,,4,0,0,7,255,,0,0,0
stim,304,304,0,899958.803,-0.007,0.069,-0.223,-0.972,0,0,0,0,0,0,0,0,44,1.158,392,0,16.411,1.504,8.580,11.080,8.540,-0.119,0.340,0.937,-0.828,1.256,-0.366,0.000,0.000,1.307,0.979,2,NULL,NULL,,4,0,0,7,255,,0,0,0
stim,304,304,0,899963.802,-0.007,0.069,-0.223,-0.972,0,0,0,0,0,0,0,0,44,1.158,392,0,16.308,1.506,8.580,11.020,8.420,-0.117,0.339,0.938,-0.828,1.258,-0.366,0.000,0.000,1.307,0.979,2,NULL,NULL,,4,0,0,7,255,,0,0,0
stim,304,304,0,899968.802,-0.008,0.069,-0.223,-0.972,0,0,0,0,0,0,0,0,44,1.158,392,0,16.317,1.520,8.460,11.080,8.480,-0.117,0.339,0.937,-0.842,1.266,-0.370,0.000,0.000,1.307,0.979,2,NULL,NULL,,4,0,0,7,255,,0,0,0
stim,304,304,0,899973.802,-0.008,0.069,-0.223,-0.972,0,0,0,0,0,0,0,0,44,1.158,392,0,16.348,1.523,8.460,11.080,8.540,-0.116,0.341,0.937,-0.846,1.266,-0.372,0.000,0.000,1.307,0.979,2,NULL,NULL,,4,0,0,7,255,,0,0,0
stim,304,304,0,899978.802,-0.009,0.069,-0.223,-0.972,0,0,0,0,0,0,0,0,44,1.158,392,0,16.483,1.513,8.580,11.140,8.600,-0.116,0.339,0.935,-0.846,1.254,-0.372,0.000,0.000,1.307,0.979,2,NULL,NULL,,4,0,0,7,255,,0,0,0
stim,336,336,0,899983.802,-0.009,0.069,-0.223,-0.972,0,0,0,0,0,0,0,0,44,1.158,392,0,16.533,1.515,8.640,11.260,8.480,-0.116,0.338,0.935,-0.850,1.254,-0.394,0.000,0.000,1.307,0.979,2,NULL,NULL,,4,0,0,7,255,,0,0,0
stim,336,336,0,899988.802,-0.009,0.069,-0.223,-0.972,0,0,0,0,0,0,0,0,44,1.158,392,0,16.596,1.518,8.760,11.260,8.480,-0.116,0.339,0.936,-0.852,1.256,-0.394,0.000,0.000,1.307,0.979,2,NULL,NULL,,4,0,0,7,255,,0,0,0
stim,336,336,0,899993.802,-0.010,0.070,-0.223,-0.972,0,0,0,0,0,0,0,0,44,1.158,392,0,16.627,1.525,8.760,11.260,8.540,-0.115,0.339,0.936,-0.856,1.262,-0.388,0.000,0.000,1.307,0.979,2,NULL,NULL,,4,0,0,7,255,,0,0,0
stim,336,336,0,899998.802,-0.010,0.070,-0.223,-0.972,0,0,0,0,0,0,0,0,44,1.158,392,0,16.646,1.523,8.580,11.380,8.600,-0.115,0.339,0.936,-0.862,1.256,-0.388,0.000,0.000,1.307,0.979,2,NULL,NULL,,4,0,0,7,255,,0,0,0
stim,336,336,0,900003.802,-0.011,0.070,-0.222,-0.972,0,0,0,0,0,0,0,0,44,1.158,392,0,16.533,1.523,8.580,11.260,8.540,-0.116,0.340,0.936,-0.862,1.256,-0.386,0.000,0.000,1.307,0.979,2,NULL,NULL,,4,0,0,7,255,,0,0,0
stim,352,352,0,900008.802,-0.011,0.070,-0.222,-0.972,0,0,0,0,0,0,0,0,44,1.158,392,0,16.574,1.524,8.580,11.320,8.540,-0.115,0.339,0.936,-0.864,1.256,-0.386,0.000,0.000,1.307,0.979,2,NULL,NULL,,4,0,0,7,255,,0,0,0
stim,352,352,0,900013.802,-0.011,0.070,-0.222,-0.972,0,0,0,0,0,0,0,0,44,1.158,392,0,16.512,1.529,8.460,11.320,8.540,-0.115,0.338,0.935,-0.864,1.262,-0.386,0.000,0.000,1.307,0.979,2,NULL,NULL,,4,0,0,7,255,,0,0,0
stim,367,367,0,900018.803,-0.012,0.070,-0.222,-0.972,0,0,0,0,0,0,0,0,44,1.158,392,0,16.574,1.532,8.520,11.320,8.600,-0.114,0.338,0.935,-0.868,1.262,-0.400,0.000,0.000,1.307,0.979,2,NULL,NULL,,4,0,0,7,255,,0,0,0
stim,367,367,0,900023.802,-0.012,0.070,-0.222,-0.972,0,0,0,0,0,0,0,0,44,1.158,392,0,16.533,1.532,8.460,11.260,8.660,-0.115,0.338,0.936,-0.868,1.262,-0.400,0.000,0.000,1.307,0.979,2,NULL,NULL,,4,0,0,7,255,,0,0,0
stim,367,367,0,900028.802,-0.013,0.070,-0.222,-0.972,0,0,0,0,0,0,0,0,44,1.158,392,0,16.452,1.531,8.460,11.140,8.660,-0.116,0.339,0.937,-0.866,1.262,-0.392,0.000,0.000,1.307,0.979,2,NULL,NULL,,4,0,0,7,255,,0,0,0
stim,367,367,0,900033.802,-0.013,0.070,-0.222,-0.972,0,0,0,0,0,0,0,0,44,1.158,392,0,16.348,1.531,8.460,11.080,8.540,-0.115,0.338,0.936,-0.866,1.262,-0.390,0.000,0.000,1.307,0.979,2,NULL,NULL,,4,0,0,7,255,,0,0,0
stim,384,384,0,900038.802,-0.013,0.070,-0.222,-0.972,0,0,0,0,0,0,0,0,44,1.158,392,0,16.299,1.535,8.460,10.960,8.600,-0.115,0.337,0.938,-0.868,1.266,-0.380,0.000,0.000,1.307,0.979,2,NULL,NULL,,4,0,0,7,255,,0,0,0
stim,384,384,0,900043.802,-0.014,0.070,-0.222,-0.972,0,0,0,0,0,0,0,0,44,1.158,392,0,16.268,1.553,8.400,10.960,8.600,-0.114,0.337,0.938,-0.880,1.280,-0.376,0.000,0.000,1.307,0.979,2,NULL,NULL,,4,0,0,7,255,,0,0,0
stim,384,384,0,900048.802,-0.014,0.071,-0.222,-0.972,0,0,0,0,0,0,0,0,44,1.158,392,0,16.134,1.554,8.280,10.900,8.540,-0.115,0.338,0.939,-0.882,1.280,-0.372,0.000,0.000,1.307,0.979,2,NULL,NULL,,4,0,0,7,255,,0,0,0
stim,426,426,0,900053.802,-0.015,0.071,-0.222,-0.972,0,0,0,0,0,0,0,0,44,1.158,392,0,15.979,1.558,8.100,10.900,8.420,-0.115,0.337,0.939,-0.882,1.284,-0.368,0.000,0.000,1.307,0.979,2,NULL,NULL,,4,0,0,7,255,,0,0,0
stim,426,426,0,900058.803,-0.015,0.071,-0.222,-0.972,0,0,0,0,0,0,0,0,44,1.158,392,0,15.886,1.549,7.980,10.900,8.360,-0.115,0.337,0.938,-0.876,1.278,-0.368,0.000,0.000,1.307,0.979,2,NULL,NULL,,4,0,0,7,255,,0,0,0
stim,426,426,0,900063.802,-0.015,0.071,-0.222,-0.972,0,0,0,0,0,0,0,0,44,1.158,392,0,15.814,1.546,7.980,10.840,8.300,-0.114,0.338,0.937,-0.876,1.274,-0.376,0.000,0.000,1.307,0.979,2,NULL,NULL,,4,0,0,7,255,,0,0,0
stim,426,426,0,900068.802,-0.016,0.071,-0.222,-0.972,0,0,0,0,0,0,0,0,44,1.158,392,0,15.754,1.538,7.860,10.840,8.300,-0.115,0.340,0.936,-0.876,1.264,-0.382,0.000,0.000,1.307,0.979,2,NULL,NULL,,4,0,0,7,255,,0,0,0
stim,426,426,0,900073.802,-0.016,0.071,-0.222,-0.972,0,0,0,0,0,0,0,0,44,1.158,392,0,15.765,1.519,7.800,10.900,8.300,-0.116,0.339,0.936,-0.872,1.244,-0.384,0.000,0.000,1.307,0.979,2,NULL,NULL,,4,0,0,7,255,,0,0,0
stim,426,426,0,900078.802,-0.016,0.071,-0.222,-0.972,0,0,0,0,0,0,0,0,44,1.158,392,0,15.736,1.518,7.740,10.900,8.300,-0.115,0.340,0.934,-0.872,1.242,-0.388,0.000,0.000,1.307,0.979,2,NULL,NULL,,4,0,0,7,255,,0,0,0
stim,428,428,0,900083.802,-0.017,0.071,-0.222,-0.972,0,0,0,0,0,0,0,0,44,1.158,392,0,15.694,1.517,7.740,10.840,8.300,-0.116,0.338,0.933,-0.868,1.244,-0.400,0.000,0.000,1.307,0.979,2,NULL,NULL,,4,0,0,7,255,,0,0,0
stim,428,428,0,900088.802,-0.017,0.071,-0.222,-0.972,0,0,0,0,0,0,0,0,44,1.158,392,0,15.724,1.507,7.800,10.840,8.300,-0.115,0.339,0.932,-0.868,1.232,-0.414,0.000,0.000,1.307,0.979,2,NULL,NULL,,4,0,0,7,255,,0,0,0
stim,428,428,0,900093.802,-0.018,0.071,-0.222,-0.972,0,0,0,0,0,0,0,0,44,1.158,392,0,15.682,1.503,7.800,10.780,8.300,-0.116,0.339,0.932,-0.864,1.230,-0.418,0.000,0.000,1.307,0.979,2,NULL,NULL,,4,0,0,7,255,,0,0,0
stim,428,428,0,900098.803,-0.018,0.071,-0.222,-0.972,0,0,0,0,0,0,0,0,44,1.158,392,0,15.733,1.502,7.920,10.720,8.360,-0.116,0.339,0.933,-0.862,1.230,-0.418,0.000,0.000,1.307,0.979,2,NULL,NULL,,4,0,0,7,255,,0,0,0
stim,448,448,0,900103.802,-0.018,0.071,-0.222,-0.972,0,0,0,0,0,0,0,0,44,1.158,392,0,15.755,1.498,7.980,10.660,8.420,-0.117,0.340,0.933,-0.860,1.226,-0.412,0.000,0.000,1.307,0.979,2,NULL,NULL,,4,0,0,7,255,,0,0,0
stim,448,448,0,900108.802,-0.019,0.071,-0.222,-0.972,0,0,0,0,0,0,0,0,44,1.158,392,0,15.713,1.495,8.040,10.600,8.360,-0.117,0.339,0.934,-0.856,1.226,-0.404,0.000,0.000,1.307,0.979,2,NULL,NULL,,4,0,0,7,255,,0,0,0
stim,463,463,0,900113.802,-0.019,0.072,-0.222,-0.972,0,0,0,0,0,0,0,0,44,1.158,392,0,15.704,1.492,8.040,10.540,8.420,-0.118,0.340,0.933,-0.854,1.224,-0.402,0.000,0.000,1.307,0.979,2,NULL,NULL,,4,0,0,7,255,,0,0,0
stim,463,463,0,900118.802,-0.020,0.072,-0.221,-0.972,0,0,0,0,0,0,0,0,44,1.158,392,0,15.623,1.490,8.100,10.420,8.360,-0.118,0.341,0.934,-0.850,1.224,-0.400,0.000,0.000,1.307,0.979,2,NULL,NULL,,4,0,0,7,255,,0,0,0
stim,463,463,0,900123.802,-0.020,0.072,-0.221,-0.972,0,0,0,0,0,0,0,0,44,1.158,392,0,15.552,1.485,8.040,10.360,8.360,-0.119,0.341,0.935,-0.844,1.222,-0.390,0.000,0.000,1.307,0.979,2,NULL,NULL,,4,0,0,7,255,,0,0,0
stim,463,463,0,900128.802,-0.020,0.072,-0.221,-0.972,0,0,0,0,0,0,0,0,44,1.158,392,0,15.615,1.487,8.100,10.360,8.420,-0.118,0.340,0.936,-0.848,1.222,-0.380,0.000,0.000,1.307,0.979,2,NULL,NULL,,4,0,0,7,255,,0,0,0
stim,483,483,0,900133.802,-0.021,0.072,-0.221,-0.972,0,0,0,0,0,0,0,0,44,1.158,392,0,15.583,1.491,8.100,10.360,8.360,-0.118,0.340,0.936,-0.848,1.226,-0.378,0.000,0.000,1.307,0.979,2,NULL,NULL,,4,0,0,7,255,,0,0,0
stim,483,483,0,900138.803,-0.021,0.072,-0.221,-0.972,0,0,0,0,0,0,0,0,44,1.158,392,0,15.654,1.491,8.160,10.420,8.360,-0.118,0.341,0.938,-0.848,1.226,-0.378,0.000,0.000,1.307,0.979,2,NULL,NULL,,4,0,0,7,255,,0,0,0
stim,483,483,0,900143.802,-0.021,0.072,-0.221,-0.972,0,0,0,0,0,0,0,0,44,1.158,392,0,15.622,1.492,8.160,10.420,8.300,-0.119,0.341,0.938,-0.848,1.228,-0.356,0.000,0.000,1.307,0.979,2,NULL,NULL,,4,0,0,7,255,,0,0,0
stim,483,483,0,900148.802,-0.022,0.072,-0.221,-0.972,0,0,0,0,0,0,0,0,44,1.158,392,0,15.694,1.493,8.220,10.480,8.300,-0.119,0.341,0.938,-0.846,1.230,-0.354,0.000,0.000,1.307,0.979,2,NULL,NULL,,4,0,0,7,255,,0,0,0
stim,516,516,0,900153.802,-0.022,0.072,-0.221,-0.972,0,0,0,0,0,0,0,0,44,1.158,392,0,15.837,1.493,8.280,10.600,8.360,-0.118,0.340,0.938,-0.846,1.230,-0.356,0.000,0.000,1.307,0.979,2,NULL,NULL,,4,0,0,7,255,,0,0,0
stim,516,516,0,900158.803,-0.023,0.072,-0.221,-0.972,0,0,0,0,0,0,0,0,44,1.158,392,0,15.917,1.493,8.340,10.720,8.300,-0.119,0.340,0.938,-0.846,1.230,-0.358,0.000,0.000,1.307,0.979,2,NULL,NULL,,4,0,0,7,255,,0,0,0
stim,516,516,0,900163.802,-0.023,0.072,-0.221,-0.972,0,0,0,0,0,0,0,0,44,1.158,392,0,16.030,1.495,8.340,10.840,8.360,-0.119,0.341,0.939,-0.850,1.230,-0.358,0.000,0.000,1.307,0.979,2,NULL,NULL,,4,0,0,7,255,,0,0,0
stim,516,516,0,900168.802,-0.023,0.072,-0.221,-0.972,0,0,0,0,0,0,0,0,44,1.158,392,0,16.133,1.497,8.460,10.900,8.360,-0.119,0.340,0.938,-0.850,1.232,-0.352,0.000,0.000,1.307,0.979,2,NULL,NULL,,4,0,0,7,255,,0,0,0
stim,516,516,0,900173.802,-0.024,0.072,-0.221,-0.972,0,0,0,0,0,0,0,0,44,1.158,392,0,16.133,1.499,8.400,10.900,8.420,-0.119,0.340,0.938,-0.854,1.232,-0.352,0.000,0.000,1.307,0.979,2,NULL,NULL,,4,0,0,7,255,,0,0,0
stim,516,516,0,900178.802,-0.024,0.072,-0.221,-0.972,0,0,0,0,0,0,0,0,44,1.158,392,0,16.236,1.501,8.400,10.960,8.540,-0.119,0.341,0.940,-0.854,1.234,-0.352,0.000,0.000,1.307,0.979,2,NULL,NULL,,4,0,0,7,255,,0,0,0
stim,516,516,0,900183.802,-0.025,0.073,-0.221,-0.972,0,0,0,0,0,0,0,0,44,1.158,392,0,16.277,1.501,8.400,11.020,8.540,-0.120,0.341,0.940,-0.854,1.234,-0.336,0.000,0.000,1.307,0.979,2,NULL,NULL,,4,0,0,7,255,,0,0,0
stim,527,527,0,900188.802,-0.025,0.073,-0.221,-0.972,0,0,0,0,0,0,0,0,44,1.158,392,0,16.277,1.502,8.340,11.020,8.600,-0.119,0.340,0.939,-0.854,1.236,-0.336,0.000,0.000,1.307,0.979,2,NULL,NULL,,4,0,0,7,255,,0,0,0
stim,527,527,0,900193.802,-0.025,0.073,-0.221,-0.972,0,0,0,0,0,0,0,0,44,1.158,392,0,16.358,1.501,8.400,11.140,8.540,-0.121,0.341,0.940,-0.852,1.236,-0.332,0.000,0.000,1.307,0.979,2,NULL,NULL,,4,0,0,7,255,,0,0,0
stim,550,550,0,900198.802,-0.026,0.073,-0.221,-0.972,0,0,0,0,0,0,0,0,44,1.158,392,0,16.339,1.501,8.220,11.200,8.600,-0.119,0.340,0.939,-0.854,1.234,-0.342,0.000,0.000,1.307,0.979,2,NULL,NULL,,4,0,0,7,255,,0,0,0
stim,550,550,0,900203.802,-0.026,0.073,-0.221,-0.972,0,0,0,0,0,0,0,0,44,1.158,392,0,16.392,1.505,8.160,11.320,8.600,-0.119,0.340,0.939,-0.862,1.234,-0.342,0.000,0.000,1.307,0.979,2,NULL,NULL,,4,0,0,7,255,,0,0,0
stim,550,550,0,900208.802,-0.027,0.073,-0.221,-0.972,0,0,0,0,0,0,0,0,44,1.158,392,0,16.433,1.505,8.160,11.380,8.600,-0.119,0.342,0.938,-0.862,1.234,-0.342,0.000,0.000,1.307,0.979,2,NULL,NULL,,4,0,0,7,255,,0,0,0
stim,550,550,0,900213.802,-0.027,0.073,-0.221,-0.972,0,0,0,0,0,0,0,0,44,1.158,392,0,16.530,1.494,8.160,11.520,8.600,-0.120,0.341,0.938,-0.860,1.222,-0.352,0.000,0.000,1.307,0.979,2,NULL,NULL,,4,0,0,7,255,,0,0,0
stim,551,551,0,900218.803,-0.027,0.073,-0.221,-0.972,0,0,0,0,0,0,0,0,44,1.158,392,0,16.614,1.488,8.160,11.640,8.600,-0.119,0.341,0.936,-0.860,1.214,-0.354,0.000,0.000,1.307,0.979,2,NULL,NULL,,4,0,0,7,255,,0,0,0
stim,551,551,0,900223.802,-0.028,0.073,-0.221,-0.972,0,0,0,0,0,0,0,0,44,1.158,392,0,16.675,1.493,8.220,11.640,8.660,-0.117,0.340,0.936,-0.860,1.220,-0.370,0.000,0.000,1.307,0.979,2,NULL,NULL,,4,0,0,7,255,,0,0,0
stim,581,581,0,900228.802,-0.028,0.074,-0.221,-0.972,0,0,0,0,0,0,0,0,44,1.158,392,0,16.746,1.494,8.280,11.700,8.660,-0.118,0.340,0.935,-0.870,1.214,-0.378,0.000,0.000,1.307,0.979,2,NULL,NULL,,4,0,0,7,255,,0,0,0
stim,581,581,0,900233.802,-0.029,0.074,-0.221,-0.972,0,0,0,0,0,0,0,0,44,1.158,392,0,16.848,1.494,8.400,11.760,8.660,-0.117,0.340,0.935,-0.874,1.212,-0.382,0.000,0.000,1.307,0.979,2,NULL,NULL,,4,0,0,7,255,,0,0,0
stim,581,581,0,900238.802,-0.029,0.074,-0.221,-0.972,0,0,0,0,0,0,0,0,44,1.158,392,0,16.878,1.494,8.460,11.760,8.660,-0.117,0.340,0.936,-0.874,1.212,-0.382,0.000,0.000,1.307,0.979,2,NULL,NULL,,4,0,0,7,255,,0,0,0
stim,581,581,0,900243.802,-0.029,0.074,-0.221,-0.972,0,0,0,0,0,0,0,0,44,1.158,392,0,16.939,1.497,8.520,11.760,8.720,-0.117,0.339,0.935,-0.878,1.212,-0.388,0.000,0.000,1.307,0.979,2,NULL,NULL,,4,0,0,7,255,,0,0,0
stim,608,608,0,900248.802,-0.030,0.074,-0.221,-0.972,0,0,0,0,0,0,0,0,44,1.158,392,0,16.897,1.499,8.520,11.700,8.720,-0.117,0.340,0.935,-0.880,1.214,-0.386,0.000,0.000,1.307,0.979,2,NULL,NULL,,4,0,0,7,255,,0,0,0
stim,608,608,0,900253.802,-0.030,0.074,-0.221,-0.972,0,0,0,0,0,0,0,0,44,1.158,392,0,16.928,1.501,8.580,11.700,8.720,-0.117,0.340,0.935,-0.882,1.214,-0.390,0.000,0.000,1.307,0.979,2,NULL,NULL,,4,0,0,7,255,,0,0,0
stim,608,608,0,900258.803,-0.031,0.074,-0.221,-0.972,0,0,0,0,0,0,0,0,44,1.158,392,0,16.845,1.499,8.640,11.580,8.660,-0.116,0.340,0.935,-0.884,1.210,-0.390,0.000,0.000,1.307,0.979,2,NULL,NULL,,4,0,0,7,255,,0,0,0
stim,608,608,0,900263.802,-0.031,0.074,-0.221,-0.972,0,0,0,0,0,0,0,0,44,1.158,392,0,16.875,1.502,8.700,11.580,8.660,-0.115,0.339,0.935,-0.890,1.210,-0.392,0.000,0.000,1.307,0.979,2,NULL,NULL,,4,0,0,7,255,,0,0,0
stim,608,608,0,900268.802,-0.031,0.075,-0.221,-0.972,0,0,0,0,0,0,0,0,44,1.158,392,0,16.742,1.511,8.640,11.520,8.540,-0.116,0.340,0.936,-0.900,1.214,-0.390,0.000,0.000,1.307,0.979,2,NULL,NULL,,4,0,0,7,255,,0,0,0
stim,608,608,0,900273.802,-0.032,0.075,-0.221,-0.972,0,0,0,0,0,0,0,0,44,1.158,392,0,16.711,1.512,8.580,11.520,8.540,-0.115,0.338,0.935,-0.902,1.214,-0.392,0.000,0.000,1.307,0.979,2,NULL,NULL,,4,0,0,7,255,,0,0,0
stim,624,624,0,900278.802,-0.032,0.075,-0.221,-0.972,0,0,0,0,0,0,0,0,44,1.158,392,0,16.584,1.516,8.520,11.380,8.540,-0.114,0.339,0.933,-0.908,1.214,-0.396,0.000,0.000,1.307,0.979,2,NULL,NULL,,4,0,0,7,255,,0,0,0
stim,624,624,0,900283.802,-0.033,0.075,-0.221,-0.972,0,0,0,0,0,0,0,0,44,1.158,392,0,16.533,1.513,8.580,11.260,8.540,-0.114,0.339,0.933,-0.914,1.206,-0.416,0.000,0.000,1.307,0.979,2,NULL,NULL,,4,0,0,7,255,,0,0,0
stim,639,639,0,900288.802,-0.033,0.075,-0.221,-0.972,0,0,0,0,0,0,0,0,44,1.158,392,0,16.461,1.513,8.580,11.200,8.480,-0.114,0.339,0.933,-0.914,1.206,-0.416,0.000,0.000,1.307,0.979,2,NULL,NULL,,4,0,0,7,255,,0,0,0
stim,639,639,0,900293.802,-0.033,0.075,-0.221,-0.972,0,0,0,0,0,0,0,0,44,1.158,392,0,16.411,1.514,8.580,11.080,8.540,-0.114,0.339,0.933,-0.916,1.206,-0.418,0.000,0.000,1.307,0.979,2,NULL,NULL,,4,0,0,7,255,,0,0,0
stim,639,639,0,900298.802,-0.034,0.075,-0.220,-0.972,0,0,0,0,0,0,0,0,44,1.158,392,0,16.442,1.514,8.640,11.080,8.540,-0.114,0.338,0.933,-0.916,1.206,-0.418,0.000,0.000,1.307,0.979,2,NULL,NULL,,4,0,0,7,255,,0,0,0
stim,639,639,0,900303.802,-0.034,0.075,-0.220,-0.972,0,0,0,0,0,0,0,0,44,1.158,392,0,16.393,1.520,8.640,10.960,8.600,-0.112,0.338,0.933,-0.918,1.212,-0.418,0.000,0.000,1.307,0.979,2,NULL,NULL,,4,0,0,7,255,,0,0,0
stim,656,656,0,900308.802,-0.034,0.075,-0.220,-0.972,0,0,0,0,0,0,0,0,44,1.158,392,0,16.385,1.528,8.700,10.900,8.600,-0.113,0.339,0.935,-0.930,1.212,-0.418,0.000,0.000,1.307,0.979,2,NULL,NULL,,4,0,0,7,255,,0,0,0
stim,656,656,0,900313.802,-0.035,0.075,-0.220,-0.972,0,0,0,0,0,0,0,0,44,1.158,392,0,16.345,1.528,8.700,10.840,8.600,-0.114,0.338,0.934,-0.930,1.212,-0.414,0.000,0.000,1.307,0.979,2,NULL,NULL,,4,0,0,7,255,,0,0,0
stim,656,656,0,900318.802,-0.035,0.075,-0.220,-0.972,0,0,0,0,0,0,0,0,44,1.158,392,0,16.305,1.523,8.640,10.780,8.660,-0.115,0.338,0.934,-0.920,1.214,-0.406,0.000,0.000,1.307,0.979,2,NULL,NULL,,4,0,0,7,255,,0,0,0
stim,656,656,0,900323.802,-0.036,0.075,-0.220,-0.972,0,0,0,0,0,0,0,0,44,1.158,392,0,16.266,1.523,8.580,10.720,8.720,-0.114,0.339,0.935,-0.920,1.214,-0.406,0.000,0.000,1.307,0.979,2,NULL,NULL,,4,0,0,7,255,,0,0,0
stim,656,656,0,900328.802,-0.036,0.075,-0.220,-0.972,0,0,0,0,0,0,0,0,44,1.158,392,0,16.226,1.524,8.640,10.660,8.660,-0.114,0.337,0.937,-0.922,1.214,-0.398,0.000,0.000,1.307,0.979,2,NULL,NULL,,4,0,0,7,255,,0,0,0
stim,672,672,0,900333.802,-0.036,0.076,-0.220,-0.972,0,0,0,0,0,0,0,0,44,1.158,392,0,16.162,1.529,8.520,10.660,8.660,-0.115,0.338,0.936,-0.922,1.220,-0.390,0.000,0.000,1.307,0.979,2,NULL,NULL,,4,0,0,7,255,,0,0,0
stim,688,688,0,900338.802,-0.037,0.076,-0.220,-0.972,0,0,0,0,0,0,0,0,44,1.158,392,0,16.099,1.524,8.460,10.660,8.600,-0.115,0.338,0.936,-0.914,1.220,-0.388,0.000,0.000,1.307,0.979,2,NULL,NULL,,4,0,0,7,255,,0,0,0
stim,688,688,0,900343.802,-0.037,0.076,-0.220,-0.972,0,0,0,0,0,0,0,0,44,1.158,392,0,16.099,1.523,8.460,10.660,8.600,-0.116,0.337,0.936,-0.912,1.220,-0.388,0.000,0.000,1.307,0.979,2,NULL,NULL,,4,0,0,7,255,,0,0,0
stim,688,688,0,900348.802,-0.038,0.076,-0.220,-0.972,0,0,0,0,0,0,0,0,44,1.158,392,0,16.035,1.526,8.400,10.660,8.540,-0.116,0.337,0.936,-0.904,1.230,-0.390,0.000,0.000,1.307,0.979,2,NULL,NULL,,4,0,0,7,255,,0,0,0
stim,721,721,0,900353.802,-0.038,0.076,-0.220,-0.972,0,0,0,0,0,0,0,0,44,1.158,392,0,15.941,1.526,8.280,10.660,8.480,-0.117,0.337,0.937,-0.904,1.230,-0.390,0.000,0.000,1.307,0.979,2,NULL,NULL,,4,0,0,7,255,,0,0,0
stim,721,721,0,900358.803,-0.038,0.076,-0.220,-0.972,0,0,0,0,0,0,0,0,44,1.158,392,0,15.837,1.525,8.220,10.600,8.420,-0.118,0.337,0.937,-0.902,1.230,-0.384,0.000,0.000,1.307,0.979,2,NULL,NULL,,4,0,0,7,255,,0,0,0
stim,721,721,0,900363.802,-0.039,0.076,-0.220,-0.972,0,0,0,0,0,0,0,0,44,1.158,392,0,15.806,1.519,8.220,10.600,8.360,-0.118,0.338,0.936,-0.892,1.230,-0.384,0.000,0.000,1.307,0.979,2,NULL,NULL,,4,0,0,7,255,,0,0,0
stim,721,721,0,900368.802,-0.039,0.076,-0.220,-0.972,0,0,0,0,0,0,0,0,44,1.158,392,0,15.765,1.518,8.280,10.540,8.300,-0.118,0.337,0.937,-0.892,1.228,-0.382,0.000,0.000,1.307,0.979,2,NULL,NULL,,4,0,0,7,255,,0,0,0
stim,721,721,0,900373.802,-0.040,0.076,-0.220,-0.972,0,0,0,0,0,0,0,0,44,1.158,392,0,15.640,1.519,8.100,10.540,8.240,-0.118,0.338,0.938,-0.894,1.228,-0.382,0.000,0.000,1.307,0.979,2,NULL,NULL,,4,0,0,7,255,,0,0,0
stim,721,721,0,900378.802,-0.040,0.076,-0.220,-0.972,0,0,0,0,0,0,0,0,44,1.158,392,0,15.567,1.520,8.040,10.540,8.160,-0.117,0.338,0.938,-0.896,1.228,-0.374,0.000,0.000,1.307,0.979,2,NULL,NULL,,4,0,0,7,255,,0,0,0
stim,722,722,0,900383.802,-0.040,0.076,-0.220,-0.972,0,0,0,0,0,0,0,0,44,1.158,392,0,15.537,1.523,7.980,10.480,8.240,-0.117,0.338,0.937,-0.904,1.226,-0.374,0.000,0.000,1.307,0.979,2,NULL,NULL,,4,0,0,7,255,,0,0,0
stim,722,722,0,900388.802,-0.041,0.076,-0.220,-0.972,0,0,0,0,0,0,0,0,44,1.158,392,0,15.578,1.520,7.980,10.540,8.240,-0.115,0.338,0.938,-0.906,1.220,-0.374,0.000,0.000,1.307,0.979,2,NULL,NULL,,4,0,0,7,255,,0,0,0
stim,735,735,0,900393.802,-0.041,0.076,-0.220,-0.972,0,0,0,0,0,0,0,0,44,1.158,392,0,15.547,1.522,7.920,10.540,8.240,-0.116,0.339,0.938,-0.912,1.218,-0.366,0.000,0.000,1.307,0.979,2,NULL,NULL,,4,0,0,7,255,,0,0,0
stim,735,735,0,900398.802,-0.041,0.076,-0.220,-0.972,0,0,0,0,0,0,0,0,44,1.158,392,0,15.682,1.518,7.980,10.600,8.360,-0.116,0.339,0.937,-0.912,1.214,-0.366,0.000,0.000,1.307,0.979,2,NULL,NULL,,4,0,0,7,255,,0,0,0
stim,736,736,0,900403.802,-0.042,0.076,-0.220,-0.972,0,0,0,0,0,0,0,0,44,1.158,392,0,15.682,1.514,7.980,10.600,8.360,-0.115,0.340,0.938,-0.912,1.208,-0.368,0.000,0.000,1.307,0.979,2,NULL,NULL,,4,0,0,7,255,,0,0,0
stim,736,736,0,900408.802,-0.042,0.077,-0.220,-0.972,0,0,0,0,0,0,0,0,44,1.158,392,0,15.724,1.505,7.920,10.660,8.420,-0.117,0.340,0.938,-0.908,1.200,-0.368,0.000,0.000,1.307,0.979,2,NULL,NULL,,4,0,0,7,255,,0,0,0
stim,752,752,0,900413.802,-0.043,0.077,-0.220,-0.972,0,0,0,0,0,0,0,0,44,1.158,392,0,15.808,1.504,7.860,10.780,8.480,-0.117,0.339,0.938,-0.906,1.200,-0.368,0.000,0.000,1.307,0.979,2,NULL,NULL,,4,0,0,7,255,,0,0,0
stim,752,752,0,900418.803,-0.043,0.077,-0.220,-0.972,0,0,0,0,0,0,0,0,44,1.158,392,0,15.852,1.500,7.800,10.840,8.540,-0.117,0.341,0.939,-0.906,1.196,-0.364,0.000,0.000,1.307,0.979,2,NULL,NULL,,4,0,0,7,255,,0,0,0
stim,767,767,0,900423.802,-0.043,0.077,-0.219,-0.972,0,0,0,0,0,0,0,0,44,1.158,392,0,15.849,1.504,7.860,10.840,8.480,-0.118,0.340,0.938,-0.902,1.204,-0.354,0.000,0.000,1.307,0.979,2,NULL,NULL,,4,0,0,7,255,,0,0,0
stim,767,767,0,900428.802,-0.044,0.077,-0.219,-0.972,0,0,0,0,0,0,0,0,44,1.158,392,0,15.893,1.506,7.800,10.900,8.540,-0.118,0.340,0.939,-0.904,1.204,-0.346,0.000,0.000,1.307,0.979,2,NULL,NULL,,4,0,0,7,255,,0,0,0
stim,767,767,0,900433.802,-0.044,0.077,-0.219,-0.972,0,0,0,0,0,0,0,0,44,1.158,392,0,15.905,1.506,7.740,10.960,8.540,-0.117,0.341,0.938,-0.904,1.204,-0.352,0.000,0.000,1.307,0.979,2,NULL,NULL,,4,0,0,7,255,,0,0,0
stim,767,767,0,900438.802,-0.045,0.077,-0.219,-0.972,0,0,0,0,0,0,0,0,44,1.158,392,0,15.866,1.496,7.660,10.960,8.540,-0.118,0.341,0.938,-0.904,1.192,-0.350,0.000,0.000,1.307,0.979,2,NULL,NULL,,4,0,0,7,255,,0,0,0
stim,817,817,0,900443.802,-0.045,0.077,-0.219,-0.972,0,0,0,0,0,0,0,0,44,1.158,392,0,15.834,1.492,7.660,10.960,8.480,-0.119,0.341,0.938,-0.898,1.192,-0.352,0.000,0.000,1.307,0.979,2,NULL,NULL,,4,0,0,7,255,,0,0,0
stim,817,817,0,900448.802,-0.045,0.077,-0.219,-0.972,0,0,0,0,0,0,0,0,44,1.158,392,0,15.846,1.486,7.600,11.020,8.480,-0.117,0.342,0.937,-0.898,1.184,-0.356,0.000,0.000,1.307,0.979,2,NULL,NULL,,4,0,0,7,255,,0,0,0
stim,817,817,0,900453.802,-0.046,0.077,-0.219,-0.972,0,0,0,0,0,0,0,0,44,1.158,392,0,15.956,1.477,7.740,11.080,8.480,-0.118,0.342,0.937,-0.896,1.174,-0.356,0.000,0.000,1.307,0.979,2,NULL,NULL,,4,0,0,7,255,,0,0,0
stim,817,817,0,900458.803,-0.046,0.077,-0.219,-0.972,0,0,0,0,0,0,0,0,44,1.158,392,0,15.814,1.475,7.600,11.020,8.420,-0.118,0.343,0.936,-0.898,1.170,-0.360,0.000,0.000,1.307,0.979,2,NULL,NULL,,4,0,0,7,255,,0,0,0
stim,817,817,0,900463.802,-0.047,0.078,-0.219,-0.972,0,0,0,0,0,0,0,0,44,1.158,392,0,15.825,1.467,7.600,11.080,8.360,-0.118,0.343,0.937,-0.898,1.160,-0.360,0.000,0.000,1.307,0.979,2,NULL,NULL,,4,0,0,7,255,,0,0,0
stim,817,817,0,900468.802,-0.047,0.078,-0.219,-0.972,0,0,0,0,0,0,0,0,44,1.158,392,0,15.853,1.467,7.660,11.080,8.360,-0.118,0.343,0.936,-0.898,1.160,-0.364,0.000,0.000,1.307,0.979,2,NULL,NULL,,4,0,0,7,255,,0,0,0
stim,817,817,0,900473.802,-0.047,0.078,-0.219,-0.971,0,0,0,0,0,0,0,0,44,1.158,392,0,15.848,1.461,7.800,11.020,8.300,-0.119,0.343,0.936,-0.894,1.156,-0.360,0.000,0.000,1.307,0.979,2,NULL,NULL,,4,0,0,7,255,,0,0,0
stim,832,832,0,900478.802,-0.048,0.078,-0.219,-0.971,0,0,0,0,0,0,0,0,44,1.158,392,0,15.848,1.460,7.800,11.020,8.300,-0.118,0.345,0.936,-0.894,1.154,-0.360,0.000,0.000,1.307,0.979,2,NULL,NULL,,4,0,0,7,255,,0,0,0
stim,832,832,0,900483.802,-0.048,0.078,-0.219,-0.971,0,0,0,0,0,0,0,0,44,1.158,392,0,15.909,1.460,7.860,11.020,8.360,-0.119,0.343,0.936,-0.894,1.154,-0.360,0.000,0.000,1.307,0.979,2,NULL,NULL,,4,0,0,7,255,,0,0,0
stim,832,832,0,900488.802,-0.049,0.078,-0.219,-0.971,0,0,0,0,0,0,0,0,44,1.158,392,0,15.868,1.454,7.860,10.960,8.360,-0.117,0.343,0.935,-0.900,1.142,-0.362,0.000,0.000,1.307,0.979,2,NULL,NULL,,4,0,0,7,255,,0,0,0
stim,832,832,0,900493.802,-0.049,0.078,-0.219,-0.971,0,0,0,0,0,0,0,0,44,1.158,392,0,15.908,1.463,7.920,11.020,8.300,-0.117,0.342,0.935,-0.904,1.150,-0.374,0.000,0.000,1.307,0.979,2,NULL,NULL,,4,0,0,7,255,,0,0,0
stim,832,832,0,900498.802,-0.049,0.078,-0.219,-0.971,0,0,0,0,0,0,0,0,44,1.158,392,0,15.957,1.459,8.100,10.960,8.300,-0.117,0.344,0.934,-0.908,1.142,-0.376,0.000,0.000,1.307,0.979,2,NULL,NULL,,4,0,0,7,255,,0,0,0
stim,850,850,0,900503.802,-0.050,0.078,-0.219,-0.971,0,0,0,0,0,0,0,0,44,1.158,392,0,15.988,1.461,8.100,10.960,8.360,-0.117,0.343,0.936,-0.908,1.144,-0.376,0.000,0.000,1.307,0.979,2,NULL,NULL,,4,0,0,7,255,,0,0,0
stim,850,850,0,900508.802,-0.050,0.078,-0.219,-0.971,0,0,0,0,0,0,0,0,44,1.158,392,0,16.050,1.459,8.160,10.960,8.420,-0.116,0.343,0.935,-0.908,1.142,-0.376,0.000,0.000,1.307,0.979,2,NULL,NULL,,4,0,0,7,255,,0,0,0
stim,850,850,0,900513.802,-0.050,0.078,-0.219,-0.971,0,0,0,0,0,0,0,0,44,1.158,392,0,16.040,1.461,8.220,10.900,8.420,-0.117,0.344,0.935,-0.912,1.142,-0.368,0.000,0.000,1.307,0.979,2,NULL,NULL,,4,0,0,7,255,,0,0,0
stim,850,850,0,900518.802,-0.051,0.078,-0.219,-0.971,0,0,0,0,0,0,0,0,44,1.158,392,0,16.133,1.461,8.340,10.900,8.480,-0.116,0.344,0.936,-0.916,1.138,-0.368,0.000,0.000,1.307,0.979,2,NULL,NULL,,4,0,0,7,255,,0,0,0
stim,850,850,0,900523.802,-0.051,0.079,-0.219,-0.971,0,0,0,0,0,0,0,0,44,1.158,392,0,16.196,1.456,8.400,10.900,8.540,-0.117,0.344,0.935,-0.914,1.134,-0.368,0.000,0.000,1.307,0.979,2,NULL,NULL,,4,0,0,7,255,,0,0,0
stim,864,864,0,900528.802,-0.052,0.079,-0.219,-0.971,0,0,0,0,0,0,0,0,44,1.158,392,0,16.187,1.460,8.460,10.840,8.540,-0.117,0.344,0.937,-0.914,1.138,-0.366,0.000,0.000,1.307,0.979,2,NULL,NULL,,4,0,0,7,255,,0,0,0
stim,864,864,0,900533.802,-0.052,0.079,-0.219,-0.971,0,0,0,0,0,0,0,0,44,1.158,392,0,16.227,1.461,8.460,10.900,8.540,-0.118,0.344,0.936,-0.914,1.140,-0.360,0.000,0.000,1.307,0.979,2,NULL,NULL,,4,0,0,7,255,,0,0,0
stim,884,884,0,900538.802,-0.052,0.079,-0.219,-0.971,0,0,0,0,0,0,0,0,44,1.158,392,0,16.290,1.463,8.520,10.900,8.600,-0.117,0.343,0.936,-0.914,1.142,-0.360,0.000,0.000,1.307,0.979,2,NULL,NULL,,4,0,0,7,255,,0,0,0
stim,884,884,0,900543.802,-0.053,0.079,-0.219,-0.971,0,0,0,0,0,0,0,0,44,1.158,392,0,16.299,1.463,8.520,10.960,8.540,-0.117,0.342,0.936,-0.914,1.142,-0.366,0.000,0.000,1.307,0.979,2,NULL,NULL,,4,0,0,7,255,,0,0,0
stim,884,884,0,900548.802,-0.053,0.079,-0.219,-0.971,0,0,0,0,0,0,0,0,44,1.158,392,0,16.330,1.475,8.580,10.960,8.540,-0.117,0.342,0.936,-0.916,1.156,-0.368,0.000,0.000,1.307,0.979,2,NULL,NULL,,4,0,0,7,255,,0,0,0
stim,884,884,0,900553.802,-0.054,0.079,-0.218,-0.971,0,0,0,0,0,0,0,0,44,1.158,392,0,16.402,1.475,8.640,11.020,8.540,-0.117,0.342,0.936,-0.916,1.156,-0.368,0.000,0.000,1.307,0.979,2,NULL,NULL,,4,0,0,7,255,,0,0,0
stim,895,895,0,900558.803,-0.054,0.079,-0.218,-0.971,0,0,0,0,0,0,0,0,44,1.158,392,0,16.362,1.470,8.640,10.960,8.540,-0.117,0.342,0.936,-0.916,1.150,-0.370,0.000,0.000,1.307,0.979,2,NULL,NULL,,4,0,0,7,255,,0,0,0
stim,895,895,0,900563.802,-0.054,0.079,-0.218,-0.971,0,0,0,0,0,0,0,0,44,1.158,392,0,16.393,1.470,8.700,10.960,8.540,-0.118,0.341,0.936,-0.916,1.150,-0.370,0.000,0.000,1.307,0.979,2,NULL,NULL,,4,0,0,7,255,,0,0,0
stim,914,914,0,900568.802,-0.055,0.079,-0.218,-0.971,0,0,0,0,0,0,0,0,44,1.158,392,0,16.393,1.478,8.700,10.960,8.540,-0.117,0.341,0.936,-0.916,1.160,-0.370,0.000,0.000,1.307,0.979,2,NULL,NULL,,4,0,0,7,255,,0,0,0
stim,914,914,0,900573.802,-0.055,0.079,-0.218,-0.971,0,0,0,0,0,0,0,0,44,1.158,392,0,16.489,1.478,8.820,10.960,8.600,-0.118,0.341,0.936,-0.916,1.160,-0.370,0.000,0.000,1.307,0.979,2,NULL,NULL,,4,0,0,7,255,,0,0,0
stim,914,914,0,900578.802,-0.056,0.080,-0.218,-0.971,0,0,0,0,0,0,0,0,44,1.158,392,0,16.489,1.484,8.820,10.960,8.600,-0.117,0.340,0.937,-0.920,1.164,-0.370,0.000,0.000,1.307,0.979,2,NULL,NULL,,4,0,0,7,255,,0,0,0
stim,914,914,0,900583.802,-0.056,0.080,-0.218,-0.971,0,0,0,0,0,0,0,0,44,1.158,392,0,16.489,1.481,8.820,10.960,8.600,-0.118,0.341,0.937,-0.916,1.164,-0.366,0.000,0.000,1.307,0.979,2,NULL,NULL,,4,0,0,7,255,,0,0,0
stim,928,928,0,900588.802,-0.056,0.080,-0.218,-0.971,0,0,0,0,0,0,0,0,44,1.158,392,0,16.480,1.488,8.820,10.900,8.660,-0.118,0.341,0.937,-0.922,1.168,-0.364,0.000,0.000,1.307,0.979,2,NULL,NULL,,4,0,0,7,255,,0,0,0
stim,928,928,0,900593.802,-0.057,0.080,-0.218,-0.971,0,0,0,0,0,0,0,0,44,1.158,392,0,16.492,1.486,8.900,10.900,8.600,-0.118,0.339,0.937,-0.918,1.168,-0.364,0.000,0.000,1.307,0.979,2,NULL,NULL,,4,0,0,7,255,,0,0,0
stim,950,950,0,900598.802,-0.057,0.080,-0.218,-0.971,0,0,0,0,0,0,0,0,44,1.158,392,0,16.563,1.493,8.900,10.960,8.660,-0.119,0.340,0.938,-0.918,1.178,-0.364,0.000,0.000,1.307,0.979,2,NULL,NULL,,4,0,0,7,255,,0,0,0
stim,950,950,0,900603.802,-0.057,0.080,-0.218,-0.971,0,0,0,0,0,0,0,0,44,1.158,392,0,16.489,1.495,8.820,10.960,8.600,-0.120,0.340,0.938,-0.916,1.182,-0.356,0.000,0.000,1.307,0.979,2,NULL,NULL,,4,0,0,7,255,,0,0,0
stim,950,950,0,900608.802,-0.058,0.080,-0.218,-0.971,0,0,0,0,0,0,0,0,44,1.158,392,0,16.497,1.495,8.760,11.020,8.600,-0.119,0.339,0.938,-0.916,1.182,-0.356,0.000,0.000,1.307,0.979,2,NULL,NULL,,4,0,0,7,255,,0,0,0
stim,950,950,0,900613.802,-0.058,0.080,-0.218,-0.971,0,0,0,0,0,0,0,0,44,1.158,392,0,16.473,1.497,8.640,11.080,8.600,-0.119,0.340,0.938,-0.918,1.182,-0.358,0.000,0.000,1.307,0.979,2,NULL,NULL,,4,0,0,7,255,,0,0,0
stim,951,951,0,900618.803,-0.059,0.080,-0.218,-0.971,0,0,0,0,0,0,0,0,44,1.158,392,0,16.554,1.495,8.640,11.200,8.600,-0.119,0.340,0.938,-0.918,1.180,-0.358,0.000,0.000,1.307,0.979,2,NULL,NULL,,4,0,0,7,255,,0,0,0
stim,951,951,0,900623.802,-0.059,0.080,-0.218,-0.971,0,0,0,0,0,0,0,0,44,1.158,392,0,16.471,1.496,8.520,11.260,8.480,-0.118,0.339,0.937,-0.920,1.180,-0.358,0.000,0.000,1.307,0.979,2,NULL,NULL,,4,0,0,7,255,,0,0,0
stim,962,962,0,900628.802,-0.059,0.080,-0.218,-0.971,0,0,0,0,0,0,0,0,44,1.158,392,0,16.430,1.499,8.520,11.200,8.480,-0.117,0.338,0.936,-0.924,1.180,-0.370,0.000,0.000,1.307,0.979,2,NULL,NULL,,4,0,0,7,255,,0,0,0
stim,962,962,0,900633.802,-0.060,0.081,-0.218,-0.971,0,0,0,0,0,0,0,0,44,1.158,392,0,16.512,1.505,8.520,11.320,8.480,-0.117,0.338,0.937,-0.932,1.182,-0.378,0.000,0.000,1.307,0.979,2,NULL,NULL,,4,0,0,7,255,,0,0,0
stim,982,982,0,900638.802,-0.060,0.081,-0.218,-0.971,0,0,0,0,0,0,0,0,44,1.158,392,0,16.584,1.509,8.520,11.380,8.540,-0.117,0.339,0.936,-0.938,1.182,-0.384,0.000,0.000,1.307,0.979,2,NULL,NULL,,4,0,0,7,255,,0,0,0
stim,982,982,0,900643.802,-0.061,0.081,-0.218,-0.971,0,0,0,0,0,0,0,0,44,1.158,392,0,16.523,1.511,8.400,11.380,8.540,-0.117,0.338,0.936,-0.938,1.184,-0.386,0.000,0.000,1.307,0.979,2,NULL,NULL,,4,0,0,7,255,,0,0,0
stim,983,983,0,900648.802,-0.061,0.081,-0.218,-0.971,0,0,0,0,0,0,0,0,44,1.158,392,0,16.584,1.503,8.460,11.380,8.600,-0.116,0.338,0.935,-0.938,1.174,-0.386,0.000,0.000,1.307,0.979,2,NULL,NULL,,4,0,0,7,255,,0,0,0
stim,983,983,0,900653.802,-0.061,0.081,-0.218,-0.971,0,0,0,0,0,0,0,0,44,1.158,392,0,16.554,1.506,8.400,11.380,8.600,-0.115,0.339,0.935,-0.944,1.174,-0.394,0.000,0.000,1.307,0.979,2,NULL,NULL,,4,0,0,7,255,,0,0,0
stim,1008,1008,0,900658.803,-0.062,0.081,-0.218,-0.971,0,0,0,0,0,0,0,0,44,1.158,392,0,16.543,1.514,8.460,11.320,8.600,-0.115,0.338,0.936,-0.956,1.174,-0.394,0.000,0.000,1.307,0.979,2,NULL,NULL,,4,0,0,7,255,,0,0,0
stim,1008,1008,0,900663.802,-0.062,0.081,-0.218,-0.971,0,0,0,0,0,0,0,0,44,1.158,392,0,16.533,1.506,8.460,11.260,8.660,-0.115,0.339,0.935,-0.956,1.164,-0.398,0.000,0.000,1.307,0.979,2,NULL,NULL,,4,0,0,7,255,,0,0,0
stim,1008,1008,0,900668.802,-0.063,0.081,-0.218,-0.971,0,0,0,0,0,0,0,0,44,1.158,392,0,16.565,1.513,8.460,11.260,8.720,-0.117,0.337,0.935,-0.954,1.174,-0.398,0.000,0.000,1.307,0.979,2,NULL,NULL,,4,0,0,7,255,,0,0,0
stim,1008,1008,0,900673.802,-0.063,0.081,-0.218,-0.970,0,0,0,0,0,0,0,0,44,1.158,392,0,16.421,1.513,8.400,11.140,8.660,-0.116,0.338,0.937,-0.952,1.176,-0.398,0.000,0.000,1.307,0.979,2,NULL,NULL,,4,0,0,7,255,,0,0,0
stim,1024,1024,0,900678.802,-0.063,0.081,-0.218,-0.970,0,0,0,0,0,0,0,0,44,1.158,392,0,16.484,1.521,8.460,11.140,8.720,-0.116,0.337,0.938,-0.952,1.186,-0.382,0.000,0.000,1.307,0.979,2,NULL,NULL,,4,0,0,7,255,,0,0,0
stim,1024,1024,0,900683.802,-0.064,0.082,-0.218,-0.970,0,0,0,0,0,0,0,0,44,1.158,392,0,16.309,1.530,8.340,11.020,8.660,-0.115,0.337,0.939,-0.962,1.190,-0.374,0.000,0.000,1.307,0.979,2,NULL,NULL,,4,0,0,7,255,,0,0,0
stim,1039,1039,0,900688.802,-0.064,0.082,-0.218,-0.970,0,0,0,0,0,0,0,0,44,1.158,392,0,16.248,1.531,8.220,11.020,8.660,-0.116,0.338,0.938,-0.964,1.190,-0.368,0.000,0.000,1.307,0.979,2,NULL,NULL,,4,0,0,7,255,,0,0,0
stim,1039,1039,0,900693.802,-0.065,0.082,-0.218,-0.970,0,0,0,0,0,0,0,0,44,1.158,392,0,16.115,1.528,8.100,10.960,8.600,-0.116,0.338,0.939,-0.964,1.186,-0.366,0.000,0.000,1.307,0.979,2,NULL,NULL,,4,0,0,7,255,,0,0,0
stim,1040,1040,0,900698.802,-0.065,0.082,-0.218,-0.970,0,0,0,0,0,0,0,0,44,1.158,392,0,15.982,1.528,7.980,10.900,8.540,-0.117,0.338,0.939,-0.964,1.186,-0.360,0.000,0.000,1.307,0.979,2,NULL,NULL,,4,0,0,7,255,,0,0,0
stim,1040,1040,0,900703.802,-0.065,0.082,-0.218,-0.970,0,0,0,0,0,0,0,0,44,1.158,392,0,15.961,1.525,7.920,10.960,8.480,-0.115,0.338,0.938,-0.964,1.182,-0.360,0.000,0.000,1.307,0.979,2,NULL,NULL,,4,0,0,7,255,,0,0,0
stim,1056,1056,0,900708.802,-0.066,0.082,-0.218,-0.970,0,0,0,0,0,0,0,0,44,1.158,392,0,15.868,1.523,7.860,10.960,8.360,-0.115,0.339,0.938,-0.966,1.178,-0.372,0.000,0.000,1.307,0.979,2,NULL,NULL,,4,0,0,7,255,,0,0,0
stim,1056,1056,0,900713.802,-0.066,0.082,-0.218,-0.970,0,0,0,0,0,0,0,0,44,1.158,392,0,15.777,1.517,7.740,10.960,8.300,-0.116,0.338,0.937,-0.966,1.170,-0.372,0.000,0.000,1.307,0.979,2,NULL,NULL,,4,0,0,7,255,,0,0,0
stim,1056,1056,0,900718.802,-0.067,0.082,-0.218,-0.970,0,0,0,0,0,0,0,0,44,1.158,392,0,15.751,1.512,7.600,11.020,8.300,-0.116,0.339,0.936,-0.960,1.168,-0.376,0.000,0.000,1.307,0.979,2,NULL,NULL,,4,0,0,7,255,,0,0,0
stim,1056,1056,0,900723.802,-0.067,0.082,-0.217,-0.970,0,0,0,0,0,0,0,0,44,1.158,392,0,15.719,1.501,7.600,11.020,8.240,-0.116,0.339,0.935,-0.958,1.156,-0.382,0.000,0.000,1.307,0.979,2,NULL,NULL,,4,0,0,7,255,,0,0,0
stim,1072,1072,0,900728.802,-0.067,0.082,-0.217,-0.970,0,0,0,0,0,0,0,0,44,1.158,392,0,15.648,1.494,7.540,10.960,8.240,-0.116,0.340,0.933,-0.956,1.148,-0.394,0.000,0.000,1.307,0.979,2,NULL,NULL,,4,0,0,7,255,,0,0,0
stim,1072,1072,0,900733.802,-0.068,0.082,-0.217,-0.970,0,0,0,0,0,0,0,0,44,1.158,392,0,15.667,1.482,7.600,10.900,8.300,-0.116,0.339,0.932,-0.952,1.136,-0.406,0.000,0.000,1.307,0.979,2,NULL,NULL,,4,0,0,7,255,,0,0,0
stim,1087,1087,0,900738.802,-0.068,0.082,-0.217,-0.970,0,0,0,0,0,0,0,0,44,1.158,392,0,15.696,1.479,7.660,10.900,8.300,-0.115,0.341,0.932,-0.952,1.132,-0.410,0.000,0.000,1.307,0.979,2,NULL,NULL,,4,0,0,7,255,,0,0,0
stim,1087,1087,0,900743.802,-0.068,0.083,-0.217,-0.970,0,0,0,0,0,0,0,0,44,1.158,392,0,15.714,1.476,7.800,10.780,8.360,-0.116,0.340,0.933,-0.952,1.128,-0.410,0.000,0.000,1.307,0.979,2,NULL,NULL,,4,0,0,7,255,,0,0,0
stim,1104,1104,0,900748.802,-0.069,0.083,-0.217,-0.970,0,0,0,0,0,0,0,0,44,1.158,392,0,15.847,1.471,7.920,10.840,8.420,-0.117,0.342,0.933,-0.952,1.122,-0.406,0.000,0.000,1.307,0.979,2,NULL,NULL,,4,0,0,7,255,,0,0,0
stim,1104,1104,0,900753.802,-0.069,0.083,-0.217,-0.970,0,0,0,0,0,0,0,0,44,1.158,392,0,15.755,1.459,7.980,10.660,8.420,-0.118,0.342,0.933,-0.938,1.118,-0.398,0.000,0.000,1.307,0.979,2,NULL,NULL,,4,0,0,7,255,,0,0,0
stim,1119,1119,0,900758.803,-0.070,0.083,-0.217,-0.970,0,0,0,0,0,0,0,0,44,1.158,392,0,15.808,1.459,8.100,10.600,8.480,-0.117,0.341,0.934,-0.938,1.118,-0.392,0.000,0.000,1.307,0.979,2,NULL,NULL,,4,0,0,7,255,,0,0,0
stim,1119,1119,0,900763.802,-0.070,0.083,-0.217,-0.970,0,0,0,0,0,0,0,0,44,1.158,392,0,15.767,1.470,8.100,10.540,8.480,-0.116,0.341,0.936,-0.942,1.128,-0.390,0.000,0.000,1.307,0.979,2,NULL,NULL,,4,0,0,7,255,,0,0,0
stim,1135,1135,0,900768.802,-0.070,0.083,-0.217,-0.970,0,0,0,0,0,0,0,0,44,1.158,392,0,15.791,1.471,8.160,10.480,8.540,-0.118,0.341,0.936,-0.944,1.128,-0.376,0.000,0.000,1.307,0.979,2,NULL,NULL,,4,0,0,7,255,,0,0,0
stim,1135,1135,0,900773.802,-0.071,0.083,-0.217,-0.970,0,0,0,0,0,0,0,0,44,1.158,392,0,15.798,1.471,8.160,10.540,8.480,-0.118,0.342,0.936,-0.944,1.128,-0.372,0.000,0.000,1.307,0.979,2,NULL,NULL,,4,0,0,7,255,,0,0,0
stim,1135,1135,0,900778.802,-0.071,0.083,-0.217,-0.970,0,0,0,0,0,0,0,0,44,1.158,392,0,15.838,1.471,8.160,10.600,8.480,-0.118,0.342,0.938,-0.942,1.130,-0.364,0.000,0.000,1.307,0.979,2,NULL,NULL,,4,0,0,7,255,,0,0,0
stim,1136,1136,0,900783.802,-0.072,0.083,-0.217,-0.970,0,0,0,0,0,0,0,0,44,1.158,392,0,15.919,1.471,8.160,10.720,8.480,-0.118,0.342,0.938,-0.942,1.130,-0.354,0.000,0.000,1.307,0.979,2,NULL,NULL,,4,0,0,7,255,,0,0,0
stim,1136,1136,0,900788.802,-0.072,0.083,-0.217,-0.970,0,0,0,0,0,0,0,0,44,1.158,392,0,15.878,1.473,8.220,10.660,8.420,-0.118,0.341,0.938,-0.942,1.132,-0.354,0.000,0.000,1.307,0.979,2,NULL,NULL,,4,0,0,7,255,,0,0,0
stim,1136,1136,0,900793.802,-0.072,0.083,-0.217,-0.970,0,0,0,0,0,0,0,0,44,1.158,392,0,15.917,1.477,8.280,10.720,8.360,-0.119,0.341,0.938,-0.942,1.138,-0.354,0.000,0.000,1.307,0.979,2,NULL,NULL,,4,0,0,7,255,,0,0,0
stim,1136,1136,0,900798.802,-0.073,0.083,-0.217,-0.970,0,0,0,0,0,0,0,0,44,1.158,392,0,16.030,1.480,8.340,10.840,8.360,-0.118,0.341,0.938,-0.946,1.138,-0.352,0.000,0.000,1.307,0.979,2,NULL,NULL,,4,0,0,7,255,,0,0,0
stim,1136,1136,0,900803.802,-0.073,0.083,-0.217,-0.970,0,0,0,0,0,0,0,0,44,1.158,392,0,16.133,1.478,8.400,10.900,8.420,-0.118,0.342,0.938,-0.946,1.136,-0.350,0.000,0.000,1.307,0.979,2,NULL,NULL,,4,0,0,7,255,,0,0,0
stim,1136,1136,0,900808.802,-0.074,0.084,-0.217,-0.970,0,0,0,0,0,0,0,0,44,1.158,392,0,16.133,1.474,8.400,10.900,8.420,-0.119,0.342,0.938,-0.946,1.130,-0.350,0.000,0.000,1.307,0.979,2,NULL,NULL,,4,0,0,7,255,,0,0,0
stim,1152,1152,0,900813.802,-0.074,0.084,-0.217,-0.970,0,0,0,0,0,0,0,0,44,1.158,392,0,16.205,1.474,8.460,10.960,8.420,-0.118,0.341,0.938,-0.946,1.130,-0.350,0.000,0.000,1.307,0.979,2,NULL,NULL,,4,0,0,7,255,,0,0,0
stim,1167,1167,0,900818.803,-0.074,0.084,-0.217,-0.970,0,0,0,0,0,0,0,0,44,1.158,392,0,16.276,1.482,8.460,11.020,8.480,-0.117,0.341,0.938,-0.954,1.134,-0.354,0.000,0.000,1.307,0.979,2,NULL,NULL,,4,0,0,7,255,,0,0,0
stim,1167,1167,0,900823.802,-0.075,0.084,-0.217,-0.970,0,0,0,0,0,0,0,0,44,1.158,392,0,16.411,1.486,8.520,11.080,8.600,-0.117,0.341,0.939,-0.958,1.136,-0.354,0.000,0.000,1.307,0.979,2,NULL,NULL,,4,0,0,7,255,,0,0,0
stim,1168,1168,0,900828.802,-0.075,0.084,-0.217,-0.970,0,0,0,0,0,0,0,0,44,1.158,392,0,16.442,1.484,8.520,11.080,8.660,-0.118,0.342,0.938,-0.958,1.134,-0.346,0.000,0.000,1.307,0.979,2,NULL,NULL,,4,0,0,7,255,,0,0,0
stim,1168,1168,0,900833.802,-0.075,0.084,-0.217,-0.970,0,0,0,0,0,0,0,0,44,1.158,392,0,16.442,1.483,8.520,11.080,8.660,-0.118,0.341,0.938,-0.956,1.134,-0.346,0.000,0.000,1.307,0.979,2,NULL,NULL,,4,0,0,7,255,,0,0,0
stim,1183,1183,0,900838.802,-0.076,0.084,-0.217,-0.970,0,0,0,0,0,0,0,0,44,1.158,392,0,16.474,1.482,8.520,11.080,8.720,-0.118,0.341,0.938,-0.954,1.134,-0.348,0.000,0.000,1.307,0.979,2,NULL,NULL,,4,0,0,7,255,,0,0,0
stim,1183,1183,0,900843.802,-0.076,0.084,-0.217,-0.970,0,0,0,0,0,0,0,0,44,1.158,392,0,16.484,1.482,8.460,11.140,8.720,-0.118,0.341,0.937,-0.954,1.134,-0.348,0.000,0.000,1.307,0.979,2,NULL,NULL,,4,0,0,7,255,,0,0,0
stim,1183,1183,0,900848.802,-0.077,0.084,-0.217,-0.970,0,0,0,0,0,0,0,0,44,1.158,392,0,16.565,1.476,8.460,11.260,8.720,-0.119,0.342,0.937,-0.954,1.126,-0.354,0.000,0.000,1.307,0.979,2,NULL,NULL,,4,0,0,7,255,,0,0,0
stim,1216,1216,0,900853.802,-0.077,0.084,-0.217,-0.970,0,0,0,0,0,0,0,0,44,1.158,392,0,16.606,1.472,8.460,11.320,8.720,-0.119,0.341,0.937,-0.948,1.126,-0.360,0.000,0.000,1.307,0.979,2,NULL,NULL,,4,0,0,7,255,,0,0,0
stim,1217,1217,0,900858.803,-0.077,0.084,-0.217,-0.970,0,0,0,0,0,0,0,0,44,1.158,392,0,16.606,1.473,8.460,11.320,8.720,-0.118,0.341,0.937,-0.948,1.128,-0.360,0.000,0.000,1.307,0.979,2,NULL,NULL,,4,0,0,7,255,,0,0,0
stim,1217,1217,0,900863.802,-0.078,0.085,-0.217,-0.969,0,0,0,0,0,0,0,0,44,1.158,392,0,16.670,1.479,8.460,11.460,8.660,-0.118,0.339,0.936,-0.954,1.130,-0.366,0.000,0.000,1.307,0.979,2,NULL,NULL,,4,0,0,7,255,,0,0,0
stim,1217,1217,0,900868.802,-0.078,0.085,-0.217,-0.969,0,0,0,0,0,0,0,0,44,1.158,392,0,16.712,1.489,8.460,11.520,8.660,-0.118,0.339,0.937,-0.960,1.138,-0.374,0.000,0.000,1.307,0.979,2,NULL,NULL,,4,0,0,7,255,,0,0,0
stim,1218,1218,0,900873.802,-0.079,0.085,-0.216,-0.969,0,0,0,0,0,0,0,0,44,1.158,392,0,16.753,1.489,8.460,11.580,8.660,-0.118,0.339,0.936,-0.960,1.138,-0.378,0.000,0.000,1.307,0.979,2,NULL,NULL,,4,0,0,7,255,,0,0,0
stim,1218,1218,0,900878.802,-0.079,0.085,-0.216,-0.969,0,0,0,0,0,0,0,0,44,1.158,392,0,16.722,1.489,8.520,11.580,8.540,-0.117,0.340,0.936,-0.962,1.136,-0.378,0.000,0.000,1.307,0.979,2,NULL,NULL,,4,0,0,7,255,,0,0,0
stim,1218,1218,0,900883.802,-0.079,0.085,-0.216,-0.969,0,0,0,0,0,0,0,0,44,1.158,392,0,16.775,1.489,8.460,11.700,8.540,-0.117,0.340,0.935,-0.970,1.130,-0.382,0.000,0.000,1.307,0.979,2,NULL,NULL,,4,0,0,7,255,,0,0,0
stim,1231,1231,0,900888.802,-0.080,0.085,-0.216,-0.969,0,0,0,0,0,0,0,0,44,1.158,392,0,16.855,1.483,8.640,11.640,8.600,-0.117,0.340,0.934,-0.970,1.122,-0.384,0.000,0.000,1.307,0.979,2,NULL,NULL,,4,0,0,7,255,,0,0,0
stim,1231,1231,0,900893.802,-0.080,0.085,-0.216,-0.969,0,0,0,0,0,0,0,0,44,1.158,392,0,16.783,1.483,8.640,11.580,8.540,-0.117,0.338,0.936,-0.970,1.122,-0.388,0.000,0.000,1.307,0.979,2,NULL,NULL,,4,0,0,7,255,,0,0,0
stim,1231,1231,0,900898.802,-0.081,0.085,-0.216,-0.969,0,0,0,0,0,0,0,0,44,1.158,392,0,16.814,1.486,8.700,11.580,8.540,-0.116,0.339,0.935,-0.970,1.126,-0.394,0.000,0.000,1.307,0.979,2,NULL,NULL,,4,0,0,7,255,,0,0,0
stim,1231,1231,0,900903.802,-0.081,0.085,-0.216,-0.969,0,0,0,0,0,0,0,0,44,1.158,392,0,16.763,1.494,8.700,11.460,8.600,-0.115,0.339,0.935,-0.978,1.130,-0.394,0.000,0.000,1.307,0.979,2,NULL,NULL,,4,0,0,7,255,,0,0,0
stim,1231,1231,0,900908.802,-0.081,0.086,-0.216,-0.969,0,0,0,0,0,0,0,0,44,1.158,392,0,16.646,1.498,8.640,11.380,8.540,-0.115,0.339,0.934,-0.988,1.126,-0.394,0.000,0.000,1.307,0.979,2,NULL,NULL,,4,0,0,7,255,,0,0,0
stim,1249,1249,0,900913.802,-0.082,0.086,-0.216,-0.969,0,0,0,0,0,0,0,0,44,1.158,392,0,16.595,1.499,8.700,11.260,8.540,-0.115,0.339,0.934,-0.990,1.126,-0.402,0.000,0.000,1.307,0.979,2,NULL,NULL,,4,0,0,7,255,,0,0,0
stim,1249,1249,0,900918.802,-0.082,0.086,-0.216,-0.969,0,0,0,0,0,0,0,0,44,1.158,392,0,16.492,1.498,8.640,11.200,8.480,-0.116,0.337,0.935,-0.988,1.126,-0.402,0.000,0.000,1.307,0.979,2,NULL,NULL,,4,0,0,7,255,,0,0,0
stim,1266,1266,0,900923.802,-0.083,0.086,-0.216,-0.969,0,0,0,0,0,0,0,0,44,1.158,392,0,16.411,1.497,8.580,11.080,8.540,-0.115,0.338,0.933,-0.988,1.124,-0.402,0.000,0.000,1.307,0.979,2,NULL,NULL,,4,0,0,7,255,,0,0,0
stim,1266,1266,0,900928.802,-0.083,0.086,-0.216,-0.969,0,0,0,0,0,0,0,0,44,1.158,392,0,16.339,1.501,8.580,11.020,8.480,-0.115,0.338,0.934,-0.988,1.130,-0.406,0.000,0.000,1.307,0.979,2,NULL,NULL,,4,0,0,7,255,,0,0,0
stim,1267,1267,0,900933.802,-0.083,0.086,-0.216,-0.969,0,0,0,0,0,0,0,0,44,1.158,392,0,16.299,1.502,8.580,10.960,8.480,-0.114,0.338,0.934,-0.996,1.124,-0.410,0.000,0.000,1.307,0.979,2,NULL,NULL,,4,0,0,7,255,,0,0,0
stim,1267,1267,0,900938.802,-0.084,0.086,-0.216,-0.969,0,0,0,0,0,0,0,0,44,1.158,392,0,16.227,1.509,8.520,10.900,8.480,-0.114,0.338,0.934,-1.002,1.128,-0.408,0.000,0.000,1.307,0.979,2,NULL,NULL,,4,0,0,7,255,,0,0,0
stim,1282,1282,0,900943.802,-0.084,0.086,-0.216,-0.969,0,0,0,0,0,0,0,0,44,1.158,392,0,16.164,1.504,8.460,10.900,8.420,-0.115,0.339,0.935,-1.002,1.122,-0.408,0.000,0.000,1.307,0.979,2,NULL,NULL,,4,0,0,7,255,,0,0,0
stim,1282,1282,0,900948.802,-0.085,0.086,-0.216,-0.969,0,0,0,0,0,0,0,0,44,1.158,392,0,16.124,1.509,8.460,10.840,8.420,-0.114,0.337,0.934,-1.002,1.128,-0.408,0.000,0.000,1.307,0.979,2,NULL,NULL,,4,0,0,7,255,,0,0,0
stim,1315,1315,0,900953.802,-0.085,0.086,-0.216,-0.969,0,0,0,0,0,0,0,0,44,1.158,392,0,16.155,1.508,8.400,10.840,8.540,-0.115,0.337,0.934,-0.998,1.130,-0.410,0.000,0.000,1.307,0.979,2,NULL,NULL,,4,0,0,7,255,,0,0,0
stim,1315,1315,0,900958.803,-0.085,0.086,-0.216,-0.969,0,0,0,0,0,0,0,0,44,1.158,392,0,16.187,1.510,8.460,10.840,8.540,-0.115,0.338,0.935,-1.002,1.130,-0.410,0.000,0.000,1.307,0.979,2,NULL,NULL,,4,0,0,7,255,,0,0,0
stim,1315,1315,0,900963.802,-0.086,0.086,-0.216,-0.969,0,0,0,0,0,0,0,0,44,1.158,392,0,16.147,1.510,8.460,10.780,8.540,-0.115,0.338,0.936,-1.002,1.130,-0.396,0.000,0.000,1.307,0.979,2,NULL,NULL,,4,0,0,7,255,,0,0,0
stim,1315,1315,0,900968.802,-0.086,0.087,-0.216,-0.969,0,0,0,0,0,0,0,0,44,1.158,392,0,16.107,1.513,8.460,10.720,8.540,-0.115,0.337,0.936,-1.004,1.132,-0.394,0.000,0.000,1.307,0.979,2,NULL,NULL,,4,0,0,7,255,,0,0,0
stim,1315,1315,0,900973.802,-0.087,0.087,-0.216,-0.969,0,0,0,0,0,0,0,0,44,1.158,392,0,16.075,1.513,8.400,10.720,8.540,-0.116,0.339,0.936,-1.004,1.132,-0.392,0.000,0.000,1.307,0.979,2,NULL,NULL,,4,0,0,7,255,,0,0,0
stim,1315,1315,0,900978.802,-0.087,0.087,-0.216,-0.969,0,0,0,0,0,0,0,0,44,1.158,392,0,16.035,1.503,8.400,10.660,8.540,-0.115,0.338,0.935,-0.998,1.124,-0.392,0.000,0.000,1.307,0.979,2,NULL,NULL,,4,0,0,7,255,,0,0,0
stim,1327,1327,0,900983.802,-0.087,0.087,-0.216,-0.969,0,0,0,0,0,0,0,0,44,1.158,392,0,15.964,1.502,8.340,10.600,8.540,-0.116,0.338,0.937,-0.996,1.124,-0.388,0.000,0.000,1.307,0.979,2,NULL,NULL,,4,0,0,7,255,,0,0,0
stim,1327,1327,0,900988.802,-0.088,0.087,-0.216,-0.969,0,0,0,0,0,0,0,0,44,1.158,392,0,15.893,1.512,8.280,10.540,8.540,-0.116,0.337,0.936,-0.996,1.138,-0.392,0.000,0.000,1.307,0.979,2,NULL,NULL,,4,0,0,7,255,,0,0,0
stim,1327,1327,0,900993.802,-0.088,0.087,-0.216,-0.969,0,0,0,0,0,0,0,0,44,1.158,392,0,15.829,1.511,8.220,10.540,8.480,-0.116,0.338,0.937,-0.994,1.138,-0.378,0.000,0.000,1.307,0.979,2,NULL,NULL,,4,0,0,7,255,,0,0,0
stim,1327,1327,0,900998.802,-0.088,0.087,-0.216,-0.969,0,0,0,0,0,0,0,0,44,1.158,392,0,15.766,1.506,8.160,10.540,8.420,-0.118,0.338,0.936,-0.994,1.132,-0.382,0.000,0.000,1.307,0.979,2,NULL,NULL,,4,0,0,7,255,,0,0,0
stim,1359,1359,0,901003.802,-0.089,0.087,-0.216,-0.969,0,0,0,0,0,0,0,0,44,1.158,392,0,15.663,1.504,8.100,10.480,8.360,-0.117,0.339,0.937,-0.990,1.132,-0.376,0.000,0.000,1.307,0.979,2,NULL,NULL,,4,0,0,7,255,,0,0,0
stim,1359,1359,0,901008.802,-0.089,0.087,-0.216,-0.968,0,0,0,0,0,0,0,0,44,1.158,392,0,15.663,1.501,8.100,10.480,8.360,-0.117,0.337,0.937,-0.986,1.132,-0.382,0.000,0.000,1.307,0.979,2,NULL,NULL,,4,0,0,7,255,,0,0,0
stim,1359,1359,0,901013.802,-0.090,0.087,-0.216,-0.968,0,0,0,0,0,0,0,0,44,1.158,392,0,15.600,1.497,8.040,10.480,8.300,-0.119,0.339,0.938,-0.986,1.126,-0.372,0.000,0.000,1.307,0.979,2,NULL,NULL,,4,0,0,7,255,,0,0,0
stim,1359,1359,0,901018.803,-0.090,0.087,-0.215,-0.968,0,0,0,0,0,0,0,0,44,1.158,392,0,15.579,1.499,7.920,10.540,8.300,-0.118,0.338,0.937,-0.982,1.132,-0.380,0.000,0.000,1.307,0.979,2,NULL,NULL,,4,0,0,7,255,,0,0,0
stim,1360,1360,0,901023.802,-0.090,0.087,-0.215,-0.968,0,0,0,0,0,0,0,0,44,1.158,392,0,15.528,1.494,8.040,10.420,8.240,-0.118,0.339,0.937,-0.982,1.126,-0.372,0.000,0.000,1.307,0.979,2,NULL,NULL,,4,0,0,7,255,,0,0,0
stim,1360,1360,0,901028.802,-0.091,0.087,-0.215,-0.968,0,0,0,0,0,0,0,0,44,1.158,392,0,15.609,1.493,8.040,10.540,8.240,-0.117,0.340,0.938,-0.982,1.124,-0.372,0.000,0.000,1.307,0.979,2,NULL,NULL,,4,0,0,7,255,,0,0,0
stim,1378,1378,0,901033.802,-0.091,0.087,-0.215,-0.968,0,0,0,0,0,0,0,0,44,1.158,392,0,15.642,1.495,7.980,10.540,8.360,-0.118,0.338,0.938,-0.986,1.124,-0.364,0.000,0.000,1.307,0.979,2,NULL,NULL,,4,0,0,7,255,,0,0,0
stim,1378,1378,0,901038.802,-0.092,0.087,-0.215,-0.968,0,0,0,0,0,0,0,0,44,1.158,392,0,15.579,1.489,7.920,10.540,8.300,-0.118,0.340,0.938,-0.986,1.116,-0.364,0.000,0.000,1.307,0.979,2,NULL,NULL,,4,0,0,7,255,,0,0,0
stim,1378,1378,0,901043.802,-0.092,0.088,-0.215,-0.968,0,0,0,0,0,0,0,0,44,1.158,392,0,15.652,1.485,7.920,10.600,8.360,-0.118,0.341,0.938,-0.982,1.114,-0.362,0.000,0.000,1.307,0.979,2,NULL,NULL,,4,0,0,7,255,,0,0,0
stim,1378,1378,0,901048.802,-0.092,0.088,-0.215,-0.968,0,0,0,0,0,0,0,0,44,1.158,392,0,15.662,1.485,7.860,10.660,8.360,-0.118,0.340,0.939,-0.982,1.114,-0.352,0.000,0.000,1.307,0.979,2,NULL,NULL,,4,0,0,7,255,,0,0,0
stim,1414,1414,0,901053.802,-0.093,0.088,-0.215,-0.968,0,0,0,0,0,0,0,0,44,1.158,392,0,15.662,1.487,7.860,10.660,8.360,-0.119,0.340,0.938,-0.982,1.116,-0.352,0.000,0.000,1.307,0.979,2,NULL,NULL,,4,0,0,7,255,,0,0,0
stim,1414,1414,0,901058.803,-0.093,0.088,-0.215,-0.968,0,0,0,0,0,0,0,0,44,1.158,392,0,15.776,1.483,7.860,10.780,8.420,-0.119,0.341,0.938,-0.976,1.116,-0.348,0.000,0.000,1.307,0.979,2,NULL,NULL,,4,0,0,7,255,,0,0,0
stim,1414,1414,0,901063.802,-0.093,0.088,-0.215,-0.968,0,0,0,0,0,0,0,0,44,1.158,392,0,15.737,1.477,7.800,10.720,8.480,-0.117,0.341,0.939,-0.976,1.108,-0.348,0.000,0.000,1.307,0.979,2,NULL,NULL,,4,0,0,7,255,,0,0,0
stim,1414,1414,0,901068.802,-0.094,0.088,-0.215,-0.968,0,0,0,0,0,0,0,0,44,1.158,392,0,15.819,1.483,7.800,10.840,8.480,-0.117,0.342,0.938,-0.988,1.106,-0.348,0.000,0.000,1.307,0.979,2,NULL,NULL,,4,0,0,7,255,,0,0,0
stim,1414,1414,0,901073.802,-0.094,0.088,-0.215,-0.968,0,0,0,0,0,0,0,0,44,1.158,392,0,15.893,1.477,7.800,10.900,8.540,-0.118,0.341,0.938,-0.988,1.098,-0.350,0.000,0.000,1.307,0.979,2,NULL,NULL,,4,0,0,7,255,,0,0,0
stim,1414,1414,0,901078.802,-0.095,0.088,-0.215,-0.968,0,0,0,0,0,0,0,0,44,1.158,392,0,15.934,1.467,7.800,10.960,8.540,-0.119,0.342,0.938,-0.980,1.092,-0.350,0.000,0.000,1.307,0.979,2,NULL,NULL,,4,0,0,7,255,,0,0,0
stim,1439,1439,0,901083.802,-0.095,0.088,-0.215,-0.968,0,0,0,0,0,0,0,0,44,1.158,392,0,15.914,1.470,7.740,11.020,8.480,-0.118,0.341,0.937,-0.980,1.096,-0.352,0.000,0.000,1.307,0.979,2,NULL,NULL,,4,0,0,7,255,,0,0,0
stim,1439,1439,0,901088.802,-0.095,0.088,-0.215,-0.968,0,0,0,0,0,0,0,0,44,1.158,392,0,15.956,1.466,7.740,11.080,8.480,-0.118,0.341,0.937,-0.980,1.090,-0.360,0.000,0.000,1.307,0.979,2,NULL,NULL,,4,0,0,7,255,,0,0,0
stim,1439,1439,0,901093.802,-0.096,0.088,-0.215,-0.968,0,0,0,0,0,0,0,0,44,1.158,392,0,16.017,1.467,7.800,11.080,8.540,-0.119,0.341,0.938,-0.980,1.092,-0.360,0.000,0.000,1.307,0.979,2,NULL,NULL,,4,0,0,7,255,,0,0,0
stim,1439,1439,0,901098.802,-0.096,0.088,-0.215,-0.968,0,0,0,0,0,0,0,0,44,1.158,392,0,16.027,1.466,7.800,11.140,8.480,-0.118,0.343,0.938,-0.980,1.090,-0.354,0.000,0.000,1.307,0.979,2,NULL,NULL,,4,0,0,7,255,,0,0,0
stim,1439,1439,0,901103.802,-0.097,0.089,-0.215,-0.968,0,0,0,0,0,0,0,0,44,1.158,392,0,16.056,1.456,7.860,11.140,8.480,-0.118,0.342,0.936,-0.978,1.078,-0.354,0.000,0.000,1.307,0.979,2,NULL,NULL,,4,0,0,7,255,,0,0,0
stim,1439,1439,0,901108.802,-0.097,0.089,-0.214,-0.968,0,0,0,0,0,0,0,0,44,1.158,392,0,16.022,1.458,7.920,11.140,8.360,-0.118,0.342,0.937,-0.984,1.076,-0.360,0.000,0.000,1.307,0.979,2,NULL,NULL,,4,0,0,7,255,,0,0,0
stim,1456,1456,0,901113.802,-0.097,0.089,-0.214,-0.968,0,0,0,0,0,0,0,0,44,1.158,392,0,16.054,1.457,7.920,11.140,8.420,-0.117,0.343,0.937,-0.984,1.074,-0.360,0.000,0.000,1.307,0.979,2,NULL,NULL,,4,0,0,7,255,,0,0,0
stim,1456,1456,0,901118.802,-0.098,0.089,-0.214,-0.968,0,0,0,0,0,0,0,0,44,1.158,392,0,16.054,1.453,7.920,11.140,8.420,-0.117,0.343,0.936,-0.988,1.066,-0.360,0.000,0.000,1.307,0.979,2,NULL,NULL,,4,0,0,7,255,,0,0,0
stim,1472,1472,0,901123.802,-0.098,0.089,-0.214,-0.968,0,0,0,0,0,0,0,0,44,1.158,392,0,16.083,1.453,7.980,11.140,8.420,-0.119,0.342,0.935,-0.988,1.066,-0.364,0.000,0.000,1.307,0.979,2,NULL,NULL,,4,0,0,7,255,,0,0,0
stim,1472,1472,0,901128.802,-0.099,0.089,-0.214,-0.968,0,0,0,0,0,0,0,0,44,1.158,392,0,16.072,1.449,8.040,11.080,8.420,-0.118,0.343,0.935,-0.982,1.066,-0.370,0.000,0.000,1.307,0.979,2,NULL,NULL,,4,0,0,7,255,,0,0,0
stim,1472,1472,0,901133.802,-0.099,0.089,-0.214,-0.968,0,0,0,0,0,0,0,0,44,1.158,392,0,16.102,1.446,8.100,11.080,8.420,-0.117,0.342,0.935,-0.982,1.062,-0.372,0.000,0.000,1.307,0.979,2,NULL,NULL,,4,0,0,7,255,,0,0,0
stim,1472,1472,0,901138.802,-0.099,0.089,-0.214,-0.968,0,0,0,0,0,0,0,0,44,1.158,392,0,16.122,1.451,8.220,11.020,8.420,-0.117,0.342,0.936,-0.988,1.062,-0.370,0.000,0.000,1.307,0.979,2,NULL,NULL,,4,0,0,7,255,,0,0,0
stim,1520,1520,0,901143.802,-0.100,0.089,-0.214,-0.968,0,0,0,0,0,0,0,0,44,1.158,392,0,16.111,1.451,8.280,10.960,8.420,-0.117,0.343,0.935,-0.988,1.062,-0.376,0.000,0.000,1.307,0.979,2,NULL,NULL,,4,0,0,7,255,,0,0,0
stim,1520,1520,0,901148.802,-0.100,0.089,-0.214,-0.968,0,0,0,0,0,0,0,0,44,1.158,392,0,16.174,1.452,8.340,10.960,8.480,-0.116,0.344,0.935,-0.996,1.056,-0.370,0.000,0.000,1.307,0.979,2,NULL,NULL,,4,0,0,7,255,,0,0,0
stim,1520,1520,0,901153.802,-0.100,0.089,-0.214,-0.967,0,0,0,0,0,0,0,0,44,1.158,392,0,16.196,1.450,8.400,10.900,8.540,-0.117,0.342,0.934,-0.994,1.056,-0.376,0.000,0.000,1.307,0.979,2,NULL,NULL,,4,0,0,7,255,,0,0,0
stim,1520,1520,0,901158.803,-0.101,0.090,-0.214,-0.967,0,0,0,0,0,0,0,0,44,1.158,392,0,16.236,1.450,8.400,10.960,8.540,-0.117,0.343,0.935,-0.994,1.056,-0.376,0.000,0.000,1.307,0.979,2,NULL,NULL,,4,0,0,7,255,,0,0,0
stim,1520,1520,0,901163.802,-0.101,0.090,-0.214,-0.967,0,0,0,0,0,0,0,0,44,1.158,392,0,16.259,1.450,8.460,10.900,8.600,-0.117,0.342,0.935,-0.994,1.056,-0.376,0.000,0.000,1.307,0.979,2,NULL,NULL,,4,0,0,7,255,,0,0,0
stim,1520,1520,0,901168.802,-0.102,0.090,-0.214,-0.967,0,0,0,0,0,0,0,0,44,1.158,392,0,16.321,1.453,8.580,10.900,8.600,-0.117,0.343,0.936,-0.994,1.060,-0.376,0.000,0.000,1.307,0.979,2,NULL,NULL,,4,0,0,7,255,,0,0,0
stim,1520,1520,0,901173.802,-0.102,0.090,-0.214,-0.967,0,0,0,0,0,0,0,0,44,1.158,392,0,16.393,1.453,8.580,10.960,8.660,-0.118,0.343,0.936,-0.994,1.060,-0.364,0.000,0.000,1.307,0.979,2,NULL,NULL,,4,0,0,7,255,,0,0,0
stim,1536,1536,0,901178.802,-0.102,0.090,-0.214,-0.967,0,0,0,0,0,0,0,0,44,1.158,392,0,16.353,1.455,8.640,10.900,8.600,-0.118,0.341,0.937,-0.996,1.060,-0.364,0.000,0.000,1.307,0.979,2,NULL,NULL,,4,0,0,7,255,,0,0,0
stim,1536,1536,0,901183.802,-0.103,0.090,-0.214,-0.967,0,0,0,0,0,0,0,0,44,1.158,392,0,16.353,1.459,8.640,10.900,8.600,-0.119,0.342,0.937,-0.988,1.074,-0.364,0.000,0.000,1.307,0.979,2,NULL,NULL,,4,0,0,7,255,,0,0,0
stim,1536,1536,0,901188.802,-0.103,0.090,-0.214,-0.967,0,0,0,0,0,0,0,0,44,1.158,392,0,16.393,1.465,8.700,10.960,8.540,-0.118,0.342,0.937,-0.996,1.074,-0.360,0.000,0.000,1.307,0.979,2,NULL,NULL,,4,0,0,7,255,,0,0,0
stim,1536,1536,0,901193.802,-0.104,0.090,-0.214,-0.967,0,0,0,0,0,0,0,0,44,1.158,392,0,16.353,1.465,8.640,10.900,8.600,-0.117,0.340,0.937,-0.996,1.074,-0.360,0.000,0.000,1.307,0.979,2,NULL,NULL,,4,0,0,7,255,,0,0,0
stim,1536,1536,0,901198.802,-0.104,0.090,-0.214,-0.967,0,0,0,0,0,0,0,0,44,1.158,392,0,16.393,1.470,8.700,10.960,8.540,-0.118,0.341,0.937,-1.000,1.078,-0.368,0.000,0.000,1.307,0.979,2,NULL,NULL,,4,0,0,7,255,,0,0,0
stim,1536,1536,0,901203.802,-0.104,0.090,-0.214,-0.967,0,0,0,0,0,0,0,0,44,1.158,392,0,16.362,1.472,8.640,10.960,8.540,-0.117,0.341,0.936,-1.002,1.078,-0.370,0.000,0.000,1.307,0.979,2,NULL,NULL,,4,0,0,7,255,,0,0,0
stim,1553,1553,0,901208.802,-0.105,0.090,-0.214,-0.967,0,0,0,0,0,0,0,0,44,1.158,392,0,16.362,1.469,8.640,10.960,8.540,-0.119,0.341,0.937,-1.000,1.076,-0.368,0.000,0.000,1.307,0.979,2,NULL,NULL,,4,0,0,7,255,,0,0,0
stim,1553,1553,0,901213.802,-0.105,0.091,-0.214,-0.967,0,0,0,0,0,0,0,0,44,1.158,392,0,16.442,1.469,8.640,11.080,8.540,-0.118,0.340,0.936,-1.000,1.076,-0.370,0.000,0.000,1.307,0.979,2,NULL,NULL,,4,0,0,7,255,,0,0,0
stim,1568,1568,0,901218.803,-0.106,0.091,-0.214,-0.967,0,0,0,0,0,0,0,0,44,1.158,392,0,16.442,1.468,8.640,11.080,8.540,-0.118,0.340,0.936,-0.996,1.078,-0.378,0.000,0.000,1.307,0.979,2,NULL,NULL,,4,0,0,7,255,,0,0,0
stim,1568,1568,0,901223.802,-0.106,0.091,-0.214,-0.967,0,0,0,0,0,0,0,0,44,1.158,392,0,16.465,1.472,8.700,11.020,8.600,-0.117,0.340,0.936,-1.000,1.080,-0.378,0.000,0.000,1.307,0.979,2,NULL,NULL,,4,0,0,7,255,,0,0,0
stim,1568,1568,0,901228.802,-0.106,0.091,-0.214,-0.967,0,0,0,0,0,0,0,0,44,1.158,392,0,16.489,1.480,8.820,10.960,8.600,-0.117,0.340,0.937,-1.010,1.082,-0.378,0.000,0.000,1.307,0.979,2,NULL,NULL,,4,0,0,7,255,,0,0,0
stim,1568,1568,0,901233.802,-0.107,0.091,-0.214,-0.967,0,0,0,0,0,0,0,0,44,1.158,392,0,16.497,1.482,8.760,11.020,8.600,-0.118,0.338,0.937,-1.010,1.084,-0.372,0.000,0.000,1.307,0.979,2,NULL,NULL,,4,0,0,7,255,,0,0,0
stim,1584,1584,0,901238.802,-0.107,0.091,-0.214,-0.967,0,0,0,0,0,0,0,0,44,1.158,392,0,16.528,1.482,8.760,11.020,8.660,-0.117,0.340,0.937,-1.010,1.084,-0.372,0.000,0.000,1.307,0.979,2,NULL,NULL,,4,0,0,7,255,,0,0,0
stim,1584,1584,0,901243.802,-0.107,0.091,-0.214,-0.967,0,0,0,0,0,0,0,0,44,1.158,392,0,16.496,1.485,8.700,11.020,8.660,-0.119,0.339,0.937,-1.006,1.092,-0.368,0.000,0.000,1.307,0.979,2,NULL,NULL,,4,0,0,7,255,,0,0,0
stim,1616,1616,0,901248.802,-0.108,0.091,-0.214,-0.967,0,0,0,0,0,0,0,0,44,1.158,392,0,16.496,1.487,8.700,11.020,8.660,-0.118,0.339,0.938,-1.010,1.092,-0.368,0.000,0.000,1.307,0.979,2,NULL,NULL,,4,0,0,7,255,,0,0,0
stim,1616,1616,0,901253.802,-0.108,0.091,-0.214,-0.967,0,0,0,0,0,0,0,0,44,1.158,392,0,16.433,1.489,8.640,11.020,8.600,-0.119,0.338,0.939,-1.010,1.094,-0.360,0.000,0.000,1.307,0.979,2,NULL,NULL,,4,0,0,7,255,,0,0,0
stim,1616,1616,0,901258.803,-0.109,0.091,-0.214,-0.967,0,0,0,0,0,0,0,0,44,1.158,392,0,16.483,1.496,8.580,11.140,8.600,-0.118,0.338,0.939,-1.010,1.104,-0.356,0.000,0.000,1.307,0.979,2,NULL,NULL,,4,0,0,7,255,,0,0,0
stim,1616,1616,0,901263.802,-0.109,0.091,-0.214,-0.966,0,0,0,0,0,0,0,0,44,1.158,392,0,16.411,1.503,8.520,11.080,8.600,-0.117,0.340,0.938,-1.020,1.104,-0.356,0.000,0.000,1.307,0.979,2,NULL,NULL,,4,0,0,7,255,,0,0,0
stim,1616,1616,0,901268.802,-0.109,0.092,-0.214,-0.966,0,0,0,0,0,0,0,0,44,1.158,392,0,16.389,1.497,8.460,11.140,8.540,-0.118,0.339,0.939,-1.020,1.096,-0.356,0.000,0.000,1.307,0.979,2,NULL,NULL,,4,0,0,7,255,,0,0,0
stim,1616,1616,0,901273.802,-0.110,0.092,-0.214,-0.966,0,0,0,0,0,0,0,0,44,1.158,392,0,16.337,1.494,8.340,11.200,8.480,-0.119,0.338,0.938,-1.016,1.096,-0.356,0.000,0.000,1.307,0.979,2,NULL,NULL,,4,0,0,7,255,,0,0,0
stim,1631,1631,0,901278.802,-0.110,0.092,-0.214,-0.966,0,0,0,0,0,0,0,0,44,1.158,392,0,16.389,1.494,8.280,11.320,8.480,-0.117,0.338,0.937,-1.016,1.096,-0.368,0.000,0.000,1.307,0.979,2,NULL,NULL,,4,0,0,7,255,,0,0,0
stim,1631,1631,0,901283.802,-0.111,0.092,-0.214,-0.966,0,0,0,0,0,0,0,0,44,1.158,392,0,16.389,1.496,8.280,11.320,8.480,-0.118,0.338,0.937,-1.018,1.096,-0.376,0.000,0.000,1.307,0.979,2,NULL,NULL,,4,0,0,7,255,,0,0,0
stim,1632,1632,0,901288.802,-0.111,0.092,-0.214,-0.966,0,0,0,0,0,0,0,0,44,1.158,392,0,16.328,1.496,8.220,11.320,8.420,-0.117,0.338,0.936,-1.020,1.094,-0.380,0.000,0.000,1.307,0.979,2,NULL,NULL,,4,0,0,7,255,,0,0,0
stim,1632,1632,0,901293.802,-0.111,0.092,-0.213,-0.966,0,0,0,0,0,0,0,0,44,1.158,392,0,16.328,1.488,8.220,11.320,8.420,-0.116,0.339,0.936,-1.020,1.084,-0.384,0.000,0.000,1.307,0.979,2,NULL,NULL,,4,0,0,7,255,,0,0,0
stim,1648,1648,0,901298.802,-0.112,0.092,-0.213,-0.966,0,0,0,0,0,0,0,0,44,1.158,392,0,16.358,1.491,8.280,11.320,8.420,-0.116,0.339,0.936,-1.030,1.078,-0.386,0.000,0.000,1.307,0.979,2,NULL,NULL,,4,0,0,7,255,,0,0,0
stim,1648,1648,0,901303.802,-0.112,0.092,-0.213,-0.966,0,0,0,0,0,0,0,0,44,1.158,392,0,16.431,1.492,8.280,11.380,8.480,-0.115,0.339,0.935,-1.034,1.076,-0.386,0.000,0.000,1.307,0.979,2,NULL,NULL,,4,0,0,7,255,,0,0,0
stim,1648,1648,0,901308.802,-0.113,0.092,-0.213,-0.966,0,0,0,0,0,0,0,0,44,1.158,392,0,16.462,1.494,8.280,11.380,8.540,-0.114,0.338,0.934,-1.042,1.070,-0.394,0.000,0.000,1.307,0.979,2,NULL,NULL,,4,0,0,7,255,,0,0,0
stim,1648,1648,0,901313.802,-0.113,0.092,-0.213,-0.966,0,0,0,0,0,0,0,0,44,1.158,392,0,16.493,1.494,8.280,11.380,8.600,-0.115,0.338,0.934,-1.042,1.070,-0.406,0.000,0.000,1.307,0.979,2,NULL,NULL,,4,0,0,7,255,,0,0,0
stim,1648,1648,0,901318.802,-0.113,0.093,-0.213,-0.966,0,0,0,0,0,0,0,0,44,1.158,392,0,16.441,1.496,8.340,11.260,8.600,-0.114,0.338,0.934,-1.046,1.070,-0.408,0.000,0.000,1.307,0.979,2,NULL,NULL,,4,0,0,7,255,,0,0,0
stim,1664,1664,0,901323.802,-0.114,0.093,-0.213,-0.966,0,0,0,0,0,0,0,0,44,1.158,392,0,16.401,1.495,8.280,11.200,8.660,-0.115,0.338,0.935,-1.042,1.072,-0.408,0.000,0.000,1.307,0.979,2,NULL,NULL,,4,0,0,7,255,,0,0,0
stim,1664,1664,0,901328.802,-0.114,0.093,-0.213,-0.966,0,0,0,0,0,0,0,0,44,1.158,392,0,16.401,1.494,8.280,11.200,8.660,-0.115,0.338,0.935,-1.042,1.070,-0.394,0.000,0.000,1.307,0.979,2,NULL,NULL,,4,0,0,7,255,,0,0,0
stim,1681,1681,0,901333.802,-0.115,0.093,-0.213,-0.966,0,0,0,0,0,0,0,0,44,1.158,392,0,16.311,1.495,8.280,11.020,8.720,-0.115,0.338,0.936,-1.042,1.072,-0.394,0.000,0.000,1.307,0.979,2,NULL,NULL,,4,0,0,7,255,,0,0,0
stim,1681,1681,0,901338.802,-0.115,0.093,-0.213,-0.966,0,0,0,0,0,0,0,0,44,1.158,392,0,16.269,1.505,8.340,10.960,8.660,-0.115,0.337,0.937,-1.052,1.076,-0.390,0.000,0.000,1.307,0.979,2,NULL,NULL,,4,0,0,7,255,,0,0,0
stim,1681,1681,0,901343.802,-0.115,0.093,-0.213,-0.966,0,0,0,0,0,0,0,0,44,1.158,392,0,16.198,1.508,8.280,10.900,8.660,-0.114,0.338,0.938,-1.054,1.078,-0.388,0.000,0.000,1.307,0.979,2,NULL,NULL,,4,0,0,7,255,,0,0,0
stim,1681,1681,0,901348.802,-0.116,0.093,-0.213,-0.966,0,0,0,0,0,0,0,0,44,1.158,392,0,16.127,1.510,8.220,10.840,8.660,-0.115,0.339,0.939,-1.058,1.078,-0.378,0.000,0.000,1.307,0.979,2,NULL,NULL,,4,0,0,7,255,,0,0,0
stim,1712,1712,0,901353.802,-0.116,0.093,-0.213,-0.966,0,0,0,0,0,0,0,0,44,1.158,392,0,15.993,1.510,8.100,10.780,8.600,-0.116,0.338,0.939,-1.058,1.078,-0.358,0.000,0.000,1.307,0.979,2,NULL,NULL,,4,0,0,7,255,,0,0,0
stim,1712,1712,0,901358.803,-0.117,0.093,-0.213,-0.966,0,0,0,0,0,0,0,0,44,1.158,392,0,15.900,1.506,7.980,10.780,8.540,-0.114,0.339,0.938,-1.058,1.072,-0.358,0.000,0.000,1.307,0.979,2,NULL,NULL,,4,0,0,7,255,,0,0,0
stim,1712,1712,0,901363.802,-0.117,0.093,-0.213,-0.966,0,0,0,0,0,0,0,0,44,1.158,392,0,15.795,1.501,7.980,10.720,8.420,-0.115,0.339,0.938,-1.052,1.070,-0.364,0.000,0.000,1.307,0.979,2,NULL,NULL,,4,0,0,7,255,,0,0,0
stim,1712,1712,0,901368.802,-0.117,0.093,-0.213,-0.966,0,0,0,0,0,0,0,0,44,1.158,392,0,15.808,1.501,7.860,10.780,8.480,-0.116,0.339,0.938,-1.052,1.070,-0.364,0.000,0.000,1.307,0.979,2,NULL,NULL,,4,0,0,7,255,,0,0,0
stim,1727,1727,0,901373.802,-0.118,0.093,-0.213,-0.965,0,0,0,0,0,0,0,0,44,1.158,392,0,15.717,1.498,7.740,10.780,8.420,-0.115,0.339,0.938,-1.052,1.066,-0.368,0.000,0.000,1.307,0.979,2,NULL,NULL,,4,0,0,7,255,,0,0,0
stim,1727,1727,0,901378.802,-0.118,0.093,-0.213,-0.965,0,0,0,0,0,0,0,0,44,1.158,392,0,15.645,1.491,7.660,10.780,8.360,-0.116,0.341,0.937,-1.048,1.060,-0.364,0.000,0.000,1.307,0.979,2,NULL,NULL,,4,0,0,7,255,,0,0,0
stim,1727,1727,0,901383.802,-0.118,0.093,-0.213,-0.965,0,0,0,0,0,0,0,0,44,1.158,392,0,15.613,1.474,7.660,10.780,8.300,-0.116,0.341,0.935,-1.038,1.046,-0.370,0.000,0.000,1.307,0.979,2,NULL,NULL,,4,0,0,7,255,,0,0,0
stim,1727,1727,0,901388.802,-0.119,0.094,-0.213,-0.965,0,0,0,0,0,0,0,0,44,1.158,392,0,15.584,1.469,7.600,10.780,8.300,-0.117,0.340,0.934,-1.036,1.042,-0.384,0.000,0.000,1.307,0.979,2,NULL,NULL,,4,0,0,7,255,,0,0,0
stim,1727,1727,0,901393.802,-0.119,0.094,-0.212,-0.965,0,0,0,0,0,0,0,0,44,1.158,392,0,15.604,1.461,7.660,10.720,8.360,-0.118,0.341,0.933,-1.026,1.040,-0.392,0.000,0.000,1.307,0.979,2,NULL,NULL,,4,0,0,7,255,,0,0,0
stim,1727,1727,0,901398.802,-0.120,0.094,-0.212,-0.965,0,0,0,0,0,0,0,0,44,1.158,392,0,15.643,1.452,7.740,10.720,8.360,-0.117,0.341,0.933,-1.022,1.032,-0.394,0.000,0.000,1.307,0.979,2,NULL,NULL,,4,0,0,7,255,,0,0,0
stim,1743,1743,0,901403.802,-0.120,0.094,-0.212,-0.965,0,0,0,0,0,0,0,0,44,1.158,392,0,15.630,1.448,7.860,10.660,8.300,-0.116,0.342,0.933,-1.022,1.026,-0.398,0.000,0.000,1.307,0.979,2,NULL,NULL,,4,0,0,7,255,,0,0,0
stim,1744,1744,0,901408.802,-0.120,0.094,-0.212,-0.965,0,0,0,0,0,0,0,0,44,1.158,392,0,15.652,1.448,7.920,10.600,8.360,-0.117,0.341,0.934,-1.022,1.026,-0.398,0.000,0.000,1.307,0.979,2,NULL,NULL,,4,0,0,7,255,,0,0,0
stim,1744,1744,0,901413.802,-0.121,0.094,-0.212,-0.965,0,0,0,0,0,0,0,0,44,1.158,392,0,15.737,1.445,8.040,10.540,8.480,-0.118,0.341,0.932,-1.020,1.024,-0.398,0.000,0.000,1.307,0.979,2,NULL,NULL,,4,0,0,7,255,,0,0,0
stim,1765,1765,0,901418.803,-0.121,0.094,-0.212,-0.965,0,0,0,0,0,0,0,0,44,1.158,392,0,15.695,1.448,8.100,10.480,8.420,-0.117,0.341,0.934,-1.020,1.028,-0.390,0.000,0.000,1.307,0.979,2,NULL,NULL,,4,0,0,7,255,,0,0,0
stim,1765,1765,0,901423.802,-0.122,0.094,-0.212,-0.965,0,0,0,0,0,0,0,0,44,1.158,392,0,15.727,1.444,8.100,10.480,8.480,-0.118,0.342,0.935,-1.014,1.028,-0.386,0.000,0.000,1.307,0.979,2,NULL,NULL,,4,0,0,7,255,,0,0,0
stim,1765,1765,0,901428.802,-0.122,0.094,-0.212,-0.965,0,0,0,0,0,0,0,0,44,1.158,392,0,15.687,1.448,8.100,10.420,8.480,-0.118,0.342,0.936,-1.018,1.030,-0.374,0.000,0.000,1.307,0.979,2,NULL,NULL,,4,0,0,7,255,,0,0,0
stim,1765,1765,0,901433.802,-0.122,0.094,-0.212,-0.965,0,0,0,0,0,0,0,0,44,1.158,392,0,15.758,1.450,8.160,10.480,8.480,-0.118,0.342,0.936,-1.018,1.032,-0.366,0.000,0.000,1.307,0.979,2,NULL,NULL,,4,0,0,7,255,,0,0,0
stim,1781,1781,0,901438.802,-0.123,0.094,-0.212,-0.965,0,0,0,0,0,0,0,0,44,1.158,392,0,15.757,1.450,8.220,10.480,8.420,-0.121,0.342,0.937,-1.018,1.032,-0.366,0.000,0.000,1.307,0.979,2,NULL,NULL,,4,0,0,7,255,,0,0,0
stim,1781,1781,0,901443.802,-0.123,0.094,-0.212,-0.965,0,0,0,0,0,0,0,0,44,1.158,392,0,15.829,1.454,8.220,10.540,8.480,-0.118,0.342,0.939,-1.018,1.038,-0.350,0.000,0.000,1.307,0.979,2,NULL,NULL,,4,0,0,7,255,,0,0,0
stim,1781,1781,0,901448.802,-0.123,0.094,-0.212,-0.965,0,0,0,0,0,0,0,0,44,1.158,392,0,15.869,1.452,8.280,10.600,8.420,-0.119,0.342,0.938,-1.016,1.038,-0.340,0.000,0.000,1.307,0.979,2,NULL,NULL,,4,0,0,7,255,,0,0,0
stim,1826,1826,0,901453.802,-0.124,0.094,-0.212,-0.965,0,0,0,0,0,0,0,0,44,1.158,392,0,15.940,1.452,8.340,10.660,8.420,-0.119,0.342,0.937,-1.016,1.038,-0.340,0.000,0.000,1.307,0.979,2,NULL,NULL,,4,0,0,7,255,,0,0,0
stim,1826,1826,0,901458.803,-0.124,0.095,-0.212,-0.965,0,0,0,0,0,0,0,0,44,1.158,392,0,16.092,1.451,8.400,10.840,8.420,-0.120,0.341,0.938,-1.014,1.038,-0.344,0.000,0.000,1.307,0.979,2,NULL,NULL,,4,0,0,7,255,,0,0,0
stim,1826,1826,0,901463.802,-0.125,0.095,-0.212,-0.965,0,0,0,0,0,0,0,0,44,1.158,392,0,16.092,1.451,8.400,10.840,8.420,-0.120,0.342,0.938,-1.012,1.040,-0.350,0.000,0.000,1.307,0.979,2,NULL,NULL,,4,0,0,7,255,,0,0,0
stim,1826,1826,0,901468.802,-0.125,0.095,-0.212,-0.965,0,0,0,0,0,0,0,0,44,1.158,392,0,16.142,1.457,8.340,10.960,8.420,-0.119,0.340,0.939,-1.014,1.046,-0.346,0.000,0.000,1.307,0.979,2,NULL,NULL,,4,0,0,7,255,,0,0,0
stim,1826,1826,0,901473.802,-0.125,0.095,-0.212,-0.965,0,0,0,0,0,0,0,0,44,1.158,392,0,16.245,1.455,8.460,11.020,8.420,-0.119,0.341,0.938,-1.018,1.040,-0.350,0.000,0.000,1.307,0.979,2,NULL,NULL,,4,0,0,7,255,,0,0,0
stim,1826,1826,0,901478.802,-0.126,0.095,-0.212,-0.965,0,0,0,0,0,0,0,0,44,1.158,392,0,16.317,1.462,8.460,11.080,8.480,-0.118,0.342,0.938,-1.028,1.040,-0.350,0.000,0.000,1.307,0.979,2,NULL,NULL,,4,0,0,7,255,,0,0,0
stim,1847,1847,0,901483.802,-0.126,0.095,-0.212,-0.964,0,0,0,0,0,0,0,0,44,1.158,392,0,16.348,1.460,8.460,11.080,8.540,-0.119,0.341,0.938,-1.024,1.040,-0.350,0.000,0.000,1.307,0.979,2,NULL,NULL,,4,0,0,7,255,,0,0,0
stim,1847,1847,0,901488.802,-0.127,0.095,-0.212,-0.964,0,0,0,0,0,0,0,0,44,1.158,392,0,16.430,1.464,8.460,11.200,8.540,-0.120,0.341,0.939,-1.024,1.046,-0.348,0.000,0.000,1.307,0.979,2,NULL,NULL,,4,0,0,7,255,,0,0,0
stim,1847,1847,0,901493.802,-0.127,0.095,-0.212,-0.964,0,0,0,0,0,0,0,0,44,1.158,392,0,16.461,1.464,8.460,11.200,8.600,-0.119,0.341,0.939,-1.024,1.046,-0.344,0.000,0.000,1.307,0.979,2,NULL,NULL,,4,0,0,7,255,,0,0,0
stim,1847,1847,0,901498.802,-0.127,0.095,-0.212,-0.964,0,0,0,0,0,0,0,0,44,1.158,392,0,16.533,1.469,8.520,11.260,8.600,-0.118,0.342,0.938,-1.032,1.046,-0.344,0.000,0.000,1.307,0.979,2,NULL,NULL,,4,0,0,7,255,,0,0,0
stim,1847,1847,0,901503.802,-0.128,0.095,-0.212,-0.964,0,0,0,0,0,0,0,0,44,1.158,392,0,16.512,1.468,8.400,11.320,8.600,-0.119,0.341,0.938,-1.032,1.044,-0.346,0.000,0.000,1.307,0.979,2,NULL,NULL,,4,0,0,7,255,,0,0,0
stim,1847,1847,0,901508.802,-0.128,0.096,-0.212,-0.964,0,0,0,0,0,0,0,0,44,1.158,392,0,16.585,1.467,8.400,11.380,8.660,-0.119,0.341,0.939,-1.030,1.044,-0.346,0.000,0.000,1.307,0.979,2,NULL,NULL,,4,0,0,7,255,,0,0,0
stim,1848,1848,0,901513.802,-0.129,0.096,-0.212,-0.964,0,0,0,0,0,0,0,0,44,1.158,392,0,16.579,1.465,8.340,11.460,8.600,-0.120,0.341,0.938,-1.028,1.044,-0.348,0.000,0.000,1.307,0.979,2,NULL,NULL,,4,0,0,7,255,,0,0,0
stim,1848,1848,0,901518.802,-0.129,0.096,-0.212,-0.964,0,0,0,0,0,0,0,0,44,1.158,392,0,16.589,1.467,8.340,11.520,8.540,-0.119,0.339,0.937,-1.030,1.044,-0.354,0.000,0.000,1.307,0.979,2,NULL,NULL,,4,0,0,7,255,,0,0,0
stim,1856,1856,0,901523.802,-0.129,0.096,-0.212,-0.964,0,0,0,0,0,0,0,0,44,1.158,392,0,16.692,1.467,8.400,11.580,8.600,-0.118,0.341,0.937,-1.034,1.040,-0.362,0.000,0.000,1.307,0.979,2,NULL,NULL,,4,0,0,7,255,,0,0,0
stim,1856,1856,0,901528.802,-0.130,0.096,-0.211,-0.964,0,0,0,0,0,0,0,0,44,1.158,392,0,16.715,1.468,8.340,11.700,8.540,-0.118,0.340,0.937,-1.038,1.038,-0.366,0.000,0.000,1.307,0.979,2,NULL,NULL,,4,0,0,7,255,,0,0,0
stim,1872,1872,0,901533.802,-0.130,0.096,-0.211,-0.964,0,0,0,0,0,0,0,0,44,1.158,392,0,16.684,1.468,8.340,11.700,8.480,-0.117,0.340,0.936,-1.044,1.032,-0.366,0.000,0.000,1.307,0.979,2,NULL,NULL,,4,0,0,7,255,,0,0,0
stim,1872,1872,0,901538.802,-0.131,0.096,-0.211,-0.964,0,0,0,0,0,0,0,0,44,1.158,392,0,16.828,1.467,8.460,11.820,8.480,-0.116,0.341,0.936,-1.046,1.028,-0.374,0.000,0.000,1.307,0.979,2,NULL,NULL,,4,0,0,7,255,,0,0,0
stim,1888,1888,0,901543.802,-0.131,0.096,-0.211,-0.964,0,0,0,0,0,0,0,0,44,1.158,392,0,16.889,1.467,8.580,11.820,8.480,-0.116,0.340,0.934,-1.054,1.020,-0.378,0.000,0.000,1.307,0.979,2,NULL,NULL,,4,0,0,7,255,,0,0,0
stim,1888,1888,0,901548.802,-0.131,0.096,-0.211,-0.964,0,0,0,0,0,0,0,0,44,1.158,392,0,16.877,1.470,8.580,11.760,8.540,-0.115,0.339,0.935,-1.058,1.020,-0.394,0.000,0.000,1.307,0.979,2,NULL,NULL,,4,0,0,7,255,,0,0,0
stim,1920,1920,0,901553.802,-0.132,0.097,-0.211,-0.964,0,0,0,0,0,0,0,0,44,1.158,392,0,16.938,1.472,8.640,11.760,8.600,-0.116,0.339,0.934,-1.058,1.024,-0.394,0.000,0.000,1.307,0.979,2,NULL,NULL,,4,0,0,7,255,,0,0,0
stim,1920,1920,0,901558.803,-0.132,0.097,-0.211,-0.964,0,0,0,0,0,0,0,0,44,1.158,392,0,16.927,1.477,8.700,11.700,8.600,-0.115,0.339,0.933,-1.064,1.024,-0.398,0.000,0.000,1.307,0.979,2,NULL,NULL,,4,0,0,7,255,,0,0,0
stim,1920,1920,0,901563.802,-0.132,0.097,-0.211,-0.964,0,0,0,0,0,0,0,0,44,1.158,392,0,16.919,1.477,8.900,11.580,8.540,-0.115,0.338,0.934,-1.064,1.024,-0.408,0.000,0.000,1.307,0.979,2,NULL,NULL,,4,0,0,7,255,,0,0,0
stim,1920,1920,0,901568.802,-0.133,0.097,-0.211,-0.963,0,0,0,0,0,0,0,0,44,1.158,392,0,16.897,1.482,8.820,11.520,8.660,-0.114,0.338,0.933,-1.070,1.026,-0.408,0.000,0.000,1.307,0.979,2,NULL,NULL,,4,0,0,7,255,,0,0,0
stim,1920,1920,0,901573.802,-0.133,0.097,-0.211,-0.963,0,0,0,0,0,0,0,0,44,1.158,392,0,16.825,1.491,8.820,11.460,8.600,-0.114,0.338,0.933,-1.082,1.026,-0.416,0.000,0.000,1.307,0.979,2,NULL,NULL,,4,0,0,7,255,,0,0,0
stim,1920,1920,0,901578.802,-0.134,0.097,-0.211,-0.963,0,0,0,0,0,0,0,0,44,1.158,392,0,16.658,1.488,8.760,11.260,8.600,-0.115,0.338,0.932,-1.082,1.022,-0.418,0.000,0.000,1.307,0.979,2,NULL,NULL,,4,0,0,7,255,,0,0,0
stim,1935,1935,0,901583.802,-0.134,0.097,-0.211,-0.963,0,0,0,0,0,0,0,0,44,1.158,392,0,16.577,1.488,8.760,11.140,8.600,-0.114,0.338,0.934,-1.082,1.022,-0.418,0.000,0.000,1.307,0.979,2,NULL,NULL,,4,0,0,7,255,,0,0,0
stim,1935,1935,0,901588.802,-0.134,0.097,-0.211,-0.963,0,0,0,0,0,0,0,0,44,1.158,392,0,16.466,1.488,8.820,11.020,8.480,-0.114,0.338,0.934,-1.082,1.022,-0.410,0.000,0.000,1.307,0.979,2,NULL,NULL,,4,0,0,7,255,,0,0,0
stim,1935,1935,0,901593.802,-0.135,0.097,-0.211,-0.963,0,0,0,0,0,0,0,0,44,1.158,392,0,16.465,1.490,8.760,11.020,8.540,-0.114,0.338,0.933,-1.084,1.022,-0.410,0.000,0.000,1.307,0.979,2,NULL,NULL,,4,0,0,7,255,,0,0,0
stim,1935,1935,0,901598.802,-0.135,0.097,-0.211,-0.963,0,0,0,0,0,0,0,0,44,1.158,392,0,16.353,1.490,8.700,10.900,8.540,-0.114,0.338,0.934,-1.084,1.022,-0.410,0.000,0.000,1.307,0.979,2,NULL,NULL,,4,0,0,7,255,,0,0,0
stim,1952,1952,0,901603.802,-0.136,0.097,-0.211,-0.963,0,0,0,0,0,0,0,0,44,1.158,392,0,16.353,1.490,8.700,10.900,8.540,-0.112,0.336,0.934,-1.084,1.022,-0.418,0.000,0.000,1.307,0.979,2,NULL,NULL,,4,0,0,7,255,,0,0,0
stim,1952,1952,0,901608.802,-0.136,0.098,-0.211,-0.963,0,0,0,0,0,0,0,0,44,1.158,392,0,16.250,1.510,8.580,10.840,8.540,-0.113,0.337,0.935,-1.100,1.034,-0.410,0.000,0.000,1.307,0.979,2,NULL,NULL,,4,0,0,7,255,,0,0,0
stim,1952,1952,0,901613.802,-0.136,0.098,-0.211,-0.963,0,0,0,0,0,0,0,0,44,1.158,392,0,16.274,1.510,8.700,10.780,8.540,-0.114,0.338,0.934,-1.100,1.034,-0.408,0.000,0.000,1.307,0.979,2,NULL,NULL,,4,0,0,7,255,,0,0,0
stim,1952,1952,0,901618.803,-0.137,0.098,-0.211,-0.963,0,0,0,0,0,0,0,0,44,1.158,392,0,16.242,1.511,8.640,10.780,8.540,-0.113,0.336,0.936,-1.100,1.036,-0.404,0.000,0.000,1.307,0.979,2,NULL,NULL,,4,0,0,7,255,,0,0,0
stim,1952,1952,0,901623.802,-0.137,0.098,-0.211,-0.963,0,0,0,0,0,0,0,0,44,1.158,392,0,16.202,1.505,8.640,10.720,8.540,-0.114,0.338,0.936,-1.098,1.030,-0.402,0.000,0.000,1.307,0.979,2,NULL,NULL,,4,0,0,7,255,,0,0,0
stim,1952,1952,0,901628.802,-0.138,0.098,-0.211,-0.963,0,0,0,0,0,0,0,0,44,1.158,392,0,16.202,1.514,8.640,10.720,8.540,-0.114,0.337,0.937,-1.102,1.038,-0.392,0.000,0.000,1.307,0.979,2,NULL,NULL,,4,0,0,7,255,,0,0,0
stim,1967,1967,0,901633.802,-0.138,0.098,-0.211,-0.963,0,0,0,0,0,0,0,0,44,1.158,392,0,16.210,1.510,8.580,10.780,8.540,-0.114,0.337,0.937,-1.098,1.036,-0.388,0.000,0.000,1.307,0.979,2,NULL,NULL,,4,0,0,7,255,,0,0,0
stim,1967,1967,0,901638.802,-0.138,0.098,-0.211,-0.963,0,0,0,0,0,0,0,0,44,1.158,392,0,16.138,1.510,8.520,10.720,8.540,-0.115,0.337,0.938,-1.096,1.038,-0.384,0.000,0.000,1.307,0.979,2,NULL,NULL,,4,0,0,7,255,,0,0,0
stim,1984,1984,0,901643.802,-0.139,0.098,-0.211,-0.963,0,0,0,0,0,0,0,0,44,1.158,392,0,16.067,1.511,8.520,10.660,8.480,-0.114,0.337,0.937,-1.096,1.040,-0.386,0.000,0.000,1.307,0.979,2,NULL,NULL,,4,0,0,7,255,,0,0,0
stim,1984,1984,0,901648.802,-0.139,0.098,-0.211,-0.963,0,0,0,0,0,0,0,0,44,1.158,392,0,15.972,1.509,8.400,10.660,8.420,-0.115,0.337,0.938,-1.092,1.042,-0.378,0.000,0.000,1.307,0.979,2,NULL,NULL,,4,0,0,7,255,,0,0,0
stim,2016,2016,0,901653.802,-0.139,0.098,-0.211,-0.963,0,0,0,0,0,0,0,0,44,1.158,392,0,15.941,1.508,8.280,10.660,8.480,-0.115,0.337,0.937,-1.092,1.040,-0.386,0.000,0.000,1.307,0.979,2,NULL,NULL,,4,0,0,7,255,,0,0,0
stim,2016,2016,0,901658.803,-0.140,0.098,-0.211,-0.962,0,0,0,0,0,0,0,0,44,1.158,392,0,15.941,1.507,8.280,10.660,8.480,-0.115,0.337,0.937,-1.090,1.040,-0.386,0.000,0.000,1.307,0.979,2,NULL,NULL,,4,0,0,7,255,,0,0,0
stim,2016,2016,0,901663.802,-0.140,0.098,-0.211,-0.962,0,0,0,0,0,0,0,0,44,1.158,392,0,15.910,1.502,8.220,10.660,8.480,-0.116,0.338,0.936,-1.088,1.036,-0.386,0.000,0.000,1.307,0.979,2,NULL,NULL,,4,0,0,7,255,,0,0,0
stim,2016,2016,0,901668.802,-0.141,0.098,-0.211,-0.962,0,0,0,0,0,0,0,0,44,1.158,392,0,15.806,1.501,8.160,10.600,8.420,-0.115,0.337,0.937,-1.090,1.032,-0.388,0.000,0.000,1.307,0.979,2,NULL,NULL,,4,0,0,7,255,,0,0,0
stim,2032,2032,0,901673.802,-0.141,0.098,-0.211,-0.962,0,0,0,0,0,0,0,0,44,1.158,392,0,15.838,1.495,8.160,10.600,8.480,-0.116,0.336,0.935,-1.082,1.032,-0.388,0.000,0.000,1.307,0.979,2,NULL,NULL,,4,0,0,7,255,,0,0,0
stim,2032,2032,0,901678.802,-0.141,0.098,-0.211,-0.962,0,0,0,0,0,0,0,0,44,1.158,392,0,15.808,1.495,8.100,10.600,8.480,-0.117,0.337,0.935,-1.082,1.032,-0.400,0.000,0.000,1.307,0.979,2,NULL,NULL,,4,0,0,7,255,,0,0,0
stim,2032,2032,0,901683.802,-0.142,0.099,-0.210,-0.962,0,0,0,0,0,0,0,0,44,1.158,392,0,15.769,1.491,8.040,10.540,8.540,-0.116,0.337,0.934,-1.076,1.032,-0.402,0.000,0.000,1.307,0.979,2,NULL,NULL,,4,0,0,7,255,,0,0,0
stim,2032,2032,0,901688.802,-0.142,0.099,-0.210,-0.962,0,0,0,0,0,0,0,0,44,1.158,392,0,15.760,1.491,8.100,10.480,8.540,-0.117,0.337,0.936,-1.076,1.032,-0.400,0.000,0.000,1.307,0.979,2,NULL,NULL,,4,0,0,7,255,,0,0,0
stim,2032,2032,0,901693.802,-0.143,0.099,-0.210,-0.962,0,0,0,0,0,0,0,0,44,1.158,392,0,15.729,1.487,8.040,10.480,8.540,-0.117,0.338,0.935,-1.076,1.026,-0.396,0.000,0.000,1.307,0.979,2,NULL,NULL,,4,0,0,7,255,,0,0,0
stim,2032,2032,0,901698.802,-0.143,0.099,-0.210,-0.962,0,0,0,0,0,0,0,0,44,1.158,392,0,15.682,1.478,8.040,10.360,8.600,-0.117,0.338,0.935,-1.068,1.022,-0.396,0.000,0.000,1.307,0.979,2,NULL,NULL,,4,0,0,7,255,,0,0,0
stim,2048,2048,0,901703.802,-0.143,0.099,-0.210,-0.962,0,0,0,0,0,0,0,0,44,1.158,392,0,15.619,1.478,7.980,10.360,8.540,-0.117,0.338,0.935,-1.068,1.022,-0.396,0.000,0.000,1.307,0.979,2,NULL,NULL,,4,0,0,7,255,,0,0,0
stim,2048,2048,0,901708.802,-0.144,0.099,-0.210,-0.962,0,0,0,0,0,0,0,0,44,1.158,392,0,15.610,1.477,8.040,10.300,8.540,-0.117,0.339,0.936,-1.066,1.022,-0.392,0.000,0.000,1.307,0.979,2,NULL,NULL,,4,0,0,7,255,,0,0,0
stim,2063,2063,0,901713.802,-0.144,0.099,-0.210,-0.962,0,0,0,0,0,0,0,0,44,1.158,392,0,15.588,1.477,7.920,10.360,8.540,-0.118,0.339,0.937,-1.066,1.022,-0.380,0.000,0.000,1.307,0.979,2,NULL,NULL,,4,0,0,7,255,,0,0,0
stim,2063,2063,0,901718.802,-0.144,0.099,-0.210,-0.962,0,0,0,0,0,0,0,0,44,1.158,392,0,15.591,1.475,7.860,10.360,8.600,-0.119,0.337,0.938,-1.064,1.022,-0.370,0.000,0.000,1.307,0.979,2,NULL,NULL,,4,0,0,7,255,,0,0,0
stim,2063,2063,0,901723.802,-0.145,0.099,-0.210,-0.962,0,0,0,0,0,0,0,0,44,1.158,392,0,15.487,1.470,7.800,10.300,8.540,-0.119,0.340,0.938,-1.056,1.022,-0.370,0.000,0.000,1.307,0.979,2,NULL,NULL,,4,0,0,7,255,,0,0,0
stim,2063,2063,0,901728.802,-0.145,0.099,-0.210,-0.962,0,0,0,0,0,0,0,0,44,1.158,392,0,15.525,1.468,7.860,10.360,8.480,-0.119,0.339,0.938,-1.052,1.024,-0.364,0.000,0.000,1.307,0.979,2,NULL,NULL,,4,0,0,7,255,,0,0,0
stim,2063,2063,0,901733.802,-0.146,0.099,-0.210,-0.962,0,0,0,0,0,0,0,0,44,1.158,392,0,15.535,1.462,7.800,10.420,8.480,-0.120,0.340,0.938,-1.050,1.018,-0.360,0.000,0.000,1.307,0.979,2,NULL,NULL,,4,0,0,7,255,,0,0,0
stim,2063,2063,0,901738.802,-0.146,0.099,-0.210,-0.962,0,0,0,0,0,0,0,0,44,1.158,392,0,15.575,1.460,7.800,10.480,8.480,-0.121,0.339,0.938,-1.040,1.024,-0.356,0.000,0.000,1.307,0.979,2,NULL,NULL,,4,0,0,7,255,,0,0,0
stim,2079,2079,0,901743.802,-0.146,0.099,-0.210,-0.962,0,0,0,0,0,0,0,0,44,1.158,392,0,15.512,1.455,7.740,10.480,8.420,-0.120,0.340,0.938,-1.040,1.018,-0.356,0.000,0.000,1.307,0.979,2,NULL,NULL,,4,0,0,7,255,,0,0,0
stim,2079,2079,0,901748.802,-0.147,0.099,-0.210,-0.962,0,0,0,0,0,0,0,0,44,1.158,392,0,15.481,1.462,7.660,10.540,8.360,-0.121,0.340,0.939,-1.044,1.024,-0.354,0.000,0.000,1.307,0.979,2,NULL,NULL,,4,0,0,7,255,,0,0,0
stim,2115,2115,0,901753.802,-0.147,0.099,-0.210,-0.962,0,0,0,0,0,0,0,0,44,1.158,392,0,15.531,1.458,7.660,10.660,8.300,-0.121,0.341,0.939,-1.044,1.018,-0.340,0.000,0.000,1.307,0.979,2,NULL,NULL,,4,0,0,7,255,,0,0,0
stim,2115,2115,0,901758.803,-0.148,0.099,-0.210,-0.961,0,0,0,0,0,0,0,0,44,1.158,392,0,15.540,1.455,7.660,10.720,8.240,-0.121,0.341,0.940,-1.044,1.014,-0.338,0.000,0.000,1.307,0.979,2,NULL,NULL,,4,0,0,7,255,,0,0,0
stim,2116,2116,0,901763.802,-0.148,0.100,-0.209,-0.961,0,0,0,0,0,0,0,0,44,1.158,392,0,15.539,1.450,7.660,10.780,8.160,-0.121,0.342,0.940,-1.042,1.008,-0.332,0.000,0.000,1.307,0.979,2,NULL,NULL,,4,0,0,7,255,,0,0,0
stim,2116,2116,0,901768.802,-0.148,0.100,-0.209,-0.961,0,0,0,0,0,0,0,0,44,1.158,392,0,15.552,1.454,7.600,10.840,8.160,-0.120,0.341,0.941,-1.044,1.012,-0.328,0.000,0.000,1.307,0.979,2,NULL,NULL,,4,0,0,7,255,,0,0,0
stim,2117,2117,0,901773.802,-0.149,0.100,-0.209,-0.961,0,0,0,0,0,0,0,0,44,1.158,392,0,15.533,1.454,7.540,10.900,8.100,-0.120,0.342,0.941,-1.052,1.004,-0.324,0.000,0.000,1.307,0.979,2,NULL,NULL,,4,0,0,7,255,,0,0,0
stim,2117,2117,0,901778.802,-0.149,0.100,-0.209,-0.961,0,0,0,0,0,0,0,0,44,1.158,392,0,15.649,1.453,7.540,11.020,8.160,-0.119,0.344,0.940,-1.056,0.998,-0.318,0.000,0.000,1.307,0.979,2,NULL,NULL,,4,0,0,7,255,,0,0,0
stim,2117,2117,0,901783.802,-0.149,0.100,-0.209,-0.961,0,0,0,0,0,0,0,0,44,1.158,392,0,15.702,1.439,7.540,11.140,8.100,-0.119,0.344,0.940,-1.056,0.978,-0.318,0.000,0.000,1.307,0.979,2,NULL,NULL,,4,0,0,7,255,,0,0,0
stim,2128,2128,0,901788.802,-0.150,0.100,-0.209,-0.961,0,0,0,0,0,0,0,0,44,1.158,392,0,15.762,1.438,7.600,11.140,8.160,-0.120,0.344,0.939,-1.056,0.976,-0.322,0.000,0.000,1.307,0.979,2,NULL,NULL,,4,0,0,7,255,,0,0,0
stim,2148,2148,0,901793.802,-0.150,0.100,-0.209,-0.961,0,0,0,0,0,0,0,0,44,1.158,392,0,15.805,1.435,7.600,11.200,8.160,-0.118,0.345,0.940,-1.056,0.972,-0.322,0.000,0.000,1.307,0.979,2,NULL,NULL,,4,0,0,7,255,,0,0,0
stim,2148,2148,0,901798.802,-0.151,0.100,-0.209,-0.961,0,0,0,0,0,0,0,0,44,1.158,392,0,15.891,1.438,7.540,11.260,8.300,-0.118,0.343,0.938,-1.064,0.968,-0.322,0.000,0.000,1.307,0.979,2,NULL,NULL,,4,0,0,7,255,,0,0,0
stim,2148,2148,0,901803.802,-0.151,0.100,-0.209,-0.961,0,0,0,0,0,0,0,0,44,1.158,392,0,15.991,1.432,7.660,11.320,8.300,-0.117,0.345,0.939,-1.064,0.958,-0.330,0.000,0.000,1.307,0.979,2,NULL,NULL,,4,0,0,7,255,,0,0,0
stim,2148,2148,0,901808.802,-0.151,0.100,-0.209,-0.961,0,0,0,0,0,0,0,0,44,1.158,392,0,16.103,1.431,7.740,11.380,8.360,-0.117,0.345,0.939,-1.068,0.952,-0.330,0.000,0.000,1.307,0.979,2,NULL,NULL,,4,0,0,7,255,,0,0,0
stim,2149,2149,0,901813.802,-0.152,0.100,-0.209,-0.961,0,0,0,0,0,0,0,0,44,1.158,392,0,16.188,1.434,7.800,11.460,8.360,-0.116,0.346,0.938,-1.072,0.952,-0.330,0.000,0.000,1.307,0.979,2,NULL,NULL,,4,0,0,7,255,,0,0,0
stim,2149,2149,0,901818.803,-0.152,0.101,-0.209,-0.961,0,0,0,0,0,0,0,0,44,1.158,392,0,16.277,1.433,7.920,11.460,8.420,-0.116,0.344,0.938,-1.074,0.948,-0.332,0.000,0.000,1.307,0.979,2,NULL,NULL,,4,0,0,7,255,,0,0,0
stim,2181,2181,0,901823.802,-0.153,0.101,-0.209,-0.961,0,0,0,0,0,0,0,0,44,1.158,392,0,16.398,1.433,8.040,11.460,8.540,-0.117,0.344,0.938,-1.074,0.948,-0.340,0.000,0.000,1.307,0.979,2,NULL,NULL,,4,0,0,7,255,,0,0,0
stim,2181,2181,0,901828.802,-0.153,0.101,-0.209,-0.961,0,0,0,0,0,0,0,0,44,1.158,392,0,16.430,1.433,8.040,11.460,8.600,-0.117,0.346,0.937,-1.074,0.948,-0.340,0.000,0.000,1.307,0.979,2,NULL,NULL,,4,0,0,7,255,,0,0,0
stim,2181,2181,0,901833.802,-0.153,0.101,-0.209,-0.961,0,0,0,0,0,0,0,0,44,1.158,392,0,16.562,1.417,8.160,11.520,8.660,-0.117,0.345,0.936,-1.068,0.932,-0.340,0.000,0.000,1.307,0.979,2,NULL,NULL,,4,0,0,7,255,,0,0,0
stim,2181,2181,0,901838.802,-0.154,0.101,-0.209,-0.961,0,0,0,0,0,0,0,0,44,1.158,392,0,16.663,1.417,8.280,11.580,8.660,-0.117,0.345,0.937,-1.068,0.932,-0.346,0.000,0.000,1.307,0.979,2,NULL,NULL,,4,0,0,7,255,,0,0,0
stim,2181,2181,0,901843.802,-0.154,0.101,-0.209,-0.960,0,0,0,0,0,0,0,0,44,1.158,392,0,16.734,1.417,8.340,11.640,8.660,-0.117,0.346,0.935,-1.068,0.932,-0.354,0.000,0.000,1.307,0.979,2,NULL,NULL,,4,0,0,7,255,,0,0,0
stim,2181,2181,0,901848.802,-0.155,0.101,-0.209,-0.960,0,0,0,0,0,0,0,0,44,1.158,392,0,16.692,1.421,8.400,11.580,8.600,-0.118,0.344,0.935,-1.064,0.942,-0.364,0.000,0.000,1.307,0.979,2,NULL,NULL,,4,0,0,7,255,,0,0,0
stim,2214,2214,0,901853.802,-0.155,0.101,-0.209,-0.960,0,0,0,0,0,0,0,0,44,1.158,392,0,16.722,1.416,8.460,11.580,8.600,-0.117,0.345,0.935,-1.064,0.934,-0.364,0.000,0.000,1.307,0.979,2,NULL,NULL,,4,0,0,7,255,,0,0,0
stim,2214,2214,0,901858.803,-0.155,0.101,-0.209,-0.960,0,0,0,0,0,0,0,0,44,1.158,392,0,16.783,1.423,8.520,11.580,8.660,-0.117,0.343,0.934,-1.066,0.942,-0.364,0.000,0.000,1.307,0.979,2,NULL,NULL,,4,0,0,7,255,,0,0,0
stim,2215,2215,0,901863.802,-0.156,0.102,-0.209,-0.960,0,0,0,0,0,0,0,0,44,1.158,392,0,16.814,1.424,8.580,11.580,8.660,-0.117,0.342,0.935,-1.068,0.942,-0.378,0.000,0.000,1.307,0.979,2,NULL,NULL,,4,0,0,7,255,,0,0,0
stim,2215,2215,0,901868.802,-0.156,0.102,-0.209,-0.960,0,0,0,0,0,0,0,0,44,1.158,392,0,16.906,1.424,8.700,11.580,8.720,-0.117,0.344,0.933,-1.068,0.942,-0.378,0.000,0.000,1.307,0.979,2,NULL,NULL,,4,0,0,7,255,,0,0,0
stim,2215,2215,0,901873.802,-0.156,0.102,-0.209,-0.960,0,0,0,0,0,0,0,0,44,1.158,392,0,16.897,1.427,8.820,11.520,8.660,-0.117,0.343,0.934,-1.072,0.942,-0.384,0.000,0.000,1.307,0.979,2,NULL,NULL,,4,0,0,7,255,,0,0,0
stim,2216,2216,0,901878.802,-0.157,0.102,-0.209,-0.960,0,0,0,0,0,0,0,0,44,1.158,392,0,16.928,1.425,8.820,11.520,8.720,-0.116,0.343,0.933,-1.076,0.934,-0.386,0.000,0.000,1.307,0.979,2,NULL,NULL,,4,0,0,7,255,,0,0,0
stim,2225,2225,0,901883.802,-0.157,0.102,-0.209,-0.960,0,0,0,0,0,0,0,0,44,1.158,392,0,17.001,1.435,8.960,11.520,8.720,-0.116,0.342,0.934,-1.082,0.942,-0.386,0.000,0.000,1.307,0.979,2,NULL,NULL,,4,0,0,7,255,,0,0,0
stim,2225,2225,0,901888.802,-0.158,0.102,-0.208,-0.960,0,0,0,0,0,0,0,0,44,1.158,392,0,16.906,1.438,8.960,11.380,8.720,-0.115,0.342,0.934,-1.086,0.942,-0.394,0.000,0.000,1.307,0.979,2,NULL,NULL,,4,0,0,7,255,,0,0,0
stim,2247,2247,0,901893.802,-0.158,0.102,-0.208,-0.960,0,0,0,0,0,0,0,0,44,1.158,392,0,16.938,1.449,9.020,11.380,8.720,-0.115,0.341,0.934,-1.098,0.946,-0.394,0.000,0.000,1.307,0.979,2,NULL,NULL,,4,0,0,7,255,,0,0,0
stim,2247,2247,0,901898.802,-0.158,0.102,-0.208,-0.960,0,0,0,0,0,0,0,0,44,1.158,392,0,16.890,1.449,9.080,11.260,8.720,-0.116,0.342,0.935,-1.098,0.946,-0.394,0.000,0.000,1.307,0.979,2,NULL,NULL,,4,0,0,7,255,,0,0,0
stim,2247,2247,0,901903.802,-0.159,0.102,-0.208,-0.960,0,0,0,0,0,0,0,0,44,1.158,392,0,16.858,1.453,9.020,11.260,8.720,-0.116,0.340,0.935,-1.100,0.950,-0.392,0.000,0.000,1.307,0.979,2,NULL,NULL,,4,0,0,7,255,,0,0,0
stim,2247,2247,0,901908.802,-0.159,0.103,-0.208,-0.960,0,0,0,0,0,0,0,0,44,1.158,392,0,16.809,1.464,9.020,11.140,8.780,-0.115,0.339,0.935,-1.100,0.966,-0.390,0.000,0.000,1.307,0.979,2,NULL,NULL,,4,0,0,7,255,,0,0,0
stim,2258,2258,0,901913.802,-0.160,0.103,-0.208,-0.959,0,0,0,0,0,0,0,0,44,1.158,392,0,16.778,1.471,9.020,11.140,8.720,-0.116,0.339,0.935,-1.106,0.970,-0.392,0.000,0.000,1.307,0.979,2,NULL,NULL,,4,0,0,7,255,,0,0,0
stim,2258,2258,0,901918.802,-0.160,0.103,-0.208,-0.959,0,0,0,0,0,0,0,0,44,1.158,392,0,16.675,1.474,8.960,11.080,8.660,-0.116,0.338,0.935,-1.106,0.974,-0.394,0.000,0.000,1.307,0.979,2,NULL,NULL,,4,0,0,7,255,,0,0,0
stim,2258,2258,0,901923.802,-0.160,0.103,-0.208,-0.959,0,0,0,0,0,0,0,0,44,1.158,392,0,16.644,1.474,8.960,11.080,8.600,-0.116,0.339,0.935,-1.106,0.974,-0.396,0.000,0.000,1.307,0.979,2,NULL,NULL,,4,0,0,7,255,,0,0,0
stim,2259,2259,0,901928.802,-0.161,0.103,-0.208,-0.959,0,0,0,0,0,0,0,0,44,1.158,392,0,16.603,1.471,8.900,11.020,8.660,-0.116,0.339,0.933,-1.104,0.972,-0.396,0.000,0.000,1.307,0.979,2,NULL,NULL,,4,0,0,7,255,,0,0,0
stim,2259,2259,0,901933.802,-0.161,0.103,-0.208,-0.959,0,0,0,0,0,0,0,0,44,1.158,392,0,16.529,1.472,8.820,11.020,8.600,-0.116,0.336,0.934,-1.106,0.972,-0.408,0.000,0.000,1.307,0.979,2,NULL,NULL,,4,0,0,7,255,,0,0,0
stim,2271,2271,0,901938.802,-0.162,0.103,-0.208,-0.959,0,0,0,0,0,0,0,0,44,1.158,392,0,16.538,1.467,8.820,11.080,8.540,-0.116,0.339,0.933,-1.102,0.968,-0.408,0.000,0.000,1.307,0.979,2,NULL,NULL,,4,0,0,7,255,,0,0,0
stim,2271,2271,0,901943.802,-0.162,0.103,-0.208,-0.959,0,0,0,0,0,0,0,0,44,1.158,392,0,16.465,1.476,8.760,11.020,8.540,-0.116,0.337,0.933,-1.104,0.980,-0.410,0.000,0.000,1.307,0.979,2,NULL,NULL,,4,0,0,7,255,,0,0,0
stim,2319,2319,0,901948.802,-0.162,0.103,-0.208,-0.959,0,0,0,0,0,0,0,0,44,1.158,392,0,16.362,1.476,8.700,10.960,8.480,-0.116,0.337,0.934,-1.104,0.980,-0.410,0.000,0.000,1.307,0.979,2,NULL,NULL,,4,0,0,7,255,,0,0,0
stim,2320,2320,0,901953.802,-0.163,0.103,-0.208,-0.959,0,0,0,0,0,0,0,0,44,1.158,392,0,16.353,1.481,8.700,10.900,8.540,-0.115,0.336,0.934,-1.110,0.980,-0.412,0.000,0.000,1.307,0.979,2,NULL,NULL,,4,0,0,7,255,,0,0,0
stim,2320,2320,0,901958.803,-0.163,0.103,-0.208,-0.959,0,0,0,0,0,0,0,0,44,1.158,392,0,16.290,1.492,8.580,10.900,8.540,-0.115,0.336,0.934,-1.122,0.984,-0.412,0.000,0.000,1.307,0.979,2,NULL,NULL,,4,0,0,7,255,,0,0,0
stim,2320,2320,0,901963.802,-0.163,0.103,-0.208,-0.959,0,0,0,0,0,0,0,0,44,1.158,392,0,16.281,1.494,8.640,10.840,8.540,-0.116,0.336,0.933,-1.122,0.986,-0.416,0.000,0.000,1.307,0.979,2,NULL,NULL,,4,0,0,7,255,,0,0,0
stim,2320,2320,0,901968.802,-0.164,0.104,-0.208,-0.959,0,0,0,0,0,0,0,0,44,1.158,392,0,16.242,1.488,8.640,10.780,8.540,-0.115,0.337,0.933,-1.116,0.984,-0.416,0.000,0.000,1.307,0.979,2,NULL,NULL,,4,0,0,7,255,,0,0,0
stim,2320,2320,0,901973.802,-0.164,0.104,-0.208,-0.959,0,0,0,0,0,0,0,0,44,1.158,392,0,16.202,1.489,8.640,10.720,8.540,-0.115,0.336,0.934,-1.116,0.986,-0.418,0.000,0.000,1.307,0.979,2,NULL,NULL,,4,0,0,7,255,,0,0,0
stim,2336,2336,0,901978.802,-0.165,0.104,-0.208,-0.959,0,0,0,0,0,0,0,0,44,1.158,392,0,16.162,1.494,8.640,10.660,8.540,-0.115,0.335,0.936,-1.120,0.988,-0.416,0.000,0.000,1.307,0.979,2,NULL,NULL,,4,0,0,7,255,,0,0,0
stim,2336,2336,0,901983.802,-0.165,0.104,-0.208,-0.958,0,0,0,0,0,0,0,0,44,1.158,392,0,16.098,1.497,8.520,10.660,8.540,-0.116,0.336,0.936,-1.120,0.994,-0.404,0.000,0.000,1.307,0.979,2,NULL,NULL,,4,0,0,7,255,,0,0,0
stim,2336,2336,0,901988.802,-0.165,0.104,-0.208,-0.958,0,0,0,0,0,0,0,0,44,1.158,392,0,16.027,1.497,8.460,10.600,8.540,-0.117,0.337,0.937,-1.120,0.994,-0.392,0.000,0.000,1.307,0.979,2,NULL,NULL,,4,0,0,7,255,,0,0,0
stim,2336,2336,0,901993.802,-0.166,0.104,-0.208,-0.958,0,0,0,0,0,0,0,0,44,1.158,392,0,15.987,1.497,8.460,10.540,8.540,-0.117,0.336,0.938,-1.120,0.994,-0.384,0.000,0.000,1.307,0.979,2,NULL,NULL,,4,0,0,7,255,,0,0,0
stim,2336,2336,0,901998.802,-0.166,0.104,-0.208,-0.958,0,0,0,0,0,0,0,0,44,1.158,392,0,15.861,1.506,8.280,10.540,8.480,-0.117,0.337,0.940,-1.124,1.002,-0.372,0.000,0.000,1.307,0.979,2,NULL,NULL,,4,0,0,7,255,,0,0,0
stim,2336,2336,0,902003.802,-0.167,0.104,-0.208,-0.958,0,0,0,0,0,0,0,0,44,1.158,392,0,15.798,1.507,8.160,10.540,8.480,-0.116,0.337,0.941,-1.126,1.002,-0.356,0.000,0.000,1.307,0.979,2,NULL,NULL,,4,0,0,7,255,,0,0,0
stim,2352,2352,0,902008.802,-0.167,0.104,-0.208,-0.958,0,0,0,0,0,0,0,0,44,1.158,392,0,15.674,1.510,7.980,10.540,8.420,-0.116,0.337,0.941,-1.132,1.000,-0.350,0.000,0.000,1.307,0.979,2,NULL,NULL,,4,0,0,7,255,,0,0,0
stim,2352,2352,0,902013.802,-0.167,0.104,-0.208,-0.958,0,0,0,0,0,0,0,0,44,1.158,392,0,15.551,1.508,7.800,10.540,8.360,-0.116,0.338,0.940,-1.132,0.996,-0.346,0.000,0.000,1.307,0.979,2,NULL,NULL,,4,0,0,7,255,,0,0,0
stim,2367,2367,0,902018.803,-0.168,0.104,-0.208,-0.958,0,0,0,0,0,0,0,0,44,1.158,392,0,15.563,1.505,7.660,10.660,8.360,-0.117,0.337,0.940,-1.128,0.996,-0.346,0.000,0.000,1.307,0.979,2,NULL,NULL,,4,0,0,7,255,,0,0,0
stim,2367,2367,0,902023.802,-0.168,0.104,-0.208,-0.958,0,0,0,0,0,0,0,0,44,1.158,392,0,15.472,1.494,7.540,10.660,8.300,-0.117,0.339,0.939,-1.122,0.986,-0.348,0.000,0.000,1.307,0.979,2,NULL,NULL,,4,0,0,7,255,,0,0,0
stim,2367,2367,0,902028.802,-0.168,0.104,-0.208,-0.958,0,0,0,0,0,0,0,0,44,1.158,392,0,15.484,1.482,7.480,10.720,8.300,-0.117,0.339,0.938,-1.114,0.978,-0.350,0.000,0.000,1.307,0.979,2,NULL,NULL,,4,0,0,7,255,,0,0,0
stim,2367,2367,0,902033.802,-0.169,0.104,-0.207,-0.958,0,0,0,0,0,0,0,0,44,1.158,392,0,15.408,1.477,7.300,10.780,8.240,-0.118,0.339,0.936,-1.114,0.970,-0.364,0.000,0.000,1.307,0.979,2,NULL,NULL,,4,0,0,7,255,,0,0,0
stim,2384,2384,0,902038.802,-0.169,0.104,-0.207,-0.958,0,0,0,0,0,0,0,0,44,1.158,392,0,15.408,1.473,7.300,10.780,8.240,-0.117,0.339,0.937,-1.110,0.968,-0.370,0.000,0.000,1.307,0.979,2,NULL,NULL,,4,0,0,7,255,,0,0,0
stim,2384,2384,0,902043.802,-0.170,0.105,-0.207,-0.958,0,0,0,0,0,0,0,0,44,1.158,392,0,15.464,1.457,7.240,10.900,8.240,-0.118,0.340,0.936,-1.096,0.960,-0.378,0.000,0.000,1.307,0.979,2,NULL,NULL,,4,0,0,7,255,,0,0,0
stim,2384,2384,0,902048.802,-0.170,0.105,-0.207,-0.958,0,0,0,0,0,0,0,0,44,1.158,392,0,15.482,1.461,7.300,10.840,8.300,-0.116,0.340,0.935,-1.108,0.952,-0.380,0.000,0.000,1.307,0.979,2,NULL,NULL,,4,0,0,7,255,,0,0,0
stim,2417,2417,0,902053.802,-0.170,0.105,-0.207,-0.958,0,0,0,0,0,0,0,0,44,1.158,392,0,15.510,1.446,7.360,10.840,8.300,-0.117,0.341,0.935,-1.096,0.944,-0.382,0.000,0.000,1.307,0.979,2,NULL,NULL,,4,0,0,7,255,,0,0,0
stim,2418,2418,0,902058.806,-0.171,0.105,-0.207,-0.958,0,0,0,0,0,0,0,0,44,1.158,392,0,15.529,1.440,7.420,10.780,8.360,-0.117,0.341,0.935,-1.098,0.932,-0.382,0.000,0.000,1.307,0.979,2,NULL,NULL,,4,0,0,7,255,,0,0,0
stim,2418,2418,0,902063.802,-0.171,0.105,-0.207,-0.958,0,0,0,0,0,0,0,0,44,1.158,392,0,15.545,1.436,7.540,10.720,8.360,-0.118,0.341,0.933,-1.094,0.930,-0.382,0.000,0.000,1.307,0.979,2,NULL,NULL,,4,0,0,7,255,,0,0,0
stim,2418,2418,0,902068.802,-0.172,0.105,-0.207,-0.957,0,0,0,0,0,0,0,0,44,1.158,392,0,15.636,1.435,7.660,10.720,8.420,-0.117,0.342,0.935,-1.094,0.928,-0.382,0.000,0.000,1.307,0.979,2,NULL,NULL,,4,0,0,7,255,,0,0,0
stim,2419,2419,0,902073.802,-0.172,0.105,-0.207,-0.957,0,0,0,0,0,0,0,0,44,1.158,392,0,15.635,1.425,7.740,10.660,8.420,-0.119,0.342,0.936,-1.082,0.928,-0.376,0.000,0.000,1.307,0.979,2,NULL,NULL,,4,0,0,7,255,,0,0,0
stim,2419,2419,0,902078.802,-0.172,0.105,-0.207,-0.957,0,0,0,0,0,0,0,0,44,1.158,392,0,15.684,1.425,7.920,10.600,8.420,-0.119,0.343,0.937,-1.082,0.928,-0.366,0.000,0.000,1.307,0.979,2,NULL,NULL,,4,0,0,7,255,,0,0,0
stim,2419,2419,0,902083.802,-0.173,0.105,-0.207,-0.957,0,0,0,0,0,0,0,0,44,1.158,392,0,15.714,1.424,7.980,10.600,8.420,-0.120,0.343,0.938,-1.080,0.928,-0.356,0.000,0.000,1.307,0.979,2,NULL,NULL,,4,0,0,7,255,,0,0,0
stim,2431,2431,0,902088.802,-0.173,0.105,-0.207,-0.957,0,0,0,0,0,0,0,0,44,1.158,392,0,15.755,1.424,7.980,10.660,8.420,-0.119,0.344,0.939,-1.080,0.928,-0.342,0.000,0.000,1.307,0.979,2,NULL,NULL,,4,0,0,7,255,,0,0,0
stim,2431,2431,0,902093.802,-0.173,0.105,-0.207,-0.957,0,0,0,0,0,0,0,0,44,1.158,392,0,15.794,1.427,8.040,10.720,8.360,-0.120,0.343,0.938,-1.080,0.932,-0.334,0.000,0.000,1.307,0.979,2,NULL,NULL,,4,0,0,7,255,,0,0,0
stim,2431,2431,0,902098.802,-0.174,0.105,-0.207,-0.957,0,0,0,0,0,0,0,0,44,1.158,392,0,15.855,1.430,8.160,10.720,8.360,-0.119,0.344,0.940,-1.088,0.928,-0.330,0.000,0.000,1.307,0.979,2,NULL,NULL,,4,0,0,7,255,,0,0,0
stim,2431,2431,0,902103.802,-0.174,0.105,-0.207,-0.957,0,0,0,0,0,0,0,0,44,1.158,392,0,15.906,1.425,8.100,10.840,8.360,-0.120,0.344,0.939,-1.082,0.928,-0.322,0.000,0.000,1.307,0.979,2,NULL,NULL,,4,0,0,7,255,,0,0,0
stim,2431,2431,0,902108.802,-0.175,0.105,-0.206,-0.957,0,0,0,0,0,0,0,0,44,1.158,392,0,15.978,1.423,8.160,10.900,8.360,-0.120,0.344,0.939,-1.082,0.924,-0.322,0.000,0.000,1.307,0.979,2,NULL,NULL,,4,0,0,7,255,,0,0,0
stim,2447,2447,0,902113.802,-0.175,0.106,-0.206,-0.957,0,0,0,0,0,0,0,0,44,1.158,392,0,16.049,1.420,8.280,10.960,8.300,-0.118,0.344,0.939,-1.082,0.920,-0.326,0.000,0.000,1.307,0.979,2,NULL,NULL,,4,0,0,7,255,,0,0,0
stim,2447,2447,0,902118.802,-0.175,0.106,-0.206,-0.957,0,0,0,0,0,0,0,0,44,1.158,392,0,16.100,1.428,8.220,11.080,8.300,-0.118,0.344,0.938,-1.096,0.916,-0.328,0.000,0.000,1.307,0.979,2,NULL,NULL,,4,0,0,7,255,,0,0,0
stim,2464,2464,0,902123.802,-0.176,0.106,-0.206,-0.957,0,0,0,0,0,0,0,0,44,1.158,392,0,16.265,1.428,8.340,11.140,8.420,-0.118,0.344,0.938,-1.096,0.916,-0.336,0.000,0.000,1.307,0.979,2,NULL,NULL,,4,0,0,7,255,,0,0,0
stim,2464,2464,0,902128.802,-0.176,0.106,-0.206,-0.957,0,0,0,0,0,0,0,0,44,1.158,392,0,16.358,1.428,8.520,11.140,8.420,-0.118,0.342,0.938,-1.096,0.916,-0.336,0.000,0.000,1.307,0.979,2,NULL,NULL,,4,0,0,7,255,,0,0,0
stim,2480,2480,0,902133.802,-0.176,0.106,-0.206,-0.957,0,0,0,0,0,0,0,0,44,1.158,392,0,16.451,1.437,8.580,11.140,8.540,-0.118,0.342,0.938,-1.100,0.924,-0.346,0.000,0.000,1.307,0.979,2,NULL,NULL,,4,0,0,7,255,,0,0,0
stim,2480,2480,0,902138.802,-0.177,0.106,-0.206,-0.957,0,0,0,0,0,0,0,0,44,1.158,392,0,16.586,1.437,8.640,11.200,8.660,-0.118,0.343,0.937,-1.100,0.924,-0.348,0.000,0.000,1.307,0.979,2,NULL,NULL,,4,0,0,7,255,,0,0,0
stim,2480,2480,0,902143.802,-0.177,0.106,-0.206,-0.956,0,0,0,0,0,0,0,0,44,1.158,392,0,16.648,1.438,8.700,11.200,8.720,-0.118,0.342,0.938,-1.102,0.924,-0.348,0.000,0.000,1.307,0.979,2,NULL,NULL,,4,0,0,7,255,,0,0,0
stim,2480,2480,0,902148.802,-0.178,0.106,-0.206,-0.956,0,0,0,0,0,0,0,0,44,1.158,392,0,16.680,1.436,8.700,11.200,8.780,-0.118,0.343,0.938,-1.102,0.920,-0.346,0.000,0.000,1.307,0.979,2,NULL,NULL,,4,0,0,7,255,,0,0,0
stim,2514,2514,0,902153.802,-0.178,0.106,-0.206,-0.956,0,0,0,0,0,0,0,0,44,1.158,392,0,16.711,1.438,8.760,11.200,8.780,-0.120,0.342,0.938,-1.102,0.924,-0.346,0.000,0.000,1.307,0.979,2,NULL,NULL,,4,0,0,7,255,,0,0,0
stim,2514,2514,0,902158.806,-0.178,0.106,-0.206,-0.956,0,0,0,0,0,0,0,0,44,1.158,392,0,16.752,1.441,8.700,11.260,8.840,-0.120,0.342,0.938,-1.096,0.936,-0.344,0.000,0.000,1.307,0.979,2,NULL,NULL,,4,0,0,7,255,,0,0,0
stim,2515,2515,0,902163.802,-0.179,0.107,-0.206,-0.956,0,0,0,0,0,0,0,0,44,1.158,392,0,16.752,1.435,8.760,11.260,8.780,-0.120,0.342,0.937,-1.088,0.936,-0.346,0.000,0.000,1.307,0.979,2,NULL,NULL,,4,0,0,7,255,,0,0,0
stim,2515,2515,0,902168.802,-0.179,0.107,-0.206,-0.956,0,0,0,0,0,0,0,0,44,1.158,392,0,16.832,1.434,8.760,11.380,8.780,-0.120,0.343,0.937,-1.090,0.932,-0.350,0.000,0.000,1.307,0.979,2,NULL,NULL,,4,0,0,7,255,,0,0,0
stim,2515,2515,0,902173.802,-0.180,0.107,-0.206,-0.956,0,0,0,0,0,0,0,0,44,1.158,392,0,16.918,1.433,8.820,11.460,8.780,-0.119,0.341,0.938,-1.090,0.930,-0.354,0.000,0.000,1.307,0.979,2,NULL,NULL,,4,0,0,7,255,,0,0,0
stim,2515,2515,0,902178.802,-0.180,0.107,-0.206,-0.956,0,0,0,0,0,0,0,0,44,1.158,392,0,16.959,1.440,8.820,11.520,8.780,-0.119,0.341,0.937,-1.100,0.930,-0.354,0.000,0.000,1.307,0.979,2,NULL,NULL,,4,0,0,7,255,,0,0,0
stim,2527,2527,0,902183.802,-0.180,0.107,-0.206,-0.956,0,0,0,0,0,0,0,0,44,1.158,392,0,16.999,1.445,8.820,11.580,8.780,-0.119,0.339,0.936,-1.106,0.930,-0.358,0.000,0.000,1.307,0.979,2,NULL,NULL,,4,0,0,7,255,,0,0,0
stim,2527,2527,0,902188.802,-0.181,0.107,-0.206,-0.956,0,0,0,0,0,0,0,0,44,1.158,392,0,17.040,1.447,8.820,11.640,8.780,-0.118,0.340,0.935,-1.108,0.930,-0.376,0.000,0.000,1.307,0.979,2,NULL,NULL,,4,0,0,7,255,,0,0,0
stim,2543,2543,0,902193.802,-0.181,0.107,-0.206,-0.956,0,0,0,0,0,0,0,0,44,1.158,392,0,17.155,1.449,9.020,11.700,8.720,-0.118,0.340,0.936,-1.110,0.932,-0.376,0.000,0.000,1.307,0.979,2,NULL,NULL,,4,0,0,7,255,,0,0,0
stim,2543,2543,0,902198.802,-0.182,0.107,-0.206,-0.956,0,0,0,0,0,0,0,0,44,1.158,392,0,17.185,1.452,9.020,11.700,8.780,-0.116,0.339,0.935,-1.118,0.926,-0.386,0.000,0.000,1.307,0.979,2,NULL,NULL,,4,0,0,7,255,,0,0,0
stim,2543,2543,0,902203.802,-0.182,0.108,-0.206,-0.955,0,0,0,0,0,0,0,0,44,1.158,392,0,17.289,1.460,9.140,11.760,8.780,-0.117,0.339,0.935,-1.124,0.932,-0.388,0.000,0.000,1.307,0.979,2,NULL,NULL,,4,0,0,7,255,,0,0,0
stim,2543,2543,0,902208.802,-0.182,0.108,-0.206,-0.955,0,0,0,0,0,0,0,0,44,1.158,392,0,17.279,1.462,9.140,11.700,8.840,-0.117,0.339,0.935,-1.126,0.932,-0.388,0.000,0.000,1.307,0.979,2,NULL,NULL,,4,0,0,7,255,,0,0,0
stim,2560,2560,0,902213.802,-0.183,0.108,-0.206,-0.955,0,0,0,0,0,0,0,0,44,1.158,392,0,17.249,1.462,9.140,11.700,8.780,-0.118,0.337,0.935,-1.126,0.932,-0.388,0.000,0.000,1.307,0.979,2,NULL,NULL,,4,0,0,7,255,,0,0,0
stim,2560,2560,0,902218.803,-0.183,0.108,-0.206,-0.955,0,0,0,0,0,0,0,0,44,1.158,392,0,17.232,1.472,9.260,11.580,8.780,-0.117,0.337,0.936,-1.126,0.948,-0.392,0.000,0.000,1.307,0.979,2,NULL,NULL,,4,0,0,7,255,,0,0,0
stim,2560,2560,0,902223.802,-0.184,0.108,-0.206,-0.955,0,0,0,0,0,0,0,0,44,1.158,392,0,17.159,1.480,9.200,11.520,8.780,-0.117,0.338,0.936,-1.136,0.948,-0.392,0.000,0.000,1.307,0.979,2,NULL,NULL,,4,0,0,7,255,,0,0,0
stim,2560,2560,0,902228.802,-0.184,0.108,-0.206,-0.955,0,0,0,0,0,0,0,0,44,1.158,392,0,17.024,1.480,9.080,11.460,8.720,-0.117,0.337,0.936,-1.136,0.948,-0.390,0.000,0.000,1.307,0.979,2,NULL,NULL,,4,0,0,7,255,,0,0,0
stim,2580,2580,0,902233.802,-0.184,0.108,-0.206,-0.955,0,0,0,0,0,0,0,0,44,1.158,392,0,16.970,1.481,9.080,11.380,8.720,-0.117,0.337,0.936,-1.138,0.948,-0.390,0.000,0.000,1.307,0.979,2,NULL,NULL,,4,0,0,7,255,,0,0,0
stim,2580,2580,0,902238.802,-0.185,0.108,-0.206,-0.955,0,0,0,0,0,0,0,0,44,1.158,392,0,16.844,1.490,8.900,11.380,8.660,-0.117,0.336,0.935,-1.146,0.952,-0.392,0.000,0.000,1.307,0.979,2,NULL,NULL,,4,0,0,7,255,,0,0,0
stim,2613,2613,0,902243.802,-0.185,0.108,-0.206,-0.955,0,0,0,0,0,0,0,0,44,1.158,392,0,16.699,1.489,8.820,11.320,8.540,-0.115,0.336,0.936,-1.146,0.950,-0.402,0.000,0.000,1.307,0.979,2,NULL,NULL,,4,0,0,7,255,,0,0,0
stim,2613,2613,0,902248.802,-0.186,0.108,-0.206,-0.955,0,0,0,0,0,0,0,0,44,1.158,392,0,16.667,1.492,8.700,11.320,8.600,-0.118,0.336,0.936,-1.146,0.956,-0.402,0.000,0.000,1.307,0.979,2,NULL,NULL,,4,0,0,7,255,,0,0,0
stim,2613,2613,0,902253.802,-0.186,0.109,-0.206,-0.955,0,0,0,0,0,0,0,0,44,1.158,392,0,16.533,1.501,8.640,11.260,8.480,-0.114,0.336,0.936,-1.162,0.950,-0.400,0.000,0.000,1.307,0.979,2,NULL,NULL,,4,0,0,7,255,,0,0,0
stim,2613,2613,0,902258.802,-0.186,0.109,-0.206,-0.955,0,0,0,0,0,0,0,0,44,1.158,392,0,16.502,1.498,8.520,11.260,8.540,-0.115,0.337,0.935,-1.162,0.946,-0.400,0.000,0.000,1.307,0.979,2,NULL,NULL,,4,0,0,7,255,,0,0,0
stim,2613,2613,0,902263.803,-0.187,0.109,-0.206,-0.954,0,0,0,0,0,0,0,0,44,1.158,392,0,16.512,1.496,8.460,11.320,8.540,-0.115,0.336,0.934,-1.164,0.940,-0.408,0.000,0.000,1.307,0.979,2,NULL,NULL,,4,0,0,7,255,,0,0,0
stim,2613,2613,0,902268.802,-0.187,0.109,-0.206,-0.954,0,0,0,0,0,0,0,0,44,1.158,392,0,16.512,1.495,8.460,11.320,8.540,-0.114,0.336,0.935,-1.164,0.938,-0.408,0.000,0.000,1.307,0.979,2,NULL,NULL,,4,0,0,7,255,,0,0,0
stim,2613,2613,0,902273.802,-0.188,0.109,-0.206,-0.954,0,0,0,0,0,0,0,0,44,1.158,392,0,16.502,1.504,8.520,11.260,8.540,-0.113,0.337,0.935,-1.176,0.938,-0.408,0.000,0.000,1.307,0.979,2,NULL,NULL,,4,0,0,7,255,,0,0,0
stim,2647,2647,0,902278.802,-0.188,0.109,-0.206,-0.954,0,0,0,0,0,0,0,0,44,1.158,392,0,16.512,1.504,8.400,11.320,8.600,-0.115,0.336,0.936,-1.176,0.938,-0.404,0.000,0.000,1.307,0.979,2,NULL,NULL,,4,0,0,7,255,,0,0,0
stim,2647,2647,0,902283.802,-0.188,0.109,-0.206,-0.954,0,0,0,0,0,0,0,0,44,1.158,392,0,16.493,1.498,8.460,11.200,8.660,-0.114,0.337,0.935,-1.176,0.928,-0.404,0.000,0.000,1.307,0.979,2,NULL,NULL,,4,0,0,7,255,,0,0,0
stim,2647,2647,0,902288.802,-0.189,0.109,-0.206,-0.954,0,0,0,0,0,0,0,0,44,1.158,392,0,16.494,1.495,8.400,11.200,8.720,-0.115,0.337,0.936,-1.170,0.930,-0.400,0.000,0.000,1.307,0.979,2,NULL,NULL,,4,0,0,7,255,,0,0,0
stim,2647,2647,0,902293.802,-0.189,0.109,-0.206,-0.954,0,0,0,0,0,0,0,0,44,1.158,392,0,16.412,1.493,8.400,11.080,8.720,-0.116,0.337,0.936,-1.168,0.930,-0.392,0.000,0.000,1.307,0.979,2,NULL,NULL,,4,0,0,7,255,,0,0,0
stim,2647,2647,0,902298.802,-0.189,0.109,-0.205,-0.954,0,0,0,0,0,0,0,0,44,1.158,392,0,16.301,1.494,8.340,10.960,8.720,-0.116,0.336,0.936,-1.164,0.936,-0.392,0.000,0.000,1.307,0.979,2,NULL,NULL,,4,0,0,7,255,,0,0,0
stim,2648,2648,0,902303.802,-0.190,0.109,-0.205,-0.954,0,0,0,0,0,0,0,0,44,1.158,392,0,16.309,1.495,8.340,11.020,8.660,-0.116,0.337,0.937,-1.162,0.940,-0.392,0.000,0.000,1.307,0.979,2,NULL,NULL,,4,0,0,7,255,,0,0,0
stim,2648,2648,0,902308.802,-0.190,0.109,-0.205,-0.954,0,0,0,0,0,0,0,0,44,1.158,392,0,16.208,1.495,8.220,10.960,8.660,-0.118,0.336,0.937,-1.162,0.940,-0.386,0.000,0.000,1.307,0.979,2,NULL,NULL,,4,0,0,7,255,,0,0,0
stim,2649,2649,0,902313.802,-0.191,0.110,-0.205,-0.954,0,0,0,0,0,0,0,0,44,1.158,392,0,16.145,1.491,8.160,10.960,8.600,-0.118,0.337,0.938,-1.152,0.946,-0.384,0.000,0.000,1.307,0.979,2,NULL,NULL,,4,0,0,7,255,,0,0,0
stim,2649,2649,0,902318.802,-0.191,0.110,-0.205,-0.954,0,0,0,0,0,0,0,0,44,1.158,392,0,16.074,1.491,8.100,10.900,8.600,-0.117,0.337,0.936,-1.152,0.946,-0.386,0.000,0.000,1.307,0.979,2,NULL,NULL,,4,0,0,7,255,,0,0,0
stim,2671,2671,0,902323.802,-0.191,0.110,-0.205,-0.954,0,0,0,0,0,0,0,0,44,1.158,392,0,15.950,1.484,7.980,10.900,8.480,-0.117,0.337,0.937,-1.152,0.936,-0.384,0.000,0.000,1.307,0.979,2,NULL,NULL,,4,0,0,7,255,,0,0,0
stim,2671,2671,0,902328.802,-0.192,0.110,-0.205,-0.953,0,0,0,0,0,0,0,0,44,1.158,392,0,15.847,1.486,7.920,10.840,8.420,-0.117,0.337,0.937,-1.154,0.936,-0.386,0.000,0.000,1.307,0.979,2,NULL,NULL,,4,0,0,7,255,,0,0,0
stim,2671,2671,0,902333.802,-0.192,0.110,-0.205,-0.953,0,0,0,0,0,0,0,0,44,1.158,392,0,15.814,1.483,7.980,10.840,8.300,-0.117,0.338,0.936,-1.152,0.934,-0.384,0.000,0.000,1.307,0.979,2,NULL,NULL,,4,0,0,7,255,,0,0,0
stim,2671,2671,0,902338.802,-0.193,0.110,-0.205,-0.953,0,0,0,0,0,0,0,0,44,1.158,392,0,15.795,1.476,7.860,10.900,8.300,-0.116,0.338,0.936,-1.154,0.920,-0.386,0.000,0.000,1.307,0.979,2,NULL,NULL,,4,0,0,7,255,,0,0,0
stim,2688,2688,0,902343.802,-0.193,0.110,-0.205,-0.953,0,0,0,0,0,0,0,0,44,1.158,392,0,15.755,1.473,7.800,10.840,8.360,-0.115,0.339,0.937,-1.154,0.916,-0.384,0.000,0.000,1.307,0.979,2,NULL,NULL,,4,0,0,7,255,,0,0,0
stim,2688,2688,0,902348.802,-0.193,0.110,-0.205,-0.953,0,0,0,0,0,0,0,0,44,1.158,392,0,15.797,1.471,7.800,10.900,8.360,-0.117,0.339,0.937,-1.154,0.912,-0.378,0.000,0.000,1.307,0.979,2,NULL,NULL,,4,0,0,7,255,,0,0,0
stim,2720,2720,0,902353.802,-0.194,0.110,-0.205,-0.953,0,0,0,0,0,0,0,0,44,1.158,392,0,15.797,1.469,7.800,10.900,8.360,-0.116,0.339,0.936,-1.158,0.904,-0.378,0.000,0.000,1.307,0.979,2,NULL,NULL,,4,0,0,7,255,,0,0,0
stim,2720,2720,0,902358.802,-0.194,0.110,-0.205,-0.953,0,0,0,0,0,0,0,0,44,1.158,392,0,15.797,1.463,7.800,10.900,8.360,-0.116,0.341,0.936,-1.152,0.902,-0.374,0.000,0.000,1.307,0.979,2,NULL,NULL,,4,0,0,7,255,,0,0,0
stim,2720,2720,0,902363.803,-0.194,0.110,-0.205,-0.953,0,0,0,0,0,0,0,0,44,1.158,392,0,15.799,1.468,7.740,10.900,8.420,-0.116,0.338,0.938,-1.158,0.902,-0.374,0.000,0.000,1.307,0.979,2,NULL,NULL,,4,0,0,7,255,,0,0,0
stim,2720,2720,0,902368.802,-0.195,0.110,-0.205,-0.953,0,0,0,0,0,0,0,0,44,1.158,392,0,15.829,1.463,7.800,10.900,8.420,-0.115,0.342,0.937,-1.160,0.892,-0.372,0.000,0.000,1.307,0.979,2,NULL,NULL,,4,0,0,7,255,,0,0,0
stim,2720,2720,0,902373.802,-0.195,0.110,-0.204,-0.953,0,0,0,0,0,0,0,0,44,1.158,392,0,15.792,1.455,7.660,10.900,8.480,-0.116,0.342,0.936,-1.160,0.878,-0.372,0.000,0.000,1.307,0.979,2,NULL,NULL,,4,0,0,7,255,,0,0,0
stim,2720,2720,0,902378.802,-0.196,0.110,-0.204,-0.953,0,0,0,0,0,0,0,0,44,1.158,392,0,15.946,1.446,7.740,11.020,8.540,-0.116,0.343,0.936,-1.150,0.876,-0.370,0.000,0.000,1.307,0.979,2,NULL,NULL,,4,0,0,7,255,,0,0,0
stim,2736,2736,0,902383.802,-0.196,0.111,-0.204,-0.953,0,0,0,0,0,0,0,0,44,1.158,392,0,15.890,1.437,7.660,10.900,8.660,-0.116,0.343,0.936,-1.144,0.870,-0.370,0.000,0.000,1.307,0.979,2,NULL,NULL,,4,0,0,7,255,,0,0,0
stim,2736,2736,0,902388.802,-0.196,0.111,-0.204,-0.953,0,0,0,0,0,0,0,0,44,1.158,392,0,15.937,1.437,7.740,10.960,8.600,-0.116,0.341,0.937,-1.144,0.870,-0.366,0.000,0.000,1.307,0.979,2,NULL,NULL,,4,0,0,7,255,,0,0,0
stim,2736,2736,0,902393.802,-0.197,0.111,-0.204,-0.953,0,0,0,0,0,0,0,0,44,1.158,392,0,16.040,1.437,7.800,11.020,8.660,-0.117,0.343,0.936,-1.144,0.870,-0.366,0.000,0.000,1.307,0.979,2,NULL,NULL,,4,0,0,7,255,,0,0,0
stim,2736,2736,0,902398.802,-0.197,0.111,-0.204,-0.952,0,0,0,0,0,0,0,0,44,1.158,392,0,16.052,1.440,7.740,11.080,8.660,-0.117,0.342,0.937,-1.140,0.880,-0.364,0.000,0.000,1.307,0.979,2,NULL,NULL,,4,0,0,7,255,,0,0,0
stim,2752,2752,0,902403.802,-0.198,0.111,-0.204,-0.952,0,0,0,0,0,0,0,0,44,1.158,392,0,15.978,1.439,7.740,11.020,8.600,-0.118,0.342,0.936,-1.140,0.878,-0.366,0.000,0.000,1.307,0.979,2,NULL,NULL,,4,0,0,7,255,,0,0,0
stim,2752,2752,0,902408.802,-0.198,0.111,-0.204,-0.952,0,0,0,0,0,0,0,0,44,1.158,392,0,16.110,1.436,7.860,11.080,8.660,-0.117,0.342,0.936,-1.136,0.878,-0.368,0.000,0.000,1.307,0.979,2,NULL,NULL,,4,0,0,7,255,,0,0,0
stim,2752,2752,0,902413.802,-0.198,0.111,-0.204,-0.952,0,0,0,0,0,0,0,0,44,1.158,392,0,16.078,1.429,7.860,11.080,8.600,-0.117,0.343,0.935,-1.134,0.870,-0.370,0.000,0.000,1.307,0.979,2,NULL,NULL,,4,0,0,7,255,,0,0,0
stim,2752,2752,0,902418.803,-0.199,0.111,-0.204,-0.952,0,0,0,0,0,0,0,0,44,1.158,392,0,16.096,1.426,7.980,11.020,8.600,-0.118,0.343,0.936,-1.134,0.864,-0.370,0.000,0.000,1.307,0.979,2,NULL,NULL,,4,0,0,7,255,,0,0,0
stim,2752,2752,0,902423.802,-0.199,0.111,-0.204,-0.952,0,0,0,0,0,0,0,0,44,1.158,392,0,16.064,1.424,7.980,11.020,8.540,-0.118,0.343,0.936,-1.132,0.864,-0.362,0.000,0.000,1.307,0.979,2,NULL,NULL,,4,0,0,7,255,,0,0,0
stim,2768,2768,0,902428.802,-0.200,0.111,-0.204,-0.952,0,0,0,0,0,0,0,0,44,1.158,392,0,16.021,1.421,8.040,10.960,8.480,-0.118,0.344,0.935,-1.128,0.864,-0.362,0.000,0.000,1.307,0.979,2,NULL,NULL,,4,0,0,7,255,,0,0,0
stim,2768,2768,0,902433.802,-0.200,0.111,-0.204,-0.952,0,0,0,0,0,0,0,0,44,1.158,392,0,15.950,1.417,7.980,10.900,8.480,-0.120,0.343,0.936,-1.122,0.866,-0.360,0.000,0.000,1.307,0.979,2,NULL,NULL,,4,0,0,7,255,,0,0,0
stim,2784,2784,0,902438.802,-0.200,0.111,-0.204,-0.952,0,0,0,0,0,0,0,0,44,1.158,392,0,15.979,1.412,8.100,10.900,8.420,-0.118,0.344,0.935,-1.122,0.858,-0.366,0.000,0.000,1.307,0.979,2,NULL,NULL,,4,0,0,7,255,,0,0,0
stim,2784,2784,0,902443.802,-0.201,0.112,-0.204,-0.952,0,0,0,0,0,0,0,0,44,1.158,392,0,15.979,1.412,8.100,10.900,8.420,-0.119,0.344,0.937,-1.122,0.858,-0.356,0.000,0.000,1.307,0.979,2,NULL,NULL,,4,0,0,7,255,,0,0,0
stim,2815,2815,0,902448.802,-0.201,0.112,-0.204,-0.952,0,0,0,0,0,0,0,0,44,1.158,392,0,15.968,1.412,8.220,10.840,8.360,-0.117,0.344,0.935,-1.124,0.854,-0.368,0.000,0.000,1.307,0.979,2,NULL,NULL,,4,0,0,7,255,,0,0,0
stim,2815,2815,0,902453.802,-0.201,0.112,-0.204,-0.952,0,0,0,0,0,0,0,0,44,1.158,392,0,16.040,1.412,8.220,10.900,8.420,-0.118,0.344,0.936,-1.126,0.852,-0.356,0.000,0.000,1.307,0.979,2,NULL,NULL,,4,0,0,7,255,,0,0,0
stim,2815,2815,0,902458.802,-0.202,0.112,-0.204,-0.951,0,0,0,0,0,0,0,0,44,1.158,392,0,16.040,1.415,8.220,10.900,8.420,-0.117,0.345,0.936,-1.136,0.844,-0.360,0.000,0.000,1.307,0.979,2,NULL,NULL,,4,0,0,7,255,,0,0,0
stim,2815,2815,0,902463.803,-0.202,0.112,-0.204,-0.951,0,0,0,0,0,0,0,0,44,1.158,392,0,16.102,1.413,8.280,10.900,8.480,-0.117,0.345,0.936,-1.136,0.840,-0.360,0.000,0.000,1.307,0.979,2,NULL,NULL,,4,0,0,7,255,,0,0,0
stim,2815,2815,0,902468.802,-0.203,0.112,-0.204,-0.951,0,0,0,0,0,0,0,0,44,1.158,392,0,16.133,1.413,8.340,10.900,8.480,-0.117,0.346,0.935,-1.136,0.840,-0.360,0.000,0.000,1.307,0.979,2,NULL,NULL,,4,0,0,7,255,,0,0,0
stim,2815,2815,0,902473.802,-0.203,0.112,-0.203,-0.951,0,0,0,0,0,0,0,0,44,1.158,392,0,16.164,1.407,8.400,10.900,8.480,-0.117,0.345,0.936,-1.132,0.836,-0.360,0.000,0.000,1.307,0.979,2,NULL,NULL,,4,0,0,7,255,,0,0,0
stim,2831,2831,0,902478.802,-0.203,0.112,-0.203,-0.951,0,0,0,0,0,0,0,0,44,1.158,392,0,16.164,1.407,8.400,10.900,8.480,-0.116,0.344,0.935,-1.132,0.836,-0.362,0.000,0.000,1.307,0.979,2,NULL,NULL,,4,0,0,7,255,,0,0,0
stim,2831,2831,0,902483.802,-0.204,0.112,-0.203,-0.951,0,0,0,0,0,0,0,0,44,1.158,392,0,16.330,1.408,8.520,10.960,8.600,-0.119,0.345,0.936,-1.132,0.838,-0.358,0.000,0.000,1.307,0.979,2,NULL,NULL,,4,0,0,7,255,,0,0,0
stim,2831,2831,0,902488.802,-0.204,0.112,-0.203,-0.951,0,0,0,0,0,0,0,0,44,1.158,392,0,16.299,1.418,8.520,10.960,8.540,-0.117,0.344,0.936,-1.140,0.844,-0.358,0.000,0.000,1.307,0.979,2,NULL,NULL,,4,0,0,7,255,,0,0,0
stim,2831,2831,0,902493.802,-0.204,0.112,-0.203,-0.951,0,0,0,0,0,0,0,0,44,1.158,392,0,16.361,1.414,8.580,10.960,8.600,-0.118,0.344,0.936,-1.134,0.844,-0.358,0.000,0.000,1.307,0.979,2,NULL,NULL,,4,0,0,7,255,,0,0,0
stim,2831,2831,0,902498.802,-0.205,0.112,-0.203,-0.951,0,0,0,0,0,0,0,0,44,1.158,392,0,16.474,1.414,8.580,11.080,8.660,-0.118,0.344,0.934,-1.134,0.844,-0.362,0.000,0.000,1.307,0.979,2,NULL,NULL,,4,0,0,7,255,,0,0,0
stim,2831,2831,0,902503.802,-0.205,0.113,-0.203,-0.951,0,0,0,0,0,0,0,0,44,1.158,392,0,16.465,1.412,8.640,11.020,8.660,-0.118,0.343,0.935,-1.132,0.844,-0.374,0.000,0.000,1.307,0.979,2,NULL,NULL,,4,0,0,7,255,,0,0,0
stim,2847,2847,0,902508.802,-0.206,0.113,-0.203,-0.951,0,0,0,0,0,0,0,0,44,1.158,392,0,16.465,1.416,8.640,11.020,8.660,-0.117,0.343,0.935,-1.132,0.850,-0.374,0.000,0.000,1.307,0.979,2,NULL,NULL,,4,0,0,7,255,,0,0,0
stim,2847,2847,0,902513.802,-0.206,0.113,-0.203,-0.951,0,0,0,0,0,0,0,0,44,1.158,392,0,16.473,1.423,8.640,11.080,8.600,-0.118,0.342,0.936,-1.140,0.852,-0.374,0.000,0.000,1.307,0.979,2,NULL,NULL,,4,0,0,7,255,,0,0,0
stim,2864,2864,0,902518.802,-0.206,0.113,-0.203,-0.950,0,0,0,0,0,0,0,0,44,1.158,392,0,16.496,1.429,8.700,11.020,8.660,-0.119,0.342,0.935,-1.140,0.862,-0.372,0.000,0.000,1.307,0.979,2,NULL,NULL,,4,0,0,7,255,,0,0,0
stim,2864,2864,0,902523.802,-0.207,0.113,-0.203,-0.950,0,0,0,0,0,0,0,0,44,1.158,392,0,16.529,1.424,8.820,11.020,8.600,-0.119,0.342,0.935,-1.132,0.864,-0.372,0.000,0.000,1.307,0.979,2,NULL,NULL,,4,0,0,7,255,,0,0,0
stim,2864,2864,0,902528.802,-0.207,0.113,-0.203,-0.950,0,0,0,0,0,0,0,0,44,1.158,392,0,16.520,1.424,8.820,10.960,8.660,-0.119,0.342,0.935,-1.132,0.864,-0.372,0.000,0.000,1.307,0.979,2,NULL,NULL,,4,0,0,7,255,,0,0,0
stim,2864,2864,0,902533.802,-0.208,0.113,-0.203,-0.950,0,0,0,0,0,0,0,0,44,1.158,392,0,16.489,1.430,8.820,10.960,8.600,-0.120,0.340,0.937,-1.136,0.868,-0.372,0.000,0.000,1.307,0.979,2,NULL,NULL,,4,0,0,7,255,,0,0,0
stim,2880,2880,0,902538.802,-0.208,0.113,-0.203,-0.950,0,0,0,0,0,0,0,0,44,1.158,392,0,16.532,1.425,8.900,10.960,8.600,-0.119,0.344,0.936,-1.136,0.860,-0.366,0.000,0.000,1.307,0.979,2,NULL,NULL,,4,0,0,7,255,,0,0,0
stim,2880,2880,0,902543.802,-0.208,0.113,-0.203,-0.950,0,0,0,0,0,0,0,0,44,1.158,392,0,16.492,1.434,8.900,10.900,8.600,-0.119,0.342,0.937,-1.140,0.870,-0.362,0.000,0.000,1.307,0.979,2,NULL,NULL,,4,0,0,7,255,,0,0,0
stim,2911,2911,0,902548.802,-0.209,0.113,-0.203,-0.950,0,0,0,0,0,0,0,0,44,1.158,392,0,16.457,1.433,8.820,10.960,8.540,-0.118,0.343,0.938,-1.146,0.860,-0.358,0.000,0.000,1.307,0.979,2,NULL,NULL,,4,0,0,7,255,,0,0,0
stim,2911,2911,0,902553.802,-0.209,0.113,-0.203,-0.950,0,0,0,0,0,0,0,0,44,1.158,392,0,16.426,1.442,8.820,10.960,8.480,-0.119,0.340,0.938,-1.150,0.870,-0.358,0.000,0.000,1.307,0.979,2,NULL,NULL,,4,0,0,7,255,,0,0,0
stim,2927,2927,0,902558.802,-0.209,0.114,-0.203,-0.950,0,0,0,0,0,0,0,0,44,1.158,392,0,16.466,1.444,8.820,11.020,8.480,-0.120,0.341,0.936,-1.150,0.874,-0.360,0.000,0.000,1.307,0.979,2,NULL,NULL,,4,0,0,7,255,,0,0,0
stim,2927,2927,0,902563.803,-0.210,0.114,-0.203,-0.950,0,0,0,0,0,0,0,0,44,1.158,392,0,16.363,1.446,8.760,10.960,8.420,-0.119,0.341,0.937,-1.150,0.876,-0.362,0.000,0.000,1.307,0.979,2,NULL,NULL,,4,0,0,7,255,,0,0,0
stim,2927,2927,0,902568.802,-0.210,0.114,-0.203,-0.950,0,0,0,0,0,0,0,0,44,1.158,392,0,16.443,1.444,8.700,11.080,8.480,-0.119,0.341,0.937,-1.150,0.874,-0.364,0.000,0.000,1.307,0.979,2,NULL,NULL,,4,0,0,7,255,,0,0,0
stim,2927,2927,0,902573.802,-0.211,0.114,-0.203,-0.949,0,0,0,0,0,0,0,0,44,1.158,392,0,16.443,1.446,8.700,11.080,8.480,-0.120,0.341,0.936,-1.150,0.876,-0.364,0.000,0.000,1.307,0.979,2,NULL,NULL,,4,0,0,7,255,,0,0,0
stim,2945,2945,0,902578.802,-0.211,0.114,-0.203,-0.949,0,0,0,0,0,0,0,0,44,1.158,392,0,16.492,1.439,8.640,11.200,8.480,-0.119,0.341,0.935,-1.146,0.870,-0.370,0.000,0.000,1.307,0.979,2,NULL,NULL,,4,0,0,7,255,,0,0,0
stim,2945,2945,0,902583.802,-0.211,0.114,-0.203,-0.949,0,0,0,0,0,0,0,0,44,1.158,392,0,16.471,1.438,8.580,11.260,8.420,-0.118,0.341,0.936,-1.146,0.868,-0.372,0.000,0.000,1.307,0.979,2,NULL,NULL,,4,0,0,7,255,,0,0,0
stim,2945,2945,0,902588.802,-0.212,0.114,-0.203,-0.949,0,0,0,0,0,0,0,0,44,1.158,392,0,16.574,1.446,8.640,11.320,8.480,-0.117,0.340,0.936,-1.158,0.866,-0.376,0.000,0.000,1.307,0.979,2,NULL,NULL,,4,0,0,7,255,,0,0,0
stim,2945,2945,0,902593.802,-0.212,0.114,-0.203,-0.949,0,0,0,0,0,0,0,0,44,1.158,392,0,16.574,1.451,8.580,11.320,8.540,-0.117,0.340,0.935,-1.164,0.866,-0.376,0.000,0.000,1.307,0.979,2,NULL,NULL,,4,0,0,7,255,,0,0,0
stim,2945,2945,0,902598.802,-0.213,0.114,-0.203,-0.949,0,0,0,0,0,0,0,0,44,1.158,392,0,16.677,1.455,8.640,11.380,8.600,-0.116,0.340,0.933,-1.172,0.862,-0.388,0.000,0.000,1.307,0.979,2,NULL,NULL,,4,0,0,7,255,,0,0,0
stim,2945,2945,0,902603.802,-0.213,0.114,-0.203,-0.949,0,0,0,0,0,0,0,0,44,1.158,392,0,16.708,1.454,8.640,11.380,8.660,-0.116,0.340,0.934,-1.174,0.858,-0.396,0.000,0.000,1.307,0.979,2,NULL,NULL,,4,0,0,7,255,,0,0,0
stim,2945,2945,0,902608.802,-0.213,0.114,-0.203,-0.949,0,0,0,0,0,0,0,0,44,1.158,392,0,16.698,1.454,8.640,11.320,8.720,-0.116,0.339,0.934,-1.174,0.858,-0.404,0.000,0.000,1.307,0.979,2,NULL,NULL,,4,0,0,7,255,,0,0,0
stim,2945,2945,0,902613.802,-0.214,0.115,-0.203,-0.949,0,0,0,0,0,0,0,0,44,1.158,392,0,16.667,1.456,8.640,11.320,8.660,-0.117,0.339,0.935,-1.176,0.858,-0.396,0.000,0.000,1.307,0.979,2,NULL,NULL,,4,0,0,7,255,,0,0,0
stim,2960,2960,0,902618.803,-0.214,0.115,-0.203,-0.949,0,0,0,0,0,0,0,0,44,1.158,392,0,16.699,1.460,8.580,11.320,8.780,-0.118,0.338,0.935,-1.176,0.866,-0.396,0.000,0.000,1.307,0.979,2,NULL,NULL,,4,0,0,7,255,,0,0,0
stim,2960,2960,0,902623.802,-0.214,0.115,-0.203,-0.949,0,0,0,0,0,0,0,0,44,1.158,392,0,16.586,1.466,8.580,11.200,8.720,-0.117,0.338,0.935,-1.176,0.876,-0.396,0.000,0.000,1.307,0.979,2,NULL,NULL,,4,0,0,7,255,,0,0,0
stim,2980,2980,0,902628.802,-0.215,0.115,-0.203,-0.948,0,0,0,0,0,0,0,0,44,1.158,392,0,16.523,1.468,8.520,11.200,8.660,-0.118,0.339,0.937,-1.176,0.878,-0.396,0.000,0.000,1.307,0.979,2,NULL,NULL,,4,0,0,7,255,,0,0,0
stim,2980,2980,0,902633.802,-0.215,0.115,-0.203,-0.948,0,0,0,0,0,0,0,0,44,1.158,392,0,16.390,1.468,8.400,11.140,8.600,-0.118,0.339,0.936,-1.176,0.878,-0.382,0.000,0.000,1.307,0.979,2,NULL,NULL,,4,0,0,7,255,,0,0,0
stim,2980,2980,0,902638.802,-0.216,0.115,-0.203,-0.948,0,0,0,0,0,0,0,0,44,1.158,392,0,16.327,1.468,8.340,11.140,8.540,-0.118,0.339,0.937,-1.176,0.878,-0.376,0.000,0.000,1.307,0.979,2,NULL,NULL,,4,0,0,7,255,,0,0,0
stim,2980,2980,0,902643.802,-0.216,0.115,-0.203,-0.948,0,0,0,0,0,0,0,0,44,1.158,392,0,16.225,1.465,8.280,11.080,8.480,-0.117,0.338,0.937,-1.176,0.874,-0.380,0.000,0.000,1.307,0.979,2,NULL,NULL,,4,0,0,7,255,,0,0,0
stim,2980,2980,0,902648.802,-0.216,0.115,-0.202,-0.948,0,0,0,0,0,0,0,0,44,1.158,392,0,16.049,1.474,8.220,10.960,8.360,-0.118,0.338,0.938,-1.184,0.878,-0.376,0.000,0.000,1.307,0.979,2,NULL,NULL,,4,0,0,7,255,,0,0,0
stim,2980,2980,0,902653.802,-0.217,0.115,-0.202,-0.948,0,0,0,0,0,0,0,0,44,1.158,392,0,15.916,1.475,8.100,10.900,8.300,-0.117,0.339,0.938,-1.188,0.874,-0.370,0.000,0.000,1.307,0.979,2,NULL,NULL,,4,0,0,7,255,,0,0,0
stim,3013,3013,0,902658.802,-0.217,0.115,-0.202,-0.948,0,0,0,0,0,0,0,0,44,1.158,392,0,15.855,1.475,7.980,10.900,8.300,-0.116,0.339,0.938,-1.188,0.874,-0.368,0.000,0.000,1.307,0.979,2,NULL,NULL,,4,0,0,7,255,,0,0,0
stim,3013,3013,0,902663.803,-0.218,0.115,-0.202,-0.948,0,0,0,0,0,0,0,0,44,1.158,392,0,15.782,1.480,7.980,10.840,8.240,-0.116,0.338,0.937,-1.200,0.866,-0.368,0.000,0.000,1.307,0.979,2,NULL,NULL,,4,0,0,7,255,,0,0,0
stim,3014,3014,0,902668.802,-0.218,0.115,-0.202,-0.948,0,0,0,0,0,0,0,0,44,1.158,392,0,15.710,1.480,7.920,10.840,8.160,-0.116,0.339,0.937,-1.200,0.866,-0.374,0.000,0.000,1.307,0.979,2,NULL,NULL,,4,0,0,7,255,,0,0,0
stim,3014,3014,0,902673.802,-0.218,0.116,-0.202,-0.948,0,0,0,0,0,0,0,0,44,1.158,392,0,15.669,1.471,7.920,10.780,8.160,-0.115,0.339,0.936,-1.196,0.856,-0.378,0.000,0.000,1.307,0.979,2,NULL,NULL,,4,0,0,7,255,,0,0,0
stim,3015,3015,0,902678.802,-0.219,0.116,-0.202,-0.948,0,0,0,0,0,0,0,0,44,1.158,392,0,15.639,1.467,7.860,10.780,8.160,-0.115,0.340,0.937,-1.196,0.850,-0.376,0.000,0.000,1.307,0.979,2,NULL,NULL,,4,0,0,7,255,,0,0,0
stim,3015,3015,0,902683.802,-0.219,0.116,-0.202,-0.948,0,0,0,0,0,0,0,0,44,1.158,392,0,15.608,1.466,7.860,10.780,8.100,-0.116,0.340,0.937,-1.196,0.848,-0.376,0.000,0.000,1.307,0.979,2,NULL,NULL,,4,0,0,7,255,,0,0,0
stim,3047,3047,0,902688.802,-0.219,0.116,-0.202,-0.947,0,0,0,0,0,0,0,0,44,1.158,392,0,15.638,1.461,7.920,10.780,8.100,-0.116,0.340,0.936,-1.192,0.844,-0.376,0.000,0.000,1.307,0.979,2,NULL,NULL,,4,0,0,7,255,,0,0,0
stim,3047,3047,0,902693.802,-0.220,0.116,-0.202,-0.947,0,0,0,0,0,0,0,0,44,1.158,392,0,15.639,1.459,7.860,10.780,8.160,-0.115,0.341,0.936,-1.190,0.844,-0.380,0.000,0.000,1.307,0.979,2,NULL,NULL,,4,0,0,7,255,,0,0,0
stim,3047,3047,0,902698.802,-0.220,0.116,-0.202,-0.947,0,0,0,0,0,0,0,0,44,1.158,392,0,15.629,1.458,7.920,10.660,8.240,-0.116,0.340,0.937,-1.190,0.842,-0.380,0.000,0.000,1.307,0.979,2,NULL,NULL,,4,0,0,7,255,,0,0,0
stim,3047,3047,0,902703.802,-0.220,0.116,-0.202,-0.947,0,0,0,0,0,0,0,0,44,1.158,392,0,15.700,1.458,7.980,10.720,8.240,-0.117,0.340,0.935,-1.190,0.842,-0.382,0.000,0.000,1.307,0.979,2,NULL,NULL,,4,0,0,7,255,,0,0,0
stim,3047,3047,0,902708.802,-0.221,0.116,-0.202,-0.947,0,0,0,0,0,0,0,0,44,1.158,392,0,15.722,1.448,8.040,10.660,8.300,-0.117,0.340,0.935,-1.178,0.842,-0.384,0.000,0.000,1.307,0.979,2,NULL,NULL,,4,0,0,7,255,,0,0,0
stim,3047,3047,0,902713.802,-0.221,0.116,-0.202,-0.947,0,0,0,0,0,0,0,0,44,1.158,392,0,15.784,1.449,8.100,10.660,8.360,-0.118,0.340,0.936,-1.178,0.844,-0.384,0.000,0.000,1.307,0.979,2,NULL,NULL,,4,0,0,7,255,,0,0,0
stim,3057,3057,0,902718.802,-0.222,0.116,-0.202,-0.947,0,0,0,0,0,0,0,0,44,1.158,392,0,15.806,1.451,8.160,10.600,8.420,-0.118,0.340,0.937,-1.178,0.848,-0.376,0.000,0.000,1.307,0.979,2,NULL,NULL,,4,0,0,7,255,,0,0,0
stim,3057,3057,0,902723.802,-0.222,0.116,-0.201,-0.947,0,0,0,0,0,0,0,0,44,1.158,392,0,15.869,1.449,8.220,10.600,8.480,-0.119,0.341,0.938,-1.174,0.850,-0.368,0.000,0.000,1.307,0.979,2,NULL,NULL,,4,0,0,7,255,,0,0,0
stim,3079,3079,0,902728.802,-0.222,0.116,-0.201,-0.947,0,0,0,0,0,0,0,0,44,1.158,392,0,15.902,1.446,8.220,10.600,8.540,-0.119,0.340,0.938,-1.170,0.850,-0.350,0.000,0.000,1.307,0.979,2,NULL,NULL,,4,0,0,7,255,,0,0,0
stim,3079,3079,0,902733.802,-0.223,0.116,-0.201,-0.947,0,0,0,0,0,0,0,0,44,1.158,392,0,15.892,1.446,8.340,10.540,8.480,-0.122,0.341,0.939,-1.166,0.856,-0.346,0.000,0.000,1.307,0.979,2,NULL,NULL,,4,0,0,7,255,,0,0,0
stim,3119,3119,0,902738.802,-0.223,0.116,-0.201,-0.947,0,0,0,0,0,0,0,0,44,1.158,392,0,15.925,1.438,8.280,10.540,8.600,-0.124,0.341,0.940,-1.146,0.868,-0.334,0.000,0.000,1.307,0.979,2,NULL,NULL,,4,0,0,7,255,,0,0,0
stim,3119,3119,0,902743.802,-0.224,0.116,-0.201,-0.947,0,0,0,0,0,0,0,0,44,1.158,392,0,15.956,1.435,8.340,10.540,8.600,-0.125,0.341,0.941,-1.134,0.880,-0.322,0.000,0.000,1.307,0.979,2,NULL,NULL,,4,0,0,7,255,,0,0,0
stim,3119,3119,0,902748.802,-0.224,0.117,-0.201,-0.946,0,0,0,0,0,0,0,0,44,1.158,392,0,16.052,1.431,8.460,10.540,8.660,-0.127,0.340,0.942,-1.124,0.886,-0.310,0.000,0.000,1.307,0.979,2,NULL,NULL,,4,0,0,7,255,,0,0,0
stim,3119,3119,0,902753.802,-0.224,0.117,-0.201,-0.946,0,0,0,0,0,0,0,0,44,1.158,392,0,15.988,1.429,8.400,10.540,8.600,-0.129,0.343,0.942,-1.116,0.892,-0.302,0.000,0.000,1.307,0.979,2,NULL,NULL,,4,0,0,7,255,,0,0,0
stim,3119,3119,0,902758.802,-0.225,0.117,-0.201,-0.946,0,0,0,0,0,0,0,0,44,1.158,392,0,15.956,1.419,8.340,10.540,8.600,-0.131,0.341,0.942,-1.094,0.904,-0.292,0.000,0.000,1.307,0.979,2,NULL,NULL,,4,0,0,7,255,,0,0,0
stim,3119,3119,0,902763.803,-0.225,0.117,-0.201,-0.946,0,0,0,0,0,0,0,0,44,1.158,392,0,16.084,1.417,8.460,10.540,8.720,-0.133,0.341,0.939,-1.084,0.912,-0.292,0.000,0.000,1.307,0.979,2,NULL,NULL,,4,0,0,7,255,,0,0,0
stim,3136,3136,0,902768.802,-0.225,0.117,-0.201,-0.946,0,0,0,0,0,0,0,0,44,1.158,392,0,16.244,1.401,8.760,10.540,8.720,-0.135,0.340,0.940,-1.060,0.916,-0.308,0.000,0.000,1.307,0.979,2,NULL,NULL,,4,0,0,7,255,,0,0,0
stim,3136,3136,0,902773.802,-0.226,0.117,-0.201,-0.946,0,0,0,0,0,0,0,0,44,1.158,392,0,16.521,1.399,9.080,10.600,8.840,-0.138,0.340,0.940,-1.044,0.932,-0.308,0.000,0.000,1.307,0.979,2,NULL,NULL,,4,0,0,7,255,,0,0,0
stim,3136,3136,0,902778.802,-0.226,0.117,-0.201,-0.946,0,0,0,0,0,0,0,0,44,1.158,392,0,16.718,1.393,9.320,10.600,8.960,-0.141,0.338,0.940,-1.022,0.946,-0.308,0.000,0.000,1.307,0.979,2,NULL,NULL,,4,0,0,7,255,,0,0,0
stim,3136,3136,0,902783.802,-0.227,0.117,-0.201,-0.946,0,0,0,0,0,0,0,0,44,1.158,392,0,16.881,1.403,9.380,10.600,9.200,-0.147,0.338,0.940,-1.010,0.974,-0.304,0.000,0.000,1.307,0.979,2,NULL,NULL,,4,0,0,7,255,,0,0,0
stim,3136,3136,0,902788.802,-0.227,0.117,-0.201,-0.946,0,0,0,0,0,0,0,0,44,1.158,392,0,17.195,1.388,9.620,10.660,9.460,-0.152,0.337,0.937,-0.958,1.004,-0.308,0.000,0.000,1.307,0.979,2,NULL,NULL,,4,0,0,7,255,,0,0,0
stim,3136,3136,0,902793.802,-0.227,0.118,-0.201,-0.946,0,0,0,0,0,0,0,0,44,1.158,392,0,17.609,1.376,10.180,10.600,9.700,-0.159,0.333,0.937,-0.910,1.032,-0.322,0.000,0.000,1.307,0.979,2,NULL,NULL,,4,0,0,7,255,,0,0,0
stim,3136,3136,0,902798.802,-0.228,0.118,-0.201,-0.945,0,0,0,0,0,0,0,0,44,1.158,392,0,17.738,1.404,10.180,10.420,10.120,-0.170,0.325,0.932,-0.872,1.100,-0.330,0.000,0.000,1.307,0.979,2,NULL,NULL,,4,0,0,7,255,,0,0,0
stim,3136,3136,0,902803.802,-0.228,0.118,-0.201,-0.945,0,0,0,0,0,0,0,0,44,1.158,392,0,17.981,1.441,10.300,10.220,10.620,-0.184,0.325,0.923,-0.792,1.204,-0.384,0.000,0.000,1.307,0.979,2,NULL,NULL,,4,0,0,7,255,,0,0,0
stim,3151,3151,0,902808.802,-0.229,0.118,-0.201,-0.945,0,0,0,0,0,0,0,0,44,1.158,392,0,18.928,1.401,11.760,9.560,11.340,-0.200,0.317,0.914,-0.652,1.240,-0.436,0.000,0.000,1.307,0.979,2,NULL,NULL,,4,0,0,7,255,,0,0,0
stim,3151,3151,0,902813.802,-0.229,0.118,-0.201,-0.945,0,0,0,0,0,0,0,0,44,1.158,392,0,20.608,1.505,14.500,8.700,11.780,-0.204,0.276,0.917,-0.652,1.356,-0.516,0.000,0.000,1.307,0.979,2,NULL,NULL,,4,0,0,7,255,,0,0,0
stim,3151,3151,0,902818.803,-0.230,0.119,-0.202,-0.945,0,0,0,0,0,0,0,0,44,1.158,392,0,22.196,1.827,16.760,7.840,12.260,-0.215,0.270,0.925,-0.622,1.718,-0.594,0.000,0.000,1.307,0.979,2,NULL,NULL,,4,0,0,7,255,,0,0,0
stim,3151,3151,0,902823.802,-0.230,0.119,-0.202,-0.945,0,0,0,0,0,0,0,0,44,1.158,392,0,23.446,1.957,18.420,7.360,12.500,-0.234,0.272,0.939,-0.622,1.856,-0.594,0.000,0.000,1.307,0.979,2,NULL,NULL,,4,0,0,7,255,,0,0,0
stim,3151,3151,0,902828.802,-0.231,0.119,-0.202,-0.944,0,0,0,0,0,0,0,0,44,1.158,392,0,23.782,1.924,19.320,7.540,11.640,-0.250,0.306,0.954,-0.508,1.856,-0.426,0.000,0.000,1.307,0.979,2,NULL,NULL,,4,0,0,7,255,,0,0,0
stim,3167,3167,0,902833.802,-0.231,0.119,-0.203,-0.944,0,0,0,0,0,0,0,0,44,1.158,392,0,24.221,2.007,19.880,8.340,11.040,-0.257,0.291,0.969,-0.372,1.972,-0.134,0.000,0.000,1.307,0.979,2,NULL,NULL,,4,0,0,7,255,,0,0,0
stim,3167,3167,0,902838.802,-0.231,0.120,-0.203,-0.944,0,0,0,0,0,0,0,0,44,1.158,392,0,24.872,2.068,20.120,9.080,11.460,-0.271,0.264,0.981,-0.372,2.034,-0.056,0.000,0.000,1.307,0.979,2,NULL,NULL,,4,0,0,7,255,,0,0,0
stim,3183,3183,0,902843.802,-0.232,0.120,-0.203,-0.944,0,0,0,0,0,0,0,0,44,1.158,392,0,24.743,2.397,19.700,9.980,11.160,-0.301,0.262,0.990,-0.372,2.368,-0.042,0.000,0.000,1.307,0.979,2,NULL,NULL,,4,0,0,7,255,,0,0,0
stim,3183,3183,0,902848.802,-0.232,0.121,-0.204,-0.943,0,0,0,0,0,0,0,0,44,1.158,392,0,23.698,2.567,19.020,11.080,8.780,-0.325,0.281,0.999,-0.216,2.558,0.082,0.000,0.000,1.307,0.979,2,NULL,NULL,,4,0,0,7,255,,0,0,0
stim,3216,3216,0,902853.802,-0.232,0.121,-0.204,-0.943,0,0,0,0,0,0,0,0,44,1.158,392,0,23.458,2.560,18.960,12.680,5.480,-0.326,0.285,1.010,-0.022,2.560,0.276,0.000,0.000,1.307,0.979,2,NULL,NULL,,4,0,0,7,255,,0,0,0
stim,3216,3216,0,902858.802,-0.232,0.122,-0.204,-0.943,0,0,0,0,0,0,0,0,44,1.158,392,0,23.168,2.570,17.920,14.140,3.960,-0.324,0.269,1.021,-0.022,2.570,0.396,0.000,0.000,1.307,0.979,2,NULL,NULL,,4,0,0,7,255,,0,0,0
stim,3216,3216,0,902863.803,-0.233,0.122,-0.204,-0.943,0,0,0,0,0,0,0,0,44,1.158,392,0,22.279,2.726,15.720,15.480,3.100,-0.332,0.272,1.025,-0.100,2.724,0.416,0.000,0.000,1.307,0.979,2,NULL,NULL,,4,0,0,7,255,,0,0,0
stim,3216,3216,0,902868.802,-0.233,0.123,-0.204,-0.943,0,0,0,0,0,0,0,0,44,1.158,392,0,22.665,2.730,14.140,17.620,1.820,-0.342,0.281,1.028,-0.100,2.728,0.486,0.000,0.000,1.307,0.979,2,NULL,NULL,,4,0,0,7,255,,0,0,0
stim,3216,3216,0,902873.802,-0.233,0.124,-0.204,-0.943,0,0,0,0,0,0,0,0,44,1.158,392,0,23.007,2.746,13.280,18.780,0.540,-0.342,0.268,1.038,-0.100,2.744,0.566,0.000,0.000,1.307,0.979,2,NULL,NULL,,4,0,0,7,255,,0,0,0
stim,3216,3216,0,902878.802,-0.233,0.125,-0.204,-0.943,0,0,0,0,0,0,0,0,44,1.158,392,0,23.896,2.864,12.740,20.180,-1.220,-0.346,0.270,1.049,-0.118,2.862,0.594,0.000,0.000,1.307,0.979,2,NULL,NULL,,4,0,0,7,255,,0,0,0
stim,3248,3248,0,902883.802,-0.233,0.126,-0.204,-0.943,0,0,0,0,0,0,0,0,44,1.158,392,0,23.641,2.895,10.360,21.100,-2.520,-0.353,0.275,1.065,-0.132,2.892,0.710,0.000,0.000,1.307,0.979,2,NULL,NULL,,4,0,0,7,255,,0,0,0
stim,3248,3248,0,902888.802,-0.233,0.127,-0.204,-0.942,0,0,0,0,0,0,0,0,44,1.158,392,0,24.061,2.895,7.600,22.500,-3.860,-0.349,0.299,1.071,-0.132,2.892,0.880,0.000,0.000,1.307,0.979,2,NULL,NULL,,4,0,0,7,255,,0,0,0
stim,3248,3248,0,902893.802,-0.233,0.127,-0.203,-0.942,0,0,0,0,0,0,0,0,44,1.158,392,0,24.794,2.901,4.560,23.960,-4.460,-0.346,0.270,1.062,-0.134,2.898,0.880,0.000,0.000,1.307,0.979,2,NULL,NULL,,4,0,0,7,255,,0,0,0
stim,3248,3248,0,902898.802,-0.233,0.128,-0.203,-0.942,0,0,0,0,0,0,0,0,44,1.158,392,0,25.406,2.882,2.480,24.940,-4.160,-0.351,0.271,1.055,-0.182,2.876,0.824,0.000,0.000,1.307,0.979,2,NULL,NULL,,4,0,0,7,255,,0,0,0
stim,3248,3248,0,902903.802,-0.233,0.129,-0.202,-0.942,0,0,0,0,0,0,0,0,44,1.158,392,0,26.732,2.882,1.380,26.220,-5.020,-0.356,0.292,1.055,-0.182,2.876,0.824,0.000,0.000,1.307,0.979,2,NULL,NULL,,4,0,0,7,255,,0,0,0
stim,3248,3248,0,902908.802,-0.233,0.130,-0.202,-0.942,0,0,0,0,0,0,0,0,44,1.158,392,0,28.392,2.722,-0.500,27.680,-6.300,-0.342,0.298,1.053,-0.182,2.716,0.874,0.000,0.000,1.307,0.979,2,NULL,NULL,,4,0,0,7,255,,0,0,0
stim,3263,3263,0,902913.802,-0.233,0.131,-0.201,-0.942,0,0,0,0,0,0,0,0,44,1.158,392,0,30.134,2.587,-3.380,29.400,-5.680,-0.325,0.282,1.042,-0.186,2.580,0.874,0.000,0.000,1.307,0.979,2,NULL,NULL,,4,0,0,7,255,,0,0,0
stim,3263,3263,0,902918.802,-0.233,0.133,-0.200,-0.942,0,0,0,0,0,0,0,0,44,1.158,392,0,31.632,2.594,-4.960,31.040,-3.540,-0.316,0.285,1.025,-0.368,2.568,0.680,0.000,0.000,1.307,0.979,2,NULL,NULL,,4,0,0,7,255,,0,0,0
stim,3263,3263,0,902923.802,-0.233,0.134,-0.199,-0.942,0,0,0,0,0,0,0,0,44,1.158,392,0,33.208,2.458,-5.020,32.760,-2.080,-0.314,0.292,1.017,-0.368,2.430,0.536,0.000,0.000,1.307,0.979,2,NULL,NULL,,4,0,0,7,255,,0,0,0
stim,3263,3263,0,902928.802,-0.234,0.135,-0.198,-0.942,0,0,0,0,0,0,0,0,44,1.158,392,0,35.070,2.347,-4.840,34.700,-1.540,-0.303,0.296,1.019,-0.378,2.316,0.502,0.000,0.000,1.307,0.979,2,NULL,NULL,,4,0,0,7,255,,0,0,0
stim,3263,3263,0,902933.802,-0.234,0.136,-0.197,-0.942,0,0,0,0,0,0,0,0,44,1.158,392,0,37.142,2.261,-5.580,36.720,0.120,-0.289,0.297,1.021,-0.460,2.214,0.502,0.000,0.000,1.307,0.979,2,NULL,NULL,,4,0,0,7,255,,0,0,0
stim,3263,3263,0,902938.802,-0.234,0.138,-0.196,-0.942,0,0,0,0,0,0,0,0,44,1.158,392,0,39.467,2.200,-6.500,38.800,3.160,-0.278,0.307,1.021,-0.608,2.114,0.506,0.000,0.000,1.307,0.979,2,NULL,NULL,,4,0,0,7,255,,0,0,0
stim,3280,3280,0,902943.802,-0.235,0.139,-0.196,-0.942,0,0,0,0,0,0,0,0,44,1.158,392,0,42.067,2.077,-7.220,41.000,6.040,-0.276,0.315,1.019,-0.676,1.964,0.518,0.000,0.000,1.307,0.979,2,NULL,NULL,,4,0,0,7,255,,0,0,0
stim,3280,3280,0,902948.802,-0.236,0.140,-0.195,-0.942,0,0,0,0,0,0,0,0,44,1.158,392,0,44.674,1.975,-7.900,43.240,7.980,-0.272,0.320,1.019,-0.676,1.856,0.540,0.000,0.000,1.307,0.979,2,NULL,NULL,,4,0,0,7,255,,0,0,0
stim,3312,3312,0,902953.802,-0.237,0.142,-0.194,-0.941,0,0,0,0,0,0,0,0,44,1.158,392,0,47.561,1.913,-8.820,45.640,10.060,-0.265,0.324,1.018,-0.716,1.774,0.548,0.000,0.000,1.307,0.979,2,NULL,NULL,,4,0,0,7,255,,0,0,0
stim,3312,3312,0,902958.802,-0.238,0.143,-0.193,-0.941,0,0,0,0,0,0,0,0,44,1.158,392,0,50.578,1.851,-9.480,48.020,12.740,-0.261,0.333,1.018,-0.786,1.676,0.554,0.000,0.000,1.307,0.979,2,NULL,NULL,,4,0,0,7,255,,0,0,0
stim,3347,3347,0,902963.803,-0.239,0.145,-0.192,-0.941,0,0,0,0,0,0,0,0,44,1.158,392,0,53.579,1.756,-10.100,50.320,15.380,-0.261,0.345,1.022,-0.810,1.558,0.578,0.000,0.000,1.307,0.979,2,NULL,NULL,,4,0,0,7,255,,0,0,0
stim,3347,3347,0,902968.802,-0.240,0.147,-0.191,-0.940,0,0,0,0,0,0,0,0,44,1.158,392,0,56.603,1.662,-11.060,52.780,17.200,-0.261,0.356,1.032,-0.812,1.450,0.666,0.000,0.000,1.307,0.979,2,NULL,NULL,,4,0,0,7,255,,0,0,0
stim,3347,3347,0,902973.802,-0.241,0.149,-0.190,-0.940,0,0,0,0,0,0,0,0,44,1.158,392,0,59.659,1.597,-12.720,55.340,18.300,-0.257,0.369,1.045,-0.834,1.362,0.798,0.000,0.000,1.307,0.979,2,NULL,NULL,,4,0,0,7,255,,0,0,0
stim,3348,3348,0,902978.802,-0.243,0.151,-0.189,-0.940,0,0,0,0,0,0,0,0,44,1.158,392,0,62.841,1.535,-14.920,57.900,19.340,-0.255,0.388,1.058,-0.900,1.244,0.952,0.000,0.000,1.307,0.979,2,NULL,NULL,,4,0,0,7,255,,0,0,0
stim,3348,3348,0,902983.802,-0.244,0.153,-0.187,-0.939,0,0,0,0,0,0,0,0,44,1.158,392,0,66.236,1.406,-17.720,60.460,20.440,-0.262,0.411,1.075,-0.900,1.080,1.138,0.000,0.000,1.307,0.979,2,NULL,NULL,,4,0,0,7,255,,0,0,0
stim,3348,3348,0,902988.802,-0.246,0.155,-0.186,-0.939,0,0,0,0,0,0,0,0,44,1.158,392,0,69.552,1.297,-21.820,62.660,20.860,-0.266,0.420,1.085,-0.892,0.942,1.394,0.000,0.000,1.307,0.979,2,NULL,NULL,,4,0,0,7,255,,0,0,0
stim,3349,3349,0,902993.802,-0.247,0.157,-0.184,-0.938,0,0,0,0,0,0,0,0,44,1.158,392,0,72.839,1.246,-26.260,64.620,20.980,-0.271,0.423,1.080,-0.892,0.870,1.504,0.000,0.000,1.307,0.979,2,NULL,NULL,,4,0,0,7,255,,0,0,0
stim,3349,3349,0,902998.802,-0.249,0.159,-0.182,-0.938,0,0,0,0,0,0,0,0,44,1.158,392,0,75.684,1.183,-30.180,65.960,21.600,-0.273,0.420,1.063,-0.856,0.816,1.504,0.000,0.000,1.307,0.979,2,NULL,NULL,,4,0,0,7,255,,0,0,0
stim,3349,3349,0,903003.802,-0.251,0.161,-0.180,-0.937,0,0,0,0,0,0,0,0,44,1.158,392,0,77.408,1.109,-32.240,66.880,21.900,-0.273,0.412,1.039,-0.802,0.766,1.360,0.000,0.000,1.307,0.979,2,NULL,NULL,,4,0,0,7,255,,0,0,0
stim,3349,3349,0,903008.802,-0.252,0.163,-0.178,-0.937,0,0,0,0,0,0,0,0,44,1.158,392,0,77.975,1.054,-32.360,67.420,22.080,-0.272,0.406,1.017,-0.760,0.730,1.118,0.000,0.000,1.307,0.979,2,NULL,NULL,,4,0,0,7,255,,0,0,0
stim,3349,3349,0,903013.802,-0.254,0.165,-0.176,-0.937,0,0,0,0,0,0,0,0,44,1.158,392,0,78.073,0.998,-31.700,67.720,22.460,-0.270,0.408,1.000,-0.732,0.678,0.900,0.000,0.000,1.307,0.979,2,NULL,NULL,,4,0,0,7,255,,0,0,0
stim,3350,3350,0,903018.803,-0.256,0.167,-0.174,-0.936,0,0,0,0,0,0,0,0,44,1.158,392,0,77.878,0.895,-30.900,67.540,23.420,-0.272,0.407,0.979,-0.696,0.562,0.758,0.000,0.000,1.307,0.979,2,NULL,NULL,,4,0,0,7,255,,0,0,0
stim,3379,3379,0,903023.802,-0.258,0.169,-0.173,-0.936,0,0,0,0,0,0,0,0,44,1.158,392,0,77.216,0.819,-29.380,67.000,24.700,-0.274,0.390,0.946,-0.618,0.538,0.578,0.000,0.000,1.307,0.979,2,NULL,NULL,,4,0,0,7,255,,0,0,0
stim,3379,3379,0,903028.802,-0.259,0.171,-0.171,-0.935,0,0,0,0,0,0,0,0,44,1.158,392,0,75.311,0.771,-25.540,65.960,25.860,-0.280,0.366,0.909,-0.552,0.538,0.240,0.000,0.000,1.307,0.979,2,NULL,NULL,,4,0,0,7,255,,0,0,0
stim,3379,3379,0,903033.802,-0.261,0.173,-0.170,-0.934,0,0,0,0,0,0,0,0,44,1.158,392,0,72.440,0.806,-18.880,64.680,26.600,-0.285,0.350,0.883,-0.476,0.650,-0.154,0.000,0.000,1.307,0.979,2,NULL,NULL,,4,0,0,7,255,,0,0,0
stim,3379,3379,0,903038.802,-0.263,0.175,-0.169,-0.934,0,0,0,0,0,0,0,0,44,1.158,392,0,69.587,0.806,-10.640,63.340,26.780,-0.287,0.353,0.879,-0.416,0.690,-0.422,0.000,0.000,1.307,0.979,2,NULL,NULL,,4,0,0,7,255,,0,0,0
stim,3379,3379,0,903043.802,-0.264,0.177,-0.168,-0.933,0,0,0,0,0,0,0,0,44,1.158,392,0,67.803,0.803,-3.080,62.240,26.720,-0.292,0.369,0.896,-0.410,0.690,-0.422,0.000,0.000,1.307,0.979,2,NULL,NULL,,4,0,0,7,255,,0,0,0
stim,3379,3379,0,903048.802,-0.266,0.179,-0.167,-0.932,0,0,0,0,0,0,0,0,44,1.158,392,0,66.918,0.728,2.660,61.320,26.660,-0.304,0.384,0.922,-0.410,0.602,-0.222,0.000,0.000,1.307,0.979,2,NULL,NULL,,4,0,0,7,255,,0,0,0
stim,3413,3413,0,903053.802,-0.267,0.182,-0.167,-0.932,0,0,0,0,0,0,0,0,44,1.158,392,0,66.124,0.727,6.640,60.520,25.800,-0.319,0.396,0.946,-0.410,0.600,0.096,0.000,0.000,1.307,0.979,2,NULL,NULL,,4,0,0,7,255,,0,0,0
stim,3413,3413,0,903058.802,-0.268,0.184,-0.167,-0.931,0,0,0,0,0,0,0,0,44,1.158,392,0,65.106,0.720,9.740,59.860,23.680,-0.332,0.407,0.967,-0.398,0.600,0.390,0.000,0.000,1.307,0.979,2,NULL,NULL,,4,0,0,7,255,,0,0,0
stim,3414,3414,0,903063.803,-0.270,0.186,-0.167,-0.930,0,0,0,0,0,0,0,0,44,1.158,392,0,63.915,0.720,12.180,59.300,20.500,-0.341,0.418,0.988,-0.398,0.600,0.648,0.000,0.000,1.307,0.979,2,NULL,NULL,,4,0,0,7,255,,0,0,0
stim,3414,3414,0,903068.802,-0.270,0.188,-0.167,-0.929,0,0,0,0,0,0,0,0,44,1.158,392,0,62.804,0.732,13.400,58.880,17.260,-0.344,0.425,1.005,-0.420,0.600,0.898,0.000,0.000,1.307,0.979,2,NULL,NULL,,4,0,0,7,255,,0,0,0
stim,3414,3414,0,903073.802,-0.271,0.191,-0.167,-0.929,0,0,0,0,0,0,0,0,44,1.158,392,0,61.742,0.764,13.900,58.500,14.020,-0.347,0.431,1.017,-0.492,0.584,1.078,0.000,0.000,1.307,0.979,2,NULL,NULL,,4,0,0,7,255,,0,0,0
stim,3414,3414,0,903078.802,-0.272,0.193,-0.166,-0.928,0,0,0,0,0,0,0,0,44,1.158,392,0,60.671,0.784,14.020,58.080,10.540,-0.350,0.439,1.021,-0.546,0.562,1.204,0.000,0.000,1.307,0.979,2,NULL,NULL,,4,0,0,7,255,,0,0,0
stim,3414,3414,0,903083.802,-0.272,0.195,-0.166,-0.927,0,0,0,0,0,0,0,0,44,1.158,392,0,59.957,0.755,14.140,57.900,6.520,-0.344,0.447,1.022,-0.560,0.506,1.276,0.000,0.000,1.307,0.979,2,NULL,NULL,,4,0,0,7,255,,0,0,0
stim,3423,3423,0,903088.802,-0.273,0.198,-0.166,-0.927,0,0,0,0,0,0,0,0,44,1.158,392,0,59.554,0.744,13.840,57.840,3.100,-0.328,0.450,1.015,-0.624,0.406,1.276,0.000,0.000,1.307,0.979,2,NULL,NULL,,4,0,0,7,255,,0,0,0
stim,3423,3423,0,903093.802,-0.273,0.200,-0.166,-0.926,0,0,0,0,0,0,0,0,44,1.158,392,0,59.417,0.784,13.580,57.840,0.720,-0.312,0.446,1.000,-0.740,0.258,1.198,0.000,0.000,1.307,0.979,2,NULL,NULL,,4,0,0,7,255,,0,0,0
stim,3445,3445,0,903098.802,-0.273,0.202,-0.166,-0.926,0,0,0,0,0,0,0,0,44,1.158,392,0,59.634,0.863,14.740,57.780,-0.680,-0.299,0.442,0.981,-0.850,0.152,1.000,0.000,0.000,1.307,0.979,2,NULL,NULL,,4,0,0,7,255,,0,0,0
stim,3445,3445,0,903103.802,-0.274,0.205,-0.165,-0.925,0,0,0,0,0,0,0,0,44,1.158,392,0,60.199,0.918,17.200,57.660,-1.840,-0.288,0.432,0.964,-0.916,0.064,0.784,0.000,0.000,1.307,0.979,2,NULL,NULL,,4,0,0,7,255,,0,0,0
stim,3446,3446,0,903108.802,-0.274,0.207,-0.165,-0.925,0,0,0,0,0,0,0,0,44,1.158,392,0,60.962,1.009,19.940,57.540,-2.820,-0.269,0.417,0.952,-1.008,0.042,0.562,0.000,0.000,1.307,0.979,2,NULL,NULL,,4,0,0,7,255,,0,0,0
stim,3446,3446,0,903113.802,-0.274,0.209,-0.165,-0.924,0,0,0,0,0,0,0,0,44,1.158,392,0,62.020,1.194,22.620,57.660,-3.180,-0.245,0.414,0.939,-1.194,0.012,0.334,0.000,0.000,1.307,0.979,2,NULL,NULL,,4,0,0,7,255,,0,0,0
stim,3456,3456,0,903118.802,-0.274,0.212,-0.166,-0.923,0,0,0,0,0,0,0,0,44,1.158,392,0,63.868,1.366,25.740,58.380,-2.880,-0.220,0.425,0.930,-1.360,-0.128,0.126,0.000,0.000,1.307,0.979,2,NULL,NULL,,4,0,0,7,255,,0,0,0
stim,3456,3456,0,903123.802,-0.274,0.215,-0.166,-0.923,0,0,0,0,0,0,0,0,44,1.158,392,0,65.868,1.546,28.900,59.180,-1.040,-0.202,0.415,0.922,-1.498,-0.382,0.000,0.000,0.000,1.307,0.979,2,NULL,NULL,,4,0,0,7,255,,0,0,0
stim,3479,3479,0,903128.802,-0.274,0.217,-0.166,-0.922,0,0,0,0,0,0,0,0,44,1.158,392,0,67.743,1.723,31.360,60.040,0.900,-0.182,0.381,0.910,-1.680,-0.382,-0.168,0.000,0.000,1.307,0.979,2,NULL,NULL,,4,0,0,7,255,,0,0,0
stim,3479,3479,0,903133.802,-0.274,0.220,-0.167,-0.921,0,0,0,0,0,0,0,0,44,1.158,392,0,69.800,1.975,33.980,60.940,1.940,-0.156,0.348,0.880,-1.952,-0.302,-0.492,0.000,0.000,1.307,0.979,2,NULL,NULL,,4,0,0,7,255,,0,0,0
stim,3479,3479,0,903138.802,-0.274,0.223,-0.168,-0.921,0,0,0,0,0,0,0,0,44,1.158,392,0,73.925,2.189,39.780,62.180,4.020,-0.135,0.325,0.850,-2.176,-0.236,-0.972,0.000,0.000,1.307,0.979,2,NULL,NULL,,4,0,0,7,255,,0,0,0
stim,3479,3479,0,903143.802,-0.274,0.225,-0.169,-0.920,0,0,0,0,0,0,0,0,44,1.158,392,0,79.203,2.319,47.700,62.840,7.000,-0.132,0.325,0.859,-2.308,-0.228,-1.354,0.000,0.000,1.307,0.979,2,NULL,NULL,,4,0,0,7,255,,0,0,0
stim,3519,3519,0,903148.802,-0.274,0.228,-0.170,-0.919,0,0,0,0,0,0,0,0,44,1.158,392,0,83.074,2.446,52.660,63.580,9.260,-0.147,0.327,0.892,-2.436,-0.224,-1.354,0.000,0.000,1.307,0.979,2,NULL,NULL,,4,0,0,7,255,,0,0,0
stim,3519,3519,0,903153.802,-0.275,0.231,-0.171,-0.917,0,0,0,0,0,0,0,0,44,1.158,392,0,83.867,2.560,53.500,63.760,10.300,-0.159,0.320,0.915,-2.558,-0.104,-1.042,0.000,0.000,1.307,0.979,2,NULL,NULL,,4,0,0,7,255,,0,0,0
stim,3519,3519,0,903158.802,-0.275,0.234,-0.173,-0.916,0,0,0,0,0,0,0,0,44,1.158,392,0,82.644,2.689,51.500,63.820,10.240,-0.163,0.285,0.898,-2.688,0.066,-1.042,0.000,0.000,1.307,0.979,2,NULL,NULL,,4,0,0,7,255,,0,0,0
stim,3519,3519,0,903163.803,-0.275,0.237,-0.174,-0.915,0,0,0,0,0,0,0,0,44,1.158,392,0,82.513,2.769,51.500,63.640,10.300,-0.160,0.263,0.862,-2.748,0.338,-1.142,0.000,0.000,1.307,0.979,2,NULL,NULL,,4,0,0,7,255,,0,0,0
stim,3519,3519,0,903168.802,-0.275,0.240,-0.175,-0.914,0,0,0,0,0,0,0,0,44,1.158,392,0,83.997,2.784,54.300,62.960,11.960,-0.177,0.210,0.820,-2.748,0.448,-1.560,0.000,0.000,1.307,0.979,2,NULL,NULL,,4,0,0,7,255,,0,0,0
stim,3519,3519,0,903173.802,-0.276,0.243,-0.177,-0.913,0,0,0,0,0,0,0,0,44,1.158,392,0,85.517,2.811,58.020,61.080,14.700,-0.220,0.143,0.783,-2.662,0.902,-2.070,0.000,0.000,1.307,0.979,2,NULL,NULL,,4,0,0,7,255,,0,0,0
stim,3535,3535,0,903178.802,-0.276,0.246,-0.179,-0.912,0,0,0,0,0,0,0,0,44,1.158,392,0,86.561,2.977,62.780,57.660,15.060,-0.268,0.083,0.751,-2.492,1.628,-2.516,0.000,0.000,1.307,0.979,2,NULL,NULL,,4,0,0,7,255,,0,0,0
stim,3535,3535,0,903183.802,-0.276,0.249,-0.181,-0.911,0,0,0,0,0,0,0,0,44,1.158,392,0,89.035,3.271,69.860,53.860,12.080,-0.289,0.065,0.737,-2.284,2.342,-2.860,0.000,0.000,1.307,0.979,2,NULL,NULL,,4,0,0,7,255,,0,0,0
stim,3535,3535,0,903188.802,-0.275,0.251,-0.183,-0.910,0,0,0,0,0,0,0,0,44,1.158,392,0,92.609,3.462,77.680,49.660,8.720,-0.285,0.069,0.762,-2.284,2.602,-2.860,0.000,0.000,1.307,0.979,2,NULL,NULL,,4,0,0,7,255,,0,0,0
stim,3535,3535,0,903193.802,-0.275,0.254,-0.186,-0.908,0,0,0,0,0,0,0,0,44,1.158,392,0,94.321,3.535,82.080,45.820,7.740,-0.279,0.074,0.809,-2.386,2.608,-2.822,0.000,0.000,1.307,0.979,2,NULL,NULL,,4,0,0,7,255,,0,0,0
stim,3535,3535,0,903198.802,-0.275,0.256,-0.188,-0.907,0,0,0,0,0,0,0,0,44,1.158,392,0,91.770,3.799,81.220,42.100,7.260,-0.285,0.084,0.856,-2.732,2.640,-2.482,0.000,0.000,1.307,0.979,2,NULL,NULL,,4,0,0,7,255,,0,0,0
stim,3535,3535,0,903203.802,-0.274,0.259,-0.191,-0.906,0,0,0,0,0,0,0,0,44,1.158,392,0,86.295,4.026,76.880,38.860,5.120,-0.293,0.088,0.875,-2.984,2.702,-2.076,0.000,0.000,1.307,0.979,2,NULL,NULL,,4,0,0,7,255,,0,0,0
stim,3551,3551,0,903208.802,-0.273,0.261,-0.193,-0.905,0,0,0,0,0,0,0,0,44,1.158,392,0,80.854,4.124,72.480,35.800,1.520,-0.289,0.093,0.881,-3.070,2.754,-1.906,0.000,0.000,1.307,0.979,2,NULL,NULL,,4,0,0,7,255,,0,0,0
stim,3551,3551,0,903213.802,-0.273,0.263,-0.195,-0.905,0,0,0,0,0,0,0,0,44,1.158,392,0,76.204,4.195,68.580,33.180,-1.720,-0.278,0.090,0.889,-3.164,2.754,-1.906,0.000,0.000,1.307,0.979,2,NULL,NULL,,4,0,0,7,255,,0,0,0
stim,3551,3551,0,903218.803,-0.272,0.265,-0.197,-0.904,0,0,0,0,0,0,0,0,44,1.158,392,0,70.608,4.321,63.520,30.560,-4.100,-0.264,0.091,0.907,-3.338,2.744,-1.884,0.000,0.000,1.307,0.979,2,NULL,NULL,,4,0,0,7,255,,0,0,0
stim,3551,3551,0,903223.802,-0.271,0.266,-0.199,-0.903,0,0,0,0,0,0,0,0,44,1.158,392,0,63.519,4.487,56.140,28.840,-7.160,-0.245,0.099,0.918,-3.576,2.710,-1.842,0.000,0.000,1.307,0.979,2,NULL,NULL,,4,0,0,7,255,,0,0,0
stim,3567,3567,0,903228.802,-0.270,0.268,-0.200,-0.903,0,0,0,0,0,0,0,0,44,1.158,392,0,55.908,4.574,47.460,27.800,-10.020,-0.215,0.096,0.908,-3.780,2.576,-1.842,0.000,0.000,1.307,0.979,2,NULL,NULL,,4,0,0,7,255,,0,0,0
stim,3568,3568,0,903233.802,-0.269,0.269,-0.201,-0.902,0,0,0,0,0,0,0,0,44,1.158,392,0,49.804,4.634,39.900,27.380,-11.780,-0.179,0.084,0.883,-3.956,2.414,-2.052,0.000,0.000,1.307,0.979,2,NULL,NULL,,4,0,0,7,255,,0,0,0
stim,3584,3584,0,903238.802,-0.269,0.271,-0.201,-0.902,0,0,0,0,0,0,0,0,44,1.158,392,0,45.519,4.687,33.920,27.680,-12.460,-0.151,0.074,0.855,-4.106,2.260,-2.462,0.000,0.000,1.307,0.979,2,NULL,NULL,,4,0,0,7,255,,0,0,0
stim,3584,3584,0,903243.802,-0.268,0.272,-0.202,-0.902,0,0,0,0,0,0,0,0,44,1.158,392,0,43.014,4.685,29.460,28.600,-12.820,-0.133,0.069,0.832,-4.176,2.124,-2.840,0.000,0.000,1.307,0.979,2,NULL,NULL,,4,0,0,7,255,,0,0,0
stim,3584,3584,0,903248.802,-0.268,0.273,-0.202,-0.902,0,0,0,0,0,0,0,0,44,1.158,392,0,41.665,4.647,25.740,29.880,-13.440,-0.112,0.067,0.817,-4.186,2.018,-3.130,0.000,0.000,1.307,0.979,2,NULL,NULL,,4,0,0,7,255,,0,0,0
stim,3584,3584,0,903253.802,-0.267,0.275,-0.202,-0.901,0,0,0,0,0,0,0,0,44,1.158,392,0,40.641,4.655,21.460,31.660,-13.740,-0.081,0.065,0.802,-4.258,1.880,-3.346,0.000,0.000,1.307,0.979,2,NULL,NULL,,4,0,0,7,255,,0,0,0
stim,3615,3615,0,903258.802,-0.267,0.276,-0.202,-0.901,0,0,0,0,0,0,0,0,44,1.158,392,0,40.454,4.706,17.260,34.100,-13.260,-0.047,0.056,0.781,-4.396,1.680,-3.604,0.000,0.000,1.307,0.979,2,NULL,NULL,,4,0,0,7,255,,0,0,0
stim,3615,3615,0,903263.803,-0.266,0.277,-0.202,-0.901,0,0,0,0,0,0,0,0,44,1.158,392,0,40.931,4.777,14.020,36.720,-11.420,-0.021,0.037,0.751,-4.534,1.504,-3.954,0.000,0.000,1.307,0.979,2,NULL,NULL,,4,0,0,7,255,,0,0,0
stim,3615,3615,0,903268.802,-0.266,0.279,-0.201,-0.900,0,0,0,0,0,0,0,0,44,1.158,392,0,42.798,4.822,12.440,39.780,-9.720,0.003,0.017,0.720,-4.604,1.432,-4.390,0.000,0.000,1.307,0.979,2,NULL,NULL,,4,0,0,7,255,,0,0,0
stim,3615,3615,0,903273.802,-0.266,0.281,-0.201,-0.900,0,0,0,0,0,0,0,0,44,1.158,392,0,45.852,4.855,12.180,43.320,-8.800,0.030,0.008,0.699,-4.656,1.376,-4.834,0.000,0.000,1.307,0.979,2,NULL,NULL,,4,0,0,7,255,,0,0,0
stim,3615,3615,0,903278.802,-0.266,0.283,-0.201,-0.899,0,0,0,0,0,0,0,0,44,1.158,392,0,49.597,4.903,12.440,47.400,-7.640,0.060,0.002,0.686,-4.744,1.240,-5.166,0.000,0.000,1.307,0.979,2,NULL,NULL,,4,0,0,7,255,,0,0,0
stim,3615,3615,0,903283.802,-0.266,0.285,-0.201,-0.899,0,0,0,0,0,0,0,0,44,1.158,392,0,53.730,5.009,13.160,51.740,-6.060,0.085,0.004,0.690,-4.892,1.076,-5.428,0.000,0.000,1.307,0.979,2,NULL,NULL,,4,0,0,7,255,,0,0,0
stim,3631,3631,0,903288.802,-0.266,0.287,-0.200,-0.898,0,0,0,0,0,0,0,0,44,1.158,392,0,58.095,5.174,13.340,56.380,-4.280,0.104,0.006,0.705,-5.094,0.904,-5.506,0.000,0.000,1.307,0.979,2,NULL,NULL,,4,0,0,7,255,,0,0,0
stim,3631,3631,0,903293.802,-0.266,0.289,-0.200,-0.897,0,0,0,0,0,0,0,0,44,1.158,392,0,62.528,5.384,11.760,61.320,-3.360,0.121,0.009,0.726,-5.326,0.786,-5.506,0.000,0.000,1.307,0.979,2,NULL,NULL,,4,0,0,7,255,,0,0,0
stim,3631,3631,0,903298.802,-0.267,0.292,-0.199,-0.897,0,0,0,0,0,0,0,0,44,1.158,392,0,67.207,5.623,9.020,66.500,-3.620,0.146,0.022,0.743,-5.582,0.680,-5.446,0.000,0.000,1.307,0.979,2,NULL,NULL,,4,0,0,7,255,,0,0,0
stim,3631,3631,0,903303.802,-0.267,0.295,-0.198,-0.896,0,0,0,0,0,0,0,0,44,1.158,392,0,72.477,5.842,6.440,72.060,-4.340,0.178,0.047,0.764,-5.826,0.438,-5.386,0.000,0.000,1.307,0.979,2,NULL,NULL,,4,0,0,7,255,,0,0,0
stim,3648,3648,0,903308.802,-0.267,0.298,-0.197,-0.895,0,0,0,0,0,0,0,0,44,1.158,392,0,78.178,6.102,3.400,77.980,-4.400,0.214,0.064,0.792,-6.102,0.058,-5.294,0.000,0.000,1.307,0.979,2,NULL,NULL,,4,0,0,7,255,,0,0,0
stim,3648,3648,0,903313.802,-0.268,0.301,-0.196,-0.894,0,0,0,0,0,0,0,0,44,1.158,392,0,84.001,6.490,-1.240,83.900,-3.920,0.239,0.075,0.824,-6.484,-0.274,-5.202,0.000,0.000,1.307,0.979,2,NULL,NULL,,4,0,0,7,255,,0,0,0
stim,3664,3664,0,903318.802,-0.269,0.304,-0.195,-0.893,0,0,0,0,0,0,0,0,44,1.158,392,0,89.839,6.852,-6.360,89.520,-4.100,0.261,0.097,0.861,-6.834,-0.492,-5.084,0.000,0.000,1.307,0.979,2,NULL,NULL,,4,0,0,7,255,,0,0,0
stim,3664,3664,0,903323.802,-0.270,0.307,-0.193,-0.892,0,0,0,0,0,0,0,0,44,1.158,392,0,96.146,7.211,-12.280,95.200,-5.500,0.283,0.126,0.904,-7.168,-0.786,-4.850,0.000,0.000,1.307,0.979,2,NULL,NULL,,4,0,0,7,255,,0,0,0
stim,3664,3664,0,903328.802,-0.270,0.311,-0.191,-0.891,0,0,0,0,0,0,0,0,44,1.158,392,0,102.740,7.597,-20.720,100.380,-7.080,0.311,0.158,0.945,-7.512,-1.136,-4.554,0.000,0.000,1.307,0.979,2,NULL,NULL,,4,0,0,7,255,,0,0,0
stim,3664,3664,0,903333.802,-0.271,0.314,-0.188,-0.890,0,0,0,0,0,0,0,0,44,1.158,392,0,110.563,8.014,-32.440,105.380,-8.180,0.339,0.184,0.952,-7.862,-1.554,-4.310,0.000,0.000,1.307,0.979,2,NULL,NULL,,4,0,0,7,255,,0,0,0
stim,3679,3679,0,903338.802,-0.273,0.318,-0.185,-0.889,0,0,0,0,0,0,0,0,44,1.158,392,0,118.667,8.155,-43.780,109.900,-9.340,0.367,0.199,0.919,-7.908,-1.990,-4.310,0.000,0.000,1.307,0.979,2,NULL,NULL,,4,0,0,7,255,,0,0,0
stim,3679,3679,0,903343.802,-0.274,0.322,-0.181,-0.888,0,0,0,0,0,0,0,0,44,1.158,392,0,124.329,8.263,-49.280,113.620,-10.940,0.396,0.203,0.889,-7.908,-2.396,-4.650,0.000,0.000,1.307,0.979,2,NULL,NULL,,4,0,0,7,255,,0,0,0
stim,3679,3679,0,903348.802,-0.275,0.326,-0.178,-0.887,0,0,0,0,0,0,0,0,44,1.158,392,0,126.729,8.363,-50.500,115.640,-11.720,0.417,0.192,0.889,-7.908,-2.722,-5.046,0.000,0.000,1.307,0.979,2,NULL,NULL,,4,0,0,7,255,,0,0,0
stim,3728,3728,0,903353.802,-0.277,0.329,-0.174,-0.886,0,0,0,0,0,0,0,0,44,1.158,392,0,127.177,8.484,-53.420,114.900,-10.880,0.416,0.159,0.897,-8.036,-2.722,-5.266,0.000,0.000,1.307,0.979,2,NULL,NULL,,4,0,0,7,255,,0,0,0
stim,3728,3728,0,903358.802,-0.278,0.333,-0.170,-0.885,0,0,0,0,0,0,0,0,44,1.158,392,0,125.365,8.541,-56.660,111.300,-10.880,0.402,0.126,0.877,-8.112,-2.672,-5.424,0.000,0.000,1.307,0.979,2,NULL,NULL,,4,0,0,7,255,,0,0,0
stim,3728,3728,0,903363.803,-0.279,0.336,-0.166,-0.884,0,0,0,0,0,0,0,0,44,1.158,392,0,120.249,8.470,-56.060,105.560,-13.200,0.392,0.085,0.827,-8.112,-2.438,-5.702,0.000,0.000,1.307,0.979,2,NULL,NULL,,4,0,0,7,255,,0,0,0
stim,3728,3728,0,903368.802,-0.280,0.339,-0.163,-0.883,0,0,0,0,0,0,0,0,44,1.158,392,0,110.649,8.150,-49.520,97.940,-14.100,0.383,0.021,0.772,-7.854,-2.176,-6.232,0.000,0.000,1.307,0.979,2,NULL,NULL,,4,0,0,7,255,,0,0,0
stim,3728,3728,0,903373.802,-0.281,0.342,-0.160,-0.882,0,0,0,0,0,0,0,0,44,1.158,392,0,97.075,7.851,-38.220,88.300,-12.880,0.357,-0.040,0.732,-7.658,-1.732,-6.894,0.000,0.000,1.307,0.979,2,NULL,NULL,,4,0,0,7,255,,0,0,0
stim,3728,3728,0,903378.802,-0.282,0.344,-0.158,-0.882,0,0,0,0,0,0,0,0,44,1.158,392,0,81.837,7.562,-24.380,77.420,-10.440,0.291,-0.093,0.718,-7.470,-1.174,-7.344,0.000,0.000,1.307,0.979,2,NULL,NULL,,4,0,0,7,255,,0,0,0
stim,3728,3728,0,903383.802,-0.282,0.347,-0.157,-0.881,0,0,0,0,0,0,0,0,44,1.158,392,0,64.969,7.218,-8.620,63.940,-7.640,0.173,-0.064,0.751,-7.206,-0.414,-7.344,0.000,0.000,1.307,0.979,2,NULL,NULL,,4,0,0,7,255,,0,0,0
stim,3728,3728,0,903388.802,-0.282,0.348,-0.156,-0.880,0,0,0,0,0,0,0,0,44,1.158,392,0,50.548,6.696,2.960,49.720,-8.620,0.022,-0.010,0.821,-6.696,0.052,-6.374,0.000,0.000,1.307,0.979,2,NULL,NULL,,4,0,0,7,255,,0,0,0
stim,3745,3745,0,903393.802,-0.282,0.349,-0.155,-0.880,0,0,0,0,0,0,0,0,44,1.158,392,0,38.081,6.203,11.340,33.240,-14.720,-0.090,0.088,0.947,-6.184,0.486,-4.842,0.000,0.000,1.307,0.979,2,NULL,NULL,,4,0,0,7,255,,0,0,0
stim,3745,3745,0,903398.802,-0.281,0.350,-0.155,-0.880,0,0,0,0,0,0,0,0,44,1.158,392,0,34.616,6.203,10.960,19.140,-26.680,-0.140,0.253,1.083,-6.184,0.486,-2.940,0.000,0.000,1.307,0.979,2,NULL,NULL,,4,0,0,7,255,,0,0,0
stim,3745,3745,0,903403.802,-0.279,0.350,-0.154,-0.881,0,0,0,0,0,0,0,0,44,1.158,392,0,38.195,6.212,2.600,6.880,-37.480,-0.137,0.410,1.214,-6.194,-0.468,-1.008,0.000,0.000,1.307,0.979,2,NULL,NULL,,4,0,0,7,255,,0,0,0
stim,3745,3745,0,903408.802,-0.278,0.350,-0.152,-0.882,0,0,0,0,0,0,0,0,44,1.158,392,0,46.774,6.777,-15.580,-2.700,-44.020,-0.117,0.470,1.299,-6.568,-1.672,0.554,0.000,0.000,1.307,0.979,2,NULL,NULL,,4,0,0,7,255,,0,0,0
stim,3761,3761,0,903413.802,-0.277,0.349,-0.150,-0.883,0,0,0,0,0,0,0,0,44,1.158,392,0,62.416,7.401,-38.600,-10.460,-47.920,-0.113,0.462,1.303,-7.048,-2.258,1.252,0.000,0.000,1.307,0.979,2,NULL,NULL,,4,0,0,7,255,,0,0,0
stim,3761,3761,0,903418.803,-0.276,0.348,-0.147,-0.884,0,0,0,0,0,0,0,0,44,1.158,392,0,79.676,7.402,-57.760,-16.380,-52.380,-0.107,0.465,1.234,-7.048,-2.262,1.252,0.000,0.000,1.307,0.979,2,NULL,NULL,,4,0,0,7,255,,0,0,0
stim,3761,3761,0,903423.802,-0.275,0.346,-0.144,-0.885,0,0,0,0,0,0,0,0,44,1.158,392,0,90.663,7.000,-67.900,-21.500,-56.100,-0.083,0.482,1.153,-6.576,-2.400,0.796,0.000,0.000,1.307,0.979,2,NULL,NULL,,4,0,0,7,255,,0,0,0
stim,3761,3761,0,903428.802,-0.274,0.345,-0.140,-0.887,0,0,0,0,0,0,0,0,44,1.158,392,0,95.142,6.617,-72.460,-25.180,-56.280,-0.038,0.480,1.088,-6.014,-2.760,0.202,0.000,0.000,1.307,0.979,2,NULL,NULL,,4,0,0,7,255,,0,0,0
stim,3777,3777,0,903433.802,-0.273,0.343,-0.137,-0.888,0,0,0,0,0,0,0,0,44,1.158,392,0,95.046,6.528,-75.520,-27.860,-50.540,0.015,0.471,1.033,-5.758,-3.076,-0.490,0.000,0.000,1.307,0.979,2,NULL,NULL,,4,0,0,7,255,,0,0,0
stim,3777,3777,0,903438.802,-0.272,0.341,-0.133,-0.890,0,0,0,0,0,0,0,0,44,1.158,392,0,91.990,6.574,-77.300,-27.800,-41.400,0.053,0.465,0.956,-5.642,-3.374,-1.188,0.000,0.000,1.307,0.979,2,NULL,NULL,,4,0,0,7,255,,0,0,0
stim,3812,3812,0,903443.802,-0.272,0.339,-0.130,-0.891,0,0,0,0,0,0,0,0,44,1.158,392,0,83.949,6.375,-73.620,-26.080,-30.780,0.082,0.433,0.868,-5.288,-3.560,-1.948,0.000,0.000,1.307,0.979,2,NULL,NULL,,4,0,0,7,255,,0,0,0
stim,3812,3812,0,903448.802,-0.273,0.337,-0.128,-0.892,0,0,0,0,0,0,0,0,44,1.158,392,0,68.979,6.070,-62.400,-22.800,-18.560,0.099,0.358,0.786,-4.916,-3.560,-2.838,0.000,0.000,1.307,0.979,2,NULL,NULL,,4,0,0,7,255,,0,0,0
stim,3812,3812,0,903453.802,-0.273,0.335,-0.126,-0.893,0,0,0,0,0,0,0,0,44,1.158,392,0,47.707,5.624,-43.720,-18.520,-4.640,0.083,0.334,0.766,-4.698,-3.092,-3.790,0.000,0.000,1.307,0.979,2,NULL,NULL,,4,0,0,7,255,,0,0,0
stim,3812,3812,0,903458.802,-0.274,0.334,-0.126,-0.893,0,0,0,0,0,0,0,0,44,1.158,392,0,30.247,5.347,-24.120,-14.300,11.340,0.004,0.385,0.830,-4.534,-2.834,-3.790,0.000,0.000,1.307,0.979,2,NULL,NULL,,4,0,0,7,255,,0,0,0
stim,3813,3813,0,903463.803,-0.275,0.332,-0.126,-0.893,0,0,0,0,0,0,0,0,44,1.158,392,0,30.787,5.114,-12.040,-12.720,25.320,-0.123,0.463,0.965,-4.282,-2.796,-2.816,0.000,0.000,1.307,0.979,2,NULL,NULL,,4,0,0,7,255,,0,0,0
stim,3813,3813,0,903468.802,-0.277,0.331,-0.126,-0.893,0,0,0,0,0,0,0,0,44,1.158,392,0,35.626,4.943,-12.540,-11.980,31.120,-0.255,0.515,1.094,-4.142,-2.698,-0.832,0.000,0.000,1.307,0.979,2,NULL,NULL,,4,0,0,7,255,,0,0,0
stim,3813,3813,0,903473.802,-0.278,0.330,-0.125,-0.893,0,0,0,0,0,0,0,0,44,1.158,392,0,40.294,4.654,-20.840,-13.200,31.860,-0.370,0.543,1.172,-4.022,-2.342,1.030,0.000,0.000,1.307,0.979,2,NULL,NULL,,4,0,0,7,255,,0,0,0
stim,3845,3845,0,903478.802,-0.280,0.329,-0.125,-0.893,0,0,0,0,0,0,0,0,44,1.158,392,0,48.027,4.203,-32.860,-15.840,31.240,-0.467,0.566,1.208,-3.744,-1.910,2.342,0.000,0.000,1.307,0.979,2,NULL,NULL,,4,0,0,7,255,,0,0,0
stim,3845,3845,0,903483.802,-0.282,0.327,-0.124,-0.893,0,0,0,0,0,0,0,0,44,1.158,392,0,58.501,3.630,-46.900,-19.920,28.740,-0.556,0.608,1.218,-3.286,-1.542,3.238,0.000,0.000,1.307,0.979,2,NULL,NULL,,4,0,0,7,255,,0,0,0
stim,3845,3845,0,903488.802,-0.283,0.325,-0.122,-0.894,0,0,0,0,0,0,0,0,44,1.158,392,0,71.714,2.947,-63.440,-24.500,22.760,-0.620,0.633,1.197,-2.604,-1.380,3.972,0.000,0.000,1.307,0.979,2,NULL,NULL,,4,0,0,7,255,,0,0,0
stim,3845,3845,0,903493.802,-0.285,0.323,-0.119,-0.895,0,0,0,0,0,0,0,0,44,1.158,392,0,86.653,2.266,-80.040,-29.560,15.120,-0.651,0.604,1.131,-1.902,-1.232,3.972,0.000,0.000,1.307,0.979,2,NULL,NULL,,4,0,0,7,255,,0,0,0
stim,3845,3845,0,903498.802,-0.287,0.320,-0.116,-0.895,0,0,0,0,0,0,0,0,44,1.158,392,0,98.553,1.562,-91.640,-35.180,8.780,-0.653,0.549,1.043,-1.310,-0.850,3.864,0.000,0.000,1.307,0.979,2,NULL,NULL,,4,0,0,7,255,,0,0,0
stim,3845,3845,0,903503.802,-0.288,0.317,-0.113,-0.896,0,0,0,0,0,0,0,0,44,1.158,392,0,105.392,0.954,-96.820,-41.280,5.420,-0.646,0.493,0.964,-0.846,-0.440,3.040,0.000,0.000,1.307,0.979,2,NULL,NULL,,4,0,0,7,255,,0,0,0
stim,3845,3845,0,903508.802,-0.290,0.314,-0.110,-0.897,0,0,0,0,0,0,0,0,44,1.158,392,0,108.497,0.504,-97.980,-46.480,3.340,-0.642,0.465,0.904,-0.500,-0.062,2.220,0.000,0.000,1.307,0.979,2,NULL,NULL,,4,0,0,7,255,,0,0,0
stim,3845,3845,0,903513.802,-0.291,0.310,-0.107,-0.899,0,0,0,0,0,0,0,0,44,1.158,392,0,109.613,0.179,-97.620,-49.820,1.820,-0.634,0.445,0.842,-0.146,0.104,1.654,0.000,0.000,1.307,0.979,2,NULL,NULL,,4,0,0,7,255,,0,0,0
stim,3856,3856,0,903518.802,-0.293,0.307,-0.104,-0.900,0,0,0,0,0,0,0,0,44,1.158,392,0,106.390,0.293,-92.980,-51.660,2.180,-0.639,0.418,0.775,0.220,0.194,1.076,0.000,0.000,1.307,0.979,2,NULL,NULL,,4,0,0,7,255,,0,0,0
stim,3856,3856,0,903523.802,-0.294,0.304,-0.101,-0.901,0,0,0,0,0,0,0,0,44,1.158,392,0,98.024,0.779,-82.600,-52.580,4.620,-0.666,0.406,0.747,0.648,0.432,0.508,0.000,0.000,1.307,0.979,2,NULL,NULL,,4,0,0,7,255,,0,0,0
stim,3878,3878,0,903528.802,-0.295,0.300,-0.099,-0.902,0,0,0,0,0,0,0,0,44,1.158,392,0,88.034,1.218,-70.400,-52.460,6.460,-0.713,0.428,0.772,1.018,0.668,0.508,0.000,0.000,1.307,0.979,2,NULL,NULL,,4,0,0,7,255,,0,0,0
stim,3878,3878,0,903533.802,-0.296,0.297,-0.097,-0.902,0,0,0,0,0,0,0,0,44,1.158,392,0,81.056,1.521,-62.520,-51.240,5.980,-0.764,0.453,0.827,1.322,0.752,0.890,0.000,0.000,1.307,0.979,2,NULL,NULL,,4,0,0,7,255,,0,0,0
stim,3878,3878,0,903538.802,-0.297,0.294,-0.095,-0.903,0,0,0,0,0,0,0,0,44,1.158,392,0,78.593,1.699,-61.420,-48.980,2.320,-0.799,0.458,0.860,1.490,0.816,1.640,0.000,0.000,1.307,0.979,2,NULL,NULL,,4,0,0,7,255,,0,0,0
stim,3878,3878,0,903543.802,-0.298,0.292,-0.093,-0.904,0,0,0,0,0,0,0,0,44,1.158,392,0,78.040,1.866,-63.560,-45.260,-1.360,-0.813,0.442,0.833,1.600,0.960,1.884,0.000,0.000,1.307,0.979,2,NULL,NULL,,4,0,0,7,255,,0,0,0
stim,3879,3879,0,903548.802,-0.298,0.289,-0.091,-0.905,0,0,0,0,0,0,0,0,44,1.158,392,0,74.692,2.189,-62.040,-41.520,-2.460,-0.828,0.420,0.771,1.856,1.160,1.884,0.000,0.000,1.307,0.979,2,NULL,NULL,,4,0,0,7,255,,0,0,0
stim,3879,3879,0,903553.802,-0.299,0.287,-0.090,-0.906,0,0,0,0,0,0,0,0,44,1.158,392,0,67.218,2.706,-55.020,-38.540,-2.380,-0.862,0.414,0.733,2.300,1.426,1.396,0.000,0.000,1.307,0.979,2,NULL,NULL,,4,0,0,7,255,,0,0,0
stim,3922,3922,0,903558.802,-0.300,0.284,-0.088,-0.906,0,0,0,0,0,0,0,0,44,1.158,392,0,60.125,3.235,-47.500,-36.640,-4.040,-0.902,0.417,0.729,2.768,1.674,1.396,0.000,0.000,1.307,0.979,2,NULL,NULL,,4,0,0,7,255,,0,0,0
stim,3922,3922,0,903563.803,-0.300,0.282,-0.087,-0.907,0,0,0,0,0,0,0,0,44,1.158,392,0,57.351,3.634,-43.900,-36.040,-7.940,-0.928,0.407,0.729,3.112,1.876,1.408,0.000,0.000,1.307,0.979,2,NULL,NULL,,4,0,0,7,255,,0,0,0
stim,3922,3922,0,903568.802,-0.300,0.280,-0.085,-0.908,0,0,0,0,0,0,0,0,44,1.158,392,0,57.235,3.891,-42.620,-36.340,-11.780,-0.929,0.384,0.704,3.282,2.090,1.408,0.000,0.000,1.307,0.979,2,NULL,NULL,,4,0,0,7,255,,0,0,0
stim,3922,3922,0,903573.802,-0.300,0.278,-0.084,-0.909,0,0,0,0,0,0,0,0,44,1.158,392,0,56.059,4.078,-39.580,-37.440,-13.200,-0.924,0.347,0.659,3.386,2.272,1.208,0.000,0.000,1.307,0.979,2,NULL,NULL,,4,0,0,7,255,,0,0,0
stim,3922,3922,0,903578.802,-0.300,0.276,-0.083,-0.910,0,0,0,0,0,0,0,0,44,1.158,392,0,53.080,4.322,-33.100,-39.340,-13.200,-0.928,0.315,0.627,3.494,2.544,0.700,0.000,0.000,1.307,0.979,2,NULL,NULL,,4,0,0,7,255,,0,0,0
stim,3922,3922,0,903583.802,-0.299,0.274,-0.082,-0.910,0,0,0,0,0,0,0,0,44,1.158,392,0,51.493,4.572,-25.280,-42.800,-13.440,-0.928,0.302,0.619,3.596,2.824,0.346,0.000,0.000,1.307,0.979,2,NULL,NULL,,4,0,0,7,255,,0,0,0
stim,3936,3936,0,903588.802,-0.299,0.271,-0.082,-0.911,0,0,0,0,0,0,0,0,44,1.158,392,0,51.297,4.637,-18.760,-46.040,-12.640,-0.939,0.300,0.647,3.596,2.928,0.346,0.000,0.000,1.307,0.979,2,NULL,NULL,,4,0,0,7,255,,0,0,0
stim,3936,3936,0,903593.802,-0.299,0.269,-0.081,-0.912,0,0,0,0,0,0,0,0,44,1.158,392,0,47.027,4.705,-14.740,-43.420,-10.440,-0.971,0.309,0.676,3.634,2.988,0.480,0.000,0.000,1.307,0.979,2,NULL,NULL,,4,0,0,7,255,,0,0,0
stim,3936,3936,0,903598.802,-0.298,0.267,-0.081,-0.913,0,0,0,0,0,0,0,0,44,1.158,392,0,45.274,4.830,-10.820,-41.720,-13.860,-0.996,0.298,0.682,3.716,3.086,0.878,0.000,0.000,1.307,0.979,2,NULL,NULL,,4,0,0,7,255,,0,0,0
stim,3936,3936,0,903603.802,-0.297,0.266,-0.081,-0.913,0,0,0,0,0,0,0,0,44,1.158,392,0,45.750,4.975,-7.160,-40.800,-19.420,-0.989,0.258,0.707,3.716,3.308,1.000,0.000,0.000,1.307,0.979,2,NULL,NULL,,4,0,0,7,255,,0,0,0
stim,3952,3952,0,903608.802,-0.296,0.264,-0.081,-0.914,0,0,0,0,0,0,0,0,44,1.158,392,0,44.870,4.998,-4.780,-38.960,-21.740,-0.965,0.226,0.723,3.500,3.568,1.000,0.000,0.000,1.307,0.979,2,NULL,NULL,,4,0,0,7,255,,0,0,0
stim,3952,3952,0,903613.802,-0.296,0.262,-0.081,-0.915,0,0,0,0,0,0,0,0,44,1.158,392,0,42.649,4.837,-3.800,-36.960,-20.940,-0.951,0.212,0.735,3.146,3.674,0.934,0.000,0.000,1.307,0.979,2,NULL,NULL,,4,0,0,7,255,,0,0,0
stim,3968,3968,0,903618.803,-0.295,0.261,-0.081,-0.916,0,0,0,0,0,0,0,0,44,1.158,392,0,40.386,4.758,-2.820,-34.880,-20.160,-0.963,0.208,0.747,3.002,3.692,0.934,0.000,0.000,1.307,0.979,2,NULL,NULL,,4,0,0,7,255,,0,0,0
stim,3968,3968,0,903623.802,-0.294,0.259,-0.080,-0.916,0,0,0,0,0,0,0,0,44,1.158,392,0,39.346,4.830,-1.860,-32.860,-21.560,-0.979,0.205,0.766,3.002,3.784,1.048,0.000,0.000,1.307,0.979,2,NULL,NULL,,4,0,0,7,255,,0,0,0
stim,3968,3968,0,903628.802,-0.293,0.258,-0.080,-0.917,0,0,0,0,0,0,0,0,44,1.158,392,0,40.715,4.912,-3.680,-31.940,-24.980,-0.978,0.187,0.782,3.002,3.888,1.258,0.000,0.000,1.307,0.979,2,NULL,NULL,,4,0,0,7,255,,0,0,0
stim,3968,3968,0,903633.802,-0.292,0.257,-0.080,-0.918,0,0,0,0,0,0,0,0,44,1.158,392,0,42.516,4.858,-6.860,-30.960,-28.320,-0.955,0.180,0.785,2.878,3.914,1.258,0.000,0.000,1.307,0.979,2,NULL,NULL,,4,0,0,7,255,,0,0,0
stim,3984,3984,0,903638.802,-0.291,0.255,-0.079,-0.919,0,0,0,0,0,0,0,0,44,1.158,392,0,43.229,4.766,-9.780,-30.300,-29.240,-0.924,0.182,0.783,2.720,3.914,1.214,0.000,0.000,1.307,0.979,2,NULL,NULL,,4,0,0,7,255,,0,0,0
stim,3984,3984,0,903643.802,-0.290,0.254,-0.079,-0.920,0,0,0,0,0,0,0,0,44,1.158,392,0,42.703,4.525,-11.980,-29.380,-28.580,-0.901,0.176,0.786,2.582,3.716,1.056,0.000,0.000,1.307,0.979,2,NULL,NULL,,4,0,0,7,255,,0,0,0
stim,4016,4016,0,903648.802,-0.289,0.252,-0.078,-0.920,0,0,0,0,0,0,0,0,44,1.158,392,0,42.557,4.358,-15.040,-28.040,-28.260,-0.884,0.166,0.792,2.432,3.616,0.948,0.000,0.000,1.307,0.979,2,NULL,NULL,,4,0,0,7,255,,0,0,0
stim,4016,4016,0,903653.802,-0.288,0.251,-0.077,-0.921,0,0,0,0,0,0,0,0,44,1.158,392,0,42.607,4.244,-18.080,-26.200,-28.320,-0.866,0.166,0.792,2.282,3.578,0.886,0.000,0.000,1.307,0.979,2,NULL,NULL,,4,0,0,7,255,,0,0,0
stim,4016,4016,0,903658.802,-0.287,0.250,-0.076,-0.922,0,0,0,0,0,0,0,0,44,1.158,392,0,41.480,4.097,-20.040,-24.020,-27.240,-0.842,0.165,0.798,2.198,3.458,0.798,0.000,0.000,1.307,0.979,2,NULL,NULL,,4,0,0,7,255,,0,0,0
stim,4016,4016,0,903663.803,-0.286,0.249,-0.075,-0.922,0,0,0,0,0,0,0,0,44,1.158,392,0,38.924,3.884,-21.380,-21.140,-24.720,-0.819,0.157,0.814,2.042,3.304,0.742,0.000,0.000,1.307,0.979,2,NULL,NULL,,4,0,0,7,255,,0,0,0
stim,4016,4016,0,903668.802,-0.285,0.248,-0.074,-0.923,0,0,0,0,0,0,0,0,44,1.158,392,0,36.406,3.684,-23.220,-17.180,-22.160,-0.800,0.141,0.833,1.800,3.214,0.742,0.000,0.000,1.307,0.979,2,NULL,NULL,,4,0,0,7,255,,0,0,0
stim,4016,4016,0,903673.802,-0.285,0.247,-0.072,-0.923,0,0,0,0,0,0,0,0,44,1.158,392,0,34.718,3.554,-25.480,-11.620,-20.520,-0.781,0.125,0.846,1.526,3.210,0.752,0.000,0.000,1.307,0.979,2,NULL,NULL,,4,0,0,7,255,,0,0,0
stim,4016,4016,0,903678.802,-0.285,0.246,-0.071,-0.924,0,0,0,0,0,0,0,0,44,1.158,392,0,33.566,3.447,-27.000,-3.680,-19.600,-0.750,0.111,0.838,1.290,3.196,0.752,0.000,0.000,1.307,0.979,2,NULL,NULL,,4,0,0,7,255,,0,0,0
stim,4031,4031,0,903683.802,-0.284,0.246,-0.069,-0.924,0,0,0,0,0,0,0,0,44,1.158,392,0,31.658,3.295,-26.140,6.380,-16.680,-0.720,0.090,0.813,1.072,3.116,0.512,0.000,0.000,1.307,0.979,2,NULL,NULL,,4,0,0,7,255,,0,0,0
stim,4031,4031,0,903688.802,-0.284,0.247,-0.067,-0.924,0,0,0,0,0,0,0,0,44,1.158,392,0,29.928,3.250,-22.360,16.820,-10.620,-0.720,0.077,0.799,0.924,3.116,0.126,0.000,0.000,1.307,0.979,2,NULL,NULL,,4,0,0,7,255,,0,0,0
stim,4031,4031,0,903693.802,-0.284,0.248,-0.066,-0.924,0,0,0,0,0,0,0,0,44,1.158,392,0,32.305,3.292,-18.140,26.220,-5.200,-0.750,0.095,0.811,0.924,3.160,0.126,0.000,0.000,1.307,0.979,2,NULL,NULL,,4,0,0,7,255,,0,0,0
stim,4031,4031,0,903698.802,-0.285,0.249,-0.065,-0.924,0,0,0,0,0,0,0,0,44,1.158,392,0,38.057,3.358,-15.580,34.520,-3.740,-0.780,0.124,0.834,1.136,3.160,0.276,0.000,0.000,1.307,0.979,2,NULL,NULL,,4,0,0,7,255,,0,0,0
stim,4031,4031,0,903703.802,-0.285,0.250,-0.063,-0.923,0,0,0,0,0,0,0,0,44,1.158,392,0,43.559,3.354,-16.020,40.260,-4.460,-0.792,0.120,0.853,1.280,3.100,0.690,0.000,0.000,1.307,0.979,2,NULL,NULL,,4,0,0,7,255,,0,0,0
stim,4047,4047,0,903708.802,-0.285,0.251,-0.062,-0.923,0,0,0,0,0,0,0,0,44,1.158,392,0,48.219,3.354,-18.880,43.980,-5.860,-0.789,0.105,0.865,1.280,3.100,0.898,0.000,0.000,1.307,0.979,2,NULL,NULL,,4,0,0,7,255,,0,0,0
stim,4047,4047,0,903713.802,-0.285,0.253,-0.060,-0.923,0,0,0,0,0,0,0,0,44,1.158,392,0,51.632,3.288,-22.060,46.120,-7.220,-0.780,0.114,0.861,1.096,3.100,0.920,0.000,0.000,1.307,0.979,2,NULL,NULL,,4,0,0,7,255,,0,0,0
stim,4064,4064,0,903718.802,-0.285,0.254,-0.058,-0.922,0,0,0,0,0,0,0,0,44,1.158,392,0,52.446,3.193,-21.620,46.920,-9.040,-0.780,0.114,0.925,1.078,3.006,0.964,0.000,0.000,1.307,0.979,2,NULL,NULL,,4,0,0,7,255,,0,0,0
stim,4064,4064,0,903723.802,-0.285,0.257,-0.065,-0.921,0,0,0,0,0,0,0,0,44,1.158,392,0,172.307,3.001,160.200,16.220,61.340,-1.025,0.250,2.101,0.716,2.914,1.460,0.000,0.000,1.307,0.979,2,NULL,NULL,,4,0,0,7,255,,0,0,0
stim,4064,4064,0,903728.802,-0.289,0.256,-0.074,-0.920,0,0,0,4,0,0,0,0,44,1.158,392,0,217.723,4.278,158.480,-53.120,139.520,-0.703,1.616,3.237,-3.430,2.556,12.564,0.000,0.000,1.307,0.979,2,NULL,NULL,,4,0,0,7,255,,0,0,0
stim,4079,4079,0,903733.802,-0.291,0.253,-0.064,-0.920,0,0,0,117,0,0,0,0,44,1.158,392,0,238.190,5.363,-237.700,-5.020,-14.420,-0.765,0.522,2.715,-5.168,-1.434,17.114,0.000,0.000,1.307,0.979,2,NULL,NULL,,4,0,0,7,255,,0,0,0
stim,4079,4079,0,903738.802,-0.294,0.248,-0.048,-0.922,119,0,0,320,0,0,0,0,44,1.158,392,0,382.798,5.711,-378.080,8.700,-59.280,-0.349,0.457,1.042,-5.168,-2.430,17.114,0.000,0.000,1.307,0.979,2,NULL,NULL,,4,0,0,7,255,,0,0,0
stim,4079,4079,0,903743.802,-0.297,0.244,-0.037,-0.922,275,0,0,615,0,0,0,0,44,1.158,392,0,274.171,1.661,-273.520,-15.520,-10.760,-0.077,0.043,-0.107,-0.838,-1.434,1.188,0.000,0.000,1.307,0.979,2,NULL,NULL,,4,0,0,7,255,,0,0,0
stim,4112,4112,0,903748.802,-0.298,0.241,-0.032,-0.923,446,0,0,841,0,0,0,0,44,1.158,392,0,152.194,0.993,-149.120,-23.820,-18.940,0.218,0.052,-0.337,0.368,-0.922,-10.580,0.000,0.000,1.307,0.979,2,NULL,NULL,,4,0,0,7,255,,0,0,0
stim,4112,4112,0,903753.802,-0.300,0.240,-0.034,-0.923,560,0,0,1021,0,0,0,0,44,1.158,392,0,79.668,0.608,49.840,-36.700,50.160,-0.036,-0.170,0.285,0.368,0.484,-10.580,0.000,0.000,1.307,0.979,2,NULL,NULL,,4,0,0,7,255,,0,0,0
stim,4128,4128,0,903758.802,-0.301,0.239,-0.040,-0.922,625,0,0,1109,0,0,0,0,44,1.158,392,0,123.522,2.274,96.420,-38.780,66.760,-0.310,0.013,1.174,-2.176,0.662,-7.910,0.000,0.000,1.307,0.979,2,NULL,NULL,,4,0,0,7,255,,0,0,0
stim,4128,4128,0,903763.803,-0.301,0.238,-0.043,-0.922,679,0,0,1178,0,0,0,0,44,1.158,392,0,84.101,3.252,67.000,-40.800,30.320,-0.589,0.288,1.720,-3.184,0.662,1.182,0.000,0.000,1.307,0.979,2,NULL,NULL,,4,0,0,7,255,,0,0,0
stim,4155,4155,0,903768.802,-0.301,0.237,-0.042,-0.923,661,0,0,1196,0,0,0,0,44,1.158,392,0,26.534,3.212,-10.880,-17.420,-16.800,-0.604,0.474,1.824,-3.184,-0.426,7.636,0.000,0.000,1.307,0.979,2,NULL,NULL,,4,0,0,7,255,,0,0,0
stim,4155,4155,0,903773.802,-0.299,0.236,-0.039,-0.924,603,0,0,1171,0,0,0,0,44,1.158,392,0,83.157,3.055,-57.280,4.440,-60.120,-0.352,0.314,1.310,-2.578,-1.640,7.636,0.000,0.000,1.307,0.979,2,NULL,NULL,,4,0,0,7,255,,0,0,0
stim,4155,4155,0,903778.802,-0.297,0.236,-0.036,-0.924,530,0,0,1105,0,0,0,0,44,1.158,392,0,82.846,3.055,-46.280,11.760,-67.700,-0.098,-0.097,0.916,-2.578,-1.640,3.166,0.000,0.000,1.307,0.979,2,NULL,NULL,,4,0,0,7,255,,0,0,0
stim,4155,4155,0,903783.802,-0.295,0.237,-0.035,-0.925,413,0,0,973,0,0,0,0,44,1.158,392,0,49.309,4.473,-5.280,20.180,-44.680,-0.042,-0.381,0.700,-4.430,0.616,-2.150,0.000,0.000,1.307,0.979,2,NULL,NULL,,4,0,0,7,255,,0,0,0
stim,4155,4155,0,903788.802,-0.295,0.237,-0.035,-0.925,268,0,0,871,0,0,0,0,44,1.158,392,0,36.974,5.587,27.260,20.660,-14.040,-0.182,-0.483,0.697,-4.820,2.826,-4.382,0.000,0.000,1.307,0.979,2,NULL,NULL,,4,0,0,7,255,,0,0,0
stim,4155,4155,0,903793.802,-0.294,0.239,-0.036,-0.925,200,0,0,777,0,0,0,0,44,1.158,392,0,50.486,6.540,45.460,21.940,-0.920,-0.330,-0.392,0.755,-4.820,4.420,-4.382,0.000,0.000,1.307,0.979,2,NULL,NULL,,4,0,0,7,255,,0,0,0
stim,4155,4155,0,903798.802,-0.293,0.240,-0.038,-0.925,117,0,0,596,0,0,0,0,44,1.158,392,0,63.241,5.731,58.140,23.160,-9.100,-0.360,-0.187,0.878,-3.648,4.420,-3.044,0.000,0.000,1.307,0.979,2,NULL,NULL,,4,0,0,7,255,,0,0,0
stim,4155,4155,0,903803.802,-0.292,0.242,-0.040,-0.925,44,0,0,501,0,0,0,0,44,1.158,392,0,67.044,4.147,59.120,27.200,-16.120,-0.324,0.019,0.987,-3.018,2.844,-1.470,0.000,0.000,1.307,0.979,2,NULL,NULL,,4,0,0,7,255,,0,0,0
stim,4155,4155,0,903808.802,-0.291,0.243,-0.041,-0.924,0,0,0,421,0,0,0,0,44,1.158,392,0,54.446,2.916,43.680,29.400,-13.860,-0.313,0.098,1.035,-2.778,0.888,-0.316,0.000,0.000,1.307,0.979,2,NULL,NULL,,4,0,0,7,255,,0,0,0
stim,4155,4155,0,903813.802,-0.290,0.245,-0.041,-0.924,0,0,0,347,0,0,0,0,44,1.158,392,0,38.996,2.821,24.400,29.520,-7.340,-0.346,0.056,0.984,-2.726,0.724,-0.180,0.000,0.000,1.307,0.979,2,NULL,NULL,,4,0,0,7,255,,0,0,0
stim,4159,4159,0,903818.803,-0.290,0.245,-0.041,-0.924,0,0,0,275,0,0,0,0,44,1.158,392,0,30.486,2.587,11.400,27.920,-4.460,-0.391,-0.011,0.862,-2.484,0.724,-0.180,0.000,0.000,1.307,0.979,2,NULL,NULL,,4,0,0,7,255,,0,0,0
stim,4159,4159,0,903823.802,-0.290,0.246,-0.041,-0.924,0,0,0,267,0,0,0,0,44,1.158,392,0,28.912,2.511,13.960,24.700,-5.560,-0.426,-0.041,0.756,-1.922,1.616,-1.126,0.000,0.000,1.307,0.979,2,NULL,NULL,,4,0,0,7,255,,0,0,0
stim,4176,4176,0,903828.802,-0.289,0.247,-0.041,-0.924,0,0,0,247,0,0,0,0,44,1.158,392,0,34.613,2.380,27.080,19.760,-8.620,-0.437,-0.012,0.744,-1.312,1.986,-1.906,0.000,0.000,1.307,0.979,2,NULL,NULL,,4,0,0,7,255,,0,0,0
stim,4176,4176,0,903833.802,-0.288,0.248,-0.042,-0.924,0,0,0,238,0,0,0,0,44,1.158,392,0,39.593,2.380,34.520,14.440,-12.940,-0.415,0.019,0.819,-1.312,1.986,-1.906,0.000,0.000,1.307,0.979,2,NULL,NULL,,4,0,0,7,255,,0,0,0
stim,4176,4176,0,903838.802,-0.287,0.248,-0.043,-0.924,0,0,0,249,0,0,0,0,44,1.158,392,0,33.507,2.117,30.140,8.580,-11.860,-0.365,0.023,0.900,-1.442,1.550,-1.322,0.000,0.000,1.307,0.979,2,NULL,NULL,,4,0,0,7,255,,0,0,0
stim,4176,4176,0,903843.802,-0.287,0.248,-0.043,-0.924,0,0,0,281,0,0,0,0,44,1.158,392,0,18.648,2.467,16.460,3.580,-8.000,-0.328,0.003,0.924,-2.172,1.170,-0.892,0.000,0.000,1.307,0.979,2,NULL,NULL,,4,0,0,7,255,,0,0,0
stim,4176,4176,0,903848.802,-0.287,0.247,-0.042,-0.924,0,0,0,317,0,0,0,0,44,1.158,392,0,6.758,2.829,5.420,-2.700,-3.000,-0.318,0.004,0.908,-2.598,1.120,-0.892,0.000,0.000,1.307,0.979,2,NULL,NULL,,4,0,0,7,255,,0,0,0
stim,4212,4212,0,903853.802,-0.287,0.246,-0.042,-0.925,0,0,0,381,0,0,0,0,44,1.158,392,0,8.358,2.832,-0.580,-8.320,0.540,-0.310,0.012,0.913,-2.622,1.070,-1.048,0.000,0.000,1.307,0.979,2,NULL,NULL,,4,0,0,7,255,,0,0,0
stim,4212,4212,0,903858.802,-0.287,0.245,-0.042,-0.925,44,0,0,471,0,0,0,0,44,1.158,392,0,14.292,2.790,-4.720,-12.780,4.320,-0.284,0.006,0.956,-2.622,0.954,-1.048,0.000,0.000,1.307,0.979,2,NULL,NULL,,4,0,0,7,255,,0,0,0
stim,4213,4213,0,903863.803,-0.288,0.243,-0.041,-0.925,139,0,0,571,0,0,0,0,44,1.158,392,0,23.885,3.165,-14.740,-15.720,10.300,-0.267,-0.028,0.970,-3.018,0.954,-0.834,0.000,0.000,1.307,0.979,2,NULL,NULL,,4,0,0,7,255,,0,0,0
stim,4213,4213,0,903868.802,-0.289,0.242,-0.040,-0.925,235,0,0,744,0,0,0,0,44,1.158,392,0,37.687,3.280,-26.440,-17.900,20.020,-0.297,-0.062,0.939,-3.126,0.992,-0.834,0.000,0.000,1.307,0.979,2,NULL,NULL,,4,0,0,7,255,,0,0,0
stim,4213,4213,0,903873.802,-0.291,0.240,-0.039,-0.925,301,0,0,875,0,0,0,0,44,1.158,392,0,44.879,3.445,-30.540,-19.980,26.120,-0.339,-0.035,0.892,-3.126,1.448,-1.014,0.000,0.000,1.307,0.979,2,NULL,NULL,,4,0,0,7,255,,0,0,0
stim,4213,4213,0,903878.802,-0.292,0.239,-0.038,-0.925,443,0,0,1007,0,0,0,0,44,1.158,392,0,42.105,2.844,-28.960,-20.400,22.760,-0.374,0.021,0.879,-2.448,1.448,-1.014,0.000,0.000,1.307,0.979,2,NULL,NULL,,4,0,0,7,255,,0,0,0
stim,4244,4244,0,903883.802,-0.293,0.237,-0.038,-0.925,571,0,0,1128,0,0,0,0,44,1.158,392,0,35.298,2.373,-25.600,-20.220,13.480,-0.378,0.047,0.958,-2.022,1.242,-0.976,0.000,0.000,1.307,0.979,2,NULL,NULL,,4,0,0,7,255,,0,0,0
stim,4244,4244,0,903888.802,-0.293,0.236,-0.037,-0.926,686,0,0,1272,0,0,0,0,44,1.158,392,0,30.716,2.243,-25.480,-17.120,1.080,-0.348,0.082,1.073,-2.022,0.970,-0.234,0.000,0.000,1.307,0.979,2,NULL,NULL,,4,0,0,7,255,,0,0,0
stim,4244,4244,0,903893.802,-0.293,0.235,-0.035,-0.926,823,0,0,1427,0,0,0,0,44,1.158,392,0,39.902,2.608,-36.460,-12.180,-10.700,-0.314,0.056,1.141,-2.578,0.394,0.676,0.000,0.000,1.307,0.979,2,NULL,NULL,,4,0,0,7,255,,0,0,0
stim,4244,4244,0,903898.802,-0.293,0.234,-0.033,-0.926,913,0,0,1495,0,0,0,0,44,1.158,392,0,49.710,3.258,-47.500,-8.880,-11.660,-0.294,0.031,1.101,-3.234,0.394,0.676,0.000,0.000,1.307,0.979,2,NULL,NULL,,4,0,0,7,255,,0,0,0
stim,4244,4244,0,903903.802,-0.293,0.233,-0.031,-0.927,973,0,0,1571,0,0,0,3,44,1.158,392,0,37.680,3.283,-34.080,-3.440,-15.700,-0.243,0.108,1.159,-3.268,0.314,1.002,0.000,0.000,1.307,0.979,2,NULL,NULL,,4,0,0,7,255,,0,0,0
stim,4244,4244,0,903908.802,-0.292,0.233,-0.030,-0.927,991,0,0,1595,0,21,0,3,44,1.158,392,0,37.699,3.402,-19.240,10.420,-30.700,-0.247,0.059,1.101,-3.400,-0.122,0.590,0.000,0.000,1.307,0.979,2,NULL,NULL,,4,0,0,7,255,,0,0,0
stim,4261,4261,0,903913.802,-0.292,0.232,-0.028,-0.927,991,0,0,1593,0,18,0,1,44,1.158,392,0,28.803,3.466,-26.140,5.900,-10.560,-0.170,-0.118,0.955,-3.464,-0.122,0.440,0.000,0.000,1.307,0.979,2,NULL,NULL,,4,0,0,7,255,,0,0,0
stim,4261,4261,0,903918.802,-0.293,0.231,-0.027,-0.927,983,0,0,1591,0,21,0,29,44,1.158,392,0,13.589,3.555,-9.480,6.620,7.140,-0.239,-0.096,0.840,-3.400,1.038,-1.464,0.000,0.000,1.307,0.979,2,NULL,NULL,,4,0,0,7,255,,0,0,0
stim,4261,4261,0,903923.802,-0.293,0.231,-0.027,-0.927,945,0,0,1576,0,9,0,30,44,1.158,392,0,17.966,3.277,10.420,3.700,14.160,-0.320,-0.046,0.871,-2.982,1.358,-1.464,0.000,0.000,1.307,0.979,2,NULL,NULL,,4,0,0,7,255,,0,0,0
stim,4261,4261,0,903928.802,-0.294,0.231,-0.028,-0.927,925,0,0,1563,0,5,0,29,44,1.158,392,0,19.312,3.129,16.940,4.620,8.040,-0.340,-0.105,0.942,-2.818,1.360,-1.362,0.000,0.000,1.307,0.979,2,NULL,NULL,,4,0,0,7,255,,0,0,0
stim,4277,4277,0,903933.802,-0.294,0.230,-0.027,-0.927,901,0,0,1545,0,6,0,26,44,1.158,392,0,10.629,3.300,8.640,4.120,4.620,-0.292,-0.125,0.976,-2.818,1.718,-0.766,0.000,0.000,1.307,0.979,2,NULL,NULL,,4,0,0,7,255,,0,0,0
stim,4277,4277,0,903938.802,-0.294,0.230,-0.027,-0.927,899,0,0,1551,0,3,0,35,44,1.158,392,0,8.339,3.692,2.300,5.960,5.360,-0.252,-0.081,0.941,-3.268,1.718,-0.766,0.000,0.000,1.307,0.979,2,NULL,NULL,,4,0,0,7,255,,0,0,0
stim,4277,4277,0,903943.802,-0.295,0.229,-0.026,-0.927,892,0,0,1548,0,5,0,39,44,1.158,392,0,12.825,3.475,2.840,7.180,10.240,-0.260,-0.046,0.913,-3.268,1.180,-1.124,0.000,0.000,1.307,0.979,2,NULL,NULL,,4,0,0,7,255,,0,0,0
stim,4277,4277,0,903948.802,-0.295,0.229,-0.026,-0.927,901,0,0,1557,0,0,0,31,44,1.158,392,0,15.343,3.075,4.860,7.840,12.260,-0.305,-0.030,0.929,-2.886,1.060,-1.124,0.000,0.000,1.307,0.979,2,NULL,NULL,,4,0,0,7,255,,0,0,0
stim,4321,4321,0,903953.802,-0.296,0.229,-0.026,-0.927,911,0,0,1579,0,19,0,29,44,1.158,392,0,12.403,2.776,3.760,8.880,7.800,-0.328,-0.027,0.957,-2.566,1.060,-0.898,0.000,0.000,1.307,0.979,2,NULL,NULL,,4,0,0,7,255,,0,0,0
stim,4321,4321,0,903958.802,-0.296,0.228,-0.025,-0.927,939,0,0,1603,0,29,0,41,44,1.158,392,0,9.862,2.776,-0.200,9.380,3.040,-0.303,-0.020,0.967,-2.566,1.060,-0.552,0.000,0.000,1.307,0.979,2,NULL,NULL,,4,0,0,7,255,,0,0,0
stim,4321,4321,0,903963.803,-0.296,0.228,-0.025,-0.927,957,0,0,1627,0,26,0,45,44,1.158,392,0,10.902,2.838,-2.700,10.040,3.280,-0.269,-0.019,0.957,-2.688,0.910,-0.552,0.000,0.000,1.307,0.979,2,NULL,NULL,,4,0,0,7,255,,0,0,0
stim,4321,4321,0,903968.802,-0.297,0.227,-0.024,-0.927,997,0,0,1641,0,36,0,59,44,1.158,392,0,13.608,2.971,-3.200,10.100,8.540,-0.264,-0.033,0.949,-2.858,0.812,-0.796,0.000,0.000,1.307,0.979,2,NULL,NULL,,4,0,0,7,255,,0,0,0
stim,4321,4321,0,903973.802,-0.297,0.227,-0.023,-0.927,1018,0,0,1667,0,33,0,79,44,1.158,392,0,17.372,2.971,-3.740,10.300,13.480,-0.292,-0.054,0.947,-2.858,0.812,-0.824,0.000,0.000,1.307,0.979,2,NULL,NULL,,4,0,0,7,255,,0,0,0
stim,4321,4321,0,903978.802,-0.298,0.227,-0.023,-0.927,1051,0,0,1675,0,41,8,95,44,1.158,392,0,18.175,3.039,-3.980,9.920,14.700,-0.316,-0.057,0.938,-2.826,1.118,-0.824,0.000,0.000,1.307,0.979,2,NULL,NULL,,4,0,0,7,255,,0,0,0
stim,4342,4342,0,903983.802,-0.299,0.226,-0.022,-0.927,1087,0,0,1703,0,44,34,101,44,1.158,392,0,16.737,2.892,-1.980,9.380,13.720,-0.321,-0.044,0.921,-2.622,1.220,-0.824,0.000,0.000,1.307,0.979,2,NULL,NULL,,4,0,0,7,255,,0,0,0
stim,4342,4342,0,903988.802,-0.299,0.226,-0.022,-0.927,1109,0,0,1719,0,75,56,95,44,1.158,392,0,16.295,2.794,1.380,9.140,13.420,-0.311,-0.043,0.924,-2.514,1.220,-0.890,0.000,0.000,1.307,0.979,2,NULL,NULL,,4,0,0,7,255,,0,0,0
stim,4342,4342,0,903993.802,-0.300,0.226,-0.022,-0.927,1144,0,0,1757,0,76,61,104,44,1.158,392,0,17.769,2.760,3.640,8.700,15.060,-0.306,-0.041,0.944,-2.514,1.140,-0.890,0.000,0.000,1.307,0.979,2,NULL,NULL,,4,0,0,7,255,,0,0,0
stim,4342,4342,0,903998.802,-0.301,0.226,-0.021,-0.926,1182,0,0,1771,0,82,71,122,44,1.158,392,0,19.152,2.830,3.100,8.580,16.840,-0.311,-0.042,0.958,-2.616,1.080,-0.756,0.000,0.000,1.307,0.979,2,NULL,NULL,,4,0,0,7,255,,0,0,0
stim,4342,4342,0,904003.802,-0.302,0.225,-0.021,-0.926,1221,0,0,1788,0,93,62,126,44,1.158,392,0,19.786,2.830,2.120,8.460,17.760,-0.321,-0.036,0.953,-2.616,1.080,-0.616,0.000,0.000,1.307,0.979,2,NULL,NULL,,4,0,0,7,255,,0,0,0
stim,4343,4343,0,904008.802,-0.302,0.225,-0.021,-0.926,1247,0,0,1812,0,103,72,145,44,1.158,392,0,19.570,2.745,2.660,8.220,17.560,-0.330,-0.018,0.947,-2.524,1.080,-0.600,0.000,0.000,1.307,0.979,2,NULL,NULL,,4,0,0,7,255,,0,0,0
stim,4343,4343,0,904013.802,-0.303,0.225,-0.021,-0.926,1288,0,0,1823,2,103,79,163,44,1.158,392,0,18.962,2.542,4.800,8.220,16.400,-0.331,-0.007,0.951,-2.334,1.006,-0.582,0.000,0.000,1.307,0.979,2,NULL,NULL,,4,0,0,7,255,,0,0,0
stim,4351,4351,0,904018.803,-0.304,0.225,-0.021,-0.926,1312,0,0,1839,39,104,77,181,44,1.158,392,0,18.571,2.460,6.020,8.040,15.620,-0.331,0.002,0.962,-2.284,0.914,-0.522,0.000,0.000,1.307,0.979,2,NULL,NULL,,4,0,0,7,255,,0,0,0
stim,4351,4351,0,904023.802,-0.304,0.224,-0.021,-0.926,1361,0,0,1856,37,119,92,220,44,1.158,392,0,17.727,2.429,5.600,7.840,14.880,-0.329,0.008,0.972,-2.284,0.828,-0.410,0.000,0.000,1.307,0.979,2,NULL,NULL,,4,0,0,7,255,,0,0,0
stim,4367,4367,0,904028.802,-0.305,0.224,-0.021,-0.925,1396,0,0,1862,49,119,105,235,44,1.158,392,0,16.350,2.437,3.760,8.160,13.660,-0.328,0.002,0.975,-2.306,0.788,-0.330,0.000,0.000,1.307,0.979,2,NULL,NULL,,4,0,0,7,255,,0,0,0
stim,4367,4367,0,904033.802,-0.305,0.224,-0.020,-0.925,1419,0,0,1896,54,119,117,283,44,1.158,392,0,14.847,2.482,1.740,8.100,12.320,-0.321,-0.006,0.967,-2.354,0.788,-0.330,0.000,0.000,1.307,0.979,2,NULL,NULL,,4,0,0,7,255,,0,0,0
stim,4367,4367,0,904038.802,-0.306,0.224,-0.020,-0.925,1437,0,0,1913,60,115,117,294,44,1.158,392,0,14.062,2.494,0.520,8.460,11.220,-0.313,-0.003,0.952,-2.366,0.788,-0.424,0.000,0.000,1.307,0.979,2,NULL,NULL,,4,0,0,7,255,,0,0,0
stim,4367,4367,0,904043.802,-0.306,0.223,-0.019,-0.925,1478,0,0,1940,109,112,125,326,44,1.158,392,0,13.278,2.515,0.280,8.520,10.180,-0.304,-0.002,0.948,-2.394,0.770,-0.580,0.000,0.000,1.307,0.979,2,NULL,NULL,,4,0,0,7,255,,0,0,0
stim,4415,4415,0,904048.802,-0.307,0.223,-0.019,-0.925,1509,0,0,1959,121,118,141,378,44,1.158,392,0,13.251,2.499,-0.440,8.820,9.880,-0.294,-0.011,0.952,-2.394,0.718,-0.654,0.000,0.000,1.307,0.979,2,NULL,NULL,,4,0,0,7,255,,0,0,0
stim,4415,4415,0,904053.802,-0.307,0.222,-0.019,-0.925,1545,0,0,1995,150,116,172,416,44,1.158,392,0,13.781,2.620,-2.280,8.580,10.540,-0.293,-0.015,0.952,-2.520,0.718,-0.674,0.000,0.000,1.307,0.979,2,NULL,NULL,,4,0,0,7,255,,0,0,0
stim,4415,4415,0,904058.802,-0.308,0.222,-0.018,-0.925,1576,0,0,2021,187,119,209,465,44,1.158,392,0,15.570,2.620,-4.360,9.200,11.780,-0.299,-0.009,0.957,-2.520,0.716,-0.674,0.000,0.000,1.307,0.979,2,NULL,NULL,,4,0,0,7,255,,0,0,0
stim,4415,4415,0,904063.803,-0.309,0.222,-0.017,-0.925,1628,0,0,2071,225,139,255,517,44,1.158,392,0,15.969,2.583,-5.400,8.940,12.080,-0.310,-0.018,0.947,-2.476,0.736,-0.654,0.000,0.000,1.307,0.979,2,NULL,NULL,,4,0,0,7,255,,0,0,0
stim,4415,4415,0,904068.802,-0.309,0.221,-0.017,-0.925,1660,0,0,2115,275,146,301,567,44,1.158,392,0,15.948,2.546,-5.080,8.760,12.320,-0.323,-0.030,0.944,-2.402,0.844,-0.634,0.000,0.000,1.307,0.979,2,NULL,NULL,,4,0,0,7,255,,0,0,0
stim,4415,4415,0,904073.802,-0.310,0.221,-0.016,-0.925,1696,0,4,2139,316,156,333,619,44,1.158,392,0,14.813,2.598,-3.980,8.580,11.400,-0.329,-0.039,0.952,-2.396,1.004,-0.634,0.000,0.000,1.307,0.979,2,NULL,NULL,,4,0,0,7,255,,0,0,0
stim,4431,4431,0,904078.802,-0.311,0.221,-0.016,-0.924,1739,0,16,2160,339,177,363,635,44,1.158,392,0,13.603,2.632,-2.460,8.820,10.060,-0.330,-0.046,0.957,-2.396,1.090,-0.556,0.000,0.000,1.307,0.979,2,NULL,NULL,,4,0,0,7,255,,0,0,0
stim,4431,4431,1,904083.802,-0.311,0.220,-0.015,-0.924,1789,0,54,2228,377,204,425,659,44,1.158,393,0,12.560,2.632,-1.240,8.460,9.200,-0.332,-0.033,0.965,-2.396,1.090,-0.516,0.000,0.000,1.307,0.979,1,NULL,NULL,,4,1,0,7,255,,0,0,0
stim,4431,4431,1,904088.802,-0.311,0.220,-0.015,-0.924,1823,0,83,2257,405,220,448,681,44,1.158,393,0,11.805,2.593,-0.820,9.080,7.500,-0.336,-0.015,0.975,-2.384,1.020,-0.414,0.000,0.000,1.307,0.979,1,NULL,NULL,,4,1,0,7,255,,0,0,0
stim,4431,4431,1,904093.802,-0.312,0.220,-0.014,-0.924,1845,0,95,2277,443,220,489,718,44,1.158,393,0,10.649,2.455,-1.740,9.140,5.180,-0.335,0.001,0.985,-2.290,0.884,-0.274,0.000,0.000,1.307,0.979,1,NULL,NULL,,4,1,0,7,255,,0,0,0
stim,4431,4431,1,904098.802,-0.312,0.220,-0.013,-0.924,1864,0,110,2285,479,238,523,728,44,1.158,393,0,10.854,2.379,-3.500,9.980,2.440,-0.333,-0.002,0.983,-2.260,0.742,-0.196,0.000,0.000,1.307,0.979,1,NULL,NULL,,4,1,0,7,255,,0,0,0
stim,4431,4431,1,904103.802,-0.312,0.219,-0.013,-0.924,1895,0,123,2304,519,243,553,767,44,1.158,393,0,11.069,2.379,-4.780,9.980,-0.260,-0.326,-0.010,0.972,-2.260,0.742,-0.196,0.000,0.000,1.307,0.979,1,NULL,NULL,,4,1,0,7,255,,0,0,0
stim,4448,4448,1,904108.802,-0.312,0.219,-0.012,-0.924,1911,0,159,2337,544,237,569,790,44,1.158,393,0,11.528,2.424,-4.900,10.420,-0.560,-0.322,-0.018,0.962,-2.300,0.764,-0.334,0.000,0.000,1.307,0.979,1,NULL,NULL,,4,1,0,7,255,,0,0,0
stim,4448,4448,1,904113.802,-0.312,0.219,-0.011,-0.924,1931,0,201,2361,575,250,611,814,44,1.158,393,0,11.025,2.425,-4.780,9.860,-1.220,-0.329,-0.009,0.957,-2.300,0.770,-0.444,0.000,0.000,1.307,0.979,1,NULL,NULL,,4,1,0,7,255,,0,0,0
stim,4448,4448,1,904118.802,-0.312,0.218,-0.010,-0.924,1957,0,228,2378,599,244,630,841,44,1.158,393,0,11.425,2.329,-4.720,9.980,-2.940,-0.329,-0.018,0.948,-2.186,0.804,-0.448,0.000,0.000,1.307,0.979,1,NULL,NULL,,4,1,0,7,255,,0,0,0
stim,4448,4448,1,904123.802,-0.312,0.218,-0.010,-0.925,1991,0,263,2409,639,237,667,884,44,1.158,393,0,11.118,2.342,-4.420,9.260,-4.280,-0.328,-0.046,0.947,-2.186,0.840,-0.534,0.000,0.000,1.307,0.979,1,NULL,NULL,,4,1,0,7,255,,0,0,0
stim,4463,4463,1,904128.802,-0.313,0.218,-0.009,-0.925,1991,0,301,2408,685,235,683,920,44,1.158,393,0,9.848,2.556,-4.360,8.520,-2.320,-0.324,-0.077,0.938,-2.332,1.046,-0.582,0.000,0.000,1.307,0.979,2,NULL,NULL,,4,1,0,7,255,,0,0,0
stim,4463,4463,1,904133.802,-0.312,0.217,-0.008,-0.925,1999,0,331,2425,733,244,740,959,44,1.158,393,0,10.368,2.786,-3.320,8.580,-4.780,-0.328,-0.087,0.933,-2.480,1.270,-0.714,0.000,0.000,1.307,0.979,2,NULL,NULL,,4,1,0,7,255,,0,0,0
stim,4479,4479,1,904138.802,-0.312,0.217,-0.007,-0.925,2008,0,361,2445,757,248,788,992,44,1.158,393,0,8.444,2.835,-0.640,7.420,-3.980,-0.330,-0.121,0.930,-2.486,1.362,-0.758,0.000,0.000,1.307,0.979,2,NULL,NULL,,4,1,0,7,255,,0,0,0
stim,4479,4479,1,904143.802,-0.312,0.216,-0.006,-0.925,2035,0,391,2461,779,263,823,1049,44,1.158,393,0,8.562,2.967,-0.880,7.180,-4.580,-0.291,-0.088,0.938,-2.636,1.362,-0.820,0.000,0.000,1.307,0.979,2,NULL,NULL,,4,1,0,7,255,,0,0,0
stim,4479,4479,1,904148.802,-0.312,0.216,-0.006,-0.925,2031,0,407,2479,801,271,831,1095,44,1.158,393,0,8.879,3.187,1.620,7.980,-3.540,-0.328,-0.151,0.924,-2.736,1.634,-0.874,0.000,0.000,1.307,0.979,2,NULL,NULL,,4,1,0,7,255,,0,0,0
stim,4479,4479,1,904153.802,-0.312,0.216,-0.005,-0.925,2059,0,419,2471,825,294,849,1123,44,1.158,393,0,6.977,2.991,-1.000,6.380,-2.640,-0.262,-0.091,0.950,-2.768,1.134,-0.888,0.000,0.000,1.307,0.979,2,NULL,NULL,,4,1,0,7,255,,0,0,0
stim,4512,4512,1,904158.802,-0.313,0.215,-0.004,-0.925,2056,0,451,2489,852,291,869,1152,44,1.158,393,0,9.052,3.215,1.880,7.920,3.960,-0.332,-0.123,0.921,-2.768,1.636,-0.888,0.000,0.000,1.307,0.979,2,NULL,NULL,,4,1,0,7,255,,0,0,0
stim,4512,4512,1,904163.803,-0.313,0.215,-0.004,-0.925,2055,0,487,2476,875,292,879,1183,44,1.158,393,0,8.270,2.722,1.080,6.760,-4.640,-0.321,-0.047,0.981,-2.548,0.958,-0.870,0.000,0.000,1.307,0.979,2,NULL,NULL,,4,1,0,7,255,,0,0,0
stim,4512,4512,1,904168.802,-0.313,0.215,-0.004,-0.925,2076,0,533,2507,909,306,908,1207,44,1.158,393,0,7.663,2.590,0.220,7.300,2.320,-0.288,0.033,0.942,-2.440,0.870,-0.664,0.000,0.000,1.307,0.979,2,NULL,NULL,,4,1,0,7,255,,0,0,0
stim,4512,4512,1,904173.802,-0.312,0.214,-0.003,-0.925,2089,0,558,2494,932,331,942,1213,44,1.158,393,0,13.988,2.390,4.060,9.980,-8.920,-0.368,-0.045,1.010,-2.226,0.870,-0.292,0.000,0.000,1.307,0.979,2,NULL,NULL,,4,1,0,7,255,,0,0,0
stim,4512,4512,1,904178.802,-0.312,0.214,-0.002,-0.926,2095,0,591,2516,969,320,955,1229,44,1.158,393,0,13.237,2.230,-3.260,7.540,-10.380,-0.283,0.015,0.995,-2.226,0.126,-0.246,0.000,0.000,1.307,0.979,2,NULL,NULL,,4,1,0,7,255,,0,0,0
stim,4512,4512,1,904183.802,-0.312,0.214,-0.002,-0.926,2103,0,631,2512,999,326,993,1256,44,1.158,393,0,14.612,2.286,-3.800,11.580,-8.060,-0.283,0.017,0.977,-2.282,0.134,-0.246,0.000,0.000,1.307,0.979,2,NULL,NULL,,4,1,0,7,255,,0,0,0
stim,4528,4528,1,904188.802,-0.312,0.214,-0.001,-0.926,2110,0,664,2533,1019,325,1031,1267,44,1.158,393,0,15.853,2.380,-4.120,11.140,-10.500,-0.304,-0.018,0.987,-2.376,0.134,-0.262,0.000,0.000,1.307,0.979,2,NULL,NULL,,4,1,0,7,255,,0,0,0
stim,4528,4528,1,904193.802,-0.311,0.213,-0.000,-0.926,2115,0,740,2541,1021,313,1055,1279,44,1.158,393,0,17.434,2.393,-3.860,11.820,-12.220,-0.309,-0.034,0.969,-2.342,0.492,-0.404,0.000,0.000,1.307,0.979,2,NULL,NULL,,4,1,0,7,255,,0,0,0
stim,4544,4544,1,904198.802,-0.311,0.213,0.001,-0.926,2140,0,778,2539,1043,298,1103,1304,44,1.158,393,0,19.375,2.447,-2.760,10.840,-15.820,-0.324,-0.052,0.974,-2.356,0.660,-0.326,0.000,0.000,1.307,0.979,2,NULL,NULL,,4,1,0,7,255,,0,0,0
stim,4544,4544,1,904203.802,-0.310,0.213,0.001,-0.927,2134,0,824,2555,1071,297,1126,1312,44,1.158,393,0,20.002,2.467,-1.860,12.480,-15.520,-0.291,-0.059,0.972,-2.356,0.730,-0.414,0.000,0.000,1.307,0.979,2,NULL,NULL,,4,1,0,7,255,,0,0,0
stim,4544,4544,1,904208.802,-0.310,0.213,0.002,-0.927,2145,0,879,2591,1079,289,1160,1329,44,1.158,393,0,19.027,2.729,-2.760,12.740,-13.860,-0.289,-0.074,0.964,-2.598,0.834,-0.498,0.000,0.000,1.307,0.979,2,NULL,NULL,,4,1,0,7,255,,0,0,0
stim,4544,4544,1,904213.802,-0.309,0.212,0.003,-0.927,2157,0,936,2583,1085,269,1193,1321,44,1.158,393,0,18.352,2.780,-1.980,13.040,-12.760,-0.293,-0.095,0.954,-2.652,0.834,-0.588,0.000,0.000,1.307,0.979,2,NULL,NULL,,4,1,0,7,255,,0,0,0
stim,4560,4560,1,904218.803,-0.309,0.212,0.004,-0.927,2155,0,971,2578,1101,261,1213,1331,44,1.158,393,0,18.284,2.878,-1.740,12.800,-12.940,-0.301,-0.114,0.947,-2.690,1.024,-0.682,0.000,0.000,1.307,0.979,2,NULL,NULL,,4,1,0,7,255,,0,0,0
stim,4560,4560,1,904223.802,-0.309,0.212,0.005,-0.927,2157,0,998,2602,1107,255,1241,1341,44,1.158,393,0,17.631,2.971,-0.820,12.740,-12.160,-0.300,-0.128,0.939,-2.710,1.218,-0.726,0.000,0.000,1.307,0.979,2,NULL,NULL,,4,1,0,7,255,,0,0,0
stim,4576,4576,1,904228.802,-0.308,0.212,0.006,-0.927,2151,0,1019,2603,1125,250,1243,1335,44,1.158,393,0,16.804,3.049,0.340,12.540,-11.180,-0.295,-0.133,0.938,-2.748,1.322,-0.804,0.000,0.000,1.307,0.979,2,NULL,NULL,,4,1,0,7,255,,0,0,0
stim,4576,4576,1,904233.802,-0.308,0.212,0.007,-0.928,2151,0,1057,2605,1125,245,1258,1331,44,1.158,393,0,15.502,3.098,1.800,12.420,-9.100,-0.290,-0.131,0.938,-2.802,1.322,-0.838,0.000,0.000,1.307,0.979,2,NULL,NULL,,4,1,0,7,255,,0,0,0
stim,4576,4576,1,904238.802,-0.308,0.211,0.007,-0.928,2143,0,1079,2595,1115,230,1256,1333,44,1.158,393,0,14.297,3.075,2.840,12.360,-6.600,-0.292,-0.127,0.940,-2.802,1.266,-0.838,0.000,0.000,1.307,0.979,2,NULL,NULL,,4,1,0,7,255,,0,0,0
stim,4576,4576,1,904243.802,-0.308,0.211,0.008,-0.928,2151,0,1107,2603,1131,221,1287,1342,44,1.158,393,0,13.480,3.041,3.460,12.120,-4.780,-0.294,-0.115,0.945,-2.778,1.236,-0.824,0.000,0.000,1.307,0.979,2,NULL,NULL,,4,1,0,7,255,,0,0,0
stim,4610,4610,1,904248.802,-0.308,0.211,0.008,-0.928,2144,0,1115,2611,1131,216,1285,1336,44,1.158,393,0,13.291,2.934,4.320,12.000,-3.740,-0.296,-0.112,0.943,-2.706,1.134,-0.756,0.000,0.000,1.307,0.979,2,NULL,NULL,,4,1,0,7,255,,0,0,0
stim,4610,4610,1,904253.802,-0.308,0.211,0.009,-0.928,2152,0,1120,2601,1129,209,1277,1319,44,1.158,393,0,13.272,2.885,5.100,11.880,-3.000,-0.291,-0.104,0.946,-2.660,1.116,-0.754,0.000,0.000,1.307,0.979,2,NULL,NULL,,4,1,0,7,255,,0,0,0
stim,4611,4611,1,904258.802,-0.308,0.211,0.009,-0.928,2135,0,1139,2617,1131,200,1291,1335,44,1.158,393,0,13.367,2.842,5.840,11.940,-1.420,-0.292,-0.104,0.946,-2.656,1.010,-0.738,0.000,0.000,1.307,0.979,2,NULL,NULL,,4,1,0,7,255,,0,0,0
stim,4611,4611,1,904263.803,-0.308,0.210,0.010,-0.928,2133,0,1139,2603,1136,183,1296,1312,44,1.158,393,0,13.401,2.842,6.640,11.640,0.000,-0.294,-0.107,0.950,-2.656,1.010,-0.738,0.000,0.000,1.307,0.979,2,NULL,NULL,,4,1,0,7,255,,0,0,0
stim,4612,4612,1,904268.802,-0.308,0.210,0.010,-0.928,2131,0,1146,2603,1143,173,1303,1315,44,1.158,393,0,13.813,2.839,7.240,11.700,1.220,-0.302,-0.106,0.946,-2.646,1.030,-0.696,0.000,0.000,1.307,0.979,2,NULL,NULL,,4,1,0,7,255,,0,0,0
stim,4612,4612,1,904273.802,-0.308,0.210,0.010,-0.928,2109,0,1143,2599,1141,167,1311,1299,44,1.158,393,0,14.091,2.789,7.860,11.580,1.640,-0.303,-0.107,0.947,-2.578,1.064,-0.690,0.000,0.000,1.307,0.979,2,NULL,NULL,,4,1,0,7,255,,0,0,0
stim,4643,4643,1,904278.802,-0.308,0.210,0.011,-0.928,2107,0,1147,2603,1139,160,1319,1293,44,1.158,393,0,14.816,2.789,8.640,11.760,2.560,-0.298,-0.105,0.944,-2.578,1.064,-0.690,0.000,0.000,1.307,0.979,2,NULL,NULL,,4,1,0,7,255,,0,0,0
stim,4643,4643,1,904283.802,-0.308,0.210,0.011,-0.928,2103,0,1144,2590,1139,150,1313,1287,44,1.158,393,0,15.310,2.782,9.020,11.760,3.840,-0.288,-0.102,0.948,-2.584,1.032,-0.716,0.000,0.000,1.307,0.979,2,NULL,NULL,,4,1,0,7,255,,0,0,0
stim,4643,4643,1,904288.802,-0.308,0.210,0.011,-0.928,2093,0,1143,2595,1135,150,1308,1287,44,1.158,393,0,15.937,2.793,9.260,11.700,5.600,-0.285,-0.097,0.947,-2.632,0.934,-0.728,0.000,0.000,1.307,0.979,2,NULL,NULL,,4,1,0,7,255,,0,0,0
stim,4643,4643,1,904293.802,-0.308,0.210,0.011,-0.928,2095,0,1147,2585,1127,155,1319,1285,44,1.158,393,0,16.344,2.775,9.440,11.640,6.520,-0.292,-0.088,0.948,-2.632,0.880,-0.728,0.000,0.000,1.307,0.979,2,NULL,NULL,,4,1,0,7,255,,0,0,0
stim,4643,4643,1,904298.802,-0.309,0.210,0.011,-0.928,2091,0,1151,2583,1121,120,1316,1277,44,1.158,393,0,16.559,2.678,9.860,11.760,6.220,-0.298,-0.079,0.950,-2.542,0.844,-0.696,0.000,0.000,1.307,0.979,2,NULL,NULL,,4,1,0,7,255,,0,0,0
stim,4643,4643,1,904303.802,-0.309,0.210,0.011,-0.928,2075,0,1146,2584,1113,111,1319,1258,44,1.158,393,0,16.812,2.608,10.420,11.820,5.860,-0.303,-0.085,0.954,-2.468,0.844,-0.640,0.000,0.000,1.307,0.979,2,NULL,NULL,,4,1,0,7,255,,0,0,0
stim,4644,4644,1,904308.802,-0.309,0.210,0.012,-0.928,2069,0,1147,2568,1107,93,1315,1255,44,1.158,393,0,17.120,2.617,10.540,11.940,6.280,-0.302,-0.093,0.958,-2.468,0.870,-0.586,0.000,0.000,1.307,0.979,2,NULL,NULL,,4,1,0,7,255,,0,0,0
stim,4644,4644,1,904313.802,-0.309,0.209,0.012,-0.927,2065,0,1149,2571,1099,92,1299,1253,44,1.158,393,0,17.745,2.699,10.360,12.300,7.500,-0.295,-0.100,0.956,-2.540,0.914,-0.586,0.000,0.000,1.307,0.979,2,NULL,NULL,,4,1,0,7,255,,0,0,0
stim,4655,4655,1,904318.802,-0.310,0.209,0.012,-0.927,2060,0,1131,2571,1093,90,1303,1239,44,1.158,393,0,18.530,2.745,10.540,12.240,9.080,-0.289,-0.091,0.952,-2.588,0.914,-0.618,0.000,0.000,1.307,0.979,2,NULL,NULL,,4,1,0,7,255,,0,0,0
stim,4656,4656,1,904323.802,-0.310,0.209,0.012,-0.927,2057,0,1127,2575,1065,84,1301,1227,44,1.158,393,0,19.379,2.719,11.460,12.300,9.640,-0.293,-0.087,0.948,-2.588,0.834,-0.676,0.000,0.000,1.307,0.979,2,NULL,NULL,,4,1,0,7,255,,0,0,0
stim,4656,4656,1,904328.802,-0.310,0.210,0.012,-0.927,2043,0,1111,2564,1043,82,1288,1227,44,1.158,393,0,20.016,2.653,12.860,12.120,9.400,-0.305,-0.094,0.948,-2.518,0.834,-0.676,0.000,0.000,1.307,0.979,2,NULL,NULL,,4,1,0,7,255,,0,0,0
stim,4677,4677,1,904333.802,-0.311,0.210,0.012,-0.927,2023,0,1097,2543,1043,84,1289,1205,44,1.158,393,0,20.825,2.658,14.140,12.120,9.320,-0.313,-0.100,0.950,-2.480,0.956,-0.642,0.000,0.000,1.307,0.979,2,NULL,NULL,,4,1,0,7,255,,0,0,0
stim,4677,4677,1,904338.802,-0.311,0.210,0.011,-0.927,2019,0,1077,2547,1033,78,1269,1205,44,1.158,393,0,21.788,2.679,14.940,12.060,10.300,-0.305,-0.102,0.951,-2.480,1.012,-0.626,0.000,0.000,1.307,0.979,2,NULL,NULL,,4,1,0,7,255,,0,0,0
stim,4677,4677,1,904343.802,-0.311,0.210,0.011,-0.927,1997,0,1054,2528,1019,71,1257,1182,44,1.158,393,0,22.542,2.734,15.120,12.060,11.580,-0.292,-0.096,0.951,-2.540,1.012,-0.626,0.000,0.000,1.307,0.979,2,NULL,NULL,,4,1,0,7,255,,0,0,0
stim,4720,4720,1,904348.802,-0.312,0.210,0.011,-0.927,1974,0,1031,2531,985,71,1243,1168,44,1.158,393,0,23.286,2.728,15.600,11.880,12.560,-0.295,-0.096,0.948,-2.568,0.922,-0.672,0.000,0.000,1.307,0.979,2,NULL,NULL,,4,1,0,7,255,,0,0,0
stim,4720,4720,1,904353.802,-0.312,0.210,0.011,-0.926,1959,0,1005,2505,959,62,1232,1147,44,1.158,393,0,24.271,2.728,16.640,11.700,13.240,-0.306,-0.102,0.944,-2.568,0.922,-0.682,0.000,0.000,1.307,0.979,2,NULL,NULL,,4,1,0,7,255,,0,0,0
stim,4720,4720,1,904358.802,-0.313,0.210,0.010,-0.926,1919,0,968,2475,950,59,1198,1117,44,1.158,393,0,25.840,2.742,18.100,11.520,14.400,-0.304,-0.102,0.943,-2.540,1.034,-0.690,0.000,0.000,1.307,0.979,2,NULL,NULL,,4,1,0,7,255,,0,0,0
stim,4720,4720,1,904363.803,-0.313,0.210,0.010,-0.926,1903,0,917,2457,955,48,1179,1083,44,1.158,393,0,27.056,2.742,19.020,11.320,15.560,-0.294,-0.103,0.942,-2.540,1.034,-0.706,0.000,0.000,1.307,0.979,2,NULL,NULL,,4,1,0,7,255,,0,0,0
stim,4720,4720,1,904368.802,-0.314,0.211,0.010,-0.926,1883,0,876,2440,904,43,1137,1061,44,1.158,393,0,27.988,2.811,19.520,11.080,16.720,-0.299,-0.119,0.943,-2.614,1.034,-0.744,0.000,0.000,1.307,0.979,2,NULL,NULL,,4,1,0,7,255,,0,0,0
stim,4720,4720,1,904373.802,-0.314,0.211,0.009,-0.926,1854,0,861,2425,867,43,1103,1041,44,1.158,393,0,28.968,2.908,19.580,10.480,18.600,-0.310,-0.128,0.942,-2.670,1.152,-0.744,0.000,0.000,1.307,0.979,2,NULL,NULL,,4,1,0,7,255,,0,0,0
stim,4743,4743,1,904378.802,-0.315,0.211,0.009,-0.925,1823,0,823,2396,863,38,1071,1008,44,1.158,393,0,31.503,2.908,20.800,10.300,21.300,-0.298,-0.102,0.938,-2.670,1.152,-0.744,0.000,0.000,1.307,0.979,2,NULL,NULL,,4,1,0,7,255,,0,0,0
stim,4743,4743,1,904383.802,-0.316,0.211,0.008,-0.925,1787,0,764,2377,850,40,1033,971,44,1.158,393,0,32.510,2.783,21.640,9.320,22.400,-0.304,-0.072,0.938,-2.582,1.038,-0.722,0.000,0.000,1.307,0.979,2,NULL,NULL,,4,1,0,7,255,,0,0,0
stim,4743,4743,1,904388.802,-0.316,0.211,0.007,-0.925,1759,0,712,2357,840,29,978,967,44,1.158,393,0,32.148,2.648,21.820,8.820,21.900,-0.309,-0.084,0.946,-2.466,0.964,-0.722,0.000,0.000,1.307,0.979,2,NULL,NULL,,4,1,0,7,255,,0,0,0
stim,4743,4743,1,904393.802,-0.317,0.212,0.006,-0.924,1739,0,662,2313,807,23,943,932,44,1.158,393,0,34.525,2.648,24.080,9.560,22.820,-0.309,-0.114,0.943,-2.466,0.964,-0.720,0.000,0.000,1.307,0.979,2,NULL,NULL,,4,1,0,7,255,,0,0,0
stim,4743,4743,1,904398.802,-0.318,0.212,0.006,-0.924,1704,0,631,2288,795,16,906,915,44,1.158,393,0,37.013,2.788,25.000,9.080,25.740,-0.300,-0.093,0.944,-2.596,1.016,-0.720,0.000,0.000,1.307,0.979,2,NULL,NULL,,4,1,0,7,255,,0,0,0
stim,4743,4743,1,904403.802,-0.319,0.212,0.005,-0.924,1652,0,588,2267,791,20,855,888,44,1.158,393,0,38.676,2.788,25.800,8.340,27.580,-0.297,-0.058,0.951,-2.596,1.016,-0.720,0.000,0.000,1.307,0.979,2,NULL,NULL,,4,1,0,7,255,,0,0,0
stim,4744,4744,1,904408.802,-0.319,0.213,0.004,-0.923,1627,0,489,2223,765,29,819,872,44,1.158,393,0,38.979,2.577,26.280,8.640,27.460,-0.308,-0.056,0.951,-2.452,0.792,-0.646,0.000,0.000,1.307,0.979,2,NULL,NULL,,4,1,0,7,255,,0,0,0
stim,4744,4744,1,904413.802,-0.320,0.213,0.003,-0.923,1589,0,423,2186,703,28,790,853,44,1.158,393,0,38.452,2.520,26.040,8.580,26.960,-0.325,-0.074,0.951,-2.392,0.792,-0.600,0.000,0.000,1.307,0.979,2,NULL,NULL,,4,1,0,7,255,,0,0,0
stim,4767,4767,1,904418.803,-0.321,0.213,0.002,-0.923,1551,0,397,2150,692,17,762,829,44,1.158,393,0,39.137,2.600,26.460,8.220,27.640,-0.335,-0.077,0.954,-2.382,1.042,-0.554,0.000,0.000,1.307,0.979,2,NULL,NULL,,4,1,0,7,255,,0,0,0
stim,4767,4767,1,904423.802,-0.322,0.214,0.001,-0.922,1468,0,365,2119,676,3,715,804,44,1.158,393,0,40.282,2.583,27.620,7.600,28.320,-0.321,-0.051,0.955,-2.364,1.042,-0.516,0.000,0.000,1.307,0.979,2,NULL,NULL,,4,1,0,7,255,,0,0,0
stim,4767,4767,1,904428.802,-0.323,0.214,-0.001,-0.922,1415,0,313,2041,636,5,653,767,44,1.158,393,0,40.704,2.486,29.340,7.420,27.220,-0.329,-0.032,0.954,-2.330,0.866,-0.490,0.000,0.000,1.307,0.979,2,NULL,NULL,,4,1,0,7,255,,0,0,0
stim,4767,4767,1,904433.802,-0.323,0.215,-0.002,-0.922,1322,0,251,1958,605,17,612,749,44,1.158,393,0,40.201,2.342,30.260,7.300,25.440,-0.350,-0.040,0.957,-2.176,0.866,-0.470,0.000,0.000,1.307,0.979,2,NULL,NULL,,4,1,0,7,255,,0,0,0
stim,4784,4784,1,904438.802,-0.324,0.215,-0.003,-0.921,1258,0,219,1897,569,9,572,725,44,1.158,393,0,37.678,2.385,29.880,7.060,21.840,-0.354,-0.049,0.961,-2.174,0.982,-0.366,0.000,0.000,1.307,0.979,2,NULL,NULL,,4,1,0,7,255,,0,0,0
stim,4784,4784,1,904443.802,-0.324,0.215,-0.004,-0.921,1172,0,150,1828,551,0,549,691,44,1.158,393,0,35.794,2.429,29.280,7.060,19.340,-0.336,-0.065,0.959,-2.174,1.084,-0.366,0.000,0.000,1.307,0.979,2,NULL,NULL,,4,1,0,7,255,,0,0,0
stim,4784,4784,1,904448.802,-0.325,0.216,-0.005,-0.921,1085,0,139,1765,519,0,517,647,44,1.158,393,0,36.885,2.624,30.140,6.260,20.320,-0.317,-0.069,0.956,-2.390,1.084,-0.448,0.000,0.000,1.307,0.979,2,NULL,NULL,,4,1,0,7,255,,0,0,0
stim,4816,4816,1,904453.802,-0.326,0.216,-0.006,-0.921,984,0,131,1673,463,0,460,595,44,1.158,393,0,39.096,2.717,31.540,5.960,22.320,-0.322,-0.066,0.951,-2.482,1.106,-0.568,0.000,0.000,1.307,0.979,2,NULL,NULL,,4,1,0,7,255,,0,0,0
stim,4816,4816,1,904458.802,-0.326,0.216,-0.007,-0.920,910,0,99,1559,421,0,371,559,44,1.158,393,0,39.563,2.717,32.580,5.660,21.720,-0.347,-0.051,0.960,-2.482,1.106,-0.568,0.000,0.000,1.307,0.979,2,NULL,NULL,,4,1,0,7,255,,0,0,0
stim,4816,4816,1,904463.803,-0.326,0.217,-0.008,-0.920,811,0,59,1455,379,0,303,535,44,1.158,393,0,36.520,2.545,31.540,5.900,17.440,-0.368,-0.032,0.968,-2.286,1.118,-0.390,0.000,0.000,1.307,0.979,2,NULL,NULL,,4,1,0,7,255,,0,0,0
stim,4816,4816,1,904468.802,-0.327,0.217,-0.009,-0.920,693,0,25,1339,332,0,277,474,44,1.158,393,0,32.323,2.370,29.820,6.440,10.680,-0.367,-0.011,0.969,-2.090,1.118,-0.202,0.000,0.000,1.307,0.979,2,NULL,NULL,,4,1,0,7,255,,0,0,0
stim,4816,4816,1,904473.802,-0.326,0.217,-0.010,-0.920,601,0,0,1211,304,0,245,410,44,1.158,393,0,31.071,2.231,30.000,6.760,4.440,-0.341,0.003,0.952,-2.012,0.964,-0.202,0.000,0.000,1.307,0.979,2,NULL,NULL,,4,1,0,7,255,,0,0,0
stim,4816,4816,1,904478.802,-0.326,0.217,-0.011,-0.920,507,0,0,1079,233,0,217,348,44,1.158,393,0,32.327,2.146,31.480,7.180,1.580,-0.307,-0.019,0.943,-2.012,0.746,-0.412,0.000,0.000,1.307,0.979,2,NULL,NULL,,4,1,0,7,255,,0,0,0
stim,4832,4832,1,904483.802,-0.326,0.218,-0.012,-0.920,398,0,0,932,183,0,168,319,44,1.158,393,0,33.354,2.445,32.320,7.660,3.040,-0.273,-0.062,0.941,-2.328,0.746,-0.676,0.000,0.000,1.307,0.979,2,NULL,NULL,,4,1,0,7,255,,0,0,0
stim,4832,4832,1,904488.802,-0.326,0.218,-0.013,-0.920,297,0,0,755,160,0,97,256,44,1.158,393,0,36.277,2.944,33.800,6.500,11.460,-0.252,-0.081,0.940,-2.806,0.892,-0.908,0.000,0.000,1.307,0.979,2,NULL,NULL,,4,1,0,7,255,,0,0,0
stim,4832,4832,1,904493.802,-0.327,0.218,-0.014,-0.919,203,0,0,626,133,0,57,199,44,1.158,393,0,40.482,3.001,34.760,6.140,19.820,-0.275,-0.062,0.948,-2.852,0.934,-0.908,0.000,0.000,1.307,0.979,2,NULL,NULL,,4,1,0,7,255,,0,0,0
stim,4832,4832,1,904498.802,-0.327,0.219,-0.016,-0.919,125,0,0,499,64,0,41,138,44,1.158,393,0,41.031,3.003,34.160,6.500,21.780,-0.337,-0.044,0.966,-2.852,0.940,-0.852,0.000,0.000,1.307,0.979,2,NULL,NULL,,4,1,0,7,255,,0,0,0
stim,4847,4847,1,904503.802,-0.327,0.219,-0.017,-0.919,87,0,0,361,39,0,43,134,44,1.158,393,0,36.063,2.696,30.680,8.220,17.080,-0.370,-0.015,0.958,-2.436,1.154,-0.406,0.000,0.000,1.307,0.979,2,NULL,NULL,,4,1,0,7,255,,0,0,0
stim,4847,4847,1,904508.802,-0.328,0.220,-0.018,-0.919,4,0,0,248,18,0,0,113,44,1.158,393,0,33.217,2.337,29.880,9.200,11.220,-0.355,0.006,0.951,-2.032,1.154,-0.376,0.000,0.000,1.307,0.979,2,NULL,NULL,,4,1,0,7,255,,0,0,0
stim,4847,4847,1,904513.802,-0.328,0.220,-0.018,-0.919,0,0,0,149,0,0,0,103,44,1.158,393,0,33.588,2.246,31.220,9.320,8.160,-0.332,-0.012,0.940,-2.032,0.956,-0.376,0.000,0.000,1.307,0.979,2,NULL,NULL,,4,1,0,7,255,,0,0,0
stim,4847,4847,1,904518.802,-0.328,0.220,-0.019,-0.918,0,0,0,69,0,0,0,91,44,1.158,393,0,34.229,2.410,29.940,12.860,10.480,-0.320,-0.059,0.923,-2.212,0.956,-0.608,0.000,0.000,1.307,0.979,2,NULL,NULL,,4,1,0,7,255,,0,0,0
stim,4863,4863,1,904523.802,-0.328,0.221,-0.020,-0.918,0,0,0,26,0,0,0,73,44,1.158,393,0,37.642,2.736,31.600,12.540,16.160,-0.342,-0.076,0.911,-2.416,1.284,-0.892,0.000,0.000,1.307,0.979,2,NULL,NULL,,4,1,0,7,255,,0,0,0
stim,4863,4863,1,904528.802,-0.329,0.222,-0.021,-0.918,0,0,0,0,0,0,0,26,44,1.158,393,0,42.082,2.811,34.520,14.080,19.520,-0.346,-0.050,0.901,-2.416,1.436,-0.934,0.000,0.000,1.307,0.979,2,NULL,NULL,,4,1,0,7,255,,0,0,0
stim,4880,4880,1,904533.802,-0.329,0.223,-0.023,-0.918,0,0,0,0,0,0,0,14,44,1.158,393,0,43.058,2.779,36.600,13.400,18.300,-0.351,-0.062,0.906,-2.298,1.562,-0.934,0.000,0.000,1.307,0.979,2,NULL,NULL,,4,1,0,7,255,,0,0,0
stim,4880,4880,1,904538.802,-0.329,0.223,-0.024,-0.917,0,0,0,0,0,0,0,0,44,1.158,393,0,43.008,2.779,38.000,13.640,14.820,-0.344,-0.091,0.909,-2.298,1.562,-0.968,0.000,0.000,1.307,0.979,2,NULL,NULL,,4,1,0,7,255,,0,0,0
stim,4880,4880,1,904543.802,-0.329,0.224,-0.025,-0.917,0,0,0,0,0,0,0,0,44,1.158,393,0,48.721,3.034,43.500,14.140,16.780,-0.330,-0.085,0.915,-2.554,1.638,-0.996,0.000,0.000,1.307,0.979,2,NULL,NULL,,4,1,0,7,255,,0,0,0
stim,4880,4880,1,904548.802,-0.330,0.225,-0.027,-0.916,0,0,0,0,0,0,0,0,44,1.158,393,0,52.082,3.124,45.640,14.800,20.260,-0.337,-0.067,0.942,-2.660,1.638,-0.996,0.000,0.000,1.307,0.979,2,NULL,NULL,,4,1,0,7,255,,0,0,0
stim,4912,4912,1,904553.802,-0.330,0.226,-0.029,-0.916,0,0,0,0,0,0,0,0,44,1.158,393,0,51.833,3.123,47.220,15.960,14.220,-0.337,-0.081,0.962,-2.662,1.634,-0.722,0.000,0.000,1.307,0.979,2,NULL,NULL,,4,1,0,7,255,,0,0,0
stim,4912,4912,1,904558.802,-0.329,0.227,-0.030,-0.916,0,0,0,0,0,0,0,0,44,1.158,393,0,46.655,3.249,42.640,17.560,7.080,-0.283,-0.069,0.979,-2.866,1.530,-0.668,0.000,0.000,1.307,0.979,2,NULL,NULL,,4,1,0,7,255,,0,0,0
stim,4944,4944,1,904563.803,-0.329,0.228,-0.031,-0.916,0,0,0,0,0,0,0,0,44,1.158,393,0,43.181,3.510,39.220,17.680,3.720,-0.239,-0.117,0.988,-3.250,1.326,-0.668,0.000,0.000,1.307,0.979,2,NULL,NULL,,4,1,0,7,255,,0,0,0
stim,4944,4944,1,904568.802,-0.329,0.229,-0.032,-0.916,0,0,0,0,0,0,0,0,44,1.158,393,0,50.955,4.089,48.200,16.460,-1.480,-0.199,-0.188,0.994,-3.868,1.326,-0.890,0.000,0.000,1.307,0.979,2,NULL,NULL,,4,1,0,7,255,,0,0,0
stim,4944,4944,1,904573.802,-0.328,0.230,-0.034,-0.916,0,0,0,0,0,0,0,0,44,1.158,393,0,54.900,4.776,52.900,14.680,0.240,-0.070,-0.151,1.016,-4.588,1.326,-1.174,0.000,0.000,1.307,0.979,2,NULL,NULL,,4,1,0,7,255,,0,0,0
stim,4944,4944,1,904578.802,-0.327,0.232,-0.037,-0.915,0,0,0,0,0,0,0,0,44,1.158,393,0,79.168,5.368,77.380,16.580,2.240,-0.090,-0.135,1.131,-5.336,0.588,-1.174,0.000,0.000,1.307,0.979,2,NULL,NULL,,4,1,0,7,255,,0,0,0
stim,4944,4944,1,904583.802,-0.327,0.234,-0.040,-0.915,0,0,0,0,0,0,0,0,44,1.158,393,0,98.529,5.358,95.920,16.640,15.180,-0.138,0.050,1.320,-5.336,0.488,-0.424,0.000,0.000,1.307,0.979,2,NULL,NULL,,4,1,0,7,255,,0,0,0
stim,4944,4944,1,904588.802,-0.327,0.235,-0.044,-0.914,0,0,0,0,0,0,0,0,44,1.158,393,0,88.881,5.373,80.300,16.340,34.420,-0.206,0.161,1.454,-5.312,-0.804,1.754,0.000,0.000,1.307,0.979,2,NULL,NULL,,4,1,0,7,255,,0,0,0
stim,4960,4960,1,904593.802,-0.328,0.237,-0.046,-0.914,0,0,0,0,0,0,0,0,44,1.158,393,0,62.372,5.029,50.140,21.460,30.260,-0.313,0.122,1.410,-4.964,-0.804,3.420,0.000,0.000,1.307,0.979,2,NULL,NULL,,4,1,0,7,255,,0,0,0
stim,4960,4960,1,904598.802,-0.328,0.238,-0.046,-0.913,0,0,0,0,0,0,0,0,44,1.158,393,0,43.081,4.358,23.960,26.640,23.920,-0.349,0.150,1.233,-4.348,-0.302,3.420,0.000,0.000,1.307,0.979,2,NULL,NULL,,4,1,0,7,255,,0,0,0
stim,4960,4960,1,904603.802,-0.328,0.239,-0.047,-0.913,0,0,0,0,0,0,0,0,44,1.158,393,0,39.682,3.128,23.120,31.100,8.540,-0.383,0.084,1.129,-3.126,-0.104,2.150,0.000,0.000,1.307,0.979,2,NULL,NULL,,4,1,0,7,255,,0,0,0
stim,4960,4960,1,904608.802,-0.328,0.241,-0.047,-0.912,0,0,0,0,0,0,0,0,44,1.158,393,0,43.295,3.090,26.400,33.360,8.040,-0.325,0.124,1.150,-3.090,0.044,1.262,0.000,0.000,1.307,0.979,2,NULL,NULL,,4,1,0,7,255,,0,0,0
stim,4961,4961,1,904613.802,-0.328,0.242,-0.048,-0.912,0,0,0,0,0,0,0,0,44,1.158,393,0,41.320,3.095,23.540,33.720,4.020,-0.305,0.078,1.228,-3.090,0.184,1.262,0.000,0.000,1.307,0.979,2,NULL,NULL,,4,1,0,7,255,,0,0,0
stim,4961,4961,1,904618.803,-0.329,0.243,-0.047,-0.911,0,0,0,0,0,0,0,0,44,1.158,393,0,33.798,3.840,5.480,32.440,7.740,-0.284,0.111,1.223,-3.840,0.044,1.634,0.000,0.000,1.307,0.979,2,NULL,NULL,,4,1,0,7,255,,0,0,0
stim,4961,4961,1,904623.802,-0.329,0.244,-0.046,-0.911,0,0,0,0,0,0,0,0,44,1.158,393,0,32.971,3.904,-13.140,30.120,2.680,-0.284,0.027,1.145,-3.900,0.184,1.634,0.000,0.000,1.307,0.979,2,NULL,NULL,,4,1,0,7,255,,0,0,0
stim,4961,4961,1,904628.802,-0.330,0.244,-0.045,-0.911,0,0,0,0,0,0,0,0,44,1.158,393,0,33.666,3.871,-20.100,26.100,6.940,-0.267,-0.002,1.026,-3.840,0.492,0.780,0.000,0.000,1.307,0.979,2,NULL,NULL,,4,1,0,7,255,,0,0,0
stim,4976,4976,1,904633.802,-0.331,0.244,-0.044,-0.911,0,0,0,0,0,0,0,0,44,1.158,393,0,32.180,3.637,-21.380,22.320,8.960,-0.217,0.012,0.939,-3.604,0.492,-0.354,0.000,0.000,1.307,0.979,2,NULL,NULL,,4,1,0,7,255,,0,0,0
stim,4976,4976,1,904638.802,-0.331,0.244,-0.043,-0.910,0,0,0,0,0,0,0,0,44,1.158,393,0,25.673,3.446,-11.800,17.980,14.020,-0.228,-0.007,0.908,-3.390,0.616,-1.272,0.000,0.000,1.307,0.979,2,NULL,NULL,,4,1,0,7,255,,0,0,0
stim,4976,4976,1,904643.802,-0.332,0.244,-0.042,-0.910,0,0,0,0,0,0,0,0,44,1.158,393,0,26.819,3.298,-13.580,14.740,17.820,-0.226,0.049,0.890,-3.276,0.382,-1.522,0.000,0.000,1.307,0.979,2,NULL,NULL,,4,1,0,7,255,,0,0,0
stim,4976,4976,1,904648.802,-0.333,0.244,-0.041,-0.910,0,0,0,0,0,0,0,0,44,1.158,393,0,25.220,3.168,-10.220,11.880,19.760,-0.254,-0.026,0.888,-3.108,0.616,-1.548,0.000,0.000,1.307,0.979,2,NULL,NULL,,4,1,0,7,255,,0,0,0
stim,5025,5025,1,904653.802,-0.334,0.243,-0.041,-0.910,0,0,0,0,0,0,0,0,44,1.158,393,0,27.206,2.959,-7.100,8.700,24.780,-0.278,0.015,0.897,-2.866,0.736,-1.548,0.000,0.000,1.307,0.979,2,NULL,NULL,,4,1,0,7,255,,0,0,0
stim,5025,5025,1,904658.802,-0.336,0.243,-0.040,-0.909,0,0,0,0,0,0,0,0,44,1.158,393,0,27.504,2.856,-10.100,6.880,24.640,-0.290,0.040,0.888,-2.760,0.736,-1.320,0.000,0.000,1.307,0.979,2,NULL,NULL,,4,1,0,7,255,,0,0,0
stim,5025,5025,1,904663.803,-0.337,0.242,-0.040,-0.909,0,0,0,0,0,0,0,0,44,1.158,393,0,26.803,2.733,-6.800,4.680,25.500,-0.327,-0.008,0.908,-2.632,0.736,-1.290,0.000,0.000,1.307,0.979,2,NULL,NULL,,4,1,0,7,255,,0,0,0
stim,5025,5025,1,904668.802,-0.338,0.242,-0.040,-0.909,0,0,0,0,0,0,0,0,44,1.158,393,0,27.131,2.600,-8.140,3.220,25.680,-0.344,0.058,0.937,-2.490,0.750,-1.060,0.000,0.000,1.307,0.979,2,NULL,NULL,,4,1,0,7,255,,0,0,0
stim,5025,5025,1,904673.802,-0.339,0.241,-0.039,-0.908,0,0,0,0,0,0,0,0,44,1.158,393,0,25.875,2.394,-13.760,2.900,21.720,-0.342,0.065,0.924,-2.274,0.750,-0.684,0.000,0.000,1.307,0.979,2,NULL,NULL,,4,1,0,7,255,,0,0,0
stim,5025,5025,1,904678.802,-0.340,0.241,-0.038,-0.908,0,0,0,0,0,0,0,0,44,1.158,393,0,24.123,2.394,-13.760,2.120,19.700,-0.360,0.009,0.920,-2.274,0.750,-0.684,0.000,0.000,1.307,0.979,2,NULL,NULL,,4,1,0,7,255,,0,0,0
stim,5042,5042,1,904683.802,-0.341,0.240,-0.038,-0.908,0,0,0,0,0,0,0,0,44,1.158,393,0,23.932,2.413,-16.020,1.680,17.700,-0.369,0.036,0.926,-2.168,1.060,-0.684,0.000,0.000,1.307,0.979,2,NULL,NULL,,4,1,0,7,255,,0,0,0
stim,5042,5042,1,904688.802,-0.342,0.239,-0.037,-0.908,0,0,0,0,0,0,0,0,44,1.158,393,0,25.956,2.399,-21.740,1.680,14.080,-0.346,0.044,0.891,-2.152,1.060,-0.752,0.000,0.000,1.307,0.979,2,NULL,NULL,,4,1,0,7,255,,0,0,0
stim,5042,5042,1,904693.802,-0.343,0.239,-0.036,-0.908,0,0,0,0,0,0,0,0,44,1.158,393,0,23.948,2.338,-19.980,0.760,13.180,-0.343,0.008,0.851,-2.084,1.060,-0.976,0.000,0.000,1.307,0.979,2,NULL,NULL,,4,1,0,7,255,,0,0,0
stim,5042,5042,1,904698.802,-0.344,0.238,-0.035,-0.908,0,0,0,0,0,0,0,0,44,1.158,393,0,19.536,2.377,-15.340,-0.640,12.080,-0.367,0.022,0.851,-2.060,1.186,-1.262,0.000,0.000,1.307,0.979,2,NULL,NULL,,4,1,0,7,255,,0,0,0
stim,5042,5042,1,904703.802,-0.344,0.237,-0.034,-0.908,0,0,0,0,0,0,0,0,44,1.158,393,0,17.896,2.182,-16.020,-1.360,7.860,-0.359,0.040,0.847,-1.832,1.186,-1.288,0.000,0.000,1.307,0.979,2,NULL,NULL,,4,1,0,7,255,,0,0,0
stim,5042,5042,1,904708.802,-0.345,0.236,-0.033,-0.908,0,0,0,0,0,0,0,0,44,1.158,393,0,18.525,2.132,-17.240,-2.400,6.340,-0.316,0.003,0.809,-1.832,1.090,-1.288,0.000,0.000,1.307,0.979,2,NULL,NULL,,4,1,0,7,255,,0,0,0
stim,5064,5064,1,904713.802,-0.345,0.236,-0.032,-0.908,0,0,0,0,0,0,0,0,44,1.158,393,0,16.179,2.301,-12.900,-3.740,9.020,-0.301,-0.016,0.771,-2.026,1.090,-1.878,0.000,0.000,1.307,0.979,2,NULL,NULL,,4,1,0,7,255,,0,0,0
stim,5064,5064,1,904718.802,-0.346,0.235,-0.032,-0.908,0,0,0,0,0,0,0,0,44,1.158,393,0,12.590,2.330,-5.640,-4.540,10.300,-0.324,0.008,0.769,-2.026,1.150,-2.162,0.000,0.000,1.307,0.979,2,NULL,NULL,,4,1,0,7,255,,0,0,0
stim,5065,5065,1,904723.802,-0.346,0.234,-0.032,-0.908,0,0,0,0,0,0,0,0,44,1.158,393,0,9.968,2.086,0.040,-4.720,8.780,-0.317,0.023,0.781,-1.740,1.150,-2.162,0.000,0.000,1.307,0.979,2,NULL,NULL,,4,1,0,7,255,,0,0,0
stim,5065,5065,1,904728.802,-0.347,0.234,-0.032,-0.908,0,0,0,0,0,0,0,0,44,1.158,393,0,10.746,1.996,3.280,-4.720,9.080,-0.287,0.005,0.784,-1.740,0.978,-2.162,0.000,0.000,1.307,0.979,2,NULL,NULL,,4,1,0,7,255,,0,0,0
stim,5065,5065,1,904733.802,-0.347,0.233,-0.032,-0.908,0,0,0,0,0,0,0,0,44,1.158,393,0,14.388,2.259,6.320,-4.600,12.080,-0.286,-0.009,0.790,-2.036,0.978,-2.186,0.000,0.000,1.307,0.979,2,NULL,NULL,,4,1,0,7,255,,0,0,0
stim,5065,5065,1,904738.802,-0.348,0.233,-0.032,-0.908,0,0,0,0,0,0,0,0,44,1.158,393,0,17.298,2.265,10.300,-3.380,13.480,-0.319,0.019,0.815,-2.036,0.992,-2.186,0.000,0.000,1.307,0.979,2,NULL,NULL,,4,1,0,7,255,,0,0,0
stim,5088,5088,1,904743.802,-0.348,0.233,-0.033,-0.908,0,0,0,0,0,0,0,0,44,1.158,393,0,17.637,2.135,13.160,-1.000,11.700,-0.341,0.050,0.857,-1.890,0.992,-1.766,0.000,0.000,1.307,0.979,2,NULL,NULL,,4,1,0,7,255,,0,0,0
stim,5088,5088,1,904748.802,-0.348,0.232,-0.033,-0.908,0,0,0,0,0,0,0,0,44,1.158,393,0,15.532,2.070,12.180,1.500,9.520,-0.326,0.060,0.885,-1.890,0.844,-1.244,0.000,0.000,1.307,0.979,2,NULL,NULL,,4,1,0,7,255,,0,0,0
stim,5109,5109,1,904753.802,-0.349,0.232,-0.033,-0.908,0,0,0,0,0,0,0,0,44,1.158,393,0,12.079,2.038,7.300,3.940,8.780,-0.312,0.052,0.879,-1.932,0.648,-1.186,0.000,0.000,1.307,0.979,2,NULL,NULL,,4,1,0,7,255,,0,0,0
stim,5109,5109,1,904758.802,-0.349,0.232,-0.033,-0.907,0,0,0,0,0,0,0,0,44,1.158,393,0,11.932,2.038,3.700,6.260,9.460,-0.324,0.046,0.857,-1.932,0.648,-1.186,0.000,0.000,1.307,0.979,2,NULL,NULL,,4,1,0,7,255,,0,0,0
stim,5120,5120,1,904763.803,-0.349,0.232,-0.033,-0.907,0,0,0,0,0,0,0,0,44,1.158,393,0,13.727,2.007,4.500,8.400,9.880,-0.327,0.060,0.850,-1.880,0.702,-1.328,0.000,0.000,1.307,0.979,2,NULL,NULL,,4,1,0,7,255,,0,0,0
stim,5120,5120,1,904768.802,-0.350,0.232,-0.033,-0.907,0,0,0,0,0,0,0,0,44,1.158,393,0,14.694,1.923,6.320,10.100,8.600,-0.320,0.066,0.858,-1.790,0.702,-1.328,0.000,0.000,1.307,0.979,2,NULL,NULL,,4,1,0,7,255,,0,0,0
stim,5120,5120,1,904773.802,-0.350,0.232,-0.032,-0.907,0,0,0,0,0,0,0,0,44,1.158,393,0,14.017,1.923,4.920,11.140,6.940,-0.316,0.043,0.866,-1.790,0.702,-1.292,0.000,0.000,1.307,0.979,2,NULL,NULL,,4,1,0,7,255,,0,0,0
stim,5120,5120,1,904778.802,-0.350,0.232,-0.032,-0.907,0,0,0,0,0,0,0,0,44,1.158,393,0,13.833,2.122,0.720,11.640,7.440,-0.313,0.021,0.858,-1.992,0.730,-1.292,0.000,0.000,1.307,0.979,2,NULL,NULL,,4,1,0,7,255,,0,0,0
stim,5142,5142,1,904783.802,-0.351,0.232,-0.032,-0.907,0,0,0,0,0,0,0,0,44,1.158,393,0,15.332,2.209,-0.580,11.760,9.820,-0.293,0.027,0.836,-2.084,0.734,-1.426,0.000,0.000,1.307,0.979,2,NULL,NULL,,4,1,0,7,255,,0,0,0
stim,5142,5142,1,904788.802,-0.351,0.232,-0.031,-0.907,0,0,0,0,0,0,0,0,44,1.158,393,0,16.613,2.209,2.240,11.700,11.580,-0.282,0.045,0.818,-2.084,0.734,-1.684,0.000,0.000,1.307,0.979,2,NULL,NULL,,4,1,0,7,255,,0,0,0
stim,5142,5142,1,904793.802,-0.352,0.232,-0.031,-0.906,0,0,0,0,0,0,0,0,44,1.158,393,0,18.278,2.166,7.360,11.760,11.900,-0.295,0.028,0.830,-2.038,0.734,-1.722,0.000,0.000,1.307,0.979,2,NULL,NULL,,4,1,0,7,255,,0,0,0
stim,5142,5142,1,904798.802,-0.352,0.232,-0.031,-0.906,0,0,0,0,0,0,0,0,44,1.158,393,0,19.707,2.170,9.920,12.180,11.900,-0.304,0.000,0.871,-2.038,0.746,-1.722,0.000,0.000,1.307,0.979,2,NULL,NULL,,4,1,0,7,255,,0,0,0
stim,5142,5142,1,904803.802,-0.353,0.232,-0.031,-0.906,0,0,0,0,0,0,0,0,44,1.158,393,0,20.974,2.470,9.260,13.960,12.620,-0.288,0.001,0.915,-2.348,0.768,-1.392,0.000,0.000,1.307,0.979,2,NULL,NULL,,4,1,0,7,255,,0,0,0
stim,5142,5142,1,904808.802,-0.353,0.232,-0.031,-0.906,0,0,0,0,0,0,0,0,44,1.158,393,0,22.859,2.759,7.660,16.940,13.300,-0.271,0.031,0.933,-2.650,0.768,-1.092,0.000,0.000,1.307,0.979,2,NULL,NULL,,4,1,0,7,255,,0,0,0
stim,5154,5154,1,904813.802,-0.354,0.233,-0.031,-0.905,0,0,0,0,0,0,0,0,44,1.158,393,0,25.181,2.682,6.380,20.600,13.000,-0.276,0.055,0.931,-2.650,0.414,-0.950,0.000,0.000,1.307,0.979,2,NULL,NULL,,4,1,0,7,255,,0,0,0
stim,5154,5154,1,904818.803,-0.354,0.233,-0.031,-0.905,0,0,0,0,0,0,0,0,44,1.158,393,0,27.808,2.520,4.500,24.520,12.320,-0.290,0.041,0.931,-2.486,0.414,-0.892,0.000,0.000,1.307,0.979,2,NULL,NULL,,4,1,0,7,255,,0,0,0
stim,5156,5156,1,904823.802,-0.355,0.234,-0.030,-0.905,0,0,0,0,0,0,0,0,44,1.158,393,0,30.856,2.526,2.840,28.120,12.380,-0.289,0.024,0.933,-2.486,0.448,-0.892,0.000,0.000,1.307,0.979,2,NULL,NULL,,4,1,0,7,255,,0,0,0
stim,5156,5156,1,904828.802,-0.355,0.234,-0.030,-0.904,0,0,0,0,0,0,0,0,44,1.158,393,0,33.464,2.626,1.740,30.920,12.680,-0.283,0.029,0.923,-2.584,0.470,-0.896,0.000,0.000,1.307,0.979,2,NULL,NULL,,4,1,0,7,255,,0,0,0
stim,5183,5183,1,904833.802,-0.356,0.235,-0.029,-0.904,0,0,0,0,0,0,0,0,44,1.158,393,0,34.759,2.641,1.140,32.320,12.740,-0.293,0.030,0.905,-2.584,0.548,-0.992,0.000,0.000,1.307,0.979,2,NULL,NULL,,4,1,0,7,255,,0,0,0
stim,5183,5183,1,904838.802,-0.357,0.236,-0.029,-0.903,0,0,0,0,0,0,0,0,44,1.158,393,0,34.931,2.505,1.380,32.320,13.180,-0.305,0.019,0.897,-2.444,0.548,-1.098,0.000,0.000,1.307,0.979,2,NULL,NULL,,4,1,0,7,255,,0,0,0
stim,5183,5183,1,904843.802,-0.357,0.237,-0.028,-0.903,0,0,0,0,0,0,0,0,44,1.158,393,0,34.479,2.524,2.300,31.600,13.600,-0.299,0.021,0.898,-2.444,0.630,-1.144,0.000,0.000,1.307,0.979,2,NULL,NULL,,4,1,0,7,255,,0,0,0
stim,5183,5183,1,904848.802,-0.358,0.238,-0.028,-0.903,0,0,0,0,0,0,0,0,44,1.158,393,0,32.902,2.537,3.100,29.880,13.420,-0.301,0.026,0.909,-2.458,0.630,-1.144,0.000,0.000,1.307,0.979,2,NULL,NULL,,4,1,0,7,255,,0,0,0
stim,5183,5183,1,904853.802,-0.358,0.238,-0.027,-0.902,0,0,0,0,0,0,0,0,44,1.158,393,0,30.985,2.553,2.660,28.000,13.000,-0.316,0.023,0.924,-2.474,0.630,-1.046,0.000,0.000,1.307,0.979,2,NULL,NULL,,4,1,0,7,255,,0,0,0
stim,5183,5183,1,904858.802,-0.359,0.239,-0.027,-0.902,0,0,0,0,0,0,0,0,44,1.158,393,0,28.950,2.573,1.560,25.920,12.800,-0.325,0.015,0.930,-2.488,0.654,-0.866,0.000,0.000,1.307,0.979,2,NULL,NULL,,4,1,0,7,255,,0,0,0
stim,5232,5232,1,904863.804,-0.360,0.239,-0.026,-0.901,0,0,0,0,0,0,0,0,44,1.158,393,0,27.137,2.573,0.580,24.080,12.500,-0.319,0.024,0.926,-2.488,0.654,-0.836,0.000,0.000,1.307,0.979,2,NULL,NULL,,4,1,0,7,255,,0,0,0
stim,5232,5232,1,904868.802,-0.360,0.240,-0.026,-0.901,0,0,0,0,0,0,0,0,44,1.158,393,0,25.143,2.568,0.040,22.560,11.100,-0.314,0.034,0.917,-2.488,0.638,-0.836,0.000,0.000,1.307,0.979,2,NULL,NULL,,4,1,0,7,255,,0,0,0
stim,5232,5232,1,904873.802,-0.361,0.240,-0.025,-0.901,0,0,0,0,0,0,0,0,44,1.158,393,0,23.376,2.496,-0.380,21.460,9.260,-0.321,0.027,0.912,-2.416,0.628,-0.912,0.000,0.000,1.307,0.979,2,NULL,NULL,,4,1,0,7,255,,0,0,0
stim,5232,5232,1,904878.802,-0.361,0.240,-0.025,-0.901,0,0,0,0,0,0,0,0,44,1.158,393,0,22.020,2.485,-0.500,20.540,7.920,-0.328,0.023,0.917,-2.404,0.628,-0.912,0.000,0.000,1.307,0.979,2,NULL,NULL,,4,1,0,7,255,,0,0,0
stim,5232,5232,1,904883.802,-0.361,0.240,-0.024,-0.901,0,0,0,0,0,0,0,0,44,1.158,393,0,21.078,2.488,0.220,19.880,7.000,-0.319,0.018,0.920,-2.404,0.642,-0.894,0.000,0.000,1.307,0.979,2,NULL,NULL,,4,1,0,7,255,,0,0,0
stim,5232,5232,1,904888.802,-0.362,0.241,-0.023,-0.900,0,0,0,0,0,0,0,0,44,1.158,393,0,20.074,2.562,-0.020,19.260,5.660,-0.315,0.022,0.916,-2.480,0.642,-0.894,0.000,0.000,1.307,0.979,2,NULL,NULL,,4,1,0,7,255,,0,0,0
stim,5232,5232,1,904893.802,-0.362,0.241,-0.023,-0.900,0,0,0,0,0,0,0,0,44,1.158,393,0,19.355,2.556,-1.300,18.780,4.500,-0.317,0.019,0.912,-2.480,0.620,-0.938,0.000,0.000,1.307,0.979,2,NULL,NULL,,4,1,0,7,255,,0,0,0
stim,5232,5232,1,904898.802,-0.362,0.241,-0.022,-0.900,0,0,0,0,0,0,0,0,44,1.158,393,0,18.867,2.534,-1.240,18.280,4.500,-0.311,0.023,0.905,-2.466,0.582,-0.972,0.000,0.000,1.307,0.979,2,NULL,NULL,,4,1,0,7,255,,0,0,0
stim,5248,5248,1,904903.802,-0.363,0.241,-0.022,-0.900,0,0,0,0,0,0,0,0,44,1.158,393,0,18.356,2.504,0.960,17.800,4.380,-0.309,0.036,0.904,-2.444,0.546,-1.040,0.000,0.000,1.307,0.979,2,NULL,NULL,,4,1,0,7,255,,0,0,0
stim,5248,5248,1,904908.802,-0.363,0.241,-0.021,-0.900,0,0,0,0,0,0,0,0,44,1.158,393,0,17.781,2.477,2.720,17.240,3.400,-0.316,0.028,0.916,-2.424,0.508,-1.040,0.000,0.000,1.307,0.979,2,NULL,NULL,,4,1,0,7,255,,0,0,0
stim,5248,5248,1,904913.802,-0.363,0.241,-0.021,-0.900,0,0,0,0,0,0,0,0,44,1.158,393,0,17.746,2.477,2.600,17.300,2.980,-0.307,0.005,0.925,-2.424,0.508,-0.928,0.000,0.000,1.307,0.979,2,NULL,NULL,,4,1,0,7,255,,0,0,0
stim,5248,5248,1,904918.802,-0.363,0.241,-0.020,-0.900,0,0,0,0,0,0,0,0,44,1.158,393,0,18.978,2.716,2.480,18.340,4.200,-0.281,-0.007,0.923,-2.668,0.508,-0.928,0.000,0.000,1.307,0.979,2,NULL,NULL,,4,1,0,7,255,,0,0,0
stim,5263,5263,1,904923.802,-0.364,0.241,-0.020,-0.900,0,0,0,0,0,0,0,0,44,1.158,393,0,21.763,2.877,5.420,20.120,6.280,-0.271,0.009,0.921,-2.832,0.506,-1.088,0.000,0.000,1.307,0.979,2,NULL,NULL,,4,1,0,7,255,,0,0,0
stim,5263,5263,1,904928.802,-0.364,0.242,-0.020,-0.899,0,0,0,0,0,0,0,0,44,1.158,393,0,25.026,2.856,8.580,22.260,7.560,-0.295,0.021,0.929,-2.832,0.368,-1.088,0.000,0.000,1.307,0.979,2,NULL,NULL,,4,1,0,7,255,,0,0,0
stim,5280,5280,1,904933.802,-0.364,0.242,-0.019,-0.899,0,0,0,0,0,0,0,0,44,1.158,393,0,27.520,2.683,9.560,24.580,7.860,-0.321,0.027,0.950,-2.658,0.368,-0.922,0.000,0.000,1.307,0.979,2,NULL,NULL,,4,1,0,7,255,,0,0,0
stim,5280,5280,1,904938.802,-0.364,0.243,-0.019,-0.899,0,0,0,0,0,0,0,0,44,1.158,393,0,29.188,2.684,8.700,26.640,8.160,-0.321,0.030,0.971,-2.658,0.374,-0.614,0.000,0.000,1.307,0.979,2,NULL,NULL,,4,1,0,7,255,,0,0,0
stim,5280,5280,1,904943.802,-0.365,0.243,-0.019,-0.898,0,0,0,0,0,0,0,0,44,1.158,393,0,30.325,2.682,7.180,28.180,8.600,-0.313,0.041,0.971,-2.656,0.374,-0.454,0.000,0.000,1.307,0.979,2,NULL,NULL,,4,1,0,7,255,,0,0,0
stim,5280,5280,1,904948.802,-0.365,0.244,-0.019,-0.898,0,0,0,0,0,0,0,0,44,1.158,393,0,30.834,2.677,5.540,28.960,9.020,-0.326,0.039,0.958,-2.656,0.338,-0.454,0.000,0.000,1.307,0.979,2,NULL,NULL,,4,1,0,7,255,,0,0,0
stim,5312,5312,1,904953.802,-0.366,0.245,-0.018,-0.898,0,0,0,0,0,0,0,0,44,1.158,393,0,30.846,2.572,4.320,29.020,9.520,-0.346,0.032,0.948,-2.550,0.338,-0.510,0.000,0.000,1.307,0.979,2,NULL,NULL,,4,1,0,7,255,,0,0,0
stim,5312,5312,1,904958.802,-0.366,0.246,-0.018,-0.897,0,0,0,0,0,0,0,0,44,1.158,393,0,30.541,2.486,4.000,28.600,9.940,-0.347,0.038,0.947,-2.440,0.478,-0.512,0.000,0.000,1.307,0.979,2,NULL,NULL,,4,1,0,7,255,,0,0,0
stim,5312,5312,1,904963.803,-0.366,0.246,-0.017,-0.897,0,0,0,0,0,0,0,0,44,1.158,393,0,29.560,2.453,3.340,27.680,9.820,-0.339,0.047,0.944,-2.406,0.478,-0.516,0.000,0.000,1.307,0.979,2,NULL,NULL,,4,1,0,7,255,,0,0,0
stim,5312,5312,1,904968.802,-0.367,0.247,-0.017,-0.897,0,0,0,0,0,0,0,0,44,1.158,393,0,28.091,2.453,1.880,26.340,9.580,-0.347,0.024,0.938,-2.406,0.478,-0.550,0.000,0.000,1.307,0.979,2,NULL,NULL,,4,1,0,7,255,,0,0,0
stim,5327,5327,1,904973.802,-0.367,0.247,-0.016,-0.896,0,0,0,0,0,0,0,0,44,1.158,393,0,26.791,2.525,1.680,24.700,10.240,-0.358,0.006,0.932,-2.460,0.568,-0.618,0.000,0.000,1.307,0.979,2,NULL,NULL,,4,1,0,7,255,,0,0,0
stim,5327,5327,1,904978.802,-0.368,0.248,-0.016,-0.896,0,0,0,0,0,0,0,0,44,1.158,393,0,25.764,2.554,3.100,23.240,10.680,-0.355,0.014,0.931,-2.460,0.686,-0.652,0.000,0.000,1.307,0.979,2,NULL,NULL,,4,1,0,7,255,,0,0,0
stim,5327,5327,1,904983.802,-0.368,0.248,-0.015,-0.896,0,0,0,0,0,0,0,0,44,1.158,393,0,24.534,2.577,4.060,22.140,9.760,-0.349,0.024,0.942,-2.484,0.686,-0.652,0.000,0.000,1.307,0.979,2,NULL,NULL,,4,1,0,7,255,,0,0,0
stim,5327,5327,1,904988.802,-0.369,0.248,-0.015,-0.896,0,0,0,0,0,0,0,0,44,1.158,393,0,23.290,2.551,2.900,21.520,8.420,-0.355,0.021,0.947,-2.484,0.582,-0.576,0.000,0.000,1.307,0.979,2,NULL,NULL,,4,1,0,7,255,,0,0,0
stim,5327,5327,1,904993.802,-0.369,0.248,-0.014,-0.895,0,0,0,0,0,0,0,0,44,1.158,393,0,22.552,2.565,0.960,21.160,7.740,-0.362,0.012,0.942,-2.498,0.582,-0.536,0.000,0.000,1.307,0.979,2,NULL,NULL,,4,1,0,7,255,,0,0,0
stim,5327,5327,1,904998.802,-0.369,0.249,-0.014,-0.895,0,0,0,0,0,0,0,0,44,1.158,393,0,22.281,2.565,1.380,20.780,7.920,-0.354,0.021,0.933,-2.498,0.582,-0.536,0.000,0.000,1.307,0.979,2,NULL,NULL,,4,1,0,7,255,,0,0,0
stim,5343,5343,1,905003.802,-0.370,0.249,-0.013,-0.895,0,0,0,0,0,0,0,0,44,1.158,393,0,21.598,2.571,2.660,19.820,8.160,-0.363,-0.016,0.901,-2.478,0.686,-0.636,0.000,0.000,1.307,0.979,2,NULL,NULL,,4,1,0,7,255,,0,0,0
stim,5343,5343,1,905008.802,-0.370,0.249,-0.013,-0.895,0,0,0,0,0,0,0,0,44,1.158,393,0,25.165,2.655,16.280,7.120,17.820,-0.543,-0.503,0.806,-2.478,0.952,-0.932,0.000,0.000,1.307,0.979,2,NULL,NULL,,4,1,0,7,255,,0,0,0
stim,5360,5360,1,905013.802,-0.371,0.249,-0.015,-0.895,0,0,0,0,0,0,0,0,44,1.158,393,0,57.340,6.248,47.340,-17.300,27.340,-0.567,-0.377,1.012,-4.162,4.660,-0.932,0.000,0.000,1.307,0.979,2,NULL,NULL,,4,1,0,7,255,,0,0,0
stim,5360,5360,1,905018.803,-0.371,0.249,-0.016,-0.895,0,0,0,0,0,0,0,0,44,1.158,393,0,19.589,6.248,18.160,-6.320,-3.740,-0.379,0.178,1.006,-4.162,4.660,0.220,0.000,0.000,1.307,0.979,2,NULL,NULL,,4,1,0,7,255,,0,0,0
stim,5360,5360,1,905023.802,-0.370,0.248,-0.016,-0.895,0,0,0,0,0,0,0,0,44,1.158,393,0,14.625,1.723,9.740,-2.960,-10.500,-0.277,0.206,0.867,-1.656,-0.474,0.220,0.000,0.000,1.307,0.979,2,NULL,NULL,,4,1,0,7,255,,0,0,0
stim,5360,5360,1,905028.802,-0.370,0.248,-0.018,-0.895,0,0,0,0,0,0,0,0,44,1.158,393,0,41.352,1.723,37.940,-4.360,15.860,-0.321,-0.048,0.889,-1.656,-0.474,-1.170,0.000,0.000,1.307,0.979,2,NULL,NULL,,4,1,0,7,255,,0,0,0
stim,5376,5376,1,905033.802,-0.371,0.249,-0.020,-0.895,0,0,0,0,0,0,0,0,44,1.158,393,0,53.872,3.059,46.860,-6.620,25.740,-0.430,-0.122,1.021,-2.884,1.020,-1.170,0.000,0.000,1.307,0.979,2,NULL,NULL,,4,1,0,7,255,,0,0,0
stim,5376,5376,1,905038.802,-0.371,0.249,-0.021,-0.895,0,0,0,0,0,0,0,0,44,1.158,393,0,36.074,3.552,33.540,-4.960,12.320,-0.465,-0.065,1.064,-3.060,1.804,0.134,0.000,0.000,1.307,0.979,2,NULL,NULL,,4,1,0,7,255,,0,0,0
stim,5392,5392,1,905043.802,-0.371,0.248,-0.022,-0.895,0,0,0,6,0,0,0,0,44,1.158,393,0,26.632,3.552,26.160,-4.600,1.940,-0.420,-0.016,1.034,-3.060,1.804,0.422,0.000,0.000,1.307,0.979,2,NULL,NULL,,4,1,0,7,255,,0,0,0
stim,5392,5392,1,905048.802,-0.370,0.249,-0.025,-0.895,0,0,0,19,0,0,0,0,44,1.158,393,0,62.419,3.301,59.920,-9.180,14.880,-0.418,0.089,1.259,-3.060,1.238,0.780,0.000,0.000,1.307,0.979,2,NULL,NULL,,4,1,0,7,255,,0,0,0
stim,5423,5423,1,905053.802,-0.371,0.249,-0.027,-0.894,0,0,0,46,0,0,0,0,44,1.158,393,0,46.081,3.308,40.320,-11.020,19.400,-0.237,0.387,1.461,-3.306,0.126,2.504,0.000,0.000,1.307,0.979,2,NULL,NULL,,4,1,0,7,255,,0,0,0
stim,5423,5423,1,905058.802,-0.371,0.249,-0.026,-0.894,0,0,0,63,0,0,0,0,44,1.158,393,0,17.065,3.864,-13.940,3.340,9.260,-0.208,0.149,1.338,-3.430,-1.780,2.504,0.000,0.000,1.307,0.979,2,NULL,NULL,,4,1,0,7,255,,0,0,0
stim,5423,5423,1,905063.803,-0.372,0.248,-0.025,-0.894,0,0,0,84,0,0,0,0,44,1.158,393,0,37.563,4.834,-32.740,5.540,17.560,-0.189,-0.108,1.000,-4.494,-1.780,2.314,0.000,0.000,1.307,0.979,2,NULL,NULL,,4,1,0,7,255,,0,0,0
stim,5423,5423,1,905068.802,-0.374,0.247,-0.024,-0.894,0,0,0,108,0,0,0,0,44,1.158,393,0,30.721,4.521,-17.180,7.300,24.400,-0.206,-0.108,0.810,-4.494,0.490,-1.148,0.000,0.000,1.307,0.979,2,NULL,NULL,,4,1,0,7,255,,0,0,0
stim,5423,5423,1,905073.802,-0.374,0.248,-0.024,-0.893,0,0,0,120,0,0,0,0,44,1.158,393,0,30.286,3.598,17.260,11.820,21.900,-0.271,0.016,0.823,-3.564,0.490,-1.974,0.000,0.000,1.307,0.979,2,NULL,NULL,,4,1,0,7,255,,0,0,0
stim,5423,5423,1,905078.802,-0.375,0.248,-0.026,-0.893,0,0,0,123,0,0,0,0,44,1.158,393,0,44.100,2.614,37.760,14.800,17.320,-0.289,0.144,1.029,-2.572,0.466,-1.974,0.000,0.000,1.307,0.979,2,NULL,NULL,,4,1,0,7,255,,0,0,0
stim,5440,5440,1,905083.802,-0.375,0.249,-0.027,-0.893,0,0,0,110,0,0,0,0,44,1.158,393,0,35.600,2.657,27.620,18.780,12.320,-0.273,0.149,1.182,-2.572,-0.668,0.108,0.000,0.000,1.307,0.979,2,NULL,NULL,,4,1,0,7,255,,0,0,0
stim,5440,5440,1,905088.802,-0.375,0.250,-0.026,-0.892,0,0,0,101,0,0,0,0,44,1.158,393,0,24.723,3.457,3.580,21.580,11.520,-0.271,0.072,1.147,-3.392,-0.668,0.840,0.000,0.000,1.307,0.979,2,NULL,NULL,,4,1,0,7,255,,0,0,0
stim,5440,5440,1,905093.802,-0.376,0.250,-0.026,-0.892,0,0,0,89,0,0,0,0,44,1.158,393,0,28.675,3.427,-8.820,23.100,14.520,-0.292,0.029,0.980,-3.392,-0.492,0.840,0.000,0.000,1.307,0.979,2,NULL,NULL,,4,1,0,7,255,,0,0,0
stim,5440,5440,1,905098.802,-0.377,0.250,-0.025,-0.892,0,0,0,69,0,0,0,0,44,1.158,393,0,27.957,3.091,-1.120,24.080,14.160,-0.332,0.029,0.864,-3.082,0.232,-0.552,0.000,0.000,1.307,0.979,2,NULL,NULL,,4,1,0,7,255,,0,0,0
stim,5440,5440,1,905103.802,-0.377,0.251,-0.025,-0.891,0,0,0,73,0,0,0,0,44,1.158,393,0,29.856,2.407,14.020,24.580,9.520,-0.363,0.019,0.877,-2.306,0.690,-1.102,0.000,0.000,1.307,0.979,2,NULL,NULL,,4,1,0,7,255,,0,0,0
stim,5440,5440,1,905108.802,-0.377,0.252,-0.025,-0.891,0,0,0,49,0,0,0,0,44,1.158,393,0,32.049,2.449,20.180,24.260,5.600,-0.362,0.012,0.957,-2.306,0.826,-1.102,0.000,0.000,1.307,0.979,2,NULL,NULL,,4,1,0,7,255,,0,0,0
stim,5456,5456,1,905113.802,-0.377,0.253,-0.025,-0.891,0,0,0,43,0,0,0,0,44,1.158,393,0,28.629,2.852,14.680,23.840,5.980,-0.336,0.020,0.991,-2.730,0.826,-0.468,0.000,0.000,1.307,0.979,2,NULL,NULL,,4,1,0,7,255,,0,0,0
stim,5456,5456,1,905118.802,-0.377,0.253,-0.025,-0.890,0,0,0,45,0,0,0,0,44,1.158,393,0,24.839,2.917,4.740,22.860,8.480,-0.330,0.022,0.959,-2.868,0.530,-0.468,0.000,0.000,1.307,0.979,2,NULL,NULL,,4,1,0,7,255,,0,0,0
stim,5475,5475,1,905123.802,-0.378,0.253,-0.024,-0.890,0,0,0,51,0,0,0,0,44,1.158,393,0,23.749,2.917,-0.200,21.340,10.420,-0.359,-0.016,0.900,-2.868,0.530,-0.580,0.000,0.000,1.307,0.979,2,NULL,NULL,,4,1,0,7,255,,0,0,0
stim,5475,5475,1,905128.802,-0.379,0.253,-0.023,-0.890,0,0,0,41,0,0,0,0,44,1.158,393,0,22.452,2.881,1.140,19.080,11.780,-0.382,-0.045,0.858,-2.670,1.082,-1.018,0.000,0.000,1.307,0.979,2,NULL,NULL,,4,1,0,7,255,,0,0,0
stim,5476,5476,1,905133.802,-0.379,0.254,-0.023,-0.890,0,0,0,41,0,0,0,0,44,1.158,393,0,21.317,2.887,5.540,15.960,13.000,-0.376,-0.033,0.846,-2.528,1.394,-1.316,0.000,0.000,1.307,0.979,2,NULL,NULL,,4,1,0,7,255,,0,0,0
stim,5476,5476,1,905138.803,-0.380,0.254,-0.023,-0.889,0,0,0,50,0,0,0,0,44,1.158,393,0,20.603,2.798,8.100,12.740,14.020,-0.372,-0.008,0.862,-2.426,1.394,-1.316,0.000,0.000,1.307,0.979,2,NULL,NULL,,4,1,0,7,255,,0,0,0
stim,5523,5523,1,905143.802,-0.380,0.254,-0.023,-0.889,0,0,0,74,0,0,0,0,44,1.158,393,0,18.642,2.776,5.660,9.320,15.120,-0.387,-0.028,0.885,-2.426,1.350,-1.254,0.000,0.000,1.307,0.979,2,NULL,NULL,,4,1,0,7,255,,0,0,0
stim,5523,5523,1,905148.802,-0.381,0.253,-0.022,-0.889,0,0,0,91,0,0,0,0,44,1.158,393,0,18.421,2.866,0.100,4.180,17.940,-0.412,-0.050,0.888,-2.528,1.350,-1.038,0.000,0.000,1.307,0.979,2,NULL,NULL,,4,1,0,7,255,,0,0,0
stim,5523,5523,1,905153.802,-0.382,0.253,-0.022,-0.889,0,0,0,123,0,0,0,0,44,1.158,393,0,22.310,2.940,-3.080,0.840,22.080,-0.414,-0.021,0.871,-2.528,1.500,-1.008,0.000,0.000,1.307,0.979,2,NULL,NULL,,4,1,0,7,255,,0,0,0
stim,5523,5523,1,905158.802,-0.383,0.252,-0.022,-0.888,0,0,0,151,0,0,0,0,44,1.158,393,0,25.115,2.706,-2.760,-3.020,24.780,-0.414,0.029,0.844,-2.252,1.500,-1.008,0.000,0.000,1.307,0.979,2,NULL,NULL,,4,1,0,7,255,,0,0,0
stim,5523,5523,1,905163.803,-0.384,0.252,-0.022,-0.888,0,0,0,176,0,0,0,0,44,1.158,393,0,26.322,2.269,-0.200,-7.400,25.260,-0.436,0.026,0.840,-1.790,1.394,-1.052,0.000,0.000,1.307,0.979,2,NULL,NULL,,4,1,0,7,255,,0,0,0
stim,5523,5523,1,905168.802,-0.385,0.251,-0.022,-0.888,0,0,0,233,0,0,0,0,44,1.158,393,0,28.320,2.269,1.200,-11.020,26.060,-0.460,-0.007,0.856,-1.790,1.394,-1.052,0.000,0.000,1.307,0.979,2,NULL,NULL,,4,1,0,7,255,,0,0,0
stim,5539,5539,1,905173.802,-0.386,0.250,-0.023,-0.888,0,0,0,298,0,0,0,0,44,1.158,393,0,30.940,2.299,1.560,-15.100,26.960,-0.458,0.023,0.876,-1.726,1.518,-0.872,0.000,0.000,1.307,0.979,2,NULL,NULL,,4,1,0,7,255,,0,0,0
stim,5539,5539,1,905178.802,-0.387,0.249,-0.023,-0.887,0,0,0,357,0,0,0,0,44,1.158,393,0,31.273,2.299,0.400,-18.100,25.500,-0.423,0.086,0.895,-1.726,1.518,-0.652,0.000,0.000,1.307,0.979,2,NULL,NULL,,4,1,0,7,255,,0,0,0
stim,5539,5539,1,905183.802,-0.388,0.248,-0.023,-0.887,9,0,0,451,0,0,0,0,44,1.158,393,0,29.837,1.774,-0.020,-19.800,22.320,-0.402,0.121,0.923,-1.566,0.834,-0.518,0.000,0.000,1.307,0.979,2,NULL,NULL,,4,1,0,7,255,,0,0,0
stim,5539,5539,1,905188.802,-0.389,0.246,-0.024,-0.887,118,0,0,541,0,0,0,0,44,1.158,393,0,27.009,1.622,-4.420,-20.600,16.900,-0.392,0.128,0.968,-1.566,0.422,-0.300,0.000,0.000,1.307,0.979,2,NULL,NULL,,4,1,0,7,255,,0,0,0
stim,5539,5539,1,905193.802,-0.390,0.245,-0.024,-0.887,186,0,0,687,0,0,0,0,44,1.158,393,0,27.029,1.781,-12.660,-20.160,12.800,-0.369,0.133,0.999,-1.766,0.230,0.052,0.000,0.000,1.307,0.979,2,NULL,NULL,,4,1,0,7,255,,0,0,0
stim,5539,5539,1,905198.802,-0.390,0.243,-0.023,-0.888,247,0,0,807,0,0,0,0,44,1.158,393,0,31.322,1.978,-22.060,-19.800,10.120,-0.349,0.140,1.027,-1.978,-0.008,0.212,0.000,0.000,1.307,0.979,2,NULL,NULL,,4,1,0,7,255,,0,0,0
stim,5539,5539,1,905203.802,-0.391,0.242,-0.022,-0.888,327,0,0,915,0,0,0,0,44,1.158,393,0,37.159,2.149,-31.340,-19.180,5.540,-0.341,0.152,1.056,-2.136,-0.236,0.382,0.000,0.000,1.307,0.979,2,NULL,NULL,,4,1,0,7,255,,0,0,0
stim,5539,5539,1,905208.802,-0.391,0.240,-0.021,-0.888,485,0,0,1056,0,0,0,0,44,1.158,393,0,49.443,2.211,-45.860,-18.280,-2.700,-0.328,0.114,1.077,-2.188,-0.318,0.624,0.000,0.000,1.307,0.979,2,NULL,NULL,,4,1,0,7,255,,0,0,0
stim,5551,5551,1,905213.802,-0.390,0.239,-0.019,-0.889,573,0,0,1169,0,0,0,0,44,1.158,393,0,46.972,2.604,-23.220,-2.040,-40.780,-0.204,0.237,1.384,-2.568,-0.434,0.666,0.000,0.000,1.307,0.979,2,NULL,NULL,,4,1,0,7,255,,0,0,0
stim,5551,5551,1,905218.803,-0.388,0.239,-0.015,-0.890,615,0,0,1245,0,0,0,0,44,1.158,393,0,99.450,3.949,-54.700,23.300,-79.720,-0.018,-0.146,1.248,-3.804,-1.062,0.666,0.000,0.000,1.307,0.979,2,NULL,NULL,,4,1,0,7,255,,0,0,0
stim,5574,5574,1,905223.802,-0.388,0.239,-0.012,-0.890,685,0,0,1315,0,0,0,0,44,1.158,393,0,83.232,6.815,-73.820,21.520,-31.860,0.128,-0.455,0.934,-6.732,-1.062,0.168,0.000,0.000,1.307,0.979,2,NULL,NULL,,4,1,0,7,255,,0,0,0
stim,5574,5574,1,905228.802,-0.389,0.238,-0.010,-0.890,765,0,0,1387,0,0,0,26,44,1.158,393,0,60.593,6.762,-51.720,17.000,26.600,-0.034,-0.227,0.665,-6.732,0.640,-3.740,0.000,0.000,1.307,0.979,2,NULL,NULL,,4,1,0,7,255,,0,0,0
stim,5574,5574,1,905233.802,-0.391,0.238,-0.010,-0.889,837,0,0,1432,0,0,0,27,44,1.158,393,0,45.494,4.531,-5.460,7.840,44.480,-0.361,-0.035,0.652,-4.480,0.680,-3.740,0.000,0.000,1.307,0.979,2,NULL,NULL,,4,1,0,7,255,,0,0,0
stim,5574,5574,1,905238.802,-0.392,0.239,-0.011,-0.888,852,0,0,1476,0,0,0,37,44,1.158,393,0,37.544,2.100,24.200,5.460,28.180,-0.544,-0.034,0.873,-1.362,1.598,-3.046,0.000,0.000,1.307,0.979,2,NULL,NULL,,4,1,0,7,255,,0,0,0
stim,5587,5587,1,905243.802,-0.392,0.239,-0.011,-0.888,895,0,0,1501,0,0,0,39,44,1.158,393,0,22.488,2.100,21.160,7.480,-1.420,-0.444,-0.035,1.064,-1.362,1.598,-0.340,0.000,0.000,1.307,0.979,2,NULL,NULL,,4,1,0,7,255,,0,0,0
stim,5587,5587,1,905248.802,-0.391,0.239,-0.011,-0.889,933,0,0,1544,0,0,0,48,44,1.158,393,0,19.395,3.087,2.180,11.260,-15.640,-0.254,0.024,1.093,-2.790,1.320,0.304,0.000,0.000,1.307,0.979,2,NULL,NULL,,4,1,0,7,255,,0,0,0
stim,5615,5615,1,905253.802,-0.391,0.238,-0.010,-0.889,965,0,0,1583,0,0,0,45,44,1.158,393,0,17.745,3.511,-11.260,13.160,-3.860,-0.172,0.038,1.008,-3.484,-0.434,0.304,0.000,0.000,1.307,0.979,2,NULL,NULL,,4,1,0,7,255,,0,0,0
stim,5615,5615,1,905258.802,-0.392,0.238,-0.009,-0.889,1003,0,0,1630,0,0,0,63,44,1.158,393,0,26.847,3.511,-16.800,12.920,16.480,-0.248,0.021,0.929,-3.484,-0.434,-0.762,0.000,0.000,1.307,0.979,2,NULL,NULL,,4,1,0,7,255,,0,0,0
stim,5615,5615,1,905263.803,-0.393,0.237,-0.008,-0.888,1053,0,0,1679,0,0,41,92,44,1.158,393,0,29.336,2.821,-16.020,11.940,21.480,-0.360,0.003,0.898,-2.818,-0.138,-0.888,0.000,0.000,1.307,0.979,2,NULL,NULL,,4,1,0,7,255,,0,0,0
stim,5615,5615,1,905268.802,-0.394,0.237,-0.007,-0.888,1115,0,0,1741,25,0,61,121,44,1.158,393,0,20.845,2.365,-15.280,10.840,9.140,-0.399,-0.032,0.905,-2.228,0.792,-0.888,0.000,0.000,1.307,0.979,2,NULL,NULL,,4,1,0,7,255,,0,0,0
stim,5615,5615,1,905273.802,-0.394,0.237,-0.005,-0.888,1193,0,0,1811,53,0,89,159,44,1.158,393,0,21.019,2.507,-17.720,11.020,-2.520,-0.341,-0.082,0.924,-2.228,1.150,-0.888,0.000,0.000,1.307,0.979,2,NULL,NULL,,4,1,0,7,255,,0,0,0
stim,5615,5615,1,905278.802,-0.395,0.236,-0.004,-0.888,1309,0,0,1881,112,27,125,214,44,1.158,393,0,23.759,3.172,-21.380,10.360,0.240,-0.259,-0.096,0.920,-2.956,1.150,-0.906,0.000,0.000,1.307,0.979,2,NULL,NULL,,4,1,0,7,255,,0,0,0
stim,5631,5631,1,905283.802,-0.396,0.235,-0.003,-0.888,1437,0,0,1953,149,37,175,283,44,1.158,393,0,28.337,3.521,-23.460,9.740,12.560,-0.232,-0.101,0.918,-3.456,0.674,-1.332,0.000,0.000,1.307,0.979,2,NULL,NULL,,4,1,0,7,255,,0,0,0
stim,5631,5631,1,905288.802,-0.397,0.235,-0.002,-0.887,1517,0,0,2003,186,49,222,348,44,1.158,393,0,31.756,3.521,-20.960,8.580,22.260,-0.292,-0.108,0.895,-3.456,0.674,-1.406,0.000,0.000,1.307,0.979,2,NULL,NULL,,4,1,0,7,255,,0,0,0
stim,5631,5631,1,905293.802,-0.398,0.234,-0.001,-0.887,1594,0,0,2073,249,72,267,441,44,1.158,393,0,30.551,3.375,-16.200,7.540,24.780,-0.372,-0.110,0.897,-3.222,1.006,-1.406,0.000,0.000,1.307,0.979,2,NULL,NULL,,4,1,0,7,255,,0,0,0
stim,5631,5631,1,905298.802,-0.399,0.234,-0.000,-0.887,1667,0,61,2149,347,87,311,541,44,1.158,393,0,24.167,3.121,-12.040,6.440,19.940,-0.408,-0.056,0.917,-2.806,1.366,-1.026,0.000,0.000,1.307,0.979,2,NULL,NULL,,4,1,0,7,255,,0,0,0
stim,5647,5647,1,905303.802,-0.400,0.233,0.000,-0.886,1755,0,117,2212,394,93,416,633,44,1.158,393,0,16.764,2.687,-10.040,6.440,11.780,-0.393,0.057,0.961,-2.314,1.366,-0.582,0.000,0.000,1.307,0.979,2,NULL,NULL,,4,1,0,7,255,,0,0,0
stim,5647,5647,0,905308.802,-0.400,0.233,0.001,-0.886,1832,0,153,2260,457,103,495,676,47,1.158,394,0,13.144,1.841,-10.820,6.760,3.160,-0.379,0.155,1.002,-1.796,0.404,-0.082,0.000,0.000,1.307,0.979,1,1216.000,NULL,,4,0,0,7,255,,0,0,0
stim,5666,5666,0,905313.802,-0.400,0.233,0.002,-0.886,1899,0,233,2317,537,115,566,743,47,1.158,394,0,15.937,1.421,-14.060,7.000,-2.700,-0.375,0.189,1.037,-1.350,-0.442,0.386,0.000,0.000,1.307,0.979,1,NULL,NULL,,4,0,0,7,255,,0,0,0
stim,5666,5666,0,905318.802,-0.400,0.232,0.003,-0.887,1947,0,295,2363,601,121,615,803,47,1.158,394,0,21.623,1.524,-19.860,6.880,-5.080,-0.369,0.171,1.029,-1.350,-0.708,0.596,0.000,0.000,1.307,0.979,1,NULL,NULL,,4,0,0,7,255,,0,0,0
stim,5666,5666,0,905323.802,-0.400,0.231,0.004,-0.887,2004,0,379,2409,699,111,680,857,47,1.158,394,0,27.626,1.551,-25.660,5.960,-8.320,-0.351,0.106,1.004,-1.380,-0.708,0.596,0.000,0.000,1.307,0.979,1,NULL,NULL,,4,0,0,7,255,,0,0,0
stim,5666,5666,0,905328.802,-0.400,0.231,0.006,-0.887,2059,0,447,2475,789,119,783,967,47,1.158,394,0,29.880,1.831,-26.580,5.960,-12.280,-0.351,-0.008,0.967,-1.796,-0.358,0.194,0.000,0.000,1.307,0.979,1,NULL,NULL,,4,0,0,7,255,,0,0,0
stim,5679,5679,0,905333.802,-0.400,0.230,0.007,-0.887,2115,0,524,2529,829,122,839,1064,47,1.158,394,0,28.815,2.453,-23.520,6.320,-15.400,-0.345,-0.120,0.936,-2.408,0.468,-0.316,0.000,0.000,1.307,0.979,1,NULL,NULL,,4,0,0,7,255,,0,0,0
stim,5679,5679,0,905338.802,-0.400,0.229,0.009,-0.887,2143,0,620,2551,907,137,951,1159,47,1.158,394,0,26.360,3.298,-19.440,6.380,-16.620,-0.333,-0.168,0.916,-3.066,1.214,-0.782,0.000,0.000,1.307,0.979,1,NULL,NULL,,4,0,0,7,255,,0,0,0
stim,5679,5679,0,905343.802,-0.399,0.229,0.010,-0.888,2184,0,696,2593,960,157,1042,1195,47,1.158,394,0,23.029,3.608,-13.760,6.820,-17.160,-0.319,-0.161,0.916,-3.356,1.324,-1.078,0.000,0.000,1.307,0.979,1,NULL,NULL,,4,0,0,7,255,,0,0,0
stim,5679,5679,0,905348.802,-0.399,0.228,0.011,-0.888,2202,0,768,2604,1015,189,1111,1235,47,1.158,394,0,18.962,3.608,-8.820,6.680,-15.400,-0.310,-0.131,0.947,-3.356,1.324,-1.078,0.000,0.000,1.307,0.979,1,NULL,NULL,,4,0,0,7,255,,0,0,0
stim,5711,5711,0,905353.802,-0.399,0.227,0.012,-0.888,2223,0,826,2624,1052,209,1147,1273,47,1.158,394,0,17.896,3.453,-6.360,7.240,-15.080,-0.308,-0.109,0.968,-3.312,0.976,-0.836,0.000,0.000,1.307,0.979,2,NULL,NULL,,4,0,0,7,255,,0,0,0
stim,5711,5711,0,905358.802,-0.398,0.227,0.013,-0.889,2247,0,933,2645,1091,223,1203,1323,47,1.158,394,0,17.208,3.324,-7.220,7.540,-13.680,-0.306,-0.094,0.973,-3.238,0.750,-0.626,0.000,0.000,1.307,0.979,2,NULL,NULL,,4,0,0,7,255,,0,0,0
stim,5711,5711,0,905363.803,-0.398,0.226,0.014,-0.889,2253,0,1013,2669,1117,249,1251,1365,47,1.158,394,0,18.556,3.195,-8.620,7.540,-14.600,-0.312,-0.085,0.961,-3.136,0.612,-0.616,0.000,0.000,1.307,0.979,2,NULL,NULL,,4,0,0,7,255,,0,0,0
stim,5711,5711,0,905368.802,-0.398,0.225,0.015,-0.889,2269,0,1082,2676,1143,256,1301,1402,47,1.158,394,0,20.203,3.039,-8.320,7.920,-16.620,-0.304,-0.089,0.946,-2.978,0.604,-0.616,0.000,0.000,1.307,0.979,2,NULL,NULL,,4,0,0,7,255,,0,0,0
stim,5711,5711,0,905373.802,-0.397,0.225,0.016,-0.890,2287,0,1145,2709,1159,255,1333,1420,47,1.158,394,0,20.163,3.038,-6.680,8.460,-17.040,-0.280,-0.105,0.940,-2.978,0.602,-0.786,0.000,0.000,1.307,0.979,2,NULL,NULL,,4,0,0,7,255,,0,0,0
stim,5711,5711,0,905378.802,-0.397,0.224,0.017,-0.890,2297,0,1176,2697,1197,287,1339,1434,47,1.158,394,0,16.901,3.216,-4.540,7.780,-14.300,-0.276,-0.114,0.941,-3.164,0.576,-0.962,0.000,0.000,1.307,0.979,2,NULL,NULL,,4,0,0,7,255,,0,0,0
stim,5728,5728,0,905383.802,-0.397,0.223,0.018,-0.890,2313,0,1229,2731,1227,313,1379,1489,47,1.158,394,0,12.446,3.218,-2.820,7.480,-9.540,-0.299,-0.119,0.951,-3.166,0.576,-0.962,0.000,0.000,1.307,0.979,2,NULL,NULL,,4,0,0,7,255,,0,0,0
stim,5728,5728,0,905388.802,-0.396,0.223,0.019,-0.890,2321,0,1263,2729,1257,341,1417,1527,47,1.158,394,0,10.073,3.248,-1.060,6.260,-7.820,-0.336,-0.113,0.961,-3.166,0.726,-0.790,0.000,0.000,1.307,0.979,2,NULL,NULL,,4,0,0,7,255,,0,0,0
stim,5743,5743,0,905393.802,-0.396,0.222,0.020,-0.891,2312,0,1287,2725,1268,343,1422,1559,47,1.158,394,0,12.302,3.082,-0.320,6.500,-10.440,-0.360,-0.110,0.962,-2.946,0.904,-0.512,0.000,0.000,1.307,0.979,2,NULL,NULL,,4,0,0,7,255,,0,0,0
stim,5743,5743,0,905398.802,-0.396,0.222,0.021,-0.891,2314,1,1341,2734,1300,342,1453,1586,47,1.158,394,0,15.343,2.992,-0.760,6.140,-14.040,-0.339,-0.110,0.955,-2.852,0.904,-0.512,0.000,0.000,1.307,0.979,2,NULL,NULL,,4,0,0,7,255,,0,0,0
stim,5743,5743,0,905403.802,-0.395,0.221,0.021,-0.891,2323,0,1379,2737,1332,348,1467,1614,47,1.158,394,0,16.008,2.991,-0.440,7.060,-14.360,-0.300,-0.116,0.941,-2.852,0.902,-0.544,0.000,0.000,1.307,0.979,2,NULL,NULL,,4,0,0,7,255,,0,0,0
stim,5743,5743,0,905408.802,-0.395,0.221,0.022,-0.891,2297,6,1417,2739,1353,333,1476,1625,47,1.158,394,0,16.214,3.173,2.960,7.660,-13.980,-0.301,-0.150,0.948,-3.042,0.902,-0.818,0.000,0.000,1.307,0.979,2,NULL,NULL,,4,0,0,7,255,,0,0,0
stim,5743,5743,0,905413.802,-0.394,0.220,0.023,-0.892,2321,5,1451,2735,1375,333,1483,1643,47,1.158,394,0,16.153,3.356,6.020,6.260,-13.620,-0.274,-0.129,0.961,-3.282,0.702,-0.818,0.000,0.000,1.307,0.979,2,NULL,NULL,,4,0,0,7,255,,0,0,0
stim,5760,5760,0,905418.803,-0.394,0.220,0.023,-0.892,2281,5,1475,2717,1387,314,1495,1645,47,1.158,394,0,13.046,3.329,5.600,8.760,-7.880,-0.256,-0.110,0.945,-3.282,0.558,-0.818,0.000,0.000,1.307,0.979,2,NULL,NULL,,4,0,0,7,255,,0,0,0
stim,5760,5760,0,905423.802,-0.394,0.219,0.023,-0.892,2287,5,1494,2731,1413,309,1497,1659,47,1.158,394,0,12.113,3.371,6.080,8.880,-5.560,-0.282,-0.146,0.971,-3.324,0.558,-0.790,0.000,0.000,1.307,0.979,2,NULL,NULL,,4,0,0,7,255,,0,0,0
stim,5775,5775,0,905428.802,-0.394,0.219,0.024,-0.892,2283,5,1499,2718,1425,298,1499,1663,47,1.158,394,0,11.749,3.423,6.080,8.640,-5.140,-0.278,-0.146,0.952,-3.354,0.682,-0.862,0.000,0.000,1.307,0.979,2,NULL,NULL,,4,0,0,7,255,,0,0,0
stim,5775,5775,0,905433.802,-0.394,0.219,0.024,-0.892,2277,1,1527,2719,1439,297,1513,1663,47,1.158,394,0,11.517,3.423,5.100,10.220,-1.480,-0.273,-0.140,0.930,-3.354,0.682,-0.862,0.000,0.000,1.307,0.979,2,NULL,NULL,,4,0,0,7,255,,0,0,0
stim,5775,5775,0,905438.802,-0.394,0.218,0.025,-0.893,2264,1,1555,2717,1440,285,1513,1669,47,1.158,394,0,12.398,3.406,7.980,9.320,-1.780,-0.274,-0.147,0.945,-3.334,0.696,-0.936,0.000,0.000,1.307,0.979,2,NULL,NULL,,4,0,0,7,255,,0,0,0
stim,5775,5775,0,905443.802,-0.394,0.218,0.025,-0.893,2269,0,1561,2725,1448,291,1519,1681,47,1.158,394,0,13.801,3.397,9.500,9.980,0.780,-0.263,-0.147,0.930,-3.328,0.680,-1.066,0.000,0.000,1.307,0.979,2,NULL,NULL,,4,0,0,7,255,,0,0,0
stim,5807,5807,0,905448.802,-0.394,0.218,0.025,-0.893,2248,0,1579,2701,1451,281,1517,1669,47,1.158,394,0,15.577,3.397,10.540,10.600,4.380,-0.258,-0.149,0.948,-3.334,0.652,-0.978,0.000,0.000,1.307,0.979,2,NULL,NULL,,4,0,0,7,255,,0,0,0
stim,5807,5807,0,905453.802,-0.394,0.217,0.026,-0.893,2235,0,1568,2698,1453,266,1513,1664,47,1.158,394,0,16.144,3.391,10.960,9.860,6.580,-0.274,-0.144,0.951,-3.328,0.652,-0.978,0.000,0.000,1.307,0.979,2,NULL,NULL,,4,0,0,7,255,,0,0,0
stim,5808,5808,0,905458.802,-0.395,0.217,0.026,-0.892,2223,0,1568,2701,1458,236,1508,1673,47,1.158,394,0,18.069,3.364,10.960,10.540,9.760,-0.263,-0.129,0.949,-3.312,0.590,-0.922,0.000,0.000,1.307,0.979,2,NULL,NULL,,4,0,0,7,255,,0,0,0
stim,5808,5808,0,905463.803,-0.395,0.217,0.026,-0.892,2220,0,1573,2683,1463,227,1511,1661,47,1.158,394,0,18.843,3.323,11.580,10.660,10.360,-0.297,-0.130,0.948,-3.258,0.654,-0.868,0.000,0.000,1.307,0.979,2,NULL,NULL,,4,0,0,7,255,,0,0,0
stim,5824,5824,0,905468.802,-0.396,0.217,0.026,-0.892,2208,0,1563,2679,1463,221,1512,1659,47,1.158,394,0,20.429,3.106,12.860,9.860,12.440,-0.270,-0.105,0.950,-3.068,0.486,-0.848,0.000,0.000,1.307,0.979,2,NULL,NULL,,4,0,0,7,255,,0,0,0
stim,5824,5824,0,905473.802,-0.396,0.217,0.025,-0.892,2200,0,1555,2671,1453,207,1496,1669,47,1.158,394,0,22.139,3.138,14.320,11.080,12.740,-0.300,-0.125,0.945,-3.056,0.714,-0.782,0.000,0.000,1.307,0.979,2,NULL,NULL,,4,0,0,7,255,,0,0,0
stim,5839,5839,0,905478.802,-0.396,0.217,0.025,-0.892,2196,0,1545,2669,1451,195,1499,1657,47,1.158,394,0,22.998,3.078,14.940,9.560,14.640,-0.268,-0.110,0.964,-3.056,0.366,-0.782,0.000,0.000,1.307,0.979,2,NULL,NULL,,4,0,0,7,255,,0,0,0
stim,5839,5839,0,905483.802,-0.397,0.217,0.025,-0.892,2183,0,1517,2663,1435,201,1480,1643,47,1.158,394,0,24.657,3.207,15.660,11.580,15.120,-0.293,-0.135,0.945,-3.126,0.714,-0.782,0.000,0.000,1.307,0.979,2,NULL,NULL,,4,0,0,7,255,,0,0,0
stim,5839,5839,0,905488.802,-0.398,0.217,0.025,-0.891,2168,0,1488,2643,1428,186,1464,1635,47,1.158,394,0,26.344,3.152,16.400,9.260,18.420,-0.276,-0.108,0.961,-3.126,0.406,-0.744,0.000,0.000,1.307,0.979,2,NULL,NULL,,4,0,0,7,255,,0,0,0
stim,5839,5839,0,905493.802,-0.398,0.217,0.024,-0.891,2159,0,1467,2624,1413,169,1454,1617,47,1.158,394,0,27.135,3.170,18.040,11.460,16.720,-0.292,-0.125,0.944,-3.098,0.674,-0.826,0.000,0.000,1.307,0.979,2,NULL,NULL,,4,0,0,7,255,,0,0,0
stim,5839,5839,0,905498.802,-0.399,0.217,0.024,-0.891,2136,0,1421,2607,1395,157,1433,1607,47,1.158,394,0,29.662,3.133,20.300,9.560,19.400,-0.277,-0.113,0.958,-3.098,0.464,-0.768,0.000,0.000,1.307,0.979,2,NULL,NULL,,4,0,0,7,255,,0,0,0
stim,5839,5839,0,905503.802,-0.399,0.217,0.023,-0.890,2123,0,1385,2595,1368,139,1407,1591,47,1.158,394,0,30.468,3.161,21.280,11.380,18.600,-0.280,-0.114,0.958,-3.122,0.498,-0.768,0.000,0.000,1.307,0.979,2,NULL,NULL,,4,0,0,7,255,,0,0,0
stim,5858,5858,0,905508.802,-0.400,0.218,0.023,-0.890,2077,0,1337,2568,1342,115,1372,1558,47,1.158,394,0,33.010,3.167,23.480,10.160,20.860,-0.278,-0.123,0.958,-3.128,0.498,-0.768,0.000,0.000,1.307,0.979,2,NULL,NULL,,4,0,0,7,255,,0,0,0
stim,5858,5858,0,905513.802,-0.401,0.218,0.022,-0.890,2055,0,1297,2547,1316,95,1331,1553,47,1.158,394,0,34.309,3.161,23.300,10.780,22.760,-0.279,-0.108,0.959,-3.122,0.498,-0.756,0.000,0.000,1.307,0.979,2,NULL,NULL,,4,0,0,7,255,,0,0,0
stim,5858,5858,0,905518.802,-0.401,0.218,0.021,-0.889,1999,0,1240,2507,1303,87,1303,1515,47,1.158,394,0,36.154,3.169,25.620,10.780,23.120,-0.294,-0.118,0.948,-3.120,0.554,-0.786,0.000,0.000,1.307,0.979,2,NULL,NULL,,4,0,0,7,255,,0,0,0
stim,5858,5858,0,905523.802,-0.402,0.219,0.020,-0.889,1961,0,1164,2479,1291,77,1259,1469,47,1.158,394,0,38.366,3.164,27.200,10.300,25.020,-0.281,-0.111,0.955,-3.120,0.528,-0.796,0.000,0.000,1.307,0.979,2,NULL,NULL,,4,0,0,7,255,,0,0,0
stim,5872,5872,0,905528.802,-0.403,0.219,0.019,-0.889,1920,0,1099,2430,1271,73,1225,1434,47,1.158,394,0,39.703,3.142,27.820,10.960,26.120,-0.296,-0.111,0.948,-3.072,0.660,-0.796,0.000,0.000,1.307,0.979,2,NULL,NULL,,4,0,0,7,255,,0,0,0
stim,5872,5872,0,905533.802,-0.403,0.220,0.018,-0.888,1869,0,1039,2397,1255,61,1175,1405,47,1.158,394,0,41.698,3.125,29.880,9.920,27.340,-0.297,-0.109,0.950,-3.054,0.660,-0.796,0.000,0.000,1.307,0.979,2,NULL,NULL,,4,0,0,7,255,,0,0,0
stim,5892,5892,0,905538.802,-0.404,0.220,0.017,-0.888,1817,0,963,2355,1229,64,1133,1381,47,1.158,394,0,43.064,3.123,29.940,9.680,29.400,-0.296,-0.099,0.955,-3.052,0.660,-0.776,0.000,0.000,1.307,0.979,2,NULL,NULL,,4,0,0,7,255,,0,0,0
stim,5892,5892,0,905543.802,-0.405,0.221,0.016,-0.887,1771,0,899,2311,1191,47,1091,1353,47,1.158,394,0,44.153,3.105,30.060,9.800,30.820,-0.316,-0.099,0.941,-3.034,0.662,-0.770,0.000,0.000,1.307,0.979,2,NULL,NULL,,4,0,0,7,255,,0,0,0
stim,5892,5892,0,905548.802,-0.406,0.222,0.015,-0.887,1724,0,824,2263,1160,55,1041,1329,47,1.158,394,0,45.143,2.992,32.260,8.400,30.440,-0.328,-0.085,0.946,-2.892,0.768,-0.730,0.000,0.000,1.307,0.979,2,NULL,NULL,,4,0,0,7,255,,0,0,0
stim,5892,5892,0,905553.802,-0.407,0.222,0.014,-0.886,1641,0,763,2193,1144,41,973,1285,47,1.158,394,0,45.299,2.876,32.520,7.780,30.560,-0.321,-0.073,0.949,-2.772,0.768,-0.656,0.000,0.000,1.307,0.979,2,NULL,NULL,,4,0,0,7,255,,0,0,0
stim,5924,5924,0,905558.802,-0.407,0.223,0.012,-0.886,1564,0,679,2101,1129,47,914,1261,47,1.158,394,0,45.196,2.862,32.700,7.600,30.260,-0.328,-0.079,0.943,-2.758,0.764,-0.656,0.000,0.000,1.307,0.979,2,NULL,NULL,,4,0,0,7,255,,0,0,0
stim,5924,5924,0,905563.803,-0.408,0.223,0.011,-0.885,1485,0,604,2021,1105,40,860,1251,47,1.158,394,0,45.966,2.856,33.980,7.060,30.140,-0.333,-0.072,0.946,-2.752,0.764,-0.654,0.000,0.000,1.307,0.979,2,NULL,NULL,,4,0,0,7,255,,0,0,0
stim,5924,5924,0,905568.802,-0.409,0.224,0.010,-0.885,1389,0,551,1927,1083,26,800,1223,47,1.158,394,0,46.524,2.829,35.260,5.220,29.900,-0.338,-0.051,0.957,-2.724,0.764,-0.638,0.000,0.000,1.307,0.979,2,NULL,NULL,,4,0,0,7,255,,0,0,0
stim,5924,5924,0,905573.802,-0.410,0.225,0.008,-0.884,1269,0,475,1821,1047,21,746,1190,47,1.158,394,0,45.906,2.718,34.960,5.600,29.220,-0.352,-0.053,0.962,-2.608,0.764,-0.498,0.000,0.000,1.307,0.979,2,NULL,NULL,,4,0,0,7,255,,0,0,0
stim,5924,5924,0,905578.802,-0.410,0.225,0.007,-0.884,1139,0,433,1725,991,12,696,1157,47,1.158,394,0,45.056,2.711,35.380,4.920,27.460,-0.370,-0.056,0.960,-2.598,0.774,-0.404,0.000,0.000,1.307,0.979,2,NULL,NULL,,4,0,0,7,255,,0,0,0
stim,5924,5924,0,905583.802,-0.411,0.226,0.005,-0.883,1021,0,377,1598,968,4,632,1103,47,1.158,394,0,43.234,2.680,35.620,4.740,24.040,-0.371,-0.042,0.963,-2.536,0.868,-0.348,0.000,0.000,1.307,0.979,2,NULL,NULL,,4,0,0,7,255,,0,0,0
stim,5935,5935,0,905588.802,-0.411,0.226,0.004,-0.883,890,0,325,1480,927,0,597,1079,47,1.158,394,0,41.092,2.618,35.020,4.120,21.100,-0.375,-0.031,0.950,-2.466,0.880,-0.348,0.000,0.000,1.307,0.979,2,NULL,NULL,,4,0,0,7,255,,0,0,0
stim,5935,5935,0,905593.802,-0.412,0.227,0.003,-0.883,761,0,266,1329,896,0,543,1017,47,1.158,394,0,40.267,2.526,34.840,3.520,19.880,-0.374,-0.038,0.940,-2.368,0.880,-0.388,0.000,0.000,1.307,0.979,2,NULL,NULL,,4,0,0,7,255,,0,0,0
stim,5935,5935,0,905598.802,-0.412,0.227,0.002,-0.882,635,0,234,1191,857,0,493,943,47,1.158,394,0,39.391,2.555,33.980,4.000,19.520,-0.381,-0.057,0.942,-2.368,0.960,-0.476,0.000,0.000,1.307,0.979,2,NULL,NULL,,4,0,0,7,255,,0,0,0
stim,5935,5935,0,905603.802,-0.413,0.227,0.000,-0.882,496,0,188,1005,821,0,471,891,47,1.158,394,0,39.781,2.671,33.800,3.520,20.680,-0.385,-0.047,0.944,-2.424,1.122,-0.476,0.000,0.000,1.307,0.979,2,NULL,NULL,,4,0,0,7,255,,0,0,0
stim,5967,5967,0,905608.802,-0.413,0.228,-0.001,-0.882,353,0,155,858,777,0,427,814,47,0.026,394,0,39.533,2.671,32.820,4.380,21.600,-0.400,-0.028,0.950,-2.424,1.122,-0.436,0.000,0.000,1.032,0.023,2,NULL,NULL,,4,0,0,7,255,,0,0,0
stim,5967,5967,0,905613.802,-0.413,0.228,-0.002,-0.881,243,0,105,620,712,0,355,727,47,0.026,394,0,36.706,2.518,30.680,4.240,19.700,-0.413,-0.017,0.945,-2.254,1.122,-0.290,0.012,0.002,1.032,0.023,2,NULL,NULL,,4,0,0,7,255,,0,0,0
stim,5967,5967,0,905618.803,-0.414,0.229,-0.003,-0.881,139,0,71,471,665,0,301,669,47,0.026,394,0,35.464,2.489,31.040,5.400,16.280,-0.417,-0.041,0.929,-2.204,1.156,-0.290,0.024,0.006,1.032,0.023,2,NULL,NULL,,4,0,0,7,255,,0,0,0
stim,5967,5967,0,905623.802,-0.414,0.229,-0.004,-0.881,43,0,21,271,574,0,207,608,47,0.026,394,0,37.330,2.608,33.800,4.740,15.120,-0.402,-0.083,0.926,-2.204,1.394,-0.428,0.036,0.008,1.032,0.023,2,NULL,NULL,,4,0,0,7,255,,0,0,0
stim,5969,5969,0,905628.802,-0.414,0.230,-0.005,-0.881,9,0,0,156,523,0,171,555,47,0.026,394,0,40.857,3.030,35.740,4.500,19.280,-0.409,-0.100,0.917,-2.584,1.582,-0.604,0.048,0.012,1.032,0.023,2,NULL,NULL,,4,0,0,7,255,,0,0,0
stim,5969,5969,0,905633.802,-0.415,0.230,-0.006,-0.880,0,0,0,33,451,0,133,497,47,0.026,394,0,39.518,3.132,31.900,5.100,22.760,-0.436,-0.075,0.920,-2.584,1.770,-0.604,0.060,0.014,1.032,0.023,2,NULL,NULL,,4,0,0,7,255,,0,0,0
stim,5987,5987,0,905638.802,-0.415,0.231,-0.007,-0.880,0,0,0,0,413,0,103,418,47,0.026,394,0,38.874,2.979,32.140,5.960,21.040,-0.497,-0.031,0.912,-2.368,1.808,-0.504,0.074,0.014,1.032,0.023,2,NULL,NULL,,4,0,0,7,255,,0,0,0
stim,5987,5987,0,905643.802,-0.416,0.231,-0.008,-0.880,0,0,0,0,326,0,56,348,47,0.026,394,0,36.283,2.636,32.320,6.440,15.180,-0.537,-0.003,0.926,-1.726,1.992,-0.222,0.086,0.016,1.032,0.023,2,NULL,NULL,,4,0,0,7,255,,0,0,0
stim,5987,5987,0,905648.802,-0.415,0.232,-0.009,-0.880,0,0,0,0,295,0,15,293,47,0.026,394,0,34.174,2.553,32.880,7.240,5.860,-0.555,-0.009,0.951,-1.480,2.080,0.122,0.102,0.016,1.032,0.023,2,NULL,NULL,,4,0,0,7,255,,0,0,0
stim,6023,6023,0,905653.802,-0.415,0.233,-0.010,-0.880,0,0,0,0,219,0,0,227,47,0.026,394,0,40.875,2.653,40.620,4.560,-0.140,-0.573,-0.071,1.025,-1.480,2.202,0.398,0.114,0.018,1.032,0.023,2,NULL,NULL,,4,0,0,7,255,,0,0,0
stim,6023,6023,0,905658.802,-0.415,0.233,-0.012,-0.880,0,0,0,0,161,0,0,159,47,0.026,394,0,49.899,3.384,49.480,-5.520,3.340,-0.571,-0.120,1.108,-2.176,2.592,0.978,0.126,0.020,1.032,0.023,2,NULL,NULL,,4,0,0,7,255,,0,0,0
stim,6023,6023,0,905663.803,-0.414,0.233,-0.014,-0.880,0,0,0,0,93,0,0,145,47,0.026,394,0,44.126,3.903,41.780,-14.180,0.660,-0.494,-0.078,1.197,-2.918,2.592,1.564,0.140,0.024,1.032,0.023,2,NULL,NULL,,4,0,0,7,255,,0,0,0
stim,6023,6023,0,905668.802,-0.414,0.232,-0.015,-0.880,0,0,0,0,64,0,0,147,47,0.026,394,0,31.167,3.833,23.960,-19.320,-4.900,-0.373,-0.013,1.155,-3.394,1.782,1.564,0.152,0.026,1.032,0.023,2,NULL,NULL,,4,0,0,7,255,,0,0,0
stim,6024,6024,0,905673.802,-0.413,0.231,-0.016,-0.881,0,0,0,0,21,0,0,123,47,0.026,394,0,23.617,3.450,11.140,-20.720,-2.080,-0.271,0.015,1.073,-3.394,0.620,1.298,0.164,0.028,1.032,0.023,2,NULL,NULL,,4,0,0,7,255,,0,0,0
stim,6024,6024,0,905678.802,-0.414,0.230,-0.016,-0.881,0,0,0,0,0,0,0,95,47,0.026,394,0,25.649,3.347,9.740,-21.760,9.460,-0.241,-0.015,0.943,-3.342,0.176,0.216,0.178,0.032,1.032,0.023,2,NULL,NULL,,4,0,0,7,255,,0,0,0
stim,6024,6024,0,905683.802,-0.414,0.229,-0.017,-0.881,0,0,0,0,0,0,0,85,47,0.026,394,0,33.227,3.121,17.060,-20.840,19.460,-0.272,-0.055,0.874,-3.116,0.176,-1.078,0.192,0.036,1.032,0.023,2,NULL,NULL,,4,0,0,7,255,,0,0,0
stim,6025,6025,0,905688.802,-0.415,0.228,-0.019,-0.881,0,0,0,0,0,0,0,33,47,0.026,394,0,40.009,3.034,27.940,-19.620,20.860,-0.309,-0.053,0.829,-2.922,0.818,-1.614,0.206,0.040,1.032,0.023,2,NULL,NULL,,4,0,0,7,255,,0,0,0
stim,6025,6025,0,905693.802,-0.415,0.228,-0.020,-0.880,0,0,0,0,0,0,0,28,47,0.026,394,0,45.126,2.734,37.520,-18.520,16.900,-0.285,-0.032,0.847,-2.590,0.876,-1.746,0.220,0.044,1.032,0.023,2,NULL,NULL,,4,0,0,7,255,,0,0,0
stim,6025,6025,0,905698.802,-0.415,0.228,-0.023,-0.880,0,0,0,0,0,0,0,9,47,0.026,394,0,50.254,2.734,44.540,-17.360,15.500,-0.229,-0.013,0.883,-2.590,0.876,-1.746,0.234,0.046,1.032,0.023,2,NULL,NULL,,4,0,0,7,255,,0,0,0
stim,6031,6031,0,905703.802,-0.415,0.228,-0.025,-0.880,0,0,0,0,0,0,0,0,47,0.026,394,0,54.695,2.930,48.680,-16.940,18.300,-0.175,-0.021,0.932,-2.914,0.308,-1.642,0.250,0.050,1.032,0.023,2,NULL,NULL,,4,0,0,7,255,,0,0,0
stim,6031,6031,0,905708.802,-0.416,0.228,-0.027,-0.880,0,0,0,0,0,0,0,0,47,0.026,394,0,58.945,3.485,51.060,-17.780,23.480,-0.138,-0.092,0.936,-3.482,0.146,-1.642,0.266,0.054,1.032,0.023,2,NULL,NULL,,4,0,0,7,255,,0,0,0
stim,6048,6048,0,905713.802,-0.416,0.228,-0.030,-0.880,0,0,0,0,0,0,0,0,47,0.026,394,0,63.007,4.215,51.180,-19.060,31.420,-0.115,-0.134,0.903,-4.212,0.146,-1.768,0.282,0.056,1.032,0.023,2,NULL,NULL,,4,0,0,7,255,,0,0,0
stim,6048,6048,0,905718.802,-0.417,0.228,-0.033,-0.879,0,0,0,0,0,0,0,0,47,0.026,394,0,68.944,4.215,52.960,-20.100,39.300,-0.088,-0.075,0.847,-4.212,0.146,-2.254,0.300,0.058,1.032,0.023,2,NULL,NULL,,4,0,0,7,255,,0,0,0
stim,6063,6063,0,905723.802,-0.418,0.228,-0.036,-0.879,0,0,0,0,0,0,0,0,47,0.026,394,0,80.262,3.987,61.440,-18.700,48.140,-0.061,0.024,0.800,-3.986,-0.090,-2.708,0.320,0.058,1.032,0.023,2,NULL,NULL,,4,0,0,7,255,,0,0,0
stim,6063,6063,0,905728.802,-0.419,0.229,-0.039,-0.878,0,0,0,0,0,0,0,0,47,0.026,394,0,95.686,3.336,74.940,-16.440,57.180,-0.030,0.105,0.805,-3.238,-0.802,-2.884,0.344,0.058,1.032,0.023,2,NULL,NULL,,4,0,0,7,255,,0,0,0
stim,6064,6064,0,905733.802,-0.420,0.230,-0.044,-0.877,0,0,0,0,0,0,0,0,47,0.026,394,0,118.740,3.530,102.220,-12.360,59.140,-0.053,0.158,0.971,-3.196,-1.500,-2.884,0.366,0.056,1.032,0.023,2,NULL,NULL,,4,0,0,7,255,,0,0,0
stim,6064,6064,0,905738.802,-0.421,0.232,-0.049,-0.876,0,0,0,0,0,0,0,0,47,0.026,394,0,131.211,3.707,115.160,-6.380,62.560,-0.117,0.202,1.184,-3.196,-1.878,-1.236,0.390,0.054,1.032,0.023,2,NULL,NULL,,4,0,0,7,255,,0,0,0
stim,6080,6080,0,905743.802,-0.422,0.233,-0.054,-0.874,0,0,0,0,0,0,0,0,47,0.026,394,0,119.849,4.087,101.120,1.200,64.320,-0.221,0.233,1.362,-3.630,-1.878,0.944,0.410,0.054,1.032,0.023,2,NULL,NULL,,4,0,0,7,255,,0,0,0
stim,6080,6080,0,905748.802,-0.424,0.235,-0.057,-0.873,0,0,0,0,0,0,0,0,47,0.026,394,0,93.433,3.946,69.920,9.260,61.280,-0.337,0.249,1.368,-3.630,-1.546,2.954,0.432,0.056,1.032,0.023,2,NULL,NULL,,4,0,0,7,255,,0,0,0
stim,6112,6112,0,905753.802,-0.425,0.236,-0.059,-0.872,0,0,0,0,0,0,0,0,47,0.026,394,0,68.693,3.302,43.980,17.620,49.740,-0.410,0.240,1.278,-3.220,-0.730,3.010,0.450,0.056,1.032,0.023,2,NULL,NULL,,4,0,0,7,255,,0,0,0
stim,6112,6112,0,905758.802,-0.426,0.237,-0.060,-0.871,0,0,0,0,0,0,0,0,47,0.026,394,0,54.888,2.548,33.680,25.860,34.780,-0.427,0.204,1.174,-2.548,0.026,3.010,0.468,0.058,1.032,0.023,2,NULL,NULL,,4,0,0,7,255,,0,0,0
stim,6112,6112,0,905763.803,-0.427,0.239,-0.061,-0.870,0,0,0,0,0,0,0,0,47,0.026,394,0,51.419,2.562,32.260,32.020,24.040,-0.410,0.176,1.157,-2.504,0.544,2.090,0.486,0.060,1.032,0.023,2,NULL,NULL,,4,0,0,7,255,,0,0,0
stim,6112,6112,0,905768.802,-0.427,0.241,-0.061,-0.869,0,0,0,0,0,0,0,0,47,0.026,394,0,49.018,2.562,26.780,37.140,17.500,-0.401,0.175,1.188,-2.504,0.544,1.998,0.504,0.062,1.032,0.023,2,NULL,NULL,,4,0,0,7,255,,0,0,0
stim,6112,6112,0,905773.802,-0.428,0.242,-0.061,-0.869,0,0,0,0,0,0,0,0,47,0.026,394,0,44.043,2.797,11.760,40.800,11.700,-0.395,0.179,1.199,-2.752,0.502,1.998,0.520,0.064,1.032,0.023,2,NULL,NULL,,4,0,0,7,255,,0,0,0
stim,6112,6112,0,905778.802,-0.428,0.243,-0.060,-0.868,0,0,0,0,0,0,0,0,47,0.026,394,0,43.735,2.779,-5.580,43.060,5.240,-0.372,0.167,1.132,-2.752,0.388,1.998,0.540,0.070,1.032,0.023,2,NULL,NULL,,4,0,0,7,255,,0,0,0
stim,6128,6128,0,905783.802,-0.428,0.244,-0.058,-0.868,0,0,0,0,0,0,0,0,47,0.026,394,0,46.526,2.749,-16.320,43.560,0.900,-0.329,0.130,1.021,-2.722,0.382,1.374,0.558,0.074,1.032,0.023,2,NULL,NULL,,4,0,0,7,255,,0,0,0
stim,6144,6144,0,905788.802,-0.429,0.245,-0.057,-0.868,0,0,0,0,0,0,0,0,47,0.026,394,0,45.954,2.673,-17.840,42.340,0.900,-0.288,0.091,0.920,-2.646,0.382,0.148,0.576,0.076,1.032,0.023,2,NULL,NULL,,4,0,0,7,255,,0,0,0
stim,6144,6144,0,905793.802,-0.429,0.246,-0.055,-0.867,0,0,0,0,0,0,0,0,47,0.026,394,0,42.173,2.661,-13.700,39.700,3.840,-0.260,0.067,0.854,-2.626,0.432,-0.982,0.592,0.080,1.032,0.023,2,NULL,NULL,,4,0,0,7,255,,0,0,0
stim,6144,6144,0,905798.802,-0.430,0.247,-0.054,-0.867,0,0,0,0,0,0,0,0,47,0.026,394,0,37.833,2.647,-7.400,36.420,7.080,-0.246,0.055,0.820,-2.610,0.444,-1.716,0.610,0.082,1.032,0.023,2,NULL,NULL,,4,0,0,7,255,,0,0,0
stim,6144,6144,0,905803.802,-0.430,0.248,-0.053,-0.866,0,0,0,0,0,0,0,0,47,0.026,394,0,34.269,2.647,-1.060,32.760,10.000,-0.234,0.051,0.805,-2.610,0.444,-2.102,0.624,0.084,1.032,0.023,2,NULL,NULL,,4,0,0,7,255,,0,0,0
stim,6144,6144,0,905808.802,-0.431,0.249,-0.053,-0.866,0,0,0,0,0,0,0,0,47,0.026,394,0,32.424,2.646,5.100,28.960,13.660,-0.219,0.046,0.798,-2.616,0.396,-2.292,0.640,0.086,1.032,0.023,2,NULL,NULL,,4,0,0,7,255,,0,0,0
stim,6160,6160,0,905813.802,-0.431,0.250,-0.053,-0.865,0,0,0,0,0,0,0,0,47,0.026,394,0,33.312,2.717,11.280,25.360,18.420,-0.215,0.044,0.800,-2.700,0.306,-2.428,0.654,0.086,1.032,0.023,2,NULL,NULL,,4,0,0,7,255,,0,0,0
stim,6160,6160,0,905818.803,-0.432,0.250,-0.053,-0.865,0,0,0,0,0,0,0,0,47,0.026,394,0,36.438,2.761,17.740,22.000,23.000,-0.227,0.048,0.813,-2.744,0.306,-2.428,0.668,0.086,1.032,0.023,2,NULL,NULL,,4,0,0,7,255,,0,0,0
stim,6160,6160,0,905823.802,-0.433,0.251,-0.054,-0.864,0,0,0,0,0,0,0,0,47,0.026,394,0,39.848,2.775,23.660,19.200,25.680,-0.249,0.052,0.840,-2.756,0.324,-2.278,0.682,0.086,1.032,0.023,2,NULL,NULL,,4,0,0,7,255,,0,0,0
stim,6160,6160,0,905828.802,-0.434,0.252,-0.055,-0.863,0,0,0,0,0,0,0,0,47,0.026,394,0,42.143,2.808,28.420,16.820,26.180,-0.266,0.056,0.882,-2.776,0.420,-1.950,0.694,0.084,1.032,0.023,2,NULL,NULL,,4,0,0,7,255,,0,0,0
stim,6175,6175,0,905833.802,-0.434,0.253,-0.056,-0.863,0,0,0,0,0,0,0,0,47,0.026,394,0,42.630,2.922,30.860,14.860,25.380,-0.276,0.064,0.933,-2.892,0.420,-1.524,0.706,0.084,1.032,0.023,2,NULL,NULL,,4,0,0,7,255,,0,0,0
stim,6175,6175,0,905838.802,-0.435,0.253,-0.057,-0.862,0,0,0,0,0,0,0,0,47,0.026,394,0,40.757,3.089,30.140,13.220,24.040,-0.280,0.077,0.980,-3.062,0.410,-1.044,0.718,0.082,1.032,0.023,2,NULL,NULL,,4,0,0,7,255,,0,0,0
stim,6176,6176,0,905843.802,-0.435,0.254,-0.058,-0.862,0,0,0,0,0,0,0,0,47,0.026,394,0,37.128,3.232,27.260,11.940,22.200,-0.277,0.086,1.012,-3.218,0.296,-0.602,0.730,0.080,1.032,0.023,2,NULL,NULL,,4,0,0,7,255,,0,0,0
stim,6176,6176,0,905848.802,-0.436,0.254,-0.058,-0.861,0,0,0,0,0,0,0,0,47,0.026,394,0,32.475,3.341,23.420,11.080,19.580,-0.274,0.087,1.026,-3.336,0.180,-0.330,0.742,0.078,1.032,0.023,2,NULL,NULL,,4,0,0,7,255,,0,0,0
stim,6192,6192,0,905853.802,-0.436,0.254,-0.059,-0.861,0,0,0,0,0,0,0,0,47,0.026,394,0,27.818,3.428,20.060,10.220,16.340,-0.262,0.082,1.030,-3.426,0.130,-0.266,0.754,0.074,1.032,0.023,2,NULL,NULL,,4,0,0,7,255,,0,0,0
stim,6192,6192,0,905858.802,-0.437,0.254,-0.059,-0.861,0,0,0,0,0,0,0,0,47,0.026,394,0,24.054,3.545,17.680,9.440,13.300,-0.249,0.076,1.032,-3.544,0.074,-0.266,0.764,0.072,1.032,0.023,2,NULL,NULL,,4,0,0,7,255,,0,0,0
stim,6223,6223,0,905863.803,-0.437,0.254,-0.060,-0.861,0,0,0,0,0,0,0,0,47,0.026,394,0,20.933,3.664,15.900,8.520,10.620,-0.233,0.071,1.037,-3.664,0.012,-0.328,0.774,0.070,1.032,0.023,2,NULL,NULL,,4,0,0,7,255,,0,0,0
stim,6223,6223,0,905868.802,-0.437,0.254,-0.060,-0.861,0,0,0,0,0,0,0,0,47,0.026,394,0,18.000,3.791,14.260,7.420,8.100,-0.217,0.064,1.041,-3.790,-0.084,-0.368,0.786,0.068,1.032,0.023,2,NULL,NULL,,4,0,0,7,255,,0,0,0
stim,6223,6223,0,905873.802,-0.438,0.253,-0.060,-0.861,0,0,0,0,0,0,0,0,47,0.026,394,0,15.281,3.931,12.620,6.260,5.920,-0.198,0.060,1.042,-3.928,-0.164,-0.420,0.796,0.066,1.032,0.023,2,NULL,NULL,,4,0,0,7,255,,0,0,0
stim,6223,6223,0,905878.802,-0.438,0.253,-0.060,-0.861,0,0,0,0,0,0,0,0,47,0.026,394,0,12.770,4.052,10.960,4.980,4.260,-0.179,0.059,1.036,-4.042,-0.278,-0.504,0.808,0.062,1.032,0.023,2,NULL,NULL,,4,0,0,7,255,,0,0,0
stim,6223,6223,0,905883.802,-0.438,0.252,-0.060,-0.861,0,0,0,0,0,0,0,0,47,0.026,394,0,10.885,4.114,9.560,3.700,3.660,-0.162,0.060,1.023,-4.094,-0.402,-0.632,0.818,0.060,1.032,0.023,2,NULL,NULL,,4,0,0,7,255,,0,0,0
stim,6223,6223,0,905888.802,-0.438,0.251,-0.060,-0.861,0,0,0,0,0,0,0,0,47,0.026,394,0,9.939,4.128,8.900,2.300,3.780,-0.146,0.056,1.008,-4.096,-0.512,-0.804,0.830,0.060,1.032,0.023,2,NULL,NULL,,4,0,0,7,255,,0,0,0
stim,6240,6240,0,905893.802,-0.438,0.250,-0.060,-0.861,0,0,0,0,0,0,0,0,47,0.026,394,0,10.458,4.141,9.320,1.080,4.620,-0.130,0.045,0.989,-4.100,-0.582,-1.000,0.840,0.058,1.032,0.023,2,NULL,NULL,,4,0,0,7,255,,0,0,0
stim,6240,6240,0,905898.802,-0.439,0.249,-0.060,-0.861,0,0,0,0,0,0,0,0,47,0.026,394,0,12.826,4.175,11.280,-0.260,6.100,-0.120,0.030,0.976,-4.134,-0.582,-1.254,0.850,0.056,1.032,0.023,2,NULL,NULL,,4,0,0,7,255,,0,0,0
stim,6240,6240,0,905903.802,-0.439,0.248,-0.060,-0.861,0,0,0,0,0,0,0,0,47,0.026,394,0,16.125,4.248,14.140,-1.420,7.620,-0.113,0.020,0.976,-4.212,-0.552,-1.446,0.860,0.054,1.032,0.023,2,NULL,NULL,,4,0,0,7,255,,0,0,0
stim,6240,6240,0,905908.802,-0.439,0.247,-0.060,-0.862,0,0,0,0,0,0,0,0,47,0.026,394,0,18.984,4.329,16.580,-2.280,8.960,-0.110,0.016,0.984,-4.296,-0.530,-1.446,0.872,0.052,1.032,0.023,2,NULL,NULL,,4,0,0,7,255,,0,0,0
stim,6256,6256,0,905913.802,-0.439,0.247,-0.061,-0.862,0,0,0,0,0,0,0,0,47,0.026,394,0,20.988,4.402,18.040,-2.780,10.360,-0.111,0.021,0.996,-4.370,-0.530,-1.440,0.880,0.050,1.032,0.023,2,NULL,NULL,,4,0,0,7,255,,0,0,0
stim,6256,6256,0,905918.802,-0.440,0.246,-0.062,-0.862,0,0,0,0,0,0,0,0,47,0.026,394,0,22.254,4.405,18.780,-3.140,11.520,-0.116,0.027,1.008,-4.370,-0.556,-1.322,0.890,0.048,1.032,0.023,2,NULL,NULL,,4,0,0,7,255,,0,0,0
stim,6256,6256,0,905923.802,-0.440,0.245,-0.062,-0.862,0,0,0,0,0,0,0,0,47,0.026,394,0,22.812,4.395,18.960,-3.020,12.320,-0.124,0.033,1.020,-4.360,-0.556,-1.174,0.900,0.046,1.032,0.023,2,NULL,NULL,,4,0,0,7,255,,0,0,0
stim,6256,6256,0,905928.802,-0.440,0.244,-0.063,-0.862,0,0,0,0,0,0,0,0,47,0.026,394,0,22.367,4.387,18.420,-2.780,12.380,-0.135,0.033,1.035,-4.354,-0.534,-1.020,0.912,0.046,1.032,0.023,2,NULL,NULL,,4,0,0,7,255,,0,0,0
stim,6272,6272,0,905933.802,-0.441,0.244,-0.063,-0.862,0,0,0,0,0,0,0,0,47,0.026,394,0,20.619,4.379,16.700,-2.460,11.840,-0.141,0.036,1.050,-4.354,-0.464,-0.844,0.922,0.044,1.032,0.023,2,NULL,NULL,,4,0,0,7,255,,0,0,0
stim,6272,6272,0,905938.802,-0.441,0.243,-0.064,-0.862,0,0,0,0,0,0,0,0,47,0.026,394,0,17.784,4.376,13.960,-1.860,10.860,-0.147,0.043,1.059,-4.354,-0.440,-0.682,0.932,0.044,1.032,0.023,2,NULL,NULL,,4,0,0,7,255,,0,0,0
stim,6272,6272,0,905943.802,-0.442,0.242,-0.064,-0.862,0,0,0,0,0,0,0,0,47,0.026,394,0,14.857,4.346,11.080,-1.240,9.820,-0.151,0.047,1.063,-4.324,-0.440,-0.556,0.942,0.044,1.032,0.023,2,NULL,NULL,,4,0,0,7,255,,0,0,0
stim,6272,6272,0,905948.802,-0.442,0.241,-0.064,-0.862,0,0,0,0,0,0,0,0,47,0.026,394,0,12.045,4.308,8.280,-0.700,8.720,-0.153,0.047,1.064,-4.286,-0.430,-0.490,0.954,0.044,1.032,0.023,2,NULL,NULL,,4,0,0,7,255,,0,0,0
stim,6320,6320,0,905953.802,-0.442,0.241,-0.064,-0.862,0,0,0,0,0,0,0,0,47,0.026,394,0,8.826,4.296,4.920,-0.320,7.320,-0.155,0.055,1.067,-4.274,-0.430,-0.460,0.966,0.044,1.032,0.023,2,NULL,NULL,,4,0,0,7,255,,0,0,0
stim,6320,6320,0,905958.802,-0.443,0.240,-0.064,-0.862,0,0,0,0,0,0,0,0,47,0.026,394,0,6.008,4.232,0.580,0.040,5.980,-0.151,0.065,1.061,-4.210,-0.432,-0.424,0.978,0.044,1.032,0.023,2,NULL,NULL,,4,0,0,7,255,,0,0,0
stim,6320,6320,0,905963.803,-0.443,0.239,-0.063,-0.862,0,0,0,0,0,0,0,0,47,0.026,394,0,6.318,4.134,-3.680,0.400,5.120,-0.143,0.072,1.039,-4.102,-0.516,-0.424,0.992,0.044,1.032,0.023,2,NULL,NULL,,4,0,0,7,255,,0,0,0
stim,6320,6320,0,905968.802,-0.443,0.237,-0.063,-0.862,0,0,0,0,0,0,0,0,47,0.026,394,0,8.140,4.008,-6.360,0.460,5.060,-0.135,0.067,1.015,-3.966,-0.578,-0.614,1.004,0.044,1.032,0.023,2,NULL,NULL,,4,0,0,7,255,,0,0,0
stim,6320,6320,0,905973.802,-0.444,0.236,-0.062,-0.862,0,0,0,0,0,0,0,0,47,0.026,394,0,9.425,3.937,-7.660,0.340,5.480,-0.130,0.065,0.997,-3.894,-0.578,-0.854,1.016,0.042,1.032,0.023,2,NULL,NULL,,4,0,0,7,255,,0,0,0
stim,6320,6320,0,905978.802,-0.444,0.235,-0.062,-0.862,0,0,0,0,0,0,0,0,47,0.026,394,0,10.809,3.863,-8.880,0.160,6.160,-0.124,0.067,0.980,-3.820,-0.578,-1.016,1.028,0.042,1.032,0.023,2,NULL,NULL,,4,0,0,7,255,,0,0,0
stim,6340,6340,0,905983.802,-0.445,0.234,-0.061,-0.862,0,0,0,0,0,0,0,0,47,0.026,394,0,12.418,3.775,-10.160,-0.080,7.140,-0.119,0.065,0.959,-3.726,-0.608,-1.164,1.042,0.042,1.032,0.023,2,NULL,NULL,,4,0,0,7,255,,0,0,0
stim,6340,6340,0,905988.802,-0.445,0.232,-0.060,-0.862,0,0,0,0,0,0,0,0,47,0.026,394,0,13.682,3.688,-10.580,-0.520,8.660,-0.113,0.058,0.934,-3.638,-0.608,-1.362,1.054,0.040,1.032,0.023,2,NULL,NULL,,4,0,0,7,255,,0,0,0
stim,6340,6340,0,905993.802,-0.446,0.231,-0.060,-0.862,0,0,0,0,0,0,0,0,47,0.026,394,0,14.298,3.614,-9.420,-0.580,10.740,-0.110,0.049,0.911,-3.568,-0.572,-1.608,1.066,0.040,1.032,0.023,2,NULL,NULL,,4,0,0,7,255,,0,0,0
stim,6340,6340,0,905998.802,-0.447,0.230,-0.059,-0.862,0,0,0,0,0,0,0,0,47,0.026,394,0,14.662,3.558,-6.620,-0.760,13.060,-0.117,0.043,0.905,-3.522,-0.508,-1.830,1.080,0.040,1.032,0.023,2,NULL,NULL,,4,0,0,7,255,,0,0,0
stim,6340,6340,0,906003.802,-0.448,0.229,-0.059,-0.862,0,0,0,0,0,0,0,0,47,0.026,394,0,15.336,3.509,-3.620,-0.820,14.880,-0.131,0.047,0.912,-3.484,-0.414,-1.830,1.092,0.040,1.032,0.023,2,NULL,NULL,,4,0,0,7,255,,0,0,0
stim,6340,6340,0,906008.802,-0.448,0.228,-0.059,-0.862,0,0,0,0,0,0,0,0,47,0.026,394,0,16.034,3.420,-1.660,-0.940,15.920,-0.149,0.054,0.932,-3.404,-0.334,-1.730,1.106,0.040,1.032,0.023,2,NULL,NULL,,4,0,0,7,255,,0,0,0
stim,6351,6351,0,906013.802,-0.449,0.227,-0.059,-0.862,0,0,0,0,0,0,0,0,47,0.026,394,0,16.335,3.360,-1.660,-1.000,16.220,-0.168,0.068,0.952,-3.350,-0.258,-1.468,1.118,0.040,1.032,0.023,2,NULL,NULL,,4,0,0,7,255,,0,0,0
stim,6373,6373,0,906018.803,-0.450,0.226,-0.059,-0.862,0,0,0,0,0,0,0,0,47,0.026,394,0,16.520,3.243,-3.260,-1.060,16.160,-0.184,0.084,0.961,-3.236,-0.220,-1.178,1.130,0.040,1.032,0.023,2,NULL,NULL,,4,0,0,7,255,,0,0,0
stim,6373,6373,0,906023.802,-0.451,0.225,-0.058,-0.862,0,0,0,0,0,0,0,0,47,0.026,394,0,16.540,3.077,-5.520,-1.000,15.560,-0.192,0.086,0.961,-3.070,-0.200,-0.978,1.142,0.040,1.032,0.023,2,NULL,NULL,,4,0,0,7,255,,0,0,0
stim,6373,6373,0,906028.802,-0.451,0.224,-0.058,-0.862,0,0,0,0,0,0,0,0,47,0.026,394,0,16.762,2.998,-7.660,-0.940,14.880,-0.194,0.079,0.948,-2.994,-0.150,-0.978,1.156,0.040,1.032,0.023,2,NULL,NULL,,4,0,0,7,255,,0,0,0
stim,6373,6373,0,906033.802,-0.452,0.223,-0.057,-0.862,0,0,0,0,0,0,0,0,47,0.026,394,0,17.037,2.959,-8.880,-0.760,14.520,-0.197,0.079,0.933,-2.958,-0.072,-1.060,1.168,0.040,1.032,0.023,2,NULL,NULL,,4,0,0,7,255,,0,0,0
stim,6384,6384,0,906038.802,-0.453,0.222,-0.057,-0.862,0,0,0,0,0,0,0,0,47,0.026,394,0,17.278,2.856,-9.240,-0.760,14.580,-0.203,0.087,0.922,-2.856,-0.026,-1.172,1.182,0.042,1.032,0.023,2,NULL,NULL,,4,0,0,7,255,,0,0,0
stim,6384,6384,0,906043.802,-0.454,0.221,-0.057,-0.861,0,0,0,0,0,0,0,0,47,0.026,394,0,17.117,2.706,-9.420,-0.580,14.280,-0.205,0.083,0.915,-2.706,-0.010,-1.210,1.194,0.042,1.032,0.023,2,NULL,NULL,,4,0,0,7,255,,0,0,0
stim,6384,6384,0,906048.802,-0.454,0.221,-0.056,-0.861,0,0,0,0,0,0,0,0,47,0.026,394,0,16.761,2.700,-9.360,-0.320,13.900,-0.209,0.071,0.910,-2.700,0.042,-1.274,1.206,0.042,1.032,0.023,2,NULL,NULL,,4,0,0,7,255,,0,0,0
stim,6417,6417,0,906053.802,-0.455,0.220,-0.056,-0.861,0,0,0,0,0,0,0,0,47,0.026,394,0,16.514,2.682,-8.820,0.160,13.960,-0.209,0.072,0.910,-2.678,0.146,-1.316,1.218,0.042,1.032,0.023,2,NULL,NULL,,4,0,0,7,255,,0,0,0
stim,6417,6417,0,906058.802,-0.456,0.219,-0.055,-0.861,0,0,0,0,0,0,0,0,47,0.026,394,0,16.739,2.682,-8.680,0.960,14.280,-0.215,0.083,0.916,-2.678,0.146,-1.316,1.232,0.042,1.032,0.023,2,NULL,NULL,,4,0,0,7,255,,0,0,0
stim,6417,6417,0,906063.803,-0.456,0.218,-0.055,-0.861,0,0,0,0,0,0,0,0,47,0.026,394,0,16.660,2.582,-8.620,2.240,14.080,-0.226,0.090,0.921,-2.578,0.146,-1.210,1.244,0.042,1.032,0.023,2,NULL,NULL,,4,0,0,7,255,,0,0,0
stim,6417,6417,0,906068.802,-0.457,0.217,-0.054,-0.861,0,0,0,0,0,0,0,0,47,0.026,394,0,16.675,2.486,-9.180,3.700,13.420,-0.231,0.090,0.927,-2.482,0.146,-1.098,1.258,0.042,1.032,0.023,2,NULL,NULL,,4,0,0,7,255,,0,0,0
stim,6440,6440,0,906073.802,-0.458,0.217,-0.053,-0.861,0,0,0,0,0,0,0,0,47,0.026,394,0,17.034,2.475,-10.100,5.780,12.440,-0.233,0.090,0.926,-2.468,0.180,-1.028,1.270,0.040,1.032,0.023,2,NULL,NULL,,4,0,0,7,255,,0,0,0
stim,6440,6440,0,906078.802,-0.459,0.216,-0.053,-0.860,0,0,0,0,0,0,0,0,47,0.026,394,0,18.134,2.447,-10.880,7.660,12.320,-0.235,0.096,0.920,-2.440,0.180,-1.028,1.284,0.040,1.032,0.023,2,NULL,NULL,,4,0,0,7,255,,0,0,0
stim,6440,6440,0,906083.802,-0.459,0.216,-0.052,-0.860,0,0,0,0,0,0,0,0,47,0.026,394,0,19.697,2.352,-11.620,9.680,12.620,-0.235,0.089,0.902,-2.344,0.190,-1.048,1.298,0.038,1.032,0.023,2,NULL,NULL,,4,0,0,7,255,,0,0,0
stim,6440,6440,0,906088.802,-0.460,0.215,-0.051,-0.860,0,0,0,0,0,0,0,0,47,0.026,394,0,20.603,2.355,-10.940,11.380,13.240,-0.234,0.068,0.882,-2.344,0.230,-1.216,1.310,0.038,1.032,0.023,2,NULL,NULL,,4,0,0,7,255,,0,0,0
stim,6440,6440,0,906093.802,-0.461,0.215,-0.050,-0.860,0,0,0,0,0,0,0,0,47,0.026,394,0,20.853,2.392,-8.620,12.740,14.080,-0.236,0.055,0.862,-2.364,0.366,-1.450,1.324,0.036,1.032,0.023,2,NULL,NULL,,4,0,0,7,255,,0,0,0
stim,6440,6440,0,906098.802,-0.461,0.215,-0.050,-0.859,0,0,0,0,0,0,0,0,47,0.026,394,0,20.702,2.411,-4.900,13.400,15.000,-0.243,0.052,0.854,-2.364,0.474,-1.650,1.338,0.036,1.032,0.023,2,NULL,NULL,,4,0,0,7,255,,0,0,0
stim,6441,6441,0,906103.802,-0.462,0.215,-0.049,-0.859,0,0,0,0,0,0,0,0,47,0.026,394,0,21.021,2.379,-1.000,13.760,15.860,-0.250,0.058,0.858,-2.316,0.546,-1.650,1.350,0.036,1.032,0.023,2,NULL,NULL,,4,0,0,7,255,,0,0,0
stim,6441,6441,0,906108.802,-0.463,0.215,-0.049,-0.859,0,0,0,0,0,0,0,0,47,0.026,394,0,21.581,2.349,1.940,13.580,16.660,-0.253,0.058,0.868,-2.282,0.556,-1.626,1.364,0.036,1.032,0.023,2,NULL,NULL,,4,0,0,7,255,,0,0,0
stim,6448,6448,0,906113.802,-0.464,0.215,-0.049,-0.858,0,0,0,0,0,0,0,0,47,0.026,394,0,22.166,2.341,3.880,13.040,17.500,-0.257,0.060,0.873,-2.272,0.564,-1.522,1.376,0.036,1.032,0.023,2,NULL,NULL,,4,0,0,7,255,,0,0,0
stim,6448,6448,0,906118.802,-0.464,0.215,-0.049,-0.858,0,0,0,0,0,0,0,0,47,0.026,394,0,22.640,2.341,5.480,12.060,18.360,-0.262,0.067,0.878,-2.272,0.564,-1.462,1.388,0.036,1.032,0.023,2,NULL,NULL,,4,0,0,7,255,,0,0,0
stim,6464,6464,0,906123.802,-0.465,0.215,-0.049,-0.857,0,0,0,0,0,0,0,0,47,0.026,394,0,22.979,2.287,7.000,10.900,18.980,-0.265,0.074,0.882,-2.218,0.556,-1.382,1.400,0.036,1.032,0.023,2,NULL,NULL,,4,0,0,7,255,,0,0,0
stim,6464,6464,0,906128.802,-0.466,0.215,-0.049,-0.857,0,0,0,0,0,0,0,0,47,0.026,394,0,23.087,2.267,8.220,9.680,19.280,-0.266,0.073,0.887,-2.202,0.540,-1.314,1.414,0.036,1.032,0.023,2,NULL,NULL,,4,0,0,7,255,,0,0,0
stim,6479,6479,0,906133.802,-0.466,0.215,-0.049,-0.857,0,0,0,0,0,0,0,0,47,0.026,394,0,23.013,2.267,9.020,8.340,19.460,-0.264,0.065,0.894,-2.202,0.540,-1.272,1.426,0.038,1.032,0.023,2,NULL,NULL,,4,0,0,7,255,,0,0,0
stim,6479,6479,0,906138.802,-0.467,0.215,-0.049,-0.856,0,0,0,0,0,0,0,0,47,0.026,394,0,22.946,2.363,9.500,6.940,19.700,-0.262,0.064,0.898,-2.300,0.544,-1.246,1.440,0.038,1.032,0.023,2,NULL,NULL,,4,0,0,7,255,,0,0,0
stim,6479,6479,0,906143.802,-0.468,0.215,-0.049,-0.856,0,0,0,0,0,0,0,0,47,0.026,394,0,22.553,2.396,9.560,5.400,19.700,-0.257,0.055,0.898,-2.330,0.558,-1.246,1.452,0.038,1.032,0.023,2,NULL,NULL,,4,0,0,7,255,,0,0,0
stim,6479,6479,0,906148.802,-0.469,0.215,-0.049,-0.856,0,0,0,0,0,0,0,0,47,0.026,394,0,22.565,2.488,10.040,3.940,19.820,-0.251,0.041,0.893,-2.424,0.560,-1.254,1.466,0.040,1.032,0.023,2,NULL,NULL,,4,0,0,7,255,,0,0,0
stim,6512,6512,0,906153.802,-0.469,0.214,-0.049,-0.855,0,0,0,0,0,0,0,0,47,0.026,394,0,22.896,2.600,11.580,2.600,19.580,-0.244,0.033,0.895,-2.534,0.584,-1.362,1.478,0.040,1.032,0.023,2,NULL,NULL,,4,0,0,7,255,,0,0,0
stim,6512,6512,0,906158.802,-0.470,0.214,-0.050,-0.855,0,0,0,0,0,0,0,0,47,0.026,394,0,23.233,2.700,13.040,1.620,19.160,-0.235,0.027,0.905,-2.636,0.584,-1.362,1.494,0.042,1.032,0.023,2,NULL,NULL,,4,0,0,7,255,,0,0,0
stim,6512,6512,0,906163.803,-0.470,0.214,-0.050,-0.855,0,0,0,0,0,0,0,0,47,0.026,394,0,23.191,2.812,13.580,0.840,18.780,-0.226,0.025,0.917,-2.760,0.540,-1.354,1.514,0.044,1.032,0.023,2,NULL,NULL,,4,0,0,7,255,,0,0,0
stim,6512,6512,0,906168.802,-0.471,0.213,-0.051,-0.854,0,0,0,0,0,0,0,0,47,0.026,394,0,22.959,2.908,13.780,0.400,18.360,-0.223,0.027,0.929,-2.870,0.466,-1.288,1.530,0.048,1.032,0.023,2,NULL,NULL,,4,0,0,7,255,,0,0,0
stim,6528,6528,0,906173.802,-0.472,0.213,-0.051,-0.854,0,0,0,0,0,0,0,0,47,0.026,394,0,22.767,2.948,14.320,-0.020,17.700,-0.228,0.028,0.946,-2.916,0.436,-1.190,1.544,0.050,1.032,0.023,2,NULL,NULL,,4,0,0,7,255,,0,0,0
stim,6528,6528,0,906178.802,-0.472,0.213,-0.051,-0.854,0,0,0,0,0,0,0,0,47,0.026,394,0,22.143,2.990,14.500,-0.700,16.720,-0.241,0.030,0.967,-2.958,0.436,-1.022,1.558,0.052,1.032,0.023,2,NULL,NULL,,4,0,0,7,255,,0,0,0
stim,6528,6528,0,906183.802,-0.473,0.212,-0.051,-0.854,0,0,0,0,0,0,0,0,47,0.026,394,0,19.959,3.012,13.220,-1.480,14.880,-0.252,0.037,0.993,-2.970,0.500,-0.786,1.572,0.054,1.032,0.023,2,NULL,NULL,,4,0,0,7,255,,0,0,0
stim,6528,6528,0,906188.802,-0.473,0.212,-0.052,-0.854,0,0,0,0,0,0,0,0,47,0.026,394,0,16.264,3.016,10.420,-2.040,12.320,-0.250,0.042,1.011,-2.974,0.500,-0.504,1.588,0.056,1.032,0.023,2,NULL,NULL,,4,0,0,7,255,,0,0,0
stim,6528,6528,0,906193.802,-0.474,0.211,-0.052,-0.854,0,0,0,0,0,0,0,0,47,0.026,394,0,12.337,3.047,6.700,-1.920,10.180,-0.238,0.038,1.012,-3.012,0.458,-0.378,1.604,0.058,1.032,0.023,2,NULL,NULL,,4,0,0,7,255,,0,0,0
stim,6528,6528,0,906198.802,-0.474,0.210,-0.051,-0.854,0,0,0,0,0,0,0,0,47,0.026,394,0,9.951,3.108,3.760,-1.560,9.080,-0.231,0.033,1.000,-3.084,0.388,-0.378,1.620,0.060,1.032,0.023,2,NULL,NULL,,4,0,0,7,255,,0,0,0
stim,6544,6544,0,906203.802,-0.474,0.209,-0.051,-0.854,0,0,0,0,0,0,0,0,47,0.026,394,0,8.591,3.108,2.540,-0.880,8.160,-0.233,0.034,0.988,-3.084,0.388,-0.520,1.636,0.058,1.032,0.023,2,NULL,NULL,,4,0,0,7,255,,0,0,0
stim,6544,6544,0,906208.802,-0.475,0.208,-0.051,-0.854,0,0,0,0,0,0,0,0,47,0.026,394,0,7.224,3.038,2.360,-0.320,6.820,-0.237,0.036,0.985,-3.010,0.414,-0.610,1.652,0.052,1.032,0.023,2,NULL,NULL,,4,0,0,7,255,,0,0,0
stim,6560,6560,0,906213.802,-0.475,0.208,-0.051,-0.854,0,0,0,0,0,0,0,0,47,0.026,394,0,5.836,3.027,1.620,0.280,5.600,-0.232,0.031,0.986,-2.996,0.430,-0.610,1.668,0.044,1.032,0.023,2,NULL,NULL,,4,0,0,7,255,,0,0,0
stim,6560,6560,0,906218.803,-0.475,0.207,-0.050,-0.854,0,0,0,0,0,0,0,0,47,0.026,394,0,5.546,3.028,0.720,0.460,5.480,-0.228,0.022,0.981,-2.996,0.438,-0.622,1.688,0.038,1.032,0.023,2,NULL,NULL,,4,0,0,7,255,,0,0,0
stim,6560,6560,0,906223.802,-0.476,0.206,-0.050,-0.854,0,0,0,0,0,0,0,0,47,0.026,394,0,6.274,3.028,0.580,0.580,6.220,-0.235,0.028,0.980,-2.996,0.442,-0.664,1.704,0.034,1.032,0.023,2,NULL,NULL,,4,0,0,7,255,,0,0,0
stim,6560,6560,0,906228.802,-0.476,0.205,-0.049,-0.854,0,0,0,0,0,0,0,0,47,0.026,394,0,6.438,2.981,0.960,0.580,6.340,-0.248,0.040,0.985,-2.942,0.478,-0.664,1.720,0.030,1.032,0.023,2,NULL,NULL,,4,0,0,7,255,,0,0,0
stim,6575,6575,0,906233.802,-0.476,0.205,-0.049,-0.854,0,0,0,0,0,0,0,0,47,0.026,394,0,5.710,2.846,0.400,0.640,5.660,-0.255,0.053,0.992,-2.804,0.486,-0.542,1.736,0.024,1.032,0.023,2,NULL,NULL,,4,0,0,7,255,,0,0,0
stim,6575,6575,0,906238.802,-0.477,0.204,-0.049,-0.854,0,0,0,0,0,0,0,0,47,0.026,394,0,5.376,2.734,-1.120,0.900,5.180,-0.257,0.055,0.993,-2.690,0.490,-0.414,1.752,0.018,1.032,0.023,2,NULL,NULL,,4,0,0,7,255,,0,0,0
stim,6592,6592,0,906243.802,-0.477,0.203,-0.048,-0.854,0,0,0,0,0,0,0,0,47,0.026,394,0,6.125,2.693,-2.760,1.080,5.360,-0.263,0.059,0.990,-2.648,0.490,-0.386,1.766,0.014,1.032,0.023,2,NULL,NULL,,4,0,0,7,255,,0,0,0
stim,6592,6592,0,906248.802,-0.477,0.203,-0.048,-0.854,0,0,0,0,0,0,0,0,47,0.026,394,0,6.584,2.615,-3.980,1.380,5.060,-0.272,0.070,0.987,-2.562,0.522,-0.382,1.782,0.010,1.032,0.023,2,NULL,NULL,,4,0,0,7,255,,0,0,0
stim,6623,6623,0,906253.802,-0.478,0.202,-0.047,-0.854,0,0,0,0,0,0,0,0,47,0.026,394,0,6.805,2.470,-5.200,1.620,4.080,-0.276,0.069,0.979,-2.410,0.542,-0.382,1.794,0.010,1.032,0.023,2,NULL,NULL,,4,0,0,7,255,,0,0,0
stim,6623,6623,0,906258.802,-0.478,0.201,-0.046,-0.854,0,0,0,0,0,0,0,0,47,0.026,394,0,7.385,2.428,-6.300,1.920,3.340,-0.271,0.063,0.968,-2.358,0.580,-0.394,1.808,0.008,1.032,0.023,2,NULL,NULL,,4,0,0,7,255,,0,0,0
stim,6623,6623,0,906263.803,-0.478,0.200,-0.046,-0.854,0,0,0,0,0,0,0,0,47,0.026,394,0,8.013,2.426,-6.740,2.120,3.780,-0.264,0.066,0.956,-2.356,0.580,-0.520,1.822,0.008,1.032,0.023,2,NULL,NULL,,4,0,0,7,255,,0,0,0
stim,6623,6623,0,906268.802,-0.479,0.200,-0.045,-0.854,0,0,0,0,0,0,0,0,47,0.026,394,0,8.395,2.361,-6.500,2.360,4.760,-0.262,0.061,0.942,-2.294,0.558,-0.644,1.836,0.008,1.032,0.023,2,NULL,NULL,,4,0,0,7,255,,0,0,0
stim,6623,6623,0,906273.802,-0.479,0.199,-0.044,-0.854,0,0,0,0,0,0,0,0,47,0.026,394,0,8.602,2.361,-5.820,2.720,5.720,-0.263,0.049,0.928,-2.294,0.558,-0.778,1.850,0.008,1.032,0.023,2,NULL,NULL,,4,0,0,7,255,,0,0,0
stim,6623,6623,0,906278.802,-0.479,0.199,-0.044,-0.854,0,0,0,0,0,0,0,0,47,0.026,394,0,8.218,2.370,-4.040,3.080,6.460,-0.266,0.041,0.915,-2.280,0.646,-0.926,1.864,0.008,1.032,0.023,2,NULL,NULL,,4,0,0,7,255,,0,0,0
stim,6623,6623,0,906283.802,-0.480,0.198,-0.043,-0.854,0,0,0,0,0,0,0,0,47,0.026,394,0,8.016,2.395,-0.940,3.520,7.140,-0.273,0.045,0.915,-2.280,0.732,-1.008,1.864,0.008,1.032,0.023,2,NULL,NULL,,4,0,0,7,255,,0,0,0
stim,6623,6623,0,906288.802,-0.480,0.198,-0.043,-0.854,0,0,0,0,0,0,0,0,47,0.026,394,0,8.664,2.328,1.940,3.880,7.500,-0.279,0.049,0.931,-2.200,0.762,-1.008,1.892,0.010,1.032,0.023,2,NULL,NULL,,4,0,0,7,255,,0,0,0
stim,6624,6624,0,906293.802,-0.481,0.197,-0.043,-0.853,0,0,0,0,0,0,0,0,47,0.026,394,0,9.438,2.329,3.280,4.180,7.800,-0.285,0.042,0.945,-2.200,0.764,-0.840,1.906,0.012,1.032,0.023,2,NULL,NULL,,4,0,0,7,255,,0,0,0
stim,6624,6624,0,906298.802,-0.481,0.197,-0.042,-0.853,0,0,0,0,0,0,0,0,47,0.026,394,0,9.625,2.387,3.340,4.440,7.860,-0.291,0.046,0.953,-2.242,0.818,-0.704,1.920,0.016,1.032,0.023,2,NULL,NULL,,4,0,0,7,255,,0,0,0
stim,6639,6639,0,906303.802,-0.481,0.196,-0.042,-0.853,0,0,0,0,0,0,0,0,47,0.026,394,0,9.615,2.391,3.940,4.740,7.380,-0.294,0.052,0.950,-2.242,0.832,-0.608,1.934,0.018,1.032,0.023,2,NULL,NULL,,4,0,0,7,255,,0,0,0
stim,6639,6639,0,906308.802,-0.482,0.196,-0.042,-0.853,0,0,0,0,0,0,0,0,47,0.026,394,0,9.991,2.311,5.100,4.980,7.000,-0.298,0.056,0.954,-2.156,0.832,-0.600,1.948,0.022,1.032,0.023,2,NULL,NULL,,4,0,0,7,255,,0,0,0
stim,6655,6655,0,906313.802,-0.482,0.196,-0.041,-0.853,0,0,0,0,0,0,0,0,47,0.026,394,0,10.157,2.296,5.900,5.160,6.460,-0.298,0.058,0.964,-2.140,0.832,-0.542,1.958,0.026,1.032,0.023,2,NULL,NULL,,4,0,0,7,255,,0,0,0
stim,6655,6655,0,906318.802,-0.482,0.196,-0.041,-0.853,0,0,0,0,0,0,0,0,47,0.026,394,0,9.655,2.272,5.540,5.460,5.720,-0.299,0.061,0.966,-2.124,0.806,-0.450,1.970,0.030,1.032,0.023,2,NULL,NULL,,4,0,0,7,255,,0,0,0
stim,6655,6655,0,906323.802,-0.482,0.195,-0.041,-0.853,0,0,0,0,0,0,0,0,47,0.026,394,0,9.051,2.256,4.980,5.720,4.940,-0.293,0.064,0.965,-2.112,0.792,-0.436,1.982,0.034,1.032,0.023,2,NULL,NULL,,4,0,0,7,255,,0,0,0
stim,6655,6655,0,906328.802,-0.483,0.195,-0.041,-0.853,0,0,0,0,0,0,0,0,47,0.026,394,0,8.946,2.234,4.980,5.960,4.440,-0.285,0.062,0.960,-2.112,0.728,-0.436,1.992,0.038,1.032,0.023,2,NULL,NULL,,4,0,0,7,255,,0,0,0
stim,6673,6673,0,906333.802,-0.483,0.195,-0.040,-0.853,0,0,0,0,0,0,0,0,47,0.026,394,0,9.448,2.228,5.780,6.140,4.260,-0.277,0.061,0.957,-2.122,0.678,-0.512,2.002,0.042,1.032,0.023,2,NULL,NULL,,4,0,0,7,255,,0,0,0
stim,6673,6673,0,906338.802,-0.483,0.195,-0.040,-0.853,0,0,0,0,0,0,0,0,47,0.026,394,0,9.929,2.233,6.500,6.260,4.140,-0.268,0.059,0.957,-2.146,0.618,-0.572,2.012,0.046,1.032,0.023,2,NULL,NULL,,4,0,0,7,255,,0,0,0
stim,6688,6688,0,906343.802,-0.483,0.194,-0.040,-0.853,0,0,0,0,0,0,0,0,47,0.026,394,0,10.414,2.263,7.060,6.440,4.140,-0.257,0.060,0.957,-2.194,0.554,-0.600,2.020,0.048,1.032,0.023,2,NULL,NULL,,4,0,0,7,255,,0,0,0
stim,6688,6688,0,906348.802,-0.483,0.194,-0.040,-0.853,0,0,0,0,0,0,0,0,47,0.026,394,0,11.249,2.275,7.660,6.820,4.620,-0.245,0.057,0.954,-2.228,0.460,-0.640,2.030,0.048,1.032,0.023,2,NULL,NULL,,4,0,0,7,255,,0,0,0
stim,6708,6708,0,906353.802,-0.484,0.194,-0.039,-0.853,0,0,0,0,0,0,0,0,47,0.026,394,0,12.648,2.315,8.700,7.180,5.720,-0.233,0.051,0.949,-2.284,0.378,-0.712,2.040,0.048,1.032,0.023,2,NULL,NULL,,4,0,0,7,255,,0,0,0
stim,6708,6708,0,906358.802,-0.484,0.194,-0.039,-0.853,0,0,0,0,0,0,0,0,47,0.026,394,0,14.516,2.376,10.240,7.540,7.000,-0.229,0.048,0.946,-2.354,0.324,-0.808,2.050,0.048,1.032,0.023,2,NULL,NULL,,4,0,0,7,255,,0,0,0
stim,6709,6709,0,906363.803,-0.484,0.193,-0.039,-0.852,0,0,0,0,0,0,0,0,47,0.026,394,0,16.488,2.410,11.940,7.980,8.100,-0.227,0.043,0.950,-2.390,0.308,-0.840,2.062,0.046,1.032,0.023,2,NULL,NULL,,4,0,0,7,255,,0,0,0
stim,6709,6709,0,906368.802,-0.484,0.193,-0.039,-0.852,0,0,0,0,0,0,0,0,47,0.026,394,0,18.440,2.463,13.720,8.520,8.900,-0.226,0.038,0.958,-2.444,0.308,-0.840,2.078,0.040,1.032,0.023,2,NULL,NULL,,4,0,0,7,255,,0,0,0
stim,6709,6709,0,906373.802,-0.485,0.193,-0.039,-0.852,0,0,0,0,0,0,0,0,47,0.026,394,0,20.219,2.543,15.240,9.080,9.700,-0.227,0.035,0.975,-2.524,0.312,-0.788,2.098,0.030,1.032,0.023,2,NULL,NULL,,4,0,0,7,255,,0,0,0
stim,6709,6709,0,906378.802,-0.485,0.193,-0.040,-0.852,0,0,0,0,0,0,0,0,47,0.026,394,0,21.360,2.625,15.980,9.800,10.240,-0.229,0.038,0.994,-2.606,0.312,-0.640,2.122,0.018,1.032,0.023,2,NULL,NULL,,4,0,0,7,255,,0,0,0
stim,6737,6737,0,906383.802,-0.485,0.193,-0.040,-0.852,0,0,0,0,0,0,0,0,47,0.026,394,0,21.522,2.666,15.600,10.780,10.180,-0.234,0.038,1.013,-2.650,0.294,-0.450,2.144,0.010,1.032,0.023,2,NULL,NULL,,4,0,0,7,255,,0,0,0
stim,6737,6737,0,906388.802,-0.486,0.194,-0.040,-0.852,0,0,0,0,0,0,0,0,47,0.026,394,0,21.113,2.720,14.320,12.060,9.760,-0.235,0.039,1.029,-2.704,0.292,-0.266,2.160,0.008,1.032,0.023,2,NULL,NULL,,4,0,0,7,255,,0,0,0
stim,6737,6737,0,906393.802,-0.486,0.194,-0.040,-0.851,0,0,0,0,0,0,0,0,47,0.026,394,0,20.408,2.771,12.120,13.640,9.140,-0.235,0.042,1.036,-2.758,0.272,-0.120,2.174,0.010,1.032,0.023,2,NULL,NULL,,4,0,0,7,255,,0,0,0
stim,6737,6737,0,906398.802,-0.486,0.194,-0.040,-0.851,0,0,0,0,0,0,0,0,47,0.026,394,0,20.001,2.768,9.440,15.360,8.660,-0.235,0.046,1.031,-2.758,0.240,-0.084,2.190,0.010,1.032,0.023,2,NULL,NULL,,4,0,0,7,255,,0,0,0
stim,6737,6737,0,906403.802,-0.487,0.194,-0.039,-0.851,0,0,0,0,0,0,0,0,47,0.026,394,0,20.155,2.735,7.240,16.880,8.300,-0.235,0.039,1.020,-2.724,0.240,-0.084,2.206,0.008,1.032,0.023,2,NULL,NULL,,4,0,0,7,255,,0,0,0
stim,6737,6737,0,906408.802,-0.487,0.194,-0.039,-0.851,0,0,0,0,0,0,0,0,47,0.026,394,0,20.566,2.738,5.900,18.040,7.920,-0.234,0.030,1.006,-2.724,0.272,-0.206,2.222,0.006,1.032,0.023,2,NULL,NULL,,4,0,0,7,255,,0,0,0
stim,6751,6751,0,906413.802,-0.487,0.194,-0.038,-0.850,0,0,0,0,0,0,0,0,47,0.026,394,0,21.008,2.768,5.360,18.780,7.740,-0.229,0.025,0.995,-2.750,0.314,-0.354,2.236,0.004,1.032,0.023,2,NULL,NULL,,4,0,0,7,255,,0,0,0
stim,6751,6751,0,906418.803,-0.488,0.195,-0.038,-0.850,0,0,0,0,0,0,0,0,47,0.026,394,0,21.426,2.768,5.040,19.260,7.920,-0.224,0.026,0.986,-2.750,0.314,-0.480,2.250,0.004,1.032,0.023,2,NULL,NULL,,4,0,0,7,255,,0,0,0
stim,6768,6768,0,906423.802,-0.488,0.195,-0.037,-0.850,0,0,0,0,0,0,0,0,47,0.026,394,0,21.683,2.770,5.100,19.320,8.420,-0.223,0.022,0.981,-2.756,0.278,-0.574,2.262,0.004,1.032,0.023,2,NULL,NULL,,4,0,0,7,255,,0,0,0
stim,6768,6768,0,906428.802,-0.488,0.195,-0.037,-0.850,0,0,0,0,0,0,0,0,47,0.026,394,0,21.728,2.770,5.280,19.020,9.080,-0.222,0.017,0.975,-2.756,0.278,-0.630,2.278,0.004,1.032,0.023,2,NULL,NULL,,4,0,0,7,255,,0,0,0
stim,6768,6768,0,906433.802,-0.489,0.195,-0.036,-0.850,0,0,0,0,0,0,0,0,47,0.026,394,0,21.513,2.793,5.660,18.220,9.940,-0.225,0.013,0.970,-2.776,0.306,-0.700,2.294,0.006,1.032,0.023,2,NULL,NULL,,4,0,0,7,255,,0,0,0
stim,6768,6768,0,906438.802,-0.489,0.195,-0.036,-0.849,0,0,0,0,0,0,0,0,47,0.026,394,0,21.230,2.798,6.820,17.120,10.540,-0.232,0.011,0.969,-2.776,0.348,-0.730,2.310,0.008,1.032,0.023,2,NULL,NULL,,4,0,0,7,255,,0,0,0
stim,6783,6783,0,906443.802,-0.490,0.195,-0.036,-0.849,0,0,0,0,0,0,0,0,47,0.026,394,0,20.889,2.782,7.980,15.960,10.860,-0.238,0.012,0.977,-2.752,0.408,-0.730,2.326,0.010,1.032,0.023,2,NULL,NULL,,4,0,0,7,255,,0,0,0
stim,6783,6783,0,906448.802,-0.490,0.195,-0.035,-0.849,0,0,0,0,0,0,0,0,47,0.026,394,0,20.025,2.782,7.920,14.800,10.920,-0.240,0.017,0.987,-2.752,0.408,-0.634,2.342,0.012,1.032,0.023,2,NULL,NULL,,4,0,0,7,255,,0,0,0
stim,6816,6816,0,906453.802,-0.491,0.195,-0.035,-0.849,0,0,0,0,0,0,0,0,47,0.026,394,0,18.912,2.772,6.820,13.900,10.860,-0.241,0.023,0.986,-2.744,0.396,-0.530,2.356,0.012,1.032,0.023,2,NULL,NULL,,4,0,0,7,255,,0,0,0
stim,6816,6816,0,906458.802,-0.491,0.195,-0.035,-0.848,0,0,0,0,0,0,0,0,47,0.026,394,0,18.270,2.707,6.260,13.340,10.800,-0.244,0.025,0.982,-2.680,0.380,-0.530,2.368,0.010,1.032,0.023,2,NULL,NULL,,4,0,0,7,255,,0,0,0
stim,6816,6816,0,906463.803,-0.492,0.195,-0.034,-0.848,0,0,0,0,0,0,0,0,47,0.026,394,0,17.789,2.661,6.200,12.920,10.540,-0.248,0.024,0.982,-2.634,0.380,-0.522,2.376,0.006,1.032,0.023,2,NULL,NULL,,4,0,0,7,255,,0,0,0
stim,6816,6816,0,906468.802,-0.492,0.195,-0.034,-0.848,0,0,0,0,0,0,0,0,47,0.026,394,0,17.331,2.666,5.840,12.800,10.120,-0.249,0.023,0.986,-2.634,0.414,-0.522,2.386,0.000,1.032,0.023,2,NULL,NULL,,4,0,0,7,255,,0,0,0
stim,6816,6816,0,906473.802,-0.492,0.195,-0.034,-0.848,0,0,0,0,0,0,0,0,47,0.026,394,0,16.607,2.658,4.740,12.800,9.460,-0.250,0.025,0.985,-2.626,0.414,-0.486,2.386,0.000,1.032,0.023,2,NULL,NULL,,4,0,0,7,255,,0,0,0
stim,6816,6816,0,906478.802,-0.493,0.195,-0.033,-0.847,0,0,0,0,0,0,0,0,47,0.026,394,0,16.123,2.636,3.580,13.040,8.780,-0.249,0.026,0.977,-2.604,0.412,-0.486,0.000,0.000,1.032,0.023,2,NULL,NULL,,4,0,0,7,255,,0,0,0
stim,6840,6840,0,906483.802,-0.493,0.194,-0.033,-0.847,0,0,0,0,0,0,0,0,47,0.026,394,0,16.078,2.602,3.280,13.460,8.160,-0.246,0.027,0.968,-2.570,0.406,-0.556,0.000,0.000,1.032,0.023,2,NULL,NULL,,4,0,0,7,255,,0,0,0
stim,6840,6840,0,906488.802,-0.494,0.194,-0.032,-0.847,0,0,0,0,0,0,0,0,47,0.026,394,0,16.410,2.563,3.520,13.900,7.980,-0.243,0.028,0.960,-2.534,0.382,-0.646,0.000,0.000,1.032,0.023,2,NULL,NULL,,4,0,0,7,255,,0,0,0
stim,6840,6840,0,906493.802,-0.494,0.194,-0.032,-0.847,0,0,0,0,0,0,0,0,47,0.026,394,0,16.762,2.524,3.880,14.320,7.800,-0.242,0.033,0.958,-2.498,0.358,-0.720,0.000,0.000,1.032,0.023,2,NULL,NULL,,4,0,0,7,255,,0,0,0
stim,6840,6840,0,906498.802,-0.494,0.194,-0.031,-0.847,0,0,0,0,0,0,0,0,47,0.026,394,0,16.952,2.504,4.060,14.620,7.560,-0.237,0.030,0.956,-2.482,0.328,-0.726,0.000,0.000,1.032,0.023,2,NULL,NULL,,4,0,0,7,255,,0,0,0
stim,6849,6849,0,906503.802,-0.495,0.194,-0.031,-0.847,0,0,0,0,0,0,0,0,47,0.026,394,0,17.092,2.500,4.200,14.680,7.680,-0.230,0.022,0.947,-2.482,0.300,-0.772,0.000,0.000,1.032,0.023,2,NULL,NULL,,4,0,0,7,255,,0,0,0
stim,6849,6849,0,906508.802,-0.495,0.194,-0.030,-0.846,0,0,0,0,0,0,0,0,47,0.026,394,0,17.553,2.552,5.100,14.680,8.160,-0.225,0.021,0.938,-2.536,0.286,-0.888,0.000,0.000,1.032,0.023,2,NULL,NULL,,4,0,0,7,255,,0,0,0
stim,6850,6850,0,906513.802,-0.495,0.194,-0.030,-0.846,0,0,0,0,0,0,0,0,47,0.026,394,0,18.466,2.549,6.880,14.680,8.840,-0.220,0.029,0.938,-2.536,0.260,-0.986,0.000,0.000,1.032,0.023,2,NULL,NULL,,4,0,0,7,255,,0,0,0
stim,6850,6850,0,906518.802,-0.496,0.194,-0.030,-0.846,0,0,0,0,0,0,0,0,47,0.026,394,0,19.276,2.484,8.280,14.740,9.260,-0.219,0.034,0.947,-2.478,0.176,-0.986,0.000,0.000,1.032,0.023,2,NULL,NULL,,4,0,0,7,255,,0,0,0
stim,6864,6864,0,906523.802,-0.496,0.194,-0.030,-0.846,0,0,0,0,0,0,0,0,47,0.026,394,0,19.663,2.481,8.400,14.860,9.760,-0.216,0.037,0.953,-2.478,0.120,-0.898,0.000,0.000,1.032,0.023,2,NULL,NULL,,4,0,0,7,255,,0,0,0
stim,6864,6864,0,906528.802,-0.497,0.194,-0.029,-0.846,0,0,0,0,0,0,0,0,47,0.026,394,0,19.784,2.477,7.920,14.920,10.300,-0.213,0.041,0.953,-2.476,0.062,-0.848,0.000,0.000,1.032,0.023,2,NULL,NULL,,4,0,0,7,255,,0,0,0
stim,6880,6880,0,906533.802,-0.497,0.194,-0.029,-0.845,0,0,0,0,0,0,0,0,47,0.026,394,0,19.985,2.466,7.480,15.060,10.800,-0.213,0.045,0.949,-2.466,0.018,-0.848,0.000,0.000,1.032,0.023,2,NULL,NULL,,4,0,0,7,255,,0,0,0
stim,6880,6880,0,906538.802,-0.497,0.194,-0.029,-0.845,0,0,0,0,0,0,0,0,47,0.026,394,0,20.073,2.416,7.420,15.120,10.920,-0.212,0.044,0.945,-2.416,-0.004,-0.872,0.000,0.000,1.032,0.023,2,NULL,NULL,,4,0,0,7,255,,0,0,0
stim,6880,6880,0,906543.802,-0.498,0.194,-0.029,-0.845,0,0,0,0,0,0,0,0,47,0.026,394,0,20.061,2.416,7.240,15.060,11.100,-0.207,0.045,0.942,-2.416,-0.006,-0.918,0.000,0.000,1.032,0.023,2,NULL,NULL,,4,0,0,7,255,,0,0,0
stim,6880,6880,0,906548.802,-0.498,0.194,-0.028,-0.844,0,0,0,0,0,0,0,0,47,0.026,394,0,20.091,2.416,6.880,15.000,11.460,-0.204,0.045,0.938,-2.416,-0.048,-0.958,0.000,0.000,1.032,0.023,2,NULL,NULL,,4,0,0,7,255,,0,0,0
stim,6912,6912,0,906553.802,-0.499,0.194,-0.028,-0.844,0,0,0,0,0,0,0,0,47,0.026,394,0,20.387,2.417,7.240,14.740,12.080,-0.198,0.044,0.934,-2.416,-0.070,-1.006,0.000,0.000,1.032,0.023,2,NULL,NULL,,4,0,0,7,255,,0,0,0
stim,6912,6912,0,906558.802,-0.499,0.195,-0.028,-0.844,0,0,0,0,0,0,0,0,47,0.026,394,0,20.828,2.433,7.740,14.440,12.860,-0.193,0.040,0.934,-2.430,-0.114,-1.062,0.000,0.000,1.032,0.023,2,NULL,NULL,,4,0,0,7,255,,0,0,0
stim,6912,6912,0,906563.803,-0.500,0.195,-0.028,-0.844,0,0,0,0,0,0,0,0,47,0.026,394,0,21.287,2.482,8.160,14.140,13.660,-0.192,0.038,0.935,-2.478,-0.134,-1.088,0.000,0.000,1.032,0.023,2,NULL,NULL,,4,0,0,7,255,,0,0,0
stim,6912,6912,0,906568.802,-0.500,0.195,-0.028,-0.843,0,0,0,0,0,0,0,0,47,0.026,394,0,21.607,2.484,8.580,13.760,14.280,-0.192,0.043,0.939,-2.480,-0.142,-1.088,0.000,0.000,1.032,0.023,2,NULL,NULL,,4,0,0,7,255,,0,0,0
stim,6912,6912,0,906573.802,-0.501,0.195,-0.028,-0.843,0,0,0,0,0,0,0,0,47,0.026,394,0,22.372,2.506,9.560,13.700,14.880,-0.188,0.046,0.948,-2.500,-0.176,-1.038,0.000,0.000,1.032,0.023,2,NULL,NULL,,4,0,0,7,255,,0,0,0
stim,6912,6912,0,906578.802,-0.501,0.195,-0.028,-0.843,0,0,0,0,0,0,0,0,47,0.026,394,0,23.198,2.511,10.420,13.760,15.500,-0.187,0.042,0.963,-2.500,-0.240,-0.964,0.000,0.000,1.032,0.023,2,NULL,NULL,,4,0,0,7,255,,0,0,0
stim,6928,6928,0,906583.802,-0.502,0.195,-0.028,-0.842,0,0,0,0,0,0,0,0,47,0.026,394,0,23.541,2.615,10.300,14.020,15.860,-0.187,0.040,0.980,-2.602,-0.264,-0.852,0.000,0.000,1.032,0.023,2,NULL,NULL,,4,0,0,7,255,,0,0,0
stim,6928,6928,0,906588.802,-0.502,0.195,-0.028,-0.842,0,0,0,0,0,0,0,0,47,0.026,394,0,23.468,2.687,9.140,14.620,15.920,-0.189,0.041,0.983,-2.672,-0.282,-0.700,0.000,0.000,1.032,0.023,2,NULL,NULL,,4,0,0,7,255,,0,0,0
stim,6943,6943,0,906593.802,-0.503,0.195,-0.028,-0.842,0,0,0,0,0,0,0,0,47,0.026,394,0,23.621,2.687,8.400,15.480,15.740,-0.191,0.039,0.981,-2.672,-0.282,-0.678,0.000,0.000,1.032,0.023,2,NULL,NULL,,4,0,0,7,255,,0,0,0
stim,6943,6943,0,906598.802,-0.504,0.195,-0.028,-0.841,0,0,0,0,0,0,0,0,47,0.026,394,0,24.125,2.684,8.760,16.280,15.500,-0.195,0.041,0.981,-2.672,-0.256,-0.668,0.000,0.000,1.032,0.023,2,NULL,NULL,,4,0,0,7,255,,0,0,0
stim,6943,6943,0,906603.802,-0.504,0.195,-0.027,-0.841,0,0,0,0,0,0,0,0,47,0.026,394,0,24.467,2.657,9.200,17.000,15.000,-0.201,0.043,0.988,-2.646,-0.238,-0.668,0.000,0.000,1.032,0.023,2,NULL,NULL,,4,0,0,7,255,,0,0,0
stim,6943,6943,0,906608.802,-0.505,0.195,-0.027,-0.840,0,0,0,0,0,0,0,0,47,0.026,394,0,24.321,2.655,9.020,17.500,14.280,-0.203,0.037,0.995,-2.646,-0.216,-0.580,0.000,0.000,1.032,0.023,2,NULL,NULL,,4,0,0,7,255,,0,0,0
stim,6943,6943,0,906613.802,-0.505,0.195,-0.027,-0.840,0,0,0,0,0,0,0,0,47,0.026,394,0,23.790,2.706,8.040,17.740,13.660,-0.199,0.033,0.997,-2.698,-0.214,-0.532,0.000,0.000,1.032,0.023,2,NULL,NULL,,4,0,0,7,255,,0,0,0
stim,6960,6960,0,906618.803,-0.506,0.196,-0.027,-0.840,0,0,0,0,0,0,0,0,47,0.026,394,0,23.612,2.740,7.360,17.980,13.420,-0.196,0.033,0.988,-2.732,-0.214,-0.532,0.000,0.000,1.032,0.023,2,NULL,NULL,,4,0,0,7,255,,0,0,0
stim,6960,6960,0,906623.802,-0.506,0.196,-0.027,-0.839,0,0,0,0,0,0,0,0,47,0.026,394,0,23.838,2.740,7.920,18.040,13.420,-0.196,0.029,0.979,-2.732,-0.214,-0.618,0.000,0.000,1.032,0.023,2,NULL,NULL,,4,0,0,7,255,,0,0,0
stim,6977,6977,0,906628.802,-0.507,0.196,-0.026,-0.839,0,0,0,0,0,0,0,0,47,0.026,394,0,24.160,2.739,9.140,17.800,13.540,-0.198,0.026,0.979,-2.732,-0.194,-0.712,0.000,0.000,1.032,0.023,2,NULL,NULL,,4,0,0,7,255,,0,0,0
stim,6977,6977,0,906633.802,-0.507,0.196,-0.026,-0.839,0,0,0,0,0,0,0,0,47,0.026,394,0,24.105,2.758,9.920,17.440,13.360,-0.200,0.027,0.985,-2.752,-0.182,-0.712,0.000,0.000,1.032,0.023,2,NULL,NULL,,4,0,0,7,255,,0,0,0
stim,6977,6977,0,906638.802,-0.508,0.196,-0.026,-0.838,0,0,0,0,0,0,0,0,47,0.026,394,0,23.689,2.764,9.680,17.000,13.360,-0.200,0.029,0.989,-2.758,-0.182,-0.646,0.000,0.000,1.032,0.023,2,NULL,NULL,,4,0,0,7,255,,0,0,0
stim,6977,6977,0,906643.802,-0.508,0.196,-0.026,-0.838,0,0,0,0,0,0,0,0,47,0.026,394,0,23.141,2.766,9.140,16.340,13.600,-0.198,0.029,0.987,-2.758,-0.206,-0.634,0.000,0.000,1.032,0.023,2,NULL,NULL,,4,0,0,7,255,,0,0,0
stim,7007,7007,0,906648.802,-0.509,0.196,-0.026,-0.838,0,0,0,0,0,0,0,0,47,0.026,394,0,22.980,2.764,9.380,15.660,13.960,-0.201,0.027,0.984,-2.756,-0.206,-0.634,0.000,0.000,1.032,0.023,2,NULL,NULL,,4,0,0,7,255,,0,0,0
stim,7007,7007,0,906653.802,-0.509,0.196,-0.026,-0.837,0,0,0,0,0,0,0,0,47,0.026,394,0,23.051,2.762,10.120,15.000,14.280,-0.203,0.023,0.989,-2.756,-0.186,-0.634,0.000,0.000,1.032,0.023,2,NULL,NULL,,4,0,0,7,255,,0,0,0
stim,7007,7007,0,906658.802,-0.510,0.196,-0.026,-0.837,0,0,0,0,0,0,0,0,47,0.026,394,0,22.657,2.801,10.300,14.260,14.280,-0.207,0.024,0.997,-2.796,-0.168,-0.612,0.000,0.000,1.032,0.023,2,NULL,NULL,,4,0,0,7,255,,0,0,0
stim,7007,7007,0,906663.803,-0.510,0.196,-0.025,-0.837,0,0,0,0,0,0,0,0,47,0.026,394,0,21.926,2.804,9.620,13.700,14.160,-0.209,0.022,1.003,-2.800,-0.154,-0.524,0.000,0.000,1.032,0.023,2,NULL,NULL,,4,0,0,7,255,,0,0,0
stim,7008,7008,0,906668.802,-0.511,0.196,-0.025,-0.837,0,0,0,0,0,0,0,0,47,0.026,394,0,21.393,2.833,9.200,13.220,14.080,-0.213,0.019,1.006,-2.830,-0.140,-0.464,0.000,0.000,1.032,0.023,2,NULL,NULL,,4,0,0,7,255,,0,0,0
stim,7008,7008,0,906673.802,-0.511,0.196,-0.025,-0.836,0,0,0,0,0,0,0,0,47,0.026,394,0,20.770,2.832,8.900,12.740,13.780,-0.220,0.021,1.010,-2.830,-0.098,-0.434,0.000,0.000,1.032,0.023,2,NULL,NULL,,4,0,0,7,255,,0,0,0
stim,7040,7040,0,906678.802,-0.512,0.196,-0.025,-0.836,0,0,0,0,0,0,0,0,47,0.026,394,0,19.821,2.827,8.520,12.300,13.000,-0.225,0.024,1.017,-2.826,-0.068,-0.376,0.000,0.000,1.032,0.023,2,NULL,NULL,,4,0,0,7,255,,0,0,0
stim,7040,7040,0,906683.802,-0.512,0.196,-0.025,-0.836,0,0,0,0,0,0,0,0,47,0.026,394,0,18.651,2.827,7.980,11.940,11.900,-0.225,0.023,1.021,-2.826,-0.060,-0.290,0.000,0.000,1.032,0.023,2,NULL,NULL,,4,0,0,7,255,,0,0,0
stim,7040,7040,0,906688.802,-0.513,0.196,-0.025,-0.835,0,0,0,0,0,0,0,0,47,0.026,394,0,17.609,2.826,6.880,11.640,11.280,-0.224,0.018,1.020,-2.826,-0.052,-0.280,0.000,0.000,1.032,0.023,2,NULL,NULL,,4,0,0,7,255,,0,0,0
stim,7040,7040,0,906693.802,-0.513,0.196,-0.024,-0.835,0,0,0,0,0,0,0,0,47,0.026,394,0,16.760,2.827,5.900,11.320,10.860,-0.223,0.020,1.013,-2.826,-0.056,-0.280,0.000,0.000,1.032,0.023,2,NULL,NULL,,4,0,0,7,255,,0,0,0
stim,7040,7040,0,906698.802,-0.514,0.196,-0.024,-0.835,0,0,0,0,0,0,0,0,47,0.026,394,0,16.121,2.823,5.660,11.200,10.120,-0.223,0.024,1.006,-2.822,-0.056,-0.338,0.000,0.000,1.032,0.023,2,NULL,NULL,,4,0,0,7,255,,0,0,0
stim,7040,7040,0,906703.802,-0.514,0.196,-0.024,-0.835,0,0,0,0,0,0,0,0,47,0.026,394,0,15.862,2.757,5.960,11.200,9.520,-0.218,0.025,1.004,-2.756,-0.062,-0.386,0.000,0.000,1.032,0.023,2,NULL,NULL,,4,0,0,7,255,,0,0,0
stim,7056,7056,0,906708.802,-0.514,0.195,-0.024,-0.835,0,0,0,0,0,0,0,0,47,0.026,394,0,15.766,2.758,5.780,11.260,9.400,-0.213,0.021,1.004,-2.756,-0.108,-0.416,0.000,0.000,1.032,0.023,2,NULL,NULL,,4,0,0,7,255,,0,0,0
stim,7056,7056,0,906713.802,-0.515,0.195,-0.023,-0.834,0,0,0,0,0,0,0,0,47,0.026,394,0,15.734,2.759,5.280,11.460,9.400,-0.213,0.025,0.999,-2.756,-0.132,-0.442,0.000,0.000,1.032,0.023,2,NULL,NULL,,4,0,0,7,255,,0,0,0
stim,7056,7056,0,906718.802,-0.515,0.195,-0.023,-0.834,0,0,0,0,0,0,0,0,47,0.026,394,0,15.728,2.739,5.220,11.640,9.200,-0.216,0.030,0.994,-2.736,-0.138,-0.474,0.000,0.000,1.032,0.023,2,NULL,NULL,,4,0,0,7,255,,0,0,0
stim,7056,7056,0,906723.802,-0.516,0.195,-0.023,-0.834,0,0,0,0,0,0,0,0,47,0.026,394,0,15.674,2.666,5.100,11.760,9.020,-0.215,0.032,0.989,-2.662,-0.142,-0.496,0.000,0.000,1.032,0.023,2,NULL,NULL,,4,0,0,7,255,,0,0,0
stim,7073,7073,0,906728.802,-0.516,0.194,-0.022,-0.834,0,0,0,0,0,0,0,0,47,0.026,394,0,15.624,2.630,4.800,11.820,9.020,-0.212,0.032,0.983,-2.626,-0.148,-0.536,0.000,0.000,1.032,0.023,2,NULL,NULL,,4,0,0,7,255,,0,0,0
stim,7073,7073,0,906733.802,-0.516,0.194,-0.022,-0.834,0,0,0,0,0,0,0,0,47,0.026,394,0,15.802,2.614,4.800,11.760,9.400,-0.217,0.036,0.980,-2.610,-0.148,-0.596,0.000,0.000,1.032,0.023,2,NULL,NULL,,4,0,0,7,255,,0,0,0
stim,7074,7074,0,906738.802,-0.517,0.194,-0.022,-0.834,0,0,0,0,0,0,0,0,47,0.026,394,0,15.702,2.546,4.920,11.640,9.320,-0.220,0.040,0.979,-2.542,-0.134,-0.596,0.000,0.000,1.032,0.023,2,NULL,NULL,,4,0,0,7,255,,0,0,0
stim,7074,7074,0,906743.802,-0.517,0.194,-0.022,-0.833,0,0,0,0,0,0,0,0,47,0.026,394,0,15.212,2.491,4.680,11.320,9.020,-0.222,0.041,0.979,-2.488,-0.124,-0.588,0.000,0.000,1.032,0.023,2,NULL,NULL,,4,0,0,7,255,,0,0,0
stim,7088,7088,0,906748.802,-0.518,0.193,-0.021,-0.833,0,0,0,0,0,0,0,0,47,0.026,394,0,14.517,2.467,3.820,10.960,8.720,-0.223,0.043,0.976,-2.464,-0.116,-0.588,0.000,0.000,1.032,0.023,2,NULL,NULL,,4,0,0,7,255,,0,0,0
stim,7088,7088,0,906753.802,-0.518,0.193,-0.021,-0.833,0,0,0,0,0,0,0,0,47,0.026,394,0,13.826,2.421,2.900,10.480,8.540,-0.223,0.052,0.965,-2.418,-0.116,-0.594,0.000,0.000,1.032,0.023,2,NULL,NULL,,4,0,0,7,255,,0,0,0
stim,7120,7120,0,906758.802,-0.518,0.193,-0.021,-0.833,0,0,0,0,0,0,0,0,47,0.026,394,0,13.197,2.308,2.360,10.100,8.160,-0.223,0.061,0.955,-2.304,-0.134,-0.666,0.000,0.000,1.032,0.023,2,NULL,NULL,,4,0,0,7,255,,0,0,0
stim,7120,7120,0,906763.803,-0.519,0.193,-0.020,-0.833,0,0,0,0,0,0,0,0,47,0.026,394,0,12.654,2.184,2.360,9.680,7.800,-0.225,0.063,0.947,-2.180,-0.138,-0.738,0.000,0.000,1.032,0.023,2,NULL,NULL,,4,0,0,7,255,,0,0,0
stim,7120,7120,0,906768.802,-0.519,0.192,-0.020,-0.833,0,0,0,0,0,0,0,0,47,0.026,394,0,12.171,2.128,2.240,9.320,7.500,-0.225,0.067,0.943,-2.122,-0.154,-0.798,0.000,0.000,1.032,0.023,2,NULL,NULL,,4,0,0,7,255,,0,0,0
stim,7120,7120,0,906773.802,-0.519,0.192,-0.020,-0.832,0,0,0,0,0,0,0,0,47,0.026,394,0,11.399,2.072,1.800,9.000,6.760,-0.226,0.078,0.938,-2.066,-0.154,-0.816,0.000,0.000,1.032,0.023,2,NULL,NULL,,4,0,0,7,255,,0,0,0
stim,7120,7120,0,906778.802,-0.520,0.192,-0.019,-0.832,0,0,0,0,0,0,0,0,47,0.026,394,0,10.734,1.960,1.260,8.700,6.160,-0.225,0.089,0.934,-1.952,-0.182,-0.836,0.000,0.000,1.032,0.023,2,NULL,NULL,,4,0,0,7,255,,0,0,0
stim,7120,7120,0,906783.802,-0.520,0.191,-0.019,-0.832,0,0,0,0,0,0,0,0,47,0.026,394,0,10.064,1.853,0.580,8.460,5.420,-0.218,0.100,0.927,-1.838,-0.232,-0.852,0.000,0.000,1.032,0.023,2,NULL,NULL,,4,0,0,7,255,,0,0,0
stim,7138,7138,0,906788.802,-0.520,0.191,-0.019,-0.832,0,0,0,0,0,0,0,0,47,0.026,394,0,9.820,1.764,-0.200,8.340,5.180,-0.207,0.107,0.916,-1.734,-0.324,-0.908,0.000,0.000,1.032,0.023,2,NULL,NULL,,4,0,0,7,255,,0,0,0
stim,7138,7138,0,906793.802,-0.521,0.191,-0.019,-0.832,0,0,0,0,0,0,0,0,47,0.026,394,0,10.009,1.738,-0.440,8.160,5.780,-0.193,0.104,0.899,-1.684,-0.428,-1.028,0.000,0.000,1.032,0.023,2,NULL,NULL,,4,0,0,7,255,,0,0,0
stim,7152,7152,0,906798.802,-0.521,0.191,-0.018,-0.832,0,0,0,0,0,0,0,0,47,0.026,394,0,10.938,1.753,0.580,8.160,7.260,-0.182,0.090,0.880,-1.684,-0.486,-1.230,0.000,0.000,1.032,0.023,2,NULL,NULL,,4,0,0,7,255,,0,0,0
stim,7152,7152,0,906803.802,-0.521,0.190,-0.018,-0.832,0,0,0,0,0,0,0,0,47,0.026,394,0,12.832,1.834,3.400,8.340,9.140,-0.176,0.077,0.869,-1.768,-0.486,-1.466,0.000,0.000,1.032,0.023,2,NULL,NULL,,4,0,0,7,255,,0,0,0
stim,7152,7152,0,906808.802,-0.522,0.190,-0.018,-0.831,0,0,0,0,0,0,0,0,47,0.026,394,0,15.681,1.908,7.120,8.640,10.980,-0.176,0.078,0.870,-1.852,-0.458,-1.608,0.000,0.000,1.032,0.023,2,NULL,NULL,,4,0,0,7,255,,0,0,0
stim,7152,7152,0,906813.802,-0.522,0.190,-0.018,-0.831,0,0,0,0,0,0,0,0,47,0.026,394,0,18.827,1.908,10.240,9.260,12.800,-0.177,0.086,0.880,-1.852,-0.458,-1.608,0.000,0.000,1.032,0.023,2,NULL,NULL,,4,0,0,7,255,,0,0,0
stim,7152,7152,0,906818.803,-0.523,0.191,-0.019,-0.831,0,0,0,0,0,0,0,0,47,0.026,394,0,21.569,1.895,12.180,9.860,14.820,-0.175,0.090,0.889,-1.826,-0.506,-1.496,0.000,0.000,1.032,0.023,2,NULL,NULL,,4,0,0,7,255,,0,0,0
stim,7152,7152,0,906823.802,-0.523,0.191,-0.019,-0.830,0,0,0,0,0,0,0,0,47,0.026,394,0,24.744,1.895,13.900,10.720,17.440,-0.178,0.080,0.894,-1.826,-0.506,-1.412,0.000,0.000,1.032,0.023,2,NULL,NULL,,4,0,0,7,255,,0,0,0
stim,7152,7152,0,906828.802,-0.524,0.191,-0.019,-0.830,0,0,0,0,0,0,0,0,47,0.026,394,0,28.274,1.985,16.340,11.260,20.140,-0.188,0.070,0.901,-1.920,-0.502,-1.386,0.000,0.000,1.032,0.023,2,NULL,NULL,,4,0,0,7,255,,0,0,0
stim,7171,7171,0,906833.802,-0.524,0.192,-0.020,-0.829,0,0,0,0,0,0,0,0,47,0.026,394,0,31.028,1.984,18.780,11.760,21.720,-0.208,0.078,0.919,-1.946,-0.384,-1.310,0.000,0.000,1.032,0.023,2,NULL,NULL,,4,0,0,7,255,,0,0,0
stim,7171,7171,0,906838.802,-0.525,0.192,-0.020,-0.829,0,0,0,0,0,0,0,0,47,0.026,394,0,31.967,1.967,19.640,12.300,22.020,-0.223,0.085,0.945,-1.946,-0.284,-1.062,0.000,0.000,1.032,0.023,2,NULL,NULL,,4,0,0,7,255,,0,0,0
stim,7172,7172,0,906843.802,-0.526,0.192,-0.021,-0.828,0,0,0,0,0,0,0,0,47,0.026,394,0,31.931,1.961,19.080,12.860,22.140,-0.228,0.082,0.967,-1.946,-0.246,-0.770,0.000,0.000,1.032,0.023,2,NULL,NULL,,4,0,0,7,255,,0,0,0
stim,7172,7172,0,906848.802,-0.526,0.193,-0.021,-0.828,0,0,0,0,0,0,0,0,47,0.026,394,0,31.681,2.043,17.620,13.340,22.700,-0.232,0.077,0.976,-2.030,-0.230,-0.566,0.000,0.000,1.032,0.023,2,NULL,NULL,,4,0,0,7,255,,0,0,0
stim,7216,7216,0,906853.802,-0.527,0.193,-0.022,-0.827,0,0,0,0,0,0,0,0,47,0.026,394,0,31.199,2.096,15.900,13.840,23.000,-0.242,0.077,0.979,-2.088,-0.188,-0.482,0.000,0.000,1.032,0.023,2,NULL,NULL,,4,0,0,7,255,,0,0,0
stim,7216,7216,0,906858.802,-0.528,0.194,-0.022,-0.827,0,0,0,0,0,0,0,0,47,0.026,394,0,30.385,2.091,14.560,14.380,22.460,-0.248,0.076,0.977,-2.088,-0.118,-0.430,0.000,0.000,1.032,0.023,2,NULL,NULL,,4,0,0,7,255,,0,0,0
stim,7216,7216,0,906863.803,-0.528,0.194,-0.022,-0.826,0,0,0,0,0,0,0,0,47,0.026,394,0,29.462,2.089,13.660,14.920,21.420,-0.249,0.073,0.977,-2.088,-0.052,-0.430,0.000,0.000,1.032,0.023,2,NULL,NULL,,4,0,0,7,255,,0,0,0
stim,7216,7216,0,906868.802,-0.529,0.194,-0.022,-0.826,0,0,0,0,0,0,0,0,47,0.026,394,0,29.233,2.106,13.340,15.540,20.860,-0.246,0.065,0.980,-2.106,-0.038,-0.434,0.000,0.000,1.032,0.023,2,NULL,NULL,,4,0,0,7,255,,0,0,0
stim,7216,7216,0,906873.802,-0.530,0.195,-0.022,-0.825,0,0,0,0,0,0,0,0,47,0.026,394,0,29.305,2.208,12.680,15.900,21.100,-0.245,0.052,0.982,-2.208,-0.034,-0.438,0.000,0.000,1.032,0.023,2,NULL,NULL,,4,0,0,7,255,,0,0,0
stim,7216,7216,0,906878.802,-0.531,0.195,-0.022,-0.825,0,0,0,0,0,0,0,0,47,0.026,394,0,28.937,2.334,11.580,16.220,20.980,-0.250,0.048,0.983,-2.334,0.004,-0.442,0.000,0.000,1.032,0.023,2,NULL,NULL,,4,0,0,7,255,,0,0,0
stim,7236,7236,0,906883.802,-0.531,0.195,-0.022,-0.824,0,0,0,0,0,0,0,0,47,0.026,394,0,28.090,2.365,10.720,16.460,20.080,-0.248,0.045,0.974,-2.364,0.056,-0.448,0.000,0.000,1.032,0.023,2,NULL,NULL,,4,0,0,7,255,,0,0,0
stim,7236,7236,0,906888.802,-0.532,0.196,-0.022,-0.824,0,0,0,0,0,0,0,0,47,0.026,394,0,28.078,2.367,11.140,16.760,19.580,-0.240,0.036,0.961,-2.366,0.066,-0.536,0.000,0.000,1.032,0.023,2,NULL,NULL,,4,0,0,7,255,,0,0,0
stim,7236,7236,0,906893.802,-0.533,0.196,-0.022,-0.823,0,0,0,0,0,0,0,0,47,0.026,394,0,29.212,2.435,12.680,16.940,20.140,-0.236,0.027,0.960,-2.434,0.066,-0.696,0.000,0.000,1.032,0.023,2,NULL,NULL,,4,0,0,7,255,,0,0,0
stim,7236,7236,0,906898.802,-0.533,0.196,-0.022,-0.823,0,0,0,0,0,0,0,0,47,0.026,394,0,30.452,2.527,14.140,17.240,20.740,-0.238,0.020,0.970,-2.526,0.066,-0.696,0.000,0.000,1.032,0.023,2,NULL,NULL,,4,0,0,7,255,,0,0,0
stim,7249,7249,0,906903.802,-0.534,0.197,-0.022,-0.822,0,0,0,0,0,0,0,0,47,0.026,394,0,31.260,2.621,15.300,17.620,20.800,-0.246,0.015,0.984,-2.620,0.082,-0.672,0.000,0.000,1.032,0.023,2,NULL,NULL,,4,0,0,7,255,,0,0,0
stim,7249,7249,0,906908.802,-0.535,0.197,-0.022,-0.821,0,0,0,0,0,0,0,0,47,0.026,394,0,31.579,2.704,15.900,18.340,20.200,-0.251,0.019,1.004,-2.702,0.114,-0.534,0.000,0.000,1.032,0.023,2,NULL,NULL,,4,0,0,7,255,,0,0,0
stim,7249,7249,0,906913.802,-0.535,0.198,-0.022,-0.821,0,0,0,0,0,0,0,0,47,0.026,394,0,31.586,2.730,15.600,19.320,19.520,-0.255,0.022,1.025,-2.728,0.114,-0.330,0.000,0.000,1.032,0.023,2,NULL,NULL,,4,0,0,7,255,,0,0,0
stim,7249,7249,0,906918.802,-0.536,0.198,-0.022,-0.820,0,0,0,0,0,0,0,0,47,0.026,394,0,31.356,2.777,14.260,20.540,18.920,-0.260,0.023,1.043,-2.776,0.086,-0.126,0.000,0.000,1.032,0.023,2,NULL,NULL,,4,0,0,7,255,,0,0,0
stim,7272,7272,0,906923.802,-0.536,0.199,-0.022,-0.820,0,0,0,0,0,0,0,0,47,0.026,394,0,30.520,2.787,11.760,21.760,17.880,-0.265,0.032,1.054,-2.786,0.068,0.054,0.000,0.000,1.032,0.023,2,NULL,NULL,,4,0,0,7,255,,0,0,0
stim,7272,7272,0,906928.802,-0.537,0.200,-0.022,-0.819,0,0,0,0,0,0,0,0,47,0.026,394,0,29.632,2.803,8.640,22.800,16.840,-0.268,0.029,1.052,-2.802,0.068,0.164,0.000,0.000,1.032,0.023,2,NULL,NULL,,4,0,0,7,255,,0,0,0
stim,7273,7273,0,906933.802,-0.537,0.200,-0.022,-0.819,0,0,0,0,0,0,0,0,47,0.026,394,0,29.282,2.787,6.640,23.900,15.560,-0.276,0.043,1.053,-2.786,0.064,0.186,0.000,0.000,1.032,0.023,2,NULL,NULL,,4,0,0,7,255,,0,0,0
stim,7273,7273,0,906938.802,-0.538,0.201,-0.021,-0.818,0,0,0,0,0,0,0,0,47,0.026,394,0,28.377,2.795,4.620,24.200,14.080,-0.277,0.025,1.045,-2.794,0.070,0.164,0.000,0.000,1.032,0.023,2,NULL,NULL,,4,0,0,7,255,,0,0,0
stim,7280,7280,0,906943.802,-0.539,0.201,-0.021,-0.818,0,0,0,0,0,0,0,0,47,0.026,394,0,27.300,2.798,2.120,24.020,12.800,-0.261,-0.014,1.029,-2.794,0.154,0.128,0.000,0.000,1.032,0.023,2,NULL,NULL,,4,0,0,7,255,,0,0,0
stim,7280,7280,0,906948.802,-0.539,0.201,-0.020,-0.818,0,0,0,0,0,0,0,0,47,0.026,394,0,27.082,3.128,1.260,23.960,12.560,-0.246,-0.023,0.999,-3.124,0.158,-0.172,0.000,0.000,1.032,0.023,2,NULL,NULL,,4,0,0,7,255,,0,0,0
stim,7312,7312,0,906953.802,-0.540,0.202,-0.019,-0.817,0,0,0,0,0,0,0,0,47,0.026,394,0,27.800,3.128,3.460,23.720,14.080,-0.243,-0.014,0.981,-3.124,0.158,-0.514,0.000,0.000,1.032,0.023,2,NULL,NULL,,4,0,0,7,255,,0,0,0
stim,7312,7312,0,906958.802,-0.540,0.202,-0.019,-0.817,0,0,0,0,0,0,0,0,47,0.026,394,0,28.753,3.014,6.380,23.480,15.320,-0.251,-0.014,0.990,-3.010,0.158,-0.550,0.000,0.000,1.032,0.023,2,NULL,NULL,,4,0,0,7,255,,0,0,0
stim,7312,7312,0,906963.803,-0.541,0.202,-0.018,-0.816,0,0,0,0,0,0,0,0,47,0.026,394,0,28.735,3.014,7.360,23.300,15.120,-0.260,-0.019,1.012,-3.010,0.160,-0.550,0.000,0.000,1.032,0.023,2,NULL,NULL,,4,0,0,7,255,,0,0,0
stim,7312,7312,0,906968.802,-0.541,0.203,-0.018,-0.816,0,0,0,0,0,0,0,0,47,0.026,394,0,28.309,3.114,6.700,23.360,14.520,-0.260,-0.021,1.030,-3.110,0.160,-0.334,0.000,0.000,1.032,0.023,2,NULL,NULL,,4,0,0,7,255,,0,0,0
stim,7312,7312,0,906973.802,-0.542,0.203,-0.017,-0.815,0,0,0,0,0,0,0,0,47,0.026,394,0,28.356,3.193,5.780,23.660,14.520,-0.264,-0.017,1.041,-3.190,0.136,-0.186,0.000,0.000,1.032,0.023,2,NULL,NULL,,4,0,0,7,255,,0,0,0
stim,7312,7312,0,906978.802,-0.542,0.204,-0.017,-0.815,0,0,0,0,0,0,0,0,47,0.026,394,0,28.496,3.193,4.680,24.140,14.400,-0.280,-0.006,1.054,-3.190,0.136,-0.068,0.000,0.000,1.032,0.023,2,NULL,NULL,,4,0,0,7,255,,0,0,0
stim,7344,7344,0,906983.802,-0.543,0.204,-0.016,-0.814,0,0,0,0,0,0,0,0,47,0.026,394,0,27.696,3.108,2.840,24.520,12.560,-0.297,0.004,1.071,-3.104,0.160,0.132,0.000,0.000,1.032,0.023,2,NULL,NULL,,4,0,0,7,255,,0,0,0
stim,7344,7344,0,906988.802,-0.543,0.205,-0.016,-0.814,0,0,0,0,0,0,0,0,47,0.026,394,0,26.924,3.042,-0.500,25.180,9.520,-0.298,0.007,1.082,-3.038,0.162,0.362,0.000,0.000,1.032,0.023,2,NULL,NULL,,4,0,0,7,255,,0,0,0
stim,7344,7344,0,906993.802,-0.544,0.205,-0.015,-0.814,0,0,0,0,0,0,0,0,47,0.026,394,0,27.006,3.042,-3.860,25.860,6.760,-0.286,0.013,1.086,-3.038,0.162,0.474,0.000,0.000,1.032,0.023,2,NULL,NULL,,4,0,0,7,255,,0,0,0
stim,7344,7344,0,906998.802,-0.544,0.206,-0.014,-0.813,0,0,0,0,0,0,0,0,47,0.026,394,0,27.999,3.042,-3.380,27.560,3.600,-0.280,0.016,1.124,-3.042,-0.002,0.480,0.000,0.000,1.032,0.023,2,NULL,NULL,,4,0,0,7,255,,0,0,0
stim,7344,7344,0,907003.802,-0.544,0.206,-0.013,-0.813,0,0,0,0,0,0,0,0,47,0.026,394,0,30.704,3.130,-9.900,28.840,3.600,-0.289,0.014,1.119,-3.128,-0.110,0.780,0.000,0.000,1.032,0.023,2,NULL,NULL,,4,0,0,7,255,,0,0,0
stim,7344,7344,0,907008.802,-0.545,0.206,-0.011,-0.813,0,0,0,0,0,0,0,0,47,0.026,394,0,36.881,3.130,-21.680,29.580,3.900,-0.292,0.007,1.035,-3.128,-0.110,0.780,0.000,0.000,1.032,0.023,2,NULL,NULL,,4,0,0,7,255,,0,0,0
stim,7344,7344,0,907013.802,-0.545,0.206,-0.010,-0.813,0,0,0,0,0,0,0,0,47,0.026,394,0,36.256,2.867,-20.840,29.640,1.280,-0.284,-0.002,0.933,-2.864,0.124,0.040,0.000,0.000,1.032,0.023,2,NULL,NULL,,4,0,0,7,255,,0,0,0
stim,7359,7359,0,907018.803,-0.545,0.207,-0.008,-0.812,0,0,0,0,0,0,0,0,47,0.026,394,0,30.806,2.674,-10.820,28.840,-0.440,-0.255,-0.011,0.912,-2.670,0.140,-0.900,0.000,0.000,1.032,0.023,2,NULL,NULL,,4,0,0,7,255,,0,0,0
stim,7359,7359,0,907023.802,-0.545,0.207,-0.007,-0.812,0,0,0,0,0,0,0,0,47,0.026,394,0,27.044,2.674,-3.920,26.700,1.760,-0.232,-0.021,0.953,-2.670,0.140,-0.960,0.000,0.000,1.032,0.023,2,NULL,NULL,,4,0,0,7,255,,0,0,0
stim,7359,7359,0,907028.802,-0.546,0.207,-0.006,-0.812,0,0,0,0,0,0,0,0,47,0.026,394,0,25.443,2.965,-4.660,24.520,4.940,-0.229,-0.025,0.982,-2.962,-0.138,-0.960,0.000,0.000,1.032,0.023,2,NULL,NULL,,4,0,0,7,255,,0,0,0
stim,7359,7359,0,907033.802,-0.546,0.207,-0.005,-0.812,0,0,0,0,0,0,0,0,47,0.026,394,0,24.541,2.968,-7.100,22.620,6.340,-0.237,-0.017,0.966,-2.962,-0.188,-0.808,0.000,0.000,1.032,0.023,2,NULL,NULL,,4,0,0,7,255,,0,0,0
stim,7375,7375,0,907038.802,-0.547,0.207,-0.004,-0.811,0,0,0,0,0,0,0,0,47,0.026,394,0,22.926,2.946,-4.960,21.280,6.940,-0.244,-0.004,0.938,-2.940,-0.188,-0.808,0.000,0.000,1.032,0.023,2,NULL,NULL,,4,0,0,7,255,,0,0,0
stim,7376,7376,0,907043.802,-0.547,0.207,-0.004,-0.811,0,0,0,0,0,0,0,0,47,0.026,394,0,21.879,2.707,0.520,20.480,7.680,-0.255,0.004,0.947,-2.704,-0.120,-0.860,0.000,0.000,1.032,0.023,2,NULL,NULL,,4,0,0,7,255,,0,0,0
stim,7392,7392,0,907048.802,-0.547,0.207,-0.003,-0.811,0,0,0,0,0,0,0,0,47,0.026,394,0,21.866,2.657,3.580,20.180,7.620,-0.271,0.009,0.982,-2.656,-0.088,-0.860,0.000,0.000,1.032,0.023,2,NULL,NULL,,4,0,0,7,255,,0,0,0
stim,7392,7392,0,907053.802,-0.548,0.207,-0.002,-0.811,0,0,0,0,0,0,0,0,47,0.026,394,0,21.364,2.643,2.240,20.240,6.460,-0.286,0.016,1.008,-2.642,-0.082,-0.484,0.000,0.000,1.032,0.023,2,NULL,NULL,,4,0,0,7,255,,0,0,0
stim,7423,7423,0,907058.802,-0.548,0.207,-0.002,-0.810,0,0,0,0,0,0,0,0,47,0.026,394,0,20.848,2.643,-0.760,20.240,4.940,-0.293,0.021,1.002,-2.642,-0.062,-0.188,0.000,0.000,1.032,0.023,2,NULL,NULL,,4,0,0,7,255,,0,0,0
stim,7423,7423,0,907063.803,-0.548,0.207,-0.001,-0.810,0,0,0,0,0,0,0,0,47,0.026,394,0,20.306,2.546,-2.040,19.880,3.600,-0.295,0.021,0.979,-2.546,-0.014,-0.188,0.000,0.000,1.032,0.023,2,NULL,NULL,,4,0,0,7,255,,0,0,0
stim,7423,7423,0,907068.802,-0.548,0.207,-0.000,-0.810,0,0,0,0,0,0,0,0,47,0.026,394,0,19.479,2.452,-0.880,19.320,2.320,-0.293,0.016,0.963,-2.452,0.044,-0.382,0.000,0.000,1.032,0.023,2,NULL,NULL,,4,0,0,7,255,,0,0,0
stim,7423,7423,0,907073.802,-0.549,0.207,0.001,-0.810,0,0,0,0,0,0,0,0,47,0.026,394,0,18.657,2.446,1.140,18.600,0.900,-0.290,0.017,0.965,-2.446,0.044,-0.534,0.000,0.000,1.032,0.023,2,NULL,NULL,,4,0,0,7,255,,0,0,0
stim,7423,7423,0,907078.802,-0.549,0.207,0.001,-0.810,0,0,0,0,0,0,0,0,47,0.026,394,0,17.815,2.440,2.180,17.680,-0.200,-0.288,0.023,0.977,-2.440,0.032,-0.534,0.000,0.000,1.032,0.023,2,NULL,NULL,,4,0,0,7,255,,0,0,0
stim,7423,7423,0,907083.802,-0.549,0.207,0.002,-0.810,0,0,0,0,0,0,0,0,47,0.026,394,0,16.826,2.423,2.240,16.640,-1.100,-0.283,0.030,0.988,-2.422,-0.050,-0.424,0.000,0.000,1.032,0.023,2,NULL,NULL,,4,0,0,7,255,,0,0,0
stim,7440,7440,0,907088.802,-0.549,0.207,0.002,-0.810,0,0,0,0,0,0,0,0,47,0.026,394,0,15.957,2.415,1.940,15.780,-1.360,-0.280,0.032,0.994,-2.410,-0.158,-0.330,0.000,0.000,1.032,0.023,2,NULL,NULL,,4,0,0,7,255,,0,0,0
stim,7440,7440,0,907093.802,-0.549,0.207,0.003,-0.810,0,0,0,0,0,0,0,0,47,0.026,394,0,15.460,2.420,2.000,15.240,-1.660,-0.278,0.032,0.994,-2.410,-0.218,-0.290,0.000,0.000,1.032,0.023,2,NULL,NULL,,4,0,0,7,255,,0,0,0
stim,7440,7440,0,907098.802,-0.549,0.207,0.004,-0.810,0,0,0,0,0,0,0,0,47,0.026,394,0,15.019,2.420,1.940,14.800,-1.660,-0.276,0.033,0.995,-2.408,-0.242,-0.286,0.000,0.000,1.032,0.023,2,NULL,NULL,,4,0,0,7,255,,0,0,0
stim,7440,7440,0,907103.802,-0.549,0.207,0.004,-0.810,0,0,0,0,0,0,0,0,47,0.026,394,0,14.778,2.423,1.440,14.620,-1.600,-0.266,0.030,0.987,-2.408,-0.272,-0.290,0.000,0.000,1.032,0.023,2,NULL,NULL,,4,0,0,7,255,,0,0,0
stim,7456,7456,0,907108.802,-0.549,0.206,0.005,-0.810,0,0,0,0,0,0,0,0,47,0.026,394,0,14.623,2.441,1.620,14.500,-0.980,-0.257,0.021,0.975,-2.418,-0.336,-0.398,0.000,0.000,1.032,0.023,2,NULL,NULL,,4,0,0,7,255,,0,0,0
stim,7456,7456,0,907113.802,-0.549,0.206,0.005,-0.810,0,0,0,0,0,0,0,0,47,0.026,394,0,14.571,2.505,3.220,14.200,0.540,-0.250,0.012,0.966,-2.480,-0.350,-0.558,0.000,0.000,1.032,0.023,2,NULL,NULL,,4,0,0,7,255,,0,0,0
stim,7456,7456,0,907118.802,-0.549,0.206,0.006,-0.810,0,0,0,0,0,0,0,0,47,0.026,394,0,14.748,2.563,4.980,13.700,2.240,-0.245,0.011,0.966,-2.538,-0.356,-0.674,0.000,0.000,1.032,0.023,2,NULL,NULL,,4,0,0,7,255,,0,0,0
stim,7456,7456,0,907123.802,-0.549,0.206,0.006,-0.810,0,0,0,0,0,0,0,0,47,0.026,394,0,15.219,2.585,6.200,13.340,3.900,-0.243,0.008,0.965,-2.554,-0.402,-0.700,0.000,0.000,1.032,0.023,2,NULL,NULL,,4,0,0,7,255,,0,0,0
stim,7471,7471,0,907128.802,-0.550,0.206,0.006,-0.810,0,0,0,0,0,0,0,0,47,0.026,394,0,15.967,2.587,7.120,12.980,5.980,-0.245,0.019,0.965,-2.554,-0.410,-0.700,0.000,0.000,1.032,0.023,2,NULL,NULL,,4,0,0,7,255,,0,0,0
stim,7471,7471,0,907133.802,-0.550,0.205,0.006,-0.810,0,0,0,0,0,0,0,0,47,0.026,394,0,16.880,2.504,7.920,12.740,7.740,-0.248,0.031,0.968,-2.466,-0.434,-0.682,0.000,0.000,1.032,0.023,2,NULL,NULL,,4,0,0,7,255,,0,0,0
stim,7471,7471,0,907138.802,-0.550,0.205,0.007,-0.809,0,0,0,0,0,0,0,0,47,0.026,394,0,17.572,2.404,8.640,12.360,9.020,-0.256,0.030,0.974,-2.364,-0.434,-0.624,0.000,0.000,1.032,0.023,2,NULL,NULL,,4,0,0,7,255,,0,0,0
stim,7471,7471,0,907143.802,-0.551,0.205,0.007,-0.809,0,0,0,0,0,0,0,0,47,0.026,394,0,17.571,2.396,8.280,11.940,9.880,-0.267,0.029,0.981,-2.360,-0.412,-0.540,0.000,0.000,1.032,0.023,2,NULL,NULL,,4,0,0,7,255,,0,0,0
stim,7520,7520,0,907148.802,-0.551,0.205,0.007,-0.809,0,0,0,0,0,0,0,0,47,0.026,394,0,16.733,2.382,7.000,11.700,9.700,-0.275,0.036,0.980,-2.358,-0.340,-0.440,0.000,0.000,1.032,0.023,2,NULL,NULL,,4,0,0,7,255,,0,0,0
stim,7520,7520,0,907153.802,-0.551,0.205,0.007,-0.809,0,0,0,0,0,0,0,0,47,0.026,394,0,15.807,2.290,6.020,11.640,8.840,-0.278,0.038,0.974,-2.272,-0.288,-0.434,0.000,0.000,1.032,0.023,2,NULL,NULL,,4,0,0,7,255,,0,0,0
stim,7520,7520,0,907158.802,-0.552,0.205,0.007,-0.809,0,0,0,0,0,0,0,0,47,0.026,394,0,15.114,2.259,5.660,11.520,7.980,-0.274,0.035,0.970,-2.242,-0.274,-0.434,0.000,0.000,1.032,0.023,2,NULL,NULL,,4,0,0,7,255,,0,0,0
stim,7520,7520,0,907163.803,-0.552,0.205,0.008,-0.808,0,0,0,0,0,0,0,0,47,0.026,394,0,14.643,2.259,5.220,11.520,7.380,-0.270,0.029,0.967,-2.242,-0.274,-0.492,0.000,0.000,1.032,0.023,2,NULL,NULL,,4,0,0,7,255,,0,0,0
stim,7520,7520,0,907168.802,-0.552,0.204,0.008,-0.808,0,0,0,0,0,0,0,0,47,0.026,394,0,14.163,2.301,4.440,11.520,6.940,-0.265,0.025,0.961,-2.284,-0.280,-0.548,0.000,0.000,1.032,0.023,2,NULL,NULL,,4,0,0,7,255,,0,0,0
stim,7520,7520,0,907173.802,-0.552,0.204,0.008,-0.808,0,0,0,0,0,0,0,0,47,0.026,394,0,13.984,2.329,3.940,11.760,6.460,-0.257,0.018,0.953,-2.310,-0.300,-0.622,0.000,0.000,1.032,0.023,2,NULL,NULL,,4,0,0,7,255,,0,0,0
stim,7538,7538,0,907178.802,-0.553,0.204,0.009,-0.808,0,0,0,0,0,0,0,0,47,0.026,394,0,14.268,2.387,4.060,12.120,6.340,-0.248,0.012,0.945,-2.366,-0.316,-0.740,0.000,0.000,1.032,0.023,2,NULL,NULL,,4,0,0,7,255,,0,0,0
stim,7538,7538,0,907183.802,-0.553,0.204,0.009,-0.808,0,0,0,0,0,0,0,0,47,0.026,394,0,15.032,2.433,4.320,12.680,6.820,-0.241,0.006,0.934,-2.408,-0.348,-0.856,0.000,0.000,1.032,0.023,2,NULL,NULL,,4,0,0,7,255,,0,0,0
stim,7538,7538,0,907188.802,-0.553,0.204,0.009,-0.808,0,0,0,0,0,0,0,0,47,0.026,394,0,16.110,2.443,4.920,13.280,7.680,-0.235,0.007,0.927,-2.416,-0.362,-0.990,0.000,0.000,1.032,0.023,2,NULL,NULL,,4,0,0,7,255,,0,0,0
stim,7538,7538,0,907193.802,-0.554,0.204,0.009,-0.807,0,0,0,0,0,0,0,0,47,0.026,394,0,17.671,2.469,6.380,14.020,8.660,-0.233,0.002,0.924,-2.438,-0.388,-1.072,0.000,0.000,1.032,0.023,2,NULL,NULL,,4,0,0,7,255,,0,0,0
stim,7538,7538,0,907198.802,-0.554,0.204,0.010,-0.807,0,0,0,0,0,0,0,0,47,0.026,394,0,19.387,2.483,7.920,14.680,9.880,-0.235,-0.008,0.927,-2.452,-0.388,-1.096,0.000,0.000,1.032,0.023,2,NULL,NULL,,4,0,0,7,255,,0,0,0
stim,7538,7538,0,907203.802,-0.554,0.204,0.010,-0.807,0,0,0,0,0,0,0,0,47,0.026,394,0,20.899,2.566,8.960,15.360,10.980,-0.243,-0.011,0.935,-2.542,-0.350,-1.096,0.000,0.000,1.032,0.023,2,NULL,NULL,,4,0,0,7,255,,0,0,0
stim,7553,7553,0,907208.802,-0.555,0.204,0.010,-0.807,0,0,0,0,0,0,0,0,47,0.026,394,0,21.684,2.560,9.320,15.960,11.340,-0.251,-0.004,0.942,-2.542,-0.300,-1.012,0.000,0.000,1.032,0.023,2,NULL,NULL,,4,0,0,7,255,,0,0,0
stim,7553,7553,0,907213.802,-0.555,0.204,0.010,-0.806,0,0,0,0,0,0,0,0,47,0.026,394,0,22.003,2.534,9.020,16.640,11.220,-0.257,0.003,0.946,-2.518,-0.282,-0.898,0.000,0.000,1.032,0.023,2,NULL,NULL,,4,0,0,7,255,,0,0,0
stim,7571,7571,0,907218.803,-0.556,0.204,0.011,-0.806,0,0,0,0,0,0,0,0,47,0.026,394,0,22.039,2.490,8.400,17.240,10.860,-0.255,0.001,0.947,-2.474,-0.282,-0.828,0.000,0.000,1.032,0.023,2,NULL,NULL,,4,0,0,7,255,,0,0,0
stim,7571,7571,0,907223.802,-0.556,0.204,0.011,-0.806,0,0,0,0,0,0,0,0,47,0.026,394,0,22.535,2.490,8.160,17.980,10.860,-0.255,-0.001,0.943,-2.474,-0.282,-0.828,0.000,0.000,1.032,0.023,2,NULL,NULL,,4,0,0,7,255,,0,0,0
stim,7571,7571,0,907228.802,-0.556,0.205,0.011,-0.805,0,0,0,0,0,0,0,0,47,0.026,394,0,23.024,2.490,8.280,18.720,10.540,-0.257,0.000,0.944,-2.474,-0.282,-0.852,0.000,0.000,1.032,0.023,2,NULL,NULL,,4,0,0,7,255,,0,0,0
stim,7571,7571,0,907233.802,-0.557,0.205,0.011,-0.805,0,0,0,0,0,0,0,0,47,0.026,394,0,23.467,2.498,8.460,19.440,10.060,-0.263,-0.002,0.945,-2.482,-0.278,-0.852,0.000,0.000,1.032,0.023,2,NULL,NULL,,4,0,0,7,255,,0,0,0
stim,7583,7583,0,907238.802,-0.557,0.205,0.012,-0.805,0,0,0,0,0,0,0,0,47,0.026,394,0,23.597,2.493,8.220,20.060,9.320,-0.265,-0.003,0.948,-2.482,-0.230,-0.824,0.000,0.000,1.032,0.023,2,NULL,NULL,,4,0,0,7,255,,0,0,0
stim,7583,7583,0,907243.802,-0.557,0.205,0.012,-0.804,0,0,0,0,0,0,0,0,47,0.026,394,0,23.828,2.503,8.340,20.720,8.300,-0.262,-0.003,0.950,-2.492,-0.230,-0.792,0.000,0.000,1.032,0.023,2,NULL,NULL,,4,0,0,7,255,,0,0,0
stim,7616,7616,0,907248.802,-0.558,0.206,0.013,-0.804,0,0,0,0,0,0,0,0,47,0.026,394,0,24.147,2.527,8.520,21.160,7.920,-0.257,-0.007,0.954,-2.512,-0.272,-0.790,0.000,0.000,1.032,0.023,2,NULL,NULL,,4,0,0,7,255,,0,0,0
stim,7616,7616,0,907253.802,-0.558,0.206,0.013,-0.804,0,0,0,0,0,0,0,0,47,0.026,394,0,24.353,2.591,8.100,21.580,7.860,-0.253,-0.009,0.955,-2.572,-0.316,-0.790,0.000,0.000,1.032,0.023,2,NULL,NULL,,4,0,0,7,255,,0,0,0
stim,7616,7616,0,907258.802,-0.558,0.206,0.013,-0.804,0,0,0,0,0,0,0,0,47,0.026,394,0,24.707,2.617,7.540,22.260,7.620,-0.250,-0.009,0.950,-2.592,-0.360,-0.798,0.000,0.000,1.032,0.023,2,NULL,NULL,,4,0,0,7,255,,0,0,0
stim,7616,7616,0,907263.803,-0.558,0.207,0.014,-0.803,0,0,0,0,0,0,0,0,47,0.026,394,0,25.394,2.620,7.540,22.980,7.740,-0.249,-0.006,0.942,-2.592,-0.382,-0.854,0.000,0.000,1.032,0.023,2,NULL,NULL,,4,0,0,7,255,,0,0,0
stim,7616,7616,0,907268.802,-0.559,0.207,0.014,-0.803,0,0,0,0,0,0,0,0,47,0.026,394,0,26.446,2.582,8.820,23.720,7.680,-0.247,-0.005,0.944,-2.552,-0.390,-0.912,0.000,0.000,1.032,0.023,2,NULL,NULL,,4,0,0,7,255,,0,0,0
stim,7616,7616,0,907273.802,-0.559,0.208,0.015,-0.803,0,0,0,0,0,0,0,0,47,0.026,394,0,27.550,2.588,10.040,24.460,7.740,-0.245,-0.009,0.953,-2.552,-0.428,-0.912,0.000,0.000,1.032,0.023,2,NULL,NULL,,4,0,0,7,255,,0,0,0
stim,7616,7616,0,907278.802,-0.559,0.208,0.015,-0.802,0,0,0,0,0,0,0,0,47,0.026,394,0,28.255,2.661,9.920,25.060,8.480,-0.248,-0.006,0.960,-2.620,-0.468,-0.852,0.000,0.000,1.032,0.023,2,NULL,NULL,,4,0,0,7,255,,0,0,0
stim,7638,7638,0,907283.802,-0.559,0.209,0.015,-0.802,0,0,0,0,0,0,0,0,47,0.026,394,0,28.637,2.666,9.140,25.680,8.780,-0.249,0.002,0.962,-2.620,-0.492,-0.774,0.000,0.000,1.032,0.023,2,NULL,NULL,,4,0,0,7,255,,0,0,0
stim,7638,7638,0,907288.802,-0.560,0.209,0.016,-0.802,0,0,0,0,0,0,0,0,47,0.026,394,0,29.096,2.609,8.820,26.340,8.660,-0.250,0.007,0.958,-2.554,-0.534,-0.766,0.000,0.000,1.032,0.023,2,NULL,NULL,,4,0,0,7,255,,0,0,0
stim,7638,7638,0,907293.802,-0.560,0.210,0.016,-0.801,0,0,0,0,0,0,0,0,47,0.026,394,0,29.606,2.557,8.700,26.960,8.600,-0.245,0.008,0.955,-2.500,-0.536,-0.766,0.000,0.000,1.032,0.023,2,NULL,NULL,,4,0,0,7,255,,0,0,0
stim,7638,7638,0,907298.802,-0.560,0.210,0.017,-0.801,0,0,0,0,0,0,0,0,47,0.026,394,0,30.567,2.568,9.200,27.680,9.140,-0.242,0.010,0.951,-2.500,-0.586,-0.810,0.000,0.000,1.032,0.023,2,NULL,NULL,,4,0,0,7,255,,0,0,0
stim,7638,7638,0,907303.802,-0.561,0.211,0.017,-0.801,0,0,0,0,0,0,0,0,47,0.026,394,0,31.777,2.561,9.860,28.420,10.240,-0.244,0.019,0.952,-2.484,-0.622,-0.820,0.000,0.000,1.032,0.023,2,NULL,NULL,,4,0,0,7,255,,0,0,0
stim,7638,7638,0,907308.802,-0.561,0.212,0.017,-0.800,0,0,0,0,0,0,0,0,47,0.026,394,0,32.510,2.496,9.920,29.280,10.060,-0.249,0.029,0.957,-2.408,-0.658,-0.820,0.000,0.000,1.032,0.023,2,NULL,NULL,,4,0,0,7,255,,0,0,0
stim,7649,7649,0,907313.802,-0.561,0.213,0.018,-0.800,0,0,0,0,0,0,0,0,47,0.026,394,0,32.935,2.463,9.320,30.120,9.520,-0.251,0.026,0.960,-2.368,-0.676,-0.740,0.000,0.000,1.032,0.023,2,NULL,NULL,,4,0,0,7,255,,0,0,0
stim,7649,7649,0,907318.802,-0.561,0.213,0.018,-0.799,0,0,0,0,0,0,0,0,47,0.026,394,0,33.758,2.438,8.580,31.100,9.940,-0.255,0.029,0.960,-2.342,-0.676,-0.714,0.000,0.000,1.032,0.023,2,NULL,NULL,,4,0,0,7,255,,0,0,0
stim,7672,7672,0,907323.802,-0.562,0.214,0.019,-0.799,0,0,0,0,0,0,0,0,47,0.026,394,0,36.604,2.463,13.840,31.660,12.080,-0.303,0.009,1.039,-2.368,-0.676,-0.694,0.000,0.000,1.032,0.023,2,NULL,NULL,,4,0,0,7,255,,0,0,0
stim,7672,7672,0,907328.802,-0.562,0.216,0.018,-0.798,0,0,0,0,0,0,0,0,47,0.026,394,0,58.347,2.707,38.620,26.280,34.960,-0.517,0.041,1.276,-2.668,-0.456,0.136,0.000,0.000,1.032,0.023,2,NULL,NULL,,4,0,0,7,255,,0,0,0
stim,7674,7674,0,907333.802,-0.564,0.216,0.018,-0.797,0,0,0,0,0,0,0,0,47,0.026,394,0,52.559,2.713,-4.960,12.860,50.720,-0.610,0.066,1.265,-2.668,0.494,3.122,0.000,0.000,1.032,0.023,2,NULL,NULL,,4,0,0,7,255,,0,0,0
stim,7674,7674,0,907338.802,-0.565,0.216,0.020,-0.796,0,0,0,0,0,0,0,0,47,0.026,394,0,49.807,2.339,-46.400,17.980,2.120,-0.498,0.122,1.035,-2.204,0.784,3.122,0.000,0.000,1.032,0.023,2,NULL,NULL,,4,0,0,7,255,,0,0,0
stim,7674,7674,0,907343.802,-0.565,0.215,0.022,-0.796,0,0,0,0,0,0,0,0,47,0.026,394,0,42.068,1.941,-34.940,17.980,-15.020,-0.308,0.000,0.749,-1.776,0.784,1.124,0.000,0.000,1.032,0.023,2,NULL,NULL,,4,0,0,7,255,,0,0,0
stim,7674,7674,0,907348.802,-0.565,0.215,0.022,-0.796,0,0,0,0,0,0,0,0,47,0.026,394,0,15.461,1.842,-0.820,12.980,8.360,-0.195,-0.051,0.757,-1.776,0.490,-2.372,0.000,0.000,1.032,0.023,2,NULL,NULL,,4,0,0,7,255,,0,0,0
stim,7727,7727,0,907353.802,-0.566,0.216,0.021,-0.796,0,0,0,0,0,0,0,0,47,0.026,394,0,35.463,2.457,20.740,12.180,26.060,-0.269,-0.005,0.904,-2.434,-0.332,-2.372,0.000,0.000,1.032,0.023,2,NULL,NULL,,4,0,0,7,255,,0,0,0
stim,7727,7727,0,907358.802,-0.567,0.216,0.021,-0.795,0,0,0,6,0,0,0,0,47,0.026,394,0,32.985,2.457,18.900,12.480,23.980,-0.377,0.034,1.055,-2.434,-0.332,-1.208,0.000,0.000,1.032,0.023,2,NULL,NULL,,4,0,0,7,255,,0,0,0
stim,7727,7727,0,907363.803,-0.567,0.216,0.021,-0.795,0,0,0,23,0,0,0,0,47,0.026,394,0,16.719,2.434,1.880,12.360,11.100,-0.387,0.025,1.073,-2.434,-0.036,0.622,0.000,0.000,1.032,0.023,2,NULL,NULL,,4,0,0,7,255,,0,0,0
stim,7727,7727,0,907368.802,-0.567,0.216,0.022,-0.794,0,0,0,49,0,0,0,0,47,0.026,394,0,16.898,2.442,-10.460,12.740,3.720,-0.314,-0.001,0.980,-2.442,-0.036,0.622,0.000,0.000,1.032,0.023,2,NULL,NULL,,4,0,0,7,255,,0,0,0
stim,7727,7727,0,907373.802,-0.568,0.215,0.023,-0.794,0,0,0,79,0,0,0,0,47,0.026,394,0,16.315,2.542,-8.380,12.540,6.220,-0.250,-0.020,0.893,-2.532,-0.226,-0.346,0.000,0.000,1.032,0.023,2,NULL,NULL,,4,0,0,7,255,,0,0,0
stim,7727,7727,0,907378.802,-0.568,0.215,0.023,-0.794,0,0,0,107,0,0,0,0,47,0.026,394,0,18.851,2.581,2.840,12.480,13.840,-0.255,-0.026,0.885,-2.558,-0.344,-1.406,0.000,0.000,1.032,0.023,2,NULL,NULL,,4,0,0,7,255,,0,0,0
stim,7727,7727,0,907383.802,-0.569,0.215,0.023,-0.793,0,0,0,141,0,0,0,0,47,0.026,394,0,24.462,2.593,10.900,12.120,18.240,-0.296,-0.020,0.938,-2.570,-0.344,-1.406,0.000,0.000,1.032,0.023,2,NULL,NULL,,4,0,0,7,255,,0,0,0
stim,7727,7727,0,907388.802,-0.569,0.215,0.023,-0.793,0,0,0,149,0,0,0,0,47,0.026,394,0,22.961,2.577,11.340,12.360,15.680,-0.330,-0.001,0.977,-2.570,-0.192,-0.822,0.000,0.000,1.032,0.023,2,NULL,NULL,,4,0,0,7,255,,0,0,0
stim,7727,7727,0,907393.802,-0.570,0.215,0.023,-0.793,0,0,0,174,0,0,0,0,47,0.026,394,0,18.730,2.479,8.340,12.300,11.400,-0.327,0.021,0.979,-2.472,-0.192,-0.310,0.000,0.000,1.032,0.023,2,NULL,NULL,,4,0,0,7,255,,0,0,0
stim,7727,7727,0,907398.802,-0.570,0.215,0.024,-0.793,0,0,0,201,0,0,0,0,47,0.026,394,0,17.020,2.311,6.700,12.180,9.820,-0.301,0.020,0.962,-2.302,-0.206,-0.310,0.000,0.000,1.032,0.023,2,NULL,NULL,,4,0,0,7,255,,0,0,0
stim,7727,7727,0,907403.802,-0.570,0.215,0.024,-0.792,0,0,0,210,0,0,0,0,47,0.026,394,0,18.079,2.329,7.540,12.060,11.160,-0.292,0.006,0.945,-2.302,-0.354,-0.512,0.000,0.000,1.032,0.023,2,NULL,NULL,,4,0,0,7,255,,0,0,0
stim,7743,7743,0,907408.802,-0.571,0.215,0.024,-0.792,0,0,0,210,0,0,0,0,47,0.026,394,0,19.906,2.414,9.560,11.940,12.740,-0.305,-0.004,0.945,-2.388,-0.354,-0.696,0.000,0.000,1.032,0.023,2,NULL,NULL,,4,0,0,7,255,,0,0,0
stim,7743,7743,0,907413.802,-0.571,0.215,0.024,-0.792,0,0,0,223,0,0,0,0,47,0.026,394,0,19.834,2.401,10.720,11.760,11.840,-0.316,0.003,0.956,-2.392,-0.204,-0.696,0.000,0.000,1.032,0.023,2,NULL,NULL,,4,0,0,7,255,,0,0,0
stim,7760,7760,0,907418.803,-0.572,0.215,0.024,-0.791,0,0,0,229,0,0,0,7,47,0.026,394,0,18.513,2.401,10.480,11.580,9.940,-0.313,0.012,0.962,-2.392,-0.204,-0.542,0.000,0.000,1.032,0.023,2,NULL,NULL,,4,0,0,7,255,,0,0,0
stim,7760,7760,0,907423.802,-0.572,0.215,0.024,-0.791,0,0,0,250,0,0,0,5,47,0.026,394,0,17.787,2.377,9.620,11.640,9.400,-0.302,0.013,0.963,-2.364,-0.252,-0.520,0.000,0.000,1.032,0.023,2,NULL,NULL,,4,0,0,7,255,,0,0,0
stim,7775,7775,0,907428.802,-0.572,0.215,0.024,-0.791,0,0,0,299,0,0,0,5,47,0.026,394,0,17.334,2.391,8.700,11.380,9.760,-0.298,0.011,0.965,-2.364,-0.356,-0.516,0.000,0.000,1.032,0.023,2,NULL,NULL,,4,0,0,7,255,,0,0,0
stim,7775,7775,0,907433.802,-0.573,0.215,0.024,-0.791,0,0,0,317,0,0,0,11,47,0.026,394,0,17.188,2.423,7.920,11.520,10.000,-0.296,0.007,0.958,-2.394,-0.372,-0.520,0.000,0.000,1.032,0.023,2,NULL,NULL,,4,0,0,7,255,,0,0,0
stim,7775,7775,0,907438.802,-0.573,0.215,0.024,-0.790,0,0,0,337,0,0,0,11,47,0.026,394,0,17.515,2.429,8.160,11.580,10.300,-0.297,0.005,0.953,-2.400,-0.372,-0.600,0.000,0.000,1.032,0.023,2,NULL,NULL,,4,0,0,7,255,,0,0,0
stim,7775,7775,0,907443.802,-0.573,0.215,0.025,-0.790,0,0,0,344,0,0,0,5,47,0.026,394,0,17.859,2.425,8.820,11.460,10.480,-0.300,0.013,0.952,-2.400,-0.344,-0.622,0.000,0.000,1.032,0.023,2,NULL,NULL,,4,0,0,7,255,,0,0,0
stim,7824,7824,0,907448.802,-0.574,0.215,0.025,-0.790,9,0,0,371,0,0,0,16,47,0.026,394,0,17.729,2.343,8.820,11.580,10.120,-0.298,0.018,0.961,-2.318,-0.344,-0.622,0.000,0.000,1.032,0.023,2,NULL,NULL,,4,0,0,7,255,,0,0,0
stim,7824,7824,0,907453.802,-0.574,0.215,0.025,-0.790,31,0,0,374,0,0,0,21,47,0.026,394,0,17.356,2.354,7.980,11.880,9.820,-0.294,0.019,0.966,-2.318,-0.408,-0.540,0.000,0.000,1.032,0.023,2,NULL,NULL,,4,0,0,7,255,,0,0,0
stim,7824,7824,0,907458.802,-0.574,0.215,0.025,-0.790,93,0,0,409,0,0,0,21,47,0.026,394,0,17.237,2.364,7.000,12.120,10.060,-0.293,0.015,0.962,-2.322,-0.444,-0.540,0.000,0.000,1.032,0.023,2,NULL,NULL,,4,0,0,7,255,,0,0,0
stim,7824,7824,0,907463.803,-0.575,0.214,0.025,-0.789,101,0,0,446,0,0,0,22,47,0.026,394,0,17.756,2.382,6.700,12.240,10.980,-0.291,0.009,0.952,-2.340,-0.444,-0.550,0.000,0.000,1.032,0.023,2,NULL,NULL,,4,0,0,7,255,,0,0,0
stim,7824,7824,0,907468.802,-0.575,0.214,0.025,-0.789,113,0,0,483,0,0,0,28,47,0.026,394,0,18.529,2.400,7.420,12.360,11.640,-0.293,0.006,0.945,-2.364,-0.414,-0.660,0.000,0.000,1.032,0.023,2,NULL,NULL,,4,0,0,7,255,,0,0,0
stim,7824,7824,0,907473.802,-0.576,0.214,0.025,-0.789,131,0,0,507,0,0,0,23,47,0.026,394,0,19.523,2.394,8.580,12.360,12.440,-0.292,-0.001,0.947,-2.366,-0.366,-0.718,0.000,0.000,1.032,0.023,2,NULL,NULL,,4,0,0,7,255,,0,0,0
stim,7824,7824,0,907478.802,-0.576,0.214,0.026,-0.788,137,0,0,537,0,0,0,23,47,0.026,394,0,20.067,2.462,8.820,12.360,13.120,-0.291,-0.013,0.953,-2.436,-0.354,-0.718,0.000,0.000,1.032,0.023,2,NULL,NULL,,4,0,0,7,255,,0,0,0
stim,7824,7824,0,907483.802,-0.577,0.214,0.026,-0.788,167,0,0,568,0,0,0,29,47,0.026,394,0,20.344,2.588,8.340,12.360,13.840,-0.290,-0.017,0.957,-2.564,-0.354,-0.702,0.000,0.000,1.032,0.023,2,NULL,NULL,,4,0,0,7,255,,0,0,0
stim,7825,7825,0,907488.802,-0.577,0.214,0.026,-0.788,187,0,0,615,0,0,0,45,47,0.026,394,0,21.069,2.589,8.040,12.420,15.000,-0.293,-0.008,0.958,-2.564,-0.362,-0.674,0.000,0.000,1.032,0.023,2,NULL,NULL,,4,0,0,7,255,,0,0,0
stim,7825,7825,0,907493.802,-0.578,0.214,0.026,-0.787,219,0,0,646,0,0,0,47,47,0.026,394,0,21.615,2.552,8.100,12.480,15.680,-0.297,0.006,0.955,-2.526,-0.366,-0.638,0.000,0.000,1.032,0.023,2,NULL,NULL,,4,0,0,7,255,,0,0,0
stim,7839,7839,0,907498.802,-0.578,0.214,0.026,-0.787,229,0,0,679,0,0,0,47,47,0.026,394,0,21.787,2.432,8.040,12.360,16.040,-0.300,0.003,0.958,-2.404,-0.366,-0.616,0.000,0.000,1.032,0.023,2,NULL,NULL,,4,0,0,7,255,,0,0,0
stim,7839,7839,0,907503.802,-0.579,0.214,0.026,-0.786,239,0,0,687,0,0,0,41,47,0.026,394,0,21.812,2.429,8.040,12.480,15.980,-0.304,-0.002,0.959,-2.404,-0.350,-0.586,0.000,0.000,1.032,0.023,2,NULL,NULL,,4,0,0,7,255,,0,0,0
stim,7839,7839,0,907508.802,-0.579,0.214,0.026,-0.786,256,0,0,727,0,0,0,47,47,0.026,394,0,21.646,2.442,8.040,12.420,15.800,-0.306,0.000,0.959,-2.422,-0.310,-0.570,0.000,0.000,1.032,0.023,2,NULL,NULL,,4,0,0,7,255,,0,0,0
stim,7839,7839,0,907513.802,-0.580,0.214,0.026,-0.786,267,0,0,733,0,0,0,43,47,0.026,394,0,21.400,2.441,8.580,12.480,15.120,-0.310,0.006,0.956,-2.422,-0.300,-0.560,0.000,0.000,1.032,0.023,2,NULL,NULL,,4,0,0,7,255,,0,0,0
stim,7856,7856,0,907518.802,-0.580,0.214,0.026,-0.785,283,0,0,751,0,0,0,51,47,0.026,394,0,21.092,2.370,8.820,12.360,14.640,-0.312,0.013,0.958,-2.352,-0.292,-0.556,0.000,0.000,1.032,0.023,2,NULL,NULL,,4,0,0,7,255,,0,0,0
stim,7856,7856,0,907523.802,-0.581,0.214,0.027,-0.785,297,0,0,779,0,0,0,53,47,0.026,394,0,20.856,2.311,9.200,12.240,14.160,-0.314,0.017,0.961,-2.292,-0.292,-0.516,0.000,0.000,1.032,0.023,2,NULL,NULL,,4,0,0,7,255,,0,0,0
stim,7872,7872,0,907528.802,-0.581,0.214,0.027,-0.785,309,0,0,800,0,0,0,57,47,0.026,394,0,20.641,2.282,9.380,12.240,13.720,-0.313,0.022,0.964,-2.262,-0.300,-0.474,0.000,0.000,1.032,0.023,2,NULL,NULL,,4,0,0,7,255,,0,0,0
stim,7872,7872,0,907533.802,-0.582,0.214,0.027,-0.784,330,0,0,825,0,0,0,55,47,0.026,394,0,20.937,2.252,10.420,12.300,13.360,-0.315,0.023,0.960,-2.230,-0.312,-0.468,0.000,0.000,1.032,0.023,2,NULL,NULL,,4,0,0,7,255,,0,0,0
stim,7887,7887,0,907538.802,-0.582,0.214,0.027,-0.784,348,0,0,837,0,5,0,67,47,0.026,394,0,19.269,2.226,9.020,11.940,12.140,-0.316,0.024,0.960,-2.204,-0.312,-0.462,0.000,0.000,1.032,0.023,2,NULL,NULL,,4,0,0,7,255,,0,0,0
stim,7887,7887,0,907543.802,-0.582,0.214,0.027,-0.784,363,0,0,859,0,5,0,59,47,0.026,394,0,18.646,2.225,9.200,11.880,11.040,-0.318,0.022,0.961,-2.204,-0.306,-0.462,0.000,0.000,1.032,0.023,2,NULL,NULL,,4,0,0,7,255,,0,0,0
stim,7920,7920,0,907548.802,-0.583,0.214,0.027,-0.783,373,0,0,878,0,8,0,67,47,0.026,394,0,17.813,2.235,8.900,11.700,10.060,-0.313,0.021,0.960,-2.214,-0.306,-0.462,0.000,0.000,1.032,0.023,2,NULL,NULL,,4,0,0,7,255,,0,0,0
stim,7920,7920,0,907553.802,-0.583,0.214,0.027,-0.783,377,0,0,892,0,7,0,71,47,0.026,394,0,17.318,2.248,8.640,11.700,9.400,-0.308,0.019,0.959,-2.224,-0.326,-0.472,0.000,0.000,1.032,0.023,2,NULL,NULL,,4,0,0,7,255,,0,0,0
stim,7920,7920,0,907558.802,-0.583,0.214,0.027,-0.783,396,0,0,915,0,6,0,59,47,0.026,394,0,17.177,2.281,8.520,11.580,9.400,-0.302,0.014,0.957,-2.252,-0.364,-0.508,0.000,0.000,1.032,0.023,2,NULL,NULL,,4,0,0,7,255,,0,0,0
stim,7920,7920,0,907563.803,-0.584,0.214,0.027,-0.783,412,0,0,919,0,4,0,69,47,0.026,394,0,17.440,2.331,8.640,11.380,10.000,-0.299,0.011,0.953,-2.298,-0.390,-0.566,0.000,0.000,1.032,0.023,2,NULL,NULL,,4,0,0,7,255,,0,0,0
stim,7920,7920,0,907568.802,-0.584,0.214,0.027,-0.782,422,0,0,943,0,9,0,62,47,0.026,394,0,17.992,2.355,8.960,11.260,10.800,-0.300,0.005,0.955,-2.322,-0.390,-0.606,0.000,0.000,1.032,0.023,2,NULL,NULL,,4,0,0,7,255,,0,0,0
stim,7920,7920,0,907573.802,-0.585,0.214,0.028,-0.782,423,0,0,944,0,5,0,76,47,0.026,394,0,18.240,2.406,9.020,11.260,11.160,-0.302,0.002,0.957,-2.376,-0.378,-0.606,0.000,0.000,1.032,0.023,2,NULL,NULL,,4,0,0,7,255,,0,0,0
stim,7920,7920,0,907578.802,-0.585,0.214,0.028,-0.782,439,0,0,972,0,5,0,87,47,0.026,394,0,18.211,2.403,8.960,11.320,11.100,-0.304,0.004,0.956,-2.376,-0.360,-0.586,0.000,0.000,1.032,0.023,2,NULL,NULL,,4,0,0,7,255,,0,0,0
stim,7937,7937,0,907583.802,-0.585,0.214,0.028,-0.782,437,0,0,981,0,13,0,79,47,0.026,394,0,18.059,2.397,9.020,11.320,10.800,-0.302,0.007,0.956,-2.370,-0.360,-0.586,0.000,0.000,1.032,0.023,2,NULL,NULL,,4,0,0,7,255,,0,0,0
stim,7938,7938,0,907588.802,-0.586,0.214,0.028,-0.781,463,0,0,999,0,13,0,89,47,0.026,394,0,18.140,2.379,9.320,11.320,10.680,-0.300,0.007,0.954,-2.350,-0.372,-0.588,0.000,0.000,1.032,0.023,2,NULL,NULL,,4,0,0,7,255,,0,0,0
stim,7951,7951,0,907593.802,-0.586,0.213,0.028,-0.781,481,0,0,1009,0,22,0,84,47,0.026,394,0,18.549,2.380,9.560,11.320,11.160,-0.300,0.001,0.956,-2.350,-0.376,-0.606,0.000,0.000,1.032,0.023,2,NULL,NULL,,4,0,0,7,255,,0,0,0
stim,7951,7951,0,907598.802,-0.586,0.213,0.028,-0.781,491,0,0,1033,0,26,0,89,47,0.026,394,0,18.819,2.429,9.800,11.320,11.400,-0.303,-0.001,0.955,-2.400,-0.376,-0.608,0.000,0.000,1.032,0.023,2,NULL,NULL,,4,0,0,7,255,,0,0,0
stim,7951,7951,0,907603.802,-0.587,0.213,0.028,-0.781,491,0,0,1045,0,21,0,91,47,0.026,394,0,18.891,2.425,9.800,11.380,11.460,-0.304,0.001,0.957,-2.400,-0.348,-0.606,0.000,0.000,1.032,0.023,2,NULL,NULL,,4,0,0,7,255,,0,0,0
stim,7951,7951,0,907608.802,-0.587,0.213,0.028,-0.780,520,0,0,1062,0,33,0,103,47,0.026,394,0,18.923,2.419,9.860,11.320,11.520,-0.303,0.004,0.955,-2.394,-0.348,-0.592,0.000,0.000,1.032,0.023,2,NULL,NULL,,4,0,0,7,255,,0,0,0
stim,7951,7951,0,907613.802,-0.588,0.213,0.028,-0.780,523,0,0,1099,0,30,0,92,47,0.026,394,0,19.033,2.392,9.860,11.320,11.700,-0.304,0.007,0.956,-2.364,-0.362,-0.582,0.000,0.000,1.032,0.023,2,NULL,NULL,,4,0,0,7,255,,0,0,0
stim,7952,7952,0,907618.803,-0.588,0.213,0.028,-0.780,537,0,0,1082,0,37,0,102,47,0.026,394,0,19.082,2.364,9.860,11.320,11.780,-0.305,0.008,0.957,-2.336,-0.362,-0.574,0.000,0.000,1.032,0.023,2,NULL,NULL,,4,0,0,7,255,,0,0,0
stim,7952,7952,0,907623.802,-0.588,0.213,0.028,-0.779,539,0,0,1095,0,40,0,105,47,0.026,394,0,18.928,2.361,9.800,11.320,11.580,-0.305,0.009,0.958,-2.332,-0.366,-0.564,0.000,0.000,1.032,0.023,2,NULL,NULL,,4,0,0,7,255,,0,0,0
stim,7952,7952,0,907628.802,-0.589,0.213,0.029,-0.779,547,0,0,1110,0,37,0,107,47,0.026,394,0,18.793,2.352,9.680,11.380,11.400,-0.306,0.013,0.957,-2.322,-0.374,-0.552,0.000,0.000,1.032,0.023,2,NULL,NULL,,4,0,0,7,255,,0,0,0
stim,7972,7972,0,907633.802,-0.589,0.213,0.029,-0.779,554,0,0,1107,0,33,0,107,47,0.026,394,0,18.715,2.315,9.740,11.320,11.280,-0.304,0.014,0.957,-2.284,-0.376,-0.552,0.000,0.000,1.032,0.023,2,NULL,NULL,,4,0,0,7,255,,0,0,0
stim,7972,7972,0,907638.802,-0.590,0.213,0.029,-0.779,557,0,0,1114,0,40,0,109,47,0.026,394,0,18.733,2.310,9.980,11.200,11.220,-0.305,0.015,0.956,-2.278,-0.386,-0.556,0.000,0.000,1.032,0.023,2,NULL,NULL,,4,0,0,7,255,,0,0,0
stim,7984,7984,0,907643.802,-0.590,0.213,0.029,-0.778,566,0,0,1125,0,37,0,110,47,0.026,394,0,18.909,2.300,10.040,11.320,11.340,-0.305,0.015,0.957,-2.266,-0.392,-0.556,0.000,0.000,1.032,0.023,2,NULL,NULL,,4,0,0,7,255,,0,0,0
stim,7984,7984,0,907648.802,-0.590,0.213,0.029,-0.778,585,0,0,1143,0,45,0,110,47,0.026,394,0,18.643,2.298,9.740,11.320,11.160,-0.307,0.018,0.959,-2.264,-0.392,-0.546,0.000,0.000,1.032,0.023,2,NULL,NULL,,4,0,0,7,255,,0,0,0
stim,7984,7984,0,907653.802,-0.591,0.213,0.029,-0.778,585,0,0,1143,0,45,0,113,47,0.026,394,0,18.176,2.272,9.320,11.320,10.740,-0.306,0.020,0.957,-2.238,-0.392,-0.534,0.000,0.000,1.032,0.023,2,NULL,NULL,,4,0,0,7,255,,0,0,0
stim,7984,7984,0,907658.802,-0.591,0.213,0.029,-0.778,594,0,0,1163,0,47,0,115,47,0.026,394,0,17.885,2.268,9.260,11.260,10.360,-0.305,0.018,0.956,-2.232,-0.402,-0.534,0.000,0.000,1.032,0.023,2,NULL,NULL,,4,0,0,7,255,,0,0,0
stim,8021,8021,0,907663.803,-0.591,0.213,0.029,-0.777,601,0,0,1162,0,57,0,118,47,0.026,394,0,17.812,2.268,9.320,11.260,10.180,-0.305,0.018,0.956,-2.232,-0.402,-0.548,0.000,0.000,1.032,0.023,2,NULL,NULL,,4,0,0,7,255,,0,0,0
stim,8021,8021,0,907668.802,-0.592,0.213,0.029,-0.777,616,0,0,1185,0,60,0,115,47,0.026,394,0,17.710,2.268,9.320,11.260,10.000,-0.304,0.019,0.958,-2.232,-0.402,-0.548,0.000,0.000,1.032,0.023,2,NULL,NULL,,4,0,0,7,255,,0,0,0
stim,8021,8021,0,907673.802,-0.592,0.213,0.029,-0.777,628,0,0,1181,0,57,0,117,47,0.026,394,0,17.553,2.270,9.140,11.320,9.820,-0.305,0.015,0.957,-2.234,-0.402,-0.544,0.000,0.000,1.032,0.023,2,NULL,NULL,,4,0,0,7,255,,0,0,0
stim,8021,8021,0,907678.802,-0.592,0.213,0.029,-0.777,645,0,0,1196,0,71,0,126,47,0.026,394,0,17.224,2.277,8.760,11.320,9.580,-0.307,0.016,0.957,-2.242,-0.400,-0.536,0.000,0.000,1.032,0.023,2,NULL,NULL,,4,0,0,7,255,,0,0,0
stim,8021,8021,0,907683.802,-0.593,0.213,0.029,-0.776,651,0,0,1198,0,61,0,127,47,0.026,394,0,16.871,2.276,8.460,11.380,9.140,-0.308,0.017,0.958,-2.242,-0.392,-0.536,0.000,0.000,1.032,0.023,2,NULL,NULL,,4,0,0,7,255,,0,0,0
stim,8021,8021,0,907688.802,-0.593,0.213,0.030,-0.776,665,0,0,1225,0,63,0,124,47,0.026,394,0,16.742,2.272,8.520,11.520,8.660,-0.306,0.021,0.957,-2.238,-0.392,-0.536,0.000,0.000,1.032,0.023,2,NULL,NULL,,4,0,0,7,255,,0,0,0
stim,8037,8037,0,907693.802,-0.593,0.212,0.030,-0.776,673,0,0,1227,0,69,0,120,47,0.026,394,0,16.581,2.239,8.700,11.460,8.240,-0.304,0.021,0.957,-2.200,-0.414,-0.536,0.000,0.000,1.032,0.023,2,NULL,NULL,,4,0,0,7,255,,0,0,0
stim,8037,8037,0,907698.802,-0.593,0.212,0.030,-0.776,681,0,0,1237,0,67,0,135,47,0.026,394,0,16.602,2.241,8.580,11.580,8.240,-0.304,0.016,0.959,-2.200,-0.428,-0.536,0.000,0.000,1.032,0.023,2,NULL,NULL,,4,0,0,7,255,,0,0,0
stim,8037,8037,0,907703.802,-0.594,0.212,0.030,-0.776,688,0,0,1244,0,75,0,122,47,0.026,394,0,16.439,2.277,8.340,11.580,8.160,-0.306,0.017,0.960,-2.236,-0.428,-0.524,0.000,0.000,1.032,0.023,2,NULL,NULL,,4,0,0,7,255,,0,0,0
stim,8037,8037,0,907708.802,-0.594,0.212,0.030,-0.775,700,0,0,1257,0,72,0,121,47,0.026,394,0,16.140,2.275,7.980,11.580,7.920,-0.306,0.016,0.958,-2.236,-0.420,-0.524,0.000,0.000,1.032,0.023,2,NULL,NULL,,4,0,0,7,255,,0,0,0
stim,8048,8048,0,907713.802,-0.594,0.212,0.030,-0.775,709,0,0,1259,0,76,0,139,47,0.026,394,0,16.055,2.273,8.100,11.580,7.620,-0.305,0.014,0.955,-2.236,-0.408,-0.532,0.000,0.000,1.032,0.023,2,NULL,NULL,,4,0,0,7,255,,0,0,0
stim,8048,8048,0,907718.802,-0.595,0.212,0.031,-0.775,724,0,0,1274,0,68,0,139,47,0.026,394,0,16.147,2.275,8.280,11.580,7.620,-0.305,0.013,0.956,-2.238,-0.408,-0.558,0.000,0.000,1.032,0.023,2,NULL,NULL,,4,0,0,7,255,,0,0,0
stim,8070,8070,0,907723.802,-0.595,0.212,0.031,-0.775,731,0,0,1273,0,72,0,135,47,0.026,394,0,16.218,2.275,8.280,11.640,7.680,-0.305,0.015,0.957,-2.238,-0.410,-0.558,0.000,0.000,1.032,0.023,2,NULL,NULL,,4,0,0,7,255,,0,0,0
stim,8070,8070,0,907728.802,-0.595,0.212,0.031,-0.775,745,0,0,1299,0,73,0,141,47,0.026,394,0,16.127,2.283,8.100,11.640,7.680,-0.304,0.010,0.956,-2.246,-0.410,-0.558,0.000,0.000,1.032,0.023,2,NULL,NULL,,4,0,0,7,255,,0,0,0
stim,8071,8071,0,907733.802,-0.595,0.212,0.031,-0.774,750,0,0,1294,0,73,0,152,47,0.026,394,0,16.025,2.305,7.980,11.460,7.860,-0.305,0.005,0.955,-2.268,-0.410,-0.566,0.000,0.000,1.032,0.023,2,NULL,NULL,,4,0,0,7,255,,0,0,0
stim,8072,8072,0,907738.802,-0.596,0.211,0.031,-0.774,761,0,0,1304,0,77,0,148,47,0.026,394,0,16.266,2.316,8.340,11.460,7.980,-0.307,0.006,0.953,-2.284,-0.386,-0.580,0.000,0.000,1.032,0.023,2,NULL,NULL,,4,0,0,7,255,,0,0,0
stim,8072,8072,0,907743.802,-0.596,0.211,0.032,-0.774,768,0,0,1311,0,69,0,163,47,0.026,394,0,16.330,2.316,8.760,11.320,7.860,-0.307,0.013,0.955,-2.284,-0.386,-0.580,0.000,0.000,1.032,0.023,2,NULL,NULL,,4,0,0,7,255,,0,0,0
stim,8072,8072,0,907748.802,-0.596,0.211,0.032,-0.774,797,0,0,1323,0,75,0,153,47,0.026,394,0,16.320,2.271,8.900,11.320,7.680,-0.306,0.012,0.956,-2.236,-0.396,-0.552,0.000,0.000,1.032,0.023,2,NULL,NULL,,4,0,0,7,255,,0,0,0
stim,8113,8113,0,907753.802,-0.597,0.211,0.032,-0.774,793,0,0,1322,0,73,0,157,47,0.026,394,0,16.321,2.274,8.820,11.260,7.860,-0.303,0.007,0.955,-2.236,-0.412,-0.552,0.000,0.000,1.032,0.023,2,NULL,NULL,,4,0,0,7,255,,0,0,0
stim,8113,8113,0,907758.802,-0.597,0.211,0.032,-0.773,808,0,0,1339,0,75,0,165,47,0.026,394,0,16.443,2.309,8.700,11.260,8.240,-0.304,0.007,0.954,-2.272,-0.412,-0.576,0.000,0.000,1.032,0.023,2,NULL,NULL,,4,0,0,7,255,,0,0,0
stim,8113,8113,0,907763.803,-0.597,0.211,0.032,-0.773,819,0,0,1351,0,69,0,167,47,0.026,394,0,16.654,2.309,9.020,11.140,8.480,-0.307,0.008,0.953,-2.272,-0.412,-0.580,0.000,0.000,1.032,0.023,2,NULL,NULL,,4,0,0,7,255,,0,0,0
stim,8113,8113,0,907768.802,-0.597,0.211,0.032,-0.773,822,0,0,1353,0,75,0,169,47,0.026,394,0,16.846,2.290,9.440,11.080,8.480,-0.305,0.008,0.954,-2.254,-0.402,-0.580,0.000,0.000,1.032,0.023,2,NULL,NULL,,4,0,0,7,255,,0,0,0
stim,8113,8113,0,907773.802,-0.598,0.211,0.032,-0.773,825,0,0,1371,0,72,0,165,47,0.026,394,0,17.029,2.287,9.740,10.960,8.660,-0.307,0.010,0.955,-2.252,-0.396,-0.578,0.000,0.000,1.032,0.023,2,NULL,NULL,,4,0,0,7,255,,0,0,0
stim,8113,8113,0,907778.802,-0.598,0.211,0.032,-0.773,832,0,0,1381,0,69,0,168,47,0.026,394,0,17.029,2.276,9.860,10.900,8.600,-0.307,0.012,0.957,-2.240,-0.402,-0.554,0.000,0.000,1.032,0.023,2,NULL,NULL,,4,0,0,7,255,,0,0,0
stim,8144,8144,0,907783.802,-0.598,0.211,0.033,-0.772,835,0,0,1375,0,71,0,173,47,0.026,394,0,16.939,2.270,9.860,10.900,8.420,-0.304,0.012,0.958,-2.232,-0.412,-0.540,0.000,0.000,1.032,0.023,2,NULL,NULL,,4,0,0,7,255,,0,0,0
stim,8144,8144,0,907788.802,-0.599,0.211,0.033,-0.772,845,0,0,1383,0,77,0,173,47,0.026,394,0,16.968,2.273,9.740,10.960,8.540,-0.304,0.010,0.957,-2.232,-0.432,-0.540,0.000,0.000,1.032,0.023,2,NULL,NULL,,4,0,0,7,255,,0,0,0
stim,8144,8144,0,907793.802,-0.599,0.210,0.033,-0.772,853,0,0,1389,0,71,0,179,47,0.026,394,0,17.001,2.288,9.620,10.780,8.960,-0.302,0.009,0.956,-2.246,-0.438,-0.548,0.000,0.000,1.032,0.023,2,NULL,NULL,,4,0,0,7,255,,0,0,0
stim,8144,8144,0,907798.802,-0.599,0.210,0.033,-0.772,856,0,0,1398,0,70,0,188,47,0.026,394,0,17.200,2.287,9.680,10.840,9.200,-0.303,0.009,0.953,-2.246,-0.432,-0.570,0.000,0.000,1.032,0.023,2,NULL,NULL,,4,0,0,7,255,,0,0,0
stim,8144,8144,0,907803.802,-0.599,0.210,0.033,-0.772,861,0,0,1405,0,75,0,181,47,0.026,394,0,17.438,2.279,10.040,10.720,9.400,-0.304,0.009,0.953,-2.238,-0.432,-0.584,0.000,0.000,1.032,0.023,2,NULL,NULL,,4,0,0,7,255,,0,0,0
stim,8144,8144,0,907808.802,-0.600,0.210,0.033,-0.771,864,0,0,1415,0,72,0,182,47,0.026,394,0,17.620,2.275,10.180,10.780,9.520,-0.304,0.011,0.956,-2.234,-0.432,-0.584,0.000,0.000,1.032,0.023,2,NULL,NULL,,4,0,0,7,255,,0,0,0
stim,8144,8144,0,907813.802,-0.600,0.210,0.033,-0.771,864,0,0,1408,0,73,0,189,47,0.026,394,0,17.685,2.270,10.180,10.780,9.640,-0.303,0.012,0.958,-2.228,-0.436,-0.560,0.000,0.000,1.032,0.023,2,NULL,NULL,,4,0,0,7,255,,0,0,0
stim,8160,8160,0,907818.803,-0.600,0.210,0.033,-0.771,866,0,0,1417,0,79,0,189,47,0.026,394,0,17.604,2.273,9.980,10.780,9.700,-0.302,0.010,0.956,-2.228,-0.450,-0.560,0.000,0.000,1.032,0.023,2,NULL,NULL,,4,0,0,7,255,,0,0,0
stim,8176,8176,0,907823.802,-0.601,0.210,0.033,-0.771,867,0,0,1417,0,74,0,190,47,0.026,394,0,17.814,2.281,10.120,10.720,10.000,-0.303,0.009,0.955,-2.236,-0.450,-0.564,0.000,0.000,1.032,0.023,2,NULL,NULL,,4,0,0,7,255,,0,0,0
stim,8176,8176,0,907828.802,-0.601,0.210,0.033,-0.770,872,0,0,1422,0,78,0,189,47,0.026,394,0,18.086,2.280,10.300,10.720,10.300,-0.303,0.012,0.955,-2.236,-0.448,-0.570,0.000,0.000,1.032,0.023,2,NULL,NULL,,4,0,0,7,255,,0,0,0
stim,8176,8176,0,907833.802,-0.601,0.210,0.033,-0.770,877,0,0,1435,0,77,0,197,47,0.026,394,0,18.226,2.259,10.420,10.840,10.300,-0.304,0.012,0.957,-2.214,-0.448,-0.570,0.000,0.000,1.032,0.023,2,NULL,NULL,,4,0,0,7,255,,0,0,0
stim,8176,8176,0,907838.802,-0.602,0.210,0.033,-0.770,879,0,0,1433,0,85,0,199,47,0.026,394,0,18.120,2.257,10.300,10.720,10.360,-0.303,0.014,0.958,-2.212,-0.448,-0.548,0.000,0.000,1.032,0.023,2,NULL,NULL,,4,0,0,7,255,,0,0,0
stim,8176,8176,0,907843.802,-0.602,0.210,0.033,-0.770,885,0,0,1432,0,88,0,213,47,0.026,394,0,18.240,2.246,10.120,10.780,10.680,-0.302,0.014,0.957,-2.198,-0.464,-0.548,0.000,0.000,1.032,0.023,2,NULL,NULL,,4,0,0,7,255,,0,0,0
stim,8223,8223,0,907848.802,-0.602,0.210,0.033,-0.769,887,0,0,1434,0,79,0,213,47,0.026,394,0,18.379,2.246,10.180,10.840,10.800,-0.303,0.013,0.955,-2.198,-0.464,-0.552,0.000,0.000,1.032,0.023,2,NULL,NULL,,4,0,0,7,255,,0,0,0
stim,8223,8223,0,907853.802,-0.603,0.210,0.033,-0.769,892,0,0,1439,0,78,0,215,47,0.026,394,0,18.514,2.245,10.360,10.780,10.920,-0.303,0.011,0.954,-2.198,-0.456,-0.562,0.000,0.000,1.032,0.023,2,NULL,NULL,,4,0,0,7,255,,0,0,0
stim,8223,8223,0,907858.802,-0.603,0.210,0.033,-0.769,905,0,0,1447,0,84,0,211,47,0.026,394,0,18.650,2.247,10.600,10.840,10.860,-0.304,0.012,0.954,-2.202,-0.448,-0.568,0.000,0.000,1.032,0.023,2,NULL,NULL,,4,0,0,7,255,,0,0,0
stim,8223,8223,0,907863.803,-0.603,0.210,0.033,-0.769,896,0,0,1449,0,83,0,219,47,0.026,394,0,18.753,2.247,10.780,10.720,10.980,-0.305,0.015,0.956,-2.202,-0.446,-0.568,0.000,0.000,1.032,0.023,2,NULL,NULL,,4,0,0,7,255,,0,0,0
stim,8223,8223,0,907868.802,-0.604,0.210,0.033,-0.768,896,0,0,1451,0,81,0,224,47,0.026,394,0,18.823,2.243,10.780,10.780,11.040,-0.302,0.014,0.958,-2.198,-0.446,-0.548,0.000,0.000,1.032,0.023,2,NULL,NULL,,4,0,0,7,255,,0,0,0
stim,8223,8223,0,907873.802,-0.604,0.210,0.033,-0.768,896,0,0,1449,0,87,0,221,47,0.026,394,0,18.802,2.243,10.360,10.780,11.400,-0.304,0.015,0.958,-2.194,-0.466,-0.542,0.000,0.000,1.032,0.023,2,NULL,NULL,,4,0,0,7,255,,0,0,0
stim,8240,8240,0,907878.802,-0.605,0.210,0.034,-0.768,903,0,0,1451,0,85,0,225,47,0.026,394,0,18.777,2.243,10.240,10.660,11.580,-0.304,0.015,0.957,-2.194,-0.466,-0.540,0.000,0.000,1.032,0.023,2,NULL,NULL,,4,0,0,7,255,,0,0,0
stim,8240,8240,0,907883.802,-0.605,0.210,0.034,-0.768,904,0,0,1447,0,88,0,224,47,0.026,394,0,18.867,2.230,10.540,10.720,11.400,-0.305,0.016,0.953,-2.182,-0.458,-0.540,0.000,0.000,1.032,0.023,2,NULL,NULL,,4,0,0,7,255,,0,0,0
stim,8240,8240,0,907888.802,-0.605,0.210,0.034,-0.767,909,0,0,1450,0,83,0,233,47,0.026,394,0,19.070,2.221,10.840,10.780,11.400,-0.305,0.015,0.955,-2.176,-0.444,-0.550,0.000,0.000,1.032,0.023,2,NULL,NULL,,4,0,0,7,255,,0,0,0
stim,8240,8240,0,907893.802,-0.606,0.210,0.034,-0.767,917,0,0,1461,0,80,0,229,47,0.026,394,0,18.999,2.221,10.840,10.780,11.280,-0.303,0.015,0.957,-2.176,-0.444,-0.550,0.000,0.000,1.032,0.023,2,NULL,NULL,,4,0,0,7,255,,0,0,0
stim,8240,8240,0,907898.802,-0.606,0.210,0.034,-0.767,927,0,0,1469,0,85,0,229,47,0.026,394,0,19.108,2.226,10.780,10.780,11.520,-0.304,0.018,0.958,-2.176,-0.468,-0.544,0.000,0.000,1.032,0.023,2,NULL,NULL,,4,0,0,7,255,,0,0,0
stim,8240,8240,0,907903.802,-0.606,0.210,0.034,-0.766,911,0,0,1455,0,89,0,230,47,0.026,394,0,19.114,2.215,10.600,10.840,11.640,-0.303,0.019,0.956,-2.164,-0.474,-0.542,0.000,0.000,1.032,0.023,2,NULL,NULL,,4,0,0,7,255,,0,0,0
stim,8256,8256,0,907908.802,-0.607,0.210,0.034,-0.766,921,0,0,1467,0,89,0,235,47,0.026,394,0,19.117,2.215,10.660,10.720,11.700,-0.304,0.017,0.957,-2.164,-0.474,-0.538,0.000,0.000,1.032,0.023,2,NULL,NULL,,4,0,0,7,255,,0,0,0
stim,8256,8256,0,907913.802,-0.607,0.210,0.034,-0.766,921,0,0,1473,0,90,0,231,47,0.026,394,0,19.178,2.209,10.840,10.780,11.580,-0.305,0.017,0.955,-2.160,-0.464,-0.542,0.000,0.000,1.032,0.023,2,NULL,NULL,,4,0,0,7,255,,0,0,0
stim,8256,8256,0,907918.802,-0.607,0.210,0.034,-0.766,916,0,0,1464,0,93,0,229,47,0.026,394,0,19.351,2.209,11.080,10.780,11.640,-0.304,0.019,0.956,-2.160,-0.464,-0.538,0.000,0.000,1.032,0.023,2,NULL,NULL,,4,0,0,7,255,,0,0,0
stim,8256,8256,0,907923.802,-0.608,0.210,0.034,-0.765,923,0,0,1464,0,103,0,243,47,0.026,394,0,19.354,2.203,11.080,10.720,11.700,-0.304,0.020,0.957,-2.152,-0.470,-0.538,0.000,0.000,1.032,0.023,2,NULL,NULL,,4,0,0,7,255,,0,0,0
stim,8272,8272,0,907928.802,-0.608,0.210,0.034,-0.765,916,0,0,1470,0,103,0,235,47,0.026,394,0,19.300,2.201,10.780,10.840,11.780,-0.304,0.021,0.958,-2.148,-0.480,-0.530,0.000,0.000,1.032,0.023,2,NULL,NULL,,4,0,0,7,255,,0,0,0
stim,8272,8272,0,907933.802,-0.608,0.210,0.034,-0.765,919,0,0,1469,0,97,0,235,47,0.026,394,0,19.167,2.202,10.540,10.840,11.780,-0.303,0.019,0.957,-2.148,-0.484,-0.530,0.000,0.000,1.032,0.023,2,NULL,NULL,,4,0,0,7,255,,0,0,0
stim,8288,8288,0,907938.802,-0.609,0.210,0.034,-0.764,919,0,0,1470,0,100,0,246,47,0.026,394,0,19.278,2.194,10.540,10.840,11.960,-0.304,0.020,0.956,-2.140,-0.484,-0.542,0.000,0.000,1.032,0.023,2,NULL,NULL,,4,0,0,7,255,,0,0,0
stim,8288,8288,0,907943.802,-0.609,0.210,0.034,-0.764,931,0,0,1477,0,101,0,237,47,0.026,394,0,19.118,2.194,10.540,10.840,11.700,-0.304,0.023,0.955,-2.140,-0.484,-0.542,0.000,0.000,1.032,0.023,2,NULL,NULL,,4,0,0,7,255,,0,0,0
stim,8288,8288,0,907948.802,-0.610,0.210,0.034,-0.764,924,0,0,1472,0,102,0,245,47,0.026,394,0,19.182,2.171,10.660,10.900,11.640,-0.305,0.022,0.956,-2.118,-0.476,-0.542,0.000,0.000,1.032,0.023,2,NULL,NULL,,4,0,0,7,255,,0,0,0
stim,8288,8288,0,907953.802,-0.610,0.210,0.034,-0.763,928,0,0,1471,0,108,0,244,47,0.026,394,0,18.943,2.173,10.360,10.900,11.520,-0.304,0.021,0.958,-2.118,-0.484,-0.534,0.000,0.000,1.032,0.023,2,NULL,NULL,,4,0,0,7,255,,0,0,0
stim,8320,8320,0,907958.802,-0.610,0.210,0.034,-0.763,925,0,0,1483,0,107,0,249,47,0.026,394,0,18.740,2.189,9.980,10.840,11.580,-0.304,0.021,0.958,-2.134,-0.488,-0.518,0.000,0.000,1.032,0.023,2,NULL,NULL,,4,0,0,7,255,,0,0,0
stim,8320,8320,0,907963.803,-0.611,0.209,0.034,-0.763,932,0,0,1479,0,103,0,248,47,0.026,394,0,18.633,2.189,9.920,10.900,11.400,-0.304,0.022,0.956,-2.134,-0.488,-0.518,0.000,0.000,1.032,0.023,2,NULL,NULL,,4,0,0,7,255,,0,0,0
stim,8336,8336,0,907968.802,-0.611,0.209,0.034,-0.763,931,0,0,1480,0,108,0,251,47,0.026,394,0,18.746,2.189,9.920,10.840,11.640,-0.303,0.021,0.956,-2.134,-0.488,-0.538,0.000,0.000,1.032,0.023,2,NULL,NULL,,4,0,0,7,255,,0,0,0
stim,8336,8336,0,907973.802,-0.611,0.209,0.034,-0.762,943,0,0,1483,0,107,0,253,47,0.026,394,0,18.846,2.179,10.240,10.780,11.580,-0.304,0.023,0.956,-2.124,-0.488,-0.538,0.000,0.000,1.032,0.023,2,NULL,NULL,,4,0,0,7,255,,0,0,0
stim,8336,8336,0,907978.802,-0.612,0.209,0.034,-0.762,939,0,0,1485,0,112,0,263,47,0.026,394,0,18.664,2.167,10.180,10.900,11.220,-0.305,0.026,0.957,-2.110,-0.492,-0.530,0.000,0.000,1.032,0.023,2,NULL,NULL,,4,0,0,7,255,,0,0,0
stim,8336,8336,0,907983.802,-0.612,0.209,0.034,-0.762,933,0,0,1481,0,105,0,251,47,0.026,394,0,18.484,2.167,9.980,10.840,11.160,-0.302,0.022,0.959,-2.110,-0.492,-0.516,0.000,0.000,1.032,0.023,2,NULL,NULL,,4,0,0,7,255,,0,0,0
stim,8336,8336,0,907988.802,-0.612,0.209,0.034,-0.761,947,0,0,1483,0,112,0,265,47,0.026,394,0,18.580,2.197,9.680,10.900,11.520,-0.302,0.021,0.958,-2.136,-0.512,-0.516,0.000,0.000,1.032,0.023,2,NULL,NULL,,4,0,0,7,255,,0,0,0
stim,8336,8336,0,907993.802,-0.613,0.209,0.034,-0.761,944,0,0,1495,0,116,0,261,47,0.026,394,0,18.518,2.197,9.560,10.900,11.520,-0.304,0.023,0.957,-2.136,-0.512,-0.522,0.000,0.000,1.032,0.023,2,NULL,NULL,,4,0,0,7,255,,0,0,0
stim,8336,8336,0,907998.802,-0.613,0.209,0.034,-0.761,944,0,0,1495,0,117,0,261,47,0.026,394,0,18.377,2.169,9.500,10.840,11.400,-0.305,0.024,0.955,-2.112,-0.494,-0.526,0.000,0.000,1.032,0.023,2,NULL,NULL,,4,0,0,7,255,,0,0,0
stim,8336,8336,0,908003.802,-0.614,0.209,0.034,-0.761,939,0,0,1487,0,111,0,261,47,0.026,394,0,18.370,2.157,9.560,10.900,11.280,-0.304,0.027,0.956,-2.100,-0.494,-0.526,0.000,0.000,1.032,0.023,2,NULL,NULL,,4,0,0,7,255,,0,0,0
stim,8352,8352,0,908008.802,-0.614,0.209,0.034,-0.760,941,0,0,1483,0,110,0,261,47,0.026,394,0,18.295,2.156,9.560,10.960,11.100,-0.304,0.025,0.958,-2.096,-0.506,-0.526,0.000,0.000,1.032,0.023,2,NULL,NULL,,4,0,0,7,255,,0,0,0
stim,8352,8352,0,908013.802,-0.614,0.209,0.034,-0.760,940,0,0,1493,0,113,0,263,47,0.026,394,0,18.370,2.156,9.560,10.900,11.280,-0.303,0.023,0.958,-2.096,-0.506,-0.514,0.000,0.000,1.032,0.023,2,NULL,NULL,,4,0,0,7,255,,0,0,0
stim,8369,8369,0,908018.803,-0.615,0.209,0.034,-0.760,939,0,0,1495,0,112,0,263,47,0.026,394,0,18.166,2.160,9.380,10.900,11.100,-0.304,0.024,0.957,-2.100,-0.506,-0.514,0.000,0.000,1.032,0.023,2,NULL,NULL,,4,0,0,7,255,,0,0,0
stim,8369,8369,0,908023.802,-0.615,0.209,0.034,-0.760,940,0,0,1497,0,112,0,263,47,0.026,394,0,18.062,2.160,9.320,11.020,10.860,-0.305,0.026,0.957,-2.100,-0.504,-0.520,0.000,0.000,1.032,0.023,2,NULL,NULL,,4,0,0,7,255,,0,0,0
stim,8369,8369,0,908028.802,-0.615,0.209,0.034,-0.759,951,0,0,1485,0,112,0,271,47,0.026,394,0,17.891,2.156,9.200,10.900,10.800,-0.303,0.025,0.958,-2.096,-0.504,-0.520,0.000,0.000,1.032,0.023,2,NULL,NULL,,4,0,0,7,255,,0,0,0
stim,8369,8369,0,908033.802,-0.616,0.209,0.034,-0.759,942,0,0,1486,0,118,0,275,47,0.026,394,0,18.037,2.158,9.200,11.020,10.920,-0.303,0.023,0.956,-2.096,-0.512,-0.520,0.000,0.000,1.032,0.023,2,NULL,NULL,,4,0,0,7,255,,0,0,0
stim,8384,8384,0,908038.802,-0.616,0.209,0.035,-0.759,952,0,0,1493,0,119,0,267,47,0.026,394,0,17.903,2.162,9.080,11.020,10.800,-0.305,0.024,0.957,-2.100,-0.512,-0.522,0.000,0.000,1.032,0.023,2,NULL,NULL,,4,0,0,7,255,,0,0,0
stim,8384,8384,0,908043.802,-0.616,0.209,0.035,-0.758,941,0,0,1489,0,117,0,269,47,0.026,394,0,17.842,2.160,8.960,10.900,10.920,-0.304,0.025,0.956,-2.100,-0.506,-0.528,0.000,0.000,1.032,0.023,2,NULL,NULL,,4,0,0,7,255,,0,0,0
stim,8384,8384,0,908048.802,-0.617,0.209,0.035,-0.758,948,0,0,1489,0,126,0,275,47,0.026,394,0,17.849,2.153,8.900,11.020,10.860,-0.304,0.024,0.956,-2.094,-0.502,-0.528,0.000,0.000,1.032,0.023,2,NULL,NULL,,4,0,0,7,255,,0,0,0
stim,8415,8415,0,908053.802,-0.617,0.209,0.035,-0.758,947,0,0,1479,0,121,0,282,47,0.026,394,0,17.733,2.149,8.960,10.960,10.680,-0.306,0.024,0.956,-2.090,-0.502,-0.528,0.000,0.000,1.032,0.023,2,NULL,NULL,,4,0,0,7,255,,0,0,0
stim,8415,8415,0,908058.802,-0.618,0.209,0.035,-0.758,949,0,0,1488,0,124,0,280,47,0.026,394,0,17.620,2.149,8.900,11.020,10.480,-0.305,0.025,0.957,-2.090,-0.502,-0.524,0.000,0.000,1.032,0.023,2,NULL,NULL,,4,0,0,7,255,,0,0,0
stim,8415,8415,0,908063.803,-0.618,0.209,0.035,-0.757,957,0,0,1493,0,123,0,278,47,0.026,394,0,17.588,2.146,8.760,11.080,10.480,-0.306,0.024,0.957,-2.088,-0.494,-0.520,0.000,0.000,1.032,0.023,2,NULL,NULL,,4,0,0,7,255,,0,0,0
stim,8415,8415,0,908068.802,-0.618,0.209,0.035,-0.757,957,0,0,1495,0,121,0,283,47,0.026,394,0,17.509,2.142,8.820,11.020,10.360,-0.306,0.026,0.956,-2.084,-0.496,-0.516,0.000,0.000,1.032,0.023,2,NULL,NULL,,4,0,0,7,255,,0,0,0
stim,8437,8437,0,908073.802,-0.619,0.208,0.035,-0.757,955,0,0,1491,0,125,0,279,47,0.026,394,0,17.306,2.132,8.760,11.080,10.000,-0.305,0.026,0.958,-2.074,-0.496,-0.510,0.000,0.000,1.032,0.023,2,NULL,NULL,,4,0,0,7,255,,0,0,0
stim,8437,8437,0,908078.802,-0.619,0.208,0.035,-0.757,957,0,0,1505,0,135,0,281,47,0.026,394,0,17.108,2.136,8.580,11.020,9.880,-0.304,0.024,0.957,-2.074,-0.512,-0.516,0.000,0.000,1.032,0.023,2,NULL,NULL,,4,0,0,7,255,,0,0,0
stim,8438,8438,0,908083.802,-0.619,0.208,0.035,-0.756,959,0,0,1493,0,124,0,278,47,0.026,394,0,17.251,2.150,8.580,11.080,10.060,-0.302,0.023,0.957,-2.088,-0.512,-0.524,0.000,0.000,1.032,0.023,2,NULL,NULL,,4,0,0,7,255,,0,0,0
stim,8438,8438,0,908088.802,-0.620,0.208,0.035,-0.756,963,0,0,1499,0,132,0,277,47,0.026,394,0,17.218,2.150,8.520,11.020,10.120,-0.305,0.025,0.955,-2.088,-0.512,-0.528,0.000,0.000,1.032,0.023,2,NULL,NULL,,4,0,0,7,255,,0,0,0
stim,8439,8439,0,908093.802,-0.620,0.208,0.036,-0.756,957,0,0,1499,0,122,0,277,47,0.026,394,0,17.077,2.127,8.580,11.080,9.760,-0.307,0.028,0.957,-2.066,-0.504,-0.528,0.000,0.000,1.032,0.023,2,NULL,NULL,,4,0,0,7,255,,0,0,0
stim,8439,8439,0,908098.802,-0.620,0.208,0.036,-0.756,953,0,0,1499,0,124,0,281,47,0.026,394,0,16.666,2.118,8.400,11.020,9.260,-0.306,0.026,0.956,-2.058,-0.502,-0.518,0.000,0.000,1.032,0.023,2,NULL,NULL,,4,0,0,7,255,,0,0,0
stim,8439,8439,0,908103.802,-0.620,0.208,0.036,-0.755,956,0,0,1495,0,121,0,278,47,0.026,394,0,16.616,2.118,8.340,11.140,9.080,-0.302,0.023,0.956,-2.058,-0.502,-0.518,0.000,0.000,1.032,0.023,2,NULL,NULL,,4,0,0,7,255,,0,0,0
stim,8439,8439,0,908108.802,-0.621,0.208,0.036,-0.755,957,0,0,1497,0,115,0,281,47,0.026,394,0,16.709,2.137,8.340,11.080,9.320,-0.303,0.024,0.956,-2.070,-0.532,-0.534,0.000,0.000,1.032,0.023,2,NULL,NULL,,4,0,0,7,255,,0,0,0
stim,8448,8448,0,908113.802,-0.621,0.208,0.036,-0.755,963,0,0,1505,0,114,0,279,47,0.026,394,0,16.749,2.137,8.340,11.140,9.320,-0.305,0.025,0.957,-2.070,-0.532,-0.534,0.000,0.000,1.032,0.023,2,NULL,NULL,,4,0,0,7,255,,0,0,0
stim,8448,8448,0,908118.802,-0.621,0.208,0.036,-0.755,955,0,0,1493,0,115,0,271,47,0.026,394,0,16.722,2.126,8.340,11.200,9.200,-0.305,0.027,0.956,-2.060,-0.524,-0.518,0.000,0.000,1.032,0.023,2,NULL,NULL,,4,0,0,7,255,,0,0,0
stim,8470,8470,0,908123.802,-0.622,0.208,0.036,-0.754,965,0,0,1505,0,115,0,277,47,0.026,394,0,16.486,2.108,8.340,11.140,8.840,-0.305,0.027,0.957,-2.042,-0.524,-0.516,0.000,0.000,1.032,0.023,2,NULL,NULL,,4,0,0,7,255,,0,0,0
stim,8470,8470,0,908128.802,-0.622,0.208,0.036,-0.754,963,0,0,1501,0,117,0,277,47,0.026,394,0,16.396,2.109,8.160,11.140,8.840,-0.304,0.025,0.957,-2.042,-0.526,-0.518,0.000,0.000,1.032,0.023,2,NULL,NULL,,4,0,0,7,255,,0,0,0
stim,8470,8470,0,908133.802,-0.622,0.207,0.037,-0.754,969,0,0,1501,0,119,0,276,47,0.026,394,0,16.428,2.115,8.160,11.140,8.900,-0.304,0.025,0.956,-2.048,-0.528,-0.520,0.000,0.000,1.032,0.023,2,NULL,NULL,,4,0,0,7,255,,0,0,0
stim,8470,8470,0,908138.802,-0.623,0.207,0.037,-0.754,971,0,0,1507,0,111,0,274,47,0.026,394,0,16.524,2.123,8.220,11.140,9.020,-0.304,0.024,0.956,-2.056,-0.530,-0.526,0.000,0.000,1.032,0.023,2,NULL,NULL,,4,0,0,7,255,,0,0,0
stim,8481,8481,0,908143.802,-0.623,0.207,0.037,-0.753,966,0,0,1495,0,109,0,270,47,0.026,394,0,16.456,2.115,8.280,11.140,8.840,-0.306,0.025,0.956,-2.048,-0.528,-0.526,0.000,0.000,1.032,0.023,2,NULL,NULL,,4,0,0,7,255,,0,0,0
stim,8481,8481,0,908148.802,-0.623,0.207,0.037,-0.753,965,0,0,1501,0,121,0,279,47,0.026,394,0,16.369,2.108,8.280,11.200,8.600,-0.306,0.027,0.956,-2.042,-0.524,-0.518,0.000,0.000,1.032,0.023,2,NULL,NULL,,4,0,0,7,255,,0,0,0
stim,8528,8528,0,908153.802,-0.623,0.207,0.037,-0.753,969,0,0,1505,0,121,0,273,47,0.026,394,0,16.205,2.108,8.160,11.140,8.480,-0.303,0.025,0.958,-2.042,-0.524,-0.514,0.000,0.000,1.032,0.023,2,NULL,NULL,,4,0,0,7,255,,0,0,0
stim,8528,8528,0,908158.802,-0.624,0.207,0.037,-0.753,967,0,0,1498,0,119,0,269,47,0.026,394,0,16.238,2.122,8.100,11.140,8.600,-0.302,0.023,0.956,-2.050,-0.548,-0.514,0.000,0.000,1.032,0.023,2,NULL,NULL,,4,0,0,7,255,,0,0,0
stim,8528,8528,0,908163.803,-0.624,0.207,0.037,-0.753,969,0,0,1508,0,115,0,273,47,0.026,394,0,16.394,2.122,8.220,11.140,8.780,-0.305,0.024,0.955,-2.050,-0.548,-0.526,0.000,0.000,1.032,0.023,2,NULL,NULL,,4,0,0,7,255,,0,0,0
stim,8528,8528,0,908168.802,-0.624,0.207,0.038,-0.752,968,0,0,1500,0,116,0,275,47,0.026,394,0,16.424,2.113,8.280,11.140,8.780,-0.305,0.025,0.956,-2.044,-0.534,-0.526,0.000,0.000,1.032,0.023,2,NULL,NULL,,4,0,0,7,255,,0,0,0
stim,8544,8544,0,908173.802,-0.625,0.207,0.038,-0.752,968,0,0,1500,0,117,0,271,47,0.026,394,0,16.339,2.104,8.220,11.200,8.600,-0.305,0.026,0.956,-2.036,-0.532,-0.518,0.000,0.000,1.032,0.023,2,NULL,NULL,,4,0,0,7,255,,0,0,0
stim,8544,8544,0,908178.802,-0.625,0.207,0.038,-0.752,977,0,0,1509,0,119,0,269,47,0.026,394,0,16.235,2.104,8.220,11.140,8.480,-0.305,0.024,0.955,-2.036,-0.532,-0.518,0.000,0.000,1.032,0.023,2,NULL,NULL,,4,0,0,7,255,,0,0,0
stim,8544,8544,0,908183.802,-0.625,0.207,0.038,-0.752,967,0,0,1507,0,117,0,268,47,0.026,394,0,16.204,2.104,8.220,11.140,8.420,-0.304,0.023,0.957,-2.036,-0.532,-0.518,0.000,0.000,1.032,0.023,2,NULL,NULL,,4,0,0,7,255,,0,0,0
stim,8544,8544,0,908188.802,-0.625,0.206,0.038,-0.751,970,0,0,1497,0,109,0,266,47,0.026,394,0,16.267,2.106,8.220,11.140,8.540,-0.304,0.024,0.956,-2.036,-0.540,-0.524,0.000,0.000,1.032,0.023,2,NULL,NULL,,4,0,0,7,255,,0,0,0
stim,8544,8544,0,908193.802,-0.626,0.206,0.038,-0.751,973,0,0,1508,0,119,0,267,47,0.026,394,0,16.328,2.107,8.280,11.140,8.600,-0.304,0.023,0.955,-2.036,-0.542,-0.524,0.000,0.000,1.032,0.023,2,NULL,NULL,,4,0,0,7,255,,0,0,0
stim,8544,8544,0,908198.802,-0.626,0.206,0.038,-0.751,971,0,0,1517,0,110,0,261,47,0.026,394,0,16.328,2.101,8.280,11.140,8.600,-0.305,0.025,0.956,-2.030,-0.542,-0.524,0.000,0.000,1.032,0.023,2,NULL,NULL,,4,0,0,7,255,,0,0,0
stim,8544,8544,0,908203.802,-0.626,0.206,0.039,-0.751,967,0,0,1504,0,108,0,263,47,0.026,394,0,16.266,2.091,8.280,11.140,8.480,-0.305,0.025,0.957,-2.020,-0.542,-0.514,0.000,0.000,1.032,0.023,2,NULL,NULL,,4,0,0,7,255,,0,0,0
stim,8544,8544,0,908208.802,-0.627,0.206,0.039,-0.751,960,0,0,1503,0,117,0,264,47,0.026,394,0,16.163,2.090,8.220,11.080,8.420,-0.306,0.024,0.956,-2.018,-0.542,-0.510,0.000,0.000,1.032,0.023,2,NULL,NULL,,4,0,0,7,255,,0,0,0
stim,8544,8544,0,908213.802,-0.627,0.206,0.039,-0.750,971,0,0,1508,0,110,0,264,47,0.026,394,0,16.173,2.090,8.160,11.140,8.420,-0.304,0.025,0.956,-2.018,-0.544,-0.510,0.000,0.000,1.032,0.023,2,NULL,NULL,,4,0,0,7,255,,0,0,0
stim,8559,8559,0,908218.803,-0.627,0.206,0.039,-0.750,965,0,0,1500,0,107,0,253,47,0.026,394,0,16.234,2.085,8.280,11.140,8.420,-0.305,0.025,0.957,-2.012,-0.548,-0.510,0.000,0.000,1.032,0.023,2,NULL,NULL,,4,0,0,7,255,,0,0,0
stim,8559,8559,0,908223.802,-0.627,0.206,0.039,-0.750,968,0,0,1509,0,119,0,253,47,0.026,394,0,16.265,2.087,8.340,11.140,8.420,-0.303,0.024,0.957,-2.012,-0.556,-0.516,0.000,0.000,1.032,0.023,2,NULL,NULL,,4,0,0,7,255,,0,0,0
stim,8559,8559,0,908228.802,-0.628,0.206,0.039,-0.750,979,0,0,1507,0,109,0,263,47,0.026,394,0,16.276,2.095,8.220,11.200,8.480,-0.304,0.023,0.956,-2.020,-0.554,-0.516,0.000,0.000,1.032,0.023,2,NULL,NULL,,4,0,0,7,255,,0,0,0
stim,8559,8559,0,908233.802,-0.628,0.206,0.039,-0.749,967,0,0,1509,0,109,0,253,47,0.026,394,0,16.173,2.095,8.160,11.140,8.420,-0.304,0.024,0.955,-2.020,-0.554,-0.524,0.000,0.000,1.032,0.023,2,NULL,NULL,,4,0,0,7,255,,0,0,0
stim,8575,8575,0,908238.802,-0.628,0.206,0.039,-0.749,967,0,0,1513,0,108,0,251,47,0.026,394,0,16.267,2.083,8.220,11.140,8.540,-0.304,0.024,0.955,-2.008,-0.554,-0.524,0.000,0.000,1.032,0.023,2,NULL,NULL,,4,0,0,7,255,,0,0,0
stim,8575,8575,0,908243.802,-0.629,0.205,0.040,-0.749,979,0,0,1515,0,119,0,261,47,0.026,394,0,16.327,2.080,8.340,11.140,8.540,-0.305,0.023,0.954,-2.006,-0.550,-0.526,0.000,0.000,1.032,0.023,2,NULL,NULL,,4,0,0,7,255,,0,0,0
stim,8592,8592,0,908248.802,-0.629,0.205,0.040,-0.749,970,0,0,1504,0,116,0,263,47,0.026,394,0,16.297,2.079,8.280,11.140,8.540,-0.305,0.024,0.956,-2.006,-0.546,-0.524,0.000,0.000,1.032,0.023,2,NULL,NULL,,4,0,0,7,255,,0,0,0
stim,8592,8592,0,908253.802,-0.629,0.205,0.040,-0.749,981,0,0,1513,0,115,0,251,47,0.026,394,0,16.287,2.079,8.340,11.080,8.540,-0.304,0.023,0.956,-2.006,-0.546,-0.516,0.000,0.000,1.032,0.023,2,NULL,NULL,,4,0,0,7,255,,0,0,0
stim,8623,8623,0,908258.802,-0.629,0.205,0.040,-0.748,979,0,0,1511,0,109,0,251,47,0.026,394,0,16.309,2.084,8.340,11.020,8.660,-0.303,0.023,0.956,-2.008,-0.558,-0.516,0.000,0.000,1.032,0.023,2,NULL,NULL,,4,0,0,7,255,,0,0,0
stim,8623,8623,0,908263.803,-0.630,0.205,0.040,-0.748,975,0,0,1515,0,107,0,261,47,0.026,394,0,16.414,2.086,8.340,11.080,8.780,-0.305,0.022,0.956,-2.010,-0.558,-0.520,0.000,0.000,1.032,0.023,2,NULL,NULL,,4,0,0,7,255,,0,0,0
stim,8623,8623,0,908268.802,-0.630,0.205,0.040,-0.748,979,0,0,1518,0,107,0,261,47,0.026,394,0,16.444,2.084,8.400,11.080,8.780,-0.305,0.024,0.954,-2.010,-0.552,-0.524,0.000,0.000,1.032,0.023,2,NULL,NULL,,4,0,0,7,255,,0,0,0
stim,8623,8623,0,908273.802,-0.630,0.205,0.040,-0.748,974,0,0,1515,0,115,0,261,47,0.026,394,0,16.475,2.073,8.460,11.080,8.780,-0.305,0.023,0.956,-1.998,-0.552,-0.520,0.000,0.000,1.032,0.023,2,NULL,NULL,,4,0,0,7,255,,0,0,0
stim,8623,8623,0,908278.802,-0.631,0.205,0.041,-0.747,974,0,0,1510,0,108,0,254,47,0.026,394,0,16.475,2.073,8.460,11.080,8.780,-0.305,0.023,0.956,-1.998,-0.552,-0.516,0.000,0.000,1.032,0.023,2,NULL,NULL,,4,0,0,7,255,,0,0,0
stim,8623,8623,0,908283.802,-0.631,0.205,0.041,-0.747,972,0,0,1507,0,112,0,256,47,0.026,394,0,16.507,2.074,8.460,11.080,8.840,-0.304,0.025,0.955,-1.998,-0.558,-0.516,0.000,0.000,1.032,0.023,2,NULL,NULL,,4,0,0,7,255,,0,0,0
stim,8640,8640,0,908288.802,-0.631,0.205,0.041,-0.747,981,0,0,1511,0,107,0,256,47,0.026,394,0,16.561,2.060,8.580,11.020,8.900,-0.305,0.024,0.956,-1.982,-0.560,-0.516,0.000,0.000,1.032,0.023,2,NULL,NULL,,4,0,0,7,255,,0,0,0
stim,8640,8640,0,908293.802,-0.632,0.205,0.041,-0.747,981,0,0,1513,0,113,0,253,47,0.026,394,0,16.530,2.060,8.520,11.020,8.900,-0.304,0.024,0.956,-1.980,-0.568,-0.512,0.000,0.000,1.032,0.023,2,NULL,NULL,,4,0,0,7,255,,0,0,0
stim,8640,8640,0,908298.802,-0.632,0.205,0.041,-0.747,974,0,0,1507,0,107,0,250,47,0.026,394,0,16.530,2.060,8.520,11.020,8.900,-0.304,0.025,0.956,-1.980,-0.570,-0.510,0.000,0.000,1.032,0.023,2,NULL,NULL,,4,0,0,7,255,,0,0,0
stim,8640,8640,0,908303.802,-0.632,0.204,0.041,-0.746,981,0,0,1521,0,112,0,249,47,0.026,394,0,16.529,2.055,8.580,11.020,8.840,-0.306,0.024,0.956,-1.974,-0.570,-0.510,0.000,0.000,1.032,0.023,2,NULL,NULL,,4,0,0,7,255,,0,0,0
stim,8656,8656,0,908308.802,-0.632,0.204,0.041,-0.746,973,0,0,1512,0,105,0,259,47,0.026,394,0,16.458,2.051,8.520,10.960,8.840,-0.304,0.025,0.955,-1.970,-0.572,-0.510,0.000,0.000,1.032,0.023,2,NULL,NULL,,4,0,0,7,255,,0,0,0
stim,8656,8656,0,908313.802,-0.633,0.204,0.041,-0.746,975,0,0,1519,0,107,0,249,47,0.026,394,0,16.530,2.046,8.520,11.020,8.900,-0.304,0.026,0.956,-1.964,-0.572,-0.510,0.000,0.000,1.032,0.023,2,NULL,NULL,,4,0,0,7,255,,0,0,0
stim,8656,8656,0,908318.802,-0.633,0.204,0.041,-0.746,981,0,0,1515,0,115,0,255,47,0.026,394,0,16.624,2.043,8.640,11.020,8.960,-0.304,0.026,0.955,-1.960,-0.578,-0.518,0.000,0.000,1.032,0.023,2,NULL,NULL,,4,0,0,7,255,,0,0,0
stim,8656,8656,0,908323.802,-0.633,0.204,0.042,-0.745,983,0,0,1518,0,109,0,251,47,0.026,394,0,16.562,2.040,8.520,11.020,8.960,-0.305,0.027,0.957,-1.956,-0.578,-0.510,0.000,0.000,1.032,0.023,2,NULL,NULL,,4,0,0,7,255,,0,0,0
stim,8671,8671,0,908328.802,-0.634,0.204,0.042,-0.745,977,0,0,1515,0,111,0,251,47,0.026,394,0,16.523,2.040,8.520,10.960,8.960,-0.304,0.025,0.957,-1.956,-0.578,-0.502,0.000,0.000,1.032,0.023,2,NULL,NULL,,4,0,0,7,255,,0,0,0
stim,8671,8671,0,908333.802,-0.634,0.204,0.042,-0.745,981,0,0,1515,0,111,0,252,47,0.026,394,0,16.602,2.040,8.520,11.080,8.960,-0.304,0.025,0.956,-1.956,-0.580,-0.502,0.000,0.000,1.032,0.023,2,NULL,NULL,,4,0,0,7,255,,0,0,0
stim,8671,8671,0,908338.802,-0.634,0.204,0.042,-0.745,975,0,0,1515,0,117,0,251,47,0.026,394,0,16.564,2.050,8.460,11.020,9.020,-0.304,0.024,0.957,-1.966,-0.582,-0.506,0.000,0.000,1.032,0.023,2,NULL,NULL,,4,0,0,7,255,,0,0,0
stim,8671,8671,0,908343.802,-0.634,0.204,0.042,-0.744,980,0,0,1527,0,108,0,250,47,0.026,394,0,16.588,2.046,8.520,10.960,9.080,-0.304,0.024,0.955,-1.962,-0.580,-0.508,0.000,0.000,1.032,0.023,2,NULL,NULL,,4,0,0,7,255,,0,0,0
stim,8719,8719,0,908348.802,-0.635,0.204,0.042,-0.744,983,0,0,1518,0,119,0,252,47,0.026,394,0,16.628,2.044,8.520,11.020,9.080,-0.305,0.024,0.955,-1.962,-0.574,-0.514,0.000,0.000,1.032,0.023,2,NULL,NULL,,4,0,0,7,255,,0,0,0
stim,8719,8719,0,908353.802,-0.635,0.204,0.042,-0.744,980,0,0,1524,0,107,0,248,47,0.026,394,0,16.555,2.038,8.520,10.960,9.020,-0.304,0.024,0.956,-1.956,-0.574,-0.514,0.000,0.000,1.032,0.023,2,NULL,NULL,,4,0,0,7,255,,0,0,0
stim,8719,8719,0,908358.802,-0.635,0.204,0.042,-0.744,984,0,0,1523,0,115,0,259,47,0.026,394,0,16.628,2.042,8.520,11.020,9.080,-0.304,0.025,0.956,-1.956,-0.586,-0.514,0.000,0.000,1.032,0.023,2,NULL,NULL,,4,0,0,7,255,,0,0,0
stim,8719,8719,0,908363.803,-0.636,0.204,0.042,-0.743,983,0,0,1516,0,110,0,262,47,0.026,394,0,16.621,2.043,8.520,10.960,9.140,-0.303,0.024,0.955,-1.956,-0.590,-0.514,0.000,0.000,1.032,0.023,2,NULL,NULL,,4,0,0,7,255,,0,0,0
stim,8719,8719,0,908368.802,-0.636,0.204,0.042,-0.743,981,0,0,1525,0,109,0,259,47,0.026,394,0,16.804,2.045,8.520,11.020,9.400,-0.305,0.023,0.955,-1.958,-0.590,-0.516,0.000,0.000,1.032,0.023,2,NULL,NULL,,4,0,0,7,255,,0,0,0
stim,8719,8719,0,908373.802,-0.636,0.203,0.043,-0.743,979,0,0,1515,0,107,0,249,47,0.026,394,0,16.896,2.042,8.700,11.020,9.400,-0.306,0.024,0.956,-1.958,-0.578,-0.516,0.000,0.000,1.032,0.023,2,NULL,NULL,,4,0,0,7,255,,0,0,0
stim,8719,8719,0,908378.802,-0.637,0.203,0.043,-0.743,985,0,0,1517,0,109,0,249,47,0.026,394,0,16.956,2.037,8.900,11.020,9.320,-0.306,0.027,0.955,-1.954,-0.576,-0.510,0.000,0.000,1.032,0.023,2,NULL,NULL,,4,0,0,7,255,,0,0,0
stim,8736,8736,0,908383.802,-0.637,0.203,0.043,-0.742,972,0,0,1508,0,109,0,249,47,0.026,394,0,16.994,2.010,8.960,11.080,9.260,-0.306,0.026,0.956,-1.926,-0.576,-0.502,0.000,0.000,1.032,0.023,2,NULL,NULL,,4,0,0,7,255,,0,0,0
stim,8736,8736,0,908388.802,-0.637,0.203,0.043,-0.742,987,0,0,1523,0,111,0,251,47,0.026,394,0,16.858,2.010,8.900,11.020,9.140,-0.306,0.026,0.958,-1.926,-0.576,-0.500,0.000,0.000,1.032,0.023,2,NULL,NULL,,4,0,0,7,255,,0,0,0
stim,8736,8736,0,908393.802,-0.637,0.203,0.043,-0.742,987,0,0,1516,0,109,0,261,47,0.026,394,0,16.650,2.017,8.640,10.960,9.080,-0.306,0.026,0.958,-1.930,-0.586,-0.486,0.000,0.000,1.032,0.023,2,NULL,NULL,,4,0,0,7,255,,0,0,0
stim,8736,8736,0,908398.802,-0.638,0.203,0.043,-0.742,981,0,0,1517,0,116,0,249,47,0.026,394,0,16.548,2.018,8.520,10.900,9.080,-0.305,0.026,0.956,-1.930,-0.590,-0.486,0.000,0.000,1.032,0.023,2,NULL,NULL,,4,0,0,7,255,,0,0,0
stim,8736,8736,0,908403.802,-0.638,0.203,0.043,-0.742,981,0,0,1516,0,117,0,248,47,0.026,394,0,16.581,2.016,8.520,10.900,9.140,-0.305,0.026,0.956,-1.928,-0.590,-0.504,0.000,0.000,1.032,0.023,2,NULL,NULL,,4,0,0,7,255,,0,0,0
stim,8764,8764,0,908408.802,-0.638,0.203,0.043,-0.741,981,0,0,1517,0,117,0,249,47,0.026,394,0,16.642,2.014,8.700,10.900,9.080,-0.305,0.026,0.956,-1.926,-0.590,-0.504,0.000,0.000,1.032,0.023,2,NULL,NULL,,4,0,0,7,255,,0,0,0
stim,8764,8764,0,908413.802,-0.639,0.203,0.043,-0.741,985,0,0,1517,0,107,0,252,47,0.026,394,0,16.642,2.007,8.700,10.900,9.080,-0.305,0.027,0.957,-1.918,-0.590,-0.502,0.000,0.000,1.032,0.023,2,NULL,NULL,,4,0,0,7,255,,0,0,0
stim,8765,8765,0,908418.803,-0.639,0.203,0.043,-0.741,982,0,0,1526,0,112,0,248,47,0.026,394,0,16.545,2.004,8.640,10.900,8.960,-0.304,0.027,0.956,-1.914,-0.594,-0.500,0.000,0.000,1.032,0.023,2,NULL,NULL,,4,0,0,7,255,,0,0,0
stim,8765,8765,0,908423.802,-0.639,0.203,0.044,-0.741,983,0,0,1514,0,117,0,259,47,0.026,394,0,16.557,2.007,8.460,10.960,9.080,-0.304,0.026,0.956,-1.914,-0.604,-0.500,0.000,0.000,1.032,0.023,2,NULL,NULL,,4,0,0,7,255,,0,0,0
stim,8765,8765,0,908428.802,-0.639,0.203,0.044,-0.740,987,0,0,1525,0,116,0,259,47,0.026,394,0,16.588,2.009,8.520,10.960,9.080,-0.305,0.026,0.955,-1.916,-0.604,-0.508,0.000,0.000,1.032,0.023,2,NULL,NULL,,4,0,0,7,255,,0,0,0
stim,8769,8769,0,908433.802,-0.640,0.203,0.044,-0.740,973,0,0,1510,0,109,0,247,47,0.026,394,0,16.555,2.008,8.520,10.960,9.020,-0.305,0.026,0.956,-1.916,-0.600,-0.508,0.000,0.000,1.032,0.023,2,NULL,NULL,,4,0,0,7,255,,0,0,0
stim,8783,8783,0,908438.802,-0.640,0.203,0.044,-0.740,985,0,0,1514,0,109,0,256,47,0.026,394,0,16.421,2.008,8.400,10.900,8.960,-0.303,0.026,0.957,-1.916,-0.600,-0.504,0.000,0.000,1.032,0.023,2,NULL,NULL,,4,0,0,7,255,,0,0,0
stim,8783,8783,0,908443.802,-0.640,0.203,0.044,-0.740,979,0,0,1515,0,108,0,259,47,0.026,394,0,16.524,2.005,8.460,10.960,9.020,-0.304,0.026,0.956,-1.912,-0.604,-0.504,0.000,0.000,1.032,0.023,2,NULL,NULL,,4,0,0,7,255,,0,0,0
stim,8783,8783,0,908448.802,-0.641,0.202,0.044,-0.739,987,0,0,1527,0,113,0,251,47,0.026,394,0,16.490,2.011,8.340,10.900,9.140,-0.304,0.025,0.956,-1.918,-0.606,-0.502,0.000,0.000,1.032,0.023,2,NULL,NULL,,4,0,0,7,255,,0,0,0
stim,8820,8820,0,908453.802,-0.641,0.202,0.044,-0.739,976,0,0,1511,0,116,0,255,47,0.026,394,0,16.553,2.005,8.400,10.900,9.200,-0.306,0.025,0.955,-1.912,-0.604,-0.506,0.000,0.000,1.032,0.023,2,NULL,NULL,,4,0,0,7,255,,0,0,0
stim,8820,8820,0,908458.802,-0.641,0.202,0.044,-0.739,983,0,0,1514,0,118,0,256,47,0.026,394,0,16.518,2.000,8.460,10.900,9.080,-0.306,0.026,0.956,-1.910,-0.592,-0.502,0.000,0.000,1.032,0.023,2,NULL,NULL,,4,0,0,7,255,,0,0,0
stim,8821,8821,0,908463.803,-0.641,0.202,0.044,-0.739,980,0,0,1512,0,112,0,250,47,0.026,394,0,16.386,1.996,8.520,10.900,8.780,-0.306,0.026,0.957,-1.906,-0.592,-0.496,0.000,0.000,1.032,0.023,2,NULL,NULL,,4,0,0,7,255,,0,0,0
stim,8821,8821,0,908468.802,-0.642,0.202,0.045,-0.738,981,0,0,1517,0,111,0,262,47,0.026,394,0,16.291,1.999,8.400,10.900,8.720,-0.305,0.025,0.957,-1.906,-0.602,-0.490,0.000,0.000,1.032,0.023,2,NULL,NULL,,4,0,0,7,255,,0,0,0
stim,8822,8822,0,908473.802,-0.642,0.202,0.045,-0.738,985,0,0,1517,0,115,0,255,47,0.026,394,0,16.365,2.001,8.340,10.960,8.840,-0.304,0.025,0.955,-1.906,-0.610,-0.490,0.000,0.000,1.032,0.023,2,NULL,NULL,,4,0,0,7,255,,0,0,0
stim,8822,8822,0,908478.802,-0.642,0.202,0.045,-0.738,983,0,0,1517,0,115,0,251,47,0.026,394,0,16.459,2.000,8.460,10.960,8.900,-0.305,0.027,0.956,-1.904,-0.612,-0.496,0.000,0.000,1.032,0.023,2,NULL,NULL,,4,0,0,7,255,,0,0,0
stim,8831,8831,0,908483.802,-0.643,0.202,0.045,-0.738,987,0,0,1525,0,115,0,256,47,0.026,394,0,16.490,1.987,8.520,10.960,8.900,-0.305,0.027,0.957,-1.890,-0.612,-0.496,0.000,0.000,1.032,0.023,2,NULL,NULL,,4,0,0,7,255,,0,0,0
stim,8831,8831,0,908488.802,-0.643,0.202,0.045,-0.737,983,0,0,1517,0,112,0,264,47,0.026,394,0,16.355,1.987,8.460,10.900,8.780,-0.305,0.026,0.956,-1.890,-0.612,-0.496,0.000,0.000,1.032,0.023,2,NULL,NULL,,4,0,0,7,255,,0,0,0
stim,8831,8831,0,908493.802,-0.643,0.202,0.045,-0.737,982,0,0,1527,0,121,0,252,47,0.026,394,0,16.269,1.986,8.340,10.960,8.660,-0.306,0.027,0.957,-1.890,-0.610,-0.488,0.000,0.000,1.032,0.023,2,NULL,NULL,,4,0,0,7,255,,0,0,0
stim,8831,8831,0,908498.802,-0.643,0.202,0.045,-0.737,986,0,0,1527,0,115,0,259,47,0.026,394,0,16.269,1.984,8.340,10.960,8.660,-0.304,0.026,0.957,-1.888,-0.610,-0.494,0.000,0.000,1.032,0.023,2,NULL,NULL,,4,0,0,7,255,,0,0,0
stim,8851,8851,0,908503.802,-0.644,0.202,0.045,-0.737,983,0,0,1525,0,118,0,259,47,0.026,394,0,16.269,1.982,8.340,10.960,8.660,-0.304,0.027,0.957,-1.882,-0.622,-0.494,0.000,0.000,1.032,0.023,2,NULL,NULL,,4,0,0,7,255,,0,0,0
stim,8851,8851,0,908508.802,-0.644,0.202,0.045,-0.737,993,0,0,1517,0,116,0,253,47,0.026,394,0,16.270,1.988,8.280,10.960,8.720,-0.305,0.025,0.955,-1.888,-0.622,-0.494,0.000,0.000,1.032,0.023,2,NULL,NULL,,4,0,0,7,255,,0,0,0
stim,8851,8851,0,908513.802,-0.644,0.202,0.046,-0.736,984,0,0,1525,0,115,0,261,47,0.026,394,0,16.196,1.985,8.340,10.900,8.600,-0.306,0.025,0.955,-1.888,-0.612,-0.502,0.000,0.000,1.032,0.023,2,NULL,NULL,,4,0,0,7,255,,0,0,0
stim,8851,8851,0,908518.802,-0.645,0.201,0.046,-0.736,981,0,0,1520,0,121,0,269,47,0.026,394,0,16.174,1.985,8.340,10.960,8.480,-0.305,0.026,0.957,-1.888,-0.612,-0.502,0.000,0.000,1.032,0.023,2,NULL,NULL,,4,0,0,7,255,,0,0,0
stim,8864,8864,0,908523.802,-0.645,0.201,0.046,-0.736,987,0,0,1529,0,111,0,269,47,0.026,394,0,16.081,1.983,8.220,10.960,8.420,-0.304,0.025,0.955,-1.884,-0.618,-0.502,0.000,0.000,1.032,0.023,2,NULL,NULL,,4,0,0,7,255,,0,0,0
stim,8864,8864,0,908528.802,-0.645,0.201,0.046,-0.736,985,0,0,1517,0,123,0,271,47,0.026,394,0,16.153,1.983,8.220,11.020,8.480,-0.304,0.025,0.956,-1.884,-0.620,-0.498,0.000,0.000,1.032,0.023,2,NULL,NULL,,4,0,0,7,255,,0,0,0
stim,8886,8886,0,908533.802,-0.645,0.201,0.046,-0.735,987,0,0,1523,0,112,0,266,47,0.026,394,0,16.174,1.985,8.280,10.960,8.540,-0.304,0.025,0.957,-1.884,-0.624,-0.498,0.000,0.000,1.032,0.023,2,NULL,NULL,,4,0,0,7,255,,0,0,0
stim,8886,8886,0,908538.802,-0.646,0.201,0.046,-0.735,984,0,0,1527,0,111,0,269,47,0.026,394,0,16.154,1.985,8.160,11.020,8.540,-0.305,0.025,0.956,-1.884,-0.624,-0.498,0.000,0.000,1.032,0.023,2,NULL,NULL,,4,0,0,7,255,,0,0,0
stim,8886,8886,0,908543.802,-0.646,0.201,0.046,-0.735,982,0,0,1520,0,115,0,268,47,0.026,394,0,16.092,1.985,8.100,11.020,8.480,-0.303,0.025,0.956,-1.882,-0.632,-0.498,0.000,0.000,1.032,0.023,2,NULL,NULL,,4,0,0,7,255,,0,0,0
stim,8886,8886,0,908548.802,-0.646,0.201,0.046,-0.735,981,0,0,1515,0,112,0,267,47,0.026,394,0,16.123,1.985,8.160,11.020,8.480,-0.304,0.026,0.957,-1.882,-0.632,-0.498,0.000,0.000,1.032,0.023,2,NULL,NULL,,4,0,0,7,255,,0,0,0
stim,8930,8930,0,908553.802,-0.646,0.201,0.046,-0.735,983,0,0,1518,0,107,0,272,47,0.026,394,0,16.132,1.976,8.160,11.080,8.420,-0.304,0.027,0.955,-1.872,-0.632,-0.502,0.000,0.000,1.032,0.023,2,NULL,NULL,,4,0,0,7,255,,0,0,0
stim,8930,8930,0,908558.802,-0.647,0.201,0.047,-0.734,983,0,0,1519,0,109,0,268,47,0.026,394,0,16.162,1.972,8.280,11.080,8.360,-0.302,0.026,0.957,-1.868,-0.632,-0.498,0.000,0.000,1.032,0.023,2,NULL,NULL,,4,0,0,7,255,,0,0,0
stim,8930,8930,0,908563.803,-0.647,0.201,0.047,-0.734,987,0,0,1519,0,109,0,269,47,0.026,394,0,16.091,1.973,8.160,11.020,8.420,-0.304,0.026,0.957,-1.866,-0.640,-0.498,0.000,0.000,1.032,0.023,2,NULL,NULL,,4,0,0,7,255,,0,0,0
stim,8930,8930,0,908568.802,-0.647,0.201,0.047,-0.734,985,0,0,1516,0,108,0,275,47,0.026,394,0,16.133,1.973,8.100,11.080,8.480,-0.303,0.025,0.954,-1.866,-0.640,-0.498,0.000,0.000,1.032,0.023,2,NULL,NULL,,4,0,0,7,255,,0,0,0
stim,8930,8930,0,908573.802,-0.648,0.201,0.047,-0.734,986,0,0,1519,0,107,0,268,47,0.026,394,0,16.205,1.972,8.160,11.140,8.480,-0.304,0.025,0.956,-1.866,-0.638,-0.502,0.000,0.000,1.032,0.023,2,NULL,NULL,,4,0,0,7,255,,0,0,0
stim,8930,8930,0,908578.802,-0.648,0.200,0.047,-0.733,988,0,0,1525,0,110,0,265,47,0.026,394,0,16.164,1.969,8.160,11.080,8.480,-0.306,0.025,0.956,-1.864,-0.634,-0.502,0.000,0.000,1.032,0.023,2,NULL,NULL,,4,0,0,7,255,,0,0,0
stim,8930,8930,0,908583.802,-0.648,0.200,0.047,-0.733,984,0,0,1529,0,110,0,267,47,0.026,394,0,16.132,1.970,8.160,11.080,8.420,-0.303,0.024,0.956,-1.864,-0.638,-0.502,0.000,0.000,1.032,0.023,2,NULL,NULL,,4,0,0,7,255,,0,0,0
stim,8930,8930,0,908588.802,-0.648,0.200,0.047,-0.733,980,0,0,1527,0,113,0,261,47,0.026,394,0,16.164,1.976,8.160,11.080,8.480,-0.304,0.024,0.955,-1.870,-0.638,-0.506,0.000,0.000,1.032,0.023,2,NULL,NULL,,4,0,0,7,255,,0,0,0
stim,8930,8930,0,908593.802,-0.649,0.200,0.047,-0.733,988,0,0,1519,0,111,0,264,47,0.026,394,0,16.164,1.977,8.160,11.080,8.480,-0.303,0.025,0.955,-1.870,-0.642,-0.508,0.000,0.000,1.032,0.023,2,NULL,NULL,,4,0,0,7,255,,0,0,0
stim,8930,8930,0,908598.802,-0.649,0.200,0.048,-0.732,989,0,0,1531,0,113,0,267,47,0.026,394,0,16.194,1.968,8.220,11.080,8.480,-0.304,0.024,0.956,-1.862,-0.638,-0.508,0.000,0.000,1.032,0.023,2,NULL,NULL,,4,0,0,7,255,,0,0,0
stim,8930,8930,0,908603.802,-0.649,0.200,0.048,-0.732,983,0,0,1527,0,108,0,261,47,0.026,394,0,16.194,1.964,8.220,11.080,8.480,-0.305,0.024,0.955,-1.858,-0.638,-0.502,0.000,0.000,1.032,0.023,2,NULL,NULL,,4,0,0,7,255,,0,0,0
stim,8951,8951,0,908608.802,-0.649,0.200,0.048,-0.732,987,0,0,1527,0,112,0,252,47,0.026,394,0,16.256,1.968,8.280,11.080,8.540,-0.304,0.024,0.956,-1.862,-0.638,-0.500,0.000,0.000,1.032,0.023,2,NULL,NULL,,4,0,0,7,255,,0,0,0
stim,8951,8951,0,908613.802,-0.650,0.200,0.048,-0.732,987,0,0,1528,0,108,0,259,47,0.026,394,0,16.256,1.965,8.280,11.080,8.540,-0.304,0.025,0.955,-1.858,-0.640,-0.502,0.000,0.000,1.032,0.023,2,NULL,NULL,,4,0,0,7,255,,0,0,0
stim,8952,8952,0,908618.803,-0.650,0.200,0.048,-0.732,985,0,0,1526,0,116,0,267,47,0.026,394,0,16.225,1.963,8.280,11.080,8.480,-0.304,0.024,0.956,-1.854,-0.644,-0.500,0.000,0.000,1.032,0.023,2,NULL,NULL,,4,0,0,7,255,,0,0,0
stim,8952,8952,0,908623.802,-0.650,0.200,0.048,-0.731,986,0,0,1531,0,109,0,261,47,0.026,394,0,16.194,1.959,8.220,11.080,8.480,-0.305,0.024,0.956,-1.850,-0.644,-0.496,0.000,0.000,1.032,0.023,2,NULL,NULL,,4,0,0,7,255,,0,0,0
stim,8976,8976,0,908628.802,-0.651,0.200,0.048,-0.731,987,0,0,1519,0,107,0,267,47,0.026,394,0,16.193,1.959,8.280,11.080,8.420,-0.304,0.024,0.955,-1.850,-0.644,-0.496,0.000,0.000,1.032,0.023,2,NULL,NULL,,4,0,0,7,255,,0,0,0
stim,8976,8976,0,908633.802,-0.651,0.200,0.048,-0.731,989,0,0,1527,0,112,0,253,47,0.026,394,0,16.194,1.956,8.220,11.080,8.480,-0.304,0.025,0.955,-1.846,-0.646,-0.504,0.000,0.000,1.032,0.023,2,NULL,NULL,,4,0,0,7,255,,0,0,0
stim,8976,8976,0,908638.802,-0.651,0.200,0.049,-0.731,991,0,0,1540,0,107,0,253,47,0.026,394,0,16.225,1.953,8.280,11.080,8.480,-0.305,0.025,0.957,-1.842,-0.648,-0.504,0.000,0.000,1.032,0.023,2,NULL,NULL,,4,0,0,7,255,,0,0,0
stim,8976,8976,0,908643.802,-0.651,0.200,0.049,-0.730,991,0,0,1525,0,117,0,263,47,0.026,394,0,16.162,1.949,8.280,11.080,8.360,-0.305,0.025,0.956,-1.838,-0.648,-0.490,0.000,0.000,1.032,0.023,2,NULL,NULL,,4,0,0,7,255,,0,0,0
stim,8991,8991,0,908648.802,-0.652,0.199,0.049,-0.730,992,0,0,1531,0,113,0,253,47,0.026,394,0,16.255,1.945,8.340,11.080,8.480,-0.302,0.025,0.955,-1.834,-0.648,-0.490,0.000,0.000,1.032,0.023,2,NULL,NULL,,4,0,0,7,255,,0,0,0
stim,8991,8991,0,908653.802,-0.652,0.199,0.049,-0.730,985,0,0,1528,0,108,0,251,47,0.026,394,0,16.255,1.945,8.340,11.080,8.480,-0.304,0.025,0.956,-1.832,-0.654,-0.492,0.000,0.000,1.032,0.023,2,NULL,NULL,,4,0,0,7,255,,0,0,0
stim,9024,9024,0,908658.802,-0.652,0.199,0.049,-0.730,987,0,0,1520,0,112,0,255,47,0.026,394,0,16.246,1.947,8.340,11.020,8.540,-0.304,0.025,0.957,-1.832,-0.658,-0.492,0.000,0.000,1.032,0.023,2,NULL,NULL,,4,0,0,7,255,,0,0,0
stim,9024,9024,0,908663.803,-0.652,0.199,0.049,-0.730,986,0,0,1520,0,107,0,256,47,0.026,394,0,16.225,1.945,8.280,11.080,8.480,-0.305,0.025,0.957,-1.832,-0.654,-0.488,0.000,0.000,1.032,0.023,2,NULL,NULL,,4,0,0,7,255,,0,0,0
stim,9024,9024,0,908668.802,-0.653,0.199,0.049,-0.729,987,0,0,1527,0,108,0,251,47,0.026,394,0,16.224,1.945,8.340,11.080,8.420,-0.305,0.025,0.956,-1.832,-0.652,-0.488,0.000,0.000,1.032,0.023,2,NULL,NULL,,4,0,0,7,255,,0,0,0
stim,9024,9024,0,908673.802,-0.653,0.199,0.049,-0.729,984,0,0,1530,0,105,0,259,47,0.026,394,0,16.287,1.941,8.340,11.080,8.540,-0.304,0.025,0.956,-1.828,-0.652,-0.492,0.000,0.000,1.032,0.023,2,NULL,NULL,,4,0,0,7,255,,0,0,0
stim,9024,9024,0,908678.802,-0.653,0.199,0.049,-0.729,991,0,0,1528,0,112,0,249,47,0.026,394,0,16.277,1.940,8.340,11.020,8.600,-0.304,0.024,0.954,-1.826,-0.656,-0.492,0.000,0.000,1.032,0.023,2,NULL,NULL,,4,0,0,7,255,,0,0,0
stim,9024,9024,0,908683.802,-0.654,0.199,0.050,-0.729,983,0,0,1527,0,105,0,253,47,0.026,394,0,16.268,1.940,8.400,10.960,8.600,-0.304,0.024,0.955,-1.826,-0.656,-0.500,0.000,0.000,1.032,0.023,2,NULL,NULL,,4,0,0,7,255,,0,0,0
stim,9039,9039,0,908688.802,-0.654,0.199,0.050,-0.728,991,0,0,1529,0,105,0,251,47,0.026,394,0,16.309,1.940,8.340,11.020,8.660,-0.306,0.024,0.956,-1.826,-0.656,-0.500,0.000,0.000,1.032,0.023,2,NULL,NULL,,4,0,0,7,255,,0,0,0
stim,9039,9039,0,908693.802,-0.654,0.199,0.050,-0.728,994,0,0,1524,0,107,0,254,47,0.026,394,0,16.300,1.940,8.400,10.960,8.660,-0.304,0.024,0.954,-1.826,-0.656,-0.500,0.000,0.000,1.032,0.023,2,NULL,NULL,,4,0,0,7,255,,0,0,0
stim,9039,9039,0,908698.802,-0.654,0.199,0.050,-0.728,987,0,0,1525,0,109,0,254,47,0.026,394,0,16.363,1.942,8.460,10.960,8.720,-0.304,0.024,0.955,-1.826,-0.660,-0.502,0.000,0.000,1.032,0.023,2,NULL,NULL,,4,0,0,7,255,,0,0,0
stim,9039,9039,0,908703.802,-0.655,0.199,0.050,-0.728,987,0,0,1525,0,119,0,259,47,0.026,394,0,16.395,1.943,8.460,10.960,8.780,-0.304,0.024,0.956,-1.826,-0.664,-0.502,0.000,0.000,1.032,0.023,2,NULL,NULL,,4,0,0,7,255,,0,0,0
stim,9055,9055,0,908708.802,-0.655,0.199,0.050,-0.727,985,0,0,1530,0,115,0,247,47,0.026,394,0,16.426,1.943,8.520,10.960,8.780,-0.304,0.024,0.954,-1.826,-0.664,-0.502,0.000,0.000,1.032,0.023,2,NULL,NULL,,4,0,0,7,255,,0,0,0
stim,9055,9055,0,908713.802,-0.655,0.199,0.050,-0.727,995,0,0,1527,0,113,0,249,47,0.026,394,0,16.458,1.933,8.520,10.960,8.840,-0.305,0.025,0.955,-1.818,-0.658,-0.500,0.000,0.000,1.032,0.023,2,NULL,NULL,,4,0,0,7,255,,0,0,0
stim,9055,9055,0,908718.802,-0.655,0.199,0.050,-0.727,996,0,0,1540,0,117,0,249,47,0.026,394,0,16.481,1.933,8.580,10.900,8.900,-0.304,0.024,0.956,-1.818,-0.658,-0.500,0.000,0.000,1.032,0.023,2,NULL,NULL,,4,0,0,7,255,,0,0,0
stim,9055,9055,0,908723.802,-0.656,0.198,0.050,-0.727,988,0,0,1543,0,107,0,249,47,0.026,394,0,16.514,1.933,8.580,10.900,8.960,-0.304,0.024,0.956,-1.814,-0.668,-0.494,0.000,0.000,1.032,0.023,2,NULL,NULL,,4,0,0,7,255,,0,0,0
stim,9055,9055,0,908728.802,-0.656,0.198,0.050,-0.726,987,0,0,1531,0,111,0,248,47,0.026,394,0,16.514,1.934,8.580,10.900,8.960,-0.303,0.025,0.955,-1.814,-0.672,-0.494,0.000,0.000,1.032,0.023,2,NULL,NULL,,4,0,0,7,255,,0,0,0
stim,9071,9071,0,908733.802,-0.656,0.198,0.051,-0.726,982,0,0,1520,0,111,0,252,47,0.026,394,0,16.514,1.926,8.580,10.900,8.960,-0.305,0.025,0.955,-1.806,-0.668,-0.494,0.000,0.000,1.032,0.023,2,NULL,NULL,,4,0,0,7,255,,0,0,0
stim,9071,9071,0,908738.802,-0.657,0.198,0.051,-0.726,993,0,0,1527,0,107,0,256,47,0.026,394,0,16.505,1.928,8.700,10.840,8.900,-0.304,0.025,0.957,-1.806,-0.674,-0.494,0.000,0.000,1.032,0.023,2,NULL,NULL,,4,0,0,7,255,,0,0,0
stim,9087,9087,0,908743.802,-0.657,0.198,0.051,-0.726,989,0,0,1529,0,107,0,249,47,0.026,394,0,16.545,1.922,8.640,10.900,8.960,-0.304,0.026,0.956,-1.800,-0.674,-0.490,0.000,0.000,1.032,0.023,2,NULL,NULL,,4,0,0,7,255,,0,0,0
stim,9087,9087,0,908748.802,-0.657,0.198,0.051,-0.725,991,0,0,1541,0,113,0,251,47,0.026,394,0,16.545,1.916,8.640,10.900,8.960,-0.303,0.026,0.958,-1.794,-0.674,-0.484,0.000,0.000,1.032,0.023,2,NULL,NULL,,4,0,0,7,255,,0,0,0
stim,9119,9119,0,908753.802,-0.657,0.198,0.051,-0.725,991,0,0,1519,0,109,0,253,47,0.026,394,0,16.617,1.919,8.640,10.960,9.020,-0.304,0.027,0.956,-1.794,-0.680,-0.490,0.000,0.000,1.032,0.023,2,NULL,NULL,,4,0,0,7,255,,0,0,0
stim,9119,9119,0,908758.802,-0.658,0.198,0.051,-0.725,995,0,0,1541,0,115,0,253,47,0.026,394,0,16.538,1.915,8.640,10.840,9.020,-0.305,0.026,0.957,-1.790,-0.680,-0.478,0.000,0.000,1.032,0.023,2,NULL,NULL,,4,0,0,7,255,,0,0,0
stim,9119,9119,0,908763.803,-0.658,0.198,0.051,-0.725,989,0,0,1527,0,112,0,249,47,0.026,394,0,16.548,1.912,8.520,10.900,9.080,-0.305,0.025,0.955,-1.790,-0.672,-0.490,0.000,0.000,1.032,0.023,2,NULL,NULL,,4,0,0,7,255,,0,0,0
stim,9119,9119,0,908768.802,-0.658,0.198,0.051,-0.724,995,0,0,1527,0,109,0,252,47,0.026,394,0,16.578,1.911,8.640,10.900,9.020,-0.305,0.025,0.956,-1.790,-0.668,-0.488,0.000,0.000,1.032,0.023,2,NULL,NULL,,4,0,0,7,255,,0,0,0
stim,9119,9119,0,908773.802,-0.659,0.198,0.051,-0.724,991,0,0,1523,0,117,0,247,47,0.026,394,0,16.577,1.911,8.700,10.900,8.960,-0.305,0.026,0.955,-1.790,-0.668,-0.492,0.000,0.000,1.032,0.023,2,NULL,NULL,,4,0,0,7,255,,0,0,0
stim,9119,9119,0,908778.802,-0.659,0.198,0.051,-0.724,997,0,0,1539,0,110,0,253,47,0.026,394,0,16.585,1.913,8.640,10.960,8.960,-0.304,0.025,0.956,-1.790,-0.674,-0.488,0.000,0.000,1.032,0.023,2,NULL,NULL,,4,0,0,7,255,,0,0,0
stim,9135,9135,0,908783.802,-0.659,0.198,0.051,-0.724,989,0,0,1527,0,109,0,251,47,0.026,394,0,16.579,1.908,8.580,10.900,9.080,-0.304,0.025,0.955,-1.784,-0.678,-0.492,0.000,0.000,1.032,0.023,2,NULL,NULL,,4,0,0,7,255,,0,0,0
stim,9135,9135,0,908788.802,-0.659,0.198,0.052,-0.723,991,0,0,1531,0,112,0,263,47,0.026,394,0,16.573,1.914,8.580,10.840,9.140,-0.303,0.025,0.954,-1.788,-0.682,-0.500,0.000,0.000,1.032,0.023,2,NULL,NULL,,4,0,0,7,255,,0,0,0
stim,9135,9135,0,908793.802,-0.660,0.198,0.052,-0.723,991,0,0,1541,0,115,0,253,47,0.026,394,0,16.604,1.911,8.640,10.840,9.140,-0.304,0.027,0.956,-1.784,-0.684,-0.500,0.000,0.000,1.032,0.023,2,NULL,NULL,,4,0,0,7,255,,0,0,0
stim,9135,9135,0,908798.802,-0.660,0.198,0.052,-0.723,995,0,0,1544,0,111,0,259,47,0.026,394,0,16.675,1.911,8.700,10.900,9.140,-0.304,0.025,0.956,-1.784,-0.684,-0.488,0.000,0.000,1.032,0.023,2,NULL,NULL,,4,0,0,7,255,,0,0,0
stim,9135,9135,0,908803.802,-0.660,0.198,0.052,-0.723,989,0,0,1527,0,111,0,263,47,0.026,394,0,16.668,1.911,8.700,10.840,9.200,-0.304,0.025,0.955,-1.784,-0.684,-0.488,0.000,0.000,1.032,0.023,2,NULL,NULL,,4,0,0,7,255,,0,0,0
stim,9135,9135,0,908808.802,-0.661,0.198,0.052,-0.722,991,0,0,1531,0,111,0,256,47,0.026,394,0,16.643,1.911,8.640,10.900,9.140,-0.304,0.027,0.957,-1.784,-0.686,-0.486,0.000,0.000,1.032,0.023,2,NULL,NULL,,4,0,0,7,255,,0,0,0
stim,9151,9151,0,908813.802,-0.661,0.197,0.052,-0.722,995,0,0,1543,0,111,0,253,47,0.026,394,0,16.707,1.897,8.700,10.900,9.200,-0.304,0.026,0.955,-1.768,-0.688,-0.496,0.000,0.000,1.032,0.023,2,NULL,NULL,,4,0,0,7,255,,0,0,0
stim,9151,9151,0,908818.803,-0.661,0.197,0.052,-0.722,993,0,0,1525,0,115,0,264,47,0.026,394,0,16.683,1.897,8.640,10.960,9.140,-0.305,0.026,0.956,-1.768,-0.688,-0.482,0.000,0.000,1.032,0.023,2,NULL,NULL,,4,0,0,7,255,,0,0,0
stim,9167,9167,0,908823.802,-0.661,0.197,0.052,-0.722,987,0,0,1539,0,109,0,261,47,0.026,394,0,16.737,1.898,8.820,10.900,9.140,-0.305,0.025,0.955,-1.770,-0.686,-0.494,0.000,0.000,1.032,0.023,2,NULL,NULL,,4,0,0,7,255,,0,0,0
stim,9167,9167,0,908828.802,-0.662,0.197,0.052,-0.721,987,0,0,1527,0,113,0,263,47,0.026,394,0,16.812,1.898,8.900,10.900,9.200,-0.303,0.026,0.958,-1.770,-0.686,-0.482,0.000,0.000,1.032,0.023,2,NULL,NULL,,4,0,0,7,255,,0,0,0
stim,9167,9167,0,908833.802,-0.662,0.197,0.052,-0.721,990,0,0,1528,0,119,0,263,47,0.026,394,0,16.845,1.903,8.900,10.900,9.260,-0.303,0.026,0.956,-1.770,-0.700,-0.492,0.000,0.000,1.032,0.023,2,NULL,NULL,,4,0,0,7,255,,0,0,0
stim,9167,9167,0,908838.802,-0.662,0.197,0.052,-0.721,989,0,0,1527,0,119,0,263,47,0.026,394,0,16.845,1.903,8.900,10.900,9.260,-0.304,0.025,0.956,-1.770,-0.700,-0.488,0.000,0.000,1.032,0.023,2,NULL,NULL,,4,0,0,7,255,,0,0,0
stim,9183,9183,0,908843.802,-0.662,0.197,0.052,-0.721,989,0,0,1544,0,121,0,265,47,0.026,394,0,16.772,1.906,8.760,10.900,9.260,-0.304,0.025,0.957,-1.774,-0.698,-0.488,0.000,0.000,1.032,0.023,2,NULL,NULL,,4,0,0,7,255,,0,0,0
stim,9183,9183,0,908848.802,-0.663,0.197,0.052,-0.720,989,0,0,1531,0,119,0,267,47,0.026,394,0,16.709,1.906,8.640,10.900,9.260,-0.304,0.027,0.956,-1.774,-0.698,-0.482,0.000,0.000,1.032,0.023,2,NULL,NULL,,4,0,0,7,255,,0,0,0
stim,9215,9215,0,908853.802,-0.663,0.197,0.053,-0.720,987,0,0,1540,0,123,0,264,47,0.026,394,0,16.709,1.891,8.640,10.900,9.260,-0.304,0.027,0.956,-1.758,-0.696,-0.482,0.000,0.000,1.032,0.023,2,NULL,NULL,,4,0,0,7,255,,0,0,0
stim,9215,9215,0,908858.802,-0.663,0.197,0.053,-0.720,987,0,0,1519,0,115,0,265,47,0.026,394,0,16.743,1.891,8.640,10.900,9.320,-0.303,0.026,0.955,-1.758,-0.698,-0.486,0.000,0.000,1.032,0.023,2,NULL,NULL,,4,0,0,7,255,,0,0,0
stim,9215,9215,0,908863.803,-0.664,0.197,0.053,-0.720,989,0,0,1531,0,122,0,261,47,0.026,394,0,16.852,1.894,8.700,11.020,9.320,-0.304,0.025,0.956,-1.758,-0.704,-0.486,0.000,0.000,1.032,0.023,2,NULL,NULL,,4,0,0,7,255,,0,0,0
stim,9215,9215,0,908868.802,-0.664,0.197,0.053,-0.719,990,0,0,1539,0,121,0,265,47,0.026,394,0,16.874,1.900,8.580,11.080,9.400,-0.303,0.026,0.957,-1.764,-0.706,-0.486,0.000,0.000,1.032,0.023,2,NULL,NULL,,4,0,0,7,255,,0,0,0
stim,9215,9215,0,908873.802,-0.664,0.197,0.053,-0.719,989,0,0,1525,0,111,0,267,47,0.026,394,0,16.833,1.899,8.520,10.960,9.520,-0.304,0.027,0.957,-1.764,-0.704,-0.486,0.000,0.000,1.032,0.023,2,NULL,NULL,,4,0,0,7,255,,0,0,0
stim,9215,9215,0,908878.802,-0.664,0.197,0.053,-0.719,999,0,0,1539,0,119,0,273,47,0.026,394,0,16.757,1.888,8.580,11.020,9.260,-0.305,0.028,0.955,-1.752,-0.704,-0.486,0.000,0.000,1.032,0.023,2,NULL,NULL,,4,0,0,7,255,,0,0,0
stim,9215,9215,0,908883.802,-0.665,0.197,0.053,-0.719,991,0,0,1531,0,119,0,267,47,0.026,394,0,16.721,1.871,8.700,11.020,9.080,-0.304,0.029,0.957,-1.734,-0.704,-0.478,0.000,0.000,1.032,0.023,2,NULL,NULL,,4,0,0,7,255,,0,0,0
stim,9231,9231,0,908888.802,-0.665,0.197,0.053,-0.718,987,0,0,1531,0,113,0,263,47,0.026,394,0,16.691,1.874,8.580,11.020,9.140,-0.304,0.026,0.957,-1.734,-0.710,-0.476,0.000,0.000,1.032,0.023,2,NULL,NULL,,4,0,0,7,255,,0,0,0
stim,9231,9231,0,908893.802,-0.665,0.197,0.053,-0.718,992,0,0,1543,0,121,0,265,47,0.026,394,0,16.739,1.888,8.400,11.080,9.320,-0.303,0.027,0.957,-1.748,-0.714,-0.476,0.000,0.000,1.032,0.023,2,NULL,NULL,,4,0,0,7,255,,0,0,0
stim,9231,9231,0,908898.802,-0.666,0.197,0.053,-0.718,989,0,0,1529,0,111,0,263,47,0.026,394,0,16.675,1.887,8.340,11.080,9.260,-0.306,0.027,0.956,-1.748,-0.710,-0.478,0.000,0.000,1.032,0.023,2,NULL,NULL,,4,0,0,7,255,,0,0,0
stim,9231,9231,0,908903.802,-0.666,0.197,0.053,-0.718,989,0,0,1541,0,123,0,265,47,0.026,394,0,16.564,1.876,8.460,11.020,9.020,-0.305,0.029,0.956,-1.740,-0.702,-0.478,0.000,0.000,1.032,0.023,2,NULL,NULL,,4,0,0,7,255,,0,0,0
stim,9247,9247,0,908908.802,-0.666,0.197,0.054,-0.717,993,0,0,1519,0,110,0,267,47,0.026,394,0,16.507,1.867,8.460,11.080,8.840,-0.305,0.028,0.957,-1.730,-0.702,-0.474,0.000,0.000,1.032,0.023,2,NULL,NULL,,4,0,0,7,255,,0,0,0
stim,9247,9247,0,908913.802,-0.666,0.197,0.054,-0.717,989,0,0,1527,0,119,0,265,47,0.026,394,0,16.468,1.870,8.400,11.020,8.900,-0.303,0.027,0.957,-1.730,-0.710,-0.474,0.000,0.000,1.032,0.023,2,NULL,NULL,,4,0,0,7,255,,0,0,0
stim,9247,9247,0,908918.802,-0.667,0.197,0.054,-0.717,984,0,0,1519,0,114,0,266,47,0.026,394,0,16.473,1.879,8.280,11.020,9.020,-0.304,0.027,0.957,-1.738,-0.714,-0.476,0.000,0.000,1.032,0.023,2,NULL,NULL,,4,0,0,7,255,,0,0,0
stim,9247,9247,0,908923.802,-0.667,0.196,0.054,-0.717,991,0,0,1528,0,112,0,273,47,0.026,394,0,16.543,1.879,8.340,11.080,9.020,-0.306,0.027,0.956,-1.738,-0.714,-0.480,0.000,0.000,1.032,0.023,2,NULL,NULL,,4,0,0,7,255,,0,0,0
stim,9263,9263,0,908928.802,-0.667,0.196,0.054,-0.716,995,0,0,1527,0,119,0,265,47,0.026,394,0,16.468,1.875,8.400,11.020,8.900,-0.305,0.026,0.955,-1.738,-0.704,-0.480,0.000,0.000,1.032,0.023,2,NULL,NULL,,4,0,0,7,255,,0,0,0
stim,9263,9263,0,908933.802,-0.668,0.196,0.054,-0.716,989,0,0,1530,0,112,0,267,47,0.026,394,0,16.404,1.875,8.400,11.020,8.780,-0.303,0.026,0.956,-1.738,-0.704,-0.490,0.000,0.000,1.032,0.023,2,NULL,NULL,,4,0,0,7,255,,0,0,0
stim,9279,9279,0,908938.802,-0.668,0.196,0.054,-0.716,989,0,0,1529,0,111,0,271,47,0.026,394,0,16.403,1.881,8.460,11.020,8.720,-0.305,0.026,0.957,-1.740,-0.714,-0.490,0.000,0.000,1.032,0.023,2,NULL,NULL,,4,0,0,7,255,,0,0,0
stim,9279,9279,0,908943.802,-0.668,0.196,0.054,-0.716,989,0,0,1541,0,119,0,266,47,0.026,394,0,16.364,1.884,8.400,10.960,8.780,-0.304,0.028,0.956,-1.740,-0.722,-0.480,0.000,0.000,1.032,0.023,2,NULL,NULL,,4,0,0,7,255,,0,0,0
stim,9279,9279,0,908948.802,-0.668,0.196,0.054,-0.715,988,0,0,1523,0,122,0,265,47,0.026,394,0,16.309,1.862,8.340,11.020,8.660,-0.306,0.028,0.956,-1.720,-0.714,-0.476,0.000,0.000,1.032,0.023,2,NULL,NULL,,4,0,0,7,255,,0,0,0
stim,9279,9279,0,908953.802,-0.669,0.196,0.054,-0.715,995,0,0,1541,0,111,0,275,47,0.026,394,0,16.259,1.866,8.400,10.900,8.660,-0.304,0.027,0.957,-1.720,-0.724,-0.476,0.000,0.000,1.032,0.023,2,NULL,NULL,,4,0,0,7,255,,0,0,0
stim,9311,9311,0,908958.802,-0.669,0.196,0.055,-0.715,991,0,0,1525,0,113,0,265,47,0.026,394,0,16.269,1.867,8.340,10.960,8.660,-0.304,0.027,0.956,-1.722,-0.722,-0.476,0.000,0.000,1.032,0.023,2,NULL,NULL,,4,0,0,7,255,,0,0,0
stim,9311,9311,0,908963.803,-0.669,0.196,0.055,-0.715,992,0,0,1543,0,120,0,265,47,0.026,394,0,16.270,1.869,8.280,10.960,8.720,-0.304,0.027,0.957,-1.722,-0.726,-0.476,0.000,0.000,1.032,0.023,2,NULL,NULL,,4,0,0,7,255,,0,0,0
stim,9311,9311,0,908968.802,-0.669,0.196,0.055,-0.714,986,0,0,1527,0,109,0,271,47,0.026,394,0,16.208,1.867,8.220,10.960,8.660,-0.305,0.027,0.956,-1.722,-0.722,-0.478,0.000,0.000,1.032,0.023,2,NULL,NULL,,4,0,0,7,255,,0,0,0
stim,9311,9311,0,908973.802,-0.670,0.196,0.055,-0.714,991,0,0,1541,0,120,0,267,47,0.026,394,0,16.177,1.869,8.160,10.960,8.660,-0.304,0.027,0.955,-1.722,-0.726,-0.480,0.000,0.000,1.032,0.023,2,NULL,NULL,,4,0,0,7,255,,0,0,0
stim,9311,9311,0,908978.802,-0.670,0.196,0.055,-0.714,986,0,0,1520,0,120,0,269,47,0.026,394,0,16.176,1.862,8.220,10.960,8.600,-0.305,0.028,0.956,-1.716,-0.722,-0.480,0.000,0.000,1.032,0.023,2,NULL,NULL,,4,0,0,7,255,,0,0,0
stim,9311,9311,0,908983.802,-0.670,0.196,0.055,-0.714,990,0,0,1527,0,117,0,277,47,0.026,394,0,16.113,1.858,8.160,10.960,8.540,-0.304,0.028,0.956,-1.710,-0.726,-0.478,0.000,0.000,1.032,0.023,2,NULL,NULL,,4,0,0,7,255,,0,0,0
stim,9344,9344,0,908988.802,-0.670,0.196,0.055,-0.714,1001,0,0,1529,0,112,0,278,47,0.026,394,0,16.154,1.858,8.160,11.020,8.540,-0.304,0.028,0.957,-1.708,-0.732,-0.474,0.000,0.000,1.032,0.023,2,NULL,NULL,,4,0,0,7,255,,0,0,0
stim,9344,9344,0,908993.802,-0.671,0.196,0.055,-0.713,1000,0,0,1535,0,115,0,275,47,0.026,394,0,16.154,1.862,8.160,11.020,8.540,-0.303,0.026,0.956,-1.710,-0.736,-0.478,0.000,0.000,1.032,0.023,2,NULL,NULL,,4,0,0,7,255,,0,0,0
stim,9344,9344,0,908998.802,-0.671,0.196,0.055,-0.713,990,0,0,1528,0,119,0,277,47,0.026,394,0,16.156,1.871,8.100,11.020,8.600,-0.304,0.026,0.956,-1.720,-0.736,-0.484,0.000,0.000,1.032,0.023,2,NULL,NULL,,4,0,0,7,255,,0,0,0
stim,9344,9344,0,909003.802,-0.671,0.196,0.055,-0.713,989,0,0,1527,0,121,0,276,47,0.026,394,0,16.188,1.869,8.100,11.020,8.660,-0.304,0.026,0.956,-1.720,-0.732,-0.484,0.000,0.000,1.032,0.023,2,NULL,NULL,,4,0,0,7,255,,0,0,0
stim,9344,9344,0,909008.802,-0.672,0.195,0.056,-0.713,1001,0,0,1530,0,123,0,280,47,0.026,394,0,16.252,1.868,8.100,11.020,8.780,-0.306,0.026,0.956,-1.720,-0.728,-0.484,0.000,0.000,1.032,0.023,2,NULL,NULL,,4,0,0,7,255,,0,0,0
stim,9344,9344,0,909013.802,-0.672,0.195,0.056,-0.712,1001,0,0,1543,0,114,0,281,47,0.026,394,0,16.248,1.862,8.220,11.020,8.660,-0.306,0.027,0.955,-1.718,-0.718,-0.480,0.000,0.000,1.032,0.023,2,NULL,NULL,,4,0,0,7,255,,0,0,0
stim,9359,9359,0,909018.803,-0.672,0.195,0.056,-0.712,1000,0,0,1543,0,115,0,276,47,0.026,394,0,16.184,1.845,8.280,11.020,8.480,-0.305,0.027,0.956,-1.700,-0.718,-0.478,0.000,0.000,1.032,0.023,2,NULL,NULL,,4,0,0,7,255,,0,0,0
stim,9359,9359,0,909023.802,-0.672,0.195,0.056,-0.712,991,0,0,1530,0,115,0,280,47,0.026,394,0,16.152,1.849,8.280,11.020,8.420,-0.305,0.027,0.957,-1.700,-0.726,-0.472,0.000,0.000,1.032,0.023,2,NULL,NULL,,4,0,0,7,255,,0,0,0
stim,9375,9375,0,909028.802,-0.673,0.195,0.056,-0.712,1003,0,0,1541,0,113,0,279,47,0.026,394,0,16.153,1.852,8.220,11.020,8.480,-0.303,0.025,0.957,-1.700,-0.734,-0.472,0.000,0.000,1.032,0.023,2,NULL,NULL,,4,0,0,7,255,,0,0,0
stim,9375,9375,0,909033.803,-0.673,0.195,0.056,-0.711,997,0,0,1531,0,120,0,281,47,0.026,394,0,16.216,1.868,8.220,11.020,8.600,-0.304,0.025,0.956,-1.718,-0.734,-0.480,0.000,0.000,1.032,0.023,2,NULL,NULL,,4,0,0,7,255,,0,0,0
stim,9375,9375,0,909038.802,-0.673,0.195,0.056,-0.711,1000,0,0,1525,0,123,0,279,47,0.026,394,0,16.247,1.868,8.280,11.020,8.600,-0.305,0.027,0.955,-1.718,-0.734,-0.482,0.000,0.000,1.032,0.023,2,NULL,NULL,,4,0,0,7,255,,0,0,0
stim,9375,9375,0,909043.802,-0.673,0.195,0.056,-0.711,995,0,0,1533,0,117,0,279,47,0.026,394,0,16.152,1.847,8.340,11.020,8.360,-0.305,0.028,0.956,-1.696,-0.732,-0.482,0.000,0.000,1.032,0.023,2,NULL,NULL,,4,0,0,7,255,,0,0,0
