condition_phase,condition_phase_elapsed_ms,condition_elapsed_ms,is_stimulation_on,t_ms,L_q0,L_q1,L_q2,L_q3,L_heel1,L_mid1,L_fore1,L_heel2,L_fore3,L_mid2,L_fore4,L_fore2,L_cadence,L_speed,L_steps,L_zupt,L_gyroNorm,L_accH,L_gyro_x,L_gyro_y,L_gyro_z,L_acc_x,L_acc_y,L_acc_z,L_nav_ax,L_nav_ay,L_nav_az,L_stepVel,L_stepVelj,L_stepDispRaw,L_stepDispZUPT,L_gaitEvent,L_stepTimeMs,L_stepDeviationMs,L_baselineMs,L_motorMode,L_motorActive,L_motorAlignment,L_motorRegionMask,L_motorAmplitude,L_motorIntervalMs,L_motorDurationMs,L_motorPhaseMs,L_motorCycleMs
stim,0,0,0,3270976.818,0.572,-0.039,-0.108,-0.812,43,68,82,63,11,0,45,45,0,0.000,0,0,0.115,0.006,0.080,0.020,-0.080,0.003,0.025,1.003,0.002,-0.006,0.006,0.000,0.000,0.000,0.000,0,NULL,NULL,1070.000,1,0,3,7,255,,250,0,0
stim,0,0,0,3270981.816,0.572,-0.039,-0.108,-0.812,75,67,61,69,17,0,46,43,0,0.000,0,0,0.085,0.006,0.080,0.020,-0.020,0.003,0.026,1.003,-0.002,-0.006,0.006,0.000,0.000,0.000,0.000,0,NULL,NULL,,1,0,3,7,255,,250,0,0
stim,28,28,0,3270986.816,0.572,-0.039,-0.108,-0.812,73,63,62,69,17,0,45,43,0,0.000,0,0,0.115,0.006,0.080,0.020,-0.080,0.003,0.024,1.002,-0.002,-0.006,0.006,0.000,0.000,0.000,0.000,0,NULL,NULL,,1,0,3,7,255,,250,0,0
stim,28,28,0,3270991.816,0.572,-0.039,-0.108,-0.812,84,71,83,69,19,0,45,43,0,0.000,0,0,0.115,0.008,0.080,0.020,-0.080,0.002,0.025,1.003,0.000,-0.008,0.002,0.000,0.000,0.000,0.000,0,NULL,NULL,,1,0,3,7,255,,250,0,0
stim,31,31,0,3270996.816,0.572,-0.039,-0.108,-0.812,57,90,55,39,31,0,61,17,0,0.000,0,0,0.085,0.002,0.080,0.020,-0.020,0.003,0.025,1.003,0.000,-0.002,0.002,0.000,0.000,0.000,0.000,0,NULL,NULL,,1,0,3,7,255,,250,0,0
stim,31,31,0,3271001.816,0.572,-0.039,-0.108,-0.812,83,87,77,68,20,0,39,42,0,0.000,0,0,0.092,0.002,0.080,-0.040,-0.020,0.004,0.024,1.002,0.000,-0.002,0.002,0.000,0.000,0.000,0.000,0,NULL,NULL,,1,0,3,7,255,,250,0,0
stim,31,31,0,3271006.816,0.572,-0.039,-0.108,-0.812,83,89,50,69,18,0,40,23,0,0.000,0,0,0.085,0.007,0.080,0.020,-0.020,0.004,0.026,1.002,-0.004,0.006,-0.004,0.000,0.000,0.000,0.000,0,NULL,NULL,,1,0,3,7,255,,250,0,0
stim,31,31,0,3271011.816,0.572,-0.039,-0.108,-0.812,73,67,83,69,16,0,45,44,0,0.000,0,0,0.085,0.007,0.080,0.020,-0.020,0.003,0.024,1.002,0.004,0.006,-0.008,0.000,0.000,0.000,0.000,0,NULL,NULL,,1,0,3,7,255,,250,0,0
stim,79,79,0,3271016.816,0.572,-0.039,-0.108,-0.812,78,91,53,57,33,0,39,12,0,0.000,0,0,0.115,0.007,0.080,0.080,-0.020,0.002,0.026,1.002,-0.006,-0.004,-0.008,0.000,0.000,0.000,0.000,0,NULL,NULL,,1,0,3,7,255,,250,0,0
stim,79,79,0,3271021.816,0.572,-0.039,-0.108,-0.812,51,59,84,55,24,0,70,36,0,0.000,0,0,0.085,0.007,0.080,0.020,-0.020,0.004,0.025,1.002,-0.006,-0.004,-0.008,0.000,0.000,0.000,0.000,0,NULL,NULL,,1,0,3,7,255,,250,0,0
stim,79,79,0,3271026.816,0.572,-0.039,-0.108,-0.812,54,61,81,60,13,0,43,43,0,0.000,0,0,0.092,0.006,0.080,-0.040,-0.020,0.004,0.026,1.002,-0.006,0.000,-0.008,0.000,0.000,0.000,0.000,0,NULL,NULL,,1,0,3,7,255,,250,0,0
stim,79,79,0,3271031.818,0.572,-0.039,-0.108,-0.812,83,89,75,69,16,0,37,43,0,0.000,0,0,0.085,0.006,0.080,0.020,-0.020,0.004,0.025,1.003,-0.006,0.002,-0.002,0.000,0.000,0.000,0.000,0,NULL,NULL,,1,0,3,7,255,,250,0,0
stim,79,79,0,3271036.816,0.572,-0.039,-0.108,-0.812,83,71,75,68,13,0,36,43,0,0.000,0,0,0.085,0.008,0.080,0.020,-0.020,0.003,0.026,1.003,-0.008,0.000,0.002,0.000,0.000,0.000,0.000,0,NULL,NULL,,1,0,3,7,255,,250,0,0
stim,79,79,0,3271041.816,0.572,-0.039,-0.108,-0.812,85,88,55,69,16,0,38,25,0,0.000,0,0,0.085,0.009,0.080,0.020,-0.020,0.003,0.026,1.002,-0.008,-0.004,0.002,0.000,0.000,0.000,0.000,0,NULL,NULL,,1,0,3,7,255,,250,0,0
stim,95,95,0,3271046.816,0.572,-0.039,-0.108,-0.812,52,61,84,42,22,0,68,40,0,0.000,0,0,0.085,0.009,0.080,0.020,-0.020,0.004,0.025,1.003,-0.008,-0.004,0.002,0.000,0.000,0.000,0.000,0,NULL,NULL,,1,0,3,7,255,,250,0,0
stim,95,95,0,3271051.816,0.572,-0.039,-0.108,-0.812,75,69,84,71,17,0,45,43,0,0.000,0,0,0.082,0.004,0.000,0.020,-0.080,0.003,0.025,1.002,-0.002,-0.004,-0.002,0.000,0.000,0.000,0.000,0,NULL,NULL,,1,0,3,7,255,,250,0,0
stim,95,95,0,3271056.816,0.572,-0.039,-0.108,-0.812,56,87,76,39,37,0,63,17,0,0.000,0,0,0.115,0.006,0.080,0.020,-0.080,0.004,0.024,1.004,-0.002,0.006,0.002,0.000,0.000,0.000,0.000,0,NULL,NULL,,1,0,3,7,255,,250,0,0
stim,95,95,0,3271061.816,0.572,-0.039,-0.108,-0.812,51,58,77,39,37,0,63,12,0,0.000,0,0,0.147,0.003,0.140,-0.040,-0.020,0.003,0.025,1.003,-0.002,-0.002,0.002,0.000,0.000,0.000,0.000,0,NULL,NULL,,1,0,3,7,255,,250,0,0
stim,95,95,0,3271066.816,0.572,-0.039,-0.108,-0.812,83,93,53,47,37,0,40,23,0,0.000,0,0,0.115,0.003,0.080,0.020,-0.080,0.003,0.025,1.003,0.002,-0.002,0.002,0.000,0.000,0.000,0.000,0,NULL,NULL,,1,0,3,7,255,,250,0,0
stim,95,95,0,3271071.818,0.572,-0.039,-0.108,-0.812,49,59,79,37,31,0,61,30,0,0.000,0,0,0.085,0.004,0.080,0.020,-0.020,0.003,0.025,1.002,0.002,-0.004,0.002,0.000,0.000,0.000,0.000,0,NULL,NULL,,1,0,3,7,255,,250,0,0
stim,95,95,0,3271076.816,0.572,-0.039,-0.108,-0.812,53,67,83,63,20,0,69,44,0,0.000,0,0,0.028,0.004,0.000,0.020,-0.020,0.003,0.025,1.002,0.002,-0.004,-0.004,0.000,0.000,0.000,0.000,0,NULL,NULL,,1,0,3,7,255,,250,0,0
stim,111,111,0,3271081.816,0.572,-0.039,-0.108,-0.812,72,59,82,59,20,0,46,40,0,0.000,0,0,0.028,0.002,0.000,0.020,-0.020,0.004,0.024,1.002,0.002,0.000,-0.004,0.000,0.000,0.000,0.000,0,NULL,NULL,,1,0,3,7,255,,250,0,0
stim,111,111,0,3271086.816,0.572,-0.039,-0.108,-0.812,48,69,79,39,41,0,69,33,0,0.000,0,0,0.115,0.000,0.080,0.020,-0.080,0.003,0.025,1.003,0.000,0.000,-0.004,0.000,0.000,0.000,0.000,0,NULL,NULL,,1,0,3,7,255,,250,0,0
stim,127,127,0,3271091.816,0.572,-0.039,-0.108,-0.812,72,60,81,61,18,0,45,43,0,0.000,0,0,0.085,0.008,0.080,0.020,-0.020,0.004,0.024,1.002,0.002,0.008,-0.004,0.000,0.000,0.000,0.000,0,NULL,NULL,,1,0,3,7,255,,250,0,0
stim,127,127,0,3271096.816,0.572,-0.039,-0.108,-0.812,51,68,77,37,31,0,67,17,0,0.000,0,0,0.085,0.000,0.080,0.020,-0.020,0.003,0.025,1.002,0.000,0.000,-0.004,0.000,0.000,0.000,0.000,0,NULL,NULL,,1,0,3,7,255,,250,0,0
stim,127,127,0,3271101.816,0.572,-0.039,-0.108,-0.812,76,89,53,41,33,0,39,14,0,0.000,0,0,0.085,0.003,0.080,0.020,-0.020,0.003,0.024,1.002,0.002,-0.002,-0.008,0.000,0.000,0.000,0.000,0,NULL,NULL,,1,0,3,7,255,,250,0,0
stim,127,127,0,3271106.816,0.572,-0.039,-0.108,-0.812,81,71,83,69,18,0,44,45,0,0.000,0,0,0.085,0.004,0.080,0.020,-0.020,0.004,0.024,1.002,0.004,-0.002,-0.008,0.000,0.000,0.000,0.000,0,NULL,NULL,,1,0,3,7,255,,250,0,0
stim,144,144,0,3271111.816,0.572,-0.039,-0.108,-0.812,55,89,53,39,36,0,56,8,0,0.000,0,0,0.085,0.004,0.080,0.020,-0.020,0.003,0.025,1.003,0.004,-0.002,-0.002,0.000,0.000,0.000,0.000,0,NULL,NULL,,1,0,3,7,255,,250,0,0
stim,144,144,0,3271116.816,0.572,-0.039,-0.108,-0.812,78,91,53,61,31,0,37,19,0,0.000,0,0,0.085,0.002,0.080,0.020,-0.020,0.002,0.025,1.003,0.000,-0.002,0.006,0.000,0.000,0.000,0.000,0,NULL,NULL,,1,0,3,7,255,,250,0,0
stim,145,145,0,3271121.816,0.572,-0.039,-0.108,-0.812,77,89,55,43,40,0,41,16,0,0.000,0,0,0.085,0.004,0.080,0.020,-0.020,0.004,0.025,1.002,-0.004,-0.002,0.006,0.000,0.000,0.000,0.000,0,NULL,NULL,,1,0,3,7,255,,250,0,0
stim,145,145,0,3271126.816,0.572,-0.039,-0.108,-0.812,51,68,59,39,31,0,63,16,0,0.000,0,0,0.085,0.008,0.080,0.020,-0.020,0.002,0.024,1.002,0.000,-0.008,-0.002,0.000,0.000,0.000,0.000,0,NULL,NULL,,1,0,3,7,255,,250,0,0
stim,178,178,0,3271131.817,0.572,-0.039,-0.108,-0.812,52,63,83,44,18,0,63,42,0,0.000,0,0,0.115,0.007,0.080,0.020,-0.080,0.003,0.024,1.003,0.006,-0.004,-0.002,0.000,0.000,0.000,0.000,0,NULL,NULL,,1,0,3,7,255,,250,0,0
stim,178,178,0,3271136.816,0.572,-0.039,-0.108,-0.812,51,68,83,40,39,0,67,35,0,0.000,0,0,0.045,0.007,0.000,-0.040,-0.020,0.004,0.025,1.002,0.006,-0.004,-0.002,0.000,0.000,0.000,0.000,0,NULL,NULL,,1,0,3,7,255,,250,0,0
stim,179,179,0,3271141.816,0.572,-0.039,-0.108,-0.812,57,88,77,38,39,0,67,16,0,0.000,0,0,0.085,0.008,0.080,0.020,-0.020,0.004,0.024,1.002,0.006,0.006,-0.002,0.000,0.000,0.000,0.000,0,NULL,NULL,,1,0,3,7,255,,250,0,0
stim,179,179,0,3271146.816,0.572,-0.039,-0.108,-0.812,83,89,59,69,19,0,40,43,0,0.000,0,0,0.028,0.006,0.000,0.020,-0.020,0.003,0.025,1.002,-0.002,0.006,-0.004,0.000,0.000,0.000,0.000,0,NULL,NULL,,1,0,3,7,255,,250,0,0
stim,179,179,0,3271151.816,0.572,-0.039,-0.108,-0.812,52,61,83,60,18,0,63,42,0,0.000,0,0,0.082,0.000,0.000,0.020,-0.080,0.003,0.025,1.002,0.000,0.000,-0.008,0.000,0.000,0.000,0.000,0,NULL,NULL,,1,0,3,7,255,,250,0,0
stim,179,179,0,3271156.816,0.572,-0.039,-0.108,-0.812,58,91,53,37,38,0,56,13,0,0.000,0,0,0.115,0.004,0.080,0.020,-0.080,0.004,0.025,1.003,-0.004,0.000,-0.008,0.000,0.000,0.000,0.000,0,NULL,NULL,,1,0,3,7,255,,250,0,0
stim,191,191,0,3271161.816,0.572,-0.039,-0.108,-0.812,77,89,53,40,35,0,55,12,0,0.000,0,0,0.115,0.002,0.080,0.080,-0.020,0.004,0.025,1.003,0.000,0.002,0.006,0.000,0.000,0.000,0.000,0,NULL,NULL,,1,0,3,7,255,,250,0,0
stim,191,191,0,3271166.816,0.572,-0.039,-0.108,-0.812,76,69,81,53,12,0,43,38,0,0.000,0,0,0.115,0.004,0.080,0.020,-0.080,0.005,0.024,1.002,0.000,0.004,0.006,0.000,0.000,0.000,0.000,0,NULL,NULL,,1,0,3,7,255,,250,0,0
stim,211,211,0,3271171.818,0.572,-0.039,-0.108,-0.812,73,61,57,69,19,0,39,43,0,0.000,0,0,0.028,0.004,0.000,0.020,-0.020,0.004,0.025,1.003,0.000,0.004,0.002,0.000,0.000,0.000,0.000,0,NULL,NULL,,1,0,3,7,255,,250,0,0
stim,211,211,0,3271176.816,0.572,-0.039,-0.108,-0.812,51,63,79,39,41,1,70,36,0,0.000,0,0,0.085,0.004,0.080,0.020,-0.020,0.003,0.025,1.002,0.000,0.004,-0.002,0.000,0.000,0.000,0.000,0,NULL,NULL,,1,0,3,7,255,,250,0,0
stim,211,211,0,3271181.817,0.572,-0.039,-0.108,-0.812,51,69,82,39,39,0,69,17,0,0.000,0,0,0.085,0.003,0.080,0.020,-0.020,0.003,0.025,1.002,-0.002,-0.002,-0.008,0.000,0.000,0.000,0.000,0,NULL,NULL,,1,0,3,7,255,,250,0,0
stim,211,211,0,3271186.816,0.572,-0.039,-0.108,-0.812,75,67,83,69,17,0,61,45,0,0.000,0,0,0.120,0.003,0.080,-0.040,-0.080,0.004,0.026,1.003,-0.002,-0.002,-0.008,0.000,0.000,0.000,0.000,0,NULL,NULL,,1,0,3,7,255,,250,0,0
stim,224,224,0,3271191.816,0.572,-0.039,-0.108,-0.812,53,60,82,61,12,0,43,44,0,0.000,0,0,0.143,0.003,0.140,0.020,-0.020,0.003,0.025,1.003,-0.002,-0.002,0.002,0.000,0.000,0.000,0.000,0,NULL,NULL,,1,0,3,7,255,,250,0,0
stim,224,224,0,3271196.816,0.572,-0.039,-0.108,-0.812,53,67,83,59,20,0,67,42,0,0.000,0,0,0.115,0.004,0.080,0.020,-0.080,0.003,0.025,1.003,-0.004,-0.002,0.002,0.000,0.000,0.000,0.000,0,NULL,NULL,,1,0,3,7,255,,250,0,0
stim,243,243,0,3271201.816,0.572,-0.039,-0.108,-0.812,73,86,53,69,13,0,26,39,0,0.000,0,0,0.115,0.004,0.080,0.020,-0.080,0.003,0.026,1.003,-0.004,-0.002,0.006,0.000,0.000,0.000,0.000,0,NULL,NULL,,1,0,3,7,255,,250,0,0
stim,243,243,0,3271206.816,0.572,-0.039,-0.108,-0.812,78,71,85,69,21,0,47,45,0,0.000,0,0,0.085,0.006,0.080,0.020,-0.020,0.003,0.024,1.003,-0.004,-0.004,0.002,0.000,0.000,0.000,0.000,0,NULL,NULL,,1,0,3,7,255,,250,0,0
stim,243,243,0,3271211.816,0.572,-0.039,-0.108,-0.812,53,60,83,44,20,0,62,43,0,0.000,0,0,0.115,0.006,0.080,0.020,-0.080,0.002,0.025,1.001,0.004,-0.004,0.002,0.000,0.000,0.000,0.000,0,NULL,NULL,,1,0,3,7,255,,250,0,0
stim,243,243,0,3271216.816,0.572,-0.039,-0.108,-0.812,83,93,53,67,29,0,41,24,0,0.000,0,0,0.045,0.007,0.000,-0.040,-0.020,0.003,0.024,1.003,0.006,-0.004,0.002,0.000,0.000,0.000,0.000,0,NULL,NULL,,1,0,3,7,255,,250,0,0
stim,287,287,0,3271221.816,0.572,-0.039,-0.108,-0.812,54,62,82,69,16,0,45,43,0,0.000,0,0,0.028,0.004,0.000,0.020,-0.020,0.004,0.025,1.003,0.004,0.000,0.006,0.000,0.000,0.000,0.000,0,NULL,NULL,,1,0,3,7,255,,250,0,0
stim,287,287,0,3271226.816,0.572,-0.039,-0.108,-0.812,57,89,55,39,41,0,57,17,0,0.000,0,0,0.028,0.000,0.000,0.020,-0.020,0.003,0.025,1.002,0.000,0.000,0.006,0.000,0.000,0.000,0.000,0,NULL,NULL,,1,0,3,7,255,,250,0,0
stim,287,287,0,3271231.817,0.572,-0.039,-0.108,-0.812,83,88,63,70,19,0,25,42,0,0.000,0,0,0.092,0.006,0.080,0.020,0.040,0.004,0.025,1.003,-0.006,0.002,0.006,0.000,0.000,0.000,0.000,0,NULL,NULL,,1,0,3,7,255,,250,0,0
stim,288,288,0,3271236.817,0.572,-0.039,-0.108,-0.812,84,89,53,64,16,0,37,43,0,0.000,0,0,0.115,0.000,0.080,0.020,-0.080,0.002,0.025,1.002,0.000,0.000,-0.002,0.000,0.000,0.000,0.000,0,NULL,NULL,,1,0,3,7,255,,250,0,0
stim,288,288,0,3271241.816,0.572,-0.039,-0.108,-0.812,53,61,83,61,19,0,47,44,0,0.000,0,0,0.085,0.000,0.080,0.020,-0.020,0.003,0.025,1.001,0.000,0.000,-0.008,0.000,0.000,0.000,0.000,0,NULL,NULL,,1,0,3,7,255,,250,0,0
stim,288,288,0,3271246.816,0.572,-0.039,-0.108,-0.812,85,89,59,69,20,0,39,40,0,0.000,0,0,0.092,0.000,0.080,-0.040,-0.020,0.004,0.024,1.003,0.000,0.000,-0.008,0.000,0.000,0.000,0.000,0,NULL,NULL,,1,0,3,7,255,,250,0,0
stim,288,288,0,3271251.816,0.572,-0.039,-0.108,-0.812,77,89,51,41,35,0,55,13,0,0.000,0,0,0.082,0.006,0.000,0.020,-0.080,0.004,0.024,1.003,0.002,0.006,0.002,0.000,0.000,0.000,0.000,0,NULL,NULL,,1,0,3,7,255,,250,0,0
stim,288,288,0,3271256.816,0.572,-0.039,-0.108,-0.812,79,90,54,59,37,0,39,17,0,0.000,0,0,0.115,0.007,0.080,0.020,-0.080,0.003,0.024,1.002,0.004,0.006,0.002,0.000,0.000,0.000,0.000,0,NULL,NULL,,1,0,3,7,255,,250,0,0
stim,310,310,0,3271261.816,0.572,-0.039,-0.108,-0.812,53,61,75,44,22,0,69,3,0,0.000,0,0,0.115,0.006,0.080,0.020,-0.080,0.004,0.025,1.001,0.004,0.004,-0.002,0.000,0.000,0.000,0.000,0,NULL,NULL,,1,0,3,7,255,,250,0,0
stim,310,310,0,3271266.816,0.572,-0.039,-0.108,-0.812,75,63,83,69,16,0,44,43,0,0.000,0,0,0.162,0.002,0.140,0.080,-0.020,0.004,0.026,1.003,-0.002,0.000,-0.002,0.000,0.000,0.000,0.000,0,NULL,NULL,,1,0,3,7,255,,250,0,0
stim,310,310,0,3271271.817,0.572,-0.039,-0.108,-0.812,53,61,83,61,18,0,45,43,0,0.000,0,0,0.085,0.008,0.080,0.020,-0.020,0.003,0.026,1.002,-0.008,0.000,-0.002,0.000,0.000,0.000,0.000,0,NULL,NULL,,1,0,3,7,255,,250,0,0
stim,310,310,0,3271276.816,0.572,-0.039,-0.108,-0.812,57,90,53,37,35,0,56,14,0,0.000,0,0,0.028,0.008,0.000,0.020,-0.020,0.003,0.025,1.004,-0.008,-0.002,0.008,0.000,0.000,0.000,0.000,0,NULL,NULL,,1,0,3,7,255,,250,0,0
stim,311,311,0,3271281.816,0.572,-0.039,-0.108,-0.812,47,67,85,37,39,0,63,35,0,0.000,0,0,0.085,0.007,0.080,0.020,-0.020,0.003,0.026,1.002,-0.006,-0.004,-0.002,0.000,0.000,0.000,0.000,0,NULL,NULL,,1,0,3,7,255,,250,0,0
stim,311,311,0,3271286.816,0.572,-0.039,-0.108,-0.812,53,69,81,41,41,0,69,38,0,0.000,0,0,0.115,0.002,0.080,0.020,-0.080,0.003,0.024,1.003,0.000,-0.002,0.002,0.000,0.000,0.000,0.000,0,NULL,NULL,,1,0,3,7,255,,250,0,0
stim,321,321,0,3271291.816,0.572,-0.039,-0.108,-0.812,53,69,79,37,41,0,69,4,0,0.000,0,0,0.085,0.006,0.080,0.020,-0.020,0.004,0.025,1.001,-0.006,-0.002,-0.002,0.000,0.000,0.000,0.000,0,NULL,NULL,,1,0,3,7,255,,250,0,0
stim,321,321,0,3271296.816,0.572,-0.039,-0.108,-0.812,77,89,53,59,37,0,40,12,0,0.000,0,0,0.045,0.006,0.000,-0.040,-0.020,0.003,0.026,1.003,-0.006,-0.002,0.002,0.000,0.000,0.000,0.000,0,NULL,NULL,,1,0,3,7,255,,250,0,0
stim,344,344,0,3271301.816,0.572,-0.039,-0.108,-0.812,53,61,83,61,13,0,44,43,0,0.000,0,0,0.085,0.006,0.080,0.020,-0.020,0.004,0.025,1.003,-0.006,0.002,0.002,0.000,0.000,0.000,0.000,0,NULL,NULL,,1,0,3,7,255,,250,0,0
stim,344,344,0,3271306.816,0.572,-0.039,-0.108,-0.812,53,68,83,39,33,0,68,18,0,0.000,0,0,0.085,0.004,0.080,0.020,-0.020,0.004,0.025,1.002,-0.002,0.004,0.002,0.000,0.000,0.000,0.000,0,NULL,NULL,,1,0,3,7,255,,250,0,0
stim,345,345,0,3271311.816,0.572,-0.039,-0.108,-0.812,52,61,83,43,19,0,63,40,0,0.000,0,0,0.028,0.004,0.000,0.020,-0.020,0.004,0.026,1.002,-0.002,0.004,-0.002,0.000,0.000,0.000,0.000,0,NULL,NULL,,1,0,3,7,255,,250,0,0
stim,345,345,0,3271316.816,0.572,-0.039,-0.108,-0.812,49,63,76,39,35,0,63,16,0,0.000,0,0,0.028,0.011,0.000,0.020,-0.020,0.004,0.026,1.003,-0.010,0.004,-0.002,0.000,0.000,0.000,0.000,0,NULL,NULL,,1,0,3,7,255,,250,0,0
stim,368,368,0,3271321.816,0.572,-0.039,-0.108,-0.812,79,90,53,63,10,0,31,23,0,0.000,0,0,0.115,0.011,0.080,0.020,-0.080,0.004,0.024,1.003,-0.010,0.004,0.002,0.000,0.000,0.000,0.000,0,NULL,NULL,,1,0,3,7,255,,250,0,0
stim,368,368,0,3271326.816,0.572,-0.039,-0.108,-0.812,51,67,77,39,37,0,63,16,0,0.000,0,0,0.089,0.006,0.000,-0.040,-0.080,0.004,0.025,1.002,-0.004,0.004,0.002,0.000,0.000,0.000,0.000,0,NULL,NULL,,1,0,3,7,255,,250,0,0
stim,383,383,0,3271331.818,0.572,-0.039,-0.108,-0.812,75,89,53,57,37,0,39,16,0,0.000,0,0,0.028,0.003,0.000,0.020,-0.020,0.003,0.025,1.003,0.002,0.002,0.002,0.000,0.000,0.000,0.000,0,NULL,NULL,,1,0,3,7,255,,250,0,0
stim,383,383,0,3271336.816,0.572,-0.039,-0.108,-0.812,83,73,59,69,19,0,43,42,0,0.000,0,0,0.147,0.003,0.140,-0.040,-0.020,0.004,0.025,1.004,-0.002,0.002,0.002,0.000,0.000,0.000,0.000,0,NULL,NULL,,1,0,3,7,255,,250,0,0
stim,383,383,0,3271341.816,0.572,-0.039,-0.108,-0.812,73,61,55,63,12,0,35,39,0,0.000,0,0,0.085,0.003,0.080,0.020,-0.020,0.003,0.026,1.003,-0.002,-0.002,0.002,0.000,0.000,0.000,0.000,0,NULL,NULL,,1,0,3,7,255,,250,0,0
stim,383,383,0,3271346.816,0.572,-0.039,-0.108,-0.812,46,60,79,37,35,0,61,35,0,0.000,0,0,0.115,0.004,0.080,0.020,-0.080,0.003,0.025,1.001,-0.002,-0.004,0.002,0.000,0.000,0.000,0.000,0,NULL,NULL,,1,0,3,7,255,,250,0,0
stim,399,399,0,3271351.816,0.572,-0.039,-0.108,-0.812,51,63,82,39,19,0,67,35,0,0.000,0,0,0.115,0.004,0.080,0.020,-0.080,0.003,0.024,1.002,-0.002,-0.004,-0.002,0.000,0.000,0.000,0.000,0,NULL,NULL,,1,0,3,7,255,,250,0,0
stim,399,399,0,3271356.816,0.572,-0.039,-0.108,-0.812,83,90,58,69,20,0,41,43,0,0.000,0,0,0.085,0.004,0.080,0.020,-0.020,0.003,0.026,1.002,-0.002,-0.004,-0.002,0.000,0.000,0.000,0.000,0,NULL,NULL,,1,0,3,7,255,,250,0,0
stim,399,399,0,3271361.816,0.572,-0.039,-0.108,-0.812,75,84,52,64,33,0,37,24,0,0.000,0,0,0.085,0.000,0.080,0.020,-0.020,0.004,0.025,1.002,0.000,0.000,-0.002,0.000,0.000,0.000,0.000,0,NULL,NULL,,1,0,3,7,255,,250,0,0
stim,399,399,0,3271366.816,0.572,-0.039,-0.108,-0.812,82,72,77,69,16,0,41,43,0,0.000,0,0,0.092,0.004,0.080,-0.040,-0.020,0.004,0.025,1.003,0.000,0.004,-0.002,0.000,0.000,0.000,0.000,0,NULL,NULL,,1,0,3,7,255,,250,0,0
stim,399,399,0,3271371.817,0.572,-0.039,-0.108,-0.812,73,63,59,67,19,0,39,43,0,0.000,0,0,0.115,0.004,0.080,0.020,-0.080,0.005,0.025,1.002,0.000,0.004,-0.002,0.000,0.000,0.000,0.000,0,NULL,NULL,,1,0,3,7,255,,250,0,0
stim,399,399,0,3271376.816,0.572,-0.039,-0.108,-0.812,84,89,57,68,13,0,37,25,0,0.000,0,0,0.115,0.009,0.080,0.020,-0.080,0.004,0.026,1.003,-0.008,0.004,0.002,0.000,0.000,0.000,0.000,0,NULL,NULL,,1,0,3,7,255,,250,0,0
stim,415,415,0,3271381.817,0.572,-0.039,-0.108,-0.812,54,69,85,38,41,0,69,35,0,0.000,0,0,0.085,0.008,0.080,0.020,-0.020,0.003,0.026,1.003,-0.008,0.000,0.002,0.000,0.000,0.000,0.000,0,NULL,NULL,,1,0,3,7,255,,250,0,0
stim,415,415,0,3271386.816,0.572,-0.039,-0.108,-0.812,85,92,55,48,37,0,40,25,0,0.000,0,0,0.028,0.008,0.000,0.020,-0.020,0.004,0.025,1.003,-0.008,0.000,0.006,0.000,0.000,0.000,0.000,0,NULL,NULL,,1,0,3,7,255,,250,0,0
stim,431,431,0,3271391.816,0.572,-0.039,-0.108,-0.812,82,88,56,68,12,0,35,43,0,0.000,0,0,0.092,0.007,0.080,-0.040,-0.020,0.004,0.024,1.003,-0.004,0.006,0.006,0.000,0.000,0.000,0.000,0,NULL,NULL,,1,0,3,7,255,,250,0,0
stim,431,431,0,3271396.816,0.572,-0.039,-0.108,-0.812,51,69,82,39,17,0,62,33,0,0.000,0,0,0.085,0.007,0.080,0.020,-0.020,0.003,0.026,1.003,-0.004,0.006,0.006,0.000,0.000,0.000,0.000,0,NULL,NULL,,1,0,3,7,255,,250,0,0
stim,431,431,0,3271401.816,0.572,-0.039,-0.108,-0.812,54,87,76,37,40,0,69,15,0,0.000,0,0,0.085,0.006,0.080,0.020,-0.020,0.003,0.025,1.003,0.004,-0.004,0.002,0.000,0.000,0.000,0.000,0,NULL,NULL,,1,0,3,7,255,,250,0,0
stim,431,431,0,3271406.816,0.572,-0.039,-0.108,-0.812,45,63,75,37,37,0,63,19,0,0.000,0,0,0.115,0.007,0.080,0.020,-0.080,0.004,0.026,1.001,-0.006,-0.004,0.002,0.000,0.000,0.000,0.000,0,NULL,NULL,,1,0,3,7,255,,250,0,0
stim,431,431,0,3271411.816,0.572,-0.039,-0.108,-0.812,83,91,53,69,8,0,39,41,0,0.000,0,0,0.028,0.006,0.000,0.020,-0.020,0.004,0.024,1.002,0.004,0.004,-0.008,0.000,0.000,0.000,0.000,0,NULL,NULL,,1,0,3,7,255,,250,0,0
stim,447,447,0,3271416.816,0.572,-0.039,-0.108,-0.812,53,62,84,59,17,0,61,43,0,0.000,0,0,0.115,0.004,0.080,0.020,-0.080,0.004,0.025,1.003,0.002,0.004,-0.008,0.000,0.000,0.000,0.000,0,NULL,NULL,,1,0,3,7,255,,250,0,0
stim,447,447,0,3271421.816,0.572,-0.039,-0.108,-0.812,83,73,83,71,16,0,45,44,0,0.000,0,0,0.115,0.004,0.080,0.020,-0.080,0.004,0.025,1.003,0.002,0.004,0.002,0.000,0.000,0.000,0.000,0,NULL,NULL,,1,0,3,7,255,,250,0,0
stim,479,479,0,3271426.816,0.572,-0.039,-0.108,-0.812,55,61,83,69,39,0,68,43,0,0.000,0,0,0.085,0.004,0.080,0.020,-0.020,0.004,0.025,1.003,-0.004,0.002,0.002,0.000,0.000,0.000,0.000,0,NULL,NULL,,1,0,3,7,255,,250,0,0
stim,479,479,0,3271431.817,0.572,-0.039,-0.108,-0.812,51,63,79,39,41,1,69,17,0,0.000,0,0,0.085,0.004,0.080,0.020,-0.020,0.004,0.025,1.002,-0.004,0.002,0.002,0.000,0.000,0.000,0.000,0,NULL,NULL,,1,0,3,7,255,,250,0,0
stim,479,479,0,3271436.817,0.572,-0.039,-0.108,-0.812,51,59,53,37,18,0,38,12,0,0.000,0,0,0.115,0.004,0.080,0.020,-0.080,0.003,0.026,1.003,-0.004,0.002,0.006,0.000,0.000,0.000,0.000,0,NULL,NULL,,1,0,3,7,255,,250,0,0
stim,479,479,0,3271441.816,0.572,-0.039,-0.108,-0.812,77,89,55,42,37,0,37,13,0,0.000,0,0,0.085,0.004,0.080,0.020,-0.020,0.003,0.025,1.002,0.000,-0.004,-0.002,0.000,0.000,0.000,0.000,0,NULL,NULL,,1,0,3,7,255,,250,0,0
stim,479,479,0,3271446.816,0.572,-0.039,-0.108,-0.812,57,88,53,41,19,0,39,16,0,0.000,0,0,0.028,0.006,0.000,0.020,-0.020,0.004,0.025,1.004,-0.004,-0.004,0.006,0.000,0.000,0.000,0.000,0,NULL,NULL,,1,0,3,7,255,,250,0,0
stim,479,479,0,3271451.816,0.572,-0.039,-0.108,-0.812,52,61,85,43,22,0,69,43,0,0.000,0,0,0.143,0.004,0.140,0.020,-0.020,0.003,0.025,1.003,-0.002,-0.004,0.006,0.000,0.000,0.000,0.000,0,NULL,NULL,,1,0,3,7,255,,250,0,0
stim,498,498,0,3271456.816,0.572,-0.039,-0.108,-0.812,52,61,77,60,37,0,62,41,0,0.000,0,0,0.085,0.002,0.080,0.020,-0.020,0.003,0.024,1.002,-0.002,0.000,0.006,0.000,0.000,0.000,0.000,0,NULL,NULL,,1,0,3,7,255,,250,0,0
stim,498,498,0,3271461.816,0.572,-0.039,-0.108,-0.812,79,91,53,61,30,0,37,20,0,0.000,0,0,0.089,0.002,0.000,-0.040,-0.080,0.005,0.025,1.002,-0.002,0.000,-0.004,0.000,0.000,0.000,0.000,0,NULL,NULL,,1,0,3,7,255,,250,0,0
stim,499,499,0,3271466.816,0.572,-0.039,-0.108,-0.812,83,75,55,63,17,0,38,41,0,0.000,0,0,0.085,0.002,0.080,0.020,-0.020,0.002,0.025,1.003,0.002,0.000,-0.004,0.000,0.000,0.000,0.000,0,NULL,NULL,,1,0,3,7,255,,250,0,0
stim,499,499,0,3271471.816,0.572,-0.039,-0.108,-0.812,51,69,57,39,35,0,61,16,0,0.000,0,0,0.115,0.006,0.080,0.020,-0.080,0.004,0.026,1.003,-0.006,0.000,0.006,0.000,0.000,0.000,0.000,0,NULL,NULL,,1,0,3,7,255,,250,0,0
stim,511,511,0,3271476.817,0.572,-0.039,-0.108,-0.812,74,83,82,60,33,0,62,43,0,0.000,0,0,0.092,0.002,0.080,-0.040,-0.020,0.004,0.024,1.003,0.002,0.000,0.006,0.000,0.000,0.000,0.000,0,NULL,NULL,,1,0,3,7,255,,250,0,0
stim,511,511,0,3271481.816,0.572,-0.039,-0.108,-0.812,47,67,77,39,37,0,63,16,0,0.000,0,0,0.098,0.006,0.080,-0.040,0.040,0.004,0.024,1.003,0.004,0.004,0.006,0.000,0.000,0.000,0.000,0,NULL,NULL,,1,0,3,7,255,,250,0,0
stim,511,511,0,3271486.816,0.572,-0.039,-0.108,-0.812,74,91,52,41,29,0,37,6,0,0.000,0,0,0.085,0.006,0.080,0.020,-0.020,0.003,0.025,1.002,0.004,0.004,0.006,0.000,0.000,0.000,0.000,0,NULL,NULL,,1,0,3,7,255,,250,0,0
stim,511,511,0,3271491.816,0.572,-0.039,-0.108,-0.812,75,67,84,69,20,0,47,45,0,0.000,0,0,0.028,0.003,0.000,0.020,-0.020,0.004,0.025,1.002,-0.002,0.002,-0.002,0.000,0.000,0.000,0.000,0,NULL,NULL,,1,0,3,7,255,,250,0,0
stim,527,527,0,3271496.816,0.572,-0.039,-0.108,-0.812,73,61,75,69,12,0,37,43,0,0.000,0,0,0.028,0.004,0.000,0.020,-0.020,0.002,0.025,1.003,-0.002,-0.004,-0.002,0.000,0.000,0.000,0.000,0,NULL,NULL,,1,0,3,7,255,,250,0,0
stim,527,527,0,3271501.816,0.572,-0.039,-0.108,-0.812,83,91,53,63,10,0,40,41,0,0.000,0,0,0.045,0.009,0.000,-0.040,-0.020,0.003,0.024,1.003,0.008,-0.004,0.006,0.000,0.000,0.000,0.000,0,NULL,NULL,,1,0,3,7,255,,250,0,0
stim,544,544,0,3271506.816,0.572,-0.039,-0.108,-0.812,75,89,53,37,39,0,57,16,0,0.000,0,0,0.115,0.010,0.080,0.020,-0.080,0.003,0.026,1.004,0.008,-0.006,0.006,0.000,0.000,0.000,0.000,0,NULL,NULL,,1,0,3,7,255,,250,0,0
stim,544,544,0,3271511.816,0.572,-0.039,-0.108,-0.812,83,91,52,63,31,0,37,23,0,0.000,0,0,0.085,0.004,0.080,0.020,-0.020,0.004,0.025,1.002,0.002,-0.004,0.006,0.000,0.000,0.000,0.000,0,NULL,NULL,,1,0,3,7,255,,250,0,0
stim,544,544,0,3271516.816,0.572,-0.039,-0.108,-0.812,77,91,43,37,30,0,29,11,0,0.000,0,0,0.115,0.003,0.080,0.020,-0.080,0.003,0.025,1.002,-0.002,-0.002,-0.004,0.000,0.000,0.000,0.000,0,NULL,NULL,,1,0,3,7,255,,250,0,0
stim,544,544,0,3271521.816,0.572,-0.039,-0.108,-0.812,51,87,57,39,37,0,60,16,0,0.000,0,0,0.085,0.002,0.080,0.020,-0.020,0.003,0.025,1.004,0.002,0.000,-0.004,0.000,0.000,0.000,0.000,0,NULL,NULL,,1,0,3,7,255,,250,0,0
stim,578,578,0,3271526.816,0.572,-0.039,-0.108,-0.812,77,90,53,42,40,0,41,13,0,0.000,0,0,0.115,0.003,0.080,0.020,-0.080,0.002,0.025,1.004,0.002,-0.002,0.012,0.000,0.000,0.000,0.000,0,NULL,NULL,,1,0,3,7,255,,250,0,0
stim,578,578,0,3271531.817,0.572,-0.039,-0.108,-0.812,77,89,52,41,31,0,37,17,0,0.000,0,0,0.085,0.002,0.080,0.020,-0.020,0.004,0.025,1.003,0.002,0.000,0.012,0.000,0.000,0.000,0.000,0,NULL,NULL,,1,0,3,7,255,,250,0,0
stim,579,579,0,3271536.817,0.572,-0.039,-0.108,-0.812,56,89,53,37,37,0,55,13,0,0.000,0,0,0.085,0.003,0.080,0.020,-0.020,0.003,0.024,1.004,0.002,0.002,0.010,0.000,0.000,0.000,0.000,0,NULL,NULL,,1,0,3,7,255,,250,0,0
stim,579,579,0,3271541.816,0.572,-0.039,-0.108,-0.812,77,89,55,41,38,1,40,12,0,0.000,0,0,0.085,0.004,0.080,0.020,-0.020,0.004,0.026,1.002,-0.004,0.002,0.006,0.000,0.000,0.000,0.000,0,NULL,NULL,,1,0,3,7,255,,250,0,0
stim,579,579,0,3271546.816,0.572,-0.039,-0.108,-0.812,73,61,56,63,19,0,39,41,0,0.000,0,0,0.092,0.006,0.080,-0.040,-0.020,0.003,0.026,1.002,-0.006,0.000,-0.004,0.000,0.000,0.000,0.000,0,NULL,NULL,,1,0,3,7,255,,250,0,0
stim,579,579,0,3271551.816,0.572,-0.039,-0.108,-0.812,83,93,53,68,37,0,39,25,0,0.000,0,0,0.028,0.006,0.000,0.020,-0.020,0.003,0.025,1.003,-0.006,0.000,-0.004,0.000,0.000,0.000,0.000,0,NULL,NULL,,1,0,3,7,255,,250,0,0
stim,591,591,0,3271556.816,0.572,-0.039,-0.108,-0.812,72,62,72,67,11,0,37,41,0,0.000,0,0,0.120,0.004,0.080,-0.040,-0.080,0.003,0.024,1.003,0.002,-0.004,0.002,0.000,0.000,0.000,0.000,0,NULL,NULL,,1,0,3,7,255,,250,0,0
stim,591,591,0,3271561.816,0.572,-0.039,-0.108,-0.812,83,89,58,68,7,0,40,43,0,0.000,0,0,0.028,0.002,0.000,0.020,-0.020,0.004,0.026,1.003,0.002,0.000,0.002,0.000,0.000,0.000,0.000,0,NULL,NULL,,1,0,3,7,255,,250,0,0
stim,608,608,0,3271566.816,0.572,-0.039,-0.108,-0.812,83,91,53,63,37,1,39,23,0,0.000,0,0,0.085,0.009,0.080,0.020,-0.020,0.003,0.024,1.002,0.008,-0.004,0.002,0.000,0.000,0.000,0.000,0,NULL,NULL,,1,0,3,7,255,,250,0,0
stim,608,608,0,3271571.816,0.572,-0.039,-0.108,-0.812,51,59,83,57,19,0,67,35,0,0.000,0,0,0.085,0.008,0.080,0.020,-0.020,0.004,0.026,1.002,-0.008,0.000,-0.008,0.000,0.000,0.000,0.000,0,NULL,NULL,,1,0,3,7,255,,250,0,0
stim,608,608,0,3271576.818,0.572,-0.039,-0.108,-0.812,57,73,57,39,43,2,58,17,0,0.000,0,0,0.028,0.004,0.000,0.020,-0.020,0.004,0.025,1.003,-0.004,0.000,-0.008,0.000,0.000,0.000,0.000,0,NULL,NULL,,1,0,3,7,255,,250,0,0
stim,608,608,0,3271581.816,0.572,-0.039,-0.108,-0.812,84,88,57,69,23,0,41,41,0,0.000,0,0,0.115,0.004,0.080,0.020,-0.080,0.003,0.024,1.003,-0.004,0.000,0.002,0.000,0.000,0.000,0.000,0,NULL,NULL,,1,0,3,7,255,,250,0,0
stim,608,608,0,3271586.816,0.572,-0.039,-0.108,-0.812,53,60,79,61,12,0,61,42,0,0.000,0,0,0.085,0.004,0.080,0.020,-0.020,0.004,0.025,1.004,0.002,0.004,0.006,0.000,0.000,0.000,0.000,0,NULL,NULL,,1,0,3,7,255,,250,0,0
stim,608,608,0,3271591.816,0.572,-0.039,-0.108,-0.812,83,89,56,69,16,0,37,24,0,0.000,0,0,0.085,0.002,0.080,0.020,-0.020,0.003,0.026,1.002,0.002,0.000,0.006,0.000,0.000,0.000,0.000,0,NULL,NULL,,1,0,3,7,255,,250,0,0
stim,623,623,0,3271596.816,0.572,-0.039,-0.108,-0.812,51,69,83,40,19,0,62,39,0,0.000,0,0,0.085,0.006,0.080,0.020,-0.020,0.003,0.026,1.002,-0.004,-0.004,-0.004,0.000,0.000,0.000,0.000,0,NULL,NULL,,1,0,3,7,255,,250,0,0
stim,623,623,0,3271601.816,0.572,-0.039,-0.108,-0.812,83,93,56,69,17,0,37,43,0,0.000,0,0,0.045,0.006,0.000,0.020,0.040,0.004,0.025,1.002,-0.004,-0.004,-0.004,0.000,0.000,0.000,0.000,0,NULL,NULL,,1,0,3,7,255,,250,0,0
stim,644,644,0,3271606.816,0.572,-0.039,-0.108,-0.812,53,61,83,62,20,0,46,40,0,0.000,0,0,0.092,0.004,0.080,-0.040,-0.020,0.004,0.024,1.003,-0.004,0.002,-0.004,0.000,0.000,0.000,0.000,0,NULL,NULL,,1,0,3,7,255,,250,0,0
stim,644,644,0,3271611.816,0.572,-0.039,-0.108,-0.812,51,59,84,39,23,0,69,36,0,0.000,0,0,0.085,0.003,0.080,0.020,-0.020,0.003,0.025,1.003,-0.002,0.002,0.002,0.000,0.000,0.000,0.000,0,NULL,NULL,,1,0,3,7,255,,250,0,0
stim,644,644,0,3271616.816,0.572,-0.039,-0.108,-0.812,54,62,81,60,12,0,61,43,0,0.000,0,0,0.143,0.002,0.140,0.020,-0.020,0.003,0.025,1.003,0.002,0.000,0.002,0.000,0.000,0.000,0.000,0,NULL,NULL,,1,0,3,7,255,,250,0,0
stim,644,644,0,3271621.816,0.572,-0.039,-0.108,-0.812,52,59,77,55,19,0,61,30,0,0.000,0,0,0.115,0.003,0.080,0.020,-0.080,0.002,0.024,1.003,0.002,-0.002,0.002,0.000,0.000,0.000,0.000,0,NULL,NULL,,1,0,3,7,255,,250,0,0
stim,677,677,0,3271626.816,0.572,-0.039,-0.108,-0.812,53,87,74,37,35,0,61,11,0,0.000,0,0,0.085,0.008,0.080,0.020,-0.020,0.002,0.026,1.002,0.002,-0.008,0.000,0.000,0.000,0.000,0.000,0,NULL,NULL,,1,0,3,7,255,,250,0,0
stim,677,677,0,3271631.818,0.572,-0.039,-0.108,-0.812,82,88,57,67,16,0,37,41,0,0.000,0,0,0.092,0.009,0.080,-0.040,-0.020,0.003,0.025,1.002,0.004,-0.008,-0.004,0.000,0.000,0.000,0.000,0,NULL,NULL,,1,0,3,7,255,,250,0,0
stim,677,677,0,3271636.816,0.572,-0.039,-0.108,-0.812,49,67,59,39,40,0,69,16,0,0.000,0,0,0.082,0.004,0.000,0.020,-0.080,0.003,0.025,1.002,-0.002,-0.004,-0.004,0.000,0.000,0.000,0.000,0,NULL,NULL,,1,0,3,7,255,,250,0,0
stim,677,677,0,3271641.816,0.572,-0.039,-0.108,-0.812,51,63,77,40,39,0,67,35,0,0.000,0,0,0.085,0.003,0.080,0.020,-0.020,0.003,0.025,1.003,0.002,-0.002,-0.004,0.000,0.000,0.000,0.000,0,NULL,NULL,,1,0,3,7,255,,250,0,0
stim,677,677,0,3271646.816,0.572,-0.039,-0.108,-0.812,52,85,79,39,37,0,67,17,0,0.000,0,0,0.115,0.003,0.080,0.020,-0.080,0.003,0.025,1.003,0.002,-0.002,0.002,0.000,0.000,0.000,0.000,0,NULL,NULL,,1,0,3,7,255,,250,0,0
stim,677,677,0,3271651.816,0.572,-0.039,-0.108,-0.812,75,63,83,69,16,0,43,44,0,0.000,0,0,0.115,0.006,0.080,0.020,-0.080,0.003,0.025,1.003,0.004,-0.004,0.002,0.000,0.000,0.000,0.000,0,NULL,NULL,,1,0,3,7,255,,250,0,0
stim,708,708,0,3271656.816,0.572,-0.039,-0.108,-0.812,75,89,51,35,35,0,55,10,0,0.000,0,0,0.089,0.006,0.000,-0.040,-0.080,0.003,0.024,1.003,0.004,-0.004,0.002,0.000,0.000,0.000,0.000,0,NULL,NULL,,1,0,3,7,255,,250,0,0
stim,708,708,0,3271661.816,0.572,-0.039,-0.108,-0.812,77,71,79,68,16,0,63,35,0,0.000,0,0,0.085,0.006,0.080,0.020,-0.020,0.004,0.024,1.004,0.006,-0.002,0.002,0.000,0.000,0.000,0.000,0,NULL,NULL,,1,0,3,7,255,,250,0,0
stim,708,708,0,3271666.816,0.572,-0.039,-0.108,-0.812,75,60,57,63,17,0,39,40,0,0.000,0,0,0.139,0.006,0.080,0.080,-0.080,0.003,0.024,1.004,0.006,0.002,0.010,0.000,0.000,0.000,0.000,0,NULL,NULL,,1,0,3,7,255,,250,0,0
stim,708,708,0,3271671.817,0.572,-0.039,-0.108,-0.812,85,72,84,69,17,0,44,45,0,0.000,0,0,0.115,0.008,0.080,0.020,-0.080,0.004,0.024,1.003,0.006,0.006,0.010,0.000,0.000,0.000,0.000,0,NULL,NULL,,1,0,3,7,255,,250,0,0
stim,708,708,0,3271676.816,0.572,-0.039,-0.108,-0.812,73,85,56,62,14,0,37,41,0,0.000,0,0,0.115,0.006,0.080,0.020,-0.080,0.003,0.024,1.002,0.006,0.002,0.006,0.000,0.000,0.000,0.000,0,NULL,NULL,,1,0,3,7,255,,250,0,0
stim,708,708,0,3271681.816,0.572,-0.039,-0.108,-0.812,81,87,56,69,18,0,37,41,0,0.000,0,0,0.082,0.006,0.000,0.080,-0.020,0.003,0.024,1.003,0.006,0.002,0.000,0.000,0.000,0.000,0.000,0,NULL,NULL,,1,0,3,7,255,,250,0,0
stim,725,725,0,3271686.816,0.572,-0.039,-0.108,-0.812,52,61,81,41,18,0,61,41,0,0.000,0,0,0.115,0.006,0.080,0.020,-0.080,0.004,0.024,1.002,0.006,0.002,-0.004,0.000,0.000,0.000,0.000,0,NULL,NULL,,1,0,3,7,255,,250,0,0
stim,726,726,0,3271691.816,0.572,-0.039,-0.108,-0.812,51,86,75,39,36,0,63,17,0,0.000,0,0,0.082,0.006,0.000,0.020,-0.080,0.003,0.024,1.002,0.006,0.002,-0.004,0.000,0.000,0.000,0.000,0,NULL,NULL,,1,0,3,7,255,,250,0,0
stim,726,726,0,3271696.816,0.572,-0.039,-0.108,-0.812,82,87,55,64,11,0,36,22,0,0.000,0,0,0.085,0.004,0.080,0.020,-0.020,0.003,0.025,1.003,0.004,0.002,-0.004,0.000,0.000,0.000,0.000,0,NULL,NULL,,1,0,3,7,255,,250,0,0
stim,726,726,0,3271701.816,0.572,-0.039,-0.108,-0.812,59,91,53,41,39,0,41,16,0,0.000,0,0,0.085,0.006,0.080,0.020,-0.020,0.003,0.024,1.003,0.006,-0.002,0.006,0.000,0.000,0.000,0.000,0,NULL,NULL,,1,0,3,7,255,,250,0,0
stim,743,743,0,3271706.816,0.572,-0.039,-0.108,-0.812,55,63,81,63,12,0,43,42,0,0.000,0,0,0.085,0.004,0.080,0.020,-0.020,0.004,0.024,1.001,0.004,-0.002,0.006,0.000,0.000,0.000,0.000,0,NULL,NULL,,1,0,3,7,255,,250,0,0
stim,743,743,0,3271711.816,0.572,-0.039,-0.108,-0.812,47,85,55,38,35,0,58,13,0,0.000,0,0,0.085,0.006,0.080,0.020,-0.020,0.003,0.024,1.003,0.006,0.002,0.000,0.000,0.000,0.000,0.000,0,NULL,NULL,,1,0,3,7,255,,250,0,0
stim,744,744,0,3271716.816,0.572,-0.039,-0.108,-0.812,47,63,81,39,17,0,61,33,0,0.000,0,0,0.085,0.004,0.080,0.020,-0.020,0.003,0.025,1.002,0.004,0.002,-0.004,0.000,0.000,0.000,0.000,0,NULL,NULL,,1,0,3,7,255,,250,0,0
stim,744,744,0,3271721.816,0.572,-0.039,-0.108,-0.812,55,63,82,61,18,0,62,40,0,0.000,0,0,0.092,0.002,0.080,-0.040,-0.020,0.002,0.026,1.003,0.002,0.000,0.000,0.000,0.000,0.000,0.000,0,NULL,NULL,,1,0,3,7,255,,250,0,0
stim,783,783,0,3271726.816,0.572,-0.039,-0.108,-0.812,75,67,61,71,18,0,37,44,0,0.000,0,0,0.092,0.006,0.080,-0.040,-0.020,0.003,0.026,1.003,-0.004,-0.004,0.002,0.000,0.000,0.000,0.000,0,NULL,NULL,,1,0,3,7,255,,250,0,0
stim,783,783,0,3271731.818,0.572,-0.039,-0.108,-0.812,83,93,57,69,21,0,39,41,0,0.000,0,0,0.085,0.006,0.080,0.020,-0.020,0.003,0.025,1.002,-0.004,-0.004,0.002,0.000,0.000,0.000,0.000,0,NULL,NULL,,1,0,3,7,255,,250,0,0
stim,783,783,0,3271736.816,0.572,-0.039,-0.108,-0.812,51,63,83,39,21,0,69,36,0,0.000,0,0,0.115,0.004,0.080,0.020,-0.080,0.003,0.025,1.002,-0.002,-0.004,-0.004,0.000,0.000,0.000,0.000,0,NULL,NULL,,1,0,3,7,255,,250,0,0
stim,783,783,0,3271741.816,0.572,-0.039,-0.108,-0.812,83,89,56,68,13,0,39,24,0,0.000,0,0,0.092,0.004,0.080,-0.040,-0.020,0.004,0.025,1.003,-0.002,-0.004,-0.004,0.000,0.000,0.000,0.000,0,NULL,NULL,,1,0,3,7,255,,250,0,0
stim,783,783,0,3271746.816,0.572,-0.039,-0.108,-0.812,77,89,52,40,33,0,55,12,0,0.000,0,0,0.085,0.003,0.080,0.020,-0.020,0.003,0.025,1.003,-0.002,-0.002,0.002,0.000,0.000,0.000,0.000,0,NULL,NULL,,1,0,3,7,255,,250,0,0
stim,783,783,0,3271751.816,0.572,-0.039,-0.108,-0.812,51,68,77,37,37,0,67,18,0,0.000,0,0,0.143,0.002,0.140,0.020,-0.020,0.003,0.025,1.002,-0.002,0.000,0.002,0.000,0.000,0.000,0.000,0,NULL,NULL,,1,0,3,7,255,,250,0,0
stim,799,799,0,3271756.816,0.572,-0.039,-0.108,-0.812,52,63,83,43,20,0,67,43,0,0.000,0,0,0.143,0.000,0.140,0.020,-0.020,0.004,0.025,1.003,0.000,0.000,0.002,0.000,0.000,0.000,0.000,0,NULL,NULL,,1,0,3,7,255,,250,0,0
stim,799,799,0,3271761.816,0.572,-0.039,-0.108,-0.812,51,68,57,39,37,0,62,18,0,0.000,0,0,0.115,0.002,0.080,0.020,-0.080,0.003,0.025,1.002,0.002,0.000,-0.004,0.000,0.000,0.000,0.000,0,NULL,NULL,,1,0,3,7,255,,250,0,0
stim,799,799,0,3271766.816,0.572,-0.039,-0.108,-0.812,57,58,83,67,16,0,43,43,0,0.000,0,0,0.085,0.004,0.080,0.020,-0.020,0.004,0.025,1.002,0.000,0.004,-0.008,0.000,0.000,0.000,0.000,0,NULL,NULL,,1,0,3,7,255,,250,0,0
stim,799,799,0,3271771.817,0.572,-0.039,-0.108,-0.812,83,91,53,68,18,0,39,41,0,0.000,0,0,0.085,0.004,0.080,0.020,-0.020,0.003,0.026,1.003,0.000,-0.004,-0.008,0.000,0.000,0.000,0.000,0,NULL,NULL,,1,0,3,7,255,,250,0,0
stim,815,815,0,3271776.817,0.572,-0.039,-0.108,-0.812,77,88,51,57,30,0,37,13,0,0.000,0,0,0.085,0.004,0.080,0.020,-0.020,0.004,0.024,1.003,0.000,0.004,0.006,0.000,0.000,0.000,0.000,0,NULL,NULL,,1,0,3,7,255,,250,0,0
stim,815,815,0,3271781.817,0.572,-0.039,-0.108,-0.812,75,69,59,69,19,0,41,43,0,0.000,0,0,0.085,0.004,0.080,0.020,-0.020,0.003,0.024,1.002,0.004,0.002,0.006,0.000,0.000,0.000,0.000,0,NULL,NULL,,1,0,3,7,255,,250,0,0
stim,815,815,0,3271786.817,0.572,-0.039,-0.108,-0.812,54,69,75,37,35,0,60,12,0,0.000,0,0,0.085,0.006,0.080,0.020,-0.020,0.004,0.025,1.003,0.004,0.004,0.006,0.000,0.000,0.000,0.000,0,NULL,NULL,,1,0,3,7,255,,250,0,0
stim,815,815,0,3271791.816,0.572,-0.039,-0.108,-0.812,78,89,54,41,38,0,40,12,0,0.000,0,0,0.085,0.004,0.080,0.020,-0.020,0.004,0.024,1.002,0.002,0.004,-0.004,0.000,0.000,0.000,0.000,0,NULL,NULL,,1,0,3,7,255,,250,0,0
stim,831,831,0,3271796.816,0.572,-0.039,-0.108,-0.812,77,89,53,39,39,0,55,11,0,0.000,0,0,0.085,0.010,0.080,0.020,-0.020,0.004,0.024,1.002,0.002,0.010,-0.004,0.000,0.000,0.000,0.000,0,NULL,NULL,,1,0,3,7,255,,250,0,0
stim,831,831,0,3271801.816,0.572,-0.039,-0.108,-0.812,59,91,51,41,7,0,54,13,0,0.000,0,0,0.115,0.010,0.080,0.020,-0.080,0.002,0.024,1.002,0.002,0.010,-0.004,0.000,0.000,0.000,0.000,0,NULL,NULL,,1,0,3,7,255,,250,0,0
stim,847,847,0,3271806.816,0.572,-0.039,-0.108,-0.812,81,91,53,64,35,0,40,23,0,0.000,0,0,0.115,0.004,0.080,0.020,-0.080,0.004,0.025,1.002,0.002,0.004,-0.004,0.000,0.000,0.000,0.000,0,NULL,NULL,,1,0,3,7,255,,250,0,0
stim,847,847,0,3271811.816,0.572,-0.039,-0.108,-0.812,57,89,53,43,35,0,57,12,0,0.000,0,0,0.115,0.006,0.080,0.020,-0.080,0.003,0.025,1.003,0.002,-0.006,-0.004,0.000,0.000,0.000,0.000,0,NULL,NULL,,1,0,3,7,255,,250,0,0
stim,847,847,0,3271816.816,0.572,-0.039,-0.108,-0.812,83,87,51,69,19,0,34,44,0,0.000,0,0,0.143,0.000,0.140,0.020,-0.020,0.003,0.025,1.002,0.000,0.000,-0.004,0.000,0.000,0.000,0.000,0,NULL,NULL,,1,0,3,7,255,,250,0,0
stim,847,847,0,3271821.816,0.572,-0.039,-0.108,-0.812,51,63,77,38,37,0,63,17,0,0.000,0,0,0.028,0.006,0.000,0.020,-0.020,0.003,0.025,1.001,0.000,-0.006,-0.008,0.000,0.000,0.000,0.000,0,NULL,NULL,,1,0,3,7,255,,250,0,0
stim,879,879,0,3271826.816,0.572,-0.039,-0.108,-0.812,48,67,83,39,19,0,62,35,0,0.000,0,0,0.092,0.004,0.080,-0.040,-0.020,0.003,0.026,1.003,-0.002,-0.004,-0.008,0.000,0.000,0.000,0.000,0,NULL,NULL,,1,0,3,7,255,,250,0,0
stim,879,879,0,3271831.817,0.572,-0.039,-0.108,-0.812,53,60,83,61,22,0,69,42,0,0.000,0,0,0.085,0.004,0.080,0.020,-0.020,0.003,0.024,1.003,-0.002,-0.004,0.002,0.000,0.000,0.000,0.000,0,NULL,NULL,,1,0,3,7,255,,250,0,0
stim,879,879,0,3271836.817,0.572,-0.039,-0.108,-0.812,76,88,53,37,30,0,35,12,0,0.000,0,0,0.085,0.006,0.080,0.020,-0.020,0.004,0.025,1.003,-0.006,0.002,0.006,0.000,0.000,0.000,0.000,0,NULL,NULL,,1,0,3,7,255,,250,0,0
stim,879,879,0,3271841.816,0.572,-0.039,-0.108,-0.812,52,69,61,39,41,0,69,18,0,0.000,0,0,0.143,0.003,0.140,0.020,-0.020,0.003,0.025,1.002,0.002,0.002,0.006,0.000,0.000,0.000,0.000,0,NULL,NULL,,1,0,3,7,255,,250,0,0
stim,879,879,0,3271846.816,0.572,-0.039,-0.108,-0.812,51,67,83,40,39,0,67,37,0,0.000,0,0,0.115,0.002,0.080,0.020,-0.080,0.003,0.025,1.001,0.002,0.000,-0.004,0.000,0.000,0.000,0.000,0,NULL,NULL,,1,0,3,7,255,,250,0,0
stim,879,879,0,3271851.816,0.572,-0.039,-0.108,-0.812,53,89,54,41,39,0,58,14,0,0.000,0,0,0.115,0.002,0.080,0.020,-0.080,0.003,0.024,1.002,0.002,0.000,-0.008,0.000,0.000,0.000,0.000,0,NULL,NULL,,1,0,3,7,255,,250,0,0
stim,895,895,0,3271856.816,0.572,-0.039,-0.108,-0.812,53,61,83,43,21,0,69,43,0,0.000,0,0,0.115,0.006,0.080,0.020,-0.080,0.003,0.025,1.003,0.002,-0.006,-0.008,0.000,0.000,0.000,0.000,0,NULL,NULL,,1,0,3,7,255,,250,0,0
stim,895,895,0,3271861.816,0.572,-0.039,-0.108,-0.812,84,91,59,69,10,0,39,41,0,0.000,0,0,0.082,0.007,0.000,0.080,-0.020,0.002,0.025,1.001,0.004,-0.006,-0.008,0.000,0.000,0.000,0.000,0,NULL,NULL,,1,0,3,7,255,,250,0,0
stim,895,895,0,3271866.816,0.572,-0.039,-0.108,-0.812,77,91,53,59,37,0,39,17,0,0.000,0,0,0.082,0.007,0.000,0.020,-0.080,0.003,0.024,1.003,0.004,-0.006,0.002,0.000,0.000,0.000,0.000,0,NULL,NULL,,1,0,3,7,255,,250,0,0
stim,895,895,0,3271871.816,0.572,-0.039,-0.108,-0.812,51,63,75,39,36,0,63,16,0,0.000,0,0,0.028,0.006,0.000,0.020,-0.020,0.004,0.026,1.002,0.004,-0.004,-0.002,0.000,0.000,0.000,0.000,0,NULL,NULL,,1,0,3,7,255,,250,0,0
stim,911,911,0,3271876.817,0.572,-0.039,-0.108,-0.812,52,63,79,44,21,0,57,43,0,0.000,0,0,0.085,0.009,0.080,0.020,-0.020,0.003,0.026,1.002,-0.008,-0.004,-0.002,0.000,0.000,0.000,0.000,0,NULL,NULL,,1,0,3,7,255,,250,0,0
stim,911,911,0,3271881.816,0.572,-0.039,-0.108,-0.812,51,61,81,42,41,1,69,39,0,0.000,0,0,0.115,0.009,0.080,0.080,-0.020,0.002,0.025,1.003,-0.008,-0.004,-0.002,0.000,0.000,0.000,0.000,0,NULL,NULL,,1,0,3,7,255,,250,0,0
stim,927,927,0,3271886.816,0.572,-0.039,-0.108,-0.812,53,63,83,61,13,0,43,44,0,0.000,0,0,0.092,0.004,0.080,-0.040,-0.020,0.003,0.024,1.003,0.000,-0.004,0.002,0.000,0.000,0.000,0.000,0,NULL,NULL,,1,0,3,7,255,,250,0,0
stim,927,927,0,3271891.816,0.572,-0.039,-0.108,-0.812,53,87,51,36,37,0,55,12,0,0.000,0,0,0.115,0.004,0.080,0.020,-0.080,0.005,0.025,1.004,0.000,-0.004,0.006,0.000,0.000,0.000,0.000,0,NULL,NULL,,1,0,3,7,255,,250,0,0
stim,927,927,0,3271896.816,0.572,-0.039,-0.108,-0.812,73,61,55,67,13,0,37,41,0,0.000,0,0,0.115,0.008,0.080,0.020,-0.080,0.003,0.024,1.003,0.008,0.002,0.006,0.000,0.000,0.000,0.000,0,NULL,NULL,,1,0,3,7,255,,250,0,0
stim,927,927,0,3271901.816,0.572,-0.039,-0.108,-0.812,83,89,77,69,20,0,39,43,0,0.000,0,0,0.082,0.004,0.000,0.020,-0.080,0.003,0.026,1.003,-0.004,0.002,0.006,0.000,0.000,0.000,0.000,0,NULL,NULL,,1,0,3,7,255,,250,0,0
stim,943,943,0,3271906.816,0.572,-0.039,-0.108,-0.812,75,61,55,69,17,0,30,43,0,0.000,0,0,0.115,0.004,0.080,0.020,-0.080,0.003,0.025,1.003,-0.004,-0.002,0.006,0.000,0.000,0.000,0.000,0,NULL,NULL,,1,0,3,7,255,,250,0,0
stim,943,943,0,3271911.816,0.572,-0.039,-0.108,-0.812,74,61,83,61,19,0,45,43,0,0.000,0,0,0.085,0.006,0.080,0.020,-0.020,0.003,0.025,1.002,-0.004,-0.004,0.002,0.000,0.000,0.000,0.000,0,NULL,NULL,,1,0,3,7,255,,250,0,0
stim,977,977,0,3271916.816,0.572,-0.039,-0.108,-0.812,75,63,59,69,18,0,39,41,0,0.000,0,0,0.028,0.003,0.000,0.020,-0.020,0.004,0.025,1.003,-0.002,-0.002,0.006,0.000,0.000,0.000,0.000,0,NULL,NULL,,1,0,3,7,255,,250,0,0
stim,977,977,0,3271921.816,0.572,-0.039,-0.108,-0.812,71,63,83,69,22,0,69,43,0,0.000,0,0,0.115,0.004,0.080,0.020,-0.080,0.004,0.025,1.003,0.000,0.004,0.006,0.000,0.000,0.000,0.000,0,NULL,NULL,,1,0,3,7,255,,250,0,0
stim,977,977,0,3271926.816,0.572,-0.039,-0.108,-0.812,55,63,77,71,18,0,43,43,0,0.000,0,0,0.115,0.004,0.080,0.080,-0.020,0.003,0.025,1.003,0.000,0.004,0.006,0.000,0.000,0.000,0.000,0,NULL,NULL,,1,0,3,7,255,,250,0,0
stim,977,977,0,3271931.816,0.572,-0.039,-0.108,-0.812,79,70,83,70,16,0,43,45,0,0.000,0,0,0.085,0.004,0.080,0.020,-0.020,0.004,0.026,1.002,0.000,0.004,0.002,0.000,0.000,0.000,0.000,0,NULL,NULL,,1,0,3,7,255,,250,0,0
stim,977,977,0,3271936.818,0.572,-0.039,-0.108,-0.812,47,59,79,39,37,0,63,13,0,0.000,0,0,0.120,0.002,0.080,-0.040,-0.080,0.003,0.025,1.003,0.002,0.000,0.002,0.000,0.000,0.000,0.000,0,NULL,NULL,,1,0,3,7,255,,250,0,0
stim,977,977,0,3271941.816,0.572,-0.039,-0.108,-0.812,81,89,55,41,38,1,39,16,0,0.000,0,0,0.115,0.007,0.080,0.020,-0.080,0.004,0.025,1.003,-0.006,0.004,0.002,0.000,0.000,0.000,0.000,0,NULL,NULL,,1,0,3,7,255,,250,0,0
stim,991,991,0,3271946.816,0.572,-0.039,-0.108,-0.812,47,63,85,39,25,0,69,36,0,0.000,0,0,0.085,0.006,0.080,0.020,-0.020,0.004,0.024,1.003,0.002,0.006,0.006,0.000,0.000,0.000,0.000,0,NULL,NULL,,1,0,3,7,255,,250,0,0
stim,991,991,0,3271951.816,0.572,-0.039,-0.108,-0.812,52,61,84,41,20,0,67,39,0,0.000,0,0,0.085,0.010,0.080,0.020,-0.020,0.005,0.026,1.003,-0.006,0.008,0.006,0.000,0.000,0.000,0.000,0,NULL,NULL,,1,0,3,7,255,,250,0,0
stim,991,991,0,3271956.816,0.572,-0.039,-0.108,-0.812,81,87,51,62,12,0,36,22,0,0.000,0,0,0.092,0.006,0.080,-0.040,-0.020,0.003,0.025,1.003,-0.002,0.006,0.006,0.000,0.000,0.000,0.000,0,NULL,NULL,,1,0,3,7,255,,250,0,0
stim,991,991,0,3271961.816,0.572,-0.039,-0.108,-0.812,51,88,55,39,40,0,57,10,0,0.000,0,0,0.085,0.004,0.080,0.020,-0.020,0.004,0.025,1.001,-0.004,0.002,0.002,0.000,0.000,0.000,0.000,0,NULL,NULL,,1,0,3,7,255,,250,0,0
stim,991,991,0,3271966.816,0.572,-0.039,-0.108,-0.812,55,62,85,61,23,0,47,44,0,0.000,0,0,0.115,0.004,0.080,0.080,-0.020,0.003,0.026,1.003,-0.004,-0.002,0.006,0.000,0.000,0.000,0.000,0,NULL,NULL,,1,0,3,7,255,,250,0,0
stim,991,991,0,3271971.816,0.572,-0.039,-0.108,-0.812,55,67,85,67,18,0,68,45,0,0.000,0,0,0.085,0.004,0.080,0.020,-0.020,0.003,0.025,1.005,-0.004,-0.002,0.006,0.000,0.000,0.000,0.000,0,NULL,NULL,,1,0,3,7,255,,250,0,0
stim,1010,1010,0,3271976.818,0.572,-0.039,-0.108,-0.812,53,62,79,59,13,0,43,43,0,0.000,0,0,0.085,0.003,0.080,0.020,-0.020,0.003,0.025,1.003,-0.002,-0.002,0.006,0.000,0.000,0.000,0.000,0,NULL,NULL,,1,0,3,7,255,,250,0,0
stim,1010,1010,0,3271981.816,0.572,-0.039,-0.108,-0.812,85,89,53,67,12,0,38,23,0,0.000,0,0,0.092,0.003,0.080,-0.040,-0.020,0.004,0.025,1.002,-0.002,-0.002,0.002,0.000,0.000,0.000,0.000,0,NULL,NULL,,1,0,3,7,255,,250,0,0
stim,1023,1023,0,3271986.816,0.572,-0.039,-0.108,-0.812,57,89,75,38,35,0,63,14,0,0.000,0,0,0.085,0.003,0.080,0.020,-0.020,0.003,0.026,1.002,-0.002,-0.002,-0.004,0.000,0.000,0.000,0.000,0,NULL,NULL,,1,0,3,7,255,,250,0,0
stim,1023,1023,0,3271991.816,0.572,-0.039,-0.108,-0.812,53,87,77,39,37,0,63,17,0,0.000,0,0,0.028,0.009,0.000,0.020,-0.020,0.003,0.026,1.001,-0.004,-0.008,-0.004,0.000,0.000,0.000,0.000,0,NULL,NULL,,1,0,3,7,255,,250,0,0
stim,1023,1023,0,3271996.816,0.572,-0.039,-0.108,-0.812,47,62,83,38,39,0,63,27,0,0.000,0,0,0.115,0.009,0.080,0.020,-0.080,0.004,0.024,1.004,-0.004,-0.008,-0.004,0.000,0.000,0.000,0.000,0,NULL,NULL,,1,0,3,7,255,,250,0,0
stim,1023,1023,0,3272001.816,0.572,-0.039,-0.108,-0.812,85,89,59,69,20,0,41,43,0,0.000,0,0,0.085,0.006,0.080,0.020,-0.020,0.003,0.026,1.003,-0.004,-0.004,0.002,0.000,0.000,0.000,0.000,0,NULL,NULL,,1,0,3,7,255,,250,0,0
stim,1043,1043,0,3272006.816,0.572,-0.039,-0.108,-0.812,53,61,82,45,19,0,61,43,0,0.000,0,0,0.115,0.004,0.080,0.020,-0.080,0.002,0.025,1.003,0.002,-0.004,0.006,0.000,0.000,0.000,0.000,0,NULL,NULL,,1,0,3,7,255,,250,0,0
stim,1043,1043,0,3272011.816,0.572,-0.039,-0.108,-0.812,49,69,83,38,19,0,63,33,0,0.000,0,0,0.045,0.004,0.000,-0.040,-0.020,0.004,0.024,1.003,0.002,-0.004,0.002,0.000,0.000,0.000,0.000,0,NULL,NULL,,1,0,3,7,255,,250,0,0
stim,1044,1044,0,3272016.816,0.572,-0.039,-0.108,-0.812,58,90,57,39,37,0,61,17,0,0.000,0,0,0.028,0.003,0.000,0.020,-0.020,0.003,0.025,1.003,0.002,-0.002,0.002,0.000,0.000,0.000,0.000,0,NULL,NULL,,1,0,3,7,255,,250,0,0
stim,1044,1044,0,3272021.816,0.572,-0.039,-0.108,-0.812,84,89,59,70,20,0,41,44,0,0.000,0,0,0.082,0.002,0.000,0.020,-0.080,0.003,0.025,1.003,0.000,-0.002,0.002,0.000,0.000,0.000,0.000,0,NULL,NULL,,1,0,3,7,255,,250,0,0
stim,1076,1076,0,3272026.816,0.572,-0.039,-0.108,-0.812,53,61,85,61,23,0,62,41,0,0.000,0,0,0.085,0.002,0.080,0.020,-0.020,0.004,0.025,1.004,0.000,-0.002,0.002,0.000,0.000,0.000,0.000,0,NULL,NULL,,1,0,3,7,255,,250,0,0
stim,1076,1076,0,3272031.816,0.572,-0.039,-0.108,-0.812,76,67,85,69,20,0,50,45,0,0.000,0,0,0.115,0.004,0.080,0.020,-0.080,0.004,0.025,1.003,0.000,0.004,0.002,0.000,0.000,0.000,0.000,0,NULL,NULL,,1,0,3,7,255,,250,0,0
stim,1109,1109,0,3272036.818,0.572,-0.039,-0.108,-0.812,59,89,54,41,40,0,59,12,0,0.000,0,0,0.085,0.004,0.080,0.020,-0.020,0.003,0.024,1.003,0.002,0.004,0.006,0.000,0.000,0.000,0.000,0,NULL,NULL,,1,0,3,7,255,,250,0,0
stim,1109,1109,0,3272041.816,0.572,-0.039,-0.108,-0.812,55,67,85,69,19,0,63,45,0,0.000,0,0,0.115,0.004,0.080,0.020,-0.080,0.004,0.025,1.002,0.000,0.004,0.000,0.000,0.000,0.000,0.000,0,NULL,NULL,,1,0,3,7,255,,250,0,0
stim,1109,1109,0,3272046.816,0.572,-0.039,-0.108,-0.812,59,88,77,40,39,1,68,18,0,0.000,0,0,0.085,0.002,0.080,0.020,-0.020,0.003,0.025,1.001,0.002,0.000,-0.004,0.000,0.000,0.000,0.000,0,NULL,NULL,,1,0,3,7,255,,250,0,0
stim,1109,1109,0,3272051.816,0.572,-0.039,-0.108,-0.812,57,91,55,43,35,0,56,17,0,0.000,0,0,0.092,0.004,0.080,-0.040,-0.020,0.004,0.025,1.003,0.000,0.004,-0.004,0.000,0.000,0.000,0.000,0,NULL,NULL,,1,0,3,7,255,,250,0,0
stim,1109,1109,0,3272056.816,0.572,-0.039,-0.108,-0.812,83,71,57,68,18,0,39,43,0,0.000,0,0,0.085,0.004,0.080,0.020,-0.020,0.004,0.025,1.003,0.000,0.004,0.002,0.000,0.000,0.000,0.000,0,NULL,NULL,,1,0,3,7,255,,250,0,0
stim,1109,1109,0,3272061.816,0.572,-0.039,-0.108,-0.812,59,89,53,41,37,0,55,14,0,0.000,0,0,0.085,0.004,0.080,0.020,-0.020,0.003,0.025,1.002,0.000,0.004,0.002,0.000,0.000,0.000,0.000,0,NULL,NULL,,1,0,3,7,255,,250,0,0
stim,1109,1109,0,3272066.816,0.572,-0.039,-0.108,-0.812,54,63,79,69,20,0,42,43,0,0.000,0,0,0.115,0.006,0.080,0.020,-0.080,0.004,0.026,1.003,-0.002,0.006,0.002,0.000,0.000,0.000,0.000,0,NULL,NULL,,1,0,3,7,255,,250,0,0
stim,1109,1109,0,3272071.816,0.572,-0.039,-0.108,-0.812,51,59,76,39,37,0,63,18,0,0.000,0,0,0.085,0.003,0.080,0.020,-0.020,0.003,0.025,1.002,-0.002,-0.002,-0.008,0.000,0.000,0.000,0.000,0,NULL,NULL,,1,0,3,7,255,,250,0,0
stim,1109,1109,0,3272076.817,0.572,-0.039,-0.108,-0.812,72,62,84,62,19,0,47,43,0,0.000,0,0,0.085,0.003,0.080,0.020,-0.020,0.003,0.025,1.003,-0.002,-0.002,0.002,0.000,0.000,0.000,0.000,0,NULL,NULL,,1,0,3,7,255,,250,0,0
stim,1109,1109,0,3272081.816,0.572,-0.039,-0.108,-0.812,81,89,45,59,13,0,29,18,0,0.000,0,0,0.085,0.003,0.080,0.020,-0.020,0.003,0.025,1.002,-0.002,-0.002,-0.004,0.000,0.000,0.000,0.000,0,NULL,NULL,,1,0,3,7,255,,250,0,0
stim,1110,1110,0,3272086.816,0.572,-0.039,-0.108,-0.812,82,71,45,68,20,0,39,43,0,0.000,0,0,0.147,0.002,0.140,-0.040,-0.020,0.003,0.024,1.002,0.002,0.000,-0.004,0.000,0.000,0.000,0.000,0,NULL,NULL,,1,0,3,7,255,,250,0,0
stim,1110,1110,0,3272091.816,0.572,-0.039,-0.108,-0.812,54,87,55,37,41,1,57,17,0,0.000,0,0,0.115,0.003,0.080,0.080,-0.020,0.004,0.025,1.003,0.002,0.002,-0.004,0.000,0.000,0.000,0.000,0,NULL,NULL,,1,0,3,7,255,,250,0,0
stim,1142,1142,0,3272096.816,0.572,-0.039,-0.108,-0.812,72,62,55,63,17,0,37,41,0,0.000,0,0,0.085,0.002,0.080,0.020,-0.020,0.003,0.025,1.002,0.000,0.002,-0.004,0.000,0.000,0.000,0.000,0,NULL,NULL,,1,0,3,7,255,,250,0,0
stim,1142,1142,0,3272101.816,0.572,-0.039,-0.108,-0.812,47,69,77,39,31,0,63,17,0,0.000,0,0,0.092,0.002,0.080,-0.040,-0.020,0.003,0.025,1.002,0.000,-0.002,-0.004,0.000,0.000,0.000,0.000,0,NULL,NULL,,1,0,3,7,255,,250,0,0
stim,1142,1142,0,3272106.816,0.572,-0.039,-0.108,-0.812,51,69,83,39,36,0,62,35,0,0.000,0,0,0.028,0.006,0.000,0.020,-0.020,0.002,0.026,1.003,-0.002,-0.006,-0.004,0.000,0.000,0.000,0.000,0,NULL,NULL,,1,0,3,7,255,,250,0,0
stim,1142,1142,0,3272111.816,0.572,-0.039,-0.108,-0.812,51,69,83,39,20,0,69,36,0,0.000,0,0,0.115,0.003,0.080,0.080,-0.020,0.003,0.025,1.004,-0.002,-0.002,0.006,0.000,0.000,0.000,0.000,0,NULL,NULL,,1,0,3,7,255,,250,0,0
stim,1142,1142,0,3272116.816,0.572,-0.039,-0.108,-0.812,83,71,47,69,9,0,39,41,0,0.000,0,0,0.085,0.003,0.080,0.020,-0.020,0.004,0.025,1.003,-0.002,-0.002,0.006,0.000,0.000,0.000,0.000,0,NULL,NULL,,1,0,3,7,255,,250,0,0
stim,1142,1142,0,3272121.816,0.572,-0.039,-0.108,-0.812,53,63,77,39,37,0,61,16,0,0.000,0,0,0.085,0.002,0.080,0.020,-0.020,0.003,0.024,1.002,0.000,0.002,0.006,0.000,0.000,0.000,0.000,0,NULL,NULL,,1,0,3,7,255,,250,0,0
stim,1176,1176,0,3272126.816,0.572,-0.039,-0.108,-0.812,78,89,53,43,41,2,59,16,0,0.000,0,0,0.085,0.008,0.080,0.020,-0.020,0.004,0.025,1.001,0.000,0.008,-0.008,0.000,0.000,0.000,0.000,0,NULL,NULL,,1,0,3,7,255,,250,0,0
stim,1176,1176,0,3272131.817,0.572,-0.039,-0.108,-0.812,53,63,83,59,21,0,62,41,0,0.000,0,0,0.085,0.004,0.080,0.020,-0.020,0.004,0.025,1.002,0.000,0.004,-0.008,0.000,0.000,0.000,0.000,0,NULL,NULL,,1,0,3,7,255,,250,0,0
stim,1177,1177,0,3272136.817,0.572,-0.039,-0.108,-0.812,51,67,83,40,19,0,63,31,0,0.000,0,0,0.115,0.006,0.080,0.020,-0.080,0.004,0.025,1.005,-0.004,0.004,-0.008,0.000,0.000,0.000,0.000,0,NULL,NULL,,1,0,3,7,255,,250,0,0
stim,1177,1177,0,3272141.816,0.572,-0.039,-0.108,-0.812,55,63,85,62,19,0,64,44,0,0.000,0,0,0.115,0.004,0.080,0.020,-0.080,0.004,0.025,1.004,0.000,0.004,0.010,0.000,0.000,0.000,0.000,0,NULL,NULL,,1,0,3,7,255,,250,0,0
stim,1178,1178,0,3272146.816,0.572,-0.039,-0.108,-0.812,77,89,51,39,31,0,53,11,0,0.000,0,0,0.085,0.004,0.080,0.020,-0.020,0.004,0.025,1.002,-0.004,0.002,0.010,0.000,0.000,0.000,0.000,0,NULL,NULL,,1,0,3,7,255,,250,0,0
stim,1178,1178,0,3272151.816,0.572,-0.039,-0.108,-0.812,47,85,58,38,36,0,63,17,0,0.000,0,0,0.028,0.004,0.000,0.020,-0.020,0.003,0.026,1.002,-0.004,0.002,-0.004,0.000,0.000,0.000,0.000,0,NULL,NULL,,1,0,3,7,255,,250,0,0
stim,1199,1199,0,3272156.816,0.572,-0.039,-0.108,-0.812,47,66,84,38,41,0,69,31,0,0.000,0,0,0.085,0.004,0.080,0.020,-0.020,0.004,0.025,1.002,-0.004,0.002,-0.004,0.000,0.000,0.000,0.000,0,NULL,NULL,,1,0,3,7,255,,250,0,0
stim,1199,1199,0,3272161.816,0.572,-0.039,-0.108,-0.812,83,87,59,68,7,0,41,43,0,0.000,0,0,0.115,0.002,0.080,0.020,-0.080,0.003,0.024,1.003,0.000,0.002,-0.004,0.000,0.000,0.000,0.000,0,NULL,NULL,,1,0,3,7,255,,250,0,0
stim,1199,1199,0,3272166.816,0.572,-0.039,-0.108,-0.812,51,68,83,40,19,0,61,35,0,0.000,0,0,0.115,0.004,0.080,0.020,-0.080,0.004,0.025,1.003,0.000,0.004,0.006,0.000,0.000,0.000,0.000,0,NULL,NULL,,1,0,3,7,255,,250,0,0
stim,1199,1199,0,3272171.816,0.572,-0.039,-0.108,-0.812,83,93,53,47,36,0,39,24,0,0.000,0,0,0.085,0.004,0.080,0.020,-0.020,0.004,0.025,1.003,0.000,0.004,0.006,0.000,0.000,0.000,0.000,0,NULL,NULL,,1,0,3,7,255,,250,0,0
stim,1199,1199,0,3272176.818,0.572,-0.039,-0.108,-0.812,76,88,53,37,39,1,53,13,0,0.000,0,0,0.115,0.004,0.080,0.020,-0.080,0.002,0.024,1.002,0.000,0.004,0.006,0.000,0.000,0.000,0.000,0,NULL,NULL,,1,0,3,7,255,,250,0,0
stim,1199,1199,0,3272181.816,0.572,-0.039,-0.108,-0.812,78,90,55,61,37,0,39,20,0,0.000,0,0,0.085,0.009,0.080,0.020,-0.020,0.003,0.024,1.002,0.008,-0.004,-0.004,0.000,0.000,0.000,0.000,0,NULL,NULL,,1,0,3,7,255,,250,0,0
stim,1215,1215,0,3272186.816,0.572,-0.039,-0.108,-0.812,77,89,53,41,39,0,57,13,0,0.000,0,0,0.115,0.013,0.080,0.020,-0.080,0.002,0.024,1.002,0.010,-0.008,-0.004,0.000,0.000,0.000,0.000,0,NULL,NULL,,1,0,3,7,255,,250,0,0
stim,1215,1215,0,3272191.816,0.572,-0.039,-0.108,-0.812,79,89,53,41,36,0,39,13,0,0.000,0,0,0.115,0.011,0.080,0.020,-0.080,0.003,0.026,1.002,0.008,-0.008,-0.008,0.000,0.000,0.000,0.000,0,NULL,NULL,,1,0,3,7,255,,250,0,0
stim,1231,1231,0,3272196.816,0.572,-0.039,-0.108,-0.812,77,87,54,39,39,1,57,12,0,0.000,0,0,0.085,0.008,0.080,0.020,-0.020,0.003,0.025,1.004,0.002,-0.008,-0.004,0.000,0.000,0.000,0.000,0,NULL,NULL,,1,0,3,7,255,,250,0,0
stim,1231,1231,0,3272201.816,0.572,-0.039,-0.108,-0.812,83,91,55,46,38,0,39,23,0,0.000,0,0,0.045,0.002,0.000,0.020,0.040,0.003,0.024,1.003,0.002,0.000,0.000,0.000,0.000,0.000,0.000,0,NULL,NULL,,1,0,3,7,255,,250,0,0
stim,1231,1231,0,3272206.816,0.572,-0.039,-0.108,-0.812,55,62,87,70,17,0,45,43,0,0.000,0,0,0.092,0.002,0.080,-0.040,-0.020,0.003,0.026,1.001,0.002,0.000,0.000,0.000,0.000,0.000,0.000,0,NULL,NULL,,1,0,3,7,255,,250,0,0
stim,1231,1231,0,3272211.816,0.572,-0.039,-0.108,-0.812,55,63,83,61,20,0,67,45,0,0.000,0,0,0.115,0.002,0.080,0.020,-0.080,0.003,0.025,1.002,0.002,0.000,-0.008,0.000,0.000,0.000,0.000,0,NULL,NULL,,1,0,3,7,255,,250,0,0
stim,1279,1279,0,3272216.816,0.572,-0.039,-0.108,-0.812,57,89,75,38,37,0,61,12,0,0.000,0,0,0.115,0.000,0.080,0.020,-0.080,0.004,0.025,1.004,0.000,0.000,-0.008,0.000,0.000,0.000,0.000,0,NULL,NULL,,1,0,3,7,255,,250,0,0
stim,1279,1279,0,3272221.816,0.572,-0.039,-0.108,-0.812,83,89,57,68,21,0,41,43,0,0.000,0,0,0.115,0.004,0.080,0.020,-0.080,0.004,0.024,1.004,0.002,0.004,0.010,0.000,0.000,0.000,0.000,0,NULL,NULL,,1,0,3,7,255,,250,0,0
stim,1279,1279,0,3272226.816,0.572,-0.039,-0.108,-0.812,53,61,85,43,22,0,69,43,0,0.000,0,0,0.162,0.004,0.140,0.020,-0.080,0.003,0.025,1.003,0.002,0.004,0.010,0.000,0.000,0.000,0.000,0,NULL,NULL,,1,0,3,7,255,,250,0,0
stim,1279,1279,0,3272231.816,0.572,-0.039,-0.108,-0.812,83,91,55,51,20,0,39,24,0,0.000,0,0,0.082,0.002,0.000,0.080,-0.020,0.004,0.026,1.002,0.002,0.000,0.006,0.000,0.000,0.000,0.000,0,NULL,NULL,,1,0,3,7,255,,250,0,0
stim,1279,1279,0,3272236.818,0.572,-0.039,-0.108,-0.812,73,83,83,69,23,0,48,45,0,0.000,0,0,0.147,0.008,0.140,-0.040,-0.020,0.003,0.026,1.002,-0.008,0.000,-0.004,0.000,0.000,0.000,0.000,0,NULL,NULL,,1,0,3,7,255,,250,0,0
stim,1279,1279,0,3272241.816,0.572,-0.039,-0.108,-0.812,77,91,56,41,37,1,39,16,0,0.000,0,0,0.028,0.009,0.000,0.020,-0.020,0.003,0.025,1.002,-0.008,-0.004,-0.004,0.000,0.000,0.000,0.000,0,NULL,NULL,,1,0,3,7,255,,250,0,0
stim,1279,1279,0,3272246.816,0.572,-0.039,-0.108,-0.812,77,89,51,59,30,0,36,13,0,0.000,0,0,0.085,0.009,0.080,0.020,-0.020,0.004,0.026,1.002,-0.008,-0.004,-0.004,0.000,0.000,0.000,0.000,0,NULL,NULL,,1,0,3,7,255,,250,0,0
stim,1295,1295,0,3272251.816,0.572,-0.039,-0.108,-0.812,75,89,49,39,27,0,53,11,0,0.000,0,0,0.115,0.006,0.080,0.020,-0.080,0.002,0.024,1.003,0.004,-0.004,-0.004,0.000,0.000,0.000,0.000,0,NULL,NULL,,1,0,3,7,255,,250,0,0
stim,1295,1295,0,3272256.816,0.572,-0.039,-0.108,-0.812,77,89,53,43,36,0,39,13,0,0.000,0,0,0.082,0.008,0.000,0.020,-0.080,0.004,0.026,1.003,-0.008,0.000,0.002,0.000,0.000,0.000,0.000,0,NULL,NULL,,1,0,3,7,255,,250,0,0
stim,1295,1295,0,3272261.816,0.572,-0.039,-0.108,-0.812,73,83,79,67,17,0,45,44,0,0.000,0,0,0.115,0.003,0.080,0.020,-0.080,0.003,0.025,1.002,-0.002,-0.002,0.002,0.000,0.000,0.000,0.000,0,NULL,NULL,,1,0,3,7,255,,250,0,0
stim,1295,1295,0,3272266.816,0.572,-0.039,-0.108,-0.812,73,67,83,69,16,0,45,43,0,0.000,0,0,0.085,0.003,0.080,0.020,-0.020,0.003,0.025,1.002,-0.002,-0.002,-0.004,0.000,0.000,0.000,0.000,0,NULL,NULL,,1,0,3,7,255,,250,0,0
stim,1295,1295,0,3272271.816,0.572,-0.039,-0.108,-0.812,49,61,79,37,33,0,61,30,0,0.000,0,0,0.120,0.004,0.080,-0.040,-0.080,0.003,0.025,1.002,0.000,-0.004,-0.008,0.000,0.000,0.000,0.000,0,NULL,NULL,,1,0,3,7,255,,250,0,0
stim,1295,1295,0,3272276.817,0.572,-0.039,-0.108,-0.812,51,63,78,39,39,0,67,31,0,0.000,0,0,0.082,0.006,0.000,0.020,-0.080,0.003,0.024,1.003,0.004,-0.004,-0.008,0.000,0.000,0.000,0.000,0,NULL,NULL,,1,0,3,7,255,,250,0,0
stim,1311,1311,0,3272281.816,0.572,-0.039,-0.108,-0.812,54,86,51,30,28,0,47,10,0,0.000,0,0,0.085,0.008,0.080,0.020,-0.020,0.003,0.024,1.002,0.008,-0.002,-0.004,0.000,0.000,0.000,0.000,0,NULL,NULL,,1,0,3,7,255,,250,0,0
stim,1311,1311,0,3272286.816,0.572,-0.039,-0.108,-0.812,51,61,83,57,19,0,69,35,0,0.000,0,0,0.147,0.008,0.140,-0.040,-0.020,0.003,0.025,1.003,0.008,-0.002,0.000,0.000,0.000,0.000,0.000,0,NULL,NULL,,1,0,3,7,255,,250,0,0
stim,1327,1327,0,3272291.816,0.572,-0.039,-0.108,-0.812,73,82,84,69,19,0,45,42,0,0.000,0,0,0.092,0.007,0.080,-0.040,-0.020,0.002,0.025,1.001,0.006,-0.004,-0.004,0.000,0.000,0.000,0.000,0,NULL,NULL,,1,0,3,7,255,,250,0,0
stim,1327,1327,0,3272296.816,0.572,-0.039,-0.108,-0.812,75,63,83,61,5,0,47,45,0,0.000,0,0,0.028,0.012,0.000,0.020,-0.020,0.002,0.024,1.001,0.006,-0.010,-0.012,0.000,0.000,0.000,0.000,0,NULL,NULL,,1,0,3,7,255,,250,0,0
stim,1327,1327,0,3272301.816,0.572,-0.039,-0.108,-0.812,73,63,79,61,16,0,44,43,0,0.000,0,0,0.028,0.012,0.000,0.020,-0.020,0.002,0.025,1.003,0.006,-0.010,-0.012,0.000,0.000,0.000,0.000,0,NULL,NULL,,1,0,3,7,255,,250,0,0
stim,1327,1327,0,3272306.816,0.572,-0.039,-0.108,-0.812,49,67,83,39,38,0,67,35,0,0.000,0,0,0.082,0.010,0.000,0.020,-0.080,0.004,0.025,1.003,0.006,-0.008,0.002,0.000,0.000,0.000,0.000,0,NULL,NULL,,1,0,3,7,255,,250,0,0
stim,1343,1343,0,3272311.816,0.572,-0.039,-0.108,-0.812,57,88,79,39,41,2,68,7,0,0.000,0,0,0.115,0.006,0.080,0.020,-0.080,0.003,0.025,1.003,0.004,-0.004,0.006,0.000,0.000,0.000,0.000,0,NULL,NULL,,1,0,3,7,255,,250,0,0
stim,1343,1343,0,3272316.816,0.572,-0.039,-0.108,-0.812,73,62,83,63,21,0,69,45,0,0.000,0,0,0.085,0.007,0.080,0.020,-0.020,0.004,0.024,1.002,0.004,0.006,0.006,0.000,0.000,0.000,0.000,0,NULL,NULL,,1,0,3,7,255,,250,0,0
stim,1343,1343,0,3272321.816,0.572,-0.039,-0.108,-0.812,53,61,79,61,13,0,61,42,0,0.000,0,0,0.113,0.004,0.000,0.080,-0.080,0.004,0.026,1.002,0.004,0.002,-0.004,0.000,0.000,0.000,0.000,0,NULL,NULL,,1,0,3,7,255,,250,0,0
stim,1343,1343,0,3272326.816,0.572,-0.039,-0.108,-0.812,85,71,79,68,18,0,40,43,0,0.000,0,0,0.028,0.008,0.000,0.020,-0.020,0.004,0.026,1.003,-0.008,0.002,-0.004,0.000,0.000,0.000,0.000,0,NULL,NULL,,1,0,3,7,255,,250,0,0
stim,1376,1376,0,3272331.816,0.572,-0.039,-0.108,-0.812,81,91,53,67,20,0,38,40,0,0.000,0,0,0.143,0.008,0.140,0.020,-0.020,0.003,0.024,1.004,-0.008,0.002,0.002,0.000,0.000,0.000,0.000,0,NULL,NULL,,1,0,3,7,255,,250,0,0
stim,1376,1376,0,3272336.818,0.572,-0.039,-0.108,-0.812,83,87,54,63,19,0,40,23,0,0.000,0,0,0.085,0.006,0.080,0.020,-0.020,0.003,0.024,1.003,0.006,0.002,0.002,0.000,0.000,0.000,0.000,0,NULL,NULL,,1,0,3,7,255,,250,0,0
stim,1377,1377,0,3272341.816,0.572,-0.039,-0.108,-0.812,50,59,84,39,41,0,69,18,0,0.000,0,0,0.115,0.006,0.080,0.020,-0.080,0.003,0.025,1.002,0.006,0.002,0.002,0.000,0.000,0.000,0.000,0,NULL,NULL,,1,0,3,7,255,,250,0,0
stim,1377,1377,0,3272346.816,0.572,-0.039,-0.108,-0.812,47,63,77,39,36,0,63,17,0,0.000,0,0,0.028,0.002,0.000,0.020,-0.020,0.003,0.025,1.001,0.002,0.000,-0.004,0.000,0.000,0.000,0.000,0,NULL,NULL,,1,0,3,7,255,,250,0,0
stim,1377,1377,0,3272351.816,0.572,-0.039,-0.108,-0.812,77,91,51,41,31,0,53,11,0,0.000,0,0,0.085,0.002,0.080,0.020,-0.020,0.003,0.025,1.002,-0.002,0.000,-0.004,0.000,0.000,0.000,0.000,0,NULL,NULL,,1,0,3,7,255,,250,0,0
stim,1377,1377,0,3272356.816,0.572,-0.039,-0.108,-0.812,83,93,53,68,31,0,38,22,0,0.000,0,0,0.028,0.002,0.000,0.020,-0.020,0.003,0.025,1.004,0.000,-0.002,-0.004,0.000,0.000,0.000,0.000,0,NULL,NULL,,1,0,3,7,255,,250,0,0
stim,1391,1391,0,3272361.816,0.572,-0.039,-0.108,-0.812,53,61,77,67,18,0,43,43,0,0.000,0,0,0.085,0.006,0.080,0.020,-0.020,0.002,0.024,1.002,0.000,-0.006,-0.004,0.000,0.000,0.000,0.000,0,NULL,NULL,,1,0,3,7,255,,250,0,0
stim,1391,1391,0,3272366.816,0.572,-0.039,-0.108,-0.812,56,63,83,55,18,0,61,37,0,0.000,0,0,0.085,0.010,0.080,0.020,-0.020,0.003,0.024,1.002,0.008,-0.006,-0.004,0.000,0.000,0.000,0.000,0,NULL,NULL,,1,0,3,7,255,,250,0,0
stim,1419,1419,0,3272371.816,0.572,-0.039,-0.108,-0.812,47,61,83,37,37,0,61,30,0,0.000,0,0,0.092,0.008,0.080,-0.040,-0.020,0.003,0.025,1.002,0.008,-0.002,-0.004,0.000,0.000,0.000,0.000,0,NULL,NULL,,1,0,3,7,255,,250,0,0
stim,1419,1419,0,3272376.817,0.572,-0.039,-0.108,-0.812,51,69,85,40,41,0,70,35,0,0.000,0,0,0.085,0.004,0.080,0.020,-0.020,0.004,0.024,1.001,0.004,0.002,-0.004,0.000,0.000,0.000,0.000,0,NULL,NULL,,1,0,3,7,255,,250,0,0
stim,1419,1419,0,3272381.817,0.572,-0.039,-0.108,-0.812,89,100,84,51,11,0,61,45,0,0.000,0,0,0.092,0.003,0.080,-0.040,-0.020,0.003,0.025,1.003,0.002,0.002,-0.004,0.000,0.000,0.000,0.000,0,NULL,NULL,,1,0,3,7,255,,250,0,0
stim,1419,1419,0,3272386.817,0.572,-0.039,-0.108,-0.812,85,91,57,69,12,0,37,25,0,0.000,0,0,0.085,0.003,0.080,0.020,-0.020,0.003,0.025,1.005,0.002,0.002,0.002,0.000,0.000,0.000,0.000,0,NULL,NULL,,1,0,3,7,255,,250,0,0
stim,1420,1420,0,3272391.816,0.572,-0.039,-0.108,-0.812,50,59,77,39,37,0,62,16,0,0.000,0,0,0.089,0.003,0.000,-0.040,-0.080,0.003,0.025,1.004,0.002,0.002,0.010,0.000,0.000,0.000,0.000,0,NULL,NULL,,1,0,3,7,255,,250,0,0
stim,1420,1420,0,3272396.816,0.572,-0.039,-0.108,-0.812,55,89,53,39,41,1,59,16,0,0.000,0,0,0.085,0.003,0.080,0.020,-0.020,0.003,0.024,1.003,0.002,0.002,0.010,0.000,0.000,0.000,0.000,0,NULL,NULL,,1,0,3,7,255,,250,0,0
stim,1439,1439,0,3272401.816,0.572,-0.039,-0.108,-0.812,75,67,85,71,19,0,45,40,0,0.000,0,0,0.085,0.002,0.080,0.020,-0.020,0.003,0.025,1.001,0.002,0.000,0.002,0.000,0.000,0.000,0.000,0,NULL,NULL,,1,0,3,7,255,,250,0,0
stim,1439,1439,0,3272406.816,0.572,-0.039,-0.108,-0.812,85,89,59,69,20,0,41,44,0,0.000,0,0,0.028,0.000,0.000,0.020,-0.020,0.003,0.025,1.002,0.000,0.000,-0.008,0.000,0.000,0.000,0.000,0,NULL,NULL,,1,0,3,7,255,,250,0,0
stim,1439,1439,0,3272411.816,0.572,-0.039,-0.108,-0.812,77,89,55,41,40,1,58,16,0,0.000,0,0,0.115,0.002,0.080,0.020,-0.080,0.004,0.025,1.003,0.000,0.002,-0.008,0.000,0.000,0.000,0.000,0,NULL,NULL,,1,0,3,7,255,,250,0,0
stim,1439,1439,0,3272416.816,0.572,-0.039,-0.108,-0.812,51,68,82,39,17,0,67,37,0,0.000,0,0,0.085,0.002,0.080,0.020,-0.020,0.002,0.025,1.004,0.000,0.002,0.002,0.000,0.000,0.000,0.000,0,NULL,NULL,,1,0,3,7,255,,250,0,0
stim,1476,1476,0,3272421.816,0.572,-0.039,-0.108,-0.812,75,91,55,43,39,0,40,16,0,0.000,0,0,0.028,0.004,0.000,0.020,-0.020,0.003,0.025,1.004,0.000,-0.004,0.010,0.000,0.000,0.000,0.000,0,NULL,NULL,,1,0,3,7,255,,250,0,0
stim,1476,1476,0,3272426.816,0.572,-0.039,-0.108,-0.812,53,87,57,37,40,1,63,12,0,0.000,0,0,0.085,0.006,0.080,0.020,-0.020,0.003,0.024,1.002,0.004,-0.004,0.010,0.000,0.000,0.000,0.000,0,NULL,NULL,,1,0,3,7,255,,250,0,0
stim,1477,1477,0,3272431.816,0.572,-0.039,-0.108,-0.812,75,61,60,71,17,0,35,42,0,0.000,0,0,0.028,0.004,0.000,0.020,-0.020,0.003,0.026,1.001,-0.002,-0.004,-0.004,0.000,0.000,0.000,0.000,0,NULL,NULL,,1,0,3,7,255,,250,0,0
stim,1477,1477,0,3272436.818,0.572,-0.039,-0.108,-0.812,82,87,53,63,15,0,39,24,0,0.000,0,0,0.045,0.008,0.000,-0.040,-0.020,0.004,0.024,1.003,0.008,-0.002,-0.004,0.000,0.000,0.000,0.000,0,NULL,NULL,,1,0,3,7,255,,250,0,0
stim,1477,1477,0,3272441.816,0.572,-0.039,-0.108,-0.812,77,91,51,56,31,0,37,12,0,0.000,0,0,0.092,0.011,0.080,-0.040,-0.020,0.004,0.024,1.003,0.004,0.010,0.002,0.000,0.000,0.000,0.000,0,NULL,NULL,,1,0,3,7,255,,250,0,0
stim,1477,1477,0,3272446.816,0.572,-0.039,-0.108,-0.812,83,71,81,69,21,0,43,44,0,0.000,0,0,0.143,0.012,0.140,0.020,-0.020,0.003,0.024,1.004,0.006,0.010,0.006,0.000,0.000,0.000,0.000,0,NULL,NULL,,1,0,3,7,255,,250,0,0
stim,1506,1506,0,3272451.816,0.572,-0.039,-0.108,-0.812,53,60,79,60,14,0,43,43,0,0.000,0,0,0.115,0.004,0.080,0.020,-0.080,0.004,0.026,1.003,0.004,0.002,0.002,0.000,0.000,0.000,0.000,0,NULL,NULL,,1,0,3,7,255,,250,0,0
stim,1506,1506,0,3272456.816,0.572,-0.039,-0.108,-0.812,79,69,85,69,19,0,47,45,0,0.000,0,0,0.085,0.003,0.080,0.020,-0.020,0.003,0.025,1.002,-0.002,0.002,0.002,0.000,0.000,0.000,0.000,0,NULL,NULL,,1,0,3,7,255,,250,0,0
stim,1506,1506,0,3272461.816,0.572,-0.039,-0.108,-0.812,48,63,77,37,39,0,59,30,0,0.000,0,0,0.115,0.003,0.080,0.020,-0.080,0.003,0.024,1.002,-0.002,0.002,-0.004,0.000,0.000,0.000,0.000,0,NULL,NULL,,1,0,3,7,255,,250,0,0
stim,1506,1506,0,3272466.816,0.572,-0.039,-0.108,-0.812,81,89,55,59,37,0,40,17,0,0.000,0,0,0.085,0.004,0.080,0.020,-0.020,0.003,0.025,1.002,0.004,0.000,-0.004,0.000,0.000,0.000,0.000,0,NULL,NULL,,1,0,3,7,255,,250,0,0
stim,1506,1506,0,3272471.816,0.572,-0.039,-0.108,-0.812,79,91,52,67,37,1,39,23,0,0.000,0,0,0.028,0.011,0.000,0.020,-0.020,0.004,0.024,1.003,0.010,0.004,-0.004,0.000,0.000,0.000,0.000,0,NULL,NULL,,1,0,3,7,255,,250,0,0
stim,1506,1506,0,3272476.817,0.572,-0.039,-0.108,-0.812,53,68,78,39,40,0,68,35,0,0.000,0,0,0.028,0.009,0.000,0.020,-0.020,0.005,0.025,1.003,0.004,0.008,0.006,0.000,0.000,0.000,0.000,0,NULL,NULL,,1,0,3,7,255,,250,0,0
stim,1524,1524,0,3272481.816,0.572,-0.039,-0.108,-0.812,77,89,52,41,33,0,37,12,0,0.000,0,0,0.139,0.008,0.080,0.080,-0.080,0.004,0.025,1.002,0.000,0.008,0.006,0.000,0.000,0.000,0.000,0,NULL,NULL,,1,0,3,7,255,,250,0,0
stim,1524,1524,0,3272486.816,0.572,-0.039,-0.108,-0.812,55,67,83,69,19,0,69,44,0,0.000,0,0,0.028,0.006,0.000,0.020,-0.020,0.003,0.025,1.003,-0.002,0.006,0.002,0.000,0.000,0.000,0.000,0,NULL,NULL,,1,0,3,7,255,,250,0,0
stim,1524,1524,0,3272491.816,0.572,-0.039,-0.108,-0.812,74,61,83,69,22,0,61,44,0,0.000,0,0,0.028,0.004,0.000,0.020,-0.020,0.004,0.025,1.002,-0.002,0.004,-0.004,0.000,0.000,0.000,0.000,0,NULL,NULL,,1,0,3,7,255,,250,0,0
stim,1524,1524,0,3272496.816,0.572,-0.039,-0.108,-0.812,83,91,53,69,37,0,39,24,0,0.000,0,0,0.082,0.002,0.000,0.020,-0.080,0.003,0.025,1.003,-0.002,0.000,0.002,0.000,0.000,0.000,0.000,0,NULL,NULL,,1,0,3,7,255,,250,0,0
stim,1524,1524,0,3272501.816,0.572,-0.039,-0.108,-0.812,53,61,83,43,19,0,63,41,0,0.000,0,0,0.115,0.004,0.080,0.020,-0.080,0.004,0.025,1.002,-0.002,0.004,-0.004,0.000,0.000,0.000,0.000,0,NULL,NULL,,1,0,3,7,255,,250,0,0
stim,1524,1524,0,3272506.816,0.572,-0.039,-0.108,-0.812,51,60,85,41,22,0,69,35,0,0.000,0,0,0.085,0.006,0.080,0.020,-0.020,0.004,0.025,1.002,0.000,0.006,-0.008,0.000,0.000,0.000,0.000,0,NULL,NULL,,1,0,3,7,255,,250,0,0
stim,1541,1541,0,3272511.816,0.572,-0.039,-0.108,-0.812,73,62,57,67,13,0,37,41,0,0.000,0,0,0.085,0.006,0.080,0.020,-0.020,0.003,0.025,1.002,0.000,0.006,-0.008,0.000,0.000,0.000,0.000,0,NULL,NULL,,1,0,3,7,255,,250,0,0
stim,1541,1541,0,3272516.816,0.572,-0.039,-0.108,-0.812,82,91,54,61,37,1,39,20,0,0.000,0,0,0.120,0.000,0.080,-0.040,-0.080,0.003,0.025,1.002,0.000,0.000,-0.004,0.000,0.000,0.000,0.000,0,NULL,NULL,,1,0,3,7,255,,250,0,0
stim,1585,1585,0,3272521.816,0.572,-0.039,-0.108,-0.812,83,91,54,69,12,0,39,43,0,0.000,0,0,0.028,0.002,0.000,0.020,-0.020,0.003,0.025,1.003,-0.002,0.000,-0.004,0.000,0.000,0.000,0.000,0,NULL,NULL,,1,0,3,7,255,,250,0,0
stim,1586,1586,0,3272526.816,0.572,-0.039,-0.108,-0.812,57,88,55,37,40,0,59,16,0,0.000,0,0,0.082,0.002,0.000,0.020,-0.080,0.004,0.025,1.004,-0.002,0.000,0.002,0.000,0.000,0.000,0.000,0,NULL,NULL,,1,0,3,7,255,,250,0,0
stim,1586,1586,0,3272531.816,0.572,-0.039,-0.108,-0.812,79,90,53,58,30,0,36,16,0,0.000,0,0,0.085,0.000,0.080,0.020,-0.020,0.003,0.025,1.004,0.000,0.000,0.012,0.000,0.000,0.000,0.000,0,NULL,NULL,,1,0,3,7,255,,250,0,0
stim,1586,1586,0,3272536.818,0.572,-0.039,-0.108,-0.812,51,68,53,37,35,0,56,12,0,0.000,0,0,0.115,0.004,0.080,0.020,-0.080,0.003,0.025,1.002,0.000,-0.004,0.012,0.000,0.000,0.000,0.000,0,NULL,NULL,,1,0,3,7,255,,250,0,0
stim,1586,1586,0,3272541.816,0.572,-0.039,-0.108,-0.812,47,63,77,38,36,0,63,17,0,0.000,0,0,0.085,0.004,0.080,0.020,-0.020,0.004,0.025,1.002,-0.002,-0.004,-0.004,0.000,0.000,0.000,0.000,0,NULL,NULL,,1,0,3,7,255,,250,0,0
stim,1586,1586,0,3272546.816,0.572,-0.039,-0.108,-0.812,55,61,83,61,23,0,69,45,0,0.000,0,0,0.085,0.006,0.080,0.020,-0.020,0.004,0.025,1.003,-0.002,0.006,-0.004,0.000,0.000,0.000,0.000,0,NULL,NULL,,1,0,3,7,255,,250,0,0
stim,1599,1599,0,3272551.816,0.572,-0.039,-0.108,-0.812,83,71,56,69,13,0,36,43,0,0.000,0,0,0.085,0.006,0.080,0.020,-0.020,0.004,0.025,1.003,0.000,0.006,0.002,0.000,0.000,0.000,0.000,0,NULL,NULL,,1,0,3,7,255,,250,0,0
stim,1599,1599,0,3272556.816,0.572,-0.039,-0.108,-0.812,52,61,83,39,23,0,67,35,0,0.000,0,0,0.115,0.004,0.080,0.020,-0.080,0.003,0.025,1.003,0.000,0.004,0.006,0.000,0.000,0.000,0.000,0,NULL,NULL,,1,0,3,7,255,,250,0,0
stim,1599,1599,0,3272561.816,0.572,-0.039,-0.108,-0.812,75,89,51,37,35,0,55,13,0,0.000,0,0,0.143,0.004,0.140,0.020,-0.020,0.004,0.024,1.004,0.002,0.004,0.006,0.000,0.000,0.000,0.000,0,NULL,NULL,,1,0,3,7,255,,250,0,0
stim,1599,1599,0,3272566.816,0.572,-0.039,-0.108,-0.812,53,87,53,37,30,0,55,14,0,0.000,0,0,0.085,0.004,0.080,0.020,-0.020,0.003,0.024,1.001,0.004,0.000,0.006,0.000,0.000,0.000,0.000,0,NULL,NULL,,1,0,3,7,255,,250,0,0
stim,1599,1599,0,3272571.816,0.572,-0.039,-0.108,-0.812,58,71,78,38,40,1,67,18,0,0.000,0,0,0.120,0.004,0.080,-0.040,-0.080,0.003,0.025,1.001,0.004,-0.002,-0.012,0.000,0.000,0.000,0.000,0,NULL,NULL,,1,0,3,7,255,,250,0,0
stim,1599,1599,0,3272576.818,0.572,-0.039,-0.108,-0.812,50,85,57,37,37,0,61,17,0,0.000,0,0,0.085,0.003,0.080,0.020,-0.020,0.004,0.025,1.003,0.002,-0.002,-0.012,0.000,0.000,0.000,0.000,0,NULL,NULL,,1,0,3,7,255,,250,0,0
stim,1615,1615,0,3272581.816,0.572,-0.039,-0.108,-0.812,83,91,55,41,36,0,57,13,0,0.000,0,0,0.092,0.003,0.080,-0.040,-0.020,0.003,0.024,1.004,0.002,0.002,0.002,0.000,0.000,0.000,0.000,0,NULL,NULL,,1,0,3,7,255,,250,0,0
stim,1615,1615,0,3272586.816,0.572,-0.039,-0.108,-0.812,58,90,55,37,41,0,58,13,0,0.000,0,0,0.085,0.004,0.080,0.020,-0.020,0.002,0.025,1.003,0.004,0.002,0.006,0.000,0.000,0.000,0.000,0,NULL,NULL,,1,0,3,7,255,,250,0,0
stim,1615,1615,0,3272591.816,0.572,-0.039,-0.108,-0.812,57,87,79,39,39,1,69,17,0,0.000,0,0,0.115,0.006,0.080,0.080,-0.020,0.003,0.024,1.002,0.006,-0.002,0.006,0.000,0.000,0.000,0.000,0,NULL,NULL,,1,0,3,7,255,,250,0,0
stim,1615,1615,0,3272596.816,0.572,-0.039,-0.108,-0.812,83,93,53,63,9,0,38,23,0,0.000,0,0,0.085,0.004,0.080,0.020,-0.020,0.004,0.025,1.002,0.004,-0.002,-0.004,0.000,0.000,0.000,0.000,0,NULL,NULL,,1,0,3,7,255,,250,0,0
stim,1631,1631,0,3272601.816,0.572,-0.039,-0.108,-0.812,57,89,77,38,41,0,70,17,0,0.000,0,0,0.092,0.006,0.080,-0.040,-0.020,0.003,0.024,1.002,0.006,0.002,-0.008,0.000,0.000,0.000,0.000,0,NULL,NULL,,1,0,3,7,255,,250,0,0
stim,1631,1631,0,3272606.816,0.572,-0.039,-0.108,-0.812,83,91,55,47,36,0,41,25,0,0.000,0,0,0.092,0.010,0.080,-0.040,-0.020,0.004,0.025,1.003,-0.006,0.008,-0.008,0.000,0.000,0.000,0.000,0,NULL,NULL,,1,0,3,7,255,,250,0,0
stim,1647,1647,0,3272611.816,0.572,-0.039,-0.108,-0.812,55,63,87,63,21,0,63,40,0,0.000,0,0,0.085,0.003,0.080,0.020,-0.020,0.003,0.025,1.003,0.002,0.002,0.002,0.000,0.000,0.000,0.000,0,NULL,NULL,,1,0,3,7,255,,250,0,0
stim,1647,1647,0,3272616.817,0.572,-0.039,-0.108,-0.812,84,91,53,68,18,0,39,41,0,0.000,0,0,0.085,0.008,0.080,0.020,-0.020,0.004,0.025,1.003,-0.002,0.008,0.006,0.000,0.000,0.000,0.000,0,NULL,NULL,,1,0,3,7,255,,250,0,0
stim,1647,1647,0,3272621.816,0.572,-0.039,-0.108,-0.812,81,91,53,67,18,0,39,41,0,0.000,0,0,0.115,0.002,0.080,0.020,-0.080,0.004,0.027,1.001,-0.002,0.000,0.002,0.000,0.000,0.000,0.000,0,NULL,NULL,,1,0,3,7,255,,250,0,0
stim,1647,1647,0,3272626.816,0.572,-0.039,-0.108,-0.812,73,67,83,67,18,1,44,43,0,0.000,0,0,0.085,0.002,0.080,0.020,-0.020,0.003,0.025,1.002,-0.002,0.000,-0.008,0.000,0.000,0.000,0.000,0,NULL,NULL,,1,0,3,7,255,,250,0,0
stim,1679,1679,0,3272631.816,0.572,-0.039,-0.108,-0.812,79,90,54,64,35,1,39,24,0,0.000,0,0,0.028,0.003,0.000,0.020,-0.020,0.003,0.025,1.002,0.002,-0.002,-0.008,0.000,0.000,0.000,0.000,0,NULL,NULL,,1,0,3,7,255,,250,0,0
stim,1679,1679,0,3272636.817,0.572,-0.039,-0.108,-0.812,85,93,85,69,41,0,69,45,0,0.000,0,0,0.143,0.004,0.140,0.020,-0.020,0.003,0.024,1.004,0.004,0.000,-0.004,0.000,0.000,0.000,0.000,0,NULL,NULL,,1,0,3,7,255,,250,0,0
stim,1679,1679,0,3272641.817,0.572,-0.039,-0.108,-0.812,79,89,51,47,30,0,37,23,0,0.000,0,0,0.085,0.004,0.080,0.020,-0.020,0.003,0.025,1.004,0.004,0.000,0.010,0.000,0.000,0.000,0.000,0,NULL,NULL,,1,0,3,7,255,,250,0,0
stim,1679,1679,0,3272646.816,0.572,-0.039,-0.108,-0.812,55,63,83,69,18,0,63,45,0,0.000,0,0,0.085,0.012,0.080,0.020,-0.020,0.003,0.024,1.003,0.012,0.000,0.010,0.000,0.000,0.000,0.000,0,NULL,NULL,,1,0,3,7,255,,250,0,0
stim,1679,1679,0,3272651.816,0.572,-0.039,-0.108,-0.812,83,71,57,69,18,0,39,41,0,0.000,0,0,0.115,0.006,0.080,0.020,-0.080,0.003,0.024,1.001,0.006,0.000,0.002,0.000,0.000,0.000,0.000,0,NULL,NULL,,1,0,3,7,255,,250,0,0
stim,1679,1679,0,3272656.816,0.572,-0.039,-0.108,-0.812,82,87,57,69,18,0,39,43,0,0.000,0,0,0.092,0.006,0.080,-0.040,-0.020,0.004,0.024,1.002,0.006,0.002,-0.004,0.000,0.000,0.000,0.000,0,NULL,NULL,,1,0,3,7,255,,250,0,0
stim,1695,1695,0,3272661.816,0.572,-0.039,-0.108,-0.812,81,69,55,63,13,0,37,41,0,0.000,0,0,0.085,0.006,0.080,0.020,-0.020,0.004,0.025,1.003,0.004,0.004,-0.004,0.000,0.000,0.000,0.000,0,NULL,NULL,,1,0,3,7,255,,250,0,0
stim,1695,1695,0,3272666.816,0.572,-0.039,-0.108,-0.812,56,93,45,41,35,0,54,18,0,0.000,0,0,0.085,0.006,0.080,0.020,-0.020,0.003,0.024,1.004,0.004,0.004,0.006,0.000,0.000,0.000,0.000,0,NULL,NULL,,1,0,3,7,255,,250,0,0
stim,1695,1695,0,3272671.816,0.572,-0.039,-0.108,-0.812,78,87,54,41,38,0,57,13,0,0.000,0,0,0.098,0.003,0.080,-0.040,0.040,0.003,0.025,1.003,0.002,0.002,0.006,0.000,0.000,0.000,0.000,0,NULL,NULL,,1,0,3,7,255,,250,0,0
stim,1695,1695,0,3272676.816,0.572,-0.039,-0.108,-0.812,81,91,52,43,31,0,39,20,0,0.000,0,0,0.082,0.002,0.000,0.080,-0.020,0.003,0.025,1.002,0.002,0.000,0.002,0.000,0.000,0.000,0.000,0,NULL,NULL,,1,0,3,7,255,,250,0,0
stim,1711,1711,0,3272681.817,0.572,-0.039,-0.108,-0.812,47,85,75,39,35,0,67,14,0,0.000,0,0,0.085,0.006,0.080,0.020,-0.020,0.002,0.024,1.002,0.002,-0.006,-0.004,0.000,0.000,0.000,0.000,0,NULL,NULL,,1,0,3,7,255,,250,0,0
stim,1711,1711,0,3272686.816,0.572,-0.039,-0.108,-0.812,57,88,51,41,28,0,36,12,0,0.000,0,0,0.085,0.006,0.080,0.020,-0.020,0.003,0.026,1.002,-0.002,-0.006,-0.004,0.000,0.000,0.000,0.000,0,NULL,NULL,,1,0,3,7,255,,250,0,0
stim,1727,1727,0,3272691.816,0.572,-0.039,-0.108,-0.812,83,87,55,63,17,0,37,41,0,0.000,0,0,0.162,0.007,0.140,0.020,-0.080,0.004,0.024,1.003,0.004,-0.006,-0.004,0.000,0.000,0.000,0.000,0,NULL,NULL,,1,0,3,7,255,,250,0,0
stim,1727,1727,0,3272696.816,0.572,-0.039,-0.108,-0.812,83,69,77,69,20,0,41,43,0,0.000,0,0,0.143,0.004,0.140,0.020,-0.020,0.003,0.024,1.003,0.004,0.000,0.006,0.000,0.000,0.000,0.000,0,NULL,NULL,,1,0,3,7,255,,250,0,0
stim,1727,1727,0,3272701.816,0.572,-0.039,-0.108,-0.812,51,68,73,37,35,0,61,33,0,0.000,0,0,0.085,0.007,0.080,0.020,-0.020,0.004,0.024,1.002,0.004,0.006,0.006,0.000,0.000,0.000,0.000,0,NULL,NULL,,1,0,3,7,255,,250,0,0
stim,1727,1727,0,3272706.816,0.572,-0.039,-0.108,-0.812,77,91,53,41,35,0,38,11,0,0.000,0,0,0.085,0.004,0.080,0.020,-0.020,0.002,0.025,1.002,0.004,0.000,-0.004,0.000,0.000,0.000,0.000,0,NULL,NULL,,1,0,3,7,255,,250,0,0
stim,1743,1743,0,3272711.816,0.572,-0.039,-0.108,-0.812,77,89,54,41,39,0,57,13,0,0.000,0,0,0.085,0.007,0.080,0.020,-0.020,0.002,0.024,1.002,0.004,-0.006,-0.004,0.000,0.000,0.000,0.000,0,NULL,NULL,,1,0,3,7,255,,250,0,0
stim,1743,1743,0,3272716.816,0.572,-0.039,-0.108,-0.812,47,63,75,37,30,0,63,16,0,0.000,0,0,0.089,0.006,0.000,-0.040,-0.080,0.004,0.026,1.004,0.000,-0.006,-0.004,0.000,0.000,0.000,0.000,0,NULL,NULL,,1,0,3,7,255,,250,0,0
stim,1775,1775,0,3272721.816,0.572,-0.039,-0.108,-0.812,59,71,75,39,35,0,61,16,0,0.000,0,0,0.045,0.004,0.000,-0.040,-0.020,0.004,0.024,1.003,0.004,0.002,0.002,0.000,0.000,0.000,0.000,0,NULL,NULL,,1,0,3,7,255,,250,0,0
stim,1775,1775,0,3272726.816,0.572,-0.039,-0.108,-0.812,51,61,83,57,19,0,63,35,0,0.000,0,0,0.162,0.003,0.140,0.020,-0.080,0.003,0.025,1.003,0.002,0.002,0.002,0.000,0.000,0.000,0.000,0,NULL,NULL,,1,0,3,7,255,,250,0,0
stim,1775,1775,0,3272731.816,0.572,-0.039,-0.108,-0.812,52,62,84,60,16,0,47,41,0,0.000,0,0,0.120,0.004,0.080,-0.040,-0.080,0.003,0.026,1.002,0.002,-0.004,0.002,0.000,0.000,0.000,0.000,0,NULL,NULL,,1,0,3,7,255,,250,0,0
stim,1775,1775,0,3272736.818,0.572,-0.039,-0.108,-0.812,84,91,79,69,35,0,61,44,0,0.000,0,0,0.115,0.004,0.080,0.020,-0.080,0.003,0.025,1.002,-0.002,-0.004,-0.008,0.000,0.000,0.000,0.000,0,NULL,NULL,,1,0,3,7,255,,250,0,0
stim,1775,1775,0,3272741.816,0.572,-0.039,-0.108,-0.812,83,88,75,67,12,0,39,41,0,0.000,0,0,0.115,0.012,0.080,0.020,-0.080,0.002,0.026,1.003,-0.010,-0.006,-0.008,0.000,0.000,0.000,0.000,0,NULL,NULL,,1,0,3,7,255,,250,0,0
stim,1775,1775,0,3272746.816,0.572,-0.039,-0.108,-0.812,51,69,75,38,37,0,61,17,0,0.000,0,0,0.085,0.010,0.080,0.020,-0.020,0.002,0.025,1.002,-0.002,-0.010,-0.004,0.000,0.000,0.000,0.000,0,NULL,NULL,,1,0,3,7,255,,250,0,0
stim,1808,1808,0,3272751.816,0.572,-0.039,-0.108,-0.812,49,62,83,39,39,0,63,35,0,0.000,0,0,0.045,0.010,0.000,-0.040,-0.020,0.003,0.025,1.004,0.000,-0.010,0.002,0.000,0.000,0.000,0.000,0,NULL,NULL,,1,0,3,7,255,,250,0,0
stim,1808,1808,0,3272756.816,0.572,-0.039,-0.108,-0.812,59,90,53,41,35,0,55,12,0,0.000,0,0,0.115,0.004,0.080,0.080,-0.020,0.003,0.025,1.003,0.002,-0.004,0.002,0.000,0.000,0.000,0.000,0,NULL,NULL,,1,0,3,7,255,,250,0,0
stim,1808,1808,0,3272761.816,0.572,-0.039,-0.108,-0.812,73,61,61,68,17,0,39,39,0,0.000,0,0,0.085,0.003,0.080,0.020,-0.020,0.004,0.026,1.002,0.002,0.002,0.002,0.000,0.000,0.000,0.000,0,NULL,NULL,,1,0,3,7,255,,250,0,0
stim,1808,1808,0,3272766.816,0.572,-0.039,-0.108,-0.812,73,62,79,69,13,0,43,43,0,0.000,0,0,0.085,0.002,0.080,0.020,-0.020,0.003,0.025,1.001,0.000,0.002,-0.008,0.000,0.000,0.000,0.000,0,NULL,NULL,,1,0,3,7,255,,250,0,0
stim,1808,1808,0,3272771.816,0.572,-0.039,-0.108,-0.812,53,62,81,68,18,0,45,41,0,0.000,0,0,0.082,0.002,0.000,0.020,-0.080,0.003,0.024,1.003,0.000,0.002,-0.008,0.000,0.000,0.000,0.000,0,NULL,NULL,,1,0,3,7,255,,250,0,0
stim,1808,1808,0,3272776.818,0.572,-0.039,-0.108,-0.812,85,89,83,69,13,0,45,43,0,0.000,0,0,0.139,0.003,0.080,0.080,-0.080,0.003,0.025,1.004,0.002,0.002,0.002,0.000,0.000,0.000,0.000,0,NULL,NULL,,1,0,3,7,255,,250,0,0
stim,1808,1808,0,3272781.816,0.572,-0.039,-0.108,-0.812,75,68,63,71,21,0,47,45,0,0.000,0,0,0.085,0.002,0.080,0.020,-0.020,0.003,0.025,1.003,0.002,0.000,0.002,0.000,0.000,0.000,0.000,0,NULL,NULL,,1,0,3,7,255,,250,0,0
stim,1808,1808,0,3272786.816,0.572,-0.039,-0.108,-0.812,75,58,77,68,22,0,71,42,0,0.000,0,0,0.082,0.002,0.000,0.080,-0.020,0.004,0.026,1.002,-0.002,0.000,0.002,0.000,0.000,0.000,0.000,0,NULL,NULL,,1,0,3,7,255,,250,0,0
stim,1823,1823,0,3272791.816,0.572,-0.039,-0.108,-0.812,57,71,74,37,33,0,59,12,0,0.000,0,0,0.028,0.006,0.000,0.020,-0.020,0.002,0.025,1.003,-0.002,-0.006,0.002,0.000,0.000,0.000,0.000,0,NULL,NULL,,1,0,3,7,255,,250,0,0
stim,1823,1823,0,3272796.816,0.572,-0.039,-0.108,-0.812,75,63,82,68,13,0,45,43,0,0.000,0,0,0.115,0.007,0.080,0.080,-0.020,0.004,0.025,1.002,-0.006,0.004,-0.004,0.000,0.000,0.000,0.000,0,NULL,NULL,,1,0,3,7,255,,250,0,0
stim,1823,1823,0,3272801.816,0.572,-0.039,-0.108,-0.812,83,91,53,63,17,0,39,41,0,0.000,0,0,0.085,0.006,0.080,0.020,-0.020,0.004,0.026,1.004,-0.006,0.002,0.002,0.000,0.000,0.000,0.000,0,NULL,NULL,,1,0,3,7,255,,250,0,0
stim,1823,1823,0,3272806.816,0.572,-0.039,-0.108,-0.812,50,69,75,37,29,0,61,16,0,0.000,0,0,0.085,0.007,0.080,0.020,-0.020,0.004,0.024,1.004,-0.006,0.004,0.016,0.000,0.000,0.000,0.000,0,NULL,NULL,,1,0,3,7,255,,250,0,0
stim,1841,1841,0,3272811.816,0.572,-0.039,-0.108,-0.812,55,63,81,68,13,0,43,43,0,0.000,0,0,0.085,0.006,0.080,0.020,-0.020,0.003,0.024,1.003,0.004,0.004,0.016,0.000,0.000,0.000,0.000,0,NULL,NULL,,1,0,3,7,255,,250,0,0
stim,1841,1841,0,3272816.817,0.572,-0.039,-0.108,-0.812,59,90,55,39,40,1,41,16,0,0.000,0,0,0.085,0.009,0.080,0.020,-0.020,0.002,0.024,1.002,0.008,0.004,0.000,0.000,0.000,0.000,0.000,0,NULL,NULL,,1,0,3,7,255,,250,0,0
stim,1876,1876,0,3272821.816,0.572,-0.039,-0.108,-0.812,57,87,73,37,35,0,63,19,0,0.000,0,0,0.092,0.009,0.080,-0.040,-0.020,0.004,0.025,1.002,0.008,0.004,-0.008,0.000,0.000,0.000,0.000,0,NULL,NULL,,1,0,3,7,255,,250,0,0
stim,1876,1876,0,3272826.816,0.572,-0.039,-0.108,-0.812,51,69,83,39,20,0,67,35,0,0.000,0,0,0.085,0.004,0.080,0.020,-0.020,0.004,0.025,1.003,0.000,0.004,-0.008,0.000,0.000,0.000,0.000,0,NULL,NULL,,1,0,3,7,255,,250,0,0
stim,1889,1889,0,3272831.816,0.572,-0.039,-0.108,-0.812,53,61,79,61,13,0,61,43,0,0.000,0,0,0.085,0.004,0.080,0.020,-0.020,0.003,0.024,1.003,0.000,0.004,0.002,0.000,0.000,0.000,0.000,0,NULL,NULL,,1,0,3,7,255,,250,0,0
stim,1889,1889,0,3272836.817,0.572,-0.039,-0.108,-0.812,83,88,83,59,35,0,62,37,0,0.000,0,0,0.028,0.006,0.000,0.020,-0.020,0.004,0.024,1.004,0.002,0.006,0.006,0.000,0.000,0.000,0.000,0,NULL,NULL,,1,0,3,7,255,,250,0,0
stim,1889,1889,0,3272841.817,0.572,-0.039,-0.108,-0.812,83,93,55,68,18,0,39,41,0,0.000,0,0,0.085,0.003,0.080,0.020,-0.020,0.004,0.026,1.002,0.002,0.002,0.006,0.000,0.000,0.000,0.000,0,NULL,NULL,,1,0,3,7,255,,250,0,0
stim,1889,1889,0,3272846.816,0.572,-0.039,-0.108,-0.812,83,89,57,69,19,0,40,41,0,0.000,0,0,0.143,0.007,0.140,0.020,-0.020,0.004,0.025,1.002,-0.006,0.004,-0.004,0.000,0.000,0.000,0.000,0,NULL,NULL,,1,0,3,7,255,,250,0,0
stim,1889,1889,0,3272851.816,0.572,-0.039,-0.108,-0.812,55,62,84,63,23,0,49,45,0,0.000,0,0,0.120,0.006,0.080,-0.040,-0.080,0.003,0.025,1.002,-0.006,0.002,-0.004,0.000,0.000,0.000,0.000,0,NULL,NULL,,1,0,3,7,255,,250,0,0
stim,1889,1889,0,3272856.816,0.572,-0.039,-0.108,-0.812,85,87,77,69,20,0,41,43,0,0.000,0,0,0.085,0.002,0.080,0.020,-0.020,0.003,0.025,1.004,-0.002,0.000,-0.004,0.000,0.000,0.000,0.000,0,NULL,NULL,,1,0,3,7,255,,250,0,0
stim,1907,1907,0,3272861.816,0.572,-0.039,-0.108,-0.812,77,87,54,67,19,0,39,41,0,0.000,0,0,0.162,0.000,0.140,0.020,-0.080,0.003,0.023,1.004,0.000,0.000,0.010,0.000,0.000,0.000,0.000,0,NULL,NULL,,1,0,3,7,255,,250,0,0
stim,1907,1907,0,3272866.816,0.572,-0.039,-0.108,-0.812,73,62,84,63,5,0,68,45,0,0.000,0,0,0.085,0.006,0.080,0.020,-0.020,0.003,0.026,1.003,-0.002,-0.006,0.010,0.000,0.000,0.000,0.000,0,NULL,NULL,,1,0,3,7,255,,250,0,0
stim,1907,1907,0,3272871.816,0.572,-0.039,-0.108,-0.812,58,89,75,39,37,0,63,16,0,0.000,0,0,0.115,0.007,0.080,0.020,-0.080,0.003,0.026,1.003,-0.006,-0.004,0.006,0.000,0.000,0.000,0.000,0,NULL,NULL,,1,0,3,7,255,,250,0,0
stim,1907,1907,0,3272876.816,0.572,-0.039,-0.108,-0.812,86,87,85,69,13,0,44,47,0,0.000,0,0,0.115,0.007,0.080,0.080,-0.020,0.003,0.025,1.002,-0.006,-0.004,0.002,0.000,0.000,0.000,0.000,0,NULL,NULL,,1,0,3,7,255,,250,0,0
stim,1907,1907,0,3272881.817,0.572,-0.039,-0.108,-0.812,79,91,53,59,19,0,31,17,0,0.000,0,0,0.085,0.004,0.080,0.020,-0.020,0.003,0.025,1.002,0.000,-0.004,-0.004,0.000,0.000,0.000,0.000,0,NULL,NULL,,1,0,3,7,255,,250,0,0
stim,1907,1907,0,3272886.816,0.572,-0.039,-0.108,-0.812,51,69,79,38,38,0,63,18,0,0.000,0,0,0.082,0.002,0.000,0.020,-0.080,0.003,0.024,1.005,0.002,0.000,-0.004,0.000,0.000,0.000,0.000,0,NULL,NULL,,1,0,3,7,255,,250,0,0
stim,1919,1919,0,3272891.816,0.572,-0.039,-0.108,-0.812,83,89,56,63,12,0,38,43,0,0.000,0,0,0.085,0.006,0.080,0.020,-0.020,0.003,0.023,1.003,0.006,0.000,0.000,0.000,0.000,0.000,0.000,0,NULL,NULL,,1,0,3,7,255,,250,0,0
stim,1919,1919,0,3272896.816,0.572,-0.039,-0.108,-0.812,55,87,53,37,31,0,56,17,0,0.000,0,0,0.085,0.006,0.080,0.020,-0.020,0.003,0.025,1.002,0.006,0.000,0.000,0.000,0.000,0.000,0.000,0,NULL,NULL,,1,0,3,7,255,,250,0,0
stim,1942,1942,0,3272901.816,0.572,-0.039,-0.108,-0.812,55,63,82,69,16,0,43,43,0,0.000,0,0,0.028,0.000,0.000,0.020,-0.020,0.004,0.025,1.001,0.000,0.000,-0.008,0.000,0.000,0.000,0.000,0,NULL,NULL,,1,0,3,7,255,,250,0,0
stim,1942,1942,0,3272906.816,0.572,-0.039,-0.108,-0.812,50,70,77,40,41,1,71,18,0,0.000,0,0,0.085,0.002,0.080,0.020,-0.020,0.003,0.026,1.001,-0.002,0.000,-0.014,0.000,0.000,0.000,0.000,0,NULL,NULL,,1,0,3,7,255,,250,0,0
stim,1942,1942,0,3272911.816,0.572,-0.039,-0.108,-0.812,76,88,51,39,28,0,37,0,0,0.000,0,0,0.028,0.002,0.000,0.020,-0.020,0.003,0.025,1.003,-0.002,0.000,-0.014,0.000,0.000,0.000,0.000,0,NULL,NULL,,1,0,3,7,255,,250,0,0
stim,1942,1942,0,3272916.816,0.572,-0.039,-0.108,-0.812,83,91,53,68,18,0,39,41,0,0.000,0,0,0.115,0.006,0.080,0.020,-0.080,0.004,0.025,1.004,-0.006,0.000,0.002,0.000,0.000,0.000,0.000,0,NULL,NULL,,1,0,3,7,255,,250,0,0
stim,1974,1974,0,3272921.816,0.572,-0.039,-0.108,-0.812,83,91,52,68,13,0,37,25,0,0.000,0,0,0.085,0.000,0.080,0.020,-0.020,0.003,0.025,1.003,0.000,0.000,0.002,0.000,0.000,0.000,0.000,0,NULL,NULL,,1,0,3,7,255,,250,0,0
stim,1974,1974,0,3272926.816,0.572,-0.039,-0.108,-0.812,81,88,57,63,18,0,39,43,0,0.000,0,0,0.115,0.004,0.080,0.020,-0.080,0.004,0.025,1.002,-0.002,0.004,0.002,0.000,0.000,0.000,0.000,0,NULL,NULL,,1,0,3,7,255,,250,0,0
stim,1975,1975,0,3272931.816,0.572,-0.039,-0.108,-0.812,55,61,83,69,13,0,44,43,0,0.000,0,0,0.166,0.002,0.140,-0.040,-0.080,0.003,0.025,1.002,-0.002,0.000,-0.004,0.000,0.000,0.000,0.000,0,NULL,NULL,,1,0,3,7,255,,250,0,0
stim,1975,1975,0,3272936.818,0.572,-0.039,-0.108,-0.812,71,85,82,55,21,0,67,36,0,0.000,0,0,0.066,0.003,-0.060,0.020,-0.020,0.003,0.025,1.003,-0.002,-0.002,-0.004,0.000,0.000,0.000,0.000,0,NULL,NULL,,1,0,3,7,255,,250,0,0
stim,1976,1976,0,3272941.816,0.572,-0.039,-0.108,-0.812,78,90,52,44,31,0,37,18,0,0.000,0,0,0.115,0.003,0.080,0.020,-0.080,0.003,0.024,1.003,-0.002,-0.002,0.002,0.000,0.000,0.000,0.000,0,NULL,NULL,,1,0,3,7,255,,250,0,0
stim,1976,1976,0,3272946.816,0.572,-0.039,-0.108,-0.812,85,88,59,69,19,0,40,44,0,0.000,0,0,0.139,0.002,0.080,0.080,-0.080,0.004,0.025,1.003,0.000,-0.002,0.002,0.000,0.000,0.000,0.000,0,NULL,NULL,,1,0,3,7,255,,250,0,0
stim,2007,2007,0,3272951.816,0.572,-0.039,-0.108,-0.812,73,61,57,68,19,0,39,41,0,0.000,0,0,0.085,0.004,0.080,0.020,-0.020,0.004,0.025,1.003,0.000,0.004,0.002,0.000,0.000,0.000,0.000,0,NULL,NULL,,1,0,3,7,255,,250,0,0
stim,2007,2007,0,3272956.816,0.572,-0.039,-0.108,-0.812,59,89,53,43,39,0,40,16,0,0.000,0,0,0.162,0.004,0.140,0.020,-0.080,0.003,0.025,1.001,0.000,0.004,0.002,0.000,0.000,0.000,0.000,0,NULL,NULL,,1,0,3,7,255,,250,0,0
stim,2007,2007,0,3272961.816,0.572,-0.039,-0.108,-0.812,51,86,77,37,37,0,69,14,0,0.000,0,0,0.085,0.004,0.080,0.020,-0.020,0.004,0.025,1.003,0.000,0.004,0.002,0.000,0.000,0.000,0.000,0,NULL,NULL,,1,0,3,7,255,,250,0,0
stim,2007,2007,0,3272966.816,0.572,-0.039,-0.108,-0.812,85,91,55,45,19,0,39,23,0,0.000,0,0,0.085,0.004,0.080,0.020,-0.020,0.004,0.025,1.003,0.000,0.004,0.002,0.000,0.000,0.000,0.000,0,NULL,NULL,,1,0,3,7,255,,250,0,0
stim,2007,2007,0,3272971.816,0.572,-0.039,-0.108,-0.812,51,60,83,37,19,0,63,35,0,0.000,0,0,0.028,0.004,0.000,0.020,-0.020,0.003,0.025,1.002,0.000,0.004,0.002,0.000,0.000,0.000,0.000,0,NULL,NULL,,1,0,3,7,255,,250,0,0
stim,2007,2007,0,3272976.817,0.572,-0.039,-0.108,-0.812,75,67,82,69,20,0,63,45,0,0.000,0,0,0.085,0.004,0.080,0.020,-0.020,0.004,0.025,1.003,0.000,0.004,0.002,0.000,0.000,0.000,0.000,0,NULL,NULL,,1,0,3,7,255,,250,0,0
stim,2016,2016,0,3272981.818,0.572,-0.039,-0.108,-0.812,77,89,56,39,39,0,61,18,0,0.000,0,0,0.162,0.004,0.140,0.020,-0.080,0.004,0.023,1.002,0.002,0.004,-0.004,0.000,0.000,0.000,0.000,0,NULL,NULL,,1,0,3,7,255,,250,0,0
stim,2016,2016,0,3272986.816,0.572,-0.039,-0.108,-0.812,56,63,85,45,41,0,69,45,0,0.000,0,0,0.115,0.004,0.080,0.020,-0.080,0.003,0.025,1.002,0.000,0.004,-0.004,0.000,0.000,0.000,0.000,0,NULL,NULL,,1,0,3,7,255,,250,0,0
stim,2031,2031,0,3272991.816,0.572,-0.039,-0.108,-0.812,77,89,54,58,37,0,39,16,0,0.000,0,0,0.092,0.000,0.080,-0.040,-0.020,0.003,0.025,1.002,0.000,0.000,-0.004,0.000,0.000,0.000,0.000,0,NULL,NULL,,1,0,3,7,255,,250,0,0
stim,2031,2031,0,3272996.816,0.572,-0.039,-0.108,-0.812,82,89,57,69,19,0,39,43,0,0.000,0,0,0.085,0.000,0.080,0.020,-0.020,0.003,0.023,1.003,0.000,0.000,-0.004,0.000,0.000,0.000,0.000,0,NULL,NULL,,1,0,3,7,255,,250,0,0
stim,2031,2031,0,3273001.816,0.572,-0.039,-0.108,-0.812,53,61,73,61,21,0,67,43,0,0.000,0,0,0.045,0.010,0.000,-0.040,-0.020,0.002,0.024,1.003,0.008,-0.006,0.000,0.000,0.000,0.000,0.000,0,NULL,NULL,,1,0,3,7,255,,250,0,0
stim,2031,2031,0,3273006.816,0.572,-0.039,-0.108,-0.812,59,89,55,39,41,1,43,16,0,0.000,0,0,0.143,0.009,0.140,0.020,-0.020,0.003,0.026,1.002,0.008,-0.004,0.000,0.000,0.000,0.000,0.000,0,NULL,NULL,,1,0,3,7,255,,250,0,0
stim,2047,2047,0,3273011.816,0.572,-0.039,-0.108,-0.812,57,89,59,38,40,0,69,17,0,0.000,0,0,0.092,0.004,0.080,-0.040,-0.020,0.003,0.025,1.002,0.000,-0.004,-0.008,0.000,0.000,0.000,0.000,0,NULL,NULL,,1,0,3,7,255,,250,0,0
stim,2047,2047,0,3273016.816,0.572,-0.039,-0.108,-0.812,51,63,83,39,23,0,69,35,0,0.000,0,0,0.085,0.002,0.080,0.020,-0.020,0.003,0.024,1.003,0.000,-0.002,-0.008,0.000,0.000,0.000,0.000,0,NULL,NULL,,1,0,3,7,255,,250,0,0
stim,2079,2079,0,3273021.816,0.572,-0.039,-0.108,-0.812,51,59,83,39,20,0,63,35,0,0.000,0,0,0.115,0.004,0.080,0.020,-0.080,0.004,0.024,1.003,0.004,0.000,0.002,0.000,0.000,0.000,0.000,0,NULL,NULL,,1,0,3,7,255,,250,0,0
stim,2079,2079,0,3273026.816,0.572,-0.039,-0.108,-0.812,51,69,77,40,39,0,69,17,0,0.000,0,0,0.092,0.004,0.080,-0.040,-0.020,0.003,0.025,1.004,0.004,0.000,0.006,0.000,0.000,0.000,0.000,0,NULL,NULL,,1,0,3,7,255,,250,0,0
stim,2079,2079,0,3273031.816,0.572,-0.039,-0.108,-0.812,81,91,53,63,13,0,25,21,0,0.000,0,0,0.115,0.002,0.080,0.020,-0.080,0.003,0.025,1.002,0.002,0.000,0.002,0.000,0.000,0.000,0.000,0,NULL,NULL,,1,0,3,7,255,,250,0,0
stim,2079,2079,0,3273036.818,0.572,-0.039,-0.108,-0.812,51,59,55,39,43,0,59,16,0,0.000,0,0,0.082,0.000,0.000,0.080,-0.020,0.004,0.025,1.002,0.000,0.000,-0.004,0.000,0.000,0.000,0.000,0,NULL,NULL,,1,0,3,7,255,,250,0,0
stim,2079,2079,0,3273041.816,0.572,-0.039,-0.108,-0.812,53,85,53,39,41,0,59,16,0,0.000,0,0,0.143,0.006,0.140,0.020,-0.020,0.004,0.025,1.003,-0.006,0.002,-0.004,0.000,0.000,0.000,0.000,0,NULL,NULL,,1,0,3,7,255,,250,0,0
stim,2079,2079,0,3273046.816,0.572,-0.039,-0.108,-0.812,55,87,55,39,39,1,58,16,0,0.000,0,0,0.115,0.006,0.080,0.020,-0.080,0.003,0.024,1.002,-0.006,0.002,-0.004,0.000,0.000,0.000,0.000,0,NULL,NULL,,1,0,3,7,255,,250,0,0
stim,2079,2079,0,3273051.816,0.572,-0.039,-0.108,-0.812,76,89,52,39,35,0,56,12,0,0.000,0,0,0.115,0.000,0.080,0.020,-0.080,0.003,0.025,1.003,0.000,0.000,0.002,0.000,0.000,0.000,0.000,0,NULL,NULL,,1,0,3,7,255,,250,0,0
stim,2095,2095,0,3273056.816,0.572,-0.039,-0.108,-0.812,47,62,69,36,28,0,54,10,0,0.000,0,0,0.082,0.004,0.000,0.020,-0.080,0.004,0.024,1.003,0.004,0.000,0.002,0.000,0.000,0.000,0.000,0,NULL,NULL,,1,0,3,7,255,,250,0,0
stim,2095,2095,0,3273061.816,0.572,-0.039,-0.108,-0.812,83,87,57,69,9,0,41,43,0,0.000,0,0,0.115,0.002,0.080,0.020,-0.080,0.003,0.025,1.003,0.002,0.000,0.002,0.000,0.000,0.000,0.000,0,NULL,NULL,,1,0,3,7,255,,250,0,0
stim,2095,2095,0,3273066.816,0.572,-0.039,-0.108,-0.812,59,89,55,41,37,0,57,13,0,0.000,0,0,0.115,0.002,0.080,0.020,-0.080,0.003,0.025,1.002,0.002,0.000,0.002,0.000,0.000,0.000,0.000,0,NULL,NULL,,1,0,3,7,255,,250,0,0
stim,2111,2111,0,3273071.817,0.572,-0.039,-0.108,-0.812,76,88,54,41,41,1,59,17,0,0.000,0,0,0.115,0.004,0.080,0.020,-0.080,0.003,0.025,1.003,0.002,-0.004,0.002,0.000,0.000,0.000,0.000,0,NULL,NULL,,1,0,3,7,255,,250,0,0
stim,2111,2111,0,3273076.816,0.572,-0.039,-0.108,-0.812,83,92,55,71,19,0,39,24,0,0.000,0,0,0.075,0.002,-0.060,-0.040,-0.020,0.004,0.024,1.003,0.002,0.000,0.002,0.000,0.000,0.000,0.000,0,NULL,NULL,,1,0,3,7,255,,250,0,0
stim,2111,2111,0,3273081.816,0.572,-0.039,-0.108,-0.812,54,63,82,69,14,0,44,43,0,0.000,0,0,0.115,0.002,0.080,0.020,-0.080,0.003,0.025,1.003,0.002,0.000,0.006,0.000,0.000,0.000,0.000,0,NULL,NULL,,1,0,3,7,255,,250,0,0
stim,2111,2111,0,3273086.816,0.572,-0.039,-0.108,-0.812,83,88,57,69,13,0,37,43,0,0.000,0,0,0.120,0.008,0.080,-0.040,-0.080,0.004,0.025,1.003,0.000,0.008,0.006,0.000,0.000,0.000,0.000,0,NULL,NULL,,1,0,3,7,255,,250,0,0
stim,2127,2127,0,3273091.816,0.572,-0.039,-0.108,-0.812,75,88,53,37,30,0,55,11,0,0.000,0,0,0.085,0.008,0.080,0.020,-0.020,0.003,0.026,1.002,-0.008,0.000,0.002,0.000,0.000,0.000,0.000,0,NULL,NULL,,1,0,3,7,255,,250,0,0
stim,2127,2127,0,3273096.816,0.572,-0.039,-0.108,-0.812,83,89,58,68,19,0,40,43,0,0.000,0,0,0.085,0.010,0.080,0.020,-0.020,0.003,0.025,1.001,-0.008,-0.006,-0.004,0.000,0.000,0.000,0.000,0,NULL,NULL,,1,0,3,7,255,,250,0,0
stim,2143,2143,0,3273101.816,0.572,-0.039,-0.108,-0.812,51,68,83,39,37,0,63,35,0,0.000,0,0,0.045,0.007,0.000,-0.040,-0.020,0.003,0.025,1.003,-0.004,-0.006,-0.004,0.000,0.000,0.000,0.000,0,NULL,NULL,,1,0,3,7,255,,250,0,0
stim,2143,2143,0,3273106.816,0.572,-0.039,-0.108,-0.812,59,91,53,43,29,0,55,13,0,0.000,0,0,0.082,0.004,0.000,0.020,-0.080,0.003,0.024,1.004,0.000,-0.004,0.002,0.000,0.000,0.000,0.000,0,NULL,NULL,,1,0,3,7,255,,250,0,0
stim,2143,2143,0,3273111.816,0.572,-0.039,-0.108,-0.812,79,89,53,59,35,0,39,18,0,0.000,0,0,0.115,0.004,0.080,0.020,-0.080,0.004,0.024,1.004,0.004,0.000,0.010,0.000,0.000,0.000,0.000,0,NULL,NULL,,1,0,3,7,255,,250,0,0
stim,2143,2143,0,3273116.816,0.572,-0.039,-0.108,-0.812,84,88,77,69,20,0,40,42,0,0.000,0,0,0.085,0.006,0.080,0.020,-0.020,0.004,0.025,1.003,0.004,0.004,0.010,0.000,0.000,0.000,0.000,0,NULL,NULL,,1,0,3,7,255,,250,0,0
stim,2175,2175,0,3273121.816,0.572,-0.039,-0.108,-0.812,51,69,75,39,30,0,64,18,0,0.000,0,0,0.085,0.004,0.080,0.020,-0.020,0.004,0.026,1.002,-0.002,0.004,0.006,0.000,0.000,0.000,0.000,0,NULL,NULL,,1,0,3,7,255,,250,0,0
stim,2175,2175,0,3273126.816,0.572,-0.039,-0.108,-0.812,81,71,83,70,17,0,45,43,0,0.000,0,0,0.092,0.010,0.080,0.020,0.040,0.004,0.026,1.001,-0.010,0.000,-0.008,0.000,0.000,0.000,0.000,0,NULL,NULL,,1,0,3,7,255,,250,0,0
stim,2176,2176,0,3273131.816,0.572,-0.039,-0.108,-0.812,55,61,81,63,12,0,43,43,0,0.000,0,0,0.085,0.010,0.080,0.020,-0.020,0.003,0.025,1.003,-0.010,0.000,-0.008,0.000,0.000,0.000,0.000,0,NULL,NULL,,1,0,3,7,255,,250,0,0
stim,2176,2176,0,3273136.818,0.572,-0.039,-0.108,-0.812,51,59,77,39,38,0,67,17,0,0.000,0,0,0.085,0.002,0.080,0.020,-0.020,0.004,0.025,1.003,-0.002,0.000,0.006,0.000,0.000,0.000,0.000,0,NULL,NULL,,1,0,3,7,255,,250,0,0
stim,2177,2177,0,3273141.816,0.572,-0.039,-0.108,-0.812,59,90,55,41,40,1,57,12,0,0.000,0,0,0.085,0.004,0.080,0.020,-0.020,0.003,0.025,1.003,0.002,-0.004,0.006,0.000,0.000,0.000,0.000,0,NULL,NULL,,1,0,3,7,255,,250,0,0
stim,2177,2177,0,3273146.816,0.572,-0.039,-0.108,-0.812,51,69,78,37,38,0,63,16,0,0.000,0,0,0.115,0.004,0.080,0.020,-0.080,0.003,0.025,1.001,-0.002,-0.004,0.006,0.000,0.000,0.000,0.000,0,NULL,NULL,,1,0,3,7,255,,250,0,0
stim,2191,2191,0,3273151.816,0.572,-0.039,-0.108,-0.812,53,61,83,61,21,0,45,43,0,0.000,0,0,0.085,0.004,0.080,0.020,-0.020,0.003,0.025,1.001,0.000,-0.004,-0.012,0.000,0.000,0.000,0.000,0,NULL,NULL,,1,0,3,7,255,,250,0,0
stim,2191,2191,0,3273156.816,0.572,-0.039,-0.108,-0.812,83,92,53,67,37,0,39,23,0,0.000,0,0,0.085,0.006,0.080,0.020,-0.020,0.002,0.024,1.003,0.000,-0.006,-0.012,0.000,0.000,0.000,0.000,0,NULL,NULL,,1,0,3,7,255,,250,0,0
stim,2191,2191,0,3273161.816,0.572,-0.039,-0.108,-0.812,73,61,56,67,12,0,37,41,0,0.000,0,0,0.115,0.009,0.080,0.020,-0.080,0.002,0.025,1.002,0.004,-0.008,-0.004,0.000,0.000,0.000,0.000,0,NULL,NULL,,1,0,3,7,255,,250,0,0
stim,2191,2191,0,3273166.816,0.572,-0.039,-0.108,-0.812,83,89,58,67,7,0,40,43,0,0.000,0,0,0.115,0.009,0.080,0.020,-0.080,0.004,0.025,1.004,0.004,-0.008,0.002,0.000,0.000,0.000,0.000,0,NULL,NULL,,1,0,3,7,255,,250,0,0
stim,2207,2207,0,3273171.816,0.572,-0.039,-0.108,-0.812,77,89,53,41,39,0,57,16,0,0.000,0,0,0.115,0.009,0.080,0.020,-0.080,0.002,0.024,1.002,0.004,-0.008,-0.004,0.000,0.000,0.000,0.000,0,NULL,NULL,,1,0,3,7,255,,250,0,0
stim,2207,2207,0,3273176.818,0.572,-0.039,-0.108,-0.812,73,63,85,61,39,0,69,45,0,0.000,0,0,0.028,0.008,0.000,0.020,-0.020,0.003,0.026,1.001,-0.002,-0.008,-0.004,0.000,0.000,0.000,0.000,0,NULL,NULL,,1,0,3,7,255,,250,0,0
stim,2207,2207,0,3273181.816,0.572,-0.039,-0.108,-0.812,55,62,85,43,41,0,70,42,0,0.000,0,0,0.092,0.011,0.080,-0.040,-0.020,0.003,0.026,1.002,-0.008,-0.008,-0.004,0.000,0.000,0.000,0.000,0,NULL,NULL,,1,0,3,7,255,,250,0,0
stim,2207,2207,0,3273186.816,0.572,-0.039,-0.108,-0.812,56,67,85,70,22,0,70,45,0,0.000,0,0,0.085,0.011,0.080,0.020,-0.020,0.003,0.024,1.004,-0.008,-0.008,-0.004,0.000,0.000,0.000,0.000,0,NULL,NULL,,1,0,3,7,255,,250,0,0
stim,2223,2223,0,3273191.816,0.572,-0.039,-0.108,-0.812,53,62,83,61,16,0,44,43,0,0.000,0,0,0.028,0.002,0.000,0.020,-0.020,0.005,0.024,1.004,0.000,-0.002,0.010,0.000,0.000,0.000,0.000,0,NULL,NULL,,1,0,3,7,255,,250,0,0
stim,2223,2223,0,3273196.816,0.572,-0.039,-0.108,-0.812,83,71,79,69,20,0,43,43,0,0.000,0,0,0.028,0.004,0.000,0.020,-0.020,0.004,0.025,1.002,0.000,0.004,0.010,0.000,0.000,0.000,0.000,0,NULL,NULL,,1,0,3,7,255,,250,0,0
stim,2241,2241,0,3273201.816,0.572,-0.039,-0.108,-0.812,47,67,83,39,36,0,67,29,0,0.000,0,0,0.115,0.004,0.080,0.080,-0.020,0.003,0.024,1.003,0.000,0.004,0.002,0.000,0.000,0.000,0.000,0,NULL,NULL,,1,0,3,7,255,,250,0,0
stim,2241,2241,0,3273206.816,0.572,-0.039,-0.108,-0.812,51,60,85,41,19,0,68,39,0,0.000,0,0,0.115,0.003,0.080,0.020,-0.080,0.003,0.025,1.001,-0.002,-0.002,-0.004,0.000,0.000,0.000,0.000,0,NULL,NULL,,1,0,3,7,255,,250,0,0
stim,2241,2241,0,3273211.816,0.572,-0.039,-0.108,-0.812,71,61,47,63,12,0,30,40,0,0.000,0,0,0.115,0.006,0.080,0.020,-0.080,0.003,0.025,1.002,-0.004,-0.004,-0.008,0.000,0.000,0.000,0.000,0,NULL,NULL,,1,0,3,7,255,,250,0,0
stim,2241,2241,0,3273216.816,0.572,-0.039,-0.108,-0.812,83,91,55,49,18,0,39,23,0,0.000,0,0,0.045,0.006,0.000,-0.040,-0.020,0.003,0.024,1.003,-0.004,-0.004,-0.008,0.000,0.000,0.000,0.000,0,NULL,NULL,,1,0,3,7,255,,250,0,0
stim,2274,2274,0,3273221.816,0.572,-0.039,-0.108,-0.812,77,90,55,41,41,0,59,13,0,0.000,0,0,0.115,0.006,0.080,0.020,-0.080,0.004,0.025,1.004,-0.004,-0.004,0.002,0.000,0.000,0.000,0.000,0,NULL,NULL,,1,0,3,7,255,,250,0,0
stim,2274,2274,0,3273226.816,0.572,-0.039,-0.108,-0.812,75,63,84,69,20,0,47,43,0,0.000,0,0,0.085,0.006,0.080,0.020,-0.020,0.002,0.026,1.002,-0.004,-0.004,0.002,0.000,0.000,0.000,0.000,0,NULL,NULL,,1,0,3,7,255,,250,0,0
stim,2275,2275,0,3273231.816,0.572,-0.039,-0.108,-0.812,49,63,81,38,19,0,63,35,0,0.000,0,0,0.089,0.006,0.000,-0.040,-0.080,0.003,0.024,1.002,-0.004,-0.004,-0.004,0.000,0.000,0.000,0.000,0,NULL,NULL,,1,0,3,7,255,,250,0,0
stim,2275,2275,0,3273236.818,0.572,-0.039,-0.108,-0.812,83,89,83,70,17,0,45,43,0,0.000,0,0,0.120,0.006,0.080,-0.040,-0.080,0.003,0.025,1.002,-0.004,-0.004,-0.008,0.000,0.000,0.000,0.000,0,NULL,NULL,,1,0,3,7,255,,250,0,0
stim,2275,2275,0,3273241.816,0.572,-0.039,-0.108,-0.812,53,87,57,38,37,0,63,16,0,0.000,0,0,0.115,0.004,0.080,0.080,-0.020,0.003,0.025,1.003,-0.004,-0.002,-0.008,0.000,0.000,0.000,0.000,0,NULL,NULL,,1,0,3,7,255,,250,0,0
stim,2275,2275,0,3273246.816,0.572,-0.039,-0.108,-0.812,84,93,55,51,37,0,41,25,0,0.000,0,0,0.085,0.004,0.080,0.020,-0.020,0.003,0.025,1.004,-0.004,-0.002,0.006,0.000,0.000,0.000,0.000,0,NULL,NULL,,1,0,3,7,255,,250,0,0
stim,2288,2288,0,3273251.816,0.572,-0.039,-0.108,-0.812,82,71,56,69,13,0,37,41,0,0.000,0,0,0.085,0.003,0.080,0.020,-0.020,0.004,0.024,1.002,0.002,-0.002,0.006,0.000,0.000,0.000,0.000,0,NULL,NULL,,1,0,3,7,255,,250,0,0
stim,2288,2288,0,3273256.816,0.572,-0.039,-0.108,-0.812,83,92,53,67,37,1,39,24,0,0.000,0,0,0.162,0.002,0.140,0.020,-0.080,0.003,0.025,1.003,0.002,0.000,0.006,0.000,0.000,0.000,0.000,0,NULL,NULL,,1,0,3,7,255,,250,0,0
stim,2289,2289,0,3273261.816,0.572,-0.039,-0.108,-0.812,47,62,83,39,23,0,69,35,0,0.000,0,0,0.115,0.002,0.080,0.020,-0.080,0.003,0.025,1.002,0.002,0.000,-0.004,0.000,0.000,0.000,0.000,0,NULL,NULL,,1,0,3,7,255,,250,0,0
stim,2289,2289,0,3273266.816,0.572,-0.039,-0.108,-0.812,75,69,81,61,12,0,43,39,0,0.000,0,0,0.162,0.002,0.140,0.020,-0.080,0.004,0.024,1.002,0.002,0.000,-0.004,0.000,0.000,0.000,0.000,0,NULL,NULL,,1,0,3,7,255,,250,0,0
stim,2307,2307,0,3273271.816,0.572,-0.039,-0.108,-0.812,55,63,83,60,18,0,59,43,0,0.000,0,0,0.028,0.004,0.000,0.020,-0.020,0.003,0.026,1.003,0.002,-0.004,-0.004,0.000,0.000,0.000,0.000,0,NULL,NULL,,1,0,3,7,255,,250,0,0
stim,2307,2307,0,3273276.817,0.572,-0.039,-0.108,-0.812,75,67,82,69,12,0,43,43,0,0.000,0,0,0.028,0.004,0.000,0.020,-0.020,0.002,0.025,1.003,-0.002,-0.004,0.006,0.000,0.000,0.000,0.000,0,NULL,NULL,,1,0,3,7,255,,250,0,0
stim,2319,2319,0,3273281.816,0.572,-0.039,-0.108,-0.812,55,61,82,61,12,0,43,43,0,0.000,0,0,0.092,0.004,0.080,-0.040,-0.020,0.003,0.025,1.003,-0.002,-0.004,0.006,0.000,0.000,0.000,0.000,0,NULL,NULL,,1,0,3,7,255,,250,0,0
stim,2319,2319,0,3273286.816,0.572,-0.039,-0.108,-0.812,57,89,52,37,36,0,55,12,0,0.000,0,0,0.147,0.000,0.140,0.020,0.040,0.003,0.025,1.002,0.000,0.000,0.002,0.000,0.000,0.000,0.000,0,NULL,NULL,,1,0,3,7,255,,250,0,0
stim,2319,2319,0,3273291.816,0.572,-0.039,-0.108,-0.812,81,71,77,69,17,0,39,41,0,0.000,0,0,0.092,0.000,0.080,-0.040,-0.020,0.003,0.025,1.002,0.000,0.000,-0.004,0.000,0.000,0.000,0.000,0,NULL,NULL,,1,0,3,7,255,,250,0,0
stim,2319,2319,0,3273296.816,0.572,-0.039,-0.108,-0.812,48,63,83,39,19,0,67,35,0,0.000,0,0,0.085,0.000,0.080,0.020,-0.020,0.002,0.024,1.003,0.000,0.000,-0.004,0.000,0.000,0.000,0.000,0,NULL,NULL,,1,0,3,7,255,,250,0,0
stim,2341,2341,0,3273301.816,0.572,-0.039,-0.108,-0.812,73,63,52,67,20,0,35,42,0,0.000,0,0,0.085,0.000,0.080,0.020,-0.020,0.004,0.025,1.004,0.000,0.000,0.002,0.000,0.000,0.000,0.000,0,NULL,NULL,,1,0,3,7,255,,250,0,0
stim,2341,2341,0,3273306.816,0.572,-0.039,-0.108,-0.812,76,89,55,39,36,1,40,16,0,0.000,0,0,0.162,0.000,0.140,0.020,-0.080,0.003,0.025,1.003,0.000,0.000,0.002,0.000,0.000,0.000,0.000,0,NULL,NULL,,1,0,3,7,255,,250,0,0
stim,2341,2341,0,3273311.816,0.572,-0.039,-0.108,-0.812,77,89,55,41,40,0,41,16,0,0.000,0,0,0.143,0.000,0.140,0.020,-0.020,0.003,0.024,1.003,0.000,0.000,0.002,0.000,0.000,0.000,0.000,0,NULL,NULL,,1,0,3,7,255,,250,0,0
stim,2341,2341,0,3273316.816,0.572,-0.039,-0.108,-0.812,51,69,85,41,39,1,69,37,0,0.000,0,0,0.028,0.000,0.000,0.020,-0.020,0.004,0.025,1.002,0.000,0.000,0.002,0.000,0.000,0.000,0.000,0,NULL,NULL,,1,0,3,7,255,,250,0,0
stim,2373,2373,0,3273321.816,0.572,-0.039,-0.108,-0.812,77,89,57,39,41,0,62,16,0,0.000,0,0,0.085,0.004,0.080,0.020,-0.020,0.002,0.025,1.002,0.002,-0.004,-0.008,0.000,0.000,0.000,0.000,0,NULL,NULL,,1,0,3,7,255,,250,0,0
stim,2373,2373,0,3273326.816,0.572,-0.039,-0.108,-0.812,51,61,85,56,37,0,63,33,0,0.000,0,0,0.028,0.003,0.000,0.020,-0.020,0.003,0.024,1.003,0.002,0.002,-0.008,0.000,0.000,0.000,0.000,0,NULL,NULL,,1,0,3,7,255,,250,0,0
stim,2374,2374,0,3273331.816,0.572,-0.039,-0.108,-0.812,54,61,77,63,20,0,35,43,0,0.000,0,0,0.085,0.004,0.080,0.020,-0.020,0.003,0.024,1.005,0.004,0.002,0.006,0.000,0.000,0.000,0.000,0,NULL,NULL,,1,0,3,7,255,,250,0,0
stim,2374,2374,0,3273336.818,0.572,-0.039,-0.108,-0.812,51,58,78,40,41,2,69,17,0,0.000,0,0,0.143,0.004,0.140,0.020,-0.020,0.003,0.024,1.003,0.004,0.002,0.006,0.000,0.000,0.000,0.000,0,NULL,NULL,,1,0,3,7,255,,250,0,0
stim,2375,2375,0,3273341.816,0.572,-0.039,-0.108,-0.812,79,91,55,43,37,0,40,18,0,0.000,0,0,0.085,0.004,0.080,0.020,-0.020,0.004,0.026,1.002,0.004,0.002,0.002,0.000,0.000,0.000,0.000,0,NULL,NULL,,1,0,3,7,255,,250,0,0
stim,2375,2375,0,3273346.816,0.572,-0.039,-0.108,-0.812,82,87,57,69,20,0,39,43,0,0.000,0,0,0.028,0.004,0.000,0.020,-0.020,0.003,0.025,1.001,-0.004,0.000,-0.004,0.000,0.000,0.000,0.000,0,NULL,NULL,,1,0,3,7,255,,250,0,0
stim,2375,2375,0,3273351.816,0.572,-0.039,-0.108,-0.812,57,89,57,39,39,0,67,16,0,0.000,0,0,0.092,0.004,0.080,-0.040,-0.020,0.003,0.025,1.002,-0.004,-0.002,-0.004,0.000,0.000,0.000,0.000,0,NULL,NULL,,1,0,3,7,255,,250,0,0
stim,2406,2406,0,3273356.816,0.572,-0.039,-0.108,-0.812,52,59,83,60,21,0,68,43,0,0.000,0,0,0.085,0.003,0.080,0.020,-0.020,0.003,0.024,1.005,-0.002,-0.002,-0.004,0.000,0.000,0.000,0.000,0,NULL,NULL,,1,0,3,7,255,,250,0,0
stim,2406,2406,0,3273361.816,0.572,-0.039,-0.108,-0.812,85,91,57,69,10,0,40,43,0,0.000,0,0,0.085,0.006,0.080,0.020,-0.020,0.003,0.024,1.004,0.006,-0.002,0.010,0.000,0.000,0.000,0.000,0,NULL,NULL,,1,0,3,7,255,,250,0,0
stim,2406,2406,0,3273366.816,0.572,-0.039,-0.108,-0.812,75,67,82,69,16,0,45,45,0,0.000,0,0,0.115,0.006,0.080,0.020,-0.080,0.003,0.025,1.003,0.006,-0.002,0.010,0.000,0.000,0.000,0.000,0,NULL,NULL,,1,0,3,7,255,,250,0,0
stim,2407,2407,0,3273371.816,0.572,-0.039,-0.108,-0.812,53,87,77,37,37,0,62,16,0,0.000,0,0,0.085,0.000,0.080,0.020,-0.020,0.004,0.026,1.001,0.000,0.000,0.002,0.000,0.000,0.000,0.000,0,NULL,NULL,,1,0,3,7,255,,250,0,0
stim,2407,2407,0,3273376.818,0.572,-0.039,-0.108,-0.812,77,89,55,41,37,1,40,14,0,0.000,0,0,0.115,0.004,0.080,0.080,-0.020,0.003,0.025,1.003,-0.004,0.000,0.002,0.000,0.000,0.000,0.000,0,NULL,NULL,,1,0,3,7,255,,250,0,0
stim,2407,2407,0,3273381.816,0.572,-0.039,-0.108,-0.812,78,91,55,42,33,0,39,13,0,0.000,0,0,0.115,0.004,0.080,0.020,-0.080,0.003,0.023,1.003,-0.004,0.000,0.000,0.000,0.000,0.000,0.000,0,NULL,NULL,,1,0,3,7,255,,250,0,0
stim,2407,2407,0,3273386.816,0.572,-0.039,-0.108,-0.812,78,91,54,41,37,0,40,13,0,0.000,0,0,0.092,0.006,0.080,0.020,0.040,0.003,0.024,1.004,0.006,-0.002,0.002,0.000,0.000,0.000,0.000,0,NULL,NULL,,1,0,3,7,255,,250,0,0
stim,2418,2418,0,3273391.816,0.572,-0.039,-0.108,-0.812,57,88,77,39,37,1,71,17,0,0.000,0,0,0.045,0.006,0.000,-0.040,-0.020,0.004,0.025,1.003,0.006,0.000,0.002,0.000,0.000,0.000,0.000,0,NULL,NULL,,1,0,3,7,255,,250,0,0
stim,2418,2418,0,3273396.816,0.572,-0.039,-0.108,-0.812,52,68,78,38,40,0,69,16,0,0.000,0,0,0.162,0.003,0.140,0.020,-0.080,0.002,0.025,1.002,-0.002,-0.002,0.002,0.000,0.000,0.000,0.000,0,NULL,NULL,,1,0,3,7,255,,250,0,0
stim,2432,2432,0,3273401.816,0.572,-0.039,-0.108,-0.812,54,63,77,69,12,0,43,43,0,0.000,0,0,0.115,0.004,0.080,0.020,-0.080,0.003,0.025,1.003,-0.002,-0.004,0.002,0.000,0.000,0.000,0.000,0,NULL,NULL,,1,0,3,7,255,,250,0,0
stim,2432,2432,0,3273406.816,0.572,-0.039,-0.108,-0.812,50,68,75,38,35,0,63,12,0,0.000,0,0,0.028,0.004,0.000,0.020,-0.020,0.004,0.024,1.003,0.002,-0.004,0.006,0.000,0.000,0.000,0.000,0,NULL,NULL,,1,0,3,7,255,,250,0,0
stim,2447,2447,0,3273411.816,0.572,-0.039,-0.108,-0.812,51,61,79,43,18,0,62,40,0,0.000,0,0,0.089,0.002,0.000,-0.040,-0.080,0.003,0.025,1.004,0.002,0.000,0.006,0.000,0.000,0.000,0.000,0,NULL,NULL,,1,0,3,7,255,,250,0,0
stim,2447,2447,0,3273416.817,0.572,-0.039,-0.108,-0.812,53,67,85,70,20,0,63,43,0,0.000,0,0,0.115,0.004,0.080,0.020,-0.080,0.004,0.025,1.003,0.000,0.004,0.006,0.000,0.000,0.000,0.000,0,NULL,NULL,,1,0,3,7,255,,250,0,0
stim,2447,2447,0,3273421.816,0.572,-0.039,-0.108,-0.812,83,91,56,68,12,0,30,43,0,0.000,0,0,0.028,0.004,0.000,0.020,-0.020,0.004,0.024,1.003,0.000,0.004,0.006,0.000,0.000,0.000,0.000,0,NULL,NULL,,1,0,3,7,255,,250,0,0
stim,2447,2447,0,3273426.816,0.572,-0.039,-0.108,-0.812,52,61,83,39,37,0,63,17,0,0.000,0,0,0.085,0.004,0.080,0.020,-0.020,0.004,0.027,1.002,-0.002,0.004,0.006,0.000,0.000,0.000,0.000,0,NULL,NULL,,1,0,3,7,255,,250,0,0
stim,2479,2479,0,3273431.816,0.572,-0.039,-0.108,-0.812,59,89,76,38,36,0,62,16,0,0.000,0,0,0.085,0.004,0.080,0.020,-0.020,0.003,0.024,1.003,0.004,0.002,0.006,0.000,0.000,0.000,0.000,0,NULL,NULL,,1,0,3,7,255,,250,0,0
stim,2479,2479,0,3273436.817,0.572,-0.039,-0.108,-0.812,51,85,53,37,31,0,58,13,0,0.000,0,0,0.162,0.003,0.140,0.020,-0.080,0.003,0.025,1.003,-0.002,-0.002,0.006,0.000,0.000,0.000,0.000,0,NULL,NULL,,1,0,3,7,255,,250,0,0
stim,2479,2479,0,3273441.817,0.572,-0.039,-0.108,-0.812,82,88,57,67,13,0,37,43,0,0.000,0,0,0.162,0.003,0.140,0.020,-0.080,0.005,0.025,1.003,-0.002,0.002,0.006,0.000,0.000,0.000,0.000,0,NULL,NULL,,1,0,3,7,255,,250,0,0
stim,2479,2479,0,3273446.816,0.572,-0.039,-0.108,-0.812,83,89,59,68,17,0,39,43,0,0.000,0,0,0.115,0.006,0.080,0.020,-0.080,0.004,0.024,1.003,-0.002,0.006,0.006,0.000,0.000,0.000,0.000,0,NULL,NULL,,1,0,3,7,255,,250,0,0
stim,2479,2479,0,3273451.816,0.572,-0.039,-0.108,-0.812,52,85,77,38,40,0,69,13,0,0.000,0,0,0.143,0.006,0.140,0.020,-0.020,0.003,0.025,1.003,0.002,0.006,0.000,0.000,0.000,0.000,0.000,0,NULL,NULL,,1,0,3,7,255,,250,0,0
stim,2479,2479,0,3273456.816,0.572,-0.039,-0.108,-0.812,77,89,55,61,37,0,40,18,0,0.000,0,0,0.085,0.002,0.080,0.020,-0.020,0.003,0.025,1.002,0.002,0.000,0.000,0.000,0.000,0.000,0.000,0,NULL,NULL,,1,0,3,7,255,,250,0,0
stim,2495,2495,0,3273461.816,0.572,-0.039,-0.108,-0.812,54,61,85,61,19,0,46,45,0,0.000,0,0,0.143,0.003,0.140,0.020,-0.020,0.003,0.025,1.002,0.002,-0.002,-0.004,0.000,0.000,0.000,0.000,0,NULL,NULL,,1,0,3,7,255,,250,0,0
stim,2495,2495,0,3273466.816,0.572,-0.039,-0.108,-0.812,55,63,85,50,24,0,67,43,0,0.000,0,0,0.085,0.003,0.080,0.020,-0.020,0.003,0.024,1.003,0.002,-0.002,-0.004,0.000,0.000,0.000,0.000,0,NULL,NULL,,1,0,3,7,255,,250,0,0
stim,2511,2511,0,3273471.816,0.572,-0.039,-0.108,-0.812,53,63,81,62,12,0,44,43,0,0.000,0,0,0.092,0.008,0.080,-0.040,-0.020,0.004,0.024,1.003,0.008,-0.002,0.006,0.000,0.000,0.000,0.000,0,NULL,NULL,,1,0,3,7,255,,250,0,0
stim,2511,2511,0,3273476.816,0.572,-0.039,-0.108,-0.812,57,88,55,39,41,1,59,16,0,0.000,0,0,0.143,0.008,0.140,0.020,-0.020,0.003,0.024,1.002,0.008,0.002,0.006,0.000,0.000,0.000,0.000,0,NULL,NULL,,1,0,3,7,255,,250,0,0
stim,2511,2511,0,3273481.817,0.572,-0.039,-0.108,-0.812,50,59,79,38,19,0,53,35,0,0.000,0,0,0.028,0.006,0.000,0.020,-0.020,0.003,0.025,1.002,0.006,0.002,-0.008,0.000,0.000,0.000,0.000,0,NULL,NULL,,1,0,3,7,255,,250,0,0
stim,2511,2511,0,3273486.816,0.572,-0.039,-0.108,-0.812,51,61,84,56,19,0,62,36,0,0.000,0,0,0.115,0.003,0.080,0.080,-0.020,0.003,0.025,1.002,-0.002,-0.002,-0.008,0.000,0.000,0.000,0.000,0,NULL,NULL,,1,0,3,7,255,,250,0,0
stim,2527,2527,0,3273491.816,0.572,-0.039,-0.108,-0.812,53,61,81,45,18,0,59,43,0,0.000,0,0,0.115,0.006,0.080,0.020,-0.080,0.003,0.026,1.003,-0.004,-0.004,-0.008,0.000,0.000,0.000,0.000,0,NULL,NULL,,1,0,3,7,255,,250,0,0
stim,2527,2527,0,3273496.816,0.572,-0.039,-0.108,-0.812,51,67,83,39,40,1,68,33,0,0.000,0,0,0.092,0.004,0.080,-0.040,-0.020,0.004,0.025,1.003,-0.004,-0.002,0.002,0.000,0.000,0.000,0.000,0,NULL,NULL,,1,0,3,7,255,,250,0,0
stim,2527,2527,0,3273501.816,0.572,-0.039,-0.108,-0.812,57,89,75,37,37,0,63,13,0,0.000,0,0,0.085,0.004,0.080,0.020,-0.020,0.004,0.025,1.004,-0.004,0.002,0.006,0.000,0.000,0.000,0.000,0,NULL,NULL,,1,0,3,7,255,,250,0,0
stim,2527,2527,0,3273506.816,0.572,-0.039,-0.108,-0.812,73,68,83,68,14,0,45,45,0,0.000,0,0,0.143,0.004,0.140,0.020,-0.020,0.004,0.025,1.003,-0.002,0.004,0.006,0.000,0.000,0.000,0.000,0,NULL,NULL,,1,0,3,7,255,,250,0,0
stim,2544,2544,0,3273511.816,0.572,-0.039,-0.108,-0.812,77,89,42,59,13,0,29,16,0,0.000,0,0,0.115,0.002,0.080,0.080,-0.020,0.003,0.025,1.001,0.000,0.002,0.000,0.000,0.000,0.000,0.000,0,NULL,NULL,,1,0,3,7,255,,250,0,0
stim,2544,2544,0,3273516.816,0.572,-0.039,-0.108,-0.812,83,87,58,69,20,0,39,43,0,0.000,0,0,0.085,0.000,0.080,0.020,-0.020,0.003,0.025,1.002,0.000,0.000,-0.004,0.000,0.000,0.000,0.000,0,NULL,NULL,,1,0,3,7,255,,250,0,0
stim,2575,2575,0,3273521.816,0.572,-0.039,-0.108,-0.812,77,89,55,41,40,1,40,16,0,0.000,0,0,0.092,0.002,0.080,-0.040,-0.020,0.003,0.025,1.003,0.000,-0.002,-0.004,0.000,0.000,0.000,0.000,0,NULL,NULL,,1,0,3,7,255,,250,0,0
stim,2575,2575,0,3273526.816,0.572,-0.039,-0.108,-0.812,83,87,57,63,18,0,39,43,0,0.000,0,0,0.115,0.003,0.080,0.020,-0.080,0.003,0.024,1.003,0.002,-0.002,0.000,0.000,0.000,0.000,0.000,0,NULL,NULL,,1,0,3,7,255,,250,0,0
stim,2575,2575,0,3273531.816,0.572,-0.039,-0.108,-0.812,55,61,85,61,20,0,47,45,0,0.000,0,0,0.028,0.004,0.000,0.020,-0.020,0.004,0.024,1.003,0.004,-0.002,0.000,0.000,0.000,0.000,0.000,0,NULL,NULL,,1,0,3,7,255,,250,0,0
stim,2575,2575,0,3273536.818,0.572,-0.039,-0.108,-0.812,82,91,54,43,38,2,41,18,0,0.000,0,0,0.028,0.004,0.000,0.020,-0.020,0.003,0.025,1.001,0.004,-0.002,0.000,0.000,0.000,0.000,0.000,0,NULL,NULL,,1,0,3,7,255,,250,0,0
stim,2575,2575,0,3273541.816,0.572,-0.039,-0.108,-0.812,47,63,77,39,41,2,67,17,0,0.000,0,0,0.028,0.004,0.000,0.020,-0.020,0.004,0.026,1.002,-0.004,0.000,-0.004,0.000,0.000,0.000,0.000,0,NULL,NULL,,1,0,3,7,255,,250,0,0
stim,2575,2575,0,3273546.816,0.572,-0.039,-0.108,-0.812,81,92,54,43,37,0,39,18,0,0.000,0,0,0.085,0.010,0.080,0.020,-0.020,0.004,0.026,1.003,-0.010,0.000,-0.004,0.000,0.000,0.000,0.000,0,NULL,NULL,,1,0,3,7,255,,250,0,0
stim,2575,2575,0,3273551.816,0.572,-0.039,-0.108,-0.812,55,89,59,39,39,1,68,16,0,0.000,0,0,0.085,0.010,0.080,0.020,-0.020,0.003,0.024,1.004,-0.010,0.002,0.006,0.000,0.000,0.000,0.000,0,NULL,NULL,,1,0,3,7,255,,250,0,0
stim,2591,2591,0,3273556.816,0.572,-0.039,-0.108,-0.812,76,89,50,39,25,0,35,13,0,0.000,0,0,0.115,0.003,0.080,0.020,-0.080,0.003,0.025,1.003,0.002,0.002,0.006,0.000,0.000,0.000,0.000,0,NULL,NULL,,1,0,3,7,255,,250,0,0
stim,2591,2591,0,3273561.816,0.572,-0.039,-0.108,-0.812,59,89,55,42,40,0,41,12,0,0.000,0,0,0.028,0.003,0.000,0.020,-0.020,0.005,0.025,1.002,0.002,0.002,0.006,0.000,0.000,0.000,0.000,0,NULL,NULL,,1,0,3,7,255,,250,0,0
stim,2591,2591,0,3273566.816,0.572,-0.039,-0.108,-0.812,76,71,51,39,31,0,37,13,0,0.000,0,0,0.085,0.006,0.080,0.020,-0.020,0.003,0.026,1.002,-0.006,0.000,-0.004,0.000,0.000,0.000,0.000,0,NULL,NULL,,1,0,3,7,255,,250,0,0
stim,2591,2591,0,3273571.816,0.572,-0.039,-0.108,-0.812,81,92,53,63,18,0,39,41,0,0.000,0,0,0.143,0.008,0.140,0.020,-0.020,0.004,0.024,1.002,-0.006,0.006,-0.004,0.000,0.000,0.000,0.000,0,NULL,NULL,,1,0,3,7,255,,250,0,0
stim,2607,2607,0,3273576.817,0.572,-0.039,-0.108,-0.812,46,61,75,38,39,0,69,13,0,0.000,0,0,0.092,0.004,0.080,-0.040,-0.020,0.003,0.025,1.005,-0.004,-0.002,-0.004,0.000,0.000,0.000,0.000,0,NULL,NULL,,1,0,3,7,255,,250,0,0
stim,2607,2607,0,3273581.816,0.572,-0.039,-0.108,-0.812,59,89,59,39,39,0,69,18,0,0.000,0,0,0.115,0.004,0.080,0.020,-0.080,0.002,0.024,1.002,0.004,-0.002,-0.004,0.000,0.000,0.000,0.000,0,NULL,NULL,,1,0,3,7,255,,250,0,0
stim,2623,2623,0,3273586.817,0.572,-0.039,-0.108,-0.812,50,85,75,37,36,0,62,30,0,0.000,0,0,0.085,0.002,0.080,0.020,-0.020,0.003,0.025,1.003,0.000,-0.002,0.000,0.000,0.000,0.000,0.000,0,NULL,NULL,,1,0,3,7,255,,250,0,0
stim,2623,2623,0,3273591.816,0.572,-0.039,-0.108,-0.812,83,88,81,68,21,0,41,43,0,0.000,0,0,0.085,0.004,0.080,0.020,-0.020,0.003,0.026,1.001,0.000,-0.004,-0.004,0.000,0.000,0.000,0.000,0,NULL,NULL,,1,0,3,7,255,,250,0,0
stim,2623,2623,0,3273596.816,0.572,-0.039,-0.108,-0.812,78,92,54,63,12,0,35,41,0,0.000,0,0,0.028,0.004,0.000,0.020,-0.020,0.003,0.025,1.002,-0.002,-0.004,-0.004,0.000,0.000,0.000,0.000,0,NULL,NULL,,1,0,3,7,255,,250,0,0
stim,2623,2623,0,3273601.816,0.572,-0.039,-0.108,-0.812,51,68,77,39,28,0,68,17,0,0.000,0,0,0.085,0.004,0.080,0.020,-0.020,0.003,0.025,1.002,-0.002,-0.004,-0.004,0.000,0.000,0.000,0.000,0,NULL,NULL,,1,0,3,7,255,,250,0,0
stim,2639,2639,0,3273606.816,0.572,-0.039,-0.108,-0.812,53,60,81,60,17,0,62,45,0,0.000,0,0,0.085,0.006,0.080,0.020,-0.020,0.003,0.025,1.003,0.000,-0.006,-0.004,0.000,0.000,0.000,0.000,0,NULL,NULL,,1,0,3,7,255,,250,0,0
stim,2639,2639,0,3273611.816,0.572,-0.039,-0.108,-0.812,75,68,83,69,17,0,45,43,0,0.000,0,0,0.092,0.000,0.080,-0.040,-0.020,0.004,0.025,1.004,0.000,0.000,0.006,0.000,0.000,0.000,0.000,0,NULL,NULL,,1,0,3,7,255,,250,0,0
stim,2640,2640,0,3273616.816,0.572,-0.039,-0.108,-0.812,83,93,45,63,18,0,31,22,0,0.000,0,0,0.115,0.003,0.080,0.020,-0.080,0.003,0.024,1.003,0.002,0.002,0.006,0.000,0.000,0.000,0.000,0,NULL,NULL,,1,0,3,7,255,,250,0,0
stim,2640,2640,0,3273621.816,0.572,-0.039,-0.108,-0.812,83,87,55,67,12,0,36,41,0,0.000,0,0,0.085,0.002,0.080,0.020,-0.020,0.003,0.025,1.001,0.000,0.002,0.000,0.000,0.000,0.000,0.000,0,NULL,NULL,,1,0,3,7,255,,250,0,0
stim,2672,2672,0,3273626.816,0.572,-0.039,-0.108,-0.812,47,61,77,39,39,0,63,13,0,0.000,0,0,0.028,0.000,0.000,0.020,-0.020,0.002,0.026,1.002,0.000,0.000,-0.004,0.000,0.000,0.000,0.000,0,NULL,NULL,,1,0,3,7,255,,250,0,0
stim,2672,2672,0,3273631.816,0.572,-0.039,-0.108,-0.812,79,91,47,61,23,0,35,19,0,0.000,0,0,0.115,0.006,0.080,0.020,-0.080,0.003,0.026,1.003,-0.004,-0.004,-0.004,0.000,0.000,0.000,0.000,0,NULL,NULL,,1,0,3,7,255,,250,0,0
stim,2673,2673,0,3273636.818,0.572,-0.039,-0.108,-0.812,47,59,81,37,35,0,61,35,0,0.000,0,0,0.082,0.006,0.000,0.020,-0.080,0.004,0.024,1.004,-0.004,-0.004,0.006,0.000,0.000,0.000,0.000,0,NULL,NULL,,1,0,3,7,255,,250,0,0
stim,2673,2673,0,3273641.816,0.572,-0.039,-0.108,-0.812,79,91,53,43,37,0,39,16,0,0.000,0,0,0.085,0.006,0.080,0.020,-0.020,0.004,0.025,1.003,-0.004,0.004,0.006,0.000,0.000,0.000,0.000,0,NULL,NULL,,1,0,3,7,255,,250,0,0
stim,2674,2674,0,3273646.816,0.572,-0.039,-0.108,-0.812,55,89,50,40,29,0,35,11,0,0.000,0,0,0.115,0.006,0.080,0.020,-0.080,0.003,0.026,1.002,-0.004,0.004,0.000,0.000,0.000,0.000,0.000,0,NULL,NULL,,1,0,3,7,255,,250,0,0
stim,2674,2674,0,3273651.816,0.572,-0.039,-0.108,-0.812,73,61,83,63,19,0,48,44,0,0.000,0,0,0.162,0.006,0.140,0.020,-0.080,0.004,0.025,1.002,-0.004,0.004,-0.004,0.000,0.000,0.000,0.000,0,NULL,NULL,,1,0,3,7,255,,250,0,0
stim,2704,2704,0,3273656.816,0.572,-0.039,-0.108,-0.812,81,91,50,44,16,0,39,22,0,0.000,0,0,0.028,0.004,0.000,0.020,-0.020,0.003,0.024,1.003,-0.004,0.002,-0.004,0.000,0.000,0.000,0.000,0,NULL,NULL,,1,0,3,7,255,,250,0,0
stim,2704,2704,0,3273661.816,0.572,-0.039,-0.108,-0.812,83,87,57,69,11,0,39,42,0,0.000,0,0,0.028,0.007,0.000,0.020,-0.020,0.004,0.024,1.005,0.006,0.004,0.000,0.000,0.000,0.000,0.000,0,NULL,NULL,,1,0,3,7,255,,250,0,0
stim,2704,2704,0,3273666.816,0.572,-0.039,-0.108,-0.812,47,63,75,37,33,0,61,11,0,0.000,0,0,0.092,0.006,0.080,0.020,0.040,0.003,0.025,1.003,0.006,0.002,0.000,0.000,0.000,0.000,0.000,0,NULL,NULL,,1,0,3,7,255,,250,0,0
stim,2704,2704,0,3273671.816,0.572,-0.039,-0.108,-0.812,83,88,76,69,13,0,37,41,0,0.000,0,0,0.115,0.004,0.080,0.080,-0.020,0.004,0.026,1.002,-0.004,0.002,0.000,0.000,0.000,0.000,0.000,0,NULL,NULL,,1,0,3,7,255,,250,0,0
stim,2704,2704,0,3273676.817,0.572,-0.039,-0.108,-0.812,53,59,83,61,39,0,63,41,0,0.000,0,0,0.085,0.004,0.080,0.020,-0.020,0.004,0.025,1.002,-0.004,0.002,-0.004,0.000,0.000,0.000,0.000,0,NULL,NULL,,1,0,3,7,255,,250,0,0
stim,2704,2704,0,3273681.816,0.572,-0.039,-0.108,-0.812,57,89,55,38,41,0,58,16,0,0.000,0,0,0.085,0.002,0.080,0.020,-0.020,0.002,0.024,1.002,0.000,0.002,-0.004,0.000,0.000,0.000,0.000,0,NULL,NULL,,1,0,3,7,255,,250,0,0
stim,2719,2719,0,3273686.816,0.572,-0.039,-0.108,-0.812,51,63,75,39,35,0,63,13,0,0.000,0,0,0.115,0.006,0.080,0.020,-0.080,0.003,0.024,1.003,0.006,0.002,-0.004,0.000,0.000,0.000,0.000,0,NULL,NULL,,1,0,3,7,255,,250,0,0
stim,2719,2719,0,3273691.816,0.572,-0.039,-0.108,-0.812,53,61,79,61,18,0,61,43,0,0.000,0,0,0.085,0.006,0.080,0.020,-0.020,0.003,0.024,1.004,0.006,0.002,0.006,0.000,0.000,0.000,0.000,0,NULL,NULL,,1,0,3,7,255,,250,0,0
stim,2740,2740,0,3273696.816,0.572,-0.039,-0.108,-0.812,53,61,79,61,9,0,42,43,0,0.000,0,0,0.115,0.006,0.080,0.020,-0.080,0.004,0.024,1.003,0.006,0.002,0.006,0.000,0.000,0.000,0.000,0,NULL,NULL,,1,0,3,7,255,,250,0,0
stim,2740,2740,0,3273701.816,0.572,-0.039,-0.108,-0.812,75,63,83,69,16,0,45,43,0,0.000,0,0,0.085,0.006,0.080,0.020,-0.020,0.002,0.025,1.002,0.006,0.002,0.000,0.000,0.000,0.000,0.000,0,NULL,NULL,,1,0,3,7,255,,250,0,0
stim,2740,2740,0,3273706.816,0.572,-0.039,-0.108,-0.812,81,90,48,63,11,0,33,21,0,0.000,0,0,0.028,0.008,0.000,0.020,-0.020,0.003,0.025,1.002,0.006,-0.006,-0.004,0.000,0.000,0.000,0.000,0,NULL,NULL,,1,0,3,7,255,,250,0,0
stim,2740,2740,0,3273711.816,0.572,-0.039,-0.108,-0.812,82,91,50,63,30,0,37,23,0,0.000,0,0,0.028,0.006,0.000,0.020,-0.020,0.004,0.025,1.003,-0.002,-0.006,-0.004,0.000,0.000,0.000,0.000,0,NULL,NULL,,1,0,3,7,255,,250,0,0
stim,2740,2740,0,3273716.816,0.572,-0.039,-0.108,-0.812,73,84,79,67,13,0,45,43,0,0.000,0,0,0.092,0.006,0.080,-0.040,-0.020,0.004,0.026,1.003,-0.006,0.002,0.000,0.000,0.000,0.000,0.000,0,NULL,NULL,,1,0,3,7,255,,250,0,0
stim,2740,2740,0,3273721.816,0.572,-0.039,-0.108,-0.812,54,62,83,69,20,0,69,43,0,0.000,0,0,0.085,0.006,0.080,0.020,-0.020,0.003,0.025,1.003,-0.006,0.002,0.000,0.000,0.000,0.000,0.000,0,NULL,NULL,,1,0,3,7,255,,250,0,0
stim,2784,2784,0,3273726.816,0.572,-0.039,-0.108,-0.812,78,91,52,68,18,0,39,23,0,0.000,0,0,0.143,0.006,0.140,0.020,-0.020,0.004,0.025,1.001,-0.006,0.002,0.000,0.000,0.000,0.000,0.000,0,NULL,NULL,,1,0,3,7,255,,250,0,0
stim,2784,2784,0,3273731.816,0.572,-0.039,-0.108,-0.812,55,64,83,69,19,0,67,45,0,0.000,0,0,0.085,0.004,0.080,0.020,-0.020,0.003,0.025,1.002,0.002,-0.004,-0.004,0.000,0.000,0.000,0.000,0,NULL,NULL,,1,0,3,7,255,,250,0,0
stim,2784,2784,0,3273736.818,0.572,-0.039,-0.108,-0.812,79,91,43,61,16,0,38,21,0,0.000,0,0,0.115,0.007,0.080,0.020,-0.080,0.005,0.026,1.003,-0.006,0.004,-0.004,0.000,0.000,0.000,0.000,0,NULL,NULL,,1,0,3,7,255,,250,0,0
stim,2784,2784,0,3273741.816,0.572,-0.039,-0.108,-0.812,83,89,55,69,13,0,37,24,0,0.000,0,0,0.115,0.006,0.080,0.020,-0.080,0.004,0.024,1.002,0.002,0.006,-0.004,0.000,0.000,0.000,0.000,0,NULL,NULL,,1,0,3,7,255,,250,0,0
stim,2784,2784,0,3273746.816,0.572,-0.039,-0.108,-0.812,77,85,79,63,17,0,44,43,0,0.000,0,0,0.085,0.007,0.080,0.020,-0.020,0.004,0.025,1.003,-0.004,0.006,0.002,0.000,0.000,0.000,0.000,0,NULL,NULL,,1,0,3,7,255,,250,0,0
stim,2784,2784,0,3273751.816,0.572,-0.039,-0.108,-0.812,73,63,83,69,18,0,45,45,0,0.000,0,0,0.143,0.006,0.140,0.020,-0.020,0.004,0.026,1.002,-0.004,0.004,-0.004,0.000,0.000,0.000,0.000,0,NULL,NULL,,1,0,3,7,255,,250,0,0
stim,2801,2801,0,3273756.816,0.572,-0.039,-0.108,-0.812,76,87,47,57,29,0,35,10,0,0.000,0,0,0.115,0.011,0.080,0.020,-0.080,0.004,0.026,1.003,-0.010,0.004,0.006,0.000,0.000,0.000,0.000,0,NULL,NULL,,1,0,3,7,255,,250,0,0
stim,2801,2801,0,3273761.816,0.572,-0.039,-0.108,-0.812,73,62,83,60,18,0,63,43,0,0.000,0,0,0.115,0.010,0.080,0.020,-0.080,0.003,0.025,1.003,-0.010,0.002,0.000,0.000,0.000,0.000,0.000,0,NULL,NULL,,1,0,3,7,255,,250,0,0
stim,2801,2801,0,3273766.816,0.572,-0.039,-0.108,-0.812,55,62,85,71,18,0,45,41,0,0.000,0,0,0.028,0.006,0.000,0.020,-0.020,0.003,0.026,1.003,-0.006,0.000,0.002,0.000,0.000,0.000,0.000,0,NULL,NULL,,1,0,3,7,255,,250,0,0
stim,2801,2801,0,3273771.816,0.572,-0.039,-0.108,-0.812,51,61,77,37,35,0,62,18,0,0.000,0,0,0.028,0.002,0.000,0.020,-0.020,0.003,0.025,1.003,-0.002,0.000,0.002,0.000,0.000,0.000,0.000,0,NULL,NULL,,1,0,3,7,255,,250,0,0
stim,2801,2801,0,3273776.819,0.572,-0.039,-0.108,-0.812,53,61,83,61,21,0,63,43,0,0.000,0,0,0.082,0.003,0.000,0.020,-0.080,0.003,0.025,1.004,0.002,-0.002,0.006,0.000,0.000,0.000,0.000,0,NULL,NULL,,1,0,3,7,255,,250,0,0
stim,2801,2801,0,3273781.816,0.572,-0.039,-0.108,-0.812,77,69,55,69,18,0,39,43,0,0.000,0,0,0.115,0.002,0.080,0.020,-0.080,0.003,0.025,1.002,0.002,0.000,0.006,0.000,0.000,0.000,0.000,0,NULL,NULL,,1,0,3,7,255,,250,0,0
stim,2815,2815,0,3273786.816,0.572,-0.039,-0.108,-0.812,71,59,76,67,11,0,33,41,0,0.000,0,0,0.115,0.004,0.080,0.020,-0.080,0.003,0.026,1.003,-0.002,-0.004,0.002,0.000,0.000,0.000,0.000,0,NULL,NULL,,1,0,3,7,255,,250,0,0
stim,2815,2815,0,3273791.816,0.572,-0.039,-0.108,-0.812,77,89,53,43,19,0,39,13,0,0.000,0,0,0.085,0.002,0.080,0.020,-0.020,0.004,0.025,1.001,-0.002,0.000,-0.008,0.000,0.000,0.000,0.000,0,NULL,NULL,,1,0,3,7,255,,250,0,0
stim,2837,2837,0,3273796.816,0.572,-0.039,-0.108,-0.812,45,63,83,40,38,0,69,29,0,0.000,0,0,0.082,0.008,0.000,0.020,-0.080,0.004,0.026,1.003,-0.008,0.002,0.002,0.000,0.000,0.000,0.000,0,NULL,NULL,,1,0,3,7,255,,250,0,0
stim,2837,2837,0,3273801.816,0.572,-0.039,-0.108,-0.812,79,89,53,60,35,0,39,19,0,0.000,0,0,0.089,0.002,0.000,-0.040,-0.080,0.003,0.024,1.002,0.000,0.002,-0.008,0.000,0.000,0.000,0.000,0,NULL,NULL,,1,0,3,7,255,,250,0,0
stim,2837,2837,0,3273806.816,0.572,-0.039,-0.108,-0.812,55,61,75,64,11,0,37,41,0,0.000,0,0,0.115,0.006,0.080,0.020,-0.080,0.004,0.025,1.004,-0.006,0.002,0.006,0.000,0.000,0.000,0.000,0,NULL,NULL,,1,0,3,7,255,,250,0,0
stim,2837,2837,0,3273811.816,0.572,-0.039,-0.108,-0.812,57,89,51,40,29,0,53,11,0,0.000,0,0,0.120,0.008,0.080,-0.040,-0.080,0.004,0.026,1.002,-0.006,0.006,-0.008,0.000,0.000,0.000,0.000,0,NULL,NULL,,1,0,3,7,255,,250,0,0
stim,2849,2849,0,3273816.816,0.572,-0.039,-0.108,-0.812,54,61,81,59,12,0,59,43,0,0.000,0,0,0.115,0.008,0.080,0.020,-0.080,0.004,0.025,1.002,-0.006,0.006,-0.004,0.000,0.000,0.000,0.000,0,NULL,NULL,,1,0,3,7,255,,250,0,0
stim,2849,2849,0,3273821.816,0.572,-0.039,-0.108,-0.812,53,86,79,39,41,0,69,17,0,0.000,0,0,0.085,0.006,0.080,0.020,-0.020,0.004,0.025,1.002,-0.002,0.006,-0.008,0.000,0.000,0.000,0.000,0,NULL,NULL,,1,0,3,7,255,,250,0,0
stim,2879,2879,0,3273826.816,0.572,-0.039,-0.108,-0.812,85,94,53,61,20,0,27,25,0,0.000,0,0,0.028,0.006,0.000,0.020,-0.020,0.004,0.024,1.003,0.000,0.006,-0.004,0.000,0.000,0.000,0.000,0,NULL,NULL,,1,0,3,7,255,,250,0,0
stim,2879,2879,0,3273831.816,0.572,-0.039,-0.108,-0.812,51,85,57,37,36,0,61,13,0,0.000,0,0,0.085,0.007,0.080,0.020,-0.020,0.003,0.025,1.004,0.004,0.006,0.000,0.000,0.000,0.000,0.000,0,NULL,NULL,,1,0,3,7,255,,250,0,0
stim,2879,2879,0,3273836.818,0.572,-0.039,-0.108,-0.812,75,61,56,67,11,0,38,42,0,0.000,0,0,0.085,0.004,0.080,0.020,-0.020,0.003,0.025,1.001,0.004,-0.002,0.000,0.000,0.000,0.000,0.000,0,NULL,NULL,,1,0,3,7,255,,250,0,0
stim,2879,2879,0,3273841.816,0.572,-0.039,-0.108,-0.812,82,91,54,61,16,0,39,17,0,0.000,0,0,0.085,0.004,0.080,0.020,-0.020,0.003,0.024,1.002,0.004,-0.002,-0.008,0.000,0.000,0.000,0.000,0,NULL,NULL,,1,0,3,7,255,,250,0,0
stim,2879,2879,0,3273846.816,0.572,-0.039,-0.108,-0.812,77,89,52,39,35,0,55,12,0,0.000,0,0,0.115,0.004,0.080,0.020,-0.080,0.003,0.025,1.002,0.004,-0.002,-0.008,0.000,0.000,0.000,0.000,0,NULL,NULL,,1,0,3,7,255,,250,0,0
stim,2879,2879,0,3273851.816,0.572,-0.039,-0.108,-0.812,47,84,56,39,36,0,61,17,0,0.000,0,0,0.092,0.004,0.080,-0.040,-0.020,0.004,0.026,1.003,0.004,-0.002,-0.004,0.000,0.000,0.000,0.000,0,NULL,NULL,,1,0,3,7,255,,250,0,0
stim,2895,2895,0,3273856.816,0.572,-0.039,-0.108,-0.812,57,89,55,37,31,0,59,13,0,0.000,0,0,0.082,0.006,0.000,0.020,-0.080,0.003,0.025,1.004,0.004,-0.004,0.002,0.000,0.000,0.000,0.000,0,NULL,NULL,,1,0,3,7,255,,250,0,0
stim,2895,2895,0,3273861.816,0.572,-0.039,-0.108,-0.812,57,91,55,42,37,0,57,14,0,0.000,0,0,0.085,0.002,0.080,0.020,-0.020,0.004,0.025,1.003,0.000,0.002,0.006,0.000,0.000,0.000,0.000,0,NULL,NULL,,1,0,3,7,255,,250,0,0
stim,2895,2895,0,3273866.816,0.572,-0.039,-0.108,-0.812,45,67,79,58,17,0,61,43,0,0.000,0,0,0.092,0.004,0.080,-0.040,-0.020,0.004,0.025,1.003,0.000,0.004,0.006,0.000,0.000,0.000,0.000,0,NULL,NULL,,1,0,3,7,255,,250,0,0
stim,2895,2895,0,3273871.816,0.572,-0.039,-0.108,-0.812,57,87,55,38,39,1,57,13,0,0.000,0,0,0.028,0.004,0.000,0.020,-0.020,0.003,0.026,1.002,-0.002,0.004,0.000,0.000,0.000,0.000,0.000,0,NULL,NULL,,1,0,3,7,255,,250,0,0
stim,2911,2911,0,3273876.817,0.572,-0.039,-0.108,-0.812,81,87,52,63,12,0,35,21,0,0.000,0,0,0.085,0.008,0.080,0.020,-0.020,0.002,0.025,1.003,-0.002,-0.008,0.000,0.000,0.000,0.000,0.000,0,NULL,NULL,,1,0,3,7,255,,250,0,0
stim,2911,2911,0,3273881.816,0.572,-0.039,-0.108,-0.812,77,89,53,41,35,0,39,13,0,0.000,0,0,0.092,0.008,0.080,-0.040,-0.020,0.002,0.025,1.004,0.000,-0.008,0.000,0.000,0.000,0.000,0.000,0,NULL,NULL,,1,0,3,7,255,,250,0,0
stim,2911,2911,0,3273886.816,0.572,-0.039,-0.108,-0.812,54,88,73,41,35,0,59,8,0,0.000,0,0,0.143,0.010,0.140,0.020,-0.020,0.004,0.024,1.004,0.006,-0.008,0.010,0.000,0.000,0.000,0.000,0,NULL,NULL,,1,0,3,7,255,,250,0,0
stim,2911,2911,0,3273891.816,0.572,-0.039,-0.108,-0.812,78,89,53,43,35,0,37,19,0,0.000,0,0,0.147,0.006,0.140,-0.040,-0.020,0.003,0.025,1.002,0.006,-0.002,0.010,0.000,0.000,0.000,0.000,0,NULL,NULL,,1,0,3,7,255,,250,0,0
stim,2927,2927,0,3273896.816,0.572,-0.039,-0.108,-0.812,79,91,53,63,37,0,39,23,0,0.000,0,0,0.115,0.002,0.080,0.020,-0.080,0.003,0.025,1.003,0.000,-0.002,0.000,0.000,0.000,0.000,0.000,0,NULL,NULL,,1,0,3,7,255,,250,0,0
stim,2927,2927,0,3273901.816,0.572,-0.039,-0.108,-0.812,51,69,77,39,35,0,62,16,0,0.000,0,0,0.085,0.006,0.080,0.020,-0.020,0.003,0.025,1.003,0.000,-0.006,0.000,0.000,0.000,0.000,0.000,0,NULL,NULL,,1,0,3,7,255,,250,0,0
stim,2943,2943,0,3273906.816,0.572,-0.039,-0.108,-0.812,81,91,53,67,17,0,39,41,0,0.000,0,0,0.115,0.006,0.080,0.020,-0.080,0.003,0.025,1.002,0.000,-0.006,0.000,0.000,0.000,0.000,0.000,0,NULL,NULL,,1,0,3,7,255,,250,0,0
stim,2943,2943,0,3273911.816,0.572,-0.039,-0.108,-0.812,59,91,53,41,35,0,39,16,0,0.000,0,0,0.028,0.006,0.000,0.020,-0.020,0.004,0.024,1.003,0.004,-0.004,0.000,0.000,0.000,0.000,0.000,0,NULL,NULL,,1,0,3,7,255,,250,0,0
stim,2943,2943,0,3273916.816,0.572,-0.039,-0.108,-0.812,82,87,43,63,12,0,30,22,0,0.000,0,0,0.082,0.007,0.000,0.020,-0.080,0.004,0.025,1.002,0.004,0.006,-0.004,0.000,0.000,0.000,0.000,0,NULL,NULL,,1,0,3,7,255,,250,0,0
stim,2943,2943,0,3273921.816,0.572,-0.039,-0.108,-0.812,75,68,83,70,19,0,47,45,0,0.000,0,0,0.085,0.006,0.080,0.020,-0.020,0.003,0.025,1.002,0.002,0.006,-0.004,0.000,0.000,0.000,0.000,0,NULL,NULL,,1,0,3,7,255,,250,0,0
stim,2976,2976,0,3273926.816,0.572,-0.039,-0.108,-0.812,56,89,78,39,41,0,69,13,0,0.000,0,0,0.085,0.002,0.080,0.020,-0.020,0.002,0.024,1.002,0.002,0.000,-0.004,0.000,0.000,0.000,0.000,0,NULL,NULL,,1,0,3,7,255,,250,0,0
stim,2976,2976,0,3273931.816,0.572,-0.039,-0.108,-0.812,58,91,53,41,31,0,55,11,0,0.000,0,0,0.028,0.004,0.000,0.020,-0.020,0.003,0.026,1.001,0.002,-0.004,-0.008,0.000,0.000,0.000,0.000,0,NULL,NULL,,1,0,3,7,255,,250,0,0
stim,2976,2976,0,3273936.818,0.572,-0.039,-0.108,-0.812,79,91,53,63,14,0,37,41,0,0.000,0,0,0.092,0.006,0.080,-0.040,-0.020,0.005,0.025,1.004,-0.004,-0.004,-0.008,0.000,0.000,0.000,0.000,0,NULL,NULL,,1,0,3,7,255,,250,0,0
stim,2976,2976,0,3273941.816,0.572,-0.039,-0.108,-0.812,79,70,61,69,21,0,47,43,0,0.000,0,0,0.028,0.004,0.000,0.020,-0.020,0.004,0.025,1.004,-0.004,0.002,0.010,0.000,0.000,0.000,0.000,0,NULL,NULL,,1,0,3,7,255,,250,0,0
stim,3007,3007,0,3273946.816,0.572,-0.039,-0.108,-0.812,57,88,77,37,39,0,63,13,0,0.000,0,0,0.115,0.004,0.080,0.020,-0.080,0.004,0.025,1.004,-0.004,0.002,0.016,0.000,0.000,0.000,0.000,0,NULL,NULL,,1,0,3,7,255,,250,0,0
stim,3007,3007,0,3273951.816,0.572,-0.039,-0.108,-0.812,83,91,53,62,37,0,39,23,0,0.000,0,0,0.085,0.004,0.080,0.020,-0.020,0.003,0.025,1.003,-0.004,0.002,0.010,0.000,0.000,0.000,0.000,0,NULL,NULL,,1,0,3,7,255,,250,0,0
stim,3007,3007,0,3273956.816,0.572,-0.039,-0.108,-0.812,51,84,78,39,40,1,63,17,0,0.000,0,0,0.045,0.003,0.000,-0.040,-0.020,0.003,0.025,1.002,-0.002,-0.002,0.000,0.000,0.000,0.000,0.000,0,NULL,NULL,,1,0,3,7,255,,250,0,0
stim,3007,3007,0,3273961.816,0.572,-0.039,-0.108,-0.812,84,71,77,68,8,0,41,44,0,0.000,0,0,0.028,0.003,0.000,0.020,-0.020,0.003,0.026,1.002,-0.002,-0.002,-0.008,0.000,0.000,0.000,0.000,0,NULL,NULL,,1,0,3,7,255,,250,0,0
stim,3007,3007,0,3273966.816,0.572,-0.039,-0.108,-0.812,55,63,83,45,18,0,68,45,0,0.000,0,0,0.115,0.003,0.080,0.020,-0.080,0.004,0.025,1.003,-0.002,-0.002,-0.008,0.000,0.000,0.000,0.000,0,NULL,NULL,,1,0,3,7,255,,250,0,0
stim,3007,3007,0,3273971.816,0.572,-0.039,-0.108,-0.812,51,85,56,39,36,0,61,14,0,0.000,0,0,0.045,0.004,0.000,-0.040,-0.020,0.004,0.024,1.002,0.000,0.004,-0.008,0.000,0.000,0.000,0.000,0,NULL,NULL,,1,0,3,7,255,,250,0,0
stim,3007,3007,0,3273976.818,0.572,-0.039,-0.108,-0.812,51,61,83,61,39,0,68,37,0,0.000,0,0,0.085,0.007,0.080,0.020,-0.020,0.004,0.024,1.002,0.004,0.006,-0.004,0.000,0.000,0.000,0.000,0,NULL,NULL,,1,0,3,7,255,,250,0,0
stim,3007,3007,0,3273981.816,0.572,-0.039,-0.108,-0.812,83,89,54,69,17,0,39,24,0,0.000,0,0,0.115,0.007,0.080,0.080,-0.020,0.002,0.024,1.004,0.004,0.006,-0.004,0.000,0.000,0.000,0.000,0,NULL,NULL,,1,0,3,7,255,,250,0,0
stim,3023,3023,0,3273986.816,0.572,-0.039,-0.108,-0.812,85,88,52,75,17,0,39,41,0,0.000,0,0,0.085,0.007,0.080,0.020,-0.020,0.004,0.024,1.004,0.004,0.006,0.010,0.000,0.000,0.000,0.000,0,NULL,NULL,,1,0,3,7,255,,250,0,0
stim,3023,3023,0,3273991.816,0.572,-0.039,-0.108,-0.812,79,91,56,59,13,0,37,17,0,0.000,0,0,0.120,0.007,0.080,-0.040,-0.080,0.004,0.025,1.002,0.004,0.006,0.010,0.000,0.000,0.000,0.000,0,NULL,NULL,,1,0,3,7,255,,250,0,0
stim,3023,3023,0,3273996.816,0.572,-0.039,-0.108,-0.812,78,90,55,41,40,1,57,16,0,0.000,0,0,0.082,0.008,0.000,0.020,-0.080,0.004,0.026,1.003,-0.006,0.006,0.006,0.000,0.000,0.000,0.000,0,NULL,NULL,,1,0,3,7,255,,250,0,0
stim,3023,3023,0,3274001.816,0.572,-0.039,-0.108,-0.812,83,91,55,47,37,0,41,25,0,0.000,0,0,0.082,0.008,0.000,0.020,-0.080,0.004,0.025,1.003,-0.006,0.006,0.006,0.000,0.000,0.000,0.000,0,NULL,NULL,,1,0,3,7,255,,250,0,0
stim,3039,3039,0,3274006.816,0.572,-0.039,-0.108,-0.812,55,61,89,62,22,0,61,45,0,0.000,0,0,0.085,0.008,0.080,0.020,-0.020,0.004,0.026,1.002,-0.008,0.000,0.006,0.000,0.000,0.000,0.000,0,NULL,NULL,,1,0,3,7,255,,250,0,0
stim,3039,3039,0,3274011.816,0.572,-0.039,-0.108,-0.812,83,71,79,70,19,0,42,45,0,0.000,0,0,0.085,0.006,0.080,0.020,-0.020,0.003,0.026,1.002,-0.006,0.000,-0.004,0.000,0.000,0.000,0.000,0,NULL,NULL,,1,0,3,7,255,,250,0,0
stim,3055,3055,0,3274016.816,0.572,-0.039,-0.108,-0.812,78,86,53,61,35,0,39,19,0,0.000,0,0,0.085,0.010,0.080,0.020,-0.020,0.002,0.025,1.002,-0.006,-0.008,-0.008,0.000,0.000,0.000,0.000,0,NULL,NULL,,1,0,3,7,255,,250,0,0
stim,3055,3055,0,3274021.816,0.572,-0.039,-0.108,-0.812,77,88,53,38,36,0,39,12,0,0.000,0,0,0.115,0.008,0.080,0.020,-0.080,0.003,0.025,1.003,-0.002,-0.008,-0.008,0.000,0.000,0.000,0.000,0,NULL,NULL,,1,0,3,7,255,,250,0,0
stim,3087,3087,0,3274026.816,0.572,-0.039,-0.108,-0.812,77,87,53,57,37,1,37,13,0,0.000,0,0,0.115,0.002,0.080,0.020,-0.080,0.004,0.024,1.003,0.000,-0.002,0.006,0.000,0.000,0.000,0.000,0,NULL,NULL,,1,0,3,7,255,,250,0,0
stim,3087,3087,0,3274031.816,0.572,-0.039,-0.108,-0.812,84,88,78,67,20,0,40,43,0,0.000,0,0,0.162,0.002,0.140,0.020,-0.080,0.003,0.025,1.003,0.000,-0.002,0.006,0.000,0.000,0.000,0.000,0,NULL,NULL,,1,0,3,7,255,,250,0,0
stim,3087,3087,0,3274036.818,0.572,-0.039,-0.108,-0.812,53,61,75,61,22,0,59,44,0,0.000,0,0,0.092,0.006,0.080,-0.040,-0.020,0.004,0.025,1.002,0.000,0.006,0.000,0.000,0.000,0.000,0.000,0,NULL,NULL,,1,0,3,7,255,,250,0,0
stim,3087,3087,0,3274041.816,0.572,-0.039,-0.108,-0.812,83,89,53,69,17,0,38,24,0,0.000,0,0,0.120,0.008,0.080,-0.040,-0.080,0.004,0.024,1.003,0.000,0.008,0.000,0.000,0.000,0.000,0.000,0,NULL,NULL,,1,0,3,7,255,,250,0,0
stim,3087,3087,0,3274046.816,0.572,-0.039,-0.108,-0.812,77,91,51,59,28,0,36,18,0,0.000,0,0,0.120,0.008,0.080,-0.040,-0.080,0.004,0.026,1.002,-0.002,0.008,-0.004,0.000,0.000,0.000,0.000,0,NULL,NULL,,1,0,3,7,255,,250,0,0
stim,3087,3087,0,3274051.816,0.572,-0.039,-0.108,-0.812,57,89,47,41,29,0,37,11,0,0.000,0,0,0.085,0.004,0.080,0.020,-0.020,0.004,0.025,1.003,0.002,0.004,0.000,0.000,0.000,0.000,0.000,0,NULL,NULL,,1,0,3,7,255,,250,0,0
stim,3087,3087,0,3274056.816,0.572,-0.039,-0.108,-0.812,79,71,83,68,19,0,46,43,0,0.000,0,0,0.120,0.002,0.080,-0.040,-0.080,0.003,0.025,1.003,0.002,0.000,0.000,0.000,0.000,0.000,0.000,0,NULL,NULL,,1,0,3,7,255,,250,0,0
stim,3103,3103,0,3274061.816,0.572,-0.039,-0.108,-0.812,77,89,51,41,35,0,39,12,0,0.000,0,0,0.162,0.004,0.140,0.020,-0.080,0.004,0.025,1.002,0.002,0.004,0.000,0.000,0.000,0.000,0.000,0,NULL,NULL,,1,0,3,7,255,,250,0,0
stim,3103,3103,0,3274066.816,0.572,-0.039,-0.108,-0.812,79,91,53,67,16,0,39,41,0,0.000,0,0,0.115,0.002,0.080,0.020,-0.080,0.004,0.025,1.003,0.000,0.002,0.000,0.000,0.000,0.000,0.000,0,NULL,NULL,,1,0,3,7,255,,250,0,0
stim,3103,3103,0,3274071.816,0.572,-0.039,-0.108,-0.812,78,89,55,41,38,0,58,14,0,0.000,0,0,0.115,0.003,0.080,0.020,-0.080,0.003,0.025,1.003,-0.002,0.002,0.000,0.000,0.000,0.000,0.000,0,NULL,NULL,,1,0,3,7,255,,250,0,0
stim,3103,3103,0,3274076.816,0.572,-0.039,-0.108,-0.812,71,61,76,61,36,0,62,37,0,0.000,0,0,0.085,0.003,0.080,0.020,-0.020,0.003,0.024,1.002,-0.002,0.002,0.000,0.000,0.000,0.000,0.000,0,NULL,NULL,,1,0,3,7,255,,250,0,0
stim,3119,3119,0,3274081.817,0.572,-0.039,-0.108,-0.812,76,88,51,38,43,1,55,12,0,0.000,0,0,0.115,0.006,0.080,0.020,-0.080,0.004,0.024,1.003,0.006,0.002,0.006,0.000,0.000,0.000,0.000,0,NULL,NULL,,1,0,3,7,255,,250,0,0
stim,3119,3119,0,3274086.816,0.572,-0.039,-0.108,-0.812,47,60,85,55,19,0,67,35,0,0.000,0,0,0.115,0.012,0.080,0.080,-0.020,0.003,0.024,1.003,0.012,0.002,0.000,0.000,0.000,0.000,0.000,0,NULL,NULL,,1,0,3,7,255,,250,0,0
stim,3119,3119,0,3274091.816,0.572,-0.039,-0.108,-0.812,50,60,83,39,19,0,61,33,0,0.000,0,0,0.085,0.006,0.080,0.020,-0.020,0.002,0.025,1.002,0.006,0.002,0.000,0.000,0.000,0.000,0.000,0,NULL,NULL,,1,0,3,7,255,,250,0,0
stim,3119,3119,0,3274096.816,0.572,-0.039,-0.108,-0.812,57,91,53,41,37,0,55,12,0,0.000,0,0,0.143,0.003,0.140,0.020,-0.020,0.005,0.024,1.002,0.002,0.002,-0.008,0.000,0.000,0.000,0.000,0,NULL,NULL,,1,0,3,7,255,,250,0,0
stim,3139,3139,0,3274101.816,0.572,-0.039,-0.108,-0.812,53,61,83,59,16,0,61,41,0,0.000,0,0,0.115,0.006,0.080,0.020,-0.080,0.004,0.025,1.003,0.000,0.006,-0.008,0.000,0.000,0.000,0.000,0,NULL,NULL,,1,0,3,7,255,,250,0,0
stim,3139,3139,0,3274106.816,0.572,-0.039,-0.108,-0.812,85,93,59,69,20,0,41,43,0,0.000,0,0,0.085,0.006,0.080,0.020,-0.020,0.004,0.025,1.003,0.000,0.006,0.002,0.000,0.000,0.000,0.000,0,NULL,NULL,,1,0,3,7,255,,250,0,0
stim,3139,3139,0,3274111.816,0.572,-0.039,-0.108,-0.812,82,91,51,70,19,0,37,24,0,0.000,0,0,0.045,0.006,0.000,-0.040,-0.020,0.004,0.025,1.003,0.000,0.006,0.006,0.000,0.000,0.000,0.000,0,NULL,NULL,,1,0,3,7,255,,250,0,0
stim,3139,3139,0,3274116.816,0.572,-0.039,-0.108,-0.812,83,92,55,63,37,0,41,24,0,0.000,0,0,0.028,0.004,0.000,0.020,-0.020,0.003,0.024,1.002,0.000,0.004,0.006,0.000,0.000,0.000,0.000,0,NULL,NULL,,1,0,3,7,255,,250,0,0
stim,3151,3151,0,3274121.816,0.572,-0.039,-0.108,-0.812,54,63,81,61,16,0,44,43,0,0.000,0,0,0.085,0.006,0.080,0.020,-0.020,0.003,0.024,1.002,0.006,0.000,-0.004,0.000,0.000,0.000,0.000,0,NULL,NULL,,1,0,3,7,255,,250,0,0
stim,3151,3151,0,3274126.816,0.572,-0.039,-0.108,-0.812,75,66,81,70,19,0,45,44,0,0.000,0,0,0.085,0.006,0.080,0.020,-0.020,0.003,0.025,1.002,0.006,-0.002,-0.004,0.000,0.000,0.000,0.000,0,NULL,NULL,,1,0,3,7,255,,250,0,0
stim,3183,3183,0,3274131.816,0.572,-0.039,-0.108,-0.812,54,61,83,61,16,0,45,43,0,0.000,0,0,0.028,0.002,0.000,0.020,-0.020,0.004,0.026,1.003,0.002,0.000,-0.004,0.000,0.000,0.000,0.000,0,NULL,NULL,,1,0,3,7,255,,250,0,0
stim,3183,3183,0,3274136.818,0.572,-0.039,-0.108,-0.812,83,72,79,71,18,0,42,43,0,0.000,0,0,0.085,0.003,0.080,0.020,-0.020,0.002,0.024,1.003,0.002,-0.002,0.002,0.000,0.000,0.000,0.000,0,NULL,NULL,,1,0,3,7,255,,250,0,0
stim,3183,3183,0,3274141.816,0.572,-0.039,-0.108,-0.812,83,89,56,67,13,0,38,43,0,0.000,0,0,0.115,0.007,0.080,0.020,-0.080,0.003,0.025,1.002,0.004,-0.006,0.002,0.000,0.000,0.000,0.000,0,NULL,NULL,,1,0,3,7,255,,250,0,0
stim,3183,3183,0,3274146.816,0.572,-0.039,-0.108,-0.812,75,67,83,71,17,0,45,45,0,0.000,0,0,0.115,0.009,0.080,0.020,-0.080,0.002,0.026,1.001,0.004,-0.008,-0.008,0.000,0.000,0.000,0.000,0,NULL,NULL,,1,0,3,7,255,,250,0,0
stim,3183,3183,0,3274151.816,0.572,-0.039,-0.108,-0.812,76,89,53,37,37,0,55,12,0,0.000,0,0,0.085,0.011,0.080,0.020,-0.020,0.002,0.025,1.002,0.004,-0.010,-0.008,0.000,0.000,0.000,0.000,0,NULL,NULL,,1,0,3,7,255,,250,0,0
stim,3183,3183,0,3274156.816,0.572,-0.039,-0.108,-0.812,83,92,53,68,17,0,38,24,0,0.000,0,0,0.028,0.010,0.000,0.020,-0.020,0.004,0.025,1.003,0.000,-0.010,-0.008,0.000,0.000,0.000,0.000,0,NULL,NULL,,1,0,3,7,255,,250,0,0
stim,3205,3205,0,3274161.816,0.572,-0.039,-0.108,-0.812,79,88,51,63,11,0,35,24,0,0.000,0,0,0.085,0.010,0.080,0.020,-0.020,0.002,0.025,1.003,0.000,-0.010,0.002,0.000,0.000,0.000,0.000,0,NULL,NULL,,1,0,3,7,255,,250,0,0
stim,3205,3205,0,3274166.816,0.572,-0.039,-0.108,-0.812,77,68,83,61,16,0,61,39,0,0.000,0,0,0.085,0.000,0.080,0.020,-0.020,0.003,0.024,1.004,0.000,0.000,0.002,0.000,0.000,0.000,0.000,0,NULL,NULL,,1,0,3,7,255,,250,0,0
stim,3205,3205,0,3274171.816,0.572,-0.039,-0.108,-0.812,55,61,79,69,18,0,42,44,0,0.000,0,0,0.162,0.002,0.140,0.020,-0.080,0.003,0.025,1.003,0.002,0.000,0.006,0.000,0.000,0.000,0.000,0,NULL,NULL,,1,0,3,7,255,,250,0,0
stim,3205,3205,0,3274176.818,0.572,-0.039,-0.108,-0.812,83,89,59,69,20,0,39,43,0,0.000,0,0,0.162,0.004,0.140,0.020,-0.080,0.002,0.025,1.001,0.004,0.000,0.006,0.000,0.000,0.000,0.000,0,NULL,NULL,,1,0,3,7,255,,250,0,0
stim,3216,3216,0,3274181.816,0.572,-0.039,-0.108,-0.812,55,63,85,63,21,0,47,45,0,0.000,0,0,0.162,0.008,0.140,0.020,-0.080,0.003,0.026,1.003,0.002,-0.008,0.002,0.000,0.000,0.000,0.000,0,NULL,NULL,,1,0,3,7,255,,250,0,0
stim,3216,3216,0,3274186.816,0.572,-0.039,-0.108,-0.812,75,88,51,37,31,0,37,13,0,0.000,0,0,0.115,0.008,0.080,0.020,-0.080,0.003,0.025,1.004,-0.002,-0.008,0.002,0.000,0.000,0.000,0.000,0,NULL,NULL,,1,0,3,7,255,,250,0,0
stim,3238,3238,0,3274191.816,0.572,-0.039,-0.108,-0.812,83,91,55,69,37,1,41,23,0,0.000,0,0,0.092,0.004,0.080,-0.040,-0.020,0.004,0.025,1.003,-0.004,-0.002,0.006,0.000,0.000,0.000,0.000,0,NULL,NULL,,1,0,3,7,255,,250,0,0
stim,3238,3238,0,3274196.816,0.572,-0.039,-0.108,-0.812,48,85,55,36,36,0,59,13,0,0.000,0,0,0.085,0.003,0.080,0.020,-0.020,0.004,0.024,1.003,-0.002,0.002,0.006,0.000,0.000,0.000,0.000,0,NULL,NULL,,1,0,3,7,255,,250,0,0
stim,3238,3238,0,3274201.816,0.572,-0.039,-0.108,-0.812,83,89,47,68,12,0,29,23,0,0.000,0,0,0.082,0.004,0.000,0.020,-0.080,0.004,0.025,1.002,0.000,0.004,0.000,0.000,0.000,0.000,0.000,0,NULL,NULL,,1,0,3,7,255,,250,0,0
stim,3238,3238,0,3274206.816,0.572,-0.039,-0.108,-0.812,83,92,54,64,19,0,40,42,0,0.000,0,0,0.085,0.007,0.080,0.020,-0.020,0.004,0.024,1.002,0.004,0.006,-0.004,0.000,0.000,0.000,0.000,0,NULL,NULL,,1,0,3,7,255,,250,0,0
stim,3249,3249,0,3274211.816,0.572,-0.039,-0.108,-0.812,83,87,55,63,36,0,39,23,0,0.000,0,0,0.120,0.007,0.080,-0.040,-0.080,0.004,0.024,1.003,0.004,0.006,-0.004,0.000,0.000,0.000,0.000,0,NULL,NULL,,1,0,3,7,255,,250,0,0
stim,3249,3249,0,3274216.817,0.572,-0.039,-0.108,-0.812,59,91,53,41,31,0,57,13,0,0.000,0,0,0.115,0.007,0.080,0.080,-0.020,0.003,0.025,1.004,0.004,0.006,0.002,0.000,0.000,0.000,0.000,0,NULL,NULL,,1,0,3,7,255,,250,0,0
stim,3282,3282,0,3274221.816,0.572,-0.039,-0.108,-0.812,78,88,55,59,37,0,39,12,0,0.000,0,0,0.028,0.006,0.000,0.020,-0.020,0.004,0.025,1.003,0.004,0.004,0.002,0.000,0.000,0.000,0.000,0,NULL,NULL,,1,0,3,7,255,,250,0,0
stim,3282,3282,0,3274226.816,0.572,-0.039,-0.108,-0.812,79,70,84,71,19,0,47,43,0,0.000,0,0,0.085,0.002,0.080,0.020,-0.020,0.003,0.025,1.003,0.000,-0.002,0.006,0.000,0.000,0.000,0.000,0,NULL,NULL,,1,0,3,7,255,,250,0,0
stim,3283,3283,0,3274231.816,0.572,-0.039,-0.108,-0.812,55,61,78,60,23,0,55,44,0,0.000,0,0,0.085,0.003,0.080,0.020,-0.020,0.003,0.026,1.002,-0.002,-0.002,0.002,0.000,0.000,0.000,0.000,0,NULL,NULL,,1,0,3,7,255,,250,0,0
stim,3283,3283,0,3274236.817,0.572,-0.039,-0.108,-0.812,51,69,79,39,43,1,71,16,0,0.000,0,0,0.162,0.003,0.140,0.020,-0.080,0.003,0.025,1.002,-0.002,-0.002,-0.004,0.000,0.000,0.000,0.000,0,NULL,NULL,,1,0,3,7,255,,250,0,0
stim,3283,3283,0,3274241.817,0.572,-0.039,-0.108,-0.812,76,89,53,37,31,0,39,12,0,0.000,0,0,0.082,0.004,0.000,0.020,-0.080,0.003,0.024,1.002,-0.002,-0.004,-0.004,0.000,0.000,0.000,0.000,0,NULL,NULL,,1,0,3,7,255,,250,0,0
stim,3283,3283,0,3274246.816,0.572,-0.039,-0.108,-0.812,81,91,55,47,37,0,41,25,0,0.000,0,0,0.085,0.006,0.080,0.020,-0.020,0.003,0.025,1.004,0.004,-0.004,-0.004,0.000,0.000,0.000,0.000,0,NULL,NULL,,1,0,3,7,255,,250,0,0
stim,3295,3295,0,3274251.816,0.572,-0.039,-0.108,-0.812,83,71,56,63,16,0,35,41,0,0.000,0,0,0.085,0.009,0.080,0.020,-0.020,0.003,0.024,1.003,0.008,-0.004,0.000,0.000,0.000,0.000,0.000,0,NULL,NULL,,1,0,3,7,255,,250,0,0
stim,3295,3295,0,3274256.816,0.572,-0.039,-0.108,-0.812,58,89,55,41,41,0,40,16,0,0.000,0,0,0.098,0.006,0.080,-0.040,0.040,0.003,0.025,1.002,0.004,-0.004,0.000,0.000,0.000,0.000,0.000,0,NULL,NULL,,1,0,3,7,255,,250,0,0
stim,3295,3295,0,3274261.816,0.572,-0.039,-0.108,-0.812,47,83,79,37,41,1,63,11,0,0.000,0,0,0.085,0.004,0.080,0.020,-0.020,0.003,0.025,1.001,-0.004,-0.002,-0.008,0.000,0.000,0.000,0.000,0,NULL,NULL,,1,0,3,7,255,,250,0,0
stim,3295,3295,0,3274266.816,0.572,-0.039,-0.108,-0.812,75,63,83,69,17,0,45,43,0,0.000,0,0,0.162,0.004,0.140,0.020,-0.080,0.004,0.025,1.002,-0.004,-0.002,-0.008,0.000,0.000,0.000,0.000,0,NULL,NULL,,1,0,3,7,255,,250,0,0
stim,3295,3295,0,3274271.816,0.572,-0.039,-0.108,-0.812,52,85,75,37,35,0,62,12,0,0.000,0,0,0.085,0.004,0.080,0.020,-0.020,0.003,0.024,1.003,-0.004,0.000,-0.008,0.000,0.000,0.000,0.000,0,NULL,NULL,,1,0,3,7,255,,250,0,0
stim,3295,3295,0,3274276.816,0.572,-0.039,-0.108,-0.812,83,93,56,47,19,0,40,23,0,0.000,0,0,0.028,0.004,0.000,0.020,-0.020,0.003,0.025,1.002,0.004,0.000,-0.004,0.000,0.000,0.000,0.000,0,NULL,NULL,,1,0,3,7,255,,250,0,0
stim,3311,3311,0,3274281.817,0.572,-0.039,-0.108,-0.812,57,71,77,39,40,0,69,18,0,0.000,0,0,0.115,0.004,0.080,0.080,-0.020,0.004,0.024,1.002,0.004,0.000,-0.004,0.000,0.000,0.000,0.000,0,NULL,NULL,,1,0,3,7,255,,250,0,0
stim,3311,3311,0,3274286.816,0.572,-0.039,-0.108,-0.812,44,56,79,39,41,0,69,12,0,0.000,0,0,0.082,0.007,0.000,0.020,-0.080,0.003,0.025,1.002,0.004,-0.006,-0.004,0.000,0.000,0.000,0.000,0,NULL,NULL,,1,0,3,7,255,,250,0,0
stim,3327,3327,0,3274291.816,0.572,-0.039,-0.108,-0.812,81,90,57,68,36,0,29,22,0,0.000,0,0,0.162,0.004,0.140,0.080,-0.020,0.003,0.026,1.002,-0.002,-0.004,-0.004,0.000,0.000,0.000,0.000,0,NULL,NULL,,1,0,3,7,255,,250,0,0
stim,3327,3327,0,3274296.816,0.572,-0.039,-0.108,-0.812,59,90,53,43,37,0,57,13,0,0.000,0,0,0.085,0.004,0.080,0.020,-0.020,0.003,0.025,1.003,-0.002,-0.004,-0.004,0.000,0.000,0.000,0.000,0,NULL,NULL,,1,0,3,7,255,,250,0,0
stim,3343,3343,0,3274301.816,0.572,-0.039,-0.108,-0.812,83,91,58,68,19,0,38,43,0,0.000,0,0,0.085,0.003,0.080,0.020,-0.020,0.003,0.025,1.004,-0.002,-0.002,0.002,0.000,0.000,0.000,0.000,0,NULL,NULL,,1,0,3,7,255,,250,0,0
stim,3343,3343,0,3274306.816,0.572,-0.039,-0.108,-0.812,50,85,57,37,36,0,63,16,0,0.000,0,0,0.085,0.000,0.080,0.020,-0.020,0.004,0.025,1.004,0.000,0.000,0.010,0.000,0.000,0.000,0.000,0,NULL,NULL,,1,0,3,7,255,,250,0,0
stim,3343,3343,0,3274311.816,0.572,-0.039,-0.108,-0.812,73,61,76,67,13,0,37,41,0,0.000,0,0,0.115,0.002,0.080,0.020,-0.080,0.003,0.025,1.002,0.000,-0.002,0.010,0.000,0.000,0.000,0.000,0,NULL,NULL,,1,0,3,7,255,,250,0,0
stim,3343,3343,0,3274316.816,0.572,-0.039,-0.108,-0.812,53,86,53,39,37,0,57,13,0,0.000,0,0,0.162,0.002,0.140,0.020,-0.080,0.004,0.025,1.002,0.000,0.002,-0.004,0.000,0.000,0.000,0.000,0,NULL,NULL,,1,0,3,7,255,,250,0,0
stim,3359,3359,0,3274321.816,0.572,-0.039,-0.108,-0.812,73,61,61,68,13,0,39,43,0,0.000,0,0,0.089,0.006,0.000,-0.040,-0.080,0.002,0.025,1.002,0.000,-0.006,-0.004,0.000,0.000,0.000,0.000,0,NULL,NULL,,1,0,3,7,255,,250,0,0
stim,3359,3359,0,3274326.816,0.572,-0.039,-0.108,-0.812,75,67,82,69,16,0,45,44,0,0.000,0,0,0.028,0.012,0.000,0.020,-0.020,0.002,0.025,1.004,0.000,-0.012,-0.004,0.000,0.000,0.000,0.000,0,NULL,NULL,,1,0,3,7,255,,250,0,0
stim,3376,3376,0,3274331.816,0.572,-0.039,-0.108,-0.812,53,61,81,61,12,0,43,41,0,0.000,0,0,0.085,0.012,0.080,0.020,-0.020,0.003,0.024,1.003,0.000,-0.012,0.006,0.000,0.000,0.000,0.000,0,NULL,NULL,,1,0,3,7,255,,250,0,0
stim,3376,3376,0,3274336.817,0.572,-0.039,-0.108,-0.812,57,90,52,41,30,0,55,14,0,0.000,0,0,0.162,0.006,0.140,0.020,-0.080,0.003,0.025,1.002,0.002,-0.006,0.006,0.000,0.000,0.000,0.000,0,NULL,NULL,,1,0,3,7,255,,250,0,0
stim,3377,3377,0,3274341.817,0.572,-0.039,-0.108,-0.812,55,62,85,61,21,0,63,43,0,0.000,0,0,0.045,0.006,0.000,0.020,0.040,0.003,0.026,1.002,0.002,-0.006,-0.004,0.000,0.000,0.000,0.000,0,NULL,NULL,,1,0,3,7,255,,250,0,0
stim,3377,3377,0,3274346.816,0.572,-0.039,-0.108,-0.812,52,61,83,57,20,0,63,39,0,0.000,0,0,0.085,0.008,0.080,0.020,-0.020,0.002,0.025,1.002,0.002,-0.008,-0.008,0.000,0.000,0.000,0.000,0,NULL,NULL,,1,0,3,7,255,,250,0,0
stim,3377,3377,0,3274351.816,0.572,-0.039,-0.108,-0.812,51,63,83,39,41,0,68,19,0,0.000,0,0,0.085,0.010,0.080,0.020,-0.020,0.004,0.025,1.003,-0.006,-0.008,-0.008,0.000,0.000,0.000,0.000,0,NULL,NULL,,1,0,3,7,255,,250,0,0
stim,3377,3377,0,3274356.816,0.572,-0.039,-0.108,-0.812,73,63,84,63,20,0,47,45,0,0.000,0,0,0.085,0.004,0.080,0.020,-0.020,0.004,0.025,1.003,-0.004,0.002,0.002,0.000,0.000,0.000,0.000,0,NULL,NULL,,1,0,3,7,255,,250,0,0
stim,3391,3391,0,3274361.816,0.572,-0.039,-0.108,-0.812,53,61,87,67,22,0,70,43,0,0.000,0,0,0.085,0.004,0.080,0.020,-0.020,0.003,0.025,1.001,-0.004,0.002,0.002,0.000,0.000,0.000,0.000,0,NULL,NULL,,1,0,3,7,255,,250,0,0
stim,3391,3391,0,3274366.816,0.572,-0.039,-0.108,-0.812,83,93,54,69,13,0,41,25,0,0.000,0,0,0.162,0.004,0.140,0.020,-0.080,0.002,0.025,1.003,-0.004,-0.002,0.002,0.000,0.000,0.000,0.000,0,NULL,NULL,,1,0,3,7,255,,250,0,0
stim,3407,3407,0,3274371.816,0.572,-0.039,-0.108,-0.812,78,89,53,42,41,0,57,13,0,0.000,0,0,0.092,0.006,0.080,-0.040,-0.020,0.003,0.025,1.003,-0.002,-0.006,0.002,0.000,0.000,0.000,0.000,0,NULL,NULL,,1,0,3,7,255,,250,0,0
stim,3407,3407,0,3274376.818,0.572,-0.039,-0.108,-0.812,51,59,77,37,37,0,67,16,0,0.000,0,0,0.045,0.006,0.000,-0.040,-0.020,0.004,0.026,1.002,-0.002,-0.006,0.002,0.000,0.000,0.000,0.000,0,NULL,NULL,,1,0,3,7,255,,250,0,0
stim,3407,3407,0,3274381.816,0.572,-0.039,-0.108,-0.812,59,90,73,37,38,0,57,17,0,0.000,0,0,0.115,0.004,0.080,0.080,-0.020,0.004,0.025,1.003,-0.004,0.002,0.002,0.000,0.000,0.000,0.000,0,NULL,NULL,,1,0,3,7,255,,250,0,0
stim,3407,3407,0,3274386.816,0.572,-0.039,-0.108,-0.812,81,91,55,44,38,0,40,22,0,0.000,0,0,0.115,0.007,0.080,0.020,-0.080,0.004,0.024,1.003,-0.004,0.006,0.002,0.000,0.000,0.000,0.000,0,NULL,NULL,,1,0,3,7,255,,250,0,0
stim,3423,3423,0,3274391.816,0.572,-0.039,-0.108,-0.812,83,91,57,70,16,0,39,43,0,0.000,0,0,0.085,0.004,0.080,0.020,-0.020,0.003,0.024,1.003,0.004,0.002,0.002,0.000,0.000,0.000,0.000,0,NULL,NULL,,1,0,3,7,255,,250,0,0
stim,3423,3423,0,3274396.816,0.572,-0.039,-0.108,-0.812,53,62,79,61,19,0,63,43,0,0.000,0,0,0.115,0.004,0.080,0.020,-0.080,0.004,0.026,1.003,0.004,0.000,0.002,0.000,0.000,0.000,0.000,0,NULL,NULL,,1,0,3,7,255,,250,0,0
stim,3439,3439,0,3274401.816,0.572,-0.039,-0.108,-0.812,50,69,83,39,36,0,61,33,0,0.000,0,0,0.085,0.008,0.080,0.020,-0.020,0.004,0.026,1.003,-0.008,0.000,0.002,0.000,0.000,0.000,0.000,0,NULL,NULL,,1,0,3,7,255,,250,0,0
stim,3439,3439,0,3274406.816,0.572,-0.039,-0.108,-0.812,51,69,85,39,20,0,67,37,0,0.000,0,0,0.085,0.008,0.080,0.020,-0.020,0.003,0.025,1.005,-0.008,0.000,0.006,0.000,0.000,0.000,0.000,0,NULL,NULL,,1,0,3,7,255,,250,0,0
stim,3439,3439,0,3274411.816,0.572,-0.039,-0.108,-0.812,79,87,47,63,11,0,29,23,0,0.000,0,0,0.045,0.000,0.000,-0.040,-0.020,0.004,0.025,1.003,0.000,0.000,0.006,0.000,0.000,0.000,0.000,0,NULL,NULL,,1,0,3,7,255,,250,0,0
stim,3439,3439,0,3274416.816,0.572,-0.039,-0.108,-0.812,54,62,85,45,23,0,71,45,0,0.000,0,0,0.115,0.006,0.080,0.020,-0.080,0.004,0.024,1.003,0.004,0.004,0.006,0.000,0.000,0.000,0.000,0,NULL,NULL,,1,0,3,7,255,,250,0,0
stim,3488,3488,0,3274421.816,0.572,-0.039,-0.108,-0.812,59,72,79,41,41,1,69,18,0,0.000,0,0,0.115,0.006,0.080,0.020,-0.080,0.003,0.024,1.002,0.004,0.004,0.000,0.000,0.000,0.000,0.000,0,NULL,NULL,,1,0,3,7,255,,250,0,0
stim,3488,3488,0,3274426.816,0.572,-0.039,-0.108,-0.812,73,61,83,69,17,0,62,43,0,0.000,0,0,0.085,0.006,0.080,0.020,-0.020,0.003,0.026,1.003,0.004,-0.004,0.000,0.000,0.000,0.000,0.000,0,NULL,NULL,,1,0,3,7,255,,250,0,0
stim,3488,3488,0,3274431.816,0.572,-0.039,-0.108,-0.812,51,62,83,37,37,0,63,33,0,0.000,0,0,0.085,0.009,0.080,0.020,-0.020,0.002,0.026,1.002,-0.004,-0.008,-0.004,0.000,0.000,0.000,0.000,0,NULL,NULL,,1,0,3,7,255,,250,0,0
stim,3488,3488,0,3274436.818,0.572,-0.039,-0.108,-0.812,53,61,84,42,20,0,67,39,0,0.000,0,0,0.028,0.009,0.000,0.020,-0.020,0.003,0.025,1.002,-0.004,-0.008,-0.004,0.000,0.000,0.000,0.000,0,NULL,NULL,,1,0,3,7,255,,250,0,0
stim,3488,3488,0,3274441.816,0.572,-0.039,-0.108,-0.812,84,89,59,71,18,0,39,26,0,0.000,0,0,0.085,0.004,0.080,0.020,-0.020,0.003,0.024,1.003,-0.004,-0.002,-0.004,0.000,0.000,0.000,0.000,0,NULL,NULL,,1,0,3,7,255,,250,0,0
stim,3488,3488,0,3274446.816,0.572,-0.039,-0.108,-0.812,57,90,55,37,41,0,59,13,0,0.000,0,0,0.085,0.004,0.080,0.020,-0.020,0.004,0.025,1.002,-0.004,0.002,-0.004,0.000,0.000,0.000,0.000,0,NULL,NULL,,1,0,3,7,255,,250,0,0
stim,3488,3488,0,3274451.816,0.572,-0.039,-0.108,-0.812,55,63,81,69,19,0,43,43,0,0.000,0,0,0.085,0.004,0.080,0.020,-0.020,0.003,0.025,1.002,-0.004,0.002,-0.004,0.000,0.000,0.000,0.000,0,NULL,NULL,,1,0,3,7,255,,250,0,0
stim,3488,3488,0,3274456.816,0.572,-0.039,-0.108,-0.812,51,67,83,39,20,0,68,37,0,0.000,0,0,0.085,0.004,0.080,0.020,-0.020,0.003,0.026,1.002,-0.004,-0.002,-0.004,0.000,0.000,0.000,0.000,0,NULL,NULL,,1,0,3,7,255,,250,0,0
stim,3488,3488,0,3274461.816,0.572,-0.039,-0.108,-0.812,77,89,53,40,37,0,55,12,0,0.000,0,0,0.085,0.009,0.080,0.020,-0.020,0.002,0.024,1.002,-0.004,-0.008,-0.004,0.000,0.000,0.000,0.000,0,NULL,NULL,,1,0,3,7,255,,250,0,0
stim,3488,3488,0,3274466.816,0.572,-0.039,-0.108,-0.812,53,81,79,56,17,0,61,37,0,0.000,0,0,0.166,0.008,0.140,-0.040,-0.080,0.004,0.025,1.003,0.000,-0.008,-0.004,0.000,0.000,0.000,0.000,0,NULL,NULL,,1,0,3,7,255,,250,0,0
stim,3489,3489,0,3274471.816,0.572,-0.039,-0.108,-0.812,74,87,55,38,37,0,39,13,0,0.000,0,0,0.115,0.004,0.080,0.020,-0.080,0.004,0.025,1.003,0.000,0.004,0.002,0.000,0.000,0.000,0.000,0,NULL,NULL,,1,0,3,7,255,,250,0,0
stim,3505,3505,0,3274476.817,0.572,-0.039,-0.108,-0.812,79,86,51,63,12,0,37,39,0,0.000,0,0,0.092,0.004,0.080,0.020,0.040,0.003,0.024,1.003,0.000,0.004,0.002,0.000,0.000,0.000,0.000,0,NULL,NULL,,1,0,3,7,255,,250,0,0
stim,3505,3505,0,3274481.816,0.572,-0.039,-0.108,-0.812,53,63,81,41,41,1,71,39,0,0.000,0,0,0.115,0.006,0.080,0.020,-0.080,0.004,0.025,1.002,-0.002,0.006,0.000,0.000,0.000,0.000,0.000,0,NULL,NULL,,1,0,3,7,255,,250,0,0
stim,3519,3519,0,3274486.816,0.572,-0.039,-0.108,-0.812,57,89,85,43,39,8,57,16,0,0.000,0,0,0.085,0.007,0.080,0.020,-0.020,0.004,0.024,1.002,0.004,0.006,-0.004,0.000,0.000,0.000,0.000,0,NULL,NULL,,1,0,3,7,255,,250,0,0
stim,3519,3519,0,3274491.816,0.572,-0.039,-0.108,-0.812,53,61,83,39,38,0,69,38,0,0.000,0,0,0.089,0.006,0.000,-0.040,-0.080,0.003,0.025,1.003,0.002,0.006,-0.004,0.000,0.000,0.000,0.000,0,NULL,NULL,,1,0,3,7,255,,250,0,0
stim,3519,3519,0,3274496.816,0.572,-0.039,-0.108,-0.812,77,86,57,67,19,0,39,42,0,0.000,0,0,0.085,0.003,0.080,0.020,-0.020,0.004,0.025,1.003,0.002,0.002,0.002,0.000,0.000,0.000,0.000,0,NULL,NULL,,1,0,3,7,255,,250,0,0
stim,3519,3519,0,3274501.816,0.572,-0.039,-0.108,-0.812,48,68,76,37,35,0,63,14,0,0.000,0,0,0.085,0.004,0.080,0.020,-0.020,0.004,0.025,1.002,-0.004,0.002,0.002,0.000,0.000,0.000,0.000,0,NULL,NULL,,1,0,3,7,255,,250,0,0
stim,3538,3538,0,3274506.816,0.572,-0.039,-0.108,-0.812,82,90,54,69,18,0,39,42,0,0.000,0,0,0.115,0.006,0.080,0.020,-0.080,0.004,0.025,1.002,-0.004,0.004,-0.004,0.000,0.000,0.000,0.000,0,NULL,NULL,,1,0,3,7,255,,250,0,0
stim,3538,3538,0,3274511.816,0.572,-0.039,-0.108,-0.812,83,91,55,47,37,0,39,26,0,0.000,0,0,0.115,0.007,0.080,0.020,-0.080,0.003,0.026,1.002,-0.006,0.004,-0.008,0.000,0.000,0.000,0.000,0,NULL,NULL,,1,0,3,7,255,,250,0,0
stim,3551,3551,0,3274516.816,0.572,-0.039,-0.108,-0.812,83,87,43,67,12,0,35,22,0,0.000,0,0,0.115,0.000,0.080,0.020,-0.080,0.003,0.025,1.003,0.000,0.000,-0.004,0.000,0.000,0.000,0.000,0,NULL,NULL,,1,0,3,7,255,,250,0,0
stim,3551,3551,0,3274521.816,0.572,-0.039,-0.108,-0.812,50,63,85,40,24,0,71,37,0,0.000,0,0,0.028,0.002,0.000,0.020,-0.020,0.004,0.024,1.002,0.002,0.000,-0.008,0.000,0.000,0.000,0.000,0,NULL,NULL,,1,0,3,7,255,,250,0,0
stim,3571,3571,0,3274526.816,0.572,-0.039,-0.108,-0.812,73,61,77,68,11,0,37,41,0,0.000,0,0,0.115,0.007,0.080,0.020,-0.080,0.004,0.024,1.003,0.004,0.006,0.002,0.000,0.000,0.000,0.000,0,NULL,NULL,,1,0,3,7,255,,250,0,0
stim,3571,3571,0,3274531.816,0.572,-0.039,-0.108,-0.812,83,71,78,69,18,0,43,43,0,0.000,0,0,0.028,0.007,0.000,0.020,-0.020,0.003,0.025,1.004,0.004,0.006,0.002,0.000,0.000,0.000,0.000,0,NULL,NULL,,1,0,3,7,255,,250,0,0
stim,3572,3572,0,3274536.818,0.572,-0.039,-0.108,-0.812,53,61,84,43,18,0,68,40,0,0.000,0,0,0.028,0.004,0.000,0.020,-0.020,0.003,0.025,1.001,0.004,0.000,0.002,0.000,0.000,0.000,0.000,0,NULL,NULL,,1,0,3,7,255,,250,0,0
stim,3572,3572,0,3274541.816,0.572,-0.039,-0.108,-0.812,51,68,85,39,39,0,63,35,0,0.000,0,0,0.085,0.004,0.080,0.020,-0.020,0.003,0.026,1.002,0.002,-0.004,-0.008,0.000,0.000,0.000,0.000,0,NULL,NULL,,1,0,3,7,255,,250,0,0
stim,3573,3573,0,3274546.816,0.572,-0.039,-0.108,-0.812,56,89,57,39,36,0,63,14,0,0.000,0,0,0.085,0.002,0.080,0.020,-0.020,0.004,0.024,1.003,0.002,0.000,-0.008,0.000,0.000,0.000,0.000,0,NULL,NULL,,1,0,3,7,255,,250,0,0
stim,3573,3573,0,3274551.816,0.572,-0.039,-0.108,-0.812,51,63,83,39,19,0,63,35,0,0.000,0,0,0.120,0.007,0.080,-0.040,-0.080,0.004,0.024,1.003,0.004,0.006,0.002,0.000,0.000,0.000,0.000,0,NULL,NULL,,1,0,3,7,255,,250,0,0
stim,3605,3605,0,3274556.816,0.572,-0.039,-0.108,-0.812,53,61,84,61,18,0,47,43,0,0.000,0,0,0.028,0.007,0.000,0.020,-0.020,0.003,0.025,1.003,0.004,0.006,0.006,0.000,0.000,0.000,0.000,0,NULL,NULL,,1,0,3,7,255,,250,0,0
stim,3605,3605,0,3274561.816,0.572,-0.039,-0.108,-0.812,83,91,52,68,13,0,39,24,0,0.000,0,0,0.115,0.002,0.080,0.020,-0.080,0.003,0.026,1.002,0.002,0.000,0.006,0.000,0.000,0.000,0.000,0,NULL,NULL,,1,0,3,7,255,,250,0,0
stim,3605,3605,0,3274566.816,0.572,-0.039,-0.108,-0.812,83,87,53,63,35,1,39,23,0,0.000,0,0,0.085,0.002,0.080,0.020,-0.020,0.004,0.023,1.002,0.002,0.000,-0.004,0.000,0.000,0.000,0.000,0,NULL,NULL,,1,0,3,7,255,,250,0,0
stim,3605,3605,0,3274571.816,0.572,-0.039,-0.108,-0.812,84,93,53,51,37,0,39,23,0,0.000,0,0,0.089,0.009,0.000,-0.040,-0.080,0.004,0.026,1.003,-0.008,0.004,-0.004,0.000,0.000,0.000,0.000,0,NULL,NULL,,1,0,3,7,255,,250,0,0
stim,3605,3605,0,3274576.818,0.572,-0.039,-0.108,-0.812,51,63,85,39,40,0,68,35,0,0.000,0,0,0.085,0.009,0.080,0.020,-0.020,0.004,0.026,1.004,-0.008,0.004,0.002,0.000,0.000,0.000,0.000,0,NULL,NULL,,1,0,3,7,255,,250,0,0
stim,3605,3605,0,3274581.816,0.572,-0.039,-0.108,-0.812,75,67,59,69,18,0,40,43,0,0.000,0,0,0.085,0.009,0.080,0.020,-0.020,0.004,0.025,1.002,-0.008,0.004,0.002,0.000,0.000,0.000,0.000,0,NULL,NULL,,1,0,3,7,255,,250,0,0
stim,3615,3615,0,3274586.816,0.572,-0.039,-0.108,-0.812,82,89,53,69,33,0,39,24,0,0.000,0,0,0.092,0.002,0.080,0.020,0.040,0.002,0.025,1.002,-0.002,0.000,-0.004,0.000,0.000,0.000,0.000,0,NULL,NULL,,1,0,3,7,255,,250,0,0
stim,3615,3615,0,3274591.816,0.572,-0.039,-0.108,-0.812,57,89,55,37,41,0,59,16,0,0.000,0,0,0.115,0.000,0.080,0.080,-0.020,0.003,0.024,1.003,0.000,0.000,-0.004,0.000,0.000,0.000,0.000,0,NULL,NULL,,1,0,3,7,255,,250,0,0
stim,3638,3638,0,3274596.816,0.572,-0.039,-0.108,-0.812,51,61,83,43,19,0,61,40,0,0.000,0,0,0.028,0.000,0.000,0.020,-0.020,0.004,0.025,1.003,0.000,0.000,0.002,0.000,0.000,0.000,0.000,0,NULL,NULL,,1,0,3,7,255,,250,0,0
stim,3638,3638,0,3274601.816,0.572,-0.039,-0.108,-0.812,78,89,55,43,38,0,40,18,0,0.000,0,0,0.143,0.004,0.140,0.020,-0.020,0.003,0.025,1.003,0.004,0.000,0.002,0.000,0.000,0.000,0.000,0,NULL,NULL,,1,0,3,7,255,,250,0,0
stim,3638,3638,0,3274606.816,0.572,-0.039,-0.108,-0.812,54,61,75,45,22,0,52,39,0,0.000,0,0,0.139,0.004,0.080,0.080,-0.080,0.004,0.024,1.003,0.004,0.002,0.002,0.000,0.000,0.000,0.000,0,NULL,NULL,,1,0,3,7,255,,250,0,0
stim,3638,3638,0,3274611.816,0.572,-0.039,-0.108,-0.812,51,59,85,39,41,1,69,19,0,0.000,0,0,0.115,0.006,0.080,0.020,-0.080,0.003,0.026,1.003,0.004,-0.004,0.002,0.000,0.000,0.000,0.000,0,NULL,NULL,,1,0,3,7,255,,250,0,0
stim,3638,3638,0,3274616.816,0.572,-0.039,-0.108,-0.812,51,61,84,43,18,0,61,43,0,0.000,0,0,0.120,0.004,0.080,-0.040,-0.080,0.004,0.025,1.003,-0.004,0.002,0.002,0.000,0.000,0.000,0.000,0,NULL,NULL,,1,0,3,7,255,,250,0,0
stim,3638,3638,0,3274621.816,0.572,-0.040,-0.108,-0.812,52,61,83,58,20,0,63,39,0,0.000,0,0,0.085,0.008,0.080,0.020,-0.020,0.004,0.026,1.002,-0.008,0.002,0.002,0.000,0.000,0.000,0.000,0,NULL,NULL,,1,0,3,7,255,,250,0,0
stim,3682,3682,0,3274626.816,0.572,-0.040,-0.108,-0.812,53,61,83,61,12,0,60,42,0,0.000,0,0,0.092,0.006,0.080,-0.040,-0.020,0.004,0.024,1.003,-0.004,0.004,0.002,0.000,0.000,0.000,0.000,0,NULL,NULL,,1,0,3,7,255,,250,0,0
stim,3682,3682,0,3274631.816,0.572,-0.040,-0.108,-0.812,83,91,55,45,37,0,39,24,0,0.000,0,0,0.082,0.009,0.000,0.020,-0.080,0.004,0.026,1.002,-0.008,0.004,-0.004,0.000,0.000,0.000,0.000,0,NULL,NULL,,1,0,3,7,255,,250,0,0
stim,3682,3682,0,3274636.818,0.572,-0.040,-0.108,-0.812,72,61,81,69,14,0,43,41,0,0.000,0,0,0.028,0.004,0.000,0.020,-0.020,0.004,0.025,1.003,0.002,0.004,0.002,0.000,0.000,0.000,0.000,0,NULL,NULL,,1,0,3,7,255,,250,0,0
stim,3682,3682,0,3274641.816,0.572,-0.040,-0.108,-0.812,50,87,73,37,41,0,57,13,0,0.000,0,0,0.092,0.004,0.080,-0.040,-0.020,0.004,0.024,1.003,0.002,0.004,0.006,0.000,0.000,0.000,0.000,0,NULL,NULL,,1,0,3,7,255,,250,0,0
stim,3682,3682,0,3274646.816,0.572,-0.040,-0.108,-0.812,57,89,77,37,39,0,63,11,0,0.000,0,0,0.085,0.004,0.080,0.020,-0.020,0.004,0.026,1.001,0.002,0.004,0.006,0.000,0.000,0.000,0.000,0,NULL,NULL,,1,0,3,7,255,,250,0,0
stim,3682,3682,0,3274651.816,0.572,-0.040,-0.108,-0.812,57,88,53,37,40,0,57,12,0,0.000,0,0,0.085,0.004,0.080,0.020,-0.020,0.004,0.025,1.001,0.000,0.004,-0.012,0.000,0.000,0.000,0.000,0,NULL,NULL,,1,0,3,7,255,,250,0,0
stim,3695,3695,0,3274656.816,0.572,-0.040,-0.108,-0.812,75,89,52,39,31,0,36,10,0,0.000,0,0,0.085,0.004,0.080,0.020,-0.020,0.003,0.025,1.002,-0.002,0.004,-0.012,0.000,0.000,0.000,0.000,0,NULL,NULL,,1,0,3,7,255,,250,0,0
stim,3695,3695,0,3274661.816,0.572,-0.040,-0.108,-0.812,57,89,53,40,37,0,55,13,0,0.000,0,0,0.085,0.002,0.080,0.020,-0.020,0.003,0.025,1.004,0.000,-0.002,-0.004,0.000,0.000,0.000,0.000,0,NULL,NULL,,1,0,3,7,255,,250,0,0
stim,3695,3695,0,3274666.816,0.572,-0.040,-0.108,-0.812,54,63,89,44,20,0,63,40,0,0.000,0,0,0.082,0.003,0.000,0.020,-0.080,0.003,0.026,1.004,-0.002,-0.002,0.010,0.000,0.000,0.000,0.000,0,NULL,NULL,,1,0,3,7,255,,250,0,0
stim,3695,3695,0,3274671.816,0.572,-0.040,-0.108,-0.812,53,87,79,37,41,0,69,15,0,0.000,0,0,0.085,0.007,0.080,0.020,-0.020,0.003,0.026,1.003,-0.006,-0.004,0.010,0.000,0.000,0.000,0.000,0,NULL,NULL,,1,0,3,7,255,,250,0,0
stim,3712,3712,0,3274676.817,0.572,-0.040,-0.108,-0.812,56,90,76,38,37,0,62,13,0,0.000,0,0,0.028,0.009,0.000,0.020,-0.020,0.004,0.026,1.001,-0.008,-0.004,0.006,0.000,0.000,0.000,0.000,0,NULL,NULL,,1,0,3,7,255,,250,0,0
stim,3712,3712,0,3274681.816,0.572,-0.040,-0.108,-0.812,48,68,75,38,36,0,62,33,0,0.000,0,0,0.085,0.006,0.080,0.020,-0.020,0.004,0.025,1.002,-0.006,0.000,-0.008,0.000,0.000,0.000,0.000,0,NULL,NULL,,1,0,3,7,255,,250,0,0
stim,3727,3727,0,3274686.816,0.572,-0.040,-0.108,-0.812,55,87,75,37,31,0,63,13,0,0.000,0,0,0.085,0.004,0.080,0.020,-0.020,0.004,0.025,1.003,-0.004,0.002,-0.008,0.000,0.000,0.000,0.000,0,NULL,NULL,,1,0,3,7,255,,250,0,0
stim,3727,3727,0,3274691.816,0.572,-0.040,-0.108,-0.812,47,67,79,37,40,0,69,33,0,0.000,0,0,0.120,0.006,0.080,-0.040,-0.080,0.004,0.025,1.004,-0.004,0.004,0.002,0.000,0.000,0.000,0.000,0,NULL,NULL,,1,0,3,7,255,,250,0,0
stim,3727,3727,0,3274696.816,0.572,-0.040,-0.108,-0.812,81,87,43,67,13,0,37,22,0,0.000,0,0,0.085,0.003,0.080,0.020,-0.020,0.003,0.024,1.003,0.002,0.002,0.002,0.000,0.000,0.000,0.000,0,NULL,NULL,,1,0,3,7,255,,250,0,0
stim,3727,3727,0,3274701.816,0.572,-0.040,-0.108,-0.812,50,69,83,37,35,0,63,35,0,0.000,0,0,0.120,0.002,0.080,-0.040,-0.080,0.003,0.025,1.002,0.002,0.000,0.002,0.000,0.000,0.000,0.000,0,NULL,NULL,,1,0,3,7,255,,250,0,0
stim,3727,3727,0,3274706.816,0.572,-0.040,-0.108,-0.812,47,85,77,37,33,0,62,13,0,0.000,0,0,0.120,0.003,0.080,-0.040,-0.080,0.003,0.026,1.002,-0.002,-0.002,-0.004,0.000,0.000,0.000,0.000,0,NULL,NULL,,1,0,3,7,255,,250,0,0
stim,3727,3727,0,3274711.816,0.572,-0.040,-0.108,-0.812,49,63,75,37,35,0,61,13,0,0.000,0,0,0.115,0.006,0.080,0.020,-0.080,0.003,0.025,1.002,-0.002,-0.006,-0.004,0.000,0.000,0.000,0.000,0,NULL,NULL,,1,0,3,7,255,,250,0,0
stim,3743,3743,0,3274716.816,0.572,-0.040,-0.108,-0.812,52,85,75,37,33,0,61,12,0,0.000,0,0,0.085,0.006,0.080,0.020,-0.020,0.004,0.025,1.004,0.002,-0.006,-0.004,0.000,0.000,0.000,0.000,0,NULL,NULL,,1,0,3,7,255,,250,0,0
stim,3743,3743,0,3274721.816,0.572,-0.040,-0.108,-0.812,83,89,57,69,14,0,39,42,0,0.000,0,0,0.143,0.006,0.140,0.020,-0.020,0.004,0.024,1.002,0.004,0.004,-0.004,0.000,0.000,0.000,0.000,0,NULL,NULL,,1,0,3,7,255,,250,0,0
stim,3776,3776,0,3274726.816,0.572,-0.040,-0.108,-0.812,57,89,77,40,37,0,63,10,0,0.000,0,0,0.085,0.009,0.080,0.020,-0.020,0.003,0.024,1.002,0.008,0.004,-0.004,0.000,0.000,0.000,0.000,0,NULL,NULL,,1,0,3,7,255,,250,0,0
stim,3776,3776,0,3274731.816,0.572,-0.040,-0.108,-0.812,84,73,81,68,11,0,43,43,0,0.000,0,0,0.085,0.008,0.080,0.020,-0.020,0.003,0.026,1.001,0.008,0.000,-0.004,0.000,0.000,0.000,0.000,0,NULL,NULL,,1,0,3,7,255,,250,0,0
stim,3776,3776,0,3274736.818,0.572,-0.040,-0.108,-0.812,47,67,81,39,17,0,62,34,0,0.000,0,0,0.085,0.009,0.080,0.020,-0.020,0.003,0.024,1.002,0.008,-0.004,-0.008,0.000,0.000,0.000,0.000,0,NULL,NULL,,1,0,3,7,255,,250,0,0
stim,3776,3776,0,3274741.816,0.572,-0.040,-0.108,-0.812,83,71,56,69,16,0,38,41,0,0.000,0,0,0.085,0.008,0.080,0.020,-0.020,0.003,0.025,1.003,0.000,-0.008,-0.008,0.000,0.000,0.000,0.000,0,NULL,NULL,,1,0,3,7,255,,250,0,0
stim,3776,3776,0,3274746.816,0.572,-0.040,-0.108,-0.812,77,87,51,59,29,0,35,18,0,0.000,0,0,0.085,0.004,0.080,0.020,-0.020,0.004,0.025,1.003,0.002,-0.004,0.002,0.000,0.000,0.000,0.000,0,NULL,NULL,,1,0,3,7,255,,250,0,0
stim,3776,3776,0,3274751.816,0.572,-0.040,-0.108,-0.812,79,90,47,69,30,0,37,22,0,0.000,0,0,0.085,0.004,0.080,0.020,-0.020,0.003,0.024,1.003,0.002,-0.004,0.002,0.000,0.000,0.000,0.000,0,NULL,NULL,,1,0,3,7,255,,250,0,0
stim,3791,3791,0,3274756.816,0.572,-0.039,-0.108,-0.812,55,89,57,36,37,0,62,13,0,0.000,0,0,0.115,0.004,0.080,0.020,-0.080,0.002,0.025,1.003,0.002,-0.004,0.002,0.000,0.000,0.000,0.000,0,NULL,NULL,,1,0,3,7,255,,250,0,0
stim,3791,3791,0,3274761.816,0.572,-0.039,-0.108,-0.812,83,91,53,61,35,0,37,20,0,0.000,0,0,0.082,0.004,0.000,0.020,-0.080,0.003,0.025,1.001,0.002,-0.004,0.002,0.000,0.000,0.000,0.000,0,NULL,NULL,,1,0,3,7,255,,250,0,0
stim,3807,3807,0,3274766.816,0.572,-0.039,-0.108,-0.812,56,85,75,37,31,0,61,14,0,0.000,0,0,0.085,0.004,0.080,0.020,-0.020,0.003,0.026,1.002,-0.002,-0.004,-0.002,0.000,0.000,0.000,0.000,0,NULL,NULL,,1,0,3,7,255,,250,0,0
stim,3807,3807,0,3274771.816,0.572,-0.039,-0.108,-0.812,55,62,81,70,18,0,61,43,0,0.000,0,0,0.085,0.003,0.080,0.020,-0.020,0.004,0.024,1.002,-0.002,-0.002,-0.004,0.000,0.000,0.000,0.000,0,NULL,NULL,,1,0,3,7,255,,250,0,0
stim,3807,3807,0,3274776.817,0.572,-0.039,-0.108,-0.812,77,89,51,39,31,0,55,12,0,0.000,0,0,0.085,0.006,0.080,0.020,-0.020,0.003,0.025,1.003,0.004,-0.004,-0.002,0.000,0.000,0.000,0.000,0,NULL,NULL,,1,0,3,7,255,,250,0,0
stim,3807,3807,0,3274781.818,0.572,-0.039,-0.108,-0.812,84,89,57,68,17,0,37,43,0,0.000,0,0,0.085,0.007,0.080,0.020,-0.020,0.003,0.025,1.002,0.004,-0.006,-0.004,0.000,0.000,0.000,0.000,0,NULL,NULL,,1,0,3,7,255,,250,0,0
stim,3823,3823,0,3274786.816,0.572,-0.039,-0.108,-0.812,57,88,53,36,39,0,57,13,0,0.000,0,0,0.085,0.007,0.080,0.020,-0.020,0.004,0.025,1.002,0.004,-0.006,-0.002,0.000,0.000,0.000,0.000,0,NULL,NULL,,1,0,3,7,255,,250,0,0
stim,3823,3823,0,3274791.816,0.572,-0.039,-0.108,-0.812,84,93,83,47,16,0,44,43,0,0.000,0,0,0.115,0.002,0.080,0.020,-0.080,0.004,0.025,1.003,0.000,0.002,-0.002,0.000,0.000,0.000,0.000,0,NULL,NULL,,1,0,3,7,255,,250,0,0
stim,3823,3823,0,3274796.816,0.572,-0.039,-0.108,-0.812,82,89,59,67,19,0,41,42,0,0.000,0,0,0.085,0.004,0.080,0.020,-0.020,0.004,0.025,1.003,0.000,0.004,0.002,0.000,0.000,0.000,0.000,0,NULL,NULL,,1,0,3,7,255,,250,0,0
stim,3839,3839,0,3274801.816,0.572,-0.039,-0.108,-0.812,83,88,54,63,9,0,35,40,0,0.000,0,0,0.115,0.002,0.080,0.020,-0.080,0.003,0.024,1.004,0.000,0.002,0.002,0.000,0.000,0.000,0.000,0,NULL,NULL,,1,0,3,7,255,,250,0,0
stim,3839,3839,0,3274806.816,0.572,-0.039,-0.108,-0.812,79,69,82,69,19,0,45,44,0,0.000,0,0,0.085,0.004,0.080,0.020,-0.020,0.005,0.025,1.003,0.000,0.004,0.006,0.000,0.000,0.000,0.000,0,NULL,NULL,,1,0,3,7,255,,250,0,0
stim,3839,3839,0,3274811.816,0.572,-0.039,-0.108,-0.812,72,62,57,68,13,0,39,42,0,0.000,0,0,0.085,0.007,0.080,0.020,-0.020,0.004,0.024,1.002,0.004,0.006,0.006,0.000,0.000,0.000,0.000,0,NULL,NULL,,1,0,3,7,255,,250,0,0
stim,3839,3839,0,3274816.816,0.572,-0.039,-0.108,-0.812,48,62,79,37,42,0,69,17,0,0.000,0,0,0.115,0.007,0.080,0.020,-0.080,0.004,0.024,1.002,0.004,0.006,-0.004,0.000,0.000,0.000,0.000,0,NULL,NULL,,1,0,3,7,255,,250,0,0
stim,3871,3871,0,3274821.816,0.572,-0.039,-0.108,-0.812,51,61,83,38,37,0,67,17,0,0.000,0,0,0.028,0.007,0.000,0.020,-0.020,0.003,0.025,1.003,0.004,0.006,-0.004,0.000,0.000,0.000,0.000,0,NULL,NULL,,1,0,3,7,255,,250,0,0
stim,3871,3871,0,3274826.816,0.572,-0.039,-0.108,-0.812,51,69,57,37,37,0,63,16,0,0.000,0,0,0.115,0.003,0.080,0.020,-0.080,0.002,0.026,1.003,-0.002,-0.002,0.002,0.000,0.000,0.000,0.000,0,NULL,NULL,,1,0,3,7,255,,250,0,0
stim,3871,3871,0,3274831.816,0.572,-0.039,-0.108,-0.812,83,88,51,68,16,0,31,24,0,0.000,0,0,0.082,0.008,0.000,0.020,-0.080,0.004,0.026,1.002,-0.008,-0.002,0.002,0.000,0.000,0.000,0.000,0,NULL,NULL,,1,0,3,7,255,,250,0,0
stim,3871,3871,0,3274836.818,0.572,-0.039,-0.108,-0.812,73,60,85,63,21,0,47,43,0,0.000,0,0,0.143,0.008,0.140,0.020,-0.020,0.003,0.025,1.003,-0.008,-0.002,0.006,0.000,0.000,0.000,0.000,0,NULL,NULL,,1,0,3,7,255,,250,0,0
stim,3872,3872,0,3274841.816,0.572,-0.039,-0.108,-0.812,56,89,76,39,38,0,67,16,0,0.000,0,0,0.120,0.003,0.080,-0.040,-0.080,0.003,0.025,1.003,-0.002,-0.002,0.002,0.000,0.000,0.000,0.000,0,NULL,NULL,,1,0,3,7,255,,250,0,0
stim,3872,3872,0,3274846.816,0.572,-0.039,-0.108,-0.812,82,70,77,69,19,0,39,43,0,0.000,0,0,0.162,0.006,0.140,0.020,-0.080,0.003,0.026,1.003,-0.002,-0.006,0.002,0.000,0.000,0.000,0.000,0,NULL,NULL,,1,0,3,7,255,,250,0,0
stim,3904,3904,0,3274851.816,0.572,-0.039,-0.108,-0.812,52,60,83,41,23,0,69,41,0,0.000,0,0,0.120,0.006,0.080,-0.040,-0.080,0.004,0.025,1.003,0.000,-0.006,0.002,0.000,0.000,0.000,0.000,0,NULL,NULL,,1,0,3,7,255,,250,0,0
stim,3904,3904,0,3274856.816,0.572,-0.039,-0.108,-0.812,85,71,76,69,21,0,39,43,0,0.000,0,0,0.092,0.004,0.080,-0.040,-0.020,0.004,0.025,1.003,0.002,0.004,0.002,0.000,0.000,0.000,0.000,0,NULL,NULL,,1,0,3,7,255,,250,0,0
stim,3904,3904,0,3274861.816,0.572,-0.039,-0.108,-0.812,53,61,75,61,18,0,47,43,0,0.000,0,0,0.085,0.004,0.080,0.020,-0.020,0.004,0.024,1.002,0.002,0.004,0.002,0.000,0.000,0.000,0.000,0,NULL,NULL,,1,0,3,7,255,,250,0,0
stim,3904,3904,0,3274866.816,0.572,-0.039,-0.108,-0.812,55,67,83,61,20,0,63,41,0,0.000,0,0,0.085,0.008,0.080,0.020,-0.020,0.004,0.024,1.003,0.006,0.006,0.006,0.000,0.000,0.000,0.000,0,NULL,NULL,,1,0,3,7,255,,250,0,0
stim,3904,3904,0,3274871.816,0.572,-0.039,-0.108,-0.812,54,61,84,61,20,0,47,43,0,0.000,0,0,0.143,0.008,0.140,0.020,-0.020,0.003,0.026,1.001,0.006,0.006,-0.008,0.000,0.000,0.000,0.000,0,NULL,NULL,,1,0,3,7,255,,250,0,0
stim,3904,3904,0,3274876.817,0.572,-0.039,-0.108,-0.812,83,73,83,71,20,0,47,44,0,0.000,0,0,0.082,0.003,0.000,0.020,-0.080,0.003,0.025,1.002,-0.002,-0.002,-0.004,0.000,0.000,0.000,0.000,0,NULL,NULL,,1,0,3,7,255,,250,0,0
stim,3919,3919,0,3274881.816,0.572,-0.039,-0.108,-0.812,77,91,51,59,35,0,37,17,0,0.000,0,0,0.085,0.006,0.080,0.020,-0.020,0.003,0.025,1.004,-0.002,-0.006,-0.004,0.000,0.000,0.000,0.000,0,NULL,NULL,,1,0,3,7,255,,250,0,0
stim,3919,3919,0,3274886.816,0.572,-0.039,-0.108,-0.812,83,93,45,68,13,0,37,30,0,0.000,0,0,0.115,0.002,0.080,0.080,-0.020,0.003,0.024,1.003,0.000,-0.002,0.006,0.000,0.000,0.000,0.000,0,NULL,NULL,,1,0,3,7,255,,250,0,0
stim,3919,3919,0,3274891.816,0.572,-0.039,-0.108,-0.812,56,67,77,67,8,0,42,47,0,0.000,0,0,0.085,0.002,0.080,0.020,-0.020,0.003,0.025,1.001,0.000,-0.002,0.006,0.000,0.000,0.000,0.000,0,NULL,NULL,,1,0,3,7,255,,250,0,0
stim,3919,3919,0,3274896.816,0.572,-0.040,-0.108,-0.812,83,91,53,67,19,0,39,25,0,0.000,0,0,0.115,0.003,0.080,0.080,-0.020,0.003,0.027,1.002,-0.002,-0.002,-0.002,0.000,0.000,0.000,0.000,0,NULL,NULL,,1,0,3,7,255,,250,0,0
stim,3937,3937,0,3274901.816,0.572,-0.040,-0.108,-0.812,77,89,53,41,40,0,57,12,0,0.000,0,0,0.085,0.003,0.080,0.020,-0.020,0.003,0.025,1.002,-0.002,-0.002,-0.008,0.000,0.000,0.000,0.000,0,NULL,NULL,,1,0,3,7,255,,250,0,0
stim,3937,3937,0,3274906.816,0.572,-0.040,-0.108,-0.812,83,89,57,69,11,0,40,41,0,0.000,0,0,0.085,0.002,0.080,0.020,-0.020,0.004,0.025,1.003,-0.002,0.000,-0.002,0.000,0.000,0.000,0.000,0,NULL,NULL,,1,0,3,7,255,,250,0,0
stim,3937,3937,0,3274911.816,0.572,-0.040,-0.108,-0.812,74,63,57,67,13,0,36,41,0,0.000,0,0,0.092,0.003,0.080,0.020,0.040,0.004,0.025,1.003,-0.002,0.002,0.006,0.000,0.000,0.000,0.000,0,NULL,NULL,,1,0,3,7,255,,250,0,0
stim,3937,3937,0,3274916.816,0.572,-0.040,-0.108,-0.812,51,69,84,39,37,0,63,24,0,0.000,0,0,0.115,0.003,0.080,0.020,-0.080,0.002,0.025,1.003,-0.002,0.002,0.006,0.000,0.000,0.000,0.000,0,NULL,NULL,,1,0,3,7,255,,250,0,0
stim,3951,3951,0,3274921.816,0.572,-0.040,-0.108,-0.812,75,63,59,69,12,0,37,39,0,0.000,0,0,0.085,0.009,0.080,0.020,-0.020,0.004,0.025,1.003,-0.004,0.008,0.006,0.000,0.000,0.000,0.000,0,NULL,NULL,,1,0,3,7,255,,250,0,0
stim,3951,3951,0,3274926.816,0.572,-0.040,-0.108,-0.812,81,91,51,61,31,0,38,16,0,0.000,0,0,0.162,0.009,0.140,0.020,-0.080,0.003,0.026,1.003,-0.004,-0.008,0.006,0.000,0.000,0.000,0.000,0,NULL,NULL,,1,0,3,7,255,,250,0,0
stim,3984,3984,0,3274931.816,0.572,-0.040,-0.108,-0.812,83,91,53,68,12,0,38,41,0,0.000,0,0,0.028,0.007,0.000,0.020,-0.020,0.004,0.026,1.002,-0.004,0.006,0.006,0.000,0.000,0.000,0.000,0,NULL,NULL,,1,0,3,7,255,,250,0,0
stim,3984,3984,0,3274936.818,0.572,-0.040,-0.108,-0.812,79,92,53,61,28,0,37,20,0,0.000,0,0,0.120,0.007,0.080,-0.040,-0.080,0.004,0.025,1.003,-0.004,0.006,0.006,0.000,0.000,0.000,0.000,0,NULL,NULL,,1,0,3,7,255,,250,0,0
stim,3984,3984,0,3274941.816,0.572,-0.040,-0.108,-0.812,55,69,83,69,17,0,63,43,0,0.000,0,0,0.028,0.007,0.000,0.020,-0.020,0.003,0.025,1.002,-0.004,0.006,-0.004,0.000,0.000,0.000,0.000,0,NULL,NULL,,1,0,3,7,255,,250,0,0
stim,3984,3984,0,3274946.816,0.572,-0.040,-0.108,-0.812,51,69,83,39,38,0,67,35,0,0.000,0,0,0.115,0.007,0.080,0.020,-0.080,0.004,0.025,1.003,-0.004,0.006,0.002,0.000,0.000,0.000,0.000,0,NULL,NULL,,1,0,3,7,255,,250,0,0
stim,3984,3984,0,3274951.816,0.572,-0.040,-0.108,-0.812,77,88,51,41,30,0,55,11,0,0.000,0,0,0.028,0.006,0.000,0.020,-0.020,0.003,0.026,1.002,-0.004,-0.004,-0.004,0.000,0.000,0.000,0.000,0,NULL,NULL,,1,0,3,7,255,,250,0,0
stim,3984,3984,0,3274956.816,0.572,-0.040,-0.108,-0.812,83,91,55,68,20,0,39,24,0,0.000,0,0,0.085,0.004,0.080,0.020,-0.020,0.003,0.025,1.002,-0.004,0.000,-0.004,0.000,0.000,0.000,0.000,0,NULL,NULL,,1,0,3,7,255,,250,0,0
stim,4003,4003,0,3274961.816,0.572,-0.040,-0.108,-0.812,79,89,50,62,12,0,37,24,0,0.000,0,0,0.045,0.006,0.000,-0.040,-0.020,0.003,0.025,1.002,0.004,-0.004,-0.004,0.000,0.000,0.000,0.000,0,NULL,NULL,,1,0,3,7,255,,250,0,0
stim,4003,4003,0,3274966.816,0.572,-0.040,-0.108,-0.812,83,71,79,67,9,0,43,45,0,0.000,0,0,0.028,0.004,0.000,0.020,-0.020,0.003,0.025,1.003,0.004,0.000,-0.004,0.000,0.000,0.000,0.000,0,NULL,NULL,,1,0,3,7,255,,250,0,0
stim,4003,4003,0,3274971.816,0.572,-0.040,-0.108,-0.812,53,61,82,44,19,0,66,43,0,0.000,0,0,0.143,0.004,0.140,0.020,-0.020,0.005,0.025,1.003,0.004,0.000,0.002,0.000,0.000,0.000,0.000,0,NULL,NULL,,1,0,3,7,255,,250,0,0
stim,4003,4003,0,3274976.818,0.572,-0.040,-0.108,-0.812,51,68,77,39,39,0,63,17,0,0.000,0,0,0.147,0.004,0.140,-0.040,-0.020,0.003,0.024,1.003,0.004,0.000,0.006,0.000,0.000,0.000,0.000,0,NULL,NULL,,1,0,3,7,255,,250,0,0
stim,4019,4019,0,3274981.816,0.572,-0.040,-0.108,-0.812,55,87,73,37,39,0,57,17,0,0.000,0,0,0.115,0.004,0.080,0.020,-0.080,0.003,0.025,1.002,0.004,0.000,0.006,0.000,0.000,0.000,0.000,0,NULL,NULL,,1,0,3,7,255,,250,0,0
stim,4019,4019,0,3274986.816,0.572,-0.040,-0.108,-0.812,52,61,85,39,37,0,67,18,0,0.000,0,0,0.028,0.004,0.000,0.020,-0.020,0.003,0.025,1.002,0.004,0.000,-0.004,0.000,0.000,0.000,0.000,0,NULL,NULL,,1,0,3,7,255,,250,0,0
stim,4019,4019,0,3274991.816,0.572,-0.040,-0.108,-0.812,83,92,52,67,16,0,39,41,0,0.000,0,0,0.085,0.004,0.080,0.020,-0.020,0.003,0.024,1.003,0.004,0.000,-0.004,0.000,0.000,0.000,0.000,0,NULL,NULL,,1,0,3,7,255,,250,0,0
stim,4019,4019,0,3274996.816,0.572,-0.040,-0.108,-0.812,59,91,53,41,31,0,55,16,0,0.000,0,0,0.162,0.004,0.140,0.020,-0.080,0.003,0.025,1.003,0.004,-0.002,0.002,0.000,0.000,0.000,0.000,0,NULL,NULL,,1,0,3,7,255,,250,0,0
stim,4036,4036,0,3275001.816,0.572,-0.040,-0.108,-0.812,82,91,53,60,37,0,39,20,0,0.000,0,0,0.143,0.006,0.140,0.020,-0.020,0.003,0.025,1.003,0.000,-0.006,0.002,0.000,0.000,0.000,0.000,0,NULL,NULL,,1,0,3,7,255,,250,0,0
stim,4036,4036,0,3275006.816,0.572,-0.040,-0.108,-0.812,83,90,57,71,18,0,38,41,0,0.000,0,0,0.028,0.006,0.000,0.020,-0.020,0.004,0.025,1.003,0.000,-0.006,0.002,0.000,0.000,0.000,0.000,0,NULL,NULL,,1,0,3,7,255,,250,0,0
stim,4036,4036,0,3275011.816,0.572,-0.040,-0.108,-0.812,83,89,47,69,13,0,23,25,0,0.000,0,0,0.085,0.004,0.080,0.020,-0.020,0.003,0.026,1.001,-0.002,-0.004,0.002,0.000,0.000,0.000,0.000,0,NULL,NULL,,1,0,3,7,255,,250,0,0
stim,4036,4036,0,3275016.816,0.572,-0.040,-0.108,-0.812,49,63,77,38,38,0,67,17,0,0.000,0,0,0.120,0.004,0.080,-0.040,-0.080,0.003,0.025,1.003,-0.002,-0.004,0.002,0.000,0.000,0.000,0.000,0,NULL,NULL,,1,0,3,7,255,,250,0,0
stim,4048,4048,0,3275021.816,0.572,-0.040,-0.108,-0.812,84,73,77,69,13,0,42,43,0,0.000,0,0,0.120,0.004,0.080,-0.040,-0.080,0.003,0.024,1.003,0.000,-0.004,0.002,0.000,0.000,0.000,0.000,0,NULL,NULL,,1,0,3,7,255,,250,0,0
stim,4048,4048,0,3275026.816,0.572,-0.040,-0.108,-0.812,77,90,52,58,28,0,38,11,0,0.000,0,0,0.085,0.002,0.080,0.020,-0.020,0.003,0.025,1.004,0.000,-0.002,0.006,0.000,0.000,0.000,0.000,0,NULL,NULL,,1,0,3,7,255,,250,0,0
stim,4081,4081,0,3275031.816,0.572,-0.040,-0.108,-0.812,83,91,55,67,21,0,40,24,0,0.000,0,0,0.115,0.003,0.080,0.080,-0.020,0.004,0.025,1.003,0.002,-0.002,0.006,0.000,0.000,0.000,0.000,0,NULL,NULL,,1,0,3,7,255,,250,0,0
stim,4081,4081,0,3275036.818,0.572,-0.040,-0.108,-0.812,83,89,57,67,18,0,39,43,0,0.000,0,0,0.085,0.002,0.080,0.020,-0.020,0.003,0.025,1.002,0.002,0.000,0.006,0.000,0.000,0.000,0.000,0,NULL,NULL,,1,0,3,7,255,,250,0,0
stim,4081,4081,0,3275041.816,0.572,-0.040,-0.108,-0.812,57,90,55,37,39,0,39,16,0,0.000,0,0,0.092,0.002,0.080,-0.040,-0.020,0.004,0.026,1.001,0.002,0.000,-0.008,0.000,0.000,0.000,0.000,0,NULL,NULL,,1,0,3,7,255,,250,0,0
stim,4081,4081,0,3275046.816,0.572,-0.040,-0.108,-0.812,51,85,57,37,40,0,61,13,0,0.000,0,0,0.028,0.002,0.000,0.020,-0.020,0.003,0.024,1.003,0.002,0.000,-0.008,0.000,0.000,0.000,0.000,0,NULL,NULL,,1,0,3,7,255,,250,0,0
stim,4081,4081,0,3275051.816,0.572,-0.040,-0.108,-0.812,74,62,57,69,18,0,41,42,0,0.000,0,0,0.162,0.002,0.140,0.080,-0.020,0.004,0.025,1.004,0.002,0.000,0.002,0.000,0.000,0.000,0.000,0,NULL,NULL,,1,0,3,7,255,,250,0,0
stim,4081,4081,0,3275056.816,0.572,-0.040,-0.108,-0.812,50,69,78,40,31,0,69,17,0,0.000,0,0,0.143,0.002,0.140,0.020,-0.020,0.003,0.025,1.002,0.002,0.000,0.002,0.000,0.000,0.000,0.000,0,NULL,NULL,,1,0,3,7,255,,250,0,0
stim,4103,4103,0,3275061.816,0.572,-0.040,-0.108,-0.812,76,91,53,41,36,0,57,12,0,0.000,0,0,0.143,0.004,0.140,0.020,-0.020,0.004,0.025,1.003,0.002,0.004,0.006,0.000,0.000,0.000,0.000,0,NULL,NULL,,1,0,3,7,255,,250,0,0
stim,4103,4103,0,3275066.816,0.572,-0.040,-0.108,-0.812,81,89,77,62,14,0,37,40,0,0.000,0,0,0.098,0.004,0.080,-0.040,0.040,0.004,0.024,1.002,0.002,0.004,-0.004,0.000,0.000,0.000,0.000,0,NULL,NULL,,1,0,3,7,255,,250,0,0
stim,4103,4103,0,3275071.817,0.572,-0.040,-0.108,-0.812,77,89,54,57,37,0,40,13,0,0.000,0,0,0.115,0.004,0.080,0.020,-0.080,0.004,0.026,1.003,0.002,0.004,0.006,0.000,0.000,0.000,0.000,0,NULL,NULL,,1,0,3,7,255,,250,0,0
stim,4103,4103,0,3275076.816,0.572,-0.040,-0.108,-0.812,75,63,84,69,18,0,45,43,0,0.000,0,0,0.085,0.003,0.080,0.020,-0.020,0.003,0.025,1.003,-0.002,-0.002,0.006,0.000,0.000,0.000,0.000,0,NULL,NULL,,1,0,3,7,255,,250,0,0
stim,4104,4104,0,3275081.816,0.572,-0.040,-0.108,-0.812,59,89,53,41,37,0,39,12,0,0.000,0,0,0.115,0.003,0.080,0.020,-0.080,0.003,0.025,1.003,-0.002,-0.002,0.006,0.000,0.000,0.000,0.000,0,NULL,NULL,,1,0,3,7,255,,250,0,0
stim,4104,4104,0,3275086.816,0.572,-0.040,-0.108,-0.812,59,91,53,41,31,0,56,12,0,0.000,0,0,0.115,0.002,0.080,0.020,-0.080,0.004,0.024,1.003,0.002,0.000,0.002,0.000,0.000,0.000,0.000,0,NULL,NULL,,1,0,3,7,255,,250,0,0
stim,4127,4127,0,3275091.816,0.572,-0.040,-0.108,-0.812,53,63,83,43,18,0,67,41,0,0.000,0,0,0.143,0.003,0.140,0.020,-0.020,0.004,0.025,1.003,0.002,0.002,0.002,0.000,0.000,0.000,0.000,0,NULL,NULL,,1,0,3,7,255,,250,0,0
stim,4127,4127,0,3275096.816,0.572,-0.040,-0.108,-0.812,83,71,79,69,16,0,41,44,0,0.000,0,0,0.089,0.003,0.000,-0.040,-0.080,0.003,0.025,1.003,0.002,0.002,0.002,0.000,0.000,0.000,0.000,0,NULL,NULL,,1,0,3,7,255,,250,0,0
stim,4127,4127,0,3275101.816,0.572,-0.040,-0.108,-0.812,56,63,75,68,21,0,45,45,0,0.000,0,0,0.085,0.003,0.080,0.020,-0.020,0.004,0.024,1.002,0.002,0.002,0.002,0.000,0.000,0.000,0.000,0,NULL,NULL,,1,0,3,7,255,,250,0,0
stim,4127,4127,0,3275106.816,0.572,-0.039,-0.108,-0.812,73,61,84,62,19,0,45,45,0,0.000,0,0,0.045,0.004,0.000,-0.040,-0.020,0.002,0.025,1.003,0.004,0.000,0.002,0.000,0.000,0.000,0.000,0,NULL,NULL,,1,0,3,7,255,,250,0,0
stim,4143,4143,0,3275111.818,0.572,-0.039,-0.108,-0.812,77,89,54,58,37,0,39,12,0,0.000,0,0,0.162,0.007,0.140,0.020,-0.080,0.003,0.024,1.004,0.006,-0.004,0.006,0.000,0.000,0.000,0.000,0,NULL,NULL,,1,0,3,7,255,,250,0,0
stim,4143,4143,0,3275116.816,0.572,-0.039,-0.108,-0.812,83,93,53,61,13,0,38,19,0,0.000,0,0,0.085,0.007,0.080,0.020,-0.020,0.004,0.026,1.003,0.006,-0.004,0.006,0.000,0.000,0.000,0.000,0,NULL,NULL,,1,0,3,7,255,,250,0,0
stim,4175,4175,0,3275121.816,0.572,-0.039,-0.108,-0.812,77,89,53,41,35,1,40,13,0,0.000,0,0,0.028,0.008,0.000,0.020,-0.020,0.004,0.026,1.001,-0.008,0.000,0.002,0.000,0.000,0.000,0.000,0,NULL,NULL,,1,0,3,7,255,,250,0,0
stim,4175,4175,0,3275126.816,0.572,-0.039,-0.108,-0.812,83,70,81,69,20,0,43,45,0,0.000,0,0,0.028,0.008,0.000,0.020,-0.020,0.003,0.024,1.002,-0.008,0.000,-0.004,0.000,0.000,0.000,0.000,0,NULL,NULL,,1,0,3,7,255,,250,0,0
stim,4175,4175,0,3275131.816,0.572,-0.039,-0.108,-0.812,53,87,75,39,35,0,62,9,0,0.000,0,0,0.115,0.009,0.080,0.020,-0.080,0.002,0.024,1.002,0.008,-0.004,-0.004,0.000,0.000,0.000,0.000,0,NULL,NULL,,1,0,3,7,255,,250,0,0
stim,4175,4175,0,3275136.817,0.572,-0.039,-0.108,-0.812,83,87,77,68,18,0,40,43,0,0.000,0,0,0.085,0.009,0.080,0.020,-0.020,0.004,0.025,1.003,0.008,-0.004,-0.004,0.000,0.000,0.000,0.000,0,NULL,NULL,,1,0,3,7,255,,250,0,0
stim,4175,4175,0,3275141.816,0.572,-0.039,-0.108,-0.812,83,91,53,47,33,0,39,23,0,0.000,0,0,0.115,0.006,0.080,0.020,-0.080,0.003,0.024,1.003,0.006,0.002,0.000,0.000,0.000,0.000,0.000,0,NULL,NULL,,1,0,3,7,255,,250,0,0
stim,4175,4175,0,3275146.816,0.572,-0.039,-0.108,-0.812,82,71,78,69,17,0,43,43,0,0.000,0,0,0.115,0.006,0.080,0.020,-0.080,0.003,0.024,1.003,0.006,0.002,0.002,0.000,0.000,0.000,0.000,0,NULL,NULL,,1,0,3,7,255,,250,0,0
stim,4191,4191,0,3275151.816,0.572,-0.039,-0.108,-0.812,77,89,51,57,30,0,35,12,0,0.000,0,0,0.085,0.006,0.080,0.020,-0.020,0.002,0.025,1.002,0.006,0.002,0.000,0.000,0.000,0.000,0.000,0,NULL,NULL,,1,0,3,7,255,,250,0,0
stim,4191,4191,0,3275156.816,0.572,-0.039,-0.108,-0.812,83,92,56,68,37,0,39,24,0,0.000,0,0,0.139,0.006,0.080,0.080,-0.080,0.004,0.025,1.002,0.006,0.002,-0.004,0.000,0.000,0.000,0.000,0,NULL,NULL,,1,0,3,7,255,,250,0,0
stim,4212,4212,0,3275161.816,0.572,-0.039,-0.108,-0.812,51,63,87,41,39,0,47,31,0,0.000,0,0,0.115,0.002,0.080,0.020,-0.080,0.004,0.025,1.004,0.000,0.002,-0.004,0.000,0.000,0.000,0.000,0,NULL,NULL,,1,0,3,7,255,,250,0,0
stim,4212,4212,0,3275166.816,0.572,-0.039,-0.108,-0.812,75,63,83,71,17,0,45,43,0,0.000,0,0,0.085,0.004,0.080,0.020,-0.020,0.003,0.026,1.004,-0.004,0.002,0.010,0.000,0.000,0.000,0.000,0,NULL,NULL,,1,0,3,7,255,,250,0,0
stim,4212,4212,0,3275171.816,0.572,-0.039,-0.108,-0.812,79,87,51,63,28,0,36,22,0,0.000,0,0,0.092,0.004,0.080,-0.040,-0.020,0.004,0.025,1.003,-0.004,0.002,0.010,0.000,0.000,0.000,0.000,0,NULL,NULL,,1,0,3,7,255,,250,0,0
stim,4212,4212,0,3275176.817,0.572,-0.039,-0.108,-0.812,83,87,59,69,19,0,39,43,0,0.000,0,0,0.092,0.004,0.080,-0.040,-0.020,0.003,0.025,1.002,-0.004,-0.002,0.006,0.000,0.000,0.000,0.000,0,NULL,NULL,,1,0,3,7,255,,250,0,0
stim,4212,4212,0,3275181.816,0.572,-0.039,-0.108,-0.812,77,89,55,38,33,0,39,17,0,0.000,0,0,0.120,0.004,0.080,-0.040,-0.080,0.003,0.026,1.002,-0.004,-0.002,-0.004,0.000,0.000,0.000,0.000,0,NULL,NULL,,1,0,3,7,255,,250,0,0
stim,4212,4212,0,3275186.816,0.572,-0.039,-0.108,-0.812,53,59,85,41,39,0,72,19,0,0.000,0,0,0.085,0.003,0.080,0.020,-0.020,0.003,0.025,1.003,-0.002,-0.002,-0.004,0.000,0.000,0.000,0.000,0,NULL,NULL,,1,0,3,7,255,,250,0,0
stim,4223,4223,0,3275191.816,0.572,-0.039,-0.108,-0.812,74,82,60,70,18,0,27,43,0,0.000,0,0,0.045,0.002,0.000,0.020,0.040,0.004,0.024,1.003,0.002,0.000,0.000,0.000,0.000,0.000,0.000,0,NULL,NULL,,1,0,3,7,255,,250,0,0
stim,4223,4223,0,3275196.816,0.572,-0.039,-0.108,-0.812,55,87,55,42,37,0,57,13,0,0.000,0,0,0.085,0.008,0.080,0.020,-0.020,0.004,0.024,1.003,0.006,0.006,0.000,0.000,0.000,0.000,0.000,0,NULL,NULL,,1,0,3,7,255,,250,0,0
stim,4239,4239,0,3275201.816,0.572,-0.039,-0.108,-0.812,51,69,83,39,35,0,62,35,0,0.000,0,0,0.028,0.008,0.000,0.020,-0.020,0.002,0.024,1.001,0.006,0.006,0.000,0.000,0.000,0.000,0.000,0,NULL,NULL,,1,0,3,7,255,,250,0,0
stim,4239,4239,0,3275206.816,0.572,-0.039,-0.108,-0.812,75,68,83,70,20,0,47,45,0,0.000,0,0,0.028,0.006,0.000,0.020,-0.020,0.003,0.025,1.002,0.006,0.000,-0.004,0.000,0.000,0.000,0.000,0,NULL,NULL,,1,0,3,7,255,,250,0,0
stim,4239,4239,0,3275211.816,0.572,-0.039,-0.108,-0.812,51,69,83,39,36,0,63,19,0,0.000,0,0,0.085,0.006,0.080,0.020,-0.020,0.003,0.024,1.003,0.006,0.000,-0.004,0.000,0.000,0.000,0.000,0,NULL,NULL,,1,0,3,7,255,,250,0,0
stim,4239,4239,0,3275216.817,0.572,-0.039,-0.108,-0.812,75,68,82,69,12,0,43,43,0,0.000,0,0,0.082,0.002,0.000,0.020,-0.080,0.003,0.025,1.003,0.002,0.000,0.000,0.000,0.000,0.000,0.000,0,NULL,NULL,,1,0,3,7,255,,250,0,0
stim,4255,4255,0,3275221.816,0.572,-0.039,-0.108,-0.812,77,88,53,59,4,0,37,14,0,0.000,0,0,0.115,0.002,0.080,0.020,-0.080,0.003,0.025,1.003,0.002,0.000,0.006,0.000,0.000,0.000,0.000,0,NULL,NULL,,1,0,3,7,255,,250,0,0
stim,4255,4255,0,3275226.816,0.572,-0.039,-0.108,-0.812,52,62,85,39,37,0,67,35,0,0.000,0,0,0.115,0.000,0.080,0.020,-0.080,0.004,0.025,1.003,0.000,0.000,0.006,0.000,0.000,0.000,0.000,0,NULL,NULL,,1,0,3,7,255,,250,0,0
stim,4287,4287,0,3275231.816,0.572,-0.039,-0.108,-0.812,57,91,77,39,35,0,62,18,0,0.000,0,0,0.082,0.006,0.000,0.020,-0.080,0.004,0.026,1.002,-0.006,0.000,0.000,0.000,0.000,0.000,0.000,0,NULL,NULL,,1,0,3,7,255,,250,0,0
stim,4287,4287,0,3275236.817,0.572,-0.039,-0.108,-0.812,75,67,79,69,13,0,63,43,0,0.000,0,0,0.085,0.006,0.080,0.020,-0.020,0.003,0.025,1.002,-0.006,0.000,-0.004,0.000,0.000,0.000,0.000,0,NULL,NULL,,1,0,3,7,255,,250,0,0
stim,4287,4287,0,3275241.816,0.572,-0.039,-0.108,-0.812,79,91,56,43,41,1,59,17,0,0.000,0,0,0.092,0.006,0.080,-0.040,-0.020,0.004,0.025,1.002,-0.006,0.000,-0.004,0.000,0.000,0.000,0.000,0,NULL,NULL,,1,0,3,7,255,,250,0,0
stim,4287,4287,0,3275246.816,0.572,-0.039,-0.108,-0.812,81,91,55,45,37,0,39,21,0,0.000,0,0,0.092,0.000,0.080,-0.040,-0.020,0.003,0.025,1.003,0.000,0.000,-0.004,0.000,0.000,0.000,0.000,0,NULL,NULL,,1,0,3,7,255,,250,0,0
stim,4287,4287,0,3275251.816,0.572,-0.039,-0.108,-0.812,50,63,83,39,41,0,69,18,0,0.000,0,0,0.092,0.002,0.080,-0.040,-0.020,0.003,0.025,1.004,-0.002,0.000,0.000,0.000,0.000,0.000,0.000,0,NULL,NULL,,1,0,3,7,255,,250,0,0
stim,4287,4287,0,3275256.816,0.572,-0.039,-0.108,-0.812,60,91,55,40,37,0,39,13,0,0.000,0,0,0.115,0.002,0.080,0.020,-0.080,0.004,0.025,1.003,-0.002,0.000,0.000,0.000,0.000,0.000,0.000,0,NULL,NULL,,1,0,3,7,255,,250,0,0
stim,4304,4304,0,3275261.816,0.572,-0.039,-0.108,-0.812,55,61,86,43,22,0,69,44,0,0.000,0,0,0.028,0.003,0.000,0.020,-0.020,0.003,0.025,1.002,-0.002,-0.002,0.000,0.000,0.000,0.000,0.000,0,NULL,NULL,,1,0,3,7,255,,250,0,0
stim,4304,4304,0,3275266.816,0.572,-0.039,-0.108,-0.812,83,92,53,69,27,0,39,23,0,0.000,0,0,0.028,0.003,0.000,0.020,-0.020,0.003,0.025,1.002,-0.002,-0.002,-0.004,0.000,0.000,0.000,0.000,0,NULL,NULL,,1,0,3,7,255,,250,0,0
stim,4304,4304,0,3275271.816,0.572,-0.039,-0.108,-0.812,51,58,79,38,39,0,67,17,0,0.000,0,0,0.028,0.003,0.000,0.020,-0.020,0.004,0.025,1.002,-0.002,-0.002,-0.004,0.000,0.000,0.000,0.000,0,NULL,NULL,,1,0,3,7,255,,250,0,0
stim,4304,4304,0,3275276.817,0.572,-0.039,-0.108,-0.812,73,67,83,69,17,0,68,44,0,0.000,0,0,0.028,0.004,0.000,0.020,-0.020,0.004,0.025,1.002,0.000,0.004,-0.004,0.000,0.000,0.000,0.000,0,NULL,NULL,,1,0,3,7,255,,250,0,0
stim,4305,4305,0,3275281.816,0.572,-0.039,-0.108,-0.812,83,91,52,63,9,0,36,23,0,0.000,0,0,0.085,0.004,0.080,0.020,-0.020,0.003,0.025,1.001,0.000,0.004,-0.004,0.000,0.000,0.000,0.000,0,NULL,NULL,,1,0,3,7,255,,250,0,0
stim,4305,4305,0,3275286.816,0.572,-0.039,-0.108,-0.812,48,67,77,39,41,1,69,17,0,0.000,0,0,0.085,0.002,0.080,0.020,-0.020,0.003,0.025,1.001,0.002,0.000,-0.014,0.000,0.000,0.000,0.000,0,NULL,NULL,,1,0,3,7,255,,250,0,0
stim,4319,4319,0,3275291.816,0.572,-0.039,-0.108,-0.812,53,61,79,60,11,0,43,41,0,0.000,0,0,0.028,0.002,0.000,0.020,-0.020,0.003,0.025,1.003,0.002,0.000,-0.014,0.000,0.000,0.000,0.000,0,NULL,NULL,,1,0,3,7,255,,250,0,0
stim,4319,4319,0,3275296.816,0.572,-0.039,-0.108,-0.812,56,68,83,69,18,0,63,43,0,0.000,0,0,0.092,0.002,0.080,-0.040,-0.020,0.004,0.025,1.002,0.002,0.000,-0.008,0.000,0.000,0.000,0.000,0,NULL,NULL,,1,0,3,7,255,,250,0,0
stim,4337,4337,0,3275301.816,0.572,-0.039,-0.108,-0.812,79,91,55,63,36,1,40,21,0,0.000,0,0,0.115,0.002,0.080,0.020,-0.080,0.003,0.025,1.004,0.002,0.000,0.002,0.000,0.000,0.000,0.000,0,NULL,NULL,,1,0,3,7,255,,250,0,0
stim,4337,4337,0,3275306.816,0.572,-0.039,-0.108,-0.812,51,69,83,39,39,0,69,18,0,0.000,0,0,0.092,0.002,0.080,-0.040,-0.020,0.004,0.025,1.004,0.000,0.002,0.010,0.000,0.000,0.000,0.000,0,NULL,NULL,,1,0,3,7,255,,250,0,0
stim,4337,4337,0,3275311.816,0.572,-0.039,-0.108,-0.812,83,86,47,63,13,0,37,23,0,0.000,0,0,0.115,0.002,0.080,0.020,-0.080,0.003,0.025,1.003,0.002,0.000,0.010,0.000,0.000,0.000,0.000,0,NULL,NULL,,1,0,3,7,255,,250,0,0
stim,4337,4337,0,3275316.816,0.572,-0.039,-0.108,-0.812,83,89,57,69,19,0,40,43,0,0.000,0,0,0.143,0.004,0.140,0.020,-0.020,0.003,0.026,1.002,0.000,-0.004,0.006,0.000,0.000,0.000,0.000,0,NULL,NULL,,1,0,3,7,255,,250,0,0
stim,4384,4384,0,3275321.816,0.572,-0.039,-0.108,-0.812,78,89,54,41,40,3,57,16,0,0.000,0,0,0.143,0.007,0.140,0.020,-0.020,0.002,0.026,1.002,-0.004,-0.006,-0.004,0.000,0.000,0.000,0.000,0,NULL,NULL,,1,0,3,7,255,,250,0,0
stim,4384,4384,0,3275326.816,0.572,-0.039,-0.108,-0.812,83,88,58,68,19,0,40,43,0,0.000,0,0,0.092,0.006,0.080,-0.040,-0.020,0.004,0.025,1.003,-0.004,-0.004,-0.004,0.000,0.000,0.000,0.000,0,NULL,NULL,,1,0,3,7,255,,250,0,0
stim,4384,4384,0,3275331.816,0.572,-0.039,-0.108,-0.812,57,89,59,38,37,0,63,16,0,0.000,0,0,0.085,0.004,0.080,0.020,-0.020,0.004,0.024,1.003,0.000,0.004,0.002,0.000,0.000,0.000,0.000,0,NULL,NULL,,1,0,3,7,255,,250,0,0
stim,4384,4384,0,3275336.817,0.572,-0.039,-0.108,-0.812,54,63,85,44,19,0,63,42,0,0.000,0,0,0.162,0.004,0.080,0.020,-0.140,0.004,0.025,1.002,0.000,0.004,0.002,0.000,0.000,0.000,0.000,0,NULL,NULL,,1,0,3,7,255,,250,0,0
stim,4384,4384,0,3275341.816,0.572,-0.039,-0.108,-0.812,79,92,53,43,33,0,39,18,0,0.000,0,0,0.085,0.004,0.080,0.020,-0.020,0.003,0.026,1.003,-0.004,0.002,0.002,0.000,0.000,0.000,0.000,0,NULL,NULL,,1,0,3,7,255,,250,0,0
stim,4384,4384,0,3275346.816,0.572,-0.039,-0.108,-0.812,84,89,57,69,20,0,39,43,0,0.000,0,0,0.120,0.006,0.080,-0.040,-0.080,0.003,0.025,1.000,-0.004,-0.004,-0.008,0.000,0.000,0.000,0.000,0,NULL,NULL,,1,0,3,7,255,,250,0,0
stim,4402,4402,0,3275351.816,0.572,-0.039,-0.108,-0.812,52,61,83,61,18,0,47,43,0,0.000,0,0,0.115,0.004,0.080,0.020,-0.080,0.004,0.024,1.002,-0.002,-0.004,-0.004,0.000,0.000,0.000,0.000,0,NULL,NULL,,1,0,3,7,255,,250,0,0
stim,4402,4402,0,3275356.816,0.572,-0.039,-0.108,-0.812,52,67,77,39,37,0,63,18,0,0.000,0,0,0.045,0.006,0.000,-0.040,-0.020,0.004,0.025,1.002,-0.002,0.006,-0.004,0.000,0.000,0.000,0.000,0,NULL,NULL,,1,0,3,7,255,,250,0,0
stim,4402,4402,0,3275361.816,0.572,-0.039,-0.108,-0.812,57,89,77,37,37,0,62,17,0,0.000,0,0,0.143,0.006,0.140,0.020,-0.020,0.004,0.025,1.004,0.000,0.006,-0.004,0.000,0.000,0.000,0.000,0,NULL,NULL,,1,0,3,7,255,,250,0,0
stim,4402,4402,0,3275366.817,0.572,-0.039,-0.108,-0.812,57,85,53,39,39,0,57,13,0,0.000,0,0,0.120,0.004,0.080,-0.040,-0.080,0.003,0.025,1.003,0.000,0.004,0.002,0.000,0.000,0.000,0.000,0,NULL,NULL,,1,0,3,7,255,,250,0,0
stim,4402,4402,0,3275371.816,0.572,-0.039,-0.108,-0.812,81,90,53,43,37,1,39,17,0,0.000,0,0,0.085,0.000,0.080,0.020,-0.020,0.003,0.026,1.002,0.000,0.000,0.002,0.000,0.000,0.000,0.000,0,NULL,NULL,,1,0,3,7,255,,250,0,0
stim,4402,4402,0,3275376.817,0.572,-0.039,-0.108,-0.812,77,89,51,41,31,0,55,12,0,0.000,0,0,0.082,0.006,0.000,0.020,-0.080,0.003,0.025,1.003,0.002,-0.006,0.002,0.000,0.000,0.000,0.000,0,NULL,NULL,,1,0,3,7,255,,250,0,0
stim,4402,4402,0,3275381.816,0.572,-0.039,-0.108,-0.812,55,69,87,45,43,0,71,44,0,0.000,0,0,0.085,0.007,0.080,0.020,-0.020,0.004,0.024,1.003,0.004,-0.006,0.002,0.000,0.000,0.000,0.000,0,NULL,NULL,,1,0,3,7,255,,250,0,0
stim,4415,4415,0,3275386.817,0.572,-0.039,-0.108,-0.812,81,91,55,61,36,2,35,21,0,0.000,0,0,0.045,0.004,0.000,0.020,0.040,0.003,0.025,1.003,0.004,-0.002,0.002,0.000,0.000,0.000,0.000,0,NULL,NULL,,1,0,3,7,255,,250,0,0
stim,4415,4415,0,3275391.816,0.572,-0.039,-0.108,-0.812,77,89,55,60,22,0,41,17,0,0.000,0,0,0.115,0.008,0.080,0.080,-0.020,0.003,0.024,1.002,0.008,-0.002,0.002,0.000,0.000,0.000,0.000,0,NULL,NULL,,1,0,3,7,255,,250,0,0
stim,4436,4436,0,3275396.816,0.572,-0.039,-0.108,-0.812,81,90,53,63,36,0,38,23,0,0.000,0,0,0.089,0.004,0.000,-0.040,-0.080,0.003,0.025,1.003,-0.002,-0.004,0.002,0.000,0.000,0.000,0.000,0,NULL,NULL,,1,0,3,7,255,,250,0,0
stim,4436,4436,0,3275401.816,0.572,-0.039,-0.108,-0.812,83,92,53,68,28,0,39,24,0,0.000,0,0,0.028,0.006,0.000,0.020,-0.020,0.003,0.025,1.001,-0.002,-0.006,-0.004,0.000,0.000,0.000,0.000,0,NULL,NULL,,1,0,3,7,255,,250,0,0
stim,4436,4436,0,3275406.816,0.572,-0.039,-0.108,-0.812,77,89,53,42,37,1,39,13,0,0.000,0,0,0.115,0.006,0.080,0.020,-0.080,0.004,0.025,1.002,-0.002,-0.006,-0.008,0.000,0.000,0.000,0.000,0,NULL,NULL,,1,0,3,7,255,,250,0,0
stim,4436,4436,0,3275411.816,0.572,-0.039,-0.108,-0.812,58,90,55,41,37,0,55,12,0,0.000,0,0,0.028,0.006,0.000,0.020,-0.020,0.002,0.025,1.003,-0.002,-0.006,-0.008,0.000,0.000,0.000,0.000,0,NULL,NULL,,1,0,3,7,255,,250,0,0
stim,4448,4448,0,3275416.817,0.572,-0.039,-0.108,-0.812,57,88,47,35,35,0,53,11,0,0.000,0,0,0.115,0.006,0.080,0.020,-0.080,0.003,0.025,1.003,0.004,-0.004,0.002,0.000,0.000,0.000,0.000,0,NULL,NULL,,1,0,3,7,255,,250,0,0
stim,4448,4448,0,3275421.816,0.572,-0.039,-0.108,-0.812,79,89,55,42,37,0,39,16,0,0.000,0,0,0.139,0.006,0.080,0.080,-0.080,0.003,0.026,1.003,0.004,-0.004,0.002,0.000,0.000,0.000,0.000,0,NULL,NULL,,1,0,3,7,255,,250,0,0
stim,4480,4480,0,3275426.816,0.572,-0.039,-0.108,-0.812,77,89,55,41,41,0,57,13,0,0.000,0,0,0.085,0.006,0.080,0.020,-0.020,0.003,0.025,1.002,-0.004,-0.004,0.002,0.000,0.000,0.000,0.000,0,NULL,NULL,,1,0,3,7,255,,250,0,0
stim,4480,4480,0,3275431.816,0.572,-0.039,-0.108,-0.812,53,61,83,41,22,0,69,39,0,0.000,0,0,0.085,0.008,0.080,0.020,-0.020,0.004,0.026,1.002,-0.008,-0.002,-0.004,0.000,0.000,0.000,0.000,0,NULL,NULL,,1,0,3,7,255,,250,0,0
stim,4480,4480,0,3275436.817,0.572,-0.039,-0.108,-0.812,76,91,56,41,39,1,40,12,0,0.000,0,0,0.120,0.007,0.080,-0.040,-0.080,0.004,0.024,1.003,-0.004,0.006,-0.004,0.000,0.000,0.000,0.000,0,NULL,NULL,,1,0,3,7,255,,250,0,0
stim,4480,4480,0,3275441.816,0.572,-0.039,-0.108,-0.812,79,89,54,43,41,1,41,16,0,0.000,0,0,0.028,0.006,0.000,0.020,-0.020,0.004,0.025,1.004,0.000,0.006,0.006,0.000,0.000,0.000,0.000,0,NULL,NULL,,1,0,3,7,255,,250,0,0
stim,4480,4480,0,3275446.816,0.572,-0.039,-0.108,-0.812,47,85,79,37,39,0,67,17,0,0.000,0,0,0.115,0.007,0.080,0.020,-0.080,0.004,0.024,1.003,0.004,0.006,0.006,0.000,0.000,0.000,0.000,0,NULL,NULL,,1,0,3,7,255,,250,0,0
stim,4480,4480,0,3275451.816,0.572,-0.039,-0.108,-0.812,51,68,85,39,19,0,63,35,0,0.000,0,0,0.092,0.004,0.080,-0.040,-0.020,0.003,0.025,1.003,0.000,0.004,0.002,0.000,0.000,0.000,0.000,0,NULL,NULL,,1,0,3,7,255,,250,0,0
stim,4503,4503,0,3275456.816,0.572,-0.039,-0.108,-0.812,73,63,59,67,19,0,39,43,0,0.000,0,0,0.147,0.003,0.140,-0.040,-0.020,0.003,0.025,1.002,-0.002,-0.002,0.002,0.000,0.000,0.000,0.000,0,NULL,NULL,,1,0,3,7,255,,250,0,0
stim,4503,4503,0,3275461.816,0.572,-0.039,-0.108,-0.812,83,89,58,69,10,0,41,43,0,0.000,0,0,0.028,0.003,0.000,0.020,-0.020,0.003,0.025,1.003,-0.002,-0.002,0.002,0.000,0.000,0.000,0.000,0,NULL,NULL,,1,0,3,7,255,,250,0,0
stim,4503,4503,0,3275466.817,0.572,-0.039,-0.108,-0.812,51,61,83,41,18,0,63,39,0,0.000,0,0,0.115,0.002,0.080,0.020,-0.080,0.003,0.024,1.003,0.002,0.000,0.002,0.000,0.000,0.000,0.000,0,NULL,NULL,,1,0,3,7,255,,250,0,0
stim,4503,4503,0,3275471.816,0.572,-0.039,-0.108,-0.812,51,68,79,38,38,0,64,17,0,0.000,0,0,0.120,0.003,0.080,-0.040,-0.080,0.004,0.025,1.003,0.002,0.002,0.006,0.000,0.000,0.000,0.000,0,NULL,NULL,,1,0,3,7,255,,250,0,0
stim,4503,4503,0,3275476.817,0.572,-0.039,-0.108,-0.812,83,88,53,67,17,0,39,41,0,0.000,0,0,0.115,0.002,0.080,0.020,-0.080,0.003,0.026,1.002,0.000,0.002,0.006,0.000,0.000,0.000,0.000,0,NULL,NULL,,1,0,3,7,255,,250,0,0
stim,4503,4503,0,3275481.816,0.572,-0.039,-0.108,-0.812,55,86,81,39,42,1,71,18,0,0.000,0,0,0.085,0.004,0.080,0.020,-0.020,0.003,0.025,1.001,-0.002,-0.004,-0.004,0.000,0.000,0.000,0.000,0,NULL,NULL,,1,0,3,7,255,,250,0,0
stim,4518,4518,0,3275486.816,0.572,-0.039,-0.108,-0.812,81,89,52,63,37,0,39,23,0,0.000,0,0,0.115,0.009,0.080,0.020,-0.080,0.004,0.026,1.002,-0.008,-0.004,-0.004,0.000,0.000,0.000,0.000,0,NULL,NULL,,1,0,3,7,255,,250,0,0
stim,4518,4518,0,3275491.816,0.572,-0.039,-0.108,-0.812,56,63,83,61,19,0,62,43,0,0.000,0,0,0.115,0.004,0.080,0.080,-0.020,0.003,0.025,1.002,-0.002,-0.004,-0.008,0.000,0.000,0.000,0.000,0,NULL,NULL,,1,0,3,7,255,,250,0,0
stim,4527,4527,0,3275496.816,0.572,-0.039,-0.108,-0.812,73,61,74,69,11,0,37,41,0,0.000,0,0,0.028,0.004,0.000,0.020,-0.020,0.003,0.024,1.004,0.004,-0.002,-0.002,0.000,0.000,0.000,0.000,0,NULL,NULL,,1,0,3,7,255,,250,0,0
stim,4527,4527,0,3275501.816,0.572,-0.039,-0.108,-0.812,83,88,59,69,19,0,41,42,0,0.000,0,0,0.028,0.004,0.000,0.020,-0.020,0.003,0.025,1.002,0.004,-0.002,-0.004,0.000,0.000,0.000,0.000,0,NULL,NULL,,1,0,3,7,255,,250,0,0
stim,4543,4543,0,3275506.816,0.572,-0.039,-0.108,-0.812,85,89,55,61,18,0,43,43,0,0.000,0,0,0.162,0.003,0.140,0.080,-0.020,0.003,0.025,1.003,0.002,-0.002,0.006,0.000,0.000,0.000,0.000,0,NULL,NULL,,1,0,3,7,255,,250,0,0
stim,4543,4543,0,3275511.816,0.572,-0.039,-0.108,-0.812,72,60,84,61,20,0,47,45,0,0.000,0,0,0.085,0.004,0.080,0.020,-0.020,0.003,0.026,1.003,0.000,-0.004,0.002,0.000,0.000,0.000,0.000,0,NULL,NULL,,1,0,3,7,255,,250,0,0
stim,4543,4543,0,3275516.816,0.572,-0.039,-0.108,-0.812,73,63,76,69,13,0,37,41,0,0.000,0,0,0.085,0.004,0.080,0.020,-0.020,0.003,0.025,1.002,-0.002,-0.004,0.002,0.000,0.000,0.000,0.000,0,NULL,NULL,,1,0,3,7,255,,250,0,0
stim,4543,4543,0,3275521.816,0.572,-0.039,-0.108,-0.812,83,89,59,69,20,0,40,42,0,0.000,0,0,0.089,0.003,0.000,-0.040,-0.080,0.004,0.025,1.003,-0.002,-0.002,0.002,0.000,0.000,0.000,0.000,0,NULL,NULL,,1,0,3,7,255,,250,0,0
stim,4591,4591,0,3275526.816,0.572,-0.039,-0.108,-0.812,82,91,54,63,21,0,39,41,0,0.000,0,0,0.085,0.000,0.080,0.020,-0.020,0.003,0.025,1.004,0.000,0.000,0.006,0.000,0.000,0.000,0.000,0,NULL,NULL,,1,0,3,7,255,,250,0,0
stim,4591,4591,0,3275531.816,0.572,-0.039,-0.108,-0.812,55,61,85,43,41,0,69,43,0,0.000,0,0,0.085,0.004,0.080,0.020,-0.020,0.004,0.025,1.003,0.000,0.004,0.006,0.000,0.000,0.000,0.000,0,NULL,NULL,,1,0,3,7,255,,250,0,0
stim,4591,4591,0,3275536.817,0.572,-0.039,-0.108,-0.812,84,89,43,63,17,0,29,41,0,0.000,0,0,0.085,0.000,0.080,0.020,-0.020,0.003,0.025,1.002,0.000,0.000,0.006,0.000,0.000,0.000,0.000,0,NULL,NULL,,1,0,3,7,255,,250,0,0
stim,4591,4591,0,3275541.816,0.572,-0.039,-0.108,-0.812,79,91,53,40,38,1,39,16,0,0.000,0,0,0.085,0.004,0.080,0.020,-0.020,0.003,0.025,1.002,0.000,-0.004,-0.004,0.000,0.000,0.000,0.000,0,NULL,NULL,,1,0,3,7,255,,250,0,0
stim,4591,4591,0,3275546.816,0.572,-0.039,-0.108,-0.812,53,63,81,67,11,0,43,43,0,0.000,0,0,0.085,0.004,0.080,0.020,-0.020,0.004,0.025,1.004,0.000,-0.004,-0.004,0.000,0.000,0.000,0.000,0,NULL,NULL,,1,0,3,7,255,,250,0,0
stim,4591,4591,0,3275551.817,0.572,-0.039,-0.108,-0.812,83,93,57,69,19,0,40,43,0,0.000,0,0,0.085,0.006,0.080,0.020,-0.020,0.003,0.026,1.003,-0.004,-0.004,0.006,0.000,0.000,0.000,0.000,0,NULL,NULL,,1,0,3,7,255,,250,0,0
stim,4591,4591,0,3275556.816,0.572,-0.039,-0.108,-0.812,73,62,58,68,21,0,39,43,0,0.000,0,0,0.115,0.004,0.080,0.020,-0.080,0.003,0.024,1.004,-0.004,0.002,0.010,0.000,0.000,0.000,0.000,0,NULL,NULL,,1,0,3,7,255,,250,0,0
stim,4591,4591,0,3275561.816,0.572,-0.039,-0.108,-0.812,59,91,55,42,37,0,57,17,0,0.000,0,0,0.143,0.006,0.140,0.020,-0.020,0.003,0.024,1.002,0.006,0.002,0.006,0.000,0.000,0.000,0.000,0,NULL,NULL,,1,0,3,7,255,,250,0,0
stim,4591,4591,0,3275566.816,0.572,-0.039,-0.108,-0.812,81,87,52,63,19,0,37,41,0,0.000,0,0,0.120,0.006,0.080,-0.040,-0.080,0.003,0.025,1.002,0.006,0.002,-0.004,0.000,0.000,0.000,0.000,0,NULL,NULL,,1,0,3,7,255,,250,0,0
stim,4591,4591,0,3275571.816,0.572,-0.039,-0.108,-0.812,75,63,83,71,16,0,45,43,0,0.000,0,0,0.085,0.002,0.080,0.020,-0.020,0.004,0.026,1.002,0.000,0.002,-0.008,0.000,0.000,0.000,0.000,0,NULL,NULL,,1,0,3,7,255,,250,0,0
stim,4608,4608,0,3275576.818,0.572,-0.039,-0.108,-0.812,73,61,77,64,19,0,40,43,0,0.000,0,0,0.085,0.006,0.080,0.020,-0.020,0.002,0.024,1.004,0.000,-0.006,-0.008,0.000,0.000,0.000,0.000,0,NULL,NULL,,1,0,3,7,255,,250,0,0
stim,4608,4608,0,3275581.816,0.572,-0.039,-0.108,-0.812,77,67,79,71,41,0,43,43,0,0.000,0,0,0.085,0.006,0.080,0.020,-0.020,0.004,0.024,1.003,0.006,0.002,0.006,0.000,0.000,0.000,0.000,0,NULL,NULL,,1,0,3,7,255,,250,0,0
stim,4623,4623,0,3275586.816,0.572,-0.039,-0.108,-0.812,53,59,83,61,19,0,45,43,0,0.000,0,0,0.085,0.008,0.080,0.020,-0.020,0.004,0.024,1.003,0.006,0.006,0.006,0.000,0.000,0.000,0.000,0,NULL,NULL,,1,0,3,7,255,,250,0,0
stim,4623,4623,0,3275591.816,0.572,-0.039,-0.108,-0.812,55,63,83,63,20,0,61,45,0,0.000,0,0,0.085,0.007,0.080,0.020,-0.020,0.004,0.025,1.003,0.004,0.006,0.002,0.000,0.000,0.000,0.000,0,NULL,NULL,,1,0,3,7,255,,250,0,0
stim,4623,4623,0,3275596.816,0.572,-0.039,-0.108,-0.812,85,89,43,67,13,0,39,42,0,0.000,0,0,0.115,0.007,0.080,0.080,-0.020,0.004,0.024,1.002,0.004,0.006,0.000,0.000,0.000,0.000,0.000,0,NULL,NULL,,1,0,3,7,255,,250,0,0
stim,4623,4623,0,3275601.816,0.572,-0.039,-0.108,-0.812,55,87,54,41,37,0,55,17,0,0.000,0,0,0.092,0.004,0.080,-0.040,-0.020,0.003,0.024,1.003,0.004,0.002,0.000,0.000,0.000,0.000,0.000,0,NULL,NULL,,1,0,3,7,255,,250,0,0
stim,4639,4639,0,3275606.816,0.572,-0.039,-0.108,-0.812,53,62,83,61,21,0,45,43,0,0.000,0,0,0.085,0.007,0.080,0.020,-0.020,0.004,0.024,1.003,0.004,0.006,0.000,0.000,0.000,0.000,0.000,0,NULL,NULL,,1,0,3,7,255,,250,0,0
stim,4639,4639,0,3275611.816,0.572,-0.039,-0.108,-0.812,51,68,75,37,35,0,63,16,0,0.000,0,0,0.115,0.007,0.080,0.020,-0.080,0.004,0.025,1.004,0.004,0.006,0.000,0.000,0.000,0.000,0.000,0,NULL,NULL,,1,0,3,7,255,,250,0,0
stim,4655,4655,0,3275616.816,0.572,-0.040,-0.108,-0.812,83,87,54,67,19,0,38,23,0,0.000,0,0,0.120,0.006,0.080,-0.040,-0.080,0.004,0.026,1.002,-0.002,0.006,0.000,0.000,0.000,0.000,0.000,0,NULL,NULL,,1,0,3,7,255,,250,0,0
stim,4655,4655,0,3275621.816,0.572,-0.040,-0.108,-0.812,83,89,59,69,19,0,40,43,0,0.000,0,0,0.085,0.008,0.080,0.020,-0.020,0.004,0.026,1.001,-0.008,0.002,-0.004,0.000,0.000,0.000,0.000,0,NULL,NULL,,1,0,3,7,255,,250,0,0
stim,4687,4687,0,3275626.816,0.572,-0.040,-0.108,-0.812,77,89,47,38,31,0,37,13,0,0.000,0,0,0.092,0.008,0.080,-0.040,-0.020,0.003,0.024,1.003,-0.008,0.002,-0.004,0.000,0.000,0.000,0.000,0,NULL,NULL,,1,0,3,7,255,,250,0,0
stim,4687,4687,0,3275631.816,0.572,-0.040,-0.108,-0.812,83,93,53,61,37,0,40,24,0,0.000,0,0,0.085,0.004,0.080,0.020,-0.020,0.004,0.025,1.002,-0.004,0.002,-0.008,0.000,0.000,0.000,0.000,0,NULL,NULL,,1,0,3,7,255,,250,0,0
stim,4687,4687,0,3275636.818,0.572,-0.040,-0.108,-0.812,77,91,53,41,37,0,39,17,0,0.000,0,0,0.115,0.004,0.080,0.080,-0.020,0.004,0.025,1.003,-0.004,0.002,0.000,0.000,0.000,0.000,0.000,0,NULL,NULL,,1,0,3,7,255,,250,0,0
stim,4687,4687,0,3275641.816,0.572,-0.040,-0.108,-0.812,79,91,53,61,17,0,37,19,0,0.000,0,0,0.143,0.004,0.140,0.020,-0.020,0.004,0.026,1.003,-0.004,0.002,0.002,0.000,0.000,0.000,0.000,0,NULL,NULL,,1,0,3,7,255,,250,0,0
stim,4687,4687,0,3275646.816,0.572,-0.040,-0.108,-0.812,57,87,77,37,39,1,63,14,0,0.000,0,0,0.115,0.004,0.080,0.020,-0.080,0.003,0.025,1.002,-0.004,0.000,0.002,0.000,0.000,0.000,0.000,0,NULL,NULL,,1,0,3,7,255,,250,0,0
stim,4687,4687,0,3275651.816,0.572,-0.040,-0.108,-0.812,75,69,84,69,17,0,45,43,0,0.000,0,0,0.143,0.000,0.140,0.020,-0.020,0.003,0.025,1.003,0.000,0.000,0.002,0.000,0.000,0.000,0.000,0,NULL,NULL,,1,0,3,7,255,,250,0,0
stim,4687,4687,0,3275656.816,0.572,-0.040,-0.108,-0.812,53,63,81,45,20,0,63,44,0,0.000,0,0,0.085,0.002,0.080,0.020,-0.020,0.004,0.027,1.003,0.000,-0.002,0.002,0.000,0.000,0.000,0.000,0,NULL,NULL,,1,0,3,7,255,,250,0,0
stim,4687,4687,0,3275661.816,0.572,-0.040,-0.108,-0.812,48,63,77,39,35,0,66,17,0,0.000,0,0,0.082,0.004,0.000,0.020,-0.080,0.004,0.025,1.005,-0.004,-0.002,0.002,0.000,0.000,0.000,0.000,0,NULL,NULL,,1,0,3,7,255,,250,0,0
stim,4687,4687,0,3275666.816,0.572,-0.040,-0.108,-0.812,45,62,77,68,16,0,40,42,0,0.000,0,0,0.085,0.004,0.080,0.020,-0.020,0.003,0.025,1.004,-0.004,-0.002,0.010,0.000,0.000,0.000,0.000,0,NULL,NULL,,1,0,3,7,255,,250,0,0
stim,4687,4687,0,3275671.816,0.572,-0.040,-0.108,-0.812,53,85,78,39,38,0,63,16,0,0.000,0,0,0.115,0.004,0.080,0.020,-0.080,0.004,0.025,1.003,0.002,0.004,0.010,0.000,0.000,0.000,0.000,0,NULL,NULL,,1,0,3,7,255,,250,0,0
stim,4703,4703,0,3275676.817,0.572,-0.040,-0.108,-0.812,75,87,51,39,31,0,54,11,0,0.000,0,0,0.085,0.004,0.080,0.020,-0.020,0.004,0.025,1.002,0.002,0.004,0.000,0.000,0.000,0.000,0.000,0,NULL,NULL,,1,0,3,7,255,,250,0,0
stim,4703,4703,0,3275681.816,0.572,-0.040,-0.108,-0.812,51,69,77,37,37,0,63,35,0,0.000,0,0,0.085,0.004,0.080,0.020,-0.020,0.004,0.025,1.002,0.002,0.004,-0.008,0.000,0.000,0.000,0.000,0,NULL,NULL,,1,0,3,7,255,,250,0,0
stim,4719,4719,0,3275686.816,0.572,-0.040,-0.108,-0.812,51,60,87,41,36,0,69,30,0,0.000,0,0,0.115,0.004,0.080,0.020,-0.080,0.004,0.025,1.003,-0.002,0.004,-0.008,0.000,0.000,0.000,0.000,0,NULL,NULL,,1,0,3,7,255,,250,0,0
stim,4719,4719,0,3275691.816,0.572,-0.040,-0.108,-0.812,53,85,57,38,37,0,68,17,0,0.000,0,0,0.082,0.003,0.000,0.020,-0.080,0.003,0.024,1.003,-0.002,0.002,0.000,0.000,0.000,0.000,0.000,0,NULL,NULL,,1,0,3,7,255,,250,0,0
stim,4719,4719,0,3275696.816,0.572,-0.040,-0.108,-0.812,47,67,83,39,19,0,63,37,0,0.000,0,0,0.115,0.003,0.080,0.020,-0.080,0.003,0.025,1.001,-0.002,0.002,0.000,0.000,0.000,0.000,0.000,0,NULL,NULL,,1,0,3,7,255,,250,0,0
stim,4719,4719,0,3275701.816,0.572,-0.040,-0.108,-0.812,51,69,57,39,31,0,61,13,0,0.000,0,0,0.120,0.006,0.080,-0.040,-0.080,0.003,0.025,1.002,0.006,-0.002,-0.004,0.000,0.000,0.000,0.000,0,NULL,NULL,,1,0,3,7,255,,250,0,0
stim,4737,4737,0,3275706.816,0.572,-0.040,-0.108,-0.812,51,63,83,39,19,0,63,33,0,0.000,0,0,0.115,0.003,0.080,0.020,-0.080,0.004,0.026,1.001,-0.002,-0.002,-0.012,0.000,0.000,0.000,0.000,0,NULL,NULL,,1,0,3,7,255,,250,0,0
stim,4737,4737,0,3275711.816,0.572,-0.040,-0.108,-0.812,79,90,55,43,35,0,39,19,0,0.000,0,0,0.085,0.007,0.080,0.020,-0.020,0.003,0.025,1.003,0.006,-0.004,-0.004,0.000,0.000,0.000,0.000,0,NULL,NULL,,1,0,3,7,255,,250,0,0
stim,4751,4751,0,3275716.816,0.572,-0.040,-0.108,-0.812,83,87,45,69,12,0,37,41,0,0.000,0,0,0.085,0.003,0.080,0.020,-0.020,0.003,0.025,1.002,-0.002,-0.002,-0.008,0.000,0.000,0.000,0.000,0,NULL,NULL,,1,0,3,7,255,,250,0,0
stim,4751,4751,0,3275721.816,0.572,-0.040,-0.108,-0.812,50,67,59,37,37,0,69,17,0,0.000,0,0,0.085,0.006,0.080,0.020,-0.020,0.004,0.024,1.003,0.006,-0.002,0.006,0.000,0.000,0.000,0.000,0,NULL,NULL,,1,0,3,7,255,,250,0,0
stim,4783,4783,0,3275726.816,0.572,-0.040,-0.108,-0.812,53,61,81,60,14,0,43,43,0,0.000,0,0,0.085,0.003,0.080,0.020,-0.020,0.003,0.025,1.002,-0.002,-0.002,-0.004,0.000,0.000,0.000,0.000,0,NULL,NULL,,1,0,3,7,255,,250,0,0
stim,4783,4783,0,3275731.816,0.572,-0.040,-0.108,-0.812,50,62,83,37,18,0,61,33,0,0.000,0,0,0.162,0.004,0.140,0.020,-0.080,0.003,0.025,1.001,0.004,-0.002,-0.004,0.000,0.000,0.000,0.000,0,NULL,NULL,,1,0,3,7,255,,250,0,0
stim,4799,4799,0,3275736.818,0.572,-0.040,-0.108,-0.812,54,61,81,61,11,0,43,43,0,0.000,0,0,0.085,0.004,0.080,0.020,-0.020,0.003,0.026,1.001,-0.002,-0.004,-0.012,0.000,0.000,0.000,0.000,0,NULL,NULL,,1,0,3,7,255,,250,0,0
stim,4799,4799,0,3275741.816,0.572,-0.040,-0.108,-0.812,75,89,53,37,35,0,39,12,0,0.000,0,0,0.120,0.004,0.080,-0.040,-0.080,0.004,0.025,1.003,0.002,-0.004,-0.012,0.000,0.000,0.000,0.000,0,NULL,NULL,,1,0,3,7,255,,250,0,0
stim,4799,4799,0,3275746.816,0.572,-0.040,-0.108,-0.812,48,67,83,37,40,0,69,18,0,0.000,0,0,0.115,0.004,0.080,0.020,-0.080,0.004,0.024,1.002,0.002,0.004,-0.004,0.000,0.000,0.000,0.000,0,NULL,NULL,,1,0,3,7,255,,250,0,0
stim,4799,4799,0,3275751.816,0.572,-0.040,-0.108,-0.812,51,69,77,37,35,0,63,16,0,0.000,0,0,0.147,0.006,0.140,-0.040,-0.020,0.003,0.025,1.002,0.004,0.004,-0.004,0.000,0.000,0.000,0.000,0,NULL,NULL,,1,0,3,7,255,,250,0,0
stim,4799,4799,0,3275756.816,0.572,-0.040,-0.108,-0.812,76,88,53,39,38,0,55,11,0,0.000,0,0,0.085,0.006,0.080,0.020,-0.020,0.004,0.025,1.002,0.004,0.004,-0.004,0.000,0.000,0.000,0.000,0,NULL,NULL,,1,0,3,7,255,,250,0,0
stim,4799,4799,0,3275761.816,0.572,-0.040,-0.108,-0.812,83,87,59,67,11,0,39,42,0,0.000,0,0,0.120,0.004,0.080,-0.040,-0.080,0.004,0.025,1.002,0.002,0.004,-0.008,0.000,0.000,0.000,0.000,0,NULL,NULL,,1,0,3,7,255,,250,0,0
stim,4799,4799,0,3275766.816,0.572,-0.040,-0.108,-0.812,77,89,53,39,40,1,55,12,0,0.000,0,0,0.092,0.004,0.080,-0.040,-0.020,0.003,0.025,1.003,-0.002,0.004,-0.008,0.000,0.000,0.000,0.000,0,NULL,NULL,,1,0,3,7,255,,250,0,0
stim,4799,4799,0,3275771.816,0.572,-0.040,-0.108,-0.812,57,89,53,37,37,0,56,13,0,0.000,0,0,0.115,0.004,0.080,0.020,-0.080,0.004,0.025,1.003,-0.002,0.004,0.002,0.000,0.000,0.000,0.000,0,NULL,NULL,,1,0,3,7,255,,250,0,0
stim,4815,4815,0,3275776.818,0.572,-0.040,-0.108,-0.812,51,62,83,39,39,0,68,35,0,0.000,0,0,0.120,0.002,0.080,-0.040,-0.080,0.003,0.025,1.002,0.002,0.000,0.002,0.000,0.000,0.000,0.000,0,NULL,NULL,,1,0,3,7,255,,250,0,0
stim,4815,4815,0,3275781.816,0.572,-0.040,-0.108,-0.812,55,62,87,67,22,0,49,45,0,0.000,0,0,0.139,0.004,0.080,0.080,-0.080,0.003,0.024,1.003,0.004,0.000,0.006,0.000,0.000,0.000,0.000,0,NULL,NULL,,1,0,3,7,255,,250,0,0
stim,4815,4815,0,3275786.816,0.572,-0.040,-0.108,-0.812,78,91,53,60,36,0,38,17,0,0.000,0,0,0.115,0.006,0.080,0.080,-0.020,0.002,0.025,1.002,0.004,-0.004,-0.004,0.000,0.000,0.000,0.000,0,NULL,NULL,,1,0,3,7,255,,250,0,0
stim,4815,4815,0,3275791.816,0.572,-0.040,-0.108,-0.812,57,87,55,35,39,0,40,11,0,0.000,0,0,0.147,0.010,0.140,-0.040,-0.020,0.002,0.025,1.002,0.006,-0.008,-0.004,0.000,0.000,0.000,0.000,0,NULL,NULL,,1,0,3,7,255,,250,0,0
stim,4831,4831,0,3275796.816,0.572,-0.040,-0.108,-0.812,79,87,53,63,35,0,39,23,0,0.000,0,0,0.085,0.009,0.080,0.020,-0.020,0.003,0.025,1.002,0.004,-0.008,-0.004,0.000,0.000,0.000,0.000,0,NULL,NULL,,1,0,3,7,255,,250,0,0
stim,4831,4831,0,3275801.816,0.572,-0.040,-0.108,-0.812,52,85,57,38,40,0,63,16,0,0.000,0,0,0.085,0.002,0.080,0.020,-0.020,0.004,0.025,1.004,0.002,0.000,-0.004,0.000,0.000,0.000,0.000,0,NULL,NULL,,1,0,3,7,255,,250,0,0
stim,4831,4831,0,3275806.816,0.572,-0.040,-0.108,-0.812,83,69,51,63,19,0,43,43,0,0.000,0,0,0.115,0.002,0.080,0.020,-0.080,0.003,0.025,1.004,-0.002,0.000,0.012,0.000,0.000,0.000,0.000,0,NULL,NULL,,1,0,3,7,255,,250,0,0
stim,4831,4831,0,3275811.816,0.572,-0.040,-0.108,-0.812,83,88,57,69,19,0,39,42,0,0.000,0,0,0.115,0.003,0.080,0.020,-0.080,0.003,0.025,1.002,-0.002,-0.002,0.012,0.000,0.000,0.000,0.000,0,NULL,NULL,,1,0,3,7,255,,250,0,0
stim,4847,4847,0,3275816.816,0.572,-0.040,-0.108,-0.812,55,89,77,35,35,0,62,13,0,0.000,0,0,0.115,0.003,0.080,0.020,-0.080,0.003,0.025,1.002,-0.002,-0.002,-0.004,0.000,0.000,0.000,0.000,0,NULL,NULL,,1,0,3,7,255,,250,0,0
stim,4847,4847,0,3275821.816,0.572,-0.040,-0.108,-0.812,75,68,80,69,12,0,61,44,0,0.000,0,0,0.082,0.002,0.000,0.020,-0.080,0.003,0.025,1.002,0.000,-0.002,-0.004,0.000,0.000,0.000,0.000,0,NULL,NULL,,1,0,3,7,255,,250,0,0
stim,4879,4879,0,3275826.816,0.572,-0.040,-0.108,-0.812,77,87,53,41,37,0,56,12,0,0.000,0,0,0.085,0.003,0.080,0.020,-0.020,0.003,0.024,1.003,0.002,-0.002,-0.004,0.000,0.000,0.000,0.000,0,NULL,NULL,,1,0,3,7,255,,250,0,0
stim,4879,4879,0,3275831.816,0.572,-0.040,-0.108,-0.812,57,89,55,37,41,0,45,16,0,0.000,0,0,0.028,0.002,0.000,0.020,-0.020,0.003,0.025,1.004,0.000,-0.002,0.002,0.000,0.000,0.000,0.000,0,NULL,NULL,,1,0,3,7,255,,250,0,0
stim,4879,4879,0,3275836.818,0.572,-0.040,-0.108,-0.812,77,69,61,67,18,0,44,41,0,0.000,0,0,0.085,0.008,0.080,0.020,-0.020,0.003,0.024,1.002,0.008,-0.002,0.002,0.000,0.000,0.000,0.000,0,NULL,NULL,,1,0,3,7,255,,250,0,0
stim,4879,4879,0,3275841.816,0.572,-0.040,-0.108,-0.812,83,89,53,69,18,0,37,23,0,0.000,0,0,0.082,0.006,0.000,0.020,-0.080,0.003,0.024,1.003,0.006,0.002,0.002,0.000,0.000,0.000,0.000,0,NULL,NULL,,1,0,3,7,255,,250,0,0
stim,4879,4879,0,3275846.816,0.572,-0.040,-0.108,-0.812,81,69,55,66,11,0,35,40,0,0.000,0,0,0.085,0.007,0.080,0.020,-0.020,0.004,0.025,1.001,0.006,0.004,-0.008,0.000,0.000,0.000,0.000,0,NULL,NULL,,1,0,3,7,255,,250,0,0
stim,4879,4879,0,3275851.816,0.572,-0.040,-0.108,-0.812,56,88,51,36,29,0,55,11,0,0.000,0,0,0.082,0.004,0.000,0.020,-0.080,0.003,0.025,1.004,0.004,0.002,0.002,0.000,0.000,0.000,0.000,0,NULL,NULL,,1,0,3,7,255,,250,0,0
stim,4879,4879,0,3275856.816,0.572,-0.040,-0.108,-0.812,82,93,51,64,29,0,38,24,0,0.000,0,0,0.085,0.002,0.080,0.020,-0.020,0.003,0.025,1.003,0.000,-0.002,0.006,0.000,0.000,0.000,0.000,0,NULL,NULL,,1,0,3,7,255,,250,0,0
stim,4897,4897,0,3275861.816,0.572,-0.040,-0.108,-0.812,77,89,51,41,35,0,54,13,0,0.000,0,0,0.115,0.003,0.080,0.080,-0.020,0.005,0.025,1.002,-0.002,-0.002,0.006,0.000,0.000,0.000,0.000,0,NULL,NULL,,1,0,3,7,255,,250,0,0
stim,4897,4897,0,3275866.816,0.572,-0.040,-0.108,-0.812,83,91,55,61,16,0,36,41,0,0.000,0,0,0.162,0.006,0.080,0.020,-0.140,0.003,0.026,1.002,-0.006,-0.002,-0.004,0.000,0.000,0.000,0.000,0,NULL,NULL,,1,0,3,7,255,,250,0,0
stim,4897,4897,0,3275871.816,0.572,-0.040,-0.108,-0.812,77,86,56,63,12,0,36,43,0,0.000,0,0,0.082,0.009,0.000,0.020,-0.080,0.003,0.026,1.001,-0.008,-0.004,-0.008,0.000,0.000,0.000,0.000,0,NULL,NULL,,1,0,3,7,255,,250,0,0
stim,4897,4897,0,3275876.817,0.572,-0.040,-0.108,-0.812,79,89,51,44,35,0,39,18,0,0.000,0,0,0.057,0.007,0.000,-0.040,0.040,0.004,0.025,1.002,-0.006,-0.004,-0.008,0.000,0.000,0.000,0.000,0,NULL,NULL,,1,0,3,7,255,,250,0,0
stim,4912,4912,0,3275881.816,0.572,-0.040,-0.108,-0.812,79,91,55,61,12,0,35,23,0,0.000,0,0,0.082,0.004,0.000,0.020,-0.080,0.003,0.025,1.003,0.000,-0.004,-0.008,0.000,0.000,0.000,0.000,0,NULL,NULL,,1,0,3,7,255,,250,0,0
stim,4912,4912,0,3275886.816,0.572,-0.040,-0.108,-0.812,55,87,61,39,41,0,69,15,0,0.000,0,0,0.045,0.006,0.000,-0.040,-0.020,0.004,0.024,1.003,0.004,0.004,0.002,0.000,0.000,0.000,0.000,0,NULL,NULL,,1,0,3,7,255,,250,0,0
stim,4934,4934,0,3275891.816,0.572,-0.040,-0.108,-0.812,57,89,76,38,39,0,64,16,0,0.000,0,0,0.115,0.007,0.080,0.080,-0.020,0.004,0.024,1.003,0.004,0.006,0.006,0.000,0.000,0.000,0.000,0,NULL,NULL,,1,0,3,7,255,,250,0,0
stim,4934,4934,0,3275896.816,0.572,-0.040,-0.108,-0.812,83,88,81,67,15,0,44,43,0,0.000,0,0,0.085,0.007,0.080,0.020,-0.020,0.004,0.025,1.002,0.004,0.006,0.002,0.000,0.000,0.000,0.000,0,NULL,NULL,,1,0,3,7,255,,250,0,0
stim,4934,4934,0,3275901.816,0.572,-0.040,-0.108,-0.812,77,87,54,41,39,1,57,13,0,0.000,0,0,0.115,0.002,0.080,0.080,-0.020,0.003,0.025,1.002,0.000,0.002,-0.004,0.000,0.000,0.000,0.000,0,NULL,NULL,,1,0,3,7,255,,250,0,0
stim,4934,4934,0,3275906.816,0.572,-0.040,-0.108,-0.812,79,71,83,70,17,0,45,43,0,0.000,0,0,0.066,0.003,-0.060,0.020,-0.020,0.003,0.025,1.002,-0.002,-0.002,-0.004,0.000,0.000,0.000,0.000,0,NULL,NULL,,1,0,3,7,255,,250,0,0
stim,4946,4946,0,3275911.816,0.572,-0.040,-0.108,-0.812,83,89,43,63,12,0,35,23,0,0.000,0,0,0.045,0.006,0.000,-0.040,-0.020,0.003,0.025,1.003,0.000,-0.006,-0.004,0.000,0.000,0.000,0.000,0,NULL,NULL,,1,0,3,7,255,,250,0,0
stim,4946,4946,0,3275916.816,0.572,-0.040,-0.108,-0.812,79,70,83,67,18,0,47,43,0,0.000,0,0,0.115,0.004,0.080,0.020,-0.080,0.003,0.025,1.002,0.000,-0.004,-0.004,0.000,0.000,0.000,0.000,0,NULL,NULL,,1,0,3,7,255,,250,0,0
stim,4946,4946,0,3275921.816,0.572,-0.040,-0.108,-0.812,55,62,79,70,12,0,43,43,0,0.000,0,0,0.085,0.006,0.080,0.020,-0.020,0.003,0.026,1.003,0.000,-0.006,0.002,0.000,0.000,0.000,0.000,0,NULL,NULL,,1,0,3,7,255,,250,0,0
stim,4946,4946,0,3275926.816,0.572,-0.040,-0.108,-0.812,59,91,53,39,39,0,56,15,0,0.000,0,0,0.115,0.006,0.080,0.020,-0.080,0.003,0.024,1.002,0.004,-0.004,-0.004,0.000,0.000,0.000,0.000,0,NULL,NULL,,1,0,3,7,255,,250,0,0
stim,4975,4975,0,3275931.816,0.572,-0.040,-0.108,-0.812,83,88,51,62,36,0,38,24,0,0.000,0,0,0.045,0.003,0.000,0.020,0.040,0.003,0.025,1.003,-0.002,-0.002,0.002,0.000,0.000,0.000,0.000,0,NULL,NULL,,1,0,3,7,255,,250,0,0
stim,4975,4975,0,3275936.818,0.572,-0.040,-0.108,-0.812,57,89,55,39,43,0,59,16,0,0.000,0,0,0.085,0.004,0.080,0.020,-0.020,0.003,0.025,1.002,0.004,-0.002,-0.004,0.000,0.000,0.000,0.000,0,NULL,NULL,,1,0,3,7,255,,250,0,0
stim,4975,4975,0,3275941.816,0.572,-0.040,-0.108,-0.812,83,93,53,47,31,0,37,24,0,0.000,0,0,0.028,0.004,0.000,0.020,-0.020,0.004,0.024,1.004,0.004,-0.002,0.002,0.000,0.000,0.000,0.000,0,NULL,NULL,,1,0,3,7,255,,250,0,0
stim,4975,4975,0,3275946.816,0.572,-0.040,-0.108,-0.812,51,60,83,57,19,0,67,35,0,0.000,0,0,0.085,0.006,0.080,0.020,-0.020,0.003,0.025,1.003,0.004,-0.004,0.002,0.000,0.000,0.000,0.000,0,NULL,NULL,,1,0,3,7,255,,250,0,0
stim,4975,4975,0,3275951.816,0.572,-0.040,-0.108,-0.812,76,89,52,41,37,0,56,12,0,0.000,0,0,0.120,0.004,0.080,-0.040,-0.080,0.004,0.025,1.001,0.004,0.002,0.002,0.000,0.000,0.000,0.000,0,NULL,NULL,,1,0,3,7,255,,250,0,0
stim,4975,4975,0,3275956.816,0.572,-0.040,-0.108,-0.812,51,69,79,37,37,0,67,16,0,0.000,0,0,0.115,0.002,0.080,0.020,-0.080,0.004,0.025,1.001,0.000,0.002,-0.012,0.000,0.000,0.000,0.000,0,NULL,NULL,,1,0,3,7,255,,250,0,0
stim,5008,5008,0,3275961.816,0.572,-0.040,-0.108,-0.812,82,87,53,67,29,0,37,23,0,0.000,0,0,0.085,0.004,0.080,0.020,-0.020,0.004,0.025,1.002,-0.002,0.004,-0.012,0.000,0.000,0.000,0.000,0,NULL,NULL,,1,0,3,7,255,,250,0,0
stim,5008,5008,0,3275966.816,0.572,-0.040,-0.108,-0.812,61,91,55,29,35,0,57,8,0,0.000,0,0,0.045,0.004,0.000,0.020,0.040,0.004,0.025,1.004,0.000,0.004,-0.002,0.000,0.000,0.000,0.000,0,NULL,NULL,,1,0,3,7,255,,250,0,0
stim,5008,5008,0,3275971.816,0.572,-0.040,-0.108,-0.812,85,89,57,69,19,0,40,43,0,0.000,0,0,0.115,0.008,0.080,0.020,-0.080,0.004,0.024,1.004,0.000,0.008,0.016,0.000,0.000,0.000,0.000,0,NULL,NULL,,1,0,3,7,255,,250,0,0
stim,5008,5008,0,3275976.818,0.572,-0.040,-0.108,-0.812,50,60,79,39,39,0,67,17,0,0.000,0,0,0.115,0.006,0.080,0.020,-0.080,0.004,0.026,1.003,0.000,0.006,0.016,0.000,0.000,0.000,0.000,0,NULL,NULL,,1,0,3,7,255,,250,0,0
stim,5023,5023,0,3275981.816,0.572,-0.040,-0.108,-0.812,83,71,59,71,21,0,41,43,0,0.000,0,0,0.085,0.008,0.080,0.020,-0.020,0.004,0.025,1.001,-0.006,0.006,0.006,0.000,0.000,0.000,0.000,0,NULL,NULL,,1,0,3,7,255,,250,0,0
stim,5023,5023,0,3275986.816,0.572,-0.040,-0.108,-0.812,49,85,55,37,36,0,57,14,0,0.000,0,0,0.028,0.010,0.000,0.020,-0.020,0.004,0.026,1.003,-0.008,0.006,0.002,0.000,0.000,0.000,0.000,0,NULL,NULL,,1,0,3,7,255,,250,0,0
stim,5023,5023,0,3275991.816,0.572,-0.040,-0.108,-0.812,83,91,58,69,19,0,39,41,0,0.000,0,0,0.082,0.006,0.000,0.020,-0.080,0.002,0.026,1.003,-0.006,0.000,0.002,0.000,0.000,0.000,0.000,0,NULL,NULL,,1,0,3,7,255,,250,0,0
stim,5023,5023,0,3275996.816,0.572,-0.040,-0.108,-0.812,73,68,83,69,16,0,45,45,0,0.000,0,0,0.028,0.004,0.000,0.020,-0.020,0.004,0.024,1.003,-0.004,0.000,0.002,0.000,0.000,0.000,0.000,0,NULL,NULL,,1,0,3,7,255,,250,0,0
stim,5039,5039,0,3276001.816,0.572,-0.040,-0.108,-0.812,51,63,75,39,41,0,67,35,0,0.000,0,0,0.085,0.010,0.080,0.020,-0.020,0.002,0.024,1.001,0.006,-0.008,0.002,0.000,0.000,0.000,0.000,0,NULL,NULL,,1,0,3,7,255,,250,0,0
stim,5039,5039,0,3276006.816,0.572,-0.040,-0.108,-0.812,83,91,56,46,21,0,41,23,0,0.000,0,0,0.085,0.008,0.080,0.020,-0.020,0.003,0.025,1.002,0.006,-0.006,-0.004,0.000,0.000,0.000,0.000,0,NULL,NULL,,1,0,3,7,255,,250,0,0
stim,5040,5040,0,3276011.816,0.572,-0.040,-0.108,-0.812,77,89,52,59,37,0,39,16,0,0.000,0,0,0.085,0.010,0.080,0.020,-0.020,0.002,0.025,1.002,0.006,-0.008,-0.004,0.000,0.000,0.000,0.000,0,NULL,NULL,,1,0,3,7,255,,250,0,0
stim,5040,5040,0,3276016.816,0.572,-0.040,-0.108,-0.812,57,91,53,40,37,0,57,16,0,0.000,0,0,0.085,0.006,0.080,0.020,-0.020,0.004,0.025,1.002,0.000,-0.006,-0.004,0.000,0.000,0.000,0.000,0,NULL,NULL,,1,0,3,7,255,,250,0,0
stim,5071,5071,0,3276021.816,0.572,-0.040,-0.108,-0.812,77,89,55,41,40,1,57,14,0,0.000,0,0,0.085,0.007,0.080,0.020,-0.020,0.003,0.023,1.003,0.006,0.004,-0.004,0.000,0.000,0.000,0.000,0,NULL,NULL,,1,0,3,7,255,,250,0,0
stim,5071,5071,0,3276026.816,0.572,-0.040,-0.108,-0.812,83,91,56,47,19,0,40,25,0,0.000,0,0,0.147,0.007,0.140,0.020,0.040,0.003,0.024,1.004,0.006,0.004,0.002,0.000,0.000,0.000,0.000,0,NULL,NULL,,1,0,3,7,255,,250,0,0
stim,5071,5071,0,3276031.816,0.572,-0.040,-0.108,-0.812,53,61,83,61,13,0,45,43,0,0.000,0,0,0.143,0.006,0.140,0.020,-0.020,0.003,0.024,1.003,0.006,0.002,0.002,0.000,0.000,0.000,0.000,0,NULL,NULL,,1,0,3,7,255,,250,0,0
stim,5071,5071,0,3276036.818,0.572,-0.040,-0.108,-0.812,84,91,57,69,19,0,39,41,0,0.000,0,0,0.162,0.006,0.140,0.020,-0.080,0.003,0.026,1.003,0.006,0.002,0.002,0.000,0.000,0.000,0.000,0,NULL,NULL,,1,0,3,7,255,,250,0,0
stim,5071,5071,0,3276041.816,0.572,-0.040,-0.108,-0.812,53,87,53,37,37,0,55,13,0,0.000,0,0,0.085,0.010,0.080,0.020,-0.020,0.003,0.026,1.002,-0.006,-0.008,0.002,0.000,0.000,0.000,0.000,0,NULL,NULL,,1,0,3,7,255,,250,0,0
stim,5071,5071,0,3276046.816,0.572,-0.040,-0.108,-0.812,75,67,83,69,16,0,45,43,0,0.000,0,0,0.045,0.010,0.000,-0.040,-0.020,0.004,0.024,1.002,-0.006,-0.008,-0.002,0.000,0.000,0.000,0.000,0,NULL,NULL,,1,0,3,7,255,,250,0,0
stim,5103,5103,0,3276051.816,0.572,-0.040,-0.108,-0.812,77,87,52,61,29,0,37,19,0,0.000,0,0,0.092,0.008,0.080,-0.040,-0.020,0.004,0.025,1.003,-0.002,0.008,-0.002,0.000,0.000,0.000,0.000,0,NULL,NULL,,1,0,3,7,255,,250,0,0
stim,5103,5103,0,3276056.816,0.572,-0.040,-0.108,-0.812,57,89,55,43,37,0,56,16,0,0.000,0,0,0.085,0.009,0.080,0.020,-0.020,0.004,0.024,1.003,0.004,0.008,0.002,0.000,0.000,0.000,0.000,0,NULL,NULL,,1,0,3,7,255,,250,0,0
stim,5103,5103,0,3276061.816,0.572,-0.040,-0.108,-0.812,78,89,60,42,41,1,63,16,0,0.000,0,0,0.085,0.008,0.080,0.020,-0.020,0.004,0.026,1.001,-0.002,0.008,0.002,0.000,0.000,0.000,0.000,0,NULL,NULL,,1,0,3,7,255,,250,0,0
stim,5103,5103,0,3276066.816,0.572,-0.039,-0.108,-0.812,51,60,82,37,35,0,62,31,0,0.000,0,0,0.085,0.007,0.080,0.020,-0.020,0.002,0.026,1.001,-0.004,0.006,-0.012,0.000,0.000,0.000,0.000,0,NULL,NULL,,1,0,3,7,255,,250,0,0
stim,5103,5103,0,3276071.817,0.572,-0.039,-0.108,-0.812,53,63,83,60,19,0,63,42,0,0.000,0,0,0.082,0.008,0.000,0.020,-0.080,0.004,0.025,1.002,-0.006,0.006,-0.012,0.000,0.000,0.000,0.000,0,NULL,NULL,,1,0,3,7,255,,250,0,0
stim,5103,5103,0,3276076.816,0.572,-0.039,-0.108,-0.812,83,89,61,69,20,0,45,43,0,0.000,0,0,0.092,0.007,0.080,-0.040,-0.020,0.003,0.026,1.004,-0.006,-0.004,-0.008,0.000,0.000,0.000,0.000,0,NULL,NULL,,1,0,3,7,255,,250,0,0
stim,5103,5103,0,3276081.816,0.572,-0.039,-0.108,-0.812,55,87,57,39,40,0,63,18,0,0.000,0,0,0.085,0.007,0.080,0.020,-0.020,0.003,0.025,1.004,-0.006,-0.004,0.012,0.000,0.000,0.000,0.000,0,NULL,NULL,,1,0,3,7,255,,250,0,0
stim,5119,5119,0,3276086.816,0.572,-0.039,-0.108,-0.812,78,89,83,68,16,0,42,43,0,0.000,0,0,0.085,0.004,0.080,0.020,-0.020,0.004,0.025,1.003,0.000,-0.004,0.012,0.000,0.000,0.000,0.000,0,NULL,NULL,,1,0,3,7,255,,250,0,0
stim,5119,5119,0,3276091.816,0.572,-0.039,-0.108,-0.812,75,63,81,69,14,0,61,43,0,0.000,0,0,0.085,0.004,0.080,0.020,-0.020,0.002,0.025,1.001,0.000,-0.004,0.002,0.000,0.000,0.000,0.000,0,NULL,NULL,,1,0,3,7,255,,250,0,0
stim,5144,5144,0,3276096.816,0.572,-0.039,-0.108,-0.812,81,88,75,68,12,0,39,41,0,0.000,0,0,0.082,0.002,0.000,0.080,-0.020,0.003,0.024,1.002,0.000,-0.002,-0.008,0.000,0.000,0.000,0.000,0,NULL,NULL,,1,0,3,7,255,,250,0,0
stim,5144,5144,0,3276101.816,0.572,-0.039,-0.108,-0.812,83,86,57,69,19,0,39,43,0,0.000,0,0,0.115,0.002,0.080,0.020,-0.080,0.004,0.025,1.003,0.000,-0.002,-0.008,0.000,0.000,0.000,0.000,0,NULL,NULL,,1,0,3,7,255,,250,0,0
stim,5144,5144,0,3276106.816,0.572,-0.039,-0.108,-0.812,77,89,47,45,29,2,35,8,0,0.000,0,0,0.092,0.002,0.080,-0.040,-0.020,0.004,0.025,1.004,0.000,0.002,0.006,0.000,0.000,0.000,0.000,0,NULL,NULL,,1,0,3,7,255,,250,0,0
stim,5144,5144,0,3276111.816,0.572,-0.039,-0.108,-0.812,83,93,51,62,16,0,39,41,0,0.000,0,0,0.085,0.002,0.080,0.020,-0.020,0.003,0.025,1.003,0.000,0.002,0.006,0.000,0.000,0.000,0.000,0,NULL,NULL,,1,0,3,7,255,,250,0,0
stim,5146,5146,0,3276116.816,0.572,-0.039,-0.108,-0.812,77,88,55,41,41,1,41,16,0,0.000,0,0,0.085,0.004,0.080,0.020,-0.020,0.004,0.025,1.002,0.000,0.004,0.002,0.000,0.000,0.000,0.000,0,NULL,NULL,,1,0,3,7,255,,250,0,0
stim,5146,5146,0,3276121.816,0.572,-0.039,-0.108,-0.812,83,88,76,69,20,0,39,43,0,0.000,0,0,0.162,0.000,0.140,0.020,-0.080,0.003,0.025,1.001,0.000,0.000,-0.002,0.000,0.000,0.000,0.000,0,NULL,NULL,,1,0,3,7,255,,250,0,0
stim,5183,5183,0,3276126.816,0.572,-0.039,-0.108,-0.812,53,62,78,60,13,0,61,43,0,0.000,0,0,0.028,0.004,0.000,0.020,-0.020,0.002,0.026,1.001,-0.004,-0.002,-0.012,0.000,0.000,0.000,0.000,0,NULL,NULL,,1,0,3,7,255,,250,0,0
stim,5183,5183,0,3276131.816,0.572,-0.039,-0.108,-0.812,83,86,77,68,20,0,41,42,0,0.000,0,0,0.082,0.006,0.000,0.020,-0.080,0.003,0.025,1.003,-0.004,-0.004,-0.012,0.000,0.000,0.000,0.000,0,NULL,NULL,,1,0,3,7,255,,250,0,0
stim,5183,5183,0,3276136.818,0.572,-0.039,-0.108,-0.812,53,63,75,63,22,2,54,45,0,0.000,0,0,0.045,0.006,0.000,0.020,0.040,0.004,0.025,1.003,-0.004,-0.004,0.002,0.000,0.000,0.000,0.000,0,NULL,NULL,,1,0,3,7,255,,250,0,0
stim,5183,5183,0,3276141.816,0.572,-0.039,-0.108,-0.812,53,63,83,43,37,0,67,41,0,0.000,0,0,0.115,0.006,0.080,0.020,-0.080,0.003,0.025,1.002,0.004,-0.004,0.002,0.000,0.000,0.000,0.000,0,NULL,NULL,,1,0,3,7,255,,250,0,0
stim,5183,5183,0,3276146.816,0.572,-0.039,-0.108,-0.812,57,88,76,37,39,1,63,16,0,0.000,0,0,0.085,0.006,0.080,0.020,-0.020,0.003,0.024,1.002,0.004,0.004,-0.002,0.000,0.000,0.000,0.000,0,NULL,NULL,,1,0,3,7,255,,250,0,0
stim,5183,5183,0,3276151.816,0.572,-0.039,-0.108,-0.812,83,88,59,69,19,0,39,43,0,0.000,0,0,0.082,0.006,0.000,0.020,-0.080,0.003,0.025,1.003,0.004,-0.004,-0.002,0.000,0.000,0.000,0.000,0,NULL,NULL,,1,0,3,7,255,,250,0,0
stim,5200,5200,0,3276156.816,0.572,-0.039,-0.108,-0.812,73,61,75,63,13,0,37,41,0,0.000,0,0,0.120,0.004,0.080,-0.040,-0.080,0.003,0.025,1.002,0.004,0.000,-0.002,0.000,0.000,0.000,0.000,0,NULL,NULL,,1,0,3,7,255,,250,0,0
stim,5200,5200,0,3276161.816,0.572,-0.039,-0.108,-0.812,51,61,83,39,39,0,68,31,0,0.000,0,0,0.115,0.002,0.080,0.020,-0.080,0.003,0.025,1.003,0.002,0.000,0.006,0.000,0.000,0.000,0.000,0,NULL,NULL,,1,0,3,7,255,,250,0,0
stim,5200,5200,0,3276166.816,0.572,-0.039,-0.108,-0.812,79,91,51,60,30,0,35,7,0,0.000,0,0,0.120,0.002,0.080,-0.040,-0.080,0.005,0.026,1.003,0.002,0.000,0.002,0.000,0.000,0.000,0.000,0,NULL,NULL,,1,0,3,7,255,,250,0,0
stim,5200,5200,0,3276171.816,0.572,-0.039,-0.108,-0.812,55,68,83,63,21,0,67,45,0,0.000,0,0,0.085,0.012,0.080,0.020,-0.020,0.003,0.027,1.002,-0.012,0.000,0.002,0.000,0.000,0.000,0.000,0,NULL,NULL,,1,0,3,7,255,,250,0,0
stim,5215,5215,0,3276176.818,0.572,-0.039,-0.108,-0.812,50,63,83,39,40,0,67,35,0,0.000,0,0,0.143,0.013,0.140,0.020,-0.020,0.003,0.026,1.002,-0.012,-0.006,-0.008,0.000,0.000,0.000,0.000,0,NULL,NULL,,1,0,3,7,255,,250,0,0
stim,5215,5215,0,3276181.816,0.572,-0.039,-0.108,-0.812,56,63,87,67,41,0,69,44,0,0.000,0,0,0.085,0.007,0.080,0.020,-0.020,0.003,0.025,1.003,-0.004,-0.006,-0.008,0.000,0.000,0.000,0.000,0,NULL,NULL,,1,0,3,7,255,,250,0,0
stim,5215,5215,0,3276186.816,0.572,-0.039,-0.108,-0.812,81,88,53,63,35,0,39,23,0,0.000,0,0,0.045,0.002,0.000,-0.040,-0.020,0.004,0.025,1.003,-0.002,0.000,0.002,0.000,0.000,0.000,0.000,0,NULL,NULL,,1,0,3,7,255,,250,0,0
stim,5215,5215,0,3276191.816,0.572,-0.039,-0.108,-0.812,77,70,83,69,16,0,45,45,0,0.000,0,0,0.028,0.004,0.000,0.020,-0.020,0.004,0.025,1.004,-0.002,0.004,0.006,0.000,0.000,0.000,0.000,0,NULL,NULL,,1,0,3,7,255,,250,0,0
stim,5233,5233,0,3276196.816,0.572,-0.039,-0.108,-0.812,51,60,77,42,25,0,55,39,0,0.000,0,0,0.092,0.004,0.080,-0.040,-0.020,0.003,0.025,1.003,0.002,0.004,0.006,0.000,0.000,0.000,0.000,0,NULL,NULL,,1,0,3,7,255,,250,0,0
stim,5233,5233,0,3276201.816,0.572,-0.039,-0.108,-0.812,82,91,55,46,37,0,40,25,0,0.000,0,0,0.162,0.006,0.140,0.020,-0.080,0.002,0.025,1.002,0.004,-0.004,0.006,0.000,0.000,0.000,0.000,0,NULL,NULL,,1,0,3,7,255,,250,0,0
stim,5247,5247,0,3276206.816,0.572,-0.039,-0.108,-0.812,77,89,53,41,39,0,56,14,0,0.000,0,0,0.162,0.006,0.140,0.020,-0.080,0.003,0.025,1.001,0.004,-0.004,-0.008,0.000,0.000,0.000,0.000,0,NULL,NULL,,1,0,3,7,255,,250,0,0
stim,5247,5247,0,3276211.816,0.572,-0.039,-0.108,-0.812,75,63,83,70,21,0,63,43,0,0.000,0,0,0.143,0.004,0.140,0.020,-0.020,0.003,0.025,1.003,0.004,-0.002,-0.008,0.000,0.000,0.000,0.000,0,NULL,NULL,,1,0,3,7,255,,250,0,0
stim,5247,5247,0,3276216.816,0.572,-0.039,-0.108,-0.812,77,89,55,41,40,1,55,13,0,0.000,0,0,0.028,0.003,0.000,0.020,-0.020,0.003,0.025,1.004,0.002,0.002,0.002,0.000,0.000,0.000,0.000,0,NULL,NULL,,1,0,3,7,255,,250,0,0
stim,5247,5247,0,3276221.816,0.572,-0.039,-0.108,-0.812,85,93,55,47,37,0,40,23,0,0.000,0,0,0.085,0.003,0.080,0.020,-0.020,0.003,0.024,1.003,0.002,0.002,0.006,0.000,0.000,0.000,0.000,0,NULL,NULL,,1,0,3,7,255,,250,0,0
stim,5279,5279,0,3276226.816,0.572,-0.039,-0.108,-0.812,71,62,55,63,19,0,41,43,0,0.000,0,0,0.092,0.003,0.080,0.020,0.040,0.002,0.025,1.001,0.002,0.002,0.006,0.000,0.000,0.000,0.000,0,NULL,NULL,,1,0,3,7,255,,250,0,0
stim,5279,5279,0,3276231.816,0.572,-0.039,-0.108,-0.812,79,90,55,43,37,0,39,16,0,0.000,0,0,0.028,0.004,0.000,0.020,-0.020,0.003,0.025,1.002,0.004,-0.002,-0.002,0.000,0.000,0.000,0.000,0,NULL,NULL,,1,0,3,7,255,,250,0,0
stim,5279,5279,0,3276236.818,0.572,-0.039,-0.108,-0.812,57,89,79,39,39,1,67,18,0,0.000,0,0,0.115,0.009,0.080,0.020,-0.080,0.002,0.025,1.003,0.004,-0.008,-0.002,0.000,0.000,0.000,0.000,0,NULL,NULL,,1,0,3,7,255,,250,0,0
stim,5279,5279,0,3276241.816,0.572,-0.039,-0.108,-0.812,73,67,61,69,21,0,40,42,0,0.000,0,0,0.085,0.004,0.080,0.020,-0.020,0.004,0.025,1.004,0.004,-0.002,0.002,0.000,0.000,0.000,0.000,0,NULL,NULL,,1,0,3,7,255,,250,0,0
stim,5279,5279,0,3276246.816,0.572,-0.039,-0.108,-0.812,79,89,47,61,29,0,33,20,0,0.000,0,0,0.028,0.000,0.000,0.020,-0.020,0.003,0.025,1.003,0.000,0.000,0.002,0.000,0.000,0.000,0.000,0,NULL,NULL,,1,0,3,7,255,,250,0,0
stim,5279,5279,0,3276251.816,0.572,-0.039,-0.108,-0.812,47,58,81,39,35,0,62,31,0,0.000,0,0,0.085,0.000,0.080,0.020,-0.020,0.002,0.024,1.002,0.000,0.000,0.002,0.000,0.000,0.000,0.000,0,NULL,NULL,,1,0,3,7,255,,250,0,0
stim,5302,5302,0,3276256.816,0.572,-0.039,-0.108,-0.812,51,85,53,39,35,0,56,13,0,0.000,0,0,0.115,0.002,0.080,0.020,-0.080,0.003,0.025,1.002,0.002,0.000,-0.004,0.000,0.000,0.000,0.000,0,NULL,NULL,,1,0,3,7,255,,250,0,0
stim,5302,5302,0,3276261.816,0.572,-0.039,-0.108,-0.812,50,84,55,37,35,0,59,16,0,0.000,0,0,0.045,0.003,0.000,-0.040,-0.020,0.003,0.025,1.002,0.002,0.002,-0.004,0.000,0.000,0.000,0.000,0,NULL,NULL,,1,0,3,7,255,,250,0,0
stim,5312,5312,0,3276266.816,0.572,-0.039,-0.108,-0.812,47,52,78,58,12,0,60,41,0,0.000,0,0,0.085,0.003,0.080,0.020,-0.020,0.004,0.025,1.003,0.002,0.002,-0.002,0.000,0.000,0.000,0.000,0,NULL,NULL,,1,0,3,7,255,,250,0,0
stim,5312,5312,0,3276271.816,0.572,-0.039,-0.108,-0.812,53,88,76,39,35,0,68,17,0,0.000,0,0,0.028,0.006,0.000,0.020,-0.020,0.004,0.025,1.004,0.000,0.006,0.006,0.000,0.000,0.000,0.000,0,NULL,NULL,,1,0,3,7,255,,250,0,0
stim,5312,5312,0,3276276.816,0.572,-0.039,-0.108,-0.812,57,89,77,38,37,0,67,16,0,0.000,0,0,0.115,0.006,0.080,0.020,-0.080,0.002,0.024,1.004,0.000,0.006,0.012,0.000,0.000,0.000,0.000,0,NULL,NULL,,1,0,3,7,255,,250,0,0
stim,5312,5312,0,3276281.817,0.572,-0.039,-0.108,-0.812,73,89,83,68,17,0,44,42,0,0.000,0,0,0.092,0.011,0.080,-0.040,-0.020,0.002,0.024,1.003,0.010,-0.004,0.012,0.000,0.000,0.000,0.000,0,NULL,NULL,,1,0,3,7,255,,250,0,0
stim,5312,5312,0,3276286.816,0.572,-0.039,-0.108,-0.812,75,66,83,71,19,0,46,43,0,0.000,0,0,0.115,0.011,0.080,0.020,-0.080,0.003,0.025,1.002,0.010,-0.004,0.002,0.000,0.000,0.000,0.000,0,NULL,NULL,,1,0,3,7,255,,250,0,0
stim,5334,5334,0,3276291.816,0.572,-0.039,-0.108,-0.812,83,87,57,63,20,0,39,41,0,0.000,0,0,0.092,0.006,0.080,0.020,0.040,0.002,0.026,1.001,0.002,-0.006,-0.004,0.000,0.000,0.000,0.000,0,NULL,NULL,,1,0,3,7,255,,250,0,0
stim,5334,5334,0,3276296.816,0.572,-0.039,-0.108,-0.812,74,62,83,69,19,0,47,45,0,0.000,0,0,0.028,0.003,0.000,0.020,-0.020,0.004,0.024,1.003,0.002,0.002,-0.004,0.000,0.000,0.000,0.000,0,NULL,NULL,,1,0,3,7,255,,250,0,0
stim,5334,5334,0,3276301.816,0.572,-0.039,-0.108,-0.812,52,71,76,41,41,0,68,17,0,0.000,0,0,0.120,0.010,0.080,-0.040,-0.080,0.004,0.025,1.004,-0.002,0.010,0.002,0.000,0.000,0.000,0.000,0,NULL,NULL,,1,0,3,7,255,,250,0,0
stim,5334,5334,0,3276306.816,0.572,-0.039,-0.108,-0.812,81,91,55,63,35,0,39,20,0,0.000,0,0,0.085,0.012,0.080,0.020,-0.020,0.004,0.024,1.004,0.002,0.012,0.010,0.000,0.000,0.000,0.000,0,NULL,NULL,,1,0,3,7,255,,250,0,0
stim,5334,5334,0,3276311.816,0.572,-0.039,-0.108,-0.812,51,61,83,40,19,0,61,39,0,0.000,0,0,0.085,0.012,0.080,0.020,-0.020,0.004,0.025,1.003,0.000,0.012,0.010,0.000,0.000,0.000,0.000,0,NULL,NULL,,1,0,3,7,255,,250,0,0
stim,5334,5334,0,3276316.816,0.572,-0.039,-0.108,-0.812,58,89,53,41,31,0,56,12,0,0.000,0,0,0.085,0.006,0.080,0.020,-0.020,0.003,0.025,1.002,0.000,0.006,0.002,0.000,0.000,0.000,0.000,0,NULL,NULL,,1,0,3,7,255,,250,0,0
stim,5392,5392,0,3276321.816,0.572,-0.039,-0.108,-0.812,73,63,58,69,18,0,39,43,0,0.000,0,0,0.085,0.004,0.080,0.020,-0.020,0.003,0.024,1.003,0.000,0.004,0.002,0.000,0.000,0.000,0.000,0,NULL,NULL,,1,0,3,7,255,,250,0,0
stim,5392,5392,0,3276326.816,0.572,-0.039,-0.108,-0.812,83,87,58,69,19,0,41,43,0,0.000,0,0,0.115,0.007,0.080,0.020,-0.080,0.004,0.024,1.003,0.006,0.004,0.002,0.000,0.000,0.000,0.000,0,NULL,NULL,,1,0,3,7,255,,250,0,0
stim,5392,5392,0,3276331.816,0.572,-0.039,-0.108,-0.812,83,87,47,70,18,0,37,41,0,0.000,0,0,0.085,0.009,0.080,0.020,-0.020,0.002,0.024,1.003,0.008,0.004,0.002,0.000,0.000,0.000,0.000,0,NULL,NULL,,1,0,3,7,255,,250,0,0
stim,5392,5392,0,3276336.818,0.572,-0.039,-0.108,-0.812,83,92,55,68,37,0,39,24,0,0.000,0,0,0.115,0.008,0.080,0.020,-0.080,0.003,0.025,1.002,0.008,-0.002,0.002,0.000,0.000,0.000,0.000,0,NULL,NULL,,1,0,3,7,255,,250,0,0
stim,5392,5392,0,3276341.816,0.572,-0.039,-0.108,-0.812,81,91,57,69,13,0,37,41,0,0.000,0,0,0.085,0.003,0.080,0.020,-0.020,0.004,0.025,1.001,0.002,-0.002,-0.004,0.000,0.000,0.000,0.000,0,NULL,NULL,,1,0,3,7,255,,250,0,0
stim,5392,5392,0,3276346.816,0.572,-0.039,-0.108,-0.812,85,92,58,69,21,0,41,42,0,0.000,0,0,0.115,0.003,0.080,0.020,-0.080,0.002,0.025,1.002,0.002,-0.002,-0.008,0.000,0.000,0.000,0.000,0,NULL,NULL,,1,0,3,7,255,,250,0,0
stim,5394,5394,0,3276351.816,0.572,-0.039,-0.108,-0.812,56,89,77,37,39,0,68,17,0,0.000,0,0,0.089,0.004,0.000,-0.040,-0.080,0.004,0.024,1.003,0.002,0.004,-0.008,0.000,0.000,0.000,0.000,0,NULL,NULL,,1,0,3,7,255,,250,0,0
stim,5394,5394,0,3276356.816,0.572,-0.039,-0.108,-0.812,83,92,54,64,20,0,40,42,0,0.000,0,0,0.089,0.006,0.000,-0.040,-0.080,0.004,0.025,1.004,0.002,0.006,0.002,0.000,0.000,0.000,0.000,0,NULL,NULL,,1,0,3,7,255,,250,0,0
stim,5400,5400,0,3276361.816,0.572,-0.039,-0.108,-0.812,51,68,85,39,23,0,67,33,0,0.000,0,0,0.085,0.006,0.080,0.020,-0.020,0.004,0.025,1.002,0.000,0.006,0.002,0.000,0.000,0.000,0.000,0,NULL,NULL,,1,0,3,7,255,,250,0,0
stim,5400,5400,0,3276366.816,0.572,-0.039,-0.108,-0.812,83,88,59,69,19,0,41,43,0,0.000,0,0,0.085,0.006,0.080,0.020,-0.020,0.004,0.025,1.002,0.000,0.006,-0.004,0.000,0.000,0.000,0.000,0,NULL,NULL,,1,0,3,7,255,,250,0,0
stim,5400,5400,0,3276371.816,0.572,-0.039,-0.108,-0.812,45,63,77,63,12,0,43,51,0,0.000,0,0,0.028,0.004,0.000,0.020,-0.020,0.003,0.024,1.001,0.000,0.004,-0.004,0.000,0.000,0.000,0.000,0,NULL,NULL,,1,0,3,7,255,,250,0,0
stim,5400,5400,0,3276376.818,0.572,-0.039,-0.108,-0.812,53,69,81,39,42,0,71,19,0,0.000,0,0,0.085,0.004,0.080,0.020,-0.020,0.004,0.025,1.002,0.000,0.004,-0.004,0.000,0.000,0.000,0.000,0,NULL,NULL,,1,0,3,7,255,,250,0,0
stim,5423,5423,0,3276381.816,0.572,-0.039,-0.108,-0.812,85,89,55,69,18,0,39,25,0,0.000,0,0,0.082,0.006,0.000,0.020,-0.080,0.004,0.025,1.004,0.000,0.006,-0.002,0.000,0.000,0.000,0.000,0,NULL,NULL,,1,0,3,7,255,,250,0,0
stim,5423,5423,0,3276386.816,0.572,-0.039,-0.108,-0.812,83,93,46,47,13,0,37,19,0,0.000,0,0,0.115,0.006,0.080,0.080,-0.020,0.004,0.024,1.004,0.000,0.006,0.012,0.000,0.000,0.000,0.000,0,NULL,NULL,,1,0,3,7,255,,250,0,0
stim,5423,5423,0,3276391.816,0.572,-0.039,-0.108,-0.812,53,60,81,59,20,0,56,43,0,0.000,0,0,0.120,0.006,0.080,-0.040,-0.080,0.004,0.025,1.002,0.000,0.006,0.012,0.000,0.000,0.000,0.000,0,NULL,NULL,,1,0,3,7,255,,250,0,0
stim,5423,5423,0,3276396.816,0.572,-0.039,-0.108,-0.812,52,64,83,39,20,0,68,37,0,0.000,0,0,0.115,0.008,0.080,0.020,-0.080,0.004,0.025,1.001,0.000,0.008,-0.008,0.000,0.000,0.000,0.000,0,NULL,NULL,,1,0,3,7,255,,250,0,0
stim,5423,5423,0,3276401.816,0.572,-0.039,-0.108,-0.812,81,91,53,68,17,0,39,23,0,0.000,0,0,0.115,0.006,0.080,0.020,-0.080,0.003,0.024,1.001,0.000,0.006,-0.012,0.000,0.000,0.000,0.000,0,NULL,NULL,,1,0,3,7,255,,250,0,0
stim,5423,5423,0,3276406.816,0.572,-0.039,-0.108,-0.812,57,89,51,41,30,0,53,12,0,0.000,0,0,0.115,0.006,0.080,0.020,-0.080,0.003,0.024,1.004,0.006,0.002,-0.012,0.000,0.000,0.000,0.000,0,NULL,NULL,,1,0,3,7,255,,250,0,0
stim,5439,5439,0,3276411.816,0.572,-0.039,-0.108,-0.812,72,62,57,67,18,0,40,42,0,0.000,0,0,0.028,0.006,0.000,0.020,-0.020,0.004,0.025,1.004,0.006,0.002,0.012,0.000,0.000,0.000,0.000,0,NULL,NULL,,1,0,3,7,255,,250,0,0
stim,5439,5439,0,3276416.816,0.572,-0.039,-0.108,-0.812,57,89,55,39,41,1,59,13,0,0.000,0,0,0.028,0.003,0.000,0.020,-0.020,0.003,0.026,1.004,-0.002,0.002,0.016,0.000,0.000,0.000,0.000,0,NULL,NULL,,1,0,3,7,255,,250,0,0
stim,5455,5455,0,3276421.816,0.572,-0.039,-0.108,-0.812,56,63,83,67,17,0,41,43,0,0.000,0,0,0.085,0.003,0.080,0.020,-0.020,0.003,0.024,1.002,-0.002,0.002,0.016,0.000,0.000,0.000,0.000,0,NULL,NULL,,1,0,3,7,255,,250,0,0
stim,5455,5455,0,3276426.816,0.572,-0.039,-0.108,-0.812,51,69,58,39,37,0,62,16,0,0.000,0,0,0.115,0.006,0.080,0.020,-0.080,0.004,0.025,1.001,-0.006,0.002,-0.004,0.000,0.000,0.000,0.000,0,NULL,NULL,,1,0,3,7,255,,250,0,0
stim,5487,5487,0,3276431.816,0.572,-0.039,-0.108,-0.812,81,91,55,68,19,0,39,23,0,0.000,0,0,0.166,0.007,0.140,-0.040,-0.080,0.004,0.025,1.002,-0.006,0.004,-0.004,0.000,0.000,0.000,0.000,0,NULL,NULL,,1,0,3,7,255,,250,0,0
stim,5487,5487,0,3276436.818,0.572,-0.039,-0.108,-0.812,57,89,51,42,37,0,55,14,0,0.000,0,0,0.092,0.007,0.080,-0.040,-0.020,0.003,0.026,1.003,-0.006,0.004,-0.002,0.000,0.000,0.000,0.000,0,NULL,NULL,,1,0,3,7,255,,250,0,0
stim,5487,5487,0,3276441.816,0.572,-0.039,-0.108,-0.812,76,89,55,41,37,1,39,17,0,0.000,0,0,0.098,0.008,0.080,-0.040,0.040,0.002,0.025,1.003,-0.006,-0.006,0.006,0.000,0.000,0.000,0.000,0,NULL,NULL,,1,0,3,7,255,,250,0,0
stim,5487,5487,0,3276446.816,0.572,-0.039,-0.108,-0.812,83,93,54,47,36,0,41,25,0,0.000,0,0,0.085,0.006,0.080,0.020,-0.020,0.004,0.025,1.002,-0.002,-0.006,0.006,0.000,0.000,0.000,0.000,0,NULL,NULL,,1,0,3,7,255,,250,0,0
stim,5487,5487,0,3276451.816,0.572,-0.039,-0.108,-0.812,57,89,77,38,40,0,68,18,0,0.000,0,0,0.085,0.010,0.080,0.020,-0.020,0.004,0.025,1.002,-0.002,0.010,-0.004,0.000,0.000,0.000,0.000,0,NULL,NULL,,1,0,3,7,255,,250,0,0
stim,5487,5487,0,3276456.816,0.572,-0.039,-0.108,-0.812,50,67,77,41,39,0,63,17,0,0.000,0,0,0.092,0.010,0.080,-0.040,-0.020,0.004,0.025,1.001,-0.002,0.010,-0.008,0.000,0.000,0.000,0.000,0,NULL,NULL,,1,0,3,7,255,,250,0,0
stim,5504,5504,0,3276461.816,0.572,-0.039,-0.108,-0.812,73,88,57,37,41,1,61,13,0,0.000,0,0,0.085,0.010,0.080,0.020,-0.020,0.004,0.025,1.002,-0.006,0.008,-0.004,0.000,0.000,0.000,0.000,0,NULL,NULL,,1,0,3,7,255,,250,0,0
stim,5504,5504,0,3276466.816,0.572,-0.039,-0.108,-0.812,81,91,55,58,28,0,37,17,0,0.000,0,0,0.085,0.010,0.080,0.020,-0.020,0.004,0.025,1.003,-0.006,0.008,-0.002,0.000,0.000,0.000,0.000,0,NULL,NULL,,1,0,3,7,255,,250,0,0
stim,5504,5504,0,3276471.816,0.572,-0.039,-0.108,-0.812,53,61,85,44,19,0,63,43,0,0.000,0,0,0.085,0.009,0.080,0.020,-0.020,0.003,0.025,1.004,-0.004,0.008,0.002,0.000,0.000,0.000,0.000,0,NULL,NULL,,1,0,3,7,255,,250,0,0
stim,5504,5504,0,3276476.817,0.572,-0.039,-0.108,-0.812,75,69,82,71,16,0,61,44,0,0.000,0,0,0.143,0.004,0.140,0.020,-0.020,0.003,0.026,1.002,-0.004,-0.002,0.002,0.000,0.000,0.000,0.000,0,NULL,NULL,,1,0,3,7,255,,250,0,0
stim,5505,5505,0,3276481.816,0.572,-0.039,-0.108,-0.812,82,91,52,68,17,0,37,24,0,0.000,0,0,0.115,0.004,0.080,0.020,-0.080,0.003,0.024,1.002,-0.004,-0.002,-0.002,0.000,0.000,0.000,0.000,0,NULL,NULL,,1,0,3,7,255,,250,0,0
stim,5505,5505,0,3276486.816,0.572,-0.039,-0.108,-0.812,75,63,82,69,13,0,45,43,0,0.000,0,0,0.028,0.008,0.000,0.020,-0.020,0.003,0.024,1.002,0.008,-0.002,-0.004,0.000,0.000,0.000,0.000,0,NULL,NULL,,1,0,3,7,255,,250,0,0
stim,5535,5535,0,3276491.816,0.572,-0.039,-0.108,-0.812,53,61,83,61,13,0,43,44,0,0.000,0,0,0.082,0.008,0.000,0.020,-0.080,0.003,0.024,1.003,0.008,-0.002,-0.004,0.000,0.000,0.000,0.000,0,NULL,NULL,,1,0,3,7,255,,250,0,0
stim,5535,5535,0,3276496.816,0.572,-0.039,-0.108,-0.812,83,89,55,69,19,0,39,43,0,0.000,0,0,0.085,0.008,0.080,0.020,-0.020,0.004,0.025,1.004,0.008,-0.002,0.006,0.000,0.000,0.000,0.000,0,NULL,NULL,,1,0,3,7,255,,250,0,0
stim,5535,5535,0,3276501.816,0.572,-0.039,-0.108,-0.812,77,91,53,41,37,0,39,12,0,0.000,0,0,0.085,0.002,0.080,0.020,-0.020,0.003,0.025,1.003,0.002,0.000,0.006,0.000,0.000,0.000,0.000,0,NULL,NULL,,1,0,3,7,255,,250,0,0
stim,5535,5535,0,3276506.816,0.572,-0.039,-0.108,-0.812,75,67,83,69,16,0,45,43,0,0.000,0,0,0.115,0.000,0.080,0.020,-0.080,0.003,0.025,1.002,0.000,0.000,0.006,0.000,0.000,0.000,0.000,0,NULL,NULL,,1,0,3,7,255,,250,0,0
stim,5535,5535,0,3276511.816,0.572,-0.039,-0.108,-0.812,51,63,78,39,43,0,59,34,0,0.000,0,0,0.085,0.000,0.080,0.020,-0.020,0.003,0.025,1.003,0.000,0.000,0.002,0.000,0.000,0.000,0.000,0,NULL,NULL,,1,0,3,7,255,,250,0,0
stim,5535,5535,0,3276516.816,0.572,-0.039,-0.108,-0.812,79,91,53,41,35,0,41,16,0,0.000,0,0,0.115,0.002,0.080,0.020,-0.080,0.002,0.025,1.003,0.000,-0.002,0.002,0.000,0.000,0.000,0.000,0,NULL,NULL,,1,0,3,7,255,,250,0,0
stim,5583,5583,0,3276521.816,0.572,-0.039,-0.108,-0.812,81,91,55,69,19,0,39,24,0,0.000,0,0,0.085,0.000,0.080,0.020,-0.020,0.004,0.025,1.004,0.000,0.000,0.002,0.000,0.000,0.000,0.000,0,NULL,NULL,,1,0,3,7,255,,250,0,0
stim,5583,5583,0,3276526.816,0.572,-0.039,-0.108,-0.812,83,89,56,69,17,0,38,42,0,0.000,0,0,0.085,0.004,0.080,0.020,-0.020,0.004,0.025,1.003,0.000,0.004,0.002,0.000,0.000,0.000,0.000,0,NULL,NULL,,1,0,3,7,255,,250,0,0
stim,5583,5583,0,3276531.816,0.572,-0.039,-0.108,-0.812,48,60,83,37,37,0,63,16,0,0.000,0,0,0.085,0.006,0.080,0.020,-0.020,0.004,0.025,1.002,-0.004,0.004,0.002,0.000,0.000,0.000,0.000,0,NULL,NULL,,1,0,3,7,255,,250,0,0
stim,5583,5583,0,3276536.818,0.572,-0.039,-0.108,-0.812,76,90,55,37,38,0,41,13,0,0.000,0,0,0.115,0.004,0.080,0.020,-0.080,0.004,0.025,1.002,0.000,0.004,-0.004,0.000,0.000,0.000,0.000,0,NULL,NULL,,1,0,3,7,255,,250,0,0
stim,5583,5583,0,3276541.816,0.572,-0.039,-0.108,-0.812,83,88,57,69,12,0,37,42,0,0.000,0,0,0.028,0.004,0.000,0.020,-0.020,0.003,0.025,1.002,0.000,0.004,-0.008,0.000,0.000,0.000,0.000,0,NULL,NULL,,1,0,3,7,255,,250,0,0
stim,5583,5583,0,3276546.816,0.572,-0.039,-0.108,-0.812,83,91,57,69,18,0,39,43,0,0.000,0,0,0.092,0.004,0.080,-0.040,-0.020,0.004,0.025,1.004,0.000,0.004,-0.008,0.000,0.000,0.000,0.000,0,NULL,NULL,,1,0,3,7,255,,250,0,0
stim,5599,5599,0,3276551.816,0.572,-0.039,-0.108,-0.812,47,63,85,39,25,0,69,35,0,0.000,0,0,0.085,0.004,0.080,0.020,-0.020,0.004,0.024,1.003,0.000,0.004,0.002,0.000,0.000,0.000,0.000,0,NULL,NULL,,1,0,3,7,255,,250,0,0
stim,5599,5599,0,3276556.816,0.572,-0.039,-0.108,-0.812,51,86,53,37,37,0,57,13,0,0.000,0,0,0.082,0.004,0.000,0.020,-0.080,0.003,0.025,1.003,0.002,0.004,0.006,0.000,0.000,0.000,0.000,0,NULL,NULL,,1,0,3,7,255,,250,0,0
stim,5599,5599,0,3276561.816,0.572,-0.039,-0.108,-0.812,77,89,52,56,31,0,37,14,0,0.000,0,0,0.085,0.002,0.080,0.020,-0.020,0.002,0.026,1.001,0.002,0.000,0.002,0.000,0.000,0.000,0.000,0,NULL,NULL,,1,0,3,7,255,,250,0,0
stim,5599,5599,0,3276566.816,0.572,-0.039,-0.108,-0.812,70,93,57,68,19,0,39,45,0,0.000,0,0,0.045,0.000,0.000,0.020,0.040,0.004,0.025,1.002,0.000,0.000,-0.008,0.000,0.000,0.000,0.000,0,NULL,NULL,,1,0,3,7,255,,250,0,0
stim,5599,5599,0,3276571.816,0.572,-0.039,-0.108,-0.812,75,83,57,69,14,0,41,43,0,0.000,0,0,0.098,0.004,0.080,-0.040,0.040,0.004,0.024,1.002,0.000,0.004,-0.008,0.000,0.000,0.000,0.000,0,NULL,NULL,,1,0,3,7,255,,250,0,0
stim,5599,5599,0,3276576.818,0.572,-0.039,-0.108,-0.812,51,69,85,39,39,0,63,18,0,0.000,0,0,0.085,0.006,0.080,0.020,-0.020,0.004,0.024,1.004,0.002,0.006,-0.008,0.000,0.000,0.000,0.000,0,NULL,NULL,,1,0,3,7,255,,250,0,0
stim,5615,5615,0,3276581.816,0.572,-0.039,-0.108,-0.812,52,70,85,39,39,0,67,37,0,0.000,0,0,0.143,0.007,0.140,0.020,-0.020,0.003,0.024,1.003,0.004,0.006,0.002,0.000,0.000,0.000,0.000,0,NULL,NULL,,1,0,3,7,255,,250,0,0
stim,5615,5615,0,3276586.816,0.572,-0.039,-0.108,-0.812,51,69,77,37,37,0,62,14,0,0.000,0,0,0.115,0.007,0.080,0.020,-0.080,0.004,0.025,1.003,0.004,0.006,0.002,0.000,0.000,0.000,0.000,0,NULL,NULL,,1,0,3,7,255,,250,0,0
stim,5631,5631,0,3276591.816,0.572,-0.039,-0.108,-0.812,81,87,56,69,16,0,36,42,0,0.000,0,0,0.115,0.003,0.080,0.020,-0.080,0.004,0.025,1.002,-0.002,0.002,0.002,0.000,0.000,0.000,0.000,0,NULL,NULL,,1,0,3,7,255,,250,0,0
stim,5631,5631,0,3276596.816,0.572,-0.039,-0.108,-0.812,53,61,83,61,20,0,63,43,0,0.000,0,0,0.082,0.003,0.000,0.020,-0.080,0.003,0.024,1.002,-0.002,0.002,-0.004,0.000,0.000,0.000,0.000,0,NULL,NULL,,1,0,3,7,255,,250,0,0
stim,5631,5631,0,3276601.816,0.572,-0.039,-0.108,-0.812,73,63,76,70,22,0,59,43,0,0.000,0,0,0.028,0.004,0.000,0.020,-0.020,0.004,0.024,1.003,0.004,0.002,-0.004,0.000,0.000,0.000,0.000,0,NULL,NULL,,1,0,3,7,255,,250,0,0
stim,5631,5631,0,3276606.816,0.572,-0.039,-0.108,-0.812,78,71,85,71,20,0,45,43,0,0.000,0,0,0.085,0.006,0.080,0.020,-0.020,0.004,0.025,1.004,0.004,0.004,0.002,0.000,0.000,0.000,0.000,0,NULL,NULL,,1,0,3,7,255,,250,0,0
stim,5650,5650,0,3276611.816,0.572,-0.039,-0.108,-0.812,77,89,54,41,39,0,57,14,0,0.000,0,0,0.085,0.004,0.080,0.020,-0.020,0.004,0.026,1.003,0.000,0.004,0.002,0.000,0.000,0.000,0.000,0,NULL,NULL,,1,0,3,7,255,,250,0,0
stim,5650,5650,0,3276616.817,0.572,-0.039,-0.108,-0.812,81,92,51,63,27,0,37,22,0,0.000,0,0,0.085,0.000,0.080,0.020,-0.020,0.003,0.025,1.002,0.000,0.000,0.002,0.000,0.000,0.000,0.000,0,NULL,NULL,,1,0,3,7,255,,250,0,0
stim,5685,5685,0,3276621.816,0.572,-0.039,-0.108,-0.812,83,92,53,69,37,2,39,23,0,0.000,0,0,0.092,0.002,0.080,0.020,0.040,0.004,0.025,1.000,-0.002,0.000,-0.004,0.000,0.000,0.000,0.000,0,NULL,NULL,,1,0,3,7,255,,250,0,0
stim,5685,5685,0,3276626.816,0.572,-0.039,-0.108,-0.812,83,91,57,69,19,0,39,43,0,0.000,0,0,0.115,0.000,0.080,0.020,-0.080,0.003,0.025,1.003,0.000,0.000,-0.004,0.000,0.000,0.000,0.000,0,NULL,NULL,,1,0,3,7,255,,250,0,0
stim,5686,5686,0,3276631.816,0.572,-0.039,-0.108,-0.812,52,61,87,42,22,0,68,41,0,0.000,0,0,0.082,0.003,0.000,0.020,-0.080,0.004,0.025,1.003,-0.002,0.002,0.002,0.000,0.000,0.000,0.000,0,NULL,NULL,,1,0,3,7,255,,250,0,0
stim,5686,5686,0,3276636.817,0.572,-0.039,-0.108,-0.812,55,63,82,69,14,0,61,44,0,0.000,0,0,0.028,0.006,0.000,0.020,-0.020,0.003,0.026,1.003,-0.006,0.000,0.006,0.000,0.000,0.000,0.000,0,NULL,NULL,,1,0,3,7,255,,250,0,0
stim,5687,5687,0,3276641.817,0.572,-0.039,-0.108,-0.812,53,63,85,60,39,0,69,45,0,0.000,0,0,0.143,0.007,0.140,0.020,-0.020,0.003,0.026,1.003,-0.006,-0.004,0.002,0.000,0.000,0.000,0.000,0,NULL,NULL,,1,0,3,7,255,,250,0,0
stim,5687,5687,0,3276646.816,0.572,-0.039,-0.108,-0.812,83,88,57,67,16,0,38,43,0,0.000,0,0,0.085,0.007,0.080,0.020,-0.020,0.004,0.025,1.002,-0.006,-0.004,0.002,0.000,0.000,0.000,0.000,0,NULL,NULL,,1,0,3,7,255,,250,0,0
stim,5687,5687,0,3276651.816,0.572,-0.039,-0.108,-0.812,77,89,47,58,29,0,35,18,0,0.000,0,0,0.028,0.006,0.000,0.020,-0.020,0.004,0.024,1.002,-0.006,0.002,-0.004,0.000,0.000,0.000,0.000,0,NULL,NULL,,1,0,3,7,255,,250,0,0
stim,5695,5695,0,3276656.816,0.572,-0.039,-0.108,-0.812,47,60,79,59,36,0,59,41,0,0.000,0,0,0.085,0.006,0.080,0.020,-0.020,0.004,0.026,1.002,-0.006,0.002,-0.004,0.000,0.000,0.000,0.000,0,NULL,NULL,,1,0,3,7,255,,250,0,0
stim,5695,5695,0,3276661.816,0.572,-0.039,-0.108,-0.812,82,91,55,70,35,0,40,23,0,0.000,0,0,0.082,0.007,0.000,0.020,-0.080,0.004,0.024,1.004,0.004,0.006,-0.002,0.000,0.000,0.000,0.000,0,NULL,NULL,,1,0,3,7,255,,250,0,0
stim,5695,5695,0,3276666.816,0.572,-0.039,-0.108,-0.812,85,72,79,67,18,0,41,43,0,0.000,0,0,0.085,0.002,0.080,0.020,-0.020,0.003,0.025,1.002,0.002,0.000,-0.002,0.000,0.000,0.000,0.000,0,NULL,NULL,,1,0,3,7,255,,250,0,0
stim,5717,5717,0,3276671.816,0.572,-0.039,-0.108,-0.812,53,69,77,37,39,0,67,17,0,0.000,0,0,0.115,0.006,0.080,0.080,-0.020,0.003,0.026,1.002,0.002,-0.006,-0.002,0.000,0.000,0.000,0.000,0,NULL,NULL,,1,0,3,7,255,,250,0,0
stim,5717,5717,0,3276676.816,0.572,-0.039,-0.108,-0.812,83,91,58,69,20,0,39,43,0,0.000,0,0,0.098,0.008,0.080,-0.040,0.040,0.003,0.026,1.001,-0.006,-0.006,-0.004,0.000,0.000,0.000,0.000,0,NULL,NULL,,1,0,3,7,255,,250,0,0
stim,5717,5717,0,3276681.817,0.572,-0.039,-0.108,-0.812,57,71,57,37,39,0,62,14,0,0.000,0,0,0.028,0.008,0.000,0.020,-0.020,0.003,0.025,1.003,-0.006,-0.006,-0.002,0.000,0.000,0.000,0.000,0,NULL,NULL,,1,0,3,7,255,,250,0,0
stim,5717,5717,0,3276686.816,0.572,-0.039,-0.108,-0.812,82,91,55,68,13,0,37,41,0,0.000,0,0,0.082,0.006,0.000,0.020,-0.080,0.003,0.025,1.004,-0.002,-0.006,0.002,0.000,0.000,0.000,0.000,0,NULL,NULL,,1,0,3,7,255,,250,0,0
stim,5717,5717,0,3276691.816,0.572,-0.039,-0.108,-0.812,51,61,82,59,21,0,46,43,0,0.000,0,0,0.139,0.002,0.080,0.080,-0.080,0.003,0.024,1.004,0.002,0.000,0.012,0.000,0.000,0.000,0.000,0,NULL,NULL,,1,0,3,7,255,,250,0,0
stim,5717,5717,0,3276696.816,0.572,-0.039,-0.108,-0.812,82,92,54,45,36,0,39,25,0,0.000,0,0,0.085,0.002,0.080,0.020,-0.020,0.004,0.026,1.003,-0.002,0.000,0.012,0.000,0.000,0.000,0.000,0,NULL,NULL,,1,0,3,7,255,,250,0,0
stim,5749,5749,0,3276701.816,0.572,-0.039,-0.108,-0.812,51,62,83,43,19,0,63,43,0,0.000,0,0,0.045,0.010,0.000,-0.040,-0.020,0.003,0.026,1.002,-0.010,0.000,0.006,0.000,0.000,0.000,0.000,0,NULL,NULL,,1,0,3,7,255,,250,0,0
stim,5749,5749,0,3276706.816,0.572,-0.039,-0.108,-0.812,82,91,51,62,29,0,35,22,0,0.000,0,0,0.028,0.010,0.000,0.020,-0.020,0.003,0.024,1.001,-0.010,0.000,-0.008,0.000,0.000,0.000,0.000,0,NULL,NULL,,1,0,3,7,255,,250,0,0
stim,5749,5749,0,3276711.816,0.572,-0.039,-0.108,-0.812,76,88,53,41,37,0,57,12,0,0.000,0,0,0.115,0.007,0.080,0.020,-0.080,0.003,0.026,1.003,-0.006,-0.004,-0.008,0.000,0.000,0.000,0.000,0,NULL,NULL,,1,0,3,7,255,,250,0,0
stim,5749,5749,0,3276716.816,0.572,-0.039,-0.108,-0.812,51,68,83,38,19,0,62,35,0,0.000,0,0,0.120,0.004,0.080,-0.040,-0.080,0.005,0.025,1.003,-0.004,0.002,0.006,0.000,0.000,0.000,0.000,0,NULL,NULL,,1,0,3,7,255,,250,0,0
stim,5749,5749,0,3276721.816,0.572,-0.039,-0.108,-0.812,81,90,51,63,16,0,33,23,0,0.000,0,0,0.115,0.004,0.080,0.020,-0.080,0.003,0.024,1.004,-0.004,0.002,0.006,0.000,0.000,0.000,0.000,0,NULL,NULL,,1,0,3,7,255,,250,0,0
stim,5749,5749,0,3276726.816,0.572,-0.039,-0.108,-0.812,55,61,85,45,23,0,69,45,0,0.000,0,0,0.092,0.008,0.080,-0.040,-0.020,0.004,0.025,1.002,-0.002,0.008,0.006,0.000,0.000,0.000,0.000,0,NULL,NULL,,1,0,3,7,255,,250,0,0
stim,5782,5782,0,3276731.816,0.572,-0.039,-0.108,-0.812,53,63,79,44,17,0,59,43,0,0.000,0,0,0.115,0.003,0.080,0.020,-0.080,0.003,0.025,1.001,-0.002,0.002,-0.004,0.000,0.000,0.000,0.000,0,NULL,NULL,,1,0,3,7,255,,250,0,0
stim,5782,5782,0,3276736.818,0.572,-0.039,-0.108,-0.812,47,62,79,37,17,0,61,31,0,0.000,0,0,0.085,0.002,0.080,0.020,-0.020,0.003,0.024,1.003,-0.002,0.000,-0.004,0.000,0.000,0.000,0.000,0,NULL,NULL,,1,0,3,7,255,,250,0,0
stim,5792,5792,0,3276741.816,0.572,-0.039,-0.108,-0.812,81,69,84,69,20,0,45,43,0,0.000,0,0,0.085,0.002,0.080,0.020,-0.020,0.004,0.025,1.002,-0.002,0.000,-0.002,0.000,0.000,0.000,0.000,0,NULL,NULL,,1,0,3,7,255,,250,0,0
stim,5792,5792,0,3276746.816,0.572,-0.039,-0.108,-0.812,52,70,77,38,41,1,68,16,0,0.000,0,0,0.115,0.006,0.080,0.020,-0.080,0.003,0.024,1.003,0.006,0.000,0.002,0.000,0.000,0.000,0.000,0,NULL,NULL,,1,0,3,7,255,,250,0,0
stim,5792,5792,0,3276751.816,0.572,-0.039,-0.108,-0.812,56,89,77,39,39,0,67,17,0,0.000,0,0,0.115,0.002,0.080,0.020,-0.080,0.003,0.025,1.003,-0.002,0.000,0.002,0.000,0.000,0.000,0.000,0,NULL,NULL,,1,0,3,7,255,,250,0,0
stim,5792,5792,0,3276756.816,0.572,-0.039,-0.108,-0.812,83,91,55,69,36,0,40,23,0,0.000,0,0,0.115,0.003,0.080,0.020,-0.080,0.003,0.025,1.002,-0.002,-0.002,0.002,0.000,0.000,0.000,0.000,0,NULL,NULL,,1,0,3,7,255,,250,0,0
stim,5792,5792,0,3276761.816,0.572,-0.039,-0.108,-0.812,53,61,83,61,18,0,45,44,0,0.000,0,0,0.085,0.003,0.080,0.020,-0.020,0.004,0.025,1.002,-0.002,-0.002,-0.002,0.000,0.000,0.000,0.000,0,NULL,NULL,,1,0,3,7,255,,250,0,0
stim,5792,5792,0,3276766.816,0.572,-0.039,-0.108,-0.812,82,92,51,61,31,0,35,18,0,0.000,0,0,0.085,0.004,0.080,0.020,-0.020,0.004,0.025,1.004,-0.004,0.002,-0.002,0.000,0.000,0.000,0.000,0,NULL,NULL,,1,0,3,7,255,,250,0,0
stim,5807,5807,0,3276771.816,0.572,-0.039,-0.108,-0.812,77,89,52,58,39,0,40,16,0,0.000,0,0,0.028,0.004,0.000,0.020,-0.020,0.002,0.024,1.005,-0.004,0.002,0.012,0.000,0.000,0.000,0.000,0,NULL,NULL,,1,0,3,7,255,,250,0,0
stim,5807,5807,0,3276776.817,0.572,-0.039,-0.108,-0.812,84,88,59,67,20,0,40,45,0,0.000,0,0,0.028,0.009,0.000,0.020,-0.020,0.003,0.024,1.003,0.008,-0.004,0.012,0.000,0.000,0.000,0.000,0,NULL,NULL,,1,0,3,7,255,,250,0,0
stim,5807,5807,0,3276781.818,0.572,-0.039,-0.108,-0.812,53,61,83,61,21,0,69,43,0,0.000,0,0,0.092,0.009,0.080,-0.040,-0.020,0.003,0.026,1.002,0.008,-0.004,0.002,0.000,0.000,0.000,0.000,0,NULL,NULL,,1,0,3,7,255,,250,0,0
stim,5807,5807,0,3276786.816,0.572,-0.039,-0.108,-0.812,55,63,85,63,22,0,69,44,0,0.000,0,0,0.143,0.006,0.140,0.020,-0.020,0.003,0.025,1.001,-0.004,-0.004,-0.004,0.000,0.000,0.000,0.000,0,NULL,NULL,,1,0,3,7,255,,250,0,0
stim,5823,5823,0,3276791.816,0.572,-0.039,-0.108,-0.812,81,91,51,67,35,0,38,23,0,0.000,0,0,0.028,0.007,0.000,0.020,-0.020,0.003,0.026,1.002,-0.006,-0.004,-0.008,0.000,0.000,0.000,0.000,0,NULL,NULL,,1,0,3,7,255,,250,0,0
stim,5823,5823,0,3276796.816,0.572,-0.039,-0.108,-0.812,75,88,53,35,36,0,39,12,0,0.000,0,0,0.115,0.004,0.080,0.020,-0.080,0.003,0.025,1.003,-0.004,-0.002,-0.008,0.000,0.000,0.000,0.000,0,NULL,NULL,,1,0,3,7,255,,250,0,0
stim,5839,5839,0,3276801.816,0.572,-0.039,-0.108,-0.812,77,69,57,68,17,0,39,43,0,0.000,0,0,0.115,0.004,0.080,0.020,-0.080,0.003,0.024,1.003,0.002,-0.004,0.002,0.000,0.000,0.000,0.000,0,NULL,NULL,,1,0,3,7,255,,250,0,0
stim,5839,5839,0,3276806.816,0.572,-0.039,-0.108,-0.812,81,91,54,47,36,0,41,24,0,0.000,0,0,0.085,0.002,0.080,0.020,-0.020,0.003,0.025,1.002,0.002,0.000,0.002,0.000,0.000,0.000,0.000,0,NULL,NULL,,1,0,3,7,255,,250,0,0
stim,5839,5839,0,3276811.816,0.572,-0.039,-0.108,-0.812,72,61,51,63,13,0,36,41,0,0.000,0,0,0.085,0.002,0.080,0.020,-0.020,0.004,0.024,1.001,0.002,0.000,-0.004,0.000,0.000,0.000,0.000,0,NULL,NULL,,1,0,3,7,255,,250,0,0
stim,5839,5839,0,3276816.816,0.572,-0.039,-0.108,-0.812,81,91,58,68,20,0,41,41,0,0.000,0,0,0.092,0.002,0.080,-0.040,-0.020,0.003,0.026,1.001,0.002,0.000,-0.012,0.000,0.000,0.000,0.000,0,NULL,NULL,,1,0,3,7,255,,250,0,0
stim,5887,5887,0,3276821.816,0.572,-0.039,-0.108,-0.812,73,82,77,69,16,0,35,41,0,0.000,0,0,0.085,0.008,0.080,0.020,-0.020,0.002,0.025,1.002,0.000,-0.008,-0.012,0.000,0.000,0.000,0.000,0,NULL,NULL,,1,0,3,7,255,,250,0,0
stim,5887,5887,0,3276826.816,0.572,-0.039,-0.108,-0.812,82,89,55,67,12,0,36,42,0,0.000,0,0,0.115,0.008,0.080,0.020,-0.080,0.004,0.025,1.003,0.000,-0.008,-0.002,0.000,0.000,0.000,0.000,0,NULL,NULL,,1,0,3,7,255,,250,0,0
stim,5887,5887,0,3276831.816,0.572,-0.039,-0.108,-0.812,57,89,75,38,36,0,62,17,0,0.000,0,0,0.085,0.004,0.080,0.020,-0.020,0.004,0.025,1.002,0.000,0.004,-0.002,0.000,0.000,0.000,0.000,0,NULL,NULL,,1,0,3,7,255,,250,0,0
stim,5887,5887,0,3276836.818,0.572,-0.039,-0.108,-0.812,58,91,55,38,40,0,57,16,0,0.000,0,0,0.085,0.008,0.080,0.020,-0.020,0.004,0.025,1.003,-0.002,0.008,0.006,0.000,0.000,0.000,0.000,0,NULL,NULL,,1,0,3,7,255,,250,0,0
stim,5887,5887,0,3276841.816,0.572,-0.039,-0.108,-0.812,83,87,57,69,12,0,36,43,0,0.000,0,0,0.115,0.008,0.080,0.020,-0.080,0.004,0.025,1.002,-0.002,0.008,-0.002,0.000,0.000,0.000,0.000,0,NULL,NULL,,1,0,3,7,255,,250,0,0
stim,5887,5887,0,3276846.816,0.572,-0.039,-0.108,-0.812,83,89,59,69,17,0,39,41,0,0.000,0,0,0.143,0.004,0.140,0.020,-0.020,0.003,0.025,1.003,0.000,0.004,0.002,0.000,0.000,0.000,0.000,0,NULL,NULL,,1,0,3,7,255,,250,0,0
stim,5903,5903,0,3276851.816,0.572,-0.039,-0.108,-0.812,51,61,83,43,22,0,69,43,0,0.000,0,0,0.085,0.004,0.080,0.020,-0.020,0.004,0.025,1.003,0.000,0.004,0.002,0.000,0.000,0.000,0.000,0,NULL,NULL,,1,0,3,7,255,,250,0,0
stim,5903,5903,0,3276856.816,0.572,-0.039,-0.108,-0.812,47,63,77,39,37,0,63,19,0,0.000,0,0,0.085,0.000,0.080,0.020,-0.020,0.003,0.025,1.002,0.000,0.000,0.002,0.000,0.000,0.000,0.000,0,NULL,NULL,,1,0,3,7,255,,250,0,0
stim,5903,5903,0,3276861.816,0.572,-0.039,-0.108,-0.812,53,62,83,61,19,0,46,43,0,0.000,0,0,0.085,0.004,0.080,0.020,-0.020,0.004,0.025,1.003,0.000,0.004,0.002,0.000,0.000,0.000,0.000,0,NULL,NULL,,1,0,3,7,255,,250,0,0
stim,5903,5903,0,3276866.816,0.572,-0.039,-0.108,-0.812,75,63,84,69,16,0,68,41,0,0.000,0,0,0.115,0.004,0.080,0.020,-0.080,0.003,0.026,1.003,-0.002,-0.004,0.002,0.000,0.000,0.000,0.000,0,NULL,NULL,,1,0,3,7,255,,250,0,0
stim,5903,5903,0,3276871.816,0.572,-0.039,-0.108,-0.812,77,89,53,41,39,1,40,13,0,0.000,0,0,0.028,0.004,0.000,0.020,-0.020,0.004,0.025,1.002,-0.004,0.002,0.002,0.000,0.000,0.000,0.000,0,NULL,NULL,,1,0,3,7,255,,250,0,0
stim,5903,5903,0,3276876.817,0.572,-0.039,-0.108,-0.812,82,93,53,67,17,0,38,41,0,0.000,0,0,0.028,0.004,0.000,0.020,-0.020,0.003,0.025,1.003,-0.004,0.000,0.002,0.000,0.000,0.000,0.000,0,NULL,NULL,,1,0,3,7,255,,250,0,0
stim,5919,5919,0,3276881.816,0.572,-0.039,-0.108,-0.812,55,63,83,45,20,0,63,45,0,0.000,0,0,0.085,0.002,0.080,0.020,-0.020,0.003,0.024,1.004,0.002,0.000,0.002,0.000,0.000,0.000,0.000,0,NULL,NULL,,1,0,3,7,255,,250,0,0
stim,5919,5919,0,3276886.816,0.572,-0.039,-0.108,-0.812,84,91,58,68,19,0,39,43,0,0.000,0,0,0.085,0.006,0.080,0.020,-0.020,0.003,0.024,1.004,0.006,0.000,0.012,0.000,0.000,0.000,0.000,0,NULL,NULL,,1,0,3,7,255,,250,0,0
stim,5919,5919,0,3276891.816,0.572,-0.039,-0.108,-0.812,83,87,74,63,13,0,37,41,0,0.000,0,0,0.143,0.006,0.140,0.020,-0.020,0.004,0.025,1.002,0.006,0.000,0.012,0.000,0.000,0.000,0.000,0,NULL,NULL,,1,0,3,7,255,,250,0,0
stim,5919,5919,0,3276896.816,0.572,-0.039,-0.108,-0.812,75,63,83,71,19,0,47,44,0,0.000,0,0,0.085,0.000,0.080,0.020,-0.020,0.003,0.025,1.001,0.000,0.000,-0.004,0.000,0.000,0.000,0.000,0,NULL,NULL,,1,0,3,7,255,,250,0,0
stim,5935,5935,0,3276901.816,0.572,-0.039,-0.108,-0.812,74,61,73,69,14,0,39,43,0,0.000,0,0,0.143,0.000,0.140,0.020,-0.020,0.003,0.025,1.002,0.000,0.000,-0.004,0.000,0.000,0.000,0.000,0,NULL,NULL,,1,0,3,7,255,,250,0,0
stim,5935,5935,0,3276906.816,0.572,-0.039,-0.108,-0.812,83,89,77,69,17,0,38,43,0,0.000,0,0,0.082,0.003,0.000,0.020,-0.080,0.003,0.024,1.004,0.002,-0.002,-0.002,0.000,0.000,0.000,0.000,0,NULL,NULL,,1,0,3,7,255,,250,0,0
stim,5951,5951,0,3276911.816,0.572,-0.039,-0.108,-0.812,57,89,58,37,37,0,63,17,0,0.000,0,0,0.115,0.004,0.080,0.080,-0.020,0.002,0.025,1.004,0.004,-0.002,0.012,0.000,0.000,0.000,0.000,0,NULL,NULL,,1,0,3,7,255,,250,0,0
stim,5951,5951,0,3276916.816,0.572,-0.039,-0.108,-0.812,47,68,77,39,37,0,62,17,0,0.000,0,0,0.085,0.004,0.080,0.020,-0.020,0.004,0.024,1.003,0.004,-0.002,0.012,0.000,0.000,0.000,0.000,0,NULL,NULL,,1,0,3,7,255,,250,0,0
stim,5983,5983,0,3276921.816,0.572,-0.039,-0.108,-0.812,57,71,79,37,38,0,68,13,0,0.000,0,0,0.085,0.007,0.080,0.020,-0.020,0.005,0.025,1.002,0.004,0.006,0.006,0.000,0.000,0.000,0.000,0,NULL,NULL,,1,0,3,7,255,,250,0,0
stim,5983,5983,0,3276926.816,0.572,-0.039,-0.108,-0.812,50,69,77,39,37,0,63,16,0,0.000,0,0,0.115,0.006,0.080,0.020,-0.080,0.004,0.025,1.001,0.000,0.006,-0.004,0.000,0.000,0.000,0.000,0,NULL,NULL,,1,0,3,7,255,,250,0,0
stim,5983,5983,0,3276931.816,0.572,-0.039,-0.108,-0.812,50,67,75,39,39,0,52,17,0,0.000,0,0,0.085,0.004,0.080,0.020,-0.020,0.003,0.025,1.003,0.000,0.004,-0.004,0.000,0.000,0.000,0.000,0,NULL,NULL,,1,0,3,7,255,,250,0,0
stim,5983,5983,0,3276936.818,0.572,-0.039,-0.108,-0.812,52,79,84,57,39,0,69,39,0,0.000,0,0,0.028,0.006,0.000,0.020,-0.020,0.003,0.025,1.002,0.000,-0.006,-0.004,0.000,0.000,0.000,0.000,0,NULL,NULL,,1,0,3,7,255,,250,0,0
stim,5983,5983,0,3276941.816,0.572,-0.039,-0.108,-0.812,84,89,55,69,17,0,39,25,0,0.000,0,0,0.045,0.007,0.000,0.020,0.040,0.004,0.024,1.003,0.004,-0.006,0.006,0.000,0.000,0.000,0.000,0,NULL,NULL,,1,0,3,7,255,,250,0,0
stim,5984,5984,0,3276946.816,0.572,-0.039,-0.108,-0.812,71,60,83,60,22,0,68,43,0,0.000,0,0,0.085,0.006,0.080,0.020,-0.020,0.004,0.024,1.003,0.004,0.004,0.002,0.000,0.000,0.000,0.000,0,NULL,NULL,,1,0,3,7,255,,250,0,0
stim,5984,5984,0,3276951.816,0.572,-0.039,-0.108,-0.812,51,87,57,39,37,0,63,13,0,0.000,0,0,0.082,0.006,0.000,0.020,-0.080,0.003,0.026,1.002,0.004,0.004,0.002,0.000,0.000,0.000,0.000,0,NULL,NULL,,1,0,3,7,255,,250,0,0
stim,5999,5999,0,3276956.816,0.572,-0.039,-0.108,-0.812,45,84,77,37,37,0,67,13,0,0.000,0,0,0.085,0.006,0.080,0.020,-0.020,0.002,0.025,1.001,0.004,-0.004,-0.002,0.000,0.000,0.000,0.000,0,NULL,NULL,,1,0,3,7,255,,250,0,0
stim,5999,5999,0,3276961.816,0.572,-0.039,-0.108,-0.812,57,90,53,41,37,0,39,13,0,0.000,0,0,0.082,0.007,0.000,0.020,-0.080,0.003,0.025,1.004,0.004,-0.006,-0.002,0.000,0.000,0.000,0.000,0,NULL,NULL,,1,0,3,7,255,,250,0,0
stim,5999,5999,0,3276966.816,0.572,-0.039,-0.108,-0.812,75,89,52,37,35,0,54,10,0,0.000,0,0,0.115,0.007,0.080,0.020,-0.080,0.004,0.025,1.004,0.004,-0.006,0.012,0.000,0.000,0.000,0.000,0,NULL,NULL,,1,0,3,7,255,,250,0,0
stim,5999,5999,0,3276971.816,0.572,-0.039,-0.108,-0.812,84,93,53,45,33,0,39,24,0,0.000,0,0,0.085,0.006,0.080,0.020,-0.020,0.003,0.025,1.003,0.002,-0.006,0.012,0.000,0.000,0.000,0.000,0,NULL,NULL,,1,0,3,7,255,,250,0,0
stim,6000,6000,0,3276976.818,0.572,-0.039,-0.108,-0.812,51,85,77,39,35,0,63,17,0,0.000,0,0,0.085,0.003,0.080,0.020,-0.020,0.003,0.024,1.003,0.002,0.002,0.006,0.000,0.000,0.000,0.000,0,NULL,NULL,,1,0,3,7,255,,250,0,0
stim,6000,6000,0,3276981.816,0.572,-0.039,-0.108,-0.812,59,90,79,41,42,2,69,19,0,0.000,0,0,0.115,0.003,0.080,0.020,-0.080,0.004,0.026,1.001,0.002,0.002,0.002,0.000,0.000,0.000,0.000,0,NULL,NULL,,1,0,3,7,255,,250,0,0
stim,6015,6015,0,3276986.816,0.572,-0.039,-0.108,-0.812,81,91,53,67,36,0,39,22,0,0.000,0,0,0.092,0.006,0.080,-0.040,-0.020,0.003,0.024,1.003,0.006,0.002,0.002,0.000,0.000,0.000,0.000,0,NULL,NULL,,1,0,3,7,255,,250,0,0
stim,6015,6015,0,3276991.816,0.572,-0.039,-0.108,-0.812,57,89,53,39,39,0,59,13,0,0.000,0,0,0.085,0.004,0.080,0.020,-0.020,0.004,0.024,1.005,0.002,0.004,0.002,0.000,0.000,0.000,0.000,0,NULL,NULL,,1,0,3,7,255,,250,0,0
stim,6031,6031,0,3276996.816,0.572,-0.039,-0.108,-0.812,74,61,57,69,14,0,37,41,0,0.000,0,0,0.028,0.002,0.000,0.020,-0.020,0.003,0.025,1.003,0.002,0.000,0.002,0.000,0.000,0.000,0.000,0,NULL,NULL,,1,0,3,7,255,,250,0,0
stim,6031,6031,0,3277001.816,0.572,-0.039,-0.108,-0.812,57,91,55,38,41,0,58,16,0,0.000,0,0,0.085,0.003,0.080,0.020,-0.020,0.003,0.024,1.003,0.002,-0.002,0.002,0.000,0.000,0.000,0.000,0,NULL,NULL,,1,0,3,7,255,,250,0,0
stim,6031,6031,0,3277006.816,0.572,-0.039,-0.108,-0.812,76,67,57,67,21,0,31,43,0,0.000,0,0,0.098,0.004,0.080,-0.040,0.040,0.003,0.025,1.001,-0.002,-0.004,0.002,0.000,0.000,0.000,0.000,0,NULL,NULL,,1,0,3,7,255,,250,0,0
stim,6031,6031,0,3277011.816,0.572,-0.039,-0.108,-0.812,83,88,78,69,19,0,40,43,0,0.000,0,0,0.120,0.004,0.080,-0.040,-0.080,0.004,0.025,1.002,0.000,-0.004,-0.004,0.000,0.000,0.000,0.000,0,NULL,NULL,,1,0,3,7,255,,250,0,0
stim,6048,6048,0,3277016.817,0.572,-0.039,-0.108,-0.812,55,61,81,61,12,0,44,43,0,0.000,0,0,0.092,0.004,0.080,0.020,0.040,0.004,0.026,1.003,-0.002,0.004,-0.004,0.000,0.000,0.000,0.000,0,NULL,NULL,,1,0,3,7,255,,250,0,0
stim,6048,6048,0,3277021.816,0.572,-0.039,-0.108,-0.812,51,61,83,55,37,0,69,35,0,0.000,0,0,0.085,0.011,0.080,0.020,-0.020,0.005,0.026,1.003,-0.010,0.004,0.002,0.000,0.000,0.000,0.000,0,NULL,NULL,,1,0,3,7,255,,250,0,0
stim,6084,6084,0,3277026.816,0.572,-0.039,-0.108,-0.812,52,61,83,43,19,0,64,43,0,0.000,0,0,0.082,0.011,0.000,0.020,-0.080,0.003,0.025,1.002,-0.010,0.004,0.002,0.000,0.000,0.000,0.000,0,NULL,NULL,,1,0,3,7,255,,250,0,0
stim,6084,6084,0,3277031.816,0.572,-0.039,-0.108,-0.812,58,91,55,38,39,0,57,17,0,0.000,0,0,0.115,0.004,0.080,0.080,-0.020,0.004,0.024,1.001,0.002,0.004,-0.004,0.000,0.000,0.000,0.000,0,NULL,NULL,,1,0,3,7,255,,250,0,0
stim,6085,6085,0,3277036.816,0.572,-0.039,-0.108,-0.812,75,61,55,71,18,0,43,43,0,0.000,0,0,0.085,0.003,0.080,0.020,-0.020,0.004,0.025,1.001,0.002,0.002,-0.012,0.000,0.000,0.000,0.000,0,NULL,NULL,,1,0,3,7,255,,250,0,0
stim,6085,6085,0,3277041.816,0.572,-0.039,-0.108,-0.812,55,61,86,62,24,0,71,45,0,0.000,0,0,0.085,0.004,0.080,0.020,-0.020,0.003,0.024,1.003,0.004,0.002,-0.012,0.000,0.000,0.000,0.000,0,NULL,NULL,,1,0,3,7,255,,250,0,0
stim,6085,6085,0,3277046.817,0.572,-0.039,-0.108,-0.812,76,89,57,38,39,1,61,16,0,0.000,0,0,0.115,0.002,0.080,0.020,-0.080,0.003,0.025,1.003,0.002,0.000,0.002,0.000,0.000,0.000,0.000,0,NULL,NULL,,1,0,3,7,255,,250,0,0
stim,6085,6085,0,3277051.816,0.572,-0.039,-0.108,-0.812,83,72,83,69,16,0,45,45,0,0.000,0,0,0.085,0.002,0.080,0.020,-0.020,0.004,0.026,1.003,0.002,0.000,0.002,0.000,0.000,0.000,0.000,0,NULL,NULL,,1,0,3,7,255,,250,0,0
stim,6101,6101,0,3277056.816,0.572,-0.039,-0.108,-0.812,77,89,53,40,36,0,38,13,0,0.000,0,0,0.085,0.002,0.080,0.020,-0.020,0.004,0.024,1.002,0.002,0.000,0.002,0.000,0.000,0.000,0.000,0,NULL,NULL,,1,0,3,7,255,,250,0,0
stim,6101,6101,0,3277061.816,0.572,-0.039,-0.108,-0.812,51,85,57,39,41,0,63,14,0,0.000,0,0,0.115,0.002,0.080,0.020,-0.080,0.004,0.025,1.003,0.000,0.002,0.002,0.000,0.000,0.000,0.000,0,NULL,NULL,,1,0,3,7,255,,250,0,0
stim,6101,6101,0,3277066.816,0.572,-0.039,-0.108,-0.812,53,61,76,45,23,0,72,44,0,0.000,0,0,0.085,0.002,0.080,0.020,-0.020,0.003,0.025,1.001,0.000,0.002,-0.008,0.000,0.000,0.000,0.000,0,NULL,NULL,,1,0,3,7,255,,250,0,0
stim,6101,6101,0,3277071.816,0.572,-0.039,-0.108,-0.812,53,87,59,39,41,1,68,18,0,0.000,0,0,0.085,0.002,0.080,0.020,-0.020,0.003,0.025,1.003,0.000,-0.002,0.002,0.000,0.000,0.000,0.000,0,NULL,NULL,,1,0,3,7,255,,250,0,0
stim,6117,6117,0,3277076.817,0.572,-0.039,-0.108,-0.812,72,61,57,68,19,0,39,42,0,0.000,0,0,0.115,0.003,0.080,0.020,-0.080,0.003,0.024,1.004,0.002,-0.002,0.002,0.000,0.000,0.000,0.000,0,NULL,NULL,,1,0,3,7,255,,250,0,0
stim,6117,6117,0,3277081.816,0.572,-0.039,-0.108,-0.812,55,63,85,45,41,1,69,45,0,0.000,0,0,0.092,0.003,0.080,-0.040,-0.020,0.003,0.025,1.002,0.002,-0.002,0.002,0.000,0.000,0.000,0.000,0,NULL,NULL,,1,0,3,7,255,,250,0,0
stim,6117,6117,0,3277086.816,0.572,-0.039,-0.108,-0.812,47,63,81,39,17,0,61,31,0,0.000,0,0,0.085,0.004,0.080,0.020,-0.020,0.004,0.024,1.002,0.004,-0.002,-0.004,0.000,0.000,0.000,0.000,0,NULL,NULL,,1,0,3,7,255,,250,0,0
stim,6117,6117,0,3277091.816,0.572,-0.039,-0.108,-0.812,75,67,83,70,13,0,43,44,0,0.000,0,0,0.115,0.003,0.080,0.080,-0.020,0.003,0.025,1.002,0.002,-0.002,-0.004,0.000,0.000,0.000,0.000,0,NULL,NULL,,1,0,3,7,255,,250,0,0
stim,6127,6127,0,3277096.816,0.572,-0.039,-0.108,-0.812,73,61,55,68,20,0,40,43,0,0.000,0,0,0.085,0.006,0.080,0.020,-0.020,0.003,0.025,1.003,0.002,-0.006,-0.004,0.000,0.000,0.000,0.000,0,NULL,NULL,,1,0,3,7,255,,250,0,0
stim,6127,6127,0,3277101.816,0.572,-0.039,-0.108,-0.812,85,93,53,62,21,0,41,25,0,0.000,0,0,0.028,0.006,0.000,0.020,-0.020,0.003,0.025,1.003,0.002,-0.006,0.002,0.000,0.000,0.000,0.000,0,NULL,NULL,,1,0,3,7,255,,250,0,0
stim,6144,6144,0,3277106.816,0.572,-0.039,-0.108,-0.812,77,89,53,41,37,0,39,13,0,0.000,0,0,0.115,0.003,0.080,0.020,-0.080,0.004,0.023,1.004,0.002,-0.002,0.006,0.000,0.000,0.000,0.000,0,NULL,NULL,,1,0,3,7,255,,250,0,0
stim,6144,6144,0,3277111.816,0.572,-0.039,-0.108,-0.812,84,91,51,63,25,0,36,22,0,0.000,0,0,0.028,0.002,0.000,0.020,-0.020,0.004,0.025,1.003,0.000,0.002,0.006,0.000,0.000,0.000,0.000,0,NULL,NULL,,1,0,3,7,255,,250,0,0
stim,6144,6144,0,3277116.816,0.572,-0.039,-0.108,-0.812,77,89,53,41,39,1,57,12,0,0.000,0,0,0.115,0.002,0.080,0.080,-0.020,0.003,0.025,1.001,0.000,0.002,0.002,0.000,0.000,0.000,0.000,0,NULL,NULL,,1,0,3,7,255,,250,0,0
stim,6144,6144,0,3277121.816,0.572,-0.039,-0.108,-0.812,78,90,55,43,37,0,39,17,0,0.000,0,0,0.115,0.008,0.080,0.020,-0.080,0.003,0.026,1.002,-0.002,-0.008,-0.002,0.000,0.000,0.000,0.000,0,NULL,NULL,,1,0,3,7,255,,250,0,0
stim,6182,6182,0,3277126.816,0.572,-0.039,-0.108,-0.812,51,68,76,39,41,0,59,38,0,0.000,0,0,0.115,0.009,0.080,0.020,-0.080,0.003,0.025,1.003,-0.004,-0.008,-0.002,0.000,0.000,0.000,0.000,0,NULL,NULL,,1,0,3,7,255,,250,0,0
stim,6182,6182,0,3277131.816,0.572,-0.039,-0.108,-0.812,78,71,83,69,16,0,45,45,0,0.000,0,0,0.143,0.006,0.140,0.020,-0.020,0.003,0.025,1.004,-0.004,-0.004,0.002,0.000,0.000,0.000,0.000,0,NULL,NULL,,1,0,3,7,255,,250,0,0
stim,6182,6182,0,3277136.818,0.572,-0.039,-0.108,-0.812,47,68,83,40,19,0,68,35,0,0.000,0,0,0.147,0.006,0.140,0.020,0.040,0.003,0.025,1.003,-0.004,-0.004,0.006,0.000,0.000,0.000,0.000,0,NULL,NULL,,1,0,3,7,255,,250,0,0
stim,6182,6182,0,3277141.816,0.572,-0.039,-0.108,-0.812,75,63,61,70,16,0,45,43,0,0.000,0,0,0.085,0.006,0.080,0.020,-0.020,0.003,0.025,1.002,-0.002,-0.006,0.006,0.000,0.000,0.000,0.000,0,NULL,NULL,,1,0,3,7,255,,250,0,0
stim,6182,6182,0,3277146.816,0.572,-0.039,-0.108,-0.812,73,62,55,67,11,0,36,39,0,0.000,0,0,0.085,0.006,0.080,0.020,-0.020,0.003,0.025,1.002,0.002,-0.006,-0.004,0.000,0.000,0.000,0.000,0,NULL,NULL,,1,0,3,7,255,,250,0,0
stim,6182,6182,0,3277151.816,0.572,-0.039,-0.108,-0.812,51,68,83,39,38,0,67,19,0,0.000,0,0,0.028,0.006,0.000,0.020,-0.020,0.003,0.024,1.003,0.002,-0.006,-0.004,0.000,0.000,0.000,0.000,0,NULL,NULL,,1,0,3,7,255,,250,0,0
stim,6207,6207,0,3277156.816,0.572,-0.039,-0.108,-0.812,77,89,53,41,35,0,55,11,0,0.000,0,0,0.092,0.004,0.080,-0.040,-0.020,0.003,0.025,1.003,0.002,-0.004,0.002,0.000,0.000,0.000,0.000,0,NULL,NULL,,1,0,3,7,255,,250,0,0
stim,6207,6207,0,3277161.816,0.572,-0.039,-0.108,-0.812,83,88,59,69,19,0,41,41,0,0.000,0,0,0.082,0.002,0.000,0.020,-0.080,0.004,0.025,1.003,0.000,-0.002,0.002,0.000,0.000,0.000,0.000,0,NULL,NULL,,1,0,3,7,255,,250,0,0
stim,6207,6207,0,3277166.816,0.572,-0.039,-0.108,-0.812,45,89,75,36,35,0,61,13,0,0.000,0,0,0.082,0.006,0.000,0.020,-0.080,0.004,0.026,1.003,-0.006,0.000,0.002,0.000,0.000,0.000,0.000,0,NULL,NULL,,1,0,3,7,255,,250,0,0
stim,6207,6207,0,3277171.816,0.572,-0.039,-0.108,-0.812,83,90,59,64,18,0,39,26,0,0.000,0,0,0.085,0.006,0.080,0.020,-0.020,0.002,0.024,1.002,-0.006,0.000,0.002,0.000,0.000,0.000,0.000,0,NULL,NULL,,1,0,3,7,255,,250,0,0
stim,6207,6207,0,3277176.818,0.572,-0.039,-0.108,-0.812,79,87,53,62,12,0,35,23,0,0.000,0,0,0.028,0.010,0.000,0.020,-0.020,0.004,0.026,1.002,-0.010,0.000,-0.004,0.000,0.000,0.000,0.000,0,NULL,NULL,,1,0,3,7,255,,250,0,0
stim,6207,6207,0,3277181.816,0.572,-0.039,-0.108,-0.812,51,69,77,38,43,0,62,16,0,0.000,0,0,0.085,0.002,0.080,0.020,-0.020,0.004,0.024,1.001,0.002,0.000,-0.008,0.000,0.000,0.000,0.000,0,NULL,NULL,,1,0,3,7,255,,250,0,0
stim,6224,6224,0,3277186.816,0.572,-0.039,-0.108,-0.812,51,63,79,39,29,0,68,17,0,0.000,0,0,0.120,0.004,0.080,-0.040,-0.080,0.003,0.025,1.002,-0.004,0.000,-0.008,0.000,0.000,0.000,0.000,0,NULL,NULL,,1,0,3,7,255,,250,0,0
stim,6224,6224,0,3277191.816,0.572,-0.039,-0.108,-0.812,56,63,52,37,31,0,57,13,0,0.000,0,0,0.085,0.004,0.080,0.020,-0.020,0.004,0.024,1.004,0.002,0.004,-0.002,0.000,0.000,0.000,0.000,0,NULL,NULL,,1,0,3,7,255,,250,0,0
stim,6224,6224,0,3277196.816,0.572,-0.039,-0.108,-0.812,77,89,53,59,30,0,37,17,0,0.000,0,0,0.085,0.006,0.080,0.020,-0.020,0.003,0.026,1.002,-0.004,-0.004,-0.002,0.000,0.000,0.000,0.000,0,NULL,NULL,,1,0,3,7,255,,250,0,0
stim,6239,6239,0,3277201.816,0.572,-0.039,-0.108,-0.812,77,91,47,43,30,0,35,7,0,0.000,0,0,0.085,0.004,0.080,0.020,-0.020,0.004,0.025,1.001,-0.002,0.004,-0.004,0.000,0.000,0.000,0.000,0,NULL,NULL,,1,0,3,7,255,,250,0,0
stim,6239,6239,0,3277206.816,0.572,-0.039,-0.108,-0.812,82,91,51,63,29,0,38,21,0,0.000,0,0,0.028,0.012,0.000,0.020,-0.020,0.003,0.026,1.002,-0.006,-0.010,-0.008,0.000,0.000,0.000,0.000,0,NULL,NULL,,1,0,3,7,255,,250,0,0
stim,6239,6239,0,3277211.816,0.572,-0.039,-0.108,-0.812,57,89,76,37,35,0,61,16,0,0.000,0,0,0.143,0.003,0.140,0.020,-0.020,0.003,0.025,1.003,-0.002,-0.002,-0.008,0.000,0.000,0.000,0.000,0,NULL,NULL,,1,0,3,7,255,,250,0,0
stim,6239,6239,0,3277216.816,0.572,-0.039,-0.108,-0.812,53,71,83,41,31,0,73,18,0,0.000,0,0,0.115,0.002,0.080,0.080,-0.020,0.003,0.025,1.003,0.000,-0.002,0.002,0.000,0.000,0.000,0.000,0,NULL,NULL,,1,0,3,7,255,,250,0,0
stim,6287,6287,0,3277221.816,0.572,-0.039,-0.108,-0.812,78,89,55,43,39,0,41,18,0,0.000,0,0,0.162,0.002,0.140,0.020,-0.080,0.003,0.024,1.002,0.000,-0.002,0.002,0.000,0.000,0.000,0.000,0,NULL,NULL,,1,0,3,7,255,,250,0,0
stim,6287,6287,0,3277226.816,0.572,-0.039,-0.108,-0.812,83,87,77,69,20,0,40,42,0,0.000,0,0,0.115,0.003,0.080,0.020,-0.080,0.003,0.025,1.002,0.002,-0.002,-0.004,0.000,0.000,0.000,0.000,0,NULL,NULL,,1,0,3,7,255,,250,0,0
stim,6287,6287,0,3277231.816,0.572,-0.039,-0.108,-0.812,51,86,47,37,37,0,55,11,0,0.000,0,0,0.089,0.006,0.000,-0.040,-0.080,0.003,0.025,1.001,0.002,-0.006,-0.008,0.000,0.000,0.000,0.000,0,NULL,NULL,,1,0,3,7,255,,250,0,0
stim,6287,6287,0,3277236.818,0.572,-0.039,-0.108,-0.812,82,91,52,61,30,0,39,21,0,0.000,0,0,0.085,0.006,0.080,0.020,-0.020,0.003,0.025,1.003,0.002,-0.006,-0.008,0.000,0.000,0.000,0.000,0,NULL,NULL,,1,0,3,7,255,,250,0,0
stim,6287,6287,0,3277241.816,0.572,-0.039,-0.108,-0.812,78,90,55,41,37,1,41,12,0,0.000,0,0,0.028,0.004,0.000,0.020,-0.020,0.003,0.025,1.004,-0.004,-0.002,0.002,0.000,0.000,0.000,0.000,0,NULL,NULL,,1,0,3,7,255,,250,0,0
stim,6287,6287,0,3277246.816,0.572,-0.039,-0.108,-0.812,51,69,84,39,37,0,61,19,0,0.000,0,0,0.028,0.004,0.000,0.020,-0.020,0.004,0.024,1.004,-0.004,-0.002,0.012,0.000,0.000,0.000,0.000,0,NULL,NULL,,1,0,3,7,255,,250,0,0
stim,6303,6303,0,3277251.816,0.572,-0.039,-0.108,-0.812,81,71,57,69,17,0,37,43,0,0.000,0,0,0.085,0.002,0.080,0.020,-0.020,0.003,0.025,1.003,0.000,-0.002,0.012,0.000,0.000,0.000,0.000,0,NULL,NULL,,1,0,3,7,255,,250,0,0
stim,6303,6303,0,3277256.816,0.572,-0.039,-0.108,-0.812,54,61,83,61,19,0,69,45,0,0.000,0,0,0.085,0.002,0.080,0.020,-0.020,0.004,0.026,1.002,0.000,-0.002,0.002,0.000,0.000,0.000,0.000,0,NULL,NULL,,1,0,3,7,255,,250,0,0
stim,6303,6303,0,3277261.816,0.572,-0.039,-0.108,-0.812,83,87,53,63,16,0,37,24,0,0.000,0,0,0.028,0.008,0.000,0.020,-0.020,0.003,0.026,1.003,-0.008,-0.002,0.002,0.000,0.000,0.000,0.000,0,NULL,NULL,,1,0,3,7,255,,250,0,0
stim,6303,6303,0,3277266.816,0.572,-0.039,-0.108,-0.812,51,61,84,39,40,1,71,36,0,0.000,0,0,0.085,0.009,0.080,0.020,-0.020,0.003,0.026,1.003,-0.008,-0.004,0.002,0.000,0.000,0.000,0.000,0,NULL,NULL,,1,0,3,7,255,,250,0,0
stim,6303,6303,0,3277271.816,0.572,-0.039,-0.108,-0.812,51,63,79,58,11,0,60,43,0,0.000,0,0,0.115,0.009,0.080,0.020,-0.080,0.003,0.026,1.003,-0.008,-0.004,0.002,0.000,0.000,0.000,0.000,0,NULL,NULL,,1,0,3,7,255,,250,0,0
stim,6303,6303,0,3277276.817,0.572,-0.039,-0.108,-0.812,83,93,55,68,20,0,41,43,0,0.000,0,0,0.115,0.009,0.080,0.020,-0.080,0.003,0.025,1.002,-0.008,-0.004,0.002,0.000,0.000,0.000,0.000,0,NULL,NULL,,1,0,3,7,255,,250,0,0
stim,6319,6319,0,3277281.816,0.572,-0.039,-0.108,-0.812,83,89,55,63,13,0,37,43,0,0.000,0,0,0.085,0.007,0.080,0.020,-0.020,0.003,0.026,1.002,-0.006,-0.004,-0.008,0.000,0.000,0.000,0.000,0,NULL,NULL,,1,0,3,7,255,,250,0,0
stim,6319,6319,0,3277286.816,0.572,-0.039,-0.108,-0.812,75,52,73,71,13,0,44,35,0,0.000,0,0,0.089,0.003,0.000,-0.040,-0.080,0.003,0.025,1.002,-0.002,-0.002,-0.008,0.000,0.000,0.000,0.000,0,NULL,NULL,,1,0,3,7,255,,250,0,0
stim,6319,6319,0,3277291.816,0.572,-0.039,-0.108,-0.812,79,69,81,69,9,0,61,43,0,0.000,0,0,0.115,0.004,0.080,0.020,-0.080,0.003,0.025,1.003,-0.002,-0.004,-0.002,0.000,0.000,0.000,0.000,0,NULL,NULL,,1,0,3,7,255,,250,0,0
stim,6319,6319,0,3277296.816,0.572,-0.039,-0.108,-0.812,81,69,83,69,21,0,47,45,0,0.000,0,0,0.085,0.002,0.080,0.020,-0.020,0.004,0.025,1.003,0.000,-0.002,0.002,0.000,0.000,0.000,0.000,0,NULL,NULL,,1,0,3,7,255,,250,0,0
stim,6335,6335,0,3277301.816,0.572,-0.039,-0.108,-0.812,77,89,53,42,40,0,40,17,0,0.000,0,0,0.085,0.000,0.080,0.020,-0.020,0.004,0.026,1.003,0.000,0.000,0.006,0.000,0.000,0.000,0.000,0,NULL,NULL,,1,0,3,7,255,,250,0,0
stim,6335,6335,0,3277306.816,0.572,-0.039,-0.108,-0.812,75,63,84,61,13,0,47,45,0,0.000,0,0,0.115,0.000,0.080,0.020,-0.080,0.003,0.025,1.002,0.000,0.000,0.002,0.000,0.000,0.000,0.000,0,NULL,NULL,,1,0,3,7,255,,250,0,0
stim,6351,6351,0,3277311.816,0.572,-0.039,-0.108,-0.812,53,61,77,69,13,0,39,43,0,0.000,0,0,0.115,0.006,0.080,0.020,-0.080,0.004,0.025,1.003,-0.006,0.000,0.002,0.000,0.000,0.000,0.000,0,NULL,NULL,,1,0,3,7,255,,250,0,0
stim,6351,6351,0,3277316.816,0.572,-0.039,-0.108,-0.812,83,92,55,67,21,0,39,41,0,0.000,0,0,0.147,0.002,0.140,-0.040,-0.020,0.003,0.024,1.002,0.002,0.000,-0.002,0.000,0.000,0.000,0.000,0,NULL,NULL,,1,0,3,7,255,,250,0,0
stim,6351,6351,0,3277321.816,0.572,-0.039,-0.108,-0.812,52,59,79,57,18,0,55,39,0,0.000,0,0,0.085,0.002,0.080,0.020,-0.020,0.003,0.025,1.003,0.002,0.000,0.002,0.000,0.000,0.000,0.000,0,NULL,NULL,,1,0,3,7,255,,250,0,0
stim,6351,6351,0,3277326.816,0.572,-0.039,-0.108,-0.812,77,69,83,61,19,0,46,43,0,0.000,0,0,0.115,0.006,0.080,0.020,-0.080,0.002,0.025,1.004,0.006,0.000,0.002,0.000,0.000,0.000,0.000,0,NULL,NULL,,1,0,3,7,255,,250,0,0
stim,6384,6384,0,3277331.816,0.572,-0.039,-0.108,-0.812,83,91,54,69,20,0,39,23,0,0.000,0,0,0.115,0.003,0.080,0.020,-0.080,0.003,0.025,1.003,0.002,-0.002,0.002,0.000,0.000,0.000,0.000,0,NULL,NULL,,1,0,3,7,255,,250,0,0
stim,6384,6384,0,3277336.818,0.572,-0.039,-0.108,-0.812,77,67,85,63,13,0,47,45,0,0.000,0,0,0.115,0.006,0.080,0.020,-0.080,0.004,0.024,1.003,0.006,-0.002,0.002,0.000,0.000,0.000,0.000,0,NULL,NULL,,1,0,3,7,255,,250,0,0
stim,6384,6384,0,3277341.816,0.572,-0.039,-0.108,-0.812,83,87,79,69,20,0,41,43,0,0.000,0,0,0.082,0.003,0.000,0.020,-0.080,0.003,0.026,1.002,-0.002,-0.002,0.002,0.000,0.000,0.000,0.000,0,NULL,NULL,,1,0,3,7,255,,250,0,0
stim,6384,6384,0,3277346.816,0.572,-0.039,-0.108,-0.812,58,91,53,41,38,0,56,12,0,0.000,0,0,0.085,0.003,0.080,0.020,-0.020,0.003,0.025,1.002,-0.002,-0.002,-0.002,0.000,0.000,0.000,0.000,0,NULL,NULL,,1,0,3,7,255,,250,0,0
stim,6384,6384,0,3277351.816,0.572,-0.039,-0.108,-0.812,78,91,51,60,27,0,37,17,0,0.000,0,0,0.028,0.003,0.000,0.020,-0.020,0.004,0.023,1.003,-0.002,-0.002,-0.002,0.000,0.000,0.000,0.000,0,NULL,NULL,,1,0,3,7,255,,250,0,0
stim,6384,6384,0,3277356.816,0.572,-0.039,-0.108,-0.812,54,64,85,45,23,0,69,44,0,0.000,0,0,0.092,0.006,0.080,-0.040,-0.020,0.003,0.024,1.002,0.006,0.000,-0.004,0.000,0.000,0.000,0.000,0,NULL,NULL,,1,0,3,7,255,,250,0,0
stim,6399,6399,0,3277361.816,0.572,-0.039,-0.108,-0.812,77,89,55,37,35,0,59,17,0,0.000,0,0,0.143,0.006,0.140,0.020,-0.020,0.003,0.025,1.002,0.006,0.000,-0.002,0.000,0.000,0.000,0.000,0,NULL,NULL,,1,0,3,7,255,,250,0,0
stim,6399,6399,0,3277366.816,0.572,-0.039,-0.108,-0.812,53,59,85,39,18,1,69,35,0,0.000,0,0,0.045,0.003,0.000,0.020,0.040,0.003,0.025,1.002,-0.002,-0.002,-0.002,0.000,0.000,0.000,0.000,0,NULL,NULL,,1,0,3,7,255,,250,0,0
stim,6399,6399,0,3277371.816,0.572,-0.039,-0.108,-0.812,55,60,82,62,13,0,44,45,0,0.000,0,0,0.115,0.003,0.080,0.020,-0.080,0.003,0.024,1.002,-0.002,-0.002,-0.002,0.000,0.000,0.000,0.000,0,NULL,NULL,,1,0,3,7,255,,250,0,0
stim,6399,6399,0,3277376.818,0.572,-0.039,-0.108,-0.812,84,92,55,67,37,0,40,24,0,0.000,0,0,0.085,0.002,0.080,0.020,-0.020,0.004,0.025,1.002,-0.002,0.000,-0.002,0.000,0.000,0.000,0.000,0,NULL,NULL,,1,0,3,7,255,,250,0,0
stim,6415,6415,0,3277381.816,0.572,-0.039,-0.108,-0.812,59,91,53,41,35,0,39,12,0,0.000,0,0,0.092,0.002,0.080,-0.040,-0.020,0.003,0.025,1.004,0.002,0.000,-0.002,0.000,0.000,0.000,0.000,0,NULL,NULL,,1,0,3,7,255,,250,0,0
stim,6415,6415,0,3277386.816,0.572,-0.039,-0.108,-0.812,76,63,83,71,17,0,46,43,0,0.000,0,0,0.085,0.004,0.080,0.020,-0.020,0.004,0.026,1.004,-0.004,0.000,0.012,0.000,0.000,0.000,0.000,0,NULL,NULL,,1,0,3,7,255,,250,0,0
stim,6415,6415,0,3277391.816,0.572,-0.039,-0.108,-0.812,53,62,82,61,14,0,45,43,0,0.000,0,0,0.028,0.000,0.000,0.020,-0.020,0.003,0.025,1.001,0.000,0.000,0.012,0.000,0.000,0.000,0.000,0,NULL,NULL,,1,0,3,7,255,,250,0,0
stim,6415,6415,0,3277396.816,0.572,-0.039,-0.108,-0.812,83,92,51,63,29,0,37,25,0,0.000,0,0,0.092,0.007,0.080,-0.040,-0.020,0.003,0.026,1.002,-0.006,-0.004,-0.002,0.000,0.000,0.000,0.000,0,NULL,NULL,,1,0,3,7,255,,250,0,0
stim,6431,6431,0,3277401.816,0.572,-0.039,-0.108,-0.812,83,91,55,68,37,1,39,25,0,0.000,0,0,0.028,0.007,0.000,0.020,-0.020,0.003,0.026,1.002,-0.006,-0.004,-0.002,0.000,0.000,0.000,0.000,0,NULL,NULL,,1,0,3,7,255,,250,0,0
stim,6431,6431,0,3277406.816,0.572,-0.039,-0.108,-0.812,55,67,79,71,13,0,61,43,0,0.000,0,0,0.082,0.007,0.000,0.020,-0.080,0.003,0.025,1.003,-0.006,-0.004,-0.002,0.000,0.000,0.000,0.000,0,NULL,NULL,,1,0,3,7,255,,250,0,0
stim,6449,6449,0,3277411.816,0.572,-0.039,-0.108,-0.812,77,91,47,23,12,0,31,11,0,0.000,0,0,0.085,0.004,0.080,0.020,-0.020,0.003,0.025,1.002,0.002,-0.004,-0.002,0.000,0.000,0.000,0.000,0,NULL,NULL,,1,0,3,7,255,,250,0,0
stim,6449,6449,0,3277416.817,0.572,-0.039,-0.108,-0.812,83,87,59,69,19,0,40,43,0,0.000,0,0,0.085,0.002,0.080,0.020,-0.020,0.005,0.025,1.002,0.002,0.000,-0.002,0.000,0.000,0.000,0.000,0,NULL,NULL,,1,0,3,7,255,,250,0,0
stim,6449,6449,0,3277421.816,0.572,-0.039,-0.108,-0.812,53,63,77,37,40,0,69,17,0,0.000,0,0,0.082,0.007,0.000,0.020,-0.080,0.003,0.025,1.002,0.004,-0.006,-0.008,0.000,0.000,0.000,0.000,0,NULL,NULL,,1,0,3,7,255,,250,0,0
stim,6449,6449,0,3277426.816,0.572,-0.039,-0.108,-0.812,53,86,52,40,37,0,56,13,0,0.000,0,0,0.085,0.007,0.080,0.020,-0.020,0.002,0.025,1.001,0.004,-0.006,-0.008,0.000,0.000,0.000,0.000,0,NULL,NULL,,1,0,3,7,255,,250,0,0
stim,6482,6482,0,3277431.816,0.572,-0.039,-0.108,-0.812,83,91,53,63,36,0,40,23,0,0.000,0,0,0.082,0.011,0.000,0.020,-0.080,0.003,0.027,1.002,0.004,-0.010,-0.008,0.000,0.000,0.000,0.000,0,NULL,NULL,,1,0,3,7,255,,250,0,0
stim,6482,6482,0,3277436.818,0.572,-0.039,-0.108,-0.812,55,68,83,69,17,0,63,44,0,0.000,0,0,0.028,0.011,0.000,0.020,-0.020,0.003,0.025,1.004,0.004,-0.010,-0.002,0.000,0.000,0.000,0.000,0,NULL,NULL,,1,0,3,7,255,,250,0,0
stim,6482,6482,0,3277441.816,0.572,-0.039,-0.108,-0.812,79,89,55,43,41,1,59,17,0,0.000,0,0,0.085,0.004,0.080,0.020,-0.020,0.003,0.024,1.002,0.004,-0.002,-0.002,0.000,0.000,0.000,0.000,0,NULL,NULL,,1,0,3,7,255,,250,0,0
stim,6482,6482,0,3277446.816,0.572,-0.039,-0.108,-0.812,51,59,83,56,20,0,62,33,0,0.000,0,0,0.120,0.008,0.080,-0.040,-0.080,0.003,0.024,1.003,0.008,-0.002,0.002,0.000,0.000,0.000,0.000,0,NULL,NULL,,1,0,3,7,255,,250,0,0
stim,6482,6482,0,3277451.816,0.572,-0.039,-0.108,-0.812,75,62,57,69,17,0,39,44,0,0.000,0,0,0.143,0.008,0.140,0.020,-0.020,0.003,0.025,1.003,0.008,-0.002,0.002,0.000,0.000,0.000,0.000,0,NULL,NULL,,1,0,3,7,255,,250,0,0
stim,6482,6482,0,3277456.816,0.572,-0.039,-0.108,-0.812,51,69,83,39,19,0,67,35,0,0.000,0,0,0.085,0.012,0.080,0.020,-0.020,0.002,0.024,1.003,0.010,-0.006,0.002,0.000,0.000,0.000,0.000,0,NULL,NULL,,1,0,3,7,255,,250,0,0
stim,6496,6496,0,3277461.816,0.572,-0.039,-0.108,-0.812,47,85,77,37,39,0,68,16,0,0.000,0,0,0.085,0.006,0.080,0.020,-0.020,0.003,0.025,1.003,0.002,-0.006,0.006,0.000,0.000,0.000,0.000,0,NULL,NULL,,1,0,3,7,255,,250,0,0
stim,6496,6496,0,3277466.816,0.572,-0.039,-0.108,-0.812,53,62,84,37,18,0,68,37,0,0.000,0,0,0.085,0.006,0.080,0.020,-0.020,0.003,0.024,1.003,0.006,0.000,0.006,0.000,0.000,0.000,0.000,0,NULL,NULL,,1,0,3,7,255,,250,0,0
stim,6496,6496,0,3277471.816,0.572,-0.039,-0.108,-0.812,58,72,59,39,36,0,66,16,0,0.000,0,0,0.028,0.002,0.000,0.020,-0.020,0.003,0.026,1.002,0.002,0.000,0.006,0.000,0.000,0.000,0.000,0,NULL,NULL,,1,0,3,7,255,,250,0,0
stim,6496,6496,0,3277476.817,0.572,-0.039,-0.108,-0.812,83,71,77,68,20,0,39,43,0,0.000,0,0,0.115,0.002,0.080,0.020,-0.080,0.004,0.025,1.002,0.000,0.002,-0.008,0.000,0.000,0.000,0.000,0,NULL,NULL,,1,0,3,7,255,,250,0,0
stim,6513,6513,0,3277481.816,0.572,-0.039,-0.108,-0.812,54,69,79,39,39,1,68,18,0,0.000,0,0,0.115,0.002,0.080,0.020,-0.080,0.003,0.024,1.002,0.000,-0.002,-0.008,0.000,0.000,0.000,0.000,0,NULL,NULL,,1,0,3,7,255,,250,0,0
stim,6513,6513,0,3277486.816,0.572,-0.039,-0.108,-0.812,76,63,83,69,20,0,47,44,0,0.000,0,0,0.082,0.002,0.000,0.020,-0.080,0.004,0.026,1.004,0.000,0.002,-0.008,0.000,0.000,0.000,0.000,0,NULL,NULL,,1,0,3,7,255,,250,0,0
stim,6527,6527,0,3277491.816,0.572,-0.039,-0.108,-0.812,83,88,58,69,19,0,39,43,0,0.000,0,0,0.045,0.006,0.000,-0.040,-0.020,0.003,0.024,1.003,0.006,0.002,0.006,0.000,0.000,0.000,0.000,0,NULL,NULL,,1,0,3,7,255,,250,0,0
stim,6527,6527,0,3277496.816,0.572,-0.039,-0.108,-0.812,83,92,54,63,20,0,41,24,0,0.000,0,0,0.115,0.004,0.080,0.020,-0.080,0.004,0.024,1.004,0.004,0.002,0.012,0.000,0.000,0.000,0.000,0,NULL,NULL,,1,0,3,7,255,,250,0,0
stim,6527,6527,0,3277501.816,0.572,-0.039,-0.108,-0.812,76,87,50,39,13,0,33,12,0,0.000,0,0,0.085,0.006,0.080,0.020,-0.020,0.004,0.025,1.003,0.004,0.004,0.006,0.000,0.000,0.000,0.000,0,NULL,NULL,,1,0,3,7,255,,250,0,0
stim,6527,6527,0,3277506.816,0.572,-0.039,-0.108,-0.812,58,90,53,41,39,0,57,13,0,0.000,0,0,0.166,0.004,0.140,-0.040,-0.080,0.003,0.026,1.002,0.000,0.004,0.002,0.000,0.000,0.000,0.000,0,NULL,NULL,,1,0,3,7,255,,250,0,0
stim,6549,6549,0,3277511.816,0.572,-0.039,-0.108,-0.812,79,89,55,42,40,0,58,16,0,0.000,0,0,0.085,0.003,0.080,0.020,-0.020,0.003,0.025,1.003,-0.002,-0.002,0.002,0.000,0.000,0.000,0.000,0,NULL,NULL,,1,0,3,7,255,,250,0,0
stim,6549,6549,0,3277516.816,0.572,-0.039,-0.108,-0.812,55,88,53,37,37,0,56,13,0,0.000,0,0,0.092,0.003,0.080,-0.040,-0.020,0.004,0.024,1.003,-0.002,-0.002,0.006,0.000,0.000,0.000,0.000,0,NULL,NULL,,1,0,3,7,255,,250,0,0
stim,6549,6549,0,3277521.816,0.572,-0.039,-0.108,-0.812,78,89,55,59,37,1,39,18,0,0.000,0,0,0.115,0.003,0.080,0.020,-0.080,0.004,0.025,1.004,-0.002,0.002,0.006,0.000,0.000,0.000,0.000,0,NULL,NULL,,1,0,3,7,255,,250,0,0
stim,6549,6549,0,3277526.816,0.572,-0.039,-0.108,-0.812,52,86,55,39,41,0,59,13,0,0.000,0,0,0.028,0.006,0.000,0.020,-0.020,0.003,0.024,1.003,0.006,0.002,0.006,0.000,0.000,0.000,0.000,0,NULL,NULL,,1,0,3,7,255,,250,0,0
stim,6582,6582,0,3277531.816,0.572,-0.039,-0.108,-0.812,52,59,84,39,24,0,53,35,0,0.000,0,0,0.085,0.004,0.080,0.020,-0.020,0.004,0.024,1.002,0.004,0.002,0.006,0.000,0.000,0.000,0.000,0,NULL,NULL,,1,0,3,7,255,,250,0,0
stim,6582,6582,0,3277536.818,0.572,-0.039,-0.108,-0.812,82,91,54,63,20,0,39,43,0,0.000,0,0,0.085,0.004,0.080,0.020,-0.020,0.003,0.025,1.001,0.004,0.002,-0.004,0.000,0.000,0.000,0.000,0,NULL,NULL,,1,0,3,7,255,,250,0,0
stim,6583,6583,0,3277541.816,0.572,-0.039,-0.108,-0.812,55,89,57,37,36,0,67,13,0,0.000,0,0,0.085,0.003,0.080,0.020,-0.020,0.003,0.025,1.002,-0.002,-0.002,-0.004,0.000,0.000,0.000,0.000,0,NULL,NULL,,1,0,3,7,255,,250,0,0
stim,6583,6583,0,3277546.816,0.572,-0.039,-0.108,-0.812,51,61,83,56,37,0,63,35,0,0.000,0,0,0.085,0.003,0.080,0.020,-0.020,0.004,0.025,1.003,-0.002,-0.002,-0.004,0.000,0.000,0.000,0.000,0,NULL,NULL,,1,0,3,7,255,,250,0,0
stim,6584,6584,0,3277551.816,0.572,-0.039,-0.108,-0.812,77,90,51,41,36,0,55,12,0,0.000,0,0,0.085,0.008,0.080,0.020,-0.020,0.004,0.025,1.003,-0.002,0.008,0.002,0.000,0.000,0.000,0.000,0,NULL,NULL,,1,0,3,7,255,,250,0,0
stim,6584,6584,0,3277556.816,0.572,-0.039,-0.108,-0.812,51,85,55,39,37,0,61,16,0,0.000,0,0,0.115,0.008,0.080,0.020,-0.080,0.004,0.026,1.003,-0.002,0.008,0.006,0.000,0.000,0.000,0.000,0,NULL,NULL,,1,0,3,7,255,,250,0,0
stim,6615,6615,0,3277561.816,0.572,-0.039,-0.108,-0.812,57,89,58,39,39,0,69,17,0,0.000,0,0,0.139,0.002,0.080,0.080,-0.080,0.002,0.025,1.003,-0.002,0.000,0.002,0.000,0.000,0.000,0.000,0,NULL,NULL,,1,0,3,7,255,,250,0,0
stim,6615,6615,0,3277566.816,0.572,-0.039,-0.108,-0.812,47,68,77,38,37,0,63,17,0,0.000,0,0,0.115,0.013,0.080,0.020,-0.080,0.002,0.026,1.002,-0.004,-0.012,0.002,0.000,0.000,0.000,0.000,0,NULL,NULL,,1,0,3,7,255,,250,0,0
stim,6615,6615,0,3277571.816,0.572,-0.039,-0.108,-0.812,85,94,53,59,35,0,39,13,0,0.000,0,0,0.082,0.013,0.000,0.020,-0.080,0.003,0.026,1.003,-0.004,-0.012,0.002,0.000,0.000,0.000,0.000,0,NULL,NULL,,1,0,3,7,255,,250,0,0
stim,6615,6615,0,3277576.818,0.572,-0.039,-0.108,-0.812,51,61,85,41,38,0,63,18,0,0.000,0,0,0.085,0.004,0.080,0.020,-0.020,0.004,0.024,1.003,-0.004,-0.002,0.006,0.000,0.000,0.000,0.000,0,NULL,NULL,,1,0,3,7,255,,250,0,0
stim,6615,6615,0,3277581.816,0.572,-0.039,-0.108,-0.812,84,89,53,69,17,0,39,25,0,0.000,0,0,0.162,0.011,0.140,0.020,-0.080,0.004,0.024,1.003,0.004,0.010,0.006,0.000,0.000,0.000,0.000,0,NULL,NULL,,1,0,3,7,255,,250,0,0
stim,6615,6615,0,3277586.816,0.572,-0.039,-0.108,-0.812,51,61,82,39,41,0,69,35,0,0.000,0,0,0.092,0.011,0.080,-0.040,-0.020,0.004,0.025,1.002,0.004,0.010,0.006,0.000,0.000,0.000,0.000,0,NULL,NULL,,1,0,3,7,255,,250,0,0
stim,6616,6616,0,3277591.816,0.572,-0.039,-0.108,-0.812,83,91,52,68,17,0,37,23,0,0.000,0,0,0.085,0.006,0.080,0.020,-0.020,0.003,0.024,1.001,0.004,0.004,-0.004,0.000,0.000,0.000,0.000,0,NULL,NULL,,1,0,3,7,255,,250,0,0
stim,6616,6616,0,3277596.816,0.572,-0.039,-0.108,-0.812,47,69,59,39,36,0,67,18,0,0.000,0,0,0.092,0.004,0.080,-0.040,-0.020,0.004,0.025,1.003,0.000,0.004,-0.004,0.000,0.000,0.000,0.000,0,NULL,NULL,,1,0,3,7,255,,250,0,0
stim,6626,6626,0,3277601.816,0.572,-0.039,-0.108,-0.812,77,89,53,57,37,0,40,13,0,0.000,0,0,0.143,0.004,0.140,0.020,-0.020,0.004,0.025,1.004,-0.002,0.004,0.006,0.000,0.000,0.000,0.000,0,NULL,NULL,,1,0,3,7,255,,250,0,0
stim,6626,6626,0,3277606.816,0.572,-0.039,-0.108,-0.812,57,91,54,41,37,0,57,14,0,0.000,0,0,0.115,0.004,0.080,0.020,-0.080,0.003,0.024,1.002,-0.002,0.004,0.006,0.000,0.000,0.000,0.000,0,NULL,NULL,,1,0,3,7,255,,250,0,0
stim,6639,6639,0,3277611.816,0.572,-0.039,-0.108,-0.812,73,61,58,68,21,0,40,43,0,0.000,0,0,0.092,0.004,0.080,0.020,0.040,0.004,0.025,1.002,0.000,0.004,-0.004,0.000,0.000,0.000,0.000,0,NULL,NULL,,1,0,3,7,255,,250,0,0
stim,6639,6639,0,3277616.817,0.572,-0.039,-0.108,-0.812,81,91,55,45,37,1,41,22,0,0.000,0,0,0.162,0.004,0.140,0.020,-0.080,0.004,0.025,1.002,0.000,0.004,-0.004,0.000,0.000,0.000,0.000,0,NULL,NULL,,1,0,3,7,255,,250,0,0
stim,6655,6655,0,3277621.816,0.572,-0.039,-0.108,-0.812,53,62,83,63,14,0,57,46,0,0.000,0,0,0.028,0.006,0.000,0.020,-0.020,0.004,0.025,1.002,-0.004,0.004,-0.004,0.000,0.000,0.000,0.000,0,NULL,NULL,,1,0,3,7,255,,250,0,0
stim,6655,6655,0,3277626.816,0.572,-0.039,-0.108,-0.812,51,68,84,39,21,0,69,35,0,0.000,0,0,0.085,0.006,0.080,0.020,-0.020,0.004,0.025,1.002,-0.004,0.004,-0.004,0.000,0.000,0.000,0.000,0,NULL,NULL,,1,0,3,7,255,,250,0,0
stim,6687,6687,0,3277631.816,0.572,-0.039,-0.108,-0.812,79,87,57,67,19,0,39,42,0,0.000,0,0,0.115,0.002,0.080,0.020,-0.080,0.003,0.025,1.004,0.000,0.002,-0.004,0.000,0.000,0.000,0.000,0,NULL,NULL,,1,0,3,7,255,,250,0,0
stim,6687,6687,0,3277636.817,0.572,-0.039,-0.108,-0.812,57,90,53,41,35,0,55,12,0,0.000,0,0,0.115,0.000,0.080,0.020,-0.080,0.004,0.026,1.003,0.000,0.000,0.006,0.000,0.000,0.000,0.000,0,NULL,NULL,,1,0,3,7,255,,250,0,0
stim,6687,6687,0,3277641.817,0.572,-0.039,-0.108,-0.812,57,89,54,39,41,0,58,13,0,0.000,0,0,0.143,0.000,0.140,0.020,-0.020,0.004,0.025,1.002,0.000,0.000,0.006,0.000,0.000,0.000,0.000,0,NULL,NULL,,1,0,3,7,255,,250,0,0
stim,6687,6687,0,3277646.816,0.572,-0.039,-0.108,-0.812,55,63,81,59,17,0,62,41,0,0.000,0,0,0.082,0.004,0.000,0.020,-0.080,0.004,0.025,1.002,-0.004,0.002,-0.008,0.000,0.000,0.000,0.000,0,NULL,NULL,,1,0,3,7,255,,250,0,0
stim,6687,6687,0,3277651.816,0.572,-0.039,-0.108,-0.812,47,63,82,39,39,0,67,17,0,0.000,0,0,0.143,0.002,0.140,0.020,-0.020,0.003,0.025,1.003,0.000,0.002,-0.008,0.000,0.000,0.000,0.000,0,NULL,NULL,,1,0,3,7,255,,250,0,0
stim,6687,6687,0,3277656.816,0.572,-0.039,-0.108,-0.812,53,71,83,41,19,0,63,39,0,0.000,0,0,0.085,0.002,0.080,0.020,-0.020,0.002,0.025,1.002,0.002,0.000,-0.004,0.000,0.000,0.000,0.000,0,NULL,NULL,,1,0,3,7,255,,250,0,0
stim,6703,6703,0,3277661.816,0.572,-0.039,-0.108,-0.812,53,87,75,38,39,0,67,17,0,0.000,0,0,0.162,0.006,0.140,0.020,-0.080,0.004,0.024,1.002,0.006,0.000,-0.004,0.000,0.000,0.000,0.000,0,NULL,NULL,,1,0,3,7,255,,250,0,0
stim,6703,6703,0,3277666.816,0.572,-0.039,-0.108,-0.812,59,91,51,41,33,0,55,11,0,0.000,0,0,0.092,0.006,0.080,-0.040,-0.020,0.003,0.025,1.003,0.006,0.000,-0.004,0.000,0.000,0.000,0.000,0,NULL,NULL,,1,0,3,7,255,,250,0,0
stim,6703,6703,0,3277671.816,0.572,-0.039,-0.108,-0.812,75,89,53,57,37,1,39,13,0,0.000,0,0,0.085,0.004,0.080,0.020,-0.020,0.004,0.025,1.002,0.002,0.004,-0.004,0.000,0.000,0.000,0.000,0,NULL,NULL,,1,0,3,7,255,,250,0,0
stim,6703,6703,0,3277676.816,0.572,-0.039,-0.108,-0.812,83,88,58,68,18,0,39,43,0,0.000,0,0,0.028,0.002,0.000,0.020,-0.020,0.003,0.025,1.003,-0.002,0.000,0.002,0.000,0.000,0.000,0.000,0,NULL,NULL,,1,0,3,7,255,,250,0,0
stim,6719,6719,0,3277681.817,0.572,-0.039,-0.108,-0.812,83,87,55,68,9,0,37,41,0,0.000,0,0,0.082,0.003,0.000,0.020,-0.080,0.003,0.025,1.003,-0.002,-0.002,0.002,0.000,0.000,0.000,0.000,0,NULL,NULL,,1,0,3,7,255,,250,0,0
stim,6719,6719,0,3277686.816,0.572,-0.039,-0.108,-0.812,79,91,55,43,37,0,39,21,0,0.000,0,0,0.085,0.002,0.080,0.020,-0.020,0.004,0.025,1.003,0.000,-0.002,0.002,0.000,0.000,0.000,0.000,0,NULL,NULL,,1,0,3,7,255,,250,0,0
stim,6719,6719,0,3277691.816,0.572,-0.039,-0.108,-0.812,82,91,55,62,12,0,37,43,0,0.000,0,0,0.028,0.004,0.000,0.020,-0.020,0.003,0.025,1.002,0.002,-0.004,0.002,0.000,0.000,0.000,0.000,0,NULL,NULL,,1,0,3,7,255,,250,0,0
stim,6719,6719,0,3277696.816,0.572,-0.039,-0.108,-0.812,75,63,83,69,20,0,62,43,0,0.000,0,0,0.085,0.003,0.080,0.020,-0.020,0.003,0.024,1.003,0.002,-0.002,0.006,0.000,0.000,0.000,0.000,0,NULL,NULL,,1,0,3,7,255,,250,0,0
stim,6735,6735,0,3277701.816,0.572,-0.039,-0.108,-0.812,57,89,57,39,36,0,62,16,0,0.000,0,0,0.115,0.003,0.080,0.020,-0.080,0.003,0.026,1.002,0.002,-0.002,-0.004,0.000,0.000,0.000,0.000,0,NULL,NULL,,1,0,3,7,255,,250,0,0
stim,6735,6735,0,3277706.816,0.572,-0.039,-0.108,-0.812,56,89,54,37,40,1,58,16,0,0.000,0,0,0.028,0.006,0.000,0.020,-0.020,0.003,0.026,1.002,-0.006,-0.002,-0.008,0.000,0.000,0.000,0.000,0,NULL,NULL,,1,0,3,7,255,,250,0,0
stim,6735,6735,0,3277711.816,0.572,-0.039,-0.108,-0.812,73,61,75,69,21,0,47,43,0,0.000,0,0,0.092,0.006,0.080,-0.040,-0.020,0.004,0.025,1.002,-0.006,-0.002,-0.008,0.000,0.000,0.000,0.000,0,NULL,NULL,,1,0,3,7,255,,250,0,0
stim,6735,6735,0,3277716.816,0.572,-0.039,-0.108,-0.812,84,90,53,67,36,0,39,24,0,0.000,0,0,0.085,0.010,0.080,0.020,-0.020,0.002,0.026,1.003,-0.006,-0.008,-0.004,0.000,0.000,0.000,0.000,0,NULL,NULL,,1,0,3,7,255,,250,0,0
stim,6751,6751,0,3277721.816,0.572,-0.039,-0.108,-0.812,75,89,54,40,39,0,57,11,0,0.000,0,0,0.085,0.004,0.080,0.020,-0.020,0.004,0.025,1.003,0.000,0.004,0.002,0.000,0.000,0.000,0.000,0,NULL,NULL,,1,0,3,7,255,,250,0,0
stim,6751,6751,0,3277726.816,0.572,-0.039,-0.108,-0.812,53,63,81,63,17,0,61,43,0,0.000,0,0,0.115,0.012,0.080,0.020,-0.080,0.002,0.025,1.003,0.000,-0.012,0.002,0.000,0.000,0.000,0.000,0,NULL,NULL,,1,0,3,7,255,,250,0,0
stim,6783,6783,0,3277731.816,0.572,-0.039,-0.108,-0.812,47,63,83,39,18,0,61,35,0,0.000,0,0,0.162,0.003,0.140,0.020,-0.080,0.003,0.025,1.003,0.002,0.002,0.002,0.000,0.000,0.000,0.000,0,NULL,NULL,,1,0,3,7,255,,250,0,0
stim,6783,6783,0,3277736.817,0.572,-0.039,-0.108,-0.812,48,67,78,38,39,0,69,17,0,0.000,0,0,0.147,0.004,0.140,-0.040,-0.020,0.004,0.024,1.003,0.004,0.002,0.006,0.000,0.000,0.000,0.000,0,NULL,NULL,,1,0,3,7,255,,250,0,0
stim,6783,6783,0,3277741.817,0.572,-0.039,-0.108,-0.812,48,63,79,37,40,1,67,17,0,0.000,0,0,0.092,0.003,0.080,-0.040,-0.020,0.003,0.025,1.004,0.002,0.002,0.006,0.000,0.000,0.000,0.000,0,NULL,NULL,,1,0,3,7,255,,250,0,0
stim,6783,6783,0,3277746.816,0.572,-0.039,-0.108,-0.812,79,91,53,43,33,0,38,17,0,0.000,0,0,0.092,0.009,0.080,-0.040,-0.020,0.004,0.024,1.004,0.004,0.008,0.010,0.000,0.000,0.000,0.000,0,NULL,NULL,,1,0,3,7,255,,250,0,0
stim,6783,6783,0,3277751.816,0.572,-0.039,-0.108,-0.812,77,89,52,41,31,0,55,13,0,0.000,0,0,0.162,0.006,0.140,0.020,-0.080,0.003,0.024,1.003,0.006,0.002,0.010,0.000,0.000,0.000,0.000,0,NULL,NULL,,1,0,3,7,255,,250,0,0
stim,6783,6783,0,3277756.816,0.572,-0.039,-0.108,-0.812,58,89,52,39,37,0,56,11,0,0.000,0,0,0.085,0.006,0.080,0.020,-0.020,0.003,0.024,1.002,0.006,0.002,0.006,0.000,0.000,0.000,0.000,0,NULL,NULL,,1,0,3,7,255,,250,0,0
stim,6799,6799,0,3277761.816,0.572,-0.039,-0.108,-0.812,75,67,55,63,10,0,35,40,0,0.000,0,0,0.115,0.006,0.080,0.020,-0.080,0.003,0.024,1.004,0.006,0.002,0.006,0.000,0.000,0.000,0.000,0,NULL,NULL,,1,0,3,7,255,,250,0,0
stim,6799,6799,0,3277766.816,0.572,-0.039,-0.108,-0.812,59,89,55,41,36,0,39,12,0,0.000,0,0,0.120,0.006,0.080,-0.040,-0.080,0.003,0.025,1.003,0.006,0.002,0.006,0.000,0.000,0.000,0.000,0,NULL,NULL,,1,0,3,7,255,,250,0,0
stim,6799,6799,0,3277771.816,0.572,-0.039,-0.108,-0.812,51,58,75,39,33,0,59,16,0,0.000,0,0,0.115,0.006,0.080,0.020,-0.080,0.003,0.024,1.003,0.006,0.002,0.006,0.000,0.000,0.000,0.000,0,NULL,NULL,,1,0,3,7,255,,250,0,0
stim,6799,6799,0,3277776.818,0.572,-0.039,-0.108,-0.812,75,67,83,69,20,0,45,43,0,0.000,0,0,0.115,0.002,0.080,0.020,-0.080,0.003,0.025,1.004,0.002,0.000,0.006,0.000,0.000,0.000,0.000,0,NULL,NULL,,1,0,3,7,255,,250,0,0
stim,6815,6815,0,3277781.816,0.572,-0.039,-0.108,-0.812,55,61,85,61,21,0,67,43,0,0.000,0,0,0.028,0.002,0.000,0.020,-0.020,0.004,0.025,1.003,0.000,0.002,0.006,0.000,0.000,0.000,0.000,0,NULL,NULL,,1,0,3,7,255,,250,0,0
stim,6815,6815,0,3277786.816,0.572,-0.039,-0.108,-0.812,83,87,56,69,17,0,36,41,0,0.000,0,0,0.115,0.000,0.080,0.020,-0.080,0.002,0.025,1.004,0.000,0.000,0.010,0.000,0.000,0.000,0.000,0,NULL,NULL,,1,0,3,7,255,,250,0,0
stim,6831,6831,0,3277791.816,0.572,-0.039,-0.108,-0.812,83,92,52,63,18,0,39,41,0,0.000,0,0,0.085,0.004,0.080,0.020,-0.020,0.004,0.025,1.003,0.000,0.004,0.000,0.000,0.000,0.000,0.000,0,NULL,NULL,,1,0,3,7,255,,250,0,0
stim,6831,6831,0,3277796.816,0.572,-0.039,-0.108,-0.812,51,69,77,37,37,0,61,16,0,0.000,0,0,0.082,0.004,0.000,0.020,-0.080,0.003,0.024,1.004,0.000,0.004,0.010,0.000,0.000,0.000,0.000,0,NULL,NULL,,1,0,3,7,255,,250,0,0
stim,6831,6831,0,3277801.816,0.572,-0.039,-0.108,-0.812,54,61,74,69,19,0,45,43,0,0.000,0,0,0.028,0.007,0.000,0.020,-0.020,0.003,0.024,1.003,0.006,0.004,0.000,0.000,0.000,0.000,0.000,0,NULL,NULL,,1,0,3,7,255,,250,0,0
stim,6831,6831,0,3277806.816,0.572,-0.039,-0.108,-0.812,85,72,78,69,14,0,41,43,0,0.000,0,0,0.085,0.006,0.080,0.020,-0.020,0.003,0.025,1.003,0.006,0.000,0.000,0.000,0.000,0.000,0.000,0,NULL,NULL,,1,0,3,7,255,,250,0,0
stim,6848,6848,0,3277811.816,0.572,-0.039,-0.108,-0.812,54,60,85,44,21,0,68,45,0,0.000,0,0,0.028,0.004,0.000,0.020,-0.020,0.003,0.026,1.003,-0.004,-0.002,0.000,0.000,0.000,0.000,0.000,0,NULL,NULL,,1,0,3,7,255,,250,0,0
stim,6848,6848,0,3277816.817,0.572,-0.039,-0.108,-0.812,84,92,51,69,12,0,37,41,0,0.000,0,0,0.085,0.008,0.080,0.020,-0.020,0.003,0.026,1.002,-0.008,-0.002,0.000,0.000,0.000,0.000,0.000,0,NULL,NULL,,1,0,3,7,255,,250,0,0
stim,6863,6863,0,3277821.816,0.572,-0.039,-0.108,-0.812,83,91,53,68,35,0,39,23,0,0.000,0,0,0.115,0.008,0.080,0.020,-0.080,0.004,0.025,1.002,-0.008,-0.002,-0.004,0.000,0.000,0.000,0.000,0,NULL,NULL,,1,0,3,7,255,,250,0,0
stim,6863,6863,0,3277826.816,0.572,-0.039,-0.108,-0.812,83,86,59,69,18,0,40,43,0,0.000,0,0,0.115,0.006,0.080,0.020,-0.080,0.003,0.026,1.003,-0.006,-0.002,-0.004,0.000,0.000,0.000,0.000,0,NULL,NULL,,1,0,3,7,255,,250,0,0
stim,6863,6863,0,3277831.816,0.572,-0.039,-0.108,-0.812,55,87,77,35,37,0,69,11,0,0.000,0,0,0.162,0.006,0.140,0.020,-0.080,0.004,0.024,1.003,-0.002,0.006,0.000,0.000,0.000,0.000,0.000,0,NULL,NULL,,1,0,3,7,255,,250,0,0
stim,6881,6881,0,3277836.816,0.572,-0.039,-0.108,-0.812,81,75,52,63,12,0,35,23,0,0.000,0,0,0.028,0.007,0.000,0.020,-0.020,0.003,0.026,1.003,-0.006,-0.004,0.000,0.000,0.000,0.000,0.000,0,NULL,NULL,,1,0,3,7,255,,250,0,0
stim,6881,6881,0,3277841.816,0.572,-0.039,-0.108,-0.812,53,85,78,39,38,0,67,17,0,0.000,0,0,0.082,0.006,0.000,0.020,-0.080,0.004,0.025,1.003,0.000,0.006,0.000,0.000,0.000,0.000,0.000,0,NULL,NULL,,1,0,3,7,255,,250,0,0
stim,6895,6895,0,3277846.817,0.572,-0.039,-0.108,-0.812,49,59,75,37,38,0,61,16,0,0.000,0,0,0.115,0.013,0.080,0.020,-0.080,0.003,0.027,1.003,-0.012,-0.004,0.000,0.000,0.000,0.000,0.000,0,NULL,NULL,,1,0,3,7,255,,250,0,0
stim,6895,6895,0,3277851.816,0.572,-0.039,-0.108,-0.812,83,89,60,69,19,0,40,43,0,0.000,0,0,0.028,0.006,0.000,0.020,-0.020,0.004,0.024,1.004,0.000,0.006,0.000,0.000,0.000,0.000,0.000,0,NULL,NULL,,1,0,3,7,255,,250,0,0
stim,6895,6895,0,3277856.816,0.572,-0.039,-0.108,-0.812,56,87,79,39,39,2,69,18,0,0.000,0,0,0.115,0.009,0.080,0.020,-0.080,0.004,0.024,1.002,0.004,0.008,0.000,0.000,0.000,0.000,0.000,0,NULL,NULL,,1,0,3,7,255,,250,0,0
stim,6895,6895,0,3277861.816,0.571,-0.039,-0.108,-0.812,54,62,83,61,19,0,63,43,0,0.000,0,0,0.085,0.009,0.080,0.020,-0.020,0.003,0.025,1.002,0.004,0.008,-0.004,0.000,0.000,0.000,0.000,0,NULL,NULL,,1,0,3,7,255,,250,0,0
stim,6895,6895,0,3277866.816,0.571,-0.039,-0.108,-0.812,77,89,53,41,35,0,55,12,0,0.000,0,0,0.085,0.004,0.080,0.020,-0.020,0.003,0.026,1.002,0.004,-0.002,-0.004,0.000,0.000,0.000,0.000,0,NULL,NULL,,1,0,3,7,255,,250,0,0
stim,6895,6895,0,3277871.816,0.571,-0.039,-0.108,-0.812,47,69,79,39,39,0,67,17,0,0.000,0,0,0.115,0.004,0.080,0.020,-0.080,0.003,0.025,1.003,0.000,-0.004,-0.004,0.000,0.000,0.000,0.000,0,NULL,NULL,,1,0,3,7,255,,250,0,0
stim,6915,6915,0,3277876.816,0.571,-0.039,-0.108,-0.812,57,88,75,39,35,0,61,13,0,0.000,0,0,0.082,0.004,0.000,0.080,-0.020,0.004,0.025,1.003,0.000,-0.004,0.000,0.000,0.000,0.000,0.000,0,NULL,NULL,,1,0,3,7,255,,250,0,0
stim,6915,6915,0,3277881.816,0.571,-0.039,-0.108,-0.812,75,68,83,71,17,0,45,43,0,0.000,0,0,0.115,0.006,0.080,0.020,-0.080,0.004,0.025,1.002,0.000,0.006,0.000,0.000,0.000,0.000,0.000,0,NULL,NULL,,1,0,3,7,255,,250,0,0
stim,6915,6915,0,3277886.817,0.571,-0.039,-0.108,-0.812,75,59,57,55,17,0,38,41,0,0.000,0,0,0.082,0.006,0.000,0.020,-0.080,0.003,0.024,1.002,0.000,0.006,-0.004,0.000,0.000,0.000,0.000,0,NULL,NULL,,1,0,3,7,255,,250,0,0
stim,6915,6915,0,3277891.816,0.571,-0.039,-0.108,-0.812,55,68,85,61,39,0,63,44,0,0.000,0,0,0.115,0.004,0.080,0.020,-0.080,0.003,0.025,1.002,0.000,0.004,-0.004,0.000,0.000,0.000,0.000,0,NULL,NULL,,1,0,3,7,255,,250,0,0
stim,6927,6927,0,3277896.816,0.571,-0.039,-0.108,-0.812,51,69,83,40,18,0,61,33,0,0.000,0,0,0.085,0.004,0.080,0.020,-0.020,0.004,0.025,1.002,0.000,0.004,-0.008,0.000,0.000,0.000,0.000,0,NULL,NULL,,1,0,3,7,255,,250,0,0
stim,6927,6927,0,3277901.816,0.571,-0.039,-0.108,-0.812,53,67,83,61,19,0,69,41,0,0.000,0,0,0.115,0.004,0.080,0.020,-0.080,0.002,0.025,1.003,0.000,-0.004,-0.008,0.000,0.000,0.000,0.000,0,NULL,NULL,,1,0,3,7,255,,250,0,0
stim,6947,6947,0,3277906.816,0.571,-0.039,-0.108,-0.812,76,69,83,59,24,0,59,43,0,0.000,0,0,0.028,0.008,0.000,0.020,-0.020,0.002,0.025,1.004,0.000,-0.008,0.000,0.000,0.000,0.000,0.000,0,NULL,NULL,,1,0,3,7,255,,250,0,0
stim,6947,6947,0,3277911.816,0.571,-0.039,-0.108,-0.812,73,67,83,71,20,0,67,43,0,0.000,0,0,0.045,0.008,0.000,-0.040,-0.020,0.003,0.025,1.003,0.002,-0.008,0.000,0.000,0.000,0.000,0.000,0,NULL,NULL,,1,0,3,7,255,,250,0,0
stim,6947,6947,0,3277916.816,0.571,-0.039,-0.108,-0.812,57,89,76,37,35,0,63,14,0,0.000,0,0,0.115,0.003,0.080,0.020,-0.080,0.003,0.026,1.003,0.002,-0.002,0.000,0.000,0.000,0.000,0.000,0,NULL,NULL,,1,0,3,7,255,,250,0,0
stim,6947,6947,0,3277921.816,0.571,-0.039,-0.108,-0.812,51,69,56,38,36,1,62,16,0,0.000,0,0,0.162,0.003,0.140,0.020,-0.080,0.002,0.025,1.001,0.002,-0.002,0.000,0.000,0.000,0.000,0.000,0,NULL,NULL,,1,0,3,7,255,,250,0,0
stim,6981,6981,0,3277926.816,0.571,-0.039,-0.108,-0.812,54,67,81,60,13,0,43,44,0,0.000,0,0,0.143,0.004,0.140,0.020,-0.020,0.003,0.024,1.002,0.004,-0.002,-0.004,0.000,0.000,0.000,0.000,0,NULL,NULL,,1,0,3,7,255,,250,0,0
stim,6981,6981,0,3277931.816,0.571,-0.039,-0.108,-0.812,83,91,55,47,19,0,39,25,0,0.000,0,0,0.085,0.007,0.080,0.020,-0.020,0.003,0.024,1.003,0.006,0.004,-0.004,0.000,0.000,0.000,0.000,0,NULL,NULL,,1,0,3,7,255,,250,0,0
stim,6982,6982,0,3277936.816,0.571,-0.039,-0.108,-0.812,75,67,56,53,18,0,39,41,0,0.000,0,0,0.082,0.007,0.000,0.020,-0.080,0.003,0.025,1.004,0.006,0.004,0.000,0.000,0.000,0.000,0.000,0,NULL,NULL,,1,0,3,7,255,,250,0,0
stim,6982,6982,0,3277941.817,0.571,-0.039,-0.108,-0.812,77,89,53,39,37,0,57,18,0,0.000,0,0,0.085,0.006,0.080,0.020,-0.020,0.004,0.024,1.003,0.004,0.004,0.006,0.000,0.000,0.000,0.000,0,NULL,NULL,,1,0,3,7,255,,250,0,0
stim,6983,6983,0,3277946.816,0.571,-0.039,-0.108,-0.812,79,89,53,42,35,0,38,13,0,0.000,0,0,0.120,0.004,0.080,-0.040,-0.080,0.003,0.025,1.002,0.004,0.002,0.006,0.000,0.000,0.000,0.000,0,NULL,NULL,,1,0,3,7,255,,250,0,0
stim,6983,6983,0,3277951.816,0.571,-0.039,-0.108,-0.812,85,71,85,70,21,0,50,44,0,0.000,0,0,0.115,0.006,0.080,0.020,-0.080,0.003,0.025,1.003,0.004,-0.004,0.000,0.000,0.000,0.000,0.000,0,NULL,NULL,,1,0,3,7,255,,250,0,0
stim,6992,6992,0,3277956.816,0.571,-0.039,-0.108,-0.812,77,89,53,43,36,0,39,13,0,0.000,0,0,0.092,0.006,0.080,-0.040,-0.020,0.002,0.025,1.003,0.004,-0.004,0.000,0.000,0.000,0.000,0.000,0,NULL,NULL,,1,0,3,7,255,,250,0,0
stim,6992,6992,0,3277961.816,0.571,-0.039,-0.108,-0.812,83,91,55,67,21,0,41,41,0,0.000,0,0,0.115,0.006,0.080,0.020,-0.080,0.004,0.026,1.004,0.004,-0.004,0.000,0.000,0.000,0.000,0.000,0,NULL,NULL,,1,0,3,7,255,,250,0,0
stim,6992,6992,0,3277966.816,0.571,-0.039,-0.108,-0.812,57,89,81,38,41,0,63,13,0,0.000,0,0,0.092,0.008,0.080,-0.040,-0.020,0.002,0.025,1.002,0.000,-0.008,0.000,0.000,0.000,0.000,0.000,0,NULL,NULL,,1,0,3,7,255,,250,0,0
stim,6992,6992,0,3277971.816,0.571,-0.039,-0.108,-0.812,59,89,55,39,41,0,59,16,0,0.000,0,0,0.085,0.002,0.080,0.020,-0.020,0.004,0.024,1.003,0.000,0.002,0.000,0.000,0.000,0.000,0.000,0,NULL,NULL,,1,0,3,7,255,,250,0,0
stim,7014,7014,0,3277976.819,0.571,-0.039,-0.108,-0.812,49,67,85,39,22,0,69,34,0,0.000,0,0,0.085,0.000,0.080,0.020,-0.020,0.003,0.025,1.003,0.000,0.000,0.000,0.000,0.000,0.000,0.000,0,NULL,NULL,,1,0,3,7,255,,250,0,0
stim,7014,7014,0,3277981.816,0.571,-0.039,-0.108,-0.812,84,71,57,69,17,0,39,43,0,0.000,0,0,0.082,0.002,0.000,0.020,-0.080,0.003,0.025,1.002,-0.002,0.000,0.000,0.000,0.000,0.000,0.000,0,NULL,NULL,,1,0,3,7,255,,250,0,0
stim,7026,7026,0,3277986.816,0.571,-0.039,-0.108,-0.812,73,63,58,69,19,0,39,42,0,0.000,0,0,0.085,0.004,0.080,0.020,-0.020,0.004,0.026,1.003,-0.004,0.000,0.000,0.000,0.000,0.000,0.000,0,NULL,NULL,,1,0,3,7,255,,250,0,0
stim,7026,7026,0,3277991.816,0.571,-0.039,-0.108,-0.812,79,90,55,59,20,0,41,18,0,0.000,0,0,0.115,0.006,0.080,0.020,-0.080,0.003,0.024,1.003,-0.004,0.004,0.000,0.000,0.000,0.000,0.000,0,NULL,NULL,,1,0,3,7,255,,250,0,0
stim,7027,7027,0,3277996.816,0.571,-0.039,-0.108,-0.812,51,83,79,39,39,0,53,14,0,0.000,0,0,0.120,0.004,0.080,-0.040,-0.080,0.002,0.025,1.004,0.000,0.004,0.000,0.000,0.000,0.000,0.000,0,NULL,NULL,,1,0,3,7,255,,250,0,0
stim,7027,7027,0,3278001.816,0.571,-0.039,-0.108,-0.812,85,89,59,69,20,0,41,43,0,0.000,0,0,0.085,0.004,0.080,0.020,-0.020,0.004,0.026,1.002,0.000,0.004,0.000,0.000,0.000,0.000,0.000,0,NULL,NULL,,1,0,3,7,255,,250,0,0
stim,7042,7042,0,3278006.816,0.571,-0.039,-0.108,-0.812,73,61,58,69,16,0,39,43,0,0.000,0,0,0.028,0.008,0.000,0.020,-0.020,0.003,0.026,1.002,-0.008,-0.002,-0.004,0.000,0.000,0.000,0.000,0,NULL,NULL,,1,0,3,7,255,,250,0,0
stim,7042,7042,0,3278011.816,0.571,-0.039,-0.108,-0.812,52,67,83,39,36,0,62,18,0,0.000,0,0,0.085,0.011,0.080,0.020,-0.020,0.004,0.024,1.002,-0.008,0.008,-0.004,0.000,0.000,0.000,0.000,0,NULL,NULL,,1,0,3,7,255,,250,0,0
stim,7043,7043,0,3278016.816,0.571,-0.039,-0.108,-0.812,83,71,58,69,19,0,40,43,0,0.000,0,0,0.028,0.003,0.000,0.020,-0.020,0.002,0.025,1.003,0.002,-0.002,-0.004,0.000,0.000,0.000,0.000,0,NULL,NULL,,1,0,3,7,255,,250,0,0
stim,7043,7043,0,3278021.816,0.571,-0.039,-0.108,-0.812,56,67,84,69,21,0,63,43,0,0.000,0,0,0.115,0.004,0.080,0.020,-0.080,0.003,0.024,1.003,0.004,0.002,0.000,0.000,0.000,0.000,0.000,0,NULL,NULL,,1,0,3,7,255,,250,0,0
stim,7087,7087,0,3278026.816,0.571,-0.039,-0.108,-0.812,55,61,76,61,23,0,61,43,0,0.000,0,0,0.115,0.006,0.080,0.020,-0.080,0.003,0.025,1.002,0.004,-0.004,0.000,0.000,0.000,0.000,0.000,0,NULL,NULL,,1,0,3,7,255,,250,0,0
stim,7087,7087,0,3278031.816,0.571,-0.039,-0.108,-0.812,77,91,53,43,33,0,37,13,0,0.000,0,0,0.115,0.004,0.080,0.020,-0.080,0.004,0.025,1.002,0.004,0.002,-0.004,0.000,0.000,0.000,0.000,0,NULL,NULL,,1,0,3,7,255,,250,0,0
stim,7087,7087,0,3278036.820,0.571,-0.039,-0.108,-0.812,81,88,55,67,21,0,39,25,0,0.000,0,0,0.115,0.004,0.080,0.080,-0.020,0.003,0.025,1.002,-0.002,-0.004,-0.004,0.000,0.000,0.000,0.000,0,NULL,NULL,,1,0,3,7,255,,250,0,0
stim,7087,7087,0,3278041.816,0.571,-0.039,-0.108,-0.812,75,67,59,70,16,0,41,43,0,0.000,0,0,0.139,0.004,0.080,0.080,-0.080,0.003,0.025,1.003,-0.002,-0.004,-0.004,0.000,0.000,0.000,0.000,0,NULL,NULL,,1,0,3,7,255,,250,0,0
stim,7087,7087,0,3278046.816,0.571,-0.039,-0.108,-0.812,77,89,57,37,41,0,61,16,0,0.000,0,0,0.092,0.006,0.080,-0.040,-0.020,0.002,0.024,1.003,0.004,-0.004,0.000,0.000,0.000,0.000,0.000,0,NULL,NULL,,1,0,3,7,255,,250,0,0
stim,7087,7087,0,3278051.816,0.571,-0.039,-0.108,-0.812,83,91,56,67,20,0,41,41,0,0.000,0,0,0.085,0.006,0.080,0.020,-0.020,0.004,0.024,1.004,0.004,-0.004,0.006,0.000,0.000,0.000,0.000,0,NULL,NULL,,1,0,3,7,255,,250,0,0
stim,7103,7103,0,3278056.816,0.571,-0.039,-0.108,-0.812,76,88,51,40,29,0,51,11,0,0.000,0,0,0.085,0.012,0.080,0.020,-0.020,0.003,0.024,1.003,0.012,0.000,0.006,0.000,0.000,0.000,0.000,0,NULL,NULL,,1,0,3,7,255,,250,0,0
stim,7103,7103,0,3278061.816,0.571,-0.039,-0.108,-0.812,59,91,53,40,39,0,57,12,0,0.000,0,0,0.115,0.008,0.080,0.080,-0.020,0.003,0.024,1.003,0.008,0.000,0.006,0.000,0.000,0.000,0.000,0,NULL,NULL,,1,0,3,7,255,,250,0,0
stim,7103,7103,0,3278066.816,0.571,-0.039,-0.108,-0.812,45,53,83,42,17,0,61,40,0,0.000,0,0,0.085,0.008,0.080,0.020,-0.020,0.003,0.024,1.003,0.008,-0.002,0.000,0.000,0.000,0.000,0.000,0,NULL,NULL,,1,0,3,7,255,,250,0,0
stim,7103,7103,0,3278071.817,0.571,-0.039,-0.108,-0.812,82,91,55,45,37,0,40,21,0,0.000,0,0,0.085,0.008,0.080,0.020,-0.020,0.004,0.024,1.004,0.008,-0.002,0.000,0.000,0.000,0.000,0.000,0,NULL,NULL,,1,0,3,7,255,,250,0,0
stim,7103,7103,0,3278076.816,0.571,-0.039,-0.108,-0.812,82,87,53,63,19,0,39,41,0,0.000,0,0,0.085,0.003,0.080,0.020,-0.020,0.003,0.025,1.002,0.002,-0.002,0.000,0.000,0.000,0.000,0.000,0,NULL,NULL,,1,0,3,7,255,,250,0,0
stim,7103,7103,0,3278081.816,0.571,-0.039,-0.108,-0.812,53,63,83,43,37,0,67,43,0,0.000,0,0,0.115,0.002,0.080,0.020,-0.080,0.003,0.025,1.002,0.002,0.000,-0.004,0.000,0.000,0.000,0.000,0,NULL,NULL,,1,0,3,7,255,,250,0,0
stim,7119,7119,0,3278086.816,0.571,-0.039,-0.108,-0.812,53,62,75,61,21,0,43,43,0,0.000,0,0,0.085,0.004,0.080,0.020,-0.020,0.002,0.025,1.002,0.002,-0.004,-0.004,0.000,0.000,0.000,0.000,0,NULL,NULL,,1,0,3,7,255,,250,0,0
stim,7119,7119,0,3278091.816,0.571,-0.039,-0.108,-0.812,51,85,59,39,40,0,68,17,0,0.000,0,0,0.085,0.003,0.080,0.020,-0.020,0.003,0.025,1.002,0.002,-0.002,-0.008,0.000,0.000,0.000,0.000,0,NULL,NULL,,1,0,3,7,255,,250,0,0
stim,7135,7135,0,3278096.816,0.571,-0.039,-0.108,-0.812,53,62,83,44,19,0,62,43,0,0.000,0,0,0.143,0.003,0.140,0.020,-0.020,0.004,0.025,1.004,0.002,-0.002,-0.008,0.000,0.000,0.000,0.000,0,NULL,NULL,,1,0,3,7,255,,250,0,0
stim,7135,7135,0,3278101.816,0.571,-0.039,-0.108,-0.812,57,61,85,69,23,0,68,45,0,0.000,0,0,0.085,0.010,0.080,0.020,-0.020,0.005,0.025,1.002,-0.002,0.010,-0.004,0.000,0.000,0.000,0.000,0,NULL,NULL,,1,0,3,7,255,,250,0,0
stim,7135,7135,0,3278106.816,0.571,-0.039,-0.108,-0.812,51,69,81,39,35,0,63,33,0,0.000,0,0,0.085,0.010,0.080,0.020,-0.020,0.003,0.024,1.003,-0.002,0.010,0.000,0.000,0.000,0.000,0.000,0,NULL,NULL,,1,0,3,7,255,,250,0,0
stim,7135,7135,0,3278111.816,0.571,-0.039,-0.108,-0.812,75,69,85,70,20,0,47,43,0,0.000,0,0,0.085,0.009,0.080,0.020,-0.020,0.003,0.026,1.002,-0.008,0.004,-0.004,0.000,0.000,0.000,0.000,0,NULL,NULL,,1,0,3,7,255,,250,0,0
stim,7151,7151,0,3278116.816,0.571,-0.039,-0.108,-0.812,73,63,55,69,19,0,41,44,0,0.000,0,0,0.085,0.007,0.080,0.020,-0.020,0.003,0.024,1.002,0.006,0.004,-0.004,0.000,0.000,0.000,0.000,0,NULL,NULL,,1,0,3,7,255,,250,0,0
stim,7151,7151,0,3278121.816,0.571,-0.039,-0.108,-0.812,54,87,59,37,40,2,63,13,0,0.000,0,0,0.085,0.004,0.080,0.020,-0.020,0.002,0.025,1.003,0.000,-0.004,-0.004,0.000,0.000,0.000,0.000,0,NULL,NULL,,1,0,3,7,255,,250,0,0
stim,7183,7183,0,3278126.816,0.571,-0.039,-0.108,-0.812,76,69,59,67,19,0,39,41,0,0.000,0,0,0.115,0.006,0.080,0.020,-0.080,0.004,0.024,1.003,0.004,0.004,0.000,0.000,0.000,0.000,0.000,0,NULL,NULL,,1,0,3,7,255,,250,0,0
stim,7183,7183,0,3278131.816,0.571,-0.039,-0.108,-0.812,75,67,84,69,21,0,47,44,0,0.000,0,0,0.115,0.006,0.080,0.020,-0.080,0.002,0.024,1.003,0.004,-0.004,0.006,0.000,0.000,0.000,0.000,0,NULL,NULL,,1,0,3,7,255,,250,0,0
stim,7183,7183,0,3278136.819,0.571,-0.039,-0.108,-0.812,47,83,75,37,37,0,61,17,0,0.000,0,0,0.085,0.006,0.080,0.020,-0.020,0.004,0.025,1.004,0.004,0.004,0.006,0.000,0.000,0.000,0.000,0,NULL,NULL,,1,0,3,7,255,,250,0,0
stim,7183,7183,0,3278141.816,0.571,-0.039,-0.108,-0.812,53,63,77,43,39,0,68,40,0,0.000,0,0,0.115,0.007,0.080,0.020,-0.080,0.004,0.025,1.004,-0.006,0.004,0.010,0.000,0.000,0.000,0.000,0,NULL,NULL,,1,0,3,7,255,,250,0,0
stim,7183,7183,0,3278146.816,0.571,-0.039,-0.108,-0.812,77,89,53,42,39,0,57,12,0,0.000,0,0,0.092,0.007,0.080,0.020,0.040,0.003,0.025,1.002,-0.006,0.004,0.010,0.000,0.000,0.000,0.000,0,NULL,NULL,,1,0,3,7,255,,250,0,0
stim,7183,7183,0,3278151.816,0.571,-0.039,-0.108,-0.812,85,87,57,69,19,0,39,43,0,0.000,0,0,0.028,0.004,0.000,0.020,-0.020,0.004,0.024,1.001,0.000,0.004,-0.004,0.000,0.000,0.000,0.000,0,NULL,NULL,,1,0,3,7,255,,250,0,0
stim,7183,7183,0,3278156.816,0.571,-0.039,-0.108,-0.812,76,89,57,39,40,3,61,13,0,0.000,0,0,0.085,0.002,0.080,0.020,-0.020,0.003,0.025,1.002,0.000,0.002,-0.004,0.000,0.000,0.000,0.000,0,NULL,NULL,,1,0,3,7,255,,250,0,0
stim,7199,7199,0,3278161.816,0.571,-0.039,-0.108,-0.812,55,87,51,37,29,0,37,11,0,0.000,0,0,0.085,0.002,0.080,0.020,-0.020,0.003,0.025,1.003,0.000,0.002,-0.004,0.000,0.000,0.000,0.000,0,NULL,NULL,,1,0,3,7,255,,250,0,0
stim,7199,7199,0,3278166.816,0.571,-0.039,-0.108,-0.812,83,92,55,67,37,0,41,25,0,0.000,0,0,0.085,0.002,0.080,0.020,-0.020,0.003,0.024,1.002,0.000,0.002,-0.004,0.000,0.000,0.000,0.000,0,NULL,NULL,,1,0,3,7,255,,250,0,0
stim,7199,7199,0,3278171.816,0.571,-0.039,-0.108,-0.812,83,91,75,62,12,0,40,42,0,0.000,0,0,0.082,0.004,0.000,0.020,-0.080,0.004,0.025,1.002,-0.004,0.002,-0.004,0.000,0.000,0.000,0.000,0,NULL,NULL,,1,0,3,7,255,,250,0,0
stim,7215,7215,0,3278176.817,0.571,-0.039,-0.108,-0.812,74,63,83,69,16,0,45,44,0,0.000,0,0,0.092,0.007,0.080,-0.040,-0.020,0.004,0.025,1.002,-0.006,0.004,-0.004,0.000,0.000,0.000,0.000,0,NULL,NULL,,1,0,3,7,255,,250,0,0
stim,7215,7215,0,3278181.818,0.571,-0.039,-0.108,-0.812,77,70,85,71,20,0,46,45,0,0.000,0,0,0.115,0.007,0.080,0.020,-0.080,0.004,0.025,1.004,-0.006,0.004,-0.004,0.000,0.000,0.000,0.000,0,NULL,NULL,,1,0,3,7,255,,250,0,0
stim,7215,7215,0,3278186.816,0.571,-0.039,-0.108,-0.812,51,63,75,39,37,0,63,16,0,0.000,0,0,0.028,0.007,0.000,0.020,-0.020,0.003,0.024,1.003,-0.006,0.004,0.006,0.000,0.000,0.000,0.000,0,NULL,NULL,,1,0,3,7,255,,250,0,0
stim,7215,7215,0,3278191.816,0.571,-0.039,-0.108,-0.812,81,88,52,71,13,8,30,10,0,0.000,0,0,0.028,0.003,0.000,0.020,-0.020,0.003,0.025,1.003,0.002,0.002,0.006,0.000,0.000,0.000,0.000,0,NULL,NULL,,1,0,3,7,255,,250,0,0
stim,7215,7215,0,3278196.816,0.571,-0.039,-0.108,-0.812,57,89,53,37,39,0,56,13,0,0.000,0,0,0.143,0.002,0.140,0.020,-0.020,0.003,0.025,1.003,0.002,0.000,0.006,0.000,0.000,0.000,0.000,0,NULL,NULL,,1,0,3,7,255,,250,0,0
stim,7231,7231,0,3278201.816,0.571,-0.039,-0.108,-0.812,53,60,83,63,18,0,46,45,0,0.000,0,0,0.115,0.004,0.080,0.020,-0.080,0.003,0.025,1.002,0.000,-0.004,0.000,0.000,0.000,0.000,0.000,0,NULL,NULL,,1,0,3,7,255,,250,0,0
stim,7231,7231,0,3278206.816,0.571,-0.039,-0.108,-0.812,51,67,75,39,19,0,63,16,0,0.000,0,0,0.143,0.002,0.140,0.020,-0.020,0.004,0.025,1.003,-0.002,0.000,0.000,0.000,0.000,0.000,0.000,0,NULL,NULL,,1,0,3,7,255,,250,0,0
stim,7247,7247,0,3278211.816,0.571,-0.039,-0.108,-0.812,83,91,54,69,19,0,39,41,0,0.000,0,0,0.085,0.006,0.080,0.020,-0.020,0.002,0.025,1.003,-0.002,-0.006,0.006,0.000,0.000,0.000,0.000,0,NULL,NULL,,1,0,3,7,255,,250,0,0
stim,7247,7247,0,3278216.816,0.571,-0.039,-0.108,-0.812,77,91,53,59,33,0,38,18,0,0.000,0,0,0.085,0.004,0.080,0.020,-0.020,0.004,0.024,1.004,0.000,0.004,0.006,0.000,0.000,0.000,0.000,0,NULL,NULL,,1,0,3,7,255,,250,0,0
stim,7247,7247,0,3278221.816,0.571,-0.039,-0.108,-0.812,59,72,58,39,37,0,54,11,0,0.000,0,0,0.162,0.000,0.140,0.020,-0.080,0.003,0.025,1.002,0.000,0.000,0.006,0.000,0.000,0.000,0.000,0,NULL,NULL,,1,0,3,7,255,,250,0,0
stim,7247,7247,0,3278226.816,0.571,-0.039,-0.108,-0.812,83,91,52,60,33,0,37,20,0,0.000,0,0,0.085,0.003,0.080,0.020,-0.020,0.003,0.024,1.002,0.002,0.002,-0.008,0.000,0.000,0.000,0.000,0,NULL,NULL,,1,0,3,7,255,,250,0,0
stim,7279,7279,0,3278231.816,0.571,-0.039,-0.108,-0.812,75,62,58,71,17,0,39,43,0,0.000,0,0,0.115,0.004,0.080,0.020,-0.080,0.003,0.026,1.003,-0.004,0.000,-0.008,0.000,0.000,0.000,0.000,0,NULL,NULL,,1,0,3,7,255,,250,0,0
stim,7279,7279,0,3278236.818,0.571,-0.039,-0.108,-0.812,54,63,84,61,12,0,67,45,0,0.000,0,0,0.028,0.000,0.000,0.020,-0.020,0.003,0.025,1.002,0.000,0.000,-0.008,0.000,0.000,0.000,0.000,0,NULL,NULL,,1,0,3,7,255,,250,0,0
stim,7279,7279,0,3278241.816,0.571,-0.039,-0.108,-0.812,85,89,58,69,20,0,41,43,0,0.000,0,0,0.085,0.000,0.080,0.020,-0.020,0.004,0.024,1.004,0.000,0.000,0.000,0.000,0.000,0.000,0.000,0,NULL,NULL,,1,0,3,7,255,,250,0,0
stim,7279,7279,0,3278246.816,0.571,-0.039,-0.108,-0.812,83,89,57,69,19,0,39,25,0,0.000,0,0,0.085,0.002,0.080,0.020,-0.020,0.004,0.026,1.003,0.000,0.002,0.006,0.000,0.000,0.000,0.000,0,NULL,NULL,,1,0,3,7,255,,250,0,0
stim,7295,7295,0,3278251.816,0.571,-0.039,-0.108,-0.812,82,87,51,69,28,0,37,23,0,0.000,0,0,0.085,0.007,0.080,0.020,-0.020,0.004,0.024,1.002,0.004,0.006,0.006,0.000,0.000,0.000,0.000,0,NULL,NULL,,1,0,3,7,255,,250,0,0
stim,7295,7295,0,3278256.816,0.571,-0.039,-0.108,-0.812,51,59,85,39,41,0,69,37,0,0.000,0,0,0.092,0.006,0.080,-0.040,-0.020,0.003,0.024,1.002,0.006,0.002,-0.004,0.000,0.000,0.000,0.000,0,NULL,NULL,,1,0,3,7,255,,250,0,0
stim,7295,7295,0,3278261.816,0.571,-0.039,-0.108,-0.812,77,89,53,59,31,0,35,16,0,0.000,0,0,0.085,0.008,0.080,0.020,-0.020,0.004,0.024,1.002,0.006,0.006,-0.008,0.000,0.000,0.000,0.000,0,NULL,NULL,,1,0,3,7,255,,250,0,0
stim,7295,7295,0,3278266.816,0.571,-0.039,-0.108,-0.812,48,59,77,37,29,0,63,18,0,0.000,0,0,0.028,0.007,0.000,0.020,-0.020,0.004,0.025,1.003,0.004,0.006,-0.008,0.000,0.000,0.000,0.000,0,NULL,NULL,,1,0,3,7,255,,250,0,0
stim,7295,7295,0,3278271.816,0.571,-0.039,-0.108,-0.812,53,62,83,44,19,0,62,43,0,0.000,0,0,0.120,0.009,0.080,-0.040,-0.080,0.004,0.024,1.002,0.004,0.008,-0.008,0.000,0.000,0.000,0.000,0,NULL,NULL,,1,0,3,7,255,,250,0,0
stim,7295,7295,0,3278276.817,0.571,-0.039,-0.108,-0.812,59,91,54,41,37,0,57,13,0,0.000,0,0,0.085,0.011,0.080,0.020,-0.020,0.004,0.024,1.004,0.008,0.008,0.006,0.000,0.000,0.000,0.000,0,NULL,NULL,,1,0,3,7,255,,250,0,0
stim,7313,7313,0,3278281.816,0.571,-0.039,-0.108,-0.812,77,91,53,59,13,0,39,18,0,0.000,0,0,0.147,0.011,0.140,-0.040,-0.020,0.004,0.025,1.002,0.008,0.008,-0.004,0.000,0.000,0.000,0.000,0,NULL,NULL,,1,0,3,7,255,,250,0,0
stim,7313,7313,0,3278286.816,0.571,-0.039,-0.108,-0.812,83,71,75,69,16,0,38,42,0,0.000,0,0,0.085,0.004,0.080,0.020,-0.020,0.003,0.025,1.001,-0.004,0.002,-0.004,0.000,0.000,0.000,0.000,0,NULL,NULL,,1,0,3,7,255,,250,0,0
stim,7313,7313,0,3278291.816,0.571,-0.039,-0.108,-0.812,77,89,51,58,28,0,36,12,0,0.000,0,0,0.085,0.006,0.080,0.020,-0.020,0.004,0.025,1.003,-0.006,0.002,-0.004,0.000,0.000,0.000,0.000,0,NULL,NULL,,1,0,3,7,255,,250,0,0
stim,7313,7313,0,3278296.816,0.571,-0.039,-0.108,-0.812,79,69,82,69,16,0,45,43,0,0.000,0,0,0.082,0.009,0.000,0.020,-0.080,0.004,0.024,1.004,-0.004,0.008,0.006,0.000,0.000,0.000,0.000,0,NULL,NULL,,1,0,3,7,255,,250,0,0
stim,7327,7327,0,3278301.816,0.571,-0.039,-0.108,-0.812,53,88,76,37,35,0,62,13,0,0.000,0,0,0.085,0.011,0.080,0.020,-0.020,0.003,0.024,1.003,0.008,0.008,0.006,0.000,0.000,0.000,0.000,0,NULL,NULL,,1,0,3,7,255,,250,0,0
stim,7327,7327,0,3278306.816,0.571,-0.039,-0.108,-0.812,51,68,79,39,37,0,69,18,0,0.000,0,0,0.085,0.011,0.080,0.020,-0.020,0.004,0.024,1.002,0.008,0.008,0.000,0.000,0.000,0.000,0.000,0,NULL,NULL,,1,0,3,7,255,,250,0,0
stim,7346,7346,0,3278311.816,0.571,-0.039,-0.108,-0.812,59,91,45,40,33,0,30,10,0,0.000,0,0,0.085,0.010,0.080,0.020,-0.020,0.004,0.024,1.002,0.008,0.006,-0.004,0.000,0.000,0.000,0.000,0,NULL,NULL,,1,0,3,7,255,,250,0,0
stim,7346,7346,0,3278316.816,0.571,-0.039,-0.108,-0.812,51,69,77,40,37,0,63,16,0,0.000,0,0,0.092,0.006,0.080,-0.040,-0.020,0.003,0.025,1.003,0.002,0.006,-0.004,0.000,0.000,0.000,0.000,0,NULL,NULL,,1,0,3,7,255,,250,0,0
stim,7346,7346,0,3278321.816,0.571,-0.039,-0.108,-0.812,83,92,55,69,20,0,41,43,0,0.000,0,0,0.028,0.006,0.000,0.020,-0.020,0.004,0.024,1.003,0.002,0.006,0.000,0.000,0.000,0.000,0.000,0,NULL,NULL,,1,0,3,7,255,,250,0,0
stim,7346,7346,0,3278326.816,0.571,-0.039,-0.108,-0.812,53,86,53,36,35,0,55,12,0,0.000,0,0,0.085,0.000,0.080,0.020,-0.020,0.003,0.025,1.004,0.000,0.000,0.006,0.000,0.000,0.000,0.000,0,NULL,NULL,,1,0,3,7,255,,250,0,0
stim,7378,7378,0,3278331.816,0.571,-0.039,-0.108,-0.812,53,63,83,69,13,0,44,43,0,0.000,0,0,0.085,0.002,0.080,0.020,-0.020,0.003,0.025,1.002,0.002,0.000,0.006,0.000,0.000,0.000,0.000,0,NULL,NULL,,1,0,3,7,255,,250,0,0
stim,7378,7378,0,3278336.818,0.571,-0.039,-0.108,-0.812,50,69,77,39,37,0,64,17,0,0.000,0,0,0.082,0.004,0.000,0.020,-0.080,0.002,0.025,1.003,0.002,-0.004,0.000,0.000,0.000,0.000,0.000,0,NULL,NULL,,1,0,3,7,255,,250,0,0
stim,7379,7379,0,3278341.816,0.571,-0.039,-0.108,-0.812,59,89,55,41,40,1,57,13,0,0.000,0,0,0.115,0.004,0.080,0.020,-0.080,0.003,0.026,1.002,0.002,-0.004,-0.008,0.000,0.000,0.000,0.000,0,NULL,NULL,,1,0,3,7,255,,250,0,0
stim,7379,7379,0,3278346.816,0.571,-0.039,-0.108,-0.812,55,63,83,63,21,0,63,45,0,0.000,0,0,0.085,0.004,0.080,0.020,-0.020,0.003,0.025,1.003,0.002,-0.004,0.000,0.000,0.000,0.000,0.000,0,NULL,NULL,,1,0,3,7,255,,250,0,0
stim,7379,7379,0,3278351.816,0.571,-0.039,-0.108,-0.812,52,61,83,61,19,0,45,43,0,0.000,0,0,0.085,0.011,0.080,0.020,-0.020,0.004,0.026,1.003,-0.010,-0.004,0.000,0.000,0.000,0.000,0.000,0,NULL,NULL,,1,0,3,7,255,,250,0,0
stim,7379,7379,0,3278356.816,0.571,-0.039,-0.108,-0.812,59,91,53,41,37,0,57,16,0,0.000,0,0,0.085,0.006,0.080,0.020,-0.020,0.004,0.025,1.003,-0.006,0.002,0.002,0.000,0.000,0.000,0.000,0,NULL,NULL,,1,0,3,7,255,,250,0,0
stim,7413,7413,0,3278361.816,0.571,-0.039,-0.108,-0.812,77,89,54,40,41,2,59,12,0,0.000,0,0,0.115,0.006,0.080,0.080,-0.020,0.003,0.025,1.003,-0.006,0.002,0.002,0.000,0.000,0.000,0.000,0,NULL,NULL,,1,0,3,7,255,,250,0,0
stim,7413,7413,0,3278366.816,0.571,-0.039,-0.108,-0.812,55,61,85,59,18,0,67,43,0,0.000,0,0,0.085,0.004,0.080,0.020,-0.020,0.003,0.025,1.002,-0.004,-0.002,0.000,0.000,0.000,0.000,0.000,0,NULL,NULL,,1,0,3,7,255,,250,0,0
stim,7413,7413,0,3278371.816,0.571,-0.039,-0.108,-0.812,49,59,76,38,37,0,62,16,0,0.000,0,0,0.028,0.004,0.000,0.020,-0.020,0.004,0.025,1.002,-0.004,-0.002,-0.004,0.000,0.000,0.000,0.000,0,NULL,NULL,,1,0,3,7,255,,250,0,0
stim,7413,7413,0,3278376.818,0.571,-0.039,-0.108,-0.812,51,68,82,39,37,0,67,35,0,0.000,0,0,0.120,0.006,0.080,-0.040,-0.080,0.003,0.026,1.003,-0.006,-0.002,-0.004,0.000,0.000,0.000,0.000,0,NULL,NULL,,1,0,3,7,255,,250,0,0
stim,7413,7413,0,3278381.816,0.571,-0.039,-0.108,-0.812,57,90,74,40,37,0,57,17,0,0.000,0,0,0.085,0.006,0.080,0.020,-0.020,0.003,0.025,1.002,-0.006,0.000,-0.004,0.000,0.000,0.000,0.000,0,NULL,NULL,,1,0,3,7,255,,250,0,0
stim,7413,7413,0,3278386.816,0.571,-0.039,-0.108,-0.812,74,63,79,69,16,0,61,43,0,0.000,0,0,0.115,0.000,0.080,0.020,-0.080,0.003,0.024,1.003,0.000,0.000,0.002,0.000,0.000,0.000,0.000,0,NULL,NULL,,1,0,3,7,255,,250,0,0
stim,7425,7425,0,3278391.816,0.571,-0.039,-0.108,-0.812,54,61,83,61,19,0,45,44,0,0.000,0,0,0.085,0.000,0.080,0.020,-0.020,0.003,0.025,1.003,0.000,0.000,0.000,0.000,0.000,0.000,0.000,0,NULL,NULL,,1,0,3,7,255,,250,0,0
stim,7425,7425,0,3278396.816,0.571,-0.039,-0.108,-0.812,83,88,58,69,17,0,37,25,0,0.000,0,0,0.115,0.003,0.080,0.020,-0.080,0.004,0.025,1.003,-0.002,0.002,0.006,0.000,0.000,0.000,0.000,0,NULL,NULL,,1,0,3,7,255,,250,0,0
stim,7426,7426,0,3278401.816,0.571,-0.039,-0.108,-0.812,83,87,46,61,13,0,33,22,0,0.000,0,0,0.085,0.002,0.080,0.020,-0.020,0.003,0.025,1.002,-0.002,0.000,0.000,0.000,0.000,0.000,0.000,0,NULL,NULL,,1,0,3,7,255,,250,0,0
stim,7426,7426,0,3278406.816,0.571,-0.039,-0.108,-0.812,77,89,55,57,37,0,39,13,0,0.000,0,0,0.139,0.000,0.080,0.080,-0.080,0.003,0.025,1.003,0.000,0.000,0.000,0.000,0.000,0.000,0.000,0,NULL,NULL,,1,0,3,7,255,,250,0,0
stim,7441,7441,0,3278411.816,0.571,-0.039,-0.108,-0.812,55,61,79,68,18,0,41,43,0,0.000,0,0,0.028,0.000,0.000,0.020,-0.020,0.004,0.025,1.003,0.000,0.000,0.000,0.000,0.000,0.000,0.000,0,NULL,NULL,,1,0,3,7,255,,250,0,0
stim,7441,7441,0,3278416.816,0.571,-0.039,-0.108,-0.812,83,91,53,63,18,0,39,23,0,0.000,0,0,0.115,0.003,0.080,0.020,-0.080,0.004,0.025,1.002,-0.002,0.002,0.000,0.000,0.000,0.000,0.000,0,NULL,NULL,,1,0,3,7,255,,250,0,0
stim,7458,7458,0,3278421.816,0.571,-0.039,-0.108,-0.812,77,89,55,41,39,0,59,16,0,0.000,0,0,0.085,0.006,0.080,0.020,-0.020,0.004,0.025,1.002,-0.004,0.004,-0.004,0.000,0.000,0.000,0.000,0,NULL,NULL,,1,0,3,7,255,,250,0,0
stim,7458,7458,0,3278426.816,0.571,-0.039,-0.108,-0.812,77,89,55,37,37,1,39,13,0,0.000,0,0,0.085,0.004,0.080,0.020,-0.020,0.002,0.025,1.002,-0.004,0.002,-0.008,0.000,0.000,0.000,0.000,0,NULL,NULL,,1,0,3,7,255,,250,0,0
stim,7487,7487,0,3278431.816,0.571,-0.039,-0.108,-0.812,82,87,47,61,13,0,33,23,0,0.000,0,0,0.028,0.006,0.000,0.020,-0.020,0.004,0.024,1.003,0.002,0.006,-0.008,0.000,0.000,0.000,0.000,0,NULL,NULL,,1,0,3,7,255,,250,0,0
stim,7487,7487,0,3278436.819,0.571,-0.039,-0.108,-0.812,54,87,53,39,37,0,56,13,0,0.000,0,0,0.115,0.007,0.080,0.020,-0.080,0.002,0.024,1.004,0.004,-0.006,0.000,0.000,0.000,0.000,0.000,0,NULL,NULL,,1,0,3,7,255,,250,0,0
stim,7487,7487,0,3278441.816,0.571,-0.039,-0.108,-0.812,51,61,84,57,22,0,69,35,0,0.000,0,0,0.115,0.006,0.080,0.020,-0.080,0.004,0.024,1.004,0.002,0.006,0.010,0.000,0.000,0.000,0.000,0,NULL,NULL,,1,0,3,7,255,,250,0,0
stim,7487,7487,0,3278446.816,0.571,-0.039,-0.108,-0.812,58,90,55,39,41,1,59,17,0,0.000,0,0,0.085,0.004,0.080,0.020,-0.020,0.003,0.024,1.002,0.004,0.002,0.010,0.000,0.000,0.000,0.000,0,NULL,NULL,,1,0,3,7,255,,250,0,0
stim,7487,7487,0,3278451.816,0.571,-0.039,-0.108,-0.812,51,68,85,39,40,0,68,35,0,0.000,0,0,0.085,0.003,0.080,0.020,-0.020,0.003,0.025,1.002,0.002,0.002,-0.004,0.000,0.000,0.000,0.000,0,NULL,NULL,,1,0,3,7,255,,250,0,0
stim,7487,7487,0,3278456.816,0.571,-0.039,-0.108,-0.812,51,69,76,37,37,0,63,17,0,0.000,0,0,0.085,0.004,0.080,0.020,-0.020,0.003,0.024,1.003,0.004,0.000,-0.004,0.000,0.000,0.000,0.000,0,NULL,NULL,,1,0,3,7,255,,250,0,0
stim,7503,7503,0,3278461.816,0.571,-0.039,-0.108,-0.812,53,61,83,63,22,0,49,45,0,0.000,0,0,0.113,0.006,0.000,0.080,-0.080,0.001,0.024,1.003,0.006,-0.002,0.000,0.000,0.000,0.000,0.000,0,NULL,NULL,,1,0,3,7,255,,250,0,0
stim,7503,7503,0,3278466.816,0.571,-0.039,-0.108,-0.812,51,69,80,40,37,0,63,17,0,0.000,0,0,0.028,0.015,0.000,0.020,-0.020,0.002,0.025,1.004,0.006,-0.014,0.006,0.000,0.000,0.000,0.000,0,NULL,NULL,,1,0,3,7,255,,250,0,0
stim,7503,7503,0,3278471.816,0.571,-0.039,-0.108,-0.812,51,61,81,59,12,0,45,43,0,0.000,0,0,0.115,0.014,0.080,0.020,-0.080,0.002,0.025,1.002,0.002,-0.014,0.006,0.000,0.000,0.000,0.000,0,NULL,NULL,,1,0,3,7,255,,250,0,0
stim,7503,7503,0,3278476.817,0.571,-0.039,-0.108,-0.812,57,89,55,37,41,0,42,16,0,0.000,0,0,0.045,0.008,0.000,0.020,0.040,0.003,0.025,1.003,0.000,-0.008,0.000,0.000,0.000,0.000,0.000,0,NULL,NULL,,1,0,3,7,255,,250,0,0
stim,7519,7519,0,3278481.816,0.571,-0.039,-0.108,-0.812,77,89,53,61,31,0,37,20,0,0.000,0,0,0.082,0.006,0.000,0.020,-0.080,0.004,0.025,1.002,-0.006,0.000,-0.004,0.000,0.000,0.000,0.000,0,NULL,NULL,,1,0,3,7,255,,250,0,0
stim,7519,7519,0,3278486.816,0.571,-0.039,-0.108,-0.812,55,69,85,69,20,0,67,44,0,0.000,0,0,0.028,0.007,0.000,0.020,-0.020,0.004,0.024,1.003,-0.006,0.004,0.000,0.000,0.000,0.000,0.000,0,NULL,NULL,,1,0,3,7,255,,250,0,0
stim,7519,7519,0,3278491.816,0.571,-0.039,-0.108,-0.812,73,61,75,72,19,0,43,43,0,0.000,0,0,0.082,0.008,0.000,0.020,-0.080,0.004,0.024,1.003,0.002,0.008,0.000,0.000,0.000,0.000,0.000,0,NULL,NULL,,1,0,3,7,255,,250,0,0
stim,7519,7519,0,3278496.816,0.571,-0.039,-0.108,-0.812,53,87,82,39,41,0,69,16,0,0.000,0,0,0.115,0.008,0.080,0.020,-0.080,0.002,0.025,1.003,0.002,0.008,0.000,0.000,0.000,0.000,0.000,0,NULL,NULL,,1,0,3,7,255,,250,0,0
stim,7535,7535,0,3278501.816,0.571,-0.039,-0.108,-0.812,51,67,83,39,37,0,62,31,0,0.000,0,0,0.143,0.003,0.140,0.020,-0.020,0.003,0.026,1.002,0.002,-0.002,0.000,0.000,0.000,0.000,0.000,0,NULL,NULL,,1,0,3,7,255,,250,0,0
stim,7535,7535,0,3278506.816,0.571,-0.039,-0.108,-0.812,75,61,83,61,20,0,46,44,0,0.000,0,0,0.085,0.006,0.080,0.020,-0.020,0.003,0.025,1.002,-0.006,-0.002,-0.004,0.000,0.000,0.000,0.000,0,NULL,NULL,,1,0,3,7,255,,250,0,0
stim,7551,7551,0,3278511.816,0.571,-0.039,-0.108,-0.812,73,63,77,69,19,0,38,41,0,0.000,0,0,0.045,0.006,0.000,-0.040,-0.020,0.003,0.025,1.003,-0.006,0.000,-0.004,0.000,0.000,0.000,0.000,0,NULL,NULL,,1,0,3,7,255,,250,0,0
stim,7551,7551,0,3278516.816,0.571,-0.039,-0.108,-0.812,73,63,82,69,13,0,45,45,0,0.000,0,0,0.092,0.006,0.080,-0.040,-0.020,0.004,0.025,1.004,-0.006,0.002,0.000,0.000,0.000,0.000,0.000,0,NULL,NULL,,1,0,3,7,255,,250,0,0
stim,7551,7551,0,3278521.816,0.571,-0.039,-0.108,-0.812,83,91,55,68,18,0,37,40,0,0.000,0,0,0.085,0.002,0.080,0.020,-0.020,0.003,0.025,1.004,0.000,0.002,0.010,0.000,0.000,0.000,0.000,0,NULL,NULL,,1,0,3,7,255,,250,0,0
stim,7551,7551,0,3278526.816,0.571,-0.039,-0.108,-0.812,50,67,77,37,37,0,63,17,0,0.000,0,0,0.085,0.002,0.080,0.020,-0.020,0.001,0.025,1.002,0.000,0.002,0.010,0.000,0.000,0.000,0.000,0,NULL,NULL,,1,0,3,7,255,,250,0,0
stim,7583,7583,0,3278531.816,0.571,-0.039,-0.108,-0.812,73,63,85,61,19,0,47,45,0,0.000,0,0,0.115,0.002,0.080,0.020,-0.080,0.004,0.025,1.002,0.000,0.002,-0.004,0.000,0.000,0.000,0.000,0,NULL,NULL,,1,0,3,7,255,,250,0,0
stim,7583,7583,0,3278536.818,0.571,-0.039,-0.108,-0.812,79,91,53,57,30,0,36,12,0,0.000,0,0,0.085,0.008,0.080,0.020,-0.020,0.003,0.026,1.003,-0.008,0.000,-0.004,0.000,0.000,0.000,0.000,0,NULL,NULL,,1,0,3,7,255,,250,0,0
stim,7599,7599,0,3278541.816,0.571,-0.039,-0.108,-0.812,82,93,51,46,30,0,37,23,0,0.000,0,0,0.115,0.008,0.080,0.020,-0.080,0.003,0.025,1.003,-0.008,0.000,0.000,0.000,0.000,0.000,0.000,0,NULL,NULL,,1,0,3,7,255,,250,0,0
stim,7599,7599,0,3278546.816,0.571,-0.039,-0.108,-0.812,78,89,53,41,38,0,41,13,0,0.000,0,0,0.028,0.004,0.000,0.020,-0.020,0.004,0.024,1.003,-0.004,0.000,0.000,0.000,0.000,0.000,0.000,0,NULL,NULL,,1,0,3,7,255,,250,0,0
stim,7599,7599,0,3278551.816,0.571,-0.039,-0.108,-0.812,53,61,83,45,22,0,69,45,0,0.000,0,0,0.082,0.006,0.000,0.020,-0.080,0.003,0.024,1.003,0.002,0.006,0.000,0.000,0.000,0.000,0.000,0,NULL,NULL,,1,0,3,7,255,,250,0,0
stim,7599,7599,0,3278556.816,0.571,-0.039,-0.108,-0.812,60,91,56,39,41,1,57,16,0,0.000,0,0,0.085,0.010,0.080,0.020,-0.020,0.003,0.024,1.003,0.008,0.006,0.000,0.000,0.000,0.000,0.000,0,NULL,NULL,,1,0,3,7,255,,250,0,0
stim,7599,7599,0,3278561.816,0.571,-0.039,-0.108,-0.812,53,61,83,43,23,0,69,43,0,0.000,0,0,0.143,0.010,0.140,0.020,-0.020,0.002,0.026,1.002,0.008,0.006,0.000,0.000,0.000,0.000,0.000,0,NULL,NULL,,1,0,3,7,255,,250,0,0
stim,7599,7599,0,3278566.816,0.571,-0.039,-0.108,-0.812,84,87,58,71,12,0,39,43,0,0.000,0,0,0.147,0.006,0.140,-0.040,-0.020,0.004,0.024,1.003,0.002,0.006,0.000,0.000,0.000,0.000,0.000,0,NULL,NULL,,1,0,3,7,255,,250,0,0
stim,7599,7599,0,3278571.816,0.571,-0.039,-0.108,-0.812,75,61,59,68,18,0,39,43,0,0.000,0,0,0.085,0.012,0.080,0.020,-0.020,0.002,0.025,1.003,0.002,-0.012,0.000,0.000,0.000,0.000,0.000,0,NULL,NULL,,1,0,3,7,255,,250,0,0
stim,7599,7599,0,3278576.818,0.571,-0.039,-0.108,-0.812,58,91,53,41,39,0,57,13,0,0.000,0,0,0.115,0.006,0.080,0.020,-0.080,0.003,0.024,1.002,0.004,0.004,0.000,0.000,0.000,0.000,0.000,0,NULL,NULL,,1,0,3,7,255,,250,0,0
stim,7615,7615,0,3278581.816,0.571,-0.039,-0.108,-0.812,75,69,63,69,39,0,63,45,0,0.000,0,0,0.098,0.006,0.080,-0.040,0.040,0.003,0.024,1.003,0.004,0.004,0.000,0.000,0.000,0.000,0.000,0,NULL,NULL,,1,0,3,7,255,,250,0,0
stim,7615,7615,0,3278586.816,0.571,-0.039,-0.108,-0.812,84,92,57,69,19,0,39,41,0,0.000,0,0,0.085,0.006,0.080,0.020,-0.020,0.003,0.025,1.002,0.004,0.004,-0.004,0.000,0.000,0.000,0.000,0,NULL,NULL,,1,0,3,7,255,,250,0,0
stim,7615,7615,0,3278591.816,0.571,-0.039,-0.108,-0.812,76,89,55,39,39,1,57,12,0,0.000,0,0,0.028,0.003,0.000,0.020,-0.020,0.003,0.025,1.001,-0.002,0.002,-0.008,0.000,0.000,0.000,0.000,0,NULL,NULL,,1,0,3,7,255,,250,0,0
stim,7615,7615,0,3278596.816,0.571,-0.039,-0.108,-0.812,75,63,83,69,13,0,43,44,0,0.000,0,0,0.085,0.003,0.080,0.020,-0.020,0.004,0.024,1.003,-0.002,0.002,-0.008,0.000,0.000,0.000,0.000,0,NULL,NULL,,1,0,3,7,255,,250,0,0
stim,7631,7631,0,3278601.816,0.571,-0.039,-0.108,-0.812,76,89,55,38,40,0,59,16,0,0.000,0,0,0.085,0.006,0.080,0.020,-0.020,0.004,0.025,1.003,-0.002,0.006,0.006,0.000,0.000,0.000,0.000,0,NULL,NULL,,1,0,3,7,255,,250,0,0
stim,7631,7631,0,3278606.816,0.571,-0.039,-0.108,-0.812,83,93,55,51,22,0,39,25,0,0.000,0,0,0.115,0.008,0.080,0.080,-0.020,0.004,0.024,1.003,0.000,0.008,0.006,0.000,0.000,0.000,0.000,0,NULL,NULL,,1,0,3,7,255,,250,0,0
stim,7647,7647,0,3278611.816,0.571,-0.039,-0.108,-0.812,83,90,55,44,19,0,40,23,0,0.000,0,0,0.085,0.008,0.080,0.020,-0.020,0.004,0.024,1.004,0.002,0.008,0.006,0.000,0.000,0.000,0.000,0,NULL,NULL,,1,0,3,7,255,,250,0,0
stim,7647,7647,0,3278616.816,0.571,-0.039,-0.108,-0.812,51,68,57,38,37,0,63,17,0,0.000,0,0,0.120,0.008,0.080,-0.040,-0.080,0.004,0.025,1.002,0.002,0.008,0.006,0.000,0.000,0.000,0.000,0,NULL,NULL,,1,0,3,7,255,,250,0,0
stim,7647,7647,0,3278621.816,0.571,-0.039,-0.108,-0.812,55,61,79,69,18,0,43,43,0,0.000,0,0,0.085,0.006,0.080,0.020,-0.020,0.004,0.025,1.001,-0.002,0.006,-0.004,0.000,0.000,0.000,0.000,0,NULL,NULL,,1,0,3,7,255,,250,0,0
stim,7647,7647,0,3278626.816,0.571,-0.039,-0.108,-0.812,77,89,50,57,11,0,35,12,0,0.000,0,0,0.082,0.009,0.000,0.020,-0.080,0.004,0.025,1.002,-0.008,0.004,-0.004,0.000,0.000,0.000,0.000,0,NULL,NULL,,1,0,3,7,255,,250,0,0
stim,7680,7680,0,3278631.816,0.571,-0.039,-0.108,-0.812,77,89,53,41,35,0,56,12,0,0.000,0,0,0.147,0.009,0.140,-0.040,-0.020,0.003,0.026,1.004,-0.008,0.004,-0.004,0.000,0.000,0.000,0.000,0,NULL,NULL,,1,0,3,7,255,,250,0,0
stim,7680,7680,0,3278636.817,0.571,-0.039,-0.108,-0.812,73,67,83,71,16,0,45,45,0,0.000,0,0,0.085,0.009,0.080,0.020,-0.020,0.004,0.025,1.002,-0.008,0.004,-0.004,0.000,0.000,0.000,0.000,0,NULL,NULL,,1,0,3,7,255,,250,0,0
stim,7681,7681,0,3278641.817,0.571,-0.039,-0.108,-0.812,81,91,53,68,12,0,35,43,0,0.000,0,0,0.028,0.008,0.000,0.020,-0.020,0.003,0.026,1.002,-0.008,-0.002,-0.004,0.000,0.000,0.000,0.000,0,NULL,NULL,,1,0,3,7,255,,250,0,0
stim,7681,7681,0,3278646.816,0.571,-0.039,-0.108,-0.812,83,89,57,69,16,0,39,24,0,0.000,0,0,0.085,0.010,0.080,0.020,-0.020,0.003,0.026,1.002,-0.008,-0.006,-0.008,0.000,0.000,0.000,0.000,0,NULL,NULL,,1,0,3,7,255,,250,0,0
stim,7682,7682,0,3278651.816,0.571,-0.039,-0.108,-0.812,47,63,84,39,21,0,68,35,0,0.000,0,0,0.147,0.010,0.140,-0.040,-0.020,0.003,0.025,1.002,-0.008,-0.006,-0.004,0.000,0.000,0.000,0.000,0,NULL,NULL,,1,0,3,7,255,,250,0,0
stim,7682,7682,0,3278656.816,0.571,-0.039,-0.108,-0.812,84,89,77,69,12,0,37,41,0,0.000,0,0,0.085,0.006,0.080,0.020,-0.020,0.003,0.025,1.004,-0.006,0.000,-0.004,0.000,0.000,0.000,0.000,0,NULL,NULL,,1,0,3,7,255,,250,0,0
stim,7696,7696,0,3278661.816,0.571,-0.039,-0.108,-0.812,57,89,57,39,39,0,63,17,0,0.000,0,0,0.115,0.006,0.080,0.020,-0.080,0.004,0.026,1.005,-0.006,0.002,0.010,0.000,0.000,0.000,0.000,0,NULL,NULL,,1,0,3,7,255,,250,0,0
stim,7696,7696,0,3278666.816,0.571,-0.039,-0.108,-0.812,51,61,75,39,36,0,61,11,0,0.000,0,0,0.115,0.002,0.080,0.020,-0.080,0.003,0.024,1.004,0.000,0.002,0.010,0.000,0.000,0.000,0.000,0,NULL,NULL,,1,0,3,7,255,,250,0,0
stim,7696,7696,0,3278671.816,0.571,-0.039,-0.108,-0.812,77,89,53,37,31,0,57,12,0,0.000,0,0,0.113,0.002,0.000,0.080,-0.080,0.002,0.025,1.003,0.000,0.002,0.010,0.000,0.000,0.000,0.000,0,NULL,NULL,,1,0,3,7,255,,250,0,0
stim,7696,7696,0,3278676.817,0.571,-0.039,-0.108,-0.812,83,91,55,63,17,0,37,33,0,0.000,0,0,0.092,0.002,0.080,-0.040,-0.020,0.003,0.026,1.002,0.000,-0.002,0.006,0.000,0.000,0.000,0.000,0,NULL,NULL,,1,0,3,7,255,,250,0,0
stim,7714,7714,0,3278681.816,0.571,-0.039,-0.108,-0.812,51,59,83,37,37,0,63,18,0,0.000,0,0,0.115,0.002,0.080,0.020,-0.080,0.003,0.024,1.003,0.000,-0.002,0.000,0.000,0.000,0.000,0.000,0,NULL,NULL,,1,0,3,7,255,,250,0,0
stim,7714,7714,0,3278686.816,0.571,-0.039,-0.108,-0.812,83,88,57,63,19,0,39,41,0,0.000,0,0,0.028,0.006,0.000,0.020,-0.020,0.003,0.024,1.004,0.006,-0.002,0.000,0.000,0.000,0.000,0.000,0,NULL,NULL,,1,0,3,7,255,,250,0,0
stim,7727,7727,0,3278691.816,0.571,-0.039,-0.108,-0.812,77,89,55,41,39,0,39,17,0,0.000,0,0,0.085,0.006,0.080,0.020,-0.020,0.004,0.025,1.004,0.006,-0.002,0.010,0.000,0.000,0.000,0.000,0,NULL,NULL,,1,0,3,7,255,,250,0,0
stim,7727,7727,0,3278696.816,0.571,-0.039,-0.108,-0.812,84,88,77,67,17,0,39,41,0,0.000,0,0,0.085,0.004,0.080,0.020,-0.020,0.003,0.024,1.001,0.004,-0.002,0.010,0.000,0.000,0.000,0.000,0,NULL,NULL,,1,0,3,7,255,,250,0,0
stim,7727,7727,0,3278701.816,0.571,-0.039,-0.108,-0.812,74,61,74,64,18,0,45,41,0,0.000,0,0,0.028,0.006,0.000,0.020,-0.020,0.003,0.024,1.002,0.004,0.004,-0.010,0.000,0.000,0.000,0.000,0,NULL,NULL,,1,0,3,7,255,,250,0,0
stim,7727,7727,0,3278706.816,0.571,-0.039,-0.108,-0.812,57,89,53,41,40,0,59,16,0,0.000,0,0,0.115,0.004,0.080,0.020,-0.080,0.002,0.024,1.002,0.004,-0.002,-0.010,0.000,0.000,0.000,0.000,0,NULL,NULL,,1,0,3,7,255,,250,0,0
stim,7746,7746,0,3278711.816,0.571,-0.039,-0.108,-0.812,73,62,57,67,18,0,39,43,0,0.000,0,0,0.085,0.006,0.080,0.020,-0.020,0.004,0.025,1.003,0.004,0.004,-0.010,0.000,0.000,0.000,0.000,0,NULL,NULL,,1,0,3,7,255,,250,0,0
stim,7746,7746,0,3278716.816,0.571,-0.039,-0.108,-0.812,51,63,79,40,19,0,61,30,0,0.000,0,0,0.045,0.006,0.000,-0.040,-0.020,0.004,0.025,1.003,-0.002,0.006,0.000,0.000,0.000,0.000,0.000,0,NULL,NULL,,1,0,3,7,255,,250,0,0
stim,7761,7761,0,3278721.816,0.571,-0.039,-0.108,-0.812,54,62,82,45,17,0,61,43,0,0.000,0,0,0.115,0.010,0.080,0.080,-0.020,0.003,0.026,1.003,-0.008,0.006,0.000,0.000,0.000,0.000,0.000,0,NULL,NULL,,1,0,3,7,255,,250,0,0
stim,7761,7761,0,3278726.816,0.571,-0.039,-0.108,-0.812,52,63,83,59,20,0,69,39,0,0.000,0,0,0.115,0.007,0.080,0.020,-0.080,0.004,0.025,1.003,-0.006,0.004,0.000,0.000,0.000,0.000,0.000,0,NULL,NULL,,1,0,3,7,255,,250,0,0
stim,7779,7779,0,3278731.816,0.571,-0.039,-0.108,-0.812,81,88,55,61,17,0,45,23,0,0.000,0,0,0.085,0.010,0.080,0.020,-0.020,0.003,0.026,1.001,-0.010,-0.002,0.000,0.000,0.000,0.000,0.000,0,NULL,NULL,,1,0,3,7,255,,250,0,0
stim,7779,7779,0,3278736.818,0.571,-0.039,-0.108,-0.812,49,67,83,37,35,0,61,17,0,0.000,0,0,0.092,0.007,0.080,-0.040,-0.020,0.004,0.024,1.004,-0.006,0.004,0.000,0.000,0.000,0.000,0.000,0,NULL,NULL,,1,0,3,7,255,,250,0,0
stim,7780,7780,0,3278741.817,0.571,-0.039,-0.108,-0.812,55,61,83,68,23,0,69,43,0,0.000,0,0,0.162,0.014,0.140,0.080,-0.020,0.004,0.026,1.003,-0.012,0.008,0.000,0.000,0.000,0.000,0.000,0,NULL,NULL,,1,0,3,7,255,,250,0,0
stim,7780,7780,0,3278746.816,0.571,-0.039,-0.108,-0.812,78,91,55,59,17,0,37,13,0,0.000,0,0,0.085,0.011,0.080,0.020,-0.020,0.003,0.026,1.003,-0.008,0.008,0.006,0.000,0.000,0.000,0.000,0,NULL,NULL,,1,0,3,7,255,,250,0,0
stim,7781,7781,0,3278751.816,0.571,-0.039,-0.108,-0.812,77,89,51,41,30,0,40,12,0,0.000,0,0,0.120,0.013,0.080,-0.040,-0.080,0.003,0.026,1.003,-0.012,-0.004,0.006,0.000,0.000,0.000,0.000,0,NULL,NULL,,1,0,3,7,255,,250,0,0
stim,7781,7781,0,3278756.816,0.571,-0.039,-0.108,-0.812,51,69,85,39,37,0,63,33,0,0.000,0,0,0.085,0.009,0.080,0.020,-0.020,0.003,0.025,1.003,-0.008,-0.004,0.006,0.000,0.000,0.000,0.000,0,NULL,NULL,,1,0,3,7,255,,250,0,0
stim,7813,7813,0,3278761.816,0.571,-0.039,-0.108,-0.812,53,61,81,43,19,0,62,43,0,0.000,0,0,0.085,0.003,0.080,0.020,-0.020,0.003,0.025,1.003,0.002,-0.002,0.000,0.000,0.000,0.000,0.000,0,NULL,NULL,,1,0,3,7,255,,250,0,0
stim,7813,7813,0,3278766.817,0.571,-0.039,-0.108,-0.812,48,69,77,37,37,0,68,17,0,0.000,0,0,0.028,0.003,0.000,0.020,-0.020,0.003,0.026,1.003,0.002,-0.002,0.000,0.000,0.000,0.000,0.000,0,NULL,NULL,,1,0,3,7,255,,250,0,0
stim,7813,7813,0,3278771.816,0.571,-0.039,-0.108,-0.812,73,83,57,71,17,0,38,43,0,0.000,0,0,0.085,0.002,0.080,0.020,-0.020,0.004,0.025,1.003,0.000,0.002,0.006,0.000,0.000,0.000,0.000,0,NULL,NULL,,1,0,3,7,255,,250,0,0
stim,7813,7813,0,3278776.816,0.571,-0.039,-0.108,-0.812,75,69,81,69,17,0,45,43,0,0.000,0,0,0.085,0.006,0.080,0.020,-0.020,0.004,0.024,1.002,0.000,0.006,0.006,0.000,0.000,0.000,0.000,0,NULL,NULL,,1,0,3,7,255,,250,0,0
stim,7813,7813,0,3278781.817,0.571,-0.039,-0.108,-0.812,83,89,55,69,16,0,38,26,0,0.000,0,0,0.085,0.006,0.080,0.020,-0.020,0.003,0.025,1.002,0.000,0.006,-0.004,0.000,0.000,0.000,0.000,0,NULL,NULL,,1,0,3,7,255,,250,0,0
stim,7813,7813,0,3278786.816,0.571,-0.039,-0.108,-0.812,83,91,52,47,30,0,36,23,0,0.000,0,0,0.028,0.004,0.000,0.020,-0.020,0.004,0.025,1.002,-0.002,0.004,-0.004,0.000,0.000,0.000,0.000,0,NULL,NULL,,1,0,3,7,255,,250,0,0
stim,7814,7814,0,3278791.816,0.571,-0.039,-0.108,-0.812,53,61,72,59,21,0,63,43,0,0.000,0,0,0.115,0.007,0.080,0.080,-0.020,0.004,0.025,1.003,-0.006,0.004,-0.004,0.000,0.000,0.000,0.000,0,NULL,NULL,,1,0,3,7,255,,250,0,0
stim,7814,7814,0,3278796.816,0.571,-0.039,-0.108,-0.812,53,61,83,43,37,0,61,41,0,0.000,0,0,0.028,0.010,0.000,0.020,-0.020,0.005,0.024,1.003,-0.006,0.008,0.000,0.000,0.000,0.000,0.000,0,NULL,NULL,,1,0,3,7,255,,250,0,0
stim,7824,7824,0,3278801.816,0.571,-0.039,-0.108,-0.812,83,90,54,67,18,0,39,41,0,0.000,0,0,0.085,0.008,0.080,0.020,-0.020,0.003,0.025,1.003,0.000,0.008,0.000,0.000,0.000,0.000,0.000,0,NULL,NULL,,1,0,3,7,255,,250,0,0
stim,7824,7824,0,3278806.816,0.571,-0.039,-0.108,-0.812,76,89,49,55,29,0,35,11,0,0.000,0,0,0.092,0.003,0.080,0.020,0.040,0.003,0.024,1.004,0.002,-0.002,0.006,0.000,0.000,0.000,0.000,0,NULL,NULL,,1,0,3,7,255,,250,0,0
stim,7841,7841,0,3278811.816,0.571,-0.039,-0.108,-0.812,51,61,78,59,12,0,61,43,0,0.000,0,0,0.085,0.004,0.080,0.020,-0.020,0.004,0.024,1.003,0.004,-0.002,0.000,0.000,0.000,0.000,0.000,0,NULL,NULL,,1,0,3,7,255,,250,0,0
stim,7841,7841,0,3278816.816,0.571,-0.039,-0.108,-0.812,51,69,56,37,37,0,62,14,0,0.000,0,0,0.143,0.004,0.140,0.020,-0.020,0.003,0.025,1.002,0.004,-0.002,0.000,0.000,0.000,0.000,0.000,0,NULL,NULL,,1,0,3,7,255,,250,0,0
stim,7856,7856,0,3278821.816,0.571,-0.039,-0.108,-0.812,82,92,52,67,18,0,38,22,0,0.000,0,0,0.045,0.006,0.000,-0.040,-0.020,0.004,0.025,1.003,0.002,0.006,0.000,0.000,0.000,0.000,0.000,0,NULL,NULL,,1,0,3,7,255,,250,0,0
stim,7856,7856,0,3278826.816,0.571,-0.039,-0.108,-0.812,77,89,53,37,39,0,39,12,0,0.000,0,0,0.092,0.006,0.080,-0.040,-0.020,0.004,0.024,1.004,0.002,0.006,0.000,0.000,0.000,0.000,0.000,0,NULL,NULL,,1,0,3,7,255,,250,0,0
stim,7887,7887,0,3278831.816,0.571,-0.039,-0.108,-0.812,51,67,81,37,17,0,61,30,0,0.000,0,0,0.085,0.006,0.080,0.020,-0.020,0.004,0.025,1.003,0.000,0.006,0.000,0.000,0.000,0.000,0.000,0,NULL,NULL,,1,0,3,7,255,,250,0,0
stim,7887,7887,0,3278836.816,0.571,-0.039,-0.108,-0.812,77,89,50,57,29,0,33,16,0,0.000,0,0,0.085,0.006,0.080,0.020,-0.020,0.004,0.025,1.001,-0.002,0.006,0.000,0.000,0.000,0.000,0.000,0,NULL,NULL,,1,0,3,7,255,,250,0,0
stim,7887,7887,0,3278841.818,0.571,-0.039,-0.108,-0.812,55,63,85,63,23,0,71,44,0,0.000,0,0,0.115,0.006,0.080,0.020,-0.080,0.003,0.025,1.002,-0.004,0.004,-0.004,0.000,0.000,0.000,0.000,0,NULL,NULL,,1,0,3,7,255,,250,0,0
stim,7887,7887,0,3278846.816,0.571,-0.039,-0.108,-0.812,73,63,83,69,13,0,45,45,0,0.000,0,0,0.115,0.004,0.080,0.020,-0.080,0.004,0.026,1.003,-0.004,0.002,-0.004,0.000,0.000,0.000,0.000,0,NULL,NULL,,1,0,3,7,255,,250,0,0
stim,7887,7887,0,3278851.816,0.571,-0.039,-0.108,-0.812,58,89,77,39,39,0,69,9,0,0.000,0,0,0.085,0.004,0.080,0.020,-0.020,0.004,0.025,1.003,-0.004,0.002,0.000,0.000,0.000,0.000,0.000,0,NULL,NULL,,1,0,3,7,255,,250,0,0
stim,7887,7887,0,3278856.816,0.571,-0.039,-0.108,-0.812,53,63,85,62,20,0,63,44,0,0.000,0,0,0.028,0.008,0.000,0.020,-0.020,0.003,0.026,1.005,-0.008,0.002,0.006,0.000,0.000,0.000,0.000,0,NULL,NULL,,1,0,3,7,255,,250,0,0
stim,7904,7904,0,3278861.816,0.571,-0.039,-0.108,-0.812,53,61,84,43,21,0,69,43,0,0.000,0,0,0.115,0.006,0.080,0.020,-0.080,0.004,0.024,1.002,-0.002,0.006,0.000,0.000,0.000,0.000,0.000,0,NULL,NULL,,1,0,3,7,255,,250,0,0
stim,7904,7904,0,3278866.816,0.571,-0.039,-0.108,-0.812,57,89,53,41,33,0,39,12,0,0.000,0,0,0.085,0.008,0.080,0.020,-0.020,0.002,0.026,1.001,-0.008,-0.002,-0.004,0.000,0.000,0.000,0.000,0,NULL,NULL,,1,0,3,7,255,,250,0,0
stim,7904,7904,0,3278871.816,0.571,-0.039,-0.108,-0.812,77,89,55,41,40,0,40,13,0,0.000,0,0,0.085,0.004,0.080,0.020,-0.020,0.003,0.025,1.001,-0.002,-0.004,-0.014,0.000,0.000,0.000,0.000,0,NULL,NULL,,1,0,3,7,255,,250,0,0
stim,7904,7904,0,3278876.816,0.571,-0.039,-0.108,-0.812,83,93,55,47,37,0,39,24,0,0.000,0,0,0.085,0.004,0.080,0.020,-0.020,0.003,0.025,1.003,-0.002,-0.004,-0.014,0.000,0.000,0.000,0.000,0,NULL,NULL,,1,0,3,7,255,,250,0,0
stim,7919,7919,0,3278881.817,0.571,-0.039,-0.108,-0.812,47,59,84,39,31,0,63,17,0,0.000,0,0,0.082,0.003,0.000,0.020,-0.080,0.004,0.025,1.004,-0.002,0.002,0.006,0.000,0.000,0.000,0.000,0,NULL,NULL,,1,0,3,7,255,,250,0,0
stim,7919,7919,0,3278886.816,0.571,-0.039,-0.108,-0.812,83,89,57,69,16,0,37,42,0,0.000,0,0,0.085,0.004,0.080,0.020,-0.020,0.004,0.024,1.003,0.002,0.004,0.006,0.000,0.000,0.000,0.000,0,NULL,NULL,,1,0,3,7,255,,250,0,0
stim,7919,7919,0,3278891.816,0.571,-0.039,-0.108,-0.812,51,83,75,37,35,0,61,12,0,0.000,0,0,0.085,0.006,0.080,0.020,-0.020,0.004,0.025,1.001,0.000,0.006,0.006,0.000,0.000,0.000,0.000,0,NULL,NULL,,1,0,3,7,255,,250,0,0
stim,7919,7919,0,3278896.816,0.571,-0.039,-0.108,-0.812,55,67,83,61,19,0,62,44,0,0.000,0,0,0.085,0.006,0.080,0.020,-0.020,0.004,0.025,1.002,0.000,0.006,-0.004,0.000,0.000,0.000,0.000,0,NULL,NULL,,1,0,3,7,255,,250,0,0
stim,7935,7935,0,3278901.816,0.571,-0.039,-0.108,-0.812,53,61,83,61,16,0,43,44,0,0.000,0,0,0.082,0.006,0.000,0.020,-0.080,0.002,0.025,1.003,0.000,0.006,-0.004,0.000,0.000,0.000,0.000,0,NULL,NULL,,1,0,3,7,255,,250,0,0
stim,7935,7935,0,3278906.816,0.571,-0.039,-0.108,-0.812,52,84,57,37,41,1,63,17,0,0.000,0,0,0.115,0.008,0.080,0.020,-0.080,0.002,0.025,1.003,0.000,-0.008,0.006,0.000,0.000,0.000,0.000,0,NULL,NULL,,1,0,3,7,255,,250,0,0
stim,7935,7935,0,3278911.816,0.571,-0.039,-0.108,-0.812,83,89,55,63,18,0,43,39,0,0.000,0,0,0.085,0.008,0.080,0.020,-0.020,0.003,0.025,1.004,0.002,-0.008,0.006,0.000,0.000,0.000,0.000,0,NULL,NULL,,1,0,3,7,255,,250,0,0
stim,7935,7935,0,3278916.816,0.571,-0.039,-0.108,-0.812,50,59,78,38,37,0,63,17,0,0.000,0,0,0.082,0.003,0.000,0.020,-0.080,0.004,0.025,1.002,0.002,0.002,0.006,0.000,0.000,0.000,0.000,0,NULL,NULL,,1,0,3,7,255,,250,0,0
stim,7954,7954,0,3278921.816,0.571,-0.039,-0.108,-0.812,81,90,55,61,37,0,40,20,0,0.000,0,0,0.092,0.006,0.080,-0.040,-0.020,0.004,0.025,1.001,-0.004,0.004,-0.010,0.000,0.000,0.000,0.000,0,NULL,NULL,,1,0,3,7,255,,250,0,0
stim,7954,7954,0,3278926.816,0.571,-0.039,-0.108,-0.812,83,87,57,67,19,0,39,43,0,0.000,0,0,0.115,0.006,0.080,0.020,-0.080,0.003,0.024,1.002,-0.004,0.004,-0.010,0.000,0.000,0.000,0.000,0,NULL,NULL,,1,0,3,7,255,,250,0,0
stim,7983,7983,0,3278931.816,0.571,-0.039,-0.108,-0.812,55,61,77,68,12,0,37,41,0,0.000,0,0,0.028,0.006,0.000,0.020,-0.020,0.004,0.024,1.003,0.004,0.004,-0.010,0.000,0.000,0.000,0.000,0,NULL,NULL,,1,0,3,7,255,,250,0,0
stim,7983,7983,0,3278936.816,0.571,-0.039,-0.108,-0.812,78,89,53,41,37,1,40,13,0,0.000,0,0,0.120,0.006,0.080,-0.040,-0.080,0.003,0.025,1.003,0.004,0.004,0.000,0.000,0.000,0.000,0.000,0,NULL,NULL,,1,0,3,7,255,,250,0,0
stim,7983,7983,0,3278941.818,0.571,-0.039,-0.108,-0.812,77,91,53,41,39,0,58,14,0,0.000,0,0,0.085,0.004,0.080,0.020,-0.020,0.003,0.025,1.004,0.004,0.002,0.006,0.000,0.000,0.000,0.000,0,NULL,NULL,,1,0,3,7,255,,250,0,0
stim,7983,7983,0,3278946.816,0.571,-0.039,-0.108,-0.812,84,89,57,69,19,0,41,25,0,0.000,0,0,0.085,0.004,0.080,0.020,-0.020,0.003,0.025,1.002,0.002,-0.004,0.006,0.000,0.000,0.000,0.000,0,NULL,NULL,,1,0,3,7,255,,250,0,0
stim,7983,7983,0,3278951.816,0.571,-0.039,-0.108,-0.812,76,89,47,40,35,0,55,11,0,0.000,0,0,0.085,0.004,0.080,0.020,-0.020,0.003,0.025,1.003,-0.002,-0.004,0.006,0.000,0.000,0.000,0.000,0,NULL,NULL,,1,0,3,7,255,,250,0,0
stim,7983,7983,0,3278956.816,0.571,-0.039,-0.108,-0.812,51,68,83,40,37,0,67,17,0,0.000,0,0,0.028,0.002,0.000,0.020,-0.020,0.003,0.025,1.001,-0.002,0.000,-0.004,0.000,0.000,0.000,0.000,0,NULL,NULL,,1,0,3,7,255,,250,0,0
stim,7999,7999,0,3278961.816,0.571,-0.039,-0.108,-0.812,83,71,53,67,11,0,35,41,0,0.000,0,0,0.085,0.003,0.080,0.020,-0.020,0.003,0.025,1.003,0.002,0.002,0.000,0.000,0.000,0.000,0.000,0,NULL,NULL,,1,0,3,7,255,,250,0,0
stim,7999,7999,0,3278966.816,0.571,-0.039,-0.108,-0.812,61,91,55,39,41,0,63,10,0,0.000,0,0,0.162,0.003,0.140,0.020,-0.080,0.003,0.025,1.003,0.002,0.002,0.000,0.000,0.000,0.000,0.000,0,NULL,NULL,,1,0,3,7,255,,250,0,0
stim,7999,7999,0,3278971.816,0.571,-0.039,-0.108,-0.812,79,85,55,60,37,1,40,17,0,0.000,0,0,0.143,0.003,0.140,0.020,-0.020,0.004,0.026,1.004,0.002,0.002,0.000,0.000,0.000,0.000,0.000,0,NULL,NULL,,1,0,3,7,255,,250,0,0
stim,7999,7999,0,3278976.817,0.571,-0.039,-0.108,-0.812,48,68,75,38,37,0,67,17,0,0.000,0,0,0.028,0.003,0.000,0.020,-0.020,0.004,0.024,1.003,0.002,0.002,0.000,0.000,0.000,0.000,0.000,0,NULL,NULL,,1,0,3,7,255,,250,0,0
stim,8016,8016,0,3278981.816,0.571,-0.039,-0.108,-0.812,77,90,55,39,20,0,39,16,0,0.000,0,0,0.115,0.004,0.080,0.020,-0.080,0.003,0.024,1.002,0.004,0.002,0.000,0.000,0.000,0.000,0.000,0,NULL,NULL,,1,0,3,7,255,,250,0,0
stim,8016,8016,0,3278986.816,0.571,-0.039,-0.108,-0.812,77,90,51,57,13,0,39,12,0,0.000,0,0,0.115,0.004,0.080,0.020,-0.080,0.003,0.025,1.004,0.004,0.002,0.000,0.000,0.000,0.000,0.000,0,NULL,NULL,,1,0,3,7,255,,250,0,0
stim,8031,8031,0,3278991.816,0.571,-0.039,-0.108,-0.813,53,61,82,43,20,0,63,43,0,0.000,0,0,0.092,0.003,0.080,-0.040,-0.020,0.003,0.025,1.003,0.002,0.002,0.006,0.000,0.000,0.000,0.000,0,NULL,NULL,,1,0,3,7,255,,250,0,0
stim,8031,8031,0,3278996.816,0.571,-0.039,-0.108,-0.813,75,68,83,69,17,0,61,44,0,0.000,0,0,0.085,0.003,0.080,0.020,-0.020,0.005,0.025,1.003,0.002,0.002,0.006,0.000,0.000,0.000,0.000,0,NULL,NULL,,1,0,3,7,255,,250,0,0
stim,8031,8031,0,3279001.816,0.571,-0.039,-0.108,-0.813,53,61,75,61,41,0,61,43,0,0.000,0,0,0.120,0.003,0.080,-0.040,-0.080,0.003,0.025,1.003,0.002,0.002,0.006,0.000,0.000,0.000,0.000,0,NULL,NULL,,1,0,3,7,255,,250,0,0
stim,8031,8031,0,3279006.816,0.571,-0.039,-0.108,-0.813,84,91,54,50,37,1,39,25,0,0.000,0,0,0.115,0.007,0.080,0.020,-0.080,0.004,0.026,1.002,-0.004,0.006,0.000,0.000,0.000,0.000,0.000,0,NULL,NULL,,1,0,3,7,255,,250,0,0
stim,8047,8047,0,3279011.816,0.571,-0.039,-0.108,-0.813,77,89,53,58,35,0,39,12,0,0.000,0,0,0.143,0.002,0.140,0.020,-0.020,0.002,0.025,1.003,0.002,0.000,0.000,0.000,0.000,0.000,0.000,0,NULL,NULL,,1,0,3,7,255,,250,0,0
stim,8047,8047,0,3279016.816,0.571,-0.039,-0.108,-0.813,53,86,52,37,36,0,55,13,0,0.000,0,0,0.085,0.006,0.080,0.020,-0.020,0.003,0.025,1.003,-0.002,-0.006,0.000,0.000,0.000,0.000,0.000,0,NULL,NULL,,1,0,3,7,255,,250,0,0
stim,8047,8047,0,3279021.816,0.571,-0.039,-0.108,-0.813,73,82,55,67,13,0,37,42,0,0.000,0,0,0.180,0.007,0.140,0.080,-0.080,0.004,0.024,1.003,0.004,-0.006,0.000,0.000,0.000,0.000,0.000,0,NULL,NULL,,1,0,3,7,255,,250,0,0
stim,8047,8047,0,3279026.816,0.571,-0.039,-0.108,-0.813,51,67,77,39,37,0,63,16,0,0.000,0,0,0.085,0.008,0.080,0.020,-0.020,0.004,0.025,1.003,-0.002,0.008,0.000,0.000,0.000,0.000,0.000,0,NULL,NULL,,1,0,3,7,255,,250,0,0
stim,8079,8079,0,3279031.816,0.571,-0.039,-0.108,-0.813,53,62,83,61,6,0,43,44,0,0.000,0,0,0.085,0.010,0.080,0.020,-0.020,0.004,0.025,1.002,-0.002,0.010,0.000,0.000,0.000,0.000,0.000,0,NULL,NULL,,1,0,3,7,255,,250,0,0
stim,8079,8079,0,3279036.816,0.571,-0.039,-0.108,-0.813,81,91,53,47,16,0,39,24,0,0.000,0,0,0.082,0.010,0.000,0.020,-0.080,0.003,0.026,1.002,-0.006,0.008,-0.004,0.000,0.000,0.000,0.000,0,NULL,NULL,,1,0,3,7,255,,250,0,0
stim,8080,8080,0,3279041.818,0.571,-0.039,-0.108,-0.813,83,73,83,70,18,0,45,45,0,0.000,0,0,0.085,0.003,0.080,0.020,-0.020,0.003,0.024,1.004,-0.002,0.002,-0.004,0.000,0.000,0.000,0.000,0,NULL,NULL,,1,0,3,7,255,,250,0,0
stim,8080,8080,0,3279046.816,0.571,-0.039,-0.108,-0.813,78,89,53,40,37,1,40,13,0,0.000,0,0,0.115,0.006,0.080,0.020,-0.080,0.004,0.025,1.004,-0.006,0.002,0.010,0.000,0.000,0.000,0.000,0,NULL,NULL,,1,0,3,7,255,,250,0,0
stim,8080,8080,0,3279051.816,0.571,-0.039,-0.108,-0.813,81,91,51,61,28,0,35,19,0,0.000,0,0,0.085,0.007,0.080,0.020,-0.020,0.004,0.024,1.004,0.004,0.006,0.010,0.000,0.000,0.000,0.000,0,NULL,NULL,,1,0,3,7,255,,250,0,0
stim,8081,8081,0,3279056.816,0.571,-0.039,-0.108,-0.813,51,63,83,39,35,0,63,35,0,0.000,0,0,0.143,0.007,0.140,0.020,-0.020,0.003,0.024,1.002,0.004,0.006,0.010,0.000,0.000,0.000,0.000,0,NULL,NULL,,1,0,3,7,255,,250,0,0
stim,8095,8095,0,3279061.816,0.571,-0.039,-0.108,-0.813,58,89,56,42,41,1,59,18,0,0.000,0,0,0.085,0.004,0.080,0.020,-0.020,0.003,0.026,1.002,0.004,0.002,-0.004,0.000,0.000,0.000,0.000,0,NULL,NULL,,1,0,3,7,255,,250,0,0
stim,8095,8095,0,3279066.816,0.571,-0.039,-0.108,-0.813,79,92,52,63,31,0,38,23,0,0.000,0,0,0.082,0.002,0.000,0.020,-0.080,0.004,0.025,1.002,0.000,0.002,-0.004,0.000,0.000,0.000,0.000,0,NULL,NULL,,1,0,3,7,255,,250,0,0
stim,8113,8113,0,3279071.816,0.571,-0.039,-0.108,-0.813,55,67,84,45,21,0,63,44,0,0.000,0,0,0.115,0.004,0.080,0.020,-0.080,0.003,0.025,1.003,-0.004,-0.002,-0.004,0.000,0.000,0.000,0.000,0,NULL,NULL,,1,0,3,7,255,,250,0,0
stim,8113,8113,0,3279076.816,0.571,-0.039,-0.108,-0.813,53,87,58,39,37,0,68,17,0,0.000,0,0,0.120,0.004,0.080,-0.040,-0.080,0.004,0.025,1.003,0.000,0.004,0.000,0.000,0.000,0.000,0.000,0,NULL,NULL,,1,0,3,7,255,,250,0,0
stim,8113,8113,0,3279081.817,0.571,-0.039,-0.108,-0.813,77,89,53,41,36,1,38,13,0,0.000,0,0,0.092,0.003,0.080,-0.040,-0.020,0.003,0.025,1.002,-0.002,-0.002,0.000,0.000,0.000,0.000,0.000,0,NULL,NULL,,1,0,3,7,255,,250,0,0
stim,8113,8113,0,3279086.816,0.571,-0.039,-0.108,-0.813,53,87,78,37,35,0,63,13,0,0.000,0,0,0.120,0.004,0.080,-0.040,-0.080,0.003,0.025,1.002,0.000,-0.004,-0.004,0.000,0.000,0.000,0.000,0,NULL,NULL,,1,0,3,7,255,,250,0,0
stim,8127,8127,0,3279091.816,0.571,-0.039,-0.108,-0.813,53,61,77,61,23,0,45,43,0,0.000,0,0,0.085,0.004,0.080,0.020,-0.020,0.003,0.024,1.001,0.002,-0.004,-0.010,0.000,0.000,0.000,0.000,0,NULL,NULL,,1,0,3,7,255,,250,0,0
stim,8127,8127,0,3279096.816,0.571,-0.039,-0.108,-0.813,76,91,55,40,38,1,40,13,0,0.000,0,0,0.028,0.002,0.000,0.020,-0.020,0.003,0.025,1.003,0.002,0.000,-0.010,0.000,0.000,0.000,0.000,0,NULL,NULL,,1,0,3,7,255,,250,0,0
stim,8145,8145,0,3279101.816,0.571,-0.039,-0.108,-0.813,78,89,55,40,40,0,57,14,0,0.000,0,0,0.028,0.003,0.000,0.020,-0.020,0.004,0.025,1.005,0.002,0.002,0.000,0.000,0.000,0.000,0.000,0,NULL,NULL,,1,0,3,7,255,,250,0,0
stim,8145,8145,0,3279106.816,0.571,-0.039,-0.108,-0.813,51,61,83,41,40,0,69,39,0,0.000,0,0,0.092,0.002,0.080,-0.040,-0.020,0.003,0.025,1.004,0.002,0.000,0.010,0.000,0.000,0.000,0.000,0,NULL,NULL,,1,0,3,7,255,,250,0,0
stim,8145,8145,0,3279111.816,0.571,-0.039,-0.108,-0.813,48,68,81,40,35,0,61,17,0,0.000,0,0,0.085,0.002,0.080,0.020,-0.020,0.003,0.025,1.003,0.002,0.000,0.010,0.000,0.000,0.000,0.000,0,NULL,NULL,,1,0,3,7,255,,250,0,0
stim,8145,8145,0,3279116.816,0.571,-0.039,-0.108,-0.813,59,90,53,43,37,0,57,16,0,0.000,0,0,0.115,0.004,0.080,0.080,-0.020,0.002,0.026,1.003,0.002,-0.004,0.000,0.000,0.000,0.000,0.000,0,NULL,NULL,,1,0,3,7,255,,250,0,0
stim,8145,8145,0,3279121.816,0.571,-0.039,-0.108,-0.813,73,61,56,67,19,0,37,41,0,0.000,0,0,0.085,0.004,0.080,0.020,-0.020,0.003,0.024,1.002,0.002,-0.004,0.000,0.000,0.000,0.000,0.000,0,NULL,NULL,,1,0,3,7,255,,250,0,0
stim,8145,8145,0,3279126.816,0.571,-0.039,-0.108,-0.813,51,61,83,41,38,0,61,31,0,0.000,0,0,0.085,0.003,0.080,0.020,-0.020,0.004,0.025,1.004,-0.002,0.002,0.000,0.000,0.000,0.000,0.000,0,NULL,NULL,,1,0,3,7,255,,250,0,0
stim,8179,8179,0,3279131.816,0.571,-0.039,-0.108,-0.813,77,91,55,61,37,0,39,19,0,0.000,0,0,0.092,0.007,0.080,-0.040,-0.020,0.004,0.024,1.004,0.004,0.006,0.010,0.000,0.000,0.000,0.000,0,NULL,NULL,,1,0,3,7,255,,250,0,0
stim,8179,8179,0,3279136.816,0.571,-0.039,-0.108,-0.813,51,64,83,39,36,0,61,18,0,0.000,0,0,0.092,0.006,0.080,-0.040,-0.020,0.003,0.025,1.003,-0.002,0.006,0.010,0.000,0.000,0.000,0.000,0,NULL,NULL,,1,0,3,7,255,,250,0,0
stim,8180,8180,0,3279141.818,0.571,-0.039,-0.108,-0.813,85,72,77,68,13,0,39,43,0,0.000,0,0,0.085,0.004,0.080,0.020,-0.020,0.003,0.024,1.003,0.004,0.000,0.006,0.000,0.000,0.000,0.000,0,NULL,NULL,,1,0,3,7,255,,250,0,0
stim,8180,8180,0,3279146.816,0.571,-0.039,-0.108,-0.813,77,91,55,40,39,1,41,14,0,0.000,0,0,0.082,0.004,0.000,0.020,-0.080,0.004,0.026,1.002,-0.004,0.000,0.000,0.000,0.000,0.000,0.000,0,NULL,NULL,,1,0,3,7,255,,250,0,0
stim,8180,8180,0,3279151.816,0.571,-0.039,-0.108,-0.813,78,89,51,61,29,0,35,20,0,0.000,0,0,0.085,0.004,0.080,0.020,-0.020,0.003,0.025,1.002,-0.004,0.000,-0.010,0.000,0.000,0.000,0.000,0,NULL,NULL,,1,0,3,7,255,,250,0,0
stim,8180,8180,0,3279156.816,0.571,-0.039,-0.108,-0.813,73,60,84,63,21,0,68,45,0,0.000,0,0,0.028,0.010,0.000,0.020,-0.020,0.002,0.026,1.004,-0.010,0.000,-0.010,0.000,0.000,0.000,0.000,0,NULL,NULL,,1,0,3,7,255,,250,0,0
stim,8180,8180,0,3279161.816,0.571,-0.039,-0.108,-0.813,79,89,54,41,37,0,56,13,0,0.000,0,0,0.028,0.004,0.000,0.020,-0.020,0.004,0.023,1.000,-0.004,0.000,-0.010,0.000,0.000,0.000,0.000,0,NULL,NULL,,1,0,3,7,255,,250,0,0
stim,8211,8211,0,3279166.816,0.571,-0.039,-0.108,-0.813,47,59,73,37,33,0,52,16,0,0.000,0,0,0.085,0.010,0.080,0.020,-0.020,0.004,0.026,1.003,-0.010,0.002,0.006,0.000,0.000,0.000,0.000,0,NULL,NULL,,1,0,3,7,255,,250,0,0
stim,8211,8211,0,3279171.816,0.571,-0.039,-0.108,-0.813,50,60,84,57,20,0,63,36,0,0.000,0,0,0.143,0.004,0.140,0.020,-0.020,0.003,0.025,1.003,-0.004,0.002,0.000,0.000,0.000,0.000,0.000,0,NULL,NULL,,1,0,3,7,255,,250,0,0
stim,8211,8211,0,3279176.817,0.571,-0.039,-0.108,-0.813,81,90,53,45,31,0,36,25,0,0.000,0,0,0.115,0.010,0.080,0.080,-0.020,0.003,0.026,1.002,-0.010,0.000,0.000,0.000,0.000,0.000,0.000,0,NULL,NULL,,1,0,3,7,255,,250,0,0
stim,8211,8211,0,3279181.816,0.571,-0.039,-0.108,-0.813,75,69,83,63,21,0,62,43,0,0.000,0,0,0.082,0.004,0.000,0.080,-0.020,0.003,0.024,1.002,-0.004,-0.002,-0.004,0.000,0.000,0.000,0.000,0,NULL,NULL,,1,0,3,7,255,,250,0,0
stim,8211,8211,0,3279186.816,0.571,-0.039,-0.108,-0.813,51,69,76,39,37,0,61,35,0,0.000,0,0,0.028,0.002,0.000,0.020,-0.020,0.004,0.025,1.003,0.000,-0.002,-0.004,0.000,0.000,0.000,0.000,0,NULL,NULL,,1,0,3,7,255,,250,0,0
stim,8224,8224,0,3279191.816,0.571,-0.039,-0.108,-0.813,57,89,58,37,39,0,69,17,0,0.000,0,0,0.115,0.002,0.080,0.020,-0.080,0.003,0.025,1.002,0.000,-0.002,-0.004,0.000,0.000,0.000,0.000,0,NULL,NULL,,1,0,3,7,255,,250,0,0
stim,8224,8224,0,3279196.816,0.571,-0.039,-0.108,-0.813,83,88,57,69,16,0,38,26,0,0.000,0,0,0.115,0.004,0.080,0.080,-0.020,0.003,0.026,1.004,-0.004,-0.002,0.000,0.000,0.000,0.000,0.000,0,NULL,NULL,,1,0,3,7,255,,250,0,0
stim,8245,8245,0,3279201.816,0.571,-0.039,-0.108,-0.813,77,89,53,43,39,1,41,12,0,0.000,0,0,0.115,0.004,0.080,0.020,-0.080,0.003,0.025,1.002,-0.004,-0.002,-0.004,0.000,0.000,0.000,0.000,0,NULL,NULL,,1,0,3,7,255,,250,0,0
stim,8245,8245,0,3279206.816,0.571,-0.039,-0.108,-0.813,83,92,54,49,37,0,40,25,0,0.000,0,0,0.089,0.006,0.000,-0.040,-0.080,0.004,0.026,1.001,-0.006,0.000,-0.004,0.000,0.000,0.000,0.000,0,NULL,NULL,,1,0,3,7,255,,250,0,0
stim,8245,8245,0,3279211.816,0.571,-0.039,-0.108,-0.813,79,85,47,61,13,0,36,21,0,0.000,0,0,0.028,0.002,0.000,0.020,-0.020,0.004,0.024,1.003,0.000,0.002,-0.004,0.000,0.000,0.000,0.000,0,NULL,NULL,,1,0,3,7,255,,250,0,0
stim,8245,8245,0,3279216.816,0.571,-0.039,-0.108,-0.813,73,63,85,70,19,0,47,43,0,0.000,0,0,0.028,0.004,0.000,0.020,-0.020,0.004,0.025,1.003,0.000,0.004,0.006,0.000,0.000,0.000,0.000,0,NULL,NULL,,1,0,3,7,255,,250,0,0
stim,8290,8290,0,3279221.816,0.571,-0.039,-0.108,-0.813,47,61,81,39,35,0,62,17,0,0.000,0,0,0.028,0.004,0.000,0.020,-0.020,0.004,0.026,1.004,0.000,0.004,0.006,0.000,0.000,0.000,0.000,0,NULL,NULL,,1,0,3,7,255,,250,0,0
stim,8290,8290,0,3279226.816,0.571,-0.039,-0.108,-0.813,76,64,83,69,18,0,47,43,0,0.000,0,0,0.085,0.004,0.080,0.020,-0.020,0.003,0.025,1.003,0.000,0.004,0.006,0.000,0.000,0.000,0.000,0,NULL,NULL,,1,0,3,7,255,,250,0,0
stim,8290,8290,0,3279231.816,0.571,-0.039,-0.108,-0.813,50,68,83,37,35,0,67,35,0,0.000,0,0,0.082,0.003,0.000,0.020,-0.080,0.003,0.024,1.002,0.002,0.002,0.000,0.000,0.000,0.000,0.000,0,NULL,NULL,,1,0,3,7,255,,250,0,0
stim,8290,8290,0,3279236.816,0.571,-0.039,-0.108,-0.813,83,92,55,69,20,0,40,24,0,0.000,0,0,0.115,0.004,0.080,0.080,-0.020,0.004,0.024,1.005,0.004,0.002,0.000,0.000,0.000,0.000,0.000,0,NULL,NULL,,1,0,3,7,255,,250,0,0
stim,8290,8290,0,3279241.818,0.571,-0.039,-0.108,-0.813,74,63,83,59,39,0,67,45,0,0.000,0,0,0.085,0.006,0.080,0.020,-0.020,0.004,0.025,1.004,0.004,0.004,0.010,0.000,0.000,0.000,0.000,0,NULL,NULL,,1,0,3,7,255,,250,0,0
stim,8290,8290,0,3279246.816,0.571,-0.039,-0.108,-0.813,59,91,77,40,43,1,59,17,0,0.000,0,0,0.085,0.006,0.080,0.020,-0.020,0.003,0.024,1.004,0.004,0.004,0.010,0.000,0.000,0.000,0.000,0,NULL,NULL,,1,0,3,7,255,,250,0,0
stim,8290,8290,0,3279251.816,0.571,-0.039,-0.108,-0.813,75,89,51,40,31,0,53,11,0,0.000,0,0,0.045,0.004,0.000,-0.040,-0.020,0.004,0.025,1.003,0.000,0.004,0.010,0.000,0.000,0.000,0.000,0,NULL,NULL,,1,0,3,7,255,,250,0,0
stim,8311,8311,0,3279256.816,0.571,-0.039,-0.108,-0.813,55,71,71,36,29,0,53,11,0,0.000,0,0,0.085,0.002,0.080,0.020,-0.020,0.002,0.025,1.002,0.000,0.002,0.004,0.000,0.000,0.000,0.000,0,NULL,NULL,,1,0,3,7,255,,250,0,0
stim,8311,8311,0,3279261.816,0.571,-0.039,-0.108,-0.813,51,67,77,39,37,0,62,17,0,0.000,0,0,0.045,0.010,0.000,-0.040,-0.020,0.002,0.026,1.003,0.000,-0.010,0.004,0.000,0.000,0.000,0.000,0,NULL,NULL,,1,0,3,7,255,,250,0,0
stim,8311,8311,0,3279266.816,0.571,-0.039,-0.108,-0.813,55,87,77,38,41,1,63,16,0,0.000,0,0,0.115,0.010,0.080,0.020,-0.080,0.004,0.024,1.003,0.000,-0.010,0.004,0.000,0.000,0.000,0.000,0,NULL,NULL,,1,0,3,7,255,,250,0,0
stim,8311,8311,0,3279271.816,0.571,-0.039,-0.108,-0.813,48,69,77,37,37,0,68,17,0,0.000,0,0,0.085,0.008,0.080,0.020,-0.020,0.003,0.024,1.003,0.008,-0.002,0.004,0.000,0.000,0.000,0.000,0,NULL,NULL,,1,0,3,7,255,,250,0,0
stim,8311,8311,0,3279276.816,0.571,-0.039,-0.108,-0.813,81,87,54,63,19,0,39,41,0,0.000,0,0,0.115,0.008,0.080,0.020,-0.080,0.003,0.026,1.003,0.008,-0.002,0.004,0.000,0.000,0.000,0.000,0,NULL,NULL,,1,0,3,7,255,,250,0,0
stim,8311,8311,0,3279281.816,0.571,-0.039,-0.108,-0.813,74,63,61,69,16,0,45,45,0,0.000,0,0,0.139,0.003,0.080,0.080,-0.080,0.003,0.025,1.003,0.002,-0.002,0.000,0.000,0.000,0.000,0.000,0,NULL,NULL,,1,0,3,7,255,,250,0,0
stim,8312,8312,0,3279286.817,0.571,-0.039,-0.108,-0.813,53,67,69,41,20,0,68,39,0,0.000,0,0,0.092,0.003,0.080,-0.040,-0.020,0.004,0.024,1.003,0.002,-0.002,0.000,0.000,0.000,0.000,0.000,0,NULL,NULL,,1,0,3,7,255,,250,0,0
stim,8312,8312,0,3279291.816,0.571,-0.039,-0.108,-0.813,53,63,83,59,21,0,69,39,0,0.000,0,0,0.115,0.004,0.080,0.020,-0.080,0.003,0.026,1.003,0.002,-0.004,0.000,0.000,0.000,0.000,0.000,0,NULL,NULL,,1,0,3,7,255,,250,0,0
stim,8319,8319,0,3279296.816,0.571,-0.039,-0.108,-0.813,53,60,83,61,19,0,67,43,0,0.000,0,0,0.085,0.004,0.080,0.020,-0.020,0.003,0.025,1.004,-0.002,-0.004,0.000,0.000,0.000,0.000,0.000,0,NULL,NULL,,1,0,3,7,255,,250,0,0
stim,8319,8319,0,3279301.816,0.571,-0.039,-0.108,-0.813,73,61,83,61,16,0,45,43,0,0.000,0,0,0.085,0.004,0.080,0.020,-0.020,0.003,0.025,1.003,-0.002,-0.004,0.004,0.000,0.000,0.000,0.000,0,NULL,NULL,,1,0,3,7,255,,250,0,0
stim,8335,8335,0,3279306.816,0.571,-0.039,-0.108,-0.813,78,89,53,59,36,1,39,12,0,0.000,0,0,0.085,0.002,0.080,0.020,-0.020,0.003,0.024,1.002,0.002,0.000,0.004,0.000,0.000,0.000,0.000,0,NULL,NULL,,1,0,3,7,255,,250,0,0
stim,8335,8335,0,3279311.816,0.571,-0.039,-0.108,-0.813,51,68,83,39,21,0,68,36,0,0.000,0,0,0.085,0.003,0.080,0.020,-0.020,0.004,0.025,1.002,0.002,0.002,-0.004,0.000,0.000,0.000,0.000,0,NULL,NULL,,1,0,3,7,255,,250,0,0
stim,8351,8351,0,3279316.816,0.571,-0.039,-0.108,-0.813,83,87,59,69,18,0,43,41,0,0.000,0,0,0.115,0.002,0.080,0.020,-0.080,0.003,0.025,1.003,0.000,0.002,-0.004,0.000,0.000,0.000,0.000,0,NULL,NULL,,1,0,3,7,255,,250,0,0
stim,8351,8351,0,3279321.816,0.571,-0.039,-0.108,-0.813,74,62,84,71,20,0,47,43,0,0.000,0,0,0.120,0.004,0.080,-0.040,-0.080,0.004,0.025,1.003,0.000,0.004,0.000,0.000,0.000,0.000,0.000,0,NULL,NULL,,1,0,3,7,255,,250,0,0
stim,8351,8351,0,3279326.816,0.571,-0.039,-0.108,-0.813,53,63,81,61,13,0,44,43,0,0.000,0,0,0.139,0.000,0.080,0.080,-0.080,0.003,0.025,1.004,0.000,0.000,0.004,0.000,0.000,0.000,0.000,0,NULL,NULL,,1,0,3,7,255,,250,0,0
stim,8351,8351,0,3279331.816,0.571,-0.039,-0.108,-0.813,83,71,77,69,18,0,41,43,0,0.000,0,0,0.143,0.000,0.140,0.020,-0.020,0.004,0.026,1.004,0.000,0.000,0.010,0.000,0.000,0.000,0.000,0,NULL,NULL,,1,0,3,7,255,,250,0,0
stim,8383,8383,0,3279336.816,0.571,-0.039,-0.108,-0.813,50,67,83,40,19,0,63,35,0,0.000,0,0,0.115,0.000,0.080,0.080,-0.020,0.004,0.025,1.002,0.000,0.000,0.010,0.000,0.000,0.000,0.000,0,NULL,NULL,,1,0,3,7,255,,250,0,0
stim,8383,8383,0,3279341.818,0.571,-0.039,-0.108,-0.813,54,63,85,69,20,0,63,43,0,0.000,0,0,0.028,0.002,0.000,0.020,-0.020,0.003,0.024,1.003,0.000,0.002,0.000,0.000,0.000,0.000,0.000,0,NULL,NULL,,1,0,3,7,255,,250,0,0
stim,8399,8399,0,3279346.816,0.571,-0.039,-0.108,-0.813,83,92,54,63,20,1,39,24,0,0.000,0,0,0.147,0.006,0.140,-0.040,-0.020,0.004,0.024,1.003,0.004,0.004,0.000,0.000,0.000,0.000,0.000,0,NULL,NULL,,1,0,3,7,255,,250,0,0
stim,8399,8399,0,3279351.816,0.571,-0.039,-0.108,-0.813,57,89,53,41,35,0,55,16,0,0.000,0,0,0.028,0.004,0.000,0.020,-0.020,0.003,0.025,1.003,0.004,0.002,0.000,0.000,0.000,0.000,0.000,0,NULL,NULL,,1,0,3,7,255,,250,0,0
stim,8399,8399,0,3279356.816,0.571,-0.039,-0.108,-0.813,73,63,75,69,17,0,39,41,0,0.000,0,0,0.147,0.006,0.140,-0.040,-0.020,0.004,0.026,1.004,0.004,0.004,0.004,0.000,0.000,0.000,0.000,0,NULL,NULL,,1,0,3,7,255,,250,0,0
stim,8399,8399,0,3279361.816,0.571,-0.039,-0.108,-0.813,78,91,55,60,37,2,39,16,0,0.000,0,0,0.115,0.004,0.080,0.020,-0.080,0.004,0.024,1.003,0.002,0.004,0.000,0.000,0.000,0.000,0.000,0,NULL,NULL,,1,0,3,7,255,,250,0,0
stim,8399,8399,0,3279366.816,0.571,-0.039,-0.108,-0.813,55,62,83,69,17,0,45,43,0,0.000,0,0,0.085,0.004,0.080,0.020,-0.020,0.003,0.025,1.002,-0.002,0.004,0.000,0.000,0.000,0.000,0.000,0,NULL,NULL,,1,0,3,7,255,,250,0,0
stim,8399,8399,0,3279371.816,0.571,-0.039,-0.108,-0.813,57,89,55,42,37,0,57,13,0,0.000,0,0,0.120,0.003,0.080,-0.040,-0.080,0.003,0.025,1.003,-0.002,-0.002,0.000,0.000,0.000,0.000,0.000,0,NULL,NULL,,1,0,3,7,255,,250,0,0
stim,8399,8399,0,3279376.817,0.571,-0.039,-0.108,-0.813,76,89,55,39,31,0,59,13,0,0.000,0,0,0.028,0.003,0.000,0.020,-0.020,0.003,0.025,1.004,-0.002,-0.002,0.000,0.000,0.000,0.000,0.000,0,NULL,NULL,,1,0,3,7,255,,250,0,0
stim,8399,8399,0,3279381.817,0.571,-0.039,-0.108,-0.813,55,67,85,70,23,1,51,44,0,0.000,0,0,0.147,0.002,0.140,-0.040,-0.020,0.004,0.025,1.004,-0.002,0.000,0.010,0.000,0.000,0.000,0.000,0,NULL,NULL,,1,0,3,7,255,,250,0,0
stim,8415,8415,0,3279386.816,0.571,-0.039,-0.108,-0.813,53,62,74,39,18,0,62,39,0,0.000,0,0,0.115,0.006,0.080,0.020,-0.080,0.004,0.026,1.003,-0.006,0.002,0.010,0.000,0.000,0.000,0.000,0,NULL,NULL,,1,0,3,7,255,,250,0,0
stim,8415,8415,0,3279391.816,0.571,-0.039,-0.108,-0.813,52,63,81,58,17,0,67,39,0,0.000,0,0,0.085,0.006,0.080,0.020,-0.020,0.004,0.025,1.003,-0.006,0.002,0.000,0.000,0.000,0.000,0.000,0,NULL,NULL,,1,0,3,7,255,,250,0,0
stim,8431,8431,0,3279396.816,0.571,-0.039,-0.108,-0.813,57,90,58,39,41,1,63,18,0,0.000,0,0,0.085,0.004,0.080,0.020,-0.020,0.003,0.025,1.002,-0.004,0.002,0.000,0.000,0.000,0.000,0.000,0,NULL,NULL,,1,0,3,7,255,,250,0,0
stim,8431,8431,0,3279401.816,0.571,-0.039,-0.108,-0.813,81,92,55,49,36,0,39,25,0,0.000,0,0,0.120,0.004,0.080,-0.040,-0.080,0.004,0.025,1.003,-0.004,0.002,0.000,0.000,0.000,0.000,0.000,0,NULL,NULL,,1,0,3,7,255,,250,0,0
stim,8431,8431,0,3279406.816,0.571,-0.039,-0.108,-0.813,57,91,55,39,36,0,51,13,0,0.000,0,0,0.115,0.002,0.080,0.020,-0.080,0.002,0.025,1.004,0.002,0.000,0.004,0.000,0.000,0.000,0.000,0,NULL,NULL,,1,0,3,7,255,,250,0,0
stim,8431,8431,0,3279411.816,0.571,-0.039,-0.108,-0.813,75,63,84,69,17,0,45,45,0,0.000,0,0,0.092,0.004,0.080,-0.040,-0.020,0.004,0.025,1.002,-0.004,0.002,0.004,0.000,0.000,0.000,0.000,0,NULL,NULL,,1,0,3,7,255,,250,0,0
stim,8447,8447,0,3279416.816,0.571,-0.039,-0.108,-0.813,83,89,57,69,13,0,37,43,0,0.000,0,0,0.115,0.003,0.080,0.020,-0.080,0.003,0.025,1.002,-0.002,-0.002,-0.006,0.000,0.000,0.000,0.000,0,NULL,NULL,,1,0,3,7,255,,250,0,0
stim,8447,8447,0,3279421.816,0.571,-0.039,-0.108,-0.813,73,61,83,69,22,1,47,45,0,0.000,0,0,0.115,0.004,0.080,0.020,-0.080,0.004,0.026,1.002,-0.004,0.002,-0.006,0.000,0.000,0.000,0.000,0,NULL,NULL,,1,0,3,7,255,,250,0,0
stim,8479,8479,0,3279426.816,0.571,-0.039,-0.108,-0.813,78,85,56,69,11,0,37,43,0,0.000,0,0,0.085,0.008,0.080,0.020,-0.020,0.004,0.026,1.002,-0.008,0.000,-0.006,0.000,0.000,0.000,0.000,0,NULL,NULL,,1,0,3,7,255,,250,0,0
stim,8479,8479,0,3279431.816,0.571,-0.039,-0.108,-0.813,81,88,77,68,16,0,37,43,0,0.000,0,0,0.028,0.008,0.000,0.020,-0.020,0.004,0.024,1.003,-0.008,0.002,-0.004,0.000,0.000,0.000,0.000,0,NULL,NULL,,1,0,3,7,255,,250,0,0
stim,8479,8479,0,3279436.816,0.571,-0.039,-0.108,-0.813,53,61,75,67,21,0,59,43,0,0.000,0,0,0.028,0.006,0.000,0.020,-0.020,0.003,0.024,1.004,0.006,0.002,0.004,0.000,0.000,0.000,0.000,0,NULL,NULL,,1,0,3,7,255,,250,0,0
stim,8479,8479,0,3279441.818,0.571,-0.039,-0.108,-0.813,85,89,85,70,41,1,69,44,0,0.000,0,0,0.115,0.008,0.080,0.020,-0.080,0.004,0.024,1.002,0.006,0.006,0.004,0.000,0.000,0.000,0.000,0,NULL,NULL,,1,0,3,7,255,,250,0,0
stim,8480,8480,0,3279446.816,0.571,-0.039,-0.108,-0.813,47,63,77,37,37,0,68,17,0,0.000,0,0,0.143,0.004,0.140,0.020,-0.020,0.003,0.025,1.004,0.004,0.002,0.008,0.000,0.000,0.000,0.000,0,NULL,NULL,,1,0,3,7,255,,250,0,0
stim,8480,8480,0,3279451.816,0.571,-0.039,-0.108,-0.813,47,68,75,39,37,0,67,17,0,0.000,0,0,0.085,0.006,0.080,0.020,-0.020,0.003,0.026,1.002,0.004,-0.004,-0.006,0.000,0.000,0.000,0.000,0,NULL,NULL,,1,0,3,7,255,,250,0,0
stim,8512,8512,0,3279456.816,0.571,-0.039,-0.108,-0.813,52,61,83,62,18,0,45,42,0,0.000,0,0,0.085,0.004,0.080,0.020,-0.020,0.003,0.025,1.002,-0.002,-0.004,-0.006,0.000,0.000,0.000,0.000,0,NULL,NULL,,1,0,3,7,255,,250,0,0
stim,8512,8512,0,3279461.816,0.571,-0.039,-0.108,-0.813,83,88,59,70,20,0,40,43,0,0.000,0,0,0.120,0.003,0.080,-0.040,-0.080,0.004,0.025,1.004,-0.002,-0.002,-0.006,0.000,0.000,0.000,0.000,0,NULL,NULL,,1,0,3,7,255,,250,0,0
stim,8512,8512,0,3279466.816,0.571,-0.039,-0.108,-0.813,75,87,51,37,37,0,52,12,0,0.000,0,0,0.143,0.002,0.140,0.020,-0.020,0.004,0.026,1.003,-0.002,0.000,0.000,0.000,0.000,0.000,0.000,0,NULL,NULL,,1,0,3,7,255,,250,0,0
stim,8512,8512,0,3279471.816,0.571,-0.039,-0.108,-0.813,75,67,83,69,16,0,47,44,0,0.000,0,0,0.092,0.004,0.080,-0.040,-0.020,0.004,0.025,1.003,-0.004,0.002,0.004,0.000,0.000,0.000,0.000,0,NULL,NULL,,1,0,3,7,255,,250,0,0
stim,8513,8513,0,3279476.816,0.571,-0.039,-0.108,-0.813,72,61,55,63,12,0,35,42,0,0.000,0,0,0.085,0.004,0.080,0.020,-0.020,0.003,0.025,1.002,-0.004,0.000,0.000,0.000,0.000,0.000,0.000,0,NULL,NULL,,1,0,3,7,255,,250,0,0
stim,8513,8513,0,3279481.817,0.571,-0.039,-0.108,-0.813,57,89,51,39,30,0,37,18,0,0.000,0,0,0.115,0.003,0.080,0.020,-0.080,0.004,0.025,1.001,-0.002,0.002,-0.010,0.000,0.000,0.000,0.000,0,NULL,NULL,,1,0,3,7,255,,250,0,0
stim,8514,8514,0,3279486.816,0.571,-0.039,-0.108,-0.813,77,88,52,57,29,0,35,11,0,0.000,0,0,0.115,0.004,0.080,0.020,-0.080,0.004,0.025,1.003,-0.002,0.004,-0.010,0.000,0.000,0.000,0.000,0,NULL,NULL,,1,0,3,7,255,,250,0,0
stim,8514,8514,0,3279491.816,0.571,-0.039,-0.108,-0.813,48,69,77,37,37,0,64,17,0,0.000,0,0,0.089,0.004,0.000,-0.040,-0.080,0.004,0.025,1.003,0.000,0.004,0.000,0.000,0.000,0.000,0.000,0,NULL,NULL,,1,0,3,7,255,,250,0,0
stim,8527,8527,0,3279496.816,0.571,-0.039,-0.108,-0.813,83,91,61,70,20,0,43,27,0,0.000,0,0,0.085,0.004,0.080,0.020,-0.020,0.003,0.025,1.004,0.000,0.004,0.004,0.000,0.000,0.000,0.000,0,NULL,NULL,,1,0,3,7,255,,250,0,0
stim,8527,8527,0,3279501.816,0.571,-0.039,-0.108,-0.813,57,89,55,38,41,0,58,14,0,0.000,0,0,0.085,0.002,0.080,0.020,-0.020,0.003,0.025,1.002,0.002,0.000,0.004,0.000,0.000,0.000,0.000,0,NULL,NULL,,1,0,3,7,255,,250,0,0
stim,8527,8527,0,3279506.816,0.571,-0.039,-0.108,-0.813,73,61,56,63,18,0,38,42,0,0.000,0,0,0.115,0.002,0.080,0.080,-0.020,0.004,0.025,1.002,0.002,0.000,-0.006,0.000,0.000,0.000,0.000,0,NULL,NULL,,1,0,3,7,255,,250,0,0
stim,8527,8527,0,3279511.816,0.571,-0.039,-0.108,-0.813,83,91,51,67,29,0,37,23,0,0.000,0,0,0.085,0.003,0.080,0.020,-0.020,0.003,0.024,1.002,0.002,0.002,-0.006,0.000,0.000,0.000,0.000,0,NULL,NULL,,1,0,3,7,255,,250,0,0
stim,8545,8545,0,3279516.816,0.571,-0.039,-0.108,-0.813,53,63,82,43,18,0,62,41,0,0.000,0,0,0.085,0.004,0.080,0.020,-0.020,0.003,0.025,1.004,0.004,0.002,-0.006,0.000,0.000,0.000,0.000,0,NULL,NULL,,1,0,3,7,255,,250,0,0
stim,8545,8545,0,3279521.816,0.571,-0.039,-0.108,-0.813,51,59,83,53,37,0,63,35,0,0.000,0,0,0.162,0.004,0.140,0.020,-0.080,0.003,0.025,1.002,0.004,0.000,-0.006,0.000,0.000,0.000,0.000,0,NULL,NULL,,1,0,3,7,255,,250,0,0
stim,8592,8592,0,3279526.816,0.571,-0.039,-0.108,-0.813,56,67,75,65,22,0,41,43,0,0.000,0,0,0.085,0.002,0.080,0.020,-0.020,0.004,0.025,1.002,0.002,0.000,-0.006,0.000,0.000,0.000,0.000,0,NULL,NULL,,1,0,3,7,255,,250,0,0
stim,8592,8592,0,3279531.816,0.571,-0.039,-0.108,-0.813,76,67,85,69,14,0,45,43,0,0.000,0,0,0.085,0.002,0.080,0.020,-0.020,0.003,0.024,1.001,0.002,0.000,-0.006,0.000,0.000,0.000,0.000,0,NULL,NULL,,1,0,3,7,255,,250,0,0
stim,8592,8592,0,3279536.816,0.571,-0.039,-0.108,-0.813,72,63,74,67,13,0,37,41,0,0.000,0,0,0.115,0.006,0.080,0.020,-0.080,0.003,0.024,1.003,0.006,0.000,-0.006,0.000,0.000,0.000,0.000,0,NULL,NULL,,1,0,3,7,255,,250,0,0
stim,8592,8592,0,3279541.818,0.571,-0.039,-0.108,-0.813,57,89,55,43,19,0,40,24,0,0.000,0,0,0.139,0.006,0.080,0.080,-0.080,0.003,0.024,1.003,0.006,0.000,0.000,0.000,0.000,0.000,0.000,0,NULL,NULL,,1,0,3,7,255,,250,0,0
stim,8592,8592,0,3279546.816,0.571,-0.039,-0.108,-0.813,83,87,57,69,19,0,39,43,0,0.000,0,0,0.085,0.006,0.080,0.020,-0.020,0.004,0.025,1.004,0.006,0.000,0.004,0.000,0.000,0.000,0.000,0,NULL,NULL,,1,0,3,7,255,,250,0,0
stim,8592,8592,0,3279551.816,0.571,-0.039,-0.108,-0.813,54,68,83,59,21,0,63,45,0,0.000,0,0,0.085,0.004,0.080,0.020,-0.020,0.004,0.025,1.003,0.000,0.004,0.004,0.000,0.000,0.000,0.000,0,NULL,NULL,,1,0,3,7,255,,250,0,0
stim,8612,8612,0,3279556.816,0.571,-0.039,-0.108,-0.813,77,90,51,59,30,0,35,11,0,0.000,0,0,0.115,0.004,0.080,0.020,-0.080,0.003,0.024,1.002,0.000,0.004,0.004,0.000,0.000,0.000,0.000,0,NULL,NULL,,1,0,3,7,255,,250,0,0
stim,8612,8612,0,3279561.816,0.571,-0.039,-0.108,-0.813,83,87,59,67,19,0,39,43,0,0.000,0,0,0.085,0.006,0.080,0.020,-0.020,0.003,0.024,1.002,0.006,0.002,-0.010,0.000,0.000,0.000,0.000,0,NULL,NULL,,1,0,3,7,255,,250,0,0
stim,8612,8612,0,3279566.816,0.571,-0.039,-0.108,-0.813,80,87,51,63,12,0,35,23,0,0.000,0,0,0.028,0.006,0.000,0.020,-0.020,0.003,0.025,1.004,0.006,0.000,-0.010,0.000,0.000,0.000,0.000,0,NULL,NULL,,1,0,3,7,255,,250,0,0
stim,8612,8612,0,3279571.816,0.571,-0.039,-0.108,-0.813,51,67,75,39,35,0,63,16,0,0.000,0,0,0.085,0.002,0.080,0.020,-0.020,0.004,0.025,1.003,-0.002,0.000,0.000,0.000,0.000,0.000,0.000,0,NULL,NULL,,1,0,3,7,255,,250,0,0
stim,8612,8612,0,3279576.818,0.571,-0.039,-0.108,-0.813,51,67,82,39,20,0,63,31,0,0.000,0,0,0.085,0.003,0.080,0.020,-0.020,0.003,0.025,1.002,-0.002,-0.002,0.000,0.000,0.000,0.000,0.000,0,NULL,NULL,,1,0,3,7,255,,250,0,0
stim,8612,8612,0,3279581.816,0.571,-0.039,-0.108,-0.813,55,88,77,40,33,0,63,17,0,0.000,0,0,0.162,0.004,0.140,0.020,-0.080,0.004,0.024,1.002,0.002,0.004,-0.004,0.000,0.000,0.000,0.000,0,NULL,NULL,,1,0,3,7,255,,250,0,0
stim,8612,8612,0,3279586.816,0.571,-0.039,-0.108,-0.813,53,61,75,60,21,0,69,44,0,0.000,0,0,0.115,0.006,0.080,0.020,-0.080,0.003,0.025,1.002,0.002,-0.006,-0.004,0.000,0.000,0.000,0.000,0,NULL,NULL,,1,0,3,7,255,,250,0,0
stim,8612,8612,0,3279591.816,0.571,-0.039,-0.108,-0.813,83,93,59,67,19,0,39,43,0,0.000,0,0,0.115,0.002,0.080,0.020,-0.080,0.004,0.026,1.001,-0.002,0.000,-0.010,0.000,0.000,0.000,0.000,0,NULL,NULL,,1,0,3,7,255,,250,0,0
stim,8645,8645,0,3279596.816,0.571,-0.039,-0.108,-0.813,56,73,57,37,37,0,63,17,0,0.000,0,0,0.092,0.013,0.080,-0.040,-0.020,0.003,0.026,1.002,-0.010,-0.008,-0.004,0.000,0.000,0.000,0.000,0,NULL,NULL,,1,0,3,7,255,,250,0,0
stim,8645,8645,0,3279601.816,0.571,-0.039,-0.108,-0.813,47,69,57,36,36,0,61,13,0,0.000,0,0,0.143,0.010,0.140,0.020,-0.020,0.004,0.025,1.002,-0.010,0.000,-0.010,0.000,0.000,0.000,0.000,0,NULL,NULL,,1,0,3,7,255,,250,0,0
stim,8645,8645,0,3279606.816,0.571,-0.039,-0.108,-0.813,77,89,50,40,33,0,53,12,0,0.000,0,0,0.143,0.004,0.140,0.020,-0.020,0.003,0.025,1.003,-0.004,-0.002,-0.004,0.000,0.000,0.000,0.000,0,NULL,NULL,,1,0,3,7,255,,250,0,0
stim,8645,8645,0,3279611.816,0.571,-0.039,-0.108,-0.813,52,86,57,39,41,1,62,14,0,0.000,0,0,0.085,0.004,0.080,0.020,-0.020,0.004,0.025,1.002,-0.004,0.002,-0.004,0.000,0.000,0.000,0.000,0,NULL,NULL,,1,0,3,7,255,,250,0,0
stim,8645,8645,0,3279616.816,0.571,-0.039,-0.108,-0.813,75,89,43,41,29,0,36,7,0,0.000,0,0,0.143,0.004,0.140,0.020,-0.020,0.003,0.026,1.002,-0.004,-0.002,-0.004,0.000,0.000,0.000,0.000,0,NULL,NULL,,1,0,3,7,255,,250,0,0
stim,8645,8645,0,3279621.816,0.571,-0.039,-0.108,-0.813,51,61,83,55,19,0,62,35,0,0.000,0,0,0.115,0.004,0.080,0.020,-0.080,0.004,0.025,1.003,-0.004,0.002,-0.004,0.000,0.000,0.000,0.000,0,NULL,NULL,,1,0,3,7,255,,250,0,0
stim,8688,8688,0,3279626.816,0.571,-0.039,-0.108,-0.813,53,62,85,45,21,0,68,44,0,0.000,0,0,0.085,0.004,0.080,0.020,-0.020,0.005,0.024,1.003,-0.004,0.002,0.004,0.000,0.000,0.000,0.000,0,NULL,NULL,,1,0,3,7,255,,250,0,0
stim,8688,8688,0,3279631.816,0.571,-0.039,-0.108,-0.813,84,91,54,46,35,0,38,24,0,0.000,0,0,0.085,0.006,0.080,0.020,-0.020,0.003,0.024,1.003,0.006,0.002,0.004,0.000,0.000,0.000,0.000,0,NULL,NULL,,1,0,3,7,255,,250,0,0
stim,8688,8688,0,3279636.816,0.571,-0.039,-0.108,-0.813,79,89,53,57,35,0,38,12,0,0.000,0,0,0.115,0.007,0.080,0.020,-0.080,0.004,0.024,1.002,0.006,0.004,0.000,0.000,0.000,0.000,0.000,0,NULL,NULL,,1,0,3,7,255,,250,0,0
stim,8688,8688,0,3279641.818,0.571,-0.039,-0.108,-0.813,60,91,53,42,21,0,39,25,0,0.000,0,0,0.092,0.004,0.080,-0.040,-0.020,0.003,0.025,1.002,0.004,0.000,-0.004,0.000,0.000,0.000,0.000,0,NULL,NULL,,1,0,3,7,255,,250,0,0
stim,8688,8688,0,3279646.816,0.571,-0.039,-0.108,-0.813,52,87,55,36,35,0,59,13,0,0.000,0,0,0.147,0.004,0.140,-0.040,-0.020,0.003,0.025,1.002,0.004,-0.002,-0.004,0.000,0.000,0.000,0.000,0,NULL,NULL,,1,0,3,7,255,,250,0,0
stim,8688,8688,0,3279651.816,0.571,-0.039,-0.108,-0.813,83,92,54,63,19,0,39,41,0,0.000,0,0,0.085,0.007,0.080,0.020,-0.020,0.002,0.024,1.003,0.004,-0.006,-0.004,0.000,0.000,0.000,0.000,0,NULL,NULL,,1,0,3,7,255,,250,0,0
stim,8708,8708,0,3279656.816,0.571,-0.039,-0.108,-0.813,73,61,57,68,17,0,39,43,0,0.000,0,0,0.085,0.008,0.080,0.020,-0.020,0.004,0.024,1.004,0.006,-0.006,0.004,0.000,0.000,0.000,0.000,0,NULL,NULL,,1,0,3,7,255,,250,0,0
stim,8708,8708,0,3279661.816,0.571,-0.039,-0.108,-0.813,83,87,57,67,17,0,38,40,0,0.000,0,0,0.162,0.008,0.140,0.020,-0.080,0.003,0.025,1.003,0.006,-0.006,0.004,0.000,0.000,0.000,0.000,0,NULL,NULL,,1,0,3,7,255,,250,0,0
stim,8708,8708,0,3279666.816,0.571,-0.039,-0.108,-0.813,53,86,77,39,39,0,69,16,0,0.000,0,0,0.028,0.007,0.000,0.020,-0.020,0.003,0.024,1.002,0.006,-0.004,0.004,0.000,0.000,0.000,0.000,0,NULL,NULL,,1,0,3,7,255,,250,0,0
stim,8708,8708,0,3279671.816,0.571,-0.039,-0.108,-0.813,85,91,55,47,31,0,39,22,0,0.000,0,0,0.115,0.006,0.080,0.020,-0.080,0.003,0.025,1.001,0.004,-0.004,-0.010,0.000,0.000,0.000,0.000,0,NULL,NULL,,1,0,3,7,255,,250,0,0
stim,8708,8708,0,3279676.816,0.571,-0.039,-0.108,-0.813,57,88,77,37,33,0,61,13,0,0.000,0,0,0.115,0.004,0.080,0.020,-0.080,0.003,0.026,1.004,0.002,-0.004,-0.010,0.000,0.000,0.000,0.000,0,NULL,NULL,,1,0,3,7,255,,250,0,0
stim,8708,8708,0,3279681.817,0.571,-0.039,-0.108,-0.813,47,58,73,39,39,0,57,12,0,0.000,0,0,0.092,0.002,0.080,-0.040,-0.020,0.004,0.025,1.003,0.000,-0.002,0.000,0.000,0.000,0.000,0.000,0,NULL,NULL,,1,0,3,7,255,,250,0,0
stim,8721,8721,0,3279686.816,0.571,-0.039,-0.108,-0.813,79,85,55,63,12,0,37,41,0,0.000,0,0,0.120,0.004,0.080,-0.040,-0.080,0.004,0.025,1.005,0.000,0.004,0.010,0.000,0.000,0.000,0.000,0,NULL,NULL,,1,0,3,7,255,,250,0,0
stim,8721,8721,0,3279691.816,0.571,-0.039,-0.108,-0.813,52,87,53,36,39,0,57,11,0,0.000,0,0,0.085,0.004,0.080,0.020,-0.020,0.003,0.025,1.004,0.000,0.004,0.010,0.000,0.000,0.000,0.000,0,NULL,NULL,,1,0,3,7,255,,250,0,0
stim,8736,8736,0,3279696.816,0.571,-0.039,-0.108,-0.813,81,89,56,67,13,0,37,41,0,0.000,0,0,0.115,0.002,0.080,0.020,-0.080,0.003,0.024,1.002,0.000,-0.002,0.010,0.000,0.000,0.000,0.000,0,NULL,NULL,,1,0,3,7,255,,250,0,0
stim,8736,8736,0,3279701.816,0.571,-0.039,-0.108,-0.813,81,87,57,67,16,0,39,43,0,0.000,0,0,0.092,0.003,0.080,-0.040,-0.020,0.003,0.025,1.002,-0.002,-0.002,-0.004,0.000,0.000,0.000,0.000,0,NULL,NULL,,1,0,3,7,255,,250,0,0
stim,8751,8751,0,3279706.816,0.571,-0.039,-0.108,-0.813,53,60,73,44,37,0,63,43,0,0.000,0,0,0.115,0.004,0.080,0.020,-0.080,0.003,0.025,1.003,-0.002,-0.004,-0.004,0.000,0.000,0.000,0.000,0,NULL,NULL,,1,0,3,7,255,,250,0,0
stim,8751,8751,0,3279711.816,0.571,-0.039,-0.108,-0.813,48,84,57,40,40,0,69,16,0,0.000,0,0,0.166,0.008,0.140,-0.040,-0.080,0.002,0.025,1.004,-0.002,-0.008,0.006,0.000,0.000,0.000,0.000,0,NULL,NULL,,1,0,3,7,255,,250,0,0
stim,8751,8751,0,3279716.816,0.571,-0.039,-0.108,-0.813,77,90,51,41,31,0,53,13,0,0.000,0,0,0.085,0.008,0.080,0.020,-0.020,0.003,0.025,1.004,0.000,-0.008,0.010,0.000,0.000,0.000,0.000,0,NULL,NULL,,1,0,3,7,255,,250,0,0
stim,8751,8751,0,3279721.816,0.571,-0.039,-0.108,-0.813,51,61,55,37,17,0,38,13,0,0.000,0,0,0.085,0.006,0.080,0.020,-0.020,0.004,0.026,1.003,0.000,-0.006,0.010,0.000,0.000,0.000,0.000,0,NULL,NULL,,1,0,3,7,255,,250,0,0
stim,8751,8751,0,3279726.816,0.571,-0.039,-0.108,-0.813,49,67,78,37,39,0,67,17,0,0.000,0,0,0.089,0.004,0.000,-0.040,-0.080,0.004,0.024,1.002,0.004,-0.002,0.006,0.000,0.000,0.000,0.000,0,NULL,NULL,,1,0,3,7,255,,250,0,0
stim,8783,8783,0,3279731.816,0.571,-0.039,-0.108,-0.813,83,93,57,69,18,0,39,42,0,0.000,0,0,0.115,0.003,0.080,0.020,-0.080,0.003,0.025,1.002,-0.002,-0.002,-0.010,0.000,0.000,0.000,0.000,0,NULL,NULL,,1,0,3,7,255,,250,0,0
stim,8783,8783,0,3279736.816,0.571,-0.039,-0.108,-0.813,83,71,83,67,19,0,45,43,0,0.000,0,0,0.115,0.007,0.080,0.020,-0.080,0.004,0.024,1.003,0.004,0.006,-0.010,0.000,0.000,0.000,0.000,0,NULL,NULL,,1,0,3,7,255,,250,0,0
stim,8783,8783,0,3279741.818,0.571,-0.039,-0.108,-0.813,47,57,82,37,35,0,59,31,0,0.000,0,0,0.082,0.004,0.000,0.020,-0.080,0.003,0.024,1.003,0.004,0.000,0.000,0.000,0.000,0.000,0.000,0,NULL,NULL,,1,0,3,7,255,,250,0,0
stim,8783,8783,0,3279746.816,0.571,-0.039,-0.108,-0.813,47,83,73,37,35,0,59,14,0,0.000,0,0,0.085,0.004,0.080,0.020,-0.020,0.003,0.025,1.002,0.004,0.000,0.000,0.000,0.000,0.000,0.000,0,NULL,NULL,,1,0,3,7,255,,250,0,0
stim,8783,8783,0,3279751.816,0.571,-0.039,-0.108,-0.813,49,63,77,37,37,0,63,16,0,0.000,0,0,0.028,0.006,0.000,0.020,-0.020,0.003,0.024,1.002,0.006,0.000,-0.004,0.000,0.000,0.000,0.000,0,NULL,NULL,,1,0,3,7,255,,250,0,0
stim,8783,8783,0,3279756.816,0.571,-0.039,-0.108,-0.813,83,91,53,69,28,0,37,23,0,0.000,0,0,0.115,0.006,0.080,0.020,-0.080,0.003,0.025,1.002,0.002,-0.006,-0.004,0.000,0.000,0.000,0.000,0,NULL,NULL,,1,0,3,7,255,,250,0,0
stim,8799,8799,0,3279761.816,0.571,-0.039,-0.108,-0.813,76,89,51,39,33,0,55,12,0,0.000,0,0,0.085,0.007,0.080,0.020,-0.020,0.003,0.025,1.003,0.004,-0.006,-0.004,0.000,0.000,0.000,0.000,0,NULL,NULL,,1,0,3,7,255,,250,0,0
stim,8799,8799,0,3279766.816,0.571,-0.039,-0.108,-0.813,83,87,55,63,9,0,37,41,0,0.000,0,0,0.085,0.006,0.080,0.020,-0.020,0.004,0.025,1.002,0.002,-0.006,-0.004,0.000,0.000,0.000,0.000,0,NULL,NULL,,1,0,3,7,255,,250,0,0
stim,8799,8799,0,3279771.816,0.571,-0.039,-0.108,-0.813,77,89,54,42,39,0,39,13,0,0.000,0,0,0.120,0.002,0.080,-0.040,-0.080,0.004,0.025,1.003,0.000,0.002,0.000,0.000,0.000,0.000,0.000,0,NULL,NULL,,1,0,3,7,255,,250,0,0
stim,8799,8799,0,3279776.818,0.571,-0.039,-0.108,-0.813,81,87,57,67,18,0,39,43,0,0.000,0,0,0.115,0.002,0.080,0.020,-0.080,0.003,0.025,1.002,0.000,0.002,-0.004,0.000,0.000,0.000,0.000,0,NULL,NULL,,1,0,3,7,255,,250,0,0
stim,8815,8815,0,3279781.816,0.571,-0.039,-0.108,-0.813,75,63,85,63,41,1,69,43,0,0.000,0,0,0.120,0.004,0.080,-0.040,-0.080,0.003,0.026,1.002,-0.004,0.000,-0.004,0.000,0.000,0.000,0.000,0,NULL,NULL,,1,0,3,7,255,,250,0,0
stim,8815,8815,0,3279786.816,0.571,-0.039,-0.108,-0.813,83,93,53,47,35,0,39,25,0,0.000,0,0,0.115,0.004,0.080,0.020,-0.080,0.004,0.025,1.002,-0.004,0.000,-0.004,0.000,0.000,0.000,0.000,0,NULL,NULL,,1,0,3,7,255,,250,0,0
stim,8815,8815,0,3279791.816,0.571,-0.039,-0.108,-0.813,76,90,55,39,39,0,39,12,0,0.000,0,0,0.089,0.006,0.000,-0.040,-0.080,0.003,0.025,1.003,-0.004,-0.004,-0.004,0.000,0.000,0.000,0.000,0,NULL,NULL,,1,0,3,7,255,,250,0,0
stim,8815,8815,0,3279796.816,0.571,-0.039,-0.108,-0.813,55,68,83,43,35,0,63,43,0,0.000,0,0,0.115,0.003,0.080,0.020,-0.080,0.003,0.025,1.004,-0.002,-0.002,0.006,0.000,0.000,0.000,0.000,0,NULL,NULL,,1,0,3,7,255,,250,0,0
stim,8831,8831,0,3279801.816,0.571,-0.039,-0.108,-0.813,52,61,77,59,11,0,43,41,0,0.000,0,0,0.115,0.003,0.080,0.020,-0.080,0.003,0.025,1.004,-0.002,-0.002,0.010,0.000,0.000,0.000,0.000,0,NULL,NULL,,1,0,3,7,255,,250,0,0
stim,8831,8831,0,3279806.816,0.571,-0.039,-0.108,-0.813,77,89,53,37,38,0,39,11,0,0.000,0,0,0.085,0.003,0.080,0.020,-0.020,0.004,0.025,1.001,-0.002,-0.002,0.010,0.000,0.000,0.000,0.000,0,NULL,NULL,,1,0,3,7,255,,250,0,0
stim,8847,8847,0,3279811.816,0.571,-0.039,-0.108,-0.813,83,89,58,63,19,0,44,43,0,0.000,0,0,0.092,0.003,0.080,-0.040,-0.020,0.003,0.025,1.002,-0.002,-0.002,-0.010,0.000,0.000,0.000,0.000,0,NULL,NULL,,1,0,3,7,255,,250,0,0
stim,8847,8847,0,3279816.816,0.571,-0.039,-0.108,-0.813,51,59,85,40,21,0,69,37,0,0.000,0,0,0.085,0.003,0.080,0.020,-0.020,0.004,0.025,1.002,-0.002,0.002,-0.010,0.000,0.000,0.000,0.000,0,NULL,NULL,,1,0,3,7,255,,250,0,0
stim,8847,8847,0,3279821.816,0.571,-0.039,-0.108,-0.813,78,91,52,61,36,0,39,20,0,0.000,0,0,0.085,0.006,0.080,0.020,-0.020,0.003,0.025,1.004,0.000,-0.006,-0.004,0.000,0.000,0.000,0.000,0,NULL,NULL,,1,0,3,7,255,,250,0,0
stim,8847,8847,0,3279826.816,0.571,-0.039,-0.108,-0.813,74,61,81,68,18,0,45,43,0,0.000,0,0,0.085,0.006,0.080,0.020,-0.020,0.004,0.024,1.004,0.004,0.004,0.010,0.000,0.000,0.000,0.000,0,NULL,NULL,,1,0,3,7,255,,250,0,0
stim,8895,8895,0,3279831.816,0.571,-0.039,-0.108,-0.813,73,61,57,63,18,0,38,41,0,0.000,0,0,0.085,0.004,0.080,0.020,-0.020,0.003,0.025,1.002,0.004,-0.002,0.010,0.000,0.000,0.000,0.000,0,NULL,NULL,,1,0,3,7,255,,250,0,0
stim,8895,8895,0,3279836.816,0.571,-0.039,-0.108,-0.813,81,93,53,63,18,0,38,41,0,0.000,0,0,0.115,0.004,0.080,0.020,-0.080,0.003,0.026,1.002,-0.004,-0.002,-0.004,0.000,0.000,0.000,0.000,0,NULL,NULL,,1,0,3,7,255,,250,0,0
stim,8895,8895,0,3279841.818,0.571,-0.039,-0.108,-0.813,79,86,47,61,14,0,37,41,0,0.000,0,0,0.092,0.012,0.080,-0.040,-0.020,0.003,0.026,1.003,-0.010,-0.006,-0.004,0.000,0.000,0.000,0.000,0,NULL,NULL,,1,0,3,7,255,,250,0,0
stim,8895,8895,0,3279846.816,0.571,-0.039,-0.108,-0.813,82,91,53,60,31,0,37,17,0,0.000,0,0,0.085,0.012,0.080,0.020,-0.020,0.004,0.025,1.003,-0.010,-0.006,0.000,0.000,0.000,0.000,0.000,0,NULL,NULL,,1,0,3,7,255,,250,0,0
stim,8895,8895,0,3279851.816,0.571,-0.039,-0.108,-0.813,56,88,75,37,37,0,61,16,0,0.000,0,0,0.085,0.004,0.080,0.020,-0.020,0.003,0.025,1.003,-0.004,-0.002,0.000,0.000,0.000,0.000,0.000,0,NULL,NULL,,1,0,3,7,255,,250,0,0
stim,8895,8895,0,3279856.816,0.571,-0.039,-0.108,-0.813,51,69,76,39,37,0,67,17,0,0.000,0,0,0.085,0.003,0.080,0.020,-0.020,0.004,0.025,1.003,-0.002,0.002,0.006,0.000,0.000,0.000,0.000,0,NULL,NULL,,1,0,3,7,255,,250,0,0
stim,8895,8895,0,3279861.816,0.571,-0.039,-0.108,-0.813,77,89,51,41,34,0,35,13,0,0.000,0,0,0.085,0.004,0.080,0.020,-0.020,0.004,0.025,1.001,0.000,0.004,0.006,0.000,0.000,0.000,0.000,0,NULL,NULL,,1,0,3,7,255,,250,0,0
stim,8895,8895,0,3279866.816,0.571,-0.039,-0.108,-0.813,51,68,57,39,37,0,62,17,0,0.000,0,0,0.139,0.004,0.080,0.080,-0.080,0.003,0.025,1.002,0.000,0.004,-0.004,0.000,0.000,0.000,0.000,0,NULL,NULL,,1,0,3,7,255,,250,0,0
stim,8896,8896,0,3279871.816,0.571,-0.039,-0.108,-0.813,81,87,53,63,3,0,28,24,0,0.000,0,0,0.085,0.006,0.080,0.020,-0.020,0.003,0.026,1.002,0.000,-0.006,-0.004,0.000,0.000,0.000,0.000,0,NULL,NULL,,1,0,3,7,255,,250,0,0
stim,8896,8896,0,3279876.817,0.571,-0.039,-0.108,-0.813,83,89,57,69,13,0,38,42,0,0.000,0,0,0.098,0.006,0.080,-0.040,0.040,0.003,0.025,1.004,0.002,-0.006,-0.004,0.000,0.000,0.000,0.000,0,NULL,NULL,,1,0,3,7,255,,250,0,0
stim,8911,8911,0,3279881.816,0.571,-0.039,-0.108,-0.813,75,87,53,41,37,1,39,11,0,0.000,0,0,0.115,0.002,0.080,0.020,-0.080,0.003,0.025,1.003,0.002,0.000,0.006,0.000,0.000,0.000,0.000,0,NULL,NULL,,1,0,3,7,255,,250,0,0
stim,8911,8911,0,3279886.816,0.571,-0.039,-0.108,-0.813,56,63,85,61,41,0,67,45,0,0.000,0,0,0.085,0.002,0.080,0.020,-0.020,0.004,0.025,1.003,0.002,0.000,0.006,0.000,0.000,0.000,0.000,0,NULL,NULL,,1,0,3,7,255,,250,0,0
stim,8927,8927,0,3279891.816,0.571,-0.039,-0.108,-0.813,51,69,83,38,18,0,67,35,0,0.000,0,0,0.085,0.002,0.080,0.020,-0.020,0.003,0.025,1.002,0.002,0.000,0.000,0.000,0.000,0.000,0.000,0,NULL,NULL,,1,0,3,7,255,,250,0,0
stim,8927,8927,0,3279896.816,0.571,-0.039,-0.108,-0.813,53,61,83,45,36,0,63,43,0,0.000,0,0,0.115,0.002,0.080,0.020,-0.080,0.003,0.024,1.002,0.002,0.000,-0.004,0.000,0.000,0.000,0.000,0,NULL,NULL,,1,0,3,7,255,,250,0,0
stim,8927,8927,0,3279901.816,0.571,-0.039,-0.108,-0.813,57,88,72,39,39,1,59,19,0,0.000,0,0,0.082,0.006,0.000,0.020,-0.080,0.004,0.024,1.004,0.006,0.000,-0.004,0.000,0.000,0.000,0.000,0,NULL,NULL,,1,0,3,7,255,,250,0,0
stim,8927,8927,0,3279906.816,0.571,-0.039,-0.108,-0.813,83,92,54,46,19,0,40,24,0,0.000,0,0,0.085,0.007,0.080,0.020,-0.020,0.002,0.025,1.004,0.006,-0.004,0.014,0.000,0.000,0.000,0.000,0,NULL,NULL,,1,0,3,7,255,,250,0,0
stim,8943,8943,0,3279911.816,0.571,-0.039,-0.108,-0.813,77,89,53,40,35,0,57,14,0,0.000,0,0,0.092,0.006,0.080,-0.040,-0.020,0.003,0.025,1.004,0.006,-0.002,0.014,0.000,0.000,0.000,0.000,0,NULL,NULL,,1,0,3,7,255,,250,0,0
stim,8943,8943,0,3279916.816,0.571,-0.039,-0.108,-0.813,83,92,51,63,31,0,37,23,0,0.000,0,0,0.085,0.003,0.080,0.020,-0.020,0.003,0.025,1.002,0.002,-0.002,0.010,0.000,0.000,0.000,0.000,0,NULL,NULL,,1,0,3,7,255,,250,0,0
stim,8959,8959,0,3279921.816,0.571,-0.039,-0.108,-0.813,57,72,59,40,40,0,69,16,0,0.000,0,0,0.092,0.002,0.080,-0.040,-0.020,0.003,0.025,1.002,0.000,-0.002,-0.004,0.000,0.000,0.000,0.000,0,NULL,NULL,,1,0,3,7,255,,250,0,0
stim,8959,8959,0,3279926.816,0.571,-0.039,-0.108,-0.813,78,88,53,41,31,0,39,19,0,0.000,0,0,0.045,0.006,0.000,-0.040,-0.020,0.002,0.025,1.003,0.000,-0.006,-0.004,0.000,0.000,0.000,0.000,0,NULL,NULL,,1,0,3,7,255,,250,0,0
stim,8991,8991,0,3279931.816,0.571,-0.039,-0.108,-0.813,76,67,58,63,18,0,46,41,0,0.000,0,0,0.115,0.006,0.080,0.020,-0.080,0.004,0.024,1.004,0.000,-0.006,0.004,0.000,0.000,0.000,0.000,0,NULL,NULL,,1,0,3,7,255,,250,0,0
stim,8991,8991,0,3279936.816,0.571,-0.039,-0.108,-0.813,57,89,55,39,40,0,59,16,0,0.000,0,0,0.143,0.013,0.140,0.020,-0.020,0.004,0.024,1.003,0.010,0.008,0.004,0.000,0.000,0.000,0.000,0,NULL,NULL,,1,0,3,7,255,,250,0,0
stim,8991,8991,0,3279941.818,0.571,-0.039,-0.108,-0.813,83,89,58,69,19,0,40,43,0,0.000,0,0,0.115,0.013,0.080,0.020,-0.080,0.003,0.025,1.003,0.010,0.008,0.000,0.000,0.000,0.000,0.000,0,NULL,NULL,,1,0,3,7,255,,250,0,0
stim,8991,8991,0,3279946.816,0.571,-0.039,-0.108,-0.813,48,69,85,39,37,0,63,33,0,0.000,0,0,0.028,0.004,0.000,0.020,-0.020,0.004,0.025,1.002,0.002,0.004,0.000,0.000,0.000,0.000,0.000,0,NULL,NULL,,1,0,3,7,255,,250,0,0
stim,8991,8991,0,3279951.816,0.571,-0.039,-0.108,-0.813,81,87,49,61,29,0,37,23,0,0.000,0,0,0.028,0.002,0.000,0.020,-0.020,0.002,0.025,1.001,0.002,0.000,-0.004,0.000,0.000,0.000,0.000,0,NULL,NULL,,1,0,3,7,255,,250,0,0
stim,8991,8991,0,3279956.816,0.571,-0.039,-0.108,-0.813,47,59,78,39,33,0,61,30,0,0.000,0,0,0.085,0.004,0.080,0.020,-0.020,0.004,0.025,1.002,0.000,0.004,-0.004,0.000,0.000,0.000,0.000,0,NULL,NULL,,1,0,3,7,255,,250,0,0
stim,9011,9011,0,3279961.816,0.571,-0.039,-0.108,-0.813,52,85,56,38,37,0,59,16,0,0.000,0,0,0.085,0.008,0.080,0.020,-0.020,0.003,0.027,1.002,-0.006,-0.006,-0.004,0.000,0.000,0.000,0.000,0,NULL,NULL,,1,0,3,7,255,,250,0,0
stim,9011,9011,0,3279966.816,0.571,-0.039,-0.108,-0.813,83,92,56,69,12,0,35,42,0,0.000,0,0,0.082,0.008,0.000,0.020,-0.080,0.004,0.024,1.004,-0.006,0.006,-0.004,0.000,0.000,0.000,0.000,0,NULL,NULL,,1,0,3,7,255,,250,0,0
stim,9011,9011,0,3279971.816,0.571,-0.039,-0.108,-0.813,87,95,51,57,34,0,37,21,0,0.000,0,0,0.115,0.007,0.080,0.020,-0.080,0.004,0.024,1.002,0.004,0.006,-0.004,0.000,0.000,0.000,0.000,0,NULL,NULL,,1,0,3,7,255,,250,0,0
stim,9011,9011,0,3279976.818,0.571,-0.039,-0.108,-0.813,83,92,53,47,37,0,40,24,0,0.000,0,0,0.085,0.007,0.080,0.020,-0.020,0.002,0.026,1.000,0.004,0.006,-0.004,0.000,0.000,0.000,0.000,0,NULL,NULL,,1,0,3,7,255,,250,0,0
stim,9011,9011,0,3279981.816,0.571,-0.039,-0.108,-0.813,52,68,85,41,43,1,71,36,0,0.000,0,0,0.028,0.003,0.000,0.020,-0.020,0.003,0.025,1.002,-0.002,-0.002,-0.004,0.000,0.000,0.000,0.000,0,NULL,NULL,,1,0,3,7,255,,250,0,0
stim,9011,9011,0,3279986.816,0.571,-0.039,-0.108,-0.813,53,87,53,37,36,0,56,13,0,0.000,0,0,0.115,0.003,0.080,0.020,-0.080,0.004,0.025,1.003,-0.002,-0.002,-0.004,0.000,0.000,0.000,0.000,0,NULL,NULL,,1,0,3,7,255,,250,0,0
stim,9023,9023,0,3279991.816,0.571,-0.039,-0.108,-0.813,55,87,43,37,33,0,49,12,0,0.000,0,0,0.092,0.003,0.080,-0.040,-0.020,0.003,0.025,1.004,-0.002,-0.002,0.006,0.000,0.000,0.000,0.000,0,NULL,NULL,,1,0,3,7,255,,250,0,0
stim,9023,9023,0,3279996.816,0.571,-0.039,-0.108,-0.813,69,77,53,40,39,0,57,11,0,0.000,0,0,0.143,0.004,0.140,0.020,-0.020,0.004,0.025,1.002,0.000,0.004,0.006,0.000,0.000,0.000,0.000,0,NULL,NULL,,1,0,3,7,255,,250,0,0
stim,9023,9023,0,3280001.816,0.571,-0.039,-0.108,-0.813,75,63,85,69,18,0,49,43,0,0.000,0,0,0.085,0.004,0.080,0.020,-0.020,0.004,0.025,1.002,0.000,0.004,-0.004,0.000,0.000,0.000,0.000,0,NULL,NULL,,1,0,3,7,255,,250,0,0
stim,9044,9044,0,3280006.816,0.571,-0.039,-0.108,-0.813,82,87,51,69,12,0,31,35,0,0.000,0,0,0.115,0.004,0.080,0.020,-0.080,0.002,0.025,1.001,0.000,0.004,-0.004,0.000,0.000,0.000,0.000,0,NULL,NULL,,1,0,3,7,255,,250,0,0
stim,9044,9044,0,3280011.816,0.571,-0.039,-0.108,-0.813,55,61,85,45,22,0,69,45,0,0.000,0,0,0.045,0.002,0.000,0.020,0.040,0.003,0.025,1.004,0.002,0.000,-0.004,0.000,0.000,0.000,0.000,0,NULL,NULL,,1,0,3,7,255,,250,0,0
stim,9044,9044,0,3280016.816,0.571,-0.039,-0.108,-0.813,83,87,53,63,35,0,39,23,0,0.000,0,0,0.115,0.006,0.080,0.020,-0.080,0.003,0.025,1.003,0.002,-0.006,0.006,0.000,0.000,0.000,0.000,0,NULL,NULL,,1,0,3,7,255,,250,0,0
stim,9044,9044,0,3280021.816,0.571,-0.039,-0.108,-0.813,84,91,51,45,29,0,37,23,0,0.000,0,0,0.085,0.000,0.080,0.020,-0.020,0.004,0.026,1.004,0.000,0.000,0.010,0.000,0.000,0.000,0.000,0,NULL,NULL,,1,0,3,7,255,,250,0,0
stim,9078,9078,0,3280026.816,0.571,-0.039,-0.108,-0.813,77,89,53,40,39,0,57,13,0,0.000,0,0,0.115,0.004,0.080,0.020,-0.080,0.004,0.025,1.001,0.000,0.004,0.006,0.000,0.000,0.000,0.000,0,NULL,NULL,,1,0,3,7,255,,250,0,0
stim,9078,9078,0,3280031.816,0.571,-0.039,-0.108,-0.813,56,63,85,71,25,0,69,45,0,0.000,0,0,0.143,0.004,0.140,0.020,-0.020,0.003,0.025,1.003,0.000,0.004,0.000,0.000,0.000,0.000,0.000,0,NULL,NULL,,1,0,3,7,255,,250,0,0
stim,9078,9078,0,3280036.816,0.571,-0.039,-0.108,-0.813,47,59,77,39,41,0,57,31,0,0.000,0,0,0.115,0.000,0.080,0.020,-0.080,0.002,0.025,1.001,0.000,0.000,-0.014,0.000,0.000,0.000,0.000,0,NULL,NULL,,1,0,3,7,255,,250,0,0
stim,9078,9078,0,3280041.818,0.571,-0.039,-0.108,-0.813,51,60,77,39,37,0,67,13,0,0.000,0,0,0.120,0.010,0.080,-0.040,-0.080,0.002,0.024,1.004,0.002,-0.010,0.000,0.000,0.000,0.000,0.000,0,NULL,NULL,,1,0,3,7,255,,250,0,0
stim,9079,9079,0,3280046.816,0.571,-0.039,-0.108,-0.813,56,89,53,36,37,0,57,13,0,0.000,0,0,0.085,0.010,0.080,0.020,-0.020,0.003,0.025,1.003,0.002,-0.010,0.006,0.000,0.000,0.000,0.000,0,NULL,NULL,,1,0,3,7,255,,250,0,0
stim,9079,9079,0,3280051.816,0.571,-0.039,-0.108,-0.813,55,63,84,69,19,0,68,45,0,0.000,0,0,0.115,0.003,0.080,0.020,-0.080,0.003,0.026,1.003,0.002,-0.002,0.006,0.000,0.000,0.000,0.000,0,NULL,NULL,,1,0,3,7,255,,250,0,0
stim,9110,9110,0,3280056.816,0.571,-0.039,-0.108,-0.813,57,88,77,39,39,2,69,17,0,0.000,0,0,0.082,0.002,0.000,0.080,-0.020,0.003,0.025,1.002,-0.002,0.000,0.006,0.000,0.000,0.000,0.000,0,NULL,NULL,,1,0,3,7,255,,250,0,0
stim,9110,9110,0,3280061.816,0.571,-0.039,-0.108,-0.813,75,62,83,63,20,0,47,43,0,0.000,0,0,0.028,0.006,0.000,0.020,-0.020,0.004,0.026,1.001,-0.006,0.000,-0.004,0.000,0.000,0.000,0.000,0,NULL,NULL,,1,0,3,7,255,,250,0,0
stim,9110,9110,0,3280066.816,0.571,-0.039,-0.108,-0.813,53,61,76,46,21,0,68,43,0,0.000,0,0,0.120,0.006,0.080,-0.040,-0.080,0.002,0.026,1.003,-0.006,0.000,-0.004,0.000,0.000,0.000,0.000,0,NULL,NULL,,1,0,3,7,255,,250,0,0
stim,9110,9110,0,3280071.817,0.571,-0.039,-0.108,-0.813,83,89,56,67,16,0,37,42,0,0.000,0,0,0.120,0.006,0.080,-0.040,-0.080,0.003,0.024,1.004,-0.006,-0.002,0.000,0.000,0.000,0.000,0.000,0,NULL,NULL,,1,0,3,7,255,,250,0,0
stim,9110,9110,0,3280076.816,0.571,-0.039,-0.108,-0.813,73,61,75,67,13,0,36,41,0,0.000,0,0,0.115,0.006,0.080,0.020,-0.080,0.004,0.026,1.003,-0.006,-0.002,0.000,0.000,0.000,0.000,0.000,0,NULL,NULL,,1,0,3,7,255,,250,0,0
stim,9110,9110,0,3280081.816,0.571,-0.039,-0.108,-0.813,73,63,82,69,16,0,45,43,0,0.000,0,0,0.120,0.006,0.080,-0.040,-0.080,0.004,0.025,1.002,-0.002,0.006,0.000,0.000,0.000,0.000,0.000,0,NULL,NULL,,1,0,3,7,255,,250,0,0
stim,9120,9120,0,3280086.816,0.571,-0.039,-0.108,-0.813,73,63,57,69,19,0,39,43,0,0.000,0,0,0.028,0.006,0.000,0.020,-0.020,0.004,0.025,1.001,-0.002,0.006,-0.008,0.000,0.000,0.000,0.000,0,NULL,NULL,,1,0,3,7,255,,250,0,0
stim,9120,9120,0,3280091.816,0.571,-0.039,-0.108,-0.813,75,85,81,71,12,0,43,39,0,0.000,0,0,0.115,0.006,0.080,0.020,-0.080,0.003,0.024,1.002,0.000,0.006,-0.008,0.000,0.000,0.000,0.000,0,NULL,NULL,,1,0,3,7,255,,250,0,0
stim,9121,9121,0,3280096.816,0.571,-0.039,-0.108,-0.813,57,73,56,37,35,0,58,16,0,0.000,0,0,0.120,0.008,0.080,0.080,0.040,0.003,0.024,1.004,0.008,0.000,-0.004,0.000,0.000,0.000,0.000,0,NULL,NULL,,1,0,3,7,255,,250,0,0
stim,9121,9121,0,3280101.816,0.571,-0.039,-0.108,-0.813,49,63,77,39,37,0,67,16,0,0.000,0,0,0.085,0.008,0.080,0.020,-0.020,0.004,0.025,1.003,0.008,0.000,0.000,0.000,0.000,0.000,0.000,0,NULL,NULL,,1,0,3,7,255,,250,0,0
stim,9142,9142,0,3280106.816,0.571,-0.039,-0.108,-0.813,53,63,75,67,13,0,39,41,0,0.000,0,0,0.115,0.006,0.080,0.020,-0.080,0.004,0.024,1.003,0.002,0.006,0.000,0.000,0.000,0.000,0.000,0,NULL,NULL,,1,0,3,7,255,,250,0,0
stim,9142,9142,0,3280111.818,0.571,-0.039,-0.108,-0.813,83,91,51,67,31,0,37,23,0,0.000,0,0,0.085,0.006,0.080,0.020,-0.020,0.003,0.026,1.001,0.000,0.006,0.000,0.000,0.000,0.000,0.000,0,NULL,NULL,,1,0,3,7,255,,250,0,0
stim,9143,9143,0,3280116.817,0.571,-0.039,-0.108,-0.813,54,63,83,63,21,0,68,43,0,0.000,0,0,0.085,0.006,0.080,0.020,-0.020,0.003,0.026,1.002,-0.006,-0.002,-0.004,0.000,0.000,0.000,0.000,0,NULL,NULL,,1,0,3,7,255,,250,0,0
stim,9143,9143,0,3280121.816,0.571,-0.039,-0.108,-0.813,83,71,83,69,17,0,45,43,0,0.000,0,0,0.092,0.007,0.080,-0.040,-0.020,0.003,0.025,1.004,-0.006,-0.004,-0.004,0.000,0.000,0.000,0.000,0,NULL,NULL,,1,0,3,7,255,,250,0,0
stim,9183,9183,0,3280126.816,0.571,-0.039,-0.108,-0.813,77,90,45,42,28,0,36,11,0,0.000,0,0,0.115,0.004,0.080,0.020,-0.080,0.003,0.024,1.003,0.004,-0.002,0.006,0.000,0.000,0.000,0.000,0,NULL,NULL,,1,0,3,7,255,,250,0,0
stim,9183,9183,0,3280131.816,0.571,-0.039,-0.108,-0.813,83,93,54,69,20,0,38,41,0,0.000,0,0,0.115,0.006,0.080,0.020,-0.080,0.003,0.025,1.003,0.004,-0.004,0.006,0.000,0.000,0.000,0.000,0,NULL,NULL,,1,0,3,7,255,,250,0,0
stim,9183,9183,0,3280136.816,0.571,-0.039,-0.108,-0.813,82,91,53,69,16,0,37,43,0,0.000,0,0,0.115,0.003,0.080,0.080,-0.020,0.004,0.025,1.002,-0.002,0.002,0.000,0.000,0.000,0.000,0.000,0,NULL,NULL,,1,0,3,7,255,,250,0,0
stim,9183,9183,0,3280141.818,0.571,-0.039,-0.108,-0.813,85,87,57,67,13,0,37,41,0,0.000,0,0,0.115,0.004,0.080,0.080,-0.020,0.004,0.026,1.001,-0.004,0.002,-0.004,0.000,0.000,0.000,0.000,0,NULL,NULL,,1,0,3,7,255,,250,0,0
stim,9183,9183,0,3280146.816,0.571,-0.039,-0.108,-0.813,51,85,60,39,41,0,69,18,0,0.000,0,0,0.139,0.004,0.080,0.080,-0.080,0.003,0.025,1.002,-0.004,0.002,-0.004,0.000,0.000,0.000,0.000,0,NULL,NULL,,1,0,3,7,255,,250,0,0
stim,9183,9183,0,3280151.816,0.571,-0.039,-0.108,-0.813,83,92,55,47,19,0,39,23,0,0.000,0,0,0.082,0.003,0.000,0.080,-0.020,0.004,0.025,1.003,-0.002,0.002,-0.004,0.000,0.000,0.000,0.000,0,NULL,NULL,,1,0,3,7,255,,250,0,0
stim,9199,9199,0,3280156.816,0.571,-0.039,-0.108,-0.813,74,63,77,67,18,0,39,43,0,0.000,0,0,0.115,0.006,0.080,0.020,-0.080,0.004,0.024,1.003,0.000,0.006,0.000,0.000,0.000,0.000,0.000,0,NULL,NULL,,1,0,3,7,255,,250,0,0
stim,9199,9199,0,3280161.816,0.571,-0.039,-0.108,-0.813,59,91,53,42,37,0,56,17,0,0.000,0,0,0.115,0.006,0.080,0.080,-0.020,0.004,0.025,1.002,0.000,0.006,0.000,0.000,0.000,0.000,0.000,0,NULL,NULL,,1,0,3,7,255,,250,0,0
stim,9199,9199,0,3280166.816,0.571,-0.039,-0.108,-0.813,53,60,83,61,18,0,45,45,0,0.000,0,0,0.082,0.004,0.000,0.080,-0.020,0.003,0.025,1.001,-0.002,0.004,-0.008,0.000,0.000,0.000,0.000,0,NULL,NULL,,1,0,3,7,255,,250,0,0
stim,9199,9199,0,3280171.816,0.571,-0.039,-0.108,-0.813,84,93,53,49,20,0,39,25,0,0.000,0,0,0.115,0.006,0.080,0.080,-0.020,0.004,0.026,1.001,-0.004,0.004,-0.014,0.000,0.000,0.000,0.000,0,NULL,NULL,,1,0,3,7,255,,250,0,0
stim,9216,9216,0,3280176.818,0.571,-0.039,-0.108,-0.813,77,85,55,67,13,0,35,41,0,0.000,0,0,0.115,0.002,0.080,0.080,-0.020,0.003,0.025,1.004,-0.002,0.000,-0.014,0.000,0.000,0.000,0.000,0,NULL,NULL,,1,0,3,7,255,,250,0,0
stim,9216,9216,0,3280181.816,0.571,-0.039,-0.108,-0.813,59,89,60,40,43,1,70,17,0,0.000,0,0,0.028,0.002,0.000,0.020,-0.020,0.003,0.025,1.004,-0.002,0.000,0.010,0.000,0.000,0.000,0.000,0,NULL,NULL,,1,0,3,7,255,,250,0,0
stim,9216,9216,0,3280186.816,0.571,-0.039,-0.108,-0.813,53,61,75,45,23,0,63,44,0,0.000,0,0,0.139,0.002,0.080,0.080,-0.080,0.004,0.025,1.003,-0.002,0.000,0.010,0.000,0.000,0.000,0.000,0,NULL,NULL,,1,0,3,7,255,,250,0,0
stim,9216,9216,0,3280191.816,0.571,-0.039,-0.108,-0.813,55,87,77,39,39,1,69,17,0,0.000,0,0,0.082,0.006,0.000,0.080,-0.020,0.004,0.025,1.002,0.000,0.006,0.002,0.000,0.000,0.000,0.000,0,NULL,NULL,,1,0,3,7,255,,250,0,0
stim,9231,9231,0,3280196.816,0.571,-0.039,-0.108,-0.813,77,91,55,40,41,0,57,13,0,0.000,0,0,0.115,0.006,0.080,0.080,-0.020,0.004,0.025,1.003,-0.002,0.006,0.002,0.000,0.000,0.000,0.000,0,NULL,NULL,,1,0,3,7,255,,250,0,0
stim,9231,9231,0,3280201.816,0.571,-0.039,-0.108,-0.813,48,63,83,39,36,0,63,18,0,0.000,0,0,0.113,0.004,0.000,0.080,-0.080,0.002,0.025,1.004,0.000,0.004,0.002,0.000,0.000,0.000,0.000,0,NULL,NULL,,1,0,3,7,255,,250,0,0
stim,9247,9247,0,3280206.816,0.571,-0.039,-0.108,-0.813,74,61,75,63,18,0,39,43,0,0.000,0,0,0.082,0.008,0.000,0.080,-0.020,0.002,0.025,1.007,0.002,-0.008,0.016,0.000,0.000,0.000,0.000,0,NULL,NULL,,1,0,3,7,255,,250,0,0
stim,9247,9247,0,3280211.816,0.571,-0.039,-0.108,-0.813,57,89,56,37,41,1,59,13,0,0.000,0,0,0.120,0.010,0.080,-0.040,-0.080,0.002,0.025,1.008,0.006,-0.008,0.044,0.000,0.000,0.000,0.000,0,NULL,NULL,,1,0,3,7,255,,250,0,0
stim,9247,9247,0,3280216.816,0.571,-0.039,-0.108,-0.813,53,61,77,44,41,1,61,41,0,0.000,0,0,0.166,0.008,0.140,-0.040,-0.080,0.003,0.025,1.005,0.002,-0.008,0.044,0.000,0.000,0.000,0.000,0,NULL,NULL,,1,0,3,7,255,,250,0,0
stim,9247,9247,0,3280221.816,0.571,-0.039,-0.108,-0.813,59,89,54,41,36,0,57,13,0,0.000,0,0,0.162,0.002,0.140,0.020,-0.080,0.003,0.025,1.000,0.002,0.000,0.018,0.000,0.000,0.000,0.000,0,NULL,NULL,,1,0,3,7,255,,250,0,0
stim,9247,9247,0,3280226.816,0.571,-0.039,-0.108,-0.813,77,89,55,41,37,0,57,13,0,0.000,0,0,0.028,0.004,0.000,0.020,-0.020,0.003,0.025,1.000,-0.004,0.000,-0.028,0.000,0.000,0.000,0.000,0,NULL,NULL,,1,0,3,7,255,,250,0,0
stim,9247,9247,0,3280231.816,0.571,-0.039,-0.108,-0.813,57,89,53,35,35,0,55,13,0,0.000,0,0,0.089,0.004,0.000,-0.040,-0.080,0.003,0.026,1.003,-0.004,0.000,-0.028,0.000,0.000,0.000,0.000,0,NULL,NULL,,1,0,3,7,255,,250,0,0
stim,9279,9279,0,3280236.816,0.571,-0.039,-0.108,-0.813,81,87,53,68,37,0,39,24,0,0.000,0,0,0.028,0.004,0.000,0.020,-0.020,0.003,0.023,1.005,-0.004,0.000,0.000,0.000,0.000,0.000,0.000,0,NULL,NULL,,1,0,3,7,255,,250,0,0
stim,9279,9279,0,3280241.818,0.571,-0.039,-0.108,-0.813,51,85,59,39,40,0,69,18,0,0.000,0,0,0.045,0.012,0.000,-0.040,-0.020,0.004,0.024,1.004,0.010,0.006,0.014,0.000,0.000,0.000,0.000,0,NULL,NULL,,1,0,3,7,255,,250,0,0
stim,9279,9279,0,3280246.816,0.571,-0.039,-0.108,-0.813,53,87,59,39,37,0,69,18,0,0.000,0,0,0.085,0.013,0.080,0.020,-0.020,0.004,0.024,1.001,0.010,0.008,0.014,0.000,0.000,0.000,0.000,0,NULL,NULL,,1,0,3,7,255,,250,0,0
stim,9279,9279,0,3280251.816,0.571,-0.039,-0.108,-0.813,51,60,85,55,39,0,69,37,0,0.000,0,0,0.028,0.008,0.000,0.020,-0.020,0.004,0.025,1.000,0.002,0.008,-0.014,0.000,0.000,0.000,0.000,0,NULL,NULL,,1,0,3,7,255,,250,0,0
stim,9279,9279,0,3280256.816,0.571,-0.039,-0.108,-0.813,53,63,84,43,21,0,67,41,0,0.000,0,0,0.115,0.008,0.080,0.080,-0.020,0.003,0.025,1.001,-0.002,0.008,-0.014,0.000,0.000,0.000,0.000,0,NULL,NULL,,1,0,3,7,255,,250,0,0
stim,9279,9279,0,3280261.816,0.571,-0.039,-0.108,-0.813,55,63,85,61,21,0,69,44,0,0.000,0,0,0.028,0.004,0.000,0.020,-0.020,0.004,0.025,1.003,-0.002,0.004,-0.014,0.000,0.000,0.000,0.000,0,NULL,NULL,,1,0,3,7,255,,250,0,0
stim,9295,9295,0,3280266.816,0.571,-0.039,-0.108,-0.813,77,90,55,37,37,0,59,13,0,0.000,0,0,0.085,0.000,0.080,0.020,-0.020,0.003,0.025,1.003,0.000,0.000,0.000,0.000,0.000,0.000,0.000,0,NULL,NULL,,1,0,3,7,255,,250,0,0
stim,9295,9295,0,3280271.816,0.571,-0.039,-0.108,-0.813,53,68,87,61,18,0,62,39,0,0.000,0,0,0.028,0.002,0.000,0.020,-0.020,0.004,0.026,1.002,0.000,0.002,0.000,0.000,0.000,0.000,0.000,0,NULL,NULL,,1,0,3,7,255,,250,0,0
stim,9311,9311,0,3280276.816,0.571,-0.039,-0.108,-0.813,57,89,76,38,37,0,67,14,0,0.000,0,0,0.085,0.003,0.080,0.020,-0.020,0.003,0.024,1.002,0.002,0.002,-0.004,0.000,0.000,0.000,0.000,0,NULL,NULL,,1,0,3,7,255,,250,0,0
stim,9311,9311,0,3280281.817,0.571,-0.039,-0.108,-0.813,54,61,84,63,23,0,69,45,0,0.000,0,0,0.092,0.004,0.080,-0.040,-0.020,0.004,0.025,1.001,-0.004,0.002,-0.010,0.000,0.000,0.000,0.000,0,NULL,NULL,,1,0,3,7,255,,250,0,0
stim,9327,9327,0,3280286.816,0.571,-0.039,-0.108,-0.813,77,89,54,41,41,0,59,13,0,0.000,0,0,0.113,0.004,0.000,0.080,-0.080,0.003,0.026,1.002,-0.004,0.002,-0.010,0.000,0.000,0.000,0.000,0,NULL,NULL,,1,0,3,7,255,,250,0,0
stim,9327,9327,0,3280291.816,0.571,-0.039,-0.108,-0.813,51,69,84,39,21,0,69,35,0,0.000,0,0,0.028,0.006,0.000,0.020,-0.020,0.004,0.024,1.003,-0.004,0.004,-0.004,0.000,0.000,0.000,0.000,0,NULL,NULL,,1,0,3,7,255,,250,0,0
stim,9327,9327,0,3280296.816,0.571,-0.039,-0.108,-0.813,57,72,76,39,35,0,61,13,0,0.000,0,0,0.082,0.006,0.000,0.020,-0.080,0.002,0.023,1.004,0.004,-0.004,0.006,0.000,0.000,0.000,0.000,0,NULL,NULL,,1,0,3,7,255,,250,0,0
stim,9327,9327,0,3280301.816,0.571,-0.039,-0.108,-0.813,74,67,83,69,17,0,45,44,0,0.000,0,0,0.085,0.007,0.080,0.020,-0.020,0.004,0.024,1.003,0.004,0.006,0.006,0.000,0.000,0.000,0.000,0,NULL,NULL,,1,0,3,7,255,,250,0,0
stim,9344,9344,0,3280306.816,0.571,-0.039,-0.108,-0.813,79,85,47,61,11,0,37,39,0,0.000,0,0,0.139,0.006,0.080,0.080,-0.080,0.003,0.024,1.002,0.006,0.002,0.006,0.000,0.000,0.000,0.000,0,NULL,NULL,,1,0,3,7,255,,250,0,0
stim,9344,9344,0,3280311.816,0.571,-0.039,-0.108,-0.813,83,88,57,69,18,0,40,43,0,0.000,0,0,0.115,0.003,0.080,0.020,-0.080,0.003,0.025,1.002,0.002,0.002,-0.008,0.000,0.000,0.000,0.000,0,NULL,NULL,,1,0,3,7,255,,250,0,0
stim,9359,9359,0,3280316.816,0.571,-0.039,-0.108,-0.813,79,87,54,69,19,1,39,23,0,0.000,0,0,0.028,0.003,0.000,0.020,-0.020,0.004,0.025,1.002,0.002,0.002,-0.008,0.000,0.000,0.000,0.000,0,NULL,NULL,,1,0,3,7,255,,250,0,0
stim,9359,9359,0,3280321.816,0.571,-0.039,-0.108,-0.813,53,85,53,39,39,0,58,13,0,0.000,0,0,0.115,0.003,0.080,0.020,-0.080,0.003,0.024,1.003,0.002,0.002,-0.008,0.000,0.000,0.000,0.000,0,NULL,NULL,,1,0,3,7,255,,250,0,0
stim,9376,9376,0,3280326.816,0.571,-0.039,-0.108,-0.813,55,61,83,61,17,0,47,44,0,0.000,0,0,0.139,0.003,0.080,0.080,-0.080,0.003,0.025,1.003,0.002,0.002,0.006,0.000,0.000,0.000,0.000,0,NULL,NULL,,1,0,3,7,255,,250,0,0
stim,9376,9376,0,3280331.816,0.571,-0.039,-0.108,-0.813,77,89,55,39,37,0,41,14,0,0.000,0,0,0.162,0.003,0.080,0.140,-0.020,0.003,0.025,1.003,0.002,-0.002,0.006,0.000,0.000,0.000,0.000,0,NULL,NULL,,1,0,3,7,255,,250,0,0
stim,9377,9377,0,3280336.816,0.571,-0.039,-0.108,-0.813,53,59,83,61,23,0,61,42,0,0.000,0,0,0.115,0.003,0.080,0.080,-0.020,0.003,0.025,1.004,-0.002,-0.002,0.006,0.000,0.000,0.000,0.000,0,NULL,NULL,,1,0,3,7,255,,250,0,0
stim,9377,9377,0,3280341.818,0.571,-0.039,-0.108,-0.813,77,90,55,43,37,1,41,16,0,0.000,0,0,0.115,0.004,0.080,0.020,-0.080,0.003,0.027,1.004,-0.004,-0.002,0.014,0.000,0.000,0.000,0.000,0,NULL,NULL,,1,0,3,7,255,,250,0,0
stim,9378,9378,0,3280346.816,0.571,-0.039,-0.108,-0.813,73,61,83,68,13,0,45,43,0,0.000,0,0,0.115,0.003,0.080,0.020,-0.080,0.003,0.025,1.004,-0.002,-0.002,0.014,0.000,0.000,0.000,0.000,0,NULL,NULL,,1,0,3,7,255,,250,0,0
stim,9378,9378,0,3280351.816,0.571,-0.039,-0.108,-0.813,47,63,81,39,41,1,69,18,0,0.000,0,0,0.115,0.002,0.080,0.020,-0.080,0.003,0.024,1.003,0.002,0.000,0.010,0.000,0.000,0.000,0.000,0,NULL,NULL,,1,0,3,7,255,,250,0,0
stim,9409,9409,0,3280356.816,0.571,-0.039,-0.108,-0.813,76,89,50,58,30,0,37,12,0,0.000,0,0,0.162,0.004,0.140,0.080,-0.020,0.004,0.024,1.002,0.004,0.002,0.004,0.000,0.000,0.000,0.000,0,NULL,NULL,,1,0,3,7,255,,250,0,0
stim,9409,9409,0,3280361.816,0.571,-0.039,-0.108,-0.813,51,69,84,39,19,0,67,37,0,0.000,0,0,0.143,0.006,0.140,0.020,-0.020,0.004,0.025,1.002,0.004,0.004,-0.004,0.000,0.000,0.000,0.000,0,NULL,NULL,,1,0,3,7,255,,250,0,0
stim,9409,9409,0,3280366.816,0.571,-0.039,-0.108,-0.813,56,87,73,37,39,0,60,13,0,0.000,0,0,0.085,0.004,0.080,0.020,-0.020,0.003,0.025,1.002,0.002,0.004,-0.004,0.000,0.000,0.000,0.000,0,NULL,NULL,,1,0,3,7,255,,250,0,0
stim,9409,9409,0,3280371.816,0.571,-0.039,-0.108,-0.813,75,85,84,39,23,1,69,35,0,0.000,0,0,0.115,0.002,0.080,0.020,-0.080,0.002,0.025,1.002,0.002,0.000,-0.004,0.000,0.000,0.000,0.000,0,NULL,NULL,,1,0,3,7,255,,250,0,0
stim,9409,9409,0,3280376.818,0.571,-0.039,-0.108,-0.813,51,69,77,37,35,0,63,14,0,0.000,0,0,0.082,0.002,0.000,0.020,-0.080,0.004,0.025,1.004,0.002,0.000,-0.004,0.000,0.000,0.000,0.000,0,NULL,NULL,,1,0,3,7,255,,250,0,0
stim,9409,9409,0,3280381.816,0.571,-0.039,-0.108,-0.813,53,59,85,39,38,0,71,35,0,0.000,0,0,0.147,0.011,0.140,-0.040,-0.020,0.004,0.024,1.004,0.004,0.010,0.010,0.000,0.000,0.000,0.000,0,NULL,NULL,,1,0,3,7,255,,250,0,0
stim,9409,9409,0,3280386.816,0.571,-0.039,-0.108,-0.813,53,63,83,61,19,0,63,45,0,0.000,0,0,0.085,0.010,0.080,0.020,-0.020,0.003,0.026,1.002,-0.002,0.010,0.010,0.000,0.000,0.000,0.000,0,NULL,NULL,,1,0,3,7,255,,250,0,0
stim,9423,9423,0,3280391.816,0.571,-0.039,-0.108,-0.813,75,88,51,41,35,0,37,11,0,0.000,0,0,0.045,0.010,0.000,-0.040,-0.020,0.004,0.025,1.001,-0.002,0.010,-0.010,0.000,0.000,0.000,0.000,0,NULL,NULL,,1,0,3,7,255,,250,0,0
stim,9423,9423,0,3280396.816,0.571,-0.039,-0.108,-0.813,57,63,85,71,22,0,69,44,0,0.000,0,0,0.082,0.003,0.000,0.020,-0.080,0.003,0.025,1.003,-0.002,-0.002,-0.010,0.000,0.000,0.000,0.000,0,NULL,NULL,,1,0,3,7,255,,250,0,0
stim,9442,9442,0,3280401.816,0.571,-0.039,-0.108,-0.813,51,59,81,39,35,0,61,35,0,0.000,0,0,0.085,0.004,0.080,0.020,-0.020,0.004,0.025,1.003,-0.002,0.004,0.000,0.000,0.000,0.000,0.000,0,NULL,NULL,,1,0,3,7,255,,250,0,0
stim,9442,9442,0,3280406.816,0.571,-0.039,-0.108,-0.813,51,85,55,37,37,0,59,13,0,0.000,0,0,0.085,0.002,0.080,0.020,-0.020,0.003,0.024,1.004,0.000,-0.002,0.006,0.000,0.000,0.000,0.000,0,NULL,NULL,,1,0,3,7,255,,250,0,0
stim,9442,9442,0,3280411.816,0.571,-0.039,-0.108,-0.813,83,91,43,68,18,0,31,41,0,0.000,0,0,0.143,0.006,0.140,0.020,-0.020,0.004,0.024,1.002,0.004,0.004,0.000,0.000,0.000,0.000,0.000,0,NULL,NULL,,1,0,3,7,255,,250,0,0
stim,9442,9442,0,3280416.816,0.571,-0.039,-0.108,-0.813,82,88,76,67,13,0,37,43,0,0.000,0,0,0.082,0.006,0.000,0.020,-0.080,0.004,0.025,1.001,0.004,0.004,-0.004,0.000,0.000,0.000,0.000,0,NULL,NULL,,1,0,3,7,255,,250,0,0
stim,9442,9442,0,3280421.816,0.571,-0.039,-0.108,-0.813,57,69,51,38,30,0,52,11,0,0.000,0,0,0.028,0.004,0.000,0.020,-0.020,0.003,0.025,1.002,0.002,0.004,-0.004,0.000,0.000,0.000,0.000,0,NULL,NULL,,1,0,3,7,255,,250,0,0
stim,9442,9442,0,3280426.816,0.571,-0.039,-0.108,-0.813,51,59,83,41,17,0,63,39,0,0.000,0,0,0.082,0.000,0.000,0.020,-0.080,0.003,0.025,1.002,0.000,0.000,-0.004,0.000,0.000,0.000,0.000,0,NULL,NULL,,1,0,3,7,255,,250,0,0
stim,9487,9487,0,3280431.816,0.571,-0.039,-0.108,-0.813,79,89,55,68,12,0,36,40,0,0.000,0,0,0.085,0.003,0.080,0.020,-0.020,0.003,0.025,1.004,-0.002,-0.002,-0.004,0.000,0.000,0.000,0.000,0,NULL,NULL,,1,0,3,7,255,,250,0,0
stim,9487,9487,0,3280436.816,0.571,-0.039,-0.108,-0.813,59,91,53,41,37,0,39,13,0,0.000,0,0,0.143,0.003,0.140,0.020,-0.020,0.004,0.025,1.003,-0.002,-0.002,0.006,0.000,0.000,0.000,0.000,0,NULL,NULL,,1,0,3,7,255,,250,0,0
stim,9487,9487,0,3280441.818,0.571,-0.039,-0.108,-0.813,75,85,60,63,17,0,40,41,0,0.000,0,0,0.085,0.003,0.080,0.020,-0.020,0.003,0.025,1.002,-0.002,-0.002,0.006,0.000,0.000,0.000,0.000,0,NULL,NULL,,1,0,3,7,255,,250,0,0
stim,9487,9487,0,3280446.816,0.571,-0.039,-0.108,-0.813,51,69,85,41,41,0,69,35,0,0.000,0,0,0.028,0.006,0.000,0.020,-0.020,0.004,0.024,1.002,-0.002,0.006,-0.004,0.000,0.000,0.000,0.000,0,NULL,NULL,,1,0,3,7,255,,250,0,0
stim,9487,9487,0,3280451.816,0.571,-0.039,-0.108,-0.813,71,81,79,61,35,0,43,42,0,0.000,0,0,0.085,0.006,0.080,0.020,-0.020,0.004,0.026,1.001,-0.002,0.006,-0.010,0.000,0.000,0.000,0.000,0,NULL,NULL,,1,0,3,7,255,,250,0,0
stim,9487,9487,0,3280456.816,0.571,-0.039,-0.108,-0.813,71,93,53,58,31,0,39,12,0,0.000,0,0,0.082,0.006,0.000,0.020,-0.080,0.003,0.025,1.003,0.002,0.006,-0.010,0.000,0.000,0.000,0.000,0,NULL,NULL,,1,0,3,7,255,,250,0,0
stim,9507,9507,0,3280461.816,0.571,-0.039,-0.108,-0.813,79,86,51,61,11,0,35,21,0,0.000,0,0,0.115,0.002,0.080,0.020,-0.080,0.003,0.024,1.003,0.002,0.000,0.006,0.000,0.000,0.000,0.000,0,NULL,NULL,,1,0,3,7,255,,250,0,0
stim,9507,9507,0,3280466.816,0.571,-0.039,-0.108,-0.813,73,61,83,61,19,0,45,43,0,0.000,0,0,0.092,0.004,0.080,0.020,0.040,0.002,0.025,1.003,0.002,-0.004,0.006,0.000,0.000,0.000,0.000,0,NULL,NULL,,1,0,3,7,255,,250,0,0
stim,9507,9507,0,3280471.816,0.571,-0.039,-0.108,-0.813,73,61,55,63,20,0,39,41,0,0.000,0,0,0.143,0.006,0.140,0.020,-0.020,0.003,0.025,1.003,0.000,-0.006,0.000,0.000,0.000,0.000,0.000,0,NULL,NULL,,1,0,3,7,255,,250,0,0
stim,9507,9507,0,3280476.816,0.571,-0.039,-0.108,-0.813,56,63,83,71,19,0,63,45,0,0.000,0,0,0.085,0.006,0.080,0.020,-0.020,0.003,0.025,1.002,-0.002,-0.006,0.000,0.000,0.000,0.000,0.000,0,NULL,NULL,,1,0,3,7,255,,250,0,0
stim,9507,9507,0,3280481.817,0.571,-0.039,-0.108,-0.813,82,87,53,67,16,0,37,24,0,0.000,0,0,0.115,0.003,0.080,0.020,-0.080,0.003,0.024,1.003,-0.002,-0.002,0.000,0.000,0.000,0.000,0.000,0,NULL,NULL,,1,0,3,7,255,,250,0,0
stim,9507,9507,0,3280486.816,0.571,-0.039,-0.108,-0.813,54,87,58,39,39,0,69,17,0,0.000,0,0,0.085,0.006,0.080,0.020,-0.020,0.003,0.024,1.005,0.006,0.002,0.006,0.000,0.000,0.000,0.000,0,NULL,NULL,,1,0,3,7,255,,250,0,0
stim,9520,9520,0,3280491.816,0.571,-0.039,-0.108,-0.813,51,61,79,60,14,0,61,43,0,0.000,0,0,0.085,0.006,0.080,0.020,-0.020,0.003,0.024,1.003,0.006,0.002,0.006,0.000,0.000,0.000,0.000,0,NULL,NULL,,1,0,3,7,255,,250,0,0
stim,9520,9520,0,3280496.816,0.571,-0.039,-0.108,-0.813,57,89,55,37,39,0,57,12,0,0.000,0,0,0.162,0.006,0.140,0.020,-0.080,0.003,0.025,1.002,0.006,0.002,0.006,0.000,0.000,0.000,0.000,0,NULL,NULL,,1,0,3,7,255,,250,0,0
stim,9542,9542,0,3280501.816,0.571,-0.039,-0.108,-0.813,55,61,75,65,21,0,59,42,0,0.000,0,0,0.143,0.003,0.140,0.020,-0.020,0.004,0.025,1.002,0.002,0.002,-0.008,0.000,0.000,0.000,0.000,0,NULL,NULL,,1,0,3,7,255,,250,0,0
stim,9542,9542,0,3280506.816,0.571,-0.039,-0.108,-0.813,51,60,86,39,23,0,69,35,0,0.000,0,0,0.115,0.006,0.080,0.020,-0.080,0.003,0.026,1.001,-0.004,-0.004,-0.010,0.000,0.000,0.000,0.000,0,NULL,NULL,,1,0,3,7,255,,250,0,0
stim,9542,9542,0,3280511.816,0.571,-0.039,-0.108,-0.813,78,88,54,41,37,0,56,13,0,0.000,0,0,0.028,0.004,0.000,0.020,-0.020,0.003,0.024,1.004,-0.004,0.002,-0.008,0.000,0.000,0.000,0.000,0,NULL,NULL,,1,0,3,7,255,,250,0,0
stim,9542,9542,0,3280516.816,0.571,-0.039,-0.108,-0.813,84,87,56,67,17,0,38,44,0,0.000,0,0,0.028,0.004,0.000,0.020,-0.020,0.004,0.025,1.004,0.000,0.004,0.010,0.000,0.000,0.000,0.000,0,NULL,NULL,,1,0,3,7,255,,250,0,0
stim,9554,9554,0,3280521.816,0.571,-0.039,-0.108,-0.813,82,91,53,62,17,0,39,24,0,0.000,0,0,0.143,0.004,0.140,0.020,-0.020,0.003,0.025,1.003,0.000,0.004,0.010,0.000,0.000,0.000,0.000,0,NULL,NULL,,1,0,3,7,255,,250,0,0
stim,9554,9554,0,3280526.816,0.571,-0.039,-0.108,-0.813,75,62,83,69,18,0,47,43,0,0.000,0,0,0.028,0.002,0.000,0.020,-0.020,0.003,0.024,1.002,0.000,0.002,0.006,0.000,0.000,0.000,0.000,0,NULL,NULL,,1,0,3,7,255,,250,0,0
stim,9583,9583,0,3280531.816,0.571,-0.039,-0.108,-0.813,81,89,55,41,29,0,57,17,0,0.000,0,0,0.082,0.002,0.000,0.020,-0.080,0.004,0.025,1.002,0.000,0.002,-0.004,0.000,0.000,0.000,0.000,0,NULL,NULL,,1,0,3,7,255,,250,0,0
stim,9583,9583,0,3280536.816,0.571,-0.039,-0.108,-0.813,51,69,84,39,19,0,62,35,0,0.000,0,0,0.082,0.003,0.000,0.020,-0.080,0.003,0.025,1.002,0.002,0.002,-0.004,0.000,0.000,0.000,0.000,0,NULL,NULL,,1,0,3,7,255,,250,0,0
stim,9583,9583,0,3280541.818,0.571,-0.039,-0.108,-0.813,58,89,75,39,35,0,63,12,0,0.000,0,0,0.085,0.002,0.080,0.020,-0.020,0.003,0.025,1.003,0.002,0.000,-0.004,0.000,0.000,0.000,0.000,0,NULL,NULL,,1,0,3,7,255,,250,0,0
stim,9583,9583,0,3280546.816,0.571,-0.039,-0.108,-0.813,78,89,55,41,39,0,41,13,0,0.000,0,0,0.085,0.002,0.080,0.020,-0.020,0.004,0.024,1.003,0.002,0.000,0.000,0.000,0.000,0.000,0.000,0,NULL,NULL,,1,0,3,7,255,,250,0,0
stim,9583,9583,0,3280551.816,0.571,-0.039,-0.108,-0.813,53,59,83,60,18,0,47,43,0,0.000,0,0,0.085,0.002,0.080,0.020,-0.020,0.003,0.025,1.003,0.002,0.000,0.000,0.000,0.000,0.000,0.000,0,NULL,NULL,,1,0,3,7,255,,250,0,0
stim,9583,9583,0,3280556.816,0.571,-0.039,-0.108,-0.813,83,87,59,69,19,0,40,42,0,0.000,0,0,0.162,0.002,0.140,0.020,-0.080,0.003,0.025,1.002,0.002,0.000,0.000,0.000,0.000,0.000,0.000,0,NULL,NULL,,1,0,3,7,255,,250,0,0
stim,9599,9599,0,3280561.816,0.571,-0.039,-0.108,-0.813,51,63,84,41,23,0,68,39,0,0.000,0,0,0.085,0.003,0.080,0.020,-0.020,0.002,0.024,1.003,0.002,-0.002,0.000,0.000,0.000,0.000,0.000,0,NULL,NULL,,1,0,3,7,255,,250,0,0
stim,9599,9599,0,3280566.816,0.571,-0.039,-0.108,-0.813,86,89,59,67,20,0,39,41,0,0.000,0,0,0.085,0.006,0.080,0.020,-0.020,0.003,0.025,1.004,0.000,-0.006,0.000,0.000,0.000,0.000,0.000,0,NULL,NULL,,1,0,3,7,255,,250,0,0
stim,9599,9599,0,3280571.816,0.571,-0.039,-0.108,-0.813,51,73,57,33,39,0,67,17,0,0.000,0,0,0.085,0.008,0.080,0.020,-0.020,0.003,0.024,1.004,0.006,-0.006,0.010,0.000,0.000,0.000,0.000,0,NULL,NULL,,1,0,3,7,255,,250,0,0
stim,9599,9599,0,3280576.818,0.571,-0.039,-0.108,-0.813,81,91,55,47,37,0,40,25,0,0.000,0,0,0.085,0.008,0.080,0.020,-0.020,0.002,0.024,1.003,0.006,-0.006,0.010,0.000,0.000,0.000,0.000,0,NULL,NULL,,1,0,3,7,255,,250,0,0
stim,9615,9615,0,3280581.816,0.571,-0.039,-0.108,-0.813,51,68,85,39,43,0,71,19,0,0.000,0,0,0.082,0.006,0.000,0.080,-0.020,0.004,0.024,1.002,0.006,0.002,0.006,0.000,0.000,0.000,0.000,0,NULL,NULL,,1,0,3,7,255,,250,0,0
stim,9615,9615,0,3280586.816,0.571,-0.039,-0.108,-0.813,77,90,55,41,36,0,38,13,0,0.000,0,0,0.085,0.007,0.080,0.020,-0.020,0.003,0.025,1.001,0.004,-0.006,-0.010,0.000,0.000,0.000,0.000,0,NULL,NULL,,1,0,3,7,255,,250,0,0
stim,9616,9616,0,3280591.816,0.571,-0.039,-0.108,-0.813,77,67,61,67,19,0,43,43,0,0.000,0,0,0.115,0.007,0.080,0.020,-0.080,0.002,0.024,1.003,0.004,-0.006,-0.010,0.000,0.000,0.000,0.000,0,NULL,NULL,,1,0,3,7,255,,250,0,0
stim,9616,9616,0,3280596.816,0.571,-0.039,-0.108,-0.813,83,93,57,69,21,0,41,43,0,0.000,0,0,0.085,0.010,0.080,0.020,-0.020,0.003,0.024,1.004,0.008,-0.006,0.000,0.000,0.000,0.000,0.000,0,NULL,NULL,,1,0,3,7,255,,250,0,0
stim,9631,9631,0,3280601.816,0.571,-0.039,-0.108,-0.813,83,87,58,69,19,0,39,41,0,0.000,0,0,0.045,0.009,0.000,-0.040,-0.020,0.004,0.025,1.003,0.008,-0.004,0.000,0.000,0.000,0.000,0.000,0,NULL,NULL,,1,0,3,7,255,,250,0,0
stim,9631,9631,0,3280606.816,0.571,-0.039,-0.108,-0.813,53,87,53,37,37,0,55,16,0,0.000,0,0,0.120,0.004,0.080,-0.040,-0.080,0.004,0.025,1.003,-0.004,0.002,0.000,0.000,0.000,0.000,0.000,0,NULL,NULL,,1,0,3,7,255,,250,0,0
stim,9647,9647,0,3280611.816,0.571,-0.039,-0.108,-0.813,81,87,59,68,18,0,39,43,0,0.000,0,0,0.082,0.009,0.000,0.020,-0.080,0.004,0.024,1.002,-0.004,0.008,0.000,0.000,0.000,0.000,0.000,0,NULL,NULL,,1,0,3,7,255,,250,0,0
stim,9647,9647,0,3280616.816,0.571,-0.039,-0.108,-0.813,84,71,76,69,21,0,39,41,0,0.000,0,0,0.082,0.003,0.000,0.020,-0.080,0.003,0.024,1.002,0.002,0.002,-0.008,0.000,0.000,0.000,0.000,0,NULL,NULL,,1,0,3,7,255,,250,0,0
stim,9647,9647,0,3280621.816,0.571,-0.039,-0.108,-0.813,51,68,75,41,30,0,55,13,0,0.000,0,0,0.092,0.009,0.080,-0.040,-0.020,0.003,0.024,1.002,0.008,-0.004,-0.008,0.000,0.000,0.000,0.000,0,NULL,NULL,,1,0,3,7,255,,250,0,0
stim,9647,9647,0,3280626.816,0.571,-0.039,-0.108,-0.813,51,68,77,37,39,0,64,14,0,0.000,0,0,0.085,0.009,0.080,0.020,-0.020,0.004,0.025,1.004,0.008,-0.004,-0.008,0.000,0.000,0.000,0.000,0,NULL,NULL,,1,0,3,7,255,,250,0,0
stim,9679,9679,0,3280631.816,0.571,-0.039,-0.108,-0.813,79,89,53,60,35,0,39,19,0,0.000,0,0,0.147,0.004,0.140,-0.040,-0.020,0.004,0.025,1.003,-0.004,0.002,0.000,0.000,0.000,0.000,0.000,0,NULL,NULL,,1,0,3,7,255,,250,0,0
stim,9679,9679,0,3280636.816,0.571,-0.039,-0.108,-0.813,81,91,51,61,28,0,37,21,0,0.000,0,0,0.085,0.004,0.080,0.020,-0.020,0.003,0.026,1.002,-0.004,0.002,0.000,0.000,0.000,0.000,0.000,0,NULL,NULL,,1,0,3,7,255,,250,0,0
stim,9679,9679,0,3280641.818,0.571,-0.039,-0.108,-0.813,53,63,83,61,14,0,45,43,0,0.000,0,0,0.085,0.004,0.080,0.020,-0.020,0.003,0.025,1.002,-0.004,0.000,-0.004,0.000,0.000,0.000,0.000,0,NULL,NULL,,1,0,3,7,255,,250,0,0
stim,9679,9679,0,3280646.816,0.571,-0.039,-0.108,-0.813,79,90,53,60,13,0,37,18,0,0.000,0,0,0.085,0.009,0.080,0.020,-0.020,0.003,0.026,1.003,-0.008,-0.004,-0.004,0.000,0.000,0.000,0.000,0,NULL,NULL,,1,0,3,7,255,,250,0,0
stim,9679,9679,0,3280651.816,0.571,-0.039,-0.108,-0.813,47,61,83,36,21,0,63,33,0,0.000,0,0,0.028,0.000,0.000,0.020,-0.020,0.004,0.025,1.002,0.000,0.000,-0.004,0.000,0.000,0.000,0.000,0,NULL,NULL,,1,0,3,7,255,,250,0,0
stim,9679,9679,0,3280656.816,0.571,-0.039,-0.108,-0.813,48,63,77,39,35,0,63,16,0,0.000,0,0,0.028,0.004,0.000,0.020,-0.020,0.004,0.025,1.003,-0.002,0.004,0.000,0.000,0.000,0.000,0.000,0,NULL,NULL,,1,0,3,7,255,,250,0,0
stim,9711,9711,0,3280661.816,0.571,-0.039,-0.108,-0.813,76,89,55,42,37,0,57,13,0,0.000,0,0,0.115,0.004,0.080,0.020,-0.080,0.003,0.025,1.001,-0.002,0.004,-0.004,0.000,0.000,0.000,0.000,0,NULL,NULL,,1,0,3,7,255,,250,0,0
stim,9711,9711,0,3280666.816,0.571,-0.039,-0.108,-0.813,79,88,54,61,10,0,35,41,0,0.000,0,0,0.143,0.004,0.140,0.020,-0.020,0.003,0.025,1.002,-0.004,-0.002,-0.008,0.000,0.000,0.000,0.000,0,NULL,NULL,,1,0,3,7,255,,250,0,0
stim,9711,9711,0,3280671.816,0.571,-0.039,-0.108,-0.813,57,69,77,37,38,0,67,14,0,0.000,0,0,0.162,0.004,0.140,0.020,-0.080,0.003,0.026,1.003,-0.004,-0.002,-0.008,0.000,0.000,0.000,0.000,0,NULL,NULL,,1,0,3,7,255,,250,0,0
stim,9711,9711,0,3280676.816,0.571,-0.039,-0.108,-0.813,50,59,81,56,17,0,63,35,0,0.000,0,0,0.085,0.006,0.080,0.020,-0.020,0.003,0.024,1.003,-0.004,-0.004,0.000,0.000,0.000,0.000,0.000,0,NULL,NULL,,1,0,3,7,255,,250,0,0
stim,9711,9711,0,3280681.817,0.571,-0.039,-0.108,-0.813,73,61,81,68,16,0,44,43,0,0.000,0,0,0.092,0.007,0.080,-0.040,-0.020,0.003,0.024,1.004,0.006,-0.004,0.002,0.000,0.000,0.000,0.000,0,NULL,NULL,,1,0,3,7,255,,250,0,0
stim,9711,9711,0,3280686.816,0.571,-0.039,-0.108,-0.813,57,63,83,63,21,0,67,45,0,0.000,0,0,0.085,0.007,0.080,0.020,-0.020,0.003,0.025,1.004,0.006,-0.004,0.010,0.000,0.000,0.000,0.000,0,NULL,NULL,,1,0,3,7,255,,250,0,0
stim,9711,9711,0,3280691.816,0.571,-0.039,-0.108,-0.813,74,61,54,63,10,0,35,41,0,0.000,0,0,0.085,0.007,0.080,0.020,-0.020,0.001,0.024,1.002,0.006,-0.004,0.010,0.000,0.000,0.000,0.000,0,NULL,NULL,,1,0,3,7,255,,250,0,0
stim,9711,9711,0,3280696.816,0.571,-0.039,-0.108,-0.813,53,61,81,60,17,0,61,43,0,0.000,0,0,0.085,0.006,0.080,0.020,-0.020,0.003,0.026,1.003,0.004,-0.004,0.000,0.000,0.000,0.000,0.000,0,NULL,NULL,,1,0,3,7,255,,250,0,0
stim,9727,9727,0,3280701.816,0.571,-0.039,-0.108,-0.813,51,63,79,39,16,0,61,31,0,0.000,0,0,0.085,0.003,0.080,0.020,-0.020,0.003,0.025,1.002,0.002,-0.002,-0.004,0.000,0.000,0.000,0.000,0,NULL,NULL,,1,0,3,7,255,,250,0,0
stim,9727,9727,0,3280706.816,0.571,-0.039,-0.108,-0.813,81,87,58,61,18,0,38,44,0,0.000,0,0,0.092,0.002,0.080,-0.040,-0.020,0.003,0.025,1.003,0.002,0.000,0.000,0.000,0.000,0.000,0.000,0,NULL,NULL,,1,0,3,7,255,,250,0,0
stim,9743,9743,0,3280711.816,0.571,-0.039,-0.108,-0.813,76,68,49,61,10,0,37,41,0,0.000,0,0,0.085,0.002,0.080,0.020,-0.020,0.004,0.025,1.003,0.002,0.000,0.000,0.000,0.000,0.000,0.000,0,NULL,NULL,,1,0,3,7,255,,250,0,0
stim,9743,9743,0,3280716.816,0.571,-0.039,-0.108,-0.813,83,71,78,69,17,0,41,42,0,0.000,0,0,0.092,0.004,0.080,-0.040,-0.020,0.004,0.025,1.003,-0.002,0.004,0.000,0.000,0.000,0.000,0.000,0,NULL,NULL,,1,0,3,7,255,,250,0,0
stim,9743,9743,0,3280721.816,0.571,-0.039,-0.108,-0.813,53,63,77,59,13,0,42,41,0,0.000,0,0,0.120,0.006,0.080,-0.040,-0.080,0.004,0.026,1.003,-0.004,0.004,0.000,0.000,0.000,0.000,0.000,0,NULL,NULL,,1,0,3,7,255,,250,0,0
stim,9743,9743,0,3280726.816,0.571,-0.039,-0.108,-0.813,57,89,53,37,39,0,56,13,0,0.000,0,0,0.115,0.003,0.080,0.080,-0.020,0.003,0.024,1.002,-0.002,0.002,0.000,0.000,0.000,0.000,0.000,0,NULL,NULL,,1,0,3,7,255,,250,0,0
stim,9791,9791,0,3280731.816,0.571,-0.039,-0.108,-0.813,54,61,79,63,12,0,44,42,0,0.000,0,0,0.115,0.004,0.080,0.020,-0.080,0.004,0.025,1.003,-0.004,0.002,0.000,0.000,0.000,0.000,0.000,0,NULL,NULL,,1,0,3,7,255,,250,0,0
stim,9791,9791,0,3280736.816,0.571,-0.039,-0.108,-0.813,57,89,53,39,39,0,56,13,0,0.000,0,0,0.028,0.009,0.000,0.020,-0.020,0.004,0.023,1.004,0.008,0.004,0.006,0.000,0.000,0.000,0.000,0,NULL,NULL,,1,0,3,7,255,,250,0,0
stim,9818,9818,0,3280741.818,0.571,-0.039,-0.108,-0.813,75,62,61,62,21,0,62,42,0,0.000,0,0,0.092,0.009,0.080,-0.040,-0.020,0.003,0.024,1.004,0.008,0.004,0.010,0.000,0.000,0.000,0.000,0,NULL,NULL,,1,0,3,7,255,,250,0,0
stim,9818,9818,0,3280746.816,0.571,-0.039,-0.108,-0.813,79,69,62,69,18,0,47,43,0,0.000,0,0,0.147,0.008,0.140,-0.040,-0.020,0.003,0.025,1.002,0.008,0.000,0.010,0.000,0.000,0.000,0.000,0,NULL,NULL,,1,0,3,7,255,,250,0,0
stim,9819,9819,0,3280751.816,0.571,-0.039,-0.108,-0.813,77,90,50,40,31,0,54,11,0,0.000,0,0,0.162,0.000,0.140,0.020,-0.080,0.003,0.025,1.001,0.000,0.000,-0.010,0.000,0.000,0.000,0.000,0,NULL,NULL,,1,0,3,7,255,,250,0,0
stim,9819,9819,0,3280756.816,0.571,-0.039,-0.108,-0.813,57,89,51,40,33,0,54,11,0,0.000,0,0,0.082,0.000,0.000,0.020,-0.080,0.003,0.025,1.002,0.000,0.000,-0.010,0.000,0.000,0.000,0.000,0,NULL,NULL,,1,0,3,7,255,,250,0,0
stim,9819,9819,0,3280761.816,0.571,-0.039,-0.108,-0.813,81,71,55,63,10,0,33,41,0,0.000,0,0,0.082,0.000,0.000,0.020,-0.080,0.004,0.024,1.003,0.000,0.000,-0.008,0.000,0.000,0.000,0.000,0,NULL,NULL,,1,0,3,7,255,,250,0,0
stim,9819,9819,0,3280766.816,0.571,-0.039,-0.108,-0.813,83,93,56,62,15,0,37,41,0,0.000,0,0,0.028,0.004,0.000,0.020,-0.020,0.003,0.024,1.003,0.004,0.002,0.006,0.000,0.000,0.000,0.000,0,NULL,NULL,,1,0,3,7,255,,250,0,0
stim,9819,9819,0,3280771.816,0.571,-0.039,-0.108,-0.813,51,59,77,59,19,0,44,41,0,0.000,0,0,0.085,0.006,0.080,0.020,-0.020,0.003,0.024,1.003,0.006,0.002,0.006,0.000,0.000,0.000,0.000,0,NULL,NULL,,1,0,3,7,255,,250,0,0
stim,9819,9819,0,3280776.817,0.571,-0.039,-0.108,-0.813,83,88,58,69,17,0,39,43,0,0.000,0,0,0.115,0.006,0.080,0.020,-0.080,0.003,0.024,1.003,0.006,0.002,0.000,0.000,0.000,0.000,0.000,0,NULL,NULL,,1,0,3,7,255,,250,0,0
stim,9821,9821,0,3280781.818,0.571,-0.039,-0.108,-0.813,51,85,51,35,37,0,55,13,0,0.000,0,0,0.028,0.006,0.000,0.020,-0.020,0.004,0.025,1.002,0.006,0.002,0.000,0.000,0.000,0.000,0.000,0,NULL,NULL,,1,0,3,7,255,,250,0,0
stim,9821,9821,0,3280786.816,0.571,-0.039,-0.108,-0.813,77,91,52,41,30,0,37,14,0,0.000,0,0,0.028,0.004,0.000,0.020,-0.020,0.004,0.025,1.002,-0.002,0.004,-0.008,0.000,0.000,0.000,0.000,0,NULL,NULL,,1,0,3,7,255,,250,0,0
stim,9822,9822,0,3280791.816,0.571,-0.039,-0.108,-0.813,53,59,83,61,18,0,63,43,0,0.000,0,0,0.115,0.004,0.080,0.020,-0.080,0.003,0.025,1.003,-0.002,0.004,-0.008,0.000,0.000,0.000,0.000,0,NULL,NULL,,1,0,3,7,255,,250,0,0
stim,9822,9822,0,3280796.816,0.571,-0.039,-0.108,-0.813,75,62,83,69,18,0,45,43,0,0.000,0,0,0.085,0.002,0.080,0.020,-0.020,0.003,0.024,1.003,0.000,0.002,0.006,0.000,0.000,0.000,0.000,0,NULL,NULL,,1,0,3,7,255,,250,0,0
stim,9822,9822,0,3280801.816,0.571,-0.039,-0.108,-0.813,47,61,74,37,37,0,61,34,0,0.000,0,0,0.143,0.000,0.140,0.020,-0.020,0.003,0.025,1.003,0.000,0.000,0.006,0.000,0.000,0.000,0.000,0,NULL,NULL,,1,0,3,7,255,,250,0,0
stim,9840,9840,0,3280806.816,0.571,-0.039,-0.108,-0.813,79,89,53,45,16,0,37,22,0,0.000,0,0,0.085,0.000,0.080,0.020,-0.020,0.003,0.025,1.003,0.000,0.000,0.000,0.000,0.000,0.000,0.000,0,NULL,NULL,,1,0,3,7,255,,250,0,0
stim,9840,9840,0,3280811.816,0.571,-0.039,-0.108,-0.813,57,88,53,41,37,0,56,12,0,0.000,0,0,0.115,0.004,0.080,0.020,-0.080,0.004,0.027,1.002,-0.004,-0.002,0.000,0.000,0.000,0.000,0.000,0,NULL,NULL,,1,0,3,7,255,,250,0,0
stim,9840,9840,0,3280816.816,0.571,-0.039,-0.108,-0.813,76,89,51,39,35,0,37,12,0,0.000,0,0,0.085,0.008,0.080,0.020,-0.020,0.003,0.026,1.003,-0.008,-0.002,0.000,0.000,0.000,0.000,0.000,0,NULL,NULL,,1,0,3,7,255,,250,0,0
stim,9840,9840,0,3280821.816,0.571,-0.039,-0.108,-0.813,47,83,55,38,35,0,58,16,0,0.000,0,0,0.085,0.008,0.080,0.020,-0.020,0.003,0.025,1.004,-0.008,-0.002,0.000,0.000,0.000,0.000,0.000,0,NULL,NULL,,1,0,3,7,255,,250,0,0
stim,9855,9855,0,3280826.816,0.571,-0.039,-0.108,-0.813,76,88,52,41,33,0,55,12,0,0.000,0,0,0.115,0.003,0.080,0.020,-0.080,0.003,0.023,1.003,-0.002,-0.002,0.000,0.000,0.000,0.000,0.000,0,NULL,NULL,,1,0,3,7,255,,250,0,0
stim,9855,9855,0,3280831.816,0.571,-0.039,-0.108,-0.813,51,59,83,57,39,0,62,39,0,0.000,0,0,0.089,0.003,0.000,-0.040,-0.080,0.003,0.025,1.002,-0.002,-0.002,0.000,0.000,0.000,0.000,0.000,0,NULL,NULL,,1,0,3,7,255,,250,0,0
stim,9887,9887,0,3280836.816,0.571,-0.039,-0.108,-0.813,53,59,85,43,22,0,67,45,0,0.000,0,0,0.028,0.004,0.000,0.020,-0.020,0.004,0.025,1.002,-0.004,0.002,-0.004,0.000,0.000,0.000,0.000,0,NULL,NULL,,1,0,3,7,255,,250,0,0
stim,9887,9887,0,3280841.818,0.571,-0.039,-0.108,-0.813,75,67,83,69,21,0,46,44,0,0.000,0,0,0.085,0.004,0.080,0.020,-0.020,0.004,0.025,1.002,-0.004,0.002,-0.004,0.000,0.000,0.000,0.000,0,NULL,NULL,,1,0,3,7,255,,250,0,0
stim,9887,9887,0,3280846.816,0.571,-0.039,-0.108,-0.813,48,63,77,39,39,0,68,14,0,0.000,0,0,0.085,0.004,0.080,0.020,-0.020,0.003,0.024,1.003,-0.004,0.002,-0.004,0.000,0.000,0.000,0.000,0,NULL,NULL,,1,0,3,7,255,,250,0,0
stim,9887,9887,0,3280851.816,0.571,-0.039,-0.108,-0.813,53,68,85,63,20,0,67,44,0,0.000,0,0,0.045,0.004,0.000,-0.040,-0.020,0.004,0.025,1.003,-0.004,0.002,0.000,0.000,0.000,0.000,0.000,0,NULL,NULL,,1,0,3,7,255,,250,0,0
stim,9887,9887,0,3280856.816,0.571,-0.039,-0.108,-0.813,47,61,83,39,23,0,69,35,0,0.000,0,0,0.085,0.004,0.080,0.020,-0.020,0.004,0.025,1.003,-0.004,0.002,0.000,0.000,0.000,0.000,0.000,0,NULL,NULL,,1,0,3,7,255,,250,0,0
stim,9887,9887,0,3280861.816,0.571,-0.039,-0.108,-0.813,75,68,83,71,17,0,45,44,0,0.000,0,0,0.089,0.004,0.000,-0.040,-0.080,0.003,0.025,1.002,-0.004,0.002,0.000,0.000,0.000,0.000,0.000,0,NULL,NULL,,1,0,3,7,255,,250,0,0
stim,9907,9907,0,3280866.816,0.571,-0.039,-0.108,-0.813,78,89,51,41,35,0,55,16,0,0.000,0,0,0.028,0.004,0.000,0.020,-0.020,0.003,0.025,1.002,-0.004,-0.002,-0.004,0.000,0.000,0.000,0.000,0,NULL,NULL,,1,0,3,7,255,,250,0,0
stim,9907,9907,0,3280871.816,0.571,-0.039,-0.108,-0.813,53,67,83,41,36,0,64,21,0,0.000,0,0,0.115,0.004,0.080,0.020,-0.080,0.004,0.026,1.003,-0.004,-0.002,-0.004,0.000,0.000,0.000,0.000,0,NULL,NULL,,1,0,3,7,255,,250,0,0
stim,9919,9919,0,3280876.816,0.571,-0.039,-0.108,-0.813,53,61,83,62,18,0,45,44,0,0.000,0,0,0.045,0.004,0.000,-0.040,-0.020,0.003,0.025,1.003,-0.004,-0.002,0.002,0.000,0.000,0.000,0.000,0,NULL,NULL,,1,0,3,7,255,,250,0,0
stim,9919,9919,0,3280881.817,0.571,-0.039,-0.108,-0.813,56,68,83,63,37,0,63,45,0,0.000,0,0,0.085,0.000,0.080,0.020,-0.020,0.004,0.025,1.003,0.000,0.000,0.002,0.000,0.000,0.000,0.000,0,NULL,NULL,,1,0,3,7,255,,250,0,0
stim,9919,9919,0,3280886.816,0.571,-0.039,-0.108,-0.813,75,83,57,69,17,0,39,43,0,0.000,0,0,0.028,0.002,0.000,0.020,-0.020,0.003,0.024,1.002,0.000,0.002,0.000,0.000,0.000,0.000,0.000,0,NULL,NULL,,1,0,3,7,255,,250,0,0
stim,9919,9919,0,3280891.816,0.571,-0.039,-0.108,-0.813,85,91,57,47,18,0,40,25,0,0.000,0,0,0.045,0.003,0.000,-0.040,-0.020,0.003,0.025,1.002,0.002,0.002,-0.004,0.000,0.000,0.000,0.000,0,NULL,NULL,,1,0,3,7,255,,250,0,0
stim,9936,9936,0,3280896.816,0.571,-0.039,-0.108,-0.813,77,88,53,40,35,0,55,13,0,0.000,0,0,0.085,0.002,0.080,0.020,-0.020,0.003,0.026,1.003,0.002,0.000,-0.004,0.000,0.000,0.000,0.000,0,NULL,NULL,,1,0,3,7,255,,250,0,0
stim,9936,9936,0,3280901.816,0.571,-0.039,-0.108,-0.813,51,69,84,39,37,0,67,19,0,0.000,0,0,0.085,0.002,0.080,0.020,-0.020,0.003,0.024,1.003,0.002,0.000,0.002,0.000,0.000,0.000,0.000,0,NULL,NULL,,1,0,3,7,255,,250,0,0
stim,9936,9936,0,3280906.816,0.571,-0.039,-0.108,-0.813,75,68,78,49,19,0,29,41,0,0.000,0,0,0.115,0.007,0.080,0.080,-0.020,0.002,0.025,1.004,0.006,-0.004,0.006,0.000,0.000,0.000,0.000,0,NULL,NULL,,1,0,3,7,255,,250,0,0
stim,9936,9936,0,3280911.816,0.571,-0.039,-0.108,-0.813,83,91,55,67,35,0,40,23,0,0.000,0,0,0.082,0.006,0.000,0.020,-0.080,0.004,0.025,1.003,0.006,0.002,0.006,0.000,0.000,0.000,0.000,0,NULL,NULL,,1,0,3,7,255,,250,0,0
stim,9936,9936,0,3280916.816,0.571,-0.039,-0.108,-0.813,72,60,76,69,18,0,39,41,0,0.000,0,0,0.166,0.010,0.140,-0.040,-0.080,0.002,0.026,1.002,-0.002,-0.010,0.006,0.000,0.000,0.000,0.000,0,NULL,NULL,,1,0,3,7,255,,250,0,0
stim,9936,9936,0,3280921.816,0.571,-0.039,-0.108,-0.813,83,91,57,69,19,0,38,41,0,0.000,0,0,0.120,0.010,0.080,-0.040,-0.080,0.002,0.025,1.002,-0.002,-0.010,-0.004,0.000,0.000,0.000,0.000,0,NULL,NULL,,1,0,3,7,255,,250,0,0
stim,9983,9983,0,3280926.816,0.571,-0.039,-0.108,-0.813,77,89,53,41,40,0,59,16,0,0.000,0,0,0.130,0.011,0.080,-0.100,-0.020,0.004,0.025,1.003,-0.004,-0.010,-0.004,0.000,0.000,0.000,0.000,0,NULL,NULL,,1,0,3,7,255,,250,0,0
stim,9983,9983,0,3280931.816,0.571,-0.039,-0.108,-0.813,48,68,76,39,35,0,62,16,0,0.000,0,0,0.028,0.004,0.000,0.020,-0.020,0.004,0.024,1.003,0.004,0.002,0.000,0.000,0.000,0.000,0.000,0,NULL,NULL,,1,0,3,7,255,,250,0,0
stim,9983,9983,0,3280936.816,0.571,-0.039,-0.108,-0.813,81,71,55,68,15,0,23,41,0,0.000,0,0,0.115,0.003,0.080,0.020,-0.080,0.003,0.025,1.002,-0.002,0.002,0.000,0.000,0.000,0.000,0.000,0,NULL,NULL,,1,0,3,7,255,,250,0,0
stim,9983,9983,0,3280941.818,0.571,-0.039,-0.108,-0.813,51,64,58,39,39,0,67,13,0,0.000,0,0,0.139,0.003,0.080,0.080,-0.080,0.003,0.025,1.002,-0.002,-0.002,-0.004,0.000,0.000,0.000,0.000,0,NULL,NULL,,1,0,3,7,255,,250,0,0
stim,9983,9983,0,3280946.816,0.571,-0.039,-0.108,-0.813,53,61,85,60,22,0,70,43,0,0.000,0,0,0.115,0.003,0.080,0.020,-0.080,0.003,0.025,0.998,-0.002,-0.002,-0.004,0.000,0.000,0.000,0.000,0,NULL,NULL,,1,0,3,7,255,,250,0,0
stim,9983,9983,0,3280951.816,0.571,-0.039,-0.108,-0.813,49,69,77,39,38,0,63,16,0,0.000,0,0,0.139,0.003,0.080,0.080,-0.080,0.003,0.025,1.000,-0.002,-0.002,-0.032,0.000,0.000,0.000,0.000,0,NULL,NULL,,1,0,3,7,255,,250,0,0
stim,9999,9999,0,3280956.816,0.571,-0.039,-0.108,-0.813,57,87,59,39,39,1,69,17,0,0.000,0,0,0.085,0.006,0.080,0.020,-0.020,0.003,0.026,1.009,-0.004,-0.004,-0.032,0.000,0.000,0.000,0.000,0,NULL,NULL,,1,0,3,7,255,,250,0,0
stim,9999,9999,0,3280961.816,0.571,-0.039,-0.108,-0.813,59,91,53,42,35,0,39,13,0,0.000,0,0,0.089,0.004,0.000,-0.040,-0.080,0.004,0.024,1.006,0.002,-0.004,0.034,0.000,0.000,0.000,0.000,0,NULL,NULL,,1,0,3,7,255,,250,0,0
stim,9999,9999,0,3280966.816,0.571,-0.039,-0.108,-0.813,81,85,51,61,18,0,40,39,0,0.000,0,0,0.143,0.012,0.140,0.020,-0.020,0.002,0.025,1.004,0.006,-0.010,0.034,0.000,0.000,0.000,0.000,0,NULL,NULL,,1,0,3,7,255,,250,0,0
stim,9999,9999,0,3280971.816,0.571,-0.039,-0.108,-0.813,53,86,52,38,36,0,56,16,0,0.000,0,0,0.115,0.013,0.080,0.020,-0.080,0.002,0.026,1.000,0.006,-0.012,0.014,0.000,0.000,0.000,0.000,0,NULL,NULL,,1,0,3,7,255,,250,0,0
stim,10015,10015,0,3280976.817,0.571,-0.039,-0.108,-0.813,53,61,83,61,18,0,45,43,0,0.000,0,0,0.130,0.013,0.080,-0.100,-0.020,0.004,0.026,1.002,-0.004,-0.012,-0.008,0.000,0.000,0.000,0.000,0,NULL,NULL,,1,0,3,7,255,,250,0,0
stim,10015,10015,0,3280981.817,0.571,-0.039,-0.108,-0.813,75,69,59,69,16,0,38,43,0,0.000,0,0,0.085,0.006,0.080,0.020,-0.020,0.003,0.025,1.006,-0.004,-0.004,-0.008,0.000,0.000,0.000,0.000,0,NULL,NULL,,1,0,3,7,255,,250,0,0
stim,10015,10015,0,3280986.816,0.571,-0.039,-0.108,-0.813,79,91,53,63,20,0,39,41,0,0.000,0,0,0.092,0.006,0.080,-0.040,-0.020,0.001,0.025,1.004,0.004,-0.004,0.010,0.000,0.000,0.000,0.000,0,NULL,NULL,,1,0,3,7,255,,250,0,0
stim,10015,10015,0,3280991.816,0.571,-0.039,-0.108,-0.813,83,91,51,67,13,0,38,41,0,0.000,0,0,0.092,0.006,0.080,-0.040,-0.020,0.005,0.024,1.000,0.004,-0.004,0.010,0.000,0.000,0.000,0.000,0,NULL,NULL,,1,0,3,7,255,,250,0,0
stim,10031,10031,0,3280996.816,0.571,-0.039,-0.108,-0.813,77,89,52,41,17,1,39,13,0,0.000,0,0,0.115,0.010,0.080,0.080,-0.020,0.004,0.025,1.001,0.000,0.010,-0.014,0.000,0.000,0.000,0.000,0,NULL,NULL,,1,0,3,7,255,,250,0,0
stim,10031,10031,0,3281001.816,0.571,-0.039,-0.108,-0.813,55,63,83,69,16,0,61,43,0,0.000,0,0,0.115,0.010,0.080,0.020,-0.080,0.003,0.025,1.001,-0.002,0.010,-0.014,0.000,0.000,0.000,0.000,0,NULL,NULL,,1,0,3,7,255,,250,0,0
stim,10031,10031,0,3281006.816,0.571,-0.039,-0.108,-0.813,51,59,83,61,18,0,45,43,0,0.000,0,0,0.092,0.004,0.080,-0.040,-0.020,0.002,0.026,1.003,-0.002,-0.004,-0.014,0.000,0.000,0.000,0.000,0,NULL,NULL,,1,0,3,7,255,,250,0,0
stim,10031,10031,0,3281011.816,0.571,-0.039,-0.108,-0.813,73,61,83,61,19,0,67,43,0,0.000,0,0,0.115,0.006,0.080,0.020,-0.080,0.003,0.026,1.005,-0.004,-0.004,0.002,0.000,0.000,0.000,0.000,0,NULL,NULL,,1,0,3,7,255,,250,0,0
stim,10047,10047,0,3281016.817,0.571,-0.039,-0.108,-0.813,56,89,76,38,37,0,62,16,0,0.000,0,0,0.162,0.004,0.140,0.020,-0.080,0.003,0.024,1.005,-0.004,-0.002,0.024,0.000,0.000,0.000,0.000,0,NULL,NULL,,1,0,3,7,255,,250,0,0
stim,10047,10047,0,3281021.816,0.571,-0.039,-0.108,-0.813,77,89,53,41,35,0,37,13,0,0.000,0,0,0.162,0.006,0.140,0.020,-0.080,0.004,0.024,1.005,0.004,0.004,0.024,0.000,0.000,0.000,0.000,0,NULL,NULL,,1,0,3,7,255,,250,0,0
