condition_phase,condition_phase_elapsed_ms,condition_elapsed_ms,is_stimulation_on,t_ms,R_q0,R_q1,R_q2,R_q3,R_heel1,R_mid1,R_fore1,R_heel2,R_fore3,R_mid2,R_fore4,R_fore2,R_cadence,R_speed,R_steps,R_zupt,R_gyroNorm,R_accH,R_gyro_x,R_gyro_y,R_gyro_z,R_acc_x,R_acc_y,R_acc_z,R_nav_ax,R_nav_ay,R_nav_az,R_stepVel,R_stepVelj,R_stepDispRaw,R_stepDispZUPT,R_gaitEvent,R_stepTimeMs,R_stepDeviationMs,R_baselineMs,R_motorMode,R_motorActive,R_motorAlignment,R_motorRegionMask,R_motorAmplitude,R_motorIntervalMs,R_motorDurationMs,R_motorPhaseMs,R_motorCycleMs
stim,15,15,0,584707.373,0.994,0.015,0.105,-0.007,47,62,82,55,15,0,55,31,0,0.000,0,0,0.110,0.000,-0.100,0.020,-0.040,-0.004,-0.042,1.001,0.000,0.000,0.004,0.000,0.000,0.000,0.000,0,NULL,NULL,1188.000,1,0,2,7,255,,250,0,0
stim,15,15,0,584712.373,0.994,0.015,0.105,-0.007,77,84,53,63,38,0,38,22,0,0.000,0,0,0.049,0.004,-0.040,0.020,0.020,-0.005,-0.042,1.000,0.000,-0.004,0.004,0.000,0.000,0.000,0.000,0,NULL,NULL,,1,0,2,7,255,,250,0,0
stim,31,31,0,584717.373,0.994,0.015,0.105,-0.007,40,62,73,27,30,21,53,21,0,0.000,0,0,0.104,0.004,-0.100,0.020,0.020,-0.003,-0.042,1.000,0.000,-0.004,0.004,0.000,0.000,0.000,0.000,0,NULL,NULL,,1,0,2,7,255,,250,0,0
stim,31,31,0,584722.373,0.994,0.015,0.105,-0.007,55,85,71,37,43,7,56,13,0,0.000,0,0,0.110,0.004,-0.100,0.020,-0.040,-0.004,-0.041,1.001,0.000,-0.004,0.004,0.000,0.000,0.000,0.000,0,NULL,NULL,,1,0,2,7,255,,250,0,0
stim,31,31,0,584727.373,0.994,0.015,0.105,-0.007,45,55,75,33,17,0,52,33,0,0.000,0,0,0.069,0.000,-0.040,-0.040,-0.040,-0.004,-0.041,1.000,0.000,0.000,0.004,0.000,0.000,0.000,0.000,0,NULL,NULL,,1,0,2,7,255,,250,0,0
stim,31,31,0,584732.373,0.994,0.015,0.105,-0.007,46,63,79,39,23,1,60,35,0,0.000,0,0,0.104,0.000,-0.100,0.020,0.020,-0.003,-0.041,1.000,0.000,0.000,0.004,0.000,0.000,0.000,0.000,0,NULL,NULL,,1,0,2,7,255,,250,0,0
stim,47,47,0,584737.373,0.994,0.015,0.105,-0.007,21,69,75,31,13,0,56,33,0,0.000,0,0,0.110,0.000,-0.100,0.020,-0.040,-0.004,-0.041,1.000,0.000,0.000,0.004,0.000,0.000,0.000,0.000,0,NULL,NULL,,1,0,2,7,255,,250,0,0
stim,47,47,0,584742.373,0.994,0.015,0.105,-0.007,75,71,49,59,28,6,35,11,0,0.000,0,0,0.115,0.000,-0.100,-0.040,-0.040,-0.004,-0.042,1.000,0.000,0.000,-0.002,0.000,0.000,0.000,0.000,0,NULL,NULL,,1,0,2,7,255,,250,0,0
stim,79,79,0,584747.373,0.994,0.015,0.105,-0.007,43,53,71,39,37,39,53,26,0,0.000,0,0,0.104,0.004,-0.100,0.020,0.020,-0.003,-0.042,1.000,0.000,-0.004,-0.006,0.000,0.000,0.000,0.000,0,NULL,NULL,,1,0,2,7,255,,250,0,0
stim,79,79,0,584752.373,0.994,0.015,0.105,-0.007,69,61,56,63,19,0,35,41,0,0.000,0,0,0.110,0.004,-0.100,0.020,-0.040,-0.004,-0.042,1.000,0.000,-0.004,-0.006,0.000,0.000,0.000,0.000,0,NULL,NULL,,1,0,2,7,255,,250,0,0
stim,80,80,0,584757.373,0.994,0.015,0.105,-0.007,51,61,77,45,23,0,61,41,0,0.000,0,0,0.092,0.004,-0.040,0.080,0.020,-0.005,-0.041,1.001,0.000,-0.004,-0.006,0.000,0.000,0.000,0.000,0,NULL,NULL,,1,0,2,7,255,,250,0,0
stim,80,80,0,584762.375,0.994,0.015,0.105,-0.007,74,67,48,72,18,0,34,35,0,0.000,0,0,0.104,0.000,-0.100,0.020,0.020,-0.004,-0.041,1.001,0.000,0.000,0.008,0.000,0.000,0.000,0.000,0,NULL,NULL,,1,0,2,7,255,,250,0,0
stim,80,80,0,584767.373,0.994,0.015,0.105,-0.007,56,87,55,39,47,13,59,17,0,0.000,0,0,0.110,0.010,-0.100,0.020,-0.040,-0.005,-0.042,1.000,-0.010,0.000,0.008,0.000,0.000,0.000,0.000,0,NULL,NULL,,1,0,2,7,255,,250,0,0
stim,80,80,0,584772.373,0.994,0.015,0.105,-0.007,54,85,73,37,39,0,61,16,0,0.000,0,0,0.060,0.008,-0.040,0.020,-0.040,-0.004,-0.041,1.000,-0.006,0.006,0.004,0.000,0.000,0.000,0.000,0,NULL,NULL,,1,0,2,7,255,,250,0,0
stim,96,96,0,584777.375,0.994,0.015,0.105,-0.007,40,48,79,29,33,0,59,25,0,0.000,0,0,0.104,0.006,-0.100,0.020,0.020,-0.004,-0.041,1.000,-0.006,0.000,-0.002,0.000,0.000,0.000,0.000,0,NULL,NULL,,1,0,2,7,255,,250,0,0
stim,96,96,0,584782.373,0.994,0.015,0.105,-0.007,75,89,55,43,41,2,40,13,0,0.000,0,0,0.143,0.006,-0.100,0.020,-0.100,-0.004,-0.041,0.999,-0.006,0.000,-0.006,0.000,0.000,0.000,0.000,0,NULL,NULL,,1,0,2,7,255,,250,0,0
stim,96,96,0,584787.373,0.994,0.015,0.105,-0.007,48,61,82,43,21,0,61,42,0,0.000,0,0,0.104,0.006,-0.100,0.020,0.020,-0.003,-0.040,1.000,-0.006,0.000,-0.006,0.000,0.000,0.000,0.000,0,NULL,NULL,,1,0,2,7,255,,250,0,0
stim,96,96,0,584792.373,0.994,0.015,0.105,-0.007,81,93,52,61,23,0,37,22,0,0.000,0,0,0.110,0.006,-0.100,-0.040,0.020,-0.004,-0.042,1.000,-0.006,0.000,-0.006,0.000,0.000,0.000,0.000,0,NULL,NULL,,1,0,2,7,255,,250,0,0
stim,111,111,0,584797.373,0.994,0.015,0.105,-0.007,51,61,82,61,25,0,47,43,0,0.000,0,0,0.049,0.006,0.020,0.020,-0.040,-0.004,-0.041,1.000,-0.006,0.000,0.000,0.000,0.000,0.000,0.000,0,NULL,NULL,,1,0,2,7,255,,250,0,0
stim,111,111,0,584802.373,0.994,0.015,0.105,-0.007,49,59,75,30,18,1,57,26,0,0.000,0,0,0.060,0.006,-0.040,0.020,-0.040,-0.004,-0.041,1.000,-0.006,0.000,0.000,0.000,0.000,0.000,0.000,0,NULL,NULL,,1,0,2,7,255,,250,0,0
stim,111,111,0,584807.373,0.994,0.015,0.105,-0.007,57,55,58,55,3,0,26,30,0,0.000,0,0,0.110,0.006,-0.100,-0.040,0.020,-0.003,-0.041,1.000,-0.006,0.000,0.000,0.000,0.000,0.000,0.000,0,NULL,NULL,,1,0,2,7,255,,250,0,0
stim,111,111,0,584812.373,0.994,0.015,0.105,-0.007,54,85,51,37,40,1,55,12,0,0.000,0,0,0.049,0.007,-0.040,0.020,0.020,-0.003,-0.040,1.001,0.004,0.006,0.004,0.000,0.000,0.000,0.000,0,NULL,NULL,,1,0,2,7,255,,250,0,0
stim,130,130,0,584817.374,0.994,0.015,0.105,-0.007,53,61,77,67,22,0,40,41,0,0.000,0,0,0.049,0.011,-0.040,0.020,0.020,-0.004,-0.040,1.000,0.004,0.010,0.004,0.000,0.000,0.000,0.000,0,NULL,NULL,,1,0,2,7,255,,250,0,0
stim,130,130,0,584822.373,0.994,0.015,0.105,-0.007,72,62,77,59,21,0,45,41,0,0.000,0,0,0.110,0.010,-0.100,-0.040,0.020,-0.005,-0.041,1.000,0.000,0.010,0.004,0.000,0.000,0.000,0.000,0,NULL,NULL,,1,0,2,7,255,,250,0,0
stim,130,130,0,584827.373,0.994,0.015,0.105,-0.007,81,91,47,45,31,1,29,19,0,0.000,0,0,0.060,0.006,-0.040,-0.040,0.020,-0.004,-0.041,1.000,-0.006,0.000,-0.002,0.000,0.000,0.000,0.000,0,NULL,NULL,,1,0,2,7,255,,250,0,0
stim,130,130,0,584832.373,0.994,0.015,0.105,-0.007,73,77,44,59,23,0,38,16,0,0.000,0,0,0.110,0.006,-0.100,-0.040,0.020,-0.004,-0.041,1.000,-0.006,0.000,-0.002,0.000,0.000,0.000,0.000,0,NULL,NULL,,1,0,2,7,255,,250,0,0
stim,143,143,0,584837.373,0.994,0.015,0.105,-0.007,51,87,63,35,36,3,61,10,0,0.000,0,0,0.069,0.006,-0.040,-0.040,-0.040,-0.003,-0.042,1.000,-0.006,0.000,-0.002,0.000,0.000,0.000,0.000,0,NULL,NULL,,1,0,2,7,255,,250,0,0
stim,143,143,0,584842.373,0.994,0.015,0.105,-0.007,76,88,45,61,14,0,29,21,0,0.000,0,0,0.110,0.006,-0.100,0.020,-0.040,-0.003,-0.041,1.000,0.004,0.004,-0.006,0.000,0.000,0.000,0.000,0,NULL,NULL,,1,0,2,7,255,,250,0,0
stim,163,163,0,584847.373,0.994,0.015,0.105,-0.007,43,75,67,33,29,0,59,7,0,0.000,0,0,0.110,0.006,-0.100,-0.040,0.020,-0.003,-0.042,1.000,0.004,-0.004,0.000,0.000,0.000,0.000,0.000,0,NULL,NULL,,1,0,2,7,255,,250,0,0
stim,163,163,0,584852.373,0.994,0.015,0.105,-0.007,55,88,77,39,42,5,61,17,0,0.000,0,0,0.110,0.004,-0.100,0.020,-0.040,-0.003,-0.041,1.001,0.004,0.000,0.000,0.000,0.000,0.000,0.000,0,NULL,NULL,,1,0,2,7,255,,250,0,0
stim,191,191,0,584857.373,0.994,0.015,0.105,-0.007,58,67,70,61,8,0,43,31,0,0.000,0,0,0.069,0.006,-0.040,-0.040,-0.040,-0.004,-0.042,1.000,0.004,-0.004,0.004,0.000,0.000,0.000,0.000,0,NULL,NULL,,1,0,2,7,255,,250,0,0
stim,191,191,0,584862.374,0.994,0.015,0.105,-0.007,55,63,72,71,17,0,35,17,0,0.000,0,0,0.110,0.004,-0.100,0.020,-0.040,-0.005,-0.042,0.999,0.000,-0.004,0.004,0.000,0.000,0.000,0.000,0,NULL,NULL,,1,0,2,7,255,,250,0,0
stim,191,191,0,584867.373,0.994,0.015,0.105,-0.007,51,83,75,38,39,2,61,17,0,0.000,0,0,0.098,0.004,-0.040,0.080,-0.040,-0.003,-0.041,1.000,0.000,-0.004,0.000,0.000,0.000,0.000,0.000,0,NULL,NULL,,1,0,2,7,255,,250,0,0
stim,191,191,0,584872.374,0.994,0.015,0.105,-0.007,75,85,51,60,21,0,36,21,0,0.000,0,0,0.060,0.006,-0.040,-0.040,0.020,-0.004,-0.041,1.001,-0.006,0.000,0.000,0.000,0.000,0.000,0.000,0,NULL,NULL,,1,0,2,7,255,,250,0,0
stim,191,191,0,584877.373,0.994,0.015,0.105,-0.007,71,88,57,37,42,5,63,16,0,0.000,0,0,0.049,0.004,-0.040,0.020,0.020,-0.003,-0.041,1.000,0.004,0.000,0.000,0.000,0.000,0.000,0.000,0,NULL,NULL,,1,0,2,7,255,,250,0,0
stim,191,191,0,584882.373,0.994,0.015,0.105,-0.007,77,86,57,61,22,0,39,40,0,0.000,0,0,0.104,0.004,-0.100,0.020,0.020,-0.003,-0.041,1.000,0.004,0.000,-0.002,0.000,0.000,0.000,0.000,0,NULL,NULL,,1,0,2,7,255,,250,0,0
stim,191,191,0,584887.373,0.994,0.015,0.105,-0.007,51,79,69,30,31,5,59,12,0,0.000,0,0,0.170,0.004,-0.160,-0.040,-0.040,-0.004,-0.042,0.999,0.004,0.000,-0.006,0.000,0.000,0.000,0.000,0,NULL,NULL,,1,0,2,7,255,,250,0,0
stim,191,191,0,584892.373,0.994,0.015,0.105,-0.007,47,78,43,29,39,0,58,5,0,0.000,0,0,0.110,0.004,-0.100,-0.040,0.020,-0.002,-0.041,1.000,0.004,0.000,-0.006,0.000,0.000,0.000,0.000,0,NULL,NULL,,1,0,2,7,255,,250,0,0
stim,191,191,0,584897.373,0.994,0.015,0.105,-0.007,77,84,56,61,21,0,39,39,0,0.000,0,0,0.104,0.004,-0.100,0.020,0.020,-0.003,-0.041,1.000,0.004,0.000,-0.006,0.000,0.000,0.000,0.000,0,NULL,NULL,,1,0,2,7,255,,250,0,0
stim,191,191,0,584902.373,0.994,0.015,0.105,-0.007,75,85,53,63,24,0,38,24,0,0.000,0,0,0.110,0.004,-0.100,0.020,-0.040,-0.004,-0.041,1.000,0.004,0.000,-0.006,0.000,0.000,0.000,0.000,0,NULL,NULL,,1,0,2,7,255,,250,0,0
stim,207,207,0,584907.373,0.994,0.015,0.105,-0.007,53,87,74,37,40,2,59,13,0,0.000,0,0,0.060,0.006,-0.040,-0.040,0.020,-0.003,-0.041,1.001,0.004,0.004,-0.006,0.000,0.000,0.000,0.000,0,NULL,NULL,,1,0,2,7,255,,250,0,0
stim,207,207,0,584912.373,0.994,0.015,0.105,-0.007,97,87,52,71,21,0,37,39,0,0.000,0,0,0.104,0.000,-0.100,0.020,0.020,-0.004,-0.041,1.001,0.000,0.000,0.008,0.000,0.000,0.000,0.000,0,NULL,NULL,,1,0,2,7,255,,250,0,0
stim,223,223,0,584917.374,0.994,0.015,0.105,-0.007,58,60,54,55,16,0,25,29,0,0.000,0,0,0.069,0.000,-0.040,-0.040,-0.040,-0.004,-0.041,1.000,0.000,0.000,0.008,0.000,0.000,0.000,0.000,0,NULL,NULL,,1,0,2,7,255,,250,0,0
stim,223,223,0,584922.373,0.994,0.015,0.105,-0.007,72,62,54,68,22,0,29,43,0,0.000,0,0,0.134,0.000,-0.100,0.080,-0.040,-0.003,-0.040,1.000,0.000,0.000,-0.006,0.000,0.000,0.000,0.000,0,NULL,NULL,,1,0,2,7,255,,250,0,0
stim,239,239,0,584927.373,0.994,0.015,0.105,-0.007,69,61,57,67,19,0,38,41,0,0.000,0,0,0.110,0.004,-0.100,0.020,-0.040,-0.005,-0.041,1.000,0.000,0.004,-0.006,0.000,0.000,0.000,0.000,0,NULL,NULL,,1,0,2,7,255,,250,0,0
stim,239,239,0,584932.373,0.994,0.015,0.105,-0.007,51,59,78,43,37,0,59,40,0,0.000,0,0,0.104,0.007,-0.100,0.020,0.020,-0.004,-0.041,1.001,-0.006,0.004,-0.002,0.000,0.000,0.000,0.000,0,NULL,NULL,,1,0,2,7,255,,250,0,0
stim,239,239,0,584937.373,0.994,0.015,0.105,-0.007,43,56,72,41,7,0,57,37,0,0.000,0,0,0.069,0.010,-0.040,-0.040,-0.040,-0.005,-0.042,1.000,-0.010,0.000,0.000,0.000,0.000,0.000,0.000,0,NULL,NULL,,1,0,2,7,255,,250,0,0
stim,239,239,0,584942.373,0.994,0.015,0.105,-0.007,45,55,64,54,13,0,59,33,0,0.000,0,0,0.110,0.006,-0.100,-0.040,0.020,-0.004,-0.041,1.000,-0.006,0.000,0.004,0.000,0.000,0.000,0.000,0,NULL,NULL,,1,0,2,7,255,,250,0,0
stim,255,255,0,584947.373,0.994,0.015,0.105,-0.007,71,35,67,63,16,0,31,37,0,0.000,0,0,0.060,0.007,-0.040,0.020,-0.040,-0.004,-0.042,1.000,-0.006,-0.004,0.004,0.000,0.000,0.000,0.000,0,NULL,NULL,,1,0,2,7,255,,250,0,0
stim,255,255,0,584952.373,0.994,0.015,0.105,-0.007,71,62,57,67,25,0,41,41,0,0.000,0,0,0.134,0.000,-0.100,0.080,-0.040,-0.003,-0.041,1.001,0.000,0.000,0.004,0.000,0.000,0.000,0.000,0,NULL,NULL,,1,0,2,7,255,,250,0,0
stim,288,288,0,584957.373,0.994,0.015,0.105,-0.007,39,55,71,30,35,28,48,27,0,0.000,0,0,0.115,0.004,-0.100,-0.040,-0.040,-0.004,-0.042,1.000,0.000,-0.004,0.004,0.000,0.000,0.000,0.000,0,NULL,NULL,,1,0,2,7,255,,250,0,0
stim,288,288,0,584962.373,0.994,0.015,0.105,-0.007,37,55,64,33,28,1,55,8,0,0.000,0,0,0.110,0.004,-0.100,0.020,-0.040,-0.003,-0.041,1.000,0.004,0.000,-0.006,0.000,0.000,0.000,0.000,0,NULL,NULL,,1,0,2,7,255,,250,0,0
stim,288,288,0,584967.374,0.994,0.015,0.105,-0.007,69,60,75,67,18,0,35,39,0,0.000,0,0,0.110,0.004,-0.100,0.020,-0.040,-0.003,-0.041,1.000,0.004,0.000,-0.006,0.000,0.000,0.000,0.000,0,NULL,NULL,,1,0,2,7,255,,250,0,0
stim,288,288,0,584972.373,0.994,0.015,0.105,-0.007,46,54,63,61,12,0,34,39,0,0.000,0,0,0.110,0.004,-0.100,0.020,-0.040,-0.004,-0.043,0.998,0.004,0.000,-0.006,0.000,0.000,0.000,0.000,0,NULL,NULL,,1,0,2,7,255,,250,0,0
stim,288,288,0,584977.377,0.994,0.015,0.105,-0.007,72,77,50,59,12,0,27,30,0,0.000,0,0,0.162,0.011,-0.160,0.020,0.020,-0.003,-0.042,1.000,0.004,-0.010,0.000,0.000,0.000,0.000,0.000,0,NULL,NULL,,1,0,2,7,255,,250,0,0
stim,288,288,0,584982.373,0.994,0.015,0.105,-0.007,70,81,40,59,25,3,23,12,0,0.000,0,0,0.049,0.010,-0.040,0.020,0.020,-0.004,-0.042,0.999,0.000,-0.010,-0.010,0.000,0.000,0.000,0.000,0,NULL,NULL,,1,0,2,7,255,,250,0,0
stim,288,288,0,584987.373,0.994,0.015,0.105,-0.007,71,61,44,67,9,0,28,35,0,0.000,0,0,0.060,0.004,-0.040,-0.040,0.020,-0.004,-0.041,1.000,0.000,-0.004,0.000,0.000,0.000,0.000,0.000,0,NULL,NULL,,1,0,2,7,255,,250,0,0
stim,288,288,0,584992.373,0.994,0.015,0.105,-0.007,53,87,54,35,39,2,58,16,0,0.000,0,0,0.110,0.004,-0.100,0.020,-0.040,-0.003,-0.042,1.000,0.000,-0.004,0.004,0.000,0.000,0.000,0.000,0,NULL,NULL,,1,0,2,7,255,,250,0,0
stim,303,303,0,584997.373,0.994,0.015,0.105,-0.007,43,55,72,29,18,0,55,25,0,0.000,0,0,0.104,0.006,-0.100,0.020,0.020,-0.003,-0.042,1.000,0.004,-0.004,0.004,0.000,0.000,0.000,0.000,0,NULL,NULL,,1,0,2,7,255,,250,0,0
stim,303,303,0,585002.373,0.994,0.015,0.105,-0.007,51,75,75,38,39,1,61,16,0,0.000,0,0,0.110,0.009,-0.100,0.020,-0.040,-0.004,-0.042,0.999,0.004,-0.008,0.004,0.000,0.000,0.000,0.000,0,NULL,NULL,,1,0,2,7,255,,250,0,0
stim,303,303,0,585007.373,0.994,0.015,0.105,-0.007,77,88,55,61,22,0,37,39,0,0.000,0,0,0.110,0.008,-0.100,0.020,-0.040,-0.004,-0.040,1.000,0.000,-0.008,-0.006,0.000,0.000,0.000,0.000,0,NULL,NULL,,1,0,2,7,255,,250,0,0
stim,303,303,0,585012.373,0.994,0.015,0.105,-0.007,51,84,76,39,43,6,63,16,0,0.000,0,0,0.183,0.000,-0.160,-0.040,0.080,-0.003,-0.041,1.000,0.000,0.000,-0.006,0.000,0.000,0.000,0.000,0,NULL,NULL,,1,0,2,7,255,,250,0,0
stim,319,319,0,585017.373,0.994,0.015,0.105,-0.007,43,83,64,31,30,23,48,7,0,0.000,0,0,0.115,0.000,-0.100,-0.040,-0.040,-0.004,-0.042,1.000,0.000,0.000,-0.006,0.000,0.000,0.000,0.000,0,NULL,NULL,,1,0,2,7,255,,250,0,0
stim,319,319,0,585022.373,0.994,0.015,0.105,-0.007,54,85,71,35,39,2,55,13,0,0.000,0,0,0.130,0.000,-0.100,0.080,0.020,-0.004,-0.041,1.000,0.000,0.000,0.004,0.000,0.000,0.000,0.000,0,NULL,NULL,,1,0,2,7,255,,250,0,0
stim,335,335,0,585027.373,0.994,0.015,0.105,-0.007,53,77,75,28,29,0,55,9,0,0.000,0,0,0.060,0.000,-0.040,-0.040,0.020,-0.002,-0.041,1.000,0.000,0.000,0.004,0.000,0.000,0.000,0.000,0,NULL,NULL,,1,0,2,7,255,,250,0,0
stim,335,335,0,585032.373,0.994,0.015,0.105,-0.007,58,91,69,39,37,7,55,19,0,0.000,0,0,0.115,0.008,-0.100,-0.040,-0.040,-0.003,-0.042,1.001,0.008,0.000,0.004,0.000,0.000,0.000,0.000,0,NULL,NULL,,1,0,2,7,255,,250,0,0
stim,335,335,0,585037.373,0.994,0.015,0.105,-0.007,41,62,73,40,19,0,55,36,0,0.000,0,0,0.049,0.009,-0.040,0.020,0.020,-0.003,-0.042,1.000,0.008,-0.004,0.004,0.000,0.000,0.000,0.000,0,NULL,NULL,,1,0,2,7,255,,250,0,0
stim,335,335,0,585042.373,0.994,0.015,0.105,-0.007,51,67,79,41,23,0,61,35,0,0.000,0,0,0.110,0.011,-0.100,0.020,-0.040,-0.002,-0.042,1.001,0.008,-0.008,0.010,0.000,0.000,0.000,0.000,0,NULL,NULL,,1,0,2,7,255,,250,0,0
stim,384,384,0,585047.373,0.994,0.015,0.105,-0.007,42,69,75,31,33,5,56,25,0,0.000,0,0,0.060,0.006,0.020,-0.040,-0.040,-0.004,-0.041,1.000,0.004,-0.004,0.004,0.000,0.000,0.000,0.000,0,NULL,NULL,,1,0,2,7,255,,250,0,0
stim,384,384,0,585052.373,0.994,0.015,0.105,-0.007,46,88,69,40,33,1,55,7,0,0.000,0,0,0.060,0.009,-0.040,0.020,-0.040,-0.003,-0.042,1.000,0.004,-0.008,0.004,0.000,0.000,0.000,0.000,0,NULL,NULL,,1,0,2,7,255,,250,0,0
stim,384,384,0,585057.373,0.994,0.015,0.105,-0.007,36,67,72,40,18,0,63,24,0,0.000,0,0,0.049,0.008,-0.040,0.020,0.020,-0.004,-0.042,0.999,-0.002,-0.008,0.004,0.000,0.000,0.000,0.000,0,NULL,NULL,,1,0,2,7,255,,250,0,0
stim,384,384,0,585062.375,0.994,0.015,0.105,-0.007,75,88,53,62,22,0,39,25,0,0.000,0,0,0.104,0.008,-0.100,0.020,0.020,-0.004,-0.041,1.000,-0.002,-0.008,0.004,0.000,0.000,0.000,0.000,0,NULL,NULL,,1,0,2,7,255,,250,0,0
stim,384,384,0,585067.374,0.994,0.015,0.105,-0.007,56,87,41,39,27,1,47,0,0,0.000,0,0,0.049,0.003,-0.040,0.020,0.020,-0.003,-0.041,1.000,-0.002,0.002,-0.002,0.000,0.000,0.000,0.000,0,NULL,NULL,,1,0,2,7,255,,250,0,0
stim,384,384,0,585072.374,0.994,0.015,0.105,-0.007,45,61,79,37,43,7,61,17,0,0.000,0,0,0.110,0.004,-0.100,0.020,-0.040,-0.003,-0.042,1.000,0.004,0.002,0.000,0.000,0.000,0.000,0.000,0,NULL,NULL,,1,0,2,7,255,,250,0,0
stim,399,399,0,585077.373,0.994,0.015,0.105,-0.007,41,59,71,39,11,0,56,23,0,0.000,0,0,0.110,0.004,-0.100,-0.040,0.020,-0.004,-0.041,1.000,0.004,0.002,0.000,0.000,0.000,0.000,0.000,0,NULL,NULL,,1,0,2,7,255,,250,0,0
stim,399,399,0,585082.373,0.994,0.015,0.105,-0.007,45,61,75,37,38,1,61,30,0,0.000,0,0,0.049,0.002,-0.040,0.020,0.020,-0.004,-0.041,1.000,-0.002,0.000,0.000,0.000,0.000,0.000,0.000,0,NULL,NULL,,1,0,2,7,255,,250,0,0
stim,399,399,0,585087.373,0.994,0.015,0.105,-0.007,77,85,51,61,31,0,35,22,0,0.000,0,0,0.049,0.003,-0.040,0.020,0.020,-0.004,-0.041,1.000,-0.002,0.002,0.004,0.000,0.000,0.000,0.000,0,NULL,NULL,,1,0,2,7,255,,250,0,0
stim,399,399,0,585092.373,0.994,0.015,0.105,-0.007,57,104,73,37,39,1,60,16,0,0.000,0,0,0.060,0.002,-0.040,0.020,-0.040,-0.004,-0.041,0.999,-0.002,0.000,-0.006,0.000,0.000,0.000,0.000,0,NULL,NULL,,1,0,2,7,255,,250,0,0
stim,399,399,0,585097.373,0.994,0.015,0.105,-0.007,43,61,75,55,13,0,59,35,0,0.000,0,0,0.060,0.002,-0.040,-0.040,0.020,-0.003,-0.042,1.000,-0.002,0.000,-0.006,0.000,0.000,0.000,0.000,0,NULL,NULL,,1,0,2,7,255,,250,0,0
stim,399,399,0,585102.373,0.994,0.015,0.105,-0.007,55,87,57,37,39,2,61,17,0,0.000,0,0,0.104,0.002,-0.100,0.020,0.020,-0.004,-0.041,1.001,-0.002,0.000,-0.006,0.000,0.000,0.000,0.000,0,NULL,NULL,,1,0,2,7,255,,250,0,0
stim,415,415,0,585107.373,0.994,0.015,0.105,-0.007,72,85,53,55,39,7,37,12,0,0.000,0,0,0.110,0.004,-0.100,-0.040,0.020,-0.003,-0.041,1.000,0.004,0.002,0.004,0.000,0.000,0.000,0.000,0,NULL,NULL,,1,0,2,7,255,,250,0,0
stim,415,415,0,585112.374,0.994,0.015,0.105,-0.007,77,69,55,61,17,0,37,39,0,0.000,0,0,0.110,0.003,-0.100,0.020,-0.040,-0.004,-0.040,1.000,-0.002,0.002,0.004,0.000,0.000,0.000,0.000,0,NULL,NULL,,1,0,2,7,255,,250,0,0
stim,415,415,0,585117.374,0.994,0.015,0.105,-0.007,75,89,54,39,43,5,41,16,0,0.000,0,0,0.069,0.003,-0.040,-0.040,-0.040,-0.004,-0.041,0.999,-0.002,0.002,0.004,0.000,0.000,0.000,0.000,0,NULL,NULL,,1,0,2,7,255,,250,0,0
stim,415,415,0,585122.373,0.994,0.015,0.105,-0.007,73,61,57,61,23,0,39,41,0,0.000,0,0,0.060,0.002,-0.040,0.020,-0.040,-0.004,-0.041,0.999,-0.002,0.000,-0.010,0.000,0.000,0.000,0.000,0,NULL,NULL,,1,0,2,7,255,,250,0,0
stim,431,431,0,585127.373,0.994,0.015,0.105,-0.007,69,89,42,55,9,0,29,19,0,0.000,0,0,0.049,0.002,-0.040,0.020,0.020,-0.003,-0.042,1.000,-0.002,0.000,-0.010,0.000,0.000,0.000,0.000,0,NULL,NULL,,1,0,2,7,255,,250,0,0
stim,431,431,0,585132.373,0.994,0.015,0.105,-0.007,70,59,56,63,23,0,37,41,0,0.000,0,0,0.115,0.004,-0.100,-0.040,-0.040,-0.002,-0.041,1.000,0.004,0.000,0.004,0.000,0.000,0.000,0.000,0,NULL,NULL,,1,0,2,7,255,,250,0,0
stim,447,447,0,585137.373,0.994,0.015,0.105,-0.007,47,61,82,39,43,0,68,33,0,0.000,0,0,0.110,0.009,-0.100,0.020,-0.040,-0.003,-0.042,1.001,0.008,-0.004,0.004,0.000,0.000,0.000,0.000,0,NULL,NULL,,1,0,2,7,255,,250,0,0
stim,447,447,0,585142.373,0.994,0.015,0.105,-0.007,73,61,68,69,11,0,56,44,0,0.000,0,0,0.104,0.009,-0.100,0.020,0.020,-0.004,-0.042,1.000,0.008,-0.004,0.004,0.000,0.000,0.000,0.000,0,NULL,NULL,,1,0,2,7,255,,250,0,0
stim,447,447,0,585147.373,0.994,0.015,0.105,-0.007,55,88,75,39,40,4,61,16,0,0.000,0,0,0.049,0.004,-0.040,0.020,0.020,-0.005,-0.041,1.000,-0.002,-0.004,0.004,0.000,0.000,0.000,0.000,0,NULL,NULL,,1,0,2,7,255,,250,0,0
stim,447,447,0,585152.373,0.994,0.015,0.105,-0.007,43,87,64,31,33,0,59,9,0,0.000,0,0,0.060,0.002,-0.040,0.020,-0.040,-0.003,-0.041,0.999,-0.002,0.000,0.000,0.000,0.000,0.000,0.000,0,NULL,NULL,,1,0,2,7,255,,250,0,0
stim,479,479,0,585157.373,0.994,0.015,0.105,-0.007,52,60,83,59,25,0,47,43,0,0.000,0,0,0.110,0.006,-0.100,0.020,-0.040,-0.004,-0.042,1.000,-0.006,0.000,-0.006,0.000,0.000,0.000,0.000,0,NULL,NULL,,1,0,2,7,255,,250,0,0
stim,479,479,0,585162.373,0.994,0.015,0.105,-0.007,47,68,82,41,42,5,67,37,0,0.000,0,0,0.104,0.002,-0.100,0.020,0.020,-0.004,-0.041,1.000,-0.002,0.000,-0.006,0.000,0.000,0.000,0.000,0,NULL,NULL,,1,0,2,7,255,,250,0,0
stim,479,479,0,585167.374,0.994,0.015,0.105,-0.007,75,83,58,63,17,0,36,41,0,0.000,0,0,0.104,0.003,-0.100,0.020,0.020,-0.004,-0.041,1.000,-0.002,0.002,-0.002,0.000,0.000,0.000,0.000,0,NULL,NULL,,1,0,2,7,255,,250,0,0
stim,479,479,0,585172.373,0.994,0.015,0.105,-0.007,73,86,53,40,40,5,55,13,0,0.000,0,0,0.157,0.003,-0.100,-0.120,0.020,-0.005,-0.042,1.000,-0.002,0.002,0.000,0.000,0.000,0.000,0.000,0,NULL,NULL,,1,0,2,7,255,,250,0,0
stim,479,479,0,585177.376,0.994,0.015,0.105,-0.007,69,63,55,61,21,0,37,41,0,0.000,0,0,0.110,0.006,-0.100,-0.040,0.020,-0.004,-0.040,1.000,-0.002,0.006,-0.002,0.000,0.000,0.000,0.000,0,NULL,NULL,,1,0,2,7,255,,250,0,0
stim,479,479,0,585182.373,0.994,0.015,0.105,-0.007,47,82,77,39,46,8,69,16,0,0.000,0,0,0.104,0.006,-0.100,0.020,0.020,-0.003,-0.041,1.000,-0.002,0.006,-0.002,0.000,0.000,0.000,0.000,0,NULL,NULL,,1,0,2,7,255,,250,0,0
stim,495,495,0,585187.373,0.994,0.015,0.105,-0.007,51,62,82,60,21,0,45,45,0,0.000,0,0,0.049,0.006,-0.040,0.020,0.020,-0.004,-0.041,1.000,-0.002,0.006,-0.002,0.000,0.000,0.000,0.000,0,NULL,NULL,,1,0,2,7,255,,250,0,0
stim,495,495,0,585192.373,0.994,0.015,0.105,-0.007,46,83,73,37,39,1,61,13,0,0.000,0,0,0.049,0.003,-0.040,0.020,0.020,-0.005,-0.041,1.000,-0.002,0.002,-0.006,0.000,0.000,0.000,0.000,0,NULL,NULL,,1,0,2,7,255,,250,0,0
stim,495,495,0,585197.373,0.994,0.015,0.105,-0.007,69,59,55,61,21,0,37,40,0,0.000,0,0,0.162,0.006,-0.160,0.020,0.020,-0.004,-0.042,1.000,-0.006,0.000,0.004,0.000,0.000,0.000,0.000,0,NULL,NULL,,1,0,2,7,255,,250,0,0
stim,495,495,0,585202.373,0.994,0.015,0.105,-0.007,76,69,57,62,21,0,37,39,0,0.000,0,0,0.049,0.006,-0.040,0.020,0.020,-0.003,-0.041,1.000,-0.006,0.000,0.004,0.000,0.000,0.000,0.000,0,NULL,NULL,,1,0,2,7,255,,250,0,0
stim,511,511,0,585207.373,0.994,0.015,0.105,-0.007,76,84,53,59,22,0,39,21,0,0.000,0,0,0.060,0.004,-0.040,0.020,-0.040,-0.002,-0.041,0.999,0.004,0.002,0.004,0.000,0.000,0.000,0.000,0,NULL,NULL,,1,0,2,7,255,,250,0,0
stim,511,511,0,585212.373,0.994,0.015,0.105,-0.007,76,63,72,89,19,0,37,41,0,0.000,0,0,0.110,0.004,-0.100,0.020,-0.040,-0.003,-0.041,1.000,0.004,0.002,0.004,0.000,0.000,0.000,0.000,0,NULL,NULL,,1,0,2,7,255,,250,0,0
stim,512,512,0,585217.373,0.994,0.015,0.105,-0.007,77,91,41,61,19,0,31,19,0,0.000,0,0,0.134,0.004,-0.100,0.080,-0.040,-0.004,-0.041,1.000,0.004,0.002,0.004,0.000,0.000,0.000,0.000,0,NULL,NULL,,1,0,2,7,255,,250,0,0
stim,512,512,0,585222.373,0.994,0.015,0.105,-0.007,52,61,82,44,26,0,67,42,0,0.000,0,0,0.049,0.003,-0.040,0.020,0.020,-0.004,-0.041,1.000,-0.002,0.002,0.004,0.000,0.000,0.000,0.000,0,NULL,NULL,,1,0,2,7,255,,250,0,0
stim,528,528,0,585227.373,0.994,0.015,0.105,-0.007,51,85,52,36,37,0,55,11,0,0.000,0,0,0.049,0.003,-0.040,0.020,0.020,-0.004,-0.041,1.001,-0.002,0.002,0.004,0.000,0.000,0.000,0.000,0,NULL,NULL,,1,0,2,7,255,,250,0,0
stim,528,528,0,585232.373,0.994,0.015,0.105,-0.007,77,67,57,61,22,0,39,41,0,0.000,0,0,0.060,0.006,-0.040,0.020,-0.040,-0.004,-0.041,1.000,-0.006,0.002,0.004,0.000,0.000,0.000,0.000,0,NULL,NULL,,1,0,2,7,255,,250,0,0
stim,543,543,0,585237.373,0.994,0.015,0.105,-0.007,41,58,73,37,15,0,61,26,0,0.000,0,0,0.110,0.006,-0.100,0.020,-0.040,-0.002,-0.041,1.001,-0.006,0.002,0.008,0.000,0.000,0.000,0.000,0,NULL,NULL,,1,0,2,7,255,,250,0,0
stim,543,543,0,585242.373,0.994,0.015,0.105,-0.007,71,61,78,69,27,0,42,43,0,0.000,0,0,0.104,0.002,-0.100,0.020,0.020,-0.004,-0.042,1.000,0.000,0.002,0.004,0.000,0.000,0.000,0.000,0,NULL,NULL,,1,0,2,7,255,,250,0,0
stim,543,543,0,585247.373,0.994,0.015,0.105,-0.007,72,61,75,63,20,0,41,41,0,0.000,0,0,0.110,0.000,-0.100,0.020,-0.040,-0.004,-0.041,1.000,0.000,0.000,0.004,0.000,0.000,0.000,0.000,0,NULL,NULL,,1,0,2,7,255,,250,0,0
stim,543,543,0,585252.373,0.994,0.015,0.105,-0.007,50,59,82,75,23,0,60,43,0,0.000,0,0,0.060,0.000,-0.040,-0.040,0.020,-0.003,-0.041,1.000,0.000,0.000,0.004,0.000,0.000,0.000,0.000,0,NULL,NULL,,1,0,2,7,255,,250,0,0
stim,576,576,0,585257.373,0.994,0.015,0.105,-0.007,71,86,53,35,35,30,57,13,0,0.000,0,0,0.049,0.004,-0.040,0.020,0.020,-0.002,-0.041,1.000,0.004,0.000,0.004,0.000,0.000,0.000,0.000,0,NULL,NULL,,1,0,2,7,255,,250,0,0
stim,576,576,0,585262.373,0.994,0.015,0.105,-0.007,51,61,79,63,19,0,43,43,0,0.000,0,0,0.049,0.004,-0.040,0.020,0.020,-0.004,-0.042,0.999,0.004,0.000,-0.002,0.000,0.000,0.000,0.000,0,NULL,NULL,,1,0,2,7,255,,250,0,0
stim,576,576,0,585267.375,0.994,0.015,0.105,-0.007,50,59,79,59,41,6,63,41,0,0.000,0,0,0.110,0.004,-0.100,0.020,-0.040,-0.004,-0.042,1.000,-0.002,-0.004,-0.006,0.000,0.000,0.000,0.000,0,NULL,NULL,,1,0,2,7,255,,250,0,0
stim,576,576,0,585272.373,0.994,0.015,0.105,-0.007,67,76,51,26,23,0,52,37,0,0.000,0,0,0.110,0.007,-0.100,0.020,-0.040,-0.004,-0.042,1.000,-0.006,-0.004,-0.006,0.000,0.000,0.000,0.000,0,NULL,NULL,,1,0,2,7,255,,250,0,0
stim,576,576,0,585277.373,0.994,0.015,0.105,-0.007,71,83,42,45,26,0,27,8,0,0.000,0,0,0.060,0.007,-0.040,0.020,-0.040,-0.004,-0.041,1.000,-0.006,-0.004,-0.006,0.000,0.000,0.000,0.000,0,NULL,NULL,,1,0,2,7,255,,250,0,0
stim,576,576,0,585282.373,0.994,0.015,0.105,-0.007,46,75,82,31,39,1,61,8,0,0.000,0,0,0.110,0.008,-0.100,0.020,-0.040,-0.004,-0.041,1.000,-0.006,0.006,-0.006,0.000,0.000,0.000,0.000,0,NULL,NULL,,1,0,2,7,255,,250,0,0
stim,595,595,0,585287.373,0.994,0.015,0.105,-0.007,50,61,70,55,9,0,39,33,0,0.000,0,0,0.060,0.008,-0.040,-0.040,0.020,-0.005,-0.041,1.000,-0.006,0.006,-0.006,0.000,0.000,0.000,0.000,0,NULL,NULL,,1,0,2,7,255,,250,0,0
stim,595,595,0,585292.373,0.994,0.015,0.105,-0.007,55,85,53,36,39,0,53,12,0,0.000,0,0,0.060,0.002,-0.040,0.020,-0.040,-0.004,-0.041,1.000,-0.002,0.000,-0.006,0.000,0.000,0.000,0.000,0,NULL,NULL,,1,0,2,7,255,,250,0,0
stim,595,595,0,585297.373,0.994,0.015,0.105,-0.007,41,69,73,48,12,0,37,33,0,0.000,0,0,0.143,0.000,-0.100,0.020,-0.100,-0.004,-0.042,1.000,0.000,0.000,0.000,0.000,0.000,0.000,0.000,0,NULL,NULL,,1,0,2,7,255,,250,0,0
stim,595,595,0,585302.373,0.994,0.015,0.105,-0.007,51,69,68,42,22,0,67,37,0,0.000,0,0,0.110,0.004,-0.100,0.020,-0.040,-0.004,-0.042,1.000,0.000,-0.004,0.004,0.000,0.000,0.000,0.000,0,NULL,NULL,,1,0,2,7,255,,250,0,0
stim,607,607,0,585307.373,0.994,0.015,0.105,-0.007,76,88,53,62,41,0,39,22,0,0.000,0,0,0.110,0.004,-0.100,-0.040,0.020,-0.004,-0.041,1.001,0.000,-0.004,0.004,0.000,0.000,0.000,0.000,0,NULL,NULL,,1,0,2,7,255,,250,0,0
stim,607,607,0,585312.373,0.994,0.015,0.105,-0.007,57,55,79,83,20,0,43,39,0,0.000,0,0,0.060,0.006,-0.040,-0.040,0.020,-0.004,-0.041,1.000,-0.006,0.002,0.004,0.000,0.000,0.000,0.000,0,NULL,NULL,,1,0,2,7,255,,250,0,0
stim,623,623,0,585317.373,0.994,0.015,0.105,-0.007,53,87,77,39,45,11,67,17,0,0.000,0,0,0.104,0.008,-0.100,0.020,0.020,-0.003,-0.040,1.001,-0.006,0.006,0.008,0.000,0.000,0.000,0.000,0,NULL,NULL,,1,0,2,7,255,,250,0,0
stim,623,623,0,585322.373,0.994,0.015,0.105,-0.007,74,88,51,59,35,0,35,19,0,0.000,0,0,0.060,0.011,-0.040,-0.040,0.020,-0.003,-0.040,1.000,0.004,0.010,-0.006,0.000,0.000,0.000,0.000,0,NULL,NULL,,1,0,2,7,255,,250,0,0
stim,639,639,0,585327.373,0.994,0.015,0.105,-0.007,71,59,75,61,22,0,39,40,0,0.000,0,0,0.110,0.011,-0.100,0.020,-0.040,-0.002,-0.041,1.001,0.004,0.010,0.008,0.000,0.000,0.000,0.000,0,NULL,NULL,,1,0,2,7,255,,250,0,0
stim,639,639,0,585332.373,0.994,0.015,0.105,-0.007,49,75,60,26,29,1,57,16,0,0.000,0,0,0.104,0.007,-0.100,0.020,0.020,-0.004,-0.041,1.000,0.004,0.006,0.004,0.000,0.000,0.000,0.000,0,NULL,NULL,,1,0,2,7,255,,250,0,0
stim,639,639,0,585337.373,0.994,0.015,0.105,-0.007,45,48,69,59,41,0,33,39,0,0.000,0,0,0.104,0.004,-0.100,0.020,0.020,-0.003,-0.042,1.000,0.004,0.002,0.004,0.000,0.000,0.000,0.000,0,NULL,NULL,,1,0,2,7,255,,250,0,0
stim,639,639,0,585342.373,0.994,0.015,0.105,-0.007,73,86,53,41,43,7,41,12,0,0.000,0,0,0.060,0.004,-0.040,0.020,-0.040,-0.004,-0.042,0.999,0.000,-0.004,0.004,0.000,0.000,0.000,0.000,0,NULL,NULL,,1,0,2,7,255,,250,0,0
stim,672,672,0,585347.373,0.994,0.015,0.105,-0.007,51,59,85,43,37,0,69,41,0,0.000,0,0,0.049,0.004,-0.040,0.020,0.020,-0.004,-0.042,0.999,0.000,-0.004,-0.010,0.000,0.000,0.000,0.000,0,NULL,NULL,,1,0,2,7,255,,250,0,0
stim,672,672,0,585352.373,0.994,0.015,0.105,-0.007,53,67,85,45,17,0,69,45,0,0.000,0,0,0.060,0.007,-0.040,0.020,-0.040,-0.004,-0.041,1.000,-0.006,-0.004,-0.010,0.000,0.000,0.000,0.000,0,NULL,NULL,,1,0,2,7,255,,250,0,0
stim,672,672,0,585357.373,0.994,0.015,0.105,-0.007,46,83,44,29,35,0,52,13,0,0.000,0,0,0.110,0.006,-0.100,0.020,-0.040,-0.003,-0.040,1.001,-0.006,0.000,-0.006,0.000,0.000,0.000,0.000,0,NULL,NULL,,1,0,2,7,255,,250,0,0
stim,672,672,0,585362.373,0.994,0.015,0.105,-0.007,73,85,54,57,39,0,38,17,0,0.000,0,0,0.104,0.007,-0.100,0.020,0.020,-0.003,-0.041,1.001,0.004,0.006,0.008,0.000,0.000,0.000,0.000,0,NULL,NULL,,1,0,2,7,255,,250,0,0
stim,672,672,0,585367.375,0.994,0.015,0.105,-0.007,44,62,70,35,40,4,53,11,0,0.000,0,0,0.049,0.007,-0.040,0.020,0.020,-0.004,-0.041,1.000,0.004,0.006,0.008,0.000,0.000,0.000,0.000,0,NULL,NULL,,1,0,2,7,255,,250,0,0
stim,672,672,0,585372.373,0.994,0.015,0.105,-0.007,63,75,43,33,30,1,47,7,0,0.000,0,0,0.060,0.007,-0.040,0.020,-0.040,-0.003,-0.040,1.000,0.004,0.006,-0.002,0.000,0.000,0.000,0.000,0,NULL,NULL,,1,0,2,7,255,,250,0,0
stim,703,703,0,585377.374,0.994,0.015,0.105,-0.007,60,76,54,45,39,6,39,33,0,0.000,0,0,0.110,0.007,-0.100,0.020,-0.040,-0.003,-0.041,0.999,0.004,0.006,-0.002,0.000,0.000,0.000,0.000,0,NULL,NULL,,1,0,2,7,255,,250,0,0
stim,703,703,0,585382.373,0.994,0.015,0.105,-0.007,74,88,54,41,41,3,56,16,0,0.000,0,0,0.115,0.006,-0.100,-0.040,-0.040,-0.004,-0.041,1.000,0.004,0.004,-0.002,0.000,0.000,0.000,0.000,0,NULL,NULL,,1,0,2,7,255,,250,0,0
stim,703,703,0,585387.373,0.994,0.015,0.105,-0.007,43,61,70,30,12,0,59,27,0,0.000,0,0,0.049,0.004,-0.040,0.020,0.020,-0.003,-0.042,1.001,0.004,0.000,0.004,0.000,0.000,0.000,0.000,0,NULL,NULL,,1,0,2,7,255,,250,0,0
stim,703,703,0,585392.373,0.994,0.015,0.105,-0.007,70,85,56,63,18,0,36,40,0,0.000,0,0,0.060,0.004,-0.040,-0.040,0.020,-0.003,-0.040,1.001,0.004,0.000,0.008,0.000,0.000,0.000,0.000,0,NULL,NULL,,1,0,2,7,255,,250,0,0
stim,703,703,0,585397.373,0.994,0.015,0.105,-0.007,46,55,74,30,38,0,53,10,0,0.000,0,0,0.110,0.007,-0.100,-0.040,0.020,-0.004,-0.041,1.001,0.004,0.006,0.008,0.000,0.000,0.000,0.000,0,NULL,NULL,,1,0,2,7,255,,250,0,0
stim,703,703,0,585402.373,0.994,0.015,0.105,-0.007,71,60,58,63,23,0,39,41,0,0.000,0,0,0.110,0.007,-0.100,-0.040,0.020,-0.003,-0.042,0.999,0.004,0.006,0.008,0.000,0.000,0.000,0.000,0,NULL,NULL,,1,0,2,7,255,,250,0,0
stim,719,719,0,585407.373,0.994,0.015,0.105,-0.007,71,61,56,62,21,0,37,39,0,0.000,0,0,0.049,0.000,-0.040,0.020,0.020,-0.004,-0.041,1.000,0.000,0.000,-0.002,0.000,0.000,0.000,0.000,0,NULL,NULL,,1,0,2,7,255,,250,0,0
stim,719,719,0,585412.373,0.994,0.015,0.105,-0.007,45,57,71,31,11,0,59,26,0,0.000,0,0,0.110,0.002,-0.100,0.020,-0.040,-0.004,-0.041,1.000,-0.002,0.000,-0.002,0.000,0.000,0.000,0.000,0,NULL,NULL,,1,0,2,7,255,,250,0,0
stim,719,719,0,585417.373,0.994,0.015,0.105,-0.007,52,61,75,51,22,0,39,33,0,0.000,0,0,0.060,0.002,-0.040,-0.040,0.020,-0.003,-0.041,1.001,-0.002,0.000,-0.002,0.000,0.000,0.000,0.000,0,NULL,NULL,,1,0,2,7,255,,250,0,0
stim,719,719,0,585422.373,0.994,0.015,0.105,-0.007,46,69,81,42,40,1,60,37,0,0.000,0,0,0.110,0.000,-0.100,0.020,-0.040,-0.004,-0.042,1.000,0.000,0.000,0.004,0.000,0.000,0.000,0.000,0,NULL,NULL,,1,0,2,7,255,,250,0,0
stim,735,735,0,585427.373,0.994,0.015,0.105,-0.007,45,59,72,27,30,0,69,35,0,0.000,0,0,0.104,0.000,-0.100,0.020,0.020,-0.004,-0.040,1.000,0.000,0.000,0.004,0.000,0.000,0.000,0.000,0,NULL,NULL,,1,0,2,7,255,,250,0,0
stim,735,735,0,585432.373,0.994,0.015,0.105,-0.007,71,61,58,63,23,0,39,42,0,0.000,0,0,0.069,0.010,-0.040,-0.040,-0.040,-0.003,-0.040,1.000,0.000,0.010,-0.002,0.000,0.000,0.000,0.000,0,NULL,NULL,,1,0,2,7,255,,250,0,0
stim,751,751,0,585437.373,0.994,0.015,0.105,-0.007,51,59,84,61,9,8,51,43,0,0.000,0,0,0.115,0.012,-0.100,-0.040,-0.040,-0.004,-0.041,1.000,-0.006,0.010,-0.002,0.000,0.000,0.000,0.000,0,NULL,NULL,,1,0,2,7,255,,250,0,0
stim,751,751,0,585442.373,0.994,0.015,0.105,-0.007,73,87,53,56,29,0,30,19,0,0.000,0,0,0.049,0.004,-0.040,0.020,0.020,-0.004,-0.041,0.999,0.000,0.004,-0.002,0.000,0.000,0.000,0.000,0,NULL,NULL,,1,0,2,7,255,,250,0,0
stim,751,751,0,585447.373,0.994,0.015,0.105,-0.007,44,83,61,27,28,0,53,16,0,0.000,0,0,0.104,0.007,-0.100,0.020,0.020,-0.004,-0.040,1.001,-0.006,0.004,-0.002,0.000,0.000,0.000,0.000,0,NULL,NULL,,1,0,2,7,255,,250,0,0
stim,751,751,0,585452.373,0.994,0.015,0.105,-0.007,42,74,73,34,37,0,55,7,0,0.000,0,0,0.162,0.010,-0.160,0.020,0.020,-0.003,-0.040,1.000,0.000,0.010,-0.002,0.000,0.000,0.000,0.000,0,NULL,NULL,,1,0,2,7,255,,250,0,0
stim,784,784,0,585457.373,0.994,0.015,0.105,-0.007,40,57,71,53,13,0,41,33,0,0.000,0,0,0.115,0.010,-0.100,-0.040,-0.040,-0.004,-0.042,1.000,0.000,0.010,-0.002,0.000,0.000,0.000,0.000,0,NULL,NULL,,1,0,2,7,255,,250,0,0
stim,784,784,0,585462.373,0.994,0.015,0.105,-0.007,77,69,56,63,23,0,39,41,0,0.000,0,0,0.110,0.006,-0.100,0.020,-0.040,-0.003,-0.042,1.000,0.004,-0.004,-0.002,0.000,0.000,0.000,0.000,0,NULL,NULL,,1,0,2,7,255,,250,0,0
stim,784,784,0,585467.375,0.994,0.015,0.105,-0.007,74,87,57,43,18,0,45,18,0,0.000,0,0,0.060,0.007,-0.040,0.020,-0.040,-0.003,-0.042,0.999,0.004,-0.006,-0.006,0.000,0.000,0.000,0.000,0,NULL,NULL,,1,0,2,7,255,,250,0,0
stim,784,784,0,585472.373,0.994,0.015,0.105,-0.007,51,85,75,37,40,1,61,16,0,0.000,0,0,0.110,0.006,-0.100,0.020,-0.040,-0.004,-0.041,1.000,0.004,-0.004,0.004,0.000,0.000,0.000,0.000,0,NULL,NULL,,1,0,2,7,255,,250,0,0
stim,784,784,0,585477.373,0.994,0.015,0.105,-0.007,68,76,45,35,41,2,52,5,0,0.000,0,0,0.110,0.002,-0.100,-0.040,0.020,-0.004,-0.041,1.000,-0.002,0.000,-0.006,0.000,0.000,0.000,0.000,0,NULL,NULL,,1,0,2,7,255,,250,0,0
stim,784,784,0,585482.373,0.994,0.015,0.105,-0.007,43,53,69,28,31,7,57,12,0,0.000,0,0,0.060,0.002,-0.040,-0.040,0.020,-0.003,-0.042,1.000,-0.002,0.000,-0.006,0.000,0.000,0.000,0.000,0,NULL,NULL,,1,0,2,7,255,,250,0,0
stim,799,799,0,585487.373,0.994,0.015,0.105,-0.007,39,55,73,48,18,0,56,36,0,0.000,0,0,0.110,0.014,-0.100,-0.040,0.020,-0.004,-0.043,0.999,0.000,-0.014,-0.006,0.000,0.000,0.000,0.000,0,NULL,NULL,,1,0,2,7,255,,250,0,0
stim,799,799,0,585492.373,0.994,0.015,0.105,-0.007,53,87,54,38,39,0,58,12,0,0.000,0,0,0.049,0.014,-0.040,0.020,0.020,-0.004,-0.042,1.000,0.000,-0.014,-0.006,0.000,0.000,0.000,0.000,0,NULL,NULL,,1,0,2,7,255,,250,0,0
stim,799,799,0,585497.373,0.994,0.015,0.105,-0.007,45,61,77,37,25,0,61,30,0,0.000,0,0,0.098,0.010,-0.040,0.080,-0.040,-0.004,-0.041,1.000,0.000,-0.010,0.000,0.000,0.000,0.000,0.000,0,NULL,NULL,,1,0,2,7,255,,250,0,0
stim,799,799,0,585502.373,0.994,0.015,0.105,-0.007,72,85,53,38,37,7,55,13,0,0.000,0,0,0.110,0.000,-0.100,0.020,-0.040,-0.003,-0.041,1.001,0.000,0.000,0.004,0.000,0.000,0.000,0.000,0,NULL,NULL,,1,0,2,7,255,,250,0,0
stim,815,815,0,585507.373,0.994,0.015,0.105,-0.007,67,78,46,29,31,0,31,9,0,0.000,0,0,0.115,0.004,-0.100,-0.040,-0.040,-0.003,-0.042,1.000,0.004,0.000,0.004,0.000,0.000,0.000,0.000,0,NULL,NULL,,1,0,2,7,255,,250,0,0
stim,816,816,0,585512.373,0.994,0.015,0.105,-0.007,88,89,51,69,39,0,37,23,0,0.000,0,0,0.170,0.004,-0.160,-0.040,-0.040,-0.004,-0.041,1.000,0.004,0.000,0.000,0.000,0.000,0.000,0.000,0,NULL,NULL,,1,0,2,7,255,,250,0,0
stim,816,816,0,585517.373,0.994,0.015,0.105,-0.007,23,61,87,57,26,0,51,37,0,0.000,0,0,0.110,0.004,-0.100,-0.040,0.020,-0.003,-0.041,1.000,0.004,0.000,-0.006,0.000,0.000,0.000,0.000,0,NULL,NULL,,1,0,2,7,255,,250,0,0
stim,816,816,0,585522.373,0.994,0.015,0.105,-0.007,77,85,39,68,10,0,27,24,0,0.000,0,0,0.060,0.004,-0.040,0.020,-0.040,-0.003,-0.041,1.000,0.004,0.000,-0.006,0.000,0.000,0.000,0.000,0,NULL,NULL,,1,0,2,7,255,,250,0,0
stim,834,834,0,585527.373,0.994,0.015,0.105,-0.007,72,85,55,51,15,0,39,59,0,0.000,0,0,0.049,0.006,-0.040,0.020,0.020,-0.004,-0.041,1.000,0.004,0.004,-0.006,0.000,0.000,0.000,0.000,0,NULL,NULL,,1,0,2,7,255,,250,0,0
stim,834,834,0,585532.373,0.994,0.015,0.105,-0.007,53,63,83,59,26,0,61,43,0,0.000,0,0,0.110,0.006,-0.100,0.020,-0.040,-0.003,-0.042,1.000,0.004,0.004,0.000,0.000,0.000,0.000,0.000,0,NULL,NULL,,1,0,2,7,255,,250,0,0
stim,835,835,0,585537.373,0.994,0.015,0.105,-0.007,59,61,57,57,18,0,29,37,0,0.000,0,0,0.049,0.007,-0.040,0.020,0.020,-0.005,-0.042,1.000,-0.006,-0.004,0.000,0.000,0.000,0.000,0.000,0,NULL,NULL,,1,0,2,7,255,,250,0,0
stim,835,835,0,585542.373,0.994,0.015,0.105,-0.007,55,87,73,39,39,1,61,16,0,0.000,0,0,0.110,0.006,-0.100,0.020,-0.040,-0.003,-0.042,0.999,0.004,-0.004,-0.004,0.000,0.000,0.000,0.000,0,NULL,NULL,,1,0,2,7,255,,250,0,0
stim,848,848,0,585547.373,0.994,0.015,0.105,-0.007,67,55,69,58,9,0,25,41,0,0.000,0,0,0.049,0.007,-0.040,0.020,0.020,-0.004,-0.041,1.000,-0.006,-0.004,-0.004,0.000,0.000,0.000,0.000,0,NULL,NULL,,1,0,2,7,255,,250,0,0
stim,848,848,0,585552.373,0.994,0.015,0.105,-0.007,61,74,55,47,45,12,41,24,0,0.000,0,0,0.110,0.007,-0.100,-0.040,0.020,-0.004,-0.042,1.001,-0.006,-0.004,0.000,0.000,0.000,0.000,0.000,0,NULL,NULL,,1,0,2,7,255,,250,0,0
stim,879,879,0,585557.373,0.994,0.015,0.105,-0.007,71,81,45,37,29,28,52,7,0,0.000,0,0,0.049,0.007,-0.040,0.020,0.020,-0.005,-0.042,1.000,-0.006,-0.004,0.000,0.000,0.000,0.000,0.000,0,NULL,NULL,,1,0,2,7,255,,250,0,0
stim,879,879,0,585562.373,0.994,0.015,0.105,-0.007,74,87,47,42,26,7,35,16,0,0.000,0,0,0.110,0.011,-0.100,0.020,-0.040,-0.005,-0.040,1.000,-0.010,-0.004,0.004,0.000,0.000,0.000,0.000,0,NULL,NULL,,1,0,2,7,255,,250,0,0
stim,879,879,0,585567.375,0.994,0.015,0.105,-0.007,77,91,79,63,20,0,43,41,0,0.000,0,0,0.104,0.011,-0.100,0.020,0.020,-0.004,-0.042,1.000,-0.010,-0.004,-0.004,0.000,0.000,0.000,0.000,0,NULL,NULL,,1,0,2,7,255,,250,0,0
stim,879,879,0,585572.373,0.994,0.015,0.105,-0.007,77,83,53,61,21,0,39,22,0,0.000,0,0,0.049,0.004,-0.040,0.020,0.020,-0.003,-0.041,0.998,0.000,0.004,-0.004,0.000,0.000,0.000,0.000,0,NULL,NULL,,1,0,2,7,255,,250,0,0
stim,879,879,0,585577.375,0.994,0.015,0.105,-0.007,76,70,57,61,21,5,37,40,0,0.000,0,0,0.060,0.004,-0.040,0.020,-0.040,-0.004,-0.042,1.000,0.000,-0.004,-0.004,0.000,0.000,0.000,0.000,0,NULL,NULL,,1,0,2,7,255,,250,0,0
stim,879,879,0,585582.373,0.994,0.015,0.105,-0.007,74,88,51,41,43,3,56,13,0,0.000,0,0,0.110,0.000,-0.100,-0.040,0.020,-0.004,-0.041,1.001,0.000,0.000,0.000,0.000,0.000,0.000,0.000,0,NULL,NULL,,1,0,2,7,255,,250,0,0
stim,895,895,0,585587.373,0.994,0.015,0.105,-0.007,57,56,43,59,8,0,29,33,0,0.000,0,0,0.049,0.000,-0.040,0.020,0.020,-0.003,-0.041,1.000,0.000,0.000,0.000,0.000,0.000,0.000,0.000,0,NULL,NULL,,1,0,2,7,255,,250,0,0
stim,895,895,0,585592.373,0.994,0.015,0.105,-0.007,45,61,77,37,43,6,63,17,0,0.000,0,0,0.115,0.004,-0.100,-0.040,-0.040,-0.003,-0.042,1.000,0.004,0.000,0.000,0.000,0.000,0.000,0.000,0,NULL,NULL,,1,0,2,7,255,,250,0,0
stim,895,895,0,585597.373,0.994,0.015,0.105,-0.007,40,51,71,31,13,0,59,33,0,0.000,0,0,0.049,0.004,-0.040,0.020,0.020,-0.003,-0.041,1.000,0.004,0.000,0.000,0.000,0.000,0.000,0.000,0,NULL,NULL,,1,0,2,7,255,,250,0,0
stim,895,895,0,585602.373,0.994,0.015,0.105,-0.007,44,56,81,50,19,0,54,31,0,0.000,0,0,0.060,0.006,-0.040,0.020,-0.040,-0.004,-0.042,1.000,0.004,-0.004,0.000,0.000,0.000,0.000,0.000,0,NULL,NULL,,1,0,2,7,255,,250,0,0
stim,911,911,0,585607.373,0.994,0.015,0.105,-0.007,74,87,55,41,44,0,43,13,0,0.000,0,0,0.049,0.006,-0.040,0.020,0.020,-0.003,-0.042,1.001,0.004,-0.004,0.004,0.000,0.000,0.000,0.000,0,NULL,NULL,,1,0,2,7,255,,250,0,0
stim,911,911,0,585612.373,0.994,0.015,0.105,-0.007,76,85,53,61,36,0,37,23,0,0.000,0,0,0.060,0.006,-0.040,0.020,-0.040,-0.003,-0.041,1.000,0.004,-0.004,0.004,0.000,0.000,0.000,0.000,0,NULL,NULL,,1,0,2,7,255,,250,0,0
stim,928,928,0,585617.374,0.994,0.015,0.105,-0.007,72,85,47,40,22,24,53,13,0,0.000,0,0,0.130,0.004,-0.100,0.080,0.020,-0.003,-0.041,1.000,0.004,0.000,0.004,0.000,0.000,0.000,0.000,0,NULL,NULL,,1,0,2,7,255,,250,0,0
stim,928,928,0,585622.373,0.994,0.015,0.105,-0.007,76,83,53,61,39,0,39,23,0,0.000,0,0,0.110,0.007,-0.100,0.020,-0.040,-0.004,-0.041,1.000,0.004,0.006,0.004,0.000,0.000,0.000,0.000,0,NULL,NULL,,1,0,2,7,255,,250,0,0
stim,928,928,0,585627.373,0.994,0.015,0.105,-0.007,39,59,64,29,13,0,48,30,0,0.000,0,0,0.060,0.004,-0.040,-0.040,0.020,-0.003,-0.041,1.000,0.004,0.000,0.000,0.000,0.000,0.000,0.000,0,NULL,NULL,,1,0,2,7,255,,250,0,0
stim,928,928,0,585632.373,0.994,0.015,0.105,-0.007,75,87,53,59,37,5,39,17,0,0.000,0,0,0.060,0.006,-0.040,-0.040,0.020,-0.004,-0.041,0.999,-0.006,0.000,-0.006,0.000,0.000,0.000,0.000,0,NULL,NULL,,1,0,2,7,255,,250,0,0
stim,943,943,0,585637.373,0.994,0.015,0.105,-0.007,45,58,83,37,28,0,68,35,0,0.000,0,0,0.060,0.000,-0.040,0.020,-0.040,-0.004,-0.041,1.000,0.000,0.000,-0.006,0.000,0.000,0.000,0.000,0,NULL,NULL,,1,0,2,7,255,,250,0,0
stim,943,943,0,585642.373,0.994,0.015,0.105,-0.007,44,83,75,37,39,1,61,17,0,0.000,0,0,0.162,0.000,-0.160,0.020,0.020,-0.003,-0.042,1.001,0.000,0.000,0.000,0.000,0.000,0.000,0.000,0,NULL,NULL,,1,0,2,7,255,,250,0,0
stim,975,975,0,585647.373,0.994,0.015,0.105,-0.007,41,83,72,41,29,17,59,8,0,0.000,0,0,0.104,0.000,-0.100,0.020,0.020,-0.004,-0.041,1.001,0.000,0.000,0.014,0.000,0.000,0.000,0.000,0,NULL,NULL,,1,0,2,7,255,,250,0,0
stim,975,975,0,585652.373,0.994,0.015,0.105,-0.007,51,61,81,61,23,0,67,41,0,0.000,0,0,0.110,0.004,-0.100,0.020,-0.040,-0.003,-0.041,1.000,0.004,0.000,0.014,0.000,0.000,0.000,0.000,0,NULL,NULL,,1,0,2,7,255,,250,0,0
stim,975,975,0,585657.373,0.994,0.015,0.105,-0.007,45,55,105,48,21,0,45,29,0,0.000,0,0,0.049,0.004,-0.040,0.020,0.020,-0.003,-0.042,1.000,0.004,0.000,0.000,0.000,0.000,0.000,0.000,0,NULL,NULL,,1,0,2,7,255,,250,0,0
stim,975,975,0,585662.373,0.994,0.015,0.105,-0.007,70,89,54,40,40,3,39,7,0,0.000,0,0,0.130,0.006,-0.100,0.020,0.080,-0.003,-0.042,1.000,0.004,-0.004,-0.002,0.000,0.000,0.000,0.000,0,NULL,NULL,,1,0,2,7,255,,250,0,0
stim,975,975,0,585667.375,0.994,0.015,0.105,-0.007,55,63,72,33,19,0,56,41,0,0.000,0,0,0.060,0.006,-0.040,-0.040,0.020,-0.004,-0.042,1.001,0.004,-0.004,0.000,0.000,0.000,0.000,0.000,0,NULL,NULL,,1,0,2,7,255,,250,0,0
stim,975,975,0,585672.373,0.994,0.015,0.105,-0.007,56,87,77,39,33,2,61,16,0,0.000,0,0,0.104,0.007,-0.100,0.020,0.020,-0.004,-0.041,1.000,-0.006,-0.004,-0.006,0.000,0.000,0.000,0.000,0,NULL,NULL,,1,0,2,7,255,,250,0,0
stim,995,995,0,585677.373,0.994,0.015,0.105,-0.007,54,87,59,39,47,16,69,17,0,0.000,0,0,0.115,0.007,-0.100,-0.040,-0.040,-0.003,-0.042,1.000,-0.006,-0.004,-0.006,0.000,0.000,0.000,0.000,0,NULL,NULL,,1,0,2,7,255,,250,0,0
stim,995,995,0,585682.373,0.994,0.015,0.105,-0.007,60,57,70,57,9,0,31,39,0,0.000,0,0,0.110,0.006,-0.100,0.020,-0.040,-0.003,-0.042,1.000,0.004,-0.004,-0.006,0.000,0.000,0.000,0.000,0,NULL,NULL,,1,0,2,7,255,,250,0,0
stim,995,995,0,585687.373,0.994,0.015,0.105,-0.007,73,87,51,39,38,2,53,13,0,0.000,0,0,0.049,0.006,-0.040,0.020,0.020,-0.003,-0.042,1.000,0.004,-0.004,-0.006,0.000,0.000,0.000,0.000,0,NULL,NULL,,1,0,2,7,255,,250,0,0
stim,995,995,0,585692.373,0.994,0.015,0.105,-0.007,86,73,55,61,22,0,39,39,0,0.000,0,0,0.049,0.006,-0.040,0.020,0.020,-0.004,-0.041,1.000,0.004,-0.004,0.000,0.000,0.000,0.000,0.000,0,NULL,NULL,,1,0,2,7,255,,250,0,0
stim,995,995,0,585697.373,0.994,0.015,0.105,-0.007,67,54,71,57,15,0,30,31,0,0.000,0,0,0.060,0.004,-0.040,0.020,-0.040,-0.004,-0.042,1.001,0.000,-0.004,0.004,0.000,0.000,0.000,0.000,0,NULL,NULL,,1,0,2,7,255,,250,0,0
stim,995,995,0,585702.373,0.994,0.015,0.105,-0.007,47,67,82,39,22,0,61,37,0,0.000,0,0,0.115,0.004,-0.100,-0.040,-0.040,-0.003,-0.042,1.002,0.000,-0.004,0.008,0.000,0.000,0.000,0.000,0,NULL,NULL,,1,0,2,7,255,,250,0,0
stim,1025,1025,0,585707.373,0.994,0.015,0.105,-0.007,67,82,53,45,12,2,30,17,0,0.000,0,0,0.060,0.006,-0.040,0.020,-0.040,-0.003,-0.041,1.000,0.004,-0.004,0.008,0.000,0.000,0.000,0.000,0,NULL,NULL,,1,0,2,7,255,,250,0,0
stim,1025,1025,0,585712.373,0.994,0.015,0.105,-0.007,45,61,79,38,23,0,61,30,0,0.000,0,0,0.110,0.006,-0.100,0.020,-0.040,-0.004,-0.042,0.999,0.004,-0.004,0.004,0.000,0.000,0.000,0.000,0,NULL,NULL,,1,0,2,7,255,,250,0,0
stim,1025,1025,0,585717.374,0.994,0.015,0.105,-0.007,67,74,47,67,17,0,37,43,0,0.000,0,0,0.060,0.004,-0.040,-0.040,0.020,-0.003,-0.041,1.000,0.004,0.000,-0.006,0.000,0.000,0.000,0.000,0,NULL,NULL,,1,0,2,7,255,,250,0,0
stim,1025,1025,0,585722.373,0.994,0.015,0.105,-0.007,75,83,53,61,40,8,40,19,0,0.000,0,0,0.104,0.004,-0.100,0.020,0.020,-0.003,-0.040,1.000,0.004,0.000,-0.006,0.000,0.000,0.000,0.000,0,NULL,NULL,,1,0,2,7,255,,250,0,0
stim,1025,1025,0,585727.373,0.994,0.015,0.105,-0.007,43,67,74,33,17,0,61,29,0,0.000,0,0,0.104,0.011,-0.100,0.020,0.020,-0.003,-0.040,1.001,0.004,0.010,0.004,0.000,0.000,0.000,0.000,0,NULL,NULL,,1,0,2,7,255,,250,0,0
stim,1025,1025,0,585732.373,0.994,0.015,0.105,-0.007,48,59,83,59,27,0,63,41,0,0.000,0,0,0.110,0.011,-0.100,0.020,-0.040,-0.003,-0.041,0.999,0.004,0.010,0.004,0.000,0.000,0.000,0.000,0,NULL,NULL,,1,0,2,7,255,,250,0,0
stim,1039,1039,0,585737.373,0.994,0.015,0.105,-0.007,42,61,75,29,37,0,53,13,0,0.000,0,0,0.104,0.007,-0.100,0.020,0.020,-0.003,-0.041,1.000,0.004,0.006,-0.002,0.000,0.000,0.000,0.000,0,NULL,NULL,,1,0,2,7,255,,250,0,0
stim,1039,1039,0,585742.373,0.994,0.015,0.105,-0.007,51,61,82,60,26,0,63,45,0,0.000,0,0,0.104,0.007,-0.100,0.020,0.020,-0.004,-0.040,1.000,0.004,0.006,-0.002,0.000,0.000,0.000,0.000,0,NULL,NULL,,1,0,2,7,255,,250,0,0
stim,1055,1055,0,585747.373,0.994,0.015,0.105,-0.007,45,59,68,57,10,0,45,33,0,0.000,0,0,0.104,0.006,-0.100,0.020,0.020,-0.004,-0.042,1.000,-0.002,0.006,-0.002,0.000,0.000,0.000,0.000,0,NULL,NULL,,1,0,2,7,255,,250,0,0
stim,1055,1055,0,585752.373,0.994,0.015,0.105,-0.007,43,55,64,37,22,0,84,23,0,0.000,0,0,0.104,0.002,-0.100,0.020,0.020,-0.004,-0.041,1.000,-0.002,0.000,0.000,0.000,0.000,0.000,0.000,0,NULL,NULL,,1,0,2,7,255,,250,0,0
stim,1087,1087,0,585757.373,0.994,0.015,0.105,-0.007,52,61,83,60,25,0,47,43,0,0.000,0,0,0.104,0.008,-0.100,0.020,0.020,-0.003,-0.042,1.001,-0.002,-0.008,0.004,0.000,0.000,0.000,0.000,0,NULL,NULL,,1,0,2,7,255,,250,0,0
stim,1087,1087,0,585762.373,0.994,0.015,0.105,-0.007,73,74,44,56,22,0,39,14,0,0.000,0,0,0.104,0.006,-0.100,0.020,0.020,-0.003,-0.042,1.000,0.004,-0.004,0.000,0.000,0.000,0.000,0.000,0,NULL,NULL,,1,0,2,7,255,,250,0,0
stim,1087,1087,0,585767.374,0.994,0.015,0.105,-0.007,37,59,62,27,39,20,58,9,0,0.000,0,0,0.049,0.011,-0.040,0.020,0.020,-0.002,-0.042,0.999,0.008,-0.008,0.000,0.000,0.000,0.000,0.000,0,NULL,NULL,,1,0,2,7,255,,250,0,0
stim,1087,1087,0,585772.373,0.994,0.015,0.105,-0.007,51,61,81,59,23,0,45,42,0,0.000,0,0,0.049,0.009,-0.040,0.020,0.020,-0.004,-0.042,1.000,0.008,-0.004,-0.006,0.000,0.000,0.000,0.000,0,NULL,NULL,,1,0,2,7,255,,250,0,0
stim,1087,1087,0,585777.377,0.994,0.015,0.105,-0.007,43,79,61,37,33,0,55,7,0,0.000,0,0,0.110,0.011,-0.100,-0.040,0.020,-0.003,-0.042,1.001,0.008,-0.008,-0.006,0.000,0.000,0.000,0.000,0,NULL,NULL,,1,0,2,7,255,,250,0,0
stim,1087,1087,0,585782.373,0.994,0.015,0.105,-0.007,51,61,75,63,21,0,37,41,0,0.000,0,0,0.115,0.004,-0.100,-0.040,-0.040,-0.004,-0.041,1.001,-0.002,-0.004,0.008,0.000,0.000,0.000,0.000,0,NULL,NULL,,1,0,2,7,255,,250,0,0
stim,1103,1103,0,585787.373,0.994,0.015,0.105,-0.007,43,58,85,53,22,0,43,39,0,0.000,0,0,0.104,0.006,-0.100,0.020,0.020,-0.005,-0.041,1.000,-0.006,0.000,0.008,0.000,0.000,0.000,0.000,0,NULL,NULL,,1,0,2,7,255,,250,0,0
stim,1103,1103,0,585792.373,0.994,0.015,0.105,-0.007,45,82,73,39,39,0,61,18,0,0.000,0,0,0.104,0.006,-0.100,0.020,0.020,-0.004,-0.042,1.000,-0.006,0.000,0.000,0.000,0.000,0.000,0.000,0,NULL,NULL,,1,0,2,7,255,,250,0,0
stim,1103,1103,0,585797.373,0.994,0.015,0.105,-0.007,51,59,77,42,24,0,61,41,0,0.000,0,0,0.060,0.007,-0.040,0.020,-0.040,-0.004,-0.042,1.000,-0.006,-0.004,0.000,0.000,0.000,0.000,0.000,0,NULL,NULL,,1,0,2,7,255,,250,0,0
stim,1103,1103,0,585802.373,0.994,0.015,0.105,-0.007,71,62,57,63,20,0,38,41,0,0.000,0,0,0.049,0.004,0.020,-0.040,0.020,-0.003,-0.042,1.000,-0.002,-0.004,0.000,0.000,0.000,0.000,0.000,0,NULL,NULL,,1,0,2,7,255,,250,0,0
stim,1119,1119,0,585807.373,0.994,0.015,0.105,-0.007,41,59,77,48,17,0,39,36,0,0.000,0,0,0.110,0.006,-0.100,0.020,-0.040,-0.002,-0.041,1.001,0.004,-0.004,0.004,0.000,0.000,0.000,0.000,0,NULL,NULL,,1,0,2,7,255,,250,0,0
stim,1119,1119,0,585812.373,0.994,0.015,0.105,-0.007,72,57,45,55,13,10,27,33,0,0.000,0,0,0.049,0.008,-0.040,0.020,0.020,-0.003,-0.041,1.000,0.008,0.002,0.004,0.000,0.000,0.000,0.000,0,NULL,NULL,,1,0,2,7,255,,250,0,0
stim,1119,1119,0,585817.373,0.994,0.015,0.105,-0.007,57,61,40,55,24,0,30,34,0,0.000,0,0,0.110,0.008,-0.100,-0.040,0.020,-0.004,-0.042,1.000,0.008,0.002,0.004,0.000,0.000,0.000,0.000,0,NULL,NULL,,1,0,2,7,255,,250,0,0
stim,1119,1119,0,585822.373,0.994,0.015,0.105,-0.007,45,56,73,43,18,0,54,41,0,0.000,0,0,0.110,0.004,-0.100,-0.040,0.020,-0.004,-0.042,0.999,-0.002,-0.004,0.000,0.000,0.000,0.000,0.000,0,NULL,NULL,,1,0,2,7,255,,250,0,0
stim,1135,1135,0,585827.373,0.994,0.015,0.105,-0.007,68,81,41,41,28,16,47,8,0,0.000,0,0,0.049,0.004,-0.040,0.020,0.020,-0.004,-0.040,0.999,-0.002,-0.004,-0.016,0.000,0.000,0.000,0.000,0,NULL,NULL,,1,0,2,7,255,,250,0,0
stim,1135,1135,0,585832.373,0.994,0.015,0.105,-0.007,55,87,75,39,37,12,53,17,0,0.000,0,0,0.092,0.012,-0.040,0.020,0.080,-0.005,-0.040,1.000,-0.006,0.010,-0.016,0.000,0.000,0.000,0.000,0,NULL,NULL,,1,0,2,7,255,,250,0,0
stim,1135,1135,0,585837.373,0.994,0.015,0.105,-0.007,53,71,75,37,41,3,61,17,0,0.000,0,0,0.110,0.010,-0.100,-0.040,0.020,-0.004,-0.040,1.000,-0.002,0.010,-0.006,0.000,0.000,0.000,0.000,0,NULL,NULL,,1,0,2,7,255,,250,0,0
stim,1135,1135,0,585842.373,0.994,0.015,0.105,-0.007,79,70,50,70,19,0,31,46,0,0.000,0,0,0.166,0.010,-0.160,0.020,-0.040,-0.004,-0.041,1.000,-0.002,0.010,0.000,0.000,0.000,0.000,0.000,0,NULL,NULL,,1,0,2,7,255,,250,0,0
stim,1151,1151,0,585847.373,0.994,0.015,0.105,-0.007,51,63,75,37,24,0,58,35,0,0.000,0,0,0.049,0.002,-0.040,0.020,0.020,-0.004,-0.042,1.000,-0.002,0.000,0.000,0.000,0.000,0.000,0.000,0,NULL,NULL,,1,0,2,7,255,,250,0,0
stim,1151,1151,0,585852.373,0.994,0.015,0.105,-0.007,40,52,75,55,20,0,59,39,0,0.000,0,0,0.104,0.004,-0.100,0.020,0.020,-0.004,-0.042,0.999,-0.002,-0.004,0.000,0.000,0.000,0.000,0.000,0,NULL,NULL,,1,0,2,7,255,,250,0,0
stim,1183,1183,0,585857.373,0.994,0.015,0.105,-0.007,39,57,77,28,33,23,58,7,0,0.000,0,0,0.060,0.008,-0.040,-0.040,0.020,-0.004,-0.042,1.001,-0.002,-0.008,0.000,0.000,0.000,0.000,0.000,0,NULL,NULL,,1,0,2,7,255,,250,0,0
stim,1183,1183,0,585862.373,0.994,0.015,0.105,-0.007,71,79,41,33,28,7,27,7,0,0.000,0,0,0.060,0.008,-0.040,-0.040,0.020,-0.003,-0.042,1.000,-0.002,-0.008,0.000,0.000,0.000,0.000,0.000,0,NULL,NULL,,1,0,2,7,255,,250,0,0
stim,1183,1183,0,585867.375,0.994,0.015,0.105,-0.007,53,61,79,60,25,0,63,43,0,0.000,0,0,0.115,0.009,-0.100,-0.040,-0.040,-0.003,-0.041,1.000,0.004,-0.008,0.000,0.000,0.000,0.000,0.000,0,NULL,NULL,,1,0,2,7,255,,250,0,0
stim,1183,1183,0,585872.373,0.994,0.015,0.105,-0.007,47,63,79,37,39,1,61,16,0,0.000,0,0,0.110,0.004,-0.100,-0.040,0.020,-0.004,-0.041,0.999,0.004,0.000,0.000,0.000,0.000,0.000,0.000,0,NULL,NULL,,1,0,2,7,255,,250,0,0
stim,1183,1183,0,585877.373,0.994,0.015,0.105,-0.007,76,87,43,61,16,0,27,39,0,0.000,0,0,0.069,0.002,-0.040,-0.040,-0.040,-0.004,-0.041,0.999,-0.002,0.000,-0.014,0.000,0.000,0.000,0.000,0,NULL,NULL,,1,0,2,7,255,,250,0,0
stim,1183,1183,0,585882.373,0.994,0.015,0.105,-0.007,76,89,51,45,35,1,36,20,0,0.000,0,0,0.104,0.002,-0.100,0.020,0.020,-0.003,-0.040,1.000,-0.002,0.000,-0.014,0.000,0.000,0.000,0.000,0,NULL,NULL,,1,0,2,7,255,,250,0,0
stim,1199,1199,0,585887.373,0.994,0.015,0.105,-0.007,60,55,44,48,16,0,23,40,0,0.000,0,0,0.110,0.002,-0.100,-0.040,0.020,-0.004,-0.041,1.000,-0.002,0.000,0.000,0.000,0.000,0.000,0.000,0,NULL,NULL,,1,0,2,7,255,,250,0,0
stim,1199,1199,0,585892.373,0.994,0.015,0.105,-0.007,77,85,57,63,23,0,39,39,0,0.000,0,0,0.049,0.013,-0.040,0.020,0.020,-0.003,-0.040,1.000,0.008,0.010,0.004,0.000,0.000,0.000,0.000,0,NULL,NULL,,1,0,2,7,255,,250,0,0
stim,1199,1199,0,585897.373,0.994,0.015,0.105,-0.007,42,53,69,31,15,0,54,27,0,0.000,0,0,0.110,0.006,-0.100,0.020,-0.040,-0.005,-0.041,1.000,-0.002,0.006,0.004,0.000,0.000,0.000,0.000,0,NULL,NULL,,1,0,2,7,255,,250,0,0
stim,1199,1199,0,585902.373,0.994,0.015,0.105,-0.007,43,53,72,41,22,0,83,30,0,0.000,0,0,0.069,0.014,-0.040,-0.040,-0.040,-0.005,-0.040,0.999,-0.010,0.010,0.000,0.000,0.000,0.000,0.000,0,NULL,NULL,,1,0,2,7,255,,250,0,0
stim,1215,1215,0,585907.373,0.994,0.015,0.105,-0.007,51,61,75,59,19,0,59,42,0,0.000,0,0,0.104,0.012,-0.100,0.020,0.020,-0.004,-0.041,0.999,-0.010,0.006,-0.014,0.000,0.000,0.000,0.000,0,NULL,NULL,,1,0,2,7,255,,250,0,0
stim,1215,1215,0,585912.373,0.994,0.015,0.105,-0.007,71,61,55,67,12,0,25,33,0,0.000,0,0,0.049,0.012,0.020,0.020,-0.040,-0.003,-0.040,1.001,-0.006,0.010,-0.014,0.000,0.000,0.000,0.000,0,NULL,NULL,,1,0,2,7,255,,250,0,0
stim,1232,1232,0,585917.373,0.994,0.015,0.105,-0.007,64,89,38,45,31,0,40,5,0,0.000,0,0,0.060,0.008,-0.040,-0.040,0.020,-0.004,-0.041,1.001,-0.006,0.006,0.008,0.000,0.000,0.000,0.000,0,NULL,NULL,,1,0,2,7,255,,250,0,0
stim,1232,1232,0,585922.373,0.994,0.015,0.105,-0.007,51,59,81,59,23,0,45,41,0,0.000,0,0,0.049,0.008,-0.040,0.020,0.020,-0.004,-0.042,1.000,-0.006,0.006,0.008,0.000,0.000,0.000,0.000,0,NULL,NULL,,1,0,2,7,255,,250,0,0
stim,1232,1232,0,585927.373,0.994,0.015,0.105,-0.007,45,64,70,40,13,0,55,39,0,0.000,0,0,0.110,0.007,-0.100,0.020,-0.040,-0.004,-0.042,1.000,-0.006,-0.004,0.004,0.000,0.000,0.000,0.000,0,NULL,NULL,,1,0,2,7,255,,250,0,0
stim,1232,1232,0,585932.373,0.994,0.015,0.105,-0.007,64,87,46,37,35,1,52,9,0,0.000,0,0,0.049,0.004,-0.040,0.020,0.020,-0.004,-0.041,0.999,-0.002,-0.004,0.000,0.000,0.000,0.000,0.000,0,NULL,NULL,,1,0,2,7,255,,250,0,0
stim,1232,1232,0,585937.373,0.994,0.015,0.105,-0.007,74,89,42,58,5,2,25,36,0,0.000,0,0,0.104,0.002,-0.100,0.020,0.020,-0.004,-0.041,0.999,-0.002,0.000,-0.010,0.000,0.000,0.000,0.000,0,NULL,NULL,,1,0,2,7,255,,250,0,0
stim,1232,1232,0,585942.373,0.994,0.015,0.105,-0.007,77,63,57,63,24,0,39,41,0,0.000,0,0,0.049,0.006,0.020,-0.040,0.020,-0.004,-0.042,0.999,-0.006,0.000,-0.010,0.000,0.000,0.000,0.000,0,NULL,NULL,,1,0,2,7,255,,250,0,0
stim,1279,1279,0,585947.373,0.994,0.015,0.105,-0.007,71,54,45,59,19,0,29,31,0,0.000,0,0,0.104,0.006,-0.100,0.020,0.020,-0.003,-0.041,1.000,-0.006,0.000,-0.010,0.000,0.000,0.000,0.000,0,NULL,NULL,,1,0,2,7,255,,250,0,0
stim,1279,1279,0,585952.373,0.994,0.015,0.105,-0.007,51,87,78,39,43,7,68,18,0,0.000,0,0,0.069,0.000,-0.040,-0.040,-0.040,-0.004,-0.041,1.001,0.000,0.000,0.004,0.000,0.000,0.000,0.000,0,NULL,NULL,,1,0,2,7,255,,250,0,0
stim,1279,1279,0,585957.373,0.994,0.015,0.105,-0.007,61,53,53,57,18,0,28,31,0,0.000,0,0,0.110,0.010,-0.100,0.020,-0.040,-0.002,-0.041,1.000,0.008,0.006,0.004,0.000,0.000,0.000,0.000,0,NULL,NULL,,1,0,2,7,255,,250,0,0
stim,1279,1279,0,585962.373,0.994,0.015,0.105,-0.007,51,56,75,55,17,0,57,41,0,0.000,0,0,0.110,0.000,-0.100,0.020,-0.040,-0.004,-0.042,0.999,0.000,0.000,0.000,0.000,0.000,0.000,0.000,0,NULL,NULL,,1,0,2,7,255,,250,0,0
stim,1279,1279,0,585967.375,0.994,0.015,0.105,-0.007,76,91,41,58,28,1,27,19,0,0.000,0,0,0.110,0.009,-0.100,0.020,-0.040,-0.003,-0.042,1.001,0.008,-0.004,0.000,0.000,0.000,0.000,0.000,0,NULL,NULL,,1,0,2,7,255,,250,0,0
stim,1279,1279,0,585972.373,0.994,0.015,0.105,-0.007,61,77,46,35,43,0,48,5,0,0.000,0,0,0.049,0.004,-0.040,0.020,0.020,-0.004,-0.041,1.000,-0.002,-0.004,0.004,0.000,0.000,0.000,0.000,0,NULL,NULL,,1,0,2,7,255,,250,0,0
stim,1295,1295,0,585977.375,0.994,0.015,0.105,-0.007,42,53,71,35,39,0,56,7,0,0.000,0,0,0.104,0.002,-0.100,0.020,0.020,-0.005,-0.041,1.002,-0.002,0.000,0.014,0.000,0.000,0.000,0.000,0,NULL,NULL,,1,0,2,7,255,,250,0,0
stim,1295,1295,0,585982.373,0.994,0.015,0.105,-0.007,79,90,48,42,48,0,61,16,0,0.000,0,0,0.104,0.002,-0.100,0.020,0.020,-0.003,-0.041,1.001,-0.002,0.000,0.008,0.000,0.000,0.000,0.000,0,NULL,NULL,,1,0,2,7,255,,250,0,0
stim,1295,1295,0,585987.375,0.994,0.015,0.105,-0.007,67,78,44,33,36,3,42,9,0,0.000,0,0,0.060,0.004,-0.040,0.020,-0.040,-0.003,-0.042,1.000,0.004,0.000,0.008,0.000,0.000,0.000,0.000,0,NULL,NULL,,1,0,2,7,255,,250,0,0
stim,1295,1295,0,585992.373,0.994,0.015,0.105,-0.007,67,91,75,37,43,6,67,14,0,0.000,0,0,0.104,0.004,-0.100,0.020,0.020,-0.004,-0.041,1.000,0.004,0.000,0.000,0.000,0.000,0.000,0.000,0,NULL,NULL,,1,0,2,7,255,,250,0,0
stim,1295,1295,0,585997.373,0.994,0.015,0.105,-0.007,71,87,47,53,11,0,26,20,0,0.000,0,0,0.049,0.002,-0.040,0.020,0.020,-0.004,-0.041,1.000,-0.002,0.000,0.000,0.000,0.000,0.000,0.000,0,NULL,NULL,,1,0,2,7,255,,250,0,0
stim,1295,1295,0,586002.373,0.994,0.015,0.105,-0.007,40,55,75,37,20,1,53,25,0,0.000,0,0,0.104,0.002,-0.100,0.020,0.020,-0.003,-0.041,1.000,-0.002,0.000,0.000,0.000,0.000,0.000,0.000,0,NULL,NULL,,1,0,2,7,255,,250,0,0
stim,1311,1311,0,586007.373,0.994,0.015,0.105,-0.007,38,69,73,29,28,0,57,6,0,0.000,0,0,0.110,0.004,-0.100,0.020,-0.040,-0.003,-0.041,1.000,0.004,0.000,0.000,0.000,0.000,0.000,0.000,0,NULL,NULL,,1,0,2,7,255,,250,0,0
stim,1311,1311,0,586012.373,0.994,0.015,0.105,-0.007,77,81,45,58,19,0,33,26,0,0.000,0,0,0.104,0.007,-0.100,0.020,0.020,-0.004,-0.041,1.000,0.004,0.006,0.000,0.000,0.000,0.000,0.000,0,NULL,NULL,,1,0,2,7,255,,250,0,0
stim,1327,1327,0,586017.373,0.994,0.015,0.105,-0.007,73,87,53,41,45,7,41,16,0,0.000,0,0,0.104,0.004,-0.100,0.020,0.020,-0.003,-0.042,1.000,0.004,0.000,0.000,0.000,0.000,0.000,0.000,0,NULL,NULL,,1,0,2,7,255,,250,0,0
stim,1327,1327,0,586022.373,0.994,0.015,0.105,-0.007,77,69,57,62,22,0,38,41,0,0.000,0,0,0.104,0.007,-0.100,0.020,0.020,-0.005,-0.042,0.999,-0.006,-0.004,0.000,0.000,0.000,0.000,0.000,0,NULL,NULL,,1,0,2,7,255,,250,0,0
stim,1327,1327,0,586027.373,0.994,0.015,0.105,-0.007,71,82,43,65,16,0,37,15,0,0.000,0,0,0.110,0.004,-0.100,0.020,-0.040,-0.004,-0.041,1.001,0.000,-0.004,0.004,0.000,0.000,0.000,0.000,0,NULL,NULL,,1,0,2,7,255,,250,0,0
stim,1327,1327,0,586032.373,0.994,0.015,0.105,-0.007,63,72,53,60,41,7,39,21,0,0.000,0,0,0.049,0.006,-0.040,0.020,0.020,-0.004,-0.041,1.000,-0.006,0.000,0.004,0.000,0.000,0.000,0.000,0,NULL,NULL,,1,0,2,7,255,,250,0,0
stim,1344,1344,0,586037.373,0.994,0.015,0.105,-0.007,51,81,45,29,37,0,75,11,0,0.000,0,0,0.110,0.000,-0.100,0.020,-0.040,-0.003,-0.042,1.000,0.000,0.000,0.004,0.000,0.000,0.000,0.000,0,NULL,NULL,,1,0,2,7,255,,250,0,0
stim,1344,1344,0,586042.373,0.994,0.015,0.105,-0.007,51,62,78,59,22,0,61,41,0,0.000,0,0,0.049,0.004,-0.040,0.020,0.020,-0.003,-0.041,0.999,0.004,0.000,-0.004,0.000,0.000,0.000,0.000,0,NULL,NULL,,1,0,2,7,255,,250,0,0
stim,1360,1360,0,586047.373,0.994,0.015,0.105,-0.007,61,89,45,31,39,5,51,10,0,0.000,0,0,0.110,0.004,-0.100,0.020,-0.040,-0.004,-0.041,0.999,0.004,0.000,-0.010,0.000,0.000,0.000,0.000,0,NULL,NULL,,1,0,2,7,255,,250,0,0
stim,1360,1360,0,586052.373,0.994,0.015,0.105,-0.007,71,85,51,37,39,1,55,12,0,0.000,0,0,0.049,0.000,-0.040,0.020,0.020,-0.004,-0.042,1.000,0.000,0.000,-0.010,0.000,0.000,0.000,0.000,0,NULL,NULL,,1,0,2,7,255,,250,0,0
stim,1391,1391,0,586057.373,0.994,0.015,0.105,-0.007,77,87,57,63,22,6,39,41,0,0.000,0,0,0.049,0.000,-0.040,0.020,0.020,-0.003,-0.041,1.000,0.000,0.000,-0.004,0.000,0.000,0.000,0.000,0,NULL,NULL,,1,0,2,7,255,,250,0,0
stim,1391,1391,0,586062.373,0.994,0.015,0.105,-0.007,71,83,39,53,53,7,33,11,0,0.000,0,0,0.049,0.000,-0.040,0.020,0.020,-0.004,-0.041,1.001,0.000,0.000,0.004,0.000,0.000,0.000,0.000,0,NULL,NULL,,1,0,2,7,255,,250,0,0
stim,1391,1391,0,586067.375,0.994,0.015,0.105,-0.007,64,53,60,57,17,0,28,31,0,0.000,0,0,0.060,0.000,-0.040,0.020,-0.040,-0.004,-0.042,1.000,0.000,0.000,0.004,0.000,0.000,0.000,0.000,0,NULL,NULL,,1,0,2,7,255,,250,0,0
stim,1391,1391,0,586072.373,0.994,0.015,0.105,-0.007,45,83,75,38,39,1,61,13,0,0.000,0,0,0.060,0.004,-0.040,-0.040,0.020,-0.003,-0.042,1.000,0.000,-0.004,0.004,0.000,0.000,0.000,0.000,0,NULL,NULL,,1,0,2,7,255,,250,0,0
stim,1391,1391,0,586077.374,0.994,0.015,0.105,-0.007,51,69,77,39,43,7,63,17,0,0.000,0,0,0.060,0.008,-0.040,-0.040,0.020,-0.004,-0.042,1.000,0.000,-0.008,0.004,0.000,0.000,0.000,0.000,0,NULL,NULL,,1,0,2,7,255,,250,0,0
stim,1391,1391,0,586082.373,0.994,0.015,0.105,-0.007,73,63,53,61,20,0,37,40,0,0.000,0,0,0.049,0.010,-0.040,0.020,0.020,-0.004,-0.041,1.000,-0.006,-0.008,0.004,0.000,0.000,0.000,0.000,0,NULL,NULL,,1,0,2,7,255,,250,0,0
stim,1391,1391,0,586087.373,0.994,0.015,0.105,-0.007,63,61,60,59,11,0,28,31,0,0.000,0,0,0.110,0.006,-0.100,0.020,-0.040,-0.004,-0.041,1.000,-0.006,0.000,0.000,0.000,0.000,0.000,0.000,0,NULL,NULL,,1,0,2,7,255,,250,0,0
stim,1391,1391,0,586092.373,0.994,0.015,0.105,-0.007,77,85,75,63,24,0,40,40,0,0.000,0,0,0.110,0.006,-0.100,0.020,-0.040,-0.004,-0.041,1.000,-0.006,0.000,0.000,0.000,0.000,0.000,0.000,0,NULL,NULL,,1,0,2,7,255,,250,0,0
stim,1391,1391,0,586097.373,0.994,0.015,0.105,-0.007,69,59,55,61,21,0,37,40,0,0.000,0,0,0.060,0.006,-0.040,-0.040,0.020,-0.004,-0.041,1.000,-0.006,0.000,0.000,0.000,0.000,0.000,0.000,0,NULL,NULL,,1,0,2,7,255,,250,0,0
stim,1391,1391,0,586102.373,0.994,0.015,0.105,-0.007,46,61,79,38,39,1,60,31,0,0.000,0,0,0.110,0.008,-0.100,-0.040,0.020,-0.003,-0.041,1.000,-0.006,0.006,0.000,0.000,0.000,0.000,0.000,0,NULL,NULL,,1,0,2,7,255,,250,0,0
stim,1407,1407,0,586107.373,0.994,0.015,0.105,-0.007,47,69,79,37,11,0,53,25,0,0.000,0,0,0.035,0.000,0.020,0.020,0.020,-0.004,-0.041,1.000,0.000,0.000,0.000,0.000,0.000,0.000,0.000,0,NULL,NULL,,1,0,2,7,255,,250,0,0
stim,1407,1407,0,586112.373,0.994,0.015,0.105,-0.007,97,89,53,69,37,0,39,24,0,0.000,0,0,0.110,0.002,-0.100,0.020,-0.040,-0.004,-0.041,1.001,0.000,0.002,0.004,0.000,0.000,0.000,0.000,0,NULL,NULL,,1,0,2,7,255,,250,0,0
stim,1425,1425,0,586117.373,0.994,0.015,0.105,-0.007,81,91,49,67,29,2,30,21,0,0.000,0,0,0.104,0.002,-0.100,0.020,0.020,-0.004,-0.041,1.001,0.000,0.002,0.008,0.000,0.000,0.000,0.000,0,NULL,NULL,,1,0,2,7,255,,250,0,0
stim,1425,1425,0,586122.373,0.994,0.015,0.105,-0.007,45,62,77,38,43,7,63,16,0,0.000,0,0,0.104,0.002,-0.100,0.020,0.020,-0.003,-0.041,1.000,0.000,0.002,0.008,0.000,0.000,0.000,0.000,0,NULL,NULL,,1,0,2,7,255,,250,0,0
stim,1441,1441,0,586127.373,0.994,0.015,0.105,-0.007,73,86,43,57,7,0,28,39,0,0.000,0,0,0.049,0.000,-0.040,0.020,0.020,-0.004,-0.041,1.000,0.000,0.000,0.000,0.000,0.000,0.000,0.000,0,NULL,NULL,,1,0,2,7,255,,250,0,0
stim,1441,1441,0,586132.373,0.994,0.015,0.105,-0.007,53,87,53,37,39,6,39,12,0,0.000,0,0,0.049,0.008,-0.040,0.020,0.020,-0.003,-0.041,1.000,0.008,0.000,0.000,0.000,0.000,0.000,0.000,0,NULL,NULL,,1,0,2,7,255,,250,0,0
stim,1441,1441,0,586137.373,0.994,0.015,0.105,-0.007,54,87,56,39,41,4,61,17,0,0.000,0,0,0.104,0.007,-0.100,0.020,0.020,-0.003,-0.041,1.000,0.004,0.006,-0.006,0.000,0.000,0.000,0.000,0,NULL,NULL,,1,0,2,7,255,,250,0,0
stim,1441,1441,0,586142.373,0.994,0.015,0.105,-0.007,75,85,57,61,23,0,39,41,0,0.000,0,0,0.104,0.007,-0.100,0.020,0.020,-0.003,-0.041,1.001,0.004,0.006,0.000,0.000,0.000,0.000,0.000,0,NULL,NULL,,1,0,2,7,255,,250,0,0
stim,1456,1456,0,586147.373,0.994,0.015,0.105,-0.007,57,67,61,58,9,0,28,40,0,0.000,0,0,0.110,0.007,-0.100,-0.040,0.020,-0.005,-0.041,1.001,0.004,0.006,0.008,0.000,0.000,0.000,0.000,0,NULL,NULL,,1,0,2,7,255,,250,0,0
stim,1456,1456,0,586152.373,0.994,0.015,0.105,-0.007,51,84,75,38,39,1,61,13,0,0.000,0,0,0.060,0.007,-0.040,0.020,-0.040,-0.004,-0.041,1.000,-0.006,0.004,0.008,0.000,0.000,0.000,0.000,0,NULL,NULL,,1,0,2,7,255,,250,0,0
stim,1488,1488,0,586157.373,0.994,0.015,0.105,-0.007,75,83,47,61,18,0,35,39,0,0.000,0,0,0.049,0.007,-0.040,0.020,0.020,-0.003,-0.041,1.000,-0.006,0.004,0.004,0.000,0.000,0.000,0.000,0,NULL,NULL,,1,0,2,7,255,,250,0,0
stim,1488,1488,0,586162.373,0.994,0.015,0.105,-0.007,51,61,81,63,23,0,45,43,0,0.000,0,0,0.110,0.006,-0.100,0.020,-0.040,-0.004,-0.041,1.000,-0.006,0.000,0.000,0.000,0.000,0.000,0.000,0,NULL,NULL,,1,0,2,7,255,,250,0,0
stim,1488,1488,0,586167.375,0.994,0.015,0.105,-0.007,46,63,81,41,23,0,62,35,0,0.000,0,0,0.049,0.000,-0.040,0.020,0.020,-0.004,-0.041,1.001,0.000,0.000,0.004,0.000,0.000,0.000,0.000,0,NULL,NULL,,1,0,2,7,255,,250,0,0
stim,1488,1488,0,586172.373,0.994,0.015,0.105,-0.007,74,87,53,57,39,6,38,18,0,0.000,0,0,0.104,0.000,-0.100,0.020,0.020,-0.004,-0.041,1.001,0.000,0.000,0.008,0.000,0.000,0.000,0.000,0,NULL,NULL,,1,0,2,7,255,,250,0,0
stim,1488,1488,0,586177.375,0.994,0.015,0.105,-0.007,73,87,50,55,35,1,35,11,0,0.000,0,0,0.104,0.000,-0.100,0.020,0.020,-0.004,-0.041,1.000,0.000,0.000,0.008,0.000,0.000,0.000,0.000,0,NULL,NULL,,1,0,2,7,255,,250,0,0
stim,1488,1488,0,586182.373,0.994,0.015,0.105,-0.007,73,87,55,41,45,8,58,14,0,0.000,0,0,0.110,0.000,-0.100,-0.040,0.020,-0.003,-0.041,0.999,0.000,0.000,0.000,0.000,0.000,0.000,0.000,0,NULL,NULL,,1,0,2,7,255,,250,0,0
stim,1488,1488,0,586187.373,0.994,0.015,0.105,-0.007,76,85,49,61,36,0,35,22,0,0.000,0,0,0.115,0.000,-0.100,-0.040,-0.040,-0.004,-0.041,1.000,0.000,0.000,0.000,0.000,0.000,0.000,0.000,0,NULL,NULL,,1,0,2,7,255,,250,0,0
stim,1488,1488,0,586192.373,0.994,0.015,0.105,-0.007,45,58,79,39,41,5,61,30,0,0.000,0,0,0.110,0.000,-0.100,0.020,-0.040,-0.004,-0.041,1.001,0.000,0.000,0.000,0.000,0.000,0.000,0.000,0,NULL,NULL,,1,0,2,7,255,,250,0,0
stim,1503,1503,0,586197.373,0.994,0.015,0.105,-0.007,77,87,55,67,26,0,42,25,0,0.000,0,0,0.049,0.000,-0.040,0.020,0.020,-0.004,-0.041,1.001,0.000,0.000,0.008,0.000,0.000,0.000,0.000,0,NULL,NULL,,1,0,2,7,255,,250,0,0
stim,1503,1503,0,586202.373,0.994,0.015,0.105,-0.007,74,84,52,59,22,0,39,19,0,0.000,0,0,0.110,0.002,-0.100,0.020,-0.040,-0.003,-0.041,1.001,0.000,0.002,0.008,0.000,0.000,0.000,0.000,0,NULL,NULL,,1,0,2,7,255,,250,0,0
stim,1503,1503,0,586207.373,0.994,0.015,0.105,-0.007,73,89,47,41,25,0,29,7,0,0.000,0,0,0.110,0.004,-0.100,0.020,-0.040,-0.003,-0.042,1.000,0.004,0.002,0.008,0.000,0.000,0.000,0.000,0,NULL,NULL,,1,0,2,7,255,,250,0,0
stim,1503,1503,0,586212.373,0.994,0.015,0.105,-0.007,70,62,55,62,18,0,37,40,0,0.000,0,0,0.104,0.006,-0.100,0.020,0.020,-0.004,-0.042,1.000,0.004,-0.004,0.000,0.000,0.000,0.000,0.000,0,NULL,NULL,,1,0,2,7,255,,250,0,0
stim,1519,1519,0,586217.374,0.994,0.015,0.105,-0.007,72,85,42,54,12,26,33,18,0,0.000,0,0,0.104,0.006,-0.100,0.020,0.020,-0.003,-0.041,1.001,0.004,-0.004,0.000,0.000,0.000,0.000,0.000,0,NULL,NULL,,1,0,2,7,255,,250,0,0
stim,1519,1519,0,586222.373,0.994,0.015,0.105,-0.007,47,63,77,38,39,1,62,30,0,0.000,0,0,0.110,0.010,-0.100,0.020,-0.040,-0.003,-0.041,1.001,0.008,0.006,0.008,0.000,0.000,0.000,0.000,0,NULL,NULL,,1,0,2,7,255,,250,0,0
stim,1535,1535,0,586227.373,0.994,0.015,0.105,-0.007,45,63,79,39,40,1,62,19,0,0.000,0,0,0.104,0.010,-0.100,0.020,0.020,-0.004,-0.041,1.000,0.008,0.006,0.008,0.000,0.000,0.000,0.000,0,NULL,NULL,,1,0,2,7,255,,250,0,0
stim,1535,1535,0,586232.373,0.994,0.015,0.105,-0.007,69,59,56,62,23,0,39,43,0,0.000,0,0,0.104,0.000,-0.100,0.020,0.020,-0.004,-0.042,1.000,0.000,0.000,0.004,0.000,0.000,0.000,0.000,0,NULL,NULL,,1,0,2,7,255,,250,0,0
stim,1535,1535,0,586237.373,0.994,0.015,0.105,-0.007,51,63,83,63,28,0,51,43,0,0.000,0,0,0.060,0.007,-0.040,0.020,-0.040,-0.004,-0.042,0.999,-0.006,-0.004,-0.006,0.000,0.000,0.000,0.000,0,NULL,NULL,,1,0,2,7,255,,250,0,0
stim,1535,1535,0,586242.373,0.994,0.015,0.105,-0.007,67,55,47,59,16,0,31,37,0,0.000,0,0,0.104,0.007,-0.100,0.020,0.020,-0.004,-0.041,1.000,-0.006,-0.004,-0.006,0.000,0.000,0.000,0.000,0,NULL,NULL,,1,0,2,7,255,,250,0,0
stim,1583,1583,0,586247.373,0.994,0.015,0.105,-0.007,47,61,79,39,40,29,62,18,0,0.000,0,0,0.110,0.007,-0.100,-0.040,0.020,-0.004,-0.042,1.001,-0.006,-0.004,-0.006,0.000,0.000,0.000,0.000,0,NULL,NULL,,1,0,2,7,255,,250,0,0
stim,1583,1583,0,586252.373,0.994,0.015,0.105,-0.007,71,61,63,69,17,0,43,42,0,0.000,0,0,0.049,0.004,-0.040,0.020,0.020,-0.004,-0.042,1.000,0.000,-0.004,0.004,0.000,0.000,0.000,0.000,0,NULL,NULL,,1,0,2,7,255,,250,0,0
stim,1583,1583,0,586257.373,0.994,0.015,0.105,-0.007,43,59,69,29,19,0,55,25,0,0.000,0,0,0.104,0.004,-0.100,0.020,0.020,-0.003,-0.042,0.999,0.000,-0.004,0.004,0.000,0.000,0.000,0.000,0,NULL,NULL,,1,0,2,7,255,,250,0,0
stim,1583,1583,0,586262.373,0.994,0.015,0.105,-0.007,41,59,75,57,10,0,57,33,0,0.000,0,0,0.110,0.006,-0.100,0.020,-0.040,-0.003,-0.042,0.999,0.004,-0.004,-0.010,0.000,0.000,0.000,0.000,0,NULL,NULL,,1,0,2,7,255,,250,0,0
stim,1583,1583,0,586267.374,0.994,0.015,0.105,-0.007,41,52,83,59,27,0,47,61,0,0.000,0,0,0.049,0.006,-0.040,0.020,0.020,-0.003,-0.041,0.999,0.004,-0.004,-0.010,0.000,0.000,0.000,0.000,0,NULL,NULL,,1,0,2,7,255,,250,0,0
stim,1583,1583,0,586272.373,0.994,0.015,0.105,-0.007,55,88,75,39,30,1,60,17,0,0.000,0,0,0.110,0.006,-0.100,-0.040,0.020,-0.003,-0.042,1.001,0.004,-0.004,-0.010,0.000,0.000,0.000,0.000,0,NULL,NULL,,1,0,2,7,255,,250,0,0
stim,1599,1599,0,586277.373,0.994,0.015,0.105,-0.007,76,87,52,62,39,5,39,23,0,0.000,0,0,0.110,0.008,-0.100,-0.040,0.020,-0.002,-0.041,1.000,0.008,0.000,0.004,0.000,0.000,0.000,0.000,0,NULL,NULL,,1,0,2,7,255,,250,0,0
stim,1599,1599,0,586282.373,0.994,0.015,0.105,-0.007,73,87,51,41,35,0,37,13,0,0.000,0,0,0.110,0.011,-0.100,0.020,-0.040,-0.004,-0.042,1.000,0.008,-0.008,0.004,0.000,0.000,0.000,0.000,0,NULL,NULL,,1,0,2,7,255,,250,0,0
stim,1599,1599,0,586287.373,0.994,0.015,0.105,-0.007,73,91,47,41,29,0,43,12,0,0.000,0,0,0.104,0.004,-0.100,0.020,0.020,-0.003,-0.041,0.998,0.004,0.000,0.000,0.000,0.000,0.000,0.000,0,NULL,NULL,,1,0,2,7,255,,250,0,0
stim,1599,1599,0,586292.373,0.994,0.015,0.105,-0.007,48,73,79,59,23,0,45,41,0,0.000,0,0,0.115,0.004,-0.100,-0.040,-0.040,-0.004,-0.042,1.000,-0.002,-0.004,0.000,0.000,0.000,0.000,0.000,0,NULL,NULL,,1,0,2,7,255,,250,0,0
stim,1599,1599,0,586297.373,0.994,0.015,0.105,-0.007,41,69,72,43,29,0,55,37,0,0.000,0,0,0.069,0.002,-0.040,-0.040,-0.040,-0.004,-0.041,1.000,-0.002,0.000,0.000,0.000,0.000,0.000,0.000,0,NULL,NULL,,1,0,2,7,255,,250,0,0
stim,1599,1599,0,586302.373,0.994,0.015,0.105,-0.007,73,88,53,41,40,0,55,12,0,0.000,0,0,0.035,0.006,0.020,0.020,0.020,-0.002,-0.041,1.000,-0.002,0.006,0.000,0.000,0.000,0.000,0.000,0,NULL,NULL,,1,0,2,7,255,,250,0,0
stim,1615,1615,0,586307.373,0.994,0.015,0.105,-0.007,47,55,71,54,16,0,38,39,0,0.000,0,0,0.060,0.006,-0.040,0.020,-0.040,-0.004,-0.041,1.000,-0.002,0.006,0.004,0.000,0.000,0.000,0.000,0,NULL,NULL,,1,0,2,7,255,,250,0,0
stim,1615,1615,0,586312.373,0.994,0.015,0.105,-0.007,55,85,77,39,45,7,67,16,0,0.000,0,0,0.104,0.002,-0.100,0.020,0.020,-0.004,-0.042,1.000,-0.002,0.000,0.000,0.000,0.000,0.000,0.000,0,NULL,NULL,,1,0,2,7,255,,250,0,0
stim,1615,1615,0,586317.374,0.994,0.015,0.105,-0.007,52,62,82,59,23,0,45,43,0,0.000,0,0,0.130,0.004,-0.100,0.020,0.080,-0.004,-0.042,0.999,-0.002,-0.004,0.000,0.000,0.000,0.000,0.000,0,NULL,NULL,,1,0,2,7,255,,250,0,0
stim,1615,1615,0,586322.373,0.994,0.015,0.105,-0.007,73,81,39,59,30,0,25,18,0,0.000,0,0,0.115,0.004,-0.100,-0.040,-0.040,-0.004,-0.042,1.000,-0.002,-0.004,-0.006,0.000,0.000,0.000,0.000,0,NULL,NULL,,1,0,2,7,255,,250,0,0
stim,1631,1631,0,586327.373,0.994,0.015,0.105,-0.007,47,61,84,43,31,1,69,42,0,0.000,0,0,0.049,0.004,-0.040,0.020,0.020,-0.003,-0.042,1.001,-0.002,-0.004,-0.006,0.000,0.000,0.000,0.000,0,NULL,NULL,,1,0,2,7,255,,250,0,0
stim,1631,1631,0,586332.373,0.994,0.015,0.105,-0.007,77,68,57,63,23,0,39,41,0,0.000,0,0,0.104,0.006,-0.100,0.020,0.020,-0.003,-0.042,1.000,0.004,-0.004,0.000,0.000,0.000,0.000,0.000,0,NULL,NULL,,1,0,2,7,255,,250,0,0
stim,1647,1647,0,586337.373,0.994,0.015,0.105,-0.007,33,54,69,27,33,7,55,7,0,0.000,0,0,0.104,0.006,-0.100,0.020,0.020,-0.003,-0.040,1.000,0.004,-0.004,0.004,0.000,0.000,0.000,0.000,0,NULL,NULL,,1,0,2,7,255,,250,0,0
stim,1647,1647,0,586342.373,0.994,0.015,0.105,-0.007,72,61,48,68,17,0,31,44,0,0.000,0,0,0.069,0.009,-0.040,-0.040,-0.040,-0.003,-0.042,1.000,0.008,-0.004,0.004,0.000,0.000,0.000,0.000,0,NULL,NULL,,1,0,2,7,255,,250,0,0
stim,1647,1647,0,586347.373,0.994,0.015,0.105,-0.007,47,59,83,47,27,0,67,31,0,0.000,0,0,0.060,0.006,-0.040,-0.040,0.020,-0.003,-0.042,0.999,0.004,-0.004,0.004,0.000,0.000,0.000,0.000,0,NULL,NULL,,1,0,2,7,255,,250,0,0
stim,1647,1647,0,586352.373,0.994,0.015,0.105,-0.007,46,87,62,31,36,6,52,13,0,0.000,0,0,0.104,0.006,-0.100,0.020,0.020,-0.004,-0.042,0.999,0.004,-0.004,-0.010,0.000,0.000,0.000,0.000,0,NULL,NULL,,1,0,2,7,255,,250,0,0
stim,1696,1696,0,586357.373,0.994,0.015,0.105,-0.007,43,52,74,57,17,0,41,38,0,0.000,0,0,0.049,0.006,-0.040,0.020,0.020,-0.003,-0.042,1.000,0.004,-0.004,-0.010,0.000,0.000,0.000,0.000,0,NULL,NULL,,1,0,2,7,255,,250,0,0
stim,1696,1696,0,586362.373,0.994,0.015,0.105,-0.007,52,61,77,63,24,0,41,41,0,0.000,0,0,0.134,0.009,-0.100,0.080,-0.040,-0.002,-0.042,1.001,0.008,-0.004,0.000,0.000,0.000,0.000,0.000,0,NULL,NULL,,1,0,2,7,255,,250,0,0
stim,1696,1696,0,586367.374,0.994,0.015,0.105,-0.007,47,85,64,39,30,18,59,12,0,0.000,0,0,0.104,0.009,-0.100,0.020,0.020,-0.004,-0.041,1.000,0.008,-0.004,0.004,0.000,0.000,0.000,0.000,0,NULL,NULL,,1,0,2,7,255,,250,0,0
stim,1696,1696,0,586372.373,0.994,0.015,0.105,-0.007,75,75,54,39,43,7,56,13,0,0.000,0,0,0.104,0.002,-0.100,0.020,0.020,-0.004,-0.041,1.000,-0.002,0.000,0.004,0.000,0.000,0.000,0.000,0,NULL,NULL,,1,0,2,7,255,,250,0,0
stim,1696,1696,0,586377.377,0.994,0.015,0.105,-0.007,51,61,77,41,19,0,58,41,0,0.000,0,0,0.104,0.006,-0.100,0.020,0.020,-0.004,-0.041,0.999,-0.006,0.000,-0.006,0.000,0.000,0.000,0.000,0,NULL,NULL,,1,0,2,7,255,,250,0,0
stim,1696,1696,0,586382.373,0.994,0.015,0.105,-0.007,51,61,79,61,21,0,43,43,0,0.000,0,0,0.130,0.002,-0.100,0.020,0.080,-0.004,-0.042,1.001,-0.002,0.000,-0.006,0.000,0.000,0.000,0.000,0,NULL,NULL,,1,0,2,7,255,,250,0,0
stim,1696,1696,0,586387.373,0.994,0.015,0.105,-0.007,51,62,79,41,21,0,57,33,0,0.000,0,0,0.162,0.002,-0.160,0.020,0.020,-0.004,-0.041,1.001,-0.002,0.000,0.008,0.000,0.000,0.000,0.000,0,NULL,NULL,,1,0,2,7,255,,250,0,0
stim,1696,1696,0,586392.373,0.994,0.015,0.105,-0.007,53,60,79,67,23,0,61,43,0,0.000,0,0,0.162,0.004,-0.160,0.020,0.020,-0.004,-0.042,1.000,-0.002,-0.004,0.008,0.000,0.000,0.000,0.000,0,NULL,NULL,,1,0,2,7,255,,250,0,0
stim,1711,1711,0,586397.373,0.994,0.015,0.105,-0.007,72,87,55,35,39,2,59,12,0,0.000,0,0,0.115,0.006,-0.100,-0.040,-0.040,-0.003,-0.041,0.999,-0.002,0.006,0.004,0.000,0.000,0.000,0.000,0,NULL,NULL,,1,0,2,7,255,,250,0,0
stim,1711,1711,0,586402.373,0.994,0.015,0.105,-0.007,40,59,75,31,27,0,57,27,0,0.000,0,0,0.060,0.006,-0.040,0.020,-0.040,-0.003,-0.042,1.000,0.004,-0.004,-0.006,0.000,0.000,0.000,0.000,0,NULL,NULL,,1,0,2,7,255,,250,0,0
stim,1711,1711,0,586407.373,0.994,0.015,0.105,-0.007,45,61,73,41,29,0,55,16,0,0.000,0,0,0.060,0.007,-0.040,-0.040,0.020,-0.004,-0.041,1.001,0.004,0.006,-0.006,0.000,0.000,0.000,0.000,0,NULL,NULL,,1,0,2,7,255,,250,0,0
stim,1711,1711,0,586412.373,0.994,0.015,0.105,-0.007,73,78,47,55,19,0,33,15,0,0.000,0,0,0.060,0.004,-0.040,-0.040,0.020,-0.003,-0.041,1.000,0.004,0.002,0.004,0.000,0.000,0.000,0.000,0,NULL,NULL,,1,0,2,7,255,,250,0,0
stim,1727,1727,0,586417.373,0.994,0.015,0.105,-0.007,41,63,72,29,38,0,55,9,0,0.000,0,0,0.110,0.004,-0.100,-0.040,0.020,-0.003,-0.041,1.000,0.004,0.002,0.004,0.000,0.000,0.000,0.000,0,NULL,NULL,,1,0,2,7,255,,250,0,0
stim,1727,1727,0,586422.373,0.994,0.015,0.105,-0.007,73,87,52,41,39,1,54,11,0,0.000,0,0,0.110,0.004,-0.100,0.020,-0.040,-0.004,-0.041,1.000,0.004,0.002,0.004,0.000,0.000,0.000,0.000,0,NULL,NULL,,1,0,2,7,255,,250,0,0
stim,1727,1727,0,586427.373,0.994,0.015,0.105,-0.007,41,59,73,41,33,24,53,39,0,0.000,0,0,0.110,0.006,-0.100,-0.040,0.020,-0.004,-0.042,1.000,-0.006,0.002,0.004,0.000,0.000,0.000,0.000,0,NULL,NULL,,1,0,2,7,255,,250,0,0
stim,1727,1727,0,586432.373,0.994,0.015,0.105,-0.007,51,61,81,61,20,0,45,42,0,0.000,0,0,0.069,0.007,-0.040,-0.040,-0.040,-0.004,-0.042,1.000,-0.006,-0.004,0.000,0.000,0.000,0.000,0.000,0,NULL,NULL,,1,0,2,7,255,,250,0,0
stim,1749,1749,0,586437.373,0.994,0.015,0.105,-0.007,52,75,51,29,33,10,59,17,0,0.000,0,0,0.060,0.004,-0.040,0.020,-0.040,-0.003,-0.041,1.000,-0.002,-0.004,0.000,0.000,0.000,0.000,0.000,0,NULL,NULL,,1,0,2,7,255,,250,0,0
stim,1749,1749,0,586442.373,0.994,0.015,0.105,-0.007,51,61,76,63,23,0,41,43,0,0.000,0,0,0.110,0.007,-0.100,0.020,-0.040,-0.003,-0.041,1.002,0.004,0.006,0.000,0.000,0.000,0.000,0.000,0,NULL,NULL,,1,0,2,7,255,,250,0,0
stim,1749,1749,0,586447.373,0.994,0.015,0.105,-0.007,51,61,83,41,31,0,68,39,0,0.000,0,0,0.110,0.007,-0.100,0.020,-0.040,-0.004,-0.041,1.000,0.004,0.006,0.000,0.000,0.000,0.000,0.000,0,NULL,NULL,,1,0,2,7,255,,250,0,0
stim,1749,1749,0,586452.373,0.994,0.015,0.105,-0.007,63,55,48,66,25,0,30,35,0,0.000,0,0,0.104,0.006,-0.100,0.020,0.020,-0.005,-0.041,1.000,-0.002,0.006,0.000,0.000,0.000,0.000,0.000,0,NULL,NULL,,1,0,2,7,255,,250,0,0
stim,1775,1775,0,586457.373,0.994,0.015,0.105,-0.007,59,83,62,29,24,22,37,1,0,0.000,0,0,0.110,0.002,-0.100,0.020,-0.040,-0.004,-0.041,0.998,-0.002,0.000,-0.006,0.000,0.000,0.000,0.000,0,NULL,NULL,,1,0,2,7,255,,250,0,0
stim,1775,1775,0,586462.373,0.994,0.015,0.105,-0.007,47,83,70,37,33,4,46,13,0,0.000,0,0,0.060,0.002,-0.040,0.020,-0.040,-0.003,-0.041,1.001,-0.002,0.000,0.000,0.000,0.000,0.000,0.000,0,NULL,NULL,,1,0,2,7,255,,250,0,0
stim,1775,1775,0,586467.375,0.994,0.015,0.105,-0.007,45,63,79,37,22,0,60,31,0,0.000,0,0,0.049,0.008,-0.040,0.020,0.020,-0.003,-0.041,1.000,0.008,0.002,0.004,0.000,0.000,0.000,0.000,0,NULL,NULL,,1,0,2,7,255,,250,0,0
stim,1775,1775,0,586472.373,0.994,0.015,0.105,-0.007,77,74,53,61,23,0,39,41,0,0.000,0,0,0.060,0.008,-0.040,-0.040,0.020,-0.004,-0.042,1.000,0.008,0.002,0.004,0.000,0.000,0.000,0.000,0,NULL,NULL,,1,0,2,7,255,,250,0,0
stim,1775,1775,0,586477.373,0.994,0.015,0.105,-0.007,45,54,70,55,16,0,38,37,0,0.000,0,0,0.049,0.004,-0.040,0.020,0.020,-0.003,-0.041,1.000,0.004,0.000,0.000,0.000,0.000,0.000,0.000,0,NULL,NULL,,1,0,2,7,255,,250,0,0
stim,1775,1775,0,586482.373,0.994,0.015,0.105,-0.007,45,69,73,37,40,1,61,13,0,0.000,0,0,0.104,0.002,-0.100,0.020,0.020,-0.004,-0.041,0.999,-0.002,0.000,-0.006,0.000,0.000,0.000,0.000,0,NULL,NULL,,1,0,2,7,255,,250,0,0
stim,1791,1791,0,586487.373,0.994,0.015,0.105,-0.007,64,85,43,51,61,3,30,11,0,0.000,0,0,0.104,0.004,-0.100,0.020,0.020,-0.003,-0.042,1.000,0.004,0.000,-0.006,0.000,0.000,0.000,0.000,0,NULL,NULL,,1,0,2,7,255,,250,0,0
stim,1791,1791,0,586492.373,0.994,0.015,0.105,-0.007,41,85,62,29,25,0,56,8,0,0.000,0,0,0.110,0.004,-0.100,0.020,-0.040,-0.004,-0.042,1.000,-0.002,-0.004,0.000,0.000,0.000,0.000,0.000,0,NULL,NULL,,1,0,2,7,255,,250,0,0
stim,1808,1808,0,586497.373,0.994,0.015,0.105,-0.007,45,59,70,41,20,0,53,41,0,0.000,0,0,0.115,0.006,-0.100,-0.040,-0.040,-0.003,-0.042,1.001,0.004,-0.004,0.000,0.000,0.000,0.000,0.000,0,NULL,NULL,,1,0,2,7,255,,250,0,0
stim,1808,1808,0,586502.373,0.994,0.015,0.105,-0.007,55,68,51,68,9,0,41,45,0,0.000,0,0,0.110,0.004,-0.100,0.020,-0.040,-0.004,-0.042,1.000,-0.002,-0.004,0.004,0.000,0.000,0.000,0.000,0,NULL,NULL,,1,0,2,7,255,,250,0,0
stim,1808,1808,0,586507.373,0.994,0.015,0.105,-0.007,59,55,64,54,12,0,37,37,0,0.000,0,0,0.049,0.004,-0.040,0.020,0.020,-0.004,-0.042,0.999,-0.002,-0.004,0.004,0.000,0.000,0.000,0.000,0,NULL,NULL,,1,0,2,7,255,,250,0,0
stim,1808,1808,0,586512.373,0.994,0.015,0.105,-0.007,76,85,54,63,41,0,39,23,0,0.000,0,0,0.104,0.008,-0.100,0.020,0.020,-0.004,-0.042,0.999,-0.002,-0.008,-0.010,0.000,0.000,0.000,0.000,0,NULL,NULL,,1,0,2,7,255,,250,0,0
stim,1823,1823,0,586517.373,0.994,0.015,0.105,-0.007,50,74,61,35,35,20,57,16,0,0.000,0,0,0.110,0.010,-0.100,-0.040,0.020,-0.004,-0.041,1.001,-0.006,-0.008,-0.010,0.000,0.000,0.000,0.000,0,NULL,NULL,,1,0,2,7,255,,250,0,0
stim,1823,1823,0,586522.373,0.994,0.015,0.105,-0.007,47,61,78,41,21,1,60,39,0,0.000,0,0,0.104,0.007,-0.100,0.020,0.020,-0.003,-0.042,1.000,-0.006,-0.004,0.000,0.000,0.000,0.000,0.000,0,NULL,NULL,,1,0,2,7,255,,250,0,0
stim,1844,1844,0,586527.373,0.994,0.015,0.105,-0.007,46,63,79,40,22,0,60,33,0,0.000,0,0,0.049,0.004,-0.040,0.020,0.020,-0.003,-0.040,1.000,0.004,0.002,0.000,0.000,0.000,0.000,0.000,0,NULL,NULL,,1,0,2,7,255,,250,0,0
stim,1844,1844,0,586532.373,0.994,0.015,0.105,-0.007,52,60,79,59,19,0,57,43,0,0.000,0,0,0.115,0.004,-0.100,-0.040,-0.040,-0.004,-0.041,1.000,0.004,0.002,0.000,0.000,0.000,0.000,0.000,0,NULL,NULL,,1,0,2,7,255,,250,0,0
stim,1844,1844,0,586537.373,0.994,0.015,0.105,-0.007,46,62,84,41,47,0,69,37,0,0.000,0,0,0.110,0.003,-0.100,0.020,-0.040,-0.004,-0.042,0.999,-0.002,0.002,-0.002,0.000,0.000,0.000,0.000,0,NULL,NULL,,1,0,2,7,255,,250,0,0
stim,1844,1844,0,586542.373,0.994,0.015,0.105,-0.007,45,63,79,38,39,1,61,31,0,0.000,0,0,0.104,0.008,-0.100,0.020,0.020,-0.003,-0.042,1.000,-0.002,-0.008,0.000,0.000,0.000,0.000,0.000,0,NULL,NULL,,1,0,2,7,255,,250,0,0
stim,1874,1874,0,586547.373,0.994,0.015,0.105,-0.007,77,51,55,63,18,0,36,40,0,0.000,0,0,0.060,0.009,-0.040,0.020,-0.040,-0.003,-0.041,1.002,0.004,-0.008,0.004,0.000,0.000,0.000,0.000,0,NULL,NULL,,1,0,2,7,255,,250,0,0
stim,1874,1874,0,586552.373,0.994,0.015,0.105,-0.007,53,61,74,63,37,0,58,45,0,0.000,0,0,0.110,0.004,-0.100,0.020,-0.040,-0.003,-0.041,1.000,0.004,0.002,0.004,0.000,0.000,0.000,0.000,0,NULL,NULL,,1,0,2,7,255,,250,0,0
stim,1903,1903,0,586557.373,0.994,0.015,0.105,-0.007,46,55,70,54,11,0,59,33,0,0.000,0,0,0.115,0.007,-0.100,-0.040,-0.040,-0.004,-0.041,1.000,0.004,0.006,0.000,0.000,0.000,0.000,0.000,0,NULL,NULL,,1,0,2,7,255,,250,0,0
stim,1903,1903,0,586562.373,0.994,0.015,0.105,-0.007,73,78,42,59,34,7,27,18,0,0.000,0,0,0.049,0.007,-0.040,0.020,0.020,-0.003,-0.042,1.000,0.004,0.006,0.000,0.000,0.000,0.000,0.000,0,NULL,NULL,,1,0,2,7,255,,250,0,0
stim,1903,1903,0,586567.375,0.994,0.015,0.105,-0.007,41,52,74,55,12,0,41,33,0,0.000,0,0,0.115,0.010,-0.100,-0.040,-0.040,-0.004,-0.042,0.999,-0.006,-0.008,0.000,0.000,0.000,0.000,0.000,0,NULL,NULL,,1,0,2,7,255,,250,0,0
stim,1903,1903,0,586572.373,0.994,0.015,0.105,-0.007,53,61,79,59,23,0,45,40,0,0.000,0,0,0.060,0.009,-0.040,0.020,-0.040,-0.003,-0.041,1.000,0.004,-0.008,0.000,0.000,0.000,0.000,0.000,0,NULL,NULL,,1,0,2,7,255,,250,0,0
stim,1903,1903,0,586577.375,0.994,0.015,0.105,-0.007,68,78,53,55,29,0,28,19,0,0.000,0,0,0.049,0.006,-0.040,0.020,0.020,-0.003,-0.042,1.000,0.004,-0.004,0.000,0.000,0.000,0.000,0.000,0,NULL,NULL,,1,0,2,7,255,,250,0,0
stim,1903,1903,0,586582.373,0.994,0.015,0.105,-0.007,75,87,53,42,41,3,39,12,0,0.000,0,0,0.110,0.006,-0.100,0.020,-0.040,-0.003,-0.042,1.000,0.004,-0.004,0.000,0.000,0.000,0.000,0.000,0,NULL,NULL,,1,0,2,7,255,,250,0,0
stim,1903,1903,0,586587.373,0.994,0.015,0.105,-0.007,44,57,73,41,22,0,59,40,0,0.000,0,0,0.104,0.006,-0.100,0.020,0.020,-0.004,-0.042,1.000,0.004,-0.004,-0.006,0.000,0.000,0.000,0.000,0,NULL,NULL,,1,0,2,7,255,,250,0,0
stim,1903,1903,0,586592.373,0.994,0.015,0.105,-0.007,77,86,55,63,19,0,37,41,0,0.000,0,0,0.110,0.004,-0.100,-0.040,0.020,-0.004,-0.041,1.001,-0.002,-0.004,-0.006,0.000,0.000,0.000,0.000,0,NULL,NULL,,1,0,2,7,255,,250,0,0
stim,1903,1903,0,586597.373,0.994,0.015,0.105,-0.007,54,77,62,30,39,1,57,6,0,0.000,0,0,0.161,0.004,-0.040,-0.120,-0.100,-0.003,-0.042,1.000,-0.002,-0.004,0.000,0.000,0.000,0.000,0.000,0,NULL,NULL,,1,0,2,7,255,,250,0,0
stim,1903,1903,0,586602.373,0.994,0.015,0.105,-0.007,71,61,69,63,9,0,27,42,0,0.000,0,0,0.060,0.006,-0.040,0.020,-0.040,-0.004,-0.041,1.001,-0.006,0.002,0.008,0.000,0.000,0.000,0.000,0,NULL,NULL,,1,0,2,7,255,,250,0,0
stim,1903,1903,0,586607.373,0.994,0.015,0.105,-0.007,72,87,47,55,33,0,35,11,0,0.000,0,0,0.049,0.006,-0.040,0.020,0.020,-0.004,-0.041,1.000,-0.002,0.006,0.000,0.000,0.000,0.000,0.000,0,NULL,NULL,,1,0,2,7,255,,250,0,0
stim,1903,1903,0,586612.373,0.994,0.015,0.105,-0.007,53,87,75,37,38,0,59,16,0,0.000,0,0,0.049,0.008,-0.040,0.020,0.020,-0.004,-0.041,1.000,-0.006,0.006,0.004,0.000,0.000,0.000,0.000,0,NULL,NULL,,1,0,2,7,255,,250,0,0
stim,1919,1919,0,586617.374,0.994,0.015,0.105,-0.007,37,48,76,38,31,21,56,18,0,0.000,0,0,0.110,0.006,-0.100,0.020,-0.040,-0.003,-0.040,1.000,-0.002,0.006,-0.006,0.000,0.000,0.000,0.000,0,NULL,NULL,,1,0,2,7,255,,250,0,0
stim,1919,1919,0,586622.373,0.994,0.015,0.105,-0.007,72,70,56,70,21,0,39,39,0,0.000,0,0,0.104,0.007,-0.100,0.020,0.020,-0.003,-0.041,1.000,0.004,0.006,0.000,0.000,0.000,0.000,0.000,0,NULL,NULL,,1,0,2,7,255,,250,0,0
stim,1935,1935,0,586627.373,0.994,0.015,0.105,-0.007,75,87,51,59,39,5,39,16,0,0.000,0,0,0.130,0.007,-0.100,0.080,0.020,-0.004,-0.042,1.000,0.004,0.006,0.000,0.000,0.000,0.000,0.000,0,NULL,NULL,,1,0,2,7,255,,250,0,0
stim,1935,1935,0,586632.373,0.994,0.015,0.105,-0.007,73,79,44,60,27,6,33,17,0,0.000,0,0,0.104,0.006,-0.100,0.020,0.020,-0.005,-0.041,1.001,-0.002,0.006,0.004,0.000,0.000,0.000,0.000,0,NULL,NULL,,1,0,2,7,255,,250,0,0
stim,1951,1951,0,586637.373,0.994,0.015,0.105,-0.007,67,85,47,63,27,0,28,16,0,0.000,0,0,0.110,0.003,-0.100,0.020,-0.040,-0.003,-0.041,1.000,-0.002,0.002,0.004,0.000,0.000,0.000,0.000,0,NULL,NULL,,1,0,2,7,255,,250,0,0
stim,1951,1951,0,586642.373,0.994,0.015,0.105,-0.007,71,63,81,67,18,0,41,45,0,0.000,0,0,0.104,0.008,-0.100,0.020,0.020,-0.003,-0.041,1.000,0.008,0.002,0.000,0.000,0.000,0.000,0.000,0,NULL,NULL,,1,0,2,7,255,,250,0,0
stim,1951,1951,0,586647.373,0.994,0.015,0.104,-0.007,47,57,71,33,15,0,54,37,0,0.000,0,0,0.049,0.008,-0.040,0.020,0.020,-0.003,-0.042,1.000,0.008,0.002,0.000,0.000,0.000,0.000,0.000,0,NULL,NULL,,1,0,2,7,255,,250,0,0
stim,1951,1951,0,586652.373,0.994,0.015,0.104,-0.007,71,62,62,69,29,0,46,45,0,0.000,0,0,0.049,0.004,-0.040,0.020,0.020,-0.003,-0.041,1.000,0.004,0.002,0.000,0.000,0.000,0.000,0.000,0,NULL,NULL,,1,0,2,7,255,,250,0,0
stim,1985,1985,0,586657.373,0.994,0.015,0.104,-0.007,63,52,45,55,7,0,25,27,0,0.000,0,0,0.115,0.004,-0.100,-0.040,-0.040,-0.004,-0.041,1.000,0.004,0.002,0.004,0.000,0.000,0.000,0.000,0,NULL,NULL,,1,0,2,7,255,,250,0,0
stim,1985,1985,0,586662.373,0.994,0.015,0.104,-0.007,45,51,72,71,13,0,40,35,0,0.000,0,0,0.104,0.006,-0.100,0.020,0.020,-0.004,-0.041,1.000,-0.002,0.006,-0.006,0.000,0.000,0.000,0.000,0,NULL,NULL,,1,0,2,7,255,,250,0,0
stim,1986,1986,0,586667.375,0.994,0.015,0.104,-0.007,69,80,47,31,30,22,54,9,0,0.000,0,0,0.104,0.006,-0.100,0.020,0.020,-0.004,-0.041,1.000,-0.002,0.006,-0.006,0.000,0.000,0.000,0.000,0,NULL,NULL,,1,0,2,7,255,,250,0,0
stim,1986,1986,0,586672.373,0.994,0.015,0.104,-0.007,69,61,57,61,20,0,37,41,0,0.000,0,0,0.110,0.002,-0.100,0.020,-0.040,-0.004,-0.042,1.000,-0.002,0.000,-0.006,0.000,0.000,0.000,0.000,0,NULL,NULL,,1,0,2,7,255,,250,0,0
stim,1987,1987,0,586677.373,0.994,0.015,0.104,-0.007,60,52,44,59,6,0,30,35,0,0.000,0,0,0.104,0.004,-0.100,0.020,0.020,-0.004,-0.042,1.000,-0.002,-0.004,-0.006,0.000,0.000,0.000,0.000,0,NULL,NULL,,1,0,2,7,255,,250,0,0
stim,1987,1987,0,586682.373,0.994,0.015,0.104,-0.007,47,68,83,39,45,8,68,19,0,0.000,0,0,0.110,0.004,-0.100,0.020,-0.040,-0.004,-0.042,1.001,-0.002,-0.004,0.004,0.000,0.000,0.000,0.000,0,NULL,NULL,,1,0,2,7,255,,250,0,0
stim,1999,1999,0,586687.373,0.994,0.015,0.104,-0.007,45,76,75,29,45,0,59,9,0,0.000,0,0,0.049,0.003,-0.040,0.020,0.020,-0.003,-0.040,1.001,-0.002,-0.002,0.008,0.000,0.000,0.000,0.000,0,NULL,NULL,,1,0,2,7,255,,250,0,0
stim,1999,1999,0,586692.373,0.994,0.015,0.104,-0.007,72,67,57,62,23,0,39,39,0,0.000,0,0,0.060,0.007,-0.040,0.020,-0.040,-0.003,-0.041,1.000,0.004,0.006,0.008,0.000,0.000,0.000,0.000,0,NULL,NULL,,1,0,2,7,255,,250,0,0
stim,1999,1999,0,586697.373,0.994,0.015,0.104,-0.007,61,61,53,67,9,0,29,35,0,0.000,0,0,0.110,0.007,-0.100,0.020,-0.040,-0.004,-0.042,1.000,0.004,0.006,0.004,0.000,0.000,0.000,0.000,0,NULL,NULL,,1,0,2,7,255,,250,0,0
stim,1999,1999,0,586702.373,0.994,0.015,0.104,-0.007,75,87,53,59,11,25,5,17,0,0.000,0,0,0.049,0.004,-0.040,0.020,0.020,-0.004,-0.042,1.000,-0.002,-0.004,0.000,0.000,0.000,0.000,0.000,0,NULL,NULL,,1,0,2,7,255,,250,0,0
stim,2015,2015,0,586707.373,0.994,0.015,0.104,-0.007,39,87,69,23,45,2,48,5,0,0.000,0,0,0.166,0.004,-0.160,0.020,-0.040,-0.003,-0.041,1.000,-0.002,-0.004,0.000,0.000,0.000,0.000,0.000,0,NULL,NULL,,1,0,2,7,255,,250,0,0
stim,2015,2015,0,586712.373,0.994,0.015,0.104,-0.007,57,57,73,83,19,0,39,39,0,0.000,0,0,0.104,0.006,-0.100,0.020,0.020,-0.004,-0.041,1.001,-0.006,0.002,0.004,0.000,0.000,0.000,0.000,0,NULL,NULL,,1,0,2,7,255,,250,0,0
stim,2015,2015,0,586717.373,0.994,0.015,0.104,-0.007,21,62,63,35,13,0,52,26,0,0.000,0,0,0.110,0.003,-0.100,0.020,-0.040,-0.004,-0.041,1.000,-0.002,0.002,0.004,0.000,0.000,0.000,0.000,0,NULL,NULL,,1,0,2,7,255,,250,0,0
stim,2015,2015,0,586722.373,0.994,0.015,0.104,-0.007,41,52,83,46,26,7,68,33,0,0.000,0,0,0.049,0.003,-0.040,0.020,0.020,-0.003,-0.041,1.000,-0.002,0.002,0.000,0.000,0.000,0.000,0.000,0,NULL,NULL,,1,0,2,7,255,,250,0,0
stim,2031,2031,0,586727.373,0.994,0.015,0.104,-0.007,71,85,41,47,29,0,33,6,0,0.000,0,0,0.130,0.003,-0.100,0.080,0.020,-0.004,-0.041,0.999,-0.002,0.002,-0.006,0.000,0.000,0.000,0.000,0,NULL,NULL,,1,0,2,7,255,,250,0,0
stim,2031,2031,0,586732.373,0.994,0.015,0.104,-0.007,45,61,52,37,39,1,53,13,0,0.000,0,0,0.110,0.003,-0.100,0.020,-0.040,-0.004,-0.042,1.000,-0.002,0.002,0.000,0.000,0.000,0.000,0.000,0,NULL,NULL,,1,0,2,7,255,,250,0,0
stim,2047,2047,0,586737.373,0.994,0.015,0.104,-0.007,40,67,73,39,11,0,53,33,0,0.000,0,0,0.104,0.003,-0.100,0.020,0.020,-0.004,-0.041,1.000,-0.002,0.002,0.004,0.000,0.000,0.000,0.000,0,NULL,NULL,,1,0,2,7,255,,250,0,0
stim,2047,2047,0,586742.373,0.994,0.015,0.104,-0.007,74,87,51,41,39,0,39,12,0,0.000,0,0,0.060,0.003,-0.040,0.020,-0.040,-0.004,-0.041,1.001,-0.002,0.002,0.004,0.000,0.000,0.000,0.000,0,NULL,NULL,,1,0,2,7,255,,250,0,0
stim,2047,2047,0,586747.373,0.994,0.015,0.104,-0.007,70,68,73,59,16,0,28,33,0,0.000,0,0,0.134,0.003,-0.100,-0.040,0.080,-0.004,-0.042,1.000,-0.002,0.002,0.004,0.000,0.000,0.000,0.000,0,NULL,NULL,,1,0,2,7,255,,250,0,0
stim,2047,2047,0,586752.373,0.994,0.015,0.104,-0.007,57,57,78,59,20,0,43,41,0,0.000,0,0,0.049,0.008,-0.040,0.020,0.020,-0.005,-0.042,1.000,-0.002,-0.008,0.000,0.000,0.000,0.000,0.000,0,NULL,NULL,,1,0,2,7,255,,250,0,0
stim,2080,2080,0,586757.373,0.994,0.015,0.104,-0.007,69,85,47,29,33,25,50,6,0,0.000,0,0,0.035,0.008,0.020,0.020,0.020,-0.004,-0.042,1.001,-0.002,-0.008,0.000,0.000,0.000,0.000,0.000,0,NULL,NULL,,1,0,2,7,255,,250,0,0
stim,2080,2080,0,586762.373,0.994,0.015,0.104,-0.007,51,61,75,59,18,0,50,40,0,0.000,0,0,0.104,0.004,-0.100,0.020,0.020,-0.003,-0.041,1.002,-0.002,-0.004,0.008,0.000,0.000,0.000,0.000,0,NULL,NULL,,1,0,2,7,255,,250,0,0
stim,2080,2080,0,586767.376,0.994,0.015,0.104,-0.007,51,79,47,31,43,6,57,8,0,0.000,0,0,0.104,0.006,-0.100,0.020,0.020,-0.002,-0.042,1.000,0.004,-0.004,0.008,0.000,0.000,0.000,0.000,0,NULL,NULL,,1,0,2,7,255,,250,0,0
stim,2080,2080,0,586772.373,0.994,0.015,0.104,-0.007,41,59,75,29,35,0,53,10,0,0.000,0,0,0.104,0.004,-0.100,0.020,0.020,-0.004,-0.041,1.001,0.004,0.002,0.008,0.000,0.000,0.000,0.000,0,NULL,NULL,,1,0,2,7,255,,250,0,0
stim,2080,2080,0,586777.375,0.994,0.015,0.104,-0.007,43,61,73,42,24,0,60,41,0,0.000,0,0,0.110,0.002,-0.100,0.020,-0.040,-0.004,-0.041,0.999,-0.002,0.000,-0.006,0.000,0.000,0.000,0.000,0,NULL,NULL,,1,0,2,7,255,,250,0,0
stim,2080,2080,0,586782.373,0.994,0.015,0.104,-0.007,77,71,53,67,21,0,38,41,0,0.000,0,0,0.060,0.002,0.020,-0.040,-0.040,-0.002,-0.042,0.999,-0.002,0.000,-0.010,0.000,0.000,0.000,0.000,0,NULL,NULL,,1,0,2,7,255,,250,0,0
stim,2095,2095,0,586787.373,0.994,0.015,0.104,-0.007,75,81,43,55,47,4,25,9,0,0.000,0,0,0.104,0.004,-0.100,0.020,0.020,-0.003,-0.041,1.000,0.004,0.000,-0.010,0.000,0.000,0.000,0.000,0,NULL,NULL,,1,0,2,7,255,,250,0,0
stim,2095,2095,0,586792.373,0.994,0.015,0.104,-0.007,51,61,83,61,22,0,55,43,0,0.000,0,0,0.049,0.004,-0.040,0.020,0.020,-0.004,-0.041,1.001,0.004,0.002,-0.002,0.000,0.000,0.000,0.000,0,NULL,NULL,,1,0,2,7,255,,250,0,0
stim,2095,2095,0,586797.373,0.994,0.015,0.104,-0.007,47,60,83,41,27,0,63,33,0,0.000,0,0,0.104,0.004,-0.100,0.020,0.020,-0.003,-0.042,1.000,0.004,0.002,0.004,0.000,0.000,0.000,0.000,0,NULL,NULL,,1,0,2,7,255,,250,0,0
stim,2095,2095,0,586802.373,0.994,0.015,0.104,-0.007,71,61,81,67,22,0,47,43,0,0.000,0,0,0.049,0.004,-0.040,0.020,0.020,-0.003,-0.041,1.000,0.004,0.002,0.004,0.000,0.000,0.000,0.000,0,NULL,NULL,,1,0,2,7,255,,250,0,0
stim,2111,2111,0,586807.373,0.994,0.015,0.104,-0.007,72,87,52,41,31,0,53,10,0,0.000,0,0,0.104,0.006,-0.100,0.020,0.020,-0.003,-0.042,1.000,0.004,-0.004,0.000,0.000,0.000,0.000,0.000,0,NULL,NULL,,1,0,2,7,255,,250,0,0
stim,2111,2111,0,586812.373,0.994,0.015,0.104,-0.007,54,63,79,67,16,0,55,41,0,0.000,0,0,0.104,0.006,-0.100,0.020,0.020,-0.004,-0.042,1.000,0.004,-0.004,0.000,0.000,0.000,0.000,0.000,0,NULL,NULL,,1,0,2,7,255,,250,0,0
stim,2127,2127,0,586817.374,0.994,0.015,0.104,-0.007,73,83,50,57,9,18,35,16,0,0.000,0,0,0.110,0.006,-0.100,0.020,-0.040,-0.003,-0.041,1.000,0.004,-0.004,0.000,0.000,0.000,0.000,0.000,0,NULL,NULL,,1,0,2,7,255,,250,0,0
stim,2127,2127,0,586822.373,0.994,0.015,0.104,-0.007,51,60,78,59,21,0,61,42,0,0.000,0,0,0.115,0.006,-0.100,-0.040,-0.040,-0.004,-0.040,1.000,-0.002,0.006,-0.002,0.000,0.000,0.000,0.000,0,NULL,NULL,,1,0,2,7,255,,250,0,0
stim,2127,2127,0,586827.373,0.994,0.015,0.104,-0.007,47,59,72,30,21,0,53,28,0,0.000,0,0,0.115,0.006,-0.100,-0.040,-0.040,-0.004,-0.042,0.999,-0.002,0.006,-0.006,0.000,0.000,0.000,0.000,0,NULL,NULL,,1,0,2,7,255,,250,0,0
stim,2127,2127,0,586832.373,0.994,0.015,0.104,-0.007,55,85,59,39,43,8,67,16,0,0.000,0,0,0.104,0.008,-0.100,0.020,0.020,-0.004,-0.042,1.000,-0.002,-0.008,-0.006,0.000,0.000,0.000,0.000,0,NULL,NULL,,1,0,2,7,255,,250,0,0
stim,2144,2144,0,586837.373,0.994,0.015,0.104,-0.007,45,59,71,37,47,0,69,11,0,0.000,0,0,0.060,0.008,-0.040,-0.040,0.020,-0.004,-0.041,0.998,-0.002,-0.008,-0.010,0.000,0.000,0.000,0.000,0,NULL,NULL,,1,0,2,7,255,,250,0,0
stim,2144,2144,0,586842.373,0.994,0.015,0.104,-0.007,53,55,71,67,11,0,37,33,0,0.000,0,0,0.104,0.006,-0.100,0.020,0.020,-0.004,-0.040,1.000,-0.002,0.006,0.000,0.000,0.000,0.000,0.000,0,NULL,NULL,,1,0,2,7,255,,250,0,0
stim,2180,2180,0,586847.373,0.994,0.015,0.104,-0.007,75,87,55,42,26,16,57,16,0,0.000,0,0,0.104,0.006,-0.100,0.020,0.020,-0.002,-0.041,1.001,-0.002,0.006,0.004,0.000,0.000,0.000,0.000,0,NULL,NULL,,1,0,2,7,255,,250,0,0
stim,2180,2180,0,586852.373,0.994,0.015,0.104,-0.007,47,67,78,39,29,0,61,35,0,0.000,0,0,0.104,0.003,-0.100,0.020,0.020,-0.004,-0.041,1.000,-0.002,0.002,0.004,0.000,0.000,0.000,0.000,0,NULL,NULL,,1,0,2,7,255,,250,0,0
stim,2180,2180,0,586857.373,0.994,0.015,0.104,-0.007,51,87,72,37,29,0,54,5,0,0.000,0,0,0.060,0.004,-0.040,0.020,-0.040,-0.003,-0.042,0.999,0.004,0.002,-0.006,0.000,0.000,0.000,0.000,0,NULL,NULL,,1,0,2,7,255,,250,0,0
stim,2180,2180,0,586862.373,0.994,0.015,0.104,-0.007,69,59,74,61,23,0,38,41,0,0.000,0,0,0.060,0.006,-0.040,0.020,-0.040,-0.004,-0.040,0.999,-0.006,0.002,-0.014,0.000,0.000,0.000,0.000,0,NULL,NULL,,1,0,2,7,255,,250,0,0
stim,2181,2181,0,586867.375,0.994,0.015,0.104,-0.007,51,60,79,59,23,0,61,41,0,0.000,0,0,0.110,0.006,-0.100,0.020,-0.040,-0.004,-0.041,1.000,-0.002,0.006,-0.014,0.000,0.000,0.000,0.000,0,NULL,NULL,,1,0,2,7,255,,250,0,0
stim,2181,2181,0,586872.373,0.994,0.015,0.104,-0.007,61,52,47,59,18,0,27,31,0,0.000,0,0,0.104,0.010,-0.100,0.020,0.020,-0.004,-0.040,1.000,-0.002,0.010,-0.006,0.000,0.000,0.000,0.000,0,NULL,NULL,,1,0,2,7,255,,250,0,0
stim,2208,2208,0,586877.374,0.994,0.015,0.104,-0.007,71,74,41,61,35,0,27,13,0,0.000,0,0,0.049,0.006,-0.040,0.020,0.020,-0.003,-0.041,1.000,-0.002,0.006,-0.006,0.000,0.000,0.000,0.000,0,NULL,NULL,,1,0,2,7,255,,250,0,0
stim,2208,2208,0,586882.373,0.994,0.015,0.104,-0.007,51,59,81,61,23,0,45,43,0,0.000,0,0,0.104,0.003,-0.100,0.020,0.020,-0.004,-0.041,1.000,-0.002,0.002,0.000,0.000,0.000,0.000,0.000,0,NULL,NULL,,1,0,2,7,255,,250,0,0
stim,2208,2208,0,586887.373,0.994,0.015,0.104,-0.007,73,78,41,52,25,0,29,12,0,0.000,0,0,0.110,0.006,-0.100,-0.040,0.020,-0.004,-0.041,1.000,-0.006,0.000,-0.006,0.000,0.000,0.000,0.000,0,NULL,NULL,,1,0,2,7,255,,250,0,0
stim,2208,2208,0,586892.373,0.994,0.015,0.104,-0.007,53,72,77,59,22,0,45,42,0,0.000,0,0,0.060,0.006,-0.040,0.020,-0.040,-0.003,-0.042,1.000,-0.006,0.000,-0.004,0.000,0.000,0.000,0.000,0,NULL,NULL,,1,0,2,7,255,,250,0,0
stim,2208,2208,0,586897.373,0.994,0.015,0.104,-0.007,47,62,64,27,20,0,53,27,0,0.000,0,0,0.060,0.004,-0.040,-0.040,0.020,-0.003,-0.040,1.000,0.004,0.000,-0.004,0.000,0.000,0.000,0.000,0,NULL,NULL,,1,0,2,7,255,,250,0,0
stim,2208,2208,0,586902.373,0.994,0.015,0.104,-0.007,73,87,55,38,42,5,56,17,0,0.000,0,0,0.110,0.006,-0.100,-0.040,0.020,-0.004,-0.042,1.001,0.004,-0.004,0.004,0.000,0.000,0.000,0.000,0,NULL,NULL,,1,0,2,7,255,,250,0,0
stim,2208,2208,0,586907.373,0.994,0.015,0.104,-0.007,75,85,51,61,17,0,36,21,0,0.000,0,0,0.104,0.006,-0.100,0.020,0.020,-0.003,-0.042,1.000,0.004,-0.004,0.004,0.000,0.000,0.000,0.000,0,NULL,NULL,,1,0,2,7,255,,250,0,0
stim,2208,2208,0,586912.373,0.994,0.015,0.104,-0.007,51,61,79,59,24,0,61,43,0,0.000,0,0,0.060,0.011,-0.040,0.020,-0.040,-0.003,-0.042,1.000,0.008,-0.008,0.004,0.000,0.000,0.000,0.000,0,NULL,NULL,,1,0,2,7,255,,250,0,0
stim,2223,2223,0,586917.373,0.994,0.015,0.104,-0.007,45,57,74,55,11,0,39,31,0,0.000,0,0,0.104,0.011,-0.100,0.020,0.020,-0.004,-0.040,1.000,0.008,-0.008,0.004,0.000,0.000,0.000,0.000,0,NULL,NULL,,1,0,2,7,255,,250,0,0
stim,2223,2223,0,586922.373,0.994,0.015,0.104,-0.007,42,58,72,31,37,0,56,28,0,0.000,0,0,0.060,0.002,-0.040,0.020,-0.040,-0.004,-0.041,1.000,-0.002,0.000,0.000,0.000,0.000,0.000,0.000,0,NULL,NULL,,1,0,2,7,255,,250,0,0
stim,2223,2223,0,586927.373,0.994,0.015,0.104,-0.007,65,72,44,60,17,0,27,30,0,0.000,0,0,0.060,0.003,-0.040,-0.040,0.020,-0.004,-0.041,1.001,-0.002,0.002,0.004,0.000,0.000,0.000,0.000,0,NULL,NULL,,1,0,2,7,255,,250,0,0
stim,2223,2223,0,586932.373,0.994,0.015,0.104,-0.007,77,79,47,58,17,0,29,39,0,0.000,0,0,0.069,0.002,-0.040,-0.040,-0.040,-0.003,-0.042,1.001,-0.002,0.000,0.008,0.000,0.000,0.000,0.000,0,NULL,NULL,,1,0,2,7,255,,250,0,0
stim,2241,2241,0,586937.373,0.994,0.015,0.104,-0.007,46,57,70,35,33,7,54,8,0,0.000,0,0,0.104,0.008,-0.100,0.020,0.020,-0.003,-0.041,1.000,0.008,0.002,0.008,0.000,0.000,0.000,0.000,0,NULL,NULL,,1,0,2,7,255,,250,0,0
stim,2241,2241,0,586942.373,0.994,0.015,0.104,-0.007,46,67,83,39,23,1,60,35,0,0.000,0,0,0.110,0.010,-0.100,0.020,-0.040,-0.004,-0.040,0.999,0.008,0.006,-0.006,0.000,0.000,0.000,0.000,0,NULL,NULL,,1,0,2,7,255,,250,0,0
stim,2258,2258,0,586947.373,0.994,0.015,0.104,-0.007,49,89,60,35,39,0,61,16,0,0.000,0,0,0.104,0.010,-0.100,0.020,0.020,-0.004,-0.040,1.000,-0.002,0.010,-0.006,0.000,0.000,0.000,0.000,0,NULL,NULL,,1,0,2,7,255,,250,0,0
stim,2258,2258,0,586952.373,0.994,0.015,0.104,-0.007,51,69,59,43,15,0,59,41,0,0.000,0,0,0.110,0.010,-0.100,-0.040,0.020,-0.004,-0.041,1.000,-0.002,0.010,-0.006,0.000,0.000,0.000,0.000,0,NULL,NULL,,1,0,2,7,255,,250,0,0
stim,2291,2291,0,586957.373,0.994,0.015,0.104,-0.007,73,85,51,55,7,0,26,35,0,0.000,0,0,0.049,0.008,-0.040,0.020,0.020,-0.004,-0.041,1.000,-0.006,0.006,-0.006,0.000,0.000,0.000,0.000,0,NULL,NULL,,1,0,2,7,255,,250,0,0
stim,2291,2291,0,586962.373,0.994,0.015,0.104,-0.007,78,87,48,70,16,0,31,13,0,0.000,0,0,0.134,0.006,-0.100,0.080,-0.040,-0.004,-0.041,1.000,-0.006,0.000,-0.006,0.000,0.000,0.000,0.000,0,NULL,NULL,,1,0,2,7,255,,250,0,0
stim,2291,2291,0,586967.376,0.994,0.015,0.104,-0.007,51,60,77,59,23,0,45,41,0,0.000,0,0,0.104,0.002,-0.100,0.020,0.020,-0.004,-0.042,0.999,-0.002,0.000,-0.006,0.000,0.000,0.000,0.000,0,NULL,NULL,,1,0,2,7,255,,250,0,0
stim,2291,2291,0,586972.373,0.994,0.015,0.104,-0.007,75,68,52,61,23,0,39,40,0,0.000,0,0,0.166,0.004,-0.160,0.020,-0.040,-0.003,-0.042,1.000,-0.002,-0.004,-0.006,0.000,0.000,0.000,0.000,0,NULL,NULL,,1,0,2,7,255,,250,0,0
stim,2291,2291,0,586977.375,0.994,0.015,0.104,-0.007,72,75,53,54,28,0,37,19,0,0.000,0,0,0.092,0.009,-0.040,0.080,0.020,-0.003,-0.041,1.001,0.008,-0.004,0.004,0.000,0.000,0.000,0.000,0,NULL,NULL,,1,0,2,7,255,,250,0,0
stim,2291,2291,0,586982.373,0.994,0.015,0.104,-0.007,47,82,82,39,46,8,69,19,0,0.000,0,0,0.110,0.016,-0.100,0.020,-0.040,-0.004,-0.042,1.000,0.008,-0.014,0.004,0.000,0.000,0.000,0.000,0,NULL,NULL,,1,0,2,7,255,,250,0,0
stim,2303,2303,0,586987.373,0.994,0.015,0.104,-0.007,69,61,55,61,19,0,37,39,0,0.000,0,0,0.049,0.004,-0.040,0.020,0.020,-0.003,-0.041,1.000,0.004,0.000,-0.004,0.000,0.000,0.000,0.000,0,NULL,NULL,,1,0,2,7,255,,250,0,0
stim,2303,2303,0,586992.373,0.994,0.015,0.104,-0.007,73,77,39,55,10,0,29,39,0,0.000,0,0,0.104,0.004,-0.100,0.020,0.020,-0.004,-0.042,1.000,-0.002,-0.004,-0.004,0.000,0.000,0.000,0.000,0,NULL,NULL,,1,0,2,7,255,,250,0,0
stim,2303,2303,0,586997.373,0.994,0.015,0.104,-0.007,72,86,47,40,37,0,52,12,0,0.000,0,0,0.130,0.004,-0.100,0.020,0.080,-0.003,-0.041,1.000,0.004,0.000,-0.006,0.000,0.000,0.000,0.000,0,NULL,NULL,,1,0,2,7,255,,250,0,0
stim,2303,2303,0,587002.373,0.994,0.015,0.104,-0.007,47,68,83,39,37,0,62,35,0,0.000,0,0,0.049,0.004,-0.040,0.020,0.020,-0.003,-0.041,1.001,0.004,0.000,-0.004,0.000,0.000,0.000,0.000,0,NULL,NULL,,1,0,2,7,255,,250,0,0
stim,2319,2319,0,587007.373,0.994,0.015,0.104,-0.007,75,87,55,63,12,0,39,39,0,0.000,0,0,0.170,0.004,-0.160,-0.040,-0.040,-0.004,-0.042,1.001,0.004,0.000,0.010,0.000,0.000,0.000,0.000,0,NULL,NULL,,1,0,2,7,255,,250,0,0
stim,2319,2319,0,587012.373,0.994,0.015,0.104,-0.007,81,77,50,69,35,0,36,19,0,0.000,0,0,0.115,0.006,-0.100,-0.040,-0.040,-0.003,-0.042,1.000,0.004,-0.004,0.010,0.000,0.000,0.000,0.000,0,NULL,NULL,,1,0,2,7,255,,250,0,0
stim,2319,2319,0,587017.374,0.994,0.015,0.104,-0.007,51,60,82,60,28,0,68,43,0,0.000,0,0,0.060,0.004,0.020,-0.040,-0.040,-0.004,-0.042,1.000,-0.002,-0.004,0.004,0.000,0.000,0.000,0.000,0,NULL,NULL,,1,0,2,7,255,,250,0,0
stim,2319,2319,0,587022.373,0.994,0.015,0.104,-0.007,53,87,74,39,39,1,60,13,0,0.000,0,0,0.098,0.006,-0.040,0.080,-0.040,-0.003,-0.041,0.999,0.004,-0.004,0.004,0.000,0.000,0.000,0.000,0,NULL,NULL,,1,0,2,7,255,,250,0,0
stim,2335,2335,0,587027.373,0.994,0.015,0.104,-0.007,75,87,47,59,31,0,37,20,0,0.000,0,0,0.049,0.004,-0.040,0.020,0.020,-0.003,-0.041,1.000,0.004,0.000,-0.006,0.000,0.000,0.000,0.000,0,NULL,NULL,,1,0,2,7,255,,250,0,0
stim,2335,2335,0,587032.373,0.994,0.015,0.104,-0.007,45,78,75,38,41,7,63,17,0,0.000,0,0,0.170,0.007,-0.160,-0.040,-0.040,-0.003,-0.041,1.000,0.004,0.006,-0.006,0.000,0.000,0.000,0.000,0,NULL,NULL,,1,0,2,7,255,,250,0,0
stim,2335,2335,0,587037.373,0.994,0.015,0.104,-0.007,24,68,73,40,13,0,59,37,0,0.000,0,0,0.110,0.007,-0.100,-0.040,0.020,-0.003,-0.042,1.001,0.004,0.006,0.004,0.000,0.000,0.000,0.000,0,NULL,NULL,,1,0,2,7,255,,250,0,0
stim,2335,2335,0,587042.373,0.994,0.015,0.104,-0.007,73,87,53,40,44,7,56,13,0,0.000,0,0,0.049,0.003,0.020,0.020,-0.040,-0.004,-0.041,1.001,0.002,0.002,0.008,0.000,0.000,0.000,0.000,0,NULL,NULL,,1,0,2,7,255,,250,0,0
stim,2351,2351,0,587047.373,0.994,0.015,0.104,-0.007,61,59,67,55,12,0,25,36,0,0.000,0,0,0.110,0.006,-0.100,0.020,-0.040,-0.004,-0.041,1.000,-0.006,0.002,0.008,0.000,0.000,0.000,0.000,0,NULL,NULL,,1,0,2,7,255,,250,0,0
stim,2351,2351,0,587052.373,0.994,0.015,0.104,-0.007,51,61,78,59,19,0,43,43,0,0.000,0,0,0.115,0.006,-0.100,-0.040,-0.040,-0.004,-0.042,1.000,-0.006,0.002,0.000,0.000,0.000,0.000,0.000,0,NULL,NULL,,1,0,2,7,255,,250,0,0
stim,2383,2383,0,587057.373,0.994,0.015,0.104,-0.007,42,58,64,35,40,18,56,25,0,0.000,0,0,0.104,0.003,-0.100,0.020,0.020,-0.004,-0.041,1.001,-0.002,0.002,0.000,0.000,0.000,0.000,0.000,0,NULL,NULL,,1,0,2,7,255,,250,0,0
stim,2383,2383,0,587062.373,0.994,0.015,0.104,-0.007,75,69,77,69,18,0,43,43,0,0.000,0,0,0.104,0.004,-0.100,0.020,0.020,-0.003,-0.042,1.001,-0.002,-0.004,0.008,0.000,0.000,0.000,0.000,0,NULL,NULL,,1,0,2,7,255,,250,0,0
stim,2383,2383,0,587067.375,0.994,0.015,0.104,-0.007,73,87,53,57,41,5,39,14,0,0.000,0,0,0.115,0.004,-0.100,-0.040,-0.040,-0.003,-0.041,1.000,0.004,0.002,0.008,0.000,0.000,0.000,0.000,0,NULL,NULL,,1,0,2,7,255,,250,0,0
stim,2383,2383,0,587072.373,0.994,0.015,0.104,-0.007,55,87,75,35,39,1,61,13,0,0.000,0,0,0.060,0.004,-0.040,0.020,-0.040,-0.003,-0.041,1.000,0.004,0.002,0.000,0.000,0.000,0.000,0.000,0,NULL,NULL,,1,0,2,7,255,,250,0,0
stim,2383,2383,0,587077.374,0.994,0.015,0.104,-0.007,71,63,70,53,17,0,41,33,0,0.000,0,0,0.060,0.004,-0.040,-0.040,0.020,-0.003,-0.042,1.000,0.004,0.002,0.000,0.000,0.000,0.000,0.000,0,NULL,NULL,,1,0,2,7,255,,250,0,0
stim,2383,2383,0,587082.373,0.994,0.015,0.104,-0.007,59,74,53,63,23,0,38,25,0,0.000,0,0,0.104,0.004,-0.100,0.020,0.020,-0.004,-0.041,1.001,0.004,0.002,0.000,0.000,0.000,0.000,0.000,0,NULL,NULL,,1,0,2,7,255,,250,0,0
stim,2399,2399,0,587087.373,0.994,0.015,0.104,-0.007,71,88,52,39,38,1,53,11,0,0.000,0,0,0.110,0.003,-0.100,0.020,-0.040,-0.004,-0.041,1.000,-0.002,0.002,0.000,0.000,0.000,0.000,0.000,0,NULL,NULL,,1,0,2,7,255,,250,0,0
stim,2399,2399,0,587092.373,0.994,0.015,0.104,-0.007,45,61,77,36,39,0,59,35,0,0.000,0,0,0.110,0.003,-0.100,-0.040,0.020,-0.002,-0.042,1.000,-0.002,0.002,-0.006,0.000,0.000,0.000,0.000,0,NULL,NULL,,1,0,2,7,255,,250,0,0
stim,2399,2399,0,587097.373,0.994,0.015,0.104,-0.007,73,87,53,43,39,0,37,13,0,0.000,0,0,0.060,0.004,-0.040,0.020,-0.040,-0.004,-0.042,1.000,-0.002,-0.004,-0.006,0.000,0.000,0.000,0.000,0,NULL,NULL,,1,0,2,7,255,,250,0,0
stim,2399,2399,0,587102.373,0.994,0.015,0.104,-0.007,72,86,53,37,41,7,56,12,0,0.000,0,0,0.049,0.007,-0.040,0.020,0.020,-0.004,-0.041,1.000,-0.006,-0.004,0.000,0.000,0.000,0.000,0.000,0,NULL,NULL,,1,0,2,7,255,,250,0,0
stim,2415,2415,0,587107.373,0.994,0.015,0.104,-0.007,73,85,47,39,18,1,35,11,0,0.000,0,0,0.092,0.006,-0.040,0.080,0.020,-0.002,-0.041,1.000,-0.006,0.002,0.000,0.000,0.000,0.000,0.000,0,NULL,NULL,,1,0,2,7,255,,250,0,0
stim,2415,2415,0,587112.373,0.994,0.015,0.104,-0.007,53,61,77,62,19,0,41,41,0,0.000,0,0,0.162,0.003,-0.160,0.020,0.020,-0.003,-0.040,1.000,0.002,0.002,0.004,0.000,0.000,0.000,0.000,0,NULL,NULL,,1,0,2,7,255,,250,0,0
stim,2431,2431,0,587117.373,0.994,0.015,0.104,-0.007,67,60,73,63,13,0,38,41,0,0.000,0,0,0.110,0.003,-0.100,-0.040,0.020,-0.003,-0.042,1.000,0.002,0.002,0.000,0.000,0.000,0.000,0.000,0,NULL,NULL,,1,0,2,7,255,,250,0,0
stim,2431,2431,0,587122.373,0.994,0.015,0.104,-0.007,51,60,83,45,25,7,63,43,0,0.000,0,0,0.049,0.003,-0.040,0.020,0.020,-0.004,-0.041,1.001,0.002,0.002,0.004,0.000,0.000,0.000,0.000,0,NULL,NULL,,1,0,2,7,255,,250,0,0
stim,2431,2431,0,587127.373,0.994,0.015,0.104,-0.007,73,87,53,42,41,5,55,13,0,0.000,0,0,0.060,0.002,-0.040,0.020,-0.040,-0.005,-0.041,1.000,-0.002,0.000,-0.006,0.000,0.000,0.000,0.000,0,NULL,NULL,,1,0,2,7,255,,250,0,0
stim,2431,2431,0,587132.373,0.994,0.015,0.104,-0.007,69,61,75,63,18,0,43,41,0,0.000,0,0,0.104,0.003,-0.100,0.020,0.020,-0.004,-0.041,1.000,-0.002,0.002,0.004,0.000,0.000,0.000,0.000,0,NULL,NULL,,1,0,2,7,255,,250,0,0
stim,2431,2431,0,587137.373,0.994,0.015,0.104,-0.007,69,37,75,57,12,0,41,47,0,0.000,0,0,0.180,0.002,-0.160,0.020,0.080,-0.004,-0.042,1.001,-0.002,0.000,0.004,0.000,0.000,0.000,0.000,0,NULL,NULL,,1,0,2,7,255,,250,0,0
stim,2431,2431,0,587142.373,0.994,0.015,0.104,-0.007,73,88,55,43,47,12,59,16,0,0.000,0,0,0.060,0.004,-0.040,0.020,-0.040,-0.004,-0.042,1.001,-0.002,-0.004,0.008,0.000,0.000,0.000,0.000,0,NULL,NULL,,1,0,2,7,255,,250,0,0
stim,2480,2480,0,587147.373,0.994,0.015,0.104,-0.007,44,61,77,37,43,7,61,30,0,0.000,0,0,0.110,0.004,-0.100,-0.040,0.020,-0.005,-0.041,1.000,-0.002,-0.004,0.008,0.000,0.000,0.000,0.000,0,NULL,NULL,,1,0,2,7,255,,250,0,0
stim,2480,2480,0,587152.373,0.994,0.015,0.104,-0.007,77,84,53,63,23,0,38,23,0,0.000,0,0,0.110,0.003,-0.100,-0.040,0.020,-0.004,-0.041,1.000,-0.002,0.002,-0.002,0.000,0.000,0.000,0.000,0,NULL,NULL,,1,0,2,7,255,,250,0,0
stim,2480,2480,0,587157.373,0.994,0.015,0.104,-0.007,73,89,52,41,42,5,57,16,0,0.000,0,0,0.060,0.003,-0.040,-0.040,0.020,-0.003,-0.042,1.000,-0.002,0.002,-0.002,0.000,0.000,0.000,0.000,0,NULL,NULL,,1,0,2,7,255,,250,0,0
stim,2480,2480,0,587162.373,0.994,0.015,0.104,-0.007,73,87,54,40,43,5,55,13,0,0.000,0,0,0.130,0.003,-0.100,0.080,0.020,-0.004,-0.041,1.001,-0.002,0.002,0.000,0.000,0.000,0.000,0.000,0,NULL,NULL,,1,0,2,7,255,,250,0,0
stim,2481,2481,0,587167.375,0.994,0.015,0.104,-0.007,38,62,71,57,10,0,33,39,0,0.000,0,0,0.049,0.004,-0.040,0.020,0.020,-0.003,-0.041,1.001,0.004,0.002,0.008,0.000,0.000,0.000,0.000,0,NULL,NULL,,1,0,2,7,255,,250,0,0
stim,2481,2481,0,587172.373,0.994,0.015,0.104,-0.007,46,67,82,39,23,0,63,33,0,0.000,0,0,0.104,0.003,-0.100,0.020,0.020,-0.004,-0.042,1.000,-0.002,0.002,0.008,0.000,0.000,0.000,0.000,0,NULL,NULL,,1,0,2,7,255,,250,0,0
stim,2495,2495,0,587177.375,0.994,0.015,0.104,-0.007,47,57,75,59,15,0,41,31,0,0.000,0,0,0.110,0.004,-0.100,0.020,-0.040,-0.003,-0.040,0.998,0.004,0.002,0.000,0.000,0.000,0.000,0.000,0,NULL,NULL,,1,0,2,7,255,,250,0,0
stim,2495,2495,0,587182.373,0.994,0.015,0.104,-0.007,77,86,56,63,25,0,40,40,0,0.000,0,0,0.110,0.003,-0.100,-0.040,0.020,-0.004,-0.041,1.000,-0.002,0.002,0.000,0.000,0.000,0.000,0.000,0,NULL,NULL,,1,0,2,7,255,,250,0,0
stim,2495,2495,0,587187.374,0.994,0.015,0.104,-0.007,45,55,73,35,18,0,56,28,0,0.000,0,0,0.110,0.010,-0.100,0.020,-0.040,-0.004,-0.040,1.000,-0.002,0.010,0.004,0.000,0.000,0.000,0.000,0,NULL,NULL,,1,0,2,7,255,,250,0,0
stim,2495,2495,0,587192.373,0.994,0.015,0.104,-0.007,53,79,75,63,19,0,38,40,0,0.000,0,0,0.110,0.003,-0.100,0.020,-0.040,-0.003,-0.041,1.000,-0.002,0.002,0.004,0.000,0.000,0.000,0.000,0,NULL,NULL,,1,0,2,7,255,,250,0,0
stim,2495,2495,0,587197.373,0.994,0.015,0.104,-0.007,76,91,48,44,29,0,44,12,0,0.000,0,0,0.110,0.004,-0.100,0.020,-0.040,-0.003,-0.042,1.000,0.004,0.000,0.000,0.000,0.000,0.000,0.000,0,NULL,NULL,,1,0,2,7,255,,250,0,0
stim,2495,2495,0,587202.373,0.994,0.015,0.104,-0.007,51,61,81,61,23,0,63,41,0,0.000,0,0,0.060,0.004,-0.040,0.020,-0.040,-0.003,-0.041,1.000,0.004,0.000,0.000,0.000,0.000,0.000,0.000,0,NULL,NULL,,1,0,2,7,255,,250,0,0
stim,2511,2511,0,587207.373,0.994,0.015,0.104,-0.007,45,59,83,40,46,0,67,36,0,0.000,0,0,0.049,0.004,-0.040,0.020,0.020,-0.004,-0.041,1.000,0.004,0.002,0.004,0.000,0.000,0.000,0.000,0,NULL,NULL,,1,0,2,7,255,,250,0,0
stim,2511,2511,0,587212.373,0.994,0.015,0.104,-0.007,73,86,53,41,39,0,55,13,0,0.000,0,0,0.110,0.006,-0.100,-0.040,0.020,-0.004,-0.041,1.000,-0.006,0.002,0.004,0.000,0.000,0.000,0.000,0,NULL,NULL,,1,0,2,7,255,,250,0,0
stim,2527,2527,0,587217.373,0.994,0.015,0.104,-0.007,45,63,79,37,39,0,59,30,0,0.000,0,0,0.115,0.006,-0.100,-0.040,-0.040,-0.004,-0.042,1.001,-0.006,0.000,0.004,0.000,0.000,0.000,0.000,0,NULL,NULL,,1,0,2,7,255,,250,0,0
stim,2527,2527,0,587222.373,0.994,0.015,0.104,-0.007,72,85,57,37,43,5,59,13,0,0.000,0,0,0.049,0.006,-0.040,0.020,0.020,-0.004,-0.041,1.000,-0.006,0.000,-0.002,0.000,0.000,0.000,0.000,0,NULL,NULL,,1,0,2,7,255,,250,0,0
stim,2527,2527,0,587227.373,0.994,0.015,0.104,-0.007,71,63,61,53,7,0,26,29,0,0.000,0,0,0.049,0.002,-0.040,0.020,0.020,-0.003,-0.041,0.999,-0.002,0.000,-0.002,0.000,0.000,0.000,0.000,0,NULL,NULL,,1,0,2,7,255,,250,0,0
stim,2527,2527,0,587232.373,0.994,0.015,0.104,-0.007,75,84,52,61,40,7,37,19,0,0.000,0,0,0.049,0.002,-0.040,0.020,0.020,-0.004,-0.041,0.999,-0.002,0.000,-0.010,0.000,0.000,0.000,0.000,0,NULL,NULL,,1,0,2,7,255,,250,0,0
stim,2544,2544,0,587237.373,0.994,0.015,0.104,-0.007,45,59,78,39,25,6,63,30,0,0.000,0,0,0.104,0.004,-0.100,0.020,0.020,-0.003,-0.041,0.999,0.004,0.000,-0.010,0.000,0.000,0.000,0.000,0,NULL,NULL,,1,0,2,7,255,,250,0,0
stim,2544,2544,0,587242.373,0.994,0.015,0.104,-0.007,46,79,76,37,39,0,60,13,0,0.000,0,0,0.049,0.004,-0.040,0.020,0.020,-0.003,-0.042,1.001,0.004,0.000,-0.010,0.000,0.000,0.000,0.000,0,NULL,NULL,,1,0,2,7,255,,250,0,0
stim,2559,2559,0,587247.373,0.994,0.015,0.104,-0.007,47,55,70,40,11,0,53,40,0,0.000,0,0,0.110,0.006,-0.100,0.020,-0.040,-0.003,-0.042,1.000,0.004,-0.004,0.004,0.000,0.000,0.000,0.000,0,NULL,NULL,,1,0,2,7,255,,250,0,0
stim,2559,2559,0,587252.373,0.994,0.015,0.104,-0.007,56,86,78,39,44,8,63,17,0,0.000,0,0,0.104,0.006,-0.100,0.020,0.020,-0.004,-0.040,1.000,0.004,-0.004,0.004,0.000,0.000,0.000,0.000,0,NULL,NULL,,1,0,2,7,255,,250,0,0
stim,2582,2582,0,587257.373,0.994,0.015,0.104,-0.007,76,87,54,61,18,0,37,39,0,0.000,0,0,0.104,0.009,-0.100,0.020,0.020,-0.003,-0.042,0.999,0.008,-0.004,-0.002,0.000,0.000,0.000,0.000,0,NULL,NULL,,1,0,2,7,255,,250,0,0
stim,2582,2582,0,587262.373,0.994,0.015,0.104,-0.007,69,80,51,37,45,1,47,8,0,0.000,0,0,0.069,0.009,-0.040,-0.040,-0.040,-0.002,-0.042,1.000,0.008,-0.004,-0.002,0.000,0.000,0.000,0.000,0,NULL,NULL,,1,0,2,7,255,,250,0,0
stim,2583,2583,0,587267.375,0.994,0.015,0.104,-0.007,67,75,43,55,29,0,35,22,0,0.000,0,0,0.049,0.009,-0.040,0.020,0.020,-0.004,-0.040,1.000,0.008,-0.004,0.000,0.000,0.000,0.000,0.000,0,NULL,NULL,,1,0,2,7,255,,250,0,0
stim,2583,2583,0,587272.373,0.994,0.015,0.104,-0.007,54,87,75,39,41,2,61,13,0,0.000,0,0,0.110,0.010,-0.100,0.020,-0.040,-0.004,-0.040,1.000,-0.002,0.010,0.000,0.000,0.000,0.000,0.000,0,NULL,NULL,,1,0,2,7,255,,250,0,0
stim,2584,2584,0,587277.373,0.994,0.015,0.104,-0.007,77,85,53,61,37,5,39,25,0,0.000,0,0,0.170,0.010,-0.160,-0.040,-0.040,-0.003,-0.042,1.000,-0.002,0.010,0.000,0.000,0.000,0.000,0.000,0,NULL,NULL,,1,0,2,7,255,,250,0,0
stim,2584,2584,0,587282.373,0.994,0.015,0.104,-0.007,77,89,54,61,18,0,35,39,0,0.000,0,0,0.110,0.004,-0.100,0.020,-0.040,-0.003,-0.041,1.000,0.004,0.000,0.000,0.000,0.000,0.000,0.000,0,NULL,NULL,,1,0,2,7,255,,250,0,0
stim,2592,2592,0,587287.373,0.994,0.015,0.104,-0.007,53,69,73,40,19,0,59,33,0,0.000,0,0,0.092,0.004,-0.040,0.020,0.080,-0.003,-0.040,0.999,0.004,0.000,0.000,0.000,0.000,0.000,0.000,0,NULL,NULL,,1,0,2,7,255,,250,0,0
stim,2592,2592,0,587292.373,0.994,0.015,0.104,-0.007,73,87,52,41,35,1,35,11,0,0.000,0,0,0.110,0.006,-0.100,0.020,-0.040,-0.004,-0.041,1.000,0.002,0.006,0.000,0.000,0.000,0.000,0.000,0,NULL,NULL,,1,0,2,7,255,,250,0,0
stim,2592,2592,0,587297.373,0.994,0.015,0.104,-0.007,69,59,56,60,21,0,39,39,0,0.000,0,0,0.110,0.006,-0.100,0.020,-0.040,-0.003,-0.041,1.000,0.002,0.006,0.000,0.000,0.000,0.000,0.000,0,NULL,NULL,,1,0,2,7,255,,250,0,0
stim,2592,2592,0,587302.373,0.994,0.015,0.104,-0.007,77,87,55,63,13,0,41,25,0,0.000,0,0,0.157,0.002,-0.100,-0.120,0.020,-0.003,-0.041,1.001,0.002,0.000,0.000,0.000,0.000,0.000,0.000,0,NULL,NULL,,1,0,2,7,255,,250,0,0
stim,2607,2607,0,587307.373,0.994,0.015,0.104,-0.007,76,85,44,51,12,0,25,30,0,0.000,0,0,0.110,0.002,-0.100,-0.040,0.020,-0.004,-0.041,1.000,0.002,0.000,0.004,0.000,0.000,0.000,0.000,0,NULL,NULL,,1,0,2,7,255,,250,0,0
stim,2607,2607,0,587312.373,0.994,0.015,0.104,-0.007,78,55,57,87,19,0,39,40,0,0.000,0,0,0.049,0.002,-0.040,0.020,0.020,-0.004,-0.041,1.000,-0.002,0.000,0.004,0.000,0.000,0.000,0.000,0,NULL,NULL,,1,0,2,7,255,,250,0,0
stim,2623,2623,0,587317.373,0.994,0.015,0.104,-0.007,79,89,44,67,36,3,29,21,0,0.000,0,0,0.104,0.002,-0.100,0.020,0.020,-0.004,-0.041,1.001,-0.002,0.000,0.004,0.000,0.000,0.000,0.000,0,NULL,NULL,,1,0,2,7,255,,250,0,0
stim,2623,2623,0,587322.373,0.994,0.015,0.104,-0.007,69,60,76,63,22,0,42,41,0,0.000,0,0,0.049,0.002,-0.040,0.020,0.020,-0.003,-0.042,1.002,-0.002,0.000,0.014,0.000,0.000,0.000,0.000,0,NULL,NULL,,1,0,2,7,255,,250,0,0
stim,2639,2639,0,587327.373,0.994,0.015,0.104,-0.007,41,52,71,47,21,0,39,37,0,0.000,0,0,0.104,0.002,-0.100,0.020,0.020,-0.004,-0.041,1.001,-0.002,0.000,0.014,0.000,0.000,0.000,0.000,0,NULL,NULL,,1,0,2,7,255,,250,0,0
stim,2639,2639,0,587332.373,0.994,0.015,0.104,-0.007,74,87,57,41,23,0,39,16,0,0.000,0,0,0.049,0.004,-0.040,0.020,0.020,-0.004,-0.041,1.000,-0.002,0.004,0.008,0.000,0.000,0.000,0.000,0,NULL,NULL,,1,0,2,7,255,,250,0,0
stim,2639,2639,0,587337.373,0.994,0.015,0.104,-0.007,71,89,45,33,35,0,46,8,0,0.000,0,0,0.115,0.004,-0.100,-0.040,-0.040,-0.004,-0.041,0.999,-0.002,0.004,-0.006,0.000,0.000,0.000,0.000,0,NULL,NULL,,1,0,2,7,255,,250,0,0
stim,2639,2639,0,587342.373,0.994,0.015,0.104,-0.007,71,61,77,61,22,0,43,41,0,0.000,0,0,0.060,0.004,-0.040,0.020,-0.040,-0.004,-0.040,1.000,-0.002,0.004,-0.006,0.000,0.000,0.000,0.000,0,NULL,NULL,,1,0,2,7,255,,250,0,0
stim,2655,2655,0,587347.373,0.994,0.015,0.104,-0.007,39,35,69,28,21,0,57,30,0,0.000,0,0,0.104,0.002,-0.100,0.020,0.020,-0.004,-0.041,1.000,-0.002,0.000,0.004,0.000,0.000,0.000,0.000,0,NULL,NULL,,1,0,2,7,255,,250,0,0
stim,2655,2655,0,587352.373,0.994,0.015,0.104,-0.007,64,83,40,28,31,6,30,12,0,0.000,0,0,0.110,0.002,-0.100,0.020,-0.040,-0.004,-0.041,1.000,-0.002,0.000,0.004,0.000,0.000,0.000,0.000,0,NULL,NULL,,1,0,2,7,255,,250,0,0
stim,2691,2691,0,587357.373,0.994,0.015,0.104,-0.007,45,61,83,39,26,0,68,31,0,0.000,0,0,0.162,0.002,-0.160,0.020,0.020,-0.004,-0.042,0.999,-0.002,0.000,0.004,0.000,0.000,0.000,0.000,0,NULL,NULL,,1,0,2,7,255,,250,0,0
stim,2691,2691,0,587362.373,0.994,0.015,0.104,-0.007,73,86,57,41,22,0,38,13,0,0.000,0,0,0.110,0.004,-0.100,-0.040,0.020,-0.003,-0.042,1.000,-0.002,-0.004,0.004,0.000,0.000,0.000,0.000,0,NULL,NULL,,1,0,2,7,255,,250,0,0
stim,2691,2691,0,587367.375,0.994,0.015,0.104,-0.007,71,89,53,75,39,4,39,23,0,0.000,0,0,0.060,0.006,-0.040,0.020,-0.040,-0.003,-0.042,1.000,0.004,-0.004,0.004,0.000,0.000,0.000,0.000,0,NULL,NULL,,1,0,2,7,255,,250,0,0
stim,2691,2691,0,587372.373,0.994,0.015,0.104,-0.007,70,59,56,63,25,0,40,41,0,0.000,0,0,0.060,0.006,-0.040,0.020,-0.040,-0.004,-0.042,1.000,0.004,-0.004,0.004,0.000,0.000,0.000,0.000,0,NULL,NULL,,1,0,2,7,255,,250,0,0
stim,2692,2692,0,587377.375,0.994,0.015,0.104,-0.007,74,71,45,60,12,0,29,33,0,0.000,0,0,0.110,0.004,-0.100,-0.040,0.020,-0.004,-0.040,1.000,-0.002,-0.004,0.004,0.000,0.000,0.000,0.000,0,NULL,NULL,,1,0,2,7,255,,250,0,0
stim,2692,2692,0,587382.373,0.994,0.015,0.104,-0.007,69,79,48,38,50,10,60,16,0,0.000,0,0,0.104,0.004,-0.100,0.020,0.020,-0.004,-0.042,1.000,-0.002,-0.004,0.004,0.000,0.000,0.000,0.000,0,NULL,NULL,,1,0,2,7,255,,250,0,0
stim,2706,2706,0,587387.373,0.994,0.015,0.104,-0.007,55,85,52,27,36,7,61,16,0,0.000,0,0,0.166,0.002,-0.160,0.020,-0.040,-0.003,-0.041,1.000,-0.002,0.000,0.004,0.000,0.000,0.000,0.000,0,NULL,NULL,,1,0,2,7,255,,250,0,0
stim,2706,2706,0,587392.373,0.994,0.015,0.104,-0.007,45,61,75,35,39,0,61,31,0,0.000,0,0,0.115,0.004,-0.100,-0.040,-0.040,-0.003,-0.040,1.000,0.004,0.000,0.004,0.000,0.000,0.000,0.000,0,NULL,NULL,,1,0,2,7,255,,250,0,0
stim,2706,2706,0,587397.373,0.994,0.015,0.104,-0.007,42,68,74,30,15,0,55,25,0,0.000,0,0,0.115,0.007,-0.100,-0.040,-0.040,-0.004,-0.041,1.001,0.004,0.006,0.004,0.000,0.000,0.000,0.000,0,NULL,NULL,,1,0,2,7,255,,250,0,0
stim,2706,2706,0,587402.373,0.994,0.015,0.104,-0.007,83,77,48,60,15,0,37,38,0,0.000,0,0,0.162,0.006,-0.160,0.020,0.020,-0.004,-0.042,1.000,-0.002,0.006,0.004,0.000,0.000,0.000,0.000,0,NULL,NULL,,1,0,2,7,255,,250,0,0
stim,2706,2706,0,587407.373,0.994,0.015,0.104,-0.007,71,67,60,56,10,0,33,31,0,0.000,0,0,0.049,0.007,-0.040,0.020,0.020,-0.004,-0.042,1.000,-0.006,-0.004,0.004,0.000,0.000,0.000,0.000,0,NULL,NULL,,1,0,2,7,255,,250,0,0
stim,2706,2706,0,587412.373,0.994,0.015,0.104,-0.007,79,77,45,59,39,0,36,21,0,0.000,0,0,0.049,0.010,-0.040,0.020,0.020,-0.003,-0.042,1.000,-0.002,-0.010,0.000,0.000,0.000,0.000,0.000,0,NULL,NULL,,1,0,2,7,255,,250,0,0
stim,2720,2720,0,587417.373,0.994,0.015,0.104,-0.007,74,82,55,61,19,0,37,40,0,0.000,0,0,0.115,0.010,-0.100,-0.040,-0.040,-0.004,-0.041,0.999,-0.002,-0.010,-0.006,0.000,0.000,0.000,0.000,0,NULL,NULL,,1,0,2,7,255,,250,0,0
stim,2720,2720,0,587422.373,0.994,0.015,0.104,-0.007,51,84,75,39,39,1,59,13,0,0.000,0,0,0.060,0.011,-0.040,0.020,-0.040,-0.002,-0.042,1.000,0.004,-0.010,-0.006,0.000,0.000,0.000,0.000,0,NULL,NULL,,1,0,2,7,255,,250,0,0
stim,2735,2735,0,587427.373,0.994,0.015,0.104,-0.007,45,67,83,39,26,0,62,35,0,0.000,0,0,0.110,0.004,-0.100,0.020,-0.040,-0.003,-0.041,1.000,0.004,0.000,-0.006,0.000,0.000,0.000,0.000,0,NULL,NULL,,1,0,2,7,255,,250,0,0
stim,2735,2735,0,587432.373,0.994,0.015,0.104,-0.007,74,87,53,59,39,0,39,20,0,0.000,0,0,0.060,0.009,-0.040,0.020,-0.040,-0.004,-0.042,1.000,0.004,-0.008,0.000,0.000,0.000,0.000,0.000,0,NULL,NULL,,1,0,2,7,255,,250,0,0
stim,2735,2735,0,587437.373,0.994,0.015,0.104,-0.007,51,61,82,60,26,0,48,43,0,0.000,0,0,0.060,0.002,-0.040,-0.040,0.020,-0.004,-0.041,0.999,-0.002,0.000,0.000,0.000,0.000,0.000,0.000,0,NULL,NULL,,1,0,2,7,255,,250,0,0
stim,2735,2735,0,587442.373,0.994,0.015,0.104,-0.007,51,59,79,59,23,0,61,42,0,0.000,0,0,0.060,0.002,-0.040,-0.040,0.020,-0.004,-0.041,0.999,-0.002,0.000,-0.010,0.000,0.000,0.000,0.000,0,NULL,NULL,,1,0,2,7,255,,250,0,0
stim,2783,2783,0,587447.373,0.994,0.015,0.104,-0.007,60,55,44,59,9,0,28,29,0,0.000,0,0,0.104,0.002,-0.100,0.020,0.020,-0.003,-0.042,1.000,-0.002,0.000,-0.010,0.000,0.000,0.000,0.000,0,NULL,NULL,,1,0,2,7,255,,250,0,0
stim,2783,2783,0,587452.373,0.994,0.015,0.104,-0.007,54,87,75,39,40,1,60,16,0,0.000,0,0,0.049,0.004,-0.040,0.020,0.020,-0.003,-0.041,1.000,0.004,0.000,-0.006,0.000,0.000,0.000,0.000,0,NULL,NULL,,1,0,2,7,255,,250,0,0
stim,2783,2783,0,587457.373,0.994,0.015,0.104,-0.007,62,89,48,35,35,0,45,7,0,0.000,0,0,0.104,0.004,-0.100,0.020,0.020,-0.004,-0.041,0.999,0.004,0.000,-0.006,0.000,0.000,0.000,0.000,0,NULL,NULL,,1,0,2,7,255,,250,0,0
stim,2783,2783,0,587462.373,0.994,0.015,0.104,-0.007,77,69,56,62,24,0,39,41,0,0.000,0,0,0.110,0.002,-0.100,-0.040,0.020,-0.004,-0.041,1.000,-0.002,0.000,-0.006,0.000,0.000,0.000,0.000,0,NULL,NULL,,1,0,2,7,255,,250,0,0
stim,2783,2783,0,587467.376,0.994,0.015,0.104,-0.007,73,88,41,35,29,0,44,6,0,0.000,0,0,0.104,0.002,-0.100,0.020,0.020,-0.004,-0.042,1.001,-0.002,0.000,-0.006,0.000,0.000,0.000,0.000,0,NULL,NULL,,1,0,2,7,255,,250,0,0
stim,2783,2783,0,587472.373,0.994,0.015,0.104,-0.007,43,53,71,59,16,0,35,33,0,0.000,0,0,0.110,0.002,-0.100,0.020,-0.040,-0.003,-0.041,1.003,-0.002,0.000,0.008,0.000,0.000,0.000,0.000,0,NULL,NULL,,1,0,2,7,255,,250,0,0
stim,2799,2799,0,587477.373,0.994,0.015,0.104,-0.007,77,87,52,67,20,5,37,23,0,0.000,0,0,0.104,0.003,-0.100,0.020,0.020,-0.004,-0.040,1.001,-0.002,0.002,0.008,0.000,0.000,0.000,0.000,0,NULL,NULL,,1,0,2,7,255,,250,0,0
stim,2799,2799,0,587482.373,0.994,0.015,0.104,-0.007,53,86,50,37,39,1,55,12,0,0.000,0,0,0.110,0.006,-0.100,-0.040,0.020,-0.004,-0.041,1.000,-0.002,0.006,0.008,0.000,0.000,0.000,0.000,0,NULL,NULL,,1,0,2,7,255,,250,0,0
stim,2799,2799,0,587487.373,0.994,0.015,0.104,-0.007,64,73,70,57,31,0,35,7,0,0.000,0,0,0.104,0.006,-0.100,0.020,0.020,-0.004,-0.041,0.999,-0.002,0.006,-0.006,0.000,0.000,0.000,0.000,0,NULL,NULL,,1,0,2,7,255,,250,0,0
stim,2799,2799,0,587492.373,0.994,0.015,0.104,-0.007,77,85,53,62,23,0,39,21,0,0.000,0,0,0.104,0.002,-0.100,0.020,0.020,-0.004,-0.042,0.999,-0.002,0.000,-0.010,0.000,0.000,0.000,0.000,0,NULL,NULL,,1,0,2,7,255,,250,0,0
stim,2799,2799,0,587497.373,0.994,0.015,0.104,-0.007,47,61,70,36,37,0,61,30,0,0.000,0,0,0.104,0.006,-0.100,0.020,0.020,-0.005,-0.041,1.000,-0.006,0.000,-0.010,0.000,0.000,0.000,0.000,0,NULL,NULL,,1,0,2,7,255,,250,0,0
stim,2799,2799,0,587502.373,0.994,0.015,0.104,-0.007,75,56,46,57,17,0,36,31,0,0.000,0,0,0.110,0.004,-0.100,0.020,-0.040,-0.003,-0.042,1.000,-0.002,-0.004,-0.006,0.000,0.000,0.000,0.000,0,NULL,NULL,,1,0,2,7,255,,250,0,0
stim,2815,2815,0,587507.373,0.994,0.015,0.104,-0.007,64,87,43,48,7,0,27,30,0,0.000,0,0,0.049,0.011,-0.040,0.020,0.020,-0.005,-0.042,1.001,-0.010,-0.004,0.000,0.000,0.000,0.000,0.000,0,NULL,NULL,,1,0,2,7,255,,250,0,0
stim,2815,2815,0,587512.373,0.994,0.015,0.104,-0.007,76,85,53,61,41,0,39,23,0,0.000,0,0,0.130,0.006,-0.100,0.080,0.020,-0.003,-0.041,1.000,0.004,-0.004,0.004,0.000,0.000,0.000,0.000,0,NULL,NULL,,1,0,2,7,255,,250,0,0
stim,2815,2815,0,587517.373,0.994,0.015,0.104,-0.007,43,74,63,29,35,0,57,11,0,0.000,0,0,0.110,0.007,-0.100,0.020,-0.040,-0.003,-0.041,1.000,0.004,0.006,0.004,0.000,0.000,0.000,0.000,0,NULL,NULL,,1,0,2,7,255,,250,0,0
stim,2815,2815,0,587522.373,0.994,0.015,0.104,-0.007,75,87,56,59,44,13,42,18,0,0.000,0,0,0.166,0.007,-0.160,0.020,-0.040,-0.003,-0.041,0.999,0.004,0.006,-0.006,0.000,0.000,0.000,0.000,0,NULL,NULL,,1,0,2,7,255,,250,0,0
stim,2831,2831,0,587527.373,0.994,0.015,0.104,-0.007,51,61,71,39,26,0,60,33,0,0.000,0,0,0.049,0.007,-0.040,0.020,0.020,-0.003,-0.041,1.001,0.004,0.006,-0.006,0.000,0.000,0.000,0.000,0,NULL,NULL,,1,0,2,7,255,,250,0,0
stim,2831,2831,0,587532.373,0.994,0.015,0.104,-0.007,73,86,54,57,41,8,39,16,0,0.000,0,0,0.049,0.004,-0.040,0.020,0.020,-0.004,-0.041,1.000,0.004,0.000,0.004,0.000,0.000,0.000,0.000,0,NULL,NULL,,1,0,2,7,255,,250,0,0
stim,2847,2847,0,587537.373,0.994,0.015,0.104,-0.007,73,89,48,52,24,0,27,19,0,0.000,0,0,0.049,0.004,-0.040,0.020,0.020,-0.003,-0.041,1.000,0.004,0.000,0.004,0.000,0.000,0.000,0.000,0,NULL,NULL,,1,0,2,7,255,,250,0,0
stim,2847,2847,0,587542.373,0.994,0.015,0.104,-0.007,71,63,77,63,19,0,43,41,0,0.000,0,0,0.162,0.002,-0.160,0.020,0.020,-0.004,-0.041,1.000,-0.002,0.000,0.004,0.000,0.000,0.000,0.000,0,NULL,NULL,,1,0,2,7,255,,250,0,0
stim,2847,2847,0,587547.373,0.994,0.015,0.104,-0.007,43,67,73,39,31,0,55,27,0,0.000,0,0,0.110,0.004,-0.100,-0.040,0.020,-0.003,-0.042,1.000,0.004,0.000,0.004,0.000,0.000,0.000,0.000,0,NULL,NULL,,1,0,2,7,255,,250,0,0
stim,2847,2847,0,587552.373,0.994,0.015,0.104,-0.007,77,85,53,63,24,0,39,24,0,0.000,0,0,0.110,0.007,-0.100,-0.040,0.020,-0.003,-0.040,1.000,0.004,0.006,-0.002,0.000,0.000,0.000,0.000,0,NULL,NULL,,1,0,2,7,255,,250,0,0
stim,2879,2879,0,587557.373,0.994,0.015,0.104,-0.007,52,60,79,59,23,0,45,41,0,0.000,0,0,0.049,0.004,-0.040,0.020,0.020,-0.003,-0.041,1.000,0.004,0.000,0.000,0.000,0.000,0.000,0.000,0,NULL,NULL,,1,0,2,7,255,,250,0,0
stim,2879,2879,0,587562.373,0.994,0.015,0.104,-0.007,69,52,56,72,23,0,38,41,0,0.000,0,0,0.104,0.004,-0.100,0.020,0.020,-0.003,-0.042,1.000,0.004,0.000,-0.006,0.000,0.000,0.000,0.000,0,NULL,NULL,,1,0,2,7,255,,250,0,0
stim,2879,2879,0,587567.375,0.994,0.015,0.104,-0.007,44,53,64,57,18,0,40,36,0,0.000,0,0,0.098,0.006,-0.040,0.080,-0.040,-0.004,-0.042,1.000,0.004,-0.004,0.000,0.000,0.000,0.000,0.000,0,NULL,NULL,,1,0,2,7,255,,250,0,0
stim,2879,2879,0,587572.373,0.994,0.015,0.104,-0.007,71,81,46,53,41,4,31,18,0,0.000,0,0,0.134,0.007,-0.100,0.080,-0.040,-0.004,-0.042,1.000,-0.006,-0.004,-0.006,0.000,0.000,0.000,0.000,0,NULL,NULL,,1,0,2,7,255,,250,0,0
stim,2879,2879,0,587577.374,0.994,0.015,0.104,-0.007,42,54,75,31,25,0,67,35,0,0.000,0,0,0.035,0.010,0.020,0.020,0.020,-0.005,-0.042,1.000,-0.006,-0.008,0.004,0.000,0.000,0.000,0.000,0,NULL,NULL,,1,0,2,7,255,,250,0,0
stim,2879,2879,0,587582.373,0.994,0.015,0.104,-0.007,69,76,51,58,35,0,33,23,0,0.000,0,0,0.110,0.007,-0.100,0.020,-0.040,-0.002,-0.042,1.000,-0.006,-0.004,0.004,0.000,0.000,0.000,0.000,0,NULL,NULL,,1,0,2,7,255,,250,0,0
stim,2895,2895,0,587587.373,0.994,0.015,0.104,-0.007,41,55,72,48,16,0,41,35,0,0.000,0,0,0.104,0.007,-0.100,0.020,0.020,-0.004,-0.041,1.000,-0.006,-0.004,0.004,0.000,0.000,0.000,0.000,0,NULL,NULL,,1,0,2,7,255,,250,0,0
stim,2895,2895,0,587592.373,0.994,0.015,0.104,-0.007,73,87,53,41,39,1,53,13,0,0.000,0,0,0.110,0.006,-0.100,0.020,-0.040,-0.003,-0.042,1.000,0.004,-0.004,0.004,0.000,0.000,0.000,0.000,0,NULL,NULL,,1,0,2,7,255,,250,0,0
stim,2911,2911,0,587597.373,0.994,0.015,0.104,-0.007,75,85,55,61,21,0,37,39,0,0.000,0,0,0.104,0.004,-0.100,0.020,0.020,-0.002,-0.041,1.000,0.004,0.000,-0.006,0.000,0.000,0.000,0.000,0,NULL,NULL,,1,0,2,7,255,,250,0,0
stim,2911,2911,0,587602.373,0.994,0.015,0.104,-0.007,72,81,45,52,17,0,31,7,0,0.000,0,0,0.162,0.006,-0.160,0.020,0.020,-0.004,-0.042,1.000,0.004,-0.004,0.000,0.000,0.000,0.000,0.000,0,NULL,NULL,,1,0,2,7,255,,250,0,0
stim,2911,2911,0,587607.373,0.994,0.015,0.104,-0.007,71,85,45,54,39,2,45,11,0,0.000,0,0,0.110,0.002,-0.100,-0.040,0.020,-0.004,-0.041,1.000,-0.002,0.000,0.000,0.000,0.000,0.000,0.000,0,NULL,NULL,,1,0,2,7,255,,250,0,0
stim,2911,2911,0,587612.373,0.994,0.015,0.104,-0.007,36,85,71,29,43,1,47,6,0,0.000,0,0,0.110,0.007,-0.100,0.020,-0.040,-0.004,-0.042,1.001,-0.006,-0.004,0.004,0.000,0.000,0.000,0.000,0,NULL,NULL,,1,0,2,7,255,,250,0,0
stim,2911,2911,0,587617.375,0.994,0.015,0.104,-0.007,51,61,78,59,18,0,43,41,0,0.000,0,0,0.060,0.007,-0.040,0.020,-0.040,-0.004,-0.042,0.999,-0.006,-0.004,0.004,0.000,0.000,0.000,0.000,0,NULL,NULL,,1,0,2,7,255,,250,0,0
stim,2911,2911,0,587622.373,0.994,0.015,0.104,-0.007,89,84,51,41,38,1,55,13,0,0.000,0,0,0.104,0.010,-0.100,0.020,0.020,-0.004,-0.042,1.000,-0.006,-0.008,-0.006,0.000,0.000,0.000,0.000,0,NULL,NULL,,1,0,2,7,255,,250,0,0
stim,2927,2927,0,587627.373,0.994,0.015,0.104,-0.007,72,85,49,53,17,0,35,37,0,0.000,0,0,0.110,0.007,-0.100,0.020,-0.040,-0.003,-0.040,1.000,-0.006,-0.004,-0.006,0.000,0.000,0.000,0.000,0,NULL,NULL,,1,0,2,7,255,,250,0,0
stim,2927,2927,0,587632.373,0.994,0.015,0.104,-0.007,45,59,69,55,11,0,48,39,0,0.000,0,0,0.104,0.007,-0.100,0.020,0.020,-0.004,-0.042,1.000,-0.006,-0.004,-0.006,0.000,0.000,0.000,0.000,0,NULL,NULL,,1,0,2,7,255,,250,0,0
stim,2943,2943,0,587637.373,0.994,0.015,0.104,-0.007,43,59,81,52,16,0,45,33,0,0.000,0,0,0.049,0.003,-0.040,0.020,0.020,-0.004,-0.041,1.000,-0.002,0.002,0.000,0.000,0.000,0.000,0.000,0,NULL,NULL,,1,0,2,7,255,,250,0,0
stim,2943,2943,0,587642.373,0.994,0.015,0.104,-0.007,53,62,62,63,13,0,33,14,0,0.000,0,0,0.049,0.006,-0.040,0.020,0.020,-0.004,-0.041,1.000,-0.006,0.002,0.000,0.000,0.000,0.000,0.000,0,NULL,NULL,,1,0,2,7,255,,250,0,0
stim,2943,2943,0,587647.373,0.994,0.015,0.104,-0.007,43,30,71,47,21,0,31,37,0,0.000,0,0,0.110,0.003,-0.100,0.020,-0.040,-0.004,-0.042,1.000,-0.002,0.002,0.000,0.000,0.000,0.000,0.000,0,NULL,NULL,,1,0,2,7,255,,250,0,0
stim,2943,2943,0,587652.373,0.994,0.015,0.104,-0.007,39,59,63,29,25,1,56,34,0,0.000,0,0,0.098,0.008,-0.040,0.080,-0.040,-0.004,-0.042,1.001,-0.002,-0.008,0.000,0.000,0.000,0.000,0.000,0,NULL,NULL,,1,0,2,7,255,,250,0,0
stim,2980,2980,0,587657.373,0.994,0.015,0.104,-0.007,42,48,73,39,14,0,59,35,0,0.000,0,0,0.120,0.008,-0.040,0.080,0.080,-0.004,-0.041,1.001,-0.002,-0.008,0.008,0.000,0.000,0.000,0.000,0,NULL,NULL,,1,0,2,7,255,,250,0,0
stim,2980,2980,0,587662.373,0.994,0.015,0.104,-0.007,52,60,78,61,22,0,61,41,0,0.000,0,0,0.104,0.003,-0.100,0.020,0.020,-0.003,-0.041,1.001,-0.002,0.002,0.010,0.000,0.000,0.000,0.000,0,NULL,NULL,,1,0,2,7,255,,250,0,0
stim,2981,2981,0,587667.375,0.994,0.015,0.104,-0.007,51,59,72,29,15,0,55,26,0,0.000,0,0,0.104,0.006,-0.100,0.020,0.020,-0.004,-0.042,1.000,-0.006,0.002,0.008,0.000,0.000,0.000,0.000,0,NULL,NULL,,1,0,2,7,255,,250,0,0
stim,2981,2981,0,587672.373,0.994,0.015,0.104,-0.007,47,61,81,39,23,1,61,35,0,0.000,0,0,0.092,0.006,-0.040,0.080,0.020,-0.003,-0.042,0.999,0.004,-0.004,0.004,0.000,0.000,0.000,0.000,0,NULL,NULL,,1,0,2,7,255,,250,0,0
stim,2981,2981,0,587677.373,0.994,0.015,0.104,-0.007,53,67,79,57,16,0,37,39,0,0.000,0,0,0.049,0.004,-0.040,0.020,0.020,-0.004,-0.041,1.000,-0.002,-0.004,-0.006,0.000,0.000,0.000,0.000,0,NULL,NULL,,1,0,2,7,255,,250,0,0
stim,2981,2981,0,587682.373,0.994,0.015,0.104,-0.007,70,60,55,63,21,0,37,39,0,0.000,0,0,0.115,0.002,-0.100,-0.040,-0.040,-0.004,-0.041,1.000,-0.002,0.000,-0.006,0.000,0.000,0.000,0.000,0,NULL,NULL,,1,0,2,7,255,,250,0,0
stim,3007,3007,0,587687.373,0.994,0.015,0.104,-0.007,51,63,60,55,8,0,26,39,0,0.000,0,0,0.162,0.003,-0.160,0.020,0.020,-0.004,-0.041,1.001,-0.002,0.002,0.004,0.000,0.000,0.000,0.000,0,NULL,NULL,,1,0,2,7,255,,250,0,0
stim,3007,3007,0,587692.373,0.994,0.015,0.104,-0.007,77,91,47,67,11,0,27,23,0,0.000,0,0,0.104,0.006,-0.100,0.020,0.020,-0.004,-0.042,1.000,-0.006,0.002,0.004,0.000,0.000,0.000,0.000,0,NULL,NULL,,1,0,2,7,255,,250,0,0
stim,3007,3007,0,587697.373,0.994,0.015,0.104,-0.007,37,59,77,31,37,0,59,11,0,0.000,0,0,0.092,0.006,0.020,0.080,-0.040,-0.004,-0.041,1.000,-0.006,0.002,0.004,0.000,0.000,0.000,0.000,0,NULL,NULL,,1,0,2,7,255,,250,0,0
stim,3007,3007,0,587702.373,0.994,0.015,0.104,-0.007,45,57,79,41,21,0,61,41,0,0.000,0,0,0.060,0.006,-0.040,0.020,-0.040,-0.005,-0.041,1.000,-0.006,0.000,0.000,0.000,0.000,0.000,0.000,0,NULL,NULL,,1,0,2,7,255,,250,0,0
stim,3007,3007,0,587707.373,0.994,0.015,0.104,-0.007,51,67,77,54,16,0,33,41,0,0.000,0,0,0.049,0.006,-0.040,0.020,0.020,-0.003,-0.041,1.001,-0.006,0.002,0.004,0.000,0.000,0.000,0.000,0,NULL,NULL,,1,0,2,7,255,,250,0,0
stim,3007,3007,0,587712.373,0.994,0.015,0.104,-0.007,51,61,77,67,19,0,43,41,0,0.000,0,0,0.104,0.007,-0.100,0.020,0.020,-0.003,-0.041,1.000,0.004,0.006,0.004,0.000,0.000,0.000,0.000,0,NULL,NULL,,1,0,2,7,255,,250,0,0
stim,3023,3023,0,587717.373,0.994,0.015,0.104,-0.007,71,88,47,41,37,0,51,11,0,0.000,0,0,0.092,0.007,-0.040,0.080,0.020,-0.004,-0.042,1.000,0.004,0.006,0.004,0.000,0.000,0.000,0.000,0,NULL,NULL,,1,0,2,7,255,,250,0,0
stim,3023,3023,0,587722.373,0.994,0.015,0.104,-0.007,45,61,79,37,39,5,61,33,0,0.000,0,0,0.104,0.006,-0.100,0.020,0.020,-0.004,-0.040,0.999,0.000,0.006,0.004,0.000,0.000,0.000,0.000,0,NULL,NULL,,1,0,2,7,255,,250,0,0
stim,3042,3042,0,587727.373,0.994,0.015,0.104,-0.007,40,89,63,35,30,1,56,8,0,0.000,0,0,0.104,0.006,-0.100,0.020,0.020,-0.004,-0.041,1.000,-0.002,0.006,-0.006,0.000,0.000,0.000,0.000,0,NULL,NULL,,1,0,2,7,255,,250,0,0
stim,3042,3042,0,587732.373,0.994,0.015,0.104,-0.007,45,79,71,40,38,0,54,10,0,0.000,0,0,0.049,0.006,-0.040,0.020,0.020,-0.003,-0.041,1.000,-0.002,0.006,-0.006,0.000,0.000,0.000,0.000,0,NULL,NULL,,1,0,2,7,255,,250,0,0
stim,3042,3042,0,587737.373,0.994,0.015,0.104,-0.007,71,63,75,55,20,0,39,43,0,0.000,0,0,0.098,0.007,-0.040,0.080,-0.040,-0.003,-0.042,0.999,0.004,0.006,-0.006,0.000,0.000,0.000,0.000,0,NULL,NULL,,1,0,2,7,255,,250,0,0
stim,3042,3042,0,587742.373,0.994,0.015,0.104,-0.007,64,83,40,35,26,1,40,9,0,0.000,0,0,0.060,0.004,-0.040,0.020,-0.040,-0.004,-0.041,1.000,0.004,0.000,0.004,0.000,0.000,0.000,0.000,0,NULL,NULL,,1,0,2,7,255,,250,0,0
stim,3088,3088,0,587747.373,0.994,0.015,0.104,-0.007,45,54,69,29,31,0,55,24,0,0.000,0,0,0.104,0.004,-0.100,0.020,0.020,-0.003,-0.041,1.000,0.004,0.000,-0.006,0.000,0.000,0.000,0.000,0,NULL,NULL,,1,0,2,7,255,,250,0,0
stim,3088,3088,0,587752.373,0.994,0.015,0.104,-0.007,51,61,85,62,13,0,45,43,0,0.000,0,0,0.060,0.000,-0.040,0.020,-0.040,-0.004,-0.042,1.001,0.000,0.000,0.004,0.000,0.000,0.000,0.000,0,NULL,NULL,,1,0,2,7,255,,250,0,0
stim,3088,3088,0,587757.373,0.994,0.015,0.104,-0.007,64,77,49,48,33,5,31,9,0,0.000,0,0,0.120,0.006,-0.040,0.080,0.080,-0.003,-0.042,1.001,0.004,-0.004,0.008,0.000,0.000,0.000,0.000,0,NULL,NULL,,1,0,2,7,255,,250,0,0
stim,3088,3088,0,587762.373,0.994,0.015,0.104,-0.007,73,85,54,39,39,7,39,14,0,0.000,0,0,0.110,0.006,-0.100,0.020,-0.040,-0.003,-0.039,0.997,0.004,-0.004,0.008,0.000,0.000,0.000,0.000,0,NULL,NULL,,1,0,2,7,255,,250,0,0
stim,3088,3088,0,587767.375,0.994,0.015,0.104,-0.007,71,61,75,61,23,0,38,41,0,0.000,0,0,0.110,0.013,-0.100,0.020,-0.040,-0.004,-0.040,1.004,0.004,0.012,0.008,0.000,0.000,0.000,0.000,0,NULL,NULL,,1,0,2,7,255,,250,0,0
stim,3088,3088,0,587772.373,0.994,0.015,0.104,-0.007,77,69,57,68,22,0,39,41,0,0.000,0,0,0.104,0.014,-0.100,0.020,0.020,-0.003,-0.042,1.001,0.008,0.012,0.008,0.000,0.000,0.000,0.000,0,NULL,NULL,,1,0,2,7,255,,250,0,0
stim,3105,3105,0,587777.375,0.994,0.015,0.104,-0.007,73,76,71,52,37,2,36,16,0,0.000,0,0,0.049,0.006,-0.040,0.020,0.020,-0.003,-0.042,1.000,0.004,-0.004,0.008,0.000,0.000,0.000,0.000,0,NULL,NULL,,1,0,2,7,255,,250,0,0
stim,3105,3105,0,587782.373,0.994,0.015,0.104,-0.007,51,61,83,61,25,0,47,43,0,0.000,0,0,0.049,0.006,-0.040,0.020,0.020,-0.004,-0.042,1.001,0.004,-0.004,0.008,0.000,0.000,0.000,0.000,0,NULL,NULL,,1,0,2,7,255,,250,0,0
stim,3105,3105,0,587787.373,0.994,0.015,0.104,-0.007,50,61,75,59,17,0,41,41,0,0.000,0,0,0.110,0.004,-0.100,-0.040,0.020,-0.004,-0.041,1.000,-0.002,-0.004,-0.002,0.000,0.000,0.000,0.000,0,NULL,NULL,,1,0,2,7,255,,250,0,0
stim,3105,3105,0,587792.373,0.994,0.015,0.104,-0.007,69,83,72,39,31,0,35,5,0,0.000,0,0,0.060,0.004,-0.040,-0.040,0.020,-0.003,-0.042,1.000,-0.002,-0.004,0.004,0.000,0.000,0.000,0.000,0,NULL,NULL,,1,0,2,7,255,,250,0,0
stim,3105,3105,0,587797.373,0.994,0.015,0.104,-0.007,43,61,75,36,20,0,69,37,0,0.000,0,0,0.049,0.004,-0.040,0.020,0.020,-0.004,-0.042,1.000,-0.002,-0.004,0.004,0.000,0.000,0.000,0.000,0,NULL,NULL,,1,0,2,7,255,,250,0,0
stim,3105,3105,0,587802.373,0.994,0.015,0.104,-0.007,64,80,55,36,42,1,33,10,0,0.000,0,0,0.049,0.006,-0.040,0.020,0.020,-0.003,-0.041,0.997,0.004,-0.004,0.004,0.000,0.000,0.000,0.000,0,NULL,NULL,,1,0,2,7,255,,250,0,0
stim,3122,3122,0,587807.373,0.994,0.015,0.104,-0.007,70,83,43,53,22,5,54,29,0,0.000,0,0,0.049,0.004,-0.040,0.020,0.020,-0.003,-0.041,0.999,0.004,0.000,-0.016,0.000,0.000,0.000,0.000,0,NULL,NULL,,1,0,2,7,255,,250,0,0
stim,3122,3122,0,587812.373,0.994,0.015,0.104,-0.007,75,84,52,59,40,0,38,19,0,0.000,0,0,0.069,0.004,-0.040,-0.040,-0.040,-0.003,-0.042,0.999,0.004,0.000,-0.016,0.000,0.000,0.000,0.000,0,NULL,NULL,,1,0,2,7,255,,250,0,0
stim,3122,3122,0,587817.374,0.994,0.015,0.104,-0.007,69,84,44,41,34,0,53,12,0,0.000,0,0,0.110,0.007,-0.100,0.020,-0.040,-0.003,-0.041,1.001,0.004,0.006,-0.014,0.000,0.000,0.000,0.000,0,NULL,NULL,,1,0,2,7,255,,250,0,0
stim,3122,3122,0,587822.373,0.994,0.015,0.104,-0.007,51,61,77,60,23,0,61,41,0,0.000,0,0,0.134,0.006,-0.100,-0.040,0.080,-0.004,-0.042,1.000,0.004,-0.004,0.000,0.000,0.000,0.000,0.000,0,NULL,NULL,,1,0,2,7,255,,250,0,0
stim,3123,3123,0,587827.373,0.994,0.015,0.104,-0.007,41,61,71,56,11,0,55,37,0,0.000,0,0,0.060,0.009,-0.040,-0.040,0.020,-0.003,-0.042,1.000,0.008,-0.004,0.004,0.000,0.000,0.000,0.000,0,NULL,NULL,,1,0,2,7,255,,250,0,0
stim,3123,3123,0,587832.373,0.994,0.015,0.104,-0.007,47,48,78,38,39,0,61,16,0,0.000,0,0,0.130,0.008,-0.100,0.020,0.080,-0.004,-0.042,0.999,-0.002,-0.008,0.000,0.000,0.000,0.000,0.000,0,NULL,NULL,,1,0,2,7,255,,250,0,0
stim,3151,3151,0,587837.373,0.994,0.015,0.104,-0.007,69,78,45,30,35,0,51,11,0,0.000,0,0,0.049,0.008,-0.040,0.020,0.020,-0.004,-0.042,1.000,-0.002,-0.008,0.004,0.000,0.000,0.000,0.000,0,NULL,NULL,,1,0,2,7,255,,250,0,0
stim,3151,3151,0,587842.373,0.994,0.015,0.104,-0.007,46,61,79,38,41,3,63,31,0,0.000,0,0,0.104,0.008,-0.100,0.020,0.020,-0.004,-0.042,1.000,-0.002,-0.008,0.004,0.000,0.000,0.000,0.000,0,NULL,NULL,,1,0,2,7,255,,250,0,0
stim,3151,3151,0,587847.373,0.994,0.015,0.104,-0.007,67,77,44,31,30,0,43,7,0,0.000,0,0,0.110,0.008,-0.100,0.020,-0.040,-0.004,-0.042,1.000,-0.002,-0.008,0.004,0.000,0.000,0.000,0.000,0,NULL,NULL,,1,0,2,7,255,,250,0,0
stim,3151,3151,0,587852.373,0.994,0.015,0.104,-0.007,58,69,53,90,23,0,38,25,0,0.000,0,0,0.130,0.008,-0.100,0.020,0.080,-0.004,-0.042,1.000,-0.002,-0.008,0.000,0.000,0.000,0.000,0.000,0,NULL,NULL,,1,0,2,7,255,,250,0,0
stim,3184,3184,0,587857.373,0.994,0.015,0.104,-0.007,51,59,81,58,23,0,45,41,0,0.000,0,0,0.060,0.008,-0.040,0.020,-0.040,-0.004,-0.042,0.999,-0.002,-0.008,-0.006,0.000,0.000,0.000,0.000,0,NULL,NULL,,1,0,2,7,255,,250,0,0
stim,3184,3184,0,587862.373,0.994,0.015,0.104,-0.007,74,61,48,59,22,0,33,37,0,0.000,0,0,0.060,0.008,-0.040,0.020,-0.040,-0.004,-0.041,1.000,-0.002,-0.008,-0.006,0.000,0.000,0.000,0.000,0,NULL,NULL,,1,0,2,7,255,,250,0,0
stim,3184,3184,0,587867.375,0.994,0.015,0.104,-0.007,53,84,65,26,31,4,51,10,0,0.000,0,0,0.092,0.006,-0.040,0.080,0.020,-0.004,-0.041,1.000,-0.002,0.006,0.004,0.000,0.000,0.000,0.000,0,NULL,NULL,,1,0,2,7,255,,250,0,0
stim,3184,3184,0,587872.373,0.994,0.015,0.104,-0.007,54,86,76,37,39,1,61,13,0,0.000,0,0,0.110,0.008,-0.100,-0.040,0.020,-0.004,-0.041,1.000,-0.006,0.006,0.004,0.000,0.000,0.000,0.000,0,NULL,NULL,,1,0,2,7,255,,250,0,0
stim,3184,3184,0,587877.373,0.994,0.015,0.104,-0.007,45,56,75,55,41,0,37,39,0,0.000,0,0,0.130,0.008,-0.100,0.020,0.080,-0.004,-0.041,1.000,-0.006,0.006,0.004,0.000,0.000,0.000,0.000,0,NULL,NULL,,1,0,2,7,255,,250,0,0
stim,3184,3184,0,587882.373,0.994,0.015,0.104,-0.007,50,61,79,59,24,0,62,41,0,0.000,0,0,0.060,0.006,0.020,-0.040,-0.040,-0.004,-0.041,1.000,-0.006,0.002,0.000,0.000,0.000,0.000,0.000,0,NULL,NULL,,1,0,2,7,255,,250,0,0
stim,3199,3199,0,587887.373,0.994,0.015,0.104,-0.007,51,61,79,41,25,0,62,41,0,0.000,0,0,0.060,0.006,-0.040,0.020,-0.040,-0.004,-0.041,1.000,-0.006,0.002,0.000,0.000,0.000,0.000,0.000,0,NULL,NULL,,1,0,2,7,255,,250,0,0
stim,3199,3199,0,587892.373,0.994,0.015,0.104,-0.007,62,56,57,84,22,0,39,41,0,0.000,0,0,0.166,0.006,-0.160,0.020,-0.040,-0.003,-0.041,1.000,-0.006,0.002,0.000,0.000,0.000,0.000,0.000,0,NULL,NULL,,1,0,2,7,255,,250,0,0
stim,3199,3199,0,587897.373,0.994,0.015,0.104,-0.007,51,59,79,43,23,0,62,42,0,0.000,0,0,0.104,0.002,-0.100,0.020,0.020,-0.004,-0.043,1.000,0.000,0.002,0.000,0.000,0.000,0.000,0.000,0,NULL,NULL,,1,0,2,7,255,,250,0,0
stim,3199,3199,0,587902.373,0.994,0.015,0.104,-0.007,76,85,53,63,22,0,38,22,0,0.000,0,0,0.060,0.002,-0.040,-0.040,0.020,-0.004,-0.041,1.000,0.000,0.002,-0.004,0.000,0.000,0.000,0.000,0,NULL,NULL,,1,0,2,7,255,,250,0,0
stim,3215,3215,0,587907.373,0.994,0.015,0.104,-0.007,51,60,81,59,25,0,45,43,0,0.000,0,0,0.110,0.004,-0.100,-0.040,0.020,-0.004,-0.042,1.000,-0.002,-0.004,-0.006,0.000,0.000,0.000,0.000,0,NULL,NULL,,1,0,2,7,255,,250,0,0
stim,3215,3215,0,587912.373,0.994,0.015,0.104,-0.007,52,52,78,44,23,0,59,36,0,0.000,0,0,0.110,0.003,-0.100,-0.040,0.020,-0.004,-0.041,1.000,-0.002,0.002,-0.006,0.000,0.000,0.000,0.000,0,NULL,NULL,,1,0,2,7,255,,250,0,0
stim,3215,3215,0,587917.373,0.994,0.015,0.104,-0.007,79,91,44,31,26,0,37,17,0,0.000,0,0,0.110,0.003,-0.100,-0.040,0.020,-0.004,-0.041,1.000,-0.002,0.002,-0.006,0.000,0.000,0.000,0.000,0,NULL,NULL,,1,0,2,7,255,,250,0,0
stim,3215,3215,0,587922.373,0.994,0.015,0.104,-0.007,77,85,57,63,23,0,39,23,0,0.000,0,0,0.049,0.003,-0.040,0.020,0.020,-0.004,-0.041,0.999,-0.002,0.002,-0.006,0.000,0.000,0.000,0.000,0,NULL,NULL,,1,0,2,7,255,,250,0,0
stim,3231,3231,0,587927.373,0.994,0.015,0.104,-0.007,75,87,51,61,36,0,36,22,0,0.000,0,0,0.060,0.006,-0.040,-0.040,0.020,-0.005,-0.040,1.000,-0.006,0.002,-0.006,0.000,0.000,0.000,0.000,0,NULL,NULL,,1,0,2,7,255,,250,0,0
stim,3231,3231,0,587932.373,0.994,0.015,0.104,-0.007,71,61,77,62,18,0,41,43,0,0.000,0,0,0.069,0.006,-0.040,-0.040,-0.040,-0.004,-0.041,0.998,-0.006,0.000,-0.010,0.000,0.000,0.000,0.000,0,NULL,NULL,,1,0,2,7,255,,250,0,0
stim,3247,3247,0,587937.373,0.994,0.015,0.104,-0.007,64,79,73,29,39,0,53,9,0,0.000,0,0,0.110,0.000,-0.100,0.020,-0.040,-0.003,-0.042,1.002,0.000,0.000,-0.006,0.000,0.000,0.000,0.000,0,NULL,NULL,,1,0,2,7,255,,250,0,0
stim,3247,3247,0,587942.373,0.994,0.015,0.104,-0.007,73,87,51,41,39,1,39,13,0,0.000,0,0,0.049,0.000,-0.040,0.020,0.020,-0.004,-0.041,1.000,0.000,0.000,-0.006,0.000,0.000,0.000,0.000,0,NULL,NULL,,1,0,2,7,255,,250,0,0
stim,3247,3247,0,587947.373,0.994,0.015,0.104,-0.007,42,57,72,53,10,0,33,33,0,0.000,0,0,0.115,0.006,-0.100,-0.040,-0.040,-0.004,-0.041,1.000,0.000,0.006,0.000,0.000,0.000,0.000,0.000,0,NULL,NULL,,1,0,2,7,255,,250,0,0
stim,3247,3247,0,587952.373,0.994,0.015,0.104,-0.007,53,87,71,39,30,0,56,8,0,0.000,0,0,0.110,0.006,-0.100,-0.040,0.020,-0.004,-0.042,0.999,0.000,0.006,-0.006,0.000,0.000,0.000,0.000,0,NULL,NULL,,1,0,2,7,255,,250,0,0
stim,3280,3280,0,587957.373,0.994,0.015,0.104,-0.007,63,56,47,55,9,0,27,29,0,0.000,0,0,0.069,0.006,-0.040,-0.040,-0.040,-0.004,-0.041,0.998,0.000,0.006,-0.014,0.000,0.000,0.000,0.000,0,NULL,NULL,,1,0,2,7,255,,250,0,0
stim,3280,3280,0,587962.373,0.994,0.015,0.104,-0.007,75,87,55,45,22,0,39,20,0,0.000,0,0,0.060,0.004,-0.040,-0.040,0.020,-0.003,-0.042,0.998,0.000,-0.004,-0.018,0.000,0.000,0.000,0.000,0,NULL,NULL,,1,0,2,7,255,,250,0,0
stim,3280,3280,0,587967.376,0.994,0.015,0.104,-0.007,45,67,66,27,29,0,54,10,0,0.000,0,0,0.128,0.004,-0.040,-0.120,0.020,-0.004,-0.042,1.001,0.000,-0.004,-0.018,0.000,0.000,0.000,0.000,0,NULL,NULL,,1,0,2,7,255,,250,0,0
stim,3280,3280,0,587972.373,0.994,0.015,0.104,-0.007,73,51,56,61,20,0,39,41,0,0.000,0,0,0.128,0.006,0.020,-0.120,-0.040,-0.003,-0.039,1.000,0.004,-0.004,-0.006,0.000,0.000,0.000,0.000,0,NULL,NULL,,1,0,2,7,255,,250,0,0
stim,3280,3280,0,587977.374,0.994,0.015,0.104,-0.007,71,63,60,61,6,0,22,37,0,0.000,0,0,0.161,0.007,-0.100,-0.120,-0.040,-0.004,-0.042,0.998,-0.006,-0.004,-0.006,0.000,0.000,0.000,0.000,0,NULL,NULL,,1,0,2,7,255,,250,0,0
stim,3280,3280,0,587982.373,0.994,0.015,0.104,-0.007,41,65,72,30,19,10,66,26,0,0.000,0,0,0.207,0.007,-0.100,-0.180,0.020,-0.004,-0.042,0.998,-0.006,-0.004,-0.018,0.000,0.000,0.000,0.000,0,NULL,NULL,,1,0,2,7,255,,250,0,0
stim,3295,3295,0,587987.373,0.994,0.015,0.104,-0.007,63,88,51,29,53,12,49,5,0,0.000,0,0,0.157,0.007,-0.100,-0.120,0.020,-0.004,-0.041,1.001,-0.006,-0.004,-0.018,0.000,0.000,0.000,0.000,0,NULL,NULL,,1,0,2,7,255,,250,0,0
stim,3295,3295,0,587992.373,0.994,0.015,0.104,-0.007,75,86,53,59,22,0,39,20,0,0.000,0,0,0.128,0.006,-0.040,-0.120,0.020,-0.003,-0.041,1.005,-0.006,0.002,0.010,0.000,0.000,0.000,0.000,0,NULL,NULL,,1,0,2,7,255,,250,0,0
stim,3295,3295,0,587997.373,0.994,0.015,0.104,-0.007,51,60,77,59,18,0,41,41,0,0.000,0,0,0.115,0.004,-0.100,-0.040,-0.040,-0.002,-0.042,1.003,0.004,0.002,0.034,0.000,0.000,0.000,0.000,0,NULL,NULL,,1,0,2,7,255,,250,0,0
stim,3295,3295,0,588002.373,0.994,0.015,0.104,-0.007,75,77,53,59,17,0,39,21,0,0.000,0,0,0.115,0.008,-0.100,-0.040,-0.040,-0.003,-0.042,1.003,0.008,-0.002,0.034,0.000,0.000,0.000,0.000,0,NULL,NULL,,1,0,2,7,255,,250,0,0
stim,3311,3311,0,588007.373,0.994,0.015,0.104,-0.007,69,60,73,54,21,0,38,46,0,0.000,0,0,0.110,0.008,-0.100,-0.040,0.020,-0.003,-0.042,1.001,0.008,-0.002,0.028,0.000,0.000,0.000,0.000,0,NULL,NULL,,1,0,2,7,255,,250,0,0
stim,3311,3311,0,588012.373,0.994,0.015,0.104,-0.007,59,76,54,56,43,7,55,12,0,0.000,0,0,0.110,0.009,-0.100,0.020,-0.040,-0.003,-0.042,1.000,0.004,-0.008,0.010,0.000,0.000,0.000,0.000,0,NULL,NULL,,1,0,2,7,255,,250,0,0
stim,3327,3327,0,588017.375,0.994,0.015,0.104,-0.007,51,59,79,57,20,0,43,40,0,0.000,0,0,0.170,0.009,-0.160,-0.040,-0.040,-0.004,-0.043,1.000,0.004,-0.008,0.004,0.000,0.000,0.000,0.000,0,NULL,NULL,,1,0,2,7,255,,250,0,0
stim,3327,3327,0,588022.373,0.994,0.015,0.104,-0.007,77,85,53,62,21,0,36,23,0,0.000,0,0,0.060,0.008,-0.040,-0.040,0.020,-0.004,-0.042,1.000,0.000,-0.008,0.000,0.000,0.000,0.000,0.000,0,NULL,NULL,,1,0,2,7,255,,250,0,0
stim,3327,3327,0,588027.373,0.994,0.015,0.104,-0.007,45,55,72,44,7,0,51,43,0,0.000,0,0,0.060,0.008,-0.040,0.020,-0.040,-0.004,-0.042,1.001,0.000,-0.008,0.004,0.000,0.000,0.000,0.000,0,NULL,NULL,,1,0,2,7,255,,250,0,0
stim,3327,3327,0,588032.373,0.994,0.015,0.104,-0.007,47,73,76,23,43,7,63,37,0,0.000,0,0,0.104,0.008,-0.100,0.020,0.020,-0.004,-0.041,1.001,0.000,-0.008,0.010,0.000,0.000,0.000,0.000,0,NULL,NULL,,1,0,2,7,255,,250,0,0
stim,3343,3343,0,588037.373,0.994,0.015,0.104,-0.007,45,60,77,36,43,4,63,13,0,0.000,0,0,0.110,0.006,-0.100,0.020,-0.040,-0.005,-0.042,1.000,-0.006,-0.002,0.010,0.000,0.000,0.000,0.000,0,NULL,NULL,,1,0,2,7,255,,250,0,0
stim,3343,3343,0,588042.373,0.994,0.015,0.104,-0.007,49,58,63,58,20,0,27,33,0,0.000,0,0,0.130,0.006,-0.100,0.080,0.020,-0.003,-0.042,0.998,-0.006,-0.002,0.004,0.000,0.000,0.000,0.000,0,NULL,NULL,,1,0,2,7,255,,250,0,0
stim,3391,3391,0,588047.373,0.994,0.015,0.104,-0.007,64,77,45,55,8,0,37,31,0,0.000,0,0,0.060,0.006,-0.040,0.020,-0.040,-0.004,-0.041,1.001,-0.006,-0.002,0.004,0.000,0.000,0.000,0.000,0,NULL,NULL,,1,0,2,7,255,,250,0,0
stim,3391,3391,0,588052.373,0.994,0.015,0.104,-0.007,54,87,75,37,39,6,61,12,0,0.000,0,0,0.104,0.004,-0.100,0.020,0.020,-0.003,-0.041,1.000,0.004,0.002,-0.002,0.000,0.000,0.000,0.000,0,NULL,NULL,,1,0,2,7,255,,250,0,0
stim,3391,3391,0,588057.373,0.994,0.015,0.104,-0.007,45,62,78,39,22,0,60,31,0,0.000,0,0,0.104,0.006,-0.100,0.020,0.020,-0.004,-0.041,0.999,-0.006,0.002,-0.002,0.000,0.000,0.000,0.000,0,NULL,NULL,,1,0,2,7,255,,250,0,0
stim,3391,3391,0,588062.373,0.994,0.015,0.104,-0.007,76,85,55,63,22,0,39,41,0,0.000,0,0,0.104,0.006,-0.100,0.020,0.020,-0.004,-0.042,0.998,-0.006,0.002,-0.010,0.000,0.000,0.000,0.000,0,NULL,NULL,,1,0,2,7,255,,250,0,0
stim,3391,3391,0,588067.374,0.994,0.015,0.104,-0.007,77,89,42,53,17,0,27,37,0,0.000,0,0,0.060,0.006,-0.040,0.020,-0.040,-0.004,-0.041,0.999,-0.006,0.002,-0.010,0.000,0.000,0.000,0.000,0,NULL,NULL,,1,0,2,7,255,,250,0,0
stim,3391,3391,0,588072.374,0.994,0.015,0.104,-0.007,43,55,77,60,19,0,43,41,0,0.000,0,0,0.110,0.007,-0.100,-0.040,0.020,-0.003,-0.042,0.998,-0.006,-0.004,-0.020,0.000,0.000,0.000,0.000,0,NULL,NULL,,1,0,2,7,255,,250,0,0
stim,3391,3391,0,588077.373,0.994,0.015,0.104,-0.007,43,57,73,51,13,0,45,41,0,0.000,0,0,0.115,0.002,-0.100,-0.040,-0.040,-0.004,-0.041,0.999,0.000,0.002,-0.014,0.000,0.000,0.000,0.000,0,NULL,NULL,,1,0,2,7,255,,250,0,0
stim,3391,3391,0,588082.373,0.994,0.015,0.104,-0.007,51,61,78,60,39,1,59,41,0,0.000,0,0,0.049,0.002,-0.040,0.020,0.020,-0.004,-0.042,1.000,0.000,-0.002,-0.014,0.000,0.000,0.000,0.000,0,NULL,NULL,,1,0,2,7,255,,250,0,0
stim,3407,3407,0,588087.373,0.994,0.015,0.104,-0.007,72,67,49,57,9,0,31,31,0,0.000,0,0,0.115,0.002,-0.100,-0.040,-0.040,-0.004,-0.041,1.000,0.000,0.002,0.000,0.000,0.000,0.000,0.000,0,NULL,NULL,,1,0,2,7,255,,250,0,0
stim,3407,3407,0,588092.373,0.994,0.015,0.104,-0.007,51,61,79,59,21,0,43,43,0,0.000,0,0,0.115,0.002,-0.100,-0.040,-0.040,-0.004,-0.041,1.000,0.000,0.002,0.000,0.000,0.000,0.000,0.000,0,NULL,NULL,,1,0,2,7,255,,250,0,0
stim,3407,3407,0,588097.373,0.994,0.015,0.104,-0.007,71,67,68,59,10,0,28,37,0,0.000,0,0,0.110,0.002,-0.100,0.020,-0.040,-0.003,-0.041,1.000,0.000,0.002,0.000,0.000,0.000,0.000,0.000,0,NULL,NULL,,1,0,2,7,255,,250,0,0
stim,3407,3407,0,588102.373,0.994,0.015,0.104,-0.007,47,83,78,39,31,4,60,17,0,0.000,0,0,0.060,0.006,-0.040,0.020,-0.040,-0.004,-0.040,1.000,0.000,0.006,0.000,0.000,0.000,0.000,0.000,0,NULL,NULL,,1,0,2,7,255,,250,0,0
stim,3407,3407,0,588107.373,0.994,0.015,0.104,-0.007,69,61,73,61,18,0,36,39,0,0.000,0,0,0.060,0.007,-0.040,0.020,-0.040,-0.003,-0.041,1.000,0.004,0.006,0.000,0.000,0.000,0.000,0.000,0,NULL,NULL,,1,0,2,7,255,,250,0,0
stim,3407,3407,0,588112.373,0.994,0.015,0.104,-0.007,51,84,76,39,43,6,61,18,0,0.000,0,0,0.115,0.007,-0.100,-0.040,-0.040,-0.003,-0.041,1.000,0.004,0.006,0.000,0.000,0.000,0.000,0.000,0,NULL,NULL,,1,0,2,7,255,,250,0,0
stim,3423,3423,0,588117.373,0.994,0.015,0.104,-0.007,43,62,75,27,29,0,48,11,0,0.000,0,0,0.110,0.004,-0.100,-0.040,0.020,-0.002,-0.041,1.000,0.004,0.002,0.000,0.000,0.000,0.000,0.000,0,NULL,NULL,,1,0,2,7,255,,250,0,0
stim,3423,3423,0,588122.373,0.994,0.015,0.104,-0.007,51,61,77,59,21,0,42,41,0,0.000,0,0,0.049,0.008,-0.040,0.020,0.020,-0.003,-0.040,1.001,0.008,0.002,0.004,0.000,0.000,0.000,0.000,0,NULL,NULL,,1,0,2,7,255,,250,0,0
stim,3423,3423,0,588127.373,0.994,0.015,0.104,-0.007,69,61,77,60,18,0,43,41,0,0.000,0,0,0.104,0.008,-0.100,0.020,0.020,-0.004,-0.041,1.000,0.008,0.002,0.004,0.000,0.000,0.000,0.000,0,NULL,NULL,,1,0,2,7,255,,250,0,0
stim,3423,3423,0,588132.373,0.994,0.015,0.104,-0.007,47,59,76,57,22,0,59,37,0,0.000,0,0,0.069,0.004,-0.040,-0.040,-0.040,-0.003,-0.041,1.001,0.004,0.002,0.008,0.000,0.000,0.000,0.000,0,NULL,NULL,,1,0,2,7,255,,250,0,0
stim,3441,3441,0,588137.373,0.994,0.015,0.104,-0.007,51,59,82,43,27,0,63,41,0,0.000,0,0,0.166,0.004,-0.160,-0.040,0.020,-0.003,-0.041,1.000,0.004,0.002,0.004,0.000,0.000,0.000,0.000,0,NULL,NULL,,1,0,2,7,255,,250,0,0
stim,3441,3441,0,588142.373,0.994,0.015,0.104,-0.007,73,87,51,41,21,0,37,13,0,0.000,0,0,0.104,0.004,-0.100,0.020,0.020,-0.004,-0.041,1.001,0.004,0.002,0.010,0.000,0.000,0.000,0.000,0,NULL,NULL,,1,0,2,7,255,,250,0,0
stim,3455,3455,0,588147.373,0.994,0.015,0.104,-0.007,69,61,55,61,18,0,35,39,0,0.000,0,0,0.110,0.002,-0.100,-0.040,0.020,-0.004,-0.041,1.001,0.000,0.002,0.010,0.000,0.000,0.000,0.000,0,NULL,NULL,,1,0,2,7,255,,250,0,0
stim,3455,3455,0,588152.373,0.994,0.015,0.104,-0.007,71,60,57,62,23,0,39,39,0,0.000,0,0,0.069,0.006,-0.040,-0.040,-0.040,-0.004,-0.041,1.000,0.000,0.006,0.010,0.000,0.000,0.000,0.000,0,NULL,NULL,,1,0,2,7,255,,250,0,0
stim,3477,3477,0,588157.373,0.994,0.015,0.104,-0.007,69,61,79,61,23,0,44,43,0,0.000,0,0,0.110,0.006,-0.100,-0.040,0.020,-0.005,-0.041,0.999,-0.002,0.006,0.000,0.000,0.000,0.000,0.000,0,NULL,NULL,,1,0,2,7,255,,250,0,0
stim,3477,3477,0,588162.373,0.994,0.015,0.104,-0.007,77,85,53,63,23,0,39,24,0,0.000,0,0,0.110,0.003,-0.100,0.020,-0.040,-0.004,-0.041,1.000,-0.002,0.002,0.000,0.000,0.000,0.000,0.000,0,NULL,NULL,,1,0,2,7,255,,250,0,0
stim,3479,3479,0,588167.375,0.994,0.015,0.104,-0.007,45,58,73,39,18,0,58,37,0,0.000,0,0,0.130,0.002,-0.100,0.080,0.020,-0.003,-0.041,1.000,0.000,0.002,0.000,0.000,0.000,0.000,0.000,0,NULL,NULL,,1,0,2,7,255,,250,0,0
stim,3479,3479,0,588172.373,0.994,0.015,0.104,-0.007,73,85,55,40,43,6,57,13,0,0.000,0,0,0.104,0.002,-0.100,0.020,0.020,-0.004,-0.041,1.000,0.000,0.002,0.004,0.000,0.000,0.000,0.000,0,NULL,NULL,,1,0,2,7,255,,250,0,0
stim,3479,3479,0,588177.375,0.994,0.015,0.104,-0.007,75,86,52,63,20,1,37,39,0,0.000,0,0,0.110,0.007,-0.100,-0.040,0.020,-0.003,-0.040,1.000,0.004,0.006,0.004,0.000,0.000,0.000,0.000,0,NULL,NULL,,1,0,2,7,255,,250,0,0
stim,3479,3479,0,588182.373,0.994,0.015,0.104,-0.007,73,85,53,57,41,9,42,16,0,0.000,0,0,0.060,0.008,-0.040,0.020,-0.040,-0.004,-0.042,1.002,-0.006,0.006,0.004,0.000,0.000,0.000,0.000,0,NULL,NULL,,1,0,2,7,255,,250,0,0
stim,3505,3505,0,588187.373,0.994,0.015,0.104,-0.007,61,59,71,57,11,0,37,29,0,0.000,0,0,0.060,0.002,-0.040,0.020,-0.040,-0.004,-0.041,1.002,0.000,0.002,0.018,0.000,0.000,0.000,0.000,0,NULL,NULL,,1,0,2,7,255,,250,0,0
stim,3505,3505,0,588192.373,0.994,0.015,0.104,-0.007,53,85,51,39,38,0,53,12,0,0.000,0,0,0.049,0.007,-0.040,0.020,0.020,-0.005,-0.042,1.000,-0.006,-0.004,0.018,0.000,0.000,0.000,0.000,0,NULL,NULL,,1,0,2,7,255,,250,0,0
stim,3505,3505,0,588197.373,0.994,0.015,0.104,-0.007,69,77,55,59,20,0,37,38,0,0.000,0,0,0.049,0.006,-0.040,0.020,0.020,-0.004,-0.041,1.000,-0.006,0.000,0.004,0.000,0.000,0.000,0.000,0,NULL,NULL,,1,0,2,7,255,,250,0,0
stim,3505,3505,0,588202.373,0.994,0.015,0.104,-0.007,46,63,79,38,37,1,60,31,0,0.000,0,0,0.162,0.007,-0.160,0.020,0.020,-0.004,-0.042,0.999,-0.006,-0.004,-0.002,0.000,0.000,0.000,0.000,0,NULL,NULL,,1,0,2,7,255,,250,0,0
stim,3505,3505,0,588207.373,0.994,0.015,0.104,-0.007,45,61,83,39,31,0,69,35,0,0.000,0,0,0.110,0.007,-0.100,-0.040,0.020,-0.003,-0.042,1.000,-0.006,-0.004,-0.006,0.000,0.000,0.000,0.000,0,NULL,NULL,,1,0,2,7,255,,250,0,0
stim,3505,3505,0,588212.373,0.994,0.015,0.104,-0.007,61,69,75,43,41,5,63,22,0,0.000,0,0,0.069,0.009,-0.040,-0.040,-0.040,-0.003,-0.042,1.000,0.008,-0.004,-0.006,0.000,0.000,0.000,0.000,0,NULL,NULL,,1,0,2,7,255,,250,0,0
stim,3519,3519,0,588217.374,0.994,0.015,0.104,-0.007,45,67,83,40,28,0,67,37,0,0.000,0,0,0.085,0.009,0.020,0.020,0.080,-0.004,-0.042,1.000,0.008,-0.004,-0.006,0.000,0.000,0.000,0.000,0,NULL,NULL,,1,0,2,7,255,,250,0,0
stim,3519,3519,0,588222.373,0.994,0.015,0.104,-0.007,53,87,52,35,38,0,53,13,0,0.000,0,0,0.110,0.006,-0.100,0.020,-0.040,-0.003,-0.041,1.000,0.004,-0.004,0.000,0.000,0.000,0.000,0.000,0,NULL,NULL,,1,0,2,7,255,,250,0,0
stim,3536,3536,0,588227.373,0.994,0.015,0.104,-0.007,75,89,52,60,36,0,37,21,0,0.000,0,0,0.060,0.004,-0.040,-0.040,0.020,-0.004,-0.042,1.001,0.000,-0.004,0.004,0.000,0.000,0.000,0.000,0,NULL,NULL,,1,0,2,7,255,,250,0,0
stim,3536,3536,0,588232.373,0.994,0.015,0.104,-0.007,77,88,55,47,22,0,35,23,0,0.000,0,0,0.130,0.002,-0.100,0.080,0.020,-0.004,-0.041,1.000,0.000,0.002,0.004,0.000,0.000,0.000,0.000,0,NULL,NULL,,1,0,2,7,255,,250,0,0
stim,3536,3536,0,588237.373,0.994,0.015,0.104,-0.007,62,87,43,33,28,0,49,8,0,0.000,0,0,0.104,0.006,-0.100,0.020,0.020,-0.004,-0.041,0.999,-0.006,0.002,0.004,0.000,0.000,0.000,0.000,0,NULL,NULL,,1,0,2,7,255,,250,0,0
stim,3536,3536,0,588242.373,0.994,0.015,0.104,-0.007,75,67,57,63,22,0,39,40,0,0.000,0,0,0.104,0.006,-0.100,0.020,0.020,-0.003,-0.042,1.000,-0.006,0.002,0.000,0.000,0.000,0.000,0.000,0,NULL,NULL,,1,0,2,7,255,,250,0,0
stim,3554,3554,0,588247.373,0.994,0.015,0.104,-0.007,69,61,71,59,18,0,35,39,0,0.000,0,0,0.092,0.004,-0.040,0.080,0.020,-0.003,-0.041,1.001,0.004,0.002,0.000,0.000,0.000,0.000,0.000,0,NULL,NULL,,1,0,2,7,255,,250,0,0
stim,3554,3554,0,588252.373,0.994,0.015,0.104,-0.007,46,63,78,39,23,0,61,31,0,0.000,0,0,0.110,0.004,-0.100,0.020,-0.040,-0.004,-0.041,1.001,0.004,0.002,0.008,0.000,0.000,0.000,0.000,0,NULL,NULL,,1,0,2,7,255,,250,0,0
stim,3583,3583,0,588257.373,0.994,0.015,0.104,-0.007,48,59,78,42,25,0,61,41,0,0.000,0,0,0.104,0.004,-0.100,0.020,0.020,-0.002,-0.041,1.000,0.004,0.002,0.008,0.000,0.000,0.000,0.000,0,NULL,NULL,,1,0,2,7,255,,250,0,0
stim,3583,3583,0,588262.373,0.994,0.015,0.104,-0.007,45,61,55,37,39,0,56,11,0,0.000,0,0,0.104,0.004,-0.100,0.020,0.020,-0.003,-0.042,0.999,0.004,0.002,-0.006,0.000,0.000,0.000,0.000,0,NULL,NULL,,1,0,2,7,255,,250,0,0
stim,3583,3583,0,588267.375,0.994,0.015,0.104,-0.007,45,63,78,37,41,4,63,18,0,0.000,0,0,0.049,0.015,-0.040,0.020,0.020,-0.003,-0.042,1.000,0.004,-0.014,-0.006,0.000,0.000,0.000,0.000,0,NULL,NULL,,1,0,2,7,255,,250,0,0
stim,3583,3583,0,588272.373,0.994,0.015,0.104,-0.007,44,74,58,26,30,5,54,6,0,0.000,0,0,0.049,0.015,-0.040,0.020,0.020,-0.004,-0.041,0.999,0.004,-0.014,-0.014,0.000,0.000,0.000,0.000,0,NULL,NULL,,1,0,2,7,255,,250,0,0
stim,3583,3583,0,588277.373,0.994,0.015,0.104,-0.007,65,52,69,56,3,0,27,36,0,0.000,0,0,0.104,0.000,-0.100,0.020,0.020,-0.004,-0.040,1.001,0.000,0.000,-0.006,0.000,0.000,0.000,0.000,0,NULL,NULL,,1,0,2,7,255,,250,0,0
stim,3583,3583,0,588282.373,0.994,0.015,0.104,-0.007,45,58,71,39,39,1,67,17,0,0.000,0,0,0.162,0.000,-0.160,0.020,0.020,-0.004,-0.042,1.000,0.000,0.000,0.004,0.000,0.000,0.000,0.000,0,NULL,NULL,,1,0,2,7,255,,250,0,0
stim,3599,3599,0,588287.373,0.994,0.015,0.104,-0.007,44,57,76,47,16,0,43,37,0,0.000,0,0,0.110,0.008,-0.100,0.020,-0.040,-0.003,-0.042,1.000,0.000,-0.008,0.004,0.000,0.000,0.000,0.000,0,NULL,NULL,,1,0,2,7,255,,250,0,0
stim,3599,3599,0,588292.373,0.994,0.015,0.104,-0.007,77,85,56,67,20,0,31,41,0,0.000,0,0,0.060,0.009,-0.040,0.020,-0.040,-0.003,-0.041,1.000,0.004,-0.008,0.004,0.000,0.000,0.000,0.000,0,NULL,NULL,,1,0,2,7,255,,250,0,0
stim,3599,3599,0,588297.373,0.994,0.015,0.104,-0.007,38,67,71,31,30,0,57,8,0,0.000,0,0,0.110,0.004,-0.100,-0.040,0.020,-0.004,-0.041,1.000,0.004,0.002,0.004,0.000,0.000,0.000,0.000,0,NULL,NULL,,1,0,2,7,255,,250,0,0
stim,3599,3599,0,588302.373,0.994,0.015,0.104,-0.007,43,56,71,31,16,0,51,30,0,0.000,0,0,0.110,0.002,-0.100,0.020,-0.040,-0.004,-0.041,1.000,0.000,0.002,0.000,0.000,0.000,0.000,0.000,0,NULL,NULL,,1,0,2,7,255,,250,0,0
stim,3615,3615,0,588307.373,0.994,0.015,0.104,-0.007,53,63,72,57,11,0,54,30,0,0.000,0,0,0.110,0.008,-0.100,0.020,-0.040,-0.004,-0.041,0.999,-0.006,0.006,-0.006,0.000,0.000,0.000,0.000,0,NULL,NULL,,1,0,2,7,255,,250,0,0
stim,3615,3615,0,588312.373,0.994,0.015,0.104,-0.007,43,55,82,26,39,1,61,57,0,0.000,0,0,0.110,0.008,-0.100,0.020,-0.040,-0.004,-0.041,1.000,-0.006,0.006,-0.006,0.000,0.000,0.000,0.000,0,NULL,NULL,,1,0,2,7,255,,250,0,0
stim,3631,3631,0,588317.374,0.994,0.015,0.104,-0.007,69,59,72,61,17,0,35,39,0,0.000,0,0,0.060,0.008,-0.040,-0.040,0.020,-0.003,-0.041,0.999,-0.006,0.006,-0.016,0.000,0.000,0.000,0.000,0,NULL,NULL,,1,0,2,7,255,,250,0,0
stim,3631,3631,0,588322.373,0.994,0.015,0.104,-0.007,55,87,71,31,35,0,57,16,0,0.000,0,0,0.060,0.004,-0.040,-0.040,0.020,-0.003,-0.042,1.001,0.004,0.002,-0.006,0.000,0.000,0.000,0.000,0,NULL,NULL,,1,0,2,7,255,,250,0,0
stim,3631,3631,0,588327.373,0.994,0.015,0.104,-0.007,46,57,75,44,11,0,55,35,0,0.000,0,0,0.035,0.010,0.020,0.020,0.020,-0.002,-0.041,1.001,0.008,0.006,0.014,0.000,0.000,0.000,0.000,0,NULL,NULL,,1,0,2,7,255,,250,0,0
stim,3631,3631,0,588332.373,0.994,0.015,0.104,-0.007,71,81,49,46,36,7,33,7,0,0.000,0,0,0.060,0.008,-0.040,0.020,-0.040,-0.003,-0.041,1.000,0.008,0.002,0.014,0.000,0.000,0.000,0.000,0,NULL,NULL,,1,0,2,7,255,,250,0,0
stim,3631,3631,0,588337.373,0.994,0.015,0.104,-0.007,62,36,61,55,17,0,31,29,0,0.000,0,0,0.110,0.008,-0.100,0.020,-0.040,-0.004,-0.041,1.000,0.008,0.002,0.004,0.000,0.000,0.000,0.000,0,NULL,NULL,,1,0,2,7,255,,250,0,0
stim,3631,3631,0,588342.373,0.994,0.015,0.104,-0.007,51,59,77,59,19,0,59,42,0,0.000,0,0,0.104,0.003,-0.100,0.020,0.020,-0.004,-0.042,1.000,-0.002,0.002,0.004,0.000,0.000,0.000,0.000,0,NULL,NULL,,1,0,2,7,255,,250,0,0
stim,3680,3680,0,588347.373,0.994,0.015,0.104,-0.007,36,53,69,28,40,0,57,25,0,0.000,0,0,0.060,0.004,-0.040,0.020,-0.040,-0.004,-0.042,1.000,-0.002,-0.004,0.004,0.000,0.000,0.000,0.000,0,NULL,NULL,,1,0,2,7,255,,250,0,0
stim,3680,3680,0,588352.373,0.994,0.015,0.104,-0.007,43,55,73,43,20,0,53,37,0,0.000,0,0,0.049,0.004,-0.040,0.020,0.020,-0.003,-0.041,1.001,0.000,-0.004,0.004,0.000,0.000,0.000,0.000,0,NULL,NULL,,1,0,2,7,255,,250,0,0
stim,3680,3680,0,588357.373,0.994,0.015,0.104,-0.007,48,75,57,37,31,0,55,10,0,0.000,0,0,0.049,0.004,-0.040,0.020,0.020,-0.003,-0.041,1.000,0.004,0.002,0.004,0.000,0.000,0.000,0.000,0,NULL,NULL,,1,0,2,7,255,,250,0,0
stim,3680,3680,0,588362.373,0.994,0.015,0.104,-0.007,51,61,81,59,21,0,61,42,0,0.000,0,0,0.110,0.004,-0.100,0.020,-0.040,-0.004,-0.041,1.001,0.004,0.002,0.008,0.000,0.000,0.000,0.000,0,NULL,NULL,,1,0,2,7,255,,250,0,0
stim,3680,3680,0,588367.374,0.994,0.015,0.104,-0.007,71,70,51,56,5,0,25,31,0,0.000,0,0,0.060,0.004,-0.040,0.020,-0.040,-0.003,-0.041,1.000,0.004,0.002,0.004,0.000,0.000,0.000,0.000,0,NULL,NULL,,1,0,2,7,255,,250,0,0
stim,3680,3680,0,588372.373,0.994,0.015,0.104,-0.007,58,54,82,59,22,0,45,41,0,0.000,0,0,0.166,0.003,-0.160,0.020,-0.040,-0.004,-0.042,0.998,-0.002,0.002,-0.002,0.000,0.000,0.000,0.000,0,NULL,NULL,,1,0,2,7,255,,250,0,0
stim,3695,3695,0,588377.375,0.994,0.015,0.104,-0.007,59,55,55,61,10,0,25,29,0,0.000,0,0,0.060,0.004,-0.040,0.020,-0.040,-0.004,-0.042,1.000,-0.002,-0.004,-0.002,0.000,0.000,0.000,0.000,0,NULL,NULL,,1,0,2,7,255,,250,0,0
stim,3695,3695,0,588382.373,0.994,0.015,0.104,-0.007,71,61,57,63,20,0,37,41,0,0.000,0,0,0.049,0.004,-0.040,0.020,0.020,-0.004,-0.040,1.001,-0.002,-0.004,0.004,0.000,0.000,0.000,0.000,0,NULL,NULL,,1,0,2,7,255,,250,0,0
stim,3695,3695,0,588387.373,0.994,0.015,0.104,-0.007,75,85,47,61,31,0,35,21,0,0.000,0,0,0.166,0.004,-0.160,0.020,-0.040,-0.004,-0.042,1.000,-0.002,-0.004,0.004,0.000,0.000,0.000,0.000,0,NULL,NULL,,1,0,2,7,255,,250,0,0
stim,3695,3695,0,588392.373,0.994,0.015,0.104,-0.007,69,81,43,51,19,0,50,39,0,0.000,0,0,0.060,0.006,-0.040,-0.040,0.020,-0.004,-0.041,1.002,-0.006,0.002,0.008,0.000,0.000,0.000,0.000,0,NULL,NULL,,1,0,2,7,255,,250,0,0
stim,3695,3695,0,588397.373,0.994,0.015,0.104,-0.007,47,67,74,33,33,0,56,12,0,0.000,0,0,0.104,0.002,-0.100,0.020,0.020,-0.003,-0.041,0.999,-0.002,0.000,0.000,0.000,0.000,0.000,0.000,0,NULL,NULL,,1,0,2,7,255,,250,0,0
stim,3695,3695,0,588402.373,0.994,0.015,0.104,-0.007,51,61,82,43,13,0,57,41,0,0.000,0,0,0.060,0.006,-0.040,-0.040,0.020,-0.005,-0.041,0.999,-0.006,0.000,-0.010,0.000,0.000,0.000,0.000,0,NULL,NULL,,1,0,2,7,255,,250,0,0
stim,3711,3711,0,588407.373,0.994,0.015,0.104,-0.007,61,83,43,33,35,0,45,8,0,0.000,0,0,0.060,0.006,-0.040,-0.040,0.020,-0.004,-0.041,1.001,-0.006,0.000,-0.010,0.000,0.000,0.000,0.000,0,NULL,NULL,,1,0,2,7,255,,250,0,0
stim,3711,3711,0,588412.373,0.994,0.015,0.104,-0.007,53,62,83,61,11,0,39,43,0,0.000,0,0,0.049,0.006,-0.040,0.020,0.020,-0.003,-0.042,1.002,-0.006,0.000,0.008,0.000,0.000,0.000,0.000,0,NULL,NULL,,1,0,2,7,255,,250,0,0
stim,3727,3727,0,588417.373,0.994,0.015,0.104,-0.007,53,62,82,44,26,0,67,41,0,0.000,0,0,0.060,0.002,-0.040,0.020,-0.040,-0.004,-0.042,1.001,0.000,-0.002,0.008,0.000,0.000,0.000,0.000,0,NULL,NULL,,1,0,2,7,255,,250,0,0
stim,3727,3727,0,588422.373,0.994,0.015,0.104,-0.007,73,87,55,39,43,5,57,14,0,0.000,0,0,0.110,0.004,-0.100,0.020,-0.040,-0.004,-0.042,0.999,0.000,-0.004,0.008,0.000,0.000,0.000,0.000,0,NULL,NULL,,1,0,2,7,255,,250,0,0
stim,3727,3727,0,588427.373,0.994,0.015,0.104,-0.007,47,61,83,41,28,0,68,40,0,0.000,0,0,0.110,0.004,-0.100,0.020,-0.040,-0.004,-0.042,1.000,0.000,-0.004,-0.006,0.000,0.000,0.000,0.000,0,NULL,NULL,,1,0,2,7,255,,250,0,0
stim,3727,3727,0,588432.373,0.994,0.015,0.104,-0.007,45,62,77,38,39,0,61,17,0,0.000,0,0,0.035,0.004,0.020,0.020,0.020,-0.004,-0.042,1.001,0.000,-0.004,-0.006,0.000,0.000,0.000,0.000,0,NULL,NULL,,1,0,2,7,255,,250,0,0
stim,3743,3743,0,588437.373,0.994,0.015,0.104,-0.007,67,75,51,29,31,0,46,9,0,0.000,0,0,0.049,0.002,-0.040,0.020,0.020,-0.003,-0.041,1.000,0.000,-0.002,-0.006,0.000,0.000,0.000,0.000,0,NULL,NULL,,1,0,2,7,255,,250,0,0
stim,3743,3743,0,588442.373,0.994,0.015,0.104,-0.007,51,51,69,55,12,0,54,36,0,0.000,0,0,0.130,0.002,-0.100,0.020,0.080,-0.004,-0.041,1.001,0.000,0.002,0.008,0.000,0.000,0.000,0.000,0,NULL,NULL,,1,0,2,7,255,,250,0,0
stim,3759,3759,0,588447.373,0.994,0.015,0.104,-0.007,52,61,79,60,21,0,47,43,0,0.000,0,0,0.069,0.004,-0.040,-0.040,-0.040,-0.003,-0.041,1.000,0.004,0.002,0.004,0.000,0.000,0.000,0.000,0,NULL,NULL,,1,0,2,7,255,,250,0,0
stim,3759,3759,0,588452.373,0.994,0.015,0.104,-0.007,52,61,79,67,20,0,42,41,0,0.000,0,0,0.060,0.004,-0.040,0.020,-0.040,-0.003,-0.041,1.000,0.004,0.002,0.004,0.000,0.000,0.000,0.000,0,NULL,NULL,,1,0,2,7,255,,250,0,0
stim,3777,3777,0,588457.373,0.994,0.015,0.104,-0.007,53,53,75,55,19,0,38,33,0,0.000,0,0,0.069,0.004,-0.040,-0.040,-0.040,-0.004,-0.041,1.001,0.004,0.002,0.004,0.000,0.000,0.000,0.000,0,NULL,NULL,,1,0,2,7,255,,250,0,0
stim,3777,3777,0,588462.373,0.994,0.015,0.104,-0.007,43,59,71,36,37,28,56,9,0,0.000,0,0,0.134,0.002,-0.100,0.080,-0.040,-0.004,-0.041,1.000,0.000,0.002,0.004,0.000,0.000,0.000,0.000,0,NULL,NULL,,1,0,2,7,255,,250,0,0
stim,3778,3778,0,588467.375,0.994,0.015,0.104,-0.007,45,63,83,39,11,0,69,18,0,0.000,0,0,0.104,0.006,-0.100,0.020,0.020,-0.004,-0.042,1.000,-0.006,0.002,0.004,0.000,0.000,0.000,0.000,0,NULL,NULL,,1,0,2,7,255,,250,0,0
stim,3778,3778,0,588472.373,0.994,0.015,0.104,-0.007,75,68,53,61,24,0,38,39,0,0.000,0,0,0.098,0.002,-0.040,0.080,-0.040,-0.004,-0.041,1.000,0.000,0.002,-0.002,0.000,0.000,0.000,0.000,0,NULL,NULL,,1,0,2,7,255,,250,0,0
stim,3778,3778,0,588477.373,0.994,0.015,0.104,-0.007,51,62,75,67,21,0,37,41,0,0.000,0,0,0.110,0.004,-0.100,0.020,-0.040,-0.003,-0.042,1.000,0.000,-0.004,-0.002,0.000,0.000,0.000,0.000,0,NULL,NULL,,1,0,2,7,255,,250,0,0
stim,3778,3778,0,588482.373,0.994,0.015,0.104,-0.007,45,61,75,37,43,7,63,13,0,0.000,0,0,0.104,0.004,-0.100,0.020,0.020,-0.004,-0.042,1.000,0.000,-0.004,-0.002,0.000,0.000,0.000,0.000,0,NULL,NULL,,1,0,2,7,255,,250,0,0
stim,3791,3791,0,588487.373,0.994,0.015,0.104,-0.007,45,55,73,37,25,0,53,39,0,0.000,0,0,0.110,0.004,-0.100,0.020,-0.040,-0.004,-0.041,1.000,0.000,-0.004,-0.002,0.000,0.000,0.000,0.000,0,NULL,NULL,,1,0,2,7,255,,250,0,0
stim,3791,3791,0,588492.373,0.994,0.015,0.104,-0.007,69,82,47,38,31,0,51,20,0,0.000,0,0,0.104,0.002,-0.100,0.020,0.020,-0.003,-0.041,1.000,0.000,0.002,-0.002,0.000,0.000,0.000,0.000,0,NULL,NULL,,1,0,2,7,255,,250,0,0
stim,3791,3791,0,588497.373,0.994,0.015,0.104,-0.007,51,59,79,59,23,0,45,41,0,0.000,0,0,0.049,0.004,-0.040,0.020,0.020,-0.003,-0.041,1.000,0.004,0.002,-0.006,0.000,0.000,0.000,0.000,0,NULL,NULL,,1,0,2,7,255,,250,0,0
stim,3791,3791,0,588502.373,0.994,0.015,0.104,-0.007,53,61,83,46,13,0,54,43,0,0.000,0,0,0.035,0.004,0.020,0.020,0.020,-0.003,-0.041,1.000,0.004,0.002,-0.006,0.000,0.000,0.000,0.000,0,NULL,NULL,,1,0,2,7,255,,250,0,0
stim,3807,3807,0,588507.373,0.994,0.015,0.104,-0.007,56,51,47,57,6,0,31,37,0,0.000,0,0,0.104,0.007,-0.100,0.020,0.020,-0.004,-0.041,1.000,0.004,0.006,-0.006,0.000,0.000,0.000,0.000,0,NULL,NULL,,1,0,2,7,255,,250,0,0
stim,3807,3807,0,588512.373,0.994,0.015,0.104,-0.007,85,75,51,75,38,0,37,22,0,0.000,0,0,0.060,0.008,-0.040,0.020,-0.040,-0.004,-0.041,1.001,-0.006,0.006,0.004,0.000,0.000,0.000,0.000,0,NULL,NULL,,1,0,2,7,255,,250,0,0
stim,3823,3823,0,588517.373,0.994,0.015,0.104,-0.007,49,67,69,23,29,0,51,12,0,0.000,0,0,0.104,0.006,-0.100,0.020,0.020,-0.004,-0.041,1.000,-0.006,0.002,0.004,0.000,0.000,0.000,0.000,0,NULL,NULL,,1,0,2,7,255,,250,0,0
stim,3823,3823,0,588522.373,0.994,0.015,0.104,-0.007,55,86,74,38,39,0,59,13,0,0.000,0,0,0.104,0.006,-0.100,0.020,0.020,-0.004,-0.041,1.000,-0.006,0.002,-0.006,0.000,0.000,0.000,0.000,0,NULL,NULL,,1,0,2,7,255,,250,0,0
stim,3842,3842,0,588527.373,0.994,0.015,0.104,-0.007,53,85,53,35,36,0,57,12,0,0.000,0,0,0.110,0.006,-0.100,-0.040,0.020,-0.003,-0.041,1.000,0.000,0.006,-0.006,0.000,0.000,0.000,0.000,0,NULL,NULL,,1,0,2,7,255,,250,0,0
stim,3842,3842,0,588532.373,0.994,0.015,0.104,-0.007,75,83,53,61,21,0,39,23,0,0.000,0,0,0.130,0.006,-0.100,0.020,0.080,-0.004,-0.041,1.000,0.000,0.006,-0.006,0.000,0.000,0.000,0.000,0,NULL,NULL,,1,0,2,7,255,,250,0,0
stim,3842,3842,0,588537.373,0.994,0.015,0.104,-0.007,73,87,55,57,47,12,43,16,0,0.000,0,0,0.060,0.004,-0.040,0.020,-0.040,-0.003,-0.041,1.000,0.004,0.002,-0.002,0.000,0.000,0.000,0.000,0,NULL,NULL,,1,0,2,7,255,,250,0,0
stim,3842,3842,0,588542.373,0.994,0.015,0.104,-0.007,45,62,77,38,38,1,59,31,0,0.000,0,0,0.049,0.000,-0.040,0.020,0.020,-0.004,-0.042,1.001,0.000,0.000,0.004,0.000,0.000,0.000,0.000,0,NULL,NULL,,1,0,2,7,255,,250,0,0
stim,3843,3843,0,588547.373,0.994,0.015,0.104,-0.007,56,67,62,53,10,0,33,33,0,0.000,0,0,0.110,0.004,-0.100,0.020,-0.040,-0.003,-0.041,1.000,0.004,0.002,0.004,0.000,0.000,0.000,0.000,0,NULL,NULL,,1,0,2,7,255,,250,0,0
stim,3843,3843,0,588552.373,0.994,0.015,0.104,-0.007,59,59,67,57,17,0,39,37,0,0.000,0,0,0.049,0.003,-0.040,0.020,0.020,-0.004,-0.040,1.000,-0.002,0.002,0.004,0.000,0.000,0.000,0.000,0,NULL,NULL,,1,0,2,7,255,,250,0,0
stim,3871,3871,0,588557.373,0.994,0.015,0.104,-0.007,67,57,53,59,19,0,26,37,0,0.000,0,0,0.104,0.002,-0.100,0.020,0.020,-0.004,-0.041,1.000,0.000,0.002,0.004,0.000,0.000,0.000,0.000,0,NULL,NULL,,1,0,2,7,255,,250,0,0
stim,3871,3871,0,588562.373,0.994,0.015,0.104,-0.007,47,58,77,38,39,0,59,33,0,0.000,0,0,0.110,0.010,-0.100,0.020,-0.040,-0.003,-0.040,1.001,0.000,0.010,0.004,0.000,0.000,0.000,0.000,0,NULL,NULL,,1,0,2,7,255,,250,0,0
stim,3871,3871,0,588567.376,0.994,0.015,0.104,-0.007,44,56,79,37,18,0,55,31,0,0.000,0,0,0.104,0.002,-0.100,0.020,0.020,-0.004,-0.042,1.000,0.000,0.002,0.004,0.000,0.000,0.000,0.000,0,NULL,NULL,,1,0,2,7,255,,250,0,0
stim,3871,3871,0,588572.373,0.994,0.015,0.104,-0.007,47,62,79,39,23,1,61,31,0,0.000,0,0,0.049,0.000,-0.040,0.020,0.020,-0.004,-0.041,1.000,0.000,0.000,0.004,0.000,0.000,0.000,0.000,0,NULL,NULL,,1,0,2,7,255,,250,0,0
stim,3871,3871,0,588577.374,0.994,0.015,0.104,-0.007,77,87,43,56,3,0,28,20,0,0.000,0,0,0.060,0.000,-0.040,0.020,-0.040,-0.003,-0.041,1.001,0.000,0.000,0.004,0.000,0.000,0.000,0.000,0,NULL,NULL,,1,0,2,7,255,,250,0,0
stim,3871,3871,0,588582.373,0.994,0.015,0.104,-0.007,69,61,57,67,19,0,37,40,0,0.000,0,0,0.049,0.006,-0.040,0.020,0.020,-0.004,-0.040,0.999,-0.006,0.002,-0.006,0.000,0.000,0.000,0.000,0,NULL,NULL,,1,0,2,7,255,,250,0,0
stim,3903,3903,0,588587.373,0.994,0.015,0.104,-0.007,47,57,78,39,25,0,65,36,0,0.000,0,0,0.104,0.008,-0.100,0.020,0.020,-0.003,-0.041,1.000,0.008,0.002,-0.006,0.000,0.000,0.000,0.000,0,NULL,NULL,,1,0,2,7,255,,250,0,0
stim,3903,3903,0,588592.373,0.994,0.015,0.104,-0.007,77,83,57,63,22,0,39,25,0,0.000,0,0,0.060,0.008,-0.040,0.020,-0.040,-0.003,-0.041,0.999,0.008,0.000,-0.016,0.000,0.000,0.000,0.000,0,NULL,NULL,,1,0,2,7,255,,250,0,0
stim,3903,3903,0,588597.373,0.994,0.015,0.104,-0.007,62,87,46,55,39,6,30,12,0,0.000,0,0,0.115,0.008,-0.100,-0.040,-0.040,-0.004,-0.042,1.000,0.008,0.000,-0.006,0.000,0.000,0.000,0.000,0,NULL,NULL,,1,0,2,7,255,,250,0,0
stim,3903,3903,0,588602.373,0.994,0.015,0.104,-0.007,78,69,51,67,15,0,29,43,0,0.000,0,0,0.069,0.004,-0.040,-0.040,-0.040,-0.003,-0.041,0.999,0.004,0.000,-0.010,0.000,0.000,0.000,0.000,0,NULL,NULL,,1,0,2,7,255,,250,0,0
stim,3903,3903,0,588607.373,0.994,0.015,0.104,-0.007,44,53,73,48,11,0,36,31,0,0.000,0,0,0.060,0.004,-0.040,-0.040,0.020,-0.003,-0.041,1.000,0.004,0.002,0.004,0.000,0.000,0.000,0.000,0,NULL,NULL,,1,0,2,7,255,,250,0,0
stim,3903,3903,0,588612.373,0.994,0.015,0.104,-0.007,46,62,79,39,37,0,61,31,0,0.000,0,0,0.110,0.004,-0.100,-0.040,0.020,-0.004,-0.041,1.001,0.004,0.002,0.004,0.000,0.000,0.000,0.000,0,NULL,NULL,,1,0,2,7,255,,250,0,0
stim,3919,3919,0,588617.374,0.994,0.015,0.104,-0.007,75,86,48,61,31,0,31,22,0,0.000,0,0,0.060,0.002,-0.040,0.020,-0.040,-0.004,-0.042,1.000,0.000,0.002,0.004,0.000,0.000,0.000,0.000,0,NULL,NULL,,1,0,2,7,255,,250,0,0
stim,3919,3919,0,588622.373,0.994,0.015,0.104,-0.007,53,87,75,37,41,4,61,13,0,0.000,0,0,0.049,0.002,-0.040,0.020,0.020,-0.003,-0.041,1.000,0.000,0.002,0.004,0.000,0.000,0.000,0.000,0,NULL,NULL,,1,0,2,7,255,,250,0,0
stim,3939,3939,0,588627.373,0.994,0.015,0.104,-0.007,71,82,44,49,28,0,28,5,0,0.000,0,0,0.110,0.007,-0.100,0.020,-0.040,-0.003,-0.040,0.999,0.004,0.006,-0.002,0.000,0.000,0.000,0.000,0,NULL,NULL,,1,0,2,7,255,,250,0,0
stim,3939,3939,0,588632.373,0.994,0.015,0.104,-0.007,48,82,74,37,39,0,61,17,0,0.000,0,0,0.069,0.007,-0.040,-0.040,-0.040,-0.004,-0.042,0.999,0.004,0.006,-0.010,0.000,0.000,0.000,0.000,0,NULL,NULL,,1,0,2,7,255,,250,0,0
stim,3939,3939,0,588637.373,0.994,0.015,0.104,-0.007,58,89,51,11,30,0,47,10,0,0.000,0,0,0.110,0.004,-0.100,-0.040,0.020,-0.004,-0.042,1.001,0.000,-0.004,-0.010,0.000,0.000,0.000,0.000,0,NULL,NULL,,1,0,2,7,255,,250,0,0
stim,3939,3939,0,588642.373,0.994,0.015,0.104,-0.007,71,59,55,63,13,0,34,43,0,0.000,0,0,0.104,0.004,-0.100,0.020,0.020,-0.003,-0.041,0.999,0.000,-0.004,-0.010,0.000,0.000,0.000,0.000,0,NULL,NULL,,1,0,2,7,255,,250,0,0
stim,3952,3952,0,588647.373,0.994,0.015,0.104,-0.007,62,85,45,31,25,0,42,7,0,0.000,0,0,0.104,0.009,-0.100,0.020,0.020,-0.003,-0.042,1.000,0.004,-0.008,0.000,0.000,0.000,0.000,0.000,0,NULL,NULL,,1,0,2,7,255,,250,0,0
stim,3952,3952,0,588652.373,0.994,0.015,0.104,-0.007,43,59,73,29,36,0,59,28,0,0.000,0,0,0.098,0.004,-0.040,0.080,-0.040,-0.003,-0.041,1.000,0.004,0.000,0.000,0.000,0.000,0.000,0.000,0,NULL,NULL,,1,0,2,7,255,,250,0,0
stim,3987,3987,0,588657.373,0.994,0.015,0.104,-0.007,73,89,55,41,40,5,56,16,0,0.000,0,0,0.110,0.006,-0.100,-0.040,0.020,-0.004,-0.042,1.000,0.004,-0.004,0.000,0.000,0.000,0.000,0.000,0,NULL,NULL,,1,0,2,7,255,,250,0,0
stim,3987,3987,0,588662.373,0.994,0.015,0.104,-0.007,75,87,43,61,28,0,35,7,0,0.000,0,0,0.104,0.004,-0.100,0.020,0.020,-0.004,-0.042,1.000,-0.002,-0.004,-0.006,0.000,0.000,0.000,0.000,0,NULL,NULL,,1,0,2,7,255,,250,0,0
stim,3987,3987,0,588667.374,0.994,0.015,0.104,-0.007,69,61,55,61,20,0,37,41,0,0.000,0,0,0.104,0.004,-0.100,0.020,0.020,-0.004,-0.041,1.000,-0.002,-0.004,-0.006,0.000,0.000,0.000,0.000,0,NULL,NULL,,1,0,2,7,255,,250,0,0
stim,3987,3987,0,588672.373,0.994,0.015,0.104,-0.007,77,85,53,63,41,0,39,23,0,0.000,0,0,0.060,0.004,-0.040,-0.040,0.020,-0.003,-0.042,1.001,-0.002,-0.004,0.004,0.000,0.000,0.000,0.000,0,NULL,NULL,,1,0,2,7,255,,250,0,0
stim,3987,3987,0,588677.373,0.994,0.015,0.104,-0.007,73,75,43,59,33,0,27,16,0,0.000,0,0,0.115,0.004,-0.100,-0.040,-0.040,-0.003,-0.041,1.000,0.004,0.000,0.004,0.000,0.000,0.000,0.000,0,NULL,NULL,,1,0,2,7,255,,250,0,0
stim,3987,3987,0,588682.373,0.994,0.015,0.104,-0.007,51,52,82,59,26,0,61,41,0,0.000,0,0,0.060,0.004,-0.040,0.020,-0.040,-0.003,-0.041,1.000,0.004,0.000,0.000,0.000,0.000,0.000,0.000,0,NULL,NULL,,1,0,2,7,255,,250,0,0
stim,3999,3999,0,588687.373,0.994,0.015,0.104,-0.007,48,88,73,31,31,1,55,16,0,0.000,0,0,0.060,0.007,-0.040,0.020,-0.040,-0.002,-0.041,0.999,0.004,0.006,-0.006,0.000,0.000,0.000,0.000,0,NULL,NULL,,1,0,2,7,255,,250,0,0
stim,3999,3999,0,588692.373,0.994,0.015,0.104,-0.007,91,81,50,41,33,1,35,13,0,0.000,0,0,0.166,0.007,-0.160,0.020,-0.040,-0.004,-0.041,1.000,0.004,0.006,-0.006,0.000,0.000,0.000,0.000,0,NULL,NULL,,1,0,2,7,255,,250,0,0
stim,3999,3999,0,588697.373,0.994,0.015,0.104,-0.007,77,86,87,54,18,0,36,27,0,0.000,0,0,0.104,0.002,-0.100,0.020,0.020,-0.004,-0.042,0.998,-0.002,0.000,-0.010,0.000,0.000,0.000,0.000,0,NULL,NULL,,1,0,2,7,255,,250,0,0
stim,3999,3999,0,588702.373,0.994,0.015,0.104,-0.007,51,61,82,59,22,0,44,41,0,0.000,0,0,0.049,0.002,-0.040,0.020,0.020,-0.004,-0.040,1.000,-0.002,0.000,-0.002,0.000,0.000,0.000,0.000,0,NULL,NULL,,1,0,2,7,255,,250,0,0
stim,4015,4015,0,588707.373,0.994,0.015,0.104,-0.007,64,69,41,55,48,0,20,9,0,0.000,0,0,0.049,0.004,-0.040,0.020,0.020,-0.004,-0.042,1.000,-0.002,-0.004,-0.002,0.000,0.000,0.000,0.000,0,NULL,NULL,,1,0,2,7,255,,250,0,0
stim,4015,4015,0,588712.373,0.994,0.015,0.104,-0.007,71,59,56,62,22,0,39,41,0,0.000,0,0,0.092,0.002,-0.040,0.080,0.020,-0.003,-0.041,1.000,-0.002,0.000,0.000,0.000,0.000,0.000,0.000,0,NULL,NULL,,1,0,2,7,255,,250,0,0
stim,4015,4015,0,588717.374,0.994,0.015,0.104,-0.007,47,77,72,28,28,0,61,9,0,0.000,0,0,0.110,0.002,-0.100,0.020,-0.040,-0.004,-0.041,1.001,-0.002,0.000,0.004,0.000,0.000,0.000,0.000,0,NULL,NULL,,1,0,2,7,255,,250,0,0
stim,4015,4015,0,588722.373,0.994,0.015,0.104,-0.007,72,86,51,39,40,0,53,13,0,0.000,0,0,0.110,0.004,-0.100,0.020,-0.040,-0.002,-0.041,1.001,0.004,0.000,0.008,0.000,0.000,0.000,0.000,0,NULL,NULL,,1,0,2,7,255,,250,0,0
stim,4031,4031,0,588727.373,0.994,0.015,0.104,-0.007,63,58,60,55,13,0,30,33,0,0.000,0,0,0.110,0.004,-0.100,0.020,-0.040,-0.003,-0.041,1.000,0.004,0.000,0.008,0.000,0.000,0.000,0.000,0,NULL,NULL,,1,0,2,7,255,,250,0,0
stim,4031,4031,0,588732.373,0.994,0.015,0.104,-0.007,75,88,40,43,29,0,49,10,0,0.000,0,0,0.069,0.008,-0.040,-0.040,-0.040,-0.003,-0.041,1.000,0.008,0.000,0.000,0.000,0.000,0.000,0.000,0,NULL,NULL,,1,0,2,7,255,,250,0,0
stim,4047,4047,0,588737.373,0.994,0.015,0.104,-0.007,60,53,85,45,19,0,71,44,0,0.000,0,0,0.104,0.008,-0.100,0.020,0.020,-0.003,-0.041,1.001,0.008,0.000,0.000,0.000,0.000,0.000,0.000,0,NULL,NULL,,1,0,2,7,255,,250,0,0
stim,4047,4047,0,588742.373,0.994,0.015,0.104,-0.007,77,84,59,68,7,0,40,25,0,0.000,0,0,0.104,0.008,-0.100,0.020,0.020,-0.004,-0.040,1.000,0.008,0.002,0.004,0.000,0.000,0.000,0.000,0,NULL,NULL,,1,0,2,7,255,,250,0,0
stim,4047,4047,0,588747.373,0.994,0.015,0.104,-0.007,75,85,53,63,41,0,40,24,0,0.000,0,0,0.110,0.010,-0.100,0.020,-0.040,-0.004,-0.040,1.000,-0.002,0.010,0.004,0.000,0.000,0.000,0.000,0,NULL,NULL,,1,0,2,7,255,,250,0,0
stim,4047,4047,0,588752.373,0.994,0.015,0.104,-0.007,78,73,53,41,43,7,40,13,0,0.000,0,0,0.110,0.010,-0.100,-0.040,0.020,-0.004,-0.040,1.000,-0.002,0.010,0.004,0.000,0.000,0.000,0.000,0,NULL,NULL,,1,0,2,7,255,,250,0,0
stim,4079,4079,0,588757.373,0.994,0.015,0.104,-0.007,72,83,47,57,16,0,30,37,0,0.000,0,0,0.110,0.012,-0.100,-0.040,0.020,-0.004,-0.041,1.000,-0.006,0.010,0.000,0.000,0.000,0.000,0.000,0,NULL,NULL,,1,0,2,7,255,,250,0,0
stim,4079,4079,0,588762.373,0.994,0.015,0.104,-0.007,55,89,72,35,39,1,61,16,0,0.000,0,0,0.049,0.012,-0.040,0.020,0.020,-0.004,-0.040,1.001,-0.006,0.010,0.004,0.000,0.000,0.000,0.000,0,NULL,NULL,,1,0,2,7,255,,250,0,0
stim,4079,4079,0,588767.374,0.994,0.015,0.104,-0.007,64,82,41,59,31,0,29,22,0,0.000,0,0,0.049,0.002,-0.040,0.020,0.020,-0.003,-0.041,1.000,-0.002,0.000,0.004,0.000,0.000,0.000,0.000,0,NULL,NULL,,1,0,2,7,255,,250,0,0
stim,4079,4079,0,588772.373,0.994,0.015,0.104,-0.007,74,87,52,57,39,3,37,17,0,0.000,0,0,0.115,0.010,-0.100,-0.040,-0.040,-0.004,-0.040,1.000,-0.002,0.010,0.004,0.000,0.000,0.000,0.000,0,NULL,NULL,,1,0,2,7,255,,250,0,0
stim,4079,4079,0,588777.376,0.994,0.015,0.104,-0.007,45,56,73,37,7,0,56,33,0,0.000,0,0,0.104,0.002,-0.100,0.020,0.020,-0.004,-0.041,1.000,-0.002,0.000,-0.002,0.000,0.000,0.000,0.000,0,NULL,NULL,,1,0,2,7,255,,250,0,0
stim,4079,4079,0,588782.373,0.994,0.015,0.104,-0.007,43,54,71,30,53,9,56,25,0,0.000,0,0,0.049,0.006,-0.040,0.020,0.020,-0.004,-0.042,0.999,-0.006,0.000,-0.006,0.000,0.000,0.000,0.000,0,NULL,NULL,,1,0,2,7,255,,250,0,0
stim,4095,4095,0,588787.373,0.994,0.015,0.104,-0.007,58,59,50,66,11,0,28,34,0,0.000,0,0,0.049,0.002,-0.040,0.020,0.020,-0.004,-0.041,1.000,-0.002,0.000,-0.006,0.000,0.000,0.000,0.000,0,NULL,NULL,,1,0,2,7,255,,250,0,0
stim,4095,4095,0,588792.373,0.994,0.015,0.104,-0.007,73,79,47,58,29,0,29,15,0,0.000,0,0,0.104,0.006,-0.100,0.020,0.020,-0.004,-0.041,1.000,-0.006,0.000,-0.006,0.000,0.000,0.000,0.000,0,NULL,NULL,,1,0,2,7,255,,250,0,0
stim,4095,4095,0,588797.373,0.994,0.015,0.104,-0.007,51,60,77,42,21,0,59,41,0,0.000,0,0,0.104,0.002,-0.100,0.020,0.020,-0.004,-0.041,1.000,-0.002,0.000,0.000,0.000,0.000,0.000,0.000,0,NULL,NULL,,1,0,2,7,255,,250,0,0
stim,4095,4095,0,588802.373,0.994,0.015,0.104,-0.007,78,71,57,67,12,0,39,41,0,0.000,0,0,0.110,0.006,-0.100,0.020,-0.040,-0.004,-0.041,1.000,-0.006,0.000,0.004,0.000,0.000,0.000,0.000,0,NULL,NULL,,1,0,2,7,255,,250,0,0
stim,4112,4112,0,588807.373,0.994,0.015,0.104,-0.007,44,37,70,36,18,0,57,41,0,0.000,0,0,0.069,0.002,-0.040,-0.040,-0.040,-0.003,-0.041,0.999,-0.002,0.000,0.004,0.000,0.000,0.000,0.000,0,NULL,NULL,,1,0,2,7,255,,250,0,0
stim,4112,4112,0,588812.373,0.994,0.015,0.104,-0.007,68,54,77,39,22,0,59,37,0,0.000,0,0,0.069,0.004,-0.040,-0.040,-0.040,-0.004,-0.041,1.000,-0.002,0.004,-0.006,0.000,0.000,0.000,0.000,0,NULL,NULL,,1,0,2,7,255,,250,0,0
stim,4112,4112,0,588817.373,0.994,0.015,0.104,-0.007,76,85,57,62,20,0,39,41,0,0.000,0,0,0.049,0.004,-0.040,0.020,0.020,-0.004,-0.040,1.001,-0.002,0.004,-0.006,0.000,0.000,0.000,0.000,0,NULL,NULL,,1,0,2,7,255,,250,0,0
stim,4112,4112,0,588822.373,0.994,0.015,0.104,-0.007,75,84,51,58,33,0,35,18,0,0.000,0,0,0.098,0.007,-0.040,0.080,-0.040,-0.005,-0.041,1.000,-0.006,0.004,0.004,0.000,0.000,0.000,0.000,0,NULL,NULL,,1,0,2,7,255,,250,0,0
stim,4128,4128,0,588827.373,0.994,0.015,0.104,-0.007,58,72,48,43,35,1,35,0,0,0.000,0,0,0.104,0.007,-0.100,0.020,0.020,-0.004,-0.041,0.999,-0.006,0.004,0.004,0.000,0.000,0.000,0.000,0,NULL,NULL,,1,0,2,7,255,,250,0,0
stim,4128,4128,0,588832.373,0.994,0.015,0.104,-0.007,64,78,49,55,16,0,30,14,0,0.000,0,0,0.110,0.004,-0.100,0.020,-0.040,-0.003,-0.041,1.000,-0.002,0.004,-0.006,0.000,0.000,0.000,0.000,0,NULL,NULL,,1,0,2,7,255,,250,0,0
stim,4143,4143,0,588837.373,0.994,0.015,0.104,-0.007,66,88,42,51,27,0,29,7,0,0.000,0,0,0.110,0.000,-0.100,0.020,-0.040,-0.004,-0.043,1.000,0.000,0.000,-0.006,0.000,0.000,0.000,0.000,0,NULL,NULL,,1,0,2,7,255,,250,0,0
stim,4143,4143,0,588842.373,0.994,0.015,0.104,-0.007,73,87,55,41,41,9,41,16,0,0.000,0,0,0.104,0.004,-0.100,0.020,0.020,-0.004,-0.042,1.001,0.000,-0.004,0.000,0.000,0.000,0.000,0.000,0,NULL,NULL,,1,0,2,7,255,,250,0,0
stim,4143,4143,0,588847.373,0.994,0.015,0.104,-0.007,42,57,64,53,24,0,31,39,0,0.000,0,0,0.049,0.004,-0.040,0.020,0.020,-0.003,-0.042,1.001,0.000,-0.004,0.010,0.000,0.000,0.000,0.000,0,NULL,NULL,,1,0,2,7,255,,250,0,0
stim,4143,4143,0,588852.373,0.994,0.015,0.104,-0.007,45,67,84,37,13,0,57,30,0,0.000,0,0,0.104,0.004,-0.100,0.020,0.020,-0.004,-0.042,1.000,0.000,-0.004,0.010,0.000,0.000,0.000,0.000,0,NULL,NULL,,1,0,2,7,255,,250,0,0
stim,4176,4176,0,588857.373,0.994,0.015,0.104,-0.007,67,76,51,43,33,0,37,20,0,0.000,0,0,0.104,0.006,-0.100,0.020,0.020,-0.003,-0.040,0.999,0.004,-0.004,0.000,0.000,0.000,0.000,0.000,0,NULL,NULL,,1,0,2,7,255,,250,0,0
stim,4176,4176,0,588862.373,0.994,0.015,0.104,-0.007,44,84,41,31,31,0,30,5,0,0.000,0,0,0.069,0.004,-0.040,-0.040,-0.040,-0.004,-0.042,1.000,0.000,-0.004,0.000,0.000,0.000,0.000,0.000,0,NULL,NULL,,1,0,2,7,255,,250,0,0
stim,4177,4177,0,588867.375,0.994,0.015,0.104,-0.007,50,60,75,59,19,0,40,43,0,0.000,0,0,0.130,0.011,-0.100,0.080,0.020,-0.003,-0.040,1.000,0.004,0.010,-0.002,0.000,0.000,0.000,0.000,0,NULL,NULL,,1,0,2,7,255,,250,0,0
stim,4177,4177,0,588872.373,0.994,0.015,0.104,-0.007,57,59,69,67,25,0,41,35,0,0.000,0,0,0.110,0.010,-0.100,-0.040,0.020,-0.004,-0.040,1.000,-0.002,0.010,0.004,0.000,0.000,0.000,0.000,0,NULL,NULL,,1,0,2,7,255,,250,0,0
stim,4177,4177,0,588877.373,0.994,0.015,0.104,-0.007,43,57,73,53,12,0,37,39,0,0.000,0,0,0.115,0.010,-0.100,-0.040,-0.040,-0.004,-0.041,1.001,-0.002,0.010,0.004,0.000,0.000,0.000,0.000,0,NULL,NULL,,1,0,2,7,255,,250,0,0
stim,4177,4177,0,588882.373,0.994,0.015,0.104,-0.007,61,55,64,55,13,0,38,31,0,0.000,0,0,0.060,0.004,-0.040,0.020,-0.040,-0.004,-0.042,1.000,-0.002,0.004,0.004,0.000,0.000,0.000,0.000,0,NULL,NULL,,1,0,2,7,255,,250,0,0
stim,4207,4207,0,588887.373,0.994,0.015,0.104,-0.007,71,62,55,61,19,4,36,40,0,0.000,0,0,0.104,0.006,-0.100,0.020,0.020,-0.005,-0.042,1.000,-0.002,-0.006,0.000,0.000,0.000,0.000,0.000,0,NULL,NULL,,1,0,2,7,255,,250,0,0
stim,4207,4207,0,588892.373,0.994,0.015,0.104,-0.007,64,80,46,35,27,3,27,9,0,0.000,0,0,0.104,0.006,-0.100,0.020,0.020,-0.003,-0.041,0.999,-0.002,-0.006,-0.006,0.000,0.000,0.000,0.000,0,NULL,NULL,,1,0,2,7,255,,250,0,0
stim,4207,4207,0,588897.373,0.994,0.015,0.104,-0.007,39,67,85,24,25,0,63,21,0,0.000,0,0,0.060,0.004,-0.040,0.020,-0.040,-0.003,-0.040,0.999,0.004,0.000,-0.010,0.000,0.000,0.000,0.000,0,NULL,NULL,,1,0,2,7,255,,250,0,0
stim,4207,4207,0,588902.373,0.994,0.015,0.104,-0.007,51,61,63,61,13,0,37,43,0,0.000,0,0,0.110,0.004,-0.100,-0.040,0.020,-0.004,-0.042,1.000,0.004,0.000,-0.010,0.000,0.000,0.000,0.000,0,NULL,NULL,,1,0,2,7,255,,250,0,0
stim,4207,4207,0,588907.373,0.994,0.015,0.104,-0.007,42,57,71,54,16,0,53,37,0,0.000,0,0,0.104,0.004,-0.100,0.020,0.020,-0.004,-0.042,1.000,0.000,-0.004,0.000,0.000,0.000,0.000,0.000,0,NULL,NULL,,1,0,2,7,255,,250,0,0
stim,4207,4207,0,588912.373,0.994,0.015,0.104,-0.007,47,101,77,41,43,5,62,17,0,0.000,0,0,0.104,0.004,-0.100,0.020,0.020,-0.004,-0.041,1.000,0.000,-0.004,0.000,0.000,0.000,0.000,0.000,0,NULL,NULL,,1,0,2,7,255,,250,0,0
stim,4223,4223,0,588917.373,0.994,0.015,0.104,-0.007,53,85,55,37,37,1,59,13,0,0.000,0,0,0.104,0.004,-0.100,0.020,0.020,-0.003,-0.042,1.000,0.000,-0.004,0.000,0.000,0.000,0.000,0.000,0,NULL,NULL,,1,0,2,7,255,,250,0,0
stim,4223,4223,0,588922.373,0.994,0.015,0.104,-0.007,73,86,57,37,41,0,58,17,0,0.000,0,0,0.166,0.000,-0.160,0.020,-0.040,-0.004,-0.041,1.001,0.000,0.000,0.000,0.000,0.000,0.000,0.000,0,NULL,NULL,,1,0,2,7,255,,250,0,0
stim,4239,4239,0,588927.373,0.994,0.015,0.104,-0.007,49,61,75,31,22,0,60,26,0,0.000,0,0,0.110,0.004,-0.100,-0.040,0.020,-0.003,-0.041,1.000,0.004,0.000,0.000,0.000,0.000,0.000,0.000,0,NULL,NULL,,1,0,2,7,255,,250,0,0
stim,4239,4239,0,588932.373,0.994,0.015,0.104,-0.007,72,108,52,40,39,3,54,13,0,0.000,0,0,0.115,0.004,-0.100,-0.040,-0.040,-0.003,-0.042,1.000,0.004,0.000,0.000,0.000,0.000,0.000,0.000,0,NULL,NULL,,1,0,2,7,255,,250,0,0
stim,4239,4239,0,588937.373,0.994,0.015,0.104,-0.007,53,63,83,55,17,0,39,33,0,0.000,0,0,0.115,0.006,-0.100,-0.040,-0.040,-0.002,-0.042,1.001,0.004,-0.004,0.000,0.000,0.000,0.000,0.000,0,NULL,NULL,,1,0,2,7,255,,250,0,0
stim,4239,4239,0,588942.373,0.994,0.015,0.104,-0.007,74,87,53,57,39,7,39,13,0,0.000,0,0,0.060,0.006,-0.040,0.020,-0.040,-0.004,-0.042,1.000,0.004,-0.004,0.000,0.000,0.000,0.000,0.000,0,NULL,NULL,,1,0,2,7,255,,250,0,0
stim,4255,4255,0,588947.373,0.994,0.015,0.104,-0.007,46,53,72,55,11,0,39,37,0,0.000,0,0,0.049,0.004,-0.040,0.020,0.020,-0.004,-0.041,1.000,-0.002,-0.004,0.000,0.000,0.000,0.000,0.000,0,NULL,NULL,,1,0,2,7,255,,250,0,0
stim,4255,4255,0,588952.373,0.994,0.015,0.104,-0.007,45,61,82,39,21,0,61,31,0,0.000,0,0,0.104,0.002,-0.100,0.020,0.020,-0.004,-0.041,1.000,-0.002,0.000,0.000,0.000,0.000,0.000,0.000,0,NULL,NULL,,1,0,2,7,255,,250,0,0
stim,4287,4287,0,588957.373,0.994,0.015,0.104,-0.007,52,87,56,30,30,0,59,8,0,0.000,0,0,0.060,0.006,-0.040,-0.040,0.020,-0.004,-0.041,1.000,-0.006,0.000,0.000,0.000,0.000,0.000,0.000,0,NULL,NULL,,1,0,2,7,255,,250,0,0
stim,4287,4287,0,588962.373,0.994,0.015,0.104,-0.007,48,73,79,59,18,0,60,40,0,0.000,0,0,0.049,0.006,0.020,0.020,-0.040,-0.003,-0.041,1.000,-0.006,0.000,0.004,0.000,0.000,0.000,0.000,0,NULL,NULL,,1,0,2,7,255,,250,0,0
stim,4287,4287,0,588967.375,0.994,0.015,0.104,-0.007,56,59,64,53,13,0,39,33,0,0.000,0,0,0.049,0.006,-0.040,0.020,0.020,-0.004,-0.041,1.001,-0.006,0.000,0.004,0.000,0.000,0.000,0.000,0,NULL,NULL,,1,0,2,7,255,,250,0,0
stim,4287,4287,0,588972.373,0.994,0.015,0.104,-0.007,47,63,81,41,22,0,59,37,0,0.000,0,0,0.110,0.000,-0.100,0.020,-0.040,-0.004,-0.042,1.001,0.000,0.000,0.008,0.000,0.000,0.000,0.000,0,NULL,NULL,,1,0,2,7,255,,250,0,0
stim,4287,4287,0,588977.375,0.994,0.015,0.104,-0.007,53,63,75,67,23,0,37,41,0,0.000,0,0,0.162,0.002,-0.160,0.020,0.020,-0.004,-0.041,1.000,-0.002,0.000,0.008,0.000,0.000,0.000,0.000,0,NULL,NULL,,1,0,2,7,255,,250,0,0
stim,4287,4287,0,588982.373,0.994,0.015,0.104,-0.007,73,63,57,67,25,0,40,41,0,0.000,0,0,0.104,0.004,-0.100,0.020,0.020,-0.004,-0.042,1.000,-0.002,-0.004,0.004,0.000,0.000,0.000,0.000,0,NULL,NULL,,1,0,2,7,255,,250,0,0
stim,4303,4303,0,588987.373,0.994,0.015,0.104,-0.007,61,84,40,51,39,6,44,5,0,0.000,0,0,0.049,0.002,-0.040,0.020,0.020,-0.003,-0.041,1.000,-0.002,0.000,0.004,0.000,0.000,0.000,0.000,0,NULL,NULL,,1,0,2,7,255,,250,0,0
stim,4303,4303,0,588992.373,0.994,0.015,0.104,-0.007,45,82,73,37,39,0,61,16,0,0.000,0,0,0.110,0.004,-0.100,0.020,-0.040,-0.004,-0.040,1.001,-0.002,0.004,0.004,0.000,0.000,0.000,0.000,0,NULL,NULL,,1,0,2,7,255,,250,0,0
stim,4303,4303,0,588997.373,0.994,0.015,0.104,-0.007,71,83,60,53,19,0,55,29,0,0.000,0,0,0.115,0.011,-0.100,-0.040,-0.040,-0.003,-0.040,1.000,0.004,0.010,0.004,0.000,0.000,0.000,0.000,0,NULL,NULL,,1,0,2,7,255,,250,0,0
stim,4303,4303,0,589002.373,0.994,0.015,0.104,-0.007,45,53,63,50,11,0,36,35,0,0.000,0,0,0.166,0.011,-0.160,0.020,-0.040,-0.003,-0.041,1.001,0.004,0.010,0.008,0.000,0.000,0.000,0.000,0,NULL,NULL,,1,0,2,7,255,,250,0,0
stim,4320,4320,0,589007.373,0.994,0.015,0.104,-0.007,58,53,45,53,12,0,27,31,0,0.000,0,0,0.104,0.004,-0.100,0.020,0.020,-0.004,-0.042,1.001,0.004,0.000,0.008,0.000,0.000,0.000,0.000,0,NULL,NULL,,1,0,2,7,255,,250,0,0
stim,4320,4320,0,589012.373,0.994,0.015,0.104,-0.007,73,85,53,37,42,3,39,13,0,0.000,0,0,0.069,0.010,-0.040,-0.040,-0.040,-0.004,-0.042,1.000,0.000,-0.010,0.008,0.000,0.000,0.000,0.000,0,NULL,NULL,,1,0,2,7,255,,250,0,0
stim,4320,4320,0,589017.374,0.994,0.015,0.104,-0.007,45,83,64,30,31,0,55,8,0,0.000,0,0,0.060,0.010,-0.040,0.020,-0.040,-0.004,-0.041,1.000,0.000,-0.010,0.004,0.000,0.000,0.000,0.000,0,NULL,NULL,,1,0,2,7,255,,250,0,0
stim,4320,4320,0,589022.373,0.994,0.015,0.104,-0.007,73,62,57,63,23,0,38,41,0,0.000,0,0,0.049,0.008,-0.040,0.020,0.020,-0.004,-0.042,1.001,0.000,-0.008,0.004,0.000,0.000,0.000,0.000,0,NULL,NULL,,1,0,2,7,255,,250,0,0
stim,4335,4335,0,589027.373,0.994,0.015,0.104,-0.007,58,61,51,54,8,0,29,31,0,0.000,0,0,0.104,0.008,-0.100,0.020,0.020,-0.003,-0.042,1.000,0.000,-0.008,0.004,0.000,0.000,0.000,0.000,0,NULL,NULL,,1,0,2,7,255,,250,0,0
stim,4335,4335,0,589032.373,0.994,0.015,0.104,-0.007,45,56,75,57,13,0,43,31,0,0.000,0,0,0.110,0.011,-0.100,-0.040,0.020,-0.002,-0.042,1.000,0.008,-0.008,0.004,0.000,0.000,0.000,0.000,0,NULL,NULL,,1,0,2,7,255,,250,0,0
stim,4351,4351,0,589037.373,0.994,0.015,0.104,-0.007,61,45,75,55,19,0,37,26,0,0.000,0,0,0.110,0.011,-0.100,0.020,-0.040,-0.003,-0.041,1.000,0.008,-0.008,-0.002,0.000,0.000,0.000,0.000,0,NULL,NULL,,1,0,2,7,255,,250,0,0
stim,4351,4351,0,589042.373,0.994,0.015,0.104,-0.007,52,61,75,67,19,0,43,41,0,0.000,0,0,0.110,0.008,-0.100,0.020,-0.040,-0.004,-0.041,1.000,0.008,0.000,0.004,0.000,0.000,0.000,0.000,0,NULL,NULL,,1,0,2,7,255,,250,0,0
stim,4351,4351,0,589047.373,0.994,0.015,0.104,-0.007,62,87,53,51,35,0,35,1,0,0.000,0,0,0.104,0.004,-0.100,0.020,0.020,-0.003,-0.041,1.000,0.004,0.000,0.004,0.000,0.000,0.000,0.000,0,NULL,NULL,,1,0,2,7,255,,250,0,0
stim,4351,4351,0,589052.373,0.994,0.015,0.104,-0.007,71,60,43,57,5,0,30,36,0,0.000,0,0,0.166,0.002,-0.160,-0.040,0.020,-0.004,-0.042,1.001,-0.002,0.000,0.004,0.000,0.000,0.000,0.000,0,NULL,NULL,,1,0,2,7,255,,250,0,0
stim,4383,4383,0,589057.373,0.994,0.015,0.104,-0.007,71,63,62,54,16,0,31,40,0,0.000,0,0,0.104,0.007,-0.100,0.020,0.020,-0.004,-0.042,1.000,-0.006,-0.004,0.004,0.000,0.000,0.000,0.000,0,NULL,NULL,,1,0,2,7,255,,250,0,0
stim,4383,4383,0,589062.373,0.994,0.015,0.104,-0.007,68,85,43,28,33,5,58,5,0,0.000,0,0,0.110,0.007,-0.100,0.020,-0.040,-0.004,-0.042,1.000,-0.006,-0.004,0.000,0.000,0.000,0.000,0.000,0,NULL,NULL,,1,0,2,7,255,,250,0,0
stim,4383,4383,0,589067.374,0.994,0.015,0.104,-0.007,69,61,55,62,7,0,37,39,0,0.000,0,0,0.060,0.007,-0.040,0.020,-0.040,-0.004,-0.042,1.000,-0.006,-0.004,-0.002,0.000,0.000,0.000,0.000,0,NULL,NULL,,1,0,2,7,255,,250,0,0
stim,4383,4383,0,589072.373,0.994,0.015,0.104,-0.007,76,67,53,66,25,0,39,40,0,0.000,0,0,0.098,0.007,-0.040,0.080,-0.040,-0.004,-0.041,1.000,-0.006,-0.004,-0.002,0.000,0.000,0.000,0.000,0,NULL,NULL,,1,0,2,7,255,,250,0,0
stim,4383,4383,0,589077.376,0.994,0.015,0.104,-0.007,45,88,45,48,22,0,26,17,0,0.000,0,0,0.110,0.006,-0.100,0.020,-0.040,-0.004,-0.041,1.000,-0.006,0.000,-0.002,0.000,0.000,0.000,0.000,0,NULL,NULL,,1,0,2,7,255,,250,0,0
stim,4383,4383,0,589082.373,0.994,0.015,0.104,-0.007,43,57,72,54,29,0,50,39,0,0.000,0,0,0.110,0.006,-0.100,-0.040,0.020,-0.004,-0.041,1.000,-0.006,0.000,-0.002,0.000,0.000,0.000,0.000,0,NULL,NULL,,1,0,2,7,255,,250,0,0
stim,4400,4400,0,589087.373,0.994,0.015,0.104,-0.007,66,75,43,55,36,5,26,28,0,0.000,0,0,0.110,0.006,-0.100,-0.040,0.020,-0.003,-0.042,0.999,-0.006,0.000,-0.006,0.000,0.000,0.000,0.000,0,NULL,NULL,,1,0,2,7,255,,250,0,0
stim,4400,4400,0,589092.373,0.994,0.015,0.104,-0.007,53,85,50,35,38,0,53,13,0,0.000,0,0,0.104,0.006,-0.100,0.020,0.020,-0.004,-0.040,1.000,-0.002,0.006,-0.006,0.000,0.000,0.000,0.000,0,NULL,NULL,,1,0,2,7,255,,250,0,0
stim,4400,4400,0,589097.373,0.994,0.015,0.104,-0.007,72,86,51,39,36,0,51,12,0,0.000,0,0,0.110,0.006,-0.100,-0.040,0.020,-0.004,-0.041,1.000,-0.002,0.006,-0.002,0.000,0.000,0.000,0.000,0,NULL,NULL,,1,0,2,7,255,,250,0,0
stim,4400,4400,0,589102.373,0.994,0.015,0.104,-0.007,71,61,79,63,22,0,43,43,0,0.000,0,0,0.060,0.006,-0.040,0.020,-0.040,-0.003,-0.041,1.000,-0.002,0.006,0.004,0.000,0.000,0.000,0.000,0,NULL,NULL,,1,0,2,7,255,,250,0,0
stim,4415,4415,0,589107.373,0.994,0.015,0.104,-0.007,73,83,39,56,29,0,29,14,0,0.000,0,0,0.069,0.006,-0.040,-0.040,-0.040,-0.004,-0.041,1.000,0.000,0.006,0.004,0.000,0.000,0.000,0.000,0,NULL,NULL,,1,0,2,7,255,,250,0,0
stim,4415,4415,0,589112.373,0.994,0.015,0.104,-0.007,83,82,47,82,19,0,35,22,0,0.000,0,0,0.110,0.000,-0.100,0.020,-0.040,-0.004,-0.042,1.001,0.000,0.000,0.004,0.000,0.000,0.000,0.000,0,NULL,NULL,,1,0,2,7,255,,250,0,0
stim,4415,4415,0,589117.373,0.994,0.015,0.104,-0.007,45,62,75,37,42,6,61,16,0,0.000,0,0,0.060,0.004,-0.040,-0.040,0.020,-0.003,-0.042,1.000,0.000,-0.004,0.004,0.000,0.000,0.000,0.000,0,NULL,NULL,,1,0,2,7,255,,250,0,0
stim,4415,4415,0,589122.373,0.994,0.015,0.104,-0.007,52,61,82,60,24,0,47,43,0,0.000,0,0,0.049,0.009,-0.040,0.020,0.020,-0.003,-0.042,0.999,0.004,-0.008,0.004,0.000,0.000,0.000,0.000,0,NULL,NULL,,1,0,2,7,255,,250,0,0
stim,4431,4431,0,589127.373,0.994,0.015,0.104,-0.007,73,87,47,59,35,0,35,18,0,0.000,0,0,0.060,0.006,-0.040,-0.040,0.020,-0.003,-0.041,1.000,0.004,-0.004,-0.002,0.000,0.000,0.000,0.000,0,NULL,NULL,,1,0,2,7,255,,250,0,0
stim,4431,4431,0,589132.373,0.994,0.015,0.104,-0.007,53,85,53,37,43,5,56,13,0,0.000,0,0,0.049,0.007,-0.040,0.020,0.020,-0.004,-0.040,1.001,0.004,0.006,-0.002,0.000,0.000,0.000,0.000,0,NULL,NULL,,1,0,2,7,255,,250,0,0
stim,4447,4447,0,589137.373,0.994,0.015,0.104,-0.007,45,63,79,37,39,0,60,17,0,0.000,0,0,0.049,0.006,-0.040,0.020,0.020,-0.004,-0.042,1.000,0.000,0.006,-0.002,0.000,0.000,0.000,0.000,0,NULL,NULL,,1,0,2,7,255,,250,0,0
stim,4447,4447,0,589142.373,0.994,0.015,0.104,-0.007,75,87,53,41,39,7,39,17,0,0.000,0,0,0.143,0.006,-0.100,0.020,-0.100,-0.003,-0.041,1.000,0.000,0.006,-0.002,0.000,0.000,0.000,0.000,0,NULL,NULL,,1,0,2,7,255,,250,0,0
stim,4447,4447,0,589147.373,0.994,0.015,0.104,-0.007,55,68,69,55,11,0,39,33,0,0.000,0,0,0.069,0.007,-0.040,-0.040,-0.040,-0.003,-0.040,1.000,0.004,0.006,-0.002,0.000,0.000,0.000,0.000,0,NULL,NULL,,1,0,2,7,255,,250,0,0
stim,4447,4447,0,589152.373,0.994,0.015,0.104,-0.007,46,63,79,39,39,1,60,31,0,0.000,0,0,0.060,0.011,-0.040,0.020,-0.040,-0.004,-0.039,1.001,0.004,0.010,0.004,0.000,0.000,0.000,0.000,0,NULL,NULL,,1,0,2,7,255,,250,0,0
stim,4479,4479,0,589157.373,0.994,0.015,0.104,-0.007,75,83,51,61,17,0,36,37,0,0.000,0,0,0.110,0.010,-0.100,-0.040,0.020,-0.004,-0.041,1.001,0.000,0.010,0.008,0.000,0.000,0.000,0.000,0,NULL,NULL,,1,0,2,7,255,,250,0,0
stim,4479,4479,0,589162.373,0.994,0.015,0.104,-0.007,76,85,54,61,22,0,37,24,0,0.000,0,0,0.049,0.006,-0.040,0.020,0.020,-0.005,-0.041,1.001,-0.006,0.000,0.008,0.000,0.000,0.000,0.000,0,NULL,NULL,,1,0,2,7,255,,250,0,0
stim,4479,4479,0,589167.375,0.994,0.015,0.104,-0.007,54,86,75,37,39,1,61,13,0,0.000,0,0,0.060,0.000,0.020,-0.040,-0.040,-0.004,-0.040,1.000,0.000,0.000,0.008,0.000,0.000,0.000,0.000,0,NULL,NULL,,1,0,2,7,255,,250,0,0
stim,4479,4479,0,589172.373,0.994,0.015,0.104,-0.007,69,61,57,67,23,0,40,41,0,0.000,0,0,0.104,0.012,-0.100,0.020,0.020,-0.004,-0.040,0.999,-0.006,0.010,-0.002,0.000,0.000,0.000,0.000,0,NULL,NULL,,1,0,2,7,255,,250,0,0
stim,4479,4479,0,589177.375,0.994,0.015,0.104,-0.007,59,59,67,59,11,0,29,39,0,0.000,0,0,0.170,0.012,-0.160,-0.040,-0.040,-0.004,-0.040,1.000,-0.006,0.010,-0.002,0.000,0.000,0.000,0.000,0,NULL,NULL,,1,0,2,7,255,,250,0,0
stim,4479,4479,0,589182.373,0.994,0.015,0.104,-0.007,53,61,83,60,25,0,45,43,0,0.000,0,0,0.104,0.012,-0.100,0.020,0.020,-0.004,-0.041,1.000,-0.006,0.010,-0.002,0.000,0.000,0.000,0.000,0,NULL,NULL,,1,0,2,7,255,,250,0,0
stim,4495,4495,0,589187.373,0.994,0.015,0.104,-0.007,73,87,51,56,35,1,37,17,0,0.000,0,0,0.110,0.000,-0.100,0.020,-0.040,-0.003,-0.042,1.000,0.000,0.000,0.004,0.000,0.000,0.000,0.000,0,NULL,NULL,,1,0,2,7,255,,250,0,0
stim,4495,4495,0,589192.373,0.994,0.015,0.104,-0.007,46,63,75,37,42,5,57,17,0,0.000,0,0,0.130,0.004,-0.100,0.080,0.020,-0.004,-0.042,1.000,0.000,-0.004,0.004,0.000,0.000,0.000,0.000,0,NULL,NULL,,1,0,2,7,255,,250,0,0
stim,4496,4496,0,589197.373,0.994,0.015,0.104,-0.007,73,89,55,43,43,5,56,14,0,0.000,0,0,0.060,0.004,-0.040,0.020,-0.040,-0.004,-0.041,0.999,0.000,-0.004,0.004,0.000,0.000,0.000,0.000,0,NULL,NULL,,1,0,2,7,255,,250,0,0
stim,4496,4496,0,589202.373,0.994,0.015,0.104,-0.007,51,61,79,59,22,0,61,41,0,0.000,0,0,0.170,0.000,-0.160,-0.040,-0.040,-0.004,-0.041,1.000,0.000,0.000,-0.002,0.000,0.000,0.000,0.000,0,NULL,NULL,,1,0,2,7,255,,250,0,0
stim,4513,4513,0,589207.373,0.994,0.015,0.104,-0.007,69,62,73,61,21,0,37,40,0,0.000,0,0,0.069,0.000,-0.040,-0.040,-0.040,-0.004,-0.042,1.000,0.000,0.000,-0.002,0.000,0.000,0.000,0.000,0,NULL,NULL,,1,0,2,7,255,,250,0,0
stim,4513,4513,0,589212.373,0.994,0.015,0.104,-0.007,77,69,55,66,20,0,35,40,0,0.000,0,0,0.060,0.006,-0.040,0.020,-0.040,-0.004,-0.040,1.000,-0.006,0.000,-0.002,0.000,0.000,0.000,0.000,0,NULL,NULL,,1,0,2,7,255,,250,0,0
stim,4527,4527,0,589217.373,0.994,0.015,0.104,-0.007,51,59,77,41,25,0,62,39,0,0.000,0,0,0.110,0.008,-0.100,-0.040,0.020,-0.004,-0.042,0.999,-0.006,-0.006,-0.002,0.000,0.000,0.000,0.000,0,NULL,NULL,,1,0,2,7,255,,250,0,0
stim,4527,4527,0,589222.373,0.994,0.015,0.104,-0.007,73,86,53,41,40,0,56,13,0,0.000,0,0,0.060,0.008,0.020,-0.040,-0.040,-0.004,-0.042,1.000,-0.006,-0.006,-0.002,0.000,0.000,0.000,0.000,0,NULL,NULL,,1,0,2,7,255,,250,0,0
stim,4527,4527,0,589227.373,0.994,0.015,0.104,-0.007,44,59,78,37,23,0,60,31,0,0.000,0,0,0.115,0.012,-0.100,-0.040,-0.040,-0.004,-0.042,1.000,-0.006,-0.010,0.000,0.000,0.000,0.000,0.000,0,NULL,NULL,,1,0,2,7,255,,250,0,0
stim,4527,4527,0,589232.373,0.994,0.015,0.104,-0.007,71,63,77,68,28,0,42,43,0,0.000,0,0,0.104,0.010,-0.100,0.020,0.020,-0.004,-0.041,1.001,0.000,-0.010,0.000,0.000,0.000,0.000,0.000,0,NULL,NULL,,1,0,2,7,255,,250,0,0
stim,4543,4543,0,589237.373,0.994,0.015,0.104,-0.007,69,63,57,64,21,0,39,41,0,0.000,0,0,0.110,0.006,-0.100,0.020,-0.040,-0.005,-0.041,1.001,-0.006,0.000,0.008,0.000,0.000,0.000,0.000,0,NULL,NULL,,1,0,2,7,255,,250,0,0
stim,4543,4543,0,589242.373,0.994,0.015,0.104,-0.007,69,59,55,67,21,0,39,40,0,0.000,0,0,0.060,0.000,-0.040,-0.040,0.020,-0.004,-0.041,1.000,0.000,0.000,0.008,0.000,0.000,0.000,0.000,0,NULL,NULL,,1,0,2,7,255,,250,0,0
stim,4563,4563,0,589247.373,0.994,0.015,0.104,-0.007,69,59,55,61,17,0,37,39,0,0.000,0,0,0.049,0.000,-0.040,0.020,0.020,-0.004,-0.042,1.000,0.000,0.000,-0.002,0.000,0.000,0.000,0.000,0,NULL,NULL,,1,0,2,7,255,,250,0,0
stim,4563,4563,0,589252.373,0.994,0.015,0.104,-0.007,55,87,55,37,38,1,61,14,0,0.000,0,0,0.049,0.004,-0.040,0.020,0.020,-0.003,-0.042,1.001,0.000,-0.004,-0.002,0.000,0.000,0.000,0.000,0,NULL,NULL,,1,0,2,7,255,,250,0,0
stim,4596,4596,0,589257.373,0.994,0.015,0.104,-0.007,46,88,77,29,26,0,55,7,0,0.000,0,0,0.110,0.006,-0.100,0.020,-0.040,-0.003,-0.042,1.001,0.004,-0.004,0.008,0.000,0.000,0.000,0.000,0,NULL,NULL,,1,0,2,7,255,,250,0,0
stim,4596,4596,0,589262.373,0.994,0.015,0.104,-0.007,45,62,81,37,39,1,61,31,0,0.000,0,0,0.110,0.006,-0.100,0.020,-0.040,-0.004,-0.042,1.000,0.004,-0.004,0.008,0.000,0.000,0.000,0.000,0,NULL,NULL,,1,0,2,7,255,,250,0,0
stim,4596,4596,0,589267.376,0.994,0.015,0.104,-0.007,71,63,74,62,21,0,38,42,0,0.000,0,0,0.110,0.004,-0.100,0.020,-0.040,-0.004,-0.042,0.999,0.000,-0.004,-0.002,0.000,0.000,0.000,0.000,0,NULL,NULL,,1,0,2,7,255,,250,0,0
stim,4596,4596,0,589272.373,0.994,0.015,0.104,-0.007,69,81,45,30,29,1,47,4,0,0.000,0,0,0.092,0.004,-0.040,0.020,0.080,-0.003,-0.041,0.999,0.000,-0.004,-0.010,0.000,0.000,0.000,0.000,0,NULL,NULL,,1,0,2,7,255,,250,0,0
stim,4596,4596,0,589277.373,0.994,0.015,0.104,-0.007,51,63,80,59,22,0,61,44,0,0.000,0,0,0.104,0.000,-0.100,0.020,0.020,-0.004,-0.041,1.000,0.000,0.000,-0.010,0.000,0.000,0.000,0.000,0,NULL,NULL,,1,0,2,7,255,,250,0,0
stim,4596,4596,0,589282.373,0.994,0.015,0.104,-0.007,57,89,47,42,31,0,31,16,0,0.000,0,0,0.049,0.000,-0.040,0.020,0.020,-0.004,-0.042,1.000,0.000,0.000,-0.002,0.000,0.000,0.000,0.000,0,NULL,NULL,,1,0,2,7,255,,250,0,0
stim,4596,4596,0,589287.373,0.994,0.015,0.104,-0.007,47,59,75,31,25,0,60,33,0,0.000,0,0,0.110,0.007,-0.100,-0.040,0.020,-0.004,-0.042,1.000,-0.006,-0.004,0.004,0.000,0.000,0.000,0.000,0,NULL,NULL,,1,0,2,7,255,,250,0,0
stim,4596,4596,0,589292.373,0.994,0.015,0.104,-0.007,77,55,59,63,23,0,39,39,0,0.000,0,0,0.115,0.007,-0.100,-0.040,-0.040,-0.004,-0.042,1.000,-0.006,-0.004,0.004,0.000,0.000,0.000,0.000,0,NULL,NULL,,1,0,2,7,255,,250,0,0
stim,4596,4596,0,589297.373,0.994,0.015,0.104,-0.007,47,63,77,39,46,0,69,16,0,0.000,0,0,0.049,0.010,-0.040,0.020,0.020,-0.004,-0.042,1.000,-0.006,-0.008,0.004,0.000,0.000,0.000,0.000,0,NULL,NULL,,1,0,2,7,255,,250,0,0
stim,4596,4596,0,589302.373,0.994,0.015,0.104,-0.007,75,86,55,39,43,6,57,12,0,0.000,0,0,0.049,0.008,-0.040,0.020,0.020,-0.004,-0.042,1.000,0.000,-0.008,-0.002,0.000,0.000,0.000,0.000,0,NULL,NULL,,1,0,2,7,255,,250,0,0
stim,4608,4608,0,589307.373,0.994,0.015,0.104,-0.007,74,81,43,54,12,0,28,20,0,0.000,0,0,0.104,0.004,-0.100,0.020,0.020,-0.003,-0.041,1.000,0.000,-0.004,-0.006,0.000,0.000,0.000,0.000,0,NULL,NULL,,1,0,2,7,255,,250,0,0
stim,4608,4608,0,589312.373,0.994,0.015,0.104,-0.007,73,85,53,57,40,6,40,13,0,0.000,0,0,0.110,0.006,-0.100,-0.040,0.020,-0.004,-0.040,0.998,0.000,0.006,-0.006,0.000,0.000,0.000,0.000,0,NULL,NULL,,1,0,2,7,255,,250,0,0
stim,4623,4623,0,589317.373,0.994,0.015,0.104,-0.007,71,75,53,37,31,0,53,8,0,0.000,0,0,0.060,0.007,-0.040,0.020,-0.040,-0.003,-0.042,1.004,0.004,0.006,-0.006,0.000,0.000,0.000,0.000,0,NULL,NULL,,1,0,2,7,255,,250,0,0
stim,4623,4623,0,589322.373,0.994,0.015,0.104,-0.007,77,69,44,61,20,0,29,41,0,0.000,0,0,0.130,0.000,-0.100,0.080,0.020,-0.004,-0.041,1.000,0.000,0.000,-0.002,0.000,0.000,0.000,0.000,0,NULL,NULL,,1,0,2,7,255,,250,0,0
stim,4623,4623,0,589327.373,0.994,0.015,0.104,-0.007,52,61,71,48,11,0,39,37,0,0.000,0,0,0.110,0.004,-0.100,-0.040,0.020,-0.003,-0.040,0.999,0.004,0.000,-0.002,0.000,0.000,0.000,0.000,0,NULL,NULL,,1,0,2,7,255,,250,0,0
stim,4623,4623,0,589332.373,0.994,0.015,0.104,-0.007,44,52,79,53,23,0,41,27,0,0.000,0,0,0.060,0.007,-0.040,-0.040,0.020,-0.002,-0.041,1.000,0.004,0.006,-0.002,0.000,0.000,0.000,0.000,0,NULL,NULL,,1,0,2,7,255,,250,0,0
stim,4639,4639,0,589337.373,0.994,0.015,0.104,-0.007,63,78,45,57,26,0,27,12,0,0.000,0,0,0.147,0.007,-0.040,0.140,0.020,-0.006,-0.042,1.000,0.004,0.006,-0.002,0.000,0.000,0.000,0.000,0,NULL,NULL,,1,0,2,7,255,,250,0,0
stim,4639,4639,0,589342.373,0.994,0.015,0.104,-0.007,48,59,78,41,25,0,59,37,0,0.000,0,0,0.128,0.006,0.020,-0.120,-0.040,-0.004,-0.041,1.002,0.000,0.006,0.004,0.000,0.000,0.000,0.000,0,NULL,NULL,,1,0,2,7,255,,250,0,0
stim,4655,4655,0,589347.373,0.994,0.015,0.104,-0.007,54,87,58,39,42,6,62,17,0,0.000,0,0,0.166,0.004,-0.160,-0.040,0.020,-0.002,-0.042,1.000,0.000,-0.004,0.004,0.000,0.000,0.000,0.000,0,NULL,NULL,,1,0,2,7,255,,250,0,0
stim,4655,4655,0,589352.373,0.994,0.015,0.104,-0.007,73,61,57,62,22,0,39,41,0,0.000,0,0,0.166,0.004,-0.160,0.020,-0.040,-0.004,-0.042,0.998,0.000,-0.004,-0.002,0.000,0.000,0.000,0.000,0,NULL,NULL,,1,0,2,7,255,,250,0,0
stim,4687,4687,0,589357.373,0.994,0.015,0.104,-0.007,42,56,64,57,11,0,39,41,0,0.000,0,0,0.147,0.004,0.140,0.020,-0.040,-0.004,-0.040,1.000,0.000,-0.004,-0.002,0.000,0.000,0.000,0.000,0,NULL,NULL,,1,0,2,7,255,,250,0,0
stim,4687,4687,0,589362.373,0.994,0.015,0.104,-0.007,47,59,82,61,27,0,67,43,0,0.000,0,0,0.049,0.010,-0.040,0.020,0.020,-0.003,-0.039,1.000,0.000,0.010,-0.006,0.000,0.000,0.000,0.000,0,NULL,NULL,,1,0,2,7,255,,250,0,0
stim,4687,4687,0,589367.375,0.994,0.015,0.104,-0.007,71,86,45,52,27,0,25,17,0,0.000,0,0,0.224,0.010,-0.220,0.020,-0.040,-0.005,-0.042,1.000,0.000,0.010,-0.002,0.000,0.000,0.000,0.000,0,NULL,NULL,,1,0,2,7,255,,250,0,0
stim,4687,4687,0,589372.373,0.994,0.015,0.104,-0.007,75,72,53,41,41,7,55,12,0,0.000,0,0,0.060,0.015,0.020,-0.040,-0.040,-0.004,-0.042,0.999,-0.006,-0.014,-0.006,0.000,0.000,0.000,0.000,0,NULL,NULL,,1,0,2,7,255,,250,0,0
stim,4687,4687,0,589377.375,0.994,0.015,0.104,-0.007,71,69,53,56,9,0,33,37,0,0.000,0,0,0.092,0.015,0.020,0.080,-0.040,-0.004,-0.041,1.000,-0.006,-0.014,-0.006,0.000,0.000,0.000,0.000,0,NULL,NULL,,1,0,2,7,255,,250,0,0
stim,4687,4687,0,589382.373,0.994,0.015,0.104,-0.007,40,72,99,29,45,9,68,8,0,0.000,0,0,0.104,0.006,-0.100,0.020,0.020,-0.005,-0.041,1.000,-0.006,0.000,-0.006,0.000,0.000,0.000,0.000,0,NULL,NULL,,1,0,2,7,255,,250,0,0
stim,4703,4703,0,589387.373,0.994,0.015,0.104,-0.007,48,61,79,60,21,0,43,42,0,0.000,0,0,0.104,0.000,-0.100,0.020,0.020,-0.003,-0.042,1.002,0.000,0.000,0.004,0.000,0.000,0.000,0.000,0,NULL,NULL,,1,0,2,7,255,,250,0,0
stim,4703,4703,0,589392.373,0.994,0.015,0.104,-0.007,73,87,51,39,35,0,35,11,0,0.000,0,0,0.049,0.004,-0.040,0.020,0.020,-0.004,-0.042,1.002,0.000,-0.004,0.018,0.000,0.000,0.000,0.000,0,NULL,NULL,,1,0,2,7,255,,250,0,0
stim,4703,4703,0,589397.374,0.994,0.015,0.104,-0.007,55,85,50,41,17,0,31,12,0,0.000,0,0,0.092,0.004,-0.040,0.080,0.020,-0.004,-0.041,1.000,0.000,-0.004,0.018,0.000,0.000,0.000,0.000,0,NULL,NULL,,1,0,2,7,255,,250,0,0
stim,4703,4703,0,589402.373,0.994,0.015,0.104,-0.007,53,67,79,67,19,0,45,41,0,0.000,0,0,0.110,0.006,-0.100,0.020,-0.040,-0.004,-0.041,1.000,-0.006,0.000,0.004,0.000,0.000,0.000,0.000,0,NULL,NULL,,1,0,2,7,255,,250,0,0
stim,4719,4719,0,589407.374,0.994,0.015,0.104,-0.007,42,50,76,46,18,0,55,39,0,0.000,0,0,0.104,0.006,-0.100,0.020,0.020,-0.003,-0.042,1.000,-0.006,0.000,-0.006,0.000,0.000,0.000,0.000,0,NULL,NULL,,1,0,2,7,255,,250,0,0
stim,4719,4719,0,589412.373,0.994,0.015,0.104,-0.007,53,60,82,60,16,0,61,43,0,0.000,0,0,0.092,0.004,-0.040,0.080,0.020,-0.004,-0.042,1.001,0.000,-0.004,-0.006,0.000,0.000,0.000,0.000,0,NULL,NULL,,1,0,2,7,255,,250,0,0
stim,4719,4719,0,589417.373,0.994,0.015,0.104,-0.007,64,85,45,62,13,3,31,18,0,0.000,0,0,0.060,0.006,0.020,-0.040,-0.040,-0.003,-0.041,1.000,0.004,-0.004,-0.002,0.000,0.000,0.000,0.000,0,NULL,NULL,,1,0,2,7,255,,250,0,0
stim,4719,4719,0,589422.373,0.994,0.015,0.104,-0.007,52,91,80,42,27,0,67,39,0,0.000,0,0,0.166,0.004,-0.160,0.020,-0.040,-0.003,-0.041,0.998,0.004,0.000,-0.002,0.000,0.000,0.000,0.000,0,NULL,NULL,,1,0,2,7,255,,250,0,0
